path,label
/data/DATASETS/ASV_Spoof_2019_LA/ASVspoof2019_LA_eval/flac/LA_E_6568700.flac,0
/data/DATASETS/ASV_Spoof_2019_LA/ASVspoof2019_LA_eval/flac/LA_E_2733063.flac,0
/data/DATASETS/ASV_Spoof_2019_LA/ASVspoof2019_LA_dev/flac/LA_D_1884465.flac,0
/data/DATASETS/ASV_Spoof_2019_LA/ASVspoof2019_LA_train/flac/LA_T_7676958.flac,0
/data/DATASETS/ASV_Spoof_2019_LA/ASVspoof2019_LA_dev/flac/LA_D_9159907.flac,0
/data/DATASETS/ASV_Spoof_2019_LA/ASVspoof2019_LA_eval/flac/LA_E_3098275.flac,0
/data/DATASETS/ASV_Spoof_2019_LA/ASVspoof2019_LA_eval/flac/LA_E_4471017.flac,0
/data/DATASETS/ASV_Spoof_2019_LA/ASVspoof2019_LA_eval/flac/LA_E_6561992.flac,0
/data/DATASETS/ASV_Spoof_2019_LA/ASVspoof2019_LA_dev/flac/LA_D_7374404.flac,0
/data/DATASETS/ASV_Spoof_2019_LA/ASVspoof2019_LA_dev/flac/LA_D_1323454.flac,0
/data/DATASETS/ASV_Spoof_2019_LA/ASVspoof2019_LA_train/flac/LA_T_2774875.flac,0
/data/DATASETS/ASV_Spoof_2019_LA/ASVspoof2019_LA_eval/flac/LA_E_4441161.flac,0
/data/DATASETS/ASV_Spoof_2019_LA/ASVspoof2019_LA_dev/flac/LA_D_4803902.flac,0
/data/DATASETS/ASV_Spoof_2019_LA/ASVspoof2019_LA_train/flac/LA_T_6686104.flac,0
/data/DATASETS/ASV_Spoof_2019_LA/ASVspoof2019_LA_dev/flac/LA_D_4123677.flac,0
/data/DATASETS/ASV_Spoof_2019_LA/ASVspoof2019_LA_eval/flac/LA_E_1291046.flac,0
/data/DATASETS/ASV_Spoof_2019_LA/ASVspoof2019_LA_dev/flac/LA_D_2780780.flac,0
/data/DATASETS/ASV_Spoof_2019_LA/ASVspoof2019_LA_train/flac/LA_T_6175341.flac,0
/data/DATASETS/ASV_Spoof_2019_LA/ASVspoof2019_LA_eval/flac/LA_E_3802678.flac,0
/data/DATASETS/ASV_Spoof_2019_LA/ASVspoof2019_LA_eval/flac/LA_E_8432180.flac,0
/data/DATASETS/ASV_Spoof_2019_LA/ASVspoof2019_LA_eval/flac/LA_E_8934441.flac,0
/data/DATASETS/ASV_Spoof_2019_LA/ASVspoof2019_LA_dev/flac/LA_D_8952306.flac,0
/data/DATASETS/ASV_Spoof_2019_LA/ASVspoof2019_LA_train/flac/LA_T_1511193.flac,0
/data/DATASETS/ASV_Spoof_2019_LA/ASVspoof2019_LA_train/flac/LA_T_8683008.flac,0
/data/DATASETS/ASV_Spoof_2019_LA/ASVspoof2019_LA_eval/flac/LA_E_2784358.flac,0
/data/DATASETS/ASV_Spoof_2019_LA/ASVspoof2019_LA_eval/flac/LA_E_2391796.flac,0
/data/DATASETS/ASV_Spoof_2019_LA/ASVspoof2019_LA_train/flac/LA_T_4050802.flac,0
/data/DATASETS/ASV_Spoof_2019_LA/ASVspoof2019_LA_train/flac/LA_T_4253209.flac,0
/data/DATASETS/ASV_Spoof_2019_LA/ASVspoof2019_LA_eval/flac/LA_E_3839327.flac,0
/data/DATASETS/ASV_Spoof_2019_LA/ASVspoof2019_LA_eval/flac/LA_E_9113341.flac,0
/data/DATASETS/ASV_Spoof_2019_LA/ASVspoof2019_LA_eval/flac/LA_E_6670477.flac,0
/data/DATASETS/ASV_Spoof_2019_LA/ASVspoof2019_LA_eval/flac/LA_E_8935079.flac,0
/data/DATASETS/ASV_Spoof_2019_LA/ASVspoof2019_LA_train/flac/LA_T_4784182.flac,0
/data/DATASETS/ASV_Spoof_2019_LA/ASVspoof2019_LA_dev/flac/LA_D_6936162.flac,0
/data/DATASETS/ASV_Spoof_2019_LA/ASVspoof2019_LA_dev/flac/LA_D_7455119.flac,0
/data/DATASETS/ASV_Spoof_2019_LA/ASVspoof2019_LA_dev/flac/LA_D_3383198.flac,0
/data/DATASETS/ASV_Spoof_2019_LA/ASVspoof2019_LA_train/flac/LA_T_7723335.flac,0
/data/DATASETS/ASV_Spoof_2019_LA/ASVspoof2019_LA_eval/flac/LA_E_2852583.flac,0
/data/DATASETS/ASV_Spoof_2019_LA/ASVspoof2019_LA_train/flac/LA_T_8657027.flac,0
/data/DATASETS/ASV_Spoof_2019_LA/ASVspoof2019_LA_dev/flac/LA_D_9993956.flac,0
/data/DATASETS/ASV_Spoof_2019_LA/ASVspoof2019_LA_train/flac/LA_T_8533509.flac,0
/data/DATASETS/ASV_Spoof_2019_LA/ASVspoof2019_LA_eval/flac/LA_E_9654017.flac,0
/data/DATASETS/ASV_Spoof_2019_LA/ASVspoof2019_LA_train/flac/LA_T_3250855.flac,0
/data/DATASETS/ASV_Spoof_2019_LA/ASVspoof2019_LA_eval/flac/LA_E_1604861.flac,0
/data/DATASETS/ASV_Spoof_2019_LA/ASVspoof2019_LA_train/flac/LA_T_2085766.flac,0
/data/DATASETS/ASV_Spoof_2019_LA/ASVspoof2019_LA_dev/flac/LA_D_3205671.flac,0
/data/DATASETS/ASV_Spoof_2019_LA/ASVspoof2019_LA_eval/flac/LA_E_6822537.flac,0
/data/DATASETS/ASV_Spoof_2019_LA/ASVspoof2019_LA_eval/flac/LA_E_9464037.flac,0
/data/DATASETS/ASV_Spoof_2019_LA/ASVspoof2019_LA_eval/flac/LA_E_1465196.flac,0
/data/DATASETS/ASV_Spoof_2019_LA/ASVspoof2019_LA_eval/flac/LA_E_4142452.flac,0
/data/DATASETS/ASV_Spoof_2019_LA/ASVspoof2019_LA_eval/flac/LA_E_3174231.flac,0
/data/DATASETS/ASV_Spoof_2019_LA/ASVspoof2019_LA_dev/flac/LA_D_3264952.flac,0
/data/DATASETS/ASV_Spoof_2019_LA/ASVspoof2019_LA_eval/flac/LA_E_1948520.flac,0
/data/DATASETS/ASV_Spoof_2019_LA/ASVspoof2019_LA_eval/flac/LA_E_3913416.flac,0
/data/DATASETS/ASV_Spoof_2019_LA/ASVspoof2019_LA_dev/flac/LA_D_8705922.flac,0
/data/DATASETS/ASV_Spoof_2019_LA/ASVspoof2019_LA_eval/flac/LA_E_7663347.flac,0
/data/DATASETS/ASV_Spoof_2019_LA/ASVspoof2019_LA_eval/flac/LA_E_4087471.flac,0
/data/DATASETS/ASV_Spoof_2019_LA/ASVspoof2019_LA_eval/flac/LA_E_3422350.flac,0
/data/DATASETS/ASV_Spoof_2019_LA/ASVspoof2019_LA_train/flac/LA_T_9002298.flac,0
/data/DATASETS/ASV_Spoof_2019_LA/ASVspoof2019_LA_eval/flac/LA_E_9077219.flac,0
/data/DATASETS/ASV_Spoof_2019_LA/ASVspoof2019_LA_eval/flac/LA_E_3506812.flac,0
/data/DATASETS/ASV_Spoof_2019_LA/ASVspoof2019_LA_eval/flac/LA_E_5114329.flac,0
/data/DATASETS/ASV_Spoof_2019_LA/ASVspoof2019_LA_dev/flac/LA_D_8923486.flac,0
/data/DATASETS/ASV_Spoof_2019_LA/ASVspoof2019_LA_train/flac/LA_T_8507928.flac,0
/data/DATASETS/ASV_Spoof_2019_LA/ASVspoof2019_LA_eval/flac/LA_E_8429211.flac,0
/data/DATASETS/ASV_Spoof_2019_LA/ASVspoof2019_LA_dev/flac/LA_D_4968305.flac,0
/data/DATASETS/ASV_Spoof_2019_LA/ASVspoof2019_LA_eval/flac/LA_E_8820010.flac,0
/data/DATASETS/ASV_Spoof_2019_LA/ASVspoof2019_LA_train/flac/LA_T_4925419.flac,0
/data/DATASETS/ASV_Spoof_2019_LA/ASVspoof2019_LA_eval/flac/LA_E_5755456.flac,0
/data/DATASETS/ASV_Spoof_2019_LA/ASVspoof2019_LA_eval/flac/LA_E_1926069.flac,0
/data/DATASETS/ASV_Spoof_2019_LA/ASVspoof2019_LA_eval/flac/LA_E_5168060.flac,0
/data/DATASETS/ASV_Spoof_2019_LA/ASVspoof2019_LA_eval/flac/LA_E_4128190.flac,0
/data/DATASETS/ASV_Spoof_2019_LA/ASVspoof2019_LA_eval/flac/LA_E_6228056.flac,0
/data/DATASETS/ASV_Spoof_2019_LA/ASVspoof2019_LA_train/flac/LA_T_7327413.flac,0
/data/DATASETS/ASV_Spoof_2019_LA/ASVspoof2019_LA_eval/flac/LA_E_3277597.flac,0
/data/DATASETS/ASV_Spoof_2019_LA/ASVspoof2019_LA_eval/flac/LA_E_5884399.flac,0
/data/DATASETS/ASV_Spoof_2019_LA/ASVspoof2019_LA_eval/flac/LA_E_3536136.flac,0
/data/DATASETS/ASV_Spoof_2019_LA/ASVspoof2019_LA_eval/flac/LA_E_9417306.flac,0
/data/DATASETS/ASV_Spoof_2019_LA/ASVspoof2019_LA_eval/flac/LA_E_1717143.flac,0
/data/DATASETS/ASV_Spoof_2019_LA/ASVspoof2019_LA_eval/flac/LA_E_4070854.flac,0
/data/DATASETS/ASV_Spoof_2019_LA/ASVspoof2019_LA_train/flac/LA_T_9192060.flac,0
/data/DATASETS/ASV_Spoof_2019_LA/ASVspoof2019_LA_eval/flac/LA_E_8330665.flac,0
/data/DATASETS/ASV_Spoof_2019_LA/ASVspoof2019_LA_train/flac/LA_T_3570279.flac,0
/data/DATASETS/ASV_Spoof_2019_LA/ASVspoof2019_LA_dev/flac/LA_D_9099813.flac,0
/data/DATASETS/ASV_Spoof_2019_LA/ASVspoof2019_LA_eval/flac/LA_E_5993261.flac,0
/data/DATASETS/ASV_Spoof_2019_LA/ASVspoof2019_LA_eval/flac/LA_E_4440967.flac,0
/data/DATASETS/ASV_Spoof_2019_LA/ASVspoof2019_LA_train/flac/LA_T_1625761.flac,0
/data/DATASETS/ASV_Spoof_2019_LA/ASVspoof2019_LA_eval/flac/LA_E_3938341.flac,0
/data/DATASETS/ASV_Spoof_2019_LA/ASVspoof2019_LA_dev/flac/LA_D_3836344.flac,0
/data/DATASETS/ASV_Spoof_2019_LA/ASVspoof2019_LA_dev/flac/LA_D_1481057.flac,0
/data/DATASETS/ASV_Spoof_2019_LA/ASVspoof2019_LA_eval/flac/LA_E_7262320.flac,0
/data/DATASETS/ASV_Spoof_2019_LA/ASVspoof2019_LA_eval/flac/LA_E_4567719.flac,0
/data/DATASETS/ASV_Spoof_2019_LA/ASVspoof2019_LA_eval/flac/LA_E_8167989.flac,0
/data/DATASETS/ASV_Spoof_2019_LA/ASVspoof2019_LA_eval/flac/LA_E_1198781.flac,0
/data/DATASETS/ASV_Spoof_2019_LA/ASVspoof2019_LA_eval/flac/LA_E_9259290.flac,0
/data/DATASETS/ASV_Spoof_2019_LA/ASVspoof2019_LA_eval/flac/LA_E_8190653.flac,0
/data/DATASETS/ASV_Spoof_2019_LA/ASVspoof2019_LA_eval/flac/LA_E_2450262.flac,0
/data/DATASETS/ASV_Spoof_2019_LA/ASVspoof2019_LA_eval/flac/LA_E_2257248.flac,0
/data/DATASETS/ASV_Spoof_2019_LA/ASVspoof2019_LA_eval/flac/LA_E_7721813.flac,0
/data/DATASETS/ASV_Spoof_2019_LA/ASVspoof2019_LA_dev/flac/LA_D_5666784.flac,0
/data/DATASETS/ASV_Spoof_2019_LA/ASVspoof2019_LA_eval/flac/LA_E_6363445.flac,0
/data/DATASETS/ASV_Spoof_2019_LA/ASVspoof2019_LA_train/flac/LA_T_3342439.flac,0
/data/DATASETS/ASV_Spoof_2019_LA/ASVspoof2019_LA_train/flac/LA_T_1346897.flac,0
/data/DATASETS/ASV_Spoof_2019_LA/ASVspoof2019_LA_eval/flac/LA_E_8114280.flac,0
/data/DATASETS/ASV_Spoof_2019_LA/ASVspoof2019_LA_eval/flac/LA_E_1698471.flac,0
/data/DATASETS/ASV_Spoof_2019_LA/ASVspoof2019_LA_dev/flac/LA_D_7518137.flac,0
/data/DATASETS/ASV_Spoof_2019_LA/ASVspoof2019_LA_eval/flac/LA_E_7605683.flac,0
/data/DATASETS/ASV_Spoof_2019_LA/ASVspoof2019_LA_eval/flac/LA_E_7647011.flac,0
/data/DATASETS/ASV_Spoof_2019_LA/ASVspoof2019_LA_train/flac/LA_T_5353096.flac,0
/data/DATASETS/ASV_Spoof_2019_LA/ASVspoof2019_LA_dev/flac/LA_D_5212614.flac,0
/data/DATASETS/ASV_Spoof_2019_LA/ASVspoof2019_LA_train/flac/LA_T_6965985.flac,0
/data/DATASETS/ASV_Spoof_2019_LA/ASVspoof2019_LA_eval/flac/LA_E_8021439.flac,0
/data/DATASETS/ASV_Spoof_2019_LA/ASVspoof2019_LA_eval/flac/LA_E_3429507.flac,0
/data/DATASETS/ASV_Spoof_2019_LA/ASVspoof2019_LA_eval/flac/LA_E_1144268.flac,0
/data/DATASETS/ASV_Spoof_2019_LA/ASVspoof2019_LA_eval/flac/LA_E_6823090.flac,0
/data/DATASETS/ASV_Spoof_2019_LA/ASVspoof2019_LA_train/flac/LA_T_3579841.flac,0
/data/DATASETS/ASV_Spoof_2019_LA/ASVspoof2019_LA_eval/flac/LA_E_3660514.flac,0
/data/DATASETS/ASV_Spoof_2019_LA/ASVspoof2019_LA_train/flac/LA_T_6246443.flac,0
/data/DATASETS/ASV_Spoof_2019_LA/ASVspoof2019_LA_eval/flac/LA_E_7700685.flac,0
/data/DATASETS/ASV_Spoof_2019_LA/ASVspoof2019_LA_train/flac/LA_T_9504498.flac,0
/data/DATASETS/ASV_Spoof_2019_LA/ASVspoof2019_LA_eval/flac/LA_E_8563747.flac,0
/data/DATASETS/ASV_Spoof_2019_LA/ASVspoof2019_LA_eval/flac/LA_E_7607091.flac,0
/data/DATASETS/ASV_Spoof_2019_LA/ASVspoof2019_LA_dev/flac/LA_D_3224671.flac,0
/data/DATASETS/ASV_Spoof_2019_LA/ASVspoof2019_LA_eval/flac/LA_E_9099011.flac,0
/data/DATASETS/ASV_Spoof_2019_LA/ASVspoof2019_LA_eval/flac/LA_E_7416887.flac,0
/data/DATASETS/ASV_Spoof_2019_LA/ASVspoof2019_LA_eval/flac/LA_E_8202133.flac,0
/data/DATASETS/ASV_Spoof_2019_LA/ASVspoof2019_LA_dev/flac/LA_D_9595794.flac,0
/data/DATASETS/ASV_Spoof_2019_LA/ASVspoof2019_LA_eval/flac/LA_E_1651255.flac,0
/data/DATASETS/ASV_Spoof_2019_LA/ASVspoof2019_LA_eval/flac/LA_E_6956221.flac,0
/data/DATASETS/ASV_Spoof_2019_LA/ASVspoof2019_LA_eval/flac/LA_E_7105013.flac,0
/data/DATASETS/ASV_Spoof_2019_LA/ASVspoof2019_LA_dev/flac/LA_D_8029227.flac,0
/data/DATASETS/ASV_Spoof_2019_LA/ASVspoof2019_LA_eval/flac/LA_E_2366626.flac,0
/data/DATASETS/ASV_Spoof_2019_LA/ASVspoof2019_LA_train/flac/LA_T_6291192.flac,0
/data/DATASETS/ASV_Spoof_2019_LA/ASVspoof2019_LA_eval/flac/LA_E_8275656.flac,0
/data/DATASETS/ASV_Spoof_2019_LA/ASVspoof2019_LA_eval/flac/LA_E_2336929.flac,0
/data/DATASETS/ASV_Spoof_2019_LA/ASVspoof2019_LA_eval/flac/LA_E_3260725.flac,0
/data/DATASETS/ASV_Spoof_2019_LA/ASVspoof2019_LA_train/flac/LA_T_6658542.flac,0
/data/DATASETS/ASV_Spoof_2019_LA/ASVspoof2019_LA_dev/flac/LA_D_2671129.flac,0
/data/DATASETS/ASV_Spoof_2019_LA/ASVspoof2019_LA_eval/flac/LA_E_6922162.flac,0
/data/DATASETS/ASV_Spoof_2019_LA/ASVspoof2019_LA_eval/flac/LA_E_4483232.flac,0
/data/DATASETS/ASV_Spoof_2019_LA/ASVspoof2019_LA_eval/flac/LA_E_7150436.flac,0
/data/DATASETS/ASV_Spoof_2019_LA/ASVspoof2019_LA_eval/flac/LA_E_5431023.flac,0
/data/DATASETS/ASV_Spoof_2019_LA/ASVspoof2019_LA_eval/flac/LA_E_4479083.flac,0
/data/DATASETS/ASV_Spoof_2019_LA/ASVspoof2019_LA_eval/flac/LA_E_2564868.flac,0
/data/DATASETS/ASV_Spoof_2019_LA/ASVspoof2019_LA_dev/flac/LA_D_8878312.flac,0
/data/DATASETS/ASV_Spoof_2019_LA/ASVspoof2019_LA_train/flac/LA_T_2450169.flac,0
/data/DATASETS/ASV_Spoof_2019_LA/ASVspoof2019_LA_dev/flac/LA_D_2324235.flac,0
/data/DATASETS/ASV_Spoof_2019_LA/ASVspoof2019_LA_dev/flac/LA_D_9613437.flac,0
/data/DATASETS/ASV_Spoof_2019_LA/ASVspoof2019_LA_train/flac/LA_T_6434702.flac,0
/data/DATASETS/ASV_Spoof_2019_LA/ASVspoof2019_LA_eval/flac/LA_E_8401416.flac,0
/data/DATASETS/ASV_Spoof_2019_LA/ASVspoof2019_LA_eval/flac/LA_E_3447697.flac,0
/data/DATASETS/ASV_Spoof_2019_LA/ASVspoof2019_LA_eval/flac/LA_E_4983742.flac,0
/data/DATASETS/ASV_Spoof_2019_LA/ASVspoof2019_LA_eval/flac/LA_E_5207555.flac,0
/data/DATASETS/ASV_Spoof_2019_LA/ASVspoof2019_LA_dev/flac/LA_D_4149974.flac,0
/data/DATASETS/ASV_Spoof_2019_LA/ASVspoof2019_LA_train/flac/LA_T_3695441.flac,0
/data/DATASETS/ASV_Spoof_2019_LA/ASVspoof2019_LA_train/flac/LA_T_6554775.flac,0
/data/DATASETS/ASV_Spoof_2019_LA/ASVspoof2019_LA_dev/flac/LA_D_8461949.flac,0
/data/DATASETS/ASV_Spoof_2019_LA/ASVspoof2019_LA_eval/flac/LA_E_9777016.flac,0
/data/DATASETS/ASV_Spoof_2019_LA/ASVspoof2019_LA_eval/flac/LA_E_9379974.flac,0
/data/DATASETS/ASV_Spoof_2019_LA/ASVspoof2019_LA_eval/flac/LA_E_9102181.flac,0
/data/DATASETS/ASV_Spoof_2019_LA/ASVspoof2019_LA_eval/flac/LA_E_7453169.flac,0
/data/DATASETS/ASV_Spoof_2019_LA/ASVspoof2019_LA_eval/flac/LA_E_3696605.flac,0
/data/DATASETS/ASV_Spoof_2019_LA/ASVspoof2019_LA_eval/flac/LA_E_5622582.flac,0
/data/DATASETS/ASV_Spoof_2019_LA/ASVspoof2019_LA_eval/flac/LA_E_6778782.flac,0
/data/DATASETS/ASV_Spoof_2019_LA/ASVspoof2019_LA_eval/flac/LA_E_7395995.flac,0
/data/DATASETS/ASV_Spoof_2019_LA/ASVspoof2019_LA_eval/flac/LA_E_1894511.flac,0
/data/DATASETS/ASV_Spoof_2019_LA/ASVspoof2019_LA_train/flac/LA_T_2454697.flac,0
/data/DATASETS/ASV_Spoof_2019_LA/ASVspoof2019_LA_dev/flac/LA_D_7130987.flac,0
/data/DATASETS/ASV_Spoof_2019_LA/ASVspoof2019_LA_train/flac/LA_T_6669635.flac,0
/data/DATASETS/ASV_Spoof_2019_LA/ASVspoof2019_LA_dev/flac/LA_D_6659622.flac,0
/data/DATASETS/ASV_Spoof_2019_LA/ASVspoof2019_LA_eval/flac/LA_E_2232644.flac,0
/data/DATASETS/ASV_Spoof_2019_LA/ASVspoof2019_LA_eval/flac/LA_E_7830498.flac,0
/data/DATASETS/ASV_Spoof_2019_LA/ASVspoof2019_LA_eval/flac/LA_E_8148218.flac,0
/data/DATASETS/ASV_Spoof_2019_LA/ASVspoof2019_LA_dev/flac/LA_D_1705487.flac,0
/data/DATASETS/ASV_Spoof_2019_LA/ASVspoof2019_LA_train/flac/LA_T_1895676.flac,0
/data/DATASETS/ASV_Spoof_2019_LA/ASVspoof2019_LA_eval/flac/LA_E_4160898.flac,0
/data/DATASETS/ASV_Spoof_2019_LA/ASVspoof2019_LA_train/flac/LA_T_9483901.flac,0
/data/DATASETS/ASV_Spoof_2019_LA/ASVspoof2019_LA_eval/flac/LA_E_3445626.flac,0
/data/DATASETS/ASV_Spoof_2019_LA/ASVspoof2019_LA_eval/flac/LA_E_8293178.flac,0
/data/DATASETS/ASV_Spoof_2019_LA/ASVspoof2019_LA_dev/flac/LA_D_8863380.flac,0
/data/DATASETS/ASV_Spoof_2019_LA/ASVspoof2019_LA_eval/flac/LA_E_1064540.flac,0
/data/DATASETS/ASV_Spoof_2019_LA/ASVspoof2019_LA_dev/flac/LA_D_7617208.flac,0
/data/DATASETS/ASV_Spoof_2019_LA/ASVspoof2019_LA_eval/flac/LA_E_4804030.flac,0
/data/DATASETS/ASV_Spoof_2019_LA/ASVspoof2019_LA_eval/flac/LA_E_4386038.flac,0
/data/DATASETS/ASV_Spoof_2019_LA/ASVspoof2019_LA_train/flac/LA_T_2354787.flac,0
/data/DATASETS/ASV_Spoof_2019_LA/ASVspoof2019_LA_dev/flac/LA_D_1607104.flac,0
/data/DATASETS/ASV_Spoof_2019_LA/ASVspoof2019_LA_train/flac/LA_T_6200206.flac,0
/data/DATASETS/ASV_Spoof_2019_LA/ASVspoof2019_LA_eval/flac/LA_E_2331477.flac,0
/data/DATASETS/ASV_Spoof_2019_LA/ASVspoof2019_LA_eval/flac/LA_E_2732747.flac,0
/data/DATASETS/ASV_Spoof_2019_LA/ASVspoof2019_LA_eval/flac/LA_E_9111744.flac,0
/data/DATASETS/ASV_Spoof_2019_LA/ASVspoof2019_LA_train/flac/LA_T_1561078.flac,0
/data/DATASETS/ASV_Spoof_2019_LA/ASVspoof2019_LA_dev/flac/LA_D_2712599.flac,0
/data/DATASETS/ASV_Spoof_2019_LA/ASVspoof2019_LA_eval/flac/LA_E_3958179.flac,0
/data/DATASETS/ASV_Spoof_2019_LA/ASVspoof2019_LA_eval/flac/LA_E_6845521.flac,0
/data/DATASETS/ASV_Spoof_2019_LA/ASVspoof2019_LA_train/flac/LA_T_2532093.flac,0
/data/DATASETS/ASV_Spoof_2019_LA/ASVspoof2019_LA_eval/flac/LA_E_8294831.flac,0
/data/DATASETS/ASV_Spoof_2019_LA/ASVspoof2019_LA_eval/flac/LA_E_5817898.flac,0
/data/DATASETS/ASV_Spoof_2019_LA/ASVspoof2019_LA_eval/flac/LA_E_9120595.flac,0
/data/DATASETS/ASV_Spoof_2019_LA/ASVspoof2019_LA_train/flac/LA_T_2682425.flac,0
/data/DATASETS/ASV_Spoof_2019_LA/ASVspoof2019_LA_dev/flac/LA_D_6475261.flac,0
/data/DATASETS/ASV_Spoof_2019_LA/ASVspoof2019_LA_eval/flac/LA_E_7834783.flac,0
/data/DATASETS/ASV_Spoof_2019_LA/ASVspoof2019_LA_dev/flac/LA_D_1833136.flac,0
/data/DATASETS/ASV_Spoof_2019_LA/ASVspoof2019_LA_eval/flac/LA_E_1418178.flac,0
/data/DATASETS/ASV_Spoof_2019_LA/ASVspoof2019_LA_dev/flac/LA_D_1232613.flac,0
/data/DATASETS/ASV_Spoof_2019_LA/ASVspoof2019_LA_eval/flac/LA_E_3945203.flac,0
/data/DATASETS/ASV_Spoof_2019_LA/ASVspoof2019_LA_train/flac/LA_T_3380327.flac,0
/data/DATASETS/ASV_Spoof_2019_LA/ASVspoof2019_LA_dev/flac/LA_D_1403371.flac,0
/data/DATASETS/ASV_Spoof_2019_LA/ASVspoof2019_LA_eval/flac/LA_E_8689459.flac,0
/data/DATASETS/ASV_Spoof_2019_LA/ASVspoof2019_LA_eval/flac/LA_E_1073886.flac,0
/data/DATASETS/ASV_Spoof_2019_LA/ASVspoof2019_LA_dev/flac/LA_D_7679169.flac,0
/data/DATASETS/ASV_Spoof_2019_LA/ASVspoof2019_LA_train/flac/LA_T_6594586.flac,0
/data/DATASETS/ASV_Spoof_2019_LA/ASVspoof2019_LA_eval/flac/LA_E_8600117.flac,0
/data/DATASETS/ASV_Spoof_2019_LA/ASVspoof2019_LA_eval/flac/LA_E_8358887.flac,0
/data/DATASETS/ASV_Spoof_2019_LA/ASVspoof2019_LA_train/flac/LA_T_5315235.flac,0
/data/DATASETS/ASV_Spoof_2019_LA/ASVspoof2019_LA_eval/flac/LA_E_1161068.flac,0
/data/DATASETS/ASV_Spoof_2019_LA/ASVspoof2019_LA_train/flac/LA_T_5777134.flac,0
/data/DATASETS/ASV_Spoof_2019_LA/ASVspoof2019_LA_train/flac/LA_T_7753868.flac,0
/data/DATASETS/ASV_Spoof_2019_LA/ASVspoof2019_LA_eval/flac/LA_E_6709826.flac,0
/data/DATASETS/ASV_Spoof_2019_LA/ASVspoof2019_LA_dev/flac/LA_D_4876121.flac,0
/data/DATASETS/ASV_Spoof_2019_LA/ASVspoof2019_LA_eval/flac/LA_E_1762489.flac,0
/data/DATASETS/ASV_Spoof_2019_LA/ASVspoof2019_LA_train/flac/LA_T_5021257.flac,0
/data/DATASETS/ASV_Spoof_2019_LA/ASVspoof2019_LA_eval/flac/LA_E_3070815.flac,0
/data/DATASETS/ASV_Spoof_2019_LA/ASVspoof2019_LA_dev/flac/LA_D_6511989.flac,0
/data/DATASETS/ASV_Spoof_2019_LA/ASVspoof2019_LA_eval/flac/LA_E_4157928.flac,0
/data/DATASETS/ASV_Spoof_2019_LA/ASVspoof2019_LA_eval/flac/LA_E_4751724.flac,0
/data/DATASETS/ASV_Spoof_2019_LA/ASVspoof2019_LA_eval/flac/LA_E_5626265.flac,0
/data/DATASETS/ASV_Spoof_2019_LA/ASVspoof2019_LA_train/flac/LA_T_4651598.flac,0
/data/DATASETS/ASV_Spoof_2019_LA/ASVspoof2019_LA_eval/flac/LA_E_4660937.flac,0
/data/DATASETS/ASV_Spoof_2019_LA/ASVspoof2019_LA_eval/flac/LA_E_9082189.flac,0
/data/DATASETS/ASV_Spoof_2019_LA/ASVspoof2019_LA_eval/flac/LA_E_2144381.flac,0
/data/DATASETS/ASV_Spoof_2019_LA/ASVspoof2019_LA_train/flac/LA_T_4140258.flac,0
/data/DATASETS/ASV_Spoof_2019_LA/ASVspoof2019_LA_eval/flac/LA_E_1331306.flac,0
/data/DATASETS/ASV_Spoof_2019_LA/ASVspoof2019_LA_dev/flac/LA_D_9272509.flac,0
/data/DATASETS/ASV_Spoof_2019_LA/ASVspoof2019_LA_dev/flac/LA_D_6725470.flac,0
/data/DATASETS/ASV_Spoof_2019_LA/ASVspoof2019_LA_train/flac/LA_T_3965355.flac,0
/data/DATASETS/ASV_Spoof_2019_LA/ASVspoof2019_LA_eval/flac/LA_E_7993804.flac,0
/data/DATASETS/ASV_Spoof_2019_LA/ASVspoof2019_LA_dev/flac/LA_D_5292101.flac,0
/data/DATASETS/ASV_Spoof_2019_LA/ASVspoof2019_LA_dev/flac/LA_D_3327924.flac,0
/data/DATASETS/ASV_Spoof_2019_LA/ASVspoof2019_LA_eval/flac/LA_E_6352182.flac,0
/data/DATASETS/ASV_Spoof_2019_LA/ASVspoof2019_LA_dev/flac/LA_D_8978448.flac,0
/data/DATASETS/ASV_Spoof_2019_LA/ASVspoof2019_LA_train/flac/LA_T_6839158.flac,0
/data/DATASETS/ASV_Spoof_2019_LA/ASVspoof2019_LA_train/flac/LA_T_1617431.flac,0
/data/DATASETS/ASV_Spoof_2019_LA/ASVspoof2019_LA_train/flac/LA_T_2759900.flac,0
/data/DATASETS/ASV_Spoof_2019_LA/ASVspoof2019_LA_eval/flac/LA_E_4726602.flac,0
/data/DATASETS/ASV_Spoof_2019_LA/ASVspoof2019_LA_eval/flac/LA_E_2010741.flac,0
/data/DATASETS/ASV_Spoof_2019_LA/ASVspoof2019_LA_dev/flac/LA_D_9883591.flac,0
/data/DATASETS/ASV_Spoof_2019_LA/ASVspoof2019_LA_dev/flac/LA_D_6650126.flac,0
/data/DATASETS/ASV_Spoof_2019_LA/ASVspoof2019_LA_train/flac/LA_T_3533946.flac,0
/data/DATASETS/ASV_Spoof_2019_LA/ASVspoof2019_LA_eval/flac/LA_E_1268248.flac,0
/data/DATASETS/ASV_Spoof_2019_LA/ASVspoof2019_LA_train/flac/LA_T_1670486.flac,0
/data/DATASETS/ASV_Spoof_2019_LA/ASVspoof2019_LA_eval/flac/LA_E_5395163.flac,0
/data/DATASETS/ASV_Spoof_2019_LA/ASVspoof2019_LA_train/flac/LA_T_3888223.flac,0
/data/DATASETS/ASV_Spoof_2019_LA/ASVspoof2019_LA_train/flac/LA_T_7374710.flac,0
/data/DATASETS/ASV_Spoof_2019_LA/ASVspoof2019_LA_train/flac/LA_T_4155454.flac,0
/data/DATASETS/ASV_Spoof_2019_LA/ASVspoof2019_LA_train/flac/LA_T_7483904.flac,0
/data/DATASETS/ASV_Spoof_2019_LA/ASVspoof2019_LA_train/flac/LA_T_9194689.flac,0
/data/DATASETS/ASV_Spoof_2019_LA/ASVspoof2019_LA_eval/flac/LA_E_1255270.flac,0
/data/DATASETS/ASV_Spoof_2019_LA/ASVspoof2019_LA_train/flac/LA_T_9654665.flac,0
/data/DATASETS/ASV_Spoof_2019_LA/ASVspoof2019_LA_eval/flac/LA_E_9873134.flac,0
/data/DATASETS/ASV_Spoof_2019_LA/ASVspoof2019_LA_eval/flac/LA_E_4498530.flac,0
/data/DATASETS/ASV_Spoof_2019_LA/ASVspoof2019_LA_dev/flac/LA_D_9922523.flac,0
/data/DATASETS/ASV_Spoof_2019_LA/ASVspoof2019_LA_train/flac/LA_T_9333003.flac,0
/data/DATASETS/ASV_Spoof_2019_LA/ASVspoof2019_LA_eval/flac/LA_E_3305029.flac,0
/data/DATASETS/ASV_Spoof_2019_LA/ASVspoof2019_LA_eval/flac/LA_E_2696932.flac,0
/data/DATASETS/ASV_Spoof_2019_LA/ASVspoof2019_LA_eval/flac/LA_E_7141490.flac,0
/data/DATASETS/ASV_Spoof_2019_LA/ASVspoof2019_LA_eval/flac/LA_E_9832418.flac,0
/data/DATASETS/ASV_Spoof_2019_LA/ASVspoof2019_LA_eval/flac/LA_E_4854821.flac,0
/data/DATASETS/ASV_Spoof_2019_LA/ASVspoof2019_LA_dev/flac/LA_D_3007617.flac,0
/data/DATASETS/ASV_Spoof_2019_LA/ASVspoof2019_LA_train/flac/LA_T_5638559.flac,0
/data/DATASETS/ASV_Spoof_2019_LA/ASVspoof2019_LA_eval/flac/LA_E_3998141.flac,0
/data/DATASETS/ASV_Spoof_2019_LA/ASVspoof2019_LA_eval/flac/LA_E_3765806.flac,0
/data/DATASETS/ASV_Spoof_2019_LA/ASVspoof2019_LA_eval/flac/LA_E_9572203.flac,0
/data/DATASETS/ASV_Spoof_2019_LA/ASVspoof2019_LA_eval/flac/LA_E_1430421.flac,0
/data/DATASETS/ASV_Spoof_2019_LA/ASVspoof2019_LA_train/flac/LA_T_5649093.flac,0
/data/DATASETS/ASV_Spoof_2019_LA/ASVspoof2019_LA_train/flac/LA_T_2253051.flac,0
/data/DATASETS/ASV_Spoof_2019_LA/ASVspoof2019_LA_train/flac/LA_T_3525725.flac,0
/data/DATASETS/ASV_Spoof_2019_LA/ASVspoof2019_LA_train/flac/LA_T_9273556.flac,0
/data/DATASETS/ASV_Spoof_2019_LA/ASVspoof2019_LA_eval/flac/LA_E_9480739.flac,0
/data/DATASETS/ASV_Spoof_2019_LA/ASVspoof2019_LA_train/flac/LA_T_7711596.flac,0
/data/DATASETS/ASV_Spoof_2019_LA/ASVspoof2019_LA_eval/flac/LA_E_7643815.flac,0
/data/DATASETS/ASV_Spoof_2019_LA/ASVspoof2019_LA_train/flac/LA_T_4456087.flac,0
/data/DATASETS/ASV_Spoof_2019_LA/ASVspoof2019_LA_eval/flac/LA_E_4619418.flac,0
/data/DATASETS/ASV_Spoof_2019_LA/ASVspoof2019_LA_eval/flac/LA_E_3529634.flac,0
/data/DATASETS/ASV_Spoof_2019_LA/ASVspoof2019_LA_train/flac/LA_T_5109896.flac,0
/data/DATASETS/ASV_Spoof_2019_LA/ASVspoof2019_LA_dev/flac/LA_D_6273901.flac,0
/data/DATASETS/ASV_Spoof_2019_LA/ASVspoof2019_LA_dev/flac/LA_D_7905682.flac,0
/data/DATASETS/ASV_Spoof_2019_LA/ASVspoof2019_LA_eval/flac/LA_E_4873929.flac,0
/data/DATASETS/ASV_Spoof_2019_LA/ASVspoof2019_LA_eval/flac/LA_E_8131218.flac,0
/data/DATASETS/ASV_Spoof_2019_LA/ASVspoof2019_LA_eval/flac/LA_E_9378830.flac,0
/data/DATASETS/ASV_Spoof_2019_LA/ASVspoof2019_LA_eval/flac/LA_E_7945842.flac,0
/data/DATASETS/ASV_Spoof_2019_LA/ASVspoof2019_LA_eval/flac/LA_E_5032407.flac,0
/data/DATASETS/ASV_Spoof_2019_LA/ASVspoof2019_LA_eval/flac/LA_E_6937172.flac,0
/data/DATASETS/ASV_Spoof_2019_LA/ASVspoof2019_LA_dev/flac/LA_D_1930138.flac,0
/data/DATASETS/ASV_Spoof_2019_LA/ASVspoof2019_LA_eval/flac/LA_E_6112790.flac,0
/data/DATASETS/ASV_Spoof_2019_LA/ASVspoof2019_LA_train/flac/LA_T_1325649.flac,0
/data/DATASETS/ASV_Spoof_2019_LA/ASVspoof2019_LA_eval/flac/LA_E_6071729.flac,0
/data/DATASETS/ASV_Spoof_2019_LA/ASVspoof2019_LA_dev/flac/LA_D_9423451.flac,0
/data/DATASETS/ASV_Spoof_2019_LA/ASVspoof2019_LA_train/flac/LA_T_2324368.flac,0
/data/DATASETS/ASV_Spoof_2019_LA/ASVspoof2019_LA_dev/flac/LA_D_2863133.flac,0
/data/DATASETS/ASV_Spoof_2019_LA/ASVspoof2019_LA_eval/flac/LA_E_4270011.flac,0
/data/DATASETS/ASV_Spoof_2019_LA/ASVspoof2019_LA_dev/flac/LA_D_8892065.flac,0
/data/DATASETS/ASV_Spoof_2019_LA/ASVspoof2019_LA_train/flac/LA_T_7457149.flac,0
/data/DATASETS/ASV_Spoof_2019_LA/ASVspoof2019_LA_eval/flac/LA_E_9084711.flac,0
/data/DATASETS/ASV_Spoof_2019_LA/ASVspoof2019_LA_eval/flac/LA_E_2139081.flac,0
/data/DATASETS/ASV_Spoof_2019_LA/ASVspoof2019_LA_dev/flac/LA_D_3075580.flac,0
/data/DATASETS/ASV_Spoof_2019_LA/ASVspoof2019_LA_eval/flac/LA_E_1933882.flac,0
/data/DATASETS/ASV_Spoof_2019_LA/ASVspoof2019_LA_eval/flac/LA_E_3989447.flac,0
/data/DATASETS/ASV_Spoof_2019_LA/ASVspoof2019_LA_eval/flac/LA_E_6165782.flac,0
/data/DATASETS/ASV_Spoof_2019_LA/ASVspoof2019_LA_train/flac/LA_T_7302010.flac,0
/data/DATASETS/ASV_Spoof_2019_LA/ASVspoof2019_LA_train/flac/LA_T_6212674.flac,0
/data/DATASETS/ASV_Spoof_2019_LA/ASVspoof2019_LA_eval/flac/LA_E_1180334.flac,0
/data/DATASETS/ASV_Spoof_2019_LA/ASVspoof2019_LA_eval/flac/LA_E_3629217.flac,0
/data/DATASETS/ASV_Spoof_2019_LA/ASVspoof2019_LA_eval/flac/LA_E_9851844.flac,0
/data/DATASETS/ASV_Spoof_2019_LA/ASVspoof2019_LA_dev/flac/LA_D_1736286.flac,0
/data/DATASETS/ASV_Spoof_2019_LA/ASVspoof2019_LA_dev/flac/LA_D_2789932.flac,0
/data/DATASETS/ASV_Spoof_2019_LA/ASVspoof2019_LA_eval/flac/LA_E_4753202.flac,0
/data/DATASETS/ASV_Spoof_2019_LA/ASVspoof2019_LA_eval/flac/LA_E_3991920.flac,0
/data/DATASETS/ASV_Spoof_2019_LA/ASVspoof2019_LA_eval/flac/LA_E_4798519.flac,0
/data/DATASETS/ASV_Spoof_2019_LA/ASVspoof2019_LA_dev/flac/LA_D_8750703.flac,0
/data/DATASETS/ASV_Spoof_2019_LA/ASVspoof2019_LA_eval/flac/LA_E_5573498.flac,0
/data/DATASETS/ASV_Spoof_2019_LA/ASVspoof2019_LA_eval/flac/LA_E_2939773.flac,0
/data/DATASETS/ASV_Spoof_2019_LA/ASVspoof2019_LA_eval/flac/LA_E_2406410.flac,0
/data/DATASETS/ASV_Spoof_2019_LA/ASVspoof2019_LA_train/flac/LA_T_4557107.flac,0
/data/DATASETS/ASV_Spoof_2019_LA/ASVspoof2019_LA_eval/flac/LA_E_3519809.flac,0
/data/DATASETS/ASV_Spoof_2019_LA/ASVspoof2019_LA_train/flac/LA_T_5866595.flac,0
/data/DATASETS/ASV_Spoof_2019_LA/ASVspoof2019_LA_eval/flac/LA_E_1299075.flac,0
/data/DATASETS/ASV_Spoof_2019_LA/ASVspoof2019_LA_dev/flac/LA_D_7473394.flac,0
/data/DATASETS/ASV_Spoof_2019_LA/ASVspoof2019_LA_eval/flac/LA_E_4098797.flac,0
/data/DATASETS/ASV_Spoof_2019_LA/ASVspoof2019_LA_eval/flac/LA_E_7106661.flac,0
/data/DATASETS/ASV_Spoof_2019_LA/ASVspoof2019_LA_eval/flac/LA_E_3562839.flac,0
/data/DATASETS/ASV_Spoof_2019_LA/ASVspoof2019_LA_eval/flac/LA_E_4843220.flac,0
/data/DATASETS/ASV_Spoof_2019_LA/ASVspoof2019_LA_eval/flac/LA_E_2570746.flac,0
/data/DATASETS/ASV_Spoof_2019_LA/ASVspoof2019_LA_eval/flac/LA_E_2349059.flac,0
/data/DATASETS/ASV_Spoof_2019_LA/ASVspoof2019_LA_eval/flac/LA_E_9395213.flac,0
/data/DATASETS/ASV_Spoof_2019_LA/ASVspoof2019_LA_eval/flac/LA_E_2329497.flac,0
/data/DATASETS/ASV_Spoof_2019_LA/ASVspoof2019_LA_train/flac/LA_T_1078395.flac,0
/data/DATASETS/ASV_Spoof_2019_LA/ASVspoof2019_LA_dev/flac/LA_D_8440843.flac,0
/data/DATASETS/ASV_Spoof_2019_LA/ASVspoof2019_LA_eval/flac/LA_E_6115738.flac,0
/data/DATASETS/ASV_Spoof_2019_LA/ASVspoof2019_LA_train/flac/LA_T_3588899.flac,0
/data/DATASETS/ASV_Spoof_2019_LA/ASVspoof2019_LA_eval/flac/LA_E_2551905.flac,0
/data/DATASETS/ASV_Spoof_2019_LA/ASVspoof2019_LA_eval/flac/LA_E_6158598.flac,0
/data/DATASETS/ASV_Spoof_2019_LA/ASVspoof2019_LA_eval/flac/LA_E_1338147.flac,0
/data/DATASETS/ASV_Spoof_2019_LA/ASVspoof2019_LA_train/flac/LA_T_6746965.flac,0
/data/DATASETS/ASV_Spoof_2019_LA/ASVspoof2019_LA_eval/flac/LA_E_2572959.flac,0
/data/DATASETS/ASV_Spoof_2019_LA/ASVspoof2019_LA_eval/flac/LA_E_8779825.flac,0
/data/DATASETS/ASV_Spoof_2019_LA/ASVspoof2019_LA_eval/flac/LA_E_7844892.flac,0
/data/DATASETS/ASV_Spoof_2019_LA/ASVspoof2019_LA_eval/flac/LA_E_7682962.flac,0
/data/DATASETS/ASV_Spoof_2019_LA/ASVspoof2019_LA_eval/flac/LA_E_2850364.flac,0
/data/DATASETS/ASV_Spoof_2019_LA/ASVspoof2019_LA_eval/flac/LA_E_1651239.flac,0
/data/DATASETS/ASV_Spoof_2019_LA/ASVspoof2019_LA_dev/flac/LA_D_6631537.flac,0
/data/DATASETS/ASV_Spoof_2019_LA/ASVspoof2019_LA_train/flac/LA_T_8651042.flac,0
/data/DATASETS/ASV_Spoof_2019_LA/ASVspoof2019_LA_train/flac/LA_T_8115679.flac,0
/data/DATASETS/ASV_Spoof_2019_LA/ASVspoof2019_LA_eval/flac/LA_E_6923585.flac,0
/data/DATASETS/ASV_Spoof_2019_LA/ASVspoof2019_LA_train/flac/LA_T_3769045.flac,0
/data/DATASETS/ASV_Spoof_2019_LA/ASVspoof2019_LA_eval/flac/LA_E_3594170.flac,0
/data/DATASETS/ASV_Spoof_2019_LA/ASVspoof2019_LA_train/flac/LA_T_5991300.flac,0
/data/DATASETS/ASV_Spoof_2019_LA/ASVspoof2019_LA_train/flac/LA_T_3412575.flac,0
/data/DATASETS/ASV_Spoof_2019_LA/ASVspoof2019_LA_eval/flac/LA_E_3137385.flac,0
/data/DATASETS/ASV_Spoof_2019_LA/ASVspoof2019_LA_eval/flac/LA_E_9135158.flac,0
/data/DATASETS/ASV_Spoof_2019_LA/ASVspoof2019_LA_eval/flac/LA_E_1159112.flac,0
/data/DATASETS/ASV_Spoof_2019_LA/ASVspoof2019_LA_eval/flac/LA_E_4135438.flac,0
/data/DATASETS/ASV_Spoof_2019_LA/ASVspoof2019_LA_dev/flac/LA_D_4897076.flac,0
/data/DATASETS/ASV_Spoof_2019_LA/ASVspoof2019_LA_eval/flac/LA_E_5605376.flac,0
/data/DATASETS/ASV_Spoof_2019_LA/ASVspoof2019_LA_train/flac/LA_T_3729572.flac,0
/data/DATASETS/ASV_Spoof_2019_LA/ASVspoof2019_LA_dev/flac/LA_D_8428131.flac,0
/data/DATASETS/ASV_Spoof_2019_LA/ASVspoof2019_LA_dev/flac/LA_D_1125976.flac,0
/data/DATASETS/ASV_Spoof_2019_LA/ASVspoof2019_LA_eval/flac/LA_E_2510960.flac,0
/data/DATASETS/ASV_Spoof_2019_LA/ASVspoof2019_LA_eval/flac/LA_E_8165848.flac,0
/data/DATASETS/ASV_Spoof_2019_LA/ASVspoof2019_LA_eval/flac/LA_E_4928775.flac,0
/data/DATASETS/ASV_Spoof_2019_LA/ASVspoof2019_LA_dev/flac/LA_D_3555589.flac,0
/data/DATASETS/ASV_Spoof_2019_LA/ASVspoof2019_LA_eval/flac/LA_E_5142468.flac,0
/data/DATASETS/ASV_Spoof_2019_LA/ASVspoof2019_LA_dev/flac/LA_D_4279522.flac,0
/data/DATASETS/ASV_Spoof_2019_LA/ASVspoof2019_LA_eval/flac/LA_E_2408705.flac,0
/data/DATASETS/ASV_Spoof_2019_LA/ASVspoof2019_LA_eval/flac/LA_E_6862434.flac,0
/data/DATASETS/ASV_Spoof_2019_LA/ASVspoof2019_LA_eval/flac/LA_E_7275803.flac,0
/data/DATASETS/ASV_Spoof_2019_LA/ASVspoof2019_LA_eval/flac/LA_E_4153585.flac,0
/data/DATASETS/ASV_Spoof_2019_LA/ASVspoof2019_LA_eval/flac/LA_E_4123318.flac,0
/data/DATASETS/ASV_Spoof_2019_LA/ASVspoof2019_LA_eval/flac/LA_E_5764501.flac,0
/data/DATASETS/ASV_Spoof_2019_LA/ASVspoof2019_LA_eval/flac/LA_E_4791955.flac,0
/data/DATASETS/ASV_Spoof_2019_LA/ASVspoof2019_LA_train/flac/LA_T_7180834.flac,0
/data/DATASETS/ASV_Spoof_2019_LA/ASVspoof2019_LA_dev/flac/LA_D_5188600.flac,0
/data/DATASETS/ASV_Spoof_2019_LA/ASVspoof2019_LA_dev/flac/LA_D_5554369.flac,0
/data/DATASETS/ASV_Spoof_2019_LA/ASVspoof2019_LA_train/flac/LA_T_1814008.flac,0
/data/DATASETS/ASV_Spoof_2019_LA/ASVspoof2019_LA_dev/flac/LA_D_6030391.flac,0
/data/DATASETS/ASV_Spoof_2019_LA/ASVspoof2019_LA_eval/flac/LA_E_8195846.flac,0
/data/DATASETS/ASV_Spoof_2019_LA/ASVspoof2019_LA_eval/flac/LA_E_3459156.flac,0
/data/DATASETS/ASV_Spoof_2019_LA/ASVspoof2019_LA_dev/flac/LA_D_6124905.flac,0
/data/DATASETS/ASV_Spoof_2019_LA/ASVspoof2019_LA_train/flac/LA_T_9565794.flac,0
/data/DATASETS/ASV_Spoof_2019_LA/ASVspoof2019_LA_eval/flac/LA_E_9680237.flac,0
/data/DATASETS/ASV_Spoof_2019_LA/ASVspoof2019_LA_eval/flac/LA_E_6064827.flac,0
/data/DATASETS/ASV_Spoof_2019_LA/ASVspoof2019_LA_eval/flac/LA_E_7041363.flac,0
/data/DATASETS/ASV_Spoof_2019_LA/ASVspoof2019_LA_dev/flac/LA_D_3746211.flac,0
/data/DATASETS/ASV_Spoof_2019_LA/ASVspoof2019_LA_eval/flac/LA_E_4461152.flac,0
/data/DATASETS/ASV_Spoof_2019_LA/ASVspoof2019_LA_eval/flac/LA_E_1315925.flac,0
/data/DATASETS/ASV_Spoof_2019_LA/ASVspoof2019_LA_dev/flac/LA_D_5691072.flac,0
/data/DATASETS/ASV_Spoof_2019_LA/ASVspoof2019_LA_eval/flac/LA_E_6615944.flac,0
/data/DATASETS/ASV_Spoof_2019_LA/ASVspoof2019_LA_eval/flac/LA_E_2483996.flac,0
/data/DATASETS/ASV_Spoof_2019_LA/ASVspoof2019_LA_eval/flac/LA_E_6160512.flac,0
/data/DATASETS/ASV_Spoof_2019_LA/ASVspoof2019_LA_train/flac/LA_T_1429555.flac,0
/data/DATASETS/ASV_Spoof_2019_LA/ASVspoof2019_LA_train/flac/LA_T_7301103.flac,0
/data/DATASETS/ASV_Spoof_2019_LA/ASVspoof2019_LA_dev/flac/LA_D_1518150.flac,0
/data/DATASETS/ASV_Spoof_2019_LA/ASVspoof2019_LA_eval/flac/LA_E_2347798.flac,0
/data/DATASETS/ASV_Spoof_2019_LA/ASVspoof2019_LA_train/flac/LA_T_1142757.flac,0
/data/DATASETS/ASV_Spoof_2019_LA/ASVspoof2019_LA_eval/flac/LA_E_1707850.flac,0
/data/DATASETS/ASV_Spoof_2019_LA/ASVspoof2019_LA_train/flac/LA_T_9803057.flac,0
/data/DATASETS/ASV_Spoof_2019_LA/ASVspoof2019_LA_eval/flac/LA_E_3809892.flac,0
/data/DATASETS/ASV_Spoof_2019_LA/ASVspoof2019_LA_eval/flac/LA_E_3267065.flac,0
/data/DATASETS/ASV_Spoof_2019_LA/ASVspoof2019_LA_dev/flac/LA_D_7618637.flac,0
/data/DATASETS/ASV_Spoof_2019_LA/ASVspoof2019_LA_eval/flac/LA_E_8739763.flac,0
/data/DATASETS/ASV_Spoof_2019_LA/ASVspoof2019_LA_eval/flac/LA_E_9291798.flac,0
/data/DATASETS/ASV_Spoof_2019_LA/ASVspoof2019_LA_train/flac/LA_T_7108923.flac,0
/data/DATASETS/ASV_Spoof_2019_LA/ASVspoof2019_LA_eval/flac/LA_E_9798640.flac,0
/data/DATASETS/ASV_Spoof_2019_LA/ASVspoof2019_LA_eval/flac/LA_E_7098982.flac,0
/data/DATASETS/ASV_Spoof_2019_LA/ASVspoof2019_LA_dev/flac/LA_D_4168527.flac,0
/data/DATASETS/ASV_Spoof_2019_LA/ASVspoof2019_LA_train/flac/LA_T_4292472.flac,0
/data/DATASETS/ASV_Spoof_2019_LA/ASVspoof2019_LA_eval/flac/LA_E_7068494.flac,0
/data/DATASETS/ASV_Spoof_2019_LA/ASVspoof2019_LA_eval/flac/LA_E_3511859.flac,0
/data/DATASETS/ASV_Spoof_2019_LA/ASVspoof2019_LA_eval/flac/LA_E_1381169.flac,0
/data/DATASETS/ASV_Spoof_2019_LA/ASVspoof2019_LA_dev/flac/LA_D_4072040.flac,0
/data/DATASETS/ASV_Spoof_2019_LA/ASVspoof2019_LA_dev/flac/LA_D_9113299.flac,0
/data/DATASETS/ASV_Spoof_2019_LA/ASVspoof2019_LA_eval/flac/LA_E_7072113.flac,0
/data/DATASETS/ASV_Spoof_2019_LA/ASVspoof2019_LA_dev/flac/LA_D_9512174.flac,0
/data/DATASETS/ASV_Spoof_2019_LA/ASVspoof2019_LA_eval/flac/LA_E_8319260.flac,0
/data/DATASETS/ASV_Spoof_2019_LA/ASVspoof2019_LA_eval/flac/LA_E_8619575.flac,0
/data/DATASETS/ASV_Spoof_2019_LA/ASVspoof2019_LA_train/flac/LA_T_4860349.flac,0
/data/DATASETS/ASV_Spoof_2019_LA/ASVspoof2019_LA_eval/flac/LA_E_5428305.flac,0
/data/DATASETS/ASV_Spoof_2019_LA/ASVspoof2019_LA_eval/flac/LA_E_3767864.flac,0
/data/DATASETS/ASV_Spoof_2019_LA/ASVspoof2019_LA_train/flac/LA_T_4772321.flac,0
/data/DATASETS/ASV_Spoof_2019_LA/ASVspoof2019_LA_eval/flac/LA_E_4012693.flac,0
/data/DATASETS/ASV_Spoof_2019_LA/ASVspoof2019_LA_train/flac/LA_T_8536928.flac,0
/data/DATASETS/ASV_Spoof_2019_LA/ASVspoof2019_LA_eval/flac/LA_E_3424715.flac,0
/data/DATASETS/ASV_Spoof_2019_LA/ASVspoof2019_LA_train/flac/LA_T_9190599.flac,0
/data/DATASETS/ASV_Spoof_2019_LA/ASVspoof2019_LA_eval/flac/LA_E_9395691.flac,0
/data/DATASETS/ASV_Spoof_2019_LA/ASVspoof2019_LA_eval/flac/LA_E_7296266.flac,0
/data/DATASETS/ASV_Spoof_2019_LA/ASVspoof2019_LA_eval/flac/LA_E_8640731.flac,0
/data/DATASETS/ASV_Spoof_2019_LA/ASVspoof2019_LA_eval/flac/LA_E_9526756.flac,0
/data/DATASETS/ASV_Spoof_2019_LA/ASVspoof2019_LA_eval/flac/LA_E_3450790.flac,0
/data/DATASETS/ASV_Spoof_2019_LA/ASVspoof2019_LA_dev/flac/LA_D_8836257.flac,0
/data/DATASETS/ASV_Spoof_2019_LA/ASVspoof2019_LA_eval/flac/LA_E_5883566.flac,0
/data/DATASETS/ASV_Spoof_2019_LA/ASVspoof2019_LA_eval/flac/LA_E_3957220.flac,0
/data/DATASETS/ASV_Spoof_2019_LA/ASVspoof2019_LA_eval/flac/LA_E_9721782.flac,0
/data/DATASETS/ASV_Spoof_2019_LA/ASVspoof2019_LA_train/flac/LA_T_5837486.flac,0
/data/DATASETS/ASV_Spoof_2019_LA/ASVspoof2019_LA_eval/flac/LA_E_4980752.flac,0
/data/DATASETS/ASV_Spoof_2019_LA/ASVspoof2019_LA_eval/flac/LA_E_9141175.flac,0
/data/DATASETS/ASV_Spoof_2019_LA/ASVspoof2019_LA_train/flac/LA_T_6390530.flac,0
/data/DATASETS/ASV_Spoof_2019_LA/ASVspoof2019_LA_eval/flac/LA_E_8962374.flac,0
/data/DATASETS/ASV_Spoof_2019_LA/ASVspoof2019_LA_dev/flac/LA_D_1775562.flac,0
/data/DATASETS/ASV_Spoof_2019_LA/ASVspoof2019_LA_eval/flac/LA_E_7849343.flac,0
/data/DATASETS/ASV_Spoof_2019_LA/ASVspoof2019_LA_train/flac/LA_T_8105555.flac,0
/data/DATASETS/ASV_Spoof_2019_LA/ASVspoof2019_LA_eval/flac/LA_E_4281802.flac,0
/data/DATASETS/ASV_Spoof_2019_LA/ASVspoof2019_LA_eval/flac/LA_E_1335207.flac,0
/data/DATASETS/ASV_Spoof_2019_LA/ASVspoof2019_LA_eval/flac/LA_E_3020318.flac,0
/data/DATASETS/ASV_Spoof_2019_LA/ASVspoof2019_LA_eval/flac/LA_E_6488763.flac,0
/data/DATASETS/ASV_Spoof_2019_LA/ASVspoof2019_LA_dev/flac/LA_D_9620410.flac,0
/data/DATASETS/ASV_Spoof_2019_LA/ASVspoof2019_LA_eval/flac/LA_E_9828001.flac,0
/data/DATASETS/ASV_Spoof_2019_LA/ASVspoof2019_LA_dev/flac/LA_D_5588765.flac,0
/data/DATASETS/ASV_Spoof_2019_LA/ASVspoof2019_LA_eval/flac/LA_E_2043165.flac,0
/data/DATASETS/ASV_Spoof_2019_LA/ASVspoof2019_LA_train/flac/LA_T_2815613.flac,0
/data/DATASETS/ASV_Spoof_2019_LA/ASVspoof2019_LA_eval/flac/LA_E_6078245.flac,0
/data/DATASETS/ASV_Spoof_2019_LA/ASVspoof2019_LA_train/flac/LA_T_7089601.flac,0
/data/DATASETS/ASV_Spoof_2019_LA/ASVspoof2019_LA_eval/flac/LA_E_8319656.flac,0
/data/DATASETS/ASV_Spoof_2019_LA/ASVspoof2019_LA_eval/flac/LA_E_5272701.flac,0
/data/DATASETS/ASV_Spoof_2019_LA/ASVspoof2019_LA_dev/flac/LA_D_8909861.flac,0
/data/DATASETS/ASV_Spoof_2019_LA/ASVspoof2019_LA_eval/flac/LA_E_1377603.flac,0
/data/DATASETS/ASV_Spoof_2019_LA/ASVspoof2019_LA_train/flac/LA_T_5777819.flac,0
/data/DATASETS/ASV_Spoof_2019_LA/ASVspoof2019_LA_eval/flac/LA_E_5601474.flac,0
/data/DATASETS/ASV_Spoof_2019_LA/ASVspoof2019_LA_eval/flac/LA_E_6286844.flac,0
/data/DATASETS/ASV_Spoof_2019_LA/ASVspoof2019_LA_train/flac/LA_T_2136477.flac,0
/data/DATASETS/ASV_Spoof_2019_LA/ASVspoof2019_LA_eval/flac/LA_E_5454199.flac,0
/data/DATASETS/ASV_Spoof_2019_LA/ASVspoof2019_LA_eval/flac/LA_E_2896889.flac,0
/data/DATASETS/ASV_Spoof_2019_LA/ASVspoof2019_LA_eval/flac/LA_E_7255033.flac,0
/data/DATASETS/ASV_Spoof_2019_LA/ASVspoof2019_LA_train/flac/LA_T_7213473.flac,0
/data/DATASETS/ASV_Spoof_2019_LA/ASVspoof2019_LA_eval/flac/LA_E_9457688.flac,0
/data/DATASETS/ASV_Spoof_2019_LA/ASVspoof2019_LA_eval/flac/LA_E_1045785.flac,0
/data/DATASETS/ASV_Spoof_2019_LA/ASVspoof2019_LA_eval/flac/LA_E_4986081.flac,0
/data/DATASETS/ASV_Spoof_2019_LA/ASVspoof2019_LA_eval/flac/LA_E_7578678.flac,0
/data/DATASETS/ASV_Spoof_2019_LA/ASVspoof2019_LA_eval/flac/LA_E_4226512.flac,0
/data/DATASETS/ASV_Spoof_2019_LA/ASVspoof2019_LA_train/flac/LA_T_1926066.flac,0
/data/DATASETS/ASV_Spoof_2019_LA/ASVspoof2019_LA_eval/flac/LA_E_3787432.flac,0
/data/DATASETS/ASV_Spoof_2019_LA/ASVspoof2019_LA_eval/flac/LA_E_2596025.flac,0
/data/DATASETS/ASV_Spoof_2019_LA/ASVspoof2019_LA_eval/flac/LA_E_8354994.flac,0
/data/DATASETS/ASV_Spoof_2019_LA/ASVspoof2019_LA_eval/flac/LA_E_3946382.flac,0
/data/DATASETS/ASV_Spoof_2019_LA/ASVspoof2019_LA_dev/flac/LA_D_6380295.flac,0
/data/DATASETS/ASV_Spoof_2019_LA/ASVspoof2019_LA_eval/flac/LA_E_9905727.flac,0
/data/DATASETS/ASV_Spoof_2019_LA/ASVspoof2019_LA_dev/flac/LA_D_3074651.flac,0
/data/DATASETS/ASV_Spoof_2019_LA/ASVspoof2019_LA_train/flac/LA_T_6240107.flac,0
/data/DATASETS/ASV_Spoof_2019_LA/ASVspoof2019_LA_eval/flac/LA_E_8747385.flac,0
/data/DATASETS/ASV_Spoof_2019_LA/ASVspoof2019_LA_eval/flac/LA_E_6261193.flac,0
/data/DATASETS/ASV_Spoof_2019_LA/ASVspoof2019_LA_eval/flac/LA_E_9470174.flac,0
/data/DATASETS/ASV_Spoof_2019_LA/ASVspoof2019_LA_eval/flac/LA_E_6037005.flac,0
/data/DATASETS/ASV_Spoof_2019_LA/ASVspoof2019_LA_train/flac/LA_T_4614402.flac,0
/data/DATASETS/ASV_Spoof_2019_LA/ASVspoof2019_LA_dev/flac/LA_D_1245000.flac,0
/data/DATASETS/ASV_Spoof_2019_LA/ASVspoof2019_LA_train/flac/LA_T_4898635.flac,0
/data/DATASETS/ASV_Spoof_2019_LA/ASVspoof2019_LA_train/flac/LA_T_4993268.flac,0
/data/DATASETS/ASV_Spoof_2019_LA/ASVspoof2019_LA_eval/flac/LA_E_6626476.flac,0
/data/DATASETS/ASV_Spoof_2019_LA/ASVspoof2019_LA_eval/flac/LA_E_8921097.flac,0
/data/DATASETS/ASV_Spoof_2019_LA/ASVspoof2019_LA_dev/flac/LA_D_6869808.flac,0
/data/DATASETS/ASV_Spoof_2019_LA/ASVspoof2019_LA_train/flac/LA_T_3452222.flac,0
/data/DATASETS/ASV_Spoof_2019_LA/ASVspoof2019_LA_eval/flac/LA_E_2937869.flac,0
/data/DATASETS/ASV_Spoof_2019_LA/ASVspoof2019_LA_train/flac/LA_T_5918833.flac,0
/data/DATASETS/ASV_Spoof_2019_LA/ASVspoof2019_LA_dev/flac/LA_D_4715569.flac,0
/data/DATASETS/ASV_Spoof_2019_LA/ASVspoof2019_LA_dev/flac/LA_D_8161836.flac,0
/data/DATASETS/ASV_Spoof_2019_LA/ASVspoof2019_LA_eval/flac/LA_E_5628684.flac,0
/data/DATASETS/ASV_Spoof_2019_LA/ASVspoof2019_LA_train/flac/LA_T_2973329.flac,0
/data/DATASETS/ASV_Spoof_2019_LA/ASVspoof2019_LA_eval/flac/LA_E_7132422.flac,0
/data/DATASETS/ASV_Spoof_2019_LA/ASVspoof2019_LA_dev/flac/LA_D_6509046.flac,0
/data/DATASETS/ASV_Spoof_2019_LA/ASVspoof2019_LA_dev/flac/LA_D_1426585.flac,0
/data/DATASETS/ASV_Spoof_2019_LA/ASVspoof2019_LA_dev/flac/LA_D_8322305.flac,0
/data/DATASETS/ASV_Spoof_2019_LA/ASVspoof2019_LA_train/flac/LA_T_3748161.flac,0
/data/DATASETS/ASV_Spoof_2019_LA/ASVspoof2019_LA_dev/flac/LA_D_2053527.flac,0
/data/DATASETS/ASV_Spoof_2019_LA/ASVspoof2019_LA_train/flac/LA_T_6252972.flac,0
/data/DATASETS/ASV_Spoof_2019_LA/ASVspoof2019_LA_dev/flac/LA_D_7945965.flac,0
/data/DATASETS/ASV_Spoof_2019_LA/ASVspoof2019_LA_eval/flac/LA_E_7758963.flac,0
/data/DATASETS/ASV_Spoof_2019_LA/ASVspoof2019_LA_eval/flac/LA_E_6994485.flac,0
/data/DATASETS/ASV_Spoof_2019_LA/ASVspoof2019_LA_dev/flac/LA_D_4748747.flac,0
/data/DATASETS/ASV_Spoof_2019_LA/ASVspoof2019_LA_eval/flac/LA_E_4623222.flac,0
/data/DATASETS/ASV_Spoof_2019_LA/ASVspoof2019_LA_train/flac/LA_T_7052940.flac,0
/data/DATASETS/ASV_Spoof_2019_LA/ASVspoof2019_LA_dev/flac/LA_D_6908091.flac,0
/data/DATASETS/ASV_Spoof_2019_LA/ASVspoof2019_LA_eval/flac/LA_E_6211544.flac,0
/data/DATASETS/ASV_Spoof_2019_LA/ASVspoof2019_LA_dev/flac/LA_D_9433165.flac,0
/data/DATASETS/ASV_Spoof_2019_LA/ASVspoof2019_LA_eval/flac/LA_E_9689975.flac,0
/data/DATASETS/ASV_Spoof_2019_LA/ASVspoof2019_LA_dev/flac/LA_D_7391591.flac,0
/data/DATASETS/ASV_Spoof_2019_LA/ASVspoof2019_LA_eval/flac/LA_E_3512557.flac,0
/data/DATASETS/ASV_Spoof_2019_LA/ASVspoof2019_LA_eval/flac/LA_E_1413145.flac,0
/data/DATASETS/ASV_Spoof_2019_LA/ASVspoof2019_LA_dev/flac/LA_D_3519840.flac,0
/data/DATASETS/ASV_Spoof_2019_LA/ASVspoof2019_LA_eval/flac/LA_E_4185694.flac,0
/data/DATASETS/ASV_Spoof_2019_LA/ASVspoof2019_LA_dev/flac/LA_D_1775211.flac,0
/data/DATASETS/ASV_Spoof_2019_LA/ASVspoof2019_LA_train/flac/LA_T_4170168.flac,0
/data/DATASETS/ASV_Spoof_2019_LA/ASVspoof2019_LA_dev/flac/LA_D_8238051.flac,0
/data/DATASETS/ASV_Spoof_2019_LA/ASVspoof2019_LA_eval/flac/LA_E_7419946.flac,0
/data/DATASETS/ASV_Spoof_2019_LA/ASVspoof2019_LA_dev/flac/LA_D_7565232.flac,0
/data/DATASETS/ASV_Spoof_2019_LA/ASVspoof2019_LA_eval/flac/LA_E_8368688.flac,0
/data/DATASETS/ASV_Spoof_2019_LA/ASVspoof2019_LA_train/flac/LA_T_1007663.flac,0
/data/DATASETS/ASV_Spoof_2019_LA/ASVspoof2019_LA_eval/flac/LA_E_2044500.flac,0
/data/DATASETS/ASV_Spoof_2019_LA/ASVspoof2019_LA_eval/flac/LA_E_6729896.flac,0
/data/DATASETS/ASV_Spoof_2019_LA/ASVspoof2019_LA_eval/flac/LA_E_4868764.flac,0
/data/DATASETS/ASV_Spoof_2019_LA/ASVspoof2019_LA_train/flac/LA_T_8106288.flac,0
/data/DATASETS/ASV_Spoof_2019_LA/ASVspoof2019_LA_eval/flac/LA_E_8989180.flac,0
/data/DATASETS/ASV_Spoof_2019_LA/ASVspoof2019_LA_eval/flac/LA_E_1903191.flac,0
/data/DATASETS/ASV_Spoof_2019_LA/ASVspoof2019_LA_train/flac/LA_T_7310629.flac,0
/data/DATASETS/ASV_Spoof_2019_LA/ASVspoof2019_LA_eval/flac/LA_E_8134271.flac,0
/data/DATASETS/ASV_Spoof_2019_LA/ASVspoof2019_LA_eval/flac/LA_E_2581583.flac,0
/data/DATASETS/ASV_Spoof_2019_LA/ASVspoof2019_LA_eval/flac/LA_E_1881189.flac,0
/data/DATASETS/ASV_Spoof_2019_LA/ASVspoof2019_LA_eval/flac/LA_E_4665657.flac,0
/data/DATASETS/ASV_Spoof_2019_LA/ASVspoof2019_LA_train/flac/LA_T_9132181.flac,0
/data/DATASETS/ASV_Spoof_2019_LA/ASVspoof2019_LA_dev/flac/LA_D_3569824.flac,0
/data/DATASETS/ASV_Spoof_2019_LA/ASVspoof2019_LA_eval/flac/LA_E_9636646.flac,0
/data/DATASETS/ASV_Spoof_2019_LA/ASVspoof2019_LA_dev/flac/LA_D_7883377.flac,0
/data/DATASETS/ASV_Spoof_2019_LA/ASVspoof2019_LA_eval/flac/LA_E_5037612.flac,0
/data/DATASETS/ASV_Spoof_2019_LA/ASVspoof2019_LA_dev/flac/LA_D_7467158.flac,0
/data/DATASETS/ASV_Spoof_2019_LA/ASVspoof2019_LA_eval/flac/LA_E_2829186.flac,0
/data/DATASETS/ASV_Spoof_2019_LA/ASVspoof2019_LA_eval/flac/LA_E_1607461.flac,0
/data/DATASETS/ASV_Spoof_2019_LA/ASVspoof2019_LA_dev/flac/LA_D_6208971.flac,0
/data/DATASETS/ASV_Spoof_2019_LA/ASVspoof2019_LA_eval/flac/LA_E_1924286.flac,0
/data/DATASETS/ASV_Spoof_2019_LA/ASVspoof2019_LA_dev/flac/LA_D_1680201.flac,0
/data/DATASETS/ASV_Spoof_2019_LA/ASVspoof2019_LA_eval/flac/LA_E_1161255.flac,0
/data/DATASETS/ASV_Spoof_2019_LA/ASVspoof2019_LA_eval/flac/LA_E_4248448.flac,0
/data/DATASETS/ASV_Spoof_2019_LA/ASVspoof2019_LA_eval/flac/LA_E_6918683.flac,0
/data/DATASETS/ASV_Spoof_2019_LA/ASVspoof2019_LA_train/flac/LA_T_2582808.flac,0
/data/DATASETS/ASV_Spoof_2019_LA/ASVspoof2019_LA_dev/flac/LA_D_5726006.flac,0
/data/DATASETS/ASV_Spoof_2019_LA/ASVspoof2019_LA_train/flac/LA_T_7978694.flac,0
/data/DATASETS/ASV_Spoof_2019_LA/ASVspoof2019_LA_dev/flac/LA_D_1523180.flac,0
/data/DATASETS/ASV_Spoof_2019_LA/ASVspoof2019_LA_train/flac/LA_T_3782527.flac,0
/data/DATASETS/ASV_Spoof_2019_LA/ASVspoof2019_LA_eval/flac/LA_E_9859405.flac,0
/data/DATASETS/ASV_Spoof_2019_LA/ASVspoof2019_LA_eval/flac/LA_E_4628216.flac,0
/data/DATASETS/ASV_Spoof_2019_LA/ASVspoof2019_LA_eval/flac/LA_E_3704118.flac,0
/data/DATASETS/ASV_Spoof_2019_LA/ASVspoof2019_LA_eval/flac/LA_E_1409215.flac,0
/data/DATASETS/ASV_Spoof_2019_LA/ASVspoof2019_LA_eval/flac/LA_E_2858739.flac,0
/data/DATASETS/ASV_Spoof_2019_LA/ASVspoof2019_LA_train/flac/LA_T_6858608.flac,0
/data/DATASETS/ASV_Spoof_2019_LA/ASVspoof2019_LA_eval/flac/LA_E_9185139.flac,0
/data/DATASETS/ASV_Spoof_2019_LA/ASVspoof2019_LA_eval/flac/LA_E_5230985.flac,0
/data/DATASETS/ASV_Spoof_2019_LA/ASVspoof2019_LA_dev/flac/LA_D_3540954.flac,0
/data/DATASETS/ASV_Spoof_2019_LA/ASVspoof2019_LA_eval/flac/LA_E_9920367.flac,0
/data/DATASETS/ASV_Spoof_2019_LA/ASVspoof2019_LA_dev/flac/LA_D_2014253.flac,0
/data/DATASETS/ASV_Spoof_2019_LA/ASVspoof2019_LA_train/flac/LA_T_3635733.flac,0
/data/DATASETS/ASV_Spoof_2019_LA/ASVspoof2019_LA_eval/flac/LA_E_9143153.flac,0
/data/DATASETS/ASV_Spoof_2019_LA/ASVspoof2019_LA_train/flac/LA_T_2528047.flac,0
/data/DATASETS/ASV_Spoof_2019_LA/ASVspoof2019_LA_dev/flac/LA_D_8313645.flac,0
/data/DATASETS/ASV_Spoof_2019_LA/ASVspoof2019_LA_dev/flac/LA_D_6471870.flac,0
/data/DATASETS/ASV_Spoof_2019_LA/ASVspoof2019_LA_eval/flac/LA_E_1645966.flac,0
/data/DATASETS/ASV_Spoof_2019_LA/ASVspoof2019_LA_train/flac/LA_T_3561136.flac,0
/data/DATASETS/ASV_Spoof_2019_LA/ASVspoof2019_LA_dev/flac/LA_D_7250160.flac,0
/data/DATASETS/ASV_Spoof_2019_LA/ASVspoof2019_LA_eval/flac/LA_E_4109327.flac,0
/data/DATASETS/ASV_Spoof_2019_LA/ASVspoof2019_LA_dev/flac/LA_D_3653942.flac,0
/data/DATASETS/ASV_Spoof_2019_LA/ASVspoof2019_LA_eval/flac/LA_E_5329393.flac,0
/data/DATASETS/ASV_Spoof_2019_LA/ASVspoof2019_LA_train/flac/LA_T_1532340.flac,0
/data/DATASETS/ASV_Spoof_2019_LA/ASVspoof2019_LA_eval/flac/LA_E_1789742.flac,0
/data/DATASETS/ASV_Spoof_2019_LA/ASVspoof2019_LA_dev/flac/LA_D_4766808.flac,0
/data/DATASETS/ASV_Spoof_2019_LA/ASVspoof2019_LA_dev/flac/LA_D_8059879.flac,0
/data/DATASETS/ASV_Spoof_2019_LA/ASVspoof2019_LA_dev/flac/LA_D_5791290.flac,0
/data/DATASETS/ASV_Spoof_2019_LA/ASVspoof2019_LA_eval/flac/LA_E_7158104.flac,0
/data/DATASETS/ASV_Spoof_2019_LA/ASVspoof2019_LA_train/flac/LA_T_5278239.flac,0
/data/DATASETS/ASV_Spoof_2019_LA/ASVspoof2019_LA_dev/flac/LA_D_7385359.flac,0
/data/DATASETS/ASV_Spoof_2019_LA/ASVspoof2019_LA_dev/flac/LA_D_4930262.flac,0
/data/DATASETS/ASV_Spoof_2019_LA/ASVspoof2019_LA_train/flac/LA_T_3927701.flac,0
/data/DATASETS/ASV_Spoof_2019_LA/ASVspoof2019_LA_dev/flac/LA_D_2773764.flac,0
/data/DATASETS/ASV_Spoof_2019_LA/ASVspoof2019_LA_eval/flac/LA_E_2235901.flac,0
/data/DATASETS/ASV_Spoof_2019_LA/ASVspoof2019_LA_dev/flac/LA_D_4973412.flac,0
/data/DATASETS/ASV_Spoof_2019_LA/ASVspoof2019_LA_dev/flac/LA_D_8147163.flac,0
/data/DATASETS/ASV_Spoof_2019_LA/ASVspoof2019_LA_dev/flac/LA_D_7408100.flac,0
/data/DATASETS/ASV_Spoof_2019_LA/ASVspoof2019_LA_train/flac/LA_T_7179987.flac,0
/data/DATASETS/ASV_Spoof_2019_LA/ASVspoof2019_LA_eval/flac/LA_E_8439668.flac,0
/data/DATASETS/ASV_Spoof_2019_LA/ASVspoof2019_LA_eval/flac/LA_E_7331719.flac,0
/data/DATASETS/ASV_Spoof_2019_LA/ASVspoof2019_LA_eval/flac/LA_E_5977452.flac,0
/data/DATASETS/ASV_Spoof_2019_LA/ASVspoof2019_LA_eval/flac/LA_E_3973780.flac,0
/data/DATASETS/ASV_Spoof_2019_LA/ASVspoof2019_LA_dev/flac/LA_D_8775776.flac,0
/data/DATASETS/ASV_Spoof_2019_LA/ASVspoof2019_LA_dev/flac/LA_D_5372085.flac,0
/data/DATASETS/ASV_Spoof_2019_LA/ASVspoof2019_LA_train/flac/LA_T_3301728.flac,0
/data/DATASETS/ASV_Spoof_2019_LA/ASVspoof2019_LA_train/flac/LA_T_5934685.flac,0
/data/DATASETS/ASV_Spoof_2019_LA/ASVspoof2019_LA_eval/flac/LA_E_5006113.flac,0
/data/DATASETS/ASV_Spoof_2019_LA/ASVspoof2019_LA_eval/flac/LA_E_6525398.flac,0
/data/DATASETS/ASV_Spoof_2019_LA/ASVspoof2019_LA_eval/flac/LA_E_6619902.flac,0
/data/DATASETS/ASV_Spoof_2019_LA/ASVspoof2019_LA_eval/flac/LA_E_5212743.flac,0
/data/DATASETS/ASV_Spoof_2019_LA/ASVspoof2019_LA_dev/flac/LA_D_3056969.flac,0
/data/DATASETS/ASV_Spoof_2019_LA/ASVspoof2019_LA_dev/flac/LA_D_9386152.flac,0
/data/DATASETS/ASV_Spoof_2019_LA/ASVspoof2019_LA_dev/flac/LA_D_1239754.flac,0
/data/DATASETS/ASV_Spoof_2019_LA/ASVspoof2019_LA_train/flac/LA_T_8105444.flac,0
/data/DATASETS/ASV_Spoof_2019_LA/ASVspoof2019_LA_eval/flac/LA_E_9611893.flac,0
/data/DATASETS/ASV_Spoof_2019_LA/ASVspoof2019_LA_train/flac/LA_T_4940666.flac,0
/data/DATASETS/ASV_Spoof_2019_LA/ASVspoof2019_LA_dev/flac/LA_D_7238018.flac,0
/data/DATASETS/ASV_Spoof_2019_LA/ASVspoof2019_LA_dev/flac/LA_D_3947384.flac,0
/data/DATASETS/ASV_Spoof_2019_LA/ASVspoof2019_LA_train/flac/LA_T_2205687.flac,0
/data/DATASETS/ASV_Spoof_2019_LA/ASVspoof2019_LA_eval/flac/LA_E_8926105.flac,0
/data/DATASETS/ASV_Spoof_2019_LA/ASVspoof2019_LA_dev/flac/LA_D_4963927.flac,0
/data/DATASETS/ASV_Spoof_2019_LA/ASVspoof2019_LA_eval/flac/LA_E_9192600.flac,0
/data/DATASETS/ASV_Spoof_2019_LA/ASVspoof2019_LA_eval/flac/LA_E_4341560.flac,0
/data/DATASETS/ASV_Spoof_2019_LA/ASVspoof2019_LA_dev/flac/LA_D_8179191.flac,0
/data/DATASETS/ASV_Spoof_2019_LA/ASVspoof2019_LA_eval/flac/LA_E_2462161.flac,0
/data/DATASETS/ASV_Spoof_2019_LA/ASVspoof2019_LA_dev/flac/LA_D_9622791.flac,0
/data/DATASETS/ASV_Spoof_2019_LA/ASVspoof2019_LA_eval/flac/LA_E_4081291.flac,0
/data/DATASETS/ASV_Spoof_2019_LA/ASVspoof2019_LA_eval/flac/LA_E_5871315.flac,0
/data/DATASETS/ASV_Spoof_2019_LA/ASVspoof2019_LA_eval/flac/LA_E_3334821.flac,0
/data/DATASETS/ASV_Spoof_2019_LA/ASVspoof2019_LA_eval/flac/LA_E_1880093.flac,0
/data/DATASETS/ASV_Spoof_2019_LA/ASVspoof2019_LA_eval/flac/LA_E_5719896.flac,0
/data/DATASETS/ASV_Spoof_2019_LA/ASVspoof2019_LA_eval/flac/LA_E_8657220.flac,0
/data/DATASETS/ASV_Spoof_2019_LA/ASVspoof2019_LA_eval/flac/LA_E_3050200.flac,0
/data/DATASETS/ASV_Spoof_2019_LA/ASVspoof2019_LA_dev/flac/LA_D_9160310.flac,0
/data/DATASETS/ASV_Spoof_2019_LA/ASVspoof2019_LA_train/flac/LA_T_7700407.flac,0
/data/DATASETS/ASV_Spoof_2019_LA/ASVspoof2019_LA_eval/flac/LA_E_1855049.flac,0
/data/DATASETS/ASV_Spoof_2019_LA/ASVspoof2019_LA_dev/flac/LA_D_3524013.flac,0
/data/DATASETS/ASV_Spoof_2019_LA/ASVspoof2019_LA_eval/flac/LA_E_7734896.flac,0
/data/DATASETS/ASV_Spoof_2019_LA/ASVspoof2019_LA_eval/flac/LA_E_9811273.flac,0
/data/DATASETS/ASV_Spoof_2019_LA/ASVspoof2019_LA_dev/flac/LA_D_5631853.flac,0
/data/DATASETS/ASV_Spoof_2019_LA/ASVspoof2019_LA_eval/flac/LA_E_9399331.flac,0
/data/DATASETS/ASV_Spoof_2019_LA/ASVspoof2019_LA_train/flac/LA_T_7801452.flac,0
/data/DATASETS/ASV_Spoof_2019_LA/ASVspoof2019_LA_dev/flac/LA_D_2120353.flac,0
/data/DATASETS/ASV_Spoof_2019_LA/ASVspoof2019_LA_dev/flac/LA_D_2653208.flac,0
/data/DATASETS/ASV_Spoof_2019_LA/ASVspoof2019_LA_dev/flac/LA_D_7185044.flac,0
/data/DATASETS/ASV_Spoof_2019_LA/ASVspoof2019_LA_dev/flac/LA_D_7731192.flac,0
/data/DATASETS/ASV_Spoof_2019_LA/ASVspoof2019_LA_eval/flac/LA_E_7855756.flac,0
/data/DATASETS/ASV_Spoof_2019_LA/ASVspoof2019_LA_train/flac/LA_T_6298658.flac,0
/data/DATASETS/ASV_Spoof_2019_LA/ASVspoof2019_LA_train/flac/LA_T_3141223.flac,0
/data/DATASETS/ASV_Spoof_2019_LA/ASVspoof2019_LA_eval/flac/LA_E_3454842.flac,0
/data/DATASETS/ASV_Spoof_2019_LA/ASVspoof2019_LA_train/flac/LA_T_5443164.flac,0
/data/DATASETS/ASV_Spoof_2019_LA/ASVspoof2019_LA_eval/flac/LA_E_6101046.flac,0
/data/DATASETS/ASV_Spoof_2019_LA/ASVspoof2019_LA_dev/flac/LA_D_5411748.flac,0
/data/DATASETS/ASV_Spoof_2019_LA/ASVspoof2019_LA_dev/flac/LA_D_4699929.flac,0
/data/DATASETS/ASV_Spoof_2019_LA/ASVspoof2019_LA_train/flac/LA_T_4698044.flac,0
/data/DATASETS/ASV_Spoof_2019_LA/ASVspoof2019_LA_train/flac/LA_T_6651095.flac,0
/data/DATASETS/ASV_Spoof_2019_LA/ASVspoof2019_LA_eval/flac/LA_E_3939546.flac,0
/data/DATASETS/ASV_Spoof_2019_LA/ASVspoof2019_LA_dev/flac/LA_D_9523504.flac,0
/data/DATASETS/ASV_Spoof_2019_LA/ASVspoof2019_LA_eval/flac/LA_E_6271117.flac,0
/data/DATASETS/ASV_Spoof_2019_LA/ASVspoof2019_LA_train/flac/LA_T_1636563.flac,0
/data/DATASETS/ASV_Spoof_2019_LA/ASVspoof2019_LA_eval/flac/LA_E_3684201.flac,0
/data/DATASETS/ASV_Spoof_2019_LA/ASVspoof2019_LA_eval/flac/LA_E_6790152.flac,0
/data/DATASETS/ASV_Spoof_2019_LA/ASVspoof2019_LA_eval/flac/LA_E_9252990.flac,0
/data/DATASETS/ASV_Spoof_2019_LA/ASVspoof2019_LA_eval/flac/LA_E_8814997.flac,0
/data/DATASETS/ASV_Spoof_2019_LA/ASVspoof2019_LA_dev/flac/LA_D_1483493.flac,0
/data/DATASETS/ASV_Spoof_2019_LA/ASVspoof2019_LA_train/flac/LA_T_8593946.flac,0
/data/DATASETS/ASV_Spoof_2019_LA/ASVspoof2019_LA_train/flac/LA_T_3268169.flac,0
/data/DATASETS/ASV_Spoof_2019_LA/ASVspoof2019_LA_train/flac/LA_T_5188464.flac,0
/data/DATASETS/ASV_Spoof_2019_LA/ASVspoof2019_LA_eval/flac/LA_E_5600714.flac,0
/data/DATASETS/ASV_Spoof_2019_LA/ASVspoof2019_LA_train/flac/LA_T_6362766.flac,0
/data/DATASETS/ASV_Spoof_2019_LA/ASVspoof2019_LA_train/flac/LA_T_8716901.flac,0
/data/DATASETS/ASV_Spoof_2019_LA/ASVspoof2019_LA_eval/flac/LA_E_6268374.flac,0
/data/DATASETS/ASV_Spoof_2019_LA/ASVspoof2019_LA_eval/flac/LA_E_1256530.flac,0
/data/DATASETS/ASV_Spoof_2019_LA/ASVspoof2019_LA_train/flac/LA_T_7087021.flac,0
/data/DATASETS/ASV_Spoof_2019_LA/ASVspoof2019_LA_eval/flac/LA_E_4965631.flac,0
/data/DATASETS/ASV_Spoof_2019_LA/ASVspoof2019_LA_eval/flac/LA_E_5441549.flac,0
/data/DATASETS/ASV_Spoof_2019_LA/ASVspoof2019_LA_eval/flac/LA_E_4056939.flac,0
/data/DATASETS/ASV_Spoof_2019_LA/ASVspoof2019_LA_eval/flac/LA_E_6446843.flac,0
/data/DATASETS/ASV_Spoof_2019_LA/ASVspoof2019_LA_eval/flac/LA_E_8783302.flac,0
/data/DATASETS/ASV_Spoof_2019_LA/ASVspoof2019_LA_dev/flac/LA_D_4520104.flac,0
/data/DATASETS/ASV_Spoof_2019_LA/ASVspoof2019_LA_eval/flac/LA_E_8895675.flac,0
/data/DATASETS/ASV_Spoof_2019_LA/ASVspoof2019_LA_eval/flac/LA_E_5059308.flac,0
/data/DATASETS/ASV_Spoof_2019_LA/ASVspoof2019_LA_dev/flac/LA_D_2753816.flac,0
/data/DATASETS/ASV_Spoof_2019_LA/ASVspoof2019_LA_train/flac/LA_T_3657309.flac,0
/data/DATASETS/ASV_Spoof_2019_LA/ASVspoof2019_LA_dev/flac/LA_D_8635731.flac,0
/data/DATASETS/ASV_Spoof_2019_LA/ASVspoof2019_LA_train/flac/LA_T_9206457.flac,0
/data/DATASETS/ASV_Spoof_2019_LA/ASVspoof2019_LA_eval/flac/LA_E_3049269.flac,0
/data/DATASETS/ASV_Spoof_2019_LA/ASVspoof2019_LA_eval/flac/LA_E_4560400.flac,0
/data/DATASETS/ASV_Spoof_2019_LA/ASVspoof2019_LA_eval/flac/LA_E_8992211.flac,0
/data/DATASETS/ASV_Spoof_2019_LA/ASVspoof2019_LA_eval/flac/LA_E_5255661.flac,0
/data/DATASETS/ASV_Spoof_2019_LA/ASVspoof2019_LA_eval/flac/LA_E_4418902.flac,0
/data/DATASETS/ASV_Spoof_2019_LA/ASVspoof2019_LA_eval/flac/LA_E_9176473.flac,0
/data/DATASETS/ASV_Spoof_2019_LA/ASVspoof2019_LA_dev/flac/LA_D_3541747.flac,0
/data/DATASETS/ASV_Spoof_2019_LA/ASVspoof2019_LA_dev/flac/LA_D_2462521.flac,0
/data/DATASETS/ASV_Spoof_2019_LA/ASVspoof2019_LA_eval/flac/LA_E_5384940.flac,0
/data/DATASETS/ASV_Spoof_2019_LA/ASVspoof2019_LA_eval/flac/LA_E_2088854.flac,0
/data/DATASETS/ASV_Spoof_2019_LA/ASVspoof2019_LA_eval/flac/LA_E_3058816.flac,0
/data/DATASETS/ASV_Spoof_2019_LA/ASVspoof2019_LA_eval/flac/LA_E_1486783.flac,0
/data/DATASETS/ASV_Spoof_2019_LA/ASVspoof2019_LA_eval/flac/LA_E_8854633.flac,0
/data/DATASETS/ASV_Spoof_2019_LA/ASVspoof2019_LA_eval/flac/LA_E_1129759.flac,0
/data/DATASETS/ASV_Spoof_2019_LA/ASVspoof2019_LA_eval/flac/LA_E_9444712.flac,0
/data/DATASETS/ASV_Spoof_2019_LA/ASVspoof2019_LA_dev/flac/LA_D_2063669.flac,0
/data/DATASETS/ASV_Spoof_2019_LA/ASVspoof2019_LA_eval/flac/LA_E_3608439.flac,0
/data/DATASETS/ASV_Spoof_2019_LA/ASVspoof2019_LA_eval/flac/LA_E_2567553.flac,0
/data/DATASETS/ASV_Spoof_2019_LA/ASVspoof2019_LA_dev/flac/LA_D_4964260.flac,0
/data/DATASETS/ASV_Spoof_2019_LA/ASVspoof2019_LA_dev/flac/LA_D_3343965.flac,0
/data/DATASETS/ASV_Spoof_2019_LA/ASVspoof2019_LA_train/flac/LA_T_3754513.flac,0
/data/DATASETS/ASV_Spoof_2019_LA/ASVspoof2019_LA_eval/flac/LA_E_5417995.flac,0
/data/DATASETS/ASV_Spoof_2019_LA/ASVspoof2019_LA_eval/flac/LA_E_5427092.flac,0
/data/DATASETS/ASV_Spoof_2019_LA/ASVspoof2019_LA_eval/flac/LA_E_1724045.flac,0
/data/DATASETS/ASV_Spoof_2019_LA/ASVspoof2019_LA_train/flac/LA_T_3230541.flac,0
/data/DATASETS/ASV_Spoof_2019_LA/ASVspoof2019_LA_eval/flac/LA_E_8065546.flac,0
/data/DATASETS/ASV_Spoof_2019_LA/ASVspoof2019_LA_train/flac/LA_T_3416785.flac,0
/data/DATASETS/ASV_Spoof_2019_LA/ASVspoof2019_LA_dev/flac/LA_D_1056334.flac,0
/data/DATASETS/ASV_Spoof_2019_LA/ASVspoof2019_LA_eval/flac/LA_E_1022511.flac,0
/data/DATASETS/ASV_Spoof_2019_LA/ASVspoof2019_LA_eval/flac/LA_E_8915060.flac,0
/data/DATASETS/ASV_Spoof_2019_LA/ASVspoof2019_LA_eval/flac/LA_E_7925387.flac,0
/data/DATASETS/ASV_Spoof_2019_LA/ASVspoof2019_LA_eval/flac/LA_E_3783131.flac,0
/data/DATASETS/ASV_Spoof_2019_LA/ASVspoof2019_LA_eval/flac/LA_E_4635407.flac,0
/data/DATASETS/ASV_Spoof_2019_LA/ASVspoof2019_LA_eval/flac/LA_E_3605070.flac,0
/data/DATASETS/ASV_Spoof_2019_LA/ASVspoof2019_LA_eval/flac/LA_E_4009494.flac,0
/data/DATASETS/ASV_Spoof_2019_LA/ASVspoof2019_LA_train/flac/LA_T_8947818.flac,0
/data/DATASETS/ASV_Spoof_2019_LA/ASVspoof2019_LA_train/flac/LA_T_9593260.flac,0
/data/DATASETS/ASV_Spoof_2019_LA/ASVspoof2019_LA_eval/flac/LA_E_1746067.flac,0
/data/DATASETS/ASV_Spoof_2019_LA/ASVspoof2019_LA_dev/flac/LA_D_3579781.flac,0
/data/DATASETS/ASV_Spoof_2019_LA/ASVspoof2019_LA_eval/flac/LA_E_9893692.flac,0
/data/DATASETS/ASV_Spoof_2019_LA/ASVspoof2019_LA_eval/flac/LA_E_7128623.flac,0
/data/DATASETS/ASV_Spoof_2019_LA/ASVspoof2019_LA_train/flac/LA_T_9133356.flac,0
/data/DATASETS/ASV_Spoof_2019_LA/ASVspoof2019_LA_eval/flac/LA_E_4454582.flac,0
/data/DATASETS/ASV_Spoof_2019_LA/ASVspoof2019_LA_eval/flac/LA_E_1775062.flac,0
/data/DATASETS/ASV_Spoof_2019_LA/ASVspoof2019_LA_eval/flac/LA_E_4925124.flac,0
/data/DATASETS/ASV_Spoof_2019_LA/ASVspoof2019_LA_eval/flac/LA_E_2875855.flac,0
/data/DATASETS/ASV_Spoof_2019_LA/ASVspoof2019_LA_dev/flac/LA_D_8672699.flac,0
/data/DATASETS/ASV_Spoof_2019_LA/ASVspoof2019_LA_eval/flac/LA_E_5862458.flac,0
/data/DATASETS/ASV_Spoof_2019_LA/ASVspoof2019_LA_eval/flac/LA_E_7024917.flac,0
/data/DATASETS/ASV_Spoof_2019_LA/ASVspoof2019_LA_train/flac/LA_T_8543558.flac,0
/data/DATASETS/ASV_Spoof_2019_LA/ASVspoof2019_LA_dev/flac/LA_D_1363243.flac,0
/data/DATASETS/ASV_Spoof_2019_LA/ASVspoof2019_LA_eval/flac/LA_E_1934834.flac,0
/data/DATASETS/ASV_Spoof_2019_LA/ASVspoof2019_LA_dev/flac/LA_D_3977034.flac,0
/data/DATASETS/ASV_Spoof_2019_LA/ASVspoof2019_LA_eval/flac/LA_E_4802074.flac,0
/data/DATASETS/ASV_Spoof_2019_LA/ASVspoof2019_LA_dev/flac/LA_D_8262874.flac,0
/data/DATASETS/ASV_Spoof_2019_LA/ASVspoof2019_LA_eval/flac/LA_E_4048418.flac,0
/data/DATASETS/ASV_Spoof_2019_LA/ASVspoof2019_LA_eval/flac/LA_E_3444316.flac,0
/data/DATASETS/ASV_Spoof_2019_LA/ASVspoof2019_LA_eval/flac/LA_E_7651481.flac,0
/data/DATASETS/ASV_Spoof_2019_LA/ASVspoof2019_LA_eval/flac/LA_E_9774296.flac,0
/data/DATASETS/ASV_Spoof_2019_LA/ASVspoof2019_LA_eval/flac/LA_E_2940871.flac,0
/data/DATASETS/ASV_Spoof_2019_LA/ASVspoof2019_LA_dev/flac/LA_D_9471357.flac,0
/data/DATASETS/ASV_Spoof_2019_LA/ASVspoof2019_LA_eval/flac/LA_E_9551675.flac,0
/data/DATASETS/ASV_Spoof_2019_LA/ASVspoof2019_LA_eval/flac/LA_E_9395892.flac,0
/data/DATASETS/ASV_Spoof_2019_LA/ASVspoof2019_LA_eval/flac/LA_E_1542647.flac,0
/data/DATASETS/ASV_Spoof_2019_LA/ASVspoof2019_LA_eval/flac/LA_E_2268477.flac,0
/data/DATASETS/ASV_Spoof_2019_LA/ASVspoof2019_LA_eval/flac/LA_E_1905249.flac,0
/data/DATASETS/ASV_Spoof_2019_LA/ASVspoof2019_LA_eval/flac/LA_E_4735937.flac,0
/data/DATASETS/ASV_Spoof_2019_LA/ASVspoof2019_LA_dev/flac/LA_D_5934426.flac,0
/data/DATASETS/ASV_Spoof_2019_LA/ASVspoof2019_LA_eval/flac/LA_E_3511281.flac,0
/data/DATASETS/ASV_Spoof_2019_LA/ASVspoof2019_LA_train/flac/LA_T_1718553.flac,0
/data/DATASETS/ASV_Spoof_2019_LA/ASVspoof2019_LA_train/flac/LA_T_5610586.flac,0
/data/DATASETS/ASV_Spoof_2019_LA/ASVspoof2019_LA_eval/flac/LA_E_8516535.flac,0
/data/DATASETS/ASV_Spoof_2019_LA/ASVspoof2019_LA_eval/flac/LA_E_7598453.flac,0
/data/DATASETS/ASV_Spoof_2019_LA/ASVspoof2019_LA_eval/flac/LA_E_2764349.flac,0
/data/DATASETS/ASV_Spoof_2019_LA/ASVspoof2019_LA_eval/flac/LA_E_9152495.flac,0
/data/DATASETS/ASV_Spoof_2019_LA/ASVspoof2019_LA_train/flac/LA_T_7893747.flac,0
/data/DATASETS/ASV_Spoof_2019_LA/ASVspoof2019_LA_eval/flac/LA_E_6263050.flac,0
/data/DATASETS/ASV_Spoof_2019_LA/ASVspoof2019_LA_dev/flac/LA_D_8498981.flac,0
/data/DATASETS/ASV_Spoof_2019_LA/ASVspoof2019_LA_dev/flac/LA_D_8873219.flac,0
/data/DATASETS/ASV_Spoof_2019_LA/ASVspoof2019_LA_eval/flac/LA_E_1283712.flac,0
/data/DATASETS/ASV_Spoof_2019_LA/ASVspoof2019_LA_train/flac/LA_T_1302075.flac,0
/data/DATASETS/ASV_Spoof_2019_LA/ASVspoof2019_LA_eval/flac/LA_E_1121844.flac,0
/data/DATASETS/ASV_Spoof_2019_LA/ASVspoof2019_LA_eval/flac/LA_E_4214594.flac,0
/data/DATASETS/ASV_Spoof_2019_LA/ASVspoof2019_LA_dev/flac/LA_D_7308477.flac,0
/data/DATASETS/ASV_Spoof_2019_LA/ASVspoof2019_LA_train/flac/LA_T_8273340.flac,0
/data/DATASETS/ASV_Spoof_2019_LA/ASVspoof2019_LA_eval/flac/LA_E_8309251.flac,0
/data/DATASETS/ASV_Spoof_2019_LA/ASVspoof2019_LA_eval/flac/LA_E_3949734.flac,0
/data/DATASETS/ASV_Spoof_2019_LA/ASVspoof2019_LA_dev/flac/LA_D_6752758.flac,0
/data/DATASETS/ASV_Spoof_2019_LA/ASVspoof2019_LA_train/flac/LA_T_1504888.flac,0
/data/DATASETS/ASV_Spoof_2019_LA/ASVspoof2019_LA_eval/flac/LA_E_7630278.flac,0
/data/DATASETS/ASV_Spoof_2019_LA/ASVspoof2019_LA_train/flac/LA_T_2307815.flac,0
/data/DATASETS/ASV_Spoof_2019_LA/ASVspoof2019_LA_eval/flac/LA_E_6067961.flac,0
/data/DATASETS/ASV_Spoof_2019_LA/ASVspoof2019_LA_eval/flac/LA_E_2062751.flac,0
/data/DATASETS/ASV_Spoof_2019_LA/ASVspoof2019_LA_eval/flac/LA_E_8811224.flac,0
/data/DATASETS/ASV_Spoof_2019_LA/ASVspoof2019_LA_eval/flac/LA_E_3374028.flac,0
/data/DATASETS/ASV_Spoof_2019_LA/ASVspoof2019_LA_train/flac/LA_T_1740931.flac,0
/data/DATASETS/ASV_Spoof_2019_LA/ASVspoof2019_LA_train/flac/LA_T_2109303.flac,0
/data/DATASETS/ASV_Spoof_2019_LA/ASVspoof2019_LA_eval/flac/LA_E_7397434.flac,0
/data/DATASETS/ASV_Spoof_2019_LA/ASVspoof2019_LA_train/flac/LA_T_1457379.flac,0
/data/DATASETS/ASV_Spoof_2019_LA/ASVspoof2019_LA_train/flac/LA_T_6371068.flac,0
/data/DATASETS/ASV_Spoof_2019_LA/ASVspoof2019_LA_train/flac/LA_T_1856855.flac,0
/data/DATASETS/ASV_Spoof_2019_LA/ASVspoof2019_LA_dev/flac/LA_D_6900009.flac,0
/data/DATASETS/ASV_Spoof_2019_LA/ASVspoof2019_LA_eval/flac/LA_E_7833085.flac,0
/data/DATASETS/ASV_Spoof_2019_LA/ASVspoof2019_LA_train/flac/LA_T_9712979.flac,0
/data/DATASETS/ASV_Spoof_2019_LA/ASVspoof2019_LA_train/flac/LA_T_1269847.flac,0
/data/DATASETS/ASV_Spoof_2019_LA/ASVspoof2019_LA_eval/flac/LA_E_4248177.flac,0
/data/DATASETS/ASV_Spoof_2019_LA/ASVspoof2019_LA_dev/flac/LA_D_8197621.flac,0
/data/DATASETS/ASV_Spoof_2019_LA/ASVspoof2019_LA_dev/flac/LA_D_6059653.flac,0
/data/DATASETS/ASV_Spoof_2019_LA/ASVspoof2019_LA_dev/flac/LA_D_8773029.flac,0
/data/DATASETS/ASV_Spoof_2019_LA/ASVspoof2019_LA_eval/flac/LA_E_7177376.flac,0
/data/DATASETS/ASV_Spoof_2019_LA/ASVspoof2019_LA_train/flac/LA_T_4297429.flac,0
/data/DATASETS/ASV_Spoof_2019_LA/ASVspoof2019_LA_train/flac/LA_T_4615562.flac,0
/data/DATASETS/ASV_Spoof_2019_LA/ASVspoof2019_LA_dev/flac/LA_D_2896345.flac,0
/data/DATASETS/ASV_Spoof_2019_LA/ASVspoof2019_LA_dev/flac/LA_D_3348941.flac,0
/data/DATASETS/ASV_Spoof_2019_LA/ASVspoof2019_LA_eval/flac/LA_E_9851111.flac,0
/data/DATASETS/ASV_Spoof_2019_LA/ASVspoof2019_LA_eval/flac/LA_E_7623633.flac,0
/data/DATASETS/ASV_Spoof_2019_LA/ASVspoof2019_LA_train/flac/LA_T_1509895.flac,0
/data/DATASETS/ASV_Spoof_2019_LA/ASVspoof2019_LA_train/flac/LA_T_9322055.flac,0
/data/DATASETS/ASV_Spoof_2019_LA/ASVspoof2019_LA_eval/flac/LA_E_3042796.flac,0
/data/DATASETS/ASV_Spoof_2019_LA/ASVspoof2019_LA_eval/flac/LA_E_5269639.flac,0
/data/DATASETS/ASV_Spoof_2019_LA/ASVspoof2019_LA_dev/flac/LA_D_1131723.flac,0
/data/DATASETS/ASV_Spoof_2019_LA/ASVspoof2019_LA_eval/flac/LA_E_7215796.flac,0
/data/DATASETS/ASV_Spoof_2019_LA/ASVspoof2019_LA_dev/flac/LA_D_5976013.flac,0
/data/DATASETS/ASV_Spoof_2019_LA/ASVspoof2019_LA_eval/flac/LA_E_4223720.flac,0
/data/DATASETS/ASV_Spoof_2019_LA/ASVspoof2019_LA_dev/flac/LA_D_2666979.flac,0
/data/DATASETS/ASV_Spoof_2019_LA/ASVspoof2019_LA_eval/flac/LA_E_1015629.flac,0
/data/DATASETS/ASV_Spoof_2019_LA/ASVspoof2019_LA_train/flac/LA_T_3971937.flac,0
/data/DATASETS/ASV_Spoof_2019_LA/ASVspoof2019_LA_dev/flac/LA_D_9664656.flac,0
/data/DATASETS/ASV_Spoof_2019_LA/ASVspoof2019_LA_eval/flac/LA_E_2607963.flac,0
/data/DATASETS/ASV_Spoof_2019_LA/ASVspoof2019_LA_eval/flac/LA_E_2368847.flac,0
/data/DATASETS/ASV_Spoof_2019_LA/ASVspoof2019_LA_eval/flac/LA_E_8811939.flac,0
/data/DATASETS/ASV_Spoof_2019_LA/ASVspoof2019_LA_eval/flac/LA_E_1165621.flac,0
/data/DATASETS/ASV_Spoof_2019_LA/ASVspoof2019_LA_eval/flac/LA_E_8378735.flac,0
/data/DATASETS/ASV_Spoof_2019_LA/ASVspoof2019_LA_train/flac/LA_T_2579587.flac,0
/data/DATASETS/ASV_Spoof_2019_LA/ASVspoof2019_LA_eval/flac/LA_E_7830324.flac,0
/data/DATASETS/ASV_Spoof_2019_LA/ASVspoof2019_LA_train/flac/LA_T_1611587.flac,0
/data/DATASETS/ASV_Spoof_2019_LA/ASVspoof2019_LA_train/flac/LA_T_9671043.flac,0
/data/DATASETS/ASV_Spoof_2019_LA/ASVspoof2019_LA_dev/flac/LA_D_7871009.flac,0
/data/DATASETS/ASV_Spoof_2019_LA/ASVspoof2019_LA_eval/flac/LA_E_4115637.flac,0
/data/DATASETS/ASV_Spoof_2019_LA/ASVspoof2019_LA_eval/flac/LA_E_1860133.flac,0
/data/DATASETS/ASV_Spoof_2019_LA/ASVspoof2019_LA_eval/flac/LA_E_9632320.flac,0
/data/DATASETS/ASV_Spoof_2019_LA/ASVspoof2019_LA_dev/flac/LA_D_3567303.flac,0
/data/DATASETS/ASV_Spoof_2019_LA/ASVspoof2019_LA_eval/flac/LA_E_8163424.flac,0
/data/DATASETS/ASV_Spoof_2019_LA/ASVspoof2019_LA_eval/flac/LA_E_2089289.flac,0
/data/DATASETS/ASV_Spoof_2019_LA/ASVspoof2019_LA_eval/flac/LA_E_1552135.flac,0
/data/DATASETS/ASV_Spoof_2019_LA/ASVspoof2019_LA_eval/flac/LA_E_4852773.flac,0
/data/DATASETS/ASV_Spoof_2019_LA/ASVspoof2019_LA_eval/flac/LA_E_8478765.flac,0
/data/DATASETS/ASV_Spoof_2019_LA/ASVspoof2019_LA_eval/flac/LA_E_4829500.flac,0
/data/DATASETS/ASV_Spoof_2019_LA/ASVspoof2019_LA_eval/flac/LA_E_6723208.flac,0
/data/DATASETS/ASV_Spoof_2019_LA/ASVspoof2019_LA_dev/flac/LA_D_4203374.flac,0
/data/DATASETS/ASV_Spoof_2019_LA/ASVspoof2019_LA_eval/flac/LA_E_1759688.flac,0
/data/DATASETS/ASV_Spoof_2019_LA/ASVspoof2019_LA_eval/flac/LA_E_5624940.flac,0
/data/DATASETS/ASV_Spoof_2019_LA/ASVspoof2019_LA_dev/flac/LA_D_4821411.flac,0
/data/DATASETS/ASV_Spoof_2019_LA/ASVspoof2019_LA_eval/flac/LA_E_7995142.flac,0
/data/DATASETS/ASV_Spoof_2019_LA/ASVspoof2019_LA_eval/flac/LA_E_7660982.flac,0
/data/DATASETS/ASV_Spoof_2019_LA/ASVspoof2019_LA_eval/flac/LA_E_4813208.flac,0
/data/DATASETS/ASV_Spoof_2019_LA/ASVspoof2019_LA_eval/flac/LA_E_9060552.flac,0
/data/DATASETS/ASV_Spoof_2019_LA/ASVspoof2019_LA_eval/flac/LA_E_6073903.flac,0
/data/DATASETS/ASV_Spoof_2019_LA/ASVspoof2019_LA_eval/flac/LA_E_9751703.flac,0
/data/DATASETS/ASV_Spoof_2019_LA/ASVspoof2019_LA_train/flac/LA_T_5968030.flac,0
/data/DATASETS/ASV_Spoof_2019_LA/ASVspoof2019_LA_train/flac/LA_T_5362691.flac,0
/data/DATASETS/ASV_Spoof_2019_LA/ASVspoof2019_LA_dev/flac/LA_D_1129909.flac,0
/data/DATASETS/ASV_Spoof_2019_LA/ASVspoof2019_LA_dev/flac/LA_D_9316963.flac,0
/data/DATASETS/ASV_Spoof_2019_LA/ASVspoof2019_LA_eval/flac/LA_E_8696873.flac,0
/data/DATASETS/ASV_Spoof_2019_LA/ASVspoof2019_LA_dev/flac/LA_D_8329201.flac,0
/data/DATASETS/ASV_Spoof_2019_LA/ASVspoof2019_LA_eval/flac/LA_E_9597400.flac,0
/data/DATASETS/ASV_Spoof_2019_LA/ASVspoof2019_LA_dev/flac/LA_D_6325680.flac,0
/data/DATASETS/ASV_Spoof_2019_LA/ASVspoof2019_LA_eval/flac/LA_E_4988299.flac,0
/data/DATASETS/ASV_Spoof_2019_LA/ASVspoof2019_LA_eval/flac/LA_E_5315522.flac,0
/data/DATASETS/ASV_Spoof_2019_LA/ASVspoof2019_LA_train/flac/LA_T_1128865.flac,0
/data/DATASETS/ASV_Spoof_2019_LA/ASVspoof2019_LA_eval/flac/LA_E_4963380.flac,0
/data/DATASETS/ASV_Spoof_2019_LA/ASVspoof2019_LA_dev/flac/LA_D_5972627.flac,0
/data/DATASETS/ASV_Spoof_2019_LA/ASVspoof2019_LA_dev/flac/LA_D_4524484.flac,0
/data/DATASETS/ASV_Spoof_2019_LA/ASVspoof2019_LA_dev/flac/LA_D_5623559.flac,0
/data/DATASETS/ASV_Spoof_2019_LA/ASVspoof2019_LA_train/flac/LA_T_9513704.flac,0
/data/DATASETS/ASV_Spoof_2019_LA/ASVspoof2019_LA_eval/flac/LA_E_9112290.flac,0
/data/DATASETS/ASV_Spoof_2019_LA/ASVspoof2019_LA_eval/flac/LA_E_5615151.flac,0
/data/DATASETS/ASV_Spoof_2019_LA/ASVspoof2019_LA_eval/flac/LA_E_2843038.flac,0
/data/DATASETS/ASV_Spoof_2019_LA/ASVspoof2019_LA_train/flac/LA_T_2993376.flac,0
/data/DATASETS/ASV_Spoof_2019_LA/ASVspoof2019_LA_eval/flac/LA_E_2655007.flac,0
/data/DATASETS/ASV_Spoof_2019_LA/ASVspoof2019_LA_train/flac/LA_T_5788985.flac,0
/data/DATASETS/ASV_Spoof_2019_LA/ASVspoof2019_LA_eval/flac/LA_E_2972010.flac,0
/data/DATASETS/ASV_Spoof_2019_LA/ASVspoof2019_LA_eval/flac/LA_E_5116883.flac,0
/data/DATASETS/ASV_Spoof_2019_LA/ASVspoof2019_LA_dev/flac/LA_D_8665901.flac,0
/data/DATASETS/ASV_Spoof_2019_LA/ASVspoof2019_LA_eval/flac/LA_E_4077508.flac,0
/data/DATASETS/ASV_Spoof_2019_LA/ASVspoof2019_LA_dev/flac/LA_D_3669578.flac,0
/data/DATASETS/ASV_Spoof_2019_LA/ASVspoof2019_LA_train/flac/LA_T_2616885.flac,0
/data/DATASETS/ASV_Spoof_2019_LA/ASVspoof2019_LA_eval/flac/LA_E_1033230.flac,0
/data/DATASETS/ASV_Spoof_2019_LA/ASVspoof2019_LA_eval/flac/LA_E_2340076.flac,0
/data/DATASETS/ASV_Spoof_2019_LA/ASVspoof2019_LA_eval/flac/LA_E_1724083.flac,0
/data/DATASETS/ASV_Spoof_2019_LA/ASVspoof2019_LA_eval/flac/LA_E_2383069.flac,0
/data/DATASETS/ASV_Spoof_2019_LA/ASVspoof2019_LA_dev/flac/LA_D_5143230.flac,0
/data/DATASETS/ASV_Spoof_2019_LA/ASVspoof2019_LA_eval/flac/LA_E_2078923.flac,0
/data/DATASETS/ASV_Spoof_2019_LA/ASVspoof2019_LA_train/flac/LA_T_8421122.flac,0
/data/DATASETS/ASV_Spoof_2019_LA/ASVspoof2019_LA_eval/flac/LA_E_5483459.flac,0
/data/DATASETS/ASV_Spoof_2019_LA/ASVspoof2019_LA_eval/flac/LA_E_4704046.flac,0
/data/DATASETS/ASV_Spoof_2019_LA/ASVspoof2019_LA_train/flac/LA_T_5792324.flac,0
/data/DATASETS/ASV_Spoof_2019_LA/ASVspoof2019_LA_dev/flac/LA_D_1864699.flac,0
/data/DATASETS/ASV_Spoof_2019_LA/ASVspoof2019_LA_train/flac/LA_T_6441166.flac,0
/data/DATASETS/ASV_Spoof_2019_LA/ASVspoof2019_LA_train/flac/LA_T_6771766.flac,0
/data/DATASETS/ASV_Spoof_2019_LA/ASVspoof2019_LA_eval/flac/LA_E_7016665.flac,0
/data/DATASETS/ASV_Spoof_2019_LA/ASVspoof2019_LA_eval/flac/LA_E_8551052.flac,0
/data/DATASETS/ASV_Spoof_2019_LA/ASVspoof2019_LA_train/flac/LA_T_8289751.flac,0
/data/DATASETS/ASV_Spoof_2019_LA/ASVspoof2019_LA_dev/flac/LA_D_7314322.flac,0
/data/DATASETS/ASV_Spoof_2019_LA/ASVspoof2019_LA_eval/flac/LA_E_8566590.flac,0
/data/DATASETS/ASV_Spoof_2019_LA/ASVspoof2019_LA_dev/flac/LA_D_5110502.flac,0
/data/DATASETS/ASV_Spoof_2019_LA/ASVspoof2019_LA_train/flac/LA_T_7090581.flac,0
/data/DATASETS/ASV_Spoof_2019_LA/ASVspoof2019_LA_train/flac/LA_T_1467964.flac,0
/data/DATASETS/ASV_Spoof_2019_LA/ASVspoof2019_LA_eval/flac/LA_E_7023214.flac,0
/data/DATASETS/ASV_Spoof_2019_LA/ASVspoof2019_LA_eval/flac/LA_E_8132324.flac,0
/data/DATASETS/ASV_Spoof_2019_LA/ASVspoof2019_LA_eval/flac/LA_E_8792884.flac,0
/data/DATASETS/ASV_Spoof_2019_LA/ASVspoof2019_LA_eval/flac/LA_E_5208437.flac,0
/data/DATASETS/ASV_Spoof_2019_LA/ASVspoof2019_LA_dev/flac/LA_D_5054904.flac,0
/data/DATASETS/ASV_Spoof_2019_LA/ASVspoof2019_LA_dev/flac/LA_D_2559281.flac,0
/data/DATASETS/ASV_Spoof_2019_LA/ASVspoof2019_LA_eval/flac/LA_E_9219334.flac,0
/data/DATASETS/ASV_Spoof_2019_LA/ASVspoof2019_LA_eval/flac/LA_E_7254587.flac,0
/data/DATASETS/ASV_Spoof_2019_LA/ASVspoof2019_LA_eval/flac/LA_E_8700372.flac,0
/data/DATASETS/ASV_Spoof_2019_LA/ASVspoof2019_LA_dev/flac/LA_D_4789150.flac,0
/data/DATASETS/ASV_Spoof_2019_LA/ASVspoof2019_LA_eval/flac/LA_E_2199189.flac,0
/data/DATASETS/ASV_Spoof_2019_LA/ASVspoof2019_LA_eval/flac/LA_E_1632342.flac,0
/data/DATASETS/ASV_Spoof_2019_LA/ASVspoof2019_LA_eval/flac/LA_E_1217236.flac,0
/data/DATASETS/ASV_Spoof_2019_LA/ASVspoof2019_LA_eval/flac/LA_E_6465123.flac,0
/data/DATASETS/ASV_Spoof_2019_LA/ASVspoof2019_LA_eval/flac/LA_E_8130303.flac,0
/data/DATASETS/ASV_Spoof_2019_LA/ASVspoof2019_LA_eval/flac/LA_E_5593909.flac,0
/data/DATASETS/ASV_Spoof_2019_LA/ASVspoof2019_LA_dev/flac/LA_D_4776681.flac,0
/data/DATASETS/ASV_Spoof_2019_LA/ASVspoof2019_LA_dev/flac/LA_D_7724772.flac,0
/data/DATASETS/ASV_Spoof_2019_LA/ASVspoof2019_LA_eval/flac/LA_E_9104242.flac,0
/data/DATASETS/ASV_Spoof_2019_LA/ASVspoof2019_LA_eval/flac/LA_E_6764440.flac,0
/data/DATASETS/ASV_Spoof_2019_LA/ASVspoof2019_LA_dev/flac/LA_D_5062996.flac,0
/data/DATASETS/ASV_Spoof_2019_LA/ASVspoof2019_LA_eval/flac/LA_E_7897801.flac,0
/data/DATASETS/ASV_Spoof_2019_LA/ASVspoof2019_LA_train/flac/LA_T_5782392.flac,0
/data/DATASETS/ASV_Spoof_2019_LA/ASVspoof2019_LA_train/flac/LA_T_3963452.flac,0
/data/DATASETS/ASV_Spoof_2019_LA/ASVspoof2019_LA_dev/flac/LA_D_6544770.flac,0
/data/DATASETS/ASV_Spoof_2019_LA/ASVspoof2019_LA_eval/flac/LA_E_5861413.flac,0
/data/DATASETS/ASV_Spoof_2019_LA/ASVspoof2019_LA_train/flac/LA_T_9378157.flac,0
/data/DATASETS/ASV_Spoof_2019_LA/ASVspoof2019_LA_dev/flac/LA_D_9300277.flac,0
/data/DATASETS/ASV_Spoof_2019_LA/ASVspoof2019_LA_eval/flac/LA_E_4888720.flac,0
/data/DATASETS/ASV_Spoof_2019_LA/ASVspoof2019_LA_eval/flac/LA_E_6222625.flac,0
/data/DATASETS/ASV_Spoof_2019_LA/ASVspoof2019_LA_train/flac/LA_T_3537526.flac,0
/data/DATASETS/ASV_Spoof_2019_LA/ASVspoof2019_LA_dev/flac/LA_D_7073678.flac,0
/data/DATASETS/ASV_Spoof_2019_LA/ASVspoof2019_LA_train/flac/LA_T_7388260.flac,0
/data/DATASETS/ASV_Spoof_2019_LA/ASVspoof2019_LA_eval/flac/LA_E_4732349.flac,0
/data/DATASETS/ASV_Spoof_2019_LA/ASVspoof2019_LA_train/flac/LA_T_2023579.flac,0
/data/DATASETS/ASV_Spoof_2019_LA/ASVspoof2019_LA_eval/flac/LA_E_2946031.flac,0
/data/DATASETS/ASV_Spoof_2019_LA/ASVspoof2019_LA_eval/flac/LA_E_2006869.flac,0
/data/DATASETS/ASV_Spoof_2019_LA/ASVspoof2019_LA_dev/flac/LA_D_3819025.flac,0
/data/DATASETS/ASV_Spoof_2019_LA/ASVspoof2019_LA_eval/flac/LA_E_3526157.flac,0
/data/DATASETS/ASV_Spoof_2019_LA/ASVspoof2019_LA_eval/flac/LA_E_9577795.flac,0
/data/DATASETS/ASV_Spoof_2019_LA/ASVspoof2019_LA_train/flac/LA_T_6093418.flac,0
/data/DATASETS/ASV_Spoof_2019_LA/ASVspoof2019_LA_eval/flac/LA_E_5511904.flac,0
/data/DATASETS/ASV_Spoof_2019_LA/ASVspoof2019_LA_eval/flac/LA_E_1030819.flac,0
/data/DATASETS/ASV_Spoof_2019_LA/ASVspoof2019_LA_eval/flac/LA_E_1682343.flac,0
/data/DATASETS/ASV_Spoof_2019_LA/ASVspoof2019_LA_dev/flac/LA_D_4175940.flac,0
/data/DATASETS/ASV_Spoof_2019_LA/ASVspoof2019_LA_eval/flac/LA_E_7805494.flac,0
/data/DATASETS/ASV_Spoof_2019_LA/ASVspoof2019_LA_train/flac/LA_T_8290600.flac,0
/data/DATASETS/ASV_Spoof_2019_LA/ASVspoof2019_LA_eval/flac/LA_E_3425727.flac,0
/data/DATASETS/ASV_Spoof_2019_LA/ASVspoof2019_LA_eval/flac/LA_E_2402845.flac,0
/data/DATASETS/ASV_Spoof_2019_LA/ASVspoof2019_LA_eval/flac/LA_E_9072595.flac,0
/data/DATASETS/ASV_Spoof_2019_LA/ASVspoof2019_LA_eval/flac/LA_E_9645733.flac,0
/data/DATASETS/ASV_Spoof_2019_LA/ASVspoof2019_LA_train/flac/LA_T_2875055.flac,0
/data/DATASETS/ASV_Spoof_2019_LA/ASVspoof2019_LA_eval/flac/LA_E_5047880.flac,0
/data/DATASETS/ASV_Spoof_2019_LA/ASVspoof2019_LA_eval/flac/LA_E_2877092.flac,0
/data/DATASETS/ASV_Spoof_2019_LA/ASVspoof2019_LA_eval/flac/LA_E_9228105.flac,0
/data/DATASETS/ASV_Spoof_2019_LA/ASVspoof2019_LA_dev/flac/LA_D_4229637.flac,0
/data/DATASETS/ASV_Spoof_2019_LA/ASVspoof2019_LA_dev/flac/LA_D_1069525.flac,0
/data/DATASETS/ASV_Spoof_2019_LA/ASVspoof2019_LA_dev/flac/LA_D_3377698.flac,0
/data/DATASETS/ASV_Spoof_2019_LA/ASVspoof2019_LA_eval/flac/LA_E_3715266.flac,0
/data/DATASETS/ASV_Spoof_2019_LA/ASVspoof2019_LA_train/flac/LA_T_3904040.flac,0
/data/DATASETS/ASV_Spoof_2019_LA/ASVspoof2019_LA_eval/flac/LA_E_8389698.flac,0
/data/DATASETS/ASV_Spoof_2019_LA/ASVspoof2019_LA_eval/flac/LA_E_7369736.flac,0
/data/DATASETS/ASV_Spoof_2019_LA/ASVspoof2019_LA_dev/flac/LA_D_5673436.flac,0
/data/DATASETS/ASV_Spoof_2019_LA/ASVspoof2019_LA_eval/flac/LA_E_7705713.flac,0
/data/DATASETS/ASV_Spoof_2019_LA/ASVspoof2019_LA_eval/flac/LA_E_9438808.flac,0
/data/DATASETS/ASV_Spoof_2019_LA/ASVspoof2019_LA_train/flac/LA_T_6298599.flac,0
/data/DATASETS/ASV_Spoof_2019_LA/ASVspoof2019_LA_eval/flac/LA_E_1243550.flac,0
/data/DATASETS/ASV_Spoof_2019_LA/ASVspoof2019_LA_eval/flac/LA_E_8117237.flac,0
/data/DATASETS/ASV_Spoof_2019_LA/ASVspoof2019_LA_eval/flac/LA_E_6471101.flac,0
/data/DATASETS/ASV_Spoof_2019_LA/ASVspoof2019_LA_train/flac/LA_T_4015268.flac,0
/data/DATASETS/ASV_Spoof_2019_LA/ASVspoof2019_LA_eval/flac/LA_E_1910495.flac,0
/data/DATASETS/ASV_Spoof_2019_LA/ASVspoof2019_LA_eval/flac/LA_E_2928405.flac,0
/data/DATASETS/ASV_Spoof_2019_LA/ASVspoof2019_LA_eval/flac/LA_E_9402290.flac,0
/data/DATASETS/ASV_Spoof_2019_LA/ASVspoof2019_LA_eval/flac/LA_E_1145525.flac,0
/data/DATASETS/ASV_Spoof_2019_LA/ASVspoof2019_LA_eval/flac/LA_E_3018082.flac,0
/data/DATASETS/ASV_Spoof_2019_LA/ASVspoof2019_LA_dev/flac/LA_D_8812163.flac,0
/data/DATASETS/ASV_Spoof_2019_LA/ASVspoof2019_LA_dev/flac/LA_D_8623607.flac,0
/data/DATASETS/ASV_Spoof_2019_LA/ASVspoof2019_LA_dev/flac/LA_D_7919190.flac,0
/data/DATASETS/ASV_Spoof_2019_LA/ASVspoof2019_LA_eval/flac/LA_E_7137691.flac,0
/data/DATASETS/ASV_Spoof_2019_LA/ASVspoof2019_LA_eval/flac/LA_E_2428839.flac,0
/data/DATASETS/ASV_Spoof_2019_LA/ASVspoof2019_LA_eval/flac/LA_E_2340868.flac,0
/data/DATASETS/ASV_Spoof_2019_LA/ASVspoof2019_LA_eval/flac/LA_E_5267881.flac,0
/data/DATASETS/ASV_Spoof_2019_LA/ASVspoof2019_LA_eval/flac/LA_E_1210327.flac,0
/data/DATASETS/ASV_Spoof_2019_LA/ASVspoof2019_LA_eval/flac/LA_E_4241371.flac,0
/data/DATASETS/ASV_Spoof_2019_LA/ASVspoof2019_LA_eval/flac/LA_E_8873169.flac,0
/data/DATASETS/ASV_Spoof_2019_LA/ASVspoof2019_LA_eval/flac/LA_E_4150494.flac,0
/data/DATASETS/ASV_Spoof_2019_LA/ASVspoof2019_LA_dev/flac/LA_D_6626817.flac,0
/data/DATASETS/ASV_Spoof_2019_LA/ASVspoof2019_LA_train/flac/LA_T_9748392.flac,0
/data/DATASETS/ASV_Spoof_2019_LA/ASVspoof2019_LA_eval/flac/LA_E_5257092.flac,0
/data/DATASETS/ASV_Spoof_2019_LA/ASVspoof2019_LA_train/flac/LA_T_9346943.flac,0
/data/DATASETS/ASV_Spoof_2019_LA/ASVspoof2019_LA_train/flac/LA_T_5125810.flac,0
/data/DATASETS/ASV_Spoof_2019_LA/ASVspoof2019_LA_eval/flac/LA_E_9154249.flac,0
/data/DATASETS/ASV_Spoof_2019_LA/ASVspoof2019_LA_dev/flac/LA_D_6288751.flac,0
/data/DATASETS/ASV_Spoof_2019_LA/ASVspoof2019_LA_eval/flac/LA_E_5475063.flac,0
/data/DATASETS/ASV_Spoof_2019_LA/ASVspoof2019_LA_dev/flac/LA_D_5090803.flac,0
/data/DATASETS/ASV_Spoof_2019_LA/ASVspoof2019_LA_train/flac/LA_T_6290647.flac,0
/data/DATASETS/ASV_Spoof_2019_LA/ASVspoof2019_LA_train/flac/LA_T_4035112.flac,0
/data/DATASETS/ASV_Spoof_2019_LA/ASVspoof2019_LA_eval/flac/LA_E_3071430.flac,0
/data/DATASETS/ASV_Spoof_2019_LA/ASVspoof2019_LA_eval/flac/LA_E_7955753.flac,0
/data/DATASETS/ASV_Spoof_2019_LA/ASVspoof2019_LA_train/flac/LA_T_1787246.flac,0
/data/DATASETS/ASV_Spoof_2019_LA/ASVspoof2019_LA_eval/flac/LA_E_3209766.flac,0
/data/DATASETS/ASV_Spoof_2019_LA/ASVspoof2019_LA_train/flac/LA_T_1745690.flac,0
/data/DATASETS/ASV_Spoof_2019_LA/ASVspoof2019_LA_eval/flac/LA_E_3306877.flac,0
/data/DATASETS/ASV_Spoof_2019_LA/ASVspoof2019_LA_eval/flac/LA_E_2323919.flac,0
/data/DATASETS/ASV_Spoof_2019_LA/ASVspoof2019_LA_dev/flac/LA_D_8764814.flac,0
/data/DATASETS/ASV_Spoof_2019_LA/ASVspoof2019_LA_train/flac/LA_T_1482076.flac,0
/data/DATASETS/ASV_Spoof_2019_LA/ASVspoof2019_LA_eval/flac/LA_E_1836574.flac,0
/data/DATASETS/ASV_Spoof_2019_LA/ASVspoof2019_LA_dev/flac/LA_D_7281226.flac,0
/data/DATASETS/ASV_Spoof_2019_LA/ASVspoof2019_LA_eval/flac/LA_E_9035609.flac,0
/data/DATASETS/ASV_Spoof_2019_LA/ASVspoof2019_LA_train/flac/LA_T_6073321.flac,0
/data/DATASETS/ASV_Spoof_2019_LA/ASVspoof2019_LA_eval/flac/LA_E_5707573.flac,0
/data/DATASETS/ASV_Spoof_2019_LA/ASVspoof2019_LA_dev/flac/LA_D_7765872.flac,0
/data/DATASETS/ASV_Spoof_2019_LA/ASVspoof2019_LA_eval/flac/LA_E_1569650.flac,0
/data/DATASETS/ASV_Spoof_2019_LA/ASVspoof2019_LA_eval/flac/LA_E_8659902.flac,0
/data/DATASETS/ASV_Spoof_2019_LA/ASVspoof2019_LA_eval/flac/LA_E_9781473.flac,0
/data/DATASETS/ASV_Spoof_2019_LA/ASVspoof2019_LA_dev/flac/LA_D_8840755.flac,0
/data/DATASETS/ASV_Spoof_2019_LA/ASVspoof2019_LA_dev/flac/LA_D_3851855.flac,0
/data/DATASETS/ASV_Spoof_2019_LA/ASVspoof2019_LA_eval/flac/LA_E_9661345.flac,0
/data/DATASETS/ASV_Spoof_2019_LA/ASVspoof2019_LA_eval/flac/LA_E_3165045.flac,0
/data/DATASETS/ASV_Spoof_2019_LA/ASVspoof2019_LA_train/flac/LA_T_5096578.flac,0
/data/DATASETS/ASV_Spoof_2019_LA/ASVspoof2019_LA_eval/flac/LA_E_3097034.flac,0
/data/DATASETS/ASV_Spoof_2019_LA/ASVspoof2019_LA_eval/flac/LA_E_4817837.flac,0
/data/DATASETS/ASV_Spoof_2019_LA/ASVspoof2019_LA_train/flac/LA_T_8349132.flac,0
/data/DATASETS/ASV_Spoof_2019_LA/ASVspoof2019_LA_train/flac/LA_T_5547883.flac,0
/data/DATASETS/ASV_Spoof_2019_LA/ASVspoof2019_LA_eval/flac/LA_E_9497025.flac,0
/data/DATASETS/ASV_Spoof_2019_LA/ASVspoof2019_LA_eval/flac/LA_E_5645003.flac,0
/data/DATASETS/ASV_Spoof_2019_LA/ASVspoof2019_LA_dev/flac/LA_D_9966094.flac,0
/data/DATASETS/ASV_Spoof_2019_LA/ASVspoof2019_LA_dev/flac/LA_D_2743286.flac,0
/data/DATASETS/ASV_Spoof_2019_LA/ASVspoof2019_LA_eval/flac/LA_E_4470995.flac,0
/data/DATASETS/ASV_Spoof_2019_LA/ASVspoof2019_LA_train/flac/LA_T_1248092.flac,0
/data/DATASETS/ASV_Spoof_2019_LA/ASVspoof2019_LA_eval/flac/LA_E_8542590.flac,0
/data/DATASETS/ASV_Spoof_2019_LA/ASVspoof2019_LA_eval/flac/LA_E_8687725.flac,0
/data/DATASETS/ASV_Spoof_2019_LA/ASVspoof2019_LA_train/flac/LA_T_5791737.flac,0
/data/DATASETS/ASV_Spoof_2019_LA/ASVspoof2019_LA_dev/flac/LA_D_3507167.flac,0
/data/DATASETS/ASV_Spoof_2019_LA/ASVspoof2019_LA_train/flac/LA_T_3812400.flac,0
/data/DATASETS/ASV_Spoof_2019_LA/ASVspoof2019_LA_eval/flac/LA_E_1475429.flac,0
/data/DATASETS/ASV_Spoof_2019_LA/ASVspoof2019_LA_eval/flac/LA_E_2970605.flac,0
/data/DATASETS/ASV_Spoof_2019_LA/ASVspoof2019_LA_dev/flac/LA_D_6035951.flac,0
/data/DATASETS/ASV_Spoof_2019_LA/ASVspoof2019_LA_dev/flac/LA_D_6994349.flac,0
/data/DATASETS/ASV_Spoof_2019_LA/ASVspoof2019_LA_eval/flac/LA_E_2854126.flac,0
/data/DATASETS/ASV_Spoof_2019_LA/ASVspoof2019_LA_eval/flac/LA_E_6298771.flac,0
/data/DATASETS/ASV_Spoof_2019_LA/ASVspoof2019_LA_train/flac/LA_T_6401833.flac,0
/data/DATASETS/ASV_Spoof_2019_LA/ASVspoof2019_LA_dev/flac/LA_D_7148063.flac,0
/data/DATASETS/ASV_Spoof_2019_LA/ASVspoof2019_LA_eval/flac/LA_E_7864630.flac,0
/data/DATASETS/ASV_Spoof_2019_LA/ASVspoof2019_LA_dev/flac/LA_D_6443649.flac,0
/data/DATASETS/ASV_Spoof_2019_LA/ASVspoof2019_LA_eval/flac/LA_E_3807335.flac,0
/data/DATASETS/ASV_Spoof_2019_LA/ASVspoof2019_LA_eval/flac/LA_E_4136260.flac,0
/data/DATASETS/ASV_Spoof_2019_LA/ASVspoof2019_LA_eval/flac/LA_E_8874589.flac,0
/data/DATASETS/ASV_Spoof_2019_LA/ASVspoof2019_LA_eval/flac/LA_E_6480666.flac,0
/data/DATASETS/ASV_Spoof_2019_LA/ASVspoof2019_LA_eval/flac/LA_E_6854304.flac,0
/data/DATASETS/ASV_Spoof_2019_LA/ASVspoof2019_LA_eval/flac/LA_E_5516580.flac,0
/data/DATASETS/ASV_Spoof_2019_LA/ASVspoof2019_LA_dev/flac/LA_D_6287239.flac,0
/data/DATASETS/ASV_Spoof_2019_LA/ASVspoof2019_LA_eval/flac/LA_E_8668025.flac,0
/data/DATASETS/ASV_Spoof_2019_LA/ASVspoof2019_LA_train/flac/LA_T_5716018.flac,0
/data/DATASETS/ASV_Spoof_2019_LA/ASVspoof2019_LA_train/flac/LA_T_4400578.flac,0
/data/DATASETS/ASV_Spoof_2019_LA/ASVspoof2019_LA_eval/flac/LA_E_4487771.flac,0
/data/DATASETS/ASV_Spoof_2019_LA/ASVspoof2019_LA_eval/flac/LA_E_5168769.flac,0
/data/DATASETS/ASV_Spoof_2019_LA/ASVspoof2019_LA_eval/flac/LA_E_5779969.flac,0
/data/DATASETS/ASV_Spoof_2019_LA/ASVspoof2019_LA_eval/flac/LA_E_9101800.flac,0
/data/DATASETS/ASV_Spoof_2019_LA/ASVspoof2019_LA_eval/flac/LA_E_4729835.flac,0
/data/DATASETS/ASV_Spoof_2019_LA/ASVspoof2019_LA_eval/flac/LA_E_6549773.flac,0
/data/DATASETS/ASV_Spoof_2019_LA/ASVspoof2019_LA_dev/flac/LA_D_1299580.flac,0
/data/DATASETS/ASV_Spoof_2019_LA/ASVspoof2019_LA_eval/flac/LA_E_7332112.flac,0
/data/DATASETS/ASV_Spoof_2019_LA/ASVspoof2019_LA_eval/flac/LA_E_3700765.flac,0
/data/DATASETS/ASV_Spoof_2019_LA/ASVspoof2019_LA_eval/flac/LA_E_9631910.flac,0
/data/DATASETS/ASV_Spoof_2019_LA/ASVspoof2019_LA_eval/flac/LA_E_5052453.flac,0
/data/DATASETS/ASV_Spoof_2019_LA/ASVspoof2019_LA_eval/flac/LA_E_1204636.flac,0
/data/DATASETS/ASV_Spoof_2019_LA/ASVspoof2019_LA_eval/flac/LA_E_7549198.flac,0
/data/DATASETS/ASV_Spoof_2019_LA/ASVspoof2019_LA_dev/flac/LA_D_6921684.flac,0
/data/DATASETS/ASV_Spoof_2019_LA/ASVspoof2019_LA_eval/flac/LA_E_9195705.flac,0
/data/DATASETS/ASV_Spoof_2019_LA/ASVspoof2019_LA_eval/flac/LA_E_6974136.flac,0
/data/DATASETS/ASV_Spoof_2019_LA/ASVspoof2019_LA_eval/flac/LA_E_5704375.flac,0
/data/DATASETS/ASV_Spoof_2019_LA/ASVspoof2019_LA_train/flac/LA_T_8089647.flac,0
/data/DATASETS/ASV_Spoof_2019_LA/ASVspoof2019_LA_eval/flac/LA_E_5629145.flac,0
/data/DATASETS/ASV_Spoof_2019_LA/ASVspoof2019_LA_eval/flac/LA_E_9304484.flac,0
/data/DATASETS/ASV_Spoof_2019_LA/ASVspoof2019_LA_train/flac/LA_T_8887502.flac,0
/data/DATASETS/ASV_Spoof_2019_LA/ASVspoof2019_LA_dev/flac/LA_D_6520984.flac,0
/data/DATASETS/ASV_Spoof_2019_LA/ASVspoof2019_LA_train/flac/LA_T_7165182.flac,0
/data/DATASETS/ASV_Spoof_2019_LA/ASVspoof2019_LA_eval/flac/LA_E_9499036.flac,0
/data/DATASETS/ASV_Spoof_2019_LA/ASVspoof2019_LA_eval/flac/LA_E_8978645.flac,0
/data/DATASETS/ASV_Spoof_2019_LA/ASVspoof2019_LA_train/flac/LA_T_3388956.flac,0
/data/DATASETS/ASV_Spoof_2019_LA/ASVspoof2019_LA_eval/flac/LA_E_1860681.flac,0
/data/DATASETS/ASV_Spoof_2019_LA/ASVspoof2019_LA_eval/flac/LA_E_7137829.flac,0
/data/DATASETS/ASV_Spoof_2019_LA/ASVspoof2019_LA_dev/flac/LA_D_8089175.flac,0
/data/DATASETS/ASV_Spoof_2019_LA/ASVspoof2019_LA_eval/flac/LA_E_9424280.flac,0
/data/DATASETS/ASV_Spoof_2019_LA/ASVspoof2019_LA_eval/flac/LA_E_1930201.flac,0
/data/DATASETS/ASV_Spoof_2019_LA/ASVspoof2019_LA_dev/flac/LA_D_1469404.flac,0
/data/DATASETS/ASV_Spoof_2019_LA/ASVspoof2019_LA_eval/flac/LA_E_3135807.flac,0
/data/DATASETS/ASV_Spoof_2019_LA/ASVspoof2019_LA_eval/flac/LA_E_7525483.flac,0
/data/DATASETS/ASV_Spoof_2019_LA/ASVspoof2019_LA_train/flac/LA_T_9351820.flac,0
/data/DATASETS/ASV_Spoof_2019_LA/ASVspoof2019_LA_eval/flac/LA_E_1578047.flac,0
/data/DATASETS/ASV_Spoof_2019_LA/ASVspoof2019_LA_train/flac/LA_T_8700513.flac,0
/data/DATASETS/ASV_Spoof_2019_LA/ASVspoof2019_LA_eval/flac/LA_E_6111825.flac,0
/data/DATASETS/ASV_Spoof_2019_LA/ASVspoof2019_LA_dev/flac/LA_D_5248127.flac,0
/data/DATASETS/ASV_Spoof_2019_LA/ASVspoof2019_LA_eval/flac/LA_E_7610239.flac,0
/data/DATASETS/ASV_Spoof_2019_LA/ASVspoof2019_LA_eval/flac/LA_E_5830275.flac,0
/data/DATASETS/ASV_Spoof_2019_LA/ASVspoof2019_LA_train/flac/LA_T_3224558.flac,0
/data/DATASETS/ASV_Spoof_2019_LA/ASVspoof2019_LA_train/flac/LA_T_7589094.flac,0
/data/DATASETS/ASV_Spoof_2019_LA/ASVspoof2019_LA_eval/flac/LA_E_1596592.flac,0
/data/DATASETS/ASV_Spoof_2019_LA/ASVspoof2019_LA_dev/flac/LA_D_7370520.flac,0
/data/DATASETS/ASV_Spoof_2019_LA/ASVspoof2019_LA_dev/flac/LA_D_4337768.flac,0
/data/DATASETS/ASV_Spoof_2019_LA/ASVspoof2019_LA_dev/flac/LA_D_7439393.flac,0
/data/DATASETS/ASV_Spoof_2019_LA/ASVspoof2019_LA_dev/flac/LA_D_6754294.flac,0
/data/DATASETS/ASV_Spoof_2019_LA/ASVspoof2019_LA_eval/flac/LA_E_4804313.flac,0
/data/DATASETS/ASV_Spoof_2019_LA/ASVspoof2019_LA_eval/flac/LA_E_9321526.flac,0
/data/DATASETS/ASV_Spoof_2019_LA/ASVspoof2019_LA_dev/flac/LA_D_2124484.flac,0
/data/DATASETS/ASV_Spoof_2019_LA/ASVspoof2019_LA_eval/flac/LA_E_2308342.flac,0
/data/DATASETS/ASV_Spoof_2019_LA/ASVspoof2019_LA_dev/flac/LA_D_6642454.flac,0
/data/DATASETS/ASV_Spoof_2019_LA/ASVspoof2019_LA_eval/flac/LA_E_3748441.flac,0
/data/DATASETS/ASV_Spoof_2019_LA/ASVspoof2019_LA_eval/flac/LA_E_6500857.flac,0
/data/DATASETS/ASV_Spoof_2019_LA/ASVspoof2019_LA_eval/flac/LA_E_6052276.flac,0
/data/DATASETS/ASV_Spoof_2019_LA/ASVspoof2019_LA_dev/flac/LA_D_5527177.flac,0
/data/DATASETS/ASV_Spoof_2019_LA/ASVspoof2019_LA_eval/flac/LA_E_1421210.flac,0
/data/DATASETS/ASV_Spoof_2019_LA/ASVspoof2019_LA_train/flac/LA_T_1341447.flac,0
/data/DATASETS/ASV_Spoof_2019_LA/ASVspoof2019_LA_eval/flac/LA_E_1204914.flac,0
/data/DATASETS/ASV_Spoof_2019_LA/ASVspoof2019_LA_train/flac/LA_T_9177970.flac,0
/data/DATASETS/ASV_Spoof_2019_LA/ASVspoof2019_LA_eval/flac/LA_E_9397289.flac,0
/data/DATASETS/ASV_Spoof_2019_LA/ASVspoof2019_LA_eval/flac/LA_E_7321687.flac,0
/data/DATASETS/ASV_Spoof_2019_LA/ASVspoof2019_LA_eval/flac/LA_E_4048708.flac,0
/data/DATASETS/ASV_Spoof_2019_LA/ASVspoof2019_LA_dev/flac/LA_D_3251058.flac,0
/data/DATASETS/ASV_Spoof_2019_LA/ASVspoof2019_LA_train/flac/LA_T_6774634.flac,0
/data/DATASETS/ASV_Spoof_2019_LA/ASVspoof2019_LA_eval/flac/LA_E_6035070.flac,0
/data/DATASETS/ASV_Spoof_2019_LA/ASVspoof2019_LA_dev/flac/LA_D_7981085.flac,0
/data/DATASETS/ASV_Spoof_2019_LA/ASVspoof2019_LA_dev/flac/LA_D_4076814.flac,0
/data/DATASETS/ASV_Spoof_2019_LA/ASVspoof2019_LA_eval/flac/LA_E_9992168.flac,0
/data/DATASETS/ASV_Spoof_2019_LA/ASVspoof2019_LA_eval/flac/LA_E_9301086.flac,0
/data/DATASETS/ASV_Spoof_2019_LA/ASVspoof2019_LA_dev/flac/LA_D_1374363.flac,0
/data/DATASETS/ASV_Spoof_2019_LA/ASVspoof2019_LA_eval/flac/LA_E_3273657.flac,0
/data/DATASETS/ASV_Spoof_2019_LA/ASVspoof2019_LA_train/flac/LA_T_5715699.flac,0
/data/DATASETS/ASV_Spoof_2019_LA/ASVspoof2019_LA_dev/flac/LA_D_9869348.flac,0
/data/DATASETS/ASV_Spoof_2019_LA/ASVspoof2019_LA_eval/flac/LA_E_5418332.flac,0
/data/DATASETS/ASV_Spoof_2019_LA/ASVspoof2019_LA_train/flac/LA_T_6861216.flac,0
/data/DATASETS/ASV_Spoof_2019_LA/ASVspoof2019_LA_train/flac/LA_T_4169604.flac,0
/data/DATASETS/ASV_Spoof_2019_LA/ASVspoof2019_LA_dev/flac/LA_D_8688425.flac,0
/data/DATASETS/ASV_Spoof_2019_LA/ASVspoof2019_LA_eval/flac/LA_E_9546124.flac,0
/data/DATASETS/ASV_Spoof_2019_LA/ASVspoof2019_LA_eval/flac/LA_E_5731366.flac,0
/data/DATASETS/ASV_Spoof_2019_LA/ASVspoof2019_LA_eval/flac/LA_E_1350882.flac,0
/data/DATASETS/ASV_Spoof_2019_LA/ASVspoof2019_LA_dev/flac/LA_D_9137331.flac,0
/data/DATASETS/ASV_Spoof_2019_LA/ASVspoof2019_LA_train/flac/LA_T_6093520.flac,0
/data/DATASETS/ASV_Spoof_2019_LA/ASVspoof2019_LA_eval/flac/LA_E_6553508.flac,0
/data/DATASETS/ASV_Spoof_2019_LA/ASVspoof2019_LA_dev/flac/LA_D_8101504.flac,0
/data/DATASETS/ASV_Spoof_2019_LA/ASVspoof2019_LA_eval/flac/LA_E_3646853.flac,0
/data/DATASETS/ASV_Spoof_2019_LA/ASVspoof2019_LA_train/flac/LA_T_9608821.flac,0
/data/DATASETS/ASV_Spoof_2019_LA/ASVspoof2019_LA_dev/flac/LA_D_1838177.flac,0
/data/DATASETS/ASV_Spoof_2019_LA/ASVspoof2019_LA_eval/flac/LA_E_3065062.flac,0
/data/DATASETS/ASV_Spoof_2019_LA/ASVspoof2019_LA_eval/flac/LA_E_6102028.flac,0
/data/DATASETS/ASV_Spoof_2019_LA/ASVspoof2019_LA_train/flac/LA_T_4255653.flac,0
/data/DATASETS/ASV_Spoof_2019_LA/ASVspoof2019_LA_train/flac/LA_T_2175978.flac,0
/data/DATASETS/ASV_Spoof_2019_LA/ASVspoof2019_LA_eval/flac/LA_E_4354303.flac,0
/data/DATASETS/ASV_Spoof_2019_LA/ASVspoof2019_LA_dev/flac/LA_D_9260902.flac,0
/data/DATASETS/ASV_Spoof_2019_LA/ASVspoof2019_LA_eval/flac/LA_E_7302635.flac,0
/data/DATASETS/ASV_Spoof_2019_LA/ASVspoof2019_LA_train/flac/LA_T_8038233.flac,0
/data/DATASETS/ASV_Spoof_2019_LA/ASVspoof2019_LA_dev/flac/LA_D_6064218.flac,0
/data/DATASETS/ASV_Spoof_2019_LA/ASVspoof2019_LA_eval/flac/LA_E_8295850.flac,0
/data/DATASETS/ASV_Spoof_2019_LA/ASVspoof2019_LA_train/flac/LA_T_8918938.flac,0
/data/DATASETS/ASV_Spoof_2019_LA/ASVspoof2019_LA_eval/flac/LA_E_8299450.flac,0
/data/DATASETS/ASV_Spoof_2019_LA/ASVspoof2019_LA_eval/flac/LA_E_3601447.flac,0
/data/DATASETS/ASV_Spoof_2019_LA/ASVspoof2019_LA_dev/flac/LA_D_4338785.flac,0
/data/DATASETS/ASV_Spoof_2019_LA/ASVspoof2019_LA_train/flac/LA_T_9519970.flac,0
/data/DATASETS/ASV_Spoof_2019_LA/ASVspoof2019_LA_dev/flac/LA_D_8210164.flac,0
/data/DATASETS/ASV_Spoof_2019_LA/ASVspoof2019_LA_dev/flac/LA_D_5135638.flac,0
/data/DATASETS/ASV_Spoof_2019_LA/ASVspoof2019_LA_train/flac/LA_T_6369221.flac,0
/data/DATASETS/ASV_Spoof_2019_LA/ASVspoof2019_LA_eval/flac/LA_E_5375630.flac,0
/data/DATASETS/ASV_Spoof_2019_LA/ASVspoof2019_LA_eval/flac/LA_E_9909242.flac,0
/data/DATASETS/ASV_Spoof_2019_LA/ASVspoof2019_LA_eval/flac/LA_E_8026439.flac,0
/data/DATASETS/ASV_Spoof_2019_LA/ASVspoof2019_LA_eval/flac/LA_E_8691227.flac,0
/data/DATASETS/ASV_Spoof_2019_LA/ASVspoof2019_LA_eval/flac/LA_E_1847184.flac,0
/data/DATASETS/ASV_Spoof_2019_LA/ASVspoof2019_LA_dev/flac/LA_D_8476547.flac,0
/data/DATASETS/ASV_Spoof_2019_LA/ASVspoof2019_LA_eval/flac/LA_E_2474722.flac,0
/data/DATASETS/ASV_Spoof_2019_LA/ASVspoof2019_LA_eval/flac/LA_E_1279438.flac,0
/data/DATASETS/ASV_Spoof_2019_LA/ASVspoof2019_LA_train/flac/LA_T_4337007.flac,0
/data/DATASETS/ASV_Spoof_2019_LA/ASVspoof2019_LA_dev/flac/LA_D_4402714.flac,0
/data/DATASETS/ASV_Spoof_2019_LA/ASVspoof2019_LA_eval/flac/LA_E_9979945.flac,0
/data/DATASETS/ASV_Spoof_2019_LA/ASVspoof2019_LA_dev/flac/LA_D_8272605.flac,0
/data/DATASETS/ASV_Spoof_2019_LA/ASVspoof2019_LA_train/flac/LA_T_3059635.flac,0
/data/DATASETS/ASV_Spoof_2019_LA/ASVspoof2019_LA_dev/flac/LA_D_9791780.flac,0
/data/DATASETS/ASV_Spoof_2019_LA/ASVspoof2019_LA_eval/flac/LA_E_8321077.flac,0
/data/DATASETS/ASV_Spoof_2019_LA/ASVspoof2019_LA_eval/flac/LA_E_1216265.flac,0
/data/DATASETS/ASV_Spoof_2019_LA/ASVspoof2019_LA_eval/flac/LA_E_7776955.flac,0
/data/DATASETS/ASV_Spoof_2019_LA/ASVspoof2019_LA_dev/flac/LA_D_7933208.flac,0
/data/DATASETS/ASV_Spoof_2019_LA/ASVspoof2019_LA_dev/flac/LA_D_9584404.flac,0
/data/DATASETS/ASV_Spoof_2019_LA/ASVspoof2019_LA_dev/flac/LA_D_7255005.flac,0
/data/DATASETS/ASV_Spoof_2019_LA/ASVspoof2019_LA_dev/flac/LA_D_3467346.flac,0
/data/DATASETS/ASV_Spoof_2019_LA/ASVspoof2019_LA_dev/flac/LA_D_3373017.flac,0
/data/DATASETS/ASV_Spoof_2019_LA/ASVspoof2019_LA_eval/flac/LA_E_1515133.flac,0
/data/DATASETS/ASV_Spoof_2019_LA/ASVspoof2019_LA_eval/flac/LA_E_5474612.flac,0
/data/DATASETS/ASV_Spoof_2019_LA/ASVspoof2019_LA_eval/flac/LA_E_9080927.flac,0
/data/DATASETS/ASV_Spoof_2019_LA/ASVspoof2019_LA_eval/flac/LA_E_1071484.flac,0
/data/DATASETS/ASV_Spoof_2019_LA/ASVspoof2019_LA_train/flac/LA_T_6258131.flac,0
/data/DATASETS/ASV_Spoof_2019_LA/ASVspoof2019_LA_eval/flac/LA_E_9893256.flac,0
/data/DATASETS/ASV_Spoof_2019_LA/ASVspoof2019_LA_dev/flac/LA_D_6178956.flac,0
/data/DATASETS/ASV_Spoof_2019_LA/ASVspoof2019_LA_eval/flac/LA_E_3555959.flac,0
/data/DATASETS/ASV_Spoof_2019_LA/ASVspoof2019_LA_eval/flac/LA_E_4492579.flac,0
/data/DATASETS/ASV_Spoof_2019_LA/ASVspoof2019_LA_eval/flac/LA_E_7107684.flac,0
/data/DATASETS/ASV_Spoof_2019_LA/ASVspoof2019_LA_eval/flac/LA_E_1581815.flac,0
/data/DATASETS/ASV_Spoof_2019_LA/ASVspoof2019_LA_eval/flac/LA_E_3708023.flac,0
/data/DATASETS/ASV_Spoof_2019_LA/ASVspoof2019_LA_eval/flac/LA_E_6768782.flac,0
/data/DATASETS/ASV_Spoof_2019_LA/ASVspoof2019_LA_eval/flac/LA_E_8123735.flac,0
/data/DATASETS/ASV_Spoof_2019_LA/ASVspoof2019_LA_eval/flac/LA_E_5156773.flac,0
/data/DATASETS/ASV_Spoof_2019_LA/ASVspoof2019_LA_eval/flac/LA_E_8777792.flac,0
/data/DATASETS/ASV_Spoof_2019_LA/ASVspoof2019_LA_eval/flac/LA_E_5962916.flac,0
/data/DATASETS/ASV_Spoof_2019_LA/ASVspoof2019_LA_eval/flac/LA_E_7377457.flac,0
/data/DATASETS/ASV_Spoof_2019_LA/ASVspoof2019_LA_eval/flac/LA_E_1513280.flac,0
/data/DATASETS/ASV_Spoof_2019_LA/ASVspoof2019_LA_eval/flac/LA_E_1311831.flac,0
/data/DATASETS/ASV_Spoof_2019_LA/ASVspoof2019_LA_eval/flac/LA_E_8445080.flac,0
/data/DATASETS/ASV_Spoof_2019_LA/ASVspoof2019_LA_dev/flac/LA_D_9517414.flac,0
/data/DATASETS/ASV_Spoof_2019_LA/ASVspoof2019_LA_dev/flac/LA_D_5240410.flac,0
/data/DATASETS/ASV_Spoof_2019_LA/ASVspoof2019_LA_train/flac/LA_T_6698994.flac,0
/data/DATASETS/ASV_Spoof_2019_LA/ASVspoof2019_LA_eval/flac/LA_E_4254505.flac,0
/data/DATASETS/ASV_Spoof_2019_LA/ASVspoof2019_LA_eval/flac/LA_E_3398194.flac,0
/data/DATASETS/ASV_Spoof_2019_LA/ASVspoof2019_LA_eval/flac/LA_E_2381823.flac,0
/data/DATASETS/ASV_Spoof_2019_LA/ASVspoof2019_LA_eval/flac/LA_E_8964027.flac,0
/data/DATASETS/ASV_Spoof_2019_LA/ASVspoof2019_LA_train/flac/LA_T_7981442.flac,0
/data/DATASETS/ASV_Spoof_2019_LA/ASVspoof2019_LA_train/flac/LA_T_8107610.flac,0
/data/DATASETS/ASV_Spoof_2019_LA/ASVspoof2019_LA_eval/flac/LA_E_5381000.flac,0
/data/DATASETS/ASV_Spoof_2019_LA/ASVspoof2019_LA_eval/flac/LA_E_1892149.flac,0
/data/DATASETS/ASV_Spoof_2019_LA/ASVspoof2019_LA_train/flac/LA_T_8475651.flac,0
/data/DATASETS/ASV_Spoof_2019_LA/ASVspoof2019_LA_eval/flac/LA_E_3240638.flac,0
/data/DATASETS/ASV_Spoof_2019_LA/ASVspoof2019_LA_dev/flac/LA_D_3887452.flac,0
/data/DATASETS/ASV_Spoof_2019_LA/ASVspoof2019_LA_eval/flac/LA_E_6552331.flac,0
/data/DATASETS/ASV_Spoof_2019_LA/ASVspoof2019_LA_train/flac/LA_T_6106283.flac,0
/data/DATASETS/ASV_Spoof_2019_LA/ASVspoof2019_LA_eval/flac/LA_E_4220286.flac,0
/data/DATASETS/ASV_Spoof_2019_LA/ASVspoof2019_LA_eval/flac/LA_E_3511387.flac,0
/data/DATASETS/ASV_Spoof_2019_LA/ASVspoof2019_LA_train/flac/LA_T_3306464.flac,0
/data/DATASETS/ASV_Spoof_2019_LA/ASVspoof2019_LA_train/flac/LA_T_8002835.flac,0
/data/DATASETS/ASV_Spoof_2019_LA/ASVspoof2019_LA_dev/flac/LA_D_6304222.flac,0
/data/DATASETS/ASV_Spoof_2019_LA/ASVspoof2019_LA_eval/flac/LA_E_3107846.flac,0
/data/DATASETS/ASV_Spoof_2019_LA/ASVspoof2019_LA_eval/flac/LA_E_3206572.flac,0
/data/DATASETS/ASV_Spoof_2019_LA/ASVspoof2019_LA_eval/flac/LA_E_7862182.flac,0
/data/DATASETS/ASV_Spoof_2019_LA/ASVspoof2019_LA_train/flac/LA_T_9587918.flac,0
/data/DATASETS/ASV_Spoof_2019_LA/ASVspoof2019_LA_eval/flac/LA_E_9057190.flac,0
/data/DATASETS/ASV_Spoof_2019_LA/ASVspoof2019_LA_eval/flac/LA_E_4044346.flac,0
/data/DATASETS/ASV_Spoof_2019_LA/ASVspoof2019_LA_eval/flac/LA_E_3709230.flac,0
/data/DATASETS/ASV_Spoof_2019_LA/ASVspoof2019_LA_train/flac/LA_T_8857843.flac,0
/data/DATASETS/ASV_Spoof_2019_LA/ASVspoof2019_LA_eval/flac/LA_E_9283845.flac,0
/data/DATASETS/ASV_Spoof_2019_LA/ASVspoof2019_LA_eval/flac/LA_E_5861273.flac,0
/data/DATASETS/ASV_Spoof_2019_LA/ASVspoof2019_LA_eval/flac/LA_E_6234775.flac,0
/data/DATASETS/ASV_Spoof_2019_LA/ASVspoof2019_LA_eval/flac/LA_E_7681502.flac,0
/data/DATASETS/ASV_Spoof_2019_LA/ASVspoof2019_LA_train/flac/LA_T_1310154.flac,0
/data/DATASETS/ASV_Spoof_2019_LA/ASVspoof2019_LA_eval/flac/LA_E_1728154.flac,0
/data/DATASETS/ASV_Spoof_2019_LA/ASVspoof2019_LA_eval/flac/LA_E_5818405.flac,0
/data/DATASETS/ASV_Spoof_2019_LA/ASVspoof2019_LA_train/flac/LA_T_5049541.flac,0
/data/DATASETS/ASV_Spoof_2019_LA/ASVspoof2019_LA_eval/flac/LA_E_2520247.flac,0
/data/DATASETS/ASV_Spoof_2019_LA/ASVspoof2019_LA_eval/flac/LA_E_7042411.flac,0
/data/DATASETS/ASV_Spoof_2019_LA/ASVspoof2019_LA_eval/flac/LA_E_7604724.flac,0
/data/DATASETS/ASV_Spoof_2019_LA/ASVspoof2019_LA_eval/flac/LA_E_4154190.flac,0
/data/DATASETS/ASV_Spoof_2019_LA/ASVspoof2019_LA_train/flac/LA_T_3168858.flac,0
/data/DATASETS/ASV_Spoof_2019_LA/ASVspoof2019_LA_dev/flac/LA_D_3404272.flac,0
/data/DATASETS/ASV_Spoof_2019_LA/ASVspoof2019_LA_eval/flac/LA_E_9445132.flac,0
/data/DATASETS/ASV_Spoof_2019_LA/ASVspoof2019_LA_dev/flac/LA_D_9110661.flac,0
/data/DATASETS/ASV_Spoof_2019_LA/ASVspoof2019_LA_eval/flac/LA_E_2766353.flac,0
/data/DATASETS/ASV_Spoof_2019_LA/ASVspoof2019_LA_eval/flac/LA_E_1252998.flac,0
/data/DATASETS/ASV_Spoof_2019_LA/ASVspoof2019_LA_dev/flac/LA_D_9146484.flac,0
/data/DATASETS/ASV_Spoof_2019_LA/ASVspoof2019_LA_dev/flac/LA_D_6434693.flac,0
/data/DATASETS/ASV_Spoof_2019_LA/ASVspoof2019_LA_train/flac/LA_T_3233814.flac,0
/data/DATASETS/ASV_Spoof_2019_LA/ASVspoof2019_LA_eval/flac/LA_E_3290900.flac,0
/data/DATASETS/ASV_Spoof_2019_LA/ASVspoof2019_LA_eval/flac/LA_E_9214440.flac,0
/data/DATASETS/ASV_Spoof_2019_LA/ASVspoof2019_LA_dev/flac/LA_D_7618557.flac,0
/data/DATASETS/ASV_Spoof_2019_LA/ASVspoof2019_LA_eval/flac/LA_E_3546815.flac,0
/data/DATASETS/ASV_Spoof_2019_LA/ASVspoof2019_LA_eval/flac/LA_E_7427929.flac,0
/data/DATASETS/ASV_Spoof_2019_LA/ASVspoof2019_LA_eval/flac/LA_E_7878178.flac,0
/data/DATASETS/ASV_Spoof_2019_LA/ASVspoof2019_LA_dev/flac/LA_D_5759383.flac,0
/data/DATASETS/ASV_Spoof_2019_LA/ASVspoof2019_LA_train/flac/LA_T_5637214.flac,0
/data/DATASETS/ASV_Spoof_2019_LA/ASVspoof2019_LA_dev/flac/LA_D_1686743.flac,0
/data/DATASETS/ASV_Spoof_2019_LA/ASVspoof2019_LA_eval/flac/LA_E_1716712.flac,0
/data/DATASETS/ASV_Spoof_2019_LA/ASVspoof2019_LA_eval/flac/LA_E_9442676.flac,0
/data/DATASETS/ASV_Spoof_2019_LA/ASVspoof2019_LA_train/flac/LA_T_1300559.flac,0
/data/DATASETS/ASV_Spoof_2019_LA/ASVspoof2019_LA_train/flac/LA_T_7279776.flac,0
/data/DATASETS/ASV_Spoof_2019_LA/ASVspoof2019_LA_train/flac/LA_T_1411980.flac,0
/data/DATASETS/ASV_Spoof_2019_LA/ASVspoof2019_LA_eval/flac/LA_E_1616694.flac,0
/data/DATASETS/ASV_Spoof_2019_LA/ASVspoof2019_LA_eval/flac/LA_E_6813363.flac,0
/data/DATASETS/ASV_Spoof_2019_LA/ASVspoof2019_LA_dev/flac/LA_D_7841911.flac,0
/data/DATASETS/ASV_Spoof_2019_LA/ASVspoof2019_LA_train/flac/LA_T_9032022.flac,0
/data/DATASETS/ASV_Spoof_2019_LA/ASVspoof2019_LA_train/flac/LA_T_7335715.flac,0
/data/DATASETS/ASV_Spoof_2019_LA/ASVspoof2019_LA_train/flac/LA_T_8086364.flac,0
/data/DATASETS/ASV_Spoof_2019_LA/ASVspoof2019_LA_dev/flac/LA_D_6704472.flac,0
/data/DATASETS/ASV_Spoof_2019_LA/ASVspoof2019_LA_eval/flac/LA_E_4063307.flac,0
/data/DATASETS/ASV_Spoof_2019_LA/ASVspoof2019_LA_dev/flac/LA_D_9942874.flac,0
/data/DATASETS/ASV_Spoof_2019_LA/ASVspoof2019_LA_eval/flac/LA_E_2529902.flac,0
/data/DATASETS/ASV_Spoof_2019_LA/ASVspoof2019_LA_eval/flac/LA_E_6531800.flac,0
/data/DATASETS/ASV_Spoof_2019_LA/ASVspoof2019_LA_dev/flac/LA_D_5011714.flac,0
/data/DATASETS/ASV_Spoof_2019_LA/ASVspoof2019_LA_eval/flac/LA_E_6134721.flac,0
/data/DATASETS/ASV_Spoof_2019_LA/ASVspoof2019_LA_train/flac/LA_T_6212732.flac,0
/data/DATASETS/ASV_Spoof_2019_LA/ASVspoof2019_LA_train/flac/LA_T_8214944.flac,0
/data/DATASETS/ASV_Spoof_2019_LA/ASVspoof2019_LA_dev/flac/LA_D_4228839.flac,0
/data/DATASETS/ASV_Spoof_2019_LA/ASVspoof2019_LA_eval/flac/LA_E_7249289.flac,0
/data/DATASETS/ASV_Spoof_2019_LA/ASVspoof2019_LA_eval/flac/LA_E_3664029.flac,0
/data/DATASETS/ASV_Spoof_2019_LA/ASVspoof2019_LA_dev/flac/LA_D_4013164.flac,0
/data/DATASETS/ASV_Spoof_2019_LA/ASVspoof2019_LA_dev/flac/LA_D_4877516.flac,0
/data/DATASETS/ASV_Spoof_2019_LA/ASVspoof2019_LA_eval/flac/LA_E_8722557.flac,0
/data/DATASETS/ASV_Spoof_2019_LA/ASVspoof2019_LA_dev/flac/LA_D_5794620.flac,0
/data/DATASETS/ASV_Spoof_2019_LA/ASVspoof2019_LA_train/flac/LA_T_6268937.flac,0
/data/DATASETS/ASV_Spoof_2019_LA/ASVspoof2019_LA_eval/flac/LA_E_6746912.flac,0
/data/DATASETS/ASV_Spoof_2019_LA/ASVspoof2019_LA_eval/flac/LA_E_5346148.flac,0
/data/DATASETS/ASV_Spoof_2019_LA/ASVspoof2019_LA_eval/flac/LA_E_5555369.flac,0
/data/DATASETS/ASV_Spoof_2019_LA/ASVspoof2019_LA_eval/flac/LA_E_9021464.flac,0
/data/DATASETS/ASV_Spoof_2019_LA/ASVspoof2019_LA_train/flac/LA_T_4564345.flac,0
/data/DATASETS/ASV_Spoof_2019_LA/ASVspoof2019_LA_dev/flac/LA_D_3444541.flac,0
/data/DATASETS/ASV_Spoof_2019_LA/ASVspoof2019_LA_eval/flac/LA_E_1508322.flac,0
/data/DATASETS/ASV_Spoof_2019_LA/ASVspoof2019_LA_dev/flac/LA_D_9051118.flac,0
/data/DATASETS/ASV_Spoof_2019_LA/ASVspoof2019_LA_eval/flac/LA_E_1614373.flac,0
/data/DATASETS/ASV_Spoof_2019_LA/ASVspoof2019_LA_eval/flac/LA_E_6188586.flac,0
/data/DATASETS/ASV_Spoof_2019_LA/ASVspoof2019_LA_train/flac/LA_T_1569477.flac,0
/data/DATASETS/ASV_Spoof_2019_LA/ASVspoof2019_LA_eval/flac/LA_E_2094025.flac,0
/data/DATASETS/ASV_Spoof_2019_LA/ASVspoof2019_LA_eval/flac/LA_E_6425190.flac,0
/data/DATASETS/ASV_Spoof_2019_LA/ASVspoof2019_LA_eval/flac/LA_E_6746524.flac,0
/data/DATASETS/ASV_Spoof_2019_LA/ASVspoof2019_LA_eval/flac/LA_E_9094036.flac,0
/data/DATASETS/ASV_Spoof_2019_LA/ASVspoof2019_LA_dev/flac/LA_D_6367157.flac,0
/data/DATASETS/ASV_Spoof_2019_LA/ASVspoof2019_LA_eval/flac/LA_E_5493440.flac,0
/data/DATASETS/ASV_Spoof_2019_LA/ASVspoof2019_LA_eval/flac/LA_E_6030759.flac,0
/data/DATASETS/ASV_Spoof_2019_LA/ASVspoof2019_LA_train/flac/LA_T_7720305.flac,0
/data/DATASETS/ASV_Spoof_2019_LA/ASVspoof2019_LA_eval/flac/LA_E_5853108.flac,0
/data/DATASETS/ASV_Spoof_2019_LA/ASVspoof2019_LA_eval/flac/LA_E_7899404.flac,0
/data/DATASETS/ASV_Spoof_2019_LA/ASVspoof2019_LA_dev/flac/LA_D_9625547.flac,0
/data/DATASETS/ASV_Spoof_2019_LA/ASVspoof2019_LA_eval/flac/LA_E_8627312.flac,0
/data/DATASETS/ASV_Spoof_2019_LA/ASVspoof2019_LA_eval/flac/LA_E_7218987.flac,0
/data/DATASETS/ASV_Spoof_2019_LA/ASVspoof2019_LA_eval/flac/LA_E_6976427.flac,0
/data/DATASETS/ASV_Spoof_2019_LA/ASVspoof2019_LA_eval/flac/LA_E_1729164.flac,0
/data/DATASETS/ASV_Spoof_2019_LA/ASVspoof2019_LA_eval/flac/LA_E_5955869.flac,0
/data/DATASETS/ASV_Spoof_2019_LA/ASVspoof2019_LA_train/flac/LA_T_8636985.flac,0
/data/DATASETS/ASV_Spoof_2019_LA/ASVspoof2019_LA_train/flac/LA_T_7039518.flac,0
/data/DATASETS/ASV_Spoof_2019_LA/ASVspoof2019_LA_eval/flac/LA_E_6488488.flac,0
/data/DATASETS/ASV_Spoof_2019_LA/ASVspoof2019_LA_eval/flac/LA_E_7951266.flac,0
/data/DATASETS/ASV_Spoof_2019_LA/ASVspoof2019_LA_dev/flac/LA_D_4890059.flac,0
/data/DATASETS/ASV_Spoof_2019_LA/ASVspoof2019_LA_dev/flac/LA_D_3279100.flac,0
/data/DATASETS/ASV_Spoof_2019_LA/ASVspoof2019_LA_dev/flac/LA_D_9442238.flac,0
/data/DATASETS/ASV_Spoof_2019_LA/ASVspoof2019_LA_eval/flac/LA_E_5438066.flac,0
/data/DATASETS/ASV_Spoof_2019_LA/ASVspoof2019_LA_eval/flac/LA_E_7494638.flac,0
/data/DATASETS/ASV_Spoof_2019_LA/ASVspoof2019_LA_eval/flac/LA_E_8908430.flac,0
/data/DATASETS/ASV_Spoof_2019_LA/ASVspoof2019_LA_train/flac/LA_T_1511191.flac,0
/data/DATASETS/ASV_Spoof_2019_LA/ASVspoof2019_LA_eval/flac/LA_E_6158294.flac,0
/data/DATASETS/ASV_Spoof_2019_LA/ASVspoof2019_LA_train/flac/LA_T_6962044.flac,0
/data/DATASETS/ASV_Spoof_2019_LA/ASVspoof2019_LA_train/flac/LA_T_7024695.flac,0
/data/DATASETS/ASV_Spoof_2019_LA/ASVspoof2019_LA_eval/flac/LA_E_3533653.flac,0
/data/DATASETS/ASV_Spoof_2019_LA/ASVspoof2019_LA_dev/flac/LA_D_7235373.flac,0
/data/DATASETS/ASV_Spoof_2019_LA/ASVspoof2019_LA_eval/flac/LA_E_5017125.flac,0
/data/DATASETS/ASV_Spoof_2019_LA/ASVspoof2019_LA_dev/flac/LA_D_3500984.flac,0
/data/DATASETS/ASV_Spoof_2019_LA/ASVspoof2019_LA_train/flac/LA_T_6108044.flac,0
/data/DATASETS/ASV_Spoof_2019_LA/ASVspoof2019_LA_eval/flac/LA_E_5124355.flac,0
/data/DATASETS/ASV_Spoof_2019_LA/ASVspoof2019_LA_eval/flac/LA_E_6938498.flac,0
/data/DATASETS/ASV_Spoof_2019_LA/ASVspoof2019_LA_eval/flac/LA_E_4771468.flac,0
/data/DATASETS/ASV_Spoof_2019_LA/ASVspoof2019_LA_dev/flac/LA_D_8995264.flac,0
/data/DATASETS/ASV_Spoof_2019_LA/ASVspoof2019_LA_dev/flac/LA_D_7745370.flac,0
/data/DATASETS/ASV_Spoof_2019_LA/ASVspoof2019_LA_eval/flac/LA_E_4833802.flac,0
/data/DATASETS/ASV_Spoof_2019_LA/ASVspoof2019_LA_eval/flac/LA_E_3779448.flac,0
/data/DATASETS/ASV_Spoof_2019_LA/ASVspoof2019_LA_eval/flac/LA_E_4124359.flac,0
/data/DATASETS/ASV_Spoof_2019_LA/ASVspoof2019_LA_eval/flac/LA_E_7584998.flac,0
/data/DATASETS/ASV_Spoof_2019_LA/ASVspoof2019_LA_eval/flac/LA_E_7658764.flac,0
/data/DATASETS/ASV_Spoof_2019_LA/ASVspoof2019_LA_eval/flac/LA_E_9450809.flac,0
/data/DATASETS/ASV_Spoof_2019_LA/ASVspoof2019_LA_train/flac/LA_T_5978032.flac,0
/data/DATASETS/ASV_Spoof_2019_LA/ASVspoof2019_LA_dev/flac/LA_D_8891723.flac,0
/data/DATASETS/ASV_Spoof_2019_LA/ASVspoof2019_LA_eval/flac/LA_E_6147431.flac,0
/data/DATASETS/ASV_Spoof_2019_LA/ASVspoof2019_LA_train/flac/LA_T_8583125.flac,0
/data/DATASETS/ASV_Spoof_2019_LA/ASVspoof2019_LA_eval/flac/LA_E_3025774.flac,0
/data/DATASETS/ASV_Spoof_2019_LA/ASVspoof2019_LA_eval/flac/LA_E_1350377.flac,0
/data/DATASETS/ASV_Spoof_2019_LA/ASVspoof2019_LA_eval/flac/LA_E_2251050.flac,0
/data/DATASETS/ASV_Spoof_2019_LA/ASVspoof2019_LA_eval/flac/LA_E_8563026.flac,0
/data/DATASETS/ASV_Spoof_2019_LA/ASVspoof2019_LA_eval/flac/LA_E_3332044.flac,0
/data/DATASETS/ASV_Spoof_2019_LA/ASVspoof2019_LA_dev/flac/LA_D_2190620.flac,0
/data/DATASETS/ASV_Spoof_2019_LA/ASVspoof2019_LA_train/flac/LA_T_1424545.flac,0
/data/DATASETS/ASV_Spoof_2019_LA/ASVspoof2019_LA_eval/flac/LA_E_7961634.flac,0
/data/DATASETS/ASV_Spoof_2019_LA/ASVspoof2019_LA_eval/flac/LA_E_9469423.flac,0
/data/DATASETS/ASV_Spoof_2019_LA/ASVspoof2019_LA_eval/flac/LA_E_7337420.flac,0
/data/DATASETS/ASV_Spoof_2019_LA/ASVspoof2019_LA_train/flac/LA_T_6763611.flac,0
/data/DATASETS/ASV_Spoof_2019_LA/ASVspoof2019_LA_eval/flac/LA_E_5229894.flac,0
/data/DATASETS/ASV_Spoof_2019_LA/ASVspoof2019_LA_train/flac/LA_T_7153704.flac,0
/data/DATASETS/ASV_Spoof_2019_LA/ASVspoof2019_LA_eval/flac/LA_E_6799052.flac,0
/data/DATASETS/ASV_Spoof_2019_LA/ASVspoof2019_LA_eval/flac/LA_E_2677164.flac,0
/data/DATASETS/ASV_Spoof_2019_LA/ASVspoof2019_LA_dev/flac/LA_D_3808406.flac,0
/data/DATASETS/ASV_Spoof_2019_LA/ASVspoof2019_LA_eval/flac/LA_E_3661291.flac,0
/data/DATASETS/ASV_Spoof_2019_LA/ASVspoof2019_LA_dev/flac/LA_D_7054977.flac,0
/data/DATASETS/ASV_Spoof_2019_LA/ASVspoof2019_LA_eval/flac/LA_E_3551532.flac,0
/data/DATASETS/ASV_Spoof_2019_LA/ASVspoof2019_LA_train/flac/LA_T_3070659.flac,0
/data/DATASETS/ASV_Spoof_2019_LA/ASVspoof2019_LA_eval/flac/LA_E_9859985.flac,0
/data/DATASETS/ASV_Spoof_2019_LA/ASVspoof2019_LA_eval/flac/LA_E_7764558.flac,0
/data/DATASETS/ASV_Spoof_2019_LA/ASVspoof2019_LA_dev/flac/LA_D_9406266.flac,0
/data/DATASETS/ASV_Spoof_2019_LA/ASVspoof2019_LA_eval/flac/LA_E_3758029.flac,0
/data/DATASETS/ASV_Spoof_2019_LA/ASVspoof2019_LA_eval/flac/LA_E_9271614.flac,0
/data/DATASETS/ASV_Spoof_2019_LA/ASVspoof2019_LA_eval/flac/LA_E_6685285.flac,0
/data/DATASETS/ASV_Spoof_2019_LA/ASVspoof2019_LA_dev/flac/LA_D_5256804.flac,0
/data/DATASETS/ASV_Spoof_2019_LA/ASVspoof2019_LA_eval/flac/LA_E_3043348.flac,0
/data/DATASETS/ASV_Spoof_2019_LA/ASVspoof2019_LA_dev/flac/LA_D_8432583.flac,0
/data/DATASETS/ASV_Spoof_2019_LA/ASVspoof2019_LA_train/flac/LA_T_7070241.flac,0
/data/DATASETS/ASV_Spoof_2019_LA/ASVspoof2019_LA_train/flac/LA_T_3517700.flac,0
/data/DATASETS/ASV_Spoof_2019_LA/ASVspoof2019_LA_dev/flac/LA_D_5989648.flac,0
/data/DATASETS/ASV_Spoof_2019_LA/ASVspoof2019_LA_dev/flac/LA_D_9919064.flac,0
/data/DATASETS/ASV_Spoof_2019_LA/ASVspoof2019_LA_eval/flac/LA_E_2050154.flac,0
/data/DATASETS/ASV_Spoof_2019_LA/ASVspoof2019_LA_eval/flac/LA_E_5315228.flac,0
/data/DATASETS/ASV_Spoof_2019_LA/ASVspoof2019_LA_train/flac/LA_T_3725354.flac,0
/data/DATASETS/ASV_Spoof_2019_LA/ASVspoof2019_LA_train/flac/LA_T_5223695.flac,0
/data/DATASETS/ASV_Spoof_2019_LA/ASVspoof2019_LA_eval/flac/LA_E_2759721.flac,0
/data/DATASETS/ASV_Spoof_2019_LA/ASVspoof2019_LA_dev/flac/LA_D_3476956.flac,0
/data/DATASETS/ASV_Spoof_2019_LA/ASVspoof2019_LA_eval/flac/LA_E_9331712.flac,0
/data/DATASETS/ASV_Spoof_2019_LA/ASVspoof2019_LA_dev/flac/LA_D_3315214.flac,0
/data/DATASETS/ASV_Spoof_2019_LA/ASVspoof2019_LA_dev/flac/LA_D_4552327.flac,0
/data/DATASETS/ASV_Spoof_2019_LA/ASVspoof2019_LA_dev/flac/LA_D_6536846.flac,0
/data/DATASETS/ASV_Spoof_2019_LA/ASVspoof2019_LA_dev/flac/LA_D_5364410.flac,0
/data/DATASETS/ASV_Spoof_2019_LA/ASVspoof2019_LA_eval/flac/LA_E_9810269.flac,0
/data/DATASETS/ASV_Spoof_2019_LA/ASVspoof2019_LA_train/flac/LA_T_9226313.flac,0
/data/DATASETS/ASV_Spoof_2019_LA/ASVspoof2019_LA_eval/flac/LA_E_5038620.flac,0
/data/DATASETS/ASV_Spoof_2019_LA/ASVspoof2019_LA_eval/flac/LA_E_7625053.flac,0
/data/DATASETS/ASV_Spoof_2019_LA/ASVspoof2019_LA_eval/flac/LA_E_7236353.flac,0
/data/DATASETS/ASV_Spoof_2019_LA/ASVspoof2019_LA_eval/flac/LA_E_6801433.flac,0
/data/DATASETS/ASV_Spoof_2019_LA/ASVspoof2019_LA_train/flac/LA_T_7145903.flac,0
/data/DATASETS/ASV_Spoof_2019_LA/ASVspoof2019_LA_eval/flac/LA_E_4620511.flac,0
/data/DATASETS/ASV_Spoof_2019_LA/ASVspoof2019_LA_train/flac/LA_T_6946670.flac,0
/data/DATASETS/ASV_Spoof_2019_LA/ASVspoof2019_LA_dev/flac/LA_D_9117374.flac,0
/data/DATASETS/ASV_Spoof_2019_LA/ASVspoof2019_LA_dev/flac/LA_D_3459809.flac,0
/data/DATASETS/ASV_Spoof_2019_LA/ASVspoof2019_LA_eval/flac/LA_E_3638962.flac,0
/data/DATASETS/ASV_Spoof_2019_LA/ASVspoof2019_LA_train/flac/LA_T_9534983.flac,0
/data/DATASETS/ASV_Spoof_2019_LA/ASVspoof2019_LA_eval/flac/LA_E_5468092.flac,0
/data/DATASETS/ASV_Spoof_2019_LA/ASVspoof2019_LA_eval/flac/LA_E_6755461.flac,0
/data/DATASETS/ASV_Spoof_2019_LA/ASVspoof2019_LA_train/flac/LA_T_1188742.flac,0
/data/DATASETS/ASV_Spoof_2019_LA/ASVspoof2019_LA_dev/flac/LA_D_5240657.flac,0
/data/DATASETS/ASV_Spoof_2019_LA/ASVspoof2019_LA_eval/flac/LA_E_1265304.flac,0
/data/DATASETS/ASV_Spoof_2019_LA/ASVspoof2019_LA_train/flac/LA_T_1620551.flac,0
/data/DATASETS/ASV_Spoof_2019_LA/ASVspoof2019_LA_train/flac/LA_T_3108269.flac,0
/data/DATASETS/ASV_Spoof_2019_LA/ASVspoof2019_LA_train/flac/LA_T_2537892.flac,0
/data/DATASETS/ASV_Spoof_2019_LA/ASVspoof2019_LA_train/flac/LA_T_4263726.flac,0
/data/DATASETS/ASV_Spoof_2019_LA/ASVspoof2019_LA_eval/flac/LA_E_6139387.flac,0
/data/DATASETS/ASV_Spoof_2019_LA/ASVspoof2019_LA_eval/flac/LA_E_5111290.flac,0
/data/DATASETS/ASV_Spoof_2019_LA/ASVspoof2019_LA_train/flac/LA_T_4961493.flac,0
/data/DATASETS/ASV_Spoof_2019_LA/ASVspoof2019_LA_eval/flac/LA_E_1619076.flac,0
/data/DATASETS/ASV_Spoof_2019_LA/ASVspoof2019_LA_eval/flac/LA_E_4642558.flac,0
/data/DATASETS/ASV_Spoof_2019_LA/ASVspoof2019_LA_eval/flac/LA_E_1235225.flac,0
/data/DATASETS/ASV_Spoof_2019_LA/ASVspoof2019_LA_dev/flac/LA_D_6876630.flac,0
/data/DATASETS/ASV_Spoof_2019_LA/ASVspoof2019_LA_eval/flac/LA_E_7495971.flac,0
/data/DATASETS/ASV_Spoof_2019_LA/ASVspoof2019_LA_train/flac/LA_T_5462809.flac,0
/data/DATASETS/ASV_Spoof_2019_LA/ASVspoof2019_LA_eval/flac/LA_E_3798067.flac,0
/data/DATASETS/ASV_Spoof_2019_LA/ASVspoof2019_LA_eval/flac/LA_E_9153255.flac,0
/data/DATASETS/ASV_Spoof_2019_LA/ASVspoof2019_LA_train/flac/LA_T_8702524.flac,0
/data/DATASETS/ASV_Spoof_2019_LA/ASVspoof2019_LA_train/flac/LA_T_8639914.flac,0
/data/DATASETS/ASV_Spoof_2019_LA/ASVspoof2019_LA_eval/flac/LA_E_2536345.flac,0
/data/DATASETS/ASV_Spoof_2019_LA/ASVspoof2019_LA_train/flac/LA_T_4237787.flac,0
/data/DATASETS/ASV_Spoof_2019_LA/ASVspoof2019_LA_dev/flac/LA_D_9513156.flac,0
/data/DATASETS/ASV_Spoof_2019_LA/ASVspoof2019_LA_dev/flac/LA_D_9602677.flac,0
/data/DATASETS/ASV_Spoof_2019_LA/ASVspoof2019_LA_eval/flac/LA_E_1234718.flac,0
/data/DATASETS/ASV_Spoof_2019_LA/ASVspoof2019_LA_eval/flac/LA_E_3369854.flac,0
/data/DATASETS/ASV_Spoof_2019_LA/ASVspoof2019_LA_dev/flac/LA_D_9723493.flac,0
/data/DATASETS/ASV_Spoof_2019_LA/ASVspoof2019_LA_eval/flac/LA_E_5979848.flac,0
/data/DATASETS/ASV_Spoof_2019_LA/ASVspoof2019_LA_train/flac/LA_T_6540438.flac,0
/data/DATASETS/ASV_Spoof_2019_LA/ASVspoof2019_LA_dev/flac/LA_D_5898234.flac,0
/data/DATASETS/ASV_Spoof_2019_LA/ASVspoof2019_LA_eval/flac/LA_E_7516210.flac,0
/data/DATASETS/ASV_Spoof_2019_LA/ASVspoof2019_LA_eval/flac/LA_E_9669196.flac,0
/data/DATASETS/ASV_Spoof_2019_LA/ASVspoof2019_LA_eval/flac/LA_E_7765096.flac,0
/data/DATASETS/ASV_Spoof_2019_LA/ASVspoof2019_LA_eval/flac/LA_E_7857986.flac,0
/data/DATASETS/ASV_Spoof_2019_LA/ASVspoof2019_LA_eval/flac/LA_E_6132683.flac,0
/data/DATASETS/ASV_Spoof_2019_LA/ASVspoof2019_LA_train/flac/LA_T_2892203.flac,0
/data/DATASETS/ASV_Spoof_2019_LA/ASVspoof2019_LA_eval/flac/LA_E_5512063.flac,0
/data/DATASETS/ASV_Spoof_2019_LA/ASVspoof2019_LA_dev/flac/LA_D_3576459.flac,0
/data/DATASETS/ASV_Spoof_2019_LA/ASVspoof2019_LA_dev/flac/LA_D_9133444.flac,0
/data/DATASETS/ASV_Spoof_2019_LA/ASVspoof2019_LA_eval/flac/LA_E_3231617.flac,0
/data/DATASETS/ASV_Spoof_2019_LA/ASVspoof2019_LA_eval/flac/LA_E_7101743.flac,0
/data/DATASETS/ASV_Spoof_2019_LA/ASVspoof2019_LA_eval/flac/LA_E_1319523.flac,0
/data/DATASETS/ASV_Spoof_2019_LA/ASVspoof2019_LA_eval/flac/LA_E_2351298.flac,0
/data/DATASETS/ASV_Spoof_2019_LA/ASVspoof2019_LA_eval/flac/LA_E_8471757.flac,0
/data/DATASETS/ASV_Spoof_2019_LA/ASVspoof2019_LA_eval/flac/LA_E_4909241.flac,0
/data/DATASETS/ASV_Spoof_2019_LA/ASVspoof2019_LA_eval/flac/LA_E_1167109.flac,0
/data/DATASETS/ASV_Spoof_2019_LA/ASVspoof2019_LA_eval/flac/LA_E_8963274.flac,0
/data/DATASETS/ASV_Spoof_2019_LA/ASVspoof2019_LA_eval/flac/LA_E_9849884.flac,0
/data/DATASETS/ASV_Spoof_2019_LA/ASVspoof2019_LA_eval/flac/LA_E_8527263.flac,0
/data/DATASETS/ASV_Spoof_2019_LA/ASVspoof2019_LA_eval/flac/LA_E_8931248.flac,0
/data/DATASETS/ASV_Spoof_2019_LA/ASVspoof2019_LA_train/flac/LA_T_9402563.flac,0
/data/DATASETS/ASV_Spoof_2019_LA/ASVspoof2019_LA_eval/flac/LA_E_4124510.flac,0
/data/DATASETS/ASV_Spoof_2019_LA/ASVspoof2019_LA_eval/flac/LA_E_2617449.flac,0
/data/DATASETS/ASV_Spoof_2019_LA/ASVspoof2019_LA_eval/flac/LA_E_7861105.flac,0
/data/DATASETS/ASV_Spoof_2019_LA/ASVspoof2019_LA_eval/flac/LA_E_8830777.flac,0
/data/DATASETS/ASV_Spoof_2019_LA/ASVspoof2019_LA_eval/flac/LA_E_3828016.flac,0
/data/DATASETS/ASV_Spoof_2019_LA/ASVspoof2019_LA_eval/flac/LA_E_9629158.flac,0
/data/DATASETS/ASV_Spoof_2019_LA/ASVspoof2019_LA_dev/flac/LA_D_8127075.flac,0
/data/DATASETS/ASV_Spoof_2019_LA/ASVspoof2019_LA_eval/flac/LA_E_5702707.flac,0
/data/DATASETS/ASV_Spoof_2019_LA/ASVspoof2019_LA_eval/flac/LA_E_3806263.flac,0
/data/DATASETS/ASV_Spoof_2019_LA/ASVspoof2019_LA_eval/flac/LA_E_4400308.flac,0
/data/DATASETS/ASV_Spoof_2019_LA/ASVspoof2019_LA_train/flac/LA_T_5235221.flac,0
/data/DATASETS/ASV_Spoof_2019_LA/ASVspoof2019_LA_train/flac/LA_T_1678844.flac,0
/data/DATASETS/ASV_Spoof_2019_LA/ASVspoof2019_LA_eval/flac/LA_E_5274554.flac,0
/data/DATASETS/ASV_Spoof_2019_LA/ASVspoof2019_LA_train/flac/LA_T_3314192.flac,0
/data/DATASETS/ASV_Spoof_2019_LA/ASVspoof2019_LA_eval/flac/LA_E_1077784.flac,0
/data/DATASETS/ASV_Spoof_2019_LA/ASVspoof2019_LA_dev/flac/LA_D_4777881.flac,0
/data/DATASETS/ASV_Spoof_2019_LA/ASVspoof2019_LA_train/flac/LA_T_8082542.flac,0
/data/DATASETS/ASV_Spoof_2019_LA/ASVspoof2019_LA_eval/flac/LA_E_5992814.flac,0
/data/DATASETS/ASV_Spoof_2019_LA/ASVspoof2019_LA_eval/flac/LA_E_2456681.flac,0
/data/DATASETS/ASV_Spoof_2019_LA/ASVspoof2019_LA_eval/flac/LA_E_6754038.flac,0
/data/DATASETS/ASV_Spoof_2019_LA/ASVspoof2019_LA_train/flac/LA_T_6119283.flac,0
/data/DATASETS/ASV_Spoof_2019_LA/ASVspoof2019_LA_dev/flac/LA_D_8103476.flac,0
/data/DATASETS/ASV_Spoof_2019_LA/ASVspoof2019_LA_train/flac/LA_T_3545264.flac,0
/data/DATASETS/ASV_Spoof_2019_LA/ASVspoof2019_LA_dev/flac/LA_D_3891696.flac,0
/data/DATASETS/ASV_Spoof_2019_LA/ASVspoof2019_LA_eval/flac/LA_E_5547662.flac,0
/data/DATASETS/ASV_Spoof_2019_LA/ASVspoof2019_LA_eval/flac/LA_E_6527998.flac,0
/data/DATASETS/ASV_Spoof_2019_LA/ASVspoof2019_LA_dev/flac/LA_D_2800113.flac,0
/data/DATASETS/ASV_Spoof_2019_LA/ASVspoof2019_LA_train/flac/LA_T_2217523.flac,0
/data/DATASETS/ASV_Spoof_2019_LA/ASVspoof2019_LA_eval/flac/LA_E_6093636.flac,0
/data/DATASETS/ASV_Spoof_2019_LA/ASVspoof2019_LA_eval/flac/LA_E_7277286.flac,0
/data/DATASETS/ASV_Spoof_2019_LA/ASVspoof2019_LA_eval/flac/LA_E_5523278.flac,0
/data/DATASETS/ASV_Spoof_2019_LA/ASVspoof2019_LA_dev/flac/LA_D_9931422.flac,0
/data/DATASETS/ASV_Spoof_2019_LA/ASVspoof2019_LA_dev/flac/LA_D_6391787.flac,0
/data/DATASETS/ASV_Spoof_2019_LA/ASVspoof2019_LA_eval/flac/LA_E_7003139.flac,0
/data/DATASETS/ASV_Spoof_2019_LA/ASVspoof2019_LA_dev/flac/LA_D_3790692.flac,0
/data/DATASETS/ASV_Spoof_2019_LA/ASVspoof2019_LA_eval/flac/LA_E_2335166.flac,0
/data/DATASETS/ASV_Spoof_2019_LA/ASVspoof2019_LA_train/flac/LA_T_7939465.flac,0
/data/DATASETS/ASV_Spoof_2019_LA/ASVspoof2019_LA_eval/flac/LA_E_3194280.flac,0
/data/DATASETS/ASV_Spoof_2019_LA/ASVspoof2019_LA_eval/flac/LA_E_8919485.flac,0
/data/DATASETS/ASV_Spoof_2019_LA/ASVspoof2019_LA_eval/flac/LA_E_7943556.flac,0
/data/DATASETS/ASV_Spoof_2019_LA/ASVspoof2019_LA_train/flac/LA_T_9854823.flac,0
/data/DATASETS/ASV_Spoof_2019_LA/ASVspoof2019_LA_eval/flac/LA_E_1595601.flac,0
/data/DATASETS/ASV_Spoof_2019_LA/ASVspoof2019_LA_eval/flac/LA_E_3951370.flac,0
/data/DATASETS/ASV_Spoof_2019_LA/ASVspoof2019_LA_eval/flac/LA_E_9212184.flac,0
/data/DATASETS/ASV_Spoof_2019_LA/ASVspoof2019_LA_eval/flac/LA_E_1792174.flac,0
/data/DATASETS/ASV_Spoof_2019_LA/ASVspoof2019_LA_dev/flac/LA_D_6263129.flac,0
/data/DATASETS/ASV_Spoof_2019_LA/ASVspoof2019_LA_train/flac/LA_T_3858431.flac,0
/data/DATASETS/ASV_Spoof_2019_LA/ASVspoof2019_LA_train/flac/LA_T_9074196.flac,0
/data/DATASETS/ASV_Spoof_2019_LA/ASVspoof2019_LA_dev/flac/LA_D_9348889.flac,0
/data/DATASETS/ASV_Spoof_2019_LA/ASVspoof2019_LA_eval/flac/LA_E_6067971.flac,0
/data/DATASETS/ASV_Spoof_2019_LA/ASVspoof2019_LA_train/flac/LA_T_7260727.flac,0
/data/DATASETS/ASV_Spoof_2019_LA/ASVspoof2019_LA_train/flac/LA_T_8807017.flac,0
/data/DATASETS/ASV_Spoof_2019_LA/ASVspoof2019_LA_eval/flac/LA_E_4764011.flac,0
/data/DATASETS/ASV_Spoof_2019_LA/ASVspoof2019_LA_train/flac/LA_T_7953369.flac,0
/data/DATASETS/ASV_Spoof_2019_LA/ASVspoof2019_LA_eval/flac/LA_E_1373332.flac,0
/data/DATASETS/ASV_Spoof_2019_LA/ASVspoof2019_LA_train/flac/LA_T_6144368.flac,0
/data/DATASETS/ASV_Spoof_2019_LA/ASVspoof2019_LA_eval/flac/LA_E_7102996.flac,0
/data/DATASETS/ASV_Spoof_2019_LA/ASVspoof2019_LA_train/flac/LA_T_8042177.flac,0
/data/DATASETS/ASV_Spoof_2019_LA/ASVspoof2019_LA_eval/flac/LA_E_5400327.flac,0
/data/DATASETS/ASV_Spoof_2019_LA/ASVspoof2019_LA_train/flac/LA_T_9480695.flac,0
/data/DATASETS/ASV_Spoof_2019_LA/ASVspoof2019_LA_eval/flac/LA_E_9840058.flac,0
/data/DATASETS/ASV_Spoof_2019_LA/ASVspoof2019_LA_eval/flac/LA_E_5334883.flac,0
/data/DATASETS/ASV_Spoof_2019_LA/ASVspoof2019_LA_eval/flac/LA_E_8659732.flac,0
/data/DATASETS/ASV_Spoof_2019_LA/ASVspoof2019_LA_eval/flac/LA_E_1102017.flac,0
/data/DATASETS/ASV_Spoof_2019_LA/ASVspoof2019_LA_eval/flac/LA_E_2049610.flac,0
/data/DATASETS/ASV_Spoof_2019_LA/ASVspoof2019_LA_train/flac/LA_T_6067965.flac,0
/data/DATASETS/ASV_Spoof_2019_LA/ASVspoof2019_LA_eval/flac/LA_E_2623606.flac,0
/data/DATASETS/ASV_Spoof_2019_LA/ASVspoof2019_LA_eval/flac/LA_E_6793940.flac,0
/data/DATASETS/ASV_Spoof_2019_LA/ASVspoof2019_LA_dev/flac/LA_D_9897452.flac,0
/data/DATASETS/ASV_Spoof_2019_LA/ASVspoof2019_LA_eval/flac/LA_E_4672101.flac,0
/data/DATASETS/ASV_Spoof_2019_LA/ASVspoof2019_LA_eval/flac/LA_E_2721216.flac,0
/data/DATASETS/ASV_Spoof_2019_LA/ASVspoof2019_LA_train/flac/LA_T_4464373.flac,0
/data/DATASETS/ASV_Spoof_2019_LA/ASVspoof2019_LA_eval/flac/LA_E_8769684.flac,0
/data/DATASETS/ASV_Spoof_2019_LA/ASVspoof2019_LA_eval/flac/LA_E_4919026.flac,0
/data/DATASETS/ASV_Spoof_2019_LA/ASVspoof2019_LA_train/flac/LA_T_6496177.flac,0
/data/DATASETS/ASV_Spoof_2019_LA/ASVspoof2019_LA_eval/flac/LA_E_4317412.flac,0
/data/DATASETS/ASV_Spoof_2019_LA/ASVspoof2019_LA_train/flac/LA_T_3843638.flac,0
/data/DATASETS/ASV_Spoof_2019_LA/ASVspoof2019_LA_eval/flac/LA_E_6415940.flac,0
/data/DATASETS/ASV_Spoof_2019_LA/ASVspoof2019_LA_train/flac/LA_T_8174772.flac,0
/data/DATASETS/ASV_Spoof_2019_LA/ASVspoof2019_LA_eval/flac/LA_E_3293846.flac,0
/data/DATASETS/ASV_Spoof_2019_LA/ASVspoof2019_LA_eval/flac/LA_E_4852262.flac,0
/data/DATASETS/ASV_Spoof_2019_LA/ASVspoof2019_LA_train/flac/LA_T_2601192.flac,0
/data/DATASETS/ASV_Spoof_2019_LA/ASVspoof2019_LA_dev/flac/LA_D_1491971.flac,0
/data/DATASETS/ASV_Spoof_2019_LA/ASVspoof2019_LA_eval/flac/LA_E_4856684.flac,0
/data/DATASETS/ASV_Spoof_2019_LA/ASVspoof2019_LA_eval/flac/LA_E_8070708.flac,0
/data/DATASETS/ASV_Spoof_2019_LA/ASVspoof2019_LA_eval/flac/LA_E_4352735.flac,0
/data/DATASETS/ASV_Spoof_2019_LA/ASVspoof2019_LA_train/flac/LA_T_9543922.flac,0
/data/DATASETS/ASV_Spoof_2019_LA/ASVspoof2019_LA_eval/flac/LA_E_2172964.flac,0
/data/DATASETS/ASV_Spoof_2019_LA/ASVspoof2019_LA_eval/flac/LA_E_1979651.flac,0
/data/DATASETS/ASV_Spoof_2019_LA/ASVspoof2019_LA_dev/flac/LA_D_6043277.flac,0
/data/DATASETS/ASV_Spoof_2019_LA/ASVspoof2019_LA_train/flac/LA_T_1302542.flac,0
/data/DATASETS/ASV_Spoof_2019_LA/ASVspoof2019_LA_train/flac/LA_T_5761909.flac,0
/data/DATASETS/ASV_Spoof_2019_LA/ASVspoof2019_LA_train/flac/LA_T_2542674.flac,0
/data/DATASETS/ASV_Spoof_2019_LA/ASVspoof2019_LA_eval/flac/LA_E_6250554.flac,0
/data/DATASETS/ASV_Spoof_2019_LA/ASVspoof2019_LA_dev/flac/LA_D_1480186.flac,0
/data/DATASETS/ASV_Spoof_2019_LA/ASVspoof2019_LA_dev/flac/LA_D_7622198.flac,0
/data/DATASETS/ASV_Spoof_2019_LA/ASVspoof2019_LA_train/flac/LA_T_1219386.flac,0
/data/DATASETS/ASV_Spoof_2019_LA/ASVspoof2019_LA_eval/flac/LA_E_9294309.flac,0
/data/DATASETS/ASV_Spoof_2019_LA/ASVspoof2019_LA_dev/flac/LA_D_1367406.flac,0
/data/DATASETS/ASV_Spoof_2019_LA/ASVspoof2019_LA_eval/flac/LA_E_9482564.flac,0
/data/DATASETS/ASV_Spoof_2019_LA/ASVspoof2019_LA_eval/flac/LA_E_9635131.flac,0
/data/DATASETS/ASV_Spoof_2019_LA/ASVspoof2019_LA_train/flac/LA_T_4406929.flac,0
/data/DATASETS/ASV_Spoof_2019_LA/ASVspoof2019_LA_eval/flac/LA_E_7187204.flac,0
/data/DATASETS/ASV_Spoof_2019_LA/ASVspoof2019_LA_train/flac/LA_T_3365001.flac,0
/data/DATASETS/ASV_Spoof_2019_LA/ASVspoof2019_LA_eval/flac/LA_E_9426684.flac,0
/data/DATASETS/ASV_Spoof_2019_LA/ASVspoof2019_LA_eval/flac/LA_E_3174289.flac,0
/data/DATASETS/ASV_Spoof_2019_LA/ASVspoof2019_LA_eval/flac/LA_E_9926693.flac,0
/data/DATASETS/ASV_Spoof_2019_LA/ASVspoof2019_LA_eval/flac/LA_E_4169892.flac,0
/data/DATASETS/ASV_Spoof_2019_LA/ASVspoof2019_LA_eval/flac/LA_E_6423112.flac,0
/data/DATASETS/ASV_Spoof_2019_LA/ASVspoof2019_LA_eval/flac/LA_E_1203094.flac,0
/data/DATASETS/ASV_Spoof_2019_LA/ASVspoof2019_LA_eval/flac/LA_E_7148459.flac,0
/data/DATASETS/ASV_Spoof_2019_LA/ASVspoof2019_LA_eval/flac/LA_E_7661561.flac,0
/data/DATASETS/ASV_Spoof_2019_LA/ASVspoof2019_LA_train/flac/LA_T_8461963.flac,0
/data/DATASETS/ASV_Spoof_2019_LA/ASVspoof2019_LA_eval/flac/LA_E_3928655.flac,0
/data/DATASETS/ASV_Spoof_2019_LA/ASVspoof2019_LA_dev/flac/LA_D_6623102.flac,0
/data/DATASETS/ASV_Spoof_2019_LA/ASVspoof2019_LA_eval/flac/LA_E_5580573.flac,0
/data/DATASETS/ASV_Spoof_2019_LA/ASVspoof2019_LA_eval/flac/LA_E_6977335.flac,0
/data/DATASETS/ASV_Spoof_2019_LA/ASVspoof2019_LA_dev/flac/LA_D_4236952.flac,0
/data/DATASETS/ASV_Spoof_2019_LA/ASVspoof2019_LA_dev/flac/LA_D_1119156.flac,0
/data/DATASETS/ASV_Spoof_2019_LA/ASVspoof2019_LA_train/flac/LA_T_6657121.flac,0
/data/DATASETS/ASV_Spoof_2019_LA/ASVspoof2019_LA_train/flac/LA_T_2207320.flac,0
/data/DATASETS/ASV_Spoof_2019_LA/ASVspoof2019_LA_train/flac/LA_T_5103637.flac,0
/data/DATASETS/ASV_Spoof_2019_LA/ASVspoof2019_LA_train/flac/LA_T_1939177.flac,0
/data/DATASETS/ASV_Spoof_2019_LA/ASVspoof2019_LA_eval/flac/LA_E_7369290.flac,0
/data/DATASETS/ASV_Spoof_2019_LA/ASVspoof2019_LA_dev/flac/LA_D_4603625.flac,0
/data/DATASETS/ASV_Spoof_2019_LA/ASVspoof2019_LA_train/flac/LA_T_5161420.flac,0
/data/DATASETS/ASV_Spoof_2019_LA/ASVspoof2019_LA_eval/flac/LA_E_5296134.flac,0
/data/DATASETS/ASV_Spoof_2019_LA/ASVspoof2019_LA_eval/flac/LA_E_4523976.flac,0
/data/DATASETS/ASV_Spoof_2019_LA/ASVspoof2019_LA_dev/flac/LA_D_6648802.flac,0
/data/DATASETS/ASV_Spoof_2019_LA/ASVspoof2019_LA_eval/flac/LA_E_9943339.flac,0
/data/DATASETS/ASV_Spoof_2019_LA/ASVspoof2019_LA_eval/flac/LA_E_2890258.flac,0
/data/DATASETS/ASV_Spoof_2019_LA/ASVspoof2019_LA_train/flac/LA_T_4546797.flac,0
/data/DATASETS/ASV_Spoof_2019_LA/ASVspoof2019_LA_dev/flac/LA_D_4782067.flac,0
/data/DATASETS/ASV_Spoof_2019_LA/ASVspoof2019_LA_dev/flac/LA_D_3770523.flac,0
/data/DATASETS/ASV_Spoof_2019_LA/ASVspoof2019_LA_eval/flac/LA_E_2477063.flac,0
/data/DATASETS/ASV_Spoof_2019_LA/ASVspoof2019_LA_train/flac/LA_T_7490764.flac,0
/data/DATASETS/ASV_Spoof_2019_LA/ASVspoof2019_LA_dev/flac/LA_D_8264385.flac,0
/data/DATASETS/ASV_Spoof_2019_LA/ASVspoof2019_LA_eval/flac/LA_E_9573907.flac,0
/data/DATASETS/ASV_Spoof_2019_LA/ASVspoof2019_LA_eval/flac/LA_E_4907030.flac,0
/data/DATASETS/ASV_Spoof_2019_LA/ASVspoof2019_LA_eval/flac/LA_E_7841713.flac,0
/data/DATASETS/ASV_Spoof_2019_LA/ASVspoof2019_LA_train/flac/LA_T_3784759.flac,0
/data/DATASETS/ASV_Spoof_2019_LA/ASVspoof2019_LA_dev/flac/LA_D_3475014.flac,0
/data/DATASETS/ASV_Spoof_2019_LA/ASVspoof2019_LA_eval/flac/LA_E_5650977.flac,0
/data/DATASETS/ASV_Spoof_2019_LA/ASVspoof2019_LA_dev/flac/LA_D_6795666.flac,0
/data/DATASETS/ASV_Spoof_2019_LA/ASVspoof2019_LA_eval/flac/LA_E_8760907.flac,0
/data/DATASETS/ASV_Spoof_2019_LA/ASVspoof2019_LA_eval/flac/LA_E_2163149.flac,0
/data/DATASETS/ASV_Spoof_2019_LA/ASVspoof2019_LA_train/flac/LA_T_8234497.flac,0
/data/DATASETS/ASV_Spoof_2019_LA/ASVspoof2019_LA_dev/flac/LA_D_3996355.flac,0
/data/DATASETS/ASV_Spoof_2019_LA/ASVspoof2019_LA_eval/flac/LA_E_6237116.flac,0
/data/DATASETS/ASV_Spoof_2019_LA/ASVspoof2019_LA_eval/flac/LA_E_1625712.flac,0
/data/DATASETS/ASV_Spoof_2019_LA/ASVspoof2019_LA_train/flac/LA_T_9219481.flac,0
/data/DATASETS/ASV_Spoof_2019_LA/ASVspoof2019_LA_train/flac/LA_T_9017338.flac,0
/data/DATASETS/ASV_Spoof_2019_LA/ASVspoof2019_LA_train/flac/LA_T_1236840.flac,0
/data/DATASETS/ASV_Spoof_2019_LA/ASVspoof2019_LA_dev/flac/LA_D_5135534.flac,0
/data/DATASETS/ASV_Spoof_2019_LA/ASVspoof2019_LA_eval/flac/LA_E_1110497.flac,0
/data/DATASETS/ASV_Spoof_2019_LA/ASVspoof2019_LA_eval/flac/LA_E_4614097.flac,0
/data/DATASETS/ASV_Spoof_2019_LA/ASVspoof2019_LA_train/flac/LA_T_3264613.flac,0
/data/DATASETS/ASV_Spoof_2019_LA/ASVspoof2019_LA_eval/flac/LA_E_2488417.flac,0
/data/DATASETS/ASV_Spoof_2019_LA/ASVspoof2019_LA_eval/flac/LA_E_6751632.flac,0
/data/DATASETS/ASV_Spoof_2019_LA/ASVspoof2019_LA_eval/flac/LA_E_2450851.flac,0
/data/DATASETS/ASV_Spoof_2019_LA/ASVspoof2019_LA_eval/flac/LA_E_3890504.flac,0
/data/DATASETS/ASV_Spoof_2019_LA/ASVspoof2019_LA_eval/flac/LA_E_7157910.flac,0
/data/DATASETS/ASV_Spoof_2019_LA/ASVspoof2019_LA_eval/flac/LA_E_6676328.flac,0
/data/DATASETS/ASV_Spoof_2019_LA/ASVspoof2019_LA_eval/flac/LA_E_3830566.flac,0
/data/DATASETS/ASV_Spoof_2019_LA/ASVspoof2019_LA_eval/flac/LA_E_1682154.flac,0
/data/DATASETS/ASV_Spoof_2019_LA/ASVspoof2019_LA_eval/flac/LA_E_4346303.flac,0
/data/DATASETS/ASV_Spoof_2019_LA/ASVspoof2019_LA_eval/flac/LA_E_4376749.flac,0
/data/DATASETS/ASV_Spoof_2019_LA/ASVspoof2019_LA_train/flac/LA_T_2069626.flac,0
/data/DATASETS/ASV_Spoof_2019_LA/ASVspoof2019_LA_eval/flac/LA_E_1532513.flac,0
/data/DATASETS/ASV_Spoof_2019_LA/ASVspoof2019_LA_eval/flac/LA_E_8347691.flac,0
/data/DATASETS/ASV_Spoof_2019_LA/ASVspoof2019_LA_dev/flac/LA_D_8621322.flac,0
/data/DATASETS/ASV_Spoof_2019_LA/ASVspoof2019_LA_dev/flac/LA_D_5086183.flac,0
/data/DATASETS/ASV_Spoof_2019_LA/ASVspoof2019_LA_eval/flac/LA_E_9310331.flac,0
/data/DATASETS/ASV_Spoof_2019_LA/ASVspoof2019_LA_eval/flac/LA_E_4596132.flac,0
/data/DATASETS/ASV_Spoof_2019_LA/ASVspoof2019_LA_eval/flac/LA_E_9005251.flac,0
/data/DATASETS/ASV_Spoof_2019_LA/ASVspoof2019_LA_eval/flac/LA_E_9911328.flac,0
/data/DATASETS/ASV_Spoof_2019_LA/ASVspoof2019_LA_dev/flac/LA_D_1403762.flac,0
/data/DATASETS/ASV_Spoof_2019_LA/ASVspoof2019_LA_train/flac/LA_T_1744427.flac,0
/data/DATASETS/ASV_Spoof_2019_LA/ASVspoof2019_LA_eval/flac/LA_E_6419267.flac,0
/data/DATASETS/ASV_Spoof_2019_LA/ASVspoof2019_LA_dev/flac/LA_D_7701126.flac,0
/data/DATASETS/ASV_Spoof_2019_LA/ASVspoof2019_LA_train/flac/LA_T_9884044.flac,0
/data/DATASETS/ASV_Spoof_2019_LA/ASVspoof2019_LA_train/flac/LA_T_4615273.flac,0
/data/DATASETS/ASV_Spoof_2019_LA/ASVspoof2019_LA_eval/flac/LA_E_3524418.flac,0
/data/DATASETS/ASV_Spoof_2019_LA/ASVspoof2019_LA_dev/flac/LA_D_6459646.flac,0
/data/DATASETS/ASV_Spoof_2019_LA/ASVspoof2019_LA_eval/flac/LA_E_2467617.flac,0
/data/DATASETS/ASV_Spoof_2019_LA/ASVspoof2019_LA_eval/flac/LA_E_8149536.flac,0
/data/DATASETS/ASV_Spoof_2019_LA/ASVspoof2019_LA_eval/flac/LA_E_3674629.flac,0
/data/DATASETS/ASV_Spoof_2019_LA/ASVspoof2019_LA_dev/flac/LA_D_9429134.flac,0
/data/DATASETS/ASV_Spoof_2019_LA/ASVspoof2019_LA_train/flac/LA_T_5159753.flac,0
/data/DATASETS/ASV_Spoof_2019_LA/ASVspoof2019_LA_train/flac/LA_T_8993460.flac,0
/data/DATASETS/ASV_Spoof_2019_LA/ASVspoof2019_LA_eval/flac/LA_E_7546677.flac,0
/data/DATASETS/ASV_Spoof_2019_LA/ASVspoof2019_LA_dev/flac/LA_D_8931596.flac,0
/data/DATASETS/ASV_Spoof_2019_LA/ASVspoof2019_LA_eval/flac/LA_E_8941099.flac,0
/data/DATASETS/ASV_Spoof_2019_LA/ASVspoof2019_LA_eval/flac/LA_E_1025393.flac,0
/data/DATASETS/ASV_Spoof_2019_LA/ASVspoof2019_LA_train/flac/LA_T_6518809.flac,0
/data/DATASETS/ASV_Spoof_2019_LA/ASVspoof2019_LA_train/flac/LA_T_3884115.flac,0
/data/DATASETS/ASV_Spoof_2019_LA/ASVspoof2019_LA_eval/flac/LA_E_1783411.flac,0
/data/DATASETS/ASV_Spoof_2019_LA/ASVspoof2019_LA_dev/flac/LA_D_3264696.flac,0
/data/DATASETS/ASV_Spoof_2019_LA/ASVspoof2019_LA_eval/flac/LA_E_4847576.flac,0
/data/DATASETS/ASV_Spoof_2019_LA/ASVspoof2019_LA_eval/flac/LA_E_5906820.flac,0
/data/DATASETS/ASV_Spoof_2019_LA/ASVspoof2019_LA_train/flac/LA_T_3455098.flac,0
/data/DATASETS/ASV_Spoof_2019_LA/ASVspoof2019_LA_dev/flac/LA_D_9597340.flac,0
/data/DATASETS/ASV_Spoof_2019_LA/ASVspoof2019_LA_dev/flac/LA_D_6355669.flac,0
/data/DATASETS/ASV_Spoof_2019_LA/ASVspoof2019_LA_train/flac/LA_T_4559826.flac,0
/data/DATASETS/ASV_Spoof_2019_LA/ASVspoof2019_LA_eval/flac/LA_E_2921332.flac,0
/data/DATASETS/ASV_Spoof_2019_LA/ASVspoof2019_LA_eval/flac/LA_E_7207316.flac,0
/data/DATASETS/ASV_Spoof_2019_LA/ASVspoof2019_LA_train/flac/LA_T_2202252.flac,0
/data/DATASETS/ASV_Spoof_2019_LA/ASVspoof2019_LA_eval/flac/LA_E_5861269.flac,0
/data/DATASETS/ASV_Spoof_2019_LA/ASVspoof2019_LA_dev/flac/LA_D_8073490.flac,0
/data/DATASETS/ASV_Spoof_2019_LA/ASVspoof2019_LA_eval/flac/LA_E_4902696.flac,0
/data/DATASETS/ASV_Spoof_2019_LA/ASVspoof2019_LA_dev/flac/LA_D_7182301.flac,0
/data/DATASETS/ASV_Spoof_2019_LA/ASVspoof2019_LA_eval/flac/LA_E_9693249.flac,0
/data/DATASETS/ASV_Spoof_2019_LA/ASVspoof2019_LA_eval/flac/LA_E_6978221.flac,0
/data/DATASETS/ASV_Spoof_2019_LA/ASVspoof2019_LA_eval/flac/LA_E_6147346.flac,0
/data/DATASETS/ASV_Spoof_2019_LA/ASVspoof2019_LA_eval/flac/LA_E_9516558.flac,0
/data/DATASETS/ASV_Spoof_2019_LA/ASVspoof2019_LA_eval/flac/LA_E_4634428.flac,0
/data/DATASETS/ASV_Spoof_2019_LA/ASVspoof2019_LA_train/flac/LA_T_4334140.flac,0
/data/DATASETS/ASV_Spoof_2019_LA/ASVspoof2019_LA_eval/flac/LA_E_3191939.flac,0
/data/DATASETS/ASV_Spoof_2019_LA/ASVspoof2019_LA_dev/flac/LA_D_3878203.flac,0
/data/DATASETS/ASV_Spoof_2019_LA/ASVspoof2019_LA_eval/flac/LA_E_6418092.flac,0
/data/DATASETS/ASV_Spoof_2019_LA/ASVspoof2019_LA_eval/flac/LA_E_7050646.flac,0
/data/DATASETS/ASV_Spoof_2019_LA/ASVspoof2019_LA_eval/flac/LA_E_3379393.flac,0
/data/DATASETS/ASV_Spoof_2019_LA/ASVspoof2019_LA_eval/flac/LA_E_6148414.flac,0
/data/DATASETS/ASV_Spoof_2019_LA/ASVspoof2019_LA_eval/flac/LA_E_1473225.flac,0
/data/DATASETS/ASV_Spoof_2019_LA/ASVspoof2019_LA_eval/flac/LA_E_2943361.flac,0
/data/DATASETS/ASV_Spoof_2019_LA/ASVspoof2019_LA_eval/flac/LA_E_1115388.flac,0
/data/DATASETS/ASV_Spoof_2019_LA/ASVspoof2019_LA_eval/flac/LA_E_4946788.flac,0
/data/DATASETS/ASV_Spoof_2019_LA/ASVspoof2019_LA_eval/flac/LA_E_7858055.flac,0
/data/DATASETS/ASV_Spoof_2019_LA/ASVspoof2019_LA_train/flac/LA_T_1369507.flac,0
/data/DATASETS/ASV_Spoof_2019_LA/ASVspoof2019_LA_dev/flac/LA_D_2525000.flac,0
/data/DATASETS/ASV_Spoof_2019_LA/ASVspoof2019_LA_train/flac/LA_T_3008265.flac,0
/data/DATASETS/ASV_Spoof_2019_LA/ASVspoof2019_LA_eval/flac/LA_E_1350300.flac,0
/data/DATASETS/ASV_Spoof_2019_LA/ASVspoof2019_LA_eval/flac/LA_E_3975772.flac,0
/data/DATASETS/ASV_Spoof_2019_LA/ASVspoof2019_LA_dev/flac/LA_D_4534077.flac,0
/data/DATASETS/ASV_Spoof_2019_LA/ASVspoof2019_LA_eval/flac/LA_E_3237741.flac,0
/data/DATASETS/ASV_Spoof_2019_LA/ASVspoof2019_LA_eval/flac/LA_E_4446740.flac,0
/data/DATASETS/ASV_Spoof_2019_LA/ASVspoof2019_LA_eval/flac/LA_E_7706675.flac,0
/data/DATASETS/ASV_Spoof_2019_LA/ASVspoof2019_LA_eval/flac/LA_E_8021533.flac,0
/data/DATASETS/ASV_Spoof_2019_LA/ASVspoof2019_LA_eval/flac/LA_E_9366352.flac,0
/data/DATASETS/ASV_Spoof_2019_LA/ASVspoof2019_LA_train/flac/LA_T_1255705.flac,0
/data/DATASETS/ASV_Spoof_2019_LA/ASVspoof2019_LA_dev/flac/LA_D_3806476.flac,0
/data/DATASETS/ASV_Spoof_2019_LA/ASVspoof2019_LA_eval/flac/LA_E_7575364.flac,0
/data/DATASETS/ASV_Spoof_2019_LA/ASVspoof2019_LA_dev/flac/LA_D_5539710.flac,0
/data/DATASETS/ASV_Spoof_2019_LA/ASVspoof2019_LA_eval/flac/LA_E_9617604.flac,0
/data/DATASETS/ASV_Spoof_2019_LA/ASVspoof2019_LA_eval/flac/LA_E_2973297.flac,0
/data/DATASETS/ASV_Spoof_2019_LA/ASVspoof2019_LA_eval/flac/LA_E_3367940.flac,0
/data/DATASETS/ASV_Spoof_2019_LA/ASVspoof2019_LA_eval/flac/LA_E_9294353.flac,0
/data/DATASETS/ASV_Spoof_2019_LA/ASVspoof2019_LA_eval/flac/LA_E_4610336.flac,0
/data/DATASETS/ASV_Spoof_2019_LA/ASVspoof2019_LA_dev/flac/LA_D_5825711.flac,0
/data/DATASETS/ASV_Spoof_2019_LA/ASVspoof2019_LA_eval/flac/LA_E_6131407.flac,0
/data/DATASETS/ASV_Spoof_2019_LA/ASVspoof2019_LA_eval/flac/LA_E_1617419.flac,0
/data/DATASETS/ASV_Spoof_2019_LA/ASVspoof2019_LA_dev/flac/LA_D_8340433.flac,0
/data/DATASETS/ASV_Spoof_2019_LA/ASVspoof2019_LA_train/flac/LA_T_1373249.flac,0
/data/DATASETS/ASV_Spoof_2019_LA/ASVspoof2019_LA_dev/flac/LA_D_6976087.flac,0
/data/DATASETS/ASV_Spoof_2019_LA/ASVspoof2019_LA_eval/flac/LA_E_7206948.flac,0
/data/DATASETS/ASV_Spoof_2019_LA/ASVspoof2019_LA_eval/flac/LA_E_7072210.flac,0
/data/DATASETS/ASV_Spoof_2019_LA/ASVspoof2019_LA_train/flac/LA_T_6396662.flac,0
/data/DATASETS/ASV_Spoof_2019_LA/ASVspoof2019_LA_eval/flac/LA_E_9183713.flac,0
/data/DATASETS/ASV_Spoof_2019_LA/ASVspoof2019_LA_eval/flac/LA_E_2353815.flac,0
/data/DATASETS/ASV_Spoof_2019_LA/ASVspoof2019_LA_eval/flac/LA_E_9134522.flac,0
/data/DATASETS/ASV_Spoof_2019_LA/ASVspoof2019_LA_dev/flac/LA_D_6578659.flac,0
/data/DATASETS/ASV_Spoof_2019_LA/ASVspoof2019_LA_train/flac/LA_T_2123366.flac,0
/data/DATASETS/ASV_Spoof_2019_LA/ASVspoof2019_LA_eval/flac/LA_E_5151900.flac,0
/data/DATASETS/ASV_Spoof_2019_LA/ASVspoof2019_LA_eval/flac/LA_E_6502415.flac,0
/data/DATASETS/ASV_Spoof_2019_LA/ASVspoof2019_LA_eval/flac/LA_E_9857687.flac,0
/data/DATASETS/ASV_Spoof_2019_LA/ASVspoof2019_LA_train/flac/LA_T_1186717.flac,0
/data/DATASETS/ASV_Spoof_2019_LA/ASVspoof2019_LA_eval/flac/LA_E_3141611.flac,0
/data/DATASETS/ASV_Spoof_2019_LA/ASVspoof2019_LA_eval/flac/LA_E_9798885.flac,0
/data/DATASETS/ASV_Spoof_2019_LA/ASVspoof2019_LA_eval/flac/LA_E_3397020.flac,0
/data/DATASETS/ASV_Spoof_2019_LA/ASVspoof2019_LA_eval/flac/LA_E_7442247.flac,0
/data/DATASETS/ASV_Spoof_2019_LA/ASVspoof2019_LA_eval/flac/LA_E_9035171.flac,0
/data/DATASETS/ASV_Spoof_2019_LA/ASVspoof2019_LA_dev/flac/LA_D_1592884.flac,0
/data/DATASETS/ASV_Spoof_2019_LA/ASVspoof2019_LA_train/flac/LA_T_7826829.flac,0
/data/DATASETS/ASV_Spoof_2019_LA/ASVspoof2019_LA_train/flac/LA_T_4756464.flac,0
/data/DATASETS/ASV_Spoof_2019_LA/ASVspoof2019_LA_eval/flac/LA_E_4952184.flac,0
/data/DATASETS/ASV_Spoof_2019_LA/ASVspoof2019_LA_eval/flac/LA_E_5899892.flac,0
/data/DATASETS/ASV_Spoof_2019_LA/ASVspoof2019_LA_eval/flac/LA_E_9042404.flac,0
/data/DATASETS/ASV_Spoof_2019_LA/ASVspoof2019_LA_eval/flac/LA_E_3115484.flac,0
/data/DATASETS/ASV_Spoof_2019_LA/ASVspoof2019_LA_dev/flac/LA_D_7534463.flac,0
/data/DATASETS/ASV_Spoof_2019_LA/ASVspoof2019_LA_train/flac/LA_T_2715624.flac,0
/data/DATASETS/ASV_Spoof_2019_LA/ASVspoof2019_LA_train/flac/LA_T_2407353.flac,0
/data/DATASETS/ASV_Spoof_2019_LA/ASVspoof2019_LA_dev/flac/LA_D_6733062.flac,0
/data/DATASETS/ASV_Spoof_2019_LA/ASVspoof2019_LA_dev/flac/LA_D_2871577.flac,0
/data/DATASETS/ASV_Spoof_2019_LA/ASVspoof2019_LA_eval/flac/LA_E_4943305.flac,0
/data/DATASETS/ASV_Spoof_2019_LA/ASVspoof2019_LA_eval/flac/LA_E_3652880.flac,0
/data/DATASETS/ASV_Spoof_2019_LA/ASVspoof2019_LA_eval/flac/LA_E_5307744.flac,0
/data/DATASETS/ASV_Spoof_2019_LA/ASVspoof2019_LA_eval/flac/LA_E_9161471.flac,0
/data/DATASETS/ASV_Spoof_2019_LA/ASVspoof2019_LA_eval/flac/LA_E_2388256.flac,0
/data/DATASETS/ASV_Spoof_2019_LA/ASVspoof2019_LA_eval/flac/LA_E_9893355.flac,0
/data/DATASETS/ASV_Spoof_2019_LA/ASVspoof2019_LA_eval/flac/LA_E_8444573.flac,0
/data/DATASETS/ASV_Spoof_2019_LA/ASVspoof2019_LA_eval/flac/LA_E_5623414.flac,0
/data/DATASETS/ASV_Spoof_2019_LA/ASVspoof2019_LA_train/flac/LA_T_8339895.flac,0
/data/DATASETS/ASV_Spoof_2019_LA/ASVspoof2019_LA_train/flac/LA_T_2534579.flac,0
/data/DATASETS/ASV_Spoof_2019_LA/ASVspoof2019_LA_dev/flac/LA_D_6935031.flac,0
/data/DATASETS/ASV_Spoof_2019_LA/ASVspoof2019_LA_eval/flac/LA_E_2517084.flac,0
/data/DATASETS/ASV_Spoof_2019_LA/ASVspoof2019_LA_train/flac/LA_T_3993498.flac,0
/data/DATASETS/ASV_Spoof_2019_LA/ASVspoof2019_LA_eval/flac/LA_E_5033386.flac,0
/data/DATASETS/ASV_Spoof_2019_LA/ASVspoof2019_LA_eval/flac/LA_E_8164461.flac,0
/data/DATASETS/ASV_Spoof_2019_LA/ASVspoof2019_LA_eval/flac/LA_E_6227078.flac,0
/data/DATASETS/ASV_Spoof_2019_LA/ASVspoof2019_LA_eval/flac/LA_E_2318470.flac,0
/data/DATASETS/ASV_Spoof_2019_LA/ASVspoof2019_LA_eval/flac/LA_E_4352922.flac,0
/data/DATASETS/ASV_Spoof_2019_LA/ASVspoof2019_LA_eval/flac/LA_E_3283004.flac,0
/data/DATASETS/ASV_Spoof_2019_LA/ASVspoof2019_LA_eval/flac/LA_E_2936047.flac,0
/data/DATASETS/ASV_Spoof_2019_LA/ASVspoof2019_LA_eval/flac/LA_E_4537530.flac,0
/data/DATASETS/ASV_Spoof_2019_LA/ASVspoof2019_LA_dev/flac/LA_D_1336221.flac,0
/data/DATASETS/ASV_Spoof_2019_LA/ASVspoof2019_LA_train/flac/LA_T_8035781.flac,0
/data/DATASETS/ASV_Spoof_2019_LA/ASVspoof2019_LA_eval/flac/LA_E_9752973.flac,0
/data/DATASETS/ASV_Spoof_2019_LA/ASVspoof2019_LA_train/flac/LA_T_7201521.flac,0
/data/DATASETS/ASV_Spoof_2019_LA/ASVspoof2019_LA_train/flac/LA_T_8590705.flac,0
/data/DATASETS/ASV_Spoof_2019_LA/ASVspoof2019_LA_eval/flac/LA_E_7470661.flac,0
/data/DATASETS/ASV_Spoof_2019_LA/ASVspoof2019_LA_eval/flac/LA_E_2724873.flac,0
/data/DATASETS/ASV_Spoof_2019_LA/ASVspoof2019_LA_eval/flac/LA_E_6214943.flac,0
/data/DATASETS/ASV_Spoof_2019_LA/ASVspoof2019_LA_train/flac/LA_T_6078217.flac,0
/data/DATASETS/ASV_Spoof_2019_LA/ASVspoof2019_LA_dev/flac/LA_D_1028589.flac,0
/data/DATASETS/ASV_Spoof_2019_LA/ASVspoof2019_LA_dev/flac/LA_D_1961293.flac,0
/data/DATASETS/ASV_Spoof_2019_LA/ASVspoof2019_LA_eval/flac/LA_E_4962374.flac,0
/data/DATASETS/ASV_Spoof_2019_LA/ASVspoof2019_LA_eval/flac/LA_E_3519895.flac,0
/data/DATASETS/ASV_Spoof_2019_LA/ASVspoof2019_LA_dev/flac/LA_D_2287585.flac,0
/data/DATASETS/ASV_Spoof_2019_LA/ASVspoof2019_LA_eval/flac/LA_E_5093150.flac,0
/data/DATASETS/ASV_Spoof_2019_LA/ASVspoof2019_LA_eval/flac/LA_E_6296657.flac,0
/data/DATASETS/ASV_Spoof_2019_LA/ASVspoof2019_LA_eval/flac/LA_E_4627062.flac,0
/data/DATASETS/ASV_Spoof_2019_LA/ASVspoof2019_LA_train/flac/LA_T_9162137.flac,0
/data/DATASETS/ASV_Spoof_2019_LA/ASVspoof2019_LA_dev/flac/LA_D_8596240.flac,0
/data/DATASETS/ASV_Spoof_2019_LA/ASVspoof2019_LA_eval/flac/LA_E_9047083.flac,0
/data/DATASETS/ASV_Spoof_2019_LA/ASVspoof2019_LA_eval/flac/LA_E_2629593.flac,0
/data/DATASETS/ASV_Spoof_2019_LA/ASVspoof2019_LA_eval/flac/LA_E_3320076.flac,0
/data/DATASETS/ASV_Spoof_2019_LA/ASVspoof2019_LA_dev/flac/LA_D_1481335.flac,0
/data/DATASETS/ASV_Spoof_2019_LA/ASVspoof2019_LA_dev/flac/LA_D_2285682.flac,0
/data/DATASETS/ASV_Spoof_2019_LA/ASVspoof2019_LA_eval/flac/LA_E_7875012.flac,0
/data/DATASETS/ASV_Spoof_2019_LA/ASVspoof2019_LA_dev/flac/LA_D_7998943.flac,0
/data/DATASETS/ASV_Spoof_2019_LA/ASVspoof2019_LA_eval/flac/LA_E_8614623.flac,0
/data/DATASETS/ASV_Spoof_2019_LA/ASVspoof2019_LA_dev/flac/LA_D_8426461.flac,0
/data/DATASETS/ASV_Spoof_2019_LA/ASVspoof2019_LA_eval/flac/LA_E_5460529.flac,0
/data/DATASETS/ASV_Spoof_2019_LA/ASVspoof2019_LA_train/flac/LA_T_9188299.flac,0
/data/DATASETS/ASV_Spoof_2019_LA/ASVspoof2019_LA_eval/flac/LA_E_2389562.flac,0
/data/DATASETS/ASV_Spoof_2019_LA/ASVspoof2019_LA_eval/flac/LA_E_3627372.flac,0
/data/DATASETS/ASV_Spoof_2019_LA/ASVspoof2019_LA_train/flac/LA_T_6734950.flac,0
/data/DATASETS/ASV_Spoof_2019_LA/ASVspoof2019_LA_eval/flac/LA_E_4486074.flac,0
/data/DATASETS/ASV_Spoof_2019_LA/ASVspoof2019_LA_dev/flac/LA_D_4466532.flac,0
/data/DATASETS/ASV_Spoof_2019_LA/ASVspoof2019_LA_eval/flac/LA_E_5700421.flac,0
/data/DATASETS/ASV_Spoof_2019_LA/ASVspoof2019_LA_train/flac/LA_T_8778911.flac,0
/data/DATASETS/ASV_Spoof_2019_LA/ASVspoof2019_LA_eval/flac/LA_E_8728399.flac,0
/data/DATASETS/ASV_Spoof_2019_LA/ASVspoof2019_LA_eval/flac/LA_E_7105728.flac,0
/data/DATASETS/ASV_Spoof_2019_LA/ASVspoof2019_LA_eval/flac/LA_E_6721603.flac,0
/data/DATASETS/ASV_Spoof_2019_LA/ASVspoof2019_LA_dev/flac/LA_D_3286517.flac,0
/data/DATASETS/ASV_Spoof_2019_LA/ASVspoof2019_LA_dev/flac/LA_D_9867970.flac,0
/data/DATASETS/ASV_Spoof_2019_LA/ASVspoof2019_LA_eval/flac/LA_E_8296129.flac,0
/data/DATASETS/ASV_Spoof_2019_LA/ASVspoof2019_LA_train/flac/LA_T_6710807.flac,0
/data/DATASETS/ASV_Spoof_2019_LA/ASVspoof2019_LA_train/flac/LA_T_2747022.flac,0
/data/DATASETS/ASV_Spoof_2019_LA/ASVspoof2019_LA_dev/flac/LA_D_7760578.flac,0
/data/DATASETS/ASV_Spoof_2019_LA/ASVspoof2019_LA_eval/flac/LA_E_2882543.flac,0
/data/DATASETS/ASV_Spoof_2019_LA/ASVspoof2019_LA_eval/flac/LA_E_9773369.flac,0
/data/DATASETS/ASV_Spoof_2019_LA/ASVspoof2019_LA_dev/flac/LA_D_9121123.flac,0
/data/DATASETS/ASV_Spoof_2019_LA/ASVspoof2019_LA_eval/flac/LA_E_1977950.flac,0
/data/DATASETS/ASV_Spoof_2019_LA/ASVspoof2019_LA_dev/flac/LA_D_4339997.flac,0
/data/DATASETS/ASV_Spoof_2019_LA/ASVspoof2019_LA_eval/flac/LA_E_9390822.flac,0
/data/DATASETS/ASV_Spoof_2019_LA/ASVspoof2019_LA_train/flac/LA_T_6922879.flac,0
/data/DATASETS/ASV_Spoof_2019_LA/ASVspoof2019_LA_eval/flac/LA_E_4855908.flac,0
/data/DATASETS/ASV_Spoof_2019_LA/ASVspoof2019_LA_eval/flac/LA_E_2373149.flac,0
/data/DATASETS/ASV_Spoof_2019_LA/ASVspoof2019_LA_train/flac/LA_T_2857315.flac,0
/data/DATASETS/ASV_Spoof_2019_LA/ASVspoof2019_LA_dev/flac/LA_D_2286902.flac,0
/data/DATASETS/ASV_Spoof_2019_LA/ASVspoof2019_LA_eval/flac/LA_E_3613149.flac,0
/data/DATASETS/ASV_Spoof_2019_LA/ASVspoof2019_LA_eval/flac/LA_E_3136426.flac,0
/data/DATASETS/ASV_Spoof_2019_LA/ASVspoof2019_LA_eval/flac/LA_E_6693511.flac,0
/data/DATASETS/ASV_Spoof_2019_LA/ASVspoof2019_LA_train/flac/LA_T_6025945.flac,0
/data/DATASETS/ASV_Spoof_2019_LA/ASVspoof2019_LA_eval/flac/LA_E_7727382.flac,0
/data/DATASETS/ASV_Spoof_2019_LA/ASVspoof2019_LA_dev/flac/LA_D_3691360.flac,0
/data/DATASETS/ASV_Spoof_2019_LA/ASVspoof2019_LA_train/flac/LA_T_7544663.flac,0
/data/DATASETS/ASV_Spoof_2019_LA/ASVspoof2019_LA_train/flac/LA_T_2201500.flac,0
/data/DATASETS/ASV_Spoof_2019_LA/ASVspoof2019_LA_eval/flac/LA_E_9732738.flac,0
/data/DATASETS/ASV_Spoof_2019_LA/ASVspoof2019_LA_eval/flac/LA_E_5575341.flac,0
/data/DATASETS/ASV_Spoof_2019_LA/ASVspoof2019_LA_dev/flac/LA_D_4331249.flac,0
/data/DATASETS/ASV_Spoof_2019_LA/ASVspoof2019_LA_dev/flac/LA_D_5158638.flac,0
/data/DATASETS/ASV_Spoof_2019_LA/ASVspoof2019_LA_dev/flac/LA_D_3389737.flac,0
/data/DATASETS/ASV_Spoof_2019_LA/ASVspoof2019_LA_eval/flac/LA_E_5576566.flac,0
/data/DATASETS/ASV_Spoof_2019_LA/ASVspoof2019_LA_train/flac/LA_T_2100932.flac,0
/data/DATASETS/ASV_Spoof_2019_LA/ASVspoof2019_LA_eval/flac/LA_E_3761106.flac,0
/data/DATASETS/ASV_Spoof_2019_LA/ASVspoof2019_LA_eval/flac/LA_E_5483160.flac,0
/data/DATASETS/ASV_Spoof_2019_LA/ASVspoof2019_LA_eval/flac/LA_E_5020851.flac,0
/data/DATASETS/ASV_Spoof_2019_LA/ASVspoof2019_LA_eval/flac/LA_E_3662025.flac,0
/data/DATASETS/ASV_Spoof_2019_LA/ASVspoof2019_LA_eval/flac/LA_E_8200655.flac,0
/data/DATASETS/ASV_Spoof_2019_LA/ASVspoof2019_LA_dev/flac/LA_D_4698419.flac,0
/data/DATASETS/ASV_Spoof_2019_LA/ASVspoof2019_LA_train/flac/LA_T_9174733.flac,0
/data/DATASETS/ASV_Spoof_2019_LA/ASVspoof2019_LA_eval/flac/LA_E_6310132.flac,0
/data/DATASETS/ASV_Spoof_2019_LA/ASVspoof2019_LA_eval/flac/LA_E_3286524.flac,0
/data/DATASETS/ASV_Spoof_2019_LA/ASVspoof2019_LA_eval/flac/LA_E_6433877.flac,0
/data/DATASETS/ASV_Spoof_2019_LA/ASVspoof2019_LA_eval/flac/LA_E_6074132.flac,0
/data/DATASETS/ASV_Spoof_2019_LA/ASVspoof2019_LA_eval/flac/LA_E_8973590.flac,0
/data/DATASETS/ASV_Spoof_2019_LA/ASVspoof2019_LA_eval/flac/LA_E_8626523.flac,0
/data/DATASETS/ASV_Spoof_2019_LA/ASVspoof2019_LA_eval/flac/LA_E_4582746.flac,0
/data/DATASETS/ASV_Spoof_2019_LA/ASVspoof2019_LA_eval/flac/LA_E_1181253.flac,0
/data/DATASETS/ASV_Spoof_2019_LA/ASVspoof2019_LA_dev/flac/LA_D_1038259.flac,0
/data/DATASETS/ASV_Spoof_2019_LA/ASVspoof2019_LA_eval/flac/LA_E_9127426.flac,0
/data/DATASETS/ASV_Spoof_2019_LA/ASVspoof2019_LA_dev/flac/LA_D_4235390.flac,0
/data/DATASETS/ASV_Spoof_2019_LA/ASVspoof2019_LA_eval/flac/LA_E_5758934.flac,0
/data/DATASETS/ASV_Spoof_2019_LA/ASVspoof2019_LA_eval/flac/LA_E_2114085.flac,0
/data/DATASETS/ASV_Spoof_2019_LA/ASVspoof2019_LA_eval/flac/LA_E_2826379.flac,0
/data/DATASETS/ASV_Spoof_2019_LA/ASVspoof2019_LA_dev/flac/LA_D_6710328.flac,0
/data/DATASETS/ASV_Spoof_2019_LA/ASVspoof2019_LA_dev/flac/LA_D_9820905.flac,0
/data/DATASETS/ASV_Spoof_2019_LA/ASVspoof2019_LA_eval/flac/LA_E_9082970.flac,0
/data/DATASETS/ASV_Spoof_2019_LA/ASVspoof2019_LA_eval/flac/LA_E_9243605.flac,0
/data/DATASETS/ASV_Spoof_2019_LA/ASVspoof2019_LA_train/flac/LA_T_1608170.flac,0
/data/DATASETS/ASV_Spoof_2019_LA/ASVspoof2019_LA_dev/flac/LA_D_2856650.flac,0
/data/DATASETS/ASV_Spoof_2019_LA/ASVspoof2019_LA_eval/flac/LA_E_3270284.flac,0
/data/DATASETS/ASV_Spoof_2019_LA/ASVspoof2019_LA_eval/flac/LA_E_4258175.flac,0
/data/DATASETS/ASV_Spoof_2019_LA/ASVspoof2019_LA_eval/flac/LA_E_8403814.flac,0
/data/DATASETS/ASV_Spoof_2019_LA/ASVspoof2019_LA_dev/flac/LA_D_2932112.flac,0
/data/DATASETS/ASV_Spoof_2019_LA/ASVspoof2019_LA_eval/flac/LA_E_7706186.flac,0
/data/DATASETS/ASV_Spoof_2019_LA/ASVspoof2019_LA_eval/flac/LA_E_5376768.flac,0
/data/DATASETS/ASV_Spoof_2019_LA/ASVspoof2019_LA_eval/flac/LA_E_8732746.flac,0
/data/DATASETS/ASV_Spoof_2019_LA/ASVspoof2019_LA_dev/flac/LA_D_8503024.flac,0
/data/DATASETS/ASV_Spoof_2019_LA/ASVspoof2019_LA_eval/flac/LA_E_9091878.flac,0
/data/DATASETS/ASV_Spoof_2019_LA/ASVspoof2019_LA_train/flac/LA_T_8097328.flac,0
/data/DATASETS/ASV_Spoof_2019_LA/ASVspoof2019_LA_eval/flac/LA_E_6805337.flac,0
/data/DATASETS/ASV_Spoof_2019_LA/ASVspoof2019_LA_train/flac/LA_T_8566553.flac,0
/data/DATASETS/ASV_Spoof_2019_LA/ASVspoof2019_LA_dev/flac/LA_D_9348533.flac,0
/data/DATASETS/ASV_Spoof_2019_LA/ASVspoof2019_LA_train/flac/LA_T_8169980.flac,0
/data/DATASETS/ASV_Spoof_2019_LA/ASVspoof2019_LA_dev/flac/LA_D_8986360.flac,0
/data/DATASETS/ASV_Spoof_2019_LA/ASVspoof2019_LA_eval/flac/LA_E_9290642.flac,0
/data/DATASETS/ASV_Spoof_2019_LA/ASVspoof2019_LA_train/flac/LA_T_9108411.flac,0
/data/DATASETS/ASV_Spoof_2019_LA/ASVspoof2019_LA_eval/flac/LA_E_2021989.flac,0
/data/DATASETS/ASV_Spoof_2019_LA/ASVspoof2019_LA_eval/flac/LA_E_5486992.flac,0
/data/DATASETS/ASV_Spoof_2019_LA/ASVspoof2019_LA_train/flac/LA_T_7946710.flac,0
/data/DATASETS/ASV_Spoof_2019_LA/ASVspoof2019_LA_train/flac/LA_T_9896961.flac,0
/data/DATASETS/ASV_Spoof_2019_LA/ASVspoof2019_LA_train/flac/LA_T_7943455.flac,0
/data/DATASETS/ASV_Spoof_2019_LA/ASVspoof2019_LA_dev/flac/LA_D_7742504.flac,0
/data/DATASETS/ASV_Spoof_2019_LA/ASVspoof2019_LA_eval/flac/LA_E_5614625.flac,0
/data/DATASETS/ASV_Spoof_2019_LA/ASVspoof2019_LA_eval/flac/LA_E_4212502.flac,0
/data/DATASETS/ASV_Spoof_2019_LA/ASVspoof2019_LA_train/flac/LA_T_8665473.flac,0
/data/DATASETS/ASV_Spoof_2019_LA/ASVspoof2019_LA_eval/flac/LA_E_1280241.flac,0
/data/DATASETS/ASV_Spoof_2019_LA/ASVspoof2019_LA_eval/flac/LA_E_9599380.flac,0
/data/DATASETS/ASV_Spoof_2019_LA/ASVspoof2019_LA_eval/flac/LA_E_3760900.flac,0
/data/DATASETS/ASV_Spoof_2019_LA/ASVspoof2019_LA_dev/flac/LA_D_7647812.flac,0
/data/DATASETS/ASV_Spoof_2019_LA/ASVspoof2019_LA_eval/flac/LA_E_6020327.flac,0
/data/DATASETS/ASV_Spoof_2019_LA/ASVspoof2019_LA_dev/flac/LA_D_8140900.flac,0
/data/DATASETS/ASV_Spoof_2019_LA/ASVspoof2019_LA_dev/flac/LA_D_5833231.flac,0
/data/DATASETS/ASV_Spoof_2019_LA/ASVspoof2019_LA_eval/flac/LA_E_8661993.flac,0
/data/DATASETS/ASV_Spoof_2019_LA/ASVspoof2019_LA_eval/flac/LA_E_5138811.flac,0
/data/DATASETS/ASV_Spoof_2019_LA/ASVspoof2019_LA_eval/flac/LA_E_7743946.flac,0
/data/DATASETS/ASV_Spoof_2019_LA/ASVspoof2019_LA_eval/flac/LA_E_1242285.flac,0
/data/DATASETS/ASV_Spoof_2019_LA/ASVspoof2019_LA_eval/flac/LA_E_6366783.flac,0
/data/DATASETS/ASV_Spoof_2019_LA/ASVspoof2019_LA_eval/flac/LA_E_3534522.flac,0
/data/DATASETS/ASV_Spoof_2019_LA/ASVspoof2019_LA_dev/flac/LA_D_6341313.flac,0
/data/DATASETS/ASV_Spoof_2019_LA/ASVspoof2019_LA_eval/flac/LA_E_7850527.flac,0
/data/DATASETS/ASV_Spoof_2019_LA/ASVspoof2019_LA_dev/flac/LA_D_5146678.flac,0
/data/DATASETS/ASV_Spoof_2019_LA/ASVspoof2019_LA_eval/flac/LA_E_2224329.flac,0
/data/DATASETS/ASV_Spoof_2019_LA/ASVspoof2019_LA_dev/flac/LA_D_8034204.flac,0
/data/DATASETS/ASV_Spoof_2019_LA/ASVspoof2019_LA_dev/flac/LA_D_8767671.flac,0
/data/DATASETS/ASV_Spoof_2019_LA/ASVspoof2019_LA_eval/flac/LA_E_6906931.flac,0
/data/DATASETS/ASV_Spoof_2019_LA/ASVspoof2019_LA_dev/flac/LA_D_3044379.flac,0
/data/DATASETS/ASV_Spoof_2019_LA/ASVspoof2019_LA_eval/flac/LA_E_4427197.flac,0
/data/DATASETS/ASV_Spoof_2019_LA/ASVspoof2019_LA_train/flac/LA_T_8779336.flac,0
/data/DATASETS/ASV_Spoof_2019_LA/ASVspoof2019_LA_eval/flac/LA_E_1125888.flac,0
/data/DATASETS/ASV_Spoof_2019_LA/ASVspoof2019_LA_dev/flac/LA_D_3916177.flac,0
/data/DATASETS/ASV_Spoof_2019_LA/ASVspoof2019_LA_eval/flac/LA_E_5975648.flac,0
/data/DATASETS/ASV_Spoof_2019_LA/ASVspoof2019_LA_train/flac/LA_T_5322386.flac,0
/data/DATASETS/ASV_Spoof_2019_LA/ASVspoof2019_LA_dev/flac/LA_D_7691845.flac,0
/data/DATASETS/ASV_Spoof_2019_LA/ASVspoof2019_LA_eval/flac/LA_E_1715585.flac,0
/data/DATASETS/ASV_Spoof_2019_LA/ASVspoof2019_LA_eval/flac/LA_E_6982438.flac,0
/data/DATASETS/ASV_Spoof_2019_LA/ASVspoof2019_LA_train/flac/LA_T_1407047.flac,0
/data/DATASETS/ASV_Spoof_2019_LA/ASVspoof2019_LA_eval/flac/LA_E_6422459.flac,0
/data/DATASETS/ASV_Spoof_2019_LA/ASVspoof2019_LA_eval/flac/LA_E_5238273.flac,0
/data/DATASETS/ASV_Spoof_2019_LA/ASVspoof2019_LA_dev/flac/LA_D_5786237.flac,0
/data/DATASETS/ASV_Spoof_2019_LA/ASVspoof2019_LA_dev/flac/LA_D_4494554.flac,0
/data/DATASETS/ASV_Spoof_2019_LA/ASVspoof2019_LA_eval/flac/LA_E_6733225.flac,0
/data/DATASETS/ASV_Spoof_2019_LA/ASVspoof2019_LA_train/flac/LA_T_7152560.flac,0
/data/DATASETS/ASV_Spoof_2019_LA/ASVspoof2019_LA_eval/flac/LA_E_4936594.flac,0
/data/DATASETS/ASV_Spoof_2019_LA/ASVspoof2019_LA_train/flac/LA_T_5550327.flac,0
/data/DATASETS/ASV_Spoof_2019_LA/ASVspoof2019_LA_dev/flac/LA_D_6916843.flac,0
/data/DATASETS/ASV_Spoof_2019_LA/ASVspoof2019_LA_eval/flac/LA_E_2328279.flac,0
/data/DATASETS/ASV_Spoof_2019_LA/ASVspoof2019_LA_dev/flac/LA_D_9108828.flac,0
/data/DATASETS/ASV_Spoof_2019_LA/ASVspoof2019_LA_eval/flac/LA_E_3664773.flac,0
/data/DATASETS/ASV_Spoof_2019_LA/ASVspoof2019_LA_eval/flac/LA_E_3031206.flac,0
/data/DATASETS/ASV_Spoof_2019_LA/ASVspoof2019_LA_train/flac/LA_T_4853062.flac,0
/data/DATASETS/ASV_Spoof_2019_LA/ASVspoof2019_LA_eval/flac/LA_E_9195064.flac,0
/data/DATASETS/ASV_Spoof_2019_LA/ASVspoof2019_LA_eval/flac/LA_E_1047198.flac,0
/data/DATASETS/ASV_Spoof_2019_LA/ASVspoof2019_LA_eval/flac/LA_E_4977950.flac,0
/data/DATASETS/ASV_Spoof_2019_LA/ASVspoof2019_LA_train/flac/LA_T_2866573.flac,0
/data/DATASETS/ASV_Spoof_2019_LA/ASVspoof2019_LA_eval/flac/LA_E_8637523.flac,0
/data/DATASETS/ASV_Spoof_2019_LA/ASVspoof2019_LA_train/flac/LA_T_5680519.flac,0
/data/DATASETS/ASV_Spoof_2019_LA/ASVspoof2019_LA_eval/flac/LA_E_9211616.flac,0
/data/DATASETS/ASV_Spoof_2019_LA/ASVspoof2019_LA_dev/flac/LA_D_1764120.flac,0
/data/DATASETS/ASV_Spoof_2019_LA/ASVspoof2019_LA_eval/flac/LA_E_5207585.flac,0
/data/DATASETS/ASV_Spoof_2019_LA/ASVspoof2019_LA_eval/flac/LA_E_1023303.flac,0
/data/DATASETS/ASV_Spoof_2019_LA/ASVspoof2019_LA_eval/flac/LA_E_8060798.flac,0
/data/DATASETS/ASV_Spoof_2019_LA/ASVspoof2019_LA_eval/flac/LA_E_8078599.flac,0
/data/DATASETS/ASV_Spoof_2019_LA/ASVspoof2019_LA_eval/flac/LA_E_5337353.flac,0
/data/DATASETS/ASV_Spoof_2019_LA/ASVspoof2019_LA_eval/flac/LA_E_7676497.flac,0
/data/DATASETS/ASV_Spoof_2019_LA/ASVspoof2019_LA_eval/flac/LA_E_1137766.flac,0
/data/DATASETS/ASV_Spoof_2019_LA/ASVspoof2019_LA_dev/flac/LA_D_9658949.flac,0
/data/DATASETS/ASV_Spoof_2019_LA/ASVspoof2019_LA_dev/flac/LA_D_4037283.flac,0
/data/DATASETS/ASV_Spoof_2019_LA/ASVspoof2019_LA_dev/flac/LA_D_6919759.flac,0
/data/DATASETS/ASV_Spoof_2019_LA/ASVspoof2019_LA_train/flac/LA_T_4778437.flac,0
/data/DATASETS/ASV_Spoof_2019_LA/ASVspoof2019_LA_train/flac/LA_T_2653144.flac,0
/data/DATASETS/ASV_Spoof_2019_LA/ASVspoof2019_LA_eval/flac/LA_E_7335424.flac,0
/data/DATASETS/ASV_Spoof_2019_LA/ASVspoof2019_LA_eval/flac/LA_E_2987280.flac,0
/data/DATASETS/ASV_Spoof_2019_LA/ASVspoof2019_LA_eval/flac/LA_E_7167069.flac,0
/data/DATASETS/ASV_Spoof_2019_LA/ASVspoof2019_LA_train/flac/LA_T_7234808.flac,0
/data/DATASETS/ASV_Spoof_2019_LA/ASVspoof2019_LA_train/flac/LA_T_5879219.flac,0
/data/DATASETS/ASV_Spoof_2019_LA/ASVspoof2019_LA_eval/flac/LA_E_9979185.flac,0
/data/DATASETS/ASV_Spoof_2019_LA/ASVspoof2019_LA_eval/flac/LA_E_7928722.flac,0
/data/DATASETS/ASV_Spoof_2019_LA/ASVspoof2019_LA_dev/flac/LA_D_7451276.flac,0
/data/DATASETS/ASV_Spoof_2019_LA/ASVspoof2019_LA_dev/flac/LA_D_8241585.flac,0
/data/DATASETS/ASV_Spoof_2019_LA/ASVspoof2019_LA_train/flac/LA_T_6726155.flac,0
/data/DATASETS/ASV_Spoof_2019_LA/ASVspoof2019_LA_eval/flac/LA_E_2662912.flac,0
/data/DATASETS/ASV_Spoof_2019_LA/ASVspoof2019_LA_eval/flac/LA_E_2159117.flac,0
/data/DATASETS/ASV_Spoof_2019_LA/ASVspoof2019_LA_eval/flac/LA_E_6098438.flac,0
/data/DATASETS/ASV_Spoof_2019_LA/ASVspoof2019_LA_eval/flac/LA_E_7709231.flac,0
/data/DATASETS/ASV_Spoof_2019_LA/ASVspoof2019_LA_dev/flac/LA_D_7901021.flac,0
/data/DATASETS/ASV_Spoof_2019_LA/ASVspoof2019_LA_dev/flac/LA_D_6810732.flac,0
/data/DATASETS/ASV_Spoof_2019_LA/ASVspoof2019_LA_eval/flac/LA_E_1916298.flac,0
/data/DATASETS/ASV_Spoof_2019_LA/ASVspoof2019_LA_eval/flac/LA_E_3218689.flac,0
/data/DATASETS/ASV_Spoof_2019_LA/ASVspoof2019_LA_train/flac/LA_T_5831523.flac,0
/data/DATASETS/ASV_Spoof_2019_LA/ASVspoof2019_LA_eval/flac/LA_E_6703263.flac,0
/data/DATASETS/ASV_Spoof_2019_LA/ASVspoof2019_LA_dev/flac/LA_D_5972086.flac,0
/data/DATASETS/ASV_Spoof_2019_LA/ASVspoof2019_LA_eval/flac/LA_E_6554062.flac,0
/data/DATASETS/ASV_Spoof_2019_LA/ASVspoof2019_LA_dev/flac/LA_D_4457621.flac,0
/data/DATASETS/ASV_Spoof_2019_LA/ASVspoof2019_LA_eval/flac/LA_E_4952867.flac,0
/data/DATASETS/ASV_Spoof_2019_LA/ASVspoof2019_LA_train/flac/LA_T_1377264.flac,0
/data/DATASETS/ASV_Spoof_2019_LA/ASVspoof2019_LA_eval/flac/LA_E_4037537.flac,0
/data/DATASETS/ASV_Spoof_2019_LA/ASVspoof2019_LA_dev/flac/LA_D_4723647.flac,0
/data/DATASETS/ASV_Spoof_2019_LA/ASVspoof2019_LA_train/flac/LA_T_3720724.flac,0
/data/DATASETS/ASV_Spoof_2019_LA/ASVspoof2019_LA_eval/flac/LA_E_5383758.flac,0
/data/DATASETS/ASV_Spoof_2019_LA/ASVspoof2019_LA_train/flac/LA_T_6058143.flac,0
/data/DATASETS/ASV_Spoof_2019_LA/ASVspoof2019_LA_eval/flac/LA_E_8234832.flac,0
/data/DATASETS/ASV_Spoof_2019_LA/ASVspoof2019_LA_dev/flac/LA_D_2763260.flac,0
/data/DATASETS/ASV_Spoof_2019_LA/ASVspoof2019_LA_eval/flac/LA_E_1415193.flac,0
/data/DATASETS/ASV_Spoof_2019_LA/ASVspoof2019_LA_eval/flac/LA_E_6599538.flac,0
/data/DATASETS/ASV_Spoof_2019_LA/ASVspoof2019_LA_eval/flac/LA_E_9016542.flac,0
/data/DATASETS/ASV_Spoof_2019_LA/ASVspoof2019_LA_eval/flac/LA_E_7617702.flac,0
/data/DATASETS/ASV_Spoof_2019_LA/ASVspoof2019_LA_train/flac/LA_T_2482961.flac,0
/data/DATASETS/ASV_Spoof_2019_LA/ASVspoof2019_LA_train/flac/LA_T_5776532.flac,0
/data/DATASETS/ASV_Spoof_2019_LA/ASVspoof2019_LA_dev/flac/LA_D_2223225.flac,0
/data/DATASETS/ASV_Spoof_2019_LA/ASVspoof2019_LA_eval/flac/LA_E_6682282.flac,0
/data/DATASETS/ASV_Spoof_2019_LA/ASVspoof2019_LA_eval/flac/LA_E_7586696.flac,0
/data/DATASETS/ASV_Spoof_2019_LA/ASVspoof2019_LA_eval/flac/LA_E_8909724.flac,0
/data/DATASETS/ASV_Spoof_2019_LA/ASVspoof2019_LA_train/flac/LA_T_6742582.flac,0
/data/DATASETS/ASV_Spoof_2019_LA/ASVspoof2019_LA_eval/flac/LA_E_7035803.flac,0
/data/DATASETS/ASV_Spoof_2019_LA/ASVspoof2019_LA_train/flac/LA_T_5949621.flac,0
/data/DATASETS/ASV_Spoof_2019_LA/ASVspoof2019_LA_eval/flac/LA_E_9299157.flac,0
/data/DATASETS/ASV_Spoof_2019_LA/ASVspoof2019_LA_eval/flac/LA_E_6134986.flac,0
/data/DATASETS/ASV_Spoof_2019_LA/ASVspoof2019_LA_eval/flac/LA_E_3698964.flac,0
/data/DATASETS/ASV_Spoof_2019_LA/ASVspoof2019_LA_eval/flac/LA_E_3201854.flac,0
/data/DATASETS/ASV_Spoof_2019_LA/ASVspoof2019_LA_dev/flac/LA_D_2408297.flac,0
/data/DATASETS/ASV_Spoof_2019_LA/ASVspoof2019_LA_train/flac/LA_T_4971377.flac,0
/data/DATASETS/ASV_Spoof_2019_LA/ASVspoof2019_LA_eval/flac/LA_E_3183168.flac,0
/data/DATASETS/ASV_Spoof_2019_LA/ASVspoof2019_LA_eval/flac/LA_E_7888046.flac,0
/data/DATASETS/ASV_Spoof_2019_LA/ASVspoof2019_LA_train/flac/LA_T_1892730.flac,0
/data/DATASETS/ASV_Spoof_2019_LA/ASVspoof2019_LA_eval/flac/LA_E_1945126.flac,0
/data/DATASETS/ASV_Spoof_2019_LA/ASVspoof2019_LA_train/flac/LA_T_8305834.flac,0
/data/DATASETS/ASV_Spoof_2019_LA/ASVspoof2019_LA_eval/flac/LA_E_6373923.flac,0
/data/DATASETS/ASV_Spoof_2019_LA/ASVspoof2019_LA_eval/flac/LA_E_6958235.flac,0
/data/DATASETS/ASV_Spoof_2019_LA/ASVspoof2019_LA_dev/flac/LA_D_9243355.flac,0
/data/DATASETS/ASV_Spoof_2019_LA/ASVspoof2019_LA_dev/flac/LA_D_1570970.flac,0
/data/DATASETS/ASV_Spoof_2019_LA/ASVspoof2019_LA_dev/flac/LA_D_2660160.flac,0
/data/DATASETS/ASV_Spoof_2019_LA/ASVspoof2019_LA_train/flac/LA_T_5806387.flac,0
/data/DATASETS/ASV_Spoof_2019_LA/ASVspoof2019_LA_eval/flac/LA_E_1667231.flac,0
/data/DATASETS/ASV_Spoof_2019_LA/ASVspoof2019_LA_eval/flac/LA_E_3200530.flac,0
/data/DATASETS/ASV_Spoof_2019_LA/ASVspoof2019_LA_eval/flac/LA_E_4010626.flac,0
/data/DATASETS/ASV_Spoof_2019_LA/ASVspoof2019_LA_eval/flac/LA_E_3111647.flac,0
/data/DATASETS/ASV_Spoof_2019_LA/ASVspoof2019_LA_dev/flac/LA_D_9057299.flac,0
/data/DATASETS/ASV_Spoof_2019_LA/ASVspoof2019_LA_eval/flac/LA_E_5099797.flac,0
/data/DATASETS/ASV_Spoof_2019_LA/ASVspoof2019_LA_eval/flac/LA_E_8220166.flac,0
/data/DATASETS/ASV_Spoof_2019_LA/ASVspoof2019_LA_eval/flac/LA_E_9571716.flac,0
/data/DATASETS/ASV_Spoof_2019_LA/ASVspoof2019_LA_eval/flac/LA_E_1971612.flac,0
/data/DATASETS/ASV_Spoof_2019_LA/ASVspoof2019_LA_eval/flac/LA_E_1342706.flac,0
/data/DATASETS/ASV_Spoof_2019_LA/ASVspoof2019_LA_train/flac/LA_T_2873890.flac,0
/data/DATASETS/ASV_Spoof_2019_LA/ASVspoof2019_LA_dev/flac/LA_D_1544898.flac,0
/data/DATASETS/ASV_Spoof_2019_LA/ASVspoof2019_LA_eval/flac/LA_E_4582507.flac,0
/data/DATASETS/ASV_Spoof_2019_LA/ASVspoof2019_LA_eval/flac/LA_E_5421571.flac,0
/data/DATASETS/ASV_Spoof_2019_LA/ASVspoof2019_LA_train/flac/LA_T_5592527.flac,0
/data/DATASETS/ASV_Spoof_2019_LA/ASVspoof2019_LA_dev/flac/LA_D_1541720.flac,0
/data/DATASETS/ASV_Spoof_2019_LA/ASVspoof2019_LA_eval/flac/LA_E_1835912.flac,0
/data/DATASETS/ASV_Spoof_2019_LA/ASVspoof2019_LA_dev/flac/LA_D_8371178.flac,0
/data/DATASETS/ASV_Spoof_2019_LA/ASVspoof2019_LA_eval/flac/LA_E_2613546.flac,0
/data/DATASETS/ASV_Spoof_2019_LA/ASVspoof2019_LA_train/flac/LA_T_2982213.flac,0
/data/DATASETS/ASV_Spoof_2019_LA/ASVspoof2019_LA_dev/flac/LA_D_6609032.flac,0
/data/DATASETS/ASV_Spoof_2019_LA/ASVspoof2019_LA_eval/flac/LA_E_2368562.flac,0
/data/DATASETS/ASV_Spoof_2019_LA/ASVspoof2019_LA_train/flac/LA_T_8571358.flac,0
/data/DATASETS/ASV_Spoof_2019_LA/ASVspoof2019_LA_eval/flac/LA_E_5439039.flac,0
/data/DATASETS/ASV_Spoof_2019_LA/ASVspoof2019_LA_dev/flac/LA_D_1699026.flac,0
/data/DATASETS/ASV_Spoof_2019_LA/ASVspoof2019_LA_eval/flac/LA_E_7643037.flac,0
/data/DATASETS/ASV_Spoof_2019_LA/ASVspoof2019_LA_eval/flac/LA_E_8699385.flac,0
/data/DATASETS/ASV_Spoof_2019_LA/ASVspoof2019_LA_dev/flac/LA_D_1488449.flac,0
/data/DATASETS/ASV_Spoof_2019_LA/ASVspoof2019_LA_eval/flac/LA_E_6735646.flac,0
/data/DATASETS/ASV_Spoof_2019_LA/ASVspoof2019_LA_eval/flac/LA_E_5590452.flac,0
/data/DATASETS/ASV_Spoof_2019_LA/ASVspoof2019_LA_eval/flac/LA_E_9775379.flac,0
/data/DATASETS/ASV_Spoof_2019_LA/ASVspoof2019_LA_dev/flac/LA_D_6231410.flac,0
/data/DATASETS/ASV_Spoof_2019_LA/ASVspoof2019_LA_eval/flac/LA_E_7694653.flac,0
/data/DATASETS/ASV_Spoof_2019_LA/ASVspoof2019_LA_eval/flac/LA_E_6592171.flac,0
/data/DATASETS/ASV_Spoof_2019_LA/ASVspoof2019_LA_eval/flac/LA_E_7411426.flac,0
/data/DATASETS/ASV_Spoof_2019_LA/ASVspoof2019_LA_eval/flac/LA_E_4121284.flac,0
/data/DATASETS/ASV_Spoof_2019_LA/ASVspoof2019_LA_eval/flac/LA_E_3703211.flac,0
/data/DATASETS/ASV_Spoof_2019_LA/ASVspoof2019_LA_eval/flac/LA_E_5478659.flac,0
/data/DATASETS/ASV_Spoof_2019_LA/ASVspoof2019_LA_eval/flac/LA_E_7675318.flac,0
/data/DATASETS/ASV_Spoof_2019_LA/ASVspoof2019_LA_train/flac/LA_T_6632006.flac,0
/data/DATASETS/ASV_Spoof_2019_LA/ASVspoof2019_LA_eval/flac/LA_E_9820169.flac,0
/data/DATASETS/ASV_Spoof_2019_LA/ASVspoof2019_LA_eval/flac/LA_E_5132615.flac,0
/data/DATASETS/ASV_Spoof_2019_LA/ASVspoof2019_LA_eval/flac/LA_E_9728155.flac,0
/data/DATASETS/ASV_Spoof_2019_LA/ASVspoof2019_LA_eval/flac/LA_E_3256145.flac,0
/data/DATASETS/ASV_Spoof_2019_LA/ASVspoof2019_LA_eval/flac/LA_E_4845619.flac,0
/data/DATASETS/ASV_Spoof_2019_LA/ASVspoof2019_LA_eval/flac/LA_E_6183220.flac,0
/data/DATASETS/ASV_Spoof_2019_LA/ASVspoof2019_LA_eval/flac/LA_E_8840909.flac,0
/data/DATASETS/ASV_Spoof_2019_LA/ASVspoof2019_LA_eval/flac/LA_E_4148845.flac,0
/data/DATASETS/ASV_Spoof_2019_LA/ASVspoof2019_LA_train/flac/LA_T_9169770.flac,0
/data/DATASETS/ASV_Spoof_2019_LA/ASVspoof2019_LA_eval/flac/LA_E_4379125.flac,0
/data/DATASETS/ASV_Spoof_2019_LA/ASVspoof2019_LA_train/flac/LA_T_3751646.flac,0
/data/DATASETS/ASV_Spoof_2019_LA/ASVspoof2019_LA_train/flac/LA_T_7473658.flac,0
/data/DATASETS/ASV_Spoof_2019_LA/ASVspoof2019_LA_eval/flac/LA_E_1048407.flac,0
/data/DATASETS/ASV_Spoof_2019_LA/ASVspoof2019_LA_eval/flac/LA_E_9146742.flac,0
/data/DATASETS/ASV_Spoof_2019_LA/ASVspoof2019_LA_eval/flac/LA_E_6619416.flac,0
/data/DATASETS/ASV_Spoof_2019_LA/ASVspoof2019_LA_eval/flac/LA_E_1402365.flac,0
/data/DATASETS/ASV_Spoof_2019_LA/ASVspoof2019_LA_eval/flac/LA_E_9697917.flac,0
/data/DATASETS/ASV_Spoof_2019_LA/ASVspoof2019_LA_eval/flac/LA_E_5301686.flac,0
/data/DATASETS/ASV_Spoof_2019_LA/ASVspoof2019_LA_eval/flac/LA_E_6090337.flac,0
/data/DATASETS/ASV_Spoof_2019_LA/ASVspoof2019_LA_eval/flac/LA_E_9963611.flac,0
/data/DATASETS/ASV_Spoof_2019_LA/ASVspoof2019_LA_eval/flac/LA_E_3243149.flac,0
/data/DATASETS/ASV_Spoof_2019_LA/ASVspoof2019_LA_train/flac/LA_T_7466245.flac,0
/data/DATASETS/ASV_Spoof_2019_LA/ASVspoof2019_LA_train/flac/LA_T_8651978.flac,0
/data/DATASETS/ASV_Spoof_2019_LA/ASVspoof2019_LA_eval/flac/LA_E_8969012.flac,0
/data/DATASETS/ASV_Spoof_2019_LA/ASVspoof2019_LA_eval/flac/LA_E_5588325.flac,0
/data/DATASETS/ASV_Spoof_2019_LA/ASVspoof2019_LA_train/flac/LA_T_8104399.flac,0
/data/DATASETS/ASV_Spoof_2019_LA/ASVspoof2019_LA_eval/flac/LA_E_5751076.flac,0
/data/DATASETS/ASV_Spoof_2019_LA/ASVspoof2019_LA_eval/flac/LA_E_5680244.flac,0
/data/DATASETS/ASV_Spoof_2019_LA/ASVspoof2019_LA_dev/flac/LA_D_7314001.flac,0
/data/DATASETS/ASV_Spoof_2019_LA/ASVspoof2019_LA_dev/flac/LA_D_4523147.flac,0
/data/DATASETS/ASV_Spoof_2019_LA/ASVspoof2019_LA_eval/flac/LA_E_2261737.flac,0
/data/DATASETS/ASV_Spoof_2019_LA/ASVspoof2019_LA_eval/flac/LA_E_6929676.flac,0
/data/DATASETS/ASV_Spoof_2019_LA/ASVspoof2019_LA_dev/flac/LA_D_5826428.flac,0
/data/DATASETS/ASV_Spoof_2019_LA/ASVspoof2019_LA_train/flac/LA_T_4591528.flac,0
/data/DATASETS/ASV_Spoof_2019_LA/ASVspoof2019_LA_dev/flac/LA_D_6002845.flac,0
/data/DATASETS/ASV_Spoof_2019_LA/ASVspoof2019_LA_eval/flac/LA_E_5317642.flac,0
/data/DATASETS/ASV_Spoof_2019_LA/ASVspoof2019_LA_eval/flac/LA_E_2256225.flac,0
/data/DATASETS/ASV_Spoof_2019_LA/ASVspoof2019_LA_eval/flac/LA_E_4694710.flac,0
/data/DATASETS/ASV_Spoof_2019_LA/ASVspoof2019_LA_eval/flac/LA_E_1169280.flac,0
/data/DATASETS/ASV_Spoof_2019_LA/ASVspoof2019_LA_eval/flac/LA_E_9289400.flac,0
/data/DATASETS/ASV_Spoof_2019_LA/ASVspoof2019_LA_eval/flac/LA_E_1674179.flac,0
/data/DATASETS/ASV_Spoof_2019_LA/ASVspoof2019_LA_eval/flac/LA_E_7979938.flac,0
/data/DATASETS/ASV_Spoof_2019_LA/ASVspoof2019_LA_eval/flac/LA_E_6651738.flac,0
/data/DATASETS/ASV_Spoof_2019_LA/ASVspoof2019_LA_eval/flac/LA_E_9332568.flac,0
/data/DATASETS/ASV_Spoof_2019_LA/ASVspoof2019_LA_train/flac/LA_T_1406603.flac,0
/data/DATASETS/ASV_Spoof_2019_LA/ASVspoof2019_LA_train/flac/LA_T_2118892.flac,0
/data/DATASETS/ASV_Spoof_2019_LA/ASVspoof2019_LA_train/flac/LA_T_4352298.flac,0
/data/DATASETS/ASV_Spoof_2019_LA/ASVspoof2019_LA_train/flac/LA_T_2269650.flac,0
/data/DATASETS/ASV_Spoof_2019_LA/ASVspoof2019_LA_eval/flac/LA_E_1601155.flac,0
/data/DATASETS/ASV_Spoof_2019_LA/ASVspoof2019_LA_eval/flac/LA_E_3044044.flac,0
/data/DATASETS/ASV_Spoof_2019_LA/ASVspoof2019_LA_eval/flac/LA_E_1688061.flac,0
/data/DATASETS/ASV_Spoof_2019_LA/ASVspoof2019_LA_train/flac/LA_T_8097695.flac,0
/data/DATASETS/ASV_Spoof_2019_LA/ASVspoof2019_LA_eval/flac/LA_E_9585160.flac,0
/data/DATASETS/ASV_Spoof_2019_LA/ASVspoof2019_LA_train/flac/LA_T_1986901.flac,0
/data/DATASETS/ASV_Spoof_2019_LA/ASVspoof2019_LA_eval/flac/LA_E_6394190.flac,0
/data/DATASETS/ASV_Spoof_2019_LA/ASVspoof2019_LA_eval/flac/LA_E_8883509.flac,0
/data/DATASETS/ASV_Spoof_2019_LA/ASVspoof2019_LA_eval/flac/LA_E_5941818.flac,0
/data/DATASETS/ASV_Spoof_2019_LA/ASVspoof2019_LA_eval/flac/LA_E_1080821.flac,0
/data/DATASETS/ASV_Spoof_2019_LA/ASVspoof2019_LA_train/flac/LA_T_1736342.flac,0
/data/DATASETS/ASV_Spoof_2019_LA/ASVspoof2019_LA_dev/flac/LA_D_5974475.flac,0
/data/DATASETS/ASV_Spoof_2019_LA/ASVspoof2019_LA_train/flac/LA_T_7432530.flac,0
/data/DATASETS/ASV_Spoof_2019_LA/ASVspoof2019_LA_eval/flac/LA_E_6176933.flac,0
/data/DATASETS/ASV_Spoof_2019_LA/ASVspoof2019_LA_eval/flac/LA_E_3814080.flac,0
/data/DATASETS/ASV_Spoof_2019_LA/ASVspoof2019_LA_eval/flac/LA_E_3334364.flac,0
/data/DATASETS/ASV_Spoof_2019_LA/ASVspoof2019_LA_dev/flac/LA_D_6478834.flac,0
/data/DATASETS/ASV_Spoof_2019_LA/ASVspoof2019_LA_eval/flac/LA_E_6566375.flac,0
/data/DATASETS/ASV_Spoof_2019_LA/ASVspoof2019_LA_eval/flac/LA_E_8377436.flac,0
/data/DATASETS/ASV_Spoof_2019_LA/ASVspoof2019_LA_train/flac/LA_T_6650632.flac,0
/data/DATASETS/ASV_Spoof_2019_LA/ASVspoof2019_LA_eval/flac/LA_E_8941166.flac,0
/data/DATASETS/ASV_Spoof_2019_LA/ASVspoof2019_LA_eval/flac/LA_E_8530218.flac,0
/data/DATASETS/ASV_Spoof_2019_LA/ASVspoof2019_LA_train/flac/LA_T_3487529.flac,0
/data/DATASETS/ASV_Spoof_2019_LA/ASVspoof2019_LA_eval/flac/LA_E_7046584.flac,0
/data/DATASETS/ASV_Spoof_2019_LA/ASVspoof2019_LA_train/flac/LA_T_4100536.flac,0
/data/DATASETS/ASV_Spoof_2019_LA/ASVspoof2019_LA_dev/flac/LA_D_1490681.flac,0
/data/DATASETS/ASV_Spoof_2019_LA/ASVspoof2019_LA_dev/flac/LA_D_5250042.flac,0
/data/DATASETS/ASV_Spoof_2019_LA/ASVspoof2019_LA_dev/flac/LA_D_6016215.flac,0
/data/DATASETS/ASV_Spoof_2019_LA/ASVspoof2019_LA_eval/flac/LA_E_7962347.flac,0
/data/DATASETS/ASV_Spoof_2019_LA/ASVspoof2019_LA_train/flac/LA_T_5065316.flac,0
/data/DATASETS/ASV_Spoof_2019_LA/ASVspoof2019_LA_eval/flac/LA_E_8152582.flac,0
/data/DATASETS/ASV_Spoof_2019_LA/ASVspoof2019_LA_eval/flac/LA_E_9353452.flac,0
/data/DATASETS/ASV_Spoof_2019_LA/ASVspoof2019_LA_dev/flac/LA_D_6672477.flac,0
/data/DATASETS/ASV_Spoof_2019_LA/ASVspoof2019_LA_eval/flac/LA_E_3128278.flac,0
/data/DATASETS/ASV_Spoof_2019_LA/ASVspoof2019_LA_eval/flac/LA_E_2749866.flac,0
/data/DATASETS/ASV_Spoof_2019_LA/ASVspoof2019_LA_eval/flac/LA_E_1643381.flac,0
/data/DATASETS/ASV_Spoof_2019_LA/ASVspoof2019_LA_eval/flac/LA_E_2130102.flac,0
/data/DATASETS/ASV_Spoof_2019_LA/ASVspoof2019_LA_eval/flac/LA_E_9394463.flac,0
/data/DATASETS/ASV_Spoof_2019_LA/ASVspoof2019_LA_eval/flac/LA_E_3541061.flac,0
/data/DATASETS/ASV_Spoof_2019_LA/ASVspoof2019_LA_eval/flac/LA_E_2088302.flac,0
/data/DATASETS/ASV_Spoof_2019_LA/ASVspoof2019_LA_train/flac/LA_T_9634249.flac,0
/data/DATASETS/ASV_Spoof_2019_LA/ASVspoof2019_LA_dev/flac/LA_D_8126437.flac,0
/data/DATASETS/ASV_Spoof_2019_LA/ASVspoof2019_LA_dev/flac/LA_D_6137641.flac,0
/data/DATASETS/ASV_Spoof_2019_LA/ASVspoof2019_LA_eval/flac/LA_E_5191078.flac,0
/data/DATASETS/ASV_Spoof_2019_LA/ASVspoof2019_LA_eval/flac/LA_E_6744053.flac,0
/data/DATASETS/ASV_Spoof_2019_LA/ASVspoof2019_LA_eval/flac/LA_E_4685529.flac,0
/data/DATASETS/ASV_Spoof_2019_LA/ASVspoof2019_LA_eval/flac/LA_E_5109285.flac,0
/data/DATASETS/ASV_Spoof_2019_LA/ASVspoof2019_LA_dev/flac/LA_D_2382522.flac,0
/data/DATASETS/ASV_Spoof_2019_LA/ASVspoof2019_LA_eval/flac/LA_E_3159429.flac,0
/data/DATASETS/ASV_Spoof_2019_LA/ASVspoof2019_LA_eval/flac/LA_E_7150058.flac,0
/data/DATASETS/ASV_Spoof_2019_LA/ASVspoof2019_LA_eval/flac/LA_E_7494303.flac,0
/data/DATASETS/ASV_Spoof_2019_LA/ASVspoof2019_LA_eval/flac/LA_E_4123757.flac,0
/data/DATASETS/ASV_Spoof_2019_LA/ASVspoof2019_LA_train/flac/LA_T_1732162.flac,0
/data/DATASETS/ASV_Spoof_2019_LA/ASVspoof2019_LA_eval/flac/LA_E_9820229.flac,0
/data/DATASETS/ASV_Spoof_2019_LA/ASVspoof2019_LA_train/flac/LA_T_7254652.flac,0
/data/DATASETS/ASV_Spoof_2019_LA/ASVspoof2019_LA_dev/flac/LA_D_4433602.flac,0
/data/DATASETS/ASV_Spoof_2019_LA/ASVspoof2019_LA_eval/flac/LA_E_6951342.flac,0
/data/DATASETS/ASV_Spoof_2019_LA/ASVspoof2019_LA_dev/flac/LA_D_9006057.flac,0
/data/DATASETS/ASV_Spoof_2019_LA/ASVspoof2019_LA_dev/flac/LA_D_9544806.flac,0
/data/DATASETS/ASV_Spoof_2019_LA/ASVspoof2019_LA_dev/flac/LA_D_2731741.flac,0
/data/DATASETS/ASV_Spoof_2019_LA/ASVspoof2019_LA_dev/flac/LA_D_8556149.flac,0
/data/DATASETS/ASV_Spoof_2019_LA/ASVspoof2019_LA_dev/flac/LA_D_8017606.flac,0
/data/DATASETS/ASV_Spoof_2019_LA/ASVspoof2019_LA_eval/flac/LA_E_4903415.flac,0
/data/DATASETS/ASV_Spoof_2019_LA/ASVspoof2019_LA_eval/flac/LA_E_9882515.flac,0
/data/DATASETS/ASV_Spoof_2019_LA/ASVspoof2019_LA_eval/flac/LA_E_2881784.flac,0
/data/DATASETS/ASV_Spoof_2019_LA/ASVspoof2019_LA_dev/flac/LA_D_6486117.flac,0
/data/DATASETS/ASV_Spoof_2019_LA/ASVspoof2019_LA_train/flac/LA_T_6927292.flac,0
/data/DATASETS/ASV_Spoof_2019_LA/ASVspoof2019_LA_train/flac/LA_T_2465871.flac,0
/data/DATASETS/ASV_Spoof_2019_LA/ASVspoof2019_LA_eval/flac/LA_E_2529646.flac,0
/data/DATASETS/ASV_Spoof_2019_LA/ASVspoof2019_LA_train/flac/LA_T_6768659.flac,0
/data/DATASETS/ASV_Spoof_2019_LA/ASVspoof2019_LA_eval/flac/LA_E_8231152.flac,0
/data/DATASETS/ASV_Spoof_2019_LA/ASVspoof2019_LA_train/flac/LA_T_7697827.flac,0
/data/DATASETS/ASV_Spoof_2019_LA/ASVspoof2019_LA_dev/flac/LA_D_8565008.flac,0
/data/DATASETS/ASV_Spoof_2019_LA/ASVspoof2019_LA_eval/flac/LA_E_2235801.flac,0
/data/DATASETS/ASV_Spoof_2019_LA/ASVspoof2019_LA_eval/flac/LA_E_9674732.flac,0
/data/DATASETS/ASV_Spoof_2019_LA/ASVspoof2019_LA_eval/flac/LA_E_5141283.flac,0
/data/DATASETS/ASV_Spoof_2019_LA/ASVspoof2019_LA_eval/flac/LA_E_9897022.flac,0
/data/DATASETS/ASV_Spoof_2019_LA/ASVspoof2019_LA_dev/flac/LA_D_4811625.flac,0
/data/DATASETS/ASV_Spoof_2019_LA/ASVspoof2019_LA_eval/flac/LA_E_1902720.flac,0
/data/DATASETS/ASV_Spoof_2019_LA/ASVspoof2019_LA_train/flac/LA_T_7302615.flac,0
/data/DATASETS/ASV_Spoof_2019_LA/ASVspoof2019_LA_dev/flac/LA_D_9945997.flac,0
/data/DATASETS/ASV_Spoof_2019_LA/ASVspoof2019_LA_eval/flac/LA_E_3053874.flac,0
/data/DATASETS/ASV_Spoof_2019_LA/ASVspoof2019_LA_eval/flac/LA_E_4675264.flac,0
/data/DATASETS/ASV_Spoof_2019_LA/ASVspoof2019_LA_eval/flac/LA_E_4662231.flac,0
/data/DATASETS/ASV_Spoof_2019_LA/ASVspoof2019_LA_eval/flac/LA_E_3015056.flac,0
/data/DATASETS/ASV_Spoof_2019_LA/ASVspoof2019_LA_eval/flac/LA_E_6385327.flac,0
/data/DATASETS/ASV_Spoof_2019_LA/ASVspoof2019_LA_eval/flac/LA_E_8706232.flac,0
/data/DATASETS/ASV_Spoof_2019_LA/ASVspoof2019_LA_eval/flac/LA_E_1409912.flac,0
/data/DATASETS/ASV_Spoof_2019_LA/ASVspoof2019_LA_eval/flac/LA_E_4213874.flac,0
/data/DATASETS/ASV_Spoof_2019_LA/ASVspoof2019_LA_eval/flac/LA_E_8749092.flac,0
/data/DATASETS/ASV_Spoof_2019_LA/ASVspoof2019_LA_train/flac/LA_T_1934754.flac,0
/data/DATASETS/ASV_Spoof_2019_LA/ASVspoof2019_LA_eval/flac/LA_E_6198623.flac,0
/data/DATASETS/ASV_Spoof_2019_LA/ASVspoof2019_LA_train/flac/LA_T_6335714.flac,0
/data/DATASETS/ASV_Spoof_2019_LA/ASVspoof2019_LA_eval/flac/LA_E_3919880.flac,0
/data/DATASETS/ASV_Spoof_2019_LA/ASVspoof2019_LA_dev/flac/LA_D_8693177.flac,0
/data/DATASETS/ASV_Spoof_2019_LA/ASVspoof2019_LA_train/flac/LA_T_4620749.flac,0
/data/DATASETS/ASV_Spoof_2019_LA/ASVspoof2019_LA_dev/flac/LA_D_4818528.flac,0
/data/DATASETS/ASV_Spoof_2019_LA/ASVspoof2019_LA_eval/flac/LA_E_1611400.flac,0
/data/DATASETS/ASV_Spoof_2019_LA/ASVspoof2019_LA_eval/flac/LA_E_4495799.flac,0
/data/DATASETS/ASV_Spoof_2019_LA/ASVspoof2019_LA_train/flac/LA_T_4877664.flac,0
/data/DATASETS/ASV_Spoof_2019_LA/ASVspoof2019_LA_dev/flac/LA_D_6117748.flac,0
/data/DATASETS/ASV_Spoof_2019_LA/ASVspoof2019_LA_train/flac/LA_T_8853276.flac,0
/data/DATASETS/ASV_Spoof_2019_LA/ASVspoof2019_LA_eval/flac/LA_E_4662076.flac,0
/data/DATASETS/ASV_Spoof_2019_LA/ASVspoof2019_LA_train/flac/LA_T_2817798.flac,0
/data/DATASETS/ASV_Spoof_2019_LA/ASVspoof2019_LA_eval/flac/LA_E_7342614.flac,0
/data/DATASETS/ASV_Spoof_2019_LA/ASVspoof2019_LA_train/flac/LA_T_4666356.flac,0
/data/DATASETS/ASV_Spoof_2019_LA/ASVspoof2019_LA_dev/flac/LA_D_7030577.flac,0
/data/DATASETS/ASV_Spoof_2019_LA/ASVspoof2019_LA_eval/flac/LA_E_5502478.flac,0
/data/DATASETS/ASV_Spoof_2019_LA/ASVspoof2019_LA_eval/flac/LA_E_1408893.flac,0
/data/DATASETS/ASV_Spoof_2019_LA/ASVspoof2019_LA_dev/flac/LA_D_8537448.flac,0
/data/DATASETS/ASV_Spoof_2019_LA/ASVspoof2019_LA_dev/flac/LA_D_3408690.flac,0
/data/DATASETS/ASV_Spoof_2019_LA/ASVspoof2019_LA_eval/flac/LA_E_8421234.flac,0
/data/DATASETS/ASV_Spoof_2019_LA/ASVspoof2019_LA_dev/flac/LA_D_7560590.flac,0
/data/DATASETS/ASV_Spoof_2019_LA/ASVspoof2019_LA_dev/flac/LA_D_9209591.flac,0
/data/DATASETS/ASV_Spoof_2019_LA/ASVspoof2019_LA_dev/flac/LA_D_5664870.flac,0
/data/DATASETS/ASV_Spoof_2019_LA/ASVspoof2019_LA_eval/flac/LA_E_3564244.flac,0
/data/DATASETS/ASV_Spoof_2019_LA/ASVspoof2019_LA_train/flac/LA_T_2707835.flac,0
/data/DATASETS/ASV_Spoof_2019_LA/ASVspoof2019_LA_eval/flac/LA_E_9687356.flac,0
/data/DATASETS/ASV_Spoof_2019_LA/ASVspoof2019_LA_eval/flac/LA_E_2409990.flac,0
/data/DATASETS/ASV_Spoof_2019_LA/ASVspoof2019_LA_dev/flac/LA_D_9311350.flac,0
/data/DATASETS/ASV_Spoof_2019_LA/ASVspoof2019_LA_train/flac/LA_T_6631167.flac,0
/data/DATASETS/ASV_Spoof_2019_LA/ASVspoof2019_LA_dev/flac/LA_D_7200791.flac,0
/data/DATASETS/ASV_Spoof_2019_LA/ASVspoof2019_LA_dev/flac/LA_D_7324285.flac,0
/data/DATASETS/ASV_Spoof_2019_LA/ASVspoof2019_LA_eval/flac/LA_E_8473116.flac,0
/data/DATASETS/ASV_Spoof_2019_LA/ASVspoof2019_LA_eval/flac/LA_E_9115741.flac,0
/data/DATASETS/ASV_Spoof_2019_LA/ASVspoof2019_LA_train/flac/LA_T_9181552.flac,0
/data/DATASETS/ASV_Spoof_2019_LA/ASVspoof2019_LA_train/flac/LA_T_7814112.flac,0
/data/DATASETS/ASV_Spoof_2019_LA/ASVspoof2019_LA_train/flac/LA_T_3517869.flac,0
/data/DATASETS/ASV_Spoof_2019_LA/ASVspoof2019_LA_eval/flac/LA_E_2298835.flac,0
/data/DATASETS/ASV_Spoof_2019_LA/ASVspoof2019_LA_train/flac/LA_T_1415351.flac,0
/data/DATASETS/ASV_Spoof_2019_LA/ASVspoof2019_LA_eval/flac/LA_E_5215218.flac,0
/data/DATASETS/ASV_Spoof_2019_LA/ASVspoof2019_LA_eval/flac/LA_E_9083615.flac,0
/data/DATASETS/ASV_Spoof_2019_LA/ASVspoof2019_LA_train/flac/LA_T_4653938.flac,0
/data/DATASETS/ASV_Spoof_2019_LA/ASVspoof2019_LA_eval/flac/LA_E_7975182.flac,0
/data/DATASETS/ASV_Spoof_2019_LA/ASVspoof2019_LA_eval/flac/LA_E_4909157.flac,0
/data/DATASETS/ASV_Spoof_2019_LA/ASVspoof2019_LA_eval/flac/LA_E_7862570.flac,0
/data/DATASETS/ASV_Spoof_2019_LA/ASVspoof2019_LA_dev/flac/LA_D_4932722.flac,0
/data/DATASETS/ASV_Spoof_2019_LA/ASVspoof2019_LA_dev/flac/LA_D_7554234.flac,0
/data/DATASETS/ASV_Spoof_2019_LA/ASVspoof2019_LA_dev/flac/LA_D_1380231.flac,0
/data/DATASETS/ASV_Spoof_2019_LA/ASVspoof2019_LA_eval/flac/LA_E_5453966.flac,0
/data/DATASETS/ASV_Spoof_2019_LA/ASVspoof2019_LA_eval/flac/LA_E_1737745.flac,0
/data/DATASETS/ASV_Spoof_2019_LA/ASVspoof2019_LA_eval/flac/LA_E_4881963.flac,0
/data/DATASETS/ASV_Spoof_2019_LA/ASVspoof2019_LA_dev/flac/LA_D_7971853.flac,0
/data/DATASETS/ASV_Spoof_2019_LA/ASVspoof2019_LA_train/flac/LA_T_1821843.flac,0
/data/DATASETS/ASV_Spoof_2019_LA/ASVspoof2019_LA_train/flac/LA_T_6902662.flac,0
/data/DATASETS/ASV_Spoof_2019_LA/ASVspoof2019_LA_train/flac/LA_T_4396533.flac,0
/data/DATASETS/ASV_Spoof_2019_LA/ASVspoof2019_LA_eval/flac/LA_E_5961931.flac,0
/data/DATASETS/ASV_Spoof_2019_LA/ASVspoof2019_LA_eval/flac/LA_E_9204543.flac,0
/data/DATASETS/ASV_Spoof_2019_LA/ASVspoof2019_LA_dev/flac/LA_D_3771133.flac,0
/data/DATASETS/ASV_Spoof_2019_LA/ASVspoof2019_LA_eval/flac/LA_E_5999924.flac,0
/data/DATASETS/ASV_Spoof_2019_LA/ASVspoof2019_LA_eval/flac/LA_E_3337172.flac,0
/data/DATASETS/ASV_Spoof_2019_LA/ASVspoof2019_LA_dev/flac/LA_D_2042159.flac,0
/data/DATASETS/ASV_Spoof_2019_LA/ASVspoof2019_LA_eval/flac/LA_E_8020432.flac,0
/data/DATASETS/ASV_Spoof_2019_LA/ASVspoof2019_LA_eval/flac/LA_E_8845918.flac,0
/data/DATASETS/ASV_Spoof_2019_LA/ASVspoof2019_LA_eval/flac/LA_E_9875713.flac,0
/data/DATASETS/ASV_Spoof_2019_LA/ASVspoof2019_LA_dev/flac/LA_D_1353894.flac,0
/data/DATASETS/ASV_Spoof_2019_LA/ASVspoof2019_LA_eval/flac/LA_E_4743748.flac,0
/data/DATASETS/ASV_Spoof_2019_LA/ASVspoof2019_LA_eval/flac/LA_E_2646411.flac,0
/data/DATASETS/ASV_Spoof_2019_LA/ASVspoof2019_LA_dev/flac/LA_D_6043078.flac,0
/data/DATASETS/ASV_Spoof_2019_LA/ASVspoof2019_LA_eval/flac/LA_E_6235489.flac,0
/data/DATASETS/ASV_Spoof_2019_LA/ASVspoof2019_LA_eval/flac/LA_E_7197278.flac,0
/data/DATASETS/ASV_Spoof_2019_LA/ASVspoof2019_LA_eval/flac/LA_E_1123376.flac,0
/data/DATASETS/ASV_Spoof_2019_LA/ASVspoof2019_LA_eval/flac/LA_E_3020974.flac,0
/data/DATASETS/ASV_Spoof_2019_LA/ASVspoof2019_LA_eval/flac/LA_E_3263742.flac,0
/data/DATASETS/ASV_Spoof_2019_LA/ASVspoof2019_LA_dev/flac/LA_D_9408142.flac,0
/data/DATASETS/ASV_Spoof_2019_LA/ASVspoof2019_LA_eval/flac/LA_E_7239204.flac,0
/data/DATASETS/ASV_Spoof_2019_LA/ASVspoof2019_LA_eval/flac/LA_E_1089628.flac,0
/data/DATASETS/ASV_Spoof_2019_LA/ASVspoof2019_LA_dev/flac/LA_D_5512289.flac,0
/data/DATASETS/ASV_Spoof_2019_LA/ASVspoof2019_LA_eval/flac/LA_E_5996278.flac,0
/data/DATASETS/ASV_Spoof_2019_LA/ASVspoof2019_LA_eval/flac/LA_E_4747731.flac,0
/data/DATASETS/ASV_Spoof_2019_LA/ASVspoof2019_LA_train/flac/LA_T_4246466.flac,0
/data/DATASETS/ASV_Spoof_2019_LA/ASVspoof2019_LA_eval/flac/LA_E_6715310.flac,0
/data/DATASETS/ASV_Spoof_2019_LA/ASVspoof2019_LA_eval/flac/LA_E_6093832.flac,0
/data/DATASETS/ASV_Spoof_2019_LA/ASVspoof2019_LA_eval/flac/LA_E_5357707.flac,0
/data/DATASETS/ASV_Spoof_2019_LA/ASVspoof2019_LA_eval/flac/LA_E_3027257.flac,0
/data/DATASETS/ASV_Spoof_2019_LA/ASVspoof2019_LA_eval/flac/LA_E_2189190.flac,0
/data/DATASETS/ASV_Spoof_2019_LA/ASVspoof2019_LA_eval/flac/LA_E_9296375.flac,0
/data/DATASETS/ASV_Spoof_2019_LA/ASVspoof2019_LA_eval/flac/LA_E_2779847.flac,0
/data/DATASETS/ASV_Spoof_2019_LA/ASVspoof2019_LA_eval/flac/LA_E_2792900.flac,0
/data/DATASETS/ASV_Spoof_2019_LA/ASVspoof2019_LA_eval/flac/LA_E_6948141.flac,0
/data/DATASETS/ASV_Spoof_2019_LA/ASVspoof2019_LA_eval/flac/LA_E_8107817.flac,0
/data/DATASETS/ASV_Spoof_2019_LA/ASVspoof2019_LA_dev/flac/LA_D_5774240.flac,0
/data/DATASETS/ASV_Spoof_2019_LA/ASVspoof2019_LA_train/flac/LA_T_7737943.flac,0
/data/DATASETS/ASV_Spoof_2019_LA/ASVspoof2019_LA_eval/flac/LA_E_3398123.flac,0
/data/DATASETS/ASV_Spoof_2019_LA/ASVspoof2019_LA_eval/flac/LA_E_6301021.flac,0
/data/DATASETS/ASV_Spoof_2019_LA/ASVspoof2019_LA_train/flac/LA_T_4610869.flac,0
/data/DATASETS/ASV_Spoof_2019_LA/ASVspoof2019_LA_dev/flac/LA_D_3774137.flac,0
/data/DATASETS/ASV_Spoof_2019_LA/ASVspoof2019_LA_eval/flac/LA_E_5864563.flac,0
/data/DATASETS/ASV_Spoof_2019_LA/ASVspoof2019_LA_eval/flac/LA_E_1796486.flac,0
/data/DATASETS/ASV_Spoof_2019_LA/ASVspoof2019_LA_eval/flac/LA_E_3817778.flac,0
/data/DATASETS/ASV_Spoof_2019_LA/ASVspoof2019_LA_eval/flac/LA_E_8596423.flac,0
/data/DATASETS/ASV_Spoof_2019_LA/ASVspoof2019_LA_eval/flac/LA_E_9559141.flac,0
/data/DATASETS/ASV_Spoof_2019_LA/ASVspoof2019_LA_eval/flac/LA_E_7936776.flac,0
/data/DATASETS/ASV_Spoof_2019_LA/ASVspoof2019_LA_eval/flac/LA_E_3895728.flac,0
/data/DATASETS/ASV_Spoof_2019_LA/ASVspoof2019_LA_eval/flac/LA_E_5106146.flac,0
/data/DATASETS/ASV_Spoof_2019_LA/ASVspoof2019_LA_eval/flac/LA_E_9550720.flac,0
/data/DATASETS/ASV_Spoof_2019_LA/ASVspoof2019_LA_dev/flac/LA_D_1624385.flac,0
/data/DATASETS/ASV_Spoof_2019_LA/ASVspoof2019_LA_eval/flac/LA_E_6246933.flac,0
/data/DATASETS/ASV_Spoof_2019_LA/ASVspoof2019_LA_eval/flac/LA_E_7900367.flac,0
/data/DATASETS/ASV_Spoof_2019_LA/ASVspoof2019_LA_eval/flac/LA_E_1188304.flac,0
/data/DATASETS/ASV_Spoof_2019_LA/ASVspoof2019_LA_train/flac/LA_T_7027837.flac,0
/data/DATASETS/ASV_Spoof_2019_LA/ASVspoof2019_LA_eval/flac/LA_E_9748335.flac,0
/data/DATASETS/ASV_Spoof_2019_LA/ASVspoof2019_LA_train/flac/LA_T_9152126.flac,0
/data/DATASETS/ASV_Spoof_2019_LA/ASVspoof2019_LA_dev/flac/LA_D_3603496.flac,0
/data/DATASETS/ASV_Spoof_2019_LA/ASVspoof2019_LA_eval/flac/LA_E_5324584.flac,0
/data/DATASETS/ASV_Spoof_2019_LA/ASVspoof2019_LA_eval/flac/LA_E_6935365.flac,0
/data/DATASETS/ASV_Spoof_2019_LA/ASVspoof2019_LA_dev/flac/LA_D_8076309.flac,0
/data/DATASETS/ASV_Spoof_2019_LA/ASVspoof2019_LA_eval/flac/LA_E_2870253.flac,0
/data/DATASETS/ASV_Spoof_2019_LA/ASVspoof2019_LA_eval/flac/LA_E_5555521.flac,0
/data/DATASETS/ASV_Spoof_2019_LA/ASVspoof2019_LA_train/flac/LA_T_8708087.flac,0
/data/DATASETS/ASV_Spoof_2019_LA/ASVspoof2019_LA_eval/flac/LA_E_2544037.flac,0
/data/DATASETS/ASV_Spoof_2019_LA/ASVspoof2019_LA_eval/flac/LA_E_8775468.flac,0
/data/DATASETS/ASV_Spoof_2019_LA/ASVspoof2019_LA_train/flac/LA_T_5675574.flac,0
/data/DATASETS/ASV_Spoof_2019_LA/ASVspoof2019_LA_eval/flac/LA_E_5637733.flac,0
/data/DATASETS/ASV_Spoof_2019_LA/ASVspoof2019_LA_eval/flac/LA_E_8882322.flac,0
/data/DATASETS/ASV_Spoof_2019_LA/ASVspoof2019_LA_train/flac/LA_T_4740742.flac,0
/data/DATASETS/ASV_Spoof_2019_LA/ASVspoof2019_LA_dev/flac/LA_D_6730053.flac,0
/data/DATASETS/ASV_Spoof_2019_LA/ASVspoof2019_LA_dev/flac/LA_D_1219450.flac,0
/data/DATASETS/ASV_Spoof_2019_LA/ASVspoof2019_LA_eval/flac/LA_E_3320439.flac,0
/data/DATASETS/ASV_Spoof_2019_LA/ASVspoof2019_LA_eval/flac/LA_E_1285825.flac,0
/data/DATASETS/ASV_Spoof_2019_LA/ASVspoof2019_LA_dev/flac/LA_D_3109423.flac,0
/data/DATASETS/ASV_Spoof_2019_LA/ASVspoof2019_LA_train/flac/LA_T_5052270.flac,0
/data/DATASETS/ASV_Spoof_2019_LA/ASVspoof2019_LA_eval/flac/LA_E_9618710.flac,0
/data/DATASETS/ASV_Spoof_2019_LA/ASVspoof2019_LA_eval/flac/LA_E_5981275.flac,0
/data/DATASETS/ASV_Spoof_2019_LA/ASVspoof2019_LA_train/flac/LA_T_1662243.flac,0
/data/DATASETS/ASV_Spoof_2019_LA/ASVspoof2019_LA_eval/flac/LA_E_9035219.flac,0
/data/DATASETS/ASV_Spoof_2019_LA/ASVspoof2019_LA_eval/flac/LA_E_1353663.flac,0
/data/DATASETS/ASV_Spoof_2019_LA/ASVspoof2019_LA_eval/flac/LA_E_2288295.flac,0
/data/DATASETS/ASV_Spoof_2019_LA/ASVspoof2019_LA_eval/flac/LA_E_7505944.flac,0
/data/DATASETS/ASV_Spoof_2019_LA/ASVspoof2019_LA_eval/flac/LA_E_8085077.flac,0
/data/DATASETS/ASV_Spoof_2019_LA/ASVspoof2019_LA_train/flac/LA_T_5804164.flac,0
/data/DATASETS/ASV_Spoof_2019_LA/ASVspoof2019_LA_train/flac/LA_T_7182662.flac,0
/data/DATASETS/ASV_Spoof_2019_LA/ASVspoof2019_LA_dev/flac/LA_D_4977329.flac,0
/data/DATASETS/ASV_Spoof_2019_LA/ASVspoof2019_LA_eval/flac/LA_E_4730891.flac,0
/data/DATASETS/ASV_Spoof_2019_LA/ASVspoof2019_LA_train/flac/LA_T_1000406.flac,0
/data/DATASETS/ASV_Spoof_2019_LA/ASVspoof2019_LA_dev/flac/LA_D_2393663.flac,0
/data/DATASETS/ASV_Spoof_2019_LA/ASVspoof2019_LA_eval/flac/LA_E_3231699.flac,0
/data/DATASETS/ASV_Spoof_2019_LA/ASVspoof2019_LA_eval/flac/LA_E_7301840.flac,0
/data/DATASETS/ASV_Spoof_2019_LA/ASVspoof2019_LA_eval/flac/LA_E_3324531.flac,0
/data/DATASETS/ASV_Spoof_2019_LA/ASVspoof2019_LA_eval/flac/LA_E_8180672.flac,0
/data/DATASETS/ASV_Spoof_2019_LA/ASVspoof2019_LA_train/flac/LA_T_4679163.flac,0
/data/DATASETS/ASV_Spoof_2019_LA/ASVspoof2019_LA_eval/flac/LA_E_9931516.flac,0
/data/DATASETS/ASV_Spoof_2019_LA/ASVspoof2019_LA_train/flac/LA_T_1897788.flac,0
/data/DATASETS/ASV_Spoof_2019_LA/ASVspoof2019_LA_train/flac/LA_T_2572311.flac,0
/data/DATASETS/ASV_Spoof_2019_LA/ASVspoof2019_LA_eval/flac/LA_E_7272984.flac,0
/data/DATASETS/ASV_Spoof_2019_LA/ASVspoof2019_LA_eval/flac/LA_E_1890409.flac,0
/data/DATASETS/ASV_Spoof_2019_LA/ASVspoof2019_LA_train/flac/LA_T_8333554.flac,0
/data/DATASETS/ASV_Spoof_2019_LA/ASVspoof2019_LA_eval/flac/LA_E_6826863.flac,0
/data/DATASETS/ASV_Spoof_2019_LA/ASVspoof2019_LA_eval/flac/LA_E_3268226.flac,0
/data/DATASETS/ASV_Spoof_2019_LA/ASVspoof2019_LA_dev/flac/LA_D_8671896.flac,0
/data/DATASETS/ASV_Spoof_2019_LA/ASVspoof2019_LA_eval/flac/LA_E_7665412.flac,0
/data/DATASETS/ASV_Spoof_2019_LA/ASVspoof2019_LA_eval/flac/LA_E_7285501.flac,0
/data/DATASETS/ASV_Spoof_2019_LA/ASVspoof2019_LA_eval/flac/LA_E_6750351.flac,0
/data/DATASETS/ASV_Spoof_2019_LA/ASVspoof2019_LA_eval/flac/LA_E_8204966.flac,0
/data/DATASETS/ASV_Spoof_2019_LA/ASVspoof2019_LA_dev/flac/LA_D_1133998.flac,0
/data/DATASETS/ASV_Spoof_2019_LA/ASVspoof2019_LA_train/flac/LA_T_8760655.flac,0
/data/DATASETS/ASV_Spoof_2019_LA/ASVspoof2019_LA_eval/flac/LA_E_2119957.flac,0
/data/DATASETS/ASV_Spoof_2019_LA/ASVspoof2019_LA_eval/flac/LA_E_5812904.flac,0
/data/DATASETS/ASV_Spoof_2019_LA/ASVspoof2019_LA_eval/flac/LA_E_4174626.flac,0
/data/DATASETS/ASV_Spoof_2019_LA/ASVspoof2019_LA_eval/flac/LA_E_8355453.flac,0
/data/DATASETS/ASV_Spoof_2019_LA/ASVspoof2019_LA_eval/flac/LA_E_8482194.flac,0
/data/DATASETS/ASV_Spoof_2019_LA/ASVspoof2019_LA_dev/flac/LA_D_5907410.flac,0
/data/DATASETS/ASV_Spoof_2019_LA/ASVspoof2019_LA_eval/flac/LA_E_9953836.flac,0
/data/DATASETS/ASV_Spoof_2019_LA/ASVspoof2019_LA_eval/flac/LA_E_5059999.flac,0
/data/DATASETS/ASV_Spoof_2019_LA/ASVspoof2019_LA_eval/flac/LA_E_7465490.flac,0
/data/DATASETS/ASV_Spoof_2019_LA/ASVspoof2019_LA_eval/flac/LA_E_5741000.flac,0
/data/DATASETS/ASV_Spoof_2019_LA/ASVspoof2019_LA_train/flac/LA_T_5919047.flac,0
/data/DATASETS/ASV_Spoof_2019_LA/ASVspoof2019_LA_dev/flac/LA_D_6948624.flac,0
/data/DATASETS/ASV_Spoof_2019_LA/ASVspoof2019_LA_train/flac/LA_T_1312618.flac,0
/data/DATASETS/ASV_Spoof_2019_LA/ASVspoof2019_LA_train/flac/LA_T_1447757.flac,0
/data/DATASETS/ASV_Spoof_2019_LA/ASVspoof2019_LA_train/flac/LA_T_7222998.flac,0
/data/DATASETS/ASV_Spoof_2019_LA/ASVspoof2019_LA_eval/flac/LA_E_9964383.flac,0
/data/DATASETS/ASV_Spoof_2019_LA/ASVspoof2019_LA_eval/flac/LA_E_7522372.flac,0
/data/DATASETS/ASV_Spoof_2019_LA/ASVspoof2019_LA_eval/flac/LA_E_1574894.flac,0
/data/DATASETS/ASV_Spoof_2019_LA/ASVspoof2019_LA_eval/flac/LA_E_9043627.flac,0
/data/DATASETS/ASV_Spoof_2019_LA/ASVspoof2019_LA_eval/flac/LA_E_9008877.flac,0
/data/DATASETS/ASV_Spoof_2019_LA/ASVspoof2019_LA_train/flac/LA_T_5765844.flac,0
/data/DATASETS/ASV_Spoof_2019_LA/ASVspoof2019_LA_eval/flac/LA_E_2098989.flac,0
/data/DATASETS/ASV_Spoof_2019_LA/ASVspoof2019_LA_train/flac/LA_T_6724576.flac,0
/data/DATASETS/ASV_Spoof_2019_LA/ASVspoof2019_LA_dev/flac/LA_D_2209839.flac,0
/data/DATASETS/ASV_Spoof_2019_LA/ASVspoof2019_LA_eval/flac/LA_E_9088475.flac,0
/data/DATASETS/ASV_Spoof_2019_LA/ASVspoof2019_LA_eval/flac/LA_E_6192186.flac,0
/data/DATASETS/ASV_Spoof_2019_LA/ASVspoof2019_LA_eval/flac/LA_E_3083886.flac,0
/data/DATASETS/ASV_Spoof_2019_LA/ASVspoof2019_LA_dev/flac/LA_D_6439730.flac,0
/data/DATASETS/ASV_Spoof_2019_LA/ASVspoof2019_LA_eval/flac/LA_E_1765046.flac,0
/data/DATASETS/ASV_Spoof_2019_LA/ASVspoof2019_LA_eval/flac/LA_E_1590834.flac,0
/data/DATASETS/ASV_Spoof_2019_LA/ASVspoof2019_LA_eval/flac/LA_E_5855696.flac,0
/data/DATASETS/ASV_Spoof_2019_LA/ASVspoof2019_LA_eval/flac/LA_E_9745111.flac,0
/data/DATASETS/ASV_Spoof_2019_LA/ASVspoof2019_LA_eval/flac/LA_E_8211861.flac,0
/data/DATASETS/ASV_Spoof_2019_LA/ASVspoof2019_LA_train/flac/LA_T_8686549.flac,0
/data/DATASETS/ASV_Spoof_2019_LA/ASVspoof2019_LA_eval/flac/LA_E_6442526.flac,0
/data/DATASETS/ASV_Spoof_2019_LA/ASVspoof2019_LA_eval/flac/LA_E_4107427.flac,0
/data/DATASETS/ASV_Spoof_2019_LA/ASVspoof2019_LA_eval/flac/LA_E_1512896.flac,0
/data/DATASETS/ASV_Spoof_2019_LA/ASVspoof2019_LA_train/flac/LA_T_6017121.flac,0
/data/DATASETS/ASV_Spoof_2019_LA/ASVspoof2019_LA_eval/flac/LA_E_3299996.flac,0
/data/DATASETS/ASV_Spoof_2019_LA/ASVspoof2019_LA_eval/flac/LA_E_9337825.flac,0
/data/DATASETS/ASV_Spoof_2019_LA/ASVspoof2019_LA_train/flac/LA_T_5067784.flac,0
/data/DATASETS/ASV_Spoof_2019_LA/ASVspoof2019_LA_eval/flac/LA_E_5114038.flac,0
/data/DATASETS/ASV_Spoof_2019_LA/ASVspoof2019_LA_eval/flac/LA_E_6594187.flac,0
/data/DATASETS/ASV_Spoof_2019_LA/ASVspoof2019_LA_train/flac/LA_T_8695539.flac,0
/data/DATASETS/ASV_Spoof_2019_LA/ASVspoof2019_LA_dev/flac/LA_D_4289756.flac,0
/data/DATASETS/ASV_Spoof_2019_LA/ASVspoof2019_LA_eval/flac/LA_E_9923491.flac,0
/data/DATASETS/ASV_Spoof_2019_LA/ASVspoof2019_LA_dev/flac/LA_D_8853808.flac,0
/data/DATASETS/ASV_Spoof_2019_LA/ASVspoof2019_LA_train/flac/LA_T_4024384.flac,0
/data/DATASETS/ASV_Spoof_2019_LA/ASVspoof2019_LA_train/flac/LA_T_3026804.flac,0
/data/DATASETS/ASV_Spoof_2019_LA/ASVspoof2019_LA_eval/flac/LA_E_7607797.flac,0
/data/DATASETS/ASV_Spoof_2019_LA/ASVspoof2019_LA_eval/flac/LA_E_9088955.flac,0
/data/DATASETS/ASV_Spoof_2019_LA/ASVspoof2019_LA_train/flac/LA_T_1114980.flac,0
/data/DATASETS/ASV_Spoof_2019_LA/ASVspoof2019_LA_dev/flac/LA_D_9580426.flac,0
/data/DATASETS/ASV_Spoof_2019_LA/ASVspoof2019_LA_eval/flac/LA_E_4244071.flac,0
/data/DATASETS/ASV_Spoof_2019_LA/ASVspoof2019_LA_eval/flac/LA_E_9429015.flac,0
/data/DATASETS/ASV_Spoof_2019_LA/ASVspoof2019_LA_eval/flac/LA_E_7504000.flac,0
/data/DATASETS/ASV_Spoof_2019_LA/ASVspoof2019_LA_eval/flac/LA_E_3695412.flac,0
/data/DATASETS/ASV_Spoof_2019_LA/ASVspoof2019_LA_dev/flac/LA_D_4971078.flac,0
/data/DATASETS/ASV_Spoof_2019_LA/ASVspoof2019_LA_eval/flac/LA_E_5629576.flac,0
/data/DATASETS/ASV_Spoof_2019_LA/ASVspoof2019_LA_train/flac/LA_T_7939231.flac,0
/data/DATASETS/ASV_Spoof_2019_LA/ASVspoof2019_LA_eval/flac/LA_E_3576786.flac,0
/data/DATASETS/ASV_Spoof_2019_LA/ASVspoof2019_LA_dev/flac/LA_D_6594571.flac,0
/data/DATASETS/ASV_Spoof_2019_LA/ASVspoof2019_LA_eval/flac/LA_E_2993505.flac,0
/data/DATASETS/ASV_Spoof_2019_LA/ASVspoof2019_LA_eval/flac/LA_E_6121160.flac,0
/data/DATASETS/ASV_Spoof_2019_LA/ASVspoof2019_LA_eval/flac/LA_E_1202552.flac,0
/data/DATASETS/ASV_Spoof_2019_LA/ASVspoof2019_LA_eval/flac/LA_E_8313781.flac,0
/data/DATASETS/ASV_Spoof_2019_LA/ASVspoof2019_LA_dev/flac/LA_D_3742070.flac,0
/data/DATASETS/ASV_Spoof_2019_LA/ASVspoof2019_LA_eval/flac/LA_E_4608229.flac,0
/data/DATASETS/ASV_Spoof_2019_LA/ASVspoof2019_LA_eval/flac/LA_E_3975888.flac,0
/data/DATASETS/ASV_Spoof_2019_LA/ASVspoof2019_LA_eval/flac/LA_E_9618740.flac,0
/data/DATASETS/ASV_Spoof_2019_LA/ASVspoof2019_LA_eval/flac/LA_E_2383411.flac,0
/data/DATASETS/ASV_Spoof_2019_LA/ASVspoof2019_LA_dev/flac/LA_D_6008941.flac,0
/data/DATASETS/ASV_Spoof_2019_LA/ASVspoof2019_LA_eval/flac/LA_E_3681100.flac,0
/data/DATASETS/ASV_Spoof_2019_LA/ASVspoof2019_LA_train/flac/LA_T_4678612.flac,0
/data/DATASETS/ASV_Spoof_2019_LA/ASVspoof2019_LA_eval/flac/LA_E_8407646.flac,0
/data/DATASETS/ASV_Spoof_2019_LA/ASVspoof2019_LA_eval/flac/LA_E_7789040.flac,0
/data/DATASETS/ASV_Spoof_2019_LA/ASVspoof2019_LA_eval/flac/LA_E_6440643.flac,0
/data/DATASETS/ASV_Spoof_2019_LA/ASVspoof2019_LA_eval/flac/LA_E_9310693.flac,0
/data/DATASETS/ASV_Spoof_2019_LA/ASVspoof2019_LA_train/flac/LA_T_1807180.flac,0
/data/DATASETS/ASV_Spoof_2019_LA/ASVspoof2019_LA_eval/flac/LA_E_6856730.flac,0
/data/DATASETS/ASV_Spoof_2019_LA/ASVspoof2019_LA_eval/flac/LA_E_8149621.flac,0
/data/DATASETS/ASV_Spoof_2019_LA/ASVspoof2019_LA_train/flac/LA_T_5540761.flac,0
/data/DATASETS/ASV_Spoof_2019_LA/ASVspoof2019_LA_train/flac/LA_T_5913109.flac,0
/data/DATASETS/ASV_Spoof_2019_LA/ASVspoof2019_LA_eval/flac/LA_E_6254578.flac,0
/data/DATASETS/ASV_Spoof_2019_LA/ASVspoof2019_LA_eval/flac/LA_E_1172376.flac,0
/data/DATASETS/ASV_Spoof_2019_LA/ASVspoof2019_LA_dev/flac/LA_D_5245987.flac,0
/data/DATASETS/ASV_Spoof_2019_LA/ASVspoof2019_LA_dev/flac/LA_D_1473255.flac,0
/data/DATASETS/ASV_Spoof_2019_LA/ASVspoof2019_LA_eval/flac/LA_E_5942271.flac,0
/data/DATASETS/ASV_Spoof_2019_LA/ASVspoof2019_LA_eval/flac/LA_E_8113163.flac,0
/data/DATASETS/ASV_Spoof_2019_LA/ASVspoof2019_LA_dev/flac/LA_D_8031870.flac,0
/data/DATASETS/ASV_Spoof_2019_LA/ASVspoof2019_LA_eval/flac/LA_E_7276146.flac,0
/data/DATASETS/ASV_Spoof_2019_LA/ASVspoof2019_LA_dev/flac/LA_D_2596293.flac,0
/data/DATASETS/ASV_Spoof_2019_LA/ASVspoof2019_LA_dev/flac/LA_D_2652046.flac,0
/data/DATASETS/ASV_Spoof_2019_LA/ASVspoof2019_LA_eval/flac/LA_E_2781269.flac,0
/data/DATASETS/ASV_Spoof_2019_LA/ASVspoof2019_LA_train/flac/LA_T_8845558.flac,0
/data/DATASETS/ASV_Spoof_2019_LA/ASVspoof2019_LA_dev/flac/LA_D_2066393.flac,0
/data/DATASETS/ASV_Spoof_2019_LA/ASVspoof2019_LA_eval/flac/LA_E_6863548.flac,0
/data/DATASETS/ASV_Spoof_2019_LA/ASVspoof2019_LA_eval/flac/LA_E_9649773.flac,0
/data/DATASETS/ASV_Spoof_2019_LA/ASVspoof2019_LA_eval/flac/LA_E_3885033.flac,0
/data/DATASETS/ASV_Spoof_2019_LA/ASVspoof2019_LA_eval/flac/LA_E_8631864.flac,0
/data/DATASETS/ASV_Spoof_2019_LA/ASVspoof2019_LA_eval/flac/LA_E_2613860.flac,0
/data/DATASETS/ASV_Spoof_2019_LA/ASVspoof2019_LA_train/flac/LA_T_1840394.flac,0
/data/DATASETS/ASV_Spoof_2019_LA/ASVspoof2019_LA_eval/flac/LA_E_1602221.flac,0
/data/DATASETS/ASV_Spoof_2019_LA/ASVspoof2019_LA_eval/flac/LA_E_3273683.flac,0
/data/DATASETS/ASV_Spoof_2019_LA/ASVspoof2019_LA_train/flac/LA_T_4584120.flac,0
/data/DATASETS/ASV_Spoof_2019_LA/ASVspoof2019_LA_eval/flac/LA_E_5357749.flac,0
/data/DATASETS/ASV_Spoof_2019_LA/ASVspoof2019_LA_eval/flac/LA_E_5706857.flac,0
/data/DATASETS/ASV_Spoof_2019_LA/ASVspoof2019_LA_dev/flac/LA_D_9172298.flac,0
/data/DATASETS/ASV_Spoof_2019_LA/ASVspoof2019_LA_eval/flac/LA_E_6031760.flac,0
/data/DATASETS/ASV_Spoof_2019_LA/ASVspoof2019_LA_eval/flac/LA_E_4518733.flac,0
/data/DATASETS/ASV_Spoof_2019_LA/ASVspoof2019_LA_dev/flac/LA_D_1335445.flac,0
/data/DATASETS/ASV_Spoof_2019_LA/ASVspoof2019_LA_eval/flac/LA_E_7028091.flac,0
/data/DATASETS/ASV_Spoof_2019_LA/ASVspoof2019_LA_eval/flac/LA_E_6097708.flac,0
/data/DATASETS/ASV_Spoof_2019_LA/ASVspoof2019_LA_eval/flac/LA_E_4122086.flac,0
/data/DATASETS/ASV_Spoof_2019_LA/ASVspoof2019_LA_eval/flac/LA_E_5780271.flac,0
/data/DATASETS/ASV_Spoof_2019_LA/ASVspoof2019_LA_eval/flac/LA_E_7944747.flac,0
/data/DATASETS/ASV_Spoof_2019_LA/ASVspoof2019_LA_eval/flac/LA_E_6986811.flac,0
/data/DATASETS/ASV_Spoof_2019_LA/ASVspoof2019_LA_eval/flac/LA_E_4698929.flac,0
/data/DATASETS/ASV_Spoof_2019_LA/ASVspoof2019_LA_dev/flac/LA_D_2017251.flac,0
/data/DATASETS/ASV_Spoof_2019_LA/ASVspoof2019_LA_eval/flac/LA_E_4770510.flac,0
/data/DATASETS/ASV_Spoof_2019_LA/ASVspoof2019_LA_dev/flac/LA_D_6099505.flac,0
/data/DATASETS/ASV_Spoof_2019_LA/ASVspoof2019_LA_dev/flac/LA_D_8179754.flac,0
/data/DATASETS/ASV_Spoof_2019_LA/ASVspoof2019_LA_eval/flac/LA_E_7818763.flac,0
/data/DATASETS/ASV_Spoof_2019_LA/ASVspoof2019_LA_eval/flac/LA_E_6026429.flac,0
/data/DATASETS/ASV_Spoof_2019_LA/ASVspoof2019_LA_dev/flac/LA_D_7172970.flac,0
/data/DATASETS/ASV_Spoof_2019_LA/ASVspoof2019_LA_train/flac/LA_T_3620571.flac,0
/data/DATASETS/ASV_Spoof_2019_LA/ASVspoof2019_LA_train/flac/LA_T_6334483.flac,0
/data/DATASETS/ASV_Spoof_2019_LA/ASVspoof2019_LA_eval/flac/LA_E_6220704.flac,0
/data/DATASETS/ASV_Spoof_2019_LA/ASVspoof2019_LA_eval/flac/LA_E_5219455.flac,0
/data/DATASETS/ASV_Spoof_2019_LA/ASVspoof2019_LA_train/flac/LA_T_4511853.flac,0
/data/DATASETS/ASV_Spoof_2019_LA/ASVspoof2019_LA_eval/flac/LA_E_1335143.flac,0
/data/DATASETS/ASV_Spoof_2019_LA/ASVspoof2019_LA_dev/flac/LA_D_3933506.flac,0
/data/DATASETS/ASV_Spoof_2019_LA/ASVspoof2019_LA_eval/flac/LA_E_2188809.flac,0
/data/DATASETS/ASV_Spoof_2019_LA/ASVspoof2019_LA_eval/flac/LA_E_1375350.flac,0
/data/DATASETS/ASV_Spoof_2019_LA/ASVspoof2019_LA_eval/flac/LA_E_6571999.flac,0
/data/DATASETS/ASV_Spoof_2019_LA/ASVspoof2019_LA_dev/flac/LA_D_7407432.flac,0
/data/DATASETS/ASV_Spoof_2019_LA/ASVspoof2019_LA_dev/flac/LA_D_3319482.flac,0
/data/DATASETS/ASV_Spoof_2019_LA/ASVspoof2019_LA_eval/flac/LA_E_3782792.flac,0
/data/DATASETS/ASV_Spoof_2019_LA/ASVspoof2019_LA_eval/flac/LA_E_6432441.flac,0
/data/DATASETS/ASV_Spoof_2019_LA/ASVspoof2019_LA_eval/flac/LA_E_8499614.flac,0
/data/DATASETS/ASV_Spoof_2019_LA/ASVspoof2019_LA_train/flac/LA_T_9772981.flac,0
/data/DATASETS/ASV_Spoof_2019_LA/ASVspoof2019_LA_eval/flac/LA_E_4272102.flac,0
/data/DATASETS/ASV_Spoof_2019_LA/ASVspoof2019_LA_dev/flac/LA_D_7277373.flac,0
/data/DATASETS/ASV_Spoof_2019_LA/ASVspoof2019_LA_train/flac/LA_T_4847247.flac,0
/data/DATASETS/ASV_Spoof_2019_LA/ASVspoof2019_LA_eval/flac/LA_E_6647221.flac,0
/data/DATASETS/ASV_Spoof_2019_LA/ASVspoof2019_LA_eval/flac/LA_E_5049397.flac,0
/data/DATASETS/ASV_Spoof_2019_LA/ASVspoof2019_LA_dev/flac/LA_D_4310926.flac,0
/data/DATASETS/ASV_Spoof_2019_LA/ASVspoof2019_LA_eval/flac/LA_E_7025194.flac,0
/data/DATASETS/ASV_Spoof_2019_LA/ASVspoof2019_LA_eval/flac/LA_E_4589113.flac,0
/data/DATASETS/ASV_Spoof_2019_LA/ASVspoof2019_LA_eval/flac/LA_E_3049507.flac,0
/data/DATASETS/ASV_Spoof_2019_LA/ASVspoof2019_LA_eval/flac/LA_E_2163248.flac,0
/data/DATASETS/ASV_Spoof_2019_LA/ASVspoof2019_LA_eval/flac/LA_E_6001525.flac,0
/data/DATASETS/ASV_Spoof_2019_LA/ASVspoof2019_LA_eval/flac/LA_E_6946017.flac,0
/data/DATASETS/ASV_Spoof_2019_LA/ASVspoof2019_LA_train/flac/LA_T_3325414.flac,0
/data/DATASETS/ASV_Spoof_2019_LA/ASVspoof2019_LA_eval/flac/LA_E_8217014.flac,0
/data/DATASETS/ASV_Spoof_2019_LA/ASVspoof2019_LA_eval/flac/LA_E_7560577.flac,0
/data/DATASETS/ASV_Spoof_2019_LA/ASVspoof2019_LA_dev/flac/LA_D_7234581.flac,0
/data/DATASETS/ASV_Spoof_2019_LA/ASVspoof2019_LA_train/flac/LA_T_1763423.flac,0
/data/DATASETS/ASV_Spoof_2019_LA/ASVspoof2019_LA_eval/flac/LA_E_5915979.flac,0
/data/DATASETS/ASV_Spoof_2019_LA/ASVspoof2019_LA_eval/flac/LA_E_6172735.flac,0
/data/DATASETS/ASV_Spoof_2019_LA/ASVspoof2019_LA_eval/flac/LA_E_3170218.flac,0
/data/DATASETS/ASV_Spoof_2019_LA/ASVspoof2019_LA_dev/flac/LA_D_4021153.flac,0
/data/DATASETS/ASV_Spoof_2019_LA/ASVspoof2019_LA_dev/flac/LA_D_6042898.flac,0
/data/DATASETS/ASV_Spoof_2019_LA/ASVspoof2019_LA_eval/flac/LA_E_4117393.flac,0
/data/DATASETS/ASV_Spoof_2019_LA/ASVspoof2019_LA_eval/flac/LA_E_3272625.flac,0
/data/DATASETS/ASV_Spoof_2019_LA/ASVspoof2019_LA_dev/flac/LA_D_4387141.flac,0
/data/DATASETS/ASV_Spoof_2019_LA/ASVspoof2019_LA_eval/flac/LA_E_2425891.flac,0
/data/DATASETS/ASV_Spoof_2019_LA/ASVspoof2019_LA_eval/flac/LA_E_1114347.flac,0
/data/DATASETS/ASV_Spoof_2019_LA/ASVspoof2019_LA_train/flac/LA_T_5890305.flac,0
/data/DATASETS/ASV_Spoof_2019_LA/ASVspoof2019_LA_eval/flac/LA_E_8319597.flac,0
/data/DATASETS/ASV_Spoof_2019_LA/ASVspoof2019_LA_train/flac/LA_T_2123226.flac,0
/data/DATASETS/ASV_Spoof_2019_LA/ASVspoof2019_LA_eval/flac/LA_E_2919347.flac,0
/data/DATASETS/ASV_Spoof_2019_LA/ASVspoof2019_LA_eval/flac/LA_E_4324917.flac,0
/data/DATASETS/ASV_Spoof_2019_LA/ASVspoof2019_LA_eval/flac/LA_E_1869249.flac,0
/data/DATASETS/ASV_Spoof_2019_LA/ASVspoof2019_LA_eval/flac/LA_E_3942685.flac,0
/data/DATASETS/ASV_Spoof_2019_LA/ASVspoof2019_LA_dev/flac/LA_D_7661891.flac,0
/data/DATASETS/ASV_Spoof_2019_LA/ASVspoof2019_LA_eval/flac/LA_E_3182490.flac,0
/data/DATASETS/ASV_Spoof_2019_LA/ASVspoof2019_LA_eval/flac/LA_E_3222414.flac,0
/data/DATASETS/ASV_Spoof_2019_LA/ASVspoof2019_LA_train/flac/LA_T_6638771.flac,0
/data/DATASETS/ASV_Spoof_2019_LA/ASVspoof2019_LA_train/flac/LA_T_4414920.flac,0
/data/DATASETS/ASV_Spoof_2019_LA/ASVspoof2019_LA_dev/flac/LA_D_6548870.flac,0
/data/DATASETS/ASV_Spoof_2019_LA/ASVspoof2019_LA_eval/flac/LA_E_5753735.flac,0
/data/DATASETS/ASV_Spoof_2019_LA/ASVspoof2019_LA_eval/flac/LA_E_4041565.flac,0
/data/DATASETS/ASV_Spoof_2019_LA/ASVspoof2019_LA_eval/flac/LA_E_1034926.flac,0
/data/DATASETS/ASV_Spoof_2019_LA/ASVspoof2019_LA_train/flac/LA_T_3513521.flac,0
/data/DATASETS/ASV_Spoof_2019_LA/ASVspoof2019_LA_eval/flac/LA_E_8168125.flac,0
/data/DATASETS/ASV_Spoof_2019_LA/ASVspoof2019_LA_eval/flac/LA_E_7599448.flac,0
/data/DATASETS/ASV_Spoof_2019_LA/ASVspoof2019_LA_train/flac/LA_T_5387852.flac,0
/data/DATASETS/ASV_Spoof_2019_LA/ASVspoof2019_LA_eval/flac/LA_E_6801169.flac,0
/data/DATASETS/ASV_Spoof_2019_LA/ASVspoof2019_LA_dev/flac/LA_D_2812544.flac,0
/data/DATASETS/ASV_Spoof_2019_LA/ASVspoof2019_LA_train/flac/LA_T_7690633.flac,0
/data/DATASETS/ASV_Spoof_2019_LA/ASVspoof2019_LA_train/flac/LA_T_7974410.flac,0
/data/DATASETS/ASV_Spoof_2019_LA/ASVspoof2019_LA_eval/flac/LA_E_4133730.flac,0
/data/DATASETS/ASV_Spoof_2019_LA/ASVspoof2019_LA_eval/flac/LA_E_2680543.flac,0
/data/DATASETS/ASV_Spoof_2019_LA/ASVspoof2019_LA_train/flac/LA_T_1618831.flac,0
/data/DATASETS/ASV_Spoof_2019_LA/ASVspoof2019_LA_eval/flac/LA_E_1499507.flac,0
/data/DATASETS/ASV_Spoof_2019_LA/ASVspoof2019_LA_eval/flac/LA_E_8762411.flac,0
/data/DATASETS/ASV_Spoof_2019_LA/ASVspoof2019_LA_dev/flac/LA_D_5859556.flac,0
/data/DATASETS/ASV_Spoof_2019_LA/ASVspoof2019_LA_eval/flac/LA_E_3806788.flac,0
/data/DATASETS/ASV_Spoof_2019_LA/ASVspoof2019_LA_dev/flac/LA_D_7742734.flac,0
/data/DATASETS/ASV_Spoof_2019_LA/ASVspoof2019_LA_train/flac/LA_T_7583963.flac,0
/data/DATASETS/ASV_Spoof_2019_LA/ASVspoof2019_LA_eval/flac/LA_E_1072866.flac,0
/data/DATASETS/ASV_Spoof_2019_LA/ASVspoof2019_LA_dev/flac/LA_D_8237075.flac,0
/data/DATASETS/ASV_Spoof_2019_LA/ASVspoof2019_LA_eval/flac/LA_E_2250745.flac,0
/data/DATASETS/ASV_Spoof_2019_LA/ASVspoof2019_LA_eval/flac/LA_E_6814863.flac,0
/data/DATASETS/ASV_Spoof_2019_LA/ASVspoof2019_LA_train/flac/LA_T_8189651.flac,0
/data/DATASETS/ASV_Spoof_2019_LA/ASVspoof2019_LA_eval/flac/LA_E_3728655.flac,0
/data/DATASETS/ASV_Spoof_2019_LA/ASVspoof2019_LA_train/flac/LA_T_7214355.flac,0
/data/DATASETS/ASV_Spoof_2019_LA/ASVspoof2019_LA_dev/flac/LA_D_5507210.flac,0
/data/DATASETS/ASV_Spoof_2019_LA/ASVspoof2019_LA_dev/flac/LA_D_7463826.flac,0
/data/DATASETS/ASV_Spoof_2019_LA/ASVspoof2019_LA_train/flac/LA_T_3692595.flac,0
/data/DATASETS/ASV_Spoof_2019_LA/ASVspoof2019_LA_dev/flac/LA_D_5521568.flac,0
/data/DATASETS/ASV_Spoof_2019_LA/ASVspoof2019_LA_eval/flac/LA_E_9027284.flac,0
/data/DATASETS/ASV_Spoof_2019_LA/ASVspoof2019_LA_eval/flac/LA_E_1236273.flac,0
/data/DATASETS/ASV_Spoof_2019_LA/ASVspoof2019_LA_eval/flac/LA_E_2810656.flac,0
/data/DATASETS/ASV_Spoof_2019_LA/ASVspoof2019_LA_eval/flac/LA_E_4123455.flac,0
/data/DATASETS/ASV_Spoof_2019_LA/ASVspoof2019_LA_dev/flac/LA_D_3258694.flac,0
/data/DATASETS/ASV_Spoof_2019_LA/ASVspoof2019_LA_train/flac/LA_T_7877019.flac,0
/data/DATASETS/ASV_Spoof_2019_LA/ASVspoof2019_LA_train/flac/LA_T_5733848.flac,0
/data/DATASETS/ASV_Spoof_2019_LA/ASVspoof2019_LA_eval/flac/LA_E_6821727.flac,0
/data/DATASETS/ASV_Spoof_2019_LA/ASVspoof2019_LA_eval/flac/LA_E_1245139.flac,0
/data/DATASETS/ASV_Spoof_2019_LA/ASVspoof2019_LA_train/flac/LA_T_5193056.flac,0
/data/DATASETS/ASV_Spoof_2019_LA/ASVspoof2019_LA_train/flac/LA_T_1745993.flac,0
/data/DATASETS/ASV_Spoof_2019_LA/ASVspoof2019_LA_eval/flac/LA_E_3490952.flac,0
/data/DATASETS/ASV_Spoof_2019_LA/ASVspoof2019_LA_eval/flac/LA_E_5094290.flac,0
/data/DATASETS/ASV_Spoof_2019_LA/ASVspoof2019_LA_train/flac/LA_T_5250310.flac,0
/data/DATASETS/ASV_Spoof_2019_LA/ASVspoof2019_LA_train/flac/LA_T_5180830.flac,0
/data/DATASETS/ASV_Spoof_2019_LA/ASVspoof2019_LA_train/flac/LA_T_9923341.flac,0
/data/DATASETS/ASV_Spoof_2019_LA/ASVspoof2019_LA_dev/flac/LA_D_1399387.flac,0
/data/DATASETS/ASV_Spoof_2019_LA/ASVspoof2019_LA_eval/flac/LA_E_6328688.flac,0
/data/DATASETS/ASV_Spoof_2019_LA/ASVspoof2019_LA_dev/flac/LA_D_3895551.flac,0
/data/DATASETS/ASV_Spoof_2019_LA/ASVspoof2019_LA_train/flac/LA_T_7962007.flac,0
/data/DATASETS/ASV_Spoof_2019_LA/ASVspoof2019_LA_eval/flac/LA_E_6502313.flac,0
/data/DATASETS/ASV_Spoof_2019_LA/ASVspoof2019_LA_dev/flac/LA_D_4137927.flac,0
/data/DATASETS/ASV_Spoof_2019_LA/ASVspoof2019_LA_train/flac/LA_T_5288751.flac,0
/data/DATASETS/ASV_Spoof_2019_LA/ASVspoof2019_LA_eval/flac/LA_E_7892088.flac,0
/data/DATASETS/ASV_Spoof_2019_LA/ASVspoof2019_LA_eval/flac/LA_E_2779987.flac,0
/data/DATASETS/ASV_Spoof_2019_LA/ASVspoof2019_LA_dev/flac/LA_D_4655594.flac,0
/data/DATASETS/ASV_Spoof_2019_LA/ASVspoof2019_LA_train/flac/LA_T_6345056.flac,0
/data/DATASETS/ASV_Spoof_2019_LA/ASVspoof2019_LA_dev/flac/LA_D_1173765.flac,0
/data/DATASETS/ASV_Spoof_2019_LA/ASVspoof2019_LA_eval/flac/LA_E_9498534.flac,0
/data/DATASETS/ASV_Spoof_2019_LA/ASVspoof2019_LA_eval/flac/LA_E_6370347.flac,0
/data/DATASETS/ASV_Spoof_2019_LA/ASVspoof2019_LA_eval/flac/LA_E_6497869.flac,0
/data/DATASETS/ASV_Spoof_2019_LA/ASVspoof2019_LA_dev/flac/LA_D_2264682.flac,0
/data/DATASETS/ASV_Spoof_2019_LA/ASVspoof2019_LA_eval/flac/LA_E_7673567.flac,0
/data/DATASETS/ASV_Spoof_2019_LA/ASVspoof2019_LA_eval/flac/LA_E_4563115.flac,0
/data/DATASETS/ASV_Spoof_2019_LA/ASVspoof2019_LA_train/flac/LA_T_2432967.flac,0
/data/DATASETS/ASV_Spoof_2019_LA/ASVspoof2019_LA_eval/flac/LA_E_2355775.flac,0
/data/DATASETS/ASV_Spoof_2019_LA/ASVspoof2019_LA_eval/flac/LA_E_6028161.flac,0
/data/DATASETS/ASV_Spoof_2019_LA/ASVspoof2019_LA_eval/flac/LA_E_8609092.flac,0
/data/DATASETS/ASV_Spoof_2019_LA/ASVspoof2019_LA_train/flac/LA_T_7692745.flac,0
/data/DATASETS/ASV_Spoof_2019_LA/ASVspoof2019_LA_eval/flac/LA_E_3253682.flac,0
/data/DATASETS/ASV_Spoof_2019_LA/ASVspoof2019_LA_train/flac/LA_T_3956959.flac,0
/data/DATASETS/ASV_Spoof_2019_LA/ASVspoof2019_LA_eval/flac/LA_E_1478219.flac,0
/data/DATASETS/ASV_Spoof_2019_LA/ASVspoof2019_LA_eval/flac/LA_E_4622624.flac,0
/data/DATASETS/ASV_Spoof_2019_LA/ASVspoof2019_LA_eval/flac/LA_E_5474635.flac,0
/data/DATASETS/ASV_Spoof_2019_LA/ASVspoof2019_LA_dev/flac/LA_D_9996570.flac,0
/data/DATASETS/ASV_Spoof_2019_LA/ASVspoof2019_LA_dev/flac/LA_D_2832141.flac,0
/data/DATASETS/ASV_Spoof_2019_LA/ASVspoof2019_LA_train/flac/LA_T_7717952.flac,0
/data/DATASETS/ASV_Spoof_2019_LA/ASVspoof2019_LA_eval/flac/LA_E_2043746.flac,0
/data/DATASETS/ASV_Spoof_2019_LA/ASVspoof2019_LA_eval/flac/LA_E_8545900.flac,0
/data/DATASETS/ASV_Spoof_2019_LA/ASVspoof2019_LA_eval/flac/LA_E_3698012.flac,0
/data/DATASETS/ASV_Spoof_2019_LA/ASVspoof2019_LA_eval/flac/LA_E_5535714.flac,0
/data/DATASETS/ASV_Spoof_2019_LA/ASVspoof2019_LA_eval/flac/LA_E_1995837.flac,0
/data/DATASETS/ASV_Spoof_2019_LA/ASVspoof2019_LA_train/flac/LA_T_8135846.flac,0
/data/DATASETS/ASV_Spoof_2019_LA/ASVspoof2019_LA_eval/flac/LA_E_8881920.flac,0
/data/DATASETS/ASV_Spoof_2019_LA/ASVspoof2019_LA_eval/flac/LA_E_8272987.flac,0
/data/DATASETS/ASV_Spoof_2019_LA/ASVspoof2019_LA_dev/flac/LA_D_7058100.flac,0
/data/DATASETS/ASV_Spoof_2019_LA/ASVspoof2019_LA_dev/flac/LA_D_4328579.flac,0
/data/DATASETS/ASV_Spoof_2019_LA/ASVspoof2019_LA_eval/flac/LA_E_9272857.flac,0
/data/DATASETS/ASV_Spoof_2019_LA/ASVspoof2019_LA_eval/flac/LA_E_3927922.flac,0
/data/DATASETS/ASV_Spoof_2019_LA/ASVspoof2019_LA_train/flac/LA_T_4176612.flac,0
/data/DATASETS/ASV_Spoof_2019_LA/ASVspoof2019_LA_eval/flac/LA_E_7077143.flac,0
/data/DATASETS/ASV_Spoof_2019_LA/ASVspoof2019_LA_eval/flac/LA_E_5318318.flac,0
/data/DATASETS/ASV_Spoof_2019_LA/ASVspoof2019_LA_eval/flac/LA_E_1046597.flac,0
/data/DATASETS/ASV_Spoof_2019_LA/ASVspoof2019_LA_train/flac/LA_T_5404480.flac,0
/data/DATASETS/ASV_Spoof_2019_LA/ASVspoof2019_LA_train/flac/LA_T_6978009.flac,0
/data/DATASETS/ASV_Spoof_2019_LA/ASVspoof2019_LA_train/flac/LA_T_2361518.flac,0
/data/DATASETS/ASV_Spoof_2019_LA/ASVspoof2019_LA_dev/flac/LA_D_9124382.flac,0
/data/DATASETS/ASV_Spoof_2019_LA/ASVspoof2019_LA_dev/flac/LA_D_2334588.flac,0
/data/DATASETS/ASV_Spoof_2019_LA/ASVspoof2019_LA_eval/flac/LA_E_8652457.flac,0
/data/DATASETS/ASV_Spoof_2019_LA/ASVspoof2019_LA_train/flac/LA_T_1352011.flac,0
/data/DATASETS/ASV_Spoof_2019_LA/ASVspoof2019_LA_train/flac/LA_T_1591810.flac,0
/data/DATASETS/ASV_Spoof_2019_LA/ASVspoof2019_LA_eval/flac/LA_E_4033869.flac,0
/data/DATASETS/ASV_Spoof_2019_LA/ASVspoof2019_LA_dev/flac/LA_D_5016919.flac,0
/data/DATASETS/ASV_Spoof_2019_LA/ASVspoof2019_LA_train/flac/LA_T_6601259.flac,0
/data/DATASETS/ASV_Spoof_2019_LA/ASVspoof2019_LA_eval/flac/LA_E_8500706.flac,0
/data/DATASETS/ASV_Spoof_2019_LA/ASVspoof2019_LA_dev/flac/LA_D_7878191.flac,0
/data/DATASETS/ASV_Spoof_2019_LA/ASVspoof2019_LA_eval/flac/LA_E_6355143.flac,0
/data/DATASETS/ASV_Spoof_2019_LA/ASVspoof2019_LA_eval/flac/LA_E_4534902.flac,0
/data/DATASETS/ASV_Spoof_2019_LA/ASVspoof2019_LA_dev/flac/LA_D_5029338.flac,0
/data/DATASETS/ASV_Spoof_2019_LA/ASVspoof2019_LA_eval/flac/LA_E_9427008.flac,0
/data/DATASETS/ASV_Spoof_2019_LA/ASVspoof2019_LA_eval/flac/LA_E_5265099.flac,0
/data/DATASETS/ASV_Spoof_2019_LA/ASVspoof2019_LA_train/flac/LA_T_4991041.flac,0
/data/DATASETS/ASV_Spoof_2019_LA/ASVspoof2019_LA_train/flac/LA_T_6628237.flac,0
/data/DATASETS/ASV_Spoof_2019_LA/ASVspoof2019_LA_dev/flac/LA_D_7285253.flac,0
/data/DATASETS/ASV_Spoof_2019_LA/ASVspoof2019_LA_eval/flac/LA_E_5224324.flac,0
/data/DATASETS/ASV_Spoof_2019_LA/ASVspoof2019_LA_train/flac/LA_T_7761175.flac,0
/data/DATASETS/ASV_Spoof_2019_LA/ASVspoof2019_LA_eval/flac/LA_E_7010038.flac,0
/data/DATASETS/ASV_Spoof_2019_LA/ASVspoof2019_LA_eval/flac/LA_E_3246521.flac,0
/data/DATASETS/ASV_Spoof_2019_LA/ASVspoof2019_LA_train/flac/LA_T_5034418.flac,0
/data/DATASETS/ASV_Spoof_2019_LA/ASVspoof2019_LA_eval/flac/LA_E_4544320.flac,0
/data/DATASETS/ASV_Spoof_2019_LA/ASVspoof2019_LA_eval/flac/LA_E_3263490.flac,0
/data/DATASETS/ASV_Spoof_2019_LA/ASVspoof2019_LA_train/flac/LA_T_1596451.flac,0
/data/DATASETS/ASV_Spoof_2019_LA/ASVspoof2019_LA_eval/flac/LA_E_1190091.flac,0
/data/DATASETS/ASV_Spoof_2019_LA/ASVspoof2019_LA_eval/flac/LA_E_6952476.flac,0
/data/DATASETS/ASV_Spoof_2019_LA/ASVspoof2019_LA_dev/flac/LA_D_5824998.flac,0
/data/DATASETS/ASV_Spoof_2019_LA/ASVspoof2019_LA_dev/flac/LA_D_7179829.flac,0
/data/DATASETS/ASV_Spoof_2019_LA/ASVspoof2019_LA_eval/flac/LA_E_7999038.flac,0
/data/DATASETS/ASV_Spoof_2019_LA/ASVspoof2019_LA_train/flac/LA_T_3376738.flac,0
/data/DATASETS/ASV_Spoof_2019_LA/ASVspoof2019_LA_eval/flac/LA_E_4446564.flac,0
/data/DATASETS/ASV_Spoof_2019_LA/ASVspoof2019_LA_eval/flac/LA_E_1053797.flac,0
/data/DATASETS/ASV_Spoof_2019_LA/ASVspoof2019_LA_eval/flac/LA_E_6612427.flac,0
/data/DATASETS/ASV_Spoof_2019_LA/ASVspoof2019_LA_train/flac/LA_T_8896720.flac,0
/data/DATASETS/ASV_Spoof_2019_LA/ASVspoof2019_LA_train/flac/LA_T_1702062.flac,0
/data/DATASETS/ASV_Spoof_2019_LA/ASVspoof2019_LA_eval/flac/LA_E_7082923.flac,0
/data/DATASETS/ASV_Spoof_2019_LA/ASVspoof2019_LA_eval/flac/LA_E_7318171.flac,0
/data/DATASETS/ASV_Spoof_2019_LA/ASVspoof2019_LA_eval/flac/LA_E_7648787.flac,0
/data/DATASETS/ASV_Spoof_2019_LA/ASVspoof2019_LA_eval/flac/LA_E_9790629.flac,0
/data/DATASETS/ASV_Spoof_2019_LA/ASVspoof2019_LA_eval/flac/LA_E_2217249.flac,0
/data/DATASETS/ASV_Spoof_2019_LA/ASVspoof2019_LA_train/flac/LA_T_8405652.flac,0
/data/DATASETS/ASV_Spoof_2019_LA/ASVspoof2019_LA_eval/flac/LA_E_6474938.flac,0
/data/DATASETS/ASV_Spoof_2019_LA/ASVspoof2019_LA_train/flac/LA_T_1991708.flac,0
/data/DATASETS/ASV_Spoof_2019_LA/ASVspoof2019_LA_eval/flac/LA_E_3317144.flac,0
/data/DATASETS/ASV_Spoof_2019_LA/ASVspoof2019_LA_train/flac/LA_T_1569908.flac,0
/data/DATASETS/ASV_Spoof_2019_LA/ASVspoof2019_LA_eval/flac/LA_E_9068947.flac,0
/data/DATASETS/ASV_Spoof_2019_LA/ASVspoof2019_LA_eval/flac/LA_E_1053619.flac,0
/data/DATASETS/ASV_Spoof_2019_LA/ASVspoof2019_LA_eval/flac/LA_E_7020926.flac,0
/data/DATASETS/ASV_Spoof_2019_LA/ASVspoof2019_LA_eval/flac/LA_E_1082271.flac,0
/data/DATASETS/ASV_Spoof_2019_LA/ASVspoof2019_LA_eval/flac/LA_E_8083510.flac,0
/data/DATASETS/ASV_Spoof_2019_LA/ASVspoof2019_LA_eval/flac/LA_E_3603440.flac,0
/data/DATASETS/ASV_Spoof_2019_LA/ASVspoof2019_LA_dev/flac/LA_D_5617526.flac,0
/data/DATASETS/ASV_Spoof_2019_LA/ASVspoof2019_LA_eval/flac/LA_E_8952887.flac,0
/data/DATASETS/ASV_Spoof_2019_LA/ASVspoof2019_LA_eval/flac/LA_E_4950552.flac,0
/data/DATASETS/ASV_Spoof_2019_LA/ASVspoof2019_LA_train/flac/LA_T_5010828.flac,0
/data/DATASETS/ASV_Spoof_2019_LA/ASVspoof2019_LA_eval/flac/LA_E_5384156.flac,0
/data/DATASETS/ASV_Spoof_2019_LA/ASVspoof2019_LA_train/flac/LA_T_3747046.flac,0
/data/DATASETS/ASV_Spoof_2019_LA/ASVspoof2019_LA_dev/flac/LA_D_1410704.flac,0
/data/DATASETS/ASV_Spoof_2019_LA/ASVspoof2019_LA_train/flac/LA_T_9526930.flac,0
/data/DATASETS/ASV_Spoof_2019_LA/ASVspoof2019_LA_dev/flac/LA_D_8543859.flac,0
/data/DATASETS/ASV_Spoof_2019_LA/ASVspoof2019_LA_eval/flac/LA_E_5696271.flac,0
/data/DATASETS/ASV_Spoof_2019_LA/ASVspoof2019_LA_eval/flac/LA_E_2692228.flac,0
/data/DATASETS/ASV_Spoof_2019_LA/ASVspoof2019_LA_eval/flac/LA_E_5090026.flac,0
/data/DATASETS/ASV_Spoof_2019_LA/ASVspoof2019_LA_train/flac/LA_T_3966049.flac,0
/data/DATASETS/ASV_Spoof_2019_LA/ASVspoof2019_LA_eval/flac/LA_E_4945978.flac,0
/data/DATASETS/ASV_Spoof_2019_LA/ASVspoof2019_LA_dev/flac/LA_D_6931611.flac,0
/data/DATASETS/ASV_Spoof_2019_LA/ASVspoof2019_LA_eval/flac/LA_E_2973846.flac,0
/data/DATASETS/ASV_Spoof_2019_LA/ASVspoof2019_LA_eval/flac/LA_E_8932883.flac,0
/data/DATASETS/ASV_Spoof_2019_LA/ASVspoof2019_LA_eval/flac/LA_E_1277254.flac,0
/data/DATASETS/ASV_Spoof_2019_LA/ASVspoof2019_LA_eval/flac/LA_E_4694722.flac,0
/data/DATASETS/ASV_Spoof_2019_LA/ASVspoof2019_LA_train/flac/LA_T_9258514.flac,0
/data/DATASETS/ASV_Spoof_2019_LA/ASVspoof2019_LA_eval/flac/LA_E_6544372.flac,0
/data/DATASETS/ASV_Spoof_2019_LA/ASVspoof2019_LA_eval/flac/LA_E_2993825.flac,0
/data/DATASETS/ASV_Spoof_2019_LA/ASVspoof2019_LA_eval/flac/LA_E_6488985.flac,0
/data/DATASETS/ASV_Spoof_2019_LA/ASVspoof2019_LA_eval/flac/LA_E_1272114.flac,0
/data/DATASETS/ASV_Spoof_2019_LA/ASVspoof2019_LA_eval/flac/LA_E_3469325.flac,0
/data/DATASETS/ASV_Spoof_2019_LA/ASVspoof2019_LA_eval/flac/LA_E_8610376.flac,0
/data/DATASETS/ASV_Spoof_2019_LA/ASVspoof2019_LA_dev/flac/LA_D_4479461.flac,0
/data/DATASETS/ASV_Spoof_2019_LA/ASVspoof2019_LA_train/flac/LA_T_4657357.flac,0
/data/DATASETS/ASV_Spoof_2019_LA/ASVspoof2019_LA_eval/flac/LA_E_5987899.flac,0
/data/DATASETS/ASV_Spoof_2019_LA/ASVspoof2019_LA_eval/flac/LA_E_2932909.flac,0
/data/DATASETS/ASV_Spoof_2019_LA/ASVspoof2019_LA_dev/flac/LA_D_6711434.flac,0
/data/DATASETS/ASV_Spoof_2019_LA/ASVspoof2019_LA_eval/flac/LA_E_1240552.flac,0
/data/DATASETS/ASV_Spoof_2019_LA/ASVspoof2019_LA_eval/flac/LA_E_6988525.flac,0
/data/DATASETS/ASV_Spoof_2019_LA/ASVspoof2019_LA_dev/flac/LA_D_1431487.flac,0
/data/DATASETS/ASV_Spoof_2019_LA/ASVspoof2019_LA_train/flac/LA_T_4146672.flac,0
/data/DATASETS/ASV_Spoof_2019_LA/ASVspoof2019_LA_eval/flac/LA_E_2790467.flac,0
/data/DATASETS/ASV_Spoof_2019_LA/ASVspoof2019_LA_eval/flac/LA_E_8017165.flac,0
/data/DATASETS/ASV_Spoof_2019_LA/ASVspoof2019_LA_eval/flac/LA_E_6210394.flac,0
/data/DATASETS/ASV_Spoof_2019_LA/ASVspoof2019_LA_train/flac/LA_T_9754081.flac,0
/data/DATASETS/ASV_Spoof_2019_LA/ASVspoof2019_LA_eval/flac/LA_E_4331653.flac,0
/data/DATASETS/ASV_Spoof_2019_LA/ASVspoof2019_LA_eval/flac/LA_E_1261067.flac,0
/data/DATASETS/ASV_Spoof_2019_LA/ASVspoof2019_LA_train/flac/LA_T_8721428.flac,0
/data/DATASETS/ASV_Spoof_2019_LA/ASVspoof2019_LA_eval/flac/LA_E_3553088.flac,0
/data/DATASETS/ASV_Spoof_2019_LA/ASVspoof2019_LA_dev/flac/LA_D_7501292.flac,0
/data/DATASETS/ASV_Spoof_2019_LA/ASVspoof2019_LA_dev/flac/LA_D_2976553.flac,0
/data/DATASETS/ASV_Spoof_2019_LA/ASVspoof2019_LA_dev/flac/LA_D_3373431.flac,0
/data/DATASETS/ASV_Spoof_2019_LA/ASVspoof2019_LA_eval/flac/LA_E_2038824.flac,0
/data/DATASETS/ASV_Spoof_2019_LA/ASVspoof2019_LA_dev/flac/LA_D_5790394.flac,0
/data/DATASETS/ASV_Spoof_2019_LA/ASVspoof2019_LA_eval/flac/LA_E_6457267.flac,0
/data/DATASETS/ASV_Spoof_2019_LA/ASVspoof2019_LA_train/flac/LA_T_6275615.flac,0
/data/DATASETS/ASV_Spoof_2019_LA/ASVspoof2019_LA_train/flac/LA_T_9609293.flac,0
/data/DATASETS/ASV_Spoof_2019_LA/ASVspoof2019_LA_train/flac/LA_T_2256140.flac,0
/data/DATASETS/ASV_Spoof_2019_LA/ASVspoof2019_LA_train/flac/LA_T_2622954.flac,0
/data/DATASETS/ASV_Spoof_2019_LA/ASVspoof2019_LA_dev/flac/LA_D_9509324.flac,0
/data/DATASETS/ASV_Spoof_2019_LA/ASVspoof2019_LA_train/flac/LA_T_6533322.flac,0
/data/DATASETS/ASV_Spoof_2019_LA/ASVspoof2019_LA_eval/flac/LA_E_1648428.flac,0
/data/DATASETS/ASV_Spoof_2019_LA/ASVspoof2019_LA_eval/flac/LA_E_2198141.flac,0
/data/DATASETS/ASV_Spoof_2019_LA/ASVspoof2019_LA_train/flac/LA_T_2345808.flac,0
/data/DATASETS/ASV_Spoof_2019_LA/ASVspoof2019_LA_eval/flac/LA_E_5224168.flac,0
/data/DATASETS/ASV_Spoof_2019_LA/ASVspoof2019_LA_eval/flac/LA_E_6641926.flac,0
/data/DATASETS/ASV_Spoof_2019_LA/ASVspoof2019_LA_dev/flac/LA_D_6233220.flac,0
/data/DATASETS/ASV_Spoof_2019_LA/ASVspoof2019_LA_train/flac/LA_T_9717737.flac,0
/data/DATASETS/ASV_Spoof_2019_LA/ASVspoof2019_LA_dev/flac/LA_D_2952279.flac,0
/data/DATASETS/ASV_Spoof_2019_LA/ASVspoof2019_LA_dev/flac/LA_D_6280709.flac,0
/data/DATASETS/ASV_Spoof_2019_LA/ASVspoof2019_LA_eval/flac/LA_E_8942579.flac,0
/data/DATASETS/ASV_Spoof_2019_LA/ASVspoof2019_LA_dev/flac/LA_D_3316993.flac,0
/data/DATASETS/ASV_Spoof_2019_LA/ASVspoof2019_LA_dev/flac/LA_D_4661324.flac,0
/data/DATASETS/ASV_Spoof_2019_LA/ASVspoof2019_LA_dev/flac/LA_D_2009007.flac,0
/data/DATASETS/ASV_Spoof_2019_LA/ASVspoof2019_LA_dev/flac/LA_D_5254877.flac,0
/data/DATASETS/ASV_Spoof_2019_LA/ASVspoof2019_LA_eval/flac/LA_E_4027833.flac,0
/data/DATASETS/ASV_Spoof_2019_LA/ASVspoof2019_LA_train/flac/LA_T_8927591.flac,0
/data/DATASETS/ASV_Spoof_2019_LA/ASVspoof2019_LA_eval/flac/LA_E_4581379.flac,0
/data/DATASETS/ASV_Spoof_2019_LA/ASVspoof2019_LA_dev/flac/LA_D_8976620.flac,0
/data/DATASETS/ASV_Spoof_2019_LA/ASVspoof2019_LA_eval/flac/LA_E_5410520.flac,0
/data/DATASETS/ASV_Spoof_2019_LA/ASVspoof2019_LA_train/flac/LA_T_2112754.flac,0
/data/DATASETS/ASV_Spoof_2019_LA/ASVspoof2019_LA_train/flac/LA_T_7785251.flac,0
/data/DATASETS/ASV_Spoof_2019_LA/ASVspoof2019_LA_eval/flac/LA_E_4018572.flac,0
/data/DATASETS/ASV_Spoof_2019_LA/ASVspoof2019_LA_train/flac/LA_T_2034214.flac,0
/data/DATASETS/ASV_Spoof_2019_LA/ASVspoof2019_LA_dev/flac/LA_D_6903853.flac,0
/data/DATASETS/ASV_Spoof_2019_LA/ASVspoof2019_LA_eval/flac/LA_E_3916503.flac,0
/data/DATASETS/ASV_Spoof_2019_LA/ASVspoof2019_LA_dev/flac/LA_D_2924504.flac,0
/data/DATASETS/ASV_Spoof_2019_LA/ASVspoof2019_LA_eval/flac/LA_E_3687947.flac,0
/data/DATASETS/ASV_Spoof_2019_LA/ASVspoof2019_LA_eval/flac/LA_E_7061027.flac,0
/data/DATASETS/ASV_Spoof_2019_LA/ASVspoof2019_LA_eval/flac/LA_E_1772509.flac,0
/data/DATASETS/ASV_Spoof_2019_LA/ASVspoof2019_LA_train/flac/LA_T_5463606.flac,0
/data/DATASETS/ASV_Spoof_2019_LA/ASVspoof2019_LA_eval/flac/LA_E_6112048.flac,0
/data/DATASETS/ASV_Spoof_2019_LA/ASVspoof2019_LA_eval/flac/LA_E_6660504.flac,0
/data/DATASETS/ASV_Spoof_2019_LA/ASVspoof2019_LA_eval/flac/LA_E_8058877.flac,0
/data/DATASETS/ASV_Spoof_2019_LA/ASVspoof2019_LA_eval/flac/LA_E_5397934.flac,0
/data/DATASETS/ASV_Spoof_2019_LA/ASVspoof2019_LA_train/flac/LA_T_5148524.flac,0
/data/DATASETS/ASV_Spoof_2019_LA/ASVspoof2019_LA_dev/flac/LA_D_2535161.flac,0
/data/DATASETS/ASV_Spoof_2019_LA/ASVspoof2019_LA_eval/flac/LA_E_3577705.flac,0
/data/DATASETS/ASV_Spoof_2019_LA/ASVspoof2019_LA_eval/flac/LA_E_3883798.flac,0
/data/DATASETS/ASV_Spoof_2019_LA/ASVspoof2019_LA_eval/flac/LA_E_3931881.flac,0
/data/DATASETS/ASV_Spoof_2019_LA/ASVspoof2019_LA_eval/flac/LA_E_2259870.flac,0
/data/DATASETS/ASV_Spoof_2019_LA/ASVspoof2019_LA_train/flac/LA_T_3831604.flac,0
/data/DATASETS/ASV_Spoof_2019_LA/ASVspoof2019_LA_eval/flac/LA_E_3007040.flac,0
/data/DATASETS/ASV_Spoof_2019_LA/ASVspoof2019_LA_eval/flac/LA_E_3895999.flac,0
/data/DATASETS/ASV_Spoof_2019_LA/ASVspoof2019_LA_eval/flac/LA_E_7761611.flac,0
/data/DATASETS/ASV_Spoof_2019_LA/ASVspoof2019_LA_eval/flac/LA_E_8382259.flac,0
/data/DATASETS/ASV_Spoof_2019_LA/ASVspoof2019_LA_train/flac/LA_T_2299372.flac,0
/data/DATASETS/ASV_Spoof_2019_LA/ASVspoof2019_LA_eval/flac/LA_E_6847573.flac,0
/data/DATASETS/ASV_Spoof_2019_LA/ASVspoof2019_LA_eval/flac/LA_E_7166100.flac,0
/data/DATASETS/ASV_Spoof_2019_LA/ASVspoof2019_LA_eval/flac/LA_E_7920096.flac,0
/data/DATASETS/ASV_Spoof_2019_LA/ASVspoof2019_LA_eval/flac/LA_E_3489613.flac,0
/data/DATASETS/ASV_Spoof_2019_LA/ASVspoof2019_LA_eval/flac/LA_E_6655567.flac,0
/data/DATASETS/ASV_Spoof_2019_LA/ASVspoof2019_LA_eval/flac/LA_E_9731777.flac,0
/data/DATASETS/ASV_Spoof_2019_LA/ASVspoof2019_LA_eval/flac/LA_E_5419661.flac,0
/data/DATASETS/ASV_Spoof_2019_LA/ASVspoof2019_LA_dev/flac/LA_D_8737588.flac,0
/data/DATASETS/ASV_Spoof_2019_LA/ASVspoof2019_LA_eval/flac/LA_E_4045912.flac,0
/data/DATASETS/ASV_Spoof_2019_LA/ASVspoof2019_LA_dev/flac/LA_D_3999380.flac,0
/data/DATASETS/ASV_Spoof_2019_LA/ASVspoof2019_LA_eval/flac/LA_E_9748113.flac,0
/data/DATASETS/ASV_Spoof_2019_LA/ASVspoof2019_LA_eval/flac/LA_E_2921630.flac,0
/data/DATASETS/ASV_Spoof_2019_LA/ASVspoof2019_LA_eval/flac/LA_E_7942621.flac,0
/data/DATASETS/ASV_Spoof_2019_LA/ASVspoof2019_LA_train/flac/LA_T_7183032.flac,0
/data/DATASETS/ASV_Spoof_2019_LA/ASVspoof2019_LA_train/flac/LA_T_6835345.flac,0
/data/DATASETS/ASV_Spoof_2019_LA/ASVspoof2019_LA_eval/flac/LA_E_9712612.flac,0
/data/DATASETS/ASV_Spoof_2019_LA/ASVspoof2019_LA_dev/flac/LA_D_8364855.flac,0
/data/DATASETS/ASV_Spoof_2019_LA/ASVspoof2019_LA_train/flac/LA_T_3304535.flac,0
/data/DATASETS/ASV_Spoof_2019_LA/ASVspoof2019_LA_eval/flac/LA_E_1265930.flac,0
/data/DATASETS/ASV_Spoof_2019_LA/ASVspoof2019_LA_eval/flac/LA_E_3034548.flac,0
/data/DATASETS/ASV_Spoof_2019_LA/ASVspoof2019_LA_dev/flac/LA_D_4928990.flac,0
/data/DATASETS/ASV_Spoof_2019_LA/ASVspoof2019_LA_eval/flac/LA_E_7903545.flac,0
/data/DATASETS/ASV_Spoof_2019_LA/ASVspoof2019_LA_train/flac/LA_T_9959600.flac,0
/data/DATASETS/ASV_Spoof_2019_LA/ASVspoof2019_LA_eval/flac/LA_E_3536152.flac,0
/data/DATASETS/ASV_Spoof_2019_LA/ASVspoof2019_LA_dev/flac/LA_D_1896334.flac,0
/data/DATASETS/ASV_Spoof_2019_LA/ASVspoof2019_LA_eval/flac/LA_E_2482772.flac,0
/data/DATASETS/ASV_Spoof_2019_LA/ASVspoof2019_LA_eval/flac/LA_E_3296819.flac,0
/data/DATASETS/ASV_Spoof_2019_LA/ASVspoof2019_LA_eval/flac/LA_E_1681431.flac,0
/data/DATASETS/ASV_Spoof_2019_LA/ASVspoof2019_LA_dev/flac/LA_D_1660662.flac,0
/data/DATASETS/ASV_Spoof_2019_LA/ASVspoof2019_LA_train/flac/LA_T_4956486.flac,0
/data/DATASETS/ASV_Spoof_2019_LA/ASVspoof2019_LA_dev/flac/LA_D_6818564.flac,0
/data/DATASETS/ASV_Spoof_2019_LA/ASVspoof2019_LA_train/flac/LA_T_3774973.flac,0
/data/DATASETS/ASV_Spoof_2019_LA/ASVspoof2019_LA_eval/flac/LA_E_4392900.flac,0
/data/DATASETS/ASV_Spoof_2019_LA/ASVspoof2019_LA_eval/flac/LA_E_9058138.flac,0
/data/DATASETS/ASV_Spoof_2019_LA/ASVspoof2019_LA_eval/flac/LA_E_9812793.flac,0
/data/DATASETS/ASV_Spoof_2019_LA/ASVspoof2019_LA_eval/flac/LA_E_7867450.flac,0
/data/DATASETS/ASV_Spoof_2019_LA/ASVspoof2019_LA_dev/flac/LA_D_2375008.flac,0
/data/DATASETS/ASV_Spoof_2019_LA/ASVspoof2019_LA_eval/flac/LA_E_4587922.flac,0
/data/DATASETS/ASV_Spoof_2019_LA/ASVspoof2019_LA_eval/flac/LA_E_1288354.flac,0
/data/DATASETS/ASV_Spoof_2019_LA/ASVspoof2019_LA_eval/flac/LA_E_1632308.flac,0
/data/DATASETS/ASV_Spoof_2019_LA/ASVspoof2019_LA_eval/flac/LA_E_7221379.flac,0
/data/DATASETS/ASV_Spoof_2019_LA/ASVspoof2019_LA_eval/flac/LA_E_9587016.flac,0
/data/DATASETS/ASV_Spoof_2019_LA/ASVspoof2019_LA_eval/flac/LA_E_7824929.flac,0
/data/DATASETS/ASV_Spoof_2019_LA/ASVspoof2019_LA_eval/flac/LA_E_7367823.flac,0
/data/DATASETS/ASV_Spoof_2019_LA/ASVspoof2019_LA_eval/flac/LA_E_8272834.flac,0
/data/DATASETS/ASV_Spoof_2019_LA/ASVspoof2019_LA_dev/flac/LA_D_5110992.flac,0
/data/DATASETS/ASV_Spoof_2019_LA/ASVspoof2019_LA_dev/flac/LA_D_2309894.flac,0
/data/DATASETS/ASV_Spoof_2019_LA/ASVspoof2019_LA_eval/flac/LA_E_4325150.flac,0
/data/DATASETS/ASV_Spoof_2019_LA/ASVspoof2019_LA_dev/flac/LA_D_1797978.flac,0
/data/DATASETS/ASV_Spoof_2019_LA/ASVspoof2019_LA_eval/flac/LA_E_9617795.flac,0
/data/DATASETS/ASV_Spoof_2019_LA/ASVspoof2019_LA_eval/flac/LA_E_3679740.flac,0
/data/DATASETS/ASV_Spoof_2019_LA/ASVspoof2019_LA_eval/flac/LA_E_4864691.flac,0
/data/DATASETS/ASV_Spoof_2019_LA/ASVspoof2019_LA_train/flac/LA_T_3159022.flac,0
/data/DATASETS/ASV_Spoof_2019_LA/ASVspoof2019_LA_eval/flac/LA_E_4230786.flac,0
/data/DATASETS/ASV_Spoof_2019_LA/ASVspoof2019_LA_dev/flac/LA_D_4469053.flac,0
/data/DATASETS/ASV_Spoof_2019_LA/ASVspoof2019_LA_eval/flac/LA_E_1140867.flac,0
/data/DATASETS/ASV_Spoof_2019_LA/ASVspoof2019_LA_eval/flac/LA_E_2386688.flac,0
/data/DATASETS/ASV_Spoof_2019_LA/ASVspoof2019_LA_eval/flac/LA_E_2243145.flac,0
/data/DATASETS/ASV_Spoof_2019_LA/ASVspoof2019_LA_eval/flac/LA_E_1253524.flac,0
/data/DATASETS/ASV_Spoof_2019_LA/ASVspoof2019_LA_dev/flac/LA_D_8587105.flac,0
/data/DATASETS/ASV_Spoof_2019_LA/ASVspoof2019_LA_eval/flac/LA_E_9769305.flac,0
/data/DATASETS/ASV_Spoof_2019_LA/ASVspoof2019_LA_dev/flac/LA_D_1993949.flac,0
/data/DATASETS/ASV_Spoof_2019_LA/ASVspoof2019_LA_eval/flac/LA_E_1376027.flac,0
/data/DATASETS/ASV_Spoof_2019_LA/ASVspoof2019_LA_eval/flac/LA_E_7056770.flac,0
/data/DATASETS/ASV_Spoof_2019_LA/ASVspoof2019_LA_dev/flac/LA_D_3548515.flac,0
/data/DATASETS/ASV_Spoof_2019_LA/ASVspoof2019_LA_eval/flac/LA_E_3413964.flac,0
/data/DATASETS/ASV_Spoof_2019_LA/ASVspoof2019_LA_eval/flac/LA_E_8189830.flac,0
/data/DATASETS/ASV_Spoof_2019_LA/ASVspoof2019_LA_train/flac/LA_T_6413988.flac,0
/data/DATASETS/ASV_Spoof_2019_LA/ASVspoof2019_LA_eval/flac/LA_E_3739766.flac,0
/data/DATASETS/ASV_Spoof_2019_LA/ASVspoof2019_LA_eval/flac/LA_E_9565775.flac,0
/data/DATASETS/ASV_Spoof_2019_LA/ASVspoof2019_LA_dev/flac/LA_D_8568451.flac,0
/data/DATASETS/ASV_Spoof_2019_LA/ASVspoof2019_LA_train/flac/LA_T_9937911.flac,0
/data/DATASETS/ASV_Spoof_2019_LA/ASVspoof2019_LA_train/flac/LA_T_3168689.flac,0
/data/DATASETS/ASV_Spoof_2019_LA/ASVspoof2019_LA_dev/flac/LA_D_6160000.flac,0
/data/DATASETS/ASV_Spoof_2019_LA/ASVspoof2019_LA_train/flac/LA_T_3157509.flac,0
/data/DATASETS/ASV_Spoof_2019_LA/ASVspoof2019_LA_eval/flac/LA_E_6568111.flac,0
/data/DATASETS/ASV_Spoof_2019_LA/ASVspoof2019_LA_eval/flac/LA_E_9397715.flac,0
/data/DATASETS/ASV_Spoof_2019_LA/ASVspoof2019_LA_eval/flac/LA_E_6191071.flac,0
/data/DATASETS/ASV_Spoof_2019_LA/ASVspoof2019_LA_eval/flac/LA_E_5862506.flac,0
/data/DATASETS/ASV_Spoof_2019_LA/ASVspoof2019_LA_eval/flac/LA_E_9156158.flac,0
/data/DATASETS/ASV_Spoof_2019_LA/ASVspoof2019_LA_eval/flac/LA_E_9632143.flac,0
/data/DATASETS/ASV_Spoof_2019_LA/ASVspoof2019_LA_eval/flac/LA_E_2345608.flac,0
/data/DATASETS/ASV_Spoof_2019_LA/ASVspoof2019_LA_eval/flac/LA_E_9876804.flac,0
/data/DATASETS/ASV_Spoof_2019_LA/ASVspoof2019_LA_eval/flac/LA_E_3821380.flac,0
/data/DATASETS/ASV_Spoof_2019_LA/ASVspoof2019_LA_eval/flac/LA_E_6008385.flac,0
/data/DATASETS/ASV_Spoof_2019_LA/ASVspoof2019_LA_dev/flac/LA_D_9169706.flac,0
/data/DATASETS/ASV_Spoof_2019_LA/ASVspoof2019_LA_eval/flac/LA_E_5280127.flac,0
/data/DATASETS/ASV_Spoof_2019_LA/ASVspoof2019_LA_eval/flac/LA_E_2387225.flac,0
/data/DATASETS/ASV_Spoof_2019_LA/ASVspoof2019_LA_train/flac/LA_T_4861861.flac,0
/data/DATASETS/ASV_Spoof_2019_LA/ASVspoof2019_LA_train/flac/LA_T_7020265.flac,0
/data/DATASETS/ASV_Spoof_2019_LA/ASVspoof2019_LA_eval/flac/LA_E_9436429.flac,0
/data/DATASETS/ASV_Spoof_2019_LA/ASVspoof2019_LA_eval/flac/LA_E_5441243.flac,0
/data/DATASETS/ASV_Spoof_2019_LA/ASVspoof2019_LA_eval/flac/LA_E_9476709.flac,0
/data/DATASETS/ASV_Spoof_2019_LA/ASVspoof2019_LA_dev/flac/LA_D_7543100.flac,0
/data/DATASETS/ASV_Spoof_2019_LA/ASVspoof2019_LA_dev/flac/LA_D_3283135.flac,0
/data/DATASETS/ASV_Spoof_2019_LA/ASVspoof2019_LA_train/flac/LA_T_4807785.flac,0
/data/DATASETS/ASV_Spoof_2019_LA/ASVspoof2019_LA_eval/flac/LA_E_8063018.flac,0
/data/DATASETS/ASV_Spoof_2019_LA/ASVspoof2019_LA_eval/flac/LA_E_5410740.flac,0
/data/DATASETS/ASV_Spoof_2019_LA/ASVspoof2019_LA_eval/flac/LA_E_8040206.flac,0
/data/DATASETS/ASV_Spoof_2019_LA/ASVspoof2019_LA_dev/flac/LA_D_7071725.flac,0
/data/DATASETS/ASV_Spoof_2019_LA/ASVspoof2019_LA_eval/flac/LA_E_9785693.flac,0
/data/DATASETS/ASV_Spoof_2019_LA/ASVspoof2019_LA_train/flac/LA_T_8588034.flac,0
/data/DATASETS/ASV_Spoof_2019_LA/ASVspoof2019_LA_eval/flac/LA_E_4928377.flac,0
/data/DATASETS/ASV_Spoof_2019_LA/ASVspoof2019_LA_eval/flac/LA_E_5859240.flac,0
/data/DATASETS/ASV_Spoof_2019_LA/ASVspoof2019_LA_train/flac/LA_T_1034923.flac,0
/data/DATASETS/ASV_Spoof_2019_LA/ASVspoof2019_LA_eval/flac/LA_E_2929931.flac,0
/data/DATASETS/ASV_Spoof_2019_LA/ASVspoof2019_LA_eval/flac/LA_E_5376572.flac,0
/data/DATASETS/ASV_Spoof_2019_LA/ASVspoof2019_LA_eval/flac/LA_E_5910275.flac,0
/data/DATASETS/ASV_Spoof_2019_LA/ASVspoof2019_LA_eval/flac/LA_E_2689262.flac,0
/data/DATASETS/ASV_Spoof_2019_LA/ASVspoof2019_LA_dev/flac/LA_D_6843205.flac,0
/data/DATASETS/ASV_Spoof_2019_LA/ASVspoof2019_LA_dev/flac/LA_D_2927307.flac,0
/data/DATASETS/ASV_Spoof_2019_LA/ASVspoof2019_LA_dev/flac/LA_D_2944634.flac,0
/data/DATASETS/ASV_Spoof_2019_LA/ASVspoof2019_LA_eval/flac/LA_E_1722681.flac,0
/data/DATASETS/ASV_Spoof_2019_LA/ASVspoof2019_LA_eval/flac/LA_E_9870607.flac,0
/data/DATASETS/ASV_Spoof_2019_LA/ASVspoof2019_LA_eval/flac/LA_E_9917448.flac,0
/data/DATASETS/ASV_Spoof_2019_LA/ASVspoof2019_LA_train/flac/LA_T_8490370.flac,0
/data/DATASETS/ASV_Spoof_2019_LA/ASVspoof2019_LA_train/flac/LA_T_1276415.flac,0
/data/DATASETS/ASV_Spoof_2019_LA/ASVspoof2019_LA_eval/flac/LA_E_4342440.flac,0
/data/DATASETS/ASV_Spoof_2019_LA/ASVspoof2019_LA_train/flac/LA_T_3659915.flac,0
/data/DATASETS/ASV_Spoof_2019_LA/ASVspoof2019_LA_eval/flac/LA_E_8562713.flac,0
/data/DATASETS/ASV_Spoof_2019_LA/ASVspoof2019_LA_train/flac/LA_T_9132666.flac,0
/data/DATASETS/ASV_Spoof_2019_LA/ASVspoof2019_LA_eval/flac/LA_E_4217025.flac,0
/data/DATASETS/ASV_Spoof_2019_LA/ASVspoof2019_LA_eval/flac/LA_E_9848339.flac,0
/data/DATASETS/ASV_Spoof_2019_LA/ASVspoof2019_LA_eval/flac/LA_E_6766301.flac,0
/data/DATASETS/ASV_Spoof_2019_LA/ASVspoof2019_LA_dev/flac/LA_D_9491309.flac,0
/data/DATASETS/ASV_Spoof_2019_LA/ASVspoof2019_LA_eval/flac/LA_E_8340119.flac,0
/data/DATASETS/ASV_Spoof_2019_LA/ASVspoof2019_LA_eval/flac/LA_E_2625782.flac,0
/data/DATASETS/ASV_Spoof_2019_LA/ASVspoof2019_LA_train/flac/LA_T_1486451.flac,0
/data/DATASETS/ASV_Spoof_2019_LA/ASVspoof2019_LA_train/flac/LA_T_3419879.flac,0
/data/DATASETS/ASV_Spoof_2019_LA/ASVspoof2019_LA_train/flac/LA_T_4664739.flac,0
/data/DATASETS/ASV_Spoof_2019_LA/ASVspoof2019_LA_eval/flac/LA_E_9782358.flac,0
/data/DATASETS/ASV_Spoof_2019_LA/ASVspoof2019_LA_eval/flac/LA_E_2055100.flac,0
/data/DATASETS/ASV_Spoof_2019_LA/ASVspoof2019_LA_train/flac/LA_T_4387428.flac,0
/data/DATASETS/ASV_Spoof_2019_LA/ASVspoof2019_LA_dev/flac/LA_D_1511694.flac,0
/data/DATASETS/ASV_Spoof_2019_LA/ASVspoof2019_LA_eval/flac/LA_E_7407255.flac,0
/data/DATASETS/ASV_Spoof_2019_LA/ASVspoof2019_LA_train/flac/LA_T_5832791.flac,0
/data/DATASETS/ASV_Spoof_2019_LA/ASVspoof2019_LA_dev/flac/LA_D_7025552.flac,0
/data/DATASETS/ASV_Spoof_2019_LA/ASVspoof2019_LA_eval/flac/LA_E_3321149.flac,0
/data/DATASETS/ASV_Spoof_2019_LA/ASVspoof2019_LA_eval/flac/LA_E_1730338.flac,0
/data/DATASETS/ASV_Spoof_2019_LA/ASVspoof2019_LA_eval/flac/LA_E_5823150.flac,0
/data/DATASETS/ASV_Spoof_2019_LA/ASVspoof2019_LA_train/flac/LA_T_2031287.flac,0
/data/DATASETS/ASV_Spoof_2019_LA/ASVspoof2019_LA_dev/flac/LA_D_2996762.flac,0
/data/DATASETS/ASV_Spoof_2019_LA/ASVspoof2019_LA_eval/flac/LA_E_5922149.flac,0
/data/DATASETS/ASV_Spoof_2019_LA/ASVspoof2019_LA_dev/flac/LA_D_6081830.flac,0
/data/DATASETS/ASV_Spoof_2019_LA/ASVspoof2019_LA_eval/flac/LA_E_2204836.flac,0
/data/DATASETS/ASV_Spoof_2019_LA/ASVspoof2019_LA_dev/flac/LA_D_3524266.flac,0
/data/DATASETS/ASV_Spoof_2019_LA/ASVspoof2019_LA_eval/flac/LA_E_1773512.flac,0
/data/DATASETS/ASV_Spoof_2019_LA/ASVspoof2019_LA_eval/flac/LA_E_8786294.flac,0
/data/DATASETS/ASV_Spoof_2019_LA/ASVspoof2019_LA_train/flac/LA_T_7508892.flac,0
/data/DATASETS/ASV_Spoof_2019_LA/ASVspoof2019_LA_dev/flac/LA_D_6183356.flac,0
/data/DATASETS/ASV_Spoof_2019_LA/ASVspoof2019_LA_dev/flac/LA_D_3564164.flac,0
/data/DATASETS/ASV_Spoof_2019_LA/ASVspoof2019_LA_eval/flac/LA_E_7275417.flac,0
/data/DATASETS/ASV_Spoof_2019_LA/ASVspoof2019_LA_train/flac/LA_T_7974459.flac,0
/data/DATASETS/ASV_Spoof_2019_LA/ASVspoof2019_LA_dev/flac/LA_D_5348059.flac,0
/data/DATASETS/ASV_Spoof_2019_LA/ASVspoof2019_LA_dev/flac/LA_D_1805177.flac,0
/data/DATASETS/ASV_Spoof_2019_LA/ASVspoof2019_LA_train/flac/LA_T_9022965.flac,0
/data/DATASETS/ASV_Spoof_2019_LA/ASVspoof2019_LA_dev/flac/LA_D_4161223.flac,0
/data/DATASETS/ASV_Spoof_2019_LA/ASVspoof2019_LA_dev/flac/LA_D_2452544.flac,0
/data/DATASETS/ASV_Spoof_2019_LA/ASVspoof2019_LA_eval/flac/LA_E_1524020.flac,0
/data/DATASETS/ASV_Spoof_2019_LA/ASVspoof2019_LA_train/flac/LA_T_9195565.flac,0
/data/DATASETS/ASV_Spoof_2019_LA/ASVspoof2019_LA_eval/flac/LA_E_1055678.flac,0
/data/DATASETS/ASV_Spoof_2019_LA/ASVspoof2019_LA_eval/flac/LA_E_4920756.flac,0
/data/DATASETS/ASV_Spoof_2019_LA/ASVspoof2019_LA_eval/flac/LA_E_6162524.flac,0
/data/DATASETS/ASV_Spoof_2019_LA/ASVspoof2019_LA_eval/flac/LA_E_9722693.flac,0
/data/DATASETS/ASV_Spoof_2019_LA/ASVspoof2019_LA_dev/flac/LA_D_7662627.flac,0
/data/DATASETS/ASV_Spoof_2019_LA/ASVspoof2019_LA_eval/flac/LA_E_3809139.flac,0
/data/DATASETS/ASV_Spoof_2019_LA/ASVspoof2019_LA_dev/flac/LA_D_1541519.flac,0
/data/DATASETS/ASV_Spoof_2019_LA/ASVspoof2019_LA_dev/flac/LA_D_8591419.flac,0
/data/DATASETS/ASV_Spoof_2019_LA/ASVspoof2019_LA_eval/flac/LA_E_6163781.flac,0
/data/DATASETS/ASV_Spoof_2019_LA/ASVspoof2019_LA_eval/flac/LA_E_8384721.flac,0
/data/DATASETS/ASV_Spoof_2019_LA/ASVspoof2019_LA_dev/flac/LA_D_3908841.flac,0
/data/DATASETS/ASV_Spoof_2019_LA/ASVspoof2019_LA_eval/flac/LA_E_6107414.flac,0
/data/DATASETS/ASV_Spoof_2019_LA/ASVspoof2019_LA_train/flac/LA_T_7279842.flac,0
/data/DATASETS/ASV_Spoof_2019_LA/ASVspoof2019_LA_train/flac/LA_T_3068473.flac,0
/data/DATASETS/ASV_Spoof_2019_LA/ASVspoof2019_LA_eval/flac/LA_E_9075874.flac,0
/data/DATASETS/ASV_Spoof_2019_LA/ASVspoof2019_LA_eval/flac/LA_E_6505113.flac,0
/data/DATASETS/ASV_Spoof_2019_LA/ASVspoof2019_LA_eval/flac/LA_E_5825028.flac,0
/data/DATASETS/ASV_Spoof_2019_LA/ASVspoof2019_LA_eval/flac/LA_E_8190233.flac,0
/data/DATASETS/ASV_Spoof_2019_LA/ASVspoof2019_LA_eval/flac/LA_E_1087821.flac,0
/data/DATASETS/ASV_Spoof_2019_LA/ASVspoof2019_LA_eval/flac/LA_E_9006115.flac,0
/data/DATASETS/ASV_Spoof_2019_LA/ASVspoof2019_LA_eval/flac/LA_E_3716572.flac,0
/data/DATASETS/ASV_Spoof_2019_LA/ASVspoof2019_LA_eval/flac/LA_E_7536281.flac,0
/data/DATASETS/ASV_Spoof_2019_LA/ASVspoof2019_LA_eval/flac/LA_E_8736554.flac,0
/data/DATASETS/ASV_Spoof_2019_LA/ASVspoof2019_LA_eval/flac/LA_E_8535878.flac,0
/data/DATASETS/ASV_Spoof_2019_LA/ASVspoof2019_LA_eval/flac/LA_E_3821755.flac,0
/data/DATASETS/ASV_Spoof_2019_LA/ASVspoof2019_LA_dev/flac/LA_D_2035158.flac,0
/data/DATASETS/ASV_Spoof_2019_LA/ASVspoof2019_LA_eval/flac/LA_E_2947873.flac,0
/data/DATASETS/ASV_Spoof_2019_LA/ASVspoof2019_LA_eval/flac/LA_E_2273356.flac,0
/data/DATASETS/ASV_Spoof_2019_LA/ASVspoof2019_LA_eval/flac/LA_E_4966267.flac,0
/data/DATASETS/ASV_Spoof_2019_LA/ASVspoof2019_LA_eval/flac/LA_E_5796617.flac,0
/data/DATASETS/ASV_Spoof_2019_LA/ASVspoof2019_LA_train/flac/LA_T_9252879.flac,0
/data/DATASETS/ASV_Spoof_2019_LA/ASVspoof2019_LA_eval/flac/LA_E_8500356.flac,0
/data/DATASETS/ASV_Spoof_2019_LA/ASVspoof2019_LA_dev/flac/LA_D_2688414.flac,0
/data/DATASETS/ASV_Spoof_2019_LA/ASVspoof2019_LA_dev/flac/LA_D_8778186.flac,0
/data/DATASETS/ASV_Spoof_2019_LA/ASVspoof2019_LA_train/flac/LA_T_3502941.flac,0
/data/DATASETS/ASV_Spoof_2019_LA/ASVspoof2019_LA_train/flac/LA_T_3913974.flac,0
/data/DATASETS/ASV_Spoof_2019_LA/ASVspoof2019_LA_eval/flac/LA_E_8959603.flac,0
/data/DATASETS/ASV_Spoof_2019_LA/ASVspoof2019_LA_eval/flac/LA_E_1603570.flac,0
/data/DATASETS/ASV_Spoof_2019_LA/ASVspoof2019_LA_dev/flac/LA_D_5072627.flac,0
/data/DATASETS/ASV_Spoof_2019_LA/ASVspoof2019_LA_dev/flac/LA_D_9253093.flac,0
/data/DATASETS/ASV_Spoof_2019_LA/ASVspoof2019_LA_eval/flac/LA_E_8293738.flac,0
/data/DATASETS/ASV_Spoof_2019_LA/ASVspoof2019_LA_eval/flac/LA_E_6527713.flac,0
/data/DATASETS/ASV_Spoof_2019_LA/ASVspoof2019_LA_eval/flac/LA_E_5612230.flac,0
/data/DATASETS/ASV_Spoof_2019_LA/ASVspoof2019_LA_dev/flac/LA_D_5296393.flac,0
/data/DATASETS/ASV_Spoof_2019_LA/ASVspoof2019_LA_eval/flac/LA_E_1317708.flac,0
/data/DATASETS/ASV_Spoof_2019_LA/ASVspoof2019_LA_eval/flac/LA_E_6436429.flac,0
/data/DATASETS/ASV_Spoof_2019_LA/ASVspoof2019_LA_train/flac/LA_T_5795707.flac,0
/data/DATASETS/ASV_Spoof_2019_LA/ASVspoof2019_LA_eval/flac/LA_E_9576410.flac,0
/data/DATASETS/ASV_Spoof_2019_LA/ASVspoof2019_LA_eval/flac/LA_E_2823148.flac,0
/data/DATASETS/ASV_Spoof_2019_LA/ASVspoof2019_LA_dev/flac/LA_D_2722562.flac,0
/data/DATASETS/ASV_Spoof_2019_LA/ASVspoof2019_LA_train/flac/LA_T_4362109.flac,0
/data/DATASETS/ASV_Spoof_2019_LA/ASVspoof2019_LA_eval/flac/LA_E_5237825.flac,0
/data/DATASETS/ASV_Spoof_2019_LA/ASVspoof2019_LA_dev/flac/LA_D_3000565.flac,0
/data/DATASETS/ASV_Spoof_2019_LA/ASVspoof2019_LA_eval/flac/LA_E_6047145.flac,0
/data/DATASETS/ASV_Spoof_2019_LA/ASVspoof2019_LA_dev/flac/LA_D_4041525.flac,0
/data/DATASETS/ASV_Spoof_2019_LA/ASVspoof2019_LA_eval/flac/LA_E_5054360.flac,0
/data/DATASETS/ASV_Spoof_2019_LA/ASVspoof2019_LA_eval/flac/LA_E_4157017.flac,0
/data/DATASETS/ASV_Spoof_2019_LA/ASVspoof2019_LA_dev/flac/LA_D_3211435.flac,0
/data/DATASETS/ASV_Spoof_2019_LA/ASVspoof2019_LA_dev/flac/LA_D_4516804.flac,0
/data/DATASETS/ASV_Spoof_2019_LA/ASVspoof2019_LA_train/flac/LA_T_4092827.flac,0
/data/DATASETS/ASV_Spoof_2019_LA/ASVspoof2019_LA_train/flac/LA_T_5118997.flac,0
/data/DATASETS/ASV_Spoof_2019_LA/ASVspoof2019_LA_eval/flac/LA_E_2421137.flac,0
/data/DATASETS/ASV_Spoof_2019_LA/ASVspoof2019_LA_eval/flac/LA_E_5558962.flac,0
/data/DATASETS/ASV_Spoof_2019_LA/ASVspoof2019_LA_dev/flac/LA_D_9035942.flac,0
/data/DATASETS/ASV_Spoof_2019_LA/ASVspoof2019_LA_dev/flac/LA_D_1696066.flac,0
/data/DATASETS/ASV_Spoof_2019_LA/ASVspoof2019_LA_eval/flac/LA_E_7100841.flac,0
/data/DATASETS/ASV_Spoof_2019_LA/ASVspoof2019_LA_eval/flac/LA_E_5810145.flac,0
/data/DATASETS/ASV_Spoof_2019_LA/ASVspoof2019_LA_eval/flac/LA_E_8211232.flac,0
/data/DATASETS/ASV_Spoof_2019_LA/ASVspoof2019_LA_train/flac/LA_T_9353442.flac,0
/data/DATASETS/ASV_Spoof_2019_LA/ASVspoof2019_LA_dev/flac/LA_D_6622348.flac,0
/data/DATASETS/ASV_Spoof_2019_LA/ASVspoof2019_LA_eval/flac/LA_E_5199737.flac,0
/data/DATASETS/ASV_Spoof_2019_LA/ASVspoof2019_LA_dev/flac/LA_D_7900046.flac,0
/data/DATASETS/ASV_Spoof_2019_LA/ASVspoof2019_LA_eval/flac/LA_E_9766259.flac,0
/data/DATASETS/ASV_Spoof_2019_LA/ASVspoof2019_LA_eval/flac/LA_E_4215246.flac,0
/data/DATASETS/ASV_Spoof_2019_LA/ASVspoof2019_LA_eval/flac/LA_E_7211416.flac,0
/data/DATASETS/ASV_Spoof_2019_LA/ASVspoof2019_LA_eval/flac/LA_E_3065553.flac,0
/data/DATASETS/ASV_Spoof_2019_LA/ASVspoof2019_LA_eval/flac/LA_E_9862588.flac,0
/data/DATASETS/ASV_Spoof_2019_LA/ASVspoof2019_LA_eval/flac/LA_E_3038793.flac,0
/data/DATASETS/ASV_Spoof_2019_LA/ASVspoof2019_LA_eval/flac/LA_E_8478574.flac,0
/data/DATASETS/ASV_Spoof_2019_LA/ASVspoof2019_LA_eval/flac/LA_E_7555934.flac,0
/data/DATASETS/ASV_Spoof_2019_LA/ASVspoof2019_LA_eval/flac/LA_E_4609239.flac,0
/data/DATASETS/ASV_Spoof_2019_LA/ASVspoof2019_LA_dev/flac/LA_D_7153745.flac,0
/data/DATASETS/ASV_Spoof_2019_LA/ASVspoof2019_LA_eval/flac/LA_E_4541284.flac,0
/data/DATASETS/ASV_Spoof_2019_LA/ASVspoof2019_LA_eval/flac/LA_E_6328759.flac,0
/data/DATASETS/ASV_Spoof_2019_LA/ASVspoof2019_LA_eval/flac/LA_E_9288764.flac,0
/data/DATASETS/ASV_Spoof_2019_LA/ASVspoof2019_LA_train/flac/LA_T_1699801.flac,0
/data/DATASETS/ASV_Spoof_2019_LA/ASVspoof2019_LA_dev/flac/LA_D_6913240.flac,0
/data/DATASETS/ASV_Spoof_2019_LA/ASVspoof2019_LA_eval/flac/LA_E_3313393.flac,0
/data/DATASETS/ASV_Spoof_2019_LA/ASVspoof2019_LA_dev/flac/LA_D_4463495.flac,0
/data/DATASETS/ASV_Spoof_2019_LA/ASVspoof2019_LA_eval/flac/LA_E_6320923.flac,0
/data/DATASETS/ASV_Spoof_2019_LA/ASVspoof2019_LA_eval/flac/LA_E_8626222.flac,0
/data/DATASETS/ASV_Spoof_2019_LA/ASVspoof2019_LA_eval/flac/LA_E_4367946.flac,0
/data/DATASETS/ASV_Spoof_2019_LA/ASVspoof2019_LA_eval/flac/LA_E_6950677.flac,0
/data/DATASETS/ASV_Spoof_2019_LA/ASVspoof2019_LA_dev/flac/LA_D_7751131.flac,0
/data/DATASETS/ASV_Spoof_2019_LA/ASVspoof2019_LA_eval/flac/LA_E_5327647.flac,0
/data/DATASETS/ASV_Spoof_2019_LA/ASVspoof2019_LA_dev/flac/LA_D_2756724.flac,0
/data/DATASETS/ASV_Spoof_2019_LA/ASVspoof2019_LA_train/flac/LA_T_1433631.flac,0
/data/DATASETS/ASV_Spoof_2019_LA/ASVspoof2019_LA_dev/flac/LA_D_2817557.flac,0
/data/DATASETS/ASV_Spoof_2019_LA/ASVspoof2019_LA_dev/flac/LA_D_3860312.flac,0
/data/DATASETS/ASV_Spoof_2019_LA/ASVspoof2019_LA_eval/flac/LA_E_9751440.flac,0
/data/DATASETS/ASV_Spoof_2019_LA/ASVspoof2019_LA_dev/flac/LA_D_6529379.flac,0
/data/DATASETS/ASV_Spoof_2019_LA/ASVspoof2019_LA_eval/flac/LA_E_5163080.flac,0
/data/DATASETS/ASV_Spoof_2019_LA/ASVspoof2019_LA_eval/flac/LA_E_9657351.flac,0
/data/DATASETS/ASV_Spoof_2019_LA/ASVspoof2019_LA_eval/flac/LA_E_4311043.flac,0
/data/DATASETS/ASV_Spoof_2019_LA/ASVspoof2019_LA_eval/flac/LA_E_8984337.flac,0
/data/DATASETS/ASV_Spoof_2019_LA/ASVspoof2019_LA_train/flac/LA_T_8690927.flac,0
/data/DATASETS/ASV_Spoof_2019_LA/ASVspoof2019_LA_eval/flac/LA_E_4696956.flac,0
/data/DATASETS/ASV_Spoof_2019_LA/ASVspoof2019_LA_eval/flac/LA_E_6197165.flac,0
/data/DATASETS/ASV_Spoof_2019_LA/ASVspoof2019_LA_eval/flac/LA_E_1952883.flac,0
/data/DATASETS/ASV_Spoof_2019_LA/ASVspoof2019_LA_eval/flac/LA_E_5509548.flac,0
/data/DATASETS/ASV_Spoof_2019_LA/ASVspoof2019_LA_dev/flac/LA_D_8713325.flac,0
/data/DATASETS/ASV_Spoof_2019_LA/ASVspoof2019_LA_train/flac/LA_T_6910683.flac,0
/data/DATASETS/ASV_Spoof_2019_LA/ASVspoof2019_LA_train/flac/LA_T_8971567.flac,0
/data/DATASETS/ASV_Spoof_2019_LA/ASVspoof2019_LA_eval/flac/LA_E_6341234.flac,0
/data/DATASETS/ASV_Spoof_2019_LA/ASVspoof2019_LA_train/flac/LA_T_6457872.flac,0
/data/DATASETS/ASV_Spoof_2019_LA/ASVspoof2019_LA_eval/flac/LA_E_2494455.flac,0
/data/DATASETS/ASV_Spoof_2019_LA/ASVspoof2019_LA_dev/flac/LA_D_8163259.flac,0
/data/DATASETS/ASV_Spoof_2019_LA/ASVspoof2019_LA_eval/flac/LA_E_3574082.flac,0
/data/DATASETS/ASV_Spoof_2019_LA/ASVspoof2019_LA_eval/flac/LA_E_3185389.flac,0
/data/DATASETS/ASV_Spoof_2019_LA/ASVspoof2019_LA_eval/flac/LA_E_5663769.flac,0
/data/DATASETS/ASV_Spoof_2019_LA/ASVspoof2019_LA_eval/flac/LA_E_1772316.flac,0
/data/DATASETS/ASV_Spoof_2019_LA/ASVspoof2019_LA_eval/flac/LA_E_6508043.flac,0
/data/DATASETS/ASV_Spoof_2019_LA/ASVspoof2019_LA_dev/flac/LA_D_1721527.flac,0
/data/DATASETS/ASV_Spoof_2019_LA/ASVspoof2019_LA_eval/flac/LA_E_1486424.flac,0
/data/DATASETS/ASV_Spoof_2019_LA/ASVspoof2019_LA_train/flac/LA_T_4635542.flac,0
/data/DATASETS/ASV_Spoof_2019_LA/ASVspoof2019_LA_eval/flac/LA_E_4705701.flac,0
/data/DATASETS/ASV_Spoof_2019_LA/ASVspoof2019_LA_train/flac/LA_T_2281446.flac,0
/data/DATASETS/ASV_Spoof_2019_LA/ASVspoof2019_LA_train/flac/LA_T_6663907.flac,0
/data/DATASETS/ASV_Spoof_2019_LA/ASVspoof2019_LA_dev/flac/LA_D_3717777.flac,0
/data/DATASETS/ASV_Spoof_2019_LA/ASVspoof2019_LA_train/flac/LA_T_4369129.flac,0
/data/DATASETS/ASV_Spoof_2019_LA/ASVspoof2019_LA_eval/flac/LA_E_4749618.flac,0
/data/DATASETS/ASV_Spoof_2019_LA/ASVspoof2019_LA_eval/flac/LA_E_1162721.flac,0
/data/DATASETS/ASV_Spoof_2019_LA/ASVspoof2019_LA_eval/flac/LA_E_8168714.flac,0
/data/DATASETS/ASV_Spoof_2019_LA/ASVspoof2019_LA_eval/flac/LA_E_8656179.flac,0
/data/DATASETS/ASV_Spoof_2019_LA/ASVspoof2019_LA_dev/flac/LA_D_9417900.flac,0
/data/DATASETS/ASV_Spoof_2019_LA/ASVspoof2019_LA_eval/flac/LA_E_9034056.flac,0
/data/DATASETS/ASV_Spoof_2019_LA/ASVspoof2019_LA_eval/flac/LA_E_2721127.flac,0
/data/DATASETS/ASV_Spoof_2019_LA/ASVspoof2019_LA_dev/flac/LA_D_1911275.flac,0
/data/DATASETS/ASV_Spoof_2019_LA/ASVspoof2019_LA_train/flac/LA_T_2009235.flac,0
/data/DATASETS/ASV_Spoof_2019_LA/ASVspoof2019_LA_dev/flac/LA_D_9758147.flac,0
/data/DATASETS/ASV_Spoof_2019_LA/ASVspoof2019_LA_train/flac/LA_T_9331433.flac,0
/data/DATASETS/ASV_Spoof_2019_LA/ASVspoof2019_LA_eval/flac/LA_E_7314361.flac,0
/data/DATASETS/ASV_Spoof_2019_LA/ASVspoof2019_LA_eval/flac/LA_E_3867621.flac,0
/data/DATASETS/ASV_Spoof_2019_LA/ASVspoof2019_LA_dev/flac/LA_D_9543794.flac,0
/data/DATASETS/ASV_Spoof_2019_LA/ASVspoof2019_LA_eval/flac/LA_E_3899988.flac,0
/data/DATASETS/ASV_Spoof_2019_LA/ASVspoof2019_LA_dev/flac/LA_D_7219426.flac,0
/data/DATASETS/ASV_Spoof_2019_LA/ASVspoof2019_LA_dev/flac/LA_D_8880302.flac,0
/data/DATASETS/ASV_Spoof_2019_LA/ASVspoof2019_LA_dev/flac/LA_D_4239074.flac,0
/data/DATASETS/ASV_Spoof_2019_LA/ASVspoof2019_LA_train/flac/LA_T_4513430.flac,0
/data/DATASETS/ASV_Spoof_2019_LA/ASVspoof2019_LA_train/flac/LA_T_1562164.flac,0
/data/DATASETS/ASV_Spoof_2019_LA/ASVspoof2019_LA_eval/flac/LA_E_1901872.flac,0
/data/DATASETS/ASV_Spoof_2019_LA/ASVspoof2019_LA_eval/flac/LA_E_9315044.flac,0
/data/DATASETS/ASV_Spoof_2019_LA/ASVspoof2019_LA_eval/flac/LA_E_9763902.flac,0
/data/DATASETS/ASV_Spoof_2019_LA/ASVspoof2019_LA_dev/flac/LA_D_9240035.flac,0
/data/DATASETS/ASV_Spoof_2019_LA/ASVspoof2019_LA_train/flac/LA_T_2167549.flac,0
/data/DATASETS/ASV_Spoof_2019_LA/ASVspoof2019_LA_eval/flac/LA_E_9352847.flac,0
/data/DATASETS/ASV_Spoof_2019_LA/ASVspoof2019_LA_dev/flac/LA_D_4166644.flac,0
/data/DATASETS/ASV_Spoof_2019_LA/ASVspoof2019_LA_eval/flac/LA_E_7861904.flac,0
/data/DATASETS/ASV_Spoof_2019_LA/ASVspoof2019_LA_eval/flac/LA_E_9947128.flac,0
/data/DATASETS/ASV_Spoof_2019_LA/ASVspoof2019_LA_eval/flac/LA_E_8519138.flac,0
/data/DATASETS/ASV_Spoof_2019_LA/ASVspoof2019_LA_dev/flac/LA_D_1072893.flac,0
/data/DATASETS/ASV_Spoof_2019_LA/ASVspoof2019_LA_eval/flac/LA_E_6796316.flac,0
/data/DATASETS/ASV_Spoof_2019_LA/ASVspoof2019_LA_dev/flac/LA_D_1689082.flac,0
/data/DATASETS/ASV_Spoof_2019_LA/ASVspoof2019_LA_eval/flac/LA_E_5063578.flac,0
/data/DATASETS/ASV_Spoof_2019_LA/ASVspoof2019_LA_train/flac/LA_T_6049368.flac,0
/data/DATASETS/ASV_Spoof_2019_LA/ASVspoof2019_LA_eval/flac/LA_E_4493099.flac,0
/data/DATASETS/ASV_Spoof_2019_LA/ASVspoof2019_LA_eval/flac/LA_E_1161649.flac,0
/data/DATASETS/ASV_Spoof_2019_LA/ASVspoof2019_LA_dev/flac/LA_D_3983406.flac,0
/data/DATASETS/ASV_Spoof_2019_LA/ASVspoof2019_LA_dev/flac/LA_D_9508570.flac,0
/data/DATASETS/ASV_Spoof_2019_LA/ASVspoof2019_LA_eval/flac/LA_E_1978797.flac,0
/data/DATASETS/ASV_Spoof_2019_LA/ASVspoof2019_LA_eval/flac/LA_E_6948364.flac,0
/data/DATASETS/ASV_Spoof_2019_LA/ASVspoof2019_LA_eval/flac/LA_E_1774628.flac,0
/data/DATASETS/ASV_Spoof_2019_LA/ASVspoof2019_LA_eval/flac/LA_E_5361943.flac,0
/data/DATASETS/ASV_Spoof_2019_LA/ASVspoof2019_LA_dev/flac/LA_D_2852000.flac,0
/data/DATASETS/ASV_Spoof_2019_LA/ASVspoof2019_LA_train/flac/LA_T_8083939.flac,0
/data/DATASETS/ASV_Spoof_2019_LA/ASVspoof2019_LA_dev/flac/LA_D_1592094.flac,0
/data/DATASETS/ASV_Spoof_2019_LA/ASVspoof2019_LA_eval/flac/LA_E_8863893.flac,0
/data/DATASETS/ASV_Spoof_2019_LA/ASVspoof2019_LA_eval/flac/LA_E_9434072.flac,0
/data/DATASETS/ASV_Spoof_2019_LA/ASVspoof2019_LA_dev/flac/LA_D_6458498.flac,0
/data/DATASETS/ASV_Spoof_2019_LA/ASVspoof2019_LA_eval/flac/LA_E_2369371.flac,0
/data/DATASETS/ASV_Spoof_2019_LA/ASVspoof2019_LA_train/flac/LA_T_4943154.flac,0
/data/DATASETS/ASV_Spoof_2019_LA/ASVspoof2019_LA_eval/flac/LA_E_7603920.flac,0
/data/DATASETS/ASV_Spoof_2019_LA/ASVspoof2019_LA_train/flac/LA_T_9208716.flac,0
/data/DATASETS/ASV_Spoof_2019_LA/ASVspoof2019_LA_eval/flac/LA_E_3016055.flac,0
/data/DATASETS/ASV_Spoof_2019_LA/ASVspoof2019_LA_dev/flac/LA_D_1575443.flac,0
/data/DATASETS/ASV_Spoof_2019_LA/ASVspoof2019_LA_eval/flac/LA_E_6966715.flac,0
/data/DATASETS/ASV_Spoof_2019_LA/ASVspoof2019_LA_eval/flac/LA_E_5989469.flac,0
/data/DATASETS/ASV_Spoof_2019_LA/ASVspoof2019_LA_train/flac/LA_T_8512706.flac,0
/data/DATASETS/ASV_Spoof_2019_LA/ASVspoof2019_LA_train/flac/LA_T_4630790.flac,0
/data/DATASETS/ASV_Spoof_2019_LA/ASVspoof2019_LA_eval/flac/LA_E_2676217.flac,0
/data/DATASETS/ASV_Spoof_2019_LA/ASVspoof2019_LA_eval/flac/LA_E_3936342.flac,0
/data/DATASETS/ASV_Spoof_2019_LA/ASVspoof2019_LA_eval/flac/LA_E_3812186.flac,0
/data/DATASETS/ASV_Spoof_2019_LA/ASVspoof2019_LA_train/flac/LA_T_2397067.flac,0
/data/DATASETS/ASV_Spoof_2019_LA/ASVspoof2019_LA_train/flac/LA_T_1940419.flac,0
/data/DATASETS/ASV_Spoof_2019_LA/ASVspoof2019_LA_eval/flac/LA_E_6153161.flac,0
/data/DATASETS/ASV_Spoof_2019_LA/ASVspoof2019_LA_eval/flac/LA_E_9205069.flac,0
/data/DATASETS/ASV_Spoof_2019_LA/ASVspoof2019_LA_eval/flac/LA_E_3246059.flac,0
/data/DATASETS/ASV_Spoof_2019_LA/ASVspoof2019_LA_eval/flac/LA_E_6642570.flac,0
/data/DATASETS/ASV_Spoof_2019_LA/ASVspoof2019_LA_dev/flac/LA_D_7400680.flac,0
/data/DATASETS/ASV_Spoof_2019_LA/ASVspoof2019_LA_dev/flac/LA_D_5039802.flac,0
/data/DATASETS/ASV_Spoof_2019_LA/ASVspoof2019_LA_eval/flac/LA_E_3725702.flac,0
/data/DATASETS/ASV_Spoof_2019_LA/ASVspoof2019_LA_eval/flac/LA_E_8351164.flac,0
/data/DATASETS/ASV_Spoof_2019_LA/ASVspoof2019_LA_eval/flac/LA_E_9724007.flac,0
/data/DATASETS/ASV_Spoof_2019_LA/ASVspoof2019_LA_eval/flac/LA_E_4931165.flac,0
/data/DATASETS/ASV_Spoof_2019_LA/ASVspoof2019_LA_dev/flac/LA_D_4674650.flac,0
/data/DATASETS/ASV_Spoof_2019_LA/ASVspoof2019_LA_eval/flac/LA_E_4152575.flac,0
/data/DATASETS/ASV_Spoof_2019_LA/ASVspoof2019_LA_eval/flac/LA_E_8826663.flac,0
/data/DATASETS/ASV_Spoof_2019_LA/ASVspoof2019_LA_eval/flac/LA_E_5504343.flac,0
/data/DATASETS/ASV_Spoof_2019_LA/ASVspoof2019_LA_eval/flac/LA_E_1942975.flac,0
/data/DATASETS/ASV_Spoof_2019_LA/ASVspoof2019_LA_eval/flac/LA_E_4754694.flac,0
/data/DATASETS/ASV_Spoof_2019_LA/ASVspoof2019_LA_dev/flac/LA_D_1997529.flac,0
/data/DATASETS/ASV_Spoof_2019_LA/ASVspoof2019_LA_eval/flac/LA_E_8250608.flac,0
/data/DATASETS/ASV_Spoof_2019_LA/ASVspoof2019_LA_train/flac/LA_T_9203438.flac,0
/data/DATASETS/ASV_Spoof_2019_LA/ASVspoof2019_LA_eval/flac/LA_E_5385220.flac,0
/data/DATASETS/ASV_Spoof_2019_LA/ASVspoof2019_LA_dev/flac/LA_D_5498186.flac,0
/data/DATASETS/ASV_Spoof_2019_LA/ASVspoof2019_LA_dev/flac/LA_D_4513531.flac,0
/data/DATASETS/ASV_Spoof_2019_LA/ASVspoof2019_LA_eval/flac/LA_E_3974977.flac,0
/data/DATASETS/ASV_Spoof_2019_LA/ASVspoof2019_LA_dev/flac/LA_D_8736165.flac,0
/data/DATASETS/ASV_Spoof_2019_LA/ASVspoof2019_LA_eval/flac/LA_E_3698865.flac,0
/data/DATASETS/ASV_Spoof_2019_LA/ASVspoof2019_LA_eval/flac/LA_E_2866708.flac,0
/data/DATASETS/ASV_Spoof_2019_LA/ASVspoof2019_LA_eval/flac/LA_E_5953449.flac,0
/data/DATASETS/ASV_Spoof_2019_LA/ASVspoof2019_LA_eval/flac/LA_E_4064107.flac,0
/data/DATASETS/ASV_Spoof_2019_LA/ASVspoof2019_LA_eval/flac/LA_E_3877702.flac,0
/data/DATASETS/ASV_Spoof_2019_LA/ASVspoof2019_LA_dev/flac/LA_D_5495040.flac,0
/data/DATASETS/ASV_Spoof_2019_LA/ASVspoof2019_LA_train/flac/LA_T_8387777.flac,0
/data/DATASETS/ASV_Spoof_2019_LA/ASVspoof2019_LA_eval/flac/LA_E_2790922.flac,0
/data/DATASETS/ASV_Spoof_2019_LA/ASVspoof2019_LA_train/flac/LA_T_2147641.flac,0
/data/DATASETS/ASV_Spoof_2019_LA/ASVspoof2019_LA_eval/flac/LA_E_5813102.flac,0
/data/DATASETS/ASV_Spoof_2019_LA/ASVspoof2019_LA_dev/flac/LA_D_8826808.flac,0
/data/DATASETS/ASV_Spoof_2019_LA/ASVspoof2019_LA_eval/flac/LA_E_9904242.flac,0
/data/DATASETS/ASV_Spoof_2019_LA/ASVspoof2019_LA_dev/flac/LA_D_5957210.flac,0
/data/DATASETS/ASV_Spoof_2019_LA/ASVspoof2019_LA_train/flac/LA_T_3219776.flac,0
/data/DATASETS/ASV_Spoof_2019_LA/ASVspoof2019_LA_train/flac/LA_T_9189420.flac,0
/data/DATASETS/ASV_Spoof_2019_LA/ASVspoof2019_LA_eval/flac/LA_E_7483361.flac,0
/data/DATASETS/ASV_Spoof_2019_LA/ASVspoof2019_LA_train/flac/LA_T_7608685.flac,0
/data/DATASETS/ASV_Spoof_2019_LA/ASVspoof2019_LA_eval/flac/LA_E_2441084.flac,0
/data/DATASETS/ASV_Spoof_2019_LA/ASVspoof2019_LA_train/flac/LA_T_9805478.flac,0
/data/DATASETS/ASV_Spoof_2019_LA/ASVspoof2019_LA_train/flac/LA_T_5037374.flac,0
/data/DATASETS/ASV_Spoof_2019_LA/ASVspoof2019_LA_eval/flac/LA_E_2655242.flac,0
/data/DATASETS/ASV_Spoof_2019_LA/ASVspoof2019_LA_train/flac/LA_T_5375232.flac,0
/data/DATASETS/ASV_Spoof_2019_LA/ASVspoof2019_LA_eval/flac/LA_E_6738492.flac,0
/data/DATASETS/ASV_Spoof_2019_LA/ASVspoof2019_LA_dev/flac/LA_D_9027095.flac,0
/data/DATASETS/ASV_Spoof_2019_LA/ASVspoof2019_LA_eval/flac/LA_E_8940986.flac,0
/data/DATASETS/ASV_Spoof_2019_LA/ASVspoof2019_LA_eval/flac/LA_E_5423246.flac,0
/data/DATASETS/ASV_Spoof_2019_LA/ASVspoof2019_LA_eval/flac/LA_E_6143803.flac,0
/data/DATASETS/ASV_Spoof_2019_LA/ASVspoof2019_LA_eval/flac/LA_E_5948118.flac,0
/data/DATASETS/ASV_Spoof_2019_LA/ASVspoof2019_LA_eval/flac/LA_E_3730663.flac,0
/data/DATASETS/ASV_Spoof_2019_LA/ASVspoof2019_LA_eval/flac/LA_E_1645649.flac,0
/data/DATASETS/ASV_Spoof_2019_LA/ASVspoof2019_LA_train/flac/LA_T_9735807.flac,0
/data/DATASETS/ASV_Spoof_2019_LA/ASVspoof2019_LA_eval/flac/LA_E_4679978.flac,0
/data/DATASETS/ASV_Spoof_2019_LA/ASVspoof2019_LA_eval/flac/LA_E_6324510.flac,0
/data/DATASETS/ASV_Spoof_2019_LA/ASVspoof2019_LA_eval/flac/LA_E_7908955.flac,0
/data/DATASETS/ASV_Spoof_2019_LA/ASVspoof2019_LA_eval/flac/LA_E_5873516.flac,0
/data/DATASETS/ASV_Spoof_2019_LA/ASVspoof2019_LA_eval/flac/LA_E_8118874.flac,0
/data/DATASETS/ASV_Spoof_2019_LA/ASVspoof2019_LA_eval/flac/LA_E_5091054.flac,0
/data/DATASETS/ASV_Spoof_2019_LA/ASVspoof2019_LA_dev/flac/LA_D_1805739.flac,0
/data/DATASETS/ASV_Spoof_2019_LA/ASVspoof2019_LA_dev/flac/LA_D_5045373.flac,0
/data/DATASETS/ASV_Spoof_2019_LA/ASVspoof2019_LA_dev/flac/LA_D_1273183.flac,0
/data/DATASETS/ASV_Spoof_2019_LA/ASVspoof2019_LA_eval/flac/LA_E_4775445.flac,0
/data/DATASETS/ASV_Spoof_2019_LA/ASVspoof2019_LA_eval/flac/LA_E_5528316.flac,0
/data/DATASETS/ASV_Spoof_2019_LA/ASVspoof2019_LA_eval/flac/LA_E_6455488.flac,0
/data/DATASETS/ASV_Spoof_2019_LA/ASVspoof2019_LA_eval/flac/LA_E_5898629.flac,0
/data/DATASETS/ASV_Spoof_2019_LA/ASVspoof2019_LA_eval/flac/LA_E_8088555.flac,0
/data/DATASETS/ASV_Spoof_2019_LA/ASVspoof2019_LA_eval/flac/LA_E_5292927.flac,0
/data/DATASETS/ASV_Spoof_2019_LA/ASVspoof2019_LA_eval/flac/LA_E_8699896.flac,0
/data/DATASETS/ASV_Spoof_2019_LA/ASVspoof2019_LA_eval/flac/LA_E_7658022.flac,0
/data/DATASETS/ASV_Spoof_2019_LA/ASVspoof2019_LA_train/flac/LA_T_7855509.flac,0
/data/DATASETS/ASV_Spoof_2019_LA/ASVspoof2019_LA_dev/flac/LA_D_1238696.flac,0
/data/DATASETS/ASV_Spoof_2019_LA/ASVspoof2019_LA_eval/flac/LA_E_1523532.flac,0
/data/DATASETS/ASV_Spoof_2019_LA/ASVspoof2019_LA_dev/flac/LA_D_4813520.flac,0
/data/DATASETS/ASV_Spoof_2019_LA/ASVspoof2019_LA_eval/flac/LA_E_8996299.flac,0
/data/DATASETS/ASV_Spoof_2019_LA/ASVspoof2019_LA_train/flac/LA_T_6287491.flac,0
/data/DATASETS/ASV_Spoof_2019_LA/ASVspoof2019_LA_eval/flac/LA_E_8867461.flac,0
/data/DATASETS/ASV_Spoof_2019_LA/ASVspoof2019_LA_train/flac/LA_T_9587510.flac,0
/data/DATASETS/ASV_Spoof_2019_LA/ASVspoof2019_LA_dev/flac/LA_D_7339633.flac,0
/data/DATASETS/ASV_Spoof_2019_LA/ASVspoof2019_LA_eval/flac/LA_E_7147292.flac,0
/data/DATASETS/ASV_Spoof_2019_LA/ASVspoof2019_LA_eval/flac/LA_E_5906048.flac,0
/data/DATASETS/ASV_Spoof_2019_LA/ASVspoof2019_LA_eval/flac/LA_E_7229725.flac,0
/data/DATASETS/ASV_Spoof_2019_LA/ASVspoof2019_LA_dev/flac/LA_D_1327255.flac,0
/data/DATASETS/ASV_Spoof_2019_LA/ASVspoof2019_LA_dev/flac/LA_D_1105538.flac,0
/data/DATASETS/ASV_Spoof_2019_LA/ASVspoof2019_LA_eval/flac/LA_E_1460659.flac,0
/data/DATASETS/ASV_Spoof_2019_LA/ASVspoof2019_LA_dev/flac/LA_D_9700666.flac,0
/data/DATASETS/ASV_Spoof_2019_LA/ASVspoof2019_LA_train/flac/LA_T_9984182.flac,0
/data/DATASETS/ASV_Spoof_2019_LA/ASVspoof2019_LA_eval/flac/LA_E_6576463.flac,0
/data/DATASETS/ASV_Spoof_2019_LA/ASVspoof2019_LA_eval/flac/LA_E_7166108.flac,0
/data/DATASETS/ASV_Spoof_2019_LA/ASVspoof2019_LA_eval/flac/LA_E_2954058.flac,0
/data/DATASETS/ASV_Spoof_2019_LA/ASVspoof2019_LA_eval/flac/LA_E_4482694.flac,0
/data/DATASETS/ASV_Spoof_2019_LA/ASVspoof2019_LA_eval/flac/LA_E_1922698.flac,0
/data/DATASETS/ASV_Spoof_2019_LA/ASVspoof2019_LA_eval/flac/LA_E_6264297.flac,0
/data/DATASETS/ASV_Spoof_2019_LA/ASVspoof2019_LA_eval/flac/LA_E_2966304.flac,0
/data/DATASETS/ASV_Spoof_2019_LA/ASVspoof2019_LA_dev/flac/LA_D_4926366.flac,0
/data/DATASETS/ASV_Spoof_2019_LA/ASVspoof2019_LA_eval/flac/LA_E_9565294.flac,0
/data/DATASETS/ASV_Spoof_2019_LA/ASVspoof2019_LA_train/flac/LA_T_4819902.flac,0
/data/DATASETS/ASV_Spoof_2019_LA/ASVspoof2019_LA_train/flac/LA_T_5554253.flac,0
/data/DATASETS/ASV_Spoof_2019_LA/ASVspoof2019_LA_dev/flac/LA_D_2133778.flac,0
/data/DATASETS/ASV_Spoof_2019_LA/ASVspoof2019_LA_dev/flac/LA_D_5185995.flac,0
/data/DATASETS/ASV_Spoof_2019_LA/ASVspoof2019_LA_eval/flac/LA_E_4915224.flac,0
/data/DATASETS/ASV_Spoof_2019_LA/ASVspoof2019_LA_dev/flac/LA_D_3245414.flac,0
/data/DATASETS/ASV_Spoof_2019_LA/ASVspoof2019_LA_eval/flac/LA_E_2012779.flac,0
/data/DATASETS/ASV_Spoof_2019_LA/ASVspoof2019_LA_eval/flac/LA_E_2707935.flac,0
/data/DATASETS/ASV_Spoof_2019_LA/ASVspoof2019_LA_eval/flac/LA_E_1819968.flac,0
/data/DATASETS/ASV_Spoof_2019_LA/ASVspoof2019_LA_dev/flac/LA_D_7763180.flac,0
/data/DATASETS/ASV_Spoof_2019_LA/ASVspoof2019_LA_eval/flac/LA_E_3423614.flac,0
/data/DATASETS/ASV_Spoof_2019_LA/ASVspoof2019_LA_dev/flac/LA_D_6435582.flac,0
/data/DATASETS/ASV_Spoof_2019_LA/ASVspoof2019_LA_eval/flac/LA_E_8376047.flac,0
/data/DATASETS/ASV_Spoof_2019_LA/ASVspoof2019_LA_eval/flac/LA_E_3293534.flac,0
/data/DATASETS/ASV_Spoof_2019_LA/ASVspoof2019_LA_train/flac/LA_T_6822625.flac,0
/data/DATASETS/ASV_Spoof_2019_LA/ASVspoof2019_LA_eval/flac/LA_E_8255118.flac,0
/data/DATASETS/ASV_Spoof_2019_LA/ASVspoof2019_LA_eval/flac/LA_E_9358075.flac,0
/data/DATASETS/ASV_Spoof_2019_LA/ASVspoof2019_LA_dev/flac/LA_D_1975696.flac,0
/data/DATASETS/ASV_Spoof_2019_LA/ASVspoof2019_LA_eval/flac/LA_E_2651841.flac,0
/data/DATASETS/ASV_Spoof_2019_LA/ASVspoof2019_LA_dev/flac/LA_D_3100616.flac,0
/data/DATASETS/ASV_Spoof_2019_LA/ASVspoof2019_LA_train/flac/LA_T_6960204.flac,0
/data/DATASETS/ASV_Spoof_2019_LA/ASVspoof2019_LA_eval/flac/LA_E_6925972.flac,0
/data/DATASETS/ASV_Spoof_2019_LA/ASVspoof2019_LA_dev/flac/LA_D_4876634.flac,0
/data/DATASETS/ASV_Spoof_2019_LA/ASVspoof2019_LA_train/flac/LA_T_3505871.flac,0
/data/DATASETS/ASV_Spoof_2019_LA/ASVspoof2019_LA_eval/flac/LA_E_9717258.flac,0
/data/DATASETS/ASV_Spoof_2019_LA/ASVspoof2019_LA_eval/flac/LA_E_1330273.flac,0
/data/DATASETS/ASV_Spoof_2019_LA/ASVspoof2019_LA_train/flac/LA_T_3508808.flac,0
/data/DATASETS/ASV_Spoof_2019_LA/ASVspoof2019_LA_eval/flac/LA_E_4364470.flac,0
/data/DATASETS/ASV_Spoof_2019_LA/ASVspoof2019_LA_eval/flac/LA_E_3469732.flac,0
/data/DATASETS/ASV_Spoof_2019_LA/ASVspoof2019_LA_eval/flac/LA_E_6007268.flac,0
/data/DATASETS/ASV_Spoof_2019_LA/ASVspoof2019_LA_train/flac/LA_T_9670904.flac,0
/data/DATASETS/ASV_Spoof_2019_LA/ASVspoof2019_LA_eval/flac/LA_E_3849093.flac,0
/data/DATASETS/ASV_Spoof_2019_LA/ASVspoof2019_LA_eval/flac/LA_E_4054306.flac,0
/data/DATASETS/ASV_Spoof_2019_LA/ASVspoof2019_LA_eval/flac/LA_E_6606861.flac,0
/data/DATASETS/ASV_Spoof_2019_LA/ASVspoof2019_LA_eval/flac/LA_E_7544127.flac,0
/data/DATASETS/ASV_Spoof_2019_LA/ASVspoof2019_LA_eval/flac/LA_E_8052268.flac,0
/data/DATASETS/ASV_Spoof_2019_LA/ASVspoof2019_LA_eval/flac/LA_E_9590110.flac,0
/data/DATASETS/ASV_Spoof_2019_LA/ASVspoof2019_LA_eval/flac/LA_E_6308962.flac,0
/data/DATASETS/ASV_Spoof_2019_LA/ASVspoof2019_LA_dev/flac/LA_D_4014487.flac,0
/data/DATASETS/ASV_Spoof_2019_LA/ASVspoof2019_LA_train/flac/LA_T_3383878.flac,0
/data/DATASETS/ASV_Spoof_2019_LA/ASVspoof2019_LA_eval/flac/LA_E_1476523.flac,0
/data/DATASETS/ASV_Spoof_2019_LA/ASVspoof2019_LA_eval/flac/LA_E_3982137.flac,0
/data/DATASETS/ASV_Spoof_2019_LA/ASVspoof2019_LA_dev/flac/LA_D_5547400.flac,0
/data/DATASETS/ASV_Spoof_2019_LA/ASVspoof2019_LA_eval/flac/LA_E_1601873.flac,0
/data/DATASETS/ASV_Spoof_2019_LA/ASVspoof2019_LA_eval/flac/LA_E_5513762.flac,0
/data/DATASETS/ASV_Spoof_2019_LA/ASVspoof2019_LA_train/flac/LA_T_3422948.flac,0
/data/DATASETS/ASV_Spoof_2019_LA/ASVspoof2019_LA_train/flac/LA_T_7744923.flac,0
/data/DATASETS/ASV_Spoof_2019_LA/ASVspoof2019_LA_train/flac/LA_T_9713701.flac,0
/data/DATASETS/ASV_Spoof_2019_LA/ASVspoof2019_LA_train/flac/LA_T_7532043.flac,0
/data/DATASETS/ASV_Spoof_2019_LA/ASVspoof2019_LA_train/flac/LA_T_1716742.flac,0
/data/DATASETS/ASV_Spoof_2019_LA/ASVspoof2019_LA_eval/flac/LA_E_9474907.flac,0
/data/DATASETS/ASV_Spoof_2019_LA/ASVspoof2019_LA_dev/flac/LA_D_6549233.flac,0
/data/DATASETS/ASV_Spoof_2019_LA/ASVspoof2019_LA_eval/flac/LA_E_5179978.flac,0
/data/DATASETS/ASV_Spoof_2019_LA/ASVspoof2019_LA_eval/flac/LA_E_7602365.flac,0
/data/DATASETS/ASV_Spoof_2019_LA/ASVspoof2019_LA_train/flac/LA_T_8180259.flac,0
/data/DATASETS/ASV_Spoof_2019_LA/ASVspoof2019_LA_eval/flac/LA_E_7876927.flac,0
/data/DATASETS/ASV_Spoof_2019_LA/ASVspoof2019_LA_train/flac/LA_T_1756992.flac,0
/data/DATASETS/ASV_Spoof_2019_LA/ASVspoof2019_LA_dev/flac/LA_D_3075867.flac,0
/data/DATASETS/ASV_Spoof_2019_LA/ASVspoof2019_LA_eval/flac/LA_E_5180963.flac,0
/data/DATASETS/ASV_Spoof_2019_LA/ASVspoof2019_LA_eval/flac/LA_E_8223877.flac,0
/data/DATASETS/ASV_Spoof_2019_LA/ASVspoof2019_LA_eval/flac/LA_E_6924824.flac,0
/data/DATASETS/ASV_Spoof_2019_LA/ASVspoof2019_LA_train/flac/LA_T_9126862.flac,0
/data/DATASETS/ASV_Spoof_2019_LA/ASVspoof2019_LA_eval/flac/LA_E_6327607.flac,0
/data/DATASETS/ASV_Spoof_2019_LA/ASVspoof2019_LA_train/flac/LA_T_2030494.flac,0
/data/DATASETS/ASV_Spoof_2019_LA/ASVspoof2019_LA_eval/flac/LA_E_8433980.flac,0
/data/DATASETS/ASV_Spoof_2019_LA/ASVspoof2019_LA_dev/flac/LA_D_9498667.flac,0
/data/DATASETS/ASV_Spoof_2019_LA/ASVspoof2019_LA_eval/flac/LA_E_2368594.flac,0
/data/DATASETS/ASV_Spoof_2019_LA/ASVspoof2019_LA_train/flac/LA_T_7024437.flac,0
/data/DATASETS/ASV_Spoof_2019_LA/ASVspoof2019_LA_eval/flac/LA_E_2787599.flac,0
/data/DATASETS/ASV_Spoof_2019_LA/ASVspoof2019_LA_dev/flac/LA_D_8450008.flac,0
/data/DATASETS/ASV_Spoof_2019_LA/ASVspoof2019_LA_eval/flac/LA_E_6308759.flac,0
/data/DATASETS/ASV_Spoof_2019_LA/ASVspoof2019_LA_dev/flac/LA_D_7590299.flac,0
/data/DATASETS/ASV_Spoof_2019_LA/ASVspoof2019_LA_train/flac/LA_T_9693011.flac,0
/data/DATASETS/ASV_Spoof_2019_LA/ASVspoof2019_LA_eval/flac/LA_E_5171892.flac,0
/data/DATASETS/ASV_Spoof_2019_LA/ASVspoof2019_LA_dev/flac/LA_D_6311046.flac,0
/data/DATASETS/ASV_Spoof_2019_LA/ASVspoof2019_LA_eval/flac/LA_E_6189634.flac,0
/data/DATASETS/ASV_Spoof_2019_LA/ASVspoof2019_LA_eval/flac/LA_E_1666539.flac,0
/data/DATASETS/ASV_Spoof_2019_LA/ASVspoof2019_LA_dev/flac/LA_D_9366582.flac,0
/data/DATASETS/ASV_Spoof_2019_LA/ASVspoof2019_LA_eval/flac/LA_E_8531173.flac,0
/data/DATASETS/ASV_Spoof_2019_LA/ASVspoof2019_LA_eval/flac/LA_E_4449377.flac,0
/data/DATASETS/ASV_Spoof_2019_LA/ASVspoof2019_LA_eval/flac/LA_E_7850213.flac,0
/data/DATASETS/ASV_Spoof_2019_LA/ASVspoof2019_LA_eval/flac/LA_E_4350065.flac,0
/data/DATASETS/ASV_Spoof_2019_LA/ASVspoof2019_LA_eval/flac/LA_E_8785597.flac,0
/data/DATASETS/ASV_Spoof_2019_LA/ASVspoof2019_LA_eval/flac/LA_E_8653724.flac,0
/data/DATASETS/ASV_Spoof_2019_LA/ASVspoof2019_LA_eval/flac/LA_E_7028606.flac,0
/data/DATASETS/ASV_Spoof_2019_LA/ASVspoof2019_LA_eval/flac/LA_E_1350734.flac,0
/data/DATASETS/ASV_Spoof_2019_LA/ASVspoof2019_LA_eval/flac/LA_E_7070503.flac,0
/data/DATASETS/ASV_Spoof_2019_LA/ASVspoof2019_LA_dev/flac/LA_D_3994693.flac,0
/data/DATASETS/ASV_Spoof_2019_LA/ASVspoof2019_LA_train/flac/LA_T_4565832.flac,0
/data/DATASETS/ASV_Spoof_2019_LA/ASVspoof2019_LA_dev/flac/LA_D_2946318.flac,0
/data/DATASETS/ASV_Spoof_2019_LA/ASVspoof2019_LA_train/flac/LA_T_2443046.flac,0
/data/DATASETS/ASV_Spoof_2019_LA/ASVspoof2019_LA_eval/flac/LA_E_8645219.flac,0
/data/DATASETS/ASV_Spoof_2019_LA/ASVspoof2019_LA_eval/flac/LA_E_5118367.flac,0
/data/DATASETS/ASV_Spoof_2019_LA/ASVspoof2019_LA_dev/flac/LA_D_9042964.flac,0
/data/DATASETS/ASV_Spoof_2019_LA/ASVspoof2019_LA_train/flac/LA_T_8833328.flac,0
/data/DATASETS/ASV_Spoof_2019_LA/ASVspoof2019_LA_eval/flac/LA_E_4366255.flac,0
/data/DATASETS/ASV_Spoof_2019_LA/ASVspoof2019_LA_eval/flac/LA_E_8169597.flac,0
/data/DATASETS/ASV_Spoof_2019_LA/ASVspoof2019_LA_eval/flac/LA_E_2975710.flac,0
/data/DATASETS/ASV_Spoof_2019_LA/ASVspoof2019_LA_eval/flac/LA_E_9506363.flac,0
/data/DATASETS/ASV_Spoof_2019_LA/ASVspoof2019_LA_eval/flac/LA_E_5573939.flac,0
/data/DATASETS/ASV_Spoof_2019_LA/ASVspoof2019_LA_dev/flac/LA_D_6089259.flac,0
/data/DATASETS/ASV_Spoof_2019_LA/ASVspoof2019_LA_train/flac/LA_T_7144134.flac,0
/data/DATASETS/ASV_Spoof_2019_LA/ASVspoof2019_LA_eval/flac/LA_E_7092577.flac,0
/data/DATASETS/ASV_Spoof_2019_LA/ASVspoof2019_LA_eval/flac/LA_E_1206474.flac,0
/data/DATASETS/ASV_Spoof_2019_LA/ASVspoof2019_LA_train/flac/LA_T_7123800.flac,0
/data/DATASETS/ASV_Spoof_2019_LA/ASVspoof2019_LA_train/flac/LA_T_8350634.flac,0
/data/DATASETS/ASV_Spoof_2019_LA/ASVspoof2019_LA_train/flac/LA_T_6627080.flac,0
/data/DATASETS/ASV_Spoof_2019_LA/ASVspoof2019_LA_eval/flac/LA_E_1073410.flac,0
/data/DATASETS/ASV_Spoof_2019_LA/ASVspoof2019_LA_eval/flac/LA_E_6217839.flac,0
/data/DATASETS/ASV_Spoof_2019_LA/ASVspoof2019_LA_eval/flac/LA_E_7043459.flac,0
/data/DATASETS/ASV_Spoof_2019_LA/ASVspoof2019_LA_dev/flac/LA_D_7391066.flac,0
/data/DATASETS/ASV_Spoof_2019_LA/ASVspoof2019_LA_eval/flac/LA_E_9379885.flac,0
/data/DATASETS/ASV_Spoof_2019_LA/ASVspoof2019_LA_eval/flac/LA_E_7852328.flac,0
/data/DATASETS/ASV_Spoof_2019_LA/ASVspoof2019_LA_eval/flac/LA_E_6509076.flac,0
/data/DATASETS/ASV_Spoof_2019_LA/ASVspoof2019_LA_eval/flac/LA_E_6655151.flac,0
/data/DATASETS/ASV_Spoof_2019_LA/ASVspoof2019_LA_train/flac/LA_T_3265392.flac,0
/data/DATASETS/ASV_Spoof_2019_LA/ASVspoof2019_LA_train/flac/LA_T_9838989.flac,0
/data/DATASETS/ASV_Spoof_2019_LA/ASVspoof2019_LA_eval/flac/LA_E_2593362.flac,0
/data/DATASETS/ASV_Spoof_2019_LA/ASVspoof2019_LA_eval/flac/LA_E_6136505.flac,0
/data/DATASETS/ASV_Spoof_2019_LA/ASVspoof2019_LA_eval/flac/LA_E_7225309.flac,0
/data/DATASETS/ASV_Spoof_2019_LA/ASVspoof2019_LA_dev/flac/LA_D_7057190.flac,0
/data/DATASETS/ASV_Spoof_2019_LA/ASVspoof2019_LA_eval/flac/LA_E_4767145.flac,0
/data/DATASETS/ASV_Spoof_2019_LA/ASVspoof2019_LA_dev/flac/LA_D_1710320.flac,0
/data/DATASETS/ASV_Spoof_2019_LA/ASVspoof2019_LA_train/flac/LA_T_2343426.flac,0
/data/DATASETS/ASV_Spoof_2019_LA/ASVspoof2019_LA_train/flac/LA_T_5696560.flac,0
/data/DATASETS/ASV_Spoof_2019_LA/ASVspoof2019_LA_train/flac/LA_T_9469062.flac,0
/data/DATASETS/ASV_Spoof_2019_LA/ASVspoof2019_LA_eval/flac/LA_E_9419854.flac,0
/data/DATASETS/ASV_Spoof_2019_LA/ASVspoof2019_LA_eval/flac/LA_E_5320135.flac,0
/data/DATASETS/ASV_Spoof_2019_LA/ASVspoof2019_LA_eval/flac/LA_E_5543314.flac,0
/data/DATASETS/ASV_Spoof_2019_LA/ASVspoof2019_LA_eval/flac/LA_E_1136672.flac,0
/data/DATASETS/ASV_Spoof_2019_LA/ASVspoof2019_LA_dev/flac/LA_D_1396983.flac,0
/data/DATASETS/ASV_Spoof_2019_LA/ASVspoof2019_LA_train/flac/LA_T_1970201.flac,0
/data/DATASETS/ASV_Spoof_2019_LA/ASVspoof2019_LA_eval/flac/LA_E_4162711.flac,0
/data/DATASETS/ASV_Spoof_2019_LA/ASVspoof2019_LA_eval/flac/LA_E_9530919.flac,0
/data/DATASETS/ASV_Spoof_2019_LA/ASVspoof2019_LA_eval/flac/LA_E_6954385.flac,0
/data/DATASETS/ASV_Spoof_2019_LA/ASVspoof2019_LA_dev/flac/LA_D_6150120.flac,0
/data/DATASETS/ASV_Spoof_2019_LA/ASVspoof2019_LA_train/flac/LA_T_8464594.flac,0
/data/DATASETS/ASV_Spoof_2019_LA/ASVspoof2019_LA_eval/flac/LA_E_7104294.flac,0
/data/DATASETS/ASV_Spoof_2019_LA/ASVspoof2019_LA_dev/flac/LA_D_6134933.flac,0
/data/DATASETS/ASV_Spoof_2019_LA/ASVspoof2019_LA_eval/flac/LA_E_3746674.flac,0
/data/DATASETS/ASV_Spoof_2019_LA/ASVspoof2019_LA_eval/flac/LA_E_1596239.flac,0
/data/DATASETS/ASV_Spoof_2019_LA/ASVspoof2019_LA_eval/flac/LA_E_7542451.flac,0
/data/DATASETS/ASV_Spoof_2019_LA/ASVspoof2019_LA_train/flac/LA_T_5724427.flac,0
/data/DATASETS/ASV_Spoof_2019_LA/ASVspoof2019_LA_eval/flac/LA_E_9912461.flac,0
/data/DATASETS/ASV_Spoof_2019_LA/ASVspoof2019_LA_eval/flac/LA_E_5256155.flac,0
/data/DATASETS/ASV_Spoof_2019_LA/ASVspoof2019_LA_eval/flac/LA_E_2072725.flac,0
/data/DATASETS/ASV_Spoof_2019_LA/ASVspoof2019_LA_train/flac/LA_T_1029184.flac,0
/data/DATASETS/ASV_Spoof_2019_LA/ASVspoof2019_LA_eval/flac/LA_E_7068059.flac,0
/data/DATASETS/ASV_Spoof_2019_LA/ASVspoof2019_LA_eval/flac/LA_E_6393034.flac,0
/data/DATASETS/ASV_Spoof_2019_LA/ASVspoof2019_LA_eval/flac/LA_E_3051649.flac,0
/data/DATASETS/ASV_Spoof_2019_LA/ASVspoof2019_LA_eval/flac/LA_E_5927944.flac,0
/data/DATASETS/ASV_Spoof_2019_LA/ASVspoof2019_LA_eval/flac/LA_E_4396883.flac,0
/data/DATASETS/ASV_Spoof_2019_LA/ASVspoof2019_LA_eval/flac/LA_E_4808907.flac,0
/data/DATASETS/ASV_Spoof_2019_LA/ASVspoof2019_LA_dev/flac/LA_D_1758018.flac,0
/data/DATASETS/ASV_Spoof_2019_LA/ASVspoof2019_LA_eval/flac/LA_E_9391307.flac,0
/data/DATASETS/ASV_Spoof_2019_LA/ASVspoof2019_LA_eval/flac/LA_E_5960307.flac,0
/data/DATASETS/ASV_Spoof_2019_LA/ASVspoof2019_LA_train/flac/LA_T_8665775.flac,0
/data/DATASETS/ASV_Spoof_2019_LA/ASVspoof2019_LA_eval/flac/LA_E_9009960.flac,0
/data/DATASETS/ASV_Spoof_2019_LA/ASVspoof2019_LA_train/flac/LA_T_8477522.flac,0
/data/DATASETS/ASV_Spoof_2019_LA/ASVspoof2019_LA_dev/flac/LA_D_7202557.flac,0
/data/DATASETS/ASV_Spoof_2019_LA/ASVspoof2019_LA_train/flac/LA_T_9789409.flac,0
/data/DATASETS/ASV_Spoof_2019_LA/ASVspoof2019_LA_eval/flac/LA_E_9131748.flac,0
/data/DATASETS/ASV_Spoof_2019_LA/ASVspoof2019_LA_train/flac/LA_T_7367042.flac,0
/data/DATASETS/ASV_Spoof_2019_LA/ASVspoof2019_LA_eval/flac/LA_E_7925133.flac,0
/data/DATASETS/ASV_Spoof_2019_LA/ASVspoof2019_LA_eval/flac/LA_E_4497280.flac,0
/data/DATASETS/ASV_Spoof_2019_LA/ASVspoof2019_LA_eval/flac/LA_E_8104208.flac,0
/data/DATASETS/ASV_Spoof_2019_LA/ASVspoof2019_LA_dev/flac/LA_D_8905184.flac,0
/data/DATASETS/ASV_Spoof_2019_LA/ASVspoof2019_LA_train/flac/LA_T_4972864.flac,0
/data/DATASETS/ASV_Spoof_2019_LA/ASVspoof2019_LA_eval/flac/LA_E_4547523.flac,0
/data/DATASETS/ASV_Spoof_2019_LA/ASVspoof2019_LA_eval/flac/LA_E_5506759.flac,0
/data/DATASETS/ASV_Spoof_2019_LA/ASVspoof2019_LA_eval/flac/LA_E_9528968.flac,0
/data/DATASETS/ASV_Spoof_2019_LA/ASVspoof2019_LA_eval/flac/LA_E_3914043.flac,0
/data/DATASETS/ASV_Spoof_2019_LA/ASVspoof2019_LA_eval/flac/LA_E_8139401.flac,0
/data/DATASETS/ASV_Spoof_2019_LA/ASVspoof2019_LA_eval/flac/LA_E_2919373.flac,0
/data/DATASETS/ASV_Spoof_2019_LA/ASVspoof2019_LA_dev/flac/LA_D_6484000.flac,0
/data/DATASETS/ASV_Spoof_2019_LA/ASVspoof2019_LA_dev/flac/LA_D_9193664.flac,0
/data/DATASETS/ASV_Spoof_2019_LA/ASVspoof2019_LA_dev/flac/LA_D_8863378.flac,0
/data/DATASETS/ASV_Spoof_2019_LA/ASVspoof2019_LA_eval/flac/LA_E_3605433.flac,0
/data/DATASETS/ASV_Spoof_2019_LA/ASVspoof2019_LA_eval/flac/LA_E_9587391.flac,0
/data/DATASETS/ASV_Spoof_2019_LA/ASVspoof2019_LA_eval/flac/LA_E_1649202.flac,0
/data/DATASETS/ASV_Spoof_2019_LA/ASVspoof2019_LA_eval/flac/LA_E_8677439.flac,0
/data/DATASETS/ASV_Spoof_2019_LA/ASVspoof2019_LA_eval/flac/LA_E_3393580.flac,0
/data/DATASETS/ASV_Spoof_2019_LA/ASVspoof2019_LA_eval/flac/LA_E_5869507.flac,0
/data/DATASETS/ASV_Spoof_2019_LA/ASVspoof2019_LA_eval/flac/LA_E_6715486.flac,0
/data/DATASETS/ASV_Spoof_2019_LA/ASVspoof2019_LA_dev/flac/LA_D_8222620.flac,0
/data/DATASETS/ASV_Spoof_2019_LA/ASVspoof2019_LA_eval/flac/LA_E_8189451.flac,0
/data/DATASETS/ASV_Spoof_2019_LA/ASVspoof2019_LA_eval/flac/LA_E_7409931.flac,0
/data/DATASETS/ASV_Spoof_2019_LA/ASVspoof2019_LA_eval/flac/LA_E_8640454.flac,0
/data/DATASETS/ASV_Spoof_2019_LA/ASVspoof2019_LA_eval/flac/LA_E_4603640.flac,0
/data/DATASETS/ASV_Spoof_2019_LA/ASVspoof2019_LA_eval/flac/LA_E_8280954.flac,0
/data/DATASETS/ASV_Spoof_2019_LA/ASVspoof2019_LA_eval/flac/LA_E_3911375.flac,0
/data/DATASETS/ASV_Spoof_2019_LA/ASVspoof2019_LA_train/flac/LA_T_9478659.flac,0
/data/DATASETS/ASV_Spoof_2019_LA/ASVspoof2019_LA_eval/flac/LA_E_3693133.flac,0
/data/DATASETS/ASV_Spoof_2019_LA/ASVspoof2019_LA_train/flac/LA_T_7541141.flac,0
/data/DATASETS/ASV_Spoof_2019_LA/ASVspoof2019_LA_eval/flac/LA_E_9247537.flac,0
/data/DATASETS/ASV_Spoof_2019_LA/ASVspoof2019_LA_eval/flac/LA_E_5838006.flac,0
/data/DATASETS/ASV_Spoof_2019_LA/ASVspoof2019_LA_eval/flac/LA_E_1313727.flac,0
/data/DATASETS/ASV_Spoof_2019_LA/ASVspoof2019_LA_eval/flac/LA_E_7676371.flac,0
/data/DATASETS/ASV_Spoof_2019_LA/ASVspoof2019_LA_dev/flac/LA_D_9299686.flac,0
/data/DATASETS/ASV_Spoof_2019_LA/ASVspoof2019_LA_eval/flac/LA_E_6640139.flac,0
/data/DATASETS/ASV_Spoof_2019_LA/ASVspoof2019_LA_eval/flac/LA_E_7978316.flac,0
/data/DATASETS/ASV_Spoof_2019_LA/ASVspoof2019_LA_eval/flac/LA_E_9585094.flac,0
/data/DATASETS/ASV_Spoof_2019_LA/ASVspoof2019_LA_train/flac/LA_T_6206040.flac,0
/data/DATASETS/ASV_Spoof_2019_LA/ASVspoof2019_LA_eval/flac/LA_E_4925737.flac,0
/data/DATASETS/ASV_Spoof_2019_LA/ASVspoof2019_LA_eval/flac/LA_E_9199663.flac,0
/data/DATASETS/ASV_Spoof_2019_LA/ASVspoof2019_LA_eval/flac/LA_E_2263934.flac,0
/data/DATASETS/ASV_Spoof_2019_LA/ASVspoof2019_LA_train/flac/LA_T_3197072.flac,0
/data/DATASETS/ASV_Spoof_2019_LA/ASVspoof2019_LA_train/flac/LA_T_1215743.flac,0
/data/DATASETS/ASV_Spoof_2019_LA/ASVspoof2019_LA_eval/flac/LA_E_7217402.flac,0
/data/DATASETS/ASV_Spoof_2019_LA/ASVspoof2019_LA_eval/flac/LA_E_4565213.flac,0
/data/DATASETS/ASV_Spoof_2019_LA/ASVspoof2019_LA_train/flac/LA_T_1896623.flac,0
/data/DATASETS/ASV_Spoof_2019_LA/ASVspoof2019_LA_eval/flac/LA_E_4235187.flac,0
/data/DATASETS/ASV_Spoof_2019_LA/ASVspoof2019_LA_eval/flac/LA_E_8560629.flac,0
/data/DATASETS/ASV_Spoof_2019_LA/ASVspoof2019_LA_dev/flac/LA_D_8966044.flac,0
/data/DATASETS/ASV_Spoof_2019_LA/ASVspoof2019_LA_eval/flac/LA_E_9131122.flac,0
/data/DATASETS/ASV_Spoof_2019_LA/ASVspoof2019_LA_eval/flac/LA_E_6238681.flac,0
/data/DATASETS/ASV_Spoof_2019_LA/ASVspoof2019_LA_eval/flac/LA_E_4176513.flac,0
/data/DATASETS/ASV_Spoof_2019_LA/ASVspoof2019_LA_eval/flac/LA_E_8624167.flac,0
/data/DATASETS/ASV_Spoof_2019_LA/ASVspoof2019_LA_eval/flac/LA_E_8353039.flac,0
/data/DATASETS/ASV_Spoof_2019_LA/ASVspoof2019_LA_eval/flac/LA_E_7438598.flac,0
/data/DATASETS/ASV_Spoof_2019_LA/ASVspoof2019_LA_train/flac/LA_T_4456925.flac,0
/data/DATASETS/ASV_Spoof_2019_LA/ASVspoof2019_LA_eval/flac/LA_E_4606907.flac,0
/data/DATASETS/ASV_Spoof_2019_LA/ASVspoof2019_LA_eval/flac/LA_E_8185828.flac,0
/data/DATASETS/ASV_Spoof_2019_LA/ASVspoof2019_LA_eval/flac/LA_E_7050317.flac,0
/data/DATASETS/ASV_Spoof_2019_LA/ASVspoof2019_LA_eval/flac/LA_E_2650697.flac,0
/data/DATASETS/ASV_Spoof_2019_LA/ASVspoof2019_LA_eval/flac/LA_E_1547551.flac,0
/data/DATASETS/ASV_Spoof_2019_LA/ASVspoof2019_LA_dev/flac/LA_D_6266806.flac,0
/data/DATASETS/ASV_Spoof_2019_LA/ASVspoof2019_LA_eval/flac/LA_E_4240053.flac,0
/data/DATASETS/ASV_Spoof_2019_LA/ASVspoof2019_LA_eval/flac/LA_E_6661039.flac,0
/data/DATASETS/ASV_Spoof_2019_LA/ASVspoof2019_LA_eval/flac/LA_E_4524413.flac,0
/data/DATASETS/ASV_Spoof_2019_LA/ASVspoof2019_LA_eval/flac/LA_E_1707305.flac,0
/data/DATASETS/ASV_Spoof_2019_LA/ASVspoof2019_LA_eval/flac/LA_E_9006627.flac,0
/data/DATASETS/ASV_Spoof_2019_LA/ASVspoof2019_LA_train/flac/LA_T_5511230.flac,0
/data/DATASETS/ASV_Spoof_2019_LA/ASVspoof2019_LA_eval/flac/LA_E_8019888.flac,0
/data/DATASETS/ASV_Spoof_2019_LA/ASVspoof2019_LA_eval/flac/LA_E_4059824.flac,0
/data/DATASETS/ASV_Spoof_2019_LA/ASVspoof2019_LA_eval/flac/LA_E_1256191.flac,0
/data/DATASETS/ASV_Spoof_2019_LA/ASVspoof2019_LA_dev/flac/LA_D_1519237.flac,0
/data/DATASETS/ASV_Spoof_2019_LA/ASVspoof2019_LA_eval/flac/LA_E_7400718.flac,0
/data/DATASETS/ASV_Spoof_2019_LA/ASVspoof2019_LA_eval/flac/LA_E_1768450.flac,0
/data/DATASETS/ASV_Spoof_2019_LA/ASVspoof2019_LA_eval/flac/LA_E_8785020.flac,0
/data/DATASETS/ASV_Spoof_2019_LA/ASVspoof2019_LA_eval/flac/LA_E_1152067.flac,0
/data/DATASETS/ASV_Spoof_2019_LA/ASVspoof2019_LA_train/flac/LA_T_5337549.flac,0
/data/DATASETS/ASV_Spoof_2019_LA/ASVspoof2019_LA_eval/flac/LA_E_4663389.flac,0
/data/DATASETS/ASV_Spoof_2019_LA/ASVspoof2019_LA_eval/flac/LA_E_9209976.flac,0
/data/DATASETS/ASV_Spoof_2019_LA/ASVspoof2019_LA_eval/flac/LA_E_4461727.flac,0
/data/DATASETS/ASV_Spoof_2019_LA/ASVspoof2019_LA_dev/flac/LA_D_7267402.flac,0
/data/DATASETS/ASV_Spoof_2019_LA/ASVspoof2019_LA_dev/flac/LA_D_1841270.flac,0
/data/DATASETS/ASV_Spoof_2019_LA/ASVspoof2019_LA_eval/flac/LA_E_9219272.flac,0
/data/DATASETS/ASV_Spoof_2019_LA/ASVspoof2019_LA_eval/flac/LA_E_8644189.flac,0
/data/DATASETS/ASV_Spoof_2019_LA/ASVspoof2019_LA_eval/flac/LA_E_5331965.flac,0
/data/DATASETS/ASV_Spoof_2019_LA/ASVspoof2019_LA_train/flac/LA_T_7288400.flac,0
/data/DATASETS/ASV_Spoof_2019_LA/ASVspoof2019_LA_eval/flac/LA_E_9422097.flac,0
/data/DATASETS/ASV_Spoof_2019_LA/ASVspoof2019_LA_dev/flac/LA_D_1661775.flac,0
/data/DATASETS/ASV_Spoof_2019_LA/ASVspoof2019_LA_dev/flac/LA_D_2365147.flac,0
/data/DATASETS/ASV_Spoof_2019_LA/ASVspoof2019_LA_eval/flac/LA_E_8647959.flac,0
/data/DATASETS/ASV_Spoof_2019_LA/ASVspoof2019_LA_eval/flac/LA_E_2762517.flac,0
/data/DATASETS/ASV_Spoof_2019_LA/ASVspoof2019_LA_eval/flac/LA_E_5643035.flac,0
/data/DATASETS/ASV_Spoof_2019_LA/ASVspoof2019_LA_train/flac/LA_T_8171933.flac,0
/data/DATASETS/ASV_Spoof_2019_LA/ASVspoof2019_LA_eval/flac/LA_E_3633697.flac,0
/data/DATASETS/ASV_Spoof_2019_LA/ASVspoof2019_LA_eval/flac/LA_E_9941644.flac,0
/data/DATASETS/ASV_Spoof_2019_LA/ASVspoof2019_LA_train/flac/LA_T_5619335.flac,0
/data/DATASETS/ASV_Spoof_2019_LA/ASVspoof2019_LA_train/flac/LA_T_9514965.flac,0
/data/DATASETS/ASV_Spoof_2019_LA/ASVspoof2019_LA_eval/flac/LA_E_7867280.flac,0
/data/DATASETS/ASV_Spoof_2019_LA/ASVspoof2019_LA_train/flac/LA_T_1477639.flac,0
/data/DATASETS/ASV_Spoof_2019_LA/ASVspoof2019_LA_dev/flac/LA_D_4546481.flac,0
/data/DATASETS/ASV_Spoof_2019_LA/ASVspoof2019_LA_dev/flac/LA_D_3601430.flac,0
/data/DATASETS/ASV_Spoof_2019_LA/ASVspoof2019_LA_eval/flac/LA_E_6285670.flac,0
/data/DATASETS/ASV_Spoof_2019_LA/ASVspoof2019_LA_eval/flac/LA_E_9581518.flac,0
/data/DATASETS/ASV_Spoof_2019_LA/ASVspoof2019_LA_dev/flac/LA_D_5939593.flac,0
/data/DATASETS/ASV_Spoof_2019_LA/ASVspoof2019_LA_eval/flac/LA_E_5545172.flac,0
/data/DATASETS/ASV_Spoof_2019_LA/ASVspoof2019_LA_eval/flac/LA_E_4482543.flac,0
/data/DATASETS/ASV_Spoof_2019_LA/ASVspoof2019_LA_eval/flac/LA_E_9103470.flac,0
/data/DATASETS/ASV_Spoof_2019_LA/ASVspoof2019_LA_eval/flac/LA_E_9359536.flac,0
/data/DATASETS/ASV_Spoof_2019_LA/ASVspoof2019_LA_eval/flac/LA_E_5075675.flac,0
/data/DATASETS/ASV_Spoof_2019_LA/ASVspoof2019_LA_train/flac/LA_T_8595870.flac,0
/data/DATASETS/ASV_Spoof_2019_LA/ASVspoof2019_LA_eval/flac/LA_E_7369091.flac,0
/data/DATASETS/ASV_Spoof_2019_LA/ASVspoof2019_LA_eval/flac/LA_E_1500066.flac,0
/data/DATASETS/ASV_Spoof_2019_LA/ASVspoof2019_LA_dev/flac/LA_D_2117889.flac,0
/data/DATASETS/ASV_Spoof_2019_LA/ASVspoof2019_LA_dev/flac/LA_D_4356541.flac,0
/data/DATASETS/ASV_Spoof_2019_LA/ASVspoof2019_LA_train/flac/LA_T_8147741.flac,0
/data/DATASETS/ASV_Spoof_2019_LA/ASVspoof2019_LA_eval/flac/LA_E_2357550.flac,0
/data/DATASETS/ASV_Spoof_2019_LA/ASVspoof2019_LA_train/flac/LA_T_5318441.flac,0
/data/DATASETS/ASV_Spoof_2019_LA/ASVspoof2019_LA_eval/flac/LA_E_7080591.flac,0
/data/DATASETS/ASV_Spoof_2019_LA/ASVspoof2019_LA_train/flac/LA_T_2079451.flac,0
/data/DATASETS/ASV_Spoof_2019_LA/ASVspoof2019_LA_eval/flac/LA_E_9838955.flac,0
/data/DATASETS/ASV_Spoof_2019_LA/ASVspoof2019_LA_eval/flac/LA_E_2406048.flac,0
/data/DATASETS/ASV_Spoof_2019_LA/ASVspoof2019_LA_train/flac/LA_T_6957393.flac,0
/data/DATASETS/ASV_Spoof_2019_LA/ASVspoof2019_LA_eval/flac/LA_E_5362873.flac,0
/data/DATASETS/ASV_Spoof_2019_LA/ASVspoof2019_LA_dev/flac/LA_D_7570899.flac,0
/data/DATASETS/ASV_Spoof_2019_LA/ASVspoof2019_LA_eval/flac/LA_E_3144502.flac,0
/data/DATASETS/ASV_Spoof_2019_LA/ASVspoof2019_LA_eval/flac/LA_E_5852035.flac,0
/data/DATASETS/ASV_Spoof_2019_LA/ASVspoof2019_LA_eval/flac/LA_E_8797117.flac,0
/data/DATASETS/ASV_Spoof_2019_LA/ASVspoof2019_LA_eval/flac/LA_E_8724814.flac,0
/data/DATASETS/ASV_Spoof_2019_LA/ASVspoof2019_LA_train/flac/LA_T_5374473.flac,0
/data/DATASETS/ASV_Spoof_2019_LA/ASVspoof2019_LA_dev/flac/LA_D_9080371.flac,0
/data/DATASETS/ASV_Spoof_2019_LA/ASVspoof2019_LA_dev/flac/LA_D_6757692.flac,0
/data/DATASETS/ASV_Spoof_2019_LA/ASVspoof2019_LA_dev/flac/LA_D_3547035.flac,0
/data/DATASETS/ASV_Spoof_2019_LA/ASVspoof2019_LA_eval/flac/LA_E_7551031.flac,0
/data/DATASETS/ASV_Spoof_2019_LA/ASVspoof2019_LA_dev/flac/LA_D_8161159.flac,0
/data/DATASETS/ASV_Spoof_2019_LA/ASVspoof2019_LA_dev/flac/LA_D_8995647.flac,0
/data/DATASETS/ASV_Spoof_2019_LA/ASVspoof2019_LA_eval/flac/LA_E_4928841.flac,0
/data/DATASETS/ASV_Spoof_2019_LA/ASVspoof2019_LA_eval/flac/LA_E_5881675.flac,0
/data/DATASETS/ASV_Spoof_2019_LA/ASVspoof2019_LA_train/flac/LA_T_5410799.flac,0
/data/DATASETS/ASV_Spoof_2019_LA/ASVspoof2019_LA_dev/flac/LA_D_5863611.flac,0
/data/DATASETS/ASV_Spoof_2019_LA/ASVspoof2019_LA_eval/flac/LA_E_2433261.flac,0
/data/DATASETS/ASV_Spoof_2019_LA/ASVspoof2019_LA_eval/flac/LA_E_5388984.flac,0
/data/DATASETS/ASV_Spoof_2019_LA/ASVspoof2019_LA_dev/flac/LA_D_2824820.flac,0
/data/DATASETS/ASV_Spoof_2019_LA/ASVspoof2019_LA_eval/flac/LA_E_6648610.flac,0
/data/DATASETS/ASV_Spoof_2019_LA/ASVspoof2019_LA_eval/flac/LA_E_4803649.flac,0
/data/DATASETS/ASV_Spoof_2019_LA/ASVspoof2019_LA_eval/flac/LA_E_3762789.flac,0
/data/DATASETS/ASV_Spoof_2019_LA/ASVspoof2019_LA_eval/flac/LA_E_8918745.flac,0
/data/DATASETS/ASV_Spoof_2019_LA/ASVspoof2019_LA_eval/flac/LA_E_5378243.flac,0
/data/DATASETS/ASV_Spoof_2019_LA/ASVspoof2019_LA_eval/flac/LA_E_9323504.flac,0
/data/DATASETS/ASV_Spoof_2019_LA/ASVspoof2019_LA_dev/flac/LA_D_3526885.flac,0
/data/DATASETS/ASV_Spoof_2019_LA/ASVspoof2019_LA_train/flac/LA_T_5759484.flac,0
/data/DATASETS/ASV_Spoof_2019_LA/ASVspoof2019_LA_dev/flac/LA_D_1786730.flac,0
/data/DATASETS/ASV_Spoof_2019_LA/ASVspoof2019_LA_dev/flac/LA_D_9526703.flac,0
/data/DATASETS/ASV_Spoof_2019_LA/ASVspoof2019_LA_eval/flac/LA_E_2668417.flac,0
/data/DATASETS/ASV_Spoof_2019_LA/ASVspoof2019_LA_dev/flac/LA_D_9554132.flac,0
/data/DATASETS/ASV_Spoof_2019_LA/ASVspoof2019_LA_eval/flac/LA_E_6812815.flac,0
/data/DATASETS/ASV_Spoof_2019_LA/ASVspoof2019_LA_eval/flac/LA_E_6810798.flac,0
/data/DATASETS/ASV_Spoof_2019_LA/ASVspoof2019_LA_eval/flac/LA_E_4430867.flac,0
/data/DATASETS/ASV_Spoof_2019_LA/ASVspoof2019_LA_eval/flac/LA_E_7005506.flac,0
/data/DATASETS/ASV_Spoof_2019_LA/ASVspoof2019_LA_eval/flac/LA_E_4506237.flac,0
/data/DATASETS/ASV_Spoof_2019_LA/ASVspoof2019_LA_eval/flac/LA_E_9646306.flac,0
/data/DATASETS/ASV_Spoof_2019_LA/ASVspoof2019_LA_eval/flac/LA_E_8578021.flac,0
/data/DATASETS/ASV_Spoof_2019_LA/ASVspoof2019_LA_eval/flac/LA_E_9821159.flac,0
/data/DATASETS/ASV_Spoof_2019_LA/ASVspoof2019_LA_train/flac/LA_T_2646474.flac,0
/data/DATASETS/ASV_Spoof_2019_LA/ASVspoof2019_LA_dev/flac/LA_D_9330492.flac,0
/data/DATASETS/ASV_Spoof_2019_LA/ASVspoof2019_LA_eval/flac/LA_E_4537790.flac,0
/data/DATASETS/ASV_Spoof_2019_LA/ASVspoof2019_LA_eval/flac/LA_E_3217105.flac,0
/data/DATASETS/ASV_Spoof_2019_LA/ASVspoof2019_LA_eval/flac/LA_E_5399096.flac,0
/data/DATASETS/ASV_Spoof_2019_LA/ASVspoof2019_LA_eval/flac/LA_E_6467729.flac,0
/data/DATASETS/ASV_Spoof_2019_LA/ASVspoof2019_LA_eval/flac/LA_E_5976953.flac,0
/data/DATASETS/ASV_Spoof_2019_LA/ASVspoof2019_LA_eval/flac/LA_E_7952980.flac,0
/data/DATASETS/ASV_Spoof_2019_LA/ASVspoof2019_LA_eval/flac/LA_E_7564751.flac,0
/data/DATASETS/ASV_Spoof_2019_LA/ASVspoof2019_LA_eval/flac/LA_E_5130467.flac,0
/data/DATASETS/ASV_Spoof_2019_LA/ASVspoof2019_LA_train/flac/LA_T_8864733.flac,0
/data/DATASETS/ASV_Spoof_2019_LA/ASVspoof2019_LA_eval/flac/LA_E_9974994.flac,0
/data/DATASETS/ASV_Spoof_2019_LA/ASVspoof2019_LA_eval/flac/LA_E_9657209.flac,0
/data/DATASETS/ASV_Spoof_2019_LA/ASVspoof2019_LA_eval/flac/LA_E_5823323.flac,0
/data/DATASETS/ASV_Spoof_2019_LA/ASVspoof2019_LA_eval/flac/LA_E_8253036.flac,0
/data/DATASETS/ASV_Spoof_2019_LA/ASVspoof2019_LA_eval/flac/LA_E_7068569.flac,0
/data/DATASETS/ASV_Spoof_2019_LA/ASVspoof2019_LA_eval/flac/LA_E_2514004.flac,0
/data/DATASETS/ASV_Spoof_2019_LA/ASVspoof2019_LA_train/flac/LA_T_9161988.flac,0
/data/DATASETS/ASV_Spoof_2019_LA/ASVspoof2019_LA_eval/flac/LA_E_6982025.flac,0
/data/DATASETS/ASV_Spoof_2019_LA/ASVspoof2019_LA_eval/flac/LA_E_6589247.flac,0
/data/DATASETS/ASV_Spoof_2019_LA/ASVspoof2019_LA_dev/flac/LA_D_7638211.flac,0
/data/DATASETS/ASV_Spoof_2019_LA/ASVspoof2019_LA_eval/flac/LA_E_3456052.flac,0
/data/DATASETS/ASV_Spoof_2019_LA/ASVspoof2019_LA_train/flac/LA_T_6490007.flac,0
/data/DATASETS/ASV_Spoof_2019_LA/ASVspoof2019_LA_eval/flac/LA_E_7365993.flac,0
/data/DATASETS/ASV_Spoof_2019_LA/ASVspoof2019_LA_eval/flac/LA_E_4885118.flac,0
/data/DATASETS/ASV_Spoof_2019_LA/ASVspoof2019_LA_eval/flac/LA_E_7755673.flac,0
/data/DATASETS/ASV_Spoof_2019_LA/ASVspoof2019_LA_train/flac/LA_T_1955947.flac,0
/data/DATASETS/ASV_Spoof_2019_LA/ASVspoof2019_LA_train/flac/LA_T_8200308.flac,0
/data/DATASETS/ASV_Spoof_2019_LA/ASVspoof2019_LA_dev/flac/LA_D_3005942.flac,0
/data/DATASETS/ASV_Spoof_2019_LA/ASVspoof2019_LA_eval/flac/LA_E_6372118.flac,0
/data/DATASETS/ASV_Spoof_2019_LA/ASVspoof2019_LA_eval/flac/LA_E_1339326.flac,0
/data/DATASETS/ASV_Spoof_2019_LA/ASVspoof2019_LA_train/flac/LA_T_8276365.flac,0
/data/DATASETS/ASV_Spoof_2019_LA/ASVspoof2019_LA_train/flac/LA_T_8758984.flac,0
/data/DATASETS/ASV_Spoof_2019_LA/ASVspoof2019_LA_eval/flac/LA_E_5529180.flac,0
/data/DATASETS/ASV_Spoof_2019_LA/ASVspoof2019_LA_train/flac/LA_T_9515789.flac,0
/data/DATASETS/ASV_Spoof_2019_LA/ASVspoof2019_LA_train/flac/LA_T_4760367.flac,0
/data/DATASETS/ASV_Spoof_2019_LA/ASVspoof2019_LA_eval/flac/LA_E_7125363.flac,0
/data/DATASETS/ASV_Spoof_2019_LA/ASVspoof2019_LA_train/flac/LA_T_4302417.flac,0
/data/DATASETS/ASV_Spoof_2019_LA/ASVspoof2019_LA_eval/flac/LA_E_4980366.flac,0
/data/DATASETS/ASV_Spoof_2019_LA/ASVspoof2019_LA_eval/flac/LA_E_9209263.flac,0
/data/DATASETS/ASV_Spoof_2019_LA/ASVspoof2019_LA_train/flac/LA_T_8438885.flac,0
/data/DATASETS/ASV_Spoof_2019_LA/ASVspoof2019_LA_eval/flac/LA_E_2526979.flac,0
/data/DATASETS/ASV_Spoof_2019_LA/ASVspoof2019_LA_dev/flac/LA_D_6077297.flac,0
/data/DATASETS/ASV_Spoof_2019_LA/ASVspoof2019_LA_dev/flac/LA_D_7181044.flac,0
/data/DATASETS/ASV_Spoof_2019_LA/ASVspoof2019_LA_dev/flac/LA_D_5255870.flac,0
/data/DATASETS/ASV_Spoof_2019_LA/ASVspoof2019_LA_train/flac/LA_T_2534170.flac,0
/data/DATASETS/ASV_Spoof_2019_LA/ASVspoof2019_LA_train/flac/LA_T_3661578.flac,0
/data/DATASETS/ASV_Spoof_2019_LA/ASVspoof2019_LA_eval/flac/LA_E_2757974.flac,0
/data/DATASETS/ASV_Spoof_2019_LA/ASVspoof2019_LA_dev/flac/LA_D_4043027.flac,0
/data/DATASETS/ASV_Spoof_2019_LA/ASVspoof2019_LA_dev/flac/LA_D_6451106.flac,0
/data/DATASETS/ASV_Spoof_2019_LA/ASVspoof2019_LA_eval/flac/LA_E_3491186.flac,0
/data/DATASETS/ASV_Spoof_2019_LA/ASVspoof2019_LA_train/flac/LA_T_6057516.flac,0
/data/DATASETS/ASV_Spoof_2019_LA/ASVspoof2019_LA_train/flac/LA_T_6487011.flac,0
/data/DATASETS/ASV_Spoof_2019_LA/ASVspoof2019_LA_eval/flac/LA_E_6126872.flac,0
/data/DATASETS/ASV_Spoof_2019_LA/ASVspoof2019_LA_dev/flac/LA_D_5049363.flac,0
/data/DATASETS/ASV_Spoof_2019_LA/ASVspoof2019_LA_eval/flac/LA_E_7482442.flac,0
/data/DATASETS/ASV_Spoof_2019_LA/ASVspoof2019_LA_eval/flac/LA_E_8756737.flac,0
/data/DATASETS/ASV_Spoof_2019_LA/ASVspoof2019_LA_eval/flac/LA_E_4817395.flac,0
/data/DATASETS/ASV_Spoof_2019_LA/ASVspoof2019_LA_train/flac/LA_T_7351960.flac,0
/data/DATASETS/ASV_Spoof_2019_LA/ASVspoof2019_LA_eval/flac/LA_E_3309049.flac,0
/data/DATASETS/ASV_Spoof_2019_LA/ASVspoof2019_LA_eval/flac/LA_E_2823635.flac,0
/data/DATASETS/ASV_Spoof_2019_LA/ASVspoof2019_LA_eval/flac/LA_E_1382043.flac,0
/data/DATASETS/ASV_Spoof_2019_LA/ASVspoof2019_LA_train/flac/LA_T_6065241.flac,0
/data/DATASETS/ASV_Spoof_2019_LA/ASVspoof2019_LA_dev/flac/LA_D_9480023.flac,0
/data/DATASETS/ASV_Spoof_2019_LA/ASVspoof2019_LA_train/flac/LA_T_8841091.flac,0
/data/DATASETS/ASV_Spoof_2019_LA/ASVspoof2019_LA_eval/flac/LA_E_7657702.flac,0
/data/DATASETS/ASV_Spoof_2019_LA/ASVspoof2019_LA_eval/flac/LA_E_4936104.flac,0
/data/DATASETS/ASV_Spoof_2019_LA/ASVspoof2019_LA_train/flac/LA_T_8925615.flac,0
/data/DATASETS/ASV_Spoof_2019_LA/ASVspoof2019_LA_eval/flac/LA_E_1870942.flac,0
/data/DATASETS/ASV_Spoof_2019_LA/ASVspoof2019_LA_dev/flac/LA_D_9780696.flac,0
/data/DATASETS/ASV_Spoof_2019_LA/ASVspoof2019_LA_train/flac/LA_T_7089329.flac,0
/data/DATASETS/ASV_Spoof_2019_LA/ASVspoof2019_LA_dev/flac/LA_D_2895802.flac,0
/data/DATASETS/ASV_Spoof_2019_LA/ASVspoof2019_LA_eval/flac/LA_E_3101846.flac,0
/data/DATASETS/ASV_Spoof_2019_LA/ASVspoof2019_LA_train/flac/LA_T_4434089.flac,0
/data/DATASETS/ASV_Spoof_2019_LA/ASVspoof2019_LA_eval/flac/LA_E_2994569.flac,0
/data/DATASETS/ASV_Spoof_2019_LA/ASVspoof2019_LA_eval/flac/LA_E_5208320.flac,0
/data/DATASETS/ASV_Spoof_2019_LA/ASVspoof2019_LA_dev/flac/LA_D_6046406.flac,0
/data/DATASETS/ASV_Spoof_2019_LA/ASVspoof2019_LA_eval/flac/LA_E_1316290.flac,0
/data/DATASETS/ASV_Spoof_2019_LA/ASVspoof2019_LA_eval/flac/LA_E_5433651.flac,0
/data/DATASETS/ASV_Spoof_2019_LA/ASVspoof2019_LA_eval/flac/LA_E_7948455.flac,0
/data/DATASETS/ASV_Spoof_2019_LA/ASVspoof2019_LA_eval/flac/LA_E_6384703.flac,0
/data/DATASETS/ASV_Spoof_2019_LA/ASVspoof2019_LA_eval/flac/LA_E_3658753.flac,0
/data/DATASETS/ASV_Spoof_2019_LA/ASVspoof2019_LA_eval/flac/LA_E_6321104.flac,0
/data/DATASETS/ASV_Spoof_2019_LA/ASVspoof2019_LA_eval/flac/LA_E_9011990.flac,0
/data/DATASETS/ASV_Spoof_2019_LA/ASVspoof2019_LA_eval/flac/LA_E_1706751.flac,0
/data/DATASETS/ASV_Spoof_2019_LA/ASVspoof2019_LA_eval/flac/LA_E_7657129.flac,0
/data/DATASETS/ASV_Spoof_2019_LA/ASVspoof2019_LA_train/flac/LA_T_1662696.flac,0
/data/DATASETS/ASV_Spoof_2019_LA/ASVspoof2019_LA_dev/flac/LA_D_1264788.flac,0
/data/DATASETS/ASV_Spoof_2019_LA/ASVspoof2019_LA_eval/flac/LA_E_9567655.flac,0
/data/DATASETS/ASV_Spoof_2019_LA/ASVspoof2019_LA_eval/flac/LA_E_6090011.flac,0
/data/DATASETS/ASV_Spoof_2019_LA/ASVspoof2019_LA_train/flac/LA_T_3094730.flac,0
/data/DATASETS/ASV_Spoof_2019_LA/ASVspoof2019_LA_train/flac/LA_T_4051929.flac,0
/data/DATASETS/ASV_Spoof_2019_LA/ASVspoof2019_LA_train/flac/LA_T_3689595.flac,0
/data/DATASETS/ASV_Spoof_2019_LA/ASVspoof2019_LA_eval/flac/LA_E_2992403.flac,0
/data/DATASETS/ASV_Spoof_2019_LA/ASVspoof2019_LA_eval/flac/LA_E_5024985.flac,0
/data/DATASETS/ASV_Spoof_2019_LA/ASVspoof2019_LA_eval/flac/LA_E_9950863.flac,0
/data/DATASETS/ASV_Spoof_2019_LA/ASVspoof2019_LA_eval/flac/LA_E_8412746.flac,0
/data/DATASETS/ASV_Spoof_2019_LA/ASVspoof2019_LA_dev/flac/LA_D_2322081.flac,0
/data/DATASETS/ASV_Spoof_2019_LA/ASVspoof2019_LA_dev/flac/LA_D_7039466.flac,0
/data/DATASETS/ASV_Spoof_2019_LA/ASVspoof2019_LA_eval/flac/LA_E_1131212.flac,0
/data/DATASETS/ASV_Spoof_2019_LA/ASVspoof2019_LA_eval/flac/LA_E_1803823.flac,0
/data/DATASETS/ASV_Spoof_2019_LA/ASVspoof2019_LA_dev/flac/LA_D_3596872.flac,0
/data/DATASETS/ASV_Spoof_2019_LA/ASVspoof2019_LA_eval/flac/LA_E_7225717.flac,0
/data/DATASETS/ASV_Spoof_2019_LA/ASVspoof2019_LA_eval/flac/LA_E_2520750.flac,0
/data/DATASETS/ASV_Spoof_2019_LA/ASVspoof2019_LA_eval/flac/LA_E_7828067.flac,0
/data/DATASETS/ASV_Spoof_2019_LA/ASVspoof2019_LA_dev/flac/LA_D_6482453.flac,0
/data/DATASETS/ASV_Spoof_2019_LA/ASVspoof2019_LA_eval/flac/LA_E_2983735.flac,0
/data/DATASETS/ASV_Spoof_2019_LA/ASVspoof2019_LA_train/flac/LA_T_9071029.flac,0
/data/DATASETS/ASV_Spoof_2019_LA/ASVspoof2019_LA_eval/flac/LA_E_3256765.flac,0
/data/DATASETS/ASV_Spoof_2019_LA/ASVspoof2019_LA_eval/flac/LA_E_1399433.flac,0
/data/DATASETS/ASV_Spoof_2019_LA/ASVspoof2019_LA_dev/flac/LA_D_8365194.flac,0
/data/DATASETS/ASV_Spoof_2019_LA/ASVspoof2019_LA_eval/flac/LA_E_9559472.flac,0
/data/DATASETS/ASV_Spoof_2019_LA/ASVspoof2019_LA_train/flac/LA_T_9673436.flac,0
/data/DATASETS/ASV_Spoof_2019_LA/ASVspoof2019_LA_dev/flac/LA_D_5080128.flac,0
/data/DATASETS/ASV_Spoof_2019_LA/ASVspoof2019_LA_eval/flac/LA_E_8988388.flac,0
/data/DATASETS/ASV_Spoof_2019_LA/ASVspoof2019_LA_eval/flac/LA_E_8182325.flac,0
/data/DATASETS/ASV_Spoof_2019_LA/ASVspoof2019_LA_eval/flac/LA_E_1370670.flac,0
/data/DATASETS/ASV_Spoof_2019_LA/ASVspoof2019_LA_eval/flac/LA_E_7609007.flac,0
/data/DATASETS/ASV_Spoof_2019_LA/ASVspoof2019_LA_eval/flac/LA_E_3232307.flac,0
/data/DATASETS/ASV_Spoof_2019_LA/ASVspoof2019_LA_eval/flac/LA_E_7386758.flac,0
/data/DATASETS/ASV_Spoof_2019_LA/ASVspoof2019_LA_eval/flac/LA_E_4142493.flac,0
/data/DATASETS/ASV_Spoof_2019_LA/ASVspoof2019_LA_dev/flac/LA_D_4198004.flac,0
/data/DATASETS/ASV_Spoof_2019_LA/ASVspoof2019_LA_eval/flac/LA_E_8789512.flac,0
/data/DATASETS/ASV_Spoof_2019_LA/ASVspoof2019_LA_train/flac/LA_T_5954195.flac,0
/data/DATASETS/ASV_Spoof_2019_LA/ASVspoof2019_LA_eval/flac/LA_E_5694987.flac,0
/data/DATASETS/ASV_Spoof_2019_LA/ASVspoof2019_LA_eval/flac/LA_E_4228242.flac,0
/data/DATASETS/ASV_Spoof_2019_LA/ASVspoof2019_LA_train/flac/LA_T_9971213.flac,0
/data/DATASETS/ASV_Spoof_2019_LA/ASVspoof2019_LA_dev/flac/LA_D_4334876.flac,0
/data/DATASETS/ASV_Spoof_2019_LA/ASVspoof2019_LA_eval/flac/LA_E_6739163.flac,0
/data/DATASETS/ASV_Spoof_2019_LA/ASVspoof2019_LA_dev/flac/LA_D_7448272.flac,0
/data/DATASETS/ASV_Spoof_2019_LA/ASVspoof2019_LA_eval/flac/LA_E_5955665.flac,0
/data/DATASETS/ASV_Spoof_2019_LA/ASVspoof2019_LA_eval/flac/LA_E_5551771.flac,0
/data/DATASETS/ASV_Spoof_2019_LA/ASVspoof2019_LA_train/flac/LA_T_2938316.flac,0
/data/DATASETS/ASV_Spoof_2019_LA/ASVspoof2019_LA_dev/flac/LA_D_8318899.flac,0
/data/DATASETS/ASV_Spoof_2019_LA/ASVspoof2019_LA_eval/flac/LA_E_1588519.flac,0
/data/DATASETS/ASV_Spoof_2019_LA/ASVspoof2019_LA_dev/flac/LA_D_1918445.flac,0
/data/DATASETS/ASV_Spoof_2019_LA/ASVspoof2019_LA_eval/flac/LA_E_5500628.flac,0
/data/DATASETS/ASV_Spoof_2019_LA/ASVspoof2019_LA_dev/flac/LA_D_2740232.flac,0
/data/DATASETS/ASV_Spoof_2019_LA/ASVspoof2019_LA_eval/flac/LA_E_6802655.flac,0
/data/DATASETS/ASV_Spoof_2019_LA/ASVspoof2019_LA_eval/flac/LA_E_2781077.flac,0
/data/DATASETS/ASV_Spoof_2019_LA/ASVspoof2019_LA_eval/flac/LA_E_2959083.flac,0
/data/DATASETS/ASV_Spoof_2019_LA/ASVspoof2019_LA_train/flac/LA_T_2535749.flac,0
/data/DATASETS/ASV_Spoof_2019_LA/ASVspoof2019_LA_eval/flac/LA_E_4180632.flac,0
/data/DATASETS/ASV_Spoof_2019_LA/ASVspoof2019_LA_eval/flac/LA_E_9543170.flac,0
/data/DATASETS/ASV_Spoof_2019_LA/ASVspoof2019_LA_dev/flac/LA_D_3714679.flac,0
/data/DATASETS/ASV_Spoof_2019_LA/ASVspoof2019_LA_train/flac/LA_T_4003689.flac,0
/data/DATASETS/ASV_Spoof_2019_LA/ASVspoof2019_LA_eval/flac/LA_E_8280430.flac,0
/data/DATASETS/ASV_Spoof_2019_LA/ASVspoof2019_LA_eval/flac/LA_E_7979560.flac,0
/data/DATASETS/ASV_Spoof_2019_LA/ASVspoof2019_LA_eval/flac/LA_E_1538989.flac,0
/data/DATASETS/ASV_Spoof_2019_LA/ASVspoof2019_LA_dev/flac/LA_D_5679718.flac,0
/data/DATASETS/ASV_Spoof_2019_LA/ASVspoof2019_LA_eval/flac/LA_E_5356954.flac,0
/data/DATASETS/ASV_Spoof_2019_LA/ASVspoof2019_LA_eval/flac/LA_E_5934978.flac,0
/data/DATASETS/ASV_Spoof_2019_LA/ASVspoof2019_LA_eval/flac/LA_E_7969213.flac,0
/data/DATASETS/ASV_Spoof_2019_LA/ASVspoof2019_LA_dev/flac/LA_D_8924553.flac,0
/data/DATASETS/ASV_Spoof_2019_LA/ASVspoof2019_LA_dev/flac/LA_D_5823678.flac,0
/data/DATASETS/ASV_Spoof_2019_LA/ASVspoof2019_LA_train/flac/LA_T_2193666.flac,0
/data/DATASETS/ASV_Spoof_2019_LA/ASVspoof2019_LA_dev/flac/LA_D_3405736.flac,0
/data/DATASETS/ASV_Spoof_2019_LA/ASVspoof2019_LA_eval/flac/LA_E_4644881.flac,0
/data/DATASETS/ASV_Spoof_2019_LA/ASVspoof2019_LA_eval/flac/LA_E_1833874.flac,0
/data/DATASETS/ASV_Spoof_2019_LA/ASVspoof2019_LA_train/flac/LA_T_1391534.flac,0
/data/DATASETS/ASV_Spoof_2019_LA/ASVspoof2019_LA_eval/flac/LA_E_8908155.flac,0
/data/DATASETS/ASV_Spoof_2019_LA/ASVspoof2019_LA_eval/flac/LA_E_1648826.flac,0
/data/DATASETS/ASV_Spoof_2019_LA/ASVspoof2019_LA_train/flac/LA_T_6995687.flac,0
/data/DATASETS/ASV_Spoof_2019_LA/ASVspoof2019_LA_dev/flac/LA_D_4804382.flac,0
/data/DATASETS/ASV_Spoof_2019_LA/ASVspoof2019_LA_eval/flac/LA_E_1821393.flac,0
/data/DATASETS/ASV_Spoof_2019_LA/ASVspoof2019_LA_eval/flac/LA_E_7272308.flac,0
/data/DATASETS/ASV_Spoof_2019_LA/ASVspoof2019_LA_dev/flac/LA_D_6976006.flac,0
/data/DATASETS/ASV_Spoof_2019_LA/ASVspoof2019_LA_train/flac/LA_T_9323726.flac,0
/data/DATASETS/ASV_Spoof_2019_LA/ASVspoof2019_LA_eval/flac/LA_E_7264581.flac,0
/data/DATASETS/ASV_Spoof_2019_LA/ASVspoof2019_LA_eval/flac/LA_E_4907677.flac,0
/data/DATASETS/ASV_Spoof_2019_LA/ASVspoof2019_LA_eval/flac/LA_E_7012733.flac,0
/data/DATASETS/ASV_Spoof_2019_LA/ASVspoof2019_LA_eval/flac/LA_E_5910912.flac,0
/data/DATASETS/ASV_Spoof_2019_LA/ASVspoof2019_LA_train/flac/LA_T_4752788.flac,0
/data/DATASETS/ASV_Spoof_2019_LA/ASVspoof2019_LA_eval/flac/LA_E_9221553.flac,0
/data/DATASETS/ASV_Spoof_2019_LA/ASVspoof2019_LA_eval/flac/LA_E_2070872.flac,0
/data/DATASETS/ASV_Spoof_2019_LA/ASVspoof2019_LA_eval/flac/LA_E_3041491.flac,0
/data/DATASETS/ASV_Spoof_2019_LA/ASVspoof2019_LA_eval/flac/LA_E_5887764.flac,0
/data/DATASETS/ASV_Spoof_2019_LA/ASVspoof2019_LA_eval/flac/LA_E_8755965.flac,0
/data/DATASETS/ASV_Spoof_2019_LA/ASVspoof2019_LA_train/flac/LA_T_3346004.flac,0
/data/DATASETS/ASV_Spoof_2019_LA/ASVspoof2019_LA_dev/flac/LA_D_3760202.flac,0
/data/DATASETS/ASV_Spoof_2019_LA/ASVspoof2019_LA_train/flac/LA_T_2026553.flac,0
/data/DATASETS/ASV_Spoof_2019_LA/ASVspoof2019_LA_dev/flac/LA_D_1822237.flac,0
/data/DATASETS/ASV_Spoof_2019_LA/ASVspoof2019_LA_dev/flac/LA_D_3967203.flac,0
/data/DATASETS/ASV_Spoof_2019_LA/ASVspoof2019_LA_dev/flac/LA_D_2466781.flac,0
/data/DATASETS/ASV_Spoof_2019_LA/ASVspoof2019_LA_eval/flac/LA_E_1781711.flac,0
/data/DATASETS/ASV_Spoof_2019_LA/ASVspoof2019_LA_eval/flac/LA_E_2100890.flac,0
/data/DATASETS/ASV_Spoof_2019_LA/ASVspoof2019_LA_eval/flac/LA_E_2981470.flac,0
/data/DATASETS/ASV_Spoof_2019_LA/ASVspoof2019_LA_eval/flac/LA_E_5878191.flac,0
/data/DATASETS/ASV_Spoof_2019_LA/ASVspoof2019_LA_train/flac/LA_T_2522205.flac,0
/data/DATASETS/ASV_Spoof_2019_LA/ASVspoof2019_LA_eval/flac/LA_E_1709574.flac,0
/data/DATASETS/ASV_Spoof_2019_LA/ASVspoof2019_LA_train/flac/LA_T_1651877.flac,0
/data/DATASETS/ASV_Spoof_2019_LA/ASVspoof2019_LA_train/flac/LA_T_5785306.flac,0
/data/DATASETS/ASV_Spoof_2019_LA/ASVspoof2019_LA_eval/flac/LA_E_8383122.flac,0
/data/DATASETS/ASV_Spoof_2019_LA/ASVspoof2019_LA_dev/flac/LA_D_4511951.flac,0
/data/DATASETS/ASV_Spoof_2019_LA/ASVspoof2019_LA_train/flac/LA_T_1703395.flac,0
/data/DATASETS/ASV_Spoof_2019_LA/ASVspoof2019_LA_eval/flac/LA_E_3478019.flac,0
/data/DATASETS/ASV_Spoof_2019_LA/ASVspoof2019_LA_dev/flac/LA_D_8443765.flac,0
/data/DATASETS/ASV_Spoof_2019_LA/ASVspoof2019_LA_eval/flac/LA_E_4034146.flac,0
/data/DATASETS/ASV_Spoof_2019_LA/ASVspoof2019_LA_eval/flac/LA_E_1007872.flac,0
/data/DATASETS/ASV_Spoof_2019_LA/ASVspoof2019_LA_eval/flac/LA_E_6459008.flac,0
/data/DATASETS/ASV_Spoof_2019_LA/ASVspoof2019_LA_eval/flac/LA_E_5160006.flac,0
/data/DATASETS/ASV_Spoof_2019_LA/ASVspoof2019_LA_dev/flac/LA_D_9206303.flac,0
/data/DATASETS/ASV_Spoof_2019_LA/ASVspoof2019_LA_eval/flac/LA_E_6427745.flac,0
/data/DATASETS/ASV_Spoof_2019_LA/ASVspoof2019_LA_eval/flac/LA_E_8210341.flac,0
/data/DATASETS/ASV_Spoof_2019_LA/ASVspoof2019_LA_train/flac/LA_T_6668176.flac,0
/data/DATASETS/ASV_Spoof_2019_LA/ASVspoof2019_LA_eval/flac/LA_E_2578008.flac,0
/data/DATASETS/ASV_Spoof_2019_LA/ASVspoof2019_LA_train/flac/LA_T_3163159.flac,0
/data/DATASETS/ASV_Spoof_2019_LA/ASVspoof2019_LA_eval/flac/LA_E_5142810.flac,0
/data/DATASETS/ASV_Spoof_2019_LA/ASVspoof2019_LA_eval/flac/LA_E_6904782.flac,0
/data/DATASETS/ASV_Spoof_2019_LA/ASVspoof2019_LA_eval/flac/LA_E_9877613.flac,0
/data/DATASETS/ASV_Spoof_2019_LA/ASVspoof2019_LA_eval/flac/LA_E_3248504.flac,0
/data/DATASETS/ASV_Spoof_2019_LA/ASVspoof2019_LA_eval/flac/LA_E_4303472.flac,0
/data/DATASETS/ASV_Spoof_2019_LA/ASVspoof2019_LA_dev/flac/LA_D_7730769.flac,0
/data/DATASETS/ASV_Spoof_2019_LA/ASVspoof2019_LA_eval/flac/LA_E_8107687.flac,0
/data/DATASETS/ASV_Spoof_2019_LA/ASVspoof2019_LA_eval/flac/LA_E_8797426.flac,0
/data/DATASETS/ASV_Spoof_2019_LA/ASVspoof2019_LA_eval/flac/LA_E_8944579.flac,0
/data/DATASETS/ASV_Spoof_2019_LA/ASVspoof2019_LA_dev/flac/LA_D_7895200.flac,0
/data/DATASETS/ASV_Spoof_2019_LA/ASVspoof2019_LA_eval/flac/LA_E_9839751.flac,0
/data/DATASETS/ASV_Spoof_2019_LA/ASVspoof2019_LA_train/flac/LA_T_6164845.flac,0
/data/DATASETS/ASV_Spoof_2019_LA/ASVspoof2019_LA_eval/flac/LA_E_3810539.flac,0
/data/DATASETS/ASV_Spoof_2019_LA/ASVspoof2019_LA_eval/flac/LA_E_2417154.flac,0
/data/DATASETS/ASV_Spoof_2019_LA/ASVspoof2019_LA_dev/flac/LA_D_9458567.flac,0
/data/DATASETS/ASV_Spoof_2019_LA/ASVspoof2019_LA_eval/flac/LA_E_3396483.flac,0
/data/DATASETS/ASV_Spoof_2019_LA/ASVspoof2019_LA_eval/flac/LA_E_1417290.flac,0
/data/DATASETS/ASV_Spoof_2019_LA/ASVspoof2019_LA_eval/flac/LA_E_1701685.flac,0
/data/DATASETS/ASV_Spoof_2019_LA/ASVspoof2019_LA_dev/flac/LA_D_4708413.flac,0
/data/DATASETS/ASV_Spoof_2019_LA/ASVspoof2019_LA_eval/flac/LA_E_3815432.flac,0
/data/DATASETS/ASV_Spoof_2019_LA/ASVspoof2019_LA_dev/flac/LA_D_3851996.flac,0
/data/DATASETS/ASV_Spoof_2019_LA/ASVspoof2019_LA_eval/flac/LA_E_4500766.flac,0
/data/DATASETS/ASV_Spoof_2019_LA/ASVspoof2019_LA_eval/flac/LA_E_8408620.flac,0
/data/DATASETS/ASV_Spoof_2019_LA/ASVspoof2019_LA_dev/flac/LA_D_7366267.flac,0
/data/DATASETS/ASV_Spoof_2019_LA/ASVspoof2019_LA_dev/flac/LA_D_3622835.flac,0
/data/DATASETS/ASV_Spoof_2019_LA/ASVspoof2019_LA_eval/flac/LA_E_2224189.flac,0
/data/DATASETS/ASV_Spoof_2019_LA/ASVspoof2019_LA_eval/flac/LA_E_1872775.flac,0
/data/DATASETS/ASV_Spoof_2019_LA/ASVspoof2019_LA_eval/flac/LA_E_1745462.flac,0
/data/DATASETS/ASV_Spoof_2019_LA/ASVspoof2019_LA_eval/flac/LA_E_5134629.flac,0
/data/DATASETS/ASV_Spoof_2019_LA/ASVspoof2019_LA_eval/flac/LA_E_3623447.flac,0
/data/DATASETS/ASV_Spoof_2019_LA/ASVspoof2019_LA_train/flac/LA_T_6666532.flac,0
/data/DATASETS/ASV_Spoof_2019_LA/ASVspoof2019_LA_eval/flac/LA_E_1258871.flac,0
/data/DATASETS/ASV_Spoof_2019_LA/ASVspoof2019_LA_eval/flac/LA_E_1241701.flac,0
/data/DATASETS/ASV_Spoof_2019_LA/ASVspoof2019_LA_eval/flac/LA_E_9585213.flac,0
/data/DATASETS/ASV_Spoof_2019_LA/ASVspoof2019_LA_dev/flac/LA_D_4016743.flac,0
/data/DATASETS/ASV_Spoof_2019_LA/ASVspoof2019_LA_train/flac/LA_T_2555028.flac,0
/data/DATASETS/ASV_Spoof_2019_LA/ASVspoof2019_LA_eval/flac/LA_E_9682905.flac,0
/data/DATASETS/ASV_Spoof_2019_LA/ASVspoof2019_LA_eval/flac/LA_E_4087314.flac,0
/data/DATASETS/ASV_Spoof_2019_LA/ASVspoof2019_LA_eval/flac/LA_E_5608345.flac,0
/data/DATASETS/ASV_Spoof_2019_LA/ASVspoof2019_LA_dev/flac/LA_D_6023315.flac,0
/data/DATASETS/ASV_Spoof_2019_LA/ASVspoof2019_LA_eval/flac/LA_E_6634098.flac,0
/data/DATASETS/ASV_Spoof_2019_LA/ASVspoof2019_LA_eval/flac/LA_E_1801912.flac,0
/data/DATASETS/ASV_Spoof_2019_LA/ASVspoof2019_LA_eval/flac/LA_E_9266843.flac,0
/data/DATASETS/ASV_Spoof_2019_LA/ASVspoof2019_LA_eval/flac/LA_E_5818473.flac,0
/data/DATASETS/ASV_Spoof_2019_LA/ASVspoof2019_LA_train/flac/LA_T_3812469.flac,0
/data/DATASETS/ASV_Spoof_2019_LA/ASVspoof2019_LA_dev/flac/LA_D_8978560.flac,0
/data/DATASETS/ASV_Spoof_2019_LA/ASVspoof2019_LA_eval/flac/LA_E_5311555.flac,0
/data/DATASETS/ASV_Spoof_2019_LA/ASVspoof2019_LA_eval/flac/LA_E_2662193.flac,0
/data/DATASETS/ASV_Spoof_2019_LA/ASVspoof2019_LA_dev/flac/LA_D_4284229.flac,0
/data/DATASETS/ASV_Spoof_2019_LA/ASVspoof2019_LA_eval/flac/LA_E_8795640.flac,0
/data/DATASETS/ASV_Spoof_2019_LA/ASVspoof2019_LA_eval/flac/LA_E_7579050.flac,0
/data/DATASETS/ASV_Spoof_2019_LA/ASVspoof2019_LA_eval/flac/LA_E_5490861.flac,0
/data/DATASETS/ASV_Spoof_2019_LA/ASVspoof2019_LA_eval/flac/LA_E_3068326.flac,0
/data/DATASETS/ASV_Spoof_2019_LA/ASVspoof2019_LA_eval/flac/LA_E_7070136.flac,0
/data/DATASETS/ASV_Spoof_2019_LA/ASVspoof2019_LA_eval/flac/LA_E_1599538.flac,0
/data/DATASETS/ASV_Spoof_2019_LA/ASVspoof2019_LA_eval/flac/LA_E_4210965.flac,0
/data/DATASETS/ASV_Spoof_2019_LA/ASVspoof2019_LA_train/flac/LA_T_2145141.flac,0
/data/DATASETS/ASV_Spoof_2019_LA/ASVspoof2019_LA_eval/flac/LA_E_7134976.flac,0
/data/DATASETS/ASV_Spoof_2019_LA/ASVspoof2019_LA_dev/flac/LA_D_5965283.flac,0
/data/DATASETS/ASV_Spoof_2019_LA/ASVspoof2019_LA_train/flac/LA_T_7024613.flac,0
/data/DATASETS/ASV_Spoof_2019_LA/ASVspoof2019_LA_train/flac/LA_T_9949256.flac,0
/data/DATASETS/ASV_Spoof_2019_LA/ASVspoof2019_LA_dev/flac/LA_D_3556377.flac,0
/data/DATASETS/ASV_Spoof_2019_LA/ASVspoof2019_LA_dev/flac/LA_D_4751390.flac,0
/data/DATASETS/ASV_Spoof_2019_LA/ASVspoof2019_LA_eval/flac/LA_E_4203641.flac,0
/data/DATASETS/ASV_Spoof_2019_LA/ASVspoof2019_LA_eval/flac/LA_E_1244505.flac,0
/data/DATASETS/ASV_Spoof_2019_LA/ASVspoof2019_LA_train/flac/LA_T_7667992.flac,0
/data/DATASETS/ASV_Spoof_2019_LA/ASVspoof2019_LA_eval/flac/LA_E_4075490.flac,0
/data/DATASETS/ASV_Spoof_2019_LA/ASVspoof2019_LA_eval/flac/LA_E_5624250.flac,0
/data/DATASETS/ASV_Spoof_2019_LA/ASVspoof2019_LA_eval/flac/LA_E_3817897.flac,0
/data/DATASETS/ASV_Spoof_2019_LA/ASVspoof2019_LA_train/flac/LA_T_6926903.flac,0
/data/DATASETS/ASV_Spoof_2019_LA/ASVspoof2019_LA_dev/flac/LA_D_3089604.flac,0
/data/DATASETS/ASV_Spoof_2019_LA/ASVspoof2019_LA_eval/flac/LA_E_4454614.flac,0
/data/DATASETS/ASV_Spoof_2019_LA/ASVspoof2019_LA_eval/flac/LA_E_7705300.flac,0
/data/DATASETS/ASV_Spoof_2019_LA/ASVspoof2019_LA_eval/flac/LA_E_1003128.flac,0
/data/DATASETS/ASV_Spoof_2019_LA/ASVspoof2019_LA_train/flac/LA_T_7871766.flac,0
/data/DATASETS/ASV_Spoof_2019_LA/ASVspoof2019_LA_train/flac/LA_T_6442639.flac,0
/data/DATASETS/ASV_Spoof_2019_LA/ASVspoof2019_LA_eval/flac/LA_E_3768043.flac,0
/data/DATASETS/ASV_Spoof_2019_LA/ASVspoof2019_LA_train/flac/LA_T_2130583.flac,0
/data/DATASETS/ASV_Spoof_2019_LA/ASVspoof2019_LA_eval/flac/LA_E_7806344.flac,0
/data/DATASETS/ASV_Spoof_2019_LA/ASVspoof2019_LA_eval/flac/LA_E_7030628.flac,0
/data/DATASETS/ASV_Spoof_2019_LA/ASVspoof2019_LA_eval/flac/LA_E_5037495.flac,0
/data/DATASETS/ASV_Spoof_2019_LA/ASVspoof2019_LA_train/flac/LA_T_5099625.flac,0
/data/DATASETS/ASV_Spoof_2019_LA/ASVspoof2019_LA_train/flac/LA_T_6376473.flac,0
/data/DATASETS/ASV_Spoof_2019_LA/ASVspoof2019_LA_train/flac/LA_T_8812445.flac,0
/data/DATASETS/ASV_Spoof_2019_LA/ASVspoof2019_LA_eval/flac/LA_E_6270096.flac,0
/data/DATASETS/ASV_Spoof_2019_LA/ASVspoof2019_LA_eval/flac/LA_E_2142603.flac,0
/data/DATASETS/ASV_Spoof_2019_LA/ASVspoof2019_LA_eval/flac/LA_E_4228891.flac,0
/data/DATASETS/ASV_Spoof_2019_LA/ASVspoof2019_LA_eval/flac/LA_E_6823230.flac,0
/data/DATASETS/ASV_Spoof_2019_LA/ASVspoof2019_LA_eval/flac/LA_E_8647920.flac,0
/data/DATASETS/ASV_Spoof_2019_LA/ASVspoof2019_LA_dev/flac/LA_D_5349132.flac,0
/data/DATASETS/ASV_Spoof_2019_LA/ASVspoof2019_LA_eval/flac/LA_E_7290282.flac,0
/data/DATASETS/ASV_Spoof_2019_LA/ASVspoof2019_LA_eval/flac/LA_E_1309915.flac,0
/data/DATASETS/ASV_Spoof_2019_LA/ASVspoof2019_LA_dev/flac/LA_D_3987478.flac,0
/data/DATASETS/ASV_Spoof_2019_LA/ASVspoof2019_LA_dev/flac/LA_D_3316221.flac,0
/data/DATASETS/ASV_Spoof_2019_LA/ASVspoof2019_LA_eval/flac/LA_E_7745909.flac,0
/data/DATASETS/ASV_Spoof_2019_LA/ASVspoof2019_LA_eval/flac/LA_E_5143238.flac,0
/data/DATASETS/ASV_Spoof_2019_LA/ASVspoof2019_LA_train/flac/LA_T_9912406.flac,0
/data/DATASETS/ASV_Spoof_2019_LA/ASVspoof2019_LA_eval/flac/LA_E_8956519.flac,0
/data/DATASETS/ASV_Spoof_2019_LA/ASVspoof2019_LA_eval/flac/LA_E_5408013.flac,0
/data/DATASETS/ASV_Spoof_2019_LA/ASVspoof2019_LA_dev/flac/LA_D_9737719.flac,0
/data/DATASETS/ASV_Spoof_2019_LA/ASVspoof2019_LA_eval/flac/LA_E_8092409.flac,0
/data/DATASETS/ASV_Spoof_2019_LA/ASVspoof2019_LA_eval/flac/LA_E_4296310.flac,0
/data/DATASETS/ASV_Spoof_2019_LA/ASVspoof2019_LA_train/flac/LA_T_4428776.flac,0
/data/DATASETS/ASV_Spoof_2019_LA/ASVspoof2019_LA_dev/flac/LA_D_1239715.flac,0
/data/DATASETS/ASV_Spoof_2019_LA/ASVspoof2019_LA_dev/flac/LA_D_3387718.flac,0
/data/DATASETS/ASV_Spoof_2019_LA/ASVspoof2019_LA_eval/flac/LA_E_7846631.flac,0
/data/DATASETS/ASV_Spoof_2019_LA/ASVspoof2019_LA_eval/flac/LA_E_7624044.flac,0
/data/DATASETS/ASV_Spoof_2019_LA/ASVspoof2019_LA_eval/flac/LA_E_7563039.flac,0
/data/DATASETS/ASV_Spoof_2019_LA/ASVspoof2019_LA_train/flac/LA_T_6654102.flac,0
/data/DATASETS/ASV_Spoof_2019_LA/ASVspoof2019_LA_dev/flac/LA_D_5334517.flac,0
/data/DATASETS/ASV_Spoof_2019_LA/ASVspoof2019_LA_eval/flac/LA_E_2885517.flac,0
/data/DATASETS/ASV_Spoof_2019_LA/ASVspoof2019_LA_eval/flac/LA_E_9721785.flac,0
/data/DATASETS/ASV_Spoof_2019_LA/ASVspoof2019_LA_eval/flac/LA_E_4680097.flac,0
/data/DATASETS/ASV_Spoof_2019_LA/ASVspoof2019_LA_dev/flac/LA_D_6749101.flac,0
/data/DATASETS/ASV_Spoof_2019_LA/ASVspoof2019_LA_eval/flac/LA_E_7607890.flac,0
/data/DATASETS/ASV_Spoof_2019_LA/ASVspoof2019_LA_eval/flac/LA_E_5363385.flac,0
/data/DATASETS/ASV_Spoof_2019_LA/ASVspoof2019_LA_dev/flac/LA_D_4080403.flac,0
/data/DATASETS/ASV_Spoof_2019_LA/ASVspoof2019_LA_eval/flac/LA_E_1194237.flac,0
/data/DATASETS/ASV_Spoof_2019_LA/ASVspoof2019_LA_eval/flac/LA_E_3683132.flac,0
/data/DATASETS/ASV_Spoof_2019_LA/ASVspoof2019_LA_train/flac/LA_T_3690594.flac,0
/data/DATASETS/ASV_Spoof_2019_LA/ASVspoof2019_LA_train/flac/LA_T_9976341.flac,0
/data/DATASETS/ASV_Spoof_2019_LA/ASVspoof2019_LA_eval/flac/LA_E_2812268.flac,0
/data/DATASETS/ASV_Spoof_2019_LA/ASVspoof2019_LA_train/flac/LA_T_4197596.flac,0
/data/DATASETS/ASV_Spoof_2019_LA/ASVspoof2019_LA_train/flac/LA_T_8371319.flac,0
/data/DATASETS/ASV_Spoof_2019_LA/ASVspoof2019_LA_eval/flac/LA_E_6982823.flac,0
/data/DATASETS/ASV_Spoof_2019_LA/ASVspoof2019_LA_eval/flac/LA_E_4385723.flac,0
/data/DATASETS/ASV_Spoof_2019_LA/ASVspoof2019_LA_eval/flac/LA_E_9738502.flac,0
/data/DATASETS/ASV_Spoof_2019_LA/ASVspoof2019_LA_eval/flac/LA_E_4204674.flac,0
/data/DATASETS/ASV_Spoof_2019_LA/ASVspoof2019_LA_eval/flac/LA_E_6253660.flac,0
/data/DATASETS/ASV_Spoof_2019_LA/ASVspoof2019_LA_eval/flac/LA_E_7819544.flac,0
/data/DATASETS/ASV_Spoof_2019_LA/ASVspoof2019_LA_eval/flac/LA_E_2349764.flac,0
/data/DATASETS/ASV_Spoof_2019_LA/ASVspoof2019_LA_eval/flac/LA_E_5622097.flac,0
/data/DATASETS/ASV_Spoof_2019_LA/ASVspoof2019_LA_dev/flac/LA_D_9357270.flac,0
/data/DATASETS/ASV_Spoof_2019_LA/ASVspoof2019_LA_dev/flac/LA_D_1246607.flac,0
/data/DATASETS/ASV_Spoof_2019_LA/ASVspoof2019_LA_eval/flac/LA_E_7501127.flac,0
/data/DATASETS/ASV_Spoof_2019_LA/ASVspoof2019_LA_eval/flac/LA_E_2195300.flac,0
/data/DATASETS/ASV_Spoof_2019_LA/ASVspoof2019_LA_eval/flac/LA_E_9023791.flac,0
/data/DATASETS/ASV_Spoof_2019_LA/ASVspoof2019_LA_eval/flac/LA_E_5319630.flac,0
/data/DATASETS/ASV_Spoof_2019_LA/ASVspoof2019_LA_eval/flac/LA_E_4240833.flac,0
/data/DATASETS/ASV_Spoof_2019_LA/ASVspoof2019_LA_eval/flac/LA_E_6587675.flac,0
/data/DATASETS/ASV_Spoof_2019_LA/ASVspoof2019_LA_dev/flac/LA_D_4550700.flac,0
/data/DATASETS/ASV_Spoof_2019_LA/ASVspoof2019_LA_eval/flac/LA_E_1553940.flac,0
/data/DATASETS/ASV_Spoof_2019_LA/ASVspoof2019_LA_train/flac/LA_T_1243533.flac,0
/data/DATASETS/ASV_Spoof_2019_LA/ASVspoof2019_LA_dev/flac/LA_D_8116083.flac,0
/data/DATASETS/ASV_Spoof_2019_LA/ASVspoof2019_LA_eval/flac/LA_E_2385806.flac,0
/data/DATASETS/ASV_Spoof_2019_LA/ASVspoof2019_LA_train/flac/LA_T_4036336.flac,0
/data/DATASETS/ASV_Spoof_2019_LA/ASVspoof2019_LA_dev/flac/LA_D_6323762.flac,0
/data/DATASETS/ASV_Spoof_2019_LA/ASVspoof2019_LA_eval/flac/LA_E_6029483.flac,0
/data/DATASETS/ASV_Spoof_2019_LA/ASVspoof2019_LA_eval/flac/LA_E_8196979.flac,0
/data/DATASETS/ASV_Spoof_2019_LA/ASVspoof2019_LA_eval/flac/LA_E_7681439.flac,0
/data/DATASETS/ASV_Spoof_2019_LA/ASVspoof2019_LA_dev/flac/LA_D_2928658.flac,0
/data/DATASETS/ASV_Spoof_2019_LA/ASVspoof2019_LA_dev/flac/LA_D_6496486.flac,0
/data/DATASETS/ASV_Spoof_2019_LA/ASVspoof2019_LA_eval/flac/LA_E_7104932.flac,0
/data/DATASETS/ASV_Spoof_2019_LA/ASVspoof2019_LA_eval/flac/LA_E_4078527.flac,0
/data/DATASETS/ASV_Spoof_2019_LA/ASVspoof2019_LA_train/flac/LA_T_6684256.flac,0
/data/DATASETS/ASV_Spoof_2019_LA/ASVspoof2019_LA_dev/flac/LA_D_2227239.flac,0
/data/DATASETS/ASV_Spoof_2019_LA/ASVspoof2019_LA_eval/flac/LA_E_3558382.flac,0
/data/DATASETS/ASV_Spoof_2019_LA/ASVspoof2019_LA_eval/flac/LA_E_9685531.flac,0
/data/DATASETS/ASV_Spoof_2019_LA/ASVspoof2019_LA_eval/flac/LA_E_7148051.flac,0
/data/DATASETS/ASV_Spoof_2019_LA/ASVspoof2019_LA_train/flac/LA_T_4712212.flac,0
/data/DATASETS/ASV_Spoof_2019_LA/ASVspoof2019_LA_eval/flac/LA_E_3125115.flac,0
/data/DATASETS/ASV_Spoof_2019_LA/ASVspoof2019_LA_eval/flac/LA_E_4828197.flac,0
/data/DATASETS/ASV_Spoof_2019_LA/ASVspoof2019_LA_dev/flac/LA_D_4838520.flac,0
/data/DATASETS/ASV_Spoof_2019_LA/ASVspoof2019_LA_eval/flac/LA_E_5332646.flac,0
/data/DATASETS/ASV_Spoof_2019_LA/ASVspoof2019_LA_eval/flac/LA_E_5960316.flac,0
/data/DATASETS/ASV_Spoof_2019_LA/ASVspoof2019_LA_dev/flac/LA_D_8894154.flac,0
/data/DATASETS/ASV_Spoof_2019_LA/ASVspoof2019_LA_train/flac/LA_T_7344886.flac,0
/data/DATASETS/ASV_Spoof_2019_LA/ASVspoof2019_LA_eval/flac/LA_E_7254018.flac,0
/data/DATASETS/ASV_Spoof_2019_LA/ASVspoof2019_LA_eval/flac/LA_E_2735649.flac,0
/data/DATASETS/ASV_Spoof_2019_LA/ASVspoof2019_LA_dev/flac/LA_D_3306187.flac,0
/data/DATASETS/ASV_Spoof_2019_LA/ASVspoof2019_LA_eval/flac/LA_E_5209836.flac,0
/data/DATASETS/ASV_Spoof_2019_LA/ASVspoof2019_LA_eval/flac/LA_E_3099607.flac,0
/data/DATASETS/ASV_Spoof_2019_LA/ASVspoof2019_LA_eval/flac/LA_E_9142465.flac,0
/data/DATASETS/ASV_Spoof_2019_LA/ASVspoof2019_LA_eval/flac/LA_E_5199825.flac,0
/data/DATASETS/ASV_Spoof_2019_LA/ASVspoof2019_LA_eval/flac/LA_E_8686203.flac,0
/data/DATASETS/ASV_Spoof_2019_LA/ASVspoof2019_LA_eval/flac/LA_E_4716734.flac,0
/data/DATASETS/ASV_Spoof_2019_LA/ASVspoof2019_LA_train/flac/LA_T_9075670.flac,0
/data/DATASETS/ASV_Spoof_2019_LA/ASVspoof2019_LA_eval/flac/LA_E_8690496.flac,0
/data/DATASETS/ASV_Spoof_2019_LA/ASVspoof2019_LA_train/flac/LA_T_4891748.flac,0
/data/DATASETS/ASV_Spoof_2019_LA/ASVspoof2019_LA_eval/flac/LA_E_7344110.flac,0
/data/DATASETS/ASV_Spoof_2019_LA/ASVspoof2019_LA_dev/flac/LA_D_8635476.flac,0
/data/DATASETS/ASV_Spoof_2019_LA/ASVspoof2019_LA_eval/flac/LA_E_4287383.flac,0
/data/DATASETS/ASV_Spoof_2019_LA/ASVspoof2019_LA_eval/flac/LA_E_7021780.flac,0
/data/DATASETS/ASV_Spoof_2019_LA/ASVspoof2019_LA_dev/flac/LA_D_6066874.flac,0
/data/DATASETS/ASV_Spoof_2019_LA/ASVspoof2019_LA_eval/flac/LA_E_7286405.flac,0
/data/DATASETS/ASV_Spoof_2019_LA/ASVspoof2019_LA_eval/flac/LA_E_3661341.flac,0
/data/DATASETS/ASV_Spoof_2019_LA/ASVspoof2019_LA_eval/flac/LA_E_7484191.flac,0
/data/DATASETS/ASV_Spoof_2019_LA/ASVspoof2019_LA_train/flac/LA_T_3104100.flac,0
/data/DATASETS/ASV_Spoof_2019_LA/ASVspoof2019_LA_dev/flac/LA_D_7679130.flac,0
/data/DATASETS/ASV_Spoof_2019_LA/ASVspoof2019_LA_train/flac/LA_T_3175127.flac,0
/data/DATASETS/ASV_Spoof_2019_LA/ASVspoof2019_LA_dev/flac/LA_D_7073625.flac,0
/data/DATASETS/ASV_Spoof_2019_LA/ASVspoof2019_LA_train/flac/LA_T_4053835.flac,0
/data/DATASETS/ASV_Spoof_2019_LA/ASVspoof2019_LA_eval/flac/LA_E_7069760.flac,0
/data/DATASETS/ASV_Spoof_2019_LA/ASVspoof2019_LA_eval/flac/LA_E_3570871.flac,0
/data/DATASETS/ASV_Spoof_2019_LA/ASVspoof2019_LA_train/flac/LA_T_9728429.flac,0
/data/DATASETS/ASV_Spoof_2019_LA/ASVspoof2019_LA_eval/flac/LA_E_7075719.flac,0
/data/DATASETS/ASV_Spoof_2019_LA/ASVspoof2019_LA_eval/flac/LA_E_6017356.flac,0
/data/DATASETS/ASV_Spoof_2019_LA/ASVspoof2019_LA_dev/flac/LA_D_2855417.flac,0
/data/DATASETS/ASV_Spoof_2019_LA/ASVspoof2019_LA_eval/flac/LA_E_4786671.flac,0
/data/DATASETS/ASV_Spoof_2019_LA/ASVspoof2019_LA_eval/flac/LA_E_3562137.flac,0
/data/DATASETS/ASV_Spoof_2019_LA/ASVspoof2019_LA_eval/flac/LA_E_6163689.flac,0
/data/DATASETS/ASV_Spoof_2019_LA/ASVspoof2019_LA_dev/flac/LA_D_8679267.flac,0
/data/DATASETS/ASV_Spoof_2019_LA/ASVspoof2019_LA_train/flac/LA_T_9901878.flac,0
/data/DATASETS/ASV_Spoof_2019_LA/ASVspoof2019_LA_eval/flac/LA_E_4155900.flac,0
/data/DATASETS/ASV_Spoof_2019_LA/ASVspoof2019_LA_eval/flac/LA_E_1549576.flac,0
/data/DATASETS/ASV_Spoof_2019_LA/ASVspoof2019_LA_dev/flac/LA_D_9288302.flac,0
/data/DATASETS/ASV_Spoof_2019_LA/ASVspoof2019_LA_dev/flac/LA_D_9148460.flac,0
/data/DATASETS/ASV_Spoof_2019_LA/ASVspoof2019_LA_train/flac/LA_T_6035510.flac,0
/data/DATASETS/ASV_Spoof_2019_LA/ASVspoof2019_LA_eval/flac/LA_E_8889291.flac,0
/data/DATASETS/ASV_Spoof_2019_LA/ASVspoof2019_LA_train/flac/LA_T_9553112.flac,0
/data/DATASETS/ASV_Spoof_2019_LA/ASVspoof2019_LA_train/flac/LA_T_1607779.flac,0
/data/DATASETS/ASV_Spoof_2019_LA/ASVspoof2019_LA_eval/flac/LA_E_1938897.flac,0
/data/DATASETS/ASV_Spoof_2019_LA/ASVspoof2019_LA_train/flac/LA_T_1455233.flac,0
/data/DATASETS/ASV_Spoof_2019_LA/ASVspoof2019_LA_eval/flac/LA_E_4479286.flac,0
/data/DATASETS/ASV_Spoof_2019_LA/ASVspoof2019_LA_eval/flac/LA_E_7509342.flac,0
/data/DATASETS/ASV_Spoof_2019_LA/ASVspoof2019_LA_train/flac/LA_T_9918657.flac,0
/data/DATASETS/ASV_Spoof_2019_LA/ASVspoof2019_LA_eval/flac/LA_E_9850875.flac,0
/data/DATASETS/ASV_Spoof_2019_LA/ASVspoof2019_LA_eval/flac/LA_E_6700890.flac,0
/data/DATASETS/ASV_Spoof_2019_LA/ASVspoof2019_LA_eval/flac/LA_E_8862568.flac,0
/data/DATASETS/ASV_Spoof_2019_LA/ASVspoof2019_LA_dev/flac/LA_D_3291602.flac,0
/data/DATASETS/ASV_Spoof_2019_LA/ASVspoof2019_LA_train/flac/LA_T_3865653.flac,0
/data/DATASETS/ASV_Spoof_2019_LA/ASVspoof2019_LA_eval/flac/LA_E_2915068.flac,0
/data/DATASETS/ASV_Spoof_2019_LA/ASVspoof2019_LA_eval/flac/LA_E_5066319.flac,0
/data/DATASETS/ASV_Spoof_2019_LA/ASVspoof2019_LA_dev/flac/LA_D_5790567.flac,0
/data/DATASETS/ASV_Spoof_2019_LA/ASVspoof2019_LA_eval/flac/LA_E_9304529.flac,0
/data/DATASETS/ASV_Spoof_2019_LA/ASVspoof2019_LA_eval/flac/LA_E_6794006.flac,0
/data/DATASETS/ASV_Spoof_2019_LA/ASVspoof2019_LA_train/flac/LA_T_1630368.flac,0
/data/DATASETS/ASV_Spoof_2019_LA/ASVspoof2019_LA_dev/flac/LA_D_3093310.flac,0
/data/DATASETS/ASV_Spoof_2019_LA/ASVspoof2019_LA_eval/flac/LA_E_9932498.flac,0
/data/DATASETS/ASV_Spoof_2019_LA/ASVspoof2019_LA_dev/flac/LA_D_9374684.flac,0
/data/DATASETS/ASV_Spoof_2019_LA/ASVspoof2019_LA_eval/flac/LA_E_3957992.flac,0
/data/DATASETS/ASV_Spoof_2019_LA/ASVspoof2019_LA_dev/flac/LA_D_2294476.flac,0
/data/DATASETS/ASV_Spoof_2019_LA/ASVspoof2019_LA_eval/flac/LA_E_7141383.flac,0
/data/DATASETS/ASV_Spoof_2019_LA/ASVspoof2019_LA_eval/flac/LA_E_9825324.flac,0
/data/DATASETS/ASV_Spoof_2019_LA/ASVspoof2019_LA_eval/flac/LA_E_6247876.flac,0
/data/DATASETS/ASV_Spoof_2019_LA/ASVspoof2019_LA_train/flac/LA_T_8140876.flac,0
/data/DATASETS/ASV_Spoof_2019_LA/ASVspoof2019_LA_train/flac/LA_T_9226005.flac,0
/data/DATASETS/ASV_Spoof_2019_LA/ASVspoof2019_LA_dev/flac/LA_D_3482661.flac,0
/data/DATASETS/ASV_Spoof_2019_LA/ASVspoof2019_LA_train/flac/LA_T_9124804.flac,0
/data/DATASETS/ASV_Spoof_2019_LA/ASVspoof2019_LA_eval/flac/LA_E_2530614.flac,0
/data/DATASETS/ASV_Spoof_2019_LA/ASVspoof2019_LA_train/flac/LA_T_6117487.flac,0
/data/DATASETS/ASV_Spoof_2019_LA/ASVspoof2019_LA_dev/flac/LA_D_5212308.flac,0
/data/DATASETS/ASV_Spoof_2019_LA/ASVspoof2019_LA_dev/flac/LA_D_7544405.flac,0
/data/DATASETS/ASV_Spoof_2019_LA/ASVspoof2019_LA_eval/flac/LA_E_5572637.flac,0
/data/DATASETS/ASV_Spoof_2019_LA/ASVspoof2019_LA_eval/flac/LA_E_3340901.flac,0
/data/DATASETS/ASV_Spoof_2019_LA/ASVspoof2019_LA_train/flac/LA_T_8847275.flac,0
/data/DATASETS/ASV_Spoof_2019_LA/ASVspoof2019_LA_eval/flac/LA_E_5803157.flac,0
/data/DATASETS/ASV_Spoof_2019_LA/ASVspoof2019_LA_eval/flac/LA_E_3191926.flac,0
/data/DATASETS/ASV_Spoof_2019_LA/ASVspoof2019_LA_eval/flac/LA_E_3824594.flac,0
/data/DATASETS/ASV_Spoof_2019_LA/ASVspoof2019_LA_dev/flac/LA_D_3050627.flac,0
/data/DATASETS/ASV_Spoof_2019_LA/ASVspoof2019_LA_train/flac/LA_T_9874922.flac,0
/data/DATASETS/ASV_Spoof_2019_LA/ASVspoof2019_LA_dev/flac/LA_D_2473174.flac,0
/data/DATASETS/ASV_Spoof_2019_LA/ASVspoof2019_LA_dev/flac/LA_D_7140023.flac,0
/data/DATASETS/ASV_Spoof_2019_LA/ASVspoof2019_LA_train/flac/LA_T_2775248.flac,0
/data/DATASETS/ASV_Spoof_2019_LA/ASVspoof2019_LA_eval/flac/LA_E_6365150.flac,0
/data/DATASETS/ASV_Spoof_2019_LA/ASVspoof2019_LA_eval/flac/LA_E_5207964.flac,0
/data/DATASETS/ASV_Spoof_2019_LA/ASVspoof2019_LA_eval/flac/LA_E_6814139.flac,0
/data/DATASETS/ASV_Spoof_2019_LA/ASVspoof2019_LA_train/flac/LA_T_3477694.flac,0
/data/DATASETS/ASV_Spoof_2019_LA/ASVspoof2019_LA_train/flac/LA_T_1290428.flac,0
/data/DATASETS/ASV_Spoof_2019_LA/ASVspoof2019_LA_eval/flac/LA_E_3445486.flac,0
/data/DATASETS/ASV_Spoof_2019_LA/ASVspoof2019_LA_train/flac/LA_T_8236638.flac,0
/data/DATASETS/ASV_Spoof_2019_LA/ASVspoof2019_LA_eval/flac/LA_E_1616928.flac,0
/data/DATASETS/ASV_Spoof_2019_LA/ASVspoof2019_LA_eval/flac/LA_E_5763952.flac,0
/data/DATASETS/ASV_Spoof_2019_LA/ASVspoof2019_LA_eval/flac/LA_E_1750680.flac,0
/data/DATASETS/ASV_Spoof_2019_LA/ASVspoof2019_LA_train/flac/LA_T_3560086.flac,0
/data/DATASETS/ASV_Spoof_2019_LA/ASVspoof2019_LA_eval/flac/LA_E_5588661.flac,0
/data/DATASETS/ASV_Spoof_2019_LA/ASVspoof2019_LA_eval/flac/LA_E_9266414.flac,0
/data/DATASETS/ASV_Spoof_2019_LA/ASVspoof2019_LA_eval/flac/LA_E_4325343.flac,0
/data/DATASETS/ASV_Spoof_2019_LA/ASVspoof2019_LA_eval/flac/LA_E_4085810.flac,0
/data/DATASETS/ASV_Spoof_2019_LA/ASVspoof2019_LA_dev/flac/LA_D_8592900.flac,0
/data/DATASETS/ASV_Spoof_2019_LA/ASVspoof2019_LA_eval/flac/LA_E_9601251.flac,0
/data/DATASETS/ASV_Spoof_2019_LA/ASVspoof2019_LA_dev/flac/LA_D_8582039.flac,0
/data/DATASETS/ASV_Spoof_2019_LA/ASVspoof2019_LA_eval/flac/LA_E_1721348.flac,0
/data/DATASETS/ASV_Spoof_2019_LA/ASVspoof2019_LA_eval/flac/LA_E_5557119.flac,0
/data/DATASETS/ASV_Spoof_2019_LA/ASVspoof2019_LA_dev/flac/LA_D_2666751.flac,0
/data/DATASETS/ASV_Spoof_2019_LA/ASVspoof2019_LA_eval/flac/LA_E_7987365.flac,0
/data/DATASETS/ASV_Spoof_2019_LA/ASVspoof2019_LA_eval/flac/LA_E_2578701.flac,0
/data/DATASETS/ASV_Spoof_2019_LA/ASVspoof2019_LA_eval/flac/LA_E_8440173.flac,0
/data/DATASETS/ASV_Spoof_2019_LA/ASVspoof2019_LA_dev/flac/LA_D_1608630.flac,0
/data/DATASETS/ASV_Spoof_2019_LA/ASVspoof2019_LA_eval/flac/LA_E_8347876.flac,0
/data/DATASETS/ASV_Spoof_2019_LA/ASVspoof2019_LA_eval/flac/LA_E_3251467.flac,0
/data/DATASETS/ASV_Spoof_2019_LA/ASVspoof2019_LA_eval/flac/LA_E_4539224.flac,0
/data/DATASETS/ASV_Spoof_2019_LA/ASVspoof2019_LA_eval/flac/LA_E_9266084.flac,0
/data/DATASETS/ASV_Spoof_2019_LA/ASVspoof2019_LA_eval/flac/LA_E_8374049.flac,0
/data/DATASETS/ASV_Spoof_2019_LA/ASVspoof2019_LA_dev/flac/LA_D_3124251.flac,0
/data/DATASETS/ASV_Spoof_2019_LA/ASVspoof2019_LA_eval/flac/LA_E_5572640.flac,0
/data/DATASETS/ASV_Spoof_2019_LA/ASVspoof2019_LA_dev/flac/LA_D_9475102.flac,0
/data/DATASETS/ASV_Spoof_2019_LA/ASVspoof2019_LA_eval/flac/LA_E_7572967.flac,0
/data/DATASETS/ASV_Spoof_2019_LA/ASVspoof2019_LA_dev/flac/LA_D_9841321.flac,0
/data/DATASETS/ASV_Spoof_2019_LA/ASVspoof2019_LA_train/flac/LA_T_3036128.flac,0
/data/DATASETS/ASV_Spoof_2019_LA/ASVspoof2019_LA_eval/flac/LA_E_3223650.flac,0
/data/DATASETS/ASV_Spoof_2019_LA/ASVspoof2019_LA_eval/flac/LA_E_7951315.flac,0
/data/DATASETS/ASV_Spoof_2019_LA/ASVspoof2019_LA_eval/flac/LA_E_3192966.flac,0
/data/DATASETS/ASV_Spoof_2019_LA/ASVspoof2019_LA_dev/flac/LA_D_1400319.flac,0
/data/DATASETS/ASV_Spoof_2019_LA/ASVspoof2019_LA_train/flac/LA_T_9457505.flac,0
/data/DATASETS/ASV_Spoof_2019_LA/ASVspoof2019_LA_train/flac/LA_T_9389215.flac,0
/data/DATASETS/ASV_Spoof_2019_LA/ASVspoof2019_LA_dev/flac/LA_D_3370277.flac,0
/data/DATASETS/ASV_Spoof_2019_LA/ASVspoof2019_LA_dev/flac/LA_D_1879957.flac,0
/data/DATASETS/ASV_Spoof_2019_LA/ASVspoof2019_LA_train/flac/LA_T_1569381.flac,0
/data/DATASETS/ASV_Spoof_2019_LA/ASVspoof2019_LA_dev/flac/LA_D_7299514.flac,0
/data/DATASETS/ASV_Spoof_2019_LA/ASVspoof2019_LA_eval/flac/LA_E_7845776.flac,0
/data/DATASETS/ASV_Spoof_2019_LA/ASVspoof2019_LA_train/flac/LA_T_4245794.flac,0
/data/DATASETS/ASV_Spoof_2019_LA/ASVspoof2019_LA_eval/flac/LA_E_5276352.flac,0
/data/DATASETS/ASV_Spoof_2019_LA/ASVspoof2019_LA_eval/flac/LA_E_5831519.flac,0
/data/DATASETS/ASV_Spoof_2019_LA/ASVspoof2019_LA_eval/flac/LA_E_4949797.flac,0
/data/DATASETS/ASV_Spoof_2019_LA/ASVspoof2019_LA_eval/flac/LA_E_8814986.flac,0
/data/DATASETS/ASV_Spoof_2019_LA/ASVspoof2019_LA_dev/flac/LA_D_2425839.flac,0
/data/DATASETS/ASV_Spoof_2019_LA/ASVspoof2019_LA_train/flac/LA_T_4072277.flac,0
/data/DATASETS/ASV_Spoof_2019_LA/ASVspoof2019_LA_eval/flac/LA_E_7329908.flac,0
/data/DATASETS/ASV_Spoof_2019_LA/ASVspoof2019_LA_eval/flac/LA_E_3925062.flac,0
/data/DATASETS/ASV_Spoof_2019_LA/ASVspoof2019_LA_eval/flac/LA_E_9203884.flac,0
/data/DATASETS/ASV_Spoof_2019_LA/ASVspoof2019_LA_dev/flac/LA_D_7715110.flac,0
/data/DATASETS/ASV_Spoof_2019_LA/ASVspoof2019_LA_eval/flac/LA_E_5809479.flac,0
/data/DATASETS/ASV_Spoof_2019_LA/ASVspoof2019_LA_eval/flac/LA_E_2484014.flac,0
/data/DATASETS/ASV_Spoof_2019_LA/ASVspoof2019_LA_train/flac/LA_T_6903114.flac,0
/data/DATASETS/ASV_Spoof_2019_LA/ASVspoof2019_LA_eval/flac/LA_E_9377546.flac,0
/data/DATASETS/ASV_Spoof_2019_LA/ASVspoof2019_LA_dev/flac/LA_D_7700830.flac,0
/data/DATASETS/ASV_Spoof_2019_LA/ASVspoof2019_LA_train/flac/LA_T_6766056.flac,0
/data/DATASETS/ASV_Spoof_2019_LA/ASVspoof2019_LA_eval/flac/LA_E_9881986.flac,0
/data/DATASETS/ASV_Spoof_2019_LA/ASVspoof2019_LA_eval/flac/LA_E_7257971.flac,0
/data/DATASETS/ASV_Spoof_2019_LA/ASVspoof2019_LA_eval/flac/LA_E_9518312.flac,0
/data/DATASETS/ASV_Spoof_2019_LA/ASVspoof2019_LA_eval/flac/LA_E_3202247.flac,0
/data/DATASETS/ASV_Spoof_2019_LA/ASVspoof2019_LA_eval/flac/LA_E_5002409.flac,0
/data/DATASETS/ASV_Spoof_2019_LA/ASVspoof2019_LA_dev/flac/LA_D_7467696.flac,0
/data/DATASETS/ASV_Spoof_2019_LA/ASVspoof2019_LA_train/flac/LA_T_5994708.flac,0
/data/DATASETS/ASV_Spoof_2019_LA/ASVspoof2019_LA_eval/flac/LA_E_3316037.flac,0
/data/DATASETS/ASV_Spoof_2019_LA/ASVspoof2019_LA_eval/flac/LA_E_8855620.flac,0
/data/DATASETS/ASV_Spoof_2019_LA/ASVspoof2019_LA_eval/flac/LA_E_6281766.flac,0
/data/DATASETS/ASV_Spoof_2019_LA/ASVspoof2019_LA_eval/flac/LA_E_7465467.flac,0
/data/DATASETS/ASV_Spoof_2019_LA/ASVspoof2019_LA_eval/flac/LA_E_4212023.flac,0
/data/DATASETS/ASV_Spoof_2019_LA/ASVspoof2019_LA_dev/flac/LA_D_2435925.flac,0
/data/DATASETS/ASV_Spoof_2019_LA/ASVspoof2019_LA_eval/flac/LA_E_3505123.flac,0
/data/DATASETS/ASV_Spoof_2019_LA/ASVspoof2019_LA_eval/flac/LA_E_7318100.flac,0
/data/DATASETS/ASV_Spoof_2019_LA/ASVspoof2019_LA_eval/flac/LA_E_3559983.flac,0
/data/DATASETS/ASV_Spoof_2019_LA/ASVspoof2019_LA_train/flac/LA_T_8111589.flac,0
/data/DATASETS/ASV_Spoof_2019_LA/ASVspoof2019_LA_eval/flac/LA_E_6384397.flac,0
/data/DATASETS/ASV_Spoof_2019_LA/ASVspoof2019_LA_eval/flac/LA_E_7174607.flac,0
/data/DATASETS/ASV_Spoof_2019_LA/ASVspoof2019_LA_dev/flac/LA_D_4082470.flac,0
/data/DATASETS/ASV_Spoof_2019_LA/ASVspoof2019_LA_dev/flac/LA_D_5431156.flac,0
/data/DATASETS/ASV_Spoof_2019_LA/ASVspoof2019_LA_eval/flac/LA_E_8079750.flac,0
/data/DATASETS/ASV_Spoof_2019_LA/ASVspoof2019_LA_eval/flac/LA_E_9628842.flac,0
/data/DATASETS/ASV_Spoof_2019_LA/ASVspoof2019_LA_eval/flac/LA_E_7514988.flac,0
/data/DATASETS/ASV_Spoof_2019_LA/ASVspoof2019_LA_eval/flac/LA_E_5033080.flac,0
/data/DATASETS/ASV_Spoof_2019_LA/ASVspoof2019_LA_dev/flac/LA_D_4894198.flac,0
/data/DATASETS/ASV_Spoof_2019_LA/ASVspoof2019_LA_eval/flac/LA_E_1092011.flac,0
/data/DATASETS/ASV_Spoof_2019_LA/ASVspoof2019_LA_eval/flac/LA_E_1354185.flac,0
/data/DATASETS/ASV_Spoof_2019_LA/ASVspoof2019_LA_eval/flac/LA_E_5209656.flac,0
/data/DATASETS/ASV_Spoof_2019_LA/ASVspoof2019_LA_eval/flac/LA_E_1454808.flac,0
/data/DATASETS/ASV_Spoof_2019_LA/ASVspoof2019_LA_eval/flac/LA_E_1079546.flac,0
/data/DATASETS/ASV_Spoof_2019_LA/ASVspoof2019_LA_eval/flac/LA_E_6679260.flac,0
/data/DATASETS/ASV_Spoof_2019_LA/ASVspoof2019_LA_eval/flac/LA_E_8186654.flac,0
/data/DATASETS/ASV_Spoof_2019_LA/ASVspoof2019_LA_eval/flac/LA_E_1083805.flac,0
/data/DATASETS/ASV_Spoof_2019_LA/ASVspoof2019_LA_eval/flac/LA_E_8026653.flac,0
/data/DATASETS/ASV_Spoof_2019_LA/ASVspoof2019_LA_eval/flac/LA_E_5260144.flac,0
/data/DATASETS/ASV_Spoof_2019_LA/ASVspoof2019_LA_eval/flac/LA_E_5033229.flac,0
/data/DATASETS/ASV_Spoof_2019_LA/ASVspoof2019_LA_eval/flac/LA_E_6834679.flac,0
/data/DATASETS/ASV_Spoof_2019_LA/ASVspoof2019_LA_dev/flac/LA_D_6402048.flac,0
/data/DATASETS/ASV_Spoof_2019_LA/ASVspoof2019_LA_dev/flac/LA_D_1052072.flac,0
/data/DATASETS/ASV_Spoof_2019_LA/ASVspoof2019_LA_dev/flac/LA_D_6710190.flac,0
/data/DATASETS/ASV_Spoof_2019_LA/ASVspoof2019_LA_eval/flac/LA_E_5364953.flac,0
/data/DATASETS/ASV_Spoof_2019_LA/ASVspoof2019_LA_eval/flac/LA_E_2970071.flac,0
/data/DATASETS/ASV_Spoof_2019_LA/ASVspoof2019_LA_eval/flac/LA_E_2824959.flac,0
/data/DATASETS/ASV_Spoof_2019_LA/ASVspoof2019_LA_train/flac/LA_T_3499323.flac,0
/data/DATASETS/ASV_Spoof_2019_LA/ASVspoof2019_LA_eval/flac/LA_E_6411489.flac,0
/data/DATASETS/ASV_Spoof_2019_LA/ASVspoof2019_LA_train/flac/LA_T_9631300.flac,0
/data/DATASETS/ASV_Spoof_2019_LA/ASVspoof2019_LA_eval/flac/LA_E_1806879.flac,0
/data/DATASETS/ASV_Spoof_2019_LA/ASVspoof2019_LA_train/flac/LA_T_7779179.flac,0
/data/DATASETS/ASV_Spoof_2019_LA/ASVspoof2019_LA_dev/flac/LA_D_7712846.flac,0
/data/DATASETS/ASV_Spoof_2019_LA/ASVspoof2019_LA_dev/flac/LA_D_4494387.flac,0
/data/DATASETS/ASV_Spoof_2019_LA/ASVspoof2019_LA_eval/flac/LA_E_3009943.flac,0
/data/DATASETS/ASV_Spoof_2019_LA/ASVspoof2019_LA_eval/flac/LA_E_8053032.flac,0
/data/DATASETS/ASV_Spoof_2019_LA/ASVspoof2019_LA_eval/flac/LA_E_4723563.flac,0
/data/DATASETS/ASV_Spoof_2019_LA/ASVspoof2019_LA_eval/flac/LA_E_8006424.flac,0
/data/DATASETS/ASV_Spoof_2019_LA/ASVspoof2019_LA_eval/flac/LA_E_7613276.flac,0
/data/DATASETS/ASV_Spoof_2019_LA/ASVspoof2019_LA_eval/flac/LA_E_8391430.flac,0
/data/DATASETS/ASV_Spoof_2019_LA/ASVspoof2019_LA_eval/flac/LA_E_6135912.flac,0
/data/DATASETS/ASV_Spoof_2019_LA/ASVspoof2019_LA_eval/flac/LA_E_7715041.flac,0
/data/DATASETS/ASV_Spoof_2019_LA/ASVspoof2019_LA_eval/flac/LA_E_6588465.flac,0
/data/DATASETS/ASV_Spoof_2019_LA/ASVspoof2019_LA_eval/flac/LA_E_6134868.flac,0
/data/DATASETS/ASV_Spoof_2019_LA/ASVspoof2019_LA_eval/flac/LA_E_4402351.flac,0
/data/DATASETS/ASV_Spoof_2019_LA/ASVspoof2019_LA_eval/flac/LA_E_8748180.flac,0
/data/DATASETS/ASV_Spoof_2019_LA/ASVspoof2019_LA_eval/flac/LA_E_2750299.flac,0
/data/DATASETS/ASV_Spoof_2019_LA/ASVspoof2019_LA_train/flac/LA_T_5064135.flac,0
/data/DATASETS/ASV_Spoof_2019_LA/ASVspoof2019_LA_dev/flac/LA_D_2972247.flac,0
/data/DATASETS/ASV_Spoof_2019_LA/ASVspoof2019_LA_eval/flac/LA_E_1133947.flac,0
/data/DATASETS/ASV_Spoof_2019_LA/ASVspoof2019_LA_train/flac/LA_T_6306026.flac,0
/data/DATASETS/ASV_Spoof_2019_LA/ASVspoof2019_LA_train/flac/LA_T_3582106.flac,0
/data/DATASETS/ASV_Spoof_2019_LA/ASVspoof2019_LA_eval/flac/LA_E_6769577.flac,0
/data/DATASETS/ASV_Spoof_2019_LA/ASVspoof2019_LA_dev/flac/LA_D_5037208.flac,0
/data/DATASETS/ASV_Spoof_2019_LA/ASVspoof2019_LA_eval/flac/LA_E_6043062.flac,0
/data/DATASETS/ASV_Spoof_2019_LA/ASVspoof2019_LA_eval/flac/LA_E_7289071.flac,0
/data/DATASETS/ASV_Spoof_2019_LA/ASVspoof2019_LA_eval/flac/LA_E_6089598.flac,0
/data/DATASETS/ASV_Spoof_2019_LA/ASVspoof2019_LA_train/flac/LA_T_6082276.flac,0
/data/DATASETS/ASV_Spoof_2019_LA/ASVspoof2019_LA_eval/flac/LA_E_3554593.flac,0
/data/DATASETS/ASV_Spoof_2019_LA/ASVspoof2019_LA_dev/flac/LA_D_3342452.flac,0
/data/DATASETS/ASV_Spoof_2019_LA/ASVspoof2019_LA_eval/flac/LA_E_4364195.flac,0
/data/DATASETS/ASV_Spoof_2019_LA/ASVspoof2019_LA_eval/flac/LA_E_1636665.flac,0
/data/DATASETS/ASV_Spoof_2019_LA/ASVspoof2019_LA_eval/flac/LA_E_4404205.flac,0
/data/DATASETS/ASV_Spoof_2019_LA/ASVspoof2019_LA_eval/flac/LA_E_4073180.flac,0
/data/DATASETS/ASV_Spoof_2019_LA/ASVspoof2019_LA_train/flac/LA_T_9955851.flac,0
/data/DATASETS/ASV_Spoof_2019_LA/ASVspoof2019_LA_eval/flac/LA_E_9224552.flac,0
/data/DATASETS/ASV_Spoof_2019_LA/ASVspoof2019_LA_eval/flac/LA_E_1347042.flac,0
/data/DATASETS/ASV_Spoof_2019_LA/ASVspoof2019_LA_eval/flac/LA_E_8189792.flac,0
/data/DATASETS/ASV_Spoof_2019_LA/ASVspoof2019_LA_eval/flac/LA_E_8796777.flac,0
/data/DATASETS/ASV_Spoof_2019_LA/ASVspoof2019_LA_eval/flac/LA_E_3287190.flac,0
/data/DATASETS/ASV_Spoof_2019_LA/ASVspoof2019_LA_eval/flac/LA_E_4989617.flac,0
/data/DATASETS/ASV_Spoof_2019_LA/ASVspoof2019_LA_eval/flac/LA_E_5625513.flac,0
/data/DATASETS/ASV_Spoof_2019_LA/ASVspoof2019_LA_train/flac/LA_T_1363611.flac,0
/data/DATASETS/ASV_Spoof_2019_LA/ASVspoof2019_LA_eval/flac/LA_E_7464302.flac,0
/data/DATASETS/ASV_Spoof_2019_LA/ASVspoof2019_LA_train/flac/LA_T_3679258.flac,0
/data/DATASETS/ASV_Spoof_2019_LA/ASVspoof2019_LA_eval/flac/LA_E_3382596.flac,0
/data/DATASETS/ASV_Spoof_2019_LA/ASVspoof2019_LA_eval/flac/LA_E_5049928.flac,0
/data/DATASETS/ASV_Spoof_2019_LA/ASVspoof2019_LA_train/flac/LA_T_3127213.flac,0
/data/DATASETS/ASV_Spoof_2019_LA/ASVspoof2019_LA_eval/flac/LA_E_3457350.flac,0
/data/DATASETS/ASV_Spoof_2019_LA/ASVspoof2019_LA_train/flac/LA_T_4075500.flac,0
/data/DATASETS/ASV_Spoof_2019_LA/ASVspoof2019_LA_dev/flac/LA_D_8316995.flac,0
/data/DATASETS/ASV_Spoof_2019_LA/ASVspoof2019_LA_eval/flac/LA_E_8022597.flac,0
/data/DATASETS/ASV_Spoof_2019_LA/ASVspoof2019_LA_eval/flac/LA_E_8353705.flac,0
/data/DATASETS/ASV_Spoof_2019_LA/ASVspoof2019_LA_train/flac/LA_T_8025784.flac,0
/data/DATASETS/ASV_Spoof_2019_LA/ASVspoof2019_LA_eval/flac/LA_E_9564542.flac,0
/data/DATASETS/ASV_Spoof_2019_LA/ASVspoof2019_LA_eval/flac/LA_E_3109378.flac,0
/data/DATASETS/ASV_Spoof_2019_LA/ASVspoof2019_LA_train/flac/LA_T_3680444.flac,0
/data/DATASETS/ASV_Spoof_2019_LA/ASVspoof2019_LA_eval/flac/LA_E_4696961.flac,0
/data/DATASETS/ASV_Spoof_2019_LA/ASVspoof2019_LA_eval/flac/LA_E_5254592.flac,0
/data/DATASETS/ASV_Spoof_2019_LA/ASVspoof2019_LA_train/flac/LA_T_5340625.flac,0
/data/DATASETS/ASV_Spoof_2019_LA/ASVspoof2019_LA_eval/flac/LA_E_4075497.flac,0
/data/DATASETS/ASV_Spoof_2019_LA/ASVspoof2019_LA_eval/flac/LA_E_8550757.flac,0
/data/DATASETS/ASV_Spoof_2019_LA/ASVspoof2019_LA_eval/flac/LA_E_3518529.flac,0
/data/DATASETS/ASV_Spoof_2019_LA/ASVspoof2019_LA_dev/flac/LA_D_6291738.flac,0
/data/DATASETS/ASV_Spoof_2019_LA/ASVspoof2019_LA_eval/flac/LA_E_4227255.flac,0
/data/DATASETS/ASV_Spoof_2019_LA/ASVspoof2019_LA_eval/flac/LA_E_4458230.flac,0
/data/DATASETS/ASV_Spoof_2019_LA/ASVspoof2019_LA_eval/flac/LA_E_8399265.flac,0
/data/DATASETS/ASV_Spoof_2019_LA/ASVspoof2019_LA_eval/flac/LA_E_9416429.flac,0
/data/DATASETS/ASV_Spoof_2019_LA/ASVspoof2019_LA_dev/flac/LA_D_3577801.flac,0
/data/DATASETS/ASV_Spoof_2019_LA/ASVspoof2019_LA_dev/flac/LA_D_6382055.flac,0
/data/DATASETS/ASV_Spoof_2019_LA/ASVspoof2019_LA_eval/flac/LA_E_5834361.flac,0
/data/DATASETS/ASV_Spoof_2019_LA/ASVspoof2019_LA_train/flac/LA_T_5307856.flac,0
/data/DATASETS/ASV_Spoof_2019_LA/ASVspoof2019_LA_eval/flac/LA_E_4295011.flac,0
/data/DATASETS/ASV_Spoof_2019_LA/ASVspoof2019_LA_eval/flac/LA_E_2965968.flac,0
/data/DATASETS/ASV_Spoof_2019_LA/ASVspoof2019_LA_eval/flac/LA_E_1598102.flac,0
/data/DATASETS/ASV_Spoof_2019_LA/ASVspoof2019_LA_eval/flac/LA_E_7010717.flac,0
/data/DATASETS/ASV_Spoof_2019_LA/ASVspoof2019_LA_eval/flac/LA_E_3912059.flac,0
/data/DATASETS/ASV_Spoof_2019_LA/ASVspoof2019_LA_train/flac/LA_T_5840582.flac,0
/data/DATASETS/ASV_Spoof_2019_LA/ASVspoof2019_LA_eval/flac/LA_E_9398873.flac,0
/data/DATASETS/ASV_Spoof_2019_LA/ASVspoof2019_LA_train/flac/LA_T_8473215.flac,0
/data/DATASETS/ASV_Spoof_2019_LA/ASVspoof2019_LA_eval/flac/LA_E_9221532.flac,0
/data/DATASETS/ASV_Spoof_2019_LA/ASVspoof2019_LA_eval/flac/LA_E_4628433.flac,0
/data/DATASETS/ASV_Spoof_2019_LA/ASVspoof2019_LA_dev/flac/LA_D_9064936.flac,0
/data/DATASETS/ASV_Spoof_2019_LA/ASVspoof2019_LA_dev/flac/LA_D_8274900.flac,0
/data/DATASETS/ASV_Spoof_2019_LA/ASVspoof2019_LA_train/flac/LA_T_6302089.flac,0
/data/DATASETS/ASV_Spoof_2019_LA/ASVspoof2019_LA_dev/flac/LA_D_1105489.flac,0
/data/DATASETS/ASV_Spoof_2019_LA/ASVspoof2019_LA_train/flac/LA_T_7022615.flac,0
/data/DATASETS/ASV_Spoof_2019_LA/ASVspoof2019_LA_eval/flac/LA_E_2352920.flac,0
/data/DATASETS/ASV_Spoof_2019_LA/ASVspoof2019_LA_eval/flac/LA_E_3897923.flac,0
/data/DATASETS/ASV_Spoof_2019_LA/ASVspoof2019_LA_train/flac/LA_T_6160841.flac,0
/data/DATASETS/ASV_Spoof_2019_LA/ASVspoof2019_LA_train/flac/LA_T_8459920.flac,0
/data/DATASETS/ASV_Spoof_2019_LA/ASVspoof2019_LA_dev/flac/LA_D_1487726.flac,0
/data/DATASETS/ASV_Spoof_2019_LA/ASVspoof2019_LA_eval/flac/LA_E_7705349.flac,0
/data/DATASETS/ASV_Spoof_2019_LA/ASVspoof2019_LA_eval/flac/LA_E_6744150.flac,0
/data/DATASETS/ASV_Spoof_2019_LA/ASVspoof2019_LA_eval/flac/LA_E_1260738.flac,0
/data/DATASETS/ASV_Spoof_2019_LA/ASVspoof2019_LA_eval/flac/LA_E_6446608.flac,0
/data/DATASETS/ASV_Spoof_2019_LA/ASVspoof2019_LA_train/flac/LA_T_7402461.flac,0
/data/DATASETS/ASV_Spoof_2019_LA/ASVspoof2019_LA_eval/flac/LA_E_5906664.flac,0
/data/DATASETS/ASV_Spoof_2019_LA/ASVspoof2019_LA_dev/flac/LA_D_3116201.flac,0
/data/DATASETS/ASV_Spoof_2019_LA/ASVspoof2019_LA_eval/flac/LA_E_5728300.flac,0
/data/DATASETS/ASV_Spoof_2019_LA/ASVspoof2019_LA_eval/flac/LA_E_6076795.flac,0
/data/DATASETS/ASV_Spoof_2019_LA/ASVspoof2019_LA_eval/flac/LA_E_4923188.flac,0
/data/DATASETS/ASV_Spoof_2019_LA/ASVspoof2019_LA_eval/flac/LA_E_6776405.flac,0
/data/DATASETS/ASV_Spoof_2019_LA/ASVspoof2019_LA_dev/flac/LA_D_1096053.flac,0
/data/DATASETS/ASV_Spoof_2019_LA/ASVspoof2019_LA_eval/flac/LA_E_8128704.flac,0
/data/DATASETS/ASV_Spoof_2019_LA/ASVspoof2019_LA_eval/flac/LA_E_1073482.flac,0
/data/DATASETS/ASV_Spoof_2019_LA/ASVspoof2019_LA_train/flac/LA_T_8119863.flac,0
/data/DATASETS/ASV_Spoof_2019_LA/ASVspoof2019_LA_eval/flac/LA_E_2071140.flac,0
/data/DATASETS/ASV_Spoof_2019_LA/ASVspoof2019_LA_train/flac/LA_T_6949400.flac,0
/data/DATASETS/ASV_Spoof_2019_LA/ASVspoof2019_LA_eval/flac/LA_E_6374446.flac,0
/data/DATASETS/ASV_Spoof_2019_LA/ASVspoof2019_LA_eval/flac/LA_E_6420394.flac,0
/data/DATASETS/ASV_Spoof_2019_LA/ASVspoof2019_LA_eval/flac/LA_E_1632352.flac,0
/data/DATASETS/ASV_Spoof_2019_LA/ASVspoof2019_LA_eval/flac/LA_E_2333371.flac,0
/data/DATASETS/ASV_Spoof_2019_LA/ASVspoof2019_LA_eval/flac/LA_E_1251409.flac,0
/data/DATASETS/ASV_Spoof_2019_LA/ASVspoof2019_LA_eval/flac/LA_E_1489624.flac,0
/data/DATASETS/ASV_Spoof_2019_LA/ASVspoof2019_LA_eval/flac/LA_E_3748452.flac,0
/data/DATASETS/ASV_Spoof_2019_LA/ASVspoof2019_LA_dev/flac/LA_D_4361968.flac,0
/data/DATASETS/ASV_Spoof_2019_LA/ASVspoof2019_LA_eval/flac/LA_E_3593052.flac,0
/data/DATASETS/ASV_Spoof_2019_LA/ASVspoof2019_LA_eval/flac/LA_E_2189436.flac,0
/data/DATASETS/ASV_Spoof_2019_LA/ASVspoof2019_LA_eval/flac/LA_E_1725200.flac,0
/data/DATASETS/ASV_Spoof_2019_LA/ASVspoof2019_LA_eval/flac/LA_E_3673893.flac,0
/data/DATASETS/ASV_Spoof_2019_LA/ASVspoof2019_LA_eval/flac/LA_E_7605406.flac,0
/data/DATASETS/ASV_Spoof_2019_LA/ASVspoof2019_LA_eval/flac/LA_E_8587535.flac,0
/data/DATASETS/ASV_Spoof_2019_LA/ASVspoof2019_LA_eval/flac/LA_E_2431227.flac,0
/data/DATASETS/ASV_Spoof_2019_LA/ASVspoof2019_LA_eval/flac/LA_E_8853643.flac,0
/data/DATASETS/ASV_Spoof_2019_LA/ASVspoof2019_LA_dev/flac/LA_D_3387539.flac,0
/data/DATASETS/ASV_Spoof_2019_LA/ASVspoof2019_LA_train/flac/LA_T_4043474.flac,0
/data/DATASETS/ASV_Spoof_2019_LA/ASVspoof2019_LA_eval/flac/LA_E_2378020.flac,0
/data/DATASETS/ASV_Spoof_2019_LA/ASVspoof2019_LA_train/flac/LA_T_3127267.flac,0
/data/DATASETS/ASV_Spoof_2019_LA/ASVspoof2019_LA_eval/flac/LA_E_8003607.flac,0
/data/DATASETS/ASV_Spoof_2019_LA/ASVspoof2019_LA_eval/flac/LA_E_6901928.flac,0
/data/DATASETS/ASV_Spoof_2019_LA/ASVspoof2019_LA_eval/flac/LA_E_2849348.flac,0
/data/DATASETS/ASV_Spoof_2019_LA/ASVspoof2019_LA_eval/flac/LA_E_5332673.flac,0
/data/DATASETS/ASV_Spoof_2019_LA/ASVspoof2019_LA_eval/flac/LA_E_5826594.flac,0
/data/DATASETS/ASV_Spoof_2019_LA/ASVspoof2019_LA_train/flac/LA_T_6416841.flac,0
/data/DATASETS/ASV_Spoof_2019_LA/ASVspoof2019_LA_eval/flac/LA_E_7404410.flac,0
/data/DATASETS/ASV_Spoof_2019_LA/ASVspoof2019_LA_eval/flac/LA_E_8375350.flac,0
/data/DATASETS/ASV_Spoof_2019_LA/ASVspoof2019_LA_eval/flac/LA_E_8192129.flac,0
/data/DATASETS/ASV_Spoof_2019_LA/ASVspoof2019_LA_eval/flac/LA_E_5521640.flac,0
/data/DATASETS/ASV_Spoof_2019_LA/ASVspoof2019_LA_eval/flac/LA_E_2195717.flac,0
/data/DATASETS/ASV_Spoof_2019_LA/ASVspoof2019_LA_dev/flac/LA_D_9113588.flac,0
/data/DATASETS/ASV_Spoof_2019_LA/ASVspoof2019_LA_eval/flac/LA_E_3835973.flac,0
/data/DATASETS/ASV_Spoof_2019_LA/ASVspoof2019_LA_eval/flac/LA_E_5483860.flac,0
/data/DATASETS/ASV_Spoof_2019_LA/ASVspoof2019_LA_eval/flac/LA_E_1357107.flac,0
/data/DATASETS/ASV_Spoof_2019_LA/ASVspoof2019_LA_train/flac/LA_T_6007335.flac,0
/data/DATASETS/ASV_Spoof_2019_LA/ASVspoof2019_LA_eval/flac/LA_E_9766052.flac,0
/data/DATASETS/ASV_Spoof_2019_LA/ASVspoof2019_LA_train/flac/LA_T_3849267.flac,0
/data/DATASETS/ASV_Spoof_2019_LA/ASVspoof2019_LA_eval/flac/LA_E_8587908.flac,0
/data/DATASETS/ASV_Spoof_2019_LA/ASVspoof2019_LA_eval/flac/LA_E_3014453.flac,0
/data/DATASETS/ASV_Spoof_2019_LA/ASVspoof2019_LA_eval/flac/LA_E_1955285.flac,0
/data/DATASETS/ASV_Spoof_2019_LA/ASVspoof2019_LA_eval/flac/LA_E_4710355.flac,0
/data/DATASETS/ASV_Spoof_2019_LA/ASVspoof2019_LA_eval/flac/LA_E_2538556.flac,0
/data/DATASETS/ASV_Spoof_2019_LA/ASVspoof2019_LA_eval/flac/LA_E_7936624.flac,0
/data/DATASETS/ASV_Spoof_2019_LA/ASVspoof2019_LA_eval/flac/LA_E_5783203.flac,0
/data/DATASETS/ASV_Spoof_2019_LA/ASVspoof2019_LA_eval/flac/LA_E_5448766.flac,0
/data/DATASETS/ASV_Spoof_2019_LA/ASVspoof2019_LA_eval/flac/LA_E_7048689.flac,0
/data/DATASETS/ASV_Spoof_2019_LA/ASVspoof2019_LA_eval/flac/LA_E_7823436.flac,0
/data/DATASETS/ASV_Spoof_2019_LA/ASVspoof2019_LA_train/flac/LA_T_4566714.flac,0
/data/DATASETS/ASV_Spoof_2019_LA/ASVspoof2019_LA_dev/flac/LA_D_8194315.flac,0
/data/DATASETS/ASV_Spoof_2019_LA/ASVspoof2019_LA_eval/flac/LA_E_3358578.flac,0
/data/DATASETS/ASV_Spoof_2019_LA/ASVspoof2019_LA_eval/flac/LA_E_9659383.flac,0
/data/DATASETS/ASV_Spoof_2019_LA/ASVspoof2019_LA_dev/flac/LA_D_4441987.flac,0
/data/DATASETS/ASV_Spoof_2019_LA/ASVspoof2019_LA_eval/flac/LA_E_4292528.flac,0
/data/DATASETS/ASV_Spoof_2019_LA/ASVspoof2019_LA_eval/flac/LA_E_2491580.flac,0
/data/DATASETS/ASV_Spoof_2019_LA/ASVspoof2019_LA_dev/flac/LA_D_5631850.flac,0
/data/DATASETS/ASV_Spoof_2019_LA/ASVspoof2019_LA_eval/flac/LA_E_8522300.flac,0
/data/DATASETS/ASV_Spoof_2019_LA/ASVspoof2019_LA_eval/flac/LA_E_6378612.flac,0
/data/DATASETS/ASV_Spoof_2019_LA/ASVspoof2019_LA_eval/flac/LA_E_6343339.flac,0
/data/DATASETS/ASV_Spoof_2019_LA/ASVspoof2019_LA_eval/flac/LA_E_3088318.flac,0
/data/DATASETS/ASV_Spoof_2019_LA/ASVspoof2019_LA_eval/flac/LA_E_2511059.flac,0
/data/DATASETS/ASV_Spoof_2019_LA/ASVspoof2019_LA_eval/flac/LA_E_8579178.flac,0
/data/DATASETS/ASV_Spoof_2019_LA/ASVspoof2019_LA_eval/flac/LA_E_5062781.flac,0
/data/DATASETS/ASV_Spoof_2019_LA/ASVspoof2019_LA_train/flac/LA_T_4408412.flac,0
/data/DATASETS/ASV_Spoof_2019_LA/ASVspoof2019_LA_eval/flac/LA_E_4468511.flac,0
/data/DATASETS/ASV_Spoof_2019_LA/ASVspoof2019_LA_eval/flac/LA_E_8500615.flac,0
/data/DATASETS/ASV_Spoof_2019_LA/ASVspoof2019_LA_eval/flac/LA_E_7174925.flac,0
/data/DATASETS/ASV_Spoof_2019_LA/ASVspoof2019_LA_dev/flac/LA_D_8933570.flac,0
/data/DATASETS/ASV_Spoof_2019_LA/ASVspoof2019_LA_train/flac/LA_T_4621617.flac,0
/data/DATASETS/ASV_Spoof_2019_LA/ASVspoof2019_LA_train/flac/LA_T_1151332.flac,0
/data/DATASETS/ASV_Spoof_2019_LA/ASVspoof2019_LA_dev/flac/LA_D_2412960.flac,0
/data/DATASETS/ASV_Spoof_2019_LA/ASVspoof2019_LA_train/flac/LA_T_6014366.flac,0
/data/DATASETS/ASV_Spoof_2019_LA/ASVspoof2019_LA_train/flac/LA_T_7746470.flac,0
/data/DATASETS/ASV_Spoof_2019_LA/ASVspoof2019_LA_dev/flac/LA_D_3876129.flac,0
/data/DATASETS/ASV_Spoof_2019_LA/ASVspoof2019_LA_eval/flac/LA_E_5579403.flac,0
/data/DATASETS/ASV_Spoof_2019_LA/ASVspoof2019_LA_eval/flac/LA_E_4375702.flac,0
/data/DATASETS/ASV_Spoof_2019_LA/ASVspoof2019_LA_eval/flac/LA_E_2894498.flac,0
/data/DATASETS/ASV_Spoof_2019_LA/ASVspoof2019_LA_eval/flac/LA_E_2777764.flac,0
/data/DATASETS/ASV_Spoof_2019_LA/ASVspoof2019_LA_dev/flac/LA_D_8006339.flac,0
/data/DATASETS/ASV_Spoof_2019_LA/ASVspoof2019_LA_dev/flac/LA_D_6212089.flac,0
/data/DATASETS/ASV_Spoof_2019_LA/ASVspoof2019_LA_dev/flac/LA_D_9977795.flac,0
/data/DATASETS/ASV_Spoof_2019_LA/ASVspoof2019_LA_train/flac/LA_T_2642014.flac,0
/data/DATASETS/ASV_Spoof_2019_LA/ASVspoof2019_LA_eval/flac/LA_E_3521844.flac,0
/data/DATASETS/ASV_Spoof_2019_LA/ASVspoof2019_LA_dev/flac/LA_D_7510202.flac,0
/data/DATASETS/ASV_Spoof_2019_LA/ASVspoof2019_LA_eval/flac/LA_E_5068457.flac,0
/data/DATASETS/ASV_Spoof_2019_LA/ASVspoof2019_LA_eval/flac/LA_E_1486118.flac,0
/data/DATASETS/ASV_Spoof_2019_LA/ASVspoof2019_LA_eval/flac/LA_E_9470377.flac,0
/data/DATASETS/ASV_Spoof_2019_LA/ASVspoof2019_LA_dev/flac/LA_D_1462484.flac,0
/data/DATASETS/ASV_Spoof_2019_LA/ASVspoof2019_LA_train/flac/LA_T_1045294.flac,0
/data/DATASETS/ASV_Spoof_2019_LA/ASVspoof2019_LA_eval/flac/LA_E_3082244.flac,0
/data/DATASETS/ASV_Spoof_2019_LA/ASVspoof2019_LA_train/flac/LA_T_8388870.flac,0
/data/DATASETS/ASV_Spoof_2019_LA/ASVspoof2019_LA_train/flac/LA_T_5691156.flac,0
/data/DATASETS/ASV_Spoof_2019_LA/ASVspoof2019_LA_train/flac/LA_T_1041717.flac,0
/data/DATASETS/ASV_Spoof_2019_LA/ASVspoof2019_LA_dev/flac/LA_D_2095392.flac,0
/data/DATASETS/ASV_Spoof_2019_LA/ASVspoof2019_LA_eval/flac/LA_E_6215100.flac,0
/data/DATASETS/ASV_Spoof_2019_LA/ASVspoof2019_LA_dev/flac/LA_D_4466001.flac,0
/data/DATASETS/ASV_Spoof_2019_LA/ASVspoof2019_LA_train/flac/LA_T_8458947.flac,0
/data/DATASETS/ASV_Spoof_2019_LA/ASVspoof2019_LA_train/flac/LA_T_2361751.flac,0
/data/DATASETS/ASV_Spoof_2019_LA/ASVspoof2019_LA_train/flac/LA_T_6636159.flac,0
/data/DATASETS/ASV_Spoof_2019_LA/ASVspoof2019_LA_dev/flac/LA_D_3986002.flac,0
/data/DATASETS/ASV_Spoof_2019_LA/ASVspoof2019_LA_eval/flac/LA_E_1054031.flac,0
/data/DATASETS/ASV_Spoof_2019_LA/ASVspoof2019_LA_dev/flac/LA_D_8017626.flac,0
/data/DATASETS/ASV_Spoof_2019_LA/ASVspoof2019_LA_train/flac/LA_T_5439881.flac,0
/data/DATASETS/ASV_Spoof_2019_LA/ASVspoof2019_LA_eval/flac/LA_E_9050668.flac,0
/data/DATASETS/ASV_Spoof_2019_LA/ASVspoof2019_LA_train/flac/LA_T_7500588.flac,0
/data/DATASETS/ASV_Spoof_2019_LA/ASVspoof2019_LA_dev/flac/LA_D_8577756.flac,0
/data/DATASETS/ASV_Spoof_2019_LA/ASVspoof2019_LA_eval/flac/LA_E_8549176.flac,0
/data/DATASETS/ASV_Spoof_2019_LA/ASVspoof2019_LA_eval/flac/LA_E_4705575.flac,0
/data/DATASETS/ASV_Spoof_2019_LA/ASVspoof2019_LA_dev/flac/LA_D_4500243.flac,0
/data/DATASETS/ASV_Spoof_2019_LA/ASVspoof2019_LA_train/flac/LA_T_1394641.flac,0
/data/DATASETS/ASV_Spoof_2019_LA/ASVspoof2019_LA_dev/flac/LA_D_3940913.flac,0
/data/DATASETS/ASV_Spoof_2019_LA/ASVspoof2019_LA_train/flac/LA_T_5572362.flac,0
/data/DATASETS/ASV_Spoof_2019_LA/ASVspoof2019_LA_dev/flac/LA_D_3891416.flac,0
/data/DATASETS/ASV_Spoof_2019_LA/ASVspoof2019_LA_eval/flac/LA_E_9066358.flac,0
/data/DATASETS/ASV_Spoof_2019_LA/ASVspoof2019_LA_train/flac/LA_T_1475339.flac,0
/data/DATASETS/ASV_Spoof_2019_LA/ASVspoof2019_LA_train/flac/LA_T_4811800.flac,0
/data/DATASETS/ASV_Spoof_2019_LA/ASVspoof2019_LA_eval/flac/LA_E_1211080.flac,0
/data/DATASETS/ASV_Spoof_2019_LA/ASVspoof2019_LA_dev/flac/LA_D_3912641.flac,0
/data/DATASETS/ASV_Spoof_2019_LA/ASVspoof2019_LA_eval/flac/LA_E_2712148.flac,0
/data/DATASETS/ASV_Spoof_2019_LA/ASVspoof2019_LA_eval/flac/LA_E_5403736.flac,0
/data/DATASETS/ASV_Spoof_2019_LA/ASVspoof2019_LA_eval/flac/LA_E_4679632.flac,0
/data/DATASETS/ASV_Spoof_2019_LA/ASVspoof2019_LA_dev/flac/LA_D_2415228.flac,0
/data/DATASETS/ASV_Spoof_2019_LA/ASVspoof2019_LA_dev/flac/LA_D_3909550.flac,0
/data/DATASETS/ASV_Spoof_2019_LA/ASVspoof2019_LA_eval/flac/LA_E_3403361.flac,0
/data/DATASETS/ASV_Spoof_2019_LA/ASVspoof2019_LA_eval/flac/LA_E_7194604.flac,0
/data/DATASETS/ASV_Spoof_2019_LA/ASVspoof2019_LA_eval/flac/LA_E_5939045.flac,0
/data/DATASETS/ASV_Spoof_2019_LA/ASVspoof2019_LA_train/flac/LA_T_8545885.flac,0
/data/DATASETS/ASV_Spoof_2019_LA/ASVspoof2019_LA_eval/flac/LA_E_2996765.flac,0
/data/DATASETS/ASV_Spoof_2019_LA/ASVspoof2019_LA_eval/flac/LA_E_3419739.flac,0
/data/DATASETS/ASV_Spoof_2019_LA/ASVspoof2019_LA_train/flac/LA_T_1307755.flac,0
/data/DATASETS/ASV_Spoof_2019_LA/ASVspoof2019_LA_train/flac/LA_T_6720241.flac,0
/data/DATASETS/ASV_Spoof_2019_LA/ASVspoof2019_LA_dev/flac/LA_D_3081203.flac,0
/data/DATASETS/ASV_Spoof_2019_LA/ASVspoof2019_LA_dev/flac/LA_D_3907778.flac,0
/data/DATASETS/ASV_Spoof_2019_LA/ASVspoof2019_LA_dev/flac/LA_D_3781670.flac,0
/data/DATASETS/ASV_Spoof_2019_LA/ASVspoof2019_LA_eval/flac/LA_E_7439950.flac,0
/data/DATASETS/ASV_Spoof_2019_LA/ASVspoof2019_LA_eval/flac/LA_E_2296362.flac,0
/data/DATASETS/ASV_Spoof_2019_LA/ASVspoof2019_LA_eval/flac/LA_E_6703575.flac,0
/data/DATASETS/ASV_Spoof_2019_LA/ASVspoof2019_LA_train/flac/LA_T_6350377.flac,0
/data/DATASETS/ASV_Spoof_2019_LA/ASVspoof2019_LA_dev/flac/LA_D_3369144.flac,0
/data/DATASETS/ASV_Spoof_2019_LA/ASVspoof2019_LA_dev/flac/LA_D_8430669.flac,0
/data/DATASETS/ASV_Spoof_2019_LA/ASVspoof2019_LA_eval/flac/LA_E_2194928.flac,0
/data/DATASETS/ASV_Spoof_2019_LA/ASVspoof2019_LA_train/flac/LA_T_9569208.flac,0
/data/DATASETS/ASV_Spoof_2019_LA/ASVspoof2019_LA_eval/flac/LA_E_9327099.flac,0
/data/DATASETS/ASV_Spoof_2019_LA/ASVspoof2019_LA_dev/flac/LA_D_7611990.flac,0
/data/DATASETS/ASV_Spoof_2019_LA/ASVspoof2019_LA_eval/flac/LA_E_2668537.flac,0
/data/DATASETS/ASV_Spoof_2019_LA/ASVspoof2019_LA_eval/flac/LA_E_4828961.flac,0
/data/DATASETS/ASV_Spoof_2019_LA/ASVspoof2019_LA_dev/flac/LA_D_1234965.flac,0
/data/DATASETS/ASV_Spoof_2019_LA/ASVspoof2019_LA_dev/flac/LA_D_9216147.flac,0
/data/DATASETS/ASV_Spoof_2019_LA/ASVspoof2019_LA_eval/flac/LA_E_4328201.flac,0
/data/DATASETS/ASV_Spoof_2019_LA/ASVspoof2019_LA_eval/flac/LA_E_6113846.flac,0
/data/DATASETS/ASV_Spoof_2019_LA/ASVspoof2019_LA_eval/flac/LA_E_7791871.flac,0
/data/DATASETS/ASV_Spoof_2019_LA/ASVspoof2019_LA_eval/flac/LA_E_1309520.flac,0
/data/DATASETS/ASV_Spoof_2019_LA/ASVspoof2019_LA_eval/flac/LA_E_7634608.flac,0
/data/DATASETS/ASV_Spoof_2019_LA/ASVspoof2019_LA_eval/flac/LA_E_3060443.flac,0
/data/DATASETS/ASV_Spoof_2019_LA/ASVspoof2019_LA_eval/flac/LA_E_2622522.flac,0
/data/DATASETS/ASV_Spoof_2019_LA/ASVspoof2019_LA_eval/flac/LA_E_2705382.flac,0
/data/DATASETS/ASV_Spoof_2019_LA/ASVspoof2019_LA_eval/flac/LA_E_8543244.flac,0
/data/DATASETS/ASV_Spoof_2019_LA/ASVspoof2019_LA_eval/flac/LA_E_2185860.flac,0
/data/DATASETS/ASV_Spoof_2019_LA/ASVspoof2019_LA_train/flac/LA_T_5169294.flac,0
/data/DATASETS/ASV_Spoof_2019_LA/ASVspoof2019_LA_eval/flac/LA_E_5072416.flac,0
/data/DATASETS/ASV_Spoof_2019_LA/ASVspoof2019_LA_eval/flac/LA_E_6394240.flac,0
/data/DATASETS/ASV_Spoof_2019_LA/ASVspoof2019_LA_eval/flac/LA_E_4351384.flac,0
/data/DATASETS/ASV_Spoof_2019_LA/ASVspoof2019_LA_eval/flac/LA_E_9397037.flac,0
/data/DATASETS/ASV_Spoof_2019_LA/ASVspoof2019_LA_eval/flac/LA_E_1628284.flac,0
/data/DATASETS/ASV_Spoof_2019_LA/ASVspoof2019_LA_eval/flac/LA_E_2773965.flac,0
/data/DATASETS/ASV_Spoof_2019_LA/ASVspoof2019_LA_eval/flac/LA_E_5024945.flac,0
/data/DATASETS/ASV_Spoof_2019_LA/ASVspoof2019_LA_eval/flac/LA_E_6740771.flac,0
/data/DATASETS/ASV_Spoof_2019_LA/ASVspoof2019_LA_dev/flac/LA_D_5197000.flac,0
/data/DATASETS/ASV_Spoof_2019_LA/ASVspoof2019_LA_dev/flac/LA_D_7932927.flac,0
/data/DATASETS/ASV_Spoof_2019_LA/ASVspoof2019_LA_eval/flac/LA_E_8448256.flac,0
/data/DATASETS/ASV_Spoof_2019_LA/ASVspoof2019_LA_dev/flac/LA_D_1583668.flac,0
/data/DATASETS/ASV_Spoof_2019_LA/ASVspoof2019_LA_eval/flac/LA_E_1540962.flac,0
/data/DATASETS/ASV_Spoof_2019_LA/ASVspoof2019_LA_train/flac/LA_T_2579591.flac,0
/data/DATASETS/ASV_Spoof_2019_LA/ASVspoof2019_LA_eval/flac/LA_E_9666932.flac,0
/data/DATASETS/ASV_Spoof_2019_LA/ASVspoof2019_LA_eval/flac/LA_E_4875934.flac,0
/data/DATASETS/ASV_Spoof_2019_LA/ASVspoof2019_LA_dev/flac/LA_D_8554979.flac,0
/data/DATASETS/ASV_Spoof_2019_LA/ASVspoof2019_LA_dev/flac/LA_D_3572399.flac,0
/data/DATASETS/ASV_Spoof_2019_LA/ASVspoof2019_LA_eval/flac/LA_E_7550951.flac,0
/data/DATASETS/ASV_Spoof_2019_LA/ASVspoof2019_LA_eval/flac/LA_E_6586732.flac,0
/data/DATASETS/ASV_Spoof_2019_LA/ASVspoof2019_LA_dev/flac/LA_D_3268836.flac,0
/data/DATASETS/ASV_Spoof_2019_LA/ASVspoof2019_LA_eval/flac/LA_E_4314499.flac,0
/data/DATASETS/ASV_Spoof_2019_LA/ASVspoof2019_LA_eval/flac/LA_E_8434174.flac,0
/data/DATASETS/ASV_Spoof_2019_LA/ASVspoof2019_LA_eval/flac/LA_E_5386544.flac,0
/data/DATASETS/ASV_Spoof_2019_LA/ASVspoof2019_LA_eval/flac/LA_E_7604297.flac,0
/data/DATASETS/ASV_Spoof_2019_LA/ASVspoof2019_LA_eval/flac/LA_E_3025872.flac,0
/data/DATASETS/ASV_Spoof_2019_LA/ASVspoof2019_LA_eval/flac/LA_E_7017795.flac,0
/data/DATASETS/ASV_Spoof_2019_LA/ASVspoof2019_LA_train/flac/LA_T_4769298.flac,0
/data/DATASETS/ASV_Spoof_2019_LA/ASVspoof2019_LA_eval/flac/LA_E_8082150.flac,0
/data/DATASETS/ASV_Spoof_2019_LA/ASVspoof2019_LA_eval/flac/LA_E_4322315.flac,0
/data/DATASETS/ASV_Spoof_2019_LA/ASVspoof2019_LA_dev/flac/LA_D_2512075.flac,0
/data/DATASETS/ASV_Spoof_2019_LA/ASVspoof2019_LA_eval/flac/LA_E_9474544.flac,0
/data/DATASETS/ASV_Spoof_2019_LA/ASVspoof2019_LA_eval/flac/LA_E_9136344.flac,0
/data/DATASETS/ASV_Spoof_2019_LA/ASVspoof2019_LA_dev/flac/LA_D_6339751.flac,0
/data/DATASETS/ASV_Spoof_2019_LA/ASVspoof2019_LA_eval/flac/LA_E_5167923.flac,0
/data/DATASETS/ASV_Spoof_2019_LA/ASVspoof2019_LA_eval/flac/LA_E_9737065.flac,0
/data/DATASETS/ASV_Spoof_2019_LA/ASVspoof2019_LA_train/flac/LA_T_7674329.flac,0
/data/DATASETS/ASV_Spoof_2019_LA/ASVspoof2019_LA_eval/flac/LA_E_2614442.flac,0
/data/DATASETS/ASV_Spoof_2019_LA/ASVspoof2019_LA_train/flac/LA_T_1049021.flac,0
/data/DATASETS/ASV_Spoof_2019_LA/ASVspoof2019_LA_eval/flac/LA_E_3716680.flac,0
/data/DATASETS/ASV_Spoof_2019_LA/ASVspoof2019_LA_dev/flac/LA_D_9716895.flac,0
/data/DATASETS/ASV_Spoof_2019_LA/ASVspoof2019_LA_dev/flac/LA_D_3064595.flac,0
/data/DATASETS/ASV_Spoof_2019_LA/ASVspoof2019_LA_eval/flac/LA_E_6237159.flac,0
/data/DATASETS/ASV_Spoof_2019_LA/ASVspoof2019_LA_eval/flac/LA_E_6917105.flac,0
/data/DATASETS/ASV_Spoof_2019_LA/ASVspoof2019_LA_eval/flac/LA_E_9118386.flac,0
/data/DATASETS/ASV_Spoof_2019_LA/ASVspoof2019_LA_eval/flac/LA_E_8183187.flac,0
/data/DATASETS/ASV_Spoof_2019_LA/ASVspoof2019_LA_eval/flac/LA_E_8177958.flac,0
/data/DATASETS/ASV_Spoof_2019_LA/ASVspoof2019_LA_eval/flac/LA_E_4130499.flac,0
/data/DATASETS/ASV_Spoof_2019_LA/ASVspoof2019_LA_eval/flac/LA_E_5882697.flac,0
/data/DATASETS/ASV_Spoof_2019_LA/ASVspoof2019_LA_train/flac/LA_T_4428691.flac,0
/data/DATASETS/ASV_Spoof_2019_LA/ASVspoof2019_LA_eval/flac/LA_E_4337320.flac,0
/data/DATASETS/ASV_Spoof_2019_LA/ASVspoof2019_LA_eval/flac/LA_E_6677703.flac,0
/data/DATASETS/ASV_Spoof_2019_LA/ASVspoof2019_LA_eval/flac/LA_E_6683085.flac,0
/data/DATASETS/ASV_Spoof_2019_LA/ASVspoof2019_LA_eval/flac/LA_E_1458883.flac,0
/data/DATASETS/ASV_Spoof_2019_LA/ASVspoof2019_LA_dev/flac/LA_D_5105872.flac,0
/data/DATASETS/ASV_Spoof_2019_LA/ASVspoof2019_LA_dev/flac/LA_D_6393255.flac,0
/data/DATASETS/ASV_Spoof_2019_LA/ASVspoof2019_LA_eval/flac/LA_E_5205542.flac,0
/data/DATASETS/ASV_Spoof_2019_LA/ASVspoof2019_LA_train/flac/LA_T_2978013.flac,0
/data/DATASETS/ASV_Spoof_2019_LA/ASVspoof2019_LA_dev/flac/LA_D_5808517.flac,0
/data/DATASETS/ASV_Spoof_2019_LA/ASVspoof2019_LA_dev/flac/LA_D_6824022.flac,0
/data/DATASETS/ASV_Spoof_2019_LA/ASVspoof2019_LA_eval/flac/LA_E_8080502.flac,0
/data/DATASETS/ASV_Spoof_2019_LA/ASVspoof2019_LA_train/flac/LA_T_6650735.flac,0
/data/DATASETS/ASV_Spoof_2019_LA/ASVspoof2019_LA_dev/flac/LA_D_3479801.flac,0
/data/DATASETS/ASV_Spoof_2019_LA/ASVspoof2019_LA_eval/flac/LA_E_9715267.flac,0
/data/DATASETS/ASV_Spoof_2019_LA/ASVspoof2019_LA_eval/flac/LA_E_3924689.flac,0
/data/DATASETS/ASV_Spoof_2019_LA/ASVspoof2019_LA_eval/flac/LA_E_9711431.flac,0
/data/DATASETS/ASV_Spoof_2019_LA/ASVspoof2019_LA_eval/flac/LA_E_7888657.flac,0
/data/DATASETS/ASV_Spoof_2019_LA/ASVspoof2019_LA_train/flac/LA_T_3576775.flac,0
/data/DATASETS/ASV_Spoof_2019_LA/ASVspoof2019_LA_eval/flac/LA_E_8164751.flac,0
/data/DATASETS/ASV_Spoof_2019_LA/ASVspoof2019_LA_eval/flac/LA_E_4650657.flac,0
/data/DATASETS/ASV_Spoof_2019_LA/ASVspoof2019_LA_eval/flac/LA_E_2674395.flac,0
/data/DATASETS/ASV_Spoof_2019_LA/ASVspoof2019_LA_eval/flac/LA_E_1941240.flac,0
/data/DATASETS/ASV_Spoof_2019_LA/ASVspoof2019_LA_eval/flac/LA_E_9954768.flac,0
/data/DATASETS/ASV_Spoof_2019_LA/ASVspoof2019_LA_dev/flac/LA_D_6561538.flac,0
/data/DATASETS/ASV_Spoof_2019_LA/ASVspoof2019_LA_eval/flac/LA_E_4707391.flac,0
/data/DATASETS/ASV_Spoof_2019_LA/ASVspoof2019_LA_eval/flac/LA_E_6699504.flac,0
/data/DATASETS/ASV_Spoof_2019_LA/ASVspoof2019_LA_dev/flac/LA_D_5355457.flac,0
/data/DATASETS/ASV_Spoof_2019_LA/ASVspoof2019_LA_eval/flac/LA_E_3743099.flac,0
/data/DATASETS/ASV_Spoof_2019_LA/ASVspoof2019_LA_eval/flac/LA_E_1360258.flac,0
/data/DATASETS/ASV_Spoof_2019_LA/ASVspoof2019_LA_dev/flac/LA_D_1024892.flac,0
/data/DATASETS/ASV_Spoof_2019_LA/ASVspoof2019_LA_train/flac/LA_T_4300434.flac,0
/data/DATASETS/ASV_Spoof_2019_LA/ASVspoof2019_LA_eval/flac/LA_E_2389472.flac,0
/data/DATASETS/ASV_Spoof_2019_LA/ASVspoof2019_LA_train/flac/LA_T_6994918.flac,0
/data/DATASETS/ASV_Spoof_2019_LA/ASVspoof2019_LA_eval/flac/LA_E_5295339.flac,0
/data/DATASETS/ASV_Spoof_2019_LA/ASVspoof2019_LA_eval/flac/LA_E_9730135.flac,0
/data/DATASETS/ASV_Spoof_2019_LA/ASVspoof2019_LA_dev/flac/LA_D_1560273.flac,0
/data/DATASETS/ASV_Spoof_2019_LA/ASVspoof2019_LA_eval/flac/LA_E_9962464.flac,0
/data/DATASETS/ASV_Spoof_2019_LA/ASVspoof2019_LA_dev/flac/LA_D_6636661.flac,0
/data/DATASETS/ASV_Spoof_2019_LA/ASVspoof2019_LA_eval/flac/LA_E_2049664.flac,0
/data/DATASETS/ASV_Spoof_2019_LA/ASVspoof2019_LA_eval/flac/LA_E_3744905.flac,0
/data/DATASETS/ASV_Spoof_2019_LA/ASVspoof2019_LA_eval/flac/LA_E_4728496.flac,0
/data/DATASETS/ASV_Spoof_2019_LA/ASVspoof2019_LA_eval/flac/LA_E_9294758.flac,0
/data/DATASETS/ASV_Spoof_2019_LA/ASVspoof2019_LA_eval/flac/LA_E_3110935.flac,0
/data/DATASETS/ASV_Spoof_2019_LA/ASVspoof2019_LA_eval/flac/LA_E_9090845.flac,0
/data/DATASETS/ASV_Spoof_2019_LA/ASVspoof2019_LA_dev/flac/LA_D_7154479.flac,0
/data/DATASETS/ASV_Spoof_2019_LA/ASVspoof2019_LA_dev/flac/LA_D_1730959.flac,0
/data/DATASETS/ASV_Spoof_2019_LA/ASVspoof2019_LA_eval/flac/LA_E_5712824.flac,0
/data/DATASETS/ASV_Spoof_2019_LA/ASVspoof2019_LA_train/flac/LA_T_7915229.flac,0
/data/DATASETS/ASV_Spoof_2019_LA/ASVspoof2019_LA_eval/flac/LA_E_2351948.flac,0
/data/DATASETS/ASV_Spoof_2019_LA/ASVspoof2019_LA_train/flac/LA_T_6541095.flac,0
/data/DATASETS/ASV_Spoof_2019_LA/ASVspoof2019_LA_eval/flac/LA_E_4955668.flac,0
/data/DATASETS/ASV_Spoof_2019_LA/ASVspoof2019_LA_eval/flac/LA_E_8964992.flac,0
/data/DATASETS/ASV_Spoof_2019_LA/ASVspoof2019_LA_dev/flac/LA_D_4005854.flac,0
/data/DATASETS/ASV_Spoof_2019_LA/ASVspoof2019_LA_train/flac/LA_T_3643851.flac,0
/data/DATASETS/ASV_Spoof_2019_LA/ASVspoof2019_LA_dev/flac/LA_D_6031544.flac,0
/data/DATASETS/ASV_Spoof_2019_LA/ASVspoof2019_LA_eval/flac/LA_E_6786709.flac,0
/data/DATASETS/ASV_Spoof_2019_LA/ASVspoof2019_LA_eval/flac/LA_E_3097814.flac,0
/data/DATASETS/ASV_Spoof_2019_LA/ASVspoof2019_LA_eval/flac/LA_E_1542340.flac,0
/data/DATASETS/ASV_Spoof_2019_LA/ASVspoof2019_LA_dev/flac/LA_D_8393123.flac,0
/data/DATASETS/ASV_Spoof_2019_LA/ASVspoof2019_LA_eval/flac/LA_E_4491184.flac,0
/data/DATASETS/ASV_Spoof_2019_LA/ASVspoof2019_LA_dev/flac/LA_D_1240976.flac,0
/data/DATASETS/ASV_Spoof_2019_LA/ASVspoof2019_LA_eval/flac/LA_E_8189587.flac,0
/data/DATASETS/ASV_Spoof_2019_LA/ASVspoof2019_LA_dev/flac/LA_D_3608178.flac,0
/data/DATASETS/ASV_Spoof_2019_LA/ASVspoof2019_LA_train/flac/LA_T_1933449.flac,0
/data/DATASETS/ASV_Spoof_2019_LA/ASVspoof2019_LA_eval/flac/LA_E_3941620.flac,0
/data/DATASETS/ASV_Spoof_2019_LA/ASVspoof2019_LA_train/flac/LA_T_1745063.flac,0
/data/DATASETS/ASV_Spoof_2019_LA/ASVspoof2019_LA_train/flac/LA_T_3580523.flac,0
/data/DATASETS/ASV_Spoof_2019_LA/ASVspoof2019_LA_train/flac/LA_T_3045749.flac,0
/data/DATASETS/ASV_Spoof_2019_LA/ASVspoof2019_LA_eval/flac/LA_E_8203627.flac,0
/data/DATASETS/ASV_Spoof_2019_LA/ASVspoof2019_LA_eval/flac/LA_E_7516959.flac,0
/data/DATASETS/ASV_Spoof_2019_LA/ASVspoof2019_LA_eval/flac/LA_E_4844999.flac,0
/data/DATASETS/ASV_Spoof_2019_LA/ASVspoof2019_LA_dev/flac/LA_D_6113999.flac,0
/data/DATASETS/ASV_Spoof_2019_LA/ASVspoof2019_LA_dev/flac/LA_D_7556469.flac,0
/data/DATASETS/ASV_Spoof_2019_LA/ASVspoof2019_LA_eval/flac/LA_E_7848261.flac,0
/data/DATASETS/ASV_Spoof_2019_LA/ASVspoof2019_LA_train/flac/LA_T_8026644.flac,0
/data/DATASETS/ASV_Spoof_2019_LA/ASVspoof2019_LA_eval/flac/LA_E_7345320.flac,0
/data/DATASETS/ASV_Spoof_2019_LA/ASVspoof2019_LA_dev/flac/LA_D_4966083.flac,0
/data/DATASETS/ASV_Spoof_2019_LA/ASVspoof2019_LA_train/flac/LA_T_4359944.flac,0
/data/DATASETS/ASV_Spoof_2019_LA/ASVspoof2019_LA_eval/flac/LA_E_4954771.flac,0
/data/DATASETS/ASV_Spoof_2019_LA/ASVspoof2019_LA_eval/flac/LA_E_5760692.flac,0
/data/DATASETS/ASV_Spoof_2019_LA/ASVspoof2019_LA_eval/flac/LA_E_5040825.flac,0
/data/DATASETS/ASV_Spoof_2019_LA/ASVspoof2019_LA_dev/flac/LA_D_9741135.flac,0
/data/DATASETS/ASV_Spoof_2019_LA/ASVspoof2019_LA_train/flac/LA_T_5399126.flac,0
/data/DATASETS/ASV_Spoof_2019_LA/ASVspoof2019_LA_dev/flac/LA_D_5684697.flac,0
/data/DATASETS/ASV_Spoof_2019_LA/ASVspoof2019_LA_train/flac/LA_T_2417641.flac,0
/data/DATASETS/ASV_Spoof_2019_LA/ASVspoof2019_LA_dev/flac/LA_D_9830094.flac,0
/data/DATASETS/ASV_Spoof_2019_LA/ASVspoof2019_LA_dev/flac/LA_D_5383174.flac,0
/data/DATASETS/ASV_Spoof_2019_LA/ASVspoof2019_LA_eval/flac/LA_E_8662970.flac,0
/data/DATASETS/ASV_Spoof_2019_LA/ASVspoof2019_LA_eval/flac/LA_E_9108302.flac,0
/data/DATASETS/ASV_Spoof_2019_LA/ASVspoof2019_LA_dev/flac/LA_D_8419568.flac,0
/data/DATASETS/ASV_Spoof_2019_LA/ASVspoof2019_LA_eval/flac/LA_E_4763729.flac,0
/data/DATASETS/ASV_Spoof_2019_LA/ASVspoof2019_LA_eval/flac/LA_E_5593264.flac,0
/data/DATASETS/ASV_Spoof_2019_LA/ASVspoof2019_LA_train/flac/LA_T_3315434.flac,0
/data/DATASETS/ASV_Spoof_2019_LA/ASVspoof2019_LA_dev/flac/LA_D_7385274.flac,0
/data/DATASETS/ASV_Spoof_2019_LA/ASVspoof2019_LA_eval/flac/LA_E_9346260.flac,0
/data/DATASETS/ASV_Spoof_2019_LA/ASVspoof2019_LA_eval/flac/LA_E_5335220.flac,0
/data/DATASETS/ASV_Spoof_2019_LA/ASVspoof2019_LA_dev/flac/LA_D_5648462.flac,0
/data/DATASETS/ASV_Spoof_2019_LA/ASVspoof2019_LA_eval/flac/LA_E_9316802.flac,0
/data/DATASETS/ASV_Spoof_2019_LA/ASVspoof2019_LA_eval/flac/LA_E_8217952.flac,0
/data/DATASETS/ASV_Spoof_2019_LA/ASVspoof2019_LA_train/flac/LA_T_5984686.flac,0
/data/DATASETS/ASV_Spoof_2019_LA/ASVspoof2019_LA_eval/flac/LA_E_2541554.flac,0
/data/DATASETS/ASV_Spoof_2019_LA/ASVspoof2019_LA_train/flac/LA_T_4957496.flac,0
/data/DATASETS/ASV_Spoof_2019_LA/ASVspoof2019_LA_eval/flac/LA_E_4134745.flac,0
/data/DATASETS/ASV_Spoof_2019_LA/ASVspoof2019_LA_eval/flac/LA_E_7398262.flac,0
/data/DATASETS/ASV_Spoof_2019_LA/ASVspoof2019_LA_dev/flac/LA_D_8003563.flac,0
/data/DATASETS/ASV_Spoof_2019_LA/ASVspoof2019_LA_train/flac/LA_T_1905558.flac,0
/data/DATASETS/ASV_Spoof_2019_LA/ASVspoof2019_LA_eval/flac/LA_E_9647402.flac,0
/data/DATASETS/ASV_Spoof_2019_LA/ASVspoof2019_LA_dev/flac/LA_D_2160989.flac,0
/data/DATASETS/ASV_Spoof_2019_LA/ASVspoof2019_LA_eval/flac/LA_E_4926497.flac,0
/data/DATASETS/ASV_Spoof_2019_LA/ASVspoof2019_LA_eval/flac/LA_E_3176047.flac,0
/data/DATASETS/ASV_Spoof_2019_LA/ASVspoof2019_LA_eval/flac/LA_E_7093258.flac,0
/data/DATASETS/ASV_Spoof_2019_LA/ASVspoof2019_LA_eval/flac/LA_E_5254282.flac,0
/data/DATASETS/ASV_Spoof_2019_LA/ASVspoof2019_LA_train/flac/LA_T_7037373.flac,0
/data/DATASETS/ASV_Spoof_2019_LA/ASVspoof2019_LA_dev/flac/LA_D_9487961.flac,0
/data/DATASETS/ASV_Spoof_2019_LA/ASVspoof2019_LA_train/flac/LA_T_9010570.flac,0
/data/DATASETS/ASV_Spoof_2019_LA/ASVspoof2019_LA_train/flac/LA_T_6672123.flac,0
/data/DATASETS/ASV_Spoof_2019_LA/ASVspoof2019_LA_train/flac/LA_T_6635999.flac,0
/data/DATASETS/ASV_Spoof_2019_LA/ASVspoof2019_LA_dev/flac/LA_D_4462839.flac,0
/data/DATASETS/ASV_Spoof_2019_LA/ASVspoof2019_LA_eval/flac/LA_E_5115178.flac,0
/data/DATASETS/ASV_Spoof_2019_LA/ASVspoof2019_LA_train/flac/LA_T_6630920.flac,0
/data/DATASETS/ASV_Spoof_2019_LA/ASVspoof2019_LA_dev/flac/LA_D_3882050.flac,0
/data/DATASETS/ASV_Spoof_2019_LA/ASVspoof2019_LA_eval/flac/LA_E_5614612.flac,0
/data/DATASETS/ASV_Spoof_2019_LA/ASVspoof2019_LA_eval/flac/LA_E_7424196.flac,0
/data/DATASETS/ASV_Spoof_2019_LA/ASVspoof2019_LA_train/flac/LA_T_7939168.flac,0
/data/DATASETS/ASV_Spoof_2019_LA/ASVspoof2019_LA_eval/flac/LA_E_5716396.flac,0
/data/DATASETS/ASV_Spoof_2019_LA/ASVspoof2019_LA_train/flac/LA_T_7843393.flac,0
/data/DATASETS/ASV_Spoof_2019_LA/ASVspoof2019_LA_eval/flac/LA_E_3256735.flac,0
/data/DATASETS/ASV_Spoof_2019_LA/ASVspoof2019_LA_train/flac/LA_T_9644311.flac,0
/data/DATASETS/ASV_Spoof_2019_LA/ASVspoof2019_LA_eval/flac/LA_E_9949950.flac,0
/data/DATASETS/ASV_Spoof_2019_LA/ASVspoof2019_LA_dev/flac/LA_D_3151376.flac,0
/data/DATASETS/ASV_Spoof_2019_LA/ASVspoof2019_LA_eval/flac/LA_E_3997720.flac,0
/data/DATASETS/ASV_Spoof_2019_LA/ASVspoof2019_LA_eval/flac/LA_E_7831084.flac,0
/data/DATASETS/ASV_Spoof_2019_LA/ASVspoof2019_LA_dev/flac/LA_D_6785500.flac,0
/data/DATASETS/ASV_Spoof_2019_LA/ASVspoof2019_LA_eval/flac/LA_E_1792407.flac,0
/data/DATASETS/ASV_Spoof_2019_LA/ASVspoof2019_LA_train/flac/LA_T_9740938.flac,0
/data/DATASETS/ASV_Spoof_2019_LA/ASVspoof2019_LA_dev/flac/LA_D_8672684.flac,0
/data/DATASETS/ASV_Spoof_2019_LA/ASVspoof2019_LA_train/flac/LA_T_4638884.flac,0
/data/DATASETS/ASV_Spoof_2019_LA/ASVspoof2019_LA_eval/flac/LA_E_7483475.flac,0
/data/DATASETS/ASV_Spoof_2019_LA/ASVspoof2019_LA_dev/flac/LA_D_1218694.flac,0
/data/DATASETS/ASV_Spoof_2019_LA/ASVspoof2019_LA_eval/flac/LA_E_4011705.flac,0
/data/DATASETS/ASV_Spoof_2019_LA/ASVspoof2019_LA_dev/flac/LA_D_6911536.flac,0
/data/DATASETS/ASV_Spoof_2019_LA/ASVspoof2019_LA_train/flac/LA_T_5170336.flac,0
/data/DATASETS/ASV_Spoof_2019_LA/ASVspoof2019_LA_eval/flac/LA_E_8665018.flac,0
/data/DATASETS/ASV_Spoof_2019_LA/ASVspoof2019_LA_eval/flac/LA_E_1174819.flac,0
/data/DATASETS/ASV_Spoof_2019_LA/ASVspoof2019_LA_train/flac/LA_T_8193150.flac,0
/data/DATASETS/ASV_Spoof_2019_LA/ASVspoof2019_LA_eval/flac/LA_E_6063794.flac,0
/data/DATASETS/ASV_Spoof_2019_LA/ASVspoof2019_LA_eval/flac/LA_E_2026661.flac,0
/data/DATASETS/ASV_Spoof_2019_LA/ASVspoof2019_LA_eval/flac/LA_E_2294600.flac,0
/data/DATASETS/ASV_Spoof_2019_LA/ASVspoof2019_LA_eval/flac/LA_E_7803346.flac,0
/data/DATASETS/ASV_Spoof_2019_LA/ASVspoof2019_LA_eval/flac/LA_E_2952822.flac,0
/data/DATASETS/ASV_Spoof_2019_LA/ASVspoof2019_LA_dev/flac/LA_D_9304099.flac,0
/data/DATASETS/ASV_Spoof_2019_LA/ASVspoof2019_LA_eval/flac/LA_E_6781984.flac,0
/data/DATASETS/ASV_Spoof_2019_LA/ASVspoof2019_LA_eval/flac/LA_E_9847129.flac,0
/data/DATASETS/ASV_Spoof_2019_LA/ASVspoof2019_LA_eval/flac/LA_E_1617307.flac,0
/data/DATASETS/ASV_Spoof_2019_LA/ASVspoof2019_LA_train/flac/LA_T_8922157.flac,0
/data/DATASETS/ASV_Spoof_2019_LA/ASVspoof2019_LA_eval/flac/LA_E_8485585.flac,0
/data/DATASETS/ASV_Spoof_2019_LA/ASVspoof2019_LA_train/flac/LA_T_3973421.flac,0
/data/DATASETS/ASV_Spoof_2019_LA/ASVspoof2019_LA_eval/flac/LA_E_4984304.flac,0
/data/DATASETS/ASV_Spoof_2019_LA/ASVspoof2019_LA_eval/flac/LA_E_5782597.flac,0
/data/DATASETS/ASV_Spoof_2019_LA/ASVspoof2019_LA_eval/flac/LA_E_3818220.flac,0
/data/DATASETS/ASV_Spoof_2019_LA/ASVspoof2019_LA_dev/flac/LA_D_8087254.flac,0
/data/DATASETS/ASV_Spoof_2019_LA/ASVspoof2019_LA_eval/flac/LA_E_6592023.flac,0
/data/DATASETS/ASV_Spoof_2019_LA/ASVspoof2019_LA_eval/flac/LA_E_6425689.flac,0
/data/DATASETS/ASV_Spoof_2019_LA/ASVspoof2019_LA_dev/flac/LA_D_5868407.flac,0
/data/DATASETS/ASV_Spoof_2019_LA/ASVspoof2019_LA_dev/flac/LA_D_5135042.flac,0
/data/DATASETS/ASV_Spoof_2019_LA/ASVspoof2019_LA_dev/flac/LA_D_2684373.flac,0
/data/DATASETS/ASV_Spoof_2019_LA/ASVspoof2019_LA_eval/flac/LA_E_6231208.flac,0
/data/DATASETS/ASV_Spoof_2019_LA/ASVspoof2019_LA_eval/flac/LA_E_5278039.flac,0
/data/DATASETS/ASV_Spoof_2019_LA/ASVspoof2019_LA_dev/flac/LA_D_6630316.flac,0
/data/DATASETS/ASV_Spoof_2019_LA/ASVspoof2019_LA_eval/flac/LA_E_2184298.flac,0
/data/DATASETS/ASV_Spoof_2019_LA/ASVspoof2019_LA_dev/flac/LA_D_3526413.flac,0
/data/DATASETS/ASV_Spoof_2019_LA/ASVspoof2019_LA_train/flac/LA_T_9557645.flac,0
/data/DATASETS/ASV_Spoof_2019_LA/ASVspoof2019_LA_eval/flac/LA_E_6161337.flac,0
/data/DATASETS/ASV_Spoof_2019_LA/ASVspoof2019_LA_eval/flac/LA_E_4621916.flac,0
/data/DATASETS/ASV_Spoof_2019_LA/ASVspoof2019_LA_eval/flac/LA_E_3527900.flac,0
/data/DATASETS/ASV_Spoof_2019_LA/ASVspoof2019_LA_eval/flac/LA_E_2822683.flac,0
/data/DATASETS/ASV_Spoof_2019_LA/ASVspoof2019_LA_dev/flac/LA_D_7081771.flac,0
/data/DATASETS/ASV_Spoof_2019_LA/ASVspoof2019_LA_train/flac/LA_T_8285892.flac,0
/data/DATASETS/ASV_Spoof_2019_LA/ASVspoof2019_LA_eval/flac/LA_E_4728958.flac,0
/data/DATASETS/ASV_Spoof_2019_LA/ASVspoof2019_LA_eval/flac/LA_E_6164877.flac,0
/data/DATASETS/ASV_Spoof_2019_LA/ASVspoof2019_LA_eval/flac/LA_E_9552754.flac,0
/data/DATASETS/ASV_Spoof_2019_LA/ASVspoof2019_LA_eval/flac/LA_E_7420608.flac,0
/data/DATASETS/ASV_Spoof_2019_LA/ASVspoof2019_LA_dev/flac/LA_D_4475626.flac,0
/data/DATASETS/ASV_Spoof_2019_LA/ASVspoof2019_LA_train/flac/LA_T_9671407.flac,0
/data/DATASETS/ASV_Spoof_2019_LA/ASVspoof2019_LA_eval/flac/LA_E_2652508.flac,0
/data/DATASETS/ASV_Spoof_2019_LA/ASVspoof2019_LA_eval/flac/LA_E_7262697.flac,0
/data/DATASETS/ASV_Spoof_2019_LA/ASVspoof2019_LA_eval/flac/LA_E_3729887.flac,0
/data/DATASETS/ASV_Spoof_2019_LA/ASVspoof2019_LA_eval/flac/LA_E_2677200.flac,0
/data/DATASETS/ASV_Spoof_2019_LA/ASVspoof2019_LA_train/flac/LA_T_3625664.flac,0
/data/DATASETS/ASV_Spoof_2019_LA/ASVspoof2019_LA_dev/flac/LA_D_1930986.flac,0
/data/DATASETS/ASV_Spoof_2019_LA/ASVspoof2019_LA_dev/flac/LA_D_4807296.flac,0
/data/DATASETS/ASV_Spoof_2019_LA/ASVspoof2019_LA_eval/flac/LA_E_9433983.flac,0
/data/DATASETS/ASV_Spoof_2019_LA/ASVspoof2019_LA_train/flac/LA_T_2964864.flac,0
/data/DATASETS/ASV_Spoof_2019_LA/ASVspoof2019_LA_train/flac/LA_T_8280464.flac,0
/data/DATASETS/ASV_Spoof_2019_LA/ASVspoof2019_LA_eval/flac/LA_E_5258139.flac,0
/data/DATASETS/ASV_Spoof_2019_LA/ASVspoof2019_LA_eval/flac/LA_E_9993329.flac,0
/data/DATASETS/ASV_Spoof_2019_LA/ASVspoof2019_LA_train/flac/LA_T_9678657.flac,0
/data/DATASETS/ASV_Spoof_2019_LA/ASVspoof2019_LA_train/flac/LA_T_7913619.flac,0
/data/DATASETS/ASV_Spoof_2019_LA/ASVspoof2019_LA_dev/flac/LA_D_7370306.flac,0
/data/DATASETS/ASV_Spoof_2019_LA/ASVspoof2019_LA_eval/flac/LA_E_8563944.flac,0
/data/DATASETS/ASV_Spoof_2019_LA/ASVspoof2019_LA_eval/flac/LA_E_9778072.flac,0
/data/DATASETS/ASV_Spoof_2019_LA/ASVspoof2019_LA_eval/flac/LA_E_9428824.flac,0
/data/DATASETS/ASV_Spoof_2019_LA/ASVspoof2019_LA_eval/flac/LA_E_1770231.flac,0
/data/DATASETS/ASV_Spoof_2019_LA/ASVspoof2019_LA_dev/flac/LA_D_9615915.flac,0
/data/DATASETS/ASV_Spoof_2019_LA/ASVspoof2019_LA_eval/flac/LA_E_3487964.flac,0
/data/DATASETS/ASV_Spoof_2019_LA/ASVspoof2019_LA_eval/flac/LA_E_1894268.flac,0
/data/DATASETS/ASV_Spoof_2019_LA/ASVspoof2019_LA_eval/flac/LA_E_1091007.flac,0
/data/DATASETS/ASV_Spoof_2019_LA/ASVspoof2019_LA_eval/flac/LA_E_9461614.flac,0
/data/DATASETS/ASV_Spoof_2019_LA/ASVspoof2019_LA_eval/flac/LA_E_9998489.flac,0
/data/DATASETS/ASV_Spoof_2019_LA/ASVspoof2019_LA_eval/flac/LA_E_9615935.flac,0
/data/DATASETS/ASV_Spoof_2019_LA/ASVspoof2019_LA_dev/flac/LA_D_2274164.flac,0
/data/DATASETS/ASV_Spoof_2019_LA/ASVspoof2019_LA_dev/flac/LA_D_5604212.flac,0
/data/DATASETS/ASV_Spoof_2019_LA/ASVspoof2019_LA_eval/flac/LA_E_7911861.flac,0
/data/DATASETS/ASV_Spoof_2019_LA/ASVspoof2019_LA_eval/flac/LA_E_7374344.flac,0
/data/DATASETS/ASV_Spoof_2019_LA/ASVspoof2019_LA_eval/flac/LA_E_1967139.flac,0
/data/DATASETS/ASV_Spoof_2019_LA/ASVspoof2019_LA_eval/flac/LA_E_8813496.flac,0
/data/DATASETS/ASV_Spoof_2019_LA/ASVspoof2019_LA_eval/flac/LA_E_5901034.flac,0
/data/DATASETS/ASV_Spoof_2019_LA/ASVspoof2019_LA_eval/flac/LA_E_5432558.flac,0
/data/DATASETS/ASV_Spoof_2019_LA/ASVspoof2019_LA_dev/flac/LA_D_2311237.flac,0
/data/DATASETS/ASV_Spoof_2019_LA/ASVspoof2019_LA_dev/flac/LA_D_3299949.flac,0
/data/DATASETS/ASV_Spoof_2019_LA/ASVspoof2019_LA_train/flac/LA_T_8589988.flac,0
/data/DATASETS/ASV_Spoof_2019_LA/ASVspoof2019_LA_train/flac/LA_T_4740750.flac,0
/data/DATASETS/ASV_Spoof_2019_LA/ASVspoof2019_LA_eval/flac/LA_E_7017025.flac,0
/data/DATASETS/ASV_Spoof_2019_LA/ASVspoof2019_LA_train/flac/LA_T_3154528.flac,0
/data/DATASETS/ASV_Spoof_2019_LA/ASVspoof2019_LA_eval/flac/LA_E_5303039.flac,0
/data/DATASETS/ASV_Spoof_2019_LA/ASVspoof2019_LA_train/flac/LA_T_6970113.flac,0
/data/DATASETS/ASV_Spoof_2019_LA/ASVspoof2019_LA_train/flac/LA_T_5639776.flac,0
/data/DATASETS/ASV_Spoof_2019_LA/ASVspoof2019_LA_train/flac/LA_T_9433144.flac,0
/data/DATASETS/ASV_Spoof_2019_LA/ASVspoof2019_LA_eval/flac/LA_E_1773974.flac,0
/data/DATASETS/ASV_Spoof_2019_LA/ASVspoof2019_LA_eval/flac/LA_E_1583855.flac,0
/data/DATASETS/ASV_Spoof_2019_LA/ASVspoof2019_LA_train/flac/LA_T_7807441.flac,0
/data/DATASETS/ASV_Spoof_2019_LA/ASVspoof2019_LA_train/flac/LA_T_9408141.flac,0
/data/DATASETS/ASV_Spoof_2019_LA/ASVspoof2019_LA_dev/flac/LA_D_3210739.flac,0
/data/DATASETS/ASV_Spoof_2019_LA/ASVspoof2019_LA_eval/flac/LA_E_9206621.flac,0
/data/DATASETS/ASV_Spoof_2019_LA/ASVspoof2019_LA_train/flac/LA_T_2441274.flac,0
/data/DATASETS/ASV_Spoof_2019_LA/ASVspoof2019_LA_dev/flac/LA_D_2552574.flac,0
/data/DATASETS/ASV_Spoof_2019_LA/ASVspoof2019_LA_eval/flac/LA_E_2743927.flac,0
/data/DATASETS/ASV_Spoof_2019_LA/ASVspoof2019_LA_train/flac/LA_T_7477418.flac,0
/data/DATASETS/ASV_Spoof_2019_LA/ASVspoof2019_LA_eval/flac/LA_E_7963893.flac,0
/data/DATASETS/ASV_Spoof_2019_LA/ASVspoof2019_LA_eval/flac/LA_E_5177548.flac,0
/data/DATASETS/ASV_Spoof_2019_LA/ASVspoof2019_LA_eval/flac/LA_E_1708780.flac,0
/data/DATASETS/ASV_Spoof_2019_LA/ASVspoof2019_LA_eval/flac/LA_E_4931697.flac,0
/data/DATASETS/ASV_Spoof_2019_LA/ASVspoof2019_LA_eval/flac/LA_E_2368131.flac,0
/data/DATASETS/ASV_Spoof_2019_LA/ASVspoof2019_LA_eval/flac/LA_E_7443048.flac,0
/data/DATASETS/ASV_Spoof_2019_LA/ASVspoof2019_LA_eval/flac/LA_E_1514361.flac,0
/data/DATASETS/ASV_Spoof_2019_LA/ASVspoof2019_LA_eval/flac/LA_E_8749193.flac,0
/data/DATASETS/ASV_Spoof_2019_LA/ASVspoof2019_LA_train/flac/LA_T_2216602.flac,0
/data/DATASETS/ASV_Spoof_2019_LA/ASVspoof2019_LA_eval/flac/LA_E_2503362.flac,0
/data/DATASETS/ASV_Spoof_2019_LA/ASVspoof2019_LA_eval/flac/LA_E_1679834.flac,0
/data/DATASETS/ASV_Spoof_2019_LA/ASVspoof2019_LA_dev/flac/LA_D_1556595.flac,0
/data/DATASETS/ASV_Spoof_2019_LA/ASVspoof2019_LA_eval/flac/LA_E_9488909.flac,0
/data/DATASETS/ASV_Spoof_2019_LA/ASVspoof2019_LA_eval/flac/LA_E_3126628.flac,0
/data/DATASETS/ASV_Spoof_2019_LA/ASVspoof2019_LA_train/flac/LA_T_4871078.flac,0
/data/DATASETS/ASV_Spoof_2019_LA/ASVspoof2019_LA_train/flac/LA_T_5312236.flac,0
/data/DATASETS/ASV_Spoof_2019_LA/ASVspoof2019_LA_eval/flac/LA_E_5091210.flac,0
/data/DATASETS/ASV_Spoof_2019_LA/ASVspoof2019_LA_eval/flac/LA_E_7123545.flac,0
/data/DATASETS/ASV_Spoof_2019_LA/ASVspoof2019_LA_eval/flac/LA_E_4587643.flac,0
/data/DATASETS/ASV_Spoof_2019_LA/ASVspoof2019_LA_dev/flac/LA_D_2658622.flac,0
/data/DATASETS/ASV_Spoof_2019_LA/ASVspoof2019_LA_eval/flac/LA_E_5282275.flac,0
/data/DATASETS/ASV_Spoof_2019_LA/ASVspoof2019_LA_eval/flac/LA_E_2382648.flac,0
/data/DATASETS/ASV_Spoof_2019_LA/ASVspoof2019_LA_eval/flac/LA_E_4436110.flac,0
/data/DATASETS/ASV_Spoof_2019_LA/ASVspoof2019_LA_eval/flac/LA_E_9096468.flac,0
/data/DATASETS/ASV_Spoof_2019_LA/ASVspoof2019_LA_train/flac/LA_T_8798465.flac,0
/data/DATASETS/ASV_Spoof_2019_LA/ASVspoof2019_LA_eval/flac/LA_E_8387973.flac,0
/data/DATASETS/ASV_Spoof_2019_LA/ASVspoof2019_LA_eval/flac/LA_E_2163780.flac,0
/data/DATASETS/ASV_Spoof_2019_LA/ASVspoof2019_LA_eval/flac/LA_E_4295796.flac,0
/data/DATASETS/ASV_Spoof_2019_LA/ASVspoof2019_LA_eval/flac/LA_E_6317367.flac,0
/data/DATASETS/ASV_Spoof_2019_LA/ASVspoof2019_LA_eval/flac/LA_E_8360530.flac,0
/data/DATASETS/ASV_Spoof_2019_LA/ASVspoof2019_LA_eval/flac/LA_E_2396059.flac,0
/data/DATASETS/ASV_Spoof_2019_LA/ASVspoof2019_LA_eval/flac/LA_E_6714118.flac,0
/data/DATASETS/ASV_Spoof_2019_LA/ASVspoof2019_LA_train/flac/LA_T_2720806.flac,0
/data/DATASETS/ASV_Spoof_2019_LA/ASVspoof2019_LA_eval/flac/LA_E_1835131.flac,0
/data/DATASETS/ASV_Spoof_2019_LA/ASVspoof2019_LA_dev/flac/LA_D_9095164.flac,0
/data/DATASETS/ASV_Spoof_2019_LA/ASVspoof2019_LA_eval/flac/LA_E_9270540.flac,0
/data/DATASETS/ASV_Spoof_2019_LA/ASVspoof2019_LA_eval/flac/LA_E_5943410.flac,0
/data/DATASETS/ASV_Spoof_2019_LA/ASVspoof2019_LA_eval/flac/LA_E_1582923.flac,0
/data/DATASETS/ASV_Spoof_2019_LA/ASVspoof2019_LA_eval/flac/LA_E_2884221.flac,0
/data/DATASETS/ASV_Spoof_2019_LA/ASVspoof2019_LA_eval/flac/LA_E_2912526.flac,0
/data/DATASETS/ASV_Spoof_2019_LA/ASVspoof2019_LA_dev/flac/LA_D_5607743.flac,0
/data/DATASETS/ASV_Spoof_2019_LA/ASVspoof2019_LA_eval/flac/LA_E_3693383.flac,0
/data/DATASETS/ASV_Spoof_2019_LA/ASVspoof2019_LA_train/flac/LA_T_1131312.flac,0
/data/DATASETS/ASV_Spoof_2019_LA/ASVspoof2019_LA_train/flac/LA_T_8196808.flac,0
/data/DATASETS/ASV_Spoof_2019_LA/ASVspoof2019_LA_train/flac/LA_T_5654988.flac,0
/data/DATASETS/ASV_Spoof_2019_LA/ASVspoof2019_LA_eval/flac/LA_E_8509410.flac,0
/data/DATASETS/ASV_Spoof_2019_LA/ASVspoof2019_LA_dev/flac/LA_D_9897142.flac,0
/data/DATASETS/ASV_Spoof_2019_LA/ASVspoof2019_LA_eval/flac/LA_E_6259265.flac,0
/data/DATASETS/ASV_Spoof_2019_LA/ASVspoof2019_LA_eval/flac/LA_E_7559306.flac,0
/data/DATASETS/ASV_Spoof_2019_LA/ASVspoof2019_LA_dev/flac/LA_D_6085002.flac,0
/data/DATASETS/ASV_Spoof_2019_LA/ASVspoof2019_LA_eval/flac/LA_E_9596607.flac,0
/data/DATASETS/ASV_Spoof_2019_LA/ASVspoof2019_LA_train/flac/LA_T_7746591.flac,0
/data/DATASETS/ASV_Spoof_2019_LA/ASVspoof2019_LA_eval/flac/LA_E_5660987.flac,0
/data/DATASETS/ASV_Spoof_2019_LA/ASVspoof2019_LA_eval/flac/LA_E_7892728.flac,0
/data/DATASETS/ASV_Spoof_2019_LA/ASVspoof2019_LA_dev/flac/LA_D_5417114.flac,0
/data/DATASETS/ASV_Spoof_2019_LA/ASVspoof2019_LA_train/flac/LA_T_5656942.flac,0
/data/DATASETS/ASV_Spoof_2019_LA/ASVspoof2019_LA_eval/flac/LA_E_3812190.flac,0
/data/DATASETS/ASV_Spoof_2019_LA/ASVspoof2019_LA_train/flac/LA_T_5490265.flac,0
/data/DATASETS/ASV_Spoof_2019_LA/ASVspoof2019_LA_eval/flac/LA_E_4763073.flac,0
/data/DATASETS/ASV_Spoof_2019_LA/ASVspoof2019_LA_eval/flac/LA_E_2738841.flac,0
/data/DATASETS/ASV_Spoof_2019_LA/ASVspoof2019_LA_eval/flac/LA_E_4539620.flac,0
/data/DATASETS/ASV_Spoof_2019_LA/ASVspoof2019_LA_eval/flac/LA_E_1888326.flac,0
/data/DATASETS/ASV_Spoof_2019_LA/ASVspoof2019_LA_eval/flac/LA_E_2900914.flac,0
/data/DATASETS/ASV_Spoof_2019_LA/ASVspoof2019_LA_eval/flac/LA_E_2289164.flac,0
/data/DATASETS/ASV_Spoof_2019_LA/ASVspoof2019_LA_train/flac/LA_T_1646363.flac,0
/data/DATASETS/ASV_Spoof_2019_LA/ASVspoof2019_LA_train/flac/LA_T_4669930.flac,0
/data/DATASETS/ASV_Spoof_2019_LA/ASVspoof2019_LA_train/flac/LA_T_7961517.flac,0
/data/DATASETS/ASV_Spoof_2019_LA/ASVspoof2019_LA_eval/flac/LA_E_6476053.flac,0
/data/DATASETS/ASV_Spoof_2019_LA/ASVspoof2019_LA_eval/flac/LA_E_2542172.flac,0
/data/DATASETS/ASV_Spoof_2019_LA/ASVspoof2019_LA_eval/flac/LA_E_2453283.flac,0
/data/DATASETS/ASV_Spoof_2019_LA/ASVspoof2019_LA_eval/flac/LA_E_6193311.flac,0
/data/DATASETS/ASV_Spoof_2019_LA/ASVspoof2019_LA_train/flac/LA_T_9068162.flac,0
/data/DATASETS/ASV_Spoof_2019_LA/ASVspoof2019_LA_eval/flac/LA_E_5158190.flac,0
/data/DATASETS/ASV_Spoof_2019_LA/ASVspoof2019_LA_eval/flac/LA_E_3586145.flac,0
/data/DATASETS/ASV_Spoof_2019_LA/ASVspoof2019_LA_eval/flac/LA_E_9291955.flac,0
/data/DATASETS/ASV_Spoof_2019_LA/ASVspoof2019_LA_eval/flac/LA_E_1704953.flac,0
/data/DATASETS/ASV_Spoof_2019_LA/ASVspoof2019_LA_eval/flac/LA_E_4266061.flac,0
/data/DATASETS/ASV_Spoof_2019_LA/ASVspoof2019_LA_dev/flac/LA_D_3409145.flac,0
/data/DATASETS/ASV_Spoof_2019_LA/ASVspoof2019_LA_eval/flac/LA_E_9910728.flac,0
/data/DATASETS/ASV_Spoof_2019_LA/ASVspoof2019_LA_train/flac/LA_T_6066800.flac,0
/data/DATASETS/ASV_Spoof_2019_LA/ASVspoof2019_LA_dev/flac/LA_D_5490757.flac,0
/data/DATASETS/ASV_Spoof_2019_LA/ASVspoof2019_LA_dev/flac/LA_D_5438251.flac,0
/data/DATASETS/ASV_Spoof_2019_LA/ASVspoof2019_LA_train/flac/LA_T_6842563.flac,0
/data/DATASETS/ASV_Spoof_2019_LA/ASVspoof2019_LA_train/flac/LA_T_1923872.flac,0
/data/DATASETS/ASV_Spoof_2019_LA/ASVspoof2019_LA_eval/flac/LA_E_5017056.flac,0
/data/DATASETS/ASV_Spoof_2019_LA/ASVspoof2019_LA_eval/flac/LA_E_6628017.flac,0
/data/DATASETS/ASV_Spoof_2019_LA/ASVspoof2019_LA_dev/flac/LA_D_7605047.flac,0
/data/DATASETS/ASV_Spoof_2019_LA/ASVspoof2019_LA_eval/flac/LA_E_3553112.flac,0
/data/DATASETS/ASV_Spoof_2019_LA/ASVspoof2019_LA_eval/flac/LA_E_8645906.flac,0
/data/DATASETS/ASV_Spoof_2019_LA/ASVspoof2019_LA_eval/flac/LA_E_5010136.flac,0
/data/DATASETS/ASV_Spoof_2019_LA/ASVspoof2019_LA_eval/flac/LA_E_7047411.flac,0
/data/DATASETS/ASV_Spoof_2019_LA/ASVspoof2019_LA_train/flac/LA_T_6555022.flac,0
/data/DATASETS/ASV_Spoof_2019_LA/ASVspoof2019_LA_eval/flac/LA_E_1668966.flac,0
/data/DATASETS/ASV_Spoof_2019_LA/ASVspoof2019_LA_train/flac/LA_T_6356279.flac,0
/data/DATASETS/ASV_Spoof_2019_LA/ASVspoof2019_LA_eval/flac/LA_E_9487269.flac,0
/data/DATASETS/ASV_Spoof_2019_LA/ASVspoof2019_LA_eval/flac/LA_E_8337109.flac,0
/data/DATASETS/ASV_Spoof_2019_LA/ASVspoof2019_LA_eval/flac/LA_E_8002698.flac,0
/data/DATASETS/ASV_Spoof_2019_LA/ASVspoof2019_LA_train/flac/LA_T_5235055.flac,0
/data/DATASETS/ASV_Spoof_2019_LA/ASVspoof2019_LA_train/flac/LA_T_3505297.flac,0
/data/DATASETS/ASV_Spoof_2019_LA/ASVspoof2019_LA_eval/flac/LA_E_2985252.flac,0
/data/DATASETS/ASV_Spoof_2019_LA/ASVspoof2019_LA_dev/flac/LA_D_3169410.flac,0
/data/DATASETS/ASV_Spoof_2019_LA/ASVspoof2019_LA_eval/flac/LA_E_6511139.flac,0
/data/DATASETS/ASV_Spoof_2019_LA/ASVspoof2019_LA_eval/flac/LA_E_6728374.flac,0
/data/DATASETS/ASV_Spoof_2019_LA/ASVspoof2019_LA_dev/flac/LA_D_6433438.flac,0
/data/DATASETS/ASV_Spoof_2019_LA/ASVspoof2019_LA_dev/flac/LA_D_2112837.flac,0
/data/DATASETS/ASV_Spoof_2019_LA/ASVspoof2019_LA_eval/flac/LA_E_3477107.flac,0
/data/DATASETS/ASV_Spoof_2019_LA/ASVspoof2019_LA_eval/flac/LA_E_9099938.flac,0
/data/DATASETS/ASV_Spoof_2019_LA/ASVspoof2019_LA_train/flac/LA_T_5398911.flac,0
/data/DATASETS/ASV_Spoof_2019_LA/ASVspoof2019_LA_train/flac/LA_T_8815396.flac,0
/data/DATASETS/ASV_Spoof_2019_LA/ASVspoof2019_LA_eval/flac/LA_E_8039264.flac,0
/data/DATASETS/ASV_Spoof_2019_LA/ASVspoof2019_LA_eval/flac/LA_E_2660052.flac,0
/data/DATASETS/ASV_Spoof_2019_LA/ASVspoof2019_LA_eval/flac/LA_E_3129676.flac,0
/data/DATASETS/ASV_Spoof_2019_LA/ASVspoof2019_LA_eval/flac/LA_E_8619261.flac,0
/data/DATASETS/ASV_Spoof_2019_LA/ASVspoof2019_LA_dev/flac/LA_D_9812702.flac,0
/data/DATASETS/ASV_Spoof_2019_LA/ASVspoof2019_LA_eval/flac/LA_E_8316155.flac,0
/data/DATASETS/ASV_Spoof_2019_LA/ASVspoof2019_LA_train/flac/LA_T_5043547.flac,0
/data/DATASETS/ASV_Spoof_2019_LA/ASVspoof2019_LA_eval/flac/LA_E_5175035.flac,0
/data/DATASETS/ASV_Spoof_2019_LA/ASVspoof2019_LA_eval/flac/LA_E_7466005.flac,0
/data/DATASETS/ASV_Spoof_2019_LA/ASVspoof2019_LA_eval/flac/LA_E_2163151.flac,0
/data/DATASETS/ASV_Spoof_2019_LA/ASVspoof2019_LA_dev/flac/LA_D_5937275.flac,0
/data/DATASETS/ASV_Spoof_2019_LA/ASVspoof2019_LA_dev/flac/LA_D_3514242.flac,0
/data/DATASETS/ASV_Spoof_2019_LA/ASVspoof2019_LA_train/flac/LA_T_1429012.flac,0
/data/DATASETS/ASV_Spoof_2019_LA/ASVspoof2019_LA_train/flac/LA_T_4196090.flac,0
/data/DATASETS/ASV_Spoof_2019_LA/ASVspoof2019_LA_eval/flac/LA_E_1921207.flac,0
/data/DATASETS/ASV_Spoof_2019_LA/ASVspoof2019_LA_eval/flac/LA_E_6465970.flac,0
/data/DATASETS/ASV_Spoof_2019_LA/ASVspoof2019_LA_dev/flac/LA_D_3513335.flac,0
/data/DATASETS/ASV_Spoof_2019_LA/ASVspoof2019_LA_eval/flac/LA_E_2807829.flac,0
/data/DATASETS/ASV_Spoof_2019_LA/ASVspoof2019_LA_train/flac/LA_T_4810261.flac,0
/data/DATASETS/ASV_Spoof_2019_LA/ASVspoof2019_LA_eval/flac/LA_E_8299975.flac,0
/data/DATASETS/ASV_Spoof_2019_LA/ASVspoof2019_LA_train/flac/LA_T_8710866.flac,0
/data/DATASETS/ASV_Spoof_2019_LA/ASVspoof2019_LA_eval/flac/LA_E_8838884.flac,0
/data/DATASETS/ASV_Spoof_2019_LA/ASVspoof2019_LA_eval/flac/LA_E_1767925.flac,0
/data/DATASETS/ASV_Spoof_2019_LA/ASVspoof2019_LA_train/flac/LA_T_2560396.flac,0
/data/DATASETS/ASV_Spoof_2019_LA/ASVspoof2019_LA_train/flac/LA_T_8944180.flac,0
/data/DATASETS/ASV_Spoof_2019_LA/ASVspoof2019_LA_eval/flac/LA_E_7618772.flac,0
/data/DATASETS/ASV_Spoof_2019_LA/ASVspoof2019_LA_dev/flac/LA_D_2979011.flac,0
/data/DATASETS/ASV_Spoof_2019_LA/ASVspoof2019_LA_eval/flac/LA_E_4484865.flac,0
/data/DATASETS/ASV_Spoof_2019_LA/ASVspoof2019_LA_eval/flac/LA_E_7087626.flac,0
/data/DATASETS/ASV_Spoof_2019_LA/ASVspoof2019_LA_dev/flac/LA_D_2252677.flac,0
/data/DATASETS/ASV_Spoof_2019_LA/ASVspoof2019_LA_train/flac/LA_T_7686559.flac,0
/data/DATASETS/ASV_Spoof_2019_LA/ASVspoof2019_LA_dev/flac/LA_D_8351256.flac,0
/data/DATASETS/ASV_Spoof_2019_LA/ASVspoof2019_LA_dev/flac/LA_D_2865796.flac,0
/data/DATASETS/ASV_Spoof_2019_LA/ASVspoof2019_LA_eval/flac/LA_E_5231295.flac,0
/data/DATASETS/ASV_Spoof_2019_LA/ASVspoof2019_LA_dev/flac/LA_D_4166346.flac,0
/data/DATASETS/ASV_Spoof_2019_LA/ASVspoof2019_LA_dev/flac/LA_D_3599443.flac,0
/data/DATASETS/ASV_Spoof_2019_LA/ASVspoof2019_LA_train/flac/LA_T_3983390.flac,0
/data/DATASETS/ASV_Spoof_2019_LA/ASVspoof2019_LA_train/flac/LA_T_1820456.flac,0
/data/DATASETS/ASV_Spoof_2019_LA/ASVspoof2019_LA_eval/flac/LA_E_4248814.flac,0
/data/DATASETS/ASV_Spoof_2019_LA/ASVspoof2019_LA_eval/flac/LA_E_3000121.flac,0
/data/DATASETS/ASV_Spoof_2019_LA/ASVspoof2019_LA_train/flac/LA_T_4642415.flac,0
/data/DATASETS/ASV_Spoof_2019_LA/ASVspoof2019_LA_eval/flac/LA_E_7069231.flac,0
/data/DATASETS/ASV_Spoof_2019_LA/ASVspoof2019_LA_eval/flac/LA_E_3601650.flac,0
/data/DATASETS/ASV_Spoof_2019_LA/ASVspoof2019_LA_dev/flac/LA_D_4320036.flac,0
/data/DATASETS/ASV_Spoof_2019_LA/ASVspoof2019_LA_eval/flac/LA_E_1640010.flac,0
/data/DATASETS/ASV_Spoof_2019_LA/ASVspoof2019_LA_eval/flac/LA_E_1140411.flac,0
/data/DATASETS/ASV_Spoof_2019_LA/ASVspoof2019_LA_eval/flac/LA_E_4248321.flac,0
/data/DATASETS/ASV_Spoof_2019_LA/ASVspoof2019_LA_eval/flac/LA_E_2163817.flac,0
/data/DATASETS/ASV_Spoof_2019_LA/ASVspoof2019_LA_eval/flac/LA_E_5407651.flac,0
/data/DATASETS/ASV_Spoof_2019_LA/ASVspoof2019_LA_eval/flac/LA_E_2304975.flac,0
/data/DATASETS/ASV_Spoof_2019_LA/ASVspoof2019_LA_eval/flac/LA_E_8991032.flac,0
/data/DATASETS/ASV_Spoof_2019_LA/ASVspoof2019_LA_train/flac/LA_T_4529370.flac,0
/data/DATASETS/ASV_Spoof_2019_LA/ASVspoof2019_LA_eval/flac/LA_E_9270727.flac,0
/data/DATASETS/ASV_Spoof_2019_LA/ASVspoof2019_LA_dev/flac/LA_D_9125966.flac,0
/data/DATASETS/ASV_Spoof_2019_LA/ASVspoof2019_LA_eval/flac/LA_E_8624195.flac,0
/data/DATASETS/ASV_Spoof_2019_LA/ASVspoof2019_LA_eval/flac/LA_E_2176801.flac,0
/data/DATASETS/ASV_Spoof_2019_LA/ASVspoof2019_LA_eval/flac/LA_E_2931199.flac,0
/data/DATASETS/ASV_Spoof_2019_LA/ASVspoof2019_LA_eval/flac/LA_E_4318713.flac,0
/data/DATASETS/ASV_Spoof_2019_LA/ASVspoof2019_LA_eval/flac/LA_E_7057742.flac,0
/data/DATASETS/ASV_Spoof_2019_LA/ASVspoof2019_LA_eval/flac/LA_E_9158742.flac,0
/data/DATASETS/ASV_Spoof_2019_LA/ASVspoof2019_LA_eval/flac/LA_E_2836133.flac,0
/data/DATASETS/ASV_Spoof_2019_LA/ASVspoof2019_LA_eval/flac/LA_E_4849025.flac,0
/data/DATASETS/ASV_Spoof_2019_LA/ASVspoof2019_LA_eval/flac/LA_E_5995552.flac,0
/data/DATASETS/ASV_Spoof_2019_LA/ASVspoof2019_LA_dev/flac/LA_D_4422512.flac,0
/data/DATASETS/ASV_Spoof_2019_LA/ASVspoof2019_LA_train/flac/LA_T_9296432.flac,0
/data/DATASETS/ASV_Spoof_2019_LA/ASVspoof2019_LA_eval/flac/LA_E_3016896.flac,0
/data/DATASETS/ASV_Spoof_2019_LA/ASVspoof2019_LA_eval/flac/LA_E_8185369.flac,0
/data/DATASETS/ASV_Spoof_2019_LA/ASVspoof2019_LA_eval/flac/LA_E_9439240.flac,0
/data/DATASETS/ASV_Spoof_2019_LA/ASVspoof2019_LA_eval/flac/LA_E_4472229.flac,0
/data/DATASETS/ASV_Spoof_2019_LA/ASVspoof2019_LA_dev/flac/LA_D_3075013.flac,0
/data/DATASETS/ASV_Spoof_2019_LA/ASVspoof2019_LA_dev/flac/LA_D_8988565.flac,0
/data/DATASETS/ASV_Spoof_2019_LA/ASVspoof2019_LA_eval/flac/LA_E_8985734.flac,0
/data/DATASETS/ASV_Spoof_2019_LA/ASVspoof2019_LA_eval/flac/LA_E_3289697.flac,0
/data/DATASETS/ASV_Spoof_2019_LA/ASVspoof2019_LA_train/flac/LA_T_7278711.flac,0
/data/DATASETS/ASV_Spoof_2019_LA/ASVspoof2019_LA_dev/flac/LA_D_1710314.flac,0
/data/DATASETS/ASV_Spoof_2019_LA/ASVspoof2019_LA_train/flac/LA_T_3485288.flac,0
/data/DATASETS/ASV_Spoof_2019_LA/ASVspoof2019_LA_eval/flac/LA_E_4741393.flac,0
/data/DATASETS/ASV_Spoof_2019_LA/ASVspoof2019_LA_dev/flac/LA_D_5852535.flac,0
/data/DATASETS/ASV_Spoof_2019_LA/ASVspoof2019_LA_eval/flac/LA_E_7245348.flac,0
/data/DATASETS/ASV_Spoof_2019_LA/ASVspoof2019_LA_eval/flac/LA_E_7208865.flac,0
/data/DATASETS/ASV_Spoof_2019_LA/ASVspoof2019_LA_dev/flac/LA_D_5674440.flac,0
/data/DATASETS/ASV_Spoof_2019_LA/ASVspoof2019_LA_eval/flac/LA_E_3706992.flac,0
/data/DATASETS/ASV_Spoof_2019_LA/ASVspoof2019_LA_eval/flac/LA_E_3783078.flac,0
/data/DATASETS/ASV_Spoof_2019_LA/ASVspoof2019_LA_eval/flac/LA_E_2330129.flac,0
/data/DATASETS/ASV_Spoof_2019_LA/ASVspoof2019_LA_eval/flac/LA_E_3985144.flac,0
/data/DATASETS/ASV_Spoof_2019_LA/ASVspoof2019_LA_dev/flac/LA_D_1837988.flac,0
/data/DATASETS/ASV_Spoof_2019_LA/ASVspoof2019_LA_eval/flac/LA_E_4926319.flac,0
/data/DATASETS/ASV_Spoof_2019_LA/ASVspoof2019_LA_dev/flac/LA_D_6805166.flac,0
/data/DATASETS/ASV_Spoof_2019_LA/ASVspoof2019_LA_train/flac/LA_T_5896323.flac,0
/data/DATASETS/ASV_Spoof_2019_LA/ASVspoof2019_LA_eval/flac/LA_E_3177744.flac,0
/data/DATASETS/ASV_Spoof_2019_LA/ASVspoof2019_LA_eval/flac/LA_E_6610003.flac,0
/data/DATASETS/ASV_Spoof_2019_LA/ASVspoof2019_LA_eval/flac/LA_E_8624596.flac,0
/data/DATASETS/ASV_Spoof_2019_LA/ASVspoof2019_LA_eval/flac/LA_E_2125541.flac,0
/data/DATASETS/ASV_Spoof_2019_LA/ASVspoof2019_LA_eval/flac/LA_E_8852053.flac,0
/data/DATASETS/ASV_Spoof_2019_LA/ASVspoof2019_LA_dev/flac/LA_D_3596015.flac,0
/data/DATASETS/ASV_Spoof_2019_LA/ASVspoof2019_LA_dev/flac/LA_D_1955388.flac,0
/data/DATASETS/ASV_Spoof_2019_LA/ASVspoof2019_LA_train/flac/LA_T_2615390.flac,0
/data/DATASETS/ASV_Spoof_2019_LA/ASVspoof2019_LA_eval/flac/LA_E_4571950.flac,0
/data/DATASETS/ASV_Spoof_2019_LA/ASVspoof2019_LA_eval/flac/LA_E_1467646.flac,0
/data/DATASETS/ASV_Spoof_2019_LA/ASVspoof2019_LA_eval/flac/LA_E_3149837.flac,0
/data/DATASETS/ASV_Spoof_2019_LA/ASVspoof2019_LA_dev/flac/LA_D_6310267.flac,0
/data/DATASETS/ASV_Spoof_2019_LA/ASVspoof2019_LA_eval/flac/LA_E_7557617.flac,0
/data/DATASETS/ASV_Spoof_2019_LA/ASVspoof2019_LA_train/flac/LA_T_1031233.flac,0
/data/DATASETS/ASV_Spoof_2019_LA/ASVspoof2019_LA_eval/flac/LA_E_9703326.flac,0
/data/DATASETS/ASV_Spoof_2019_LA/ASVspoof2019_LA_eval/flac/LA_E_8054101.flac,0
/data/DATASETS/ASV_Spoof_2019_LA/ASVspoof2019_LA_eval/flac/LA_E_5369873.flac,0
/data/DATASETS/ASV_Spoof_2019_LA/ASVspoof2019_LA_eval/flac/LA_E_2894759.flac,0
/data/DATASETS/ASV_Spoof_2019_LA/ASVspoof2019_LA_dev/flac/LA_D_1984995.flac,0
/data/DATASETS/ASV_Spoof_2019_LA/ASVspoof2019_LA_eval/flac/LA_E_1419852.flac,0
/data/DATASETS/ASV_Spoof_2019_LA/ASVspoof2019_LA_dev/flac/LA_D_3761724.flac,0
/data/DATASETS/ASV_Spoof_2019_LA/ASVspoof2019_LA_eval/flac/LA_E_1441284.flac,0
/data/DATASETS/ASV_Spoof_2019_LA/ASVspoof2019_LA_eval/flac/LA_E_2099206.flac,0
/data/DATASETS/ASV_Spoof_2019_LA/ASVspoof2019_LA_eval/flac/LA_E_6515051.flac,0
/data/DATASETS/ASV_Spoof_2019_LA/ASVspoof2019_LA_eval/flac/LA_E_4234347.flac,0
/data/DATASETS/ASV_Spoof_2019_LA/ASVspoof2019_LA_dev/flac/LA_D_1659462.flac,0
/data/DATASETS/ASV_Spoof_2019_LA/ASVspoof2019_LA_eval/flac/LA_E_1196787.flac,0
/data/DATASETS/ASV_Spoof_2019_LA/ASVspoof2019_LA_eval/flac/LA_E_6763237.flac,0
/data/DATASETS/ASV_Spoof_2019_LA/ASVspoof2019_LA_eval/flac/LA_E_4067751.flac,0
/data/DATASETS/ASV_Spoof_2019_LA/ASVspoof2019_LA_dev/flac/LA_D_2946958.flac,0
/data/DATASETS/ASV_Spoof_2019_LA/ASVspoof2019_LA_dev/flac/LA_D_5421834.flac,0
/data/DATASETS/ASV_Spoof_2019_LA/ASVspoof2019_LA_eval/flac/LA_E_2718606.flac,0
/data/DATASETS/ASV_Spoof_2019_LA/ASVspoof2019_LA_eval/flac/LA_E_9470258.flac,0
/data/DATASETS/ASV_Spoof_2019_LA/ASVspoof2019_LA_dev/flac/LA_D_1932175.flac,0
/data/DATASETS/ASV_Spoof_2019_LA/ASVspoof2019_LA_train/flac/LA_T_4153503.flac,0
/data/DATASETS/ASV_Spoof_2019_LA/ASVspoof2019_LA_dev/flac/LA_D_1565390.flac,0
/data/DATASETS/ASV_Spoof_2019_LA/ASVspoof2019_LA_dev/flac/LA_D_8142373.flac,0
/data/DATASETS/ASV_Spoof_2019_LA/ASVspoof2019_LA_eval/flac/LA_E_7729981.flac,0
/data/DATASETS/ASV_Spoof_2019_LA/ASVspoof2019_LA_eval/flac/LA_E_8560553.flac,0
/data/DATASETS/ASV_Spoof_2019_LA/ASVspoof2019_LA_train/flac/LA_T_3165954.flac,0
/data/DATASETS/ASV_Spoof_2019_LA/ASVspoof2019_LA_train/flac/LA_T_7397041.flac,0
/data/DATASETS/ASV_Spoof_2019_LA/ASVspoof2019_LA_eval/flac/LA_E_2028322.flac,0
/data/DATASETS/ASV_Spoof_2019_LA/ASVspoof2019_LA_eval/flac/LA_E_6951794.flac,0
/data/DATASETS/ASV_Spoof_2019_LA/ASVspoof2019_LA_eval/flac/LA_E_7728273.flac,0
/data/DATASETS/ASV_Spoof_2019_LA/ASVspoof2019_LA_eval/flac/LA_E_5889823.flac,0
/data/DATASETS/ASV_Spoof_2019_LA/ASVspoof2019_LA_dev/flac/LA_D_5724728.flac,0
/data/DATASETS/ASV_Spoof_2019_LA/ASVspoof2019_LA_eval/flac/LA_E_7458138.flac,0
/data/DATASETS/ASV_Spoof_2019_LA/ASVspoof2019_LA_dev/flac/LA_D_3018635.flac,0
/data/DATASETS/ASV_Spoof_2019_LA/ASVspoof2019_LA_eval/flac/LA_E_8612647.flac,0
/data/DATASETS/ASV_Spoof_2019_LA/ASVspoof2019_LA_eval/flac/LA_E_6775846.flac,0
/data/DATASETS/ASV_Spoof_2019_LA/ASVspoof2019_LA_train/flac/LA_T_5656982.flac,0
/data/DATASETS/ASV_Spoof_2019_LA/ASVspoof2019_LA_eval/flac/LA_E_2958696.flac,0
/data/DATASETS/ASV_Spoof_2019_LA/ASVspoof2019_LA_eval/flac/LA_E_7037148.flac,0
/data/DATASETS/ASV_Spoof_2019_LA/ASVspoof2019_LA_dev/flac/LA_D_9135294.flac,0
/data/DATASETS/ASV_Spoof_2019_LA/ASVspoof2019_LA_eval/flac/LA_E_5773696.flac,0
/data/DATASETS/ASV_Spoof_2019_LA/ASVspoof2019_LA_eval/flac/LA_E_3060526.flac,0
/data/DATASETS/ASV_Spoof_2019_LA/ASVspoof2019_LA_eval/flac/LA_E_1232728.flac,0
/data/DATASETS/ASV_Spoof_2019_LA/ASVspoof2019_LA_eval/flac/LA_E_7384149.flac,0
/data/DATASETS/ASV_Spoof_2019_LA/ASVspoof2019_LA_dev/flac/LA_D_7596619.flac,0
/data/DATASETS/ASV_Spoof_2019_LA/ASVspoof2019_LA_eval/flac/LA_E_3179537.flac,0
/data/DATASETS/ASV_Spoof_2019_LA/ASVspoof2019_LA_eval/flac/LA_E_4252299.flac,0
/data/DATASETS/ASV_Spoof_2019_LA/ASVspoof2019_LA_dev/flac/LA_D_6226339.flac,0
/data/DATASETS/ASV_Spoof_2019_LA/ASVspoof2019_LA_eval/flac/LA_E_4885274.flac,0
/data/DATASETS/ASV_Spoof_2019_LA/ASVspoof2019_LA_dev/flac/LA_D_9814046.flac,0
/data/DATASETS/ASV_Spoof_2019_LA/ASVspoof2019_LA_dev/flac/LA_D_1376638.flac,0
/data/DATASETS/ASV_Spoof_2019_LA/ASVspoof2019_LA_eval/flac/LA_E_3343757.flac,0
/data/DATASETS/ASV_Spoof_2019_LA/ASVspoof2019_LA_eval/flac/LA_E_3892946.flac,0
/data/DATASETS/ASV_Spoof_2019_LA/ASVspoof2019_LA_eval/flac/LA_E_2883112.flac,0
/data/DATASETS/ASV_Spoof_2019_LA/ASVspoof2019_LA_eval/flac/LA_E_3430022.flac,0
/data/DATASETS/ASV_Spoof_2019_LA/ASVspoof2019_LA_train/flac/LA_T_4868237.flac,0
/data/DATASETS/ASV_Spoof_2019_LA/ASVspoof2019_LA_eval/flac/LA_E_2914820.flac,0
/data/DATASETS/ASV_Spoof_2019_LA/ASVspoof2019_LA_train/flac/LA_T_1397401.flac,0
/data/DATASETS/ASV_Spoof_2019_LA/ASVspoof2019_LA_eval/flac/LA_E_4404500.flac,0
/data/DATASETS/ASV_Spoof_2019_LA/ASVspoof2019_LA_train/flac/LA_T_9763074.flac,0
/data/DATASETS/ASV_Spoof_2019_LA/ASVspoof2019_LA_train/flac/LA_T_4586518.flac,0
/data/DATASETS/ASV_Spoof_2019_LA/ASVspoof2019_LA_eval/flac/LA_E_7044960.flac,0
/data/DATASETS/ASV_Spoof_2019_LA/ASVspoof2019_LA_eval/flac/LA_E_9741169.flac,0
/data/DATASETS/ASV_Spoof_2019_LA/ASVspoof2019_LA_eval/flac/LA_E_4410382.flac,0
/data/DATASETS/ASV_Spoof_2019_LA/ASVspoof2019_LA_eval/flac/LA_E_9090610.flac,0
/data/DATASETS/ASV_Spoof_2019_LA/ASVspoof2019_LA_train/flac/LA_T_3058432.flac,0
/data/DATASETS/ASV_Spoof_2019_LA/ASVspoof2019_LA_dev/flac/LA_D_2237304.flac,0
/data/DATASETS/ASV_Spoof_2019_LA/ASVspoof2019_LA_train/flac/LA_T_2945120.flac,0
/data/DATASETS/ASV_Spoof_2019_LA/ASVspoof2019_LA_eval/flac/LA_E_2660035.flac,0
/data/DATASETS/ASV_Spoof_2019_LA/ASVspoof2019_LA_dev/flac/LA_D_1494418.flac,0
/data/DATASETS/ASV_Spoof_2019_LA/ASVspoof2019_LA_dev/flac/LA_D_3477067.flac,0
/data/DATASETS/ASV_Spoof_2019_LA/ASVspoof2019_LA_eval/flac/LA_E_9099300.flac,0
/data/DATASETS/ASV_Spoof_2019_LA/ASVspoof2019_LA_eval/flac/LA_E_6198597.flac,0
/data/DATASETS/ASV_Spoof_2019_LA/ASVspoof2019_LA_eval/flac/LA_E_8536139.flac,0
/data/DATASETS/ASV_Spoof_2019_LA/ASVspoof2019_LA_train/flac/LA_T_4938812.flac,0
/data/DATASETS/ASV_Spoof_2019_LA/ASVspoof2019_LA_dev/flac/LA_D_6617994.flac,0
/data/DATASETS/ASV_Spoof_2019_LA/ASVspoof2019_LA_eval/flac/LA_E_4346479.flac,0
/data/DATASETS/ASV_Spoof_2019_LA/ASVspoof2019_LA_train/flac/LA_T_4842455.flac,0
/data/DATASETS/ASV_Spoof_2019_LA/ASVspoof2019_LA_dev/flac/LA_D_5651240.flac,0
/data/DATASETS/ASV_Spoof_2019_LA/ASVspoof2019_LA_dev/flac/LA_D_9222965.flac,0
/data/DATASETS/ASV_Spoof_2019_LA/ASVspoof2019_LA_eval/flac/LA_E_4918197.flac,0
/data/DATASETS/ASV_Spoof_2019_LA/ASVspoof2019_LA_eval/flac/LA_E_6721092.flac,0
/data/DATASETS/ASV_Spoof_2019_LA/ASVspoof2019_LA_eval/flac/LA_E_4866797.flac,0
/data/DATASETS/ASV_Spoof_2019_LA/ASVspoof2019_LA_eval/flac/LA_E_6767592.flac,0
/data/DATASETS/ASV_Spoof_2019_LA/ASVspoof2019_LA_train/flac/LA_T_6328130.flac,0
/data/DATASETS/ASV_Spoof_2019_LA/ASVspoof2019_LA_eval/flac/LA_E_4482705.flac,0
/data/DATASETS/ASV_Spoof_2019_LA/ASVspoof2019_LA_eval/flac/LA_E_5044663.flac,0
/data/DATASETS/ASV_Spoof_2019_LA/ASVspoof2019_LA_train/flac/LA_T_3544504.flac,0
/data/DATASETS/ASV_Spoof_2019_LA/ASVspoof2019_LA_eval/flac/LA_E_4605816.flac,0
/data/DATASETS/ASV_Spoof_2019_LA/ASVspoof2019_LA_eval/flac/LA_E_2061949.flac,0
/data/DATASETS/ASV_Spoof_2019_LA/ASVspoof2019_LA_train/flac/LA_T_2774050.flac,0
/data/DATASETS/ASV_Spoof_2019_LA/ASVspoof2019_LA_eval/flac/LA_E_1580699.flac,0
/data/DATASETS/ASV_Spoof_2019_LA/ASVspoof2019_LA_eval/flac/LA_E_9689032.flac,0
/data/DATASETS/ASV_Spoof_2019_LA/ASVspoof2019_LA_eval/flac/LA_E_2251526.flac,0
/data/DATASETS/ASV_Spoof_2019_LA/ASVspoof2019_LA_eval/flac/LA_E_2386428.flac,0
/data/DATASETS/ASV_Spoof_2019_LA/ASVspoof2019_LA_eval/flac/LA_E_2504134.flac,0
/data/DATASETS/ASV_Spoof_2019_LA/ASVspoof2019_LA_train/flac/LA_T_3077492.flac,0
/data/DATASETS/ASV_Spoof_2019_LA/ASVspoof2019_LA_eval/flac/LA_E_2994217.flac,0
/data/DATASETS/ASV_Spoof_2019_LA/ASVspoof2019_LA_train/flac/LA_T_4235900.flac,0
/data/DATASETS/ASV_Spoof_2019_LA/ASVspoof2019_LA_dev/flac/LA_D_6618919.flac,0
/data/DATASETS/ASV_Spoof_2019_LA/ASVspoof2019_LA_eval/flac/LA_E_7573921.flac,0
/data/DATASETS/ASV_Spoof_2019_LA/ASVspoof2019_LA_dev/flac/LA_D_1975885.flac,0
/data/DATASETS/ASV_Spoof_2019_LA/ASVspoof2019_LA_dev/flac/LA_D_4159059.flac,0
/data/DATASETS/ASV_Spoof_2019_LA/ASVspoof2019_LA_eval/flac/LA_E_4693993.flac,0
/data/DATASETS/ASV_Spoof_2019_LA/ASVspoof2019_LA_eval/flac/LA_E_3844233.flac,0
/data/DATASETS/ASV_Spoof_2019_LA/ASVspoof2019_LA_train/flac/LA_T_2726428.flac,0
/data/DATASETS/ASV_Spoof_2019_LA/ASVspoof2019_LA_eval/flac/LA_E_8816001.flac,0
/data/DATASETS/ASV_Spoof_2019_LA/ASVspoof2019_LA_train/flac/LA_T_5427607.flac,0
/data/DATASETS/ASV_Spoof_2019_LA/ASVspoof2019_LA_train/flac/LA_T_3176879.flac,0
/data/DATASETS/ASV_Spoof_2019_LA/ASVspoof2019_LA_dev/flac/LA_D_6197289.flac,0
/data/DATASETS/ASV_Spoof_2019_LA/ASVspoof2019_LA_train/flac/LA_T_4900136.flac,0
/data/DATASETS/ASV_Spoof_2019_LA/ASVspoof2019_LA_eval/flac/LA_E_4600022.flac,0
/data/DATASETS/ASV_Spoof_2019_LA/ASVspoof2019_LA_eval/flac/LA_E_6006583.flac,0
/data/DATASETS/ASV_Spoof_2019_LA/ASVspoof2019_LA_eval/flac/LA_E_1699675.flac,0
/data/DATASETS/ASV_Spoof_2019_LA/ASVspoof2019_LA_train/flac/LA_T_9539101.flac,0
/data/DATASETS/ASV_Spoof_2019_LA/ASVspoof2019_LA_train/flac/LA_T_4710044.flac,0
/data/DATASETS/ASV_Spoof_2019_LA/ASVspoof2019_LA_eval/flac/LA_E_4801924.flac,0
/data/DATASETS/ASV_Spoof_2019_LA/ASVspoof2019_LA_eval/flac/LA_E_4882078.flac,0
/data/DATASETS/ASV_Spoof_2019_LA/ASVspoof2019_LA_eval/flac/LA_E_5085628.flac,0
/data/DATASETS/ASV_Spoof_2019_LA/ASVspoof2019_LA_train/flac/LA_T_3325153.flac,0
/data/DATASETS/ASV_Spoof_2019_LA/ASVspoof2019_LA_dev/flac/LA_D_7798955.flac,0
/data/DATASETS/ASV_Spoof_2019_LA/ASVspoof2019_LA_dev/flac/LA_D_6701963.flac,0
/data/DATASETS/ASV_Spoof_2019_LA/ASVspoof2019_LA_eval/flac/LA_E_5164124.flac,0
/data/DATASETS/ASV_Spoof_2019_LA/ASVspoof2019_LA_eval/flac/LA_E_7094572.flac,0
/data/DATASETS/ASV_Spoof_2019_LA/ASVspoof2019_LA_dev/flac/LA_D_6799496.flac,0
/data/DATASETS/ASV_Spoof_2019_LA/ASVspoof2019_LA_eval/flac/LA_E_1535308.flac,0
/data/DATASETS/ASV_Spoof_2019_LA/ASVspoof2019_LA_train/flac/LA_T_5481571.flac,0
/data/DATASETS/ASV_Spoof_2019_LA/ASVspoof2019_LA_eval/flac/LA_E_5183535.flac,0
/data/DATASETS/ASV_Spoof_2019_LA/ASVspoof2019_LA_dev/flac/LA_D_5770185.flac,0
/data/DATASETS/ASV_Spoof_2019_LA/ASVspoof2019_LA_eval/flac/LA_E_4148892.flac,0
/data/DATASETS/ASV_Spoof_2019_LA/ASVspoof2019_LA_eval/flac/LA_E_3226507.flac,0
/data/DATASETS/ASV_Spoof_2019_LA/ASVspoof2019_LA_eval/flac/LA_E_6549617.flac,0
/data/DATASETS/ASV_Spoof_2019_LA/ASVspoof2019_LA_eval/flac/LA_E_9050623.flac,0
/data/DATASETS/ASV_Spoof_2019_LA/ASVspoof2019_LA_eval/flac/LA_E_6550337.flac,0
/data/DATASETS/ASV_Spoof_2019_LA/ASVspoof2019_LA_train/flac/LA_T_8816234.flac,0
/data/DATASETS/ASV_Spoof_2019_LA/ASVspoof2019_LA_dev/flac/LA_D_1758807.flac,0
/data/DATASETS/ASV_Spoof_2019_LA/ASVspoof2019_LA_eval/flac/LA_E_3286136.flac,0
/data/DATASETS/ASV_Spoof_2019_LA/ASVspoof2019_LA_eval/flac/LA_E_7499814.flac,0
/data/DATASETS/ASV_Spoof_2019_LA/ASVspoof2019_LA_eval/flac/LA_E_1319921.flac,0
/data/DATASETS/ASV_Spoof_2019_LA/ASVspoof2019_LA_dev/flac/LA_D_2059154.flac,0
/data/DATASETS/ASV_Spoof_2019_LA/ASVspoof2019_LA_eval/flac/LA_E_5275779.flac,0
/data/DATASETS/ASV_Spoof_2019_LA/ASVspoof2019_LA_train/flac/LA_T_9234278.flac,0
/data/DATASETS/ASV_Spoof_2019_LA/ASVspoof2019_LA_eval/flac/LA_E_4133415.flac,0
/data/DATASETS/ASV_Spoof_2019_LA/ASVspoof2019_LA_dev/flac/LA_D_7089929.flac,0
/data/DATASETS/ASV_Spoof_2019_LA/ASVspoof2019_LA_eval/flac/LA_E_9435539.flac,0
/data/DATASETS/ASV_Spoof_2019_LA/ASVspoof2019_LA_train/flac/LA_T_2507487.flac,0
/data/DATASETS/ASV_Spoof_2019_LA/ASVspoof2019_LA_train/flac/LA_T_8326490.flac,0
/data/DATASETS/ASV_Spoof_2019_LA/ASVspoof2019_LA_eval/flac/LA_E_4330586.flac,0
/data/DATASETS/ASV_Spoof_2019_LA/ASVspoof2019_LA_train/flac/LA_T_3810183.flac,0
/data/DATASETS/ASV_Spoof_2019_LA/ASVspoof2019_LA_dev/flac/LA_D_8993681.flac,0
/data/DATASETS/ASV_Spoof_2019_LA/ASVspoof2019_LA_eval/flac/LA_E_1805543.flac,0
/data/DATASETS/ASV_Spoof_2019_LA/ASVspoof2019_LA_eval/flac/LA_E_5321810.flac,0
/data/DATASETS/ASV_Spoof_2019_LA/ASVspoof2019_LA_eval/flac/LA_E_1311509.flac,0
/data/DATASETS/ASV_Spoof_2019_LA/ASVspoof2019_LA_eval/flac/LA_E_3378177.flac,0
/data/DATASETS/ASV_Spoof_2019_LA/ASVspoof2019_LA_dev/flac/LA_D_5336291.flac,0
/data/DATASETS/ASV_Spoof_2019_LA/ASVspoof2019_LA_eval/flac/LA_E_1214610.flac,0
/data/DATASETS/ASV_Spoof_2019_LA/ASVspoof2019_LA_eval/flac/LA_E_5785490.flac,0
/data/DATASETS/ASV_Spoof_2019_LA/ASVspoof2019_LA_eval/flac/LA_E_1184536.flac,0
/data/DATASETS/ASV_Spoof_2019_LA/ASVspoof2019_LA_dev/flac/LA_D_3857446.flac,0
/data/DATASETS/ASV_Spoof_2019_LA/ASVspoof2019_LA_dev/flac/LA_D_1877105.flac,0
/data/DATASETS/ASV_Spoof_2019_LA/ASVspoof2019_LA_dev/flac/LA_D_4320007.flac,0
/data/DATASETS/ASV_Spoof_2019_LA/ASVspoof2019_LA_train/flac/LA_T_6592806.flac,0
/data/DATASETS/ASV_Spoof_2019_LA/ASVspoof2019_LA_dev/flac/LA_D_9382979.flac,0
/data/DATASETS/ASV_Spoof_2019_LA/ASVspoof2019_LA_eval/flac/LA_E_4201007.flac,0
/data/DATASETS/ASV_Spoof_2019_LA/ASVspoof2019_LA_train/flac/LA_T_6005929.flac,0
/data/DATASETS/ASV_Spoof_2019_LA/ASVspoof2019_LA_eval/flac/LA_E_2511114.flac,0
/data/DATASETS/ASV_Spoof_2019_LA/ASVspoof2019_LA_train/flac/LA_T_1770624.flac,0
/data/DATASETS/ASV_Spoof_2019_LA/ASVspoof2019_LA_eval/flac/LA_E_6354812.flac,0
/data/DATASETS/ASV_Spoof_2019_LA/ASVspoof2019_LA_train/flac/LA_T_5774498.flac,0
/data/DATASETS/ASV_Spoof_2019_LA/ASVspoof2019_LA_eval/flac/LA_E_2441047.flac,0
/data/DATASETS/ASV_Spoof_2019_LA/ASVspoof2019_LA_eval/flac/LA_E_7699318.flac,0
/data/DATASETS/ASV_Spoof_2019_LA/ASVspoof2019_LA_dev/flac/LA_D_6291895.flac,0
/data/DATASETS/ASV_Spoof_2019_LA/ASVspoof2019_LA_eval/flac/LA_E_2602598.flac,0
/data/DATASETS/ASV_Spoof_2019_LA/ASVspoof2019_LA_eval/flac/LA_E_7765212.flac,0
/data/DATASETS/ASV_Spoof_2019_LA/ASVspoof2019_LA_eval/flac/LA_E_1303457.flac,0
/data/DATASETS/ASV_Spoof_2019_LA/ASVspoof2019_LA_train/flac/LA_T_9881753.flac,0
/data/DATASETS/ASV_Spoof_2019_LA/ASVspoof2019_LA_dev/flac/LA_D_7449236.flac,0
/data/DATASETS/ASV_Spoof_2019_LA/ASVspoof2019_LA_train/flac/LA_T_7014336.flac,0
/data/DATASETS/ASV_Spoof_2019_LA/ASVspoof2019_LA_train/flac/LA_T_5336219.flac,0
/data/DATASETS/ASV_Spoof_2019_LA/ASVspoof2019_LA_eval/flac/LA_E_9157260.flac,0
/data/DATASETS/ASV_Spoof_2019_LA/ASVspoof2019_LA_eval/flac/LA_E_8949905.flac,0
/data/DATASETS/ASV_Spoof_2019_LA/ASVspoof2019_LA_dev/flac/LA_D_2896082.flac,0
/data/DATASETS/ASV_Spoof_2019_LA/ASVspoof2019_LA_dev/flac/LA_D_6211330.flac,0
/data/DATASETS/ASV_Spoof_2019_LA/ASVspoof2019_LA_eval/flac/LA_E_1296064.flac,0
/data/DATASETS/ASV_Spoof_2019_LA/ASVspoof2019_LA_eval/flac/LA_E_8218457.flac,0
/data/DATASETS/ASV_Spoof_2019_LA/ASVspoof2019_LA_dev/flac/LA_D_2044088.flac,0
/data/DATASETS/ASV_Spoof_2019_LA/ASVspoof2019_LA_eval/flac/LA_E_3745990.flac,0
/data/DATASETS/ASV_Spoof_2019_LA/ASVspoof2019_LA_dev/flac/LA_D_7383599.flac,0
/data/DATASETS/ASV_Spoof_2019_LA/ASVspoof2019_LA_eval/flac/LA_E_2514660.flac,0
/data/DATASETS/ASV_Spoof_2019_LA/ASVspoof2019_LA_eval/flac/LA_E_4288899.flac,0
/data/DATASETS/ASV_Spoof_2019_LA/ASVspoof2019_LA_eval/flac/LA_E_5861457.flac,0
/data/DATASETS/ASV_Spoof_2019_LA/ASVspoof2019_LA_train/flac/LA_T_3707386.flac,0
/data/DATASETS/ASV_Spoof_2019_LA/ASVspoof2019_LA_dev/flac/LA_D_8916787.flac,0
/data/DATASETS/ASV_Spoof_2019_LA/ASVspoof2019_LA_train/flac/LA_T_8406833.flac,0
/data/DATASETS/ASV_Spoof_2019_LA/ASVspoof2019_LA_eval/flac/LA_E_2161075.flac,0
/data/DATASETS/ASV_Spoof_2019_LA/ASVspoof2019_LA_train/flac/LA_T_3083581.flac,0
/data/DATASETS/ASV_Spoof_2019_LA/ASVspoof2019_LA_eval/flac/LA_E_3256874.flac,0
/data/DATASETS/ASV_Spoof_2019_LA/ASVspoof2019_LA_eval/flac/LA_E_5385777.flac,0
/data/DATASETS/ASV_Spoof_2019_LA/ASVspoof2019_LA_eval/flac/LA_E_3338123.flac,0
/data/DATASETS/ASV_Spoof_2019_LA/ASVspoof2019_LA_eval/flac/LA_E_9342797.flac,0
/data/DATASETS/ASV_Spoof_2019_LA/ASVspoof2019_LA_eval/flac/LA_E_9432378.flac,0
/data/DATASETS/ASV_Spoof_2019_LA/ASVspoof2019_LA_eval/flac/LA_E_1860331.flac,0
/data/DATASETS/ASV_Spoof_2019_LA/ASVspoof2019_LA_eval/flac/LA_E_9295590.flac,0
/data/DATASETS/ASV_Spoof_2019_LA/ASVspoof2019_LA_eval/flac/LA_E_4693677.flac,0
/data/DATASETS/ASV_Spoof_2019_LA/ASVspoof2019_LA_eval/flac/LA_E_7847027.flac,0
/data/DATASETS/ASV_Spoof_2019_LA/ASVspoof2019_LA_dev/flac/LA_D_8199784.flac,0
/data/DATASETS/ASV_Spoof_2019_LA/ASVspoof2019_LA_train/flac/LA_T_3995089.flac,0
/data/DATASETS/ASV_Spoof_2019_LA/ASVspoof2019_LA_dev/flac/LA_D_8950507.flac,0
/data/DATASETS/ASV_Spoof_2019_LA/ASVspoof2019_LA_eval/flac/LA_E_5738340.flac,0
/data/DATASETS/ASV_Spoof_2019_LA/ASVspoof2019_LA_dev/flac/LA_D_1183785.flac,0
/data/DATASETS/ASV_Spoof_2019_LA/ASVspoof2019_LA_eval/flac/LA_E_4380133.flac,0
/data/DATASETS/ASV_Spoof_2019_LA/ASVspoof2019_LA_dev/flac/LA_D_5056218.flac,0
/data/DATASETS/ASV_Spoof_2019_LA/ASVspoof2019_LA_train/flac/LA_T_3240252.flac,0
/data/DATASETS/ASV_Spoof_2019_LA/ASVspoof2019_LA_eval/flac/LA_E_7180818.flac,0
/data/DATASETS/ASV_Spoof_2019_LA/ASVspoof2019_LA_eval/flac/LA_E_3919154.flac,0
/data/DATASETS/ASV_Spoof_2019_LA/ASVspoof2019_LA_dev/flac/LA_D_6518159.flac,0
/data/DATASETS/ASV_Spoof_2019_LA/ASVspoof2019_LA_dev/flac/LA_D_1716033.flac,0
/data/DATASETS/ASV_Spoof_2019_LA/ASVspoof2019_LA_eval/flac/LA_E_7901041.flac,0
/data/DATASETS/ASV_Spoof_2019_LA/ASVspoof2019_LA_dev/flac/LA_D_5676289.flac,0
/data/DATASETS/ASV_Spoof_2019_LA/ASVspoof2019_LA_dev/flac/LA_D_4784827.flac,0
/data/DATASETS/ASV_Spoof_2019_LA/ASVspoof2019_LA_eval/flac/LA_E_7828205.flac,0
/data/DATASETS/ASV_Spoof_2019_LA/ASVspoof2019_LA_train/flac/LA_T_6322780.flac,0
/data/DATASETS/ASV_Spoof_2019_LA/ASVspoof2019_LA_eval/flac/LA_E_6699186.flac,0
/data/DATASETS/ASV_Spoof_2019_LA/ASVspoof2019_LA_train/flac/LA_T_6354141.flac,0
/data/DATASETS/ASV_Spoof_2019_LA/ASVspoof2019_LA_eval/flac/LA_E_5657579.flac,0
/data/DATASETS/ASV_Spoof_2019_LA/ASVspoof2019_LA_eval/flac/LA_E_1444758.flac,0
/data/DATASETS/ASV_Spoof_2019_LA/ASVspoof2019_LA_eval/flac/LA_E_1649471.flac,0
/data/DATASETS/ASV_Spoof_2019_LA/ASVspoof2019_LA_train/flac/LA_T_9896606.flac,0
/data/DATASETS/ASV_Spoof_2019_LA/ASVspoof2019_LA_dev/flac/LA_D_9359637.flac,0
/data/DATASETS/ASV_Spoof_2019_LA/ASVspoof2019_LA_eval/flac/LA_E_5481260.flac,0
/data/DATASETS/ASV_Spoof_2019_LA/ASVspoof2019_LA_eval/flac/LA_E_6901131.flac,0
/data/DATASETS/ASV_Spoof_2019_LA/ASVspoof2019_LA_dev/flac/LA_D_9319381.flac,0
/data/DATASETS/ASV_Spoof_2019_LA/ASVspoof2019_LA_eval/flac/LA_E_1061586.flac,0
/data/DATASETS/ASV_Spoof_2019_LA/ASVspoof2019_LA_eval/flac/LA_E_6458585.flac,0
/data/DATASETS/ASV_Spoof_2019_LA/ASVspoof2019_LA_eval/flac/LA_E_7002046.flac,0
/data/DATASETS/ASV_Spoof_2019_LA/ASVspoof2019_LA_dev/flac/LA_D_5884918.flac,0
/data/DATASETS/ASV_Spoof_2019_LA/ASVspoof2019_LA_train/flac/LA_T_9958393.flac,0
/data/DATASETS/ASV_Spoof_2019_LA/ASVspoof2019_LA_eval/flac/LA_E_8436175.flac,0
/data/DATASETS/ASV_Spoof_2019_LA/ASVspoof2019_LA_dev/flac/LA_D_3212286.flac,0
/data/DATASETS/ASV_Spoof_2019_LA/ASVspoof2019_LA_eval/flac/LA_E_8535892.flac,0
/data/DATASETS/ASV_Spoof_2019_LA/ASVspoof2019_LA_dev/flac/LA_D_5604089.flac,0
/data/DATASETS/ASV_Spoof_2019_LA/ASVspoof2019_LA_eval/flac/LA_E_4806206.flac,0
/data/DATASETS/ASV_Spoof_2019_LA/ASVspoof2019_LA_train/flac/LA_T_6237013.flac,0
/data/DATASETS/ASV_Spoof_2019_LA/ASVspoof2019_LA_eval/flac/LA_E_5876546.flac,0
/data/DATASETS/ASV_Spoof_2019_LA/ASVspoof2019_LA_eval/flac/LA_E_8400717.flac,0
/data/DATASETS/ASV_Spoof_2019_LA/ASVspoof2019_LA_eval/flac/LA_E_7930231.flac,0
/data/DATASETS/ASV_Spoof_2019_LA/ASVspoof2019_LA_eval/flac/LA_E_9985155.flac,0
/data/DATASETS/ASV_Spoof_2019_LA/ASVspoof2019_LA_dev/flac/LA_D_8436513.flac,0
/data/DATASETS/ASV_Spoof_2019_LA/ASVspoof2019_LA_eval/flac/LA_E_4907751.flac,0
/data/DATASETS/ASV_Spoof_2019_LA/ASVspoof2019_LA_eval/flac/LA_E_9174730.flac,0
/data/DATASETS/ASV_Spoof_2019_LA/ASVspoof2019_LA_train/flac/LA_T_2801814.flac,0
/data/DATASETS/ASV_Spoof_2019_LA/ASVspoof2019_LA_train/flac/LA_T_2857301.flac,0
/data/DATASETS/ASV_Spoof_2019_LA/ASVspoof2019_LA_dev/flac/LA_D_4580301.flac,0
/data/DATASETS/ASV_Spoof_2019_LA/ASVspoof2019_LA_eval/flac/LA_E_1557245.flac,0
/data/DATASETS/ASV_Spoof_2019_LA/ASVspoof2019_LA_dev/flac/LA_D_4739519.flac,0
/data/DATASETS/ASV_Spoof_2019_LA/ASVspoof2019_LA_dev/flac/LA_D_2674978.flac,0
/data/DATASETS/ASV_Spoof_2019_LA/ASVspoof2019_LA_eval/flac/LA_E_4135203.flac,0
/data/DATASETS/ASV_Spoof_2019_LA/ASVspoof2019_LA_eval/flac/LA_E_5533127.flac,0
/data/DATASETS/ASV_Spoof_2019_LA/ASVspoof2019_LA_train/flac/LA_T_1581753.flac,0
/data/DATASETS/ASV_Spoof_2019_LA/ASVspoof2019_LA_eval/flac/LA_E_9190957.flac,0
/data/DATASETS/ASV_Spoof_2019_LA/ASVspoof2019_LA_eval/flac/LA_E_8590847.flac,0
/data/DATASETS/ASV_Spoof_2019_LA/ASVspoof2019_LA_dev/flac/LA_D_2639273.flac,0
/data/DATASETS/ASV_Spoof_2019_LA/ASVspoof2019_LA_eval/flac/LA_E_9223764.flac,0
/data/DATASETS/ASV_Spoof_2019_LA/ASVspoof2019_LA_dev/flac/LA_D_7304634.flac,0
/data/DATASETS/ASV_Spoof_2019_LA/ASVspoof2019_LA_train/flac/LA_T_8040847.flac,0
/data/DATASETS/ASV_Spoof_2019_LA/ASVspoof2019_LA_eval/flac/LA_E_8954110.flac,0
/data/DATASETS/ASV_Spoof_2019_LA/ASVspoof2019_LA_eval/flac/LA_E_3655702.flac,0
/data/DATASETS/ASV_Spoof_2019_LA/ASVspoof2019_LA_eval/flac/LA_E_2748065.flac,0
/data/DATASETS/ASV_Spoof_2019_LA/ASVspoof2019_LA_eval/flac/LA_E_8301788.flac,0
/data/DATASETS/ASV_Spoof_2019_LA/ASVspoof2019_LA_eval/flac/LA_E_2955562.flac,0
/data/DATASETS/ASV_Spoof_2019_LA/ASVspoof2019_LA_eval/flac/LA_E_2418463.flac,0
/data/DATASETS/ASV_Spoof_2019_LA/ASVspoof2019_LA_dev/flac/LA_D_5712579.flac,0
/data/DATASETS/ASV_Spoof_2019_LA/ASVspoof2019_LA_eval/flac/LA_E_7951057.flac,0
/data/DATASETS/ASV_Spoof_2019_LA/ASVspoof2019_LA_eval/flac/LA_E_6380031.flac,0
/data/DATASETS/ASV_Spoof_2019_LA/ASVspoof2019_LA_eval/flac/LA_E_6760074.flac,0
/data/DATASETS/ASV_Spoof_2019_LA/ASVspoof2019_LA_eval/flac/LA_E_1540928.flac,0
/data/DATASETS/ASV_Spoof_2019_LA/ASVspoof2019_LA_dev/flac/LA_D_5401591.flac,0
/data/DATASETS/ASV_Spoof_2019_LA/ASVspoof2019_LA_eval/flac/LA_E_1993425.flac,0
/data/DATASETS/ASV_Spoof_2019_LA/ASVspoof2019_LA_eval/flac/LA_E_2582529.flac,0
/data/DATASETS/ASV_Spoof_2019_LA/ASVspoof2019_LA_eval/flac/LA_E_9239170.flac,0
/data/DATASETS/ASV_Spoof_2019_LA/ASVspoof2019_LA_eval/flac/LA_E_6693368.flac,0
/data/DATASETS/ASV_Spoof_2019_LA/ASVspoof2019_LA_eval/flac/LA_E_3072469.flac,0
/data/DATASETS/ASV_Spoof_2019_LA/ASVspoof2019_LA_dev/flac/LA_D_2991667.flac,0
/data/DATASETS/ASV_Spoof_2019_LA/ASVspoof2019_LA_eval/flac/LA_E_8293873.flac,0
/data/DATASETS/ASV_Spoof_2019_LA/ASVspoof2019_LA_train/flac/LA_T_7839297.flac,0
/data/DATASETS/ASV_Spoof_2019_LA/ASVspoof2019_LA_eval/flac/LA_E_1145962.flac,0
/data/DATASETS/ASV_Spoof_2019_LA/ASVspoof2019_LA_dev/flac/LA_D_9126409.flac,0
/data/DATASETS/ASV_Spoof_2019_LA/ASVspoof2019_LA_eval/flac/LA_E_1269067.flac,0
/data/DATASETS/ASV_Spoof_2019_LA/ASVspoof2019_LA_train/flac/LA_T_1721632.flac,0
/data/DATASETS/ASV_Spoof_2019_LA/ASVspoof2019_LA_dev/flac/LA_D_1322543.flac,0
/data/DATASETS/ASV_Spoof_2019_LA/ASVspoof2019_LA_dev/flac/LA_D_4455776.flac,0
/data/DATASETS/ASV_Spoof_2019_LA/ASVspoof2019_LA_eval/flac/LA_E_3634095.flac,0
/data/DATASETS/ASV_Spoof_2019_LA/ASVspoof2019_LA_dev/flac/LA_D_4180571.flac,0
/data/DATASETS/ASV_Spoof_2019_LA/ASVspoof2019_LA_train/flac/LA_T_6812855.flac,0
/data/DATASETS/ASV_Spoof_2019_LA/ASVspoof2019_LA_dev/flac/LA_D_1562732.flac,0
/data/DATASETS/ASV_Spoof_2019_LA/ASVspoof2019_LA_eval/flac/LA_E_4371838.flac,0
/data/DATASETS/ASV_Spoof_2019_LA/ASVspoof2019_LA_eval/flac/LA_E_4640546.flac,0
/data/DATASETS/ASV_Spoof_2019_LA/ASVspoof2019_LA_eval/flac/LA_E_7192318.flac,0
/data/DATASETS/ASV_Spoof_2019_LA/ASVspoof2019_LA_eval/flac/LA_E_6112712.flac,0
/data/DATASETS/ASV_Spoof_2019_LA/ASVspoof2019_LA_dev/flac/LA_D_5182745.flac,0
/data/DATASETS/ASV_Spoof_2019_LA/ASVspoof2019_LA_eval/flac/LA_E_9999235.flac,0
/data/DATASETS/ASV_Spoof_2019_LA/ASVspoof2019_LA_eval/flac/LA_E_7639704.flac,0
/data/DATASETS/ASV_Spoof_2019_LA/ASVspoof2019_LA_eval/flac/LA_E_7961686.flac,0
/data/DATASETS/ASV_Spoof_2019_LA/ASVspoof2019_LA_eval/flac/LA_E_3631189.flac,0
/data/DATASETS/ASV_Spoof_2019_LA/ASVspoof2019_LA_eval/flac/LA_E_3190451.flac,0
/data/DATASETS/ASV_Spoof_2019_LA/ASVspoof2019_LA_eval/flac/LA_E_3544586.flac,0
/data/DATASETS/ASV_Spoof_2019_LA/ASVspoof2019_LA_train/flac/LA_T_4956729.flac,0
/data/DATASETS/ASV_Spoof_2019_LA/ASVspoof2019_LA_dev/flac/LA_D_6680138.flac,0
/data/DATASETS/ASV_Spoof_2019_LA/ASVspoof2019_LA_eval/flac/LA_E_9601219.flac,0
/data/DATASETS/ASV_Spoof_2019_LA/ASVspoof2019_LA_eval/flac/LA_E_6453992.flac,0
/data/DATASETS/ASV_Spoof_2019_LA/ASVspoof2019_LA_eval/flac/LA_E_6283390.flac,0
/data/DATASETS/ASV_Spoof_2019_LA/ASVspoof2019_LA_dev/flac/LA_D_9874897.flac,0
/data/DATASETS/ASV_Spoof_2019_LA/ASVspoof2019_LA_dev/flac/LA_D_9422157.flac,0
/data/DATASETS/ASV_Spoof_2019_LA/ASVspoof2019_LA_eval/flac/LA_E_4797976.flac,0
/data/DATASETS/ASV_Spoof_2019_LA/ASVspoof2019_LA_dev/flac/LA_D_7480903.flac,0
/data/DATASETS/ASV_Spoof_2019_LA/ASVspoof2019_LA_eval/flac/LA_E_8979645.flac,0
/data/DATASETS/ASV_Spoof_2019_LA/ASVspoof2019_LA_eval/flac/LA_E_8644364.flac,0
/data/DATASETS/ASV_Spoof_2019_LA/ASVspoof2019_LA_eval/flac/LA_E_2261371.flac,0
/data/DATASETS/ASV_Spoof_2019_LA/ASVspoof2019_LA_dev/flac/LA_D_4395169.flac,0
/data/DATASETS/ASV_Spoof_2019_LA/ASVspoof2019_LA_eval/flac/LA_E_5520105.flac,0
/data/DATASETS/ASV_Spoof_2019_LA/ASVspoof2019_LA_dev/flac/LA_D_4151774.flac,0
/data/DATASETS/ASV_Spoof_2019_LA/ASVspoof2019_LA_eval/flac/LA_E_5688418.flac,0
/data/DATASETS/ASV_Spoof_2019_LA/ASVspoof2019_LA_eval/flac/LA_E_3483333.flac,0
/data/DATASETS/ASV_Spoof_2019_LA/ASVspoof2019_LA_eval/flac/LA_E_1819595.flac,0
/data/DATASETS/ASV_Spoof_2019_LA/ASVspoof2019_LA_eval/flac/LA_E_5196059.flac,0
/data/DATASETS/ASV_Spoof_2019_LA/ASVspoof2019_LA_eval/flac/LA_E_7004519.flac,0
/data/DATASETS/ASV_Spoof_2019_LA/ASVspoof2019_LA_eval/flac/LA_E_4115794.flac,0
/data/DATASETS/ASV_Spoof_2019_LA/ASVspoof2019_LA_eval/flac/LA_E_2703447.flac,0
/data/DATASETS/ASV_Spoof_2019_LA/ASVspoof2019_LA_eval/flac/LA_E_4641910.flac,0
/data/DATASETS/ASV_Spoof_2019_LA/ASVspoof2019_LA_dev/flac/LA_D_2140323.flac,0
/data/DATASETS/ASV_Spoof_2019_LA/ASVspoof2019_LA_eval/flac/LA_E_3515491.flac,0
/data/DATASETS/ASV_Spoof_2019_LA/ASVspoof2019_LA_train/flac/LA_T_8806097.flac,0
/data/DATASETS/ASV_Spoof_2019_LA/ASVspoof2019_LA_eval/flac/LA_E_6189517.flac,0
/data/DATASETS/ASV_Spoof_2019_LA/ASVspoof2019_LA_train/flac/LA_T_4485359.flac,0
/data/DATASETS/ASV_Spoof_2019_LA/ASVspoof2019_LA_train/flac/LA_T_6591503.flac,0
/data/DATASETS/ASV_Spoof_2019_LA/ASVspoof2019_LA_train/flac/LA_T_8145267.flac,0
/data/DATASETS/ASV_Spoof_2019_LA/ASVspoof2019_LA_dev/flac/LA_D_3897478.flac,0
/data/DATASETS/ASV_Spoof_2019_LA/ASVspoof2019_LA_dev/flac/LA_D_4148603.flac,0
/data/DATASETS/ASV_Spoof_2019_LA/ASVspoof2019_LA_eval/flac/LA_E_5835661.flac,0
/data/DATASETS/ASV_Spoof_2019_LA/ASVspoof2019_LA_eval/flac/LA_E_6395551.flac,0
/data/DATASETS/ASV_Spoof_2019_LA/ASVspoof2019_LA_eval/flac/LA_E_8241467.flac,0
/data/DATASETS/ASV_Spoof_2019_LA/ASVspoof2019_LA_eval/flac/LA_E_5854042.flac,0
/data/DATASETS/ASV_Spoof_2019_LA/ASVspoof2019_LA_train/flac/LA_T_8283217.flac,0
/data/DATASETS/ASV_Spoof_2019_LA/ASVspoof2019_LA_train/flac/LA_T_5463262.flac,0
/data/DATASETS/ASV_Spoof_2019_LA/ASVspoof2019_LA_eval/flac/LA_E_4168628.flac,0
/data/DATASETS/ASV_Spoof_2019_LA/ASVspoof2019_LA_train/flac/LA_T_7357748.flac,0
/data/DATASETS/ASV_Spoof_2019_LA/ASVspoof2019_LA_eval/flac/LA_E_4992352.flac,0
/data/DATASETS/ASV_Spoof_2019_LA/ASVspoof2019_LA_dev/flac/LA_D_4223627.flac,0
/data/DATASETS/ASV_Spoof_2019_LA/ASVspoof2019_LA_eval/flac/LA_E_9712531.flac,0
/data/DATASETS/ASV_Spoof_2019_LA/ASVspoof2019_LA_eval/flac/LA_E_2714189.flac,0
/data/DATASETS/ASV_Spoof_2019_LA/ASVspoof2019_LA_eval/flac/LA_E_5156427.flac,0
/data/DATASETS/ASV_Spoof_2019_LA/ASVspoof2019_LA_dev/flac/LA_D_7380611.flac,0
/data/DATASETS/ASV_Spoof_2019_LA/ASVspoof2019_LA_train/flac/LA_T_6776173.flac,0
/data/DATASETS/ASV_Spoof_2019_LA/ASVspoof2019_LA_eval/flac/LA_E_2135071.flac,0
/data/DATASETS/ASV_Spoof_2019_LA/ASVspoof2019_LA_eval/flac/LA_E_4906680.flac,0
/data/DATASETS/ASV_Spoof_2019_LA/ASVspoof2019_LA_train/flac/LA_T_3610653.flac,0
/data/DATASETS/ASV_Spoof_2019_LA/ASVspoof2019_LA_eval/flac/LA_E_1172997.flac,0
/data/DATASETS/ASV_Spoof_2019_LA/ASVspoof2019_LA_eval/flac/LA_E_8145966.flac,0
/data/DATASETS/ASV_Spoof_2019_LA/ASVspoof2019_LA_train/flac/LA_T_8747878.flac,0
/data/DATASETS/ASV_Spoof_2019_LA/ASVspoof2019_LA_eval/flac/LA_E_9630978.flac,0
/data/DATASETS/ASV_Spoof_2019_LA/ASVspoof2019_LA_dev/flac/LA_D_4445250.flac,0
/data/DATASETS/ASV_Spoof_2019_LA/ASVspoof2019_LA_eval/flac/LA_E_5260359.flac,0
/data/DATASETS/ASV_Spoof_2019_LA/ASVspoof2019_LA_train/flac/LA_T_5132134.flac,0
/data/DATASETS/ASV_Spoof_2019_LA/ASVspoof2019_LA_eval/flac/LA_E_6112113.flac,0
/data/DATASETS/ASV_Spoof_2019_LA/ASVspoof2019_LA_eval/flac/LA_E_3436072.flac,0
/data/DATASETS/ASV_Spoof_2019_LA/ASVspoof2019_LA_train/flac/LA_T_8830400.flac,0
/data/DATASETS/ASV_Spoof_2019_LA/ASVspoof2019_LA_eval/flac/LA_E_5836870.flac,0
/data/DATASETS/ASV_Spoof_2019_LA/ASVspoof2019_LA_train/flac/LA_T_8707487.flac,0
/data/DATASETS/ASV_Spoof_2019_LA/ASVspoof2019_LA_dev/flac/LA_D_2977892.flac,0
/data/DATASETS/ASV_Spoof_2019_LA/ASVspoof2019_LA_eval/flac/LA_E_9977809.flac,0
/data/DATASETS/ASV_Spoof_2019_LA/ASVspoof2019_LA_eval/flac/LA_E_9269031.flac,0
/data/DATASETS/ASV_Spoof_2019_LA/ASVspoof2019_LA_train/flac/LA_T_3470152.flac,0
/data/DATASETS/ASV_Spoof_2019_LA/ASVspoof2019_LA_train/flac/LA_T_6954528.flac,0
/data/DATASETS/ASV_Spoof_2019_LA/ASVspoof2019_LA_train/flac/LA_T_7075102.flac,0
/data/DATASETS/ASV_Spoof_2019_LA/ASVspoof2019_LA_dev/flac/LA_D_9965439.flac,0
/data/DATASETS/ASV_Spoof_2019_LA/ASVspoof2019_LA_dev/flac/LA_D_9053831.flac,0
/data/DATASETS/ASV_Spoof_2019_LA/ASVspoof2019_LA_eval/flac/LA_E_8989633.flac,0
/data/DATASETS/ASV_Spoof_2019_LA/ASVspoof2019_LA_eval/flac/LA_E_6639534.flac,0
/data/DATASETS/ASV_Spoof_2019_LA/ASVspoof2019_LA_train/flac/LA_T_4366892.flac,0
/data/DATASETS/ASV_Spoof_2019_LA/ASVspoof2019_LA_dev/flac/LA_D_9764484.flac,0
/data/DATASETS/ASV_Spoof_2019_LA/ASVspoof2019_LA_train/flac/LA_T_9581881.flac,0
/data/DATASETS/ASV_Spoof_2019_LA/ASVspoof2019_LA_dev/flac/LA_D_1714000.flac,0
/data/DATASETS/ASV_Spoof_2019_LA/ASVspoof2019_LA_dev/flac/LA_D_9408059.flac,0
/data/DATASETS/ASV_Spoof_2019_LA/ASVspoof2019_LA_eval/flac/LA_E_4324658.flac,0
/data/DATASETS/ASV_Spoof_2019_LA/ASVspoof2019_LA_dev/flac/LA_D_8767583.flac,0
/data/DATASETS/ASV_Spoof_2019_LA/ASVspoof2019_LA_eval/flac/LA_E_6771592.flac,0
/data/DATASETS/ASV_Spoof_2019_LA/ASVspoof2019_LA_dev/flac/LA_D_1214950.flac,0
/data/DATASETS/ASV_Spoof_2019_LA/ASVspoof2019_LA_train/flac/LA_T_7898068.flac,0
/data/DATASETS/ASV_Spoof_2019_LA/ASVspoof2019_LA_train/flac/LA_T_5079307.flac,0
/data/DATASETS/ASV_Spoof_2019_LA/ASVspoof2019_LA_train/flac/LA_T_7590799.flac,0
/data/DATASETS/ASV_Spoof_2019_LA/ASVspoof2019_LA_dev/flac/LA_D_7974536.flac,0
/data/DATASETS/ASV_Spoof_2019_LA/ASVspoof2019_LA_dev/flac/LA_D_5925659.flac,0
/data/DATASETS/ASV_Spoof_2019_LA/ASVspoof2019_LA_eval/flac/LA_E_2586448.flac,0
/data/DATASETS/ASV_Spoof_2019_LA/ASVspoof2019_LA_eval/flac/LA_E_1979075.flac,0
/data/DATASETS/ASV_Spoof_2019_LA/ASVspoof2019_LA_train/flac/LA_T_9508923.flac,0
/data/DATASETS/ASV_Spoof_2019_LA/ASVspoof2019_LA_eval/flac/LA_E_4280741.flac,0
/data/DATASETS/ASV_Spoof_2019_LA/ASVspoof2019_LA_dev/flac/LA_D_1594317.flac,0
/data/DATASETS/ASV_Spoof_2019_LA/ASVspoof2019_LA_dev/flac/LA_D_8213223.flac,0
/data/DATASETS/ASV_Spoof_2019_LA/ASVspoof2019_LA_dev/flac/LA_D_5502506.flac,0
/data/DATASETS/ASV_Spoof_2019_LA/ASVspoof2019_LA_eval/flac/LA_E_7593258.flac,0
/data/DATASETS/ASV_Spoof_2019_LA/ASVspoof2019_LA_dev/flac/LA_D_8620622.flac,0
/data/DATASETS/ASV_Spoof_2019_LA/ASVspoof2019_LA_eval/flac/LA_E_9120378.flac,0
/data/DATASETS/ASV_Spoof_2019_LA/ASVspoof2019_LA_eval/flac/LA_E_7503634.flac,0
/data/DATASETS/ASV_Spoof_2019_LA/ASVspoof2019_LA_eval/flac/LA_E_3270904.flac,0
/data/DATASETS/ASV_Spoof_2019_LA/ASVspoof2019_LA_eval/flac/LA_E_6609018.flac,0
/data/DATASETS/ASV_Spoof_2019_LA/ASVspoof2019_LA_dev/flac/LA_D_8215973.flac,0
/data/DATASETS/ASV_Spoof_2019_LA/ASVspoof2019_LA_train/flac/LA_T_7048102.flac,0
/data/DATASETS/ASV_Spoof_2019_LA/ASVspoof2019_LA_eval/flac/LA_E_9017774.flac,0
/data/DATASETS/ASV_Spoof_2019_LA/ASVspoof2019_LA_eval/flac/LA_E_3301694.flac,0
/data/DATASETS/ASV_Spoof_2019_LA/ASVspoof2019_LA_train/flac/LA_T_6887491.flac,0
/data/DATASETS/ASV_Spoof_2019_LA/ASVspoof2019_LA_train/flac/LA_T_8605065.flac,0
/data/DATASETS/ASV_Spoof_2019_LA/ASVspoof2019_LA_eval/flac/LA_E_4426495.flac,0
/data/DATASETS/ASV_Spoof_2019_LA/ASVspoof2019_LA_eval/flac/LA_E_2821948.flac,0
/data/DATASETS/ASV_Spoof_2019_LA/ASVspoof2019_LA_eval/flac/LA_E_5837456.flac,0
/data/DATASETS/ASV_Spoof_2019_LA/ASVspoof2019_LA_train/flac/LA_T_8125498.flac,0
/data/DATASETS/ASV_Spoof_2019_LA/ASVspoof2019_LA_dev/flac/LA_D_1772237.flac,0
/data/DATASETS/ASV_Spoof_2019_LA/ASVspoof2019_LA_train/flac/LA_T_3595333.flac,0
/data/DATASETS/ASV_Spoof_2019_LA/ASVspoof2019_LA_eval/flac/LA_E_7991213.flac,0
/data/DATASETS/ASV_Spoof_2019_LA/ASVspoof2019_LA_eval/flac/LA_E_1626166.flac,0
/data/DATASETS/ASV_Spoof_2019_LA/ASVspoof2019_LA_dev/flac/LA_D_5701193.flac,0
/data/DATASETS/ASV_Spoof_2019_LA/ASVspoof2019_LA_eval/flac/LA_E_1399022.flac,0
/data/DATASETS/ASV_Spoof_2019_LA/ASVspoof2019_LA_eval/flac/LA_E_3792896.flac,0
/data/DATASETS/ASV_Spoof_2019_LA/ASVspoof2019_LA_dev/flac/LA_D_4918840.flac,0
/data/DATASETS/ASV_Spoof_2019_LA/ASVspoof2019_LA_eval/flac/LA_E_5901444.flac,0
/data/DATASETS/ASV_Spoof_2019_LA/ASVspoof2019_LA_eval/flac/LA_E_4534187.flac,0
/data/DATASETS/ASV_Spoof_2019_LA/ASVspoof2019_LA_eval/flac/LA_E_4655250.flac,0
/data/DATASETS/ASV_Spoof_2019_LA/ASVspoof2019_LA_eval/flac/LA_E_8411149.flac,0
/data/DATASETS/ASV_Spoof_2019_LA/ASVspoof2019_LA_eval/flac/LA_E_6842686.flac,0
/data/DATASETS/ASV_Spoof_2019_LA/ASVspoof2019_LA_dev/flac/LA_D_6013126.flac,0
/data/DATASETS/ASV_Spoof_2019_LA/ASVspoof2019_LA_eval/flac/LA_E_4325135.flac,0
/data/DATASETS/ASV_Spoof_2019_LA/ASVspoof2019_LA_dev/flac/LA_D_2149963.flac,0
/data/DATASETS/ASV_Spoof_2019_LA/ASVspoof2019_LA_dev/flac/LA_D_1882065.flac,0
/data/DATASETS/ASV_Spoof_2019_LA/ASVspoof2019_LA_eval/flac/LA_E_8859375.flac,0
/data/DATASETS/ASV_Spoof_2019_LA/ASVspoof2019_LA_dev/flac/LA_D_2923426.flac,0
/data/DATASETS/ASV_Spoof_2019_LA/ASVspoof2019_LA_dev/flac/LA_D_4988680.flac,0
/data/DATASETS/ASV_Spoof_2019_LA/ASVspoof2019_LA_train/flac/LA_T_1561484.flac,0
/data/DATASETS/ASV_Spoof_2019_LA/ASVspoof2019_LA_dev/flac/LA_D_1274098.flac,0
/data/DATASETS/ASV_Spoof_2019_LA/ASVspoof2019_LA_train/flac/LA_T_6081492.flac,0
/data/DATASETS/ASV_Spoof_2019_LA/ASVspoof2019_LA_eval/flac/LA_E_4612507.flac,0
/data/DATASETS/ASV_Spoof_2019_LA/ASVspoof2019_LA_dev/flac/LA_D_8231133.flac,0
/data/DATASETS/ASV_Spoof_2019_LA/ASVspoof2019_LA_eval/flac/LA_E_6745492.flac,0
/data/DATASETS/ASV_Spoof_2019_LA/ASVspoof2019_LA_dev/flac/LA_D_1637250.flac,0
/data/DATASETS/ASV_Spoof_2019_LA/ASVspoof2019_LA_eval/flac/LA_E_5531647.flac,0
/data/DATASETS/ASV_Spoof_2019_LA/ASVspoof2019_LA_eval/flac/LA_E_4787047.flac,0
/data/DATASETS/ASV_Spoof_2019_LA/ASVspoof2019_LA_eval/flac/LA_E_9163850.flac,0
/data/DATASETS/ASV_Spoof_2019_LA/ASVspoof2019_LA_eval/flac/LA_E_5112246.flac,0
/data/DATASETS/ASV_Spoof_2019_LA/ASVspoof2019_LA_eval/flac/LA_E_6780298.flac,0
/data/DATASETS/ASV_Spoof_2019_LA/ASVspoof2019_LA_eval/flac/LA_E_5671869.flac,0
/data/DATASETS/ASV_Spoof_2019_LA/ASVspoof2019_LA_train/flac/LA_T_6784918.flac,0
/data/DATASETS/ASV_Spoof_2019_LA/ASVspoof2019_LA_eval/flac/LA_E_9781717.flac,0
/data/DATASETS/ASV_Spoof_2019_LA/ASVspoof2019_LA_train/flac/LA_T_1771704.flac,0
/data/DATASETS/ASV_Spoof_2019_LA/ASVspoof2019_LA_eval/flac/LA_E_1853992.flac,0
/data/DATASETS/ASV_Spoof_2019_LA/ASVspoof2019_LA_dev/flac/LA_D_4420975.flac,0
/data/DATASETS/ASV_Spoof_2019_LA/ASVspoof2019_LA_eval/flac/LA_E_7673185.flac,0
/data/DATASETS/ASV_Spoof_2019_LA/ASVspoof2019_LA_eval/flac/LA_E_1734861.flac,0
/data/DATASETS/ASV_Spoof_2019_LA/ASVspoof2019_LA_eval/flac/LA_E_2232635.flac,0
/data/DATASETS/ASV_Spoof_2019_LA/ASVspoof2019_LA_train/flac/LA_T_7866363.flac,0
/data/DATASETS/ASV_Spoof_2019_LA/ASVspoof2019_LA_dev/flac/LA_D_6570628.flac,0
/data/DATASETS/ASV_Spoof_2019_LA/ASVspoof2019_LA_eval/flac/LA_E_8296182.flac,0
/data/DATASETS/ASV_Spoof_2019_LA/ASVspoof2019_LA_eval/flac/LA_E_1314263.flac,0
/data/DATASETS/ASV_Spoof_2019_LA/ASVspoof2019_LA_eval/flac/LA_E_7713677.flac,0
/data/DATASETS/ASV_Spoof_2019_LA/ASVspoof2019_LA_eval/flac/LA_E_8449155.flac,0
/data/DATASETS/ASV_Spoof_2019_LA/ASVspoof2019_LA_train/flac/LA_T_8683526.flac,0
/data/DATASETS/ASV_Spoof_2019_LA/ASVspoof2019_LA_train/flac/LA_T_9110555.flac,0
/data/DATASETS/ASV_Spoof_2019_LA/ASVspoof2019_LA_train/flac/LA_T_7515281.flac,0
/data/DATASETS/ASV_Spoof_2019_LA/ASVspoof2019_LA_eval/flac/LA_E_1218176.flac,0
/data/DATASETS/ASV_Spoof_2019_LA/ASVspoof2019_LA_eval/flac/LA_E_5551919.flac,0
/data/DATASETS/ASV_Spoof_2019_LA/ASVspoof2019_LA_eval/flac/LA_E_7583723.flac,0
/data/DATASETS/ASV_Spoof_2019_LA/ASVspoof2019_LA_eval/flac/LA_E_7547588.flac,0
/data/DATASETS/ASV_Spoof_2019_LA/ASVspoof2019_LA_eval/flac/LA_E_4781297.flac,0
/data/DATASETS/ASV_Spoof_2019_LA/ASVspoof2019_LA_train/flac/LA_T_3447201.flac,0
/data/DATASETS/ASV_Spoof_2019_LA/ASVspoof2019_LA_eval/flac/LA_E_8938370.flac,0
/data/DATASETS/ASV_Spoof_2019_LA/ASVspoof2019_LA_train/flac/LA_T_3938480.flac,0
/data/DATASETS/ASV_Spoof_2019_LA/ASVspoof2019_LA_eval/flac/LA_E_5982764.flac,0
/data/DATASETS/ASV_Spoof_2019_LA/ASVspoof2019_LA_eval/flac/LA_E_3217652.flac,0
/data/DATASETS/ASV_Spoof_2019_LA/ASVspoof2019_LA_train/flac/LA_T_4857746.flac,0
/data/DATASETS/ASV_Spoof_2019_LA/ASVspoof2019_LA_train/flac/LA_T_1787169.flac,0
/data/DATASETS/ASV_Spoof_2019_LA/ASVspoof2019_LA_train/flac/LA_T_3515602.flac,0
/data/DATASETS/ASV_Spoof_2019_LA/ASVspoof2019_LA_eval/flac/LA_E_2395864.flac,0
/data/DATASETS/ASV_Spoof_2019_LA/ASVspoof2019_LA_eval/flac/LA_E_1539637.flac,0
/data/DATASETS/ASV_Spoof_2019_LA/ASVspoof2019_LA_dev/flac/LA_D_2363836.flac,0
/data/DATASETS/ASV_Spoof_2019_LA/ASVspoof2019_LA_dev/flac/LA_D_2082295.flac,0
/data/DATASETS/ASV_Spoof_2019_LA/ASVspoof2019_LA_dev/flac/LA_D_6446759.flac,0
/data/DATASETS/ASV_Spoof_2019_LA/ASVspoof2019_LA_dev/flac/LA_D_8936540.flac,0
/data/DATASETS/ASV_Spoof_2019_LA/ASVspoof2019_LA_eval/flac/LA_E_9296664.flac,0
/data/DATASETS/ASV_Spoof_2019_LA/ASVspoof2019_LA_eval/flac/LA_E_8018771.flac,0
/data/DATASETS/ASV_Spoof_2019_LA/ASVspoof2019_LA_train/flac/LA_T_1846342.flac,0
/data/DATASETS/ASV_Spoof_2019_LA/ASVspoof2019_LA_eval/flac/LA_E_7434509.flac,0
/data/DATASETS/ASV_Spoof_2019_LA/ASVspoof2019_LA_eval/flac/LA_E_3060824.flac,0
/data/DATASETS/ASV_Spoof_2019_LA/ASVspoof2019_LA_eval/flac/LA_E_4571391.flac,0
/data/DATASETS/ASV_Spoof_2019_LA/ASVspoof2019_LA_train/flac/LA_T_5960681.flac,0
/data/DATASETS/ASV_Spoof_2019_LA/ASVspoof2019_LA_eval/flac/LA_E_7042259.flac,0
/data/DATASETS/ASV_Spoof_2019_LA/ASVspoof2019_LA_dev/flac/LA_D_1101351.flac,0
/data/DATASETS/ASV_Spoof_2019_LA/ASVspoof2019_LA_dev/flac/LA_D_5267249.flac,0
/data/DATASETS/ASV_Spoof_2019_LA/ASVspoof2019_LA_eval/flac/LA_E_4610908.flac,0
/data/DATASETS/ASV_Spoof_2019_LA/ASVspoof2019_LA_eval/flac/LA_E_2061550.flac,0
/data/DATASETS/ASV_Spoof_2019_LA/ASVspoof2019_LA_dev/flac/LA_D_4814376.flac,0
/data/DATASETS/ASV_Spoof_2019_LA/ASVspoof2019_LA_train/flac/LA_T_7051313.flac,0
/data/DATASETS/ASV_Spoof_2019_LA/ASVspoof2019_LA_train/flac/LA_T_7839314.flac,0
/data/DATASETS/ASV_Spoof_2019_LA/ASVspoof2019_LA_dev/flac/LA_D_3784822.flac,0
/data/DATASETS/ASV_Spoof_2019_LA/ASVspoof2019_LA_eval/flac/LA_E_7934792.flac,0
/data/DATASETS/ASV_Spoof_2019_LA/ASVspoof2019_LA_eval/flac/LA_E_7743962.flac,0
/data/DATASETS/ASV_Spoof_2019_LA/ASVspoof2019_LA_train/flac/LA_T_9120168.flac,0
/data/DATASETS/ASV_Spoof_2019_LA/ASVspoof2019_LA_eval/flac/LA_E_3764852.flac,0
/data/DATASETS/ASV_Spoof_2019_LA/ASVspoof2019_LA_eval/flac/LA_E_2645310.flac,0
/data/DATASETS/ASV_Spoof_2019_LA/ASVspoof2019_LA_eval/flac/LA_E_5313973.flac,0
/data/DATASETS/ASV_Spoof_2019_LA/ASVspoof2019_LA_eval/flac/LA_E_5849185.flac,0
/data/DATASETS/ASV_Spoof_2019_LA/ASVspoof2019_LA_eval/flac/LA_E_3299482.flac,0
/data/DATASETS/ASV_Spoof_2019_LA/ASVspoof2019_LA_train/flac/LA_T_6214695.flac,0
/data/DATASETS/ASV_Spoof_2019_LA/ASVspoof2019_LA_dev/flac/LA_D_8045816.flac,0
/data/DATASETS/ASV_Spoof_2019_LA/ASVspoof2019_LA_train/flac/LA_T_7226623.flac,0
/data/DATASETS/ASV_Spoof_2019_LA/ASVspoof2019_LA_eval/flac/LA_E_2389098.flac,0
/data/DATASETS/ASV_Spoof_2019_LA/ASVspoof2019_LA_eval/flac/LA_E_2864879.flac,0
/data/DATASETS/ASV_Spoof_2019_LA/ASVspoof2019_LA_dev/flac/LA_D_6257081.flac,0
/data/DATASETS/ASV_Spoof_2019_LA/ASVspoof2019_LA_eval/flac/LA_E_2470053.flac,0
/data/DATASETS/ASV_Spoof_2019_LA/ASVspoof2019_LA_eval/flac/LA_E_1191163.flac,0
/data/DATASETS/ASV_Spoof_2019_LA/ASVspoof2019_LA_dev/flac/LA_D_4723086.flac,0
/data/DATASETS/ASV_Spoof_2019_LA/ASVspoof2019_LA_dev/flac/LA_D_8008117.flac,0
/data/DATASETS/ASV_Spoof_2019_LA/ASVspoof2019_LA_eval/flac/LA_E_3908433.flac,0
/data/DATASETS/ASV_Spoof_2019_LA/ASVspoof2019_LA_eval/flac/LA_E_9894477.flac,0
/data/DATASETS/ASV_Spoof_2019_LA/ASVspoof2019_LA_dev/flac/LA_D_2748583.flac,0
/data/DATASETS/ASV_Spoof_2019_LA/ASVspoof2019_LA_train/flac/LA_T_7549713.flac,0
/data/DATASETS/ASV_Spoof_2019_LA/ASVspoof2019_LA_train/flac/LA_T_6017674.flac,0
/data/DATASETS/ASV_Spoof_2019_LA/ASVspoof2019_LA_train/flac/LA_T_4073132.flac,0
/data/DATASETS/ASV_Spoof_2019_LA/ASVspoof2019_LA_eval/flac/LA_E_2013850.flac,0
/data/DATASETS/ASV_Spoof_2019_LA/ASVspoof2019_LA_eval/flac/LA_E_9366327.flac,0
/data/DATASETS/ASV_Spoof_2019_LA/ASVspoof2019_LA_eval/flac/LA_E_9033740.flac,0
/data/DATASETS/ASV_Spoof_2019_LA/ASVspoof2019_LA_eval/flac/LA_E_9501461.flac,0
/data/DATASETS/ASV_Spoof_2019_LA/ASVspoof2019_LA_eval/flac/LA_E_2611040.flac,0
/data/DATASETS/ASV_Spoof_2019_LA/ASVspoof2019_LA_dev/flac/LA_D_4057142.flac,0
/data/DATASETS/ASV_Spoof_2019_LA/ASVspoof2019_LA_eval/flac/LA_E_2985772.flac,0
/data/DATASETS/ASV_Spoof_2019_LA/ASVspoof2019_LA_dev/flac/LA_D_6986371.flac,0
/data/DATASETS/ASV_Spoof_2019_LA/ASVspoof2019_LA_eval/flac/LA_E_1935533.flac,0
/data/DATASETS/ASV_Spoof_2019_LA/ASVspoof2019_LA_eval/flac/LA_E_9046010.flac,0
/data/DATASETS/ASV_Spoof_2019_LA/ASVspoof2019_LA_eval/flac/LA_E_4651216.flac,0
/data/DATASETS/ASV_Spoof_2019_LA/ASVspoof2019_LA_dev/flac/LA_D_3406247.flac,0
/data/DATASETS/ASV_Spoof_2019_LA/ASVspoof2019_LA_dev/flac/LA_D_8033621.flac,0
/data/DATASETS/ASV_Spoof_2019_LA/ASVspoof2019_LA_eval/flac/LA_E_7862687.flac,0
/data/DATASETS/ASV_Spoof_2019_LA/ASVspoof2019_LA_eval/flac/LA_E_5870716.flac,0
/data/DATASETS/ASV_Spoof_2019_LA/ASVspoof2019_LA_eval/flac/LA_E_8445242.flac,0
/data/DATASETS/ASV_Spoof_2019_LA/ASVspoof2019_LA_eval/flac/LA_E_7455353.flac,0
/data/DATASETS/ASV_Spoof_2019_LA/ASVspoof2019_LA_train/flac/LA_T_8417406.flac,0
/data/DATASETS/ASV_Spoof_2019_LA/ASVspoof2019_LA_eval/flac/LA_E_3497087.flac,0
/data/DATASETS/ASV_Spoof_2019_LA/ASVspoof2019_LA_eval/flac/LA_E_8873590.flac,0
/data/DATASETS/ASV_Spoof_2019_LA/ASVspoof2019_LA_train/flac/LA_T_1794966.flac,0
/data/DATASETS/ASV_Spoof_2019_LA/ASVspoof2019_LA_eval/flac/LA_E_3815916.flac,0
/data/DATASETS/ASV_Spoof_2019_LA/ASVspoof2019_LA_eval/flac/LA_E_5062887.flac,0
/data/DATASETS/ASV_Spoof_2019_LA/ASVspoof2019_LA_dev/flac/LA_D_6716159.flac,0
/data/DATASETS/ASV_Spoof_2019_LA/ASVspoof2019_LA_train/flac/LA_T_5077870.flac,0
/data/DATASETS/ASV_Spoof_2019_LA/ASVspoof2019_LA_dev/flac/LA_D_9992816.flac,0
/data/DATASETS/ASV_Spoof_2019_LA/ASVspoof2019_LA_eval/flac/LA_E_7318739.flac,0
/data/DATASETS/ASV_Spoof_2019_LA/ASVspoof2019_LA_eval/flac/LA_E_6760237.flac,0
/data/DATASETS/ASV_Spoof_2019_LA/ASVspoof2019_LA_dev/flac/LA_D_2302632.flac,0
/data/DATASETS/ASV_Spoof_2019_LA/ASVspoof2019_LA_dev/flac/LA_D_2417193.flac,0
/data/DATASETS/ASV_Spoof_2019_LA/ASVspoof2019_LA_eval/flac/LA_E_9458863.flac,0
/data/DATASETS/ASV_Spoof_2019_LA/ASVspoof2019_LA_dev/flac/LA_D_9124171.flac,0
/data/DATASETS/ASV_Spoof_2019_LA/ASVspoof2019_LA_eval/flac/LA_E_4125001.flac,0
/data/DATASETS/ASV_Spoof_2019_LA/ASVspoof2019_LA_eval/flac/LA_E_5843536.flac,0
/data/DATASETS/ASV_Spoof_2019_LA/ASVspoof2019_LA_eval/flac/LA_E_8429009.flac,0
/data/DATASETS/ASV_Spoof_2019_LA/ASVspoof2019_LA_dev/flac/LA_D_5278285.flac,0
/data/DATASETS/ASV_Spoof_2019_LA/ASVspoof2019_LA_train/flac/LA_T_2147294.flac,0
/data/DATASETS/ASV_Spoof_2019_LA/ASVspoof2019_LA_eval/flac/LA_E_5410996.flac,0
/data/DATASETS/ASV_Spoof_2019_LA/ASVspoof2019_LA_train/flac/LA_T_8168811.flac,0
/data/DATASETS/ASV_Spoof_2019_LA/ASVspoof2019_LA_eval/flac/LA_E_2144963.flac,0
/data/DATASETS/ASV_Spoof_2019_LA/ASVspoof2019_LA_train/flac/LA_T_9529868.flac,0
/data/DATASETS/ASV_Spoof_2019_LA/ASVspoof2019_LA_dev/flac/LA_D_1049549.flac,0
/data/DATASETS/ASV_Spoof_2019_LA/ASVspoof2019_LA_eval/flac/LA_E_6471275.flac,0
/data/DATASETS/ASV_Spoof_2019_LA/ASVspoof2019_LA_dev/flac/LA_D_8342132.flac,0
/data/DATASETS/ASV_Spoof_2019_LA/ASVspoof2019_LA_eval/flac/LA_E_8674442.flac,0
/data/DATASETS/ASV_Spoof_2019_LA/ASVspoof2019_LA_train/flac/LA_T_2598025.flac,0
/data/DATASETS/ASV_Spoof_2019_LA/ASVspoof2019_LA_dev/flac/LA_D_1703452.flac,0
/data/DATASETS/ASV_Spoof_2019_LA/ASVspoof2019_LA_eval/flac/LA_E_1401349.flac,0
/data/DATASETS/ASV_Spoof_2019_LA/ASVspoof2019_LA_eval/flac/LA_E_4025699.flac,0
/data/DATASETS/ASV_Spoof_2019_LA/ASVspoof2019_LA_train/flac/LA_T_2829414.flac,0
/data/DATASETS/ASV_Spoof_2019_LA/ASVspoof2019_LA_dev/flac/LA_D_1950699.flac,0
/data/DATASETS/ASV_Spoof_2019_LA/ASVspoof2019_LA_eval/flac/LA_E_6990123.flac,0
/data/DATASETS/ASV_Spoof_2019_LA/ASVspoof2019_LA_eval/flac/LA_E_2068958.flac,0
/data/DATASETS/ASV_Spoof_2019_LA/ASVspoof2019_LA_eval/flac/LA_E_3535587.flac,0
/data/DATASETS/ASV_Spoof_2019_LA/ASVspoof2019_LA_train/flac/LA_T_3551277.flac,0
/data/DATASETS/ASV_Spoof_2019_LA/ASVspoof2019_LA_train/flac/LA_T_2066209.flac,0
/data/DATASETS/ASV_Spoof_2019_LA/ASVspoof2019_LA_eval/flac/LA_E_4159898.flac,0
/data/DATASETS/ASV_Spoof_2019_LA/ASVspoof2019_LA_eval/flac/LA_E_7682639.flac,0
/data/DATASETS/ASV_Spoof_2019_LA/ASVspoof2019_LA_train/flac/LA_T_8751424.flac,0
/data/DATASETS/ASV_Spoof_2019_LA/ASVspoof2019_LA_dev/flac/LA_D_4433509.flac,0
/data/DATASETS/ASV_Spoof_2019_LA/ASVspoof2019_LA_eval/flac/LA_E_3427837.flac,0
/data/DATASETS/ASV_Spoof_2019_LA/ASVspoof2019_LA_dev/flac/LA_D_3249552.flac,0
/data/DATASETS/ASV_Spoof_2019_LA/ASVspoof2019_LA_eval/flac/LA_E_5988184.flac,0
/data/DATASETS/ASV_Spoof_2019_LA/ASVspoof2019_LA_dev/flac/LA_D_7261120.flac,0
/data/DATASETS/ASV_Spoof_2019_LA/ASVspoof2019_LA_eval/flac/LA_E_1914865.flac,0
/data/DATASETS/ASV_Spoof_2019_LA/ASVspoof2019_LA_eval/flac/LA_E_5362271.flac,0
/data/DATASETS/ASV_Spoof_2019_LA/ASVspoof2019_LA_eval/flac/LA_E_1914600.flac,0
/data/DATASETS/ASV_Spoof_2019_LA/ASVspoof2019_LA_eval/flac/LA_E_7977198.flac,0
/data/DATASETS/ASV_Spoof_2019_LA/ASVspoof2019_LA_dev/flac/LA_D_5669008.flac,0
/data/DATASETS/ASV_Spoof_2019_LA/ASVspoof2019_LA_dev/flac/LA_D_8076652.flac,0
/data/DATASETS/ASV_Spoof_2019_LA/ASVspoof2019_LA_eval/flac/LA_E_1462637.flac,0
/data/DATASETS/ASV_Spoof_2019_LA/ASVspoof2019_LA_train/flac/LA_T_4365113.flac,0
/data/DATASETS/ASV_Spoof_2019_LA/ASVspoof2019_LA_eval/flac/LA_E_5493892.flac,0
/data/DATASETS/ASV_Spoof_2019_LA/ASVspoof2019_LA_eval/flac/LA_E_5886469.flac,0
/data/DATASETS/ASV_Spoof_2019_LA/ASVspoof2019_LA_eval/flac/LA_E_3121800.flac,0
/data/DATASETS/ASV_Spoof_2019_LA/ASVspoof2019_LA_eval/flac/LA_E_5339961.flac,0
/data/DATASETS/ASV_Spoof_2019_LA/ASVspoof2019_LA_dev/flac/LA_D_1306387.flac,0
/data/DATASETS/ASV_Spoof_2019_LA/ASVspoof2019_LA_eval/flac/LA_E_1023447.flac,0
/data/DATASETS/ASV_Spoof_2019_LA/ASVspoof2019_LA_eval/flac/LA_E_4966722.flac,0
/data/DATASETS/ASV_Spoof_2019_LA/ASVspoof2019_LA_eval/flac/LA_E_3762579.flac,0
/data/DATASETS/ASV_Spoof_2019_LA/ASVspoof2019_LA_eval/flac/LA_E_1040380.flac,0
/data/DATASETS/ASV_Spoof_2019_LA/ASVspoof2019_LA_train/flac/LA_T_4694969.flac,0
/data/DATASETS/ASV_Spoof_2019_LA/ASVspoof2019_LA_eval/flac/LA_E_8797106.flac,0
/data/DATASETS/ASV_Spoof_2019_LA/ASVspoof2019_LA_eval/flac/LA_E_9774039.flac,0
/data/DATASETS/ASV_Spoof_2019_LA/ASVspoof2019_LA_train/flac/LA_T_6804590.flac,0
/data/DATASETS/ASV_Spoof_2019_LA/ASVspoof2019_LA_train/flac/LA_T_2363469.flac,0
/data/DATASETS/ASV_Spoof_2019_LA/ASVspoof2019_LA_train/flac/LA_T_7593116.flac,0
/data/DATASETS/ASV_Spoof_2019_LA/ASVspoof2019_LA_dev/flac/LA_D_2027122.flac,0
/data/DATASETS/ASV_Spoof_2019_LA/ASVspoof2019_LA_eval/flac/LA_E_1615488.flac,0
/data/DATASETS/ASV_Spoof_2019_LA/ASVspoof2019_LA_eval/flac/LA_E_5564043.flac,0
/data/DATASETS/ASV_Spoof_2019_LA/ASVspoof2019_LA_eval/flac/LA_E_1251876.flac,0
/data/DATASETS/ASV_Spoof_2019_LA/ASVspoof2019_LA_train/flac/LA_T_6961644.flac,0
/data/DATASETS/ASV_Spoof_2019_LA/ASVspoof2019_LA_dev/flac/LA_D_5331264.flac,0
/data/DATASETS/ASV_Spoof_2019_LA/ASVspoof2019_LA_eval/flac/LA_E_4439187.flac,0
/data/DATASETS/ASV_Spoof_2019_LA/ASVspoof2019_LA_dev/flac/LA_D_3956242.flac,0
/data/DATASETS/ASV_Spoof_2019_LA/ASVspoof2019_LA_train/flac/LA_T_8057044.flac,0
/data/DATASETS/ASV_Spoof_2019_LA/ASVspoof2019_LA_train/flac/LA_T_6221058.flac,0
/data/DATASETS/ASV_Spoof_2019_LA/ASVspoof2019_LA_eval/flac/LA_E_6366522.flac,0
/data/DATASETS/ASV_Spoof_2019_LA/ASVspoof2019_LA_eval/flac/LA_E_2013931.flac,0
/data/DATASETS/ASV_Spoof_2019_LA/ASVspoof2019_LA_dev/flac/LA_D_2905424.flac,0
/data/DATASETS/ASV_Spoof_2019_LA/ASVspoof2019_LA_eval/flac/LA_E_8764798.flac,0
/data/DATASETS/ASV_Spoof_2019_LA/ASVspoof2019_LA_eval/flac/LA_E_8740592.flac,0
/data/DATASETS/ASV_Spoof_2019_LA/ASVspoof2019_LA_train/flac/LA_T_2628833.flac,0
/data/DATASETS/ASV_Spoof_2019_LA/ASVspoof2019_LA_dev/flac/LA_D_6502976.flac,0
/data/DATASETS/ASV_Spoof_2019_LA/ASVspoof2019_LA_eval/flac/LA_E_3213688.flac,0
/data/DATASETS/ASV_Spoof_2019_LA/ASVspoof2019_LA_eval/flac/LA_E_9715681.flac,0
/data/DATASETS/ASV_Spoof_2019_LA/ASVspoof2019_LA_train/flac/LA_T_5800430.flac,0
/data/DATASETS/ASV_Spoof_2019_LA/ASVspoof2019_LA_eval/flac/LA_E_1902323.flac,0
/data/DATASETS/ASV_Spoof_2019_LA/ASVspoof2019_LA_eval/flac/LA_E_2937245.flac,0
/data/DATASETS/ASV_Spoof_2019_LA/ASVspoof2019_LA_eval/flac/LA_E_3809312.flac,0
/data/DATASETS/ASV_Spoof_2019_LA/ASVspoof2019_LA_eval/flac/LA_E_1441455.flac,0
/data/DATASETS/ASV_Spoof_2019_LA/ASVspoof2019_LA_eval/flac/LA_E_4751546.flac,0
/data/DATASETS/ASV_Spoof_2019_LA/ASVspoof2019_LA_eval/flac/LA_E_1618684.flac,0
/data/DATASETS/ASV_Spoof_2019_LA/ASVspoof2019_LA_dev/flac/LA_D_4341889.flac,0
/data/DATASETS/ASV_Spoof_2019_LA/ASVspoof2019_LA_train/flac/LA_T_4657133.flac,0
/data/DATASETS/ASV_Spoof_2019_LA/ASVspoof2019_LA_eval/flac/LA_E_7447532.flac,0
/data/DATASETS/ASV_Spoof_2019_LA/ASVspoof2019_LA_eval/flac/LA_E_8431337.flac,0
/data/DATASETS/ASV_Spoof_2019_LA/ASVspoof2019_LA_train/flac/LA_T_6292792.flac,0
/data/DATASETS/ASV_Spoof_2019_LA/ASVspoof2019_LA_train/flac/LA_T_4239434.flac,0
/data/DATASETS/ASV_Spoof_2019_LA/ASVspoof2019_LA_train/flac/LA_T_6715532.flac,0
/data/DATASETS/ASV_Spoof_2019_LA/ASVspoof2019_LA_dev/flac/LA_D_4489969.flac,0
/data/DATASETS/ASV_Spoof_2019_LA/ASVspoof2019_LA_eval/flac/LA_E_4073859.flac,0
/data/DATASETS/ASV_Spoof_2019_LA/ASVspoof2019_LA_train/flac/LA_T_5805796.flac,0
/data/DATASETS/ASV_Spoof_2019_LA/ASVspoof2019_LA_eval/flac/LA_E_7828150.flac,0
/data/DATASETS/ASV_Spoof_2019_LA/ASVspoof2019_LA_eval/flac/LA_E_1449027.flac,0
/data/DATASETS/ASV_Spoof_2019_LA/ASVspoof2019_LA_eval/flac/LA_E_3337883.flac,0
/data/DATASETS/ASV_Spoof_2019_LA/ASVspoof2019_LA_eval/flac/LA_E_8078248.flac,0
/data/DATASETS/ASV_Spoof_2019_LA/ASVspoof2019_LA_eval/flac/LA_E_8127691.flac,0
/data/DATASETS/ASV_Spoof_2019_LA/ASVspoof2019_LA_eval/flac/LA_E_3739591.flac,0
/data/DATASETS/ASV_Spoof_2019_LA/ASVspoof2019_LA_eval/flac/LA_E_5016775.flac,0
/data/DATASETS/ASV_Spoof_2019_LA/ASVspoof2019_LA_eval/flac/LA_E_5080812.flac,0
/data/DATASETS/ASV_Spoof_2019_LA/ASVspoof2019_LA_eval/flac/LA_E_3835283.flac,0
/data/DATASETS/ASV_Spoof_2019_LA/ASVspoof2019_LA_eval/flac/LA_E_9724569.flac,0
/data/DATASETS/ASV_Spoof_2019_LA/ASVspoof2019_LA_eval/flac/LA_E_6191006.flac,0
/data/DATASETS/ASV_Spoof_2019_LA/ASVspoof2019_LA_eval/flac/LA_E_5224196.flac,0
/data/DATASETS/ASV_Spoof_2019_LA/ASVspoof2019_LA_eval/flac/LA_E_6384210.flac,0
/data/DATASETS/ASV_Spoof_2019_LA/ASVspoof2019_LA_eval/flac/LA_E_9451976.flac,0
/data/DATASETS/ASV_Spoof_2019_LA/ASVspoof2019_LA_train/flac/LA_T_5937046.flac,0
/data/DATASETS/ASV_Spoof_2019_LA/ASVspoof2019_LA_eval/flac/LA_E_7658563.flac,0
/data/DATASETS/ASV_Spoof_2019_LA/ASVspoof2019_LA_eval/flac/LA_E_9854093.flac,0
/data/DATASETS/ASV_Spoof_2019_LA/ASVspoof2019_LA_eval/flac/LA_E_1486891.flac,0
/data/DATASETS/ASV_Spoof_2019_LA/ASVspoof2019_LA_dev/flac/LA_D_6598354.flac,0
/data/DATASETS/ASV_Spoof_2019_LA/ASVspoof2019_LA_dev/flac/LA_D_8988945.flac,0
/data/DATASETS/ASV_Spoof_2019_LA/ASVspoof2019_LA_eval/flac/LA_E_9390023.flac,0
/data/DATASETS/ASV_Spoof_2019_LA/ASVspoof2019_LA_dev/flac/LA_D_3787464.flac,0
/data/DATASETS/ASV_Spoof_2019_LA/ASVspoof2019_LA_train/flac/LA_T_8682959.flac,0
/data/DATASETS/ASV_Spoof_2019_LA/ASVspoof2019_LA_dev/flac/LA_D_7796753.flac,0
/data/DATASETS/ASV_Spoof_2019_LA/ASVspoof2019_LA_eval/flac/LA_E_7155077.flac,0
/data/DATASETS/ASV_Spoof_2019_LA/ASVspoof2019_LA_dev/flac/LA_D_4131292.flac,0
/data/DATASETS/ASV_Spoof_2019_LA/ASVspoof2019_LA_train/flac/LA_T_5796504.flac,0
/data/DATASETS/ASV_Spoof_2019_LA/ASVspoof2019_LA_eval/flac/LA_E_7902329.flac,0
/data/DATASETS/ASV_Spoof_2019_LA/ASVspoof2019_LA_eval/flac/LA_E_7199358.flac,0
/data/DATASETS/ASV_Spoof_2019_LA/ASVspoof2019_LA_train/flac/LA_T_3026744.flac,0
/data/DATASETS/ASV_Spoof_2019_LA/ASVspoof2019_LA_eval/flac/LA_E_8892267.flac,0
/data/DATASETS/ASV_Spoof_2019_LA/ASVspoof2019_LA_eval/flac/LA_E_9733122.flac,0
/data/DATASETS/ASV_Spoof_2019_LA/ASVspoof2019_LA_eval/flac/LA_E_8543231.flac,0
/data/DATASETS/ASV_Spoof_2019_LA/ASVspoof2019_LA_eval/flac/LA_E_9377307.flac,0
/data/DATASETS/ASV_Spoof_2019_LA/ASVspoof2019_LA_eval/flac/LA_E_3032043.flac,0
/data/DATASETS/ASV_Spoof_2019_LA/ASVspoof2019_LA_eval/flac/LA_E_7765886.flac,0
/data/DATASETS/ASV_Spoof_2019_LA/ASVspoof2019_LA_dev/flac/LA_D_7176973.flac,0
/data/DATASETS/ASV_Spoof_2019_LA/ASVspoof2019_LA_dev/flac/LA_D_9085952.flac,0
/data/DATASETS/ASV_Spoof_2019_LA/ASVspoof2019_LA_train/flac/LA_T_3518487.flac,0
/data/DATASETS/ASV_Spoof_2019_LA/ASVspoof2019_LA_train/flac/LA_T_1563149.flac,0
/data/DATASETS/ASV_Spoof_2019_LA/ASVspoof2019_LA_eval/flac/LA_E_2396692.flac,0
/data/DATASETS/ASV_Spoof_2019_LA/ASVspoof2019_LA_eval/flac/LA_E_3742690.flac,0
/data/DATASETS/ASV_Spoof_2019_LA/ASVspoof2019_LA_eval/flac/LA_E_5303809.flac,0
/data/DATASETS/ASV_Spoof_2019_LA/ASVspoof2019_LA_eval/flac/LA_E_7257740.flac,0
/data/DATASETS/ASV_Spoof_2019_LA/ASVspoof2019_LA_eval/flac/LA_E_2628041.flac,0
/data/DATASETS/ASV_Spoof_2019_LA/ASVspoof2019_LA_dev/flac/LA_D_6663247.flac,0
/data/DATASETS/ASV_Spoof_2019_LA/ASVspoof2019_LA_eval/flac/LA_E_2845160.flac,0
/data/DATASETS/ASV_Spoof_2019_LA/ASVspoof2019_LA_train/flac/LA_T_2903988.flac,0
/data/DATASETS/ASV_Spoof_2019_LA/ASVspoof2019_LA_eval/flac/LA_E_5821904.flac,0
/data/DATASETS/ASV_Spoof_2019_LA/ASVspoof2019_LA_dev/flac/LA_D_6549159.flac,0
/data/DATASETS/ASV_Spoof_2019_LA/ASVspoof2019_LA_eval/flac/LA_E_9397775.flac,0
/data/DATASETS/ASV_Spoof_2019_LA/ASVspoof2019_LA_train/flac/LA_T_6630946.flac,0
/data/DATASETS/ASV_Spoof_2019_LA/ASVspoof2019_LA_train/flac/LA_T_2192287.flac,0
/data/DATASETS/ASV_Spoof_2019_LA/ASVspoof2019_LA_eval/flac/LA_E_8659748.flac,0
/data/DATASETS/ASV_Spoof_2019_LA/ASVspoof2019_LA_eval/flac/LA_E_5388075.flac,0
/data/DATASETS/ASV_Spoof_2019_LA/ASVspoof2019_LA_dev/flac/LA_D_6339881.flac,0
/data/DATASETS/ASV_Spoof_2019_LA/ASVspoof2019_LA_eval/flac/LA_E_7866517.flac,0
/data/DATASETS/ASV_Spoof_2019_LA/ASVspoof2019_LA_train/flac/LA_T_3336416.flac,0
/data/DATASETS/ASV_Spoof_2019_LA/ASVspoof2019_LA_dev/flac/LA_D_7207798.flac,0
/data/DATASETS/ASV_Spoof_2019_LA/ASVspoof2019_LA_eval/flac/LA_E_1957903.flac,0
/data/DATASETS/ASV_Spoof_2019_LA/ASVspoof2019_LA_dev/flac/LA_D_6853055.flac,0
/data/DATASETS/ASV_Spoof_2019_LA/ASVspoof2019_LA_eval/flac/LA_E_2600762.flac,0
/data/DATASETS/ASV_Spoof_2019_LA/ASVspoof2019_LA_eval/flac/LA_E_6813643.flac,0
/data/DATASETS/ASV_Spoof_2019_LA/ASVspoof2019_LA_dev/flac/LA_D_2459993.flac,0
/data/DATASETS/ASV_Spoof_2019_LA/ASVspoof2019_LA_dev/flac/LA_D_6509189.flac,0
/data/DATASETS/ASV_Spoof_2019_LA/ASVspoof2019_LA_train/flac/LA_T_1785278.flac,0
/data/DATASETS/ASV_Spoof_2019_LA/ASVspoof2019_LA_eval/flac/LA_E_9440420.flac,0
/data/DATASETS/ASV_Spoof_2019_LA/ASVspoof2019_LA_train/flac/LA_T_7846284.flac,0
/data/DATASETS/ASV_Spoof_2019_LA/ASVspoof2019_LA_dev/flac/LA_D_8192047.flac,0
/data/DATASETS/ASV_Spoof_2019_LA/ASVspoof2019_LA_dev/flac/LA_D_3029021.flac,0
/data/DATASETS/ASV_Spoof_2019_LA/ASVspoof2019_LA_dev/flac/LA_D_4129574.flac,0
/data/DATASETS/ASV_Spoof_2019_LA/ASVspoof2019_LA_train/flac/LA_T_3050170.flac,0
/data/DATASETS/ASV_Spoof_2019_LA/ASVspoof2019_LA_eval/flac/LA_E_4735197.flac,0
/data/DATASETS/ASV_Spoof_2019_LA/ASVspoof2019_LA_eval/flac/LA_E_9651557.flac,0
/data/DATASETS/ASV_Spoof_2019_LA/ASVspoof2019_LA_eval/flac/LA_E_3495069.flac,0
/data/DATASETS/ASV_Spoof_2019_LA/ASVspoof2019_LA_eval/flac/LA_E_9310409.flac,0
/data/DATASETS/ASV_Spoof_2019_LA/ASVspoof2019_LA_eval/flac/LA_E_8135416.flac,0
/data/DATASETS/ASV_Spoof_2019_LA/ASVspoof2019_LA_eval/flac/LA_E_8893147.flac,0
/data/DATASETS/ASV_Spoof_2019_LA/ASVspoof2019_LA_train/flac/LA_T_9324386.flac,0
/data/DATASETS/ASV_Spoof_2019_LA/ASVspoof2019_LA_dev/flac/LA_D_4540166.flac,0
/data/DATASETS/ASV_Spoof_2019_LA/ASVspoof2019_LA_dev/flac/LA_D_3733779.flac,0
/data/DATASETS/ASV_Spoof_2019_LA/ASVspoof2019_LA_eval/flac/LA_E_2090059.flac,0
/data/DATASETS/ASV_Spoof_2019_LA/ASVspoof2019_LA_eval/flac/LA_E_5992367.flac,0
/data/DATASETS/ASV_Spoof_2019_LA/ASVspoof2019_LA_eval/flac/LA_E_7482298.flac,0
/data/DATASETS/ASV_Spoof_2019_LA/ASVspoof2019_LA_train/flac/LA_T_6102672.flac,0
/data/DATASETS/ASV_Spoof_2019_LA/ASVspoof2019_LA_eval/flac/LA_E_2842648.flac,0
/data/DATASETS/ASV_Spoof_2019_LA/ASVspoof2019_LA_train/flac/LA_T_9897034.flac,0
/data/DATASETS/ASV_Spoof_2019_LA/ASVspoof2019_LA_eval/flac/LA_E_1435423.flac,0
/data/DATASETS/ASV_Spoof_2019_LA/ASVspoof2019_LA_eval/flac/LA_E_7340274.flac,0
/data/DATASETS/ASV_Spoof_2019_LA/ASVspoof2019_LA_train/flac/LA_T_9029058.flac,0
/data/DATASETS/ASV_Spoof_2019_LA/ASVspoof2019_LA_eval/flac/LA_E_9219868.flac,0
/data/DATASETS/ASV_Spoof_2019_LA/ASVspoof2019_LA_eval/flac/LA_E_4045304.flac,0
/data/DATASETS/ASV_Spoof_2019_LA/ASVspoof2019_LA_eval/flac/LA_E_7720483.flac,0
/data/DATASETS/ASV_Spoof_2019_LA/ASVspoof2019_LA_train/flac/LA_T_1675536.flac,0
/data/DATASETS/ASV_Spoof_2019_LA/ASVspoof2019_LA_eval/flac/LA_E_9792845.flac,0
/data/DATASETS/ASV_Spoof_2019_LA/ASVspoof2019_LA_train/flac/LA_T_6774071.flac,0
/data/DATASETS/ASV_Spoof_2019_LA/ASVspoof2019_LA_train/flac/LA_T_9754656.flac,0
/data/DATASETS/ASV_Spoof_2019_LA/ASVspoof2019_LA_train/flac/LA_T_9043274.flac,0
/data/DATASETS/ASV_Spoof_2019_LA/ASVspoof2019_LA_train/flac/LA_T_1378563.flac,0
/data/DATASETS/ASV_Spoof_2019_LA/ASVspoof2019_LA_train/flac/LA_T_6856715.flac,0
/data/DATASETS/ASV_Spoof_2019_LA/ASVspoof2019_LA_eval/flac/LA_E_8163420.flac,0
/data/DATASETS/ASV_Spoof_2019_LA/ASVspoof2019_LA_eval/flac/LA_E_6440632.flac,0
/data/DATASETS/ASV_Spoof_2019_LA/ASVspoof2019_LA_eval/flac/LA_E_1254320.flac,0
/data/DATASETS/ASV_Spoof_2019_LA/ASVspoof2019_LA_train/flac/LA_T_2396357.flac,0
/data/DATASETS/ASV_Spoof_2019_LA/ASVspoof2019_LA_eval/flac/LA_E_7596545.flac,0
/data/DATASETS/ASV_Spoof_2019_LA/ASVspoof2019_LA_eval/flac/LA_E_7909457.flac,0
/data/DATASETS/ASV_Spoof_2019_LA/ASVspoof2019_LA_eval/flac/LA_E_5253633.flac,0
/data/DATASETS/ASV_Spoof_2019_LA/ASVspoof2019_LA_eval/flac/LA_E_7251010.flac,0
/data/DATASETS/ASV_Spoof_2019_LA/ASVspoof2019_LA_eval/flac/LA_E_2603567.flac,0
/data/DATASETS/ASV_Spoof_2019_LA/ASVspoof2019_LA_eval/flac/LA_E_8767380.flac,0
/data/DATASETS/ASV_Spoof_2019_LA/ASVspoof2019_LA_eval/flac/LA_E_8888956.flac,0
/data/DATASETS/ASV_Spoof_2019_LA/ASVspoof2019_LA_eval/flac/LA_E_7884889.flac,0
/data/DATASETS/ASV_Spoof_2019_LA/ASVspoof2019_LA_eval/flac/LA_E_9704051.flac,0
/data/DATASETS/ASV_Spoof_2019_LA/ASVspoof2019_LA_eval/flac/LA_E_2087694.flac,0
/data/DATASETS/ASV_Spoof_2019_LA/ASVspoof2019_LA_eval/flac/LA_E_3869453.flac,0
/data/DATASETS/ASV_Spoof_2019_LA/ASVspoof2019_LA_eval/flac/LA_E_7823770.flac,0
/data/DATASETS/ASV_Spoof_2019_LA/ASVspoof2019_LA_eval/flac/LA_E_9771425.flac,0
/data/DATASETS/ASV_Spoof_2019_LA/ASVspoof2019_LA_eval/flac/LA_E_7021965.flac,0
/data/DATASETS/ASV_Spoof_2019_LA/ASVspoof2019_LA_dev/flac/LA_D_1849134.flac,0
/data/DATASETS/ASV_Spoof_2019_LA/ASVspoof2019_LA_eval/flac/LA_E_2405723.flac,0
/data/DATASETS/ASV_Spoof_2019_LA/ASVspoof2019_LA_eval/flac/LA_E_5408592.flac,0
/data/DATASETS/ASV_Spoof_2019_LA/ASVspoof2019_LA_dev/flac/LA_D_1213994.flac,0
/data/DATASETS/ASV_Spoof_2019_LA/ASVspoof2019_LA_eval/flac/LA_E_9803965.flac,0
/data/DATASETS/ASV_Spoof_2019_LA/ASVspoof2019_LA_dev/flac/LA_D_8697996.flac,0
/data/DATASETS/ASV_Spoof_2019_LA/ASVspoof2019_LA_dev/flac/LA_D_5255611.flac,0
/data/DATASETS/ASV_Spoof_2019_LA/ASVspoof2019_LA_eval/flac/LA_E_7546868.flac,0
/data/DATASETS/ASV_Spoof_2019_LA/ASVspoof2019_LA_eval/flac/LA_E_4570967.flac,0
/data/DATASETS/ASV_Spoof_2019_LA/ASVspoof2019_LA_eval/flac/LA_E_8942381.flac,0
/data/DATASETS/ASV_Spoof_2019_LA/ASVspoof2019_LA_eval/flac/LA_E_1748480.flac,0
/data/DATASETS/ASV_Spoof_2019_LA/ASVspoof2019_LA_dev/flac/LA_D_4517590.flac,0
/data/DATASETS/ASV_Spoof_2019_LA/ASVspoof2019_LA_dev/flac/LA_D_8516589.flac,0
/data/DATASETS/ASV_Spoof_2019_LA/ASVspoof2019_LA_eval/flac/LA_E_5667284.flac,0
/data/DATASETS/ASV_Spoof_2019_LA/ASVspoof2019_LA_eval/flac/LA_E_1432098.flac,0
/data/DATASETS/ASV_Spoof_2019_LA/ASVspoof2019_LA_eval/flac/LA_E_4712931.flac,0
/data/DATASETS/ASV_Spoof_2019_LA/ASVspoof2019_LA_train/flac/LA_T_5057878.flac,0
/data/DATASETS/ASV_Spoof_2019_LA/ASVspoof2019_LA_eval/flac/LA_E_8197217.flac,0
/data/DATASETS/ASV_Spoof_2019_LA/ASVspoof2019_LA_eval/flac/LA_E_8404271.flac,0
/data/DATASETS/ASV_Spoof_2019_LA/ASVspoof2019_LA_eval/flac/LA_E_9994014.flac,0
/data/DATASETS/ASV_Spoof_2019_LA/ASVspoof2019_LA_dev/flac/LA_D_4309711.flac,0
/data/DATASETS/ASV_Spoof_2019_LA/ASVspoof2019_LA_eval/flac/LA_E_7755121.flac,0
/data/DATASETS/ASV_Spoof_2019_LA/ASVspoof2019_LA_eval/flac/LA_E_9437908.flac,0
/data/DATASETS/ASV_Spoof_2019_LA/ASVspoof2019_LA_eval/flac/LA_E_3382634.flac,0
/data/DATASETS/ASV_Spoof_2019_LA/ASVspoof2019_LA_train/flac/LA_T_5765787.flac,0
/data/DATASETS/ASV_Spoof_2019_LA/ASVspoof2019_LA_dev/flac/LA_D_6308295.flac,0
/data/DATASETS/ASV_Spoof_2019_LA/ASVspoof2019_LA_eval/flac/LA_E_3678149.flac,0
/data/DATASETS/ASV_Spoof_2019_LA/ASVspoof2019_LA_eval/flac/LA_E_9857488.flac,0
/data/DATASETS/ASV_Spoof_2019_LA/ASVspoof2019_LA_train/flac/LA_T_8874328.flac,0
/data/DATASETS/ASV_Spoof_2019_LA/ASVspoof2019_LA_train/flac/LA_T_8723580.flac,0
/data/DATASETS/ASV_Spoof_2019_LA/ASVspoof2019_LA_eval/flac/LA_E_3949069.flac,0
/data/DATASETS/ASV_Spoof_2019_LA/ASVspoof2019_LA_eval/flac/LA_E_5137172.flac,0
/data/DATASETS/ASV_Spoof_2019_LA/ASVspoof2019_LA_eval/flac/LA_E_1122097.flac,0
/data/DATASETS/ASV_Spoof_2019_LA/ASVspoof2019_LA_eval/flac/LA_E_4321015.flac,0
/data/DATASETS/ASV_Spoof_2019_LA/ASVspoof2019_LA_eval/flac/LA_E_9481070.flac,0
/data/DATASETS/ASV_Spoof_2019_LA/ASVspoof2019_LA_eval/flac/LA_E_5919308.flac,0
/data/DATASETS/ASV_Spoof_2019_LA/ASVspoof2019_LA_eval/flac/LA_E_1371618.flac,0
/data/DATASETS/ASV_Spoof_2019_LA/ASVspoof2019_LA_eval/flac/LA_E_5618932.flac,0
/data/DATASETS/ASV_Spoof_2019_LA/ASVspoof2019_LA_dev/flac/LA_D_1805483.flac,0
/data/DATASETS/ASV_Spoof_2019_LA/ASVspoof2019_LA_dev/flac/LA_D_2590726.flac,0
/data/DATASETS/ASV_Spoof_2019_LA/ASVspoof2019_LA_eval/flac/LA_E_5467152.flac,0
/data/DATASETS/ASV_Spoof_2019_LA/ASVspoof2019_LA_eval/flac/LA_E_7498267.flac,0
/data/DATASETS/ASV_Spoof_2019_LA/ASVspoof2019_LA_dev/flac/LA_D_7272195.flac,0
/data/DATASETS/ASV_Spoof_2019_LA/ASVspoof2019_LA_dev/flac/LA_D_4485182.flac,0
/data/DATASETS/ASV_Spoof_2019_LA/ASVspoof2019_LA_eval/flac/LA_E_6743304.flac,0
/data/DATASETS/ASV_Spoof_2019_LA/ASVspoof2019_LA_dev/flac/LA_D_8692948.flac,0
/data/DATASETS/ASV_Spoof_2019_LA/ASVspoof2019_LA_dev/flac/LA_D_6228524.flac,0
/data/DATASETS/ASV_Spoof_2019_LA/ASVspoof2019_LA_dev/flac/LA_D_2302613.flac,0
/data/DATASETS/ASV_Spoof_2019_LA/ASVspoof2019_LA_eval/flac/LA_E_8544944.flac,0
/data/DATASETS/ASV_Spoof_2019_LA/ASVspoof2019_LA_train/flac/LA_T_3969759.flac,0
/data/DATASETS/ASV_Spoof_2019_LA/ASVspoof2019_LA_train/flac/LA_T_7359075.flac,0
/data/DATASETS/ASV_Spoof_2019_LA/ASVspoof2019_LA_dev/flac/LA_D_3194286.flac,0
/data/DATASETS/ASV_Spoof_2019_LA/ASVspoof2019_LA_eval/flac/LA_E_4167344.flac,0
/data/DATASETS/ASV_Spoof_2019_LA/ASVspoof2019_LA_train/flac/LA_T_1500527.flac,0
/data/DATASETS/ASV_Spoof_2019_LA/ASVspoof2019_LA_dev/flac/LA_D_2455027.flac,0
/data/DATASETS/ASV_Spoof_2019_LA/ASVspoof2019_LA_eval/flac/LA_E_3264244.flac,0
/data/DATASETS/ASV_Spoof_2019_LA/ASVspoof2019_LA_dev/flac/LA_D_8691545.flac,0
/data/DATASETS/ASV_Spoof_2019_LA/ASVspoof2019_LA_eval/flac/LA_E_7106393.flac,0
/data/DATASETS/ASV_Spoof_2019_LA/ASVspoof2019_LA_eval/flac/LA_E_9567332.flac,0
/data/DATASETS/ASV_Spoof_2019_LA/ASVspoof2019_LA_train/flac/LA_T_2623490.flac,0
/data/DATASETS/ASV_Spoof_2019_LA/ASVspoof2019_LA_train/flac/LA_T_9048990.flac,0
/data/DATASETS/ASV_Spoof_2019_LA/ASVspoof2019_LA_train/flac/LA_T_1305270.flac,0
/data/DATASETS/ASV_Spoof_2019_LA/ASVspoof2019_LA_eval/flac/LA_E_6086680.flac,0
/data/DATASETS/ASV_Spoof_2019_LA/ASVspoof2019_LA_train/flac/LA_T_8987811.flac,0
/data/DATASETS/ASV_Spoof_2019_LA/ASVspoof2019_LA_dev/flac/LA_D_3495464.flac,0
/data/DATASETS/ASV_Spoof_2019_LA/ASVspoof2019_LA_eval/flac/LA_E_7450939.flac,0
/data/DATASETS/ASV_Spoof_2019_LA/ASVspoof2019_LA_eval/flac/LA_E_8362904.flac,0
/data/DATASETS/ASV_Spoof_2019_LA/ASVspoof2019_LA_train/flac/LA_T_6816405.flac,0
/data/DATASETS/ASV_Spoof_2019_LA/ASVspoof2019_LA_dev/flac/LA_D_8429827.flac,0
/data/DATASETS/ASV_Spoof_2019_LA/ASVspoof2019_LA_eval/flac/LA_E_5073488.flac,0
/data/DATASETS/ASV_Spoof_2019_LA/ASVspoof2019_LA_dev/flac/LA_D_3250253.flac,0
/data/DATASETS/ASV_Spoof_2019_LA/ASVspoof2019_LA_train/flac/LA_T_9218626.flac,0
/data/DATASETS/ASV_Spoof_2019_LA/ASVspoof2019_LA_eval/flac/LA_E_9053445.flac,0
/data/DATASETS/ASV_Spoof_2019_LA/ASVspoof2019_LA_train/flac/LA_T_5611078.flac,0
/data/DATASETS/ASV_Spoof_2019_LA/ASVspoof2019_LA_eval/flac/LA_E_5742570.flac,0
/data/DATASETS/ASV_Spoof_2019_LA/ASVspoof2019_LA_eval/flac/LA_E_6276020.flac,0
/data/DATASETS/ASV_Spoof_2019_LA/ASVspoof2019_LA_eval/flac/LA_E_7799514.flac,0
/data/DATASETS/ASV_Spoof_2019_LA/ASVspoof2019_LA_eval/flac/LA_E_3041366.flac,0
/data/DATASETS/ASV_Spoof_2019_LA/ASVspoof2019_LA_eval/flac/LA_E_6276864.flac,0
/data/DATASETS/ASV_Spoof_2019_LA/ASVspoof2019_LA_eval/flac/LA_E_7473757.flac,0
/data/DATASETS/ASV_Spoof_2019_LA/ASVspoof2019_LA_eval/flac/LA_E_3416478.flac,0
/data/DATASETS/ASV_Spoof_2019_LA/ASVspoof2019_LA_eval/flac/LA_E_4182764.flac,0
/data/DATASETS/ASV_Spoof_2019_LA/ASVspoof2019_LA_eval/flac/LA_E_9881923.flac,0
/data/DATASETS/ASV_Spoof_2019_LA/ASVspoof2019_LA_train/flac/LA_T_6684559.flac,0
/data/DATASETS/ASV_Spoof_2019_LA/ASVspoof2019_LA_train/flac/LA_T_3707104.flac,0
/data/DATASETS/ASV_Spoof_2019_LA/ASVspoof2019_LA_dev/flac/LA_D_2358821.flac,0
/data/DATASETS/ASV_Spoof_2019_LA/ASVspoof2019_LA_dev/flac/LA_D_4296014.flac,0
/data/DATASETS/ASV_Spoof_2019_LA/ASVspoof2019_LA_eval/flac/LA_E_6676906.flac,0
/data/DATASETS/ASV_Spoof_2019_LA/ASVspoof2019_LA_train/flac/LA_T_2642748.flac,0
/data/DATASETS/ASV_Spoof_2019_LA/ASVspoof2019_LA_eval/flac/LA_E_5041287.flac,0
/data/DATASETS/ASV_Spoof_2019_LA/ASVspoof2019_LA_train/flac/LA_T_7558374.flac,0
/data/DATASETS/ASV_Spoof_2019_LA/ASVspoof2019_LA_eval/flac/LA_E_3160756.flac,0
/data/DATASETS/ASV_Spoof_2019_LA/ASVspoof2019_LA_eval/flac/LA_E_2762013.flac,0
/data/DATASETS/ASV_Spoof_2019_LA/ASVspoof2019_LA_dev/flac/LA_D_6043519.flac,0
/data/DATASETS/ASV_Spoof_2019_LA/ASVspoof2019_LA_train/flac/LA_T_6074694.flac,0
/data/DATASETS/ASV_Spoof_2019_LA/ASVspoof2019_LA_eval/flac/LA_E_7643568.flac,0
/data/DATASETS/ASV_Spoof_2019_LA/ASVspoof2019_LA_eval/flac/LA_E_8057592.flac,0
/data/DATASETS/ASV_Spoof_2019_LA/ASVspoof2019_LA_train/flac/LA_T_1599278.flac,0
/data/DATASETS/ASV_Spoof_2019_LA/ASVspoof2019_LA_train/flac/LA_T_3704574.flac,0
/data/DATASETS/ASV_Spoof_2019_LA/ASVspoof2019_LA_eval/flac/LA_E_2373619.flac,0
/data/DATASETS/ASV_Spoof_2019_LA/ASVspoof2019_LA_eval/flac/LA_E_6001685.flac,0
/data/DATASETS/ASV_Spoof_2019_LA/ASVspoof2019_LA_eval/flac/LA_E_5885996.flac,0
/data/DATASETS/ASV_Spoof_2019_LA/ASVspoof2019_LA_eval/flac/LA_E_8455221.flac,0
/data/DATASETS/ASV_Spoof_2019_LA/ASVspoof2019_LA_dev/flac/LA_D_8289729.flac,0
/data/DATASETS/ASV_Spoof_2019_LA/ASVspoof2019_LA_dev/flac/LA_D_9496441.flac,0
/data/DATASETS/ASV_Spoof_2019_LA/ASVspoof2019_LA_eval/flac/LA_E_3688097.flac,0
/data/DATASETS/ASV_Spoof_2019_LA/ASVspoof2019_LA_eval/flac/LA_E_4323202.flac,0
/data/DATASETS/ASV_Spoof_2019_LA/ASVspoof2019_LA_eval/flac/LA_E_3552504.flac,0
/data/DATASETS/ASV_Spoof_2019_LA/ASVspoof2019_LA_eval/flac/LA_E_8189499.flac,0
/data/DATASETS/ASV_Spoof_2019_LA/ASVspoof2019_LA_eval/flac/LA_E_6744954.flac,0
/data/DATASETS/ASV_Spoof_2019_LA/ASVspoof2019_LA_dev/flac/LA_D_9272636.flac,0
/data/DATASETS/ASV_Spoof_2019_LA/ASVspoof2019_LA_eval/flac/LA_E_9154386.flac,0
/data/DATASETS/ASV_Spoof_2019_LA/ASVspoof2019_LA_eval/flac/LA_E_3085516.flac,0
/data/DATASETS/ASV_Spoof_2019_LA/ASVspoof2019_LA_eval/flac/LA_E_8194464.flac,0
/data/DATASETS/ASV_Spoof_2019_LA/ASVspoof2019_LA_dev/flac/LA_D_6289915.flac,0
/data/DATASETS/ASV_Spoof_2019_LA/ASVspoof2019_LA_train/flac/LA_T_2371044.flac,0
/data/DATASETS/ASV_Spoof_2019_LA/ASVspoof2019_LA_dev/flac/LA_D_7556397.flac,0
/data/DATASETS/ASV_Spoof_2019_LA/ASVspoof2019_LA_eval/flac/LA_E_4212609.flac,0
/data/DATASETS/ASV_Spoof_2019_LA/ASVspoof2019_LA_train/flac/LA_T_6704810.flac,0
/data/DATASETS/ASV_Spoof_2019_LA/ASVspoof2019_LA_eval/flac/LA_E_8604121.flac,0
/data/DATASETS/ASV_Spoof_2019_LA/ASVspoof2019_LA_eval/flac/LA_E_1712028.flac,0
/data/DATASETS/ASV_Spoof_2019_LA/ASVspoof2019_LA_eval/flac/LA_E_2165709.flac,0
/data/DATASETS/ASV_Spoof_2019_LA/ASVspoof2019_LA_dev/flac/LA_D_6373554.flac,0
/data/DATASETS/ASV_Spoof_2019_LA/ASVspoof2019_LA_eval/flac/LA_E_8110347.flac,0
/data/DATASETS/ASV_Spoof_2019_LA/ASVspoof2019_LA_eval/flac/LA_E_7317853.flac,0
/data/DATASETS/ASV_Spoof_2019_LA/ASVspoof2019_LA_dev/flac/LA_D_1412552.flac,0
/data/DATASETS/ASV_Spoof_2019_LA/ASVspoof2019_LA_eval/flac/LA_E_5559868.flac,0
/data/DATASETS/ASV_Spoof_2019_LA/ASVspoof2019_LA_eval/flac/LA_E_2010621.flac,0
/data/DATASETS/ASV_Spoof_2019_LA/ASVspoof2019_LA_eval/flac/LA_E_9026587.flac,0
/data/DATASETS/ASV_Spoof_2019_LA/ASVspoof2019_LA_eval/flac/LA_E_2280930.flac,0
/data/DATASETS/ASV_Spoof_2019_LA/ASVspoof2019_LA_eval/flac/LA_E_7419210.flac,0
/data/DATASETS/ASV_Spoof_2019_LA/ASVspoof2019_LA_eval/flac/LA_E_1559956.flac,0
/data/DATASETS/ASV_Spoof_2019_LA/ASVspoof2019_LA_eval/flac/LA_E_8629337.flac,0
/data/DATASETS/ASV_Spoof_2019_LA/ASVspoof2019_LA_eval/flac/LA_E_3636256.flac,0
/data/DATASETS/ASV_Spoof_2019_LA/ASVspoof2019_LA_eval/flac/LA_E_9419336.flac,0
/data/DATASETS/ASV_Spoof_2019_LA/ASVspoof2019_LA_eval/flac/LA_E_1580381.flac,0
/data/DATASETS/ASV_Spoof_2019_LA/ASVspoof2019_LA_eval/flac/LA_E_1264937.flac,0
/data/DATASETS/ASV_Spoof_2019_LA/ASVspoof2019_LA_dev/flac/LA_D_1472077.flac,0
/data/DATASETS/ASV_Spoof_2019_LA/ASVspoof2019_LA_eval/flac/LA_E_2275528.flac,0
/data/DATASETS/ASV_Spoof_2019_LA/ASVspoof2019_LA_eval/flac/LA_E_2515281.flac,0
/data/DATASETS/ASV_Spoof_2019_LA/ASVspoof2019_LA_eval/flac/LA_E_9235541.flac,0
/data/DATASETS/ASV_Spoof_2019_LA/ASVspoof2019_LA_eval/flac/LA_E_1083009.flac,0
/data/DATASETS/ASV_Spoof_2019_LA/ASVspoof2019_LA_eval/flac/LA_E_1107162.flac,0
/data/DATASETS/ASV_Spoof_2019_LA/ASVspoof2019_LA_train/flac/LA_T_9884197.flac,0
/data/DATASETS/ASV_Spoof_2019_LA/ASVspoof2019_LA_eval/flac/LA_E_1646722.flac,0
/data/DATASETS/ASV_Spoof_2019_LA/ASVspoof2019_LA_eval/flac/LA_E_3270005.flac,0
/data/DATASETS/ASV_Spoof_2019_LA/ASVspoof2019_LA_eval/flac/LA_E_3753496.flac,0
/data/DATASETS/ASV_Spoof_2019_LA/ASVspoof2019_LA_eval/flac/LA_E_2671815.flac,0
/data/DATASETS/ASV_Spoof_2019_LA/ASVspoof2019_LA_eval/flac/LA_E_1733407.flac,0
/data/DATASETS/ASV_Spoof_2019_LA/ASVspoof2019_LA_dev/flac/LA_D_9303165.flac,0
/data/DATASETS/ASV_Spoof_2019_LA/ASVspoof2019_LA_train/flac/LA_T_8597829.flac,0
/data/DATASETS/ASV_Spoof_2019_LA/ASVspoof2019_LA_dev/flac/LA_D_6223286.flac,0
/data/DATASETS/ASV_Spoof_2019_LA/ASVspoof2019_LA_eval/flac/LA_E_1298422.flac,0
/data/DATASETS/ASV_Spoof_2019_LA/ASVspoof2019_LA_eval/flac/LA_E_1568692.flac,0
/data/DATASETS/ASV_Spoof_2019_LA/ASVspoof2019_LA_eval/flac/LA_E_7604296.flac,0
/data/DATASETS/ASV_Spoof_2019_LA/ASVspoof2019_LA_train/flac/LA_T_1203196.flac,0
/data/DATASETS/ASV_Spoof_2019_LA/ASVspoof2019_LA_train/flac/LA_T_7317221.flac,0
/data/DATASETS/ASV_Spoof_2019_LA/ASVspoof2019_LA_eval/flac/LA_E_8738128.flac,0
/data/DATASETS/ASV_Spoof_2019_LA/ASVspoof2019_LA_eval/flac/LA_E_6140367.flac,0
/data/DATASETS/ASV_Spoof_2019_LA/ASVspoof2019_LA_eval/flac/LA_E_7272364.flac,0
/data/DATASETS/ASV_Spoof_2019_LA/ASVspoof2019_LA_eval/flac/LA_E_4387562.flac,0
/data/DATASETS/ASV_Spoof_2019_LA/ASVspoof2019_LA_eval/flac/LA_E_1423605.flac,0
/data/DATASETS/ASV_Spoof_2019_LA/ASVspoof2019_LA_train/flac/LA_T_5326363.flac,0
/data/DATASETS/ASV_Spoof_2019_LA/ASVspoof2019_LA_eval/flac/LA_E_9566037.flac,0
/data/DATASETS/ASV_Spoof_2019_LA/ASVspoof2019_LA_eval/flac/LA_E_4053386.flac,0
/data/DATASETS/ASV_Spoof_2019_LA/ASVspoof2019_LA_eval/flac/LA_E_3841855.flac,0
/data/DATASETS/ASV_Spoof_2019_LA/ASVspoof2019_LA_dev/flac/LA_D_9682441.flac,0
/data/DATASETS/ASV_Spoof_2019_LA/ASVspoof2019_LA_eval/flac/LA_E_1698492.flac,0
/data/DATASETS/ASV_Spoof_2019_LA/ASVspoof2019_LA_eval/flac/LA_E_4841254.flac,0
/data/DATASETS/ASV_Spoof_2019_LA/ASVspoof2019_LA_train/flac/LA_T_6242456.flac,0
/data/DATASETS/ASV_Spoof_2019_LA/ASVspoof2019_LA_dev/flac/LA_D_8633579.flac,0
/data/DATASETS/ASV_Spoof_2019_LA/ASVspoof2019_LA_eval/flac/LA_E_1070252.flac,0
/data/DATASETS/ASV_Spoof_2019_LA/ASVspoof2019_LA_eval/flac/LA_E_9203619.flac,0
/data/DATASETS/ASV_Spoof_2019_LA/ASVspoof2019_LA_eval/flac/LA_E_9163737.flac,0
/data/DATASETS/ASV_Spoof_2019_LA/ASVspoof2019_LA_eval/flac/LA_E_8997675.flac,0
/data/DATASETS/ASV_Spoof_2019_LA/ASVspoof2019_LA_eval/flac/LA_E_5137050.flac,0
/data/DATASETS/ASV_Spoof_2019_LA/ASVspoof2019_LA_eval/flac/LA_E_6368203.flac,0
/data/DATASETS/ASV_Spoof_2019_LA/ASVspoof2019_LA_eval/flac/LA_E_1826471.flac,0
/data/DATASETS/ASV_Spoof_2019_LA/ASVspoof2019_LA_eval/flac/LA_E_4948924.flac,0
/data/DATASETS/ASV_Spoof_2019_LA/ASVspoof2019_LA_eval/flac/LA_E_5334042.flac,0
/data/DATASETS/ASV_Spoof_2019_LA/ASVspoof2019_LA_train/flac/LA_T_7504201.flac,0
/data/DATASETS/ASV_Spoof_2019_LA/ASVspoof2019_LA_train/flac/LA_T_3228820.flac,0
/data/DATASETS/ASV_Spoof_2019_LA/ASVspoof2019_LA_dev/flac/LA_D_6972066.flac,0
/data/DATASETS/ASV_Spoof_2019_LA/ASVspoof2019_LA_train/flac/LA_T_3643681.flac,0
/data/DATASETS/ASV_Spoof_2019_LA/ASVspoof2019_LA_eval/flac/LA_E_1917255.flac,0
/data/DATASETS/ASV_Spoof_2019_LA/ASVspoof2019_LA_eval/flac/LA_E_5565580.flac,0
/data/DATASETS/ASV_Spoof_2019_LA/ASVspoof2019_LA_eval/flac/LA_E_6929930.flac,0
/data/DATASETS/ASV_Spoof_2019_LA/ASVspoof2019_LA_train/flac/LA_T_6450026.flac,0
/data/DATASETS/ASV_Spoof_2019_LA/ASVspoof2019_LA_train/flac/LA_T_7182909.flac,0
/data/DATASETS/ASV_Spoof_2019_LA/ASVspoof2019_LA_eval/flac/LA_E_3366977.flac,0
/data/DATASETS/ASV_Spoof_2019_LA/ASVspoof2019_LA_train/flac/LA_T_1267917.flac,0
/data/DATASETS/ASV_Spoof_2019_LA/ASVspoof2019_LA_eval/flac/LA_E_2723580.flac,0
/data/DATASETS/ASV_Spoof_2019_LA/ASVspoof2019_LA_eval/flac/LA_E_6374390.flac,0
/data/DATASETS/ASV_Spoof_2019_LA/ASVspoof2019_LA_eval/flac/LA_E_6066046.flac,0
/data/DATASETS/ASV_Spoof_2019_LA/ASVspoof2019_LA_dev/flac/LA_D_1336215.flac,0
/data/DATASETS/ASV_Spoof_2019_LA/ASVspoof2019_LA_eval/flac/LA_E_8881352.flac,0
/data/DATASETS/ASV_Spoof_2019_LA/ASVspoof2019_LA_eval/flac/LA_E_1116303.flac,0
/data/DATASETS/ASV_Spoof_2019_LA/ASVspoof2019_LA_eval/flac/LA_E_5296804.flac,0
/data/DATASETS/ASV_Spoof_2019_LA/ASVspoof2019_LA_eval/flac/LA_E_3187595.flac,0
/data/DATASETS/ASV_Spoof_2019_LA/ASVspoof2019_LA_eval/flac/LA_E_5397614.flac,0
/data/DATASETS/ASV_Spoof_2019_LA/ASVspoof2019_LA_train/flac/LA_T_6144753.flac,0
/data/DATASETS/ASV_Spoof_2019_LA/ASVspoof2019_LA_eval/flac/LA_E_9755190.flac,0
/data/DATASETS/ASV_Spoof_2019_LA/ASVspoof2019_LA_eval/flac/LA_E_2748855.flac,0
/data/DATASETS/ASV_Spoof_2019_LA/ASVspoof2019_LA_dev/flac/LA_D_7984329.flac,0
/data/DATASETS/ASV_Spoof_2019_LA/ASVspoof2019_LA_train/flac/LA_T_8781605.flac,0
/data/DATASETS/ASV_Spoof_2019_LA/ASVspoof2019_LA_eval/flac/LA_E_5551913.flac,0
/data/DATASETS/ASV_Spoof_2019_LA/ASVspoof2019_LA_eval/flac/LA_E_8250912.flac,0
/data/DATASETS/ASV_Spoof_2019_LA/ASVspoof2019_LA_eval/flac/LA_E_1494810.flac,0
/data/DATASETS/ASV_Spoof_2019_LA/ASVspoof2019_LA_dev/flac/LA_D_3623206.flac,0
/data/DATASETS/ASV_Spoof_2019_LA/ASVspoof2019_LA_eval/flac/LA_E_4201069.flac,0
/data/DATASETS/ASV_Spoof_2019_LA/ASVspoof2019_LA_train/flac/LA_T_1160090.flac,0
/data/DATASETS/ASV_Spoof_2019_LA/ASVspoof2019_LA_train/flac/LA_T_8435948.flac,0
/data/DATASETS/ASV_Spoof_2019_LA/ASVspoof2019_LA_dev/flac/LA_D_1091602.flac,0
/data/DATASETS/ASV_Spoof_2019_LA/ASVspoof2019_LA_eval/flac/LA_E_2841097.flac,0
/data/DATASETS/ASV_Spoof_2019_LA/ASVspoof2019_LA_eval/flac/LA_E_8555692.flac,0
/data/DATASETS/ASV_Spoof_2019_LA/ASVspoof2019_LA_dev/flac/LA_D_6920717.flac,0
/data/DATASETS/ASV_Spoof_2019_LA/ASVspoof2019_LA_eval/flac/LA_E_1357326.flac,0
/data/DATASETS/ASV_Spoof_2019_LA/ASVspoof2019_LA_eval/flac/LA_E_7306091.flac,0
/data/DATASETS/ASV_Spoof_2019_LA/ASVspoof2019_LA_eval/flac/LA_E_7804616.flac,0
/data/DATASETS/ASV_Spoof_2019_LA/ASVspoof2019_LA_train/flac/LA_T_2272655.flac,0
/data/DATASETS/ASV_Spoof_2019_LA/ASVspoof2019_LA_eval/flac/LA_E_7470257.flac,0
/data/DATASETS/ASV_Spoof_2019_LA/ASVspoof2019_LA_train/flac/LA_T_7629056.flac,0
/data/DATASETS/ASV_Spoof_2019_LA/ASVspoof2019_LA_dev/flac/LA_D_9568749.flac,0
/data/DATASETS/ASV_Spoof_2019_LA/ASVspoof2019_LA_train/flac/LA_T_6060006.flac,0
/data/DATASETS/ASV_Spoof_2019_LA/ASVspoof2019_LA_train/flac/LA_T_4098639.flac,0
/data/DATASETS/ASV_Spoof_2019_LA/ASVspoof2019_LA_dev/flac/LA_D_7123406.flac,0
/data/DATASETS/ASV_Spoof_2019_LA/ASVspoof2019_LA_dev/flac/LA_D_4942819.flac,0
/data/DATASETS/ASV_Spoof_2019_LA/ASVspoof2019_LA_eval/flac/LA_E_7643321.flac,0
/data/DATASETS/ASV_Spoof_2019_LA/ASVspoof2019_LA_train/flac/LA_T_1731260.flac,0
/data/DATASETS/ASV_Spoof_2019_LA/ASVspoof2019_LA_dev/flac/LA_D_7252855.flac,0
/data/DATASETS/ASV_Spoof_2019_LA/ASVspoof2019_LA_eval/flac/LA_E_5954622.flac,0
/data/DATASETS/ASV_Spoof_2019_LA/ASVspoof2019_LA_dev/flac/LA_D_9423080.flac,0
/data/DATASETS/ASV_Spoof_2019_LA/ASVspoof2019_LA_train/flac/LA_T_2366817.flac,0
/data/DATASETS/ASV_Spoof_2019_LA/ASVspoof2019_LA_eval/flac/LA_E_3579281.flac,0
/data/DATASETS/ASV_Spoof_2019_LA/ASVspoof2019_LA_train/flac/LA_T_6442486.flac,0
/data/DATASETS/ASV_Spoof_2019_LA/ASVspoof2019_LA_eval/flac/LA_E_7880375.flac,0
/data/DATASETS/ASV_Spoof_2019_LA/ASVspoof2019_LA_train/flac/LA_T_3593688.flac,0
/data/DATASETS/ASV_Spoof_2019_LA/ASVspoof2019_LA_dev/flac/LA_D_8138324.flac,0
/data/DATASETS/ASV_Spoof_2019_LA/ASVspoof2019_LA_eval/flac/LA_E_7307487.flac,0
/data/DATASETS/ASV_Spoof_2019_LA/ASVspoof2019_LA_train/flac/LA_T_5525305.flac,0
/data/DATASETS/ASV_Spoof_2019_LA/ASVspoof2019_LA_dev/flac/LA_D_4667936.flac,0
/data/DATASETS/ASV_Spoof_2019_LA/ASVspoof2019_LA_eval/flac/LA_E_8393035.flac,0
/data/DATASETS/ASV_Spoof_2019_LA/ASVspoof2019_LA_eval/flac/LA_E_4160576.flac,0
/data/DATASETS/ASV_Spoof_2019_LA/ASVspoof2019_LA_eval/flac/LA_E_8009839.flac,0
/data/DATASETS/ASV_Spoof_2019_LA/ASVspoof2019_LA_eval/flac/LA_E_2568277.flac,0
/data/DATASETS/ASV_Spoof_2019_LA/ASVspoof2019_LA_eval/flac/LA_E_7445981.flac,0
/data/DATASETS/ASV_Spoof_2019_LA/ASVspoof2019_LA_dev/flac/LA_D_7433591.flac,0
/data/DATASETS/ASV_Spoof_2019_LA/ASVspoof2019_LA_eval/flac/LA_E_2594175.flac,0
/data/DATASETS/ASV_Spoof_2019_LA/ASVspoof2019_LA_train/flac/LA_T_6688041.flac,0
/data/DATASETS/ASV_Spoof_2019_LA/ASVspoof2019_LA_eval/flac/LA_E_2205883.flac,0
/data/DATASETS/ASV_Spoof_2019_LA/ASVspoof2019_LA_train/flac/LA_T_1636151.flac,0
/data/DATASETS/ASV_Spoof_2019_LA/ASVspoof2019_LA_dev/flac/LA_D_2791787.flac,0
/data/DATASETS/ASV_Spoof_2019_LA/ASVspoof2019_LA_dev/flac/LA_D_7874275.flac,0
/data/DATASETS/ASV_Spoof_2019_LA/ASVspoof2019_LA_eval/flac/LA_E_8598615.flac,0
/data/DATASETS/ASV_Spoof_2019_LA/ASVspoof2019_LA_eval/flac/LA_E_5633984.flac,0
/data/DATASETS/ASV_Spoof_2019_LA/ASVspoof2019_LA_eval/flac/LA_E_9688311.flac,0
/data/DATASETS/ASV_Spoof_2019_LA/ASVspoof2019_LA_eval/flac/LA_E_7188436.flac,0
/data/DATASETS/ASV_Spoof_2019_LA/ASVspoof2019_LA_eval/flac/LA_E_5488695.flac,0
/data/DATASETS/ASV_Spoof_2019_LA/ASVspoof2019_LA_eval/flac/LA_E_2146170.flac,0
/data/DATASETS/ASV_Spoof_2019_LA/ASVspoof2019_LA_dev/flac/LA_D_7494873.flac,0
/data/DATASETS/ASV_Spoof_2019_LA/ASVspoof2019_LA_dev/flac/LA_D_4392708.flac,0
/data/DATASETS/ASV_Spoof_2019_LA/ASVspoof2019_LA_eval/flac/LA_E_8829965.flac,0
/data/DATASETS/ASV_Spoof_2019_LA/ASVspoof2019_LA_train/flac/LA_T_2901163.flac,0
/data/DATASETS/ASV_Spoof_2019_LA/ASVspoof2019_LA_eval/flac/LA_E_9221051.flac,0
/data/DATASETS/ASV_Spoof_2019_LA/ASVspoof2019_LA_eval/flac/LA_E_2703077.flac,0
/data/DATASETS/ASV_Spoof_2019_LA/ASVspoof2019_LA_dev/flac/LA_D_3443703.flac,0
/data/DATASETS/ASV_Spoof_2019_LA/ASVspoof2019_LA_eval/flac/LA_E_9347318.flac,0
/data/DATASETS/ASV_Spoof_2019_LA/ASVspoof2019_LA_eval/flac/LA_E_5793887.flac,0
/data/DATASETS/ASV_Spoof_2019_LA/ASVspoof2019_LA_eval/flac/LA_E_4819766.flac,0
/data/DATASETS/ASV_Spoof_2019_LA/ASVspoof2019_LA_eval/flac/LA_E_3572990.flac,0
/data/DATASETS/ASV_Spoof_2019_LA/ASVspoof2019_LA_eval/flac/LA_E_8953264.flac,0
/data/DATASETS/ASV_Spoof_2019_LA/ASVspoof2019_LA_eval/flac/LA_E_3754241.flac,0
/data/DATASETS/ASV_Spoof_2019_LA/ASVspoof2019_LA_train/flac/LA_T_6435392.flac,0
/data/DATASETS/ASV_Spoof_2019_LA/ASVspoof2019_LA_dev/flac/LA_D_7948554.flac,0
/data/DATASETS/ASV_Spoof_2019_LA/ASVspoof2019_LA_dev/flac/LA_D_7016331.flac,0
/data/DATASETS/ASV_Spoof_2019_LA/ASVspoof2019_LA_eval/flac/LA_E_1005795.flac,0
/data/DATASETS/ASV_Spoof_2019_LA/ASVspoof2019_LA_train/flac/LA_T_6093991.flac,0
/data/DATASETS/ASV_Spoof_2019_LA/ASVspoof2019_LA_train/flac/LA_T_8562513.flac,0
/data/DATASETS/ASV_Spoof_2019_LA/ASVspoof2019_LA_train/flac/LA_T_1873366.flac,0
/data/DATASETS/ASV_Spoof_2019_LA/ASVspoof2019_LA_train/flac/LA_T_1931571.flac,0
/data/DATASETS/ASV_Spoof_2019_LA/ASVspoof2019_LA_eval/flac/LA_E_9493941.flac,0
/data/DATASETS/ASV_Spoof_2019_LA/ASVspoof2019_LA_eval/flac/LA_E_2447379.flac,0
/data/DATASETS/ASV_Spoof_2019_LA/ASVspoof2019_LA_eval/flac/LA_E_5504758.flac,0
/data/DATASETS/ASV_Spoof_2019_LA/ASVspoof2019_LA_eval/flac/LA_E_2801235.flac,0
/data/DATASETS/ASV_Spoof_2019_LA/ASVspoof2019_LA_eval/flac/LA_E_1244723.flac,0
/data/DATASETS/ASV_Spoof_2019_LA/ASVspoof2019_LA_eval/flac/LA_E_3351742.flac,0
/data/DATASETS/ASV_Spoof_2019_LA/ASVspoof2019_LA_eval/flac/LA_E_6891052.flac,0
/data/DATASETS/ASV_Spoof_2019_LA/ASVspoof2019_LA_dev/flac/LA_D_8274833.flac,0
/data/DATASETS/ASV_Spoof_2019_LA/ASVspoof2019_LA_eval/flac/LA_E_1685623.flac,0
/data/DATASETS/ASV_Spoof_2019_LA/ASVspoof2019_LA_train/flac/LA_T_5616380.flac,0
/data/DATASETS/ASV_Spoof_2019_LA/ASVspoof2019_LA_eval/flac/LA_E_2395213.flac,0
/data/DATASETS/ASV_Spoof_2019_LA/ASVspoof2019_LA_eval/flac/LA_E_9014277.flac,0
/data/DATASETS/ASV_Spoof_2019_LA/ASVspoof2019_LA_eval/flac/LA_E_7574679.flac,0
/data/DATASETS/ASV_Spoof_2019_LA/ASVspoof2019_LA_eval/flac/LA_E_8031806.flac,0
/data/DATASETS/ASV_Spoof_2019_LA/ASVspoof2019_LA_eval/flac/LA_E_8398310.flac,0
/data/DATASETS/ASV_Spoof_2019_LA/ASVspoof2019_LA_eval/flac/LA_E_8848495.flac,0
/data/DATASETS/ASV_Spoof_2019_LA/ASVspoof2019_LA_dev/flac/LA_D_4928049.flac,0
/data/DATASETS/ASV_Spoof_2019_LA/ASVspoof2019_LA_eval/flac/LA_E_2988907.flac,0
/data/DATASETS/ASV_Spoof_2019_LA/ASVspoof2019_LA_train/flac/LA_T_2614843.flac,0
/data/DATASETS/ASV_Spoof_2019_LA/ASVspoof2019_LA_eval/flac/LA_E_7731814.flac,0
/data/DATASETS/ASV_Spoof_2019_LA/ASVspoof2019_LA_dev/flac/LA_D_2916024.flac,0
/data/DATASETS/ASV_Spoof_2019_LA/ASVspoof2019_LA_train/flac/LA_T_2065195.flac,0
/data/DATASETS/ASV_Spoof_2019_LA/ASVspoof2019_LA_eval/flac/LA_E_8626389.flac,0
/data/DATASETS/ASV_Spoof_2019_LA/ASVspoof2019_LA_dev/flac/LA_D_9039818.flac,0
/data/DATASETS/ASV_Spoof_2019_LA/ASVspoof2019_LA_train/flac/LA_T_6741908.flac,0
/data/DATASETS/ASV_Spoof_2019_LA/ASVspoof2019_LA_eval/flac/LA_E_8216978.flac,0
/data/DATASETS/ASV_Spoof_2019_LA/ASVspoof2019_LA_eval/flac/LA_E_8300448.flac,0
/data/DATASETS/ASV_Spoof_2019_LA/ASVspoof2019_LA_eval/flac/LA_E_5267373.flac,0
/data/DATASETS/ASV_Spoof_2019_LA/ASVspoof2019_LA_train/flac/LA_T_3026599.flac,0
/data/DATASETS/ASV_Spoof_2019_LA/ASVspoof2019_LA_train/flac/LA_T_1882969.flac,0
/data/DATASETS/ASV_Spoof_2019_LA/ASVspoof2019_LA_eval/flac/LA_E_1751798.flac,0
/data/DATASETS/ASV_Spoof_2019_LA/ASVspoof2019_LA_eval/flac/LA_E_2385456.flac,0
/data/DATASETS/ASV_Spoof_2019_LA/ASVspoof2019_LA_dev/flac/LA_D_4834228.flac,0
/data/DATASETS/ASV_Spoof_2019_LA/ASVspoof2019_LA_dev/flac/LA_D_7783712.flac,0
/data/DATASETS/ASV_Spoof_2019_LA/ASVspoof2019_LA_eval/flac/LA_E_8530507.flac,0
/data/DATASETS/ASV_Spoof_2019_LA/ASVspoof2019_LA_dev/flac/LA_D_6068075.flac,0
/data/DATASETS/ASV_Spoof_2019_LA/ASVspoof2019_LA_dev/flac/LA_D_9561057.flac,0
/data/DATASETS/ASV_Spoof_2019_LA/ASVspoof2019_LA_eval/flac/LA_E_3609940.flac,0
/data/DATASETS/ASV_Spoof_2019_LA/ASVspoof2019_LA_dev/flac/LA_D_2146246.flac,0
/data/DATASETS/ASV_Spoof_2019_LA/ASVspoof2019_LA_dev/flac/LA_D_6397937.flac,0
/data/DATASETS/ASV_Spoof_2019_LA/ASVspoof2019_LA_eval/flac/LA_E_6482354.flac,0
/data/DATASETS/ASV_Spoof_2019_LA/ASVspoof2019_LA_dev/flac/LA_D_5925557.flac,0
/data/DATASETS/ASV_Spoof_2019_LA/ASVspoof2019_LA_eval/flac/LA_E_9879743.flac,0
/data/DATASETS/ASV_Spoof_2019_LA/ASVspoof2019_LA_train/flac/LA_T_8275432.flac,0
/data/DATASETS/ASV_Spoof_2019_LA/ASVspoof2019_LA_eval/flac/LA_E_7256649.flac,0
/data/DATASETS/ASV_Spoof_2019_LA/ASVspoof2019_LA_eval/flac/LA_E_8485268.flac,0
/data/DATASETS/ASV_Spoof_2019_LA/ASVspoof2019_LA_eval/flac/LA_E_8780388.flac,0
/data/DATASETS/ASV_Spoof_2019_LA/ASVspoof2019_LA_dev/flac/LA_D_6189237.flac,0
/data/DATASETS/ASV_Spoof_2019_LA/ASVspoof2019_LA_train/flac/LA_T_5187822.flac,0
/data/DATASETS/ASV_Spoof_2019_LA/ASVspoof2019_LA_eval/flac/LA_E_6255286.flac,0
/data/DATASETS/ASV_Spoof_2019_LA/ASVspoof2019_LA_train/flac/LA_T_1501005.flac,0
/data/DATASETS/ASV_Spoof_2019_LA/ASVspoof2019_LA_train/flac/LA_T_6458679.flac,0
/data/DATASETS/ASV_Spoof_2019_LA/ASVspoof2019_LA_dev/flac/LA_D_5838540.flac,0
/data/DATASETS/ASV_Spoof_2019_LA/ASVspoof2019_LA_eval/flac/LA_E_9305857.flac,0
/data/DATASETS/ASV_Spoof_2019_LA/ASVspoof2019_LA_eval/flac/LA_E_9166892.flac,0
/data/DATASETS/ASV_Spoof_2019_LA/ASVspoof2019_LA_eval/flac/LA_E_6326072.flac,0
/data/DATASETS/ASV_Spoof_2019_LA/ASVspoof2019_LA_train/flac/LA_T_1410416.flac,0
/data/DATASETS/ASV_Spoof_2019_LA/ASVspoof2019_LA_train/flac/LA_T_8147818.flac,0
/data/DATASETS/ASV_Spoof_2019_LA/ASVspoof2019_LA_eval/flac/LA_E_9544869.flac,0
/data/DATASETS/ASV_Spoof_2019_LA/ASVspoof2019_LA_eval/flac/LA_E_9506630.flac,0
/data/DATASETS/ASV_Spoof_2019_LA/ASVspoof2019_LA_eval/flac/LA_E_2331552.flac,0
/data/DATASETS/ASV_Spoof_2019_LA/ASVspoof2019_LA_eval/flac/LA_E_6609508.flac,0
/data/DATASETS/ASV_Spoof_2019_LA/ASVspoof2019_LA_eval/flac/LA_E_9915957.flac,0
/data/DATASETS/ASV_Spoof_2019_LA/ASVspoof2019_LA_train/flac/LA_T_3964315.flac,0
/data/DATASETS/ASV_Spoof_2019_LA/ASVspoof2019_LA_train/flac/LA_T_9863654.flac,0
/data/DATASETS/ASV_Spoof_2019_LA/ASVspoof2019_LA_eval/flac/LA_E_8261559.flac,0
/data/DATASETS/ASV_Spoof_2019_LA/ASVspoof2019_LA_train/flac/LA_T_5058278.flac,0
/data/DATASETS/ASV_Spoof_2019_LA/ASVspoof2019_LA_eval/flac/LA_E_1970389.flac,0
/data/DATASETS/ASV_Spoof_2019_LA/ASVspoof2019_LA_eval/flac/LA_E_2295988.flac,0
/data/DATASETS/ASV_Spoof_2019_LA/ASVspoof2019_LA_eval/flac/LA_E_6181214.flac,0
/data/DATASETS/ASV_Spoof_2019_LA/ASVspoof2019_LA_train/flac/LA_T_7698485.flac,0
/data/DATASETS/ASV_Spoof_2019_LA/ASVspoof2019_LA_dev/flac/LA_D_1859048.flac,0
/data/DATASETS/ASV_Spoof_2019_LA/ASVspoof2019_LA_train/flac/LA_T_8448396.flac,0
/data/DATASETS/ASV_Spoof_2019_LA/ASVspoof2019_LA_dev/flac/LA_D_9338180.flac,0
/data/DATASETS/ASV_Spoof_2019_LA/ASVspoof2019_LA_dev/flac/LA_D_4935874.flac,0
/data/DATASETS/ASV_Spoof_2019_LA/ASVspoof2019_LA_eval/flac/LA_E_9757127.flac,0
/data/DATASETS/ASV_Spoof_2019_LA/ASVspoof2019_LA_train/flac/LA_T_7358237.flac,0
/data/DATASETS/ASV_Spoof_2019_LA/ASVspoof2019_LA_eval/flac/LA_E_9063014.flac,0
/data/DATASETS/ASV_Spoof_2019_LA/ASVspoof2019_LA_eval/flac/LA_E_9170088.flac,0
/data/DATASETS/ASV_Spoof_2019_LA/ASVspoof2019_LA_train/flac/LA_T_3220828.flac,0
/data/DATASETS/ASV_Spoof_2019_LA/ASVspoof2019_LA_dev/flac/LA_D_1716988.flac,0
/data/DATASETS/ASV_Spoof_2019_LA/ASVspoof2019_LA_train/flac/LA_T_9396899.flac,0
/data/DATASETS/ASV_Spoof_2019_LA/ASVspoof2019_LA_eval/flac/LA_E_7324017.flac,0
/data/DATASETS/ASV_Spoof_2019_LA/ASVspoof2019_LA_eval/flac/LA_E_8042308.flac,0
/data/DATASETS/ASV_Spoof_2019_LA/ASVspoof2019_LA_dev/flac/LA_D_1861265.flac,0
/data/DATASETS/ASV_Spoof_2019_LA/ASVspoof2019_LA_eval/flac/LA_E_7029539.flac,0
/data/DATASETS/ASV_Spoof_2019_LA/ASVspoof2019_LA_dev/flac/LA_D_6679303.flac,0
/data/DATASETS/ASV_Spoof_2019_LA/ASVspoof2019_LA_dev/flac/LA_D_8037199.flac,0
/data/DATASETS/ASV_Spoof_2019_LA/ASVspoof2019_LA_dev/flac/LA_D_2866947.flac,0
/data/DATASETS/ASV_Spoof_2019_LA/ASVspoof2019_LA_dev/flac/LA_D_9560424.flac,0
/data/DATASETS/ASV_Spoof_2019_LA/ASVspoof2019_LA_dev/flac/LA_D_7164376.flac,0
/data/DATASETS/ASV_Spoof_2019_LA/ASVspoof2019_LA_eval/flac/LA_E_8995638.flac,0
/data/DATASETS/ASV_Spoof_2019_LA/ASVspoof2019_LA_eval/flac/LA_E_8898431.flac,0
/data/DATASETS/ASV_Spoof_2019_LA/ASVspoof2019_LA_dev/flac/LA_D_7021117.flac,0
/data/DATASETS/ASV_Spoof_2019_LA/ASVspoof2019_LA_train/flac/LA_T_7122854.flac,0
/data/DATASETS/ASV_Spoof_2019_LA/ASVspoof2019_LA_eval/flac/LA_E_4439959.flac,0
/data/DATASETS/ASV_Spoof_2019_LA/ASVspoof2019_LA_eval/flac/LA_E_2315971.flac,0
/data/DATASETS/ASV_Spoof_2019_LA/ASVspoof2019_LA_eval/flac/LA_E_4238448.flac,0
/data/DATASETS/ASV_Spoof_2019_LA/ASVspoof2019_LA_dev/flac/LA_D_4981154.flac,0
/data/DATASETS/ASV_Spoof_2019_LA/ASVspoof2019_LA_eval/flac/LA_E_5224496.flac,0
/data/DATASETS/ASV_Spoof_2019_LA/ASVspoof2019_LA_eval/flac/LA_E_1758215.flac,0
/data/DATASETS/ASV_Spoof_2019_LA/ASVspoof2019_LA_eval/flac/LA_E_6337357.flac,0
/data/DATASETS/ASV_Spoof_2019_LA/ASVspoof2019_LA_dev/flac/LA_D_4606442.flac,0
/data/DATASETS/ASV_Spoof_2019_LA/ASVspoof2019_LA_eval/flac/LA_E_3345686.flac,0
/data/DATASETS/ASV_Spoof_2019_LA/ASVspoof2019_LA_train/flac/LA_T_5518956.flac,0
/data/DATASETS/ASV_Spoof_2019_LA/ASVspoof2019_LA_eval/flac/LA_E_4626652.flac,0
/data/DATASETS/ASV_Spoof_2019_LA/ASVspoof2019_LA_train/flac/LA_T_2927811.flac,0
/data/DATASETS/ASV_Spoof_2019_LA/ASVspoof2019_LA_eval/flac/LA_E_2048892.flac,0
/data/DATASETS/ASV_Spoof_2019_LA/ASVspoof2019_LA_eval/flac/LA_E_1804143.flac,0
/data/DATASETS/ASV_Spoof_2019_LA/ASVspoof2019_LA_train/flac/LA_T_2407071.flac,0
/data/DATASETS/ASV_Spoof_2019_LA/ASVspoof2019_LA_eval/flac/LA_E_1392000.flac,0
/data/DATASETS/ASV_Spoof_2019_LA/ASVspoof2019_LA_dev/flac/LA_D_4807096.flac,0
/data/DATASETS/ASV_Spoof_2019_LA/ASVspoof2019_LA_eval/flac/LA_E_6319722.flac,0
/data/DATASETS/ASV_Spoof_2019_LA/ASVspoof2019_LA_train/flac/LA_T_5535130.flac,0
/data/DATASETS/ASV_Spoof_2019_LA/ASVspoof2019_LA_eval/flac/LA_E_3017534.flac,0
/data/DATASETS/ASV_Spoof_2019_LA/ASVspoof2019_LA_train/flac/LA_T_8322635.flac,0
/data/DATASETS/ASV_Spoof_2019_LA/ASVspoof2019_LA_eval/flac/LA_E_2742375.flac,0
/data/DATASETS/ASV_Spoof_2019_LA/ASVspoof2019_LA_train/flac/LA_T_1639691.flac,0
/data/DATASETS/ASV_Spoof_2019_LA/ASVspoof2019_LA_train/flac/LA_T_3331468.flac,0
/data/DATASETS/ASV_Spoof_2019_LA/ASVspoof2019_LA_dev/flac/LA_D_6836003.flac,0
/data/DATASETS/ASV_Spoof_2019_LA/ASVspoof2019_LA_eval/flac/LA_E_7471680.flac,0
/data/DATASETS/ASV_Spoof_2019_LA/ASVspoof2019_LA_train/flac/LA_T_8342357.flac,0
/data/DATASETS/ASV_Spoof_2019_LA/ASVspoof2019_LA_train/flac/LA_T_1592972.flac,0
/data/DATASETS/ASV_Spoof_2019_LA/ASVspoof2019_LA_eval/flac/LA_E_7304633.flac,0
/data/DATASETS/ASV_Spoof_2019_LA/ASVspoof2019_LA_train/flac/LA_T_7416513.flac,0
/data/DATASETS/ASV_Spoof_2019_LA/ASVspoof2019_LA_eval/flac/LA_E_3581006.flac,0
/data/DATASETS/ASV_Spoof_2019_LA/ASVspoof2019_LA_eval/flac/LA_E_6890302.flac,0
/data/DATASETS/ASV_Spoof_2019_LA/ASVspoof2019_LA_eval/flac/LA_E_8219414.flac,0
/data/DATASETS/ASV_Spoof_2019_LA/ASVspoof2019_LA_dev/flac/LA_D_1258927.flac,0
/data/DATASETS/ASV_Spoof_2019_LA/ASVspoof2019_LA_eval/flac/LA_E_1770555.flac,0
/data/DATASETS/ASV_Spoof_2019_LA/ASVspoof2019_LA_dev/flac/LA_D_5107120.flac,0
/data/DATASETS/ASV_Spoof_2019_LA/ASVspoof2019_LA_eval/flac/LA_E_5191393.flac,0
/data/DATASETS/ASV_Spoof_2019_LA/ASVspoof2019_LA_eval/flac/LA_E_4362251.flac,0
/data/DATASETS/ASV_Spoof_2019_LA/ASVspoof2019_LA_dev/flac/LA_D_6262512.flac,0
/data/DATASETS/ASV_Spoof_2019_LA/ASVspoof2019_LA_eval/flac/LA_E_1447036.flac,0
/data/DATASETS/ASV_Spoof_2019_LA/ASVspoof2019_LA_train/flac/LA_T_4901591.flac,0
/data/DATASETS/ASV_Spoof_2019_LA/ASVspoof2019_LA_dev/flac/LA_D_4599043.flac,0
/data/DATASETS/ASV_Spoof_2019_LA/ASVspoof2019_LA_train/flac/LA_T_6795804.flac,0
/data/DATASETS/ASV_Spoof_2019_LA/ASVspoof2019_LA_train/flac/LA_T_2520083.flac,0
/data/DATASETS/ASV_Spoof_2019_LA/ASVspoof2019_LA_eval/flac/LA_E_6430997.flac,0
/data/DATASETS/ASV_Spoof_2019_LA/ASVspoof2019_LA_train/flac/LA_T_5297168.flac,0
/data/DATASETS/ASV_Spoof_2019_LA/ASVspoof2019_LA_eval/flac/LA_E_2973818.flac,0
/data/DATASETS/ASV_Spoof_2019_LA/ASVspoof2019_LA_eval/flac/LA_E_6226411.flac,0
/data/DATASETS/ASV_Spoof_2019_LA/ASVspoof2019_LA_eval/flac/LA_E_3887406.flac,0
/data/DATASETS/ASV_Spoof_2019_LA/ASVspoof2019_LA_train/flac/LA_T_9341221.flac,0
/data/DATASETS/ASV_Spoof_2019_LA/ASVspoof2019_LA_eval/flac/LA_E_2462935.flac,0
/data/DATASETS/ASV_Spoof_2019_LA/ASVspoof2019_LA_eval/flac/LA_E_4791175.flac,0
/data/DATASETS/ASV_Spoof_2019_LA/ASVspoof2019_LA_eval/flac/LA_E_7227174.flac,0
/data/DATASETS/ASV_Spoof_2019_LA/ASVspoof2019_LA_eval/flac/LA_E_5080272.flac,0
/data/DATASETS/ASV_Spoof_2019_LA/ASVspoof2019_LA_eval/flac/LA_E_2907615.flac,0
/data/DATASETS/ASV_Spoof_2019_LA/ASVspoof2019_LA_eval/flac/LA_E_1026533.flac,0
/data/DATASETS/ASV_Spoof_2019_LA/ASVspoof2019_LA_dev/flac/LA_D_4274975.flac,0
/data/DATASETS/ASV_Spoof_2019_LA/ASVspoof2019_LA_dev/flac/LA_D_5075029.flac,0
/data/DATASETS/ASV_Spoof_2019_LA/ASVspoof2019_LA_eval/flac/LA_E_3708171.flac,0
/data/DATASETS/ASV_Spoof_2019_LA/ASVspoof2019_LA_eval/flac/LA_E_4231542.flac,0
/data/DATASETS/ASV_Spoof_2019_LA/ASVspoof2019_LA_train/flac/LA_T_2305882.flac,0
/data/DATASETS/ASV_Spoof_2019_LA/ASVspoof2019_LA_eval/flac/LA_E_6512887.flac,0
/data/DATASETS/ASV_Spoof_2019_LA/ASVspoof2019_LA_eval/flac/LA_E_7543874.flac,0
/data/DATASETS/ASV_Spoof_2019_LA/ASVspoof2019_LA_eval/flac/LA_E_7789337.flac,0
/data/DATASETS/ASV_Spoof_2019_LA/ASVspoof2019_LA_eval/flac/LA_E_2588004.flac,0
/data/DATASETS/ASV_Spoof_2019_LA/ASVspoof2019_LA_train/flac/LA_T_9181464.flac,0
/data/DATASETS/ASV_Spoof_2019_LA/ASVspoof2019_LA_dev/flac/LA_D_9953476.flac,0
/data/DATASETS/ASV_Spoof_2019_LA/ASVspoof2019_LA_eval/flac/LA_E_8145919.flac,0
/data/DATASETS/ASV_Spoof_2019_LA/ASVspoof2019_LA_eval/flac/LA_E_5200158.flac,0
/data/DATASETS/ASV_Spoof_2019_LA/ASVspoof2019_LA_dev/flac/LA_D_5463411.flac,0
/data/DATASETS/ASV_Spoof_2019_LA/ASVspoof2019_LA_eval/flac/LA_E_3283593.flac,0
/data/DATASETS/ASV_Spoof_2019_LA/ASVspoof2019_LA_eval/flac/LA_E_6137569.flac,0
/data/DATASETS/ASV_Spoof_2019_LA/ASVspoof2019_LA_eval/flac/LA_E_7498024.flac,0
/data/DATASETS/ASV_Spoof_2019_LA/ASVspoof2019_LA_eval/flac/LA_E_8041591.flac,0
/data/DATASETS/ASV_Spoof_2019_LA/ASVspoof2019_LA_eval/flac/LA_E_4173552.flac,0
/data/DATASETS/ASV_Spoof_2019_LA/ASVspoof2019_LA_eval/flac/LA_E_1957834.flac,0
/data/DATASETS/ASV_Spoof_2019_LA/ASVspoof2019_LA_eval/flac/LA_E_4142928.flac,0
/data/DATASETS/ASV_Spoof_2019_LA/ASVspoof2019_LA_train/flac/LA_T_4179989.flac,0
/data/DATASETS/ASV_Spoof_2019_LA/ASVspoof2019_LA_dev/flac/LA_D_3727888.flac,0
/data/DATASETS/ASV_Spoof_2019_LA/ASVspoof2019_LA_train/flac/LA_T_4090060.flac,0
/data/DATASETS/ASV_Spoof_2019_LA/ASVspoof2019_LA_train/flac/LA_T_8428155.flac,0
/data/DATASETS/ASV_Spoof_2019_LA/ASVspoof2019_LA_eval/flac/LA_E_3526002.flac,0
/data/DATASETS/ASV_Spoof_2019_LA/ASVspoof2019_LA_eval/flac/LA_E_1349899.flac,0
/data/DATASETS/ASV_Spoof_2019_LA/ASVspoof2019_LA_eval/flac/LA_E_3876047.flac,0
/data/DATASETS/ASV_Spoof_2019_LA/ASVspoof2019_LA_eval/flac/LA_E_1400052.flac,0
/data/DATASETS/ASV_Spoof_2019_LA/ASVspoof2019_LA_eval/flac/LA_E_2360856.flac,0
/data/DATASETS/ASV_Spoof_2019_LA/ASVspoof2019_LA_dev/flac/LA_D_1943029.flac,0
/data/DATASETS/ASV_Spoof_2019_LA/ASVspoof2019_LA_eval/flac/LA_E_4708521.flac,0
/data/DATASETS/ASV_Spoof_2019_LA/ASVspoof2019_LA_eval/flac/LA_E_4973001.flac,0
/data/DATASETS/ASV_Spoof_2019_LA/ASVspoof2019_LA_train/flac/LA_T_5953323.flac,0
/data/DATASETS/ASV_Spoof_2019_LA/ASVspoof2019_LA_eval/flac/LA_E_5615790.flac,0
/data/DATASETS/ASV_Spoof_2019_LA/ASVspoof2019_LA_eval/flac/LA_E_5937732.flac,0
/data/DATASETS/ASV_Spoof_2019_LA/ASVspoof2019_LA_eval/flac/LA_E_3125225.flac,0
/data/DATASETS/ASV_Spoof_2019_LA/ASVspoof2019_LA_eval/flac/LA_E_1402185.flac,0
/data/DATASETS/ASV_Spoof_2019_LA/ASVspoof2019_LA_eval/flac/LA_E_1899216.flac,0
/data/DATASETS/ASV_Spoof_2019_LA/ASVspoof2019_LA_dev/flac/LA_D_7726114.flac,0
/data/DATASETS/ASV_Spoof_2019_LA/ASVspoof2019_LA_eval/flac/LA_E_9999993.flac,0
/data/DATASETS/ASV_Spoof_2019_LA/ASVspoof2019_LA_eval/flac/LA_E_7082447.flac,0
/data/DATASETS/ASV_Spoof_2019_LA/ASVspoof2019_LA_eval/flac/LA_E_4703231.flac,0
/data/DATASETS/ASV_Spoof_2019_LA/ASVspoof2019_LA_eval/flac/LA_E_5832356.flac,0
/data/DATASETS/ASV_Spoof_2019_LA/ASVspoof2019_LA_train/flac/LA_T_6474634.flac,0
/data/DATASETS/ASV_Spoof_2019_LA/ASVspoof2019_LA_dev/flac/LA_D_7045141.flac,0
/data/DATASETS/ASV_Spoof_2019_LA/ASVspoof2019_LA_eval/flac/LA_E_6477037.flac,0
/data/DATASETS/ASV_Spoof_2019_LA/ASVspoof2019_LA_eval/flac/LA_E_4127324.flac,0
/data/DATASETS/ASV_Spoof_2019_LA/ASVspoof2019_LA_dev/flac/LA_D_2407623.flac,0
/data/DATASETS/ASV_Spoof_2019_LA/ASVspoof2019_LA_train/flac/LA_T_4734861.flac,0
/data/DATASETS/ASV_Spoof_2019_LA/ASVspoof2019_LA_eval/flac/LA_E_3002135.flac,0
/data/DATASETS/ASV_Spoof_2019_LA/ASVspoof2019_LA_dev/flac/LA_D_6404877.flac,0
/data/DATASETS/ASV_Spoof_2019_LA/ASVspoof2019_LA_eval/flac/LA_E_3549405.flac,0
/data/DATASETS/ASV_Spoof_2019_LA/ASVspoof2019_LA_train/flac/LA_T_4060418.flac,0
/data/DATASETS/ASV_Spoof_2019_LA/ASVspoof2019_LA_eval/flac/LA_E_6052676.flac,0
/data/DATASETS/ASV_Spoof_2019_LA/ASVspoof2019_LA_dev/flac/LA_D_1060968.flac,0
/data/DATASETS/ASV_Spoof_2019_LA/ASVspoof2019_LA_dev/flac/LA_D_2954917.flac,0
/data/DATASETS/ASV_Spoof_2019_LA/ASVspoof2019_LA_train/flac/LA_T_3772667.flac,0
/data/DATASETS/ASV_Spoof_2019_LA/ASVspoof2019_LA_dev/flac/LA_D_1445468.flac,0
/data/DATASETS/ASV_Spoof_2019_LA/ASVspoof2019_LA_eval/flac/LA_E_6096798.flac,0
/data/DATASETS/ASV_Spoof_2019_LA/ASVspoof2019_LA_dev/flac/LA_D_4224972.flac,0
/data/DATASETS/ASV_Spoof_2019_LA/ASVspoof2019_LA_train/flac/LA_T_4118798.flac,0
/data/DATASETS/ASV_Spoof_2019_LA/ASVspoof2019_LA_dev/flac/LA_D_5606626.flac,0
/data/DATASETS/ASV_Spoof_2019_LA/ASVspoof2019_LA_eval/flac/LA_E_6188404.flac,0
/data/DATASETS/ASV_Spoof_2019_LA/ASVspoof2019_LA_train/flac/LA_T_2804125.flac,0
/data/DATASETS/ASV_Spoof_2019_LA/ASVspoof2019_LA_eval/flac/LA_E_5430809.flac,0
/data/DATASETS/ASV_Spoof_2019_LA/ASVspoof2019_LA_dev/flac/LA_D_1500993.flac,0
/data/DATASETS/ASV_Spoof_2019_LA/ASVspoof2019_LA_eval/flac/LA_E_3306427.flac,0
/data/DATASETS/ASV_Spoof_2019_LA/ASVspoof2019_LA_eval/flac/LA_E_1644908.flac,0
/data/DATASETS/ASV_Spoof_2019_LA/ASVspoof2019_LA_train/flac/LA_T_9392229.flac,0
/data/DATASETS/ASV_Spoof_2019_LA/ASVspoof2019_LA_eval/flac/LA_E_1729203.flac,0
/data/DATASETS/ASV_Spoof_2019_LA/ASVspoof2019_LA_dev/flac/LA_D_3981584.flac,0
/data/DATASETS/ASV_Spoof_2019_LA/ASVspoof2019_LA_eval/flac/LA_E_6937590.flac,0
/data/DATASETS/ASV_Spoof_2019_LA/ASVspoof2019_LA_dev/flac/LA_D_7360454.flac,0
/data/DATASETS/ASV_Spoof_2019_LA/ASVspoof2019_LA_train/flac/LA_T_2547007.flac,0
/data/DATASETS/ASV_Spoof_2019_LA/ASVspoof2019_LA_eval/flac/LA_E_4025900.flac,0
/data/DATASETS/ASV_Spoof_2019_LA/ASVspoof2019_LA_eval/flac/LA_E_6166367.flac,0
/data/DATASETS/ASV_Spoof_2019_LA/ASVspoof2019_LA_eval/flac/LA_E_5373692.flac,0
/data/DATASETS/ASV_Spoof_2019_LA/ASVspoof2019_LA_eval/flac/LA_E_2670418.flac,0
/data/DATASETS/ASV_Spoof_2019_LA/ASVspoof2019_LA_eval/flac/LA_E_1935135.flac,0
/data/DATASETS/ASV_Spoof_2019_LA/ASVspoof2019_LA_eval/flac/LA_E_9395014.flac,0
/data/DATASETS/ASV_Spoof_2019_LA/ASVspoof2019_LA_dev/flac/LA_D_4952493.flac,0
/data/DATASETS/ASV_Spoof_2019_LA/ASVspoof2019_LA_train/flac/LA_T_1385311.flac,0
/data/DATASETS/ASV_Spoof_2019_LA/ASVspoof2019_LA_eval/flac/LA_E_2371703.flac,0
/data/DATASETS/ASV_Spoof_2019_LA/ASVspoof2019_LA_train/flac/LA_T_7686633.flac,0
/data/DATASETS/ASV_Spoof_2019_LA/ASVspoof2019_LA_eval/flac/LA_E_6936182.flac,0
/data/DATASETS/ASV_Spoof_2019_LA/ASVspoof2019_LA_eval/flac/LA_E_1873948.flac,0
/data/DATASETS/ASV_Spoof_2019_LA/ASVspoof2019_LA_eval/flac/LA_E_6055334.flac,0
/data/DATASETS/ASV_Spoof_2019_LA/ASVspoof2019_LA_eval/flac/LA_E_6426282.flac,0
/data/DATASETS/ASV_Spoof_2019_LA/ASVspoof2019_LA_eval/flac/LA_E_6849567.flac,0
/data/DATASETS/ASV_Spoof_2019_LA/ASVspoof2019_LA_train/flac/LA_T_3477527.flac,0
/data/DATASETS/ASV_Spoof_2019_LA/ASVspoof2019_LA_train/flac/LA_T_7233209.flac,0
/data/DATASETS/ASV_Spoof_2019_LA/ASVspoof2019_LA_eval/flac/LA_E_6625652.flac,0
/data/DATASETS/ASV_Spoof_2019_LA/ASVspoof2019_LA_dev/flac/LA_D_5248372.flac,0
/data/DATASETS/ASV_Spoof_2019_LA/ASVspoof2019_LA_eval/flac/LA_E_5786977.flac,0
/data/DATASETS/ASV_Spoof_2019_LA/ASVspoof2019_LA_eval/flac/LA_E_5131292.flac,0
/data/DATASETS/ASV_Spoof_2019_LA/ASVspoof2019_LA_train/flac/LA_T_6499650.flac,0
/data/DATASETS/ASV_Spoof_2019_LA/ASVspoof2019_LA_eval/flac/LA_E_4664917.flac,0
/data/DATASETS/ASV_Spoof_2019_LA/ASVspoof2019_LA_dev/flac/LA_D_5779977.flac,0
/data/DATASETS/ASV_Spoof_2019_LA/ASVspoof2019_LA_eval/flac/LA_E_8313081.flac,0
/data/DATASETS/ASV_Spoof_2019_LA/ASVspoof2019_LA_eval/flac/LA_E_2465535.flac,0
/data/DATASETS/ASV_Spoof_2019_LA/ASVspoof2019_LA_eval/flac/LA_E_6668714.flac,0
/data/DATASETS/ASV_Spoof_2019_LA/ASVspoof2019_LA_dev/flac/LA_D_1156906.flac,0
/data/DATASETS/ASV_Spoof_2019_LA/ASVspoof2019_LA_dev/flac/LA_D_8404215.flac,0
/data/DATASETS/ASV_Spoof_2019_LA/ASVspoof2019_LA_eval/flac/LA_E_9766836.flac,0
/data/DATASETS/ASV_Spoof_2019_LA/ASVspoof2019_LA_eval/flac/LA_E_8267790.flac,0
/data/DATASETS/ASV_Spoof_2019_LA/ASVspoof2019_LA_eval/flac/LA_E_4782185.flac,0
/data/DATASETS/ASV_Spoof_2019_LA/ASVspoof2019_LA_eval/flac/LA_E_1430330.flac,0
/data/DATASETS/ASV_Spoof_2019_LA/ASVspoof2019_LA_eval/flac/LA_E_8827813.flac,0
/data/DATASETS/ASV_Spoof_2019_LA/ASVspoof2019_LA_eval/flac/LA_E_7503758.flac,0
/data/DATASETS/ASV_Spoof_2019_LA/ASVspoof2019_LA_eval/flac/LA_E_9687809.flac,0
/data/DATASETS/ASV_Spoof_2019_LA/ASVspoof2019_LA_train/flac/LA_T_3265095.flac,0
/data/DATASETS/ASV_Spoof_2019_LA/ASVspoof2019_LA_eval/flac/LA_E_2797984.flac,0
/data/DATASETS/ASV_Spoof_2019_LA/ASVspoof2019_LA_dev/flac/LA_D_5162129.flac,0
/data/DATASETS/ASV_Spoof_2019_LA/ASVspoof2019_LA_dev/flac/LA_D_3397208.flac,0
/data/DATASETS/ASV_Spoof_2019_LA/ASVspoof2019_LA_dev/flac/LA_D_3768511.flac,0
/data/DATASETS/ASV_Spoof_2019_LA/ASVspoof2019_LA_eval/flac/LA_E_8564096.flac,0
/data/DATASETS/ASV_Spoof_2019_LA/ASVspoof2019_LA_eval/flac/LA_E_7829061.flac,0
/data/DATASETS/ASV_Spoof_2019_LA/ASVspoof2019_LA_eval/flac/LA_E_1112971.flac,0
/data/DATASETS/ASV_Spoof_2019_LA/ASVspoof2019_LA_dev/flac/LA_D_3542619.flac,0
/data/DATASETS/ASV_Spoof_2019_LA/ASVspoof2019_LA_train/flac/LA_T_4360430.flac,0
/data/DATASETS/ASV_Spoof_2019_LA/ASVspoof2019_LA_dev/flac/LA_D_7426346.flac,0
/data/DATASETS/ASV_Spoof_2019_LA/ASVspoof2019_LA_eval/flac/LA_E_6434453.flac,0
/data/DATASETS/ASV_Spoof_2019_LA/ASVspoof2019_LA_eval/flac/LA_E_1972345.flac,0
/data/DATASETS/ASV_Spoof_2019_LA/ASVspoof2019_LA_eval/flac/LA_E_8816429.flac,0
/data/DATASETS/ASV_Spoof_2019_LA/ASVspoof2019_LA_eval/flac/LA_E_3769194.flac,0
/data/DATASETS/ASV_Spoof_2019_LA/ASVspoof2019_LA_train/flac/LA_T_1845257.flac,0
/data/DATASETS/ASV_Spoof_2019_LA/ASVspoof2019_LA_train/flac/LA_T_1302087.flac,0
/data/DATASETS/ASV_Spoof_2019_LA/ASVspoof2019_LA_eval/flac/LA_E_3964286.flac,0
/data/DATASETS/ASV_Spoof_2019_LA/ASVspoof2019_LA_eval/flac/LA_E_6199020.flac,0
/data/DATASETS/ASV_Spoof_2019_LA/ASVspoof2019_LA_eval/flac/LA_E_6434568.flac,0
/data/DATASETS/ASV_Spoof_2019_LA/ASVspoof2019_LA_eval/flac/LA_E_9864405.flac,0
/data/DATASETS/ASV_Spoof_2019_LA/ASVspoof2019_LA_eval/flac/LA_E_4210692.flac,0
/data/DATASETS/ASV_Spoof_2019_LA/ASVspoof2019_LA_eval/flac/LA_E_4128834.flac,0
/data/DATASETS/ASV_Spoof_2019_LA/ASVspoof2019_LA_dev/flac/LA_D_4437989.flac,0
/data/DATASETS/ASV_Spoof_2019_LA/ASVspoof2019_LA_train/flac/LA_T_4129008.flac,0
/data/DATASETS/ASV_Spoof_2019_LA/ASVspoof2019_LA_eval/flac/LA_E_2872448.flac,0
/data/DATASETS/ASV_Spoof_2019_LA/ASVspoof2019_LA_train/flac/LA_T_6780253.flac,0
/data/DATASETS/ASV_Spoof_2019_LA/ASVspoof2019_LA_eval/flac/LA_E_6802463.flac,0
/data/DATASETS/ASV_Spoof_2019_LA/ASVspoof2019_LA_eval/flac/LA_E_2091174.flac,0
/data/DATASETS/ASV_Spoof_2019_LA/ASVspoof2019_LA_eval/flac/LA_E_6300965.flac,0
/data/DATASETS/ASV_Spoof_2019_LA/ASVspoof2019_LA_eval/flac/LA_E_1541750.flac,0
/data/DATASETS/ASV_Spoof_2019_LA/ASVspoof2019_LA_train/flac/LA_T_2007838.flac,0
/data/DATASETS/ASV_Spoof_2019_LA/ASVspoof2019_LA_eval/flac/LA_E_5274190.flac,0
/data/DATASETS/ASV_Spoof_2019_LA/ASVspoof2019_LA_train/flac/LA_T_7985597.flac,0
/data/DATASETS/ASV_Spoof_2019_LA/ASVspoof2019_LA_eval/flac/LA_E_5782884.flac,0
/data/DATASETS/ASV_Spoof_2019_LA/ASVspoof2019_LA_eval/flac/LA_E_9335433.flac,0
/data/DATASETS/ASV_Spoof_2019_LA/ASVspoof2019_LA_eval/flac/LA_E_9728718.flac,0
/data/DATASETS/ASV_Spoof_2019_LA/ASVspoof2019_LA_eval/flac/LA_E_4545721.flac,0
/data/DATASETS/ASV_Spoof_2019_LA/ASVspoof2019_LA_train/flac/LA_T_4077869.flac,0
/data/DATASETS/ASV_Spoof_2019_LA/ASVspoof2019_LA_eval/flac/LA_E_2592574.flac,0
/data/DATASETS/ASV_Spoof_2019_LA/ASVspoof2019_LA_eval/flac/LA_E_3685591.flac,0
/data/DATASETS/ASV_Spoof_2019_LA/ASVspoof2019_LA_eval/flac/LA_E_8031578.flac,0
/data/DATASETS/ASV_Spoof_2019_LA/ASVspoof2019_LA_eval/flac/LA_E_7427372.flac,0
/data/DATASETS/ASV_Spoof_2019_LA/ASVspoof2019_LA_eval/flac/LA_E_9997285.flac,0
/data/DATASETS/ASV_Spoof_2019_LA/ASVspoof2019_LA_eval/flac/LA_E_4685541.flac,0
/data/DATASETS/ASV_Spoof_2019_LA/ASVspoof2019_LA_train/flac/LA_T_4976230.flac,0
/data/DATASETS/ASV_Spoof_2019_LA/ASVspoof2019_LA_dev/flac/LA_D_9891140.flac,0
/data/DATASETS/ASV_Spoof_2019_LA/ASVspoof2019_LA_train/flac/LA_T_1746987.flac,0
/data/DATASETS/ASV_Spoof_2019_LA/ASVspoof2019_LA_dev/flac/LA_D_8549144.flac,0
/data/DATASETS/ASV_Spoof_2019_LA/ASVspoof2019_LA_dev/flac/LA_D_9884114.flac,0
/data/DATASETS/ASV_Spoof_2019_LA/ASVspoof2019_LA_train/flac/LA_T_1338417.flac,0
/data/DATASETS/ASV_Spoof_2019_LA/ASVspoof2019_LA_dev/flac/LA_D_2977005.flac,0
/data/DATASETS/ASV_Spoof_2019_LA/ASVspoof2019_LA_dev/flac/LA_D_6806996.flac,0
/data/DATASETS/ASV_Spoof_2019_LA/ASVspoof2019_LA_eval/flac/LA_E_3915728.flac,0
/data/DATASETS/ASV_Spoof_2019_LA/ASVspoof2019_LA_eval/flac/LA_E_2675509.flac,0
/data/DATASETS/ASV_Spoof_2019_LA/ASVspoof2019_LA_eval/flac/LA_E_5839040.flac,0
/data/DATASETS/ASV_Spoof_2019_LA/ASVspoof2019_LA_eval/flac/LA_E_6426659.flac,0
/data/DATASETS/ASV_Spoof_2019_LA/ASVspoof2019_LA_dev/flac/LA_D_8061400.flac,0
/data/DATASETS/ASV_Spoof_2019_LA/ASVspoof2019_LA_eval/flac/LA_E_3704961.flac,0
/data/DATASETS/ASV_Spoof_2019_LA/ASVspoof2019_LA_eval/flac/LA_E_6516877.flac,0
/data/DATASETS/ASV_Spoof_2019_LA/ASVspoof2019_LA_eval/flac/LA_E_8416465.flac,0
/data/DATASETS/ASV_Spoof_2019_LA/ASVspoof2019_LA_dev/flac/LA_D_8991834.flac,0
/data/DATASETS/ASV_Spoof_2019_LA/ASVspoof2019_LA_eval/flac/LA_E_7612094.flac,0
/data/DATASETS/ASV_Spoof_2019_LA/ASVspoof2019_LA_eval/flac/LA_E_6294948.flac,0
/data/DATASETS/ASV_Spoof_2019_LA/ASVspoof2019_LA_eval/flac/LA_E_2667568.flac,0
/data/DATASETS/ASV_Spoof_2019_LA/ASVspoof2019_LA_eval/flac/LA_E_5053382.flac,0
/data/DATASETS/ASV_Spoof_2019_LA/ASVspoof2019_LA_eval/flac/LA_E_6792116.flac,0
/data/DATASETS/ASV_Spoof_2019_LA/ASVspoof2019_LA_eval/flac/LA_E_9370570.flac,0
/data/DATASETS/ASV_Spoof_2019_LA/ASVspoof2019_LA_eval/flac/LA_E_1002903.flac,0
/data/DATASETS/ASV_Spoof_2019_LA/ASVspoof2019_LA_eval/flac/LA_E_4893921.flac,0
/data/DATASETS/ASV_Spoof_2019_LA/ASVspoof2019_LA_eval/flac/LA_E_7068213.flac,0
/data/DATASETS/ASV_Spoof_2019_LA/ASVspoof2019_LA_eval/flac/LA_E_6591123.flac,0
/data/DATASETS/ASV_Spoof_2019_LA/ASVspoof2019_LA_train/flac/LA_T_1335486.flac,0
/data/DATASETS/ASV_Spoof_2019_LA/ASVspoof2019_LA_dev/flac/LA_D_2022297.flac,0
/data/DATASETS/ASV_Spoof_2019_LA/ASVspoof2019_LA_eval/flac/LA_E_5796726.flac,0
/data/DATASETS/ASV_Spoof_2019_LA/ASVspoof2019_LA_eval/flac/LA_E_6647990.flac,0
/data/DATASETS/ASV_Spoof_2019_LA/ASVspoof2019_LA_dev/flac/LA_D_6815506.flac,0
/data/DATASETS/ASV_Spoof_2019_LA/ASVspoof2019_LA_eval/flac/LA_E_8538036.flac,0
/data/DATASETS/ASV_Spoof_2019_LA/ASVspoof2019_LA_eval/flac/LA_E_3550947.flac,0
/data/DATASETS/ASV_Spoof_2019_LA/ASVspoof2019_LA_train/flac/LA_T_2032733.flac,0
/data/DATASETS/ASV_Spoof_2019_LA/ASVspoof2019_LA_dev/flac/LA_D_6198995.flac,0
/data/DATASETS/ASV_Spoof_2019_LA/ASVspoof2019_LA_train/flac/LA_T_7231615.flac,0
/data/DATASETS/ASV_Spoof_2019_LA/ASVspoof2019_LA_train/flac/LA_T_2054424.flac,0
/data/DATASETS/ASV_Spoof_2019_LA/ASVspoof2019_LA_train/flac/LA_T_7566470.flac,0
/data/DATASETS/ASV_Spoof_2019_LA/ASVspoof2019_LA_eval/flac/LA_E_5867253.flac,0
/data/DATASETS/ASV_Spoof_2019_LA/ASVspoof2019_LA_eval/flac/LA_E_1638693.flac,0
/data/DATASETS/ASV_Spoof_2019_LA/ASVspoof2019_LA_dev/flac/LA_D_1312411.flac,0
/data/DATASETS/ASV_Spoof_2019_LA/ASVspoof2019_LA_eval/flac/LA_E_5293380.flac,0
/data/DATASETS/ASV_Spoof_2019_LA/ASVspoof2019_LA_eval/flac/LA_E_4839238.flac,0
/data/DATASETS/ASV_Spoof_2019_LA/ASVspoof2019_LA_eval/flac/LA_E_2267340.flac,0
/data/DATASETS/ASV_Spoof_2019_LA/ASVspoof2019_LA_eval/flac/LA_E_9780018.flac,0
/data/DATASETS/ASV_Spoof_2019_LA/ASVspoof2019_LA_dev/flac/LA_D_8433710.flac,0
/data/DATASETS/ASV_Spoof_2019_LA/ASVspoof2019_LA_dev/flac/LA_D_6777979.flac,0
/data/DATASETS/ASV_Spoof_2019_LA/ASVspoof2019_LA_eval/flac/LA_E_9944725.flac,0
/data/DATASETS/ASV_Spoof_2019_LA/ASVspoof2019_LA_eval/flac/LA_E_5304405.flac,0
/data/DATASETS/ASV_Spoof_2019_LA/ASVspoof2019_LA_eval/flac/LA_E_3306759.flac,0
/data/DATASETS/ASV_Spoof_2019_LA/ASVspoof2019_LA_eval/flac/LA_E_2541984.flac,0
/data/DATASETS/ASV_Spoof_2019_LA/ASVspoof2019_LA_eval/flac/LA_E_2542833.flac,0
/data/DATASETS/ASV_Spoof_2019_LA/ASVspoof2019_LA_eval/flac/LA_E_1591703.flac,0
/data/DATASETS/ASV_Spoof_2019_LA/ASVspoof2019_LA_eval/flac/LA_E_8345978.flac,0
/data/DATASETS/ASV_Spoof_2019_LA/ASVspoof2019_LA_eval/flac/LA_E_4606649.flac,0
/data/DATASETS/ASV_Spoof_2019_LA/ASVspoof2019_LA_dev/flac/LA_D_8715868.flac,0
/data/DATASETS/ASV_Spoof_2019_LA/ASVspoof2019_LA_eval/flac/LA_E_2298237.flac,0
/data/DATASETS/ASV_Spoof_2019_LA/ASVspoof2019_LA_eval/flac/LA_E_1750371.flac,0
/data/DATASETS/ASV_Spoof_2019_LA/ASVspoof2019_LA_dev/flac/LA_D_7982514.flac,0
/data/DATASETS/ASV_Spoof_2019_LA/ASVspoof2019_LA_eval/flac/LA_E_9892674.flac,0
/data/DATASETS/ASV_Spoof_2019_LA/ASVspoof2019_LA_eval/flac/LA_E_4356805.flac,0
/data/DATASETS/ASV_Spoof_2019_LA/ASVspoof2019_LA_eval/flac/LA_E_9017208.flac,0
/data/DATASETS/ASV_Spoof_2019_LA/ASVspoof2019_LA_eval/flac/LA_E_2436894.flac,0
/data/DATASETS/ASV_Spoof_2019_LA/ASVspoof2019_LA_eval/flac/LA_E_1094216.flac,0
/data/DATASETS/ASV_Spoof_2019_LA/ASVspoof2019_LA_train/flac/LA_T_9447463.flac,0
/data/DATASETS/ASV_Spoof_2019_LA/ASVspoof2019_LA_eval/flac/LA_E_4075588.flac,0
/data/DATASETS/ASV_Spoof_2019_LA/ASVspoof2019_LA_train/flac/LA_T_6334757.flac,0
/data/DATASETS/ASV_Spoof_2019_LA/ASVspoof2019_LA_eval/flac/LA_E_7218577.flac,0
/data/DATASETS/ASV_Spoof_2019_LA/ASVspoof2019_LA_train/flac/LA_T_1363347.flac,0
/data/DATASETS/ASV_Spoof_2019_LA/ASVspoof2019_LA_train/flac/LA_T_6072502.flac,0
/data/DATASETS/ASV_Spoof_2019_LA/ASVspoof2019_LA_dev/flac/LA_D_2681158.flac,0
/data/DATASETS/ASV_Spoof_2019_LA/ASVspoof2019_LA_eval/flac/LA_E_2458279.flac,0
/data/DATASETS/ASV_Spoof_2019_LA/ASVspoof2019_LA_eval/flac/LA_E_4722327.flac,0
/data/DATASETS/ASV_Spoof_2019_LA/ASVspoof2019_LA_eval/flac/LA_E_3527138.flac,0
/data/DATASETS/ASV_Spoof_2019_LA/ASVspoof2019_LA_eval/flac/LA_E_5335785.flac,0
/data/DATASETS/ASV_Spoof_2019_LA/ASVspoof2019_LA_train/flac/LA_T_1745865.flac,0
/data/DATASETS/ASV_Spoof_2019_LA/ASVspoof2019_LA_train/flac/LA_T_2807421.flac,0
/data/DATASETS/ASV_Spoof_2019_LA/ASVspoof2019_LA_eval/flac/LA_E_5026504.flac,0
/data/DATASETS/ASV_Spoof_2019_LA/ASVspoof2019_LA_train/flac/LA_T_6756379.flac,0
/data/DATASETS/ASV_Spoof_2019_LA/ASVspoof2019_LA_dev/flac/LA_D_9256388.flac,0
/data/DATASETS/ASV_Spoof_2019_LA/ASVspoof2019_LA_train/flac/LA_T_6100680.flac,0
/data/DATASETS/ASV_Spoof_2019_LA/ASVspoof2019_LA_dev/flac/LA_D_8899535.flac,0
/data/DATASETS/ASV_Spoof_2019_LA/ASVspoof2019_LA_train/flac/LA_T_2890940.flac,0
/data/DATASETS/ASV_Spoof_2019_LA/ASVspoof2019_LA_eval/flac/LA_E_9793230.flac,0
/data/DATASETS/ASV_Spoof_2019_LA/ASVspoof2019_LA_eval/flac/LA_E_2572853.flac,0
/data/DATASETS/ASV_Spoof_2019_LA/ASVspoof2019_LA_eval/flac/LA_E_5529093.flac,0
/data/DATASETS/ASV_Spoof_2019_LA/ASVspoof2019_LA_eval/flac/LA_E_2782166.flac,0
/data/DATASETS/ASV_Spoof_2019_LA/ASVspoof2019_LA_eval/flac/LA_E_1955851.flac,0
/data/DATASETS/ASV_Spoof_2019_LA/ASVspoof2019_LA_eval/flac/LA_E_5668297.flac,0
/data/DATASETS/ASV_Spoof_2019_LA/ASVspoof2019_LA_dev/flac/LA_D_8274485.flac,0
/data/DATASETS/ASV_Spoof_2019_LA/ASVspoof2019_LA_eval/flac/LA_E_4560130.flac,0
/data/DATASETS/ASV_Spoof_2019_LA/ASVspoof2019_LA_eval/flac/LA_E_5274888.flac,0
/data/DATASETS/ASV_Spoof_2019_LA/ASVspoof2019_LA_eval/flac/LA_E_4355680.flac,0
/data/DATASETS/ASV_Spoof_2019_LA/ASVspoof2019_LA_eval/flac/LA_E_1106052.flac,0
/data/DATASETS/ASV_Spoof_2019_LA/ASVspoof2019_LA_eval/flac/LA_E_8780947.flac,0
/data/DATASETS/ASV_Spoof_2019_LA/ASVspoof2019_LA_eval/flac/LA_E_5810015.flac,0
/data/DATASETS/ASV_Spoof_2019_LA/ASVspoof2019_LA_dev/flac/LA_D_9489443.flac,0
/data/DATASETS/ASV_Spoof_2019_LA/ASVspoof2019_LA_eval/flac/LA_E_4873753.flac,0
/data/DATASETS/ASV_Spoof_2019_LA/ASVspoof2019_LA_eval/flac/LA_E_2754224.flac,0
/data/DATASETS/ASV_Spoof_2019_LA/ASVspoof2019_LA_eval/flac/LA_E_9272203.flac,0
/data/DATASETS/ASV_Spoof_2019_LA/ASVspoof2019_LA_train/flac/LA_T_3163425.flac,0
/data/DATASETS/ASV_Spoof_2019_LA/ASVspoof2019_LA_eval/flac/LA_E_9685197.flac,0
/data/DATASETS/ASV_Spoof_2019_LA/ASVspoof2019_LA_eval/flac/LA_E_2562511.flac,0
/data/DATASETS/ASV_Spoof_2019_LA/ASVspoof2019_LA_train/flac/LA_T_7220961.flac,0
/data/DATASETS/ASV_Spoof_2019_LA/ASVspoof2019_LA_train/flac/LA_T_8321337.flac,0
/data/DATASETS/ASV_Spoof_2019_LA/ASVspoof2019_LA_eval/flac/LA_E_1190027.flac,0
/data/DATASETS/ASV_Spoof_2019_LA/ASVspoof2019_LA_train/flac/LA_T_5657926.flac,0
/data/DATASETS/ASV_Spoof_2019_LA/ASVspoof2019_LA_dev/flac/LA_D_6874297.flac,0
/data/DATASETS/ASV_Spoof_2019_LA/ASVspoof2019_LA_eval/flac/LA_E_8369616.flac,0
/data/DATASETS/ASV_Spoof_2019_LA/ASVspoof2019_LA_eval/flac/LA_E_5200508.flac,0
/data/DATASETS/ASV_Spoof_2019_LA/ASVspoof2019_LA_dev/flac/LA_D_2230192.flac,0
/data/DATASETS/ASV_Spoof_2019_LA/ASVspoof2019_LA_eval/flac/LA_E_7340037.flac,0
/data/DATASETS/ASV_Spoof_2019_LA/ASVspoof2019_LA_dev/flac/LA_D_5467345.flac,0
/data/DATASETS/ASV_Spoof_2019_LA/ASVspoof2019_LA_dev/flac/LA_D_6495848.flac,0
/data/DATASETS/ASV_Spoof_2019_LA/ASVspoof2019_LA_eval/flac/LA_E_4320893.flac,0
/data/DATASETS/ASV_Spoof_2019_LA/ASVspoof2019_LA_dev/flac/LA_D_8092661.flac,0
/data/DATASETS/ASV_Spoof_2019_LA/ASVspoof2019_LA_eval/flac/LA_E_2667161.flac,0
/data/DATASETS/ASV_Spoof_2019_LA/ASVspoof2019_LA_eval/flac/LA_E_1670241.flac,0
/data/DATASETS/ASV_Spoof_2019_LA/ASVspoof2019_LA_train/flac/LA_T_8173514.flac,0
/data/DATASETS/ASV_Spoof_2019_LA/ASVspoof2019_LA_eval/flac/LA_E_5188210.flac,0
/data/DATASETS/ASV_Spoof_2019_LA/ASVspoof2019_LA_eval/flac/LA_E_3021853.flac,0
/data/DATASETS/ASV_Spoof_2019_LA/ASVspoof2019_LA_eval/flac/LA_E_1748367.flac,0
/data/DATASETS/ASV_Spoof_2019_LA/ASVspoof2019_LA_dev/flac/LA_D_6032630.flac,0
/data/DATASETS/ASV_Spoof_2019_LA/ASVspoof2019_LA_dev/flac/LA_D_1158837.flac,0
/data/DATASETS/ASV_Spoof_2019_LA/ASVspoof2019_LA_eval/flac/LA_E_7831898.flac,0
/data/DATASETS/ASV_Spoof_2019_LA/ASVspoof2019_LA_train/flac/LA_T_1483721.flac,0
/data/DATASETS/ASV_Spoof_2019_LA/ASVspoof2019_LA_eval/flac/LA_E_2016932.flac,0
/data/DATASETS/ASV_Spoof_2019_LA/ASVspoof2019_LA_eval/flac/LA_E_3289994.flac,0
/data/DATASETS/ASV_Spoof_2019_LA/ASVspoof2019_LA_train/flac/LA_T_7990660.flac,0
/data/DATASETS/ASV_Spoof_2019_LA/ASVspoof2019_LA_train/flac/LA_T_4825064.flac,0
/data/DATASETS/ASV_Spoof_2019_LA/ASVspoof2019_LA_train/flac/LA_T_5544402.flac,0
/data/DATASETS/ASV_Spoof_2019_LA/ASVspoof2019_LA_train/flac/LA_T_1050008.flac,0
/data/DATASETS/ASV_Spoof_2019_LA/ASVspoof2019_LA_train/flac/LA_T_5669661.flac,0
/data/DATASETS/ASV_Spoof_2019_LA/ASVspoof2019_LA_eval/flac/LA_E_8754553.flac,0
/data/DATASETS/ASV_Spoof_2019_LA/ASVspoof2019_LA_eval/flac/LA_E_2460090.flac,0
/data/DATASETS/ASV_Spoof_2019_LA/ASVspoof2019_LA_eval/flac/LA_E_7780744.flac,0
/data/DATASETS/ASV_Spoof_2019_LA/ASVspoof2019_LA_train/flac/LA_T_7948400.flac,0
/data/DATASETS/ASV_Spoof_2019_LA/ASVspoof2019_LA_eval/flac/LA_E_6874423.flac,0
/data/DATASETS/ASV_Spoof_2019_LA/ASVspoof2019_LA_train/flac/LA_T_9257520.flac,0
/data/DATASETS/ASV_Spoof_2019_LA/ASVspoof2019_LA_train/flac/LA_T_5280384.flac,0
/data/DATASETS/ASV_Spoof_2019_LA/ASVspoof2019_LA_train/flac/LA_T_4891261.flac,0
/data/DATASETS/ASV_Spoof_2019_LA/ASVspoof2019_LA_dev/flac/LA_D_7484152.flac,0
/data/DATASETS/ASV_Spoof_2019_LA/ASVspoof2019_LA_dev/flac/LA_D_5349360.flac,0
/data/DATASETS/ASV_Spoof_2019_LA/ASVspoof2019_LA_eval/flac/LA_E_7230067.flac,0
/data/DATASETS/ASV_Spoof_2019_LA/ASVspoof2019_LA_eval/flac/LA_E_4210108.flac,0
/data/DATASETS/ASV_Spoof_2019_LA/ASVspoof2019_LA_dev/flac/LA_D_8155318.flac,0
/data/DATASETS/ASV_Spoof_2019_LA/ASVspoof2019_LA_eval/flac/LA_E_5059968.flac,0
/data/DATASETS/ASV_Spoof_2019_LA/ASVspoof2019_LA_dev/flac/LA_D_8769661.flac,0
/data/DATASETS/ASV_Spoof_2019_LA/ASVspoof2019_LA_train/flac/LA_T_7084634.flac,0
/data/DATASETS/ASV_Spoof_2019_LA/ASVspoof2019_LA_eval/flac/LA_E_6963214.flac,0
/data/DATASETS/ASV_Spoof_2019_LA/ASVspoof2019_LA_train/flac/LA_T_1222609.flac,0
/data/DATASETS/ASV_Spoof_2019_LA/ASVspoof2019_LA_eval/flac/LA_E_2734761.flac,0
/data/DATASETS/ASV_Spoof_2019_LA/ASVspoof2019_LA_dev/flac/LA_D_4468016.flac,0
/data/DATASETS/ASV_Spoof_2019_LA/ASVspoof2019_LA_eval/flac/LA_E_4620575.flac,0
/data/DATASETS/ASV_Spoof_2019_LA/ASVspoof2019_LA_eval/flac/LA_E_4765848.flac,0
/data/DATASETS/ASV_Spoof_2019_LA/ASVspoof2019_LA_eval/flac/LA_E_7234316.flac,0
/data/DATASETS/ASV_Spoof_2019_LA/ASVspoof2019_LA_train/flac/LA_T_1395369.flac,0
/data/DATASETS/ASV_Spoof_2019_LA/ASVspoof2019_LA_eval/flac/LA_E_4048558.flac,0
/data/DATASETS/ASV_Spoof_2019_LA/ASVspoof2019_LA_eval/flac/LA_E_9947395.flac,0
/data/DATASETS/ASV_Spoof_2019_LA/ASVspoof2019_LA_eval/flac/LA_E_1358628.flac,0
/data/DATASETS/ASV_Spoof_2019_LA/ASVspoof2019_LA_train/flac/LA_T_9549153.flac,0
/data/DATASETS/ASV_Spoof_2019_LA/ASVspoof2019_LA_eval/flac/LA_E_1242889.flac,0
/data/DATASETS/ASV_Spoof_2019_LA/ASVspoof2019_LA_train/flac/LA_T_7234844.flac,0
/data/DATASETS/ASV_Spoof_2019_LA/ASVspoof2019_LA_eval/flac/LA_E_4191635.flac,0
/data/DATASETS/ASV_Spoof_2019_LA/ASVspoof2019_LA_dev/flac/LA_D_3205943.flac,0
/data/DATASETS/ASV_Spoof_2019_LA/ASVspoof2019_LA_dev/flac/LA_D_2061583.flac,0
/data/DATASETS/ASV_Spoof_2019_LA/ASVspoof2019_LA_eval/flac/LA_E_3219786.flac,0
/data/DATASETS/ASV_Spoof_2019_LA/ASVspoof2019_LA_eval/flac/LA_E_9190045.flac,0
/data/DATASETS/ASV_Spoof_2019_LA/ASVspoof2019_LA_eval/flac/LA_E_3137023.flac,0
/data/DATASETS/ASV_Spoof_2019_LA/ASVspoof2019_LA_dev/flac/LA_D_8639820.flac,0
/data/DATASETS/ASV_Spoof_2019_LA/ASVspoof2019_LA_dev/flac/LA_D_6516226.flac,0
/data/DATASETS/ASV_Spoof_2019_LA/ASVspoof2019_LA_train/flac/LA_T_9737995.flac,0
/data/DATASETS/ASV_Spoof_2019_LA/ASVspoof2019_LA_train/flac/LA_T_7509819.flac,0
/data/DATASETS/ASV_Spoof_2019_LA/ASVspoof2019_LA_eval/flac/LA_E_5651802.flac,0
/data/DATASETS/ASV_Spoof_2019_LA/ASVspoof2019_LA_eval/flac/LA_E_9808926.flac,0
/data/DATASETS/ASV_Spoof_2019_LA/ASVspoof2019_LA_dev/flac/LA_D_7753521.flac,0
/data/DATASETS/ASV_Spoof_2019_LA/ASVspoof2019_LA_eval/flac/LA_E_4957275.flac,0
/data/DATASETS/ASV_Spoof_2019_LA/ASVspoof2019_LA_eval/flac/LA_E_3487276.flac,0
/data/DATASETS/ASV_Spoof_2019_LA/ASVspoof2019_LA_dev/flac/LA_D_4135293.flac,0
/data/DATASETS/ASV_Spoof_2019_LA/ASVspoof2019_LA_dev/flac/LA_D_4221800.flac,0
/data/DATASETS/ASV_Spoof_2019_LA/ASVspoof2019_LA_train/flac/LA_T_9038660.flac,0
/data/DATASETS/ASV_Spoof_2019_LA/ASVspoof2019_LA_train/flac/LA_T_6760264.flac,0
/data/DATASETS/ASV_Spoof_2019_LA/ASVspoof2019_LA_train/flac/LA_T_1130924.flac,0
/data/DATASETS/ASV_Spoof_2019_LA/ASVspoof2019_LA_eval/flac/LA_E_5837819.flac,0
/data/DATASETS/ASV_Spoof_2019_LA/ASVspoof2019_LA_eval/flac/LA_E_9769304.flac,0
/data/DATASETS/ASV_Spoof_2019_LA/ASVspoof2019_LA_eval/flac/LA_E_3980350.flac,0
/data/DATASETS/ASV_Spoof_2019_LA/ASVspoof2019_LA_eval/flac/LA_E_3544446.flac,0
/data/DATASETS/ASV_Spoof_2019_LA/ASVspoof2019_LA_eval/flac/LA_E_4956719.flac,0
/data/DATASETS/ASV_Spoof_2019_LA/ASVspoof2019_LA_dev/flac/LA_D_3366735.flac,0
/data/DATASETS/ASV_Spoof_2019_LA/ASVspoof2019_LA_eval/flac/LA_E_2880944.flac,0
/data/DATASETS/ASV_Spoof_2019_LA/ASVspoof2019_LA_dev/flac/LA_D_2655610.flac,0
/data/DATASETS/ASV_Spoof_2019_LA/ASVspoof2019_LA_eval/flac/LA_E_8150795.flac,0
/data/DATASETS/ASV_Spoof_2019_LA/ASVspoof2019_LA_dev/flac/LA_D_4745806.flac,0
/data/DATASETS/ASV_Spoof_2019_LA/ASVspoof2019_LA_dev/flac/LA_D_7989607.flac,0
/data/DATASETS/ASV_Spoof_2019_LA/ASVspoof2019_LA_eval/flac/LA_E_6314733.flac,0
/data/DATASETS/ASV_Spoof_2019_LA/ASVspoof2019_LA_eval/flac/LA_E_6773403.flac,0
/data/DATASETS/ASV_Spoof_2019_LA/ASVspoof2019_LA_dev/flac/LA_D_3726485.flac,0
/data/DATASETS/ASV_Spoof_2019_LA/ASVspoof2019_LA_eval/flac/LA_E_4462998.flac,0
/data/DATASETS/ASV_Spoof_2019_LA/ASVspoof2019_LA_dev/flac/LA_D_7153183.flac,0
/data/DATASETS/ASV_Spoof_2019_LA/ASVspoof2019_LA_eval/flac/LA_E_3205722.flac,0
/data/DATASETS/ASV_Spoof_2019_LA/ASVspoof2019_LA_eval/flac/LA_E_5601278.flac,0
/data/DATASETS/ASV_Spoof_2019_LA/ASVspoof2019_LA_train/flac/LA_T_2841157.flac,0
/data/DATASETS/ASV_Spoof_2019_LA/ASVspoof2019_LA_eval/flac/LA_E_5894578.flac,0
/data/DATASETS/ASV_Spoof_2019_LA/ASVspoof2019_LA_eval/flac/LA_E_2570859.flac,0
/data/DATASETS/ASV_Spoof_2019_LA/ASVspoof2019_LA_train/flac/LA_T_6324553.flac,0
/data/DATASETS/ASV_Spoof_2019_LA/ASVspoof2019_LA_eval/flac/LA_E_9340225.flac,0
/data/DATASETS/ASV_Spoof_2019_LA/ASVspoof2019_LA_train/flac/LA_T_5416411.flac,0
/data/DATASETS/ASV_Spoof_2019_LA/ASVspoof2019_LA_dev/flac/LA_D_5989374.flac,0
/data/DATASETS/ASV_Spoof_2019_LA/ASVspoof2019_LA_train/flac/LA_T_4801937.flac,0
/data/DATASETS/ASV_Spoof_2019_LA/ASVspoof2019_LA_train/flac/LA_T_3264459.flac,0
/data/DATASETS/ASV_Spoof_2019_LA/ASVspoof2019_LA_eval/flac/LA_E_6928079.flac,0
/data/DATASETS/ASV_Spoof_2019_LA/ASVspoof2019_LA_eval/flac/LA_E_3734673.flac,0
/data/DATASETS/ASV_Spoof_2019_LA/ASVspoof2019_LA_eval/flac/LA_E_4186635.flac,0
/data/DATASETS/ASV_Spoof_2019_LA/ASVspoof2019_LA_train/flac/LA_T_4030250.flac,0
/data/DATASETS/ASV_Spoof_2019_LA/ASVspoof2019_LA_train/flac/LA_T_6099597.flac,0
/data/DATASETS/ASV_Spoof_2019_LA/ASVspoof2019_LA_eval/flac/LA_E_4188988.flac,0
/data/DATASETS/ASV_Spoof_2019_LA/ASVspoof2019_LA_eval/flac/LA_E_9069661.flac,0
/data/DATASETS/ASV_Spoof_2019_LA/ASVspoof2019_LA_train/flac/LA_T_9382795.flac,0
/data/DATASETS/ASV_Spoof_2019_LA/ASVspoof2019_LA_train/flac/LA_T_1379329.flac,0
/data/DATASETS/ASV_Spoof_2019_LA/ASVspoof2019_LA_dev/flac/LA_D_4304868.flac,0
/data/DATASETS/ASV_Spoof_2019_LA/ASVspoof2019_LA_eval/flac/LA_E_7085548.flac,0
/data/DATASETS/ASV_Spoof_2019_LA/ASVspoof2019_LA_eval/flac/LA_E_1885344.flac,0
/data/DATASETS/ASV_Spoof_2019_LA/ASVspoof2019_LA_eval/flac/LA_E_8007698.flac,0
/data/DATASETS/ASV_Spoof_2019_LA/ASVspoof2019_LA_dev/flac/LA_D_7014889.flac,0
/data/DATASETS/ASV_Spoof_2019_LA/ASVspoof2019_LA_dev/flac/LA_D_9842587.flac,0
/data/DATASETS/ASV_Spoof_2019_LA/ASVspoof2019_LA_train/flac/LA_T_1979527.flac,0
/data/DATASETS/ASV_Spoof_2019_LA/ASVspoof2019_LA_train/flac/LA_T_7197738.flac,0
/data/DATASETS/ASV_Spoof_2019_LA/ASVspoof2019_LA_eval/flac/LA_E_1561108.flac,0
/data/DATASETS/ASV_Spoof_2019_LA/ASVspoof2019_LA_eval/flac/LA_E_8693344.flac,0
/data/DATASETS/ASV_Spoof_2019_LA/ASVspoof2019_LA_train/flac/LA_T_7965624.flac,0
/data/DATASETS/ASV_Spoof_2019_LA/ASVspoof2019_LA_eval/flac/LA_E_2786980.flac,0
/data/DATASETS/ASV_Spoof_2019_LA/ASVspoof2019_LA_eval/flac/LA_E_6031167.flac,0
/data/DATASETS/ASV_Spoof_2019_LA/ASVspoof2019_LA_train/flac/LA_T_2176518.flac,0
/data/DATASETS/ASV_Spoof_2019_LA/ASVspoof2019_LA_eval/flac/LA_E_9620785.flac,0
/data/DATASETS/ASV_Spoof_2019_LA/ASVspoof2019_LA_eval/flac/LA_E_5245205.flac,0
/data/DATASETS/ASV_Spoof_2019_LA/ASVspoof2019_LA_eval/flac/LA_E_2922763.flac,0
/data/DATASETS/ASV_Spoof_2019_LA/ASVspoof2019_LA_eval/flac/LA_E_3420732.flac,0
/data/DATASETS/ASV_Spoof_2019_LA/ASVspoof2019_LA_eval/flac/LA_E_2741846.flac,0
/data/DATASETS/ASV_Spoof_2019_LA/ASVspoof2019_LA_dev/flac/LA_D_6005916.flac,0
/data/DATASETS/ASV_Spoof_2019_LA/ASVspoof2019_LA_dev/flac/LA_D_1898207.flac,0
/data/DATASETS/ASV_Spoof_2019_LA/ASVspoof2019_LA_eval/flac/LA_E_1159833.flac,0
/data/DATASETS/ASV_Spoof_2019_LA/ASVspoof2019_LA_eval/flac/LA_E_7243029.flac,0
/data/DATASETS/ASV_Spoof_2019_LA/ASVspoof2019_LA_eval/flac/LA_E_3326711.flac,0
/data/DATASETS/ASV_Spoof_2019_LA/ASVspoof2019_LA_eval/flac/LA_E_7683608.flac,0
/data/DATASETS/ASV_Spoof_2019_LA/ASVspoof2019_LA_eval/flac/LA_E_3622738.flac,0
/data/DATASETS/ASV_Spoof_2019_LA/ASVspoof2019_LA_eval/flac/LA_E_7566841.flac,0
/data/DATASETS/ASV_Spoof_2019_LA/ASVspoof2019_LA_eval/flac/LA_E_7097428.flac,0
/data/DATASETS/ASV_Spoof_2019_LA/ASVspoof2019_LA_train/flac/LA_T_7825868.flac,0
/data/DATASETS/ASV_Spoof_2019_LA/ASVspoof2019_LA_eval/flac/LA_E_8609415.flac,0
/data/DATASETS/ASV_Spoof_2019_LA/ASVspoof2019_LA_eval/flac/LA_E_2293965.flac,0
/data/DATASETS/ASV_Spoof_2019_LA/ASVspoof2019_LA_dev/flac/LA_D_4703340.flac,0
/data/DATASETS/ASV_Spoof_2019_LA/ASVspoof2019_LA_eval/flac/LA_E_6753206.flac,0
/data/DATASETS/ASV_Spoof_2019_LA/ASVspoof2019_LA_dev/flac/LA_D_8975327.flac,0
/data/DATASETS/ASV_Spoof_2019_LA/ASVspoof2019_LA_train/flac/LA_T_1392484.flac,0
/data/DATASETS/ASV_Spoof_2019_LA/ASVspoof2019_LA_eval/flac/LA_E_4485099.flac,0
/data/DATASETS/ASV_Spoof_2019_LA/ASVspoof2019_LA_eval/flac/LA_E_4352891.flac,0
/data/DATASETS/ASV_Spoof_2019_LA/ASVspoof2019_LA_dev/flac/LA_D_2096892.flac,0
/data/DATASETS/ASV_Spoof_2019_LA/ASVspoof2019_LA_eval/flac/LA_E_6093346.flac,0
/data/DATASETS/ASV_Spoof_2019_LA/ASVspoof2019_LA_eval/flac/LA_E_3415631.flac,0
/data/DATASETS/ASV_Spoof_2019_LA/ASVspoof2019_LA_dev/flac/LA_D_7253146.flac,0
/data/DATASETS/ASV_Spoof_2019_LA/ASVspoof2019_LA_eval/flac/LA_E_6047769.flac,0
/data/DATASETS/ASV_Spoof_2019_LA/ASVspoof2019_LA_train/flac/LA_T_5249142.flac,0
/data/DATASETS/ASV_Spoof_2019_LA/ASVspoof2019_LA_dev/flac/LA_D_6912038.flac,0
/data/DATASETS/ASV_Spoof_2019_LA/ASVspoof2019_LA_dev/flac/LA_D_7718364.flac,0
/data/DATASETS/ASV_Spoof_2019_LA/ASVspoof2019_LA_train/flac/LA_T_9502120.flac,0
/data/DATASETS/ASV_Spoof_2019_LA/ASVspoof2019_LA_eval/flac/LA_E_8277021.flac,0
/data/DATASETS/ASV_Spoof_2019_LA/ASVspoof2019_LA_eval/flac/LA_E_4805595.flac,0
/data/DATASETS/ASV_Spoof_2019_LA/ASVspoof2019_LA_dev/flac/LA_D_7820018.flac,0
/data/DATASETS/ASV_Spoof_2019_LA/ASVspoof2019_LA_train/flac/LA_T_3586569.flac,0
/data/DATASETS/ASV_Spoof_2019_LA/ASVspoof2019_LA_train/flac/LA_T_6979533.flac,0
/data/DATASETS/ASV_Spoof_2019_LA/ASVspoof2019_LA_train/flac/LA_T_2987671.flac,0
/data/DATASETS/ASV_Spoof_2019_LA/ASVspoof2019_LA_eval/flac/LA_E_3076510.flac,0
/data/DATASETS/ASV_Spoof_2019_LA/ASVspoof2019_LA_eval/flac/LA_E_2555881.flac,0
/data/DATASETS/ASV_Spoof_2019_LA/ASVspoof2019_LA_eval/flac/LA_E_1994534.flac,0
/data/DATASETS/ASV_Spoof_2019_LA/ASVspoof2019_LA_eval/flac/LA_E_1066455.flac,0
/data/DATASETS/ASV_Spoof_2019_LA/ASVspoof2019_LA_eval/flac/LA_E_7280094.flac,0
/data/DATASETS/ASV_Spoof_2019_LA/ASVspoof2019_LA_dev/flac/LA_D_3678841.flac,0
/data/DATASETS/ASV_Spoof_2019_LA/ASVspoof2019_LA_eval/flac/LA_E_6649997.flac,0
/data/DATASETS/ASV_Spoof_2019_LA/ASVspoof2019_LA_dev/flac/LA_D_9508907.flac,0
/data/DATASETS/ASV_Spoof_2019_LA/ASVspoof2019_LA_eval/flac/LA_E_6007467.flac,0
/data/DATASETS/ASV_Spoof_2019_LA/ASVspoof2019_LA_eval/flac/LA_E_9609819.flac,0
/data/DATASETS/ASV_Spoof_2019_LA/ASVspoof2019_LA_eval/flac/LA_E_2378111.flac,0
/data/DATASETS/ASV_Spoof_2019_LA/ASVspoof2019_LA_eval/flac/LA_E_2670831.flac,0
/data/DATASETS/ASV_Spoof_2019_LA/ASVspoof2019_LA_eval/flac/LA_E_9968266.flac,0
/data/DATASETS/ASV_Spoof_2019_LA/ASVspoof2019_LA_dev/flac/LA_D_8464454.flac,0
/data/DATASETS/ASV_Spoof_2019_LA/ASVspoof2019_LA_eval/flac/LA_E_9657446.flac,0
/data/DATASETS/ASV_Spoof_2019_LA/ASVspoof2019_LA_eval/flac/LA_E_8065085.flac,0
/data/DATASETS/ASV_Spoof_2019_LA/ASVspoof2019_LA_dev/flac/LA_D_3631905.flac,0
/data/DATASETS/ASV_Spoof_2019_LA/ASVspoof2019_LA_eval/flac/LA_E_6173284.flac,0
/data/DATASETS/ASV_Spoof_2019_LA/ASVspoof2019_LA_eval/flac/LA_E_6128759.flac,0
/data/DATASETS/ASV_Spoof_2019_LA/ASVspoof2019_LA_eval/flac/LA_E_4040634.flac,0
/data/DATASETS/ASV_Spoof_2019_LA/ASVspoof2019_LA_dev/flac/LA_D_7292143.flac,0
/data/DATASETS/ASV_Spoof_2019_LA/ASVspoof2019_LA_train/flac/LA_T_6318366.flac,0
/data/DATASETS/ASV_Spoof_2019_LA/ASVspoof2019_LA_eval/flac/LA_E_6179064.flac,0
/data/DATASETS/ASV_Spoof_2019_LA/ASVspoof2019_LA_dev/flac/LA_D_6108420.flac,0
/data/DATASETS/ASV_Spoof_2019_LA/ASVspoof2019_LA_train/flac/LA_T_4400047.flac,0
/data/DATASETS/ASV_Spoof_2019_LA/ASVspoof2019_LA_train/flac/LA_T_7740663.flac,0
/data/DATASETS/ASV_Spoof_2019_LA/ASVspoof2019_LA_dev/flac/LA_D_2172148.flac,0
/data/DATASETS/ASV_Spoof_2019_LA/ASVspoof2019_LA_eval/flac/LA_E_1439922.flac,0
/data/DATASETS/ASV_Spoof_2019_LA/ASVspoof2019_LA_dev/flac/LA_D_7150561.flac,0
/data/DATASETS/ASV_Spoof_2019_LA/ASVspoof2019_LA_train/flac/LA_T_6139557.flac,0
/data/DATASETS/ASV_Spoof_2019_LA/ASVspoof2019_LA_eval/flac/LA_E_2478039.flac,0
/data/DATASETS/ASV_Spoof_2019_LA/ASVspoof2019_LA_eval/flac/LA_E_4593048.flac,0
/data/DATASETS/ASV_Spoof_2019_LA/ASVspoof2019_LA_eval/flac/LA_E_7194628.flac,0
/data/DATASETS/ASV_Spoof_2019_LA/ASVspoof2019_LA_eval/flac/LA_E_4639601.flac,0
/data/DATASETS/ASV_Spoof_2019_LA/ASVspoof2019_LA_dev/flac/LA_D_5260084.flac,0
/data/DATASETS/ASV_Spoof_2019_LA/ASVspoof2019_LA_dev/flac/LA_D_4106360.flac,0
/data/DATASETS/ASV_Spoof_2019_LA/ASVspoof2019_LA_train/flac/LA_T_9689088.flac,0
/data/DATASETS/ASV_Spoof_2019_LA/ASVspoof2019_LA_eval/flac/LA_E_5459536.flac,0
/data/DATASETS/ASV_Spoof_2019_LA/ASVspoof2019_LA_eval/flac/LA_E_7164616.flac,0
/data/DATASETS/ASV_Spoof_2019_LA/ASVspoof2019_LA_eval/flac/LA_E_4256442.flac,0
/data/DATASETS/ASV_Spoof_2019_LA/ASVspoof2019_LA_train/flac/LA_T_1874118.flac,0
/data/DATASETS/ASV_Spoof_2019_LA/ASVspoof2019_LA_eval/flac/LA_E_6305621.flac,0
/data/DATASETS/ASV_Spoof_2019_LA/ASVspoof2019_LA_dev/flac/LA_D_8773329.flac,0
/data/DATASETS/ASV_Spoof_2019_LA/ASVspoof2019_LA_eval/flac/LA_E_7260329.flac,0
/data/DATASETS/ASV_Spoof_2019_LA/ASVspoof2019_LA_dev/flac/LA_D_1337729.flac,0
/data/DATASETS/ASV_Spoof_2019_LA/ASVspoof2019_LA_dev/flac/LA_D_4666647.flac,0
/data/DATASETS/ASV_Spoof_2019_LA/ASVspoof2019_LA_train/flac/LA_T_1544986.flac,0
/data/DATASETS/ASV_Spoof_2019_LA/ASVspoof2019_LA_eval/flac/LA_E_5733924.flac,0
/data/DATASETS/ASV_Spoof_2019_LA/ASVspoof2019_LA_dev/flac/LA_D_7727446.flac,0
/data/DATASETS/ASV_Spoof_2019_LA/ASVspoof2019_LA_train/flac/LA_T_1799958.flac,0
/data/DATASETS/ASV_Spoof_2019_LA/ASVspoof2019_LA_eval/flac/LA_E_6181258.flac,0
/data/DATASETS/ASV_Spoof_2019_LA/ASVspoof2019_LA_eval/flac/LA_E_3977021.flac,0
/data/DATASETS/ASV_Spoof_2019_LA/ASVspoof2019_LA_eval/flac/LA_E_3435486.flac,0
/data/DATASETS/ASV_Spoof_2019_LA/ASVspoof2019_LA_dev/flac/LA_D_9997701.flac,0
/data/DATASETS/ASV_Spoof_2019_LA/ASVspoof2019_LA_eval/flac/LA_E_3894775.flac,0
/data/DATASETS/ASV_Spoof_2019_LA/ASVspoof2019_LA_eval/flac/LA_E_5080217.flac,0
/data/DATASETS/ASV_Spoof_2019_LA/ASVspoof2019_LA_train/flac/LA_T_6676313.flac,0
/data/DATASETS/ASV_Spoof_2019_LA/ASVspoof2019_LA_eval/flac/LA_E_7647451.flac,0
/data/DATASETS/ASV_Spoof_2019_LA/ASVspoof2019_LA_eval/flac/LA_E_5295660.flac,0
/data/DATASETS/ASV_Spoof_2019_LA/ASVspoof2019_LA_dev/flac/LA_D_3897229.flac,0
/data/DATASETS/ASV_Spoof_2019_LA/ASVspoof2019_LA_dev/flac/LA_D_7793148.flac,0
/data/DATASETS/ASV_Spoof_2019_LA/ASVspoof2019_LA_eval/flac/LA_E_6490680.flac,0
/data/DATASETS/ASV_Spoof_2019_LA/ASVspoof2019_LA_train/flac/LA_T_8363647.flac,0
/data/DATASETS/ASV_Spoof_2019_LA/ASVspoof2019_LA_train/flac/LA_T_7316655.flac,0
/data/DATASETS/ASV_Spoof_2019_LA/ASVspoof2019_LA_eval/flac/LA_E_9818733.flac,0
/data/DATASETS/ASV_Spoof_2019_LA/ASVspoof2019_LA_eval/flac/LA_E_3846039.flac,0
/data/DATASETS/ASV_Spoof_2019_LA/ASVspoof2019_LA_dev/flac/LA_D_7758267.flac,0
/data/DATASETS/ASV_Spoof_2019_LA/ASVspoof2019_LA_eval/flac/LA_E_5780087.flac,0
/data/DATASETS/ASV_Spoof_2019_LA/ASVspoof2019_LA_dev/flac/LA_D_2518822.flac,0
/data/DATASETS/ASV_Spoof_2019_LA/ASVspoof2019_LA_eval/flac/LA_E_1644905.flac,0
/data/DATASETS/ASV_Spoof_2019_LA/ASVspoof2019_LA_train/flac/LA_T_4486346.flac,0
/data/DATASETS/ASV_Spoof_2019_LA/ASVspoof2019_LA_eval/flac/LA_E_3840546.flac,0
/data/DATASETS/ASV_Spoof_2019_LA/ASVspoof2019_LA_eval/flac/LA_E_6462935.flac,0
/data/DATASETS/ASV_Spoof_2019_LA/ASVspoof2019_LA_eval/flac/LA_E_4943653.flac,0
/data/DATASETS/ASV_Spoof_2019_LA/ASVspoof2019_LA_eval/flac/LA_E_7726899.flac,0
/data/DATASETS/ASV_Spoof_2019_LA/ASVspoof2019_LA_train/flac/LA_T_3725307.flac,0
/data/DATASETS/ASV_Spoof_2019_LA/ASVspoof2019_LA_dev/flac/LA_D_3698358.flac,0
/data/DATASETS/ASV_Spoof_2019_LA/ASVspoof2019_LA_eval/flac/LA_E_1234103.flac,0
/data/DATASETS/ASV_Spoof_2019_LA/ASVspoof2019_LA_eval/flac/LA_E_7598520.flac,0
/data/DATASETS/ASV_Spoof_2019_LA/ASVspoof2019_LA_dev/flac/LA_D_8163197.flac,0
/data/DATASETS/ASV_Spoof_2019_LA/ASVspoof2019_LA_eval/flac/LA_E_3474402.flac,0
/data/DATASETS/ASV_Spoof_2019_LA/ASVspoof2019_LA_eval/flac/LA_E_3690298.flac,0
/data/DATASETS/ASV_Spoof_2019_LA/ASVspoof2019_LA_dev/flac/LA_D_6375447.flac,0
/data/DATASETS/ASV_Spoof_2019_LA/ASVspoof2019_LA_eval/flac/LA_E_5322895.flac,0
/data/DATASETS/ASV_Spoof_2019_LA/ASVspoof2019_LA_train/flac/LA_T_6632904.flac,0
/data/DATASETS/ASV_Spoof_2019_LA/ASVspoof2019_LA_eval/flac/LA_E_9352396.flac,0
/data/DATASETS/ASV_Spoof_2019_LA/ASVspoof2019_LA_train/flac/LA_T_3244166.flac,0
/data/DATASETS/ASV_Spoof_2019_LA/ASVspoof2019_LA_train/flac/LA_T_1332868.flac,0
/data/DATASETS/ASV_Spoof_2019_LA/ASVspoof2019_LA_eval/flac/LA_E_1910725.flac,0
/data/DATASETS/ASV_Spoof_2019_LA/ASVspoof2019_LA_eval/flac/LA_E_3149170.flac,0
/data/DATASETS/ASV_Spoof_2019_LA/ASVspoof2019_LA_dev/flac/LA_D_6668024.flac,0
/data/DATASETS/ASV_Spoof_2019_LA/ASVspoof2019_LA_eval/flac/LA_E_9197189.flac,0
/data/DATASETS/ASV_Spoof_2019_LA/ASVspoof2019_LA_eval/flac/LA_E_5609818.flac,0
/data/DATASETS/ASV_Spoof_2019_LA/ASVspoof2019_LA_eval/flac/LA_E_7735772.flac,0
/data/DATASETS/ASV_Spoof_2019_LA/ASVspoof2019_LA_eval/flac/LA_E_6254468.flac,0
/data/DATASETS/ASV_Spoof_2019_LA/ASVspoof2019_LA_eval/flac/LA_E_3835302.flac,0
/data/DATASETS/ASV_Spoof_2019_LA/ASVspoof2019_LA_train/flac/LA_T_7187958.flac,0
/data/DATASETS/ASV_Spoof_2019_LA/ASVspoof2019_LA_eval/flac/LA_E_3030272.flac,0
/data/DATASETS/ASV_Spoof_2019_LA/ASVspoof2019_LA_train/flac/LA_T_3641295.flac,0
/data/DATASETS/ASV_Spoof_2019_LA/ASVspoof2019_LA_dev/flac/LA_D_9352798.flac,0
/data/DATASETS/ASV_Spoof_2019_LA/ASVspoof2019_LA_dev/flac/LA_D_8988223.flac,0
/data/DATASETS/ASV_Spoof_2019_LA/ASVspoof2019_LA_train/flac/LA_T_6531051.flac,0
/data/DATASETS/ASV_Spoof_2019_LA/ASVspoof2019_LA_dev/flac/LA_D_5000705.flac,0
/data/DATASETS/ASV_Spoof_2019_LA/ASVspoof2019_LA_train/flac/LA_T_5787857.flac,0
/data/DATASETS/ASV_Spoof_2019_LA/ASVspoof2019_LA_dev/flac/LA_D_4586853.flac,0
/data/DATASETS/ASV_Spoof_2019_LA/ASVspoof2019_LA_dev/flac/LA_D_8925545.flac,0
/data/DATASETS/ASV_Spoof_2019_LA/ASVspoof2019_LA_eval/flac/LA_E_6915064.flac,0
/data/DATASETS/ASV_Spoof_2019_LA/ASVspoof2019_LA_dev/flac/LA_D_2188246.flac,0
/data/DATASETS/ASV_Spoof_2019_LA/ASVspoof2019_LA_eval/flac/LA_E_3833106.flac,0
/data/DATASETS/ASV_Spoof_2019_LA/ASVspoof2019_LA_eval/flac/LA_E_6842509.flac,0
/data/DATASETS/ASV_Spoof_2019_LA/ASVspoof2019_LA_eval/flac/LA_E_5358177.flac,0
/data/DATASETS/ASV_Spoof_2019_LA/ASVspoof2019_LA_eval/flac/LA_E_8622126.flac,0
/data/DATASETS/ASV_Spoof_2019_LA/ASVspoof2019_LA_train/flac/LA_T_1250649.flac,0
/data/DATASETS/ASV_Spoof_2019_LA/ASVspoof2019_LA_dev/flac/LA_D_1969568.flac,0
/data/DATASETS/ASV_Spoof_2019_LA/ASVspoof2019_LA_train/flac/LA_T_4684802.flac,0
/data/DATASETS/ASV_Spoof_2019_LA/ASVspoof2019_LA_train/flac/LA_T_2579152.flac,0
/data/DATASETS/ASV_Spoof_2019_LA/ASVspoof2019_LA_eval/flac/LA_E_4355697.flac,0
/data/DATASETS/ASV_Spoof_2019_LA/ASVspoof2019_LA_eval/flac/LA_E_5149236.flac,0
/data/DATASETS/ASV_Spoof_2019_LA/ASVspoof2019_LA_eval/flac/LA_E_6011449.flac,0
/data/DATASETS/ASV_Spoof_2019_LA/ASVspoof2019_LA_eval/flac/LA_E_8772891.flac,0
/data/DATASETS/ASV_Spoof_2019_LA/ASVspoof2019_LA_eval/flac/LA_E_1173407.flac,0
/data/DATASETS/ASV_Spoof_2019_LA/ASVspoof2019_LA_train/flac/LA_T_4565780.flac,0
/data/DATASETS/ASV_Spoof_2019_LA/ASVspoof2019_LA_eval/flac/LA_E_8892307.flac,0
/data/DATASETS/ASV_Spoof_2019_LA/ASVspoof2019_LA_dev/flac/LA_D_8522983.flac,0
/data/DATASETS/ASV_Spoof_2019_LA/ASVspoof2019_LA_eval/flac/LA_E_4621980.flac,0
/data/DATASETS/ASV_Spoof_2019_LA/ASVspoof2019_LA_dev/flac/LA_D_4663919.flac,0
/data/DATASETS/ASV_Spoof_2019_LA/ASVspoof2019_LA_dev/flac/LA_D_3289496.flac,0
/data/DATASETS/ASV_Spoof_2019_LA/ASVspoof2019_LA_train/flac/LA_T_6740492.flac,0
/data/DATASETS/ASV_Spoof_2019_LA/ASVspoof2019_LA_eval/flac/LA_E_9013462.flac,0
/data/DATASETS/ASV_Spoof_2019_LA/ASVspoof2019_LA_dev/flac/LA_D_2289303.flac,0
/data/DATASETS/ASV_Spoof_2019_LA/ASVspoof2019_LA_dev/flac/LA_D_4881390.flac,0
/data/DATASETS/ASV_Spoof_2019_LA/ASVspoof2019_LA_eval/flac/LA_E_8237320.flac,0
/data/DATASETS/ASV_Spoof_2019_LA/ASVspoof2019_LA_eval/flac/LA_E_6716761.flac,0
/data/DATASETS/ASV_Spoof_2019_LA/ASVspoof2019_LA_eval/flac/LA_E_2541518.flac,0
/data/DATASETS/ASV_Spoof_2019_LA/ASVspoof2019_LA_train/flac/LA_T_1226390.flac,0
/data/DATASETS/ASV_Spoof_2019_LA/ASVspoof2019_LA_dev/flac/LA_D_3922266.flac,0
/data/DATASETS/ASV_Spoof_2019_LA/ASVspoof2019_LA_eval/flac/LA_E_2691029.flac,0
/data/DATASETS/ASV_Spoof_2019_LA/ASVspoof2019_LA_eval/flac/LA_E_6776273.flac,0
/data/DATASETS/ASV_Spoof_2019_LA/ASVspoof2019_LA_dev/flac/LA_D_1365236.flac,0
/data/DATASETS/ASV_Spoof_2019_LA/ASVspoof2019_LA_dev/flac/LA_D_6418577.flac,0
/data/DATASETS/ASV_Spoof_2019_LA/ASVspoof2019_LA_eval/flac/LA_E_9994368.flac,0
/data/DATASETS/ASV_Spoof_2019_LA/ASVspoof2019_LA_dev/flac/LA_D_8429108.flac,0
/data/DATASETS/ASV_Spoof_2019_LA/ASVspoof2019_LA_eval/flac/LA_E_3145588.flac,0
/data/DATASETS/ASV_Spoof_2019_LA/ASVspoof2019_LA_eval/flac/LA_E_8004101.flac,0
/data/DATASETS/ASV_Spoof_2019_LA/ASVspoof2019_LA_dev/flac/LA_D_2339825.flac,0
/data/DATASETS/ASV_Spoof_2019_LA/ASVspoof2019_LA_dev/flac/LA_D_4026041.flac,0
/data/DATASETS/ASV_Spoof_2019_LA/ASVspoof2019_LA_dev/flac/LA_D_1364611.flac,0
/data/DATASETS/ASV_Spoof_2019_LA/ASVspoof2019_LA_eval/flac/LA_E_5740154.flac,0
/data/DATASETS/ASV_Spoof_2019_LA/ASVspoof2019_LA_dev/flac/LA_D_3562432.flac,0
/data/DATASETS/ASV_Spoof_2019_LA/ASVspoof2019_LA_eval/flac/LA_E_8234826.flac,0
/data/DATASETS/ASV_Spoof_2019_LA/ASVspoof2019_LA_eval/flac/LA_E_3417739.flac,0
/data/DATASETS/ASV_Spoof_2019_LA/ASVspoof2019_LA_dev/flac/LA_D_4646934.flac,0
/data/DATASETS/ASV_Spoof_2019_LA/ASVspoof2019_LA_eval/flac/LA_E_7346511.flac,0
/data/DATASETS/ASV_Spoof_2019_LA/ASVspoof2019_LA_eval/flac/LA_E_7223821.flac,0
/data/DATASETS/ASV_Spoof_2019_LA/ASVspoof2019_LA_eval/flac/LA_E_3109345.flac,0
/data/DATASETS/ASV_Spoof_2019_LA/ASVspoof2019_LA_eval/flac/LA_E_4208570.flac,0
/data/DATASETS/ASV_Spoof_2019_LA/ASVspoof2019_LA_eval/flac/LA_E_9698814.flac,0
/data/DATASETS/ASV_Spoof_2019_LA/ASVspoof2019_LA_eval/flac/LA_E_5582785.flac,0
/data/DATASETS/ASV_Spoof_2019_LA/ASVspoof2019_LA_dev/flac/LA_D_4706408.flac,0
/data/DATASETS/ASV_Spoof_2019_LA/ASVspoof2019_LA_eval/flac/LA_E_8313072.flac,0
/data/DATASETS/ASV_Spoof_2019_LA/ASVspoof2019_LA_dev/flac/LA_D_5833858.flac,0
/data/DATASETS/ASV_Spoof_2019_LA/ASVspoof2019_LA_eval/flac/LA_E_1708938.flac,0
/data/DATASETS/ASV_Spoof_2019_LA/ASVspoof2019_LA_eval/flac/LA_E_3822402.flac,0
/data/DATASETS/ASV_Spoof_2019_LA/ASVspoof2019_LA_eval/flac/LA_E_1983133.flac,0
/data/DATASETS/ASV_Spoof_2019_LA/ASVspoof2019_LA_eval/flac/LA_E_6057217.flac,0
/data/DATASETS/ASV_Spoof_2019_LA/ASVspoof2019_LA_dev/flac/LA_D_8183126.flac,0
/data/DATASETS/ASV_Spoof_2019_LA/ASVspoof2019_LA_eval/flac/LA_E_4083301.flac,0
/data/DATASETS/ASV_Spoof_2019_LA/ASVspoof2019_LA_eval/flac/LA_E_1849870.flac,0
/data/DATASETS/ASV_Spoof_2019_LA/ASVspoof2019_LA_eval/flac/LA_E_7862755.flac,0
/data/DATASETS/ASV_Spoof_2019_LA/ASVspoof2019_LA_train/flac/LA_T_6130907.flac,0
/data/DATASETS/ASV_Spoof_2019_LA/ASVspoof2019_LA_train/flac/LA_T_1138215.flac,0
/data/DATASETS/ASV_Spoof_2019_LA/ASVspoof2019_LA_train/flac/LA_T_6524013.flac,0
/data/DATASETS/ASV_Spoof_2019_LA/ASVspoof2019_LA_eval/flac/LA_E_2000270.flac,0
/data/DATASETS/ASV_Spoof_2019_LA/ASVspoof2019_LA_eval/flac/LA_E_8923639.flac,0
/data/DATASETS/ASV_Spoof_2019_LA/ASVspoof2019_LA_train/flac/LA_T_2376874.flac,0
/data/DATASETS/ASV_Spoof_2019_LA/ASVspoof2019_LA_train/flac/LA_T_2193944.flac,0
/data/DATASETS/ASV_Spoof_2019_LA/ASVspoof2019_LA_eval/flac/LA_E_2055578.flac,0
/data/DATASETS/ASV_Spoof_2019_LA/ASVspoof2019_LA_eval/flac/LA_E_3962493.flac,0
/data/DATASETS/ASV_Spoof_2019_LA/ASVspoof2019_LA_eval/flac/LA_E_7069292.flac,0
/data/DATASETS/ASV_Spoof_2019_LA/ASVspoof2019_LA_dev/flac/LA_D_1829406.flac,0
/data/DATASETS/ASV_Spoof_2019_LA/ASVspoof2019_LA_eval/flac/LA_E_4148430.flac,0
/data/DATASETS/ASV_Spoof_2019_LA/ASVspoof2019_LA_eval/flac/LA_E_1694274.flac,0
/data/DATASETS/ASV_Spoof_2019_LA/ASVspoof2019_LA_dev/flac/LA_D_5855069.flac,0
/data/DATASETS/ASV_Spoof_2019_LA/ASVspoof2019_LA_eval/flac/LA_E_8339404.flac,0
/data/DATASETS/ASV_Spoof_2019_LA/ASVspoof2019_LA_train/flac/LA_T_5630619.flac,0
/data/DATASETS/ASV_Spoof_2019_LA/ASVspoof2019_LA_eval/flac/LA_E_2362820.flac,0
/data/DATASETS/ASV_Spoof_2019_LA/ASVspoof2019_LA_eval/flac/LA_E_9336433.flac,0
/data/DATASETS/ASV_Spoof_2019_LA/ASVspoof2019_LA_eval/flac/LA_E_8623364.flac,0
/data/DATASETS/ASV_Spoof_2019_LA/ASVspoof2019_LA_eval/flac/LA_E_1992754.flac,0
/data/DATASETS/ASV_Spoof_2019_LA/ASVspoof2019_LA_eval/flac/LA_E_5806434.flac,0
/data/DATASETS/ASV_Spoof_2019_LA/ASVspoof2019_LA_eval/flac/LA_E_9946336.flac,0
/data/DATASETS/ASV_Spoof_2019_LA/ASVspoof2019_LA_eval/flac/LA_E_9948417.flac,0
/data/DATASETS/ASV_Spoof_2019_LA/ASVspoof2019_LA_eval/flac/LA_E_3246561.flac,0
/data/DATASETS/ASV_Spoof_2019_LA/ASVspoof2019_LA_eval/flac/LA_E_3741023.flac,0
/data/DATASETS/ASV_Spoof_2019_LA/ASVspoof2019_LA_eval/flac/LA_E_7233117.flac,0
/data/DATASETS/ASV_Spoof_2019_LA/ASVspoof2019_LA_dev/flac/LA_D_2517022.flac,0
/data/DATASETS/ASV_Spoof_2019_LA/ASVspoof2019_LA_eval/flac/LA_E_1602348.flac,0
/data/DATASETS/ASV_Spoof_2019_LA/ASVspoof2019_LA_eval/flac/LA_E_7490073.flac,0
/data/DATASETS/ASV_Spoof_2019_LA/ASVspoof2019_LA_eval/flac/LA_E_1875916.flac,0
/data/DATASETS/ASV_Spoof_2019_LA/ASVspoof2019_LA_eval/flac/LA_E_6495340.flac,0
/data/DATASETS/ASV_Spoof_2019_LA/ASVspoof2019_LA_eval/flac/LA_E_8601887.flac,0
/data/DATASETS/ASV_Spoof_2019_LA/ASVspoof2019_LA_eval/flac/LA_E_7553303.flac,0
/data/DATASETS/ASV_Spoof_2019_LA/ASVspoof2019_LA_eval/flac/LA_E_8576675.flac,0
/data/DATASETS/ASV_Spoof_2019_LA/ASVspoof2019_LA_dev/flac/LA_D_6424598.flac,0
/data/DATASETS/ASV_Spoof_2019_LA/ASVspoof2019_LA_train/flac/LA_T_4357296.flac,0
/data/DATASETS/ASV_Spoof_2019_LA/ASVspoof2019_LA_dev/flac/LA_D_5312607.flac,0
/data/DATASETS/ASV_Spoof_2019_LA/ASVspoof2019_LA_train/flac/LA_T_5387155.flac,0
/data/DATASETS/ASV_Spoof_2019_LA/ASVspoof2019_LA_train/flac/LA_T_3612681.flac,0
/data/DATASETS/ASV_Spoof_2019_LA/ASVspoof2019_LA_train/flac/LA_T_4055913.flac,0
/data/DATASETS/ASV_Spoof_2019_LA/ASVspoof2019_LA_train/flac/LA_T_9936219.flac,0
/data/DATASETS/ASV_Spoof_2019_LA/ASVspoof2019_LA_dev/flac/LA_D_7512726.flac,0
/data/DATASETS/ASV_Spoof_2019_LA/ASVspoof2019_LA_train/flac/LA_T_9321757.flac,0
/data/DATASETS/ASV_Spoof_2019_LA/ASVspoof2019_LA_eval/flac/LA_E_7037209.flac,0
/data/DATASETS/ASV_Spoof_2019_LA/ASVspoof2019_LA_dev/flac/LA_D_3250830.flac,0
/data/DATASETS/ASV_Spoof_2019_LA/ASVspoof2019_LA_eval/flac/LA_E_6261989.flac,0
/data/DATASETS/ASV_Spoof_2019_LA/ASVspoof2019_LA_dev/flac/LA_D_1361417.flac,0
/data/DATASETS/ASV_Spoof_2019_LA/ASVspoof2019_LA_eval/flac/LA_E_5847029.flac,0
/data/DATASETS/ASV_Spoof_2019_LA/ASVspoof2019_LA_dev/flac/LA_D_1161800.flac,0
/data/DATASETS/ASV_Spoof_2019_LA/ASVspoof2019_LA_eval/flac/LA_E_4605793.flac,0
/data/DATASETS/ASV_Spoof_2019_LA/ASVspoof2019_LA_train/flac/LA_T_1792767.flac,0
/data/DATASETS/ASV_Spoof_2019_LA/ASVspoof2019_LA_eval/flac/LA_E_6048606.flac,0
/data/DATASETS/ASV_Spoof_2019_LA/ASVspoof2019_LA_train/flac/LA_T_7579441.flac,0
/data/DATASETS/ASV_Spoof_2019_LA/ASVspoof2019_LA_eval/flac/LA_E_2666794.flac,0
/data/DATASETS/ASV_Spoof_2019_LA/ASVspoof2019_LA_dev/flac/LA_D_5656029.flac,0
/data/DATASETS/ASV_Spoof_2019_LA/ASVspoof2019_LA_train/flac/LA_T_3508559.flac,0
/data/DATASETS/ASV_Spoof_2019_LA/ASVspoof2019_LA_train/flac/LA_T_4086457.flac,0
/data/DATASETS/ASV_Spoof_2019_LA/ASVspoof2019_LA_eval/flac/LA_E_2739505.flac,0
/data/DATASETS/ASV_Spoof_2019_LA/ASVspoof2019_LA_eval/flac/LA_E_8996948.flac,0
/data/DATASETS/ASV_Spoof_2019_LA/ASVspoof2019_LA_eval/flac/LA_E_2743487.flac,0
/data/DATASETS/ASV_Spoof_2019_LA/ASVspoof2019_LA_dev/flac/LA_D_5411434.flac,0
/data/DATASETS/ASV_Spoof_2019_LA/ASVspoof2019_LA_eval/flac/LA_E_5974773.flac,0
/data/DATASETS/ASV_Spoof_2019_LA/ASVspoof2019_LA_eval/flac/LA_E_4158525.flac,0
/data/DATASETS/ASV_Spoof_2019_LA/ASVspoof2019_LA_eval/flac/LA_E_2481337.flac,0
/data/DATASETS/ASV_Spoof_2019_LA/ASVspoof2019_LA_eval/flac/LA_E_3486569.flac,0
/data/DATASETS/ASV_Spoof_2019_LA/ASVspoof2019_LA_eval/flac/LA_E_6212432.flac,0
/data/DATASETS/ASV_Spoof_2019_LA/ASVspoof2019_LA_eval/flac/LA_E_4398404.flac,0
/data/DATASETS/ASV_Spoof_2019_LA/ASVspoof2019_LA_eval/flac/LA_E_4368078.flac,0
/data/DATASETS/ASV_Spoof_2019_LA/ASVspoof2019_LA_eval/flac/LA_E_9311835.flac,0
/data/DATASETS/ASV_Spoof_2019_LA/ASVspoof2019_LA_train/flac/LA_T_5383824.flac,0
/data/DATASETS/ASV_Spoof_2019_LA/ASVspoof2019_LA_eval/flac/LA_E_3746770.flac,0
/data/DATASETS/ASV_Spoof_2019_LA/ASVspoof2019_LA_eval/flac/LA_E_2957334.flac,0
/data/DATASETS/ASV_Spoof_2019_LA/ASVspoof2019_LA_eval/flac/LA_E_7471911.flac,0
/data/DATASETS/ASV_Spoof_2019_LA/ASVspoof2019_LA_eval/flac/LA_E_1181481.flac,0
/data/DATASETS/ASV_Spoof_2019_LA/ASVspoof2019_LA_train/flac/LA_T_3968554.flac,0
/data/DATASETS/ASV_Spoof_2019_LA/ASVspoof2019_LA_train/flac/LA_T_4606578.flac,0
/data/DATASETS/ASV_Spoof_2019_LA/ASVspoof2019_LA_eval/flac/LA_E_5215784.flac,0
/data/DATASETS/ASV_Spoof_2019_LA/ASVspoof2019_LA_dev/flac/LA_D_7428513.flac,0
/data/DATASETS/ASV_Spoof_2019_LA/ASVspoof2019_LA_eval/flac/LA_E_4423975.flac,0
/data/DATASETS/ASV_Spoof_2019_LA/ASVspoof2019_LA_eval/flac/LA_E_3411231.flac,0
/data/DATASETS/ASV_Spoof_2019_LA/ASVspoof2019_LA_train/flac/LA_T_9807464.flac,0
/data/DATASETS/ASV_Spoof_2019_LA/ASVspoof2019_LA_eval/flac/LA_E_1219410.flac,0
/data/DATASETS/ASV_Spoof_2019_LA/ASVspoof2019_LA_eval/flac/LA_E_9605186.flac,0
/data/DATASETS/ASV_Spoof_2019_LA/ASVspoof2019_LA_dev/flac/LA_D_3497637.flac,0
/data/DATASETS/ASV_Spoof_2019_LA/ASVspoof2019_LA_eval/flac/LA_E_2687712.flac,0
/data/DATASETS/ASV_Spoof_2019_LA/ASVspoof2019_LA_train/flac/LA_T_5433418.flac,0
/data/DATASETS/ASV_Spoof_2019_LA/ASVspoof2019_LA_eval/flac/LA_E_5906321.flac,0
/data/DATASETS/ASV_Spoof_2019_LA/ASVspoof2019_LA_eval/flac/LA_E_9186149.flac,0
/data/DATASETS/ASV_Spoof_2019_LA/ASVspoof2019_LA_train/flac/LA_T_7774011.flac,0
/data/DATASETS/ASV_Spoof_2019_LA/ASVspoof2019_LA_dev/flac/LA_D_1614129.flac,0
/data/DATASETS/ASV_Spoof_2019_LA/ASVspoof2019_LA_dev/flac/LA_D_9864113.flac,0
/data/DATASETS/ASV_Spoof_2019_LA/ASVspoof2019_LA_eval/flac/LA_E_2635483.flac,0
/data/DATASETS/ASV_Spoof_2019_LA/ASVspoof2019_LA_eval/flac/LA_E_8326117.flac,0
/data/DATASETS/ASV_Spoof_2019_LA/ASVspoof2019_LA_eval/flac/LA_E_1598372.flac,0
/data/DATASETS/ASV_Spoof_2019_LA/ASVspoof2019_LA_eval/flac/LA_E_4830979.flac,0
/data/DATASETS/ASV_Spoof_2019_LA/ASVspoof2019_LA_eval/flac/LA_E_9669594.flac,0
/data/DATASETS/ASV_Spoof_2019_LA/ASVspoof2019_LA_dev/flac/LA_D_5510627.flac,0
/data/DATASETS/ASV_Spoof_2019_LA/ASVspoof2019_LA_dev/flac/LA_D_8043080.flac,0
/data/DATASETS/ASV_Spoof_2019_LA/ASVspoof2019_LA_train/flac/LA_T_2500033.flac,0
/data/DATASETS/ASV_Spoof_2019_LA/ASVspoof2019_LA_eval/flac/LA_E_9180942.flac,0
/data/DATASETS/ASV_Spoof_2019_LA/ASVspoof2019_LA_dev/flac/LA_D_2265315.flac,0
/data/DATASETS/ASV_Spoof_2019_LA/ASVspoof2019_LA_train/flac/LA_T_9366701.flac,0
/data/DATASETS/ASV_Spoof_2019_LA/ASVspoof2019_LA_train/flac/LA_T_8176264.flac,0
/data/DATASETS/ASV_Spoof_2019_LA/ASVspoof2019_LA_train/flac/LA_T_2662915.flac,0
/data/DATASETS/ASV_Spoof_2019_LA/ASVspoof2019_LA_train/flac/LA_T_2783139.flac,0
/data/DATASETS/ASV_Spoof_2019_LA/ASVspoof2019_LA_dev/flac/LA_D_4052216.flac,0
/data/DATASETS/ASV_Spoof_2019_LA/ASVspoof2019_LA_eval/flac/LA_E_5067958.flac,0
/data/DATASETS/ASV_Spoof_2019_LA/ASVspoof2019_LA_dev/flac/LA_D_1520830.flac,0
/data/DATASETS/ASV_Spoof_2019_LA/ASVspoof2019_LA_eval/flac/LA_E_7180994.flac,0
/data/DATASETS/ASV_Spoof_2019_LA/ASVspoof2019_LA_eval/flac/LA_E_4618845.flac,0
/data/DATASETS/ASV_Spoof_2019_LA/ASVspoof2019_LA_train/flac/LA_T_6566146.flac,0
/data/DATASETS/ASV_Spoof_2019_LA/ASVspoof2019_LA_eval/flac/LA_E_8587191.flac,0
/data/DATASETS/ASV_Spoof_2019_LA/ASVspoof2019_LA_eval/flac/LA_E_6912118.flac,0
/data/DATASETS/ASV_Spoof_2019_LA/ASVspoof2019_LA_eval/flac/LA_E_4867311.flac,0
/data/DATASETS/ASV_Spoof_2019_LA/ASVspoof2019_LA_dev/flac/LA_D_4675196.flac,0
/data/DATASETS/ASV_Spoof_2019_LA/ASVspoof2019_LA_train/flac/LA_T_3397728.flac,0
/data/DATASETS/ASV_Spoof_2019_LA/ASVspoof2019_LA_eval/flac/LA_E_4921261.flac,0
/data/DATASETS/ASV_Spoof_2019_LA/ASVspoof2019_LA_eval/flac/LA_E_3420406.flac,0
/data/DATASETS/ASV_Spoof_2019_LA/ASVspoof2019_LA_dev/flac/LA_D_6137766.flac,0
/data/DATASETS/ASV_Spoof_2019_LA/ASVspoof2019_LA_eval/flac/LA_E_5882709.flac,0
/data/DATASETS/ASV_Spoof_2019_LA/ASVspoof2019_LA_eval/flac/LA_E_3471963.flac,0
/data/DATASETS/ASV_Spoof_2019_LA/ASVspoof2019_LA_dev/flac/LA_D_9441585.flac,0
/data/DATASETS/ASV_Spoof_2019_LA/ASVspoof2019_LA_train/flac/LA_T_4817040.flac,0
/data/DATASETS/ASV_Spoof_2019_LA/ASVspoof2019_LA_dev/flac/LA_D_7566925.flac,0
/data/DATASETS/ASV_Spoof_2019_LA/ASVspoof2019_LA_dev/flac/LA_D_9764499.flac,0
/data/DATASETS/ASV_Spoof_2019_LA/ASVspoof2019_LA_dev/flac/LA_D_6864236.flac,0
/data/DATASETS/ASV_Spoof_2019_LA/ASVspoof2019_LA_eval/flac/LA_E_7130668.flac,0
/data/DATASETS/ASV_Spoof_2019_LA/ASVspoof2019_LA_dev/flac/LA_D_7271587.flac,0
/data/DATASETS/ASV_Spoof_2019_LA/ASVspoof2019_LA_eval/flac/LA_E_3544531.flac,0
/data/DATASETS/ASV_Spoof_2019_LA/ASVspoof2019_LA_eval/flac/LA_E_6554695.flac,0
/data/DATASETS/ASV_Spoof_2019_LA/ASVspoof2019_LA_train/flac/LA_T_9773614.flac,0
/data/DATASETS/ASV_Spoof_2019_LA/ASVspoof2019_LA_eval/flac/LA_E_3795272.flac,0
/data/DATASETS/ASV_Spoof_2019_LA/ASVspoof2019_LA_eval/flac/LA_E_7425196.flac,0
/data/DATASETS/ASV_Spoof_2019_LA/ASVspoof2019_LA_train/flac/LA_T_3580508.flac,0
/data/DATASETS/ASV_Spoof_2019_LA/ASVspoof2019_LA_eval/flac/LA_E_9986716.flac,0
/data/DATASETS/ASV_Spoof_2019_LA/ASVspoof2019_LA_eval/flac/LA_E_8436090.flac,0
/data/DATASETS/ASV_Spoof_2019_LA/ASVspoof2019_LA_eval/flac/LA_E_8957409.flac,0
/data/DATASETS/ASV_Spoof_2019_LA/ASVspoof2019_LA_eval/flac/LA_E_7086427.flac,0
/data/DATASETS/ASV_Spoof_2019_LA/ASVspoof2019_LA_eval/flac/LA_E_9981609.flac,0
/data/DATASETS/ASV_Spoof_2019_LA/ASVspoof2019_LA_eval/flac/LA_E_6377471.flac,0
/data/DATASETS/ASV_Spoof_2019_LA/ASVspoof2019_LA_train/flac/LA_T_2220901.flac,0
/data/DATASETS/ASV_Spoof_2019_LA/ASVspoof2019_LA_eval/flac/LA_E_7238684.flac,0
/data/DATASETS/ASV_Spoof_2019_LA/ASVspoof2019_LA_eval/flac/LA_E_1148164.flac,0
/data/DATASETS/ASV_Spoof_2019_LA/ASVspoof2019_LA_dev/flac/LA_D_7651671.flac,0
/data/DATASETS/ASV_Spoof_2019_LA/ASVspoof2019_LA_eval/flac/LA_E_7185622.flac,0
/data/DATASETS/ASV_Spoof_2019_LA/ASVspoof2019_LA_eval/flac/LA_E_2023260.flac,0
/data/DATASETS/ASV_Spoof_2019_LA/ASVspoof2019_LA_dev/flac/LA_D_6340859.flac,0
/data/DATASETS/ASV_Spoof_2019_LA/ASVspoof2019_LA_eval/flac/LA_E_5090487.flac,0
/data/DATASETS/ASV_Spoof_2019_LA/ASVspoof2019_LA_eval/flac/LA_E_7503369.flac,0
/data/DATASETS/ASV_Spoof_2019_LA/ASVspoof2019_LA_eval/flac/LA_E_5505086.flac,0
/data/DATASETS/ASV_Spoof_2019_LA/ASVspoof2019_LA_eval/flac/LA_E_2076326.flac,0
/data/DATASETS/ASV_Spoof_2019_LA/ASVspoof2019_LA_train/flac/LA_T_8974364.flac,0
/data/DATASETS/ASV_Spoof_2019_LA/ASVspoof2019_LA_eval/flac/LA_E_6675743.flac,0
/data/DATASETS/ASV_Spoof_2019_LA/ASVspoof2019_LA_eval/flac/LA_E_7584481.flac,0
/data/DATASETS/ASV_Spoof_2019_LA/ASVspoof2019_LA_eval/flac/LA_E_2204121.flac,0
/data/DATASETS/ASV_Spoof_2019_LA/ASVspoof2019_LA_eval/flac/LA_E_2184323.flac,0
/data/DATASETS/ASV_Spoof_2019_LA/ASVspoof2019_LA_eval/flac/LA_E_8275122.flac,0
/data/DATASETS/ASV_Spoof_2019_LA/ASVspoof2019_LA_eval/flac/LA_E_7328013.flac,0
/data/DATASETS/ASV_Spoof_2019_LA/ASVspoof2019_LA_eval/flac/LA_E_6136041.flac,0
/data/DATASETS/ASV_Spoof_2019_LA/ASVspoof2019_LA_dev/flac/LA_D_5626364.flac,0
/data/DATASETS/ASV_Spoof_2019_LA/ASVspoof2019_LA_eval/flac/LA_E_5326886.flac,0
/data/DATASETS/ASV_Spoof_2019_LA/ASVspoof2019_LA_dev/flac/LA_D_8946580.flac,0
/data/DATASETS/ASV_Spoof_2019_LA/ASVspoof2019_LA_train/flac/LA_T_3046012.flac,0
/data/DATASETS/ASV_Spoof_2019_LA/ASVspoof2019_LA_eval/flac/LA_E_3662039.flac,0
/data/DATASETS/ASV_Spoof_2019_LA/ASVspoof2019_LA_train/flac/LA_T_9145540.flac,0
/data/DATASETS/ASV_Spoof_2019_LA/ASVspoof2019_LA_dev/flac/LA_D_6716648.flac,0
/data/DATASETS/ASV_Spoof_2019_LA/ASVspoof2019_LA_train/flac/LA_T_8164024.flac,0
/data/DATASETS/ASV_Spoof_2019_LA/ASVspoof2019_LA_eval/flac/LA_E_9301504.flac,0
/data/DATASETS/ASV_Spoof_2019_LA/ASVspoof2019_LA_eval/flac/LA_E_8594408.flac,0
/data/DATASETS/ASV_Spoof_2019_LA/ASVspoof2019_LA_eval/flac/LA_E_3600431.flac,0
/data/DATASETS/ASV_Spoof_2019_LA/ASVspoof2019_LA_train/flac/LA_T_2280500.flac,0
/data/DATASETS/ASV_Spoof_2019_LA/ASVspoof2019_LA_eval/flac/LA_E_7478324.flac,0
/data/DATASETS/ASV_Spoof_2019_LA/ASVspoof2019_LA_train/flac/LA_T_3249101.flac,0
/data/DATASETS/ASV_Spoof_2019_LA/ASVspoof2019_LA_eval/flac/LA_E_5150985.flac,0
/data/DATASETS/ASV_Spoof_2019_LA/ASVspoof2019_LA_eval/flac/LA_E_6467158.flac,0
/data/DATASETS/ASV_Spoof_2019_LA/ASVspoof2019_LA_eval/flac/LA_E_3717751.flac,0
/data/DATASETS/ASV_Spoof_2019_LA/ASVspoof2019_LA_train/flac/LA_T_9987202.flac,0
/data/DATASETS/ASV_Spoof_2019_LA/ASVspoof2019_LA_eval/flac/LA_E_2400438.flac,0
/data/DATASETS/ASV_Spoof_2019_LA/ASVspoof2019_LA_eval/flac/LA_E_1565422.flac,0
/data/DATASETS/ASV_Spoof_2019_LA/ASVspoof2019_LA_eval/flac/LA_E_4204928.flac,0
/data/DATASETS/ASV_Spoof_2019_LA/ASVspoof2019_LA_eval/flac/LA_E_9280037.flac,0
/data/DATASETS/ASV_Spoof_2019_LA/ASVspoof2019_LA_eval/flac/LA_E_2734119.flac,0
/data/DATASETS/ASV_Spoof_2019_LA/ASVspoof2019_LA_eval/flac/LA_E_6677864.flac,0
/data/DATASETS/ASV_Spoof_2019_LA/ASVspoof2019_LA_dev/flac/LA_D_9843427.flac,0
/data/DATASETS/ASV_Spoof_2019_LA/ASVspoof2019_LA_eval/flac/LA_E_5945714.flac,0
/data/DATASETS/ASV_Spoof_2019_LA/ASVspoof2019_LA_eval/flac/LA_E_1027220.flac,0
/data/DATASETS/ASV_Spoof_2019_LA/ASVspoof2019_LA_dev/flac/LA_D_3215740.flac,0
/data/DATASETS/ASV_Spoof_2019_LA/ASVspoof2019_LA_eval/flac/LA_E_8945666.flac,0
/data/DATASETS/ASV_Spoof_2019_LA/ASVspoof2019_LA_eval/flac/LA_E_9813220.flac,0
/data/DATASETS/ASV_Spoof_2019_LA/ASVspoof2019_LA_eval/flac/LA_E_1558666.flac,0
/data/DATASETS/ASV_Spoof_2019_LA/ASVspoof2019_LA_train/flac/LA_T_4197307.flac,0
/data/DATASETS/ASV_Spoof_2019_LA/ASVspoof2019_LA_train/flac/LA_T_5264471.flac,0
/data/DATASETS/ASV_Spoof_2019_LA/ASVspoof2019_LA_train/flac/LA_T_4631069.flac,0
/data/DATASETS/ASV_Spoof_2019_LA/ASVspoof2019_LA_eval/flac/LA_E_1326716.flac,0
/data/DATASETS/ASV_Spoof_2019_LA/ASVspoof2019_LA_eval/flac/LA_E_2876321.flac,0
/data/DATASETS/ASV_Spoof_2019_LA/ASVspoof2019_LA_train/flac/LA_T_3076054.flac,0
/data/DATASETS/ASV_Spoof_2019_LA/ASVspoof2019_LA_eval/flac/LA_E_4139560.flac,0
/data/DATASETS/ASV_Spoof_2019_LA/ASVspoof2019_LA_eval/flac/LA_E_5860056.flac,0
/data/DATASETS/ASV_Spoof_2019_LA/ASVspoof2019_LA_train/flac/LA_T_9384908.flac,0
/data/DATASETS/ASV_Spoof_2019_LA/ASVspoof2019_LA_train/flac/LA_T_5024980.flac,0
/data/DATASETS/ASV_Spoof_2019_LA/ASVspoof2019_LA_eval/flac/LA_E_6507795.flac,0
/data/DATASETS/ASV_Spoof_2019_LA/ASVspoof2019_LA_eval/flac/LA_E_9419868.flac,0
/data/DATASETS/ASV_Spoof_2019_LA/ASVspoof2019_LA_eval/flac/LA_E_7094448.flac,0
/data/DATASETS/ASV_Spoof_2019_LA/ASVspoof2019_LA_eval/flac/LA_E_2838973.flac,0
/data/DATASETS/ASV_Spoof_2019_LA/ASVspoof2019_LA_eval/flac/LA_E_9821124.flac,0
/data/DATASETS/ASV_Spoof_2019_LA/ASVspoof2019_LA_dev/flac/LA_D_6963530.flac,0
/data/DATASETS/ASV_Spoof_2019_LA/ASVspoof2019_LA_train/flac/LA_T_8955767.flac,0
/data/DATASETS/ASV_Spoof_2019_LA/ASVspoof2019_LA_train/flac/LA_T_5458231.flac,0
/data/DATASETS/ASV_Spoof_2019_LA/ASVspoof2019_LA_train/flac/LA_T_9242200.flac,0
/data/DATASETS/ASV_Spoof_2019_LA/ASVspoof2019_LA_eval/flac/LA_E_8030705.flac,0
/data/DATASETS/ASV_Spoof_2019_LA/ASVspoof2019_LA_dev/flac/LA_D_6081678.flac,0
/data/DATASETS/ASV_Spoof_2019_LA/ASVspoof2019_LA_train/flac/LA_T_6808825.flac,0
/data/DATASETS/ASV_Spoof_2019_LA/ASVspoof2019_LA_dev/flac/LA_D_2026367.flac,0
/data/DATASETS/ASV_Spoof_2019_LA/ASVspoof2019_LA_eval/flac/LA_E_4916170.flac,0
/data/DATASETS/ASV_Spoof_2019_LA/ASVspoof2019_LA_eval/flac/LA_E_6550380.flac,0
/data/DATASETS/ASV_Spoof_2019_LA/ASVspoof2019_LA_eval/flac/LA_E_5849439.flac,0
/data/DATASETS/ASV_Spoof_2019_LA/ASVspoof2019_LA_eval/flac/LA_E_7999257.flac,0
/data/DATASETS/ASV_Spoof_2019_LA/ASVspoof2019_LA_eval/flac/LA_E_4359358.flac,0
/data/DATASETS/ASV_Spoof_2019_LA/ASVspoof2019_LA_eval/flac/LA_E_2031315.flac,0
/data/DATASETS/ASV_Spoof_2019_LA/ASVspoof2019_LA_train/flac/LA_T_1859956.flac,0
/data/DATASETS/ASV_Spoof_2019_LA/ASVspoof2019_LA_dev/flac/LA_D_1355058.flac,0
/data/DATASETS/ASV_Spoof_2019_LA/ASVspoof2019_LA_eval/flac/LA_E_9741585.flac,0
/data/DATASETS/ASV_Spoof_2019_LA/ASVspoof2019_LA_eval/flac/LA_E_2105636.flac,0
/data/DATASETS/ASV_Spoof_2019_LA/ASVspoof2019_LA_eval/flac/LA_E_7802977.flac,0
/data/DATASETS/ASV_Spoof_2019_LA/ASVspoof2019_LA_eval/flac/LA_E_7007477.flac,0
/data/DATASETS/ASV_Spoof_2019_LA/ASVspoof2019_LA_dev/flac/LA_D_1648291.flac,0
/data/DATASETS/ASV_Spoof_2019_LA/ASVspoof2019_LA_eval/flac/LA_E_4246903.flac,0
/data/DATASETS/ASV_Spoof_2019_LA/ASVspoof2019_LA_train/flac/LA_T_8265782.flac,0
/data/DATASETS/ASV_Spoof_2019_LA/ASVspoof2019_LA_eval/flac/LA_E_8833085.flac,0
/data/DATASETS/ASV_Spoof_2019_LA/ASVspoof2019_LA_train/flac/LA_T_1272637.flac,0
/data/DATASETS/ASV_Spoof_2019_LA/ASVspoof2019_LA_train/flac/LA_T_2424483.flac,0
/data/DATASETS/ASV_Spoof_2019_LA/ASVspoof2019_LA_dev/flac/LA_D_2996584.flac,0
/data/DATASETS/ASV_Spoof_2019_LA/ASVspoof2019_LA_train/flac/LA_T_1585521.flac,0
/data/DATASETS/ASV_Spoof_2019_LA/ASVspoof2019_LA_eval/flac/LA_E_1125558.flac,0
/data/DATASETS/ASV_Spoof_2019_LA/ASVspoof2019_LA_eval/flac/LA_E_9084776.flac,0
/data/DATASETS/ASV_Spoof_2019_LA/ASVspoof2019_LA_eval/flac/LA_E_3238127.flac,0
/data/DATASETS/ASV_Spoof_2019_LA/ASVspoof2019_LA_eval/flac/LA_E_5990651.flac,0
/data/DATASETS/ASV_Spoof_2019_LA/ASVspoof2019_LA_eval/flac/LA_E_9072241.flac,0
/data/DATASETS/ASV_Spoof_2019_LA/ASVspoof2019_LA_eval/flac/LA_E_1382638.flac,0
/data/DATASETS/ASV_Spoof_2019_LA/ASVspoof2019_LA_eval/flac/LA_E_4829659.flac,0
/data/DATASETS/ASV_Spoof_2019_LA/ASVspoof2019_LA_eval/flac/LA_E_5317035.flac,0
/data/DATASETS/ASV_Spoof_2019_LA/ASVspoof2019_LA_dev/flac/LA_D_6646969.flac,0
/data/DATASETS/ASV_Spoof_2019_LA/ASVspoof2019_LA_eval/flac/LA_E_8319703.flac,0
/data/DATASETS/ASV_Spoof_2019_LA/ASVspoof2019_LA_train/flac/LA_T_2394703.flac,0
/data/DATASETS/ASV_Spoof_2019_LA/ASVspoof2019_LA_dev/flac/LA_D_9979957.flac,0
/data/DATASETS/ASV_Spoof_2019_LA/ASVspoof2019_LA_train/flac/LA_T_3957794.flac,0
/data/DATASETS/ASV_Spoof_2019_LA/ASVspoof2019_LA_train/flac/LA_T_1836557.flac,0
/data/DATASETS/ASV_Spoof_2019_LA/ASVspoof2019_LA_eval/flac/LA_E_3137177.flac,0
/data/DATASETS/ASV_Spoof_2019_LA/ASVspoof2019_LA_dev/flac/LA_D_7755990.flac,0
/data/DATASETS/ASV_Spoof_2019_LA/ASVspoof2019_LA_dev/flac/LA_D_9471952.flac,0
/data/DATASETS/ASV_Spoof_2019_LA/ASVspoof2019_LA_train/flac/LA_T_3153194.flac,0
/data/DATASETS/ASV_Spoof_2019_LA/ASVspoof2019_LA_eval/flac/LA_E_8907575.flac,0
/data/DATASETS/ASV_Spoof_2019_LA/ASVspoof2019_LA_eval/flac/LA_E_8099558.flac,0
/data/DATASETS/ASV_Spoof_2019_LA/ASVspoof2019_LA_dev/flac/LA_D_7530789.flac,0
/data/DATASETS/ASV_Spoof_2019_LA/ASVspoof2019_LA_eval/flac/LA_E_9606810.flac,0
/data/DATASETS/ASV_Spoof_2019_LA/ASVspoof2019_LA_train/flac/LA_T_8111539.flac,0
/data/DATASETS/ASV_Spoof_2019_LA/ASVspoof2019_LA_train/flac/LA_T_2513767.flac,0
/data/DATASETS/ASV_Spoof_2019_LA/ASVspoof2019_LA_eval/flac/LA_E_5524230.flac,0
/data/DATASETS/ASV_Spoof_2019_LA/ASVspoof2019_LA_eval/flac/LA_E_5248605.flac,0
/data/DATASETS/ASV_Spoof_2019_LA/ASVspoof2019_LA_dev/flac/LA_D_5654315.flac,0
/data/DATASETS/ASV_Spoof_2019_LA/ASVspoof2019_LA_eval/flac/LA_E_4991750.flac,0
/data/DATASETS/ASV_Spoof_2019_LA/ASVspoof2019_LA_dev/flac/LA_D_2519862.flac,0
/data/DATASETS/ASV_Spoof_2019_LA/ASVspoof2019_LA_dev/flac/LA_D_6460049.flac,0
/data/DATASETS/ASV_Spoof_2019_LA/ASVspoof2019_LA_eval/flac/LA_E_4447372.flac,0
/data/DATASETS/ASV_Spoof_2019_LA/ASVspoof2019_LA_dev/flac/LA_D_4226294.flac,0
/data/DATASETS/ASV_Spoof_2019_LA/ASVspoof2019_LA_eval/flac/LA_E_8885186.flac,0
/data/DATASETS/ASV_Spoof_2019_LA/ASVspoof2019_LA_eval/flac/LA_E_2015202.flac,0
/data/DATASETS/ASV_Spoof_2019_LA/ASVspoof2019_LA_train/flac/LA_T_5855384.flac,0
/data/DATASETS/ASV_Spoof_2019_LA/ASVspoof2019_LA_eval/flac/LA_E_9589749.flac,0
/data/DATASETS/ASV_Spoof_2019_LA/ASVspoof2019_LA_dev/flac/LA_D_4033093.flac,0
/data/DATASETS/ASV_Spoof_2019_LA/ASVspoof2019_LA_eval/flac/LA_E_9666751.flac,0
/data/DATASETS/ASV_Spoof_2019_LA/ASVspoof2019_LA_eval/flac/LA_E_3457833.flac,0
/data/DATASETS/ASV_Spoof_2019_LA/ASVspoof2019_LA_eval/flac/LA_E_8938660.flac,0
/data/DATASETS/ASV_Spoof_2019_LA/ASVspoof2019_LA_eval/flac/LA_E_9968508.flac,0
/data/DATASETS/ASV_Spoof_2019_LA/ASVspoof2019_LA_eval/flac/LA_E_6453309.flac,0
/data/DATASETS/ASV_Spoof_2019_LA/ASVspoof2019_LA_train/flac/LA_T_1208112.flac,0
/data/DATASETS/ASV_Spoof_2019_LA/ASVspoof2019_LA_eval/flac/LA_E_1824404.flac,0
/data/DATASETS/ASV_Spoof_2019_LA/ASVspoof2019_LA_dev/flac/LA_D_7916368.flac,0
/data/DATASETS/ASV_Spoof_2019_LA/ASVspoof2019_LA_dev/flac/LA_D_9841868.flac,0
/data/DATASETS/ASV_Spoof_2019_LA/ASVspoof2019_LA_train/flac/LA_T_9369650.flac,0
/data/DATASETS/ASV_Spoof_2019_LA/ASVspoof2019_LA_eval/flac/LA_E_8206599.flac,0
/data/DATASETS/ASV_Spoof_2019_LA/ASVspoof2019_LA_eval/flac/LA_E_9276765.flac,0
/data/DATASETS/ASV_Spoof_2019_LA/ASVspoof2019_LA_dev/flac/LA_D_5891453.flac,0
/data/DATASETS/ASV_Spoof_2019_LA/ASVspoof2019_LA_eval/flac/LA_E_8594684.flac,0
/data/DATASETS/ASV_Spoof_2019_LA/ASVspoof2019_LA_eval/flac/LA_E_2064803.flac,0
/data/DATASETS/ASV_Spoof_2019_LA/ASVspoof2019_LA_eval/flac/LA_E_5753236.flac,0
/data/DATASETS/ASV_Spoof_2019_LA/ASVspoof2019_LA_eval/flac/LA_E_8073119.flac,0
/data/DATASETS/ASV_Spoof_2019_LA/ASVspoof2019_LA_eval/flac/LA_E_5572164.flac,0
/data/DATASETS/ASV_Spoof_2019_LA/ASVspoof2019_LA_train/flac/LA_T_4668575.flac,0
/data/DATASETS/ASV_Spoof_2019_LA/ASVspoof2019_LA_eval/flac/LA_E_4541946.flac,0
/data/DATASETS/ASV_Spoof_2019_LA/ASVspoof2019_LA_dev/flac/LA_D_1697470.flac,0
/data/DATASETS/ASV_Spoof_2019_LA/ASVspoof2019_LA_eval/flac/LA_E_5749605.flac,0
/data/DATASETS/ASV_Spoof_2019_LA/ASVspoof2019_LA_train/flac/LA_T_3703356.flac,0
/data/DATASETS/ASV_Spoof_2019_LA/ASVspoof2019_LA_eval/flac/LA_E_1177031.flac,0
/data/DATASETS/ASV_Spoof_2019_LA/ASVspoof2019_LA_eval/flac/LA_E_2212964.flac,0
/data/DATASETS/ASV_Spoof_2019_LA/ASVspoof2019_LA_eval/flac/LA_E_4254696.flac,0
/data/DATASETS/ASV_Spoof_2019_LA/ASVspoof2019_LA_dev/flac/LA_D_1389698.flac,0
/data/DATASETS/ASV_Spoof_2019_LA/ASVspoof2019_LA_eval/flac/LA_E_5496316.flac,0
/data/DATASETS/ASV_Spoof_2019_LA/ASVspoof2019_LA_dev/flac/LA_D_6787225.flac,0
/data/DATASETS/ASV_Spoof_2019_LA/ASVspoof2019_LA_train/flac/LA_T_4707993.flac,0
/data/DATASETS/ASV_Spoof_2019_LA/ASVspoof2019_LA_eval/flac/LA_E_2288596.flac,0
/data/DATASETS/ASV_Spoof_2019_LA/ASVspoof2019_LA_eval/flac/LA_E_4059607.flac,0
/data/DATASETS/ASV_Spoof_2019_LA/ASVspoof2019_LA_eval/flac/LA_E_4046146.flac,0
/data/DATASETS/ASV_Spoof_2019_LA/ASVspoof2019_LA_eval/flac/LA_E_2805188.flac,0
/data/DATASETS/ASV_Spoof_2019_LA/ASVspoof2019_LA_eval/flac/LA_E_8448475.flac,0
/data/DATASETS/ASV_Spoof_2019_LA/ASVspoof2019_LA_eval/flac/LA_E_3607644.flac,0
/data/DATASETS/ASV_Spoof_2019_LA/ASVspoof2019_LA_dev/flac/LA_D_8267383.flac,0
/data/DATASETS/ASV_Spoof_2019_LA/ASVspoof2019_LA_train/flac/LA_T_6731739.flac,0
/data/DATASETS/ASV_Spoof_2019_LA/ASVspoof2019_LA_eval/flac/LA_E_7290551.flac,0
/data/DATASETS/ASV_Spoof_2019_LA/ASVspoof2019_LA_eval/flac/LA_E_3372021.flac,0
/data/DATASETS/ASV_Spoof_2019_LA/ASVspoof2019_LA_dev/flac/LA_D_2884522.flac,0
/data/DATASETS/ASV_Spoof_2019_LA/ASVspoof2019_LA_train/flac/LA_T_7239632.flac,0
/data/DATASETS/ASV_Spoof_2019_LA/ASVspoof2019_LA_train/flac/LA_T_5179598.flac,0
/data/DATASETS/ASV_Spoof_2019_LA/ASVspoof2019_LA_dev/flac/LA_D_6288557.flac,0
/data/DATASETS/ASV_Spoof_2019_LA/ASVspoof2019_LA_train/flac/LA_T_2012289.flac,0
/data/DATASETS/ASV_Spoof_2019_LA/ASVspoof2019_LA_dev/flac/LA_D_6410181.flac,0
/data/DATASETS/ASV_Spoof_2019_LA/ASVspoof2019_LA_dev/flac/LA_D_4248918.flac,0
/data/DATASETS/ASV_Spoof_2019_LA/ASVspoof2019_LA_train/flac/LA_T_4927126.flac,0
/data/DATASETS/ASV_Spoof_2019_LA/ASVspoof2019_LA_eval/flac/LA_E_7410535.flac,0
/data/DATASETS/ASV_Spoof_2019_LA/ASVspoof2019_LA_dev/flac/LA_D_1820875.flac,0
/data/DATASETS/ASV_Spoof_2019_LA/ASVspoof2019_LA_eval/flac/LA_E_7829650.flac,0
/data/DATASETS/ASV_Spoof_2019_LA/ASVspoof2019_LA_eval/flac/LA_E_5538655.flac,0
/data/DATASETS/ASV_Spoof_2019_LA/ASVspoof2019_LA_eval/flac/LA_E_3639619.flac,0
/data/DATASETS/ASV_Spoof_2019_LA/ASVspoof2019_LA_eval/flac/LA_E_8513798.flac,0
/data/DATASETS/ASV_Spoof_2019_LA/ASVspoof2019_LA_eval/flac/LA_E_7588699.flac,0
/data/DATASETS/ASV_Spoof_2019_LA/ASVspoof2019_LA_dev/flac/LA_D_1123614.flac,0
/data/DATASETS/ASV_Spoof_2019_LA/ASVspoof2019_LA_train/flac/LA_T_7630574.flac,0
/data/DATASETS/ASV_Spoof_2019_LA/ASVspoof2019_LA_dev/flac/LA_D_2630434.flac,0
/data/DATASETS/ASV_Spoof_2019_LA/ASVspoof2019_LA_dev/flac/LA_D_4667621.flac,0
/data/DATASETS/ASV_Spoof_2019_LA/ASVspoof2019_LA_dev/flac/LA_D_5192077.flac,0
/data/DATASETS/ASV_Spoof_2019_LA/ASVspoof2019_LA_dev/flac/LA_D_2496910.flac,0
/data/DATASETS/ASV_Spoof_2019_LA/ASVspoof2019_LA_train/flac/LA_T_4575102.flac,0
/data/DATASETS/ASV_Spoof_2019_LA/ASVspoof2019_LA_eval/flac/LA_E_9743429.flac,0
/data/DATASETS/ASV_Spoof_2019_LA/ASVspoof2019_LA_eval/flac/LA_E_8270836.flac,0
/data/DATASETS/ASV_Spoof_2019_LA/ASVspoof2019_LA_train/flac/LA_T_4484196.flac,0
/data/DATASETS/ASV_Spoof_2019_LA/ASVspoof2019_LA_eval/flac/LA_E_8655542.flac,0
/data/DATASETS/ASV_Spoof_2019_LA/ASVspoof2019_LA_train/flac/LA_T_1662467.flac,0
/data/DATASETS/ASV_Spoof_2019_LA/ASVspoof2019_LA_eval/flac/LA_E_6429431.flac,0
/data/DATASETS/ASV_Spoof_2019_LA/ASVspoof2019_LA_eval/flac/LA_E_5304204.flac,0
/data/DATASETS/ASV_Spoof_2019_LA/ASVspoof2019_LA_eval/flac/LA_E_4776467.flac,0
/data/DATASETS/ASV_Spoof_2019_LA/ASVspoof2019_LA_eval/flac/LA_E_6741240.flac,0
/data/DATASETS/ASV_Spoof_2019_LA/ASVspoof2019_LA_eval/flac/LA_E_7570949.flac,0
/data/DATASETS/ASV_Spoof_2019_LA/ASVspoof2019_LA_train/flac/LA_T_9431341.flac,0
/data/DATASETS/ASV_Spoof_2019_LA/ASVspoof2019_LA_train/flac/LA_T_5786461.flac,0
/data/DATASETS/ASV_Spoof_2019_LA/ASVspoof2019_LA_dev/flac/LA_D_6077981.flac,0
/data/DATASETS/ASV_Spoof_2019_LA/ASVspoof2019_LA_dev/flac/LA_D_7514976.flac,0
/data/DATASETS/ASV_Spoof_2019_LA/ASVspoof2019_LA_eval/flac/LA_E_8856110.flac,0
/data/DATASETS/ASV_Spoof_2019_LA/ASVspoof2019_LA_train/flac/LA_T_7052804.flac,0
/data/DATASETS/ASV_Spoof_2019_LA/ASVspoof2019_LA_train/flac/LA_T_1555189.flac,0
/data/DATASETS/ASV_Spoof_2019_LA/ASVspoof2019_LA_train/flac/LA_T_2746439.flac,0
/data/DATASETS/ASV_Spoof_2019_LA/ASVspoof2019_LA_eval/flac/LA_E_6440085.flac,0
/data/DATASETS/ASV_Spoof_2019_LA/ASVspoof2019_LA_eval/flac/LA_E_4225996.flac,0
/data/DATASETS/ASV_Spoof_2019_LA/ASVspoof2019_LA_eval/flac/LA_E_1017049.flac,0
/data/DATASETS/ASV_Spoof_2019_LA/ASVspoof2019_LA_train/flac/LA_T_3882043.flac,0
/data/DATASETS/ASV_Spoof_2019_LA/ASVspoof2019_LA_eval/flac/LA_E_2144275.flac,0
/data/DATASETS/ASV_Spoof_2019_LA/ASVspoof2019_LA_eval/flac/LA_E_6872409.flac,0
/data/DATASETS/ASV_Spoof_2019_LA/ASVspoof2019_LA_eval/flac/LA_E_8831839.flac,0
/data/DATASETS/ASV_Spoof_2019_LA/ASVspoof2019_LA_eval/flac/LA_E_3790080.flac,0
/data/DATASETS/ASV_Spoof_2019_LA/ASVspoof2019_LA_train/flac/LA_T_1199930.flac,0
/data/DATASETS/ASV_Spoof_2019_LA/ASVspoof2019_LA_eval/flac/LA_E_9128043.flac,0
/data/DATASETS/ASV_Spoof_2019_LA/ASVspoof2019_LA_eval/flac/LA_E_7460603.flac,0
/data/DATASETS/ASV_Spoof_2019_LA/ASVspoof2019_LA_eval/flac/LA_E_5422969.flac,0
/data/DATASETS/ASV_Spoof_2019_LA/ASVspoof2019_LA_eval/flac/LA_E_8370531.flac,0
/data/DATASETS/ASV_Spoof_2019_LA/ASVspoof2019_LA_eval/flac/LA_E_2896883.flac,0
/data/DATASETS/ASV_Spoof_2019_LA/ASVspoof2019_LA_eval/flac/LA_E_6056463.flac,0
/data/DATASETS/ASV_Spoof_2019_LA/ASVspoof2019_LA_train/flac/LA_T_9860699.flac,0
/data/DATASETS/ASV_Spoof_2019_LA/ASVspoof2019_LA_train/flac/LA_T_3333905.flac,0
/data/DATASETS/ASV_Spoof_2019_LA/ASVspoof2019_LA_train/flac/LA_T_1829959.flac,0
/data/DATASETS/ASV_Spoof_2019_LA/ASVspoof2019_LA_train/flac/LA_T_2504535.flac,0
/data/DATASETS/ASV_Spoof_2019_LA/ASVspoof2019_LA_dev/flac/LA_D_9452854.flac,0
/data/DATASETS/ASV_Spoof_2019_LA/ASVspoof2019_LA_train/flac/LA_T_8705208.flac,0
/data/DATASETS/ASV_Spoof_2019_LA/ASVspoof2019_LA_train/flac/LA_T_6732936.flac,0
/data/DATASETS/ASV_Spoof_2019_LA/ASVspoof2019_LA_eval/flac/LA_E_6261172.flac,0
/data/DATASETS/ASV_Spoof_2019_LA/ASVspoof2019_LA_dev/flac/LA_D_5332359.flac,0
/data/DATASETS/ASV_Spoof_2019_LA/ASVspoof2019_LA_dev/flac/LA_D_8263452.flac,0
/data/DATASETS/ASV_Spoof_2019_LA/ASVspoof2019_LA_dev/flac/LA_D_2334643.flac,0
/data/DATASETS/ASV_Spoof_2019_LA/ASVspoof2019_LA_train/flac/LA_T_5111490.flac,0
/data/DATASETS/ASV_Spoof_2019_LA/ASVspoof2019_LA_train/flac/LA_T_6669331.flac,0
/data/DATASETS/ASV_Spoof_2019_LA/ASVspoof2019_LA_train/flac/LA_T_7601537.flac,0
/data/DATASETS/ASV_Spoof_2019_LA/ASVspoof2019_LA_eval/flac/LA_E_6283315.flac,0
/data/DATASETS/ASV_Spoof_2019_LA/ASVspoof2019_LA_eval/flac/LA_E_6029111.flac,0
/data/DATASETS/ASV_Spoof_2019_LA/ASVspoof2019_LA_eval/flac/LA_E_2514376.flac,0
/data/DATASETS/ASV_Spoof_2019_LA/ASVspoof2019_LA_eval/flac/LA_E_2968654.flac,0
/data/DATASETS/ASV_Spoof_2019_LA/ASVspoof2019_LA_dev/flac/LA_D_6332014.flac,0
/data/DATASETS/ASV_Spoof_2019_LA/ASVspoof2019_LA_eval/flac/LA_E_6612640.flac,0
/data/DATASETS/ASV_Spoof_2019_LA/ASVspoof2019_LA_eval/flac/LA_E_5544894.flac,0
/data/DATASETS/ASV_Spoof_2019_LA/ASVspoof2019_LA_dev/flac/LA_D_4606004.flac,0
/data/DATASETS/ASV_Spoof_2019_LA/ASVspoof2019_LA_eval/flac/LA_E_7445431.flac,0
/data/DATASETS/ASV_Spoof_2019_LA/ASVspoof2019_LA_eval/flac/LA_E_2458885.flac,0
/data/DATASETS/ASV_Spoof_2019_LA/ASVspoof2019_LA_dev/flac/LA_D_4145630.flac,0
/data/DATASETS/ASV_Spoof_2019_LA/ASVspoof2019_LA_eval/flac/LA_E_7295579.flac,0
/data/DATASETS/ASV_Spoof_2019_LA/ASVspoof2019_LA_eval/flac/LA_E_9912792.flac,0
/data/DATASETS/ASV_Spoof_2019_LA/ASVspoof2019_LA_eval/flac/LA_E_3697251.flac,0
/data/DATASETS/ASV_Spoof_2019_LA/ASVspoof2019_LA_train/flac/LA_T_2801441.flac,0
/data/DATASETS/ASV_Spoof_2019_LA/ASVspoof2019_LA_eval/flac/LA_E_3954310.flac,0
/data/DATASETS/ASV_Spoof_2019_LA/ASVspoof2019_LA_train/flac/LA_T_3913892.flac,0
/data/DATASETS/ASV_Spoof_2019_LA/ASVspoof2019_LA_eval/flac/LA_E_4215619.flac,0
/data/DATASETS/ASV_Spoof_2019_LA/ASVspoof2019_LA_dev/flac/LA_D_3703286.flac,0
/data/DATASETS/ASV_Spoof_2019_LA/ASVspoof2019_LA_eval/flac/LA_E_7990270.flac,0
/data/DATASETS/ASV_Spoof_2019_LA/ASVspoof2019_LA_dev/flac/LA_D_3354668.flac,0
/data/DATASETS/ASV_Spoof_2019_LA/ASVspoof2019_LA_eval/flac/LA_E_1654918.flac,0
/data/DATASETS/ASV_Spoof_2019_LA/ASVspoof2019_LA_eval/flac/LA_E_4370795.flac,0
/data/DATASETS/ASV_Spoof_2019_LA/ASVspoof2019_LA_train/flac/LA_T_5719913.flac,0
/data/DATASETS/ASV_Spoof_2019_LA/ASVspoof2019_LA_dev/flac/LA_D_1249064.flac,0
/data/DATASETS/ASV_Spoof_2019_LA/ASVspoof2019_LA_train/flac/LA_T_4313462.flac,0
/data/DATASETS/ASV_Spoof_2019_LA/ASVspoof2019_LA_eval/flac/LA_E_7086778.flac,0
/data/DATASETS/ASV_Spoof_2019_LA/ASVspoof2019_LA_dev/flac/LA_D_5019937.flac,0
/data/DATASETS/ASV_Spoof_2019_LA/ASVspoof2019_LA_dev/flac/LA_D_5846104.flac,0
/data/DATASETS/ASV_Spoof_2019_LA/ASVspoof2019_LA_eval/flac/LA_E_1443485.flac,0
/data/DATASETS/ASV_Spoof_2019_LA/ASVspoof2019_LA_eval/flac/LA_E_7540786.flac,0
/data/DATASETS/ASV_Spoof_2019_LA/ASVspoof2019_LA_dev/flac/LA_D_1368280.flac,0
/data/DATASETS/ASV_Spoof_2019_LA/ASVspoof2019_LA_eval/flac/LA_E_2412996.flac,0
/data/DATASETS/ASV_Spoof_2019_LA/ASVspoof2019_LA_train/flac/LA_T_2607307.flac,0
/data/DATASETS/ASV_Spoof_2019_LA/ASVspoof2019_LA_eval/flac/LA_E_6841819.flac,0
/data/DATASETS/ASV_Spoof_2019_LA/ASVspoof2019_LA_dev/flac/LA_D_7989694.flac,0
/data/DATASETS/ASV_Spoof_2019_LA/ASVspoof2019_LA_dev/flac/LA_D_6624621.flac,0
/data/DATASETS/ASV_Spoof_2019_LA/ASVspoof2019_LA_eval/flac/LA_E_1265546.flac,0
/data/DATASETS/ASV_Spoof_2019_LA/ASVspoof2019_LA_eval/flac/LA_E_6230405.flac,0
/data/DATASETS/ASV_Spoof_2019_LA/ASVspoof2019_LA_eval/flac/LA_E_5023410.flac,0
/data/DATASETS/ASV_Spoof_2019_LA/ASVspoof2019_LA_eval/flac/LA_E_5081322.flac,0
/data/DATASETS/ASV_Spoof_2019_LA/ASVspoof2019_LA_dev/flac/LA_D_4626331.flac,0
/data/DATASETS/ASV_Spoof_2019_LA/ASVspoof2019_LA_eval/flac/LA_E_2252802.flac,0
/data/DATASETS/ASV_Spoof_2019_LA/ASVspoof2019_LA_eval/flac/LA_E_4089544.flac,0
/data/DATASETS/ASV_Spoof_2019_LA/ASVspoof2019_LA_eval/flac/LA_E_7641175.flac,0
/data/DATASETS/ASV_Spoof_2019_LA/ASVspoof2019_LA_eval/flac/LA_E_6413607.flac,0
/data/DATASETS/ASV_Spoof_2019_LA/ASVspoof2019_LA_eval/flac/LA_E_8581983.flac,0
/data/DATASETS/ASV_Spoof_2019_LA/ASVspoof2019_LA_eval/flac/LA_E_6421290.flac,0
/data/DATASETS/ASV_Spoof_2019_LA/ASVspoof2019_LA_dev/flac/LA_D_6401877.flac,0
/data/DATASETS/ASV_Spoof_2019_LA/ASVspoof2019_LA_dev/flac/LA_D_2622953.flac,0
/data/DATASETS/ASV_Spoof_2019_LA/ASVspoof2019_LA_eval/flac/LA_E_4292147.flac,0
/data/DATASETS/ASV_Spoof_2019_LA/ASVspoof2019_LA_eval/flac/LA_E_9911806.flac,0
/data/DATASETS/ASV_Spoof_2019_LA/ASVspoof2019_LA_eval/flac/LA_E_4799650.flac,0
/data/DATASETS/ASV_Spoof_2019_LA/ASVspoof2019_LA_eval/flac/LA_E_8638595.flac,0
/data/DATASETS/ASV_Spoof_2019_LA/ASVspoof2019_LA_dev/flac/LA_D_1086391.flac,0
/data/DATASETS/ASV_Spoof_2019_LA/ASVspoof2019_LA_train/flac/LA_T_1257508.flac,0
/data/DATASETS/ASV_Spoof_2019_LA/ASVspoof2019_LA_eval/flac/LA_E_5591261.flac,0
/data/DATASETS/ASV_Spoof_2019_LA/ASVspoof2019_LA_dev/flac/LA_D_1943350.flac,0
/data/DATASETS/ASV_Spoof_2019_LA/ASVspoof2019_LA_eval/flac/LA_E_5819574.flac,0
/data/DATASETS/ASV_Spoof_2019_LA/ASVspoof2019_LA_dev/flac/LA_D_6841789.flac,0
/data/DATASETS/ASV_Spoof_2019_LA/ASVspoof2019_LA_train/flac/LA_T_9778924.flac,0
/data/DATASETS/ASV_Spoof_2019_LA/ASVspoof2019_LA_eval/flac/LA_E_7728417.flac,0
/data/DATASETS/ASV_Spoof_2019_LA/ASVspoof2019_LA_eval/flac/LA_E_2776838.flac,0
/data/DATASETS/ASV_Spoof_2019_LA/ASVspoof2019_LA_train/flac/LA_T_1161711.flac,0
/data/DATASETS/ASV_Spoof_2019_LA/ASVspoof2019_LA_eval/flac/LA_E_9351726.flac,0
/data/DATASETS/ASV_Spoof_2019_LA/ASVspoof2019_LA_eval/flac/LA_E_6525384.flac,0
/data/DATASETS/ASV_Spoof_2019_LA/ASVspoof2019_LA_dev/flac/LA_D_9268601.flac,0
/data/DATASETS/ASV_Spoof_2019_LA/ASVspoof2019_LA_dev/flac/LA_D_2303609.flac,0
/data/DATASETS/ASV_Spoof_2019_LA/ASVspoof2019_LA_eval/flac/LA_E_9695181.flac,0
/data/DATASETS/ASV_Spoof_2019_LA/ASVspoof2019_LA_dev/flac/LA_D_7812459.flac,0
/data/DATASETS/ASV_Spoof_2019_LA/ASVspoof2019_LA_eval/flac/LA_E_1199534.flac,0
/data/DATASETS/ASV_Spoof_2019_LA/ASVspoof2019_LA_eval/flac/LA_E_4905194.flac,0
/data/DATASETS/ASV_Spoof_2019_LA/ASVspoof2019_LA_train/flac/LA_T_9789080.flac,0
/data/DATASETS/ASV_Spoof_2019_LA/ASVspoof2019_LA_train/flac/LA_T_3208992.flac,0
/data/DATASETS/ASV_Spoof_2019_LA/ASVspoof2019_LA_train/flac/LA_T_3925776.flac,0
/data/DATASETS/ASV_Spoof_2019_LA/ASVspoof2019_LA_eval/flac/LA_E_9640136.flac,0
/data/DATASETS/ASV_Spoof_2019_LA/ASVspoof2019_LA_train/flac/LA_T_8227234.flac,0
/data/DATASETS/ASV_Spoof_2019_LA/ASVspoof2019_LA_eval/flac/LA_E_1366407.flac,0
/data/DATASETS/ASV_Spoof_2019_LA/ASVspoof2019_LA_train/flac/LA_T_5517736.flac,0
/data/DATASETS/ASV_Spoof_2019_LA/ASVspoof2019_LA_train/flac/LA_T_8541274.flac,0
/data/DATASETS/ASV_Spoof_2019_LA/ASVspoof2019_LA_dev/flac/LA_D_8448033.flac,0
/data/DATASETS/ASV_Spoof_2019_LA/ASVspoof2019_LA_eval/flac/LA_E_2252816.flac,0
/data/DATASETS/ASV_Spoof_2019_LA/ASVspoof2019_LA_dev/flac/LA_D_4530613.flac,0
/data/DATASETS/ASV_Spoof_2019_LA/ASVspoof2019_LA_train/flac/LA_T_2545476.flac,0
/data/DATASETS/ASV_Spoof_2019_LA/ASVspoof2019_LA_eval/flac/LA_E_4643174.flac,0
/data/DATASETS/ASV_Spoof_2019_LA/ASVspoof2019_LA_eval/flac/LA_E_9378528.flac,0
/data/DATASETS/ASV_Spoof_2019_LA/ASVspoof2019_LA_eval/flac/LA_E_5579719.flac,0
/data/DATASETS/ASV_Spoof_2019_LA/ASVspoof2019_LA_eval/flac/LA_E_4967325.flac,0
/data/DATASETS/ASV_Spoof_2019_LA/ASVspoof2019_LA_dev/flac/LA_D_6917442.flac,0
/data/DATASETS/ASV_Spoof_2019_LA/ASVspoof2019_LA_eval/flac/LA_E_2555952.flac,0
/data/DATASETS/ASV_Spoof_2019_LA/ASVspoof2019_LA_eval/flac/LA_E_2793337.flac,0
/data/DATASETS/ASV_Spoof_2019_LA/ASVspoof2019_LA_dev/flac/LA_D_8489512.flac,0
/data/DATASETS/ASV_Spoof_2019_LA/ASVspoof2019_LA_eval/flac/LA_E_3770007.flac,0
/data/DATASETS/ASV_Spoof_2019_LA/ASVspoof2019_LA_train/flac/LA_T_3288573.flac,0
/data/DATASETS/ASV_Spoof_2019_LA/ASVspoof2019_LA_eval/flac/LA_E_3768434.flac,0
/data/DATASETS/ASV_Spoof_2019_LA/ASVspoof2019_LA_train/flac/LA_T_4682842.flac,0
/data/DATASETS/ASV_Spoof_2019_LA/ASVspoof2019_LA_eval/flac/LA_E_1709137.flac,0
/data/DATASETS/ASV_Spoof_2019_LA/ASVspoof2019_LA_eval/flac/LA_E_9277077.flac,0
/data/DATASETS/ASV_Spoof_2019_LA/ASVspoof2019_LA_eval/flac/LA_E_3807352.flac,0
/data/DATASETS/ASV_Spoof_2019_LA/ASVspoof2019_LA_train/flac/LA_T_1717556.flac,0
/data/DATASETS/ASV_Spoof_2019_LA/ASVspoof2019_LA_train/flac/LA_T_9730601.flac,0
/data/DATASETS/ASV_Spoof_2019_LA/ASVspoof2019_LA_eval/flac/LA_E_9927462.flac,0
/data/DATASETS/ASV_Spoof_2019_LA/ASVspoof2019_LA_train/flac/LA_T_8363686.flac,0
/data/DATASETS/ASV_Spoof_2019_LA/ASVspoof2019_LA_dev/flac/LA_D_7189280.flac,0
/data/DATASETS/ASV_Spoof_2019_LA/ASVspoof2019_LA_eval/flac/LA_E_4461590.flac,0
/data/DATASETS/ASV_Spoof_2019_LA/ASVspoof2019_LA_train/flac/LA_T_5973899.flac,0
/data/DATASETS/ASV_Spoof_2019_LA/ASVspoof2019_LA_train/flac/LA_T_4774940.flac,0
/data/DATASETS/ASV_Spoof_2019_LA/ASVspoof2019_LA_train/flac/LA_T_4367879.flac,0
/data/DATASETS/ASV_Spoof_2019_LA/ASVspoof2019_LA_dev/flac/LA_D_7883065.flac,0
/data/DATASETS/ASV_Spoof_2019_LA/ASVspoof2019_LA_eval/flac/LA_E_3907090.flac,0
/data/DATASETS/ASV_Spoof_2019_LA/ASVspoof2019_LA_dev/flac/LA_D_6566035.flac,0
/data/DATASETS/ASV_Spoof_2019_LA/ASVspoof2019_LA_eval/flac/LA_E_8085622.flac,0
/data/DATASETS/ASV_Spoof_2019_LA/ASVspoof2019_LA_eval/flac/LA_E_3963891.flac,0
/data/DATASETS/ASV_Spoof_2019_LA/ASVspoof2019_LA_train/flac/LA_T_6472478.flac,0
/data/DATASETS/ASV_Spoof_2019_LA/ASVspoof2019_LA_dev/flac/LA_D_8078382.flac,0
/data/DATASETS/ASV_Spoof_2019_LA/ASVspoof2019_LA_dev/flac/LA_D_1823771.flac,0
/data/DATASETS/ASV_Spoof_2019_LA/ASVspoof2019_LA_eval/flac/LA_E_3355132.flac,0
/data/DATASETS/ASV_Spoof_2019_LA/ASVspoof2019_LA_eval/flac/LA_E_5834392.flac,0
/data/DATASETS/ASV_Spoof_2019_LA/ASVspoof2019_LA_eval/flac/LA_E_2851681.flac,0
/data/DATASETS/ASV_Spoof_2019_LA/ASVspoof2019_LA_train/flac/LA_T_9650425.flac,0
/data/DATASETS/ASV_Spoof_2019_LA/ASVspoof2019_LA_eval/flac/LA_E_2486913.flac,0
/data/DATASETS/ASV_Spoof_2019_LA/ASVspoof2019_LA_dev/flac/LA_D_6141636.flac,0
/data/DATASETS/ASV_Spoof_2019_LA/ASVspoof2019_LA_train/flac/LA_T_2684786.flac,0
/data/DATASETS/ASV_Spoof_2019_LA/ASVspoof2019_LA_eval/flac/LA_E_9103340.flac,0
/data/DATASETS/ASV_Spoof_2019_LA/ASVspoof2019_LA_eval/flac/LA_E_1409473.flac,0
/data/DATASETS/ASV_Spoof_2019_LA/ASVspoof2019_LA_train/flac/LA_T_3402710.flac,0
/data/DATASETS/ASV_Spoof_2019_LA/ASVspoof2019_LA_dev/flac/LA_D_4033472.flac,0
/data/DATASETS/ASV_Spoof_2019_LA/ASVspoof2019_LA_dev/flac/LA_D_2139125.flac,0
/data/DATASETS/ASV_Spoof_2019_LA/ASVspoof2019_LA_eval/flac/LA_E_2322746.flac,0
/data/DATASETS/ASV_Spoof_2019_LA/ASVspoof2019_LA_dev/flac/LA_D_3025684.flac,0
/data/DATASETS/ASV_Spoof_2019_LA/ASVspoof2019_LA_train/flac/LA_T_1193043.flac,0
/data/DATASETS/ASV_Spoof_2019_LA/ASVspoof2019_LA_eval/flac/LA_E_5431050.flac,0
/data/DATASETS/ASV_Spoof_2019_LA/ASVspoof2019_LA_train/flac/LA_T_9881187.flac,0
/data/DATASETS/ASV_Spoof_2019_LA/ASVspoof2019_LA_dev/flac/LA_D_7002192.flac,0
/data/DATASETS/ASV_Spoof_2019_LA/ASVspoof2019_LA_dev/flac/LA_D_1982159.flac,0
/data/DATASETS/ASV_Spoof_2019_LA/ASVspoof2019_LA_eval/flac/LA_E_5369306.flac,0
/data/DATASETS/ASV_Spoof_2019_LA/ASVspoof2019_LA_train/flac/LA_T_2948827.flac,0
/data/DATASETS/ASV_Spoof_2019_LA/ASVspoof2019_LA_train/flac/LA_T_6105178.flac,0
/data/DATASETS/ASV_Spoof_2019_LA/ASVspoof2019_LA_dev/flac/LA_D_5345225.flac,0
/data/DATASETS/ASV_Spoof_2019_LA/ASVspoof2019_LA_eval/flac/LA_E_5585566.flac,0
/data/DATASETS/ASV_Spoof_2019_LA/ASVspoof2019_LA_eval/flac/LA_E_3471461.flac,0
/data/DATASETS/ASV_Spoof_2019_LA/ASVspoof2019_LA_eval/flac/LA_E_3195559.flac,0
/data/DATASETS/ASV_Spoof_2019_LA/ASVspoof2019_LA_dev/flac/LA_D_9437065.flac,0
/data/DATASETS/ASV_Spoof_2019_LA/ASVspoof2019_LA_dev/flac/LA_D_1558714.flac,0
/data/DATASETS/ASV_Spoof_2019_LA/ASVspoof2019_LA_train/flac/LA_T_3724264.flac,0
/data/DATASETS/ASV_Spoof_2019_LA/ASVspoof2019_LA_train/flac/LA_T_3840528.flac,0
/data/DATASETS/ASV_Spoof_2019_LA/ASVspoof2019_LA_eval/flac/LA_E_5658304.flac,0
/data/DATASETS/ASV_Spoof_2019_LA/ASVspoof2019_LA_eval/flac/LA_E_1450790.flac,0
/data/DATASETS/ASV_Spoof_2019_LA/ASVspoof2019_LA_eval/flac/LA_E_1887210.flac,0
/data/DATASETS/ASV_Spoof_2019_LA/ASVspoof2019_LA_eval/flac/LA_E_1790335.flac,0
/data/DATASETS/ASV_Spoof_2019_LA/ASVspoof2019_LA_train/flac/LA_T_4204424.flac,0
/data/DATASETS/ASV_Spoof_2019_LA/ASVspoof2019_LA_eval/flac/LA_E_2899956.flac,0
/data/DATASETS/ASV_Spoof_2019_LA/ASVspoof2019_LA_eval/flac/LA_E_4980282.flac,0
/data/DATASETS/ASV_Spoof_2019_LA/ASVspoof2019_LA_eval/flac/LA_E_7424040.flac,0
/data/DATASETS/ASV_Spoof_2019_LA/ASVspoof2019_LA_eval/flac/LA_E_8532024.flac,0
/data/DATASETS/ASV_Spoof_2019_LA/ASVspoof2019_LA_eval/flac/LA_E_6398565.flac,0
/data/DATASETS/ASV_Spoof_2019_LA/ASVspoof2019_LA_eval/flac/LA_E_8354311.flac,0
/data/DATASETS/ASV_Spoof_2019_LA/ASVspoof2019_LA_eval/flac/LA_E_6554540.flac,0
/data/DATASETS/ASV_Spoof_2019_LA/ASVspoof2019_LA_eval/flac/LA_E_7690893.flac,0
/data/DATASETS/ASV_Spoof_2019_LA/ASVspoof2019_LA_eval/flac/LA_E_9267566.flac,0
/data/DATASETS/ASV_Spoof_2019_LA/ASVspoof2019_LA_eval/flac/LA_E_3846054.flac,0
/data/DATASETS/ASV_Spoof_2019_LA/ASVspoof2019_LA_eval/flac/LA_E_7875096.flac,0
/data/DATASETS/ASV_Spoof_2019_LA/ASVspoof2019_LA_eval/flac/LA_E_2404572.flac,0
/data/DATASETS/ASV_Spoof_2019_LA/ASVspoof2019_LA_eval/flac/LA_E_3009777.flac,0
/data/DATASETS/ASV_Spoof_2019_LA/ASVspoof2019_LA_eval/flac/LA_E_5928848.flac,0
/data/DATASETS/ASV_Spoof_2019_LA/ASVspoof2019_LA_eval/flac/LA_E_1511215.flac,0
/data/DATASETS/ASV_Spoof_2019_LA/ASVspoof2019_LA_train/flac/LA_T_3626619.flac,0
/data/DATASETS/ASV_Spoof_2019_LA/ASVspoof2019_LA_train/flac/LA_T_4046944.flac,0
/data/DATASETS/ASV_Spoof_2019_LA/ASVspoof2019_LA_dev/flac/LA_D_8302640.flac,0
/data/DATASETS/ASV_Spoof_2019_LA/ASVspoof2019_LA_dev/flac/LA_D_3547565.flac,0
/data/DATASETS/ASV_Spoof_2019_LA/ASVspoof2019_LA_eval/flac/LA_E_5285064.flac,0
/data/DATASETS/ASV_Spoof_2019_LA/ASVspoof2019_LA_train/flac/LA_T_7450091.flac,0
/data/DATASETS/ASV_Spoof_2019_LA/ASVspoof2019_LA_eval/flac/LA_E_9568896.flac,0
/data/DATASETS/ASV_Spoof_2019_LA/ASVspoof2019_LA_dev/flac/LA_D_1340209.flac,0
/data/DATASETS/ASV_Spoof_2019_LA/ASVspoof2019_LA_eval/flac/LA_E_9821691.flac,0
/data/DATASETS/ASV_Spoof_2019_LA/ASVspoof2019_LA_eval/flac/LA_E_3693335.flac,0
/data/DATASETS/ASV_Spoof_2019_LA/ASVspoof2019_LA_eval/flac/LA_E_2656656.flac,0
/data/DATASETS/ASV_Spoof_2019_LA/ASVspoof2019_LA_eval/flac/LA_E_1178651.flac,0
/data/DATASETS/ASV_Spoof_2019_LA/ASVspoof2019_LA_eval/flac/LA_E_4205947.flac,0
/data/DATASETS/ASV_Spoof_2019_LA/ASVspoof2019_LA_eval/flac/LA_E_9666509.flac,0
/data/DATASETS/ASV_Spoof_2019_LA/ASVspoof2019_LA_train/flac/LA_T_7337587.flac,0
/data/DATASETS/ASV_Spoof_2019_LA/ASVspoof2019_LA_eval/flac/LA_E_4747853.flac,0
/data/DATASETS/ASV_Spoof_2019_LA/ASVspoof2019_LA_eval/flac/LA_E_8610347.flac,0
/data/DATASETS/ASV_Spoof_2019_LA/ASVspoof2019_LA_eval/flac/LA_E_1147824.flac,0
/data/DATASETS/ASV_Spoof_2019_LA/ASVspoof2019_LA_eval/flac/LA_E_3777919.flac,0
/data/DATASETS/ASV_Spoof_2019_LA/ASVspoof2019_LA_dev/flac/LA_D_6236753.flac,0
/data/DATASETS/ASV_Spoof_2019_LA/ASVspoof2019_LA_train/flac/LA_T_5891808.flac,0
/data/DATASETS/ASV_Spoof_2019_LA/ASVspoof2019_LA_eval/flac/LA_E_2083966.flac,0
/data/DATASETS/ASV_Spoof_2019_LA/ASVspoof2019_LA_eval/flac/LA_E_5075477.flac,0
/data/DATASETS/ASV_Spoof_2019_LA/ASVspoof2019_LA_eval/flac/LA_E_6431150.flac,0
/data/DATASETS/ASV_Spoof_2019_LA/ASVspoof2019_LA_eval/flac/LA_E_3559047.flac,0
/data/DATASETS/ASV_Spoof_2019_LA/ASVspoof2019_LA_train/flac/LA_T_2498754.flac,0
/data/DATASETS/ASV_Spoof_2019_LA/ASVspoof2019_LA_train/flac/LA_T_4825294.flac,0
/data/DATASETS/ASV_Spoof_2019_LA/ASVspoof2019_LA_train/flac/LA_T_7648440.flac,0
/data/DATASETS/ASV_Spoof_2019_LA/ASVspoof2019_LA_dev/flac/LA_D_5115522.flac,0
/data/DATASETS/ASV_Spoof_2019_LA/ASVspoof2019_LA_train/flac/LA_T_2419538.flac,0
/data/DATASETS/ASV_Spoof_2019_LA/ASVspoof2019_LA_train/flac/LA_T_2437964.flac,0
/data/DATASETS/ASV_Spoof_2019_LA/ASVspoof2019_LA_train/flac/LA_T_2202862.flac,0
/data/DATASETS/ASV_Spoof_2019_LA/ASVspoof2019_LA_train/flac/LA_T_3541528.flac,0
/data/DATASETS/ASV_Spoof_2019_LA/ASVspoof2019_LA_train/flac/LA_T_6345113.flac,0
/data/DATASETS/ASV_Spoof_2019_LA/ASVspoof2019_LA_dev/flac/LA_D_3077269.flac,0
/data/DATASETS/ASV_Spoof_2019_LA/ASVspoof2019_LA_eval/flac/LA_E_3714738.flac,0
/data/DATASETS/ASV_Spoof_2019_LA/ASVspoof2019_LA_train/flac/LA_T_8007489.flac,0
/data/DATASETS/ASV_Spoof_2019_LA/ASVspoof2019_LA_eval/flac/LA_E_4514795.flac,0
/data/DATASETS/ASV_Spoof_2019_LA/ASVspoof2019_LA_eval/flac/LA_E_5399550.flac,0
/data/DATASETS/ASV_Spoof_2019_LA/ASVspoof2019_LA_eval/flac/LA_E_4916439.flac,0
/data/DATASETS/ASV_Spoof_2019_LA/ASVspoof2019_LA_train/flac/LA_T_5172338.flac,0
/data/DATASETS/ASV_Spoof_2019_LA/ASVspoof2019_LA_dev/flac/LA_D_9623720.flac,0
/data/DATASETS/ASV_Spoof_2019_LA/ASVspoof2019_LA_eval/flac/LA_E_2024891.flac,0
/data/DATASETS/ASV_Spoof_2019_LA/ASVspoof2019_LA_dev/flac/LA_D_7050071.flac,0
/data/DATASETS/ASV_Spoof_2019_LA/ASVspoof2019_LA_eval/flac/LA_E_1826005.flac,0
/data/DATASETS/ASV_Spoof_2019_LA/ASVspoof2019_LA_dev/flac/LA_D_5698379.flac,0
/data/DATASETS/ASV_Spoof_2019_LA/ASVspoof2019_LA_train/flac/LA_T_1021790.flac,0
/data/DATASETS/ASV_Spoof_2019_LA/ASVspoof2019_LA_dev/flac/LA_D_1500385.flac,0
/data/DATASETS/ASV_Spoof_2019_LA/ASVspoof2019_LA_train/flac/LA_T_2089894.flac,0
/data/DATASETS/ASV_Spoof_2019_LA/ASVspoof2019_LA_dev/flac/LA_D_3170323.flac,0
/data/DATASETS/ASV_Spoof_2019_LA/ASVspoof2019_LA_dev/flac/LA_D_2414004.flac,0
/data/DATASETS/ASV_Spoof_2019_LA/ASVspoof2019_LA_train/flac/LA_T_5302452.flac,0
/data/DATASETS/ASV_Spoof_2019_LA/ASVspoof2019_LA_eval/flac/LA_E_1406759.flac,0
/data/DATASETS/ASV_Spoof_2019_LA/ASVspoof2019_LA_train/flac/LA_T_7121055.flac,0
/data/DATASETS/ASV_Spoof_2019_LA/ASVspoof2019_LA_eval/flac/LA_E_3931632.flac,0
/data/DATASETS/ASV_Spoof_2019_LA/ASVspoof2019_LA_eval/flac/LA_E_5091311.flac,0
/data/DATASETS/ASV_Spoof_2019_LA/ASVspoof2019_LA_eval/flac/LA_E_5967850.flac,0
/data/DATASETS/ASV_Spoof_2019_LA/ASVspoof2019_LA_eval/flac/LA_E_6689672.flac,0
/data/DATASETS/ASV_Spoof_2019_LA/ASVspoof2019_LA_eval/flac/LA_E_6978099.flac,0
/data/DATASETS/ASV_Spoof_2019_LA/ASVspoof2019_LA_eval/flac/LA_E_9935772.flac,0
/data/DATASETS/ASV_Spoof_2019_LA/ASVspoof2019_LA_eval/flac/LA_E_7414271.flac,0
/data/DATASETS/ASV_Spoof_2019_LA/ASVspoof2019_LA_eval/flac/LA_E_6417294.flac,0
/data/DATASETS/ASV_Spoof_2019_LA/ASVspoof2019_LA_eval/flac/LA_E_5818343.flac,0
/data/DATASETS/ASV_Spoof_2019_LA/ASVspoof2019_LA_dev/flac/LA_D_3039424.flac,0
/data/DATASETS/ASV_Spoof_2019_LA/ASVspoof2019_LA_eval/flac/LA_E_6618439.flac,0
/data/DATASETS/ASV_Spoof_2019_LA/ASVspoof2019_LA_dev/flac/LA_D_1902645.flac,0
/data/DATASETS/ASV_Spoof_2019_LA/ASVspoof2019_LA_eval/flac/LA_E_6563418.flac,0
/data/DATASETS/ASV_Spoof_2019_LA/ASVspoof2019_LA_eval/flac/LA_E_8560414.flac,0
/data/DATASETS/ASV_Spoof_2019_LA/ASVspoof2019_LA_dev/flac/LA_D_6092752.flac,0
/data/DATASETS/ASV_Spoof_2019_LA/ASVspoof2019_LA_train/flac/LA_T_2158689.flac,0
/data/DATASETS/ASV_Spoof_2019_LA/ASVspoof2019_LA_eval/flac/LA_E_1724018.flac,0
/data/DATASETS/ASV_Spoof_2019_LA/ASVspoof2019_LA_eval/flac/LA_E_4332811.flac,0
/data/DATASETS/ASV_Spoof_2019_LA/ASVspoof2019_LA_dev/flac/LA_D_5809254.flac,0
/data/DATASETS/ASV_Spoof_2019_LA/ASVspoof2019_LA_eval/flac/LA_E_9846499.flac,0
/data/DATASETS/ASV_Spoof_2019_LA/ASVspoof2019_LA_train/flac/LA_T_8156237.flac,0
/data/DATASETS/ASV_Spoof_2019_LA/ASVspoof2019_LA_eval/flac/LA_E_9960995.flac,0
/data/DATASETS/ASV_Spoof_2019_LA/ASVspoof2019_LA_dev/flac/LA_D_7594892.flac,0
/data/DATASETS/ASV_Spoof_2019_LA/ASVspoof2019_LA_eval/flac/LA_E_8301658.flac,0
/data/DATASETS/ASV_Spoof_2019_LA/ASVspoof2019_LA_eval/flac/LA_E_4785445.flac,0
/data/DATASETS/ASV_Spoof_2019_LA/ASVspoof2019_LA_train/flac/LA_T_7015765.flac,0
/data/DATASETS/ASV_Spoof_2019_LA/ASVspoof2019_LA_train/flac/LA_T_3697922.flac,0
/data/DATASETS/ASV_Spoof_2019_LA/ASVspoof2019_LA_eval/flac/LA_E_6105825.flac,0
/data/DATASETS/ASV_Spoof_2019_LA/ASVspoof2019_LA_train/flac/LA_T_6521045.flac,0
/data/DATASETS/ASV_Spoof_2019_LA/ASVspoof2019_LA_eval/flac/LA_E_2218404.flac,0
/data/DATASETS/ASV_Spoof_2019_LA/ASVspoof2019_LA_dev/flac/LA_D_4154887.flac,0
/data/DATASETS/ASV_Spoof_2019_LA/ASVspoof2019_LA_train/flac/LA_T_5949193.flac,0
/data/DATASETS/ASV_Spoof_2019_LA/ASVspoof2019_LA_dev/flac/LA_D_4781086.flac,0
/data/DATASETS/ASV_Spoof_2019_LA/ASVspoof2019_LA_train/flac/LA_T_2406356.flac,0
/data/DATASETS/ASV_Spoof_2019_LA/ASVspoof2019_LA_eval/flac/LA_E_5723781.flac,0
/data/DATASETS/ASV_Spoof_2019_LA/ASVspoof2019_LA_eval/flac/LA_E_5189274.flac,0
/data/DATASETS/ASV_Spoof_2019_LA/ASVspoof2019_LA_train/flac/LA_T_8448770.flac,0
/data/DATASETS/ASV_Spoof_2019_LA/ASVspoof2019_LA_eval/flac/LA_E_6051018.flac,0
/data/DATASETS/ASV_Spoof_2019_LA/ASVspoof2019_LA_eval/flac/LA_E_2691703.flac,0
/data/DATASETS/ASV_Spoof_2019_LA/ASVspoof2019_LA_eval/flac/LA_E_4887012.flac,0
/data/DATASETS/ASV_Spoof_2019_LA/ASVspoof2019_LA_eval/flac/LA_E_2189964.flac,0
/data/DATASETS/ASV_Spoof_2019_LA/ASVspoof2019_LA_eval/flac/LA_E_8832325.flac,0
/data/DATASETS/ASV_Spoof_2019_LA/ASVspoof2019_LA_train/flac/LA_T_2556562.flac,0
/data/DATASETS/ASV_Spoof_2019_LA/ASVspoof2019_LA_eval/flac/LA_E_2277207.flac,0
/data/DATASETS/ASV_Spoof_2019_LA/ASVspoof2019_LA_dev/flac/LA_D_5312350.flac,0
/data/DATASETS/ASV_Spoof_2019_LA/ASVspoof2019_LA_train/flac/LA_T_1269462.flac,0
/data/DATASETS/ASV_Spoof_2019_LA/ASVspoof2019_LA_train/flac/LA_T_5633732.flac,0
/data/DATASETS/ASV_Spoof_2019_LA/ASVspoof2019_LA_eval/flac/LA_E_5453180.flac,0
/data/DATASETS/ASV_Spoof_2019_LA/ASVspoof2019_LA_train/flac/LA_T_2195795.flac,0
/data/DATASETS/ASV_Spoof_2019_LA/ASVspoof2019_LA_dev/flac/LA_D_7559885.flac,0
/data/DATASETS/ASV_Spoof_2019_LA/ASVspoof2019_LA_eval/flac/LA_E_7557903.flac,0
/data/DATASETS/ASV_Spoof_2019_LA/ASVspoof2019_LA_train/flac/LA_T_7065043.flac,0
/data/DATASETS/ASV_Spoof_2019_LA/ASVspoof2019_LA_dev/flac/LA_D_6189044.flac,0
/data/DATASETS/ASV_Spoof_2019_LA/ASVspoof2019_LA_train/flac/LA_T_3611811.flac,0
/data/DATASETS/ASV_Spoof_2019_LA/ASVspoof2019_LA_eval/flac/LA_E_3669823.flac,0
/data/DATASETS/ASV_Spoof_2019_LA/ASVspoof2019_LA_eval/flac/LA_E_3610117.flac,0
/data/DATASETS/ASV_Spoof_2019_LA/ASVspoof2019_LA_eval/flac/LA_E_2174525.flac,0
/data/DATASETS/ASV_Spoof_2019_LA/ASVspoof2019_LA_dev/flac/LA_D_5522312.flac,0
/data/DATASETS/ASV_Spoof_2019_LA/ASVspoof2019_LA_eval/flac/LA_E_9423808.flac,0
/data/DATASETS/ASV_Spoof_2019_LA/ASVspoof2019_LA_train/flac/LA_T_2547751.flac,0
/data/DATASETS/ASV_Spoof_2019_LA/ASVspoof2019_LA_train/flac/LA_T_9047102.flac,0
/data/DATASETS/ASV_Spoof_2019_LA/ASVspoof2019_LA_dev/flac/LA_D_8094862.flac,0
/data/DATASETS/ASV_Spoof_2019_LA/ASVspoof2019_LA_dev/flac/LA_D_4359251.flac,0
/data/DATASETS/ASV_Spoof_2019_LA/ASVspoof2019_LA_eval/flac/LA_E_6414118.flac,0
/data/DATASETS/ASV_Spoof_2019_LA/ASVspoof2019_LA_eval/flac/LA_E_3171675.flac,0
/data/DATASETS/ASV_Spoof_2019_LA/ASVspoof2019_LA_eval/flac/LA_E_8124498.flac,0
/data/DATASETS/ASV_Spoof_2019_LA/ASVspoof2019_LA_train/flac/LA_T_1178897.flac,0
/data/DATASETS/ASV_Spoof_2019_LA/ASVspoof2019_LA_dev/flac/LA_D_8103599.flac,0
/data/DATASETS/ASV_Spoof_2019_LA/ASVspoof2019_LA_eval/flac/LA_E_4438054.flac,0
/data/DATASETS/ASV_Spoof_2019_LA/ASVspoof2019_LA_eval/flac/LA_E_8725864.flac,0
/data/DATASETS/ASV_Spoof_2019_LA/ASVspoof2019_LA_eval/flac/LA_E_5524605.flac,0
/data/DATASETS/ASV_Spoof_2019_LA/ASVspoof2019_LA_eval/flac/LA_E_3997317.flac,0
/data/DATASETS/ASV_Spoof_2019_LA/ASVspoof2019_LA_eval/flac/LA_E_3495140.flac,0
/data/DATASETS/ASV_Spoof_2019_LA/ASVspoof2019_LA_eval/flac/LA_E_5594933.flac,0
/data/DATASETS/ASV_Spoof_2019_LA/ASVspoof2019_LA_dev/flac/LA_D_3952793.flac,0
/data/DATASETS/ASV_Spoof_2019_LA/ASVspoof2019_LA_eval/flac/LA_E_5784781.flac,0
/data/DATASETS/ASV_Spoof_2019_LA/ASVspoof2019_LA_eval/flac/LA_E_8957898.flac,0
/data/DATASETS/ASV_Spoof_2019_LA/ASVspoof2019_LA_eval/flac/LA_E_4148077.flac,0
/data/DATASETS/ASV_Spoof_2019_LA/ASVspoof2019_LA_dev/flac/LA_D_8492975.flac,0
/data/DATASETS/ASV_Spoof_2019_LA/ASVspoof2019_LA_eval/flac/LA_E_2922055.flac,0
/data/DATASETS/ASV_Spoof_2019_LA/ASVspoof2019_LA_eval/flac/LA_E_1852684.flac,0
/data/DATASETS/ASV_Spoof_2019_LA/ASVspoof2019_LA_eval/flac/LA_E_5645889.flac,0
/data/DATASETS/ASV_Spoof_2019_LA/ASVspoof2019_LA_dev/flac/LA_D_2906873.flac,0
/data/DATASETS/ASV_Spoof_2019_LA/ASVspoof2019_LA_eval/flac/LA_E_7939800.flac,0
/data/DATASETS/ASV_Spoof_2019_LA/ASVspoof2019_LA_eval/flac/LA_E_9304032.flac,0
/data/DATASETS/ASV_Spoof_2019_LA/ASVspoof2019_LA_eval/flac/LA_E_1827660.flac,0
/data/DATASETS/ASV_Spoof_2019_LA/ASVspoof2019_LA_eval/flac/LA_E_3165150.flac,0
/data/DATASETS/ASV_Spoof_2019_LA/ASVspoof2019_LA_eval/flac/LA_E_7602645.flac,0
/data/DATASETS/ASV_Spoof_2019_LA/ASVspoof2019_LA_train/flac/LA_T_4674925.flac,0
/data/DATASETS/ASV_Spoof_2019_LA/ASVspoof2019_LA_dev/flac/LA_D_9924906.flac,0
/data/DATASETS/ASV_Spoof_2019_LA/ASVspoof2019_LA_dev/flac/LA_D_9732143.flac,0
/data/DATASETS/ASV_Spoof_2019_LA/ASVspoof2019_LA_eval/flac/LA_E_6651536.flac,0
/data/DATASETS/ASV_Spoof_2019_LA/ASVspoof2019_LA_train/flac/LA_T_2226656.flac,0
/data/DATASETS/ASV_Spoof_2019_LA/ASVspoof2019_LA_eval/flac/LA_E_6471133.flac,0
/data/DATASETS/ASV_Spoof_2019_LA/ASVspoof2019_LA_dev/flac/LA_D_7769284.flac,0
/data/DATASETS/ASV_Spoof_2019_LA/ASVspoof2019_LA_eval/flac/LA_E_9854962.flac,0
/data/DATASETS/ASV_Spoof_2019_LA/ASVspoof2019_LA_eval/flac/LA_E_2225417.flac,0
/data/DATASETS/ASV_Spoof_2019_LA/ASVspoof2019_LA_eval/flac/LA_E_6352564.flac,0
/data/DATASETS/ASV_Spoof_2019_LA/ASVspoof2019_LA_eval/flac/LA_E_4628716.flac,0
/data/DATASETS/ASV_Spoof_2019_LA/ASVspoof2019_LA_eval/flac/LA_E_8079486.flac,0
/data/DATASETS/ASV_Spoof_2019_LA/ASVspoof2019_LA_eval/flac/LA_E_2222270.flac,0
/data/DATASETS/ASV_Spoof_2019_LA/ASVspoof2019_LA_eval/flac/LA_E_7766650.flac,0
/data/DATASETS/ASV_Spoof_2019_LA/ASVspoof2019_LA_eval/flac/LA_E_4071510.flac,0
/data/DATASETS/ASV_Spoof_2019_LA/ASVspoof2019_LA_eval/flac/LA_E_9090957.flac,0
/data/DATASETS/ASV_Spoof_2019_LA/ASVspoof2019_LA_eval/flac/LA_E_6993403.flac,0
/data/DATASETS/ASV_Spoof_2019_LA/ASVspoof2019_LA_dev/flac/LA_D_5541379.flac,0
/data/DATASETS/ASV_Spoof_2019_LA/ASVspoof2019_LA_train/flac/LA_T_5029038.flac,0
/data/DATASETS/ASV_Spoof_2019_LA/ASVspoof2019_LA_dev/flac/LA_D_5835377.flac,0
/data/DATASETS/ASV_Spoof_2019_LA/ASVspoof2019_LA_eval/flac/LA_E_1211932.flac,0
/data/DATASETS/ASV_Spoof_2019_LA/ASVspoof2019_LA_eval/flac/LA_E_2136106.flac,0
/data/DATASETS/ASV_Spoof_2019_LA/ASVspoof2019_LA_train/flac/LA_T_7633686.flac,0
/data/DATASETS/ASV_Spoof_2019_LA/ASVspoof2019_LA_train/flac/LA_T_9630620.flac,0
/data/DATASETS/ASV_Spoof_2019_LA/ASVspoof2019_LA_eval/flac/LA_E_6899123.flac,0
/data/DATASETS/ASV_Spoof_2019_LA/ASVspoof2019_LA_eval/flac/LA_E_9515059.flac,0
/data/DATASETS/ASV_Spoof_2019_LA/ASVspoof2019_LA_eval/flac/LA_E_9017050.flac,0
/data/DATASETS/ASV_Spoof_2019_LA/ASVspoof2019_LA_eval/flac/LA_E_1046103.flac,0
/data/DATASETS/ASV_Spoof_2019_LA/ASVspoof2019_LA_train/flac/LA_T_6432468.flac,0
/data/DATASETS/ASV_Spoof_2019_LA/ASVspoof2019_LA_eval/flac/LA_E_8590949.flac,0
/data/DATASETS/ASV_Spoof_2019_LA/ASVspoof2019_LA_train/flac/LA_T_9749112.flac,0
/data/DATASETS/ASV_Spoof_2019_LA/ASVspoof2019_LA_eval/flac/LA_E_8296247.flac,0
/data/DATASETS/ASV_Spoof_2019_LA/ASVspoof2019_LA_eval/flac/LA_E_6724957.flac,0
/data/DATASETS/ASV_Spoof_2019_LA/ASVspoof2019_LA_eval/flac/LA_E_8388654.flac,0
/data/DATASETS/ASV_Spoof_2019_LA/ASVspoof2019_LA_eval/flac/LA_E_6525488.flac,0
/data/DATASETS/ASV_Spoof_2019_LA/ASVspoof2019_LA_eval/flac/LA_E_6336673.flac,0
/data/DATASETS/ASV_Spoof_2019_LA/ASVspoof2019_LA_eval/flac/LA_E_1078880.flac,0
/data/DATASETS/ASV_Spoof_2019_LA/ASVspoof2019_LA_dev/flac/LA_D_2338525.flac,0
/data/DATASETS/ASV_Spoof_2019_LA/ASVspoof2019_LA_eval/flac/LA_E_1515635.flac,0
/data/DATASETS/ASV_Spoof_2019_LA/ASVspoof2019_LA_train/flac/LA_T_3999267.flac,0
/data/DATASETS/ASV_Spoof_2019_LA/ASVspoof2019_LA_eval/flac/LA_E_3166347.flac,0
/data/DATASETS/ASV_Spoof_2019_LA/ASVspoof2019_LA_train/flac/LA_T_9329650.flac,0
/data/DATASETS/ASV_Spoof_2019_LA/ASVspoof2019_LA_eval/flac/LA_E_4619685.flac,0
/data/DATASETS/ASV_Spoof_2019_LA/ASVspoof2019_LA_eval/flac/LA_E_5299737.flac,0
/data/DATASETS/ASV_Spoof_2019_LA/ASVspoof2019_LA_dev/flac/LA_D_4962492.flac,0
/data/DATASETS/ASV_Spoof_2019_LA/ASVspoof2019_LA_eval/flac/LA_E_5361930.flac,0
/data/DATASETS/ASV_Spoof_2019_LA/ASVspoof2019_LA_eval/flac/LA_E_8458018.flac,0
/data/DATASETS/ASV_Spoof_2019_LA/ASVspoof2019_LA_eval/flac/LA_E_5020435.flac,0
/data/DATASETS/ASV_Spoof_2019_LA/ASVspoof2019_LA_eval/flac/LA_E_6963292.flac,0
/data/DATASETS/ASV_Spoof_2019_LA/ASVspoof2019_LA_train/flac/LA_T_9276305.flac,0
/data/DATASETS/ASV_Spoof_2019_LA/ASVspoof2019_LA_dev/flac/LA_D_7758918.flac,0
/data/DATASETS/ASV_Spoof_2019_LA/ASVspoof2019_LA_train/flac/LA_T_5207942.flac,0
/data/DATASETS/ASV_Spoof_2019_LA/ASVspoof2019_LA_eval/flac/LA_E_6784321.flac,0
/data/DATASETS/ASV_Spoof_2019_LA/ASVspoof2019_LA_eval/flac/LA_E_7412796.flac,0
/data/DATASETS/ASV_Spoof_2019_LA/ASVspoof2019_LA_eval/flac/LA_E_3494063.flac,0
/data/DATASETS/ASV_Spoof_2019_LA/ASVspoof2019_LA_train/flac/LA_T_3486820.flac,0
/data/DATASETS/ASV_Spoof_2019_LA/ASVspoof2019_LA_eval/flac/LA_E_2221290.flac,0
/data/DATASETS/ASV_Spoof_2019_LA/ASVspoof2019_LA_eval/flac/LA_E_1380169.flac,0
/data/DATASETS/ASV_Spoof_2019_LA/ASVspoof2019_LA_dev/flac/LA_D_6868998.flac,0
/data/DATASETS/ASV_Spoof_2019_LA/ASVspoof2019_LA_eval/flac/LA_E_8759733.flac,0
/data/DATASETS/ASV_Spoof_2019_LA/ASVspoof2019_LA_train/flac/LA_T_9526706.flac,0
/data/DATASETS/ASV_Spoof_2019_LA/ASVspoof2019_LA_train/flac/LA_T_1691949.flac,0
/data/DATASETS/ASV_Spoof_2019_LA/ASVspoof2019_LA_eval/flac/LA_E_8558711.flac,0
/data/DATASETS/ASV_Spoof_2019_LA/ASVspoof2019_LA_dev/flac/LA_D_7450739.flac,0
/data/DATASETS/ASV_Spoof_2019_LA/ASVspoof2019_LA_eval/flac/LA_E_2688435.flac,0
/data/DATASETS/ASV_Spoof_2019_LA/ASVspoof2019_LA_train/flac/LA_T_4365712.flac,0
/data/DATASETS/ASV_Spoof_2019_LA/ASVspoof2019_LA_train/flac/LA_T_8988036.flac,0
/data/DATASETS/ASV_Spoof_2019_LA/ASVspoof2019_LA_train/flac/LA_T_5497895.flac,0
/data/DATASETS/ASV_Spoof_2019_LA/ASVspoof2019_LA_eval/flac/LA_E_1768192.flac,0
/data/DATASETS/ASV_Spoof_2019_LA/ASVspoof2019_LA_eval/flac/LA_E_3201327.flac,0
/data/DATASETS/ASV_Spoof_2019_LA/ASVspoof2019_LA_eval/flac/LA_E_3568970.flac,0
/data/DATASETS/ASV_Spoof_2019_LA/ASVspoof2019_LA_eval/flac/LA_E_9897258.flac,0
/data/DATASETS/ASV_Spoof_2019_LA/ASVspoof2019_LA_eval/flac/LA_E_8477179.flac,0
/data/DATASETS/ASV_Spoof_2019_LA/ASVspoof2019_LA_dev/flac/LA_D_1313431.flac,0
/data/DATASETS/ASV_Spoof_2019_LA/ASVspoof2019_LA_dev/flac/LA_D_8210054.flac,0
/data/DATASETS/ASV_Spoof_2019_LA/ASVspoof2019_LA_train/flac/LA_T_4140135.flac,0
/data/DATASETS/ASV_Spoof_2019_LA/ASVspoof2019_LA_train/flac/LA_T_3491111.flac,0
/data/DATASETS/ASV_Spoof_2019_LA/ASVspoof2019_LA_eval/flac/LA_E_5626337.flac,0
/data/DATASETS/ASV_Spoof_2019_LA/ASVspoof2019_LA_eval/flac/LA_E_1773382.flac,0
/data/DATASETS/ASV_Spoof_2019_LA/ASVspoof2019_LA_eval/flac/LA_E_4823656.flac,0
/data/DATASETS/ASV_Spoof_2019_LA/ASVspoof2019_LA_dev/flac/LA_D_5009407.flac,0
/data/DATASETS/ASV_Spoof_2019_LA/ASVspoof2019_LA_train/flac/LA_T_1743583.flac,0
/data/DATASETS/ASV_Spoof_2019_LA/ASVspoof2019_LA_train/flac/LA_T_1013597.flac,0
/data/DATASETS/ASV_Spoof_2019_LA/ASVspoof2019_LA_eval/flac/LA_E_2433256.flac,0
/data/DATASETS/ASV_Spoof_2019_LA/ASVspoof2019_LA_eval/flac/LA_E_2912752.flac,0
/data/DATASETS/ASV_Spoof_2019_LA/ASVspoof2019_LA_eval/flac/LA_E_9350862.flac,0
/data/DATASETS/ASV_Spoof_2019_LA/ASVspoof2019_LA_train/flac/LA_T_6813958.flac,0
/data/DATASETS/ASV_Spoof_2019_LA/ASVspoof2019_LA_train/flac/LA_T_2562689.flac,0
/data/DATASETS/ASV_Spoof_2019_LA/ASVspoof2019_LA_dev/flac/LA_D_2659066.flac,0
/data/DATASETS/ASV_Spoof_2019_LA/ASVspoof2019_LA_eval/flac/LA_E_1743065.flac,0
/data/DATASETS/ASV_Spoof_2019_LA/ASVspoof2019_LA_train/flac/LA_T_8971754.flac,0
/data/DATASETS/ASV_Spoof_2019_LA/ASVspoof2019_LA_eval/flac/LA_E_4410778.flac,0
/data/DATASETS/ASV_Spoof_2019_LA/ASVspoof2019_LA_eval/flac/LA_E_4850441.flac,0
/data/DATASETS/ASV_Spoof_2019_LA/ASVspoof2019_LA_dev/flac/LA_D_8163895.flac,0
/data/DATASETS/ASV_Spoof_2019_LA/ASVspoof2019_LA_eval/flac/LA_E_1693107.flac,0
/data/DATASETS/ASV_Spoof_2019_LA/ASVspoof2019_LA_eval/flac/LA_E_5920374.flac,0
/data/DATASETS/ASV_Spoof_2019_LA/ASVspoof2019_LA_eval/flac/LA_E_6600788.flac,0
/data/DATASETS/ASV_Spoof_2019_LA/ASVspoof2019_LA_eval/flac/LA_E_1202004.flac,0
/data/DATASETS/ASV_Spoof_2019_LA/ASVspoof2019_LA_eval/flac/LA_E_7492191.flac,0
/data/DATASETS/ASV_Spoof_2019_LA/ASVspoof2019_LA_train/flac/LA_T_8232782.flac,0
/data/DATASETS/ASV_Spoof_2019_LA/ASVspoof2019_LA_dev/flac/LA_D_3280853.flac,0
/data/DATASETS/ASV_Spoof_2019_LA/ASVspoof2019_LA_train/flac/LA_T_9444221.flac,0
/data/DATASETS/ASV_Spoof_2019_LA/ASVspoof2019_LA_train/flac/LA_T_5988636.flac,0
/data/DATASETS/ASV_Spoof_2019_LA/ASVspoof2019_LA_train/flac/LA_T_7288960.flac,0
/data/DATASETS/ASV_Spoof_2019_LA/ASVspoof2019_LA_eval/flac/LA_E_8265036.flac,0
/data/DATASETS/ASV_Spoof_2019_LA/ASVspoof2019_LA_eval/flac/LA_E_9871270.flac,0
/data/DATASETS/ASV_Spoof_2019_LA/ASVspoof2019_LA_eval/flac/LA_E_5975050.flac,0
/data/DATASETS/ASV_Spoof_2019_LA/ASVspoof2019_LA_train/flac/LA_T_1276960.flac,0
/data/DATASETS/ASV_Spoof_2019_LA/ASVspoof2019_LA_eval/flac/LA_E_9160782.flac,0
/data/DATASETS/ASV_Spoof_2019_LA/ASVspoof2019_LA_eval/flac/LA_E_7518481.flac,0
/data/DATASETS/ASV_Spoof_2019_LA/ASVspoof2019_LA_eval/flac/LA_E_9352155.flac,0
/data/DATASETS/ASV_Spoof_2019_LA/ASVspoof2019_LA_dev/flac/LA_D_7204569.flac,0
/data/DATASETS/ASV_Spoof_2019_LA/ASVspoof2019_LA_eval/flac/LA_E_4724146.flac,0
/data/DATASETS/ASV_Spoof_2019_LA/ASVspoof2019_LA_eval/flac/LA_E_4576579.flac,0
/data/DATASETS/ASV_Spoof_2019_LA/ASVspoof2019_LA_dev/flac/LA_D_9699048.flac,0
/data/DATASETS/ASV_Spoof_2019_LA/ASVspoof2019_LA_eval/flac/LA_E_4757272.flac,0
/data/DATASETS/ASV_Spoof_2019_LA/ASVspoof2019_LA_eval/flac/LA_E_2782317.flac,0
/data/DATASETS/ASV_Spoof_2019_LA/ASVspoof2019_LA_train/flac/LA_T_5872241.flac,0
/data/DATASETS/ASV_Spoof_2019_LA/ASVspoof2019_LA_eval/flac/LA_E_7069678.flac,0
/data/DATASETS/ASV_Spoof_2019_LA/ASVspoof2019_LA_dev/flac/LA_D_3236921.flac,0
/data/DATASETS/ASV_Spoof_2019_LA/ASVspoof2019_LA_eval/flac/LA_E_2767397.flac,0
/data/DATASETS/ASV_Spoof_2019_LA/ASVspoof2019_LA_eval/flac/LA_E_4677898.flac,0
/data/DATASETS/ASV_Spoof_2019_LA/ASVspoof2019_LA_train/flac/LA_T_4720967.flac,0
/data/DATASETS/ASV_Spoof_2019_LA/ASVspoof2019_LA_dev/flac/LA_D_1643904.flac,0
/data/DATASETS/ASV_Spoof_2019_LA/ASVspoof2019_LA_eval/flac/LA_E_1925654.flac,0
/data/DATASETS/ASV_Spoof_2019_LA/ASVspoof2019_LA_eval/flac/LA_E_5263460.flac,0
/data/DATASETS/ASV_Spoof_2019_LA/ASVspoof2019_LA_eval/flac/LA_E_7544214.flac,0
/data/DATASETS/ASV_Spoof_2019_LA/ASVspoof2019_LA_eval/flac/LA_E_3639091.flac,0
/data/DATASETS/ASV_Spoof_2019_LA/ASVspoof2019_LA_eval/flac/LA_E_4576503.flac,0
/data/DATASETS/ASV_Spoof_2019_LA/ASVspoof2019_LA_eval/flac/LA_E_6046596.flac,0
/data/DATASETS/ASV_Spoof_2019_LA/ASVspoof2019_LA_eval/flac/LA_E_5652192.flac,0
/data/DATASETS/ASV_Spoof_2019_LA/ASVspoof2019_LA_dev/flac/LA_D_6288787.flac,0
/data/DATASETS/ASV_Spoof_2019_LA/ASVspoof2019_LA_eval/flac/LA_E_2749959.flac,0
/data/DATASETS/ASV_Spoof_2019_LA/ASVspoof2019_LA_eval/flac/LA_E_6078417.flac,0
/data/DATASETS/ASV_Spoof_2019_LA/ASVspoof2019_LA_train/flac/LA_T_7847845.flac,0
/data/DATASETS/ASV_Spoof_2019_LA/ASVspoof2019_LA_train/flac/LA_T_3426509.flac,0
/data/DATASETS/ASV_Spoof_2019_LA/ASVspoof2019_LA_eval/flac/LA_E_4898645.flac,0
/data/DATASETS/ASV_Spoof_2019_LA/ASVspoof2019_LA_eval/flac/LA_E_2999772.flac,0
/data/DATASETS/ASV_Spoof_2019_LA/ASVspoof2019_LA_eval/flac/LA_E_3685443.flac,0
/data/DATASETS/ASV_Spoof_2019_LA/ASVspoof2019_LA_train/flac/LA_T_7422329.flac,0
/data/DATASETS/ASV_Spoof_2019_LA/ASVspoof2019_LA_eval/flac/LA_E_3347588.flac,0
/data/DATASETS/ASV_Spoof_2019_LA/ASVspoof2019_LA_eval/flac/LA_E_3555056.flac,0
/data/DATASETS/ASV_Spoof_2019_LA/ASVspoof2019_LA_eval/flac/LA_E_9857578.flac,0
/data/DATASETS/ASV_Spoof_2019_LA/ASVspoof2019_LA_eval/flac/LA_E_6320704.flac,0
/data/DATASETS/ASV_Spoof_2019_LA/ASVspoof2019_LA_eval/flac/LA_E_5157216.flac,0
/data/DATASETS/ASV_Spoof_2019_LA/ASVspoof2019_LA_dev/flac/LA_D_3706083.flac,0
/data/DATASETS/ASV_Spoof_2019_LA/ASVspoof2019_LA_eval/flac/LA_E_5041702.flac,0
/data/DATASETS/ASV_Spoof_2019_LA/ASVspoof2019_LA_eval/flac/LA_E_4034831.flac,0
/data/DATASETS/ASV_Spoof_2019_LA/ASVspoof2019_LA_train/flac/LA_T_5504447.flac,0
/data/DATASETS/ASV_Spoof_2019_LA/ASVspoof2019_LA_dev/flac/LA_D_6736028.flac,0
/data/DATASETS/ASV_Spoof_2019_LA/ASVspoof2019_LA_eval/flac/LA_E_5384785.flac,0
/data/DATASETS/ASV_Spoof_2019_LA/ASVspoof2019_LA_train/flac/LA_T_9711208.flac,0
/data/DATASETS/ASV_Spoof_2019_LA/ASVspoof2019_LA_eval/flac/LA_E_5302008.flac,0
/data/DATASETS/ASV_Spoof_2019_LA/ASVspoof2019_LA_train/flac/LA_T_5846701.flac,0
/data/DATASETS/ASV_Spoof_2019_LA/ASVspoof2019_LA_eval/flac/LA_E_6964855.flac,0
/data/DATASETS/ASV_Spoof_2019_LA/ASVspoof2019_LA_eval/flac/LA_E_9375708.flac,0
/data/DATASETS/ASV_Spoof_2019_LA/ASVspoof2019_LA_eval/flac/LA_E_7898912.flac,0
/data/DATASETS/ASV_Spoof_2019_LA/ASVspoof2019_LA_dev/flac/LA_D_2105580.flac,0
/data/DATASETS/ASV_Spoof_2019_LA/ASVspoof2019_LA_eval/flac/LA_E_8636129.flac,0
/data/DATASETS/ASV_Spoof_2019_LA/ASVspoof2019_LA_train/flac/LA_T_6073470.flac,0
/data/DATASETS/ASV_Spoof_2019_LA/ASVspoof2019_LA_eval/flac/LA_E_9441902.flac,0
/data/DATASETS/ASV_Spoof_2019_LA/ASVspoof2019_LA_train/flac/LA_T_8919107.flac,0
/data/DATASETS/ASV_Spoof_2019_LA/ASVspoof2019_LA_train/flac/LA_T_5702907.flac,0
/data/DATASETS/ASV_Spoof_2019_LA/ASVspoof2019_LA_train/flac/LA_T_1563365.flac,0
/data/DATASETS/ASV_Spoof_2019_LA/ASVspoof2019_LA_eval/flac/LA_E_3801231.flac,0
/data/DATASETS/ASV_Spoof_2019_LA/ASVspoof2019_LA_eval/flac/LA_E_7321786.flac,0
/data/DATASETS/ASV_Spoof_2019_LA/ASVspoof2019_LA_eval/flac/LA_E_1984093.flac,0
/data/DATASETS/ASV_Spoof_2019_LA/ASVspoof2019_LA_eval/flac/LA_E_9875520.flac,0
/data/DATASETS/ASV_Spoof_2019_LA/ASVspoof2019_LA_eval/flac/LA_E_4368048.flac,0
/data/DATASETS/ASV_Spoof_2019_LA/ASVspoof2019_LA_eval/flac/LA_E_7895743.flac,0
/data/DATASETS/ASV_Spoof_2019_LA/ASVspoof2019_LA_train/flac/LA_T_5420024.flac,0
/data/DATASETS/ASV_Spoof_2019_LA/ASVspoof2019_LA_eval/flac/LA_E_5201647.flac,0
/data/DATASETS/ASV_Spoof_2019_LA/ASVspoof2019_LA_dev/flac/LA_D_2654763.flac,0
/data/DATASETS/ASV_Spoof_2019_LA/ASVspoof2019_LA_eval/flac/LA_E_7073340.flac,0
/data/DATASETS/ASV_Spoof_2019_LA/ASVspoof2019_LA_eval/flac/LA_E_6792828.flac,0
/data/DATASETS/ASV_Spoof_2019_LA/ASVspoof2019_LA_train/flac/LA_T_7786173.flac,0
/data/DATASETS/ASV_Spoof_2019_LA/ASVspoof2019_LA_eval/flac/LA_E_7141254.flac,0
/data/DATASETS/ASV_Spoof_2019_LA/ASVspoof2019_LA_eval/flac/LA_E_9826877.flac,0
/data/DATASETS/ASV_Spoof_2019_LA/ASVspoof2019_LA_eval/flac/LA_E_8191235.flac,0
/data/DATASETS/ASV_Spoof_2019_LA/ASVspoof2019_LA_eval/flac/LA_E_1280848.flac,0
/data/DATASETS/ASV_Spoof_2019_LA/ASVspoof2019_LA_eval/flac/LA_E_2595475.flac,0
/data/DATASETS/ASV_Spoof_2019_LA/ASVspoof2019_LA_eval/flac/LA_E_9956192.flac,0
/data/DATASETS/ASV_Spoof_2019_LA/ASVspoof2019_LA_dev/flac/LA_D_4945608.flac,0
/data/DATASETS/ASV_Spoof_2019_LA/ASVspoof2019_LA_train/flac/LA_T_6952169.flac,0
/data/DATASETS/ASV_Spoof_2019_LA/ASVspoof2019_LA_train/flac/LA_T_7143060.flac,0
/data/DATASETS/ASV_Spoof_2019_LA/ASVspoof2019_LA_eval/flac/LA_E_5164539.flac,0
/data/DATASETS/ASV_Spoof_2019_LA/ASVspoof2019_LA_eval/flac/LA_E_3069443.flac,0
/data/DATASETS/ASV_Spoof_2019_LA/ASVspoof2019_LA_eval/flac/LA_E_1493904.flac,0
/data/DATASETS/ASV_Spoof_2019_LA/ASVspoof2019_LA_dev/flac/LA_D_8297100.flac,0
/data/DATASETS/ASV_Spoof_2019_LA/ASVspoof2019_LA_train/flac/LA_T_5061172.flac,0
/data/DATASETS/ASV_Spoof_2019_LA/ASVspoof2019_LA_eval/flac/LA_E_9018476.flac,0
/data/DATASETS/ASV_Spoof_2019_LA/ASVspoof2019_LA_eval/flac/LA_E_4855462.flac,0
/data/DATASETS/ASV_Spoof_2019_LA/ASVspoof2019_LA_dev/flac/LA_D_5786812.flac,0
/data/DATASETS/ASV_Spoof_2019_LA/ASVspoof2019_LA_eval/flac/LA_E_9265957.flac,0
/data/DATASETS/ASV_Spoof_2019_LA/ASVspoof2019_LA_eval/flac/LA_E_7274399.flac,0
/data/DATASETS/ASV_Spoof_2019_LA/ASVspoof2019_LA_dev/flac/LA_D_6316902.flac,0
/data/DATASETS/ASV_Spoof_2019_LA/ASVspoof2019_LA_eval/flac/LA_E_1301756.flac,0
/data/DATASETS/ASV_Spoof_2019_LA/ASVspoof2019_LA_eval/flac/LA_E_1537728.flac,0
/data/DATASETS/ASV_Spoof_2019_LA/ASVspoof2019_LA_eval/flac/LA_E_9950431.flac,0
/data/DATASETS/ASV_Spoof_2019_LA/ASVspoof2019_LA_train/flac/LA_T_9474664.flac,0
/data/DATASETS/ASV_Spoof_2019_LA/ASVspoof2019_LA_train/flac/LA_T_2599995.flac,0
/data/DATASETS/ASV_Spoof_2019_LA/ASVspoof2019_LA_eval/flac/LA_E_5596040.flac,0
/data/DATASETS/ASV_Spoof_2019_LA/ASVspoof2019_LA_eval/flac/LA_E_5346350.flac,0
/data/DATASETS/ASV_Spoof_2019_LA/ASVspoof2019_LA_eval/flac/LA_E_6688548.flac,0
/data/DATASETS/ASV_Spoof_2019_LA/ASVspoof2019_LA_dev/flac/LA_D_5513082.flac,0
/data/DATASETS/ASV_Spoof_2019_LA/ASVspoof2019_LA_dev/flac/LA_D_3892057.flac,0
/data/DATASETS/ASV_Spoof_2019_LA/ASVspoof2019_LA_eval/flac/LA_E_1780289.flac,0
/data/DATASETS/ASV_Spoof_2019_LA/ASVspoof2019_LA_eval/flac/LA_E_5514830.flac,0
/data/DATASETS/ASV_Spoof_2019_LA/ASVspoof2019_LA_eval/flac/LA_E_4171732.flac,0
/data/DATASETS/ASV_Spoof_2019_LA/ASVspoof2019_LA_train/flac/LA_T_5520907.flac,0
/data/DATASETS/ASV_Spoof_2019_LA/ASVspoof2019_LA_train/flac/LA_T_6722790.flac,0
/data/DATASETS/ASV_Spoof_2019_LA/ASVspoof2019_LA_eval/flac/LA_E_1518359.flac,0
/data/DATASETS/ASV_Spoof_2019_LA/ASVspoof2019_LA_dev/flac/LA_D_4903304.flac,0
/data/DATASETS/ASV_Spoof_2019_LA/ASVspoof2019_LA_train/flac/LA_T_3877061.flac,0
/data/DATASETS/ASV_Spoof_2019_LA/ASVspoof2019_LA_train/flac/LA_T_7163377.flac,0
/data/DATASETS/ASV_Spoof_2019_LA/ASVspoof2019_LA_eval/flac/LA_E_6577326.flac,0
/data/DATASETS/ASV_Spoof_2019_LA/ASVspoof2019_LA_dev/flac/LA_D_4571818.flac,0
/data/DATASETS/ASV_Spoof_2019_LA/ASVspoof2019_LA_dev/flac/LA_D_2946881.flac,0
/data/DATASETS/ASV_Spoof_2019_LA/ASVspoof2019_LA_eval/flac/LA_E_5793798.flac,0
/data/DATASETS/ASV_Spoof_2019_LA/ASVspoof2019_LA_dev/flac/LA_D_1391982.flac,0
/data/DATASETS/ASV_Spoof_2019_LA/ASVspoof2019_LA_train/flac/LA_T_2606704.flac,0
/data/DATASETS/ASV_Spoof_2019_LA/ASVspoof2019_LA_eval/flac/LA_E_9967663.flac,0
/data/DATASETS/ASV_Spoof_2019_LA/ASVspoof2019_LA_eval/flac/LA_E_6348642.flac,0
/data/DATASETS/ASV_Spoof_2019_LA/ASVspoof2019_LA_eval/flac/LA_E_7792985.flac,0
/data/DATASETS/ASV_Spoof_2019_LA/ASVspoof2019_LA_train/flac/LA_T_8211262.flac,0
/data/DATASETS/ASV_Spoof_2019_LA/ASVspoof2019_LA_eval/flac/LA_E_5239791.flac,0
/data/DATASETS/ASV_Spoof_2019_LA/ASVspoof2019_LA_eval/flac/LA_E_2384346.flac,0
/data/DATASETS/ASV_Spoof_2019_LA/ASVspoof2019_LA_eval/flac/LA_E_5837347.flac,0
/data/DATASETS/ASV_Spoof_2019_LA/ASVspoof2019_LA_eval/flac/LA_E_2437384.flac,0
/data/DATASETS/ASV_Spoof_2019_LA/ASVspoof2019_LA_train/flac/LA_T_8739453.flac,0
/data/DATASETS/ASV_Spoof_2019_LA/ASVspoof2019_LA_eval/flac/LA_E_6189894.flac,0
/data/DATASETS/ASV_Spoof_2019_LA/ASVspoof2019_LA_dev/flac/LA_D_4598473.flac,0
/data/DATASETS/ASV_Spoof_2019_LA/ASVspoof2019_LA_dev/flac/LA_D_5945817.flac,0
/data/DATASETS/ASV_Spoof_2019_LA/ASVspoof2019_LA_eval/flac/LA_E_6886596.flac,0
/data/DATASETS/ASV_Spoof_2019_LA/ASVspoof2019_LA_eval/flac/LA_E_1143828.flac,0
/data/DATASETS/ASV_Spoof_2019_LA/ASVspoof2019_LA_eval/flac/LA_E_1967135.flac,0
/data/DATASETS/ASV_Spoof_2019_LA/ASVspoof2019_LA_dev/flac/LA_D_5497034.flac,0
/data/DATASETS/ASV_Spoof_2019_LA/ASVspoof2019_LA_eval/flac/LA_E_3628816.flac,0
/data/DATASETS/ASV_Spoof_2019_LA/ASVspoof2019_LA_eval/flac/LA_E_2082186.flac,0
/data/DATASETS/ASV_Spoof_2019_LA/ASVspoof2019_LA_eval/flac/LA_E_2636404.flac,0
/data/DATASETS/ASV_Spoof_2019_LA/ASVspoof2019_LA_train/flac/LA_T_6435787.flac,0
/data/DATASETS/ASV_Spoof_2019_LA/ASVspoof2019_LA_eval/flac/LA_E_8282127.flac,0
/data/DATASETS/ASV_Spoof_2019_LA/ASVspoof2019_LA_eval/flac/LA_E_4528227.flac,0
/data/DATASETS/ASV_Spoof_2019_LA/ASVspoof2019_LA_eval/flac/LA_E_4293653.flac,0
/data/DATASETS/ASV_Spoof_2019_LA/ASVspoof2019_LA_eval/flac/LA_E_7006521.flac,0
/data/DATASETS/ASV_Spoof_2019_LA/ASVspoof2019_LA_train/flac/LA_T_5015893.flac,0
/data/DATASETS/ASV_Spoof_2019_LA/ASVspoof2019_LA_eval/flac/LA_E_2947648.flac,0
/data/DATASETS/ASV_Spoof_2019_LA/ASVspoof2019_LA_dev/flac/LA_D_6446182.flac,0
/data/DATASETS/ASV_Spoof_2019_LA/ASVspoof2019_LA_eval/flac/LA_E_6433471.flac,0
/data/DATASETS/ASV_Spoof_2019_LA/ASVspoof2019_LA_dev/flac/LA_D_9039771.flac,0
/data/DATASETS/ASV_Spoof_2019_LA/ASVspoof2019_LA_eval/flac/LA_E_3741855.flac,0
/data/DATASETS/ASV_Spoof_2019_LA/ASVspoof2019_LA_eval/flac/LA_E_5091221.flac,0
/data/DATASETS/ASV_Spoof_2019_LA/ASVspoof2019_LA_dev/flac/LA_D_7380582.flac,0
/data/DATASETS/ASV_Spoof_2019_LA/ASVspoof2019_LA_eval/flac/LA_E_9117138.flac,0
/data/DATASETS/ASV_Spoof_2019_LA/ASVspoof2019_LA_dev/flac/LA_D_3555645.flac,0
/data/DATASETS/ASV_Spoof_2019_LA/ASVspoof2019_LA_eval/flac/LA_E_9118553.flac,0
/data/DATASETS/ASV_Spoof_2019_LA/ASVspoof2019_LA_train/flac/LA_T_3769139.flac,0
/data/DATASETS/ASV_Spoof_2019_LA/ASVspoof2019_LA_eval/flac/LA_E_2986162.flac,0
/data/DATASETS/ASV_Spoof_2019_LA/ASVspoof2019_LA_eval/flac/LA_E_3840514.flac,0
/data/DATASETS/ASV_Spoof_2019_LA/ASVspoof2019_LA_dev/flac/LA_D_7203605.flac,0
/data/DATASETS/ASV_Spoof_2019_LA/ASVspoof2019_LA_dev/flac/LA_D_6980166.flac,0
/data/DATASETS/ASV_Spoof_2019_LA/ASVspoof2019_LA_eval/flac/LA_E_2616351.flac,0
/data/DATASETS/ASV_Spoof_2019_LA/ASVspoof2019_LA_dev/flac/LA_D_7765088.flac,0
/data/DATASETS/ASV_Spoof_2019_LA/ASVspoof2019_LA_eval/flac/LA_E_1572637.flac,0
/data/DATASETS/ASV_Spoof_2019_LA/ASVspoof2019_LA_dev/flac/LA_D_9460592.flac,0
/data/DATASETS/ASV_Spoof_2019_LA/ASVspoof2019_LA_train/flac/LA_T_9026573.flac,0
/data/DATASETS/ASV_Spoof_2019_LA/ASVspoof2019_LA_train/flac/LA_T_9946390.flac,0
/data/DATASETS/ASV_Spoof_2019_LA/ASVspoof2019_LA_eval/flac/LA_E_4531898.flac,0
/data/DATASETS/ASV_Spoof_2019_LA/ASVspoof2019_LA_dev/flac/LA_D_1126907.flac,0
/data/DATASETS/ASV_Spoof_2019_LA/ASVspoof2019_LA_eval/flac/LA_E_9784651.flac,0
/data/DATASETS/ASV_Spoof_2019_LA/ASVspoof2019_LA_eval/flac/LA_E_8990213.flac,0
/data/DATASETS/ASV_Spoof_2019_LA/ASVspoof2019_LA_train/flac/LA_T_1646336.flac,0
/data/DATASETS/ASV_Spoof_2019_LA/ASVspoof2019_LA_train/flac/LA_T_4097990.flac,0
/data/DATASETS/ASV_Spoof_2019_LA/ASVspoof2019_LA_eval/flac/LA_E_2143030.flac,0
/data/DATASETS/ASV_Spoof_2019_LA/ASVspoof2019_LA_eval/flac/LA_E_6486500.flac,0
/data/DATASETS/ASV_Spoof_2019_LA/ASVspoof2019_LA_dev/flac/LA_D_2690780.flac,0
/data/DATASETS/ASV_Spoof_2019_LA/ASVspoof2019_LA_eval/flac/LA_E_7170190.flac,0
/data/DATASETS/ASV_Spoof_2019_LA/ASVspoof2019_LA_eval/flac/LA_E_7622296.flac,0
/data/DATASETS/ASV_Spoof_2019_LA/ASVspoof2019_LA_eval/flac/LA_E_5638524.flac,0
/data/DATASETS/ASV_Spoof_2019_LA/ASVspoof2019_LA_eval/flac/LA_E_1913837.flac,0
/data/DATASETS/ASV_Spoof_2019_LA/ASVspoof2019_LA_train/flac/LA_T_5621967.flac,0
/data/DATASETS/ASV_Spoof_2019_LA/ASVspoof2019_LA_dev/flac/LA_D_2977057.flac,0
/data/DATASETS/ASV_Spoof_2019_LA/ASVspoof2019_LA_train/flac/LA_T_6058119.flac,0
/data/DATASETS/ASV_Spoof_2019_LA/ASVspoof2019_LA_eval/flac/LA_E_8471739.flac,0
/data/DATASETS/ASV_Spoof_2019_LA/ASVspoof2019_LA_dev/flac/LA_D_5090421.flac,0
/data/DATASETS/ASV_Spoof_2019_LA/ASVspoof2019_LA_train/flac/LA_T_1271820.flac,0
/data/DATASETS/ASV_Spoof_2019_LA/ASVspoof2019_LA_eval/flac/LA_E_8962526.flac,0
/data/DATASETS/ASV_Spoof_2019_LA/ASVspoof2019_LA_eval/flac/LA_E_6881396.flac,0
/data/DATASETS/ASV_Spoof_2019_LA/ASVspoof2019_LA_dev/flac/LA_D_1204220.flac,0
/data/DATASETS/ASV_Spoof_2019_LA/ASVspoof2019_LA_eval/flac/LA_E_3462351.flac,0
/data/DATASETS/ASV_Spoof_2019_LA/ASVspoof2019_LA_train/flac/LA_T_3517928.flac,0
/data/DATASETS/ASV_Spoof_2019_LA/ASVspoof2019_LA_train/flac/LA_T_6181183.flac,0
/data/DATASETS/ASV_Spoof_2019_LA/ASVspoof2019_LA_eval/flac/LA_E_3489004.flac,0
/data/DATASETS/ASV_Spoof_2019_LA/ASVspoof2019_LA_train/flac/LA_T_1459453.flac,0
/data/DATASETS/ASV_Spoof_2019_LA/ASVspoof2019_LA_eval/flac/LA_E_8852450.flac,0
/data/DATASETS/ASV_Spoof_2019_LA/ASVspoof2019_LA_dev/flac/LA_D_5823706.flac,0
/data/DATASETS/ASV_Spoof_2019_LA/ASVspoof2019_LA_eval/flac/LA_E_1039348.flac,0
/data/DATASETS/ASV_Spoof_2019_LA/ASVspoof2019_LA_eval/flac/LA_E_5998659.flac,0
/data/DATASETS/ASV_Spoof_2019_LA/ASVspoof2019_LA_eval/flac/LA_E_4738131.flac,0
/data/DATASETS/ASV_Spoof_2019_LA/ASVspoof2019_LA_eval/flac/LA_E_8410941.flac,0
/data/DATASETS/ASV_Spoof_2019_LA/ASVspoof2019_LA_eval/flac/LA_E_3837694.flac,0
/data/DATASETS/ASV_Spoof_2019_LA/ASVspoof2019_LA_eval/flac/LA_E_7079870.flac,0
/data/DATASETS/ASV_Spoof_2019_LA/ASVspoof2019_LA_dev/flac/LA_D_3150235.flac,0
/data/DATASETS/ASV_Spoof_2019_LA/ASVspoof2019_LA_eval/flac/LA_E_6116953.flac,0
/data/DATASETS/ASV_Spoof_2019_LA/ASVspoof2019_LA_eval/flac/LA_E_8911840.flac,0
/data/DATASETS/ASV_Spoof_2019_LA/ASVspoof2019_LA_eval/flac/LA_E_1914145.flac,0
/data/DATASETS/ASV_Spoof_2019_LA/ASVspoof2019_LA_train/flac/LA_T_3683196.flac,0
/data/DATASETS/ASV_Spoof_2019_LA/ASVspoof2019_LA_dev/flac/LA_D_4428897.flac,0
/data/DATASETS/ASV_Spoof_2019_LA/ASVspoof2019_LA_train/flac/LA_T_6376119.flac,0
/data/DATASETS/ASV_Spoof_2019_LA/ASVspoof2019_LA_train/flac/LA_T_1559861.flac,0
/data/DATASETS/ASV_Spoof_2019_LA/ASVspoof2019_LA_dev/flac/LA_D_6465138.flac,0
/data/DATASETS/ASV_Spoof_2019_LA/ASVspoof2019_LA_eval/flac/LA_E_3614077.flac,0
/data/DATASETS/ASV_Spoof_2019_LA/ASVspoof2019_LA_train/flac/LA_T_1793666.flac,0
/data/DATASETS/ASV_Spoof_2019_LA/ASVspoof2019_LA_eval/flac/LA_E_7252577.flac,0
/data/DATASETS/ASV_Spoof_2019_LA/ASVspoof2019_LA_train/flac/LA_T_4397800.flac,0
/data/DATASETS/ASV_Spoof_2019_LA/ASVspoof2019_LA_eval/flac/LA_E_1235824.flac,0
/data/DATASETS/ASV_Spoof_2019_LA/ASVspoof2019_LA_eval/flac/LA_E_9525418.flac,0
/data/DATASETS/ASV_Spoof_2019_LA/ASVspoof2019_LA_eval/flac/LA_E_3771356.flac,0
/data/DATASETS/ASV_Spoof_2019_LA/ASVspoof2019_LA_dev/flac/LA_D_1874320.flac,0
/data/DATASETS/ASV_Spoof_2019_LA/ASVspoof2019_LA_dev/flac/LA_D_1105131.flac,0
/data/DATASETS/ASV_Spoof_2019_LA/ASVspoof2019_LA_train/flac/LA_T_3394389.flac,0
/data/DATASETS/ASV_Spoof_2019_LA/ASVspoof2019_LA_eval/flac/LA_E_3467949.flac,0
/data/DATASETS/ASV_Spoof_2019_LA/ASVspoof2019_LA_train/flac/LA_T_6217520.flac,0
/data/DATASETS/ASV_Spoof_2019_LA/ASVspoof2019_LA_eval/flac/LA_E_4309982.flac,0
/data/DATASETS/ASV_Spoof_2019_LA/ASVspoof2019_LA_eval/flac/LA_E_3046624.flac,0
/data/DATASETS/ASV_Spoof_2019_LA/ASVspoof2019_LA_eval/flac/LA_E_7762281.flac,0
/data/DATASETS/ASV_Spoof_2019_LA/ASVspoof2019_LA_train/flac/LA_T_9456128.flac,0
/data/DATASETS/ASV_Spoof_2019_LA/ASVspoof2019_LA_train/flac/LA_T_8936519.flac,0
/data/DATASETS/ASV_Spoof_2019_LA/ASVspoof2019_LA_train/flac/LA_T_5428638.flac,0
/data/DATASETS/ASV_Spoof_2019_LA/ASVspoof2019_LA_eval/flac/LA_E_9350635.flac,0
/data/DATASETS/ASV_Spoof_2019_LA/ASVspoof2019_LA_dev/flac/LA_D_8117787.flac,0
/data/DATASETS/ASV_Spoof_2019_LA/ASVspoof2019_LA_dev/flac/LA_D_8591429.flac,0
/data/DATASETS/ASV_Spoof_2019_LA/ASVspoof2019_LA_eval/flac/LA_E_1539224.flac,0
/data/DATASETS/ASV_Spoof_2019_LA/ASVspoof2019_LA_dev/flac/LA_D_1427710.flac,0
/data/DATASETS/ASV_Spoof_2019_LA/ASVspoof2019_LA_eval/flac/LA_E_5479759.flac,0
/data/DATASETS/ASV_Spoof_2019_LA/ASVspoof2019_LA_eval/flac/LA_E_6658061.flac,0
/data/DATASETS/ASV_Spoof_2019_LA/ASVspoof2019_LA_dev/flac/LA_D_6211292.flac,0
/data/DATASETS/ASV_Spoof_2019_LA/ASVspoof2019_LA_eval/flac/LA_E_1265548.flac,0
/data/DATASETS/ASV_Spoof_2019_LA/ASVspoof2019_LA_eval/flac/LA_E_2129487.flac,0
/data/DATASETS/ASV_Spoof_2019_LA/ASVspoof2019_LA_train/flac/LA_T_4948515.flac,0
/data/DATASETS/ASV_Spoof_2019_LA/ASVspoof2019_LA_train/flac/LA_T_6192370.flac,0
/data/DATASETS/ASV_Spoof_2019_LA/ASVspoof2019_LA_eval/flac/LA_E_3681731.flac,0
/data/DATASETS/ASV_Spoof_2019_LA/ASVspoof2019_LA_train/flac/LA_T_7478780.flac,0
/data/DATASETS/ASV_Spoof_2019_LA/ASVspoof2019_LA_dev/flac/LA_D_8184787.flac,0
/data/DATASETS/ASV_Spoof_2019_LA/ASVspoof2019_LA_eval/flac/LA_E_3507946.flac,0
/data/DATASETS/ASV_Spoof_2019_LA/ASVspoof2019_LA_eval/flac/LA_E_9417977.flac,0
/data/DATASETS/ASV_Spoof_2019_LA/ASVspoof2019_LA_eval/flac/LA_E_6095101.flac,0
/data/DATASETS/ASV_Spoof_2019_LA/ASVspoof2019_LA_eval/flac/LA_E_4711057.flac,0
/data/DATASETS/ASV_Spoof_2019_LA/ASVspoof2019_LA_eval/flac/LA_E_7781360.flac,0
/data/DATASETS/ASV_Spoof_2019_LA/ASVspoof2019_LA_eval/flac/LA_E_4694054.flac,0
/data/DATASETS/ASV_Spoof_2019_LA/ASVspoof2019_LA_train/flac/LA_T_3628518.flac,0
/data/DATASETS/ASV_Spoof_2019_LA/ASVspoof2019_LA_dev/flac/LA_D_7513515.flac,0
/data/DATASETS/ASV_Spoof_2019_LA/ASVspoof2019_LA_eval/flac/LA_E_7970060.flac,0
/data/DATASETS/ASV_Spoof_2019_LA/ASVspoof2019_LA_eval/flac/LA_E_1690598.flac,0
/data/DATASETS/ASV_Spoof_2019_LA/ASVspoof2019_LA_train/flac/LA_T_5043225.flac,0
/data/DATASETS/ASV_Spoof_2019_LA/ASVspoof2019_LA_dev/flac/LA_D_8980393.flac,0
/data/DATASETS/ASV_Spoof_2019_LA/ASVspoof2019_LA_train/flac/LA_T_1075302.flac,0
/data/DATASETS/ASV_Spoof_2019_LA/ASVspoof2019_LA_eval/flac/LA_E_2355871.flac,0
/data/DATASETS/ASV_Spoof_2019_LA/ASVspoof2019_LA_eval/flac/LA_E_8496261.flac,0
/data/DATASETS/ASV_Spoof_2019_LA/ASVspoof2019_LA_eval/flac/LA_E_3832734.flac,0
/data/DATASETS/ASV_Spoof_2019_LA/ASVspoof2019_LA_eval/flac/LA_E_5449533.flac,0
/data/DATASETS/ASV_Spoof_2019_LA/ASVspoof2019_LA_train/flac/LA_T_7512717.flac,0
/data/DATASETS/ASV_Spoof_2019_LA/ASVspoof2019_LA_dev/flac/LA_D_6492056.flac,0
/data/DATASETS/ASV_Spoof_2019_LA/ASVspoof2019_LA_eval/flac/LA_E_4425345.flac,0
/data/DATASETS/ASV_Spoof_2019_LA/ASVspoof2019_LA_eval/flac/LA_E_1208390.flac,0
/data/DATASETS/ASV_Spoof_2019_LA/ASVspoof2019_LA_eval/flac/LA_E_8255737.flac,0
/data/DATASETS/ASV_Spoof_2019_LA/ASVspoof2019_LA_train/flac/LA_T_5755110.flac,0
/data/DATASETS/ASV_Spoof_2019_LA/ASVspoof2019_LA_eval/flac/LA_E_5848784.flac,0
/data/DATASETS/ASV_Spoof_2019_LA/ASVspoof2019_LA_dev/flac/LA_D_5704754.flac,0
/data/DATASETS/ASV_Spoof_2019_LA/ASVspoof2019_LA_train/flac/LA_T_2127844.flac,0
/data/DATASETS/ASV_Spoof_2019_LA/ASVspoof2019_LA_dev/flac/LA_D_3317945.flac,0
/data/DATASETS/ASV_Spoof_2019_LA/ASVspoof2019_LA_dev/flac/LA_D_9015485.flac,0
/data/DATASETS/ASV_Spoof_2019_LA/ASVspoof2019_LA_dev/flac/LA_D_1444916.flac,0
/data/DATASETS/ASV_Spoof_2019_LA/ASVspoof2019_LA_eval/flac/LA_E_4156288.flac,0
/data/DATASETS/ASV_Spoof_2019_LA/ASVspoof2019_LA_eval/flac/LA_E_4833555.flac,0
/data/DATASETS/ASV_Spoof_2019_LA/ASVspoof2019_LA_train/flac/LA_T_5081062.flac,0
/data/DATASETS/ASV_Spoof_2019_LA/ASVspoof2019_LA_dev/flac/LA_D_6353335.flac,0
/data/DATASETS/ASV_Spoof_2019_LA/ASVspoof2019_LA_train/flac/LA_T_3058443.flac,0
/data/DATASETS/ASV_Spoof_2019_LA/ASVspoof2019_LA_dev/flac/LA_D_7561369.flac,0
/data/DATASETS/ASV_Spoof_2019_LA/ASVspoof2019_LA_dev/flac/LA_D_8232673.flac,0
/data/DATASETS/ASV_Spoof_2019_LA/ASVspoof2019_LA_train/flac/LA_T_9243374.flac,0
/data/DATASETS/ASV_Spoof_2019_LA/ASVspoof2019_LA_eval/flac/LA_E_2460287.flac,0
/data/DATASETS/ASV_Spoof_2019_LA/ASVspoof2019_LA_eval/flac/LA_E_2037112.flac,0
/data/DATASETS/ASV_Spoof_2019_LA/ASVspoof2019_LA_train/flac/LA_T_5408992.flac,0
/data/DATASETS/ASV_Spoof_2019_LA/ASVspoof2019_LA_eval/flac/LA_E_3267360.flac,0
/data/DATASETS/ASV_Spoof_2019_LA/ASVspoof2019_LA_dev/flac/LA_D_2248106.flac,0
/data/DATASETS/ASV_Spoof_2019_LA/ASVspoof2019_LA_eval/flac/LA_E_7434819.flac,0
/data/DATASETS/ASV_Spoof_2019_LA/ASVspoof2019_LA_eval/flac/LA_E_3325588.flac,0
/data/DATASETS/ASV_Spoof_2019_LA/ASVspoof2019_LA_train/flac/LA_T_1946144.flac,0
/data/DATASETS/ASV_Spoof_2019_LA/ASVspoof2019_LA_dev/flac/LA_D_9060455.flac,0
/data/DATASETS/ASV_Spoof_2019_LA/ASVspoof2019_LA_train/flac/LA_T_2388783.flac,0
/data/DATASETS/ASV_Spoof_2019_LA/ASVspoof2019_LA_train/flac/LA_T_5971038.flac,0
/data/DATASETS/ASV_Spoof_2019_LA/ASVspoof2019_LA_eval/flac/LA_E_7247798.flac,0
/data/DATASETS/ASV_Spoof_2019_LA/ASVspoof2019_LA_dev/flac/LA_D_6022629.flac,0
/data/DATASETS/ASV_Spoof_2019_LA/ASVspoof2019_LA_eval/flac/LA_E_3443218.flac,0
/data/DATASETS/ASV_Spoof_2019_LA/ASVspoof2019_LA_eval/flac/LA_E_5455026.flac,0
/data/DATASETS/ASV_Spoof_2019_LA/ASVspoof2019_LA_train/flac/LA_T_4160149.flac,0
/data/DATASETS/ASV_Spoof_2019_LA/ASVspoof2019_LA_train/flac/LA_T_4222512.flac,0
/data/DATASETS/ASV_Spoof_2019_LA/ASVspoof2019_LA_eval/flac/LA_E_4927073.flac,0
/data/DATASETS/ASV_Spoof_2019_LA/ASVspoof2019_LA_eval/flac/LA_E_1830686.flac,0
/data/DATASETS/ASV_Spoof_2019_LA/ASVspoof2019_LA_eval/flac/LA_E_8966969.flac,0
/data/DATASETS/ASV_Spoof_2019_LA/ASVspoof2019_LA_eval/flac/LA_E_4679751.flac,0
/data/DATASETS/ASV_Spoof_2019_LA/ASVspoof2019_LA_train/flac/LA_T_8438461.flac,0
/data/DATASETS/ASV_Spoof_2019_LA/ASVspoof2019_LA_eval/flac/LA_E_9514350.flac,0
/data/DATASETS/ASV_Spoof_2019_LA/ASVspoof2019_LA_train/flac/LA_T_5304944.flac,0
/data/DATASETS/ASV_Spoof_2019_LA/ASVspoof2019_LA_eval/flac/LA_E_8817181.flac,0
/data/DATASETS/ASV_Spoof_2019_LA/ASVspoof2019_LA_eval/flac/LA_E_3884113.flac,0
/data/DATASETS/ASV_Spoof_2019_LA/ASVspoof2019_LA_eval/flac/LA_E_6843797.flac,0
/data/DATASETS/ASV_Spoof_2019_LA/ASVspoof2019_LA_eval/flac/LA_E_5360517.flac,0
/data/DATASETS/ASV_Spoof_2019_LA/ASVspoof2019_LA_eval/flac/LA_E_4956478.flac,0
/data/DATASETS/ASV_Spoof_2019_LA/ASVspoof2019_LA_dev/flac/LA_D_2813154.flac,0
/data/DATASETS/ASV_Spoof_2019_LA/ASVspoof2019_LA_train/flac/LA_T_8935555.flac,0
/data/DATASETS/ASV_Spoof_2019_LA/ASVspoof2019_LA_dev/flac/LA_D_7866849.flac,0
/data/DATASETS/ASV_Spoof_2019_LA/ASVspoof2019_LA_eval/flac/LA_E_9274211.flac,0
/data/DATASETS/ASV_Spoof_2019_LA/ASVspoof2019_LA_train/flac/LA_T_1235793.flac,0
/data/DATASETS/ASV_Spoof_2019_LA/ASVspoof2019_LA_dev/flac/LA_D_4026264.flac,0
/data/DATASETS/ASV_Spoof_2019_LA/ASVspoof2019_LA_train/flac/LA_T_3378774.flac,0
/data/DATASETS/ASV_Spoof_2019_LA/ASVspoof2019_LA_eval/flac/LA_E_2037343.flac,0
/data/DATASETS/ASV_Spoof_2019_LA/ASVspoof2019_LA_eval/flac/LA_E_8249275.flac,0
/data/DATASETS/ASV_Spoof_2019_LA/ASVspoof2019_LA_dev/flac/LA_D_8260762.flac,0
/data/DATASETS/ASV_Spoof_2019_LA/ASVspoof2019_LA_eval/flac/LA_E_7076782.flac,0
/data/DATASETS/ASV_Spoof_2019_LA/ASVspoof2019_LA_eval/flac/LA_E_8075483.flac,0
/data/DATASETS/ASV_Spoof_2019_LA/ASVspoof2019_LA_eval/flac/LA_E_9515939.flac,0
/data/DATASETS/ASV_Spoof_2019_LA/ASVspoof2019_LA_dev/flac/LA_D_5431436.flac,0
/data/DATASETS/ASV_Spoof_2019_LA/ASVspoof2019_LA_dev/flac/LA_D_2644387.flac,0
/data/DATASETS/ASV_Spoof_2019_LA/ASVspoof2019_LA_train/flac/LA_T_8353042.flac,0
/data/DATASETS/ASV_Spoof_2019_LA/ASVspoof2019_LA_eval/flac/LA_E_2683465.flac,0
/data/DATASETS/ASV_Spoof_2019_LA/ASVspoof2019_LA_eval/flac/LA_E_7526726.flac,0
/data/DATASETS/ASV_Spoof_2019_LA/ASVspoof2019_LA_train/flac/LA_T_8423394.flac,0
/data/DATASETS/ASV_Spoof_2019_LA/ASVspoof2019_LA_eval/flac/LA_E_8444421.flac,0
/data/DATASETS/ASV_Spoof_2019_LA/ASVspoof2019_LA_eval/flac/LA_E_4001999.flac,0
/data/DATASETS/ASV_Spoof_2019_LA/ASVspoof2019_LA_eval/flac/LA_E_7441195.flac,0
/data/DATASETS/ASV_Spoof_2019_LA/ASVspoof2019_LA_dev/flac/LA_D_1523483.flac,0
/data/DATASETS/ASV_Spoof_2019_LA/ASVspoof2019_LA_dev/flac/LA_D_1133069.flac,0
/data/DATASETS/ASV_Spoof_2019_LA/ASVspoof2019_LA_dev/flac/LA_D_8523156.flac,0
/data/DATASETS/ASV_Spoof_2019_LA/ASVspoof2019_LA_eval/flac/LA_E_6892275.flac,0
/data/DATASETS/ASV_Spoof_2019_LA/ASVspoof2019_LA_eval/flac/LA_E_3052972.flac,0
/data/DATASETS/ASV_Spoof_2019_LA/ASVspoof2019_LA_dev/flac/LA_D_5950853.flac,0
/data/DATASETS/ASV_Spoof_2019_LA/ASVspoof2019_LA_eval/flac/LA_E_8357036.flac,0
/data/DATASETS/ASV_Spoof_2019_LA/ASVspoof2019_LA_eval/flac/LA_E_6500771.flac,0
/data/DATASETS/ASV_Spoof_2019_LA/ASVspoof2019_LA_eval/flac/LA_E_6408765.flac,0
/data/DATASETS/ASV_Spoof_2019_LA/ASVspoof2019_LA_eval/flac/LA_E_5538281.flac,0
/data/DATASETS/ASV_Spoof_2019_LA/ASVspoof2019_LA_train/flac/LA_T_9251617.flac,0
/data/DATASETS/ASV_Spoof_2019_LA/ASVspoof2019_LA_eval/flac/LA_E_9380119.flac,0
/data/DATASETS/ASV_Spoof_2019_LA/ASVspoof2019_LA_eval/flac/LA_E_2914296.flac,0
/data/DATASETS/ASV_Spoof_2019_LA/ASVspoof2019_LA_eval/flac/LA_E_2806619.flac,0
/data/DATASETS/ASV_Spoof_2019_LA/ASVspoof2019_LA_train/flac/LA_T_4369654.flac,0
/data/DATASETS/ASV_Spoof_2019_LA/ASVspoof2019_LA_dev/flac/LA_D_5841267.flac,0
/data/DATASETS/ASV_Spoof_2019_LA/ASVspoof2019_LA_train/flac/LA_T_5109219.flac,0
/data/DATASETS/ASV_Spoof_2019_LA/ASVspoof2019_LA_dev/flac/LA_D_1494180.flac,0
/data/DATASETS/ASV_Spoof_2019_LA/ASVspoof2019_LA_train/flac/LA_T_7755046.flac,0
/data/DATASETS/ASV_Spoof_2019_LA/ASVspoof2019_LA_eval/flac/LA_E_6186048.flac,0
/data/DATASETS/ASV_Spoof_2019_LA/ASVspoof2019_LA_eval/flac/LA_E_3651064.flac,0
/data/DATASETS/ASV_Spoof_2019_LA/ASVspoof2019_LA_train/flac/LA_T_6131759.flac,0
/data/DATASETS/ASV_Spoof_2019_LA/ASVspoof2019_LA_dev/flac/LA_D_9062081.flac,0
/data/DATASETS/ASV_Spoof_2019_LA/ASVspoof2019_LA_dev/flac/LA_D_5932613.flac,0
/data/DATASETS/ASV_Spoof_2019_LA/ASVspoof2019_LA_train/flac/LA_T_2698001.flac,0
/data/DATASETS/ASV_Spoof_2019_LA/ASVspoof2019_LA_eval/flac/LA_E_2857857.flac,0
/data/DATASETS/ASV_Spoof_2019_LA/ASVspoof2019_LA_eval/flac/LA_E_8350195.flac,0
/data/DATASETS/ASV_Spoof_2019_LA/ASVspoof2019_LA_train/flac/LA_T_5400219.flac,0
/data/DATASETS/ASV_Spoof_2019_LA/ASVspoof2019_LA_eval/flac/LA_E_3966816.flac,0
/data/DATASETS/ASV_Spoof_2019_LA/ASVspoof2019_LA_train/flac/LA_T_2435826.flac,0
/data/DATASETS/ASV_Spoof_2019_LA/ASVspoof2019_LA_eval/flac/LA_E_9905321.flac,0
/data/DATASETS/ASV_Spoof_2019_LA/ASVspoof2019_LA_train/flac/LA_T_9378495.flac,0
/data/DATASETS/ASV_Spoof_2019_LA/ASVspoof2019_LA_dev/flac/LA_D_6452789.flac,0
/data/DATASETS/ASV_Spoof_2019_LA/ASVspoof2019_LA_eval/flac/LA_E_4718321.flac,0
/data/DATASETS/ASV_Spoof_2019_LA/ASVspoof2019_LA_eval/flac/LA_E_9782792.flac,0
/data/DATASETS/ASV_Spoof_2019_LA/ASVspoof2019_LA_eval/flac/LA_E_8462873.flac,0
/data/DATASETS/ASV_Spoof_2019_LA/ASVspoof2019_LA_eval/flac/LA_E_9650719.flac,0
/data/DATASETS/ASV_Spoof_2019_LA/ASVspoof2019_LA_train/flac/LA_T_2848593.flac,0
/data/DATASETS/ASV_Spoof_2019_LA/ASVspoof2019_LA_eval/flac/LA_E_2968780.flac,0
/data/DATASETS/ASV_Spoof_2019_LA/ASVspoof2019_LA_train/flac/LA_T_1853533.flac,0
/data/DATASETS/ASV_Spoof_2019_LA/ASVspoof2019_LA_train/flac/LA_T_8549038.flac,0
/data/DATASETS/ASV_Spoof_2019_LA/ASVspoof2019_LA_eval/flac/LA_E_6129578.flac,0
/data/DATASETS/ASV_Spoof_2019_LA/ASVspoof2019_LA_dev/flac/LA_D_8823022.flac,0
/data/DATASETS/ASV_Spoof_2019_LA/ASVspoof2019_LA_eval/flac/LA_E_5194251.flac,0
/data/DATASETS/ASV_Spoof_2019_LA/ASVspoof2019_LA_dev/flac/LA_D_9423280.flac,0
/data/DATASETS/ASV_Spoof_2019_LA/ASVspoof2019_LA_eval/flac/LA_E_5700909.flac,0
/data/DATASETS/ASV_Spoof_2019_LA/ASVspoof2019_LA_eval/flac/LA_E_8367413.flac,0
/data/DATASETS/ASV_Spoof_2019_LA/ASVspoof2019_LA_train/flac/LA_T_7248140.flac,0
/data/DATASETS/ASV_Spoof_2019_LA/ASVspoof2019_LA_train/flac/LA_T_8853344.flac,0
/data/DATASETS/ASV_Spoof_2019_LA/ASVspoof2019_LA_eval/flac/LA_E_5074928.flac,0
/data/DATASETS/ASV_Spoof_2019_LA/ASVspoof2019_LA_eval/flac/LA_E_5433316.flac,0
/data/DATASETS/ASV_Spoof_2019_LA/ASVspoof2019_LA_dev/flac/LA_D_6539878.flac,0
/data/DATASETS/ASV_Spoof_2019_LA/ASVspoof2019_LA_train/flac/LA_T_2129069.flac,0
/data/DATASETS/ASV_Spoof_2019_LA/ASVspoof2019_LA_eval/flac/LA_E_5255380.flac,0
/data/DATASETS/ASV_Spoof_2019_LA/ASVspoof2019_LA_train/flac/LA_T_4124430.flac,0
/data/DATASETS/ASV_Spoof_2019_LA/ASVspoof2019_LA_eval/flac/LA_E_3013848.flac,0
/data/DATASETS/ASV_Spoof_2019_LA/ASVspoof2019_LA_eval/flac/LA_E_1973876.flac,0
/data/DATASETS/ASV_Spoof_2019_LA/ASVspoof2019_LA_dev/flac/LA_D_5700038.flac,0
/data/DATASETS/ASV_Spoof_2019_LA/ASVspoof2019_LA_eval/flac/LA_E_8932014.flac,0
/data/DATASETS/ASV_Spoof_2019_LA/ASVspoof2019_LA_eval/flac/LA_E_9622269.flac,0
/data/DATASETS/ASV_Spoof_2019_LA/ASVspoof2019_LA_eval/flac/LA_E_7589388.flac,0
/data/DATASETS/ASV_Spoof_2019_LA/ASVspoof2019_LA_eval/flac/LA_E_5692213.flac,0
/data/DATASETS/ASV_Spoof_2019_LA/ASVspoof2019_LA_dev/flac/LA_D_4083478.flac,0
/data/DATASETS/ASV_Spoof_2019_LA/ASVspoof2019_LA_eval/flac/LA_E_1284209.flac,0
/data/DATASETS/ASV_Spoof_2019_LA/ASVspoof2019_LA_train/flac/LA_T_8052308.flac,0
/data/DATASETS/ASV_Spoof_2019_LA/ASVspoof2019_LA_eval/flac/LA_E_6511047.flac,0
/data/DATASETS/ASV_Spoof_2019_LA/ASVspoof2019_LA_eval/flac/LA_E_6883200.flac,0
/data/DATASETS/ASV_Spoof_2019_LA/ASVspoof2019_LA_eval/flac/LA_E_7437708.flac,0
/data/DATASETS/ASV_Spoof_2019_LA/ASVspoof2019_LA_eval/flac/LA_E_1601918.flac,0
/data/DATASETS/ASV_Spoof_2019_LA/ASVspoof2019_LA_eval/flac/LA_E_2036646.flac,0
/data/DATASETS/ASV_Spoof_2019_LA/ASVspoof2019_LA_dev/flac/LA_D_7160972.flac,0
/data/DATASETS/ASV_Spoof_2019_LA/ASVspoof2019_LA_eval/flac/LA_E_8964165.flac,0
/data/DATASETS/ASV_Spoof_2019_LA/ASVspoof2019_LA_train/flac/LA_T_1646676.flac,0
/data/DATASETS/ASV_Spoof_2019_LA/ASVspoof2019_LA_eval/flac/LA_E_6822685.flac,0
/data/DATASETS/ASV_Spoof_2019_LA/ASVspoof2019_LA_eval/flac/LA_E_5166051.flac,0
/data/DATASETS/ASV_Spoof_2019_LA/ASVspoof2019_LA_eval/flac/LA_E_2066789.flac,0
/data/DATASETS/ASV_Spoof_2019_LA/ASVspoof2019_LA_dev/flac/LA_D_5655965.flac,0
/data/DATASETS/ASV_Spoof_2019_LA/ASVspoof2019_LA_eval/flac/LA_E_9331242.flac,0
/data/DATASETS/ASV_Spoof_2019_LA/ASVspoof2019_LA_eval/flac/LA_E_2599201.flac,0
/data/DATASETS/ASV_Spoof_2019_LA/ASVspoof2019_LA_dev/flac/LA_D_8284994.flac,0
/data/DATASETS/ASV_Spoof_2019_LA/ASVspoof2019_LA_eval/flac/LA_E_8146949.flac,0
/data/DATASETS/ASV_Spoof_2019_LA/ASVspoof2019_LA_dev/flac/LA_D_2690312.flac,0
/data/DATASETS/ASV_Spoof_2019_LA/ASVspoof2019_LA_eval/flac/LA_E_4163803.flac,0
/data/DATASETS/ASV_Spoof_2019_LA/ASVspoof2019_LA_train/flac/LA_T_6760364.flac,0
/data/DATASETS/ASV_Spoof_2019_LA/ASVspoof2019_LA_dev/flac/LA_D_5475950.flac,0
/data/DATASETS/ASV_Spoof_2019_LA/ASVspoof2019_LA_dev/flac/LA_D_9184655.flac,0
/data/DATASETS/ASV_Spoof_2019_LA/ASVspoof2019_LA_eval/flac/LA_E_4330071.flac,0
/data/DATASETS/ASV_Spoof_2019_LA/ASVspoof2019_LA_eval/flac/LA_E_7920450.flac,0
/data/DATASETS/ASV_Spoof_2019_LA/ASVspoof2019_LA_eval/flac/LA_E_8857428.flac,0
/data/DATASETS/ASV_Spoof_2019_LA/ASVspoof2019_LA_eval/flac/LA_E_1023824.flac,0
/data/DATASETS/ASV_Spoof_2019_LA/ASVspoof2019_LA_eval/flac/LA_E_6729874.flac,0
/data/DATASETS/ASV_Spoof_2019_LA/ASVspoof2019_LA_train/flac/LA_T_9919874.flac,0
/data/DATASETS/ASV_Spoof_2019_LA/ASVspoof2019_LA_dev/flac/LA_D_8844357.flac,0
/data/DATASETS/ASV_Spoof_2019_LA/ASVspoof2019_LA_eval/flac/LA_E_8702425.flac,0
/data/DATASETS/ASV_Spoof_2019_LA/ASVspoof2019_LA_eval/flac/LA_E_9418226.flac,0
/data/DATASETS/ASV_Spoof_2019_LA/ASVspoof2019_LA_eval/flac/LA_E_3906856.flac,0
/data/DATASETS/ASV_Spoof_2019_LA/ASVspoof2019_LA_dev/flac/LA_D_5226379.flac,0
/data/DATASETS/ASV_Spoof_2019_LA/ASVspoof2019_LA_eval/flac/LA_E_6811384.flac,0
/data/DATASETS/ASV_Spoof_2019_LA/ASVspoof2019_LA_eval/flac/LA_E_6373440.flac,0
/data/DATASETS/ASV_Spoof_2019_LA/ASVspoof2019_LA_eval/flac/LA_E_3355199.flac,0
/data/DATASETS/ASV_Spoof_2019_LA/ASVspoof2019_LA_eval/flac/LA_E_7969621.flac,0
/data/DATASETS/ASV_Spoof_2019_LA/ASVspoof2019_LA_eval/flac/LA_E_8826166.flac,0
/data/DATASETS/ASV_Spoof_2019_LA/ASVspoof2019_LA_dev/flac/LA_D_3006726.flac,0
/data/DATASETS/ASV_Spoof_2019_LA/ASVspoof2019_LA_eval/flac/LA_E_3402691.flac,0
/data/DATASETS/ASV_Spoof_2019_LA/ASVspoof2019_LA_eval/flac/LA_E_3224851.flac,0
/data/DATASETS/ASV_Spoof_2019_LA/ASVspoof2019_LA_eval/flac/LA_E_3709762.flac,0
/data/DATASETS/ASV_Spoof_2019_LA/ASVspoof2019_LA_train/flac/LA_T_1441999.flac,0
/data/DATASETS/ASV_Spoof_2019_LA/ASVspoof2019_LA_eval/flac/LA_E_6669611.flac,0
/data/DATASETS/ASV_Spoof_2019_LA/ASVspoof2019_LA_dev/flac/LA_D_7035349.flac,0
/data/DATASETS/ASV_Spoof_2019_LA/ASVspoof2019_LA_eval/flac/LA_E_9800982.flac,0
/data/DATASETS/ASV_Spoof_2019_LA/ASVspoof2019_LA_train/flac/LA_T_1495245.flac,0
/data/DATASETS/ASV_Spoof_2019_LA/ASVspoof2019_LA_eval/flac/LA_E_6128570.flac,0
/data/DATASETS/ASV_Spoof_2019_LA/ASVspoof2019_LA_eval/flac/LA_E_9987562.flac,0
/data/DATASETS/ASV_Spoof_2019_LA/ASVspoof2019_LA_eval/flac/LA_E_4865869.flac,0
/data/DATASETS/ASV_Spoof_2019_LA/ASVspoof2019_LA_eval/flac/LA_E_9087500.flac,0
/data/DATASETS/ASV_Spoof_2019_LA/ASVspoof2019_LA_eval/flac/LA_E_5291122.flac,0
/data/DATASETS/ASV_Spoof_2019_LA/ASVspoof2019_LA_eval/flac/LA_E_6088951.flac,0
/data/DATASETS/ASV_Spoof_2019_LA/ASVspoof2019_LA_eval/flac/LA_E_1332460.flac,0
/data/DATASETS/ASV_Spoof_2019_LA/ASVspoof2019_LA_eval/flac/LA_E_4110528.flac,0
/data/DATASETS/ASV_Spoof_2019_LA/ASVspoof2019_LA_eval/flac/LA_E_6578242.flac,0
/data/DATASETS/ASV_Spoof_2019_LA/ASVspoof2019_LA_eval/flac/LA_E_1446639.flac,0
/data/DATASETS/ASV_Spoof_2019_LA/ASVspoof2019_LA_train/flac/LA_T_8983353.flac,0
/data/DATASETS/ASV_Spoof_2019_LA/ASVspoof2019_LA_train/flac/LA_T_2559146.flac,0
/data/DATASETS/ASV_Spoof_2019_LA/ASVspoof2019_LA_eval/flac/LA_E_9445765.flac,0
/data/DATASETS/ASV_Spoof_2019_LA/ASVspoof2019_LA_eval/flac/LA_E_5511194.flac,0
/data/DATASETS/ASV_Spoof_2019_LA/ASVspoof2019_LA_train/flac/LA_T_9779411.flac,0
/data/DATASETS/ASV_Spoof_2019_LA/ASVspoof2019_LA_train/flac/LA_T_6993201.flac,0
/data/DATASETS/ASV_Spoof_2019_LA/ASVspoof2019_LA_dev/flac/LA_D_6681710.flac,0
/data/DATASETS/ASV_Spoof_2019_LA/ASVspoof2019_LA_eval/flac/LA_E_8698082.flac,0
/data/DATASETS/ASV_Spoof_2019_LA/ASVspoof2019_LA_eval/flac/LA_E_8192605.flac,0
/data/DATASETS/ASV_Spoof_2019_LA/ASVspoof2019_LA_eval/flac/LA_E_7539391.flac,0
/data/DATASETS/ASV_Spoof_2019_LA/ASVspoof2019_LA_eval/flac/LA_E_9957629.flac,0
/data/DATASETS/ASV_Spoof_2019_LA/ASVspoof2019_LA_eval/flac/LA_E_8488709.flac,0
/data/DATASETS/ASV_Spoof_2019_LA/ASVspoof2019_LA_train/flac/LA_T_4667091.flac,0
/data/DATASETS/ASV_Spoof_2019_LA/ASVspoof2019_LA_dev/flac/LA_D_6598628.flac,0
/data/DATASETS/ASV_Spoof_2019_LA/ASVspoof2019_LA_dev/flac/LA_D_4574274.flac,0
/data/DATASETS/ASV_Spoof_2019_LA/ASVspoof2019_LA_dev/flac/LA_D_8313453.flac,0
/data/DATASETS/ASV_Spoof_2019_LA/ASVspoof2019_LA_train/flac/LA_T_2893924.flac,0
/data/DATASETS/ASV_Spoof_2019_LA/ASVspoof2019_LA_train/flac/LA_T_9073024.flac,0
/data/DATASETS/ASV_Spoof_2019_LA/ASVspoof2019_LA_eval/flac/LA_E_5000725.flac,0
/data/DATASETS/ASV_Spoof_2019_LA/ASVspoof2019_LA_eval/flac/LA_E_1960467.flac,0
/data/DATASETS/ASV_Spoof_2019_LA/ASVspoof2019_LA_dev/flac/LA_D_1090286.flac,0
/data/DATASETS/ASV_Spoof_2019_LA/ASVspoof2019_LA_dev/flac/LA_D_8715858.flac,0
/data/DATASETS/ASV_Spoof_2019_LA/ASVspoof2019_LA_eval/flac/LA_E_1927778.flac,0
/data/DATASETS/ASV_Spoof_2019_LA/ASVspoof2019_LA_eval/flac/LA_E_9995360.flac,0
/data/DATASETS/ASV_Spoof_2019_LA/ASVspoof2019_LA_eval/flac/LA_E_9686758.flac,0
/data/DATASETS/ASV_Spoof_2019_LA/ASVspoof2019_LA_dev/flac/LA_D_8457325.flac,0
/data/DATASETS/ASV_Spoof_2019_LA/ASVspoof2019_LA_train/flac/LA_T_6789290.flac,0
/data/DATASETS/ASV_Spoof_2019_LA/ASVspoof2019_LA_train/flac/LA_T_4006888.flac,0
/data/DATASETS/ASV_Spoof_2019_LA/ASVspoof2019_LA_eval/flac/LA_E_9823009.flac,0
/data/DATASETS/ASV_Spoof_2019_LA/ASVspoof2019_LA_train/flac/LA_T_2852133.flac,0
/data/DATASETS/ASV_Spoof_2019_LA/ASVspoof2019_LA_train/flac/LA_T_1487560.flac,0
/data/DATASETS/ASV_Spoof_2019_LA/ASVspoof2019_LA_eval/flac/LA_E_7268595.flac,0
/data/DATASETS/ASV_Spoof_2019_LA/ASVspoof2019_LA_dev/flac/LA_D_4723558.flac,0
/data/DATASETS/ASV_Spoof_2019_LA/ASVspoof2019_LA_dev/flac/LA_D_4130767.flac,0
/data/DATASETS/ASV_Spoof_2019_LA/ASVspoof2019_LA_dev/flac/LA_D_6369583.flac,0
/data/DATASETS/ASV_Spoof_2019_LA/ASVspoof2019_LA_eval/flac/LA_E_2913990.flac,0
/data/DATASETS/ASV_Spoof_2019_LA/ASVspoof2019_LA_dev/flac/LA_D_3857058.flac,0
/data/DATASETS/ASV_Spoof_2019_LA/ASVspoof2019_LA_eval/flac/LA_E_1362011.flac,0
/data/DATASETS/ASV_Spoof_2019_LA/ASVspoof2019_LA_dev/flac/LA_D_6398436.flac,0
/data/DATASETS/ASV_Spoof_2019_LA/ASVspoof2019_LA_dev/flac/LA_D_3274531.flac,0
/data/DATASETS/ASV_Spoof_2019_LA/ASVspoof2019_LA_eval/flac/LA_E_2619337.flac,0
/data/DATASETS/ASV_Spoof_2019_LA/ASVspoof2019_LA_dev/flac/LA_D_1195977.flac,0
/data/DATASETS/ASV_Spoof_2019_LA/ASVspoof2019_LA_train/flac/LA_T_1584182.flac,0
/data/DATASETS/ASV_Spoof_2019_LA/ASVspoof2019_LA_dev/flac/LA_D_1595036.flac,0
/data/DATASETS/ASV_Spoof_2019_LA/ASVspoof2019_LA_eval/flac/LA_E_5469240.flac,0
/data/DATASETS/ASV_Spoof_2019_LA/ASVspoof2019_LA_eval/flac/LA_E_9124182.flac,0
/data/DATASETS/ASV_Spoof_2019_LA/ASVspoof2019_LA_eval/flac/LA_E_5731886.flac,0
/data/DATASETS/ASV_Spoof_2019_LA/ASVspoof2019_LA_eval/flac/LA_E_6486751.flac,0
/data/DATASETS/ASV_Spoof_2019_LA/ASVspoof2019_LA_eval/flac/LA_E_9750172.flac,0
/data/DATASETS/ASV_Spoof_2019_LA/ASVspoof2019_LA_eval/flac/LA_E_8330302.flac,0
/data/DATASETS/ASV_Spoof_2019_LA/ASVspoof2019_LA_train/flac/LA_T_4239283.flac,0
/data/DATASETS/ASV_Spoof_2019_LA/ASVspoof2019_LA_eval/flac/LA_E_4622461.flac,0
/data/DATASETS/ASV_Spoof_2019_LA/ASVspoof2019_LA_train/flac/LA_T_9476394.flac,0
/data/DATASETS/ASV_Spoof_2019_LA/ASVspoof2019_LA_eval/flac/LA_E_2224954.flac,0
/data/DATASETS/ASV_Spoof_2019_LA/ASVspoof2019_LA_dev/flac/LA_D_9786399.flac,0
/data/DATASETS/ASV_Spoof_2019_LA/ASVspoof2019_LA_dev/flac/LA_D_5763453.flac,0
/data/DATASETS/ASV_Spoof_2019_LA/ASVspoof2019_LA_train/flac/LA_T_1897758.flac,0
/data/DATASETS/ASV_Spoof_2019_LA/ASVspoof2019_LA_train/flac/LA_T_9079590.flac,0
/data/DATASETS/ASV_Spoof_2019_LA/ASVspoof2019_LA_dev/flac/LA_D_5545146.flac,0
/data/DATASETS/ASV_Spoof_2019_LA/ASVspoof2019_LA_eval/flac/LA_E_7464013.flac,0
/data/DATASETS/ASV_Spoof_2019_LA/ASVspoof2019_LA_dev/flac/LA_D_3776953.flac,0
/data/DATASETS/ASV_Spoof_2019_LA/ASVspoof2019_LA_eval/flac/LA_E_8833209.flac,0
/data/DATASETS/ASV_Spoof_2019_LA/ASVspoof2019_LA_eval/flac/LA_E_2322946.flac,0
/data/DATASETS/ASV_Spoof_2019_LA/ASVspoof2019_LA_eval/flac/LA_E_1370474.flac,0
/data/DATASETS/ASV_Spoof_2019_LA/ASVspoof2019_LA_eval/flac/LA_E_5657458.flac,0
/data/DATASETS/ASV_Spoof_2019_LA/ASVspoof2019_LA_dev/flac/LA_D_7447418.flac,0
/data/DATASETS/ASV_Spoof_2019_LA/ASVspoof2019_LA_eval/flac/LA_E_4298805.flac,0
/data/DATASETS/ASV_Spoof_2019_LA/ASVspoof2019_LA_train/flac/LA_T_2304357.flac,0
/data/DATASETS/ASV_Spoof_2019_LA/ASVspoof2019_LA_eval/flac/LA_E_3889104.flac,0
/data/DATASETS/ASV_Spoof_2019_LA/ASVspoof2019_LA_eval/flac/LA_E_9580856.flac,0
/data/DATASETS/ASV_Spoof_2019_LA/ASVspoof2019_LA_eval/flac/LA_E_8260909.flac,0
/data/DATASETS/ASV_Spoof_2019_LA/ASVspoof2019_LA_eval/flac/LA_E_1095426.flac,0
/data/DATASETS/ASV_Spoof_2019_LA/ASVspoof2019_LA_eval/flac/LA_E_9611163.flac,0
/data/DATASETS/ASV_Spoof_2019_LA/ASVspoof2019_LA_eval/flac/LA_E_3566758.flac,0
/data/DATASETS/ASV_Spoof_2019_LA/ASVspoof2019_LA_eval/flac/LA_E_8741322.flac,0
/data/DATASETS/ASV_Spoof_2019_LA/ASVspoof2019_LA_eval/flac/LA_E_4589866.flac,0
/data/DATASETS/ASV_Spoof_2019_LA/ASVspoof2019_LA_train/flac/LA_T_9178565.flac,0
/data/DATASETS/ASV_Spoof_2019_LA/ASVspoof2019_LA_eval/flac/LA_E_9088103.flac,0
/data/DATASETS/ASV_Spoof_2019_LA/ASVspoof2019_LA_eval/flac/LA_E_3511969.flac,0
/data/DATASETS/ASV_Spoof_2019_LA/ASVspoof2019_LA_eval/flac/LA_E_4991874.flac,0
/data/DATASETS/ASV_Spoof_2019_LA/ASVspoof2019_LA_dev/flac/LA_D_4804432.flac,0
/data/DATASETS/ASV_Spoof_2019_LA/ASVspoof2019_LA_train/flac/LA_T_3447323.flac,0
/data/DATASETS/ASV_Spoof_2019_LA/ASVspoof2019_LA_dev/flac/LA_D_5030937.flac,0
/data/DATASETS/ASV_Spoof_2019_LA/ASVspoof2019_LA_eval/flac/LA_E_4189757.flac,0
/data/DATASETS/ASV_Spoof_2019_LA/ASVspoof2019_LA_dev/flac/LA_D_1789452.flac,0
/data/DATASETS/ASV_Spoof_2019_LA/ASVspoof2019_LA_eval/flac/LA_E_2448623.flac,0
/data/DATASETS/ASV_Spoof_2019_LA/ASVspoof2019_LA_eval/flac/LA_E_2340398.flac,0
/data/DATASETS/ASV_Spoof_2019_LA/ASVspoof2019_LA_eval/flac/LA_E_3992724.flac,0
/data/DATASETS/ASV_Spoof_2019_LA/ASVspoof2019_LA_eval/flac/LA_E_6265154.flac,0
/data/DATASETS/ASV_Spoof_2019_LA/ASVspoof2019_LA_eval/flac/LA_E_3705505.flac,0
/data/DATASETS/ASV_Spoof_2019_LA/ASVspoof2019_LA_eval/flac/LA_E_8395746.flac,0
/data/DATASETS/ASV_Spoof_2019_LA/ASVspoof2019_LA_eval/flac/LA_E_4769510.flac,0
/data/DATASETS/ASV_Spoof_2019_LA/ASVspoof2019_LA_dev/flac/LA_D_2679873.flac,0
/data/DATASETS/ASV_Spoof_2019_LA/ASVspoof2019_LA_eval/flac/LA_E_9173486.flac,0
/data/DATASETS/ASV_Spoof_2019_LA/ASVspoof2019_LA_eval/flac/LA_E_6367906.flac,0
/data/DATASETS/ASV_Spoof_2019_LA/ASVspoof2019_LA_dev/flac/LA_D_6516961.flac,0
/data/DATASETS/ASV_Spoof_2019_LA/ASVspoof2019_LA_train/flac/LA_T_3171621.flac,0
/data/DATASETS/ASV_Spoof_2019_LA/ASVspoof2019_LA_eval/flac/LA_E_4742765.flac,0
/data/DATASETS/ASV_Spoof_2019_LA/ASVspoof2019_LA_dev/flac/LA_D_1056044.flac,0
/data/DATASETS/ASV_Spoof_2019_LA/ASVspoof2019_LA_eval/flac/LA_E_3816210.flac,0
/data/DATASETS/ASV_Spoof_2019_LA/ASVspoof2019_LA_eval/flac/LA_E_8424187.flac,0
/data/DATASETS/ASV_Spoof_2019_LA/ASVspoof2019_LA_dev/flac/LA_D_7148850.flac,0
/data/DATASETS/ASV_Spoof_2019_LA/ASVspoof2019_LA_eval/flac/LA_E_6888397.flac,0
/data/DATASETS/ASV_Spoof_2019_LA/ASVspoof2019_LA_eval/flac/LA_E_5083001.flac,0
/data/DATASETS/ASV_Spoof_2019_LA/ASVspoof2019_LA_eval/flac/LA_E_1240992.flac,0
/data/DATASETS/ASV_Spoof_2019_LA/ASVspoof2019_LA_train/flac/LA_T_3116625.flac,0
/data/DATASETS/ASV_Spoof_2019_LA/ASVspoof2019_LA_eval/flac/LA_E_8008725.flac,0
/data/DATASETS/ASV_Spoof_2019_LA/ASVspoof2019_LA_eval/flac/LA_E_7335364.flac,0
/data/DATASETS/ASV_Spoof_2019_LA/ASVspoof2019_LA_eval/flac/LA_E_4485999.flac,0
/data/DATASETS/ASV_Spoof_2019_LA/ASVspoof2019_LA_eval/flac/LA_E_7747693.flac,0
/data/DATASETS/ASV_Spoof_2019_LA/ASVspoof2019_LA_dev/flac/LA_D_6067855.flac,0
/data/DATASETS/ASV_Spoof_2019_LA/ASVspoof2019_LA_eval/flac/LA_E_9779446.flac,0
/data/DATASETS/ASV_Spoof_2019_LA/ASVspoof2019_LA_train/flac/LA_T_1810647.flac,0
/data/DATASETS/ASV_Spoof_2019_LA/ASVspoof2019_LA_train/flac/LA_T_4244329.flac,0
/data/DATASETS/ASV_Spoof_2019_LA/ASVspoof2019_LA_train/flac/LA_T_3106270.flac,0
/data/DATASETS/ASV_Spoof_2019_LA/ASVspoof2019_LA_train/flac/LA_T_7223058.flac,0
/data/DATASETS/ASV_Spoof_2019_LA/ASVspoof2019_LA_train/flac/LA_T_7223887.flac,0
/data/DATASETS/ASV_Spoof_2019_LA/ASVspoof2019_LA_eval/flac/LA_E_5979288.flac,0
/data/DATASETS/ASV_Spoof_2019_LA/ASVspoof2019_LA_eval/flac/LA_E_5244366.flac,0
/data/DATASETS/ASV_Spoof_2019_LA/ASVspoof2019_LA_train/flac/LA_T_5469120.flac,0
/data/DATASETS/ASV_Spoof_2019_LA/ASVspoof2019_LA_train/flac/LA_T_7746928.flac,0
/data/DATASETS/ASV_Spoof_2019_LA/ASVspoof2019_LA_eval/flac/LA_E_3260324.flac,0
/data/DATASETS/ASV_Spoof_2019_LA/ASVspoof2019_LA_eval/flac/LA_E_9081256.flac,0
/data/DATASETS/ASV_Spoof_2019_LA/ASVspoof2019_LA_eval/flac/LA_E_2005096.flac,0
/data/DATASETS/ASV_Spoof_2019_LA/ASVspoof2019_LA_eval/flac/LA_E_3593479.flac,0
/data/DATASETS/ASV_Spoof_2019_LA/ASVspoof2019_LA_train/flac/LA_T_7613910.flac,0
/data/DATASETS/ASV_Spoof_2019_LA/ASVspoof2019_LA_eval/flac/LA_E_4030894.flac,0
/data/DATASETS/ASV_Spoof_2019_LA/ASVspoof2019_LA_train/flac/LA_T_6470867.flac,0
/data/DATASETS/ASV_Spoof_2019_LA/ASVspoof2019_LA_eval/flac/LA_E_3930852.flac,0
/data/DATASETS/ASV_Spoof_2019_LA/ASVspoof2019_LA_dev/flac/LA_D_8594051.flac,0
/data/DATASETS/ASV_Spoof_2019_LA/ASVspoof2019_LA_eval/flac/LA_E_6782386.flac,0
/data/DATASETS/ASV_Spoof_2019_LA/ASVspoof2019_LA_dev/flac/LA_D_6289317.flac,0
/data/DATASETS/ASV_Spoof_2019_LA/ASVspoof2019_LA_train/flac/LA_T_3729389.flac,0
/data/DATASETS/ASV_Spoof_2019_LA/ASVspoof2019_LA_eval/flac/LA_E_2347990.flac,0
/data/DATASETS/ASV_Spoof_2019_LA/ASVspoof2019_LA_dev/flac/LA_D_5026692.flac,0
/data/DATASETS/ASV_Spoof_2019_LA/ASVspoof2019_LA_eval/flac/LA_E_2520809.flac,0
/data/DATASETS/ASV_Spoof_2019_LA/ASVspoof2019_LA_train/flac/LA_T_9166813.flac,0
/data/DATASETS/ASV_Spoof_2019_LA/ASVspoof2019_LA_eval/flac/LA_E_7577989.flac,0
/data/DATASETS/ASV_Spoof_2019_LA/ASVspoof2019_LA_dev/flac/LA_D_1377420.flac,0
/data/DATASETS/ASV_Spoof_2019_LA/ASVspoof2019_LA_train/flac/LA_T_8355506.flac,0
/data/DATASETS/ASV_Spoof_2019_LA/ASVspoof2019_LA_dev/flac/LA_D_5326475.flac,0
/data/DATASETS/ASV_Spoof_2019_LA/ASVspoof2019_LA_dev/flac/LA_D_6330573.flac,0
/data/DATASETS/ASV_Spoof_2019_LA/ASVspoof2019_LA_eval/flac/LA_E_3800397.flac,0
/data/DATASETS/ASV_Spoof_2019_LA/ASVspoof2019_LA_train/flac/LA_T_2777160.flac,0
/data/DATASETS/ASV_Spoof_2019_LA/ASVspoof2019_LA_train/flac/LA_T_5772566.flac,0
/data/DATASETS/ASV_Spoof_2019_LA/ASVspoof2019_LA_eval/flac/LA_E_1304770.flac,0
/data/DATASETS/ASV_Spoof_2019_LA/ASVspoof2019_LA_train/flac/LA_T_2003699.flac,0
/data/DATASETS/ASV_Spoof_2019_LA/ASVspoof2019_LA_dev/flac/LA_D_1300558.flac,0
/data/DATASETS/ASV_Spoof_2019_LA/ASVspoof2019_LA_eval/flac/LA_E_7955349.flac,0
/data/DATASETS/ASV_Spoof_2019_LA/ASVspoof2019_LA_eval/flac/LA_E_2795195.flac,0
/data/DATASETS/ASV_Spoof_2019_LA/ASVspoof2019_LA_eval/flac/LA_E_4885827.flac,0
/data/DATASETS/ASV_Spoof_2019_LA/ASVspoof2019_LA_dev/flac/LA_D_2846692.flac,0
/data/DATASETS/ASV_Spoof_2019_LA/ASVspoof2019_LA_eval/flac/LA_E_7863290.flac,0
/data/DATASETS/ASV_Spoof_2019_LA/ASVspoof2019_LA_dev/flac/LA_D_6458898.flac,0
/data/DATASETS/ASV_Spoof_2019_LA/ASVspoof2019_LA_train/flac/LA_T_6602884.flac,0
/data/DATASETS/ASV_Spoof_2019_LA/ASVspoof2019_LA_train/flac/LA_T_2245366.flac,0
/data/DATASETS/ASV_Spoof_2019_LA/ASVspoof2019_LA_eval/flac/LA_E_3649571.flac,0
/data/DATASETS/ASV_Spoof_2019_LA/ASVspoof2019_LA_eval/flac/LA_E_5124886.flac,0
/data/DATASETS/ASV_Spoof_2019_LA/ASVspoof2019_LA_eval/flac/LA_E_1398372.flac,0
/data/DATASETS/ASV_Spoof_2019_LA/ASVspoof2019_LA_eval/flac/LA_E_2309477.flac,0
/data/DATASETS/ASV_Spoof_2019_LA/ASVspoof2019_LA_train/flac/LA_T_2996311.flac,0
/data/DATASETS/ASV_Spoof_2019_LA/ASVspoof2019_LA_eval/flac/LA_E_7418459.flac,0
/data/DATASETS/ASV_Spoof_2019_LA/ASVspoof2019_LA_eval/flac/LA_E_2781316.flac,0
/data/DATASETS/ASV_Spoof_2019_LA/ASVspoof2019_LA_eval/flac/LA_E_8136805.flac,0
/data/DATASETS/ASV_Spoof_2019_LA/ASVspoof2019_LA_dev/flac/LA_D_2079489.flac,0
/data/DATASETS/ASV_Spoof_2019_LA/ASVspoof2019_LA_train/flac/LA_T_3273877.flac,0
/data/DATASETS/ASV_Spoof_2019_LA/ASVspoof2019_LA_eval/flac/LA_E_7093974.flac,0
/data/DATASETS/ASV_Spoof_2019_LA/ASVspoof2019_LA_eval/flac/LA_E_7622164.flac,0
/data/DATASETS/ASV_Spoof_2019_LA/ASVspoof2019_LA_dev/flac/LA_D_9091023.flac,0
/data/DATASETS/ASV_Spoof_2019_LA/ASVspoof2019_LA_dev/flac/LA_D_3796498.flac,0
/data/DATASETS/ASV_Spoof_2019_LA/ASVspoof2019_LA_eval/flac/LA_E_3386573.flac,0
/data/DATASETS/ASV_Spoof_2019_LA/ASVspoof2019_LA_eval/flac/LA_E_6137096.flac,0
/data/DATASETS/ASV_Spoof_2019_LA/ASVspoof2019_LA_eval/flac/LA_E_4849794.flac,0
/data/DATASETS/ASV_Spoof_2019_LA/ASVspoof2019_LA_eval/flac/LA_E_9816089.flac,0
/data/DATASETS/ASV_Spoof_2019_LA/ASVspoof2019_LA_dev/flac/LA_D_8718356.flac,0
/data/DATASETS/ASV_Spoof_2019_LA/ASVspoof2019_LA_eval/flac/LA_E_9706451.flac,0
/data/DATASETS/ASV_Spoof_2019_LA/ASVspoof2019_LA_eval/flac/LA_E_8147880.flac,0
/data/DATASETS/ASV_Spoof_2019_LA/ASVspoof2019_LA_eval/flac/LA_E_8651178.flac,0
/data/DATASETS/ASV_Spoof_2019_LA/ASVspoof2019_LA_eval/flac/LA_E_1951792.flac,0
/data/DATASETS/ASV_Spoof_2019_LA/ASVspoof2019_LA_dev/flac/LA_D_1720317.flac,0
/data/DATASETS/ASV_Spoof_2019_LA/ASVspoof2019_LA_eval/flac/LA_E_4987386.flac,0
/data/DATASETS/ASV_Spoof_2019_LA/ASVspoof2019_LA_eval/flac/LA_E_2508184.flac,0
/data/DATASETS/ASV_Spoof_2019_LA/ASVspoof2019_LA_eval/flac/LA_E_2927167.flac,0
/data/DATASETS/ASV_Spoof_2019_LA/ASVspoof2019_LA_eval/flac/LA_E_5599612.flac,0
/data/DATASETS/ASV_Spoof_2019_LA/ASVspoof2019_LA_eval/flac/LA_E_8563758.flac,0
/data/DATASETS/ASV_Spoof_2019_LA/ASVspoof2019_LA_train/flac/LA_T_8462585.flac,0
/data/DATASETS/ASV_Spoof_2019_LA/ASVspoof2019_LA_eval/flac/LA_E_3793484.flac,0
/data/DATASETS/ASV_Spoof_2019_LA/ASVspoof2019_LA_eval/flac/LA_E_2267312.flac,0
/data/DATASETS/ASV_Spoof_2019_LA/ASVspoof2019_LA_dev/flac/LA_D_7030288.flac,0
/data/DATASETS/ASV_Spoof_2019_LA/ASVspoof2019_LA_eval/flac/LA_E_1236391.flac,0
/data/DATASETS/ASV_Spoof_2019_LA/ASVspoof2019_LA_eval/flac/LA_E_7451717.flac,0
/data/DATASETS/ASV_Spoof_2019_LA/ASVspoof2019_LA_eval/flac/LA_E_6500722.flac,0
/data/DATASETS/ASV_Spoof_2019_LA/ASVspoof2019_LA_eval/flac/LA_E_9441508.flac,0
/data/DATASETS/ASV_Spoof_2019_LA/ASVspoof2019_LA_train/flac/LA_T_3167085.flac,0
/data/DATASETS/ASV_Spoof_2019_LA/ASVspoof2019_LA_dev/flac/LA_D_1618135.flac,0
/data/DATASETS/ASV_Spoof_2019_LA/ASVspoof2019_LA_eval/flac/LA_E_6177981.flac,0
/data/DATASETS/ASV_Spoof_2019_LA/ASVspoof2019_LA_dev/flac/LA_D_3229215.flac,0
/data/DATASETS/ASV_Spoof_2019_LA/ASVspoof2019_LA_eval/flac/LA_E_1624904.flac,0
/data/DATASETS/ASV_Spoof_2019_LA/ASVspoof2019_LA_eval/flac/LA_E_3345360.flac,0
/data/DATASETS/ASV_Spoof_2019_LA/ASVspoof2019_LA_eval/flac/LA_E_6691900.flac,0
/data/DATASETS/ASV_Spoof_2019_LA/ASVspoof2019_LA_eval/flac/LA_E_4285950.flac,0
/data/DATASETS/ASV_Spoof_2019_LA/ASVspoof2019_LA_eval/flac/LA_E_6807906.flac,0
/data/DATASETS/ASV_Spoof_2019_LA/ASVspoof2019_LA_dev/flac/LA_D_9567593.flac,0
/data/DATASETS/ASV_Spoof_2019_LA/ASVspoof2019_LA_eval/flac/LA_E_7421483.flac,0
/data/DATASETS/ASV_Spoof_2019_LA/ASVspoof2019_LA_eval/flac/LA_E_8921592.flac,0
/data/DATASETS/ASV_Spoof_2019_LA/ASVspoof2019_LA_eval/flac/LA_E_8223025.flac,0
/data/DATASETS/ASV_Spoof_2019_LA/ASVspoof2019_LA_eval/flac/LA_E_1365993.flac,0
/data/DATASETS/ASV_Spoof_2019_LA/ASVspoof2019_LA_eval/flac/LA_E_3299128.flac,0
/data/DATASETS/ASV_Spoof_2019_LA/ASVspoof2019_LA_eval/flac/LA_E_5093407.flac,0
/data/DATASETS/ASV_Spoof_2019_LA/ASVspoof2019_LA_dev/flac/LA_D_3222569.flac,0
/data/DATASETS/ASV_Spoof_2019_LA/ASVspoof2019_LA_train/flac/LA_T_3449995.flac,0
/data/DATASETS/ASV_Spoof_2019_LA/ASVspoof2019_LA_train/flac/LA_T_2239255.flac,0
/data/DATASETS/ASV_Spoof_2019_LA/ASVspoof2019_LA_eval/flac/LA_E_6141176.flac,0
/data/DATASETS/ASV_Spoof_2019_LA/ASVspoof2019_LA_eval/flac/LA_E_6532889.flac,0
/data/DATASETS/ASV_Spoof_2019_LA/ASVspoof2019_LA_eval/flac/LA_E_8846315.flac,0
/data/DATASETS/ASV_Spoof_2019_LA/ASVspoof2019_LA_train/flac/LA_T_8865587.flac,0
/data/DATASETS/ASV_Spoof_2019_LA/ASVspoof2019_LA_eval/flac/LA_E_8042181.flac,0
/data/DATASETS/ASV_Spoof_2019_LA/ASVspoof2019_LA_eval/flac/LA_E_4422331.flac,0
/data/DATASETS/ASV_Spoof_2019_LA/ASVspoof2019_LA_eval/flac/LA_E_2393770.flac,0
/data/DATASETS/ASV_Spoof_2019_LA/ASVspoof2019_LA_eval/flac/LA_E_2841982.flac,0
/data/DATASETS/ASV_Spoof_2019_LA/ASVspoof2019_LA_eval/flac/LA_E_8474320.flac,0
/data/DATASETS/ASV_Spoof_2019_LA/ASVspoof2019_LA_train/flac/LA_T_6069460.flac,0
/data/DATASETS/ASV_Spoof_2019_LA/ASVspoof2019_LA_eval/flac/LA_E_2392264.flac,0
/data/DATASETS/ASV_Spoof_2019_LA/ASVspoof2019_LA_train/flac/LA_T_1864383.flac,0
/data/DATASETS/ASV_Spoof_2019_LA/ASVspoof2019_LA_eval/flac/LA_E_3293930.flac,0
/data/DATASETS/ASV_Spoof_2019_LA/ASVspoof2019_LA_eval/flac/LA_E_8200505.flac,0
/data/DATASETS/ASV_Spoof_2019_LA/ASVspoof2019_LA_dev/flac/LA_D_3536394.flac,0
/data/DATASETS/ASV_Spoof_2019_LA/ASVspoof2019_LA_eval/flac/LA_E_8194428.flac,0
/data/DATASETS/ASV_Spoof_2019_LA/ASVspoof2019_LA_eval/flac/LA_E_3987562.flac,0
/data/DATASETS/ASV_Spoof_2019_LA/ASVspoof2019_LA_eval/flac/LA_E_1697236.flac,0
/data/DATASETS/ASV_Spoof_2019_LA/ASVspoof2019_LA_train/flac/LA_T_6078944.flac,0
/data/DATASETS/ASV_Spoof_2019_LA/ASVspoof2019_LA_eval/flac/LA_E_7010243.flac,0
/data/DATASETS/ASV_Spoof_2019_LA/ASVspoof2019_LA_eval/flac/LA_E_3991360.flac,0
/data/DATASETS/ASV_Spoof_2019_LA/ASVspoof2019_LA_eval/flac/LA_E_6372758.flac,0
/data/DATASETS/ASV_Spoof_2019_LA/ASVspoof2019_LA_eval/flac/LA_E_9410541.flac,0
/data/DATASETS/ASV_Spoof_2019_LA/ASVspoof2019_LA_eval/flac/LA_E_1389976.flac,0
/data/DATASETS/ASV_Spoof_2019_LA/ASVspoof2019_LA_dev/flac/LA_D_3117119.flac,0
/data/DATASETS/ASV_Spoof_2019_LA/ASVspoof2019_LA_eval/flac/LA_E_5816666.flac,0
/data/DATASETS/ASV_Spoof_2019_LA/ASVspoof2019_LA_dev/flac/LA_D_9113203.flac,0
/data/DATASETS/ASV_Spoof_2019_LA/ASVspoof2019_LA_train/flac/LA_T_7848595.flac,0
/data/DATASETS/ASV_Spoof_2019_LA/ASVspoof2019_LA_eval/flac/LA_E_1768467.flac,0
/data/DATASETS/ASV_Spoof_2019_LA/ASVspoof2019_LA_eval/flac/LA_E_4202258.flac,0
/data/DATASETS/ASV_Spoof_2019_LA/ASVspoof2019_LA_dev/flac/LA_D_3971945.flac,0
/data/DATASETS/ASV_Spoof_2019_LA/ASVspoof2019_LA_eval/flac/LA_E_2578590.flac,0
/data/DATASETS/ASV_Spoof_2019_LA/ASVspoof2019_LA_dev/flac/LA_D_4799779.flac,0
/data/DATASETS/ASV_Spoof_2019_LA/ASVspoof2019_LA_eval/flac/LA_E_2791911.flac,0
/data/DATASETS/ASV_Spoof_2019_LA/ASVspoof2019_LA_eval/flac/LA_E_6870691.flac,0
/data/DATASETS/ASV_Spoof_2019_LA/ASVspoof2019_LA_eval/flac/LA_E_5258229.flac,0
/data/DATASETS/ASV_Spoof_2019_LA/ASVspoof2019_LA_eval/flac/LA_E_9739458.flac,0
/data/DATASETS/ASV_Spoof_2019_LA/ASVspoof2019_LA_train/flac/LA_T_5565624.flac,0
/data/DATASETS/ASV_Spoof_2019_LA/ASVspoof2019_LA_train/flac/LA_T_9596913.flac,0
/data/DATASETS/ASV_Spoof_2019_LA/ASVspoof2019_LA_eval/flac/LA_E_1066879.flac,0
/data/DATASETS/ASV_Spoof_2019_LA/ASVspoof2019_LA_dev/flac/LA_D_7998237.flac,0
/data/DATASETS/ASV_Spoof_2019_LA/ASVspoof2019_LA_dev/flac/LA_D_2844735.flac,0
/data/DATASETS/ASV_Spoof_2019_LA/ASVspoof2019_LA_train/flac/LA_T_6708956.flac,0
/data/DATASETS/ASV_Spoof_2019_LA/ASVspoof2019_LA_dev/flac/LA_D_4095293.flac,0
/data/DATASETS/ASV_Spoof_2019_LA/ASVspoof2019_LA_eval/flac/LA_E_6957133.flac,0
/data/DATASETS/ASV_Spoof_2019_LA/ASVspoof2019_LA_dev/flac/LA_D_6503475.flac,0
/data/DATASETS/ASV_Spoof_2019_LA/ASVspoof2019_LA_eval/flac/LA_E_5739678.flac,0
/data/DATASETS/ASV_Spoof_2019_LA/ASVspoof2019_LA_train/flac/LA_T_6029472.flac,0
/data/DATASETS/ASV_Spoof_2019_LA/ASVspoof2019_LA_dev/flac/LA_D_7333352.flac,0
/data/DATASETS/ASV_Spoof_2019_LA/ASVspoof2019_LA_eval/flac/LA_E_5405553.flac,0
/data/DATASETS/ASV_Spoof_2019_LA/ASVspoof2019_LA_eval/flac/LA_E_1045547.flac,0
/data/DATASETS/ASV_Spoof_2019_LA/ASVspoof2019_LA_train/flac/LA_T_9983805.flac,0
/data/DATASETS/ASV_Spoof_2019_LA/ASVspoof2019_LA_dev/flac/LA_D_7783250.flac,0
/data/DATASETS/ASV_Spoof_2019_LA/ASVspoof2019_LA_dev/flac/LA_D_6423859.flac,0
/data/DATASETS/ASV_Spoof_2019_LA/ASVspoof2019_LA_eval/flac/LA_E_1439904.flac,0
/data/DATASETS/ASV_Spoof_2019_LA/ASVspoof2019_LA_eval/flac/LA_E_3950922.flac,0
/data/DATASETS/ASV_Spoof_2019_LA/ASVspoof2019_LA_train/flac/LA_T_9614820.flac,0
/data/DATASETS/ASV_Spoof_2019_LA/ASVspoof2019_LA_eval/flac/LA_E_7352529.flac,0
/data/DATASETS/ASV_Spoof_2019_LA/ASVspoof2019_LA_eval/flac/LA_E_1921667.flac,0
/data/DATASETS/ASV_Spoof_2019_LA/ASVspoof2019_LA_train/flac/LA_T_4436477.flac,0
/data/DATASETS/ASV_Spoof_2019_LA/ASVspoof2019_LA_dev/flac/LA_D_5386683.flac,0
/data/DATASETS/ASV_Spoof_2019_LA/ASVspoof2019_LA_eval/flac/LA_E_3603935.flac,0
/data/DATASETS/ASV_Spoof_2019_LA/ASVspoof2019_LA_eval/flac/LA_E_7924681.flac,0
/data/DATASETS/ASV_Spoof_2019_LA/ASVspoof2019_LA_eval/flac/LA_E_6961006.flac,0
/data/DATASETS/ASV_Spoof_2019_LA/ASVspoof2019_LA_eval/flac/LA_E_1770746.flac,0
/data/DATASETS/ASV_Spoof_2019_LA/ASVspoof2019_LA_dev/flac/LA_D_8110718.flac,0
/data/DATASETS/ASV_Spoof_2019_LA/ASVspoof2019_LA_train/flac/LA_T_3607190.flac,0
/data/DATASETS/ASV_Spoof_2019_LA/ASVspoof2019_LA_eval/flac/LA_E_8796704.flac,0
/data/DATASETS/ASV_Spoof_2019_LA/ASVspoof2019_LA_eval/flac/LA_E_6070850.flac,0
/data/DATASETS/ASV_Spoof_2019_LA/ASVspoof2019_LA_eval/flac/LA_E_5169845.flac,0
/data/DATASETS/ASV_Spoof_2019_LA/ASVspoof2019_LA_dev/flac/LA_D_6292198.flac,0
/data/DATASETS/ASV_Spoof_2019_LA/ASVspoof2019_LA_train/flac/LA_T_6698424.flac,0
/data/DATASETS/ASV_Spoof_2019_LA/ASVspoof2019_LA_eval/flac/LA_E_2313366.flac,0
/data/DATASETS/ASV_Spoof_2019_LA/ASVspoof2019_LA_train/flac/LA_T_8953087.flac,0
/data/DATASETS/ASV_Spoof_2019_LA/ASVspoof2019_LA_dev/flac/LA_D_3080108.flac,0
/data/DATASETS/ASV_Spoof_2019_LA/ASVspoof2019_LA_eval/flac/LA_E_4880075.flac,0
/data/DATASETS/ASV_Spoof_2019_LA/ASVspoof2019_LA_dev/flac/LA_D_7109981.flac,0
/data/DATASETS/ASV_Spoof_2019_LA/ASVspoof2019_LA_train/flac/LA_T_7275897.flac,0
/data/DATASETS/ASV_Spoof_2019_LA/ASVspoof2019_LA_dev/flac/LA_D_3084702.flac,0
/data/DATASETS/ASV_Spoof_2019_LA/ASVspoof2019_LA_eval/flac/LA_E_6706975.flac,0
/data/DATASETS/ASV_Spoof_2019_LA/ASVspoof2019_LA_dev/flac/LA_D_9631448.flac,0
/data/DATASETS/ASV_Spoof_2019_LA/ASVspoof2019_LA_eval/flac/LA_E_8983191.flac,0
/data/DATASETS/ASV_Spoof_2019_LA/ASVspoof2019_LA_train/flac/LA_T_9907603.flac,0
/data/DATASETS/ASV_Spoof_2019_LA/ASVspoof2019_LA_eval/flac/LA_E_5177352.flac,0
/data/DATASETS/ASV_Spoof_2019_LA/ASVspoof2019_LA_train/flac/LA_T_9162513.flac,0
/data/DATASETS/ASV_Spoof_2019_LA/ASVspoof2019_LA_train/flac/LA_T_5865772.flac,0
/data/DATASETS/ASV_Spoof_2019_LA/ASVspoof2019_LA_eval/flac/LA_E_7989827.flac,0
/data/DATASETS/ASV_Spoof_2019_LA/ASVspoof2019_LA_dev/flac/LA_D_4623306.flac,0
/data/DATASETS/ASV_Spoof_2019_LA/ASVspoof2019_LA_eval/flac/LA_E_5858403.flac,0
/data/DATASETS/ASV_Spoof_2019_LA/ASVspoof2019_LA_train/flac/LA_T_7659619.flac,0
/data/DATASETS/ASV_Spoof_2019_LA/ASVspoof2019_LA_dev/flac/LA_D_1112296.flac,0
/data/DATASETS/ASV_Spoof_2019_LA/ASVspoof2019_LA_eval/flac/LA_E_6324571.flac,0
/data/DATASETS/ASV_Spoof_2019_LA/ASVspoof2019_LA_train/flac/LA_T_4111857.flac,0
/data/DATASETS/ASV_Spoof_2019_LA/ASVspoof2019_LA_eval/flac/LA_E_3301446.flac,0
/data/DATASETS/ASV_Spoof_2019_LA/ASVspoof2019_LA_dev/flac/LA_D_7459649.flac,0
/data/DATASETS/ASV_Spoof_2019_LA/ASVspoof2019_LA_eval/flac/LA_E_4920541.flac,0
/data/DATASETS/ASV_Spoof_2019_LA/ASVspoof2019_LA_eval/flac/LA_E_5058511.flac,0
/data/DATASETS/ASV_Spoof_2019_LA/ASVspoof2019_LA_dev/flac/LA_D_3051718.flac,0
/data/DATASETS/ASV_Spoof_2019_LA/ASVspoof2019_LA_eval/flac/LA_E_3113041.flac,0
/data/DATASETS/ASV_Spoof_2019_LA/ASVspoof2019_LA_eval/flac/LA_E_5254772.flac,0
/data/DATASETS/ASV_Spoof_2019_LA/ASVspoof2019_LA_eval/flac/LA_E_2399543.flac,0
/data/DATASETS/ASV_Spoof_2019_LA/ASVspoof2019_LA_dev/flac/LA_D_8270902.flac,0
/data/DATASETS/ASV_Spoof_2019_LA/ASVspoof2019_LA_dev/flac/LA_D_2811662.flac,0
/data/DATASETS/ASV_Spoof_2019_LA/ASVspoof2019_LA_eval/flac/LA_E_5925697.flac,0
/data/DATASETS/ASV_Spoof_2019_LA/ASVspoof2019_LA_eval/flac/LA_E_4843342.flac,0
/data/DATASETS/ASV_Spoof_2019_LA/ASVspoof2019_LA_dev/flac/LA_D_7446319.flac,0
/data/DATASETS/ASV_Spoof_2019_LA/ASVspoof2019_LA_eval/flac/LA_E_5345090.flac,0
/data/DATASETS/ASV_Spoof_2019_LA/ASVspoof2019_LA_dev/flac/LA_D_4757475.flac,0
/data/DATASETS/ASV_Spoof_2019_LA/ASVspoof2019_LA_eval/flac/LA_E_7451752.flac,0
/data/DATASETS/ASV_Spoof_2019_LA/ASVspoof2019_LA_dev/flac/LA_D_9640641.flac,0
/data/DATASETS/ASV_Spoof_2019_LA/ASVspoof2019_LA_eval/flac/LA_E_5393760.flac,0
/data/DATASETS/ASV_Spoof_2019_LA/ASVspoof2019_LA_eval/flac/LA_E_5921096.flac,0
/data/DATASETS/ASV_Spoof_2019_LA/ASVspoof2019_LA_eval/flac/LA_E_4516351.flac,0
/data/DATASETS/ASV_Spoof_2019_LA/ASVspoof2019_LA_train/flac/LA_T_5806851.flac,0
/data/DATASETS/ASV_Spoof_2019_LA/ASVspoof2019_LA_dev/flac/LA_D_9531450.flac,0
/data/DATASETS/ASV_Spoof_2019_LA/ASVspoof2019_LA_eval/flac/LA_E_4393720.flac,0
/data/DATASETS/ASV_Spoof_2019_LA/ASVspoof2019_LA_dev/flac/LA_D_5769133.flac,0
/data/DATASETS/ASV_Spoof_2019_LA/ASVspoof2019_LA_train/flac/LA_T_4104820.flac,0
/data/DATASETS/ASV_Spoof_2019_LA/ASVspoof2019_LA_eval/flac/LA_E_7174226.flac,0
/data/DATASETS/ASV_Spoof_2019_LA/ASVspoof2019_LA_eval/flac/LA_E_8192825.flac,0
/data/DATASETS/ASV_Spoof_2019_LA/ASVspoof2019_LA_train/flac/LA_T_6015645.flac,0
/data/DATASETS/ASV_Spoof_2019_LA/ASVspoof2019_LA_eval/flac/LA_E_2903611.flac,0
/data/DATASETS/ASV_Spoof_2019_LA/ASVspoof2019_LA_eval/flac/LA_E_7839360.flac,0
/data/DATASETS/ASV_Spoof_2019_LA/ASVspoof2019_LA_eval/flac/LA_E_5057325.flac,0
/data/DATASETS/ASV_Spoof_2019_LA/ASVspoof2019_LA_train/flac/LA_T_9320200.flac,0
/data/DATASETS/ASV_Spoof_2019_LA/ASVspoof2019_LA_eval/flac/LA_E_7354962.flac,0
/data/DATASETS/ASV_Spoof_2019_LA/ASVspoof2019_LA_dev/flac/LA_D_4631592.flac,0
/data/DATASETS/ASV_Spoof_2019_LA/ASVspoof2019_LA_train/flac/LA_T_7445288.flac,0
/data/DATASETS/ASV_Spoof_2019_LA/ASVspoof2019_LA_eval/flac/LA_E_5059972.flac,0
/data/DATASETS/ASV_Spoof_2019_LA/ASVspoof2019_LA_eval/flac/LA_E_1830935.flac,0
/data/DATASETS/ASV_Spoof_2019_LA/ASVspoof2019_LA_eval/flac/LA_E_1497576.flac,0
/data/DATASETS/ASV_Spoof_2019_LA/ASVspoof2019_LA_eval/flac/LA_E_8711637.flac,0
/data/DATASETS/ASV_Spoof_2019_LA/ASVspoof2019_LA_train/flac/LA_T_8639228.flac,0
/data/DATASETS/ASV_Spoof_2019_LA/ASVspoof2019_LA_eval/flac/LA_E_1971861.flac,0
/data/DATASETS/ASV_Spoof_2019_LA/ASVspoof2019_LA_eval/flac/LA_E_7893120.flac,0
/data/DATASETS/ASV_Spoof_2019_LA/ASVspoof2019_LA_train/flac/LA_T_1909202.flac,0
/data/DATASETS/ASV_Spoof_2019_LA/ASVspoof2019_LA_dev/flac/LA_D_9757460.flac,0
/data/DATASETS/ASV_Spoof_2019_LA/ASVspoof2019_LA_eval/flac/LA_E_4857360.flac,0
/data/DATASETS/ASV_Spoof_2019_LA/ASVspoof2019_LA_eval/flac/LA_E_5332875.flac,0
/data/DATASETS/ASV_Spoof_2019_LA/ASVspoof2019_LA_train/flac/LA_T_3237001.flac,0
/data/DATASETS/ASV_Spoof_2019_LA/ASVspoof2019_LA_eval/flac/LA_E_7786979.flac,0
/data/DATASETS/ASV_Spoof_2019_LA/ASVspoof2019_LA_eval/flac/LA_E_3204059.flac,0
/data/DATASETS/ASV_Spoof_2019_LA/ASVspoof2019_LA_eval/flac/LA_E_5450657.flac,0
/data/DATASETS/ASV_Spoof_2019_LA/ASVspoof2019_LA_train/flac/LA_T_6426400.flac,0
/data/DATASETS/ASV_Spoof_2019_LA/ASVspoof2019_LA_eval/flac/LA_E_6263732.flac,0
/data/DATASETS/ASV_Spoof_2019_LA/ASVspoof2019_LA_eval/flac/LA_E_9163883.flac,0
/data/DATASETS/ASV_Spoof_2019_LA/ASVspoof2019_LA_dev/flac/LA_D_7015174.flac,0
/data/DATASETS/ASV_Spoof_2019_LA/ASVspoof2019_LA_eval/flac/LA_E_7310993.flac,0
/data/DATASETS/ASV_Spoof_2019_LA/ASVspoof2019_LA_train/flac/LA_T_7815754.flac,0
/data/DATASETS/ASV_Spoof_2019_LA/ASVspoof2019_LA_train/flac/LA_T_9969620.flac,0
/data/DATASETS/ASV_Spoof_2019_LA/ASVspoof2019_LA_train/flac/LA_T_1202598.flac,0
/data/DATASETS/ASV_Spoof_2019_LA/ASVspoof2019_LA_eval/flac/LA_E_2264956.flac,0
/data/DATASETS/ASV_Spoof_2019_LA/ASVspoof2019_LA_eval/flac/LA_E_3971555.flac,0
/data/DATASETS/ASV_Spoof_2019_LA/ASVspoof2019_LA_eval/flac/LA_E_7514736.flac,0
/data/DATASETS/ASV_Spoof_2019_LA/ASVspoof2019_LA_train/flac/LA_T_6627269.flac,0
/data/DATASETS/ASV_Spoof_2019_LA/ASVspoof2019_LA_eval/flac/LA_E_7171505.flac,0
/data/DATASETS/ASV_Spoof_2019_LA/ASVspoof2019_LA_eval/flac/LA_E_3663667.flac,0
/data/DATASETS/ASV_Spoof_2019_LA/ASVspoof2019_LA_eval/flac/LA_E_2120264.flac,0
/data/DATASETS/ASV_Spoof_2019_LA/ASVspoof2019_LA_eval/flac/LA_E_8144651.flac,0
/data/DATASETS/ASV_Spoof_2019_LA/ASVspoof2019_LA_eval/flac/LA_E_3749131.flac,0
/data/DATASETS/ASV_Spoof_2019_LA/ASVspoof2019_LA_train/flac/LA_T_4027900.flac,0
/data/DATASETS/ASV_Spoof_2019_LA/ASVspoof2019_LA_eval/flac/LA_E_3623417.flac,0
/data/DATASETS/ASV_Spoof_2019_LA/ASVspoof2019_LA_train/flac/LA_T_8093170.flac,0
/data/DATASETS/ASV_Spoof_2019_LA/ASVspoof2019_LA_eval/flac/LA_E_4409988.flac,0
/data/DATASETS/ASV_Spoof_2019_LA/ASVspoof2019_LA_eval/flac/LA_E_7636373.flac,0
/data/DATASETS/ASV_Spoof_2019_LA/ASVspoof2019_LA_dev/flac/LA_D_6458272.flac,0
/data/DATASETS/ASV_Spoof_2019_LA/ASVspoof2019_LA_eval/flac/LA_E_8962616.flac,0
/data/DATASETS/ASV_Spoof_2019_LA/ASVspoof2019_LA_train/flac/LA_T_6688612.flac,0
/data/DATASETS/ASV_Spoof_2019_LA/ASVspoof2019_LA_eval/flac/LA_E_5062513.flac,0
/data/DATASETS/ASV_Spoof_2019_LA/ASVspoof2019_LA_eval/flac/LA_E_4230026.flac,0
/data/DATASETS/ASV_Spoof_2019_LA/ASVspoof2019_LA_eval/flac/LA_E_3788812.flac,0
/data/DATASETS/ASV_Spoof_2019_LA/ASVspoof2019_LA_eval/flac/LA_E_1044611.flac,0
/data/DATASETS/ASV_Spoof_2019_LA/ASVspoof2019_LA_eval/flac/LA_E_1753743.flac,0
/data/DATASETS/ASV_Spoof_2019_LA/ASVspoof2019_LA_eval/flac/LA_E_4144687.flac,0
/data/DATASETS/ASV_Spoof_2019_LA/ASVspoof2019_LA_dev/flac/LA_D_8397551.flac,0
/data/DATASETS/ASV_Spoof_2019_LA/ASVspoof2019_LA_train/flac/LA_T_7951343.flac,0
/data/DATASETS/ASV_Spoof_2019_LA/ASVspoof2019_LA_eval/flac/LA_E_6811584.flac,0
/data/DATASETS/ASV_Spoof_2019_LA/ASVspoof2019_LA_eval/flac/LA_E_2790723.flac,0
/data/DATASETS/ASV_Spoof_2019_LA/ASVspoof2019_LA_eval/flac/LA_E_3758571.flac,0
/data/DATASETS/ASV_Spoof_2019_LA/ASVspoof2019_LA_eval/flac/LA_E_1300127.flac,0
/data/DATASETS/ASV_Spoof_2019_LA/ASVspoof2019_LA_dev/flac/LA_D_8813855.flac,0
/data/DATASETS/ASV_Spoof_2019_LA/ASVspoof2019_LA_dev/flac/LA_D_4882695.flac,0
/data/DATASETS/ASV_Spoof_2019_LA/ASVspoof2019_LA_eval/flac/LA_E_3388617.flac,0
/data/DATASETS/ASV_Spoof_2019_LA/ASVspoof2019_LA_train/flac/LA_T_3877261.flac,0
/data/DATASETS/ASV_Spoof_2019_LA/ASVspoof2019_LA_train/flac/LA_T_5757722.flac,0
/data/DATASETS/ASV_Spoof_2019_LA/ASVspoof2019_LA_eval/flac/LA_E_6730724.flac,0
/data/DATASETS/ASV_Spoof_2019_LA/ASVspoof2019_LA_eval/flac/LA_E_7862236.flac,0
/data/DATASETS/ASV_Spoof_2019_LA/ASVspoof2019_LA_dev/flac/LA_D_4767028.flac,0
/data/DATASETS/ASV_Spoof_2019_LA/ASVspoof2019_LA_eval/flac/LA_E_2519237.flac,0
/data/DATASETS/ASV_Spoof_2019_LA/ASVspoof2019_LA_eval/flac/LA_E_4136076.flac,0
/data/DATASETS/ASV_Spoof_2019_LA/ASVspoof2019_LA_eval/flac/LA_E_4524340.flac,0
/data/DATASETS/ASV_Spoof_2019_LA/ASVspoof2019_LA_eval/flac/LA_E_6482711.flac,0
/data/DATASETS/ASV_Spoof_2019_LA/ASVspoof2019_LA_train/flac/LA_T_5834325.flac,0
/data/DATASETS/ASV_Spoof_2019_LA/ASVspoof2019_LA_dev/flac/LA_D_4948709.flac,0
/data/DATASETS/ASV_Spoof_2019_LA/ASVspoof2019_LA_eval/flac/LA_E_8215823.flac,0
/data/DATASETS/ASV_Spoof_2019_LA/ASVspoof2019_LA_eval/flac/LA_E_4742582.flac,0
/data/DATASETS/ASV_Spoof_2019_LA/ASVspoof2019_LA_dev/flac/LA_D_9834938.flac,0
/data/DATASETS/ASV_Spoof_2019_LA/ASVspoof2019_LA_eval/flac/LA_E_8019593.flac,0
/data/DATASETS/ASV_Spoof_2019_LA/ASVspoof2019_LA_dev/flac/LA_D_7496196.flac,0
/data/DATASETS/ASV_Spoof_2019_LA/ASVspoof2019_LA_eval/flac/LA_E_8408314.flac,0
/data/DATASETS/ASV_Spoof_2019_LA/ASVspoof2019_LA_eval/flac/LA_E_3413362.flac,0
/data/DATASETS/ASV_Spoof_2019_LA/ASVspoof2019_LA_train/flac/LA_T_1644078.flac,0
/data/DATASETS/ASV_Spoof_2019_LA/ASVspoof2019_LA_train/flac/LA_T_1406835.flac,0
/data/DATASETS/ASV_Spoof_2019_LA/ASVspoof2019_LA_train/flac/LA_T_9635654.flac,0
/data/DATASETS/ASV_Spoof_2019_LA/ASVspoof2019_LA_dev/flac/LA_D_6499603.flac,0
/data/DATASETS/ASV_Spoof_2019_LA/ASVspoof2019_LA_eval/flac/LA_E_1224525.flac,0
/data/DATASETS/ASV_Spoof_2019_LA/ASVspoof2019_LA_eval/flac/LA_E_7685967.flac,0
/data/DATASETS/ASV_Spoof_2019_LA/ASVspoof2019_LA_eval/flac/LA_E_9532123.flac,0
/data/DATASETS/ASV_Spoof_2019_LA/ASVspoof2019_LA_dev/flac/LA_D_3861154.flac,0
/data/DATASETS/ASV_Spoof_2019_LA/ASVspoof2019_LA_train/flac/LA_T_8631342.flac,0
/data/DATASETS/ASV_Spoof_2019_LA/ASVspoof2019_LA_eval/flac/LA_E_1952624.flac,0
/data/DATASETS/ASV_Spoof_2019_LA/ASVspoof2019_LA_eval/flac/LA_E_8549360.flac,0
/data/DATASETS/ASV_Spoof_2019_LA/ASVspoof2019_LA_dev/flac/LA_D_6728141.flac,0
/data/DATASETS/ASV_Spoof_2019_LA/ASVspoof2019_LA_eval/flac/LA_E_3169464.flac,0
/data/DATASETS/ASV_Spoof_2019_LA/ASVspoof2019_LA_dev/flac/LA_D_8305753.flac,0
/data/DATASETS/ASV_Spoof_2019_LA/ASVspoof2019_LA_eval/flac/LA_E_1370800.flac,0
/data/DATASETS/ASV_Spoof_2019_LA/ASVspoof2019_LA_eval/flac/LA_E_4739368.flac,0
/data/DATASETS/ASV_Spoof_2019_LA/ASVspoof2019_LA_eval/flac/LA_E_1980774.flac,0
/data/DATASETS/ASV_Spoof_2019_LA/ASVspoof2019_LA_dev/flac/LA_D_8596053.flac,0
/data/DATASETS/ASV_Spoof_2019_LA/ASVspoof2019_LA_eval/flac/LA_E_9617894.flac,0
/data/DATASETS/ASV_Spoof_2019_LA/ASVspoof2019_LA_eval/flac/LA_E_1978236.flac,0
/data/DATASETS/ASV_Spoof_2019_LA/ASVspoof2019_LA_train/flac/LA_T_4096254.flac,0
/data/DATASETS/ASV_Spoof_2019_LA/ASVspoof2019_LA_train/flac/LA_T_5644159.flac,0
/data/DATASETS/ASV_Spoof_2019_LA/ASVspoof2019_LA_eval/flac/LA_E_1674161.flac,0
/data/DATASETS/ASV_Spoof_2019_LA/ASVspoof2019_LA_dev/flac/LA_D_4574058.flac,0
/data/DATASETS/ASV_Spoof_2019_LA/ASVspoof2019_LA_dev/flac/LA_D_2445554.flac,0
/data/DATASETS/ASV_Spoof_2019_LA/ASVspoof2019_LA_eval/flac/LA_E_1024164.flac,0
/data/DATASETS/ASV_Spoof_2019_LA/ASVspoof2019_LA_eval/flac/LA_E_7656175.flac,0
/data/DATASETS/ASV_Spoof_2019_LA/ASVspoof2019_LA_dev/flac/LA_D_8879292.flac,0
/data/DATASETS/ASV_Spoof_2019_LA/ASVspoof2019_LA_eval/flac/LA_E_4573130.flac,0
/data/DATASETS/ASV_Spoof_2019_LA/ASVspoof2019_LA_eval/flac/LA_E_6246412.flac,0
/data/DATASETS/ASV_Spoof_2019_LA/ASVspoof2019_LA_eval/flac/LA_E_3752390.flac,0
/data/DATASETS/ASV_Spoof_2019_LA/ASVspoof2019_LA_eval/flac/LA_E_9354187.flac,0
/data/DATASETS/ASV_Spoof_2019_LA/ASVspoof2019_LA_dev/flac/LA_D_5837272.flac,0
/data/DATASETS/ASV_Spoof_2019_LA/ASVspoof2019_LA_dev/flac/LA_D_5758976.flac,0
/data/DATASETS/ASV_Spoof_2019_LA/ASVspoof2019_LA_eval/flac/LA_E_3928271.flac,0
/data/DATASETS/ASV_Spoof_2019_LA/ASVspoof2019_LA_dev/flac/LA_D_2156985.flac,0
/data/DATASETS/ASV_Spoof_2019_LA/ASVspoof2019_LA_dev/flac/LA_D_3757479.flac,0
/data/DATASETS/ASV_Spoof_2019_LA/ASVspoof2019_LA_eval/flac/LA_E_3389692.flac,0
/data/DATASETS/ASV_Spoof_2019_LA/ASVspoof2019_LA_dev/flac/LA_D_5232868.flac,0
/data/DATASETS/ASV_Spoof_2019_LA/ASVspoof2019_LA_eval/flac/LA_E_7769271.flac,0
/data/DATASETS/ASV_Spoof_2019_LA/ASVspoof2019_LA_eval/flac/LA_E_5954653.flac,0
/data/DATASETS/ASV_Spoof_2019_LA/ASVspoof2019_LA_eval/flac/LA_E_4333311.flac,0
/data/DATASETS/ASV_Spoof_2019_LA/ASVspoof2019_LA_eval/flac/LA_E_5317832.flac,0
/data/DATASETS/ASV_Spoof_2019_LA/ASVspoof2019_LA_eval/flac/LA_E_4794129.flac,0
/data/DATASETS/ASV_Spoof_2019_LA/ASVspoof2019_LA_eval/flac/LA_E_9922848.flac,0
/data/DATASETS/ASV_Spoof_2019_LA/ASVspoof2019_LA_eval/flac/LA_E_3437910.flac,0
/data/DATASETS/ASV_Spoof_2019_LA/ASVspoof2019_LA_eval/flac/LA_E_4316788.flac,0
/data/DATASETS/ASV_Spoof_2019_LA/ASVspoof2019_LA_eval/flac/LA_E_2845818.flac,0
/data/DATASETS/ASV_Spoof_2019_LA/ASVspoof2019_LA_eval/flac/LA_E_4795604.flac,0
/data/DATASETS/ASV_Spoof_2019_LA/ASVspoof2019_LA_eval/flac/LA_E_5327849.flac,0
/data/DATASETS/ASV_Spoof_2019_LA/ASVspoof2019_LA_train/flac/LA_T_2634789.flac,0
/data/DATASETS/ASV_Spoof_2019_LA/ASVspoof2019_LA_dev/flac/LA_D_7707754.flac,0
/data/DATASETS/ASV_Spoof_2019_LA/ASVspoof2019_LA_eval/flac/LA_E_4319351.flac,0
/data/DATASETS/ASV_Spoof_2019_LA/ASVspoof2019_LA_eval/flac/LA_E_8914589.flac,0
/data/DATASETS/ASV_Spoof_2019_LA/ASVspoof2019_LA_eval/flac/LA_E_7312331.flac,0
/data/DATASETS/ASV_Spoof_2019_LA/ASVspoof2019_LA_eval/flac/LA_E_7841121.flac,0
/data/DATASETS/ASV_Spoof_2019_LA/ASVspoof2019_LA_eval/flac/LA_E_2415473.flac,0
/data/DATASETS/ASV_Spoof_2019_LA/ASVspoof2019_LA_eval/flac/LA_E_8786056.flac,0
/data/DATASETS/ASV_Spoof_2019_LA/ASVspoof2019_LA_eval/flac/LA_E_7952791.flac,0
/data/DATASETS/ASV_Spoof_2019_LA/ASVspoof2019_LA_eval/flac/LA_E_5298344.flac,0
/data/DATASETS/ASV_Spoof_2019_LA/ASVspoof2019_LA_eval/flac/LA_E_8241816.flac,0
/data/DATASETS/ASV_Spoof_2019_LA/ASVspoof2019_LA_eval/flac/LA_E_9447534.flac,0
/data/DATASETS/ASV_Spoof_2019_LA/ASVspoof2019_LA_dev/flac/LA_D_1888215.flac,0
/data/DATASETS/ASV_Spoof_2019_LA/ASVspoof2019_LA_train/flac/LA_T_9508827.flac,0
/data/DATASETS/ASV_Spoof_2019_LA/ASVspoof2019_LA_eval/flac/LA_E_3422999.flac,0
/data/DATASETS/ASV_Spoof_2019_LA/ASVspoof2019_LA_eval/flac/LA_E_3856365.flac,0
/data/DATASETS/ASV_Spoof_2019_LA/ASVspoof2019_LA_eval/flac/LA_E_1419507.flac,0
/data/DATASETS/ASV_Spoof_2019_LA/ASVspoof2019_LA_dev/flac/LA_D_4195342.flac,0
/data/DATASETS/ASV_Spoof_2019_LA/ASVspoof2019_LA_train/flac/LA_T_5751244.flac,0
/data/DATASETS/ASV_Spoof_2019_LA/ASVspoof2019_LA_train/flac/LA_T_9784585.flac,0
/data/DATASETS/ASV_Spoof_2019_LA/ASVspoof2019_LA_eval/flac/LA_E_4096577.flac,0
/data/DATASETS/ASV_Spoof_2019_LA/ASVspoof2019_LA_eval/flac/LA_E_5731042.flac,0
/data/DATASETS/ASV_Spoof_2019_LA/ASVspoof2019_LA_eval/flac/LA_E_4555293.flac,0
/data/DATASETS/ASV_Spoof_2019_LA/ASVspoof2019_LA_train/flac/LA_T_5795459.flac,0
/data/DATASETS/ASV_Spoof_2019_LA/ASVspoof2019_LA_dev/flac/LA_D_5834157.flac,0
/data/DATASETS/ASV_Spoof_2019_LA/ASVspoof2019_LA_train/flac/LA_T_4458942.flac,0
/data/DATASETS/ASV_Spoof_2019_LA/ASVspoof2019_LA_eval/flac/LA_E_1568968.flac,0
/data/DATASETS/ASV_Spoof_2019_LA/ASVspoof2019_LA_eval/flac/LA_E_5166927.flac,0
/data/DATASETS/ASV_Spoof_2019_LA/ASVspoof2019_LA_dev/flac/LA_D_2766423.flac,0
/data/DATASETS/ASV_Spoof_2019_LA/ASVspoof2019_LA_eval/flac/LA_E_7412761.flac,0
/data/DATASETS/ASV_Spoof_2019_LA/ASVspoof2019_LA_eval/flac/LA_E_3464827.flac,0
/data/DATASETS/ASV_Spoof_2019_LA/ASVspoof2019_LA_train/flac/LA_T_3922252.flac,0
/data/DATASETS/ASV_Spoof_2019_LA/ASVspoof2019_LA_train/flac/LA_T_6651761.flac,0
/data/DATASETS/ASV_Spoof_2019_LA/ASVspoof2019_LA_dev/flac/LA_D_8679905.flac,0
/data/DATASETS/ASV_Spoof_2019_LA/ASVspoof2019_LA_eval/flac/LA_E_9999177.flac,0
/data/DATASETS/ASV_Spoof_2019_LA/ASVspoof2019_LA_eval/flac/LA_E_7855690.flac,0
/data/DATASETS/ASV_Spoof_2019_LA/ASVspoof2019_LA_eval/flac/LA_E_5980440.flac,0
/data/DATASETS/ASV_Spoof_2019_LA/ASVspoof2019_LA_dev/flac/LA_D_5521273.flac,0
/data/DATASETS/ASV_Spoof_2019_LA/ASVspoof2019_LA_dev/flac/LA_D_7605953.flac,0
/data/DATASETS/ASV_Spoof_2019_LA/ASVspoof2019_LA_dev/flac/LA_D_3877724.flac,0
/data/DATASETS/ASV_Spoof_2019_LA/ASVspoof2019_LA_eval/flac/LA_E_7214407.flac,0
/data/DATASETS/ASV_Spoof_2019_LA/ASVspoof2019_LA_eval/flac/LA_E_8817379.flac,0
/data/DATASETS/ASV_Spoof_2019_LA/ASVspoof2019_LA_eval/flac/LA_E_5984256.flac,0
/data/DATASETS/ASV_Spoof_2019_LA/ASVspoof2019_LA_eval/flac/LA_E_3235345.flac,0
/data/DATASETS/ASV_Spoof_2019_LA/ASVspoof2019_LA_eval/flac/LA_E_1139127.flac,0
/data/DATASETS/ASV_Spoof_2019_LA/ASVspoof2019_LA_eval/flac/LA_E_5793024.flac,0
/data/DATASETS/ASV_Spoof_2019_LA/ASVspoof2019_LA_eval/flac/LA_E_6869220.flac,0
/data/DATASETS/ASV_Spoof_2019_LA/ASVspoof2019_LA_dev/flac/LA_D_9435329.flac,0
/data/DATASETS/ASV_Spoof_2019_LA/ASVspoof2019_LA_dev/flac/LA_D_5337615.flac,0
/data/DATASETS/ASV_Spoof_2019_LA/ASVspoof2019_LA_dev/flac/LA_D_7787517.flac,0
/data/DATASETS/ASV_Spoof_2019_LA/ASVspoof2019_LA_train/flac/LA_T_5360887.flac,0
/data/DATASETS/ASV_Spoof_2019_LA/ASVspoof2019_LA_train/flac/LA_T_9488159.flac,0
/data/DATASETS/ASV_Spoof_2019_LA/ASVspoof2019_LA_train/flac/LA_T_3228713.flac,0
/data/DATASETS/ASV_Spoof_2019_LA/ASVspoof2019_LA_eval/flac/LA_E_1745489.flac,0
/data/DATASETS/ASV_Spoof_2019_LA/ASVspoof2019_LA_dev/flac/LA_D_2227760.flac,0
/data/DATASETS/ASV_Spoof_2019_LA/ASVspoof2019_LA_eval/flac/LA_E_1723049.flac,0
/data/DATASETS/ASV_Spoof_2019_LA/ASVspoof2019_LA_eval/flac/LA_E_8008613.flac,0
/data/DATASETS/ASV_Spoof_2019_LA/ASVspoof2019_LA_eval/flac/LA_E_8803922.flac,0
/data/DATASETS/ASV_Spoof_2019_LA/ASVspoof2019_LA_train/flac/LA_T_3226167.flac,0
/data/DATASETS/ASV_Spoof_2019_LA/ASVspoof2019_LA_eval/flac/LA_E_2384289.flac,0
/data/DATASETS/ASV_Spoof_2019_LA/ASVspoof2019_LA_dev/flac/LA_D_1788083.flac,0
/data/DATASETS/ASV_Spoof_2019_LA/ASVspoof2019_LA_eval/flac/LA_E_5954175.flac,0
/data/DATASETS/ASV_Spoof_2019_LA/ASVspoof2019_LA_dev/flac/LA_D_3479802.flac,0
/data/DATASETS/ASV_Spoof_2019_LA/ASVspoof2019_LA_eval/flac/LA_E_9104488.flac,0
/data/DATASETS/ASV_Spoof_2019_LA/ASVspoof2019_LA_eval/flac/LA_E_6201379.flac,0
/data/DATASETS/ASV_Spoof_2019_LA/ASVspoof2019_LA_eval/flac/LA_E_6910266.flac,0
/data/DATASETS/ASV_Spoof_2019_LA/ASVspoof2019_LA_dev/flac/LA_D_7344200.flac,0
/data/DATASETS/ASV_Spoof_2019_LA/ASVspoof2019_LA_eval/flac/LA_E_5848207.flac,0
/data/DATASETS/ASV_Spoof_2019_LA/ASVspoof2019_LA_eval/flac/LA_E_9846957.flac,0
/data/DATASETS/ASV_Spoof_2019_LA/ASVspoof2019_LA_eval/flac/LA_E_5156636.flac,0
/data/DATASETS/ASV_Spoof_2019_LA/ASVspoof2019_LA_eval/flac/LA_E_3017943.flac,0
/data/DATASETS/ASV_Spoof_2019_LA/ASVspoof2019_LA_eval/flac/LA_E_2108093.flac,0
/data/DATASETS/ASV_Spoof_2019_LA/ASVspoof2019_LA_eval/flac/LA_E_5992700.flac,0
/data/DATASETS/ASV_Spoof_2019_LA/ASVspoof2019_LA_dev/flac/LA_D_8760685.flac,0
/data/DATASETS/ASV_Spoof_2019_LA/ASVspoof2019_LA_eval/flac/LA_E_5560200.flac,0
/data/DATASETS/ASV_Spoof_2019_LA/ASVspoof2019_LA_eval/flac/LA_E_6858576.flac,0
/data/DATASETS/ASV_Spoof_2019_LA/ASVspoof2019_LA_train/flac/LA_T_7776792.flac,0
/data/DATASETS/ASV_Spoof_2019_LA/ASVspoof2019_LA_dev/flac/LA_D_8869959.flac,0
/data/DATASETS/ASV_Spoof_2019_LA/ASVspoof2019_LA_train/flac/LA_T_7856471.flac,0
/data/DATASETS/ASV_Spoof_2019_LA/ASVspoof2019_LA_eval/flac/LA_E_1710015.flac,0
/data/DATASETS/ASV_Spoof_2019_LA/ASVspoof2019_LA_dev/flac/LA_D_6639331.flac,0
/data/DATASETS/ASV_Spoof_2019_LA/ASVspoof2019_LA_train/flac/LA_T_7300523.flac,0
/data/DATASETS/ASV_Spoof_2019_LA/ASVspoof2019_LA_eval/flac/LA_E_5582287.flac,0
/data/DATASETS/ASV_Spoof_2019_LA/ASVspoof2019_LA_dev/flac/LA_D_1881724.flac,0
/data/DATASETS/ASV_Spoof_2019_LA/ASVspoof2019_LA_eval/flac/LA_E_2431503.flac,0
/data/DATASETS/ASV_Spoof_2019_LA/ASVspoof2019_LA_eval/flac/LA_E_3453755.flac,0
/data/DATASETS/ASV_Spoof_2019_LA/ASVspoof2019_LA_eval/flac/LA_E_4645612.flac,0
/data/DATASETS/ASV_Spoof_2019_LA/ASVspoof2019_LA_eval/flac/LA_E_3273664.flac,0
/data/DATASETS/ASV_Spoof_2019_LA/ASVspoof2019_LA_eval/flac/LA_E_4103863.flac,0
/data/DATASETS/ASV_Spoof_2019_LA/ASVspoof2019_LA_train/flac/LA_T_5191549.flac,0
/data/DATASETS/ASV_Spoof_2019_LA/ASVspoof2019_LA_dev/flac/LA_D_9223242.flac,0
/data/DATASETS/ASV_Spoof_2019_LA/ASVspoof2019_LA_dev/flac/LA_D_7152817.flac,0
/data/DATASETS/ASV_Spoof_2019_LA/ASVspoof2019_LA_train/flac/LA_T_3967178.flac,0
/data/DATASETS/ASV_Spoof_2019_LA/ASVspoof2019_LA_eval/flac/LA_E_5750310.flac,0
/data/DATASETS/ASV_Spoof_2019_LA/ASVspoof2019_LA_train/flac/LA_T_3399413.flac,0
/data/DATASETS/ASV_Spoof_2019_LA/ASVspoof2019_LA_eval/flac/LA_E_1529320.flac,0
/data/DATASETS/ASV_Spoof_2019_LA/ASVspoof2019_LA_eval/flac/LA_E_7881406.flac,0
/data/DATASETS/ASV_Spoof_2019_LA/ASVspoof2019_LA_dev/flac/LA_D_1732752.flac,0
/data/DATASETS/ASV_Spoof_2019_LA/ASVspoof2019_LA_eval/flac/LA_E_6784341.flac,0
/data/DATASETS/ASV_Spoof_2019_LA/ASVspoof2019_LA_eval/flac/LA_E_5315670.flac,0
/data/DATASETS/ASV_Spoof_2019_LA/ASVspoof2019_LA_train/flac/LA_T_9926593.flac,0
/data/DATASETS/ASV_Spoof_2019_LA/ASVspoof2019_LA_train/flac/LA_T_7750406.flac,0
/data/DATASETS/ASV_Spoof_2019_LA/ASVspoof2019_LA_train/flac/LA_T_3642186.flac,0
/data/DATASETS/ASV_Spoof_2019_LA/ASVspoof2019_LA_dev/flac/LA_D_1833652.flac,0
/data/DATASETS/ASV_Spoof_2019_LA/ASVspoof2019_LA_train/flac/LA_T_2043279.flac,0
/data/DATASETS/ASV_Spoof_2019_LA/ASVspoof2019_LA_eval/flac/LA_E_1629971.flac,0
/data/DATASETS/ASV_Spoof_2019_LA/ASVspoof2019_LA_eval/flac/LA_E_3494134.flac,0
/data/DATASETS/ASV_Spoof_2019_LA/ASVspoof2019_LA_dev/flac/LA_D_7057765.flac,0
/data/DATASETS/ASV_Spoof_2019_LA/ASVspoof2019_LA_eval/flac/LA_E_5238563.flac,0
/data/DATASETS/ASV_Spoof_2019_LA/ASVspoof2019_LA_eval/flac/LA_E_4220081.flac,0
/data/DATASETS/ASV_Spoof_2019_LA/ASVspoof2019_LA_dev/flac/LA_D_3401409.flac,0
/data/DATASETS/ASV_Spoof_2019_LA/ASVspoof2019_LA_eval/flac/LA_E_9903690.flac,0
/data/DATASETS/ASV_Spoof_2019_LA/ASVspoof2019_LA_eval/flac/LA_E_7634657.flac,0
/data/DATASETS/ASV_Spoof_2019_LA/ASVspoof2019_LA_dev/flac/LA_D_7813228.flac,0
/data/DATASETS/ASV_Spoof_2019_LA/ASVspoof2019_LA_eval/flac/LA_E_3387905.flac,0
/data/DATASETS/ASV_Spoof_2019_LA/ASVspoof2019_LA_train/flac/LA_T_5613911.flac,0
/data/DATASETS/ASV_Spoof_2019_LA/ASVspoof2019_LA_train/flac/LA_T_7670239.flac,0
/data/DATASETS/ASV_Spoof_2019_LA/ASVspoof2019_LA_eval/flac/LA_E_4297036.flac,0
/data/DATASETS/ASV_Spoof_2019_LA/ASVspoof2019_LA_eval/flac/LA_E_7352998.flac,0
/data/DATASETS/ASV_Spoof_2019_LA/ASVspoof2019_LA_train/flac/LA_T_3247389.flac,0
/data/DATASETS/ASV_Spoof_2019_LA/ASVspoof2019_LA_train/flac/LA_T_2474244.flac,0
/data/DATASETS/ASV_Spoof_2019_LA/ASVspoof2019_LA_dev/flac/LA_D_5459367.flac,0
/data/DATASETS/ASV_Spoof_2019_LA/ASVspoof2019_LA_train/flac/LA_T_6452045.flac,0
/data/DATASETS/ASV_Spoof_2019_LA/ASVspoof2019_LA_eval/flac/LA_E_4701828.flac,0
/data/DATASETS/ASV_Spoof_2019_LA/ASVspoof2019_LA_eval/flac/LA_E_2553182.flac,0
/data/DATASETS/ASV_Spoof_2019_LA/ASVspoof2019_LA_eval/flac/LA_E_2793732.flac,0
/data/DATASETS/ASV_Spoof_2019_LA/ASVspoof2019_LA_dev/flac/LA_D_1983415.flac,0
/data/DATASETS/ASV_Spoof_2019_LA/ASVspoof2019_LA_dev/flac/LA_D_7966144.flac,0
/data/DATASETS/ASV_Spoof_2019_LA/ASVspoof2019_LA_dev/flac/LA_D_6479457.flac,0
/data/DATASETS/ASV_Spoof_2019_LA/ASVspoof2019_LA_eval/flac/LA_E_8881522.flac,0
/data/DATASETS/ASV_Spoof_2019_LA/ASVspoof2019_LA_eval/flac/LA_E_3517101.flac,0
/data/DATASETS/ASV_Spoof_2019_LA/ASVspoof2019_LA_dev/flac/LA_D_1475288.flac,0
/data/DATASETS/ASV_Spoof_2019_LA/ASVspoof2019_LA_dev/flac/LA_D_9821908.flac,0
/data/DATASETS/ASV_Spoof_2019_LA/ASVspoof2019_LA_eval/flac/LA_E_4032977.flac,0
/data/DATASETS/ASV_Spoof_2019_LA/ASVspoof2019_LA_train/flac/LA_T_7466998.flac,0
/data/DATASETS/ASV_Spoof_2019_LA/ASVspoof2019_LA_train/flac/LA_T_2070410.flac,0
/data/DATASETS/ASV_Spoof_2019_LA/ASVspoof2019_LA_eval/flac/LA_E_4910813.flac,0
/data/DATASETS/ASV_Spoof_2019_LA/ASVspoof2019_LA_dev/flac/LA_D_1245754.flac,0
/data/DATASETS/ASV_Spoof_2019_LA/ASVspoof2019_LA_eval/flac/LA_E_1411561.flac,0
/data/DATASETS/ASV_Spoof_2019_LA/ASVspoof2019_LA_train/flac/LA_T_6320963.flac,0
/data/DATASETS/ASV_Spoof_2019_LA/ASVspoof2019_LA_dev/flac/LA_D_5545304.flac,0
/data/DATASETS/ASV_Spoof_2019_LA/ASVspoof2019_LA_eval/flac/LA_E_8400832.flac,0
/data/DATASETS/ASV_Spoof_2019_LA/ASVspoof2019_LA_dev/flac/LA_D_8861489.flac,0
/data/DATASETS/ASV_Spoof_2019_LA/ASVspoof2019_LA_eval/flac/LA_E_3322855.flac,0
/data/DATASETS/ASV_Spoof_2019_LA/ASVspoof2019_LA_dev/flac/LA_D_2844885.flac,0
/data/DATASETS/ASV_Spoof_2019_LA/ASVspoof2019_LA_eval/flac/LA_E_6152359.flac,0
/data/DATASETS/ASV_Spoof_2019_LA/ASVspoof2019_LA_dev/flac/LA_D_9375342.flac,0
/data/DATASETS/ASV_Spoof_2019_LA/ASVspoof2019_LA_eval/flac/LA_E_6917010.flac,0
/data/DATASETS/ASV_Spoof_2019_LA/ASVspoof2019_LA_train/flac/LA_T_9038804.flac,0
/data/DATASETS/ASV_Spoof_2019_LA/ASVspoof2019_LA_eval/flac/LA_E_7906128.flac,0
/data/DATASETS/ASV_Spoof_2019_LA/ASVspoof2019_LA_train/flac/LA_T_1158098.flac,0
/data/DATASETS/ASV_Spoof_2019_LA/ASVspoof2019_LA_dev/flac/LA_D_9983276.flac,0
/data/DATASETS/ASV_Spoof_2019_LA/ASVspoof2019_LA_eval/flac/LA_E_4992880.flac,0
/data/DATASETS/ASV_Spoof_2019_LA/ASVspoof2019_LA_train/flac/LA_T_1738816.flac,0
/data/DATASETS/ASV_Spoof_2019_LA/ASVspoof2019_LA_eval/flac/LA_E_6803735.flac,0
/data/DATASETS/ASV_Spoof_2019_LA/ASVspoof2019_LA_eval/flac/LA_E_8826061.flac,0
/data/DATASETS/ASV_Spoof_2019_LA/ASVspoof2019_LA_eval/flac/LA_E_8573294.flac,0
/data/DATASETS/ASV_Spoof_2019_LA/ASVspoof2019_LA_eval/flac/LA_E_2159953.flac,0
/data/DATASETS/ASV_Spoof_2019_LA/ASVspoof2019_LA_eval/flac/LA_E_6359987.flac,0
/data/DATASETS/ASV_Spoof_2019_LA/ASVspoof2019_LA_eval/flac/LA_E_6344071.flac,0
/data/DATASETS/ASV_Spoof_2019_LA/ASVspoof2019_LA_train/flac/LA_T_3324661.flac,0
/data/DATASETS/ASV_Spoof_2019_LA/ASVspoof2019_LA_train/flac/LA_T_7974354.flac,0
/data/DATASETS/ASV_Spoof_2019_LA/ASVspoof2019_LA_eval/flac/LA_E_6544958.flac,0
/data/DATASETS/ASV_Spoof_2019_LA/ASVspoof2019_LA_eval/flac/LA_E_8931530.flac,0
/data/DATASETS/ASV_Spoof_2019_LA/ASVspoof2019_LA_eval/flac/LA_E_8274206.flac,0
/data/DATASETS/ASV_Spoof_2019_LA/ASVspoof2019_LA_dev/flac/LA_D_4771667.flac,0
/data/DATASETS/ASV_Spoof_2019_LA/ASVspoof2019_LA_dev/flac/LA_D_4866981.flac,0
/data/DATASETS/ASV_Spoof_2019_LA/ASVspoof2019_LA_eval/flac/LA_E_6418639.flac,0
/data/DATASETS/ASV_Spoof_2019_LA/ASVspoof2019_LA_dev/flac/LA_D_8870668.flac,0
/data/DATASETS/ASV_Spoof_2019_LA/ASVspoof2019_LA_eval/flac/LA_E_5074188.flac,0
/data/DATASETS/ASV_Spoof_2019_LA/ASVspoof2019_LA_dev/flac/LA_D_7213885.flac,0
/data/DATASETS/ASV_Spoof_2019_LA/ASVspoof2019_LA_eval/flac/LA_E_6383418.flac,0
/data/DATASETS/ASV_Spoof_2019_LA/ASVspoof2019_LA_eval/flac/LA_E_6303970.flac,0
/data/DATASETS/ASV_Spoof_2019_LA/ASVspoof2019_LA_train/flac/LA_T_9644594.flac,0
/data/DATASETS/ASV_Spoof_2019_LA/ASVspoof2019_LA_eval/flac/LA_E_9925407.flac,0
/data/DATASETS/ASV_Spoof_2019_LA/ASVspoof2019_LA_eval/flac/LA_E_7855473.flac,0
/data/DATASETS/ASV_Spoof_2019_LA/ASVspoof2019_LA_dev/flac/LA_D_3062025.flac,0
/data/DATASETS/ASV_Spoof_2019_LA/ASVspoof2019_LA_eval/flac/LA_E_9130531.flac,0
/data/DATASETS/ASV_Spoof_2019_LA/ASVspoof2019_LA_eval/flac/LA_E_3651348.flac,0
/data/DATASETS/ASV_Spoof_2019_LA/ASVspoof2019_LA_eval/flac/LA_E_6945617.flac,0
/data/DATASETS/ASV_Spoof_2019_LA/ASVspoof2019_LA_eval/flac/LA_E_1004363.flac,0
/data/DATASETS/ASV_Spoof_2019_LA/ASVspoof2019_LA_eval/flac/LA_E_6532311.flac,0
/data/DATASETS/ASV_Spoof_2019_LA/ASVspoof2019_LA_train/flac/LA_T_7006038.flac,0
/data/DATASETS/ASV_Spoof_2019_LA/ASVspoof2019_LA_train/flac/LA_T_6647814.flac,0
/data/DATASETS/ASV_Spoof_2019_LA/ASVspoof2019_LA_dev/flac/LA_D_5972310.flac,0
/data/DATASETS/ASV_Spoof_2019_LA/ASVspoof2019_LA_eval/flac/LA_E_3599657.flac,0
/data/DATASETS/ASV_Spoof_2019_LA/ASVspoof2019_LA_eval/flac/LA_E_1558730.flac,0
/data/DATASETS/ASV_Spoof_2019_LA/ASVspoof2019_LA_eval/flac/LA_E_1583181.flac,0
/data/DATASETS/ASV_Spoof_2019_LA/ASVspoof2019_LA_eval/flac/LA_E_2043577.flac,0
/data/DATASETS/ASV_Spoof_2019_LA/ASVspoof2019_LA_eval/flac/LA_E_6083811.flac,0
/data/DATASETS/ASV_Spoof_2019_LA/ASVspoof2019_LA_dev/flac/LA_D_6120152.flac,0
/data/DATASETS/ASV_Spoof_2019_LA/ASVspoof2019_LA_eval/flac/LA_E_2097442.flac,0
/data/DATASETS/ASV_Spoof_2019_LA/ASVspoof2019_LA_eval/flac/LA_E_5132872.flac,0
/data/DATASETS/ASV_Spoof_2019_LA/ASVspoof2019_LA_eval/flac/LA_E_2687233.flac,0
/data/DATASETS/ASV_Spoof_2019_LA/ASVspoof2019_LA_eval/flac/LA_E_3313944.flac,0
/data/DATASETS/ASV_Spoof_2019_LA/ASVspoof2019_LA_eval/flac/LA_E_5034602.flac,0
/data/DATASETS/ASV_Spoof_2019_LA/ASVspoof2019_LA_train/flac/LA_T_4403320.flac,0
/data/DATASETS/ASV_Spoof_2019_LA/ASVspoof2019_LA_eval/flac/LA_E_2628908.flac,0
/data/DATASETS/ASV_Spoof_2019_LA/ASVspoof2019_LA_dev/flac/LA_D_4833247.flac,0
/data/DATASETS/ASV_Spoof_2019_LA/ASVspoof2019_LA_eval/flac/LA_E_3746896.flac,0
/data/DATASETS/ASV_Spoof_2019_LA/ASVspoof2019_LA_train/flac/LA_T_7826803.flac,0
/data/DATASETS/ASV_Spoof_2019_LA/ASVspoof2019_LA_dev/flac/LA_D_5796246.flac,0
/data/DATASETS/ASV_Spoof_2019_LA/ASVspoof2019_LA_eval/flac/LA_E_2819662.flac,0
/data/DATASETS/ASV_Spoof_2019_LA/ASVspoof2019_LA_eval/flac/LA_E_8086703.flac,0
/data/DATASETS/ASV_Spoof_2019_LA/ASVspoof2019_LA_train/flac/LA_T_3441957.flac,0
/data/DATASETS/ASV_Spoof_2019_LA/ASVspoof2019_LA_eval/flac/LA_E_9133518.flac,0
/data/DATASETS/ASV_Spoof_2019_LA/ASVspoof2019_LA_train/flac/LA_T_6597785.flac,0
/data/DATASETS/ASV_Spoof_2019_LA/ASVspoof2019_LA_eval/flac/LA_E_1266270.flac,0
/data/DATASETS/ASV_Spoof_2019_LA/ASVspoof2019_LA_train/flac/LA_T_8096613.flac,0
/data/DATASETS/ASV_Spoof_2019_LA/ASVspoof2019_LA_train/flac/LA_T_1495856.flac,0
/data/DATASETS/ASV_Spoof_2019_LA/ASVspoof2019_LA_eval/flac/LA_E_3502775.flac,0
/data/DATASETS/ASV_Spoof_2019_LA/ASVspoof2019_LA_eval/flac/LA_E_6579290.flac,0
/data/DATASETS/ASV_Spoof_2019_LA/ASVspoof2019_LA_eval/flac/LA_E_4861696.flac,0
/data/DATASETS/ASV_Spoof_2019_LA/ASVspoof2019_LA_train/flac/LA_T_6869854.flac,0
/data/DATASETS/ASV_Spoof_2019_LA/ASVspoof2019_LA_dev/flac/LA_D_4367012.flac,0
/data/DATASETS/ASV_Spoof_2019_LA/ASVspoof2019_LA_eval/flac/LA_E_8662014.flac,0
/data/DATASETS/ASV_Spoof_2019_LA/ASVspoof2019_LA_eval/flac/LA_E_2379520.flac,0
/data/DATASETS/ASV_Spoof_2019_LA/ASVspoof2019_LA_train/flac/LA_T_1209325.flac,0
/data/DATASETS/ASV_Spoof_2019_LA/ASVspoof2019_LA_eval/flac/LA_E_5923383.flac,0
/data/DATASETS/ASV_Spoof_2019_LA/ASVspoof2019_LA_eval/flac/LA_E_6173872.flac,0
/data/DATASETS/ASV_Spoof_2019_LA/ASVspoof2019_LA_dev/flac/LA_D_8637288.flac,0
/data/DATASETS/ASV_Spoof_2019_LA/ASVspoof2019_LA_eval/flac/LA_E_2240603.flac,0
/data/DATASETS/ASV_Spoof_2019_LA/ASVspoof2019_LA_train/flac/LA_T_8970804.flac,0
/data/DATASETS/ASV_Spoof_2019_LA/ASVspoof2019_LA_eval/flac/LA_E_7701924.flac,0
/data/DATASETS/ASV_Spoof_2019_LA/ASVspoof2019_LA_eval/flac/LA_E_5538237.flac,0
/data/DATASETS/ASV_Spoof_2019_LA/ASVspoof2019_LA_train/flac/LA_T_5011936.flac,0
/data/DATASETS/ASV_Spoof_2019_LA/ASVspoof2019_LA_eval/flac/LA_E_1696904.flac,0
/data/DATASETS/ASV_Spoof_2019_LA/ASVspoof2019_LA_train/flac/LA_T_7698914.flac,0
/data/DATASETS/ASV_Spoof_2019_LA/ASVspoof2019_LA_train/flac/LA_T_8585150.flac,0
/data/DATASETS/ASV_Spoof_2019_LA/ASVspoof2019_LA_train/flac/LA_T_1321385.flac,0
/data/DATASETS/ASV_Spoof_2019_LA/ASVspoof2019_LA_eval/flac/LA_E_6122828.flac,0
/data/DATASETS/ASV_Spoof_2019_LA/ASVspoof2019_LA_train/flac/LA_T_8257553.flac,0
/data/DATASETS/ASV_Spoof_2019_LA/ASVspoof2019_LA_eval/flac/LA_E_5104511.flac,0
/data/DATASETS/ASV_Spoof_2019_LA/ASVspoof2019_LA_eval/flac/LA_E_2540374.flac,0
/data/DATASETS/ASV_Spoof_2019_LA/ASVspoof2019_LA_eval/flac/LA_E_4256659.flac,0
/data/DATASETS/ASV_Spoof_2019_LA/ASVspoof2019_LA_eval/flac/LA_E_4502910.flac,0
/data/DATASETS/ASV_Spoof_2019_LA/ASVspoof2019_LA_eval/flac/LA_E_1758851.flac,0
/data/DATASETS/ASV_Spoof_2019_LA/ASVspoof2019_LA_train/flac/LA_T_1590800.flac,0
/data/DATASETS/ASV_Spoof_2019_LA/ASVspoof2019_LA_train/flac/LA_T_5596732.flac,0
/data/DATASETS/ASV_Spoof_2019_LA/ASVspoof2019_LA_eval/flac/LA_E_7905661.flac,0
/data/DATASETS/ASV_Spoof_2019_LA/ASVspoof2019_LA_eval/flac/LA_E_9655738.flac,0
/data/DATASETS/ASV_Spoof_2019_LA/ASVspoof2019_LA_eval/flac/LA_E_1934494.flac,0
/data/DATASETS/ASV_Spoof_2019_LA/ASVspoof2019_LA_eval/flac/LA_E_5160672.flac,0
/data/DATASETS/ASV_Spoof_2019_LA/ASVspoof2019_LA_eval/flac/LA_E_1314207.flac,0
/data/DATASETS/ASV_Spoof_2019_LA/ASVspoof2019_LA_eval/flac/LA_E_2861430.flac,0
/data/DATASETS/ASV_Spoof_2019_LA/ASVspoof2019_LA_eval/flac/LA_E_3763354.flac,0
/data/DATASETS/ASV_Spoof_2019_LA/ASVspoof2019_LA_train/flac/LA_T_9398797.flac,0
/data/DATASETS/ASV_Spoof_2019_LA/ASVspoof2019_LA_eval/flac/LA_E_6163703.flac,0
/data/DATASETS/ASV_Spoof_2019_LA/ASVspoof2019_LA_eval/flac/LA_E_9384067.flac,0
/data/DATASETS/ASV_Spoof_2019_LA/ASVspoof2019_LA_train/flac/LA_T_8520270.flac,0
/data/DATASETS/ASV_Spoof_2019_LA/ASVspoof2019_LA_eval/flac/LA_E_1517407.flac,0
/data/DATASETS/ASV_Spoof_2019_LA/ASVspoof2019_LA_dev/flac/LA_D_1739595.flac,0
/data/DATASETS/ASV_Spoof_2019_LA/ASVspoof2019_LA_eval/flac/LA_E_4171690.flac,0
/data/DATASETS/ASV_Spoof_2019_LA/ASVspoof2019_LA_dev/flac/LA_D_3323539.flac,0
/data/DATASETS/ASV_Spoof_2019_LA/ASVspoof2019_LA_dev/flac/LA_D_7097849.flac,0
/data/DATASETS/ASV_Spoof_2019_LA/ASVspoof2019_LA_eval/flac/LA_E_9537454.flac,0
/data/DATASETS/ASV_Spoof_2019_LA/ASVspoof2019_LA_eval/flac/LA_E_5724635.flac,0
/data/DATASETS/ASV_Spoof_2019_LA/ASVspoof2019_LA_eval/flac/LA_E_8067875.flac,0
/data/DATASETS/ASV_Spoof_2019_LA/ASVspoof2019_LA_eval/flac/LA_E_5474666.flac,0
/data/DATASETS/ASV_Spoof_2019_LA/ASVspoof2019_LA_eval/flac/LA_E_3448026.flac,0
/data/DATASETS/ASV_Spoof_2019_LA/ASVspoof2019_LA_eval/flac/LA_E_3297652.flac,0
/data/DATASETS/ASV_Spoof_2019_LA/ASVspoof2019_LA_eval/flac/LA_E_8401778.flac,0
/data/DATASETS/ASV_Spoof_2019_LA/ASVspoof2019_LA_eval/flac/LA_E_8079875.flac,0
/data/DATASETS/ASV_Spoof_2019_LA/ASVspoof2019_LA_dev/flac/LA_D_2411901.flac,0
/data/DATASETS/ASV_Spoof_2019_LA/ASVspoof2019_LA_eval/flac/LA_E_2581969.flac,0
/data/DATASETS/ASV_Spoof_2019_LA/ASVspoof2019_LA_train/flac/LA_T_8208951.flac,0
/data/DATASETS/ASV_Spoof_2019_LA/ASVspoof2019_LA_eval/flac/LA_E_5478337.flac,0
/data/DATASETS/ASV_Spoof_2019_LA/ASVspoof2019_LA_eval/flac/LA_E_6182393.flac,0
/data/DATASETS/ASV_Spoof_2019_LA/ASVspoof2019_LA_train/flac/LA_T_2835258.flac,0
/data/DATASETS/ASV_Spoof_2019_LA/ASVspoof2019_LA_dev/flac/LA_D_2242311.flac,0
/data/DATASETS/ASV_Spoof_2019_LA/ASVspoof2019_LA_dev/flac/LA_D_4174420.flac,0
/data/DATASETS/ASV_Spoof_2019_LA/ASVspoof2019_LA_dev/flac/LA_D_9937608.flac,0
/data/DATASETS/ASV_Spoof_2019_LA/ASVspoof2019_LA_eval/flac/LA_E_4724621.flac,0
/data/DATASETS/ASV_Spoof_2019_LA/ASVspoof2019_LA_eval/flac/LA_E_7703276.flac,0
/data/DATASETS/ASV_Spoof_2019_LA/ASVspoof2019_LA_eval/flac/LA_E_1715322.flac,0
/data/DATASETS/ASV_Spoof_2019_LA/ASVspoof2019_LA_eval/flac/LA_E_9000858.flac,0
/data/DATASETS/ASV_Spoof_2019_LA/ASVspoof2019_LA_eval/flac/LA_E_9776915.flac,0
/data/DATASETS/ASV_Spoof_2019_LA/ASVspoof2019_LA_eval/flac/LA_E_3629647.flac,0
/data/DATASETS/ASV_Spoof_2019_LA/ASVspoof2019_LA_dev/flac/LA_D_9200045.flac,0
/data/DATASETS/ASV_Spoof_2019_LA/ASVspoof2019_LA_train/flac/LA_T_8178089.flac,0
/data/DATASETS/ASV_Spoof_2019_LA/ASVspoof2019_LA_train/flac/LA_T_5114581.flac,0
/data/DATASETS/ASV_Spoof_2019_LA/ASVspoof2019_LA_eval/flac/LA_E_1198906.flac,0
/data/DATASETS/ASV_Spoof_2019_LA/ASVspoof2019_LA_train/flac/LA_T_8459875.flac,0
/data/DATASETS/ASV_Spoof_2019_LA/ASVspoof2019_LA_eval/flac/LA_E_8334807.flac,0
/data/DATASETS/ASV_Spoof_2019_LA/ASVspoof2019_LA_train/flac/LA_T_4578519.flac,0
/data/DATASETS/ASV_Spoof_2019_LA/ASVspoof2019_LA_dev/flac/LA_D_7600381.flac,0
/data/DATASETS/ASV_Spoof_2019_LA/ASVspoof2019_LA_train/flac/LA_T_2992916.flac,0
/data/DATASETS/ASV_Spoof_2019_LA/ASVspoof2019_LA_dev/flac/LA_D_3154368.flac,0
/data/DATASETS/ASV_Spoof_2019_LA/ASVspoof2019_LA_eval/flac/LA_E_2851001.flac,0
/data/DATASETS/ASV_Spoof_2019_LA/ASVspoof2019_LA_eval/flac/LA_E_2041982.flac,0
/data/DATASETS/ASV_Spoof_2019_LA/ASVspoof2019_LA_eval/flac/LA_E_6000773.flac,0
/data/DATASETS/ASV_Spoof_2019_LA/ASVspoof2019_LA_eval/flac/LA_E_6308610.flac,0
/data/DATASETS/ASV_Spoof_2019_LA/ASVspoof2019_LA_train/flac/LA_T_4652434.flac,0
/data/DATASETS/ASV_Spoof_2019_LA/ASVspoof2019_LA_eval/flac/LA_E_2378002.flac,0
/data/DATASETS/ASV_Spoof_2019_LA/ASVspoof2019_LA_dev/flac/LA_D_1293230.flac,0
/data/DATASETS/ASV_Spoof_2019_LA/ASVspoof2019_LA_eval/flac/LA_E_3480966.flac,0
/data/DATASETS/ASV_Spoof_2019_LA/ASVspoof2019_LA_eval/flac/LA_E_6601144.flac,0
/data/DATASETS/ASV_Spoof_2019_LA/ASVspoof2019_LA_eval/flac/LA_E_1133889.flac,0
/data/DATASETS/ASV_Spoof_2019_LA/ASVspoof2019_LA_eval/flac/LA_E_2958031.flac,0
/data/DATASETS/ASV_Spoof_2019_LA/ASVspoof2019_LA_train/flac/LA_T_6807168.flac,0
/data/DATASETS/ASV_Spoof_2019_LA/ASVspoof2019_LA_eval/flac/LA_E_5158620.flac,0
/data/DATASETS/ASV_Spoof_2019_LA/ASVspoof2019_LA_eval/flac/LA_E_3959618.flac,0
/data/DATASETS/ASV_Spoof_2019_LA/ASVspoof2019_LA_eval/flac/LA_E_8978106.flac,0
/data/DATASETS/ASV_Spoof_2019_LA/ASVspoof2019_LA_train/flac/LA_T_5650122.flac,0
/data/DATASETS/ASV_Spoof_2019_LA/ASVspoof2019_LA_eval/flac/LA_E_6304150.flac,0
/data/DATASETS/ASV_Spoof_2019_LA/ASVspoof2019_LA_eval/flac/LA_E_8591465.flac,0
/data/DATASETS/ASV_Spoof_2019_LA/ASVspoof2019_LA_dev/flac/LA_D_5695691.flac,0
/data/DATASETS/ASV_Spoof_2019_LA/ASVspoof2019_LA_eval/flac/LA_E_6535332.flac,0
/data/DATASETS/ASV_Spoof_2019_LA/ASVspoof2019_LA_eval/flac/LA_E_9098424.flac,0
/data/DATASETS/ASV_Spoof_2019_LA/ASVspoof2019_LA_train/flac/LA_T_6407273.flac,0
/data/DATASETS/ASV_Spoof_2019_LA/ASVspoof2019_LA_eval/flac/LA_E_2804302.flac,0
/data/DATASETS/ASV_Spoof_2019_LA/ASVspoof2019_LA_eval/flac/LA_E_4009672.flac,0
/data/DATASETS/ASV_Spoof_2019_LA/ASVspoof2019_LA_eval/flac/LA_E_7603857.flac,0
/data/DATASETS/ASV_Spoof_2019_LA/ASVspoof2019_LA_eval/flac/LA_E_6511090.flac,0
/data/DATASETS/ASV_Spoof_2019_LA/ASVspoof2019_LA_dev/flac/LA_D_4443630.flac,0
/data/DATASETS/ASV_Spoof_2019_LA/ASVspoof2019_LA_eval/flac/LA_E_7312074.flac,0
/data/DATASETS/ASV_Spoof_2019_LA/ASVspoof2019_LA_train/flac/LA_T_7645220.flac,0
/data/DATASETS/ASV_Spoof_2019_LA/ASVspoof2019_LA_train/flac/LA_T_2297014.flac,0
/data/DATASETS/ASV_Spoof_2019_LA/ASVspoof2019_LA_eval/flac/LA_E_7518630.flac,0
/data/DATASETS/ASV_Spoof_2019_LA/ASVspoof2019_LA_eval/flac/LA_E_8536147.flac,0
/data/DATASETS/ASV_Spoof_2019_LA/ASVspoof2019_LA_eval/flac/LA_E_7961057.flac,0
/data/DATASETS/ASV_Spoof_2019_LA/ASVspoof2019_LA_eval/flac/LA_E_3872943.flac,0
/data/DATASETS/ASV_Spoof_2019_LA/ASVspoof2019_LA_train/flac/LA_T_8419713.flac,0
/data/DATASETS/ASV_Spoof_2019_LA/ASVspoof2019_LA_dev/flac/LA_D_5341375.flac,0
/data/DATASETS/ASV_Spoof_2019_LA/ASVspoof2019_LA_dev/flac/LA_D_8190929.flac,0
/data/DATASETS/ASV_Spoof_2019_LA/ASVspoof2019_LA_dev/flac/LA_D_3655500.flac,0
/data/DATASETS/ASV_Spoof_2019_LA/ASVspoof2019_LA_train/flac/LA_T_1573354.flac,0
/data/DATASETS/ASV_Spoof_2019_LA/ASVspoof2019_LA_train/flac/LA_T_5123366.flac,0
/data/DATASETS/ASV_Spoof_2019_LA/ASVspoof2019_LA_eval/flac/LA_E_1290321.flac,0
/data/DATASETS/ASV_Spoof_2019_LA/ASVspoof2019_LA_eval/flac/LA_E_6668228.flac,0
/data/DATASETS/ASV_Spoof_2019_LA/ASVspoof2019_LA_dev/flac/LA_D_8289522.flac,0
/data/DATASETS/ASV_Spoof_2019_LA/ASVspoof2019_LA_eval/flac/LA_E_5904367.flac,0
/data/DATASETS/ASV_Spoof_2019_LA/ASVspoof2019_LA_eval/flac/LA_E_8205632.flac,0
/data/DATASETS/ASV_Spoof_2019_LA/ASVspoof2019_LA_dev/flac/LA_D_1842990.flac,0
/data/DATASETS/ASV_Spoof_2019_LA/ASVspoof2019_LA_eval/flac/LA_E_5318552.flac,0
/data/DATASETS/ASV_Spoof_2019_LA/ASVspoof2019_LA_train/flac/LA_T_8747149.flac,0
/data/DATASETS/ASV_Spoof_2019_LA/ASVspoof2019_LA_train/flac/LA_T_4400269.flac,0
/data/DATASETS/ASV_Spoof_2019_LA/ASVspoof2019_LA_eval/flac/LA_E_1178460.flac,0
/data/DATASETS/ASV_Spoof_2019_LA/ASVspoof2019_LA_dev/flac/LA_D_4021573.flac,0
/data/DATASETS/ASV_Spoof_2019_LA/ASVspoof2019_LA_train/flac/LA_T_6216316.flac,0
/data/DATASETS/ASV_Spoof_2019_LA/ASVspoof2019_LA_eval/flac/LA_E_3325942.flac,0
/data/DATASETS/ASV_Spoof_2019_LA/ASVspoof2019_LA_eval/flac/LA_E_3173049.flac,0
/data/DATASETS/ASV_Spoof_2019_LA/ASVspoof2019_LA_train/flac/LA_T_7027346.flac,0
/data/DATASETS/ASV_Spoof_2019_LA/ASVspoof2019_LA_dev/flac/LA_D_7870292.flac,0
/data/DATASETS/ASV_Spoof_2019_LA/ASVspoof2019_LA_eval/flac/LA_E_4664562.flac,0
/data/DATASETS/ASV_Spoof_2019_LA/ASVspoof2019_LA_train/flac/LA_T_9265598.flac,0
/data/DATASETS/ASV_Spoof_2019_LA/ASVspoof2019_LA_train/flac/LA_T_1207505.flac,0
/data/DATASETS/ASV_Spoof_2019_LA/ASVspoof2019_LA_dev/flac/LA_D_8869015.flac,0
/data/DATASETS/ASV_Spoof_2019_LA/ASVspoof2019_LA_train/flac/LA_T_6619199.flac,0
/data/DATASETS/ASV_Spoof_2019_LA/ASVspoof2019_LA_eval/flac/LA_E_3595120.flac,0
/data/DATASETS/ASV_Spoof_2019_LA/ASVspoof2019_LA_eval/flac/LA_E_3831849.flac,0
/data/DATASETS/ASV_Spoof_2019_LA/ASVspoof2019_LA_eval/flac/LA_E_8199033.flac,0
/data/DATASETS/ASV_Spoof_2019_LA/ASVspoof2019_LA_train/flac/LA_T_8100988.flac,0
/data/DATASETS/ASV_Spoof_2019_LA/ASVspoof2019_LA_dev/flac/LA_D_9093882.flac,0
/data/DATASETS/ASV_Spoof_2019_LA/ASVspoof2019_LA_eval/flac/LA_E_1823006.flac,0
/data/DATASETS/ASV_Spoof_2019_LA/ASVspoof2019_LA_train/flac/LA_T_6521388.flac,0
/data/DATASETS/ASV_Spoof_2019_LA/ASVspoof2019_LA_eval/flac/LA_E_8712213.flac,0
/data/DATASETS/ASV_Spoof_2019_LA/ASVspoof2019_LA_eval/flac/LA_E_9934853.flac,0
/data/DATASETS/ASV_Spoof_2019_LA/ASVspoof2019_LA_train/flac/LA_T_3887046.flac,0
/data/DATASETS/ASV_Spoof_2019_LA/ASVspoof2019_LA_dev/flac/LA_D_7485630.flac,0
/data/DATASETS/ASV_Spoof_2019_LA/ASVspoof2019_LA_eval/flac/LA_E_2729385.flac,0
/data/DATASETS/ASV_Spoof_2019_LA/ASVspoof2019_LA_eval/flac/LA_E_6186522.flac,0
/data/DATASETS/ASV_Spoof_2019_LA/ASVspoof2019_LA_train/flac/LA_T_9701712.flac,0
/data/DATASETS/ASV_Spoof_2019_LA/ASVspoof2019_LA_dev/flac/LA_D_1409575.flac,0
/data/DATASETS/ASV_Spoof_2019_LA/ASVspoof2019_LA_dev/flac/LA_D_3247685.flac,0
/data/DATASETS/ASV_Spoof_2019_LA/ASVspoof2019_LA_train/flac/LA_T_4128527.flac,0
/data/DATASETS/ASV_Spoof_2019_LA/ASVspoof2019_LA_eval/flac/LA_E_9677056.flac,0
/data/DATASETS/ASV_Spoof_2019_LA/ASVspoof2019_LA_train/flac/LA_T_3446393.flac,0
/data/DATASETS/ASV_Spoof_2019_LA/ASVspoof2019_LA_dev/flac/LA_D_9835881.flac,0
/data/DATASETS/ASV_Spoof_2019_LA/ASVspoof2019_LA_eval/flac/LA_E_5185098.flac,0
/data/DATASETS/ASV_Spoof_2019_LA/ASVspoof2019_LA_eval/flac/LA_E_1618390.flac,0
/data/DATASETS/ASV_Spoof_2019_LA/ASVspoof2019_LA_dev/flac/LA_D_4107345.flac,0
/data/DATASETS/ASV_Spoof_2019_LA/ASVspoof2019_LA_eval/flac/LA_E_1070257.flac,0
/data/DATASETS/ASV_Spoof_2019_LA/ASVspoof2019_LA_eval/flac/LA_E_6105359.flac,0
/data/DATASETS/ASV_Spoof_2019_LA/ASVspoof2019_LA_eval/flac/LA_E_9655155.flac,0
/data/DATASETS/ASV_Spoof_2019_LA/ASVspoof2019_LA_eval/flac/LA_E_5681070.flac,0
/data/DATASETS/ASV_Spoof_2019_LA/ASVspoof2019_LA_eval/flac/LA_E_7955880.flac,0
/data/DATASETS/ASV_Spoof_2019_LA/ASVspoof2019_LA_eval/flac/LA_E_8234254.flac,0
/data/DATASETS/ASV_Spoof_2019_LA/ASVspoof2019_LA_eval/flac/LA_E_8744969.flac,0
/data/DATASETS/ASV_Spoof_2019_LA/ASVspoof2019_LA_eval/flac/LA_E_6883362.flac,0
/data/DATASETS/ASV_Spoof_2019_LA/ASVspoof2019_LA_eval/flac/LA_E_4334060.flac,0
/data/DATASETS/ASV_Spoof_2019_LA/ASVspoof2019_LA_train/flac/LA_T_3030505.flac,0
/data/DATASETS/ASV_Spoof_2019_LA/ASVspoof2019_LA_eval/flac/LA_E_9830351.flac,0
/data/DATASETS/ASV_Spoof_2019_LA/ASVspoof2019_LA_dev/flac/LA_D_8100591.flac,0
/data/DATASETS/ASV_Spoof_2019_LA/ASVspoof2019_LA_eval/flac/LA_E_5835669.flac,0
/data/DATASETS/ASV_Spoof_2019_LA/ASVspoof2019_LA_eval/flac/LA_E_5821881.flac,0
/data/DATASETS/ASV_Spoof_2019_LA/ASVspoof2019_LA_eval/flac/LA_E_8135645.flac,0
/data/DATASETS/ASV_Spoof_2019_LA/ASVspoof2019_LA_dev/flac/LA_D_6480551.flac,0
/data/DATASETS/ASV_Spoof_2019_LA/ASVspoof2019_LA_train/flac/LA_T_4345283.flac,0
/data/DATASETS/ASV_Spoof_2019_LA/ASVspoof2019_LA_train/flac/LA_T_6938738.flac,0
/data/DATASETS/ASV_Spoof_2019_LA/ASVspoof2019_LA_eval/flac/LA_E_7843229.flac,0
/data/DATASETS/ASV_Spoof_2019_LA/ASVspoof2019_LA_eval/flac/LA_E_5167739.flac,0
/data/DATASETS/ASV_Spoof_2019_LA/ASVspoof2019_LA_eval/flac/LA_E_3603318.flac,0
/data/DATASETS/ASV_Spoof_2019_LA/ASVspoof2019_LA_dev/flac/LA_D_9295080.flac,0
/data/DATASETS/ASV_Spoof_2019_LA/ASVspoof2019_LA_train/flac/LA_T_2888246.flac,0
/data/DATASETS/ASV_Spoof_2019_LA/ASVspoof2019_LA_train/flac/LA_T_8819900.flac,0
/data/DATASETS/ASV_Spoof_2019_LA/ASVspoof2019_LA_dev/flac/LA_D_1505756.flac,0
/data/DATASETS/ASV_Spoof_2019_LA/ASVspoof2019_LA_train/flac/LA_T_8129486.flac,0
/data/DATASETS/ASV_Spoof_2019_LA/ASVspoof2019_LA_eval/flac/LA_E_9407316.flac,0
/data/DATASETS/ASV_Spoof_2019_LA/ASVspoof2019_LA_eval/flac/LA_E_9916120.flac,0
/data/DATASETS/ASV_Spoof_2019_LA/ASVspoof2019_LA_eval/flac/LA_E_6475998.flac,0
/data/DATASETS/ASV_Spoof_2019_LA/ASVspoof2019_LA_eval/flac/LA_E_7601805.flac,0
/data/DATASETS/ASV_Spoof_2019_LA/ASVspoof2019_LA_eval/flac/LA_E_8739004.flac,0
/data/DATASETS/ASV_Spoof_2019_LA/ASVspoof2019_LA_eval/flac/LA_E_4778030.flac,0
/data/DATASETS/ASV_Spoof_2019_LA/ASVspoof2019_LA_dev/flac/LA_D_1118564.flac,0
/data/DATASETS/ASV_Spoof_2019_LA/ASVspoof2019_LA_train/flac/LA_T_3354987.flac,0
/data/DATASETS/ASV_Spoof_2019_LA/ASVspoof2019_LA_eval/flac/LA_E_8553492.flac,0
/data/DATASETS/ASV_Spoof_2019_LA/ASVspoof2019_LA_train/flac/LA_T_7073809.flac,0
/data/DATASETS/ASV_Spoof_2019_LA/ASVspoof2019_LA_train/flac/LA_T_1325059.flac,0
/data/DATASETS/ASV_Spoof_2019_LA/ASVspoof2019_LA_train/flac/LA_T_7570086.flac,0
/data/DATASETS/ASV_Spoof_2019_LA/ASVspoof2019_LA_dev/flac/LA_D_2816765.flac,0
/data/DATASETS/ASV_Spoof_2019_LA/ASVspoof2019_LA_eval/flac/LA_E_6759806.flac,0
/data/DATASETS/ASV_Spoof_2019_LA/ASVspoof2019_LA_eval/flac/LA_E_3871386.flac,0
/data/DATASETS/ASV_Spoof_2019_LA/ASVspoof2019_LA_eval/flac/LA_E_8368382.flac,0
/data/DATASETS/ASV_Spoof_2019_LA/ASVspoof2019_LA_eval/flac/LA_E_3775722.flac,0
/data/DATASETS/ASV_Spoof_2019_LA/ASVspoof2019_LA_eval/flac/LA_E_6792742.flac,0
/data/DATASETS/ASV_Spoof_2019_LA/ASVspoof2019_LA_eval/flac/LA_E_6960912.flac,0
/data/DATASETS/ASV_Spoof_2019_LA/ASVspoof2019_LA_train/flac/LA_T_1087973.flac,0
/data/DATASETS/ASV_Spoof_2019_LA/ASVspoof2019_LA_train/flac/LA_T_3387982.flac,0
/data/DATASETS/ASV_Spoof_2019_LA/ASVspoof2019_LA_dev/flac/LA_D_9676445.flac,0
/data/DATASETS/ASV_Spoof_2019_LA/ASVspoof2019_LA_eval/flac/LA_E_5595530.flac,0
/data/DATASETS/ASV_Spoof_2019_LA/ASVspoof2019_LA_eval/flac/LA_E_6346117.flac,0
/data/DATASETS/ASV_Spoof_2019_LA/ASVspoof2019_LA_dev/flac/LA_D_9762038.flac,0
/data/DATASETS/ASV_Spoof_2019_LA/ASVspoof2019_LA_eval/flac/LA_E_7728665.flac,0
/data/DATASETS/ASV_Spoof_2019_LA/ASVspoof2019_LA_eval/flac/LA_E_2440635.flac,0
/data/DATASETS/ASV_Spoof_2019_LA/ASVspoof2019_LA_train/flac/LA_T_6551574.flac,0
/data/DATASETS/ASV_Spoof_2019_LA/ASVspoof2019_LA_eval/flac/LA_E_9902344.flac,0
/data/DATASETS/ASV_Spoof_2019_LA/ASVspoof2019_LA_eval/flac/LA_E_9755125.flac,0
/data/DATASETS/ASV_Spoof_2019_LA/ASVspoof2019_LA_eval/flac/LA_E_2934751.flac,0
/data/DATASETS/ASV_Spoof_2019_LA/ASVspoof2019_LA_dev/flac/LA_D_3609977.flac,0
/data/DATASETS/ASV_Spoof_2019_LA/ASVspoof2019_LA_train/flac/LA_T_6963013.flac,0
/data/DATASETS/ASV_Spoof_2019_LA/ASVspoof2019_LA_dev/flac/LA_D_1301234.flac,0
/data/DATASETS/ASV_Spoof_2019_LA/ASVspoof2019_LA_dev/flac/LA_D_4016003.flac,0
/data/DATASETS/ASV_Spoof_2019_LA/ASVspoof2019_LA_eval/flac/LA_E_3097724.flac,0
/data/DATASETS/ASV_Spoof_2019_LA/ASVspoof2019_LA_dev/flac/LA_D_5071715.flac,0
/data/DATASETS/ASV_Spoof_2019_LA/ASVspoof2019_LA_eval/flac/LA_E_3878031.flac,0
/data/DATASETS/ASV_Spoof_2019_LA/ASVspoof2019_LA_eval/flac/LA_E_3212084.flac,0
/data/DATASETS/ASV_Spoof_2019_LA/ASVspoof2019_LA_dev/flac/LA_D_9238819.flac,0
/data/DATASETS/ASV_Spoof_2019_LA/ASVspoof2019_LA_dev/flac/LA_D_3608903.flac,0
/data/DATASETS/ASV_Spoof_2019_LA/ASVspoof2019_LA_eval/flac/LA_E_6758527.flac,0
/data/DATASETS/ASV_Spoof_2019_LA/ASVspoof2019_LA_eval/flac/LA_E_5000484.flac,0
/data/DATASETS/ASV_Spoof_2019_LA/ASVspoof2019_LA_eval/flac/LA_E_3372566.flac,0
/data/DATASETS/ASV_Spoof_2019_LA/ASVspoof2019_LA_eval/flac/LA_E_1149659.flac,0
/data/DATASETS/ASV_Spoof_2019_LA/ASVspoof2019_LA_train/flac/LA_T_7533042.flac,0
/data/DATASETS/ASV_Spoof_2019_LA/ASVspoof2019_LA_eval/flac/LA_E_7119799.flac,0
/data/DATASETS/ASV_Spoof_2019_LA/ASVspoof2019_LA_train/flac/LA_T_4460814.flac,0
/data/DATASETS/ASV_Spoof_2019_LA/ASVspoof2019_LA_eval/flac/LA_E_9419761.flac,0
/data/DATASETS/ASV_Spoof_2019_LA/ASVspoof2019_LA_eval/flac/LA_E_2256037.flac,0
/data/DATASETS/ASV_Spoof_2019_LA/ASVspoof2019_LA_train/flac/LA_T_8508520.flac,0
/data/DATASETS/ASV_Spoof_2019_LA/ASVspoof2019_LA_train/flac/LA_T_9074017.flac,0
/data/DATASETS/ASV_Spoof_2019_LA/ASVspoof2019_LA_eval/flac/LA_E_3982309.flac,0
/data/DATASETS/ASV_Spoof_2019_LA/ASVspoof2019_LA_dev/flac/LA_D_9298358.flac,0
/data/DATASETS/ASV_Spoof_2019_LA/ASVspoof2019_LA_eval/flac/LA_E_9532599.flac,0
/data/DATASETS/ASV_Spoof_2019_LA/ASVspoof2019_LA_dev/flac/LA_D_8235144.flac,0
/data/DATASETS/ASV_Spoof_2019_LA/ASVspoof2019_LA_train/flac/LA_T_1498247.flac,0
/data/DATASETS/ASV_Spoof_2019_LA/ASVspoof2019_LA_eval/flac/LA_E_2665663.flac,0
/data/DATASETS/ASV_Spoof_2019_LA/ASVspoof2019_LA_eval/flac/LA_E_2239510.flac,0
/data/DATASETS/ASV_Spoof_2019_LA/ASVspoof2019_LA_eval/flac/LA_E_5625287.flac,0
/data/DATASETS/ASV_Spoof_2019_LA/ASVspoof2019_LA_dev/flac/LA_D_3262859.flac,0
/data/DATASETS/ASV_Spoof_2019_LA/ASVspoof2019_LA_dev/flac/LA_D_9323815.flac,0
/data/DATASETS/ASV_Spoof_2019_LA/ASVspoof2019_LA_eval/flac/LA_E_2574797.flac,0
/data/DATASETS/ASV_Spoof_2019_LA/ASVspoof2019_LA_eval/flac/LA_E_8697084.flac,0
/data/DATASETS/ASV_Spoof_2019_LA/ASVspoof2019_LA_dev/flac/LA_D_3476544.flac,0
/data/DATASETS/ASV_Spoof_2019_LA/ASVspoof2019_LA_eval/flac/LA_E_6796371.flac,0
/data/DATASETS/ASV_Spoof_2019_LA/ASVspoof2019_LA_dev/flac/LA_D_6156090.flac,0
/data/DATASETS/ASV_Spoof_2019_LA/ASVspoof2019_LA_eval/flac/LA_E_8911052.flac,0
/data/DATASETS/ASV_Spoof_2019_LA/ASVspoof2019_LA_eval/flac/LA_E_6201385.flac,0
/data/DATASETS/ASV_Spoof_2019_LA/ASVspoof2019_LA_eval/flac/LA_E_1715598.flac,0
/data/DATASETS/ASV_Spoof_2019_LA/ASVspoof2019_LA_eval/flac/LA_E_2881230.flac,0
/data/DATASETS/ASV_Spoof_2019_LA/ASVspoof2019_LA_train/flac/LA_T_6904517.flac,0
/data/DATASETS/ASV_Spoof_2019_LA/ASVspoof2019_LA_eval/flac/LA_E_9498735.flac,0
/data/DATASETS/ASV_Spoof_2019_LA/ASVspoof2019_LA_eval/flac/LA_E_4007350.flac,0
/data/DATASETS/ASV_Spoof_2019_LA/ASVspoof2019_LA_eval/flac/LA_E_7407717.flac,0
/data/DATASETS/ASV_Spoof_2019_LA/ASVspoof2019_LA_eval/flac/LA_E_8200738.flac,0
/data/DATASETS/ASV_Spoof_2019_LA/ASVspoof2019_LA_eval/flac/LA_E_2921544.flac,0
/data/DATASETS/ASV_Spoof_2019_LA/ASVspoof2019_LA_eval/flac/LA_E_7785819.flac,0
/data/DATASETS/ASV_Spoof_2019_LA/ASVspoof2019_LA_eval/flac/LA_E_1686378.flac,0
/data/DATASETS/ASV_Spoof_2019_LA/ASVspoof2019_LA_eval/flac/LA_E_8572237.flac,0
/data/DATASETS/ASV_Spoof_2019_LA/ASVspoof2019_LA_train/flac/LA_T_1589744.flac,0
/data/DATASETS/ASV_Spoof_2019_LA/ASVspoof2019_LA_eval/flac/LA_E_6800517.flac,0
/data/DATASETS/ASV_Spoof_2019_LA/ASVspoof2019_LA_eval/flac/LA_E_1831235.flac,0
/data/DATASETS/ASV_Spoof_2019_LA/ASVspoof2019_LA_train/flac/LA_T_6611269.flac,0
/data/DATASETS/ASV_Spoof_2019_LA/ASVspoof2019_LA_eval/flac/LA_E_9059311.flac,0
/data/DATASETS/ASV_Spoof_2019_LA/ASVspoof2019_LA_dev/flac/LA_D_5293101.flac,0
/data/DATASETS/ASV_Spoof_2019_LA/ASVspoof2019_LA_dev/flac/LA_D_6338898.flac,0
/data/DATASETS/ASV_Spoof_2019_LA/ASVspoof2019_LA_dev/flac/LA_D_7718079.flac,0
/data/DATASETS/ASV_Spoof_2019_LA/ASVspoof2019_LA_train/flac/LA_T_1567067.flac,0
/data/DATASETS/ASV_Spoof_2019_LA/ASVspoof2019_LA_train/flac/LA_T_2797332.flac,0
/data/DATASETS/ASV_Spoof_2019_LA/ASVspoof2019_LA_train/flac/LA_T_3583591.flac,0
/data/DATASETS/ASV_Spoof_2019_LA/ASVspoof2019_LA_eval/flac/LA_E_3828543.flac,0
/data/DATASETS/ASV_Spoof_2019_LA/ASVspoof2019_LA_eval/flac/LA_E_5747860.flac,0
/data/DATASETS/ASV_Spoof_2019_LA/ASVspoof2019_LA_eval/flac/LA_E_8067367.flac,0
/data/DATASETS/ASV_Spoof_2019_LA/ASVspoof2019_LA_eval/flac/LA_E_4218325.flac,0
/data/DATASETS/ASV_Spoof_2019_LA/ASVspoof2019_LA_train/flac/LA_T_9213454.flac,0
/data/DATASETS/ASV_Spoof_2019_LA/ASVspoof2019_LA_dev/flac/LA_D_9837717.flac,0
/data/DATASETS/ASV_Spoof_2019_LA/ASVspoof2019_LA_eval/flac/LA_E_2616671.flac,0
/data/DATASETS/ASV_Spoof_2019_LA/ASVspoof2019_LA_train/flac/LA_T_9603308.flac,0
/data/DATASETS/ASV_Spoof_2019_LA/ASVspoof2019_LA_eval/flac/LA_E_8218689.flac,0
/data/DATASETS/ASV_Spoof_2019_LA/ASVspoof2019_LA_dev/flac/LA_D_8880226.flac,0
/data/DATASETS/ASV_Spoof_2019_LA/ASVspoof2019_LA_eval/flac/LA_E_4566062.flac,0
/data/DATASETS/ASV_Spoof_2019_LA/ASVspoof2019_LA_eval/flac/LA_E_3271830.flac,0
/data/DATASETS/ASV_Spoof_2019_LA/ASVspoof2019_LA_dev/flac/LA_D_2307156.flac,0
/data/DATASETS/ASV_Spoof_2019_LA/ASVspoof2019_LA_eval/flac/LA_E_3490450.flac,0
/data/DATASETS/ASV_Spoof_2019_LA/ASVspoof2019_LA_eval/flac/LA_E_6569631.flac,0
/data/DATASETS/ASV_Spoof_2019_LA/ASVspoof2019_LA_eval/flac/LA_E_6323916.flac,0
/data/DATASETS/ASV_Spoof_2019_LA/ASVspoof2019_LA_train/flac/LA_T_9660280.flac,0
/data/DATASETS/ASV_Spoof_2019_LA/ASVspoof2019_LA_eval/flac/LA_E_7447619.flac,0
/data/DATASETS/ASV_Spoof_2019_LA/ASVspoof2019_LA_eval/flac/LA_E_2802428.flac,0
/data/DATASETS/ASV_Spoof_2019_LA/ASVspoof2019_LA_dev/flac/LA_D_1567126.flac,0
/data/DATASETS/ASV_Spoof_2019_LA/ASVspoof2019_LA_eval/flac/LA_E_8582008.flac,0
/data/DATASETS/ASV_Spoof_2019_LA/ASVspoof2019_LA_train/flac/LA_T_6436385.flac,0
/data/DATASETS/ASV_Spoof_2019_LA/ASVspoof2019_LA_train/flac/LA_T_1947138.flac,0
/data/DATASETS/ASV_Spoof_2019_LA/ASVspoof2019_LA_eval/flac/LA_E_8012948.flac,0
/data/DATASETS/ASV_Spoof_2019_LA/ASVspoof2019_LA_eval/flac/LA_E_1453284.flac,0
/data/DATASETS/ASV_Spoof_2019_LA/ASVspoof2019_LA_eval/flac/LA_E_9318500.flac,0
/data/DATASETS/ASV_Spoof_2019_LA/ASVspoof2019_LA_train/flac/LA_T_1217514.flac,0
/data/DATASETS/ASV_Spoof_2019_LA/ASVspoof2019_LA_dev/flac/LA_D_1130470.flac,0
/data/DATASETS/ASV_Spoof_2019_LA/ASVspoof2019_LA_eval/flac/LA_E_5263265.flac,0
/data/DATASETS/ASV_Spoof_2019_LA/ASVspoof2019_LA_train/flac/LA_T_6553669.flac,0
/data/DATASETS/ASV_Spoof_2019_LA/ASVspoof2019_LA_dev/flac/LA_D_6669736.flac,0
/data/DATASETS/ASV_Spoof_2019_LA/ASVspoof2019_LA_dev/flac/LA_D_8759407.flac,0
/data/DATASETS/ASV_Spoof_2019_LA/ASVspoof2019_LA_eval/flac/LA_E_7685431.flac,0
/data/DATASETS/ASV_Spoof_2019_LA/ASVspoof2019_LA_eval/flac/LA_E_5034226.flac,0
/data/DATASETS/ASV_Spoof_2019_LA/ASVspoof2019_LA_train/flac/LA_T_5364220.flac,0
/data/DATASETS/ASV_Spoof_2019_LA/ASVspoof2019_LA_dev/flac/LA_D_9822511.flac,0
/data/DATASETS/ASV_Spoof_2019_LA/ASVspoof2019_LA_eval/flac/LA_E_7405434.flac,0
/data/DATASETS/ASV_Spoof_2019_LA/ASVspoof2019_LA_eval/flac/LA_E_6854974.flac,0
/data/DATASETS/ASV_Spoof_2019_LA/ASVspoof2019_LA_dev/flac/LA_D_7162317.flac,0
/data/DATASETS/ASV_Spoof_2019_LA/ASVspoof2019_LA_eval/flac/LA_E_7880698.flac,0
/data/DATASETS/ASV_Spoof_2019_LA/ASVspoof2019_LA_dev/flac/LA_D_6805066.flac,0
/data/DATASETS/ASV_Spoof_2019_LA/ASVspoof2019_LA_eval/flac/LA_E_7401655.flac,0
/data/DATASETS/ASV_Spoof_2019_LA/ASVspoof2019_LA_dev/flac/LA_D_1330775.flac,0
/data/DATASETS/ASV_Spoof_2019_LA/ASVspoof2019_LA_eval/flac/LA_E_9952644.flac,0
/data/DATASETS/ASV_Spoof_2019_LA/ASVspoof2019_LA_eval/flac/LA_E_3396392.flac,0
/data/DATASETS/ASV_Spoof_2019_LA/ASVspoof2019_LA_eval/flac/LA_E_9779234.flac,0
/data/DATASETS/ASV_Spoof_2019_LA/ASVspoof2019_LA_eval/flac/LA_E_6953234.flac,0
/data/DATASETS/ASV_Spoof_2019_LA/ASVspoof2019_LA_eval/flac/LA_E_1817417.flac,0
/data/DATASETS/ASV_Spoof_2019_LA/ASVspoof2019_LA_eval/flac/LA_E_3059217.flac,0
/data/DATASETS/ASV_Spoof_2019_LA/ASVspoof2019_LA_eval/flac/LA_E_9857612.flac,0
/data/DATASETS/ASV_Spoof_2019_LA/ASVspoof2019_LA_dev/flac/LA_D_7972724.flac,0
/data/DATASETS/ASV_Spoof_2019_LA/ASVspoof2019_LA_train/flac/LA_T_8124095.flac,0
/data/DATASETS/ASV_Spoof_2019_LA/ASVspoof2019_LA_eval/flac/LA_E_9731672.flac,0
/data/DATASETS/ASV_Spoof_2019_LA/ASVspoof2019_LA_eval/flac/LA_E_1380691.flac,0
/data/DATASETS/ASV_Spoof_2019_LA/ASVspoof2019_LA_eval/flac/LA_E_2282085.flac,0
/data/DATASETS/ASV_Spoof_2019_LA/ASVspoof2019_LA_eval/flac/LA_E_8209138.flac,0
/data/DATASETS/ASV_Spoof_2019_LA/ASVspoof2019_LA_eval/flac/LA_E_8679347.flac,0
/data/DATASETS/ASV_Spoof_2019_LA/ASVspoof2019_LA_eval/flac/LA_E_6795918.flac,0
/data/DATASETS/ASV_Spoof_2019_LA/ASVspoof2019_LA_eval/flac/LA_E_8699699.flac,0
/data/DATASETS/ASV_Spoof_2019_LA/ASVspoof2019_LA_dev/flac/LA_D_4132709.flac,0
/data/DATASETS/ASV_Spoof_2019_LA/ASVspoof2019_LA_dev/flac/LA_D_5412149.flac,0
/data/DATASETS/ASV_Spoof_2019_LA/ASVspoof2019_LA_eval/flac/LA_E_8752048.flac,0
/data/DATASETS/ASV_Spoof_2019_LA/ASVspoof2019_LA_eval/flac/LA_E_8892674.flac,0
/data/DATASETS/ASV_Spoof_2019_LA/ASVspoof2019_LA_dev/flac/LA_D_8042846.flac,0
/data/DATASETS/ASV_Spoof_2019_LA/ASVspoof2019_LA_eval/flac/LA_E_4611526.flac,0
/data/DATASETS/ASV_Spoof_2019_LA/ASVspoof2019_LA_dev/flac/LA_D_7302367.flac,0
/data/DATASETS/ASV_Spoof_2019_LA/ASVspoof2019_LA_dev/flac/LA_D_2839913.flac,0
/data/DATASETS/ASV_Spoof_2019_LA/ASVspoof2019_LA_train/flac/LA_T_2669204.flac,0
/data/DATASETS/ASV_Spoof_2019_LA/ASVspoof2019_LA_dev/flac/LA_D_2255247.flac,0
/data/DATASETS/ASV_Spoof_2019_LA/ASVspoof2019_LA_dev/flac/LA_D_3131236.flac,0
/data/DATASETS/ASV_Spoof_2019_LA/ASVspoof2019_LA_train/flac/LA_T_5050748.flac,0
/data/DATASETS/ASV_Spoof_2019_LA/ASVspoof2019_LA_eval/flac/LA_E_6176694.flac,0
/data/DATASETS/ASV_Spoof_2019_LA/ASVspoof2019_LA_eval/flac/LA_E_4552938.flac,0
/data/DATASETS/ASV_Spoof_2019_LA/ASVspoof2019_LA_eval/flac/LA_E_4861467.flac,0
/data/DATASETS/ASV_Spoof_2019_LA/ASVspoof2019_LA_eval/flac/LA_E_4448772.flac,0
/data/DATASETS/ASV_Spoof_2019_LA/ASVspoof2019_LA_eval/flac/LA_E_9110462.flac,0
/data/DATASETS/ASV_Spoof_2019_LA/ASVspoof2019_LA_eval/flac/LA_E_7642376.flac,0
/data/DATASETS/ASV_Spoof_2019_LA/ASVspoof2019_LA_eval/flac/LA_E_8676989.flac,0
/data/DATASETS/ASV_Spoof_2019_LA/ASVspoof2019_LA_dev/flac/LA_D_8433898.flac,0
/data/DATASETS/ASV_Spoof_2019_LA/ASVspoof2019_LA_train/flac/LA_T_1684951.flac,0
/data/DATASETS/ASV_Spoof_2019_LA/ASVspoof2019_LA_eval/flac/LA_E_4010021.flac,0
/data/DATASETS/ASV_Spoof_2019_LA/ASVspoof2019_LA_dev/flac/LA_D_7110669.flac,0
/data/DATASETS/ASV_Spoof_2019_LA/ASVspoof2019_LA_eval/flac/LA_E_8214058.flac,0
/data/DATASETS/ASV_Spoof_2019_LA/ASVspoof2019_LA_train/flac/LA_T_7708952.flac,0
/data/DATASETS/ASV_Spoof_2019_LA/ASVspoof2019_LA_eval/flac/LA_E_4407998.flac,0
/data/DATASETS/ASV_Spoof_2019_LA/ASVspoof2019_LA_eval/flac/LA_E_9814510.flac,0
/data/DATASETS/ASV_Spoof_2019_LA/ASVspoof2019_LA_eval/flac/LA_E_2340025.flac,0
/data/DATASETS/ASV_Spoof_2019_LA/ASVspoof2019_LA_train/flac/LA_T_6150466.flac,0
/data/DATASETS/ASV_Spoof_2019_LA/ASVspoof2019_LA_eval/flac/LA_E_6396011.flac,0
/data/DATASETS/ASV_Spoof_2019_LA/ASVspoof2019_LA_eval/flac/LA_E_3568495.flac,0
/data/DATASETS/ASV_Spoof_2019_LA/ASVspoof2019_LA_eval/flac/LA_E_9020394.flac,0
/data/DATASETS/ASV_Spoof_2019_LA/ASVspoof2019_LA_dev/flac/LA_D_1121142.flac,0
/data/DATASETS/ASV_Spoof_2019_LA/ASVspoof2019_LA_dev/flac/LA_D_8438363.flac,0
/data/DATASETS/ASV_Spoof_2019_LA/ASVspoof2019_LA_train/flac/LA_T_4451463.flac,0
/data/DATASETS/ASV_Spoof_2019_LA/ASVspoof2019_LA_train/flac/LA_T_5127485.flac,0
/data/DATASETS/ASV_Spoof_2019_LA/ASVspoof2019_LA_train/flac/LA_T_7878810.flac,0
/data/DATASETS/ASV_Spoof_2019_LA/ASVspoof2019_LA_dev/flac/LA_D_9678576.flac,0
/data/DATASETS/ASV_Spoof_2019_LA/ASVspoof2019_LA_eval/flac/LA_E_8383708.flac,0
/data/DATASETS/ASV_Spoof_2019_LA/ASVspoof2019_LA_eval/flac/LA_E_2831602.flac,0
/data/DATASETS/ASV_Spoof_2019_LA/ASVspoof2019_LA_dev/flac/LA_D_9980740.flac,0
/data/DATASETS/ASV_Spoof_2019_LA/ASVspoof2019_LA_eval/flac/LA_E_8458415.flac,0
/data/DATASETS/ASV_Spoof_2019_LA/ASVspoof2019_LA_eval/flac/LA_E_1262130.flac,0
/data/DATASETS/ASV_Spoof_2019_LA/ASVspoof2019_LA_dev/flac/LA_D_7731909.flac,0
/data/DATASETS/ASV_Spoof_2019_LA/ASVspoof2019_LA_eval/flac/LA_E_5282688.flac,0
/data/DATASETS/ASV_Spoof_2019_LA/ASVspoof2019_LA_eval/flac/LA_E_1244665.flac,0
/data/DATASETS/ASV_Spoof_2019_LA/ASVspoof2019_LA_eval/flac/LA_E_2845462.flac,0
/data/DATASETS/ASV_Spoof_2019_LA/ASVspoof2019_LA_eval/flac/LA_E_3355060.flac,0
/data/DATASETS/ASV_Spoof_2019_LA/ASVspoof2019_LA_eval/flac/LA_E_6699737.flac,0
/data/DATASETS/ASV_Spoof_2019_LA/ASVspoof2019_LA_eval/flac/LA_E_7336761.flac,0
/data/DATASETS/ASV_Spoof_2019_LA/ASVspoof2019_LA_eval/flac/LA_E_7893685.flac,0
/data/DATASETS/ASV_Spoof_2019_LA/ASVspoof2019_LA_eval/flac/LA_E_9814642.flac,0
/data/DATASETS/ASV_Spoof_2019_LA/ASVspoof2019_LA_eval/flac/LA_E_3889529.flac,0
/data/DATASETS/ASV_Spoof_2019_LA/ASVspoof2019_LA_eval/flac/LA_E_3025992.flac,0
/data/DATASETS/ASV_Spoof_2019_LA/ASVspoof2019_LA_eval/flac/LA_E_8274579.flac,0
/data/DATASETS/ASV_Spoof_2019_LA/ASVspoof2019_LA_eval/flac/LA_E_6923333.flac,0
/data/DATASETS/ASV_Spoof_2019_LA/ASVspoof2019_LA_train/flac/LA_T_1779188.flac,0
/data/DATASETS/ASV_Spoof_2019_LA/ASVspoof2019_LA_eval/flac/LA_E_1159860.flac,0
/data/DATASETS/ASV_Spoof_2019_LA/ASVspoof2019_LA_eval/flac/LA_E_7996977.flac,0
/data/DATASETS/ASV_Spoof_2019_LA/ASVspoof2019_LA_dev/flac/LA_D_5927388.flac,0
/data/DATASETS/ASV_Spoof_2019_LA/ASVspoof2019_LA_eval/flac/LA_E_2557908.flac,0
/data/DATASETS/ASV_Spoof_2019_LA/ASVspoof2019_LA_dev/flac/LA_D_6343761.flac,0
/data/DATASETS/ASV_Spoof_2019_LA/ASVspoof2019_LA_eval/flac/LA_E_4668885.flac,0
/data/DATASETS/ASV_Spoof_2019_LA/ASVspoof2019_LA_eval/flac/LA_E_2544206.flac,0
/data/DATASETS/ASV_Spoof_2019_LA/ASVspoof2019_LA_train/flac/LA_T_2720285.flac,0
/data/DATASETS/ASV_Spoof_2019_LA/ASVspoof2019_LA_eval/flac/LA_E_2175003.flac,0
/data/DATASETS/ASV_Spoof_2019_LA/ASVspoof2019_LA_dev/flac/LA_D_1711559.flac,0
/data/DATASETS/ASV_Spoof_2019_LA/ASVspoof2019_LA_eval/flac/LA_E_5009073.flac,0
/data/DATASETS/ASV_Spoof_2019_LA/ASVspoof2019_LA_eval/flac/LA_E_2082015.flac,0
/data/DATASETS/ASV_Spoof_2019_LA/ASVspoof2019_LA_train/flac/LA_T_4112194.flac,0
/data/DATASETS/ASV_Spoof_2019_LA/ASVspoof2019_LA_train/flac/LA_T_1590181.flac,0
/data/DATASETS/ASV_Spoof_2019_LA/ASVspoof2019_LA_eval/flac/LA_E_2839713.flac,0
/data/DATASETS/ASV_Spoof_2019_LA/ASVspoof2019_LA_eval/flac/LA_E_6066881.flac,0
/data/DATASETS/ASV_Spoof_2019_LA/ASVspoof2019_LA_dev/flac/LA_D_2733428.flac,0
/data/DATASETS/ASV_Spoof_2019_LA/ASVspoof2019_LA_eval/flac/LA_E_6089994.flac,0
/data/DATASETS/ASV_Spoof_2019_LA/ASVspoof2019_LA_dev/flac/LA_D_6515867.flac,0
/data/DATASETS/ASV_Spoof_2019_LA/ASVspoof2019_LA_dev/flac/LA_D_2989479.flac,0
/data/DATASETS/ASV_Spoof_2019_LA/ASVspoof2019_LA_train/flac/LA_T_2866777.flac,0
/data/DATASETS/ASV_Spoof_2019_LA/ASVspoof2019_LA_eval/flac/LA_E_7419629.flac,0
/data/DATASETS/ASV_Spoof_2019_LA/ASVspoof2019_LA_train/flac/LA_T_7910229.flac,0
/data/DATASETS/ASV_Spoof_2019_LA/ASVspoof2019_LA_eval/flac/LA_E_8114634.flac,0
/data/DATASETS/ASV_Spoof_2019_LA/ASVspoof2019_LA_train/flac/LA_T_5167256.flac,0
/data/DATASETS/ASV_Spoof_2019_LA/ASVspoof2019_LA_eval/flac/LA_E_7677304.flac,0
/data/DATASETS/ASV_Spoof_2019_LA/ASVspoof2019_LA_train/flac/LA_T_4402006.flac,0
/data/DATASETS/ASV_Spoof_2019_LA/ASVspoof2019_LA_train/flac/LA_T_7133372.flac,0
/data/DATASETS/ASV_Spoof_2019_LA/ASVspoof2019_LA_eval/flac/LA_E_7226735.flac,0
/data/DATASETS/ASV_Spoof_2019_LA/ASVspoof2019_LA_dev/flac/LA_D_4156807.flac,0
/data/DATASETS/ASV_Spoof_2019_LA/ASVspoof2019_LA_eval/flac/LA_E_5880298.flac,0
/data/DATASETS/ASV_Spoof_2019_LA/ASVspoof2019_LA_eval/flac/LA_E_4170882.flac,0
/data/DATASETS/ASV_Spoof_2019_LA/ASVspoof2019_LA_eval/flac/LA_E_2981475.flac,0
/data/DATASETS/ASV_Spoof_2019_LA/ASVspoof2019_LA_dev/flac/LA_D_7944625.flac,0
/data/DATASETS/ASV_Spoof_2019_LA/ASVspoof2019_LA_eval/flac/LA_E_6388532.flac,0
/data/DATASETS/ASV_Spoof_2019_LA/ASVspoof2019_LA_train/flac/LA_T_2823943.flac,0
/data/DATASETS/ASV_Spoof_2019_LA/ASVspoof2019_LA_eval/flac/LA_E_8132598.flac,0
/data/DATASETS/ASV_Spoof_2019_LA/ASVspoof2019_LA_eval/flac/LA_E_5720596.flac,0
/data/DATASETS/ASV_Spoof_2019_LA/ASVspoof2019_LA_dev/flac/LA_D_1857965.flac,0
/data/DATASETS/ASV_Spoof_2019_LA/ASVspoof2019_LA_eval/flac/LA_E_5105422.flac,0
/data/DATASETS/ASV_Spoof_2019_LA/ASVspoof2019_LA_eval/flac/LA_E_7363256.flac,0
/data/DATASETS/ASV_Spoof_2019_LA/ASVspoof2019_LA_dev/flac/LA_D_5146064.flac,0
/data/DATASETS/ASV_Spoof_2019_LA/ASVspoof2019_LA_train/flac/LA_T_8714194.flac,0
/data/DATASETS/ASV_Spoof_2019_LA/ASVspoof2019_LA_eval/flac/LA_E_3156997.flac,0
/data/DATASETS/ASV_Spoof_2019_LA/ASVspoof2019_LA_eval/flac/LA_E_4770353.flac,0
/data/DATASETS/ASV_Spoof_2019_LA/ASVspoof2019_LA_eval/flac/LA_E_9404238.flac,0
/data/DATASETS/ASV_Spoof_2019_LA/ASVspoof2019_LA_train/flac/LA_T_6460762.flac,0
/data/DATASETS/ASV_Spoof_2019_LA/ASVspoof2019_LA_eval/flac/LA_E_5549793.flac,0
/data/DATASETS/ASV_Spoof_2019_LA/ASVspoof2019_LA_eval/flac/LA_E_8161721.flac,0
/data/DATASETS/ASV_Spoof_2019_LA/ASVspoof2019_LA_eval/flac/LA_E_7710028.flac,0
/data/DATASETS/ASV_Spoof_2019_LA/ASVspoof2019_LA_eval/flac/LA_E_7604984.flac,0
/data/DATASETS/ASV_Spoof_2019_LA/ASVspoof2019_LA_eval/flac/LA_E_6990109.flac,0
/data/DATASETS/ASV_Spoof_2019_LA/ASVspoof2019_LA_eval/flac/LA_E_1727827.flac,0
/data/DATASETS/ASV_Spoof_2019_LA/ASVspoof2019_LA_eval/flac/LA_E_2447541.flac,0
/data/DATASETS/ASV_Spoof_2019_LA/ASVspoof2019_LA_train/flac/LA_T_8503822.flac,0
/data/DATASETS/ASV_Spoof_2019_LA/ASVspoof2019_LA_eval/flac/LA_E_1077496.flac,0
/data/DATASETS/ASV_Spoof_2019_LA/ASVspoof2019_LA_train/flac/LA_T_2267510.flac,0
/data/DATASETS/ASV_Spoof_2019_LA/ASVspoof2019_LA_eval/flac/LA_E_2178959.flac,0
/data/DATASETS/ASV_Spoof_2019_LA/ASVspoof2019_LA_eval/flac/LA_E_4141475.flac,0
/data/DATASETS/ASV_Spoof_2019_LA/ASVspoof2019_LA_dev/flac/LA_D_7130250.flac,0
/data/DATASETS/ASV_Spoof_2019_LA/ASVspoof2019_LA_eval/flac/LA_E_2601033.flac,0
/data/DATASETS/ASV_Spoof_2019_LA/ASVspoof2019_LA_eval/flac/LA_E_1876354.flac,0
/data/DATASETS/ASV_Spoof_2019_LA/ASVspoof2019_LA_eval/flac/LA_E_4727702.flac,0
/data/DATASETS/ASV_Spoof_2019_LA/ASVspoof2019_LA_eval/flac/LA_E_9502838.flac,0
/data/DATASETS/ASV_Spoof_2019_LA/ASVspoof2019_LA_train/flac/LA_T_3324636.flac,0
/data/DATASETS/ASV_Spoof_2019_LA/ASVspoof2019_LA_eval/flac/LA_E_9647824.flac,0
/data/DATASETS/ASV_Spoof_2019_LA/ASVspoof2019_LA_eval/flac/LA_E_1564490.flac,0
/data/DATASETS/ASV_Spoof_2019_LA/ASVspoof2019_LA_eval/flac/LA_E_3301083.flac,0
/data/DATASETS/ASV_Spoof_2019_LA/ASVspoof2019_LA_train/flac/LA_T_3849179.flac,0
/data/DATASETS/ASV_Spoof_2019_LA/ASVspoof2019_LA_train/flac/LA_T_9087690.flac,0
/data/DATASETS/ASV_Spoof_2019_LA/ASVspoof2019_LA_dev/flac/LA_D_7200480.flac,0
/data/DATASETS/ASV_Spoof_2019_LA/ASVspoof2019_LA_train/flac/LA_T_9951511.flac,0
/data/DATASETS/ASV_Spoof_2019_LA/ASVspoof2019_LA_eval/flac/LA_E_1617471.flac,0
/data/DATASETS/ASV_Spoof_2019_LA/ASVspoof2019_LA_eval/flac/LA_E_6194695.flac,0
/data/DATASETS/ASV_Spoof_2019_LA/ASVspoof2019_LA_train/flac/LA_T_5239258.flac,0
/data/DATASETS/ASV_Spoof_2019_LA/ASVspoof2019_LA_eval/flac/LA_E_8547733.flac,0
/data/DATASETS/ASV_Spoof_2019_LA/ASVspoof2019_LA_eval/flac/LA_E_7627670.flac,0
/data/DATASETS/ASV_Spoof_2019_LA/ASVspoof2019_LA_train/flac/LA_T_7465137.flac,0
/data/DATASETS/ASV_Spoof_2019_LA/ASVspoof2019_LA_eval/flac/LA_E_3829556.flac,0
/data/DATASETS/ASV_Spoof_2019_LA/ASVspoof2019_LA_eval/flac/LA_E_4218432.flac,0
/data/DATASETS/ASV_Spoof_2019_LA/ASVspoof2019_LA_eval/flac/LA_E_6666104.flac,0
/data/DATASETS/ASV_Spoof_2019_LA/ASVspoof2019_LA_eval/flac/LA_E_4272160.flac,0
/data/DATASETS/ASV_Spoof_2019_LA/ASVspoof2019_LA_eval/flac/LA_E_1952207.flac,0
/data/DATASETS/ASV_Spoof_2019_LA/ASVspoof2019_LA_dev/flac/LA_D_1640497.flac,0
/data/DATASETS/ASV_Spoof_2019_LA/ASVspoof2019_LA_train/flac/LA_T_3110916.flac,0
/data/DATASETS/ASV_Spoof_2019_LA/ASVspoof2019_LA_dev/flac/LA_D_4114029.flac,0
/data/DATASETS/ASV_Spoof_2019_LA/ASVspoof2019_LA_eval/flac/LA_E_1024417.flac,0
/data/DATASETS/ASV_Spoof_2019_LA/ASVspoof2019_LA_eval/flac/LA_E_7847565.flac,0
/data/DATASETS/ASV_Spoof_2019_LA/ASVspoof2019_LA_eval/flac/LA_E_8568506.flac,0
/data/DATASETS/ASV_Spoof_2019_LA/ASVspoof2019_LA_eval/flac/LA_E_2526437.flac,0
/data/DATASETS/ASV_Spoof_2019_LA/ASVspoof2019_LA_dev/flac/LA_D_6525649.flac,0
/data/DATASETS/ASV_Spoof_2019_LA/ASVspoof2019_LA_eval/flac/LA_E_1678906.flac,0
/data/DATASETS/ASV_Spoof_2019_LA/ASVspoof2019_LA_eval/flac/LA_E_4021922.flac,0
/data/DATASETS/ASV_Spoof_2019_LA/ASVspoof2019_LA_eval/flac/LA_E_3759204.flac,0
/data/DATASETS/ASV_Spoof_2019_LA/ASVspoof2019_LA_train/flac/LA_T_4654973.flac,0
/data/DATASETS/ASV_Spoof_2019_LA/ASVspoof2019_LA_train/flac/LA_T_4408648.flac,0
/data/DATASETS/ASV_Spoof_2019_LA/ASVspoof2019_LA_eval/flac/LA_E_4003999.flac,0
/data/DATASETS/ASV_Spoof_2019_LA/ASVspoof2019_LA_eval/flac/LA_E_6255711.flac,0
/data/DATASETS/ASV_Spoof_2019_LA/ASVspoof2019_LA_dev/flac/LA_D_1434598.flac,0
/data/DATASETS/ASV_Spoof_2019_LA/ASVspoof2019_LA_train/flac/LA_T_5100132.flac,0
/data/DATASETS/ASV_Spoof_2019_LA/ASVspoof2019_LA_eval/flac/LA_E_2751672.flac,0
/data/DATASETS/ASV_Spoof_2019_LA/ASVspoof2019_LA_eval/flac/LA_E_5344962.flac,0
/data/DATASETS/ASV_Spoof_2019_LA/ASVspoof2019_LA_eval/flac/LA_E_2087578.flac,0
/data/DATASETS/ASV_Spoof_2019_LA/ASVspoof2019_LA_eval/flac/LA_E_4870741.flac,0
/data/DATASETS/ASV_Spoof_2019_LA/ASVspoof2019_LA_eval/flac/LA_E_1118791.flac,0
/data/DATASETS/ASV_Spoof_2019_LA/ASVspoof2019_LA_eval/flac/LA_E_3212658.flac,0
/data/DATASETS/ASV_Spoof_2019_LA/ASVspoof2019_LA_train/flac/LA_T_1869525.flac,0
/data/DATASETS/ASV_Spoof_2019_LA/ASVspoof2019_LA_eval/flac/LA_E_6108466.flac,0
/data/DATASETS/ASV_Spoof_2019_LA/ASVspoof2019_LA_train/flac/LA_T_9102017.flac,0
/data/DATASETS/ASV_Spoof_2019_LA/ASVspoof2019_LA_dev/flac/LA_D_4016591.flac,0
/data/DATASETS/ASV_Spoof_2019_LA/ASVspoof2019_LA_dev/flac/LA_D_5719323.flac,0
/data/DATASETS/ASV_Spoof_2019_LA/ASVspoof2019_LA_train/flac/LA_T_5986630.flac,0
/data/DATASETS/ASV_Spoof_2019_LA/ASVspoof2019_LA_dev/flac/LA_D_7341689.flac,0
/data/DATASETS/ASV_Spoof_2019_LA/ASVspoof2019_LA_train/flac/LA_T_7865475.flac,0
/data/DATASETS/ASV_Spoof_2019_LA/ASVspoof2019_LA_eval/flac/LA_E_9196975.flac,0
/data/DATASETS/ASV_Spoof_2019_LA/ASVspoof2019_LA_eval/flac/LA_E_3355748.flac,0
/data/DATASETS/ASV_Spoof_2019_LA/ASVspoof2019_LA_eval/flac/LA_E_2863367.flac,0
/data/DATASETS/ASV_Spoof_2019_LA/ASVspoof2019_LA_train/flac/LA_T_4356490.flac,0
/data/DATASETS/ASV_Spoof_2019_LA/ASVspoof2019_LA_eval/flac/LA_E_1775476.flac,0
/data/DATASETS/ASV_Spoof_2019_LA/ASVspoof2019_LA_dev/flac/LA_D_5712684.flac,0
/data/DATASETS/ASV_Spoof_2019_LA/ASVspoof2019_LA_eval/flac/LA_E_2686819.flac,0
/data/DATASETS/ASV_Spoof_2019_LA/ASVspoof2019_LA_eval/flac/LA_E_5667435.flac,0
/data/DATASETS/ASV_Spoof_2019_LA/ASVspoof2019_LA_eval/flac/LA_E_2744897.flac,0
/data/DATASETS/ASV_Spoof_2019_LA/ASVspoof2019_LA_train/flac/LA_T_4704925.flac,0
/data/DATASETS/ASV_Spoof_2019_LA/ASVspoof2019_LA_eval/flac/LA_E_2509075.flac,0
/data/DATASETS/ASV_Spoof_2019_LA/ASVspoof2019_LA_eval/flac/LA_E_8211814.flac,0
/data/DATASETS/ASV_Spoof_2019_LA/ASVspoof2019_LA_eval/flac/LA_E_9694968.flac,0
/data/DATASETS/ASV_Spoof_2019_LA/ASVspoof2019_LA_eval/flac/LA_E_1106135.flac,0
/data/DATASETS/ASV_Spoof_2019_LA/ASVspoof2019_LA_eval/flac/LA_E_5681000.flac,0
/data/DATASETS/ASV_Spoof_2019_LA/ASVspoof2019_LA_train/flac/LA_T_3744808.flac,0
/data/DATASETS/ASV_Spoof_2019_LA/ASVspoof2019_LA_dev/flac/LA_D_6084606.flac,0
/data/DATASETS/ASV_Spoof_2019_LA/ASVspoof2019_LA_eval/flac/LA_E_7184368.flac,0
/data/DATASETS/ASV_Spoof_2019_LA/ASVspoof2019_LA_eval/flac/LA_E_4741108.flac,0
/data/DATASETS/ASV_Spoof_2019_LA/ASVspoof2019_LA_train/flac/LA_T_4310384.flac,0
/data/DATASETS/ASV_Spoof_2019_LA/ASVspoof2019_LA_eval/flac/LA_E_2732113.flac,0
/data/DATASETS/ASV_Spoof_2019_LA/ASVspoof2019_LA_eval/flac/LA_E_3445902.flac,0
/data/DATASETS/ASV_Spoof_2019_LA/ASVspoof2019_LA_dev/flac/LA_D_2004845.flac,0
/data/DATASETS/ASV_Spoof_2019_LA/ASVspoof2019_LA_eval/flac/LA_E_4723892.flac,0
/data/DATASETS/ASV_Spoof_2019_LA/ASVspoof2019_LA_eval/flac/LA_E_9579428.flac,0
/data/DATASETS/ASV_Spoof_2019_LA/ASVspoof2019_LA_dev/flac/LA_D_4949737.flac,0
/data/DATASETS/ASV_Spoof_2019_LA/ASVspoof2019_LA_eval/flac/LA_E_3517050.flac,0
/data/DATASETS/ASV_Spoof_2019_LA/ASVspoof2019_LA_train/flac/LA_T_9669914.flac,0
/data/DATASETS/ASV_Spoof_2019_LA/ASVspoof2019_LA_eval/flac/LA_E_7771133.flac,0
/data/DATASETS/ASV_Spoof_2019_LA/ASVspoof2019_LA_train/flac/LA_T_2189446.flac,0
/data/DATASETS/ASV_Spoof_2019_LA/ASVspoof2019_LA_train/flac/LA_T_5727134.flac,0
/data/DATASETS/ASV_Spoof_2019_LA/ASVspoof2019_LA_eval/flac/LA_E_7051655.flac,0
/data/DATASETS/ASV_Spoof_2019_LA/ASVspoof2019_LA_eval/flac/LA_E_8410685.flac,0
/data/DATASETS/ASV_Spoof_2019_LA/ASVspoof2019_LA_dev/flac/LA_D_7783288.flac,0
/data/DATASETS/ASV_Spoof_2019_LA/ASVspoof2019_LA_train/flac/LA_T_1423202.flac,0
/data/DATASETS/ASV_Spoof_2019_LA/ASVspoof2019_LA_eval/flac/LA_E_4691178.flac,0
/data/DATASETS/ASV_Spoof_2019_LA/ASVspoof2019_LA_eval/flac/LA_E_5986424.flac,0
/data/DATASETS/ASV_Spoof_2019_LA/ASVspoof2019_LA_eval/flac/LA_E_2427518.flac,0
/data/DATASETS/ASV_Spoof_2019_LA/ASVspoof2019_LA_train/flac/LA_T_9348273.flac,0
/data/DATASETS/ASV_Spoof_2019_LA/ASVspoof2019_LA_eval/flac/LA_E_1498467.flac,0
/data/DATASETS/ASV_Spoof_2019_LA/ASVspoof2019_LA_eval/flac/LA_E_3121513.flac,0
/data/DATASETS/ASV_Spoof_2019_LA/ASVspoof2019_LA_eval/flac/LA_E_2291153.flac,0
/data/DATASETS/ASV_Spoof_2019_LA/ASVspoof2019_LA_dev/flac/LA_D_5093056.flac,0
/data/DATASETS/ASV_Spoof_2019_LA/ASVspoof2019_LA_eval/flac/LA_E_4596201.flac,0
/data/DATASETS/ASV_Spoof_2019_LA/ASVspoof2019_LA_eval/flac/LA_E_5743997.flac,0
/data/DATASETS/ASV_Spoof_2019_LA/ASVspoof2019_LA_train/flac/LA_T_4829102.flac,0
/data/DATASETS/ASV_Spoof_2019_LA/ASVspoof2019_LA_dev/flac/LA_D_5324608.flac,0
/data/DATASETS/ASV_Spoof_2019_LA/ASVspoof2019_LA_dev/flac/LA_D_9851890.flac,0
/data/DATASETS/ASV_Spoof_2019_LA/ASVspoof2019_LA_dev/flac/LA_D_5561293.flac,0
/data/DATASETS/ASV_Spoof_2019_LA/ASVspoof2019_LA_eval/flac/LA_E_2095975.flac,0
/data/DATASETS/ASV_Spoof_2019_LA/ASVspoof2019_LA_eval/flac/LA_E_1047085.flac,0
/data/DATASETS/ASV_Spoof_2019_LA/ASVspoof2019_LA_eval/flac/LA_E_2224946.flac,0
/data/DATASETS/ASV_Spoof_2019_LA/ASVspoof2019_LA_eval/flac/LA_E_1700830.flac,0
/data/DATASETS/ASV_Spoof_2019_LA/ASVspoof2019_LA_dev/flac/LA_D_4816127.flac,0
/data/DATASETS/ASV_Spoof_2019_LA/ASVspoof2019_LA_eval/flac/LA_E_2197823.flac,0
/data/DATASETS/ASV_Spoof_2019_LA/ASVspoof2019_LA_eval/flac/LA_E_8920670.flac,0
/data/DATASETS/ASV_Spoof_2019_LA/ASVspoof2019_LA_eval/flac/LA_E_4863408.flac,0
/data/DATASETS/ASV_Spoof_2019_LA/ASVspoof2019_LA_eval/flac/LA_E_4563161.flac,0
/data/DATASETS/ASV_Spoof_2019_LA/ASVspoof2019_LA_eval/flac/LA_E_7157028.flac,0
/data/DATASETS/ASV_Spoof_2019_LA/ASVspoof2019_LA_eval/flac/LA_E_1451700.flac,0
/data/DATASETS/ASV_Spoof_2019_LA/ASVspoof2019_LA_train/flac/LA_T_8374631.flac,0
/data/DATASETS/ASV_Spoof_2019_LA/ASVspoof2019_LA_dev/flac/LA_D_2723178.flac,0
/data/DATASETS/ASV_Spoof_2019_LA/ASVspoof2019_LA_eval/flac/LA_E_6947941.flac,0
/data/DATASETS/ASV_Spoof_2019_LA/ASVspoof2019_LA_eval/flac/LA_E_8095708.flac,0
/data/DATASETS/ASV_Spoof_2019_LA/ASVspoof2019_LA_eval/flac/LA_E_9895989.flac,0
/data/DATASETS/ASV_Spoof_2019_LA/ASVspoof2019_LA_train/flac/LA_T_2401614.flac,0
/data/DATASETS/ASV_Spoof_2019_LA/ASVspoof2019_LA_eval/flac/LA_E_9070898.flac,0
/data/DATASETS/ASV_Spoof_2019_LA/ASVspoof2019_LA_eval/flac/LA_E_4631462.flac,0
/data/DATASETS/ASV_Spoof_2019_LA/ASVspoof2019_LA_eval/flac/LA_E_8053690.flac,0
/data/DATASETS/ASV_Spoof_2019_LA/ASVspoof2019_LA_dev/flac/LA_D_6153942.flac,0
/data/DATASETS/ASV_Spoof_2019_LA/ASVspoof2019_LA_eval/flac/LA_E_3682123.flac,0
/data/DATASETS/ASV_Spoof_2019_LA/ASVspoof2019_LA_train/flac/LA_T_1622807.flac,0
/data/DATASETS/ASV_Spoof_2019_LA/ASVspoof2019_LA_eval/flac/LA_E_5807684.flac,0
/data/DATASETS/ASV_Spoof_2019_LA/ASVspoof2019_LA_eval/flac/LA_E_5597785.flac,0
/data/DATASETS/ASV_Spoof_2019_LA/ASVspoof2019_LA_eval/flac/LA_E_3495362.flac,0
/data/DATASETS/ASV_Spoof_2019_LA/ASVspoof2019_LA_eval/flac/LA_E_3105878.flac,0
/data/DATASETS/ASV_Spoof_2019_LA/ASVspoof2019_LA_eval/flac/LA_E_5700180.flac,0
/data/DATASETS/ASV_Spoof_2019_LA/ASVspoof2019_LA_eval/flac/LA_E_7642116.flac,0
/data/DATASETS/ASV_Spoof_2019_LA/ASVspoof2019_LA_eval/flac/LA_E_5778752.flac,0
/data/DATASETS/ASV_Spoof_2019_LA/ASVspoof2019_LA_dev/flac/LA_D_5914465.flac,0
/data/DATASETS/ASV_Spoof_2019_LA/ASVspoof2019_LA_eval/flac/LA_E_4682278.flac,0
/data/DATASETS/ASV_Spoof_2019_LA/ASVspoof2019_LA_eval/flac/LA_E_7344145.flac,0
/data/DATASETS/ASV_Spoof_2019_LA/ASVspoof2019_LA_eval/flac/LA_E_5504194.flac,0
/data/DATASETS/ASV_Spoof_2019_LA/ASVspoof2019_LA_eval/flac/LA_E_7795333.flac,0
/data/DATASETS/ASV_Spoof_2019_LA/ASVspoof2019_LA_eval/flac/LA_E_6409898.flac,0
/data/DATASETS/ASV_Spoof_2019_LA/ASVspoof2019_LA_eval/flac/LA_E_3003752.flac,0
/data/DATASETS/ASV_Spoof_2019_LA/ASVspoof2019_LA_eval/flac/LA_E_1829341.flac,0
/data/DATASETS/ASV_Spoof_2019_LA/ASVspoof2019_LA_eval/flac/LA_E_2424848.flac,0
/data/DATASETS/ASV_Spoof_2019_LA/ASVspoof2019_LA_eval/flac/LA_E_9553613.flac,0
/data/DATASETS/ASV_Spoof_2019_LA/ASVspoof2019_LA_train/flac/LA_T_8511040.flac,0
/data/DATASETS/ASV_Spoof_2019_LA/ASVspoof2019_LA_eval/flac/LA_E_1637796.flac,0
/data/DATASETS/ASV_Spoof_2019_LA/ASVspoof2019_LA_eval/flac/LA_E_6058019.flac,0
/data/DATASETS/ASV_Spoof_2019_LA/ASVspoof2019_LA_eval/flac/LA_E_3188565.flac,0
/data/DATASETS/ASV_Spoof_2019_LA/ASVspoof2019_LA_train/flac/LA_T_6992885.flac,0
/data/DATASETS/ASV_Spoof_2019_LA/ASVspoof2019_LA_eval/flac/LA_E_4204074.flac,0
/data/DATASETS/ASV_Spoof_2019_LA/ASVspoof2019_LA_train/flac/LA_T_9497800.flac,0
/data/DATASETS/ASV_Spoof_2019_LA/ASVspoof2019_LA_train/flac/LA_T_4198628.flac,0
/data/DATASETS/ASV_Spoof_2019_LA/ASVspoof2019_LA_eval/flac/LA_E_5753260.flac,0
/data/DATASETS/ASV_Spoof_2019_LA/ASVspoof2019_LA_eval/flac/LA_E_1721212.flac,0
/data/DATASETS/ASV_Spoof_2019_LA/ASVspoof2019_LA_eval/flac/LA_E_7170611.flac,0
/data/DATASETS/ASV_Spoof_2019_LA/ASVspoof2019_LA_eval/flac/LA_E_2514398.flac,0
/data/DATASETS/ASV_Spoof_2019_LA/ASVspoof2019_LA_eval/flac/LA_E_5604786.flac,0
/data/DATASETS/ASV_Spoof_2019_LA/ASVspoof2019_LA_dev/flac/LA_D_3847750.flac,0
/data/DATASETS/ASV_Spoof_2019_LA/ASVspoof2019_LA_eval/flac/LA_E_8859944.flac,0
/data/DATASETS/ASV_Spoof_2019_LA/ASVspoof2019_LA_eval/flac/LA_E_7368078.flac,0
/data/DATASETS/ASV_Spoof_2019_LA/ASVspoof2019_LA_dev/flac/LA_D_4645660.flac,0
/data/DATASETS/ASV_Spoof_2019_LA/ASVspoof2019_LA_dev/flac/LA_D_5273164.flac,0
/data/DATASETS/ASV_Spoof_2019_LA/ASVspoof2019_LA_dev/flac/LA_D_5540152.flac,0
/data/DATASETS/ASV_Spoof_2019_LA/ASVspoof2019_LA_eval/flac/LA_E_1553888.flac,0
/data/DATASETS/ASV_Spoof_2019_LA/ASVspoof2019_LA_train/flac/LA_T_6670899.flac,0
/data/DATASETS/ASV_Spoof_2019_LA/ASVspoof2019_LA_eval/flac/LA_E_2600744.flac,0
/data/DATASETS/ASV_Spoof_2019_LA/ASVspoof2019_LA_eval/flac/LA_E_1755748.flac,0
/data/DATASETS/ASV_Spoof_2019_LA/ASVspoof2019_LA_eval/flac/LA_E_5993263.flac,0
/data/DATASETS/ASV_Spoof_2019_LA/ASVspoof2019_LA_eval/flac/LA_E_8007851.flac,0
/data/DATASETS/ASV_Spoof_2019_LA/ASVspoof2019_LA_dev/flac/LA_D_3694891.flac,0
/data/DATASETS/ASV_Spoof_2019_LA/ASVspoof2019_LA_dev/flac/LA_D_3149828.flac,0
/data/DATASETS/ASV_Spoof_2019_LA/ASVspoof2019_LA_dev/flac/LA_D_8814402.flac,0
/data/DATASETS/ASV_Spoof_2019_LA/ASVspoof2019_LA_dev/flac/LA_D_5636069.flac,0
/data/DATASETS/ASV_Spoof_2019_LA/ASVspoof2019_LA_eval/flac/LA_E_5097096.flac,0
/data/DATASETS/ASV_Spoof_2019_LA/ASVspoof2019_LA_eval/flac/LA_E_4471664.flac,0
/data/DATASETS/ASV_Spoof_2019_LA/ASVspoof2019_LA_eval/flac/LA_E_3657969.flac,0
/data/DATASETS/ASV_Spoof_2019_LA/ASVspoof2019_LA_train/flac/LA_T_7316699.flac,0
/data/DATASETS/ASV_Spoof_2019_LA/ASVspoof2019_LA_eval/flac/LA_E_5573267.flac,0
/data/DATASETS/ASV_Spoof_2019_LA/ASVspoof2019_LA_dev/flac/LA_D_8726343.flac,0
/data/DATASETS/ASV_Spoof_2019_LA/ASVspoof2019_LA_eval/flac/LA_E_3963527.flac,0
/data/DATASETS/ASV_Spoof_2019_LA/ASVspoof2019_LA_eval/flac/LA_E_6741948.flac,0
/data/DATASETS/ASV_Spoof_2019_LA/ASVspoof2019_LA_train/flac/LA_T_6905979.flac,0
/data/DATASETS/ASV_Spoof_2019_LA/ASVspoof2019_LA_eval/flac/LA_E_7658985.flac,0
/data/DATASETS/ASV_Spoof_2019_LA/ASVspoof2019_LA_train/flac/LA_T_8272787.flac,0
/data/DATASETS/ASV_Spoof_2019_LA/ASVspoof2019_LA_eval/flac/LA_E_7650514.flac,0
/data/DATASETS/ASV_Spoof_2019_LA/ASVspoof2019_LA_train/flac/LA_T_1623473.flac,0
/data/DATASETS/ASV_Spoof_2019_LA/ASVspoof2019_LA_eval/flac/LA_E_9290615.flac,0
/data/DATASETS/ASV_Spoof_2019_LA/ASVspoof2019_LA_train/flac/LA_T_8490726.flac,0
/data/DATASETS/ASV_Spoof_2019_LA/ASVspoof2019_LA_train/flac/LA_T_3167734.flac,0
/data/DATASETS/ASV_Spoof_2019_LA/ASVspoof2019_LA_train/flac/LA_T_5314492.flac,0
/data/DATASETS/ASV_Spoof_2019_LA/ASVspoof2019_LA_train/flac/LA_T_2709262.flac,0
/data/DATASETS/ASV_Spoof_2019_LA/ASVspoof2019_LA_dev/flac/LA_D_1517231.flac,0
/data/DATASETS/ASV_Spoof_2019_LA/ASVspoof2019_LA_eval/flac/LA_E_5725530.flac,0
/data/DATASETS/ASV_Spoof_2019_LA/ASVspoof2019_LA_eval/flac/LA_E_9865338.flac,0
/data/DATASETS/ASV_Spoof_2019_LA/ASVspoof2019_LA_dev/flac/LA_D_2679014.flac,0
/data/DATASETS/ASV_Spoof_2019_LA/ASVspoof2019_LA_eval/flac/LA_E_6461870.flac,0
/data/DATASETS/ASV_Spoof_2019_LA/ASVspoof2019_LA_eval/flac/LA_E_6549743.flac,0
/data/DATASETS/ASV_Spoof_2019_LA/ASVspoof2019_LA_train/flac/LA_T_1783185.flac,0
/data/DATASETS/ASV_Spoof_2019_LA/ASVspoof2019_LA_eval/flac/LA_E_6397396.flac,0
/data/DATASETS/ASV_Spoof_2019_LA/ASVspoof2019_LA_dev/flac/LA_D_7194660.flac,0
/data/DATASETS/ASV_Spoof_2019_LA/ASVspoof2019_LA_eval/flac/LA_E_7333077.flac,0
/data/DATASETS/ASV_Spoof_2019_LA/ASVspoof2019_LA_eval/flac/LA_E_3368858.flac,0
/data/DATASETS/ASV_Spoof_2019_LA/ASVspoof2019_LA_train/flac/LA_T_8856169.flac,0
/data/DATASETS/ASV_Spoof_2019_LA/ASVspoof2019_LA_eval/flac/LA_E_1903367.flac,0
/data/DATASETS/ASV_Spoof_2019_LA/ASVspoof2019_LA_eval/flac/LA_E_3452213.flac,0
/data/DATASETS/ASV_Spoof_2019_LA/ASVspoof2019_LA_eval/flac/LA_E_3233085.flac,0
/data/DATASETS/ASV_Spoof_2019_LA/ASVspoof2019_LA_eval/flac/LA_E_7963188.flac,0
/data/DATASETS/ASV_Spoof_2019_LA/ASVspoof2019_LA_eval/flac/LA_E_6735336.flac,0
/data/DATASETS/ASV_Spoof_2019_LA/ASVspoof2019_LA_train/flac/LA_T_4451472.flac,0
/data/DATASETS/ASV_Spoof_2019_LA/ASVspoof2019_LA_eval/flac/LA_E_4486502.flac,0
/data/DATASETS/ASV_Spoof_2019_LA/ASVspoof2019_LA_eval/flac/LA_E_5075874.flac,0
/data/DATASETS/ASV_Spoof_2019_LA/ASVspoof2019_LA_eval/flac/LA_E_2590535.flac,0
/data/DATASETS/ASV_Spoof_2019_LA/ASVspoof2019_LA_train/flac/LA_T_5359998.flac,0
/data/DATASETS/ASV_Spoof_2019_LA/ASVspoof2019_LA_train/flac/LA_T_4105004.flac,0
/data/DATASETS/ASV_Spoof_2019_LA/ASVspoof2019_LA_dev/flac/LA_D_7612426.flac,0
/data/DATASETS/ASV_Spoof_2019_LA/ASVspoof2019_LA_eval/flac/LA_E_5626172.flac,0
/data/DATASETS/ASV_Spoof_2019_LA/ASVspoof2019_LA_train/flac/LA_T_3647140.flac,0
/data/DATASETS/ASV_Spoof_2019_LA/ASVspoof2019_LA_dev/flac/LA_D_7450790.flac,0
/data/DATASETS/ASV_Spoof_2019_LA/ASVspoof2019_LA_eval/flac/LA_E_1171007.flac,0
/data/DATASETS/ASV_Spoof_2019_LA/ASVspoof2019_LA_train/flac/LA_T_7776350.flac,0
/data/DATASETS/ASV_Spoof_2019_LA/ASVspoof2019_LA_dev/flac/LA_D_2370383.flac,0
/data/DATASETS/ASV_Spoof_2019_LA/ASVspoof2019_LA_dev/flac/LA_D_2441943.flac,0
/data/DATASETS/ASV_Spoof_2019_LA/ASVspoof2019_LA_eval/flac/LA_E_3737819.flac,0
/data/DATASETS/ASV_Spoof_2019_LA/ASVspoof2019_LA_eval/flac/LA_E_3196206.flac,0
/data/DATASETS/ASV_Spoof_2019_LA/ASVspoof2019_LA_eval/flac/LA_E_8778170.flac,0
/data/DATASETS/ASV_Spoof_2019_LA/ASVspoof2019_LA_train/flac/LA_T_5098034.flac,0
/data/DATASETS/ASV_Spoof_2019_LA/ASVspoof2019_LA_eval/flac/LA_E_7912002.flac,0
/data/DATASETS/ASV_Spoof_2019_LA/ASVspoof2019_LA_dev/flac/LA_D_6207345.flac,0
/data/DATASETS/ASV_Spoof_2019_LA/ASVspoof2019_LA_dev/flac/LA_D_6821909.flac,0
/data/DATASETS/ASV_Spoof_2019_LA/ASVspoof2019_LA_dev/flac/LA_D_3549588.flac,0
/data/DATASETS/ASV_Spoof_2019_LA/ASVspoof2019_LA_dev/flac/LA_D_8049554.flac,0
/data/DATASETS/ASV_Spoof_2019_LA/ASVspoof2019_LA_eval/flac/LA_E_6286183.flac,0
/data/DATASETS/ASV_Spoof_2019_LA/ASVspoof2019_LA_eval/flac/LA_E_5525852.flac,0
/data/DATASETS/ASV_Spoof_2019_LA/ASVspoof2019_LA_train/flac/LA_T_8344139.flac,0
/data/DATASETS/ASV_Spoof_2019_LA/ASVspoof2019_LA_eval/flac/LA_E_2455388.flac,0
/data/DATASETS/ASV_Spoof_2019_LA/ASVspoof2019_LA_train/flac/LA_T_6115632.flac,0
/data/DATASETS/ASV_Spoof_2019_LA/ASVspoof2019_LA_dev/flac/LA_D_3329701.flac,0
/data/DATASETS/ASV_Spoof_2019_LA/ASVspoof2019_LA_train/flac/LA_T_1341430.flac,0
/data/DATASETS/ASV_Spoof_2019_LA/ASVspoof2019_LA_train/flac/LA_T_8993559.flac,0
/data/DATASETS/ASV_Spoof_2019_LA/ASVspoof2019_LA_train/flac/LA_T_5134869.flac,0
/data/DATASETS/ASV_Spoof_2019_LA/ASVspoof2019_LA_eval/flac/LA_E_8124584.flac,0
/data/DATASETS/ASV_Spoof_2019_LA/ASVspoof2019_LA_eval/flac/LA_E_6033711.flac,0
/data/DATASETS/ASV_Spoof_2019_LA/ASVspoof2019_LA_dev/flac/LA_D_8942125.flac,0
/data/DATASETS/ASV_Spoof_2019_LA/ASVspoof2019_LA_dev/flac/LA_D_9856127.flac,0
/data/DATASETS/ASV_Spoof_2019_LA/ASVspoof2019_LA_train/flac/LA_T_1470659.flac,0
/data/DATASETS/ASV_Spoof_2019_LA/ASVspoof2019_LA_dev/flac/LA_D_8314448.flac,0
/data/DATASETS/ASV_Spoof_2019_LA/ASVspoof2019_LA_eval/flac/LA_E_6969847.flac,0
/data/DATASETS/ASV_Spoof_2019_LA/ASVspoof2019_LA_eval/flac/LA_E_9617625.flac,0
/data/DATASETS/ASV_Spoof_2019_LA/ASVspoof2019_LA_eval/flac/LA_E_4835985.flac,0
/data/DATASETS/ASV_Spoof_2019_LA/ASVspoof2019_LA_eval/flac/LA_E_4400341.flac,0
/data/DATASETS/ASV_Spoof_2019_LA/ASVspoof2019_LA_dev/flac/LA_D_6421262.flac,0
/data/DATASETS/ASV_Spoof_2019_LA/ASVspoof2019_LA_eval/flac/LA_E_9205385.flac,0
/data/DATASETS/ASV_Spoof_2019_LA/ASVspoof2019_LA_train/flac/LA_T_3614268.flac,0
/data/DATASETS/ASV_Spoof_2019_LA/ASVspoof2019_LA_dev/flac/LA_D_6741986.flac,0
/data/DATASETS/ASV_Spoof_2019_LA/ASVspoof2019_LA_dev/flac/LA_D_1838386.flac,0
/data/DATASETS/ASV_Spoof_2019_LA/ASVspoof2019_LA_eval/flac/LA_E_4188335.flac,0
/data/DATASETS/ASV_Spoof_2019_LA/ASVspoof2019_LA_eval/flac/LA_E_7702739.flac,0
/data/DATASETS/ASV_Spoof_2019_LA/ASVspoof2019_LA_eval/flac/LA_E_6342578.flac,0
/data/DATASETS/ASV_Spoof_2019_LA/ASVspoof2019_LA_dev/flac/LA_D_7932604.flac,0
/data/DATASETS/ASV_Spoof_2019_LA/ASVspoof2019_LA_dev/flac/LA_D_7600822.flac,0
/data/DATASETS/ASV_Spoof_2019_LA/ASVspoof2019_LA_eval/flac/LA_E_7100802.flac,0
/data/DATASETS/ASV_Spoof_2019_LA/ASVspoof2019_LA_eval/flac/LA_E_7377078.flac,0
/data/DATASETS/ASV_Spoof_2019_LA/ASVspoof2019_LA_eval/flac/LA_E_9617251.flac,0
/data/DATASETS/ASV_Spoof_2019_LA/ASVspoof2019_LA_dev/flac/LA_D_5806611.flac,0
/data/DATASETS/ASV_Spoof_2019_LA/ASVspoof2019_LA_eval/flac/LA_E_6261281.flac,0
/data/DATASETS/ASV_Spoof_2019_LA/ASVspoof2019_LA_train/flac/LA_T_8162915.flac,0
/data/DATASETS/ASV_Spoof_2019_LA/ASVspoof2019_LA_eval/flac/LA_E_4156068.flac,0
/data/DATASETS/ASV_Spoof_2019_LA/ASVspoof2019_LA_eval/flac/LA_E_9226172.flac,0
/data/DATASETS/ASV_Spoof_2019_LA/ASVspoof2019_LA_eval/flac/LA_E_7643316.flac,0
/data/DATASETS/ASV_Spoof_2019_LA/ASVspoof2019_LA_dev/flac/LA_D_3315698.flac,0
/data/DATASETS/ASV_Spoof_2019_LA/ASVspoof2019_LA_eval/flac/LA_E_8041370.flac,0
/data/DATASETS/ASV_Spoof_2019_LA/ASVspoof2019_LA_dev/flac/LA_D_5136646.flac,0
/data/DATASETS/ASV_Spoof_2019_LA/ASVspoof2019_LA_train/flac/LA_T_5891775.flac,0
/data/DATASETS/ASV_Spoof_2019_LA/ASVspoof2019_LA_eval/flac/LA_E_3154071.flac,0
/data/DATASETS/ASV_Spoof_2019_LA/ASVspoof2019_LA_eval/flac/LA_E_9887942.flac,0
/data/DATASETS/ASV_Spoof_2019_LA/ASVspoof2019_LA_dev/flac/LA_D_4160962.flac,0
/data/DATASETS/ASV_Spoof_2019_LA/ASVspoof2019_LA_eval/flac/LA_E_2927991.flac,0
/data/DATASETS/ASV_Spoof_2019_LA/ASVspoof2019_LA_eval/flac/LA_E_3547302.flac,0
/data/DATASETS/ASV_Spoof_2019_LA/ASVspoof2019_LA_eval/flac/LA_E_6690636.flac,0
/data/DATASETS/ASV_Spoof_2019_LA/ASVspoof2019_LA_train/flac/LA_T_1787294.flac,0
/data/DATASETS/ASV_Spoof_2019_LA/ASVspoof2019_LA_eval/flac/LA_E_9669170.flac,0
/data/DATASETS/ASV_Spoof_2019_LA/ASVspoof2019_LA_eval/flac/LA_E_5216957.flac,0
/data/DATASETS/ASV_Spoof_2019_LA/ASVspoof2019_LA_eval/flac/LA_E_9097702.flac,0
/data/DATASETS/ASV_Spoof_2019_LA/ASVspoof2019_LA_eval/flac/LA_E_6708601.flac,0
/data/DATASETS/ASV_Spoof_2019_LA/ASVspoof2019_LA_eval/flac/LA_E_5638625.flac,0
/data/DATASETS/ASV_Spoof_2019_LA/ASVspoof2019_LA_eval/flac/LA_E_9376714.flac,0
/data/DATASETS/ASV_Spoof_2019_LA/ASVspoof2019_LA_train/flac/LA_T_2373806.flac,0
/data/DATASETS/ASV_Spoof_2019_LA/ASVspoof2019_LA_train/flac/LA_T_2019805.flac,0
/data/DATASETS/ASV_Spoof_2019_LA/ASVspoof2019_LA_eval/flac/LA_E_7203953.flac,0
/data/DATASETS/ASV_Spoof_2019_LA/ASVspoof2019_LA_eval/flac/LA_E_5784038.flac,0
/data/DATASETS/ASV_Spoof_2019_LA/ASVspoof2019_LA_dev/flac/LA_D_5747580.flac,0
/data/DATASETS/ASV_Spoof_2019_LA/ASVspoof2019_LA_eval/flac/LA_E_9689977.flac,0
/data/DATASETS/ASV_Spoof_2019_LA/ASVspoof2019_LA_eval/flac/LA_E_7267851.flac,0
/data/DATASETS/ASV_Spoof_2019_LA/ASVspoof2019_LA_dev/flac/LA_D_5952548.flac,0
/data/DATASETS/ASV_Spoof_2019_LA/ASVspoof2019_LA_eval/flac/LA_E_2357668.flac,0
/data/DATASETS/ASV_Spoof_2019_LA/ASVspoof2019_LA_train/flac/LA_T_8457102.flac,0
/data/DATASETS/ASV_Spoof_2019_LA/ASVspoof2019_LA_eval/flac/LA_E_8900105.flac,0
/data/DATASETS/ASV_Spoof_2019_LA/ASVspoof2019_LA_eval/flac/LA_E_4541316.flac,0
/data/DATASETS/ASV_Spoof_2019_LA/ASVspoof2019_LA_eval/flac/LA_E_4884352.flac,0
/data/DATASETS/ASV_Spoof_2019_LA/ASVspoof2019_LA_dev/flac/LA_D_7090657.flac,0
/data/DATASETS/ASV_Spoof_2019_LA/ASVspoof2019_LA_eval/flac/LA_E_5094127.flac,0
/data/DATASETS/ASV_Spoof_2019_LA/ASVspoof2019_LA_eval/flac/LA_E_1960904.flac,0
/data/DATASETS/ASV_Spoof_2019_LA/ASVspoof2019_LA_eval/flac/LA_E_2327160.flac,0
/data/DATASETS/ASV_Spoof_2019_LA/ASVspoof2019_LA_eval/flac/LA_E_6599905.flac,0
/data/DATASETS/ASV_Spoof_2019_LA/ASVspoof2019_LA_eval/flac/LA_E_2337699.flac,0
/data/DATASETS/ASV_Spoof_2019_LA/ASVspoof2019_LA_eval/flac/LA_E_4691018.flac,0
/data/DATASETS/ASV_Spoof_2019_LA/ASVspoof2019_LA_eval/flac/LA_E_9882420.flac,0
/data/DATASETS/ASV_Spoof_2019_LA/ASVspoof2019_LA_dev/flac/LA_D_7501952.flac,0
/data/DATASETS/ASV_Spoof_2019_LA/ASVspoof2019_LA_eval/flac/LA_E_8087905.flac,0
/data/DATASETS/ASV_Spoof_2019_LA/ASVspoof2019_LA_dev/flac/LA_D_2578749.flac,0
/data/DATASETS/ASV_Spoof_2019_LA/ASVspoof2019_LA_dev/flac/LA_D_5621013.flac,0
/data/DATASETS/ASV_Spoof_2019_LA/ASVspoof2019_LA_eval/flac/LA_E_8941313.flac,0
/data/DATASETS/ASV_Spoof_2019_LA/ASVspoof2019_LA_dev/flac/LA_D_7822260.flac,0
/data/DATASETS/ASV_Spoof_2019_LA/ASVspoof2019_LA_eval/flac/LA_E_3015119.flac,0
/data/DATASETS/ASV_Spoof_2019_LA/ASVspoof2019_LA_train/flac/LA_T_3686789.flac,0
/data/DATASETS/ASV_Spoof_2019_LA/ASVspoof2019_LA_eval/flac/LA_E_9968243.flac,0
/data/DATASETS/ASV_Spoof_2019_LA/ASVspoof2019_LA_eval/flac/LA_E_1470174.flac,0
/data/DATASETS/ASV_Spoof_2019_LA/ASVspoof2019_LA_eval/flac/LA_E_1793461.flac,0
/data/DATASETS/ASV_Spoof_2019_LA/ASVspoof2019_LA_eval/flac/LA_E_5628977.flac,0
/data/DATASETS/ASV_Spoof_2019_LA/ASVspoof2019_LA_eval/flac/LA_E_4671119.flac,0
/data/DATASETS/ASV_Spoof_2019_LA/ASVspoof2019_LA_eval/flac/LA_E_2256889.flac,0
/data/DATASETS/ASV_Spoof_2019_LA/ASVspoof2019_LA_eval/flac/LA_E_5508731.flac,0
/data/DATASETS/ASV_Spoof_2019_LA/ASVspoof2019_LA_eval/flac/LA_E_3782744.flac,0
/data/DATASETS/ASV_Spoof_2019_LA/ASVspoof2019_LA_eval/flac/LA_E_7433722.flac,0
/data/DATASETS/ASV_Spoof_2019_LA/ASVspoof2019_LA_train/flac/LA_T_2101210.flac,0
/data/DATASETS/ASV_Spoof_2019_LA/ASVspoof2019_LA_dev/flac/LA_D_2019918.flac,0
/data/DATASETS/ASV_Spoof_2019_LA/ASVspoof2019_LA_eval/flac/LA_E_5096814.flac,0
/data/DATASETS/ASV_Spoof_2019_LA/ASVspoof2019_LA_train/flac/LA_T_4966921.flac,0
/data/DATASETS/ASV_Spoof_2019_LA/ASVspoof2019_LA_eval/flac/LA_E_2497126.flac,0
/data/DATASETS/ASV_Spoof_2019_LA/ASVspoof2019_LA_train/flac/LA_T_7535350.flac,0
/data/DATASETS/ASV_Spoof_2019_LA/ASVspoof2019_LA_eval/flac/LA_E_7484573.flac,0
/data/DATASETS/ASV_Spoof_2019_LA/ASVspoof2019_LA_train/flac/LA_T_1450124.flac,0
/data/DATASETS/ASV_Spoof_2019_LA/ASVspoof2019_LA_eval/flac/LA_E_7187171.flac,0
/data/DATASETS/ASV_Spoof_2019_LA/ASVspoof2019_LA_eval/flac/LA_E_6821343.flac,0
/data/DATASETS/ASV_Spoof_2019_LA/ASVspoof2019_LA_train/flac/LA_T_6620806.flac,0
/data/DATASETS/ASV_Spoof_2019_LA/ASVspoof2019_LA_eval/flac/LA_E_8237728.flac,0
/data/DATASETS/ASV_Spoof_2019_LA/ASVspoof2019_LA_train/flac/LA_T_7944618.flac,0
/data/DATASETS/ASV_Spoof_2019_LA/ASVspoof2019_LA_train/flac/LA_T_8245483.flac,0
/data/DATASETS/ASV_Spoof_2019_LA/ASVspoof2019_LA_eval/flac/LA_E_5875942.flac,0
/data/DATASETS/ASV_Spoof_2019_LA/ASVspoof2019_LA_eval/flac/LA_E_4464314.flac,0
/data/DATASETS/ASV_Spoof_2019_LA/ASVspoof2019_LA_eval/flac/LA_E_5195843.flac,0
/data/DATASETS/ASV_Spoof_2019_LA/ASVspoof2019_LA_eval/flac/LA_E_4753754.flac,0
/data/DATASETS/ASV_Spoof_2019_LA/ASVspoof2019_LA_eval/flac/LA_E_5358511.flac,0
/data/DATASETS/ASV_Spoof_2019_LA/ASVspoof2019_LA_eval/flac/LA_E_1828338.flac,0
/data/DATASETS/ASV_Spoof_2019_LA/ASVspoof2019_LA_eval/flac/LA_E_6066342.flac,0
/data/DATASETS/ASV_Spoof_2019_LA/ASVspoof2019_LA_dev/flac/LA_D_6245432.flac,0
/data/DATASETS/ASV_Spoof_2019_LA/ASVspoof2019_LA_eval/flac/LA_E_5506628.flac,0
/data/DATASETS/ASV_Spoof_2019_LA/ASVspoof2019_LA_eval/flac/LA_E_1654952.flac,0
/data/DATASETS/ASV_Spoof_2019_LA/ASVspoof2019_LA_dev/flac/LA_D_7885719.flac,0
/data/DATASETS/ASV_Spoof_2019_LA/ASVspoof2019_LA_eval/flac/LA_E_4692039.flac,0
/data/DATASETS/ASV_Spoof_2019_LA/ASVspoof2019_LA_eval/flac/LA_E_3534890.flac,0
/data/DATASETS/ASV_Spoof_2019_LA/ASVspoof2019_LA_train/flac/LA_T_9182456.flac,0
/data/DATASETS/ASV_Spoof_2019_LA/ASVspoof2019_LA_eval/flac/LA_E_9413562.flac,0
/data/DATASETS/ASV_Spoof_2019_LA/ASVspoof2019_LA_eval/flac/LA_E_7105838.flac,0
/data/DATASETS/ASV_Spoof_2019_LA/ASVspoof2019_LA_eval/flac/LA_E_4517012.flac,0
/data/DATASETS/ASV_Spoof_2019_LA/ASVspoof2019_LA_eval/flac/LA_E_9019442.flac,0
/data/DATASETS/ASV_Spoof_2019_LA/ASVspoof2019_LA_eval/flac/LA_E_5742841.flac,0
/data/DATASETS/ASV_Spoof_2019_LA/ASVspoof2019_LA_train/flac/LA_T_9223743.flac,0
/data/DATASETS/ASV_Spoof_2019_LA/ASVspoof2019_LA_train/flac/LA_T_2618051.flac,0
/data/DATASETS/ASV_Spoof_2019_LA/ASVspoof2019_LA_eval/flac/LA_E_9436645.flac,0
/data/DATASETS/ASV_Spoof_2019_LA/ASVspoof2019_LA_train/flac/LA_T_3963536.flac,0
/data/DATASETS/ASV_Spoof_2019_LA/ASVspoof2019_LA_train/flac/LA_T_6472152.flac,0
/data/DATASETS/ASV_Spoof_2019_LA/ASVspoof2019_LA_eval/flac/LA_E_4231683.flac,0
/data/DATASETS/ASV_Spoof_2019_LA/ASVspoof2019_LA_eval/flac/LA_E_4047464.flac,0
/data/DATASETS/ASV_Spoof_2019_LA/ASVspoof2019_LA_eval/flac/LA_E_1956140.flac,0
/data/DATASETS/ASV_Spoof_2019_LA/ASVspoof2019_LA_dev/flac/LA_D_6842136.flac,0
/data/DATASETS/ASV_Spoof_2019_LA/ASVspoof2019_LA_eval/flac/LA_E_4361840.flac,0
/data/DATASETS/ASV_Spoof_2019_LA/ASVspoof2019_LA_eval/flac/LA_E_2493627.flac,0
/data/DATASETS/ASV_Spoof_2019_LA/ASVspoof2019_LA_eval/flac/LA_E_2487335.flac,0
/data/DATASETS/ASV_Spoof_2019_LA/ASVspoof2019_LA_dev/flac/LA_D_4917895.flac,0
/data/DATASETS/ASV_Spoof_2019_LA/ASVspoof2019_LA_dev/flac/LA_D_5985188.flac,0
/data/DATASETS/ASV_Spoof_2019_LA/ASVspoof2019_LA_dev/flac/LA_D_5542285.flac,0
/data/DATASETS/ASV_Spoof_2019_LA/ASVspoof2019_LA_train/flac/LA_T_9324055.flac,0
/data/DATASETS/ASV_Spoof_2019_LA/ASVspoof2019_LA_dev/flac/LA_D_3607289.flac,0
/data/DATASETS/ASV_Spoof_2019_LA/ASVspoof2019_LA_eval/flac/LA_E_6439636.flac,0
/data/DATASETS/ASV_Spoof_2019_LA/ASVspoof2019_LA_eval/flac/LA_E_7197438.flac,0
/data/DATASETS/ASV_Spoof_2019_LA/ASVspoof2019_LA_train/flac/LA_T_8452659.flac,0
/data/DATASETS/ASV_Spoof_2019_LA/ASVspoof2019_LA_eval/flac/LA_E_2038545.flac,0
/data/DATASETS/ASV_Spoof_2019_LA/ASVspoof2019_LA_eval/flac/LA_E_4534151.flac,0
/data/DATASETS/ASV_Spoof_2019_LA/ASVspoof2019_LA_dev/flac/LA_D_7570554.flac,0
/data/DATASETS/ASV_Spoof_2019_LA/ASVspoof2019_LA_dev/flac/LA_D_7509663.flac,0
/data/DATASETS/ASV_Spoof_2019_LA/ASVspoof2019_LA_eval/flac/LA_E_5956662.flac,0
/data/DATASETS/ASV_Spoof_2019_LA/ASVspoof2019_LA_train/flac/LA_T_5876876.flac,0
/data/DATASETS/ASV_Spoof_2019_LA/ASVspoof2019_LA_eval/flac/LA_E_8189776.flac,0
/data/DATASETS/ASV_Spoof_2019_LA/ASVspoof2019_LA_eval/flac/LA_E_6784880.flac,0
/data/DATASETS/ASV_Spoof_2019_LA/ASVspoof2019_LA_dev/flac/LA_D_9105003.flac,0
/data/DATASETS/ASV_Spoof_2019_LA/ASVspoof2019_LA_eval/flac/LA_E_4436617.flac,0
/data/DATASETS/ASV_Spoof_2019_LA/ASVspoof2019_LA_eval/flac/LA_E_1482819.flac,0
/data/DATASETS/ASV_Spoof_2019_LA/ASVspoof2019_LA_dev/flac/LA_D_6122499.flac,0
/data/DATASETS/ASV_Spoof_2019_LA/ASVspoof2019_LA_eval/flac/LA_E_5075088.flac,0
/data/DATASETS/ASV_Spoof_2019_LA/ASVspoof2019_LA_eval/flac/LA_E_7269861.flac,0
/data/DATASETS/ASV_Spoof_2019_LA/ASVspoof2019_LA_dev/flac/LA_D_3088159.flac,0
/data/DATASETS/ASV_Spoof_2019_LA/ASVspoof2019_LA_eval/flac/LA_E_5281794.flac,0
/data/DATASETS/ASV_Spoof_2019_LA/ASVspoof2019_LA_eval/flac/LA_E_2796025.flac,0
/data/DATASETS/ASV_Spoof_2019_LA/ASVspoof2019_LA_eval/flac/LA_E_3852745.flac,0
/data/DATASETS/ASV_Spoof_2019_LA/ASVspoof2019_LA_eval/flac/LA_E_3690225.flac,0
/data/DATASETS/ASV_Spoof_2019_LA/ASVspoof2019_LA_eval/flac/LA_E_1633842.flac,0
/data/DATASETS/ASV_Spoof_2019_LA/ASVspoof2019_LA_eval/flac/LA_E_7790286.flac,0
/data/DATASETS/ASV_Spoof_2019_LA/ASVspoof2019_LA_eval/flac/LA_E_1486483.flac,0
/data/DATASETS/ASV_Spoof_2019_LA/ASVspoof2019_LA_eval/flac/LA_E_6051417.flac,0
/data/DATASETS/ASV_Spoof_2019_LA/ASVspoof2019_LA_eval/flac/LA_E_3427781.flac,0
/data/DATASETS/ASV_Spoof_2019_LA/ASVspoof2019_LA_eval/flac/LA_E_3791948.flac,0
/data/DATASETS/ASV_Spoof_2019_LA/ASVspoof2019_LA_eval/flac/LA_E_3017783.flac,0
/data/DATASETS/ASV_Spoof_2019_LA/ASVspoof2019_LA_dev/flac/LA_D_8658970.flac,0
/data/DATASETS/ASV_Spoof_2019_LA/ASVspoof2019_LA_eval/flac/LA_E_4396705.flac,0
/data/DATASETS/ASV_Spoof_2019_LA/ASVspoof2019_LA_eval/flac/LA_E_5213661.flac,0
/data/DATASETS/ASV_Spoof_2019_LA/ASVspoof2019_LA_train/flac/LA_T_5065822.flac,0
/data/DATASETS/ASV_Spoof_2019_LA/ASVspoof2019_LA_eval/flac/LA_E_9048004.flac,0
/data/DATASETS/ASV_Spoof_2019_LA/ASVspoof2019_LA_train/flac/LA_T_1839678.flac,0
/data/DATASETS/ASV_Spoof_2019_LA/ASVspoof2019_LA_eval/flac/LA_E_3059290.flac,0
/data/DATASETS/ASV_Spoof_2019_LA/ASVspoof2019_LA_dev/flac/LA_D_7215902.flac,0
/data/DATASETS/ASV_Spoof_2019_LA/ASVspoof2019_LA_eval/flac/LA_E_6260880.flac,0
/data/DATASETS/ASV_Spoof_2019_LA/ASVspoof2019_LA_eval/flac/LA_E_2380776.flac,0
/data/DATASETS/ASV_Spoof_2019_LA/ASVspoof2019_LA_eval/flac/LA_E_5821103.flac,0
/data/DATASETS/ASV_Spoof_2019_LA/ASVspoof2019_LA_dev/flac/LA_D_3233966.flac,0
/data/DATASETS/ASV_Spoof_2019_LA/ASVspoof2019_LA_train/flac/LA_T_5625330.flac,0
/data/DATASETS/ASV_Spoof_2019_LA/ASVspoof2019_LA_train/flac/LA_T_9745018.flac,0
/data/DATASETS/ASV_Spoof_2019_LA/ASVspoof2019_LA_dev/flac/LA_D_7790850.flac,0
/data/DATASETS/ASV_Spoof_2019_LA/ASVspoof2019_LA_dev/flac/LA_D_6067380.flac,0
/data/DATASETS/ASV_Spoof_2019_LA/ASVspoof2019_LA_eval/flac/LA_E_3046175.flac,0
/data/DATASETS/ASV_Spoof_2019_LA/ASVspoof2019_LA_eval/flac/LA_E_2583663.flac,0
/data/DATASETS/ASV_Spoof_2019_LA/ASVspoof2019_LA_dev/flac/LA_D_1084356.flac,0
/data/DATASETS/ASV_Spoof_2019_LA/ASVspoof2019_LA_eval/flac/LA_E_6854651.flac,0
/data/DATASETS/ASV_Spoof_2019_LA/ASVspoof2019_LA_train/flac/LA_T_8162147.flac,0
/data/DATASETS/ASV_Spoof_2019_LA/ASVspoof2019_LA_eval/flac/LA_E_9554481.flac,0
/data/DATASETS/ASV_Spoof_2019_LA/ASVspoof2019_LA_eval/flac/LA_E_9630899.flac,0
/data/DATASETS/ASV_Spoof_2019_LA/ASVspoof2019_LA_eval/flac/LA_E_2656947.flac,0
/data/DATASETS/ASV_Spoof_2019_LA/ASVspoof2019_LA_eval/flac/LA_E_1011807.flac,0
/data/DATASETS/ASV_Spoof_2019_LA/ASVspoof2019_LA_dev/flac/LA_D_7363764.flac,0
/data/DATASETS/ASV_Spoof_2019_LA/ASVspoof2019_LA_eval/flac/LA_E_2281413.flac,0
/data/DATASETS/ASV_Spoof_2019_LA/ASVspoof2019_LA_eval/flac/LA_E_7146199.flac,0
/data/DATASETS/ASV_Spoof_2019_LA/ASVspoof2019_LA_eval/flac/LA_E_1395552.flac,0
/data/DATASETS/ASV_Spoof_2019_LA/ASVspoof2019_LA_dev/flac/LA_D_8494760.flac,0
/data/DATASETS/ASV_Spoof_2019_LA/ASVspoof2019_LA_dev/flac/LA_D_6022982.flac,0
/data/DATASETS/ASV_Spoof_2019_LA/ASVspoof2019_LA_eval/flac/LA_E_7173780.flac,0
/data/DATASETS/ASV_Spoof_2019_LA/ASVspoof2019_LA_eval/flac/LA_E_4690410.flac,0
/data/DATASETS/ASV_Spoof_2019_LA/ASVspoof2019_LA_train/flac/LA_T_7468662.flac,0
/data/DATASETS/ASV_Spoof_2019_LA/ASVspoof2019_LA_train/flac/LA_T_4829875.flac,0
/data/DATASETS/ASV_Spoof_2019_LA/ASVspoof2019_LA_eval/flac/LA_E_8469367.flac,0
/data/DATASETS/ASV_Spoof_2019_LA/ASVspoof2019_LA_train/flac/LA_T_7566003.flac,0
/data/DATASETS/ASV_Spoof_2019_LA/ASVspoof2019_LA_eval/flac/LA_E_8958353.flac,0
/data/DATASETS/ASV_Spoof_2019_LA/ASVspoof2019_LA_dev/flac/LA_D_2423683.flac,0
/data/DATASETS/ASV_Spoof_2019_LA/ASVspoof2019_LA_train/flac/LA_T_9985180.flac,0
/data/DATASETS/ASV_Spoof_2019_LA/ASVspoof2019_LA_eval/flac/LA_E_4502555.flac,0
/data/DATASETS/ASV_Spoof_2019_LA/ASVspoof2019_LA_eval/flac/LA_E_1847409.flac,0
/data/DATASETS/ASV_Spoof_2019_LA/ASVspoof2019_LA_eval/flac/LA_E_4972576.flac,0
/data/DATASETS/ASV_Spoof_2019_LA/ASVspoof2019_LA_dev/flac/LA_D_6266231.flac,0
/data/DATASETS/ASV_Spoof_2019_LA/ASVspoof2019_LA_dev/flac/LA_D_8858517.flac,0
/data/DATASETS/ASV_Spoof_2019_LA/ASVspoof2019_LA_dev/flac/LA_D_9224096.flac,0
/data/DATASETS/ASV_Spoof_2019_LA/ASVspoof2019_LA_dev/flac/LA_D_4717087.flac,0
/data/DATASETS/ASV_Spoof_2019_LA/ASVspoof2019_LA_eval/flac/LA_E_5141815.flac,0
/data/DATASETS/ASV_Spoof_2019_LA/ASVspoof2019_LA_train/flac/LA_T_9429183.flac,0
/data/DATASETS/ASV_Spoof_2019_LA/ASVspoof2019_LA_eval/flac/LA_E_6676712.flac,0
/data/DATASETS/ASV_Spoof_2019_LA/ASVspoof2019_LA_eval/flac/LA_E_1727087.flac,0
/data/DATASETS/ASV_Spoof_2019_LA/ASVspoof2019_LA_eval/flac/LA_E_5380898.flac,0
/data/DATASETS/ASV_Spoof_2019_LA/ASVspoof2019_LA_train/flac/LA_T_8219979.flac,0
/data/DATASETS/ASV_Spoof_2019_LA/ASVspoof2019_LA_eval/flac/LA_E_1178770.flac,0
/data/DATASETS/ASV_Spoof_2019_LA/ASVspoof2019_LA_eval/flac/LA_E_7108280.flac,0
/data/DATASETS/ASV_Spoof_2019_LA/ASVspoof2019_LA_eval/flac/LA_E_6435181.flac,0
/data/DATASETS/ASV_Spoof_2019_LA/ASVspoof2019_LA_eval/flac/LA_E_1056200.flac,0
/data/DATASETS/ASV_Spoof_2019_LA/ASVspoof2019_LA_eval/flac/LA_E_8132591.flac,0
/data/DATASETS/ASV_Spoof_2019_LA/ASVspoof2019_LA_eval/flac/LA_E_4732021.flac,0
/data/DATASETS/ASV_Spoof_2019_LA/ASVspoof2019_LA_eval/flac/LA_E_6533114.flac,0
/data/DATASETS/ASV_Spoof_2019_LA/ASVspoof2019_LA_dev/flac/LA_D_6442014.flac,0
/data/DATASETS/ASV_Spoof_2019_LA/ASVspoof2019_LA_train/flac/LA_T_5570263.flac,0
/data/DATASETS/ASV_Spoof_2019_LA/ASVspoof2019_LA_eval/flac/LA_E_6700417.flac,0
/data/DATASETS/ASV_Spoof_2019_LA/ASVspoof2019_LA_eval/flac/LA_E_2801699.flac,0
/data/DATASETS/ASV_Spoof_2019_LA/ASVspoof2019_LA_eval/flac/LA_E_4844148.flac,0
/data/DATASETS/ASV_Spoof_2019_LA/ASVspoof2019_LA_train/flac/LA_T_3624315.flac,0
/data/DATASETS/ASV_Spoof_2019_LA/ASVspoof2019_LA_eval/flac/LA_E_4028775.flac,0
/data/DATASETS/ASV_Spoof_2019_LA/ASVspoof2019_LA_eval/flac/LA_E_2736649.flac,0
/data/DATASETS/ASV_Spoof_2019_LA/ASVspoof2019_LA_dev/flac/LA_D_9954386.flac,0
/data/DATASETS/ASV_Spoof_2019_LA/ASVspoof2019_LA_train/flac/LA_T_5294797.flac,0
/data/DATASETS/ASV_Spoof_2019_LA/ASVspoof2019_LA_eval/flac/LA_E_6210202.flac,0
/data/DATASETS/ASV_Spoof_2019_LA/ASVspoof2019_LA_eval/flac/LA_E_4005416.flac,0
/data/DATASETS/ASV_Spoof_2019_LA/ASVspoof2019_LA_dev/flac/LA_D_4621778.flac,0
/data/DATASETS/ASV_Spoof_2019_LA/ASVspoof2019_LA_dev/flac/LA_D_4947147.flac,0
/data/DATASETS/ASV_Spoof_2019_LA/ASVspoof2019_LA_dev/flac/LA_D_1702465.flac,0
/data/DATASETS/ASV_Spoof_2019_LA/ASVspoof2019_LA_eval/flac/LA_E_6424300.flac,0
/data/DATASETS/ASV_Spoof_2019_LA/ASVspoof2019_LA_eval/flac/LA_E_2700528.flac,0
/data/DATASETS/ASV_Spoof_2019_LA/ASVspoof2019_LA_train/flac/LA_T_1011221.flac,0
/data/DATASETS/ASV_Spoof_2019_LA/ASVspoof2019_LA_eval/flac/LA_E_6166417.flac,0
/data/DATASETS/ASV_Spoof_2019_LA/ASVspoof2019_LA_dev/flac/LA_D_8830828.flac,0
/data/DATASETS/ASV_Spoof_2019_LA/ASVspoof2019_LA_dev/flac/LA_D_7174977.flac,0
/data/DATASETS/ASV_Spoof_2019_LA/ASVspoof2019_LA_dev/flac/LA_D_1782314.flac,0
/data/DATASETS/ASV_Spoof_2019_LA/ASVspoof2019_LA_eval/flac/LA_E_9784678.flac,0
/data/DATASETS/ASV_Spoof_2019_LA/ASVspoof2019_LA_train/flac/LA_T_9741234.flac,0
/data/DATASETS/ASV_Spoof_2019_LA/ASVspoof2019_LA_eval/flac/LA_E_1109484.flac,0
/data/DATASETS/ASV_Spoof_2019_LA/ASVspoof2019_LA_train/flac/LA_T_6721654.flac,0
/data/DATASETS/ASV_Spoof_2019_LA/ASVspoof2019_LA_eval/flac/LA_E_9683949.flac,0
/data/DATASETS/ASV_Spoof_2019_LA/ASVspoof2019_LA_eval/flac/LA_E_2492310.flac,0
/data/DATASETS/ASV_Spoof_2019_LA/ASVspoof2019_LA_eval/flac/LA_E_9553377.flac,0
/data/DATASETS/ASV_Spoof_2019_LA/ASVspoof2019_LA_train/flac/LA_T_8420146.flac,0
/data/DATASETS/ASV_Spoof_2019_LA/ASVspoof2019_LA_eval/flac/LA_E_2952558.flac,0
/data/DATASETS/ASV_Spoof_2019_LA/ASVspoof2019_LA_dev/flac/LA_D_4644831.flac,0
/data/DATASETS/ASV_Spoof_2019_LA/ASVspoof2019_LA_eval/flac/LA_E_1962518.flac,0
/data/DATASETS/ASV_Spoof_2019_LA/ASVspoof2019_LA_train/flac/LA_T_6474082.flac,0
/data/DATASETS/ASV_Spoof_2019_LA/ASVspoof2019_LA_dev/flac/LA_D_3410479.flac,0
/data/DATASETS/ASV_Spoof_2019_LA/ASVspoof2019_LA_eval/flac/LA_E_3534648.flac,0
/data/DATASETS/ASV_Spoof_2019_LA/ASVspoof2019_LA_eval/flac/LA_E_7413829.flac,0
/data/DATASETS/ASV_Spoof_2019_LA/ASVspoof2019_LA_eval/flac/LA_E_6551658.flac,0
/data/DATASETS/ASV_Spoof_2019_LA/ASVspoof2019_LA_eval/flac/LA_E_7629534.flac,0
/data/DATASETS/ASV_Spoof_2019_LA/ASVspoof2019_LA_eval/flac/LA_E_3394900.flac,0
/data/DATASETS/ASV_Spoof_2019_LA/ASVspoof2019_LA_eval/flac/LA_E_6443149.flac,0
/data/DATASETS/ASV_Spoof_2019_LA/ASVspoof2019_LA_eval/flac/LA_E_9305358.flac,0
/data/DATASETS/ASV_Spoof_2019_LA/ASVspoof2019_LA_eval/flac/LA_E_8012752.flac,0
/data/DATASETS/ASV_Spoof_2019_LA/ASVspoof2019_LA_train/flac/LA_T_4350540.flac,0
/data/DATASETS/ASV_Spoof_2019_LA/ASVspoof2019_LA_train/flac/LA_T_7833340.flac,0
/data/DATASETS/ASV_Spoof_2019_LA/ASVspoof2019_LA_eval/flac/LA_E_3957776.flac,0
/data/DATASETS/ASV_Spoof_2019_LA/ASVspoof2019_LA_eval/flac/LA_E_1577905.flac,0
/data/DATASETS/ASV_Spoof_2019_LA/ASVspoof2019_LA_eval/flac/LA_E_3669144.flac,0
/data/DATASETS/ASV_Spoof_2019_LA/ASVspoof2019_LA_eval/flac/LA_E_4484151.flac,0
/data/DATASETS/ASV_Spoof_2019_LA/ASVspoof2019_LA_dev/flac/LA_D_4354056.flac,0
/data/DATASETS/ASV_Spoof_2019_LA/ASVspoof2019_LA_eval/flac/LA_E_4361685.flac,0
/data/DATASETS/ASV_Spoof_2019_LA/ASVspoof2019_LA_eval/flac/LA_E_6840876.flac,0
/data/DATASETS/ASV_Spoof_2019_LA/ASVspoof2019_LA_train/flac/LA_T_4983711.flac,0
/data/DATASETS/ASV_Spoof_2019_LA/ASVspoof2019_LA_dev/flac/LA_D_6756553.flac,0
/data/DATASETS/ASV_Spoof_2019_LA/ASVspoof2019_LA_train/flac/LA_T_2824772.flac,0
/data/DATASETS/ASV_Spoof_2019_LA/ASVspoof2019_LA_eval/flac/LA_E_8325577.flac,0
/data/DATASETS/ASV_Spoof_2019_LA/ASVspoof2019_LA_eval/flac/LA_E_3450829.flac,0
/data/DATASETS/ASV_Spoof_2019_LA/ASVspoof2019_LA_eval/flac/LA_E_9617850.flac,0
/data/DATASETS/ASV_Spoof_2019_LA/ASVspoof2019_LA_eval/flac/LA_E_4879321.flac,0
/data/DATASETS/ASV_Spoof_2019_LA/ASVspoof2019_LA_eval/flac/LA_E_4392171.flac,0
/data/DATASETS/ASV_Spoof_2019_LA/ASVspoof2019_LA_eval/flac/LA_E_8840762.flac,0
/data/DATASETS/ASV_Spoof_2019_LA/ASVspoof2019_LA_train/flac/LA_T_6869508.flac,0
/data/DATASETS/ASV_Spoof_2019_LA/ASVspoof2019_LA_eval/flac/LA_E_8845051.flac,0
/data/DATASETS/ASV_Spoof_2019_LA/ASVspoof2019_LA_dev/flac/LA_D_1423006.flac,0
/data/DATASETS/ASV_Spoof_2019_LA/ASVspoof2019_LA_eval/flac/LA_E_3604392.flac,0
/data/DATASETS/ASV_Spoof_2019_LA/ASVspoof2019_LA_train/flac/LA_T_7231745.flac,0
/data/DATASETS/ASV_Spoof_2019_LA/ASVspoof2019_LA_eval/flac/LA_E_9147004.flac,0
/data/DATASETS/ASV_Spoof_2019_LA/ASVspoof2019_LA_eval/flac/LA_E_5258632.flac,0
/data/DATASETS/ASV_Spoof_2019_LA/ASVspoof2019_LA_eval/flac/LA_E_5095942.flac,0
/data/DATASETS/ASV_Spoof_2019_LA/ASVspoof2019_LA_dev/flac/LA_D_5113023.flac,0
/data/DATASETS/ASV_Spoof_2019_LA/ASVspoof2019_LA_eval/flac/LA_E_3508786.flac,0
/data/DATASETS/ASV_Spoof_2019_LA/ASVspoof2019_LA_eval/flac/LA_E_2606361.flac,0
/data/DATASETS/ASV_Spoof_2019_LA/ASVspoof2019_LA_train/flac/LA_T_3800372.flac,0
/data/DATASETS/ASV_Spoof_2019_LA/ASVspoof2019_LA_eval/flac/LA_E_9756689.flac,0
/data/DATASETS/ASV_Spoof_2019_LA/ASVspoof2019_LA_eval/flac/LA_E_4065530.flac,0
/data/DATASETS/ASV_Spoof_2019_LA/ASVspoof2019_LA_dev/flac/LA_D_9076677.flac,0
/data/DATASETS/ASV_Spoof_2019_LA/ASVspoof2019_LA_train/flac/LA_T_4820938.flac,0
/data/DATASETS/ASV_Spoof_2019_LA/ASVspoof2019_LA_train/flac/LA_T_8220892.flac,0
/data/DATASETS/ASV_Spoof_2019_LA/ASVspoof2019_LA_train/flac/LA_T_6859654.flac,0
/data/DATASETS/ASV_Spoof_2019_LA/ASVspoof2019_LA_eval/flac/LA_E_2088618.flac,0
/data/DATASETS/ASV_Spoof_2019_LA/ASVspoof2019_LA_eval/flac/LA_E_2726058.flac,0
/data/DATASETS/ASV_Spoof_2019_LA/ASVspoof2019_LA_dev/flac/LA_D_1733691.flac,0
/data/DATASETS/ASV_Spoof_2019_LA/ASVspoof2019_LA_eval/flac/LA_E_4432811.flac,0
/data/DATASETS/ASV_Spoof_2019_LA/ASVspoof2019_LA_eval/flac/LA_E_6564577.flac,0
/data/DATASETS/ASV_Spoof_2019_LA/ASVspoof2019_LA_train/flac/LA_T_6321801.flac,0
/data/DATASETS/ASV_Spoof_2019_LA/ASVspoof2019_LA_eval/flac/LA_E_3289935.flac,0
/data/DATASETS/ASV_Spoof_2019_LA/ASVspoof2019_LA_train/flac/LA_T_3226056.flac,0
/data/DATASETS/ASV_Spoof_2019_LA/ASVspoof2019_LA_eval/flac/LA_E_1499253.flac,0
/data/DATASETS/ASV_Spoof_2019_LA/ASVspoof2019_LA_train/flac/LA_T_3249684.flac,0
/data/DATASETS/ASV_Spoof_2019_LA/ASVspoof2019_LA_eval/flac/LA_E_4291758.flac,0
/data/DATASETS/ASV_Spoof_2019_LA/ASVspoof2019_LA_dev/flac/LA_D_3773719.flac,0
/data/DATASETS/ASV_Spoof_2019_LA/ASVspoof2019_LA_train/flac/LA_T_6999716.flac,0
/data/DATASETS/ASV_Spoof_2019_LA/ASVspoof2019_LA_train/flac/LA_T_9905136.flac,0
/data/DATASETS/ASV_Spoof_2019_LA/ASVspoof2019_LA_eval/flac/LA_E_7985733.flac,0
/data/DATASETS/ASV_Spoof_2019_LA/ASVspoof2019_LA_eval/flac/LA_E_3003997.flac,0
/data/DATASETS/ASV_Spoof_2019_LA/ASVspoof2019_LA_dev/flac/LA_D_2436364.flac,0
/data/DATASETS/ASV_Spoof_2019_LA/ASVspoof2019_LA_train/flac/LA_T_7034456.flac,0
/data/DATASETS/ASV_Spoof_2019_LA/ASVspoof2019_LA_eval/flac/LA_E_3235811.flac,0
/data/DATASETS/ASV_Spoof_2019_LA/ASVspoof2019_LA_eval/flac/LA_E_1911910.flac,0
/data/DATASETS/ASV_Spoof_2019_LA/ASVspoof2019_LA_train/flac/LA_T_4594945.flac,0
/data/DATASETS/ASV_Spoof_2019_LA/ASVspoof2019_LA_train/flac/LA_T_3424442.flac,0
/data/DATASETS/ASV_Spoof_2019_LA/ASVspoof2019_LA_eval/flac/LA_E_8613760.flac,0
/data/DATASETS/ASV_Spoof_2019_LA/ASVspoof2019_LA_eval/flac/LA_E_7055986.flac,0
/data/DATASETS/ASV_Spoof_2019_LA/ASVspoof2019_LA_dev/flac/LA_D_1047731.flac,0
/data/DATASETS/ASV_Spoof_2019_LA/ASVspoof2019_LA_dev/flac/LA_D_1792486.flac,0
/data/DATASETS/ASV_Spoof_2019_LA/ASVspoof2019_LA_eval/flac/LA_E_3727595.flac,0
/data/DATASETS/ASV_Spoof_2019_LA/ASVspoof2019_LA_eval/flac/LA_E_4479093.flac,0
/data/DATASETS/ASV_Spoof_2019_LA/ASVspoof2019_LA_eval/flac/LA_E_7527168.flac,0
/data/DATASETS/ASV_Spoof_2019_LA/ASVspoof2019_LA_train/flac/LA_T_2732709.flac,0
/data/DATASETS/ASV_Spoof_2019_LA/ASVspoof2019_LA_train/flac/LA_T_5207966.flac,0
/data/DATASETS/ASV_Spoof_2019_LA/ASVspoof2019_LA_eval/flac/LA_E_1694072.flac,0
/data/DATASETS/ASV_Spoof_2019_LA/ASVspoof2019_LA_eval/flac/LA_E_8734813.flac,0
/data/DATASETS/ASV_Spoof_2019_LA/ASVspoof2019_LA_eval/flac/LA_E_9857129.flac,0
/data/DATASETS/ASV_Spoof_2019_LA/ASVspoof2019_LA_eval/flac/LA_E_6580072.flac,0
/data/DATASETS/ASV_Spoof_2019_LA/ASVspoof2019_LA_eval/flac/LA_E_9213555.flac,0
/data/DATASETS/ASV_Spoof_2019_LA/ASVspoof2019_LA_eval/flac/LA_E_6234304.flac,0
/data/DATASETS/ASV_Spoof_2019_LA/ASVspoof2019_LA_dev/flac/LA_D_1585215.flac,0
/data/DATASETS/ASV_Spoof_2019_LA/ASVspoof2019_LA_dev/flac/LA_D_2005171.flac,0
/data/DATASETS/ASV_Spoof_2019_LA/ASVspoof2019_LA_eval/flac/LA_E_2054718.flac,0
/data/DATASETS/ASV_Spoof_2019_LA/ASVspoof2019_LA_eval/flac/LA_E_1152151.flac,0
/data/DATASETS/ASV_Spoof_2019_LA/ASVspoof2019_LA_dev/flac/LA_D_3553954.flac,0
/data/DATASETS/ASV_Spoof_2019_LA/ASVspoof2019_LA_eval/flac/LA_E_6365036.flac,0
/data/DATASETS/ASV_Spoof_2019_LA/ASVspoof2019_LA_eval/flac/LA_E_7014645.flac,0
/data/DATASETS/ASV_Spoof_2019_LA/ASVspoof2019_LA_dev/flac/LA_D_9065762.flac,0
/data/DATASETS/ASV_Spoof_2019_LA/ASVspoof2019_LA_dev/flac/LA_D_8220866.flac,0
/data/DATASETS/ASV_Spoof_2019_LA/ASVspoof2019_LA_train/flac/LA_T_1667973.flac,0
/data/DATASETS/ASV_Spoof_2019_LA/ASVspoof2019_LA_eval/flac/LA_E_7091021.flac,0
/data/DATASETS/ASV_Spoof_2019_LA/ASVspoof2019_LA_eval/flac/LA_E_4727518.flac,0
/data/DATASETS/ASV_Spoof_2019_LA/ASVspoof2019_LA_eval/flac/LA_E_9759915.flac,0
/data/DATASETS/ASV_Spoof_2019_LA/ASVspoof2019_LA_dev/flac/LA_D_4378600.flac,0
/data/DATASETS/ASV_Spoof_2019_LA/ASVspoof2019_LA_eval/flac/LA_E_6578760.flac,0
/data/DATASETS/ASV_Spoof_2019_LA/ASVspoof2019_LA_eval/flac/LA_E_5845399.flac,0
/data/DATASETS/ASV_Spoof_2019_LA/ASVspoof2019_LA_eval/flac/LA_E_1428234.flac,0
/data/DATASETS/ASV_Spoof_2019_LA/ASVspoof2019_LA_eval/flac/LA_E_3419023.flac,0
/data/DATASETS/ASV_Spoof_2019_LA/ASVspoof2019_LA_dev/flac/LA_D_9134844.flac,0
/data/DATASETS/ASV_Spoof_2019_LA/ASVspoof2019_LA_eval/flac/LA_E_3003169.flac,0
/data/DATASETS/ASV_Spoof_2019_LA/ASVspoof2019_LA_eval/flac/LA_E_1526839.flac,0
/data/DATASETS/ASV_Spoof_2019_LA/ASVspoof2019_LA_dev/flac/LA_D_9239572.flac,0
/data/DATASETS/ASV_Spoof_2019_LA/ASVspoof2019_LA_train/flac/LA_T_7179410.flac,0
/data/DATASETS/ASV_Spoof_2019_LA/ASVspoof2019_LA_eval/flac/LA_E_4424955.flac,0
/data/DATASETS/ASV_Spoof_2019_LA/ASVspoof2019_LA_train/flac/LA_T_2959505.flac,0
/data/DATASETS/ASV_Spoof_2019_LA/ASVspoof2019_LA_eval/flac/LA_E_6580034.flac,0
/data/DATASETS/ASV_Spoof_2019_LA/ASVspoof2019_LA_train/flac/LA_T_7988057.flac,0
/data/DATASETS/ASV_Spoof_2019_LA/ASVspoof2019_LA_eval/flac/LA_E_3889864.flac,0
/data/DATASETS/ASV_Spoof_2019_LA/ASVspoof2019_LA_train/flac/LA_T_3396974.flac,0
/data/DATASETS/ASV_Spoof_2019_LA/ASVspoof2019_LA_train/flac/LA_T_5208337.flac,0
/data/DATASETS/ASV_Spoof_2019_LA/ASVspoof2019_LA_train/flac/LA_T_7953863.flac,0
/data/DATASETS/ASV_Spoof_2019_LA/ASVspoof2019_LA_train/flac/LA_T_4097500.flac,0
/data/DATASETS/ASV_Spoof_2019_LA/ASVspoof2019_LA_eval/flac/LA_E_7061991.flac,0
/data/DATASETS/ASV_Spoof_2019_LA/ASVspoof2019_LA_dev/flac/LA_D_6368049.flac,0
/data/DATASETS/ASV_Spoof_2019_LA/ASVspoof2019_LA_eval/flac/LA_E_9074443.flac,0
/data/DATASETS/ASV_Spoof_2019_LA/ASVspoof2019_LA_eval/flac/LA_E_7194580.flac,0
/data/DATASETS/ASV_Spoof_2019_LA/ASVspoof2019_LA_dev/flac/LA_D_1766721.flac,0
/data/DATASETS/ASV_Spoof_2019_LA/ASVspoof2019_LA_eval/flac/LA_E_9441315.flac,0
/data/DATASETS/ASV_Spoof_2019_LA/ASVspoof2019_LA_train/flac/LA_T_3119779.flac,0
/data/DATASETS/ASV_Spoof_2019_LA/ASVspoof2019_LA_train/flac/LA_T_6858471.flac,0
/data/DATASETS/ASV_Spoof_2019_LA/ASVspoof2019_LA_train/flac/LA_T_2476165.flac,0
/data/DATASETS/ASV_Spoof_2019_LA/ASVspoof2019_LA_dev/flac/LA_D_6549373.flac,0
/data/DATASETS/ASV_Spoof_2019_LA/ASVspoof2019_LA_train/flac/LA_T_2925763.flac,0
/data/DATASETS/ASV_Spoof_2019_LA/ASVspoof2019_LA_train/flac/LA_T_3524074.flac,0
/data/DATASETS/ASV_Spoof_2019_LA/ASVspoof2019_LA_eval/flac/LA_E_3966692.flac,0
/data/DATASETS/ASV_Spoof_2019_LA/ASVspoof2019_LA_eval/flac/LA_E_3654301.flac,0
/data/DATASETS/ASV_Spoof_2019_LA/ASVspoof2019_LA_eval/flac/LA_E_2908881.flac,0
/data/DATASETS/ASV_Spoof_2019_LA/ASVspoof2019_LA_eval/flac/LA_E_6816772.flac,0
/data/DATASETS/ASV_Spoof_2019_LA/ASVspoof2019_LA_train/flac/LA_T_9392152.flac,0
/data/DATASETS/ASV_Spoof_2019_LA/ASVspoof2019_LA_dev/flac/LA_D_8899399.flac,0
/data/DATASETS/ASV_Spoof_2019_LA/ASVspoof2019_LA_eval/flac/LA_E_7098072.flac,0
/data/DATASETS/ASV_Spoof_2019_LA/ASVspoof2019_LA_train/flac/LA_T_9363134.flac,0
/data/DATASETS/ASV_Spoof_2019_LA/ASVspoof2019_LA_eval/flac/LA_E_6918566.flac,0
/data/DATASETS/ASV_Spoof_2019_LA/ASVspoof2019_LA_dev/flac/LA_D_1199158.flac,0
/data/DATASETS/ASV_Spoof_2019_LA/ASVspoof2019_LA_eval/flac/LA_E_9168157.flac,0
/data/DATASETS/ASV_Spoof_2019_LA/ASVspoof2019_LA_eval/flac/LA_E_6598946.flac,0
/data/DATASETS/ASV_Spoof_2019_LA/ASVspoof2019_LA_eval/flac/LA_E_7200211.flac,0
/data/DATASETS/ASV_Spoof_2019_LA/ASVspoof2019_LA_eval/flac/LA_E_7796884.flac,0
/data/DATASETS/ASV_Spoof_2019_LA/ASVspoof2019_LA_eval/flac/LA_E_3695936.flac,0
/data/DATASETS/ASV_Spoof_2019_LA/ASVspoof2019_LA_eval/flac/LA_E_9011334.flac,0
/data/DATASETS/ASV_Spoof_2019_LA/ASVspoof2019_LA_eval/flac/LA_E_9983031.flac,0
/data/DATASETS/ASV_Spoof_2019_LA/ASVspoof2019_LA_eval/flac/LA_E_5295264.flac,0
/data/DATASETS/ASV_Spoof_2019_LA/ASVspoof2019_LA_dev/flac/LA_D_4796882.flac,0
/data/DATASETS/ASV_Spoof_2019_LA/ASVspoof2019_LA_eval/flac/LA_E_8284527.flac,0
/data/DATASETS/ASV_Spoof_2019_LA/ASVspoof2019_LA_dev/flac/LA_D_5256199.flac,0
/data/DATASETS/ASV_Spoof_2019_LA/ASVspoof2019_LA_eval/flac/LA_E_1008476.flac,0
/data/DATASETS/ASV_Spoof_2019_LA/ASVspoof2019_LA_eval/flac/LA_E_3721488.flac,0
/data/DATASETS/ASV_Spoof_2019_LA/ASVspoof2019_LA_train/flac/LA_T_7441106.flac,0
/data/DATASETS/ASV_Spoof_2019_LA/ASVspoof2019_LA_train/flac/LA_T_5889565.flac,0
/data/DATASETS/ASV_Spoof_2019_LA/ASVspoof2019_LA_eval/flac/LA_E_4576020.flac,0
/data/DATASETS/ASV_Spoof_2019_LA/ASVspoof2019_LA_eval/flac/LA_E_5541465.flac,0
/data/DATASETS/ASV_Spoof_2019_LA/ASVspoof2019_LA_eval/flac/LA_E_9236803.flac,0
/data/DATASETS/ASV_Spoof_2019_LA/ASVspoof2019_LA_eval/flac/LA_E_2711527.flac,0
/data/DATASETS/ASV_Spoof_2019_LA/ASVspoof2019_LA_eval/flac/LA_E_5790729.flac,0
/data/DATASETS/ASV_Spoof_2019_LA/ASVspoof2019_LA_train/flac/LA_T_7972168.flac,0
/data/DATASETS/ASV_Spoof_2019_LA/ASVspoof2019_LA_eval/flac/LA_E_3958143.flac,0
/data/DATASETS/ASV_Spoof_2019_LA/ASVspoof2019_LA_eval/flac/LA_E_9939629.flac,0
/data/DATASETS/ASV_Spoof_2019_LA/ASVspoof2019_LA_eval/flac/LA_E_8554579.flac,0
/data/DATASETS/ASV_Spoof_2019_LA/ASVspoof2019_LA_eval/flac/LA_E_4809935.flac,0
/data/DATASETS/ASV_Spoof_2019_LA/ASVspoof2019_LA_eval/flac/LA_E_4595690.flac,0
/data/DATASETS/ASV_Spoof_2019_LA/ASVspoof2019_LA_eval/flac/LA_E_2321550.flac,0
/data/DATASETS/ASV_Spoof_2019_LA/ASVspoof2019_LA_dev/flac/LA_D_9126745.flac,0
/data/DATASETS/ASV_Spoof_2019_LA/ASVspoof2019_LA_eval/flac/LA_E_7105640.flac,0
/data/DATASETS/ASV_Spoof_2019_LA/ASVspoof2019_LA_eval/flac/LA_E_7580717.flac,0
/data/DATASETS/ASV_Spoof_2019_LA/ASVspoof2019_LA_dev/flac/LA_D_1760472.flac,0
/data/DATASETS/ASV_Spoof_2019_LA/ASVspoof2019_LA_train/flac/LA_T_2545938.flac,0
/data/DATASETS/ASV_Spoof_2019_LA/ASVspoof2019_LA_eval/flac/LA_E_7267098.flac,0
/data/DATASETS/ASV_Spoof_2019_LA/ASVspoof2019_LA_eval/flac/LA_E_1867670.flac,0
/data/DATASETS/ASV_Spoof_2019_LA/ASVspoof2019_LA_train/flac/LA_T_8337767.flac,0
/data/DATASETS/ASV_Spoof_2019_LA/ASVspoof2019_LA_eval/flac/LA_E_2993349.flac,0
/data/DATASETS/ASV_Spoof_2019_LA/ASVspoof2019_LA_eval/flac/LA_E_4868247.flac,0
/data/DATASETS/ASV_Spoof_2019_LA/ASVspoof2019_LA_eval/flac/LA_E_4297528.flac,0
/data/DATASETS/ASV_Spoof_2019_LA/ASVspoof2019_LA_train/flac/LA_T_1388480.flac,0
/data/DATASETS/ASV_Spoof_2019_LA/ASVspoof2019_LA_dev/flac/LA_D_7097684.flac,0
/data/DATASETS/ASV_Spoof_2019_LA/ASVspoof2019_LA_dev/flac/LA_D_7269236.flac,0
/data/DATASETS/ASV_Spoof_2019_LA/ASVspoof2019_LA_eval/flac/LA_E_1310240.flac,0
/data/DATASETS/ASV_Spoof_2019_LA/ASVspoof2019_LA_train/flac/LA_T_1261884.flac,0
/data/DATASETS/ASV_Spoof_2019_LA/ASVspoof2019_LA_eval/flac/LA_E_2470248.flac,0
/data/DATASETS/ASV_Spoof_2019_LA/ASVspoof2019_LA_dev/flac/LA_D_8099644.flac,0
/data/DATASETS/ASV_Spoof_2019_LA/ASVspoof2019_LA_train/flac/LA_T_4215705.flac,0
/data/DATASETS/ASV_Spoof_2019_LA/ASVspoof2019_LA_eval/flac/LA_E_7620884.flac,0
/data/DATASETS/ASV_Spoof_2019_LA/ASVspoof2019_LA_eval/flac/LA_E_4221253.flac,0
/data/DATASETS/ASV_Spoof_2019_LA/ASVspoof2019_LA_eval/flac/LA_E_5380955.flac,0
/data/DATASETS/ASV_Spoof_2019_LA/ASVspoof2019_LA_train/flac/LA_T_4270225.flac,0
/data/DATASETS/ASV_Spoof_2019_LA/ASVspoof2019_LA_eval/flac/LA_E_5518953.flac,0
/data/DATASETS/ASV_Spoof_2019_LA/ASVspoof2019_LA_eval/flac/LA_E_2491198.flac,0
/data/DATASETS/ASV_Spoof_2019_LA/ASVspoof2019_LA_eval/flac/LA_E_9485744.flac,0
/data/DATASETS/ASV_Spoof_2019_LA/ASVspoof2019_LA_eval/flac/LA_E_2243278.flac,0
/data/DATASETS/ASV_Spoof_2019_LA/ASVspoof2019_LA_eval/flac/LA_E_8970114.flac,0
/data/DATASETS/ASV_Spoof_2019_LA/ASVspoof2019_LA_dev/flac/LA_D_3174998.flac,0
/data/DATASETS/ASV_Spoof_2019_LA/ASVspoof2019_LA_eval/flac/LA_E_6372044.flac,0
/data/DATASETS/ASV_Spoof_2019_LA/ASVspoof2019_LA_dev/flac/LA_D_8413105.flac,0
/data/DATASETS/ASV_Spoof_2019_LA/ASVspoof2019_LA_train/flac/LA_T_4827397.flac,0
/data/DATASETS/ASV_Spoof_2019_LA/ASVspoof2019_LA_train/flac/LA_T_8214917.flac,0
/data/DATASETS/ASV_Spoof_2019_LA/ASVspoof2019_LA_eval/flac/LA_E_4312932.flac,0
/data/DATASETS/ASV_Spoof_2019_LA/ASVspoof2019_LA_eval/flac/LA_E_7871281.flac,0
/data/DATASETS/ASV_Spoof_2019_LA/ASVspoof2019_LA_train/flac/LA_T_8780063.flac,0
/data/DATASETS/ASV_Spoof_2019_LA/ASVspoof2019_LA_eval/flac/LA_E_4334707.flac,0
/data/DATASETS/ASV_Spoof_2019_LA/ASVspoof2019_LA_eval/flac/LA_E_9795129.flac,0
/data/DATASETS/ASV_Spoof_2019_LA/ASVspoof2019_LA_eval/flac/LA_E_9309205.flac,0
/data/DATASETS/ASV_Spoof_2019_LA/ASVspoof2019_LA_train/flac/LA_T_7429069.flac,0
/data/DATASETS/ASV_Spoof_2019_LA/ASVspoof2019_LA_dev/flac/LA_D_6027798.flac,0
/data/DATASETS/ASV_Spoof_2019_LA/ASVspoof2019_LA_eval/flac/LA_E_4262706.flac,0
/data/DATASETS/ASV_Spoof_2019_LA/ASVspoof2019_LA_eval/flac/LA_E_1010349.flac,0
/data/DATASETS/ASV_Spoof_2019_LA/ASVspoof2019_LA_dev/flac/LA_D_2990661.flac,0
/data/DATASETS/ASV_Spoof_2019_LA/ASVspoof2019_LA_eval/flac/LA_E_2046006.flac,0
/data/DATASETS/ASV_Spoof_2019_LA/ASVspoof2019_LA_eval/flac/LA_E_7423110.flac,0
/data/DATASETS/ASV_Spoof_2019_LA/ASVspoof2019_LA_eval/flac/LA_E_1351470.flac,0
/data/DATASETS/ASV_Spoof_2019_LA/ASVspoof2019_LA_eval/flac/LA_E_7676231.flac,0
/data/DATASETS/ASV_Spoof_2019_LA/ASVspoof2019_LA_dev/flac/LA_D_1144331.flac,0
/data/DATASETS/ASV_Spoof_2019_LA/ASVspoof2019_LA_eval/flac/LA_E_8021889.flac,0
/data/DATASETS/ASV_Spoof_2019_LA/ASVspoof2019_LA_eval/flac/LA_E_2539023.flac,0
/data/DATASETS/ASV_Spoof_2019_LA/ASVspoof2019_LA_eval/flac/LA_E_6418540.flac,0
/data/DATASETS/ASV_Spoof_2019_LA/ASVspoof2019_LA_eval/flac/LA_E_2461022.flac,0
/data/DATASETS/ASV_Spoof_2019_LA/ASVspoof2019_LA_train/flac/LA_T_4348949.flac,0
/data/DATASETS/ASV_Spoof_2019_LA/ASVspoof2019_LA_eval/flac/LA_E_6680042.flac,0
/data/DATASETS/ASV_Spoof_2019_LA/ASVspoof2019_LA_eval/flac/LA_E_8245080.flac,0
/data/DATASETS/ASV_Spoof_2019_LA/ASVspoof2019_LA_eval/flac/LA_E_9600734.flac,0
/data/DATASETS/ASV_Spoof_2019_LA/ASVspoof2019_LA_dev/flac/LA_D_2850598.flac,0
/data/DATASETS/ASV_Spoof_2019_LA/ASVspoof2019_LA_eval/flac/LA_E_2386709.flac,0
/data/DATASETS/ASV_Spoof_2019_LA/ASVspoof2019_LA_eval/flac/LA_E_1154375.flac,0
/data/DATASETS/ASV_Spoof_2019_LA/ASVspoof2019_LA_eval/flac/LA_E_8499364.flac,0
/data/DATASETS/ASV_Spoof_2019_LA/ASVspoof2019_LA_dev/flac/LA_D_3805241.flac,0
/data/DATASETS/ASV_Spoof_2019_LA/ASVspoof2019_LA_dev/flac/LA_D_5441778.flac,0
/data/DATASETS/ASV_Spoof_2019_LA/ASVspoof2019_LA_dev/flac/LA_D_8729758.flac,0
/data/DATASETS/ASV_Spoof_2019_LA/ASVspoof2019_LA_train/flac/LA_T_2802034.flac,0
/data/DATASETS/ASV_Spoof_2019_LA/ASVspoof2019_LA_train/flac/LA_T_4694860.flac,0
/data/DATASETS/ASV_Spoof_2019_LA/ASVspoof2019_LA_dev/flac/LA_D_5677972.flac,0
/data/DATASETS/ASV_Spoof_2019_LA/ASVspoof2019_LA_eval/flac/LA_E_7202848.flac,0
/data/DATASETS/ASV_Spoof_2019_LA/ASVspoof2019_LA_eval/flac/LA_E_9476762.flac,0
/data/DATASETS/ASV_Spoof_2019_LA/ASVspoof2019_LA_eval/flac/LA_E_3995971.flac,0
/data/DATASETS/ASV_Spoof_2019_LA/ASVspoof2019_LA_eval/flac/LA_E_3821622.flac,0
/data/DATASETS/ASV_Spoof_2019_LA/ASVspoof2019_LA_train/flac/LA_T_4481879.flac,0
/data/DATASETS/ASV_Spoof_2019_LA/ASVspoof2019_LA_eval/flac/LA_E_1399749.flac,0
/data/DATASETS/ASV_Spoof_2019_LA/ASVspoof2019_LA_eval/flac/LA_E_7769419.flac,0
/data/DATASETS/ASV_Spoof_2019_LA/ASVspoof2019_LA_eval/flac/LA_E_5992941.flac,0
/data/DATASETS/ASV_Spoof_2019_LA/ASVspoof2019_LA_train/flac/LA_T_5872172.flac,0
/data/DATASETS/ASV_Spoof_2019_LA/ASVspoof2019_LA_eval/flac/LA_E_6768362.flac,0
/data/DATASETS/ASV_Spoof_2019_LA/ASVspoof2019_LA_eval/flac/LA_E_5068699.flac,0
/data/DATASETS/ASV_Spoof_2019_LA/ASVspoof2019_LA_eval/flac/LA_E_4879578.flac,0
/data/DATASETS/ASV_Spoof_2019_LA/ASVspoof2019_LA_dev/flac/LA_D_6497625.flac,0
/data/DATASETS/ASV_Spoof_2019_LA/ASVspoof2019_LA_dev/flac/LA_D_5203733.flac,0
/data/DATASETS/ASV_Spoof_2019_LA/ASVspoof2019_LA_train/flac/LA_T_8502808.flac,0
/data/DATASETS/ASV_Spoof_2019_LA/ASVspoof2019_LA_eval/flac/LA_E_5159838.flac,0
/data/DATASETS/ASV_Spoof_2019_LA/ASVspoof2019_LA_train/flac/LA_T_4855072.flac,0
/data/DATASETS/ASV_Spoof_2019_LA/ASVspoof2019_LA_train/flac/LA_T_3538502.flac,0
/data/DATASETS/ASV_Spoof_2019_LA/ASVspoof2019_LA_eval/flac/LA_E_9696236.flac,0
/data/DATASETS/ASV_Spoof_2019_LA/ASVspoof2019_LA_eval/flac/LA_E_3190624.flac,0
/data/DATASETS/ASV_Spoof_2019_LA/ASVspoof2019_LA_dev/flac/LA_D_8456792.flac,0
/data/DATASETS/ASV_Spoof_2019_LA/ASVspoof2019_LA_eval/flac/LA_E_9267554.flac,0
/data/DATASETS/ASV_Spoof_2019_LA/ASVspoof2019_LA_eval/flac/LA_E_4595991.flac,0
/data/DATASETS/ASV_Spoof_2019_LA/ASVspoof2019_LA_train/flac/LA_T_2948101.flac,0
/data/DATASETS/ASV_Spoof_2019_LA/ASVspoof2019_LA_train/flac/LA_T_3848963.flac,0
/data/DATASETS/ASV_Spoof_2019_LA/ASVspoof2019_LA_dev/flac/LA_D_7074881.flac,0
/data/DATASETS/ASV_Spoof_2019_LA/ASVspoof2019_LA_eval/flac/LA_E_5466259.flac,0
/data/DATASETS/ASV_Spoof_2019_LA/ASVspoof2019_LA_train/flac/LA_T_9107429.flac,0
/data/DATASETS/ASV_Spoof_2019_LA/ASVspoof2019_LA_eval/flac/LA_E_7118710.flac,0
/data/DATASETS/ASV_Spoof_2019_LA/ASVspoof2019_LA_eval/flac/LA_E_5383852.flac,0
/data/DATASETS/ASV_Spoof_2019_LA/ASVspoof2019_LA_eval/flac/LA_E_9139617.flac,0
/data/DATASETS/ASV_Spoof_2019_LA/ASVspoof2019_LA_eval/flac/LA_E_8012963.flac,0
/data/DATASETS/ASV_Spoof_2019_LA/ASVspoof2019_LA_train/flac/LA_T_4257400.flac,0
/data/DATASETS/ASV_Spoof_2019_LA/ASVspoof2019_LA_dev/flac/LA_D_9241530.flac,0
/data/DATASETS/ASV_Spoof_2019_LA/ASVspoof2019_LA_eval/flac/LA_E_3381313.flac,0
/data/DATASETS/ASV_Spoof_2019_LA/ASVspoof2019_LA_eval/flac/LA_E_2306024.flac,0
/data/DATASETS/ASV_Spoof_2019_LA/ASVspoof2019_LA_train/flac/LA_T_9460886.flac,0
/data/DATASETS/ASV_Spoof_2019_LA/ASVspoof2019_LA_eval/flac/LA_E_1103494.flac,0
/data/DATASETS/ASV_Spoof_2019_LA/ASVspoof2019_LA_eval/flac/LA_E_9789371.flac,0
/data/DATASETS/ASV_Spoof_2019_LA/ASVspoof2019_LA_train/flac/LA_T_4210946.flac,0
/data/DATASETS/ASV_Spoof_2019_LA/ASVspoof2019_LA_eval/flac/LA_E_4211984.flac,0
/data/DATASETS/ASV_Spoof_2019_LA/ASVspoof2019_LA_eval/flac/LA_E_3748829.flac,0
/data/DATASETS/ASV_Spoof_2019_LA/ASVspoof2019_LA_eval/flac/LA_E_5972606.flac,0
/data/DATASETS/ASV_Spoof_2019_LA/ASVspoof2019_LA_eval/flac/LA_E_6570504.flac,0
/data/DATASETS/ASV_Spoof_2019_LA/ASVspoof2019_LA_eval/flac/LA_E_8744591.flac,0
/data/DATASETS/ASV_Spoof_2019_LA/ASVspoof2019_LA_train/flac/LA_T_2139401.flac,0
/data/DATASETS/ASV_Spoof_2019_LA/ASVspoof2019_LA_eval/flac/LA_E_3291135.flac,0
/data/DATASETS/ASV_Spoof_2019_LA/ASVspoof2019_LA_eval/flac/LA_E_2073512.flac,0
/data/DATASETS/ASV_Spoof_2019_LA/ASVspoof2019_LA_eval/flac/LA_E_3987216.flac,0
/data/DATASETS/ASV_Spoof_2019_LA/ASVspoof2019_LA_train/flac/LA_T_9675042.flac,0
/data/DATASETS/ASV_Spoof_2019_LA/ASVspoof2019_LA_train/flac/LA_T_6615690.flac,0
/data/DATASETS/ASV_Spoof_2019_LA/ASVspoof2019_LA_eval/flac/LA_E_7412363.flac,0
/data/DATASETS/ASV_Spoof_2019_LA/ASVspoof2019_LA_eval/flac/LA_E_3197211.flac,0
/data/DATASETS/ASV_Spoof_2019_LA/ASVspoof2019_LA_train/flac/LA_T_2822179.flac,0
/data/DATASETS/ASV_Spoof_2019_LA/ASVspoof2019_LA_dev/flac/LA_D_5334203.flac,0
/data/DATASETS/ASV_Spoof_2019_LA/ASVspoof2019_LA_eval/flac/LA_E_5308374.flac,0
/data/DATASETS/ASV_Spoof_2019_LA/ASVspoof2019_LA_train/flac/LA_T_3831892.flac,0
/data/DATASETS/ASV_Spoof_2019_LA/ASVspoof2019_LA_eval/flac/LA_E_3820046.flac,0
/data/DATASETS/ASV_Spoof_2019_LA/ASVspoof2019_LA_eval/flac/LA_E_2885805.flac,0
/data/DATASETS/ASV_Spoof_2019_LA/ASVspoof2019_LA_eval/flac/LA_E_6102158.flac,0
/data/DATASETS/ASV_Spoof_2019_LA/ASVspoof2019_LA_eval/flac/LA_E_5131937.flac,0
/data/DATASETS/ASV_Spoof_2019_LA/ASVspoof2019_LA_eval/flac/LA_E_9059753.flac,0
/data/DATASETS/ASV_Spoof_2019_LA/ASVspoof2019_LA_eval/flac/LA_E_5154555.flac,0
/data/DATASETS/ASV_Spoof_2019_LA/ASVspoof2019_LA_eval/flac/LA_E_4290803.flac,0
/data/DATASETS/ASV_Spoof_2019_LA/ASVspoof2019_LA_eval/flac/LA_E_3471661.flac,0
/data/DATASETS/ASV_Spoof_2019_LA/ASVspoof2019_LA_eval/flac/LA_E_3477536.flac,0
/data/DATASETS/ASV_Spoof_2019_LA/ASVspoof2019_LA_eval/flac/LA_E_6265563.flac,0
/data/DATASETS/ASV_Spoof_2019_LA/ASVspoof2019_LA_eval/flac/LA_E_4809810.flac,0
/data/DATASETS/ASV_Spoof_2019_LA/ASVspoof2019_LA_eval/flac/LA_E_8733829.flac,0
/data/DATASETS/ASV_Spoof_2019_LA/ASVspoof2019_LA_eval/flac/LA_E_9269932.flac,0
/data/DATASETS/ASV_Spoof_2019_LA/ASVspoof2019_LA_eval/flac/LA_E_5206583.flac,0
/data/DATASETS/ASV_Spoof_2019_LA/ASVspoof2019_LA_dev/flac/LA_D_9610405.flac,0
/data/DATASETS/ASV_Spoof_2019_LA/ASVspoof2019_LA_eval/flac/LA_E_9675420.flac,0
/data/DATASETS/ASV_Spoof_2019_LA/ASVspoof2019_LA_eval/flac/LA_E_9367799.flac,0
/data/DATASETS/ASV_Spoof_2019_LA/ASVspoof2019_LA_train/flac/LA_T_8230959.flac,0
/data/DATASETS/ASV_Spoof_2019_LA/ASVspoof2019_LA_eval/flac/LA_E_1654130.flac,0
/data/DATASETS/ASV_Spoof_2019_LA/ASVspoof2019_LA_eval/flac/LA_E_3471187.flac,0
/data/DATASETS/ASV_Spoof_2019_LA/ASVspoof2019_LA_eval/flac/LA_E_4049611.flac,0
/data/DATASETS/ASV_Spoof_2019_LA/ASVspoof2019_LA_eval/flac/LA_E_3052107.flac,0
/data/DATASETS/ASV_Spoof_2019_LA/ASVspoof2019_LA_eval/flac/LA_E_6012821.flac,0
/data/DATASETS/ASV_Spoof_2019_LA/ASVspoof2019_LA_eval/flac/LA_E_7147053.flac,0
/data/DATASETS/ASV_Spoof_2019_LA/ASVspoof2019_LA_eval/flac/LA_E_7342738.flac,0
/data/DATASETS/ASV_Spoof_2019_LA/ASVspoof2019_LA_eval/flac/LA_E_2384728.flac,0
/data/DATASETS/ASV_Spoof_2019_LA/ASVspoof2019_LA_dev/flac/LA_D_5416674.flac,0
/data/DATASETS/ASV_Spoof_2019_LA/ASVspoof2019_LA_eval/flac/LA_E_8997754.flac,0
/data/DATASETS/ASV_Spoof_2019_LA/ASVspoof2019_LA_eval/flac/LA_E_7346374.flac,0
/data/DATASETS/ASV_Spoof_2019_LA/ASVspoof2019_LA_dev/flac/LA_D_7944573.flac,0
/data/DATASETS/ASV_Spoof_2019_LA/ASVspoof2019_LA_train/flac/LA_T_6222543.flac,0
/data/DATASETS/ASV_Spoof_2019_LA/ASVspoof2019_LA_eval/flac/LA_E_3924660.flac,0
/data/DATASETS/ASV_Spoof_2019_LA/ASVspoof2019_LA_train/flac/LA_T_8763090.flac,0
/data/DATASETS/ASV_Spoof_2019_LA/ASVspoof2019_LA_eval/flac/LA_E_1965693.flac,0
/data/DATASETS/ASV_Spoof_2019_LA/ASVspoof2019_LA_train/flac/LA_T_5127288.flac,0
/data/DATASETS/ASV_Spoof_2019_LA/ASVspoof2019_LA_eval/flac/LA_E_3673703.flac,0
/data/DATASETS/ASV_Spoof_2019_LA/ASVspoof2019_LA_train/flac/LA_T_4147533.flac,0
/data/DATASETS/ASV_Spoof_2019_LA/ASVspoof2019_LA_train/flac/LA_T_8811170.flac,0
/data/DATASETS/ASV_Spoof_2019_LA/ASVspoof2019_LA_train/flac/LA_T_3649480.flac,0
/data/DATASETS/ASV_Spoof_2019_LA/ASVspoof2019_LA_eval/flac/LA_E_5328944.flac,0
/data/DATASETS/ASV_Spoof_2019_LA/ASVspoof2019_LA_eval/flac/LA_E_5360976.flac,0
/data/DATASETS/ASV_Spoof_2019_LA/ASVspoof2019_LA_train/flac/LA_T_7292672.flac,0
/data/DATASETS/ASV_Spoof_2019_LA/ASVspoof2019_LA_eval/flac/LA_E_1341529.flac,0
/data/DATASETS/ASV_Spoof_2019_LA/ASVspoof2019_LA_dev/flac/LA_D_9685348.flac,0
/data/DATASETS/ASV_Spoof_2019_LA/ASVspoof2019_LA_dev/flac/LA_D_5611098.flac,0
/data/DATASETS/ASV_Spoof_2019_LA/ASVspoof2019_LA_eval/flac/LA_E_9138143.flac,0
/data/DATASETS/ASV_Spoof_2019_LA/ASVspoof2019_LA_train/flac/LA_T_3317496.flac,0
/data/DATASETS/ASV_Spoof_2019_LA/ASVspoof2019_LA_eval/flac/LA_E_7645690.flac,0
/data/DATASETS/ASV_Spoof_2019_LA/ASVspoof2019_LA_dev/flac/LA_D_1026868.flac,0
/data/DATASETS/ASV_Spoof_2019_LA/ASVspoof2019_LA_eval/flac/LA_E_3087854.flac,0
/data/DATASETS/ASV_Spoof_2019_LA/ASVspoof2019_LA_eval/flac/LA_E_1528765.flac,0
/data/DATASETS/ASV_Spoof_2019_LA/ASVspoof2019_LA_dev/flac/LA_D_2080977.flac,0
/data/DATASETS/ASV_Spoof_2019_LA/ASVspoof2019_LA_dev/flac/LA_D_6749976.flac,0
/data/DATASETS/ASV_Spoof_2019_LA/ASVspoof2019_LA_eval/flac/LA_E_5498097.flac,0
/data/DATASETS/ASV_Spoof_2019_LA/ASVspoof2019_LA_eval/flac/LA_E_9505288.flac,0
/data/DATASETS/ASV_Spoof_2019_LA/ASVspoof2019_LA_eval/flac/LA_E_9797501.flac,0
/data/DATASETS/ASV_Spoof_2019_LA/ASVspoof2019_LA_eval/flac/LA_E_2420846.flac,0
/data/DATASETS/ASV_Spoof_2019_LA/ASVspoof2019_LA_train/flac/LA_T_2699884.flac,0
/data/DATASETS/ASV_Spoof_2019_LA/ASVspoof2019_LA_eval/flac/LA_E_4007647.flac,0
/data/DATASETS/ASV_Spoof_2019_LA/ASVspoof2019_LA_eval/flac/LA_E_4520592.flac,0
/data/DATASETS/ASV_Spoof_2019_LA/ASVspoof2019_LA_dev/flac/LA_D_7460902.flac,0
/data/DATASETS/ASV_Spoof_2019_LA/ASVspoof2019_LA_eval/flac/LA_E_8108581.flac,0
/data/DATASETS/ASV_Spoof_2019_LA/ASVspoof2019_LA_eval/flac/LA_E_1861903.flac,0
/data/DATASETS/ASV_Spoof_2019_LA/ASVspoof2019_LA_eval/flac/LA_E_9271158.flac,0
/data/DATASETS/ASV_Spoof_2019_LA/ASVspoof2019_LA_eval/flac/LA_E_5719741.flac,0
/data/DATASETS/ASV_Spoof_2019_LA/ASVspoof2019_LA_train/flac/LA_T_6413549.flac,0
/data/DATASETS/ASV_Spoof_2019_LA/ASVspoof2019_LA_eval/flac/LA_E_2825647.flac,0
/data/DATASETS/ASV_Spoof_2019_LA/ASVspoof2019_LA_eval/flac/LA_E_8179460.flac,0
/data/DATASETS/ASV_Spoof_2019_LA/ASVspoof2019_LA_eval/flac/LA_E_8969610.flac,0
/data/DATASETS/ASV_Spoof_2019_LA/ASVspoof2019_LA_eval/flac/LA_E_8193046.flac,0
/data/DATASETS/ASV_Spoof_2019_LA/ASVspoof2019_LA_eval/flac/LA_E_5059037.flac,0
/data/DATASETS/ASV_Spoof_2019_LA/ASVspoof2019_LA_eval/flac/LA_E_5945408.flac,0
/data/DATASETS/ASV_Spoof_2019_LA/ASVspoof2019_LA_eval/flac/LA_E_7583466.flac,0
/data/DATASETS/ASV_Spoof_2019_LA/ASVspoof2019_LA_train/flac/LA_T_8629107.flac,0
/data/DATASETS/ASV_Spoof_2019_LA/ASVspoof2019_LA_eval/flac/LA_E_7681319.flac,0
/data/DATASETS/ASV_Spoof_2019_LA/ASVspoof2019_LA_train/flac/LA_T_8209686.flac,0
/data/DATASETS/ASV_Spoof_2019_LA/ASVspoof2019_LA_eval/flac/LA_E_1109756.flac,0
/data/DATASETS/ASV_Spoof_2019_LA/ASVspoof2019_LA_eval/flac/LA_E_9381826.flac,0
/data/DATASETS/ASV_Spoof_2019_LA/ASVspoof2019_LA_eval/flac/LA_E_3010572.flac,0
/data/DATASETS/ASV_Spoof_2019_LA/ASVspoof2019_LA_dev/flac/LA_D_3941447.flac,0
/data/DATASETS/ASV_Spoof_2019_LA/ASVspoof2019_LA_eval/flac/LA_E_9148136.flac,0
/data/DATASETS/ASV_Spoof_2019_LA/ASVspoof2019_LA_train/flac/LA_T_4678305.flac,0
/data/DATASETS/ASV_Spoof_2019_LA/ASVspoof2019_LA_dev/flac/LA_D_5224129.flac,0
/data/DATASETS/ASV_Spoof_2019_LA/ASVspoof2019_LA_eval/flac/LA_E_8228023.flac,0
/data/DATASETS/ASV_Spoof_2019_LA/ASVspoof2019_LA_eval/flac/LA_E_3485931.flac,0
/data/DATASETS/ASV_Spoof_2019_LA/ASVspoof2019_LA_eval/flac/LA_E_9917836.flac,0
/data/DATASETS/ASV_Spoof_2019_LA/ASVspoof2019_LA_eval/flac/LA_E_7566007.flac,0
/data/DATASETS/ASV_Spoof_2019_LA/ASVspoof2019_LA_dev/flac/LA_D_7184320.flac,0
/data/DATASETS/ASV_Spoof_2019_LA/ASVspoof2019_LA_eval/flac/LA_E_4387808.flac,0
/data/DATASETS/ASV_Spoof_2019_LA/ASVspoof2019_LA_dev/flac/LA_D_8989585.flac,0
/data/DATASETS/ASV_Spoof_2019_LA/ASVspoof2019_LA_train/flac/LA_T_1820050.flac,0
/data/DATASETS/ASV_Spoof_2019_LA/ASVspoof2019_LA_eval/flac/LA_E_4026996.flac,0
/data/DATASETS/ASV_Spoof_2019_LA/ASVspoof2019_LA_train/flac/LA_T_9229570.flac,0
/data/DATASETS/ASV_Spoof_2019_LA/ASVspoof2019_LA_dev/flac/LA_D_1980534.flac,0
/data/DATASETS/ASV_Spoof_2019_LA/ASVspoof2019_LA_eval/flac/LA_E_2274571.flac,0
/data/DATASETS/ASV_Spoof_2019_LA/ASVspoof2019_LA_eval/flac/LA_E_7131679.flac,0
/data/DATASETS/ASV_Spoof_2019_LA/ASVspoof2019_LA_eval/flac/LA_E_4597665.flac,0
/data/DATASETS/ASV_Spoof_2019_LA/ASVspoof2019_LA_eval/flac/LA_E_5326012.flac,0
/data/DATASETS/ASV_Spoof_2019_LA/ASVspoof2019_LA_eval/flac/LA_E_4521627.flac,0
/data/DATASETS/ASV_Spoof_2019_LA/ASVspoof2019_LA_dev/flac/LA_D_6780824.flac,0
/data/DATASETS/ASV_Spoof_2019_LA/ASVspoof2019_LA_dev/flac/LA_D_2159390.flac,0
/data/DATASETS/ASV_Spoof_2019_LA/ASVspoof2019_LA_eval/flac/LA_E_6085767.flac,0
/data/DATASETS/ASV_Spoof_2019_LA/ASVspoof2019_LA_eval/flac/LA_E_4149350.flac,0
/data/DATASETS/ASV_Spoof_2019_LA/ASVspoof2019_LA_dev/flac/LA_D_8023275.flac,0
/data/DATASETS/ASV_Spoof_2019_LA/ASVspoof2019_LA_train/flac/LA_T_6045722.flac,0
/data/DATASETS/ASV_Spoof_2019_LA/ASVspoof2019_LA_eval/flac/LA_E_8106858.flac,0
/data/DATASETS/ASV_Spoof_2019_LA/ASVspoof2019_LA_eval/flac/LA_E_7487210.flac,0
/data/DATASETS/ASV_Spoof_2019_LA/ASVspoof2019_LA_train/flac/LA_T_3882719.flac,0
/data/DATASETS/ASV_Spoof_2019_LA/ASVspoof2019_LA_train/flac/LA_T_8537108.flac,0
/data/DATASETS/ASV_Spoof_2019_LA/ASVspoof2019_LA_eval/flac/LA_E_9374816.flac,0
/data/DATASETS/ASV_Spoof_2019_LA/ASVspoof2019_LA_train/flac/LA_T_8747294.flac,0
/data/DATASETS/ASV_Spoof_2019_LA/ASVspoof2019_LA_dev/flac/LA_D_9195670.flac,0
/data/DATASETS/ASV_Spoof_2019_LA/ASVspoof2019_LA_dev/flac/LA_D_5881435.flac,0
/data/DATASETS/ASV_Spoof_2019_LA/ASVspoof2019_LA_dev/flac/LA_D_1503604.flac,0
/data/DATASETS/ASV_Spoof_2019_LA/ASVspoof2019_LA_train/flac/LA_T_8059641.flac,0
/data/DATASETS/ASV_Spoof_2019_LA/ASVspoof2019_LA_eval/flac/LA_E_6230800.flac,0
/data/DATASETS/ASV_Spoof_2019_LA/ASVspoof2019_LA_eval/flac/LA_E_5303704.flac,0
/data/DATASETS/ASV_Spoof_2019_LA/ASVspoof2019_LA_train/flac/LA_T_2936703.flac,0
/data/DATASETS/ASV_Spoof_2019_LA/ASVspoof2019_LA_eval/flac/LA_E_2786608.flac,0
/data/DATASETS/ASV_Spoof_2019_LA/ASVspoof2019_LA_train/flac/LA_T_6396128.flac,0
/data/DATASETS/ASV_Spoof_2019_LA/ASVspoof2019_LA_eval/flac/LA_E_3596947.flac,0
/data/DATASETS/ASV_Spoof_2019_LA/ASVspoof2019_LA_eval/flac/LA_E_1627180.flac,0
/data/DATASETS/ASV_Spoof_2019_LA/ASVspoof2019_LA_eval/flac/LA_E_2916563.flac,0
/data/DATASETS/ASV_Spoof_2019_LA/ASVspoof2019_LA_dev/flac/LA_D_5665194.flac,0
/data/DATASETS/ASV_Spoof_2019_LA/ASVspoof2019_LA_eval/flac/LA_E_6668544.flac,0
/data/DATASETS/ASV_Spoof_2019_LA/ASVspoof2019_LA_eval/flac/LA_E_4729427.flac,0
/data/DATASETS/ASV_Spoof_2019_LA/ASVspoof2019_LA_train/flac/LA_T_6756969.flac,0
/data/DATASETS/ASV_Spoof_2019_LA/ASVspoof2019_LA_eval/flac/LA_E_9553930.flac,0
/data/DATASETS/ASV_Spoof_2019_LA/ASVspoof2019_LA_eval/flac/LA_E_2738834.flac,0
/data/DATASETS/ASV_Spoof_2019_LA/ASVspoof2019_LA_eval/flac/LA_E_8672894.flac,0
/data/DATASETS/ASV_Spoof_2019_LA/ASVspoof2019_LA_eval/flac/LA_E_8545247.flac,0
/data/DATASETS/ASV_Spoof_2019_LA/ASVspoof2019_LA_eval/flac/LA_E_6840061.flac,0
/data/DATASETS/ASV_Spoof_2019_LA/ASVspoof2019_LA_eval/flac/LA_E_5730791.flac,0
/data/DATASETS/ASV_Spoof_2019_LA/ASVspoof2019_LA_eval/flac/LA_E_2633501.flac,0
/data/DATASETS/ASV_Spoof_2019_LA/ASVspoof2019_LA_dev/flac/LA_D_4462615.flac,0
/data/DATASETS/ASV_Spoof_2019_LA/ASVspoof2019_LA_eval/flac/LA_E_2039995.flac,0
/data/DATASETS/ASV_Spoof_2019_LA/ASVspoof2019_LA_eval/flac/LA_E_4376357.flac,0
/data/DATASETS/ASV_Spoof_2019_LA/ASVspoof2019_LA_eval/flac/LA_E_9601956.flac,0
/data/DATASETS/ASV_Spoof_2019_LA/ASVspoof2019_LA_dev/flac/LA_D_6610055.flac,0
/data/DATASETS/ASV_Spoof_2019_LA/ASVspoof2019_LA_dev/flac/LA_D_9284682.flac,0
/data/DATASETS/ASV_Spoof_2019_LA/ASVspoof2019_LA_eval/flac/LA_E_9080915.flac,0
/data/DATASETS/ASV_Spoof_2019_LA/ASVspoof2019_LA_eval/flac/LA_E_1753551.flac,0
/data/DATASETS/ASV_Spoof_2019_LA/ASVspoof2019_LA_eval/flac/LA_E_4118771.flac,0
/data/DATASETS/ASV_Spoof_2019_LA/ASVspoof2019_LA_eval/flac/LA_E_7884603.flac,0
/data/DATASETS/ASV_Spoof_2019_LA/ASVspoof2019_LA_eval/flac/LA_E_2935417.flac,0
/data/DATASETS/ASV_Spoof_2019_LA/ASVspoof2019_LA_dev/flac/LA_D_2488325.flac,0
/data/DATASETS/ASV_Spoof_2019_LA/ASVspoof2019_LA_eval/flac/LA_E_4007819.flac,0
/data/DATASETS/ASV_Spoof_2019_LA/ASVspoof2019_LA_eval/flac/LA_E_7934154.flac,0
/data/DATASETS/ASV_Spoof_2019_LA/ASVspoof2019_LA_train/flac/LA_T_7667225.flac,0
/data/DATASETS/ASV_Spoof_2019_LA/ASVspoof2019_LA_dev/flac/LA_D_5624810.flac,0
/data/DATASETS/ASV_Spoof_2019_LA/ASVspoof2019_LA_train/flac/LA_T_7890801.flac,0
/data/DATASETS/ASV_Spoof_2019_LA/ASVspoof2019_LA_eval/flac/LA_E_3355288.flac,0
/data/DATASETS/ASV_Spoof_2019_LA/ASVspoof2019_LA_dev/flac/LA_D_5266850.flac,0
/data/DATASETS/ASV_Spoof_2019_LA/ASVspoof2019_LA_eval/flac/LA_E_5960574.flac,0
/data/DATASETS/ASV_Spoof_2019_LA/ASVspoof2019_LA_train/flac/LA_T_1831818.flac,0
/data/DATASETS/ASV_Spoof_2019_LA/ASVspoof2019_LA_eval/flac/LA_E_3741943.flac,0
/data/DATASETS/ASV_Spoof_2019_LA/ASVspoof2019_LA_dev/flac/LA_D_5947257.flac,0
/data/DATASETS/ASV_Spoof_2019_LA/ASVspoof2019_LA_train/flac/LA_T_3479921.flac,0
/data/DATASETS/ASV_Spoof_2019_LA/ASVspoof2019_LA_dev/flac/LA_D_1865278.flac,0
/data/DATASETS/ASV_Spoof_2019_LA/ASVspoof2019_LA_dev/flac/LA_D_5575912.flac,0
/data/DATASETS/ASV_Spoof_2019_LA/ASVspoof2019_LA_eval/flac/LA_E_5003508.flac,0
/data/DATASETS/ASV_Spoof_2019_LA/ASVspoof2019_LA_eval/flac/LA_E_1691952.flac,0
/data/DATASETS/ASV_Spoof_2019_LA/ASVspoof2019_LA_eval/flac/LA_E_2366048.flac,0
/data/DATASETS/ASV_Spoof_2019_LA/ASVspoof2019_LA_train/flac/LA_T_6744421.flac,0
/data/DATASETS/ASV_Spoof_2019_LA/ASVspoof2019_LA_eval/flac/LA_E_6785344.flac,0
/data/DATASETS/ASV_Spoof_2019_LA/ASVspoof2019_LA_eval/flac/LA_E_3338897.flac,0
/data/DATASETS/ASV_Spoof_2019_LA/ASVspoof2019_LA_dev/flac/LA_D_4969859.flac,0
/data/DATASETS/ASV_Spoof_2019_LA/ASVspoof2019_LA_eval/flac/LA_E_6830367.flac,0
/data/DATASETS/ASV_Spoof_2019_LA/ASVspoof2019_LA_train/flac/LA_T_8657239.flac,0
/data/DATASETS/ASV_Spoof_2019_LA/ASVspoof2019_LA_dev/flac/LA_D_6869561.flac,0
/data/DATASETS/ASV_Spoof_2019_LA/ASVspoof2019_LA_eval/flac/LA_E_4624110.flac,0
/data/DATASETS/ASV_Spoof_2019_LA/ASVspoof2019_LA_eval/flac/LA_E_9599675.flac,0
/data/DATASETS/ASV_Spoof_2019_LA/ASVspoof2019_LA_eval/flac/LA_E_4960301.flac,0
/data/DATASETS/ASV_Spoof_2019_LA/ASVspoof2019_LA_train/flac/LA_T_3508642.flac,0
/data/DATASETS/ASV_Spoof_2019_LA/ASVspoof2019_LA_train/flac/LA_T_9622854.flac,0
/data/DATASETS/ASV_Spoof_2019_LA/ASVspoof2019_LA_dev/flac/LA_D_5984308.flac,0
/data/DATASETS/ASV_Spoof_2019_LA/ASVspoof2019_LA_eval/flac/LA_E_1815191.flac,0
/data/DATASETS/ASV_Spoof_2019_LA/ASVspoof2019_LA_dev/flac/LA_D_3312475.flac,0
/data/DATASETS/ASV_Spoof_2019_LA/ASVspoof2019_LA_train/flac/LA_T_6126488.flac,0
/data/DATASETS/ASV_Spoof_2019_LA/ASVspoof2019_LA_dev/flac/LA_D_1484973.flac,0
/data/DATASETS/ASV_Spoof_2019_LA/ASVspoof2019_LA_eval/flac/LA_E_5348151.flac,0
/data/DATASETS/ASV_Spoof_2019_LA/ASVspoof2019_LA_eval/flac/LA_E_5446987.flac,0
/data/DATASETS/ASV_Spoof_2019_LA/ASVspoof2019_LA_eval/flac/LA_E_6630745.flac,0
/data/DATASETS/ASV_Spoof_2019_LA/ASVspoof2019_LA_train/flac/LA_T_4926626.flac,0
/data/DATASETS/ASV_Spoof_2019_LA/ASVspoof2019_LA_eval/flac/LA_E_2760731.flac,0
/data/DATASETS/ASV_Spoof_2019_LA/ASVspoof2019_LA_eval/flac/LA_E_8713676.flac,0
/data/DATASETS/ASV_Spoof_2019_LA/ASVspoof2019_LA_train/flac/LA_T_7583143.flac,0
/data/DATASETS/ASV_Spoof_2019_LA/ASVspoof2019_LA_eval/flac/LA_E_2886957.flac,0
/data/DATASETS/ASV_Spoof_2019_LA/ASVspoof2019_LA_dev/flac/LA_D_6838449.flac,0
/data/DATASETS/ASV_Spoof_2019_LA/ASVspoof2019_LA_eval/flac/LA_E_6059132.flac,0
/data/DATASETS/ASV_Spoof_2019_LA/ASVspoof2019_LA_eval/flac/LA_E_2295489.flac,0
/data/DATASETS/ASV_Spoof_2019_LA/ASVspoof2019_LA_train/flac/LA_T_7521161.flac,0
/data/DATASETS/ASV_Spoof_2019_LA/ASVspoof2019_LA_eval/flac/LA_E_2588140.flac,0
/data/DATASETS/ASV_Spoof_2019_LA/ASVspoof2019_LA_eval/flac/LA_E_7991530.flac,0
/data/DATASETS/ASV_Spoof_2019_LA/ASVspoof2019_LA_train/flac/LA_T_6505103.flac,0
/data/DATASETS/ASV_Spoof_2019_LA/ASVspoof2019_LA_eval/flac/LA_E_1783571.flac,0
/data/DATASETS/ASV_Spoof_2019_LA/ASVspoof2019_LA_train/flac/LA_T_8543938.flac,0
/data/DATASETS/ASV_Spoof_2019_LA/ASVspoof2019_LA_eval/flac/LA_E_5988130.flac,0
/data/DATASETS/ASV_Spoof_2019_LA/ASVspoof2019_LA_eval/flac/LA_E_6811473.flac,0
/data/DATASETS/ASV_Spoof_2019_LA/ASVspoof2019_LA_dev/flac/LA_D_7869886.flac,0
/data/DATASETS/ASV_Spoof_2019_LA/ASVspoof2019_LA_eval/flac/LA_E_6583989.flac,0
/data/DATASETS/ASV_Spoof_2019_LA/ASVspoof2019_LA_eval/flac/LA_E_5014004.flac,0
/data/DATASETS/ASV_Spoof_2019_LA/ASVspoof2019_LA_eval/flac/LA_E_3569211.flac,0
/data/DATASETS/ASV_Spoof_2019_LA/ASVspoof2019_LA_eval/flac/LA_E_9782835.flac,0
/data/DATASETS/ASV_Spoof_2019_LA/ASVspoof2019_LA_eval/flac/LA_E_6001702.flac,0
/data/DATASETS/ASV_Spoof_2019_LA/ASVspoof2019_LA_eval/flac/LA_E_1978369.flac,0
/data/DATASETS/ASV_Spoof_2019_LA/ASVspoof2019_LA_dev/flac/LA_D_1281950.flac,0
/data/DATASETS/ASV_Spoof_2019_LA/ASVspoof2019_LA_eval/flac/LA_E_3031987.flac,0
/data/DATASETS/ASV_Spoof_2019_LA/ASVspoof2019_LA_eval/flac/LA_E_3216271.flac,0
/data/DATASETS/ASV_Spoof_2019_LA/ASVspoof2019_LA_train/flac/LA_T_2319006.flac,0
/data/DATASETS/ASV_Spoof_2019_LA/ASVspoof2019_LA_dev/flac/LA_D_3399790.flac,0
/data/DATASETS/ASV_Spoof_2019_LA/ASVspoof2019_LA_eval/flac/LA_E_3006535.flac,0
/data/DATASETS/ASV_Spoof_2019_LA/ASVspoof2019_LA_eval/flac/LA_E_7199457.flac,0
/data/DATASETS/ASV_Spoof_2019_LA/ASVspoof2019_LA_eval/flac/LA_E_4968888.flac,0
/data/DATASETS/ASV_Spoof_2019_LA/ASVspoof2019_LA_eval/flac/LA_E_8599472.flac,0
/data/DATASETS/ASV_Spoof_2019_LA/ASVspoof2019_LA_train/flac/LA_T_8898922.flac,0
/data/DATASETS/ASV_Spoof_2019_LA/ASVspoof2019_LA_eval/flac/LA_E_6338591.flac,0
/data/DATASETS/ASV_Spoof_2019_LA/ASVspoof2019_LA_dev/flac/LA_D_2051747.flac,0
/data/DATASETS/ASV_Spoof_2019_LA/ASVspoof2019_LA_train/flac/LA_T_4350897.flac,0
/data/DATASETS/ASV_Spoof_2019_LA/ASVspoof2019_LA_dev/flac/LA_D_7361566.flac,0
/data/DATASETS/ASV_Spoof_2019_LA/ASVspoof2019_LA_eval/flac/LA_E_4072418.flac,0
/data/DATASETS/ASV_Spoof_2019_LA/ASVspoof2019_LA_eval/flac/LA_E_4174184.flac,0
/data/DATASETS/ASV_Spoof_2019_LA/ASVspoof2019_LA_train/flac/LA_T_7000444.flac,0
/data/DATASETS/ASV_Spoof_2019_LA/ASVspoof2019_LA_eval/flac/LA_E_4184575.flac,0
/data/DATASETS/ASV_Spoof_2019_LA/ASVspoof2019_LA_dev/flac/LA_D_2720668.flac,0
/data/DATASETS/ASV_Spoof_2019_LA/ASVspoof2019_LA_eval/flac/LA_E_1609716.flac,0
/data/DATASETS/ASV_Spoof_2019_LA/ASVspoof2019_LA_eval/flac/LA_E_3852453.flac,0
/data/DATASETS/ASV_Spoof_2019_LA/ASVspoof2019_LA_eval/flac/LA_E_1599844.flac,0
/data/DATASETS/ASV_Spoof_2019_LA/ASVspoof2019_LA_eval/flac/LA_E_4086522.flac,0
/data/DATASETS/ASV_Spoof_2019_LA/ASVspoof2019_LA_dev/flac/LA_D_2593161.flac,0
/data/DATASETS/ASV_Spoof_2019_LA/ASVspoof2019_LA_dev/flac/LA_D_9936597.flac,0
/data/DATASETS/ASV_Spoof_2019_LA/ASVspoof2019_LA_dev/flac/LA_D_5397319.flac,0
/data/DATASETS/ASV_Spoof_2019_LA/ASVspoof2019_LA_eval/flac/LA_E_7222028.flac,0
/data/DATASETS/ASV_Spoof_2019_LA/ASVspoof2019_LA_train/flac/LA_T_9293135.flac,0
/data/DATASETS/ASV_Spoof_2019_LA/ASVspoof2019_LA_train/flac/LA_T_6982603.flac,0
/data/DATASETS/ASV_Spoof_2019_LA/ASVspoof2019_LA_eval/flac/LA_E_5552983.flac,0
/data/DATASETS/ASV_Spoof_2019_LA/ASVspoof2019_LA_eval/flac/LA_E_4805782.flac,0
/data/DATASETS/ASV_Spoof_2019_LA/ASVspoof2019_LA_dev/flac/LA_D_4386823.flac,0
/data/DATASETS/ASV_Spoof_2019_LA/ASVspoof2019_LA_train/flac/LA_T_1126222.flac,0
/data/DATASETS/ASV_Spoof_2019_LA/ASVspoof2019_LA_dev/flac/LA_D_8558274.flac,0
/data/DATASETS/ASV_Spoof_2019_LA/ASVspoof2019_LA_train/flac/LA_T_8738028.flac,0
/data/DATASETS/ASV_Spoof_2019_LA/ASVspoof2019_LA_train/flac/LA_T_4673290.flac,0
/data/DATASETS/ASV_Spoof_2019_LA/ASVspoof2019_LA_train/flac/LA_T_8394081.flac,0
/data/DATASETS/ASV_Spoof_2019_LA/ASVspoof2019_LA_eval/flac/LA_E_1446117.flac,0
/data/DATASETS/ASV_Spoof_2019_LA/ASVspoof2019_LA_dev/flac/LA_D_2609323.flac,0
/data/DATASETS/ASV_Spoof_2019_LA/ASVspoof2019_LA_train/flac/LA_T_7447351.flac,0
/data/DATASETS/ASV_Spoof_2019_LA/ASVspoof2019_LA_eval/flac/LA_E_1328064.flac,0
/data/DATASETS/ASV_Spoof_2019_LA/ASVspoof2019_LA_eval/flac/LA_E_9675961.flac,0
/data/DATASETS/ASV_Spoof_2019_LA/ASVspoof2019_LA_train/flac/LA_T_9348735.flac,0
/data/DATASETS/ASV_Spoof_2019_LA/ASVspoof2019_LA_eval/flac/LA_E_1890381.flac,0
/data/DATASETS/ASV_Spoof_2019_LA/ASVspoof2019_LA_eval/flac/LA_E_4909829.flac,0
/data/DATASETS/ASV_Spoof_2019_LA/ASVspoof2019_LA_eval/flac/LA_E_1212248.flac,0
/data/DATASETS/ASV_Spoof_2019_LA/ASVspoof2019_LA_dev/flac/LA_D_8124968.flac,0
/data/DATASETS/ASV_Spoof_2019_LA/ASVspoof2019_LA_eval/flac/LA_E_7298368.flac,0
/data/DATASETS/ASV_Spoof_2019_LA/ASVspoof2019_LA_eval/flac/LA_E_7374906.flac,0
/data/DATASETS/ASV_Spoof_2019_LA/ASVspoof2019_LA_eval/flac/LA_E_1283467.flac,0
/data/DATASETS/ASV_Spoof_2019_LA/ASVspoof2019_LA_train/flac/LA_T_6462285.flac,0
/data/DATASETS/ASV_Spoof_2019_LA/ASVspoof2019_LA_eval/flac/LA_E_1696616.flac,0
/data/DATASETS/ASV_Spoof_2019_LA/ASVspoof2019_LA_dev/flac/LA_D_2589925.flac,0
/data/DATASETS/ASV_Spoof_2019_LA/ASVspoof2019_LA_eval/flac/LA_E_6794649.flac,0
/data/DATASETS/ASV_Spoof_2019_LA/ASVspoof2019_LA_eval/flac/LA_E_3490717.flac,0
/data/DATASETS/ASV_Spoof_2019_LA/ASVspoof2019_LA_eval/flac/LA_E_8148385.flac,0
/data/DATASETS/ASV_Spoof_2019_LA/ASVspoof2019_LA_train/flac/LA_T_1052701.flac,0
/data/DATASETS/ASV_Spoof_2019_LA/ASVspoof2019_LA_eval/flac/LA_E_2263636.flac,0
/data/DATASETS/ASV_Spoof_2019_LA/ASVspoof2019_LA_train/flac/LA_T_7797083.flac,0
/data/DATASETS/ASV_Spoof_2019_LA/ASVspoof2019_LA_eval/flac/LA_E_6959506.flac,0
/data/DATASETS/ASV_Spoof_2019_LA/ASVspoof2019_LA_eval/flac/LA_E_8776527.flac,0
/data/DATASETS/ASV_Spoof_2019_LA/ASVspoof2019_LA_dev/flac/LA_D_2455736.flac,0
/data/DATASETS/ASV_Spoof_2019_LA/ASVspoof2019_LA_eval/flac/LA_E_1825539.flac,0
/data/DATASETS/ASV_Spoof_2019_LA/ASVspoof2019_LA_train/flac/LA_T_2580639.flac,0
/data/DATASETS/ASV_Spoof_2019_LA/ASVspoof2019_LA_eval/flac/LA_E_7315163.flac,0
/data/DATASETS/ASV_Spoof_2019_LA/ASVspoof2019_LA_eval/flac/LA_E_6236832.flac,0
/data/DATASETS/ASV_Spoof_2019_LA/ASVspoof2019_LA_eval/flac/LA_E_5783993.flac,0
/data/DATASETS/ASV_Spoof_2019_LA/ASVspoof2019_LA_dev/flac/LA_D_4401633.flac,0
/data/DATASETS/ASV_Spoof_2019_LA/ASVspoof2019_LA_dev/flac/LA_D_5390367.flac,0
/data/DATASETS/ASV_Spoof_2019_LA/ASVspoof2019_LA_eval/flac/LA_E_4114636.flac,0
/data/DATASETS/ASV_Spoof_2019_LA/ASVspoof2019_LA_eval/flac/LA_E_9775414.flac,0
/data/DATASETS/ASV_Spoof_2019_LA/ASVspoof2019_LA_train/flac/LA_T_2599380.flac,0
/data/DATASETS/ASV_Spoof_2019_LA/ASVspoof2019_LA_eval/flac/LA_E_1196920.flac,0
/data/DATASETS/ASV_Spoof_2019_LA/ASVspoof2019_LA_train/flac/LA_T_8989127.flac,0
/data/DATASETS/ASV_Spoof_2019_LA/ASVspoof2019_LA_eval/flac/LA_E_6628203.flac,0
/data/DATASETS/ASV_Spoof_2019_LA/ASVspoof2019_LA_dev/flac/LA_D_8174725.flac,0
/data/DATASETS/ASV_Spoof_2019_LA/ASVspoof2019_LA_eval/flac/LA_E_2607678.flac,0
/data/DATASETS/ASV_Spoof_2019_LA/ASVspoof2019_LA_dev/flac/LA_D_7495927.flac,0
/data/DATASETS/ASV_Spoof_2019_LA/ASVspoof2019_LA_dev/flac/LA_D_4492847.flac,0
/data/DATASETS/ASV_Spoof_2019_LA/ASVspoof2019_LA_eval/flac/LA_E_1557011.flac,0
/data/DATASETS/ASV_Spoof_2019_LA/ASVspoof2019_LA_eval/flac/LA_E_9768173.flac,0
/data/DATASETS/ASV_Spoof_2019_LA/ASVspoof2019_LA_dev/flac/LA_D_7114977.flac,0
/data/DATASETS/ASV_Spoof_2019_LA/ASVspoof2019_LA_dev/flac/LA_D_4349047.flac,0
/data/DATASETS/ASV_Spoof_2019_LA/ASVspoof2019_LA_eval/flac/LA_E_2270210.flac,0
/data/DATASETS/ASV_Spoof_2019_LA/ASVspoof2019_LA_train/flac/LA_T_6476075.flac,0
/data/DATASETS/ASV_Spoof_2019_LA/ASVspoof2019_LA_train/flac/LA_T_9803720.flac,0
/data/DATASETS/ASV_Spoof_2019_LA/ASVspoof2019_LA_dev/flac/LA_D_3765509.flac,0
/data/DATASETS/ASV_Spoof_2019_LA/ASVspoof2019_LA_eval/flac/LA_E_2783741.flac,0
/data/DATASETS/ASV_Spoof_2019_LA/ASVspoof2019_LA_eval/flac/LA_E_8115126.flac,0
/data/DATASETS/ASV_Spoof_2019_LA/ASVspoof2019_LA_train/flac/LA_T_1878391.flac,0
/data/DATASETS/ASV_Spoof_2019_LA/ASVspoof2019_LA_eval/flac/LA_E_6953826.flac,0
/data/DATASETS/ASV_Spoof_2019_LA/ASVspoof2019_LA_dev/flac/LA_D_5503012.flac,0
/data/DATASETS/ASV_Spoof_2019_LA/ASVspoof2019_LA_train/flac/LA_T_5959553.flac,0
/data/DATASETS/ASV_Spoof_2019_LA/ASVspoof2019_LA_dev/flac/LA_D_6138839.flac,0
/data/DATASETS/ASV_Spoof_2019_LA/ASVspoof2019_LA_eval/flac/LA_E_9881599.flac,0
/data/DATASETS/ASV_Spoof_2019_LA/ASVspoof2019_LA_eval/flac/LA_E_9954560.flac,0
/data/DATASETS/ASV_Spoof_2019_LA/ASVspoof2019_LA_eval/flac/LA_E_3539515.flac,0
/data/DATASETS/ASV_Spoof_2019_LA/ASVspoof2019_LA_eval/flac/LA_E_4591021.flac,0
/data/DATASETS/ASV_Spoof_2019_LA/ASVspoof2019_LA_eval/flac/LA_E_4845413.flac,0
/data/DATASETS/ASV_Spoof_2019_LA/ASVspoof2019_LA_eval/flac/LA_E_2382105.flac,0
/data/DATASETS/ASV_Spoof_2019_LA/ASVspoof2019_LA_eval/flac/LA_E_5139157.flac,0
/data/DATASETS/ASV_Spoof_2019_LA/ASVspoof2019_LA_eval/flac/LA_E_4964276.flac,0
/data/DATASETS/ASV_Spoof_2019_LA/ASVspoof2019_LA_eval/flac/LA_E_2908989.flac,0
/data/DATASETS/ASV_Spoof_2019_LA/ASVspoof2019_LA_dev/flac/LA_D_3792397.flac,0
/data/DATASETS/ASV_Spoof_2019_LA/ASVspoof2019_LA_eval/flac/LA_E_3814654.flac,0
/data/DATASETS/ASV_Spoof_2019_LA/ASVspoof2019_LA_eval/flac/LA_E_9084804.flac,0
/data/DATASETS/ASV_Spoof_2019_LA/ASVspoof2019_LA_eval/flac/LA_E_2954180.flac,0
/data/DATASETS/ASV_Spoof_2019_LA/ASVspoof2019_LA_eval/flac/LA_E_1137577.flac,0
/data/DATASETS/ASV_Spoof_2019_LA/ASVspoof2019_LA_dev/flac/LA_D_9451365.flac,0
/data/DATASETS/ASV_Spoof_2019_LA/ASVspoof2019_LA_train/flac/LA_T_2033687.flac,0
/data/DATASETS/ASV_Spoof_2019_LA/ASVspoof2019_LA_train/flac/LA_T_3565683.flac,0
/data/DATASETS/ASV_Spoof_2019_LA/ASVspoof2019_LA_train/flac/LA_T_1937797.flac,0
/data/DATASETS/ASV_Spoof_2019_LA/ASVspoof2019_LA_eval/flac/LA_E_9396969.flac,0
/data/DATASETS/ASV_Spoof_2019_LA/ASVspoof2019_LA_eval/flac/LA_E_9214834.flac,0
/data/DATASETS/ASV_Spoof_2019_LA/ASVspoof2019_LA_eval/flac/LA_E_1990125.flac,0
/data/DATASETS/ASV_Spoof_2019_LA/ASVspoof2019_LA_eval/flac/LA_E_7457475.flac,0
/data/DATASETS/ASV_Spoof_2019_LA/ASVspoof2019_LA_dev/flac/LA_D_9385770.flac,0
/data/DATASETS/ASV_Spoof_2019_LA/ASVspoof2019_LA_eval/flac/LA_E_2062025.flac,0
/data/DATASETS/ASV_Spoof_2019_LA/ASVspoof2019_LA_eval/flac/LA_E_4755971.flac,0
/data/DATASETS/ASV_Spoof_2019_LA/ASVspoof2019_LA_dev/flac/LA_D_4896049.flac,0
/data/DATASETS/ASV_Spoof_2019_LA/ASVspoof2019_LA_eval/flac/LA_E_4093138.flac,0
/data/DATASETS/ASV_Spoof_2019_LA/ASVspoof2019_LA_eval/flac/LA_E_3680048.flac,0
/data/DATASETS/ASV_Spoof_2019_LA/ASVspoof2019_LA_eval/flac/LA_E_8927812.flac,0
/data/DATASETS/ASV_Spoof_2019_LA/ASVspoof2019_LA_train/flac/LA_T_6370865.flac,0
/data/DATASETS/ASV_Spoof_2019_LA/ASVspoof2019_LA_eval/flac/LA_E_9918800.flac,0
/data/DATASETS/ASV_Spoof_2019_LA/ASVspoof2019_LA_eval/flac/LA_E_6687487.flac,0
/data/DATASETS/ASV_Spoof_2019_LA/ASVspoof2019_LA_eval/flac/LA_E_8967153.flac,0
/data/DATASETS/ASV_Spoof_2019_LA/ASVspoof2019_LA_eval/flac/LA_E_6961428.flac,0
/data/DATASETS/ASV_Spoof_2019_LA/ASVspoof2019_LA_eval/flac/LA_E_3627102.flac,0
/data/DATASETS/ASV_Spoof_2019_LA/ASVspoof2019_LA_train/flac/LA_T_5441846.flac,0
/data/DATASETS/ASV_Spoof_2019_LA/ASVspoof2019_LA_eval/flac/LA_E_3363929.flac,0
/data/DATASETS/ASV_Spoof_2019_LA/ASVspoof2019_LA_eval/flac/LA_E_8978390.flac,0
/data/DATASETS/ASV_Spoof_2019_LA/ASVspoof2019_LA_eval/flac/LA_E_2616113.flac,0
/data/DATASETS/ASV_Spoof_2019_LA/ASVspoof2019_LA_eval/flac/LA_E_6369483.flac,0
/data/DATASETS/ASV_Spoof_2019_LA/ASVspoof2019_LA_eval/flac/LA_E_5818354.flac,0
/data/DATASETS/ASV_Spoof_2019_LA/ASVspoof2019_LA_eval/flac/LA_E_4747395.flac,0
/data/DATASETS/ASV_Spoof_2019_LA/ASVspoof2019_LA_train/flac/LA_T_3915181.flac,0
/data/DATASETS/ASV_Spoof_2019_LA/ASVspoof2019_LA_eval/flac/LA_E_2930394.flac,0
/data/DATASETS/ASV_Spoof_2019_LA/ASVspoof2019_LA_eval/flac/LA_E_8357084.flac,0
/data/DATASETS/ASV_Spoof_2019_LA/ASVspoof2019_LA_dev/flac/LA_D_2556697.flac,0
/data/DATASETS/ASV_Spoof_2019_LA/ASVspoof2019_LA_train/flac/LA_T_5521272.flac,0
/data/DATASETS/ASV_Spoof_2019_LA/ASVspoof2019_LA_eval/flac/LA_E_7755162.flac,0
/data/DATASETS/ASV_Spoof_2019_LA/ASVspoof2019_LA_eval/flac/LA_E_8888929.flac,0
/data/DATASETS/ASV_Spoof_2019_LA/ASVspoof2019_LA_eval/flac/LA_E_8151959.flac,0
/data/DATASETS/ASV_Spoof_2019_LA/ASVspoof2019_LA_train/flac/LA_T_8303411.flac,0
/data/DATASETS/ASV_Spoof_2019_LA/ASVspoof2019_LA_eval/flac/LA_E_5275057.flac,0
/data/DATASETS/ASV_Spoof_2019_LA/ASVspoof2019_LA_train/flac/LA_T_6618587.flac,0
/data/DATASETS/ASV_Spoof_2019_LA/ASVspoof2019_LA_eval/flac/LA_E_8923985.flac,0
/data/DATASETS/ASV_Spoof_2019_LA/ASVspoof2019_LA_train/flac/LA_T_1141342.flac,0
/data/DATASETS/ASV_Spoof_2019_LA/ASVspoof2019_LA_eval/flac/LA_E_6533215.flac,0
/data/DATASETS/ASV_Spoof_2019_LA/ASVspoof2019_LA_eval/flac/LA_E_9124554.flac,0
/data/DATASETS/ASV_Spoof_2019_LA/ASVspoof2019_LA_train/flac/LA_T_8814910.flac,0
/data/DATASETS/ASV_Spoof_2019_LA/ASVspoof2019_LA_eval/flac/LA_E_2476450.flac,0
/data/DATASETS/ASV_Spoof_2019_LA/ASVspoof2019_LA_eval/flac/LA_E_9530148.flac,0
/data/DATASETS/ASV_Spoof_2019_LA/ASVspoof2019_LA_eval/flac/LA_E_7507043.flac,0
/data/DATASETS/ASV_Spoof_2019_LA/ASVspoof2019_LA_dev/flac/LA_D_2380064.flac,0
/data/DATASETS/ASV_Spoof_2019_LA/ASVspoof2019_LA_eval/flac/LA_E_4232439.flac,0
/data/DATASETS/ASV_Spoof_2019_LA/ASVspoof2019_LA_eval/flac/LA_E_4361117.flac,0
/data/DATASETS/ASV_Spoof_2019_LA/ASVspoof2019_LA_dev/flac/LA_D_8288732.flac,0
/data/DATASETS/ASV_Spoof_2019_LA/ASVspoof2019_LA_eval/flac/LA_E_8394624.flac,0
/data/DATASETS/ASV_Spoof_2019_LA/ASVspoof2019_LA_dev/flac/LA_D_3155945.flac,0
/data/DATASETS/ASV_Spoof_2019_LA/ASVspoof2019_LA_train/flac/LA_T_4470399.flac,0
/data/DATASETS/ASV_Spoof_2019_LA/ASVspoof2019_LA_dev/flac/LA_D_7319497.flac,0
/data/DATASETS/ASV_Spoof_2019_LA/ASVspoof2019_LA_eval/flac/LA_E_3856159.flac,0
/data/DATASETS/ASV_Spoof_2019_LA/ASVspoof2019_LA_eval/flac/LA_E_8616143.flac,0
/data/DATASETS/ASV_Spoof_2019_LA/ASVspoof2019_LA_eval/flac/LA_E_6062170.flac,0
/data/DATASETS/ASV_Spoof_2019_LA/ASVspoof2019_LA_dev/flac/LA_D_5445641.flac,0
/data/DATASETS/ASV_Spoof_2019_LA/ASVspoof2019_LA_dev/flac/LA_D_1796445.flac,0
/data/DATASETS/ASV_Spoof_2019_LA/ASVspoof2019_LA_eval/flac/LA_E_6573455.flac,0
/data/DATASETS/ASV_Spoof_2019_LA/ASVspoof2019_LA_eval/flac/LA_E_3642365.flac,0
/data/DATASETS/ASV_Spoof_2019_LA/ASVspoof2019_LA_eval/flac/LA_E_1510369.flac,0
/data/DATASETS/ASV_Spoof_2019_LA/ASVspoof2019_LA_dev/flac/LA_D_8118074.flac,0
/data/DATASETS/ASV_Spoof_2019_LA/ASVspoof2019_LA_dev/flac/LA_D_6303389.flac,0
/data/DATASETS/ASV_Spoof_2019_LA/ASVspoof2019_LA_train/flac/LA_T_1518499.flac,0
/data/DATASETS/ASV_Spoof_2019_LA/ASVspoof2019_LA_eval/flac/LA_E_1519763.flac,0
/data/DATASETS/ASV_Spoof_2019_LA/ASVspoof2019_LA_dev/flac/LA_D_3029513.flac,0
/data/DATASETS/ASV_Spoof_2019_LA/ASVspoof2019_LA_dev/flac/LA_D_2404405.flac,0
/data/DATASETS/ASV_Spoof_2019_LA/ASVspoof2019_LA_eval/flac/LA_E_2359160.flac,0
/data/DATASETS/ASV_Spoof_2019_LA/ASVspoof2019_LA_train/flac/LA_T_6541032.flac,0
/data/DATASETS/ASV_Spoof_2019_LA/ASVspoof2019_LA_eval/flac/LA_E_2525648.flac,0
/data/DATASETS/ASV_Spoof_2019_LA/ASVspoof2019_LA_eval/flac/LA_E_4772226.flac,0
/data/DATASETS/ASV_Spoof_2019_LA/ASVspoof2019_LA_eval/flac/LA_E_2391204.flac,0
/data/DATASETS/ASV_Spoof_2019_LA/ASVspoof2019_LA_eval/flac/LA_E_7892794.flac,0
/data/DATASETS/ASV_Spoof_2019_LA/ASVspoof2019_LA_train/flac/LA_T_4211750.flac,0
/data/DATASETS/ASV_Spoof_2019_LA/ASVspoof2019_LA_eval/flac/LA_E_9549022.flac,0
/data/DATASETS/ASV_Spoof_2019_LA/ASVspoof2019_LA_eval/flac/LA_E_9817210.flac,0
/data/DATASETS/ASV_Spoof_2019_LA/ASVspoof2019_LA_eval/flac/LA_E_5030474.flac,0
/data/DATASETS/ASV_Spoof_2019_LA/ASVspoof2019_LA_eval/flac/LA_E_5897967.flac,0
/data/DATASETS/ASV_Spoof_2019_LA/ASVspoof2019_LA_eval/flac/LA_E_7558691.flac,0
/data/DATASETS/ASV_Spoof_2019_LA/ASVspoof2019_LA_eval/flac/LA_E_5743123.flac,0
/data/DATASETS/ASV_Spoof_2019_LA/ASVspoof2019_LA_eval/flac/LA_E_2717073.flac,0
/data/DATASETS/ASV_Spoof_2019_LA/ASVspoof2019_LA_train/flac/LA_T_1922746.flac,0
/data/DATASETS/ASV_Spoof_2019_LA/ASVspoof2019_LA_eval/flac/LA_E_2154322.flac,0
/data/DATASETS/ASV_Spoof_2019_LA/ASVspoof2019_LA_train/flac/LA_T_7419838.flac,0
/data/DATASETS/ASV_Spoof_2019_LA/ASVspoof2019_LA_dev/flac/LA_D_9354139.flac,0
/data/DATASETS/ASV_Spoof_2019_LA/ASVspoof2019_LA_eval/flac/LA_E_4514924.flac,0
/data/DATASETS/ASV_Spoof_2019_LA/ASVspoof2019_LA_eval/flac/LA_E_5841606.flac,0
/data/DATASETS/ASV_Spoof_2019_LA/ASVspoof2019_LA_eval/flac/LA_E_4372871.flac,0
/data/DATASETS/ASV_Spoof_2019_LA/ASVspoof2019_LA_train/flac/LA_T_7220833.flac,0
/data/DATASETS/ASV_Spoof_2019_LA/ASVspoof2019_LA_eval/flac/LA_E_4681417.flac,0
/data/DATASETS/ASV_Spoof_2019_LA/ASVspoof2019_LA_train/flac/LA_T_3999087.flac,0
/data/DATASETS/ASV_Spoof_2019_LA/ASVspoof2019_LA_eval/flac/LA_E_8511513.flac,0
/data/DATASETS/ASV_Spoof_2019_LA/ASVspoof2019_LA_eval/flac/LA_E_2992000.flac,0
/data/DATASETS/ASV_Spoof_2019_LA/ASVspoof2019_LA_train/flac/LA_T_4918673.flac,0
/data/DATASETS/ASV_Spoof_2019_LA/ASVspoof2019_LA_dev/flac/LA_D_8197154.flac,0
/data/DATASETS/ASV_Spoof_2019_LA/ASVspoof2019_LA_dev/flac/LA_D_7836916.flac,0
/data/DATASETS/ASV_Spoof_2019_LA/ASVspoof2019_LA_dev/flac/LA_D_3776414.flac,0
/data/DATASETS/ASV_Spoof_2019_LA/ASVspoof2019_LA_train/flac/LA_T_5192765.flac,0
/data/DATASETS/ASV_Spoof_2019_LA/ASVspoof2019_LA_eval/flac/LA_E_5418694.flac,0
/data/DATASETS/ASV_Spoof_2019_LA/ASVspoof2019_LA_dev/flac/LA_D_6989506.flac,0
/data/DATASETS/ASV_Spoof_2019_LA/ASVspoof2019_LA_eval/flac/LA_E_1100717.flac,0
/data/DATASETS/ASV_Spoof_2019_LA/ASVspoof2019_LA_eval/flac/LA_E_7782239.flac,0
/data/DATASETS/ASV_Spoof_2019_LA/ASVspoof2019_LA_eval/flac/LA_E_9978267.flac,0
/data/DATASETS/ASV_Spoof_2019_LA/ASVspoof2019_LA_eval/flac/LA_E_6347293.flac,0
/data/DATASETS/ASV_Spoof_2019_LA/ASVspoof2019_LA_dev/flac/LA_D_4529182.flac,0
/data/DATASETS/ASV_Spoof_2019_LA/ASVspoof2019_LA_dev/flac/LA_D_2178723.flac,0
/data/DATASETS/ASV_Spoof_2019_LA/ASVspoof2019_LA_eval/flac/LA_E_1750706.flac,0
/data/DATASETS/ASV_Spoof_2019_LA/ASVspoof2019_LA_eval/flac/LA_E_7737863.flac,0
/data/DATASETS/ASV_Spoof_2019_LA/ASVspoof2019_LA_dev/flac/LA_D_6002117.flac,0
/data/DATASETS/ASV_Spoof_2019_LA/ASVspoof2019_LA_eval/flac/LA_E_5821313.flac,0
/data/DATASETS/ASV_Spoof_2019_LA/ASVspoof2019_LA_eval/flac/LA_E_7180384.flac,0
/data/DATASETS/ASV_Spoof_2019_LA/ASVspoof2019_LA_eval/flac/LA_E_5899229.flac,0
/data/DATASETS/ASV_Spoof_2019_LA/ASVspoof2019_LA_eval/flac/LA_E_2000883.flac,0
/data/DATASETS/ASV_Spoof_2019_LA/ASVspoof2019_LA_eval/flac/LA_E_5736660.flac,0
/data/DATASETS/ASV_Spoof_2019_LA/ASVspoof2019_LA_train/flac/LA_T_4124955.flac,0
/data/DATASETS/ASV_Spoof_2019_LA/ASVspoof2019_LA_dev/flac/LA_D_9557117.flac,0
/data/DATASETS/ASV_Spoof_2019_LA/ASVspoof2019_LA_eval/flac/LA_E_5759487.flac,0
/data/DATASETS/ASV_Spoof_2019_LA/ASVspoof2019_LA_eval/flac/LA_E_4635024.flac,0
/data/DATASETS/ASV_Spoof_2019_LA/ASVspoof2019_LA_eval/flac/LA_E_6254796.flac,0
/data/DATASETS/ASV_Spoof_2019_LA/ASVspoof2019_LA_eval/flac/LA_E_3425904.flac,0
/data/DATASETS/ASV_Spoof_2019_LA/ASVspoof2019_LA_dev/flac/LA_D_6386877.flac,0
/data/DATASETS/ASV_Spoof_2019_LA/ASVspoof2019_LA_eval/flac/LA_E_6488911.flac,0
/data/DATASETS/ASV_Spoof_2019_LA/ASVspoof2019_LA_dev/flac/LA_D_1317890.flac,0
/data/DATASETS/ASV_Spoof_2019_LA/ASVspoof2019_LA_eval/flac/LA_E_1165591.flac,0
/data/DATASETS/ASV_Spoof_2019_LA/ASVspoof2019_LA_train/flac/LA_T_7597238.flac,0
/data/DATASETS/ASV_Spoof_2019_LA/ASVspoof2019_LA_train/flac/LA_T_5128913.flac,0
/data/DATASETS/ASV_Spoof_2019_LA/ASVspoof2019_LA_eval/flac/LA_E_8981903.flac,0
/data/DATASETS/ASV_Spoof_2019_LA/ASVspoof2019_LA_dev/flac/LA_D_8559056.flac,0
/data/DATASETS/ASV_Spoof_2019_LA/ASVspoof2019_LA_eval/flac/LA_E_9585047.flac,0
/data/DATASETS/ASV_Spoof_2019_LA/ASVspoof2019_LA_eval/flac/LA_E_3707628.flac,0
/data/DATASETS/ASV_Spoof_2019_LA/ASVspoof2019_LA_eval/flac/LA_E_3616578.flac,0
/data/DATASETS/ASV_Spoof_2019_LA/ASVspoof2019_LA_eval/flac/LA_E_9574949.flac,0
/data/DATASETS/ASV_Spoof_2019_LA/ASVspoof2019_LA_eval/flac/LA_E_5216504.flac,0
/data/DATASETS/ASV_Spoof_2019_LA/ASVspoof2019_LA_eval/flac/LA_E_2658905.flac,0
/data/DATASETS/ASV_Spoof_2019_LA/ASVspoof2019_LA_eval/flac/LA_E_4870031.flac,0
/data/DATASETS/ASV_Spoof_2019_LA/ASVspoof2019_LA_eval/flac/LA_E_9460849.flac,0
/data/DATASETS/ASV_Spoof_2019_LA/ASVspoof2019_LA_eval/flac/LA_E_6586177.flac,0
/data/DATASETS/ASV_Spoof_2019_LA/ASVspoof2019_LA_dev/flac/LA_D_6265671.flac,0
/data/DATASETS/ASV_Spoof_2019_LA/ASVspoof2019_LA_eval/flac/LA_E_7505181.flac,0
/data/DATASETS/ASV_Spoof_2019_LA/ASVspoof2019_LA_dev/flac/LA_D_3494648.flac,0
/data/DATASETS/ASV_Spoof_2019_LA/ASVspoof2019_LA_eval/flac/LA_E_5145258.flac,0
/data/DATASETS/ASV_Spoof_2019_LA/ASVspoof2019_LA_dev/flac/LA_D_4246993.flac,0
/data/DATASETS/ASV_Spoof_2019_LA/ASVspoof2019_LA_train/flac/LA_T_2564579.flac,0
/data/DATASETS/ASV_Spoof_2019_LA/ASVspoof2019_LA_eval/flac/LA_E_6476395.flac,0
/data/DATASETS/ASV_Spoof_2019_LA/ASVspoof2019_LA_dev/flac/LA_D_2902957.flac,0
/data/DATASETS/ASV_Spoof_2019_LA/ASVspoof2019_LA_eval/flac/LA_E_3113465.flac,0
/data/DATASETS/ASV_Spoof_2019_LA/ASVspoof2019_LA_eval/flac/LA_E_1877139.flac,0
/data/DATASETS/ASV_Spoof_2019_LA/ASVspoof2019_LA_eval/flac/LA_E_9704457.flac,0
/data/DATASETS/ASV_Spoof_2019_LA/ASVspoof2019_LA_eval/flac/LA_E_8954659.flac,0
/data/DATASETS/ASV_Spoof_2019_LA/ASVspoof2019_LA_train/flac/LA_T_7816568.flac,0
/data/DATASETS/ASV_Spoof_2019_LA/ASVspoof2019_LA_train/flac/LA_T_5533183.flac,0
/data/DATASETS/ASV_Spoof_2019_LA/ASVspoof2019_LA_dev/flac/LA_D_1885115.flac,0
/data/DATASETS/ASV_Spoof_2019_LA/ASVspoof2019_LA_train/flac/LA_T_6087132.flac,0
/data/DATASETS/ASV_Spoof_2019_LA/ASVspoof2019_LA_eval/flac/LA_E_7738717.flac,0
/data/DATASETS/ASV_Spoof_2019_LA/ASVspoof2019_LA_train/flac/LA_T_8615006.flac,0
/data/DATASETS/ASV_Spoof_2019_LA/ASVspoof2019_LA_eval/flac/LA_E_3850391.flac,0
/data/DATASETS/ASV_Spoof_2019_LA/ASVspoof2019_LA_eval/flac/LA_E_1412604.flac,0
/data/DATASETS/ASV_Spoof_2019_LA/ASVspoof2019_LA_train/flac/LA_T_7778575.flac,0
/data/DATASETS/ASV_Spoof_2019_LA/ASVspoof2019_LA_eval/flac/LA_E_1557223.flac,0
/data/DATASETS/ASV_Spoof_2019_LA/ASVspoof2019_LA_train/flac/LA_T_7474358.flac,0
/data/DATASETS/ASV_Spoof_2019_LA/ASVspoof2019_LA_dev/flac/LA_D_7230566.flac,0
/data/DATASETS/ASV_Spoof_2019_LA/ASVspoof2019_LA_train/flac/LA_T_5051764.flac,0
/data/DATASETS/ASV_Spoof_2019_LA/ASVspoof2019_LA_eval/flac/LA_E_5491900.flac,0
/data/DATASETS/ASV_Spoof_2019_LA/ASVspoof2019_LA_dev/flac/LA_D_4004968.flac,0
/data/DATASETS/ASV_Spoof_2019_LA/ASVspoof2019_LA_eval/flac/LA_E_9526464.flac,0
/data/DATASETS/ASV_Spoof_2019_LA/ASVspoof2019_LA_eval/flac/LA_E_1867556.flac,0
/data/DATASETS/ASV_Spoof_2019_LA/ASVspoof2019_LA_dev/flac/LA_D_6593270.flac,0
/data/DATASETS/ASV_Spoof_2019_LA/ASVspoof2019_LA_eval/flac/LA_E_1753473.flac,0
/data/DATASETS/ASV_Spoof_2019_LA/ASVspoof2019_LA_eval/flac/LA_E_8171360.flac,0
/data/DATASETS/ASV_Spoof_2019_LA/ASVspoof2019_LA_train/flac/LA_T_3506909.flac,0
/data/DATASETS/ASV_Spoof_2019_LA/ASVspoof2019_LA_eval/flac/LA_E_3594429.flac,0
/data/DATASETS/ASV_Spoof_2019_LA/ASVspoof2019_LA_train/flac/LA_T_4860972.flac,0
/data/DATASETS/ASV_Spoof_2019_LA/ASVspoof2019_LA_train/flac/LA_T_3325988.flac,0
/data/DATASETS/ASV_Spoof_2019_LA/ASVspoof2019_LA_eval/flac/LA_E_7492367.flac,0
/data/DATASETS/ASV_Spoof_2019_LA/ASVspoof2019_LA_dev/flac/LA_D_6324927.flac,0
/data/DATASETS/ASV_Spoof_2019_LA/ASVspoof2019_LA_dev/flac/LA_D_6938301.flac,0
/data/DATASETS/ASV_Spoof_2019_LA/ASVspoof2019_LA_train/flac/LA_T_7697985.flac,0
/data/DATASETS/ASV_Spoof_2019_LA/ASVspoof2019_LA_eval/flac/LA_E_3677626.flac,0
/data/DATASETS/ASV_Spoof_2019_LA/ASVspoof2019_LA_eval/flac/LA_E_5556360.flac,0
/data/DATASETS/ASV_Spoof_2019_LA/ASVspoof2019_LA_dev/flac/LA_D_7157407.flac,0
/data/DATASETS/ASV_Spoof_2019_LA/ASVspoof2019_LA_eval/flac/LA_E_2092948.flac,0
/data/DATASETS/ASV_Spoof_2019_LA/ASVspoof2019_LA_train/flac/LA_T_4057520.flac,0
/data/DATASETS/ASV_Spoof_2019_LA/ASVspoof2019_LA_train/flac/LA_T_6059767.flac,0
/data/DATASETS/ASV_Spoof_2019_LA/ASVspoof2019_LA_train/flac/LA_T_9804482.flac,0
/data/DATASETS/ASV_Spoof_2019_LA/ASVspoof2019_LA_eval/flac/LA_E_8258387.flac,0
/data/DATASETS/ASV_Spoof_2019_LA/ASVspoof2019_LA_dev/flac/LA_D_6558890.flac,0
/data/DATASETS/ASV_Spoof_2019_LA/ASVspoof2019_LA_eval/flac/LA_E_7947950.flac,0
/data/DATASETS/ASV_Spoof_2019_LA/ASVspoof2019_LA_train/flac/LA_T_1536675.flac,0
/data/DATASETS/ASV_Spoof_2019_LA/ASVspoof2019_LA_dev/flac/LA_D_5171009.flac,0
/data/DATASETS/ASV_Spoof_2019_LA/ASVspoof2019_LA_eval/flac/LA_E_6413429.flac,0
/data/DATASETS/ASV_Spoof_2019_LA/ASVspoof2019_LA_eval/flac/LA_E_5873910.flac,0
/data/DATASETS/ASV_Spoof_2019_LA/ASVspoof2019_LA_eval/flac/LA_E_3420299.flac,0
/data/DATASETS/ASV_Spoof_2019_LA/ASVspoof2019_LA_eval/flac/LA_E_6655012.flac,0
/data/DATASETS/ASV_Spoof_2019_LA/ASVspoof2019_LA_eval/flac/LA_E_6234427.flac,0
/data/DATASETS/ASV_Spoof_2019_LA/ASVspoof2019_LA_train/flac/LA_T_1654106.flac,0
/data/DATASETS/ASV_Spoof_2019_LA/ASVspoof2019_LA_eval/flac/LA_E_5709921.flac,0
/data/DATASETS/ASV_Spoof_2019_LA/ASVspoof2019_LA_eval/flac/LA_E_7530494.flac,0
/data/DATASETS/ASV_Spoof_2019_LA/ASVspoof2019_LA_train/flac/LA_T_6996135.flac,0
/data/DATASETS/ASV_Spoof_2019_LA/ASVspoof2019_LA_dev/flac/LA_D_5154794.flac,0
/data/DATASETS/ASV_Spoof_2019_LA/ASVspoof2019_LA_train/flac/LA_T_1238061.flac,0
/data/DATASETS/ASV_Spoof_2019_LA/ASVspoof2019_LA_train/flac/LA_T_1870772.flac,0
/data/DATASETS/ASV_Spoof_2019_LA/ASVspoof2019_LA_dev/flac/LA_D_2718909.flac,0
/data/DATASETS/ASV_Spoof_2019_LA/ASVspoof2019_LA_dev/flac/LA_D_5508177.flac,0
/data/DATASETS/ASV_Spoof_2019_LA/ASVspoof2019_LA_train/flac/LA_T_9276467.flac,0
/data/DATASETS/ASV_Spoof_2019_LA/ASVspoof2019_LA_train/flac/LA_T_4890153.flac,0
/data/DATASETS/ASV_Spoof_2019_LA/ASVspoof2019_LA_train/flac/LA_T_1130943.flac,0
/data/DATASETS/ASV_Spoof_2019_LA/ASVspoof2019_LA_dev/flac/LA_D_8089934.flac,0
/data/DATASETS/ASV_Spoof_2019_LA/ASVspoof2019_LA_dev/flac/LA_D_4767218.flac,0
/data/DATASETS/ASV_Spoof_2019_LA/ASVspoof2019_LA_eval/flac/LA_E_5007220.flac,0
/data/DATASETS/ASV_Spoof_2019_LA/ASVspoof2019_LA_eval/flac/LA_E_8698841.flac,0
/data/DATASETS/ASV_Spoof_2019_LA/ASVspoof2019_LA_dev/flac/LA_D_2212414.flac,0
/data/DATASETS/ASV_Spoof_2019_LA/ASVspoof2019_LA_eval/flac/LA_E_3888678.flac,0
/data/DATASETS/ASV_Spoof_2019_LA/ASVspoof2019_LA_dev/flac/LA_D_3631999.flac,0
/data/DATASETS/ASV_Spoof_2019_LA/ASVspoof2019_LA_eval/flac/LA_E_1232974.flac,0
/data/DATASETS/ASV_Spoof_2019_LA/ASVspoof2019_LA_eval/flac/LA_E_6790837.flac,0
/data/DATASETS/ASV_Spoof_2019_LA/ASVspoof2019_LA_dev/flac/LA_D_1307948.flac,0
/data/DATASETS/ASV_Spoof_2019_LA/ASVspoof2019_LA_eval/flac/LA_E_6089605.flac,0
/data/DATASETS/ASV_Spoof_2019_LA/ASVspoof2019_LA_dev/flac/LA_D_4310386.flac,0
/data/DATASETS/ASV_Spoof_2019_LA/ASVspoof2019_LA_eval/flac/LA_E_8639104.flac,0
/data/DATASETS/ASV_Spoof_2019_LA/ASVspoof2019_LA_train/flac/LA_T_6271185.flac,0
/data/DATASETS/ASV_Spoof_2019_LA/ASVspoof2019_LA_eval/flac/LA_E_7861482.flac,0
/data/DATASETS/ASV_Spoof_2019_LA/ASVspoof2019_LA_eval/flac/LA_E_8697524.flac,0
/data/DATASETS/ASV_Spoof_2019_LA/ASVspoof2019_LA_dev/flac/LA_D_1133168.flac,0
/data/DATASETS/ASV_Spoof_2019_LA/ASVspoof2019_LA_dev/flac/LA_D_9706532.flac,0
/data/DATASETS/ASV_Spoof_2019_LA/ASVspoof2019_LA_eval/flac/LA_E_2374059.flac,0
/data/DATASETS/ASV_Spoof_2019_LA/ASVspoof2019_LA_train/flac/LA_T_3419405.flac,0
/data/DATASETS/ASV_Spoof_2019_LA/ASVspoof2019_LA_eval/flac/LA_E_9663305.flac,0
/data/DATASETS/ASV_Spoof_2019_LA/ASVspoof2019_LA_train/flac/LA_T_8342717.flac,0
/data/DATASETS/ASV_Spoof_2019_LA/ASVspoof2019_LA_dev/flac/LA_D_4934804.flac,0
/data/DATASETS/ASV_Spoof_2019_LA/ASVspoof2019_LA_eval/flac/LA_E_3715131.flac,0
/data/DATASETS/ASV_Spoof_2019_LA/ASVspoof2019_LA_eval/flac/LA_E_7322085.flac,0
/data/DATASETS/ASV_Spoof_2019_LA/ASVspoof2019_LA_dev/flac/LA_D_4878438.flac,0
/data/DATASETS/ASV_Spoof_2019_LA/ASVspoof2019_LA_dev/flac/LA_D_1086824.flac,0
/data/DATASETS/ASV_Spoof_2019_LA/ASVspoof2019_LA_eval/flac/LA_E_6885365.flac,0
/data/DATASETS/ASV_Spoof_2019_LA/ASVspoof2019_LA_eval/flac/LA_E_6217699.flac,0
/data/DATASETS/ASV_Spoof_2019_LA/ASVspoof2019_LA_dev/flac/LA_D_4806480.flac,0
/data/DATASETS/ASV_Spoof_2019_LA/ASVspoof2019_LA_eval/flac/LA_E_4355513.flac,0
/data/DATASETS/ASV_Spoof_2019_LA/ASVspoof2019_LA_eval/flac/LA_E_8763795.flac,0
/data/DATASETS/ASV_Spoof_2019_LA/ASVspoof2019_LA_train/flac/LA_T_6885448.flac,0
/data/DATASETS/ASV_Spoof_2019_LA/ASVspoof2019_LA_eval/flac/LA_E_5287603.flac,0
/data/DATASETS/ASV_Spoof_2019_LA/ASVspoof2019_LA_dev/flac/LA_D_3074985.flac,0
/data/DATASETS/ASV_Spoof_2019_LA/ASVspoof2019_LA_dev/flac/LA_D_3405832.flac,0
/data/DATASETS/ASV_Spoof_2019_LA/ASVspoof2019_LA_eval/flac/LA_E_9913850.flac,0
/data/DATASETS/ASV_Spoof_2019_LA/ASVspoof2019_LA_eval/flac/LA_E_2049613.flac,0
/data/DATASETS/ASV_Spoof_2019_LA/ASVspoof2019_LA_dev/flac/LA_D_3053264.flac,0
/data/DATASETS/ASV_Spoof_2019_LA/ASVspoof2019_LA_train/flac/LA_T_3730329.flac,0
/data/DATASETS/ASV_Spoof_2019_LA/ASVspoof2019_LA_dev/flac/LA_D_6700006.flac,0
/data/DATASETS/ASV_Spoof_2019_LA/ASVspoof2019_LA_train/flac/LA_T_2745780.flac,0
/data/DATASETS/ASV_Spoof_2019_LA/ASVspoof2019_LA_train/flac/LA_T_3266022.flac,0
/data/DATASETS/ASV_Spoof_2019_LA/ASVspoof2019_LA_eval/flac/LA_E_8745281.flac,0
/data/DATASETS/ASV_Spoof_2019_LA/ASVspoof2019_LA_eval/flac/LA_E_9710595.flac,0
/data/DATASETS/ASV_Spoof_2019_LA/ASVspoof2019_LA_eval/flac/LA_E_3923905.flac,0
/data/DATASETS/ASV_Spoof_2019_LA/ASVspoof2019_LA_eval/flac/LA_E_4421812.flac,0
/data/DATASETS/ASV_Spoof_2019_LA/ASVspoof2019_LA_train/flac/LA_T_3204710.flac,0
/data/DATASETS/ASV_Spoof_2019_LA/ASVspoof2019_LA_eval/flac/LA_E_6171281.flac,0
/data/DATASETS/ASV_Spoof_2019_LA/ASVspoof2019_LA_train/flac/LA_T_3121388.flac,0
/data/DATASETS/ASV_Spoof_2019_LA/ASVspoof2019_LA_eval/flac/LA_E_9991523.flac,0
/data/DATASETS/ASV_Spoof_2019_LA/ASVspoof2019_LA_dev/flac/LA_D_4246171.flac,0
/data/DATASETS/ASV_Spoof_2019_LA/ASVspoof2019_LA_eval/flac/LA_E_7199606.flac,0
/data/DATASETS/ASV_Spoof_2019_LA/ASVspoof2019_LA_eval/flac/LA_E_4156580.flac,0
/data/DATASETS/ASV_Spoof_2019_LA/ASVspoof2019_LA_eval/flac/LA_E_3606559.flac,0
/data/DATASETS/ASV_Spoof_2019_LA/ASVspoof2019_LA_train/flac/LA_T_3527643.flac,0
/data/DATASETS/ASV_Spoof_2019_LA/ASVspoof2019_LA_eval/flac/LA_E_5060056.flac,0
/data/DATASETS/ASV_Spoof_2019_LA/ASVspoof2019_LA_dev/flac/LA_D_2934981.flac,0
/data/DATASETS/ASV_Spoof_2019_LA/ASVspoof2019_LA_train/flac/LA_T_9113475.flac,0
/data/DATASETS/ASV_Spoof_2019_LA/ASVspoof2019_LA_eval/flac/LA_E_3969767.flac,0
/data/DATASETS/ASV_Spoof_2019_LA/ASVspoof2019_LA_eval/flac/LA_E_8152019.flac,0
/data/DATASETS/ASV_Spoof_2019_LA/ASVspoof2019_LA_dev/flac/LA_D_5463444.flac,0
/data/DATASETS/ASV_Spoof_2019_LA/ASVspoof2019_LA_eval/flac/LA_E_9402589.flac,0
/data/DATASETS/ASV_Spoof_2019_LA/ASVspoof2019_LA_dev/flac/LA_D_5262821.flac,0
/data/DATASETS/ASV_Spoof_2019_LA/ASVspoof2019_LA_eval/flac/LA_E_1126163.flac,0
/data/DATASETS/ASV_Spoof_2019_LA/ASVspoof2019_LA_dev/flac/LA_D_7143144.flac,0
/data/DATASETS/ASV_Spoof_2019_LA/ASVspoof2019_LA_eval/flac/LA_E_6674091.flac,0
/data/DATASETS/ASV_Spoof_2019_LA/ASVspoof2019_LA_eval/flac/LA_E_8437962.flac,0
/data/DATASETS/ASV_Spoof_2019_LA/ASVspoof2019_LA_train/flac/LA_T_4822766.flac,0
/data/DATASETS/ASV_Spoof_2019_LA/ASVspoof2019_LA_eval/flac/LA_E_6630192.flac,0
/data/DATASETS/ASV_Spoof_2019_LA/ASVspoof2019_LA_eval/flac/LA_E_3346353.flac,0
/data/DATASETS/ASV_Spoof_2019_LA/ASVspoof2019_LA_eval/flac/LA_E_8744180.flac,0
/data/DATASETS/ASV_Spoof_2019_LA/ASVspoof2019_LA_eval/flac/LA_E_3132121.flac,0
/data/DATASETS/ASV_Spoof_2019_LA/ASVspoof2019_LA_dev/flac/LA_D_3061050.flac,0
/data/DATASETS/ASV_Spoof_2019_LA/ASVspoof2019_LA_eval/flac/LA_E_7420190.flac,0
/data/DATASETS/ASV_Spoof_2019_LA/ASVspoof2019_LA_eval/flac/LA_E_6439433.flac,0
/data/DATASETS/ASV_Spoof_2019_LA/ASVspoof2019_LA_eval/flac/LA_E_6800801.flac,0
/data/DATASETS/ASV_Spoof_2019_LA/ASVspoof2019_LA_eval/flac/LA_E_7826647.flac,0
/data/DATASETS/ASV_Spoof_2019_LA/ASVspoof2019_LA_eval/flac/LA_E_8542302.flac,0
/data/DATASETS/ASV_Spoof_2019_LA/ASVspoof2019_LA_eval/flac/LA_E_9972979.flac,0
/data/DATASETS/ASV_Spoof_2019_LA/ASVspoof2019_LA_eval/flac/LA_E_2138707.flac,0
/data/DATASETS/ASV_Spoof_2019_LA/ASVspoof2019_LA_train/flac/LA_T_1152394.flac,0
/data/DATASETS/ASV_Spoof_2019_LA/ASVspoof2019_LA_eval/flac/LA_E_3400251.flac,0
/data/DATASETS/ASV_Spoof_2019_LA/ASVspoof2019_LA_train/flac/LA_T_6203477.flac,0
/data/DATASETS/ASV_Spoof_2019_LA/ASVspoof2019_LA_dev/flac/LA_D_7830144.flac,0
/data/DATASETS/ASV_Spoof_2019_LA/ASVspoof2019_LA_eval/flac/LA_E_1278182.flac,0
/data/DATASETS/ASV_Spoof_2019_LA/ASVspoof2019_LA_dev/flac/LA_D_7122184.flac,0
/data/DATASETS/ASV_Spoof_2019_LA/ASVspoof2019_LA_eval/flac/LA_E_7158477.flac,0
/data/DATASETS/ASV_Spoof_2019_LA/ASVspoof2019_LA_train/flac/LA_T_6478161.flac,0
/data/DATASETS/ASV_Spoof_2019_LA/ASVspoof2019_LA_train/flac/LA_T_6769763.flac,0
/data/DATASETS/ASV_Spoof_2019_LA/ASVspoof2019_LA_train/flac/LA_T_8084852.flac,0
/data/DATASETS/ASV_Spoof_2019_LA/ASVspoof2019_LA_train/flac/LA_T_3555171.flac,0
/data/DATASETS/ASV_Spoof_2019_LA/ASVspoof2019_LA_eval/flac/LA_E_5998874.flac,0
/data/DATASETS/ASV_Spoof_2019_LA/ASVspoof2019_LA_dev/flac/LA_D_8814488.flac,0
/data/DATASETS/ASV_Spoof_2019_LA/ASVspoof2019_LA_train/flac/LA_T_3891170.flac,0
/data/DATASETS/ASV_Spoof_2019_LA/ASVspoof2019_LA_train/flac/LA_T_7467165.flac,0
/data/DATASETS/ASV_Spoof_2019_LA/ASVspoof2019_LA_eval/flac/LA_E_3356829.flac,0
/data/DATASETS/ASV_Spoof_2019_LA/ASVspoof2019_LA_eval/flac/LA_E_2404593.flac,0
/data/DATASETS/ASV_Spoof_2019_LA/ASVspoof2019_LA_train/flac/LA_T_7861120.flac,0
/data/DATASETS/ASV_Spoof_2019_LA/ASVspoof2019_LA_eval/flac/LA_E_8851404.flac,0
/data/DATASETS/ASV_Spoof_2019_LA/ASVspoof2019_LA_eval/flac/LA_E_3902702.flac,0
/data/DATASETS/ASV_Spoof_2019_LA/ASVspoof2019_LA_eval/flac/LA_E_9472587.flac,0
/data/DATASETS/ASV_Spoof_2019_LA/ASVspoof2019_LA_eval/flac/LA_E_6531513.flac,0
/data/DATASETS/ASV_Spoof_2019_LA/ASVspoof2019_LA_train/flac/LA_T_2439075.flac,0
/data/DATASETS/ASV_Spoof_2019_LA/ASVspoof2019_LA_eval/flac/LA_E_8681058.flac,0
/data/DATASETS/ASV_Spoof_2019_LA/ASVspoof2019_LA_train/flac/LA_T_2508565.flac,0
/data/DATASETS/ASV_Spoof_2019_LA/ASVspoof2019_LA_eval/flac/LA_E_3369891.flac,0
/data/DATASETS/ASV_Spoof_2019_LA/ASVspoof2019_LA_eval/flac/LA_E_6512348.flac,0
/data/DATASETS/ASV_Spoof_2019_LA/ASVspoof2019_LA_dev/flac/LA_D_7957211.flac,0
/data/DATASETS/ASV_Spoof_2019_LA/ASVspoof2019_LA_eval/flac/LA_E_7184391.flac,0
/data/DATASETS/ASV_Spoof_2019_LA/ASVspoof2019_LA_dev/flac/LA_D_6056778.flac,0
/data/DATASETS/ASV_Spoof_2019_LA/ASVspoof2019_LA_dev/flac/LA_D_3559270.flac,0
/data/DATASETS/ASV_Spoof_2019_LA/ASVspoof2019_LA_dev/flac/LA_D_7720126.flac,0
/data/DATASETS/ASV_Spoof_2019_LA/ASVspoof2019_LA_eval/flac/LA_E_3593331.flac,0
/data/DATASETS/ASV_Spoof_2019_LA/ASVspoof2019_LA_eval/flac/LA_E_9423538.flac,0
/data/DATASETS/ASV_Spoof_2019_LA/ASVspoof2019_LA_eval/flac/LA_E_6410992.flac,0
/data/DATASETS/ASV_Spoof_2019_LA/ASVspoof2019_LA_train/flac/LA_T_4848180.flac,0
/data/DATASETS/ASV_Spoof_2019_LA/ASVspoof2019_LA_eval/flac/LA_E_8027535.flac,0
/data/DATASETS/ASV_Spoof_2019_LA/ASVspoof2019_LA_dev/flac/LA_D_6487933.flac,0
/data/DATASETS/ASV_Spoof_2019_LA/ASVspoof2019_LA_dev/flac/LA_D_3570749.flac,0
/data/DATASETS/ASV_Spoof_2019_LA/ASVspoof2019_LA_train/flac/LA_T_4224058.flac,0
/data/DATASETS/ASV_Spoof_2019_LA/ASVspoof2019_LA_eval/flac/LA_E_8097112.flac,0
/data/DATASETS/ASV_Spoof_2019_LA/ASVspoof2019_LA_eval/flac/LA_E_4022756.flac,0
/data/DATASETS/ASV_Spoof_2019_LA/ASVspoof2019_LA_eval/flac/LA_E_3440941.flac,0
/data/DATASETS/ASV_Spoof_2019_LA/ASVspoof2019_LA_train/flac/LA_T_2802903.flac,0
/data/DATASETS/ASV_Spoof_2019_LA/ASVspoof2019_LA_dev/flac/LA_D_6853824.flac,0
/data/DATASETS/ASV_Spoof_2019_LA/ASVspoof2019_LA_eval/flac/LA_E_6618084.flac,0
/data/DATASETS/ASV_Spoof_2019_LA/ASVspoof2019_LA_eval/flac/LA_E_1018975.flac,0
/data/DATASETS/ASV_Spoof_2019_LA/ASVspoof2019_LA_eval/flac/LA_E_7569092.flac,0
/data/DATASETS/ASV_Spoof_2019_LA/ASVspoof2019_LA_eval/flac/LA_E_9348004.flac,0
/data/DATASETS/ASV_Spoof_2019_LA/ASVspoof2019_LA_eval/flac/LA_E_8353875.flac,0
/data/DATASETS/ASV_Spoof_2019_LA/ASVspoof2019_LA_eval/flac/LA_E_3337114.flac,0
/data/DATASETS/ASV_Spoof_2019_LA/ASVspoof2019_LA_eval/flac/LA_E_5643260.flac,0
/data/DATASETS/ASV_Spoof_2019_LA/ASVspoof2019_LA_eval/flac/LA_E_3184290.flac,0
/data/DATASETS/ASV_Spoof_2019_LA/ASVspoof2019_LA_dev/flac/LA_D_1954410.flac,0
/data/DATASETS/ASV_Spoof_2019_LA/ASVspoof2019_LA_eval/flac/LA_E_7094268.flac,0
/data/DATASETS/ASV_Spoof_2019_LA/ASVspoof2019_LA_train/flac/LA_T_8458654.flac,0
/data/DATASETS/ASV_Spoof_2019_LA/ASVspoof2019_LA_eval/flac/LA_E_9828617.flac,0
/data/DATASETS/ASV_Spoof_2019_LA/ASVspoof2019_LA_eval/flac/LA_E_6558083.flac,0
/data/DATASETS/ASV_Spoof_2019_LA/ASVspoof2019_LA_eval/flac/LA_E_9463492.flac,0
/data/DATASETS/ASV_Spoof_2019_LA/ASVspoof2019_LA_dev/flac/LA_D_4551336.flac,0
/data/DATASETS/ASV_Spoof_2019_LA/ASVspoof2019_LA_eval/flac/LA_E_7695783.flac,0
/data/DATASETS/ASV_Spoof_2019_LA/ASVspoof2019_LA_eval/flac/LA_E_1572145.flac,0
/data/DATASETS/ASV_Spoof_2019_LA/ASVspoof2019_LA_eval/flac/LA_E_5860084.flac,0
/data/DATASETS/ASV_Spoof_2019_LA/ASVspoof2019_LA_eval/flac/LA_E_3497058.flac,0
/data/DATASETS/ASV_Spoof_2019_LA/ASVspoof2019_LA_eval/flac/LA_E_7722624.flac,0
/data/DATASETS/ASV_Spoof_2019_LA/ASVspoof2019_LA_eval/flac/LA_E_8139913.flac,0
/data/DATASETS/ASV_Spoof_2019_LA/ASVspoof2019_LA_eval/flac/LA_E_7844149.flac,0
/data/DATASETS/ASV_Spoof_2019_LA/ASVspoof2019_LA_eval/flac/LA_E_3623538.flac,0
/data/DATASETS/ASV_Spoof_2019_LA/ASVspoof2019_LA_eval/flac/LA_E_5302082.flac,0
/data/DATASETS/ASV_Spoof_2019_LA/ASVspoof2019_LA_eval/flac/LA_E_1254012.flac,0
/data/DATASETS/ASV_Spoof_2019_LA/ASVspoof2019_LA_dev/flac/LA_D_4457189.flac,0
/data/DATASETS/ASV_Spoof_2019_LA/ASVspoof2019_LA_eval/flac/LA_E_9211880.flac,0
/data/DATASETS/ASV_Spoof_2019_LA/ASVspoof2019_LA_eval/flac/LA_E_6513879.flac,0
/data/DATASETS/ASV_Spoof_2019_LA/ASVspoof2019_LA_train/flac/LA_T_9857249.flac,0
/data/DATASETS/ASV_Spoof_2019_LA/ASVspoof2019_LA_eval/flac/LA_E_5983407.flac,0
/data/DATASETS/ASV_Spoof_2019_LA/ASVspoof2019_LA_eval/flac/LA_E_1929285.flac,0
/data/DATASETS/ASV_Spoof_2019_LA/ASVspoof2019_LA_eval/flac/LA_E_3046956.flac,0
/data/DATASETS/ASV_Spoof_2019_LA/ASVspoof2019_LA_train/flac/LA_T_6239874.flac,0
/data/DATASETS/ASV_Spoof_2019_LA/ASVspoof2019_LA_dev/flac/LA_D_1959657.flac,0
/data/DATASETS/ASV_Spoof_2019_LA/ASVspoof2019_LA_train/flac/LA_T_6816591.flac,0
/data/DATASETS/ASV_Spoof_2019_LA/ASVspoof2019_LA_train/flac/LA_T_8522600.flac,0
/data/DATASETS/ASV_Spoof_2019_LA/ASVspoof2019_LA_train/flac/LA_T_2862832.flac,0
/data/DATASETS/ASV_Spoof_2019_LA/ASVspoof2019_LA_eval/flac/LA_E_1921321.flac,0
/data/DATASETS/ASV_Spoof_2019_LA/ASVspoof2019_LA_eval/flac/LA_E_5957019.flac,0
/data/DATASETS/ASV_Spoof_2019_LA/ASVspoof2019_LA_eval/flac/LA_E_6629464.flac,0
/data/DATASETS/ASV_Spoof_2019_LA/ASVspoof2019_LA_eval/flac/LA_E_1048677.flac,0
/data/DATASETS/ASV_Spoof_2019_LA/ASVspoof2019_LA_dev/flac/LA_D_7546022.flac,0
/data/DATASETS/ASV_Spoof_2019_LA/ASVspoof2019_LA_dev/flac/LA_D_7394757.flac,0
/data/DATASETS/ASV_Spoof_2019_LA/ASVspoof2019_LA_dev/flac/LA_D_2576930.flac,0
/data/DATASETS/ASV_Spoof_2019_LA/ASVspoof2019_LA_dev/flac/LA_D_2531373.flac,0
/data/DATASETS/ASV_Spoof_2019_LA/ASVspoof2019_LA_train/flac/LA_T_9964017.flac,0
/data/DATASETS/ASV_Spoof_2019_LA/ASVspoof2019_LA_train/flac/LA_T_7786868.flac,0
/data/DATASETS/ASV_Spoof_2019_LA/ASVspoof2019_LA_eval/flac/LA_E_2584900.flac,0
/data/DATASETS/ASV_Spoof_2019_LA/ASVspoof2019_LA_train/flac/LA_T_1963829.flac,0
/data/DATASETS/ASV_Spoof_2019_LA/ASVspoof2019_LA_train/flac/LA_T_6736628.flac,0
/data/DATASETS/ASV_Spoof_2019_LA/ASVspoof2019_LA_eval/flac/LA_E_1275973.flac,0
/data/DATASETS/ASV_Spoof_2019_LA/ASVspoof2019_LA_train/flac/LA_T_5600038.flac,0
/data/DATASETS/ASV_Spoof_2019_LA/ASVspoof2019_LA_eval/flac/LA_E_3031829.flac,0
/data/DATASETS/ASV_Spoof_2019_LA/ASVspoof2019_LA_eval/flac/LA_E_1429712.flac,0
/data/DATASETS/ASV_Spoof_2019_LA/ASVspoof2019_LA_train/flac/LA_T_1888223.flac,0
/data/DATASETS/ASV_Spoof_2019_LA/ASVspoof2019_LA_train/flac/LA_T_3133284.flac,0
/data/DATASETS/ASV_Spoof_2019_LA/ASVspoof2019_LA_train/flac/LA_T_8791339.flac,0
/data/DATASETS/ASV_Spoof_2019_LA/ASVspoof2019_LA_eval/flac/LA_E_4029917.flac,0
/data/DATASETS/ASV_Spoof_2019_LA/ASVspoof2019_LA_train/flac/LA_T_3426616.flac,0
/data/DATASETS/ASV_Spoof_2019_LA/ASVspoof2019_LA_eval/flac/LA_E_2171631.flac,0
/data/DATASETS/ASV_Spoof_2019_LA/ASVspoof2019_LA_train/flac/LA_T_8455678.flac,0
/data/DATASETS/ASV_Spoof_2019_LA/ASVspoof2019_LA_eval/flac/LA_E_6439212.flac,0
/data/DATASETS/ASV_Spoof_2019_LA/ASVspoof2019_LA_dev/flac/LA_D_2165027.flac,0
/data/DATASETS/ASV_Spoof_2019_LA/ASVspoof2019_LA_dev/flac/LA_D_8246056.flac,0
/data/DATASETS/ASV_Spoof_2019_LA/ASVspoof2019_LA_eval/flac/LA_E_8537441.flac,0
/data/DATASETS/ASV_Spoof_2019_LA/ASVspoof2019_LA_eval/flac/LA_E_7866716.flac,0
/data/DATASETS/ASV_Spoof_2019_LA/ASVspoof2019_LA_dev/flac/LA_D_6843468.flac,0
/data/DATASETS/ASV_Spoof_2019_LA/ASVspoof2019_LA_eval/flac/LA_E_4847066.flac,0
/data/DATASETS/ASV_Spoof_2019_LA/ASVspoof2019_LA_eval/flac/LA_E_4949951.flac,0
/data/DATASETS/ASV_Spoof_2019_LA/ASVspoof2019_LA_eval/flac/LA_E_6490551.flac,0
/data/DATASETS/ASV_Spoof_2019_LA/ASVspoof2019_LA_eval/flac/LA_E_6250591.flac,0
/data/DATASETS/ASV_Spoof_2019_LA/ASVspoof2019_LA_eval/flac/LA_E_2836059.flac,0
/data/DATASETS/ASV_Spoof_2019_LA/ASVspoof2019_LA_eval/flac/LA_E_3514494.flac,0
/data/DATASETS/ASV_Spoof_2019_LA/ASVspoof2019_LA_train/flac/LA_T_6799312.flac,0
/data/DATASETS/ASV_Spoof_2019_LA/ASVspoof2019_LA_train/flac/LA_T_5824253.flac,0
/data/DATASETS/ASV_Spoof_2019_LA/ASVspoof2019_LA_dev/flac/LA_D_5676897.flac,0
/data/DATASETS/ASV_Spoof_2019_LA/ASVspoof2019_LA_dev/flac/LA_D_8681156.flac,0
/data/DATASETS/ASV_Spoof_2019_LA/ASVspoof2019_LA_dev/flac/LA_D_7900736.flac,0
/data/DATASETS/ASV_Spoof_2019_LA/ASVspoof2019_LA_train/flac/LA_T_5266787.flac,0
/data/DATASETS/ASV_Spoof_2019_LA/ASVspoof2019_LA_dev/flac/LA_D_5175785.flac,0
/data/DATASETS/ASV_Spoof_2019_LA/ASVspoof2019_LA_eval/flac/LA_E_8666185.flac,0
/data/DATASETS/ASV_Spoof_2019_LA/ASVspoof2019_LA_eval/flac/LA_E_7721272.flac,0
/data/DATASETS/ASV_Spoof_2019_LA/ASVspoof2019_LA_dev/flac/LA_D_8187537.flac,0
/data/DATASETS/ASV_Spoof_2019_LA/ASVspoof2019_LA_eval/flac/LA_E_5707373.flac,0
/data/DATASETS/ASV_Spoof_2019_LA/ASVspoof2019_LA_eval/flac/LA_E_1832737.flac,0
/data/DATASETS/ASV_Spoof_2019_LA/ASVspoof2019_LA_eval/flac/LA_E_5943876.flac,0
/data/DATASETS/ASV_Spoof_2019_LA/ASVspoof2019_LA_eval/flac/LA_E_6778807.flac,0
/data/DATASETS/ASV_Spoof_2019_LA/ASVspoof2019_LA_eval/flac/LA_E_3391932.flac,0
/data/DATASETS/ASV_Spoof_2019_LA/ASVspoof2019_LA_eval/flac/LA_E_1584046.flac,0
/data/DATASETS/ASV_Spoof_2019_LA/ASVspoof2019_LA_eval/flac/LA_E_9160824.flac,0
/data/DATASETS/ASV_Spoof_2019_LA/ASVspoof2019_LA_train/flac/LA_T_5799348.flac,0
/data/DATASETS/ASV_Spoof_2019_LA/ASVspoof2019_LA_train/flac/LA_T_5112094.flac,0
/data/DATASETS/ASV_Spoof_2019_LA/ASVspoof2019_LA_dev/flac/LA_D_6198746.flac,0
/data/DATASETS/ASV_Spoof_2019_LA/ASVspoof2019_LA_train/flac/LA_T_8880498.flac,0
/data/DATASETS/ASV_Spoof_2019_LA/ASVspoof2019_LA_dev/flac/LA_D_4670510.flac,0
/data/DATASETS/ASV_Spoof_2019_LA/ASVspoof2019_LA_train/flac/LA_T_9844620.flac,0
/data/DATASETS/ASV_Spoof_2019_LA/ASVspoof2019_LA_dev/flac/LA_D_9502258.flac,0
/data/DATASETS/ASV_Spoof_2019_LA/ASVspoof2019_LA_eval/flac/LA_E_7711896.flac,0
/data/DATASETS/ASV_Spoof_2019_LA/ASVspoof2019_LA_dev/flac/LA_D_9851827.flac,0
/data/DATASETS/ASV_Spoof_2019_LA/ASVspoof2019_LA_eval/flac/LA_E_1392652.flac,0
/data/DATASETS/ASV_Spoof_2019_LA/ASVspoof2019_LA_eval/flac/LA_E_9566748.flac,0
/data/DATASETS/ASV_Spoof_2019_LA/ASVspoof2019_LA_eval/flac/LA_E_5960975.flac,0
/data/DATASETS/ASV_Spoof_2019_LA/ASVspoof2019_LA_dev/flac/LA_D_3198087.flac,0
/data/DATASETS/ASV_Spoof_2019_LA/ASVspoof2019_LA_eval/flac/LA_E_5490678.flac,0
/data/DATASETS/ASV_Spoof_2019_LA/ASVspoof2019_LA_dev/flac/LA_D_9091774.flac,0
/data/DATASETS/ASV_Spoof_2019_LA/ASVspoof2019_LA_eval/flac/LA_E_7307881.flac,0
/data/DATASETS/ASV_Spoof_2019_LA/ASVspoof2019_LA_train/flac/LA_T_7905464.flac,0
/data/DATASETS/ASV_Spoof_2019_LA/ASVspoof2019_LA_eval/flac/LA_E_7491568.flac,0
/data/DATASETS/ASV_Spoof_2019_LA/ASVspoof2019_LA_eval/flac/LA_E_9641502.flac,0
/data/DATASETS/ASV_Spoof_2019_LA/ASVspoof2019_LA_eval/flac/LA_E_8184044.flac,0
/data/DATASETS/ASV_Spoof_2019_LA/ASVspoof2019_LA_eval/flac/LA_E_4697286.flac,0
/data/DATASETS/ASV_Spoof_2019_LA/ASVspoof2019_LA_eval/flac/LA_E_6160429.flac,0
/data/DATASETS/ASV_Spoof_2019_LA/ASVspoof2019_LA_eval/flac/LA_E_9578227.flac,0
/data/DATASETS/ASV_Spoof_2019_LA/ASVspoof2019_LA_train/flac/LA_T_9851949.flac,0
/data/DATASETS/ASV_Spoof_2019_LA/ASVspoof2019_LA_eval/flac/LA_E_9731485.flac,0
/data/DATASETS/ASV_Spoof_2019_LA/ASVspoof2019_LA_eval/flac/LA_E_8380906.flac,0
/data/DATASETS/ASV_Spoof_2019_LA/ASVspoof2019_LA_eval/flac/LA_E_4060048.flac,0
/data/DATASETS/ASV_Spoof_2019_LA/ASVspoof2019_LA_eval/flac/LA_E_7266939.flac,0
/data/DATASETS/ASV_Spoof_2019_LA/ASVspoof2019_LA_eval/flac/LA_E_8494368.flac,0
/data/DATASETS/ASV_Spoof_2019_LA/ASVspoof2019_LA_train/flac/LA_T_3778213.flac,0
/data/DATASETS/ASV_Spoof_2019_LA/ASVspoof2019_LA_train/flac/LA_T_7164335.flac,0
/data/DATASETS/ASV_Spoof_2019_LA/ASVspoof2019_LA_train/flac/LA_T_4853464.flac,0
/data/DATASETS/ASV_Spoof_2019_LA/ASVspoof2019_LA_eval/flac/LA_E_8609820.flac,0
/data/DATASETS/ASV_Spoof_2019_LA/ASVspoof2019_LA_train/flac/LA_T_7702835.flac,0
/data/DATASETS/ASV_Spoof_2019_LA/ASVspoof2019_LA_eval/flac/LA_E_6298619.flac,0
/data/DATASETS/ASV_Spoof_2019_LA/ASVspoof2019_LA_eval/flac/LA_E_2091201.flac,0
/data/DATASETS/ASV_Spoof_2019_LA/ASVspoof2019_LA_eval/flac/LA_E_9337827.flac,0
/data/DATASETS/ASV_Spoof_2019_LA/ASVspoof2019_LA_eval/flac/LA_E_2310979.flac,0
/data/DATASETS/ASV_Spoof_2019_LA/ASVspoof2019_LA_eval/flac/LA_E_8411060.flac,0
/data/DATASETS/ASV_Spoof_2019_LA/ASVspoof2019_LA_eval/flac/LA_E_3699466.flac,0
/data/DATASETS/ASV_Spoof_2019_LA/ASVspoof2019_LA_dev/flac/LA_D_8214303.flac,0
/data/DATASETS/ASV_Spoof_2019_LA/ASVspoof2019_LA_eval/flac/LA_E_1692344.flac,0
/data/DATASETS/ASV_Spoof_2019_LA/ASVspoof2019_LA_train/flac/LA_T_5484062.flac,0
/data/DATASETS/ASV_Spoof_2019_LA/ASVspoof2019_LA_eval/flac/LA_E_9331162.flac,0
/data/DATASETS/ASV_Spoof_2019_LA/ASVspoof2019_LA_eval/flac/LA_E_4296238.flac,0
/data/DATASETS/ASV_Spoof_2019_LA/ASVspoof2019_LA_train/flac/LA_T_5014965.flac,0
/data/DATASETS/ASV_Spoof_2019_LA/ASVspoof2019_LA_dev/flac/LA_D_7861052.flac,0
/data/DATASETS/ASV_Spoof_2019_LA/ASVspoof2019_LA_eval/flac/LA_E_2074204.flac,0
/data/DATASETS/ASV_Spoof_2019_LA/ASVspoof2019_LA_eval/flac/LA_E_5226440.flac,0
/data/DATASETS/ASV_Spoof_2019_LA/ASVspoof2019_LA_eval/flac/LA_E_2449415.flac,0
/data/DATASETS/ASV_Spoof_2019_LA/ASVspoof2019_LA_eval/flac/LA_E_1323459.flac,0
/data/DATASETS/ASV_Spoof_2019_LA/ASVspoof2019_LA_eval/flac/LA_E_3998286.flac,0
/data/DATASETS/ASV_Spoof_2019_LA/ASVspoof2019_LA_train/flac/LA_T_4068159.flac,0
/data/DATASETS/ASV_Spoof_2019_LA/ASVspoof2019_LA_eval/flac/LA_E_7885522.flac,0
/data/DATASETS/ASV_Spoof_2019_LA/ASVspoof2019_LA_dev/flac/LA_D_4620892.flac,0
/data/DATASETS/ASV_Spoof_2019_LA/ASVspoof2019_LA_dev/flac/LA_D_2014243.flac,0
/data/DATASETS/ASV_Spoof_2019_LA/ASVspoof2019_LA_eval/flac/LA_E_9903986.flac,0
/data/DATASETS/ASV_Spoof_2019_LA/ASVspoof2019_LA_train/flac/LA_T_6141607.flac,0
/data/DATASETS/ASV_Spoof_2019_LA/ASVspoof2019_LA_eval/flac/LA_E_5229141.flac,0
/data/DATASETS/ASV_Spoof_2019_LA/ASVspoof2019_LA_eval/flac/LA_E_4248444.flac,0
/data/DATASETS/ASV_Spoof_2019_LA/ASVspoof2019_LA_dev/flac/LA_D_2831561.flac,0
/data/DATASETS/ASV_Spoof_2019_LA/ASVspoof2019_LA_eval/flac/LA_E_4411806.flac,0
/data/DATASETS/ASV_Spoof_2019_LA/ASVspoof2019_LA_eval/flac/LA_E_1097979.flac,0
/data/DATASETS/ASV_Spoof_2019_LA/ASVspoof2019_LA_eval/flac/LA_E_7308717.flac,0
/data/DATASETS/ASV_Spoof_2019_LA/ASVspoof2019_LA_dev/flac/LA_D_8947861.flac,0
/data/DATASETS/ASV_Spoof_2019_LA/ASVspoof2019_LA_train/flac/LA_T_6358737.flac,0
/data/DATASETS/ASV_Spoof_2019_LA/ASVspoof2019_LA_dev/flac/LA_D_9818781.flac,0
/data/DATASETS/ASV_Spoof_2019_LA/ASVspoof2019_LA_eval/flac/LA_E_5460442.flac,0
/data/DATASETS/ASV_Spoof_2019_LA/ASVspoof2019_LA_eval/flac/LA_E_2733152.flac,0
/data/DATASETS/ASV_Spoof_2019_LA/ASVspoof2019_LA_eval/flac/LA_E_9185691.flac,0
/data/DATASETS/ASV_Spoof_2019_LA/ASVspoof2019_LA_eval/flac/LA_E_4963270.flac,0
/data/DATASETS/ASV_Spoof_2019_LA/ASVspoof2019_LA_dev/flac/LA_D_1824180.flac,0
/data/DATASETS/ASV_Spoof_2019_LA/ASVspoof2019_LA_eval/flac/LA_E_1727308.flac,0
/data/DATASETS/ASV_Spoof_2019_LA/ASVspoof2019_LA_train/flac/LA_T_6727856.flac,0
/data/DATASETS/ASV_Spoof_2019_LA/ASVspoof2019_LA_dev/flac/LA_D_4433236.flac,0
/data/DATASETS/ASV_Spoof_2019_LA/ASVspoof2019_LA_eval/flac/LA_E_3541477.flac,0
/data/DATASETS/ASV_Spoof_2019_LA/ASVspoof2019_LA_eval/flac/LA_E_7732360.flac,0
/data/DATASETS/ASV_Spoof_2019_LA/ASVspoof2019_LA_eval/flac/LA_E_1216150.flac,0
/data/DATASETS/ASV_Spoof_2019_LA/ASVspoof2019_LA_dev/flac/LA_D_9689549.flac,0
/data/DATASETS/ASV_Spoof_2019_LA/ASVspoof2019_LA_eval/flac/LA_E_9866308.flac,0
/data/DATASETS/ASV_Spoof_2019_LA/ASVspoof2019_LA_dev/flac/LA_D_8017985.flac,0
/data/DATASETS/ASV_Spoof_2019_LA/ASVspoof2019_LA_dev/flac/LA_D_5780144.flac,0
/data/DATASETS/ASV_Spoof_2019_LA/ASVspoof2019_LA_eval/flac/LA_E_5329908.flac,0
/data/DATASETS/ASV_Spoof_2019_LA/ASVspoof2019_LA_eval/flac/LA_E_6332493.flac,0
/data/DATASETS/ASV_Spoof_2019_LA/ASVspoof2019_LA_eval/flac/LA_E_7237077.flac,0
/data/DATASETS/ASV_Spoof_2019_LA/ASVspoof2019_LA_eval/flac/LA_E_9702117.flac,0
/data/DATASETS/ASV_Spoof_2019_LA/ASVspoof2019_LA_eval/flac/LA_E_8978611.flac,0
/data/DATASETS/ASV_Spoof_2019_LA/ASVspoof2019_LA_eval/flac/LA_E_7058027.flac,0
/data/DATASETS/ASV_Spoof_2019_LA/ASVspoof2019_LA_eval/flac/LA_E_2600245.flac,0
/data/DATASETS/ASV_Spoof_2019_LA/ASVspoof2019_LA_eval/flac/LA_E_8702009.flac,0
/data/DATASETS/ASV_Spoof_2019_LA/ASVspoof2019_LA_eval/flac/LA_E_9852480.flac,0
/data/DATASETS/ASV_Spoof_2019_LA/ASVspoof2019_LA_dev/flac/LA_D_1590530.flac,0
/data/DATASETS/ASV_Spoof_2019_LA/ASVspoof2019_LA_eval/flac/LA_E_5579854.flac,0
/data/DATASETS/ASV_Spoof_2019_LA/ASVspoof2019_LA_train/flac/LA_T_8893973.flac,0
/data/DATASETS/ASV_Spoof_2019_LA/ASVspoof2019_LA_eval/flac/LA_E_9906132.flac,0
/data/DATASETS/ASV_Spoof_2019_LA/ASVspoof2019_LA_train/flac/LA_T_9482402.flac,0
/data/DATASETS/ASV_Spoof_2019_LA/ASVspoof2019_LA_dev/flac/LA_D_1253089.flac,0
/data/DATASETS/ASV_Spoof_2019_LA/ASVspoof2019_LA_eval/flac/LA_E_4371695.flac,0
/data/DATASETS/ASV_Spoof_2019_LA/ASVspoof2019_LA_eval/flac/LA_E_9566157.flac,0
/data/DATASETS/ASV_Spoof_2019_LA/ASVspoof2019_LA_eval/flac/LA_E_2091039.flac,0
/data/DATASETS/ASV_Spoof_2019_LA/ASVspoof2019_LA_eval/flac/LA_E_4991842.flac,0
/data/DATASETS/ASV_Spoof_2019_LA/ASVspoof2019_LA_eval/flac/LA_E_6445505.flac,0
/data/DATASETS/ASV_Spoof_2019_LA/ASVspoof2019_LA_eval/flac/LA_E_8109066.flac,0
/data/DATASETS/ASV_Spoof_2019_LA/ASVspoof2019_LA_eval/flac/LA_E_2398135.flac,0
/data/DATASETS/ASV_Spoof_2019_LA/ASVspoof2019_LA_eval/flac/LA_E_5272368.flac,0
/data/DATASETS/ASV_Spoof_2019_LA/ASVspoof2019_LA_eval/flac/LA_E_1206794.flac,0
/data/DATASETS/ASV_Spoof_2019_LA/ASVspoof2019_LA_dev/flac/LA_D_7066960.flac,0
/data/DATASETS/ASV_Spoof_2019_LA/ASVspoof2019_LA_train/flac/LA_T_8576608.flac,0
/data/DATASETS/ASV_Spoof_2019_LA/ASVspoof2019_LA_eval/flac/LA_E_4600293.flac,0
/data/DATASETS/ASV_Spoof_2019_LA/ASVspoof2019_LA_eval/flac/LA_E_6104509.flac,0
/data/DATASETS/ASV_Spoof_2019_LA/ASVspoof2019_LA_dev/flac/LA_D_8042945.flac,0
/data/DATASETS/ASV_Spoof_2019_LA/ASVspoof2019_LA_eval/flac/LA_E_9736346.flac,0
/data/DATASETS/ASV_Spoof_2019_LA/ASVspoof2019_LA_dev/flac/LA_D_9026368.flac,0
/data/DATASETS/ASV_Spoof_2019_LA/ASVspoof2019_LA_dev/flac/LA_D_3985682.flac,0
/data/DATASETS/ASV_Spoof_2019_LA/ASVspoof2019_LA_eval/flac/LA_E_8748336.flac,0
/data/DATASETS/ASV_Spoof_2019_LA/ASVspoof2019_LA_dev/flac/LA_D_7629182.flac,0
/data/DATASETS/ASV_Spoof_2019_LA/ASVspoof2019_LA_eval/flac/LA_E_3918525.flac,0
/data/DATASETS/ASV_Spoof_2019_LA/ASVspoof2019_LA_train/flac/LA_T_5900964.flac,0
/data/DATASETS/ASV_Spoof_2019_LA/ASVspoof2019_LA_eval/flac/LA_E_9796232.flac,0
/data/DATASETS/ASV_Spoof_2019_LA/ASVspoof2019_LA_eval/flac/LA_E_7879827.flac,0
/data/DATASETS/ASV_Spoof_2019_LA/ASVspoof2019_LA_eval/flac/LA_E_9417451.flac,0
/data/DATASETS/ASV_Spoof_2019_LA/ASVspoof2019_LA_train/flac/LA_T_9793995.flac,0
/data/DATASETS/ASV_Spoof_2019_LA/ASVspoof2019_LA_eval/flac/LA_E_6676811.flac,0
/data/DATASETS/ASV_Spoof_2019_LA/ASVspoof2019_LA_eval/flac/LA_E_7738934.flac,0
/data/DATASETS/ASV_Spoof_2019_LA/ASVspoof2019_LA_eval/flac/LA_E_5482130.flac,0
/data/DATASETS/ASV_Spoof_2019_LA/ASVspoof2019_LA_eval/flac/LA_E_9539727.flac,0
/data/DATASETS/ASV_Spoof_2019_LA/ASVspoof2019_LA_train/flac/LA_T_6642565.flac,0
/data/DATASETS/ASV_Spoof_2019_LA/ASVspoof2019_LA_train/flac/LA_T_2144764.flac,0
/data/DATASETS/ASV_Spoof_2019_LA/ASVspoof2019_LA_train/flac/LA_T_4290789.flac,0
/data/DATASETS/ASV_Spoof_2019_LA/ASVspoof2019_LA_train/flac/LA_T_8429573.flac,0
/data/DATASETS/ASV_Spoof_2019_LA/ASVspoof2019_LA_dev/flac/LA_D_6302480.flac,0
/data/DATASETS/ASV_Spoof_2019_LA/ASVspoof2019_LA_dev/flac/LA_D_6611532.flac,0
/data/DATASETS/ASV_Spoof_2019_LA/ASVspoof2019_LA_eval/flac/LA_E_1330872.flac,0
/data/DATASETS/ASV_Spoof_2019_LA/ASVspoof2019_LA_eval/flac/LA_E_7475060.flac,0
/data/DATASETS/ASV_Spoof_2019_LA/ASVspoof2019_LA_train/flac/LA_T_6081990.flac,0
/data/DATASETS/ASV_Spoof_2019_LA/ASVspoof2019_LA_eval/flac/LA_E_8198268.flac,0
/data/DATASETS/ASV_Spoof_2019_LA/ASVspoof2019_LA_eval/flac/LA_E_4200126.flac,0
/data/DATASETS/ASV_Spoof_2019_LA/ASVspoof2019_LA_dev/flac/LA_D_7030281.flac,0
/data/DATASETS/ASV_Spoof_2019_LA/ASVspoof2019_LA_eval/flac/LA_E_6086249.flac,0
/data/DATASETS/ASV_Spoof_2019_LA/ASVspoof2019_LA_eval/flac/LA_E_4237705.flac,0
/data/DATASETS/ASV_Spoof_2019_LA/ASVspoof2019_LA_train/flac/LA_T_2109491.flac,0
/data/DATASETS/ASV_Spoof_2019_LA/ASVspoof2019_LA_train/flac/LA_T_9003780.flac,0
/data/DATASETS/ASV_Spoof_2019_LA/ASVspoof2019_LA_dev/flac/LA_D_6480348.flac,0
/data/DATASETS/ASV_Spoof_2019_LA/ASVspoof2019_LA_eval/flac/LA_E_9951298.flac,0
/data/DATASETS/ASV_Spoof_2019_LA/ASVspoof2019_LA_dev/flac/LA_D_8214679.flac,0
/data/DATASETS/ASV_Spoof_2019_LA/ASVspoof2019_LA_eval/flac/LA_E_1362978.flac,0
/data/DATASETS/ASV_Spoof_2019_LA/ASVspoof2019_LA_eval/flac/LA_E_9958197.flac,0
/data/DATASETS/ASV_Spoof_2019_LA/ASVspoof2019_LA_eval/flac/LA_E_4888735.flac,0
/data/DATASETS/ASV_Spoof_2019_LA/ASVspoof2019_LA_eval/flac/LA_E_4887602.flac,0
/data/DATASETS/ASV_Spoof_2019_LA/ASVspoof2019_LA_eval/flac/LA_E_5043905.flac,0
/data/DATASETS/ASV_Spoof_2019_LA/ASVspoof2019_LA_train/flac/LA_T_5585550.flac,0
/data/DATASETS/ASV_Spoof_2019_LA/ASVspoof2019_LA_dev/flac/LA_D_1234829.flac,0
/data/DATASETS/ASV_Spoof_2019_LA/ASVspoof2019_LA_eval/flac/LA_E_7328814.flac,0
/data/DATASETS/ASV_Spoof_2019_LA/ASVspoof2019_LA_eval/flac/LA_E_7047441.flac,0
/data/DATASETS/ASV_Spoof_2019_LA/ASVspoof2019_LA_eval/flac/LA_E_1883427.flac,0
/data/DATASETS/ASV_Spoof_2019_LA/ASVspoof2019_LA_eval/flac/LA_E_2178954.flac,0
/data/DATASETS/ASV_Spoof_2019_LA/ASVspoof2019_LA_dev/flac/LA_D_8745130.flac,0
/data/DATASETS/ASV_Spoof_2019_LA/ASVspoof2019_LA_eval/flac/LA_E_2499908.flac,0
/data/DATASETS/ASV_Spoof_2019_LA/ASVspoof2019_LA_eval/flac/LA_E_7548565.flac,0
/data/DATASETS/ASV_Spoof_2019_LA/ASVspoof2019_LA_eval/flac/LA_E_2427315.flac,0
/data/DATASETS/ASV_Spoof_2019_LA/ASVspoof2019_LA_train/flac/LA_T_3022241.flac,0
/data/DATASETS/ASV_Spoof_2019_LA/ASVspoof2019_LA_eval/flac/LA_E_3318013.flac,0
/data/DATASETS/ASV_Spoof_2019_LA/ASVspoof2019_LA_train/flac/LA_T_6303319.flac,0
/data/DATASETS/ASV_Spoof_2019_LA/ASVspoof2019_LA_eval/flac/LA_E_3010929.flac,0
/data/DATASETS/ASV_Spoof_2019_LA/ASVspoof2019_LA_dev/flac/LA_D_3352195.flac,0
/data/DATASETS/ASV_Spoof_2019_LA/ASVspoof2019_LA_dev/flac/LA_D_7870160.flac,0
/data/DATASETS/ASV_Spoof_2019_LA/ASVspoof2019_LA_eval/flac/LA_E_6229989.flac,0
/data/DATASETS/ASV_Spoof_2019_LA/ASVspoof2019_LA_eval/flac/LA_E_8296597.flac,0
/data/DATASETS/ASV_Spoof_2019_LA/ASVspoof2019_LA_train/flac/LA_T_7797285.flac,0
/data/DATASETS/ASV_Spoof_2019_LA/ASVspoof2019_LA_eval/flac/LA_E_1901787.flac,0
/data/DATASETS/ASV_Spoof_2019_LA/ASVspoof2019_LA_eval/flac/LA_E_7856675.flac,0
/data/DATASETS/ASV_Spoof_2019_LA/ASVspoof2019_LA_eval/flac/LA_E_1760255.flac,0
/data/DATASETS/ASV_Spoof_2019_LA/ASVspoof2019_LA_dev/flac/LA_D_1118839.flac,0
/data/DATASETS/ASV_Spoof_2019_LA/ASVspoof2019_LA_eval/flac/LA_E_9608364.flac,0
/data/DATASETS/ASV_Spoof_2019_LA/ASVspoof2019_LA_dev/flac/LA_D_3475865.flac,0
/data/DATASETS/ASV_Spoof_2019_LA/ASVspoof2019_LA_train/flac/LA_T_6877652.flac,0
/data/DATASETS/ASV_Spoof_2019_LA/ASVspoof2019_LA_eval/flac/LA_E_3609176.flac,0
/data/DATASETS/ASV_Spoof_2019_LA/ASVspoof2019_LA_train/flac/LA_T_4980341.flac,0
/data/DATASETS/ASV_Spoof_2019_LA/ASVspoof2019_LA_eval/flac/LA_E_5928674.flac,0
/data/DATASETS/ASV_Spoof_2019_LA/ASVspoof2019_LA_dev/flac/LA_D_4063304.flac,0
/data/DATASETS/ASV_Spoof_2019_LA/ASVspoof2019_LA_eval/flac/LA_E_6948112.flac,0
/data/DATASETS/ASV_Spoof_2019_LA/ASVspoof2019_LA_dev/flac/LA_D_1482998.flac,0
/data/DATASETS/ASV_Spoof_2019_LA/ASVspoof2019_LA_dev/flac/LA_D_2462911.flac,0
/data/DATASETS/ASV_Spoof_2019_LA/ASVspoof2019_LA_eval/flac/LA_E_6261483.flac,0
/data/DATASETS/ASV_Spoof_2019_LA/ASVspoof2019_LA_train/flac/LA_T_3105506.flac,0
/data/DATASETS/ASV_Spoof_2019_LA/ASVspoof2019_LA_eval/flac/LA_E_4787510.flac,0
/data/DATASETS/ASV_Spoof_2019_LA/ASVspoof2019_LA_train/flac/LA_T_3310939.flac,0
/data/DATASETS/ASV_Spoof_2019_LA/ASVspoof2019_LA_eval/flac/LA_E_4180574.flac,0
/data/DATASETS/ASV_Spoof_2019_LA/ASVspoof2019_LA_eval/flac/LA_E_1802212.flac,0
/data/DATASETS/ASV_Spoof_2019_LA/ASVspoof2019_LA_eval/flac/LA_E_1841613.flac,0
/data/DATASETS/ASV_Spoof_2019_LA/ASVspoof2019_LA_eval/flac/LA_E_4805070.flac,0
/data/DATASETS/ASV_Spoof_2019_LA/ASVspoof2019_LA_eval/flac/LA_E_5329261.flac,0
/data/DATASETS/ASV_Spoof_2019_LA/ASVspoof2019_LA_eval/flac/LA_E_2613785.flac,0
/data/DATASETS/ASV_Spoof_2019_LA/ASVspoof2019_LA_eval/flac/LA_E_9051773.flac,0
/data/DATASETS/ASV_Spoof_2019_LA/ASVspoof2019_LA_eval/flac/LA_E_4890069.flac,0
/data/DATASETS/ASV_Spoof_2019_LA/ASVspoof2019_LA_dev/flac/LA_D_4828901.flac,0
/data/DATASETS/ASV_Spoof_2019_LA/ASVspoof2019_LA_eval/flac/LA_E_5556693.flac,0
/data/DATASETS/ASV_Spoof_2019_LA/ASVspoof2019_LA_eval/flac/LA_E_4809124.flac,0
/data/DATASETS/ASV_Spoof_2019_LA/ASVspoof2019_LA_eval/flac/LA_E_6502439.flac,0
/data/DATASETS/ASV_Spoof_2019_LA/ASVspoof2019_LA_eval/flac/LA_E_9978709.flac,0
/data/DATASETS/ASV_Spoof_2019_LA/ASVspoof2019_LA_eval/flac/LA_E_6636246.flac,0
/data/DATASETS/ASV_Spoof_2019_LA/ASVspoof2019_LA_dev/flac/LA_D_6038297.flac,0
/data/DATASETS/ASV_Spoof_2019_LA/ASVspoof2019_LA_eval/flac/LA_E_8140614.flac,0
/data/DATASETS/ASV_Spoof_2019_LA/ASVspoof2019_LA_dev/flac/LA_D_8394417.flac,0
/data/DATASETS/ASV_Spoof_2019_LA/ASVspoof2019_LA_eval/flac/LA_E_6451464.flac,0
/data/DATASETS/ASV_Spoof_2019_LA/ASVspoof2019_LA_eval/flac/LA_E_8564951.flac,0
/data/DATASETS/ASV_Spoof_2019_LA/ASVspoof2019_LA_eval/flac/LA_E_4332277.flac,0
/data/DATASETS/ASV_Spoof_2019_LA/ASVspoof2019_LA_train/flac/LA_T_9882639.flac,0
/data/DATASETS/ASV_Spoof_2019_LA/ASVspoof2019_LA_eval/flac/LA_E_8650078.flac,0
/data/DATASETS/ASV_Spoof_2019_LA/ASVspoof2019_LA_eval/flac/LA_E_3095411.flac,0
/data/DATASETS/ASV_Spoof_2019_LA/ASVspoof2019_LA_eval/flac/LA_E_4587291.flac,0
/data/DATASETS/ASV_Spoof_2019_LA/ASVspoof2019_LA_eval/flac/LA_E_5839931.flac,0
/data/DATASETS/ASV_Spoof_2019_LA/ASVspoof2019_LA_eval/flac/LA_E_9660021.flac,0
/data/DATASETS/ASV_Spoof_2019_LA/ASVspoof2019_LA_dev/flac/LA_D_5178609.flac,0
/data/DATASETS/ASV_Spoof_2019_LA/ASVspoof2019_LA_eval/flac/LA_E_2253129.flac,0
/data/DATASETS/ASV_Spoof_2019_LA/ASVspoof2019_LA_eval/flac/LA_E_6992658.flac,0
/data/DATASETS/ASV_Spoof_2019_LA/ASVspoof2019_LA_eval/flac/LA_E_9597730.flac,0
/data/DATASETS/ASV_Spoof_2019_LA/ASVspoof2019_LA_eval/flac/LA_E_9355485.flac,0
/data/DATASETS/ASV_Spoof_2019_LA/ASVspoof2019_LA_dev/flac/LA_D_8436641.flac,0
/data/DATASETS/ASV_Spoof_2019_LA/ASVspoof2019_LA_dev/flac/LA_D_7562190.flac,0
/data/DATASETS/ASV_Spoof_2019_LA/ASVspoof2019_LA_dev/flac/LA_D_1467031.flac,0
/data/DATASETS/ASV_Spoof_2019_LA/ASVspoof2019_LA_eval/flac/LA_E_5482008.flac,0
/data/DATASETS/ASV_Spoof_2019_LA/ASVspoof2019_LA_eval/flac/LA_E_8645547.flac,0
/data/DATASETS/ASV_Spoof_2019_LA/ASVspoof2019_LA_eval/flac/LA_E_1259316.flac,0
/data/DATASETS/ASV_Spoof_2019_LA/ASVspoof2019_LA_eval/flac/LA_E_4648870.flac,0
/data/DATASETS/ASV_Spoof_2019_LA/ASVspoof2019_LA_eval/flac/LA_E_9970199.flac,0
/data/DATASETS/ASV_Spoof_2019_LA/ASVspoof2019_LA_train/flac/LA_T_8880327.flac,0
/data/DATASETS/ASV_Spoof_2019_LA/ASVspoof2019_LA_eval/flac/LA_E_2089512.flac,0
/data/DATASETS/ASV_Spoof_2019_LA/ASVspoof2019_LA_eval/flac/LA_E_8353060.flac,0
/data/DATASETS/ASV_Spoof_2019_LA/ASVspoof2019_LA_eval/flac/LA_E_7388854.flac,0
/data/DATASETS/ASV_Spoof_2019_LA/ASVspoof2019_LA_eval/flac/LA_E_6416358.flac,0
/data/DATASETS/ASV_Spoof_2019_LA/ASVspoof2019_LA_train/flac/LA_T_3758429.flac,0
/data/DATASETS/ASV_Spoof_2019_LA/ASVspoof2019_LA_eval/flac/LA_E_5844041.flac,0
/data/DATASETS/ASV_Spoof_2019_LA/ASVspoof2019_LA_eval/flac/LA_E_8668479.flac,0
/data/DATASETS/ASV_Spoof_2019_LA/ASVspoof2019_LA_train/flac/LA_T_8430551.flac,0
/data/DATASETS/ASV_Spoof_2019_LA/ASVspoof2019_LA_eval/flac/LA_E_6672442.flac,0
/data/DATASETS/ASV_Spoof_2019_LA/ASVspoof2019_LA_dev/flac/LA_D_3174543.flac,0
/data/DATASETS/ASV_Spoof_2019_LA/ASVspoof2019_LA_train/flac/LA_T_6370833.flac,0
/data/DATASETS/ASV_Spoof_2019_LA/ASVspoof2019_LA_eval/flac/LA_E_5005288.flac,0
/data/DATASETS/ASV_Spoof_2019_LA/ASVspoof2019_LA_dev/flac/LA_D_6252124.flac,0
/data/DATASETS/ASV_Spoof_2019_LA/ASVspoof2019_LA_eval/flac/LA_E_2822019.flac,0
/data/DATASETS/ASV_Spoof_2019_LA/ASVspoof2019_LA_eval/flac/LA_E_5479419.flac,0
/data/DATASETS/ASV_Spoof_2019_LA/ASVspoof2019_LA_eval/flac/LA_E_1825757.flac,0
/data/DATASETS/ASV_Spoof_2019_LA/ASVspoof2019_LA_eval/flac/LA_E_5746473.flac,0
/data/DATASETS/ASV_Spoof_2019_LA/ASVspoof2019_LA_dev/flac/LA_D_8765991.flac,0
/data/DATASETS/ASV_Spoof_2019_LA/ASVspoof2019_LA_dev/flac/LA_D_6614329.flac,0
/data/DATASETS/ASV_Spoof_2019_LA/ASVspoof2019_LA_train/flac/LA_T_7976744.flac,0
/data/DATASETS/ASV_Spoof_2019_LA/ASVspoof2019_LA_train/flac/LA_T_2284275.flac,0
/data/DATASETS/ASV_Spoof_2019_LA/ASVspoof2019_LA_eval/flac/LA_E_4655373.flac,0
/data/DATASETS/ASV_Spoof_2019_LA/ASVspoof2019_LA_eval/flac/LA_E_2941153.flac,0
/data/DATASETS/ASV_Spoof_2019_LA/ASVspoof2019_LA_train/flac/LA_T_3465801.flac,0
/data/DATASETS/ASV_Spoof_2019_LA/ASVspoof2019_LA_eval/flac/LA_E_8317307.flac,0
/data/DATASETS/ASV_Spoof_2019_LA/ASVspoof2019_LA_eval/flac/LA_E_7219697.flac,0
/data/DATASETS/ASV_Spoof_2019_LA/ASVspoof2019_LA_eval/flac/LA_E_7379892.flac,0
/data/DATASETS/ASV_Spoof_2019_LA/ASVspoof2019_LA_eval/flac/LA_E_2405296.flac,0
/data/DATASETS/ASV_Spoof_2019_LA/ASVspoof2019_LA_eval/flac/LA_E_1762902.flac,0
/data/DATASETS/ASV_Spoof_2019_LA/ASVspoof2019_LA_eval/flac/LA_E_5290608.flac,0
/data/DATASETS/ASV_Spoof_2019_LA/ASVspoof2019_LA_eval/flac/LA_E_7198120.flac,0
/data/DATASETS/ASV_Spoof_2019_LA/ASVspoof2019_LA_eval/flac/LA_E_2906836.flac,0
/data/DATASETS/ASV_Spoof_2019_LA/ASVspoof2019_LA_dev/flac/LA_D_9173254.flac,0
/data/DATASETS/ASV_Spoof_2019_LA/ASVspoof2019_LA_eval/flac/LA_E_7632803.flac,0
/data/DATASETS/ASV_Spoof_2019_LA/ASVspoof2019_LA_eval/flac/LA_E_6894662.flac,0
/data/DATASETS/ASV_Spoof_2019_LA/ASVspoof2019_LA_dev/flac/LA_D_2774468.flac,0
/data/DATASETS/ASV_Spoof_2019_LA/ASVspoof2019_LA_eval/flac/LA_E_4865083.flac,0
/data/DATASETS/ASV_Spoof_2019_LA/ASVspoof2019_LA_train/flac/LA_T_2610237.flac,0
/data/DATASETS/ASV_Spoof_2019_LA/ASVspoof2019_LA_eval/flac/LA_E_2861804.flac,0
/data/DATASETS/ASV_Spoof_2019_LA/ASVspoof2019_LA_dev/flac/LA_D_4867067.flac,0
/data/DATASETS/ASV_Spoof_2019_LA/ASVspoof2019_LA_eval/flac/LA_E_7449969.flac,0
/data/DATASETS/ASV_Spoof_2019_LA/ASVspoof2019_LA_dev/flac/LA_D_1121887.flac,0
/data/DATASETS/ASV_Spoof_2019_LA/ASVspoof2019_LA_eval/flac/LA_E_7758062.flac,0
/data/DATASETS/ASV_Spoof_2019_LA/ASVspoof2019_LA_eval/flac/LA_E_8240919.flac,0
/data/DATASETS/ASV_Spoof_2019_LA/ASVspoof2019_LA_eval/flac/LA_E_7489506.flac,0
/data/DATASETS/ASV_Spoof_2019_LA/ASVspoof2019_LA_dev/flac/LA_D_3552967.flac,0
/data/DATASETS/ASV_Spoof_2019_LA/ASVspoof2019_LA_train/flac/LA_T_5867902.flac,0
/data/DATASETS/ASV_Spoof_2019_LA/ASVspoof2019_LA_dev/flac/LA_D_5415483.flac,0
/data/DATASETS/ASV_Spoof_2019_LA/ASVspoof2019_LA_train/flac/LA_T_6778841.flac,0
/data/DATASETS/ASV_Spoof_2019_LA/ASVspoof2019_LA_train/flac/LA_T_2489865.flac,0
/data/DATASETS/ASV_Spoof_2019_LA/ASVspoof2019_LA_eval/flac/LA_E_7246435.flac,0
/data/DATASETS/ASV_Spoof_2019_LA/ASVspoof2019_LA_train/flac/LA_T_3131990.flac,0
/data/DATASETS/ASV_Spoof_2019_LA/ASVspoof2019_LA_eval/flac/LA_E_1468379.flac,0
/data/DATASETS/ASV_Spoof_2019_LA/ASVspoof2019_LA_eval/flac/LA_E_3926357.flac,0
/data/DATASETS/ASV_Spoof_2019_LA/ASVspoof2019_LA_eval/flac/LA_E_6360591.flac,0
/data/DATASETS/ASV_Spoof_2019_LA/ASVspoof2019_LA_eval/flac/LA_E_4320640.flac,0
/data/DATASETS/ASV_Spoof_2019_LA/ASVspoof2019_LA_eval/flac/LA_E_7466834.flac,0
/data/DATASETS/ASV_Spoof_2019_LA/ASVspoof2019_LA_eval/flac/LA_E_5927801.flac,0
/data/DATASETS/ASV_Spoof_2019_LA/ASVspoof2019_LA_eval/flac/LA_E_3319120.flac,0
/data/DATASETS/ASV_Spoof_2019_LA/ASVspoof2019_LA_eval/flac/LA_E_6606295.flac,0
/data/DATASETS/ASV_Spoof_2019_LA/ASVspoof2019_LA_dev/flac/LA_D_1091102.flac,0
/data/DATASETS/ASV_Spoof_2019_LA/ASVspoof2019_LA_dev/flac/LA_D_5066833.flac,0
/data/DATASETS/ASV_Spoof_2019_LA/ASVspoof2019_LA_eval/flac/LA_E_2202812.flac,0
/data/DATASETS/ASV_Spoof_2019_LA/ASVspoof2019_LA_train/flac/LA_T_8062147.flac,0
/data/DATASETS/ASV_Spoof_2019_LA/ASVspoof2019_LA_train/flac/LA_T_9762480.flac,0
/data/DATASETS/ASV_Spoof_2019_LA/ASVspoof2019_LA_eval/flac/LA_E_8843893.flac,0
/data/DATASETS/ASV_Spoof_2019_LA/ASVspoof2019_LA_train/flac/LA_T_1933336.flac,0
/data/DATASETS/ASV_Spoof_2019_LA/ASVspoof2019_LA_eval/flac/LA_E_7225563.flac,0
/data/DATASETS/ASV_Spoof_2019_LA/ASVspoof2019_LA_dev/flac/LA_D_6984595.flac,0
/data/DATASETS/ASV_Spoof_2019_LA/ASVspoof2019_LA_dev/flac/LA_D_8792865.flac,0
/data/DATASETS/ASV_Spoof_2019_LA/ASVspoof2019_LA_eval/flac/LA_E_9271031.flac,0
/data/DATASETS/ASV_Spoof_2019_LA/ASVspoof2019_LA_eval/flac/LA_E_9538203.flac,0
/data/DATASETS/ASV_Spoof_2019_LA/ASVspoof2019_LA_eval/flac/LA_E_2388509.flac,0
/data/DATASETS/ASV_Spoof_2019_LA/ASVspoof2019_LA_eval/flac/LA_E_2313012.flac,0
/data/DATASETS/ASV_Spoof_2019_LA/ASVspoof2019_LA_eval/flac/LA_E_1169188.flac,0
/data/DATASETS/ASV_Spoof_2019_LA/ASVspoof2019_LA_eval/flac/LA_E_2553827.flac,0
/data/DATASETS/ASV_Spoof_2019_LA/ASVspoof2019_LA_eval/flac/LA_E_8493524.flac,0
/data/DATASETS/ASV_Spoof_2019_LA/ASVspoof2019_LA_train/flac/LA_T_1482834.flac,0
/data/DATASETS/ASV_Spoof_2019_LA/ASVspoof2019_LA_eval/flac/LA_E_3170441.flac,0
/data/DATASETS/ASV_Spoof_2019_LA/ASVspoof2019_LA_eval/flac/LA_E_6796450.flac,0
/data/DATASETS/ASV_Spoof_2019_LA/ASVspoof2019_LA_dev/flac/LA_D_4174389.flac,0
/data/DATASETS/ASV_Spoof_2019_LA/ASVspoof2019_LA_train/flac/LA_T_5417767.flac,0
/data/DATASETS/ASV_Spoof_2019_LA/ASVspoof2019_LA_train/flac/LA_T_5866152.flac,0
/data/DATASETS/ASV_Spoof_2019_LA/ASVspoof2019_LA_train/flac/LA_T_9358107.flac,0
/data/DATASETS/ASV_Spoof_2019_LA/ASVspoof2019_LA_eval/flac/LA_E_8942881.flac,0
/data/DATASETS/ASV_Spoof_2019_LA/ASVspoof2019_LA_eval/flac/LA_E_8222224.flac,0
/data/DATASETS/ASV_Spoof_2019_LA/ASVspoof2019_LA_dev/flac/LA_D_9782269.flac,0
/data/DATASETS/ASV_Spoof_2019_LA/ASVspoof2019_LA_eval/flac/LA_E_5939131.flac,0
/data/DATASETS/ASV_Spoof_2019_LA/ASVspoof2019_LA_eval/flac/LA_E_1352427.flac,0
/data/DATASETS/ASV_Spoof_2019_LA/ASVspoof2019_LA_train/flac/LA_T_9330790.flac,0
/data/DATASETS/ASV_Spoof_2019_LA/ASVspoof2019_LA_eval/flac/LA_E_8451979.flac,0
/data/DATASETS/ASV_Spoof_2019_LA/ASVspoof2019_LA_train/flac/LA_T_8521460.flac,0
/data/DATASETS/ASV_Spoof_2019_LA/ASVspoof2019_LA_dev/flac/LA_D_8006035.flac,0
/data/DATASETS/ASV_Spoof_2019_LA/ASVspoof2019_LA_eval/flac/LA_E_5069209.flac,0
/data/DATASETS/ASV_Spoof_2019_LA/ASVspoof2019_LA_dev/flac/LA_D_9917104.flac,0
/data/DATASETS/ASV_Spoof_2019_LA/ASVspoof2019_LA_dev/flac/LA_D_4777626.flac,0
/data/DATASETS/ASV_Spoof_2019_LA/ASVspoof2019_LA_train/flac/LA_T_2502033.flac,0
/data/DATASETS/ASV_Spoof_2019_LA/ASVspoof2019_LA_eval/flac/LA_E_8393096.flac,0
/data/DATASETS/ASV_Spoof_2019_LA/ASVspoof2019_LA_eval/flac/LA_E_7105936.flac,0
/data/DATASETS/ASV_Spoof_2019_LA/ASVspoof2019_LA_dev/flac/LA_D_8087859.flac,0
/data/DATASETS/ASV_Spoof_2019_LA/ASVspoof2019_LA_train/flac/LA_T_3465911.flac,0
/data/DATASETS/ASV_Spoof_2019_LA/ASVspoof2019_LA_eval/flac/LA_E_2418330.flac,0
/data/DATASETS/ASV_Spoof_2019_LA/ASVspoof2019_LA_eval/flac/LA_E_5011141.flac,0
/data/DATASETS/ASV_Spoof_2019_LA/ASVspoof2019_LA_eval/flac/LA_E_8896461.flac,0
/data/DATASETS/ASV_Spoof_2019_LA/ASVspoof2019_LA_train/flac/LA_T_2347217.flac,0
/data/DATASETS/ASV_Spoof_2019_LA/ASVspoof2019_LA_eval/flac/LA_E_9868028.flac,0
/data/DATASETS/ASV_Spoof_2019_LA/ASVspoof2019_LA_train/flac/LA_T_5801784.flac,0
/data/DATASETS/ASV_Spoof_2019_LA/ASVspoof2019_LA_dev/flac/LA_D_6453794.flac,0
/data/DATASETS/ASV_Spoof_2019_LA/ASVspoof2019_LA_dev/flac/LA_D_4367665.flac,0
/data/DATASETS/ASV_Spoof_2019_LA/ASVspoof2019_LA_dev/flac/LA_D_3686487.flac,0
/data/DATASETS/ASV_Spoof_2019_LA/ASVspoof2019_LA_train/flac/LA_T_9759753.flac,0
/data/DATASETS/ASV_Spoof_2019_LA/ASVspoof2019_LA_dev/flac/LA_D_8894613.flac,0
/data/DATASETS/ASV_Spoof_2019_LA/ASVspoof2019_LA_dev/flac/LA_D_5929116.flac,0
/data/DATASETS/ASV_Spoof_2019_LA/ASVspoof2019_LA_eval/flac/LA_E_6543651.flac,0
/data/DATASETS/ASV_Spoof_2019_LA/ASVspoof2019_LA_train/flac/LA_T_1773196.flac,0
/data/DATASETS/ASV_Spoof_2019_LA/ASVspoof2019_LA_eval/flac/LA_E_1855209.flac,0
/data/DATASETS/ASV_Spoof_2019_LA/ASVspoof2019_LA_eval/flac/LA_E_2532139.flac,0
/data/DATASETS/ASV_Spoof_2019_LA/ASVspoof2019_LA_eval/flac/LA_E_6787784.flac,0
/data/DATASETS/ASV_Spoof_2019_LA/ASVspoof2019_LA_dev/flac/LA_D_4701213.flac,0
/data/DATASETS/ASV_Spoof_2019_LA/ASVspoof2019_LA_dev/flac/LA_D_4043306.flac,0
/data/DATASETS/ASV_Spoof_2019_LA/ASVspoof2019_LA_eval/flac/LA_E_1514861.flac,0
/data/DATASETS/ASV_Spoof_2019_LA/ASVspoof2019_LA_train/flac/LA_T_7230726.flac,0
/data/DATASETS/ASV_Spoof_2019_LA/ASVspoof2019_LA_train/flac/LA_T_1948575.flac,0
/data/DATASETS/ASV_Spoof_2019_LA/ASVspoof2019_LA_train/flac/LA_T_9527200.flac,0
/data/DATASETS/ASV_Spoof_2019_LA/ASVspoof2019_LA_eval/flac/LA_E_7086426.flac,0
/data/DATASETS/ASV_Spoof_2019_LA/ASVspoof2019_LA_eval/flac/LA_E_1775957.flac,0
/data/DATASETS/ASV_Spoof_2019_LA/ASVspoof2019_LA_train/flac/LA_T_1735385.flac,0
/data/DATASETS/ASV_Spoof_2019_LA/ASVspoof2019_LA_eval/flac/LA_E_7777055.flac,0
/data/DATASETS/ASV_Spoof_2019_LA/ASVspoof2019_LA_eval/flac/LA_E_9465809.flac,0
/data/DATASETS/ASV_Spoof_2019_LA/ASVspoof2019_LA_train/flac/LA_T_6078773.flac,0
/data/DATASETS/ASV_Spoof_2019_LA/ASVspoof2019_LA_train/flac/LA_T_5535201.flac,0
/data/DATASETS/ASV_Spoof_2019_LA/ASVspoof2019_LA_eval/flac/LA_E_9419760.flac,0
/data/DATASETS/ASV_Spoof_2019_LA/ASVspoof2019_LA_eval/flac/LA_E_9184315.flac,0
/data/DATASETS/ASV_Spoof_2019_LA/ASVspoof2019_LA_eval/flac/LA_E_8400053.flac,0
/data/DATASETS/ASV_Spoof_2019_LA/ASVspoof2019_LA_dev/flac/LA_D_7887285.flac,0
/data/DATASETS/ASV_Spoof_2019_LA/ASVspoof2019_LA_eval/flac/LA_E_7913626.flac,0
/data/DATASETS/ASV_Spoof_2019_LA/ASVspoof2019_LA_eval/flac/LA_E_2790439.flac,0
/data/DATASETS/ASV_Spoof_2019_LA/ASVspoof2019_LA_train/flac/LA_T_1182856.flac,0
/data/DATASETS/ASV_Spoof_2019_LA/ASVspoof2019_LA_train/flac/LA_T_4339311.flac,0
/data/DATASETS/ASV_Spoof_2019_LA/ASVspoof2019_LA_dev/flac/LA_D_5725878.flac,0
/data/DATASETS/ASV_Spoof_2019_LA/ASVspoof2019_LA_dev/flac/LA_D_6128469.flac,0
/data/DATASETS/ASV_Spoof_2019_LA/ASVspoof2019_LA_eval/flac/LA_E_2105901.flac,0
/data/DATASETS/ASV_Spoof_2019_LA/ASVspoof2019_LA_train/flac/LA_T_2550088.flac,0
/data/DATASETS/ASV_Spoof_2019_LA/ASVspoof2019_LA_eval/flac/LA_E_6758797.flac,0
/data/DATASETS/ASV_Spoof_2019_LA/ASVspoof2019_LA_train/flac/LA_T_8480400.flac,0
/data/DATASETS/ASV_Spoof_2019_LA/ASVspoof2019_LA_dev/flac/LA_D_3416238.flac,0
/data/DATASETS/ASV_Spoof_2019_LA/ASVspoof2019_LA_eval/flac/LA_E_6974963.flac,0
/data/DATASETS/ASV_Spoof_2019_LA/ASVspoof2019_LA_eval/flac/LA_E_6987876.flac,0
/data/DATASETS/ASV_Spoof_2019_LA/ASVspoof2019_LA_eval/flac/LA_E_7413625.flac,0
/data/DATASETS/ASV_Spoof_2019_LA/ASVspoof2019_LA_eval/flac/LA_E_5288472.flac,0
/data/DATASETS/ASV_Spoof_2019_LA/ASVspoof2019_LA_dev/flac/LA_D_4411754.flac,0
/data/DATASETS/ASV_Spoof_2019_LA/ASVspoof2019_LA_eval/flac/LA_E_9780006.flac,0
/data/DATASETS/ASV_Spoof_2019_LA/ASVspoof2019_LA_eval/flac/LA_E_7772704.flac,0
/data/DATASETS/ASV_Spoof_2019_LA/ASVspoof2019_LA_dev/flac/LA_D_2413566.flac,0
/data/DATASETS/ASV_Spoof_2019_LA/ASVspoof2019_LA_dev/flac/LA_D_4941205.flac,0
/data/DATASETS/ASV_Spoof_2019_LA/ASVspoof2019_LA_dev/flac/LA_D_5930714.flac,0
/data/DATASETS/ASV_Spoof_2019_LA/ASVspoof2019_LA_dev/flac/LA_D_7596579.flac,0
/data/DATASETS/ASV_Spoof_2019_LA/ASVspoof2019_LA_eval/flac/LA_E_7920544.flac,0
/data/DATASETS/ASV_Spoof_2019_LA/ASVspoof2019_LA_eval/flac/LA_E_6362369.flac,0
/data/DATASETS/ASV_Spoof_2019_LA/ASVspoof2019_LA_eval/flac/LA_E_6950768.flac,0
/data/DATASETS/ASV_Spoof_2019_LA/ASVspoof2019_LA_eval/flac/LA_E_8173660.flac,0
/data/DATASETS/ASV_Spoof_2019_LA/ASVspoof2019_LA_dev/flac/LA_D_7542569.flac,0
/data/DATASETS/ASV_Spoof_2019_LA/ASVspoof2019_LA_train/flac/LA_T_8638376.flac,0
/data/DATASETS/ASV_Spoof_2019_LA/ASVspoof2019_LA_eval/flac/LA_E_3425058.flac,0
/data/DATASETS/ASV_Spoof_2019_LA/ASVspoof2019_LA_dev/flac/LA_D_8222020.flac,0
/data/DATASETS/ASV_Spoof_2019_LA/ASVspoof2019_LA_eval/flac/LA_E_6634967.flac,0
/data/DATASETS/ASV_Spoof_2019_LA/ASVspoof2019_LA_dev/flac/LA_D_4371142.flac,0
/data/DATASETS/ASV_Spoof_2019_LA/ASVspoof2019_LA_eval/flac/LA_E_7129184.flac,0
/data/DATASETS/ASV_Spoof_2019_LA/ASVspoof2019_LA_eval/flac/LA_E_5162579.flac,0
/data/DATASETS/ASV_Spoof_2019_LA/ASVspoof2019_LA_eval/flac/LA_E_7359455.flac,0
/data/DATASETS/ASV_Spoof_2019_LA/ASVspoof2019_LA_eval/flac/LA_E_9930916.flac,0
/data/DATASETS/ASV_Spoof_2019_LA/ASVspoof2019_LA_eval/flac/LA_E_5010463.flac,0
/data/DATASETS/ASV_Spoof_2019_LA/ASVspoof2019_LA_dev/flac/LA_D_7339762.flac,0
/data/DATASETS/ASV_Spoof_2019_LA/ASVspoof2019_LA_eval/flac/LA_E_2196801.flac,0
/data/DATASETS/ASV_Spoof_2019_LA/ASVspoof2019_LA_eval/flac/LA_E_6579664.flac,0
/data/DATASETS/ASV_Spoof_2019_LA/ASVspoof2019_LA_eval/flac/LA_E_9272719.flac,0
/data/DATASETS/ASV_Spoof_2019_LA/ASVspoof2019_LA_eval/flac/LA_E_8043166.flac,0
/data/DATASETS/ASV_Spoof_2019_LA/ASVspoof2019_LA_eval/flac/LA_E_1813399.flac,0
/data/DATASETS/ASV_Spoof_2019_LA/ASVspoof2019_LA_train/flac/LA_T_8884269.flac,0
/data/DATASETS/ASV_Spoof_2019_LA/ASVspoof2019_LA_dev/flac/LA_D_1532705.flac,0
/data/DATASETS/ASV_Spoof_2019_LA/ASVspoof2019_LA_eval/flac/LA_E_9919681.flac,0
/data/DATASETS/ASV_Spoof_2019_LA/ASVspoof2019_LA_train/flac/LA_T_7210987.flac,0
/data/DATASETS/ASV_Spoof_2019_LA/ASVspoof2019_LA_eval/flac/LA_E_6259225.flac,0
/data/DATASETS/ASV_Spoof_2019_LA/ASVspoof2019_LA_dev/flac/LA_D_3448074.flac,0
/data/DATASETS/ASV_Spoof_2019_LA/ASVspoof2019_LA_train/flac/LA_T_1725860.flac,0
/data/DATASETS/ASV_Spoof_2019_LA/ASVspoof2019_LA_train/flac/LA_T_6190702.flac,0
/data/DATASETS/ASV_Spoof_2019_LA/ASVspoof2019_LA_eval/flac/LA_E_3473577.flac,0
/data/DATASETS/ASV_Spoof_2019_LA/ASVspoof2019_LA_eval/flac/LA_E_1293597.flac,0
/data/DATASETS/ASV_Spoof_2019_LA/ASVspoof2019_LA_eval/flac/LA_E_7971137.flac,0
/data/DATASETS/ASV_Spoof_2019_LA/ASVspoof2019_LA_train/flac/LA_T_2520647.flac,0
/data/DATASETS/ASV_Spoof_2019_LA/ASVspoof2019_LA_train/flac/LA_T_6475724.flac,0
/data/DATASETS/ASV_Spoof_2019_LA/ASVspoof2019_LA_eval/flac/LA_E_8134538.flac,0
/data/DATASETS/ASV_Spoof_2019_LA/ASVspoof2019_LA_train/flac/LA_T_2207566.flac,0
/data/DATASETS/ASV_Spoof_2019_LA/ASVspoof2019_LA_dev/flac/LA_D_9462553.flac,0
/data/DATASETS/ASV_Spoof_2019_LA/ASVspoof2019_LA_eval/flac/LA_E_3261702.flac,0
/data/DATASETS/ASV_Spoof_2019_LA/ASVspoof2019_LA_eval/flac/LA_E_3070188.flac,0
/data/DATASETS/ASV_Spoof_2019_LA/ASVspoof2019_LA_eval/flac/LA_E_7312742.flac,0
/data/DATASETS/ASV_Spoof_2019_LA/ASVspoof2019_LA_dev/flac/LA_D_3061471.flac,0
/data/DATASETS/ASV_Spoof_2019_LA/ASVspoof2019_LA_eval/flac/LA_E_4235907.flac,0
/data/DATASETS/ASV_Spoof_2019_LA/ASVspoof2019_LA_train/flac/LA_T_7140181.flac,0
/data/DATASETS/ASV_Spoof_2019_LA/ASVspoof2019_LA_train/flac/LA_T_9746491.flac,0
/data/DATASETS/ASV_Spoof_2019_LA/ASVspoof2019_LA_dev/flac/LA_D_4101216.flac,0
/data/DATASETS/ASV_Spoof_2019_LA/ASVspoof2019_LA_dev/flac/LA_D_4961315.flac,0
/data/DATASETS/ASV_Spoof_2019_LA/ASVspoof2019_LA_train/flac/LA_T_6073936.flac,0
/data/DATASETS/ASV_Spoof_2019_LA/ASVspoof2019_LA_eval/flac/LA_E_9127222.flac,0
/data/DATASETS/ASV_Spoof_2019_LA/ASVspoof2019_LA_eval/flac/LA_E_6226433.flac,0
/data/DATASETS/ASV_Spoof_2019_LA/ASVspoof2019_LA_dev/flac/LA_D_6258471.flac,0
/data/DATASETS/ASV_Spoof_2019_LA/ASVspoof2019_LA_train/flac/LA_T_2170687.flac,0
/data/DATASETS/ASV_Spoof_2019_LA/ASVspoof2019_LA_eval/flac/LA_E_8378301.flac,0
/data/DATASETS/ASV_Spoof_2019_LA/ASVspoof2019_LA_eval/flac/LA_E_1614025.flac,0
/data/DATASETS/ASV_Spoof_2019_LA/ASVspoof2019_LA_eval/flac/LA_E_4489795.flac,0
/data/DATASETS/ASV_Spoof_2019_LA/ASVspoof2019_LA_eval/flac/LA_E_7777537.flac,0
/data/DATASETS/ASV_Spoof_2019_LA/ASVspoof2019_LA_eval/flac/LA_E_2563765.flac,0
/data/DATASETS/ASV_Spoof_2019_LA/ASVspoof2019_LA_eval/flac/LA_E_6888840.flac,0
/data/DATASETS/ASV_Spoof_2019_LA/ASVspoof2019_LA_train/flac/LA_T_7009144.flac,0
/data/DATASETS/ASV_Spoof_2019_LA/ASVspoof2019_LA_train/flac/LA_T_1543826.flac,0
/data/DATASETS/ASV_Spoof_2019_LA/ASVspoof2019_LA_eval/flac/LA_E_9022942.flac,0
/data/DATASETS/ASV_Spoof_2019_LA/ASVspoof2019_LA_dev/flac/LA_D_3440131.flac,0
/data/DATASETS/ASV_Spoof_2019_LA/ASVspoof2019_LA_eval/flac/LA_E_4903568.flac,0
/data/DATASETS/ASV_Spoof_2019_LA/ASVspoof2019_LA_dev/flac/LA_D_5389440.flac,0
/data/DATASETS/ASV_Spoof_2019_LA/ASVspoof2019_LA_eval/flac/LA_E_3344290.flac,0
/data/DATASETS/ASV_Spoof_2019_LA/ASVspoof2019_LA_eval/flac/LA_E_7531986.flac,0
/data/DATASETS/ASV_Spoof_2019_LA/ASVspoof2019_LA_eval/flac/LA_E_9165283.flac,0
/data/DATASETS/ASV_Spoof_2019_LA/ASVspoof2019_LA_dev/flac/LA_D_1152692.flac,0
/data/DATASETS/ASV_Spoof_2019_LA/ASVspoof2019_LA_eval/flac/LA_E_4413731.flac,0
/data/DATASETS/ASV_Spoof_2019_LA/ASVspoof2019_LA_eval/flac/LA_E_6589204.flac,0
/data/DATASETS/ASV_Spoof_2019_LA/ASVspoof2019_LA_dev/flac/LA_D_9350860.flac,0
/data/DATASETS/ASV_Spoof_2019_LA/ASVspoof2019_LA_eval/flac/LA_E_4494506.flac,0
/data/DATASETS/ASV_Spoof_2019_LA/ASVspoof2019_LA_eval/flac/LA_E_7342009.flac,0
/data/DATASETS/ASV_Spoof_2019_LA/ASVspoof2019_LA_eval/flac/LA_E_7528278.flac,0
/data/DATASETS/ASV_Spoof_2019_LA/ASVspoof2019_LA_train/flac/LA_T_3215578.flac,0
/data/DATASETS/ASV_Spoof_2019_LA/ASVspoof2019_LA_eval/flac/LA_E_2893951.flac,0
/data/DATASETS/ASV_Spoof_2019_LA/ASVspoof2019_LA_eval/flac/LA_E_1151996.flac,0
/data/DATASETS/ASV_Spoof_2019_LA/ASVspoof2019_LA_eval/flac/LA_E_1039881.flac,0
/data/DATASETS/ASV_Spoof_2019_LA/ASVspoof2019_LA_eval/flac/LA_E_4743083.flac,0
/data/DATASETS/ASV_Spoof_2019_LA/ASVspoof2019_LA_eval/flac/LA_E_3148009.flac,0
/data/DATASETS/ASV_Spoof_2019_LA/ASVspoof2019_LA_eval/flac/LA_E_6346279.flac,0
/data/DATASETS/ASV_Spoof_2019_LA/ASVspoof2019_LA_dev/flac/LA_D_1553644.flac,0
/data/DATASETS/ASV_Spoof_2019_LA/ASVspoof2019_LA_eval/flac/LA_E_9490978.flac,0
/data/DATASETS/ASV_Spoof_2019_LA/ASVspoof2019_LA_eval/flac/LA_E_4929270.flac,0
/data/DATASETS/ASV_Spoof_2019_LA/ASVspoof2019_LA_train/flac/LA_T_2189044.flac,0
/data/DATASETS/ASV_Spoof_2019_LA/ASVspoof2019_LA_eval/flac/LA_E_8784966.flac,0
/data/DATASETS/ASV_Spoof_2019_LA/ASVspoof2019_LA_eval/flac/LA_E_8359587.flac,0
/data/DATASETS/ASV_Spoof_2019_LA/ASVspoof2019_LA_train/flac/LA_T_7244018.flac,0
/data/DATASETS/ASV_Spoof_2019_LA/ASVspoof2019_LA_eval/flac/LA_E_2507697.flac,0
/data/DATASETS/ASV_Spoof_2019_LA/ASVspoof2019_LA_train/flac/LA_T_1914243.flac,0
/data/DATASETS/ASV_Spoof_2019_LA/ASVspoof2019_LA_eval/flac/LA_E_6185434.flac,0
/data/DATASETS/ASV_Spoof_2019_LA/ASVspoof2019_LA_dev/flac/LA_D_5513257.flac,0
/data/DATASETS/ASV_Spoof_2019_LA/ASVspoof2019_LA_train/flac/LA_T_9773629.flac,0
/data/DATASETS/ASV_Spoof_2019_LA/ASVspoof2019_LA_eval/flac/LA_E_7224456.flac,0
/data/DATASETS/ASV_Spoof_2019_LA/ASVspoof2019_LA_eval/flac/LA_E_7146859.flac,0
/data/DATASETS/ASV_Spoof_2019_LA/ASVspoof2019_LA_dev/flac/LA_D_4146741.flac,0
/data/DATASETS/ASV_Spoof_2019_LA/ASVspoof2019_LA_dev/flac/LA_D_8806017.flac,0
/data/DATASETS/ASV_Spoof_2019_LA/ASVspoof2019_LA_eval/flac/LA_E_4534601.flac,0
/data/DATASETS/ASV_Spoof_2019_LA/ASVspoof2019_LA_eval/flac/LA_E_6766519.flac,0
/data/DATASETS/ASV_Spoof_2019_LA/ASVspoof2019_LA_train/flac/LA_T_4024715.flac,0
/data/DATASETS/ASV_Spoof_2019_LA/ASVspoof2019_LA_eval/flac/LA_E_3766463.flac,0
/data/DATASETS/ASV_Spoof_2019_LA/ASVspoof2019_LA_eval/flac/LA_E_6290182.flac,0
/data/DATASETS/ASV_Spoof_2019_LA/ASVspoof2019_LA_train/flac/LA_T_1869165.flac,0
/data/DATASETS/ASV_Spoof_2019_LA/ASVspoof2019_LA_dev/flac/LA_D_9549607.flac,0
/data/DATASETS/ASV_Spoof_2019_LA/ASVspoof2019_LA_dev/flac/LA_D_1275044.flac,0
/data/DATASETS/ASV_Spoof_2019_LA/ASVspoof2019_LA_eval/flac/LA_E_5510642.flac,0
/data/DATASETS/ASV_Spoof_2019_LA/ASVspoof2019_LA_train/flac/LA_T_2869730.flac,0
/data/DATASETS/ASV_Spoof_2019_LA/ASVspoof2019_LA_eval/flac/LA_E_1604514.flac,0
/data/DATASETS/ASV_Spoof_2019_LA/ASVspoof2019_LA_eval/flac/LA_E_9225827.flac,0
/data/DATASETS/ASV_Spoof_2019_LA/ASVspoof2019_LA_eval/flac/LA_E_6259763.flac,0
/data/DATASETS/ASV_Spoof_2019_LA/ASVspoof2019_LA_eval/flac/LA_E_3925357.flac,0
/data/DATASETS/ASV_Spoof_2019_LA/ASVspoof2019_LA_eval/flac/LA_E_2977806.flac,0
/data/DATASETS/ASV_Spoof_2019_LA/ASVspoof2019_LA_dev/flac/LA_D_9726894.flac,0
/data/DATASETS/ASV_Spoof_2019_LA/ASVspoof2019_LA_eval/flac/LA_E_6813831.flac,0
/data/DATASETS/ASV_Spoof_2019_LA/ASVspoof2019_LA_eval/flac/LA_E_2291623.flac,0
/data/DATASETS/ASV_Spoof_2019_LA/ASVspoof2019_LA_train/flac/LA_T_1683467.flac,0
/data/DATASETS/ASV_Spoof_2019_LA/ASVspoof2019_LA_eval/flac/LA_E_6920234.flac,0
/data/DATASETS/ASV_Spoof_2019_LA/ASVspoof2019_LA_train/flac/LA_T_9356277.flac,0
/data/DATASETS/ASV_Spoof_2019_LA/ASVspoof2019_LA_eval/flac/LA_E_3213350.flac,0
/data/DATASETS/ASV_Spoof_2019_LA/ASVspoof2019_LA_eval/flac/LA_E_2415247.flac,0
/data/DATASETS/ASV_Spoof_2019_LA/ASVspoof2019_LA_eval/flac/LA_E_7429904.flac,0
/data/DATASETS/ASV_Spoof_2019_LA/ASVspoof2019_LA_train/flac/LA_T_8936261.flac,0
/data/DATASETS/ASV_Spoof_2019_LA/ASVspoof2019_LA_eval/flac/LA_E_9197393.flac,0
/data/DATASETS/ASV_Spoof_2019_LA/ASVspoof2019_LA_eval/flac/LA_E_2100029.flac,0
/data/DATASETS/ASV_Spoof_2019_LA/ASVspoof2019_LA_train/flac/LA_T_9595433.flac,0
/data/DATASETS/ASV_Spoof_2019_LA/ASVspoof2019_LA_dev/flac/LA_D_3163255.flac,0
/data/DATASETS/ASV_Spoof_2019_LA/ASVspoof2019_LA_eval/flac/LA_E_2820962.flac,0
/data/DATASETS/ASV_Spoof_2019_LA/ASVspoof2019_LA_eval/flac/LA_E_1357041.flac,0
/data/DATASETS/ASV_Spoof_2019_LA/ASVspoof2019_LA_eval/flac/LA_E_7503056.flac,0
/data/DATASETS/ASV_Spoof_2019_LA/ASVspoof2019_LA_eval/flac/LA_E_4772853.flac,0
/data/DATASETS/ASV_Spoof_2019_LA/ASVspoof2019_LA_eval/flac/LA_E_3379472.flac,0
/data/DATASETS/ASV_Spoof_2019_LA/ASVspoof2019_LA_eval/flac/LA_E_1535100.flac,0
/data/DATASETS/ASV_Spoof_2019_LA/ASVspoof2019_LA_eval/flac/LA_E_5773948.flac,0
/data/DATASETS/ASV_Spoof_2019_LA/ASVspoof2019_LA_dev/flac/LA_D_1644764.flac,0
/data/DATASETS/ASV_Spoof_2019_LA/ASVspoof2019_LA_eval/flac/LA_E_6305629.flac,0
/data/DATASETS/ASV_Spoof_2019_LA/ASVspoof2019_LA_eval/flac/LA_E_1111393.flac,0
/data/DATASETS/ASV_Spoof_2019_LA/ASVspoof2019_LA_eval/flac/LA_E_6076994.flac,0
/data/DATASETS/ASV_Spoof_2019_LA/ASVspoof2019_LA_eval/flac/LA_E_3041033.flac,0
/data/DATASETS/ASV_Spoof_2019_LA/ASVspoof2019_LA_eval/flac/LA_E_3367170.flac,0
/data/DATASETS/ASV_Spoof_2019_LA/ASVspoof2019_LA_dev/flac/LA_D_1356035.flac,0
/data/DATASETS/ASV_Spoof_2019_LA/ASVspoof2019_LA_eval/flac/LA_E_8247463.flac,0
/data/DATASETS/ASV_Spoof_2019_LA/ASVspoof2019_LA_train/flac/LA_T_8925956.flac,0
/data/DATASETS/ASV_Spoof_2019_LA/ASVspoof2019_LA_train/flac/LA_T_7958352.flac,0
/data/DATASETS/ASV_Spoof_2019_LA/ASVspoof2019_LA_dev/flac/LA_D_4949188.flac,0
/data/DATASETS/ASV_Spoof_2019_LA/ASVspoof2019_LA_train/flac/LA_T_6812192.flac,0
/data/DATASETS/ASV_Spoof_2019_LA/ASVspoof2019_LA_dev/flac/LA_D_6733447.flac,0
/data/DATASETS/ASV_Spoof_2019_LA/ASVspoof2019_LA_dev/flac/LA_D_9592778.flac,0
/data/DATASETS/ASV_Spoof_2019_LA/ASVspoof2019_LA_dev/flac/LA_D_1863167.flac,0
/data/DATASETS/ASV_Spoof_2019_LA/ASVspoof2019_LA_eval/flac/LA_E_4214323.flac,0
/data/DATASETS/ASV_Spoof_2019_LA/ASVspoof2019_LA_eval/flac/LA_E_8868994.flac,0
/data/DATASETS/ASV_Spoof_2019_LA/ASVspoof2019_LA_eval/flac/LA_E_9502086.flac,0
/data/DATASETS/ASV_Spoof_2019_LA/ASVspoof2019_LA_eval/flac/LA_E_4984701.flac,0
/data/DATASETS/ASV_Spoof_2019_LA/ASVspoof2019_LA_eval/flac/LA_E_1662899.flac,0
/data/DATASETS/ASV_Spoof_2019_LA/ASVspoof2019_LA_train/flac/LA_T_2675422.flac,0
/data/DATASETS/ASV_Spoof_2019_LA/ASVspoof2019_LA_eval/flac/LA_E_3050309.flac,0
/data/DATASETS/ASV_Spoof_2019_LA/ASVspoof2019_LA_eval/flac/LA_E_5536193.flac,0
/data/DATASETS/ASV_Spoof_2019_LA/ASVspoof2019_LA_eval/flac/LA_E_1541503.flac,0
/data/DATASETS/ASV_Spoof_2019_LA/ASVspoof2019_LA_train/flac/LA_T_2356349.flac,0
/data/DATASETS/ASV_Spoof_2019_LA/ASVspoof2019_LA_eval/flac/LA_E_7123823.flac,0
/data/DATASETS/ASV_Spoof_2019_LA/ASVspoof2019_LA_eval/flac/LA_E_1567330.flac,0
/data/DATASETS/ASV_Spoof_2019_LA/ASVspoof2019_LA_eval/flac/LA_E_7768253.flac,0
/data/DATASETS/ASV_Spoof_2019_LA/ASVspoof2019_LA_eval/flac/LA_E_2149430.flac,0
/data/DATASETS/ASV_Spoof_2019_LA/ASVspoof2019_LA_eval/flac/LA_E_2540691.flac,0
/data/DATASETS/ASV_Spoof_2019_LA/ASVspoof2019_LA_eval/flac/LA_E_8509707.flac,0
/data/DATASETS/ASV_Spoof_2019_LA/ASVspoof2019_LA_eval/flac/LA_E_6941959.flac,0
/data/DATASETS/ASV_Spoof_2019_LA/ASVspoof2019_LA_eval/flac/LA_E_4932099.flac,0
/data/DATASETS/ASV_Spoof_2019_LA/ASVspoof2019_LA_train/flac/LA_T_2092466.flac,0
/data/DATASETS/ASV_Spoof_2019_LA/ASVspoof2019_LA_train/flac/LA_T_1749681.flac,0
/data/DATASETS/ASV_Spoof_2019_LA/ASVspoof2019_LA_train/flac/LA_T_4171687.flac,0
/data/DATASETS/ASV_Spoof_2019_LA/ASVspoof2019_LA_train/flac/LA_T_4350005.flac,0
/data/DATASETS/ASV_Spoof_2019_LA/ASVspoof2019_LA_eval/flac/LA_E_5631635.flac,0
/data/DATASETS/ASV_Spoof_2019_LA/ASVspoof2019_LA_train/flac/LA_T_4642103.flac,0
/data/DATASETS/ASV_Spoof_2019_LA/ASVspoof2019_LA_eval/flac/LA_E_8304395.flac,0
/data/DATASETS/ASV_Spoof_2019_LA/ASVspoof2019_LA_train/flac/LA_T_3025335.flac,0
/data/DATASETS/ASV_Spoof_2019_LA/ASVspoof2019_LA_train/flac/LA_T_8621866.flac,0
/data/DATASETS/ASV_Spoof_2019_LA/ASVspoof2019_LA_eval/flac/LA_E_8427463.flac,0
/data/DATASETS/ASV_Spoof_2019_LA/ASVspoof2019_LA_eval/flac/LA_E_3046026.flac,0
/data/DATASETS/ASV_Spoof_2019_LA/ASVspoof2019_LA_eval/flac/LA_E_7956933.flac,0
/data/DATASETS/ASV_Spoof_2019_LA/ASVspoof2019_LA_eval/flac/LA_E_1093379.flac,0
/data/DATASETS/ASV_Spoof_2019_LA/ASVspoof2019_LA_eval/flac/LA_E_3912691.flac,0
/data/DATASETS/ASV_Spoof_2019_LA/ASVspoof2019_LA_eval/flac/LA_E_8810829.flac,0
/data/DATASETS/ASV_Spoof_2019_LA/ASVspoof2019_LA_eval/flac/LA_E_5553796.flac,0
/data/DATASETS/ASV_Spoof_2019_LA/ASVspoof2019_LA_train/flac/LA_T_1316001.flac,0
/data/DATASETS/ASV_Spoof_2019_LA/ASVspoof2019_LA_eval/flac/LA_E_3742255.flac,0
/data/DATASETS/ASV_Spoof_2019_LA/ASVspoof2019_LA_eval/flac/LA_E_8660530.flac,0
/data/DATASETS/ASV_Spoof_2019_LA/ASVspoof2019_LA_eval/flac/LA_E_5251243.flac,0
/data/DATASETS/ASV_Spoof_2019_LA/ASVspoof2019_LA_eval/flac/LA_E_5726752.flac,0
/data/DATASETS/ASV_Spoof_2019_LA/ASVspoof2019_LA_eval/flac/LA_E_8465804.flac,0
/data/DATASETS/ASV_Spoof_2019_LA/ASVspoof2019_LA_eval/flac/LA_E_3105979.flac,0
/data/DATASETS/ASV_Spoof_2019_LA/ASVspoof2019_LA_eval/flac/LA_E_7253858.flac,0
/data/DATASETS/ASV_Spoof_2019_LA/ASVspoof2019_LA_eval/flac/LA_E_4476095.flac,0
/data/DATASETS/ASV_Spoof_2019_LA/ASVspoof2019_LA_dev/flac/LA_D_7451364.flac,0
/data/DATASETS/ASV_Spoof_2019_LA/ASVspoof2019_LA_eval/flac/LA_E_2739746.flac,0
/data/DATASETS/ASV_Spoof_2019_LA/ASVspoof2019_LA_eval/flac/LA_E_9544156.flac,0
/data/DATASETS/ASV_Spoof_2019_LA/ASVspoof2019_LA_eval/flac/LA_E_1163404.flac,0
/data/DATASETS/ASV_Spoof_2019_LA/ASVspoof2019_LA_eval/flac/LA_E_3008299.flac,0
/data/DATASETS/ASV_Spoof_2019_LA/ASVspoof2019_LA_eval/flac/LA_E_4304265.flac,0
/data/DATASETS/ASV_Spoof_2019_LA/ASVspoof2019_LA_dev/flac/LA_D_7718050.flac,0
/data/DATASETS/ASV_Spoof_2019_LA/ASVspoof2019_LA_dev/flac/LA_D_8473267.flac,0
/data/DATASETS/ASV_Spoof_2019_LA/ASVspoof2019_LA_train/flac/LA_T_5242457.flac,0
/data/DATASETS/ASV_Spoof_2019_LA/ASVspoof2019_LA_dev/flac/LA_D_8699257.flac,0
/data/DATASETS/ASV_Spoof_2019_LA/ASVspoof2019_LA_eval/flac/LA_E_4049177.flac,0
/data/DATASETS/ASV_Spoof_2019_LA/ASVspoof2019_LA_dev/flac/LA_D_7051994.flac,0
/data/DATASETS/ASV_Spoof_2019_LA/ASVspoof2019_LA_train/flac/LA_T_3602602.flac,0
/data/DATASETS/ASV_Spoof_2019_LA/ASVspoof2019_LA_eval/flac/LA_E_6970561.flac,0
/data/DATASETS/ASV_Spoof_2019_LA/ASVspoof2019_LA_eval/flac/LA_E_5030016.flac,0
/data/DATASETS/ASV_Spoof_2019_LA/ASVspoof2019_LA_eval/flac/LA_E_4335942.flac,0
/data/DATASETS/ASV_Spoof_2019_LA/ASVspoof2019_LA_dev/flac/LA_D_3467485.flac,0
/data/DATASETS/ASV_Spoof_2019_LA/ASVspoof2019_LA_train/flac/LA_T_8032109.flac,0
/data/DATASETS/ASV_Spoof_2019_LA/ASVspoof2019_LA_dev/flac/LA_D_7518457.flac,0
/data/DATASETS/ASV_Spoof_2019_LA/ASVspoof2019_LA_train/flac/LA_T_9544820.flac,0
/data/DATASETS/ASV_Spoof_2019_LA/ASVspoof2019_LA_train/flac/LA_T_5712226.flac,0
/data/DATASETS/ASV_Spoof_2019_LA/ASVspoof2019_LA_eval/flac/LA_E_4008479.flac,0
/data/DATASETS/ASV_Spoof_2019_LA/ASVspoof2019_LA_eval/flac/LA_E_2804436.flac,0
/data/DATASETS/ASV_Spoof_2019_LA/ASVspoof2019_LA_eval/flac/LA_E_4128499.flac,0
/data/DATASETS/ASV_Spoof_2019_LA/ASVspoof2019_LA_eval/flac/LA_E_9398476.flac,0
/data/DATASETS/ASV_Spoof_2019_LA/ASVspoof2019_LA_eval/flac/LA_E_5586931.flac,0
/data/DATASETS/ASV_Spoof_2019_LA/ASVspoof2019_LA_eval/flac/LA_E_9684721.flac,0
/data/DATASETS/ASV_Spoof_2019_LA/ASVspoof2019_LA_eval/flac/LA_E_9529895.flac,0
/data/DATASETS/ASV_Spoof_2019_LA/ASVspoof2019_LA_train/flac/LA_T_3721939.flac,0
/data/DATASETS/ASV_Spoof_2019_LA/ASVspoof2019_LA_eval/flac/LA_E_7860326.flac,0
/data/DATASETS/ASV_Spoof_2019_LA/ASVspoof2019_LA_eval/flac/LA_E_6873356.flac,0
/data/DATASETS/ASV_Spoof_2019_LA/ASVspoof2019_LA_train/flac/LA_T_6361429.flac,0
/data/DATASETS/ASV_Spoof_2019_LA/ASVspoof2019_LA_eval/flac/LA_E_9013459.flac,0
/data/DATASETS/ASV_Spoof_2019_LA/ASVspoof2019_LA_eval/flac/LA_E_1615664.flac,0
/data/DATASETS/ASV_Spoof_2019_LA/ASVspoof2019_LA_eval/flac/LA_E_1460370.flac,0
/data/DATASETS/ASV_Spoof_2019_LA/ASVspoof2019_LA_train/flac/LA_T_9411327.flac,0
/data/DATASETS/ASV_Spoof_2019_LA/ASVspoof2019_LA_eval/flac/LA_E_2565746.flac,0
/data/DATASETS/ASV_Spoof_2019_LA/ASVspoof2019_LA_eval/flac/LA_E_9297933.flac,0
/data/DATASETS/ASV_Spoof_2019_LA/ASVspoof2019_LA_eval/flac/LA_E_3391551.flac,0
/data/DATASETS/ASV_Spoof_2019_LA/ASVspoof2019_LA_eval/flac/LA_E_2842630.flac,0
/data/DATASETS/ASV_Spoof_2019_LA/ASVspoof2019_LA_train/flac/LA_T_6388012.flac,0
/data/DATASETS/ASV_Spoof_2019_LA/ASVspoof2019_LA_train/flac/LA_T_1213624.flac,0
/data/DATASETS/ASV_Spoof_2019_LA/ASVspoof2019_LA_eval/flac/LA_E_5989625.flac,0
/data/DATASETS/ASV_Spoof_2019_LA/ASVspoof2019_LA_eval/flac/LA_E_5171505.flac,0
/data/DATASETS/ASV_Spoof_2019_LA/ASVspoof2019_LA_eval/flac/LA_E_7999175.flac,0
/data/DATASETS/ASV_Spoof_2019_LA/ASVspoof2019_LA_eval/flac/LA_E_9667786.flac,0
/data/DATASETS/ASV_Spoof_2019_LA/ASVspoof2019_LA_eval/flac/LA_E_3850599.flac,0
/data/DATASETS/ASV_Spoof_2019_LA/ASVspoof2019_LA_eval/flac/LA_E_1636866.flac,0
/data/DATASETS/ASV_Spoof_2019_LA/ASVspoof2019_LA_eval/flac/LA_E_1096390.flac,0
/data/DATASETS/ASV_Spoof_2019_LA/ASVspoof2019_LA_dev/flac/LA_D_1793763.flac,0
/data/DATASETS/ASV_Spoof_2019_LA/ASVspoof2019_LA_eval/flac/LA_E_1426484.flac,0
/data/DATASETS/ASV_Spoof_2019_LA/ASVspoof2019_LA_dev/flac/LA_D_4318753.flac,0
/data/DATASETS/ASV_Spoof_2019_LA/ASVspoof2019_LA_dev/flac/LA_D_1964638.flac,0
/data/DATASETS/ASV_Spoof_2019_LA/ASVspoof2019_LA_eval/flac/LA_E_8278378.flac,0
/data/DATASETS/ASV_Spoof_2019_LA/ASVspoof2019_LA_eval/flac/LA_E_4419621.flac,0
/data/DATASETS/ASV_Spoof_2019_LA/ASVspoof2019_LA_eval/flac/LA_E_6237402.flac,0
/data/DATASETS/ASV_Spoof_2019_LA/ASVspoof2019_LA_eval/flac/LA_E_1605288.flac,0
/data/DATASETS/ASV_Spoof_2019_LA/ASVspoof2019_LA_dev/flac/LA_D_3898085.flac,0
/data/DATASETS/ASV_Spoof_2019_LA/ASVspoof2019_LA_eval/flac/LA_E_7182477.flac,0
/data/DATASETS/ASV_Spoof_2019_LA/ASVspoof2019_LA_eval/flac/LA_E_8312199.flac,0
/data/DATASETS/ASV_Spoof_2019_LA/ASVspoof2019_LA_dev/flac/LA_D_3554499.flac,0
/data/DATASETS/ASV_Spoof_2019_LA/ASVspoof2019_LA_eval/flac/LA_E_9755769.flac,0
/data/DATASETS/ASV_Spoof_2019_LA/ASVspoof2019_LA_eval/flac/LA_E_9634234.flac,0
/data/DATASETS/ASV_Spoof_2019_LA/ASVspoof2019_LA_train/flac/LA_T_6227496.flac,0
/data/DATASETS/ASV_Spoof_2019_LA/ASVspoof2019_LA_dev/flac/LA_D_1722779.flac,0
/data/DATASETS/ASV_Spoof_2019_LA/ASVspoof2019_LA_train/flac/LA_T_1530054.flac,0
/data/DATASETS/ASV_Spoof_2019_LA/ASVspoof2019_LA_eval/flac/LA_E_6882439.flac,0
/data/DATASETS/ASV_Spoof_2019_LA/ASVspoof2019_LA_eval/flac/LA_E_3323277.flac,0
/data/DATASETS/ASV_Spoof_2019_LA/ASVspoof2019_LA_eval/flac/LA_E_9698903.flac,0
/data/DATASETS/ASV_Spoof_2019_LA/ASVspoof2019_LA_train/flac/LA_T_5260333.flac,0
/data/DATASETS/ASV_Spoof_2019_LA/ASVspoof2019_LA_eval/flac/LA_E_1426923.flac,0
/data/DATASETS/ASV_Spoof_2019_LA/ASVspoof2019_LA_dev/flac/LA_D_8749378.flac,0
/data/DATASETS/ASV_Spoof_2019_LA/ASVspoof2019_LA_eval/flac/LA_E_8565560.flac,0
/data/DATASETS/ASV_Spoof_2019_LA/ASVspoof2019_LA_eval/flac/LA_E_8256003.flac,0
/data/DATASETS/ASV_Spoof_2019_LA/ASVspoof2019_LA_eval/flac/LA_E_3417300.flac,0
/data/DATASETS/ASV_Spoof_2019_LA/ASVspoof2019_LA_dev/flac/LA_D_4063159.flac,0
/data/DATASETS/ASV_Spoof_2019_LA/ASVspoof2019_LA_dev/flac/LA_D_8544546.flac,0
/data/DATASETS/ASV_Spoof_2019_LA/ASVspoof2019_LA_eval/flac/LA_E_3068013.flac,0
/data/DATASETS/ASV_Spoof_2019_LA/ASVspoof2019_LA_eval/flac/LA_E_2383722.flac,0
/data/DATASETS/ASV_Spoof_2019_LA/ASVspoof2019_LA_eval/flac/LA_E_1033108.flac,0
/data/DATASETS/ASV_Spoof_2019_LA/ASVspoof2019_LA_dev/flac/LA_D_6375526.flac,0
/data/DATASETS/ASV_Spoof_2019_LA/ASVspoof2019_LA_train/flac/LA_T_9378967.flac,0
/data/DATASETS/ASV_Spoof_2019_LA/ASVspoof2019_LA_train/flac/LA_T_8647496.flac,0
/data/DATASETS/ASV_Spoof_2019_LA/ASVspoof2019_LA_train/flac/LA_T_6864430.flac,0
/data/DATASETS/ASV_Spoof_2019_LA/ASVspoof2019_LA_train/flac/LA_T_3060760.flac,0
/data/DATASETS/ASV_Spoof_2019_LA/ASVspoof2019_LA_train/flac/LA_T_8985520.flac,0
/data/DATASETS/ASV_Spoof_2019_LA/ASVspoof2019_LA_eval/flac/LA_E_3660356.flac,0
/data/DATASETS/ASV_Spoof_2019_LA/ASVspoof2019_LA_eval/flac/LA_E_3154856.flac,0
/data/DATASETS/ASV_Spoof_2019_LA/ASVspoof2019_LA_eval/flac/LA_E_7640701.flac,0
/data/DATASETS/ASV_Spoof_2019_LA/ASVspoof2019_LA_eval/flac/LA_E_1939410.flac,0
/data/DATASETS/ASV_Spoof_2019_LA/ASVspoof2019_LA_eval/flac/LA_E_3243825.flac,0
/data/DATASETS/ASV_Spoof_2019_LA/ASVspoof2019_LA_dev/flac/LA_D_7521836.flac,0
/data/DATASETS/ASV_Spoof_2019_LA/ASVspoof2019_LA_eval/flac/LA_E_8573445.flac,0
/data/DATASETS/ASV_Spoof_2019_LA/ASVspoof2019_LA_train/flac/LA_T_8793633.flac,0
/data/DATASETS/ASV_Spoof_2019_LA/ASVspoof2019_LA_eval/flac/LA_E_7360795.flac,0
/data/DATASETS/ASV_Spoof_2019_LA/ASVspoof2019_LA_eval/flac/LA_E_2811571.flac,0
/data/DATASETS/ASV_Spoof_2019_LA/ASVspoof2019_LA_dev/flac/LA_D_9183395.flac,0
/data/DATASETS/ASV_Spoof_2019_LA/ASVspoof2019_LA_eval/flac/LA_E_5641828.flac,0
/data/DATASETS/ASV_Spoof_2019_LA/ASVspoof2019_LA_eval/flac/LA_E_6051489.flac,0
/data/DATASETS/ASV_Spoof_2019_LA/ASVspoof2019_LA_eval/flac/LA_E_8881313.flac,0
/data/DATASETS/ASV_Spoof_2019_LA/ASVspoof2019_LA_train/flac/LA_T_4890539.flac,0
/data/DATASETS/ASV_Spoof_2019_LA/ASVspoof2019_LA_eval/flac/LA_E_4017472.flac,0
/data/DATASETS/ASV_Spoof_2019_LA/ASVspoof2019_LA_eval/flac/LA_E_7520804.flac,0
/data/DATASETS/ASV_Spoof_2019_LA/ASVspoof2019_LA_train/flac/LA_T_6692628.flac,0
/data/DATASETS/ASV_Spoof_2019_LA/ASVspoof2019_LA_eval/flac/LA_E_6304925.flac,0
/data/DATASETS/ASV_Spoof_2019_LA/ASVspoof2019_LA_eval/flac/LA_E_3830886.flac,0
/data/DATASETS/ASV_Spoof_2019_LA/ASVspoof2019_LA_eval/flac/LA_E_7933041.flac,0
/data/DATASETS/ASV_Spoof_2019_LA/ASVspoof2019_LA_dev/flac/LA_D_7721618.flac,0
/data/DATASETS/ASV_Spoof_2019_LA/ASVspoof2019_LA_eval/flac/LA_E_4562708.flac,0
/data/DATASETS/ASV_Spoof_2019_LA/ASVspoof2019_LA_dev/flac/LA_D_5734480.flac,0
/data/DATASETS/ASV_Spoof_2019_LA/ASVspoof2019_LA_eval/flac/LA_E_6350292.flac,0
/data/DATASETS/ASV_Spoof_2019_LA/ASVspoof2019_LA_eval/flac/LA_E_9395265.flac,0
/data/DATASETS/ASV_Spoof_2019_LA/ASVspoof2019_LA_eval/flac/LA_E_3956538.flac,0
/data/DATASETS/ASV_Spoof_2019_LA/ASVspoof2019_LA_train/flac/LA_T_1052790.flac,0
/data/DATASETS/ASV_Spoof_2019_LA/ASVspoof2019_LA_eval/flac/LA_E_2995398.flac,0
/data/DATASETS/ASV_Spoof_2019_LA/ASVspoof2019_LA_eval/flac/LA_E_6184058.flac,0
/data/DATASETS/ASV_Spoof_2019_LA/ASVspoof2019_LA_eval/flac/LA_E_7791807.flac,0
/data/DATASETS/ASV_Spoof_2019_LA/ASVspoof2019_LA_eval/flac/LA_E_3278126.flac,0
/data/DATASETS/ASV_Spoof_2019_LA/ASVspoof2019_LA_eval/flac/LA_E_3424035.flac,0
/data/DATASETS/ASV_Spoof_2019_LA/ASVspoof2019_LA_eval/flac/LA_E_9274391.flac,0
/data/DATASETS/ASV_Spoof_2019_LA/ASVspoof2019_LA_train/flac/LA_T_1795259.flac,0
/data/DATASETS/ASV_Spoof_2019_LA/ASVspoof2019_LA_train/flac/LA_T_3362906.flac,0
/data/DATASETS/ASV_Spoof_2019_LA/ASVspoof2019_LA_train/flac/LA_T_7310231.flac,0
/data/DATASETS/ASV_Spoof_2019_LA/ASVspoof2019_LA_eval/flac/LA_E_2621295.flac,0
/data/DATASETS/ASV_Spoof_2019_LA/ASVspoof2019_LA_eval/flac/LA_E_9793248.flac,0
/data/DATASETS/ASV_Spoof_2019_LA/ASVspoof2019_LA_eval/flac/LA_E_5386161.flac,0
/data/DATASETS/ASV_Spoof_2019_LA/ASVspoof2019_LA_eval/flac/LA_E_6572074.flac,0
/data/DATASETS/ASV_Spoof_2019_LA/ASVspoof2019_LA_eval/flac/LA_E_7056845.flac,0
/data/DATASETS/ASV_Spoof_2019_LA/ASVspoof2019_LA_train/flac/LA_T_6051402.flac,0
/data/DATASETS/ASV_Spoof_2019_LA/ASVspoof2019_LA_dev/flac/LA_D_1803008.flac,0
/data/DATASETS/ASV_Spoof_2019_LA/ASVspoof2019_LA_eval/flac/LA_E_1285034.flac,0
/data/DATASETS/ASV_Spoof_2019_LA/ASVspoof2019_LA_eval/flac/LA_E_3401963.flac,0
/data/DATASETS/ASV_Spoof_2019_LA/ASVspoof2019_LA_eval/flac/LA_E_1635576.flac,0
/data/DATASETS/ASV_Spoof_2019_LA/ASVspoof2019_LA_dev/flac/LA_D_8600039.flac,0
/data/DATASETS/ASV_Spoof_2019_LA/ASVspoof2019_LA_train/flac/LA_T_5274567.flac,0
/data/DATASETS/ASV_Spoof_2019_LA/ASVspoof2019_LA_dev/flac/LA_D_9752146.flac,0
/data/DATASETS/ASV_Spoof_2019_LA/ASVspoof2019_LA_train/flac/LA_T_4839122.flac,0
/data/DATASETS/ASV_Spoof_2019_LA/ASVspoof2019_LA_eval/flac/LA_E_9876791.flac,0
/data/DATASETS/ASV_Spoof_2019_LA/ASVspoof2019_LA_train/flac/LA_T_4923806.flac,0
/data/DATASETS/ASV_Spoof_2019_LA/ASVspoof2019_LA_dev/flac/LA_D_5879570.flac,0
/data/DATASETS/ASV_Spoof_2019_LA/ASVspoof2019_LA_eval/flac/LA_E_5607725.flac,0
/data/DATASETS/ASV_Spoof_2019_LA/ASVspoof2019_LA_eval/flac/LA_E_6009730.flac,0
/data/DATASETS/ASV_Spoof_2019_LA/ASVspoof2019_LA_train/flac/LA_T_3123920.flac,0
/data/DATASETS/ASV_Spoof_2019_LA/ASVspoof2019_LA_dev/flac/LA_D_7130070.flac,0
/data/DATASETS/ASV_Spoof_2019_LA/ASVspoof2019_LA_eval/flac/LA_E_7708650.flac,0
/data/DATASETS/ASV_Spoof_2019_LA/ASVspoof2019_LA_eval/flac/LA_E_8795177.flac,0
/data/DATASETS/ASV_Spoof_2019_LA/ASVspoof2019_LA_eval/flac/LA_E_6465809.flac,0
/data/DATASETS/ASV_Spoof_2019_LA/ASVspoof2019_LA_eval/flac/LA_E_8856814.flac,0
/data/DATASETS/ASV_Spoof_2019_LA/ASVspoof2019_LA_eval/flac/LA_E_5593955.flac,0
/data/DATASETS/ASV_Spoof_2019_LA/ASVspoof2019_LA_eval/flac/LA_E_5513313.flac,0
/data/DATASETS/ASV_Spoof_2019_LA/ASVspoof2019_LA_eval/flac/LA_E_7570712.flac,0
/data/DATASETS/ASV_Spoof_2019_LA/ASVspoof2019_LA_eval/flac/LA_E_9607062.flac,0
/data/DATASETS/ASV_Spoof_2019_LA/ASVspoof2019_LA_eval/flac/LA_E_4479983.flac,0
/data/DATASETS/ASV_Spoof_2019_LA/ASVspoof2019_LA_eval/flac/LA_E_8785717.flac,0
/data/DATASETS/ASV_Spoof_2019_LA/ASVspoof2019_LA_train/flac/LA_T_9469286.flac,0
/data/DATASETS/ASV_Spoof_2019_LA/ASVspoof2019_LA_train/flac/LA_T_6405980.flac,0
/data/DATASETS/ASV_Spoof_2019_LA/ASVspoof2019_LA_eval/flac/LA_E_5024034.flac,0
/data/DATASETS/ASV_Spoof_2019_LA/ASVspoof2019_LA_eval/flac/LA_E_1139772.flac,0
/data/DATASETS/ASV_Spoof_2019_LA/ASVspoof2019_LA_eval/flac/LA_E_5869890.flac,0
/data/DATASETS/ASV_Spoof_2019_LA/ASVspoof2019_LA_eval/flac/LA_E_3211127.flac,0
/data/DATASETS/ASV_Spoof_2019_LA/ASVspoof2019_LA_eval/flac/LA_E_2850739.flac,0
/data/DATASETS/ASV_Spoof_2019_LA/ASVspoof2019_LA_train/flac/LA_T_9506168.flac,0
/data/DATASETS/ASV_Spoof_2019_LA/ASVspoof2019_LA_dev/flac/LA_D_2910448.flac,0
/data/DATASETS/ASV_Spoof_2019_LA/ASVspoof2019_LA_dev/flac/LA_D_3483451.flac,0
/data/DATASETS/ASV_Spoof_2019_LA/ASVspoof2019_LA_eval/flac/LA_E_9976665.flac,0
/data/DATASETS/ASV_Spoof_2019_LA/ASVspoof2019_LA_eval/flac/LA_E_5891428.flac,0
/data/DATASETS/ASV_Spoof_2019_LA/ASVspoof2019_LA_dev/flac/LA_D_4668193.flac,0
/data/DATASETS/ASV_Spoof_2019_LA/ASVspoof2019_LA_eval/flac/LA_E_8912893.flac,0
/data/DATASETS/ASV_Spoof_2019_LA/ASVspoof2019_LA_dev/flac/LA_D_1517076.flac,0
/data/DATASETS/ASV_Spoof_2019_LA/ASVspoof2019_LA_train/flac/LA_T_7356545.flac,0
/data/DATASETS/ASV_Spoof_2019_LA/ASVspoof2019_LA_train/flac/LA_T_7944475.flac,0
/data/DATASETS/ASV_Spoof_2019_LA/ASVspoof2019_LA_eval/flac/LA_E_3349040.flac,0
/data/DATASETS/ASV_Spoof_2019_LA/ASVspoof2019_LA_dev/flac/LA_D_6283341.flac,0
/data/DATASETS/ASV_Spoof_2019_LA/ASVspoof2019_LA_eval/flac/LA_E_7795320.flac,0
/data/DATASETS/ASV_Spoof_2019_LA/ASVspoof2019_LA_eval/flac/LA_E_7459392.flac,0
/data/DATASETS/ASV_Spoof_2019_LA/ASVspoof2019_LA_dev/flac/LA_D_8055872.flac,0
/data/DATASETS/ASV_Spoof_2019_LA/ASVspoof2019_LA_eval/flac/LA_E_4817553.flac,0
/data/DATASETS/ASV_Spoof_2019_LA/ASVspoof2019_LA_eval/flac/LA_E_8068697.flac,0
/data/DATASETS/ASV_Spoof_2019_LA/ASVspoof2019_LA_eval/flac/LA_E_4384226.flac,0
/data/DATASETS/ASV_Spoof_2019_LA/ASVspoof2019_LA_eval/flac/LA_E_2360906.flac,0
/data/DATASETS/ASV_Spoof_2019_LA/ASVspoof2019_LA_train/flac/LA_T_6582371.flac,0
/data/DATASETS/ASV_Spoof_2019_LA/ASVspoof2019_LA_train/flac/LA_T_1698724.flac,0
/data/DATASETS/ASV_Spoof_2019_LA/ASVspoof2019_LA_eval/flac/LA_E_7751649.flac,0
/data/DATASETS/ASV_Spoof_2019_LA/ASVspoof2019_LA_dev/flac/LA_D_3876757.flac,0
/data/DATASETS/ASV_Spoof_2019_LA/ASVspoof2019_LA_eval/flac/LA_E_5861811.flac,0
/data/DATASETS/ASV_Spoof_2019_LA/ASVspoof2019_LA_eval/flac/LA_E_9279362.flac,0
/data/DATASETS/ASV_Spoof_2019_LA/ASVspoof2019_LA_train/flac/LA_T_4853639.flac,0
/data/DATASETS/ASV_Spoof_2019_LA/ASVspoof2019_LA_dev/flac/LA_D_2109062.flac,0
/data/DATASETS/ASV_Spoof_2019_LA/ASVspoof2019_LA_eval/flac/LA_E_5898586.flac,0
/data/DATASETS/ASV_Spoof_2019_LA/ASVspoof2019_LA_eval/flac/LA_E_6652533.flac,0
/data/DATASETS/ASV_Spoof_2019_LA/ASVspoof2019_LA_eval/flac/LA_E_9990851.flac,0
/data/DATASETS/ASV_Spoof_2019_LA/ASVspoof2019_LA_eval/flac/LA_E_7945785.flac,0
/data/DATASETS/ASV_Spoof_2019_LA/ASVspoof2019_LA_dev/flac/LA_D_1438615.flac,0
/data/DATASETS/ASV_Spoof_2019_LA/ASVspoof2019_LA_eval/flac/LA_E_2780806.flac,0
/data/DATASETS/ASV_Spoof_2019_LA/ASVspoof2019_LA_dev/flac/LA_D_9287387.flac,0
/data/DATASETS/ASV_Spoof_2019_LA/ASVspoof2019_LA_eval/flac/LA_E_3280912.flac,0
/data/DATASETS/ASV_Spoof_2019_LA/ASVspoof2019_LA_eval/flac/LA_E_3102565.flac,0
/data/DATASETS/ASV_Spoof_2019_LA/ASVspoof2019_LA_train/flac/LA_T_1861398.flac,0
/data/DATASETS/ASV_Spoof_2019_LA/ASVspoof2019_LA_eval/flac/LA_E_3627379.flac,0
/data/DATASETS/ASV_Spoof_2019_LA/ASVspoof2019_LA_eval/flac/LA_E_1320836.flac,0
/data/DATASETS/ASV_Spoof_2019_LA/ASVspoof2019_LA_train/flac/LA_T_2113561.flac,0
/data/DATASETS/ASV_Spoof_2019_LA/ASVspoof2019_LA_eval/flac/LA_E_1957306.flac,0
/data/DATASETS/ASV_Spoof_2019_LA/ASVspoof2019_LA_eval/flac/LA_E_7501521.flac,0
/data/DATASETS/ASV_Spoof_2019_LA/ASVspoof2019_LA_eval/flac/LA_E_9332824.flac,0
/data/DATASETS/ASV_Spoof_2019_LA/ASVspoof2019_LA_dev/flac/LA_D_7376093.flac,0
/data/DATASETS/ASV_Spoof_2019_LA/ASVspoof2019_LA_eval/flac/LA_E_4667807.flac,0
/data/DATASETS/ASV_Spoof_2019_LA/ASVspoof2019_LA_train/flac/LA_T_6936229.flac,0
/data/DATASETS/ASV_Spoof_2019_LA/ASVspoof2019_LA_eval/flac/LA_E_6587297.flac,0
/data/DATASETS/ASV_Spoof_2019_LA/ASVspoof2019_LA_train/flac/LA_T_3340235.flac,0
/data/DATASETS/ASV_Spoof_2019_LA/ASVspoof2019_LA_eval/flac/LA_E_4286915.flac,0
/data/DATASETS/ASV_Spoof_2019_LA/ASVspoof2019_LA_eval/flac/LA_E_3410060.flac,0
/data/DATASETS/ASV_Spoof_2019_LA/ASVspoof2019_LA_dev/flac/LA_D_6718237.flac,0
/data/DATASETS/ASV_Spoof_2019_LA/ASVspoof2019_LA_eval/flac/LA_E_9365004.flac,0
/data/DATASETS/ASV_Spoof_2019_LA/ASVspoof2019_LA_eval/flac/LA_E_6470737.flac,0
/data/DATASETS/ASV_Spoof_2019_LA/ASVspoof2019_LA_train/flac/LA_T_1535496.flac,0
/data/DATASETS/ASV_Spoof_2019_LA/ASVspoof2019_LA_train/flac/LA_T_8846765.flac,0
/data/DATASETS/ASV_Spoof_2019_LA/ASVspoof2019_LA_eval/flac/LA_E_2585261.flac,0
/data/DATASETS/ASV_Spoof_2019_LA/ASVspoof2019_LA_eval/flac/LA_E_1393272.flac,0
/data/DATASETS/ASV_Spoof_2019_LA/ASVspoof2019_LA_dev/flac/LA_D_8239123.flac,0
/data/DATASETS/ASV_Spoof_2019_LA/ASVspoof2019_LA_train/flac/LA_T_6296859.flac,0
/data/DATASETS/ASV_Spoof_2019_LA/ASVspoof2019_LA_train/flac/LA_T_1203360.flac,0
/data/DATASETS/ASV_Spoof_2019_LA/ASVspoof2019_LA_dev/flac/LA_D_6220480.flac,0
/data/DATASETS/ASV_Spoof_2019_LA/ASVspoof2019_LA_train/flac/LA_T_2978319.flac,0
/data/DATASETS/ASV_Spoof_2019_LA/ASVspoof2019_LA_dev/flac/LA_D_5186221.flac,0
/data/DATASETS/ASV_Spoof_2019_LA/ASVspoof2019_LA_train/flac/LA_T_9529079.flac,0
/data/DATASETS/ASV_Spoof_2019_LA/ASVspoof2019_LA_eval/flac/LA_E_3718422.flac,0
/data/DATASETS/ASV_Spoof_2019_LA/ASVspoof2019_LA_eval/flac/LA_E_9051766.flac,0
/data/DATASETS/ASV_Spoof_2019_LA/ASVspoof2019_LA_train/flac/LA_T_9387015.flac,0
/data/DATASETS/ASV_Spoof_2019_LA/ASVspoof2019_LA_train/flac/LA_T_7478918.flac,0
/data/DATASETS/ASV_Spoof_2019_LA/ASVspoof2019_LA_dev/flac/LA_D_6254318.flac,0
/data/DATASETS/ASV_Spoof_2019_LA/ASVspoof2019_LA_eval/flac/LA_E_5172928.flac,0
/data/DATASETS/ASV_Spoof_2019_LA/ASVspoof2019_LA_eval/flac/LA_E_2119440.flac,0
/data/DATASETS/ASV_Spoof_2019_LA/ASVspoof2019_LA_eval/flac/LA_E_3121073.flac,0
/data/DATASETS/ASV_Spoof_2019_LA/ASVspoof2019_LA_eval/flac/LA_E_6238566.flac,0
/data/DATASETS/ASV_Spoof_2019_LA/ASVspoof2019_LA_dev/flac/LA_D_9628533.flac,0
/data/DATASETS/ASV_Spoof_2019_LA/ASVspoof2019_LA_train/flac/LA_T_7363698.flac,0
/data/DATASETS/ASV_Spoof_2019_LA/ASVspoof2019_LA_eval/flac/LA_E_8684257.flac,0
/data/DATASETS/ASV_Spoof_2019_LA/ASVspoof2019_LA_eval/flac/LA_E_3081266.flac,0
/data/DATASETS/ASV_Spoof_2019_LA/ASVspoof2019_LA_eval/flac/LA_E_3585941.flac,0
/data/DATASETS/ASV_Spoof_2019_LA/ASVspoof2019_LA_eval/flac/LA_E_2186198.flac,0
/data/DATASETS/ASV_Spoof_2019_LA/ASVspoof2019_LA_eval/flac/LA_E_6712126.flac,0
/data/DATASETS/ASV_Spoof_2019_LA/ASVspoof2019_LA_eval/flac/LA_E_2898438.flac,0
/data/DATASETS/ASV_Spoof_2019_LA/ASVspoof2019_LA_dev/flac/LA_D_6448946.flac,0
/data/DATASETS/ASV_Spoof_2019_LA/ASVspoof2019_LA_train/flac/LA_T_8596867.flac,0
/data/DATASETS/ASV_Spoof_2019_LA/ASVspoof2019_LA_eval/flac/LA_E_9882982.flac,0
/data/DATASETS/ASV_Spoof_2019_LA/ASVspoof2019_LA_eval/flac/LA_E_6584821.flac,0
/data/DATASETS/ASV_Spoof_2019_LA/ASVspoof2019_LA_eval/flac/LA_E_3248749.flac,0
/data/DATASETS/ASV_Spoof_2019_LA/ASVspoof2019_LA_eval/flac/LA_E_1584651.flac,0
/data/DATASETS/ASV_Spoof_2019_LA/ASVspoof2019_LA_dev/flac/LA_D_8187801.flac,0
/data/DATASETS/ASV_Spoof_2019_LA/ASVspoof2019_LA_dev/flac/LA_D_7423342.flac,0
/data/DATASETS/ASV_Spoof_2019_LA/ASVspoof2019_LA_eval/flac/LA_E_5013830.flac,0
/data/DATASETS/ASV_Spoof_2019_LA/ASVspoof2019_LA_dev/flac/LA_D_9666678.flac,0
/data/DATASETS/ASV_Spoof_2019_LA/ASVspoof2019_LA_dev/flac/LA_D_2062744.flac,0
/data/DATASETS/ASV_Spoof_2019_LA/ASVspoof2019_LA_eval/flac/LA_E_8710031.flac,0
/data/DATASETS/ASV_Spoof_2019_LA/ASVspoof2019_LA_eval/flac/LA_E_5754214.flac,0
/data/DATASETS/ASV_Spoof_2019_LA/ASVspoof2019_LA_eval/flac/LA_E_3805522.flac,0
/data/DATASETS/ASV_Spoof_2019_LA/ASVspoof2019_LA_dev/flac/LA_D_8817568.flac,0
/data/DATASETS/ASV_Spoof_2019_LA/ASVspoof2019_LA_eval/flac/LA_E_3322263.flac,0
/data/DATASETS/ASV_Spoof_2019_LA/ASVspoof2019_LA_train/flac/LA_T_5576506.flac,0
/data/DATASETS/ASV_Spoof_2019_LA/ASVspoof2019_LA_train/flac/LA_T_6546868.flac,0
/data/DATASETS/ASV_Spoof_2019_LA/ASVspoof2019_LA_train/flac/LA_T_3041626.flac,0
/data/DATASETS/ASV_Spoof_2019_LA/ASVspoof2019_LA_eval/flac/LA_E_6754023.flac,0
/data/DATASETS/ASV_Spoof_2019_LA/ASVspoof2019_LA_dev/flac/LA_D_2819153.flac,0
/data/DATASETS/ASV_Spoof_2019_LA/ASVspoof2019_LA_train/flac/LA_T_6849040.flac,0
/data/DATASETS/ASV_Spoof_2019_LA/ASVspoof2019_LA_eval/flac/LA_E_4101519.flac,0
/data/DATASETS/ASV_Spoof_2019_LA/ASVspoof2019_LA_eval/flac/LA_E_6482423.flac,0
/data/DATASETS/ASV_Spoof_2019_LA/ASVspoof2019_LA_eval/flac/LA_E_6390182.flac,0
/data/DATASETS/ASV_Spoof_2019_LA/ASVspoof2019_LA_train/flac/LA_T_1786825.flac,0
/data/DATASETS/ASV_Spoof_2019_LA/ASVspoof2019_LA_eval/flac/LA_E_4736235.flac,0
/data/DATASETS/ASV_Spoof_2019_LA/ASVspoof2019_LA_dev/flac/LA_D_9559588.flac,0
/data/DATASETS/ASV_Spoof_2019_LA/ASVspoof2019_LA_dev/flac/LA_D_2448116.flac,0
/data/DATASETS/ASV_Spoof_2019_LA/ASVspoof2019_LA_eval/flac/LA_E_7304378.flac,0
/data/DATASETS/ASV_Spoof_2019_LA/ASVspoof2019_LA_eval/flac/LA_E_6249720.flac,0
/data/DATASETS/ASV_Spoof_2019_LA/ASVspoof2019_LA_dev/flac/LA_D_9706957.flac,0
/data/DATASETS/ASV_Spoof_2019_LA/ASVspoof2019_LA_eval/flac/LA_E_4264039.flac,0
/data/DATASETS/ASV_Spoof_2019_LA/ASVspoof2019_LA_eval/flac/LA_E_2483495.flac,0
/data/DATASETS/ASV_Spoof_2019_LA/ASVspoof2019_LA_eval/flac/LA_E_1250691.flac,0
/data/DATASETS/ASV_Spoof_2019_LA/ASVspoof2019_LA_dev/flac/LA_D_7713018.flac,0
/data/DATASETS/ASV_Spoof_2019_LA/ASVspoof2019_LA_eval/flac/LA_E_5091845.flac,0
/data/DATASETS/ASV_Spoof_2019_LA/ASVspoof2019_LA_eval/flac/LA_E_4607629.flac,0
/data/DATASETS/ASV_Spoof_2019_LA/ASVspoof2019_LA_eval/flac/LA_E_6826899.flac,0
/data/DATASETS/ASV_Spoof_2019_LA/ASVspoof2019_LA_dev/flac/LA_D_6963411.flac,0
/data/DATASETS/ASV_Spoof_2019_LA/ASVspoof2019_LA_dev/flac/LA_D_1424876.flac,0
/data/DATASETS/ASV_Spoof_2019_LA/ASVspoof2019_LA_train/flac/LA_T_1473061.flac,0
/data/DATASETS/ASV_Spoof_2019_LA/ASVspoof2019_LA_dev/flac/LA_D_5178435.flac,0
/data/DATASETS/ASV_Spoof_2019_LA/ASVspoof2019_LA_dev/flac/LA_D_3731175.flac,0
/data/DATASETS/ASV_Spoof_2019_LA/ASVspoof2019_LA_eval/flac/LA_E_3925399.flac,0
/data/DATASETS/ASV_Spoof_2019_LA/ASVspoof2019_LA_train/flac/LA_T_3751912.flac,0
/data/DATASETS/ASV_Spoof_2019_LA/ASVspoof2019_LA_train/flac/LA_T_8507920.flac,0
/data/DATASETS/ASV_Spoof_2019_LA/ASVspoof2019_LA_eval/flac/LA_E_6118088.flac,0
/data/DATASETS/ASV_Spoof_2019_LA/ASVspoof2019_LA_eval/flac/LA_E_2268073.flac,0
/data/DATASETS/ASV_Spoof_2019_LA/ASVspoof2019_LA_dev/flac/LA_D_8572375.flac,0
/data/DATASETS/ASV_Spoof_2019_LA/ASVspoof2019_LA_train/flac/LA_T_4509152.flac,0
/data/DATASETS/ASV_Spoof_2019_LA/ASVspoof2019_LA_eval/flac/LA_E_3645549.flac,0
/data/DATASETS/ASV_Spoof_2019_LA/ASVspoof2019_LA_dev/flac/LA_D_5567251.flac,0
/data/DATASETS/ASV_Spoof_2019_LA/ASVspoof2019_LA_eval/flac/LA_E_6276881.flac,0
/data/DATASETS/ASV_Spoof_2019_LA/ASVspoof2019_LA_eval/flac/LA_E_1207845.flac,0
/data/DATASETS/ASV_Spoof_2019_LA/ASVspoof2019_LA_train/flac/LA_T_9270440.flac,0
/data/DATASETS/ASV_Spoof_2019_LA/ASVspoof2019_LA_eval/flac/LA_E_6991837.flac,0
/data/DATASETS/ASV_Spoof_2019_LA/ASVspoof2019_LA_train/flac/LA_T_3424846.flac,0
/data/DATASETS/ASV_Spoof_2019_LA/ASVspoof2019_LA_eval/flac/LA_E_5670623.flac,0
/data/DATASETS/ASV_Spoof_2019_LA/ASVspoof2019_LA_train/flac/LA_T_3865816.flac,0
/data/DATASETS/ASV_Spoof_2019_LA/ASVspoof2019_LA_eval/flac/LA_E_6097135.flac,0
/data/DATASETS/ASV_Spoof_2019_LA/ASVspoof2019_LA_eval/flac/LA_E_9106514.flac,0
/data/DATASETS/ASV_Spoof_2019_LA/ASVspoof2019_LA_eval/flac/LA_E_2362137.flac,0
/data/DATASETS/ASV_Spoof_2019_LA/ASVspoof2019_LA_train/flac/LA_T_9628936.flac,0
/data/DATASETS/ASV_Spoof_2019_LA/ASVspoof2019_LA_eval/flac/LA_E_6652857.flac,0
/data/DATASETS/ASV_Spoof_2019_LA/ASVspoof2019_LA_eval/flac/LA_E_4409379.flac,0
/data/DATASETS/ASV_Spoof_2019_LA/ASVspoof2019_LA_eval/flac/LA_E_8211230.flac,0
/data/DATASETS/ASV_Spoof_2019_LA/ASVspoof2019_LA_eval/flac/LA_E_8858635.flac,0
/data/DATASETS/ASV_Spoof_2019_LA/ASVspoof2019_LA_eval/flac/LA_E_3543243.flac,0
/data/DATASETS/ASV_Spoof_2019_LA/ASVspoof2019_LA_train/flac/LA_T_4130056.flac,0
/data/DATASETS/ASV_Spoof_2019_LA/ASVspoof2019_LA_eval/flac/LA_E_6754209.flac,0
/data/DATASETS/ASV_Spoof_2019_LA/ASVspoof2019_LA_eval/flac/LA_E_4965589.flac,0
/data/DATASETS/ASV_Spoof_2019_LA/ASVspoof2019_LA_train/flac/LA_T_1376595.flac,0
/data/DATASETS/ASV_Spoof_2019_LA/ASVspoof2019_LA_eval/flac/LA_E_4307358.flac,0
/data/DATASETS/ASV_Spoof_2019_LA/ASVspoof2019_LA_dev/flac/LA_D_5621016.flac,0
/data/DATASETS/ASV_Spoof_2019_LA/ASVspoof2019_LA_eval/flac/LA_E_9452660.flac,0
/data/DATASETS/ASV_Spoof_2019_LA/ASVspoof2019_LA_eval/flac/LA_E_1098563.flac,0
/data/DATASETS/ASV_Spoof_2019_LA/ASVspoof2019_LA_eval/flac/LA_E_5239519.flac,0
/data/DATASETS/ASV_Spoof_2019_LA/ASVspoof2019_LA_eval/flac/LA_E_9740316.flac,0
/data/DATASETS/ASV_Spoof_2019_LA/ASVspoof2019_LA_dev/flac/LA_D_7891590.flac,0
/data/DATASETS/ASV_Spoof_2019_LA/ASVspoof2019_LA_eval/flac/LA_E_9772477.flac,0
/data/DATASETS/ASV_Spoof_2019_LA/ASVspoof2019_LA_dev/flac/LA_D_2552799.flac,0
/data/DATASETS/ASV_Spoof_2019_LA/ASVspoof2019_LA_eval/flac/LA_E_6441486.flac,0
/data/DATASETS/ASV_Spoof_2019_LA/ASVspoof2019_LA_dev/flac/LA_D_9897081.flac,0
/data/DATASETS/ASV_Spoof_2019_LA/ASVspoof2019_LA_eval/flac/LA_E_2999092.flac,0
/data/DATASETS/ASV_Spoof_2019_LA/ASVspoof2019_LA_dev/flac/LA_D_7704954.flac,0
/data/DATASETS/ASV_Spoof_2019_LA/ASVspoof2019_LA_train/flac/LA_T_7890455.flac,0
/data/DATASETS/ASV_Spoof_2019_LA/ASVspoof2019_LA_train/flac/LA_T_3636245.flac,0
/data/DATASETS/ASV_Spoof_2019_LA/ASVspoof2019_LA_eval/flac/LA_E_7136460.flac,0
/data/DATASETS/ASV_Spoof_2019_LA/ASVspoof2019_LA_eval/flac/LA_E_7240745.flac,0
/data/DATASETS/ASV_Spoof_2019_LA/ASVspoof2019_LA_eval/flac/LA_E_1737971.flac,0
/data/DATASETS/ASV_Spoof_2019_LA/ASVspoof2019_LA_train/flac/LA_T_5265204.flac,0
/data/DATASETS/ASV_Spoof_2019_LA/ASVspoof2019_LA_train/flac/LA_T_3978678.flac,0
/data/DATASETS/ASV_Spoof_2019_LA/ASVspoof2019_LA_eval/flac/LA_E_6626204.flac,0
/data/DATASETS/ASV_Spoof_2019_LA/ASVspoof2019_LA_eval/flac/LA_E_4396656.flac,0
/data/DATASETS/ASV_Spoof_2019_LA/ASVspoof2019_LA_eval/flac/LA_E_4798024.flac,0
/data/DATASETS/ASV_Spoof_2019_LA/ASVspoof2019_LA_train/flac/LA_T_2797155.flac,0
/data/DATASETS/ASV_Spoof_2019_LA/ASVspoof2019_LA_train/flac/LA_T_5481932.flac,0
/data/DATASETS/ASV_Spoof_2019_LA/ASVspoof2019_LA_eval/flac/LA_E_3666089.flac,0
/data/DATASETS/ASV_Spoof_2019_LA/ASVspoof2019_LA_eval/flac/LA_E_1690271.flac,0
/data/DATASETS/ASV_Spoof_2019_LA/ASVspoof2019_LA_train/flac/LA_T_8971944.flac,0
/data/DATASETS/ASV_Spoof_2019_LA/ASVspoof2019_LA_dev/flac/LA_D_1577384.flac,0
/data/DATASETS/ASV_Spoof_2019_LA/ASVspoof2019_LA_train/flac/LA_T_5688847.flac,0
/data/DATASETS/ASV_Spoof_2019_LA/ASVspoof2019_LA_eval/flac/LA_E_5230288.flac,0
/data/DATASETS/ASV_Spoof_2019_LA/ASVspoof2019_LA_dev/flac/LA_D_4747124.flac,0
/data/DATASETS/ASV_Spoof_2019_LA/ASVspoof2019_LA_eval/flac/LA_E_6822581.flac,0
/data/DATASETS/ASV_Spoof_2019_LA/ASVspoof2019_LA_eval/flac/LA_E_4011898.flac,0
/data/DATASETS/ASV_Spoof_2019_LA/ASVspoof2019_LA_eval/flac/LA_E_7282079.flac,0
/data/DATASETS/ASV_Spoof_2019_LA/ASVspoof2019_LA_train/flac/LA_T_3041149.flac,0
/data/DATASETS/ASV_Spoof_2019_LA/ASVspoof2019_LA_train/flac/LA_T_4234865.flac,0
/data/DATASETS/ASV_Spoof_2019_LA/ASVspoof2019_LA_train/flac/LA_T_6935436.flac,0
/data/DATASETS/ASV_Spoof_2019_LA/ASVspoof2019_LA_eval/flac/LA_E_3496125.flac,0
/data/DATASETS/ASV_Spoof_2019_LA/ASVspoof2019_LA_eval/flac/LA_E_1086117.flac,0
/data/DATASETS/ASV_Spoof_2019_LA/ASVspoof2019_LA_eval/flac/LA_E_5882171.flac,0
/data/DATASETS/ASV_Spoof_2019_LA/ASVspoof2019_LA_eval/flac/LA_E_4871343.flac,0
/data/DATASETS/ASV_Spoof_2019_LA/ASVspoof2019_LA_eval/flac/LA_E_9848915.flac,0
/data/DATASETS/ASV_Spoof_2019_LA/ASVspoof2019_LA_eval/flac/LA_E_4229595.flac,0
/data/DATASETS/ASV_Spoof_2019_LA/ASVspoof2019_LA_train/flac/LA_T_1797843.flac,0
/data/DATASETS/ASV_Spoof_2019_LA/ASVspoof2019_LA_train/flac/LA_T_7967427.flac,0
/data/DATASETS/ASV_Spoof_2019_LA/ASVspoof2019_LA_dev/flac/LA_D_5774989.flac,0
/data/DATASETS/ASV_Spoof_2019_LA/ASVspoof2019_LA_eval/flac/LA_E_2638344.flac,0
/data/DATASETS/ASV_Spoof_2019_LA/ASVspoof2019_LA_eval/flac/LA_E_3182162.flac,0
/data/DATASETS/ASV_Spoof_2019_LA/ASVspoof2019_LA_dev/flac/LA_D_9770200.flac,0
/data/DATASETS/ASV_Spoof_2019_LA/ASVspoof2019_LA_dev/flac/LA_D_4124707.flac,0
/data/DATASETS/ASV_Spoof_2019_LA/ASVspoof2019_LA_eval/flac/LA_E_1677476.flac,0
/data/DATASETS/ASV_Spoof_2019_LA/ASVspoof2019_LA_eval/flac/LA_E_3268391.flac,0
/data/DATASETS/ASV_Spoof_2019_LA/ASVspoof2019_LA_train/flac/LA_T_7217038.flac,0
/data/DATASETS/ASV_Spoof_2019_LA/ASVspoof2019_LA_eval/flac/LA_E_7618683.flac,0
/data/DATASETS/ASV_Spoof_2019_LA/ASVspoof2019_LA_eval/flac/LA_E_3261040.flac,0
/data/DATASETS/ASV_Spoof_2019_LA/ASVspoof2019_LA_dev/flac/LA_D_7179593.flac,0
/data/DATASETS/ASV_Spoof_2019_LA/ASVspoof2019_LA_eval/flac/LA_E_6193124.flac,0
/data/DATASETS/ASV_Spoof_2019_LA/ASVspoof2019_LA_eval/flac/LA_E_7829299.flac,0
/data/DATASETS/ASV_Spoof_2019_LA/ASVspoof2019_LA_train/flac/LA_T_4113721.flac,0
/data/DATASETS/ASV_Spoof_2019_LA/ASVspoof2019_LA_train/flac/LA_T_2351250.flac,0
/data/DATASETS/ASV_Spoof_2019_LA/ASVspoof2019_LA_eval/flac/LA_E_5982099.flac,0
/data/DATASETS/ASV_Spoof_2019_LA/ASVspoof2019_LA_dev/flac/LA_D_6033972.flac,0
/data/DATASETS/ASV_Spoof_2019_LA/ASVspoof2019_LA_eval/flac/LA_E_6042550.flac,0
/data/DATASETS/ASV_Spoof_2019_LA/ASVspoof2019_LA_eval/flac/LA_E_1423771.flac,0
/data/DATASETS/ASV_Spoof_2019_LA/ASVspoof2019_LA_dev/flac/LA_D_4440923.flac,0
/data/DATASETS/ASV_Spoof_2019_LA/ASVspoof2019_LA_eval/flac/LA_E_5588966.flac,0
/data/DATASETS/ASV_Spoof_2019_LA/ASVspoof2019_LA_train/flac/LA_T_8360330.flac,0
/data/DATASETS/ASV_Spoof_2019_LA/ASVspoof2019_LA_eval/flac/LA_E_3935822.flac,0
/data/DATASETS/ASV_Spoof_2019_LA/ASVspoof2019_LA_eval/flac/LA_E_1663035.flac,0
/data/DATASETS/ASV_Spoof_2019_LA/ASVspoof2019_LA_eval/flac/LA_E_2307779.flac,0
/data/DATASETS/ASV_Spoof_2019_LA/ASVspoof2019_LA_eval/flac/LA_E_2584259.flac,0
/data/DATASETS/ASV_Spoof_2019_LA/ASVspoof2019_LA_eval/flac/LA_E_4569852.flac,0
/data/DATASETS/ASV_Spoof_2019_LA/ASVspoof2019_LA_eval/flac/LA_E_2648590.flac,0
/data/DATASETS/ASV_Spoof_2019_LA/ASVspoof2019_LA_eval/flac/LA_E_3621170.flac,0
/data/DATASETS/ASV_Spoof_2019_LA/ASVspoof2019_LA_eval/flac/LA_E_1739289.flac,0
/data/DATASETS/ASV_Spoof_2019_LA/ASVspoof2019_LA_eval/flac/LA_E_2525018.flac,0
/data/DATASETS/ASV_Spoof_2019_LA/ASVspoof2019_LA_train/flac/LA_T_5264330.flac,0
/data/DATASETS/ASV_Spoof_2019_LA/ASVspoof2019_LA_eval/flac/LA_E_4644995.flac,0
/data/DATASETS/ASV_Spoof_2019_LA/ASVspoof2019_LA_dev/flac/LA_D_6208197.flac,0
/data/DATASETS/ASV_Spoof_2019_LA/ASVspoof2019_LA_dev/flac/LA_D_5962580.flac,0
/data/DATASETS/ASV_Spoof_2019_LA/ASVspoof2019_LA_eval/flac/LA_E_3767971.flac,0
/data/DATASETS/ASV_Spoof_2019_LA/ASVspoof2019_LA_eval/flac/LA_E_6749812.flac,0
/data/DATASETS/ASV_Spoof_2019_LA/ASVspoof2019_LA_eval/flac/LA_E_4096252.flac,0
/data/DATASETS/ASV_Spoof_2019_LA/ASVspoof2019_LA_dev/flac/LA_D_3604610.flac,0
/data/DATASETS/ASV_Spoof_2019_LA/ASVspoof2019_LA_eval/flac/LA_E_9442725.flac,0
/data/DATASETS/ASV_Spoof_2019_LA/ASVspoof2019_LA_eval/flac/LA_E_9389387.flac,0
/data/DATASETS/ASV_Spoof_2019_LA/ASVspoof2019_LA_dev/flac/LA_D_4992364.flac,0
/data/DATASETS/ASV_Spoof_2019_LA/ASVspoof2019_LA_eval/flac/LA_E_7361492.flac,0
/data/DATASETS/ASV_Spoof_2019_LA/ASVspoof2019_LA_eval/flac/LA_E_2362429.flac,0
/data/DATASETS/ASV_Spoof_2019_LA/ASVspoof2019_LA_eval/flac/LA_E_3059868.flac,0
/data/DATASETS/ASV_Spoof_2019_LA/ASVspoof2019_LA_eval/flac/LA_E_4274316.flac,0
/data/DATASETS/ASV_Spoof_2019_LA/ASVspoof2019_LA_eval/flac/LA_E_8647656.flac,0
/data/DATASETS/ASV_Spoof_2019_LA/ASVspoof2019_LA_dev/flac/LA_D_5769965.flac,0
/data/DATASETS/ASV_Spoof_2019_LA/ASVspoof2019_LA_dev/flac/LA_D_2954423.flac,0
/data/DATASETS/ASV_Spoof_2019_LA/ASVspoof2019_LA_eval/flac/LA_E_1194478.flac,0
/data/DATASETS/ASV_Spoof_2019_LA/ASVspoof2019_LA_train/flac/LA_T_8726287.flac,0
/data/DATASETS/ASV_Spoof_2019_LA/ASVspoof2019_LA_eval/flac/LA_E_6067970.flac,0
/data/DATASETS/ASV_Spoof_2019_LA/ASVspoof2019_LA_eval/flac/LA_E_5989655.flac,0
/data/DATASETS/ASV_Spoof_2019_LA/ASVspoof2019_LA_eval/flac/LA_E_1966912.flac,0
/data/DATASETS/ASV_Spoof_2019_LA/ASVspoof2019_LA_eval/flac/LA_E_3247387.flac,0
/data/DATASETS/ASV_Spoof_2019_LA/ASVspoof2019_LA_train/flac/LA_T_7795139.flac,0
/data/DATASETS/ASV_Spoof_2019_LA/ASVspoof2019_LA_eval/flac/LA_E_9326629.flac,0
/data/DATASETS/ASV_Spoof_2019_LA/ASVspoof2019_LA_eval/flac/LA_E_7809996.flac,0
/data/DATASETS/ASV_Spoof_2019_LA/ASVspoof2019_LA_eval/flac/LA_E_2483751.flac,0
/data/DATASETS/ASV_Spoof_2019_LA/ASVspoof2019_LA_eval/flac/LA_E_6992385.flac,0
/data/DATASETS/ASV_Spoof_2019_LA/ASVspoof2019_LA_eval/flac/LA_E_2802472.flac,0
/data/DATASETS/ASV_Spoof_2019_LA/ASVspoof2019_LA_train/flac/LA_T_9667089.flac,0
/data/DATASETS/ASV_Spoof_2019_LA/ASVspoof2019_LA_train/flac/LA_T_7208401.flac,0
/data/DATASETS/ASV_Spoof_2019_LA/ASVspoof2019_LA_eval/flac/LA_E_3406513.flac,0
/data/DATASETS/ASV_Spoof_2019_LA/ASVspoof2019_LA_train/flac/LA_T_7146737.flac,0
/data/DATASETS/ASV_Spoof_2019_LA/ASVspoof2019_LA_train/flac/LA_T_3064822.flac,0
/data/DATASETS/ASV_Spoof_2019_LA/ASVspoof2019_LA_eval/flac/LA_E_3230206.flac,0
/data/DATASETS/ASV_Spoof_2019_LA/ASVspoof2019_LA_eval/flac/LA_E_8910600.flac,0
/data/DATASETS/ASV_Spoof_2019_LA/ASVspoof2019_LA_eval/flac/LA_E_4331701.flac,0
/data/DATASETS/ASV_Spoof_2019_LA/ASVspoof2019_LA_eval/flac/LA_E_9236731.flac,0
/data/DATASETS/ASV_Spoof_2019_LA/ASVspoof2019_LA_eval/flac/LA_E_3462298.flac,0
/data/DATASETS/ASV_Spoof_2019_LA/ASVspoof2019_LA_dev/flac/LA_D_4900801.flac,0
/data/DATASETS/ASV_Spoof_2019_LA/ASVspoof2019_LA_eval/flac/LA_E_9957197.flac,0
/data/DATASETS/ASV_Spoof_2019_LA/ASVspoof2019_LA_eval/flac/LA_E_4310858.flac,0
/data/DATASETS/ASV_Spoof_2019_LA/ASVspoof2019_LA_train/flac/LA_T_6654603.flac,0
/data/DATASETS/ASV_Spoof_2019_LA/ASVspoof2019_LA_eval/flac/LA_E_4146370.flac,0
/data/DATASETS/ASV_Spoof_2019_LA/ASVspoof2019_LA_eval/flac/LA_E_2485708.flac,0
/data/DATASETS/ASV_Spoof_2019_LA/ASVspoof2019_LA_eval/flac/LA_E_4591949.flac,0
/data/DATASETS/ASV_Spoof_2019_LA/ASVspoof2019_LA_eval/flac/LA_E_6702691.flac,0
/data/DATASETS/ASV_Spoof_2019_LA/ASVspoof2019_LA_eval/flac/LA_E_2362333.flac,0
/data/DATASETS/ASV_Spoof_2019_LA/ASVspoof2019_LA_eval/flac/LA_E_3115258.flac,0
/data/DATASETS/ASV_Spoof_2019_LA/ASVspoof2019_LA_train/flac/LA_T_7605403.flac,0
/data/DATASETS/ASV_Spoof_2019_LA/ASVspoof2019_LA_train/flac/LA_T_7303315.flac,0
/data/DATASETS/ASV_Spoof_2019_LA/ASVspoof2019_LA_eval/flac/LA_E_5400677.flac,0
/data/DATASETS/ASV_Spoof_2019_LA/ASVspoof2019_LA_dev/flac/LA_D_9042253.flac,0
/data/DATASETS/ASV_Spoof_2019_LA/ASVspoof2019_LA_train/flac/LA_T_5154755.flac,0
/data/DATASETS/ASV_Spoof_2019_LA/ASVspoof2019_LA_train/flac/LA_T_2579773.flac,0
/data/DATASETS/ASV_Spoof_2019_LA/ASVspoof2019_LA_eval/flac/LA_E_7616466.flac,0
/data/DATASETS/ASV_Spoof_2019_LA/ASVspoof2019_LA_eval/flac/LA_E_6267818.flac,0
/data/DATASETS/ASV_Spoof_2019_LA/ASVspoof2019_LA_eval/flac/LA_E_2284593.flac,0
/data/DATASETS/ASV_Spoof_2019_LA/ASVspoof2019_LA_eval/flac/LA_E_2781588.flac,0
/data/DATASETS/ASV_Spoof_2019_LA/ASVspoof2019_LA_dev/flac/LA_D_3608670.flac,0
/data/DATASETS/ASV_Spoof_2019_LA/ASVspoof2019_LA_eval/flac/LA_E_9017636.flac,0
/data/DATASETS/ASV_Spoof_2019_LA/ASVspoof2019_LA_eval/flac/LA_E_6678495.flac,0
/data/DATASETS/ASV_Spoof_2019_LA/ASVspoof2019_LA_eval/flac/LA_E_5323454.flac,0
/data/DATASETS/ASV_Spoof_2019_LA/ASVspoof2019_LA_eval/flac/LA_E_1289054.flac,0
/data/DATASETS/ASV_Spoof_2019_LA/ASVspoof2019_LA_dev/flac/LA_D_8184939.flac,0
/data/DATASETS/ASV_Spoof_2019_LA/ASVspoof2019_LA_train/flac/LA_T_8992190.flac,0
/data/DATASETS/ASV_Spoof_2019_LA/ASVspoof2019_LA_dev/flac/LA_D_2143384.flac,0
/data/DATASETS/ASV_Spoof_2019_LA/ASVspoof2019_LA_dev/flac/LA_D_2842063.flac,0
/data/DATASETS/ASV_Spoof_2019_LA/ASVspoof2019_LA_eval/flac/LA_E_6334125.flac,0
/data/DATASETS/ASV_Spoof_2019_LA/ASVspoof2019_LA_eval/flac/LA_E_6523159.flac,0
/data/DATASETS/ASV_Spoof_2019_LA/ASVspoof2019_LA_eval/flac/LA_E_4197735.flac,0
/data/DATASETS/ASV_Spoof_2019_LA/ASVspoof2019_LA_eval/flac/LA_E_5559537.flac,0
/data/DATASETS/ASV_Spoof_2019_LA/ASVspoof2019_LA_eval/flac/LA_E_7205247.flac,0
/data/DATASETS/ASV_Spoof_2019_LA/ASVspoof2019_LA_eval/flac/LA_E_6011543.flac,0
/data/DATASETS/ASV_Spoof_2019_LA/ASVspoof2019_LA_eval/flac/LA_E_6662650.flac,0
/data/DATASETS/ASV_Spoof_2019_LA/ASVspoof2019_LA_eval/flac/LA_E_5903059.flac,0
/data/DATASETS/ASV_Spoof_2019_LA/ASVspoof2019_LA_eval/flac/LA_E_2191665.flac,0
/data/DATASETS/ASV_Spoof_2019_LA/ASVspoof2019_LA_dev/flac/LA_D_9750223.flac,0
/data/DATASETS/ASV_Spoof_2019_LA/ASVspoof2019_LA_eval/flac/LA_E_7162050.flac,0
/data/DATASETS/ASV_Spoof_2019_LA/ASVspoof2019_LA_eval/flac/LA_E_6823150.flac,0
/data/DATASETS/ASV_Spoof_2019_LA/ASVspoof2019_LA_eval/flac/LA_E_5391428.flac,0
/data/DATASETS/ASV_Spoof_2019_LA/ASVspoof2019_LA_eval/flac/LA_E_9104210.flac,0
/data/DATASETS/ASV_Spoof_2019_LA/ASVspoof2019_LA_eval/flac/LA_E_2397551.flac,0
/data/DATASETS/ASV_Spoof_2019_LA/ASVspoof2019_LA_eval/flac/LA_E_4306773.flac,0
/data/DATASETS/ASV_Spoof_2019_LA/ASVspoof2019_LA_eval/flac/LA_E_4771572.flac,0
/data/DATASETS/ASV_Spoof_2019_LA/ASVspoof2019_LA_eval/flac/LA_E_4149038.flac,0
/data/DATASETS/ASV_Spoof_2019_LA/ASVspoof2019_LA_train/flac/LA_T_8415843.flac,0
/data/DATASETS/ASV_Spoof_2019_LA/ASVspoof2019_LA_eval/flac/LA_E_7934056.flac,0
/data/DATASETS/ASV_Spoof_2019_LA/ASVspoof2019_LA_dev/flac/LA_D_3770674.flac,0
/data/DATASETS/ASV_Spoof_2019_LA/ASVspoof2019_LA_dev/flac/LA_D_7682953.flac,0
/data/DATASETS/ASV_Spoof_2019_LA/ASVspoof2019_LA_train/flac/LA_T_6559792.flac,0
/data/DATASETS/ASV_Spoof_2019_LA/ASVspoof2019_LA_eval/flac/LA_E_7272622.flac,0
/data/DATASETS/ASV_Spoof_2019_LA/ASVspoof2019_LA_eval/flac/LA_E_1614102.flac,0
/data/DATASETS/ASV_Spoof_2019_LA/ASVspoof2019_LA_train/flac/LA_T_5683238.flac,0
/data/DATASETS/ASV_Spoof_2019_LA/ASVspoof2019_LA_eval/flac/LA_E_9239657.flac,0
/data/DATASETS/ASV_Spoof_2019_LA/ASVspoof2019_LA_eval/flac/LA_E_7028286.flac,0
/data/DATASETS/ASV_Spoof_2019_LA/ASVspoof2019_LA_dev/flac/LA_D_4771783.flac,0
/data/DATASETS/ASV_Spoof_2019_LA/ASVspoof2019_LA_train/flac/LA_T_9275052.flac,0
/data/DATASETS/ASV_Spoof_2019_LA/ASVspoof2019_LA_eval/flac/LA_E_1647541.flac,0
/data/DATASETS/ASV_Spoof_2019_LA/ASVspoof2019_LA_eval/flac/LA_E_3899422.flac,0
/data/DATASETS/ASV_Spoof_2019_LA/ASVspoof2019_LA_dev/flac/LA_D_6810551.flac,0
/data/DATASETS/ASV_Spoof_2019_LA/ASVspoof2019_LA_eval/flac/LA_E_4733319.flac,0
/data/DATASETS/ASV_Spoof_2019_LA/ASVspoof2019_LA_eval/flac/LA_E_9265511.flac,0
/data/DATASETS/ASV_Spoof_2019_LA/ASVspoof2019_LA_train/flac/LA_T_2386039.flac,0
/data/DATASETS/ASV_Spoof_2019_LA/ASVspoof2019_LA_eval/flac/LA_E_4244867.flac,0
/data/DATASETS/ASV_Spoof_2019_LA/ASVspoof2019_LA_eval/flac/LA_E_5532891.flac,0
/data/DATASETS/ASV_Spoof_2019_LA/ASVspoof2019_LA_eval/flac/LA_E_3757378.flac,0
/data/DATASETS/ASV_Spoof_2019_LA/ASVspoof2019_LA_eval/flac/LA_E_9846145.flac,0
/data/DATASETS/ASV_Spoof_2019_LA/ASVspoof2019_LA_eval/flac/LA_E_2567147.flac,0
/data/DATASETS/ASV_Spoof_2019_LA/ASVspoof2019_LA_dev/flac/LA_D_7127063.flac,0
/data/DATASETS/ASV_Spoof_2019_LA/ASVspoof2019_LA_eval/flac/LA_E_2048912.flac,0
/data/DATASETS/ASV_Spoof_2019_LA/ASVspoof2019_LA_eval/flac/LA_E_2723894.flac,0
/data/DATASETS/ASV_Spoof_2019_LA/ASVspoof2019_LA_train/flac/LA_T_1870524.flac,0
/data/DATASETS/ASV_Spoof_2019_LA/ASVspoof2019_LA_eval/flac/LA_E_8778385.flac,0
/data/DATASETS/ASV_Spoof_2019_LA/ASVspoof2019_LA_eval/flac/LA_E_9502921.flac,0
/data/DATASETS/ASV_Spoof_2019_LA/ASVspoof2019_LA_eval/flac/LA_E_5007470.flac,0
/data/DATASETS/ASV_Spoof_2019_LA/ASVspoof2019_LA_train/flac/LA_T_1478655.flac,0
/data/DATASETS/ASV_Spoof_2019_LA/ASVspoof2019_LA_train/flac/LA_T_6034182.flac,0
/data/DATASETS/ASV_Spoof_2019_LA/ASVspoof2019_LA_dev/flac/LA_D_7270074.flac,0
/data/DATASETS/ASV_Spoof_2019_LA/ASVspoof2019_LA_eval/flac/LA_E_9553910.flac,0
/data/DATASETS/ASV_Spoof_2019_LA/ASVspoof2019_LA_eval/flac/LA_E_2166857.flac,0
/data/DATASETS/ASV_Spoof_2019_LA/ASVspoof2019_LA_eval/flac/LA_E_3965933.flac,0
/data/DATASETS/ASV_Spoof_2019_LA/ASVspoof2019_LA_eval/flac/LA_E_5631651.flac,0
/data/DATASETS/ASV_Spoof_2019_LA/ASVspoof2019_LA_dev/flac/LA_D_8716023.flac,0
/data/DATASETS/ASV_Spoof_2019_LA/ASVspoof2019_LA_eval/flac/LA_E_1895751.flac,0
/data/DATASETS/ASV_Spoof_2019_LA/ASVspoof2019_LA_eval/flac/LA_E_5108121.flac,0
/data/DATASETS/ASV_Spoof_2019_LA/ASVspoof2019_LA_dev/flac/LA_D_2289857.flac,0
/data/DATASETS/ASV_Spoof_2019_LA/ASVspoof2019_LA_dev/flac/LA_D_8553650.flac,0
/data/DATASETS/ASV_Spoof_2019_LA/ASVspoof2019_LA_train/flac/LA_T_9536026.flac,0
/data/DATASETS/ASV_Spoof_2019_LA/ASVspoof2019_LA_eval/flac/LA_E_6879821.flac,0
/data/DATASETS/ASV_Spoof_2019_LA/ASVspoof2019_LA_eval/flac/LA_E_7209809.flac,0
/data/DATASETS/ASV_Spoof_2019_LA/ASVspoof2019_LA_dev/flac/LA_D_1513725.flac,0
/data/DATASETS/ASV_Spoof_2019_LA/ASVspoof2019_LA_eval/flac/LA_E_7590179.flac,0
/data/DATASETS/ASV_Spoof_2019_LA/ASVspoof2019_LA_train/flac/LA_T_7861379.flac,0
/data/DATASETS/ASV_Spoof_2019_LA/ASVspoof2019_LA_eval/flac/LA_E_3112175.flac,0
/data/DATASETS/ASV_Spoof_2019_LA/ASVspoof2019_LA_eval/flac/LA_E_2329670.flac,0
/data/DATASETS/ASV_Spoof_2019_LA/ASVspoof2019_LA_dev/flac/LA_D_2002365.flac,0
/data/DATASETS/ASV_Spoof_2019_LA/ASVspoof2019_LA_dev/flac/LA_D_6717375.flac,0
/data/DATASETS/ASV_Spoof_2019_LA/ASVspoof2019_LA_eval/flac/LA_E_5821734.flac,0
/data/DATASETS/ASV_Spoof_2019_LA/ASVspoof2019_LA_train/flac/LA_T_7514330.flac,0
/data/DATASETS/ASV_Spoof_2019_LA/ASVspoof2019_LA_train/flac/LA_T_3197627.flac,0
/data/DATASETS/ASV_Spoof_2019_LA/ASVspoof2019_LA_eval/flac/LA_E_4027493.flac,0
/data/DATASETS/ASV_Spoof_2019_LA/ASVspoof2019_LA_eval/flac/LA_E_7692162.flac,0
/data/DATASETS/ASV_Spoof_2019_LA/ASVspoof2019_LA_train/flac/LA_T_4543133.flac,0
/data/DATASETS/ASV_Spoof_2019_LA/ASVspoof2019_LA_eval/flac/LA_E_3108294.flac,0
/data/DATASETS/ASV_Spoof_2019_LA/ASVspoof2019_LA_dev/flac/LA_D_1597752.flac,0
/data/DATASETS/ASV_Spoof_2019_LA/ASVspoof2019_LA_eval/flac/LA_E_4894596.flac,0
/data/DATASETS/ASV_Spoof_2019_LA/ASVspoof2019_LA_train/flac/LA_T_6368265.flac,0
/data/DATASETS/ASV_Spoof_2019_LA/ASVspoof2019_LA_eval/flac/LA_E_5009955.flac,0
/data/DATASETS/ASV_Spoof_2019_LA/ASVspoof2019_LA_train/flac/LA_T_8185303.flac,0
/data/DATASETS/ASV_Spoof_2019_LA/ASVspoof2019_LA_eval/flac/LA_E_8747430.flac,0
/data/DATASETS/ASV_Spoof_2019_LA/ASVspoof2019_LA_eval/flac/LA_E_5124828.flac,0
/data/DATASETS/ASV_Spoof_2019_LA/ASVspoof2019_LA_train/flac/LA_T_3204342.flac,0
/data/DATASETS/ASV_Spoof_2019_LA/ASVspoof2019_LA_eval/flac/LA_E_2097092.flac,0
/data/DATASETS/ASV_Spoof_2019_LA/ASVspoof2019_LA_dev/flac/LA_D_6329617.flac,0
/data/DATASETS/ASV_Spoof_2019_LA/ASVspoof2019_LA_eval/flac/LA_E_1044956.flac,0
/data/DATASETS/ASV_Spoof_2019_LA/ASVspoof2019_LA_eval/flac/LA_E_6797644.flac,0
/data/DATASETS/ASV_Spoof_2019_LA/ASVspoof2019_LA_eval/flac/LA_E_6896422.flac,0
/data/DATASETS/ASV_Spoof_2019_LA/ASVspoof2019_LA_train/flac/LA_T_2507189.flac,0
/data/DATASETS/ASV_Spoof_2019_LA/ASVspoof2019_LA_train/flac/LA_T_2084171.flac,0
/data/DATASETS/ASV_Spoof_2019_LA/ASVspoof2019_LA_eval/flac/LA_E_7367200.flac,0
/data/DATASETS/ASV_Spoof_2019_LA/ASVspoof2019_LA_eval/flac/LA_E_2220723.flac,0
/data/DATASETS/ASV_Spoof_2019_LA/ASVspoof2019_LA_dev/flac/LA_D_9697774.flac,0
/data/DATASETS/ASV_Spoof_2019_LA/ASVspoof2019_LA_dev/flac/LA_D_1223641.flac,0
/data/DATASETS/ASV_Spoof_2019_LA/ASVspoof2019_LA_eval/flac/LA_E_2736804.flac,0
/data/DATASETS/ASV_Spoof_2019_LA/ASVspoof2019_LA_eval/flac/LA_E_1471269.flac,0
/data/DATASETS/ASV_Spoof_2019_LA/ASVspoof2019_LA_train/flac/LA_T_7607573.flac,0
/data/DATASETS/ASV_Spoof_2019_LA/ASVspoof2019_LA_dev/flac/LA_D_3416462.flac,0
/data/DATASETS/ASV_Spoof_2019_LA/ASVspoof2019_LA_eval/flac/LA_E_5895937.flac,0
/data/DATASETS/ASV_Spoof_2019_LA/ASVspoof2019_LA_eval/flac/LA_E_3381029.flac,0
/data/DATASETS/ASV_Spoof_2019_LA/ASVspoof2019_LA_dev/flac/LA_D_8762609.flac,0
/data/DATASETS/ASV_Spoof_2019_LA/ASVspoof2019_LA_dev/flac/LA_D_5490922.flac,0
/data/DATASETS/ASV_Spoof_2019_LA/ASVspoof2019_LA_train/flac/LA_T_3976536.flac,0
/data/DATASETS/ASV_Spoof_2019_LA/ASVspoof2019_LA_train/flac/LA_T_3154434.flac,0
/data/DATASETS/ASV_Spoof_2019_LA/ASVspoof2019_LA_train/flac/LA_T_6324213.flac,0
/data/DATASETS/ASV_Spoof_2019_LA/ASVspoof2019_LA_dev/flac/LA_D_5261984.flac,0
/data/DATASETS/ASV_Spoof_2019_LA/ASVspoof2019_LA_dev/flac/LA_D_2658188.flac,0
/data/DATASETS/ASV_Spoof_2019_LA/ASVspoof2019_LA_train/flac/LA_T_9763100.flac,0
/data/DATASETS/ASV_Spoof_2019_LA/ASVspoof2019_LA_eval/flac/LA_E_8177574.flac,0
/data/DATASETS/ASV_Spoof_2019_LA/ASVspoof2019_LA_eval/flac/LA_E_6244201.flac,0
/data/DATASETS/ASV_Spoof_2019_LA/ASVspoof2019_LA_eval/flac/LA_E_8170881.flac,0
/data/DATASETS/ASV_Spoof_2019_LA/ASVspoof2019_LA_eval/flac/LA_E_6801144.flac,0
/data/DATASETS/ASV_Spoof_2019_LA/ASVspoof2019_LA_eval/flac/LA_E_1792942.flac,0
/data/DATASETS/ASV_Spoof_2019_LA/ASVspoof2019_LA_eval/flac/LA_E_5562740.flac,0
/data/DATASETS/ASV_Spoof_2019_LA/ASVspoof2019_LA_eval/flac/LA_E_6388392.flac,0
/data/DATASETS/ASV_Spoof_2019_LA/ASVspoof2019_LA_eval/flac/LA_E_9865961.flac,0
/data/DATASETS/ASV_Spoof_2019_LA/ASVspoof2019_LA_eval/flac/LA_E_6273262.flac,0
/data/DATASETS/ASV_Spoof_2019_LA/ASVspoof2019_LA_eval/flac/LA_E_5755728.flac,0
/data/DATASETS/ASV_Spoof_2019_LA/ASVspoof2019_LA_eval/flac/LA_E_4207211.flac,0
/data/DATASETS/ASV_Spoof_2019_LA/ASVspoof2019_LA_eval/flac/LA_E_6561975.flac,0
/data/DATASETS/ASV_Spoof_2019_LA/ASVspoof2019_LA_dev/flac/LA_D_1097170.flac,0
/data/DATASETS/ASV_Spoof_2019_LA/ASVspoof2019_LA_train/flac/LA_T_4824196.flac,0
/data/DATASETS/ASV_Spoof_2019_LA/ASVspoof2019_LA_eval/flac/LA_E_2124225.flac,0
/data/DATASETS/ASV_Spoof_2019_LA/ASVspoof2019_LA_eval/flac/LA_E_8610628.flac,0
/data/DATASETS/ASV_Spoof_2019_LA/ASVspoof2019_LA_dev/flac/LA_D_9829008.flac,0
/data/DATASETS/ASV_Spoof_2019_LA/ASVspoof2019_LA_dev/flac/LA_D_2612254.flac,0
/data/DATASETS/ASV_Spoof_2019_LA/ASVspoof2019_LA_dev/flac/LA_D_2534849.flac,0
/data/DATASETS/ASV_Spoof_2019_LA/ASVspoof2019_LA_eval/flac/LA_E_7607715.flac,0
/data/DATASETS/ASV_Spoof_2019_LA/ASVspoof2019_LA_train/flac/LA_T_6878602.flac,0
/data/DATASETS/ASV_Spoof_2019_LA/ASVspoof2019_LA_eval/flac/LA_E_2231247.flac,0
/data/DATASETS/ASV_Spoof_2019_LA/ASVspoof2019_LA_train/flac/LA_T_6426017.flac,0
/data/DATASETS/ASV_Spoof_2019_LA/ASVspoof2019_LA_train/flac/LA_T_1832323.flac,0
/data/DATASETS/ASV_Spoof_2019_LA/ASVspoof2019_LA_train/flac/LA_T_9734633.flac,0
/data/DATASETS/ASV_Spoof_2019_LA/ASVspoof2019_LA_eval/flac/LA_E_3509439.flac,0
/data/DATASETS/ASV_Spoof_2019_LA/ASVspoof2019_LA_eval/flac/LA_E_3914443.flac,0
/data/DATASETS/ASV_Spoof_2019_LA/ASVspoof2019_LA_dev/flac/LA_D_5903873.flac,0
/data/DATASETS/ASV_Spoof_2019_LA/ASVspoof2019_LA_train/flac/LA_T_7422011.flac,0
/data/DATASETS/ASV_Spoof_2019_LA/ASVspoof2019_LA_eval/flac/LA_E_1323248.flac,0
/data/DATASETS/ASV_Spoof_2019_LA/ASVspoof2019_LA_eval/flac/LA_E_5215864.flac,0
/data/DATASETS/ASV_Spoof_2019_LA/ASVspoof2019_LA_train/flac/LA_T_6767811.flac,0
/data/DATASETS/ASV_Spoof_2019_LA/ASVspoof2019_LA_eval/flac/LA_E_2681772.flac,0
/data/DATASETS/ASV_Spoof_2019_LA/ASVspoof2019_LA_eval/flac/LA_E_5356215.flac,0
/data/DATASETS/ASV_Spoof_2019_LA/ASVspoof2019_LA_eval/flac/LA_E_4415459.flac,0
/data/DATASETS/ASV_Spoof_2019_LA/ASVspoof2019_LA_eval/flac/LA_E_6070542.flac,0
/data/DATASETS/ASV_Spoof_2019_LA/ASVspoof2019_LA_dev/flac/LA_D_6388357.flac,0
/data/DATASETS/ASV_Spoof_2019_LA/ASVspoof2019_LA_eval/flac/LA_E_7883513.flac,0
/data/DATASETS/ASV_Spoof_2019_LA/ASVspoof2019_LA_dev/flac/LA_D_6724166.flac,0
/data/DATASETS/ASV_Spoof_2019_LA/ASVspoof2019_LA_eval/flac/LA_E_8295472.flac,0
/data/DATASETS/ASV_Spoof_2019_LA/ASVspoof2019_LA_eval/flac/LA_E_1214304.flac,0
/data/DATASETS/ASV_Spoof_2019_LA/ASVspoof2019_LA_train/flac/LA_T_1078988.flac,0
/data/DATASETS/ASV_Spoof_2019_LA/ASVspoof2019_LA_dev/flac/LA_D_1179848.flac,0
/data/DATASETS/ASV_Spoof_2019_LA/ASVspoof2019_LA_eval/flac/LA_E_1777813.flac,0
/data/DATASETS/ASV_Spoof_2019_LA/ASVspoof2019_LA_eval/flac/LA_E_9390388.flac,0
/data/DATASETS/ASV_Spoof_2019_LA/ASVspoof2019_LA_eval/flac/LA_E_8914377.flac,0
/data/DATASETS/ASV_Spoof_2019_LA/ASVspoof2019_LA_train/flac/LA_T_8172146.flac,0
/data/DATASETS/ASV_Spoof_2019_LA/ASVspoof2019_LA_eval/flac/LA_E_2301244.flac,0
/data/DATASETS/ASV_Spoof_2019_LA/ASVspoof2019_LA_eval/flac/LA_E_8889033.flac,0
/data/DATASETS/ASV_Spoof_2019_LA/ASVspoof2019_LA_train/flac/LA_T_8854115.flac,0
/data/DATASETS/ASV_Spoof_2019_LA/ASVspoof2019_LA_eval/flac/LA_E_4369288.flac,0
/data/DATASETS/ASV_Spoof_2019_LA/ASVspoof2019_LA_dev/flac/LA_D_7573423.flac,0
/data/DATASETS/ASV_Spoof_2019_LA/ASVspoof2019_LA_eval/flac/LA_E_5874897.flac,0
/data/DATASETS/ASV_Spoof_2019_LA/ASVspoof2019_LA_train/flac/LA_T_7386069.flac,0
/data/DATASETS/ASV_Spoof_2019_LA/ASVspoof2019_LA_eval/flac/LA_E_4082846.flac,0
/data/DATASETS/ASV_Spoof_2019_LA/ASVspoof2019_LA_eval/flac/LA_E_8470959.flac,0
/data/DATASETS/ASV_Spoof_2019_LA/ASVspoof2019_LA_eval/flac/LA_E_9512879.flac,0
/data/DATASETS/ASV_Spoof_2019_LA/ASVspoof2019_LA_train/flac/LA_T_8449978.flac,0
/data/DATASETS/ASV_Spoof_2019_LA/ASVspoof2019_LA_dev/flac/LA_D_9167206.flac,0
/data/DATASETS/ASV_Spoof_2019_LA/ASVspoof2019_LA_eval/flac/LA_E_5814106.flac,0
/data/DATASETS/ASV_Spoof_2019_LA/ASVspoof2019_LA_eval/flac/LA_E_5184259.flac,0
/data/DATASETS/ASV_Spoof_2019_LA/ASVspoof2019_LA_eval/flac/LA_E_3801678.flac,0
/data/DATASETS/ASV_Spoof_2019_LA/ASVspoof2019_LA_train/flac/LA_T_9912890.flac,0
/data/DATASETS/ASV_Spoof_2019_LA/ASVspoof2019_LA_eval/flac/LA_E_1663671.flac,0
/data/DATASETS/ASV_Spoof_2019_LA/ASVspoof2019_LA_dev/flac/LA_D_4246474.flac,0
/data/DATASETS/ASV_Spoof_2019_LA/ASVspoof2019_LA_eval/flac/LA_E_1054522.flac,0
/data/DATASETS/ASV_Spoof_2019_LA/ASVspoof2019_LA_eval/flac/LA_E_1361763.flac,0
/data/DATASETS/ASV_Spoof_2019_LA/ASVspoof2019_LA_eval/flac/LA_E_8741967.flac,0
/data/DATASETS/ASV_Spoof_2019_LA/ASVspoof2019_LA_dev/flac/LA_D_3258501.flac,0
/data/DATASETS/ASV_Spoof_2019_LA/ASVspoof2019_LA_train/flac/LA_T_7019947.flac,0
/data/DATASETS/ASV_Spoof_2019_LA/ASVspoof2019_LA_eval/flac/LA_E_7225142.flac,0
/data/DATASETS/ASV_Spoof_2019_LA/ASVspoof2019_LA_eval/flac/LA_E_3337034.flac,0
/data/DATASETS/ASV_Spoof_2019_LA/ASVspoof2019_LA_dev/flac/LA_D_3713783.flac,0
/data/DATASETS/ASV_Spoof_2019_LA/ASVspoof2019_LA_eval/flac/LA_E_1613408.flac,0
/data/DATASETS/ASV_Spoof_2019_LA/ASVspoof2019_LA_dev/flac/LA_D_5021244.flac,0
/data/DATASETS/ASV_Spoof_2019_LA/ASVspoof2019_LA_eval/flac/LA_E_6453590.flac,0
/data/DATASETS/ASV_Spoof_2019_LA/ASVspoof2019_LA_eval/flac/LA_E_6717353.flac,0
/data/DATASETS/ASV_Spoof_2019_LA/ASVspoof2019_LA_eval/flac/LA_E_1665632.flac,0
/data/DATASETS/ASV_Spoof_2019_LA/ASVspoof2019_LA_train/flac/LA_T_1241016.flac,0
/data/DATASETS/ASV_Spoof_2019_LA/ASVspoof2019_LA_eval/flac/LA_E_3590990.flac,0
/data/DATASETS/ASV_Spoof_2019_LA/ASVspoof2019_LA_eval/flac/LA_E_7440134.flac,0
/data/DATASETS/ASV_Spoof_2019_LA/ASVspoof2019_LA_eval/flac/LA_E_6789697.flac,0
/data/DATASETS/ASV_Spoof_2019_LA/ASVspoof2019_LA_eval/flac/LA_E_5013670.flac,0
/data/DATASETS/ASV_Spoof_2019_LA/ASVspoof2019_LA_dev/flac/LA_D_9442194.flac,0
/data/DATASETS/ASV_Spoof_2019_LA/ASVspoof2019_LA_train/flac/LA_T_4298489.flac,0
/data/DATASETS/ASV_Spoof_2019_LA/ASVspoof2019_LA_eval/flac/LA_E_6731982.flac,0
/data/DATASETS/ASV_Spoof_2019_LA/ASVspoof2019_LA_eval/flac/LA_E_3062663.flac,0
/data/DATASETS/ASV_Spoof_2019_LA/ASVspoof2019_LA_eval/flac/LA_E_2075593.flac,0
/data/DATASETS/ASV_Spoof_2019_LA/ASVspoof2019_LA_eval/flac/LA_E_7347155.flac,0
/data/DATASETS/ASV_Spoof_2019_LA/ASVspoof2019_LA_dev/flac/LA_D_1076361.flac,0
/data/DATASETS/ASV_Spoof_2019_LA/ASVspoof2019_LA_train/flac/LA_T_2117022.flac,0
/data/DATASETS/ASV_Spoof_2019_LA/ASVspoof2019_LA_eval/flac/LA_E_5349868.flac,0
/data/DATASETS/ASV_Spoof_2019_LA/ASVspoof2019_LA_dev/flac/LA_D_8377433.flac,0
/data/DATASETS/ASV_Spoof_2019_LA/ASVspoof2019_LA_dev/flac/LA_D_8538667.flac,0
/data/DATASETS/ASV_Spoof_2019_LA/ASVspoof2019_LA_eval/flac/LA_E_4602301.flac,0
/data/DATASETS/ASV_Spoof_2019_LA/ASVspoof2019_LA_eval/flac/LA_E_6404712.flac,0
/data/DATASETS/ASV_Spoof_2019_LA/ASVspoof2019_LA_eval/flac/LA_E_2676161.flac,0
/data/DATASETS/ASV_Spoof_2019_LA/ASVspoof2019_LA_eval/flac/LA_E_5729158.flac,0
/data/DATASETS/ASV_Spoof_2019_LA/ASVspoof2019_LA_eval/flac/LA_E_3757529.flac,0
/data/DATASETS/ASV_Spoof_2019_LA/ASVspoof2019_LA_eval/flac/LA_E_6628337.flac,0
/data/DATASETS/ASV_Spoof_2019_LA/ASVspoof2019_LA_dev/flac/LA_D_6455651.flac,0
/data/DATASETS/ASV_Spoof_2019_LA/ASVspoof2019_LA_train/flac/LA_T_2560383.flac,0
/data/DATASETS/ASV_Spoof_2019_LA/ASVspoof2019_LA_dev/flac/LA_D_1770174.flac,0
/data/DATASETS/ASV_Spoof_2019_LA/ASVspoof2019_LA_eval/flac/LA_E_1321677.flac,0
/data/DATASETS/ASV_Spoof_2019_LA/ASVspoof2019_LA_eval/flac/LA_E_4801176.flac,0
/data/DATASETS/ASV_Spoof_2019_LA/ASVspoof2019_LA_eval/flac/LA_E_1145965.flac,0
/data/DATASETS/ASV_Spoof_2019_LA/ASVspoof2019_LA_eval/flac/LA_E_9159436.flac,0
/data/DATASETS/ASV_Spoof_2019_LA/ASVspoof2019_LA_train/flac/LA_T_1784012.flac,0
/data/DATASETS/ASV_Spoof_2019_LA/ASVspoof2019_LA_train/flac/LA_T_1378085.flac,0
/data/DATASETS/ASV_Spoof_2019_LA/ASVspoof2019_LA_eval/flac/LA_E_7059655.flac,0
/data/DATASETS/ASV_Spoof_2019_LA/ASVspoof2019_LA_eval/flac/LA_E_9938062.flac,0
/data/DATASETS/ASV_Spoof_2019_LA/ASVspoof2019_LA_eval/flac/LA_E_9657259.flac,0
/data/DATASETS/ASV_Spoof_2019_LA/ASVspoof2019_LA_eval/flac/LA_E_7404975.flac,0
/data/DATASETS/ASV_Spoof_2019_LA/ASVspoof2019_LA_train/flac/LA_T_8127151.flac,0
/data/DATASETS/ASV_Spoof_2019_LA/ASVspoof2019_LA_eval/flac/LA_E_7939822.flac,0
/data/DATASETS/ASV_Spoof_2019_LA/ASVspoof2019_LA_eval/flac/LA_E_1195159.flac,0
/data/DATASETS/ASV_Spoof_2019_LA/ASVspoof2019_LA_eval/flac/LA_E_1266211.flac,0
/data/DATASETS/ASV_Spoof_2019_LA/ASVspoof2019_LA_eval/flac/LA_E_8870142.flac,0
/data/DATASETS/ASV_Spoof_2019_LA/ASVspoof2019_LA_dev/flac/LA_D_1459930.flac,0
/data/DATASETS/ASV_Spoof_2019_LA/ASVspoof2019_LA_eval/flac/LA_E_5208637.flac,0
/data/DATASETS/ASV_Spoof_2019_LA/ASVspoof2019_LA_eval/flac/LA_E_7796618.flac,0
/data/DATASETS/ASV_Spoof_2019_LA/ASVspoof2019_LA_train/flac/LA_T_4300273.flac,0
/data/DATASETS/ASV_Spoof_2019_LA/ASVspoof2019_LA_dev/flac/LA_D_6127522.flac,0
/data/DATASETS/ASV_Spoof_2019_LA/ASVspoof2019_LA_train/flac/LA_T_1080623.flac,0
/data/DATASETS/ASV_Spoof_2019_LA/ASVspoof2019_LA_dev/flac/LA_D_6848115.flac,0
/data/DATASETS/ASV_Spoof_2019_LA/ASVspoof2019_LA_train/flac/LA_T_4968559.flac,0
/data/DATASETS/ASV_Spoof_2019_LA/ASVspoof2019_LA_train/flac/LA_T_6013298.flac,0
/data/DATASETS/ASV_Spoof_2019_LA/ASVspoof2019_LA_dev/flac/LA_D_9577394.flac,0
/data/DATASETS/ASV_Spoof_2019_LA/ASVspoof2019_LA_train/flac/LA_T_4980224.flac,0
/data/DATASETS/ASV_Spoof_2019_LA/ASVspoof2019_LA_eval/flac/LA_E_6930614.flac,0
/data/DATASETS/ASV_Spoof_2019_LA/ASVspoof2019_LA_eval/flac/LA_E_4612484.flac,0
/data/DATASETS/ASV_Spoof_2019_LA/ASVspoof2019_LA_dev/flac/LA_D_1279882.flac,0
/data/DATASETS/ASV_Spoof_2019_LA/ASVspoof2019_LA_eval/flac/LA_E_5306862.flac,0
/data/DATASETS/ASV_Spoof_2019_LA/ASVspoof2019_LA_eval/flac/LA_E_2593919.flac,0
/data/DATASETS/ASV_Spoof_2019_LA/ASVspoof2019_LA_eval/flac/LA_E_3865142.flac,0
/data/DATASETS/ASV_Spoof_2019_LA/ASVspoof2019_LA_eval/flac/LA_E_7511708.flac,0
/data/DATASETS/ASV_Spoof_2019_LA/ASVspoof2019_LA_eval/flac/LA_E_7656261.flac,0
/data/DATASETS/ASV_Spoof_2019_LA/ASVspoof2019_LA_eval/flac/LA_E_9918768.flac,0
/data/DATASETS/ASV_Spoof_2019_LA/ASVspoof2019_LA_eval/flac/LA_E_2360436.flac,0
/data/DATASETS/ASV_Spoof_2019_LA/ASVspoof2019_LA_eval/flac/LA_E_1200064.flac,0
/data/DATASETS/ASV_Spoof_2019_LA/ASVspoof2019_LA_eval/flac/LA_E_1647399.flac,0
/data/DATASETS/ASV_Spoof_2019_LA/ASVspoof2019_LA_eval/flac/LA_E_6445022.flac,0
/data/DATASETS/ASV_Spoof_2019_LA/ASVspoof2019_LA_eval/flac/LA_E_4473584.flac,0
/data/DATASETS/ASV_Spoof_2019_LA/ASVspoof2019_LA_eval/flac/LA_E_1757746.flac,0
/data/DATASETS/ASV_Spoof_2019_LA/ASVspoof2019_LA_eval/flac/LA_E_6784451.flac,0
/data/DATASETS/ASV_Spoof_2019_LA/ASVspoof2019_LA_train/flac/LA_T_4494495.flac,0
/data/DATASETS/ASV_Spoof_2019_LA/ASVspoof2019_LA_train/flac/LA_T_1364415.flac,0
/data/DATASETS/ASV_Spoof_2019_LA/ASVspoof2019_LA_eval/flac/LA_E_1535795.flac,0
/data/DATASETS/ASV_Spoof_2019_LA/ASVspoof2019_LA_eval/flac/LA_E_4705715.flac,0
/data/DATASETS/ASV_Spoof_2019_LA/ASVspoof2019_LA_train/flac/LA_T_3395385.flac,0
/data/DATASETS/ASV_Spoof_2019_LA/ASVspoof2019_LA_eval/flac/LA_E_5498673.flac,0
/data/DATASETS/ASV_Spoof_2019_LA/ASVspoof2019_LA_eval/flac/LA_E_7507879.flac,0
/data/DATASETS/ASV_Spoof_2019_LA/ASVspoof2019_LA_train/flac/LA_T_4123333.flac,0
/data/DATASETS/ASV_Spoof_2019_LA/ASVspoof2019_LA_eval/flac/LA_E_7071105.flac,0
/data/DATASETS/ASV_Spoof_2019_LA/ASVspoof2019_LA_eval/flac/LA_E_7789627.flac,0
/data/DATASETS/ASV_Spoof_2019_LA/ASVspoof2019_LA_dev/flac/LA_D_8130173.flac,0
/data/DATASETS/ASV_Spoof_2019_LA/ASVspoof2019_LA_eval/flac/LA_E_4070715.flac,0
/data/DATASETS/ASV_Spoof_2019_LA/ASVspoof2019_LA_eval/flac/LA_E_1118752.flac,0
/data/DATASETS/ASV_Spoof_2019_LA/ASVspoof2019_LA_dev/flac/LA_D_6055606.flac,0
/data/DATASETS/ASV_Spoof_2019_LA/ASVspoof2019_LA_dev/flac/LA_D_7640990.flac,0
/data/DATASETS/ASV_Spoof_2019_LA/ASVspoof2019_LA_eval/flac/LA_E_4260813.flac,0
/data/DATASETS/ASV_Spoof_2019_LA/ASVspoof2019_LA_train/flac/LA_T_4676270.flac,0
/data/DATASETS/ASV_Spoof_2019_LA/ASVspoof2019_LA_eval/flac/LA_E_4277161.flac,0
/data/DATASETS/ASV_Spoof_2019_LA/ASVspoof2019_LA_eval/flac/LA_E_7787929.flac,0
/data/DATASETS/ASV_Spoof_2019_LA/ASVspoof2019_LA_train/flac/LA_T_4094714.flac,0
/data/DATASETS/ASV_Spoof_2019_LA/ASVspoof2019_LA_eval/flac/LA_E_9432251.flac,0
/data/DATASETS/ASV_Spoof_2019_LA/ASVspoof2019_LA_eval/flac/LA_E_9981422.flac,0
/data/DATASETS/ASV_Spoof_2019_LA/ASVspoof2019_LA_eval/flac/LA_E_7487309.flac,0
/data/DATASETS/ASV_Spoof_2019_LA/ASVspoof2019_LA_eval/flac/LA_E_2939074.flac,0
/data/DATASETS/ASV_Spoof_2019_LA/ASVspoof2019_LA_eval/flac/LA_E_2270985.flac,0
/data/DATASETS/ASV_Spoof_2019_LA/ASVspoof2019_LA_dev/flac/LA_D_8463557.flac,0
/data/DATASETS/ASV_Spoof_2019_LA/ASVspoof2019_LA_train/flac/LA_T_6197882.flac,0
/data/DATASETS/ASV_Spoof_2019_LA/ASVspoof2019_LA_eval/flac/LA_E_3582930.flac,0
/data/DATASETS/ASV_Spoof_2019_LA/ASVspoof2019_LA_eval/flac/LA_E_9548366.flac,0
/data/DATASETS/ASV_Spoof_2019_LA/ASVspoof2019_LA_train/flac/LA_T_1091653.flac,0
/data/DATASETS/ASV_Spoof_2019_LA/ASVspoof2019_LA_eval/flac/LA_E_9928853.flac,0
/data/DATASETS/ASV_Spoof_2019_LA/ASVspoof2019_LA_dev/flac/LA_D_3668484.flac,0
/data/DATASETS/ASV_Spoof_2019_LA/ASVspoof2019_LA_eval/flac/LA_E_4645429.flac,0
/data/DATASETS/ASV_Spoof_2019_LA/ASVspoof2019_LA_eval/flac/LA_E_1337477.flac,0
/data/DATASETS/ASV_Spoof_2019_LA/ASVspoof2019_LA_eval/flac/LA_E_3996209.flac,0
/data/DATASETS/ASV_Spoof_2019_LA/ASVspoof2019_LA_eval/flac/LA_E_3107677.flac,0
/data/DATASETS/ASV_Spoof_2019_LA/ASVspoof2019_LA_eval/flac/LA_E_5009719.flac,0
/data/DATASETS/ASV_Spoof_2019_LA/ASVspoof2019_LA_dev/flac/LA_D_9040602.flac,0
/data/DATASETS/ASV_Spoof_2019_LA/ASVspoof2019_LA_train/flac/LA_T_6492747.flac,0
/data/DATASETS/ASV_Spoof_2019_LA/ASVspoof2019_LA_eval/flac/LA_E_8224670.flac,0
/data/DATASETS/ASV_Spoof_2019_LA/ASVspoof2019_LA_train/flac/LA_T_7696598.flac,0
/data/DATASETS/ASV_Spoof_2019_LA/ASVspoof2019_LA_eval/flac/LA_E_5147885.flac,0
/data/DATASETS/ASV_Spoof_2019_LA/ASVspoof2019_LA_eval/flac/LA_E_9578484.flac,0
/data/DATASETS/ASV_Spoof_2019_LA/ASVspoof2019_LA_eval/flac/LA_E_4522571.flac,0
/data/DATASETS/ASV_Spoof_2019_LA/ASVspoof2019_LA_eval/flac/LA_E_3381036.flac,0
/data/DATASETS/ASV_Spoof_2019_LA/ASVspoof2019_LA_eval/flac/LA_E_6890141.flac,0
/data/DATASETS/ASV_Spoof_2019_LA/ASVspoof2019_LA_eval/flac/LA_E_5988729.flac,0
/data/DATASETS/ASV_Spoof_2019_LA/ASVspoof2019_LA_eval/flac/LA_E_6341475.flac,0
/data/DATASETS/ASV_Spoof_2019_LA/ASVspoof2019_LA_eval/flac/LA_E_1140001.flac,0
/data/DATASETS/ASV_Spoof_2019_LA/ASVspoof2019_LA_eval/flac/LA_E_7387840.flac,0
/data/DATASETS/ASV_Spoof_2019_LA/ASVspoof2019_LA_eval/flac/LA_E_8819473.flac,0
/data/DATASETS/ASV_Spoof_2019_LA/ASVspoof2019_LA_eval/flac/LA_E_5183396.flac,0
/data/DATASETS/ASV_Spoof_2019_LA/ASVspoof2019_LA_eval/flac/LA_E_4412833.flac,0
/data/DATASETS/ASV_Spoof_2019_LA/ASVspoof2019_LA_eval/flac/LA_E_6481912.flac,0
/data/DATASETS/ASV_Spoof_2019_LA/ASVspoof2019_LA_eval/flac/LA_E_7962945.flac,0
/data/DATASETS/ASV_Spoof_2019_LA/ASVspoof2019_LA_eval/flac/LA_E_2025487.flac,0
/data/DATASETS/ASV_Spoof_2019_LA/ASVspoof2019_LA_eval/flac/LA_E_8309979.flac,0
/data/DATASETS/ASV_Spoof_2019_LA/ASVspoof2019_LA_eval/flac/LA_E_8215734.flac,0
/data/DATASETS/ASV_Spoof_2019_LA/ASVspoof2019_LA_train/flac/LA_T_8324598.flac,0
/data/DATASETS/ASV_Spoof_2019_LA/ASVspoof2019_LA_dev/flac/LA_D_2232106.flac,0
/data/DATASETS/ASV_Spoof_2019_LA/ASVspoof2019_LA_dev/flac/LA_D_8932352.flac,0
/data/DATASETS/ASV_Spoof_2019_LA/ASVspoof2019_LA_eval/flac/LA_E_4279451.flac,0
/data/DATASETS/ASV_Spoof_2019_LA/ASVspoof2019_LA_eval/flac/LA_E_8936464.flac,0
/data/DATASETS/ASV_Spoof_2019_LA/ASVspoof2019_LA_eval/flac/LA_E_3349418.flac,0
/data/DATASETS/ASV_Spoof_2019_LA/ASVspoof2019_LA_eval/flac/LA_E_2000203.flac,0
/data/DATASETS/ASV_Spoof_2019_LA/ASVspoof2019_LA_train/flac/LA_T_9573877.flac,0
/data/DATASETS/ASV_Spoof_2019_LA/ASVspoof2019_LA_eval/flac/LA_E_6628773.flac,0
/data/DATASETS/ASV_Spoof_2019_LA/ASVspoof2019_LA_train/flac/LA_T_1908512.flac,0
/data/DATASETS/ASV_Spoof_2019_LA/ASVspoof2019_LA_dev/flac/LA_D_3652642.flac,0
/data/DATASETS/ASV_Spoof_2019_LA/ASVspoof2019_LA_train/flac/LA_T_4428088.flac,0
/data/DATASETS/ASV_Spoof_2019_LA/ASVspoof2019_LA_eval/flac/LA_E_9712263.flac,0
/data/DATASETS/ASV_Spoof_2019_LA/ASVspoof2019_LA_train/flac/LA_T_2737588.flac,0
/data/DATASETS/ASV_Spoof_2019_LA/ASVspoof2019_LA_dev/flac/LA_D_5870696.flac,0
/data/DATASETS/ASV_Spoof_2019_LA/ASVspoof2019_LA_dev/flac/LA_D_5842422.flac,0
/data/DATASETS/ASV_Spoof_2019_LA/ASVspoof2019_LA_eval/flac/LA_E_1793916.flac,0
/data/DATASETS/ASV_Spoof_2019_LA/ASVspoof2019_LA_eval/flac/LA_E_8328224.flac,0
/data/DATASETS/ASV_Spoof_2019_LA/ASVspoof2019_LA_train/flac/LA_T_3012152.flac,0
/data/DATASETS/ASV_Spoof_2019_LA/ASVspoof2019_LA_eval/flac/LA_E_6154503.flac,0
/data/DATASETS/ASV_Spoof_2019_LA/ASVspoof2019_LA_train/flac/LA_T_8086458.flac,0
/data/DATASETS/ASV_Spoof_2019_LA/ASVspoof2019_LA_dev/flac/LA_D_6478753.flac,0
/data/DATASETS/ASV_Spoof_2019_LA/ASVspoof2019_LA_dev/flac/LA_D_9679656.flac,0
/data/DATASETS/ASV_Spoof_2019_LA/ASVspoof2019_LA_eval/flac/LA_E_3432530.flac,0
/data/DATASETS/ASV_Spoof_2019_LA/ASVspoof2019_LA_eval/flac/LA_E_2569009.flac,0
/data/DATASETS/ASV_Spoof_2019_LA/ASVspoof2019_LA_eval/flac/LA_E_6874874.flac,0
/data/DATASETS/ASV_Spoof_2019_LA/ASVspoof2019_LA_eval/flac/LA_E_1329718.flac,0
/data/DATASETS/ASV_Spoof_2019_LA/ASVspoof2019_LA_train/flac/LA_T_6129228.flac,0
/data/DATASETS/ASV_Spoof_2019_LA/ASVspoof2019_LA_eval/flac/LA_E_5172636.flac,0
/data/DATASETS/ASV_Spoof_2019_LA/ASVspoof2019_LA_train/flac/LA_T_3530627.flac,0
/data/DATASETS/ASV_Spoof_2019_LA/ASVspoof2019_LA_eval/flac/LA_E_1571445.flac,0
/data/DATASETS/ASV_Spoof_2019_LA/ASVspoof2019_LA_eval/flac/LA_E_3601789.flac,0
/data/DATASETS/ASV_Spoof_2019_LA/ASVspoof2019_LA_eval/flac/LA_E_5451186.flac,0
/data/DATASETS/ASV_Spoof_2019_LA/ASVspoof2019_LA_train/flac/LA_T_8482694.flac,0
/data/DATASETS/ASV_Spoof_2019_LA/ASVspoof2019_LA_train/flac/LA_T_9952491.flac,0
/data/DATASETS/ASV_Spoof_2019_LA/ASVspoof2019_LA_dev/flac/LA_D_2565359.flac,0
/data/DATASETS/ASV_Spoof_2019_LA/ASVspoof2019_LA_eval/flac/LA_E_1299659.flac,0
/data/DATASETS/ASV_Spoof_2019_LA/ASVspoof2019_LA_eval/flac/LA_E_1741926.flac,0
/data/DATASETS/ASV_Spoof_2019_LA/ASVspoof2019_LA_dev/flac/LA_D_4514282.flac,0
/data/DATASETS/ASV_Spoof_2019_LA/ASVspoof2019_LA_eval/flac/LA_E_7138609.flac,0
/data/DATASETS/ASV_Spoof_2019_LA/ASVspoof2019_LA_eval/flac/LA_E_2820896.flac,0
/data/DATASETS/ASV_Spoof_2019_LA/ASVspoof2019_LA_eval/flac/LA_E_5544329.flac,0
/data/DATASETS/ASV_Spoof_2019_LA/ASVspoof2019_LA_eval/flac/LA_E_8614442.flac,0
/data/DATASETS/ASV_Spoof_2019_LA/ASVspoof2019_LA_dev/flac/LA_D_6568071.flac,0
/data/DATASETS/ASV_Spoof_2019_LA/ASVspoof2019_LA_dev/flac/LA_D_9132872.flac,0
/data/DATASETS/ASV_Spoof_2019_LA/ASVspoof2019_LA_eval/flac/LA_E_8584475.flac,0
/data/DATASETS/ASV_Spoof_2019_LA/ASVspoof2019_LA_eval/flac/LA_E_4107607.flac,0
/data/DATASETS/ASV_Spoof_2019_LA/ASVspoof2019_LA_eval/flac/LA_E_6561128.flac,0
/data/DATASETS/ASV_Spoof_2019_LA/ASVspoof2019_LA_eval/flac/LA_E_4435947.flac,0
/data/DATASETS/ASV_Spoof_2019_LA/ASVspoof2019_LA_eval/flac/LA_E_4317439.flac,0
/data/DATASETS/ASV_Spoof_2019_LA/ASVspoof2019_LA_dev/flac/LA_D_3842728.flac,0
/data/DATASETS/ASV_Spoof_2019_LA/ASVspoof2019_LA_eval/flac/LA_E_4252399.flac,0
/data/DATASETS/ASV_Spoof_2019_LA/ASVspoof2019_LA_eval/flac/LA_E_6964777.flac,0
/data/DATASETS/ASV_Spoof_2019_LA/ASVspoof2019_LA_eval/flac/LA_E_1491231.flac,0
/data/DATASETS/ASV_Spoof_2019_LA/ASVspoof2019_LA_eval/flac/LA_E_3404334.flac,0
/data/DATASETS/ASV_Spoof_2019_LA/ASVspoof2019_LA_dev/flac/LA_D_7512294.flac,0
/data/DATASETS/ASV_Spoof_2019_LA/ASVspoof2019_LA_eval/flac/LA_E_7606058.flac,0
/data/DATASETS/ASV_Spoof_2019_LA/ASVspoof2019_LA_eval/flac/LA_E_7844816.flac,0
/data/DATASETS/ASV_Spoof_2019_LA/ASVspoof2019_LA_eval/flac/LA_E_3692663.flac,0
/data/DATASETS/ASV_Spoof_2019_LA/ASVspoof2019_LA_eval/flac/LA_E_9345935.flac,0
/data/DATASETS/ASV_Spoof_2019_LA/ASVspoof2019_LA_eval/flac/LA_E_4522926.flac,0
/data/DATASETS/ASV_Spoof_2019_LA/ASVspoof2019_LA_dev/flac/LA_D_9960664.flac,0
/data/DATASETS/ASV_Spoof_2019_LA/ASVspoof2019_LA_eval/flac/LA_E_3977361.flac,0
/data/DATASETS/ASV_Spoof_2019_LA/ASVspoof2019_LA_eval/flac/LA_E_1877038.flac,0
/data/DATASETS/ASV_Spoof_2019_LA/ASVspoof2019_LA_eval/flac/LA_E_4408850.flac,0
/data/DATASETS/ASV_Spoof_2019_LA/ASVspoof2019_LA_eval/flac/LA_E_8244534.flac,0
/data/DATASETS/ASV_Spoof_2019_LA/ASVspoof2019_LA_eval/flac/LA_E_9841789.flac,0
/data/DATASETS/ASV_Spoof_2019_LA/ASVspoof2019_LA_dev/flac/LA_D_7067333.flac,0
/data/DATASETS/ASV_Spoof_2019_LA/ASVspoof2019_LA_dev/flac/LA_D_6289788.flac,0
/data/DATASETS/ASV_Spoof_2019_LA/ASVspoof2019_LA_eval/flac/LA_E_6059668.flac,0
/data/DATASETS/ASV_Spoof_2019_LA/ASVspoof2019_LA_eval/flac/LA_E_5054757.flac,0
/data/DATASETS/ASV_Spoof_2019_LA/ASVspoof2019_LA_dev/flac/LA_D_7473191.flac,0
/data/DATASETS/ASV_Spoof_2019_LA/ASVspoof2019_LA_train/flac/LA_T_5599339.flac,0
/data/DATASETS/ASV_Spoof_2019_LA/ASVspoof2019_LA_dev/flac/LA_D_2259043.flac,0
/data/DATASETS/ASV_Spoof_2019_LA/ASVspoof2019_LA_eval/flac/LA_E_2024647.flac,0
/data/DATASETS/ASV_Spoof_2019_LA/ASVspoof2019_LA_eval/flac/LA_E_4897001.flac,0
/data/DATASETS/ASV_Spoof_2019_LA/ASVspoof2019_LA_eval/flac/LA_E_2192896.flac,0
/data/DATASETS/ASV_Spoof_2019_LA/ASVspoof2019_LA_eval/flac/LA_E_7283712.flac,0
/data/DATASETS/ASV_Spoof_2019_LA/ASVspoof2019_LA_eval/flac/LA_E_9298177.flac,0
/data/DATASETS/ASV_Spoof_2019_LA/ASVspoof2019_LA_dev/flac/LA_D_6114519.flac,0
/data/DATASETS/ASV_Spoof_2019_LA/ASVspoof2019_LA_train/flac/LA_T_1691318.flac,0
/data/DATASETS/ASV_Spoof_2019_LA/ASVspoof2019_LA_eval/flac/LA_E_9289178.flac,0
/data/DATASETS/ASV_Spoof_2019_LA/ASVspoof2019_LA_train/flac/LA_T_2945445.flac,0
/data/DATASETS/ASV_Spoof_2019_LA/ASVspoof2019_LA_dev/flac/LA_D_8238260.flac,0
/data/DATASETS/ASV_Spoof_2019_LA/ASVspoof2019_LA_dev/flac/LA_D_1988752.flac,0
/data/DATASETS/ASV_Spoof_2019_LA/ASVspoof2019_LA_train/flac/LA_T_8849210.flac,0
/data/DATASETS/ASV_Spoof_2019_LA/ASVspoof2019_LA_eval/flac/LA_E_8220016.flac,0
/data/DATASETS/ASV_Spoof_2019_LA/ASVspoof2019_LA_eval/flac/LA_E_2876549.flac,0
/data/DATASETS/ASV_Spoof_2019_LA/ASVspoof2019_LA_dev/flac/LA_D_7399617.flac,0
/data/DATASETS/ASV_Spoof_2019_LA/ASVspoof2019_LA_eval/flac/LA_E_6502549.flac,0
/data/DATASETS/ASV_Spoof_2019_LA/ASVspoof2019_LA_eval/flac/LA_E_3677482.flac,0
/data/DATASETS/ASV_Spoof_2019_LA/ASVspoof2019_LA_eval/flac/LA_E_4839707.flac,0
/data/DATASETS/ASV_Spoof_2019_LA/ASVspoof2019_LA_train/flac/LA_T_3385161.flac,0
/data/DATASETS/ASV_Spoof_2019_LA/ASVspoof2019_LA_eval/flac/LA_E_3067267.flac,0
/data/DATASETS/ASV_Spoof_2019_LA/ASVspoof2019_LA_eval/flac/LA_E_4163965.flac,0
/data/DATASETS/ASV_Spoof_2019_LA/ASVspoof2019_LA_train/flac/LA_T_7325847.flac,0
/data/DATASETS/ASV_Spoof_2019_LA/ASVspoof2019_LA_eval/flac/LA_E_7099636.flac,0
/data/DATASETS/ASV_Spoof_2019_LA/ASVspoof2019_LA_eval/flac/LA_E_8678285.flac,0
/data/DATASETS/ASV_Spoof_2019_LA/ASVspoof2019_LA_dev/flac/LA_D_3797749.flac,0
/data/DATASETS/ASV_Spoof_2019_LA/ASVspoof2019_LA_eval/flac/LA_E_3173578.flac,0
/data/DATASETS/ASV_Spoof_2019_LA/ASVspoof2019_LA_train/flac/LA_T_2902854.flac,0
/data/DATASETS/ASV_Spoof_2019_LA/ASVspoof2019_LA_eval/flac/LA_E_2785385.flac,0
/data/DATASETS/ASV_Spoof_2019_LA/ASVspoof2019_LA_train/flac/LA_T_7102200.flac,0
/data/DATASETS/ASV_Spoof_2019_LA/ASVspoof2019_LA_train/flac/LA_T_2257126.flac,0
/data/DATASETS/ASV_Spoof_2019_LA/ASVspoof2019_LA_eval/flac/LA_E_1168219.flac,0
/data/DATASETS/ASV_Spoof_2019_LA/ASVspoof2019_LA_train/flac/LA_T_3100997.flac,0
/data/DATASETS/ASV_Spoof_2019_LA/ASVspoof2019_LA_eval/flac/LA_E_9592318.flac,0
/data/DATASETS/ASV_Spoof_2019_LA/ASVspoof2019_LA_eval/flac/LA_E_4142641.flac,0
/data/DATASETS/ASV_Spoof_2019_LA/ASVspoof2019_LA_eval/flac/LA_E_5091019.flac,0
/data/DATASETS/ASV_Spoof_2019_LA/ASVspoof2019_LA_train/flac/LA_T_1007571.flac,0
/data/DATASETS/ASV_Spoof_2019_LA/ASVspoof2019_LA_eval/flac/LA_E_9830496.flac,0
/data/DATASETS/ASV_Spoof_2019_LA/ASVspoof2019_LA_eval/flac/LA_E_5972524.flac,0
/data/DATASETS/ASV_Spoof_2019_LA/ASVspoof2019_LA_eval/flac/LA_E_2762363.flac,0
/data/DATASETS/ASV_Spoof_2019_LA/ASVspoof2019_LA_eval/flac/LA_E_3363658.flac,0
/data/DATASETS/ASV_Spoof_2019_LA/ASVspoof2019_LA_eval/flac/LA_E_9548904.flac,0
/data/DATASETS/ASV_Spoof_2019_LA/ASVspoof2019_LA_dev/flac/LA_D_5425829.flac,0
/data/DATASETS/ASV_Spoof_2019_LA/ASVspoof2019_LA_train/flac/LA_T_9101277.flac,0
/data/DATASETS/ASV_Spoof_2019_LA/ASVspoof2019_LA_dev/flac/LA_D_7471560.flac,0
/data/DATASETS/ASV_Spoof_2019_LA/ASVspoof2019_LA_dev/flac/LA_D_2450199.flac,0
/data/DATASETS/ASV_Spoof_2019_LA/ASVspoof2019_LA_eval/flac/LA_E_9698333.flac,0
/data/DATASETS/ASV_Spoof_2019_LA/ASVspoof2019_LA_eval/flac/LA_E_6296442.flac,0
/data/DATASETS/ASV_Spoof_2019_LA/ASVspoof2019_LA_dev/flac/LA_D_4608449.flac,0
/data/DATASETS/ASV_Spoof_2019_LA/ASVspoof2019_LA_dev/flac/LA_D_1812623.flac,0
/data/DATASETS/ASV_Spoof_2019_LA/ASVspoof2019_LA_eval/flac/LA_E_3569893.flac,0
/data/DATASETS/ASV_Spoof_2019_LA/ASVspoof2019_LA_eval/flac/LA_E_1298039.flac,0
/data/DATASETS/ASV_Spoof_2019_LA/ASVspoof2019_LA_eval/flac/LA_E_3621931.flac,0
/data/DATASETS/ASV_Spoof_2019_LA/ASVspoof2019_LA_eval/flac/LA_E_3307395.flac,0
/data/DATASETS/ASV_Spoof_2019_LA/ASVspoof2019_LA_train/flac/LA_T_6150186.flac,0
/data/DATASETS/ASV_Spoof_2019_LA/ASVspoof2019_LA_eval/flac/LA_E_5605777.flac,0
/data/DATASETS/ASV_Spoof_2019_LA/ASVspoof2019_LA_eval/flac/LA_E_1761897.flac,0
/data/DATASETS/ASV_Spoof_2019_LA/ASVspoof2019_LA_eval/flac/LA_E_1745511.flac,0
/data/DATASETS/ASV_Spoof_2019_LA/ASVspoof2019_LA_eval/flac/LA_E_3359929.flac,0
/data/DATASETS/ASV_Spoof_2019_LA/ASVspoof2019_LA_eval/flac/LA_E_6197222.flac,0
/data/DATASETS/ASV_Spoof_2019_LA/ASVspoof2019_LA_eval/flac/LA_E_5310798.flac,0
/data/DATASETS/ASV_Spoof_2019_LA/ASVspoof2019_LA_train/flac/LA_T_5140325.flac,0
/data/DATASETS/ASV_Spoof_2019_LA/ASVspoof2019_LA_train/flac/LA_T_6703275.flac,0
/data/DATASETS/ASV_Spoof_2019_LA/ASVspoof2019_LA_dev/flac/LA_D_6831922.flac,0
/data/DATASETS/ASV_Spoof_2019_LA/ASVspoof2019_LA_eval/flac/LA_E_9635059.flac,0
/data/DATASETS/ASV_Spoof_2019_LA/ASVspoof2019_LA_eval/flac/LA_E_9615325.flac,0
/data/DATASETS/ASV_Spoof_2019_LA/ASVspoof2019_LA_eval/flac/LA_E_9313194.flac,0
/data/DATASETS/ASV_Spoof_2019_LA/ASVspoof2019_LA_train/flac/LA_T_9944200.flac,0
/data/DATASETS/ASV_Spoof_2019_LA/ASVspoof2019_LA_eval/flac/LA_E_4508021.flac,0
/data/DATASETS/ASV_Spoof_2019_LA/ASVspoof2019_LA_eval/flac/LA_E_8670051.flac,0
/data/DATASETS/ASV_Spoof_2019_LA/ASVspoof2019_LA_eval/flac/LA_E_3186200.flac,0
/data/DATASETS/ASV_Spoof_2019_LA/ASVspoof2019_LA_eval/flac/LA_E_3065402.flac,0
/data/DATASETS/ASV_Spoof_2019_LA/ASVspoof2019_LA_dev/flac/LA_D_2302005.flac,0
/data/DATASETS/ASV_Spoof_2019_LA/ASVspoof2019_LA_eval/flac/LA_E_5486391.flac,0
/data/DATASETS/ASV_Spoof_2019_LA/ASVspoof2019_LA_eval/flac/LA_E_2004431.flac,0
/data/DATASETS/ASV_Spoof_2019_LA/ASVspoof2019_LA_eval/flac/LA_E_3659044.flac,0
/data/DATASETS/ASV_Spoof_2019_LA/ASVspoof2019_LA_eval/flac/LA_E_2766080.flac,0
/data/DATASETS/ASV_Spoof_2019_LA/ASVspoof2019_LA_eval/flac/LA_E_5545323.flac,0
/data/DATASETS/ASV_Spoof_2019_LA/ASVspoof2019_LA_eval/flac/LA_E_3651892.flac,0
/data/DATASETS/ASV_Spoof_2019_LA/ASVspoof2019_LA_eval/flac/LA_E_2821360.flac,0
/data/DATASETS/ASV_Spoof_2019_LA/ASVspoof2019_LA_dev/flac/LA_D_5018258.flac,0
/data/DATASETS/ASV_Spoof_2019_LA/ASVspoof2019_LA_dev/flac/LA_D_2597748.flac,0
/data/DATASETS/ASV_Spoof_2019_LA/ASVspoof2019_LA_eval/flac/LA_E_6052479.flac,0
/data/DATASETS/ASV_Spoof_2019_LA/ASVspoof2019_LA_eval/flac/LA_E_2833232.flac,0
/data/DATASETS/ASV_Spoof_2019_LA/ASVspoof2019_LA_eval/flac/LA_E_4493422.flac,0
/data/DATASETS/ASV_Spoof_2019_LA/ASVspoof2019_LA_dev/flac/LA_D_7109425.flac,0
/data/DATASETS/ASV_Spoof_2019_LA/ASVspoof2019_LA_eval/flac/LA_E_3756527.flac,0
/data/DATASETS/ASV_Spoof_2019_LA/ASVspoof2019_LA_eval/flac/LA_E_2168860.flac,0
/data/DATASETS/ASV_Spoof_2019_LA/ASVspoof2019_LA_eval/flac/LA_E_7295157.flac,0
/data/DATASETS/ASV_Spoof_2019_LA/ASVspoof2019_LA_eval/flac/LA_E_3110493.flac,0
/data/DATASETS/ASV_Spoof_2019_LA/ASVspoof2019_LA_eval/flac/LA_E_4158467.flac,0
/data/DATASETS/ASV_Spoof_2019_LA/ASVspoof2019_LA_eval/flac/LA_E_9020889.flac,0
/data/DATASETS/ASV_Spoof_2019_LA/ASVspoof2019_LA_eval/flac/LA_E_1597011.flac,0
/data/DATASETS/ASV_Spoof_2019_LA/ASVspoof2019_LA_eval/flac/LA_E_4628344.flac,0
/data/DATASETS/ASV_Spoof_2019_LA/ASVspoof2019_LA_eval/flac/LA_E_3150524.flac,0
/data/DATASETS/ASV_Spoof_2019_LA/ASVspoof2019_LA_eval/flac/LA_E_3714461.flac,0
/data/DATASETS/ASV_Spoof_2019_LA/ASVspoof2019_LA_eval/flac/LA_E_8231545.flac,0
/data/DATASETS/ASV_Spoof_2019_LA/ASVspoof2019_LA_train/flac/LA_T_4881506.flac,0
/data/DATASETS/ASV_Spoof_2019_LA/ASVspoof2019_LA_dev/flac/LA_D_9515167.flac,0
/data/DATASETS/ASV_Spoof_2019_LA/ASVspoof2019_LA_eval/flac/LA_E_5822574.flac,0
/data/DATASETS/ASV_Spoof_2019_LA/ASVspoof2019_LA_eval/flac/LA_E_7690613.flac,0
/data/DATASETS/ASV_Spoof_2019_LA/ASVspoof2019_LA_train/flac/LA_T_3187715.flac,0
/data/DATASETS/ASV_Spoof_2019_LA/ASVspoof2019_LA_eval/flac/LA_E_7986426.flac,0
/data/DATASETS/ASV_Spoof_2019_LA/ASVspoof2019_LA_eval/flac/LA_E_5736208.flac,0
/data/DATASETS/ASV_Spoof_2019_LA/ASVspoof2019_LA_dev/flac/LA_D_7349597.flac,0
/data/DATASETS/ASV_Spoof_2019_LA/ASVspoof2019_LA_dev/flac/LA_D_2250508.flac,0
/data/DATASETS/ASV_Spoof_2019_LA/ASVspoof2019_LA_dev/flac/LA_D_7601268.flac,0
/data/DATASETS/ASV_Spoof_2019_LA/ASVspoof2019_LA_eval/flac/LA_E_1930996.flac,0
/data/DATASETS/ASV_Spoof_2019_LA/ASVspoof2019_LA_train/flac/LA_T_1197695.flac,0
/data/DATASETS/ASV_Spoof_2019_LA/ASVspoof2019_LA_eval/flac/LA_E_7344119.flac,0
/data/DATASETS/ASV_Spoof_2019_LA/ASVspoof2019_LA_eval/flac/LA_E_2081355.flac,0
/data/DATASETS/ASV_Spoof_2019_LA/ASVspoof2019_LA_eval/flac/LA_E_6673661.flac,0
/data/DATASETS/ASV_Spoof_2019_LA/ASVspoof2019_LA_dev/flac/LA_D_1288217.flac,0
/data/DATASETS/ASV_Spoof_2019_LA/ASVspoof2019_LA_eval/flac/LA_E_7696620.flac,0
/data/DATASETS/ASV_Spoof_2019_LA/ASVspoof2019_LA_eval/flac/LA_E_1896929.flac,0
/data/DATASETS/ASV_Spoof_2019_LA/ASVspoof2019_LA_train/flac/LA_T_1347550.flac,0
/data/DATASETS/ASV_Spoof_2019_LA/ASVspoof2019_LA_dev/flac/LA_D_9241229.flac,0
/data/DATASETS/ASV_Spoof_2019_LA/ASVspoof2019_LA_eval/flac/LA_E_2931505.flac,0
/data/DATASETS/ASV_Spoof_2019_LA/ASVspoof2019_LA_train/flac/LA_T_8852458.flac,0
/data/DATASETS/ASV_Spoof_2019_LA/ASVspoof2019_LA_eval/flac/LA_E_1625999.flac,0
/data/DATASETS/ASV_Spoof_2019_LA/ASVspoof2019_LA_eval/flac/LA_E_4707116.flac,0
/data/DATASETS/ASV_Spoof_2019_LA/ASVspoof2019_LA_eval/flac/LA_E_7881232.flac,0
/data/DATASETS/ASV_Spoof_2019_LA/ASVspoof2019_LA_eval/flac/LA_E_9949425.flac,0
/data/DATASETS/ASV_Spoof_2019_LA/ASVspoof2019_LA_eval/flac/LA_E_2947509.flac,0
/data/DATASETS/ASV_Spoof_2019_LA/ASVspoof2019_LA_eval/flac/LA_E_5642243.flac,0
/data/DATASETS/ASV_Spoof_2019_LA/ASVspoof2019_LA_eval/flac/LA_E_1231345.flac,0
/data/DATASETS/ASV_Spoof_2019_LA/ASVspoof2019_LA_eval/flac/LA_E_5020759.flac,0
/data/DATASETS/ASV_Spoof_2019_LA/ASVspoof2019_LA_eval/flac/LA_E_7873539.flac,0
/data/DATASETS/ASV_Spoof_2019_LA/ASVspoof2019_LA_eval/flac/LA_E_2662600.flac,0
/data/DATASETS/ASV_Spoof_2019_LA/ASVspoof2019_LA_train/flac/LA_T_1075018.flac,0
/data/DATASETS/ASV_Spoof_2019_LA/ASVspoof2019_LA_eval/flac/LA_E_1908954.flac,0
/data/DATASETS/ASV_Spoof_2019_LA/ASVspoof2019_LA_train/flac/LA_T_6343266.flac,0
/data/DATASETS/ASV_Spoof_2019_LA/ASVspoof2019_LA_eval/flac/LA_E_7946229.flac,0
/data/DATASETS/ASV_Spoof_2019_LA/ASVspoof2019_LA_dev/flac/LA_D_3122510.flac,0
/data/DATASETS/ASV_Spoof_2019_LA/ASVspoof2019_LA_eval/flac/LA_E_4362341.flac,0
/data/DATASETS/ASV_Spoof_2019_LA/ASVspoof2019_LA_dev/flac/LA_D_7464682.flac,0
/data/DATASETS/ASV_Spoof_2019_LA/ASVspoof2019_LA_eval/flac/LA_E_8531546.flac,0
/data/DATASETS/ASV_Spoof_2019_LA/ASVspoof2019_LA_eval/flac/LA_E_3239039.flac,0
/data/DATASETS/ASV_Spoof_2019_LA/ASVspoof2019_LA_eval/flac/LA_E_1455854.flac,0
/data/DATASETS/ASV_Spoof_2019_LA/ASVspoof2019_LA_eval/flac/LA_E_4544930.flac,0
/data/DATASETS/ASV_Spoof_2019_LA/ASVspoof2019_LA_dev/flac/LA_D_4966585.flac,0
/data/DATASETS/ASV_Spoof_2019_LA/ASVspoof2019_LA_eval/flac/LA_E_7883732.flac,0
/data/DATASETS/ASV_Spoof_2019_LA/ASVspoof2019_LA_eval/flac/LA_E_1668623.flac,0
/data/DATASETS/ASV_Spoof_2019_LA/ASVspoof2019_LA_dev/flac/LA_D_7579918.flac,0
/data/DATASETS/ASV_Spoof_2019_LA/ASVspoof2019_LA_eval/flac/LA_E_3722041.flac,0
/data/DATASETS/ASV_Spoof_2019_LA/ASVspoof2019_LA_train/flac/LA_T_8049822.flac,0
/data/DATASETS/ASV_Spoof_2019_LA/ASVspoof2019_LA_train/flac/LA_T_4164081.flac,0
/data/DATASETS/ASV_Spoof_2019_LA/ASVspoof2019_LA_eval/flac/LA_E_8071923.flac,0
/data/DATASETS/ASV_Spoof_2019_LA/ASVspoof2019_LA_eval/flac/LA_E_1820128.flac,0
/data/DATASETS/ASV_Spoof_2019_LA/ASVspoof2019_LA_eval/flac/LA_E_6875801.flac,0
/data/DATASETS/ASV_Spoof_2019_LA/ASVspoof2019_LA_eval/flac/LA_E_7221577.flac,0
/data/DATASETS/ASV_Spoof_2019_LA/ASVspoof2019_LA_eval/flac/LA_E_6020238.flac,0
/data/DATASETS/ASV_Spoof_2019_LA/ASVspoof2019_LA_eval/flac/LA_E_3706860.flac,0
/data/DATASETS/ASV_Spoof_2019_LA/ASVspoof2019_LA_eval/flac/LA_E_9262280.flac,0
/data/DATASETS/ASV_Spoof_2019_LA/ASVspoof2019_LA_eval/flac/LA_E_1293981.flac,0
/data/DATASETS/ASV_Spoof_2019_LA/ASVspoof2019_LA_eval/flac/LA_E_4596836.flac,0
/data/DATASETS/ASV_Spoof_2019_LA/ASVspoof2019_LA_eval/flac/LA_E_2394889.flac,0
/data/DATASETS/ASV_Spoof_2019_LA/ASVspoof2019_LA_eval/flac/LA_E_1417098.flac,0
/data/DATASETS/ASV_Spoof_2019_LA/ASVspoof2019_LA_dev/flac/LA_D_3329060.flac,0
/data/DATASETS/ASV_Spoof_2019_LA/ASVspoof2019_LA_dev/flac/LA_D_9668611.flac,0
/data/DATASETS/ASV_Spoof_2019_LA/ASVspoof2019_LA_eval/flac/LA_E_3140892.flac,0
/data/DATASETS/ASV_Spoof_2019_LA/ASVspoof2019_LA_train/flac/LA_T_2091969.flac,0
/data/DATASETS/ASV_Spoof_2019_LA/ASVspoof2019_LA_eval/flac/LA_E_4676592.flac,0
/data/DATASETS/ASV_Spoof_2019_LA/ASVspoof2019_LA_train/flac/LA_T_7995802.flac,0
/data/DATASETS/ASV_Spoof_2019_LA/ASVspoof2019_LA_eval/flac/LA_E_2004528.flac,0
/data/DATASETS/ASV_Spoof_2019_LA/ASVspoof2019_LA_dev/flac/LA_D_5044136.flac,0
/data/DATASETS/ASV_Spoof_2019_LA/ASVspoof2019_LA_train/flac/LA_T_4450108.flac,0
/data/DATASETS/ASV_Spoof_2019_LA/ASVspoof2019_LA_train/flac/LA_T_3958101.flac,0
/data/DATASETS/ASV_Spoof_2019_LA/ASVspoof2019_LA_eval/flac/LA_E_1967774.flac,0
/data/DATASETS/ASV_Spoof_2019_LA/ASVspoof2019_LA_eval/flac/LA_E_3717630.flac,0
/data/DATASETS/ASV_Spoof_2019_LA/ASVspoof2019_LA_eval/flac/LA_E_1178681.flac,0
/data/DATASETS/ASV_Spoof_2019_LA/ASVspoof2019_LA_eval/flac/LA_E_9362104.flac,0
/data/DATASETS/ASV_Spoof_2019_LA/ASVspoof2019_LA_eval/flac/LA_E_7203912.flac,0
/data/DATASETS/ASV_Spoof_2019_LA/ASVspoof2019_LA_dev/flac/LA_D_8277825.flac,0
/data/DATASETS/ASV_Spoof_2019_LA/ASVspoof2019_LA_eval/flac/LA_E_5911852.flac,0
/data/DATASETS/ASV_Spoof_2019_LA/ASVspoof2019_LA_eval/flac/LA_E_8422389.flac,0
/data/DATASETS/ASV_Spoof_2019_LA/ASVspoof2019_LA_eval/flac/LA_E_7040486.flac,0
/data/DATASETS/ASV_Spoof_2019_LA/ASVspoof2019_LA_train/flac/LA_T_9369156.flac,0
/data/DATASETS/ASV_Spoof_2019_LA/ASVspoof2019_LA_eval/flac/LA_E_2823758.flac,0
/data/DATASETS/ASV_Spoof_2019_LA/ASVspoof2019_LA_dev/flac/LA_D_9899632.flac,0
/data/DATASETS/ASV_Spoof_2019_LA/ASVspoof2019_LA_eval/flac/LA_E_4814434.flac,0
/data/DATASETS/ASV_Spoof_2019_LA/ASVspoof2019_LA_eval/flac/LA_E_9549887.flac,0
/data/DATASETS/ASV_Spoof_2019_LA/ASVspoof2019_LA_eval/flac/LA_E_9196033.flac,0
/data/DATASETS/ASV_Spoof_2019_LA/ASVspoof2019_LA_train/flac/LA_T_5214235.flac,0
/data/DATASETS/ASV_Spoof_2019_LA/ASVspoof2019_LA_train/flac/LA_T_1830509.flac,0
/data/DATASETS/ASV_Spoof_2019_LA/ASVspoof2019_LA_eval/flac/LA_E_8552754.flac,0
/data/DATASETS/ASV_Spoof_2019_LA/ASVspoof2019_LA_eval/flac/LA_E_8919526.flac,0
/data/DATASETS/ASV_Spoof_2019_LA/ASVspoof2019_LA_eval/flac/LA_E_9523806.flac,0
/data/DATASETS/ASV_Spoof_2019_LA/ASVspoof2019_LA_train/flac/LA_T_7737217.flac,0
/data/DATASETS/ASV_Spoof_2019_LA/ASVspoof2019_LA_train/flac/LA_T_2598851.flac,0
/data/DATASETS/ASV_Spoof_2019_LA/ASVspoof2019_LA_train/flac/LA_T_4293504.flac,0
/data/DATASETS/ASV_Spoof_2019_LA/ASVspoof2019_LA_eval/flac/LA_E_5784662.flac,0
/data/DATASETS/ASV_Spoof_2019_LA/ASVspoof2019_LA_eval/flac/LA_E_1439559.flac,0
/data/DATASETS/ASV_Spoof_2019_LA/ASVspoof2019_LA_eval/flac/LA_E_3231527.flac,0
/data/DATASETS/ASV_Spoof_2019_LA/ASVspoof2019_LA_dev/flac/LA_D_5451679.flac,0
/data/DATASETS/ASV_Spoof_2019_LA/ASVspoof2019_LA_dev/flac/LA_D_1107267.flac,0
/data/DATASETS/ASV_Spoof_2019_LA/ASVspoof2019_LA_eval/flac/LA_E_1723311.flac,0
/data/DATASETS/ASV_Spoof_2019_LA/ASVspoof2019_LA_eval/flac/LA_E_4059399.flac,0
/data/DATASETS/ASV_Spoof_2019_LA/ASVspoof2019_LA_dev/flac/LA_D_9877194.flac,0
/data/DATASETS/ASV_Spoof_2019_LA/ASVspoof2019_LA_train/flac/LA_T_3081199.flac,0
/data/DATASETS/ASV_Spoof_2019_LA/ASVspoof2019_LA_eval/flac/LA_E_8940034.flac,0
/data/DATASETS/ASV_Spoof_2019_LA/ASVspoof2019_LA_eval/flac/LA_E_3594780.flac,0
/data/DATASETS/ASV_Spoof_2019_LA/ASVspoof2019_LA_train/flac/LA_T_6906133.flac,0
/data/DATASETS/ASV_Spoof_2019_LA/ASVspoof2019_LA_train/flac/LA_T_5372373.flac,0
/data/DATASETS/ASV_Spoof_2019_LA/ASVspoof2019_LA_dev/flac/LA_D_4293112.flac,0
/data/DATASETS/ASV_Spoof_2019_LA/ASVspoof2019_LA_train/flac/LA_T_2224597.flac,0
/data/DATASETS/ASV_Spoof_2019_LA/ASVspoof2019_LA_dev/flac/LA_D_3253942.flac,0
/data/DATASETS/ASV_Spoof_2019_LA/ASVspoof2019_LA_train/flac/LA_T_8597023.flac,0
/data/DATASETS/ASV_Spoof_2019_LA/ASVspoof2019_LA_eval/flac/LA_E_6197004.flac,0
/data/DATASETS/ASV_Spoof_2019_LA/ASVspoof2019_LA_train/flac/LA_T_8760338.flac,0
/data/DATASETS/ASV_Spoof_2019_LA/ASVspoof2019_LA_dev/flac/LA_D_6421519.flac,0
/data/DATASETS/ASV_Spoof_2019_LA/ASVspoof2019_LA_train/flac/LA_T_6725057.flac,0
/data/DATASETS/ASV_Spoof_2019_LA/ASVspoof2019_LA_eval/flac/LA_E_2952862.flac,0
/data/DATASETS/ASV_Spoof_2019_LA/ASVspoof2019_LA_eval/flac/LA_E_2458204.flac,0
/data/DATASETS/ASV_Spoof_2019_LA/ASVspoof2019_LA_eval/flac/LA_E_5990541.flac,0
/data/DATASETS/ASV_Spoof_2019_LA/ASVspoof2019_LA_eval/flac/LA_E_6984077.flac,0
/data/DATASETS/ASV_Spoof_2019_LA/ASVspoof2019_LA_eval/flac/LA_E_6314751.flac,0
/data/DATASETS/ASV_Spoof_2019_LA/ASVspoof2019_LA_eval/flac/LA_E_3267738.flac,0
/data/DATASETS/ASV_Spoof_2019_LA/ASVspoof2019_LA_eval/flac/LA_E_1157124.flac,0
/data/DATASETS/ASV_Spoof_2019_LA/ASVspoof2019_LA_dev/flac/LA_D_6939541.flac,0
/data/DATASETS/ASV_Spoof_2019_LA/ASVspoof2019_LA_eval/flac/LA_E_7924241.flac,0
/data/DATASETS/ASV_Spoof_2019_LA/ASVspoof2019_LA_dev/flac/LA_D_8696046.flac,0
/data/DATASETS/ASV_Spoof_2019_LA/ASVspoof2019_LA_dev/flac/LA_D_2958472.flac,0
/data/DATASETS/ASV_Spoof_2019_LA/ASVspoof2019_LA_train/flac/LA_T_9390369.flac,0
/data/DATASETS/ASV_Spoof_2019_LA/ASVspoof2019_LA_dev/flac/LA_D_4969607.flac,0
/data/DATASETS/ASV_Spoof_2019_LA/ASVspoof2019_LA_eval/flac/LA_E_9431095.flac,0
/data/DATASETS/ASV_Spoof_2019_LA/ASVspoof2019_LA_eval/flac/LA_E_5848121.flac,0
/data/DATASETS/ASV_Spoof_2019_LA/ASVspoof2019_LA_dev/flac/LA_D_1819301.flac,0
/data/DATASETS/ASV_Spoof_2019_LA/ASVspoof2019_LA_eval/flac/LA_E_5068554.flac,0
/data/DATASETS/ASV_Spoof_2019_LA/ASVspoof2019_LA_train/flac/LA_T_9859327.flac,0
/data/DATASETS/ASV_Spoof_2019_LA/ASVspoof2019_LA_eval/flac/LA_E_4275566.flac,0
/data/DATASETS/ASV_Spoof_2019_LA/ASVspoof2019_LA_dev/flac/LA_D_2130605.flac,0
/data/DATASETS/ASV_Spoof_2019_LA/ASVspoof2019_LA_eval/flac/LA_E_1548063.flac,0
/data/DATASETS/ASV_Spoof_2019_LA/ASVspoof2019_LA_train/flac/LA_T_3222760.flac,0
/data/DATASETS/ASV_Spoof_2019_LA/ASVspoof2019_LA_eval/flac/LA_E_4643756.flac,0
/data/DATASETS/ASV_Spoof_2019_LA/ASVspoof2019_LA_eval/flac/LA_E_6372387.flac,0
/data/DATASETS/ASV_Spoof_2019_LA/ASVspoof2019_LA_eval/flac/LA_E_5993576.flac,0
/data/DATASETS/ASV_Spoof_2019_LA/ASVspoof2019_LA_dev/flac/LA_D_8037358.flac,0
/data/DATASETS/ASV_Spoof_2019_LA/ASVspoof2019_LA_eval/flac/LA_E_5166597.flac,0
/data/DATASETS/ASV_Spoof_2019_LA/ASVspoof2019_LA_eval/flac/LA_E_8185120.flac,0
/data/DATASETS/ASV_Spoof_2019_LA/ASVspoof2019_LA_train/flac/LA_T_9497115.flac,0
/data/DATASETS/ASV_Spoof_2019_LA/ASVspoof2019_LA_train/flac/LA_T_8599305.flac,0
/data/DATASETS/ASV_Spoof_2019_LA/ASVspoof2019_LA_eval/flac/LA_E_9803164.flac,0
/data/DATASETS/ASV_Spoof_2019_LA/ASVspoof2019_LA_dev/flac/LA_D_6415819.flac,0
/data/DATASETS/ASV_Spoof_2019_LA/ASVspoof2019_LA_eval/flac/LA_E_7100846.flac,0
/data/DATASETS/ASV_Spoof_2019_LA/ASVspoof2019_LA_train/flac/LA_T_2838981.flac,0
/data/DATASETS/ASV_Spoof_2019_LA/ASVspoof2019_LA_eval/flac/LA_E_2268948.flac,0
/data/DATASETS/ASV_Spoof_2019_LA/ASVspoof2019_LA_eval/flac/LA_E_9553950.flac,0
/data/DATASETS/ASV_Spoof_2019_LA/ASVspoof2019_LA_dev/flac/LA_D_8482192.flac,0
/data/DATASETS/ASV_Spoof_2019_LA/ASVspoof2019_LA_eval/flac/LA_E_6245976.flac,0
/data/DATASETS/ASV_Spoof_2019_LA/ASVspoof2019_LA_train/flac/LA_T_6201923.flac,0
/data/DATASETS/ASV_Spoof_2019_LA/ASVspoof2019_LA_dev/flac/LA_D_3720871.flac,0
/data/DATASETS/ASV_Spoof_2019_LA/ASVspoof2019_LA_dev/flac/LA_D_1895274.flac,0
/data/DATASETS/ASV_Spoof_2019_LA/ASVspoof2019_LA_eval/flac/LA_E_1828973.flac,0
/data/DATASETS/ASV_Spoof_2019_LA/ASVspoof2019_LA_eval/flac/LA_E_6224421.flac,0
/data/DATASETS/ASV_Spoof_2019_LA/ASVspoof2019_LA_train/flac/LA_T_3686008.flac,0
/data/DATASETS/ASV_Spoof_2019_LA/ASVspoof2019_LA_dev/flac/LA_D_8982290.flac,0
/data/DATASETS/ASV_Spoof_2019_LA/ASVspoof2019_LA_dev/flac/LA_D_1773726.flac,0
/data/DATASETS/ASV_Spoof_2019_LA/ASVspoof2019_LA_dev/flac/LA_D_2485218.flac,0
/data/DATASETS/ASV_Spoof_2019_LA/ASVspoof2019_LA_dev/flac/LA_D_7139553.flac,0
/data/DATASETS/ASV_Spoof_2019_LA/ASVspoof2019_LA_eval/flac/LA_E_9815522.flac,0
/data/DATASETS/ASV_Spoof_2019_LA/ASVspoof2019_LA_eval/flac/LA_E_5801034.flac,0
/data/DATASETS/ASV_Spoof_2019_LA/ASVspoof2019_LA_dev/flac/LA_D_4399522.flac,0
/data/DATASETS/ASV_Spoof_2019_LA/ASVspoof2019_LA_dev/flac/LA_D_2936796.flac,0
/data/DATASETS/ASV_Spoof_2019_LA/ASVspoof2019_LA_dev/flac/LA_D_1316596.flac,0
/data/DATASETS/ASV_Spoof_2019_LA/ASVspoof2019_LA_eval/flac/LA_E_7906249.flac,0
/data/DATASETS/ASV_Spoof_2019_LA/ASVspoof2019_LA_eval/flac/LA_E_8311656.flac,0
/data/DATASETS/ASV_Spoof_2019_LA/ASVspoof2019_LA_dev/flac/LA_D_6795264.flac,0
/data/DATASETS/ASV_Spoof_2019_LA/ASVspoof2019_LA_dev/flac/LA_D_5696762.flac,0
/data/DATASETS/ASV_Spoof_2019_LA/ASVspoof2019_LA_eval/flac/LA_E_1973613.flac,0
/data/DATASETS/ASV_Spoof_2019_LA/ASVspoof2019_LA_eval/flac/LA_E_7654106.flac,0
/data/DATASETS/ASV_Spoof_2019_LA/ASVspoof2019_LA_eval/flac/LA_E_5058525.flac,0
/data/DATASETS/ASV_Spoof_2019_LA/ASVspoof2019_LA_dev/flac/LA_D_4247411.flac,0
/data/DATASETS/ASV_Spoof_2019_LA/ASVspoof2019_LA_train/flac/LA_T_6150814.flac,0
/data/DATASETS/ASV_Spoof_2019_LA/ASVspoof2019_LA_train/flac/LA_T_6253524.flac,0
/data/DATASETS/ASV_Spoof_2019_LA/ASVspoof2019_LA_train/flac/LA_T_7661468.flac,0
/data/DATASETS/ASV_Spoof_2019_LA/ASVspoof2019_LA_eval/flac/LA_E_3671668.flac,0
/data/DATASETS/ASV_Spoof_2019_LA/ASVspoof2019_LA_train/flac/LA_T_7462273.flac,0
/data/DATASETS/ASV_Spoof_2019_LA/ASVspoof2019_LA_train/flac/LA_T_5989009.flac,0
/data/DATASETS/ASV_Spoof_2019_LA/ASVspoof2019_LA_eval/flac/LA_E_2526631.flac,0
/data/DATASETS/ASV_Spoof_2019_LA/ASVspoof2019_LA_eval/flac/LA_E_3658880.flac,0
/data/DATASETS/ASV_Spoof_2019_LA/ASVspoof2019_LA_dev/flac/LA_D_6609968.flac,0
/data/DATASETS/ASV_Spoof_2019_LA/ASVspoof2019_LA_eval/flac/LA_E_8524698.flac,0
/data/DATASETS/ASV_Spoof_2019_LA/ASVspoof2019_LA_eval/flac/LA_E_7776921.flac,0
/data/DATASETS/ASV_Spoof_2019_LA/ASVspoof2019_LA_eval/flac/LA_E_1311985.flac,0
/data/DATASETS/ASV_Spoof_2019_LA/ASVspoof2019_LA_train/flac/LA_T_5326968.flac,0
/data/DATASETS/ASV_Spoof_2019_LA/ASVspoof2019_LA_train/flac/LA_T_1284700.flac,0
/data/DATASETS/ASV_Spoof_2019_LA/ASVspoof2019_LA_dev/flac/LA_D_9386892.flac,0
/data/DATASETS/ASV_Spoof_2019_LA/ASVspoof2019_LA_eval/flac/LA_E_2461632.flac,0
/data/DATASETS/ASV_Spoof_2019_LA/ASVspoof2019_LA_eval/flac/LA_E_8845978.flac,0
/data/DATASETS/ASV_Spoof_2019_LA/ASVspoof2019_LA_train/flac/LA_T_4928920.flac,0
/data/DATASETS/ASV_Spoof_2019_LA/ASVspoof2019_LA_train/flac/LA_T_7086580.flac,0
/data/DATASETS/ASV_Spoof_2019_LA/ASVspoof2019_LA_eval/flac/LA_E_4696020.flac,0
/data/DATASETS/ASV_Spoof_2019_LA/ASVspoof2019_LA_eval/flac/LA_E_2883786.flac,0
/data/DATASETS/ASV_Spoof_2019_LA/ASVspoof2019_LA_eval/flac/LA_E_5986045.flac,0
/data/DATASETS/ASV_Spoof_2019_LA/ASVspoof2019_LA_eval/flac/LA_E_3303674.flac,0
/data/DATASETS/ASV_Spoof_2019_LA/ASVspoof2019_LA_dev/flac/LA_D_7757579.flac,0
/data/DATASETS/ASV_Spoof_2019_LA/ASVspoof2019_LA_eval/flac/LA_E_2537412.flac,0
/data/DATASETS/ASV_Spoof_2019_LA/ASVspoof2019_LA_eval/flac/LA_E_2205244.flac,0
/data/DATASETS/ASV_Spoof_2019_LA/ASVspoof2019_LA_train/flac/LA_T_4710920.flac,0
/data/DATASETS/ASV_Spoof_2019_LA/ASVspoof2019_LA_dev/flac/LA_D_3787070.flac,0
/data/DATASETS/ASV_Spoof_2019_LA/ASVspoof2019_LA_train/flac/LA_T_4855131.flac,0
/data/DATASETS/ASV_Spoof_2019_LA/ASVspoof2019_LA_eval/flac/LA_E_4932363.flac,0
/data/DATASETS/ASV_Spoof_2019_LA/ASVspoof2019_LA_eval/flac/LA_E_5818870.flac,0
/data/DATASETS/ASV_Spoof_2019_LA/ASVspoof2019_LA_eval/flac/LA_E_2917457.flac,0
/data/DATASETS/ASV_Spoof_2019_LA/ASVspoof2019_LA_eval/flac/LA_E_5724393.flac,0
/data/DATASETS/ASV_Spoof_2019_LA/ASVspoof2019_LA_eval/flac/LA_E_2529731.flac,0
/data/DATASETS/ASV_Spoof_2019_LA/ASVspoof2019_LA_train/flac/LA_T_9266357.flac,0
/data/DATASETS/ASV_Spoof_2019_LA/ASVspoof2019_LA_train/flac/LA_T_4486316.flac,0
/data/DATASETS/ASV_Spoof_2019_LA/ASVspoof2019_LA_eval/flac/LA_E_6918536.flac,0
/data/DATASETS/ASV_Spoof_2019_LA/ASVspoof2019_LA_eval/flac/LA_E_1164883.flac,0
/data/DATASETS/ASV_Spoof_2019_LA/ASVspoof2019_LA_dev/flac/LA_D_3810542.flac,0
/data/DATASETS/ASV_Spoof_2019_LA/ASVspoof2019_LA_eval/flac/LA_E_6760996.flac,0
/data/DATASETS/ASV_Spoof_2019_LA/ASVspoof2019_LA_eval/flac/LA_E_9932449.flac,0
/data/DATASETS/ASV_Spoof_2019_LA/ASVspoof2019_LA_dev/flac/LA_D_2861752.flac,0
/data/DATASETS/ASV_Spoof_2019_LA/ASVspoof2019_LA_train/flac/LA_T_7645518.flac,0
/data/DATASETS/ASV_Spoof_2019_LA/ASVspoof2019_LA_eval/flac/LA_E_3670903.flac,0
/data/DATASETS/ASV_Spoof_2019_LA/ASVspoof2019_LA_dev/flac/LA_D_4530450.flac,0
/data/DATASETS/ASV_Spoof_2019_LA/ASVspoof2019_LA_train/flac/LA_T_1459702.flac,0
/data/DATASETS/ASV_Spoof_2019_LA/ASVspoof2019_LA_eval/flac/LA_E_6282678.flac,0
/data/DATASETS/ASV_Spoof_2019_LA/ASVspoof2019_LA_eval/flac/LA_E_9594436.flac,0
/data/DATASETS/ASV_Spoof_2019_LA/ASVspoof2019_LA_eval/flac/LA_E_2464870.flac,0
/data/DATASETS/ASV_Spoof_2019_LA/ASVspoof2019_LA_dev/flac/LA_D_7550546.flac,0
/data/DATASETS/ASV_Spoof_2019_LA/ASVspoof2019_LA_train/flac/LA_T_7851926.flac,0
/data/DATASETS/ASV_Spoof_2019_LA/ASVspoof2019_LA_train/flac/LA_T_1843642.flac,0
/data/DATASETS/ASV_Spoof_2019_LA/ASVspoof2019_LA_train/flac/LA_T_4711197.flac,0
/data/DATASETS/ASV_Spoof_2019_LA/ASVspoof2019_LA_train/flac/LA_T_7850247.flac,0
/data/DATASETS/ASV_Spoof_2019_LA/ASVspoof2019_LA_dev/flac/LA_D_3232165.flac,0
/data/DATASETS/ASV_Spoof_2019_LA/ASVspoof2019_LA_train/flac/LA_T_4904277.flac,0
/data/DATASETS/ASV_Spoof_2019_LA/ASVspoof2019_LA_train/flac/LA_T_3009665.flac,0
/data/DATASETS/ASV_Spoof_2019_LA/ASVspoof2019_LA_eval/flac/LA_E_5149153.flac,0
/data/DATASETS/ASV_Spoof_2019_LA/ASVspoof2019_LA_train/flac/LA_T_3860059.flac,0
/data/DATASETS/ASV_Spoof_2019_LA/ASVspoof2019_LA_dev/flac/LA_D_4350271.flac,0
/data/DATASETS/ASV_Spoof_2019_LA/ASVspoof2019_LA_eval/flac/LA_E_5292305.flac,0
/data/DATASETS/ASV_Spoof_2019_LA/ASVspoof2019_LA_dev/flac/LA_D_3444700.flac,0
/data/DATASETS/ASV_Spoof_2019_LA/ASVspoof2019_LA_dev/flac/LA_D_5374875.flac,0
/data/DATASETS/ASV_Spoof_2019_LA/ASVspoof2019_LA_train/flac/LA_T_4254409.flac,0
/data/DATASETS/ASV_Spoof_2019_LA/ASVspoof2019_LA_eval/flac/LA_E_2911372.flac,0
/data/DATASETS/ASV_Spoof_2019_LA/ASVspoof2019_LA_eval/flac/LA_E_2488762.flac,0
/data/DATASETS/ASV_Spoof_2019_LA/ASVspoof2019_LA_eval/flac/LA_E_4046118.flac,0
/data/DATASETS/ASV_Spoof_2019_LA/ASVspoof2019_LA_eval/flac/LA_E_4804809.flac,0
/data/DATASETS/ASV_Spoof_2019_LA/ASVspoof2019_LA_eval/flac/LA_E_7956093.flac,0
/data/DATASETS/ASV_Spoof_2019_LA/ASVspoof2019_LA_eval/flac/LA_E_7455595.flac,0
/data/DATASETS/ASV_Spoof_2019_LA/ASVspoof2019_LA_eval/flac/LA_E_4704632.flac,0
/data/DATASETS/ASV_Spoof_2019_LA/ASVspoof2019_LA_dev/flac/LA_D_3170420.flac,0
/data/DATASETS/ASV_Spoof_2019_LA/ASVspoof2019_LA_train/flac/LA_T_2335057.flac,0
/data/DATASETS/ASV_Spoof_2019_LA/ASVspoof2019_LA_eval/flac/LA_E_1485085.flac,0
/data/DATASETS/ASV_Spoof_2019_LA/ASVspoof2019_LA_eval/flac/LA_E_9365630.flac,0
/data/DATASETS/ASV_Spoof_2019_LA/ASVspoof2019_LA_eval/flac/LA_E_7437876.flac,0
/data/DATASETS/ASV_Spoof_2019_LA/ASVspoof2019_LA_eval/flac/LA_E_7500218.flac,0
/data/DATASETS/ASV_Spoof_2019_LA/ASVspoof2019_LA_train/flac/LA_T_6958535.flac,0
/data/DATASETS/ASV_Spoof_2019_LA/ASVspoof2019_LA_train/flac/LA_T_6423802.flac,0
/data/DATASETS/ASV_Spoof_2019_LA/ASVspoof2019_LA_train/flac/LA_T_6499936.flac,0
/data/DATASETS/ASV_Spoof_2019_LA/ASVspoof2019_LA_eval/flac/LA_E_2667571.flac,0
/data/DATASETS/ASV_Spoof_2019_LA/ASVspoof2019_LA_train/flac/LA_T_3959393.flac,0
/data/DATASETS/ASV_Spoof_2019_LA/ASVspoof2019_LA_eval/flac/LA_E_1616681.flac,0
/data/DATASETS/ASV_Spoof_2019_LA/ASVspoof2019_LA_train/flac/LA_T_4899172.flac,0
/data/DATASETS/ASV_Spoof_2019_LA/ASVspoof2019_LA_eval/flac/LA_E_2868086.flac,0
/data/DATASETS/ASV_Spoof_2019_LA/ASVspoof2019_LA_eval/flac/LA_E_1529494.flac,0
/data/DATASETS/ASV_Spoof_2019_LA/ASVspoof2019_LA_eval/flac/LA_E_4781833.flac,0
/data/DATASETS/ASV_Spoof_2019_LA/ASVspoof2019_LA_eval/flac/LA_E_4150719.flac,0
/data/DATASETS/ASV_Spoof_2019_LA/ASVspoof2019_LA_eval/flac/LA_E_8702793.flac,0
/data/DATASETS/ASV_Spoof_2019_LA/ASVspoof2019_LA_eval/flac/LA_E_3197194.flac,0
/data/DATASETS/ASV_Spoof_2019_LA/ASVspoof2019_LA_eval/flac/LA_E_1760119.flac,0
/data/DATASETS/ASV_Spoof_2019_LA/ASVspoof2019_LA_dev/flac/LA_D_9875362.flac,0
/data/DATASETS/ASV_Spoof_2019_LA/ASVspoof2019_LA_eval/flac/LA_E_4924002.flac,0
/data/DATASETS/ASV_Spoof_2019_LA/ASVspoof2019_LA_dev/flac/LA_D_8361964.flac,0
/data/DATASETS/ASV_Spoof_2019_LA/ASVspoof2019_LA_eval/flac/LA_E_1057588.flac,0
/data/DATASETS/ASV_Spoof_2019_LA/ASVspoof2019_LA_train/flac/LA_T_1661773.flac,0
/data/DATASETS/ASV_Spoof_2019_LA/ASVspoof2019_LA_train/flac/LA_T_1023546.flac,0
/data/DATASETS/ASV_Spoof_2019_LA/ASVspoof2019_LA_eval/flac/LA_E_8727258.flac,0
/data/DATASETS/ASV_Spoof_2019_LA/ASVspoof2019_LA_eval/flac/LA_E_7020783.flac,0
/data/DATASETS/ASV_Spoof_2019_LA/ASVspoof2019_LA_train/flac/LA_T_3492130.flac,0
/data/DATASETS/ASV_Spoof_2019_LA/ASVspoof2019_LA_eval/flac/LA_E_6942222.flac,0
/data/DATASETS/ASV_Spoof_2019_LA/ASVspoof2019_LA_dev/flac/LA_D_7786543.flac,0
/data/DATASETS/ASV_Spoof_2019_LA/ASVspoof2019_LA_eval/flac/LA_E_1653244.flac,0
/data/DATASETS/ASV_Spoof_2019_LA/ASVspoof2019_LA_dev/flac/LA_D_8168206.flac,0
/data/DATASETS/ASV_Spoof_2019_LA/ASVspoof2019_LA_train/flac/LA_T_3732188.flac,0
/data/DATASETS/ASV_Spoof_2019_LA/ASVspoof2019_LA_train/flac/LA_T_5417170.flac,0
/data/DATASETS/ASV_Spoof_2019_LA/ASVspoof2019_LA_eval/flac/LA_E_5056788.flac,0
/data/DATASETS/ASV_Spoof_2019_LA/ASVspoof2019_LA_eval/flac/LA_E_7839857.flac,0
/data/DATASETS/ASV_Spoof_2019_LA/ASVspoof2019_LA_dev/flac/LA_D_5445492.flac,0
/data/DATASETS/ASV_Spoof_2019_LA/ASVspoof2019_LA_dev/flac/LA_D_4052746.flac,0
/data/DATASETS/ASV_Spoof_2019_LA/ASVspoof2019_LA_eval/flac/LA_E_6552123.flac,0
/data/DATASETS/ASV_Spoof_2019_LA/ASVspoof2019_LA_eval/flac/LA_E_5298865.flac,0
/data/DATASETS/ASV_Spoof_2019_LA/ASVspoof2019_LA_eval/flac/LA_E_9329254.flac,0
/data/DATASETS/ASV_Spoof_2019_LA/ASVspoof2019_LA_eval/flac/LA_E_2383074.flac,0
/data/DATASETS/ASV_Spoof_2019_LA/ASVspoof2019_LA_eval/flac/LA_E_8077634.flac,0
/data/DATASETS/ASV_Spoof_2019_LA/ASVspoof2019_LA_eval/flac/LA_E_3142157.flac,0
/data/DATASETS/ASV_Spoof_2019_LA/ASVspoof2019_LA_train/flac/LA_T_2486958.flac,0
/data/DATASETS/ASV_Spoof_2019_LA/ASVspoof2019_LA_eval/flac/LA_E_2699398.flac,0
/data/DATASETS/ASV_Spoof_2019_LA/ASVspoof2019_LA_train/flac/LA_T_9437384.flac,0
/data/DATASETS/ASV_Spoof_2019_LA/ASVspoof2019_LA_train/flac/LA_T_1669827.flac,0
/data/DATASETS/ASV_Spoof_2019_LA/ASVspoof2019_LA_eval/flac/LA_E_2945694.flac,0
/data/DATASETS/ASV_Spoof_2019_LA/ASVspoof2019_LA_eval/flac/LA_E_4330633.flac,0
/data/DATASETS/ASV_Spoof_2019_LA/ASVspoof2019_LA_train/flac/LA_T_9160184.flac,0
/data/DATASETS/ASV_Spoof_2019_LA/ASVspoof2019_LA_dev/flac/LA_D_4366209.flac,0
/data/DATASETS/ASV_Spoof_2019_LA/ASVspoof2019_LA_eval/flac/LA_E_1893259.flac,0
/data/DATASETS/ASV_Spoof_2019_LA/ASVspoof2019_LA_eval/flac/LA_E_7984621.flac,0
/data/DATASETS/ASV_Spoof_2019_LA/ASVspoof2019_LA_eval/flac/LA_E_7821740.flac,0
/data/DATASETS/ASV_Spoof_2019_LA/ASVspoof2019_LA_train/flac/LA_T_9011341.flac,0
/data/DATASETS/ASV_Spoof_2019_LA/ASVspoof2019_LA_eval/flac/LA_E_7233576.flac,0
/data/DATASETS/ASV_Spoof_2019_LA/ASVspoof2019_LA_eval/flac/LA_E_2668707.flac,0
/data/DATASETS/ASV_Spoof_2019_LA/ASVspoof2019_LA_eval/flac/LA_E_7014450.flac,0
/data/DATASETS/ASV_Spoof_2019_LA/ASVspoof2019_LA_eval/flac/LA_E_4137804.flac,0
/data/DATASETS/ASV_Spoof_2019_LA/ASVspoof2019_LA_eval/flac/LA_E_1256406.flac,0
/data/DATASETS/ASV_Spoof_2019_LA/ASVspoof2019_LA_eval/flac/LA_E_5189142.flac,0
/data/DATASETS/ASV_Spoof_2019_LA/ASVspoof2019_LA_eval/flac/LA_E_9992215.flac,0
/data/DATASETS/ASV_Spoof_2019_LA/ASVspoof2019_LA_train/flac/LA_T_9711174.flac,0
/data/DATASETS/ASV_Spoof_2019_LA/ASVspoof2019_LA_eval/flac/LA_E_1335508.flac,0
/data/DATASETS/ASV_Spoof_2019_LA/ASVspoof2019_LA_eval/flac/LA_E_7894662.flac,0
/data/DATASETS/ASV_Spoof_2019_LA/ASVspoof2019_LA_eval/flac/LA_E_6366792.flac,0
/data/DATASETS/ASV_Spoof_2019_LA/ASVspoof2019_LA_eval/flac/LA_E_4198589.flac,0
/data/DATASETS/ASV_Spoof_2019_LA/ASVspoof2019_LA_train/flac/LA_T_6277993.flac,0
/data/DATASETS/ASV_Spoof_2019_LA/ASVspoof2019_LA_eval/flac/LA_E_7733356.flac,0
/data/DATASETS/ASV_Spoof_2019_LA/ASVspoof2019_LA_eval/flac/LA_E_3913329.flac,0
/data/DATASETS/ASV_Spoof_2019_LA/ASVspoof2019_LA_dev/flac/LA_D_7879955.flac,0
/data/DATASETS/ASV_Spoof_2019_LA/ASVspoof2019_LA_eval/flac/LA_E_2131280.flac,0
/data/DATASETS/ASV_Spoof_2019_LA/ASVspoof2019_LA_dev/flac/LA_D_9712400.flac,0
/data/DATASETS/ASV_Spoof_2019_LA/ASVspoof2019_LA_train/flac/LA_T_1671516.flac,0
/data/DATASETS/ASV_Spoof_2019_LA/ASVspoof2019_LA_eval/flac/LA_E_6840724.flac,0
/data/DATASETS/ASV_Spoof_2019_LA/ASVspoof2019_LA_eval/flac/LA_E_5318523.flac,0
/data/DATASETS/ASV_Spoof_2019_LA/ASVspoof2019_LA_eval/flac/LA_E_3658698.flac,0
/data/DATASETS/ASV_Spoof_2019_LA/ASVspoof2019_LA_dev/flac/LA_D_2242074.flac,0
/data/DATASETS/ASV_Spoof_2019_LA/ASVspoof2019_LA_eval/flac/LA_E_2303581.flac,0
/data/DATASETS/ASV_Spoof_2019_LA/ASVspoof2019_LA_dev/flac/LA_D_9118659.flac,0
/data/DATASETS/ASV_Spoof_2019_LA/ASVspoof2019_LA_train/flac/LA_T_5504876.flac,0
/data/DATASETS/ASV_Spoof_2019_LA/ASVspoof2019_LA_eval/flac/LA_E_2648652.flac,0
/data/DATASETS/ASV_Spoof_2019_LA/ASVspoof2019_LA_eval/flac/LA_E_3466694.flac,0
/data/DATASETS/ASV_Spoof_2019_LA/ASVspoof2019_LA_dev/flac/LA_D_5738969.flac,0
/data/DATASETS/ASV_Spoof_2019_LA/ASVspoof2019_LA_eval/flac/LA_E_5422586.flac,0
/data/DATASETS/ASV_Spoof_2019_LA/ASVspoof2019_LA_dev/flac/LA_D_7525926.flac,0
/data/DATASETS/ASV_Spoof_2019_LA/ASVspoof2019_LA_train/flac/LA_T_7677120.flac,0
/data/DATASETS/ASV_Spoof_2019_LA/ASVspoof2019_LA_eval/flac/LA_E_5668603.flac,0
/data/DATASETS/ASV_Spoof_2019_LA/ASVspoof2019_LA_eval/flac/LA_E_7977068.flac,0
/data/DATASETS/ASV_Spoof_2019_LA/ASVspoof2019_LA_eval/flac/LA_E_3153088.flac,0
/data/DATASETS/ASV_Spoof_2019_LA/ASVspoof2019_LA_eval/flac/LA_E_3941995.flac,0
/data/DATASETS/ASV_Spoof_2019_LA/ASVspoof2019_LA_eval/flac/LA_E_6496136.flac,0
/data/DATASETS/ASV_Spoof_2019_LA/ASVspoof2019_LA_eval/flac/LA_E_2144572.flac,0
/data/DATASETS/ASV_Spoof_2019_LA/ASVspoof2019_LA_train/flac/LA_T_2716529.flac,0
/data/DATASETS/ASV_Spoof_2019_LA/ASVspoof2019_LA_train/flac/LA_T_4664105.flac,0
/data/DATASETS/ASV_Spoof_2019_LA/ASVspoof2019_LA_eval/flac/LA_E_9266777.flac,0
/data/DATASETS/ASV_Spoof_2019_LA/ASVspoof2019_LA_eval/flac/LA_E_6901139.flac,0
/data/DATASETS/ASV_Spoof_2019_LA/ASVspoof2019_LA_eval/flac/LA_E_4171099.flac,0
/data/DATASETS/ASV_Spoof_2019_LA/ASVspoof2019_LA_eval/flac/LA_E_3374432.flac,0
/data/DATASETS/ASV_Spoof_2019_LA/ASVspoof2019_LA_eval/flac/LA_E_6930116.flac,0
/data/DATASETS/ASV_Spoof_2019_LA/ASVspoof2019_LA_train/flac/LA_T_7934464.flac,0
/data/DATASETS/ASV_Spoof_2019_LA/ASVspoof2019_LA_dev/flac/LA_D_6073354.flac,0
/data/DATASETS/ASV_Spoof_2019_LA/ASVspoof2019_LA_dev/flac/LA_D_2943260.flac,0
/data/DATASETS/ASV_Spoof_2019_LA/ASVspoof2019_LA_eval/flac/LA_E_4676835.flac,0
/data/DATASETS/ASV_Spoof_2019_LA/ASVspoof2019_LA_eval/flac/LA_E_5425509.flac,0
/data/DATASETS/ASV_Spoof_2019_LA/ASVspoof2019_LA_train/flac/LA_T_6082136.flac,0
/data/DATASETS/ASV_Spoof_2019_LA/ASVspoof2019_LA_eval/flac/LA_E_1066571.flac,0
/data/DATASETS/ASV_Spoof_2019_LA/ASVspoof2019_LA_train/flac/LA_T_4987836.flac,0
/data/DATASETS/ASV_Spoof_2019_LA/ASVspoof2019_LA_train/flac/LA_T_8914289.flac,0
/data/DATASETS/ASV_Spoof_2019_LA/ASVspoof2019_LA_eval/flac/LA_E_5560801.flac,0
/data/DATASETS/ASV_Spoof_2019_LA/ASVspoof2019_LA_eval/flac/LA_E_5744054.flac,0
/data/DATASETS/ASV_Spoof_2019_LA/ASVspoof2019_LA_dev/flac/LA_D_4282724.flac,0
/data/DATASETS/ASV_Spoof_2019_LA/ASVspoof2019_LA_eval/flac/LA_E_9195169.flac,0
/data/DATASETS/ASV_Spoof_2019_LA/ASVspoof2019_LA_eval/flac/LA_E_6121531.flac,0
/data/DATASETS/ASV_Spoof_2019_LA/ASVspoof2019_LA_train/flac/LA_T_8866822.flac,0
/data/DATASETS/ASV_Spoof_2019_LA/ASVspoof2019_LA_eval/flac/LA_E_6231780.flac,0
/data/DATASETS/ASV_Spoof_2019_LA/ASVspoof2019_LA_eval/flac/LA_E_3284599.flac,0
/data/DATASETS/ASV_Spoof_2019_LA/ASVspoof2019_LA_eval/flac/LA_E_3480679.flac,0
/data/DATASETS/ASV_Spoof_2019_LA/ASVspoof2019_LA_dev/flac/LA_D_4789764.flac,0
/data/DATASETS/ASV_Spoof_2019_LA/ASVspoof2019_LA_eval/flac/LA_E_7274389.flac,0
/data/DATASETS/ASV_Spoof_2019_LA/ASVspoof2019_LA_eval/flac/LA_E_8066774.flac,0
/data/DATASETS/ASV_Spoof_2019_LA/ASVspoof2019_LA_dev/flac/LA_D_5660085.flac,0
/data/DATASETS/ASV_Spoof_2019_LA/ASVspoof2019_LA_eval/flac/LA_E_9415862.flac,0
