path,label
/data/DATASETS/WaveFake/jsut_multi_band_melgan/BASIC5000_3547_gen.wav,1
/data/DATASETS/WaveFake/jsut_parallel_wavegan/BASIC5000_1700_gen.wav,2
/data/DATASETS/WaveFake/jsut_parallel_wavegan/BASIC5000_4854_gen.wav,2
/data/DATASETS/WaveFake/jsut_multi_band_melgan/BASIC5000_1447_gen.wav,1
/data/DATASETS/WaveFake/jsut_parallel_wavegan/BASIC5000_0735_gen.wav,2
/data/DATASETS/WaveFake/jsut_multi_band_melgan/BASIC5000_2653_gen.wav,1
/data/DATASETS/WaveFake/jsut_multi_band_melgan/BASIC5000_4698_gen.wav,1
/data/DATASETS/WaveFake/jsut_parallel_wavegan/BASIC5000_2752_gen.wav,2
/data/DATASETS/WaveFake/jsut_parallel_wavegan/BASIC5000_0132_gen.wav,2
/data/DATASETS/WaveFake/jsut_parallel_wavegan/BASIC5000_0097_gen.wav,2
/data/DATASETS/WaveFake/jsut_parallel_wavegan/BASIC5000_0704_gen.wav,2
/data/DATASETS/WaveFake/jsut_parallel_wavegan/BASIC5000_1450_gen.wav,2
/data/DATASETS/WaveFake/jsut_parallel_wavegan/BASIC5000_1195_gen.wav,2
/data/DATASETS/WaveFake/jsut_parallel_wavegan/BASIC5000_2374_gen.wav,2
/data/DATASETS/WaveFake/jsut_multi_band_melgan/BASIC5000_1216_gen.wav,1
/data/DATASETS/WaveFake/jsut_multi_band_melgan/BASIC5000_4447_gen.wav,1
/data/DATASETS/WaveFake/jsut_parallel_wavegan/BASIC5000_4029_gen.wav,2
/data/DATASETS/WaveFake/jsut_multi_band_melgan/BASIC5000_0444_gen.wav,1
/data/DATASETS/WaveFake/jsut_parallel_wavegan/BASIC5000_2013_gen.wav,2
/data/DATASETS/WaveFake/jsut_multi_band_melgan/BASIC5000_0395_gen.wav,1
/data/DATASETS/WaveFake/jsut_parallel_wavegan/BASIC5000_2705_gen.wav,2
/data/DATASETS/WaveFake/jsut_multi_band_melgan/BASIC5000_2728_gen.wav,1
/data/DATASETS/WaveFake/jsut_multi_band_melgan/BASIC5000_2533_gen.wav,1
/data/DATASETS/WaveFake/jsut_multi_band_melgan/BASIC5000_4527_gen.wav,1
/data/DATASETS/WaveFake/jsut_multi_band_melgan/BASIC5000_3372_gen.wav,1
/data/DATASETS/WaveFake/jsut_parallel_wavegan/BASIC5000_4979_gen.wav,2
/data/DATASETS/WaveFake/jsut_parallel_wavegan/BASIC5000_3728_gen.wav,2
/data/DATASETS/WaveFake/jsut_parallel_wavegan/BASIC5000_1895_gen.wav,2
/data/DATASETS/WaveFake/jsut_multi_band_melgan/BASIC5000_3816_gen.wav,1
/data/DATASETS/WaveFake/jsut_multi_band_melgan/BASIC5000_4923_gen.wav,1
/data/DATASETS/WaveFake/jsut_multi_band_melgan/BASIC5000_0842_gen.wav,1
/data/DATASETS/WaveFake/jsut_multi_band_melgan/BASIC5000_4641_gen.wav,1
/data/DATASETS/WaveFake/jsut_multi_band_melgan/BASIC5000_0927_gen.wav,1
/data/DATASETS/WaveFake/jsut_multi_band_melgan/BASIC5000_0087_gen.wav,1
/data/DATASETS/WaveFake/jsut_parallel_wavegan/BASIC5000_0597_gen.wav,2
/data/DATASETS/WaveFake/jsut_multi_band_melgan/BASIC5000_0149_gen.wav,1
/data/DATASETS/WaveFake/jsut_multi_band_melgan/BASIC5000_4971_gen.wav,1
/data/DATASETS/WaveFake/jsut_parallel_wavegan/BASIC5000_2993_gen.wav,2
/data/DATASETS/WaveFake/jsut_parallel_wavegan/BASIC5000_2324_gen.wav,2
/data/DATASETS/WaveFake/jsut_multi_band_melgan/BASIC5000_4611_gen.wav,1
/data/DATASETS/WaveFake/jsut_multi_band_melgan/BASIC5000_4634_gen.wav,1
/data/DATASETS/WaveFake/jsut_multi_band_melgan/BASIC5000_2666_gen.wav,1
/data/DATASETS/WaveFake/jsut_multi_band_melgan/BASIC5000_4894_gen.wav,1
/data/DATASETS/WaveFake/jsut_parallel_wavegan/BASIC5000_4721_gen.wav,2
/data/DATASETS/WaveFake/jsut_multi_band_melgan/BASIC5000_1923_gen.wav,1
/data/DATASETS/WaveFake/jsut_parallel_wavegan/BASIC5000_1079_gen.wav,2
/data/DATASETS/WaveFake/jsut_multi_band_melgan/BASIC5000_4658_gen.wav,1
/data/DATASETS/WaveFake/jsut_parallel_wavegan/BASIC5000_2522_gen.wav,2
/data/DATASETS/WaveFake/jsut_parallel_wavegan/BASIC5000_4869_gen.wav,2
/data/DATASETS/WaveFake/jsut_multi_band_melgan/BASIC5000_2767_gen.wav,1
/data/DATASETS/WaveFake/jsut_parallel_wavegan/BASIC5000_4440_gen.wav,2
/data/DATASETS/WaveFake/jsut_parallel_wavegan/BASIC5000_2369_gen.wav,2
/data/DATASETS/WaveFake/jsut_multi_band_melgan/BASIC5000_2229_gen.wav,1
/data/DATASETS/WaveFake/jsut_parallel_wavegan/BASIC5000_0552_gen.wav,2
/data/DATASETS/WaveFake/jsut_parallel_wavegan/BASIC5000_0150_gen.wav,2
/data/DATASETS/WaveFake/jsut_multi_band_melgan/BASIC5000_2580_gen.wav,1
/data/DATASETS/WaveFake/jsut_parallel_wavegan/BASIC5000_3304_gen.wav,2
/data/DATASETS/WaveFake/jsut_parallel_wavegan/BASIC5000_1630_gen.wav,2
/data/DATASETS/WaveFake/jsut_multi_band_melgan/BASIC5000_2166_gen.wav,1
/data/DATASETS/WaveFake/jsut_parallel_wavegan/BASIC5000_1029_gen.wav,2
/data/DATASETS/WaveFake/jsut_multi_band_melgan/BASIC5000_0411_gen.wav,1
/data/DATASETS/WaveFake/jsut_multi_band_melgan/BASIC5000_2694_gen.wav,1
/data/DATASETS/WaveFake/jsut_parallel_wavegan/BASIC5000_4306_gen.wav,2
/data/DATASETS/WaveFake/jsut_parallel_wavegan/BASIC5000_3518_gen.wav,2
/data/DATASETS/WaveFake/jsut_parallel_wavegan/BASIC5000_2039_gen.wav,2
/data/DATASETS/WaveFake/jsut_parallel_wavegan/BASIC5000_4527_gen.wav,2
/data/DATASETS/WaveFake/jsut_parallel_wavegan/BASIC5000_2035_gen.wav,2
/data/DATASETS/WaveFake/jsut_multi_band_melgan/BASIC5000_3736_gen.wav,1
/data/DATASETS/WaveFake/jsut_parallel_wavegan/BASIC5000_3677_gen.wav,2
/data/DATASETS/WaveFake/jsut_parallel_wavegan/BASIC5000_4048_gen.wav,2
/data/DATASETS/WaveFake/jsut_parallel_wavegan/BASIC5000_4275_gen.wav,2
/data/DATASETS/WaveFake/jsut_parallel_wavegan/BASIC5000_3987_gen.wav,2
/data/DATASETS/WaveFake/jsut_multi_band_melgan/BASIC5000_0271_gen.wav,1
/data/DATASETS/WaveFake/jsut_multi_band_melgan/BASIC5000_0425_gen.wav,1
/data/DATASETS/WaveFake/jsut_multi_band_melgan/BASIC5000_2105_gen.wav,1
/data/DATASETS/WaveFake/jsut_parallel_wavegan/BASIC5000_5000_gen.wav,2
/data/DATASETS/WaveFake/jsut_multi_band_melgan/BASIC5000_2050_gen.wav,1
/data/DATASETS/WaveFake/jsut_parallel_wavegan/BASIC5000_1863_gen.wav,2
/data/DATASETS/WaveFake/jsut_parallel_wavegan/BASIC5000_2307_gen.wav,2
/data/DATASETS/WaveFake/jsut_multi_band_melgan/BASIC5000_1487_gen.wav,1
/data/DATASETS/WaveFake/jsut_parallel_wavegan/BASIC5000_4487_gen.wav,2
/data/DATASETS/WaveFake/jsut_parallel_wavegan/BASIC5000_1454_gen.wav,2
/data/DATASETS/WaveFake/jsut_multi_band_melgan/BASIC5000_1835_gen.wav,1
/data/DATASETS/WaveFake/jsut_multi_band_melgan/BASIC5000_4884_gen.wav,1
/data/DATASETS/WaveFake/jsut_multi_band_melgan/BASIC5000_3166_gen.wav,1
/data/DATASETS/WaveFake/jsut_parallel_wavegan/BASIC5000_4767_gen.wav,2
/data/DATASETS/WaveFake/jsut_multi_band_melgan/BASIC5000_2829_gen.wav,1
/data/DATASETS/WaveFake/jsut_multi_band_melgan/BASIC5000_3334_gen.wav,1
/data/DATASETS/WaveFake/jsut_parallel_wavegan/BASIC5000_4289_gen.wav,2
/data/DATASETS/WaveFake/jsut_parallel_wavegan/BASIC5000_1883_gen.wav,2
/data/DATASETS/WaveFake/jsut_multi_band_melgan/BASIC5000_2686_gen.wav,1
/data/DATASETS/WaveFake/jsut_parallel_wavegan/BASIC5000_2246_gen.wav,2
/data/DATASETS/WaveFake/jsut_multi_band_melgan/BASIC5000_2784_gen.wav,1
/data/DATASETS/WaveFake/jsut_parallel_wavegan/BASIC5000_0973_gen.wav,2
/data/DATASETS/WaveFake/jsut_multi_band_melgan/BASIC5000_2242_gen.wav,1
/data/DATASETS/WaveFake/jsut_multi_band_melgan/BASIC5000_0621_gen.wav,1
/data/DATASETS/WaveFake/jsut_multi_band_melgan/BASIC5000_4227_gen.wav,1
/data/DATASETS/WaveFake/jsut_multi_band_melgan/BASIC5000_0281_gen.wav,1
/data/DATASETS/WaveFake/jsut_parallel_wavegan/BASIC5000_4852_gen.wav,2
/data/DATASETS/WaveFake/jsut_multi_band_melgan/BASIC5000_3913_gen.wav,1
/data/DATASETS/WaveFake/jsut_parallel_wavegan/BASIC5000_1207_gen.wav,2
/data/DATASETS/WaveFake/jsut_parallel_wavegan/BASIC5000_3282_gen.wav,2
/data/DATASETS/WaveFake/jsut_multi_band_melgan/BASIC5000_3343_gen.wav,1
/data/DATASETS/WaveFake/jsut_multi_band_melgan/BASIC5000_2855_gen.wav,1
/data/DATASETS/WaveFake/jsut_multi_band_melgan/BASIC5000_4061_gen.wav,1
/data/DATASETS/WaveFake/jsut_multi_band_melgan/BASIC5000_2723_gen.wav,1
/data/DATASETS/WaveFake/jsut_parallel_wavegan/BASIC5000_4047_gen.wav,2
/data/DATASETS/WaveFake/jsut_parallel_wavegan/BASIC5000_0643_gen.wav,2
/data/DATASETS/WaveFake/jsut_multi_band_melgan/BASIC5000_4119_gen.wav,1
/data/DATASETS/WaveFake/jsut_multi_band_melgan/BASIC5000_3027_gen.wav,1
/data/DATASETS/WaveFake/jsut_parallel_wavegan/BASIC5000_4214_gen.wav,2
/data/DATASETS/WaveFake/jsut_multi_band_melgan/BASIC5000_1513_gen.wav,1
/data/DATASETS/WaveFake/jsut_multi_band_melgan/BASIC5000_0544_gen.wav,1
/data/DATASETS/WaveFake/jsut_multi_band_melgan/BASIC5000_4248_gen.wav,1
/data/DATASETS/WaveFake/jsut_parallel_wavegan/BASIC5000_0219_gen.wav,2
/data/DATASETS/WaveFake/jsut_parallel_wavegan/BASIC5000_0019_gen.wav,2
/data/DATASETS/WaveFake/jsut_multi_band_melgan/BASIC5000_3161_gen.wav,1
/data/DATASETS/WaveFake/jsut_multi_band_melgan/BASIC5000_3025_gen.wav,1
/data/DATASETS/WaveFake/jsut_multi_band_melgan/BASIC5000_3832_gen.wav,1
/data/DATASETS/WaveFake/jsut_multi_band_melgan/BASIC5000_3416_gen.wav,1
/data/DATASETS/WaveFake/jsut_multi_band_melgan/BASIC5000_4415_gen.wav,1
/data/DATASETS/WaveFake/jsut_parallel_wavegan/BASIC5000_1173_gen.wav,2
/data/DATASETS/WaveFake/jsut_multi_band_melgan/BASIC5000_4011_gen.wav,1
/data/DATASETS/WaveFake/jsut_multi_band_melgan/BASIC5000_3246_gen.wav,1
/data/DATASETS/WaveFake/jsut_parallel_wavegan/BASIC5000_1025_gen.wav,2
/data/DATASETS/WaveFake/jsut_multi_band_melgan/BASIC5000_2949_gen.wav,1
/data/DATASETS/WaveFake/jsut_parallel_wavegan/BASIC5000_0734_gen.wav,2
/data/DATASETS/WaveFake/jsut_parallel_wavegan/BASIC5000_4606_gen.wav,2
/data/DATASETS/WaveFake/jsut_parallel_wavegan/BASIC5000_0155_gen.wav,2
/data/DATASETS/WaveFake/jsut_parallel_wavegan/BASIC5000_2699_gen.wav,2
/data/DATASETS/WaveFake/jsut_parallel_wavegan/BASIC5000_1915_gen.wav,2
/data/DATASETS/WaveFake/jsut_parallel_wavegan/BASIC5000_0875_gen.wav,2
/data/DATASETS/WaveFake/jsut_multi_band_melgan/BASIC5000_1109_gen.wav,1
/data/DATASETS/WaveFake/jsut_multi_band_melgan/BASIC5000_4417_gen.wav,1
/data/DATASETS/WaveFake/jsut_parallel_wavegan/BASIC5000_0923_gen.wav,2
/data/DATASETS/WaveFake/jsut_parallel_wavegan/BASIC5000_2892_gen.wav,2
/data/DATASETS/WaveFake/jsut_multi_band_melgan/BASIC5000_1956_gen.wav,1
/data/DATASETS/WaveFake/jsut_parallel_wavegan/BASIC5000_3916_gen.wav,2
/data/DATASETS/WaveFake/jsut_parallel_wavegan/BASIC5000_2271_gen.wav,2
/data/DATASETS/WaveFake/jsut_parallel_wavegan/BASIC5000_3019_gen.wav,2
/data/DATASETS/WaveFake/jsut_parallel_wavegan/BASIC5000_2054_gen.wav,2
/data/DATASETS/WaveFake/jsut_parallel_wavegan/BASIC5000_4799_gen.wav,2
/data/DATASETS/WaveFake/jsut_parallel_wavegan/BASIC5000_3488_gen.wav,2
/data/DATASETS/WaveFake/jsut_multi_band_melgan/BASIC5000_2431_gen.wav,1
/data/DATASETS/WaveFake/jsut_parallel_wavegan/BASIC5000_4569_gen.wav,2
/data/DATASETS/WaveFake/jsut_multi_band_melgan/BASIC5000_0611_gen.wav,1
/data/DATASETS/WaveFake/jsut_parallel_wavegan/BASIC5000_1672_gen.wav,2
/data/DATASETS/WaveFake/jsut_multi_band_melgan/BASIC5000_4044_gen.wav,1
/data/DATASETS/WaveFake/jsut_parallel_wavegan/BASIC5000_1695_gen.wav,2
/data/DATASETS/WaveFake/jsut_parallel_wavegan/BASIC5000_3240_gen.wav,2
/data/DATASETS/WaveFake/jsut_parallel_wavegan/BASIC5000_1446_gen.wav,2
/data/DATASETS/WaveFake/jsut_parallel_wavegan/BASIC5000_1239_gen.wav,2
/data/DATASETS/WaveFake/jsut_parallel_wavegan/BASIC5000_2622_gen.wav,2
/data/DATASETS/WaveFake/jsut_multi_band_melgan/BASIC5000_4769_gen.wav,1
/data/DATASETS/WaveFake/jsut_parallel_wavegan/BASIC5000_3833_gen.wav,2
/data/DATASETS/WaveFake/jsut_multi_band_melgan/BASIC5000_2924_gen.wav,1
/data/DATASETS/WaveFake/jsut_parallel_wavegan/BASIC5000_4022_gen.wav,2
/data/DATASETS/WaveFake/jsut_parallel_wavegan/BASIC5000_1524_gen.wav,2
/data/DATASETS/WaveFake/jsut_parallel_wavegan/BASIC5000_1137_gen.wav,2
/data/DATASETS/WaveFake/jsut_multi_band_melgan/BASIC5000_0071_gen.wav,1
/data/DATASETS/WaveFake/jsut_parallel_wavegan/BASIC5000_3915_gen.wav,2
/data/DATASETS/WaveFake/jsut_parallel_wavegan/BASIC5000_3999_gen.wav,2
/data/DATASETS/WaveFake/jsut_parallel_wavegan/BASIC5000_1382_gen.wav,2
/data/DATASETS/WaveFake/jsut_multi_band_melgan/BASIC5000_3035_gen.wav,1
/data/DATASETS/WaveFake/jsut_parallel_wavegan/BASIC5000_2532_gen.wav,2
/data/DATASETS/WaveFake/jsut_parallel_wavegan/BASIC5000_1523_gen.wav,2
/data/DATASETS/WaveFake/jsut_parallel_wavegan/BASIC5000_3851_gen.wav,2
/data/DATASETS/WaveFake/jsut_multi_band_melgan/BASIC5000_3999_gen.wav,1
/data/DATASETS/WaveFake/jsut_multi_band_melgan/BASIC5000_4266_gen.wav,1
/data/DATASETS/WaveFake/jsut_parallel_wavegan/BASIC5000_0566_gen.wav,2
/data/DATASETS/WaveFake/jsut_multi_band_melgan/BASIC5000_4635_gen.wav,1
/data/DATASETS/WaveFake/jsut_parallel_wavegan/BASIC5000_3399_gen.wav,2
/data/DATASETS/WaveFake/jsut_parallel_wavegan/BASIC5000_3513_gen.wav,2
/data/DATASETS/WaveFake/jsut_multi_band_melgan/BASIC5000_0574_gen.wav,1
/data/DATASETS/WaveFake/jsut_multi_band_melgan/BASIC5000_1902_gen.wav,1
/data/DATASETS/WaveFake/jsut_parallel_wavegan/BASIC5000_3071_gen.wav,2
/data/DATASETS/WaveFake/jsut_parallel_wavegan/BASIC5000_3958_gen.wav,2
/data/DATASETS/WaveFake/jsut_multi_band_melgan/BASIC5000_3518_gen.wav,1
/data/DATASETS/WaveFake/jsut_multi_band_melgan/BASIC5000_3720_gen.wav,1
/data/DATASETS/WaveFake/jsut_multi_band_melgan/BASIC5000_1793_gen.wav,1
/data/DATASETS/WaveFake/jsut_parallel_wavegan/BASIC5000_4706_gen.wav,2
/data/DATASETS/WaveFake/jsut_parallel_wavegan/BASIC5000_0898_gen.wav,2
/data/DATASETS/WaveFake/jsut_parallel_wavegan/BASIC5000_1248_gen.wav,2
/data/DATASETS/WaveFake/jsut_parallel_wavegan/BASIC5000_0078_gen.wav,2
/data/DATASETS/WaveFake/jsut_multi_band_melgan/BASIC5000_2260_gen.wav,1
/data/DATASETS/WaveFake/jsut_multi_band_melgan/BASIC5000_4076_gen.wav,1
/data/DATASETS/WaveFake/jsut_parallel_wavegan/BASIC5000_0948_gen.wav,2
/data/DATASETS/WaveFake/jsut_parallel_wavegan/BASIC5000_0732_gen.wav,2
/data/DATASETS/WaveFake/jsut_multi_band_melgan/BASIC5000_3604_gen.wav,1
/data/DATASETS/WaveFake/jsut_parallel_wavegan/BASIC5000_0512_gen.wav,2
/data/DATASETS/WaveFake/jsut_multi_band_melgan/BASIC5000_2140_gen.wav,1
/data/DATASETS/WaveFake/jsut_parallel_wavegan/BASIC5000_1671_gen.wav,2
/data/DATASETS/WaveFake/jsut_parallel_wavegan/BASIC5000_1048_gen.wav,2
/data/DATASETS/WaveFake/jsut_multi_band_melgan/BASIC5000_4689_gen.wav,1
/data/DATASETS/WaveFake/jsut_multi_band_melgan/BASIC5000_3454_gen.wav,1
/data/DATASETS/WaveFake/jsut_multi_band_melgan/BASIC5000_2287_gen.wav,1
/data/DATASETS/WaveFake/jsut_multi_band_melgan/BASIC5000_3257_gen.wav,1
/data/DATASETS/WaveFake/jsut_multi_band_melgan/BASIC5000_0811_gen.wav,1
/data/DATASETS/WaveFake/jsut_multi_band_melgan/BASIC5000_0294_gen.wav,1
/data/DATASETS/WaveFake/jsut_parallel_wavegan/BASIC5000_0511_gen.wav,2
/data/DATASETS/WaveFake/jsut_parallel_wavegan/BASIC5000_3724_gen.wav,2
/data/DATASETS/WaveFake/jsut_parallel_wavegan/BASIC5000_1825_gen.wav,2
/data/DATASETS/WaveFake/jsut_multi_band_melgan/BASIC5000_2078_gen.wav,1
/data/DATASETS/WaveFake/jsut_multi_band_melgan/BASIC5000_3469_gen.wav,1
/data/DATASETS/WaveFake/jsut_parallel_wavegan/BASIC5000_1745_gen.wav,2
/data/DATASETS/WaveFake/jsut_multi_band_melgan/BASIC5000_4972_gen.wav,1
/data/DATASETS/WaveFake/jsut_parallel_wavegan/BASIC5000_0020_gen.wav,2
/data/DATASETS/WaveFake/jsut_multi_band_melgan/BASIC5000_2572_gen.wav,1
/data/DATASETS/WaveFake/jsut_parallel_wavegan/BASIC5000_1031_gen.wav,2
/data/DATASETS/WaveFake/jsut_parallel_wavegan/BASIC5000_2981_gen.wav,2
/data/DATASETS/WaveFake/jsut_multi_band_melgan/BASIC5000_1235_gen.wav,1
/data/DATASETS/WaveFake/jsut_parallel_wavegan/BASIC5000_1445_gen.wav,2
/data/DATASETS/WaveFake/jsut_multi_band_melgan/BASIC5000_0198_gen.wav,1
/data/DATASETS/WaveFake/jsut_parallel_wavegan/BASIC5000_4567_gen.wav,2
/data/DATASETS/WaveFake/jsut_multi_band_melgan/BASIC5000_0734_gen.wav,1
/data/DATASETS/WaveFake/jsut_multi_band_melgan/BASIC5000_0089_gen.wav,1
/data/DATASETS/WaveFake/jsut_multi_band_melgan/BASIC5000_2222_gen.wav,1
/data/DATASETS/WaveFake/jsut_parallel_wavegan/BASIC5000_1916_gen.wav,2
/data/DATASETS/WaveFake/jsut_parallel_wavegan/BASIC5000_0563_gen.wav,2
/data/DATASETS/WaveFake/jsut_multi_band_melgan/BASIC5000_3252_gen.wav,1
/data/DATASETS/WaveFake/jsut_parallel_wavegan/BASIC5000_4696_gen.wav,2
/data/DATASETS/WaveFake/jsut_multi_band_melgan/BASIC5000_0096_gen.wav,1
/data/DATASETS/WaveFake/jsut_parallel_wavegan/BASIC5000_0613_gen.wav,2
/data/DATASETS/WaveFake/jsut_parallel_wavegan/BASIC5000_2270_gen.wav,2
/data/DATASETS/WaveFake/jsut_multi_band_melgan/BASIC5000_4691_gen.wav,1
/data/DATASETS/WaveFake/jsut_multi_band_melgan/BASIC5000_2915_gen.wav,1
/data/DATASETS/WaveFake/jsut_multi_band_melgan/BASIC5000_1488_gen.wav,1
/data/DATASETS/WaveFake/jsut_multi_band_melgan/BASIC5000_1598_gen.wav,1
/data/DATASETS/WaveFake/jsut_multi_band_melgan/BASIC5000_4418_gen.wav,1
/data/DATASETS/WaveFake/jsut_multi_band_melgan/BASIC5000_0237_gen.wav,1
/data/DATASETS/WaveFake/jsut_multi_band_melgan/BASIC5000_1584_gen.wav,1
/data/DATASETS/WaveFake/jsut_parallel_wavegan/BASIC5000_2796_gen.wav,2
/data/DATASETS/WaveFake/jsut_parallel_wavegan/BASIC5000_0326_gen.wav,2
/data/DATASETS/WaveFake/jsut_multi_band_melgan/BASIC5000_1593_gen.wav,1
/data/DATASETS/WaveFake/jsut_parallel_wavegan/BASIC5000_2334_gen.wav,2
/data/DATASETS/WaveFake/jsut_parallel_wavegan/BASIC5000_2090_gen.wav,2
/data/DATASETS/WaveFake/jsut_multi_band_melgan/BASIC5000_4676_gen.wav,1
/data/DATASETS/WaveFake/jsut_multi_band_melgan/BASIC5000_2054_gen.wav,1
/data/DATASETS/WaveFake/jsut_parallel_wavegan/BASIC5000_4542_gen.wav,2
/data/DATASETS/WaveFake/jsut_parallel_wavegan/BASIC5000_3469_gen.wav,2
/data/DATASETS/WaveFake/jsut_multi_band_melgan/BASIC5000_1555_gen.wav,1
/data/DATASETS/WaveFake/jsut_parallel_wavegan/BASIC5000_4326_gen.wav,2
/data/DATASETS/WaveFake/jsut_parallel_wavegan/BASIC5000_4833_gen.wav,2
/data/DATASETS/WaveFake/jsut_parallel_wavegan/BASIC5000_0473_gen.wav,2
/data/DATASETS/WaveFake/jsut_multi_band_melgan/BASIC5000_3772_gen.wav,1
/data/DATASETS/WaveFake/jsut_multi_band_melgan/BASIC5000_2939_gen.wav,1
/data/DATASETS/WaveFake/jsut_multi_band_melgan/BASIC5000_4719_gen.wav,1
/data/DATASETS/WaveFake/jsut_parallel_wavegan/BASIC5000_0587_gen.wav,2
/data/DATASETS/WaveFake/jsut_parallel_wavegan/BASIC5000_0688_gen.wav,2
/data/DATASETS/WaveFake/jsut_parallel_wavegan/BASIC5000_4195_gen.wav,2
/data/DATASETS/WaveFake/jsut_parallel_wavegan/BASIC5000_0945_gen.wav,2
/data/DATASETS/WaveFake/jsut_parallel_wavegan/BASIC5000_2295_gen.wav,2
/data/DATASETS/WaveFake/jsut_multi_band_melgan/BASIC5000_0919_gen.wav,1
/data/DATASETS/WaveFake/jsut_parallel_wavegan/BASIC5000_4144_gen.wav,2
/data/DATASETS/WaveFake/jsut_multi_band_melgan/BASIC5000_1094_gen.wav,1
/data/DATASETS/WaveFake/jsut_multi_band_melgan/BASIC5000_2217_gen.wav,1
/data/DATASETS/WaveFake/jsut_parallel_wavegan/BASIC5000_3440_gen.wav,2
/data/DATASETS/WaveFake/jsut_multi_band_melgan/BASIC5000_4814_gen.wav,1
/data/DATASETS/WaveFake/jsut_parallel_wavegan/BASIC5000_3910_gen.wav,2
/data/DATASETS/WaveFake/jsut_parallel_wavegan/BASIC5000_3190_gen.wav,2
/data/DATASETS/WaveFake/jsut_multi_band_melgan/BASIC5000_1397_gen.wav,1
/data/DATASETS/WaveFake/jsut_parallel_wavegan/BASIC5000_0576_gen.wav,2
/data/DATASETS/WaveFake/jsut_parallel_wavegan/BASIC5000_2952_gen.wav,2
/data/DATASETS/WaveFake/jsut_multi_band_melgan/BASIC5000_1894_gen.wav,1
/data/DATASETS/WaveFake/jsut_parallel_wavegan/BASIC5000_1098_gen.wav,2
/data/DATASETS/WaveFake/jsut_multi_band_melgan/BASIC5000_1832_gen.wav,1
/data/DATASETS/WaveFake/jsut_parallel_wavegan/BASIC5000_4300_gen.wav,2
/data/DATASETS/WaveFake/jsut_parallel_wavegan/BASIC5000_1535_gen.wav,2
/data/DATASETS/WaveFake/jsut_multi_band_melgan/BASIC5000_2364_gen.wav,1
/data/DATASETS/WaveFake/jsut_multi_band_melgan/BASIC5000_3866_gen.wav,1
/data/DATASETS/WaveFake/jsut_parallel_wavegan/BASIC5000_0310_gen.wav,2
/data/DATASETS/WaveFake/jsut_parallel_wavegan/BASIC5000_0818_gen.wav,2
/data/DATASETS/WaveFake/jsut_parallel_wavegan/BASIC5000_4079_gen.wav,2
/data/DATASETS/WaveFake/jsut_multi_band_melgan/BASIC5000_3485_gen.wav,1
/data/DATASETS/WaveFake/jsut_parallel_wavegan/BASIC5000_1243_gen.wav,2
/data/DATASETS/WaveFake/jsut_multi_band_melgan/BASIC5000_0718_gen.wav,1
/data/DATASETS/WaveFake/jsut_parallel_wavegan/BASIC5000_0400_gen.wav,2
/data/DATASETS/WaveFake/jsut_multi_band_melgan/BASIC5000_2237_gen.wav,1
/data/DATASETS/WaveFake/jsut_multi_band_melgan/BASIC5000_0437_gen.wav,1
/data/DATASETS/WaveFake/jsut_multi_band_melgan/BASIC5000_1349_gen.wav,1
/data/DATASETS/WaveFake/jsut_multi_band_melgan/BASIC5000_4623_gen.wav,1
/data/DATASETS/WaveFake/jsut_parallel_wavegan/BASIC5000_1636_gen.wav,2
/data/DATASETS/WaveFake/jsut_multi_band_melgan/BASIC5000_0639_gen.wav,1
/data/DATASETS/WaveFake/jsut_multi_band_melgan/BASIC5000_2676_gen.wav,1
/data/DATASETS/WaveFake/jsut_parallel_wavegan/BASIC5000_3584_gen.wav,2
/data/DATASETS/WaveFake/jsut_multi_band_melgan/BASIC5000_3677_gen.wav,1
/data/DATASETS/WaveFake/jsut_multi_band_melgan/BASIC5000_2840_gen.wav,1
/data/DATASETS/WaveFake/jsut_multi_band_melgan/BASIC5000_2506_gen.wav,1
/data/DATASETS/WaveFake/jsut_parallel_wavegan/BASIC5000_1414_gen.wav,2
/data/DATASETS/WaveFake/jsut_parallel_wavegan/BASIC5000_1618_gen.wav,2
/data/DATASETS/WaveFake/jsut_multi_band_melgan/BASIC5000_2719_gen.wav,1
/data/DATASETS/WaveFake/jsut_multi_band_melgan/BASIC5000_3785_gen.wav,1
/data/DATASETS/WaveFake/jsut_multi_band_melgan/BASIC5000_4846_gen.wav,1
/data/DATASETS/WaveFake/jsut_parallel_wavegan/BASIC5000_1381_gen.wav,2
/data/DATASETS/WaveFake/jsut_parallel_wavegan/BASIC5000_0126_gen.wav,2
/data/DATASETS/WaveFake/jsut_multi_band_melgan/BASIC5000_1937_gen.wav,1
/data/DATASETS/WaveFake/jsut_multi_band_melgan/BASIC5000_1836_gen.wav,1
/data/DATASETS/WaveFake/jsut_multi_band_melgan/BASIC5000_1795_gen.wav,1
/data/DATASETS/WaveFake/jsut_parallel_wavegan/BASIC5000_4775_gen.wav,2
/data/DATASETS/WaveFake/jsut_parallel_wavegan/BASIC5000_4736_gen.wav,2
/data/DATASETS/WaveFake/jsut_multi_band_melgan/BASIC5000_0952_gen.wav,1
/data/DATASETS/WaveFake/jsut_parallel_wavegan/BASIC5000_4626_gen.wav,2
/data/DATASETS/WaveFake/jsut_parallel_wavegan/BASIC5000_2810_gen.wav,2
/data/DATASETS/WaveFake/jsut_multi_band_melgan/BASIC5000_3323_gen.wav,1
/data/DATASETS/WaveFake/jsut_parallel_wavegan/BASIC5000_4894_gen.wav,2
/data/DATASETS/WaveFake/jsut_multi_band_melgan/BASIC5000_4692_gen.wav,1
/data/DATASETS/WaveFake/jsut_parallel_wavegan/BASIC5000_2272_gen.wav,2
/data/DATASETS/WaveFake/jsut_parallel_wavegan/BASIC5000_1996_gen.wav,2
/data/DATASETS/WaveFake/jsut_parallel_wavegan/BASIC5000_0695_gen.wav,2
/data/DATASETS/WaveFake/jsut_multi_band_melgan/BASIC5000_2482_gen.wav,1
/data/DATASETS/WaveFake/jsut_multi_band_melgan/BASIC5000_3666_gen.wav,1
/data/DATASETS/WaveFake/jsut_parallel_wavegan/BASIC5000_3879_gen.wav,2
/data/DATASETS/WaveFake/jsut_multi_band_melgan/BASIC5000_3661_gen.wav,1
/data/DATASETS/WaveFake/jsut_multi_band_melgan/BASIC5000_0132_gen.wav,1
/data/DATASETS/WaveFake/jsut_parallel_wavegan/BASIC5000_1843_gen.wav,2
/data/DATASETS/WaveFake/jsut_multi_band_melgan/BASIC5000_0729_gen.wav,1
/data/DATASETS/WaveFake/jsut_parallel_wavegan/BASIC5000_2208_gen.wav,2
/data/DATASETS/WaveFake/jsut_multi_band_melgan/BASIC5000_2327_gen.wav,1
/data/DATASETS/WaveFake/jsut_multi_band_melgan/BASIC5000_3589_gen.wav,1
/data/DATASETS/WaveFake/jsut_multi_band_melgan/BASIC5000_0200_gen.wav,1
/data/DATASETS/WaveFake/jsut_parallel_wavegan/BASIC5000_2419_gen.wav,2
/data/DATASETS/WaveFake/jsut_parallel_wavegan/BASIC5000_1449_gen.wav,2
/data/DATASETS/WaveFake/jsut_parallel_wavegan/BASIC5000_3177_gen.wav,2
/data/DATASETS/WaveFake/jsut_multi_band_melgan/BASIC5000_2067_gen.wav,1
/data/DATASETS/WaveFake/jsut_multi_band_melgan/BASIC5000_2064_gen.wav,1
/data/DATASETS/WaveFake/jsut_multi_band_melgan/BASIC5000_4631_gen.wav,1
/data/DATASETS/WaveFake/jsut_parallel_wavegan/BASIC5000_2659_gen.wav,2
/data/DATASETS/WaveFake/jsut_multi_band_melgan/BASIC5000_4737_gen.wav,1
/data/DATASETS/WaveFake/jsut_parallel_wavegan/BASIC5000_0348_gen.wav,2
/data/DATASETS/WaveFake/jsut_multi_band_melgan/BASIC5000_1896_gen.wav,1
/data/DATASETS/WaveFake/jsut_multi_band_melgan/BASIC5000_2521_gen.wav,1
/data/DATASETS/WaveFake/jsut_multi_band_melgan/BASIC5000_2879_gen.wav,1
/data/DATASETS/WaveFake/jsut_multi_band_melgan/BASIC5000_4478_gen.wav,1
/data/DATASETS/WaveFake/jsut_multi_band_melgan/BASIC5000_1553_gen.wav,1
/data/DATASETS/WaveFake/jsut_parallel_wavegan/BASIC5000_1491_gen.wav,2
/data/DATASETS/WaveFake/jsut_multi_band_melgan/BASIC5000_0265_gen.wav,1
/data/DATASETS/WaveFake/jsut_parallel_wavegan/BASIC5000_1893_gen.wav,2
/data/DATASETS/WaveFake/jsut_parallel_wavegan/BASIC5000_2475_gen.wav,2
/data/DATASETS/WaveFake/jsut_multi_band_melgan/BASIC5000_0748_gen.wav,1
/data/DATASETS/WaveFake/jsut_multi_band_melgan/BASIC5000_3885_gen.wav,1
/data/DATASETS/WaveFake/jsut_multi_band_melgan/BASIC5000_1069_gen.wav,1
/data/DATASETS/WaveFake/jsut_parallel_wavegan/BASIC5000_0802_gen.wav,2
/data/DATASETS/WaveFake/jsut_parallel_wavegan/BASIC5000_4467_gen.wav,2
/data/DATASETS/WaveFake/jsut_parallel_wavegan/BASIC5000_2501_gen.wav,2
/data/DATASETS/WaveFake/jsut_multi_band_melgan/BASIC5000_4775_gen.wav,1
/data/DATASETS/WaveFake/jsut_multi_band_melgan/BASIC5000_1333_gen.wav,1
/data/DATASETS/WaveFake/jsut_parallel_wavegan/BASIC5000_1696_gen.wav,2
/data/DATASETS/WaveFake/jsut_multi_band_melgan/BASIC5000_3411_gen.wav,1
/data/DATASETS/WaveFake/jsut_parallel_wavegan/BASIC5000_1246_gen.wav,2
/data/DATASETS/WaveFake/jsut_multi_band_melgan/BASIC5000_2620_gen.wav,1
/data/DATASETS/WaveFake/jsut_multi_band_melgan/BASIC5000_3702_gen.wav,1
/data/DATASETS/WaveFake/jsut_parallel_wavegan/BASIC5000_3452_gen.wav,2
/data/DATASETS/WaveFake/jsut_multi_band_melgan/BASIC5000_2314_gen.wav,1
/data/DATASETS/WaveFake/jsut_parallel_wavegan/BASIC5000_4764_gen.wav,2
/data/DATASETS/WaveFake/jsut_parallel_wavegan/BASIC5000_1815_gen.wav,2
/data/DATASETS/WaveFake/jsut_parallel_wavegan/BASIC5000_0148_gen.wav,2
/data/DATASETS/WaveFake/jsut_multi_band_melgan/BASIC5000_0473_gen.wav,1
/data/DATASETS/WaveFake/jsut_multi_band_melgan/BASIC5000_4823_gen.wav,1
/data/DATASETS/WaveFake/jsut_parallel_wavegan/BASIC5000_4534_gen.wav,2
/data/DATASETS/WaveFake/jsut_parallel_wavegan/BASIC5000_3738_gen.wav,2
/data/DATASETS/WaveFake/jsut_multi_band_melgan/BASIC5000_1690_gen.wav,1
/data/DATASETS/WaveFake/jsut_multi_band_melgan/BASIC5000_1329_gen.wav,1
/data/DATASETS/WaveFake/jsut_multi_band_melgan/BASIC5000_0179_gen.wav,1
/data/DATASETS/WaveFake/jsut_parallel_wavegan/BASIC5000_0170_gen.wav,2
/data/DATASETS/WaveFake/jsut_parallel_wavegan/BASIC5000_1101_gen.wav,2
/data/DATASETS/WaveFake/jsut_parallel_wavegan/BASIC5000_3748_gen.wav,2
/data/DATASETS/WaveFake/jsut_parallel_wavegan/BASIC5000_1743_gen.wav,2
/data/DATASETS/WaveFake/jsut_parallel_wavegan/BASIC5000_1909_gen.wav,2
/data/DATASETS/WaveFake/jsut_multi_band_melgan/BASIC5000_4000_gen.wav,1
/data/DATASETS/WaveFake/jsut_multi_band_melgan/BASIC5000_1209_gen.wav,1
/data/DATASETS/WaveFake/jsut_parallel_wavegan/BASIC5000_3185_gen.wav,2
/data/DATASETS/WaveFake/jsut_parallel_wavegan/BASIC5000_4188_gen.wav,2
/data/DATASETS/WaveFake/jsut_multi_band_melgan/BASIC5000_2317_gen.wav,1
/data/DATASETS/WaveFake/jsut_multi_band_melgan/BASIC5000_0825_gen.wav,1
/data/DATASETS/WaveFake/jsut_multi_band_melgan/BASIC5000_1862_gen.wav,1
/data/DATASETS/WaveFake/jsut_parallel_wavegan/BASIC5000_0963_gen.wav,2
/data/DATASETS/WaveFake/jsut_parallel_wavegan/BASIC5000_1673_gen.wav,2
/data/DATASETS/WaveFake/jsut_multi_band_melgan/BASIC5000_3532_gen.wav,1
/data/DATASETS/WaveFake/jsut_multi_band_melgan/BASIC5000_3240_gen.wav,1
/data/DATASETS/WaveFake/jsut_multi_band_melgan/BASIC5000_4633_gen.wav,1
/data/DATASETS/WaveFake/jsut_parallel_wavegan/BASIC5000_0406_gen.wav,2
/data/DATASETS/WaveFake/jsut_parallel_wavegan/BASIC5000_3830_gen.wav,2
/data/DATASETS/WaveFake/jsut_multi_band_melgan/BASIC5000_4587_gen.wav,1
/data/DATASETS/WaveFake/jsut_parallel_wavegan/BASIC5000_1062_gen.wav,2
/data/DATASETS/WaveFake/jsut_multi_band_melgan/BASIC5000_2336_gen.wav,1
/data/DATASETS/WaveFake/jsut_parallel_wavegan/BASIC5000_4227_gen.wav,2
/data/DATASETS/WaveFake/jsut_parallel_wavegan/BASIC5000_4147_gen.wav,2
/data/DATASETS/WaveFake/jsut_parallel_wavegan/BASIC5000_1121_gen.wav,2
/data/DATASETS/WaveFake/jsut_parallel_wavegan/BASIC5000_3659_gen.wav,2
/data/DATASETS/WaveFake/jsut_parallel_wavegan/BASIC5000_1652_gen.wav,2
/data/DATASETS/WaveFake/jsut_parallel_wavegan/BASIC5000_1755_gen.wav,2
/data/DATASETS/WaveFake/jsut_multi_band_melgan/BASIC5000_1005_gen.wav,1
/data/DATASETS/WaveFake/jsut_parallel_wavegan/BASIC5000_0160_gen.wav,2
/data/DATASETS/WaveFake/jsut_multi_band_melgan/BASIC5000_4883_gen.wav,1
/data/DATASETS/WaveFake/jsut_multi_band_melgan/BASIC5000_2415_gen.wav,1
/data/DATASETS/WaveFake/jsut_multi_band_melgan/BASIC5000_3754_gen.wav,1
/data/DATASETS/WaveFake/jsut_parallel_wavegan/BASIC5000_2390_gen.wav,2
/data/DATASETS/WaveFake/jsut_parallel_wavegan/BASIC5000_0161_gen.wav,2
/data/DATASETS/WaveFake/jsut_parallel_wavegan/BASIC5000_2567_gen.wav,2
/data/DATASETS/WaveFake/jsut_multi_band_melgan/BASIC5000_1173_gen.wav,1
/data/DATASETS/WaveFake/jsut_multi_band_melgan/BASIC5000_2867_gen.wav,1
/data/DATASETS/WaveFake/jsut_parallel_wavegan/BASIC5000_1226_gen.wav,2
/data/DATASETS/WaveFake/jsut_parallel_wavegan/BASIC5000_2237_gen.wav,2
/data/DATASETS/WaveFake/jsut_multi_band_melgan/BASIC5000_1303_gen.wav,1
/data/DATASETS/WaveFake/jsut_multi_band_melgan/BASIC5000_0001_gen.wav,1
/data/DATASETS/WaveFake/jsut_parallel_wavegan/BASIC5000_1722_gen.wav,2
/data/DATASETS/WaveFake/jsut_multi_band_melgan/BASIC5000_4849_gen.wav,1
/data/DATASETS/WaveFake/jsut_multi_band_melgan/BASIC5000_2426_gen.wav,1
/data/DATASETS/WaveFake/jsut_multi_band_melgan/BASIC5000_1018_gen.wav,1
/data/DATASETS/WaveFake/jsut_parallel_wavegan/BASIC5000_4296_gen.wav,2
/data/DATASETS/WaveFake/jsut_multi_band_melgan/BASIC5000_3261_gen.wav,1
/data/DATASETS/WaveFake/jsut_parallel_wavegan/BASIC5000_4424_gen.wav,2
/data/DATASETS/WaveFake/jsut_parallel_wavegan/BASIC5000_0550_gen.wav,2
/data/DATASETS/WaveFake/jsut_multi_band_melgan/BASIC5000_3367_gen.wav,1
/data/DATASETS/WaveFake/jsut_multi_band_melgan/BASIC5000_4322_gen.wav,1
/data/DATASETS/WaveFake/jsut_multi_band_melgan/BASIC5000_4600_gen.wav,1
/data/DATASETS/WaveFake/jsut_parallel_wavegan/BASIC5000_1425_gen.wav,2
/data/DATASETS/WaveFake/jsut_parallel_wavegan/BASIC5000_0519_gen.wav,2
/data/DATASETS/WaveFake/jsut_parallel_wavegan/BASIC5000_2025_gen.wav,2
/data/DATASETS/WaveFake/jsut_parallel_wavegan/BASIC5000_4082_gen.wav,2
/data/DATASETS/WaveFake/jsut_multi_band_melgan/BASIC5000_0943_gen.wav,1
/data/DATASETS/WaveFake/jsut_multi_band_melgan/BASIC5000_4957_gen.wav,1
/data/DATASETS/WaveFake/jsut_parallel_wavegan/BASIC5000_3858_gen.wav,2
/data/DATASETS/WaveFake/jsut_parallel_wavegan/BASIC5000_1138_gen.wav,2
/data/DATASETS/WaveFake/jsut_multi_band_melgan/BASIC5000_0052_gen.wav,1
/data/DATASETS/WaveFake/jsut_parallel_wavegan/BASIC5000_3914_gen.wav,2
/data/DATASETS/WaveFake/jsut_parallel_wavegan/BASIC5000_3599_gen.wav,2
/data/DATASETS/WaveFake/jsut_parallel_wavegan/BASIC5000_1693_gen.wav,2
/data/DATASETS/WaveFake/jsut_multi_band_melgan/BASIC5000_3914_gen.wav,1
/data/DATASETS/WaveFake/jsut_parallel_wavegan/BASIC5000_2530_gen.wav,2
/data/DATASETS/WaveFake/jsut_multi_band_melgan/BASIC5000_1872_gen.wav,1
/data/DATASETS/WaveFake/jsut_parallel_wavegan/BASIC5000_3563_gen.wav,2
/data/DATASETS/WaveFake/jsut_multi_band_melgan/BASIC5000_2912_gen.wav,1
/data/DATASETS/WaveFake/jsut_multi_band_melgan/BASIC5000_3099_gen.wav,1
/data/DATASETS/WaveFake/jsut_multi_band_melgan/BASIC5000_3609_gen.wav,1
/data/DATASETS/WaveFake/jsut_parallel_wavegan/BASIC5000_2740_gen.wav,2
/data/DATASETS/WaveFake/jsut_parallel_wavegan/BASIC5000_2529_gen.wav,2
/data/DATASETS/WaveFake/jsut_parallel_wavegan/BASIC5000_1487_gen.wav,2
/data/DATASETS/WaveFake/jsut_parallel_wavegan/BASIC5000_4739_gen.wav,2
/data/DATASETS/WaveFake/jsut_multi_band_melgan/BASIC5000_4561_gen.wav,1
/data/DATASETS/WaveFake/jsut_multi_band_melgan/BASIC5000_4317_gen.wav,1
/data/DATASETS/WaveFake/jsut_parallel_wavegan/BASIC5000_3663_gen.wav,2
/data/DATASETS/WaveFake/jsut_multi_band_melgan/BASIC5000_0543_gen.wav,1
/data/DATASETS/WaveFake/jsut_multi_band_melgan/BASIC5000_3515_gen.wav,1
/data/DATASETS/WaveFake/jsut_parallel_wavegan/BASIC5000_2497_gen.wav,2
/data/DATASETS/WaveFake/jsut_multi_band_melgan/BASIC5000_3447_gen.wav,1
/data/DATASETS/WaveFake/jsut_multi_band_melgan/BASIC5000_4601_gen.wav,1
/data/DATASETS/WaveFake/jsut_multi_band_melgan/BASIC5000_3821_gen.wav,1
/data/DATASETS/WaveFake/jsut_parallel_wavegan/BASIC5000_2807_gen.wav,2
/data/DATASETS/WaveFake/jsut_multi_band_melgan/BASIC5000_2035_gen.wav,1
/data/DATASETS/WaveFake/jsut_parallel_wavegan/BASIC5000_3719_gen.wav,2
/data/DATASETS/WaveFake/jsut_parallel_wavegan/BASIC5000_0056_gen.wav,2
/data/DATASETS/WaveFake/jsut_multi_band_melgan/BASIC5000_4152_gen.wav,1
/data/DATASETS/WaveFake/jsut_multi_band_melgan/BASIC5000_1729_gen.wav,1
/data/DATASETS/WaveFake/jsut_multi_band_melgan/BASIC5000_1404_gen.wav,1
/data/DATASETS/WaveFake/jsut_multi_band_melgan/BASIC5000_0204_gen.wav,1
/data/DATASETS/WaveFake/jsut_parallel_wavegan/BASIC5000_1227_gen.wav,2
/data/DATASETS/WaveFake/jsut_multi_band_melgan/BASIC5000_1352_gen.wav,1
/data/DATASETS/WaveFake/jsut_parallel_wavegan/BASIC5000_3105_gen.wav,2
/data/DATASETS/WaveFake/jsut_parallel_wavegan/BASIC5000_1349_gen.wav,2
/data/DATASETS/WaveFake/jsut_multi_band_melgan/BASIC5000_0695_gen.wav,1
/data/DATASETS/WaveFake/jsut_parallel_wavegan/BASIC5000_0459_gen.wav,2
/data/DATASETS/WaveFake/jsut_parallel_wavegan/BASIC5000_0418_gen.wav,2
/data/DATASETS/WaveFake/jsut_multi_band_melgan/BASIC5000_0259_gen.wav,1
/data/DATASETS/WaveFake/jsut_multi_band_melgan/BASIC5000_2555_gen.wav,1
/data/DATASETS/WaveFake/jsut_multi_band_melgan/BASIC5000_3165_gen.wav,1
/data/DATASETS/WaveFake/jsut_parallel_wavegan/BASIC5000_0099_gen.wav,2
/data/DATASETS/WaveFake/jsut_parallel_wavegan/BASIC5000_1750_gen.wav,2
/data/DATASETS/WaveFake/jsut_parallel_wavegan/BASIC5000_2083_gen.wav,2
/data/DATASETS/WaveFake/jsut_parallel_wavegan/BASIC5000_0269_gen.wav,2
/data/DATASETS/WaveFake/jsut_parallel_wavegan/BASIC5000_4910_gen.wav,2
/data/DATASETS/WaveFake/jsut_multi_band_melgan/BASIC5000_2481_gen.wav,1
/data/DATASETS/WaveFake/jsut_parallel_wavegan/BASIC5000_4975_gen.wav,2
/data/DATASETS/WaveFake/jsut_multi_band_melgan/BASIC5000_1789_gen.wav,1
/data/DATASETS/WaveFake/jsut_parallel_wavegan/BASIC5000_2580_gen.wav,2
/data/DATASETS/WaveFake/jsut_multi_band_melgan/BASIC5000_2322_gen.wav,1
/data/DATASETS/WaveFake/jsut_parallel_wavegan/BASIC5000_3695_gen.wav,2
/data/DATASETS/WaveFake/jsut_parallel_wavegan/BASIC5000_3626_gen.wav,2
/data/DATASETS/WaveFake/jsut_parallel_wavegan/BASIC5000_4992_gen.wav,2
/data/DATASETS/WaveFake/jsut_parallel_wavegan/BASIC5000_3285_gen.wav,2
/data/DATASETS/WaveFake/jsut_multi_band_melgan/BASIC5000_1918_gen.wav,1
/data/DATASETS/WaveFake/jsut_parallel_wavegan/BASIC5000_4977_gen.wav,2
/data/DATASETS/WaveFake/jsut_parallel_wavegan/BASIC5000_1586_gen.wav,2
/data/DATASETS/WaveFake/jsut_parallel_wavegan/BASIC5000_3707_gen.wav,2
/data/DATASETS/WaveFake/jsut_multi_band_melgan/BASIC5000_3600_gen.wav,1
/data/DATASETS/WaveFake/jsut_parallel_wavegan/BASIC5000_0564_gen.wav,2
/data/DATASETS/WaveFake/jsut_multi_band_melgan/BASIC5000_0378_gen.wav,1
/data/DATASETS/WaveFake/jsut_parallel_wavegan/BASIC5000_2564_gen.wav,2
/data/DATASETS/WaveFake/jsut_parallel_wavegan/BASIC5000_1475_gen.wav,2
/data/DATASETS/WaveFake/jsut_parallel_wavegan/BASIC5000_2831_gen.wav,2
/data/DATASETS/WaveFake/jsut_parallel_wavegan/BASIC5000_4560_gen.wav,2
/data/DATASETS/WaveFake/jsut_parallel_wavegan/BASIC5000_4247_gen.wav,2
/data/DATASETS/WaveFake/jsut_multi_band_melgan/BASIC5000_0942_gen.wav,1
/data/DATASETS/WaveFake/jsut_multi_band_melgan/BASIC5000_4563_gen.wav,1
/data/DATASETS/WaveFake/jsut_parallel_wavegan/BASIC5000_4591_gen.wav,2
/data/DATASETS/WaveFake/jsut_multi_band_melgan/BASIC5000_1274_gen.wav,1
/data/DATASETS/WaveFake/jsut_multi_band_melgan/BASIC5000_1761_gen.wav,1
/data/DATASETS/WaveFake/jsut_multi_band_melgan/BASIC5000_3695_gen.wav,1
/data/DATASETS/WaveFake/jsut_parallel_wavegan/BASIC5000_4851_gen.wav,2
/data/DATASETS/WaveFake/jsut_parallel_wavegan/BASIC5000_1190_gen.wav,2
/data/DATASETS/WaveFake/jsut_parallel_wavegan/BASIC5000_3581_gen.wav,2
/data/DATASETS/WaveFake/jsut_multi_band_melgan/BASIC5000_4630_gen.wav,1
/data/DATASETS/WaveFake/jsut_parallel_wavegan/BASIC5000_0686_gen.wav,2
/data/DATASETS/WaveFake/jsut_multi_band_melgan/BASIC5000_0500_gen.wav,1
/data/DATASETS/WaveFake/jsut_multi_band_melgan/BASIC5000_0585_gen.wav,1
/data/DATASETS/WaveFake/jsut_multi_band_melgan/BASIC5000_0860_gen.wav,1
/data/DATASETS/WaveFake/jsut_parallel_wavegan/BASIC5000_3152_gen.wav,2
/data/DATASETS/WaveFake/jsut_parallel_wavegan/BASIC5000_1697_gen.wav,2
/data/DATASETS/WaveFake/jsut_multi_band_melgan/BASIC5000_1950_gen.wav,1
/data/DATASETS/WaveFake/jsut_parallel_wavegan/BASIC5000_0770_gen.wav,2
/data/DATASETS/WaveFake/jsut_multi_band_melgan/BASIC5000_4669_gen.wav,1
/data/DATASETS/WaveFake/jsut_parallel_wavegan/BASIC5000_0719_gen.wav,2
/data/DATASETS/WaveFake/jsut_parallel_wavegan/BASIC5000_0580_gen.wav,2
/data/DATASETS/WaveFake/jsut_multi_band_melgan/BASIC5000_3888_gen.wav,1
/data/DATASETS/WaveFake/jsut_parallel_wavegan/BASIC5000_3548_gen.wav,2
/data/DATASETS/WaveFake/jsut_parallel_wavegan/BASIC5000_4070_gen.wav,2
/data/DATASETS/WaveFake/jsut_parallel_wavegan/BASIC5000_2505_gen.wav,2
/data/DATASETS/WaveFake/jsut_multi_band_melgan/BASIC5000_3841_gen.wav,1
/data/DATASETS/WaveFake/jsut_multi_band_melgan/BASIC5000_4724_gen.wav,1
/data/DATASETS/WaveFake/jsut_multi_band_melgan/BASIC5000_4573_gen.wav,1
/data/DATASETS/WaveFake/jsut_multi_band_melgan/BASIC5000_3537_gen.wav,1
/data/DATASETS/WaveFake/jsut_parallel_wavegan/BASIC5000_0058_gen.wav,2
/data/DATASETS/WaveFake/jsut_parallel_wavegan/BASIC5000_0314_gen.wav,2
/data/DATASETS/WaveFake/jsut_parallel_wavegan/BASIC5000_2954_gen.wav,2
/data/DATASETS/WaveFake/jsut_parallel_wavegan/BASIC5000_0226_gen.wav,2
/data/DATASETS/WaveFake/jsut_multi_band_melgan/BASIC5000_2379_gen.wav,1
/data/DATASETS/WaveFake/jsut_multi_band_melgan/BASIC5000_3428_gen.wav,1
/data/DATASETS/WaveFake/jsut_multi_band_melgan/BASIC5000_2000_gen.wav,1
/data/DATASETS/WaveFake/jsut_multi_band_melgan/BASIC5000_3476_gen.wav,1
/data/DATASETS/WaveFake/jsut_parallel_wavegan/BASIC5000_0094_gen.wav,2
/data/DATASETS/WaveFake/jsut_parallel_wavegan/BASIC5000_0120_gen.wav,2
/data/DATASETS/WaveFake/jsut_parallel_wavegan/BASIC5000_0480_gen.wav,2
/data/DATASETS/WaveFake/jsut_multi_band_melgan/BASIC5000_4488_gen.wav,1
/data/DATASETS/WaveFake/jsut_multi_band_melgan/BASIC5000_0492_gen.wav,1
/data/DATASETS/WaveFake/jsut_multi_band_melgan/BASIC5000_4934_gen.wav,1
/data/DATASETS/WaveFake/jsut_multi_band_melgan/BASIC5000_4454_gen.wav,1
/data/DATASETS/WaveFake/jsut_multi_band_melgan/BASIC5000_4856_gen.wav,1
/data/DATASETS/WaveFake/jsut_multi_band_melgan/BASIC5000_0775_gen.wav,1
/data/DATASETS/WaveFake/jsut_parallel_wavegan/BASIC5000_3206_gen.wav,2
/data/DATASETS/WaveFake/jsut_parallel_wavegan/BASIC5000_3453_gen.wav,2
/data/DATASETS/WaveFake/jsut_parallel_wavegan/BASIC5000_2847_gen.wav,2
/data/DATASETS/WaveFake/jsut_multi_band_melgan/BASIC5000_0383_gen.wav,1
/data/DATASETS/WaveFake/jsut_parallel_wavegan/BASIC5000_3783_gen.wav,2
/data/DATASETS/WaveFake/jsut_parallel_wavegan/BASIC5000_4164_gen.wav,2
/data/DATASETS/WaveFake/jsut_multi_band_melgan/BASIC5000_2224_gen.wav,1
/data/DATASETS/WaveFake/jsut_parallel_wavegan/BASIC5000_0349_gen.wav,2
/data/DATASETS/WaveFake/jsut_parallel_wavegan/BASIC5000_0926_gen.wav,2
/data/DATASETS/WaveFake/jsut_parallel_wavegan/BASIC5000_0172_gen.wav,2
/data/DATASETS/WaveFake/jsut_parallel_wavegan/BASIC5000_1282_gen.wav,2
/data/DATASETS/WaveFake/jsut_multi_band_melgan/BASIC5000_0274_gen.wav,1
/data/DATASETS/WaveFake/jsut_multi_band_melgan/BASIC5000_1294_gen.wav,1
/data/DATASETS/WaveFake/jsut_multi_band_melgan/BASIC5000_0227_gen.wav,1
/data/DATASETS/WaveFake/jsut_multi_band_melgan/BASIC5000_3516_gen.wav,1
/data/DATASETS/WaveFake/jsut_multi_band_melgan/BASIC5000_4431_gen.wav,1
/data/DATASETS/WaveFake/jsut_parallel_wavegan/BASIC5000_2726_gen.wav,2
/data/DATASETS/WaveFake/jsut_parallel_wavegan/BASIC5000_4568_gen.wav,2
/data/DATASETS/WaveFake/jsut_parallel_wavegan/BASIC5000_0039_gen.wav,2
/data/DATASETS/WaveFake/jsut_parallel_wavegan/BASIC5000_3313_gen.wav,2
/data/DATASETS/WaveFake/jsut_multi_band_melgan/BASIC5000_4358_gen.wav,1
/data/DATASETS/WaveFake/jsut_parallel_wavegan/BASIC5000_1593_gen.wav,2
/data/DATASETS/WaveFake/jsut_parallel_wavegan/BASIC5000_1823_gen.wav,2
/data/DATASETS/WaveFake/jsut_multi_band_melgan/BASIC5000_3302_gen.wav,1
/data/DATASETS/WaveFake/jsut_parallel_wavegan/BASIC5000_3272_gen.wav,2
/data/DATASETS/WaveFake/jsut_multi_band_melgan/BASIC5000_0022_gen.wav,1
/data/DATASETS/WaveFake/jsut_multi_band_melgan/BASIC5000_2454_gen.wav,1
/data/DATASETS/WaveFake/jsut_multi_band_melgan/BASIC5000_4910_gen.wav,1
/data/DATASETS/WaveFake/jsut_parallel_wavegan/BASIC5000_4794_gen.wav,2
/data/DATASETS/WaveFake/jsut_multi_band_melgan/BASIC5000_3776_gen.wav,1
/data/DATASETS/WaveFake/jsut_multi_band_melgan/BASIC5000_1234_gen.wav,1
/data/DATASETS/WaveFake/jsut_multi_band_melgan/BASIC5000_0358_gen.wav,1
/data/DATASETS/WaveFake/jsut_parallel_wavegan/BASIC5000_3354_gen.wav,2
/data/DATASETS/WaveFake/jsut_parallel_wavegan/BASIC5000_0834_gen.wav,2
/data/DATASETS/WaveFake/jsut_parallel_wavegan/BASIC5000_1983_gen.wav,2
/data/DATASETS/WaveFake/jsut_multi_band_melgan/BASIC5000_1245_gen.wav,1
/data/DATASETS/WaveFake/jsut_multi_band_melgan/BASIC5000_1449_gen.wav,1
/data/DATASETS/WaveFake/jsut_parallel_wavegan/BASIC5000_3900_gen.wav,2
/data/DATASETS/WaveFake/jsut_multi_band_melgan/BASIC5000_1818_gen.wav,1
/data/DATASETS/WaveFake/jsut_parallel_wavegan/BASIC5000_4192_gen.wav,2
/data/DATASETS/WaveFake/jsut_multi_band_melgan/BASIC5000_4457_gen.wav,1
/data/DATASETS/WaveFake/jsut_multi_band_melgan/BASIC5000_3318_gen.wav,1
/data/DATASETS/WaveFake/jsut_multi_band_melgan/BASIC5000_0762_gen.wav,1
/data/DATASETS/WaveFake/jsut_multi_band_melgan/BASIC5000_2003_gen.wav,1
/data/DATASETS/WaveFake/jsut_parallel_wavegan/BASIC5000_0599_gen.wav,2
/data/DATASETS/WaveFake/jsut_multi_band_melgan/BASIC5000_3996_gen.wav,1
/data/DATASETS/WaveFake/jsut_parallel_wavegan/BASIC5000_2408_gen.wav,2
/data/DATASETS/WaveFake/jsut_parallel_wavegan/BASIC5000_1480_gen.wav,2
/data/DATASETS/WaveFake/jsut_multi_band_melgan/BASIC5000_3551_gen.wav,1
/data/DATASETS/WaveFake/jsut_parallel_wavegan/BASIC5000_4814_gen.wav,2
/data/DATASETS/WaveFake/jsut_multi_band_melgan/BASIC5000_2397_gen.wav,1
/data/DATASETS/WaveFake/jsut_multi_band_melgan/BASIC5000_2141_gen.wav,1
/data/DATASETS/WaveFake/jsut_multi_band_melgan/BASIC5000_3555_gen.wav,1
/data/DATASETS/WaveFake/jsut_parallel_wavegan/BASIC5000_0887_gen.wav,2
/data/DATASETS/WaveFake/jsut_parallel_wavegan/BASIC5000_1584_gen.wav,2
/data/DATASETS/WaveFake/jsut_multi_band_melgan/BASIC5000_3419_gen.wav,1
/data/DATASETS/WaveFake/jsut_multi_band_melgan/BASIC5000_1370_gen.wav,1
/data/DATASETS/WaveFake/jsut_multi_band_melgan/BASIC5000_1692_gen.wav,1
/data/DATASETS/WaveFake/jsut_multi_band_melgan/BASIC5000_2188_gen.wav,1
/data/DATASETS/WaveFake/jsut_multi_band_melgan/BASIC5000_2752_gen.wav,1
/data/DATASETS/WaveFake/jsut_multi_band_melgan/BASIC5000_0698_gen.wav,1
/data/DATASETS/WaveFake/jsut_multi_band_melgan/BASIC5000_1601_gen.wav,1
/data/DATASETS/WaveFake/jsut_multi_band_melgan/BASIC5000_1066_gen.wav,1
/data/DATASETS/WaveFake/jsut_parallel_wavegan/BASIC5000_3342_gen.wav,2
/data/DATASETS/WaveFake/jsut_parallel_wavegan/BASIC5000_4580_gen.wav,2
/data/DATASETS/WaveFake/jsut_multi_band_melgan/BASIC5000_3884_gen.wav,1
/data/DATASETS/WaveFake/jsut_parallel_wavegan/BASIC5000_0664_gen.wav,2
/data/DATASETS/WaveFake/jsut_parallel_wavegan/BASIC5000_0166_gen.wav,2
/data/DATASETS/WaveFake/jsut_multi_band_melgan/BASIC5000_4102_gen.wav,1
/data/DATASETS/WaveFake/jsut_parallel_wavegan/BASIC5000_1362_gen.wav,2
/data/DATASETS/WaveFake/jsut_multi_band_melgan/BASIC5000_3227_gen.wav,1
/data/DATASETS/WaveFake/jsut_parallel_wavegan/BASIC5000_4635_gen.wav,2
/data/DATASETS/WaveFake/jsut_parallel_wavegan/BASIC5000_4884_gen.wav,2
/data/DATASETS/WaveFake/jsut_parallel_wavegan/BASIC5000_2667_gen.wav,2
/data/DATASETS/WaveFake/jsut_multi_band_melgan/BASIC5000_4713_gen.wav,1
/data/DATASETS/WaveFake/jsut_parallel_wavegan/BASIC5000_3406_gen.wav,2
/data/DATASETS/WaveFake/jsut_parallel_wavegan/BASIC5000_2635_gen.wav,2
/data/DATASETS/WaveFake/jsut_parallel_wavegan/BASIC5000_3693_gen.wav,2
/data/DATASETS/WaveFake/jsut_multi_band_melgan/BASIC5000_1531_gen.wav,1
/data/DATASETS/WaveFake/jsut_multi_band_melgan/BASIC5000_0212_gen.wav,1
/data/DATASETS/WaveFake/jsut_parallel_wavegan/BASIC5000_0301_gen.wav,2
/data/DATASETS/WaveFake/jsut_multi_band_melgan/BASIC5000_0843_gen.wav,1
/data/DATASETS/WaveFake/jsut_parallel_wavegan/BASIC5000_0958_gen.wav,2
/data/DATASETS/WaveFake/jsut_parallel_wavegan/BASIC5000_2485_gen.wav,2
/data/DATASETS/WaveFake/jsut_multi_band_melgan/BASIC5000_0144_gen.wav,1
/data/DATASETS/WaveFake/jsut_parallel_wavegan/BASIC5000_0917_gen.wav,2
/data/DATASETS/WaveFake/jsut_multi_band_melgan/BASIC5000_2988_gen.wav,1
/data/DATASETS/WaveFake/jsut_parallel_wavegan/BASIC5000_2809_gen.wav,2
/data/DATASETS/WaveFake/jsut_multi_band_melgan/BASIC5000_1104_gen.wav,1
/data/DATASETS/WaveFake/jsut_multi_band_melgan/BASIC5000_4160_gen.wav,1
/data/DATASETS/WaveFake/jsut_multi_band_melgan/BASIC5000_2354_gen.wav,1
/data/DATASETS/WaveFake/jsut_multi_band_melgan/BASIC5000_1565_gen.wav,1
/data/DATASETS/WaveFake/jsut_parallel_wavegan/BASIC5000_4286_gen.wav,2
/data/DATASETS/WaveFake/jsut_multi_band_melgan/BASIC5000_2864_gen.wav,1
/data/DATASETS/WaveFake/jsut_multi_band_melgan/BASIC5000_0049_gen.wav,1
/data/DATASETS/WaveFake/jsut_multi_band_melgan/BASIC5000_4405_gen.wav,1
/data/DATASETS/WaveFake/jsut_parallel_wavegan/BASIC5000_4613_gen.wav,2
/data/DATASETS/WaveFake/jsut_parallel_wavegan/BASIC5000_4783_gen.wav,2
/data/DATASETS/WaveFake/jsut_multi_band_melgan/BASIC5000_0250_gen.wav,1
/data/DATASETS/WaveFake/jsut_parallel_wavegan/BASIC5000_0309_gen.wav,2
/data/DATASETS/WaveFake/jsut_parallel_wavegan/BASIC5000_3609_gen.wav,2
/data/DATASETS/WaveFake/jsut_multi_band_melgan/BASIC5000_4917_gen.wav,1
/data/DATASETS/WaveFake/jsut_parallel_wavegan/BASIC5000_2901_gen.wav,2
/data/DATASETS/WaveFake/jsut_multi_band_melgan/BASIC5000_3955_gen.wav,1
/data/DATASETS/WaveFake/jsut_parallel_wavegan/BASIC5000_1730_gen.wav,2
/data/DATASETS/WaveFake/jsut_multi_band_melgan/BASIC5000_4465_gen.wav,1
/data/DATASETS/WaveFake/jsut_multi_band_melgan/BASIC5000_4513_gen.wav,1
/data/DATASETS/WaveFake/jsut_multi_band_melgan/BASIC5000_4645_gen.wav,1
/data/DATASETS/WaveFake/jsut_multi_band_melgan/BASIC5000_1821_gen.wav,1
/data/DATASETS/WaveFake/jsut_parallel_wavegan/BASIC5000_3208_gen.wav,2
/data/DATASETS/WaveFake/jsut_parallel_wavegan/BASIC5000_3175_gen.wav,2
/data/DATASETS/WaveFake/jsut_multi_band_melgan/BASIC5000_1029_gen.wav,1
/data/DATASETS/WaveFake/jsut_parallel_wavegan/BASIC5000_1770_gen.wav,2
/data/DATASETS/WaveFake/jsut_parallel_wavegan/BASIC5000_0146_gen.wav,2
/data/DATASETS/WaveFake/jsut_parallel_wavegan/BASIC5000_3194_gen.wav,2
/data/DATASETS/WaveFake/jsut_parallel_wavegan/BASIC5000_0227_gen.wav,2
/data/DATASETS/WaveFake/jsut_multi_band_melgan/BASIC5000_2097_gen.wav,1
/data/DATASETS/WaveFake/jsut_parallel_wavegan/BASIC5000_1201_gen.wav,2
/data/DATASETS/WaveFake/jsut_multi_band_melgan/BASIC5000_1267_gen.wav,1
/data/DATASETS/WaveFake/jsut_parallel_wavegan/BASIC5000_4141_gen.wav,2
/data/DATASETS/WaveFake/jsut_multi_band_melgan/BASIC5000_4512_gen.wav,1
/data/DATASETS/WaveFake/jsut_parallel_wavegan/BASIC5000_1271_gen.wav,2
/data/DATASETS/WaveFake/jsut_parallel_wavegan/BASIC5000_2601_gen.wav,2
/data/DATASETS/WaveFake/jsut_parallel_wavegan/BASIC5000_3106_gen.wav,2
/data/DATASETS/WaveFake/jsut_parallel_wavegan/BASIC5000_4322_gen.wav,2
/data/DATASETS/WaveFake/jsut_parallel_wavegan/BASIC5000_3638_gen.wav,2
/data/DATASETS/WaveFake/jsut_parallel_wavegan/BASIC5000_2174_gen.wav,2
/data/DATASETS/WaveFake/jsut_multi_band_melgan/BASIC5000_3009_gen.wav,1
/data/DATASETS/WaveFake/jsut_parallel_wavegan/BASIC5000_3386_gen.wav,2
/data/DATASETS/WaveFake/jsut_parallel_wavegan/BASIC5000_1186_gen.wav,2
/data/DATASETS/WaveFake/jsut_parallel_wavegan/BASIC5000_0969_gen.wav,2
/data/DATASETS/WaveFake/jsut_multi_band_melgan/BASIC5000_2651_gen.wav,1
/data/DATASETS/WaveFake/jsut_multi_band_melgan/BASIC5000_4219_gen.wav,1
/data/DATASETS/WaveFake/jsut_parallel_wavegan/BASIC5000_3569_gen.wav,2
/data/DATASETS/WaveFake/jsut_multi_band_melgan/BASIC5000_2775_gen.wav,1
/data/DATASETS/WaveFake/jsut_multi_band_melgan/BASIC5000_4861_gen.wav,1
/data/DATASETS/WaveFake/jsut_multi_band_melgan/BASIC5000_3611_gen.wav,1
/data/DATASETS/WaveFake/jsut_multi_band_melgan/BASIC5000_3350_gen.wav,1
/data/DATASETS/WaveFake/jsut_parallel_wavegan/BASIC5000_3996_gen.wav,2
/data/DATASETS/WaveFake/jsut_multi_band_melgan/BASIC5000_0851_gen.wav,1
/data/DATASETS/WaveFake/jsut_parallel_wavegan/BASIC5000_1021_gen.wav,2
/data/DATASETS/WaveFake/jsut_multi_band_melgan/BASIC5000_3235_gen.wav,1
/data/DATASETS/WaveFake/jsut_parallel_wavegan/BASIC5000_4815_gen.wav,2
/data/DATASETS/WaveFake/jsut_multi_band_melgan/BASIC5000_3286_gen.wav,1
/data/DATASETS/WaveFake/jsut_multi_band_melgan/BASIC5000_0293_gen.wav,1
/data/DATASETS/WaveFake/jsut_parallel_wavegan/BASIC5000_1782_gen.wav,2
/data/DATASETS/WaveFake/jsut_parallel_wavegan/BASIC5000_3376_gen.wav,2
/data/DATASETS/WaveFake/jsut_multi_band_melgan/BASIC5000_2778_gen.wav,1
/data/DATASETS/WaveFake/jsut_parallel_wavegan/BASIC5000_2827_gen.wav,2
/data/DATASETS/WaveFake/jsut_multi_band_melgan/BASIC5000_2691_gen.wav,1
/data/DATASETS/WaveFake/jsut_multi_band_melgan/BASIC5000_4766_gen.wav,1
/data/DATASETS/WaveFake/jsut_parallel_wavegan/BASIC5000_2148_gen.wav,2
/data/DATASETS/WaveFake/jsut_multi_band_melgan/BASIC5000_4774_gen.wav,1
/data/DATASETS/WaveFake/jsut_multi_band_melgan/BASIC5000_2021_gen.wav,1
/data/DATASETS/WaveFake/jsut_multi_band_melgan/BASIC5000_1512_gen.wav,1
/data/DATASETS/WaveFake/jsut_parallel_wavegan/BASIC5000_4760_gen.wav,2
/data/DATASETS/WaveFake/jsut_parallel_wavegan/BASIC5000_0662_gen.wav,2
/data/DATASETS/WaveFake/jsut_multi_band_melgan/BASIC5000_3711_gen.wav,1
/data/DATASETS/WaveFake/jsut_parallel_wavegan/BASIC5000_4918_gen.wav,2
/data/DATASETS/WaveFake/jsut_multi_band_melgan/BASIC5000_3825_gen.wav,1
/data/DATASETS/WaveFake/jsut_multi_band_melgan/BASIC5000_1140_gen.wav,1
/data/DATASETS/WaveFake/jsut_multi_band_melgan/BASIC5000_0060_gen.wav,1
/data/DATASETS/WaveFake/jsut_parallel_wavegan/BASIC5000_3064_gen.wav,2
/data/DATASETS/WaveFake/jsut_multi_band_melgan/BASIC5000_1026_gen.wav,1
/data/DATASETS/WaveFake/jsut_parallel_wavegan/BASIC5000_3543_gen.wav,2
/data/DATASETS/WaveFake/jsut_multi_band_melgan/BASIC5000_4716_gen.wav,1
/data/DATASETS/WaveFake/jsut_multi_band_melgan/BASIC5000_1306_gen.wav,1
/data/DATASETS/WaveFake/jsut_parallel_wavegan/BASIC5000_3982_gen.wav,2
/data/DATASETS/WaveFake/jsut_parallel_wavegan/BASIC5000_0660_gen.wav,2
/data/DATASETS/WaveFake/jsut_multi_band_melgan/BASIC5000_1341_gen.wav,1
/data/DATASETS/WaveFake/jsut_parallel_wavegan/BASIC5000_4831_gen.wav,2
/data/DATASETS/WaveFake/jsut_multi_band_melgan/BASIC5000_0113_gen.wav,1
/data/DATASETS/WaveFake/jsut_parallel_wavegan/BASIC5000_0976_gen.wav,2
/data/DATASETS/WaveFake/jsut_parallel_wavegan/BASIC5000_4010_gen.wav,2
/data/DATASETS/WaveFake/jsut_multi_band_melgan/BASIC5000_2760_gen.wav,1
/data/DATASETS/WaveFake/jsut_multi_band_melgan/BASIC5000_4790_gen.wav,1
/data/DATASETS/WaveFake/jsut_parallel_wavegan/BASIC5000_1100_gen.wav,2
/data/DATASETS/WaveFake/jsut_multi_band_melgan/BASIC5000_4077_gen.wav,1
/data/DATASETS/WaveFake/jsut_parallel_wavegan/BASIC5000_2994_gen.wav,2
/data/DATASETS/WaveFake/jsut_parallel_wavegan/BASIC5000_3015_gen.wav,2
/data/DATASETS/WaveFake/jsut_parallel_wavegan/BASIC5000_0428_gen.wav,2
/data/DATASETS/WaveFake/jsut_multi_band_melgan/BASIC5000_1458_gen.wav,1
/data/DATASETS/WaveFake/jsut_parallel_wavegan/BASIC5000_2693_gen.wav,2
/data/DATASETS/WaveFake/jsut_multi_band_melgan/BASIC5000_0904_gen.wav,1
/data/DATASETS/WaveFake/jsut_multi_band_melgan/BASIC5000_3129_gen.wav,1
/data/DATASETS/WaveFake/jsut_parallel_wavegan/BASIC5000_0199_gen.wav,2
/data/DATASETS/WaveFake/jsut_parallel_wavegan/BASIC5000_2002_gen.wav,2
/data/DATASETS/WaveFake/jsut_parallel_wavegan/BASIC5000_3225_gen.wav,2
/data/DATASETS/WaveFake/jsut_multi_band_melgan/BASIC5000_1788_gen.wav,1
/data/DATASETS/WaveFake/jsut_multi_band_melgan/BASIC5000_1752_gen.wav,1
/data/DATASETS/WaveFake/jsut_multi_band_melgan/BASIC5000_2220_gen.wav,1
/data/DATASETS/WaveFake/jsut_multi_band_melgan/BASIC5000_1545_gen.wav,1
/data/DATASETS/WaveFake/jsut_parallel_wavegan/BASIC5000_3439_gen.wav,2
/data/DATASETS/WaveFake/jsut_multi_band_melgan/BASIC5000_0959_gen.wav,1
/data/DATASETS/WaveFake/jsut_multi_band_melgan/BASIC5000_3667_gen.wav,1
/data/DATASETS/WaveFake/jsut_multi_band_melgan/BASIC5000_0715_gen.wav,1
/data/DATASETS/WaveFake/jsut_multi_band_melgan/BASIC5000_4867_gen.wav,1
/data/DATASETS/WaveFake/jsut_multi_band_melgan/BASIC5000_1843_gen.wav,1
/data/DATASETS/WaveFake/jsut_parallel_wavegan/BASIC5000_1971_gen.wav,2
/data/DATASETS/WaveFake/jsut_multi_band_melgan/BASIC5000_0539_gen.wav,1
/data/DATASETS/WaveFake/jsut_multi_band_melgan/BASIC5000_1076_gen.wav,1
/data/DATASETS/WaveFake/jsut_parallel_wavegan/BASIC5000_3157_gen.wav,2
/data/DATASETS/WaveFake/jsut_multi_band_melgan/BASIC5000_3022_gen.wav,1
/data/DATASETS/WaveFake/jsut_multi_band_melgan/BASIC5000_4132_gen.wav,1
/data/DATASETS/WaveFake/jsut_multi_band_melgan/BASIC5000_0430_gen.wav,1
/data/DATASETS/WaveFake/jsut_multi_band_melgan/BASIC5000_1201_gen.wav,1
/data/DATASETS/WaveFake/jsut_multi_band_melgan/BASIC5000_3640_gen.wav,1
/data/DATASETS/WaveFake/jsut_parallel_wavegan/BASIC5000_4256_gen.wav,2
/data/DATASETS/WaveFake/jsut_multi_band_melgan/BASIC5000_0044_gen.wav,1
/data/DATASETS/WaveFake/jsut_parallel_wavegan/BASIC5000_4937_gen.wav,2
/data/DATASETS/WaveFake/jsut_multi_band_melgan/BASIC5000_0712_gen.wav,1
/data/DATASETS/WaveFake/jsut_parallel_wavegan/BASIC5000_3501_gen.wav,2
/data/DATASETS/WaveFake/jsut_parallel_wavegan/BASIC5000_1664_gen.wav,2
/data/DATASETS/WaveFake/jsut_parallel_wavegan/BASIC5000_2648_gen.wav,2
/data/DATASETS/WaveFake/jsut_parallel_wavegan/BASIC5000_2212_gen.wav,2
/data/DATASETS/WaveFake/jsut_parallel_wavegan/BASIC5000_1279_gen.wav,2
/data/DATASETS/WaveFake/jsut_multi_band_melgan/BASIC5000_3742_gen.wav,1
/data/DATASETS/WaveFake/jsut_parallel_wavegan/BASIC5000_3301_gen.wav,2
/data/DATASETS/WaveFake/jsut_parallel_wavegan/BASIC5000_1234_gen.wav,2
/data/DATASETS/WaveFake/jsut_multi_band_melgan/BASIC5000_0812_gen.wav,1
/data/DATASETS/WaveFake/jsut_multi_band_melgan/BASIC5000_1484_gen.wav,1
/data/DATASETS/WaveFake/jsut_multi_band_melgan/BASIC5000_4765_gen.wav,1
/data/DATASETS/WaveFake/jsut_multi_band_melgan/BASIC5000_0716_gen.wav,1
/data/DATASETS/WaveFake/jsut_multi_band_melgan/BASIC5000_4779_gen.wav,1
/data/DATASETS/WaveFake/jsut_parallel_wavegan/BASIC5000_4848_gen.wav,2
/data/DATASETS/WaveFake/jsut_parallel_wavegan/BASIC5000_0390_gen.wav,2
/data/DATASETS/WaveFake/jsut_parallel_wavegan/BASIC5000_4844_gen.wav,2
/data/DATASETS/WaveFake/jsut_parallel_wavegan/BASIC5000_1594_gen.wav,2
/data/DATASETS/WaveFake/jsut_multi_band_melgan/BASIC5000_2559_gen.wav,1
/data/DATASETS/WaveFake/jsut_multi_band_melgan/BASIC5000_1082_gen.wav,1
/data/DATASETS/WaveFake/jsut_parallel_wavegan/BASIC5000_1723_gen.wav,2
/data/DATASETS/WaveFake/jsut_multi_band_melgan/BASIC5000_0235_gen.wav,1
/data/DATASETS/WaveFake/jsut_multi_band_melgan/BASIC5000_4567_gen.wav,1
/data/DATASETS/WaveFake/jsut_parallel_wavegan/BASIC5000_4826_gen.wav,2
/data/DATASETS/WaveFake/jsut_multi_band_melgan/BASIC5000_2170_gen.wav,1
/data/DATASETS/WaveFake/jsut_multi_band_melgan/BASIC5000_1107_gen.wav,1
/data/DATASETS/WaveFake/jsut_parallel_wavegan/BASIC5000_4883_gen.wav,2
/data/DATASETS/WaveFake/jsut_parallel_wavegan/BASIC5000_0321_gen.wav,2
/data/DATASETS/WaveFake/jsut_multi_band_melgan/BASIC5000_3415_gen.wav,1
/data/DATASETS/WaveFake/jsut_parallel_wavegan/BASIC5000_3962_gen.wav,2
/data/DATASETS/WaveFake/jsut_multi_band_melgan/BASIC5000_4340_gen.wav,1
/data/DATASETS/WaveFake/jsut_multi_band_melgan/BASIC5000_4428_gen.wav,1
/data/DATASETS/WaveFake/jsut_parallel_wavegan/BASIC5000_1585_gen.wav,2
/data/DATASETS/WaveFake/jsut_multi_band_melgan/BASIC5000_3149_gen.wav,1
/data/DATASETS/WaveFake/jsut_multi_band_melgan/BASIC5000_2774_gen.wav,1
/data/DATASETS/WaveFake/jsut_parallel_wavegan/BASIC5000_1665_gen.wav,2
/data/DATASETS/WaveFake/jsut_parallel_wavegan/BASIC5000_1177_gen.wav,2
/data/DATASETS/WaveFake/jsut_multi_band_melgan/BASIC5000_4237_gen.wav,1
/data/DATASETS/WaveFake/jsut_parallel_wavegan/BASIC5000_1350_gen.wav,2
/data/DATASETS/WaveFake/jsut_multi_band_melgan/BASIC5000_1454_gen.wav,1
/data/DATASETS/WaveFake/jsut_parallel_wavegan/BASIC5000_0758_gen.wav,2
/data/DATASETS/WaveFake/jsut_parallel_wavegan/BASIC5000_4455_gen.wav,2
/data/DATASETS/WaveFake/jsut_multi_band_melgan/BASIC5000_1773_gen.wav,1
/data/DATASETS/WaveFake/jsut_multi_band_melgan/BASIC5000_2571_gen.wav,1
/data/DATASETS/WaveFake/jsut_multi_band_melgan/BASIC5000_4533_gen.wav,1
/data/DATASETS/WaveFake/jsut_multi_band_melgan/BASIC5000_3855_gen.wav,1
/data/DATASETS/WaveFake/jsut_multi_band_melgan/BASIC5000_2189_gen.wav,1
/data/DATASETS/WaveFake/jsut_parallel_wavegan/BASIC5000_1955_gen.wav,2
/data/DATASETS/WaveFake/jsut_parallel_wavegan/BASIC5000_4723_gen.wav,2
/data/DATASETS/WaveFake/jsut_parallel_wavegan/BASIC5000_2343_gen.wav,2
/data/DATASETS/WaveFake/jsut_multi_band_melgan/BASIC5000_2885_gen.wav,1
/data/DATASETS/WaveFake/jsut_multi_band_melgan/BASIC5000_1684_gen.wav,1
/data/DATASETS/WaveFake/jsut_multi_band_melgan/BASIC5000_2952_gen.wav,1
/data/DATASETS/WaveFake/jsut_parallel_wavegan/BASIC5000_1986_gen.wav,2
/data/DATASETS/WaveFake/jsut_multi_band_melgan/BASIC5000_1559_gen.wav,1
/data/DATASETS/WaveFake/jsut_multi_band_melgan/BASIC5000_0308_gen.wav,1
/data/DATASETS/WaveFake/jsut_parallel_wavegan/BASIC5000_1549_gen.wav,2
/data/DATASETS/WaveFake/jsut_multi_band_melgan/BASIC5000_0522_gen.wav,1
/data/DATASETS/WaveFake/jsut_multi_band_melgan/BASIC5000_0158_gen.wav,1
/data/DATASETS/WaveFake/jsut_parallel_wavegan/BASIC5000_2157_gen.wav,2
/data/DATASETS/WaveFake/jsut_parallel_wavegan/BASIC5000_1659_gen.wav,2
/data/DATASETS/WaveFake/jsut_multi_band_melgan/BASIC5000_0529_gen.wav,1
/data/DATASETS/WaveFake/jsut_multi_band_melgan/BASIC5000_0100_gen.wav,1
/data/DATASETS/WaveFake/jsut_parallel_wavegan/BASIC5000_4984_gen.wav,2
/data/DATASETS/WaveFake/jsut_multi_band_melgan/BASIC5000_1318_gen.wav,1
/data/DATASETS/WaveFake/jsut_parallel_wavegan/BASIC5000_2453_gen.wav,2
/data/DATASETS/WaveFake/jsut_multi_band_melgan/BASIC5000_3067_gen.wav,1
/data/DATASETS/WaveFake/jsut_parallel_wavegan/BASIC5000_1377_gen.wav,2
/data/DATASETS/WaveFake/jsut_parallel_wavegan/BASIC5000_2145_gen.wav,2
/data/DATASETS/WaveFake/jsut_multi_band_melgan/BASIC5000_1325_gen.wav,1
/data/DATASETS/WaveFake/jsut_parallel_wavegan/BASIC5000_3829_gen.wav,2
/data/DATASETS/WaveFake/jsut_multi_band_melgan/BASIC5000_1718_gen.wav,1
/data/DATASETS/WaveFake/jsut_parallel_wavegan/BASIC5000_4829_gen.wav,2
/data/DATASETS/WaveFake/jsut_multi_band_melgan/BASIC5000_4448_gen.wav,1
/data/DATASETS/WaveFake/jsut_multi_band_melgan/BASIC5000_1730_gen.wav,1
/data/DATASETS/WaveFake/jsut_parallel_wavegan/BASIC5000_0800_gen.wav,2
/data/DATASETS/WaveFake/jsut_multi_band_melgan/BASIC5000_4070_gen.wav,1
/data/DATASETS/WaveFake/jsut_parallel_wavegan/BASIC5000_0439_gen.wav,2
/data/DATASETS/WaveFake/jsut_parallel_wavegan/BASIC5000_4274_gen.wav,2
/data/DATASETS/WaveFake/jsut_multi_band_melgan/BASIC5000_4282_gen.wav,1
/data/DATASETS/WaveFake/jsut_multi_band_melgan/BASIC5000_0778_gen.wav,1
/data/DATASETS/WaveFake/jsut_multi_band_melgan/BASIC5000_2180_gen.wav,1
/data/DATASETS/WaveFake/jsut_multi_band_melgan/BASIC5000_4376_gen.wav,1
/data/DATASETS/WaveFake/jsut_parallel_wavegan/BASIC5000_3360_gen.wav,2
/data/DATASETS/WaveFake/jsut_multi_band_melgan/BASIC5000_3376_gen.wav,1
/data/DATASETS/WaveFake/jsut_multi_band_melgan/BASIC5000_2567_gen.wav,1
/data/DATASETS/WaveFake/jsut_multi_band_melgan/BASIC5000_4374_gen.wav,1
/data/DATASETS/WaveFake/jsut_parallel_wavegan/BASIC5000_3306_gen.wav,2
/data/DATASETS/WaveFake/jsut_parallel_wavegan/BASIC5000_1175_gen.wav,2
/data/DATASETS/WaveFake/jsut_parallel_wavegan/BASIC5000_0949_gen.wav,2
/data/DATASETS/WaveFake/jsut_parallel_wavegan/BASIC5000_4291_gen.wav,2
/data/DATASETS/WaveFake/jsut_parallel_wavegan/BASIC5000_3166_gen.wav,2
/data/DATASETS/WaveFake/jsut_multi_band_melgan/BASIC5000_4612_gen.wav,1
/data/DATASETS/WaveFake/jsut_parallel_wavegan/BASIC5000_3134_gen.wav,2
/data/DATASETS/WaveFake/jsut_parallel_wavegan/BASIC5000_0984_gen.wav,2
/data/DATASETS/WaveFake/jsut_multi_band_melgan/BASIC5000_0600_gen.wav,1
/data/DATASETS/WaveFake/jsut_parallel_wavegan/BASIC5000_4244_gen.wav,2
/data/DATASETS/WaveFake/jsut_multi_band_melgan/BASIC5000_2667_gen.wav,1
/data/DATASETS/WaveFake/jsut_parallel_wavegan/BASIC5000_2000_gen.wav,2
/data/DATASETS/WaveFake/jsut_multi_band_melgan/BASIC5000_2551_gen.wav,1
/data/DATASETS/WaveFake/jsut_parallel_wavegan/BASIC5000_0463_gen.wav,2
/data/DATASETS/WaveFake/jsut_parallel_wavegan/BASIC5000_1707_gen.wav,2
/data/DATASETS/WaveFake/jsut_multi_band_melgan/BASIC5000_1741_gen.wav,1
/data/DATASETS/WaveFake/jsut_multi_band_melgan/BASIC5000_0726_gen.wav,1
/data/DATASETS/WaveFake/jsut_multi_band_melgan/BASIC5000_3186_gen.wav,1
/data/DATASETS/WaveFake/jsut_multi_band_melgan/BASIC5000_0792_gen.wav,1
/data/DATASETS/WaveFake/jsut_multi_band_melgan/BASIC5000_3031_gen.wav,1
/data/DATASETS/WaveFake/jsut_multi_band_melgan/BASIC5000_3873_gen.wav,1
/data/DATASETS/WaveFake/jsut_multi_band_melgan/BASIC5000_3918_gen.wav,1
/data/DATASETS/WaveFake/jsut_parallel_wavegan/BASIC5000_2883_gen.wav,2
/data/DATASETS/WaveFake/jsut_multi_band_melgan/BASIC5000_2109_gen.wav,1
/data/DATASETS/WaveFake/jsut_parallel_wavegan/BASIC5000_0619_gen.wav,2
/data/DATASETS/WaveFake/jsut_multi_band_melgan/BASIC5000_2120_gen.wav,1
/data/DATASETS/WaveFake/jsut_parallel_wavegan/BASIC5000_2415_gen.wav,2
/data/DATASETS/WaveFake/jsut_multi_band_melgan/BASIC5000_3187_gen.wav,1
/data/DATASETS/WaveFake/jsut_parallel_wavegan/BASIC5000_3423_gen.wav,2
/data/DATASETS/WaveFake/jsut_multi_band_melgan/BASIC5000_3582_gen.wav,1
/data/DATASETS/WaveFake/jsut_multi_band_melgan/BASIC5000_1903_gen.wav,1
/data/DATASETS/WaveFake/jsut_multi_band_melgan/BASIC5000_3584_gen.wav,1
/data/DATASETS/WaveFake/jsut_parallel_wavegan/BASIC5000_2356_gen.wav,2
/data/DATASETS/WaveFake/jsut_parallel_wavegan/BASIC5000_0052_gen.wav,2
/data/DATASETS/WaveFake/jsut_multi_band_melgan/BASIC5000_3368_gen.wav,1
/data/DATASETS/WaveFake/jsut_multi_band_melgan/BASIC5000_2607_gen.wav,1
/data/DATASETS/WaveFake/jsut_parallel_wavegan/BASIC5000_3413_gen.wav,2
/data/DATASETS/WaveFake/jsut_parallel_wavegan/BASIC5000_2233_gen.wav,2
/data/DATASETS/WaveFake/jsut_parallel_wavegan/BASIC5000_2249_gen.wav,2
/data/DATASETS/WaveFake/jsut_parallel_wavegan/BASIC5000_2195_gen.wav,2
/data/DATASETS/WaveFake/jsut_parallel_wavegan/BASIC5000_0429_gen.wav,2
/data/DATASETS/WaveFake/jsut_parallel_wavegan/BASIC5000_1892_gen.wav,2
/data/DATASETS/WaveFake/jsut_parallel_wavegan/BASIC5000_2115_gen.wav,2
/data/DATASETS/WaveFake/jsut_parallel_wavegan/BASIC5000_2340_gen.wav,2
/data/DATASETS/WaveFake/jsut_parallel_wavegan/BASIC5000_4371_gen.wav,2
/data/DATASETS/WaveFake/jsut_parallel_wavegan/BASIC5000_1422_gen.wav,2
/data/DATASETS/WaveFake/jsut_multi_band_melgan/BASIC5000_1403_gen.wav,1
/data/DATASETS/WaveFake/jsut_parallel_wavegan/BASIC5000_1885_gen.wav,2
/data/DATASETS/WaveFake/jsut_parallel_wavegan/BASIC5000_3523_gen.wav,2
/data/DATASETS/WaveFake/jsut_multi_band_melgan/BASIC5000_0121_gen.wav,1
/data/DATASETS/WaveFake/jsut_parallel_wavegan/BASIC5000_1901_gen.wav,2
/data/DATASETS/WaveFake/jsut_parallel_wavegan/BASIC5000_4376_gen.wav,2
/data/DATASETS/WaveFake/jsut_parallel_wavegan/BASIC5000_2336_gen.wav,2
/data/DATASETS/WaveFake/jsut_parallel_wavegan/BASIC5000_4596_gen.wav,2
/data/DATASETS/WaveFake/jsut_parallel_wavegan/BASIC5000_4055_gen.wav,2
/data/DATASETS/WaveFake/jsut_parallel_wavegan/BASIC5000_2671_gen.wav,2
/data/DATASETS/WaveFake/jsut_parallel_wavegan/BASIC5000_3775_gen.wav,2
/data/DATASETS/WaveFake/jsut_multi_band_melgan/BASIC5000_2383_gen.wav,1
/data/DATASETS/WaveFake/jsut_parallel_wavegan/BASIC5000_1432_gen.wav,2
/data/DATASETS/WaveFake/jsut_multi_band_melgan/BASIC5000_4549_gen.wav,1
/data/DATASETS/WaveFake/jsut_parallel_wavegan/BASIC5000_1836_gen.wav,2
/data/DATASETS/WaveFake/jsut_multi_band_melgan/BASIC5000_0033_gen.wav,1
/data/DATASETS/WaveFake/jsut_multi_band_melgan/BASIC5000_0074_gen.wav,1
/data/DATASETS/WaveFake/jsut_parallel_wavegan/BASIC5000_4056_gen.wav,2
/data/DATASETS/WaveFake/jsut_multi_band_melgan/BASIC5000_1115_gen.wav,1
/data/DATASETS/WaveFake/jsut_multi_band_melgan/BASIC5000_0102_gen.wav,1
/data/DATASETS/WaveFake/jsut_parallel_wavegan/BASIC5000_4755_gen.wav,2
/data/DATASETS/WaveFake/jsut_multi_band_melgan/BASIC5000_0039_gen.wav,1
/data/DATASETS/WaveFake/jsut_multi_band_melgan/BASIC5000_3327_gen.wav,1
/data/DATASETS/WaveFake/jsut_multi_band_melgan/BASIC5000_1465_gen.wav,1
/data/DATASETS/WaveFake/jsut_parallel_wavegan/BASIC5000_2900_gen.wav,2
/data/DATASETS/WaveFake/jsut_multi_band_melgan/BASIC5000_1621_gen.wav,1
/data/DATASETS/WaveFake/jsut_parallel_wavegan/BASIC5000_0220_gen.wav,2
/data/DATASETS/WaveFake/jsut_parallel_wavegan/BASIC5000_2910_gen.wav,2
/data/DATASETS/WaveFake/jsut_multi_band_melgan/BASIC5000_1375_gen.wav,1
/data/DATASETS/WaveFake/jsut_multi_band_melgan/BASIC5000_1337_gen.wav,1
/data/DATASETS/WaveFake/jsut_parallel_wavegan/BASIC5000_4333_gen.wav,2
/data/DATASETS/WaveFake/jsut_multi_band_melgan/BASIC5000_3264_gen.wav,1
/data/DATASETS/WaveFake/jsut_multi_band_melgan/BASIC5000_3728_gen.wav,1
/data/DATASETS/WaveFake/jsut_multi_band_melgan/BASIC5000_3101_gen.wav,1
/data/DATASETS/WaveFake/jsut_parallel_wavegan/BASIC5000_3390_gen.wav,2
/data/DATASETS/WaveFake/jsut_parallel_wavegan/BASIC5000_1889_gen.wav,2
/data/DATASETS/WaveFake/jsut_multi_band_melgan/BASIC5000_2455_gen.wav,1
/data/DATASETS/WaveFake/jsut_multi_band_melgan/BASIC5000_3596_gen.wav,1
/data/DATASETS/WaveFake/jsut_parallel_wavegan/BASIC5000_2397_gen.wav,2
/data/DATASETS/WaveFake/jsut_multi_band_melgan/BASIC5000_1768_gen.wav,1
/data/DATASETS/WaveFake/jsut_multi_band_melgan/BASIC5000_1143_gen.wav,1
/data/DATASETS/WaveFake/jsut_multi_band_melgan/BASIC5000_3160_gen.wav,1
/data/DATASETS/WaveFake/jsut_multi_band_melgan/BASIC5000_1327_gen.wav,1
/data/DATASETS/WaveFake/jsut_multi_band_melgan/BASIC5000_0915_gen.wav,1
/data/DATASETS/WaveFake/jsut_multi_band_melgan/BASIC5000_4504_gen.wav,1
/data/DATASETS/WaveFake/jsut_multi_band_melgan/BASIC5000_1286_gen.wav,1
/data/DATASETS/WaveFake/jsut_multi_band_melgan/BASIC5000_0111_gen.wav,1
/data/DATASETS/WaveFake/jsut_parallel_wavegan/BASIC5000_1235_gen.wav,2
/data/DATASETS/WaveFake/jsut_parallel_wavegan/BASIC5000_1500_gen.wav,2
/data/DATASETS/WaveFake/jsut_parallel_wavegan/BASIC5000_2905_gen.wav,2
/data/DATASETS/WaveFake/jsut_parallel_wavegan/BASIC5000_2077_gen.wav,2
/data/DATASETS/WaveFake/jsut_multi_band_melgan/BASIC5000_0127_gen.wav,1
/data/DATASETS/WaveFake/jsut_parallel_wavegan/BASIC5000_3414_gen.wav,2
/data/DATASETS/WaveFake/jsut_parallel_wavegan/BASIC5000_2483_gen.wav,2
/data/DATASETS/WaveFake/jsut_parallel_wavegan/BASIC5000_2478_gen.wav,2
/data/DATASETS/WaveFake/jsut_parallel_wavegan/BASIC5000_2116_gen.wav,2
/data/DATASETS/WaveFake/jsut_parallel_wavegan/BASIC5000_2337_gen.wav,2
/data/DATASETS/WaveFake/jsut_parallel_wavegan/BASIC5000_4547_gen.wav,2
/data/DATASETS/WaveFake/jsut_parallel_wavegan/BASIC5000_2201_gen.wav,2
/data/DATASETS/WaveFake/jsut_parallel_wavegan/BASIC5000_0896_gen.wav,2
/data/DATASETS/WaveFake/jsut_multi_band_melgan/BASIC5000_4574_gen.wav,1
/data/DATASETS/WaveFake/jsut_multi_band_melgan/BASIC5000_3948_gen.wav,1
/data/DATASETS/WaveFake/jsut_multi_band_melgan/BASIC5000_1047_gen.wav,1
/data/DATASETS/WaveFake/jsut_multi_band_melgan/BASIC5000_1798_gen.wav,1
/data/DATASETS/WaveFake/jsut_parallel_wavegan/BASIC5000_3007_gen.wav,2
/data/DATASETS/WaveFake/jsut_multi_band_melgan/BASIC5000_1579_gen.wav,1
/data/DATASETS/WaveFake/jsut_parallel_wavegan/BASIC5000_0296_gen.wav,2
/data/DATASETS/WaveFake/jsut_multi_band_melgan/BASIC5000_2320_gen.wav,1
/data/DATASETS/WaveFake/jsut_parallel_wavegan/BASIC5000_2619_gen.wav,2
/data/DATASETS/WaveFake/jsut_multi_band_melgan/BASIC5000_4127_gen.wav,1
/data/DATASETS/WaveFake/jsut_multi_band_melgan/BASIC5000_2528_gen.wav,1
/data/DATASETS/WaveFake/jsut_multi_band_melgan/BASIC5000_2283_gen.wav,1
/data/DATASETS/WaveFake/jsut_multi_band_melgan/BASIC5000_3799_gen.wav,1
/data/DATASETS/WaveFake/jsut_parallel_wavegan/BASIC5000_0140_gen.wav,2
/data/DATASETS/WaveFake/jsut_multi_band_melgan/BASIC5000_4221_gen.wav,1
/data/DATASETS/WaveFake/jsut_parallel_wavegan/BASIC5000_0295_gen.wav,2
/data/DATASETS/WaveFake/jsut_multi_band_melgan/BASIC5000_4321_gen.wav,1
/data/DATASETS/WaveFake/jsut_multi_band_melgan/BASIC5000_3249_gen.wav,1
/data/DATASETS/WaveFake/jsut_parallel_wavegan/BASIC5000_4698_gen.wav,2
/data/DATASETS/WaveFake/jsut_parallel_wavegan/BASIC5000_2603_gen.wav,2
/data/DATASETS/WaveFake/jsut_multi_band_melgan/BASIC5000_0781_gen.wav,1
/data/DATASETS/WaveFake/jsut_parallel_wavegan/BASIC5000_0773_gen.wav,2
/data/DATASETS/WaveFake/jsut_parallel_wavegan/BASIC5000_2080_gen.wav,2
/data/DATASETS/WaveFake/jsut_parallel_wavegan/BASIC5000_0629_gen.wav,2
/data/DATASETS/WaveFake/jsut_multi_band_melgan/BASIC5000_4381_gen.wav,1
/data/DATASETS/WaveFake/jsut_parallel_wavegan/BASIC5000_3363_gen.wav,2
/data/DATASETS/WaveFake/jsut_multi_band_melgan/BASIC5000_4324_gen.wav,1
/data/DATASETS/WaveFake/jsut_multi_band_melgan/BASIC5000_4751_gen.wav,1
/data/DATASETS/WaveFake/jsut_multi_band_melgan/BASIC5000_3840_gen.wav,1
/data/DATASETS/WaveFake/jsut_parallel_wavegan/BASIC5000_4108_gen.wav,2
/data/DATASETS/WaveFake/jsut_multi_band_melgan/BASIC5000_0562_gen.wav,1
/data/DATASETS/WaveFake/jsut_multi_band_melgan/BASIC5000_3430_gen.wav,1
/data/DATASETS/WaveFake/jsut_multi_band_melgan/BASIC5000_2457_gen.wav,1
/data/DATASETS/WaveFake/jsut_multi_band_melgan/BASIC5000_2608_gen.wav,1
/data/DATASETS/WaveFake/jsut_parallel_wavegan/BASIC5000_1734_gen.wav,2
/data/DATASETS/WaveFake/jsut_multi_band_melgan/BASIC5000_4672_gen.wav,1
/data/DATASETS/WaveFake/jsut_multi_band_melgan/BASIC5000_4439_gen.wav,1
/data/DATASETS/WaveFake/jsut_multi_band_melgan/BASIC5000_0256_gen.wav,1
/data/DATASETS/WaveFake/jsut_parallel_wavegan/BASIC5000_4217_gen.wav,2
/data/DATASETS/WaveFake/jsut_multi_band_melgan/BASIC5000_3646_gen.wav,1
/data/DATASETS/WaveFake/jsut_parallel_wavegan/BASIC5000_4209_gen.wav,2
/data/DATASETS/WaveFake/jsut_multi_band_melgan/BASIC5000_1507_gen.wav,1
/data/DATASETS/WaveFake/jsut_multi_band_melgan/BASIC5000_0125_gen.wav,1
/data/DATASETS/WaveFake/jsut_multi_band_melgan/BASIC5000_3576_gen.wav,1
/data/DATASETS/WaveFake/jsut_parallel_wavegan/BASIC5000_4018_gen.wav,2
/data/DATASETS/WaveFake/jsut_parallel_wavegan/BASIC5000_3319_gen.wav,2
/data/DATASETS/WaveFake/jsut_parallel_wavegan/BASIC5000_4361_gen.wav,2
/data/DATASETS/WaveFake/jsut_parallel_wavegan/BASIC5000_1998_gen.wav,2
/data/DATASETS/WaveFake/jsut_multi_band_melgan/BASIC5000_4496_gen.wav,1
/data/DATASETS/WaveFake/jsut_parallel_wavegan/BASIC5000_1181_gen.wav,2
/data/DATASETS/WaveFake/jsut_parallel_wavegan/BASIC5000_1136_gen.wav,2
/data/DATASETS/WaveFake/jsut_parallel_wavegan/BASIC5000_1648_gen.wav,2
/data/DATASETS/WaveFake/jsut_multi_band_melgan/BASIC5000_4375_gen.wav,1
/data/DATASETS/WaveFake/jsut_multi_band_melgan/BASIC5000_0191_gen.wav,1
/data/DATASETS/WaveFake/jsut_parallel_wavegan/BASIC5000_2163_gen.wav,2
/data/DATASETS/WaveFake/jsut_multi_band_melgan/BASIC5000_0213_gen.wav,1
/data/DATASETS/WaveFake/jsut_parallel_wavegan/BASIC5000_4863_gen.wav,2
/data/DATASETS/WaveFake/jsut_parallel_wavegan/BASIC5000_2586_gen.wav,2
/data/DATASETS/WaveFake/jsut_parallel_wavegan/BASIC5000_2512_gen.wav,2
/data/DATASETS/WaveFake/jsut_parallel_wavegan/BASIC5000_4458_gen.wav,2
/data/DATASETS/WaveFake/jsut_multi_band_melgan/BASIC5000_3195_gen.wav,1
/data/DATASETS/WaveFake/jsut_parallel_wavegan/BASIC5000_0740_gen.wav,2
/data/DATASETS/WaveFake/jsut_parallel_wavegan/BASIC5000_3635_gen.wav,2
/data/DATASETS/WaveFake/jsut_multi_band_melgan/BASIC5000_4239_gen.wav,1
/data/DATASETS/WaveFake/jsut_parallel_wavegan/BASIC5000_1518_gen.wav,2
/data/DATASETS/WaveFake/jsut_parallel_wavegan/BASIC5000_3617_gen.wav,2
/data/DATASETS/WaveFake/jsut_multi_band_melgan/BASIC5000_3867_gen.wav,1
/data/DATASETS/WaveFake/jsut_multi_band_melgan/BASIC5000_4913_gen.wav,1
/data/DATASETS/WaveFake/jsut_multi_band_melgan/BASIC5000_4186_gen.wav,1
/data/DATASETS/WaveFake/jsut_multi_band_melgan/BASIC5000_0593_gen.wav,1
/data/DATASETS/WaveFake/jsut_parallel_wavegan/BASIC5000_4441_gen.wav,2
/data/DATASETS/WaveFake/jsut_parallel_wavegan/BASIC5000_4631_gen.wav,2
/data/DATASETS/WaveFake/jsut_parallel_wavegan/BASIC5000_2927_gen.wav,2
/data/DATASETS/WaveFake/jsut_multi_band_melgan/BASIC5000_0926_gen.wav,1
/data/DATASETS/WaveFake/jsut_multi_band_melgan/BASIC5000_4265_gen.wav,1
/data/DATASETS/WaveFake/jsut_parallel_wavegan/BASIC5000_1797_gen.wav,2
/data/DATASETS/WaveFake/jsut_parallel_wavegan/BASIC5000_2435_gen.wav,2
/data/DATASETS/WaveFake/jsut_parallel_wavegan/BASIC5000_1979_gen.wav,2
/data/DATASETS/WaveFake/jsut_multi_band_melgan/BASIC5000_2211_gen.wav,1
/data/DATASETS/WaveFake/jsut_parallel_wavegan/BASIC5000_4802_gen.wav,2
/data/DATASETS/WaveFake/jsut_multi_band_melgan/BASIC5000_4274_gen.wav,1
/data/DATASETS/WaveFake/jsut_multi_band_melgan/BASIC5000_1183_gen.wav,1
/data/DATASETS/WaveFake/jsut_multi_band_melgan/BASIC5000_3972_gen.wav,1
/data/DATASETS/WaveFake/jsut_multi_band_melgan/BASIC5000_4325_gen.wav,1
/data/DATASETS/WaveFake/jsut_multi_band_melgan/BASIC5000_0432_gen.wav,1
/data/DATASETS/WaveFake/jsut_multi_band_melgan/BASIC5000_0304_gen.wav,1
/data/DATASETS/WaveFake/jsut_multi_band_melgan/BASIC5000_1733_gen.wav,1
/data/DATASETS/WaveFake/jsut_parallel_wavegan/BASIC5000_1829_gen.wav,2
/data/DATASETS/WaveFake/jsut_parallel_wavegan/BASIC5000_3989_gen.wav,2
/data/DATASETS/WaveFake/jsut_multi_band_melgan/BASIC5000_0147_gen.wav,1
/data/DATASETS/WaveFake/jsut_multi_band_melgan/BASIC5000_3574_gen.wav,1
/data/DATASETS/WaveFake/jsut_multi_band_melgan/BASIC5000_0318_gen.wav,1
/data/DATASETS/WaveFake/jsut_multi_band_melgan/BASIC5000_4845_gen.wav,1
/data/DATASETS/WaveFake/jsut_parallel_wavegan/BASIC5000_0278_gen.wav,2
/data/DATASETS/WaveFake/jsut_parallel_wavegan/BASIC5000_1616_gen.wav,2
/data/DATASETS/WaveFake/jsut_parallel_wavegan/BASIC5000_1698_gen.wav,2
/data/DATASETS/WaveFake/jsut_multi_band_melgan/BASIC5000_2954_gen.wav,1
/data/DATASETS/WaveFake/jsut_parallel_wavegan/BASIC5000_1949_gen.wav,2
/data/DATASETS/WaveFake/jsut_multi_band_melgan/BASIC5000_0167_gen.wav,1
/data/DATASETS/WaveFake/jsut_parallel_wavegan/BASIC5000_4709_gen.wav,2
/data/DATASETS/WaveFake/jsut_multi_band_melgan/BASIC5000_1133_gen.wav,1
/data/DATASETS/WaveFake/jsut_multi_band_melgan/BASIC5000_4485_gen.wav,1
/data/DATASETS/WaveFake/jsut_multi_band_melgan/BASIC5000_4583_gen.wav,1
/data/DATASETS/WaveFake/jsut_parallel_wavegan/BASIC5000_0508_gen.wav,2
/data/DATASETS/WaveFake/jsut_parallel_wavegan/BASIC5000_2395_gen.wav,2
/data/DATASETS/WaveFake/jsut_multi_band_melgan/BASIC5000_0493_gen.wav,1
/data/DATASETS/WaveFake/jsut_parallel_wavegan/BASIC5000_2813_gen.wav,2
/data/DATASETS/WaveFake/jsut_multi_band_melgan/BASIC5000_0128_gen.wav,1
/data/DATASETS/WaveFake/jsut_parallel_wavegan/BASIC5000_1497_gen.wav,2
/data/DATASETS/WaveFake/jsut_multi_band_melgan/BASIC5000_1179_gen.wav,1
/data/DATASETS/WaveFake/jsut_parallel_wavegan/BASIC5000_2011_gen.wav,2
/data/DATASETS/WaveFake/jsut_multi_band_melgan/BASIC5000_2257_gen.wav,1
/data/DATASETS/WaveFake/jsut_parallel_wavegan/BASIC5000_0304_gen.wav,2
/data/DATASETS/WaveFake/jsut_parallel_wavegan/BASIC5000_0141_gen.wav,2
/data/DATASETS/WaveFake/jsut_parallel_wavegan/BASIC5000_3755_gen.wav,2
/data/DATASETS/WaveFake/jsut_parallel_wavegan/BASIC5000_3280_gen.wav,2
/data/DATASETS/WaveFake/jsut_multi_band_melgan/BASIC5000_4335_gen.wav,1
/data/DATASETS/WaveFake/jsut_parallel_wavegan/BASIC5000_3434_gen.wav,2
/data/DATASETS/WaveFake/jsut_parallel_wavegan/BASIC5000_4792_gen.wav,2
/data/DATASETS/WaveFake/jsut_multi_band_melgan/BASIC5000_3561_gen.wav,1
/data/DATASETS/WaveFake/jsut_multi_band_melgan/BASIC5000_1904_gen.wav,1
/data/DATASETS/WaveFake/jsut_parallel_wavegan/BASIC5000_4870_gen.wav,2
/data/DATASETS/WaveFake/jsut_multi_band_melgan/BASIC5000_4852_gen.wav,1
/data/DATASETS/WaveFake/jsut_multi_band_melgan/BASIC5000_4331_gen.wav,1
/data/DATASETS/WaveFake/jsut_multi_band_melgan/BASIC5000_0599_gen.wav,1
/data/DATASETS/WaveFake/jsut_parallel_wavegan/BASIC5000_0790_gen.wav,2
/data/DATASETS/WaveFake/jsut_parallel_wavegan/BASIC5000_4810_gen.wav,2
/data/DATASETS/WaveFake/jsut_parallel_wavegan/BASIC5000_3209_gen.wav,2
/data/DATASETS/WaveFake/jsut_parallel_wavegan/BASIC5000_2156_gen.wav,2
/data/DATASETS/WaveFake/jsut_multi_band_melgan/BASIC5000_3889_gen.wav,1
/data/DATASETS/WaveFake/jsut_multi_band_melgan/BASIC5000_2925_gen.wav,1
/data/DATASETS/WaveFake/jsut_parallel_wavegan/BASIC5000_4290_gen.wav,2
/data/DATASETS/WaveFake/jsut_parallel_wavegan/BASIC5000_4168_gen.wav,2
/data/DATASETS/WaveFake/jsut_multi_band_melgan/BASIC5000_1269_gen.wav,1
/data/DATASETS/WaveFake/jsut_parallel_wavegan/BASIC5000_1607_gen.wav,2
/data/DATASETS/WaveFake/jsut_parallel_wavegan/BASIC5000_3435_gen.wav,2
/data/DATASETS/WaveFake/jsut_parallel_wavegan/BASIC5000_0604_gen.wav,2
/data/DATASETS/WaveFake/jsut_parallel_wavegan/BASIC5000_4344_gen.wav,2
/data/DATASETS/WaveFake/jsut_parallel_wavegan/BASIC5000_1453_gen.wav,2
/data/DATASETS/WaveFake/jsut_parallel_wavegan/BASIC5000_3574_gen.wav,2
/data/DATASETS/WaveFake/jsut_parallel_wavegan/BASIC5000_3476_gen.wav,2
/data/DATASETS/WaveFake/jsut_multi_band_melgan/BASIC5000_4944_gen.wav,1
/data/DATASETS/WaveFake/jsut_multi_band_melgan/BASIC5000_2849_gen.wav,1
/data/DATASETS/WaveFake/jsut_parallel_wavegan/BASIC5000_4461_gen.wav,2
/data/DATASETS/WaveFake/jsut_parallel_wavegan/BASIC5000_2925_gen.wav,2
/data/DATASETS/WaveFake/jsut_parallel_wavegan/BASIC5000_0222_gen.wav,2
/data/DATASETS/WaveFake/jsut_multi_band_melgan/BASIC5000_2712_gen.wav,1
/data/DATASETS/WaveFake/jsut_parallel_wavegan/BASIC5000_0591_gen.wav,2
/data/DATASETS/WaveFake/jsut_multi_band_melgan/BASIC5000_3559_gen.wav,1
/data/DATASETS/WaveFake/jsut_multi_band_melgan/BASIC5000_2614_gen.wav,1
/data/DATASETS/WaveFake/jsut_multi_band_melgan/BASIC5000_0362_gen.wav,1
/data/DATASETS/WaveFake/jsut_multi_band_melgan/BASIC5000_1839_gen.wav,1
/data/DATASETS/WaveFake/jsut_multi_band_melgan/BASIC5000_0999_gen.wav,1
/data/DATASETS/WaveFake/jsut_parallel_wavegan/BASIC5000_2437_gen.wav,2
/data/DATASETS/WaveFake/jsut_multi_band_melgan/BASIC5000_2869_gen.wav,1
/data/DATASETS/WaveFake/jsut_multi_band_melgan/BASIC5000_4451_gen.wav,1
/data/DATASETS/WaveFake/jsut_multi_band_melgan/BASIC5000_4468_gen.wav,1
/data/DATASETS/WaveFake/jsut_multi_band_melgan/BASIC5000_4815_gen.wav,1
/data/DATASETS/WaveFake/jsut_multi_band_melgan/BASIC5000_0677_gen.wav,1
/data/DATASETS/WaveFake/jsut_multi_band_melgan/BASIC5000_2547_gen.wav,1
/data/DATASETS/WaveFake/jsut_multi_band_melgan/BASIC5000_2472_gen.wav,1
/data/DATASETS/WaveFake/jsut_parallel_wavegan/BASIC5000_2176_gen.wav,2
/data/DATASETS/WaveFake/jsut_parallel_wavegan/BASIC5000_3547_gen.wav,2
/data/DATASETS/WaveFake/jsut_multi_band_melgan/BASIC5000_2768_gen.wav,1
/data/DATASETS/WaveFake/jsut_multi_band_melgan/BASIC5000_0192_gen.wav,1
/data/DATASETS/WaveFake/jsut_parallel_wavegan/BASIC5000_3596_gen.wav,2
/data/DATASETS/WaveFake/jsut_parallel_wavegan/BASIC5000_1331_gen.wav,2
/data/DATASETS/WaveFake/jsut_multi_band_melgan/BASIC5000_1603_gen.wav,1
/data/DATASETS/WaveFake/jsut_multi_band_melgan/BASIC5000_2463_gen.wav,1
/data/DATASETS/WaveFake/jsut_parallel_wavegan/BASIC5000_4272_gen.wav,2
/data/DATASETS/WaveFake/jsut_parallel_wavegan/BASIC5000_3357_gen.wav,2
/data/DATASETS/WaveFake/jsut_multi_band_melgan/BASIC5000_0828_gen.wav,1
/data/DATASETS/WaveFake/jsut_multi_band_melgan/BASIC5000_3371_gen.wav,1
/data/DATASETS/WaveFake/jsut_parallel_wavegan/BASIC5000_2960_gen.wav,2
/data/DATASETS/WaveFake/jsut_multi_band_melgan/BASIC5000_4842_gen.wav,1
/data/DATASETS/WaveFake/jsut_multi_band_melgan/BASIC5000_3822_gen.wav,1
/data/DATASETS/WaveFake/jsut_multi_band_melgan/BASIC5000_1704_gen.wav,1
/data/DATASETS/WaveFake/jsut_parallel_wavegan/BASIC5000_0546_gen.wav,2
/data/DATASETS/WaveFake/jsut_parallel_wavegan/BASIC5000_2200_gen.wav,2
/data/DATASETS/WaveFake/jsut_multi_band_melgan/BASIC5000_4319_gen.wav,1
/data/DATASETS/WaveFake/jsut_parallel_wavegan/BASIC5000_0696_gen.wav,2
/data/DATASETS/WaveFake/jsut_parallel_wavegan/BASIC5000_1882_gen.wav,2
/data/DATASETS/WaveFake/jsut_multi_band_melgan/BASIC5000_0866_gen.wav,1
/data/DATASETS/WaveFake/jsut_parallel_wavegan/BASIC5000_3893_gen.wav,2
/data/DATASETS/WaveFake/jsut_multi_band_melgan/BASIC5000_2923_gen.wav,1
/data/DATASETS/WaveFake/jsut_parallel_wavegan/BASIC5000_3197_gen.wav,2
/data/DATASETS/WaveFake/jsut_parallel_wavegan/BASIC5000_0399_gen.wav,2
/data/DATASETS/WaveFake/jsut_parallel_wavegan/BASIC5000_0025_gen.wav,2
/data/DATASETS/WaveFake/jsut_parallel_wavegan/BASIC5000_1691_gen.wav,2
/data/DATASETS/WaveFake/jsut_multi_band_melgan/BASIC5000_2958_gen.wav,1
/data/DATASETS/WaveFake/jsut_parallel_wavegan/BASIC5000_1092_gen.wav,2
/data/DATASETS/WaveFake/jsut_parallel_wavegan/BASIC5000_0692_gen.wav,2
/data/DATASETS/WaveFake/jsut_parallel_wavegan/BASIC5000_0124_gen.wav,2
/data/DATASETS/WaveFake/jsut_multi_band_melgan/BASIC5000_3122_gen.wav,1
/data/DATASETS/WaveFake/jsut_multi_band_melgan/BASIC5000_3095_gen.wav,1
/data/DATASETS/WaveFake/jsut_parallel_wavegan/BASIC5000_0690_gen.wav,2
/data/DATASETS/WaveFake/jsut_multi_band_melgan/BASIC5000_2500_gen.wav,1
/data/DATASETS/WaveFake/jsut_multi_band_melgan/BASIC5000_3051_gen.wav,1
/data/DATASETS/WaveFake/jsut_multi_band_melgan/BASIC5000_2414_gen.wav,1
/data/DATASETS/WaveFake/jsut_multi_band_melgan/BASIC5000_4626_gen.wav,1
/data/DATASETS/WaveFake/jsut_parallel_wavegan/BASIC5000_2866_gen.wav,2
/data/DATASETS/WaveFake/jsut_parallel_wavegan/BASIC5000_2977_gen.wav,2
/data/DATASETS/WaveFake/jsut_parallel_wavegan/BASIC5000_1557_gen.wav,2
/data/DATASETS/WaveFake/jsut_parallel_wavegan/BASIC5000_0691_gen.wav,2
/data/DATASETS/WaveFake/jsut_multi_band_melgan/BASIC5000_4084_gen.wav,1
/data/DATASETS/WaveFake/jsut_multi_band_melgan/BASIC5000_4543_gen.wav,1
/data/DATASETS/WaveFake/jsut_parallel_wavegan/BASIC5000_1507_gen.wav,2
/data/DATASETS/WaveFake/jsut_multi_band_melgan/BASIC5000_4337_gen.wav,1
/data/DATASETS/WaveFake/jsut_multi_band_melgan/BASIC5000_2201_gen.wav,1
/data/DATASETS/WaveFake/jsut_multi_band_melgan/BASIC5000_0856_gen.wav,1
/data/DATASETS/WaveFake/jsut_parallel_wavegan/BASIC5000_4974_gen.wav,2
/data/DATASETS/WaveFake/jsut_parallel_wavegan/BASIC5000_0892_gen.wav,2
/data/DATASETS/WaveFake/jsut_multi_band_melgan/BASIC5000_0722_gen.wav,1
/data/DATASETS/WaveFake/jsut_parallel_wavegan/BASIC5000_3862_gen.wav,2
/data/DATASETS/WaveFake/jsut_parallel_wavegan/BASIC5000_3020_gen.wav,2
/data/DATASETS/WaveFake/jsut_multi_band_melgan/BASIC5000_3641_gen.wav,1
/data/DATASETS/WaveFake/jsut_multi_band_melgan/BASIC5000_3745_gen.wav,1
/data/DATASETS/WaveFake/jsut_parallel_wavegan/BASIC5000_3732_gen.wav,2
/data/DATASETS/WaveFake/jsut_parallel_wavegan/BASIC5000_2218_gen.wav,2
/data/DATASETS/WaveFake/jsut_parallel_wavegan/BASIC5000_4229_gen.wav,2
/data/DATASETS/WaveFake/jsut_multi_band_melgan/BASIC5000_2989_gen.wav,1
/data/DATASETS/WaveFake/jsut_multi_band_melgan/BASIC5000_4067_gen.wav,1
/data/DATASETS/WaveFake/jsut_parallel_wavegan/BASIC5000_2579_gen.wav,2
/data/DATASETS/WaveFake/jsut_multi_band_melgan/BASIC5000_4199_gen.wav,1
/data/DATASETS/WaveFake/jsut_multi_band_melgan/BASIC5000_2963_gen.wav,1
/data/DATASETS/WaveFake/jsut_parallel_wavegan/BASIC5000_2021_gen.wav,2
/data/DATASETS/WaveFake/jsut_parallel_wavegan/BASIC5000_2346_gen.wav,2
/data/DATASETS/WaveFake/jsut_multi_band_melgan/BASIC5000_1177_gen.wav,1
/data/DATASETS/WaveFake/jsut_multi_band_melgan/BASIC5000_1229_gen.wav,1
/data/DATASETS/WaveFake/jsut_parallel_wavegan/BASIC5000_4364_gen.wav,2
/data/DATASETS/WaveFake/jsut_parallel_wavegan/BASIC5000_4662_gen.wav,2
/data/DATASETS/WaveFake/jsut_parallel_wavegan/BASIC5000_3675_gen.wav,2
/data/DATASETS/WaveFake/jsut_parallel_wavegan/BASIC5000_1650_gen.wav,2
/data/DATASETS/WaveFake/jsut_parallel_wavegan/BASIC5000_1773_gen.wav,2
/data/DATASETS/WaveFake/jsut_multi_band_melgan/BASIC5000_4980_gen.wav,1
/data/DATASETS/WaveFake/jsut_multi_band_melgan/BASIC5000_1743_gen.wav,1
/data/DATASETS/WaveFake/jsut_multi_band_melgan/BASIC5000_0085_gen.wav,1
/data/DATASETS/WaveFake/jsut_parallel_wavegan/BASIC5000_0968_gen.wav,2
/data/DATASETS/WaveFake/jsut_parallel_wavegan/BASIC5000_1520_gen.wav,2
/data/DATASETS/WaveFake/jsut_parallel_wavegan/BASIC5000_0498_gen.wav,2
/data/DATASETS/WaveFake/jsut_parallel_wavegan/BASIC5000_3130_gen.wav,2
/data/DATASETS/WaveFake/jsut_parallel_wavegan/BASIC5000_4836_gen.wav,2
/data/DATASETS/WaveFake/jsut_multi_band_melgan/BASIC5000_1374_gen.wav,1
/data/DATASETS/WaveFake/jsut_multi_band_melgan/BASIC5000_1443_gen.wav,1
/data/DATASETS/WaveFake/jsut_parallel_wavegan/BASIC5000_0934_gen.wav,2
/data/DATASETS/WaveFake/jsut_parallel_wavegan/BASIC5000_3681_gen.wav,2
/data/DATASETS/WaveFake/jsut_multi_band_melgan/BASIC5000_0093_gen.wav,1
/data/DATASETS/WaveFake/jsut_parallel_wavegan/BASIC5000_2855_gen.wav,2
/data/DATASETS/WaveFake/jsut_multi_band_melgan/BASIC5000_3654_gen.wav,1
/data/DATASETS/WaveFake/jsut_parallel_wavegan/BASIC5000_3427_gen.wav,2
/data/DATASETS/WaveFake/jsut_multi_band_melgan/BASIC5000_1744_gen.wav,1
/data/DATASETS/WaveFake/jsut_multi_band_melgan/BASIC5000_4589_gen.wav,1
/data/DATASETS/WaveFake/jsut_multi_band_melgan/BASIC5000_3139_gen.wav,1
/data/DATASETS/WaveFake/jsut_parallel_wavegan/BASIC5000_1767_gen.wav,2
/data/DATASETS/WaveFake/jsut_parallel_wavegan/BASIC5000_1596_gen.wav,2
/data/DATASETS/WaveFake/jsut_parallel_wavegan/BASIC5000_2560_gen.wav,2
/data/DATASETS/WaveFake/jsut_multi_band_melgan/BASIC5000_1067_gen.wav,1
/data/DATASETS/WaveFake/jsut_multi_band_melgan/BASIC5000_2475_gen.wav,1
/data/DATASETS/WaveFake/jsut_parallel_wavegan/BASIC5000_1205_gen.wav,2
/data/DATASETS/WaveFake/jsut_parallel_wavegan/BASIC5000_2812_gen.wav,2
/data/DATASETS/WaveFake/jsut_parallel_wavegan/BASIC5000_2151_gen.wav,2
/data/DATASETS/WaveFake/jsut_multi_band_melgan/BASIC5000_3503_gen.wav,1
/data/DATASETS/WaveFake/jsut_parallel_wavegan/BASIC5000_1903_gen.wav,2
/data/DATASETS/WaveFake/jsut_parallel_wavegan/BASIC5000_3230_gen.wav,2
/data/DATASETS/WaveFake/jsut_parallel_wavegan/BASIC5000_4716_gen.wav,2
/data/DATASETS/WaveFake/jsut_parallel_wavegan/BASIC5000_4198_gen.wav,2
/data/DATASETS/WaveFake/jsut_parallel_wavegan/BASIC5000_1090_gen.wav,2
/data/DATASETS/WaveFake/jsut_parallel_wavegan/BASIC5000_3308_gen.wav,2
/data/DATASETS/WaveFake/jsut_parallel_wavegan/BASIC5000_0218_gen.wav,2
/data/DATASETS/WaveFake/jsut_parallel_wavegan/BASIC5000_2592_gen.wav,2
/data/DATASETS/WaveFake/jsut_multi_band_melgan/BASIC5000_1984_gen.wav,1
/data/DATASETS/WaveFake/jsut_parallel_wavegan/BASIC5000_2733_gen.wav,2
/data/DATASETS/WaveFake/jsut_multi_band_melgan/BASIC5000_0244_gen.wav,1
/data/DATASETS/WaveFake/jsut_multi_band_melgan/BASIC5000_4584_gen.wav,1
/data/DATASETS/WaveFake/jsut_parallel_wavegan/BASIC5000_4085_gen.wav,2
/data/DATASETS/WaveFake/jsut_multi_band_melgan/BASIC5000_1663_gen.wav,1
/data/DATASETS/WaveFake/jsut_parallel_wavegan/BASIC5000_4545_gen.wav,2
/data/DATASETS/WaveFake/jsut_parallel_wavegan/BASIC5000_0341_gen.wav,2
/data/DATASETS/WaveFake/jsut_multi_band_melgan/BASIC5000_3174_gen.wav,1
/data/DATASETS/WaveFake/jsut_multi_band_melgan/BASIC5000_2384_gen.wav,1
/data/DATASETS/WaveFake/jsut_parallel_wavegan/BASIC5000_1357_gen.wav,2
/data/DATASETS/WaveFake/jsut_parallel_wavegan/BASIC5000_4196_gen.wav,2
/data/DATASETS/WaveFake/jsut_parallel_wavegan/BASIC5000_3016_gen.wav,2
/data/DATASETS/WaveFake/jsut_parallel_wavegan/BASIC5000_2641_gen.wav,2
/data/DATASETS/WaveFake/jsut_multi_band_melgan/BASIC5000_0912_gen.wav,1
/data/DATASETS/WaveFake/jsut_multi_band_melgan/BASIC5000_3382_gen.wav,1
/data/DATASETS/WaveFake/jsut_parallel_wavegan/BASIC5000_2999_gen.wav,2
/data/DATASETS/WaveFake/jsut_multi_band_melgan/BASIC5000_0480_gen.wav,1
/data/DATASETS/WaveFake/jsut_multi_band_melgan/BASIC5000_3480_gen.wav,1
/data/DATASETS/WaveFake/jsut_multi_band_melgan/BASIC5000_3863_gen.wav,1
/data/DATASETS/WaveFake/jsut_parallel_wavegan/BASIC5000_3549_gen.wav,2
/data/DATASETS/WaveFake/jsut_multi_band_melgan/BASIC5000_0909_gen.wav,1
/data/DATASETS/WaveFake/jsut_parallel_wavegan/BASIC5000_3383_gen.wav,2
/data/DATASETS/WaveFake/jsut_parallel_wavegan/BASIC5000_1046_gen.wav,2
/data/DATASETS/WaveFake/jsut_parallel_wavegan/BASIC5000_2046_gen.wav,2
/data/DATASETS/WaveFake/jsut_multi_band_melgan/BASIC5000_3183_gen.wav,1
/data/DATASETS/WaveFake/jsut_multi_band_melgan/BASIC5000_3787_gen.wav,1
/data/DATASETS/WaveFake/jsut_parallel_wavegan/BASIC5000_1651_gen.wav,2
/data/DATASETS/WaveFake/jsut_parallel_wavegan/BASIC5000_1653_gen.wav,2
/data/DATASETS/WaveFake/jsut_parallel_wavegan/BASIC5000_2764_gen.wav,2
/data/DATASETS/WaveFake/jsut_multi_band_melgan/BASIC5000_2725_gen.wav,1
/data/DATASETS/WaveFake/jsut_parallel_wavegan/BASIC5000_4582_gen.wav,2
/data/DATASETS/WaveFake/jsut_parallel_wavegan/BASIC5000_2518_gen.wav,2
/data/DATASETS/WaveFake/jsut_parallel_wavegan/BASIC5000_1447_gen.wav,2
/data/DATASETS/WaveFake/jsut_multi_band_melgan/BASIC5000_3761_gen.wav,1
/data/DATASETS/WaveFake/jsut_multi_band_melgan/BASIC5000_0042_gen.wav,1
/data/DATASETS/WaveFake/jsut_multi_band_melgan/BASIC5000_1656_gen.wav,1
/data/DATASETS/WaveFake/jsut_parallel_wavegan/BASIC5000_3539_gen.wav,2
/data/DATASETS/WaveFake/jsut_parallel_wavegan/BASIC5000_3981_gen.wav,2
/data/DATASETS/WaveFake/jsut_parallel_wavegan/BASIC5000_1343_gen.wav,2
/data/DATASETS/WaveFake/jsut_parallel_wavegan/BASIC5000_2303_gen.wav,2
/data/DATASETS/WaveFake/jsut_parallel_wavegan/BASIC5000_1260_gen.wav,2
/data/DATASETS/WaveFake/jsut_multi_band_melgan/BASIC5000_2592_gen.wav,1
/data/DATASETS/WaveFake/jsut_parallel_wavegan/BASIC5000_1265_gen.wav,2
/data/DATASETS/WaveFake/jsut_parallel_wavegan/BASIC5000_0342_gen.wav,2
/data/DATASETS/WaveFake/jsut_multi_band_melgan/BASIC5000_1884_gen.wav,1
/data/DATASETS/WaveFake/jsut_multi_band_melgan/BASIC5000_4377_gen.wav,1
/data/DATASETS/WaveFake/jsut_multi_band_melgan/BASIC5000_4338_gen.wav,1
/data/DATASETS/WaveFake/jsut_parallel_wavegan/BASIC5000_1906_gen.wav,2
/data/DATASETS/WaveFake/jsut_parallel_wavegan/BASIC5000_2124_gen.wav,2
/data/DATASETS/WaveFake/jsut_parallel_wavegan/BASIC5000_1923_gen.wav,2
/data/DATASETS/WaveFake/jsut_multi_band_melgan/BASIC5000_2623_gen.wav,1
/data/DATASETS/WaveFake/jsut_parallel_wavegan/BASIC5000_0361_gen.wav,2
/data/DATASETS/WaveFake/jsut_parallel_wavegan/BASIC5000_0378_gen.wav,2
/data/DATASETS/WaveFake/jsut_multi_band_melgan/BASIC5000_3360_gen.wav,1
/data/DATASETS/WaveFake/jsut_multi_band_melgan/BASIC5000_1028_gen.wav,1
/data/DATASETS/WaveFake/jsut_multi_band_melgan/BASIC5000_0902_gen.wav,1
/data/DATASETS/WaveFake/jsut_parallel_wavegan/BASIC5000_0520_gen.wav,2
/data/DATASETS/WaveFake/jsut_parallel_wavegan/BASIC5000_1289_gen.wav,2
/data/DATASETS/WaveFake/jsut_multi_band_melgan/BASIC5000_1491_gen.wav,1
/data/DATASETS/WaveFake/jsut_parallel_wavegan/BASIC5000_2362_gen.wav,2
/data/DATASETS/WaveFake/jsut_multi_band_melgan/BASIC5000_3464_gen.wav,1
/data/DATASETS/WaveFake/jsut_multi_band_melgan/BASIC5000_2190_gen.wav,1
/data/DATASETS/WaveFake/jsut_multi_band_melgan/BASIC5000_2997_gen.wav,1
/data/DATASETS/WaveFake/jsut_parallel_wavegan/BASIC5000_1918_gen.wav,2
/data/DATASETS/WaveFake/jsut_parallel_wavegan/BASIC5000_1464_gen.wav,2
/data/DATASETS/WaveFake/jsut_parallel_wavegan/BASIC5000_0828_gen.wav,2
/data/DATASETS/WaveFake/jsut_multi_band_melgan/BASIC5000_1879_gen.wav,1
/data/DATASETS/WaveFake/jsut_parallel_wavegan/BASIC5000_0376_gen.wav,2
/data/DATASETS/WaveFake/jsut_parallel_wavegan/BASIC5000_1840_gen.wav,2
/data/DATASETS/WaveFake/jsut_multi_band_melgan/BASIC5000_3814_gen.wav,1
/data/DATASETS/WaveFake/jsut_parallel_wavegan/BASIC5000_1869_gen.wav,2
/data/DATASETS/WaveFake/jsut_multi_band_melgan/BASIC5000_4828_gen.wav,1
/data/DATASETS/WaveFake/jsut_parallel_wavegan/BASIC5000_3384_gen.wav,2
/data/DATASETS/WaveFake/jsut_parallel_wavegan/BASIC5000_1437_gen.wav,2
/data/DATASETS/WaveFake/jsut_parallel_wavegan/BASIC5000_2222_gen.wav,2
/data/DATASETS/WaveFake/jsut_parallel_wavegan/BASIC5000_2061_gen.wav,2
/data/DATASETS/WaveFake/jsut_multi_band_melgan/BASIC5000_0751_gen.wav,1
/data/DATASETS/WaveFake/jsut_multi_band_melgan/BASIC5000_0519_gen.wav,1
/data/DATASETS/WaveFake/jsut_parallel_wavegan/BASIC5000_0438_gen.wav,2
/data/DATASETS/WaveFake/jsut_parallel_wavegan/BASIC5000_1474_gen.wav,2
/data/DATASETS/WaveFake/jsut_multi_band_melgan/BASIC5000_3828_gen.wav,1
/data/DATASETS/WaveFake/jsut_multi_band_melgan/BASIC5000_1452_gen.wav,1
/data/DATASETS/WaveFake/jsut_parallel_wavegan/BASIC5000_3727_gen.wav,2
/data/DATASETS/WaveFake/jsut_parallel_wavegan/BASIC5000_4280_gen.wav,2
/data/DATASETS/WaveFake/jsut_multi_band_melgan/BASIC5000_0332_gen.wav,1
/data/DATASETS/WaveFake/jsut_multi_band_melgan/BASIC5000_4569_gen.wav,1
/data/DATASETS/WaveFake/jsut_multi_band_melgan/BASIC5000_4596_gen.wav,1
/data/DATASETS/WaveFake/jsut_multi_band_melgan/BASIC5000_0913_gen.wav,1
/data/DATASETS/WaveFake/jsut_multi_band_melgan/BASIC5000_0310_gen.wav,1
/data/DATASETS/WaveFake/jsut_multi_band_melgan/BASIC5000_3875_gen.wav,1
/data/DATASETS/WaveFake/jsut_multi_band_melgan/BASIC5000_0165_gen.wav,1
/data/DATASETS/WaveFake/jsut_multi_band_melgan/BASIC5000_3394_gen.wav,1
/data/DATASETS/WaveFake/jsut_multi_band_melgan/BASIC5000_1453_gen.wav,1
/data/DATASETS/WaveFake/jsut_multi_band_melgan/BASIC5000_2409_gen.wav,1
/data/DATASETS/WaveFake/jsut_multi_band_melgan/BASIC5000_3805_gen.wav,1
/data/DATASETS/WaveFake/jsut_multi_band_melgan/BASIC5000_0298_gen.wav,1
/data/DATASETS/WaveFake/jsut_parallel_wavegan/BASIC5000_1240_gen.wav,2
/data/DATASETS/WaveFake/jsut_multi_band_melgan/BASIC5000_4060_gen.wav,1
/data/DATASETS/WaveFake/jsut_parallel_wavegan/BASIC5000_3236_gen.wav,2
/data/DATASETS/WaveFake/jsut_parallel_wavegan/BASIC5000_4003_gen.wav,2
/data/DATASETS/WaveFake/jsut_multi_band_melgan/BASIC5000_3963_gen.wav,1
/data/DATASETS/WaveFake/jsut_multi_band_melgan/BASIC5000_1604_gen.wav,1
/data/DATASETS/WaveFake/jsut_parallel_wavegan/BASIC5000_3061_gen.wav,2
/data/DATASETS/WaveFake/jsut_parallel_wavegan/BASIC5000_4502_gen.wav,2
/data/DATASETS/WaveFake/jsut_parallel_wavegan/BASIC5000_0877_gen.wav,2
/data/DATASETS/WaveFake/jsut_parallel_wavegan/BASIC5000_1084_gen.wav,2
/data/DATASETS/WaveFake/jsut_parallel_wavegan/BASIC5000_1830_gen.wav,2
/data/DATASETS/WaveFake/jsut_multi_band_melgan/BASIC5000_3358_gen.wav,1
/data/DATASETS/WaveFake/jsut_parallel_wavegan/BASIC5000_3263_gen.wav,2
/data/DATASETS/WaveFake/jsut_parallel_wavegan/BASIC5000_4779_gen.wav,2
/data/DATASETS/WaveFake/jsut_parallel_wavegan/BASIC5000_3960_gen.wav,2
/data/DATASETS/WaveFake/jsut_multi_band_melgan/BASIC5000_4113_gen.wav,1
/data/DATASETS/WaveFake/jsut_multi_band_melgan/BASIC5000_4978_gen.wav,1
/data/DATASETS/WaveFake/jsut_multi_band_melgan/BASIC5000_4034_gen.wav,1
/data/DATASETS/WaveFake/jsut_parallel_wavegan/BASIC5000_0312_gen.wav,2
/data/DATASETS/WaveFake/jsut_parallel_wavegan/BASIC5000_2360_gen.wav,2
/data/DATASETS/WaveFake/jsut_multi_band_melgan/BASIC5000_3468_gen.wav,1
/data/DATASETS/WaveFake/jsut_multi_band_melgan/BASIC5000_4811_gen.wav,1
/data/DATASETS/WaveFake/jsut_multi_band_melgan/BASIC5000_2092_gen.wav,1
/data/DATASETS/WaveFake/jsut_parallel_wavegan/BASIC5000_3860_gen.wav,2
/data/DATASETS/WaveFake/jsut_multi_band_melgan/BASIC5000_4010_gen.wav,1
/data/DATASETS/WaveFake/jsut_multi_band_melgan/BASIC5000_4412_gen.wav,1
/data/DATASETS/WaveFake/jsut_multi_band_melgan/BASIC5000_2985_gen.wav,1
/data/DATASETS/WaveFake/jsut_multi_band_melgan/BASIC5000_3804_gen.wav,1
/data/DATASETS/WaveFake/jsut_multi_band_melgan/BASIC5000_0980_gen.wav,1
/data/DATASETS/WaveFake/jsut_parallel_wavegan/BASIC5000_4914_gen.wav,2
/data/DATASETS/WaveFake/jsut_parallel_wavegan/BASIC5000_3049_gen.wav,2
/data/DATASETS/WaveFake/jsut_multi_band_melgan/BASIC5000_2850_gen.wav,1
/data/DATASETS/WaveFake/jsut_parallel_wavegan/BASIC5000_3945_gen.wav,2
/data/DATASETS/WaveFake/jsut_multi_band_melgan/BASIC5000_4336_gen.wav,1
/data/DATASETS/WaveFake/jsut_parallel_wavegan/BASIC5000_3241_gen.wav,2
/data/DATASETS/WaveFake/jsut_parallel_wavegan/BASIC5000_3017_gen.wav,2
/data/DATASETS/WaveFake/jsut_multi_band_melgan/BASIC5000_1101_gen.wav,1
/data/DATASETS/WaveFake/jsut_multi_band_melgan/BASIC5000_1679_gen.wav,1
/data/DATASETS/WaveFake/jsut_multi_band_melgan/BASIC5000_2395_gen.wav,1
/data/DATASETS/WaveFake/jsut_multi_band_melgan/BASIC5000_4057_gen.wav,1
/data/DATASETS/WaveFake/jsut_multi_band_melgan/BASIC5000_3713_gen.wav,1
/data/DATASETS/WaveFake/jsut_parallel_wavegan/BASIC5000_4700_gen.wav,2
/data/DATASETS/WaveFake/jsut_multi_band_melgan/BASIC5000_0776_gen.wav,1
/data/DATASETS/WaveFake/jsut_parallel_wavegan/BASIC5000_0574_gen.wav,2
/data/DATASETS/WaveFake/jsut_multi_band_melgan/BASIC5000_3159_gen.wav,1
/data/DATASETS/WaveFake/jsut_multi_band_melgan/BASIC5000_4997_gen.wav,1
/data/DATASETS/WaveFake/jsut_parallel_wavegan/BASIC5000_2858_gen.wav,2
/data/DATASETS/WaveFake/jsut_multi_band_melgan/BASIC5000_4025_gen.wav,1
/data/DATASETS/WaveFake/jsut_multi_band_melgan/BASIC5000_2859_gen.wav,1
/data/DATASETS/WaveFake/jsut_parallel_wavegan/BASIC5000_2938_gen.wav,2
/data/DATASETS/WaveFake/jsut_multi_band_melgan/BASIC5000_0586_gen.wav,1
/data/DATASETS/WaveFake/jsut_multi_band_melgan/BASIC5000_2999_gen.wav,1
/data/DATASETS/WaveFake/jsut_parallel_wavegan/BASIC5000_1192_gen.wav,2
/data/DATASETS/WaveFake/jsut_multi_band_melgan/BASIC5000_2370_gen.wav,1
/data/DATASETS/WaveFake/jsut_multi_band_melgan/BASIC5000_2560_gen.wav,1
/data/DATASETS/WaveFake/jsut_parallel_wavegan/BASIC5000_1609_gen.wav,2
/data/DATASETS/WaveFake/jsut_multi_band_melgan/BASIC5000_0013_gen.wav,1
/data/DATASETS/WaveFake/jsut_parallel_wavegan/BASIC5000_0916_gen.wav,2
/data/DATASETS/WaveFake/jsut_parallel_wavegan/BASIC5000_2371_gen.wav,2
/data/DATASETS/WaveFake/jsut_multi_band_melgan/BASIC5000_1549_gen.wav,1
/data/DATASETS/WaveFake/jsut_parallel_wavegan/BASIC5000_4573_gen.wav,2
/data/DATASETS/WaveFake/jsut_multi_band_melgan/BASIC5000_1766_gen.wav,1
/data/DATASETS/WaveFake/jsut_multi_band_melgan/BASIC5000_3260_gen.wav,1
/data/DATASETS/WaveFake/jsut_multi_band_melgan/BASIC5000_3608_gen.wav,1
/data/DATASETS/WaveFake/jsut_parallel_wavegan/BASIC5000_1711_gen.wav,2
/data/DATASETS/WaveFake/jsut_multi_band_melgan/BASIC5000_2720_gen.wav,1
/data/DATASETS/WaveFake/jsut_parallel_wavegan/BASIC5000_3287_gen.wav,2
/data/DATASETS/WaveFake/jsut_parallel_wavegan/BASIC5000_3430_gen.wav,2
/data/DATASETS/WaveFake/jsut_parallel_wavegan/BASIC5000_3112_gen.wav,2
/data/DATASETS/WaveFake/jsut_parallel_wavegan/BASIC5000_2511_gen.wav,2
/data/DATASETS/WaveFake/jsut_parallel_wavegan/BASIC5000_4352_gen.wav,2
/data/DATASETS/WaveFake/jsut_multi_band_melgan/BASIC5000_3616_gen.wav,1
/data/DATASETS/WaveFake/jsut_multi_band_melgan/BASIC5000_0375_gen.wav,1
/data/DATASETS/WaveFake/jsut_multi_band_melgan/BASIC5000_0653_gen.wav,1
/data/DATASETS/WaveFake/jsut_multi_band_melgan/BASIC5000_4383_gen.wav,1
/data/DATASETS/WaveFake/jsut_multi_band_melgan/BASIC5000_0429_gen.wav,1
/data/DATASETS/WaveFake/jsut_parallel_wavegan/BASIC5000_4059_gen.wav,2
/data/DATASETS/WaveFake/jsut_parallel_wavegan/BASIC5000_4258_gen.wav,2
/data/DATASETS/WaveFake/jsut_parallel_wavegan/BASIC5000_0377_gen.wav,2
/data/DATASETS/WaveFake/jsut_parallel_wavegan/BASIC5000_3586_gen.wav,2
/data/DATASETS/WaveFake/jsut_parallel_wavegan/BASIC5000_0330_gen.wav,2
/data/DATASETS/WaveFake/jsut_multi_band_melgan/BASIC5000_4674_gen.wav,1
/data/DATASETS/WaveFake/jsut_multi_band_melgan/BASIC5000_3852_gen.wav,1
/data/DATASETS/WaveFake/jsut_parallel_wavegan/BASIC5000_4684_gen.wav,2
/data/DATASETS/WaveFake/jsut_multi_band_melgan/BASIC5000_1261_gen.wav,1
/data/DATASETS/WaveFake/jsut_parallel_wavegan/BASIC5000_2817_gen.wav,2
/data/DATASETS/WaveFake/jsut_multi_band_melgan/BASIC5000_3859_gen.wav,1
/data/DATASETS/WaveFake/jsut_multi_band_melgan/BASIC5000_4559_gen.wav,1
/data/DATASETS/WaveFake/jsut_parallel_wavegan/BASIC5000_1473_gen.wav,2
/data/DATASETS/WaveFake/jsut_multi_band_melgan/BASIC5000_2158_gen.wav,1
/data/DATASETS/WaveFake/jsut_multi_band_melgan/BASIC5000_2594_gen.wav,1
/data/DATASETS/WaveFake/jsut_parallel_wavegan/BASIC5000_2084_gen.wav,2
/data/DATASETS/WaveFake/jsut_parallel_wavegan/BASIC5000_2309_gen.wav,2
/data/DATASETS/WaveFake/jsut_multi_band_melgan/BASIC5000_2451_gen.wav,1
/data/DATASETS/WaveFake/jsut_multi_band_melgan/BASIC5000_2435_gen.wav,1
/data/DATASETS/WaveFake/jsut_multi_band_melgan/BASIC5000_1031_gen.wav,1
/data/DATASETS/WaveFake/jsut_parallel_wavegan/BASIC5000_1009_gen.wav,2
/data/DATASETS/WaveFake/jsut_multi_band_melgan/BASIC5000_3809_gen.wav,1
/data/DATASETS/WaveFake/jsut_multi_band_melgan/BASIC5000_2176_gen.wav,1
/data/DATASETS/WaveFake/jsut_parallel_wavegan/BASIC5000_0815_gen.wav,2
/data/DATASETS/WaveFake/jsut_multi_band_melgan/BASIC5000_4093_gen.wav,1
/data/DATASETS/WaveFake/jsut_parallel_wavegan/BASIC5000_3749_gen.wav,2
/data/DATASETS/WaveFake/jsut_multi_band_melgan/BASIC5000_3712_gen.wav,1
/data/DATASETS/WaveFake/jsut_multi_band_melgan/BASIC5000_0079_gen.wav,1
/data/DATASETS/WaveFake/jsut_parallel_wavegan/BASIC5000_3136_gen.wav,2
/data/DATASETS/WaveFake/jsut_multi_band_melgan/BASIC5000_1059_gen.wav,1
/data/DATASETS/WaveFake/jsut_parallel_wavegan/BASIC5000_4232_gen.wav,2
/data/DATASETS/WaveFake/jsut_multi_band_melgan/BASIC5000_3775_gen.wav,1
/data/DATASETS/WaveFake/jsut_parallel_wavegan/BASIC5000_1564_gen.wav,2
/data/DATASETS/WaveFake/jsut_parallel_wavegan/BASIC5000_0702_gen.wav,2
/data/DATASETS/WaveFake/jsut_multi_band_melgan/BASIC5000_1355_gen.wav,1
/data/DATASETS/WaveFake/jsut_multi_band_melgan/BASIC5000_3929_gen.wav,1
/data/DATASETS/WaveFake/jsut_multi_band_melgan/BASIC5000_0249_gen.wav,1
/data/DATASETS/WaveFake/jsut_multi_band_melgan/BASIC5000_1321_gen.wav,1
/data/DATASETS/WaveFake/jsut_parallel_wavegan/BASIC5000_3520_gen.wav,2
/data/DATASETS/WaveFake/jsut_parallel_wavegan/BASIC5000_3110_gen.wav,2
/data/DATASETS/WaveFake/jsut_parallel_wavegan/BASIC5000_0410_gen.wav,2
/data/DATASETS/WaveFake/jsut_multi_band_melgan/BASIC5000_3858_gen.wav,1
/data/DATASETS/WaveFake/jsut_parallel_wavegan/BASIC5000_4397_gen.wav,2
/data/DATASETS/WaveFake/jsut_parallel_wavegan/BASIC5000_4732_gen.wav,2
/data/DATASETS/WaveFake/jsut_multi_band_melgan/BASIC5000_0924_gen.wav,1
/data/DATASETS/WaveFake/jsut_parallel_wavegan/BASIC5000_2958_gen.wav,2
/data/DATASETS/WaveFake/jsut_multi_band_melgan/BASIC5000_3920_gen.wav,1
/data/DATASETS/WaveFake/jsut_parallel_wavegan/BASIC5000_4006_gen.wav,2
/data/DATASETS/WaveFake/jsut_parallel_wavegan/BASIC5000_4103_gen.wav,2
/data/DATASETS/WaveFake/jsut_parallel_wavegan/BASIC5000_3948_gen.wav,2
/data/DATASETS/WaveFake/jsut_parallel_wavegan/BASIC5000_4499_gen.wav,2
/data/DATASETS/WaveFake/jsut_multi_band_melgan/BASIC5000_3116_gen.wav,1
/data/DATASETS/WaveFake/jsut_multi_band_melgan/BASIC5000_3315_gen.wav,1
/data/DATASETS/WaveFake/jsut_multi_band_melgan/BASIC5000_2734_gen.wav,1
/data/DATASETS/WaveFake/jsut_parallel_wavegan/BASIC5000_4806_gen.wav,2
/data/DATASETS/WaveFake/jsut_parallel_wavegan/BASIC5000_4186_gen.wav,2
/data/DATASETS/WaveFake/jsut_multi_band_melgan/BASIC5000_0958_gen.wav,1
/data/DATASETS/WaveFake/jsut_multi_band_melgan/BASIC5000_3696_gen.wav,1
/data/DATASETS/WaveFake/jsut_multi_band_melgan/BASIC5000_2764_gen.wav,1
/data/DATASETS/WaveFake/jsut_multi_band_melgan/BASIC5000_2802_gen.wav,1
/data/DATASETS/WaveFake/jsut_multi_band_melgan/BASIC5000_4579_gen.wav,1
/data/DATASETS/WaveFake/jsut_parallel_wavegan/BASIC5000_4241_gen.wav,2
/data/DATASETS/WaveFake/jsut_multi_band_melgan/BASIC5000_0901_gen.wav,1
/data/DATASETS/WaveFake/jsut_parallel_wavegan/BASIC5000_3704_gen.wav,2
/data/DATASETS/WaveFake/jsut_parallel_wavegan/BASIC5000_1204_gen.wav,2
/data/DATASETS/WaveFake/jsut_parallel_wavegan/BASIC5000_1736_gen.wav,2
/data/DATASETS/WaveFake/jsut_parallel_wavegan/BASIC5000_0901_gen.wav,2
/data/DATASETS/WaveFake/jsut_multi_band_melgan/BASIC5000_0997_gen.wav,1
/data/DATASETS/WaveFake/jsut_multi_band_melgan/BASIC5000_1499_gen.wav,1
/data/DATASETS/WaveFake/jsut_multi_band_melgan/BASIC5000_1426_gen.wav,1
/data/DATASETS/WaveFake/jsut_multi_band_melgan/BASIC5000_4404_gen.wav,1
/data/DATASETS/WaveFake/jsut_multi_band_melgan/BASIC5000_0963_gen.wav,1
/data/DATASETS/WaveFake/jsut_multi_band_melgan/BASIC5000_2130_gen.wav,1
/data/DATASETS/WaveFake/jsut_parallel_wavegan/BASIC5000_1386_gen.wav,2
/data/DATASETS/WaveFake/jsut_multi_band_melgan/BASIC5000_4700_gen.wav,1
/data/DATASETS/WaveFake/jsut_multi_band_melgan/BASIC5000_2416_gen.wav,1
/data/DATASETS/WaveFake/jsut_parallel_wavegan/BASIC5000_4827_gen.wav,2
/data/DATASETS/WaveFake/jsut_multi_band_melgan/BASIC5000_3737_gen.wav,1
/data/DATASETS/WaveFake/jsut_parallel_wavegan/BASIC5000_3655_gen.wav,2
/data/DATASETS/WaveFake/jsut_parallel_wavegan/BASIC5000_4611_gen.wav,2
/data/DATASETS/WaveFake/jsut_multi_band_melgan/BASIC5000_0552_gen.wav,1
/data/DATASETS/WaveFake/jsut_multi_band_melgan/BASIC5000_2496_gen.wav,1
/data/DATASETS/WaveFake/jsut_multi_band_melgan/BASIC5000_4926_gen.wav,1
/data/DATASETS/WaveFake/jsut_multi_band_melgan/BASIC5000_4141_gen.wav,1
/data/DATASETS/WaveFake/jsut_multi_band_melgan/BASIC5000_2763_gen.wav,1
/data/DATASETS/WaveFake/jsut_multi_band_melgan/BASIC5000_3494_gen.wav,1
/data/DATASETS/WaveFake/jsut_parallel_wavegan/BASIC5000_1023_gen.wav,2
/data/DATASETS/WaveFake/jsut_multi_band_melgan/BASIC5000_0782_gen.wav,1
/data/DATASETS/WaveFake/jsut_parallel_wavegan/BASIC5000_1017_gen.wav,2
/data/DATASETS/WaveFake/jsut_multi_band_melgan/BASIC5000_3151_gen.wav,1
/data/DATASETS/WaveFake/jsut_parallel_wavegan/BASIC5000_3926_gen.wav,2
/data/DATASETS/WaveFake/jsut_multi_band_melgan/BASIC5000_4296_gen.wav,1
/data/DATASETS/WaveFake/jsut_parallel_wavegan/BASIC5000_0777_gen.wav,2
/data/DATASETS/WaveFake/jsut_multi_band_melgan/BASIC5000_2307_gen.wav,1
/data/DATASETS/WaveFake/jsut_parallel_wavegan/BASIC5000_1395_gen.wav,2
/data/DATASETS/WaveFake/jsut_multi_band_melgan/BASIC5000_4705_gen.wav,1
/data/DATASETS/WaveFake/jsut_multi_band_melgan/BASIC5000_2789_gen.wav,1
/data/DATASETS/WaveFake/jsut_parallel_wavegan/BASIC5000_1465_gen.wav,2
/data/DATASETS/WaveFake/jsut_multi_band_melgan/BASIC5000_3505_gen.wav,1
/data/DATASETS/WaveFake/jsut_multi_band_melgan/BASIC5000_4715_gen.wav,1
/data/DATASETS/WaveFake/jsut_parallel_wavegan/BASIC5000_0393_gen.wav,2
/data/DATASETS/WaveFake/jsut_multi_band_melgan/BASIC5000_1221_gen.wav,1
/data/DATASETS/WaveFake/jsut_parallel_wavegan/BASIC5000_4634_gen.wav,2
/data/DATASETS/WaveFake/jsut_parallel_wavegan/BASIC5000_2041_gen.wav,2
/data/DATASETS/WaveFake/jsut_parallel_wavegan/BASIC5000_1301_gen.wav,2
/data/DATASETS/WaveFake/jsut_parallel_wavegan/BASIC5000_3271_gen.wav,2
/data/DATASETS/WaveFake/jsut_multi_band_melgan/BASIC5000_0027_gen.wav,1
/data/DATASETS/WaveFake/jsut_multi_band_melgan/BASIC5000_4147_gen.wav,1
/data/DATASETS/WaveFake/jsut_multi_band_melgan/BASIC5000_3245_gen.wav,1
/data/DATASETS/WaveFake/jsut_parallel_wavegan/BASIC5000_2393_gen.wav,2
/data/DATASETS/WaveFake/jsut_multi_band_melgan/BASIC5000_4773_gen.wav,1
/data/DATASETS/WaveFake/jsut_parallel_wavegan/BASIC5000_4816_gen.wav,2
/data/DATASETS/WaveFake/jsut_multi_band_melgan/BASIC5000_4545_gen.wav,1
/data/DATASETS/WaveFake/jsut_parallel_wavegan/BASIC5000_3253_gen.wav,2
/data/DATASETS/WaveFake/jsut_parallel_wavegan/BASIC5000_4537_gen.wav,2
/data/DATASETS/WaveFake/jsut_multi_band_melgan/BASIC5000_2342_gen.wav,1
/data/DATASETS/WaveFake/jsut_multi_band_melgan/BASIC5000_3892_gen.wav,1
/data/DATASETS/WaveFake/jsut_parallel_wavegan/BASIC5000_2386_gen.wav,2
/data/DATASETS/WaveFake/jsut_multi_band_melgan/BASIC5000_2351_gen.wav,1
/data/DATASETS/WaveFake/jsut_multi_band_melgan/BASIC5000_2819_gen.wav,1
/data/DATASETS/WaveFake/jsut_multi_band_melgan/BASIC5000_4778_gen.wav,1
/data/DATASETS/WaveFake/jsut_parallel_wavegan/BASIC5000_0825_gen.wav,2
/data/DATASETS/WaveFake/jsut_parallel_wavegan/BASIC5000_3968_gen.wav,2
/data/DATASETS/WaveFake/jsut_parallel_wavegan/BASIC5000_3503_gen.wav,2
/data/DATASETS/WaveFake/jsut_multi_band_melgan/BASIC5000_4290_gen.wav,1
/data/DATASETS/WaveFake/jsut_multi_band_melgan/BASIC5000_3975_gen.wav,1
/data/DATASETS/WaveFake/jsut_multi_band_melgan/BASIC5000_4441_gen.wav,1
/data/DATASETS/WaveFake/jsut_parallel_wavegan/BASIC5000_2133_gen.wav,2
/data/DATASETS/WaveFake/jsut_parallel_wavegan/BASIC5000_0238_gen.wav,2
/data/DATASETS/WaveFake/jsut_multi_band_melgan/BASIC5000_1670_gen.wav,1
/data/DATASETS/WaveFake/jsut_parallel_wavegan/BASIC5000_4351_gen.wav,2
/data/DATASETS/WaveFake/jsut_parallel_wavegan/BASIC5000_1569_gen.wav,2
/data/DATASETS/WaveFake/jsut_parallel_wavegan/BASIC5000_4623_gen.wav,2
/data/DATASETS/WaveFake/jsut_multi_band_melgan/BASIC5000_0701_gen.wav,1
/data/DATASETS/WaveFake/jsut_parallel_wavegan/BASIC5000_4780_gen.wav,2
/data/DATASETS/WaveFake/jsut_multi_band_melgan/BASIC5000_2083_gen.wav,1
/data/DATASETS/WaveFake/jsut_multi_band_melgan/BASIC5000_1027_gen.wav,1
/data/DATASETS/WaveFake/jsut_parallel_wavegan/BASIC5000_1184_gen.wav,2
/data/DATASETS/WaveFake/jsut_parallel_wavegan/BASIC5000_1530_gen.wav,2
/data/DATASETS/WaveFake/jsut_multi_band_melgan/BASIC5000_2183_gen.wav,1
/data/DATASETS/WaveFake/jsut_parallel_wavegan/BASIC5000_4202_gen.wav,2
/data/DATASETS/WaveFake/jsut_parallel_wavegan/BASIC5000_2918_gen.wav,2
/data/DATASETS/WaveFake/jsut_multi_band_melgan/BASIC5000_3899_gen.wav,1
/data/DATASETS/WaveFake/jsut_parallel_wavegan/BASIC5000_3397_gen.wav,2
/data/DATASETS/WaveFake/jsut_multi_band_melgan/BASIC5000_2275_gen.wav,1
/data/DATASETS/WaveFake/jsut_multi_band_melgan/BASIC5000_4161_gen.wav,1
/data/DATASETS/WaveFake/jsut_multi_band_melgan/BASIC5000_4351_gen.wav,1
/data/DATASETS/WaveFake/jsut_multi_band_melgan/BASIC5000_0266_gen.wav,1
/data/DATASETS/WaveFake/jsut_parallel_wavegan/BASIC5000_3218_gen.wav,2
/data/DATASETS/WaveFake/jsut_parallel_wavegan/BASIC5000_1459_gen.wav,2
/data/DATASETS/WaveFake/jsut_parallel_wavegan/BASIC5000_2725_gen.wav,2
/data/DATASETS/WaveFake/jsut_multi_band_melgan/BASIC5000_0303_gen.wav,1
/data/DATASETS/WaveFake/jsut_parallel_wavegan/BASIC5000_4132_gen.wav,2
/data/DATASETS/WaveFake/jsut_multi_band_melgan/BASIC5000_2677_gen.wav,1
/data/DATASETS/WaveFake/jsut_multi_band_melgan/BASIC5000_0177_gen.wav,1
/data/DATASETS/WaveFake/jsut_multi_band_melgan/BASIC5000_0789_gen.wav,1
/data/DATASETS/WaveFake/jsut_multi_band_melgan/BASIC5000_4434_gen.wav,1
/data/DATASETS/WaveFake/jsut_parallel_wavegan/BASIC5000_2293_gen.wav,2
/data/DATASETS/WaveFake/jsut_multi_band_melgan/BASIC5000_3830_gen.wav,1
/data/DATASETS/WaveFake/jsut_multi_band_melgan/BASIC5000_0504_gen.wav,1
/data/DATASETS/WaveFake/jsut_parallel_wavegan/BASIC5000_3799_gen.wav,2
/data/DATASETS/WaveFake/jsut_multi_band_melgan/BASIC5000_3890_gen.wav,1
/data/DATASETS/WaveFake/jsut_multi_band_melgan/BASIC5000_4177_gen.wav,1
/data/DATASETS/WaveFake/jsut_parallel_wavegan/BASIC5000_2322_gen.wav,2
/data/DATASETS/WaveFake/jsut_parallel_wavegan/BASIC5000_2986_gen.wav,2
/data/DATASETS/WaveFake/jsut_multi_band_melgan/BASIC5000_3309_gen.wav,1
/data/DATASETS/WaveFake/jsut_multi_band_melgan/BASIC5000_3326_gen.wav,1
/data/DATASETS/WaveFake/jsut_parallel_wavegan/BASIC5000_2989_gen.wav,2
/data/DATASETS/WaveFake/jsut_parallel_wavegan/BASIC5000_1572_gen.wav,2
/data/DATASETS/WaveFake/jsut_multi_band_melgan/BASIC5000_0359_gen.wav,1
/data/DATASETS/WaveFake/jsut_multi_band_melgan/BASIC5000_1135_gen.wav,1
/data/DATASETS/WaveFake/jsut_multi_band_melgan/BASIC5000_0220_gen.wav,1
/data/DATASETS/WaveFake/jsut_parallel_wavegan/BASIC5000_0354_gen.wav,2
/data/DATASETS/WaveFake/jsut_parallel_wavegan/BASIC5000_4491_gen.wav,2
/data/DATASETS/WaveFake/jsut_multi_band_melgan/BASIC5000_3107_gen.wav,1
/data/DATASETS/WaveFake/jsut_multi_band_melgan/BASIC5000_4229_gen.wav,1
/data/DATASETS/WaveFake/jsut_multi_band_melgan/BASIC5000_0025_gen.wav,1
/data/DATASETS/WaveFake/jsut_parallel_wavegan/BASIC5000_3116_gen.wav,2
/data/DATASETS/WaveFake/jsut_parallel_wavegan/BASIC5000_1179_gen.wav,2
/data/DATASETS/WaveFake/jsut_parallel_wavegan/BASIC5000_0468_gen.wav,2
/data/DATASETS/WaveFake/jsut_parallel_wavegan/BASIC5000_1784_gen.wav,2
/data/DATASETS/WaveFake/jsut_parallel_wavegan/BASIC5000_1580_gen.wav,2
/data/DATASETS/WaveFake/jsut_parallel_wavegan/BASIC5000_2017_gen.wav,2
/data/DATASETS/WaveFake/jsut_parallel_wavegan/BASIC5000_1314_gen.wav,2
/data/DATASETS/WaveFake/jsut_parallel_wavegan/BASIC5000_1069_gen.wav,2
/data/DATASETS/WaveFake/jsut_multi_band_melgan/BASIC5000_3148_gen.wav,1
/data/DATASETS/WaveFake/jsut_multi_band_melgan/BASIC5000_0652_gen.wav,1
/data/DATASETS/WaveFake/jsut_multi_band_melgan/BASIC5000_0922_gen.wav,1
/data/DATASETS/WaveFake/jsut_parallel_wavegan/BASIC5000_4388_gen.wav,2
/data/DATASETS/WaveFake/jsut_multi_band_melgan/BASIC5000_4366_gen.wav,1
/data/DATASETS/WaveFake/jsut_parallel_wavegan/BASIC5000_2899_gen.wav,2
/data/DATASETS/WaveFake/jsut_multi_band_melgan/BASIC5000_3995_gen.wav,1
/data/DATASETS/WaveFake/jsut_parallel_wavegan/BASIC5000_0853_gen.wav,2
/data/DATASETS/WaveFake/jsut_parallel_wavegan/BASIC5000_2785_gen.wav,2
/data/DATASETS/WaveFake/jsut_parallel_wavegan/BASIC5000_1783_gen.wav,2
/data/DATASETS/WaveFake/jsut_parallel_wavegan/BASIC5000_1042_gen.wav,2
/data/DATASETS/WaveFake/jsut_parallel_wavegan/BASIC5000_2463_gen.wav,2
/data/DATASETS/WaveFake/jsut_parallel_wavegan/BASIC5000_0510_gen.wav,2
/data/DATASETS/WaveFake/jsut_parallel_wavegan/BASIC5000_0101_gen.wav,2
/data/DATASETS/WaveFake/jsut_parallel_wavegan/BASIC5000_4464_gen.wav,2
/data/DATASETS/WaveFake/jsut_parallel_wavegan/BASIC5000_2423_gen.wav,2
/data/DATASETS/WaveFake/jsut_parallel_wavegan/BASIC5000_4016_gen.wav,2
/data/DATASETS/WaveFake/jsut_multi_band_melgan/BASIC5000_0409_gen.wav,1
/data/DATASETS/WaveFake/jsut_multi_band_melgan/BASIC5000_3065_gen.wav,1
/data/DATASETS/WaveFake/jsut_parallel_wavegan/BASIC5000_1936_gen.wav,2
/data/DATASETS/WaveFake/jsut_parallel_wavegan/BASIC5000_2775_gen.wav,2
/data/DATASETS/WaveFake/jsut_multi_band_melgan/BASIC5000_2618_gen.wav,1
/data/DATASETS/WaveFake/jsut_multi_band_melgan/BASIC5000_1139_gen.wav,1
/data/DATASETS/WaveFake/jsut_multi_band_melgan/BASIC5000_0315_gen.wav,1
/data/DATASETS/WaveFake/jsut_multi_band_melgan/BASIC5000_0850_gen.wav,1
/data/DATASETS/WaveFake/jsut_multi_band_melgan/BASIC5000_0336_gen.wav,1
/data/DATASETS/WaveFake/jsut_parallel_wavegan/BASIC5000_0044_gen.wav,2
/data/DATASETS/WaveFake/jsut_multi_band_melgan/BASIC5000_4052_gen.wav,1
/data/DATASETS/WaveFake/jsut_multi_band_melgan/BASIC5000_2962_gen.wav,1
/data/DATASETS/WaveFake/jsut_parallel_wavegan/BASIC5000_4915_gen.wav,2
/data/DATASETS/WaveFake/jsut_multi_band_melgan/BASIC5000_0189_gen.wav,1
/data/DATASETS/WaveFake/jsut_parallel_wavegan/BASIC5000_1625_gen.wav,2
/data/DATASETS/WaveFake/jsut_multi_band_melgan/BASIC5000_0829_gen.wav,1
/data/DATASETS/WaveFake/jsut_parallel_wavegan/BASIC5000_4584_gen.wav,2
/data/DATASETS/WaveFake/jsut_parallel_wavegan/BASIC5000_0130_gen.wav,2
/data/DATASETS/WaveFake/jsut_parallel_wavegan/BASIC5000_0534_gen.wav,2
/data/DATASETS/WaveFake/jsut_multi_band_melgan/BASIC5000_2727_gen.wav,1
/data/DATASETS/WaveFake/jsut_multi_band_melgan/BASIC5000_2700_gen.wav,1
/data/DATASETS/WaveFake/jsut_multi_band_melgan/BASIC5000_4126_gen.wav,1
/data/DATASETS/WaveFake/jsut_multi_band_melgan/BASIC5000_2206_gen.wav,1
/data/DATASETS/WaveFake/jsut_parallel_wavegan/BASIC5000_4104_gen.wav,2
/data/DATASETS/WaveFake/jsut_multi_band_melgan/BASIC5000_0327_gen.wav,1
/data/DATASETS/WaveFake/jsut_multi_band_melgan/BASIC5000_3477_gen.wav,1
/data/DATASETS/WaveFake/jsut_multi_band_melgan/BASIC5000_1007_gen.wav,1
/data/DATASETS/WaveFake/jsut_parallel_wavegan/BASIC5000_3100_gen.wav,2
/data/DATASETS/WaveFake/jsut_parallel_wavegan/BASIC5000_1581_gen.wav,2
/data/DATASETS/WaveFake/jsut_multi_band_melgan/BASIC5000_3222_gen.wav,1
/data/DATASETS/WaveFake/jsut_multi_band_melgan/BASIC5000_0933_gen.wav,1
/data/DATASETS/WaveFake/jsut_multi_band_melgan/BASIC5000_2992_gen.wav,1
/data/DATASETS/WaveFake/jsut_multi_band_melgan/BASIC5000_2230_gen.wav,1
/data/DATASETS/WaveFake/jsut_parallel_wavegan/BASIC5000_3033_gen.wav,2
/data/DATASETS/WaveFake/jsut_parallel_wavegan/BASIC5000_2790_gen.wav,2
/data/DATASETS/WaveFake/jsut_parallel_wavegan/BASIC5000_4309_gen.wav,2
/data/DATASETS/WaveFake/jsut_parallel_wavegan/BASIC5000_0293_gen.wav,2
/data/DATASETS/WaveFake/jsut_parallel_wavegan/BASIC5000_0375_gen.wav,2
/data/DATASETS/WaveFake/jsut_multi_band_melgan/BASIC5000_3407_gen.wav,1
/data/DATASETS/WaveFake/jsut_multi_band_melgan/BASIC5000_3019_gen.wav,1
/data/DATASETS/WaveFake/jsut_parallel_wavegan/BASIC5000_1127_gen.wav,2
/data/DATASETS/WaveFake/jsut_multi_band_melgan/BASIC5000_1149_gen.wav,1
/data/DATASETS/WaveFake/jsut_multi_band_melgan/BASIC5000_0577_gen.wav,1
/data/DATASETS/WaveFake/jsut_multi_band_melgan/BASIC5000_4591_gen.wav,1
/data/DATASETS/WaveFake/jsut_parallel_wavegan/BASIC5000_2078_gen.wav,2
/data/DATASETS/WaveFake/jsut_multi_band_melgan/BASIC5000_4403_gen.wav,1
/data/DATASETS/WaveFake/jsut_parallel_wavegan/BASIC5000_0200_gen.wav,2
/data/DATASETS/WaveFake/jsut_parallel_wavegan/BASIC5000_1417_gen.wav,2
/data/DATASETS/WaveFake/jsut_multi_band_melgan/BASIC5000_4352_gen.wav,1
/data/DATASETS/WaveFake/jsut_multi_band_melgan/BASIC5000_4194_gen.wav,1
/data/DATASETS/WaveFake/jsut_parallel_wavegan/BASIC5000_0549_gen.wav,2
/data/DATASETS/WaveFake/jsut_multi_band_melgan/BASIC5000_1942_gen.wav,1
/data/DATASETS/WaveFake/jsut_multi_band_melgan/BASIC5000_0369_gen.wav,1
/data/DATASETS/WaveFake/jsut_multi_band_melgan/BASIC5000_1362_gen.wav,1
/data/DATASETS/WaveFake/jsut_parallel_wavegan/BASIC5000_1292_gen.wav,2
/data/DATASETS/WaveFake/jsut_parallel_wavegan/BASIC5000_4718_gen.wav,2
/data/DATASETS/WaveFake/jsut_parallel_wavegan/BASIC5000_2694_gen.wav,2
/data/DATASETS/WaveFake/jsut_parallel_wavegan/BASIC5000_2953_gen.wav,2
/data/DATASETS/WaveFake/jsut_parallel_wavegan/BASIC5000_4952_gen.wav,2
/data/DATASETS/WaveFake/jsut_multi_band_melgan/BASIC5000_4386_gen.wav,1
/data/DATASETS/WaveFake/jsut_multi_band_melgan/BASIC5000_0040_gen.wav,1
/data/DATASETS/WaveFake/jsut_multi_band_melgan/BASIC5000_2921_gen.wav,1
/data/DATASETS/WaveFake/jsut_multi_band_melgan/BASIC5000_1515_gen.wav,1
/data/DATASETS/WaveFake/jsut_parallel_wavegan/BASIC5000_3986_gen.wav,2
/data/DATASETS/WaveFake/jsut_parallel_wavegan/BASIC5000_0726_gen.wav,2
/data/DATASETS/WaveFake/jsut_multi_band_melgan/BASIC5000_4551_gen.wav,1
/data/DATASETS/WaveFake/jsut_multi_band_melgan/BASIC5000_4312_gen.wav,1
/data/DATASETS/WaveFake/jsut_parallel_wavegan/BASIC5000_2819_gen.wav,2
/data/DATASETS/WaveFake/jsut_parallel_wavegan/BASIC5000_4565_gen.wav,2
/data/DATASETS/WaveFake/jsut_multi_band_melgan/BASIC5000_1649_gen.wav,1
/data/DATASETS/WaveFake/jsut_multi_band_melgan/BASIC5000_2099_gen.wav,1
/data/DATASETS/WaveFake/jsut_parallel_wavegan/BASIC5000_3062_gen.wav,2
/data/DATASETS/WaveFake/jsut_multi_band_melgan/BASIC5000_2323_gen.wav,1
/data/DATASETS/WaveFake/jsut_parallel_wavegan/BASIC5000_3988_gen.wav,2
/data/DATASETS/WaveFake/jsut_parallel_wavegan/BASIC5000_1924_gen.wav,2
/data/DATASETS/WaveFake/jsut_parallel_wavegan/BASIC5000_0470_gen.wav,2
/data/DATASETS/WaveFake/jsut_multi_band_melgan/BASIC5000_0840_gen.wav,1
/data/DATASETS/WaveFake/jsut_multi_band_melgan/BASIC5000_3697_gen.wav,1
/data/DATASETS/WaveFake/jsut_multi_band_melgan/BASIC5000_2037_gen.wav,1
/data/DATASETS/WaveFake/jsut_parallel_wavegan/BASIC5000_4954_gen.wav,2
/data/DATASETS/WaveFake/jsut_multi_band_melgan/BASIC5000_0565_gen.wav,1
/data/DATASETS/WaveFake/jsut_parallel_wavegan/BASIC5000_2167_gen.wav,2
/data/DATASETS/WaveFake/jsut_multi_band_melgan/BASIC5000_2665_gen.wav,1
/data/DATASETS/WaveFake/jsut_parallel_wavegan/BASIC5000_1874_gen.wav,2
/data/DATASETS/WaveFake/jsut_parallel_wavegan/BASIC5000_1351_gen.wav,2
/data/DATASETS/WaveFake/jsut_parallel_wavegan/BASIC5000_0457_gen.wav,2
/data/DATASETS/WaveFake/jsut_multi_band_melgan/BASIC5000_3874_gen.wav,1
/data/DATASETS/WaveFake/jsut_multi_band_melgan/BASIC5000_4870_gen.wav,1
/data/DATASETS/WaveFake/jsut_multi_band_melgan/BASIC5000_4701_gen.wav,1
/data/DATASETS/WaveFake/jsut_multi_band_melgan/BASIC5000_3016_gen.wav,1
/data/DATASETS/WaveFake/jsut_multi_band_melgan/BASIC5000_1271_gen.wav,1
/data/DATASETS/WaveFake/jsut_multi_band_melgan/BASIC5000_3224_gen.wav,1
/data/DATASETS/WaveFake/jsut_parallel_wavegan/BASIC5000_1371_gen.wav,2
/data/DATASETS/WaveFake/jsut_multi_band_melgan/BASIC5000_1123_gen.wav,1
/data/DATASETS/WaveFake/jsut_multi_band_melgan/BASIC5000_0252_gen.wav,1
/data/DATASETS/WaveFake/jsut_multi_band_melgan/BASIC5000_4361_gen.wav,1
/data/DATASETS/WaveFake/jsut_multi_band_melgan/BASIC5000_4636_gen.wav,1
/data/DATASETS/WaveFake/jsut_parallel_wavegan/BASIC5000_3422_gen.wav,2
/data/DATASETS/WaveFake/jsut_parallel_wavegan/BASIC5000_2668_gen.wav,2
/data/DATASETS/WaveFake/jsut_multi_band_melgan/BASIC5000_2338_gen.wav,1
/data/DATASETS/WaveFake/jsut_parallel_wavegan/BASIC5000_2074_gen.wav,2
/data/DATASETS/WaveFake/jsut_parallel_wavegan/BASIC5000_4953_gen.wav,2
/data/DATASETS/WaveFake/jsut_parallel_wavegan/BASIC5000_1748_gen.wav,2
/data/DATASETS/WaveFake/jsut_multi_band_melgan/BASIC5000_2479_gen.wav,1
/data/DATASETS/WaveFake/jsut_parallel_wavegan/BASIC5000_3821_gen.wav,2
/data/DATASETS/WaveFake/jsut_parallel_wavegan/BASIC5000_1984_gen.wav,2
/data/DATASETS/WaveFake/jsut_parallel_wavegan/BASIC5000_2922_gen.wav,2
/data/DATASETS/WaveFake/jsut_multi_band_melgan/BASIC5000_0645_gen.wav,1
/data/DATASETS/WaveFake/jsut_multi_band_melgan/BASIC5000_3649_gen.wav,1
/data/DATASETS/WaveFake/jsut_multi_band_melgan/BASIC5000_3908_gen.wav,1
/data/DATASETS/WaveFake/jsut_multi_band_melgan/BASIC5000_0328_gen.wav,1
/data/DATASETS/WaveFake/jsut_parallel_wavegan/BASIC5000_4898_gen.wav,2
/data/DATASETS/WaveFake/jsut_multi_band_melgan/BASIC5000_3029_gen.wav,1
/data/DATASETS/WaveFake/jsut_parallel_wavegan/BASIC5000_0793_gen.wav,2
/data/DATASETS/WaveFake/jsut_parallel_wavegan/BASIC5000_2398_gen.wav,2
/data/DATASETS/WaveFake/jsut_multi_band_melgan/BASIC5000_4655_gen.wav,1
/data/DATASETS/WaveFake/jsut_multi_band_melgan/BASIC5000_1976_gen.wav,1
/data/DATASETS/WaveFake/jsut_multi_band_melgan/BASIC5000_3764_gen.wav,1
/data/DATASETS/WaveFake/jsut_multi_band_melgan/BASIC5000_1849_gen.wav,1
/data/DATASETS/WaveFake/jsut_multi_band_melgan/BASIC5000_4030_gen.wav,1
/data/DATASETS/WaveFake/jsut_parallel_wavegan/BASIC5000_4603_gen.wav,2
/data/DATASETS/WaveFake/jsut_parallel_wavegan/BASIC5000_4475_gen.wav,2
/data/DATASETS/WaveFake/jsut_multi_band_melgan/BASIC5000_3965_gen.wav,1
/data/DATASETS/WaveFake/jsut_parallel_wavegan/BASIC5000_4130_gen.wav,2
/data/DATASETS/WaveFake/jsut_parallel_wavegan/BASIC5000_0073_gen.wav,2
/data/DATASETS/WaveFake/jsut_parallel_wavegan/BASIC5000_3348_gen.wav,2
/data/DATASETS/WaveFake/jsut_multi_band_melgan/BASIC5000_2729_gen.wav,1
/data/DATASETS/WaveFake/jsut_multi_band_melgan/BASIC5000_2799_gen.wav,1
/data/DATASETS/WaveFake/jsut_parallel_wavegan/BASIC5000_4618_gen.wav,2
/data/DATASETS/WaveFake/jsut_multi_band_melgan/BASIC5000_3510_gen.wav,1
/data/DATASETS/WaveFake/jsut_multi_band_melgan/BASIC5000_2413_gen.wav,1
/data/DATASETS/WaveFake/jsut_multi_band_melgan/BASIC5000_1539_gen.wav,1
/data/DATASETS/WaveFake/jsut_parallel_wavegan/BASIC5000_2058_gen.wav,2
/data/DATASETS/WaveFake/jsut_multi_band_melgan/BASIC5000_1483_gen.wav,1
/data/DATASETS/WaveFake/jsut_multi_band_melgan/BASIC5000_3440_gen.wav,1
/data/DATASETS/WaveFake/jsut_parallel_wavegan/BASIC5000_1571_gen.wav,2
/data/DATASETS/WaveFake/jsut_parallel_wavegan/BASIC5000_2127_gen.wav,2
/data/DATASETS/WaveFake/jsut_multi_band_melgan/BASIC5000_0020_gen.wav,1
/data/DATASETS/WaveFake/jsut_multi_band_melgan/BASIC5000_2979_gen.wav,1
/data/DATASETS/WaveFake/jsut_multi_band_melgan/BASIC5000_0872_gen.wav,1
/data/DATASETS/WaveFake/jsut_parallel_wavegan/BASIC5000_0849_gen.wav,2
/data/DATASETS/WaveFake/jsut_parallel_wavegan/BASIC5000_0426_gen.wav,2
/data/DATASETS/WaveFake/jsut_multi_band_melgan/BASIC5000_4286_gen.wav,1
/data/DATASETS/WaveFake/jsut_parallel_wavegan/BASIC5000_2193_gen.wav,2
/data/DATASETS/WaveFake/jsut_multi_band_melgan/BASIC5000_4367_gen.wav,1
/data/DATASETS/WaveFake/jsut_parallel_wavegan/BASIC5000_0680_gen.wav,2
/data/DATASETS/WaveFake/jsut_parallel_wavegan/BASIC5000_2056_gen.wav,2
/data/DATASETS/WaveFake/jsut_parallel_wavegan/BASIC5000_2862_gen.wav,2
/data/DATASETS/WaveFake/jsut_parallel_wavegan/BASIC5000_0147_gen.wav,2
/data/DATASETS/WaveFake/jsut_parallel_wavegan/BASIC5000_1283_gen.wav,2
/data/DATASETS/WaveFake/jsut_parallel_wavegan/BASIC5000_3426_gen.wav,2
/data/DATASETS/WaveFake/jsut_multi_band_melgan/BASIC5000_0841_gen.wav,1
/data/DATASETS/WaveFake/jsut_multi_band_melgan/BASIC5000_1276_gen.wav,1
/data/DATASETS/WaveFake/jsut_parallel_wavegan/BASIC5000_3425_gen.wav,2
/data/DATASETS/WaveFake/jsut_parallel_wavegan/BASIC5000_4896_gen.wav,2
/data/DATASETS/WaveFake/jsut_parallel_wavegan/BASIC5000_3011_gen.wav,2
/data/DATASETS/WaveFake/jsut_multi_band_melgan/BASIC5000_0351_gen.wav,1
/data/DATASETS/WaveFake/jsut_parallel_wavegan/BASIC5000_3801_gen.wav,2
/data/DATASETS/WaveFake/jsut_parallel_wavegan/BASIC5000_0929_gen.wav,2
/data/DATASETS/WaveFake/jsut_multi_band_melgan/BASIC5000_0549_gen.wav,1
/data/DATASETS/WaveFake/jsut_multi_band_melgan/BASIC5000_2987_gen.wav,1
/data/DATASETS/WaveFake/jsut_multi_band_melgan/BASIC5000_0361_gen.wav,1
/data/DATASETS/WaveFake/jsut_multi_band_melgan/BASIC5000_4582_gen.wav,1
/data/DATASETS/WaveFake/jsut_multi_band_melgan/BASIC5000_4951_gen.wav,1
/data/DATASETS/WaveFake/jsut_parallel_wavegan/BASIC5000_3502_gen.wav,2
/data/DATASETS/WaveFake/jsut_parallel_wavegan/BASIC5000_1067_gen.wav,2
/data/DATASETS/WaveFake/jsut_parallel_wavegan/BASIC5000_2692_gen.wav,2
/data/DATASETS/WaveFake/jsut_multi_band_melgan/BASIC5000_0557_gen.wav,1
/data/DATASETS/WaveFake/jsut_multi_band_melgan/BASIC5000_1086_gen.wav,1
/data/DATASETS/WaveFake/jsut_parallel_wavegan/BASIC5000_2976_gen.wav,2
/data/DATASETS/WaveFake/jsut_multi_band_melgan/BASIC5000_3579_gen.wav,1
/data/DATASETS/WaveFake/jsut_multi_band_melgan/BASIC5000_3570_gen.wav,1
/data/DATASETS/WaveFake/jsut_multi_band_melgan/BASIC5000_1121_gen.wav,1
/data/DATASETS/WaveFake/jsut_multi_band_melgan/BASIC5000_1486_gen.wav,1
/data/DATASETS/WaveFake/jsut_parallel_wavegan/BASIC5000_4431_gen.wav,2
/data/DATASETS/WaveFake/jsut_multi_band_melgan/BASIC5000_1706_gen.wav,1
/data/DATASETS/WaveFake/jsut_parallel_wavegan/BASIC5000_4368_gen.wav,2
/data/DATASETS/WaveFake/jsut_parallel_wavegan/BASIC5000_1479_gen.wav,2
/data/DATASETS/WaveFake/jsut_multi_band_melgan/BASIC5000_0254_gen.wav,1
/data/DATASETS/WaveFake/jsut_parallel_wavegan/BASIC5000_3991_gen.wav,2
/data/DATASETS/WaveFake/jsut_multi_band_melgan/BASIC5000_0457_gen.wav,1
/data/DATASETS/WaveFake/jsut_parallel_wavegan/BASIC5000_3470_gen.wav,2
/data/DATASETS/WaveFake/jsut_multi_band_melgan/BASIC5000_0702_gen.wav,1
/data/DATASETS/WaveFake/jsut_parallel_wavegan/BASIC5000_4074_gen.wav,2
/data/DATASETS/WaveFake/jsut_multi_band_melgan/BASIC5000_4649_gen.wav,1
/data/DATASETS/WaveFake/jsut_parallel_wavegan/BASIC5000_0224_gen.wav,2
/data/DATASETS/WaveFake/jsut_multi_band_melgan/BASIC5000_4048_gen.wav,1
/data/DATASETS/WaveFake/jsut_parallel_wavegan/BASIC5000_3883_gen.wav,2
/data/DATASETS/WaveFake/jsut_parallel_wavegan/BASIC5000_3204_gen.wav,2
/data/DATASETS/WaveFake/jsut_multi_band_melgan/BASIC5000_0316_gen.wav,1
/data/DATASETS/WaveFake/jsut_multi_band_melgan/BASIC5000_2689_gen.wav,1
/data/DATASETS/WaveFake/jsut_multi_band_melgan/BASIC5000_1533_gen.wav,1
/data/DATASETS/WaveFake/jsut_multi_band_melgan/BASIC5000_0874_gen.wav,1
/data/DATASETS/WaveFake/jsut_parallel_wavegan/BASIC5000_1071_gen.wav,2
/data/DATASETS/WaveFake/jsut_multi_band_melgan/BASIC5000_0408_gen.wav,1
/data/DATASETS/WaveFake/jsut_multi_band_melgan/BASIC5000_0649_gen.wav,1
/data/DATASETS/WaveFake/jsut_multi_band_melgan/BASIC5000_4233_gen.wav,1
/data/DATASETS/WaveFake/jsut_multi_band_melgan/BASIC5000_0355_gen.wav,1
/data/DATASETS/WaveFake/jsut_parallel_wavegan/BASIC5000_1038_gen.wav,2
/data/DATASETS/WaveFake/jsut_parallel_wavegan/BASIC5000_0742_gen.wav,2
/data/DATASETS/WaveFake/jsut_parallel_wavegan/BASIC5000_1178_gen.wav,2
/data/DATASETS/WaveFake/jsut_multi_band_melgan/BASIC5000_2040_gen.wav,1
/data/DATASETS/WaveFake/jsut_multi_band_melgan/BASIC5000_0462_gen.wav,1
/data/DATASETS/WaveFake/jsut_parallel_wavegan/BASIC5000_0630_gen.wav,2
/data/DATASETS/WaveFake/jsut_parallel_wavegan/BASIC5000_4878_gen.wav,2
/data/DATASETS/WaveFake/jsut_parallel_wavegan/BASIC5000_4638_gen.wav,2
/data/DATASETS/WaveFake/jsut_multi_band_melgan/BASIC5000_1901_gen.wav,1
/data/DATASETS/WaveFake/jsut_multi_band_melgan/BASIC5000_0410_gen.wav,1
/data/DATASETS/WaveFake/jsut_parallel_wavegan/BASIC5000_0259_gen.wav,2
/data/DATASETS/WaveFake/jsut_multi_band_melgan/BASIC5000_1710_gen.wav,1
/data/DATASETS/WaveFake/jsut_multi_band_melgan/BASIC5000_0031_gen.wav,1
/data/DATASETS/WaveFake/jsut_parallel_wavegan/BASIC5000_2063_gen.wav,2
/data/DATASETS/WaveFake/jsut_parallel_wavegan/BASIC5000_1435_gen.wav,2
/data/DATASETS/WaveFake/jsut_parallel_wavegan/BASIC5000_4259_gen.wav,2
/data/DATASETS/WaveFake/jsut_multi_band_melgan/BASIC5000_2281_gen.wav,1
/data/DATASETS/WaveFake/jsut_parallel_wavegan/BASIC5000_4967_gen.wav,2
/data/DATASETS/WaveFake/jsut_parallel_wavegan/BASIC5000_3709_gen.wav,2
/data/DATASETS/WaveFake/jsut_multi_band_melgan/BASIC5000_3481_gen.wav,1
/data/DATASETS/WaveFake/jsut_multi_band_melgan/BASIC5000_1406_gen.wav,1
/data/DATASETS/WaveFake/jsut_parallel_wavegan/BASIC5000_0251_gen.wav,2
/data/DATASETS/WaveFake/jsut_parallel_wavegan/BASIC5000_1370_gen.wav,2
/data/DATASETS/WaveFake/jsut_multi_band_melgan/BASIC5000_2959_gen.wav,1
/data/DATASETS/WaveFake/jsut_multi_band_melgan/BASIC5000_3656_gen.wav,1
/data/DATASETS/WaveFake/jsut_parallel_wavegan/BASIC5000_2914_gen.wav,2
/data/DATASETS/WaveFake/jsut_multi_band_melgan/BASIC5000_2922_gen.wav,1
/data/DATASETS/WaveFake/jsut_multi_band_melgan/BASIC5000_1418_gen.wav,1
/data/DATASETS/WaveFake/jsut_parallel_wavegan/BASIC5000_4436_gen.wav,2
/data/DATASETS/WaveFake/jsut_parallel_wavegan/BASIC5000_1681_gen.wav,2
/data/DATASETS/WaveFake/jsut_parallel_wavegan/BASIC5000_4670_gen.wav,2
/data/DATASETS/WaveFake/jsut_multi_band_melgan/BASIC5000_1297_gen.wav,1
/data/DATASETS/WaveFake/jsut_parallel_wavegan/BASIC5000_4399_gen.wav,2
/data/DATASETS/WaveFake/jsut_multi_band_melgan/BASIC5000_3451_gen.wav,1
/data/DATASETS/WaveFake/jsut_multi_band_melgan/BASIC5000_1240_gen.wav,1
/data/DATASETS/WaveFake/jsut_multi_band_melgan/BASIC5000_4831_gen.wav,1
/data/DATASETS/WaveFake/jsut_multi_band_melgan/BASIC5000_4167_gen.wav,1
/data/DATASETS/WaveFake/jsut_multi_band_melgan/BASIC5000_1992_gen.wav,1
/data/DATASETS/WaveFake/jsut_multi_band_melgan/BASIC5000_0894_gen.wav,1
/data/DATASETS/WaveFake/jsut_parallel_wavegan/BASIC5000_0716_gen.wav,2
/data/DATASETS/WaveFake/jsut_multi_band_melgan/BASIC5000_4235_gen.wav,1
/data/DATASETS/WaveFake/jsut_parallel_wavegan/BASIC5000_4327_gen.wav,2
/data/DATASETS/WaveFake/jsut_parallel_wavegan/BASIC5000_2162_gen.wav,2
/data/DATASETS/WaveFake/jsut_parallel_wavegan/BASIC5000_0829_gen.wav,2
/data/DATASETS/WaveFake/jsut_multi_band_melgan/BASIC5000_2711_gen.wav,1
/data/DATASETS/WaveFake/jsut_multi_band_melgan/BASIC5000_1160_gen.wav,1
/data/DATASETS/WaveFake/jsut_parallel_wavegan/BASIC5000_1403_gen.wav,2
/data/DATASETS/WaveFake/jsut_parallel_wavegan/BASIC5000_4391_gen.wav,2
/data/DATASETS/WaveFake/jsut_multi_band_melgan/BASIC5000_0441_gen.wav,1
/data/DATASETS/WaveFake/jsut_multi_band_melgan/BASIC5000_0773_gen.wav,1
/data/DATASETS/WaveFake/jsut_multi_band_melgan/BASIC5000_3944_gen.wav,1
/data/DATASETS/WaveFake/jsut_parallel_wavegan/BASIC5000_1804_gen.wav,2
/data/DATASETS/WaveFake/jsut_multi_band_melgan/BASIC5000_0709_gen.wav,1
/data/DATASETS/WaveFake/jsut_multi_band_melgan/BASIC5000_4484_gen.wav,1
/data/DATASETS/WaveFake/jsut_multi_band_melgan/BASIC5000_0337_gen.wav,1
/data/DATASETS/WaveFake/jsut_parallel_wavegan/BASIC5000_1929_gen.wav,2
/data/DATASETS/WaveFake/jsut_parallel_wavegan/BASIC5000_4080_gen.wav,2
/data/DATASETS/WaveFake/jsut_multi_band_melgan/BASIC5000_0881_gen.wav,1
/data/DATASETS/WaveFake/jsut_multi_band_melgan/BASIC5000_0664_gen.wav,1
/data/DATASETS/WaveFake/jsut_multi_band_melgan/BASIC5000_1359_gen.wav,1
/data/DATASETS/WaveFake/jsut_parallel_wavegan/BASIC5000_2344_gen.wav,2
/data/DATASETS/WaveFake/jsut_multi_band_melgan/BASIC5000_3674_gen.wav,1
/data/DATASETS/WaveFake/jsut_parallel_wavegan/BASIC5000_2043_gen.wav,2
/data/DATASETS/WaveFake/jsut_multi_band_melgan/BASIC5000_3771_gen.wav,1
/data/DATASETS/WaveFake/jsut_parallel_wavegan/BASIC5000_3174_gen.wav,2
/data/DATASETS/WaveFake/jsut_multi_band_melgan/BASIC5000_1960_gen.wav,1
/data/DATASETS/WaveFake/jsut_multi_band_melgan/BASIC5000_4136_gen.wav,1
/data/DATASETS/WaveFake/jsut_parallel_wavegan/BASIC5000_1639_gen.wav,2
/data/DATASETS/WaveFake/jsut_multi_band_melgan/BASIC5000_2274_gen.wav,1
/data/DATASETS/WaveFake/jsut_parallel_wavegan/BASIC5000_2106_gen.wav,2
/data/DATASETS/WaveFake/jsut_multi_band_melgan/BASIC5000_1048_gen.wav,1
/data/DATASETS/WaveFake/jsut_parallel_wavegan/BASIC5000_3559_gen.wav,2
/data/DATASETS/WaveFake/jsut_multi_band_melgan/BASIC5000_3749_gen.wav,1
/data/DATASETS/WaveFake/jsut_parallel_wavegan/BASIC5000_3567_gen.wav,2
/data/DATASETS/WaveFake/jsut_multi_band_melgan/BASIC5000_3243_gen.wav,1
/data/DATASETS/WaveFake/jsut_multi_band_melgan/BASIC5000_4787_gen.wav,1
/data/DATASETS/WaveFake/jsut_parallel_wavegan/BASIC5000_3087_gen.wav,2
/data/DATASETS/WaveFake/jsut_multi_band_melgan/BASIC5000_4977_gen.wav,1
/data/DATASETS/WaveFake/jsut_multi_band_melgan/BASIC5000_0443_gen.wav,1
/data/DATASETS/WaveFake/jsut_parallel_wavegan/BASIC5000_1211_gen.wav,2
/data/DATASETS/WaveFake/jsut_parallel_wavegan/BASIC5000_2670_gen.wav,2
/data/DATASETS/WaveFake/jsut_parallel_wavegan/BASIC5000_1510_gen.wav,2
/data/DATASETS/WaveFake/jsut_multi_band_melgan/BASIC5000_0155_gen.wav,1
/data/DATASETS/WaveFake/jsut_parallel_wavegan/BASIC5000_1380_gen.wav,2
/data/DATASETS/WaveFake/jsut_parallel_wavegan/BASIC5000_0494_gen.wav,2
/data/DATASETS/WaveFake/jsut_multi_band_melgan/BASIC5000_3066_gen.wav,1
/data/DATASETS/WaveFake/jsut_multi_band_melgan/BASIC5000_1273_gen.wav,1
/data/DATASETS/WaveFake/jsut_parallel_wavegan/BASIC5000_0603_gen.wav,2
/data/DATASETS/WaveFake/jsut_multi_band_melgan/BASIC5000_2439_gen.wav,1
/data/DATASETS/WaveFake/jsut_multi_band_melgan/BASIC5000_3945_gen.wav,1
/data/DATASETS/WaveFake/jsut_parallel_wavegan/BASIC5000_2924_gen.wav,2
/data/DATASETS/WaveFake/jsut_parallel_wavegan/BASIC5000_3905_gen.wav,2
/data/DATASETS/WaveFake/jsut_multi_band_melgan/BASIC5000_1925_gen.wav,1
/data/DATASETS/WaveFake/jsut_parallel_wavegan/BASIC5000_4115_gen.wav,2
/data/DATASETS/WaveFake/jsut_multi_band_melgan/BASIC5000_4865_gen.wav,1
/data/DATASETS/WaveFake/jsut_multi_band_melgan/BASIC5000_1574_gen.wav,1
/data/DATASETS/WaveFake/jsut_multi_band_melgan/BASIC5000_2745_gen.wav,1
/data/DATASETS/WaveFake/jsut_multi_band_melgan/BASIC5000_3263_gen.wav,1
/data/DATASETS/WaveFake/jsut_parallel_wavegan/BASIC5000_0989_gen.wav,2
/data/DATASETS/WaveFake/jsut_parallel_wavegan/BASIC5000_2049_gen.wav,2
/data/DATASETS/WaveFake/jsut_multi_band_melgan/BASIC5000_3040_gen.wav,1
/data/DATASETS/WaveFake/jsut_multi_band_melgan/BASIC5000_3137_gen.wav,1
/data/DATASETS/WaveFake/jsut_parallel_wavegan/BASIC5000_1757_gen.wav,2
/data/DATASETS/WaveFake/jsut_parallel_wavegan/BASIC5000_2946_gen.wav,2
/data/DATASETS/WaveFake/jsut_parallel_wavegan/BASIC5000_0173_gen.wav,2
/data/DATASETS/WaveFake/jsut_parallel_wavegan/BASIC5000_1111_gen.wav,2
/data/DATASETS/WaveFake/jsut_multi_band_melgan/BASIC5000_2137_gen.wav,1
/data/DATASETS/WaveFake/jsut_parallel_wavegan/BASIC5000_2364_gen.wav,2
/data/DATASETS/WaveFake/jsut_multi_band_melgan/BASIC5000_1640_gen.wav,1
/data/DATASETS/WaveFake/jsut_multi_band_melgan/BASIC5000_3577_gen.wav,1
/data/DATASETS/WaveFake/jsut_multi_band_melgan/BASIC5000_1478_gen.wav,1
/data/DATASETS/WaveFake/jsut_parallel_wavegan/BASIC5000_3702_gen.wav,2
/data/DATASETS/WaveFake/jsut_parallel_wavegan/BASIC5000_2279_gen.wav,2
/data/DATASETS/WaveFake/jsut_multi_band_melgan/BASIC5000_3633_gen.wav,1
/data/DATASETS/WaveFake/jsut_multi_band_melgan/BASIC5000_1479_gen.wav,1
/data/DATASETS/WaveFake/jsut_parallel_wavegan/BASIC5000_0054_gen.wav,2
/data/DATASETS/WaveFake/jsut_multi_band_melgan/BASIC5000_2526_gen.wav,1
/data/DATASETS/WaveFake/jsut_parallel_wavegan/BASIC5000_0031_gen.wav,2
/data/DATASETS/WaveFake/jsut_parallel_wavegan/BASIC5000_2708_gen.wav,2
/data/DATASETS/WaveFake/jsut_parallel_wavegan/BASIC5000_0779_gen.wav,2
/data/DATASETS/WaveFake/jsut_parallel_wavegan/BASIC5000_0624_gen.wav,2
/data/DATASETS/WaveFake/jsut_parallel_wavegan/BASIC5000_4538_gen.wav,2
/data/DATASETS/WaveFake/jsut_multi_band_melgan/BASIC5000_2132_gen.wav,1
/data/DATASETS/WaveFake/jsut_multi_band_melgan/BASIC5000_3068_gen.wav,1
/data/DATASETS/WaveFake/jsut_parallel_wavegan/BASIC5000_0621_gen.wav,2
/data/DATASETS/WaveFake/jsut_multi_band_melgan/BASIC5000_2483_gen.wav,1
/data/DATASETS/WaveFake/jsut_multi_band_melgan/BASIC5000_4155_gen.wav,1
/data/DATASETS/WaveFake/jsut_parallel_wavegan/BASIC5000_1546_gen.wav,2
/data/DATASETS/WaveFake/jsut_parallel_wavegan/BASIC5000_0121_gen.wav,2
/data/DATASETS/WaveFake/jsut_multi_band_melgan/BASIC5000_4363_gen.wav,1
/data/DATASETS/WaveFake/jsut_parallel_wavegan/BASIC5000_2460_gen.wav,2
/data/DATASETS/WaveFake/jsut_multi_band_melgan/BASIC5000_1501_gen.wav,1
/data/DATASETS/WaveFake/jsut_multi_band_melgan/BASIC5000_0317_gen.wav,1
/data/DATASETS/WaveFake/jsut_multi_band_melgan/BASIC5000_2001_gen.wav,1
/data/DATASETS/WaveFake/jsut_parallel_wavegan/BASIC5000_2092_gen.wav,2
/data/DATASETS/WaveFake/jsut_multi_band_melgan/BASIC5000_0482_gen.wav,1
/data/DATASETS/WaveFake/jsut_multi_band_melgan/BASIC5000_4031_gen.wav,1
/data/DATASETS/WaveFake/jsut_multi_band_melgan/BASIC5000_0115_gen.wav,1
/data/DATASETS/WaveFake/jsut_parallel_wavegan/BASIC5000_4636_gen.wav,2
/data/DATASETS/WaveFake/jsut_parallel_wavegan/BASIC5000_4294_gen.wav,2
/data/DATASETS/WaveFake/jsut_parallel_wavegan/BASIC5000_2189_gen.wav,2
/data/DATASETS/WaveFake/jsut_multi_band_melgan/BASIC5000_0578_gen.wav,1
/data/DATASETS/WaveFake/jsut_multi_band_melgan/BASIC5000_3064_gen.wav,1
/data/DATASETS/WaveFake/jsut_multi_band_melgan/BASIC5000_0004_gen.wav,1
/data/DATASETS/WaveFake/jsut_multi_band_melgan/BASIC5000_4942_gen.wav,1
/data/DATASETS/WaveFake/jsut_multi_band_melgan/BASIC5000_2663_gen.wav,1
/data/DATASETS/WaveFake/jsut_parallel_wavegan/BASIC5000_1718_gen.wav,2
/data/DATASETS/WaveFake/jsut_parallel_wavegan/BASIC5000_1115_gen.wav,2
/data/DATASETS/WaveFake/jsut_multi_band_melgan/BASIC5000_4395_gen.wav,1
/data/DATASETS/WaveFake/jsut_parallel_wavegan/BASIC5000_1155_gen.wav,2
/data/DATASETS/WaveFake/jsut_parallel_wavegan/BASIC5000_4340_gen.wav,2
/data/DATASETS/WaveFake/jsut_parallel_wavegan/BASIC5000_0129_gen.wav,2
/data/DATASETS/WaveFake/jsut_parallel_wavegan/BASIC5000_1187_gen.wav,2
/data/DATASETS/WaveFake/jsut_parallel_wavegan/BASIC5000_4468_gen.wav,2
/data/DATASETS/WaveFake/jsut_parallel_wavegan/BASIC5000_4672_gen.wav,2
/data/DATASETS/WaveFake/jsut_parallel_wavegan/BASIC5000_2281_gen.wav,2
/data/DATASETS/WaveFake/jsut_multi_band_melgan/BASIC5000_4896_gen.wav,1
/data/DATASETS/WaveFake/jsut_multi_band_melgan/BASIC5000_3989_gen.wav,1
/data/DATASETS/WaveFake/jsut_multi_band_melgan/BASIC5000_2330_gen.wav,1
/data/DATASETS/WaveFake/jsut_parallel_wavegan/BASIC5000_3529_gen.wav,2
/data/DATASETS/WaveFake/jsut_parallel_wavegan/BASIC5000_2680_gen.wav,2
/data/DATASETS/WaveFake/jsut_multi_band_melgan/BASIC5000_1664_gen.wav,1
/data/DATASETS/WaveFake/jsut_parallel_wavegan/BASIC5000_3351_gen.wav,2
/data/DATASETS/WaveFake/jsut_multi_band_melgan/BASIC5000_4656_gen.wav,1
/data/DATASETS/WaveFake/jsut_parallel_wavegan/BASIC5000_2481_gen.wav,2
/data/DATASETS/WaveFake/jsut_multi_band_melgan/BASIC5000_0386_gen.wav,1
/data/DATASETS/WaveFake/jsut_parallel_wavegan/BASIC5000_3053_gen.wav,2
/data/DATASETS/WaveFake/jsut_parallel_wavegan/BASIC5000_1245_gen.wav,2
/data/DATASETS/WaveFake/jsut_parallel_wavegan/BASIC5000_2665_gen.wav,2
/data/DATASETS/WaveFake/jsut_parallel_wavegan/BASIC5000_3639_gen.wav,2
/data/DATASETS/WaveFake/jsut_parallel_wavegan/BASIC5000_4473_gen.wav,2
/data/DATASETS/WaveFake/jsut_parallel_wavegan/BASIC5000_4748_gen.wav,2
/data/DATASETS/WaveFake/jsut_parallel_wavegan/BASIC5000_1970_gen.wav,2
/data/DATASETS/WaveFake/jsut_parallel_wavegan/BASIC5000_1802_gen.wav,2
/data/DATASETS/WaveFake/jsut_parallel_wavegan/BASIC5000_3080_gen.wav,2
/data/DATASETS/WaveFake/jsut_parallel_wavegan/BASIC5000_1102_gen.wav,2
/data/DATASETS/WaveFake/jsut_parallel_wavegan/BASIC5000_0134_gen.wav,2
/data/DATASETS/WaveFake/jsut_multi_band_melgan/BASIC5000_1500_gen.wav,1
/data/DATASETS/WaveFake/jsut_parallel_wavegan/BASIC5000_3925_gen.wav,2
/data/DATASETS/WaveFake/jsut_multi_band_melgan/BASIC5000_3517_gen.wav,1
/data/DATASETS/WaveFake/jsut_parallel_wavegan/BASIC5000_3252_gen.wav,2
/data/DATASETS/WaveFake/jsut_multi_band_melgan/BASIC5000_4792_gen.wav,1
/data/DATASETS/WaveFake/jsut_parallel_wavegan/BASIC5000_2879_gen.wav,2
/data/DATASETS/WaveFake/jsut_multi_band_melgan/BASIC5000_2659_gen.wav,1
/data/DATASETS/WaveFake/jsut_parallel_wavegan/BASIC5000_4976_gen.wav,2
/data/DATASETS/WaveFake/jsut_multi_band_melgan/BASIC5000_3209_gen.wav,1
/data/DATASETS/WaveFake/jsut_multi_band_melgan/BASIC5000_0635_gen.wav,1
/data/DATASETS/WaveFake/jsut_multi_band_melgan/BASIC5000_3202_gen.wav,1
/data/DATASETS/WaveFake/jsut_parallel_wavegan/BASIC5000_2022_gen.wav,2
/data/DATASETS/WaveFake/jsut_multi_band_melgan/BASIC5000_1725_gen.wav,1
/data/DATASETS/WaveFake/jsut_parallel_wavegan/BASIC5000_1809_gen.wav,2
/data/DATASETS/WaveFake/jsut_multi_band_melgan/BASIC5000_3330_gen.wav,1
/data/DATASETS/WaveFake/jsut_parallel_wavegan/BASIC5000_0842_gen.wav,2
/data/DATASETS/WaveFake/jsut_parallel_wavegan/BASIC5000_1517_gen.wav,2
/data/DATASETS/WaveFake/jsut_multi_band_melgan/BASIC5000_0887_gen.wav,1
/data/DATASETS/WaveFake/jsut_parallel_wavegan/BASIC5000_3582_gen.wav,2
/data/DATASETS/WaveFake/jsut_parallel_wavegan/BASIC5000_4017_gen.wav,2
/data/DATASETS/WaveFake/jsut_parallel_wavegan/BASIC5000_4916_gen.wav,2
/data/DATASETS/WaveFake/jsut_parallel_wavegan/BASIC5000_2273_gen.wav,2
/data/DATASETS/WaveFake/jsut_multi_band_melgan/BASIC5000_4413_gen.wav,1
/data/DATASETS/WaveFake/jsut_parallel_wavegan/BASIC5000_0885_gen.wav,2
/data/DATASETS/WaveFake/jsut_parallel_wavegan/BASIC5000_1244_gen.wav,2
/data/DATASETS/WaveFake/jsut_parallel_wavegan/BASIC5000_3329_gen.wav,2
/data/DATASETS/WaveFake/jsut_multi_band_melgan/BASIC5000_1346_gen.wav,1
/data/DATASETS/WaveFake/jsut_multi_band_melgan/BASIC5000_3870_gen.wav,1
/data/DATASETS/WaveFake/jsut_multi_band_melgan/BASIC5000_3446_gen.wav,1
/data/DATASETS/WaveFake/jsut_parallel_wavegan/BASIC5000_0955_gen.wav,2
/data/DATASETS/WaveFake/jsut_multi_band_melgan/BASIC5000_4618_gen.wav,1
/data/DATASETS/WaveFake/jsut_multi_band_melgan/BASIC5000_2573_gen.wav,1
/data/DATASETS/WaveFake/jsut_multi_band_melgan/BASIC5000_1522_gen.wav,1
/data/DATASETS/WaveFake/jsut_multi_band_melgan/BASIC5000_3733_gen.wav,1
/data/DATASETS/WaveFake/jsut_multi_band_melgan/BASIC5000_1864_gen.wav,1
/data/DATASETS/WaveFake/jsut_parallel_wavegan/BASIC5000_1276_gen.wav,2
/data/DATASETS/WaveFake/jsut_multi_band_melgan/BASIC5000_4477_gen.wav,1
/data/DATASETS/WaveFake/jsut_multi_band_melgan/BASIC5000_2036_gen.wav,1
/data/DATASETS/WaveFake/jsut_parallel_wavegan/BASIC5000_0193_gen.wav,2
/data/DATASETS/WaveFake/jsut_parallel_wavegan/BASIC5000_2723_gen.wav,2
/data/DATASETS/WaveFake/jsut_parallel_wavegan/BASIC5000_1329_gen.wav,2
/data/DATASETS/WaveFake/jsut_parallel_wavegan/BASIC5000_2240_gen.wav,2
/data/DATASETS/WaveFake/jsut_parallel_wavegan/BASIC5000_2207_gen.wav,2
/data/DATASETS/WaveFake/jsut_multi_band_melgan/BASIC5000_3036_gen.wav,1
/data/DATASETS/WaveFake/jsut_parallel_wavegan/BASIC5000_3323_gen.wav,2
/data/DATASETS/WaveFake/jsut_parallel_wavegan/BASIC5000_0028_gen.wav,2
/data/DATASETS/WaveFake/jsut_parallel_wavegan/BASIC5000_3816_gen.wav,2
/data/DATASETS/WaveFake/jsut_multi_band_melgan/BASIC5000_0323_gen.wav,1
/data/DATASETS/WaveFake/jsut_parallel_wavegan/BASIC5000_4032_gen.wav,2
/data/DATASETS/WaveFake/jsut_parallel_wavegan/BASIC5000_3552_gen.wav,2
/data/DATASETS/WaveFake/jsut_multi_band_melgan/BASIC5000_2195_gen.wav,1
/data/DATASETS/WaveFake/jsut_multi_band_melgan/BASIC5000_2104_gen.wav,1
/data/DATASETS/WaveFake/jsut_parallel_wavegan/BASIC5000_3917_gen.wav,2
/data/DATASETS/WaveFake/jsut_parallel_wavegan/BASIC5000_2519_gen.wav,2
/data/DATASETS/WaveFake/jsut_multi_band_melgan/BASIC5000_4965_gen.wav,1
/data/DATASETS/WaveFake/jsut_multi_band_melgan/BASIC5000_1369_gen.wav,1
/data/DATASETS/WaveFake/jsut_parallel_wavegan/BASIC5000_0639_gen.wav,2
/data/DATASETS/WaveFake/jsut_parallel_wavegan/BASIC5000_1853_gen.wav,2
/data/DATASETS/WaveFake/jsut_multi_band_melgan/BASIC5000_3265_gen.wav,1
/data/DATASETS/WaveFake/jsut_parallel_wavegan/BASIC5000_4873_gen.wav,2
/data/DATASETS/WaveFake/jsut_parallel_wavegan/BASIC5000_4158_gen.wav,2
/data/DATASETS/WaveFake/jsut_parallel_wavegan/BASIC5000_3258_gen.wav,2
/data/DATASETS/WaveFake/jsut_multi_band_melgan/BASIC5000_3145_gen.wav,1
/data/DATASETS/WaveFake/jsut_multi_band_melgan/BASIC5000_2300_gen.wav,1
/data/DATASETS/WaveFake/jsut_multi_band_melgan/BASIC5000_4866_gen.wav,1
/data/DATASETS/WaveFake/jsut_parallel_wavegan/BASIC5000_1886_gen.wav,2
/data/DATASETS/WaveFake/jsut_parallel_wavegan/BASIC5000_2413_gen.wav,2
/data/DATASETS/WaveFake/jsut_parallel_wavegan/BASIC5000_4155_gen.wav,2
/data/DATASETS/WaveFake/jsut_parallel_wavegan/BASIC5000_4200_gen.wav,2
/data/DATASETS/WaveFake/jsut_multi_band_melgan/BASIC5000_3251_gen.wav,1
/data/DATASETS/WaveFake/jsut_multi_band_melgan/BASIC5000_3347_gen.wav,1
/data/DATASETS/WaveFake/jsut_multi_band_melgan/BASIC5000_0614_gen.wav,1
/data/DATASETS/WaveFake/jsut_multi_band_melgan/BASIC5000_2102_gen.wav,1
/data/DATASETS/WaveFake/jsut_parallel_wavegan/BASIC5000_0894_gen.wav,2
/data/DATASETS/WaveFake/jsut_parallel_wavegan/BASIC5000_4219_gen.wav,2
/data/DATASETS/WaveFake/jsut_parallel_wavegan/BASIC5000_3689_gen.wav,2
/data/DATASETS/WaveFake/jsut_parallel_wavegan/BASIC5000_1002_gen.wav,2
/data/DATASETS/WaveFake/jsut_parallel_wavegan/BASIC5000_3764_gen.wav,2
/data/DATASETS/WaveFake/jsut_multi_band_melgan/BASIC5000_2807_gen.wav,1
/data/DATASETS/WaveFake/jsut_multi_band_melgan/BASIC5000_2732_gen.wav,1
/data/DATASETS/WaveFake/jsut_parallel_wavegan/BASIC5000_0737_gen.wav,2
/data/DATASETS/WaveFake/jsut_parallel_wavegan/BASIC5000_3643_gen.wav,2
/data/DATASETS/WaveFake/jsut_multi_band_melgan/BASIC5000_1474_gen.wav,1
/data/DATASETS/WaveFake/jsut_parallel_wavegan/BASIC5000_1284_gen.wav,2
/data/DATASETS/WaveFake/jsut_multi_band_melgan/BASIC5000_0591_gen.wav,1
/data/DATASETS/WaveFake/jsut_multi_band_melgan/BASIC5000_0903_gen.wav,1
/data/DATASETS/WaveFake/jsut_parallel_wavegan/BASIC5000_4127_gen.wav,2
/data/DATASETS/WaveFake/jsut_multi_band_melgan/BASIC5000_4326_gen.wav,1
/data/DATASETS/WaveFake/jsut_parallel_wavegan/BASIC5000_1714_gen.wav,2
/data/DATASETS/WaveFake/jsut_multi_band_melgan/BASIC5000_0771_gen.wav,1
/data/DATASETS/WaveFake/jsut_parallel_wavegan/BASIC5000_0513_gen.wav,2
/data/DATASETS/WaveFake/jsut_parallel_wavegan/BASIC5000_3221_gen.wav,2
/data/DATASETS/WaveFake/jsut_multi_band_melgan/BASIC5000_4576_gen.wav,1
/data/DATASETS/WaveFake/jsut_parallel_wavegan/BASIC5000_4689_gen.wav,2
/data/DATASETS/WaveFake/jsut_parallel_wavegan/BASIC5000_2470_gen.wav,2
/data/DATASETS/WaveFake/jsut_parallel_wavegan/BASIC5000_2825_gen.wav,2
/data/DATASETS/WaveFake/jsut_parallel_wavegan/BASIC5000_3930_gen.wav,2
/data/DATASETS/WaveFake/jsut_multi_band_melgan/BASIC5000_1672_gen.wav,1
/data/DATASETS/WaveFake/jsut_parallel_wavegan/BASIC5000_2760_gen.wav,2
/data/DATASETS/WaveFake/jsut_multi_band_melgan/BASIC5000_3012_gen.wav,1
/data/DATASETS/WaveFake/jsut_multi_band_melgan/BASIC5000_2390_gen.wav,1
/data/DATASETS/WaveFake/jsut_parallel_wavegan/BASIC5000_0523_gen.wav,2
/data/DATASETS/WaveFake/jsut_parallel_wavegan/BASIC5000_3819_gen.wav,2
/data/DATASETS/WaveFake/jsut_parallel_wavegan/BASIC5000_4445_gen.wav,2
/data/DATASETS/WaveFake/jsut_parallel_wavegan/BASIC5000_4034_gen.wav,2
/data/DATASETS/WaveFake/jsut_multi_band_melgan/BASIC5000_4969_gen.wav,1
/data/DATASETS/WaveFake/jsut_multi_band_melgan/BASIC5000_4215_gen.wav,1
/data/DATASETS/WaveFake/jsut_parallel_wavegan/BASIC5000_0960_gen.wav,2
/data/DATASETS/WaveFake/jsut_parallel_wavegan/BASIC5000_2921_gen.wav,2
/data/DATASETS/WaveFake/jsut_multi_band_melgan/BASIC5000_4184_gen.wav,1
/data/DATASETS/WaveFake/jsut_parallel_wavegan/BASIC5000_2688_gen.wav,2
/data/DATASETS/WaveFake/jsut_parallel_wavegan/BASIC5000_4796_gen.wav,2
/data/DATASETS/WaveFake/jsut_parallel_wavegan/BASIC5000_3302_gen.wav,2
/data/DATASETS/WaveFake/jsut_parallel_wavegan/BASIC5000_3465_gen.wav,2
/data/DATASETS/WaveFake/jsut_parallel_wavegan/BASIC5000_0609_gen.wav,2
/data/DATASETS/WaveFake/jsut_multi_band_melgan/BASIC5000_1365_gen.wav,1
/data/DATASETS/WaveFake/jsut_parallel_wavegan/BASIC5000_3965_gen.wav,2
/data/DATASETS/WaveFake/jsut_parallel_wavegan/BASIC5000_2978_gen.wav,2
/data/DATASETS/WaveFake/jsut_parallel_wavegan/BASIC5000_2308_gen.wav,2
/data/DATASETS/WaveFake/jsut_parallel_wavegan/BASIC5000_3343_gen.wav,2
/data/DATASETS/WaveFake/jsut_parallel_wavegan/BASIC5000_1537_gen.wav,2
/data/DATASETS/WaveFake/jsut_parallel_wavegan/BASIC5000_1560_gen.wav,2
/data/DATASETS/WaveFake/jsut_multi_band_melgan/BASIC5000_4843_gen.wav,1
/data/DATASETS/WaveFake/jsut_parallel_wavegan/BASIC5000_0368_gen.wav,2
/data/DATASETS/WaveFake/jsut_parallel_wavegan/BASIC5000_3632_gen.wav,2
/data/DATASETS/WaveFake/jsut_parallel_wavegan/BASIC5000_2772_gen.wav,2
/data/DATASETS/WaveFake/jsut_parallel_wavegan/BASIC5000_3163_gen.wav,2
/data/DATASETS/WaveFake/jsut_parallel_wavegan/BASIC5000_1391_gen.wav,2
/data/DATASETS/WaveFake/jsut_parallel_wavegan/BASIC5000_1762_gen.wav,2
/data/DATASETS/WaveFake/jsut_parallel_wavegan/BASIC5000_3585_gen.wav,2
/data/DATASETS/WaveFake/jsut_parallel_wavegan/BASIC5000_2963_gen.wav,2
/data/DATASETS/WaveFake/jsut_parallel_wavegan/BASIC5000_0712_gen.wav,2
/data/DATASETS/WaveFake/jsut_parallel_wavegan/BASIC5000_4420_gen.wav,2
/data/DATASETS/WaveFake/jsut_parallel_wavegan/BASIC5000_2897_gen.wav,2
/data/DATASETS/WaveFake/jsut_parallel_wavegan/BASIC5000_4421_gen.wav,2
/data/DATASETS/WaveFake/jsut_parallel_wavegan/BASIC5000_4213_gen.wav,2
/data/DATASETS/WaveFake/jsut_parallel_wavegan/BASIC5000_1047_gen.wav,2
/data/DATASETS/WaveFake/jsut_multi_band_melgan/BASIC5000_3560_gen.wav,1
/data/DATASETS/WaveFake/jsut_parallel_wavegan/BASIC5000_3760_gen.wav,2
/data/DATASETS/WaveFake/jsut_parallel_wavegan/BASIC5000_3975_gen.wav,2
/data/DATASETS/WaveFake/jsut_parallel_wavegan/BASIC5000_3328_gen.wav,2
/data/DATASETS/WaveFake/jsut_multi_band_melgan/BASIC5000_1000_gen.wav,1
/data/DATASETS/WaveFake/jsut_multi_band_melgan/BASIC5000_0951_gen.wav,1
/data/DATASETS/WaveFake/jsut_parallel_wavegan/BASIC5000_2534_gen.wav,2
/data/DATASETS/WaveFake/jsut_parallel_wavegan/BASIC5000_4790_gen.wav,2
/data/DATASETS/WaveFake/jsut_multi_band_melgan/BASIC5000_0878_gen.wav,1
/data/DATASETS/WaveFake/jsut_parallel_wavegan/BASIC5000_1733_gen.wav,2
/data/DATASETS/WaveFake/jsut_multi_band_melgan/BASIC5000_4974_gen.wav,1
/data/DATASETS/WaveFake/jsut_parallel_wavegan/BASIC5000_4035_gen.wav,2
/data/DATASETS/WaveFake/jsut_multi_band_melgan/BASIC5000_2436_gen.wav,1
/data/DATASETS/WaveFake/jsut_multi_band_melgan/BASIC5000_0521_gen.wav,1
/data/DATASETS/WaveFake/jsut_multi_band_melgan/BASIC5000_2897_gen.wav,1
/data/DATASETS/WaveFake/jsut_multi_band_melgan/BASIC5000_3984_gen.wav,1
/data/DATASETS/WaveFake/jsut_parallel_wavegan/BASIC5000_0133_gen.wav,2
/data/DATASETS/WaveFake/jsut_multi_band_melgan/BASIC5000_1597_gen.wav,1
/data/DATASETS/WaveFake/jsut_multi_band_melgan/BASIC5000_3214_gen.wav,1
/data/DATASETS/WaveFake/jsut_parallel_wavegan/BASIC5000_1912_gen.wav,2
/data/DATASETS/WaveFake/jsut_parallel_wavegan/BASIC5000_1796_gen.wav,2
/data/DATASETS/WaveFake/jsut_multi_band_melgan/BASIC5000_4330_gen.wav,1
/data/DATASETS/WaveFake/jsut_multi_band_melgan/BASIC5000_4580_gen.wav,1
/data/DATASETS/WaveFake/jsut_multi_band_melgan/BASIC5000_0877_gen.wav,1
/data/DATASETS/WaveFake/jsut_multi_band_melgan/BASIC5000_2045_gen.wav,1
/data/DATASETS/WaveFake/jsut_parallel_wavegan/BASIC5000_2244_gen.wav,2
/data/DATASETS/WaveFake/jsut_parallel_wavegan/BASIC5000_4230_gen.wav,2
/data/DATASETS/WaveFake/jsut_multi_band_melgan/BASIC5000_4968_gen.wav,1
/data/DATASETS/WaveFake/jsut_multi_band_melgan/BASIC5000_3593_gen.wav,1
/data/DATASETS/WaveFake/jsut_multi_band_melgan/BASIC5000_4095_gen.wav,1
/data/DATASETS/WaveFake/jsut_multi_band_melgan/BASIC5000_1594_gen.wav,1
/data/DATASETS/WaveFake/jsut_multi_band_melgan/BASIC5000_0180_gen.wav,1
/data/DATASETS/WaveFake/jsut_parallel_wavegan/BASIC5000_0760_gen.wav,2
/data/DATASETS/WaveFake/jsut_parallel_wavegan/BASIC5000_3278_gen.wav,2
/data/DATASETS/WaveFake/jsut_multi_band_melgan/BASIC5000_1703_gen.wav,1
/data/DATASETS/WaveFake/jsut_parallel_wavegan/BASIC5000_4942_gen.wav,2
/data/DATASETS/WaveFake/jsut_multi_band_melgan/BASIC5000_0032_gen.wav,1
/data/DATASETS/WaveFake/jsut_parallel_wavegan/BASIC5000_1309_gen.wav,2
/data/DATASETS/WaveFake/jsut_parallel_wavegan/BASIC5000_0605_gen.wav,2
/data/DATASETS/WaveFake/jsut_parallel_wavegan/BASIC5000_3648_gen.wav,2
/data/DATASETS/WaveFake/jsut_multi_band_melgan/BASIC5000_0273_gen.wav,1
/data/DATASETS/WaveFake/jsut_multi_band_melgan/BASIC5000_0961_gen.wav,1
/data/DATASETS/WaveFake/jsut_multi_band_melgan/BASIC5000_2619_gen.wav,1
/data/DATASETS/WaveFake/jsut_parallel_wavegan/BASIC5000_3143_gen.wav,2
/data/DATASETS/WaveFake/jsut_parallel_wavegan/BASIC5000_4772_gen.wav,2
/data/DATASETS/WaveFake/jsut_multi_band_melgan/BASIC5000_3784_gen.wav,1
/data/DATASETS/WaveFake/jsut_multi_band_melgan/BASIC5000_0788_gen.wav,1
/data/DATASETS/WaveFake/jsut_multi_band_melgan/BASIC5000_3018_gen.wav,1
/data/DATASETS/WaveFake/jsut_multi_band_melgan/BASIC5000_2048_gen.wav,1
/data/DATASETS/WaveFake/jsut_multi_band_melgan/BASIC5000_0185_gen.wav,1
/data/DATASETS/WaveFake/jsut_multi_band_melgan/BASIC5000_1009_gen.wav,1
/data/DATASETS/WaveFake/jsut_parallel_wavegan/BASIC5000_4161_gen.wav,2
/data/DATASETS/WaveFake/jsut_multi_band_melgan/BASIC5000_1700_gen.wav,1
/data/DATASETS/WaveFake/jsut_multi_band_melgan/BASIC5000_1020_gen.wav,1
/data/DATASETS/WaveFake/jsut_multi_band_melgan/BASIC5000_4662_gen.wav,1
/data/DATASETS/WaveFake/jsut_multi_band_melgan/BASIC5000_3682_gen.wav,1
/data/DATASETS/WaveFake/jsut_parallel_wavegan/BASIC5000_0882_gen.wav,2
/data/DATASETS/WaveFake/jsut_parallel_wavegan/BASIC5000_2301_gen.wav,2
/data/DATASETS/WaveFake/jsut_parallel_wavegan/BASIC5000_4374_gen.wav,2
/data/DATASETS/WaveFake/jsut_parallel_wavegan/BASIC5000_1663_gen.wav,2
/data/DATASETS/WaveFake/jsut_multi_band_melgan/BASIC5000_3690_gen.wav,1
/data/DATASETS/WaveFake/jsut_multi_band_melgan/BASIC5000_4557_gen.wav,1
/data/DATASETS/WaveFake/jsut_multi_band_melgan/BASIC5000_3698_gen.wav,1
/data/DATASETS/WaveFake/jsut_multi_band_melgan/BASIC5000_3108_gen.wav,1
/data/DATASETS/WaveFake/jsut_parallel_wavegan/BASIC5000_0408_gen.wav,2
/data/DATASETS/WaveFake/jsut_parallel_wavegan/BASIC5000_0962_gen.wav,2
/data/DATASETS/WaveFake/jsut_multi_band_melgan/BASIC5000_3872_gen.wav,1
/data/DATASETS/WaveFake/jsut_parallel_wavegan/BASIC5000_2188_gen.wav,2
/data/DATASETS/WaveFake/jsut_multi_band_melgan/BASIC5000_3365_gen.wav,1
/data/DATASETS/WaveFake/jsut_parallel_wavegan/BASIC5000_3993_gen.wav,2
/data/DATASETS/WaveFake/jsut_parallel_wavegan/BASIC5000_1687_gen.wav,2
/data/DATASETS/WaveFake/jsut_parallel_wavegan/BASIC5000_0206_gen.wav,2
/data/DATASETS/WaveFake/jsut_parallel_wavegan/BASIC5000_3784_gen.wav,2
/data/DATASETS/WaveFake/jsut_parallel_wavegan/BASIC5000_2834_gen.wav,2
/data/DATASETS/WaveFake/jsut_multi_band_melgan/BASIC5000_2218_gen.wav,1
/data/DATASETS/WaveFake/jsut_parallel_wavegan/BASIC5000_2500_gen.wav,2
/data/DATASETS/WaveFake/jsut_multi_band_melgan/BASIC5000_4863_gen.wav,1
/data/DATASETS/WaveFake/jsut_parallel_wavegan/BASIC5000_3481_gen.wav,2
/data/DATASETS/WaveFake/jsut_multi_band_melgan/BASIC5000_2539_gen.wav,1
/data/DATASETS/WaveFake/jsut_multi_band_melgan/BASIC5000_0314_gen.wav,1
/data/DATASETS/WaveFake/jsut_parallel_wavegan/BASIC5000_4687_gen.wav,2
/data/DATASETS/WaveFake/jsut_parallel_wavegan/BASIC5000_1128_gen.wav,2
/data/DATASETS/WaveFake/jsut_multi_band_melgan/BASIC5000_3280_gen.wav,1
/data/DATASETS/WaveFake/jsut_multi_band_melgan/BASIC5000_4400_gen.wav,1
/data/DATASETS/WaveFake/jsut_parallel_wavegan/BASIC5000_3606_gen.wav,2
/data/DATASETS/WaveFake/jsut_parallel_wavegan/BASIC5000_0577_gen.wav,2
/data/DATASETS/WaveFake/jsut_parallel_wavegan/BASIC5000_1541_gen.wav,2
/data/DATASETS/WaveFake/jsut_parallel_wavegan/BASIC5000_4429_gen.wav,2
/data/DATASETS/WaveFake/jsut_multi_band_melgan/BASIC5000_3429_gen.wav,1
/data/DATASETS/WaveFake/jsut_parallel_wavegan/BASIC5000_3189_gen.wav,2
/data/DATASETS/WaveFake/jsut_parallel_wavegan/BASIC5000_3037_gen.wav,2
/data/DATASETS/WaveFake/jsut_parallel_wavegan/BASIC5000_4971_gen.wav,2
/data/DATASETS/WaveFake/jsut_multi_band_melgan/BASIC5000_2303_gen.wav,1
/data/DATASETS/WaveFake/jsut_parallel_wavegan/BASIC5000_4627_gen.wav,2
/data/DATASETS/WaveFake/jsut_multi_band_melgan/BASIC5000_3349_gen.wav,1
/data/DATASETS/WaveFake/jsut_parallel_wavegan/BASIC5000_3199_gen.wav,2
/data/DATASETS/WaveFake/jsut_parallel_wavegan/BASIC5000_4633_gen.wav,2
/data/DATASETS/WaveFake/jsut_parallel_wavegan/BASIC5000_2566_gen.wav,2
/data/DATASETS/WaveFake/jsut_multi_band_melgan/BASIC5000_3457_gen.wav,1
/data/DATASETS/WaveFake/jsut_multi_band_melgan/BASIC5000_1481_gen.wav,1
/data/DATASETS/WaveFake/jsut_multi_band_melgan/BASIC5000_0623_gen.wav,1
/data/DATASETS/WaveFake/jsut_parallel_wavegan/BASIC5000_0995_gen.wav,2
/data/DATASETS/WaveFake/jsut_parallel_wavegan/BASIC5000_1267_gen.wav,2
/data/DATASETS/WaveFake/jsut_parallel_wavegan/BASIC5000_3456_gen.wav,2
/data/DATASETS/WaveFake/jsut_multi_band_melgan/BASIC5000_3861_gen.wav,1
/data/DATASETS/WaveFake/jsut_multi_band_melgan/BASIC5000_4644_gen.wav,1
/data/DATASETS/WaveFake/jsut_multi_band_melgan/BASIC5000_1252_gen.wav,1
/data/DATASETS/WaveFake/jsut_multi_band_melgan/BASIC5000_4506_gen.wav,1
/data/DATASETS/WaveFake/jsut_multi_band_melgan/BASIC5000_1189_gen.wav,1
/data/DATASETS/WaveFake/jsut_parallel_wavegan/BASIC5000_2168_gen.wav,2
/data/DATASETS/WaveFake/jsut_parallel_wavegan/BASIC5000_2040_gen.wav,2
/data/DATASETS/WaveFake/jsut_parallel_wavegan/BASIC5000_1956_gen.wav,2
/data/DATASETS/WaveFake/jsut_multi_band_melgan/BASIC5000_0790_gen.wav,1
/data/DATASETS/WaveFake/jsut_multi_band_melgan/BASIC5000_0095_gen.wav,1
/data/DATASETS/WaveFake/jsut_multi_band_melgan/BASIC5000_1257_gen.wav,1
/data/DATASETS/WaveFake/jsut_parallel_wavegan/BASIC5000_0632_gen.wav,2
/data/DATASETS/WaveFake/jsut_multi_band_melgan/BASIC5000_0764_gen.wav,1
/data/DATASETS/WaveFake/jsut_multi_band_melgan/BASIC5000_4472_gen.wav,1
/data/DATASETS/WaveFake/jsut_multi_band_melgan/BASIC5000_2953_gen.wav,1
/data/DATASETS/WaveFake/jsut_parallel_wavegan/BASIC5000_1452_gen.wav,2
/data/DATASETS/WaveFake/jsut_multi_band_melgan/BASIC5000_3015_gen.wav,1
/data/DATASETS/WaveFake/jsut_multi_band_melgan/BASIC5000_3527_gen.wav,1
/data/DATASETS/WaveFake/jsut_multi_band_melgan/BASIC5000_0263_gen.wav,1
/data/DATASETS/WaveFake/jsut_parallel_wavegan/BASIC5000_3602_gen.wav,2
/data/DATASETS/WaveFake/jsut_parallel_wavegan/BASIC5000_4699_gen.wav,2
/data/DATASETS/WaveFake/jsut_multi_band_melgan/BASIC5000_3699_gen.wav,1
/data/DATASETS/WaveFake/jsut_multi_band_melgan/BASIC5000_4681_gen.wav,1
/data/DATASETS/WaveFake/jsut_multi_band_melgan/BASIC5000_1611_gen.wav,1
/data/DATASETS/WaveFake/jsut_multi_band_melgan/BASIC5000_0333_gen.wav,1
/data/DATASETS/WaveFake/jsut_multi_band_melgan/BASIC5000_0658_gen.wav,1
/data/DATASETS/WaveFake/jsut_parallel_wavegan/BASIC5000_1299_gen.wav,2
/data/DATASETS/WaveFake/jsut_multi_band_melgan/BASIC5000_2901_gen.wav,1
/data/DATASETS/WaveFake/jsut_parallel_wavegan/BASIC5000_1253_gen.wav,2
/data/DATASETS/WaveFake/jsut_parallel_wavegan/BASIC5000_1405_gen.wav,2
/data/DATASETS/WaveFake/jsut_multi_band_melgan/BASIC5000_2891_gen.wav,1
/data/DATASETS/WaveFake/jsut_parallel_wavegan/BASIC5000_0655_gen.wav,2
/data/DATASETS/WaveFake/jsut_parallel_wavegan/BASIC5000_0114_gen.wav,2
/data/DATASETS/WaveFake/jsut_parallel_wavegan/BASIC5000_2069_gen.wav,2
/data/DATASETS/WaveFake/jsut_parallel_wavegan/BASIC5000_3856_gen.wav,2
/data/DATASETS/WaveFake/jsut_parallel_wavegan/BASIC5000_0189_gen.wav,2
/data/DATASETS/WaveFake/jsut_parallel_wavegan/BASIC5000_3265_gen.wav,2
/data/DATASETS/WaveFake/jsut_multi_band_melgan/BASIC5000_0660_gen.wav,1
/data/DATASETS/WaveFake/jsut_parallel_wavegan/BASIC5000_1471_gen.wav,2
/data/DATASETS/WaveFake/jsut_parallel_wavegan/BASIC5000_3300_gen.wav,2
/data/DATASETS/WaveFake/jsut_multi_band_melgan/BASIC5000_0863_gen.wav,1
/data/DATASETS/WaveFake/jsut_multi_band_melgan/BASIC5000_1785_gen.wav,1
/data/DATASETS/WaveFake/jsut_parallel_wavegan/BASIC5000_2487_gen.wav,2
/data/DATASETS/WaveFake/jsut_parallel_wavegan/BASIC5000_1233_gen.wav,2
/data/DATASETS/WaveFake/jsut_parallel_wavegan/BASIC5000_2248_gen.wav,2
/data/DATASETS/WaveFake/jsut_parallel_wavegan/BASIC5000_1881_gen.wav,2
/data/DATASETS/WaveFake/jsut_parallel_wavegan/BASIC5000_0647_gen.wav,2
/data/DATASETS/WaveFake/jsut_parallel_wavegan/BASIC5000_3478_gen.wav,2
/data/DATASETS/WaveFake/jsut_parallel_wavegan/BASIC5000_3147_gen.wav,2
/data/DATASETS/WaveFake/jsut_multi_band_melgan/BASIC5000_3301_gen.wav,1
/data/DATASETS/WaveFake/jsut_parallel_wavegan/BASIC5000_0776_gen.wav,2
/data/DATASETS/WaveFake/jsut_multi_band_melgan/BASIC5000_1945_gen.wav,1
/data/DATASETS/WaveFake/jsut_multi_band_melgan/BASIC5000_2660_gen.wav,1
/data/DATASETS/WaveFake/jsut_multi_band_melgan/BASIC5000_2914_gen.wav,1
/data/DATASETS/WaveFake/jsut_parallel_wavegan/BASIC5000_1579_gen.wav,2
/data/DATASETS/WaveFake/jsut_multi_band_melgan/BASIC5000_4092_gen.wav,1
/data/DATASETS/WaveFake/jsut_multi_band_melgan/BASIC5000_0546_gen.wav,1
/data/DATASETS/WaveFake/jsut_parallel_wavegan/BASIC5000_4644_gen.wav,2
/data/DATASETS/WaveFake/jsut_multi_band_melgan/BASIC5000_4882_gen.wav,1
/data/DATASETS/WaveFake/jsut_multi_band_melgan/BASIC5000_3501_gen.wav,1
/data/DATASETS/WaveFake/jsut_parallel_wavegan/BASIC5000_2600_gen.wav,2
/data/DATASETS/WaveFake/jsut_multi_band_melgan/BASIC5000_4461_gen.wav,1
/data/DATASETS/WaveFake/jsut_parallel_wavegan/BASIC5000_2323_gen.wav,2
/data/DATASETS/WaveFake/jsut_multi_band_melgan/BASIC5000_2462_gen.wav,1
/data/DATASETS/WaveFake/jsut_multi_band_melgan/BASIC5000_4058_gen.wav,1
/data/DATASETS/WaveFake/jsut_parallel_wavegan/BASIC5000_1393_gen.wav,2
/data/DATASETS/WaveFake/jsut_parallel_wavegan/BASIC5000_3637_gen.wav,2
/data/DATASETS/WaveFake/jsut_multi_band_melgan/BASIC5000_3254_gen.wav,1
/data/DATASETS/WaveFake/jsut_parallel_wavegan/BASIC5000_1905_gen.wav,2
/data/DATASETS/WaveFake/jsut_multi_band_melgan/BASIC5000_4204_gen.wav,1
/data/DATASETS/WaveFake/jsut_multi_band_melgan/BASIC5000_4590_gen.wav,1
/data/DATASETS/WaveFake/jsut_parallel_wavegan/BASIC5000_4891_gen.wav,2
/data/DATASETS/WaveFake/jsut_parallel_wavegan/BASIC5000_2462_gen.wav,2
/data/DATASETS/WaveFake/jsut_multi_band_melgan/BASIC5000_2611_gen.wav,1
/data/DATASETS/WaveFake/jsut_multi_band_melgan/BASIC5000_1422_gen.wav,1
/data/DATASETS/WaveFake/jsut_parallel_wavegan/BASIC5000_3847_gen.wav,2
/data/DATASETS/WaveFake/jsut_multi_band_melgan/BASIC5000_1077_gen.wav,1
/data/DATASETS/WaveFake/jsut_multi_band_melgan/BASIC5000_0307_gen.wav,1
/data/DATASETS/WaveFake/jsut_multi_band_melgan/BASIC5000_4370_gen.wav,1
/data/DATASETS/WaveFake/jsut_multi_band_melgan/BASIC5000_0953_gen.wav,1
/data/DATASETS/WaveFake/jsut_multi_band_melgan/BASIC5000_1157_gen.wav,1
/data/DATASETS/WaveFake/jsut_parallel_wavegan/BASIC5000_3589_gen.wav,2
/data/DATASETS/WaveFake/jsut_multi_band_melgan/BASIC5000_1166_gen.wav,1
/data/DATASETS/WaveFake/jsut_parallel_wavegan/BASIC5000_0011_gen.wav,2
/data/DATASETS/WaveFake/jsut_parallel_wavegan/BASIC5000_4305_gen.wav,2
/data/DATASETS/WaveFake/jsut_parallel_wavegan/BASIC5000_2231_gen.wav,2
/data/DATASETS/WaveFake/jsut_parallel_wavegan/BASIC5000_2773_gen.wav,2
/data/DATASETS/WaveFake/jsut_multi_band_melgan/BASIC5000_3834_gen.wav,1
/data/DATASETS/WaveFake/jsut_parallel_wavegan/BASIC5000_3401_gen.wav,2
/data/DATASETS/WaveFake/jsut_parallel_wavegan/BASIC5000_2979_gen.wav,2
/data/DATASETS/WaveFake/jsut_multi_band_melgan/BASIC5000_0014_gen.wav,1
/data/DATASETS/WaveFake/jsut_parallel_wavegan/BASIC5000_1864_gen.wav,2
/data/DATASETS/WaveFake/jsut_parallel_wavegan/BASIC5000_3776_gen.wav,2
/data/DATASETS/WaveFake/jsut_multi_band_melgan/BASIC5000_3791_gen.wav,1
/data/DATASETS/WaveFake/jsut_multi_band_melgan/BASIC5000_3615_gen.wav,1
/data/DATASETS/WaveFake/jsut_parallel_wavegan/BASIC5000_4530_gen.wav,2
/data/DATASETS/WaveFake/jsut_parallel_wavegan/BASIC5000_0245_gen.wav,2
/data/DATASETS/WaveFake/jsut_parallel_wavegan/BASIC5000_1879_gen.wav,2
/data/DATASETS/WaveFake/jsut_multi_band_melgan/BASIC5000_0890_gen.wav,1
/data/DATASETS/WaveFake/jsut_multi_band_melgan/BASIC5000_0471_gen.wav,1
/data/DATASETS/WaveFake/jsut_multi_band_melgan/BASIC5000_3675_gen.wav,1
/data/DATASETS/WaveFake/jsut_parallel_wavegan/BASIC5000_0162_gen.wav,2
/data/DATASETS/WaveFake/jsut_parallel_wavegan/BASIC5000_2220_gen.wav,2
/data/DATASETS/WaveFake/jsut_parallel_wavegan/BASIC5000_1953_gen.wav,2
/data/DATASETS/WaveFake/jsut_parallel_wavegan/BASIC5000_3720_gen.wav,2
/data/DATASETS/WaveFake/jsut_parallel_wavegan/BASIC5000_2238_gen.wav,2
/data/DATASETS/WaveFake/jsut_multi_band_melgan/BASIC5000_1050_gen.wav,1
/data/DATASETS/WaveFake/jsut_multi_band_melgan/BASIC5000_3933_gen.wav,1
/data/DATASETS/WaveFake/jsut_multi_band_melgan/BASIC5000_4272_gen.wav,1
/data/DATASETS/WaveFake/jsut_parallel_wavegan/BASIC5000_4239_gen.wav,2
/data/DATASETS/WaveFake/jsut_parallel_wavegan/BASIC5000_4529_gen.wav,2
/data/DATASETS/WaveFake/jsut_multi_band_melgan/BASIC5000_3992_gen.wav,1
/data/DATASETS/WaveFake/jsut_parallel_wavegan/BASIC5000_1433_gen.wav,2
/data/DATASETS/WaveFake/jsut_parallel_wavegan/BASIC5000_4561_gen.wav,2
/data/DATASETS/WaveFake/jsut_multi_band_melgan/BASIC5000_3329_gen.wav,1
/data/DATASETS/WaveFake/jsut_multi_band_melgan/BASIC5000_1290_gen.wav,1
/data/DATASETS/WaveFake/jsut_multi_band_melgan/BASIC5000_0284_gen.wav,1
/data/DATASETS/WaveFake/jsut_parallel_wavegan/BASIC5000_3940_gen.wav,2
/data/DATASETS/WaveFake/jsut_parallel_wavegan/BASIC5000_2551_gen.wav,2
/data/DATASETS/WaveFake/jsut_parallel_wavegan/BASIC5000_3365_gen.wav,2
/data/DATASETS/WaveFake/jsut_parallel_wavegan/BASIC5000_1095_gen.wav,2
/data/DATASETS/WaveFake/jsut_multi_band_melgan/BASIC5000_1815_gen.wav,1
/data/DATASETS/WaveFake/jsut_multi_band_melgan/BASIC5000_2107_gen.wav,1
/data/DATASETS/WaveFake/jsut_multi_band_melgan/BASIC5000_2972_gen.wav,1
/data/DATASETS/WaveFake/jsut_parallel_wavegan/BASIC5000_3944_gen.wav,2
/data/DATASETS/WaveFake/jsut_multi_band_melgan/BASIC5000_1163_gen.wav,1
/data/DATASETS/WaveFake/jsut_multi_band_melgan/BASIC5000_1377_gen.wav,1
/data/DATASETS/WaveFake/jsut_parallel_wavegan/BASIC5000_4312_gen.wav,2
/data/DATASETS/WaveFake/jsut_parallel_wavegan/BASIC5000_3391_gen.wav,2
/data/DATASETS/WaveFake/jsut_parallel_wavegan/BASIC5000_3485_gen.wav,2
/data/DATASETS/WaveFake/jsut_multi_band_melgan/BASIC5000_0626_gen.wav,1
/data/DATASETS/WaveFake/jsut_multi_band_melgan/BASIC5000_3573_gen.wav,1
/data/DATASETS/WaveFake/jsut_parallel_wavegan/BASIC5000_2396_gen.wav,2
/data/DATASETS/WaveFake/jsut_parallel_wavegan/BASIC5000_1295_gen.wav,2
/data/DATASETS/WaveFake/jsut_multi_band_melgan/BASIC5000_2171_gen.wav,1
/data/DATASETS/WaveFake/jsut_multi_band_melgan/BASIC5000_3386_gen.wav,1
/data/DATASETS/WaveFake/jsut_multi_band_melgan/BASIC5000_2143_gen.wav,1
/data/DATASETS/WaveFake/jsut_multi_band_melgan/BASIC5000_0169_gen.wav,1
/data/DATASETS/WaveFake/jsut_parallel_wavegan/BASIC5000_2165_gen.wav,2
/data/DATASETS/WaveFake/jsut_multi_band_melgan/BASIC5000_0556_gen.wav,1
/data/DATASETS/WaveFake/jsut_parallel_wavegan/BASIC5000_3350_gen.wav,2
/data/DATASETS/WaveFake/jsut_multi_band_melgan/BASIC5000_4661_gen.wav,1
/data/DATASETS/WaveFake/jsut_multi_band_melgan/BASIC5000_1186_gen.wav,1
/data/DATASETS/WaveFake/jsut_parallel_wavegan/BASIC5000_3202_gen.wav,2
/data/DATASETS/WaveFake/jsut_parallel_wavegan/BASIC5000_4109_gen.wav,2
/data/DATASETS/WaveFake/jsut_multi_band_melgan/BASIC5000_1735_gen.wav,1
/data/DATASETS/WaveFake/jsut_multi_band_melgan/BASIC5000_2223_gen.wav,1
/data/DATASETS/WaveFake/jsut_multi_band_melgan/BASIC5000_3648_gen.wav,1
/data/DATASETS/WaveFake/jsut_multi_band_melgan/BASIC5000_2368_gen.wav,1
/data/DATASETS/WaveFake/jsut_multi_band_melgan/BASIC5000_2460_gen.wav,1
/data/DATASETS/WaveFake/jsut_parallel_wavegan/BASIC5000_1611_gen.wav,2
/data/DATASETS/WaveFake/jsut_multi_band_melgan/BASIC5000_2680_gen.wav,1
/data/DATASETS/WaveFake/jsut_multi_band_melgan/BASIC5000_4627_gen.wav,1
/data/DATASETS/WaveFake/jsut_multi_band_melgan/BASIC5000_0009_gen.wav,1
/data/DATASETS/WaveFake/jsut_multi_band_melgan/BASIC5000_4014_gen.wav,1
/data/DATASETS/WaveFake/jsut_parallel_wavegan/BASIC5000_4893_gen.wav,2
/data/DATASETS/WaveFake/jsut_multi_band_melgan/BASIC5000_1288_gen.wav,1
/data/DATASETS/WaveFake/jsut_parallel_wavegan/BASIC5000_1854_gen.wav,2
/data/DATASETS/WaveFake/jsut_multi_band_melgan/BASIC5000_4086_gen.wav,1
/data/DATASETS/WaveFake/jsut_multi_band_melgan/BASIC5000_0344_gen.wav,1
/data/DATASETS/WaveFake/jsut_parallel_wavegan/BASIC5000_0850_gen.wav,2
/data/DATASETS/WaveFake/jsut_parallel_wavegan/BASIC5000_4825_gen.wav,2
/data/DATASETS/WaveFake/jsut_parallel_wavegan/BASIC5000_4253_gen.wav,2
/data/DATASETS/WaveFake/jsut_parallel_wavegan/BASIC5000_1988_gen.wav,2
/data/DATASETS/WaveFake/jsut_multi_band_melgan/BASIC5000_4568_gen.wav,1
/data/DATASETS/WaveFake/jsut_multi_band_melgan/BASIC5000_2634_gen.wav,1
/data/DATASETS/WaveFake/jsut_parallel_wavegan/BASIC5000_2537_gen.wav,2
/data/DATASETS/WaveFake/jsut_multi_band_melgan/BASIC5000_1378_gen.wav,1
/data/DATASETS/WaveFake/jsut_multi_band_melgan/BASIC5000_1571_gen.wav,1
/data/DATASETS/WaveFake/jsut_multi_band_melgan/BASIC5000_3390_gen.wav,1
/data/DATASETS/WaveFake/jsut_multi_band_melgan/BASIC5000_2668_gen.wav,1
/data/DATASETS/WaveFake/jsut_multi_band_melgan/BASIC5000_0598_gen.wav,1
/data/DATASETS/WaveFake/jsut_parallel_wavegan/BASIC5000_3010_gen.wav,2
/data/DATASETS/WaveFake/jsut_multi_band_melgan/BASIC5000_1045_gen.wav,1
/data/DATASETS/WaveFake/jsut_parallel_wavegan/BASIC5000_4902_gen.wav,2
/data/DATASETS/WaveFake/jsut_parallel_wavegan/BASIC5000_2854_gen.wav,2
/data/DATASETS/WaveFake/jsut_parallel_wavegan/BASIC5000_2455_gen.wav,2
/data/DATASETS/WaveFake/jsut_multi_band_melgan/BASIC5000_4628_gen.wav,1
/data/DATASETS/WaveFake/jsut_multi_band_melgan/BASIC5000_0016_gen.wav,1
/data/DATASETS/WaveFake/jsut_parallel_wavegan/BASIC5000_4350_gen.wav,2
/data/DATASETS/WaveFake/jsut_parallel_wavegan/BASIC5000_1006_gen.wav,2
/data/DATASETS/WaveFake/jsut_multi_band_melgan/BASIC5000_3048_gen.wav,1
/data/DATASETS/WaveFake/jsut_parallel_wavegan/BASIC5000_0210_gen.wav,2
/data/DATASETS/WaveFake/jsut_parallel_wavegan/BASIC5000_4676_gen.wav,2
/data/DATASETS/WaveFake/jsut_multi_band_melgan/BASIC5000_2328_gen.wav,1
/data/DATASETS/WaveFake/jsut_multi_band_melgan/BASIC5000_1196_gen.wav,1
/data/DATASETS/WaveFake/jsut_parallel_wavegan/BASIC5000_3676_gen.wav,2
/data/DATASETS/WaveFake/jsut_multi_band_melgan/BASIC5000_4528_gen.wav,1
/data/DATASETS/WaveFake/jsut_multi_band_melgan/BASIC5000_3206_gen.wav,1
/data/DATASETS/WaveFake/jsut_multi_band_melgan/BASIC5000_1568_gen.wav,1
/data/DATASETS/WaveFake/jsut_parallel_wavegan/BASIC5000_2804_gen.wav,2
/data/DATASETS/WaveFake/jsut_multi_band_melgan/BASIC5000_0160_gen.wav,1
/data/DATASETS/WaveFake/jsut_multi_band_melgan/BASIC5000_2683_gen.wav,1
/data/DATASETS/WaveFake/jsut_parallel_wavegan/BASIC5000_2533_gen.wav,2
/data/DATASETS/WaveFake/jsut_parallel_wavegan/BASIC5000_0601_gen.wav,2
/data/DATASETS/WaveFake/jsut_multi_band_melgan/BASIC5000_1061_gen.wav,1
/data/DATASETS/WaveFake/jsut_parallel_wavegan/BASIC5000_3022_gen.wav,2
/data/DATASETS/WaveFake/jsut_parallel_wavegan/BASIC5000_2763_gen.wav,2
/data/DATASETS/WaveFake/jsut_parallel_wavegan/BASIC5000_4552_gen.wav,2
/data/DATASETS/WaveFake/jsut_parallel_wavegan/BASIC5000_1297_gen.wav,2
/data/DATASETS/WaveFake/jsut_multi_band_melgan/BASIC5000_0468_gen.wav,1
/data/DATASETS/WaveFake/jsut_parallel_wavegan/BASIC5000_1163_gen.wav,2
/data/DATASETS/WaveFake/jsut_multi_band_melgan/BASIC5000_1467_gen.wav,1
/data/DATASETS/WaveFake/jsut_parallel_wavegan/BASIC5000_2974_gen.wav,2
/data/DATASETS/WaveFake/jsut_parallel_wavegan/BASIC5000_4036_gen.wav,2
/data/DATASETS/WaveFake/jsut_parallel_wavegan/BASIC5000_1373_gen.wav,2
/data/DATASETS/WaveFake/jsut_parallel_wavegan/BASIC5000_0921_gen.wav,2
/data/DATASETS/WaveFake/jsut_multi_band_melgan/BASIC5000_4382_gen.wav,1
/data/DATASETS/WaveFake/jsut_parallel_wavegan/BASIC5000_4608_gen.wav,2
/data/DATASETS/WaveFake/jsut_parallel_wavegan/BASIC5000_3187_gen.wav,2
/data/DATASETS/WaveFake/jsut_parallel_wavegan/BASIC5000_4899_gen.wav,2
/data/DATASETS/WaveFake/jsut_multi_band_melgan/BASIC5000_3880_gen.wav,1
/data/DATASETS/WaveFake/jsut_multi_band_melgan/BASIC5000_0193_gen.wav,1
/data/DATASETS/WaveFake/jsut_multi_band_melgan/BASIC5000_3312_gen.wav,1
/data/DATASETS/WaveFake/jsut_parallel_wavegan/BASIC5000_2508_gen.wav,2
/data/DATASETS/WaveFake/jsut_parallel_wavegan/BASIC5000_1941_gen.wav,2
/data/DATASETS/WaveFake/jsut_multi_band_melgan/BASIC5000_4868_gen.wav,1
/data/DATASETS/WaveFake/jsut_multi_band_melgan/BASIC5000_2927_gen.wav,1
/data/DATASETS/WaveFake/jsut_multi_band_melgan/BASIC5000_2579_gen.wav,1
/data/DATASETS/WaveFake/jsut_multi_band_melgan/BASIC5000_2827_gen.wav,1
/data/DATASETS/WaveFake/jsut_parallel_wavegan/BASIC5000_3309_gen.wav,2
/data/DATASETS/WaveFake/jsut_multi_band_melgan/BASIC5000_0972_gen.wav,1
/data/DATASETS/WaveFake/jsut_multi_band_melgan/BASIC5000_2739_gen.wav,1
/data/DATASETS/WaveFake/jsut_parallel_wavegan/BASIC5000_0355_gen.wav,2
/data/DATASETS/WaveFake/jsut_multi_band_melgan/BASIC5000_4091_gen.wav,1
/data/DATASETS/WaveFake/jsut_parallel_wavegan/BASIC5000_1835_gen.wav,2
/data/DATASETS/WaveFake/jsut_parallel_wavegan/BASIC5000_1608_gen.wav,2
/data/DATASETS/WaveFake/jsut_parallel_wavegan/BASIC5000_0217_gen.wav,2
/data/DATASETS/WaveFake/jsut_multi_band_melgan/BASIC5000_2405_gen.wav,1
/data/DATASETS/WaveFake/jsut_parallel_wavegan/BASIC5000_2912_gen.wav,2
/data/DATASETS/WaveFake/jsut_multi_band_melgan/BASIC5000_0800_gen.wav,1
/data/DATASETS/WaveFake/jsut_multi_band_melgan/BASIC5000_2339_gen.wav,1
/data/DATASETS/WaveFake/jsut_parallel_wavegan/BASIC5000_2992_gen.wav,2
/data/DATASETS/WaveFake/jsut_multi_band_melgan/BASIC5000_1412_gen.wav,1
/data/DATASETS/WaveFake/jsut_parallel_wavegan/BASIC5000_0272_gen.wav,2
/data/DATASETS/WaveFake/jsut_parallel_wavegan/BASIC5000_3036_gen.wav,2
/data/DATASETS/WaveFake/jsut_parallel_wavegan/BASIC5000_1498_gen.wav,2
/data/DATASETS/WaveFake/jsut_multi_band_melgan/BASIC5000_3352_gen.wav,1
/data/DATASETS/WaveFake/jsut_multi_band_melgan/BASIC5000_4008_gen.wav,1
/data/DATASETS/WaveFake/jsut_parallel_wavegan/BASIC5000_4456_gen.wav,2
/data/DATASETS/WaveFake/jsut_multi_band_melgan/BASIC5000_2480_gen.wav,1
/data/DATASETS/WaveFake/jsut_multi_band_melgan/BASIC5000_0426_gen.wav,1
/data/DATASETS/WaveFake/jsut_parallel_wavegan/BASIC5000_1224_gen.wav,2
/data/DATASETS/WaveFake/jsut_multi_band_melgan/BASIC5000_3380_gen.wav,1
/data/DATASETS/WaveFake/jsut_parallel_wavegan/BASIC5000_3734_gen.wav,2
/data/DATASETS/WaveFake/jsut_multi_band_melgan/BASIC5000_4142_gen.wav,1
/data/DATASETS/WaveFake/jsut_parallel_wavegan/BASIC5000_0573_gen.wav,2
/data/DATASETS/WaveFake/jsut_parallel_wavegan/BASIC5000_2749_gen.wav,2
/data/DATASETS/WaveFake/jsut_parallel_wavegan/BASIC5000_2197_gen.wav,2
/data/DATASETS/WaveFake/jsut_multi_band_melgan/BASIC5000_4964_gen.wav,1
/data/DATASETS/WaveFake/jsut_parallel_wavegan/BASIC5000_3984_gen.wav,2
/data/DATASETS/WaveFake/jsut_multi_band_melgan/BASIC5000_3639_gen.wav,1
/data/DATASETS/WaveFake/jsut_parallel_wavegan/BASIC5000_4250_gen.wav,2
/data/DATASETS/WaveFake/jsut_parallel_wavegan/BASIC5000_1692_gen.wav,2
/data/DATASETS/WaveFake/jsut_parallel_wavegan/BASIC5000_2062_gen.wav,2
/data/DATASETS/WaveFake/jsut_parallel_wavegan/BASIC5000_0614_gen.wav,2
/data/DATASETS/WaveFake/jsut_multi_band_melgan/BASIC5000_3425_gen.wav,1
/data/DATASETS/WaveFake/jsut_parallel_wavegan/BASIC5000_4183_gen.wav,2
/data/DATASETS/WaveFake/jsut_parallel_wavegan/BASIC5000_2710_gen.wav,2
/data/DATASETS/WaveFake/jsut_multi_band_melgan/BASIC5000_0940_gen.wav,1
/data/DATASETS/WaveFake/jsut_multi_band_melgan/BASIC5000_0774_gen.wav,1
/data/DATASETS/WaveFake/jsut_parallel_wavegan/BASIC5000_4336_gen.wav,2
/data/DATASETS/WaveFake/jsut_multi_band_melgan/BASIC5000_3982_gen.wav,1
/data/DATASETS/WaveFake/jsut_parallel_wavegan/BASIC5000_0249_gen.wav,2
/data/DATASETS/WaveFake/jsut_multi_band_melgan/BASIC5000_1899_gen.wav,1
/data/DATASETS/WaveFake/jsut_multi_band_melgan/BASIC5000_1470_gen.wav,1
/data/DATASETS/WaveFake/jsut_multi_band_melgan/BASIC5000_1922_gen.wav,1
/data/DATASETS/WaveFake/jsut_parallel_wavegan/BASIC5000_2612_gen.wav,2
/data/DATASETS/WaveFake/jsut_multi_band_melgan/BASIC5000_4307_gen.wav,1
/data/DATASETS/WaveFake/jsut_parallel_wavegan/BASIC5000_2647_gen.wav,2
/data/DATASETS/WaveFake/jsut_parallel_wavegan/BASIC5000_1269_gen.wav,2
/data/DATASETS/WaveFake/jsut_multi_band_melgan/BASIC5000_1530_gen.wav,1
/data/DATASETS/WaveFake/jsut_multi_band_melgan/BASIC5000_4667_gen.wav,1
/data/DATASETS/WaveFake/jsut_parallel_wavegan/BASIC5000_1359_gen.wav,2
/data/DATASETS/WaveFake/jsut_parallel_wavegan/BASIC5000_0693_gen.wav,2
/data/DATASETS/WaveFake/jsut_parallel_wavegan/BASIC5000_1768_gen.wav,2
/data/DATASETS/WaveFake/jsut_multi_band_melgan/BASIC5000_4721_gen.wav,1
/data/DATASETS/WaveFake/jsut_parallel_wavegan/BASIC5000_3198_gen.wav,2
/data/DATASETS/WaveFake/jsut_parallel_wavegan/BASIC5000_3226_gen.wav,2
/data/DATASETS/WaveFake/jsut_multi_band_melgan/BASIC5000_0581_gen.wav,1
/data/DATASETS/WaveFake/jsut_multi_band_melgan/BASIC5000_2239_gen.wav,1
/data/DATASETS/WaveFake/jsut_parallel_wavegan/BASIC5000_3330_gen.wav,2
/data/DATASETS/WaveFake/jsut_parallel_wavegan/BASIC5000_0720_gen.wav,2
/data/DATASETS/WaveFake/jsut_parallel_wavegan/BASIC5000_3191_gen.wav,2
/data/DATASETS/WaveFake/jsut_multi_band_melgan/BASIC5000_1176_gen.wav,1
/data/DATASETS/WaveFake/jsut_multi_band_melgan/BASIC5000_2938_gen.wav,1
/data/DATASETS/WaveFake/jsut_multi_band_melgan/BASIC5000_0740_gen.wav,1
/data/DATASETS/WaveFake/jsut_parallel_wavegan/BASIC5000_4586_gen.wav,2
/data/DATASETS/WaveFake/jsut_parallel_wavegan/BASIC5000_4645_gen.wav,2
/data/DATASETS/WaveFake/jsut_parallel_wavegan/BASIC5000_2860_gen.wav,2
/data/DATASETS/WaveFake/jsut_parallel_wavegan/BASIC5000_0952_gen.wav,2
/data/DATASETS/WaveFake/jsut_multi_band_melgan/BASIC5000_2302_gen.wav,1
/data/DATASETS/WaveFake/jsut_parallel_wavegan/BASIC5000_0796_gen.wav,2
/data/DATASETS/WaveFake/jsut_multi_band_melgan/BASIC5000_3200_gen.wav,1
/data/DATASETS/WaveFake/jsut_parallel_wavegan/BASIC5000_0899_gen.wav,2
/data/DATASETS/WaveFake/jsut_multi_band_melgan/BASIC5000_2357_gen.wav,1
/data/DATASETS/WaveFake/jsut_parallel_wavegan/BASIC5000_3337_gen.wav,2
/data/DATASETS/WaveFake/jsut_multi_band_melgan/BASIC5000_1105_gen.wav,1
/data/DATASETS/WaveFake/jsut_multi_band_melgan/BASIC5000_3073_gen.wav,1
/data/DATASETS/WaveFake/jsut_multi_band_melgan/BASIC5000_4725_gen.wav,1
/data/DATASETS/WaveFake/jsut_parallel_wavegan/BASIC5000_1492_gen.wav,2
/data/DATASETS/WaveFake/jsut_multi_band_melgan/BASIC5000_1420_gen.wav,1
/data/DATASETS/WaveFake/jsut_multi_band_melgan/BASIC5000_3348_gen.wav,1
/data/DATASETS/WaveFake/jsut_parallel_wavegan/BASIC5000_2259_gen.wav,2
/data/DATASETS/WaveFake/jsut_multi_band_melgan/BASIC5000_4153_gen.wav,1
/data/DATASETS/WaveFake/jsut_parallel_wavegan/BASIC5000_2937_gen.wav,2
/data/DATASETS/WaveFake/jsut_parallel_wavegan/BASIC5000_4720_gen.wav,2
/data/DATASETS/WaveFake/jsut_parallel_wavegan/BASIC5000_4730_gen.wav,2
/data/DATASETS/WaveFake/jsut_multi_band_melgan/BASIC5000_1781_gen.wav,1
/data/DATASETS/WaveFake/jsut_multi_band_melgan/BASIC5000_3519_gen.wav,1
/data/DATASETS/WaveFake/jsut_parallel_wavegan/BASIC5000_1056_gen.wav,2
/data/DATASETS/WaveFake/jsut_multi_band_melgan/BASIC5000_3297_gen.wav,1
/data/DATASETS/WaveFake/jsut_multi_band_melgan/BASIC5000_2279_gen.wav,1
/data/DATASETS/WaveFake/jsut_multi_band_melgan/BASIC5000_3959_gen.wav,1
/data/DATASETS/WaveFake/jsut_parallel_wavegan/BASIC5000_1019_gen.wav,2
/data/DATASETS/WaveFake/jsut_multi_band_melgan/BASIC5000_0439_gen.wav,1
/data/DATASETS/WaveFake/jsut_multi_band_melgan/BASIC5000_0306_gen.wav,1
/data/DATASETS/WaveFake/jsut_multi_band_melgan/BASIC5000_4115_gen.wav,1
/data/DATASETS/WaveFake/jsut_multi_band_melgan/BASIC5000_4761_gen.wav,1
/data/DATASETS/WaveFake/jsut_multi_band_melgan/BASIC5000_0616_gen.wav,1
/data/DATASETS/WaveFake/jsut_multi_band_melgan/BASIC5000_4895_gen.wav,1
/data/DATASETS/WaveFake/jsut_multi_band_melgan/BASIC5000_3342_gen.wav,1
/data/DATASETS/WaveFake/jsut_multi_band_melgan/BASIC5000_4556_gen.wav,1
/data/DATASETS/WaveFake/jsut_parallel_wavegan/BASIC5000_3227_gen.wav,2
/data/DATASETS/WaveFake/jsut_multi_band_melgan/BASIC5000_1677_gen.wav,1
/data/DATASETS/WaveFake/jsut_parallel_wavegan/BASIC5000_3598_gen.wav,2
/data/DATASETS/WaveFake/jsut_parallel_wavegan/BASIC5000_1746_gen.wav,2
/data/DATASETS/WaveFake/jsut_multi_band_melgan/BASIC5000_0365_gen.wav,1
/data/DATASETS/WaveFake/jsut_parallel_wavegan/BASIC5000_0644_gen.wav,2
/data/DATASETS/WaveFake/jsut_multi_band_melgan/BASIC5000_2805_gen.wav,1
/data/DATASETS/WaveFake/jsut_multi_band_melgan/BASIC5000_0512_gen.wav,1
/data/DATASETS/WaveFake/jsut_multi_band_melgan/BASIC5000_4047_gen.wav,1
/data/DATASETS/WaveFake/jsut_multi_band_melgan/BASIC5000_0668_gen.wav,1
/data/DATASETS/WaveFake/jsut_parallel_wavegan/BASIC5000_0053_gen.wav,2
/data/DATASETS/WaveFake/jsut_multi_band_melgan/BASIC5000_0803_gen.wav,1
/data/DATASETS/WaveFake/jsut_multi_band_melgan/BASIC5000_1461_gen.wav,1
/data/DATASETS/WaveFake/jsut_parallel_wavegan/BASIC5000_3743_gen.wav,2
/data/DATASETS/WaveFake/jsut_parallel_wavegan/BASIC5000_0706_gen.wav,2
/data/DATASETS/WaveFake/jsut_multi_band_melgan/BASIC5000_3109_gen.wav,1
/data/DATASETS/WaveFake/jsut_parallel_wavegan/BASIC5000_2691_gen.wav,2
/data/DATASETS/WaveFake/jsut_parallel_wavegan/BASIC5000_4680_gen.wav,2
/data/DATASETS/WaveFake/jsut_multi_band_melgan/BASIC5000_3665_gen.wav,1
/data/DATASETS/WaveFake/jsut_parallel_wavegan/BASIC5000_3974_gen.wav,2
/data/DATASETS/WaveFake/jsut_parallel_wavegan/BASIC5000_3345_gen.wav,2
/data/DATASETS/WaveFake/jsut_multi_band_melgan/BASIC5000_4578_gen.wav,1
/data/DATASETS/WaveFake/jsut_parallel_wavegan/BASIC5000_3128_gen.wav,2
/data/DATASETS/WaveFake/jsut_parallel_wavegan/BASIC5000_4027_gen.wav,2
/data/DATASETS/WaveFake/jsut_parallel_wavegan/BASIC5000_0152_gen.wav,2
/data/DATASETS/WaveFake/jsut_parallel_wavegan/BASIC5000_2609_gen.wav,2
/data/DATASETS/WaveFake/jsut_multi_band_melgan/BASIC5000_3504_gen.wav,1
/data/DATASETS/WaveFake/jsut_parallel_wavegan/BASIC5000_2305_gen.wav,2
/data/DATASETS/WaveFake/jsut_parallel_wavegan/BASIC5000_0415_gen.wav,2
/data/DATASETS/WaveFake/jsut_multi_band_melgan/BASIC5000_2870_gen.wav,1
/data/DATASETS/WaveFake/jsut_multi_band_melgan/BASIC5000_2844_gen.wav,1
/data/DATASETS/WaveFake/jsut_multi_band_melgan/BASIC5000_2204_gen.wav,1
/data/DATASETS/WaveFake/jsut_multi_band_melgan/BASIC5000_0651_gen.wav,1
/data/DATASETS/WaveFake/jsut_parallel_wavegan/BASIC5000_2182_gen.wav,2
/data/DATASETS/WaveFake/jsut_multi_band_melgan/BASIC5000_3586_gen.wav,1
/data/DATASETS/WaveFake/jsut_parallel_wavegan/BASIC5000_3006_gen.wav,2
/data/DATASETS/WaveFake/jsut_parallel_wavegan/BASIC5000_2258_gen.wav,2
/data/DATASETS/WaveFake/jsut_parallel_wavegan/BASIC5000_1740_gen.wav,2
/data/DATASETS/WaveFake/jsut_multi_band_melgan/BASIC5000_3325_gen.wav,1
/data/DATASETS/WaveFake/jsut_multi_band_melgan/BASIC5000_2635_gen.wav,1
/data/DATASETS/WaveFake/jsut_parallel_wavegan/BASIC5000_3621_gen.wav,2
/data/DATASETS/WaveFake/jsut_parallel_wavegan/BASIC5000_1888_gen.wav,2
/data/DATASETS/WaveFake/jsut_parallel_wavegan/BASIC5000_2278_gen.wav,2
/data/DATASETS/WaveFake/jsut_parallel_wavegan/BASIC5000_2377_gen.wav,2
/data/DATASETS/WaveFake/jsut_multi_band_melgan/BASIC5000_3626_gen.wav,1
/data/DATASETS/WaveFake/jsut_multi_band_melgan/BASIC5000_4605_gen.wav,1
/data/DATASETS/WaveFake/jsut_multi_band_melgan/BASIC5000_0255_gen.wav,1
/data/DATASETS/WaveFake/jsut_parallel_wavegan/BASIC5000_2141_gen.wav,2
/data/DATASETS/WaveFake/jsut_multi_band_melgan/BASIC5000_4834_gen.wav,1
/data/DATASETS/WaveFake/jsut_parallel_wavegan/BASIC5000_2602_gen.wav,2
/data/DATASETS/WaveFake/jsut_parallel_wavegan/BASIC5000_2928_gen.wav,2
/data/DATASETS/WaveFake/jsut_multi_band_melgan/BASIC5000_1906_gen.wav,1
/data/DATASETS/WaveFake/jsut_parallel_wavegan/BASIC5000_0924_gen.wav,2
/data/DATASETS/WaveFake/jsut_multi_band_melgan/BASIC5000_0197_gen.wav,1
/data/DATASETS/WaveFake/jsut_parallel_wavegan/BASIC5000_3334_gen.wav,2
/data/DATASETS/WaveFake/jsut_multi_band_melgan/BASIC5000_0120_gen.wav,1
/data/DATASETS/WaveFake/jsut_multi_band_melgan/BASIC5000_4723_gen.wav,1
/data/DATASETS/WaveFake/jsut_parallel_wavegan/BASIC5000_4750_gen.wav,2
/data/DATASETS/WaveFake/jsut_parallel_wavegan/BASIC5000_1978_gen.wav,2
/data/DATASETS/WaveFake/jsut_multi_band_melgan/BASIC5000_3285_gen.wav,1
/data/DATASETS/WaveFake/jsut_multi_band_melgan/BASIC5000_1073_gen.wav,1
/data/DATASETS/WaveFake/jsut_parallel_wavegan/BASIC5000_1779_gen.wav,2
/data/DATASETS/WaveFake/jsut_multi_band_melgan/BASIC5000_1277_gen.wav,1
/data/DATASETS/WaveFake/jsut_parallel_wavegan/BASIC5000_1104_gen.wav,2
/data/DATASETS/WaveFake/jsut_parallel_wavegan/BASIC5000_3321_gen.wav,2
/data/DATASETS/WaveFake/jsut_multi_band_melgan/BASIC5000_0749_gen.wav,1
/data/DATASETS/WaveFake/jsut_multi_band_melgan/BASIC5000_0684_gen.wav,1
/data/DATASETS/WaveFake/jsut_multi_band_melgan/BASIC5000_3097_gen.wav,1
/data/DATASETS/WaveFake/jsut_parallel_wavegan/BASIC5000_0061_gen.wav,2
/data/DATASETS/WaveFake/jsut_parallel_wavegan/BASIC5000_4551_gen.wav,2
/data/DATASETS/WaveFake/jsut_parallel_wavegan/BASIC5000_0854_gen.wav,2
/data/DATASETS/WaveFake/jsut_parallel_wavegan/BASIC5000_2383_gen.wav,2
/data/DATASETS/WaveFake/jsut_multi_band_melgan/BASIC5000_2929_gen.wav,1
/data/DATASETS/WaveFake/jsut_parallel_wavegan/BASIC5000_2939_gen.wav,2
/data/DATASETS/WaveFake/jsut_parallel_wavegan/BASIC5000_3437_gen.wav,2
/data/DATASETS/WaveFake/jsut_multi_band_melgan/BASIC5000_3181_gen.wav,1
/data/DATASETS/WaveFake/jsut_parallel_wavegan/BASIC5000_4900_gen.wav,2
/data/DATASETS/WaveFake/jsut_multi_band_melgan/BASIC5000_0555_gen.wav,1
/data/DATASETS/WaveFake/jsut_parallel_wavegan/BASIC5000_2045_gen.wav,2
/data/DATASETS/WaveFake/jsut_multi_band_melgan/BASIC5000_0647_gen.wav,1
/data/DATASETS/WaveFake/jsut_parallel_wavegan/BASIC5000_0582_gen.wav,2
/data/DATASETS/WaveFake/jsut_multi_band_melgan/BASIC5000_1669_gen.wav,1
/data/DATASETS/WaveFake/jsut_parallel_wavegan/BASIC5000_1170_gen.wav,2
/data/DATASETS/WaveFake/jsut_parallel_wavegan/BASIC5000_3868_gen.wav,2
/data/DATASETS/WaveFake/jsut_multi_band_melgan/BASIC5000_2337_gen.wav,1
/data/DATASETS/WaveFake/jsut_multi_band_melgan/BASIC5000_0515_gen.wav,1
/data/DATASETS/WaveFake/jsut_multi_band_melgan/BASIC5000_3708_gen.wav,1
/data/DATASETS/WaveFake/jsut_multi_band_melgan/BASIC5000_3270_gen.wav,1
/data/DATASETS/WaveFake/jsut_multi_band_melgan/BASIC5000_1367_gen.wav,1
/data/DATASETS/WaveFake/jsut_multi_band_melgan/BASIC5000_3770_gen.wav,1
/data/DATASETS/WaveFake/jsut_multi_band_melgan/BASIC5000_1301_gen.wav,1
/data/DATASETS/WaveFake/jsut_parallel_wavegan/BASIC5000_2666_gen.wav,2
/data/DATASETS/WaveFake/jsut_parallel_wavegan/BASIC5000_1263_gen.wav,2
/data/DATASETS/WaveFake/jsut_multi_band_melgan/BASIC5000_4437_gen.wav,1
/data/DATASETS/WaveFake/jsut_multi_band_melgan/BASIC5000_2285_gen.wav,1
/data/DATASETS/WaveFake/jsut_multi_band_melgan/BASIC5000_1748_gen.wav,1
/data/DATASETS/WaveFake/jsut_multi_band_melgan/BASIC5000_4137_gen.wav,1
/data/DATASETS/WaveFake/jsut_parallel_wavegan/BASIC5000_3979_gen.wav,2
/data/DATASETS/WaveFake/jsut_parallel_wavegan/BASIC5000_3822_gen.wav,2
/data/DATASETS/WaveFake/jsut_multi_band_melgan/BASIC5000_3777_gen.wav,1
/data/DATASETS/WaveFake/jsut_parallel_wavegan/BASIC5000_2488_gen.wav,2
/data/DATASETS/WaveFake/jsut_parallel_wavegan/BASIC5000_4383_gen.wav,2
/data/DATASETS/WaveFake/jsut_multi_band_melgan/BASIC5000_0498_gen.wav,1
/data/DATASETS/WaveFake/jsut_multi_band_melgan/BASIC5000_0923_gen.wav,1
/data/DATASETS/WaveFake/jsut_multi_band_melgan/BASIC5000_2751_gen.wav,1
/data/DATASETS/WaveFake/jsut_multi_band_melgan/BASIC5000_3075_gen.wav,1
/data/DATASETS/WaveFake/jsut_parallel_wavegan/BASIC5000_2638_gen.wav,2
/data/DATASETS/WaveFake/jsut_multi_band_melgan/BASIC5000_0818_gen.wav,1
/data/DATASETS/WaveFake/jsut_parallel_wavegan/BASIC5000_4401_gen.wav,2
/data/DATASETS/WaveFake/jsut_multi_band_melgan/BASIC5000_3088_gen.wav,1
/data/DATASETS/WaveFake/jsut_multi_band_melgan/BASIC5000_2270_gen.wav,1
/data/DATASETS/WaveFake/jsut_multi_band_melgan/BASIC5000_1448_gen.wav,1
/data/DATASETS/WaveFake/jsut_multi_band_melgan/BASIC5000_1661_gen.wav,1
/data/DATASETS/WaveFake/jsut_multi_band_melgan/BASIC5000_3793_gen.wav,1
/data/DATASETS/WaveFake/jsut_multi_band_melgan/BASIC5000_3196_gen.wav,1
/data/DATASETS/WaveFake/jsut_multi_band_melgan/BASIC5000_1876_gen.wav,1
/data/DATASETS/WaveFake/jsut_parallel_wavegan/BASIC5000_2510_gen.wav,2
/data/DATASETS/WaveFake/jsut_parallel_wavegan/BASIC5000_4579_gen.wav,2
/data/DATASETS/WaveFake/jsut_parallel_wavegan/BASIC5000_0715_gen.wav,2
/data/DATASETS/WaveFake/jsut_parallel_wavegan/BASIC5000_2739_gen.wav,2
/data/DATASETS/WaveFake/jsut_multi_band_melgan/BASIC5000_3471_gen.wav,1
/data/DATASETS/WaveFake/jsut_multi_band_melgan/BASIC5000_4524_gen.wav,1
/data/DATASETS/WaveFake/jsut_multi_band_melgan/BASIC5000_2452_gen.wav,1
/data/DATASETS/WaveFake/jsut_parallel_wavegan/BASIC5000_0809_gen.wav,2
/data/DATASETS/WaveFake/jsut_multi_band_melgan/BASIC5000_2640_gen.wav,1
/data/DATASETS/WaveFake/jsut_parallel_wavegan/BASIC5000_2678_gen.wav,2
/data/DATASETS/WaveFake/jsut_parallel_wavegan/BASIC5000_1306_gen.wav,2
/data/DATASETS/WaveFake/jsut_multi_band_melgan/BASIC5000_0401_gen.wav,1
/data/DATASETS/WaveFake/jsut_parallel_wavegan/BASIC5000_4526_gen.wav,2
/data/DATASETS/WaveFake/jsut_parallel_wavegan/BASIC5000_0266_gen.wav,2
/data/DATASETS/WaveFake/jsut_parallel_wavegan/BASIC5000_2236_gen.wav,2
/data/DATASETS/WaveFake/jsut_multi_band_melgan/BASIC5000_4017_gen.wav,1
/data/DATASETS/WaveFake/jsut_multi_band_melgan/BASIC5000_3153_gen.wav,1
/data/DATASETS/WaveFake/jsut_parallel_wavegan/BASIC5000_0447_gen.wav,2
/data/DATASETS/WaveFake/jsut_multi_band_melgan/BASIC5000_2531_gen.wav,1
/data/DATASETS/WaveFake/jsut_multi_band_melgan/BASIC5000_3158_gen.wav,1
/data/DATASETS/WaveFake/jsut_multi_band_melgan/BASIC5000_2755_gen.wav,1
/data/DATASETS/WaveFake/jsut_multi_band_melgan/BASIC5000_3100_gen.wav,1
/data/DATASETS/WaveFake/jsut_multi_band_melgan/BASIC5000_2796_gen.wav,1
/data/DATASETS/WaveFake/jsut_multi_band_melgan/BASIC5000_0834_gen.wav,1
/data/DATASETS/WaveFake/jsut_parallel_wavegan/BASIC5000_1649_gen.wav,2
/data/DATASETS/WaveFake/jsut_multi_band_melgan/BASIC5000_1226_gen.wav,1
/data/DATASETS/WaveFake/jsut_multi_band_melgan/BASIC5000_0724_gen.wav,1
/data/DATASETS/WaveFake/jsut_multi_band_melgan/BASIC5000_1207_gen.wav,1
/data/DATASETS/WaveFake/jsut_parallel_wavegan/BASIC5000_4254_gen.wav,2
/data/DATASETS/WaveFake/jsut_parallel_wavegan/BASIC5000_3955_gen.wav,2
/data/DATASETS/WaveFake/jsut_parallel_wavegan/BASIC5000_0119_gen.wav,2
/data/DATASETS/WaveFake/jsut_parallel_wavegan/BASIC5000_1148_gen.wav,2
/data/DATASETS/WaveFake/jsut_parallel_wavegan/BASIC5000_2528_gen.wav,2
/data/DATASETS/WaveFake/jsut_parallel_wavegan/BASIC5000_1105_gen.wav,2
/data/DATASETS/WaveFake/jsut_multi_band_melgan/BASIC5000_0312_gen.wav,1
/data/DATASETS/WaveFake/jsut_parallel_wavegan/BASIC5000_2001_gen.wav,2
/data/DATASETS/WaveFake/jsut_parallel_wavegan/BASIC5000_0092_gen.wav,2
/data/DATASETS/WaveFake/jsut_parallel_wavegan/BASIC5000_0499_gen.wav,2
/data/DATASETS/WaveFake/jsut_multi_band_melgan/BASIC5000_3496_gen.wav,1
/data/DATASETS/WaveFake/jsut_multi_band_melgan/BASIC5000_4037_gen.wav,1
/data/DATASETS/WaveFake/jsut_parallel_wavegan/BASIC5000_3468_gen.wav,2
/data/DATASETS/WaveFake/jsut_parallel_wavegan/BASIC5000_4741_gen.wav,2
/data/DATASETS/WaveFake/jsut_parallel_wavegan/BASIC5000_1576_gen.wav,2
/data/DATASETS/WaveFake/jsut_multi_band_melgan/BASIC5000_4537_gen.wav,1
/data/DATASETS/WaveFake/jsut_multi_band_melgan/BASIC5000_2157_gen.wav,1
/data/DATASETS/WaveFake/jsut_parallel_wavegan/BASIC5000_4099_gen.wav,2
/data/DATASETS/WaveFake/jsut_multi_band_melgan/BASIC5000_3281_gen.wav,1
/data/DATASETS/WaveFake/jsut_multi_band_melgan/BASIC5000_2018_gen.wav,1
/data/DATASETS/WaveFake/jsut_multi_band_melgan/BASIC5000_4467_gen.wav,1
/data/DATASETS/WaveFake/jsut_multi_band_melgan/BASIC5000_0836_gen.wav,1
/data/DATASETS/WaveFake/jsut_parallel_wavegan/BASIC5000_4189_gen.wav,2
/data/DATASETS/WaveFake/jsut_multi_band_melgan/BASIC5000_1714_gen.wav,1
/data/DATASETS/WaveFake/jsut_multi_band_melgan/BASIC5000_4607_gen.wav,1
/data/DATASETS/WaveFake/jsut_parallel_wavegan/BASIC5000_3522_gen.wav,2
/data/DATASETS/WaveFake/jsut_multi_band_melgan/BASIC5000_1986_gen.wav,1
/data/DATASETS/WaveFake/jsut_multi_band_melgan/BASIC5000_4288_gen.wav,1
/data/DATASETS/WaveFake/jsut_multi_band_melgan/BASIC5000_0146_gen.wav,1
/data/DATASETS/WaveFake/jsut_multi_band_melgan/BASIC5000_0666_gen.wav,1
/data/DATASETS/WaveFake/jsut_parallel_wavegan/BASIC5000_4090_gen.wav,2
/data/DATASETS/WaveFake/jsut_parallel_wavegan/BASIC5000_1413_gen.wav,2
/data/DATASETS/WaveFake/jsut_multi_band_melgan/BASIC5000_4329_gen.wav,1
/data/DATASETS/WaveFake/jsut_parallel_wavegan/BASIC5000_0897_gen.wav,2
/data/DATASETS/WaveFake/jsut_parallel_wavegan/BASIC5000_3475_gen.wav,2
/data/DATASETS/WaveFake/jsut_multi_band_melgan/BASIC5000_1490_gen.wav,1
/data/DATASETS/WaveFake/jsut_multi_band_melgan/BASIC5000_1967_gen.wav,1
/data/DATASETS/WaveFake/jsut_multi_band_melgan/BASIC5000_4741_gen.wav,1
/data/DATASETS/WaveFake/jsut_parallel_wavegan/BASIC5000_4142_gen.wav,2
/data/DATASETS/WaveFake/jsut_parallel_wavegan/BASIC5000_0659_gen.wav,2
/data/DATASETS/WaveFake/jsut_multi_band_melgan/BASIC5000_2508_gen.wav,1
/data/DATASETS/WaveFake/jsut_parallel_wavegan/BASIC5000_0109_gen.wav,2
/data/DATASETS/WaveFake/jsut_multi_band_melgan/BASIC5000_2227_gen.wav,1
/data/DATASETS/WaveFake/jsut_multi_band_melgan/BASIC5000_2231_gen.wav,1
/data/DATASETS/WaveFake/jsut_parallel_wavegan/BASIC5000_3951_gen.wav,2
/data/DATASETS/WaveFake/jsut_multi_band_melgan/BASIC5000_0759_gen.wav,1
/data/DATASETS/WaveFake/jsut_multi_band_melgan/BASIC5000_2747_gen.wav,1
/data/DATASETS/WaveFake/jsut_parallel_wavegan/BASIC5000_4677_gen.wav,2
/data/DATASETS/WaveFake/jsut_multi_band_melgan/BASIC5000_1335_gen.wav,1
/data/DATASETS/WaveFake/jsut_parallel_wavegan/BASIC5000_0748_gen.wav,2
/data/DATASETS/WaveFake/jsut_parallel_wavegan/BASIC5000_0095_gen.wav,2
/data/DATASETS/WaveFake/jsut_multi_band_melgan/BASIC5000_1008_gen.wav,1
/data/DATASETS/WaveFake/jsut_multi_band_melgan/BASIC5000_1806_gen.wav,1
/data/DATASETS/WaveFake/jsut_parallel_wavegan/BASIC5000_3046_gen.wav,2
/data/DATASETS/WaveFake/jsut_multi_band_melgan/BASIC5000_1596_gen.wav,1
/data/DATASETS/WaveFake/jsut_multi_band_melgan/BASIC5000_4003_gen.wav,1
/data/DATASETS/WaveFake/jsut_parallel_wavegan/BASIC5000_4233_gen.wav,2
/data/DATASETS/WaveFake/jsut_parallel_wavegan/BASIC5000_3779_gen.wav,2
/data/DATASETS/WaveFake/jsut_multi_band_melgan/BASIC5000_0526_gen.wav,1
/data/DATASETS/WaveFake/jsut_multi_band_melgan/BASIC5000_2524_gen.wav,1
/data/DATASETS/WaveFake/jsut_multi_band_melgan/BASIC5000_3953_gen.wav,1
/data/DATASETS/WaveFake/jsut_parallel_wavegan/BASIC5000_3216_gen.wav,2
/data/DATASETS/WaveFake/jsut_parallel_wavegan/BASIC5000_1489_gen.wav,2
/data/DATASETS/WaveFake/jsut_multi_band_melgan/BASIC5000_0602_gen.wav,1
/data/DATASETS/WaveFake/jsut_parallel_wavegan/BASIC5000_2276_gen.wav,2
/data/DATASETS/WaveFake/jsut_parallel_wavegan/BASIC5000_2549_gen.wav,2
/data/DATASETS/WaveFake/jsut_parallel_wavegan/BASIC5000_4657_gen.wav,2
/data/DATASETS/WaveFake/jsut_multi_band_melgan/BASIC5000_2704_gen.wav,1
/data/DATASETS/WaveFake/jsut_parallel_wavegan/BASIC5000_0803_gen.wav,2
/data/DATASETS/WaveFake/jsut_multi_band_melgan/BASIC5000_0899_gen.wav,1
/data/DATASETS/WaveFake/jsut_parallel_wavegan/BASIC5000_0804_gen.wav,2
/data/DATASETS/WaveFake/jsut_multi_band_melgan/BASIC5000_0736_gen.wav,1
/data/DATASETS/WaveFake/jsut_parallel_wavegan/BASIC5000_1741_gen.wav,2
/data/DATASETS/WaveFake/jsut_parallel_wavegan/BASIC5000_4428_gen.wav,2
/data/DATASETS/WaveFake/jsut_multi_band_melgan/BASIC5000_2312_gen.wav,1
/data/DATASETS/WaveFake/jsut_multi_band_melgan/BASIC5000_1970_gen.wav,1
/data/DATASETS/WaveFake/jsut_parallel_wavegan/BASIC5000_1490_gen.wav,2
/data/DATASETS/WaveFake/jsut_parallel_wavegan/BASIC5000_3150_gen.wav,2
/data/DATASETS/WaveFake/jsut_parallel_wavegan/BASIC5000_1352_gen.wav,2
/data/DATASETS/WaveFake/jsut_parallel_wavegan/BASIC5000_2896_gen.wav,2
/data/DATASETS/WaveFake/jsut_multi_band_melgan/BASIC5000_1753_gen.wav,1
/data/DATASETS/WaveFake/jsut_multi_band_melgan/BASIC5000_1750_gen.wav,1
/data/DATASETS/WaveFake/jsut_multi_band_melgan/BASIC5000_4873_gen.wav,1
/data/DATASETS/WaveFake/jsut_multi_band_melgan/BASIC5000_0153_gen.wav,1
/data/DATASETS/WaveFake/jsut_parallel_wavegan/BASIC5000_4124_gen.wav,2
/data/DATASETS/WaveFake/jsut_parallel_wavegan/BASIC5000_0851_gen.wav,2
/data/DATASETS/WaveFake/jsut_parallel_wavegan/BASIC5000_1059_gen.wav,2
/data/DATASETS/WaveFake/jsut_parallel_wavegan/BASIC5000_3387_gen.wav,2
/data/DATASETS/WaveFake/jsut_multi_band_melgan/BASIC5000_4033_gen.wav,1
/data/DATASETS/WaveFake/jsut_parallel_wavegan/BASIC5000_4978_gen.wav,2
/data/DATASETS/WaveFake/jsut_multi_band_melgan/BASIC5000_1062_gen.wav,1
/data/DATASETS/WaveFake/jsut_parallel_wavegan/BASIC5000_3777_gen.wav,2
/data/DATASETS/WaveFake/jsut_multi_band_melgan/BASIC5000_3177_gen.wav,1
/data/DATASETS/WaveFake/jsut_multi_band_melgan/BASIC5000_3980_gen.wav,1
/data/DATASETS/WaveFake/jsut_parallel_wavegan/BASIC5000_2572_gen.wav,2
/data/DATASETS/WaveFake/jsut_multi_band_melgan/BASIC5000_4210_gen.wav,1
/data/DATASETS/WaveFake/jsut_parallel_wavegan/BASIC5000_4187_gen.wav,2
/data/DATASETS/WaveFake/jsut_parallel_wavegan/BASIC5000_3554_gen.wav,2
/data/DATASETS/WaveFake/jsut_multi_band_melgan/BASIC5000_2944_gen.wav,1
/data/DATASETS/WaveFake/jsut_multi_band_melgan/BASIC5000_4753_gen.wav,1
/data/DATASETS/WaveFake/jsut_multi_band_melgan/BASIC5000_2235_gen.wav,1
/data/DATASETS/WaveFake/jsut_multi_band_melgan/BASIC5000_2445_gen.wav,1
/data/DATASETS/WaveFake/jsut_parallel_wavegan/BASIC5000_1218_gen.wav,2
/data/DATASETS/WaveFake/jsut_multi_band_melgan/BASIC5000_0750_gen.wav,1
/data/DATASETS/WaveFake/jsut_parallel_wavegan/BASIC5000_2170_gen.wav,2
/data/DATASETS/WaveFake/jsut_parallel_wavegan/BASIC5000_0540_gen.wav,2
/data/DATASETS/WaveFake/jsut_parallel_wavegan/BASIC5000_0335_gen.wav,2
/data/DATASETS/WaveFake/jsut_multi_band_melgan/BASIC5000_2761_gen.wav,1
/data/DATASETS/WaveFake/jsut_parallel_wavegan/BASIC5000_1064_gen.wav,2
/data/DATASETS/WaveFake/jsut_parallel_wavegan/BASIC5000_3244_gen.wav,2
/data/DATASETS/WaveFake/jsut_multi_band_melgan/BASIC5000_3599_gen.wav,1
/data/DATASETS/WaveFake/jsut_parallel_wavegan/BASIC5000_2557_gen.wav,2
/data/DATASETS/WaveFake/jsut_multi_band_melgan/BASIC5000_2214_gen.wav,1
/data/DATASETS/WaveFake/jsut_multi_band_melgan/BASIC5000_0527_gen.wav,1
/data/DATASETS/WaveFake/jsut_multi_band_melgan/BASIC5000_3223_gen.wav,1
/data/DATASETS/WaveFake/jsut_multi_band_melgan/BASIC5000_3549_gen.wav,1
/data/DATASETS/WaveFake/jsut_parallel_wavegan/BASIC5000_0204_gen.wav,2
/data/DATASETS/WaveFake/jsut_parallel_wavegan/BASIC5000_4612_gen.wav,2
/data/DATASETS/WaveFake/jsut_multi_band_melgan/BASIC5000_1425_gen.wav,1
/data/DATASETS/WaveFake/jsut_multi_band_melgan/BASIC5000_0686_gen.wav,1
/data/DATASETS/WaveFake/jsut_multi_band_melgan/BASIC5000_2798_gen.wav,1
/data/DATASETS/WaveFake/jsut_multi_band_melgan/BASIC5000_1158_gen.wav,1
/data/DATASETS/WaveFake/jsut_multi_band_melgan/BASIC5000_0242_gen.wav,1
/data/DATASETS/WaveFake/jsut_parallel_wavegan/BASIC5000_2852_gen.wav,2
/data/DATASETS/WaveFake/jsut_parallel_wavegan/BASIC5000_4887_gen.wav,2
/data/DATASETS/WaveFake/jsut_multi_band_melgan/BASIC5000_1583_gen.wav,1
/data/DATASETS/WaveFake/jsut_parallel_wavegan/BASIC5000_1827_gen.wav,2
/data/DATASETS/WaveFake/jsut_parallel_wavegan/BASIC5000_2440_gen.wav,2
/data/DATASETS/WaveFake/jsut_multi_band_melgan/BASIC5000_1373_gen.wav,1
/data/DATASETS/WaveFake/jsut_multi_band_melgan/BASIC5000_4349_gen.wav,1
/data/DATASETS/WaveFake/jsut_parallel_wavegan/BASIC5000_3976_gen.wav,2
/data/DATASETS/WaveFake/jsut_multi_band_melgan/BASIC5000_1878_gen.wav,1
/data/DATASETS/WaveFake/jsut_multi_band_melgan/BASIC5000_0218_gen.wav,1
/data/DATASETS/WaveFake/jsut_parallel_wavegan/BASIC5000_2649_gen.wav,2
/data/DATASETS/WaveFake/jsut_multi_band_melgan/BASIC5000_3006_gen.wav,1
/data/DATASETS/WaveFake/jsut_parallel_wavegan/BASIC5000_3527_gen.wav,2
/data/DATASETS/WaveFake/jsut_multi_band_melgan/BASIC5000_1260_gen.wav,1
/data/DATASETS/WaveFake/jsut_parallel_wavegan/BASIC5000_1005_gen.wav,2
/data/DATASETS/WaveFake/jsut_multi_band_melgan/BASIC5000_4967_gen.wav,1
/data/DATASETS/WaveFake/jsut_parallel_wavegan/BASIC5000_2102_gen.wav,2
/data/DATASETS/WaveFake/jsut_parallel_wavegan/BASIC5000_3371_gen.wav,2
/data/DATASETS/WaveFake/jsut_parallel_wavegan/BASIC5000_3768_gen.wav,2
/data/DATASETS/WaveFake/jsut_parallel_wavegan/BASIC5000_0835_gen.wav,2
/data/DATASETS/WaveFake/jsut_parallel_wavegan/BASIC5000_1950_gen.wav,2
/data/DATASETS/WaveFake/jsut_multi_band_melgan/BASIC5000_4074_gen.wav,1
/data/DATASETS/WaveFake/jsut_parallel_wavegan/BASIC5000_3857_gen.wav,2
/data/DATASETS/WaveFake/jsut_parallel_wavegan/BASIC5000_1708_gen.wav,2
/data/DATASETS/WaveFake/jsut_multi_band_melgan/BASIC5000_1569_gen.wav,1
/data/DATASETS/WaveFake/jsut_parallel_wavegan/BASIC5000_1068_gen.wav,2
/data/DATASETS/WaveFake/jsut_multi_band_melgan/BASIC5000_0810_gen.wav,1
/data/DATASETS/WaveFake/jsut_multi_band_melgan/BASIC5000_3462_gen.wav,1
/data/DATASETS/WaveFake/jsut_multi_band_melgan/BASIC5000_1085_gen.wav,1
/data/DATASETS/WaveFake/jsut_parallel_wavegan/BASIC5000_2997_gen.wav,2
/data/DATASETS/WaveFake/jsut_multi_band_melgan/BASIC5000_0817_gen.wav,1
/data/DATASETS/WaveFake/jsut_parallel_wavegan/BASIC5000_2122_gen.wav,2
/data/DATASETS/WaveFake/jsut_parallel_wavegan/BASIC5000_4519_gen.wav,2
/data/DATASETS/WaveFake/jsut_parallel_wavegan/BASIC5000_2380_gen.wav,2
/data/DATASETS/WaveFake/jsut_multi_band_melgan/BASIC5000_3807_gen.wav,1
/data/DATASETS/WaveFake/jsut_multi_band_melgan/BASIC5000_0460_gen.wav,1
/data/DATASETS/WaveFake/jsut_multi_band_melgan/BASIC5000_4961_gen.wav,1
/data/DATASETS/WaveFake/jsut_multi_band_melgan/BASIC5000_3024_gen.wav,1
/data/DATASETS/WaveFake/jsut_multi_band_melgan/BASIC5000_0670_gen.wav,1
/data/DATASETS/WaveFake/jsut_parallel_wavegan/BASIC5000_2294_gen.wav,2
/data/DATASETS/WaveFake/jsut_parallel_wavegan/BASIC5000_2818_gen.wav,2
/data/DATASETS/WaveFake/jsut_multi_band_melgan/BASIC5000_4173_gen.wav,1
/data/DATASETS/WaveFake/jsut_parallel_wavegan/BASIC5000_4955_gen.wav,2
/data/DATASETS/WaveFake/jsut_multi_band_melgan/BASIC5000_0916_gen.wav,1
/data/DATASETS/WaveFake/jsut_multi_band_melgan/BASIC5000_4816_gen.wav,1
/data/DATASETS/WaveFake/jsut_parallel_wavegan/BASIC5000_3099_gen.wav,2
/data/DATASETS/WaveFake/jsut_parallel_wavegan/BASIC5000_3420_gen.wav,2
/data/DATASETS/WaveFake/jsut_parallel_wavegan/BASIC5000_2005_gen.wav,2
/data/DATASETS/WaveFake/jsut_parallel_wavegan/BASIC5000_4554_gen.wav,2
/data/DATASETS/WaveFake/jsut_parallel_wavegan/BASIC5000_2458_gen.wav,2
/data/DATASETS/WaveFake/jsut_parallel_wavegan/BASIC5000_0611_gen.wav,2
/data/DATASETS/WaveFake/jsut_parallel_wavegan/BASIC5000_0635_gen.wav,2
/data/DATASETS/WaveFake/jsut_multi_band_melgan/BASIC5000_0313_gen.wav,1
/data/DATASETS/WaveFake/jsut_parallel_wavegan/BASIC5000_1501_gen.wav,2
/data/DATASETS/WaveFake/jsut_parallel_wavegan/BASIC5000_3679_gen.wav,2
/data/DATASETS/WaveFake/jsut_parallel_wavegan/BASIC5000_2181_gen.wav,2
/data/DATASETS/WaveFake/jsut_multi_band_melgan/BASIC5000_3868_gen.wav,1
/data/DATASETS/WaveFake/jsut_multi_band_melgan/BASIC5000_1074_gen.wav,1
/data/DATASETS/WaveFake/jsut_parallel_wavegan/BASIC5000_4444_gen.wav,2
/data/DATASETS/WaveFake/jsut_multi_band_melgan/BASIC5000_3544_gen.wav,1
/data/DATASETS/WaveFake/jsut_multi_band_melgan/BASIC5000_0346_gen.wav,1
/data/DATASETS/WaveFake/jsut_parallel_wavegan/BASIC5000_1816_gen.wav,2
/data/DATASETS/WaveFake/jsut_multi_band_melgan/BASIC5000_1295_gen.wav,1
/data/DATASETS/WaveFake/jsut_multi_band_melgan/BASIC5000_4552_gen.wav,1
/data/DATASETS/WaveFake/jsut_multi_band_melgan/BASIC5000_0070_gen.wav,1
/data/DATASETS/WaveFake/jsut_parallel_wavegan/BASIC5000_4354_gen.wav,2
/data/DATASETS/WaveFake/jsut_parallel_wavegan/BASIC5000_4051_gen.wav,2
/data/DATASETS/WaveFake/jsut_multi_band_melgan/BASIC5000_0550_gen.wav,1
/data/DATASETS/WaveFake/jsut_parallel_wavegan/BASIC5000_2956_gen.wav,2
/data/DATASETS/WaveFake/jsut_parallel_wavegan/BASIC5000_2933_gen.wav,2
/data/DATASETS/WaveFake/jsut_multi_band_melgan/BASIC5000_0559_gen.wav,1
/data/DATASETS/WaveFake/jsut_multi_band_melgan/BASIC5000_2646_gen.wav,1
/data/DATASETS/WaveFake/jsut_parallel_wavegan/BASIC5000_1761_gen.wav,2
/data/DATASETS/WaveFake/jsut_multi_band_melgan/BASIC5000_3338_gen.wav,1
/data/DATASETS/WaveFake/jsut_multi_band_melgan/BASIC5000_0742_gen.wav,1
/data/DATASETS/WaveFake/jsut_parallel_wavegan/BASIC5000_4853_gen.wav,2
/data/DATASETS/WaveFake/jsut_parallel_wavegan/BASIC5000_0651_gen.wav,2
/data/DATASETS/WaveFake/jsut_multi_band_melgan/BASIC5000_4754_gen.wav,1
/data/DATASETS/WaveFake/jsut_multi_band_melgan/BASIC5000_2583_gen.wav,1
/data/DATASETS/WaveFake/jsut_parallel_wavegan/BASIC5000_4477_gen.wav,2
/data/DATASETS/WaveFake/jsut_multi_band_melgan/BASIC5000_2669_gen.wav,1
/data/DATASETS/WaveFake/jsut_multi_band_melgan/BASIC5000_0996_gen.wav,1
/data/DATASETS/WaveFake/jsut_multi_band_melgan/BASIC5000_4650_gen.wav,1
/data/DATASETS/WaveFake/jsut_parallel_wavegan/BASIC5000_2401_gen.wav,2
/data/DATASETS/WaveFake/jsut_multi_band_melgan/BASIC5000_2446_gen.wav,1
/data/DATASETS/WaveFake/jsut_parallel_wavegan/BASIC5000_4013_gen.wav,2
/data/DATASETS/WaveFake/jsut_multi_band_melgan/BASIC5000_2770_gen.wav,1
/data/DATASETS/WaveFake/jsut_multi_band_melgan/BASIC5000_4183_gen.wav,1
/data/DATASETS/WaveFake/jsut_multi_band_melgan/BASIC5000_1342_gen.wav,1
/data/DATASETS/WaveFake/jsut_multi_band_melgan/BASIC5000_3402_gen.wav,1
/data/DATASETS/WaveFake/jsut_parallel_wavegan/BASIC5000_4528_gen.wav,2
/data/DATASETS/WaveFake/jsut_multi_band_melgan/BASIC5000_4005_gen.wav,1
/data/DATASETS/WaveFake/jsut_multi_band_melgan/BASIC5000_4130_gen.wav,1
/data/DATASETS/WaveFake/jsut_parallel_wavegan/BASIC5000_1568_gen.wav,2
/data/DATASETS/WaveFake/jsut_multi_band_melgan/BASIC5000_3731_gen.wav,1
/data/DATASETS/WaveFake/jsut_multi_band_melgan/BASIC5000_1494_gen.wav,1
/data/DATASETS/WaveFake/jsut_multi_band_melgan/BASIC5000_1219_gen.wav,1
/data/DATASETS/WaveFake/jsut_multi_band_melgan/BASIC5000_4825_gen.wav,1
/data/DATASETS/WaveFake/jsut_multi_band_melgan/BASIC5000_3495_gen.wav,1
/data/DATASETS/WaveFake/jsut_parallel_wavegan/BASIC5000_3094_gen.wav,2
/data/DATASETS/WaveFake/jsut_parallel_wavegan/BASIC5000_2076_gen.wav,2
/data/DATASETS/WaveFake/jsut_parallel_wavegan/BASIC5000_0751_gen.wav,2
/data/DATASETS/WaveFake/jsut_multi_band_melgan/BASIC5000_3273_gen.wav,1
/data/DATASETS/WaveFake/jsut_multi_band_melgan/BASIC5000_4135_gen.wav,1
/data/DATASETS/WaveFake/jsut_multi_band_melgan/BASIC5000_2225_gen.wav,1
/data/DATASETS/WaveFake/jsut_multi_band_melgan/BASIC5000_2812_gen.wav,1
/data/DATASETS/WaveFake/jsut_multi_band_melgan/BASIC5000_0490_gen.wav,1
/data/DATASETS/WaveFake/jsut_parallel_wavegan/BASIC5000_1904_gen.wav,2
/data/DATASETS/WaveFake/jsut_multi_band_melgan/BASIC5000_1218_gen.wav,1
/data/DATASETS/WaveFake/jsut_multi_band_melgan/BASIC5000_2294_gen.wav,1
/data/DATASETS/WaveFake/jsut_multi_band_melgan/BASIC5000_3212_gen.wav,1
/data/DATASETS/WaveFake/jsut_parallel_wavegan/BASIC5000_2748_gen.wav,2
/data/DATASETS/WaveFake/jsut_multi_band_melgan/BASIC5000_1102_gen.wav,1
/data/DATASETS/WaveFake/jsut_multi_band_melgan/BASIC5000_2649_gen.wav,1
/data/DATASETS/WaveFake/jsut_multi_band_melgan/BASIC5000_4606_gen.wav,1
/data/DATASETS/WaveFake/jsut_parallel_wavegan/BASIC5000_0386_gen.wav,2
/data/DATASETS/WaveFake/jsut_parallel_wavegan/BASIC5000_2094_gen.wav,2
/data/DATASETS/WaveFake/jsut_multi_band_melgan/BASIC5000_1809_gen.wav,1
/data/DATASETS/WaveFake/jsut_multi_band_melgan/BASIC5000_2969_gen.wav,1
/data/DATASETS/WaveFake/jsut_multi_band_melgan/BASIC5000_0657_gen.wav,1
/data/DATASETS/WaveFake/jsut_parallel_wavegan/BASIC5000_4100_gen.wav,2
/data/DATASETS/WaveFake/jsut_multi_band_melgan/BASIC5000_0875_gen.wav,1
/data/DATASETS/WaveFake/jsut_multi_band_melgan/BASIC5000_1783_gen.wav,1
/data/DATASETS/WaveFake/jsut_multi_band_melgan/BASIC5000_1316_gen.wav,1
/data/DATASETS/WaveFake/jsut_multi_band_melgan/BASIC5000_4045_gen.wav,1
/data/DATASETS/WaveFake/jsut_parallel_wavegan/BASIC5000_0107_gen.wav,2
/data/DATASETS/WaveFake/jsut_parallel_wavegan/BASIC5000_4325_gen.wav,2
/data/DATASETS/WaveFake/jsut_parallel_wavegan/BASIC5000_2828_gen.wav,2
/data/DATASETS/WaveFake/jsut_multi_band_melgan/BASIC5000_3069_gen.wav,1
/data/DATASETS/WaveFake/jsut_parallel_wavegan/BASIC5000_2662_gen.wav,2
/data/DATASETS/WaveFake/jsut_multi_band_melgan/BASIC5000_2161_gen.wav,1
/data/DATASETS/WaveFake/jsut_parallel_wavegan/BASIC5000_4522_gen.wav,2
/data/DATASETS/WaveFake/jsut_parallel_wavegan/BASIC5000_2166_gen.wav,2
/data/DATASETS/WaveFake/jsut_parallel_wavegan/BASIC5000_4652_gen.wav,2
/data/DATASETS/WaveFake/jsut_multi_band_melgan/BASIC5000_0497_gen.wav,1
/data/DATASETS/WaveFake/jsut_multi_band_melgan/BASIC5000_4706_gen.wav,1
/data/DATASETS/WaveFake/jsut_parallel_wavegan/BASIC5000_4811_gen.wav,2
/data/DATASETS/WaveFake/jsut_parallel_wavegan/BASIC5000_2865_gen.wav,2
/data/DATASETS/WaveFake/jsut_parallel_wavegan/BASIC5000_2610_gen.wav,2
/data/DATASETS/WaveFake/jsut_multi_band_melgan/BASIC5000_3284_gen.wav,1
/data/DATASETS/WaveFake/jsut_parallel_wavegan/BASIC5000_2203_gen.wav,2
/data/DATASETS/WaveFake/jsut_parallel_wavegan/BASIC5000_1645_gen.wav,2
/data/DATASETS/WaveFake/jsut_parallel_wavegan/BASIC5000_2338_gen.wav,2
/data/DATASETS/WaveFake/jsut_parallel_wavegan/BASIC5000_1634_gen.wav,2
/data/DATASETS/WaveFake/jsut_parallel_wavegan/BASIC5000_2177_gen.wav,2
/data/DATASETS/WaveFake/jsut_multi_band_melgan/BASIC5000_0908_gen.wav,1
/data/DATASETS/WaveFake/jsut_multi_band_melgan/BASIC5000_4154_gen.wav,1
/data/DATASETS/WaveFake/jsut_parallel_wavegan/BASIC5000_1606_gen.wav,2
/data/DATASETS/WaveFake/jsut_multi_band_melgan/BASIC5000_0245_gen.wav,1
/data/DATASETS/WaveFake/jsut_multi_band_melgan/BASIC5000_2063_gen.wav,1
/data/DATASETS/WaveFake/jsut_parallel_wavegan/BASIC5000_3892_gen.wav,2
/data/DATASETS/WaveFake/jsut_multi_band_melgan/BASIC5000_2705_gen.wav,1
/data/DATASETS/WaveFake/jsut_parallel_wavegan/BASIC5000_4789_gen.wav,2
/data/DATASETS/WaveFake/jsut_multi_band_melgan/BASIC5000_3061_gen.wav,1
/data/DATASETS/WaveFake/jsut_multi_band_melgan/BASIC5000_3954_gen.wav,1
/data/DATASETS/WaveFake/jsut_multi_band_melgan/BASIC5000_0884_gen.wav,1
/data/DATASETS/WaveFake/jsut_multi_band_melgan/BASIC5000_1740_gen.wav,1
/data/DATASETS/WaveFake/jsut_parallel_wavegan/BASIC5000_0379_gen.wav,2
/data/DATASETS/WaveFake/jsut_parallel_wavegan/BASIC5000_1928_gen.wav,2
/data/DATASETS/WaveFake/jsut_parallel_wavegan/BASIC5000_4073_gen.wav,2
/data/DATASETS/WaveFake/jsut_parallel_wavegan/BASIC5000_3820_gen.wav,2
/data/DATASETS/WaveFake/jsut_parallel_wavegan/BASIC5000_4171_gen.wav,2
/data/DATASETS/WaveFake/jsut_parallel_wavegan/BASIC5000_3553_gen.wav,2
/data/DATASETS/WaveFake/jsut_parallel_wavegan/BASIC5000_3744_gen.wav,2
/data/DATASETS/WaveFake/jsut_parallel_wavegan/BASIC5000_4621_gen.wav,2
/data/DATASETS/WaveFake/jsut_parallel_wavegan/BASIC5000_0548_gen.wav,2
/data/DATASETS/WaveFake/jsut_parallel_wavegan/BASIC5000_1030_gen.wav,2
/data/DATASETS/WaveFake/jsut_multi_band_melgan/BASIC5000_1113_gen.wav,1
/data/DATASETS/WaveFake/jsut_parallel_wavegan/BASIC5000_3039_gen.wav,2
/data/DATASETS/WaveFake/jsut_multi_band_melgan/BASIC5000_3007_gen.wav,1
/data/DATASETS/WaveFake/jsut_parallel_wavegan/BASIC5000_3631_gen.wav,2
/data/DATASETS/WaveFake/jsut_parallel_wavegan/BASIC5000_2204_gen.wav,2
/data/DATASETS/WaveFake/jsut_multi_band_melgan/BASIC5000_4718_gen.wav,1
/data/DATASETS/WaveFake/jsut_parallel_wavegan/BASIC5000_4969_gen.wav,2
/data/DATASETS/WaveFake/jsut_parallel_wavegan/BASIC5000_3446_gen.wav,2
/data/DATASETS/WaveFake/jsut_multi_band_melgan/BASIC5000_0945_gen.wav,1
/data/DATASETS/WaveFake/jsut_parallel_wavegan/BASIC5000_1420_gen.wav,2
/data/DATASETS/WaveFake/jsut_multi_band_melgan/BASIC5000_0105_gen.wav,1
/data/DATASETS/WaveFake/jsut_multi_band_melgan/BASIC5000_1078_gen.wav,1
/data/DATASETS/WaveFake/jsut_parallel_wavegan/BASIC5000_3355_gen.wav,2
/data/DATASETS/WaveFake/jsut_parallel_wavegan/BASIC5000_1126_gen.wav,2
/data/DATASETS/WaveFake/jsut_multi_band_melgan/BASIC5000_2030_gen.wav,1
/data/DATASETS/WaveFake/jsut_parallel_wavegan/BASIC5000_1015_gen.wav,2
/data/DATASETS/WaveFake/jsut_parallel_wavegan/BASIC5000_3865_gen.wav,2
/data/DATASETS/WaveFake/jsut_parallel_wavegan/BASIC5000_0721_gen.wav,2
/data/DATASETS/WaveFake/jsut_parallel_wavegan/BASIC5000_1347_gen.wav,2
/data/DATASETS/WaveFake/jsut_parallel_wavegan/BASIC5000_3625_gen.wav,2
/data/DATASETS/WaveFake/jsut_parallel_wavegan/BASIC5000_1725_gen.wav,2
/data/DATASETS/WaveFake/jsut_multi_band_melgan/BASIC5000_3150_gen.wav,1
/data/DATASETS/WaveFake/jsut_multi_band_melgan/BASIC5000_3905_gen.wav,1
/data/DATASETS/WaveFake/jsut_multi_band_melgan/BASIC5000_2596_gen.wav,1
/data/DATASETS/WaveFake/jsut_parallel_wavegan/BASIC5000_4151_gen.wav,2
/data/DATASETS/WaveFake/jsut_multi_band_melgan/BASIC5000_1206_gen.wav,1
/data/DATASETS/WaveFake/jsut_multi_band_melgan/BASIC5000_2298_gen.wav,1
/data/DATASETS/WaveFake/jsut_multi_band_melgan/BASIC5000_0721_gen.wav,1
/data/DATASETS/WaveFake/jsut_multi_band_melgan/BASIC5000_0809_gen.wav,1
/data/DATASETS/WaveFake/jsut_parallel_wavegan/BASIC5000_0448_gen.wav,2
/data/DATASETS/WaveFake/jsut_multi_band_melgan/BASIC5000_2477_gen.wav,1
/data/DATASETS/WaveFake/jsut_parallel_wavegan/BASIC5000_0493_gen.wav,2
/data/DATASETS/WaveFake/jsut_multi_band_melgan/BASIC5000_4614_gen.wav,1
/data/DATASETS/WaveFake/jsut_parallel_wavegan/BASIC5000_3536_gen.wav,2
/data/DATASETS/WaveFake/jsut_parallel_wavegan/BASIC5000_1505_gen.wav,2
/data/DATASETS/WaveFake/jsut_parallel_wavegan/BASIC5000_2370_gen.wav,2
/data/DATASETS/WaveFake/jsut_parallel_wavegan/BASIC5000_2503_gen.wav,2
/data/DATASETS/WaveFake/jsut_parallel_wavegan/BASIC5000_3697_gen.wav,2
/data/DATASETS/WaveFake/jsut_multi_band_melgan/BASIC5000_1534_gen.wav,1
/data/DATASETS/WaveFake/jsut_parallel_wavegan/BASIC5000_4413_gen.wav,2
/data/DATASETS/WaveFake/jsut_multi_band_melgan/BASIC5000_1951_gen.wav,1
/data/DATASETS/WaveFake/jsut_parallel_wavegan/BASIC5000_1125_gen.wav,2
/data/DATASETS/WaveFake/jsut_parallel_wavegan/BASIC5000_3576_gen.wav,2
/data/DATASETS/WaveFake/jsut_parallel_wavegan/BASIC5000_0559_gen.wav,2
/data/DATASETS/WaveFake/jsut_parallel_wavegan/BASIC5000_3372_gen.wav,2
/data/DATASETS/WaveFake/jsut_parallel_wavegan/BASIC5000_0762_gen.wav,2
/data/DATASETS/WaveFake/jsut_multi_band_melgan/BASIC5000_2226_gen.wav,1
/data/DATASETS/WaveFake/jsut_parallel_wavegan/BASIC5000_0823_gen.wav,2
/data/DATASETS/WaveFake/jsut_parallel_wavegan/BASIC5000_4285_gen.wav,2
/data/DATASETS/WaveFake/jsut_parallel_wavegan/BASIC5000_2878_gen.wav,2
/data/DATASETS/WaveFake/jsut_multi_band_melgan/BASIC5000_0463_gen.wav,1
/data/DATASETS/WaveFake/jsut_multi_band_melgan/BASIC5000_1116_gen.wav,1
/data/DATASETS/WaveFake/jsut_multi_band_melgan/BASIC5000_2746_gen.wav,1
/data/DATASETS/WaveFake/jsut_parallel_wavegan/BASIC5000_0374_gen.wav,2
/data/DATASETS/WaveFake/jsut_parallel_wavegan/BASIC5000_4089_gen.wav,2
/data/DATASETS/WaveFake/jsut_multi_band_melgan/BASIC5000_0692_gen.wav,1
/data/DATASETS/WaveFake/jsut_parallel_wavegan/BASIC5000_1147_gen.wav,2
/data/DATASETS/WaveFake/jsut_parallel_wavegan/BASIC5000_3462_gen.wav,2
/data/DATASETS/WaveFake/jsut_parallel_wavegan/BASIC5000_2476_gen.wav,2
/data/DATASETS/WaveFake/jsut_multi_band_melgan/BASIC5000_4539_gen.wav,1
/data/DATASETS/WaveFake/jsut_multi_band_melgan/BASIC5000_1110_gen.wav,1
/data/DATASETS/WaveFake/jsut_parallel_wavegan/BASIC5000_4525_gen.wav,2
/data/DATASETS/WaveFake/jsut_multi_band_melgan/BASIC5000_0678_gen.wav,1
/data/DATASETS/WaveFake/jsut_multi_band_melgan/BASIC5000_4056_gen.wav,1
/data/DATASETS/WaveFake/jsut_parallel_wavegan/BASIC5000_1404_gen.wav,2
/data/DATASETS/WaveFake/jsut_parallel_wavegan/BASIC5000_0198_gen.wav,2
/data/DATASETS/WaveFake/jsut_multi_band_melgan/BASIC5000_4323_gen.wav,1
/data/DATASETS/WaveFake/jsut_parallel_wavegan/BASIC5000_2907_gen.wav,2
/data/DATASETS/WaveFake/jsut_multi_band_melgan/BASIC5000_1886_gen.wav,1
/data/DATASETS/WaveFake/jsut_multi_band_melgan/BASIC5000_2613_gen.wav,1
/data/DATASETS/WaveFake/jsut_multi_band_melgan/BASIC5000_0080_gen.wav,1
/data/DATASETS/WaveFake/jsut_multi_band_melgan/BASIC5000_1870_gen.wav,1
/data/DATASETS/WaveFake/jsut_parallel_wavegan/BASIC5000_3577_gen.wav,2
/data/DATASETS/WaveFake/jsut_parallel_wavegan/BASIC5000_0965_gen.wav,2
/data/DATASETS/WaveFake/jsut_multi_band_melgan/BASIC5000_0917_gen.wav,1
/data/DATASETS/WaveFake/jsut_parallel_wavegan/BASIC5000_0874_gen.wav,2
/data/DATASETS/WaveFake/jsut_parallel_wavegan/BASIC5000_2180_gen.wav,2
/data/DATASETS/WaveFake/jsut_parallel_wavegan/BASIC5000_2645_gen.wav,2
/data/DATASETS/WaveFake/jsut_parallel_wavegan/BASIC5000_4177_gen.wav,2
/data/DATASETS/WaveFake/jsut_parallel_wavegan/BASIC5000_4043_gen.wav,2
/data/DATASETS/WaveFake/jsut_parallel_wavegan/BASIC5000_3824_gen.wav,2
/data/DATASETS/WaveFake/jsut_multi_band_melgan/BASIC5000_2289_gen.wav,1
/data/DATASETS/WaveFake/jsut_parallel_wavegan/BASIC5000_2768_gen.wav,2
/data/DATASETS/WaveFake/jsut_parallel_wavegan/BASIC5000_1896_gen.wav,2
/data/DATASETS/WaveFake/jsut_parallel_wavegan/BASIC5000_4380_gen.wav,2
/data/DATASETS/WaveFake/jsut_parallel_wavegan/BASIC5000_0653_gen.wav,2
/data/DATASETS/WaveFake/jsut_multi_band_melgan/BASIC5000_1982_gen.wav,1
/data/DATASETS/WaveFake/jsut_parallel_wavegan/BASIC5000_2326_gen.wav,2
/data/DATASETS/WaveFake/jsut_parallel_wavegan/BASIC5000_2136_gen.wav,2
/data/DATASETS/WaveFake/jsut_multi_band_melgan/BASIC5000_2005_gen.wav,1
/data/DATASETS/WaveFake/jsut_parallel_wavegan/BASIC5000_0772_gen.wav,2
/data/DATASETS/WaveFake/jsut_multi_band_melgan/BASIC5000_4300_gen.wav,1
/data/DATASETS/WaveFake/jsut_multi_band_melgan/BASIC5000_3759_gen.wav,1
/data/DATASETS/WaveFake/jsut_parallel_wavegan/BASIC5000_3132_gen.wav,2
/data/DATASETS/WaveFake/jsut_multi_band_melgan/BASIC5000_1634_gen.wav,1
/data/DATASETS/WaveFake/jsut_parallel_wavegan/BASIC5000_2066_gen.wav,2
/data/DATASETS/WaveFake/jsut_multi_band_melgan/BASIC5000_2509_gen.wav,1
/data/DATASETS/WaveFake/jsut_parallel_wavegan/BASIC5000_0080_gen.wav,2
/data/DATASETS/WaveFake/jsut_parallel_wavegan/BASIC5000_4226_gen.wav,2
/data/DATASETS/WaveFake/jsut_parallel_wavegan/BASIC5000_2889_gen.wav,2
/data/DATASETS/WaveFake/jsut_parallel_wavegan/BASIC5000_1196_gen.wav,2
/data/DATASETS/WaveFake/jsut_multi_band_melgan/BASIC5000_4118_gen.wav,1
/data/DATASETS/WaveFake/jsut_parallel_wavegan/BASIC5000_0153_gen.wav,2
/data/DATASETS/WaveFake/jsut_multi_band_melgan/BASIC5000_0224_gen.wav,1
/data/DATASETS/WaveFake/jsut_multi_band_melgan/BASIC5000_0973_gen.wav,1
/data/DATASETS/WaveFake/jsut_multi_band_melgan/BASIC5000_2785_gen.wav,1
/data/DATASETS/WaveFake/jsut_multi_band_melgan/BASIC5000_2841_gen.wav,1
/data/DATASETS/WaveFake/jsut_parallel_wavegan/BASIC5000_2314_gen.wav,2
/data/DATASETS/WaveFake/jsut_parallel_wavegan/BASIC5000_0942_gen.wav,2
/data/DATASETS/WaveFake/jsut_multi_band_melgan/BASIC5000_1314_gen.wav,1
/data/DATASETS/WaveFake/jsut_multi_band_melgan/BASIC5000_4156_gen.wav,1
/data/DATASETS/WaveFake/jsut_multi_band_melgan/BASIC5000_4046_gen.wav,1
/data/DATASETS/WaveFake/jsut_parallel_wavegan/BASIC5000_3834_gen.wav,2
/data/DATASETS/WaveFake/jsut_multi_band_melgan/BASIC5000_2707_gen.wav,1
/data/DATASETS/WaveFake/jsut_multi_band_melgan/BASIC5000_4750_gen.wav,1
/data/DATASETS/WaveFake/jsut_parallel_wavegan/BASIC5000_4175_gen.wav,2
/data/DATASETS/WaveFake/jsut_parallel_wavegan/BASIC5000_1229_gen.wav,2
/data/DATASETS/WaveFake/jsut_multi_band_melgan/BASIC5000_4289_gen.wav,1
/data/DATASETS/WaveFake/jsut_multi_band_melgan/BASIC5000_2022_gen.wav,1
/data/DATASETS/WaveFake/jsut_multi_band_melgan/BASIC5000_4893_gen.wav,1
/data/DATASETS/WaveFake/jsut_multi_band_melgan/BASIC5000_1433_gen.wav,1
/data/DATASETS/WaveFake/jsut_parallel_wavegan/BASIC5000_2214_gen.wav,2
/data/DATASETS/WaveFake/jsut_multi_band_melgan/BASIC5000_3144_gen.wav,1
/data/DATASETS/WaveFake/jsut_multi_band_melgan/BASIC5000_4073_gen.wav,1
/data/DATASETS/WaveFake/jsut_parallel_wavegan/BASIC5000_2057_gen.wav,2
/data/DATASETS/WaveFake/jsut_parallel_wavegan/BASIC5000_3649_gen.wav,2
/data/DATASETS/WaveFake/jsut_multi_band_melgan/BASIC5000_0379_gen.wav,1
/data/DATASETS/WaveFake/jsut_parallel_wavegan/BASIC5000_3119_gen.wav,2
/data/DATASETS/WaveFake/jsut_parallel_wavegan/BASIC5000_4156_gen.wav,2
/data/DATASETS/WaveFake/jsut_multi_band_melgan/BASIC5000_1770_gen.wav,1
/data/DATASETS/WaveFake/jsut_multi_band_melgan/BASIC5000_1997_gen.wav,1
/data/DATASETS/WaveFake/jsut_multi_band_melgan/BASIC5000_4085_gen.wav,1
/data/DATASETS/WaveFake/jsut_parallel_wavegan/BASIC5000_2330_gen.wav,2
/data/DATASETS/WaveFake/jsut_parallel_wavegan/BASIC5000_3701_gen.wav,2
/data/DATASETS/WaveFake/jsut_multi_band_melgan/BASIC5000_0270_gen.wav,1
/data/DATASETS/WaveFake/jsut_parallel_wavegan/BASIC5000_3898_gen.wav,2
/data/DATASETS/WaveFake/jsut_parallel_wavegan/BASIC5000_3473_gen.wav,2
/data/DATASETS/WaveFake/jsut_multi_band_melgan/BASIC5000_3011_gen.wav,1
/data/DATASETS/WaveFake/jsut_multi_band_melgan/BASIC5000_3405_gen.wav,1
/data/DATASETS/WaveFake/jsut_multi_band_melgan/BASIC5000_2574_gen.wav,1
/data/DATASETS/WaveFake/jsut_multi_band_melgan/BASIC5000_3865_gen.wav,1
/data/DATASETS/WaveFake/jsut_multi_band_melgan/BASIC5000_0357_gen.wav,1
/data/DATASETS/WaveFake/jsut_parallel_wavegan/BASIC5000_0667_gen.wav,2
/data/DATASETS/WaveFake/jsut_parallel_wavegan/BASIC5000_4012_gen.wav,2
/data/DATASETS/WaveFake/jsut_multi_band_melgan/BASIC5000_4486_gen.wav,1
/data/DATASETS/WaveFake/jsut_multi_band_melgan/BASIC5000_1946_gen.wav,1
/data/DATASETS/WaveFake/jsut_multi_band_melgan/BASIC5000_0643_gen.wav,1
/data/DATASETS/WaveFake/jsut_parallel_wavegan/BASIC5000_3571_gen.wav,2
/data/DATASETS/WaveFake/jsut_parallel_wavegan/BASIC5000_3213_gen.wav,2
/data/DATASETS/WaveFake/jsut_parallel_wavegan/BASIC5000_0911_gen.wav,2
/data/DATASETS/WaveFake/jsut_parallel_wavegan/BASIC5000_1293_gen.wav,2
/data/DATASETS/WaveFake/jsut_parallel_wavegan/BASIC5000_4818_gen.wav,2
/data/DATASETS/WaveFake/jsut_parallel_wavegan/BASIC5000_2448_gen.wav,2
/data/DATASETS/WaveFake/jsut_multi_band_melgan/BASIC5000_0597_gen.wav,1
/data/DATASETS/WaveFake/jsut_parallel_wavegan/BASIC5000_4407_gen.wav,2
/data/DATASETS/WaveFake/jsut_parallel_wavegan/BASIC5000_3698_gen.wav,2
/data/DATASETS/WaveFake/jsut_multi_band_melgan/BASIC5000_3173_gen.wav,1
/data/DATASETS/WaveFake/jsut_parallel_wavegan/BASIC5000_3286_gen.wav,2
/data/DATASETS/WaveFake/jsut_multi_band_melgan/BASIC5000_2264_gen.wav,1
/data/DATASETS/WaveFake/jsut_multi_band_melgan/BASIC5000_3543_gen.wav,1
/data/DATASETS/WaveFake/jsut_multi_band_melgan/BASIC5000_1259_gen.wav,1
/data/DATASETS/WaveFake/jsut_parallel_wavegan/BASIC5000_3967_gen.wav,2
/data/DATASETS/WaveFake/jsut_parallel_wavegan/BASIC5000_3487_gen.wav,2
/data/DATASETS/WaveFake/jsut_parallel_wavegan/BASIC5000_1270_gen.wav,2
/data/DATASETS/WaveFake/jsut_multi_band_melgan/BASIC5000_4038_gen.wav,1
/data/DATASETS/WaveFake/jsut_parallel_wavegan/BASIC5000_3250_gen.wav,2
/data/DATASETS/WaveFake/jsut_parallel_wavegan/BASIC5000_2793_gen.wav,2
/data/DATASETS/WaveFake/jsut_parallel_wavegan/BASIC5000_4317_gen.wav,2
/data/DATASETS/WaveFake/jsut_multi_band_melgan/BASIC5000_1819_gen.wav,1
/data/DATASETS/WaveFake/jsut_parallel_wavegan/BASIC5000_4962_gen.wav,2
/data/DATASETS/WaveFake/jsut_multi_band_melgan/BASIC5000_1998_gen.wav,1
/data/DATASETS/WaveFake/jsut_parallel_wavegan/BASIC5000_0483_gen.wav,2
/data/DATASETS/WaveFake/jsut_multi_band_melgan/BASIC5000_4220_gen.wav,1
/data/DATASETS/WaveFake/jsut_parallel_wavegan/BASIC5000_2881_gen.wav,2
/data/DATASETS/WaveFake/jsut_parallel_wavegan/BASIC5000_4947_gen.wav,2
/data/DATASETS/WaveFake/jsut_parallel_wavegan/BASIC5000_0444_gen.wav,2
/data/DATASETS/WaveFake/jsut_parallel_wavegan/BASIC5000_1344_gen.wav,2
/data/DATASETS/WaveFake/jsut_multi_band_melgan/BASIC5000_2792_gen.wav,1
/data/DATASETS/WaveFake/jsut_multi_band_melgan/BASIC5000_2814_gen.wav,1
/data/DATASETS/WaveFake/jsut_parallel_wavegan/BASIC5000_3117_gen.wav,2
/data/DATASETS/WaveFake/jsut_parallel_wavegan/BASIC5000_0542_gen.wav,2
/data/DATASETS/WaveFake/jsut_multi_band_melgan/BASIC5000_1713_gen.wav,1
/data/DATASETS/WaveFake/jsut_parallel_wavegan/BASIC5000_4220_gen.wav,2
/data/DATASETS/WaveFake/jsut_multi_band_melgan/BASIC5000_4388_gen.wav,1
/data/DATASETS/WaveFake/jsut_parallel_wavegan/BASIC5000_4386_gen.wav,2
/data/DATASETS/WaveFake/jsut_multi_band_melgan/BASIC5000_4372_gen.wav,1
/data/DATASETS/WaveFake/jsut_parallel_wavegan/BASIC5000_4342_gen.wav,2
/data/DATASETS/WaveFake/jsut_multi_band_melgan/BASIC5000_1492_gen.wav,1
/data/DATASETS/WaveFake/jsut_parallel_wavegan/BASIC5000_0837_gen.wav,2
/data/DATASETS/WaveFake/jsut_multi_band_melgan/BASIC5000_0535_gen.wav,1
/data/DATASETS/WaveFake/jsut_multi_band_melgan/BASIC5000_1147_gen.wav,1
/data/DATASETS/WaveFake/jsut_parallel_wavegan/BASIC5000_3415_gen.wav,2
/data/DATASETS/WaveFake/jsut_parallel_wavegan/BASIC5000_3124_gen.wav,2
/data/DATASETS/WaveFake/jsut_multi_band_melgan/BASIC5000_4293_gen.wav,1
/data/DATASETS/WaveFake/jsut_multi_band_melgan/BASIC5000_1618_gen.wav,1
/data/DATASETS/WaveFake/jsut_parallel_wavegan/BASIC5000_3028_gen.wav,2
/data/DATASETS/WaveFake/jsut_parallel_wavegan/BASIC5000_3972_gen.wav,2
/data/DATASETS/WaveFake/jsut_multi_band_melgan/BASIC5000_4231_gen.wav,1
/data/DATASETS/WaveFake/jsut_multi_band_melgan/BASIC5000_3983_gen.wav,1
/data/DATASETS/WaveFake/jsut_multi_band_melgan/BASIC5000_2422_gen.wav,1
/data/DATASETS/WaveFake/jsut_multi_band_melgan/BASIC5000_2375_gen.wav,1
/data/DATASETS/WaveFake/jsut_parallel_wavegan/BASIC5000_4588_gen.wav,2
/data/DATASETS/WaveFake/jsut_parallel_wavegan/BASIC5000_1536_gen.wav,2
/data/DATASETS/WaveFake/jsut_multi_band_melgan/BASIC5000_1309_gen.wav,1
/data/DATASETS/WaveFake/jsut_parallel_wavegan/BASIC5000_0142_gen.wav,2
/data/DATASETS/WaveFake/jsut_parallel_wavegan/BASIC5000_0131_gen.wav,2
/data/DATASETS/WaveFake/jsut_parallel_wavegan/BASIC5000_4208_gen.wav,2
/data/DATASETS/WaveFake/jsut_multi_band_melgan/BASIC5000_2027_gen.wav,1
/data/DATASETS/WaveFake/jsut_parallel_wavegan/BASIC5000_4712_gen.wav,2
/data/DATASETS/WaveFake/jsut_parallel_wavegan/BASIC5000_4049_gen.wav,2
/data/DATASETS/WaveFake/jsut_parallel_wavegan/BASIC5000_1242_gen.wav,2
/data/DATASETS/WaveFake/jsut_multi_band_melgan/BASIC5000_2600_gen.wav,1
/data/DATASETS/WaveFake/jsut_multi_band_melgan/BASIC5000_0882_gen.wav,1
/data/DATASETS/WaveFake/jsut_multi_band_melgan/BASIC5000_2690_gen.wav,1
/data/DATASETS/WaveFake/jsut_parallel_wavegan/BASIC5000_4118_gen.wav,2
/data/DATASETS/WaveFake/jsut_parallel_wavegan/BASIC5000_1176_gen.wav,2
/data/DATASETS/WaveFake/jsut_parallel_wavegan/BASIC5000_1945_gen.wav,2
/data/DATASETS/WaveFake/jsut_multi_band_melgan/BASIC5000_3958_gen.wav,1
/data/DATASETS/WaveFake/jsut_multi_band_melgan/BASIC5000_3521_gen.wav,1
/data/DATASETS/WaveFake/jsut_parallel_wavegan/BASIC5000_4663_gen.wav,2
/data/DATASETS/WaveFake/jsut_parallel_wavegan/BASIC5000_4382_gen.wav,2
/data/DATASETS/WaveFake/jsut_multi_band_melgan/BASIC5000_3723_gen.wav,1
/data/DATASETS/WaveFake/jsut_multi_band_melgan/BASIC5000_0813_gen.wav,1
/data/DATASETS/WaveFake/jsut_multi_band_melgan/BASIC5000_3812_gen.wav,1
/data/DATASETS/WaveFake/jsut_parallel_wavegan/BASIC5000_2016_gen.wav,2
/data/DATASETS/WaveFake/jsut_parallel_wavegan/BASIC5000_0598_gen.wav,2
/data/DATASETS/WaveFake/jsut_parallel_wavegan/BASIC5000_3658_gen.wav,2
/data/DATASETS/WaveFake/jsut_multi_band_melgan/BASIC5000_3435_gen.wav,1
/data/DATASETS/WaveFake/jsut_parallel_wavegan/BASIC5000_0302_gen.wav,2
/data/DATASETS/WaveFake/jsut_parallel_wavegan/BASIC5000_3708_gen.wav,2
/data/DATASETS/WaveFake/jsut_multi_band_melgan/BASIC5000_1990_gen.wav,1
/data/DATASETS/WaveFake/jsut_multi_band_melgan/BASIC5000_4520_gen.wav,1
/data/DATASETS/WaveFake/jsut_multi_band_melgan/BASIC5000_3921_gen.wav,1
/data/DATASETS/WaveFake/jsut_multi_band_melgan/BASIC5000_1606_gen.wav,1
/data/DATASETS/WaveFake/jsut_parallel_wavegan/BASIC5000_3307_gen.wav,2
/data/DATASETS/WaveFake/jsut_parallel_wavegan/BASIC5000_1354_gen.wav,2
/data/DATASETS/WaveFake/jsut_multi_band_melgan/BASIC5000_4586_gen.wav,1
/data/DATASETS/WaveFake/jsut_multi_band_melgan/BASIC5000_0483_gen.wav,1
/data/DATASETS/WaveFake/jsut_parallel_wavegan/BASIC5000_3923_gen.wav,2
/data/DATASETS/WaveFake/jsut_parallel_wavegan/BASIC5000_2404_gen.wav,2
/data/DATASETS/WaveFake/jsut_multi_band_melgan/BASIC5000_1727_gen.wav,1
/data/DATASETS/WaveFake/jsut_multi_band_melgan/BASIC5000_1118_gen.wav,1
/data/DATASETS/WaveFake/jsut_parallel_wavegan/BASIC5000_2117_gen.wav,2
/data/DATASETS/WaveFake/jsut_parallel_wavegan/BASIC5000_4434_gen.wav,2
/data/DATASETS/WaveFake/jsut_parallel_wavegan/BASIC5000_1876_gen.wav,2
/data/DATASETS/WaveFake/jsut_multi_band_melgan/BASIC5000_3422_gen.wav,1
/data/DATASETS/WaveFake/jsut_parallel_wavegan/BASIC5000_2405_gen.wav,2
/data/DATASETS/WaveFake/jsut_multi_band_melgan/BASIC5000_0897_gen.wav,1
/data/DATASETS/WaveFake/jsut_multi_band_melgan/BASIC5000_1929_gen.wav,1
/data/DATASETS/WaveFake/jsut_multi_band_melgan/BASIC5000_4356_gen.wav,1
/data/DATASETS/WaveFake/jsut_multi_band_melgan/BASIC5000_2245_gen.wav,1
/data/DATASETS/WaveFake/jsut_multi_band_melgan/BASIC5000_4347_gen.wav,1
/data/DATASETS/WaveFake/jsut_parallel_wavegan/BASIC5000_0533_gen.wav,2
/data/DATASETS/WaveFake/jsut_parallel_wavegan/BASIC5000_1236_gen.wav,2
/data/DATASETS/WaveFake/jsut_multi_band_melgan/BASIC5000_1310_gen.wav,1
/data/DATASETS/WaveFake/jsut_multi_band_melgan/BASIC5000_1880_gen.wav,1
/data/DATASETS/WaveFake/jsut_multi_band_melgan/BASIC5000_3426_gen.wav,1
/data/DATASETS/WaveFake/jsut_parallel_wavegan/BASIC5000_0127_gen.wav,2
/data/DATASETS/WaveFake/jsut_parallel_wavegan/BASIC5000_3524_gen.wav,2
/data/DATASETS/WaveFake/jsut_parallel_wavegan/BASIC5000_0812_gen.wav,2
/data/DATASETS/WaveFake/jsut_multi_band_melgan/BASIC5000_0502_gen.wav,1
/data/DATASETS/WaveFake/jsut_multi_band_melgan/BASIC5000_3414_gen.wav,1
/data/DATASETS/WaveFake/jsut_multi_band_melgan/BASIC5000_3520_gen.wav,1
/data/DATASETS/WaveFake/jsut_parallel_wavegan/BASIC5000_0872_gen.wav,2
/data/DATASETS/WaveFake/jsut_multi_band_melgan/BASIC5000_1419_gen.wav,1
/data/DATASETS/WaveFake/jsut_parallel_wavegan/BASIC5000_0868_gen.wav,2
/data/DATASETS/WaveFake/jsut_multi_band_melgan/BASIC5000_1017_gen.wav,1
/data/DATASETS/WaveFake/jsut_multi_band_melgan/BASIC5000_3526_gen.wav,1
/data/DATASETS/WaveFake/jsut_multi_band_melgan/BASIC5000_1651_gen.wav,1
/data/DATASETS/WaveFake/jsut_multi_band_melgan/BASIC5000_1525_gen.wav,1
/data/DATASETS/WaveFake/jsut_parallel_wavegan/BASIC5000_2932_gen.wav,2
/data/DATASETS/WaveFake/jsut_parallel_wavegan/BASIC5000_3121_gen.wav,2
/data/DATASETS/WaveFake/jsut_multi_band_melgan/BASIC5000_1243_gen.wav,1
/data/DATASETS/WaveFake/jsut_parallel_wavegan/BASIC5000_3442_gen.wav,2
/data/DATASETS/WaveFake/jsut_multi_band_melgan/BASIC5000_4422_gen.wav,1
/data/DATASETS/WaveFake/jsut_multi_band_melgan/BASIC5000_0804_gen.wav,1
/data/DATASETS/WaveFake/jsut_multi_band_melgan/BASIC5000_2993_gen.wav,1
/data/DATASETS/WaveFake/jsut_multi_band_melgan/BASIC5000_1304_gen.wav,1
/data/DATASETS/WaveFake/jsut_multi_band_melgan/BASIC5000_2546_gen.wav,1
/data/DATASETS/WaveFake/jsut_multi_band_melgan/BASIC5000_2430_gen.wav,1
/data/DATASETS/WaveFake/jsut_multi_band_melgan/BASIC5000_2203_gen.wav,1
/data/DATASETS/WaveFake/jsut_parallel_wavegan/BASIC5000_1157_gen.wav,2
/data/DATASETS/WaveFake/jsut_parallel_wavegan/BASIC5000_4265_gen.wav,2
/data/DATASETS/WaveFake/jsut_multi_band_melgan/BASIC5000_4299_gen.wav,1
/data/DATASETS/WaveFake/jsut_parallel_wavegan/BASIC5000_3464_gen.wav,2
/data/DATASETS/WaveFake/jsut_multi_band_melgan/BASIC5000_4536_gen.wav,1
/data/DATASETS/WaveFake/jsut_parallel_wavegan/BASIC5000_4520_gen.wav,2
/data/DATASETS/WaveFake/jsut_multi_band_melgan/BASIC5000_2378_gen.wav,1
/data/DATASETS/WaveFake/jsut_multi_band_melgan/BASIC5000_2930_gen.wav,1
/data/DATASETS/WaveFake/jsut_multi_band_melgan/BASIC5000_2023_gen.wav,1
/data/DATASETS/WaveFake/jsut_multi_band_melgan/BASIC5000_3475_gen.wav,1
/data/DATASETS/WaveFake/jsut_multi_band_melgan/BASIC5000_0885_gen.wav,1
/data/DATASETS/WaveFake/jsut_parallel_wavegan/BASIC5000_2146_gen.wav,2
/data/DATASETS/WaveFake/jsut_multi_band_melgan/BASIC5000_3262_gen.wav,1
/data/DATASETS/WaveFake/jsut_multi_band_melgan/BASIC5000_0551_gen.wav,1
/data/DATASETS/WaveFake/jsut_multi_band_melgan/BASIC5000_2603_gen.wav,1
/data/DATASETS/WaveFake/jsut_parallel_wavegan/BASIC5000_0333_gen.wav,2
/data/DATASETS/WaveFake/jsut_multi_band_melgan/BASIC5000_4306_gen.wav,1
/data/DATASETS/WaveFake/jsut_parallel_wavegan/BASIC5000_2716_gen.wav,2
/data/DATASETS/WaveFake/jsut_parallel_wavegan/BASIC5000_0555_gen.wav,2
/data/DATASETS/WaveFake/jsut_multi_band_melgan/BASIC5000_3717_gen.wav,1
/data/DATASETS/WaveFake/jsut_multi_band_melgan/BASIC5000_2823_gen.wav,1
/data/DATASETS/WaveFake/jsut_parallel_wavegan/BASIC5000_4629_gen.wav,2
/data/DATASETS/WaveFake/jsut_parallel_wavegan/BASIC5000_0207_gen.wav,2
/data/DATASETS/WaveFake/jsut_multi_band_melgan/BASIC5000_3344_gen.wav,1
/data/DATASETS/WaveFake/jsut_multi_band_melgan/BASIC5000_0012_gen.wav,1
/data/DATASETS/WaveFake/jsut_multi_band_melgan/BASIC5000_4006_gen.wav,1
/data/DATASETS/WaveFake/jsut_multi_band_melgan/BASIC5000_0166_gen.wav,1
/data/DATASETS/WaveFake/jsut_multi_band_melgan/BASIC5000_1402_gen.wav,1
/data/DATASETS/WaveFake/jsut_parallel_wavegan/BASIC5000_0925_gen.wav,2
/data/DATASETS/WaveFake/jsut_parallel_wavegan/BASIC5000_4439_gen.wav,2
/data/DATASETS/WaveFake/jsut_multi_band_melgan/BASIC5000_0090_gen.wav,1
/data/DATASETS/WaveFake/jsut_parallel_wavegan/BASIC5000_4276_gen.wav,2
/data/DATASETS/WaveFake/jsut_multi_band_melgan/BASIC5000_0011_gen.wav,1
/data/DATASETS/WaveFake/jsut_multi_band_melgan/BASIC5000_4140_gen.wav,1
/data/DATASETS/WaveFake/jsut_multi_band_melgan/BASIC5000_3191_gen.wav,1
/data/DATASETS/WaveFake/jsut_multi_band_melgan/BASIC5000_3552_gen.wav,1
/data/DATASETS/WaveFake/jsut_multi_band_melgan/BASIC5000_3146_gen.wav,1
/data/DATASETS/WaveFake/jsut_parallel_wavegan/BASIC5000_2450_gen.wav,2
/data/DATASETS/WaveFake/jsut_parallel_wavegan/BASIC5000_2541_gen.wav,2
/data/DATASETS/WaveFake/jsut_multi_band_melgan/BASIC5000_0541_gen.wav,1
/data/DATASETS/WaveFake/jsut_parallel_wavegan/BASIC5000_1426_gen.wav,2
/data/DATASETS/WaveFake/jsut_parallel_wavegan/BASIC5000_3231_gen.wav,2
/data/DATASETS/WaveFake/jsut_parallel_wavegan/BASIC5000_3108_gen.wav,2
/data/DATASETS/WaveFake/jsut_multi_band_melgan/BASIC5000_0835_gen.wav,1
/data/DATASETS/WaveFake/jsut_parallel_wavegan/BASIC5000_2037_gen.wav,2
/data/DATASETS/WaveFake/jsut_parallel_wavegan/BASIC5000_1154_gen.wav,2
/data/DATASETS/WaveFake/jsut_multi_band_melgan/BASIC5000_3443_gen.wav,1
/data/DATASETS/WaveFake/jsut_parallel_wavegan/BASIC5000_0023_gen.wav,2
/data/DATASETS/WaveFake/jsut_multi_band_melgan/BASIC5000_3294_gen.wav,1
/data/DATASETS/WaveFake/jsut_parallel_wavegan/BASIC5000_0243_gen.wav,2
/data/DATASETS/WaveFake/jsut_parallel_wavegan/BASIC5000_4688_gen.wav,2
/data/DATASETS/WaveFake/jsut_parallel_wavegan/BASIC5000_4861_gen.wav,2
/data/DATASETS/WaveFake/jsut_multi_band_melgan/BASIC5000_0530_gen.wav,1
/data/DATASETS/WaveFake/jsut_parallel_wavegan/BASIC5000_4640_gen.wav,2
/data/DATASETS/WaveFake/jsut_parallel_wavegan/BASIC5000_4347_gen.wav,2
/data/DATASETS/WaveFake/jsut_parallel_wavegan/BASIC5000_4484_gen.wav,2
/data/DATASETS/WaveFake/jsut_parallel_wavegan/BASIC5000_0641_gen.wav,2
/data/DATASETS/WaveFake/jsut_multi_band_melgan/BASIC5000_2878_gen.wav,1
/data/DATASETS/WaveFake/jsut_multi_band_melgan/BASIC5000_0372_gen.wav,1
/data/DATASETS/WaveFake/jsut_multi_band_melgan/BASIC5000_0131_gen.wav,1
/data/DATASETS/WaveFake/jsut_parallel_wavegan/BASIC5000_0600_gen.wav,2
/data/DATASETS/WaveFake/jsut_multi_band_melgan/BASIC5000_2697_gen.wav,1
/data/DATASETS/WaveFake/jsut_parallel_wavegan/BASIC5000_4393_gen.wav,2
/data/DATASETS/WaveFake/jsut_multi_band_melgan/BASIC5000_1631_gen.wav,1
/data/DATASETS/WaveFake/jsut_multi_band_melgan/BASIC5000_4059_gen.wav,1
/data/DATASETS/WaveFake/jsut_multi_band_melgan/BASIC5000_1248_gen.wav,1
/data/DATASETS/WaveFake/jsut_multi_band_melgan/BASIC5000_2933_gen.wav,1
/data/DATASETS/WaveFake/jsut_multi_band_melgan/BASIC5000_4035_gen.wav,1
/data/DATASETS/WaveFake/jsut_multi_band_melgan/BASIC5000_0707_gen.wav,1
/data/DATASETS/WaveFake/jsut_parallel_wavegan/BASIC5000_3616_gen.wav,2
/data/DATASETS/WaveFake/jsut_parallel_wavegan/BASIC5000_1577_gen.wav,2
/data/DATASETS/WaveFake/jsut_parallel_wavegan/BASIC5000_2099_gen.wav,2
/data/DATASETS/WaveFake/jsut_multi_band_melgan/BASIC5000_3288_gen.wav,1
/data/DATASETS/WaveFake/jsut_multi_band_melgan/BASIC5000_4833_gen.wav,1
/data/DATASETS/WaveFake/jsut_multi_band_melgan/BASIC5000_2545_gen.wav,1
/data/DATASETS/WaveFake/jsut_multi_band_melgan/BASIC5000_1542_gen.wav,1
/data/DATASETS/WaveFake/jsut_parallel_wavegan/BASIC5000_4705_gen.wav,2
/data/DATASETS/WaveFake/jsut_parallel_wavegan/BASIC5000_2261_gen.wav,2
/data/DATASETS/WaveFake/jsut_parallel_wavegan/BASIC5000_0071_gen.wav,2
/data/DATASETS/WaveFake/jsut_multi_band_melgan/BASIC5000_2437_gen.wav,1
/data/DATASETS/WaveFake/jsut_parallel_wavegan/BASIC5000_0171_gen.wav,2
/data/DATASETS/WaveFake/jsut_multi_band_melgan/BASIC5000_2662_gen.wav,1
/data/DATASETS/WaveFake/jsut_multi_band_melgan/BASIC5000_4182_gen.wav,1
/data/DATASETS/WaveFake/jsut_multi_band_melgan/BASIC5000_3034_gen.wav,1
/data/DATASETS/WaveFake/jsut_multi_band_melgan/BASIC5000_4189_gen.wav,1
/data/DATASETS/WaveFake/jsut_parallel_wavegan/BASIC5000_3922_gen.wav,2
/data/DATASETS/WaveFake/jsut_multi_band_melgan/BASIC5000_1242_gen.wav,1
/data/DATASETS/WaveFake/jsut_multi_band_melgan/BASIC5000_1576_gen.wav,1
/data/DATASETS/WaveFake/jsut_multi_band_melgan/BASIC5000_1966_gen.wav,1
/data/DATASETS/WaveFake/jsut_parallel_wavegan/BASIC5000_1387_gen.wav,2
/data/DATASETS/WaveFake/jsut_parallel_wavegan/BASIC5000_2651_gen.wav,2
/data/DATASETS/WaveFake/jsut_multi_band_melgan/BASIC5000_3308_gen.wav,1
/data/DATASETS/WaveFake/jsut_parallel_wavegan/BASIC5000_1313_gen.wav,2
/data/DATASETS/WaveFake/jsut_multi_band_melgan/BASIC5000_3120_gen.wav,1
/data/DATASETS/WaveFake/jsut_multi_band_melgan/BASIC5000_3663_gen.wav,1
/data/DATASETS/WaveFake/jsut_parallel_wavegan/BASIC5000_2546_gen.wav,2
/data/DATASETS/WaveFake/jsut_parallel_wavegan/BASIC5000_1844_gen.wav,2
/data/DATASETS/WaveFake/jsut_multi_band_melgan/BASIC5000_0609_gen.wav,1
/data/DATASETS/WaveFake/jsut_parallel_wavegan/BASIC5000_0402_gen.wav,2
/data/DATASETS/WaveFake/jsut_multi_band_melgan/BASIC5000_0865_gen.wav,1
/data/DATASETS/WaveFake/jsut_multi_band_melgan/BASIC5000_4049_gen.wav,1
/data/DATASETS/WaveFake/jsut_parallel_wavegan/BASIC5000_0795_gen.wav,2
/data/DATASETS/WaveFake/jsut_parallel_wavegan/BASIC5000_4972_gen.wav,2
/data/DATASETS/WaveFake/jsut_multi_band_melgan/BASIC5000_4158_gen.wav,1
/data/DATASETS/WaveFake/jsut_parallel_wavegan/BASIC5000_1959_gen.wav,2
/data/DATASETS/WaveFake/jsut_multi_band_melgan/BASIC5000_4677_gen.wav,1
/data/DATASETS/WaveFake/jsut_parallel_wavegan/BASIC5000_0822_gen.wav,2
/data/DATASETS/WaveFake/jsut_multi_band_melgan/BASIC5000_3746_gen.wav,1
/data/DATASETS/WaveFake/jsut_multi_band_melgan/BASIC5000_2418_gen.wav,1
/data/DATASETS/WaveFake/jsut_multi_band_melgan/BASIC5000_1850_gen.wav,1
/data/DATASETS/WaveFake/jsut_multi_band_melgan/BASIC5000_3917_gen.wav,1
/data/DATASETS/WaveFake/jsut_multi_band_melgan/BASIC5000_3507_gen.wav,1
/data/DATASETS/WaveFake/jsut_multi_band_melgan/BASIC5000_2851_gen.wav,1
/data/DATASETS/WaveFake/jsut_parallel_wavegan/BASIC5000_1135_gen.wav,2
/data/DATASETS/WaveFake/jsut_multi_band_melgan/BASIC5000_2943_gen.wav,1
/data/DATASETS/WaveFake/jsut_parallel_wavegan/BASIC5000_3040_gen.wav,2
/data/DATASETS/WaveFake/jsut_parallel_wavegan/BASIC5000_2515_gen.wav,2
/data/DATASETS/WaveFake/jsut_parallel_wavegan/BASIC5000_1379_gen.wav,2
/data/DATASETS/WaveFake/jsut_multi_band_melgan/BASIC5000_3710_gen.wav,1
/data/DATASETS/WaveFake/jsut_parallel_wavegan/BASIC5000_2520_gen.wav,2
/data/DATASETS/WaveFake/jsut_parallel_wavegan/BASIC5000_3097_gen.wav,2
/data/DATASETS/WaveFake/jsut_multi_band_melgan/BASIC5000_1940_gen.wav,1
/data/DATASETS/WaveFake/jsut_multi_band_melgan/BASIC5000_2423_gen.wav,1
/data/DATASETS/WaveFake/jsut_parallel_wavegan/BASIC5000_3723_gen.wav,2
/data/DATASETS/WaveFake/jsut_parallel_wavegan/BASIC5000_3587_gen.wav,2
/data/DATASETS/WaveFake/jsut_multi_band_melgan/BASIC5000_2209_gen.wav,1
/data/DATASETS/WaveFake/jsut_parallel_wavegan/BASIC5000_1072_gen.wav,2
/data/DATASETS/WaveFake/jsut_parallel_wavegan/BASIC5000_0183_gen.wav,2
/data/DATASETS/WaveFake/jsut_parallel_wavegan/BASIC5000_3060_gen.wav,2
/data/DATASETS/WaveFake/jsut_multi_band_melgan/BASIC5000_4206_gen.wav,1
/data/DATASETS/WaveFake/jsut_parallel_wavegan/BASIC5000_2257_gen.wav,2
/data/DATASETS/WaveFake/jsut_multi_band_melgan/BASIC5000_3895_gen.wav,1
/data/DATASETS/WaveFake/jsut_parallel_wavegan/BASIC5000_2051_gen.wav,2
/data/DATASETS/WaveFake/jsut_multi_band_melgan/BASIC5000_4196_gen.wav,1
/data/DATASETS/WaveFake/jsut_multi_band_melgan/BASIC5000_3054_gen.wav,1
/data/DATASETS/WaveFake/jsut_multi_band_melgan/BASIC5000_3295_gen.wav,1
/data/DATASETS/WaveFake/jsut_multi_band_melgan/BASIC5000_2998_gen.wav,1
/data/DATASETS/WaveFake/jsut_parallel_wavegan/BASIC5000_1430_gen.wav,2
/data/DATASETS/WaveFake/jsut_multi_band_melgan/BASIC5000_4432_gen.wav,1
/data/DATASETS/WaveFake/jsut_multi_band_melgan/BASIC5000_2304_gen.wav,1
/data/DATASETS/WaveFake/jsut_parallel_wavegan/BASIC5000_2751_gen.wav,2
/data/DATASETS/WaveFake/jsut_multi_band_melgan/BASIC5000_2681_gen.wav,1
/data/DATASETS/WaveFake/jsut_parallel_wavegan/BASIC5000_0884_gen.wav,2
/data/DATASETS/WaveFake/jsut_multi_band_melgan/BASIC5000_1213_gen.wav,1
/data/DATASETS/WaveFake/jsut_multi_band_melgan/BASIC5000_0296_gen.wav,1
/data/DATASETS/WaveFake/jsut_multi_band_melgan/BASIC5000_4747_gen.wav,1
/data/DATASETS/WaveFake/jsut_multi_band_melgan/BASIC5000_4806_gen.wav,1
/data/DATASETS/WaveFake/jsut_parallel_wavegan/BASIC5000_0841_gen.wav,2
/data/DATASETS/WaveFake/jsut_parallel_wavegan/BASIC5000_2850_gen.wav,2
/data/DATASETS/WaveFake/jsut_parallel_wavegan/BASIC5000_1007_gen.wav,2
/data/DATASETS/WaveFake/jsut_parallel_wavegan/BASIC5000_0789_gen.wav,2
/data/DATASETS/WaveFake/jsut_parallel_wavegan/BASIC5000_4081_gen.wav,2
/data/DATASETS/WaveFake/jsut_multi_band_melgan/BASIC5000_4309_gen.wav,1
/data/DATASETS/WaveFake/jsut_parallel_wavegan/BASIC5000_2239_gen.wav,2
/data/DATASETS/WaveFake/jsut_multi_band_melgan/BASIC5000_0704_gen.wav,1
/data/DATASETS/WaveFake/jsut_multi_band_melgan/BASIC5000_0404_gen.wav,1
/data/DATASETS/WaveFake/jsut_multi_band_melgan/BASIC5000_3724_gen.wav,1
/data/DATASETS/WaveFake/jsut_parallel_wavegan/BASIC5000_1930_gen.wav,2
/data/DATASETS/WaveFake/jsut_multi_band_melgan/BASIC5000_1564_gen.wav,1
/data/DATASETS/WaveFake/jsut_multi_band_melgan/BASIC5000_1544_gen.wav,1
/data/DATASETS/WaveFake/jsut_parallel_wavegan/BASIC5000_1513_gen.wav,2
/data/DATASETS/WaveFake/jsut_multi_band_melgan/BASIC5000_1455_gen.wav,1
/data/DATASETS/WaveFake/jsut_parallel_wavegan/BASIC5000_3451_gen.wav,2
/data/DATASETS/WaveFake/jsut_multi_band_melgan/BASIC5000_0525_gen.wav,1
/data/DATASETS/WaveFake/jsut_multi_band_melgan/BASIC5000_4903_gen.wav,1
/data/DATASETS/WaveFake/jsut_multi_band_melgan/BASIC5000_1381_gen.wav,1
/data/DATASETS/WaveFake/jsut_multi_band_melgan/BASIC5000_4572_gen.wav,1
/data/DATASETS/WaveFake/jsut_parallel_wavegan/BASIC5000_2384_gen.wav,2
/data/DATASETS/WaveFake/jsut_parallel_wavegan/BASIC5000_1264_gen.wav,2
/data/DATASETS/WaveFake/jsut_multi_band_melgan/BASIC5000_3298_gen.wav,1
/data/DATASETS/WaveFake/jsut_multi_band_melgan/BASIC5000_3037_gen.wav,1
/data/DATASETS/WaveFake/jsut_parallel_wavegan/BASIC5000_2288_gen.wav,2
/data/DATASETS/WaveFake/jsut_parallel_wavegan/BASIC5000_3103_gen.wav,2
/data/DATASETS/WaveFake/jsut_multi_band_melgan/BASIC5000_0580_gen.wav,1
/data/DATASETS/WaveFake/jsut_parallel_wavegan/BASIC5000_3411_gen.wav,2
/data/DATASETS/WaveFake/jsut_parallel_wavegan/BASIC5000_0105_gen.wav,2
/data/DATASETS/WaveFake/jsut_parallel_wavegan/BASIC5000_4321_gen.wav,2
/data/DATASETS/WaveFake/jsut_parallel_wavegan/BASIC5000_1987_gen.wav,2
/data/DATASETS/WaveFake/jsut_multi_band_melgan/BASIC5000_0538_gen.wav,1
/data/DATASETS/WaveFake/jsut_parallel_wavegan/BASIC5000_0922_gen.wav,2
/data/DATASETS/WaveFake/jsut_multi_band_melgan/BASIC5000_2542_gen.wav,1
/data/DATASETS/WaveFake/jsut_multi_band_melgan/BASIC5000_2079_gen.wav,1
/data/DATASETS/WaveFake/jsut_parallel_wavegan/BASIC5000_4929_gen.wav,2
/data/DATASETS/WaveFake/jsut_multi_band_melgan/BASIC5000_4244_gen.wav,1
/data/DATASETS/WaveFake/jsut_multi_band_melgan/BASIC5000_0957_gen.wav,1
/data/DATASETS/WaveFake/jsut_multi_band_melgan/BASIC5000_2960_gen.wav,1
/data/DATASETS/WaveFake/jsut_multi_band_melgan/BASIC5000_3883_gen.wav,1
/data/DATASETS/WaveFake/jsut_multi_band_melgan/BASIC5000_0048_gen.wav,1
/data/DATASETS/WaveFake/jsut_multi_band_melgan/BASIC5000_3296_gen.wav,1
/data/DATASETS/WaveFake/jsut_parallel_wavegan/BASIC5000_3706_gen.wav,2
/data/DATASETS/WaveFake/jsut_parallel_wavegan/BASIC5000_2735_gen.wav,2
/data/DATASETS/WaveFake/jsut_multi_band_melgan/BASIC5000_0343_gen.wav,1
/data/DATASETS/WaveFake/jsut_parallel_wavegan/BASIC5000_4708_gen.wav,2
/data/DATASETS/WaveFake/jsut_multi_band_melgan/BASIC5000_0516_gen.wav,1
/data/DATASETS/WaveFake/jsut_multi_band_melgan/BASIC5000_1518_gen.wav,1
/data/DATASETS/WaveFake/jsut_parallel_wavegan/BASIC5000_4412_gen.wav,2
/data/DATASETS/WaveFake/jsut_multi_band_melgan/BASIC5000_3779_gen.wav,1
/data/DATASETS/WaveFake/jsut_multi_band_melgan/BASIC5000_4444_gen.wav,1
/data/DATASETS/WaveFake/jsut_multi_band_melgan/BASIC5000_3112_gen.wav,1
/data/DATASETS/WaveFake/jsut_multi_band_melgan/BASIC5000_4190_gen.wav,1
/data/DATASETS/WaveFake/jsut_parallel_wavegan/BASIC5000_4710_gen.wav,2
/data/DATASETS/WaveFake/jsut_parallel_wavegan/BASIC5000_3807_gen.wav,2
/data/DATASETS/WaveFake/jsut_multi_band_melgan/BASIC5000_2902_gen.wav,1
/data/DATASETS/WaveFake/jsut_multi_band_melgan/BASIC5000_1557_gen.wav,1
/data/DATASETS/WaveFake/jsut_multi_band_melgan/BASIC5000_0870_gen.wav,1
/data/DATASETS/WaveFake/jsut_multi_band_melgan/BASIC5000_3990_gen.wav,1
/data/DATASETS/WaveFake/jsut_multi_band_melgan/BASIC5000_4975_gen.wav,1
/data/DATASETS/WaveFake/jsut_parallel_wavegan/BASIC5000_3770_gen.wav,2
/data/DATASETS/WaveFake/jsut_multi_band_melgan/BASIC5000_1292_gen.wav,1
/data/DATASETS/WaveFake/jsut_multi_band_melgan/BASIC5000_1030_gen.wav,1
/data/DATASETS/WaveFake/jsut_multi_band_melgan/BASIC5000_2315_gen.wav,1
/data/DATASETS/WaveFake/jsut_multi_band_melgan/BASIC5000_4470_gen.wav,1
/data/DATASETS/WaveFake/jsut_multi_band_melgan/BASIC5000_3766_gen.wav,1
/data/DATASETS/WaveFake/jsut_parallel_wavegan/BASIC5000_1897_gen.wav,2
/data/DATASETS/WaveFake/jsut_parallel_wavegan/BASIC5000_3797_gen.wav,2
/data/DATASETS/WaveFake/jsut_multi_band_melgan/BASIC5000_4104_gen.wav,1
/data/DATASETS/WaveFake/jsut_multi_band_melgan/BASIC5000_4185_gen.wav,1
/data/DATASETS/WaveFake/jsut_multi_band_melgan/BASIC5000_3111_gen.wav,1
/data/DATASETS/WaveFake/jsut_multi_band_melgan/BASIC5000_1563_gen.wav,1
/data/DATASETS/WaveFake/jsut_multi_band_melgan/BASIC5000_1812_gen.wav,1
/data/DATASETS/WaveFake/jsut_multi_band_melgan/BASIC5000_2205_gen.wav,1
/data/DATASETS/WaveFake/jsut_parallel_wavegan/BASIC5000_3761_gen.wav,2
/data/DATASETS/WaveFake/jsut_parallel_wavegan/BASIC5000_3935_gen.wav,2
/data/DATASETS/WaveFake/jsut_parallel_wavegan/BASIC5000_3353_gen.wav,2
/data/DATASETS/WaveFake/jsut_multi_band_melgan/BASIC5000_2825_gen.wav,1
/data/DATASETS/WaveFake/jsut_parallel_wavegan/BASIC5000_4787_gen.wav,2
/data/DATASETS/WaveFake/jsut_parallel_wavegan/BASIC5000_1785_gen.wav,2
/data/DATASETS/WaveFake/jsut_parallel_wavegan/BASIC5000_3210_gen.wav,2
/data/DATASETS/WaveFake/jsut_multi_band_melgan/BASIC5000_0035_gen.wav,1
/data/DATASETS/WaveFake/jsut_parallel_wavegan/BASIC5000_2820_gen.wav,2
/data/DATASETS/WaveFake/jsut_multi_band_melgan/BASIC5000_0261_gen.wav,1
/data/DATASETS/WaveFake/jsut_multi_band_melgan/BASIC5000_4729_gen.wav,1
/data/DATASETS/WaveFake/jsut_parallel_wavegan/BASIC5000_4329_gen.wav,2
/data/DATASETS/WaveFake/jsut_parallel_wavegan/BASIC5000_1661_gen.wav,2
/data/DATASETS/WaveFake/jsut_parallel_wavegan/BASIC5000_1423_gen.wav,2
/data/DATASETS/WaveFake/jsut_parallel_wavegan/BASIC5000_2517_gen.wav,2
/data/DATASETS/WaveFake/jsut_parallel_wavegan/BASIC5000_3946_gen.wav,2
/data/DATASETS/WaveFake/jsut_parallel_wavegan/BASIC5000_2943_gen.wav,2
/data/DATASETS/WaveFake/jsut_parallel_wavegan/BASIC5000_4965_gen.wav,2
/data/DATASETS/WaveFake/jsut_parallel_wavegan/BASIC5000_1902_gen.wav,2
/data/DATASETS/WaveFake/jsut_multi_band_melgan/BASIC5000_3931_gen.wav,1
/data/DATASETS/WaveFake/jsut_multi_band_melgan/BASIC5000_4885_gen.wav,1
/data/DATASETS/WaveFake/jsut_multi_band_melgan/BASIC5000_4577_gen.wav,1
/data/DATASETS/WaveFake/jsut_parallel_wavegan/BASIC5000_4001_gen.wav,2
/data/DATASETS/WaveFake/jsut_multi_band_melgan/BASIC5000_0966_gen.wav,1
/data/DATASETS/WaveFake/jsut_parallel_wavegan/BASIC5000_2884_gen.wav,2
/data/DATASETS/WaveFake/jsut_parallel_wavegan/BASIC5000_1151_gen.wav,2
/data/DATASETS/WaveFake/jsut_parallel_wavegan/BASIC5000_0705_gen.wav,2
/data/DATASETS/WaveFake/jsut_parallel_wavegan/BASIC5000_4776_gen.wav,2
/data/DATASETS/WaveFake/jsut_multi_band_melgan/BASIC5000_2216_gen.wav,1
/data/DATASETS/WaveFake/jsut_multi_band_melgan/BASIC5000_0133_gen.wav,1
/data/DATASETS/WaveFake/jsut_parallel_wavegan/BASIC5000_3590_gen.wav,2
/data/DATASETS/WaveFake/jsut_parallel_wavegan/BASIC5000_0202_gen.wav,2
/data/DATASETS/WaveFake/jsut_parallel_wavegan/BASIC5000_3023_gen.wav,2
/data/DATASETS/WaveFake/jsut_parallel_wavegan/BASIC5000_3715_gen.wav,2
/data/DATASETS/WaveFake/jsut_parallel_wavegan/BASIC5000_4190_gen.wav,2
/data/DATASETS/WaveFake/jsut_multi_band_melgan/BASIC5000_1803_gen.wav,1
/data/DATASETS/WaveFake/jsut_parallel_wavegan/BASIC5000_4052_gen.wav,2
/data/DATASETS/WaveFake/jsut_parallel_wavegan/BASIC5000_1037_gen.wav,2
/data/DATASETS/WaveFake/jsut_parallel_wavegan/BASIC5000_4000_gen.wav,2
/data/DATASETS/WaveFake/jsut_multi_band_melgan/BASIC5000_0418_gen.wav,1
/data/DATASETS/WaveFake/jsut_parallel_wavegan/BASIC5000_4454_gen.wav,2
/data/DATASETS/WaveFake/jsut_multi_band_melgan/BASIC5000_1141_gen.wav,1
/data/DATASETS/WaveFake/jsut_parallel_wavegan/BASIC5000_1014_gen.wav,2
/data/DATASETS/WaveFake/jsut_parallel_wavegan/BASIC5000_0935_gen.wav,2
/data/DATASETS/WaveFake/jsut_multi_band_melgan/BASIC5000_1038_gen.wav,1
/data/DATASETS/WaveFake/jsut_parallel_wavegan/BASIC5000_3686_gen.wav,2
/data/DATASETS/WaveFake/jsut_parallel_wavegan/BASIC5000_2359_gen.wav,2
/data/DATASETS/WaveFake/jsut_parallel_wavegan/BASIC5000_0339_gen.wav,2
/data/DATASETS/WaveFake/jsut_parallel_wavegan/BASIC5000_4740_gen.wav,2
/data/DATASETS/WaveFake/jsut_multi_band_melgan/BASIC5000_4906_gen.wav,1
/data/DATASETS/WaveFake/jsut_multi_band_melgan/BASIC5000_0992_gen.wav,1
/data/DATASETS/WaveFake/jsut_multi_band_melgan/BASIC5000_1336_gen.wav,1
/data/DATASETS/WaveFake/jsut_parallel_wavegan/BASIC5000_3890_gen.wav,2
/data/DATASETS/WaveFake/jsut_multi_band_melgan/BASIC5000_3624_gen.wav,1
/data/DATASETS/WaveFake/jsut_multi_band_melgan/BASIC5000_0122_gen.wav,1
/data/DATASETS/WaveFake/jsut_multi_band_melgan/BASIC5000_2182_gen.wav,1
/data/DATASETS/WaveFake/jsut_parallel_wavegan/BASIC5000_4356_gen.wav,2
/data/DATASETS/WaveFake/jsut_parallel_wavegan/BASIC5000_2277_gen.wav,2
/data/DATASETS/WaveFake/jsut_parallel_wavegan/BASIC5000_0024_gen.wav,2
/data/DATASETS/WaveFake/jsut_multi_band_melgan/BASIC5000_1350_gen.wav,1
/data/DATASETS/WaveFake/jsut_multi_band_melgan/BASIC5000_2299_gen.wav,1
/data/DATASETS/WaveFake/jsut_parallel_wavegan/BASIC5000_1112_gen.wav,2
/data/DATASETS/WaveFake/jsut_parallel_wavegan/BASIC5000_1791_gen.wav,2
/data/DATASETS/WaveFake/jsut_parallel_wavegan/BASIC5000_0671_gen.wav,2
/data/DATASETS/WaveFake/jsut_multi_band_melgan/BASIC5000_3155_gen.wav,1
/data/DATASETS/WaveFake/jsut_multi_band_melgan/BASIC5000_3131_gen.wav,1
/data/DATASETS/WaveFake/jsut_multi_band_melgan/BASIC5000_0754_gen.wav,1
/data/DATASETS/WaveFake/jsut_multi_band_melgan/BASIC5000_3647_gen.wav,1
/data/DATASETS/WaveFake/jsut_parallel_wavegan/BASIC5000_2872_gen.wav,2
/data/DATASETS/WaveFake/jsut_multi_band_melgan/BASIC5000_4992_gen.wav,1
/data/DATASETS/WaveFake/jsut_parallel_wavegan/BASIC5000_0857_gen.wav,2
/data/DATASETS/WaveFake/jsut_parallel_wavegan/BASIC5000_2354_gen.wav,2
/data/DATASETS/WaveFake/jsut_parallel_wavegan/BASIC5000_4805_gen.wav,2
/data/DATASETS/WaveFake/jsut_parallel_wavegan/BASIC5000_2736_gen.wav,2
/data/DATASETS/WaveFake/jsut_multi_band_melgan/BASIC5000_2450_gen.wav,1
/data/DATASETS/WaveFake/jsut_parallel_wavegan/BASIC5000_2320_gen.wav,2
/data/DATASETS/WaveFake/jsut_parallel_wavegan/BASIC5000_4152_gen.wav,2
/data/DATASETS/WaveFake/jsut_parallel_wavegan/BASIC5000_2449_gen.wav,2
/data/DATASETS/WaveFake/jsut_multi_band_melgan/BASIC5000_4851_gen.wav,1
/data/DATASETS/WaveFake/jsut_parallel_wavegan/BASIC5000_1499_gen.wav,2
/data/DATASETS/WaveFake/jsut_multi_band_melgan/BASIC5000_1961_gen.wav,1
/data/DATASETS/WaveFake/jsut_multi_band_melgan/BASIC5000_4954_gen.wav,1
/data/DATASETS/WaveFake/jsut_multi_band_melgan/BASIC5000_4391_gen.wav,1
/data/DATASETS/WaveFake/jsut_multi_band_melgan/BASIC5000_1630_gen.wav,1
/data/DATASETS/WaveFake/jsut_parallel_wavegan/BASIC5000_3504_gen.wav,2
/data/DATASETS/WaveFake/jsut_parallel_wavegan/BASIC5000_1626_gen.wav,2
/data/DATASETS/WaveFake/jsut_multi_band_melgan/BASIC5000_1162_gen.wav,1
/data/DATASETS/WaveFake/jsut_parallel_wavegan/BASIC5000_1303_gen.wav,2
/data/DATASETS/WaveFake/jsut_multi_band_melgan/BASIC5000_2735_gen.wav,1
/data/DATASETS/WaveFake/jsut_parallel_wavegan/BASIC5000_4939_gen.wav,2
/data/DATASETS/WaveFake/jsut_parallel_wavegan/BASIC5000_0625_gen.wav,2
/data/DATASETS/WaveFake/jsut_multi_band_melgan/BASIC5000_1237_gen.wav,1
/data/DATASETS/WaveFake/jsut_parallel_wavegan/BASIC5000_1575_gen.wav,2
/data/DATASETS/WaveFake/jsut_multi_band_melgan/BASIC5000_4767_gen.wav,1
/data/DATASETS/WaveFake/jsut_parallel_wavegan/BASIC5000_3255_gen.wav,2
/data/DATASETS/WaveFake/jsut_parallel_wavegan/BASIC5000_4961_gen.wav,2
/data/DATASETS/WaveFake/jsut_multi_band_melgan/BASIC5000_3569_gen.wav,1
/data/DATASETS/WaveFake/jsut_parallel_wavegan/BASIC5000_2492_gen.wav,2
/data/DATASETS/WaveFake/jsut_parallel_wavegan/BASIC5000_0957_gen.wav,2
/data/DATASETS/WaveFake/jsut_parallel_wavegan/BASIC5000_2824_gen.wav,2
/data/DATASETS/WaveFake/jsut_parallel_wavegan/BASIC5000_3561_gen.wav,2
/data/DATASETS/WaveFake/jsut_parallel_wavegan/BASIC5000_2629_gen.wav,2
/data/DATASETS/WaveFake/jsut_multi_band_melgan/BASIC5000_1372_gen.wav,1
/data/DATASETS/WaveFake/jsut_multi_band_melgan/BASIC5000_0059_gen.wav,1
/data/DATASETS/WaveFake/jsut_multi_band_melgan/BASIC5000_2068_gen.wav,1
/data/DATASETS/WaveFake/jsut_multi_band_melgan/BASIC5000_4541_gen.wav,1
/data/DATASETS/WaveFake/jsut_parallel_wavegan/BASIC5000_4490_gen.wav,2
/data/DATASETS/WaveFake/jsut_parallel_wavegan/BASIC5000_4901_gen.wav,2
/data/DATASETS/WaveFake/jsut_parallel_wavegan/BASIC5000_4548_gen.wav,2
/data/DATASETS/WaveFake/jsut_multi_band_melgan/BASIC5000_1844_gen.wav,1
/data/DATASETS/WaveFake/jsut_parallel_wavegan/BASIC5000_3674_gen.wav,2
/data/DATASETS/WaveFake/jsut_parallel_wavegan/BASIC5000_0974_gen.wav,2
/data/DATASETS/WaveFake/jsut_multi_band_melgan/BASIC5000_1595_gen.wav,1
/data/DATASETS/WaveFake/jsut_multi_band_melgan/BASIC5000_2777_gen.wav,1
/data/DATASETS/WaveFake/jsut_parallel_wavegan/BASIC5000_3223_gen.wav,2
/data/DATASETS/WaveFake/jsut_parallel_wavegan/BASIC5000_3855_gen.wav,2
/data/DATASETS/WaveFake/jsut_parallel_wavegan/BASIC5000_4512_gen.wav,2
/data/DATASETS/WaveFake/jsut_multi_band_melgan/BASIC5000_3760_gen.wav,1
/data/DATASETS/WaveFake/jsut_multi_band_melgan/BASIC5000_0368_gen.wav,1
/data/DATASETS/WaveFake/jsut_parallel_wavegan/BASIC5000_3151_gen.wav,2
/data/DATASETS/WaveFake/jsut_multi_band_melgan/BASIC5000_2731_gen.wav,1
/data/DATASETS/WaveFake/jsut_parallel_wavegan/BASIC5000_2466_gen.wav,2
/data/DATASETS/WaveFake/jsut_multi_band_melgan/BASIC5000_3986_gen.wav,1
/data/DATASETS/WaveFake/jsut_multi_band_melgan/BASIC5000_3141_gen.wav,1
/data/DATASETS/WaveFake/jsut_parallel_wavegan/BASIC5000_0239_gen.wav,2
/data/DATASETS/WaveFake/jsut_parallel_wavegan/BASIC5000_0586_gen.wav,2
/data/DATASETS/WaveFake/jsut_multi_band_melgan/BASIC5000_2980_gen.wav,1
/data/DATASETS/WaveFake/jsut_multi_band_melgan/BASIC5000_3461_gen.wav,1
/data/DATASETS/WaveFake/jsut_parallel_wavegan/BASIC5000_0859_gen.wav,2
/data/DATASETS/WaveFake/jsut_parallel_wavegan/BASIC5000_2087_gen.wav,2
/data/DATASETS/WaveFake/jsut_multi_band_melgan/BASIC5000_1265_gen.wav,1
/data/DATASETS/WaveFake/jsut_multi_band_melgan/BASIC5000_3121_gen.wav,1
/data/DATASETS/WaveFake/jsut_multi_band_melgan/BASIC5000_0569_gen.wav,1
/data/DATASETS/WaveFake/jsut_multi_band_melgan/BASIC5000_3591_gen.wav,1
/data/DATASETS/WaveFake/jsut_multi_band_melgan/BASIC5000_4384_gen.wav,1
/data/DATASETS/WaveFake/jsut_multi_band_melgan/BASIC5000_0017_gen.wav,1
/data/DATASETS/WaveFake/jsut_multi_band_melgan/BASIC5000_1241_gen.wav,1
/data/DATASETS/WaveFake/jsut_parallel_wavegan/BASIC5000_1143_gen.wav,2
/data/DATASETS/WaveFake/jsut_parallel_wavegan/BASIC5000_0458_gen.wav,2
/data/DATASETS/WaveFake/jsut_multi_band_melgan/BASIC5000_2334_gen.wav,1
/data/DATASETS/WaveFake/jsut_parallel_wavegan/BASIC5000_2941_gen.wav,2
/data/DATASETS/WaveFake/jsut_multi_band_melgan/BASIC5000_3973_gen.wav,1
/data/DATASETS/WaveFake/jsut_multi_band_melgan/BASIC5000_2155_gen.wav,1
/data/DATASETS/WaveFake/jsut_multi_band_melgan/BASIC5000_3912_gen.wav,1
/data/DATASETS/WaveFake/jsut_parallel_wavegan/BASIC5000_0100_gen.wav,2
/data/DATASETS/WaveFake/jsut_parallel_wavegan/BASIC5000_4576_gen.wav,2
/data/DATASETS/WaveFake/jsut_parallel_wavegan/BASIC5000_0466_gen.wav,2
/data/DATASETS/WaveFake/jsut_multi_band_melgan/BASIC5000_4089_gen.wav,1
/data/DATASETS/WaveFake/jsut_multi_band_melgan/BASIC5000_2196_gen.wav,1
/data/DATASETS/WaveFake/jsut_multi_band_melgan/BASIC5000_3046_gen.wav,1
/data/DATASETS/WaveFake/jsut_multi_band_melgan/BASIC5000_3226_gen.wav,1
/data/DATASETS/WaveFake/jsut_parallel_wavegan/BASIC5000_3404_gen.wav,2
/data/DATASETS/WaveFake/jsut_multi_band_melgan/BASIC5000_2126_gen.wav,1
/data/DATASETS/WaveFake/jsut_parallel_wavegan/BASIC5000_1033_gen.wav,2
/data/DATASETS/WaveFake/jsut_multi_band_melgan/BASIC5000_4555_gen.wav,1
/data/DATASETS/WaveFake/jsut_multi_band_melgan/BASIC5000_0735_gen.wav,1
/data/DATASETS/WaveFake/jsut_parallel_wavegan/BASIC5000_1522_gen.wav,2
/data/DATASETS/WaveFake/jsut_multi_band_melgan/BASIC5000_3512_gen.wav,1
/data/DATASETS/WaveFake/jsut_parallel_wavegan/BASIC5000_4943_gen.wav,2
/data/DATASETS/WaveFake/jsut_multi_band_melgan/BASIC5000_4742_gen.wav,1
/data/DATASETS/WaveFake/jsut_multi_band_melgan/BASIC5000_1847_gen.wav,1
/data/DATASETS/WaveFake/jsut_parallel_wavegan/BASIC5000_2363_gen.wav,2
/data/DATASETS/WaveFake/jsut_parallel_wavegan/BASIC5000_0435_gen.wav,2
/data/DATASETS/WaveFake/jsut_parallel_wavegan/BASIC5000_0394_gen.wav,2
/data/DATASETS/WaveFake/jsut_multi_band_melgan/BASIC5000_0024_gen.wav,1
/data/DATASETS/WaveFake/jsut_parallel_wavegan/BASIC5000_1539_gen.wav,2
/data/DATASETS/WaveFake/jsut_multi_band_melgan/BASIC5000_3076_gen.wav,1
/data/DATASETS/WaveFake/jsut_multi_band_melgan/BASIC5000_3392_gen.wav,1
/data/DATASETS/WaveFake/jsut_multi_band_melgan/BASIC5000_3704_gen.wav,1
/data/DATASETS/WaveFake/jsut_parallel_wavegan/BASIC5000_4470_gen.wav,2
/data/DATASETS/WaveFake/jsut_parallel_wavegan/BASIC5000_2552_gen.wav,2
/data/DATASETS/WaveFake/jsut_parallel_wavegan/BASIC5000_0034_gen.wav,2
/data/DATASETS/WaveFake/jsut_parallel_wavegan/BASIC5000_2093_gen.wav,2
/data/DATASETS/WaveFake/jsut_parallel_wavegan/BASIC5000_4592_gen.wav,2
/data/DATASETS/WaveFake/jsut_multi_band_melgan/BASIC5000_0248_gen.wav,1
/data/DATASETS/WaveFake/jsut_multi_band_melgan/BASIC5000_0646_gen.wav,1
/data/DATASETS/WaveFake/jsut_multi_band_melgan/BASIC5000_1779_gen.wav,1
/data/DATASETS/WaveFake/jsut_parallel_wavegan/BASIC5000_1588_gen.wav,2
/data/DATASETS/WaveFake/jsut_parallel_wavegan/BASIC5000_1890_gen.wav,2
/data/DATASETS/WaveFake/jsut_parallel_wavegan/BASIC5000_4843_gen.wav,2
/data/DATASETS/WaveFake/jsut_parallel_wavegan/BASIC5000_4509_gen.wav,2
/data/DATASETS/WaveFake/jsut_multi_band_melgan/BASIC5000_2671_gen.wav,1
/data/DATASETS/WaveFake/jsut_parallel_wavegan/BASIC5000_0102_gen.wav,2
/data/DATASETS/WaveFake/jsut_parallel_wavegan/BASIC5000_3593_gen.wav,2
/data/DATASETS/WaveFake/jsut_parallel_wavegan/BASIC5000_4990_gen.wav,2
/data/DATASETS/WaveFake/jsut_parallel_wavegan/BASIC5000_3141_gen.wav,2
/data/DATASETS/WaveFake/jsut_parallel_wavegan/BASIC5000_3817_gen.wav,2
/data/DATASETS/WaveFake/jsut_parallel_wavegan/BASIC5000_0903_gen.wav,2
/data/DATASETS/WaveFake/jsut_multi_band_melgan/BASIC5000_2412_gen.wav,1
/data/DATASETS/WaveFake/jsut_multi_band_melgan/BASIC5000_1863_gen.wav,1
/data/DATASETS/WaveFake/jsut_parallel_wavegan/BASIC5000_4237_gen.wav,2
/data/DATASETS/WaveFake/jsut_parallel_wavegan/BASIC5000_3403_gen.wav,2
/data/DATASETS/WaveFake/jsut_multi_band_melgan/BASIC5000_1493_gen.wav,1
/data/DATASETS/WaveFake/jsut_multi_band_melgan/BASIC5000_0053_gen.wav,1
/data/DATASETS/WaveFake/jsut_parallel_wavegan/BASIC5000_1139_gen.wav,2
/data/DATASETS/WaveFake/jsut_parallel_wavegan/BASIC5000_0334_gen.wav,2
/data/DATASETS/WaveFake/jsut_multi_band_melgan/BASIC5000_3783_gen.wav,1
/data/DATASETS/WaveFake/jsut_multi_band_melgan/BASIC5000_0427_gen.wav,1
/data/DATASETS/WaveFake/jsut_multi_band_melgan/BASIC5000_0210_gen.wav,1
/data/DATASETS/WaveFake/jsut_parallel_wavegan/BASIC5000_2583_gen.wav,2
/data/DATASETS/WaveFake/jsut_parallel_wavegan/BASIC5000_3000_gen.wav,2
/data/DATASETS/WaveFake/jsut_parallel_wavegan/BASIC5000_2112_gen.wav,2
/data/DATASETS/WaveFake/jsut_parallel_wavegan/BASIC5000_3852_gen.wav,2
/data/DATASETS/WaveFake/jsut_multi_band_melgan/BASIC5000_0023_gen.wav,1
/data/DATASETS/WaveFake/jsut_multi_band_melgan/BASIC5000_3152_gen.wav,1
/data/DATASETS/WaveFake/jsut_parallel_wavegan/BASIC5000_3207_gen.wav,2
/data/DATASETS/WaveFake/jsut_multi_band_melgan/BASIC5000_3080_gen.wav,1
/data/DATASETS/WaveFake/jsut_parallel_wavegan/BASIC5000_2015_gen.wav,2
/data/DATASETS/WaveFake/jsut_parallel_wavegan/BASIC5000_1624_gen.wav,2
/data/DATASETS/WaveFake/jsut_multi_band_melgan/BASIC5000_3937_gen.wav,1
/data/DATASETS/WaveFake/jsut_parallel_wavegan/BASIC5000_4517_gen.wav,2
/data/DATASETS/WaveFake/jsut_multi_band_melgan/BASIC5000_2503_gen.wav,1
/data/DATASETS/WaveFake/jsut_parallel_wavegan/BASIC5000_0455_gen.wav,2
/data/DATASETS/WaveFake/jsut_parallel_wavegan/BASIC5000_1647_gen.wav,2
/data/DATASETS/WaveFake/jsut_multi_band_melgan/BASIC5000_0938_gen.wav,1
/data/DATASETS/WaveFake/jsut_multi_band_melgan/BASIC5000_2716_gen.wav,1
/data/DATASETS/WaveFake/jsut_multi_band_melgan/BASIC5000_3789_gen.wav,1
/data/DATASETS/WaveFake/jsut_parallel_wavegan/BASIC5000_2103_gen.wav,2
/data/DATASETS/WaveFake/jsut_parallel_wavegan/BASIC5000_1597_gen.wav,2
/data/DATASETS/WaveFake/jsut_multi_band_melgan/BASIC5000_4732_gen.wav,1
/data/DATASETS/WaveFake/jsut_multi_band_melgan/BASIC5000_4877_gen.wav,1
/data/DATASETS/WaveFake/jsut_multi_band_melgan/BASIC5000_1246_gen.wav,1
/data/DATASETS/WaveFake/jsut_parallel_wavegan/BASIC5000_2251_gen.wav,2
/data/DATASETS/WaveFake/jsut_parallel_wavegan/BASIC5000_3739_gen.wav,2
/data/DATASETS/WaveFake/jsut_parallel_wavegan/BASIC5000_4088_gen.wav,2
/data/DATASETS/WaveFake/jsut_multi_band_melgan/BASIC5000_4012_gen.wav,1
/data/DATASETS/WaveFake/jsut_parallel_wavegan/BASIC5000_1997_gen.wav,2
/data/DATASETS/WaveFake/jsut_parallel_wavegan/BASIC5000_1198_gen.wav,2
/data/DATASETS/WaveFake/jsut_multi_band_melgan/BASIC5000_4864_gen.wav,1
/data/DATASETS/WaveFake/jsut_multi_band_melgan/BASIC5000_1893_gen.wav,1
/data/DATASETS/WaveFake/jsut_parallel_wavegan/BASIC5000_2464_gen.wav,2
/data/DATASETS/WaveFake/jsut_parallel_wavegan/BASIC5000_3317_gen.wav,2
/data/DATASETS/WaveFake/jsut_multi_band_melgan/BASIC5000_3660_gen.wav,1
/data/DATASETS/WaveFake/jsut_multi_band_melgan/BASIC5000_1046_gen.wav,1
/data/DATASETS/WaveFake/jsut_parallel_wavegan/BASIC5000_4707_gen.wav,2
/data/DATASETS/WaveFake/jsut_multi_band_melgan/BASIC5000_3968_gen.wav,1
/data/DATASETS/WaveFake/jsut_parallel_wavegan/BASIC5000_1221_gen.wav,2
/data/DATASETS/WaveFake/jsut_multi_band_melgan/BASIC5000_4226_gen.wav,1
/data/DATASETS/WaveFake/jsut_parallel_wavegan/BASIC5000_2652_gen.wav,2
/data/DATASETS/WaveFake/jsut_parallel_wavegan/BASIC5000_2158_gen.wav,2
/data/DATASETS/WaveFake/jsut_parallel_wavegan/BASIC5000_4593_gen.wav,2
/data/DATASETS/WaveFake/jsut_parallel_wavegan/BASIC5000_4578_gen.wav,2
/data/DATASETS/WaveFake/jsut_parallel_wavegan/BASIC5000_2849_gen.wav,2
/data/DATASETS/WaveFake/jsut_parallel_wavegan/BASIC5000_1878_gen.wav,2
/data/DATASETS/WaveFake/jsut_multi_band_melgan/BASIC5000_1146_gen.wav,1
/data/DATASETS/WaveFake/jsut_parallel_wavegan/BASIC5000_3864_gen.wav,2
/data/DATASETS/WaveFake/jsut_parallel_wavegan/BASIC5000_1633_gen.wav,2
/data/DATASETS/WaveFake/jsut_parallel_wavegan/BASIC5000_4372_gen.wav,2
/data/DATASETS/WaveFake/jsut_parallel_wavegan/BASIC5000_1485_gen.wav,2
/data/DATASETS/WaveFake/jsut_parallel_wavegan/BASIC5000_0387_gen.wav,2
/data/DATASETS/WaveFake/jsut_parallel_wavegan/BASIC5000_1966_gen.wav,2
/data/DATASETS/WaveFake/jsut_multi_band_melgan/BASIC5000_2772_gen.wav,1
/data/DATASETS/WaveFake/jsut_parallel_wavegan/BASIC5000_3894_gen.wav,2
/data/DATASETS/WaveFake/jsut_multi_band_melgan/BASIC5000_4739_gen.wav,1
/data/DATASETS/WaveFake/jsut_multi_band_melgan/BASIC5000_0766_gen.wav,1
/data/DATASETS/WaveFake/jsut_multi_band_melgan/BASIC5000_1726_gen.wav,1
/data/DATASETS/WaveFake/jsut_multi_band_melgan/BASIC5000_4535_gen.wav,1
/data/DATASETS/WaveFake/jsut_parallel_wavegan/BASIC5000_1484_gen.wav,2
/data/DATASETS/WaveFake/jsut_parallel_wavegan/BASIC5000_4938_gen.wav,2
/data/DATASETS/WaveFake/jsut_multi_band_melgan/BASIC5000_0390_gen.wav,1
/data/DATASETS/WaveFake/jsut_multi_band_melgan/BASIC5000_1955_gen.wav,1
/data/DATASETS/WaveFake/jsut_multi_band_melgan/BASIC5000_4026_gen.wav,1
/data/DATASETS/WaveFake/jsut_parallel_wavegan/BASIC5000_2746_gen.wav,2
/data/DATASETS/WaveFake/jsut_parallel_wavegan/BASIC5000_3872_gen.wav,2
/data/DATASETS/WaveFake/jsut_multi_band_melgan/BASIC5000_0221_gen.wav,1
/data/DATASETS/WaveFake/jsut_multi_band_melgan/BASIC5000_2803_gen.wav,1
/data/DATASETS/WaveFake/jsut_parallel_wavegan/BASIC5000_3107_gen.wav,2
/data/DATASETS/WaveFake/jsut_parallel_wavegan/BASIC5000_2891_gen.wav,2
/data/DATASETS/WaveFake/jsut_parallel_wavegan/BASIC5000_0263_gen.wav,2
/data/DATASETS/WaveFake/jsut_parallel_wavegan/BASIC5000_3772_gen.wav,2
/data/DATASETS/WaveFake/jsut_parallel_wavegan/BASIC5000_4817_gen.wav,2
/data/DATASETS/WaveFake/jsut_parallel_wavegan/BASIC5000_4695_gen.wav,2
/data/DATASETS/WaveFake/jsut_parallel_wavegan/BASIC5000_4778_gen.wav,2
/data/DATASETS/WaveFake/jsut_parallel_wavegan/BASIC5000_0852_gen.wav,2
/data/DATASETS/WaveFake/jsut_parallel_wavegan/BASIC5000_1394_gen.wav,2
/data/DATASETS/WaveFake/jsut_parallel_wavegan/BASIC5000_3620_gen.wav,2
/data/DATASETS/WaveFake/jsut_multi_band_melgan/BASIC5000_2544_gen.wav,1
/data/DATASETS/WaveFake/jsut_parallel_wavegan/BASIC5000_3394_gen.wav,2
/data/DATASETS/WaveFake/jsut_parallel_wavegan/BASIC5000_1685_gen.wav,2
/data/DATASETS/WaveFake/jsut_multi_band_melgan/BASIC5000_2693_gen.wav,1
/data/DATASETS/WaveFake/jsut_parallel_wavegan/BASIC5000_1754_gen.wav,2
/data/DATASETS/WaveFake/jsut_multi_band_melgan/BASIC5000_0732_gen.wav,1
/data/DATASETS/WaveFake/jsut_parallel_wavegan/BASIC5000_4346_gen.wav,2
/data/DATASETS/WaveFake/jsut_multi_band_melgan/BASIC5000_3359_gen.wav,1
/data/DATASETS/WaveFake/jsut_multi_band_melgan/BASIC5000_2612_gen.wav,1
/data/DATASETS/WaveFake/jsut_multi_band_melgan/BASIC5000_4588_gen.wav,1
/data/DATASETS/WaveFake/jsut_parallel_wavegan/BASIC5000_0229_gen.wav,2
/data/DATASETS/WaveFake/jsut_multi_band_melgan/BASIC5000_3354_gen.wav,1
/data/DATASETS/WaveFake/jsut_multi_band_melgan/BASIC5000_2710_gen.wav,1
/data/DATASETS/WaveFake/jsut_parallel_wavegan/BASIC5000_2064_gen.wav,2
/data/DATASETS/WaveFake/jsut_parallel_wavegan/BASIC5000_2205_gen.wav,2
/data/DATASETS/WaveFake/jsut_multi_band_melgan/BASIC5000_3522_gen.wav,1
/data/DATASETS/WaveFake/jsut_multi_band_melgan/BASIC5000_1610_gen.wav,1
/data/DATASETS/WaveFake/jsut_multi_band_melgan/BASIC5000_3043_gen.wav,1
/data/DATASETS/WaveFake/jsut_multi_band_melgan/BASIC5000_3842_gen.wav,1
/data/DATASETS/WaveFake/jsut_multi_band_melgan/BASIC5000_0150_gen.wav,1
/data/DATASETS/WaveFake/jsut_multi_band_melgan/BASIC5000_4466_gen.wav,1
/data/DATASETS/WaveFake/jsut_parallel_wavegan/BASIC5000_3713_gen.wav,2
/data/DATASETS/WaveFake/jsut_multi_band_melgan/BASIC5000_2072_gen.wav,1
/data/DATASETS/WaveFake/jsut_parallel_wavegan/BASIC5000_4153_gen.wav,2
/data/DATASETS/WaveFake/jsut_multi_band_melgan/BASIC5000_1551_gen.wav,1
/data/DATASETS/WaveFake/jsut_multi_band_melgan/BASIC5000_4799_gen.wav,1
/data/DATASETS/WaveFake/jsut_multi_band_melgan/BASIC5000_3706_gen.wav,1
/data/DATASETS/WaveFake/jsut_multi_band_melgan/BASIC5000_4599_gen.wav,1
/data/DATASETS/WaveFake/jsut_parallel_wavegan/BASIC5000_4784_gen.wav,2
/data/DATASETS/WaveFake/jsut_multi_band_melgan/BASIC5000_2976_gen.wav,1
/data/DATASETS/WaveFake/jsut_multi_band_melgan/BASIC5000_4131_gen.wav,1
/data/DATASETS/WaveFake/jsut_parallel_wavegan/BASIC5000_4240_gen.wav,2
/data/DATASETS/WaveFake/jsut_parallel_wavegan/BASIC5000_2653_gen.wav,2
/data/DATASETS/WaveFake/jsut_multi_band_melgan/BASIC5000_2872_gen.wav,1
/data/DATASETS/WaveFake/jsut_parallel_wavegan/BASIC5000_3937_gen.wav,2
/data/DATASETS/WaveFake/jsut_parallel_wavegan/BASIC5000_2962_gen.wav,2
/data/DATASETS/WaveFake/jsut_multi_band_melgan/BASIC5000_1111_gen.wav,1
/data/DATASETS/WaveFake/jsut_multi_band_melgan/BASIC5000_2265_gen.wav,1
/data/DATASETS/WaveFake/jsut_parallel_wavegan/BASIC5000_0579_gen.wav,2
/data/DATASETS/WaveFake/jsut_multi_band_melgan/BASIC5000_2106_gen.wav,1
/data/DATASETS/WaveFake/jsut_parallel_wavegan/BASIC5000_1374_gen.wav,2
/data/DATASETS/WaveFake/jsut_multi_band_melgan/BASIC5000_4702_gen.wav,1
/data/DATASETS/WaveFake/jsut_multi_band_melgan/BASIC5000_1892_gen.wav,1
/data/DATASETS/WaveFake/jsut_parallel_wavegan/BASIC5000_4913_gen.wav,2
/data/DATASETS/WaveFake/jsut_multi_band_melgan/BASIC5000_1255_gen.wav,1
/data/DATASETS/WaveFake/jsut_parallel_wavegan/BASIC5000_2935_gen.wav,2
/data/DATASETS/WaveFake/jsut_multi_band_melgan/BASIC5000_2055_gen.wav,1
/data/DATASETS/WaveFake/jsut_multi_band_melgan/BASIC5000_4745_gen.wav,1
/data/DATASETS/WaveFake/jsut_multi_band_melgan/BASIC5000_1344_gen.wav,1
/data/DATASETS/WaveFake/jsut_parallel_wavegan/BASIC5000_1558_gen.wav,2
/data/DATASETS/WaveFake/jsut_parallel_wavegan/BASIC5000_1993_gen.wav,2
/data/DATASETS/WaveFake/jsut_multi_band_melgan/BASIC5000_0114_gen.wav,1
/data/DATASETS/WaveFake/jsut_parallel_wavegan/BASIC5000_3711_gen.wav,2
/data/DATASETS/WaveFake/jsut_multi_band_melgan/BASIC5000_1289_gen.wav,1
/data/DATASETS/WaveFake/jsut_multi_band_melgan/BASIC5000_2391_gen.wav,1
/data/DATASETS/WaveFake/jsut_multi_band_melgan/BASIC5000_1978_gen.wav,1
/data/DATASETS/WaveFake/jsut_multi_band_melgan/BASIC5000_2389_gen.wav,1
/data/DATASETS/WaveFake/jsut_parallel_wavegan/BASIC5000_3076_gen.wav,2
/data/DATASETS/WaveFake/jsut_multi_band_melgan/BASIC5000_2129_gen.wav,1
/data/DATASETS/WaveFake/jsut_multi_band_melgan/BASIC5000_0450_gen.wav,1
/data/DATASETS/WaveFake/jsut_multi_band_melgan/BASIC5000_3629_gen.wav,1
/data/DATASETS/WaveFake/jsut_parallel_wavegan/BASIC5000_1277_gen.wav,2
/data/DATASETS/WaveFake/jsut_parallel_wavegan/BASIC5000_4906_gen.wav,2
/data/DATASETS/WaveFake/jsut_parallel_wavegan/BASIC5000_2991_gen.wav,2
/data/DATASETS/WaveFake/jsut_parallel_wavegan/BASIC5000_2614_gen.wav,2
/data/DATASETS/WaveFake/jsut_multi_band_melgan/BASIC5000_2552_gen.wav,1
/data/DATASETS/WaveFake/jsut_parallel_wavegan/BASIC5000_2489_gen.wav,2
/data/DATASETS/WaveFake/jsut_multi_band_melgan/BASIC5000_2332_gen.wav,1
/data/DATASETS/WaveFake/jsut_multi_band_melgan/BASIC5000_1824_gen.wav,1
/data/DATASETS/WaveFake/jsut_parallel_wavegan/BASIC5000_3288_gen.wav,2
/data/DATASETS/WaveFake/jsut_multi_band_melgan/BASIC5000_3603_gen.wav,1
/data/DATASETS/WaveFake/jsut_parallel_wavegan/BASIC5000_4667_gen.wav,2
/data/DATASETS/WaveFake/jsut_parallel_wavegan/BASIC5000_2869_gen.wav,2
/data/DATASETS/WaveFake/jsut_multi_band_melgan/BASIC5000_0553_gen.wav,1
/data/DATASETS/WaveFake/jsut_parallel_wavegan/BASIC5000_2213_gen.wav,2
/data/DATASETS/WaveFake/jsut_parallel_wavegan/BASIC5000_2696_gen.wav,2
/data/DATASETS/WaveFake/jsut_multi_band_melgan/BASIC5000_0756_gen.wav,1
/data/DATASETS/WaveFake/jsut_parallel_wavegan/BASIC5000_0633_gen.wav,2
/data/DATASETS/WaveFake/jsut_multi_band_melgan/BASIC5000_3637_gen.wav,1
/data/DATASETS/WaveFake/jsut_multi_band_melgan/BASIC5000_1796_gen.wav,1
/data/DATASETS/WaveFake/jsut_multi_band_melgan/BASIC5000_2842_gen.wav,1
/data/DATASETS/WaveFake/jsut_multi_band_melgan/BASIC5000_2031_gen.wav,1
/data/DATASETS/WaveFake/jsut_multi_band_melgan/BASIC5000_2737_gen.wav,1
/data/DATASETS/WaveFake/jsut_parallel_wavegan/BASIC5000_1615_gen.wav,2
/data/DATASETS/WaveFake/jsut_multi_band_melgan/BASIC5000_2783_gen.wav,1
/data/DATASETS/WaveFake/jsut_parallel_wavegan/BASIC5000_2436_gen.wav,2
/data/DATASETS/WaveFake/jsut_multi_band_melgan/BASIC5000_1489_gen.wav,1
/data/DATASETS/WaveFake/jsut_multi_band_melgan/BASIC5000_2004_gen.wav,1
/data/DATASETS/WaveFake/jsut_parallel_wavegan/BASIC5000_3498_gen.wav,2
/data/DATASETS/WaveFake/jsut_parallel_wavegan/BASIC5000_3192_gen.wav,2
/data/DATASETS/WaveFake/jsut_parallel_wavegan/BASIC5000_1369_gen.wav,2
/data/DATASETS/WaveFake/jsut_multi_band_melgan/BASIC5000_2740_gen.wav,1
/data/DATASETS/WaveFake/jsut_multi_band_melgan/BASIC5000_0015_gen.wav,1
/data/DATASETS/WaveFake/jsut_multi_band_melgan/BASIC5000_3721_gen.wav,1
/data/DATASETS/WaveFake/jsut_parallel_wavegan/BASIC5000_3382_gen.wav,2
/data/DATASETS/WaveFake/jsut_multi_band_melgan/BASIC5000_1284_gen.wav,1
/data/DATASETS/WaveFake/jsut_multi_band_melgan/BASIC5000_0279_gen.wav,1
/data/DATASETS/WaveFake/jsut_multi_band_melgan/BASIC5000_4123_gen.wav,1
/data/DATASETS/WaveFake/jsut_multi_band_melgan/BASIC5000_2135_gen.wav,1
/data/DATASETS/WaveFake/jsut_parallel_wavegan/BASIC5000_1667_gen.wav,2
/data/DATASETS/WaveFake/jsut_parallel_wavegan/BASIC5000_0902_gen.wav,2
/data/DATASETS/WaveFake/jsut_parallel_wavegan/BASIC5000_1528_gen.wav,2
/data/DATASETS/WaveFake/jsut_parallel_wavegan/BASIC5000_2996_gen.wav,2
/data/DATASETS/WaveFake/jsut_parallel_wavegan/BASIC5000_3788_gen.wav,2
/data/DATASETS/WaveFake/jsut_multi_band_melgan/BASIC5000_2550_gen.wav,1
/data/DATASETS/WaveFake/jsut_parallel_wavegan/BASIC5000_3298_gen.wav,2
/data/DATASETS/WaveFake/jsut_parallel_wavegan/BASIC5000_4030_gen.wav,2
/data/DATASETS/WaveFake/jsut_multi_band_melgan/BASIC5000_3976_gen.wav,1
/data/DATASETS/WaveFake/jsut_multi_band_melgan/BASIC5000_0743_gen.wav,1
/data/DATASETS/WaveFake/jsut_multi_band_melgan/BASIC5000_4746_gen.wav,1
/data/DATASETS/WaveFake/jsut_multi_band_melgan/BASIC5000_2749_gen.wav,1
/data/DATASETS/WaveFake/jsut_multi_band_melgan/BASIC5000_2748_gen.wav,1
/data/DATASETS/WaveFake/jsut_parallel_wavegan/BASIC5000_3970_gen.wav,2
/data/DATASETS/WaveFake/jsut_multi_band_melgan/BASIC5000_3718_gen.wav,1
/data/DATASETS/WaveFake/jsut_multi_band_melgan/BASIC5000_3871_gen.wav,1
/data/DATASETS/WaveFake/jsut_multi_band_melgan/BASIC5000_4051_gen.wav,1
/data/DATASETS/WaveFake/jsut_multi_band_melgan/BASIC5000_1662_gen.wav,1
/data/DATASETS/WaveFake/jsut_parallel_wavegan/BASIC5000_3551_gen.wav,2
/data/DATASETS/WaveFake/jsut_parallel_wavegan/BASIC5000_3091_gen.wav,2
/data/DATASETS/WaveFake/jsut_multi_band_melgan/BASIC5000_4298_gen.wav,1
/data/DATASETS/WaveFake/jsut_multi_band_melgan/BASIC5000_2269_gen.wav,1
/data/DATASETS/WaveFake/jsut_multi_band_melgan/BASIC5000_0510_gen.wav,1
/data/DATASETS/WaveFake/jsut_parallel_wavegan/BASIC5000_4604_gen.wav,2
/data/DATASETS/WaveFake/jsut_multi_band_melgan/BASIC5000_4169_gen.wav,1
/data/DATASETS/WaveFake/jsut_multi_band_melgan/BASIC5000_1905_gen.wav,1
/data/DATASETS/WaveFake/jsut_multi_band_melgan/BASIC5000_3452_gen.wav,1
/data/DATASETS/WaveFake/jsut_multi_band_melgan/BASIC5000_2541_gen.wav,1
/data/DATASETS/WaveFake/jsut_parallel_wavegan/BASIC5000_4119_gen.wav,2
/data/DATASETS/WaveFake/jsut_multi_band_melgan/BASIC5000_1119_gen.wav,1
/data/DATASETS/WaveFake/jsut_parallel_wavegan/BASIC5000_0475_gen.wav,2
/data/DATASETS/WaveFake/jsut_parallel_wavegan/BASIC5000_0663_gen.wav,2
/data/DATASETS/WaveFake/jsut_parallel_wavegan/BASIC5000_0778_gen.wav,2
/data/DATASETS/WaveFake/jsut_parallel_wavegan/BASIC5000_3027_gen.wav,2
/data/DATASETS/WaveFake/jsut_multi_band_melgan/BASIC5000_2741_gen.wav,1
/data/DATASETS/WaveFake/jsut_parallel_wavegan/BASIC5000_4222_gen.wav,2
/data/DATASETS/WaveFake/jsut_parallel_wavegan/BASIC5000_0515_gen.wav,2
/data/DATASETS/WaveFake/jsut_parallel_wavegan/BASIC5000_1167_gen.wav,2
/data/DATASETS/WaveFake/jsut_multi_band_melgan/BASIC5000_1635_gen.wav,1
/data/DATASETS/WaveFake/jsut_parallel_wavegan/BASIC5000_0628_gen.wav,2
/data/DATASETS/WaveFake/jsut_parallel_wavegan/BASIC5000_0623_gen.wav,2
/data/DATASETS/WaveFake/jsut_parallel_wavegan/BASIC5000_0626_gen.wav,2
/data/DATASETS/WaveFake/jsut_parallel_wavegan/BASIC5000_2802_gen.wav,2
/data/DATASETS/WaveFake/jsut_multi_band_melgan/BASIC5000_2212_gen.wav,1
/data/DATASETS/WaveFake/jsut_multi_band_melgan/BASIC5000_4795_gen.wav,1
/data/DATASETS/WaveFake/jsut_parallel_wavegan/BASIC5000_2378_gen.wav,2
/data/DATASETS/WaveFake/jsut_parallel_wavegan/BASIC5000_0883_gen.wav,2
/data/DATASETS/WaveFake/jsut_multi_band_melgan/BASIC5000_2624_gen.wav,1
/data/DATASETS/WaveFake/jsut_parallel_wavegan/BASIC5000_0961_gen.wav,2
/data/DATASETS/WaveFake/jsut_parallel_wavegan/BASIC5000_3254_gen.wav,2
/data/DATASETS/WaveFake/jsut_parallel_wavegan/BASIC5000_2771_gen.wav,2
/data/DATASETS/WaveFake/jsut_parallel_wavegan/BASIC5000_3848_gen.wav,2
/data/DATASETS/WaveFake/jsut_parallel_wavegan/BASIC5000_2379_gen.wav,2
/data/DATASETS/WaveFake/jsut_multi_band_melgan/BASIC5000_2790_gen.wav,1
/data/DATASETS/WaveFake/jsut_parallel_wavegan/BASIC5000_2431_gen.wav,2
/data/DATASETS/WaveFake/jsut_parallel_wavegan/BASIC5000_1731_gen.wav,2
/data/DATASETS/WaveFake/jsut_multi_band_melgan/BASIC5000_3218_gen.wav,1
/data/DATASETS/WaveFake/jsut_parallel_wavegan/BASIC5000_4469_gen.wav,2
/data/DATASETS/WaveFake/jsut_parallel_wavegan/BASIC5000_1273_gen.wav,2
/data/DATASETS/WaveFake/jsut_parallel_wavegan/BASIC5000_2995_gen.wav,2
/data/DATASETS/WaveFake/jsut_multi_band_melgan/BASIC5000_1331_gen.wav,1
/data/DATASETS/WaveFake/jsut_multi_band_melgan/BASIC5000_0008_gen.wav,1
/data/DATASETS/WaveFake/jsut_parallel_wavegan/BASIC5000_2225_gen.wav,2
/data/DATASETS/WaveFake/jsut_multi_band_melgan/BASIC5000_4232_gen.wav,1
/data/DATASETS/WaveFake/jsut_multi_band_melgan/BASIC5000_1642_gen.wav,1
/data/DATASETS/WaveFake/jsut_parallel_wavegan/BASIC5000_2664_gen.wav,2
/data/DATASETS/WaveFake/jsut_multi_band_melgan/BASIC5000_0858_gen.wav,1
/data/DATASETS/WaveFake/jsut_multi_band_melgan/BASIC5000_0745_gen.wav,1
/data/DATASETS/WaveFake/jsut_parallel_wavegan/BASIC5000_2701_gen.wav,2
/data/DATASETS/WaveFake/jsut_multi_band_melgan/BASIC5000_3502_gen.wav,1
/data/DATASETS/WaveFake/jsut_multi_band_melgan/BASIC5000_2813_gen.wav,1
/data/DATASETS/WaveFake/jsut_parallel_wavegan/BASIC5000_1686_gen.wav,2
/data/DATASETS/WaveFake/jsut_parallel_wavegan/BASIC5000_0928_gen.wav,2
/data/DATASETS/WaveFake/jsut_parallel_wavegan/BASIC5000_3315_gen.wav,2
/data/DATASETS/WaveFake/jsut_parallel_wavegan/BASIC5000_4292_gen.wav,2
/data/DATASETS/WaveFake/jsut_multi_band_melgan/BASIC5000_3694_gen.wav,1
/data/DATASETS/WaveFake/jsut_multi_band_melgan/BASIC5000_4490_gen.wav,1
/data/DATASETS/WaveFake/jsut_parallel_wavegan/BASIC5000_2417_gen.wav,2
/data/DATASETS/WaveFake/jsut_multi_band_melgan/BASIC5000_2103_gen.wav,1
/data/DATASETS/WaveFake/jsut_parallel_wavegan/BASIC5000_0979_gen.wav,2
/data/DATASETS/WaveFake/jsut_multi_band_melgan/BASIC5000_2246_gen.wav,1
/data/DATASETS/WaveFake/jsut_parallel_wavegan/BASIC5000_0001_gen.wav,2
/data/DATASETS/WaveFake/jsut_parallel_wavegan/BASIC5000_4963_gen.wav,2
/data/DATASETS/WaveFake/jsut_parallel_wavegan/BASIC5000_2211_gen.wav,2
/data/DATASETS/WaveFake/jsut_parallel_wavegan/BASIC5000_2101_gen.wav,2
/data/DATASETS/WaveFake/jsut_multi_band_melgan/BASIC5000_3894_gen.wav,1
/data/DATASETS/WaveFake/jsut_multi_band_melgan/BASIC5000_2658_gen.wav,1
/data/DATASETS/WaveFake/jsut_parallel_wavegan/BASIC5000_0666_gen.wav,2
/data/DATASETS/WaveFake/jsut_parallel_wavegan/BASIC5000_0370_gen.wav,2
/data/DATASETS/WaveFake/jsut_multi_band_melgan/BASIC5000_1164_gen.wav,1
/data/DATASETS/WaveFake/jsut_multi_band_melgan/BASIC5000_0930_gen.wav,1
/data/DATASETS/WaveFake/jsut_multi_band_melgan/BASIC5000_4744_gen.wav,1
/data/DATASETS/WaveFake/jsut_parallel_wavegan/BASIC5000_2140_gen.wav,2
/data/DATASETS/WaveFake/jsut_parallel_wavegan/BASIC5000_0991_gen.wav,2
/data/DATASETS/WaveFake/jsut_multi_band_melgan/BASIC5000_0545_gen.wav,1
/data/DATASETS/WaveFake/jsut_parallel_wavegan/BASIC5000_2743_gen.wav,2
/data/DATASETS/WaveFake/jsut_parallel_wavegan/BASIC5000_4911_gen.wav,2
/data/DATASETS/WaveFake/jsut_multi_band_melgan/BASIC5000_3180_gen.wav,1
/data/DATASETS/WaveFake/jsut_multi_band_melgan/BASIC5000_3836_gen.wav,1
/data/DATASETS/WaveFake/jsut_parallel_wavegan/BASIC5000_2265_gen.wav,2
/data/DATASETS/WaveFake/jsut_multi_band_melgan/BASIC5000_4107_gen.wav,1
/data/DATASETS/WaveFake/jsut_multi_band_melgan/BASIC5000_3725_gen.wav,1
/data/DATASETS/WaveFake/jsut_parallel_wavegan/BASIC5000_0561_gen.wav,2
/data/DATASETS/WaveFake/jsut_parallel_wavegan/BASIC5000_0021_gen.wav,2
/data/DATASETS/WaveFake/jsut_multi_band_melgan/BASIC5000_2464_gen.wav,1
/data/DATASETS/WaveFake/jsut_multi_band_melgan/BASIC5000_2935_gen.wav,1
/data/DATASETS/WaveFake/jsut_parallel_wavegan/BASIC5000_4131_gen.wav,2
/data/DATASETS/WaveFake/jsut_parallel_wavegan/BASIC5000_1635_gen.wav,2
/data/DATASETS/WaveFake/jsut_parallel_wavegan/BASIC5000_3997_gen.wav,2
/data/DATASETS/WaveFake/jsut_parallel_wavegan/BASIC5000_4277_gen.wav,2
/data/DATASETS/WaveFake/jsut_parallel_wavegan/BASIC5000_0357_gen.wav,2
/data/DATASETS/WaveFake/jsut_multi_band_melgan/BASIC5000_4836_gen.wav,1
/data/DATASETS/WaveFake/jsut_parallel_wavegan/BASIC5000_4907_gen.wav,2
/data/DATASETS/WaveFake/jsut_multi_band_melgan/BASIC5000_4120_gen.wav,1
/data/DATASETS/WaveFake/jsut_multi_band_melgan/BASIC5000_3305_gen.wav,1
/data/DATASETS/WaveFake/jsut_parallel_wavegan/BASIC5000_4400_gen.wav,2
/data/DATASETS/WaveFake/jsut_parallel_wavegan/BASIC5000_0211_gen.wav,2
/data/DATASETS/WaveFake/jsut_multi_band_melgan/BASIC5000_2396_gen.wav,1
/data/DATASETS/WaveFake/jsut_multi_band_melgan/BASIC5000_4285_gen.wav,1
/data/DATASETS/WaveFake/jsut_parallel_wavegan/BASIC5000_1294_gen.wav,2
/data/DATASETS/WaveFake/jsut_parallel_wavegan/BASIC5000_2227_gen.wav,2
/data/DATASETS/WaveFake/jsut_parallel_wavegan/BASIC5000_3835_gen.wav,2
/data/DATASETS/WaveFake/jsut_parallel_wavegan/BASIC5000_0982_gen.wav,2
/data/DATASETS/WaveFake/jsut_multi_band_melgan/BASIC5000_0830_gen.wav,1
/data/DATASETS/WaveFake/jsut_multi_band_melgan/BASIC5000_4195_gen.wav,1
/data/DATASETS/WaveFake/jsut_multi_band_melgan/BASIC5000_4493_gen.wav,1
/data/DATASETS/WaveFake/jsut_parallel_wavegan/BASIC5000_3650_gen.wav,2
/data/DATASETS/WaveFake/jsut_parallel_wavegan/BASIC5000_4871_gen.wav,2
/data/DATASETS/WaveFake/jsut_multi_band_melgan/BASIC5000_4907_gen.wav,1
/data/DATASETS/WaveFake/jsut_parallel_wavegan/BASIC5000_3092_gen.wav,2
/data/DATASETS/WaveFake/jsut_multi_band_melgan/BASIC5000_3768_gen.wav,1
/data/DATASETS/WaveFake/jsut_multi_band_melgan/BASIC5000_0217_gen.wav,1
/data/DATASETS/WaveFake/jsut_parallel_wavegan/BASIC5000_2658_gen.wav,2
/data/DATASETS/WaveFake/jsut_parallel_wavegan/BASIC5000_3235_gen.wav,2
/data/DATASETS/WaveFake/jsut_parallel_wavegan/BASIC5000_2345_gen.wav,2
/data/DATASETS/WaveFake/jsut_parallel_wavegan/BASIC5000_0186_gen.wav,2
/data/DATASETS/WaveFake/jsut_parallel_wavegan/BASIC5000_4486_gen.wav,2
/data/DATASETS/WaveFake/jsut_multi_band_melgan/BASIC5000_1575_gen.wav,1
/data/DATASETS/WaveFake/jsut_parallel_wavegan/BASIC5000_4060_gen.wav,2
/data/DATASETS/WaveFake/jsut_multi_band_melgan/BASIC5000_1874_gen.wav,1
/data/DATASETS/WaveFake/jsut_parallel_wavegan/BASIC5000_4637_gen.wav,2
/data/DATASETS/WaveFake/jsut_parallel_wavegan/BASIC5000_1073_gen.wav,2
/data/DATASETS/WaveFake/jsut_multi_band_melgan/BASIC5000_3632_gen.wav,1
/data/DATASETS/WaveFake/jsut_multi_band_melgan/BASIC5000_1395_gen.wav,1
/data/DATASETS/WaveFake/jsut_multi_band_melgan/BASIC5000_4955_gen.wav,1
/data/DATASETS/WaveFake/jsut_multi_band_melgan/BASIC5000_2153_gen.wav,1
/data/DATASETS/WaveFake/jsut_multi_band_melgan/BASIC5000_4826_gen.wav,1
/data/DATASETS/WaveFake/jsut_multi_band_melgan/BASIC5000_4755_gen.wav,1
/data/DATASETS/WaveFake/jsut_multi_band_melgan/BASIC5000_1064_gen.wav,1
/data/DATASETS/WaveFake/jsut_parallel_wavegan/BASIC5000_1275_gen.wav,2
/data/DATASETS/WaveFake/jsut_multi_band_melgan/BASIC5000_4679_gen.wav,1
/data/DATASETS/WaveFake/jsut_multi_band_melgan/BASIC5000_3444_gen.wav,1
/data/DATASETS/WaveFake/jsut_multi_band_melgan/BASIC5000_2181_gen.wav,1
/data/DATASETS/WaveFake/jsut_multi_band_melgan/BASIC5000_2151_gen.wav,1
/data/DATASETS/WaveFake/jsut_parallel_wavegan/BASIC5000_2202_gen.wav,2
/data/DATASETS/WaveFake/jsut_parallel_wavegan/BASIC5000_4617_gen.wav,2
/data/DATASETS/WaveFake/jsut_parallel_wavegan/BASIC5000_4068_gen.wav,2
/data/DATASETS/WaveFake/jsut_parallel_wavegan/BASIC5000_1960_gen.wav,2
/data/DATASETS/WaveFake/jsut_multi_band_melgan/BASIC5000_2843_gen.wav,1
/data/DATASETS/WaveFake/jsut_parallel_wavegan/BASIC5000_1819_gen.wav,2
/data/DATASETS/WaveFake/jsut_parallel_wavegan/BASIC5000_0297_gen.wav,2
/data/DATASETS/WaveFake/jsut_multi_band_melgan/BASIC5000_3467_gen.wav,1
/data/DATASETS/WaveFake/jsut_multi_band_melgan/BASIC5000_3023_gen.wav,1
/data/DATASETS/WaveFake/jsut_parallel_wavegan/BASIC5000_0565_gen.wav,2
/data/DATASETS/WaveFake/jsut_parallel_wavegan/BASIC5000_3346_gen.wav,2
/data/DATASETS/WaveFake/jsut_parallel_wavegan/BASIC5000_4319_gen.wav,2
/data/DATASETS/WaveFake/jsut_parallel_wavegan/BASIC5000_1832_gen.wav,2
/data/DATASETS/WaveFake/jsut_parallel_wavegan/BASIC5000_2019_gen.wav,2
/data/DATASETS/WaveFake/jsut_multi_band_melgan/BASIC5000_2702_gen.wav,1
/data/DATASETS/WaveFake/jsut_parallel_wavegan/BASIC5000_2516_gen.wav,2
/data/DATASETS/WaveFake/jsut_multi_band_melgan/BASIC5000_1650_gen.wav,1
/data/DATASETS/WaveFake/jsut_multi_band_melgan/BASIC5000_2172_gen.wav,1
/data/DATASETS/WaveFake/jsut_multi_band_melgan/BASIC5000_3528_gen.wav,1
/data/DATASETS/WaveFake/jsut_parallel_wavegan/BASIC5000_3256_gen.wav,2
/data/DATASETS/WaveFake/jsut_parallel_wavegan/BASIC5000_1852_gen.wav,2
/data/DATASETS/WaveFake/jsut_parallel_wavegan/BASIC5000_0479_gen.wav,2
/data/DATASETS/WaveFake/jsut_parallel_wavegan/BASIC5000_0091_gen.wav,2
/data/DATASETS/WaveFake/jsut_parallel_wavegan/BASIC5000_0638_gen.wav,2
/data/DATASETS/WaveFake/jsut_multi_band_melgan/BASIC5000_2051_gen.wav,1
/data/DATASETS/WaveFake/jsut_parallel_wavegan/BASIC5000_0332_gen.wav,2
/data/DATASETS/WaveFake/jsut_multi_band_melgan/BASIC5000_2516_gen.wav,1
/data/DATASETS/WaveFake/jsut_parallel_wavegan/BASIC5000_4691_gen.wav,2
/data/DATASETS/WaveFake/jsut_multi_band_melgan/BASIC5000_4487_gen.wav,1
/data/DATASETS/WaveFake/jsut_parallel_wavegan/BASIC5000_2947_gen.wav,2
/data/DATASETS/WaveFake/jsut_multi_band_melgan/BASIC5000_3523_gen.wav,1
/data/DATASETS/WaveFake/jsut_multi_band_melgan/BASIC5000_0859_gen.wav,1
/data/DATASETS/WaveFake/jsut_multi_band_melgan/BASIC5000_3162_gen.wav,1
/data/DATASETS/WaveFake/jsut_parallel_wavegan/BASIC5000_3480_gen.wav,2
/data/DATASETS/WaveFake/jsut_parallel_wavegan/BASIC5000_4488_gen.wav,2
/data/DATASETS/WaveFake/jsut_multi_band_melgan/BASIC5000_2896_gen.wav,1
/data/DATASETS/WaveFake/jsut_parallel_wavegan/BASIC5000_1388_gen.wav,2
/data/DATASETS/WaveFake/jsut_multi_band_melgan/BASIC5000_4016_gen.wav,1
/data/DATASETS/WaveFake/jsut_parallel_wavegan/BASIC5000_2745_gen.wav,2
/data/DATASETS/WaveFake/jsut_parallel_wavegan/BASIC5000_2730_gen.wav,2
/data/DATASETS/WaveFake/jsut_multi_band_melgan/BASIC5000_1983_gen.wav,1
/data/DATASETS/WaveFake/jsut_parallel_wavegan/BASIC5000_4465_gen.wav,2
/data/DATASETS/WaveFake/jsut_parallel_wavegan/BASIC5000_0144_gen.wav,2
/data/DATASETS/WaveFake/jsut_parallel_wavegan/BASIC5000_0787_gen.wav,2
/data/DATASETS/WaveFake/jsut_parallel_wavegan/BASIC5000_3433_gen.wav,2
/data/DATASETS/WaveFake/jsut_parallel_wavegan/BASIC5000_2266_gen.wav,2
/data/DATASETS/WaveFake/jsut_multi_band_melgan/BASIC5000_4315_gen.wav,1
/data/DATASETS/WaveFake/jsut_parallel_wavegan/BASIC5000_3562_gen.wav,2
/data/DATASETS/WaveFake/jsut_parallel_wavegan/BASIC5000_1077_gen.wav,2
/data/DATASETS/WaveFake/jsut_multi_band_melgan/BASIC5000_2868_gen.wav,1
/data/DATASETS/WaveFake/jsut_multi_band_melgan/BASIC5000_1609_gen.wav,1
/data/DATASETS/WaveFake/jsut_parallel_wavegan/BASIC5000_4849_gen.wav,2
/data/DATASETS/WaveFake/jsut_parallel_wavegan/BASIC5000_3825_gen.wav,2
/data/DATASETS/WaveFake/jsut_multi_band_melgan/BASIC5000_2124_gen.wav,1
/data/DATASETS/WaveFake/jsut_multi_band_melgan/BASIC5000_2376_gen.wav,1
/data/DATASETS/WaveFake/jsut_multi_band_melgan/BASIC5000_2835_gen.wav,1
/data/DATASETS/WaveFake/jsut_parallel_wavegan/BASIC5000_0927_gen.wav,2
/data/DATASETS/WaveFake/jsut_multi_band_melgan/BASIC5000_1890_gen.wav,1
/data/DATASETS/WaveFake/jsut_multi_band_melgan/BASIC5000_0123_gen.wav,1
/data/DATASETS/WaveFake/jsut_parallel_wavegan/BASIC5000_4159_gen.wav,2
/data/DATASETS/WaveFake/jsut_parallel_wavegan/BASIC5000_1612_gen.wav,2
/data/DATASETS/WaveFake/jsut_multi_band_melgan/BASIC5000_2892_gen.wav,1
/data/DATASETS/WaveFake/jsut_parallel_wavegan/BASIC5000_3339_gen.wav,2
/data/DATASETS/WaveFake/jsut_parallel_wavegan/BASIC5000_4014_gen.wav,2
/data/DATASETS/WaveFake/jsut_multi_band_melgan/BASIC5000_1628_gen.wav,1
/data/DATASETS/WaveFake/jsut_parallel_wavegan/BASIC5000_4599_gen.wav,2
/data/DATASETS/WaveFake/jsut_parallel_wavegan/BASIC5000_0015_gen.wav,2
/data/DATASETS/WaveFake/jsut_multi_band_melgan/BASIC5000_1681_gen.wav,1
/data/DATASETS/WaveFake/jsut_parallel_wavegan/BASIC5000_0750_gen.wav,2
/data/DATASETS/WaveFake/jsut_parallel_wavegan/BASIC5000_3123_gen.wav,2
/data/DATASETS/WaveFake/jsut_multi_band_melgan/BASIC5000_3536_gen.wav,1
/data/DATASETS/WaveFake/jsut_parallel_wavegan/BASIC5000_3721_gen.wav,2
/data/DATASETS/WaveFake/jsut_multi_band_melgan/BASIC5000_2628_gen.wav,1
/data/DATASETS/WaveFake/jsut_multi_band_melgan/BASIC5000_2994_gen.wav,1
/data/DATASETS/WaveFake/jsut_parallel_wavegan/BASIC5000_0323_gen.wav,2
/data/DATASETS/WaveFake/jsut_parallel_wavegan/BASIC5000_1766_gen.wav,2
/data/DATASETS/WaveFake/jsut_multi_band_melgan/BASIC5000_3163_gen.wav,1
/data/DATASETS/WaveFake/jsut_multi_band_melgan/BASIC5000_2458_gen.wav,1
/data/DATASETS/WaveFake/jsut_multi_band_melgan/BASIC5000_2507_gen.wav,1
/data/DATASETS/WaveFake/jsut_parallel_wavegan/BASIC5000_2969_gen.wav,2
/data/DATASETS/WaveFake/jsut_parallel_wavegan/BASIC5000_2690_gen.wav,2
/data/DATASETS/WaveFake/jsut_parallel_wavegan/BASIC5000_3245_gen.wav,2
/data/DATASETS/WaveFake/jsut_parallel_wavegan/BASIC5000_4539_gen.wav,2
/data/DATASETS/WaveFake/jsut_parallel_wavegan/BASIC5000_1798_gen.wav,2
/data/DATASETS/WaveFake/jsut_multi_band_melgan/BASIC5000_2163_gen.wav,1
/data/DATASETS/WaveFake/jsut_multi_band_melgan/BASIC5000_2408_gen.wav,1
/data/DATASETS/WaveFake/jsut_multi_band_melgan/BASIC5000_2638_gen.wav,1
/data/DATASETS/WaveFake/jsut_parallel_wavegan/BASIC5000_1891_gen.wav,2
/data/DATASETS/WaveFake/jsut_multi_band_melgan/BASIC5000_2278_gen.wav,1
/data/DATASETS/WaveFake/jsut_multi_band_melgan/BASIC5000_3005_gen.wav,1
/data/DATASETS/WaveFake/jsut_multi_band_melgan/BASIC5000_0229_gen.wav,1
/data/DATASETS/WaveFake/jsut_multi_band_melgan/BASIC5000_4474_gen.wav,1
/data/DATASETS/WaveFake/jsut_multi_band_melgan/BASIC5000_4621_gen.wav,1
/data/DATASETS/WaveFake/jsut_multi_band_melgan/BASIC5000_1660_gen.wav,1
/data/DATASETS/WaveFake/jsut_multi_band_melgan/BASIC5000_1178_gen.wav,1
/data/DATASETS/WaveFake/jsut_multi_band_melgan/BASIC5000_4515_gen.wav,1
/data/DATASETS/WaveFake/jsut_multi_band_melgan/BASIC5000_3853_gen.wav,1
/data/DATASETS/WaveFake/jsut_multi_band_melgan/BASIC5000_0757_gen.wav,1
/data/DATASETS/WaveFake/jsut_multi_band_melgan/BASIC5000_4712_gen.wav,1
/data/DATASETS/WaveFake/jsut_multi_band_melgan/BASIC5000_4159_gen.wav,1
/data/DATASETS/WaveFake/jsut_parallel_wavegan/BASIC5000_4207_gen.wav,2
/data/DATASETS/WaveFake/jsut_multi_band_melgan/BASIC5000_3735_gen.wav,1
/data/DATASETS/WaveFake/jsut_parallel_wavegan/BASIC5000_3861_gen.wav,2
/data/DATASETS/WaveFake/jsut_multi_band_melgan/BASIC5000_3860_gen.wav,1
/data/DATASETS/WaveFake/jsut_parallel_wavegan/BASIC5000_1774_gen.wav,2
/data/DATASETS/WaveFake/jsut_parallel_wavegan/BASIC5000_0389_gen.wav,2
/data/DATASETS/WaveFake/jsut_parallel_wavegan/BASIC5000_3740_gen.wav,2
/data/DATASETS/WaveFake/jsut_parallel_wavegan/BASIC5000_2844_gen.wav,2
/data/DATASETS/WaveFake/jsut_parallel_wavegan/BASIC5000_4167_gen.wav,2
/data/DATASETS/WaveFake/jsut_multi_band_melgan/BASIC5000_1695_gen.wav,1
/data/DATASETS/WaveFake/jsut_multi_band_melgan/BASIC5000_0846_gen.wav,1
/data/DATASETS/WaveFake/jsut_multi_band_melgan/BASIC5000_3417_gen.wav,1
/data/DATASETS/WaveFake/jsut_multi_band_melgan/BASIC5000_4001_gen.wav,1
/data/DATASETS/WaveFake/jsut_parallel_wavegan/BASIC5000_4215_gen.wav,2
/data/DATASETS/WaveFake/jsut_multi_band_melgan/BASIC5000_3977_gen.wav,1
/data/DATASETS/WaveFake/jsut_multi_band_melgan/BASIC5000_2995_gen.wav,1
/data/DATASETS/WaveFake/jsut_parallel_wavegan/BASIC5000_0087_gen.wav,2
/data/DATASETS/WaveFake/jsut_multi_band_melgan/BASIC5000_0873_gen.wav,1
/data/DATASETS/WaveFake/jsut_parallel_wavegan/BASIC5000_4395_gen.wav,2
/data/DATASETS/WaveFake/jsut_multi_band_melgan/BASIC5000_0787_gen.wav,1
/data/DATASETS/WaveFake/jsut_multi_band_melgan/BASIC5000_2804_gen.wav,1
/data/DATASETS/WaveFake/jsut_parallel_wavegan/BASIC5000_1598_gen.wav,2
/data/DATASETS/WaveFake/jsut_multi_band_melgan/BASIC5000_4234_gen.wav,1
/data/DATASETS/WaveFake/jsut_multi_band_melgan/BASIC5000_1099_gen.wav,1
/data/DATASETS/WaveFake/jsut_parallel_wavegan/BASIC5000_4417_gen.wav,2
/data/DATASETS/WaveFake/jsut_parallel_wavegan/BASIC5000_0002_gen.wav,2
/data/DATASETS/WaveFake/jsut_parallel_wavegan/BASIC5000_2808_gen.wav,2
/data/DATASETS/WaveFake/jsut_parallel_wavegan/BASIC5000_0135_gen.wav,2
/data/DATASETS/WaveFake/jsut_multi_band_melgan/BASIC5000_2236_gen.wav,1
/data/DATASETS/WaveFake/jsut_parallel_wavegan/BASIC5000_1220_gen.wav,2
/data/DATASETS/WaveFake/jsut_parallel_wavegan/BASIC5000_1969_gen.wav,2
/data/DATASETS/WaveFake/jsut_parallel_wavegan/BASIC5000_1008_gen.wav,2
/data/DATASETS/WaveFake/jsut_parallel_wavegan/BASIC5000_1781_gen.wav,2
/data/DATASETS/WaveFake/jsut_parallel_wavegan/BASIC5000_4845_gen.wav,2
/data/DATASETS/WaveFake/jsut_multi_band_melgan/BASIC5000_4495_gen.wav,1
/data/DATASETS/WaveFake/jsut_parallel_wavegan/BASIC5000_2206_gen.wav,2
/data/DATASETS/WaveFake/jsut_multi_band_melgan/BASIC5000_3893_gen.wav,1
/data/DATASETS/WaveFake/jsut_parallel_wavegan/BASIC5000_1831_gen.wav,2
/data/DATASETS/WaveFake/jsut_multi_band_melgan/BASIC5000_4479_gen.wav,1
/data/DATASETS/WaveFake/jsut_parallel_wavegan/BASIC5000_2506_gen.wav,2
/data/DATASETS/WaveFake/jsut_parallel_wavegan/BASIC5000_1553_gen.wav,2
/data/DATASETS/WaveFake/jsut_multi_band_melgan/BASIC5000_1823_gen.wav,1
/data/DATASETS/WaveFake/jsut_multi_band_melgan/BASIC5000_3322_gen.wav,1
/data/DATASETS/WaveFake/jsut_multi_band_melgan/BASIC5000_4652_gen.wav,1
/data/DATASETS/WaveFake/jsut_multi_band_melgan/BASIC5000_4165_gen.wav,1
/data/DATASETS/WaveFake/jsut_parallel_wavegan/BASIC5000_4271_gen.wav,2
/data/DATASETS/WaveFake/jsut_multi_band_melgan/BASIC5000_4802_gen.wav,1
/data/DATASETS/WaveFake/jsut_multi_band_melgan/BASIC5000_2648_gen.wav,1
/data/DATASETS/WaveFake/jsut_parallel_wavegan/BASIC5000_0244_gen.wav,2
/data/DATASETS/WaveFake/jsut_parallel_wavegan/BASIC5000_0482_gen.wav,2
/data/DATASETS/WaveFake/jsut_parallel_wavegan/BASIC5000_3341_gen.wav,2
/data/DATASETS/WaveFake/jsut_multi_band_melgan/BASIC5000_0560_gen.wav,1
/data/DATASETS/WaveFake/jsut_multi_band_melgan/BASIC5000_0760_gen.wav,1
/data/DATASETS/WaveFake/jsut_parallel_wavegan/BASIC5000_4092_gen.wav,2
/data/DATASETS/WaveFake/jsut_parallel_wavegan/BASIC5000_2031_gen.wav,2
/data/DATASETS/WaveFake/jsut_multi_band_melgan/BASIC5000_2543_gen.wav,1
/data/DATASETS/WaveFake/jsut_parallel_wavegan/BASIC5000_4546_gen.wav,2
/data/DATASETS/WaveFake/jsut_multi_band_melgan/BASIC5000_2586_gen.wav,1
/data/DATASETS/WaveFake/jsut_parallel_wavegan/BASIC5000_1402_gen.wav,2
/data/DATASETS/WaveFake/jsut_parallel_wavegan/BASIC5000_3145_gen.wav,2
/data/DATASETS/WaveFake/jsut_multi_band_melgan/BASIC5000_0034_gen.wav,1
/data/DATASETS/WaveFake/jsut_multi_band_melgan/BASIC5000_4475_gen.wav,1
/data/DATASETS/WaveFake/jsut_multi_band_melgan/BASIC5000_3345_gen.wav,1
/data/DATASETS/WaveFake/jsut_multi_band_melgan/BASIC5000_4776_gen.wav,1
/data/DATASETS/WaveFake/jsut_multi_band_melgan/BASIC5000_2174_gen.wav,1
/data/DATASETS/WaveFake/jsut_parallel_wavegan/BASIC5000_1120_gen.wav,2
/data/DATASETS/WaveFake/jsut_multi_band_melgan/BASIC5000_4280_gen.wav,1
/data/DATASETS/WaveFake/jsut_multi_band_melgan/BASIC5000_0107_gen.wav,1
/data/DATASETS/WaveFake/jsut_parallel_wavegan/BASIC5000_2632_gen.wav,2
/data/DATASETS/WaveFake/jsut_multi_band_melgan/BASIC5000_0030_gen.wav,1
/data/DATASETS/WaveFake/jsut_parallel_wavegan/BASIC5000_4205_gen.wav,2
/data/DATASETS/WaveFake/jsut_multi_band_melgan/BASIC5000_3790_gen.wav,1
/data/DATASETS/WaveFake/jsut_parallel_wavegan/BASIC5000_3754_gen.wav,2
/data/DATASETS/WaveFake/jsut_multi_band_melgan/BASIC5000_1175_gen.wav,1
/data/DATASETS/WaveFake/jsut_parallel_wavegan/BASIC5000_1877_gen.wav,2
/data/DATASETS/WaveFake/jsut_multi_band_melgan/BASIC5000_2165_gen.wav,1
/data/DATASETS/WaveFake/jsut_multi_band_melgan/BASIC5000_1096_gen.wav,1
/data/DATASETS/WaveFake/jsut_multi_band_melgan/BASIC5000_0753_gen.wav,1
/data/DATASETS/WaveFake/jsut_multi_band_melgan/BASIC5000_4128_gen.wav,1
/data/DATASETS/WaveFake/jsut_multi_band_melgan/BASIC5000_3379_gen.wav,1
/data/DATASETS/WaveFake/jsut_multi_band_melgan/BASIC5000_3554_gen.wav,1
/data/DATASETS/WaveFake/jsut_parallel_wavegan/BASIC5000_4023_gen.wav,2
/data/DATASETS/WaveFake/jsut_multi_band_melgan/BASIC5000_4699_gen.wav,1
/data/DATASETS/WaveFake/jsut_multi_band_melgan/BASIC5000_0494_gen.wav,1
/data/DATASETS/WaveFake/jsut_multi_band_melgan/BASIC5000_1921_gen.wav,1
/data/DATASETS/WaveFake/jsut_parallel_wavegan/BASIC5000_2556_gen.wav,2
/data/DATASETS/WaveFake/jsut_multi_band_melgan/BASIC5000_3092_gen.wav,1
/data/DATASETS/WaveFake/jsut_multi_band_melgan/BASIC5000_3198_gen.wav,1
/data/DATASETS/WaveFake/jsut_multi_band_melgan/BASIC5000_1457_gen.wav,1
/data/DATASETS/WaveFake/jsut_parallel_wavegan/BASIC5000_0423_gen.wav,2
/data/DATASETS/WaveFake/jsut_parallel_wavegan/BASIC5000_2545_gen.wav,2
/data/DATASETS/WaveFake/jsut_multi_band_melgan/BASIC5000_4203_gen.wav,1
/data/DATASETS/WaveFake/jsut_parallel_wavegan/BASIC5000_4076_gen.wav,2
/data/DATASETS/WaveFake/jsut_parallel_wavegan/BASIC5000_0454_gen.wav,2
/data/DATASETS/WaveFake/jsut_multi_band_melgan/BASIC5000_0936_gen.wav,1
/data/DATASETS/WaveFake/jsut_multi_band_melgan/BASIC5000_4637_gen.wav,1
/data/DATASETS/WaveFake/jsut_multi_band_melgan/BASIC5000_3664_gen.wav,1
/data/DATASETS/WaveFake/jsut_multi_band_melgan/BASIC5000_1612_gen.wav,1
/data/DATASETS/WaveFake/jsut_parallel_wavegan/BASIC5000_0236_gen.wav,2
/data/DATASETS/WaveFake/jsut_multi_band_melgan/BASIC5000_4639_gen.wav,1
/data/DATASETS/WaveFake/jsut_parallel_wavegan/BASIC5000_3043_gen.wav,2
/data/DATASETS/WaveFake/jsut_multi_band_melgan/BASIC5000_0548_gen.wav,1
/data/DATASETS/WaveFake/jsut_parallel_wavegan/BASIC5000_2877_gen.wav,2
/data/DATASETS/WaveFake/jsut_parallel_wavegan/BASIC5000_3320_gen.wav,2
/data/DATASETS/WaveFake/jsut_multi_band_melgan/BASIC5000_2828_gen.wav,1
/data/DATASETS/WaveFake/jsut_multi_band_melgan/BASIC5000_0495_gen.wav,1
/data/DATASETS/WaveFake/jsut_parallel_wavegan/BASIC5000_3592_gen.wav,2
/data/DATASETS/WaveFake/jsut_multi_band_melgan/BASIC5000_4565_gen.wav,1
/data/DATASETS/WaveFake/jsut_parallel_wavegan/BASIC5000_0990_gen.wav,2
/data/DATASETS/WaveFake/jsut_multi_band_melgan/BASIC5000_1225_gen.wav,1
/data/DATASETS/WaveFake/jsut_multi_band_melgan/BASIC5000_2977_gen.wav,1
/data/DATASETS/WaveFake/jsut_parallel_wavegan/BASIC5000_4795_gen.wav,2
/data/DATASETS/WaveFake/jsut_multi_band_melgan/BASIC5000_0018_gen.wav,1
/data/DATASETS/WaveFake/jsut_parallel_wavegan/BASIC5000_0260_gen.wav,2
/data/DATASETS/WaveFake/jsut_parallel_wavegan/BASIC5000_4031_gen.wav,2
/data/DATASETS/WaveFake/jsut_parallel_wavegan/BASIC5000_1356_gen.wav,2
/data/DATASETS/WaveFake/jsut_multi_band_melgan/BASIC5000_0258_gen.wav,1
/data/DATASETS/WaveFake/jsut_multi_band_melgan/BASIC5000_2588_gen.wav,1
/data/DATASETS/WaveFake/jsut_multi_band_melgan/BASIC5000_2996_gen.wav,1
/data/DATASETS/WaveFake/jsut_parallel_wavegan/BASIC5000_1443_gen.wav,2
/data/DATASETS/WaveFake/jsut_parallel_wavegan/BASIC5000_0137_gen.wav,2
/data/DATASETS/WaveFake/jsut_parallel_wavegan/BASIC5000_3380_gen.wav,2
/data/DATASETS/WaveFake/jsut_multi_band_melgan/BASIC5000_3539_gen.wav,1
/data/DATASETS/WaveFake/jsut_multi_band_melgan/BASIC5000_4181_gen.wav,1
/data/DATASETS/WaveFake/jsut_multi_band_melgan/BASIC5000_3292_gen.wav,1
/data/DATASETS/WaveFake/jsut_multi_band_melgan/BASIC5000_3283_gen.wav,1
/data/DATASETS/WaveFake/jsut_multi_band_melgan/BASIC5000_2558_gen.wav,1
/data/DATASETS/WaveFake/jsut_parallel_wavegan/BASIC5000_0074_gen.wav,2
/data/DATASETS/WaveFake/jsut_parallel_wavegan/BASIC5000_0048_gen.wav,2
/data/DATASETS/WaveFake/jsut_parallel_wavegan/BASIC5000_4293_gen.wav,2
/data/DATASETS/WaveFake/jsut_parallel_wavegan/BASIC5000_3808_gen.wav,2
/data/DATASETS/WaveFake/jsut_multi_band_melgan/BASIC5000_4218_gen.wav,1
/data/DATASETS/WaveFake/jsut_parallel_wavegan/BASIC5000_3842_gen.wav,2
/data/DATASETS/WaveFake/jsut_parallel_wavegan/BASIC5000_4549_gen.wav,2
/data/DATASETS/WaveFake/jsut_multi_band_melgan/BASIC5000_2537_gen.wav,1
/data/DATASETS/WaveFake/jsut_parallel_wavegan/BASIC5000_3660_gen.wav,2
/data/DATASETS/WaveFake/jsut_multi_band_melgan/BASIC5000_1673_gen.wav,1
/data/DATASETS/WaveFake/jsut_multi_band_melgan/BASIC5000_0826_gen.wav,1
/data/DATASETS/WaveFake/jsut_parallel_wavegan/BASIC5000_4553_gen.wav,2
/data/DATASETS/WaveFake/jsut_multi_band_melgan/BASIC5000_0730_gen.wav,1
/data/DATASETS/WaveFake/jsut_parallel_wavegan/BASIC5000_1213_gen.wav,2
/data/DATASETS/WaveFake/jsut_parallel_wavegan/BASIC5000_4430_gen.wav,2
/data/DATASETS/WaveFake/jsut_multi_band_melgan/BASIC5000_3470_gen.wav,1
/data/DATASETS/WaveFake/jsut_multi_band_melgan/BASIC5000_2873_gen.wav,1
/data/DATASETS/WaveFake/jsut_parallel_wavegan/BASIC5000_4840_gen.wav,2
/data/DATASETS/WaveFake/jsut_parallel_wavegan/BASIC5000_3322_gen.wav,2
/data/DATASETS/WaveFake/jsut_multi_band_melgan/BASIC5000_3328_gen.wav,1
/data/DATASETS/WaveFake/jsut_parallel_wavegan/BASIC5000_0421_gen.wav,2
/data/DATASETS/WaveFake/jsut_parallel_wavegan/BASIC5000_3167_gen.wav,2
/data/DATASETS/WaveFake/jsut_multi_band_melgan/BASIC5000_4688_gen.wav,1
/data/DATASETS/WaveFake/jsut_parallel_wavegan/BASIC5000_0365_gen.wav,2
/data/DATASETS/WaveFake/jsut_multi_band_melgan/BASIC5000_0795_gen.wav,1
/data/DATASETS/WaveFake/jsut_parallel_wavegan/BASIC5000_4536_gen.wav,2
/data/DATASETS/WaveFake/jsut_parallel_wavegan/BASIC5000_1028_gen.wav,2
/data/DATASETS/WaveFake/jsut_parallel_wavegan/BASIC5000_3532_gen.wav,2
/data/DATASETS/WaveFake/jsut_parallel_wavegan/BASIC5000_3367_gen.wav,2
/data/DATASETS/WaveFake/jsut_multi_band_melgan/BASIC5000_1456_gen.wav,1
/data/DATASETS/WaveFake/jsut_multi_band_melgan/BASIC5000_0991_gen.wav,1
/data/DATASETS/WaveFake/jsut_multi_band_melgan/BASIC5000_2042_gen.wav,1
/data/DATASETS/WaveFake/jsut_multi_band_melgan/BASIC5000_1090_gen.wav,1
/data/DATASETS/WaveFake/jsut_parallel_wavegan/BASIC5000_3102_gen.wav,2
/data/DATASETS/WaveFake/jsut_parallel_wavegan/BASIC5000_2079_gen.wav,2
/data/DATASETS/WaveFake/jsut_multi_band_melgan/BASIC5000_0470_gen.wav,1
/data/DATASETS/WaveFake/jsut_multi_band_melgan/BASIC5000_4087_gen.wav,1
/data/DATASETS/WaveFake/jsut_parallel_wavegan/BASIC5000_3297_gen.wav,2
/data/DATASETS/WaveFake/jsut_parallel_wavegan/BASIC5000_0858_gen.wav,2
/data/DATASETS/WaveFake/jsut_multi_band_melgan/BASIC5000_2534_gen.wav,1
/data/DATASETS/WaveFake/jsut_multi_band_melgan/BASIC5000_3631_gen.wav,1
/data/DATASETS/WaveFake/jsut_parallel_wavegan/BASIC5000_2105_gen.wav,2
/data/DATASETS/WaveFake/jsut_parallel_wavegan/BASIC5000_3008_gen.wav,2
/data/DATASETS/WaveFake/jsut_multi_band_melgan/BASIC5000_1731_gen.wav,1
/data/DATASETS/WaveFake/jsut_multi_band_melgan/BASIC5000_2718_gen.wav,1
/data/DATASETS/WaveFake/jsut_parallel_wavegan/BASIC5000_3490_gen.wav,2
/data/DATASETS/WaveFake/jsut_multi_band_melgan/BASIC5000_0277_gen.wav,1
/data/DATASETS/WaveFake/jsut_multi_band_melgan/BASIC5000_2947_gen.wav,1
/data/DATASETS/WaveFake/jsut_multi_band_melgan/BASIC5000_1699_gen.wav,1
/data/DATASETS/WaveFake/jsut_parallel_wavegan/BASIC5000_0075_gen.wav,2
/data/DATASETS/WaveFake/jsut_multi_band_melgan/BASIC5000_2834_gen.wav,1
/data/DATASETS/WaveFake/jsut_parallel_wavegan/BASIC5000_4072_gen.wav,2
/data/DATASETS/WaveFake/jsut_multi_band_melgan/BASIC5000_4362_gen.wav,1
/data/DATASETS/WaveFake/jsut_multi_band_melgan/BASIC5000_1510_gen.wav,1
/data/DATASETS/WaveFake/jsut_multi_band_melgan/BASIC5000_0595_gen.wav,1
/data/DATASETS/WaveFake/jsut_multi_band_melgan/BASIC5000_1520_gen.wav,1
/data/DATASETS/WaveFake/jsut_multi_band_melgan/BASIC5000_3997_gen.wav,1
/data/DATASETS/WaveFake/jsut_parallel_wavegan/BASIC5000_1468_gen.wav,2
/data/DATASETS/WaveFake/jsut_parallel_wavegan/BASIC5000_1160_gen.wav,2
/data/DATASETS/WaveFake/jsut_parallel_wavegan/BASIC5000_0724_gen.wav,2
/data/DATASETS/WaveFake/jsut_parallel_wavegan/BASIC5000_4185_gen.wav,2
/data/DATASETS/WaveFake/jsut_multi_band_melgan/BASIC5000_4438_gen.wav,1
/data/DATASETS/WaveFake/jsut_multi_band_melgan/BASIC5000_4935_gen.wav,1
/data/DATASETS/WaveFake/jsut_multi_band_melgan/BASIC5000_3132_gen.wav,1
/data/DATASETS/WaveFake/jsut_parallel_wavegan/BASIC5000_4150_gen.wav,2
/data/DATASETS/WaveFake/jsut_parallel_wavegan/BASIC5000_2155_gen.wav,2
/data/DATASETS/WaveFake/jsut_multi_band_melgan/BASIC5000_3433_gen.wav,1
/data/DATASETS/WaveFake/jsut_multi_band_melgan/BASIC5000_2404_gen.wav,1
/data/DATASETS/WaveFake/jsut_multi_band_melgan/BASIC5000_2497_gen.wav,1
/data/DATASETS/WaveFake/jsut_parallel_wavegan/BASIC5000_3029_gen.wav,2
/data/DATASETS/WaveFake/jsut_parallel_wavegan/BASIC5000_4923_gen.wav,2
/data/DATASETS/WaveFake/jsut_parallel_wavegan/BASIC5000_0814_gen.wav,2
/data/DATASETS/WaveFake/jsut_multi_band_melgan/BASIC5000_2366_gen.wav,1
/data/DATASETS/WaveFake/jsut_parallel_wavegan/BASIC5000_2628_gen.wav,2
/data/DATASETS/WaveFake/jsut_parallel_wavegan/BASIC5000_1732_gen.wav,2
/data/DATASETS/WaveFake/jsut_multi_band_melgan/BASIC5000_1919_gen.wav,1
/data/DATASETS/WaveFake/jsut_multi_band_melgan/BASIC5000_2492_gen.wav,1
/data/DATASETS/WaveFake/jsut_parallel_wavegan/BASIC5000_3267_gen.wav,2
/data/DATASETS/WaveFake/jsut_multi_band_melgan/BASIC5000_0238_gen.wav,1
/data/DATASETS/WaveFake/jsut_multi_band_melgan/BASIC5000_2865_gen.wav,1
/data/DATASETS/WaveFake/jsut_multi_band_melgan/BASIC5000_3293_gen.wav,1
/data/DATASETS/WaveFake/jsut_parallel_wavegan/BASIC5000_1719_gen.wav,2
/data/DATASETS/WaveFake/jsut_multi_band_melgan/BASIC5000_0713_gen.wav,1
/data/DATASETS/WaveFake/jsut_parallel_wavegan/BASIC5000_4179_gen.wav,2
/data/DATASETS/WaveFake/jsut_multi_band_melgan/BASIC5000_4275_gen.wav,1
/data/DATASETS/WaveFake/jsut_multi_band_melgan/BASIC5000_4853_gen.wav,1
/data/DATASETS/WaveFake/jsut_parallel_wavegan/BASIC5000_4172_gen.wav,2
/data/DATASETS/WaveFake/jsut_multi_band_melgan/BASIC5000_2515_gen.wav,1
/data/DATASETS/WaveFake/jsut_multi_band_melgan/BASIC5000_0135_gen.wav,1
/data/DATASETS/WaveFake/jsut_multi_band_melgan/BASIC5000_0727_gen.wav,1
/data/DATASETS/WaveFake/jsut_multi_band_melgan/BASIC5000_3175_gen.wav,1
/data/DATASETS/WaveFake/jsut_multi_band_melgan/BASIC5000_3408_gen.wav,1
/data/DATASETS/WaveFake/jsut_parallel_wavegan/BASIC5000_1551_gen.wav,2
/data/DATASETS/WaveFake/jsut_multi_band_melgan/BASIC5000_1825_gen.wav,1
/data/DATASETS/WaveFake/jsut_parallel_wavegan/BASIC5000_4773_gen.wav,2
/data/DATASETS/WaveFake/jsut_parallel_wavegan/BASIC5000_3874_gen.wav,2
/data/DATASETS/WaveFake/jsut_parallel_wavegan/BASIC5000_2068_gen.wav,2
/data/DATASETS/WaveFake/jsut_multi_band_melgan/BASIC5000_2377_gen.wav,1
/data/DATASETS/WaveFake/jsut_multi_band_melgan/BASIC5000_3287_gen.wav,1
/data/DATASETS/WaveFake/jsut_multi_band_melgan/BASIC5000_3882_gen.wav,1
/data/DATASETS/WaveFake/jsut_parallel_wavegan/BASIC5000_0179_gen.wav,2
/data/DATASETS/WaveFake/jsut_multi_band_melgan/BASIC5000_2290_gen.wav,1
/data/DATASETS/WaveFake/jsut_parallel_wavegan/BASIC5000_1418_gen.wav,2
/data/DATASETS/WaveFake/jsut_parallel_wavegan/BASIC5000_0543_gen.wav,2
/data/DATASETS/WaveFake/jsut_parallel_wavegan/BASIC5000_0936_gen.wav,2
/data/DATASETS/WaveFake/jsut_multi_band_melgan/BASIC5000_2889_gen.wav,1
/data/DATASETS/WaveFake/jsut_parallel_wavegan/BASIC5000_3122_gen.wav,2
/data/DATASETS/WaveFake/jsut_multi_band_melgan/BASIC5000_0956_gen.wav,1
/data/DATASETS/WaveFake/jsut_parallel_wavegan/BASIC5000_0684_gen.wav,2
/data/DATASETS/WaveFake/jsut_multi_band_melgan/BASIC5000_4516_gen.wav,1
/data/DATASETS/WaveFake/jsut_parallel_wavegan/BASIC5000_2381_gen.wav,2
/data/DATASETS/WaveFake/jsut_multi_band_melgan/BASIC5000_2501_gen.wav,1
/data/DATASETS/WaveFake/jsut_multi_band_melgan/BASIC5000_2652_gen.wav,1
/data/DATASETS/WaveFake/jsut_multi_band_melgan/BASIC5000_4258_gen.wav,1
/data/DATASETS/WaveFake/jsut_parallel_wavegan/BASIC5000_4641_gen.wav,2
/data/DATASETS/WaveFake/jsut_parallel_wavegan/BASIC5000_0881_gen.wav,2
/data/DATASETS/WaveFake/jsut_parallel_wavegan/BASIC5000_1318_gen.wav,2
/data/DATASETS/WaveFake/jsut_parallel_wavegan/BASIC5000_1145_gen.wav,2
/data/DATASETS/WaveFake/jsut_parallel_wavegan/BASIC5000_1225_gen.wav,2
/data/DATASETS/WaveFake/jsut_parallel_wavegan/BASIC5000_3201_gen.wav,2
/data/DATASETS/WaveFake/jsut_parallel_wavegan/BASIC5000_1209_gen.wav,2
/data/DATASETS/WaveFake/jsut_parallel_wavegan/BASIC5000_3591_gen.wav,2
/data/DATASETS/WaveFake/jsut_multi_band_melgan/BASIC5000_3106_gen.wav,1
/data/DATASETS/WaveFake/jsut_multi_band_melgan/BASIC5000_1751_gen.wav,1
/data/DATASETS/WaveFake/jsut_multi_band_melgan/BASIC5000_4793_gen.wav,1
/data/DATASETS/WaveFake/jsut_multi_band_melgan/BASIC5000_3465_gen.wav,1
/data/DATASETS/WaveFake/jsut_multi_band_melgan/BASIC5000_1763_gen.wav,1
/data/DATASETS/WaveFake/jsut_parallel_wavegan/BASIC5000_0509_gen.wav,2
/data/DATASETS/WaveFake/jsut_parallel_wavegan/BASIC5000_4011_gen.wav,2
/data/DATASETS/WaveFake/jsut_multi_band_melgan/BASIC5000_1393_gen.wav,1
/data/DATASETS/WaveFake/jsut_multi_band_melgan/BASIC5000_1079_gen.wav,1
/data/DATASETS/WaveFake/jsut_parallel_wavegan/BASIC5000_4828_gen.wav,2
/data/DATASETS/WaveFake/jsut_parallel_wavegan/BASIC5000_4126_gen.wav,2
/data/DATASETS/WaveFake/jsut_parallel_wavegan/BASIC5000_4948_gen.wav,2
/data/DATASETS/WaveFake/jsut_parallel_wavegan/BASIC5000_3959_gen.wav,2
/data/DATASETS/WaveFake/jsut_multi_band_melgan/BASIC5000_4593_gen.wav,1
/data/DATASETS/WaveFake/jsut_multi_band_melgan/BASIC5000_4911_gen.wav,1
/data/DATASETS/WaveFake/jsut_multi_band_melgan/BASIC5000_0509_gen.wav,1
/data/DATASETS/WaveFake/jsut_multi_band_melgan/BASIC5000_1220_gen.wav,1
/data/DATASETS/WaveFake/jsut_parallel_wavegan/BASIC5000_1724_gen.wav,2
/data/DATASETS/WaveFake/jsut_parallel_wavegan/BASIC5000_0744_gen.wav,2
/data/DATASETS/WaveFake/jsut_parallel_wavegan/BASIC5000_0698_gen.wav,2
/data/DATASETS/WaveFake/jsut_multi_band_melgan/BASIC5000_1852_gen.wav,1
/data/DATASETS/WaveFake/jsut_multi_band_melgan/BASIC5000_2025_gen.wav,1
/data/DATASETS/WaveFake/jsut_multi_band_melgan/BASIC5000_1387_gen.wav,1
/data/DATASETS/WaveFake/jsut_parallel_wavegan/BASIC5000_1066_gen.wav,2
/data/DATASETS/WaveFake/jsut_parallel_wavegan/BASIC5000_2457_gen.wav,2
/data/DATASETS/WaveFake/jsut_multi_band_melgan/BASIC5000_3530_gen.wav,1
/data/DATASETS/WaveFake/jsut_parallel_wavegan/BASIC5000_1274_gen.wav,2
/data/DATASETS/WaveFake/jsut_parallel_wavegan/BASIC5000_1124_gen.wav,2
/data/DATASETS/WaveFake/jsut_parallel_wavegan/BASIC5000_4084_gen.wav,2
/data/DATASETS/WaveFake/jsut_multi_band_melgan/BASIC5000_1450_gen.wav,1
/data/DATASETS/WaveFake/jsut_multi_band_melgan/BASIC5000_1570_gen.wav,1
/data/DATASETS/WaveFake/jsut_parallel_wavegan/BASIC5000_2123_gen.wav,2
/data/DATASETS/WaveFake/jsut_parallel_wavegan/BASIC5000_3034_gen.wav,2
/data/DATASETS/WaveFake/jsut_multi_band_melgan/BASIC5000_3581_gen.wav,1
/data/DATASETS/WaveFake/jsut_parallel_wavegan/BASIC5000_4762_gen.wav,2
/data/DATASETS/WaveFake/jsut_multi_band_melgan/BASIC5000_0116_gen.wav,1
/data/DATASETS/WaveFake/jsut_parallel_wavegan/BASIC5000_4892_gen.wav,2
/data/DATASETS/WaveFake/jsut_multi_band_melgan/BASIC5000_3967_gen.wav,1
/data/DATASETS/WaveFake/jsut_parallel_wavegan/BASIC5000_3359_gen.wav,2
/data/DATASETS/WaveFake/jsut_multi_band_melgan/BASIC5000_2309_gen.wav,1
/data/DATASETS/WaveFake/jsut_multi_band_melgan/BASIC5000_1647_gen.wav,1
/data/DATASETS/WaveFake/jsut_multi_band_melgan/BASIC5000_2965_gen.wav,1
/data/DATASETS/WaveFake/jsut_multi_band_melgan/BASIC5000_4784_gen.wav,1
/data/DATASETS/WaveFake/jsut_parallel_wavegan/BASIC5000_1992_gen.wav,2
/data/DATASETS/WaveFake/jsut_parallel_wavegan/BASIC5000_1595_gen.wav,2
/data/DATASETS/WaveFake/jsut_parallel_wavegan/BASIC5000_4476_gen.wav,2
/data/DATASETS/WaveFake/jsut_multi_band_melgan/BASIC5000_4668_gen.wav,1
/data/DATASETS/WaveFake/jsut_multi_band_melgan/BASIC5000_0691_gen.wav,1
/data/DATASETS/WaveFake/jsut_parallel_wavegan/BASIC5000_4137_gen.wav,2
/data/DATASETS/WaveFake/jsut_parallel_wavegan/BASIC5000_1544_gen.wav,2
/data/DATASETS/WaveFake/jsut_parallel_wavegan/BASIC5000_1512_gen.wav,2
/data/DATASETS/WaveFake/jsut_multi_band_melgan/BASIC5000_2643_gen.wav,1
/data/DATASETS/WaveFake/jsut_parallel_wavegan/BASIC5000_0672_gen.wav,2
/data/DATASETS/WaveFake/jsut_parallel_wavegan/BASIC5000_0749_gen.wav,2
/data/DATASETS/WaveFake/jsut_parallel_wavegan/BASIC5000_2759_gen.wav,2
/data/DATASETS/WaveFake/jsut_parallel_wavegan/BASIC5000_3792_gen.wav,2
/data/DATASETS/WaveFake/jsut_parallel_wavegan/BASIC5000_0256_gen.wav,2
/data/DATASETS/WaveFake/jsut_multi_band_melgan/BASIC5000_1364_gen.wav,1
/data/DATASETS/WaveFake/jsut_parallel_wavegan/BASIC5000_4398_gen.wav,2
/data/DATASETS/WaveFake/jsut_multi_band_melgan/BASIC5000_2440_gen.wav,1
/data/DATASETS/WaveFake/jsut_multi_band_melgan/BASIC5000_2883_gen.wav,1
/data/DATASETS/WaveFake/jsut_multi_band_melgan/BASIC5000_1024_gen.wav,1
/data/DATASETS/WaveFake/jsut_parallel_wavegan/BASIC5000_2194_gen.wav,2
/data/DATASETS/WaveFake/jsut_multi_band_melgan/BASIC5000_4004_gen.wav,1
/data/DATASETS/WaveFake/jsut_parallel_wavegan/BASIC5000_0507_gen.wav,2
/data/DATASETS/WaveFake/jsut_multi_band_melgan/BASIC5000_2340_gen.wav,1
/data/DATASETS/WaveFake/jsut_parallel_wavegan/BASIC5000_3733_gen.wav,2
/data/DATASETS/WaveFake/jsut_multi_band_melgan/BASIC5000_2724_gen.wav,1
/data/DATASETS/WaveFake/jsut_multi_band_melgan/BASIC5000_0104_gen.wav,1
/data/DATASETS/WaveFake/jsut_multi_band_melgan/BASIC5000_0823_gen.wav,1
/data/DATASETS/WaveFake/jsut_multi_band_melgan/BASIC5000_1877_gen.wav,1
/data/DATASETS/WaveFake/jsut_multi_band_melgan/BASIC5000_1797_gen.wav,1
/data/DATASETS/WaveFake/jsut_parallel_wavegan/BASIC5000_3483_gen.wav,2
/data/DATASETS/WaveFake/jsut_parallel_wavegan/BASIC5000_0701_gen.wav,2
/data/DATASETS/WaveFake/jsut_multi_band_melgan/BASIC5000_0056_gen.wav,1
/data/DATASETS/WaveFake/jsut_parallel_wavegan/BASIC5000_2778_gen.wav,2
/data/DATASETS/WaveFake/jsut_multi_band_melgan/BASIC5000_3232_gen.wav,1
/data/DATASETS/WaveFake/jsut_multi_band_melgan/BASIC5000_4988_gen.wav,1
/data/DATASETS/WaveFake/jsut_parallel_wavegan/BASIC5000_4248_gen.wav,2
/data/DATASETS/WaveFake/jsut_multi_band_melgan/BASIC5000_3134_gen.wav,1
/data/DATASETS/WaveFake/jsut_multi_band_melgan/BASIC5000_3691_gen.wav,1
/data/DATASETS/WaveFake/jsut_parallel_wavegan/BASIC5000_3459_gen.wav,2
/data/DATASETS/WaveFake/jsut_multi_band_melgan/BASIC5000_0211_gen.wav,1
/data/DATASETS/WaveFake/jsut_multi_band_melgan/BASIC5000_2717_gen.wav,1
/data/DATASETS/WaveFake/jsut_parallel_wavegan/BASIC5000_0177_gen.wav,2
/data/DATASETS/WaveFake/jsut_parallel_wavegan/BASIC5000_2859_gen.wav,2
/data/DATASETS/WaveFake/jsut_parallel_wavegan/BASIC5000_1113_gen.wav,2
/data/DATASETS/WaveFake/jsut_multi_band_melgan/BASIC5000_1396_gen.wav,1
/data/DATASETS/WaveFake/jsut_parallel_wavegan/BASIC5000_1927_gen.wav,2
/data/DATASETS/WaveFake/jsut_parallel_wavegan/BASIC5000_0197_gen.wav,2
/data/DATASETS/WaveFake/jsut_parallel_wavegan/BASIC5000_3444_gen.wav,2
/data/DATASETS/WaveFake/jsut_parallel_wavegan/BASIC5000_1821_gen.wav,2
/data/DATASETS/WaveFake/jsut_parallel_wavegan/BASIC5000_2624_gen.wav,2
/data/DATASETS/WaveFake/jsut_parallel_wavegan/BASIC5000_0041_gen.wav,2
/data/DATASETS/WaveFake/jsut_multi_band_melgan/BASIC5000_0348_gen.wav,1
/data/DATASETS/WaveFake/jsut_parallel_wavegan/BASIC5000_1063_gen.wav,2
/data/DATASETS/WaveFake/jsut_multi_band_melgan/BASIC5000_0075_gen.wav,1
/data/DATASETS/WaveFake/jsut_parallel_wavegan/BASIC5000_1281_gen.wav,2
/data/DATASETS/WaveFake/jsut_parallel_wavegan/BASIC5000_4303_gen.wav,2
/data/DATASETS/WaveFake/jsut_parallel_wavegan/BASIC5000_0195_gen.wav,2
/data/DATASETS/WaveFake/jsut_parallel_wavegan/BASIC5000_2411_gen.wav,2
/data/DATASETS/WaveFake/jsut_parallel_wavegan/BASIC5000_1438_gen.wav,2
/data/DATASETS/WaveFake/jsut_parallel_wavegan/BASIC5000_2791_gen.wav,2
/data/DATASETS/WaveFake/jsut_parallel_wavegan/BASIC5000_1534_gen.wav,2
/data/DATASETS/WaveFake/jsut_parallel_wavegan/BASIC5000_2709_gen.wav,2
/data/DATASETS/WaveFake/jsut_multi_band_melgan/BASIC5000_3310_gen.wav,1
/data/DATASETS/WaveFake/jsut_parallel_wavegan/BASIC5000_0110_gen.wav,2
/data/DATASETS/WaveFake/jsut_parallel_wavegan/BASIC5000_1316_gen.wav,2
/data/DATASETS/WaveFake/jsut_parallel_wavegan/BASIC5000_2242_gen.wav,2
/data/DATASETS/WaveFake/jsut_multi_band_melgan/BASIC5000_1953_gen.wav,1
/data/DATASETS/WaveFake/jsut_parallel_wavegan/BASIC5000_4218_gen.wav,2
/data/DATASETS/WaveFake/jsut_parallel_wavegan/BASIC5000_3845_gen.wav,2
/data/DATASETS/WaveFake/jsut_parallel_wavegan/BASIC5000_2539_gen.wav,2
/data/DATASETS/WaveFake/jsut_multi_band_melgan/BASIC5000_2564_gen.wav,1
/data/DATASETS/WaveFake/jsut_parallel_wavegan/BASIC5000_1574_gen.wav,2
/data/DATASETS/WaveFake/jsut_parallel_wavegan/BASIC5000_0125_gen.wav,2
/data/DATASETS/WaveFake/jsut_parallel_wavegan/BASIC5000_1531_gen.wav,2
/data/DATASETS/WaveFake/jsut_parallel_wavegan/BASIC5000_0843_gen.wav,2
/data/DATASETS/WaveFake/jsut_multi_band_melgan/BASIC5000_0339_gen.wav,1
/data/DATASETS/WaveFake/jsut_multi_band_melgan/BASIC5000_4078_gen.wav,1
/data/DATASETS/WaveFake/jsut_multi_band_melgan/BASIC5000_2641_gen.wav,1
/data/DATASETS/WaveFake/jsut_parallel_wavegan/BASIC5000_2661_gen.wav,2
/data/DATASETS/WaveFake/jsut_multi_band_melgan/BASIC5000_1552_gen.wav,1
/data/DATASETS/WaveFake/jsut_parallel_wavegan/BASIC5000_0736_gen.wav,2
/data/DATASETS/WaveFake/jsut_multi_band_melgan/BASIC5000_2858_gen.wav,1
/data/DATASETS/WaveFake/jsut_multi_band_melgan/BASIC5000_1092_gen.wav,1
/data/DATASETS/WaveFake/jsut_multi_band_melgan/BASIC5000_2759_gen.wav,1
/data/DATASETS/WaveFake/jsut_multi_band_melgan/BASIC5000_1222_gen.wav,1
/data/DATASETS/WaveFake/jsut_parallel_wavegan/BASIC5000_0212_gen.wav,2
/data/DATASETS/WaveFake/jsut_multi_band_melgan/BASIC5000_4901_gen.wav,1
/data/DATASETS/WaveFake/jsut_parallel_wavegan/BASIC5000_4385_gen.wav,2
/data/DATASETS/WaveFake/jsut_multi_band_melgan/BASIC5000_2014_gen.wav,1
/data/DATASETS/WaveFake/jsut_parallel_wavegan/BASIC5000_3051_gen.wav,2
/data/DATASETS/WaveFake/jsut_multi_band_melgan/BASIC5000_2150_gen.wav,1
/data/DATASETS/WaveFake/jsut_multi_band_melgan/BASIC5000_4149_gen.wav,1
/data/DATASETS/WaveFake/jsut_parallel_wavegan/BASIC5000_2044_gen.wav,2
/data/DATASETS/WaveFake/jsut_multi_band_melgan/BASIC5000_1840_gen.wav,1
/data/DATASETS/WaveFake/jsut_parallel_wavegan/BASIC5000_3164_gen.wav,2
/data/DATASETS/WaveFake/jsut_parallel_wavegan/BASIC5000_3875_gen.wav,2
/data/DATASETS/WaveFake/jsut_multi_band_melgan/BASIC5000_3606_gen.wav,1
/data/DATASETS/WaveFake/jsut_multi_band_melgan/BASIC5000_0054_gen.wav,1
/data/DATASETS/WaveFake/jsut_multi_band_melgan/BASIC5000_2291_gen.wav,1
/data/DATASETS/WaveFake/jsut_multi_band_melgan/BASIC5000_1693_gen.wav,1
/data/DATASETS/WaveFake/jsut_multi_band_melgan/BASIC5000_2433_gen.wav,1
/data/DATASETS/WaveFake/jsut_multi_band_melgan/BASIC5000_3208_gen.wav,1
/data/DATASETS/WaveFake/jsut_multi_band_melgan/BASIC5000_3143_gen.wav,1
/data/DATASETS/WaveFake/jsut_parallel_wavegan/BASIC5000_2615_gen.wav,2
/data/DATASETS/WaveFake/jsut_multi_band_melgan/BASIC5000_0630_gen.wav,1
/data/DATASETS/WaveFake/jsut_multi_band_melgan/BASIC5000_2820_gen.wav,1
/data/DATASETS/WaveFake/jsut_parallel_wavegan/BASIC5000_3220_gen.wav,2
/data/DATASETS/WaveFake/jsut_multi_band_melgan/BASIC5000_3652_gen.wav,1
/data/DATASETS/WaveFake/jsut_multi_band_melgan/BASIC5000_4733_gen.wav,1
/data/DATASETS/WaveFake/jsut_multi_band_melgan/BASIC5000_1459_gen.wav,1
/data/DATASETS/WaveFake/jsut_multi_band_melgan/BASIC5000_4150_gen.wav,1
/data/DATASETS/WaveFake/jsut_multi_band_melgan/BASIC5000_4511_gen.wav,1
/data/DATASETS/WaveFake/jsut_parallel_wavegan/BASIC5000_1811_gen.wav,2
/data/DATASETS/WaveFake/jsut_multi_band_melgan/BASIC5000_3916_gen.wav,1
/data/DATASETS/WaveFake/jsut_parallel_wavegan/BASIC5000_1249_gen.wav,2
/data/DATASETS/WaveFake/jsut_multi_band_melgan/BASIC5000_1293_gen.wav,1
/data/DATASETS/WaveFake/jsut_parallel_wavegan/BASIC5000_0371_gen.wav,2
/data/DATASETS/WaveFake/jsut_parallel_wavegan/BASIC5000_0654_gen.wav,2
/data/DATASETS/WaveFake/jsut_multi_band_melgan/BASIC5000_0911_gen.wav,1
/data/DATASETS/WaveFake/jsut_parallel_wavegan/BASIC5000_1346_gen.wav,2
/data/DATASETS/WaveFake/jsut_parallel_wavegan/BASIC5000_3098_gen.wav,2
/data/DATASETS/WaveFake/jsut_multi_band_melgan/BASIC5000_2776_gen.wav,1
/data/DATASETS/WaveFake/jsut_multi_band_melgan/BASIC5000_3951_gen.wav,1
/data/DATASETS/WaveFake/jsut_multi_band_melgan/BASIC5000_2630_gen.wav,1
/data/DATASETS/WaveFake/jsut_parallel_wavegan/BASIC5000_3767_gen.wav,2
/data/DATASETS/WaveFake/jsut_parallel_wavegan/BASIC5000_4601_gen.wav,2
/data/DATASETS/WaveFake/jsut_parallel_wavegan/BASIC5000_2300_gen.wav,2
/data/DATASETS/WaveFake/jsut_multi_band_melgan/BASIC5000_0420_gen.wav,1
/data/DATASETS/WaveFake/jsut_parallel_wavegan/BASIC5000_0305_gen.wav,2
/data/DATASETS/WaveFake/jsut_multi_band_melgan/BASIC5000_4727_gen.wav,1
/data/DATASETS/WaveFake/jsut_parallel_wavegan/BASIC5000_0108_gen.wav,2
/data/DATASETS/WaveFake/jsut_parallel_wavegan/BASIC5000_3924_gen.wav,2
/data/DATASETS/WaveFake/jsut_multi_band_melgan/BASIC5000_4241_gen.wav,1
/data/DATASETS/WaveFake/jsut_multi_band_melgan/BASIC5000_1881_gen.wav,1
/data/DATASETS/WaveFake/jsut_parallel_wavegan/BASIC5000_2721_gen.wav,2
/data/DATASETS/WaveFake/jsut_parallel_wavegan/BASIC5000_0156_gen.wav,2
/data/DATASETS/WaveFake/jsut_parallel_wavegan/BASIC5000_3077_gen.wav,2
/data/DATASETS/WaveFake/jsut_parallel_wavegan/BASIC5000_4314_gen.wav,2
/data/DATASETS/WaveFake/jsut_multi_band_melgan/BASIC5000_3488_gen.wav,1
/data/DATASETS/WaveFake/jsut_multi_band_melgan/BASIC5000_3119_gen.wav,1
/data/DATASETS/WaveFake/jsut_parallel_wavegan/BASIC5000_4607_gen.wav,2
/data/DATASETS/WaveFake/jsut_parallel_wavegan/BASIC5000_0337_gen.wav,2
/data/DATASETS/WaveFake/jsut_multi_band_melgan/BASIC5000_2185_gen.wav,1
/data/DATASETS/WaveFake/jsut_multi_band_melgan/BASIC5000_0269_gen.wav,1
/data/DATASETS/WaveFake/jsut_parallel_wavegan/BASIC5000_3243_gen.wav,2
/data/DATASETS/WaveFake/jsut_parallel_wavegan/BASIC5000_0661_gen.wav,2
/data/DATASETS/WaveFake/jsut_parallel_wavegan/BASIC5000_1860_gen.wav,2
/data/DATASETS/WaveFake/jsut_multi_band_melgan/BASIC5000_1323_gen.wav,1
/data/DATASETS/WaveFake/jsut_multi_band_melgan/BASIC5000_1171_gen.wav,1
/data/DATASETS/WaveFake/jsut_multi_band_melgan/BASIC5000_4544_gen.wav,1
/data/DATASETS/WaveFake/jsut_parallel_wavegan/BASIC5000_4632_gen.wav,2
/data/DATASETS/WaveFake/jsut_multi_band_melgan/BASIC5000_2522_gen.wav,1
/data/DATASETS/WaveFake/jsut_parallel_wavegan/BASIC5000_3361_gen.wav,2
/data/DATASETS/WaveFake/jsut_parallel_wavegan/BASIC5000_3325_gen.wav,2
/data/DATASETS/WaveFake/jsut_multi_band_melgan/BASIC5000_4983_gen.wav,1
/data/DATASETS/WaveFake/jsut_parallel_wavegan/BASIC5000_1208_gen.wav,2
/data/DATASETS/WaveFake/jsut_multi_band_melgan/BASIC5000_3820_gen.wav,1
/data/DATASETS/WaveFake/jsut_parallel_wavegan/BASIC5000_0915_gen.wav,2
/data/DATASETS/WaveFake/jsut_parallel_wavegan/BASIC5000_0836_gen.wav,2
/data/DATASETS/WaveFake/jsut_multi_band_melgan/BASIC5000_3876_gen.wav,1
/data/DATASETS/WaveFake/jsut_multi_band_melgan/BASIC5000_2385_gen.wav,1
/data/DATASETS/WaveFake/jsut_parallel_wavegan/BASIC5000_3349_gen.wav,2
/data/DATASETS/WaveFake/jsut_parallel_wavegan/BASIC5000_1215_gen.wav,2
/data/DATASETS/WaveFake/jsut_multi_band_melgan/BASIC5000_2520_gen.wav,1
/data/DATASETS/WaveFake/jsut_multi_band_melgan/BASIC5000_0157_gen.wav,1
/data/DATASETS/WaveFake/jsut_multi_band_melgan/BASIC5000_4090_gen.wav,1
/data/DATASETS/WaveFake/jsut_multi_band_melgan/BASIC5000_2345_gen.wav,1
/data/DATASETS/WaveFake/jsut_multi_band_melgan/BASIC5000_1208_gen.wav,1
/data/DATASETS/WaveFake/jsut_parallel_wavegan/BASIC5000_1483_gen.wav,2
/data/DATASETS/WaveFake/jsut_multi_band_melgan/BASIC5000_3201_gen.wav,1
/data/DATASETS/WaveFake/jsut_multi_band_melgan/BASIC5000_4946_gen.wav,1
/data/DATASETS/WaveFake/jsut_parallel_wavegan/BASIC5000_3583_gen.wav,2
/data/DATASETS/WaveFake/jsut_parallel_wavegan/BASIC5000_2416_gen.wav,2
/data/DATASETS/WaveFake/jsut_parallel_wavegan/BASIC5000_3186_gen.wav,2
/data/DATASETS/WaveFake/jsut_multi_band_melgan/BASIC5000_2971_gen.wav,1
/data/DATASETS/WaveFake/jsut_parallel_wavegan/BASIC5000_0306_gen.wav,2
/data/DATASETS/WaveFake/jsut_multi_band_melgan/BASIC5000_2780_gen.wav,1
/data/DATASETS/WaveFake/jsut_multi_band_melgan/BASIC5000_3738_gen.wav,1
/data/DATASETS/WaveFake/jsut_multi_band_melgan/BASIC5000_1258_gen.wav,1
/data/DATASETS/WaveFake/jsut_multi_band_melgan/BASIC5000_1654_gen.wav,1
/data/DATASETS/WaveFake/jsut_parallel_wavegan/BASIC5000_4917_gen.wav,2
/data/DATASETS/WaveFake/jsut_multi_band_melgan/BASIC5000_4687_gen.wav,1
/data/DATASETS/WaveFake/jsut_parallel_wavegan/BASIC5000_0308_gen.wav,2
/data/DATASETS/WaveFake/jsut_multi_band_melgan/BASIC5000_1371_gen.wav,1
/data/DATASETS/WaveFake/jsut_parallel_wavegan/BASIC5000_0987_gen.wav,2
/data/DATASETS/WaveFake/jsut_multi_band_melgan/BASIC5000_2081_gen.wav,1
/data/DATASETS/WaveFake/jsut_parallel_wavegan/BASIC5000_1257_gen.wav,2
/data/DATASETS/WaveFake/jsut_multi_band_melgan/BASIC5000_4247_gen.wav,1
/data/DATASETS/WaveFake/jsut_parallel_wavegan/BASIC5000_1961_gen.wav,2
/data/DATASETS/WaveFake/jsut_parallel_wavegan/BASIC5000_2274_gen.wav,2
/data/DATASETS/WaveFake/jsut_multi_band_melgan/BASIC5000_3634_gen.wav,1
/data/DATASETS/WaveFake/jsut_multi_band_melgan/BASIC5000_1523_gen.wav,1
/data/DATASETS/WaveFake/jsut_parallel_wavegan/BASIC5000_1977_gen.wav,2
/data/DATASETS/WaveFake/jsut_multi_band_melgan/BASIC5000_1827_gen.wav,1
/data/DATASETS/WaveFake/jsut_multi_band_melgan/BASIC5000_2601_gen.wav,1
/data/DATASETS/WaveFake/jsut_multi_band_melgan/BASIC5000_1445_gen.wav,1
/data/DATASETS/WaveFake/jsut_parallel_wavegan/BASIC5000_0489_gen.wav,2
/data/DATASETS/WaveFake/jsut_parallel_wavegan/BASIC5000_2711_gen.wav,2
/data/DATASETS/WaveFake/jsut_multi_band_melgan/BASIC5000_1830_gen.wav,1
/data/DATASETS/WaveFake/jsut_multi_band_melgan/BASIC5000_4756_gen.wav,1
/data/DATASETS/WaveFake/jsut_multi_band_melgan/BASIC5000_0822_gen.wav,1
/data/DATASETS/WaveFake/jsut_multi_band_melgan/BASIC5000_3077_gen.wav,1
/data/DATASETS/WaveFake/jsut_parallel_wavegan/BASIC5000_4868_gen.wav,2
/data/DATASETS/WaveFake/jsut_multi_band_melgan/BASIC5000_2942_gen.wav,1
/data/DATASETS/WaveFake/jsut_multi_band_melgan/BASIC5000_0982_gen.wav,1
/data/DATASETS/WaveFake/jsut_parallel_wavegan/BASIC5000_0830_gen.wav,2
/data/DATASETS/WaveFake/jsut_parallel_wavegan/BASIC5000_4945_gen.wav,2
/data/DATASETS/WaveFake/jsut_multi_band_melgan/BASIC5000_3818_gen.wav,1
/data/DATASETS/WaveFake/jsut_parallel_wavegan/BASIC5000_1080_gen.wav,2
/data/DATASETS/WaveFake/jsut_multi_band_melgan/BASIC5000_2095_gen.wav,1
/data/DATASETS/WaveFake/jsut_multi_band_melgan/BASIC5000_3271_gen.wav,1
/data/DATASETS/WaveFake/jsut_parallel_wavegan/BASIC5000_1621_gen.wav,2
/data/DATASETS/WaveFake/jsut_multi_band_melgan/BASIC5000_4171_gen.wav,1
/data/DATASETS/WaveFake/jsut_parallel_wavegan/BASIC5000_0547_gen.wav,2
/data/DATASETS/WaveFake/jsut_multi_band_melgan/BASIC5000_3833_gen.wav,1
/data/DATASETS/WaveFake/jsut_multi_band_melgan/BASIC5000_3157_gen.wav,1
/data/DATASETS/WaveFake/jsut_parallel_wavegan/BASIC5000_3067_gen.wav,2
/data/DATASETS/WaveFake/jsut_multi_band_melgan/BASIC5000_4385_gen.wav,1
/data/DATASETS/WaveFake/jsut_multi_band_melgan/BASIC5000_4931_gen.wav,1
/data/DATASETS/WaveFake/jsut_parallel_wavegan/BASIC5000_2050_gen.wav,2
/data/DATASETS/WaveFake/jsut_multi_band_melgan/BASIC5000_4597_gen.wav,1
/data/DATASETS/WaveFake/jsut_parallel_wavegan/BASIC5000_4897_gen.wav,2
/data/DATASETS/WaveFake/jsut_multi_band_melgan/BASIC5000_0109_gen.wav,1
/data/DATASETS/WaveFake/jsut_parallel_wavegan/BASIC5000_1365_gen.wav,2
/data/DATASETS/WaveFake/jsut_multi_band_melgan/BASIC5000_3220_gen.wav,1
/data/DATASETS/WaveFake/jsut_multi_band_melgan/BASIC5000_1324_gen.wav,1
/data/DATASETS/WaveFake/jsut_parallel_wavegan/BASIC5000_1321_gen.wav,2
/data/DATASETS/WaveFake/jsut_parallel_wavegan/BASIC5000_3774_gen.wav,2
/data/DATASETS/WaveFake/jsut_parallel_wavegan/BASIC5000_3933_gen.wav,2
/data/DATASETS/WaveFake/jsut_multi_band_melgan/BASIC5000_3333_gen.wav,1
/data/DATASETS/WaveFake/jsut_parallel_wavegan/BASIC5000_4661_gen.wav,2
/data/DATASETS/WaveFake/jsut_parallel_wavegan/BASIC5000_3809_gen.wav,2
/data/DATASETS/WaveFake/jsut_multi_band_melgan/BASIC5000_4364_gen.wav,1
/data/DATASETS/WaveFake/jsut_multi_band_melgan/BASIC5000_4748_gen.wav,1
/data/DATASETS/WaveFake/jsut_parallel_wavegan/BASIC5000_2627_gen.wav,2
/data/DATASETS/WaveFake/jsut_multi_band_melgan/BASIC5000_2895_gen.wav,1
/data/DATASETS/WaveFake/jsut_parallel_wavegan/BASIC5000_0764_gen.wav,2
/data/DATASETS/WaveFake/jsut_multi_band_melgan/BASIC5000_2845_gen.wav,1
/data/DATASETS/WaveFake/jsut_multi_band_melgan/BASIC5000_3346_gen.wav,1
/data/DATASETS/WaveFake/jsut_multi_band_melgan/BASIC5000_1831_gen.wav,1
/data/DATASETS/WaveFake/jsut_parallel_wavegan/BASIC5000_4503_gen.wav,2
/data/DATASETS/WaveFake/jsut_parallel_wavegan/BASIC5000_2351_gen.wav,2
/data/DATASETS/WaveFake/jsut_multi_band_melgan/BASIC5000_1167_gen.wav,1
/data/DATASETS/WaveFake/jsut_multi_band_melgan/BASIC5000_4426_gen.wav,1
/data/DATASETS/WaveFake/jsut_multi_band_melgan/BASIC5000_3458_gen.wav,1
/data/DATASETS/WaveFake/jsut_parallel_wavegan/BASIC5000_1456_gen.wav,2
/data/DATASETS/WaveFake/jsut_multi_band_melgan/BASIC5000_4839_gen.wav,1
/data/DATASETS/WaveFake/jsut_multi_band_melgan/BASIC5000_1985_gen.wav,1
/data/DATASETS/WaveFake/jsut_parallel_wavegan/BASIC5000_2548_gen.wav,2
/data/DATASETS/WaveFake/jsut_parallel_wavegan/BASIC5000_3771_gen.wav,2
/data/DATASETS/WaveFake/jsut_multi_band_melgan/BASIC5000_4144_gen.wav,1
/data/DATASETS/WaveFake/jsut_parallel_wavegan/BASIC5000_1946_gen.wav,2
/data/DATASETS/WaveFake/jsut_parallel_wavegan/BASIC5000_3534_gen.wav,2
/data/DATASETS/WaveFake/jsut_multi_band_melgan/BASIC5000_1723_gen.wav,1
/data/DATASETS/WaveFake/jsut_multi_band_melgan/BASIC5000_2009_gen.wav,1
/data/DATASETS/WaveFake/jsut_multi_band_melgan/BASIC5000_1382_gen.wav,1
/data/DATASETS/WaveFake/jsut_parallel_wavegan/BASIC5000_0010_gen.wav,2
/data/DATASETS/WaveFake/jsut_parallel_wavegan/BASIC5000_3248_gen.wav,2
/data/DATASETS/WaveFake/jsut_parallel_wavegan/BASIC5000_2030_gen.wav,2
/data/DATASETS/WaveFake/jsut_multi_band_melgan/BASIC5000_0779_gen.wav,1
/data/DATASETS/WaveFake/jsut_parallel_wavegan/BASIC5000_4457_gen.wav,2
/data/DATASETS/WaveFake/jsut_parallel_wavegan/BASIC5000_4719_gen.wav,2
/data/DATASETS/WaveFake/jsut_parallel_wavegan/BASIC5000_0788_gen.wav,2
/data/DATASETS/WaveFake/jsut_parallel_wavegan/BASIC5000_2571_gen.wav,2
/data/DATASETS/WaveFake/jsut_multi_band_melgan/BASIC5000_1122_gen.wav,1
/data/DATASETS/WaveFake/jsut_multi_band_melgan/BASIC5000_2563_gen.wav,1
/data/DATASETS/WaveFake/jsut_multi_band_melgan/BASIC5000_1667_gen.wav,1
/data/DATASETS/WaveFake/jsut_parallel_wavegan/BASIC5000_3624_gen.wav,2
/data/DATASETS/WaveFake/jsut_parallel_wavegan/BASIC5000_1951_gen.wav,2
/data/DATASETS/WaveFake/jsut_parallel_wavegan/BASIC5000_0873_gen.wav,2
/data/DATASETS/WaveFake/jsut_multi_band_melgan/BASIC5000_3619_gen.wav,1
/data/DATASETS/WaveFake/jsut_multi_band_melgan/BASIC5000_4207_gen.wav,1
/data/DATASETS/WaveFake/jsut_parallel_wavegan/BASIC5000_3161_gen.wav,2
/data/DATASETS/WaveFake/jsut_multi_band_melgan/BASIC5000_2401_gen.wav,1
/data/DATASETS/WaveFake/jsut_multi_band_melgan/BASIC5000_4393_gen.wav,1
/data/DATASETS/WaveFake/jsut_parallel_wavegan/BASIC5000_2582_gen.wav,2
/data/DATASETS/WaveFake/jsut_multi_band_melgan/BASIC5000_4188_gen.wav,1
/data/DATASETS/WaveFake/jsut_parallel_wavegan/BASIC5000_3904_gen.wav,2
/data/DATASETS/WaveFake/jsut_multi_band_melgan/BASIC5000_3487_gen.wav,1
/data/DATASETS/WaveFake/jsut_multi_band_melgan/BASIC5000_1607_gen.wav,1
/data/DATASETS/WaveFake/jsut_multi_band_melgan/BASIC5000_3743_gen.wav,1
/data/DATASETS/WaveFake/jsut_parallel_wavegan/BASIC5000_1133_gen.wav,2
/data/DATASETS/WaveFake/jsut_parallel_wavegan/BASIC5000_4866_gen.wav,2
/data/DATASETS/WaveFake/jsut_multi_band_melgan/BASIC5000_1281_gen.wav,1
/data/DATASETS/WaveFake/jsut_multi_band_melgan/BASIC5000_1653_gen.wav,1
/data/DATASETS/WaveFake/jsut_multi_band_melgan/BASIC5000_0587_gen.wav,1
/data/DATASETS/WaveFake/jsut_parallel_wavegan/BASIC5000_2822_gen.wav,2
/data/DATASETS/WaveFake/jsut_parallel_wavegan/BASIC5000_4337_gen.wav,2
/data/DATASETS/WaveFake/jsut_parallel_wavegan/BASIC5000_1689_gen.wav,2
/data/DATASETS/WaveFake/jsut_parallel_wavegan/BASIC5000_0089_gen.wav,2
/data/DATASETS/WaveFake/jsut_multi_band_melgan/BASIC5000_3300_gen.wav,1
/data/DATASETS/WaveFake/jsut_multi_band_melgan/BASIC5000_3991_gen.wav,1
/data/DATASETS/WaveFake/jsut_parallel_wavegan/BASIC5000_2507_gen.wav,2
/data/DATASETS/WaveFake/jsut_parallel_wavegan/BASIC5000_2949_gen.wav,2
/data/DATASETS/WaveFake/jsut_parallel_wavegan/BASIC5000_3818_gen.wav,2
/data/DATASETS/WaveFake/jsut_parallel_wavegan/BASIC5000_1320_gen.wav,2
/data/DATASETS/WaveFake/jsut_multi_band_melgan/BASIC5000_3847_gen.wav,1
/data/DATASETS/WaveFake/jsut_multi_band_melgan/BASIC5000_3351_gen.wav,1
/data/DATASETS/WaveFake/jsut_multi_band_melgan/BASIC5000_0285_gen.wav,1
/data/DATASETS/WaveFake/jsut_parallel_wavegan/BASIC5000_0500_gen.wav,2
/data/DATASETS/WaveFake/jsut_parallel_wavegan/BASIC5000_2902_gen.wav,2
/data/DATASETS/WaveFake/jsut_parallel_wavegan/BASIC5000_0279_gen.wav,2
/data/DATASETS/WaveFake/jsut_parallel_wavegan/BASIC5000_1813_gen.wav,2
/data/DATASETS/WaveFake/jsut_multi_band_melgan/BASIC5000_4731_gen.wav,1
/data/DATASETS/WaveFake/jsut_parallel_wavegan/BASIC5000_2400_gen.wav,2
/data/DATASETS/WaveFake/jsut_parallel_wavegan/BASIC5000_2870_gen.wav,2
/data/DATASETS/WaveFake/jsut_parallel_wavegan/BASIC5000_2480_gen.wav,2
/data/DATASETS/WaveFake/jsut_parallel_wavegan/BASIC5000_4478_gen.wav,2
/data/DATASETS/WaveFake/jsut_multi_band_melgan/BASIC5000_0137_gen.wav,1
/data/DATASETS/WaveFake/jsut_parallel_wavegan/BASIC5000_4660_gen.wav,2
/data/DATASETS/WaveFake/jsut_parallel_wavegan/BASIC5000_4504_gen.wav,2
/data/DATASETS/WaveFake/jsut_multi_band_melgan/BASIC5000_4966_gen.wav,1
/data/DATASETS/WaveFake/jsut_parallel_wavegan/BASIC5000_4482_gen.wav,2
/data/DATASETS/WaveFake/jsut_multi_band_melgan/BASIC5000_0862_gen.wav,1
/data/DATASETS/WaveFake/jsut_multi_band_melgan/BASIC5000_1251_gen.wav,1
/data/DATASETS/WaveFake/jsut_multi_band_melgan/BASIC5000_0350_gen.wav,1
/data/DATASETS/WaveFake/jsut_parallel_wavegan/BASIC5000_2980_gen.wav,2
/data/DATASETS/WaveFake/jsut_multi_band_melgan/BASIC5000_0445_gen.wav,1
/data/DATASETS/WaveFake/jsut_multi_band_melgan/BASIC5000_1891_gen.wav,1
/data/DATASETS/WaveFake/jsut_multi_band_melgan/BASIC5000_0931_gen.wav,1
/data/DATASETS/WaveFake/jsut_parallel_wavegan/BASIC5000_1161_gen.wav,2
/data/DATASETS/WaveFake/jsut_multi_band_melgan/BASIC5000_1528_gen.wav,1
/data/DATASETS/WaveFake/jsut_parallel_wavegan/BASIC5000_3787_gen.wav,2
/data/DATASETS/WaveFake/jsut_multi_band_melgan/BASIC5000_1016_gen.wav,1
/data/DATASETS/WaveFake/jsut_multi_band_melgan/BASIC5000_2743_gen.wav,1
/data/DATASETS/WaveFake/jsut_multi_band_melgan/BASIC5000_1019_gen.wav,1
/data/DATASETS/WaveFake/jsut_parallel_wavegan/BASIC5000_4754_gen.wav,2
/data/DATASETS/WaveFake/jsut_multi_band_melgan/BASIC5000_3898_gen.wav,1
/data/DATASETS/WaveFake/jsut_multi_band_melgan/BASIC5000_3384_gen.wav,1
/data/DATASETS/WaveFake/jsut_parallel_wavegan/BASIC5000_4872_gen.wav,2
/data/DATASETS/WaveFake/jsut_parallel_wavegan/BASIC5000_0771_gen.wav,2
/data/DATASETS/WaveFake/jsut_parallel_wavegan/BASIC5000_1872_gen.wav,2
/data/DATASETS/WaveFake/jsut_parallel_wavegan/BASIC5000_3509_gen.wav,2
/data/DATASETS/WaveFake/jsut_multi_band_melgan/BASIC5000_3339_gen.wav,1
/data/DATASETS/WaveFake/jsut_parallel_wavegan/BASIC5000_0970_gen.wav,2
/data/DATASETS/WaveFake/jsut_parallel_wavegan/BASIC5000_3703_gen.wav,2
/data/DATASETS/WaveFake/jsut_parallel_wavegan/BASIC5000_1654_gen.wav,2
/data/DATASETS/WaveFake/jsut_multi_band_melgan/BASIC5000_4987_gen.wav,1
/data/DATASETS/WaveFake/jsut_parallel_wavegan/BASIC5000_4572_gen.wav,2
/data/DATASETS/WaveFake/jsut_multi_band_melgan/BASIC5000_1987_gen.wav,1
/data/DATASETS/WaveFake/jsut_multi_band_melgan/BASIC5000_3864_gen.wav,1
/data/DATASETS/WaveFake/jsut_parallel_wavegan/BASIC5000_3448_gen.wav,2
/data/DATASETS/WaveFake/jsut_parallel_wavegan/BASIC5000_2171_gen.wav,2
/data/DATASETS/WaveFake/jsut_parallel_wavegan/BASIC5000_3193_gen.wav,2
/data/DATASETS/WaveFake/jsut_multi_band_melgan/BASIC5000_0667_gen.wav,1
/data/DATASETS/WaveFake/jsut_parallel_wavegan/BASIC5000_2097_gen.wav,2
/data/DATASETS/WaveFake/jsut_multi_band_melgan/BASIC5000_4039_gen.wav,1
/data/DATASETS/WaveFake/jsut_multi_band_melgan/BASIC5000_4277_gen.wav,1
/data/DATASETS/WaveFake/jsut_multi_band_melgan/BASIC5000_3140_gen.wav,1
/data/DATASETS/WaveFake/jsut_parallel_wavegan/BASIC5000_0382_gen.wav,2
/data/DATASETS/WaveFake/jsut_multi_band_melgan/BASIC5000_2156_gen.wav,1
/data/DATASETS/WaveFake/jsut_parallel_wavegan/BASIC5000_4987_gen.wav,2
/data/DATASETS/WaveFake/jsut_parallel_wavegan/BASIC5000_1441_gen.wav,2
/data/DATASETS/WaveFake/jsut_parallel_wavegan/BASIC5000_2617_gen.wav,2
/data/DATASETS/WaveFake/jsut_multi_band_melgan/BASIC5000_2622_gen.wav,1
/data/DATASETS/WaveFake/jsut_parallel_wavegan/BASIC5000_0725_gen.wav,2
/data/DATASETS/WaveFake/jsut_multi_band_melgan/BASIC5000_1854_gen.wav,1
/data/DATASETS/WaveFake/jsut_parallel_wavegan/BASIC5000_3079_gen.wav,2
/data/DATASETS/WaveFake/jsut_parallel_wavegan/BASIC5000_0472_gen.wav,2
/data/DATASETS/WaveFake/jsut_parallel_wavegan/BASIC5000_0419_gen.wav,2
/data/DATASETS/WaveFake/jsut_multi_band_melgan/BASIC5000_1646_gen.wav,1
/data/DATASETS/WaveFake/jsut_multi_band_melgan/BASIC5000_2773_gen.wav,1
/data/DATASETS/WaveFake/jsut_parallel_wavegan/BASIC5000_0496_gen.wav,2
/data/DATASETS/WaveFake/jsut_multi_band_melgan/BASIC5000_0186_gen.wav,1
/data/DATASETS/WaveFake/jsut_multi_band_melgan/BASIC5000_0979_gen.wav,1
/data/DATASETS/WaveFake/jsut_parallel_wavegan/BASIC5000_0610_gen.wav,2
/data/DATASETS/WaveFake/jsut_multi_band_melgan/BASIC5000_1935_gen.wav,1
/data/DATASETS/WaveFake/jsut_parallel_wavegan/BASIC5000_0707_gen.wav,2
/data/DATASETS/WaveFake/jsut_parallel_wavegan/BASIC5000_1330_gen.wav,2
/data/DATASETS/WaveFake/jsut_multi_band_melgan/BASIC5000_0853_gen.wav,1
/data/DATASETS/WaveFake/jsut_parallel_wavegan/BASIC5000_2109_gen.wav,2
/data/DATASETS/WaveFake/jsut_multi_band_melgan/BASIC5000_2177_gen.wav,1
/data/DATASETS/WaveFake/jsut_parallel_wavegan/BASIC5000_4266_gen.wav,2
/data/DATASETS/WaveFake/jsut_parallel_wavegan/BASIC5000_3511_gen.wav,2
/data/DATASETS/WaveFake/jsut_parallel_wavegan/BASIC5000_0593_gen.wav,2
/data/DATASETS/WaveFake/jsut_parallel_wavegan/BASIC5000_4245_gen.wav,2
/data/DATASETS/WaveFake/jsut_parallel_wavegan/BASIC5000_2126_gen.wav,2
/data/DATASETS/WaveFake/jsut_parallel_wavegan/BASIC5000_3573_gen.wav,2
/data/DATASETS/WaveFake/jsut_parallel_wavegan/BASIC5000_3181_gen.wav,2
/data/DATASETS/WaveFake/jsut_parallel_wavegan/BASIC5000_4129_gen.wav,2
/data/DATASETS/WaveFake/jsut_multi_band_melgan/BASIC5000_2956_gen.wav,1
/data/DATASETS/WaveFake/jsut_parallel_wavegan/BASIC5000_1751_gen.wav,2
/data/DATASETS/WaveFake/jsut_parallel_wavegan/BASIC5000_1772_gen.wav,2
/data/DATASETS/WaveFake/jsut_multi_band_melgan/BASIC5000_4334_gen.wav,1
/data/DATASETS/WaveFake/jsut_multi_band_melgan/BASIC5000_4283_gen.wav,1
/data/DATASETS/WaveFake/jsut_multi_band_melgan/BASIC5000_1541_gen.wav,1
/data/DATASETS/WaveFake/jsut_multi_band_melgan/BASIC5000_0610_gen.wav,1
/data/DATASETS/WaveFake/jsut_parallel_wavegan/BASIC5000_4370_gen.wav,2
/data/DATASETS/WaveFake/jsut_multi_band_melgan/BASIC5000_4499_gen.wav,1
/data/DATASETS/WaveFake/jsut_parallel_wavegan/BASIC5000_4283_gen.wav,2
/data/DATASETS/WaveFake/jsut_parallel_wavegan/BASIC5000_3048_gen.wav,2
/data/DATASETS/WaveFake/jsut_multi_band_melgan/BASIC5000_0622_gen.wav,1
/data/DATASETS/WaveFake/jsut_multi_band_melgan/BASIC5000_0475_gen.wav,1
/data/DATASETS/WaveFake/jsut_parallel_wavegan/BASIC5000_2452_gen.wav,2
/data/DATASETS/WaveFake/jsut_parallel_wavegan/BASIC5000_4136_gen.wav,2
/data/DATASETS/WaveFake/jsut_multi_band_melgan/BASIC5000_3304_gen.wav,1
/data/DATASETS/WaveFake/jsut_multi_band_melgan/BASIC5000_0583_gen.wav,1
/data/DATASETS/WaveFake/jsut_parallel_wavegan/BASIC5000_2677_gen.wav,2
/data/DATASETS/WaveFake/jsut_multi_band_melgan/BASIC5000_0542_gen.wav,1
/data/DATASETS/WaveFake/jsut_multi_band_melgan/BASIC5000_2757_gen.wav,1
/data/DATASETS/WaveFake/jsut_multi_band_melgan/BASIC5000_4100_gen.wav,1
/data/DATASETS/WaveFake/jsut_multi_band_melgan/BASIC5000_4519_gen.wav,1
/data/DATASETS/WaveFake/jsut_multi_band_melgan/BASIC5000_4933_gen.wav,1
/data/DATASETS/WaveFake/jsut_parallel_wavegan/BASIC5000_2737_gen.wav,2
/data/DATASETS/WaveFake/jsut_multi_band_melgan/BASIC5000_1994_gen.wav,1
/data/DATASETS/WaveFake/jsut_parallel_wavegan/BASIC5000_1552_gen.wav,2
/data/DATASETS/WaveFake/jsut_multi_band_melgan/BASIC5000_0949_gen.wav,1
/data/DATASETS/WaveFake/jsut_multi_band_melgan/BASIC5000_4695_gen.wav,1
/data/DATASETS/WaveFake/jsut_parallel_wavegan/BASIC5000_1322_gen.wav,2
/data/DATASETS/WaveFake/jsut_multi_band_melgan/BASIC5000_0387_gen.wav,1
/data/DATASETS/WaveFake/jsut_parallel_wavegan/BASIC5000_1146_gen.wav,2
/data/DATASETS/WaveFake/jsut_parallel_wavegan/BASIC5000_4566_gen.wav,2
/data/DATASETS/WaveFake/jsut_parallel_wavegan/BASIC5000_0913_gen.wav,2
/data/DATASETS/WaveFake/jsut_parallel_wavegan/BASIC5000_0431_gen.wav,2
/data/DATASETS/WaveFake/jsut_parallel_wavegan/BASIC5000_2961_gen.wav,2
/data/DATASETS/WaveFake/jsut_multi_band_melgan/BASIC5000_3216_gen.wav,1
/data/DATASETS/WaveFake/jsut_multi_band_melgan/BASIC5000_4024_gen.wav,1
/data/DATASETS/WaveFake/jsut_multi_band_melgan/BASIC5000_3862_gen.wav,1
/data/DATASETS/WaveFake/jsut_parallel_wavegan/BASIC5000_4807_gen.wav,2
/data/DATASETS/WaveFake/jsut_parallel_wavegan/BASIC5000_4335_gen.wav,2
/data/DATASETS/WaveFake/jsut_multi_band_melgan/BASIC5000_0406_gen.wav,1
/data/DATASETS/WaveFake/jsut_parallel_wavegan/BASIC5000_3237_gen.wav,2
/data/DATASETS/WaveFake/jsut_parallel_wavegan/BASIC5000_2445_gen.wav,2
/data/DATASETS/WaveFake/jsut_parallel_wavegan/BASIC5000_4061_gen.wav,2
/data/DATASETS/WaveFake/jsut_multi_band_melgan/BASIC5000_4094_gen.wav,1
/data/DATASETS/WaveFake/jsut_multi_band_melgan/BASIC5000_0714_gen.wav,1
/data/DATASETS/WaveFake/jsut_multi_band_melgan/BASIC5000_1187_gen.wav,1
/data/DATASETS/WaveFake/jsut_multi_band_melgan/BASIC5000_2276_gen.wav,1
/data/DATASETS/WaveFake/jsut_multi_band_melgan/BASIC5000_4529_gen.wav,1
/data/DATASETS/WaveFake/jsut_multi_band_melgan/BASIC5000_0806_gen.wav,1
/data/DATASETS/WaveFake/jsut_multi_band_melgan/BASIC5000_3680_gen.wav,1
/data/DATASETS/WaveFake/jsut_parallel_wavegan/BASIC5000_0743_gen.wav,2
/data/DATASETS/WaveFake/jsut_multi_band_melgan/BASIC5000_2871_gen.wav,1
/data/DATASETS/WaveFake/jsut_parallel_wavegan/BASIC5000_1355_gen.wav,2
/data/DATASETS/WaveFake/jsut_parallel_wavegan/BASIC5000_2621_gen.wav,2
/data/DATASETS/WaveFake/jsut_multi_band_melgan/BASIC5000_4758_gen.wav,1
/data/DATASETS/WaveFake/jsut_multi_band_melgan/BASIC5000_4592_gen.wav,1
/data/DATASETS/WaveFake/jsut_parallel_wavegan/BASIC5000_4649_gen.wav,2
/data/DATASETS/WaveFake/jsut_parallel_wavegan/BASIC5000_0175_gen.wav,2
/data/DATASETS/WaveFake/jsut_parallel_wavegan/BASIC5000_3074_gen.wav,2
/data/DATASETS/WaveFake/jsut_multi_band_melgan/BASIC5000_4768_gen.wav,1
/data/DATASETS/WaveFake/jsut_parallel_wavegan/BASIC5000_0192_gen.wav,2
/data/DATASETS/WaveFake/jsut_multi_band_melgan/BASIC5000_1867_gen.wav,1
/data/DATASETS/WaveFake/jsut_parallel_wavegan/BASIC5000_2071_gen.wav,2
/data/DATASETS/WaveFake/jsut_parallel_wavegan/BASIC5000_0733_gen.wav,2
/data/DATASETS/WaveFake/jsut_parallel_wavegan/BASIC5000_2524_gen.wav,2
/data/DATASETS/WaveFake/jsut_parallel_wavegan/BASIC5000_1573_gen.wav,2
/data/DATASETS/WaveFake/jsut_parallel_wavegan/BASIC5000_1250_gen.wav,2
/data/DATASETS/WaveFake/jsut_multi_band_melgan/BASIC5000_4848_gen.wav,1
/data/DATASETS/WaveFake/jsut_multi_band_melgan/BASIC5000_4736_gen.wav,1
/data/DATASETS/WaveFake/jsut_parallel_wavegan/BASIC5000_0937_gen.wav,2
/data/DATASETS/WaveFake/jsut_parallel_wavegan/BASIC5000_3140_gen.wav,2
/data/DATASETS/WaveFake/jsut_multi_band_melgan/BASIC5000_0037_gen.wav,1
/data/DATASETS/WaveFake/jsut_multi_band_melgan/BASIC5000_2566_gen.wav,1
/data/DATASETS/WaveFake/jsut_parallel_wavegan/BASIC5000_3664_gen.wav,2
/data/DATASETS/WaveFake/jsut_multi_band_melgan/BASIC5000_2293_gen.wav,1
/data/DATASETS/WaveFake/jsut_parallel_wavegan/BASIC5000_0316_gen.wav,2
/data/DATASETS/WaveFake/jsut_parallel_wavegan/BASIC5000_1018_gen.wav,2
/data/DATASETS/WaveFake/jsut_multi_band_melgan/BASIC5000_3900_gen.wav,1
/data/DATASETS/WaveFake/jsut_parallel_wavegan/BASIC5000_3769_gen.wav,2
/data/DATASETS/WaveFake/jsut_multi_band_melgan/BASIC5000_1816_gen.wav,1
/data/DATASETS/WaveFake/jsut_parallel_wavegan/BASIC5000_0391_gen.wav,2
/data/DATASETS/WaveFake/jsut_multi_band_melgan/BASIC5000_3420_gen.wav,1
/data/DATASETS/WaveFake/jsut_multi_band_melgan/BASIC5000_2110_gen.wav,1
/data/DATASETS/WaveFake/jsut_multi_band_melgan/BASIC5000_4570_gen.wav,1
/data/DATASETS/WaveFake/jsut_multi_band_melgan/BASIC5000_1767_gen.wav,1
/data/DATASETS/WaveFake/jsut_parallel_wavegan/BASIC5000_3196_gen.wav,2
/data/DATASETS/WaveFake/jsut_parallel_wavegan/BASIC5000_2934_gen.wav,2
/data/DATASETS/WaveFake/jsut_multi_band_melgan/BASIC5000_4151_gen.wav,1
/data/DATASETS/WaveFake/jsut_parallel_wavegan/BASIC5000_3963_gen.wav,2
/data/DATASETS/WaveFake/jsut_multi_band_melgan/BASIC5000_0388_gen.wav,1
/data/DATASETS/WaveFake/jsut_parallel_wavegan/BASIC5000_4116_gen.wav,2
/data/DATASETS/WaveFake/jsut_parallel_wavegan/BASIC5000_3927_gen.wav,2
/data/DATASETS/WaveFake/jsut_multi_band_melgan/BASIC5000_1410_gen.wav,1
/data/DATASETS/WaveFake/jsut_multi_band_melgan/BASIC5000_0761_gen.wav,1
/data/DATASETS/WaveFake/jsut_parallel_wavegan/BASIC5000_4726_gen.wav,2
/data/DATASETS/WaveFake/jsut_multi_band_melgan/BASIC5000_4455_gen.wav,1
/data/DATASETS/WaveFake/jsut_multi_band_melgan/BASIC5000_2213_gen.wav,1
/data/DATASETS/WaveFake/jsut_parallel_wavegan/BASIC5000_0532_gen.wav,2
/data/DATASETS/WaveFake/jsut_multi_band_melgan/BASIC5000_0216_gen.wav,1
/data/DATASETS/WaveFake/jsut_parallel_wavegan/BASIC5000_1602_gen.wav,2
/data/DATASETS/WaveFake/jsut_parallel_wavegan/BASIC5000_3066_gen.wav,2
/data/DATASETS/WaveFake/jsut_parallel_wavegan/BASIC5000_4766_gen.wav,2
/data/DATASETS/WaveFake/jsut_multi_band_melgan/BASIC5000_0564_gen.wav,1
/data/DATASETS/WaveFake/jsut_parallel_wavegan/BASIC5000_4297_gen.wav,2
/data/DATASETS/WaveFake/jsut_parallel_wavegan/BASIC5000_2669_gen.wav,2
/data/DATASETS/WaveFake/jsut_multi_band_melgan/BASIC5000_4875_gen.wav,1
/data/DATASETS/WaveFake/jsut_multi_band_melgan/BASIC5000_2818_gen.wav,1
/data/DATASETS/WaveFake/jsut_parallel_wavegan/BASIC5000_4658_gen.wav,2
/data/DATASETS/WaveFake/jsut_multi_band_melgan/BASIC5000_1889_gen.wav,1
/data/DATASETS/WaveFake/jsut_multi_band_melgan/BASIC5000_2199_gen.wav,1
/data/DATASETS/WaveFake/jsut_multi_band_melgan/BASIC5000_2033_gen.wav,1
/data/DATASETS/WaveFake/jsut_parallel_wavegan/BASIC5000_4091_gen.wav,2
/data/DATASETS/WaveFake/jsut_parallel_wavegan/BASIC5000_3694_gen.wav,2
/data/DATASETS/WaveFake/jsut_multi_band_melgan/BASIC5000_0644_gen.wav,1
/data/DATASETS/WaveFake/jsut_multi_band_melgan/BASIC5000_2210_gen.wav,1
/data/DATASETS/WaveFake/jsut_parallel_wavegan/BASIC5000_0420_gen.wav,2
/data/DATASETS/WaveFake/jsut_multi_band_melgan/BASIC5000_2860_gen.wav,1
/data/DATASETS/WaveFake/jsut_parallel_wavegan/BASIC5000_3310_gen.wav,2
/data/DATASETS/WaveFake/jsut_multi_band_melgan/BASIC5000_3453_gen.wav,1
/data/DATASETS/WaveFake/jsut_multi_band_melgan/BASIC5000_4794_gen.wav,1
/data/DATASETS/WaveFake/jsut_multi_band_melgan/BASIC5000_4871_gen.wav,1
/data/DATASETS/WaveFake/jsut_multi_band_melgan/BASIC5000_0524_gen.wav,1
/data/DATASETS/WaveFake/jsut_parallel_wavegan/BASIC5000_4268_gen.wav,2
/data/DATASETS/WaveFake/jsut_multi_band_melgan/BASIC5000_3255_gen.wav,1
/data/DATASETS/WaveFake/jsut_parallel_wavegan/BASIC5000_3929_gen.wav,2
/data/DATASETS/WaveFake/jsut_parallel_wavegan/BASIC5000_0081_gen.wav,2
/data/DATASETS/WaveFake/jsut_multi_band_melgan/BASIC5000_2089_gen.wav,1
/data/DATASETS/WaveFake/jsut_parallel_wavegan/BASIC5000_3424_gen.wav,2
/data/DATASETS/WaveFake/jsut_parallel_wavegan/BASIC5000_2502_gen.wav,2
/data/DATASETS/WaveFake/jsut_multi_band_melgan/BASIC5000_4346_gen.wav,1
/data/DATASETS/WaveFake/jsut_parallel_wavegan/BASIC5000_1467_gen.wav,2
/data/DATASETS/WaveFake/jsut_parallel_wavegan/BASIC5000_0005_gen.wav,2
/data/DATASETS/WaveFake/jsut_multi_band_melgan/BASIC5000_0064_gen.wav,1
/data/DATASETS/WaveFake/jsut_multi_band_melgan/BASIC5000_3767_gen.wav,1
/data/DATASETS/WaveFake/jsut_multi_band_melgan/BASIC5000_3242_gen.wav,1
/data/DATASETS/WaveFake/jsut_parallel_wavegan/BASIC5000_2568_gen.wav,2
/data/DATASETS/WaveFake/jsut_multi_band_melgan/BASIC5000_2090_gen.wav,1
/data/DATASETS/WaveFake/jsut_parallel_wavegan/BASIC5000_3803_gen.wav,2
/data/DATASETS/WaveFake/jsut_parallel_wavegan/BASIC5000_1442_gen.wav,2
/data/DATASETS/WaveFake/jsut_parallel_wavegan/BASIC5000_3954_gen.wav,2
/data/DATASETS/WaveFake/jsut_parallel_wavegan/BASIC5000_4426_gen.wav,2
/data/DATASETS/WaveFake/jsut_parallel_wavegan/BASIC5000_2422_gen.wav,2
/data/DATASETS/WaveFake/jsut_parallel_wavegan/BASIC5000_0331_gen.wav,2
/data/DATASETS/WaveFake/jsut_multi_band_melgan/BASIC5000_0566_gen.wav,1
/data/DATASETS/WaveFake/jsut_multi_band_melgan/BASIC5000_0744_gen.wav,1
/data/DATASETS/WaveFake/jsut_parallel_wavegan/BASIC5000_1610_gen.wav,2
/data/DATASETS/WaveFake/jsut_multi_band_melgan/BASIC5000_4281_gen.wav,1
/data/DATASETS/WaveFake/jsut_multi_band_melgan/BASIC5000_3142_gen.wav,1
/data/DATASETS/WaveFake/jsut_parallel_wavegan/BASIC5000_1340_gen.wav,2
/data/DATASETS/WaveFake/jsut_multi_band_melgan/BASIC5000_4999_gen.wav,1
/data/DATASETS/WaveFake/jsut_parallel_wavegan/BASIC5000_3528_gen.wav,2
/data/DATASETS/WaveFake/jsut_multi_band_melgan/BASIC5000_4696_gen.wav,1
/data/DATASETS/WaveFake/jsut_multi_band_melgan/BASIC5000_0770_gen.wav,1
/data/DATASETS/WaveFake/jsut_multi_band_melgan/BASIC5000_4938_gen.wav,1
/data/DATASETS/WaveFake/jsut_parallel_wavegan/BASIC5000_3327_gen.wav,2
/data/DATASETS/WaveFake/jsut_multi_band_melgan/BASIC5000_4162_gen.wav,1
/data/DATASETS/WaveFake/jsut_parallel_wavegan/BASIC5000_2917_gen.wav,2
/data/DATASETS/WaveFake/jsut_multi_band_melgan/BASIC5000_2116_gen.wav,1
/data/DATASETS/WaveFake/jsut_parallel_wavegan/BASIC5000_3086_gen.wav,2
/data/DATASETS/WaveFake/jsut_multi_band_melgan/BASIC5000_4872_gen.wav,1
/data/DATASETS/WaveFake/jsut_parallel_wavegan/BASIC5000_1093_gen.wav,2
/data/DATASETS/WaveFake/jsut_multi_band_melgan/BASIC5000_1112_gen.wav,1
/data/DATASETS/WaveFake/jsut_parallel_wavegan/BASIC5000_4139_gen.wav,2
/data/DATASETS/WaveFake/jsut_multi_band_melgan/BASIC5000_4603_gen.wav,1
/data/DATASETS/WaveFake/jsut_multi_band_melgan/BASIC5000_1615_gen.wav,1
/data/DATASETS/WaveFake/jsut_multi_band_melgan/BASIC5000_4164_gen.wav,1
/data/DATASETS/WaveFake/jsut_parallel_wavegan/BASIC5000_2234_gen.wav,2
/data/DATASETS/WaveFake/jsut_parallel_wavegan/BASIC5000_0328_gen.wav,2
/data/DATASETS/WaveFake/jsut_parallel_wavegan/BASIC5000_1713_gen.wav,2
/data/DATASETS/WaveFake/jsut_multi_band_melgan/BASIC5000_0534_gen.wav,1
/data/DATASETS/WaveFake/jsut_multi_band_melgan/BASIC5000_4720_gen.wav,1
/data/DATASETS/WaveFake/jsut_multi_band_melgan/BASIC5000_3940_gen.wav,1
/data/DATASETS/WaveFake/jsut_multi_band_melgan/BASIC5000_3391_gen.wav,1
/data/DATASETS/WaveFake/jsut_multi_band_melgan/BASIC5000_2529_gen.wav,1
/data/DATASETS/WaveFake/jsut_multi_band_melgan/BASIC5000_4657_gen.wav,1
/data/DATASETS/WaveFake/jsut_multi_band_melgan/BASIC5000_3248_gen.wav,1
/data/DATASETS/WaveFake/jsut_parallel_wavegan/BASIC5000_0285_gen.wav,2
/data/DATASETS/WaveFake/jsut_parallel_wavegan/BASIC5000_0432_gen.wav,2
/data/DATASETS/WaveFake/jsut_multi_band_melgan/BASIC5000_1865_gen.wav,1
/data/DATASETS/WaveFake/jsut_multi_band_melgan/BASIC5000_4759_gen.wav,1
/data/DATASETS/WaveFake/jsut_multi_band_melgan/BASIC5000_0934_gen.wav,1
/data/DATASETS/WaveFake/jsut_parallel_wavegan/BASIC5000_4574_gen.wav,2
/data/DATASETS/WaveFake/jsut_parallel_wavegan/BASIC5000_3667_gen.wav,2
/data/DATASETS/WaveFake/jsut_multi_band_melgan/BASIC5000_0697_gen.wav,1
/data/DATASETS/WaveFake/jsut_parallel_wavegan/BASIC5000_2926_gen.wav,2
/data/DATASETS/WaveFake/jsut_parallel_wavegan/BASIC5000_0443_gen.wav,2
/data/DATASETS/WaveFake/jsut_parallel_wavegan/BASIC5000_1212_gen.wav,2
/data/DATASETS/WaveFake/jsut_multi_band_melgan/BASIC5000_3086_gen.wav,1
/data/DATASETS/WaveFake/jsut_multi_band_melgan/BASIC5000_3110_gen.wav,1
/data/DATASETS/WaveFake/jsut_multi_band_melgan/BASIC5000_2060_gen.wav,1
/data/DATASETS/WaveFake/jsut_parallel_wavegan/BASIC5000_2741_gen.wav,2
/data/DATASETS/WaveFake/jsut_multi_band_melgan/BASIC5000_2525_gen.wav,1
/data/DATASETS/WaveFake/jsut_multi_band_melgan/BASIC5000_3614_gen.wav,1
/data/DATASETS/WaveFake/jsut_parallel_wavegan/BASIC5000_4715_gen.wav,2
/data/DATASETS/WaveFake/jsut_parallel_wavegan/BASIC5000_2782_gen.wav,2
/data/DATASETS/WaveFake/jsut_multi_band_melgan/BASIC5000_3189_gen.wav,1
/data/DATASETS/WaveFake/jsut_multi_band_melgan/BASIC5000_4268_gen.wav,1
/data/DATASETS/WaveFake/jsut_multi_band_melgan/BASIC5000_3923_gen.wav,1
/data/DATASETS/WaveFake/jsut_parallel_wavegan/BASIC5000_3398_gen.wav,2
/data/DATASETS/WaveFake/jsut_parallel_wavegan/BASIC5000_0545_gen.wav,2
/data/DATASETS/WaveFake/jsut_multi_band_melgan/BASIC5000_0236_gen.wav,1
/data/DATASETS/WaveFake/jsut_multi_band_melgan/BASIC5000_2057_gen.wav,1
/data/DATASETS/WaveFake/jsut_parallel_wavegan/BASIC5000_4403_gen.wav,2
/data/DATASETS/WaveFake/jsut_parallel_wavegan/BASIC5000_3836_gen.wav,2
/data/DATASETS/WaveFake/jsut_parallel_wavegan/BASIC5000_4363_gen.wav,2
/data/DATASETS/WaveFake/jsut_multi_band_melgan/BASIC5000_1291_gen.wav,1
/data/DATASETS/WaveFake/jsut_multi_band_melgan/BASIC5000_0796_gen.wav,1
/data/DATASETS/WaveFake/jsut_parallel_wavegan/BASIC5000_0553_gen.wav,2
/data/DATASETS/WaveFake/jsut_parallel_wavegan/BASIC5000_0167_gen.wav,2
/data/DATASETS/WaveFake/jsut_multi_band_melgan/BASIC5000_3126_gen.wav,1
/data/DATASETS/WaveFake/jsut_multi_band_melgan/BASIC5000_2194_gen.wav,1
/data/DATASETS/WaveFake/jsut_parallel_wavegan/BASIC5000_2484_gen.wav,2
/data/DATASETS/WaveFake/jsut_parallel_wavegan/BASIC5000_0213_gen.wav,2
/data/DATASETS/WaveFake/jsut_parallel_wavegan/BASIC5000_3934_gen.wav,2
/data/DATASETS/WaveFake/jsut_parallel_wavegan/BASIC5000_1729_gen.wav,2
/data/DATASETS/WaveFake/jsut_parallel_wavegan/BASIC5000_0595_gen.wav,2
/data/DATASETS/WaveFake/jsut_parallel_wavegan/BASIC5000_4960_gen.wav,2
/data/DATASETS/WaveFake/jsut_multi_band_melgan/BASIC5000_2352_gen.wav,1
/data/DATASETS/WaveFake/jsut_multi_band_melgan/BASIC5000_2470_gen.wav,1
/data/DATASETS/WaveFake/jsut_parallel_wavegan/BASIC5000_2683_gen.wav,2
/data/DATASETS/WaveFake/jsut_multi_band_melgan/BASIC5000_0563_gen.wav,1
/data/DATASETS/WaveFake/jsut_parallel_wavegan/BASIC5000_1866_gen.wav,2
/data/DATASETS/WaveFake/jsut_multi_band_melgan/BASIC5000_3489_gen.wav,1
/data/DATASETS/WaveFake/jsut_parallel_wavegan/BASIC5000_4614_gen.wav,2
/data/DATASETS/WaveFake/jsut_parallel_wavegan/BASIC5000_4378_gen.wav,2
/data/DATASETS/WaveFake/jsut_multi_band_melgan/BASIC5000_3256_gen.wav,1
/data/DATASETS/WaveFake/jsut_multi_band_melgan/BASIC5000_4318_gen.wav,1
/data/DATASETS/WaveFake/jsut_parallel_wavegan/BASIC5000_0810_gen.wav,2
/data/DATASETS/WaveFake/jsut_multi_band_melgan/BASIC5000_4166_gen.wav,1
/data/DATASETS/WaveFake/jsut_parallel_wavegan/BASIC5000_0861_gen.wav,2
/data/DATASETS/WaveFake/jsut_parallel_wavegan/BASIC5000_4038_gen.wav,2
/data/DATASETS/WaveFake/jsut_parallel_wavegan/BASIC5000_2348_gen.wav,2
/data/DATASETS/WaveFake/jsut_multi_band_melgan/BASIC5000_1379_gen.wav,1
/data/DATASETS/WaveFake/jsut_multi_band_melgan/BASIC5000_0977_gen.wav,1
/data/DATASETS/WaveFake/jsut_parallel_wavegan/BASIC5000_1171_gen.wav,2
/data/DATASETS/WaveFake/jsut_parallel_wavegan/BASIC5000_1488_gen.wav,2
/data/DATASETS/WaveFake/jsut_parallel_wavegan/BASIC5000_3009_gen.wav,2
/data/DATASETS/WaveFake/jsut_multi_band_melgan/BASIC5000_2343_gen.wav,1
/data/DATASETS/WaveFake/jsut_parallel_wavegan/BASIC5000_0281_gen.wav,2
/data/DATASETS/WaveFake/jsut_parallel_wavegan/BASIC5000_2327_gen.wav,2
/data/DATASETS/WaveFake/jsut_multi_band_melgan/BASIC5000_1414_gen.wav,1
/data/DATASETS/WaveFake/jsut_parallel_wavegan/BASIC5000_4587_gen.wav,2
/data/DATASETS/WaveFake/jsut_multi_band_melgan/BASIC5000_2321_gen.wav,1
/data/DATASETS/WaveFake/jsut_parallel_wavegan/BASIC5000_3155_gen.wav,2
/data/DATASETS/WaveFake/jsut_parallel_wavegan/BASIC5000_4067_gen.wav,2
/data/DATASETS/WaveFake/jsut_parallel_wavegan/BASIC5000_2767_gen.wav,2
/data/DATASETS/WaveFake/jsut_multi_band_melgan/BASIC5000_3869_gen.wav,1
/data/DATASETS/WaveFake/jsut_multi_band_melgan/BASIC5000_1451_gen.wav,1
/data/DATASETS/WaveFake/jsut_parallel_wavegan/BASIC5000_2620_gen.wav,2
/data/DATASETS/WaveFake/jsut_parallel_wavegan/BASIC5000_0665_gen.wav,2
/data/DATASETS/WaveFake/jsut_parallel_wavegan/BASIC5000_4647_gen.wav,2
/data/DATASETS/WaveFake/jsut_parallel_wavegan/BASIC5000_4493_gen.wav,2
/data/DATASETS/WaveFake/jsut_multi_band_melgan/BASIC5000_1103_gen.wav,1
/data/DATASETS/WaveFake/jsut_parallel_wavegan/BASIC5000_0079_gen.wav,2
/data/DATASETS/WaveFake/jsut_parallel_wavegan/BASIC5000_1327_gen.wav,2
/data/DATASETS/WaveFake/jsut_parallel_wavegan/BASIC5000_0537_gen.wav,2
/data/DATASETS/WaveFake/jsut_parallel_wavegan/BASIC5000_2196_gen.wav,2
/data/DATASETS/WaveFake/jsut_parallel_wavegan/BASIC5000_0362_gen.wav,2
/data/DATASETS/WaveFake/jsut_multi_band_melgan/BASIC5000_4464_gen.wav,1
/data/DATASETS/WaveFake/jsut_multi_band_melgan/BASIC5000_0601_gen.wav,1
/data/DATASETS/WaveFake/jsut_multi_band_melgan/BASIC5000_1995_gen.wav,1
/data/DATASETS/WaveFake/jsut_multi_band_melgan/BASIC5000_2512_gen.wav,1
/data/DATASETS/WaveFake/jsut_multi_band_melgan/BASIC5000_2162_gen.wav,1
/data/DATASETS/WaveFake/jsut_multi_band_melgan/BASIC5000_2144_gen.wav,1
/data/DATASETS/WaveFake/jsut_multi_band_melgan/BASIC5000_2071_gen.wav,1
/data/DATASETS/WaveFake/jsut_multi_band_melgan/BASIC5000_4369_gen.wav,1
/data/DATASETS/WaveFake/jsut_multi_band_melgan/BASIC5000_3681_gen.wav,1
/data/DATASETS/WaveFake/jsut_multi_band_melgan/BASIC5000_4343_gen.wav,1
/data/DATASETS/WaveFake/jsut_multi_band_melgan/BASIC5000_2069_gen.wav,1
/data/DATASETS/WaveFake/jsut_parallel_wavegan/BASIC5000_3407_gen.wav,2
/data/DATASETS/WaveFake/jsut_parallel_wavegan/BASIC5000_2950_gen.wav,2
/data/DATASETS/WaveFake/jsut_parallel_wavegan/BASIC5000_4982_gen.wav,2
/data/DATASETS/WaveFake/jsut_parallel_wavegan/BASIC5000_1565_gen.wav,2
/data/DATASETS/WaveFake/jsut_multi_band_melgan/BASIC5000_4936_gen.wav,1
/data/DATASETS/WaveFake/jsut_multi_band_melgan/BASIC5000_2540_gen.wav,1
/data/DATASETS/WaveFake/jsut_parallel_wavegan/BASIC5000_4479_gen.wav,2
/data/DATASETS/WaveFake/jsut_parallel_wavegan/BASIC5000_0012_gen.wav,2
/data/DATASETS/WaveFake/jsut_multi_band_melgan/BASIC5000_4491_gen.wav,1
/data/DATASETS/WaveFake/jsut_multi_band_melgan/BASIC5000_1505_gen.wav,1
/data/DATASETS/WaveFake/jsut_parallel_wavegan/BASIC5000_1818_gen.wav,2
/data/DATASETS/WaveFake/jsut_multi_band_melgan/BASIC5000_1192_gen.wav,1
/data/DATASETS/WaveFake/jsut_multi_band_melgan/BASIC5000_1717_gen.wav,1
/data/DATASETS/WaveFake/jsut_parallel_wavegan/BASIC5000_1669_gen.wav,2
/data/DATASETS/WaveFake/jsut_multi_band_melgan/BASIC5000_1765_gen.wav,1
/data/DATASETS/WaveFake/jsut_parallel_wavegan/BASIC5000_0636_gen.wav,2
/data/DATASETS/WaveFake/jsut_parallel_wavegan/BASIC5000_1727_gen.wav,2
/data/DATASETS/WaveFake/jsut_parallel_wavegan/BASIC5000_1515_gen.wav,2
/data/DATASETS/WaveFake/jsut_parallel_wavegan/BASIC5000_4622_gen.wav,2
/data/DATASETS/WaveFake/jsut_parallel_wavegan/BASIC5000_3273_gen.wav,2
/data/DATASETS/WaveFake/jsut_parallel_wavegan/BASIC5000_1817_gen.wav,2
/data/DATASETS/WaveFake/jsut_parallel_wavegan/BASIC5000_2618_gen.wav,2
/data/DATASETS/WaveFake/jsut_parallel_wavegan/BASIC5000_4628_gen.wav,2
/data/DATASETS/WaveFake/jsut_multi_band_melgan/BASIC5000_3103_gen.wav,1
/data/DATASETS/WaveFake/jsut_parallel_wavegan/BASIC5000_2439_gen.wav,2
/data/DATASETS/WaveFake/jsut_parallel_wavegan/BASIC5000_1476_gen.wav,2
/data/DATASETS/WaveFake/jsut_multi_band_melgan/BASIC5000_1161_gen.wav,1
/data/DATASETS/WaveFake/jsut_multi_band_melgan/BASIC5000_2756_gen.wav,1
/data/DATASETS/WaveFake/jsut_parallel_wavegan/BASIC5000_4481_gen.wav,2
/data/DATASETS/WaveFake/jsut_multi_band_melgan/BASIC5000_0029_gen.wav,1
/data/DATASETS/WaveFake/jsut_multi_band_melgan/BASIC5000_4783_gen.wav,1
/data/DATASETS/WaveFake/jsut_multi_band_melgan/BASIC5000_0960_gen.wav,1
/data/DATASETS/WaveFake/jsut_multi_band_melgan/BASIC5000_4941_gen.wav,1
/data/DATASETS/WaveFake/jsut_parallel_wavegan/BASIC5000_1081_gen.wav,2
/data/DATASETS/WaveFake/jsut_parallel_wavegan/BASIC5000_2280_gen.wav,2
/data/DATASETS/WaveFake/jsut_multi_band_melgan/BASIC5000_4097_gen.wav,1
/data/DATASETS/WaveFake/jsut_parallel_wavegan/BASIC5000_4123_gen.wav,2
/data/DATASETS/WaveFake/jsut_multi_band_melgan/BASIC5000_1282_gen.wav,1
/data/DATASETS/WaveFake/jsut_parallel_wavegan/BASIC5000_3525_gen.wav,2
/data/DATASETS/WaveFake/jsut_multi_band_melgan/BASIC5000_3138_gen.wav,1
/data/DATASETS/WaveFake/jsut_parallel_wavegan/BASIC5000_1039_gen.wav,2
/data/DATASETS/WaveFake/jsut_parallel_wavegan/BASIC5000_0191_gen.wav,2
/data/DATASETS/WaveFake/jsut_parallel_wavegan/BASIC5000_0203_gen.wav,2
/data/DATASETS/WaveFake/jsut_parallel_wavegan/BASIC5000_0452_gen.wav,2
/data/DATASETS/WaveFake/jsut_parallel_wavegan/BASIC5000_0462_gen.wav,2
/data/DATASETS/WaveFake/jsut_multi_band_melgan/BASIC5000_3357_gen.wav,1
/data/DATASETS/WaveFake/jsut_parallel_wavegan/BASIC5000_2290_gen.wav,2
/data/DATASETS/WaveFake/jsut_parallel_wavegan/BASIC5000_3957_gen.wav,2
/data/DATASETS/WaveFake/jsut_multi_band_melgan/BASIC5000_2863_gen.wav,1
/data/DATASETS/WaveFake/jsut_parallel_wavegan/BASIC5000_1604_gen.wav,2
/data/DATASETS/WaveFake/jsut_parallel_wavegan/BASIC5000_3232_gen.wav,2
/data/DATASETS/WaveFake/jsut_multi_band_melgan/BASIC5000_3703_gen.wav,1
/data/DATASETS/WaveFake/jsut_parallel_wavegan/BASIC5000_1628_gen.wav,2
/data/DATASETS/WaveFake/jsut_multi_band_melgan/BASIC5000_4082_gen.wav,1
/data/DATASETS/WaveFake/jsut_parallel_wavegan/BASIC5000_3364_gen.wav,2
/data/DATASETS/WaveFake/jsut_multi_band_melgan/BASIC5000_1180_gen.wav,1
/data/DATASETS/WaveFake/jsut_parallel_wavegan/BASIC5000_4865_gen.wav,2
/data/DATASETS/WaveFake/jsut_parallel_wavegan/BASIC5000_1162_gen.wav,2
/data/DATASETS/WaveFake/jsut_parallel_wavegan/BASIC5000_4252_gen.wav,2
/data/DATASETS/WaveFake/jsut_parallel_wavegan/BASIC5000_2311_gen.wav,2
/data/DATASETS/WaveFake/jsut_parallel_wavegan/BASIC5000_2971_gen.wav,2
/data/DATASETS/WaveFake/jsut_parallel_wavegan/BASIC5000_1216_gen.wav,2
/data/DATASETS/WaveFake/jsut_parallel_wavegan/BASIC5000_1419_gen.wav,2
/data/DATASETS/WaveFake/jsut_multi_band_melgan/BASIC5000_3102_gen.wav,1
/data/DATASETS/WaveFake/jsut_parallel_wavegan/BASIC5000_3791_gen.wav,2
/data/DATASETS/WaveFake/jsut_multi_band_melgan/BASIC5000_3147_gen.wav,1
/data/DATASETS/WaveFake/jsut_parallel_wavegan/BASIC5000_0268_gen.wav,2
/data/DATASETS/WaveFake/jsut_parallel_wavegan/BASIC5000_0562_gen.wav,2
/data/DATASETS/WaveFake/jsut_multi_band_melgan/BASIC5000_3113_gen.wav,1
/data/DATASETS/WaveFake/jsut_multi_band_melgan/BASIC5000_2028_gen.wav,1
/data/DATASETS/WaveFake/jsut_multi_band_melgan/BASIC5000_3671_gen.wav,1
/data/DATASETS/WaveFake/jsut_parallel_wavegan/BASIC5000_2210_gen.wav,2
/data/DATASETS/WaveFake/jsut_parallel_wavegan/BASIC5000_4759_gen.wav,2
/data/DATASETS/WaveFake/jsut_parallel_wavegan/BASIC5000_1794_gen.wav,2
/data/DATASETS/WaveFake/jsut_multi_band_melgan/BASIC5000_3922_gen.wav,1
/data/DATASETS/WaveFake/jsut_parallel_wavegan/BASIC5000_0951_gen.wav,2
/data/DATASETS/WaveFake/jsut_parallel_wavegan/BASIC5000_4411_gen.wav,2
/data/DATASETS/WaveFake/jsut_parallel_wavegan/BASIC5000_3069_gen.wav,2
/data/DATASETS/WaveFake/jsut_parallel_wavegan/BASIC5000_4968_gen.wav,2
/data/DATASETS/WaveFake/jsut_parallel_wavegan/BASIC5000_3731_gen.wav,2
/data/DATASETS/WaveFake/jsut_multi_band_melgan/BASIC5000_3091_gen.wav,1
/data/DATASETS/WaveFake/jsut_multi_band_melgan/BASIC5000_1174_gen.wav,1
/data/DATASETS/WaveFake/jsut_parallel_wavegan/BASIC5000_4243_gen.wav,2
/data/DATASETS/WaveFake/jsut_multi_band_melgan/BASIC5000_4271_gen.wav,1
/data/DATASETS/WaveFake/jsut_multi_band_melgan/BASIC5000_1056_gen.wav,1
/data/DATASETS/WaveFake/jsut_multi_band_melgan/BASIC5000_1498_gen.wav,1
/data/DATASETS/WaveFake/jsut_multi_band_melgan/BASIC5000_3524_gen.wav,1
/data/DATASETS/WaveFake/jsut_parallel_wavegan/BASIC5000_1024_gen.wav,2
/data/DATASETS/WaveFake/jsut_parallel_wavegan/BASIC5000_1985_gen.wav,2
/data/DATASETS/WaveFake/jsut_multi_band_melgan/BASIC5000_0119_gen.wav,1
/data/DATASETS/WaveFake/jsut_multi_band_melgan/BASIC5000_4250_gen.wav,1
/data/DATASETS/WaveFake/jsut_multi_band_melgan/BASIC5000_1003_gen.wav,1
/data/DATASETS/WaveFake/jsut_multi_band_melgan/BASIC5000_2306_gen.wav,1
/data/DATASETS/WaveFake/jsut_parallel_wavegan/BASIC5000_4875_gen.wav,2
/data/DATASETS/WaveFake/jsut_parallel_wavegan/BASIC5000_4563_gen.wav,2
/data/DATASETS/WaveFake/jsut_multi_band_melgan/BASIC5000_4982_gen.wav,1
/data/DATASETS/WaveFake/jsut_multi_band_melgan/BASIC5000_4663_gen.wav,1
/data/DATASETS/WaveFake/jsut_parallel_wavegan/BASIC5000_1035_gen.wav,2
/data/DATASETS/WaveFake/jsut_parallel_wavegan/BASIC5000_0205_gen.wav,2
/data/DATASETS/WaveFake/jsut_parallel_wavegan/BASIC5000_4558_gen.wav,2
/data/DATASETS/WaveFake/jsut_multi_band_melgan/BASIC5000_1907_gen.wav,1
/data/DATASETS/WaveFake/jsut_multi_band_melgan/BASIC5000_0321_gen.wav,1
/data/DATASETS/WaveFake/jsut_parallel_wavegan/BASIC5000_1780_gen.wav,2
/data/DATASETS/WaveFake/jsut_parallel_wavegan/BASIC5000_3104_gen.wav,2
/data/DATASETS/WaveFake/jsut_parallel_wavegan/BASIC5000_2856_gen.wav,2
/data/DATASETS/WaveFake/jsut_parallel_wavegan/BASIC5000_2342_gen.wav,2
/data/DATASETS/WaveFake/jsut_parallel_wavegan/BASIC5000_4673_gen.wav,2
/data/DATASETS/WaveFake/jsut_multi_band_melgan/BASIC5000_0928_gen.wav,1
/data/DATASETS/WaveFake/jsut_multi_band_melgan/BASIC5000_4998_gen.wav,1
/data/DATASETS/WaveFake/jsut_parallel_wavegan/BASIC5000_3374_gen.wav,2
/data/DATASETS/WaveFake/jsut_parallel_wavegan/BASIC5000_1989_gen.wav,2
/data/DATASETS/WaveFake/jsut_multi_band_melgan/BASIC5000_4844_gen.wav,1
/data/DATASETS/WaveFake/jsut_parallel_wavegan/BASIC5000_1806_gen.wav,2
/data/DATASETS/WaveFake/jsut_multi_band_melgan/BASIC5000_4180_gen.wav,1
/data/DATASETS/WaveFake/jsut_multi_band_melgan/BASIC5000_3133_gen.wav,1
/data/DATASETS/WaveFake/jsut_parallel_wavegan/BASIC5000_4450_gen.wav,2
/data/DATASETS/WaveFake/jsut_parallel_wavegan/BASIC5000_4555_gen.wav,2
/data/DATASETS/WaveFake/jsut_multi_band_melgan/BASIC5000_3803_gen.wav,1
/data/DATASETS/WaveFake/jsut_multi_band_melgan/BASIC5000_3563_gen.wav,1
/data/DATASETS/WaveFake/jsut_parallel_wavegan/BASIC5000_3120_gen.wav,2
/data/DATASETS/WaveFake/jsut_parallel_wavegan/BASIC5000_4880_gen.wav,2
/data/DATASETS/WaveFake/jsut_parallel_wavegan/BASIC5000_2970_gen.wav,2
/data/DATASETS/WaveFake/jsut_parallel_wavegan/BASIC5000_4077_gen.wav,2
/data/DATASETS/WaveFake/jsut_parallel_wavegan/BASIC5000_2843_gen.wav,2
/data/DATASETS/WaveFake/jsut_parallel_wavegan/BASIC5000_3849_gen.wav,2
/data/DATASETS/WaveFake/jsut_multi_band_melgan/BASIC5000_2398_gen.wav,1
/data/DATASETS/WaveFake/jsut_parallel_wavegan/BASIC5000_0521_gen.wav,2
/data/DATASETS/WaveFake/jsut_multi_band_melgan/BASIC5000_4558_gen.wav,1
/data/DATASETS/WaveFake/jsut_parallel_wavegan/BASIC5000_2676_gen.wav,2
/data/DATASETS/WaveFake/jsut_multi_band_melgan/BASIC5000_0615_gen.wav,1
/data/DATASETS/WaveFake/jsut_multi_band_melgan/BASIC5000_3320_gen.wav,1
/data/DATASETS/WaveFake/jsut_parallel_wavegan/BASIC5000_1749_gen.wav,2
/data/DATASETS/WaveFake/jsut_parallel_wavegan/BASIC5000_2283_gen.wav,2
/data/DATASETS/WaveFake/jsut_multi_band_melgan/BASIC5000_4548_gen.wav,1
/data/DATASETS/WaveFake/jsut_multi_band_melgan/BASIC5000_3590_gen.wav,1
/data/DATASETS/WaveFake/jsut_multi_band_melgan/BASIC5000_0507_gen.wav,1
/data/DATASETS/WaveFake/jsut_multi_band_melgan/BASIC5000_1687_gen.wav,1
/data/DATASETS/WaveFake/jsut_multi_band_melgan/BASIC5000_0968_gen.wav,1
/data/DATASETS/WaveFake/jsut_multi_band_melgan/BASIC5000_3087_gen.wav,1
/data/DATASETS/WaveFake/jsut_parallel_wavegan/BASIC5000_3671_gen.wav,2
/data/DATASETS/WaveFake/jsut_parallel_wavegan/BASIC5000_4334_gen.wav,2
/data/DATASETS/WaveFake/jsut_multi_band_melgan/BASIC5000_4456_gen.wav,1
/data/DATASETS/WaveFake/jsut_multi_band_melgan/BASIC5000_0962_gen.wav,1
/data/DATASETS/WaveFake/jsut_multi_band_melgan/BASIC5000_3450_gen.wav,1
/data/DATASETS/WaveFake/jsut_parallel_wavegan/BASIC5000_3710_gen.wav,2
/data/DATASETS/WaveFake/jsut_parallel_wavegan/BASIC5000_0298_gen.wav,2
/data/DATASETS/WaveFake/jsut_multi_band_melgan/BASIC5000_4673_gen.wav,1
/data/DATASETS/WaveFake/jsut_multi_band_melgan/BASIC5000_2041_gen.wav,1
/data/DATASETS/WaveFake/jsut_multi_band_melgan/BASIC5000_2308_gen.wav,1
/data/DATASETS/WaveFake/jsut_parallel_wavegan/BASIC5000_2923_gen.wav,2
/data/DATASETS/WaveFake/jsut_multi_band_melgan/BASIC5000_2699_gen.wav,1
/data/DATASETS/WaveFake/jsut_parallel_wavegan/BASIC5000_3684_gen.wav,2
/data/DATASETS/WaveFake/jsut_multi_band_melgan/BASIC5000_3829_gen.wav,1
/data/DATASETS/WaveFake/jsut_parallel_wavegan/BASIC5000_3085_gen.wav,2
/data/DATASETS/WaveFake/jsut_multi_band_melgan/BASIC5000_4879_gen.wav,1
/data/DATASETS/WaveFake/jsut_multi_band_melgan/BASIC5000_0349_gen.wav,1
/data/DATASETS/WaveFake/jsut_parallel_wavegan/BASIC5000_2172_gen.wav,2
/data/DATASETS/WaveFake/jsut_parallel_wavegan/BASIC5000_1670_gen.wav,2
/data/DATASETS/WaveFake/jsut_parallel_wavegan/BASIC5000_4405_gen.wav,2
/data/DATASETS/WaveFake/jsut_multi_band_melgan/BASIC5000_3755_gen.wav,1
/data/DATASETS/WaveFake/jsut_multi_band_melgan/BASIC5000_1895_gen.wav,1
/data/DATASETS/WaveFake/jsut_multi_band_melgan/BASIC5000_0171_gen.wav,1
/data/DATASETS/WaveFake/jsut_parallel_wavegan/BASIC5000_3673_gen.wav,2
/data/DATASETS/WaveFake/jsut_multi_band_melgan/BASIC5000_2371_gen.wav,1
/data/DATASETS/WaveFake/jsut_parallel_wavegan/BASIC5000_4980_gen.wav,2
/data/DATASETS/WaveFake/jsut_multi_band_melgan/BASIC5000_2880_gen.wav,1
/data/DATASETS/WaveFake/jsut_multi_band_melgan/BASIC5000_0199_gen.wav,1
/data/DATASETS/WaveFake/jsut_multi_band_melgan/BASIC5000_3753_gen.wav,1
/data/DATASETS/WaveFake/jsut_parallel_wavegan/BASIC5000_0855_gen.wav,2
/data/DATASETS/WaveFake/jsut_parallel_wavegan/BASIC5000_4926_gen.wav,2
/data/DATASETS/WaveFake/jsut_parallel_wavegan/BASIC5000_2718_gen.wav,2
/data/DATASETS/WaveFake/jsut_parallel_wavegan/BASIC5000_0953_gen.wav,2
/data/DATASETS/WaveFake/jsut_multi_band_melgan/BASIC5000_2808_gen.wav,1
/data/DATASETS/WaveFake/jsut_multi_band_melgan/BASIC5000_1637_gen.wav,1
/data/DATASETS/WaveFake/jsut_multi_band_melgan/BASIC5000_1436_gen.wav,1
/data/DATASETS/WaveFake/jsut_parallel_wavegan/BASIC5000_1504_gen.wav,2
/data/DATASETS/WaveFake/jsut_parallel_wavegan/BASIC5000_3088_gen.wav,2
/data/DATASETS/WaveFake/jsut_parallel_wavegan/BASIC5000_4729_gen.wav,2
/data/DATASETS/WaveFake/jsut_parallel_wavegan/BASIC5000_0106_gen.wav,2
/data/DATASETS/WaveFake/jsut_multi_band_melgan/BASIC5000_0099_gen.wav,1
/data/DATASETS/WaveFake/jsut_parallel_wavegan/BASIC5000_0714_gen.wav,2
/data/DATASETS/WaveFake/jsut_parallel_wavegan/BASIC5000_0821_gen.wav,2
/data/DATASETS/WaveFake/jsut_parallel_wavegan/BASIC5000_2864_gen.wav,2
/data/DATASETS/WaveFake/jsut_multi_band_melgan/BASIC5000_1888_gen.wav,1
/data/DATASETS/WaveFake/jsut_parallel_wavegan/BASIC5000_4674_gen.wav,2
/data/DATASETS/WaveFake/jsut_parallel_wavegan/BASIC5000_2029_gen.wav,2
/data/DATASETS/WaveFake/jsut_multi_band_melgan/BASIC5000_2311_gen.wav,1
/data/DATASETS/WaveFake/jsut_multi_band_melgan/BASIC5000_2654_gen.wav,1
/data/DATASETS/WaveFake/jsut_multi_band_melgan/BASIC5000_0203_gen.wav,1
/data/DATASETS/WaveFake/jsut_multi_band_melgan/BASIC5000_0305_gen.wav,1
/data/DATASETS/WaveFake/jsut_multi_band_melgan/BASIC5000_1471_gen.wav,1
/data/DATASETS/WaveFake/jsut_multi_band_melgan/BASIC5000_2363_gen.wav,1
/data/DATASETS/WaveFake/jsut_multi_band_melgan/BASIC5000_4654_gen.wav,1
/data/DATASETS/WaveFake/jsut_parallel_wavegan/BASIC5000_2868_gen.wav,2
/data/DATASETS/WaveFake/jsut_multi_band_melgan/BASIC5000_0995_gen.wav,1
/data/DATASETS/WaveFake/jsut_multi_band_melgan/BASIC5000_0431_gen.wav,1
/data/DATASETS/WaveFake/jsut_multi_band_melgan/BASIC5000_0939_gen.wav,1
/data/DATASETS/WaveFake/jsut_parallel_wavegan/BASIC5000_3224_gen.wav,2
/data/DATASETS/WaveFake/jsut_parallel_wavegan/BASIC5000_1411_gen.wav,2
/data/DATASETS/WaveFake/jsut_multi_band_melgan/BASIC5000_4179_gen.wav,1
/data/DATASETS/WaveFake/jsut_multi_band_melgan/BASIC5000_3199_gen.wav,1
/data/DATASETS/WaveFake/jsut_multi_band_melgan/BASIC5000_4062_gen.wav,1
/data/DATASETS/WaveFake/jsut_multi_band_melgan/BASIC5000_3193_gen.wav,1
/data/DATASETS/WaveFake/jsut_parallel_wavegan/BASIC5000_4774_gen.wav,2
/data/DATASETS/WaveFake/jsut_parallel_wavegan/BASIC5000_3173_gen.wav,2
/data/DATASETS/WaveFake/jsut_multi_band_melgan/BASIC5000_3098_gen.wav,1
/data/DATASETS/WaveFake/jsut_multi_band_melgan/BASIC5000_2602_gen.wav,1
/data/DATASETS/WaveFake/jsut_parallel_wavegan/BASIC5000_4466_gen.wav,2
/data/DATASETS/WaveFake/jsut_parallel_wavegan/BASIC5000_1310_gen.wav,2
/data/DATASETS/WaveFake/jsut_multi_band_melgan/BASIC5000_3128_gen.wav,1
/data/DATASETS/WaveFake/jsut_parallel_wavegan/BASIC5000_4813_gen.wav,2
/data/DATASETS/WaveFake/jsut_parallel_wavegan/BASIC5000_3486_gen.wav,2
/data/DATASETS/WaveFake/jsut_parallel_wavegan/BASIC5000_0336_gen.wav,2
/data/DATASETS/WaveFake/jsut_parallel_wavegan/BASIC5000_1191_gen.wav,2
/data/DATASETS/WaveFake/jsut_multi_band_melgan/BASIC5000_1686_gen.wav,1
/data/DATASETS/WaveFake/jsut_multi_band_melgan/BASIC5000_4770_gen.wav,1
/data/DATASETS/WaveFake/jsut_parallel_wavegan/BASIC5000_1958_gen.wav,2
/data/DATASETS/WaveFake/jsut_multi_band_melgan/BASIC5000_1838_gen.wav,1
/data/DATASETS/WaveFake/jsut_parallel_wavegan/BASIC5000_3115_gen.wav,2
/data/DATASETS/WaveFake/jsut_parallel_wavegan/BASIC5000_2267_gen.wav,2
/data/DATASETS/WaveFake/jsut_multi_band_melgan/BASIC5000_2146_gen.wav,1
/data/DATASETS/WaveFake/jsut_parallel_wavegan/BASIC5000_2650_gen.wav,2
/data/DATASETS/WaveFake/jsut_multi_band_melgan/BASIC5000_2940_gen.wav,1
/data/DATASETS/WaveFake/jsut_parallel_wavegan/BASIC5000_0033_gen.wav,2
/data/DATASETS/WaveFake/jsut_multi_band_melgan/BASIC5000_2449_gen.wav,1
/data/DATASETS/WaveFake/jsut_multi_band_melgan/BASIC5000_2154_gen.wav,1
/data/DATASETS/WaveFake/jsut_parallel_wavegan/BASIC5000_2014_gen.wav,2
/data/DATASETS/WaveFake/jsut_multi_band_melgan/BASIC5000_1128_gen.wav,1
/data/DATASETS/WaveFake/jsut_parallel_wavegan/BASIC5000_1396_gen.wav,2
/data/DATASETS/WaveFake/jsut_parallel_wavegan/BASIC5000_1899_gen.wav,2
/data/DATASETS/WaveFake/jsut_parallel_wavegan/BASIC5000_4820_gen.wav,2
/data/DATASETS/WaveFake/jsut_multi_band_melgan/BASIC5000_3404_gen.wav,1
/data/DATASETS/WaveFake/jsut_parallel_wavegan/BASIC5000_1701_gen.wav,2
/data/DATASETS/WaveFake/jsut_parallel_wavegan/BASIC5000_0344_gen.wav,2
/data/DATASETS/WaveFake/jsut_parallel_wavegan/BASIC5000_3597_gen.wav,2
/data/DATASETS/WaveFake/jsut_parallel_wavegan/BASIC5000_0068_gen.wav,2
/data/DATASETS/WaveFake/jsut_multi_band_melgan/BASIC5000_4103_gen.wav,1
/data/DATASETS/WaveFake/jsut_parallel_wavegan/BASIC5000_2895_gen.wav,2
/data/DATASETS/WaveFake/jsut_parallel_wavegan/BASIC5000_2800_gen.wav,2
/data/DATASETS/WaveFake/jsut_multi_band_melgan/BASIC5000_1811_gen.wav,1
/data/DATASETS/WaveFake/jsut_parallel_wavegan/BASIC5000_2036_gen.wav,2
/data/DATASETS/WaveFake/jsut_multi_band_melgan/BASIC5000_2853_gen.wav,1
/data/DATASETS/WaveFake/jsut_parallel_wavegan/BASIC5000_0495_gen.wav,2
/data/DATASETS/WaveFake/jsut_multi_band_melgan/BASIC5000_4246_gen.wav,1
/data/DATASETS/WaveFake/jsut_multi_band_melgan/BASIC5000_0688_gen.wav,1
/data/DATASETS/WaveFake/jsut_multi_band_melgan/BASIC5000_3843_gen.wav,1
/data/DATASETS/WaveFake/jsut_parallel_wavegan/BASIC5000_1875_gen.wav,2
/data/DATASETS/WaveFake/jsut_parallel_wavegan/BASIC5000_2263_gen.wav,2
/data/DATASETS/WaveFake/jsut_multi_band_melgan/BASIC5000_3827_gen.wav,1
/data/DATASETS/WaveFake/jsut_multi_band_melgan/BASIC5000_0062_gen.wav,1
/data/DATASETS/WaveFake/jsut_parallel_wavegan/BASIC5000_2634_gen.wav,2
/data/DATASETS/WaveFake/jsut_multi_band_melgan/BASIC5000_4122_gen.wav,1
/data/DATASETS/WaveFake/jsut_parallel_wavegan/BASIC5000_3827_gen.wav,2
/data/DATASETS/WaveFake/jsut_parallel_wavegan/BASIC5000_3138_gen.wav,2
/data/DATASETS/WaveFake/jsut_multi_band_melgan/BASIC5000_0685_gen.wav,1
/data/DATASETS/WaveFake/jsut_parallel_wavegan/BASIC5000_1519_gen.wav,2
/data/DATASETS/WaveFake/jsut_multi_band_melgan/BASIC5000_0900_gen.wav,1
/data/DATASETS/WaveFake/jsut_parallel_wavegan/BASIC5000_3735_gen.wav,2
/data/DATASETS/WaveFake/jsut_parallel_wavegan/BASIC5000_2988_gen.wav,2
/data/DATASETS/WaveFake/jsut_parallel_wavegan/BASIC5000_4083_gen.wav,2
/data/DATASETS/WaveFake/jsut_multi_band_melgan/BASIC5000_1558_gen.wav,1
/data/DATASETS/WaveFake/jsut_multi_band_melgan/BASIC5000_3267_gen.wav,1
/data/DATASETS/WaveFake/jsut_multi_band_melgan/BASIC5000_4613_gen.wav,1
/data/DATASETS/WaveFake/jsut_multi_band_melgan/BASIC5000_2015_gen.wav,1
/data/DATASETS/WaveFake/jsut_parallel_wavegan/BASIC5000_3396_gen.wav,2
/data/DATASETS/WaveFake/jsut_parallel_wavegan/BASIC5000_4062_gen.wav,2
/data/DATASETS/WaveFake/jsut_multi_band_melgan/BASIC5000_1580_gen.wav,1
/data/DATASETS/WaveFake/jsut_parallel_wavegan/BASIC5000_1642_gen.wav,2
/data/DATASETS/WaveFake/jsut_multi_band_melgan/BASIC5000_3752_gen.wav,1
/data/DATASETS/WaveFake/jsut_parallel_wavegan/BASIC5000_2095_gen.wav,2
/data/DATASETS/WaveFake/jsut_multi_band_melgan/BASIC5000_0389_gen.wav,1
/data/DATASETS/WaveFake/jsut_parallel_wavegan/BASIC5000_0713_gen.wav,2
/data/DATASETS/WaveFake/jsut_parallel_wavegan/BASIC5000_2861_gen.wav,2
/data/DATASETS/WaveFake/jsut_parallel_wavegan/BASIC5000_3608_gen.wav,2
/data/DATASETS/WaveFake/jsut_multi_band_melgan/BASIC5000_3987_gen.wav,1
/data/DATASETS/WaveFake/jsut_multi_band_melgan/BASIC5000_2473_gen.wav,1
/data/DATASETS/WaveFake/jsut_parallel_wavegan/BASIC5000_4228_gen.wav,2
/data/DATASETS/WaveFake/jsut_parallel_wavegan/BASIC5000_2298_gen.wav,2
/data/DATASETS/WaveFake/jsut_parallel_wavegan/BASIC5000_1752_gen.wav,2
/data/DATASETS/WaveFake/jsut_parallel_wavegan/BASIC5000_1676_gen.wav,2
/data/DATASETS/WaveFake/jsut_parallel_wavegan/BASIC5000_1166_gen.wav,2
/data/DATASETS/WaveFake/jsut_parallel_wavegan/BASIC5000_2712_gen.wav,2
/data/DATASETS/WaveFake/jsut_parallel_wavegan/BASIC5000_3600_gen.wav,2
/data/DATASETS/WaveFake/jsut_multi_band_melgan/BASIC5000_3321_gen.wav,1
/data/DATASETS/WaveFake/jsut_parallel_wavegan/BASIC5000_4513_gen.wav,2
/data/DATASETS/WaveFake/jsut_multi_band_melgan/BASIC5000_4327_gen.wav,1
/data/DATASETS/WaveFake/jsut_parallel_wavegan/BASIC5000_4120_gen.wav,2
/data/DATASETS/WaveFake/jsut_parallel_wavegan/BASIC5000_2573_gen.wav,2
/data/DATASETS/WaveFake/jsut_multi_band_melgan/BASIC5000_1389_gen.wav,1
/data/DATASETS/WaveFake/jsut_multi_band_melgan/BASIC5000_2029_gen.wav,1
/data/DATASETS/WaveFake/jsut_multi_band_melgan/BASIC5000_4772_gen.wav,1
/data/DATASETS/WaveFake/jsut_parallel_wavegan/BASIC5000_0560_gen.wav,2
/data/DATASETS/WaveFake/jsut_multi_band_melgan/BASIC5000_1170_gen.wav,1
/data/DATASETS/WaveFake/jsut_parallel_wavegan/BASIC5000_0411_gen.wav,2
/data/DATASETS/WaveFake/jsut_parallel_wavegan/BASIC5000_1855_gen.wav,2
/data/DATASETS/WaveFake/jsut_parallel_wavegan/BASIC5000_4770_gen.wav,2
/data/DATASETS/WaveFake/jsut_parallel_wavegan/BASIC5000_3160_gen.wav,2
/data/DATASETS/WaveFake/jsut_multi_band_melgan/BASIC5000_0511_gen.wav,1
/data/DATASETS/WaveFake/jsut_parallel_wavegan/BASIC5000_1792_gen.wav,2
/data/DATASETS/WaveFake/jsut_parallel_wavegan/BASIC5000_4045_gen.wav,2
/data/DATASETS/WaveFake/jsut_parallel_wavegan/BASIC5000_4323_gen.wav,2
/data/DATASETS/WaveFake/jsut_parallel_wavegan/BASIC5000_2607_gen.wav,2
/data/DATASETS/WaveFake/jsut_parallel_wavegan/BASIC5000_4199_gen.wav,2
/data/DATASETS/WaveFake/jsut_parallel_wavegan/BASIC5000_2430_gen.wav,2
/data/DATASETS/WaveFake/jsut_parallel_wavegan/BASIC5000_4282_gen.wav,2
/data/DATASETS/WaveFake/jsut_multi_band_melgan/BASIC5000_1817_gen.wav,1
/data/DATASETS/WaveFake/jsut_parallel_wavegan/BASIC5000_4037_gen.wav,2
/data/DATASETS/WaveFake/jsut_parallel_wavegan/BASIC5000_0906_gen.wav,2
/data/DATASETS/WaveFake/jsut_multi_band_melgan/BASIC5000_1136_gen.wav,1
/data/DATASETS/WaveFake/jsut_parallel_wavegan/BASIC5000_4846_gen.wav,2
/data/DATASETS/WaveFake/jsut_multi_band_melgan/BASIC5000_1014_gen.wav,1
/data/DATASETS/WaveFake/jsut_parallel_wavegan/BASIC5000_2120_gen.wav,2
/data/DATASETS/WaveFake/jsut_parallel_wavegan/BASIC5000_4800_gen.wav,2
/data/DATASETS/WaveFake/jsut_parallel_wavegan/BASIC5000_2304_gen.wav,2
/data/DATASETS/WaveFake/jsut_parallel_wavegan/BASIC5000_2890_gen.wav,2
/data/DATASETS/WaveFake/jsut_multi_band_melgan/BASIC5000_1777_gen.wav,1
/data/DATASETS/WaveFake/jsut_multi_band_melgan/BASIC5000_1577_gen.wav,1
/data/DATASETS/WaveFake/jsut_multi_band_melgan/BASIC5000_4929_gen.wav,1
/data/DATASETS/WaveFake/jsut_multi_band_melgan/BASIC5000_1540_gen.wav,1
/data/DATASETS/WaveFake/jsut_multi_band_melgan/BASIC5000_0440_gen.wav,1
/data/DATASETS/WaveFake/jsut_multi_band_melgan/BASIC5000_2044_gen.wav,1
/data/DATASETS/WaveFake/jsut_multi_band_melgan/BASIC5000_4521_gen.wav,1
/data/DATASETS/WaveFake/jsut_multi_band_melgan/BASIC5000_1283_gen.wav,1
/data/DATASETS/WaveFake/jsut_parallel_wavegan/BASIC5000_3405_gen.wav,2
/data/DATASETS/WaveFake/jsut_multi_band_melgan/BASIC5000_3924_gen.wav,1
/data/DATASETS/WaveFake/jsut_parallel_wavegan/BASIC5000_0890_gen.wav,2
/data/DATASETS/WaveFake/jsut_multi_band_melgan/BASIC5000_1775_gen.wav,1
/data/DATASETS/WaveFake/jsut_parallel_wavegan/BASIC5000_1317_gen.wav,2
/data/DATASETS/WaveFake/jsut_parallel_wavegan/BASIC5000_4533_gen.wav,2
/data/DATASETS/WaveFake/jsut_parallel_wavegan/BASIC5000_3899_gen.wav,2
/data/DATASETS/WaveFake/jsut_parallel_wavegan/BASIC5000_3578_gen.wav,2
/data/DATASETS/WaveFake/jsut_parallel_wavegan/BASIC5000_1937_gen.wav,2
/data/DATASETS/WaveFake/jsut_multi_band_melgan/BASIC5000_2661_gen.wav,1
/data/DATASETS/WaveFake/jsut_parallel_wavegan/BASIC5000_2916_gen.wav,2
/data/DATASETS/WaveFake/jsut_multi_band_melgan/BASIC5000_4435_gen.wav,1
/data/DATASETS/WaveFake/jsut_multi_band_melgan/BASIC5000_4414_gen.wav,1
/data/DATASETS/WaveFake/jsut_parallel_wavegan/BASIC5000_4738_gen.wav,2
/data/DATASETS/WaveFake/jsut_multi_band_melgan/BASIC5000_0331_gen.wav,1
/data/DATASETS/WaveFake/jsut_parallel_wavegan/BASIC5000_3035_gen.wav,2
/data/DATASETS/WaveFake/jsut_parallel_wavegan/BASIC5000_2835_gen.wav,2
/data/DATASETS/WaveFake/jsut_multi_band_melgan/BASIC5000_1927_gen.wav,1
/data/DATASETS/WaveFake/jsut_parallel_wavegan/BASIC5000_2406_gen.wav,2
/data/DATASETS/WaveFake/jsut_parallel_wavegan/BASIC5000_2229_gen.wav,2
/data/DATASETS/WaveFake/jsut_parallel_wavegan/BASIC5000_0016_gen.wav,2
/data/DATASETS/WaveFake/jsut_parallel_wavegan/BASIC5000_3093_gen.wav,2
/data/DATASETS/WaveFake/jsut_parallel_wavegan/BASIC5000_3839_gen.wav,2
/data/DATASETS/WaveFake/jsut_parallel_wavegan/BASIC5000_2684_gen.wav,2
/data/DATASETS/WaveFake/jsut_multi_band_melgan/BASIC5000_0537_gen.wav,1
/data/DATASETS/WaveFake/jsut_multi_band_melgan/BASIC5000_4505_gen.wav,1
/data/DATASETS/WaveFake/jsut_parallel_wavegan/BASIC5000_0753_gen.wav,2
/data/DATASETS/WaveFake/jsut_multi_band_melgan/BASIC5000_3778_gen.wav,1
/data/DATASETS/WaveFake/jsut_parallel_wavegan/BASIC5000_2173_gen.wav,2
/data/DATASETS/WaveFake/jsut_parallel_wavegan/BASIC5000_1726_gen.wav,2
/data/DATASETS/WaveFake/jsut_multi_band_melgan/BASIC5000_2721_gen.wav,1
/data/DATASETS/WaveFake/jsut_multi_band_melgan/BASIC5000_1025_gen.wav,1
/data/DATASETS/WaveFake/jsut_multi_band_melgan/BASIC5000_0138_gen.wav,1
/data/DATASETS/WaveFake/jsut_multi_band_melgan/BASIC5000_3689_gen.wav,1
/data/DATASETS/WaveFake/jsut_parallel_wavegan/BASIC5000_1119_gen.wav,2
/data/DATASETS/WaveFake/jsut_parallel_wavegan/BASIC5000_4318_gen.wav,2
/data/DATASETS/WaveFake/jsut_parallel_wavegan/BASIC5000_2893_gen.wav,2
/data/DATASETS/WaveFake/jsut_parallel_wavegan/BASIC5000_4605_gen.wav,2
/data/DATASETS/WaveFake/jsut_multi_band_melgan/BASIC5000_3039_gen.wav,1
/data/DATASETS/WaveFake/jsut_multi_band_melgan/BASIC5000_3219_gen.wav,1
/data/DATASETS/WaveFake/jsut_parallel_wavegan/BASIC5000_3392_gen.wav,2
/data/DATASETS/WaveFake/jsut_multi_band_melgan/BASIC5000_4902_gen.wav,1
/data/DATASETS/WaveFake/jsut_parallel_wavegan/BASIC5000_3544_gen.wav,2
/data/DATASETS/WaveFake/jsut_multi_band_melgan/BASIC5000_1988_gen.wav,1
/data/DATASETS/WaveFake/jsut_multi_band_melgan/BASIC5000_4380_gen.wav,1
/data/DATASETS/WaveFake/jsut_multi_band_melgan/BASIC5000_2324_gen.wav,1
/data/DATASETS/WaveFake/jsut_multi_band_melgan/BASIC5000_0376_gen.wav,1
/data/DATASETS/WaveFake/jsut_multi_band_melgan/BASIC5000_4398_gen.wav,1
/data/DATASETS/WaveFake/jsut_multi_band_melgan/BASIC5000_3540_gen.wav,1
/data/DATASETS/WaveFake/jsut_multi_band_melgan/BASIC5000_0573_gen.wav,1
/data/DATASETS/WaveFake/jsut_multi_band_melgan/BASIC5000_2951_gen.wav,1
/data/DATASETS/WaveFake/jsut_parallel_wavegan/BASIC5000_0792_gen.wav,2
/data/DATASETS/WaveFake/jsut_parallel_wavegan/BASIC5000_0303_gen.wav,2
/data/DATASETS/WaveFake/jsut_parallel_wavegan/BASIC5000_2593_gen.wav,2
/data/DATASETS/WaveFake/jsut_multi_band_melgan/BASIC5000_0168_gen.wav,1
/data/DATASETS/WaveFake/jsut_multi_band_melgan/BASIC5000_0219_gen.wav,1
/data/DATASETS/WaveFake/jsut_parallel_wavegan/BASIC5000_3333_gen.wav,2
/data/DATASETS/WaveFake/jsut_multi_band_melgan/BASIC5000_1394_gen.wav,1
/data/DATASETS/WaveFake/jsut_multi_band_melgan/BASIC5000_0130_gen.wav,1
/data/DATASETS/WaveFake/jsut_parallel_wavegan/BASIC5000_2747_gen.wav,2
/data/DATASETS/WaveFake/jsut_parallel_wavegan/BASIC5000_1389_gen.wav,2
/data/DATASETS/WaveFake/jsut_multi_band_melgan/BASIC5000_4827_gen.wav,1
/data/DATASETS/WaveFake/jsut_parallel_wavegan/BASIC5000_3260_gen.wav,2
/data/DATASETS/WaveFake/jsut_parallel_wavegan/BASIC5000_3919_gen.wav,2
/data/DATASETS/WaveFake/jsut_multi_band_melgan/BASIC5000_0964_gen.wav,1
/data/DATASETS/WaveFake/jsut_multi_band_melgan/BASIC5000_4254_gen.wav,1
/data/DATASETS/WaveFake/jsut_parallel_wavegan/BASIC5000_0027_gen.wav,2
/data/DATASETS/WaveFake/jsut_multi_band_melgan/BASIC5000_3498_gen.wav,1
/data/DATASETS/WaveFake/jsut_multi_band_melgan/BASIC5000_1485_gen.wav,1
/data/DATASETS/WaveFake/jsut_parallel_wavegan/BASIC5000_3358_gen.wav,2
/data/DATASETS/WaveFake/jsut_multi_band_melgan/BASIC5000_2854_gen.wav,1
/data/DATASETS/WaveFake/jsut_parallel_wavegan/BASIC5000_4221_gen.wav,2
/data/DATASETS/WaveFake/jsut_multi_band_melgan/BASIC5000_2519_gen.wav,1
/data/DATASETS/WaveFake/jsut_multi_band_melgan/BASIC5000_3587_gen.wav,1
/data/DATASETS/WaveFake/jsut_multi_band_melgan/BASIC5000_2240_gen.wav,1
/data/DATASETS/WaveFake/jsut_parallel_wavegan/BASIC5000_4724_gen.wav,2
/data/DATASETS/WaveFake/jsut_parallel_wavegan/BASIC5000_2199_gen.wav,2
/data/DATASETS/WaveFake/jsut_parallel_wavegan/BASIC5000_4065_gen.wav,2
/data/DATASETS/WaveFake/jsut_multi_band_melgan/BASIC5000_1239_gen.wav,1
/data/DATASETS/WaveFake/jsut_parallel_wavegan/BASIC5000_2940_gen.wav,2
/data/DATASETS/WaveFake/jsut_multi_band_melgan/BASIC5000_2122_gen.wav,1
/data/DATASETS/WaveFake/jsut_parallel_wavegan/BASIC5000_3804_gen.wav,2
/data/DATASETS/WaveFake/jsut_multi_band_melgan/BASIC5000_1042_gen.wav,1
/data/DATASETS/WaveFake/jsut_multi_band_melgan/BASIC5000_1624_gen.wav,1
/data/DATASETS/WaveFake/jsut_parallel_wavegan/BASIC5000_4462_gen.wav,2
/data/DATASETS/WaveFake/jsut_multi_band_melgan/BASIC5000_3845_gen.wav,1
/data/DATASETS/WaveFake/jsut_parallel_wavegan/BASIC5000_3521_gen.wav,2
/data/DATASETS/WaveFake/jsut_parallel_wavegan/BASIC5000_2104_gen.wav,2
/data/DATASETS/WaveFake/jsut_parallel_wavegan/BASIC5000_3634_gen.wav,2
/data/DATASETS/WaveFake/jsut_parallel_wavegan/BASIC5000_4737_gen.wav,2
/data/DATASETS/WaveFake/jsut_multi_band_melgan/BASIC5000_0821_gen.wav,1
/data/DATASETS/WaveFake/jsut_multi_band_melgan/BASIC5000_2905_gen.wav,1
/data/DATASETS/WaveFake/jsut_parallel_wavegan/BASIC5000_0274_gen.wav,2
/data/DATASETS/WaveFake/jsut_multi_band_melgan/BASIC5000_2016_gen.wav,1
/data/DATASETS/WaveFake/jsut_parallel_wavegan/BASIC5000_4231_gen.wav,2
/data/DATASETS/WaveFake/jsut_parallel_wavegan/BASIC5000_3594_gen.wav,2
/data/DATASETS/WaveFake/jsut_parallel_wavegan/BASIC5000_0919_gen.wav,2
/data/DATASETS/WaveFake/jsut_parallel_wavegan/BASIC5000_1050_gen.wav,2
/data/DATASETS/WaveFake/jsut_multi_band_melgan/BASIC5000_1191_gen.wav,1
/data/DATASETS/WaveFake/jsut_multi_band_melgan/BASIC5000_3969_gen.wav,1
/data/DATASETS/WaveFake/jsut_parallel_wavegan/BASIC5000_0118_gen.wav,2
/data/DATASETS/WaveFake/jsut_parallel_wavegan/BASIC5000_3619_gen.wav,2
/data/DATASETS/WaveFake/jsut_parallel_wavegan/BASIC5000_4316_gen.wav,2
/data/DATASETS/WaveFake/jsut_multi_band_melgan/BASIC5000_4389_gen.wav,1
/data/DATASETS/WaveFake/jsut_multi_band_melgan/BASIC5000_3307_gen.wav,1
/data/DATASETS/WaveFake/jsut_multi_band_melgan/BASIC5000_3317_gen.wav,1
/data/DATASETS/WaveFake/jsut_multi_band_melgan/BASIC5000_2910_gen.wav,1
/data/DATASETS/WaveFake/jsut_parallel_wavegan/BASIC5000_4234_gen.wav,2
/data/DATASETS/WaveFake/jsut_multi_band_melgan/BASIC5000_0883_gen.wav,1
/data/DATASETS/WaveFake/jsut_multi_band_melgan/BASIC5000_1810_gen.wav,1
/data/DATASETS/WaveFake/jsut_multi_band_melgan/BASIC5000_0532_gen.wav,1
/data/DATASETS/WaveFake/jsut_multi_band_melgan/BASIC5000_0679_gen.wav,1
/data/DATASETS/WaveFake/jsut_parallel_wavegan/BASIC5000_1342_gen.wav,2
/data/DATASETS/WaveFake/jsut_parallel_wavegan/BASIC5000_1238_gen.wav,2
/data/DATASETS/WaveFake/jsut_parallel_wavegan/BASIC5000_2161_gen.wav,2
/data/DATASETS/WaveFake/jsut_multi_band_melgan/BASIC5000_3529_gen.wav,1
/data/DATASETS/WaveFake/jsut_parallel_wavegan/BASIC5000_0369_gen.wav,2
/data/DATASETS/WaveFake/jsut_parallel_wavegan/BASIC5000_3369_gen.wav,2
/data/DATASETS/WaveFake/jsut_parallel_wavegan/BASIC5000_3992_gen.wav,2
/data/DATASETS/WaveFake/jsut_parallel_wavegan/BASIC5000_4630_gen.wav,2
/data/DATASETS/WaveFake/jsut_multi_band_melgan/BASIC5000_4531_gen.wav,1
/data/DATASETS/WaveFake/jsut_parallel_wavegan/BASIC5000_0090_gen.wav,2
/data/DATASETS/WaveFake/jsut_multi_band_melgan/BASIC5000_1313_gen.wav,1
/data/DATASETS/WaveFake/jsut_parallel_wavegan/BASIC5000_1410_gen.wav,2
/data/DATASETS/WaveFake/jsut_parallel_wavegan/BASIC5000_3670_gen.wav,2
/data/DATASETS/WaveFake/jsut_parallel_wavegan/BASIC5000_0972_gen.wav,2
/data/DATASETS/WaveFake/jsut_parallel_wavegan/BASIC5000_0123_gen.wav,2
/data/DATASETS/WaveFake/jsut_parallel_wavegan/BASIC5000_4432_gen.wav,2
/data/DATASETS/WaveFake/jsut_parallel_wavegan/BASIC5000_4590_gen.wav,2
/data/DATASETS/WaveFake/jsut_multi_band_melgan/BASIC5000_2272_gen.wav,1
/data/DATASETS/WaveFake/jsut_multi_band_melgan/BASIC5000_2753_gen.wav,1
/data/DATASETS/WaveFake/jsut_multi_band_melgan/BASIC5000_1184_gen.wav,1
/data/DATASETS/WaveFake/jsut_multi_band_melgan/BASIC5000_1095_gen.wav,1
/data/DATASETS/WaveFake/jsut_multi_band_melgan/BASIC5000_4399_gen.wav,1
/data/DATASETS/WaveFake/jsut_multi_band_melgan/BASIC5000_4943_gen.wav,1
/data/DATASETS/WaveFake/jsut_parallel_wavegan/BASIC5000_3109_gen.wav,2
/data/DATASETS/WaveFake/jsut_parallel_wavegan/BASIC5000_1942_gen.wav,2
/data/DATASETS/WaveFake/jsut_multi_band_melgan/BASIC5000_2771_gen.wav,1
/data/DATASETS/WaveFake/jsut_parallel_wavegan/BASIC5000_2315_gen.wav,2
/data/DATASETS/WaveFake/jsut_multi_band_melgan/BASIC5000_3123_gen.wav,1
/data/DATASETS/WaveFake/jsut_parallel_wavegan/BASIC5000_4377_gen.wav,2
/data/DATASETS/WaveFake/jsut_parallel_wavegan/BASIC5000_2509_gen.wav,2
/data/DATASETS/WaveFake/jsut_parallel_wavegan/BASIC5000_4367_gen.wav,2
/data/DATASETS/WaveFake/jsut_parallel_wavegan/BASIC5000_2840_gen.wav,2
/data/DATASETS/WaveFake/jsut_parallel_wavegan/BASIC5000_1690_gen.wav,2
/data/DATASETS/WaveFake/jsut_multi_band_melgan/BASIC5000_1701_gen.wav,1
/data/DATASETS/WaveFake/jsut_parallel_wavegan/BASIC5000_3699_gen.wav,2
/data/DATASETS/WaveFake/jsut_parallel_wavegan/BASIC5000_0775_gen.wav,2
/data/DATASETS/WaveFake/jsut_parallel_wavegan/BASIC5000_3497_gen.wav,2
/data/DATASETS/WaveFake/jsut_parallel_wavegan/BASIC5000_4154_gen.wav,2
/data/DATASETS/WaveFake/jsut_parallel_wavegan/BASIC5000_2009_gen.wav,2
/data/DATASETS/WaveFake/jsut_parallel_wavegan/BASIC5000_4437_gen.wav,2
/data/DATASETS/WaveFake/jsut_parallel_wavegan/BASIC5000_4950_gen.wav,2
/data/DATASETS/WaveFake/jsut_parallel_wavegan/BASIC5000_4166_gen.wav,2
/data/DATASETS/WaveFake/jsut_multi_band_melgan/BASIC5000_1423_gen.wav,1
/data/DATASETS/WaveFake/jsut_multi_band_melgan/BASIC5000_3823_gen.wav,1
/data/DATASETS/WaveFake/jsut_parallel_wavegan/BASIC5000_2472_gen.wav,2
/data/DATASETS/WaveFake/jsut_parallel_wavegan/BASIC5000_4769_gen.wav,2
/data/DATASETS/WaveFake/jsut_parallel_wavegan/BASIC5000_1720_gen.wav,2
/data/DATASETS/WaveFake/jsut_parallel_wavegan/BASIC5000_1973_gen.wav,2
/data/DATASETS/WaveFake/jsut_multi_band_melgan/BASIC5000_2006_gen.wav,1
/data/DATASETS/WaveFake/jsut_parallel_wavegan/BASIC5000_4515_gen.wav,2
/data/DATASETS/WaveFake/jsut_multi_band_melgan/BASIC5000_1153_gen.wav,1
/data/DATASETS/WaveFake/jsut_parallel_wavegan/BASIC5000_4331_gen.wav,2
/data/DATASETS/WaveFake/jsut_parallel_wavegan/BASIC5000_2325_gen.wav,2
/data/DATASETS/WaveFake/jsut_parallel_wavegan/BASIC5000_3759_gen.wav,2
/data/DATASETS/WaveFake/jsut_parallel_wavegan/BASIC5000_3683_gen.wav,2
/data/DATASETS/WaveFake/jsut_multi_band_melgan/BASIC5000_2167_gen.wav,1
/data/DATASETS/WaveFake/jsut_parallel_wavegan/BASIC5000_1540_gen.wav,2
/data/DATASETS/WaveFake/jsut_multi_band_melgan/BASIC5000_2502_gen.wav,1
/data/DATASETS/WaveFake/jsut_parallel_wavegan/BASIC5000_3566_gen.wav,2
/data/DATASETS/WaveFake/jsut_parallel_wavegan/BASIC5000_3075_gen.wav,2
/data/DATASETS/WaveFake/jsut_parallel_wavegan/BASIC5000_3654_gen.wav,2
/data/DATASETS/WaveFake/jsut_parallel_wavegan/BASIC5000_3290_gen.wav,2
/data/DATASETS/WaveFake/jsut_parallel_wavegan/BASIC5000_4524_gen.wav,2
/data/DATASETS/WaveFake/jsut_multi_band_melgan/BASIC5000_4291_gen.wav,1
/data/DATASETS/WaveFake/jsut_parallel_wavegan/BASIC5000_2719_gen.wav,2
/data/DATASETS/WaveFake/jsut_multi_band_melgan/BASIC5000_0209_gen.wav,1
/data/DATASETS/WaveFake/jsut_multi_band_melgan/BASIC5000_4509_gen.wav,1
/data/DATASETS/WaveFake/jsut_parallel_wavegan/BASIC5000_0530_gen.wav,2
/data/DATASETS/WaveFake/jsut_parallel_wavegan/BASIC5000_3408_gen.wav,2
/data/DATASETS/WaveFake/jsut_parallel_wavegan/BASIC5000_2965_gen.wav,2
/data/DATASETS/WaveFake/jsut_parallel_wavegan/BASIC5000_4255_gen.wav,2
/data/DATASETS/WaveFake/jsut_multi_band_melgan/BASIC5000_2117_gen.wav,1
/data/DATASETS/WaveFake/jsut_multi_band_melgan/BASIC5000_1351_gen.wav,1
/data/DATASETS/WaveFake/jsut_parallel_wavegan/BASIC5000_2833_gen.wav,2
/data/DATASETS/WaveFake/jsut_multi_band_melgan/BASIC5000_0373_gen.wav,1
/data/DATASETS/WaveFake/jsut_multi_band_melgan/BASIC5000_2907_gen.wav,1
/data/DATASETS/WaveFake/jsut_parallel_wavegan/BASIC5000_4295_gen.wav,2
/data/DATASETS/WaveFake/jsut_multi_band_melgan/BASIC5000_3670_gen.wav,1
/data/DATASETS/WaveFake/jsut_parallel_wavegan/BASIC5000_2913_gen.wav,2
/data/DATASETS/WaveFake/jsut_multi_band_melgan/BASIC5000_1860_gen.wav,1
/data/DATASETS/WaveFake/jsut_parallel_wavegan/BASIC5000_4204_gen.wav,2
/data/DATASETS/WaveFake/jsut_multi_band_melgan/BASIC5000_0097_gen.wav,1
/data/DATASETS/WaveFake/jsut_multi_band_melgan/BASIC5000_2123_gen.wav,1
/data/DATASETS/WaveFake/jsut_multi_band_melgan/BASIC5000_2266_gen.wav,1
/data/DATASETS/WaveFake/jsut_parallel_wavegan/BASIC5000_1455_gen.wav,2
/data/DATASETS/WaveFake/jsut_multi_band_melgan/BASIC5000_1764_gen.wav,1
/data/DATASETS/WaveFake/jsut_parallel_wavegan/BASIC5000_4451_gen.wav,2
/data/DATASETS/WaveFake/jsut_parallel_wavegan/BASIC5000_1542_gen.wav,2
/data/DATASETS/WaveFake/jsut_parallel_wavegan/BASIC5000_3477_gen.wav,2
/data/DATASETS/WaveFake/jsut_parallel_wavegan/BASIC5000_3172_gen.wav,2
/data/DATASETS/WaveFake/jsut_parallel_wavegan/BASIC5000_3840_gen.wav,2
/data/DATASETS/WaveFake/jsut_parallel_wavegan/BASIC5000_0288_gen.wav,2
/data/DATASETS/WaveFake/jsut_multi_band_melgan/BASIC5000_0417_gen.wav,1
/data/DATASETS/WaveFake/jsut_parallel_wavegan/BASIC5000_0324_gen.wav,2
/data/DATASETS/WaveFake/jsut_multi_band_melgan/BASIC5000_1386_gen.wav,1
/data/DATASETS/WaveFake/jsut_multi_band_melgan/BASIC5000_4295_gen.wav,1
/data/DATASETS/WaveFake/jsut_multi_band_melgan/BASIC5000_4079_gen.wav,1
/data/DATASETS/WaveFake/jsut_parallel_wavegan/BASIC5000_3918_gen.wav,2
/data/DATASETS/WaveFake/jsut_parallel_wavegan/BASIC5000_0417_gen.wav,2
/data/DATASETS/WaveFake/jsut_multi_band_melgan/BASIC5000_4063_gen.wav,1
/data/DATASETS/WaveFake/jsut_multi_band_melgan/BASIC5000_2696_gen.wav,1
/data/DATASETS/WaveFake/jsut_parallel_wavegan/BASIC5000_0504_gen.wav,2
/data/DATASETS/WaveFake/jsut_multi_band_melgan/BASIC5000_1435_gen.wav,1
/data/DATASETS/WaveFake/jsut_multi_band_melgan/BASIC5000_0061_gen.wav,1
/data/DATASETS/WaveFake/jsut_parallel_wavegan/BASIC5000_4024_gen.wav,2
/data/DATASETS/WaveFake/jsut_multi_band_melgan/BASIC5000_0419_gen.wav,1
/data/DATASETS/WaveFake/jsut_parallel_wavegan/BASIC5000_1286_gen.wav,2
/data/DATASETS/WaveFake/jsut_multi_band_melgan/BASIC5000_2554_gen.wav,1
/data/DATASETS/WaveFake/jsut_parallel_wavegan/BASIC5000_2714_gen.wav,2
/data/DATASETS/WaveFake/jsut_multi_band_melgan/BASIC5000_0855_gen.wav,1
/data/DATASETS/WaveFake/jsut_parallel_wavegan/BASIC5000_2048_gen.wav,2
/data/DATASETS/WaveFake/jsut_multi_band_melgan/BASIC5000_4810_gen.wav,1
/data/DATASETS/WaveFake/jsut_multi_band_melgan/BASIC5000_0215_gen.wav,1
/data/DATASETS/WaveFake/jsut_multi_band_melgan/BASIC5000_0603_gen.wav,1
/data/DATASETS/WaveFake/jsut_multi_band_melgan/BASIC5000_0772_gen.wav,1
/data/DATASETS/WaveFake/jsut_multi_band_melgan/BASIC5000_1106_gen.wav,1
/data/DATASETS/WaveFake/jsut_parallel_wavegan/BASIC5000_2776_gen.wav,2
/data/DATASETS/WaveFake/jsut_parallel_wavegan/BASIC5000_1296_gen.wav,2
/data/DATASETS/WaveFake/jsut_parallel_wavegan/BASIC5000_1076_gen.wav,2
/data/DATASETS/WaveFake/jsut_parallel_wavegan/BASIC5000_0122_gen.wav,2
/data/DATASETS/WaveFake/jsut_parallel_wavegan/BASIC5000_0650_gen.wav,2
/data/DATASETS/WaveFake/jsut_multi_band_melgan/BASIC5000_2955_gen.wav,1
/data/DATASETS/WaveFake/jsut_parallel_wavegan/BASIC5000_0042_gen.wav,2
/data/DATASETS/WaveFake/jsut_multi_band_melgan/BASIC5000_1340_gen.wav,1
/data/DATASETS/WaveFake/jsut_multi_band_melgan/BASIC5000_2511_gen.wav,1
/data/DATASETS/WaveFake/jsut_parallel_wavegan/BASIC5000_3454_gen.wav,2
/data/DATASETS/WaveFake/jsut_multi_band_melgan/BASIC5000_3215_gen.wav,1
/data/DATASETS/WaveFake/jsut_multi_band_melgan/BASIC5000_0239_gen.wav,1
/data/DATASETS/WaveFake/jsut_parallel_wavegan/BASIC5000_4427_gen.wav,2
/data/DATASETS/WaveFake/jsut_multi_band_melgan/BASIC5000_4640_gen.wav,1
/data/DATASETS/WaveFake/jsut_multi_band_melgan/BASIC5000_0393_gen.wav,1
/data/DATASETS/WaveFake/jsut_parallel_wavegan/BASIC5000_4408_gen.wav,2
/data/DATASETS/WaveFake/jsut_multi_band_melgan/BASIC5000_2809_gen.wav,1
/data/DATASETS/WaveFake/jsut_parallel_wavegan/BASIC5000_2734_gen.wav,2
/data/DATASETS/WaveFake/jsut_multi_band_melgan/BASIC5000_3244_gen.wav,1
/data/DATASETS/WaveFake/jsut_parallel_wavegan/BASIC5000_3641_gen.wav,2
/data/DATASETS/WaveFake/jsut_multi_band_melgan/BASIC5000_3684_gen.wav,1
/data/DATASETS/WaveFake/jsut_multi_band_melgan/BASIC5000_3205_gen.wav,1
/data/DATASETS/WaveFake/jsut_parallel_wavegan/BASIC5000_1230_gen.wav,2
/data/DATASETS/WaveFake/jsut_parallel_wavegan/BASIC5000_0516_gen.wav,2
/data/DATASETS/WaveFake/jsut_parallel_wavegan/BASIC5000_3530_gen.wav,2
/data/DATASETS/WaveFake/jsut_multi_band_melgan/BASIC5000_0815_gen.wav,1
/data/DATASETS/WaveFake/jsut_parallel_wavegan/BASIC5000_4970_gen.wav,2
/data/DATASETS/WaveFake/jsut_multi_band_melgan/BASIC5000_1928_gen.wav,1
/data/DATASETS/WaveFake/jsut_multi_band_melgan/BASIC5000_2168_gen.wav,1
/data/DATASETS/WaveFake/jsut_parallel_wavegan/BASIC5000_3570_gen.wav,2
/data/DATASETS/WaveFake/jsut_parallel_wavegan/BASIC5000_3101_gen.wav,2
/data/DATASETS/WaveFake/jsut_multi_band_melgan/BASIC5000_1914_gen.wav,1
/data/DATASETS/WaveFake/jsut_multi_band_melgan/BASIC5000_3538_gen.wav,1
/data/DATASETS/WaveFake/jsut_parallel_wavegan/BASIC5000_1641_gen.wav,2
/data/DATASETS/WaveFake/jsut_parallel_wavegan/BASIC5000_2654_gen.wav,2
/data/DATASETS/WaveFake/jsut_multi_band_melgan/BASIC5000_1399_gen.wav,1
/data/DATASETS/WaveFake/jsut_multi_band_melgan/BASIC5000_4708_gen.wav,1
/data/DATASETS/WaveFake/jsut_multi_band_melgan/BASIC5000_4238_gen.wav,1
/data/DATASETS/WaveFake/jsut_multi_band_melgan/BASIC5000_2076_gen.wav,1
/data/DATASETS/WaveFake/jsut_multi_band_melgan/BASIC5000_0970_gen.wav,1
/data/DATASETS/WaveFake/jsut_parallel_wavegan/BASIC5000_0248_gen.wav,2
/data/DATASETS/WaveFake/jsut_multi_band_melgan/BASIC5000_4408_gen.wav,1
/data/DATASETS/WaveFake/jsut_parallel_wavegan/BASIC5000_1099_gen.wav,2
/data/DATASETS/WaveFake/jsut_multi_band_melgan/BASIC5000_1828_gen.wav,1
/data/DATASETS/WaveFake/jsut_multi_band_melgan/BASIC5000_2695_gen.wav,1
/data/DATASETS/WaveFake/jsut_multi_band_melgan/BASIC5000_2684_gen.wav,1
/data/DATASETS/WaveFake/jsut_parallel_wavegan/BASIC5000_4094_gen.wav,2
/data/DATASETS/WaveFake/jsut_parallel_wavegan/BASIC5000_4194_gen.wav,2
/data/DATASETS/WaveFake/jsut_parallel_wavegan/BASIC5000_3153_gen.wav,2
/data/DATASETS/WaveFake/jsut_multi_band_melgan/BASIC5000_4198_gen.wav,1
/data/DATASETS/WaveFake/jsut_parallel_wavegan/BASIC5000_1925_gen.wav,2
/data/DATASETS/WaveFake/jsut_parallel_wavegan/BASIC5000_2542_gen.wav,2
/data/DATASETS/WaveFake/jsut_parallel_wavegan/BASIC5000_2072_gen.wav,2
/data/DATASETS/WaveFake/jsut_parallel_wavegan/BASIC5000_2352_gen.wav,2
/data/DATASETS/WaveFake/jsut_multi_band_melgan/BASIC5000_0849_gen.wav,1
/data/DATASETS/WaveFake/jsut_parallel_wavegan/BASIC5000_0404_gen.wav,2
/data/DATASETS/WaveFake/jsut_parallel_wavegan/BASIC5000_4419_gen.wav,2
/data/DATASETS/WaveFake/jsut_multi_band_melgan/BASIC5000_4918_gen.wav,1
/data/DATASETS/WaveFake/jsut_parallel_wavegan/BASIC5000_1710_gen.wav,2
/data/DATASETS/WaveFake/jsut_multi_band_melgan/BASIC5000_0805_gen.wav,1
/data/DATASETS/WaveFake/jsut_parallel_wavegan/BASIC5000_0113_gen.wav,2
/data/DATASETS/WaveFake/jsut_parallel_wavegan/BASIC5000_0358_gen.wav,2
/data/DATASETS/WaveFake/jsut_multi_band_melgan/BASIC5000_2610_gen.wav,1
/data/DATASETS/WaveFake/jsut_parallel_wavegan/BASIC5000_3876_gen.wav,2
/data/DATASETS/WaveFake/jsut_multi_band_melgan/BASIC5000_2184_gen.wav,1
/data/DATASETS/WaveFake/jsut_multi_band_melgan/BASIC5000_0101_gen.wav,1
/data/DATASETS/WaveFake/jsut_multi_band_melgan/BASIC5000_1482_gen.wav,1
/data/DATASETS/WaveFake/jsut_parallel_wavegan/BASIC5000_0497_gen.wav,2
/data/DATASETS/WaveFake/jsut_parallel_wavegan/BASIC5000_1717_gen.wav,2
/data/DATASETS/WaveFake/jsut_multi_band_melgan/BASIC5000_2692_gen.wav,1
/data/DATASETS/WaveFake/jsut_multi_band_melgan/BASIC5000_3946_gen.wav,1
/data/DATASETS/WaveFake/jsut_parallel_wavegan/BASIC5000_4885_gen.wav,2
/data/DATASETS/WaveFake/jsut_multi_band_melgan/BASIC5000_4950_gen.wav,1
/data/DATASETS/WaveFake/jsut_multi_band_melgan/BASIC5000_4303_gen.wav,1
/data/DATASETS/WaveFake/jsut_parallel_wavegan/BASIC5000_4281_gen.wav,2
/data/DATASETS/WaveFake/jsut_multi_band_melgan/BASIC5000_2046_gen.wav,1
/data/DATASETS/WaveFake/jsut_parallel_wavegan/BASIC5000_2561_gen.wav,2
/data/DATASETS/WaveFake/jsut_parallel_wavegan/BASIC5000_1765_gen.wav,2
/data/DATASETS/WaveFake/jsut_multi_band_melgan/BASIC5000_3572_gen.wav,1
/data/DATASETS/WaveFake/jsut_multi_band_melgan/BASIC5000_2913_gen.wav,1
/data/DATASETS/WaveFake/jsut_multi_band_melgan/BASIC5000_1053_gen.wav,1
/data/DATASETS/WaveFake/jsut_multi_band_melgan/BASIC5000_0632_gen.wav,1
/data/DATASETS/WaveFake/jsut_multi_band_melgan/BASIC5000_4028_gen.wav,1
/data/DATASETS/WaveFake/jsut_parallel_wavegan/BASIC5000_1603_gen.wav,2
/data/DATASETS/WaveFake/jsut_multi_band_melgan/BASIC5000_0478_gen.wav,1
/data/DATASETS/WaveFake/jsut_parallel_wavegan/BASIC5000_3500_gen.wav,2
/data/DATASETS/WaveFake/jsut_parallel_wavegan/BASIC5000_1935_gen.wav,2
/data/DATASETS/WaveFake/jsut_multi_band_melgan/BASIC5000_3800_gen.wav,1
/data/DATASETS/WaveFake/jsut_multi_band_melgan/BASIC5000_0222_gen.wav,1
/data/DATASETS/WaveFake/jsut_parallel_wavegan/BASIC5000_4381_gen.wav,2
/data/DATASETS/WaveFake/jsut_multi_band_melgan/BASIC5000_3849_gen.wav,1
/data/DATASETS/WaveFake/jsut_multi_band_melgan/BASIC5000_0965_gen.wav,1
/data/DATASETS/WaveFake/jsut_multi_band_melgan/BASIC5000_3490_gen.wav,1
/data/DATASETS/WaveFake/jsut_multi_band_melgan/BASIC5000_0985_gen.wav,1
/data/DATASETS/WaveFake/jsut_parallel_wavegan/BASIC5000_2129_gen.wav,2
/data/DATASETS/WaveFake/jsut_multi_band_melgan/BASIC5000_0140_gen.wav,1
/data/DATASETS/WaveFake/jsut_multi_band_melgan/BASIC5000_1822_gen.wav,1
/data/DATASETS/WaveFake/jsut_multi_band_melgan/BASIC5000_0631_gen.wav,1
/data/DATASETS/WaveFake/jsut_multi_band_melgan/BASIC5000_0654_gen.wav,1
/data/DATASETS/WaveFake/jsut_multi_band_melgan/BASIC5000_1774_gen.wav,1
/data/DATASETS/WaveFake/jsut_parallel_wavegan/BASIC5000_4782_gen.wav,2
/data/DATASETS/WaveFake/jsut_parallel_wavegan/BASIC5000_0757_gen.wav,2
/data/DATASETS/WaveFake/jsut_multi_band_melgan/BASIC5000_2964_gen.wav,1
/data/DATASETS/WaveFake/jsut_multi_band_melgan/BASIC5000_0057_gen.wav,1
/data/DATASETS/WaveFake/jsut_parallel_wavegan/BASIC5000_4751_gen.wav,2
/data/DATASETS/WaveFake/jsut_multi_band_melgan/BASIC5000_3525_gen.wav,1
/data/DATASETS/WaveFake/jsut_parallel_wavegan/BASIC5000_0992_gen.wav,2
/data/DATASETS/WaveFake/jsut_parallel_wavegan/BASIC5000_4026_gen.wav,2
/data/DATASETS/WaveFake/jsut_parallel_wavegan/BASIC5000_0959_gen.wav,2
/data/DATASETS/WaveFake/jsut_multi_band_melgan/BASIC5000_4818_gen.wav,1
/data/DATASETS/WaveFake/jsut_multi_band_melgan/BASIC5000_4914_gen.wav,1
/data/DATASETS/WaveFake/jsut_multi_band_melgan/BASIC5000_3213_gen.wav,1
/data/DATASETS/WaveFake/jsut_multi_band_melgan/BASIC5000_1671_gen.wav,1
/data/DATASETS/WaveFake/jsut_parallel_wavegan/BASIC5000_0551_gen.wav,2
/data/DATASETS/WaveFake/jsut_multi_band_melgan/BASIC5000_0118_gen.wav,1
/data/DATASETS/WaveFake/jsut_parallel_wavegan/BASIC5000_2783_gen.wav,2
/data/DATASETS/WaveFake/jsut_parallel_wavegan/BASIC5000_1526_gen.wav,2
/data/DATASETS/WaveFake/jsut_parallel_wavegan/BASIC5000_4600_gen.wav,2
/data/DATASETS/WaveFake/jsut_multi_band_melgan/BASIC5000_3079_gen.wav,1
/data/DATASETS/WaveFake/jsut_parallel_wavegan/BASIC5000_4758_gen.wav,2
/data/DATASETS/WaveFake/jsut_multi_band_melgan/BASIC5000_3020_gen.wav,1
/data/DATASETS/WaveFake/jsut_parallel_wavegan/BASIC5000_1554_gen.wav,2
/data/DATASETS/WaveFake/jsut_multi_band_melgan/BASIC5000_2114_gen.wav,1
/data/DATASETS/WaveFake/jsut_multi_band_melgan/BASIC5000_4887_gen.wav,1
/data/DATASETS/WaveFake/jsut_multi_band_melgan/BASIC5000_0906_gen.wav,1
/data/DATASETS/WaveFake/jsut_multi_band_melgan/BASIC5000_1689_gen.wav,1
/data/DATASETS/WaveFake/jsut_multi_band_melgan/BASIC5000_1707_gen.wav,1
/data/DATASETS/WaveFake/jsut_parallel_wavegan/BASIC5000_3665_gen.wav,2
/data/DATASETS/WaveFake/jsut_parallel_wavegan/BASIC5000_4288_gen.wav,2
/data/DATASETS/WaveFake/jsut_parallel_wavegan/BASIC5000_3888_gen.wav,2
/data/DATASETS/WaveFake/jsut_parallel_wavegan/BASIC5000_3841_gen.wav,2
/data/DATASETS/WaveFake/jsut_parallel_wavegan/BASIC5000_1735_gen.wav,2
/data/DATASETS/WaveFake/jsut_parallel_wavegan/BASIC5000_2289_gen.wav,2
/data/DATASETS/WaveFake/jsut_multi_band_melgan/BASIC5000_0642_gen.wav,1
/data/DATASETS/WaveFake/jsut_parallel_wavegan/BASIC5000_1045_gen.wav,2
/data/DATASETS/WaveFake/jsut_multi_band_melgan/BASIC5000_4187_gen.wav,1
/data/DATASETS/WaveFake/jsut_parallel_wavegan/BASIC5000_4994_gen.wav,2
/data/DATASETS/WaveFake/jsut_multi_band_melgan/BASIC5000_3225_gen.wav,1
/data/DATASETS/WaveFake/jsut_multi_band_melgan/BASIC5000_4937_gen.wav,1
/data/DATASETS/WaveFake/jsut_multi_band_melgan/BASIC5000_4445_gen.wav,1
/data/DATASETS/WaveFake/jsut_multi_band_melgan/BASIC5000_1033_gen.wav,1
/data/DATASETS/WaveFake/jsut_parallel_wavegan/BASIC5000_0908_gen.wav,2
/data/DATASETS/WaveFake/jsut_multi_band_melgan/BASIC5000_4482_gen.wav,1
/data/DATASETS/WaveFake/jsut_parallel_wavegan/BASIC5000_4559_gen.wav,2
/data/DATASETS/WaveFake/jsut_parallel_wavegan/BASIC5000_3507_gen.wav,2
/data/DATASETS/WaveFake/jsut_multi_band_melgan/BASIC5000_4041_gen.wav,1
/data/DATASETS/WaveFake/jsut_parallel_wavegan/BASIC5000_2321_gen.wav,2
/data/DATASETS/WaveFake/jsut_multi_band_melgan/BASIC5000_0659_gen.wav,1
/data/DATASETS/WaveFake/jsut_parallel_wavegan/BASIC5000_2319_gen.wav,2
/data/DATASETS/WaveFake/jsut_multi_band_melgan/BASIC5000_2208_gen.wav,1
/data/DATASETS/WaveFake/jsut_parallel_wavegan/BASIC5000_4128_gen.wav,2
/data/DATASETS/WaveFake/jsut_multi_band_melgan/BASIC5000_3930_gen.wav,1
/data/DATASETS/WaveFake/jsut_multi_band_melgan/BASIC5000_4252_gen.wav,1
/data/DATASETS/WaveFake/jsut_parallel_wavegan/BASIC5000_0440_gen.wav,2
/data/DATASETS/WaveFake/jsut_parallel_wavegan/BASIC5000_0441_gen.wav,2
/data/DATASETS/WaveFake/jsut_multi_band_melgan/BASIC5000_0435_gen.wav,1
/data/DATASETS/WaveFake/jsut_multi_band_melgan/BASIC5000_3455_gen.wav,1
/data/DATASETS/WaveFake/jsut_parallel_wavegan/BASIC5000_1801_gen.wav,2
/data/DATASETS/WaveFake/jsut_multi_band_melgan/BASIC5000_0861_gen.wav,1
/data/DATASETS/WaveFake/jsut_parallel_wavegan/BASIC5000_2190_gen.wav,2
/data/DATASETS/WaveFake/jsut_multi_band_melgan/BASIC5000_0672_gen.wav,1
/data/DATASETS/WaveFake/jsut_multi_band_melgan/BASIC5000_2726_gen.wav,1
/data/DATASETS/WaveFake/jsut_multi_band_melgan/BASIC5000_1080_gen.wav,1
/data/DATASETS/WaveFake/jsut_parallel_wavegan/BASIC5000_2867_gen.wav,2
/data/DATASETS/WaveFake/jsut_parallel_wavegan/BASIC5000_2841_gen.wav,2
/data/DATASETS/WaveFake/jsut_multi_band_melgan/BASIC5000_4450_gen.wav,1
/data/DATASETS/WaveFake/jsut_multi_band_melgan/BASIC5000_0448_gen.wav,1
/data/DATASETS/WaveFake/jsut_multi_band_melgan/BASIC5000_4710_gen.wav,1
/data/DATASETS/WaveFake/jsut_multi_band_melgan/BASIC5000_1623_gen.wav,1
/data/DATASETS/WaveFake/jsut_parallel_wavegan/BASIC5000_4058_gen.wav,2
/data/DATASETS/WaveFake/jsut_parallel_wavegan/BASIC5000_2584_gen.wav,2
/data/DATASETS/WaveFake/jsut_multi_band_melgan/BASIC5000_1659_gen.wav,1
/data/DATASETS/WaveFake/jsut_parallel_wavegan/BASIC5000_0514_gen.wav,2
/data/DATASETS/WaveFake/jsut_multi_band_melgan/BASIC5000_1957_gen.wav,1
/data/DATASETS/WaveFake/jsut_multi_band_melgan/BASIC5000_2617_gen.wav,1
/data/DATASETS/WaveFake/jsut_parallel_wavegan/BASIC5000_1058_gen.wav,2
/data/DATASETS/WaveFake/jsut_multi_band_melgan/BASIC5000_4279_gen.wav,1
/data/DATASETS/WaveFake/jsut_multi_band_melgan/BASIC5000_4760_gen.wav,1
/data/DATASETS/WaveFake/jsut_multi_band_melgan/BASIC5000_3732_gen.wav,1
/data/DATASETS/WaveFake/jsut_multi_band_melgan/BASIC5000_3602_gen.wav,1
/data/DATASETS/WaveFake/jsut_parallel_wavegan/BASIC5000_3284_gen.wav,2
/data/DATASETS/WaveFake/jsut_multi_band_melgan/BASIC5000_2263_gen.wav,1
/data/DATASETS/WaveFake/jsut_multi_band_melgan/BASIC5000_0848_gen.wav,1
/data/DATASETS/WaveFake/jsut_parallel_wavegan/BASIC5000_4747_gen.wav,2
/data/DATASETS/WaveFake/jsut_parallel_wavegan/BASIC5000_1907_gen.wav,2
/data/DATASETS/WaveFake/jsut_multi_band_melgan/BASIC5000_1801_gen.wav,1
/data/DATASETS/WaveFake/jsut_parallel_wavegan/BASIC5000_1632_gen.wav,2
/data/DATASETS/WaveFake/jsut_multi_band_melgan/BASIC5000_0421_gen.wav,1
/data/DATASETS/WaveFake/jsut_parallel_wavegan/BASIC5000_3990_gen.wav,2
/data/DATASETS/WaveFake/jsut_multi_band_melgan/BASIC5000_1535_gen.wav,1
/data/DATASETS/WaveFake/jsut_parallel_wavegan/BASIC5000_2642_gen.wav,2
/data/DATASETS/WaveFake/jsut_multi_band_melgan/BASIC5000_4749_gen.wav,1
/data/DATASETS/WaveFake/jsut_multi_band_melgan/BASIC5000_4253_gen.wav,1
/data/DATASETS/WaveFake/jsut_parallel_wavegan/BASIC5000_2985_gen.wav,2
/data/DATASETS/WaveFake/jsut_parallel_wavegan/BASIC5000_1699_gen.wav,2
/data/DATASETS/WaveFake/jsut_parallel_wavegan/BASIC5000_4111_gen.wav,2
/data/DATASETS/WaveFake/jsut_parallel_wavegan/BASIC5000_4571_gen.wav,2
/data/DATASETS/WaveFake/jsut_parallel_wavegan/BASIC5000_4474_gen.wav,2
/data/DATASETS/WaveFake/jsut_parallel_wavegan/BASIC5000_3629_gen.wav,2
/data/DATASETS/WaveFake/jsut_parallel_wavegan/BASIC5000_3114_gen.wav,2
/data/DATASETS/WaveFake/jsut_multi_band_melgan/BASIC5000_1247_gen.wav,1
/data/DATASETS/WaveFake/jsut_parallel_wavegan/BASIC5000_2717_gen.wav,2
/data/DATASETS/WaveFake/jsut_multi_band_melgan/BASIC5000_4996_gen.wav,1
/data/DATASETS/WaveFake/jsut_multi_band_melgan/BASIC5000_3383_gen.wav,1
/data/DATASETS/WaveFake/jsut_parallel_wavegan/BASIC5000_0826_gen.wav,2
/data/DATASETS/WaveFake/jsut_parallel_wavegan/BASIC5000_4064_gen.wav,2
/data/DATASETS/WaveFake/jsut_multi_band_melgan/BASIC5000_1476_gen.wav,1
/data/DATASETS/WaveFake/jsut_parallel_wavegan/BASIC5000_0491_gen.wav,2
/data/DATASETS/WaveFake/jsut_multi_band_melgan/BASIC5000_3190_gen.wav,1
/data/DATASETS/WaveFake/jsut_multi_band_melgan/BASIC5000_3693_gen.wav,1
/data/DATASETS/WaveFake/jsut_multi_band_melgan/BASIC5000_1438_gen.wav,1
/data/DATASETS/WaveFake/jsut_multi_band_melgan/BASIC5000_1060_gen.wav,1
/data/DATASETS/WaveFake/jsut_multi_band_melgan/BASIC5000_3686_gen.wav,1
/data/DATASETS/WaveFake/jsut_multi_band_melgan/BASIC5000_0777_gen.wav,1
/data/DATASETS/WaveFake/jsut_parallel_wavegan/BASIC5000_1122_gen.wav,2
/data/DATASETS/WaveFake/jsut_parallel_wavegan/BASIC5000_2762_gen.wav,2
/data/DATASETS/WaveFake/jsut_parallel_wavegan/BASIC5000_0578_gen.wav,2
/data/DATASETS/WaveFake/jsut_parallel_wavegan/BASIC5000_0157_gen.wav,2
/data/DATASETS/WaveFake/jsut_parallel_wavegan/BASIC5000_4173_gen.wav,2
/data/DATASETS/WaveFake/jsut_multi_band_melgan/BASIC5000_2904_gen.wav,1
/data/DATASETS/WaveFake/jsut_parallel_wavegan/BASIC5000_1679_gen.wav,2
/data/DATASETS/WaveFake/jsut_multi_band_melgan/BASIC5000_1585_gen.wav,1
/data/DATASETS/WaveFake/jsut_multi_band_melgan/BASIC5000_1275_gen.wav,1
/data/DATASETS/WaveFake/jsut_parallel_wavegan/BASIC5000_4639_gen.wav,2
/data/DATASETS/WaveFake/jsut_multi_band_melgan/BASIC5000_2490_gen.wav,1
/data/DATASETS/WaveFake/jsut_multi_band_melgan/BASIC5000_3060_gen.wav,1
/data/DATASETS/WaveFake/jsut_parallel_wavegan/BASIC5000_4727_gen.wav,2
/data/DATASETS/WaveFake/jsut_parallel_wavegan/BASIC5000_2886_gen.wav,2
/data/DATASETS/WaveFake/jsut_parallel_wavegan/BASIC5000_2121_gen.wav,2
/data/DATASETS/WaveFake/jsut_multi_band_melgan/BASIC5000_0399_gen.wav,1
/data/DATASETS/WaveFake/jsut_parallel_wavegan/BASIC5000_4148_gen.wav,2
/data/DATASETS/WaveFake/jsut_parallel_wavegan/BASIC5000_1323_gen.wav,2
/data/DATASETS/WaveFake/jsut_parallel_wavegan/BASIC5000_0270_gen.wav,2
/data/DATASETS/WaveFake/jsut_multi_band_melgan/BASIC5000_0251_gen.wav,1
/data/DATASETS/WaveFake/jsut_multi_band_melgan/BASIC5000_1873_gen.wav,1
/data/DATASETS/WaveFake/jsut_multi_band_melgan/BASIC5000_2159_gen.wav,1
/data/DATASETS/WaveFake/jsut_multi_band_melgan/BASIC5000_1941_gen.wav,1
/data/DATASETS/WaveFake/jsut_multi_band_melgan/BASIC5000_3739_gen.wav,1
/data/DATASETS/WaveFake/jsut_multi_band_melgan/BASIC5000_1405_gen.wav,1
/data/DATASETS/WaveFake/jsut_parallel_wavegan/BASIC5000_1990_gen.wav,2
/data/DATASETS/WaveFake/jsut_parallel_wavegan/BASIC5000_0085_gen.wav,2
/data/DATASETS/WaveFake/jsut_parallel_wavegan/BASIC5000_3995_gen.wav,2
/data/DATASETS/WaveFake/jsut_multi_band_melgan/BASIC5000_3236_gen.wav,1
/data/DATASETS/WaveFake/jsut_parallel_wavegan/BASIC5000_2998_gen.wav,2
/data/DATASETS/WaveFake/jsut_parallel_wavegan/BASIC5000_4096_gen.wav,2
/data/DATASETS/WaveFake/jsut_parallel_wavegan/BASIC5000_2964_gen.wav,2
/data/DATASETS/WaveFake/jsut_multi_band_melgan/BASIC5000_4780_gen.wav,1
/data/DATASETS/WaveFake/jsut_parallel_wavegan/BASIC5000_4834_gen.wav,2
/data/DATASETS/WaveFake/jsut_multi_band_melgan/BASIC5000_2469_gen.wav,1
/data/DATASETS/WaveFake/jsut_multi_band_melgan/BASIC5000_3234_gen.wav,1
/data/DATASETS/WaveFake/jsut_parallel_wavegan/BASIC5000_3233_gen.wav,2
/data/DATASETS/WaveFake/jsut_parallel_wavegan/BASIC5000_4925_gen.wav,2
/data/DATASETS/WaveFake/jsut_parallel_wavegan/BASIC5000_4531_gen.wav,2
/data/DATASETS/WaveFake/jsut_multi_band_melgan/BASIC5000_4071_gen.wav,1
/data/DATASETS/WaveFake/jsut_parallel_wavegan/BASIC5000_0845_gen.wav,2
/data/DATASETS/WaveFake/jsut_parallel_wavegan/BASIC5000_2526_gen.wav,2
/data/DATASETS/WaveFake/jsut_multi_band_melgan/BASIC5000_1787_gen.wav,1
/data/DATASETS/WaveFake/jsut_parallel_wavegan/BASIC5000_1011_gen.wav,2
/data/DATASETS/WaveFake/jsut_multi_band_melgan/BASIC5000_2197_gen.wav,1
/data/DATASETS/WaveFake/jsut_multi_band_melgan/BASIC5000_0322_gen.wav,1
/data/DATASETS/WaveFake/jsut_multi_band_melgan/BASIC5000_3482_gen.wav,1
/data/DATASETS/WaveFake/jsut_multi_band_melgan/BASIC5000_3014_gen.wav,1
/data/DATASETS/WaveFake/jsut_multi_band_melgan/BASIC5000_2685_gen.wav,1
/data/DATASETS/WaveFake/jsut_multi_band_melgan/BASIC5000_3253_gen.wav,1
/data/DATASETS/WaveFake/jsut_parallel_wavegan/BASIC5000_1850_gen.wav,2
/data/DATASETS/WaveFake/jsut_parallel_wavegan/BASIC5000_0460_gen.wav,2
/data/DATASETS/WaveFake/jsut_parallel_wavegan/BASIC5000_0022_gen.wav,2
/data/DATASETS/WaveFake/jsut_multi_band_melgan/BASIC5000_2688_gen.wav,1
/data/DATASETS/WaveFake/jsut_parallel_wavegan/BASIC5000_0938_gen.wav,2
/data/DATASETS/WaveFake/jsut_parallel_wavegan/BASIC5000_2685_gen.wav,2
/data/DATASETS/WaveFake/jsut_parallel_wavegan/BASIC5000_4298_gen.wav,2
/data/DATASETS/WaveFake/jsut_multi_band_melgan/BASIC5000_1754_gen.wav,1
/data/DATASETS/WaveFake/jsut_parallel_wavegan/BASIC5000_1123_gen.wav,2
/data/DATASETS/WaveFake/jsut_parallel_wavegan/BASIC5000_4409_gen.wav,2
/data/DATASETS/WaveFake/jsut_multi_band_melgan/BASIC5000_0324_gen.wav,1
/data/DATASETS/WaveFake/jsut_parallel_wavegan/BASIC5000_1481_gen.wav,2
/data/DATASETS/WaveFake/jsut_parallel_wavegan/BASIC5000_2565_gen.wav,2
/data/DATASETS/WaveFake/jsut_parallel_wavegan/BASIC5000_1259_gen.wav,2
/data/DATASETS/WaveFake/jsut_parallel_wavegan/BASIC5000_3885_gen.wav,2
/data/DATASETS/WaveFake/jsut_multi_band_melgan/BASIC5000_2626_gen.wav,1
/data/DATASETS/WaveFake/jsut_multi_band_melgan/BASIC5000_0921_gen.wav,1
/data/DATASETS/WaveFake/jsut_parallel_wavegan/BASIC5000_3843_gen.wav,2
/data/DATASETS/WaveFake/jsut_parallel_wavegan/BASIC5000_1288_gen.wav,2
/data/DATASETS/WaveFake/jsut_parallel_wavegan/BASIC5000_3601_gen.wav,2
/data/DATASETS/WaveFake/jsut_parallel_wavegan/BASIC5000_4315_gen.wav,2
/data/DATASETS/WaveFake/jsut_parallel_wavegan/BASIC5000_4506_gen.wav,2
/data/DATASETS/WaveFake/jsut_multi_band_melgan/BASIC5000_0260_gen.wav,1
/data/DATASETS/WaveFake/jsut_parallel_wavegan/BASIC5000_0430_gen.wav,2
/data/DATASETS/WaveFake/jsut_multi_band_melgan/BASIC5000_1432_gen.wav,1
/data/DATASETS/WaveFake/jsut_multi_band_melgan/BASIC5000_4878_gen.wav,1
/data/DATASETS/WaveFake/jsut_multi_band_melgan/BASIC5000_0895_gen.wav,1
/data/DATASETS/WaveFake/jsut_parallel_wavegan/BASIC5000_1182_gen.wav,2
/data/DATASETS/WaveFake/jsut_parallel_wavegan/BASIC5000_2756_gen.wav,2
/data/DATASETS/WaveFake/jsut_parallel_wavegan/BASIC5000_1482_gen.wav,2
/data/DATASETS/WaveFake/jsut_multi_band_melgan/BASIC5000_4925_gen.wav,1
/data/DATASETS/WaveFake/jsut_parallel_wavegan/BASIC5000_1684_gen.wav,2
/data/DATASETS/WaveFake/jsut_parallel_wavegan/BASIC5000_2823_gen.wav,2
/data/DATASETS/WaveFake/jsut_parallel_wavegan/BASIC5000_1247_gen.wav,2
/data/DATASETS/WaveFake/jsut_multi_band_melgan/BASIC5000_4379_gen.wav,1
/data/DATASETS/WaveFake/jsut_parallel_wavegan/BASIC5000_4933_gen.wav,2
/data/DATASETS/WaveFake/jsut_multi_band_melgan/BASIC5000_3548_gen.wav,1
/data/DATASETS/WaveFake/jsut_parallel_wavegan/BASIC5000_3303_gen.wav,2
/data/DATASETS/WaveFake/jsut_parallel_wavegan/BASIC5000_2559_gen.wav,2
/data/DATASETS/WaveFake/jsut_parallel_wavegan/BASIC5000_1846_gen.wav,2
/data/DATASETS/WaveFake/jsut_parallel_wavegan/BASIC5000_0265_gen.wav,2
/data/DATASETS/WaveFake/jsut_multi_band_melgan/BASIC5000_4378_gen.wav,1
/data/DATASETS/WaveFake/jsut_multi_band_melgan/BASIC5000_3197_gen.wav,1
/data/DATASETS/WaveFake/jsut_parallel_wavegan/BASIC5000_4753_gen.wav,2
/data/DATASETS/WaveFake/jsut_multi_band_melgan/BASIC5000_3719_gen.wav,1
/data/DATASETS/WaveFake/jsut_multi_band_melgan/BASIC5000_1581_gen.wav,1
/data/DATASETS/WaveFake/jsut_multi_band_melgan/BASIC5000_1814_gen.wav,1
/data/DATASETS/WaveFake/jsut_multi_band_melgan/BASIC5000_1792_gen.wav,1
/data/DATASETS/WaveFake/jsut_parallel_wavegan/BASIC5000_1335_gen.wav,2
/data/DATASETS/WaveFake/jsut_multi_band_melgan/BASIC5000_1851_gen.wav,1
/data/DATASETS/WaveFake/jsut_multi_band_melgan/BASIC5000_1930_gen.wav,1
/data/DATASETS/WaveFake/jsut_multi_band_melgan/BASIC5000_2556_gen.wav,1
/data/DATASETS/WaveFake/jsut_multi_band_melgan/BASIC5000_2890_gen.wav,1
/data/DATASETS/WaveFake/jsut_multi_band_melgan/BASIC5000_0486_gen.wav,1
/data/DATASETS/WaveFake/jsut_multi_band_melgan/BASIC5000_2288_gen.wav,1
/data/DATASETS/WaveFake/jsut_multi_band_melgan/BASIC5000_2393_gen.wav,1
/data/DATASETS/WaveFake/jsut_parallel_wavegan/BASIC5000_1158_gen.wav,2
/data/DATASETS/WaveFake/jsut_multi_band_melgan/BASIC5000_4371_gen.wav,1
/data/DATASETS/WaveFake/jsut_parallel_wavegan/BASIC5000_4369_gen.wav,2
/data/DATASETS/WaveFake/jsut_parallel_wavegan/BASIC5000_4877_gen.wav,2
/data/DATASETS/WaveFake/jsut_multi_band_melgan/BASIC5000_4680_gen.wav,1
/data/DATASETS/WaveFake/jsut_parallel_wavegan/BASIC5000_2942_gen.wav,2
/data/DATASETS/WaveFake/jsut_parallel_wavegan/BASIC5000_2873_gen.wav,2
/data/DATASETS/WaveFake/jsut_multi_band_melgan/BASIC5000_2489_gen.wav,1
/data/DATASETS/WaveFake/jsut_multi_band_melgan/BASIC5000_4213_gen.wav,1
/data/DATASETS/WaveFake/jsut_multi_band_melgan/BASIC5000_1791_gen.wav,1
/data/DATASETS/WaveFake/jsut_parallel_wavegan/BASIC5000_4556_gen.wav,2
/data/DATASETS/WaveFake/jsut_multi_band_melgan/BASIC5000_0205_gen.wav,1
/data/DATASETS/WaveFake/jsut_parallel_wavegan/BASIC5000_3246_gen.wav,2
/data/DATASETS/WaveFake/jsut_multi_band_melgan/BASIC5000_1263_gen.wav,1
/data/DATASETS/WaveFake/jsut_parallel_wavegan/BASIC5000_0009_gen.wav,2
/data/DATASETS/WaveFake/jsut_parallel_wavegan/BASIC5000_4912_gen.wav,2
/data/DATASETS/WaveFake/jsut_multi_band_melgan/BASIC5000_1685_gen.wav,1
/data/DATASETS/WaveFake/jsut_parallel_wavegan/BASIC5000_3537_gen.wav,2
/data/DATASETS/WaveFake/jsut_parallel_wavegan/BASIC5000_4046_gen.wav,2
/data/DATASETS/WaveFake/jsut_multi_band_melgan/BASIC5000_1772_gen.wav,1
/data/DATASETS/WaveFake/jsut_multi_band_melgan/BASIC5000_1959_gen.wav,1
/data/DATASETS/WaveFake/jsut_multi_band_melgan/BASIC5000_4096_gen.wav,1
/data/DATASETS/WaveFake/jsut_parallel_wavegan/BASIC5000_1189_gen.wav,2
/data/DATASETS/WaveFake/jsut_multi_band_melgan/BASIC5000_1924_gen.wav,1
/data/DATASETS/WaveFake/jsut_multi_band_melgan/BASIC5000_1882_gen.wav,1
/data/DATASETS/WaveFake/jsut_multi_band_melgan/BASIC5000_1697_gen.wav,1
/data/DATASETS/WaveFake/jsut_multi_band_melgan/BASIC5000_3676_gen.wav,1
/data/DATASETS/WaveFake/jsut_multi_band_melgan/BASIC5000_3910_gen.wav,1
/data/DATASETS/WaveFake/jsut_parallel_wavegan/BASIC5000_0070_gen.wav,2
/data/DATASETS/WaveFake/jsut_multi_band_melgan/BASIC5000_3727_gen.wav,1
/data/DATASETS/WaveFake/jsut_parallel_wavegan/BASIC5000_2254_gen.wav,2
/data/DATASETS/WaveFake/jsut_multi_band_melgan/BASIC5000_0990_gen.wav,1
/data/DATASETS/WaveFake/jsut_multi_band_melgan/BASIC5000_2325_gen.wav,1
/data/DATASETS/WaveFake/jsut_parallel_wavegan/BASIC5000_2757_gen.wav,2
/data/DATASETS/WaveFake/jsut_parallel_wavegan/BASIC5000_2951_gen.wav,2
/data/DATASETS/WaveFake/jsut_parallel_wavegan/BASIC5000_1000_gen.wav,2
/data/DATASETS/WaveFake/jsut_multi_band_melgan/BASIC5000_2866_gen.wav,1
/data/DATASETS/WaveFake/jsut_parallel_wavegan/BASIC5000_3318_gen.wav,2
/data/DATASETS/WaveFake/jsut_parallel_wavegan/BASIC5000_1134_gen.wav,2
/data/DATASETS/WaveFake/jsut_parallel_wavegan/BASIC5000_4842_gen.wav,2
/data/DATASETS/WaveFake/jsut_multi_band_melgan/BASIC5000_0661_gen.wav,1
/data/DATASETS/WaveFake/jsut_parallel_wavegan/BASIC5000_2291_gen.wav,2
/data/DATASETS/WaveFake/jsut_parallel_wavegan/BASIC5000_3752_gen.wav,2
/data/DATASETS/WaveFake/jsut_parallel_wavegan/BASIC5000_2945_gen.wav,2
/data/DATASETS/WaveFake/jsut_multi_band_melgan/BASIC5000_2427_gen.wav,1
/data/DATASETS/WaveFake/jsut_parallel_wavegan/BASIC5000_4837_gen.wav,2
/data/DATASETS/WaveFake/jsut_multi_band_melgan/BASIC5000_1820_gen.wav,1
/data/DATASETS/WaveFake/jsut_multi_band_melgan/BASIC5000_4898_gen.wav,1
/data/DATASETS/WaveFake/jsut_multi_band_melgan/BASIC5000_2417_gen.wav,1
/data/DATASETS/WaveFake/jsut_parallel_wavegan/BASIC5000_3785_gen.wav,2
/data/DATASETS/WaveFake/jsut_parallel_wavegan/BASIC5000_2770_gen.wav,2
/data/DATASETS/WaveFake/jsut_multi_band_melgan/BASIC5000_4297_gen.wav,1
/data/DATASETS/WaveFake/jsut_multi_band_melgan/BASIC5000_2062_gen.wav,1
/data/DATASETS/WaveFake/jsut_parallel_wavegan/BASIC5000_2387_gen.wav,2
/data/DATASETS/WaveFake/jsut_parallel_wavegan/BASIC5000_2375_gen.wav,2
/data/DATASETS/WaveFake/jsut_multi_band_melgan/BASIC5000_1711_gen.wav,1
/data/DATASETS/WaveFake/jsut_parallel_wavegan/BASIC5000_1494_gen.wav,2
/data/DATASETS/WaveFake/jsut_parallel_wavegan/BASIC5000_4086_gen.wav,2
/data/DATASETS/WaveFake/jsut_parallel_wavegan/BASIC5000_2223_gen.wav,2
/data/DATASETS/WaveFake/jsut_parallel_wavegan/BASIC5000_4701_gen.wav,2
/data/DATASETS/WaveFake/jsut_parallel_wavegan/BASIC5000_0317_gen.wav,2
/data/DATASETS/WaveFake/jsut_parallel_wavegan/BASIC5000_2611_gen.wav,2
/data/DATASETS/WaveFake/jsut_multi_band_melgan/BASIC5000_1652_gen.wav,1
/data/DATASETS/WaveFake/jsut_multi_band_melgan/BASIC5000_0665_gen.wav,1
/data/DATASETS/WaveFake/jsut_parallel_wavegan/BASIC5000_3378_gen.wav,2
/data/DATASETS/WaveFake/jsut_parallel_wavegan/BASIC5000_4311_gen.wav,2
/data/DATASETS/WaveFake/jsut_parallel_wavegan/BASIC5000_3510_gen.wav,2
/data/DATASETS/WaveFake/jsut_multi_band_melgan/BASIC5000_1495_gen.wav,1
/data/DATASETS/WaveFake/jsut_multi_band_melgan/BASIC5000_3744_gen.wav,1
/data/DATASETS/WaveFake/jsut_multi_band_melgan/BASIC5000_0278_gen.wav,1
/data/DATASETS/WaveFake/jsut_multi_band_melgan/BASIC5000_0094_gen.wav,1
/data/DATASETS/WaveFake/jsut_multi_band_melgan/BASIC5000_4912_gen.wav,1
/data/DATASETS/WaveFake/jsut_multi_band_melgan/BASIC5000_3164_gen.wav,1
/data/DATASETS/WaveFake/jsut_multi_band_melgan/BASIC5000_2946_gen.wav,1
/data/DATASETS/WaveFake/jsut_multi_band_melgan/BASIC5000_3943_gen.wav,1
/data/DATASETS/WaveFake/jsut_multi_band_melgan/BASIC5000_0141_gen.wav,1
/data/DATASETS/WaveFake/jsut_multi_band_melgan/BASIC5000_4801_gen.wav,1
/data/DATASETS/WaveFake/jsut_multi_band_melgan/BASIC5000_2926_gen.wav,1
/data/DATASETS/WaveFake/jsut_parallel_wavegan/BASIC5000_2499_gen.wav,2
/data/DATASETS/WaveFake/jsut_multi_band_melgan/BASIC5000_2738_gen.wav,1
/data/DATASETS/WaveFake/jsut_parallel_wavegan/BASIC5000_2880_gen.wav,2
/data/DATASETS/WaveFake/jsut_multi_band_melgan/BASIC5000_0341_gen.wav,1
/data/DATASETS/WaveFake/jsut_parallel_wavegan/BASIC5000_2275_gen.wav,2
/data/DATASETS/WaveFake/jsut_multi_band_melgan/BASIC5000_3500_gen.wav,1
/data/DATASETS/WaveFake/jsut_parallel_wavegan/BASIC5000_3560_gen.wav,2
/data/DATASETS/WaveFake/jsut_parallel_wavegan/BASIC5000_4936_gen.wav,2
/data/DATASETS/WaveFake/jsut_parallel_wavegan/BASIC5000_4102_gen.wav,2
/data/DATASETS/WaveFake/jsut_parallel_wavegan/BASIC5000_2023_gen.wav,2
/data/DATASETS/WaveFake/jsut_parallel_wavegan/BASIC5000_4683_gen.wav,2
/data/DATASETS/WaveFake/jsut_parallel_wavegan/BASIC5000_0862_gen.wav,2
/data/DATASETS/WaveFake/jsut_multi_band_melgan/BASIC5000_0286_gen.wav,1
/data/DATASETS/WaveFake/jsut_multi_band_melgan/BASIC5000_2906_gen.wav,1
/data/DATASETS/WaveFake/jsut_multi_band_melgan/BASIC5000_2476_gen.wav,1
/data/DATASETS/WaveFake/jsut_multi_band_melgan/BASIC5000_3788_gen.wav,1
/data/DATASETS/WaveFake/jsut_parallel_wavegan/BASIC5000_2842_gen.wav,2
/data/DATASETS/WaveFake/jsut_multi_band_melgan/BASIC5000_1039_gen.wav,1
/data/DATASETS/WaveFake/jsut_parallel_wavegan/BASIC5000_2137_gen.wav,2
/data/DATASETS/WaveFake/jsut_parallel_wavegan/BASIC5000_1185_gen.wav,2
/data/DATASETS/WaveFake/jsut_parallel_wavegan/BASIC5000_0086_gen.wav,2
/data/DATASETS/WaveFake/jsut_parallel_wavegan/BASIC5000_2525_gen.wav,2
/data/DATASETS/WaveFake/jsut_multi_band_melgan/BASIC5000_4963_gen.wav,1
/data/DATASETS/WaveFake/jsut_multi_band_melgan/BASIC5000_0407_gen.wav,1
/data/DATASETS/WaveFake/jsut_multi_band_melgan/BASIC5000_4344_gen.wav,1
/data/DATASETS/WaveFake/jsut_parallel_wavegan/BASIC5000_1341_gen.wav,2
/data/DATASETS/WaveFake/jsut_parallel_wavegan/BASIC5000_4384_gen.wav,2
/data/DATASETS/WaveFake/jsut_parallel_wavegan/BASIC5000_3656_gen.wav,2
/data/DATASETS/WaveFake/jsut_parallel_wavegan/BASIC5000_3717_gen.wav,2
/data/DATASETS/WaveFake/jsut_parallel_wavegan/BASIC5000_2287_gen.wav,2
/data/DATASETS/WaveFake/jsut_multi_band_melgan/BASIC5000_3594_gen.wav,1
/data/DATASETS/WaveFake/jsut_multi_band_melgan/BASIC5000_2733_gen.wav,1
/data/DATASETS/WaveFake/jsut_multi_band_melgan/BASIC5000_0309_gen.wav,1
/data/DATASETS/WaveFake/jsut_parallel_wavegan/BASIC5000_2554_gen.wav,2
/data/DATASETS/WaveFake/jsut_parallel_wavegan/BASIC5000_2920_gen.wav,2
/data/DATASETS/WaveFake/jsut_multi_band_melgan/BASIC5000_2369_gen.wav,1
/data/DATASETS/WaveFake/jsut_multi_band_melgan/BASIC5000_3374_gen.wav,1
/data/DATASETS/WaveFake/jsut_parallel_wavegan/BASIC5000_0318_gen.wav,2
/data/DATASETS/WaveFake/jsut_multi_band_melgan/BASIC5000_3483_gen.wav,1
/data/DATASETS/WaveFake/jsut_multi_band_melgan/BASIC5000_2877_gen.wav,1
/data/DATASETS/WaveFake/jsut_multi_band_melgan/BASIC5000_0690_gen.wav,1
/data/DATASETS/WaveFake/jsut_parallel_wavegan/BASIC5000_0277_gen.wav,2
/data/DATASETS/WaveFake/jsut_multi_band_melgan/BASIC5000_0002_gen.wav,1
/data/DATASETS/WaveFake/jsut_multi_band_melgan/BASIC5000_2286_gen.wav,1
/data/DATASETS/WaveFake/jsut_parallel_wavegan/BASIC5000_2245_gen.wav,2
/data/DATASETS/WaveFake/jsut_parallel_wavegan/BASIC5000_3261_gen.wav,2
/data/DATASETS/WaveFake/jsut_parallel_wavegan/BASIC5000_1867_gen.wav,2
/data/DATASETS/WaveFake/jsut_parallel_wavegan/BASIC5000_2454_gen.wav,2
/data/DATASETS/WaveFake/jsut_multi_band_melgan/BASIC5000_2200_gen.wav,1
/data/DATASETS/WaveFake/jsut_multi_band_melgan/BASIC5000_1616_gen.wav,1
/data/DATASETS/WaveFake/jsut_multi_band_melgan/BASIC5000_2839_gen.wav,1
/data/DATASETS/WaveFake/jsut_multi_band_melgan/BASIC5000_1909_gen.wav,1
/data/DATASETS/WaveFake/jsut_multi_band_melgan/BASIC5000_4263_gen.wav,1
/data/DATASETS/WaveFake/jsut_multi_band_melgan/BASIC5000_1268_gen.wav,1
/data/DATASETS/WaveFake/jsut_multi_band_melgan/BASIC5000_1205_gen.wav,1
/data/DATASETS/WaveFake/jsut_parallel_wavegan/BASIC5000_1478_gen.wav,2
/data/DATASETS/WaveFake/jsut_parallel_wavegan/BASIC5000_2332_gen.wav,2
/data/DATASETS/WaveFake/jsut_multi_band_melgan/BASIC5000_2817_gen.wav,1
/data/DATASETS/WaveFake/jsut_parallel_wavegan/BASIC5000_1407_gen.wav,2
/data/DATASETS/WaveFake/jsut_parallel_wavegan/BASIC5000_2018_gen.wav,2
/data/DATASETS/WaveFake/jsut_parallel_wavegan/BASIC5000_2186_gen.wav,2
/data/DATASETS/WaveFake/jsut_parallel_wavegan/BASIC5000_2114_gen.wav,2
/data/DATASETS/WaveFake/jsut_parallel_wavegan/BASIC5000_0291_gen.wav,2
/data/DATASETS/WaveFake/jsut_parallel_wavegan/BASIC5000_4299_gen.wav,2
/data/DATASETS/WaveFake/jsut_multi_band_melgan/BASIC5000_4354_gen.wav,1
/data/DATASETS/WaveFake/jsut_parallel_wavegan/BASIC5000_2110_gen.wav,2
/data/DATASETS/WaveFake/jsut_parallel_wavegan/BASIC5000_2630_gen.wav,2
/data/DATASETS/WaveFake/jsut_multi_band_melgan/BASIC5000_3017_gen.wav,1
/data/DATASETS/WaveFake/jsut_parallel_wavegan/BASIC5000_2150_gen.wav,2
/data/DATASETS/WaveFake/jsut_parallel_wavegan/BASIC5000_2467_gen.wav,2
/data/DATASETS/WaveFake/jsut_parallel_wavegan/BASIC5000_0409_gen.wav,2
/data/DATASETS/WaveFake/jsut_parallel_wavegan/BASIC5000_4210_gen.wav,2
/data/DATASETS/WaveFake/jsut_multi_band_melgan/BASIC5000_1081_gen.wav,1
/data/DATASETS/WaveFake/jsut_multi_band_melgan/BASIC5000_0540_gen.wav,1
/data/DATASETS/WaveFake/jsut_multi_band_melgan/BASIC5000_4099_gen.wav,1
/data/DATASETS/WaveFake/jsut_parallel_wavegan/BASIC5000_1655_gen.wav,2
/data/DATASETS/WaveFake/jsut_multi_band_melgan/BASIC5000_1430_gen.wav,1
/data/DATASETS/WaveFake/jsut_parallel_wavegan/BASIC5000_0847_gen.wav,2
/data/DATASETS/WaveFake/jsut_multi_band_melgan/BASIC5000_2121_gen.wav,1
/data/DATASETS/WaveFake/jsut_parallel_wavegan/BASIC5000_4692_gen.wav,2
/data/DATASETS/WaveFake/jsut_multi_band_melgan/BASIC5000_1845_gen.wav,1
/data/DATASETS/WaveFake/jsut_parallel_wavegan/BASIC5000_3572_gen.wav,2
/data/DATASETS/WaveFake/jsut_multi_band_melgan/BASIC5000_0592_gen.wav,1
/data/DATASETS/WaveFake/jsut_multi_band_melgan/BASIC5000_3934_gen.wav,1
/data/DATASETS/WaveFake/jsut_parallel_wavegan/BASIC5000_0128_gen.wav,2
/data/DATASETS/WaveFake/jsut_parallel_wavegan/BASIC5000_0745_gen.wav,2
/data/DATASETS/WaveFake/jsut_parallel_wavegan/BASIC5000_2829_gen.wav,2
/data/DATASETS/WaveFake/jsut_parallel_wavegan/BASIC5000_2930_gen.wav,2
/data/DATASETS/WaveFake/jsut_multi_band_melgan/BASIC5000_2714_gen.wav,1
/data/DATASETS/WaveFake/jsut_parallel_wavegan/BASIC5000_1789_gen.wav,2
/data/DATASETS/WaveFake/jsut_multi_band_melgan/BASIC5000_4660_gen.wav,1
/data/DATASETS/WaveFake/jsut_multi_band_melgan/BASIC5000_0170_gen.wav,1
/data/DATASETS/WaveFake/jsut_parallel_wavegan/BASIC5000_0741_gen.wav,2
/data/DATASETS/WaveFake/jsut_multi_band_melgan/BASIC5000_3250_gen.wav,1
/data/DATASETS/WaveFake/jsut_multi_band_melgan/BASIC5000_3839_gen.wav,1
/data/DATASETS/WaveFake/jsut_multi_band_melgan/BASIC5000_3353_gen.wav,1
/data/DATASETS/WaveFake/jsut_parallel_wavegan/BASIC5000_3971_gen.wav,2
/data/DATASETS/WaveFake/jsut_parallel_wavegan/BASIC5000_3812_gen.wav,2
/data/DATASETS/WaveFake/jsut_parallel_wavegan/BASIC5000_1533_gen.wav,2
/data/DATASETS/WaveFake/jsut_multi_band_melgan/BASIC5000_2373_gen.wav,1
/data/DATASETS/WaveFake/jsut_parallel_wavegan/BASIC5000_2863_gen.wav,2
/data/DATASETS/WaveFake/jsut_multi_band_melgan/BASIC5000_0423_gen.wav,1
/data/DATASETS/WaveFake/jsut_parallel_wavegan/BASIC5000_1252_gen.wav,2
/data/DATASETS/WaveFake/jsut_multi_band_melgan/BASIC5000_3835_gen.wav,1
/data/DATASETS/WaveFake/jsut_multi_band_melgan/BASIC5000_2932_gen.wav,1
/data/DATASETS/WaveFake/jsut_multi_band_melgan/BASIC5000_1462_gen.wav,1
/data/DATASETS/WaveFake/jsut_multi_band_melgan/BASIC5000_3673_gen.wav,1
/data/DATASETS/WaveFake/jsut_parallel_wavegan/BASIC5000_3871_gen.wav,2
/data/DATASETS/WaveFake/jsut_multi_band_melgan/BASIC5000_4989_gen.wav,1
/data/DATASETS/WaveFake/jsut_parallel_wavegan/BASIC5000_1141_gen.wav,2
/data/DATASETS/WaveFake/jsut_multi_band_melgan/BASIC5000_0438_gen.wav,1
/data/DATASETS/WaveFake/jsut_multi_band_melgan/BASIC5000_4294_gen.wav,1
/data/DATASETS/WaveFake/jsut_parallel_wavegan/BASIC5000_3595_gen.wav,2
/data/DATASETS/WaveFake/jsut_parallel_wavegan/BASIC5000_3579_gen.wav,2
/data/DATASETS/WaveFake/jsut_parallel_wavegan/BASIC5000_4920_gen.wav,2
/data/DATASETS/WaveFake/jsut_multi_band_melgan/BASIC5000_2495_gen.wav,1
/data/DATASETS/WaveFake/jsut_parallel_wavegan/BASIC5000_4057_gen.wav,2
/data/DATASETS/WaveFake/jsut_parallel_wavegan/BASIC5000_1258_gen.wav,2
/data/DATASETS/WaveFake/jsut_multi_band_melgan/BASIC5000_3000_gen.wav,1
/data/DATASETS/WaveFake/jsut_parallel_wavegan/BASIC5000_0488_gen.wav,2
/data/DATASETS/WaveFake/jsut_parallel_wavegan/BASIC5000_3680_gen.wav,2
/data/DATASETS/WaveFake/jsut_parallel_wavegan/BASIC5000_2426_gen.wav,2
/data/DATASETS/WaveFake/jsut_parallel_wavegan/BASIC5000_1807_gen.wav,2
/data/DATASETS/WaveFake/jsut_multi_band_melgan/BASIC5000_4200_gen.wav,1
/data/DATASETS/WaveFake/jsut_multi_band_melgan/BASIC5000_4900_gen.wav,1
/data/DATASETS/WaveFake/jsut_parallel_wavegan/BASIC5000_3931_gen.wav,2
/data/DATASETS/WaveFake/jsut_parallel_wavegan/BASIC5000_3447_gen.wav,2
/data/DATASETS/WaveFake/jsut_parallel_wavegan/BASIC5000_0062_gen.wav,2
/data/DATASETS/WaveFake/jsut_multi_band_melgan/BASIC5000_4897_gen.wav,1
/data/DATASETS/WaveFake/jsut_parallel_wavegan/BASIC5000_1118_gen.wav,2
/data/DATASETS/WaveFake/jsut_multi_band_melgan/BASIC5000_0948_gen.wav,1
/data/DATASETS/WaveFake/jsut_parallel_wavegan/BASIC5000_4203_gen.wav,2
/data/DATASETS/WaveFake/jsut_parallel_wavegan/BASIC5000_1508_gen.wav,2
/data/DATASETS/WaveFake/jsut_multi_band_melgan/BASIC5000_4191_gen.wav,1
/data/DATASETS/WaveFake/jsut_parallel_wavegan/BASIC5000_4824_gen.wav,2
/data/DATASETS/WaveFake/jsut_multi_band_melgan/BASIC5000_3774_gen.wav,1
/data/DATASETS/WaveFake/jsut_multi_band_melgan/BASIC5000_1645_gen.wav,1
/data/DATASETS/WaveFake/jsut_multi_band_melgan/BASIC5000_1413_gen.wav,1
/data/DATASETS/WaveFake/jsut_parallel_wavegan/BASIC5000_4808_gen.wav,2
/data/DATASETS/WaveFake/jsut_parallel_wavegan/BASIC5000_4761_gen.wav,2
/data/DATASETS/WaveFake/jsut_parallel_wavegan/BASIC5000_3889_gen.wav,2
/data/DATASETS/WaveFake/jsut_parallel_wavegan/BASIC5000_1261_gen.wav,2
/data/DATASETS/WaveFake/jsut_multi_band_melgan/BASIC5000_0019_gen.wav,1
/data/DATASETS/WaveFake/jsut_multi_band_melgan/BASIC5000_0472_gen.wav,1
/data/DATASETS/WaveFake/jsut_multi_band_melgan/BASIC5000_3473_gen.wav,1
/data/DATASETS/WaveFake/jsut_multi_band_melgan/BASIC5000_4018_gen.wav,1
/data/DATASETS/WaveFake/jsut_multi_band_melgan/BASIC5000_0946_gen.wav,1
/data/DATASETS/WaveFake/jsut_multi_band_melgan/BASIC5000_4730_gen.wav,1
/data/DATASETS/WaveFake/jsut_multi_band_melgan/BASIC5000_4881_gen.wav,1
/data/DATASETS/WaveFake/jsut_multi_band_melgan/BASIC5000_1737_gen.wav,1
/data/DATASETS/WaveFake/jsut_multi_band_melgan/BASIC5000_1550_gen.wav,1
/data/DATASETS/WaveFake/jsut_parallel_wavegan/BASIC5000_3895_gen.wav,2
/data/DATASETS/WaveFake/jsut_parallel_wavegan/BASIC5000_4366_gen.wav,2
/data/DATASETS/WaveFake/jsut_multi_band_melgan/BASIC5000_0845_gen.wav,1
/data/DATASETS/WaveFake/jsut_multi_band_melgan/BASIC5000_4820_gen.wav,1
/data/DATASETS/WaveFake/jsut_multi_band_melgan/BASIC5000_1996_gen.wav,1
/data/DATASETS/WaveFake/jsut_multi_band_melgan/BASIC5000_2861_gen.wav,1
/data/DATASETS/WaveFake/jsut_multi_band_melgan/BASIC5000_0272_gen.wav,1
/data/DATASETS/WaveFake/jsut_parallel_wavegan/BASIC5000_1096_gen.wav,2
/data/DATASETS/WaveFake/jsut_parallel_wavegan/BASIC5000_0040_gen.wav,2
/data/DATASETS/WaveFake/jsut_parallel_wavegan/BASIC5000_0594_gen.wav,2
/data/DATASETS/WaveFake/jsut_parallel_wavegan/BASIC5000_1601_gen.wav,2
/data/DATASETS/WaveFake/jsut_multi_band_melgan/BASIC5000_1536_gen.wav,1
/data/DATASETS/WaveFake/jsut_parallel_wavegan/BASIC5000_3215_gen.wav,2
/data/DATASETS/WaveFake/jsut_multi_band_melgan/BASIC5000_2548_gen.wav,1
/data/DATASETS/WaveFake/jsut_multi_band_melgan/BASIC5000_0508_gen.wav,1
/data/DATASETS/WaveFake/jsut_multi_band_melgan/BASIC5000_2750_gen.wav,1
/data/DATASETS/WaveFake/jsut_multi_band_melgan/BASIC5000_4822_gen.wav,1
/data/DATASETS/WaveFake/jsut_multi_band_melgan/BASIC5000_1698_gen.wav,1
/data/DATASETS/WaveFake/jsut_multi_band_melgan/BASIC5000_4080_gen.wav,1
/data/DATASETS/WaveFake/jsut_parallel_wavegan/BASIC5000_3482_gen.wav,2
/data/DATASETS/WaveFake/jsut_parallel_wavegan/BASIC5000_4279_gen.wav,2
/data/DATASETS/WaveFake/jsut_multi_band_melgan/BASIC5000_2381_gen.wav,1
/data/DATASETS/WaveFake/jsut_multi_band_melgan/BASIC5000_0758_gen.wav,1
/data/DATASETS/WaveFake/jsut_parallel_wavegan/BASIC5000_0252_gen.wav,2
/data/DATASETS/WaveFake/jsut_multi_band_melgan/BASIC5000_1232_gen.wav,1
/data/DATASETS/WaveFake/jsut_parallel_wavegan/BASIC5000_3450_gen.wav,2
/data/DATASETS/WaveFake/jsut_parallel_wavegan/BASIC5000_0395_gen.wav,2
/data/DATASETS/WaveFake/jsut_parallel_wavegan/BASIC5000_3614_gen.wav,2
/data/DATASETS/WaveFake/jsut_parallel_wavegan/BASIC5000_0096_gen.wav,2
/data/DATASETS/WaveFake/jsut_multi_band_melgan/BASIC5000_0108_gen.wav,1
/data/DATASETS/WaveFake/jsut_multi_band_melgan/BASIC5000_4430_gen.wav,1
/data/DATASETS/WaveFake/jsut_multi_band_melgan/BASIC5000_1554_gen.wav,1
/data/DATASETS/WaveFake/jsut_multi_band_melgan/BASIC5000_1480_gen.wav,1
/data/DATASETS/WaveFake/jsut_parallel_wavegan/BASIC5000_4882_gen.wav,2
/data/DATASETS/WaveFake/jsut_multi_band_melgan/BASIC5000_1446_gen.wav,1
/data/DATASETS/WaveFake/jsut_multi_band_melgan/BASIC5000_2074_gen.wav,1
/data/DATASETS/WaveFake/jsut_multi_band_melgan/BASIC5000_3313_gen.wav,1
/data/DATASETS/WaveFake/jsut_multi_band_melgan/BASIC5000_0392_gen.wav,1
/data/DATASETS/WaveFake/jsut_parallel_wavegan/BASIC5000_0798_gen.wav,2
/data/DATASETS/WaveFake/jsut_multi_band_melgan/BASIC5000_2762_gen.wav,1
/data/DATASETS/WaveFake/jsut_parallel_wavegan/BASIC5000_0670_gen.wav,2
/data/DATASETS/WaveFake/jsut_parallel_wavegan/BASIC5000_2521_gen.wav,2
/data/DATASETS/WaveFake/jsut_multi_band_melgan/BASIC5000_3185_gen.wav,1
/data/DATASETS/WaveFake/jsut_parallel_wavegan/BASIC5000_0588_gen.wav,2
/data/DATASETS/WaveFake/jsut_multi_band_melgan/BASIC5000_4785_gen.wav,1
/data/DATASETS/WaveFake/jsut_parallel_wavegan/BASIC5000_0450_gen.wav,2
/data/DATASETS/WaveFake/jsut_multi_band_melgan/BASIC5000_3562_gen.wav,1
/data/DATASETS/WaveFake/jsut_parallel_wavegan/BASIC5000_3730_gen.wav,2
/data/DATASETS/WaveFake/jsut_parallel_wavegan/BASIC5000_4328_gen.wav,2
/data/DATASETS/WaveFake/jsut_parallel_wavegan/BASIC5000_2183_gen.wav,2
/data/DATASETS/WaveFake/jsut_multi_band_melgan/BASIC5000_3513_gen.wav,1
/data/DATASETS/WaveFake/jsut_multi_band_melgan/BASIC5000_1794_gen.wav,1
/data/DATASETS/WaveFake/jsut_multi_band_melgan/BASIC5000_2833_gen.wav,1
/data/DATASETS/WaveFake/jsut_parallel_wavegan/BASIC5000_4246_gen.wav,2
/data/DATASETS/WaveFake/jsut_parallel_wavegan/BASIC5000_1074_gen.wav,2
/data/DATASETS/WaveFake/jsut_multi_band_melgan/BASIC5000_4796_gen.wav,1
/data/DATASETS/WaveFake/jsut_parallel_wavegan/BASIC5000_1660_gen.wav,2
/data/DATASETS/WaveFake/jsut_multi_band_melgan/BASIC5000_4492_gen.wav,1
/data/DATASETS/WaveFake/jsut_multi_band_melgan/BASIC5000_4707_gen.wav,1
/data/DATASETS/WaveFake/jsut_parallel_wavegan/BASIC5000_4946_gen.wav,2
/data/DATASETS/WaveFake/jsut_multi_band_melgan/BASIC5000_3459_gen.wav,1
/data/DATASETS/WaveFake/jsut_multi_band_melgan/BASIC5000_4240_gen.wav,1
/data/DATASETS/WaveFake/jsut_multi_band_melgan/BASIC5000_4726_gen.wav,1
/data/DATASETS/WaveFake/jsut_multi_band_melgan/BASIC5000_3406_gen.wav,1
/data/DATASETS/WaveFake/jsut_parallel_wavegan/BASIC5000_2142_gen.wav,2
/data/DATASETS/WaveFake/jsut_parallel_wavegan/BASIC5000_0214_gen.wav,2
/data/DATASETS/WaveFake/jsut_parallel_wavegan/BASIC5000_1353_gen.wav,2
/data/DATASETS/WaveFake/jsut_parallel_wavegan/BASIC5000_0116_gen.wav,2
/data/DATASETS/WaveFake/jsut_multi_band_melgan/BASIC5000_1211_gen.wav,1
/data/DATASETS/WaveFake/jsut_parallel_wavegan/BASIC5000_2544_gen.wav,2
/data/DATASETS/WaveFake/jsut_multi_band_melgan/BASIC5000_1137_gen.wav,1
/data/DATASETS/WaveFake/jsut_multi_band_melgan/BASIC5000_1037_gen.wav,1
/data/DATASETS/WaveFake/jsut_multi_band_melgan/BASIC5000_0868_gen.wav,1
/data/DATASETS/WaveFake/jsut_parallel_wavegan/BASIC5000_4053_gen.wav,2
/data/DATASETS/WaveFake/jsut_parallel_wavegan/BASIC5000_0425_gen.wav,2
/data/DATASETS/WaveFake/jsut_multi_band_melgan/BASIC5000_3114_gen.wav,1
/data/DATASETS/WaveFake/jsut_multi_band_melgan/BASIC5000_4922_gen.wav,1
/data/DATASETS/WaveFake/jsut_multi_band_melgan/BASIC5000_4449_gen.wav,1
/data/DATASETS/WaveFake/jsut_parallel_wavegan/BASIC5000_2178_gen.wav,2
/data/DATASETS/WaveFake/jsut_multi_band_melgan/BASIC5000_4068_gen.wav,1
/data/DATASETS/WaveFake/jsut_parallel_wavegan/BASIC5000_2547_gen.wav,2
/data/DATASETS/WaveFake/jsut_parallel_wavegan/BASIC5000_3973_gen.wav,2
/data/DATASETS/WaveFake/jsut_parallel_wavegan/BASIC5000_1884_gen.wav,2
/data/DATASETS/WaveFake/jsut_parallel_wavegan/BASIC5000_0863_gen.wav,2
/data/DATASETS/WaveFake/jsut_parallel_wavegan/BASIC5000_1451_gen.wav,2
/data/DATASETS/WaveFake/jsut_parallel_wavegan/BASIC5000_3417_gen.wav,2
/data/DATASETS/WaveFake/jsut_multi_band_melgan/BASIC5000_3988_gen.wav,1
/data/DATASETS/WaveFake/jsut_parallel_wavegan/BASIC5000_2496_gen.wav,2
/data/DATASETS/WaveFake/jsut_multi_band_melgan/BASIC5000_2505_gen.wav,1
/data/DATASETS/WaveFake/jsut_parallel_wavegan/BASIC5000_0754_gen.wav,2
/data/DATASETS/WaveFake/jsut_multi_band_melgan/BASIC5000_2627_gen.wav,1
/data/DATASETS/WaveFake/jsut_parallel_wavegan/BASIC5000_0840_gen.wav,2
/data/DATASETS/WaveFake/jsut_parallel_wavegan/BASIC5000_0718_gen.wav,2
/data/DATASETS/WaveFake/jsut_parallel_wavegan/BASIC5000_3977_gen.wav,2
/data/DATASETS/WaveFake/jsut_parallel_wavegan/BASIC5000_1149_gen.wav,2
/data/DATASETS/WaveFake/jsut_parallel_wavegan/BASIC5000_1107_gen.wav,2
/data/DATASETS/WaveFake/jsut_parallel_wavegan/BASIC5000_1003_gen.wav,2
/data/DATASETS/WaveFake/jsut_parallel_wavegan/BASIC5000_4535_gen.wav,2
/data/DATASETS/WaveFake/jsut_multi_band_melgan/BASIC5000_0458_gen.wav,1
/data/DATASETS/WaveFake/jsut_parallel_wavegan/BASIC5000_0486_gen.wav,2
/data/DATASETS/WaveFake/jsut_multi_band_melgan/BASIC5000_0706_gen.wav,1
/data/DATASETS/WaveFake/jsut_multi_band_melgan/BASIC5000_0941_gen.wav,1
/data/DATASETS/WaveFake/jsut_parallel_wavegan/BASIC5000_0697_gen.wav,2
/data/DATASETS/WaveFake/jsut_parallel_wavegan/BASIC5000_2700_gen.wav,2
/data/DATASETS/WaveFake/jsut_parallel_wavegan/BASIC5000_0346_gen.wav,2
/data/DATASETS/WaveFake/jsut_multi_band_melgan/BASIC5000_0854_gen.wav,1
/data/DATASETS/WaveFake/jsut_parallel_wavegan/BASIC5000_4249_gen.wav,2
/data/DATASETS/WaveFake/jsut_parallel_wavegan/BASIC5000_2569_gen.wav,2
/data/DATASETS/WaveFake/jsut_multi_band_melgan/BASIC5000_0568_gen.wav,1
/data/DATASETS/WaveFake/jsut_parallel_wavegan/BASIC5000_0679_gen.wav,2
/data/DATASETS/WaveFake/jsut_multi_band_melgan/BASIC5000_0582_gen.wav,1
/data/DATASETS/WaveFake/jsut_parallel_wavegan/BASIC5000_0730_gen.wav,2
/data/DATASETS/WaveFake/jsut_multi_band_melgan/BASIC5000_3786_gen.wav,1
/data/DATASETS/WaveFake/jsut_multi_band_melgan/BASIC5000_0984_gen.wav,1
/data/DATASETS/WaveFake/jsut_multi_band_melgan/BASIC5000_2642_gen.wav,1
/data/DATASETS/WaveFake/jsut_multi_band_melgan/BASIC5000_5000_gen.wav,1
/data/DATASETS/WaveFake/jsut_multi_band_melgan/BASIC5000_2941_gen.wav,1
/data/DATASETS/WaveFake/jsut_parallel_wavegan/BASIC5000_1640_gen.wav,2
/data/DATASETS/WaveFake/jsut_parallel_wavegan/BASIC5000_2366_gen.wav,2
/data/DATASETS/WaveFake/jsut_parallel_wavegan/BASIC5000_3495_gen.wav,2
/data/DATASETS/WaveFake/jsut_multi_band_melgan/BASIC5000_0929_gen.wav,1
/data/DATASETS/WaveFake/jsut_multi_band_melgan/BASIC5000_0638_gen.wav,1
/data/DATASETS/WaveFake/jsut_parallel_wavegan/BASIC5000_0271_gen.wav,2
/data/DATASETS/WaveFake/jsut_parallel_wavegan/BASIC5000_0104_gen.wav,2
/data/DATASETS/WaveFake/jsut_parallel_wavegan/BASIC5000_4495_gen.wav,2
/data/DATASETS/WaveFake/jsut_parallel_wavegan/BASIC5000_0657_gen.wav,2
/data/DATASETS/WaveFake/jsut_parallel_wavegan/BASIC5000_0918_gen.wav,2
/data/DATASETS/WaveFake/jsut_multi_band_melgan/BASIC5000_4129_gen.wav,1
/data/DATASETS/WaveFake/jsut_parallel_wavegan/BASIC5000_4986_gen.wav,2
/data/DATASETS/WaveFake/jsut_multi_band_melgan/BASIC5000_2664_gen.wav,1
/data/DATASETS/WaveFake/jsut_multi_band_melgan/BASIC5000_2678_gen.wav,1
/data/DATASETS/WaveFake/jsut_parallel_wavegan/BASIC5000_3652_gen.wav,2
/data/DATASETS/WaveFake/jsut_multi_band_melgan/BASIC5000_3135_gen.wav,1
/data/DATASETS/WaveFake/jsut_multi_band_melgan/BASIC5000_0898_gen.wav,1
/data/DATASETS/WaveFake/jsut_multi_band_melgan/BASIC5000_2142_gen.wav,1
/data/DATASETS/WaveFake/jsut_parallel_wavegan/BASIC5000_2317_gen.wav,2
/data/DATASETS/WaveFake/jsut_multi_band_melgan/BASIC5000_4740_gen.wav,1
/data/DATASETS/WaveFake/jsut_parallel_wavegan/BASIC5000_0811_gen.wav,2
/data/DATASETS/WaveFake/jsut_multi_band_melgan/BASIC5000_3439_gen.wav,1
/data/DATASETS/WaveFake/jsut_parallel_wavegan/BASIC5000_1412_gen.wav,2
/data/DATASETS/WaveFake/jsut_parallel_wavegan/BASIC5000_3505_gen.wav,2
/data/DATASETS/WaveFake/jsut_parallel_wavegan/BASIC5000_4577_gen.wav,2
/data/DATASETS/WaveFake/jsut_parallel_wavegan/BASIC5000_4931_gen.wav,2
/data/DATASETS/WaveFake/jsut_multi_band_melgan/BASIC5000_1546_gen.wav,1
/data/DATASETS/WaveFake/jsut_parallel_wavegan/BASIC5000_4983_gen.wav,2
/data/DATASETS/WaveFake/jsut_multi_band_melgan/BASIC5000_1900_gen.wav,1
/data/DATASETS/WaveFake/jsut_parallel_wavegan/BASIC5000_0522_gen.wav,2
/data/DATASETS/WaveFake/jsut_multi_band_melgan/BASIC5000_1648_gen.wav,1
/data/DATASETS/WaveFake/jsut_multi_band_melgan/BASIC5000_1411_gen.wav,1
/data/DATASETS/WaveFake/jsut_multi_band_melgan/BASIC5000_0655_gen.wav,1
/data/DATASETS/WaveFake/jsut_parallel_wavegan/BASIC5000_4406_gen.wav,2
/data/DATASETS/WaveFake/jsut_parallel_wavegan/BASIC5000_0352_gen.wav,2
/data/DATASETS/WaveFake/jsut_parallel_wavegan/BASIC5000_0895_gen.wav,2
/data/DATASETS/WaveFake/jsut_parallel_wavegan/BASIC5000_2686_gen.wav,2
/data/DATASETS/WaveFake/jsut_multi_band_melgan/BASIC5000_0162_gen.wav,1
/data/DATASETS/WaveFake/jsut_multi_band_melgan/BASIC5000_1526_gen.wav,1
/data/DATASETS/WaveFake/jsut_multi_band_melgan/BASIC5000_4817_gen.wav,1
/data/DATASETS/WaveFake/jsut_parallel_wavegan/BASIC5000_3647_gen.wav,2
/data/DATASETS/WaveFake/jsut_multi_band_melgan/BASIC5000_2920_gen.wav,1
/data/DATASETS/WaveFake/jsut_parallel_wavegan/BASIC5000_2606_gen.wav,2
/data/DATASETS/WaveFake/jsut_parallel_wavegan/BASIC5000_2805_gen.wav,2
/data/DATASETS/WaveFake/jsut_multi_band_melgan/BASIC5000_4522_gen.wav,1
/data/DATASETS/WaveFake/jsut_multi_band_melgan/BASIC5000_4114_gen.wav,1
/data/DATASETS/WaveFake/jsut_multi_band_melgan/BASIC5000_4530_gen.wav,1
/data/DATASETS/WaveFake/jsut_parallel_wavegan/BASIC5000_0866_gen.wav,2
/data/DATASETS/WaveFake/jsut_multi_band_melgan/BASIC5000_0288_gen.wav,1
/data/DATASETS/WaveFake/jsut_parallel_wavegan/BASIC5000_1619_gen.wav,2
/data/DATASETS/WaveFake/jsut_multi_band_melgan/BASIC5000_2488_gen.wav,1
/data/DATASETS/WaveFake/jsut_multi_band_melgan/BASIC5000_4837_gen.wav,1
/data/DATASETS/WaveFake/jsut_multi_band_melgan/BASIC5000_4458_gen.wav,1
/data/DATASETS/WaveFake/jsut_parallel_wavegan/BASIC5000_2253_gen.wav,2
/data/DATASETS/WaveFake/jsut_multi_band_melgan/BASIC5000_0226_gen.wav,1
/data/DATASETS/WaveFake/jsut_parallel_wavegan/BASIC5000_1116_gen.wav,2
/data/DATASETS/WaveFake/jsut_parallel_wavegan/BASIC5000_2299_gen.wav,2
/data/DATASETS/WaveFake/jsut_multi_band_melgan/BASIC5000_3427_gen.wav,1
/data/DATASETS/WaveFake/jsut_multi_band_melgan/BASIC5000_4771_gen.wav,1
/data/DATASETS/WaveFake/jsut_parallel_wavegan/BASIC5000_3292_gen.wav,2
/data/DATASETS/WaveFake/jsut_parallel_wavegan/BASIC5000_0784_gen.wav,2
/data/DATASETS/WaveFake/jsut_parallel_wavegan/BASIC5000_0557_gen.wav,2
/data/DATASETS/WaveFake/jsut_parallel_wavegan/BASIC5000_2089_gen.wav,2
/data/DATASETS/WaveFake/jsut_parallel_wavegan/BASIC5000_1016_gen.wav,2
/data/DATASETS/WaveFake/jsut_multi_band_melgan/BASIC5000_1120_gen.wav,1
/data/DATASETS/WaveFake/jsut_parallel_wavegan/BASIC5000_3953_gen.wav,2
/data/DATASETS/WaveFake/jsut_parallel_wavegan/BASIC5000_3044_gen.wav,2
/data/DATASETS/WaveFake/jsut_multi_band_melgan/BASIC5000_0452_gen.wav,1
/data/DATASETS/WaveFake/jsut_parallel_wavegan/BASIC5000_0032_gen.wav,2
/data/DATASETS/WaveFake/jsut_parallel_wavegan/BASIC5000_4206_gen.wav,2
/data/DATASETS/WaveFake/jsut_parallel_wavegan/BASIC5000_2042_gen.wav,2
/data/DATASETS/WaveFake/jsut_multi_band_melgan/BASIC5000_3172_gen.wav,1
/data/DATASETS/WaveFake/jsut_multi_band_melgan/BASIC5000_1100_gen.wav,1
/data/DATASETS/WaveFake/jsut_multi_band_melgan/BASIC5000_0371_gen.wav,1
/data/DATASETS/WaveFake/jsut_parallel_wavegan/BASIC5000_1364_gen.wav,2
/data/DATASETS/WaveFake/jsut_multi_band_melgan/BASIC5000_2639_gen.wav,1
/data/DATASETS/WaveFake/jsut_parallel_wavegan/BASIC5000_4485_gen.wav,2
/data/DATASETS/WaveFake/jsut_parallel_wavegan/BASIC5000_2060_gen.wav,2
/data/DATASETS/WaveFake/jsut_parallel_wavegan/BASIC5000_2874_gen.wav,2
/data/DATASETS/WaveFake/jsut_parallel_wavegan/BASIC5000_1153_gen.wav,2
/data/DATASETS/WaveFake/jsut_multi_band_melgan/BASIC5000_4800_gen.wav,1
/data/DATASETS/WaveFake/jsut_parallel_wavegan/BASIC5000_4615_gen.wav,2
/data/DATASETS/WaveFake/jsut_parallel_wavegan/BASIC5000_3212_gen.wav,2
/data/DATASETS/WaveFake/jsut_multi_band_melgan/BASIC5000_4421_gen.wav,1
/data/DATASETS/WaveFake/jsut_multi_band_melgan/BASIC5000_0969_gen.wav,1
/data/DATASETS/WaveFake/jsut_parallel_wavegan/BASIC5000_3471_gen.wav,2
/data/DATASETS/WaveFake/jsut_parallel_wavegan/BASIC5000_0996_gen.wav,2
/data/DATASETS/WaveFake/jsut_parallel_wavegan/BASIC5000_3025_gen.wav,2
/data/DATASETS/WaveFake/jsut_parallel_wavegan/BASIC5000_2490_gen.wav,2
/data/DATASETS/WaveFake/jsut_multi_band_melgan/BASIC5000_3709_gen.wav,1
/data/DATASETS/WaveFake/jsut_parallel_wavegan/BASIC5000_2558_gen.wav,2
/data/DATASETS/WaveFake/jsut_parallel_wavegan/BASIC5000_0622_gen.wav,2
/data/DATASETS/WaveFake/jsut_parallel_wavegan/BASIC5000_3489_gen.wav,2
/data/DATASETS/WaveFake/jsut_multi_band_melgan/BASIC5000_4891_gen.wav,1
/data/DATASETS/WaveFake/jsut_parallel_wavegan/BASIC5000_1337_gen.wav,2
/data/DATASETS/WaveFake/jsut_parallel_wavegan/BASIC5000_2706_gen.wav,2
/data/DATASETS/WaveFake/jsut_multi_band_melgan/BASIC5000_2561_gen.wav,1
/data/DATASETS/WaveFake/jsut_parallel_wavegan/BASIC5000_0250_gen.wav,2
/data/DATASETS/WaveFake/jsut_parallel_wavegan/BASIC5000_2550_gen.wav,2
/data/DATASETS/WaveFake/jsut_parallel_wavegan/BASIC5000_4492_gen.wav,2
/data/DATASETS/WaveFake/jsut_parallel_wavegan/BASIC5000_4415_gen.wav,2
/data/DATASETS/WaveFake/jsut_multi_band_melgan/BASIC5000_2609_gen.wav,1
/data/DATASETS/WaveFake/jsut_multi_band_melgan/BASIC5000_1591_gen.wav,1
/data/DATASETS/WaveFake/jsut_parallel_wavegan/BASIC5000_4856_gen.wav,2
/data/DATASETS/WaveFake/jsut_multi_band_melgan/BASIC5000_1780_gen.wav,1
/data/DATASETS/WaveFake/jsut_parallel_wavegan/BASIC5000_0471_gen.wav,2
/data/DATASETS/WaveFake/jsut_multi_band_melgan/BASIC5000_1354_gen.wav,1
/data/DATASETS/WaveFake/jsut_parallel_wavegan/BASIC5000_4113_gen.wav,2
/data/DATASETS/WaveFake/jsut_parallel_wavegan/BASIC5000_3283_gen.wav,2
/data/DATASETS/WaveFake/jsut_multi_band_melgan/BASIC5000_0747_gen.wav,1
/data/DATASETS/WaveFake/jsut_parallel_wavegan/BASIC5000_1921_gen.wav,2
/data/DATASETS/WaveFake/jsut_multi_band_melgan/BASIC5000_0680_gen.wav,1
/data/DATASETS/WaveFake/jsut_parallel_wavegan/BASIC5000_4735_gen.wav,2
/data/DATASETS/WaveFake/jsut_parallel_wavegan/BASIC5000_3014_gen.wav,2
/data/DATASETS/WaveFake/jsut_parallel_wavegan/BASIC5000_3823_gen.wav,2
/data/DATASETS/WaveFake/jsut_parallel_wavegan/BASIC5000_1742_gen.wav,2
/data/DATASETS/WaveFake/jsut_parallel_wavegan/BASIC5000_3911_gen.wav,2
/data/DATASETS/WaveFake/jsut_parallel_wavegan/BASIC5000_0766_gen.wav,2
/data/DATASETS/WaveFake/jsut_multi_band_melgan/BASIC5000_0302_gen.wav,1
/data/DATASETS/WaveFake/jsut_parallel_wavegan/BASIC5000_1814_gen.wav,2
/data/DATASETS/WaveFake/jsut_parallel_wavegan/BASIC5000_2451_gen.wav,2
/data/DATASETS/WaveFake/jsut_multi_band_melgan/BASIC5000_2219_gen.wav,1
/data/DATASETS/WaveFake/jsut_parallel_wavegan/BASIC5000_3832_gen.wav,2
/data/DATASETS/WaveFake/jsut_parallel_wavegan/BASIC5000_4182_gen.wav,2
/data/DATASETS/WaveFake/jsut_multi_band_melgan/BASIC5000_3583_gen.wav,1
/data/DATASETS/WaveFake/jsut_multi_band_melgan/BASIC5000_1215_gen.wav,1
/data/DATASETS/WaveFake/jsut_multi_band_melgan/BASIC5000_2934_gen.wav,1
/data/DATASETS/WaveFake/jsut_parallel_wavegan/BASIC5000_4033_gen.wav,2
/data/DATASETS/WaveFake/jsut_parallel_wavegan/BASIC5000_4516_gen.wav,2
/data/DATASETS/WaveFake/jsut_parallel_wavegan/BASIC5000_3913_gen.wav,2
/data/DATASETS/WaveFake/jsut_parallel_wavegan/BASIC5000_4746_gen.wav,2
/data/DATASETS/WaveFake/jsut_multi_band_melgan/BASIC5000_2301_gen.wav,1
/data/DATASETS/WaveFake/jsut_multi_band_melgan/BASIC5000_2419_gen.wav,1
/data/DATASETS/WaveFake/jsut_multi_band_melgan/BASIC5000_4148_gen.wav,1
/data/DATASETS/WaveFake/jsut_multi_band_melgan/BASIC5000_2730_gen.wav,1
/data/DATASETS/WaveFake/jsut_parallel_wavegan/BASIC5000_2465_gen.wav,2
/data/DATASETS/WaveFake/jsut_parallel_wavegan/BASIC5000_0524_gen.wav,2
/data/DATASETS/WaveFake/jsut_multi_band_melgan/BASIC5000_4503_gen.wav,1
/data/DATASETS/WaveFake/jsut_multi_band_melgan/BASIC5000_4916_gen.wav,1
/data/DATASETS/WaveFake/jsut_parallel_wavegan/BASIC5000_3786_gen.wav,2
/data/DATASETS/WaveFake/jsut_parallel_wavegan/BASIC5000_1051_gen.wav,2
/data/DATASETS/WaveFake/jsut_multi_band_melgan/BASIC5000_0161_gen.wav,1
/data/DATASETS/WaveFake/jsut_multi_band_melgan/BASIC5000_3272_gen.wav,1
/data/DATASETS/WaveFake/jsut_parallel_wavegan/BASIC5000_4225_gen.wav,2
/data/DATASETS/WaveFake/jsut_multi_band_melgan/BASIC5000_4854_gen.wav,1
/data/DATASETS/WaveFake/jsut_multi_band_melgan/BASIC5000_2787_gen.wav,1
/data/DATASETS/WaveFake/jsut_multi_band_melgan/BASIC5000_4571_gen.wav,1
/data/DATASETS/WaveFake/jsut_parallel_wavegan/BASIC5000_0485_gen.wav,2
/data/DATASETS/WaveFake/jsut_multi_band_melgan/BASIC5000_3621_gen.wav,1
/data/DATASETS/WaveFake/jsut_multi_band_melgan/BASIC5000_3801_gen.wav,1
/data/DATASETS/WaveFake/jsut_parallel_wavegan/BASIC5000_2185_gen.wav,2
/data/DATASETS/WaveFake/jsut_multi_band_melgan/BASIC5000_4840_gen.wav,1
/data/DATASETS/WaveFake/jsut_parallel_wavegan/BASIC5000_3712_gen.wav,2
/data/DATASETS/WaveFake/jsut_parallel_wavegan/BASIC5000_1873_gen.wav,2
/data/DATASETS/WaveFake/jsut_parallel_wavegan/BASIC5000_1555_gen.wav,2
/data/DATASETS/WaveFake/jsut_multi_band_melgan/BASIC5000_3625_gen.wav,1
/data/DATASETS/WaveFake/jsut_parallel_wavegan/BASIC5000_1363_gen.wav,2
/data/DATASETS/WaveFake/jsut_multi_band_melgan/BASIC5000_2884_gen.wav,1
/data/DATASETS/WaveFake/jsut_multi_band_melgan/BASIC5000_3598_gen.wav,1
/data/DATASETS/WaveFake/jsut_parallel_wavegan/BASIC5000_4095_gen.wav,2
/data/DATASETS/WaveFake/jsut_parallel_wavegan/BASIC5000_2780_gen.wav,2
/data/DATASETS/WaveFake/jsut_parallel_wavegan/BASIC5000_0013_gen.wav,2
/data/DATASETS/WaveFake/jsut_parallel_wavegan/BASIC5000_0237_gen.wav,2
/data/DATASETS/WaveFake/jsut_parallel_wavegan/BASIC5000_2159_gen.wav,2
/data/DATASETS/WaveFake/jsut_parallel_wavegan/BASIC5000_2147_gen.wav,2
/data/DATASETS/WaveFake/jsut_multi_band_melgan/BASIC5000_2736_gen.wav,1
/data/DATASETS/WaveFake/jsut_parallel_wavegan/BASIC5000_0575_gen.wav,2
/data/DATASETS/WaveFake/jsut_multi_band_melgan/BASIC5000_2326_gen.wav,1
/data/DATASETS/WaveFake/jsut_multi_band_melgan/BASIC5000_4083_gen.wav,1
/data/DATASETS/WaveFake/jsut_multi_band_melgan/BASIC5000_2856_gen.wav,1
/data/DATASETS/WaveFake/jsut_parallel_wavegan/BASIC5000_3018_gen.wav,2
/data/DATASETS/WaveFake/jsut_parallel_wavegan/BASIC5000_0832_gen.wav,2
/data/DATASETS/WaveFake/jsut_multi_band_melgan/BASIC5000_3233_gen.wav,1
/data/DATASETS/WaveFake/jsut_multi_band_melgan/BASIC5000_1696_gen.wav,1
/data/DATASETS/WaveFake/jsut_parallel_wavegan/BASIC5000_0602_gen.wav,2
/data/DATASETS/WaveFake/jsut_multi_band_melgan/BASIC5000_3085_gen.wav,1
/data/DATASETS/WaveFake/jsut_parallel_wavegan/BASIC5000_1753_gen.wav,2
/data/DATASETS/WaveFake/jsut_multi_band_melgan/BASIC5000_1496_gen.wav,1
/data/DATASETS/WaveFake/jsut_multi_band_melgan/BASIC5000_4807_gen.wav,1
/data/DATASETS/WaveFake/jsut_parallel_wavegan/BASIC5000_3137_gen.wav,2
/data/DATASETS/WaveFake/jsut_parallel_wavegan/BASIC5000_0329_gen.wav,2
/data/DATASETS/WaveFake/jsut_parallel_wavegan/BASIC5000_4304_gen.wav,2
/data/DATASETS/WaveFake/jsut_parallel_wavegan/BASIC5000_1106_gen.wav,2
/data/DATASETS/WaveFake/jsut_parallel_wavegan/BASIC5000_4223_gen.wav,2
/data/DATASETS/WaveFake/jsut_parallel_wavegan/BASIC5000_4324_gen.wav,2
/data/DATASETS/WaveFake/jsut_multi_band_melgan/BASIC5000_2974_gen.wav,1
/data/DATASETS/WaveFake/jsut_multi_band_melgan/BASIC5000_3456_gen.wav,1
/data/DATASETS/WaveFake/jsut_parallel_wavegan/BASIC5000_3195_gen.wav,2
/data/DATASETS/WaveFake/jsut_multi_band_melgan/BASIC5000_1517_gen.wav,1
/data/DATASETS/WaveFake/jsut_multi_band_melgan/BASIC5000_4043_gen.wav,1
/data/DATASETS/WaveFake/jsut_parallel_wavegan/BASIC5000_1304_gen.wav,2
/data/DATASETS/WaveFake/jsut_parallel_wavegan/BASIC5000_4839_gen.wav,2
/data/DATASETS/WaveFake/jsut_multi_band_melgan/BASIC5000_4670_gen.wav,1
/data/DATASETS/WaveFake/jsut_multi_band_melgan/BASIC5000_1999_gen.wav,1
/data/DATASETS/WaveFake/jsut_parallel_wavegan/BASIC5000_2738_gen.wav,2
/data/DATASETS/WaveFake/jsut_parallel_wavegan/BASIC5000_1325_gen.wav,2
/data/DATASETS/WaveFake/jsut_parallel_wavegan/BASIC5000_4654_gen.wav,2
/data/DATASETS/WaveFake/jsut_multi_band_melgan/BASIC5000_2061_gen.wav,1
/data/DATASETS/WaveFake/jsut_multi_band_melgan/BASIC5000_4223_gen.wav,1
/data/DATASETS/WaveFake/jsut_multi_band_melgan/BASIC5000_0241_gen.wav,1
/data/DATASETS/WaveFake/jsut_multi_band_melgan/BASIC5000_3176_gen.wav,1
/data/DATASETS/WaveFake/jsut_parallel_wavegan/BASIC5000_3790_gen.wav,2
/data/DATASETS/WaveFake/jsut_parallel_wavegan/BASIC5000_4181_gen.wav,2
/data/DATASETS/WaveFake/jsut_parallel_wavegan/BASIC5000_4262_gen.wav,2
/data/DATASETS/WaveFake/jsut_multi_band_melgan/BASIC5000_3553_gen.wav,1
/data/DATASETS/WaveFake/jsut_parallel_wavegan/BASIC5000_1715_gen.wav,2
/data/DATASETS/WaveFake/jsut_multi_band_melgan/BASIC5000_4440_gen.wav,1
/data/DATASETS/WaveFake/jsut_parallel_wavegan/BASIC5000_0848_gen.wav,2
/data/DATASETS/WaveFake/jsut_multi_band_melgan/BASIC5000_1572_gen.wav,1
/data/DATASETS/WaveFake/jsut_parallel_wavegan/BASIC5000_4135_gen.wav,2
/data/DATASETS/WaveFake/jsut_parallel_wavegan/BASIC5000_4008_gen.wav,2
/data/DATASETS/WaveFake/jsut_parallel_wavegan/BASIC5000_1822_gen.wav,2
/data/DATASETS/WaveFake/jsut_parallel_wavegan/BASIC5000_4107_gen.wav,2
/data/DATASETS/WaveFake/jsut_multi_band_melgan/BASIC5000_1605_gen.wav,1
/data/DATASETS/WaveFake/jsut_multi_band_melgan/BASIC5000_1973_gen.wav,1
/data/DATASETS/WaveFake/jsut_multi_band_melgan/BASIC5000_1504_gen.wav,1
/data/DATASETS/WaveFake/jsut_multi_band_melgan/BASIC5000_3278_gen.wav,1
/data/DATASETS/WaveFake/jsut_parallel_wavegan/BASIC5000_1436_gen.wav,2
/data/DATASETS/WaveFake/jsut_multi_band_melgan/BASIC5000_1407_gen.wav,1
/data/DATASETS/WaveFake/jsut_multi_band_melgan/BASIC5000_3715_gen.wav,1
/data/DATASETS/WaveFake/jsut_parallel_wavegan/BASIC5000_0165_gen.wav,2
/data/DATASETS/WaveFake/jsut_parallel_wavegan/BASIC5000_0978_gen.wav,2
/data/DATASETS/WaveFake/jsut_parallel_wavegan/BASIC5000_1957_gen.wav,2
/data/DATASETS/WaveFake/jsut_parallel_wavegan/BASIC5000_4160_gen.wav,2
/data/DATASETS/WaveFake/jsut_parallel_wavegan/BASIC5000_3264_gen.wav,2
/data/DATASETS/WaveFake/jsut_parallel_wavegan/BASIC5000_0541_gen.wav,2
/data/DATASETS/WaveFake/jsut_parallel_wavegan/BASIC5000_3506_gen.wav,2
/data/DATASETS/WaveFake/jsut_parallel_wavegan/BASIC5000_3516_gen.wav,2
/data/DATASETS/WaveFake/jsut_multi_band_melgan/BASIC5000_2049_gen.wav,1
/data/DATASETS/WaveFake/jsut_multi_band_melgan/BASIC5000_0464_gen.wav,1
/data/DATASETS/WaveFake/jsut_parallel_wavegan/BASIC5000_2070_gen.wav,2
/data/DATASETS/WaveFake/jsut_parallel_wavegan/BASIC5000_1847_gen.wav,2
/data/DATASETS/WaveFake/jsut_multi_band_melgan/BASIC5000_3044_gen.wav,1
/data/DATASETS/WaveFake/jsut_multi_band_melgan/BASIC5000_0068_gen.wav,1
/data/DATASETS/WaveFake/jsut_parallel_wavegan/BASIC5000_2523_gen.wav,2
/data/DATASETS/WaveFake/jsut_multi_band_melgan/BASIC5000_3231_gen.wav,1
/data/DATASETS/WaveFake/jsut_multi_band_melgan/BASIC5000_0082_gen.wav,1
/data/DATASETS/WaveFake/jsut_parallel_wavegan/BASIC5000_2742_gen.wav,2
/data/DATASETS/WaveFake/jsut_multi_band_melgan/BASIC5000_1398_gen.wav,1
/data/DATASETS/WaveFake/jsut_multi_band_melgan/BASIC5000_1869_gen.wav,1
/data/DATASETS/WaveFake/jsut_multi_band_melgan/BASIC5000_0202_gen.wav,1
/data/DATASETS/WaveFake/jsut_multi_band_melgan/BASIC5000_1070_gen.wav,1
/data/DATASETS/WaveFake/jsut_parallel_wavegan/BASIC5000_4589_gen.wav,2
/data/DATASETS/WaveFake/jsut_parallel_wavegan/BASIC5000_4602_gen.wav,2
/data/DATASETS/WaveFake/jsut_multi_band_melgan/BASIC5000_4256_gen.wav,1
/data/DATASETS/WaveFake/jsut_parallel_wavegan/BASIC5000_1372_gen.wav,2
/data/DATASETS/WaveFake/jsut_multi_band_melgan/BASIC5000_4538_gen.wav,1
/data/DATASETS/WaveFake/jsut_multi_band_melgan/BASIC5000_4273_gen.wav,1
/data/DATASETS/WaveFake/jsut_parallel_wavegan/BASIC5000_0723_gen.wav,2
/data/DATASETS/WaveFake/jsut_parallel_wavegan/BASIC5000_0464_gen.wav,2
/data/DATASETS/WaveFake/jsut_parallel_wavegan/BASIC5000_4879_gen.wav,2
/data/DATASETS/WaveFake/jsut_multi_band_melgan/BASIC5000_2193_gen.wav,1
/data/DATASETS/WaveFake/jsut_multi_band_melgan/BASIC5000_0479_gen.wav,1
/data/DATASETS/WaveFake/jsut_parallel_wavegan/BASIC5000_0870_gen.wav,2
/data/DATASETS/WaveFake/jsut_parallel_wavegan/BASIC5000_3492_gen.wav,2
/data/DATASETS/WaveFake/jsut_parallel_wavegan/BASIC5000_1591_gen.wav,2
/data/DATASETS/WaveFake/jsut_multi_band_melgan/BASIC5000_0142_gen.wav,1
/data/DATASETS/WaveFake/jsut_parallel_wavegan/BASIC5000_0057_gen.wav,2
/data/DATASETS/WaveFake/jsut_parallel_wavegan/BASIC5000_1087_gen.wav,2
/data/DATASETS/WaveFake/jsut_multi_band_melgan/BASIC5000_0391_gen.wav,1
/data/DATASETS/WaveFake/jsut_parallel_wavegan/BASIC5000_0747_gen.wav,2
/data/DATASETS/WaveFake/jsut_parallel_wavegan/BASIC5000_4418_gen.wav,2
/data/DATASETS/WaveFake/jsut_parallel_wavegan/BASIC5000_4771_gen.wav,2
/data/DATASETS/WaveFake/jsut_multi_band_melgan/BASIC5000_1979_gen.wav,1
/data/DATASETS/WaveFake/jsut_parallel_wavegan/BASIC5000_4903_gen.wav,2
/data/DATASETS/WaveFake/jsut_multi_band_melgan/BASIC5000_2134_gen.wav,1
/data/DATASETS/WaveFake/jsut_parallel_wavegan/BASIC5000_4066_gen.wav,2
/data/DATASETS/WaveFake/jsut_parallel_wavegan/BASIC5000_1103_gen.wav,2
/data/DATASETS/WaveFake/jsut_parallel_wavegan/BASIC5000_4999_gen.wav,2
/data/DATASETS/WaveFake/jsut_parallel_wavegan/BASIC5000_0904_gen.wav,2
/data/DATASETS/WaveFake/jsut_multi_band_melgan/BASIC5000_2261_gen.wav,1
/data/DATASETS/WaveFake/jsut_multi_band_melgan/BASIC5000_2112_gen.wav,1
/data/DATASETS/WaveFake/jsut_parallel_wavegan/BASIC5000_0820_gen.wav,2
/data/DATASETS/WaveFake/jsut_parallel_wavegan/BASIC5000_0865_gen.wav,2
/data/DATASETS/WaveFake/jsut_multi_band_melgan/BASIC5000_2232_gen.wav,1
/data/DATASETS/WaveFake/jsut_parallel_wavegan/BASIC5000_1833_gen.wav,2
/data/DATASETS/WaveFake/jsut_multi_band_melgan/BASIC5000_4560_gen.wav,1
/data/DATASETS/WaveFake/jsut_multi_band_melgan/BASIC5000_4262_gen.wav,1
/data/DATASETS/WaveFake/jsut_parallel_wavegan/BASIC5000_2695_gen.wav,2
/data/DATASETS/WaveFake/jsut_parallel_wavegan/BASIC5000_3604_gen.wav,2
/data/DATASETS/WaveFake/jsut_parallel_wavegan/BASIC5000_0059_gen.wav,2
/data/DATASETS/WaveFake/jsut_multi_band_melgan/BASIC5000_0793_gen.wav,1
/data/DATASETS/WaveFake/jsut_parallel_wavegan/BASIC5000_4483_gen.wav,2
/data/DATASETS/WaveFake/jsut_multi_band_melgan/BASIC5000_3182_gen.wav,1
/data/DATASETS/WaveFake/jsut_parallel_wavegan/BASIC5000_1448_gen.wav,2
/data/DATASETS/WaveFake/jsut_multi_band_melgan/BASIC5000_3509_gen.wav,1
/data/DATASETS/WaveFake/jsut_multi_band_melgan/BASIC5000_2013_gen.wav,1
/data/DATASETS/WaveFake/jsut_parallel_wavegan/BASIC5000_4025_gen.wav,2
/data/DATASETS/WaveFake/jsut_multi_band_melgan/BASIC5000_3925_gen.wav,1
/data/DATASETS/WaveFake/jsut_parallel_wavegan/BASIC5000_0759_gen.wav,2
/data/DATASETS/WaveFake/jsut_parallel_wavegan/BASIC5000_2795_gen.wav,2
/data/DATASETS/WaveFake/jsut_parallel_wavegan/BASIC5000_2623_gen.wav,2
/data/DATASETS/WaveFake/jsut_multi_band_melgan/BASIC5000_3424_gen.wav,1
/data/DATASETS/WaveFake/jsut_parallel_wavegan/BASIC5000_2034_gen.wav,2
/data/DATASETS/WaveFake/jsut_parallel_wavegan/BASIC5000_0158_gen.wav,2
/data/DATASETS/WaveFake/jsut_multi_band_melgan/BASIC5000_2319_gen.wav,1
/data/DATASETS/WaveFake/jsut_parallel_wavegan/BASIC5000_4238_gen.wav,2
/data/DATASETS/WaveFake/jsut_multi_band_melgan/BASIC5000_3396_gen.wav,1
/data/DATASETS/WaveFake/jsut_parallel_wavegan/BASIC5000_1839_gen.wav,2
/data/DATASETS/WaveFake/jsut_parallel_wavegan/BASIC5000_0999_gen.wav,2
/data/DATASETS/WaveFake/jsut_parallel_wavegan/BASIC5000_2224_gen.wav,2
/data/DATASETS/WaveFake/jsut_parallel_wavegan/BASIC5000_2187_gen.wav,2
/data/DATASETS/WaveFake/jsut_parallel_wavegan/BASIC5000_0649_gen.wav,2
/data/DATASETS/WaveFake/jsut_parallel_wavegan/BASIC5000_2755_gen.wav,2
/data/DATASETS/WaveFake/jsut_multi_band_melgan/BASIC5000_0633_gen.wav,1
/data/DATASETS/WaveFake/jsut_parallel_wavegan/BASIC5000_3494_gen.wav,2
/data/DATASETS/WaveFake/jsut_multi_band_melgan/BASIC5000_4328_gen.wav,1
/data/DATASETS/WaveFake/jsut_parallel_wavegan/BASIC5000_1880_gen.wav,2
/data/DATASETS/WaveFake/jsut_parallel_wavegan/BASIC5000_1300_gen.wav,2
/data/DATASETS/WaveFake/jsut_parallel_wavegan/BASIC5000_2732_gen.wav,2
/data/DATASETS/WaveFake/jsut_multi_band_melgan/BASIC5000_1708_gen.wav,1
/data/DATASETS/WaveFake/jsut_multi_band_melgan/BASIC5000_1475_gen.wav,1
/data/DATASETS/WaveFake/jsut_multi_band_melgan/BASIC5000_0455_gen.wav,1
/data/DATASETS/WaveFake/jsut_multi_band_melgan/BASIC5000_3071_gen.wav,1
/data/DATASETS/WaveFake/jsut_multi_band_melgan/BASIC5000_2928_gen.wav,1
/data/DATASETS/WaveFake/jsut_parallel_wavegan/BASIC5000_0307_gen.wav,2
/data/DATASETS/WaveFake/jsut_multi_band_melgan/BASIC5000_3194_gen.wav,1
/data/DATASETS/WaveFake/jsut_multi_band_melgan/BASIC5000_0243_gen.wav,1
/data/DATASETS/WaveFake/jsut_parallel_wavegan/BASIC5000_4785_gen.wav,2
/data/DATASETS/WaveFake/jsut_multi_band_melgan/BASIC5000_0625_gen.wav,1
/data/DATASETS/WaveFake/jsut_parallel_wavegan/BASIC5000_1824_gen.wav,2
/data/DATASETS/WaveFake/jsut_multi_band_melgan/BASIC5000_2070_gen.wav,1
/data/DATASETS/WaveFake/jsut_multi_band_melgan/BASIC5000_3290_gen.wav,1
/data/DATASETS/WaveFake/jsut_multi_band_melgan/BASIC5000_0989_gen.wav,1
/data/DATASETS/WaveFake/jsut_parallel_wavegan/BASIC5000_3312_gen.wav,2
/data/DATASETS/WaveFake/jsut_multi_band_melgan/BASIC5000_0488_gen.wav,1
/data/DATASETS/WaveFake/jsut_parallel_wavegan/BASIC5000_2588_gen.wav,2
/data/DATASETS/WaveFake/jsut_multi_band_melgan/BASIC5000_2056_gen.wav,1
/data/DATASETS/WaveFake/jsut_multi_band_melgan/BASIC5000_1524_gen.wav,1
/data/DATASETS/WaveFake/jsut_parallel_wavegan/BASIC5000_2967_gen.wav,2
/data/DATASETS/WaveFake/jsut_parallel_wavegan/BASIC5000_3870_gen.wav,2
/data/DATASETS/WaveFake/jsut_multi_band_melgan/BASIC5000_0784_gen.wav,1
/data/DATASETS/WaveFake/jsut_multi_band_melgan/BASIC5000_1639_gen.wav,1
/data/DATASETS/WaveFake/jsut_multi_band_melgan/BASIC5000_3319_gen.wav,1
/data/DATASETS/WaveFake/jsut_parallel_wavegan/BASIC5000_3142_gen.wav,2
/data/DATASETS/WaveFake/jsut_multi_band_melgan/BASIC5000_4396_gen.wav,1
/data/DATASETS/WaveFake/jsut_parallel_wavegan/BASIC5000_4511_gen.wav,2
/data/DATASETS/WaveFake/jsut_parallel_wavegan/BASIC5000_1219_gen.wav,2
/data/DATASETS/WaveFake/jsut_multi_band_melgan/BASIC5000_2782_gen.wav,1
/data/DATASETS/WaveFake/jsut_multi_band_melgan/BASIC5000_1887_gen.wav,1
/data/DATASETS/WaveFake/jsut_multi_band_melgan/BASIC5000_4245_gen.wav,1
/data/DATASETS/WaveFake/jsut_multi_band_melgan/BASIC5000_2147_gen.wav,1
/data/DATASETS/WaveFake/jsut_parallel_wavegan/BASIC5000_2376_gen.wav,2
/data/DATASETS/WaveFake/jsut_multi_band_melgan/BASIC5000_3049_gen.wav,1
/data/DATASETS/WaveFake/jsut_multi_band_melgan/BASIC5000_0485_gen.wav,1
/data/DATASETS/WaveFake/jsut_multi_band_melgan/BASIC5000_4022_gen.wav,1
/data/DATASETS/WaveFake/jsut_parallel_wavegan/BASIC5000_4362_gen.wav,2
/data/DATASETS/WaveFake/jsut_parallel_wavegan/BASIC5000_3538_gen.wav,2
/data/DATASETS/WaveFake/jsut_multi_band_melgan/BASIC5000_2606_gen.wav,1
/data/DATASETS/WaveFake/jsut_parallel_wavegan/BASIC5000_3379_gen.wav,2
/data/DATASETS/WaveFake/jsut_multi_band_melgan/BASIC5000_2918_gen.wav,1
/data/DATASETS/WaveFake/jsut_parallel_wavegan/BASIC5000_4496_gen.wav,2
/data/DATASETS/WaveFake/jsut_parallel_wavegan/BASIC5000_0878_gen.wav,2
/data/DATASETS/WaveFake/jsut_multi_band_melgan/BASIC5000_3167_gen.wav,1
/data/DATASETS/WaveFake/jsut_multi_band_melgan/BASIC5000_1588_gen.wav,1
/data/DATASETS/WaveFake/jsut_multi_band_melgan/BASIC5000_3672_gen.wav,1
/data/DATASETS/WaveFake/jsut_parallel_wavegan/BASIC5000_4951_gen.wav,2
/data/DATASETS/WaveFake/jsut_parallel_wavegan/BASIC5000_2792_gen.wav,2
/data/DATASETS/WaveFake/jsut_multi_band_melgan/BASIC5000_4397_gen.wav,1
/data/DATASETS/WaveFake/jsut_multi_band_melgan/BASIC5000_1126_gen.wav,1
/data/DATASETS/WaveFake/jsut_parallel_wavegan/BASIC5000_3129_gen.wav,2
/data/DATASETS/WaveFake/jsut_parallel_wavegan/BASIC5000_3766_gen.wav,2
/data/DATASETS/WaveFake/jsut_parallel_wavegan/BASIC5000_1737_gen.wav,2
/data/DATASETS/WaveFake/jsut_parallel_wavegan/BASIC5000_3005_gen.wav,2
/data/DATASETS/WaveFake/jsut_multi_band_melgan/BASIC5000_1829_gen.wav,1
/data/DATASETS/WaveFake/jsut_multi_band_melgan/BASIC5000_2461_gen.wav,1
/data/DATASETS/WaveFake/jsut_multi_band_melgan/BASIC5000_2706_gen.wav,1
/data/DATASETS/WaveFake/jsut_multi_band_melgan/BASIC5000_4632_gen.wav,1
/data/DATASETS/WaveFake/jsut_multi_band_melgan/BASIC5000_2478_gen.wav,1
/data/DATASETS/WaveFake/jsut_parallel_wavegan/BASIC5000_3455_gen.wav,2
/data/DATASETS/WaveFake/jsut_parallel_wavegan/BASIC5000_1845_gen.wav,2
/data/DATASETS/WaveFake/jsut_parallel_wavegan/BASIC5000_3956_gen.wav,2
/data/DATASETS/WaveFake/jsut_multi_band_melgan/BASIC5000_1885_gen.wav,1
/data/DATASETS/WaveFake/jsut_multi_band_melgan/BASIC5000_3055_gen.wav,1
/data/DATASETS/WaveFake/jsut_multi_band_melgan/BASIC5000_4945_gen.wav,1
/data/DATASETS/WaveFake/jsut_multi_band_melgan/BASIC5000_3617_gen.wav,1
/data/DATASETS/WaveFake/jsut_parallel_wavegan/BASIC5000_3148_gen.wav,2
/data/DATASETS/WaveFake/jsut_parallel_wavegan/BASIC5000_0756_gen.wav,2
/data/DATASETS/WaveFake/jsut_multi_band_melgan/BASIC5000_4316_gen.wav,1
/data/DATASETS/WaveFake/jsut_parallel_wavegan/BASIC5000_0407_gen.wav,2
/data/DATASETS/WaveFake/jsut_parallel_wavegan/BASIC5000_4071_gen.wav,2
/data/DATASETS/WaveFake/jsut_parallel_wavegan/BASIC5000_0709_gen.wav,2
/data/DATASETS/WaveFake/jsut_parallel_wavegan/BASIC5000_4093_gen.wav,2
/data/DATASETS/WaveFake/jsut_multi_band_melgan/BASIC5000_4305_gen.wav,1
/data/DATASETS/WaveFake/jsut_multi_band_melgan/BASIC5000_1807_gen.wav,1
/data/DATASETS/WaveFake/jsut_parallel_wavegan/BASIC5000_0539_gen.wav,2
/data/DATASETS/WaveFake/jsut_parallel_wavegan/BASIC5000_2959_gen.wav,2
/data/DATASETS/WaveFake/jsut_parallel_wavegan/BASIC5000_2391_gen.wav,2
/data/DATASETS/WaveFake/jsut_parallel_wavegan/BASIC5000_3219_gen.wav,2
/data/DATASETS/WaveFake/jsut_parallel_wavegan/BASIC5000_3789_gen.wav,2
/data/DATASETS/WaveFake/jsut_parallel_wavegan/BASIC5000_1222_gen.wav,2
/data/DATASETS/WaveFake/jsut_parallel_wavegan/BASIC5000_0871_gen.wav,2
/data/DATASETS/WaveFake/jsut_parallel_wavegan/BASIC5000_3969_gen.wav,2
/data/DATASETS/WaveFake/jsut_multi_band_melgan/BASIC5000_3387_gen.wav,1
/data/DATASETS/WaveFake/jsut_multi_band_melgan/BASIC5000_4333_gen.wav,1
/data/DATASETS/WaveFake/jsut_multi_band_melgan/BASIC5000_0663_gen.wav,1
/data/DATASETS/WaveFake/jsut_parallel_wavegan/BASIC5000_1656_gen.wav,2
/data/DATASETS/WaveFake/jsut_parallel_wavegan/BASIC5000_4922_gen.wav,2
/data/DATASETS/WaveFake/jsut_parallel_wavegan/BASIC5000_1561_gen.wav,2
/data/DATASETS/WaveFake/jsut_multi_band_melgan/BASIC5000_1124_gen.wav,1
/data/DATASETS/WaveFake/jsut_parallel_wavegan/BASIC5000_4169_gen.wav,2
/data/DATASETS/WaveFake/jsut_multi_band_melgan/BASIC5000_4462_gen.wav,1
/data/DATASETS/WaveFake/jsut_multi_band_melgan/BASIC5000_2621_gen.wav,1
/data/DATASETS/WaveFake/jsut_parallel_wavegan/BASIC5000_3113_gen.wav,2
/data/DATASETS/WaveFake/jsut_multi_band_melgan/BASIC5000_1154_gen.wav,1
/data/DATASETS/WaveFake/jsut_multi_band_melgan/BASIC5000_1464_gen.wav,1
/data/DATASETS/WaveFake/jsut_parallel_wavegan/BASIC5000_3682_gen.wav,2
/data/DATASETS/WaveFake/jsut_parallel_wavegan/BASIC5000_2594_gen.wav,2
/data/DATASETS/WaveFake/jsut_parallel_wavegan/BASIC5000_3800_gen.wav,2
/data/DATASETS/WaveFake/jsut_multi_band_melgan/BASIC5000_3448_gen.wav,1
/data/DATASETS/WaveFake/jsut_parallel_wavegan/BASIC5000_4389_gen.wav,2
/data/DATASETS/WaveFake/jsut_parallel_wavegan/BASIC5000_3293_gen.wav,2
/data/DATASETS/WaveFake/jsut_parallel_wavegan/BASIC5000_2232_gen.wav,2
/data/DATASETS/WaveFake/jsut_parallel_wavegan/BASIC5000_0525_gen.wav,2
/data/DATASETS/WaveFake/jsut_parallel_wavegan/BASIC5000_0615_gen.wav,2
/data/DATASETS/WaveFake/jsut_multi_band_melgan/BASIC5000_3810_gen.wav,1
/data/DATASETS/WaveFake/jsut_parallel_wavegan/BASIC5000_1255_gen.wav,2
/data/DATASETS/WaveFake/jsut_parallel_wavegan/BASIC5000_1109_gen.wav,2
/data/DATASETS/WaveFake/jsut_parallel_wavegan/BASIC5000_3179_gen.wav,2
/data/DATASETS/WaveFake/jsut_multi_band_melgan/BASIC5000_1204_gen.wav,1
/data/DATASETS/WaveFake/jsut_parallel_wavegan/BASIC5000_2461_gen.wav,2
/data/DATASETS/WaveFake/jsut_multi_band_melgan/BASIC5000_4469_gen.wav,1
/data/DATASETS/WaveFake/jsut_multi_band_melgan/BASIC5000_1626_gen.wav,1
/data/DATASETS/WaveFake/jsut_multi_band_melgan/BASIC5000_1853_gen.wav,1
/data/DATASETS/WaveFake/jsut_multi_band_melgan/BASIC5000_4939_gen.wav,1
/data/DATASETS/WaveFake/jsut_parallel_wavegan/BASIC5000_3368_gen.wav,2
/data/DATASETS/WaveFake/jsut_multi_band_melgan/BASIC5000_0905_gen.wav,1
/data/DATASETS/WaveFake/jsut_multi_band_melgan/BASIC5000_1006_gen.wav,1
/data/DATASETS/WaveFake/jsut_multi_band_melgan/BASIC5000_4517_gen.wav,1
/data/DATASETS/WaveFake/jsut_parallel_wavegan/BASIC5000_0014_gen.wav,2
/data/DATASETS/WaveFake/jsut_parallel_wavegan/BASIC5000_0018_gen.wav,2
/data/DATASETS/WaveFake/jsut_parallel_wavegan/BASIC5000_2640_gen.wav,2
/data/DATASETS/WaveFake/jsut_multi_band_melgan/BASIC5000_0852_gen.wav,1
/data/DATASETS/WaveFake/jsut_multi_band_melgan/BASIC5000_0295_gen.wav,1
/data/DATASETS/WaveFake/jsut_multi_band_melgan/BASIC5000_0628_gen.wav,1
/data/DATASETS/WaveFake/jsut_parallel_wavegan/BASIC5000_1168_gen.wav,2
/data/DATASETS/WaveFake/jsut_multi_band_melgan/BASIC5000_4709_gen.wav,1
/data/DATASETS/WaveFake/jsut_parallel_wavegan/BASIC5000_1268_gen.wav,2
/data/DATASETS/WaveFake/jsut_parallel_wavegan/BASIC5000_3416_gen.wav,2
/data/DATASETS/WaveFake/jsut_multi_band_melgan/BASIC5000_0354_gen.wav,1
/data/DATASETS/WaveFake/jsut_parallel_wavegan/BASIC5000_2944_gen.wav,2
/data/DATASETS/WaveFake/jsut_parallel_wavegan/BASIC5000_0781_gen.wav,2
/data/DATASETS/WaveFake/jsut_multi_band_melgan/BASIC5000_0005_gen.wav,1
/data/DATASETS/WaveFake/jsut_parallel_wavegan/BASIC5000_4756_gen.wav,2
/data/DATASETS/WaveFake/jsut_parallel_wavegan/BASIC5000_3884_gen.wav,2
/data/DATASETS/WaveFake/jsut_multi_band_melgan/BASIC5000_2523_gen.wav,1
/data/DATASETS/WaveFake/jsut_parallel_wavegan/BASIC5000_2613_gen.wav,2
/data/DATASETS/WaveFake/jsut_multi_band_melgan/BASIC5000_3620_gen.wav,1
/data/DATASETS/WaveFake/jsut_parallel_wavegan/BASIC5000_1470_gen.wav,2
/data/DATASETS/WaveFake/jsut_parallel_wavegan/BASIC5000_0267_gen.wav,2
/data/DATASETS/WaveFake/jsut_multi_band_melgan/BASIC5000_2970_gen.wav,1
/data/DATASETS/WaveFake/jsut_parallel_wavegan/BASIC5000_0681_gen.wav,2
/data/DATASETS/WaveFake/jsut_parallel_wavegan/BASIC5000_2731_gen.wav,2
/data/DATASETS/WaveFake/jsut_multi_band_melgan/BASIC5000_2822_gen.wav,1
/data/DATASETS/WaveFake/jsut_multi_band_melgan/BASIC5000_3769_gen.wav,1
/data/DATASETS/WaveFake/jsut_multi_band_melgan/BASIC5000_1072_gen.wav,1
/data/DATASETS/WaveFake/jsut_multi_band_melgan/BASIC5000_1083_gen.wav,1
/data/DATASETS/WaveFake/jsut_parallel_wavegan/BASIC5000_1995_gen.wav,2
/data/DATASETS/WaveFake/jsut_parallel_wavegan/BASIC5000_1012_gen.wav,2
/data/DATASETS/WaveFake/jsut_multi_band_melgan/BASIC5000_3104_gen.wav,1
/data/DATASETS/WaveFake/jsut_multi_band_melgan/BASIC5000_0741_gen.wav,1
/data/DATASETS/WaveFake/jsut_multi_band_melgan/BASIC5000_3716_gen.wav,1
/data/DATASETS/WaveFake/jsut_parallel_wavegan/BASIC5000_1583_gen.wav,2
/data/DATASETS/WaveFake/jsut_multi_band_melgan/BASIC5000_0588_gen.wav,1
/data/DATASETS/WaveFake/jsut_parallel_wavegan/BASIC5000_3912_gen.wav,2
/data/DATASETS/WaveFake/jsut_parallel_wavegan/BASIC5000_1803_gen.wav,2
/data/DATASETS/WaveFake/jsut_parallel_wavegan/BASIC5000_2154_gen.wav,2
/data/DATASETS/WaveFake/jsut_multi_band_melgan/BASIC5000_2002_gen.wav,1
/data/DATASETS/WaveFake/jsut_multi_band_melgan/BASIC5000_3093_gen.wav,1
/data/DATASETS/WaveFake/jsut_multi_band_melgan/BASIC5000_2465_gen.wav,1
/data/DATASETS/WaveFake/jsut_parallel_wavegan/BASIC5000_3690_gen.wav,2
/data/DATASETS/WaveFake/jsut_multi_band_melgan/BASIC5000_3403_gen.wav,1
/data/DATASETS/WaveFake/jsut_parallel_wavegan/BASIC5000_0261_gen.wav,2
/data/DATASETS/WaveFake/jsut_parallel_wavegan/BASIC5000_0029_gen.wav,2
/data/DATASETS/WaveFake/jsut_multi_band_melgan/BASIC5000_4410_gen.wav,1
/data/DATASETS/WaveFake/jsut_parallel_wavegan/BASIC5000_4941_gen.wav,2
/data/DATASETS/WaveFake/jsut_parallel_wavegan/BASIC5000_1940_gen.wav,2
/data/DATASETS/WaveFake/jsut_parallel_wavegan/BASIC5000_1082_gen.wav,2
/data/DATASETS/WaveFake/jsut_multi_band_melgan/BASIC5000_2852_gen.wav,1
/data/DATASETS/WaveFake/jsut_parallel_wavegan/BASIC5000_0646_gen.wav,2
/data/DATASETS/WaveFake/jsut_parallel_wavegan/BASIC5000_4149_gen.wav,2
/data/DATASETS/WaveFake/jsut_multi_band_melgan/BASIC5000_0575_gen.wav,1
/data/DATASETS/WaveFake/jsut_parallel_wavegan/BASIC5000_4801_gen.wav,2
/data/DATASETS/WaveFake/jsut_multi_band_melgan/BASIC5000_1058_gen.wav,1
/data/DATASETS/WaveFake/jsut_parallel_wavegan/BASIC5000_2219_gen.wav,2
/data/DATASETS/WaveFake/jsut_multi_band_melgan/BASIC5000_3221_gen.wav,1
/data/DATASETS/WaveFake/jsut_parallel_wavegan/BASIC5000_3095_gen.wav,2
/data/DATASETS/WaveFake/jsut_multi_band_melgan/BASIC5000_1015_gen.wav,1
/data/DATASETS/WaveFake/jsut_multi_band_melgan/BASIC5000_3397_gen.wav,1
/data/DATASETS/WaveFake/jsut_parallel_wavegan/BASIC5000_0658_gen.wav,2
/data/DATASETS/WaveFake/jsut_multi_band_melgan/BASIC5000_1969_gen.wav,1
/data/DATASETS/WaveFake/jsut_parallel_wavegan/BASIC5000_1183_gen.wav,2
/data/DATASETS/WaveFake/jsut_multi_band_melgan/BASIC5000_3740_gen.wav,1
/data/DATASETS/WaveFake/jsut_multi_band_melgan/BASIC5000_2012_gen.wav,1
/data/DATASETS/WaveFake/jsut_multi_band_melgan/BASIC5000_4979_gen.wav,1
/data/DATASETS/WaveFake/jsut_multi_band_melgan/BASIC5000_0267_gen.wav,1
/data/DATASETS/WaveFake/jsut_multi_band_melgan/BASIC5000_0523_gen.wav,1
/data/DATASETS/WaveFake/jsut_multi_band_melgan/BASIC5000_4214_gen.wav,1
/data/DATASETS/WaveFake/jsut_multi_band_melgan/BASIC5000_1023_gen.wav,1
/data/DATASETS/WaveFake/jsut_multi_band_melgan/BASIC5000_1233_gen.wav,1
/data/DATASETS/WaveFake/jsut_parallel_wavegan/BASIC5000_1914_gen.wav,2
/data/DATASETS/WaveFake/jsut_multi_band_melgan/BASIC5000_4208_gen.wav,1
/data/DATASETS/WaveFake/jsut_parallel_wavegan/BASIC5000_3111_gen.wav,2
/data/DATASETS/WaveFake/jsut_parallel_wavegan/BASIC5000_0235_gen.wav,2
/data/DATASETS/WaveFake/jsut_multi_band_melgan/BASIC5000_0892_gen.wav,1
/data/DATASETS/WaveFake/jsut_parallel_wavegan/BASIC5000_2761_gen.wav,2
/data/DATASETS/WaveFake/jsut_parallel_wavegan/BASIC5000_3859_gen.wav,2
/data/DATASETS/WaveFake/jsut_parallel_wavegan/BASIC5000_1020_gen.wav,2
/data/DATASETS/WaveFake/jsut_parallel_wavegan/BASIC5000_4610_gen.wav,2
/data/DATASETS/WaveFake/jsut_multi_band_melgan/BASIC5000_0195_gen.wav,1
/data/DATASETS/WaveFake/jsut_multi_band_melgan/BASIC5000_2058_gen.wav,1
/data/DATASETS/WaveFake/jsut_parallel_wavegan/BASIC5000_3270_gen.wav,2
/data/DATASETS/WaveFake/jsut_multi_band_melgan/BASIC5000_3497_gen.wav,1
/data/DATASETS/WaveFake/jsut_parallel_wavegan/BASIC5000_2027_gen.wav,2
/data/DATASETS/WaveFake/jsut_multi_band_melgan/BASIC5000_2359_gen.wav,1
/data/DATASETS/WaveFake/jsut_multi_band_melgan/BASIC5000_1722_gen.wav,1
/data/DATASETS/WaveFake/jsut_parallel_wavegan/BASIC5000_2929_gen.wav,2
/data/DATASETS/WaveFake/jsut_parallel_wavegan/BASIC5000_0185_gen.wav,2
/data/DATASETS/WaveFake/jsut_parallel_wavegan/BASIC5000_4650_gen.wav,2
/data/DATASETS/WaveFake/jsut_multi_band_melgan/BASIC5000_0124_gen.wav,1
/data/DATASETS/WaveFake/jsut_parallel_wavegan/BASIC5000_1919_gen.wav,2
/data/DATASETS/WaveFake/jsut_parallel_wavegan/BASIC5000_0782_gen.wav,2
/data/DATASETS/WaveFake/jsut_multi_band_melgan/BASIC5000_0173_gen.wav,1
/data/DATASETS/WaveFake/jsut_multi_band_melgan/BASIC5000_4406_gen.wav,1
/data/DATASETS/WaveFake/jsut_parallel_wavegan/BASIC5000_3242_gen.wav,2
/data/DATASETS/WaveFake/jsut_multi_band_melgan/BASIC5000_3567_gen.wav,1
/data/DATASETS/WaveFake/jsut_multi_band_melgan/BASIC5000_2983_gen.wav,1
/data/DATASETS/WaveFake/jsut_multi_band_melgan/BASIC5000_1357_gen.wav,1
/data/DATASETS/WaveFake/jsut_multi_band_melgan/BASIC5000_0802_gen.wav,1
/data/DATASETS/WaveFake/jsut_parallel_wavegan/BASIC5000_1174_gen.wav,2
/data/DATASETS/WaveFake/jsut_multi_band_melgan/BASIC5000_0301_gen.wav,1
/data/DATASETS/WaveFake/jsut_multi_band_melgan/BASIC5000_2532_gen.wav,1
/data/DATASETS/WaveFake/jsut_multi_band_melgan/BASIC5000_4638_gen.wav,1
/data/DATASETS/WaveFake/jsut_parallel_wavegan/BASIC5000_1514_gen.wav,2
/data/DATASETS/WaveFake/jsut_parallel_wavegan/BASIC5000_1232_gen.wav,2
/data/DATASETS/WaveFake/jsut_multi_band_melgan/BASIC5000_1989_gen.wav,1
/data/DATASETS/WaveFake/jsut_parallel_wavegan/BASIC5000_2983_gen.wav,2
/data/DATASETS/WaveFake/jsut_parallel_wavegan/BASIC5000_3251_gen.wav,2
/data/DATASETS/WaveFake/jsut_multi_band_melgan/BASIC5000_2238_gen.wav,1
/data/DATASETS/WaveFake/jsut_parallel_wavegan/BASIC5000_4390_gen.wav,2
/data/DATASETS/WaveFake/jsut_parallel_wavegan/BASIC5000_0801_gen.wav,2
/data/DATASETS/WaveFake/jsut_parallel_wavegan/BASIC5000_4343_gen.wav,2
/data/DATASETS/WaveFake/jsut_parallel_wavegan/BASIC5000_4867_gen.wav,2
/data/DATASETS/WaveFake/jsut_multi_band_melgan/BASIC5000_0021_gen.wav,1
/data/DATASETS/WaveFake/jsut_multi_band_melgan/BASIC5000_3926_gen.wav,1
/data/DATASETS/WaveFake/jsut_parallel_wavegan/BASIC5000_2798_gen.wav,2
/data/DATASETS/WaveFake/jsut_parallel_wavegan/BASIC5000_4028_gen.wav,2
/data/DATASETS/WaveFake/jsut_multi_band_melgan/BASIC5000_2411_gen.wav,1
/data/DATASETS/WaveFake/jsut_multi_band_melgan/BASIC5000_3276_gen.wav,1
/data/DATASETS/WaveFake/jsut_multi_band_melgan/BASIC5000_4602_gen.wav,1
/data/DATASETS/WaveFake/jsut_parallel_wavegan/BASIC5000_0805_gen.wav,2
/data/DATASETS/WaveFake/jsut_multi_band_melgan/BASIC5000_4401_gen.wav,1
/data/DATASETS/WaveFake/jsut_parallel_wavegan/BASIC5000_1982_gen.wav,2
/data/DATASETS/WaveFake/jsut_multi_band_melgan/BASIC5000_3341_gen.wav,1
/data/DATASETS/WaveFake/jsut_parallel_wavegan/BASIC5000_4921_gen.wav,2
/data/DATASETS/WaveFake/jsut_multi_band_melgan/BASIC5000_1021_gen.wav,1
/data/DATASETS/WaveFake/jsut_parallel_wavegan/BASIC5000_3515_gen.wav,2
/data/DATASETS/WaveFake/jsut_multi_band_melgan/BASIC5000_2271_gen.wav,1
/data/DATASETS/WaveFake/jsut_parallel_wavegan/BASIC5000_1887_gen.wav,2
/data/DATASETS/WaveFake/jsut_parallel_wavegan/BASIC5000_0592_gen.wav,2
/data/DATASETS/WaveFake/jsut_parallel_wavegan/BASIC5000_3419_gen.wav,2
/data/DATASETS/WaveFake/jsut_parallel_wavegan/BASIC5000_0977_gen.wav,2
/data/DATASETS/WaveFake/jsut_parallel_wavegan/BASIC5000_3326_gen.wav,2
/data/DATASETS/WaveFake/jsut_multi_band_melgan/BASIC5000_2810_gen.wav,1
/data/DATASETS/WaveFake/jsut_parallel_wavegan/BASIC5000_1999_gen.wav,2
/data/DATASETS/WaveFake/jsut_multi_band_melgan/BASIC5000_0662_gen.wav,1
/data/DATASETS/WaveFake/jsut_multi_band_melgan/BASIC5000_3857_gen.wav,1
/data/DATASETS/WaveFake/jsut_multi_band_melgan/BASIC5000_3957_gen.wav,1
/data/DATASETS/WaveFake/jsut_multi_band_melgan/BASIC5000_1813_gen.wav,1
/data/DATASETS/WaveFake/jsut_multi_band_melgan/BASIC5000_4243_gen.wav,1
/data/DATASETS/WaveFake/jsut_parallel_wavegan/BASIC5000_1706_gen.wav,2
/data/DATASETS/WaveFake/jsut_parallel_wavegan/BASIC5000_0616_gen.wav,2
/data/DATASETS/WaveFake/jsut_multi_band_melgan/BASIC5000_4251_gen.wav,1
/data/DATASETS/WaveFake/jsut_parallel_wavegan/BASIC5000_0017_gen.wav,2
/data/DATASETS/WaveFake/jsut_multi_band_melgan/BASIC5000_3911_gen.wav,1
/data/DATASETS/WaveFake/jsut_parallel_wavegan/BASIC5000_3742_gen.wav,2
/data/DATASETS/WaveFake/jsut_parallel_wavegan/BASIC5000_0652_gen.wav,2
/data/DATASETS/WaveFake/jsut_multi_band_melgan/BASIC5000_3650_gen.wav,1
/data/DATASETS/WaveFake/jsut_multi_band_melgan/BASIC5000_3136_gen.wav,1
/data/DATASETS/WaveFake/jsut_multi_band_melgan/BASIC5000_2254_gen.wav,1
/data/DATASETS/WaveFake/jsut_multi_band_melgan/BASIC5000_4554_gen.wav,1
/data/DATASETS/WaveFake/jsut_parallel_wavegan/BASIC5000_2660_gen.wav,2
/data/DATASETS/WaveFake/jsut_multi_band_melgan/BASIC5000_2765_gen.wav,1
/data/DATASETS/WaveFake/jsut_parallel_wavegan/BASIC5000_1820_gen.wav,2
/data/DATASETS/WaveFake/jsut_multi_band_melgan/BASIC5000_1338_gen.wav,1
/data/DATASETS/WaveFake/jsut_multi_band_melgan/BASIC5000_2899_gen.wav,1
/data/DATASETS/WaveFake/jsut_multi_band_melgan/BASIC5000_1668_gen.wav,1
/data/DATASETS/WaveFake/jsut_parallel_wavegan/BASIC5000_1922_gen.wav,2
/data/DATASETS/WaveFake/jsut_parallel_wavegan/BASIC5000_3496_gen.wav,2
/data/DATASETS/WaveFake/jsut_parallel_wavegan/BASIC5000_2987_gen.wav,2
/data/DATASETS/WaveFake/jsut_multi_band_melgan/BASIC5000_0925_gen.wav,1
/data/DATASETS/WaveFake/jsut_parallel_wavegan/BASIC5000_4702_gen.wav,2
/data/DATASETS/WaveFake/jsut_parallel_wavegan/BASIC5000_4655_gen.wav,2
/data/DATASETS/WaveFake/jsut_parallel_wavegan/BASIC5000_4410_gen.wav,2
/data/DATASETS/WaveFake/jsut_multi_band_melgan/BASIC5000_1636_gen.wav,1
/data/DATASETS/WaveFake/jsut_multi_band_melgan/BASIC5000_1632_gen.wav,1
/data/DATASETS/WaveFake/jsut_parallel_wavegan/BASIC5000_0313_gen.wav,2
/data/DATASETS/WaveFake/jsut_multi_band_melgan/BASIC5000_0976_gen.wav,1
/data/DATASETS/WaveFake/jsut_parallel_wavegan/BASIC5000_2814_gen.wav,2
/data/DATASETS/WaveFake/jsut_multi_band_melgan/BASIC5000_3074_gen.wav,1
/data/DATASETS/WaveFake/jsut_parallel_wavegan/BASIC5000_0111_gen.wav,2
/data/DATASETS/WaveFake/jsut_multi_band_melgan/BASIC5000_1846_gen.wav,1
/data/DATASETS/WaveFake/jsut_multi_band_melgan/BASIC5000_4960_gen.wav,1
/data/DATASETS/WaveFake/jsut_parallel_wavegan/BASIC5000_1085_gen.wav,2
/data/DATASETS/WaveFake/jsut_multi_band_melgan/BASIC5000_1784_gen.wav,1
/data/DATASETS/WaveFake/jsut_parallel_wavegan/BASIC5000_0618_gen.wav,2
/data/DATASETS/WaveFake/jsut_multi_band_melgan/BASIC5000_4984_gen.wav,1
/data/DATASETS/WaveFake/jsut_multi_band_melgan/BASIC5000_3192_gen.wav,1
/data/DATASETS/WaveFake/jsut_parallel_wavegan/BASIC5000_3943_gen.wav,2
/data/DATASETS/WaveFake/jsut_multi_band_melgan/BASIC5000_1236_gen.wav,1
/data/DATASETS/WaveFake/jsut_parallel_wavegan/BASIC5000_0241_gen.wav,2
/data/DATASETS/WaveFake/jsut_multi_band_melgan/BASIC5000_3797_gen.wav,1
/data/DATASETS/WaveFake/jsut_multi_band_melgan/BASIC5000_4222_gen.wav,1
/data/DATASETS/WaveFake/jsut_parallel_wavegan/BASIC5000_4330_gen.wav,2
/data/DATASETS/WaveFake/jsut_multi_band_melgan/BASIC5000_0086_gen.wav,1
/data/DATASETS/WaveFake/jsut_parallel_wavegan/BASIC5000_4749_gen.wav,2
/data/DATASETS/WaveFake/jsut_parallel_wavegan/BASIC5000_2672_gen.wav,2
/data/DATASETS/WaveFake/jsut_multi_band_melgan/BASIC5000_4869_gen.wav,1
/data/DATASETS/WaveFake/jsut_multi_band_melgan/BASIC5000_2887_gen.wav,1
/data/DATASETS/WaveFake/jsut_multi_band_melgan/BASIC5000_4407_gen.wav,1
/data/DATASETS/WaveFake/jsut_parallel_wavegan/BASIC5000_1703_gen.wav,2
/data/DATASETS/WaveFake/jsut_multi_band_melgan/BASIC5000_1473_gen.wav,1
/data/DATASETS/WaveFake/jsut_parallel_wavegan/BASIC5000_0149_gen.wav,2
/data/DATASETS/WaveFake/jsut_multi_band_melgan/BASIC5000_1691_gen.wav,1
/data/DATASETS/WaveFake/jsut_parallel_wavegan/BASIC5000_1662_gen.wav,2
/data/DATASETS/WaveFake/jsut_parallel_wavegan/BASIC5000_3814_gen.wav,2
/data/DATASETS/WaveFake/jsut_multi_band_melgan/BASIC5000_0629_gen.wav,1
/data/DATASETS/WaveFake/jsut_multi_band_melgan/BASIC5000_1270_gen.wav,1
/data/DATASETS/WaveFake/jsut_multi_band_melgan/BASIC5000_2443_gen.wav,1
/data/DATASETS/WaveFake/jsut_parallel_wavegan/BASIC5000_1409_gen.wav,2
/data/DATASETS/WaveFake/jsut_parallel_wavegan/BASIC5000_1570_gen.wav,2
/data/DATASETS/WaveFake/jsut_parallel_wavegan/BASIC5000_1763_gen.wav,2
/data/DATASETS/WaveFake/jsut_parallel_wavegan/BASIC5000_4165_gen.wav,2
/data/DATASETS/WaveFake/jsut_multi_band_melgan/BASIC5000_4604_gen.wav,1
/data/DATASETS/WaveFake/jsut_parallel_wavegan/BASIC5000_0437_gen.wav,2
/data/DATASETS/WaveFake/jsut_parallel_wavegan/BASIC5000_0813_gen.wav,2
/data/DATASETS/WaveFake/jsut_parallel_wavegan/BASIC5000_1458_gen.wav,2
/data/DATASETS/WaveFake/jsut_parallel_wavegan/BASIC5000_3458_gen.wav,2
/data/DATASETS/WaveFake/jsut_parallel_wavegan/BASIC5000_0383_gen.wav,2
/data/DATASETS/WaveFake/jsut_multi_band_melgan/BASIC5000_1326_gen.wav,1
/data/DATASETS/WaveFake/jsut_multi_band_melgan/BASIC5000_2847_gen.wav,1
/data/DATASETS/WaveFake/jsut_parallel_wavegan/BASIC5000_3352_gen.wav,2
/data/DATASETS/WaveFake/jsut_multi_band_melgan/BASIC5000_2080_gen.wav,1
/data/DATASETS/WaveFake/jsut_parallel_wavegan/BASIC5000_2697_gen.wav,2
/data/DATASETS/WaveFake/jsut_parallel_wavegan/BASIC5000_2784_gen.wav,2
/data/DATASETS/WaveFake/jsut_multi_band_melgan/BASIC5000_2273_gen.wav,1
/data/DATASETS/WaveFake/jsut_multi_band_melgan/BASIC5000_2615_gen.wav,1
/data/DATASETS/WaveFake/jsut_parallel_wavegan/BASIC5000_2414_gen.wav,2
/data/DATASETS/WaveFake/jsut_multi_band_melgan/BASIC5000_1977_gen.wav,1
/data/DATASETS/WaveFake/jsut_parallel_wavegan/BASIC5000_2433_gen.wav,2
/data/DATASETS/WaveFake/jsut_parallel_wavegan/BASIC5000_3793_gen.wav,2
/data/DATASETS/WaveFake/jsut_multi_band_melgan/BASIC5000_4546_gen.wav,1
/data/DATASETS/WaveFake/jsut_parallel_wavegan/BASIC5000_1027_gen.wav,2
/data/DATASETS/WaveFake/jsut_parallel_wavegan/BASIC5000_0004_gen.wav,2
/data/DATASETS/WaveFake/jsut_parallel_wavegan/BASIC5000_3512_gen.wav,2
/data/DATASETS/WaveFake/jsut_multi_band_melgan/BASIC5000_2010_gen.wav,1
/data/DATASETS/WaveFake/jsut_multi_band_melgan/BASIC5000_4915_gen.wav,1
/data/DATASETS/WaveFake/jsut_multi_band_melgan/BASIC5000_0152_gen.wav,1
/data/DATASETS/WaveFake/jsut_parallel_wavegan/BASIC5000_3083_gen.wav,2
/data/DATASETS/WaveFake/jsut_multi_band_melgan/BASIC5000_4064_gen.wav,1
/data/DATASETS/WaveFake/jsut_parallel_wavegan/BASIC5000_2482_gen.wav,2
/data/DATASETS/WaveFake/jsut_multi_band_melgan/BASIC5000_0514_gen.wav,1
/data/DATASETS/WaveFake/jsut_multi_band_melgan/BASIC5000_1746_gen.wav,1
/data/DATASETS/WaveFake/jsut_multi_band_melgan/BASIC5000_3204_gen.wav,1
/data/DATASETS/WaveFake/jsut_parallel_wavegan/BASIC5000_2081_gen.wav,2
/data/DATASETS/WaveFake/jsut_parallel_wavegan/BASIC5000_2608_gen.wav,2
/data/DATASETS/WaveFake/jsut_multi_band_melgan/BASIC5000_0570_gen.wav,1
/data/DATASETS/WaveFake/jsut_parallel_wavegan/BASIC5000_3863_gen.wav,2
/data/DATASETS/WaveFake/jsut_parallel_wavegan/BASIC5000_3154_gen.wav,2
/data/DATASETS/WaveFake/jsut_multi_band_melgan/BASIC5000_4021_gen.wav,1
/data/DATASETS/WaveFake/jsut_multi_band_melgan/BASIC5000_2059_gen.wav,1
/data/DATASETS/WaveFake/jsut_parallel_wavegan/BASIC5000_1994_gen.wav,2
/data/DATASETS/WaveFake/jsut_multi_band_melgan/BASIC5000_2838_gen.wav,1
/data/DATASETS/WaveFake/jsut_parallel_wavegan/BASIC5000_0372_gen.wav,2
/data/DATASETS/WaveFake/jsut_multi_band_melgan/BASIC5000_3306_gen.wav,1
/data/DATASETS/WaveFake/jsut_multi_band_melgan/BASIC5000_2557_gen.wav,1
/data/DATASETS/WaveFake/jsut_multi_band_melgan/BASIC5000_2510_gen.wav,1
/data/DATASETS/WaveFake/jsut_multi_band_melgan/BASIC5000_1702_gen.wav,1
/data/DATASETS/WaveFake/jsut_parallel_wavegan/BASIC5000_0082_gen.wav,2
/data/DATASETS/WaveFake/jsut_multi_band_melgan/BASIC5000_2981_gen.wav,1
/data/DATASETS/WaveFake/jsut_multi_band_melgan/BASIC5000_4055_gen.wav,1
/data/DATASETS/WaveFake/jsut_multi_band_melgan/BASIC5000_3269_gen.wav,1
/data/DATASETS/WaveFake/jsut_parallel_wavegan/BASIC5000_2230_gen.wav,2
/data/DATASETS/WaveFake/jsut_parallel_wavegan/BASIC5000_2284_gen.wav,2
/data/DATASETS/WaveFake/jsut_multi_band_melgan/BASIC5000_1168_gen.wav,1
/data/DATASETS/WaveFake/jsut_multi_band_melgan/BASIC5000_4542_gen.wav,1
/data/DATASETS/WaveFake/jsut_parallel_wavegan/BASIC5000_1049_gen.wav,2
/data/DATASETS/WaveFake/jsut_multi_band_melgan/BASIC5000_2650_gen.wav,1
/data/DATASETS/WaveFake/jsut_multi_band_melgan/BASIC5000_0561_gen.wav,1
/data/DATASETS/WaveFake/jsut_parallel_wavegan/BASIC5000_1324_gen.wav,2
/data/DATASETS/WaveFake/jsut_multi_band_melgan/BASIC5000_1230_gen.wav,1
/data/DATASETS/WaveFake/jsut_multi_band_melgan/BASIC5000_3655_gen.wav,1
/data/DATASETS/WaveFake/jsut_parallel_wavegan/BASIC5000_2004_gen.wav,2
/data/DATASETS/WaveFake/jsut_parallel_wavegan/BASIC5000_4864_gen.wav,2
/data/DATASETS/WaveFake/jsut_multi_band_melgan/BASIC5000_1442_gen.wav,1
/data/DATASETS/WaveFake/jsut_parallel_wavegan/BASIC5000_3691_gen.wav,2
/data/DATASETS/WaveFake/jsut_parallel_wavegan/BASIC5000_2702_gen.wav,2
/data/DATASETS/WaveFake/jsut_parallel_wavegan/BASIC5000_3234_gen.wav,2
/data/DATASETS/WaveFake/jsut_multi_band_melgan/BASIC5000_1253_gen.wav,1
/data/DATASETS/WaveFake/jsut_multi_band_melgan/BASIC5000_3531_gen.wav,1
/data/DATASETS/WaveFake/jsut_parallel_wavegan/BASIC5000_3032_gen.wav,2
/data/DATASETS/WaveFake/jsut_multi_band_melgan/BASIC5000_1514_gen.wav,1
/data/DATASETS/WaveFake/jsut_parallel_wavegan/BASIC5000_2427_gen.wav,2
/data/DATASETS/WaveFake/jsut_parallel_wavegan/BASIC5000_1629_gen.wav,2
/data/DATASETS/WaveFake/jsut_parallel_wavegan/BASIC5000_2098_gen.wav,2
/data/DATASETS/WaveFake/jsut_multi_band_melgan/BASIC5000_0007_gen.wav,1
/data/DATASETS/WaveFake/jsut_multi_band_melgan/BASIC5000_1936_gen.wav,1
/data/DATASETS/WaveFake/jsut_parallel_wavegan/BASIC5000_1078_gen.wav,2
/data/DATASETS/WaveFake/jsut_parallel_wavegan/BASIC5000_0933_gen.wav,2
/data/DATASETS/WaveFake/jsut_multi_band_melgan/BASIC5000_4920_gen.wav,1
/data/DATASETS/WaveFake/jsut_multi_band_melgan/BASIC5000_4808_gen.wav,1
/data/DATASETS/WaveFake/jsut_parallel_wavegan/BASIC5000_1550_gen.wav,2
/data/DATASETS/WaveFake/jsut_multi_band_melgan/BASIC5000_1804_gen.wav,1
/data/DATASETS/WaveFake/jsut_multi_band_melgan/BASIC5000_2937_gen.wav,1
/data/DATASETS/WaveFake/jsut_multi_band_melgan/BASIC5000_4764_gen.wav,1
/data/DATASETS/WaveFake/jsut_multi_band_melgan/BASIC5000_1224_gen.wav,1
/data/DATASETS/WaveFake/jsut_multi_band_melgan/BASIC5000_0857_gen.wav,1
/data/DATASETS/WaveFake/jsut_parallel_wavegan/BASIC5000_3068_gen.wav,2
/data/DATASETS/WaveFake/jsut_multi_band_melgan/BASIC5000_2098_gen.wav,1
/data/DATASETS/WaveFake/jsut_multi_band_melgan/BASIC5000_3936_gen.wav,1
/data/DATASETS/WaveFake/jsut_parallel_wavegan/BASIC5000_0169_gen.wav,2
/data/DATASETS/WaveFake/jsut_multi_band_melgan/BASIC5000_1602_gen.wav,1
/data/DATASETS/WaveFake/jsut_multi_band_melgan/BASIC5000_1317_gen.wav,1
/data/DATASETS/WaveFake/jsut_parallel_wavegan/BASIC5000_0677_gen.wav,2
/data/DATASETS/WaveFake/jsut_parallel_wavegan/BASIC5000_2264_gen.wav,2
/data/DATASETS/WaveFake/jsut_multi_band_melgan/BASIC5000_2875_gen.wav,1
/data/DATASETS/WaveFake/jsut_parallel_wavegan/BASIC5000_0806_gen.wav,2
/data/DATASETS/WaveFake/jsut_parallel_wavegan/BASIC5000_3347_gen.wav,2
/data/DATASETS/WaveFake/jsut_parallel_wavegan/BASIC5000_3526_gen.wav,2
/data/DATASETS/WaveFake/jsut_parallel_wavegan/BASIC5000_3805_gen.wav,2
/data/DATASETS/WaveFake/jsut_parallel_wavegan/BASIC5000_1787_gen.wav,2
/data/DATASETS/WaveFake/jsut_multi_band_melgan/BASIC5000_2986_gen.wav,1
/data/DATASETS/WaveFake/jsut_parallel_wavegan/BASIC5000_1525_gen.wav,2
/data/DATASETS/WaveFake/jsut_multi_band_melgan/BASIC5000_3506_gen.wav,1
/data/DATASETS/WaveFake/jsut_parallel_wavegan/BASIC5000_3182_gen.wav,2
/data/DATASETS/WaveFake/jsut_parallel_wavegan/BASIC5000_0008_gen.wav,2
/data/DATASETS/WaveFake/jsut_multi_band_melgan/BASIC5000_1582_gen.wav,1
/data/DATASETS/WaveFake/jsut_multi_band_melgan/BASIC5000_3070_gen.wav,1
/data/DATASETS/WaveFake/jsut_parallel_wavegan/BASIC5000_2915_gen.wav,2
/data/DATASETS/WaveFake/jsut_multi_band_melgan/BASIC5000_0733_gen.wav,1
/data/DATASETS/WaveFake/jsut_parallel_wavegan/BASIC5000_0856_gen.wav,2
/data/DATASETS/WaveFake/jsut_multi_band_melgan/BASIC5000_4255_gen.wav,1
/data/DATASETS/WaveFake/jsut_parallel_wavegan/BASIC5000_2875_gen.wav,2
/data/DATASETS/WaveFake/jsut_parallel_wavegan/BASIC5000_1375_gen.wav,2
/data/DATASETS/WaveFake/jsut_parallel_wavegan/BASIC5000_1461_gen.wav,2
/data/DATASETS/WaveFake/jsut_multi_band_melgan/BASIC5000_2247_gen.wav,1
/data/DATASETS/WaveFake/jsut_multi_band_melgan/BASIC5000_4429_gen.wav,1
/data/DATASETS/WaveFake/jsut_multi_band_melgan/BASIC5000_2518_gen.wav,1
/data/DATASETS/WaveFake/jsut_multi_band_melgan/BASIC5000_2350_gen.wav,1
/data/DATASETS/WaveFake/jsut_parallel_wavegan/BASIC5000_4375_gen.wav,2
/data/DATASETS/WaveFake/jsut_multi_band_melgan/BASIC5000_0499_gen.wav,1
/data/DATASETS/WaveFake/jsut_multi_band_melgan/BASIC5000_2127_gen.wav,1
/data/DATASETS/WaveFake/jsut_parallel_wavegan/BASIC5000_1110_gen.wav,2
/data/DATASETS/WaveFake/jsut_parallel_wavegan/BASIC5000_4353_gen.wav,2
/data/DATASETS/WaveFake/jsut_parallel_wavegan/BASIC5000_3200_gen.wav,2
/data/DATASETS/WaveFake/jsut_multi_band_melgan/BASIC5000_2862_gen.wav,1
/data/DATASETS/WaveFake/jsut_multi_band_melgan/BASIC5000_0072_gen.wav,1
/data/DATASETS/WaveFake/jsut_parallel_wavegan/BASIC5000_3262_gen.wav,2
/data/DATASETS/WaveFake/jsut_multi_band_melgan/BASIC5000_1049_gen.wav,1
/data/DATASETS/WaveFake/jsut_multi_band_melgan/BASIC5000_2900_gen.wav,1
/data/DATASETS/WaveFake/jsut_parallel_wavegan/BASIC5000_2777_gen.wav,2
/data/DATASETS/WaveFake/jsut_parallel_wavegan/BASIC5000_2543_gen.wav,2
/data/DATASETS/WaveFake/jsut_parallel_wavegan/BASIC5000_1397_gen.wav,2
/data/DATASETS/WaveFake/jsut_multi_band_melgan/BASIC5000_2629_gen.wav,1
/data/DATASETS/WaveFake/jsut_parallel_wavegan/BASIC5000_2540_gen.wav,2
/data/DATASETS/WaveFake/jsut_multi_band_melgan/BASIC5000_0028_gen.wav,1
/data/DATASETS/WaveFake/jsut_multi_band_melgan/BASIC5000_2039_gen.wav,1
/data/DATASETS/WaveFake/jsut_parallel_wavegan/BASIC5000_0912_gen.wav,2
/data/DATASETS/WaveFake/jsut_multi_band_melgan/BASIC5000_2917_gen.wav,1
/data/DATASETS/WaveFake/jsut_multi_band_melgan/BASIC5000_1212_gen.wav,1
/data/DATASETS/WaveFake/jsut_multi_band_melgan/BASIC5000_2148_gen.wav,1
/data/DATASETS/WaveFake/jsut_parallel_wavegan/BASIC5000_2753_gen.wav,2
/data/DATASETS/WaveFake/jsut_parallel_wavegan/BASIC5000_3073_gen.wav,2
/data/DATASETS/WaveFake/jsut_multi_band_melgan/BASIC5000_1169_gen.wav,1
/data/DATASETS/WaveFake/jsut_parallel_wavegan/BASIC5000_0373_gen.wav,2
/data/DATASETS/WaveFake/jsut_parallel_wavegan/BASIC5000_2235_gen.wav,2
/data/DATASETS/WaveFake/jsut_parallel_wavegan/BASIC5000_1415_gen.wav,2
/data/DATASETS/WaveFake/jsut_multi_band_melgan/BASIC5000_4066_gen.wav,1
/data/DATASETS/WaveFake/jsut_parallel_wavegan/BASIC5000_4184_gen.wav,2
/data/DATASETS/WaveFake/jsut_multi_band_melgan/BASIC5000_0720_gen.wav,1
/data/DATASETS/WaveFake/jsut_multi_band_melgan/BASIC5000_1573_gen.wav,1
/data/DATASETS/WaveFake/jsut_multi_band_melgan/BASIC5000_0134_gen.wav,1
/data/DATASETS/WaveFake/jsut_multi_band_melgan/BASIC5000_4259_gen.wav,1
/data/DATASETS/WaveFake/jsut_parallel_wavegan/BASIC5000_3050_gen.wav,2
/data/DATASETS/WaveFake/jsut_multi_band_melgan/BASIC5000_2115_gen.wav,1
/data/DATASETS/WaveFake/jsut_multi_band_melgan/BASIC5000_4976_gen.wav,1
/data/DATASETS/WaveFake/jsut_multi_band_melgan/BASIC5000_2644_gen.wav,1
/data/DATASETS/WaveFake/jsut_multi_band_melgan/BASIC5000_4110_gen.wav,1
/data/DATASETS/WaveFake/jsut_parallel_wavegan/BASIC5000_2595_gen.wav,2
/data/DATASETS/WaveFake/jsut_multi_band_melgan/BASIC5000_4411_gen.wav,1
/data/DATASETS/WaveFake/jsut_parallel_wavegan/BASIC5000_2871_gen.wav,2
/data/DATASETS/WaveFake/jsut_parallel_wavegan/BASIC5000_4996_gen.wav,2
/data/DATASETS/WaveFake/jsut_multi_band_melgan/BASIC5000_0723_gen.wav,1
/data/DATASETS/WaveFake/jsut_multi_band_melgan/BASIC5000_4534_gen.wav,1
/data/DATASETS/WaveFake/jsut_parallel_wavegan/BASIC5000_4379_gen.wav,2
/data/DATASETS/WaveFake/jsut_parallel_wavegan/BASIC5000_2727_gen.wav,2
/data/DATASETS/WaveFake/jsut_parallel_wavegan/BASIC5000_4988_gen.wav,2
/data/DATASETS/WaveFake/jsut_parallel_wavegan/BASIC5000_2144_gen.wav,2
/data/DATASETS/WaveFake/jsut_multi_band_melgan/BASIC5000_2821_gen.wav,1
/data/DATASETS/WaveFake/jsut_parallel_wavegan/BASIC5000_1777_gen.wav,2
/data/DATASETS/WaveFake/jsut_parallel_wavegan/BASIC5000_1061_gen.wav,2
/data/DATASETS/WaveFake/jsut_parallel_wavegan/BASIC5000_2153_gen.wav,2
/data/DATASETS/WaveFake/jsut_multi_band_melgan/BASIC5000_2824_gen.wav,1
/data/DATASETS/WaveFake/jsut_multi_band_melgan/BASIC5000_4566_gen.wav,1
/data/DATASETS/WaveFake/jsut_multi_band_melgan/BASIC5000_1182_gen.wav,1
/data/DATASETS/WaveFake/jsut_parallel_wavegan/BASIC5000_1948_gen.wav,2
/data/DATASETS/WaveFake/jsut_parallel_wavegan/BASIC5000_1795_gen.wav,2
/data/DATASETS/WaveFake/jsut_multi_band_melgan/BASIC5000_1497_gen.wav,1
/data/DATASETS/WaveFake/jsut_multi_band_melgan/BASIC5000_4311_gen.wav,1
/data/DATASETS/WaveFake/jsut_multi_band_melgan/BASIC5000_0342_gen.wav,1
/data/DATASETS/WaveFake/jsut_parallel_wavegan/BASIC5000_3070_gen.wav,2
/data/DATASETS/WaveFake/jsut_multi_band_melgan/BASIC5000_2991_gen.wav,1
/data/DATASETS/WaveFake/jsut_multi_band_melgan/BASIC5000_0693_gen.wav,1
/data/DATASETS/WaveFake/jsut_multi_band_melgan/BASIC5000_1749_gen.wav,1
/data/DATASETS/WaveFake/jsut_multi_band_melgan/BASIC5000_2549_gen.wav,1
/data/DATASETS/WaveFake/jsut_parallel_wavegan/BASIC5000_1545_gen.wav,2
/data/DATASETS/WaveFake/jsut_parallel_wavegan/BASIC5000_3753_gen.wav,2
/data/DATASETS/WaveFake/jsut_multi_band_melgan/BASIC5000_0719_gen.wav,1
/data/DATASETS/WaveFake/jsut_parallel_wavegan/BASIC5000_4042_gen.wav,2
/data/DATASETS/WaveFake/jsut_multi_band_melgan/BASIC5000_4622_gen.wav,1
/data/DATASETS/WaveFake/jsut_parallel_wavegan/BASIC5000_0722_gen.wav,2
/data/DATASETS/WaveFake/jsut_multi_band_melgan/BASIC5000_3032_gen.wav,1
/data/DATASETS/WaveFake/jsut_parallel_wavegan/BASIC5000_1646_gen.wav,2
/data/DATASETS/WaveFake/jsut_parallel_wavegan/BASIC5000_0115_gen.wav,2
/data/DATASETS/WaveFake/jsut_multi_band_melgan/BASIC5000_4481_gen.wav,1
/data/DATASETS/WaveFake/jsut_multi_band_melgan/BASIC5000_3707_gen.wav,1
/data/DATASETS/WaveFake/jsut_multi_band_melgan/BASIC5000_3130_gen.wav,1
/data/DATASETS/WaveFake/jsut_parallel_wavegan/BASIC5000_2574_gen.wav,2
/data/DATASETS/WaveFake/jsut_multi_band_melgan/BASIC5000_2779_gen.wav,1
/data/DATASETS/WaveFake/jsut_multi_band_melgan/BASIC5000_0533_gen.wav,1
/data/DATASETS/WaveFake/jsut_parallel_wavegan/BASIC5000_0529_gen.wav,2
/data/DATASETS/WaveFake/jsut_parallel_wavegan/BASIC5000_2816_gen.wav,2
/data/DATASETS/WaveFake/jsut_multi_band_melgan/BASIC5000_3819_gen.wav,1
/data/DATASETS/WaveFake/jsut_multi_band_melgan/BASIC5000_3904_gen.wav,1
/data/DATASETS/WaveFake/jsut_multi_band_melgan/BASIC5000_0590_gen.wav,1
/data/DATASETS/WaveFake/jsut_multi_band_melgan/BASIC5000_1363_gen.wav,1
/data/DATASETS/WaveFake/jsut_multi_band_melgan/BASIC5000_0402_gen.wav,1
/data/DATASETS/WaveFake/jsut_multi_band_melgan/BASIC5000_1302_gen.wav,1
/data/DATASETS/WaveFake/jsut_multi_band_melgan/BASIC5000_2881_gen.wav,1
/data/DATASETS/WaveFake/jsut_multi_band_melgan/BASIC5000_4209_gen.wav,1
/data/DATASETS/WaveFake/jsut_parallel_wavegan/BASIC5000_2350_gen.wav,2
/data/DATASETS/WaveFake/jsut_multi_band_melgan/BASIC5000_4684_gen.wav,1
/data/DATASETS/WaveFake/jsut_parallel_wavegan/BASIC5000_3183_gen.wav,2
/data/DATASETS/WaveFake/jsut_multi_band_melgan/BASIC5000_0041_gen.wav,1
/data/DATASETS/WaveFake/jsut_parallel_wavegan/BASIC5000_1291_gen.wav,2
/data/DATASETS/WaveFake/jsut_multi_band_melgan/BASIC5000_1716_gen.wav,1
/data/DATASETS/WaveFake/jsut_multi_band_melgan/BASIC5000_4805_gen.wav,1
/data/DATASETS/WaveFake/jsut_parallel_wavegan/BASIC5000_0007_gen.wav,2
/data/DATASETS/WaveFake/jsut_parallel_wavegan/BASIC5000_2851_gen.wav,2
/data/DATASETS/WaveFake/jsut_parallel_wavegan/BASIC5000_2312_gen.wav,2
/data/DATASETS/WaveFake/jsut_parallel_wavegan/BASIC5000_4497_gen.wav,2
/data/DATASETS/WaveFake/jsut_multi_band_melgan/BASIC5000_4193_gen.wav,1
/data/DATASETS/WaveFake/jsut_multi_band_melgan/BASIC5000_2893_gen.wav,1
/data/DATASETS/WaveFake/jsut_multi_band_melgan/BASIC5000_1181_gen.wav,1
/data/DATASETS/WaveFake/jsut_parallel_wavegan/BASIC5000_3149_gen.wav,2
/data/DATASETS/WaveFake/jsut_parallel_wavegan/BASIC5000_1378_gen.wav,2
/data/DATASETS/WaveFake/jsut_multi_band_melgan/BASIC5000_1391_gen.wav,1
/data/DATASETS/WaveFake/jsut_parallel_wavegan/BASIC5000_3696_gen.wav,2
/data/DATASETS/WaveFake/jsut_multi_band_melgan/BASIC5000_4109_gen.wav,1
/data/DATASETS/WaveFake/jsut_multi_band_melgan/BASIC5000_4970_gen.wav,1
/data/DATASETS/WaveFake/jsut_parallel_wavegan/BASIC5000_2803_gen.wav,2
/data/DATASETS/WaveFake/jsut_multi_band_melgan/BASIC5000_3378_gen.wav,1
/data/DATASETS/WaveFake/jsut_multi_band_melgan/BASIC5000_4813_gen.wav,1
/data/DATASETS/WaveFake/jsut_multi_band_melgan/BASIC5000_2794_gen.wav,1
/data/DATASETS/WaveFake/jsut_multi_band_melgan/BASIC5000_1151_gen.wav,1
/data/DATASETS/WaveFake/jsut_parallel_wavegan/BASIC5000_0645_gen.wav,2
/data/DATASETS/WaveFake/jsut_multi_band_melgan/BASIC5000_2800_gen.wav,1
/data/DATASETS/WaveFake/jsut_parallel_wavegan/BASIC5000_0072_gen.wav,2
/data/DATASETS/WaveFake/jsut_parallel_wavegan/BASIC5000_1406_gen.wav,2
/data/DATASETS/WaveFake/jsut_parallel_wavegan/BASIC5000_3418_gen.wav,2
/data/DATASETS/WaveFake/jsut_multi_band_melgan/BASIC5000_3094_gen.wav,1
/data/DATASETS/WaveFake/jsut_multi_band_melgan/BASIC5000_0092_gen.wav,1
/data/DATASETS/WaveFake/jsut_parallel_wavegan/BASIC5000_4338_gen.wav,2
/data/DATASETS/WaveFake/jsut_multi_band_melgan/BASIC5000_4962_gen.wav,1
/data/DATASETS/WaveFake/jsut_multi_band_melgan/BASIC5000_3050_gen.wav,1
/data/DATASETS/WaveFake/jsut_multi_band_melgan/BASIC5000_2034_gen.wav,1
/data/DATASETS/WaveFake/jsut_multi_band_melgan/BASIC5000_1742_gen.wav,1
/data/DATASETS/WaveFake/jsut_parallel_wavegan/BASIC5000_2412_gen.wav,2
/data/DATASETS/WaveFake/jsut_multi_band_melgan/BASIC5000_4436_gen.wav,1
/data/DATASETS/WaveFake/jsut_parallel_wavegan/BASIC5000_1083_gen.wav,2
/data/DATASETS/WaveFake/jsut_multi_band_melgan/BASIC5000_3792_gen.wav,1
/data/DATASETS/WaveFake/jsut_parallel_wavegan/BASIC5000_2646_gen.wav,2
/data/DATASETS/WaveFake/jsut_parallel_wavegan/BASIC5000_0388_gen.wav,2
/data/DATASETS/WaveFake/jsut_multi_band_melgan/BASIC5000_1620_gen.wav,1
/data/DATASETS/WaveFake/jsut_multi_band_melgan/BASIC5000_1958_gen.wav,1
/data/DATASETS/WaveFake/jsut_multi_band_melgan/BASIC5000_3730_gen.wav,1
/data/DATASETS/WaveFake/jsut_multi_band_melgan/BASIC5000_4192_gen.wav,1
/data/DATASETS/WaveFake/jsut_parallel_wavegan/BASIC5000_4934_gen.wav,2
/data/DATASETS/WaveFake/jsut_parallel_wavegan/BASIC5000_0535_gen.wav,2
/data/DATASETS/WaveFake/jsut_parallel_wavegan/BASIC5000_2302_gen.wav,2
/data/DATASETS/WaveFake/jsut_multi_band_melgan/BASIC5000_0725_gen.wav,1
/data/DATASETS/WaveFake/jsut_multi_band_melgan/BASIC5000_4993_gen.wav,1
/data/DATASETS/WaveFake/jsut_multi_band_melgan/BASIC5000_3398_gen.wav,1
/data/DATASETS/WaveFake/jsut_multi_band_melgan/BASIC5000_3919_gen.wav,1
/data/DATASETS/WaveFake/jsut_parallel_wavegan/BASIC5000_2443_gen.wav,2
/data/DATASETS/WaveFake/jsut_multi_band_melgan/BASIC5000_3748_gen.wav,1
/data/DATASETS/WaveFake/jsut_parallel_wavegan/BASIC5000_3920_gen.wav,2
/data/DATASETS/WaveFake/jsut_multi_band_melgan/BASIC5000_4608_gen.wav,1
/data/DATASETS/WaveFake/jsut_multi_band_melgan/BASIC5000_4175_gen.wav,1
/data/DATASETS/WaveFake/jsut_multi_band_melgan/BASIC5000_1676_gen.wav,1
/data/DATASETS/WaveFake/jsut_parallel_wavegan/BASIC5000_3135_gen.wav,2
/data/DATASETS/WaveFake/jsut_multi_band_melgan/BASIC5000_3595_gen.wav,1
/data/DATASETS/WaveFake/jsut_parallel_wavegan/BASIC5000_3936_gen.wav,2
/data/DATASETS/WaveFake/jsut_multi_band_melgan/BASIC5000_0937_gen.wav,1
/data/DATASETS/WaveFake/jsut_multi_band_melgan/BASIC5000_4782_gen.wav,1
/data/DATASETS/WaveFake/jsut_parallel_wavegan/BASIC5000_3024_gen.wav,2
/data/DATASETS/WaveFake/jsut_parallel_wavegan/BASIC5000_1559_gen.wav,2
/data/DATASETS/WaveFake/jsut_parallel_wavegan/BASIC5000_0946_gen.wav,2
/data/DATASETS/WaveFake/jsut_multi_band_melgan/BASIC5000_2499_gen.wav,1
/data/DATASETS/WaveFake/jsut_multi_band_melgan/BASIC5000_1322_gen.wav,1
/data/DATASETS/WaveFake/jsut_multi_band_melgan/BASIC5000_1734_gen.wav,1
/data/DATASETS/WaveFake/jsut_multi_band_melgan/BASIC5000_1964_gen.wav,1
/data/DATASETS/WaveFake/jsut_parallel_wavegan/BASIC5000_3517_gen.wav,2
/data/DATASETS/WaveFake/jsut_multi_band_melgan/BASIC5000_3492_gen.wav,1
/data/DATASETS/WaveFake/jsut_multi_band_melgan/BASIC5000_2087_gen.wav,1
/data/DATASETS/WaveFake/jsut_parallel_wavegan/BASIC5000_4679_gen.wav,2
/data/DATASETS/WaveFake/jsut_parallel_wavegan/BASIC5000_0254_gen.wav,2
/data/DATASETS/WaveFake/jsut_parallel_wavegan/BASIC5000_3633_gen.wav,2
/data/DATASETS/WaveFake/jsut_parallel_wavegan/BASIC5000_0527_gen.wav,2
/data/DATASETS/WaveFake/jsut_parallel_wavegan/BASIC5000_1788_gen.wav,2
/data/DATASETS/WaveFake/jsut_multi_band_melgan/BASIC5000_0613_gen.wav,1
/data/DATASETS/WaveFake/jsut_multi_band_melgan/BASIC5000_3578_gen.wav,1
/data/DATASETS/WaveFake/jsut_multi_band_melgan/BASIC5000_1641_gen.wav,1
/data/DATASETS/WaveFake/jsut_multi_band_melgan/BASIC5000_1035_gen.wav,1
/data/DATASETS/WaveFake/jsut_multi_band_melgan/BASIC5000_3979_gen.wav,1
/data/DATASETS/WaveFake/jsut_parallel_wavegan/BASIC5000_1631_gen.wav,2
/data/DATASETS/WaveFake/jsut_multi_band_melgan/BASIC5000_1633_gen.wav,1
/data/DATASETS/WaveFake/jsut_parallel_wavegan/BASIC5000_1865_gen.wav,2
/data/DATASETS/WaveFake/jsut_multi_band_melgan/BASIC5000_1264_gen.wav,1
/data/DATASETS/WaveFake/jsut_multi_band_melgan/BASIC5000_0955_gen.wav,1
/data/DATASETS/WaveFake/jsut_multi_band_melgan/BASIC5000_2467_gen.wav,1
/data/DATASETS/WaveFake/jsut_parallel_wavegan/BASIC5000_1976_gen.wav,2
/data/DATASETS/WaveFake/jsut_parallel_wavegan/BASIC5000_1241_gen.wav,2
/data/DATASETS/WaveFake/jsut_parallel_wavegan/BASIC5000_0351_gen.wav,2
/data/DATASETS/WaveFake/jsut_parallel_wavegan/BASIC5000_3867_gen.wav,2
/data/DATASETS/WaveFake/jsut_parallel_wavegan/BASIC5000_3908_gen.wav,2
/data/DATASETS/WaveFake/jsut_multi_band_melgan/BASIC5000_3179_gen.wav,1
/data/DATASETS/WaveFake/jsut_multi_band_melgan/BASIC5000_0801_gen.wav,1
/data/DATASETS/WaveFake/jsut_multi_band_melgan/BASIC5000_0299_gen.wav,1
/data/DATASETS/WaveFake/jsut_parallel_wavegan/BASIC5000_2904_gen.wav,2
/data/DATASETS/WaveFake/jsut_multi_band_melgan/BASIC5000_4973_gen.wav,1
/data/DATASETS/WaveFake/jsut_multi_band_melgan/BASIC5000_0377_gen.wav,1
/data/DATASETS/WaveFake/jsut_parallel_wavegan/BASIC5000_4443_gen.wav,2
/data/DATASETS/WaveFake/jsut_parallel_wavegan/BASIC5000_0905_gen.wav,2
/data/DATASETS/WaveFake/jsut_parallel_wavegan/BASIC5000_4211_gen.wav,2
/data/DATASETS/WaveFake/jsut_multi_band_melgan/BASIC5000_4762_gen.wav,1
/data/DATASETS/WaveFake/jsut_multi_band_melgan/BASIC5000_0820_gen.wav,1
/data/DATASETS/WaveFake/jsut_multi_band_melgan/BASIC5000_1347_gen.wav,1
/data/DATASETS/WaveFake/jsut_multi_band_melgan/BASIC5000_4617_gen.wav,1
/data/DATASETS/WaveFake/jsut_multi_band_melgan/BASIC5000_2017_gen.wav,1
/data/DATASETS/WaveFake/jsut_multi_band_melgan/BASIC5000_3824_gen.wav,1
/data/DATASETS/WaveFake/jsut_multi_band_melgan/BASIC5000_1051_gen.wav,1
/data/DATASETS/WaveFake/jsut_multi_band_melgan/BASIC5000_3247_gen.wav,1
/data/DATASETS/WaveFake/jsut_multi_band_melgan/BASIC5000_4065_gen.wav,1
/data/DATASETS/WaveFake/jsut_parallel_wavegan/BASIC5000_3725_gen.wav,2
/data/DATASETS/WaveFake/jsut_multi_band_melgan/BASIC5000_3258_gen.wav,1
/data/DATASETS/WaveFake/jsut_multi_band_melgan/BASIC5000_0382_gen.wav,1
/data/DATASETS/WaveFake/jsut_parallel_wavegan/BASIC5000_2724_gen.wav,2
/data/DATASETS/WaveFake/jsut_parallel_wavegan/BASIC5000_2373_gen.wav,2
/data/DATASETS/WaveFake/jsut_parallel_wavegan/BASIC5000_2389_gen.wav,2
/data/DATASETS/WaveFake/jsut_parallel_wavegan/BASIC5000_3666_gen.wav,2
/data/DATASETS/WaveFake/jsut_multi_band_melgan/BASIC5000_1916_gen.wav,1
/data/DATASETS/WaveFake/jsut_parallel_wavegan/BASIC5000_3866_gen.wav,2
/data/DATASETS/WaveFake/jsut_multi_band_melgan/BASIC5000_0650_gen.wav,1
/data/DATASETS/WaveFake/jsut_multi_band_melgan/BASIC5000_3970_gen.wav,1
/data/DATASETS/WaveFake/jsut_multi_band_melgan/BASIC5000_3418_gen.wav,1
/data/DATASETS/WaveFake/jsut_parallel_wavegan/BASIC5000_0909_gen.wav,2
/data/DATASETS/WaveFake/jsut_multi_band_melgan/BASIC5000_4072_gen.wav,1
/data/DATASETS/WaveFake/jsut_parallel_wavegan/BASIC5000_4435_gen.wav,2
/data/DATASETS/WaveFake/jsut_multi_band_melgan/BASIC5000_2277_gen.wav,1
/data/DATASETS/WaveFake/jsut_parallel_wavegan/BASIC5000_4725_gen.wav,2
/data/DATASETS/WaveFake/jsut_multi_band_melgan/BASIC5000_2077_gen.wav,1
/data/DATASETS/WaveFake/jsut_parallel_wavegan/BASIC5000_0940_gen.wav,2
/data/DATASETS/WaveFake/jsut_multi_band_melgan/BASIC5000_2380_gen.wav,1
/data/DATASETS/WaveFake/jsut_parallel_wavegan/BASIC5000_1582_gen.wav,2
/data/DATASETS/WaveFake/jsut_multi_band_melgan/BASIC5000_0159_gen.wav,1
/data/DATASETS/WaveFake/jsut_multi_band_melgan/BASIC5000_2267_gen.wav,1
/data/DATASETS/WaveFake/jsut_parallel_wavegan/BASIC5000_1486_gen.wav,2
/data/DATASETS/WaveFake/jsut_multi_band_melgan/BASIC5000_1299_gen.wav,1
/data/DATASETS/WaveFake/jsut_multi_band_melgan/BASIC5000_1715_gen.wav,1
/data/DATASETS/WaveFake/jsut_multi_band_melgan/BASIC5000_2011_gen.wav,1
/data/DATASETS/WaveFake/jsut_parallel_wavegan/BASIC5000_0060_gen.wav,2
/data/DATASETS/WaveFake/jsut_multi_band_melgan/BASIC5000_3337_gen.wav,1
/data/DATASETS/WaveFake/jsut_multi_band_melgan/BASIC5000_0181_gen.wav,1
/data/DATASETS/WaveFake/jsut_parallel_wavegan/BASIC5000_4966_gen.wav,2
/data/DATASETS/WaveFake/jsut_multi_band_melgan/BASIC5000_2360_gen.wav,1
/data/DATASETS/WaveFake/jsut_multi_band_melgan/BASIC5000_1934_gen.wav,1
/data/DATASETS/WaveFake/jsut_multi_band_melgan/BASIC5000_1343_gen.wav,1
/data/DATASETS/WaveFake/jsut_multi_band_melgan/BASIC5000_1068_gen.wav,1
/data/DATASETS/WaveFake/jsut_multi_band_melgan/BASIC5000_1719_gen.wav,1
/data/DATASETS/WaveFake/jsut_multi_band_melgan/BASIC5000_4514_gen.wav,1
/data/DATASETS/WaveFake/jsut_parallel_wavegan/BASIC5000_4004_gen.wav,2
/data/DATASETS/WaveFake/jsut_parallel_wavegan/BASIC5000_0255_gen.wav,2
/data/DATASETS/WaveFake/jsut_multi_band_melgan/BASIC5000_2961_gen.wav,1
/data/DATASETS/WaveFake/jsut_parallel_wavegan/BASIC5000_2758_gen.wav,2
/data/DATASETS/WaveFake/jsut_parallel_wavegan/BASIC5000_0230_gen.wav,2
/data/DATASETS/WaveFake/jsut_multi_band_melgan/BASIC5000_1088_gen.wav,1
/data/DATASETS/WaveFake/jsut_multi_band_melgan/BASIC5000_0847_gen.wav,1
/data/DATASETS/WaveFake/jsut_multi_band_melgan/BASIC5000_3635_gen.wav,1
/data/DATASETS/WaveFake/jsut_parallel_wavegan/BASIC5000_3295_gen.wav,2
/data/DATASETS/WaveFake/jsut_parallel_wavegan/BASIC5000_1563_gen.wav,2
/data/DATASETS/WaveFake/jsut_parallel_wavegan/BASIC5000_3443_gen.wav,2
/data/DATASETS/WaveFake/jsut_multi_band_melgan/BASIC5000_4419_gen.wav,1
/data/DATASETS/WaveFake/jsut_multi_band_melgan/BASIC5000_3282_gen.wav,1
/data/DATASETS/WaveFake/jsut_parallel_wavegan/BASIC5000_0981_gen.wav,2
/data/DATASETS/WaveFake/jsut_parallel_wavegan/BASIC5000_0761_gen.wav,2
/data/DATASETS/WaveFake/jsut_multi_band_melgan/BASIC5000_2084_gen.wav,1
/data/DATASETS/WaveFake/jsut_parallel_wavegan/BASIC5000_1704_gen.wav,2
/data/DATASETS/WaveFake/jsut_multi_band_melgan/BASIC5000_0619_gen.wav,1
/data/DATASETS/WaveFake/jsut_parallel_wavegan/BASIC5000_3778_gen.wav,2
/data/DATASETS/WaveFake/jsut_parallel_wavegan/BASIC5000_0445_gen.wav,2
/data/DATASETS/WaveFake/jsut_multi_band_melgan/BASIC5000_3763_gen.wav,1
/data/DATASETS/WaveFake/jsut_multi_band_melgan/BASIC5000_4994_gen.wav,1
/data/DATASETS/WaveFake/jsut_parallel_wavegan/BASIC5000_0827_gen.wav,2
/data/DATASETS/WaveFake/jsut_parallel_wavegan/BASIC5000_0273_gen.wav,2
/data/DATASETS/WaveFake/jsut_multi_band_melgan/BASIC5000_4738_gen.wav,1
/data/DATASETS/WaveFake/jsut_parallel_wavegan/BASIC5000_3837_gen.wav,2
/data/DATASETS/WaveFake/jsut_multi_band_melgan/BASIC5000_3363_gen.wav,1
/data/DATASETS/WaveFake/jsut_multi_band_melgan/BASIC5000_3644_gen.wav,1
/data/DATASETS/WaveFake/jsut_multi_band_melgan/BASIC5000_2670_gen.wav,1
/data/DATASETS/WaveFake/jsut_multi_band_melgan/BASIC5000_4553_gen.wav,1
/data/DATASETS/WaveFake/jsut_parallel_wavegan/BASIC5000_0570_gen.wav,2
/data/DATASETS/WaveFake/jsut_multi_band_melgan/BASIC5000_2530_gen.wav,1
/data/DATASETS/WaveFake/jsut_parallel_wavegan/BASIC5000_3012_gen.wav,2
/data/DATASETS/WaveFake/jsut_multi_band_melgan/BASIC5000_1227_gen.wav,1
/data/DATASETS/WaveFake/jsut_multi_band_melgan/BASIC5000_1745_gen.wav,1
/data/DATASETS/WaveFake/jsut_multi_band_melgan/BASIC5000_1625_gen.wav,1
/data/DATASETS/WaveFake/jsut_multi_band_melgan/BASIC5000_0681_gen.wav,1
/data/DATASETS/WaveFake/jsut_multi_band_melgan/BASIC5000_0106_gen.wav,1
/data/DATASETS/WaveFake/jsut_multi_band_melgan/BASIC5000_4249_gen.wav,1
/data/DATASETS/WaveFake/jsut_multi_band_melgan/BASIC5000_2448_gen.wav,1
/data/DATASETS/WaveFake/jsut_multi_band_melgan/BASIC5000_3355_gen.wav,1
/data/DATASETS/WaveFake/jsut_multi_band_melgan/BASIC5000_1300_gen.wav,1
/data/DATASETS/WaveFake/jsut_multi_band_melgan/BASIC5000_3638_gen.wav,1
/data/DATASETS/WaveFake/jsut_multi_band_melgan/BASIC5000_4424_gen.wav,1
/data/DATASETS/WaveFake/jsut_multi_band_melgan/BASIC5000_3601_gen.wav,1
/data/DATASETS/WaveFake/jsut_multi_band_melgan/BASIC5000_3030_gen.wav,1
/data/DATASETS/WaveFake/jsut_parallel_wavegan/BASIC5000_0668_gen.wav,2
/data/DATASETS/WaveFake/jsut_multi_band_melgan/BASIC5000_4735_gen.wav,1
/data/DATASETS/WaveFake/jsut_parallel_wavegan/BASIC5000_2704_gen.wav,2
/data/DATASETS/WaveFake/jsut_parallel_wavegan/BASIC5000_1367_gen.wav,2
/data/DATASETS/WaveFake/jsut_parallel_wavegan/BASIC5000_4544_gen.wav,2
/data/DATASETS/WaveFake/jsut_parallel_wavegan/BASIC5000_2821_gen.wav,2
/data/DATASETS/WaveFake/jsut_parallel_wavegan/BASIC5000_3257_gen.wav,2
/data/DATASETS/WaveFake/jsut_parallel_wavegan/BASIC5000_0209_gen.wav,2
/data/DATASETS/WaveFake/jsut_parallel_wavegan/BASIC5000_0544_gen.wav,2
/data/DATASETS/WaveFake/jsut_multi_band_melgan/BASIC5000_4427_gen.wav,1
/data/DATASETS/WaveFake/jsut_parallel_wavegan/BASIC5000_4472_gen.wav,2
/data/DATASETS/WaveFake/jsut_parallel_wavegan/BASIC5000_0049_gen.wav,2
/data/DATASETS/WaveFake/jsut_multi_band_melgan/BASIC5000_2186_gen.wav,1
/data/DATASETS/WaveFake/jsut_parallel_wavegan/BASIC5000_3222_gen.wav,2
/data/DATASETS/WaveFake/jsut_parallel_wavegan/BASIC5000_3668_gen.wav,2
/data/DATASETS/WaveFake/jsut_parallel_wavegan/BASIC5000_4541_gen.wav,2
/data/DATASETS/WaveFake/jsut_multi_band_melgan/BASIC5000_3927_gen.wav,1
/data/DATASETS/WaveFake/jsut_multi_band_melgan/BASIC5000_0987_gen.wav,1
/data/DATASETS/WaveFake/jsut_multi_band_melgan/BASIC5000_0329_gen.wav,1
/data/DATASETS/WaveFake/jsut_multi_band_melgan/BASIC5000_2487_gen.wav,1
/data/DATASETS/WaveFake/jsut_multi_band_melgan/BASIC5000_4032_gen.wav,1
/data/DATASETS/WaveFake/jsut_multi_band_melgan/BASIC5000_2400_gen.wav,1
/data/DATASETS/WaveFake/jsut_parallel_wavegan/BASIC5000_4964_gen.wav,2
/data/DATASETS/WaveFake/jsut_multi_band_melgan/BASIC5000_4892_gen.wav,1
/data/DATASETS/WaveFake/jsut_multi_band_melgan/BASIC5000_4899_gen.wav,1
/data/DATASETS/WaveFake/jsut_parallel_wavegan/BASIC5000_0225_gen.wav,2
/data/DATASETS/WaveFake/jsut_parallel_wavegan/BASIC5000_2028_gen.wav,2
/data/DATASETS/WaveFake/jsut_parallel_wavegan/BASIC5000_4543_gen.wav,2
/data/DATASETS/WaveFake/jsut_parallel_wavegan/BASIC5000_4656_gen.wav,2
/data/DATASETS/WaveFake/jsut_parallel_wavegan/BASIC5000_4358_gen.wav,2
/data/DATASETS/WaveFake/jsut_multi_band_melgan/BASIC5000_1155_gen.wav,1
/data/DATASETS/WaveFake/jsut_multi_band_melgan/BASIC5000_1320_gen.wav,1
/data/DATASETS/WaveFake/jsut_parallel_wavegan/BASIC5000_1637_gen.wav,2
/data/DATASETS/WaveFake/jsut_parallel_wavegan/BASIC5000_3176_gen.wav,2
/data/DATASETS/WaveFake/jsut_parallel_wavegan/BASIC5000_0538_gen.wav,2
/data/DATASETS/WaveFake/jsut_multi_band_melgan/BASIC5000_3856_gen.wav,1
/data/DATASETS/WaveFake/jsut_multi_band_melgan/BASIC5000_1093_gen.wav,1
/data/DATASETS/WaveFake/jsut_parallel_wavegan/BASIC5000_4438_gen.wav,2
/data/DATASETS/WaveFake/jsut_parallel_wavegan/BASIC5000_2839_gen.wav,2
/data/DATASETS/WaveFake/jsut_multi_band_melgan/BASIC5000_0363_gen.wav,1
/data/DATASETS/WaveFake/jsut_parallel_wavegan/BASIC5000_0727_gen.wav,2
/data/DATASETS/WaveFake/jsut_multi_band_melgan/BASIC5000_0620_gen.wav,1
/data/DATASETS/WaveFake/jsut_parallel_wavegan/BASIC5000_3159_gen.wav,2
/data/DATASETS/WaveFake/jsut_parallel_wavegan/BASIC5000_2130_gen.wav,2
/data/DATASETS/WaveFake/jsut_parallel_wavegan/BASIC5000_1333_gen.wav,2
/data/DATASETS/WaveFake/jsut_multi_band_melgan/BASIC5000_1629_gen.wav,1
/data/DATASETS/WaveFake/jsut_parallel_wavegan/BASIC5000_4449_gen.wav,2
/data/DATASETS/WaveFake/jsut_parallel_wavegan/BASIC5000_2596_gen.wav,2
/data/DATASETS/WaveFake/jsut_multi_band_melgan/BASIC5000_0148_gen.wav,1
/data/DATASETS/WaveFake/jsut_multi_band_melgan/BASIC5000_1736_gen.wav,1
/data/DATASETS/WaveFake/jsut_multi_band_melgan/BASIC5000_1244_gen.wav,1
/data/DATASETS/WaveFake/jsut_multi_band_melgan/BASIC5000_1437_gen.wav,1
/data/DATASETS/WaveFake/jsut_multi_band_melgan/BASIC5000_2233_gen.wav,1
/data/DATASETS/WaveFake/jsut_multi_band_melgan/BASIC5000_0547_gen.wav,1
/data/DATASETS/WaveFake/jsut_parallel_wavegan/BASIC5000_3603_gen.wav,2
/data/DATASETS/WaveFake/jsut_multi_band_melgan/BASIC5000_2284_gen.wav,1
/data/DATASETS/WaveFake/jsut_parallel_wavegan/BASIC5000_2269_gen.wav,2
/data/DATASETS/WaveFake/jsut_parallel_wavegan/BASIC5000_0093_gen.wav,2
/data/DATASETS/WaveFake/jsut_parallel_wavegan/BASIC5000_0208_gen.wav,2
/data/DATASETS/WaveFake/jsut_multi_band_melgan/BASIC5000_0454_gen.wav,1
/data/DATASETS/WaveFake/jsut_multi_band_melgan/BASIC5000_1125_gen.wav,1
/data/DATASETS/WaveFake/jsut_parallel_wavegan/BASIC5000_2838_gen.wav,2
/data/DATASETS/WaveFake/jsut_parallel_wavegan/BASIC5000_1462_gen.wav,2
/data/DATASETS/WaveFake/jsut_parallel_wavegan/BASIC5000_0864_gen.wav,2
/data/DATASETS/WaveFake/jsut_multi_band_melgan/BASIC5000_4211_gen.wav,1
/data/DATASETS/WaveFake/jsut_multi_band_melgan/BASIC5000_0129_gen.wav,1
/data/DATASETS/WaveFake/jsut_parallel_wavegan/BASIC5000_3162_gen.wav,2
/data/DATASETS/WaveFake/jsut_multi_band_melgan/BASIC5000_3658_gen.wav,1
/data/DATASETS/WaveFake/jsut_parallel_wavegan/BASIC5000_0685_gen.wav,2
/data/DATASETS/WaveFake/jsut_parallel_wavegan/BASIC5000_0943_gen.wav,2
/data/DATASETS/WaveFake/jsut_parallel_wavegan/BASIC5000_1900_gen.wav,2
/data/DATASETS/WaveFake/jsut_parallel_wavegan/BASIC5000_0860_gen.wav,2
/data/DATASETS/WaveFake/jsut_multi_band_melgan/BASIC5000_1098_gen.wav,1
/data/DATASETS/WaveFake/jsut_multi_band_melgan/BASIC5000_1084_gen.wav,1
/data/DATASETS/WaveFake/jsut_multi_band_melgan/BASIC5000_3643_gen.wav,1
/data/DATASETS/WaveFake/jsut_multi_band_melgan/BASIC5000_2250_gen.wav,1
/data/DATASETS/WaveFake/jsut_parallel_wavegan/BASIC5000_2247_gen.wav,2
/data/DATASETS/WaveFake/jsut_multi_band_melgan/BASIC5000_1782_gen.wav,1
/data/DATASETS/WaveFake/jsut_multi_band_melgan/BASIC5000_3659_gen.wav,1
/data/DATASETS/WaveFake/jsut_parallel_wavegan/BASIC5000_2418_gen.wav,2
/data/DATASETS/WaveFake/jsut_parallel_wavegan/BASIC5000_4251_gen.wav,2
/data/DATASETS/WaveFake/jsut_multi_band_melgan/BASIC5000_1127_gen.wav,1
/data/DATASETS/WaveFake/jsut_parallel_wavegan/BASIC5000_0181_gen.wav,2
/data/DATASETS/WaveFake/jsut_parallel_wavegan/BASIC5000_3828_gen.wav,2
/data/DATASETS/WaveFake/jsut_multi_band_melgan/BASIC5000_0415_gen.wav,1
/data/DATASETS/WaveFake/jsut_parallel_wavegan/BASIC5000_0216_gen.wav,2
/data/DATASETS/WaveFake/jsut_parallel_wavegan/BASIC5000_2845_gen.wav,2
/data/DATASETS/WaveFake/jsut_multi_band_melgan/BASIC5000_3993_gen.wav,1
/data/DATASETS/WaveFake/jsut_multi_band_melgan/BASIC5000_0081_gen.wav,1
/data/DATASETS/WaveFake/jsut_multi_band_melgan/BASIC5000_1441_gen.wav,1
/data/DATASETS/WaveFake/jsut_parallel_wavegan/BASIC5000_2479_gen.wav,2
/data/DATASETS/WaveFake/jsut_parallel_wavegan/BASIC5000_3646_gen.wav,2
/data/DATASETS/WaveFake/jsut_parallel_wavegan/BASIC5000_0568_gen.wav,2
/data/DATASETS/WaveFake/jsut_multi_band_melgan/BASIC5000_0291_gen.wav,1
/data/DATASETS/WaveFake/jsut_parallel_wavegan/BASIC5000_3846_gen.wav,2
/data/DATASETS/WaveFake/jsut_parallel_wavegan/BASIC5000_4273_gen.wav,2
/data/DATASETS/WaveFake/jsut_parallel_wavegan/BASIC5000_3276_gen.wav,2
/data/DATASETS/WaveFake/jsut_multi_band_melgan/BASIC5000_3237_gen.wav,1
/data/DATASETS/WaveFake/jsut_parallel_wavegan/BASIC5000_2750_gen.wav,2
/data/DATASETS/WaveFake/jsut_parallel_wavegan/BASIC5000_2469_gen.wav,2
/data/DATASETS/WaveFake/jsut_multi_band_melgan/BASIC5000_3083_gen.wav,1
/data/DATASETS/WaveFake/jsut_multi_band_melgan/BASIC5000_4921_gen.wav,1
/data/DATASETS/WaveFake/jsut_multi_band_melgan/BASIC5000_2402_gen.wav,1
/data/DATASETS/WaveFake/jsut_multi_band_melgan/BASIC5000_2136_gen.wav,1
/data/DATASETS/WaveFake/jsut_multi_band_melgan/BASIC5000_1195_gen.wav,1
/data/DATASETS/WaveFake/jsut_multi_band_melgan/BASIC5000_1949_gen.wav,1
/data/DATASETS/WaveFake/jsut_multi_band_melgan/BASIC5000_3033_gen.wav,1
/data/DATASETS/WaveFake/jsut_multi_band_melgan/BASIC5000_3010_gen.wav,1
/data/DATASETS/WaveFake/jsut_parallel_wavegan/BASIC5000_3611_gen.wav,2
/data/DATASETS/WaveFake/jsut_parallel_wavegan/BASIC5000_1493_gen.wav,2
/data/DATASETS/WaveFake/jsut_parallel_wavegan/BASIC5000_3736_gen.wav,2
/data/DATASETS/WaveFake/jsut_parallel_wavegan/BASIC5000_3338_gen.wav,2
/data/DATASETS/WaveFake/jsut_multi_band_melgan/BASIC5000_4948_gen.wav,1
/data/DATASETS/WaveFake/jsut_multi_band_melgan/BASIC5000_3486_gen.wav,1
/data/DATASETS/WaveFake/jsut_multi_band_melgan/BASIC5000_2916_gen.wav,1
/data/DATASETS/WaveFake/jsut_parallel_wavegan/BASIC5000_1338_gen.wav,2
/data/DATASETS/WaveFake/jsut_parallel_wavegan/BASIC5000_0294_gen.wav,2
/data/DATASETS/WaveFake/jsut_parallel_wavegan/BASIC5000_1862_gen.wav,2
/data/DATASETS/WaveFake/jsut_multi_band_melgan/BASIC5000_2466_gen.wav,1
/data/DATASETS/WaveFake/jsut_parallel_wavegan/BASIC5000_3131_gen.wav,2
/data/DATASETS/WaveFake/jsut_parallel_wavegan/BASIC5000_3158_gen.wav,2
/data/DATASETS/WaveFake/jsut_multi_band_melgan/BASIC5000_2582_gen.wav,1
/data/DATASETS/WaveFake/jsut_multi_band_melgan/BASIC5000_4683_gen.wav,1
/data/DATASETS/WaveFake/jsut_multi_band_melgan/BASIC5000_1063_gen.wav,1
/data/DATASETS/WaveFake/jsut_parallel_wavegan/BASIC5000_0392_gen.wav,2
/data/DATASETS/WaveFake/jsut_parallel_wavegan/BASIC5000_1828_gen.wav,2
/data/DATASETS/WaveFake/jsut_parallel_wavegan/BASIC5000_2217_gen.wav,2
/data/DATASETS/WaveFake/jsut_multi_band_melgan/BASIC5000_2647_gen.wav,1
/data/DATASETS/WaveFake/jsut_parallel_wavegan/BASIC5000_1702_gen.wav,2
/data/DATASETS/WaveFake/jsut_parallel_wavegan/BASIC5000_0481_gen.wav,2
/data/DATASETS/WaveFake/jsut_multi_band_melgan/BASIC5000_0326_gen.wav,1
/data/DATASETS/WaveFake/jsut_multi_band_melgan/BASIC5000_0126_gen.wav,1
/data/DATASETS/WaveFake/jsut_parallel_wavegan/BASIC5000_0327_gen.wav,2
/data/DATASETS/WaveFake/jsut_multi_band_melgan/BASIC5000_2187_gen.wav,1
/data/DATASETS/WaveFake/jsut_multi_band_melgan/BASIC5000_3592_gen.wav,1
/data/DATASETS/WaveFake/jsut_parallel_wavegan/BASIC5000_4768_gen.wav,2
/data/DATASETS/WaveFake/jsut_parallel_wavegan/BASIC5000_4895_gen.wav,2
/data/DATASETS/WaveFake/jsut_multi_band_melgan/BASIC5000_1755_gen.wav,1
/data/DATASETS/WaveFake/jsut_parallel_wavegan/BASIC5000_3880_gen.wav,2
/data/DATASETS/WaveFake/jsut_parallel_wavegan/BASIC5000_4404_gen.wav,2
/data/DATASETS/WaveFake/jsut_multi_band_melgan/BASIC5000_2950_gen.wav,1
/data/DATASETS/WaveFake/jsut_parallel_wavegan/BASIC5000_4414_gen.wav,2
/data/DATASETS/WaveFake/jsut_multi_band_melgan/BASIC5000_1185_gen.wav,1
/data/DATASETS/WaveFake/jsut_multi_band_melgan/BASIC5000_1724_gen.wav,1
/data/DATASETS/WaveFake/jsut_parallel_wavegan/BASIC5000_2794_gen.wav,2
/data/DATASETS/WaveFake/jsut_parallel_wavegan/BASIC5000_2728_gen.wav,2
/data/DATASETS/WaveFake/jsut_multi_band_melgan/BASIC5000_4202_gen.wav,1
/data/DATASETS/WaveFake/jsut_parallel_wavegan/BASIC5000_1302_gen.wav,2
/data/DATASETS/WaveFake/jsut_multi_band_melgan/BASIC5000_1855_gen.wav,1
/data/DATASETS/WaveFake/jsut_multi_band_melgan/BASIC5000_4205_gen.wav,1
/data/DATASETS/WaveFake/jsut_multi_band_melgan/BASIC5000_4526_gen.wav,1
/data/DATASETS/WaveFake/jsut_multi_band_melgan/BASIC5000_2791_gen.wav,1
/data/DATASETS/WaveFake/jsut_parallel_wavegan/BASIC5000_0037_gen.wav,2
/data/DATASETS/WaveFake/jsut_parallel_wavegan/BASIC5000_2003_gen.wav,2
/data/DATASETS/WaveFake/jsut_parallel_wavegan/BASIC5000_1810_gen.wav,2
/data/DATASETS/WaveFake/jsut_multi_band_melgan/BASIC5000_4420_gen.wav,1
/data/DATASETS/WaveFake/jsut_parallel_wavegan/BASIC5000_4122_gen.wav,2
/data/DATASETS/WaveFake/jsut_multi_band_melgan/BASIC5000_3124_gen.wav,1
/data/DATASETS/WaveFake/jsut_multi_band_melgan/BASIC5000_2742_gen.wav,1
/data/DATASETS/WaveFake/jsut_parallel_wavegan/BASIC5000_3402_gen.wav,2
/data/DATASETS/WaveFake/jsut_multi_band_melgan/BASIC5000_3105_gen.wav,1
/data/DATASETS/WaveFake/jsut_parallel_wavegan/BASIC5000_4570_gen.wav,2
/data/DATASETS/WaveFake/jsut_parallel_wavegan/BASIC5000_2012_gen.wav,2
/data/DATASETS/WaveFake/jsut_parallel_wavegan/BASIC5000_0774_gen.wav,2
/data/DATASETS/WaveFake/jsut_multi_band_melgan/BASIC5000_3808_gen.wav,1
/data/DATASETS/WaveFake/jsut_multi_band_melgan/BASIC5000_3369_gen.wav,1
/data/DATASETS/WaveFake/jsut_parallel_wavegan/BASIC5000_1088_gen.wav,2
/data/DATASETS/WaveFake/jsut_multi_band_melgan/BASIC5000_1071_gen.wav,1
/data/DATASETS/WaveFake/jsut_multi_band_melgan/BASIC5000_3758_gen.wav,1
/data/DATASETS/WaveFake/jsut_parallel_wavegan/BASIC5000_3030_gen.wav,2
/data/DATASETS/WaveFake/jsut_multi_band_melgan/BASIC5000_1993_gen.wav,1
/data/DATASETS/WaveFake/jsut_multi_band_melgan/BASIC5000_4036_gen.wav,1
/data/DATASETS/WaveFake/jsut_multi_band_melgan/BASIC5000_3053_gen.wav,1
/data/DATASETS/WaveFake/jsut_multi_band_melgan/BASIC5000_2565_gen.wav,1
/data/DATASETS/WaveFake/jsut_multi_band_melgan/BASIC5000_4053_gen.wav,1
/data/DATASETS/WaveFake/jsut_multi_band_melgan/BASIC5000_2569_gen.wav,1
/data/DATASETS/WaveFake/jsut_parallel_wavegan/BASIC5000_1060_gen.wav,2
/data/DATASETS/WaveFake/jsut_multi_band_melgan/BASIC5000_0400_gen.wav,1
/data/DATASETS/WaveFake/jsut_parallel_wavegan/BASIC5000_2729_gen.wav,2
/data/DATASETS/WaveFake/jsut_parallel_wavegan/BASIC5000_1870_gen.wav,2
/data/DATASETS/WaveFake/jsut_multi_band_melgan/BASIC5000_0207_gen.wav,1
/data/DATASETS/WaveFake/jsut_multi_band_melgan/BASIC5000_1948_gen.wav,1
/data/DATASETS/WaveFake/jsut_multi_band_melgan/BASIC5000_2701_gen.wav,1
/data/DATASETS/WaveFake/jsut_parallel_wavegan/BASIC5000_1894_gen.wav,2
/data/DATASETS/WaveFake/jsut_multi_band_melgan/BASIC5000_2178_gen.wav,1
/data/DATASETS/WaveFake/jsut_multi_band_melgan/BASIC5000_1619_gen.wav,1
/data/DATASETS/WaveFake/jsut_parallel_wavegan/BASIC5000_2765_gen.wav,2
/data/DATASETS/WaveFake/jsut_parallel_wavegan/BASIC5000_0569_gen.wav,2
/data/DATASETS/WaveFake/jsut_parallel_wavegan/BASIC5000_4713_gen.wav,2
/data/DATASETS/WaveFake/jsut_multi_band_melgan/BASIC5000_2043_gen.wav,1
/data/DATASETS/WaveFake/jsut_multi_band_melgan/BASIC5000_2258_gen.wav,1
/data/DATASETS/WaveFake/jsut_multi_band_melgan/BASIC5000_1250_gen.wav,1
/data/DATASETS/WaveFake/jsut_multi_band_melgan/BASIC5000_3442_gen.wav,1
/data/DATASETS/WaveFake/jsut_parallel_wavegan/BASIC5000_3047_gen.wav,2
/data/DATASETS/WaveFake/jsut_multi_band_melgan/BASIC5000_4390_gen.wav,1
/data/DATASETS/WaveFake/jsut_parallel_wavegan/BASIC5000_3555_gen.wav,2
/data/DATASETS/WaveFake/jsut_parallel_wavegan/BASIC5000_4935_gen.wav,2
/data/DATASETS/WaveFake/jsut_multi_band_melgan/BASIC5000_0491_gen.wav,1
/data/DATASETS/WaveFake/jsut_multi_band_melgan/BASIC5000_3701_gen.wav,1
/data/DATASETS/WaveFake/jsut_parallel_wavegan/BASIC5000_0350_gen.wav,2
/data/DATASETS/WaveFake/jsut_parallel_wavegan/BASIC5000_2328_gen.wav,2
/data/DATASETS/WaveFake/jsut_multi_band_melgan/BASIC5000_3210_gen.wav,1
/data/DATASETS/WaveFake/jsut_parallel_wavegan/BASIC5000_4263_gen.wav,2
/data/DATASETS/WaveFake/jsut_multi_band_melgan/BASIC5000_0334_gen.wav,1
/data/DATASETS/WaveFake/jsut_multi_band_melgan/BASIC5000_0223_gen.wav,1
/data/DATASETS/WaveFake/jsut_multi_band_melgan/BASIC5000_0073_gen.wav,1
/data/DATASETS/WaveFake/jsut_multi_band_melgan/BASIC5000_3851_gen.wav,1
/data/DATASETS/WaveFake/jsut_parallel_wavegan/BASIC5000_4193_gen.wav,2
/data/DATASETS/WaveFake/jsut_parallel_wavegan/BASIC5000_0215_gen.wav,2
/data/DATASETS/WaveFake/jsut_multi_band_melgan/BASIC5000_4027_gen.wav,1
/data/DATASETS/WaveFake/jsut_parallel_wavegan/BASIC5000_4075_gen.wav,2
/data/DATASETS/WaveFake/jsut_multi_band_melgan/BASIC5000_0335_gen.wav,1
/data/DATASETS/WaveFake/jsut_multi_band_melgan/BASIC5000_3423_gen.wav,1
/data/DATASETS/WaveFake/jsut_parallel_wavegan/BASIC5000_4063_gen.wav,2
/data/DATASETS/WaveFake/jsut_multi_band_melgan/BASIC5000_0163_gen.wav,1
/data/DATASETS/WaveFake/jsut_parallel_wavegan/BASIC5000_4583_gen.wav,2
/data/DATASETS/WaveFake/jsut_parallel_wavegan/BASIC5000_0997_gen.wav,2
/data/DATASETS/WaveFake/jsut_multi_band_melgan/BASIC5000_4139_gen.wav,1
/data/DATASETS/WaveFake/jsut_multi_band_melgan/BASIC5000_2708_gen.wav,1
/data/DATASETS/WaveFake/jsut_parallel_wavegan/BASIC5000_2250_gen.wav,2
/data/DATASETS/WaveFake/jsut_parallel_wavegan/BASIC5000_3078_gen.wav,2
/data/DATASETS/WaveFake/jsut_parallel_wavegan/BASIC5000_2306_gen.wav,2
/data/DATASETS/WaveFake/jsut_parallel_wavegan/BASIC5000_4422_gen.wav,2
/data/DATASETS/WaveFake/jsut_parallel_wavegan/BASIC5000_2285_gen.wav,2
/data/DATASETS/WaveFake/jsut_parallel_wavegan/BASIC5000_3853_gen.wav,2
/data/DATASETS/WaveFake/jsut_parallel_wavegan/BASIC5000_1398_gen.wav,2
/data/DATASETS/WaveFake/jsut_multi_band_melgan/BASIC5000_2093_gen.wav,1
/data/DATASETS/WaveFake/jsut_multi_band_melgan/BASIC5000_4629_gen.wav,1
/data/DATASETS/WaveFake/jsut_multi_band_melgan/BASIC5000_4228_gen.wav,1
/data/DATASETS/WaveFake/jsut_parallel_wavegan/BASIC5000_0322_gen.wav,2
/data/DATASETS/WaveFake/jsut_multi_band_melgan/BASIC5000_2173_gen.wav,1
/data/DATASETS/WaveFake/jsut_parallel_wavegan/BASIC5000_2555_gen.wav,2
/data/DATASETS/WaveFake/jsut_multi_band_melgan/BASIC5000_3935_gen.wav,1
/data/DATASETS/WaveFake/jsut_parallel_wavegan/BASIC5000_2789_gen.wav,2
/data/DATASETS/WaveFake/jsut_parallel_wavegan/BASIC5000_3983_gen.wav,2
/data/DATASETS/WaveFake/jsut_parallel_wavegan/BASIC5000_0242_gen.wav,2
/data/DATASETS/WaveFake/jsut_multi_band_melgan/BASIC5000_1757_gen.wav,1
/data/DATASETS/WaveFake/jsut_multi_band_melgan/BASIC5000_3734_gen.wav,1
/data/DATASETS/WaveFake/jsut_parallel_wavegan/BASIC5000_1934_gen.wav,2
/data/DATASETS/WaveFake/jsut_parallel_wavegan/BASIC5000_2135_gen.wav,2
/data/DATASETS/WaveFake/jsut_multi_band_melgan/BASIC5000_1198_gen.wav,1
/data/DATASETS/WaveFake/jsut_multi_band_melgan/BASIC5000_4225_gen.wav,1
/data/DATASETS/WaveFake/jsut_parallel_wavegan/BASIC5000_0526_gen.wav,2
/data/DATASETS/WaveFake/jsut_multi_band_melgan/BASIC5000_2344_gen.wav,1
/data/DATASETS/WaveFake/jsut_multi_band_melgan/BASIC5000_4054_gen.wav,1
/data/DATASETS/WaveFake/jsut_multi_band_melgan/BASIC5000_2978_gen.wav,1
/data/DATASETS/WaveFake/jsut_parallel_wavegan/BASIC5000_4745_gen.wav,2
/data/DATASETS/WaveFake/jsut_parallel_wavegan/BASIC5000_0585_gen.wav,2
/data/DATASETS/WaveFake/jsut_parallel_wavegan/BASIC5000_3615_gen.wav,2
/data/DATASETS/WaveFake/jsut_multi_band_melgan/BASIC5000_4409_gen.wav,1
/data/DATASETS/WaveFake/jsut_parallel_wavegan/BASIC5000_1496_gen.wav,2
/data/DATASETS/WaveFake/jsut_multi_band_melgan/BASIC5000_2038_gen.wav,1
/data/DATASETS/WaveFake/jsut_multi_band_melgan/BASIC5000_4952_gen.wav,1
/data/DATASETS/WaveFake/jsut_parallel_wavegan/BASIC5000_2216_gen.wav,2
/data/DATASETS/WaveFake/jsut_parallel_wavegan/BASIC5000_4822_gen.wav,2
/data/DATASETS/WaveFake/jsut_multi_band_melgan/BASIC5000_1148_gen.wav,1
/data/DATASETS/WaveFake/jsut_multi_band_melgan/BASIC5000_2280_gen.wav,1
/data/DATASETS/WaveFake/jsut_parallel_wavegan/BASIC5000_3873_gen.wav,2
/data/DATASETS/WaveFake/jsut_multi_band_melgan/BASIC5000_1975_gen.wav,1
/data/DATASETS/WaveFake/jsut_multi_band_melgan/BASIC5000_0671_gen.wav,1
/data/DATASETS/WaveFake/jsut_multi_band_melgan/BASIC5000_2945_gen.wav,1
/data/DATASETS/WaveFake/jsut_parallel_wavegan/BASIC5000_4162_gen.wav,2
/data/DATASETS/WaveFake/jsut_parallel_wavegan/BASIC5000_2357_gen.wav,2
/data/DATASETS/WaveFake/jsut_parallel_wavegan/BASIC5000_3214_gen.wav,2
/data/DATASETS/WaveFake/jsut_multi_band_melgan/BASIC5000_1388_gen.wav,1
/data/DATASETS/WaveFake/jsut_parallel_wavegan/BASIC5000_0956_gen.wav,2
/data/DATASETS/WaveFake/jsut_multi_band_melgan/BASIC5000_3401_gen.wav,1
/data/DATASETS/WaveFake/jsut_parallel_wavegan/BASIC5000_2563_gen.wav,2
/data/DATASETS/WaveFake/jsut_multi_band_melgan/BASIC5000_0935_gen.wav,1
/data/DATASETS/WaveFake/jsut_multi_band_melgan/BASIC5000_4116_gen.wav,1
/data/DATASETS/WaveFake/jsut_parallel_wavegan/BASIC5000_3146_gen.wav,2
/data/DATASETS/WaveFake/jsut_parallel_wavegan/BASIC5000_2006_gen.wav,2
/data/DATASETS/WaveFake/jsut_multi_band_melgan/BASIC5000_3846_gen.wav,1
/data/DATASETS/WaveFake/jsut_multi_band_melgan/BASIC5000_3585_gen.wav,1
/data/DATASETS/WaveFake/jsut_multi_band_melgan/BASIC5000_4088_gen.wav,1
/data/DATASETS/WaveFake/jsut_parallel_wavegan/BASIC5000_1623_gen.wav,2
/data/DATASETS/WaveFake/jsut_multi_band_melgan/BASIC5000_2145_gen.wav,1
/data/DATASETS/WaveFake/jsut_parallel_wavegan/BASIC5000_0159_gen.wav,2
/data/DATASETS/WaveFake/jsut_parallel_wavegan/BASIC5000_3269_gen.wav,2
/data/DATASETS/WaveFake/jsut_multi_band_melgan/BASIC5000_0798_gen.wav,1
/data/DATASETS/WaveFake/jsut_multi_band_melgan/BASIC5000_1897_gen.wav,1
/data/DATASETS/WaveFake/jsut_multi_band_melgan/BASIC5000_0604_gen.wav,1
/data/DATASETS/WaveFake/jsut_multi_band_melgan/BASIC5000_3062_gen.wav,1
/data/DATASETS/WaveFake/jsut_parallel_wavegan/BASIC5000_3661_gen.wav,2
/data/DATASETS/WaveFake/jsut_parallel_wavegan/BASIC5000_4744_gen.wav,2
/data/DATASETS/WaveFake/jsut_parallel_wavegan/BASIC5000_2644_gen.wav,2
/data/DATASETS/WaveFake/jsut_parallel_wavegan/BASIC5000_1086_gen.wav,2
/data/DATASETS/WaveFake/jsut_multi_band_melgan/BASIC5000_0352_gen.wav,1
/data/DATASETS/WaveFake/jsut_parallel_wavegan/BASIC5000_1070_gen.wav,2
/data/DATASETS/WaveFake/jsut_multi_band_melgan/BASIC5000_0230_gen.wav,1
/data/DATASETS/WaveFake/jsut_multi_band_melgan/BASIC5000_0594_gen.wav,1
/data/DATASETS/WaveFake/jsut_multi_band_melgan/BASIC5000_0641_gen.wav,1
/data/DATASETS/WaveFake/jsut_parallel_wavegan/BASIC5000_2906_gen.wav,2
/data/DATASETS/WaveFake/jsut_multi_band_melgan/BASIC5000_4350_gen.wav,1
/data/DATASETS/WaveFake/jsut_parallel_wavegan/BASIC5000_0284_gen.wav,2
/data/DATASETS/WaveFake/jsut_multi_band_melgan/BASIC5000_2259_gen.wav,1
/data/DATASETS/WaveFake/jsut_multi_band_melgan/BASIC5000_1866_gen.wav,1
/data/DATASETS/WaveFake/jsut_multi_band_melgan/BASIC5000_1508_gen.wav,1
/data/DATASETS/WaveFake/jsut_parallel_wavegan/BASIC5000_0583_gen.wav,2
/data/DATASETS/WaveFake/jsut_parallel_wavegan/BASIC5000_4557_gen.wav,2
/data/DATASETS/WaveFake/jsut_multi_band_melgan/BASIC5000_0827_gen.wav,1
/data/DATASETS/WaveFake/jsut_parallel_wavegan/BASIC5000_2143_gen.wav,2
/data/DATASETS/WaveFake/jsut_parallel_wavegan/BASIC5000_2626_gen.wav,2
/data/DATASETS/WaveFake/jsut_multi_band_melgan/BASIC5000_2795_gen.wav,1
/data/DATASETS/WaveFake/jsut_parallel_wavegan/BASIC5000_2052_gen.wav,2
/data/DATASETS/WaveFake/jsut_multi_band_melgan/BASIC5000_3115_gen.wav,1
/data/DATASETS/WaveFake/jsut_parallel_wavegan/BASIC5000_1967_gen.wav,2
/data/DATASETS/WaveFake/jsut_multi_band_melgan/BASIC5000_4947_gen.wav,1
/data/DATASETS/WaveFake/jsut_multi_band_melgan/BASIC5000_3008_gen.wav,1
/data/DATASETS/WaveFake/jsut_parallel_wavegan/BASIC5000_2226_gen.wav,2
/data/DATASETS/WaveFake/jsut_multi_band_melgan/BASIC5000_4443_gen.wav,1
/data/DATASETS/WaveFake/jsut_multi_band_melgan/BASIC5000_2595_gen.wav,1
/data/DATASETS/WaveFake/jsut_multi_band_melgan/BASIC5000_3028_gen.wav,1
/data/DATASETS/WaveFake/jsut_multi_band_melgan/BASIC5000_3571_gen.wav,1
/data/DATASETS/WaveFake/jsut_parallel_wavegan/BASIC5000_3519_gen.wav,2
/data/DATASETS/WaveFake/jsut_multi_band_melgan/BASIC5000_3437_gen.wav,1
/data/DATASETS/WaveFake/jsut_parallel_wavegan/BASIC5000_4521_gen.wav,2
/data/DATASETS/WaveFake/jsut_parallel_wavegan/BASIC5000_2010_gen.wav,2
/data/DATASETS/WaveFake/jsut_multi_band_melgan/BASIC5000_1802_gen.wav,1
/data/DATASETS/WaveFake/jsut_parallel_wavegan/BASIC5000_1716_gen.wav,2
/data/DATASETS/WaveFake/jsut_multi_band_melgan/BASIC5000_4502_gen.wav,1
/data/DATASETS/WaveFake/jsut_multi_band_melgan/BASIC5000_1138_gen.wav,1
/data/DATASETS/WaveFake/jsut_multi_band_melgan/BASIC5000_0520_gen.wav,1
/data/DATASETS/WaveFake/jsut_parallel_wavegan/BASIC5000_0985_gen.wav,2
/data/DATASETS/WaveFake/jsut_multi_band_melgan/BASIC5000_1939_gen.wav,1
/data/DATASETS/WaveFake/jsut_parallel_wavegan/BASIC5000_2477_gen.wav,2
/data/DATASETS/WaveFake/jsut_parallel_wavegan/BASIC5000_3429_gen.wav,2
/data/DATASETS/WaveFake/jsut_parallel_wavegan/BASIC5000_4597_gen.wav,2
/data/DATASETS/WaveFake/jsut_parallel_wavegan/BASIC5000_1838_gen.wav,2
/data/DATASETS/WaveFake/jsut_multi_band_melgan/BASIC5000_0091_gen.wav,1
/data/DATASETS/WaveFake/jsut_parallel_wavegan/BASIC5000_2495_gen.wav,2
/data/DATASETS/WaveFake/jsut_multi_band_melgan/BASIC5000_1519_gen.wav,1
/data/DATASETS/WaveFake/jsut_parallel_wavegan/BASIC5000_0966_gen.wav,2
/data/DATASETS/WaveFake/jsut_parallel_wavegan/BASIC5000_2774_gen.wav,2
/data/DATASETS/WaveFake/jsut_parallel_wavegan/BASIC5000_1251_gen.wav,2
/data/DATASETS/WaveFake/jsut_parallel_wavegan/BASIC5000_1812_gen.wav,2
/data/DATASETS/WaveFake/jsut_parallel_wavegan/BASIC5000_0492_gen.wav,2
/data/DATASETS/WaveFake/jsut_parallel_wavegan/BASIC5000_3745_gen.wav,2
/data/DATASETS/WaveFake/jsut_multi_band_melgan/BASIC5000_4824_gen.wav,1
/data/DATASETS/WaveFake/jsut_multi_band_melgan/BASIC5000_3981_gen.wav,1
/data/DATASETS/WaveFake/jsut_parallel_wavegan/BASIC5000_0502_gen.wav,2
/data/DATASETS/WaveFake/jsut_multi_band_melgan/BASIC5000_0330_gen.wav,1
/data/DATASETS/WaveFake/jsut_parallel_wavegan/BASIC5000_4514_gen.wav,2
/data/DATASETS/WaveFake/jsut_multi_band_melgan/BASIC5000_3511_gen.wav,1
/data/DATASETS/WaveFake/jsut_parallel_wavegan/BASIC5000_1094_gen.wav,2
/data/DATASETS/WaveFake/jsut_multi_band_melgan/BASIC5000_1561_gen.wav,1
/data/DATASETS/WaveFake/jsut_parallel_wavegan/BASIC5000_3296_gen.wav,2
/data/DATASETS/WaveFake/jsut_multi_band_melgan/BASIC5000_0428_gen.wav,1
/data/DATASETS/WaveFake/jsut_multi_band_melgan/BASIC5000_4276_gen.wav,1
/data/DATASETS/WaveFake/jsut_parallel_wavegan/BASIC5000_3716_gen.wav,2
/data/DATASETS/WaveFake/jsut_multi_band_melgan/BASIC5000_1912_gen.wav,1
/data/DATASETS/WaveFake/jsut_multi_band_melgan/BASIC5000_3078_gen.wav,1
/data/DATASETS/WaveFake/jsut_multi_band_melgan/BASIC5000_4029_gen.wav,1
/data/DATASETS/WaveFake/jsut_multi_band_melgan/BASIC5000_2362_gen.wav,1
/data/DATASETS/WaveFake/jsut_parallel_wavegan/BASIC5000_3139_gen.wav,2
/data/DATASETS/WaveFake/jsut_parallel_wavegan/BASIC5000_4447_gen.wav,2
/data/DATASETS/WaveFake/jsut_multi_band_melgan/BASIC5000_0624_gen.wav,1
/data/DATASETS/WaveFake/jsut_parallel_wavegan/BASIC5000_4005_gen.wav,2
/data/DATASETS/WaveFake/jsut_parallel_wavegan/BASIC5000_4944_gen.wav,2
/data/DATASETS/WaveFake/jsut_multi_band_melgan/BASIC5000_3534_gen.wav,1
/data/DATASETS/WaveFake/jsut_multi_band_melgan/BASIC5000_2758_gen.wav,1
/data/DATASETS/WaveFake/jsut_multi_band_melgan/BASIC5000_4610_gen.wav,1
/data/DATASETS/WaveFake/jsut_multi_band_melgan/BASIC5000_0636_gen.wav,1
/data/DATASETS/WaveFake/jsut_parallel_wavegan/BASIC5000_0900_gen.wav,2
/data/DATASETS/WaveFake/jsut_parallel_wavegan/BASIC5000_0064_gen.wav,2
/data/DATASETS/WaveFake/jsut_parallel_wavegan/BASIC5000_2972_gen.wav,2
/data/DATASETS/WaveFake/jsut_multi_band_melgan/BASIC5000_0918_gen.wav,1
/data/DATASETS/WaveFake/jsut_multi_band_melgan/BASIC5000_0832_gen.wav,1
/data/DATASETS/WaveFake/jsut_multi_band_melgan/BASIC5000_4647_gen.wav,1
/data/DATASETS/WaveFake/jsut_parallel_wavegan/BASIC5000_3144_gen.wav,2
/data/DATASETS/WaveFake/jsut_parallel_wavegan/BASIC5000_3305_gen.wav,2
/data/DATASETS/WaveFake/jsut_parallel_wavegan/BASIC5000_2402_gen.wav,2
/data/DATASETS/WaveFake/jsut_parallel_wavegan/BASIC5000_3718_gen.wav,2
/data/DATASETS/WaveFake/jsut_multi_band_melgan/BASIC5000_0110_gen.wav,1
/data/DATASETS/WaveFake/jsut_parallel_wavegan/BASIC5000_3247_gen.wav,2
/data/DATASETS/WaveFake/jsut_multi_band_melgan/BASIC5000_0579_gen.wav,1
/data/DATASETS/WaveFake/jsut_multi_band_melgan/BASIC5000_4953_gen.wav,1
/data/DATASETS/WaveFake/jsut_parallel_wavegan/BASIC5000_2787_gen.wav,2
/data/DATASETS/WaveFake/jsut_multi_band_melgan/BASIC5000_4230_gen.wav,1
/data/DATASETS/WaveFake/jsut_multi_band_melgan/BASIC5000_0172_gen.wav,1
/data/DATASETS/WaveFake/jsut_parallel_wavegan/BASIC5000_4997_gen.wav,2
/data/DATASETS/WaveFake/jsut_multi_band_melgan/BASIC5000_4342_gen.wav,1
/data/DATASETS/WaveFake/jsut_parallel_wavegan/BASIC5000_1140_gen.wav,2
/data/DATASETS/WaveFake/jsut_multi_band_melgan/BASIC5000_4473_gen.wav,1
/data/DATASETS/WaveFake/jsut_parallel_wavegan/BASIC5000_2885_gen.wav,2
/data/DATASETS/WaveFake/jsut_parallel_wavegan/BASIC5000_2531_gen.wav,2
/data/DATASETS/WaveFake/jsut_parallel_wavegan/BASIC5000_3672_gen.wav,2
/data/DATASETS/WaveFake/jsut_parallel_wavegan/BASIC5000_2643_gen.wav,2
/data/DATASETS/WaveFake/jsut_parallel_wavegan/BASIC5000_2260_gen.wav,2
/data/DATASETS/WaveFake/jsut_parallel_wavegan/BASIC5000_3457_gen.wav,2
/data/DATASETS/WaveFake/jsut_parallel_wavegan/BASIC5000_4044_gen.wav,2
/data/DATASETS/WaveFake/jsut_multi_band_melgan/BASIC5000_0618_gen.wav,1
/data/DATASETS/WaveFake/jsut_parallel_wavegan/BASIC5000_2955_gen.wav,2
/data/DATASETS/WaveFake/jsut_multi_band_melgan/BASIC5000_1655_gen.wav,1
/data/DATASETS/WaveFake/jsut_parallel_wavegan/BASIC5000_3065_gen.wav,2
/data/DATASETS/WaveFake/jsut_parallel_wavegan/BASIC5000_3763_gen.wav,2
/data/DATASETS/WaveFake/jsut_parallel_wavegan/BASIC5000_1668_gen.wav,2
/data/DATASETS/WaveFake/jsut_multi_band_melgan/BASIC5000_3566_gen.wav,1
/data/DATASETS/WaveFake/jsut_multi_band_melgan/BASIC5000_3597_gen.wav,1
/data/DATASETS/WaveFake/jsut_multi_band_melgan/BASIC5000_1238_gen.wav,1
/data/DATASETS/WaveFake/jsut_parallel_wavegan/BASIC5000_4733_gen.wav,2
/data/DATASETS/WaveFake/jsut_parallel_wavegan/BASIC5000_0138_gen.wav,2
/data/DATASETS/WaveFake/jsut_multi_band_melgan/BASIC5000_2374_gen.wav,1
/data/DATASETS/WaveFake/jsut_multi_band_melgan/BASIC5000_4829_gen.wav,1
/data/DATASETS/WaveFake/jsut_multi_band_melgan/BASIC5000_1720_gen.wav,1
/data/DATASETS/WaveFake/jsut_multi_band_melgan/BASIC5000_3399_gen.wav,1
/data/DATASETS/WaveFake/jsut_multi_band_melgan/BASIC5000_4497_gen.wav,1
/data/DATASETS/WaveFake/jsut_multi_band_melgan/BASIC5000_2886_gen.wav,1
/data/DATASETS/WaveFake/jsut_parallel_wavegan/BASIC5000_2067_gen.wav,2
/data/DATASETS/WaveFake/jsut_multi_band_melgan/BASIC5000_1145_gen.wav,1
/data/DATASETS/WaveFake/jsut_parallel_wavegan/BASIC5000_4973_gen.wav,2
/data/DATASETS/WaveFake/jsut_multi_band_melgan/BASIC5000_3364_gen.wav,1
/data/DATASETS/WaveFake/jsut_parallel_wavegan/BASIC5000_0180_gen.wav,2
/data/DATASETS/WaveFake/jsut_multi_band_melgan/BASIC5000_4476_gen.wav,1
/data/DATASETS/WaveFake/jsut_parallel_wavegan/BASIC5000_1851_gen.wav,2
/data/DATASETS/WaveFake/jsut_parallel_wavegan/BASIC5000_0490_gen.wav,2
/data/DATASETS/WaveFake/jsut_multi_band_melgan/BASIC5000_3956_gen.wav,1
/data/DATASETS/WaveFake/jsut_parallel_wavegan/BASIC5000_4793_gen.wav,2
/data/DATASETS/WaveFake/jsut_multi_band_melgan/BASIC5000_2125_gen.wav,1
/data/DATASETS/WaveFake/jsut_parallel_wavegan/BASIC5000_1964_gen.wav,2
/data/DATASETS/WaveFake/jsut_parallel_wavegan/BASIC5000_1237_gen.wav,2
/data/DATASETS/WaveFake/jsut_multi_band_melgan/BASIC5000_4304_gen.wav,1
/data/DATASETS/WaveFake/jsut_multi_band_melgan/BASIC5000_0605_gen.wav,1
/data/DATASETS/WaveFake/jsut_multi_band_melgan/BASIC5000_3960_gen.wav,1
/data/DATASETS/WaveFake/jsut_multi_band_melgan/BASIC5000_0871_gen.wav,1
/data/DATASETS/WaveFake/jsut_parallel_wavegan/BASIC5000_1775_gen.wav,2
/data/DATASETS/WaveFake/jsut_parallel_wavegan/BASIC5000_3921_gen.wav,2
/data/DATASETS/WaveFake/jsut_parallel_wavegan/BASIC5000_0258_gen.wav,2
/data/DATASETS/WaveFake/jsut_parallel_wavegan/BASIC5000_0964_gen.wav,2
/data/DATASETS/WaveFake/jsut_multi_band_melgan/BASIC5000_0268_gen.wav,1
/data/DATASETS/WaveFake/jsut_parallel_wavegan/BASIC5000_4097_gen.wav,2
/data/DATASETS/WaveFake/jsut_parallel_wavegan/BASIC5000_2038_gen.wav,2
/data/DATASETS/WaveFake/jsut_multi_band_melgan/BASIC5000_1665_gen.wav,1
/data/DATASETS/WaveFake/jsut_parallel_wavegan/BASIC5000_3428_gen.wav,2
/data/DATASETS/WaveFake/jsut_multi_band_melgan/BASIC5000_0078_gen.wav,1
/data/DATASETS/WaveFake/jsut_parallel_wavegan/BASIC5000_0678_gen.wav,2
/data/DATASETS/WaveFake/jsut_multi_band_melgan/BASIC5000_0466_gen.wav,1
/data/DATASETS/WaveFake/jsut_multi_band_melgan/BASIC5000_2249_gen.wav,1
/data/DATASETS/WaveFake/jsut_parallel_wavegan/BASIC5000_2209_gen.wav,2
/data/DATASETS/WaveFake/jsut_multi_band_melgan/BASIC5000_2253_gen.wav,1
/data/DATASETS/WaveFake/jsut_multi_band_melgan/BASIC5000_2387_gen.wav,1
/data/DATASETS/WaveFake/jsut_parallel_wavegan/BASIC5000_0590_gen.wav,2
/data/DATASETS/WaveFake/jsut_parallel_wavegan/BASIC5000_1164_gen.wav,2
/data/DATASETS/WaveFake/jsut_multi_band_melgan/BASIC5000_1732_gen.wav,1
/data/DATASETS/WaveFake/jsut_multi_band_melgan/BASIC5000_0981_gen.wav,1
/data/DATASETS/WaveFake/jsut_multi_band_melgan/BASIC5000_2485_gen.wav,1
/data/DATASETS/WaveFake/jsut_parallel_wavegan/BASIC5000_1457_gen.wav,2
/data/DATASETS/WaveFake/jsut_parallel_wavegan/BASIC5000_3980_gen.wav,2
/data/DATASETS/WaveFake/jsut_multi_band_melgan/BASIC5000_0058_gen.wav,1
/data/DATASETS/WaveFake/jsut_multi_band_melgan/BASIC5000_2101_gen.wav,1
/data/DATASETS/WaveFake/jsut_multi_band_melgan/BASIC5000_3047_gen.wav,1
/data/DATASETS/WaveFake/jsut_parallel_wavegan/BASIC5000_2639_gen.wav,2
/data/DATASETS/WaveFake/jsut_parallel_wavegan/BASIC5000_4307_gen.wav,2
/data/DATASETS/WaveFake/jsut_multi_band_melgan/BASIC5000_2133_gen.wav,1
/data/DATASETS/WaveFake/jsut_multi_band_melgan/BASIC5000_1296_gen.wav,1
/data/DATASETS/WaveFake/jsut_multi_band_melgan/BASIC5000_4013_gen.wav,1
/data/DATASETS/WaveFake/jsut_parallel_wavegan/BASIC5000_0642_gen.wav,2
/data/DATASETS/WaveFake/jsut_parallel_wavegan/BASIC5000_0035_gen.wav,2
/data/DATASETS/WaveFake/jsut_multi_band_melgan/BASIC5000_0459_gen.wav,1
/data/DATASETS/WaveFake/jsut_parallel_wavegan/BASIC5000_4235_gen.wav,2
/data/DATASETS/WaveFake/jsut_multi_band_melgan/BASIC5000_1159_gen.wav,1
/data/DATASETS/WaveFake/jsut_multi_band_melgan/BASIC5000_0705_gen.wav,1
/data/DATASETS/WaveFake/jsut_parallel_wavegan/BASIC5000_4731_gen.wav,2
/data/DATASETS/WaveFake/jsut_parallel_wavegan/BASIC5000_0221_gen.wav,2
/data/DATASETS/WaveFake/jsut_multi_band_melgan/BASIC5000_3971_gen.wav,1
/data/DATASETS/WaveFake/jsut_multi_band_melgan/BASIC5000_4986_gen.wav,1
/data/DATASETS/WaveFake/jsut_parallel_wavegan/BASIC5000_2446_gen.wav,2
/data/DATASETS/WaveFake/jsut_multi_band_melgan/BASIC5000_1249_gen.wav,1
/data/DATASETS/WaveFake/jsut_parallel_wavegan/BASIC5000_2887_gen.wav,2
/data/DATASETS/WaveFake/jsut_parallel_wavegan/BASIC5000_4087_gen.wav,2
/data/DATASETS/WaveFake/jsut_multi_band_melgan/BASIC5000_3668_gen.wav,1
/data/DATASETS/WaveFake/jsut_multi_band_melgan/BASIC5000_0297_gen.wav,1
/data/DATASETS/WaveFake/jsut_multi_band_melgan/BASIC5000_4168_gen.wav,1
/data/DATASETS/WaveFake/jsut_parallel_wavegan/BASIC5000_3810_gen.wav,2
/data/DATASETS/WaveFake/jsut_parallel_wavegan/BASIC5000_1290_gen.wav,2
/data/DATASETS/WaveFake/jsut_multi_band_melgan/BASIC5000_1883_gen.wav,1
/data/DATASETS/WaveFake/jsut_parallel_wavegan/BASIC5000_1975_gen.wav,2
/data/DATASETS/WaveFake/jsut_multi_band_melgan/BASIC5000_4124_gen.wav,1
/data/DATASETS/WaveFake/jsut_parallel_wavegan/BASIC5000_2184_gen.wav,2
/data/DATASETS/WaveFake/jsut_multi_band_melgan/BASIC5000_0175_gen.wav,1
/data/DATASETS/WaveFake/jsut_parallel_wavegan/BASIC5000_1399_gen.wav,2
/data/DATASETS/WaveFake/jsut_multi_band_melgan/BASIC5000_2793_gen.wav,1
/data/DATASETS/WaveFake/jsut_multi_band_melgan/BASIC5000_2295_gen.wav,1
/data/DATASETS/WaveFake/jsut_multi_band_melgan/BASIC5000_0978_gen.wav,1
/data/DATASETS/WaveFake/jsut_multi_band_melgan/BASIC5000_0696_gen.wav,1
/data/DATASETS/WaveFake/jsut_parallel_wavegan/BASIC5000_0427_gen.wav,2
/data/DATASETS/WaveFake/jsut_multi_band_melgan/BASIC5000_4292_gen.wav,1
/data/DATASETS/WaveFake/jsut_parallel_wavegan/BASIC5000_4448_gen.wav,2
/data/DATASETS/WaveFake/jsut_multi_band_melgan/BASIC5000_3230_gen.wav,1
/data/DATASETS/WaveFake/jsut_multi_band_melgan/BASIC5000_1011_gen.wav,1
/data/DATASETS/WaveFake/jsut_multi_band_melgan/BASIC5000_3303_gen.wav,1
/data/DATASETS/WaveFake/jsut_multi_band_melgan/BASIC5000_0513_gen.wav,1
/data/DATASETS/WaveFake/jsut_multi_band_melgan/BASIC5000_4314_gen.wav,1
/data/DATASETS/WaveFake/jsut_parallel_wavegan/BASIC5000_1793_gen.wav,2
/data/DATASETS/WaveFake/jsut_parallel_wavegan/BASIC5000_0620_gen.wav,2
/data/DATASETS/WaveFake/jsut_parallel_wavegan/BASIC5000_2134_gen.wav,2
/data/DATASETS/WaveFake/jsut_parallel_wavegan/BASIC5000_0315_gen.wav,2
/data/DATASETS/WaveFake/jsut_parallel_wavegan/BASIC5000_2339_gen.wav,2
/data/DATASETS/WaveFake/jsut_parallel_wavegan/BASIC5000_1495_gen.wav,2
/data/DATASETS/WaveFake/jsut_parallel_wavegan/BASIC5000_0343_gen.wav,2
/data/DATASETS/WaveFake/jsut_parallel_wavegan/BASIC5000_3249_gen.wav,2
/data/DATASETS/WaveFake/jsut_multi_band_melgan/BASIC5000_4075_gen.wav,1
/data/DATASETS/WaveFake/jsut_parallel_wavegan/BASIC5000_1605_gen.wav,2
/data/DATASETS/WaveFake/jsut_multi_band_melgan/BASIC5000_0737_gen.wav,1
/data/DATASETS/WaveFake/jsut_parallel_wavegan/BASIC5000_3644_gen.wav,2
/data/DATASETS/WaveFake/jsut_multi_band_melgan/BASIC5000_3974_gen.wav,1
/data/DATASETS/WaveFake/jsut_parallel_wavegan/BASIC5000_3126_gen.wav,2
/data/DATASETS/WaveFake/jsut_multi_band_melgan/BASIC5000_0156_gen.wav,1
/data/DATASETS/WaveFake/jsut_parallel_wavegan/BASIC5000_3180_gen.wav,2
/data/DATASETS/WaveFake/jsut_multi_band_melgan/BASIC5000_1586_gen.wav,1
/data/DATASETS/WaveFake/jsut_multi_band_melgan/BASIC5000_2348_gen.wav,1
/data/DATASETS/WaveFake/jsut_multi_band_melgan/BASIC5000_4880_gen.wav,1
/data/DATASETS/WaveFake/jsut_parallel_wavegan/BASIC5000_0168_gen.wav,2
/data/DATASETS/WaveFake/jsut_parallel_wavegan/BASIC5000_2286_gen.wav,2
/data/DATASETS/WaveFake/jsut_parallel_wavegan/BASIC5000_1849_gen.wav,2
/data/DATASETS/WaveFake/jsut_multi_band_melgan/BASIC5000_1380_gen.wav,1
/data/DATASETS/WaveFake/jsut_parallel_wavegan/BASIC5000_4681_gen.wav,2
/data/DATASETS/WaveFake/jsut_multi_band_melgan/BASIC5000_2386_gen.wav,1
/data/DATASETS/WaveFake/jsut_parallel_wavegan/BASIC5000_4505_gen.wav,2
/data/DATASETS/WaveFake/jsut_parallel_wavegan/BASIC5000_0363_gen.wav,2
/data/DATASETS/WaveFake/jsut_parallel_wavegan/BASIC5000_3344_gen.wav,2
/data/DATASETS/WaveFake/jsut_parallel_wavegan/BASIC5000_0930_gen.wav,2
/data/DATASETS/WaveFake/jsut_parallel_wavegan/BASIC5000_1159_gen.wav,2
/data/DATASETS/WaveFake/jsut_parallel_wavegan/BASIC5000_2663_gen.wav,2
/data/DATASETS/WaveFake/jsut_multi_band_melgan/BASIC5000_0576_gen.wav,1
/data/DATASETS/WaveFake/jsut_multi_band_melgan/BASIC5000_1134_gen.wav,1
/data/DATASETS/WaveFake/jsut_parallel_wavegan/BASIC5000_3467_gen.wav,2
/data/DATASETS/WaveFake/jsut_parallel_wavegan/BASIC5000_0846_gen.wav,2
/data/DATASETS/WaveFake/jsut_multi_band_melgan/BASIC5000_1417_gen.wav,1
/data/DATASETS/WaveFake/jsut_multi_band_melgan/BASIC5000_1409_gen.wav,1
/data/DATASETS/WaveFake/jsut_multi_band_melgan/BASIC5000_2967_gen.wav,1
/data/DATASETS/WaveFake/jsut_multi_band_melgan/BASIC5000_2584_gen.wav,1
/data/DATASETS/WaveFake/jsut_parallel_wavegan/BASIC5000_3758_gen.wav,2
/data/DATASETS/WaveFake/jsut_multi_band_melgan/BASIC5000_0447_gen.wav,1
/data/DATASETS/WaveFake/jsut_multi_band_melgan/BASIC5000_0370_gen.wav,1
/data/DATASETS/WaveFake/jsut_multi_band_melgan/BASIC5000_3679_gen.wav,1
/data/DATASETS/WaveFake/jsut_parallel_wavegan/BASIC5000_4117_gen.wav,2
/data/DATASETS/WaveFake/jsut_parallel_wavegan/BASIC5000_0817_gen.wav,2
/data/DATASETS/WaveFake/jsut_multi_band_melgan/BASIC5000_0496_gen.wav,1
/data/DATASETS/WaveFake/jsut_parallel_wavegan/BASIC5000_0030_gen.wav,2
/data/DATASETS/WaveFake/jsut_multi_band_melgan/BASIC5000_3207_gen.wav,1
/data/DATASETS/WaveFake/jsut_multi_band_melgan/BASIC5000_1012_gen.wav,1
/data/DATASETS/WaveFake/jsut_multi_band_melgan/BASIC5000_1537_gen.wav,1
/data/DATASETS/WaveFake/jsut_parallel_wavegan/BASIC5000_2473_gen.wav,2
/data/DATASETS/WaveFake/jsut_multi_band_melgan/BASIC5000_0481_gen.wav,1
/data/DATASETS/WaveFake/jsut_multi_band_melgan/BASIC5000_0814_gen.wav,1
/data/DATASETS/WaveFake/jsut_multi_band_melgan/BASIC5000_4547_gen.wav,1
/data/DATASETS/WaveFake/jsut_multi_band_melgan/BASIC5000_2019_gen.wav,1
/data/DATASETS/WaveFake/jsut_multi_band_melgan/BASIC5000_3915_gen.wav,1
/data/DATASETS/WaveFake/jsut_parallel_wavegan/BASIC5000_1336_gen.wav,2
/data/DATASETS/WaveFake/jsut_multi_band_melgan/BASIC5000_0394_gen.wav,1
/data/DATASETS/WaveFake/jsut_parallel_wavegan/BASIC5000_4180_gen.wav,2
/data/DATASETS/WaveFake/jsut_parallel_wavegan/BASIC5000_3281_gen.wav,2
/data/DATASETS/WaveFake/jsut_multi_band_melgan/BASIC5000_1041_gen.wav,1
/data/DATASETS/WaveFake/jsut_parallel_wavegan/BASIC5000_4191_gen.wav,2
/data/DATASETS/WaveFake/jsut_multi_band_melgan/BASIC5000_2645_gen.wav,1
/data/DATASETS/WaveFake/jsut_parallel_wavegan/BASIC5000_1053_gen.wav,2
/data/DATASETS/WaveFake/jsut_multi_band_melgan/BASIC5000_2816_gen.wav,1
/data/DATASETS/WaveFake/jsut_multi_band_melgan/BASIC5000_3817_gen.wav,1
/data/DATASETS/WaveFake/jsut_multi_band_melgan/BASIC5000_2346_gen.wav,1
/data/DATASETS/WaveFake/jsut_multi_band_melgan/BASIC5000_1087_gen.wav,1
/data/DATASETS/WaveFake/jsut_multi_band_melgan/BASIC5000_0208_gen.wav,1
/data/DATASETS/WaveFake/jsut_parallel_wavegan/BASIC5000_4993_gen.wav,2
/data/DATASETS/WaveFake/jsut_parallel_wavegan/BASIC5000_3165_gen.wav,2
/data/DATASETS/WaveFake/jsut_multi_band_melgan/BASIC5000_3413_gen.wav,1
/data/DATASETS/WaveFake/jsut_parallel_wavegan/BASIC5000_4669_gen.wav,2
/data/DATASETS/WaveFake/jsut_parallel_wavegan/BASIC5000_0729_gen.wav,2
/data/DATASETS/WaveFake/jsut_parallel_wavegan/BASIC5000_2779_gen.wav,2
/data/DATASETS/WaveFake/jsut_multi_band_melgan/BASIC5000_1279_gen.wav,1
/data/DATASETS/WaveFake/jsut_multi_band_melgan/BASIC5000_2248_gen.wav,1
/data/DATASETS/WaveFake/jsut_parallel_wavegan/BASIC5000_2055_gen.wav,2
/data/DATASETS/WaveFake/jsut_multi_band_melgan/BASIC5000_4217_gen.wav,1
/data/DATASETS/WaveFake/jsut_multi_band_melgan/BASIC5000_4081_gen.wav,1
/data/DATASETS/WaveFake/jsut_parallel_wavegan/BASIC5000_2799_gen.wav,2
/data/DATASETS/WaveFake/jsut_multi_band_melgan/BASIC5000_4108_gen.wav,1
/data/DATASETS/WaveFake/jsut_multi_band_melgan/BASIC5000_2244_gen.wav,1
/data/DATASETS/WaveFake/jsut_parallel_wavegan/BASIC5000_4957_gen.wav,2
/data/DATASETS/WaveFake/jsut_multi_band_melgan/BASIC5000_4525_gen.wav,1
/data/DATASETS/WaveFake/jsut_parallel_wavegan/BASIC5000_1026_gen.wav,2
/data/DATASETS/WaveFake/jsut_parallel_wavegan/BASIC5000_4823_gen.wav,2
/data/DATASETS/WaveFake/jsut_parallel_wavegan/BASIC5000_4078_gen.wav,2
/data/DATASETS/WaveFake/jsut_parallel_wavegan/BASIC5000_2409_gen.wav,2
/data/DATASETS/WaveFake/jsut_multi_band_melgan/BASIC5000_2874_gen.wav,1
/data/DATASETS/WaveFake/jsut_parallel_wavegan/BASIC5000_3869_gen.wav,2
/data/DATASETS/WaveFake/jsut_parallel_wavegan/BASIC5000_3737_gen.wav,2
/data/DATASETS/WaveFake/jsut_multi_band_melgan/BASIC5000_0206_gen.wav,1
/data/DATASETS/WaveFake/jsut_multi_band_melgan/BASIC5000_1560_gen.wav,1
/data/DATASETS/WaveFake/jsut_multi_band_melgan/BASIC5000_1415_gen.wav,1
/data/DATASETS/WaveFake/jsut_multi_band_melgan/BASIC5000_1915_gen.wav,1
/data/DATASETS/WaveFake/jsut_multi_band_melgan/BASIC5000_2517_gen.wav,1
/data/DATASETS/WaveFake/jsut_multi_band_melgan/BASIC5000_3434_gen.wav,1
/data/DATASETS/WaveFake/jsut_multi_band_melgan/BASIC5000_1190_gen.wav,1
/data/DATASETS/WaveFake/jsut_parallel_wavegan/BASIC5000_0941_gen.wav,2
/data/DATASETS/WaveFake/jsut_multi_band_melgan/BASIC5000_1330_gen.wav,1
/data/DATASETS/WaveFake/jsut_multi_band_melgan/BASIC5000_0214_gen.wav,1
/data/DATASETS/WaveFake/jsut_parallel_wavegan/BASIC5000_4041_gen.wav,2
/data/DATASETS/WaveFake/jsut_parallel_wavegan/BASIC5000_4998_gen.wav,2
/data/DATASETS/WaveFake/jsut_parallel_wavegan/BASIC5000_4140_gen.wav,2
/data/DATASETS/WaveFake/jsut_multi_band_melgan/BASIC5000_3848_gen.wav,1
/data/DATASETS/WaveFake/jsut_parallel_wavegan/BASIC5000_4349_gen.wav,2
/data/DATASETS/WaveFake/jsut_multi_band_melgan/BASIC5000_3879_gen.wav,1
/data/DATASETS/WaveFake/jsut_parallel_wavegan/BASIC5000_2720_gen.wav,2
/data/DATASETS/WaveFake/jsut_parallel_wavegan/BASIC5000_1169_gen.wav,2
/data/DATASETS/WaveFake/jsut_multi_band_melgan/BASIC5000_2831_gen.wav,1
/data/DATASETS/WaveFake/jsut_multi_band_melgan/BASIC5000_0010_gen.wav,1
/data/DATASETS/WaveFake/jsut_multi_band_melgan/BASIC5000_0183_gen.wav,1
/data/DATASETS/WaveFake/jsut_multi_band_melgan/BASIC5000_1875_gen.wav,1
/data/DATASETS/WaveFake/jsut_parallel_wavegan/BASIC5000_1326_gen.wav,2
/data/DATASETS/WaveFake/jsut_parallel_wavegan/BASIC5000_2853_gen.wav,2
/data/DATASETS/WaveFake/jsut_multi_band_melgan/BASIC5000_3478_gen.wav,1
/data/DATASETS/WaveFake/jsut_parallel_wavegan/BASIC5000_0163_gen.wav,2
/data/DATASETS/WaveFake/jsut_multi_band_melgan/BASIC5000_4042_gen.wav,1
/data/DATASETS/WaveFake/jsut_parallel_wavegan/BASIC5000_1206_gen.wav,2
/data/DATASETS/WaveFake/jsut_parallel_wavegan/BASIC5000_1744_gen.wav,2
/data/DATASETS/WaveFake/jsut_parallel_wavegan/BASIC5000_2132_gen.wav,2
/data/DATASETS/WaveFake/jsut_multi_band_melgan/BASIC5000_3361_gen.wav,1
/data/DATASETS/WaveFake/jsut_parallel_wavegan/BASIC5000_0980_gen.wav,2
/data/DATASETS/WaveFake/jsut_multi_band_melgan/BASIC5000_3241_gen.wav,1
/data/DATASETS/WaveFake/jsut_multi_band_melgan/BASIC5000_2066_gen.wav,1
/data/DATASETS/WaveFake/jsut_parallel_wavegan/BASIC5000_1041_gen.wav,2
/data/DATASETS/WaveFake/jsut_multi_band_melgan/BASIC5000_2406_gen.wav,1
/data/DATASETS/WaveFake/jsut_multi_band_melgan/BASIC5000_4023_gen.wav,1
/data/DATASETS/WaveFake/jsut_parallel_wavegan/BASIC5000_1764_gen.wav,2
/data/DATASETS/WaveFake/jsut_parallel_wavegan/BASIC5000_2107_gen.wav,2
/data/DATASETS/WaveFake/jsut_parallel_wavegan/BASIC5000_0581_gen.wav,2
/data/DATASETS/WaveFake/jsut_multi_band_melgan/BASIC5000_2052_gen.wav,1
/data/DATASETS/WaveFake/jsut_multi_band_melgan/BASIC5000_2094_gen.wav,1
/data/DATASETS/WaveFake/jsut_multi_band_melgan/BASIC5000_0489_gen.wav,1
/data/DATASETS/WaveFake/jsut_parallel_wavegan/BASIC5000_2385_gen.wav,2
/data/DATASETS/WaveFake/jsut_parallel_wavegan/BASIC5000_2033_gen.wav,2
/data/DATASETS/WaveFake/jsut_parallel_wavegan/BASIC5000_4110_gen.wav,2
/data/DATASETS/WaveFake/jsut_multi_band_melgan/BASIC5000_3962_gen.wav,1
/data/DATASETS/WaveFake/jsut_parallel_wavegan/BASIC5000_1677_gen.wav,2
/data/DATASETS/WaveFake/jsut_parallel_wavegan/BASIC5000_0478_gen.wav,2
/data/DATASETS/WaveFake/jsut_multi_band_melgan/BASIC5000_2632_gen.wav,1
/data/DATASETS/WaveFake/jsut_multi_band_melgan/BASIC5000_3117_gen.wav,1
/data/DATASETS/WaveFake/jsut_multi_band_melgan/BASIC5000_2202_gen.wav,1
/data/DATASETS/WaveFake/jsut_parallel_wavegan/BASIC5000_0401_gen.wav,2
/data/DATASETS/WaveFake/jsut_parallel_wavegan/BASIC5000_4765_gen.wav,2
/data/DATASETS/WaveFake/jsut_parallel_wavegan/BASIC5000_4021_gen.wav,2
/data/DATASETS/WaveFake/jsut_multi_band_melgan/BASIC5000_1468_gen.wav,1
/data/DATASETS/WaveFake/jsut_multi_band_melgan/BASIC5000_2356_gen.wav,1
/data/DATASETS/WaveFake/jsut_multi_band_melgan/BASIC5000_1002_gen.wav,1
/data/DATASETS/WaveFake/jsut_multi_band_melgan/BASIC5000_0864_gen.wav,1
/data/DATASETS/WaveFake/jsut_multi_band_melgan/BASIC5000_3683_gen.wav,1
/data/DATASETS/WaveFake/jsut_multi_band_melgan/BASIC5000_2672_gen.wav,1
/data/DATASETS/WaveFake/jsut_parallel_wavegan/BASIC5000_1620_gen.wav,2
/data/DATASETS/WaveFake/jsut_parallel_wavegan/BASIC5000_1939_gen.wav,2
/data/DATASETS/WaveFake/jsut_multi_band_melgan/BASIC5000_4615_gen.wav,1
/data/DATASETS/WaveFake/jsut_parallel_wavegan/BASIC5000_0299_gen.wav,2
/data/DATASETS/WaveFake/jsut_parallel_wavegan/BASIC5000_0939_gen.wav,2
/data/DATASETS/WaveFake/jsut_parallel_wavegan/BASIC5000_0359_gen.wav,2
/data/DATASETS/WaveFake/jsut_multi_band_melgan/BASIC5000_4789_gen.wav,1
/data/DATASETS/WaveFake/jsut_multi_band_melgan/BASIC5000_2234_gen.wav,1
/data/DATASETS/WaveFake/jsut_multi_band_melgan/BASIC5000_0974_gen.wav,1
/data/DATASETS/WaveFake/jsut_parallel_wavegan/BASIC5000_4742_gen.wav,2
/data/DATASETS/WaveFake/jsut_multi_band_melgan/BASIC5000_4111_gen.wav,1
/data/DATASETS/WaveFake/jsut_multi_band_melgan/BASIC5000_2568_gen.wav,1
/data/DATASETS/WaveFake/jsut_parallel_wavegan/BASIC5000_1180_gen.wav,2
/data/DATASETS/WaveFake/jsut_multi_band_melgan/BASIC5000_1971_gen.wav,1
/data/DATASETS/WaveFake/jsut_parallel_wavegan/BASIC5000_0286_gen.wav,2
/data/DATASETS/WaveFake/jsut_multi_band_melgan/BASIC5000_2593_gen.wav,1
/data/DATASETS/WaveFake/jsut_parallel_wavegan/BASIC5000_3205_gen.wav,2
/data/DATASETS/WaveFake/jsut_parallel_wavegan/BASIC5000_4989_gen.wav,2
/data/DATASETS/WaveFake/jsut_parallel_wavegan/BASIC5000_3540_gen.wav,2
/data/DATASETS/WaveFake/jsut_multi_band_melgan/BASIC5000_0837_gen.wav,1
/data/DATASETS/WaveFake/jsut_multi_band_melgan/BASIC5000_2305_gen.wav,1
/data/DATASETS/WaveFake/jsut_multi_band_melgan/BASIC5000_0225_gen.wav,1
/data/DATASETS/WaveFake/jsut_multi_band_melgan/BASIC5000_1608_gen.wav,1
/data/DATASETS/WaveFake/jsut_parallel_wavegan/BASIC5000_3054_gen.wav,2
/data/DATASETS/WaveFake/jsut_multi_band_melgan/BASIC5000_0896_gen.wav,1
/data/DATASETS/WaveFake/jsut_parallel_wavegan/BASIC5000_4039_gen.wav,2
/data/DATASETS/WaveFake/jsut_multi_band_melgan/BASIC5000_2484_gen.wav,1
/data/DATASETS/WaveFake/jsut_parallel_wavegan/BASIC5000_2681_gen.wav,2
/data/DATASETS/WaveFake/jsut_multi_band_melgan/BASIC5000_2709_gen.wav,1
/data/DATASETS/WaveFake/jsut_parallel_wavegan/BASIC5000_3746_gen.wav,2
/data/DATASETS/WaveFake/jsut_parallel_wavegan/BASIC5000_0556_gen.wav,2
/data/DATASETS/WaveFake/jsut_multi_band_melgan/BASIC5000_4353_gen.wav,1
/data/DATASETS/WaveFake/jsut_multi_band_melgan/BASIC5000_1356_gen.wav,1
/data/DATASETS/WaveFake/jsut_parallel_wavegan/BASIC5000_3133_gen.wav,2
/data/DATASETS/WaveFake/jsut_parallel_wavegan/BASIC5000_2707_gen.wav,2
/data/DATASETS/WaveFake/jsut_parallel_wavegan/BASIC5000_3031_gen.wav,2
/data/DATASETS/WaveFake/jsut_multi_band_melgan/BASIC5000_1762_gen.wav,1
/data/DATASETS/WaveFake/jsut_multi_band_melgan/BASIC5000_4990_gen.wav,1
/data/DATASETS/WaveFake/jsut_multi_band_melgan/BASIC5000_2251_gen.wav,1
/data/DATASETS/WaveFake/jsut_multi_band_melgan/BASIC5000_4117_gen.wav,1
/data/DATASETS/WaveFake/jsut_parallel_wavegan/BASIC5000_4054_gen.wav,2
/data/DATASETS/WaveFake/jsut_parallel_wavegan/BASIC5000_3882_gen.wav,2
/data/DATASETS/WaveFake/jsut_multi_band_melgan/BASIC5000_2207_gen.wav,1
/data/DATASETS/WaveFake/jsut_parallel_wavegan/BASIC5000_4881_gen.wav,2
/data/DATASETS/WaveFake/jsut_parallel_wavegan/BASIC5000_3294_gen.wav,2
/data/DATASETS/WaveFake/jsut_multi_band_melgan/BASIC5000_1833_gen.wav,1
/data/DATASETS/WaveFake/jsut_parallel_wavegan/BASIC5000_3531_gen.wav,2
/data/DATASETS/WaveFake/jsut_multi_band_melgan/BASIC5000_4368_gen.wav,1
/data/DATASETS/WaveFake/jsut_parallel_wavegan/BASIC5000_4668_gen.wav,2
/data/DATASETS/WaveFake/jsut_parallel_wavegan/BASIC5000_4114_gen.wav,2
/data/DATASETS/WaveFake/jsut_parallel_wavegan/BASIC5000_2059_gen.wav,2
/data/DATASETS/WaveFake/jsut_multi_band_melgan/BASIC5000_4172_gen.wav,1
/data/DATASETS/WaveFake/jsut_parallel_wavegan/BASIC5000_0223_gen.wav,2
/data/DATASETS/WaveFake/jsut_multi_band_melgan/BASIC5000_3154_gen.wav,1
/data/DATASETS/WaveFake/jsut_multi_band_melgan/BASIC5000_2453_gen.wav,1
/data/DATASETS/WaveFake/jsut_multi_band_melgan/BASIC5000_0374_gen.wav,1
/data/DATASETS/WaveFake/jsut_parallel_wavegan/BASIC5000_0931_gen.wav,2
/data/DATASETS/WaveFake/jsut_parallel_wavegan/BASIC5000_3055_gen.wav,2
/data/DATASETS/WaveFake/jsut_parallel_wavegan/BASIC5000_3640_gen.wav,2
/data/DATASETS/WaveFake/jsut_parallel_wavegan/BASIC5000_3461_gen.wav,2
/data/DATASETS/WaveFake/jsut_parallel_wavegan/BASIC5000_2689_gen.wav,2
/data/DATASETS/WaveFake/jsut_multi_band_melgan/BASIC5000_4483_gen.wav,1
/data/DATASETS/WaveFake/jsut_parallel_wavegan/BASIC5000_2368_gen.wav,2
/data/DATASETS/WaveFake/jsut_multi_band_melgan/BASIC5000_3837_gen.wav,1
/data/DATASETS/WaveFake/jsut_multi_band_melgan/BASIC5000_1353_gen.wav,1
/data/DATASETS/WaveFake/jsut_parallel_wavegan/BASIC5000_0631_gen.wav,2
/data/DATASETS/WaveFake/jsut_parallel_wavegan/BASIC5000_4396_gen.wav,2
/data/DATASETS/WaveFake/jsut_parallel_wavegan/BASIC5000_2125_gen.wav,2
