path,label
/data/DATASETS/ASV_Spoof_2019_LA/ASVspoof2019_LA_eval/flac/LA_E_1000273.flac,15
/data/DATASETS/ASV_Spoof_2019_LA/ASVspoof2019_LA_eval/flac/LA_E_1002802.flac,15
/data/DATASETS/ASV_Spoof_2019_LA/ASVspoof2019_LA_eval/flac/LA_E_1002990.flac,15
/data/DATASETS/ASV_Spoof_2019_LA/ASVspoof2019_LA_eval/flac/LA_E_1003228.flac,15
/data/DATASETS/ASV_Spoof_2019_LA/ASVspoof2019_LA_eval/flac/LA_E_1004067.flac,15
/data/DATASETS/ASV_Spoof_2019_LA/ASVspoof2019_LA_eval/flac/LA_E_1006883.flac,15
/data/DATASETS/ASV_Spoof_2019_LA/ASVspoof2019_LA_eval/flac/LA_E_1008240.flac,15
/data/DATASETS/ASV_Spoof_2019_LA/ASVspoof2019_LA_eval/flac/LA_E_1012597.flac,15
/data/DATASETS/ASV_Spoof_2019_LA/ASVspoof2019_LA_eval/flac/LA_E_1014016.flac,15
/data/DATASETS/ASV_Spoof_2019_LA/ASVspoof2019_LA_eval/flac/LA_E_1019441.flac,15
/data/DATASETS/ASV_Spoof_2019_LA/ASVspoof2019_LA_eval/flac/LA_E_1021659.flac,15
/data/DATASETS/ASV_Spoof_2019_LA/ASVspoof2019_LA_eval/flac/LA_E_1022956.flac,15
/data/DATASETS/ASV_Spoof_2019_LA/ASVspoof2019_LA_eval/flac/LA_E_1023406.flac,15
/data/DATASETS/ASV_Spoof_2019_LA/ASVspoof2019_LA_eval/flac/LA_E_1023930.flac,15
/data/DATASETS/ASV_Spoof_2019_LA/ASVspoof2019_LA_eval/flac/LA_E_1026560.flac,15
/data/DATASETS/ASV_Spoof_2019_LA/ASVspoof2019_LA_eval/flac/LA_E_1027501.flac,15
/data/DATASETS/ASV_Spoof_2019_LA/ASVspoof2019_LA_eval/flac/LA_E_1028077.flac,15
/data/DATASETS/ASV_Spoof_2019_LA/ASVspoof2019_LA_eval/flac/LA_E_1033624.flac,15
/data/DATASETS/ASV_Spoof_2019_LA/ASVspoof2019_LA_eval/flac/LA_E_1034162.flac,15
/data/DATASETS/ASV_Spoof_2019_LA/ASVspoof2019_LA_eval/flac/LA_E_1035334.flac,15
/data/DATASETS/ASV_Spoof_2019_LA/ASVspoof2019_LA_eval/flac/LA_E_1035785.flac,15
/data/DATASETS/ASV_Spoof_2019_LA/ASVspoof2019_LA_eval/flac/LA_E_1037975.flac,15
/data/DATASETS/ASV_Spoof_2019_LA/ASVspoof2019_LA_eval/flac/LA_E_1040666.flac,15
/data/DATASETS/ASV_Spoof_2019_LA/ASVspoof2019_LA_eval/flac/LA_E_1040774.flac,15
/data/DATASETS/ASV_Spoof_2019_LA/ASVspoof2019_LA_eval/flac/LA_E_1040966.flac,15
/data/DATASETS/ASV_Spoof_2019_LA/ASVspoof2019_LA_eval/flac/LA_E_1043881.flac,15
/data/DATASETS/ASV_Spoof_2019_LA/ASVspoof2019_LA_eval/flac/LA_E_1046050.flac,15
/data/DATASETS/ASV_Spoof_2019_LA/ASVspoof2019_LA_eval/flac/LA_E_1046725.flac,15
/data/DATASETS/ASV_Spoof_2019_LA/ASVspoof2019_LA_eval/flac/LA_E_1047463.flac,15
/data/DATASETS/ASV_Spoof_2019_LA/ASVspoof2019_LA_eval/flac/LA_E_1048645.flac,15
/data/DATASETS/ASV_Spoof_2019_LA/ASVspoof2019_LA_eval/flac/LA_E_1050751.flac,15
/data/DATASETS/ASV_Spoof_2019_LA/ASVspoof2019_LA_eval/flac/LA_E_1051266.flac,15
/data/DATASETS/ASV_Spoof_2019_LA/ASVspoof2019_LA_eval/flac/LA_E_1054656.flac,15
/data/DATASETS/ASV_Spoof_2019_LA/ASVspoof2019_LA_eval/flac/LA_E_1055805.flac,15
/data/DATASETS/ASV_Spoof_2019_LA/ASVspoof2019_LA_eval/flac/LA_E_1057946.flac,15
/data/DATASETS/ASV_Spoof_2019_LA/ASVspoof2019_LA_eval/flac/LA_E_1059523.flac,15
/data/DATASETS/ASV_Spoof_2019_LA/ASVspoof2019_LA_eval/flac/LA_E_1063217.flac,15
/data/DATASETS/ASV_Spoof_2019_LA/ASVspoof2019_LA_eval/flac/LA_E_1063267.flac,15
/data/DATASETS/ASV_Spoof_2019_LA/ASVspoof2019_LA_eval/flac/LA_E_1064839.flac,15
/data/DATASETS/ASV_Spoof_2019_LA/ASVspoof2019_LA_eval/flac/LA_E_1065344.flac,15
/data/DATASETS/ASV_Spoof_2019_LA/ASVspoof2019_LA_eval/flac/LA_E_1065667.flac,15
/data/DATASETS/ASV_Spoof_2019_LA/ASVspoof2019_LA_eval/flac/LA_E_1065703.flac,15
/data/DATASETS/ASV_Spoof_2019_LA/ASVspoof2019_LA_eval/flac/LA_E_1067961.flac,15
/data/DATASETS/ASV_Spoof_2019_LA/ASVspoof2019_LA_eval/flac/LA_E_1069679.flac,15
/data/DATASETS/ASV_Spoof_2019_LA/ASVspoof2019_LA_eval/flac/LA_E_1070286.flac,15
/data/DATASETS/ASV_Spoof_2019_LA/ASVspoof2019_LA_eval/flac/LA_E_1071481.flac,15
/data/DATASETS/ASV_Spoof_2019_LA/ASVspoof2019_LA_eval/flac/LA_E_1073066.flac,15
/data/DATASETS/ASV_Spoof_2019_LA/ASVspoof2019_LA_eval/flac/LA_E_1075085.flac,15
/data/DATASETS/ASV_Spoof_2019_LA/ASVspoof2019_LA_eval/flac/LA_E_1075914.flac,15
/data/DATASETS/ASV_Spoof_2019_LA/ASVspoof2019_LA_eval/flac/LA_E_1079022.flac,15
/data/DATASETS/ASV_Spoof_2019_LA/ASVspoof2019_LA_eval/flac/LA_E_1079373.flac,15
/data/DATASETS/ASV_Spoof_2019_LA/ASVspoof2019_LA_eval/flac/LA_E_1080675.flac,15
/data/DATASETS/ASV_Spoof_2019_LA/ASVspoof2019_LA_eval/flac/LA_E_1081546.flac,15
/data/DATASETS/ASV_Spoof_2019_LA/ASVspoof2019_LA_eval/flac/LA_E_1082269.flac,15
/data/DATASETS/ASV_Spoof_2019_LA/ASVspoof2019_LA_eval/flac/LA_E_1082906.flac,15
/data/DATASETS/ASV_Spoof_2019_LA/ASVspoof2019_LA_eval/flac/LA_E_1084341.flac,15
/data/DATASETS/ASV_Spoof_2019_LA/ASVspoof2019_LA_eval/flac/LA_E_1089229.flac,15
/data/DATASETS/ASV_Spoof_2019_LA/ASVspoof2019_LA_eval/flac/LA_E_1089951.flac,15
/data/DATASETS/ASV_Spoof_2019_LA/ASVspoof2019_LA_eval/flac/LA_E_1095323.flac,15
/data/DATASETS/ASV_Spoof_2019_LA/ASVspoof2019_LA_eval/flac/LA_E_1100031.flac,15
/data/DATASETS/ASV_Spoof_2019_LA/ASVspoof2019_LA_eval/flac/LA_E_1102314.flac,15
/data/DATASETS/ASV_Spoof_2019_LA/ASVspoof2019_LA_eval/flac/LA_E_1102757.flac,15
/data/DATASETS/ASV_Spoof_2019_LA/ASVspoof2019_LA_eval/flac/LA_E_1104851.flac,15
/data/DATASETS/ASV_Spoof_2019_LA/ASVspoof2019_LA_eval/flac/LA_E_1111043.flac,15
/data/DATASETS/ASV_Spoof_2019_LA/ASVspoof2019_LA_eval/flac/LA_E_1112998.flac,15
/data/DATASETS/ASV_Spoof_2019_LA/ASVspoof2019_LA_eval/flac/LA_E_1116957.flac,15
/data/DATASETS/ASV_Spoof_2019_LA/ASVspoof2019_LA_eval/flac/LA_E_1117327.flac,15
/data/DATASETS/ASV_Spoof_2019_LA/ASVspoof2019_LA_eval/flac/LA_E_1117372.flac,15
/data/DATASETS/ASV_Spoof_2019_LA/ASVspoof2019_LA_eval/flac/LA_E_1117625.flac,15
/data/DATASETS/ASV_Spoof_2019_LA/ASVspoof2019_LA_eval/flac/LA_E_1118299.flac,15
/data/DATASETS/ASV_Spoof_2019_LA/ASVspoof2019_LA_eval/flac/LA_E_1121097.flac,15
/data/DATASETS/ASV_Spoof_2019_LA/ASVspoof2019_LA_eval/flac/LA_E_1122095.flac,15
/data/DATASETS/ASV_Spoof_2019_LA/ASVspoof2019_LA_eval/flac/LA_E_1123409.flac,15
/data/DATASETS/ASV_Spoof_2019_LA/ASVspoof2019_LA_eval/flac/LA_E_1123589.flac,15
/data/DATASETS/ASV_Spoof_2019_LA/ASVspoof2019_LA_eval/flac/LA_E_1125443.flac,15
/data/DATASETS/ASV_Spoof_2019_LA/ASVspoof2019_LA_eval/flac/LA_E_1127445.flac,15
/data/DATASETS/ASV_Spoof_2019_LA/ASVspoof2019_LA_eval/flac/LA_E_1128235.flac,15
/data/DATASETS/ASV_Spoof_2019_LA/ASVspoof2019_LA_eval/flac/LA_E_1137972.flac,15
/data/DATASETS/ASV_Spoof_2019_LA/ASVspoof2019_LA_eval/flac/LA_E_1141445.flac,15
/data/DATASETS/ASV_Spoof_2019_LA/ASVspoof2019_LA_eval/flac/LA_E_1145541.flac,15
/data/DATASETS/ASV_Spoof_2019_LA/ASVspoof2019_LA_eval/flac/LA_E_1146157.flac,15
/data/DATASETS/ASV_Spoof_2019_LA/ASVspoof2019_LA_eval/flac/LA_E_1148659.flac,15
/data/DATASETS/ASV_Spoof_2019_LA/ASVspoof2019_LA_eval/flac/LA_E_1150652.flac,15
/data/DATASETS/ASV_Spoof_2019_LA/ASVspoof2019_LA_eval/flac/LA_E_1160674.flac,15
/data/DATASETS/ASV_Spoof_2019_LA/ASVspoof2019_LA_eval/flac/LA_E_1164778.flac,15
/data/DATASETS/ASV_Spoof_2019_LA/ASVspoof2019_LA_eval/flac/LA_E_1167586.flac,15
/data/DATASETS/ASV_Spoof_2019_LA/ASVspoof2019_LA_eval/flac/LA_E_1169177.flac,15
/data/DATASETS/ASV_Spoof_2019_LA/ASVspoof2019_LA_eval/flac/LA_E_1172211.flac,15
/data/DATASETS/ASV_Spoof_2019_LA/ASVspoof2019_LA_eval/flac/LA_E_1173047.flac,15
/data/DATASETS/ASV_Spoof_2019_LA/ASVspoof2019_LA_eval/flac/LA_E_1175210.flac,15
/data/DATASETS/ASV_Spoof_2019_LA/ASVspoof2019_LA_eval/flac/LA_E_1178518.flac,15
/data/DATASETS/ASV_Spoof_2019_LA/ASVspoof2019_LA_eval/flac/LA_E_1179146.flac,15
/data/DATASETS/ASV_Spoof_2019_LA/ASVspoof2019_LA_eval/flac/LA_E_1179548.flac,15
/data/DATASETS/ASV_Spoof_2019_LA/ASVspoof2019_LA_eval/flac/LA_E_1179812.flac,15
/data/DATASETS/ASV_Spoof_2019_LA/ASVspoof2019_LA_eval/flac/LA_E_1181201.flac,15
/data/DATASETS/ASV_Spoof_2019_LA/ASVspoof2019_LA_eval/flac/LA_E_1183240.flac,15
/data/DATASETS/ASV_Spoof_2019_LA/ASVspoof2019_LA_eval/flac/LA_E_1184385.flac,15
/data/DATASETS/ASV_Spoof_2019_LA/ASVspoof2019_LA_eval/flac/LA_E_1193481.flac,15
/data/DATASETS/ASV_Spoof_2019_LA/ASVspoof2019_LA_eval/flac/LA_E_1193949.flac,15
/data/DATASETS/ASV_Spoof_2019_LA/ASVspoof2019_LA_eval/flac/LA_E_1194705.flac,15
/data/DATASETS/ASV_Spoof_2019_LA/ASVspoof2019_LA_eval/flac/LA_E_1195125.flac,15
/data/DATASETS/ASV_Spoof_2019_LA/ASVspoof2019_LA_eval/flac/LA_E_1197461.flac,15
/data/DATASETS/ASV_Spoof_2019_LA/ASVspoof2019_LA_eval/flac/LA_E_1200013.flac,15
/data/DATASETS/ASV_Spoof_2019_LA/ASVspoof2019_LA_eval/flac/LA_E_1200394.flac,15
/data/DATASETS/ASV_Spoof_2019_LA/ASVspoof2019_LA_eval/flac/LA_E_1204196.flac,15
/data/DATASETS/ASV_Spoof_2019_LA/ASVspoof2019_LA_eval/flac/LA_E_1204744.flac,15
/data/DATASETS/ASV_Spoof_2019_LA/ASVspoof2019_LA_eval/flac/LA_E_1205320.flac,15
/data/DATASETS/ASV_Spoof_2019_LA/ASVspoof2019_LA_eval/flac/LA_E_1207112.flac,15
/data/DATASETS/ASV_Spoof_2019_LA/ASVspoof2019_LA_eval/flac/LA_E_1210308.flac,15
/data/DATASETS/ASV_Spoof_2019_LA/ASVspoof2019_LA_eval/flac/LA_E_1213096.flac,15
/data/DATASETS/ASV_Spoof_2019_LA/ASVspoof2019_LA_eval/flac/LA_E_1213527.flac,15
/data/DATASETS/ASV_Spoof_2019_LA/ASVspoof2019_LA_eval/flac/LA_E_1214164.flac,15
/data/DATASETS/ASV_Spoof_2019_LA/ASVspoof2019_LA_eval/flac/LA_E_1214661.flac,15
/data/DATASETS/ASV_Spoof_2019_LA/ASVspoof2019_LA_eval/flac/LA_E_1215471.flac,15
/data/DATASETS/ASV_Spoof_2019_LA/ASVspoof2019_LA_eval/flac/LA_E_1222929.flac,15
/data/DATASETS/ASV_Spoof_2019_LA/ASVspoof2019_LA_eval/flac/LA_E_1223396.flac,15
/data/DATASETS/ASV_Spoof_2019_LA/ASVspoof2019_LA_eval/flac/LA_E_1224492.flac,15
/data/DATASETS/ASV_Spoof_2019_LA/ASVspoof2019_LA_eval/flac/LA_E_1228899.flac,15
/data/DATASETS/ASV_Spoof_2019_LA/ASVspoof2019_LA_eval/flac/LA_E_1229426.flac,15
/data/DATASETS/ASV_Spoof_2019_LA/ASVspoof2019_LA_eval/flac/LA_E_1233967.flac,15
/data/DATASETS/ASV_Spoof_2019_LA/ASVspoof2019_LA_eval/flac/LA_E_1234220.flac,15
/data/DATASETS/ASV_Spoof_2019_LA/ASVspoof2019_LA_eval/flac/LA_E_1236958.flac,15
/data/DATASETS/ASV_Spoof_2019_LA/ASVspoof2019_LA_eval/flac/LA_E_1237213.flac,15
/data/DATASETS/ASV_Spoof_2019_LA/ASVspoof2019_LA_eval/flac/LA_E_1238661.flac,15
/data/DATASETS/ASV_Spoof_2019_LA/ASVspoof2019_LA_eval/flac/LA_E_1240077.flac,15
/data/DATASETS/ASV_Spoof_2019_LA/ASVspoof2019_LA_eval/flac/LA_E_1240078.flac,15
/data/DATASETS/ASV_Spoof_2019_LA/ASVspoof2019_LA_eval/flac/LA_E_1240747.flac,15
/data/DATASETS/ASV_Spoof_2019_LA/ASVspoof2019_LA_eval/flac/LA_E_1242002.flac,15
/data/DATASETS/ASV_Spoof_2019_LA/ASVspoof2019_LA_eval/flac/LA_E_1242915.flac,15
/data/DATASETS/ASV_Spoof_2019_LA/ASVspoof2019_LA_eval/flac/LA_E_1243400.flac,15
/data/DATASETS/ASV_Spoof_2019_LA/ASVspoof2019_LA_eval/flac/LA_E_1245499.flac,15
/data/DATASETS/ASV_Spoof_2019_LA/ASVspoof2019_LA_eval/flac/LA_E_1250963.flac,15
/data/DATASETS/ASV_Spoof_2019_LA/ASVspoof2019_LA_eval/flac/LA_E_1251031.flac,15
/data/DATASETS/ASV_Spoof_2019_LA/ASVspoof2019_LA_eval/flac/LA_E_1252063.flac,15
/data/DATASETS/ASV_Spoof_2019_LA/ASVspoof2019_LA_eval/flac/LA_E_1253384.flac,15
/data/DATASETS/ASV_Spoof_2019_LA/ASVspoof2019_LA_eval/flac/LA_E_1258917.flac,15
/data/DATASETS/ASV_Spoof_2019_LA/ASVspoof2019_LA_eval/flac/LA_E_1258954.flac,15
/data/DATASETS/ASV_Spoof_2019_LA/ASVspoof2019_LA_eval/flac/LA_E_1262410.flac,15
/data/DATASETS/ASV_Spoof_2019_LA/ASVspoof2019_LA_eval/flac/LA_E_1264695.flac,15
/data/DATASETS/ASV_Spoof_2019_LA/ASVspoof2019_LA_eval/flac/LA_E_1266462.flac,15
/data/DATASETS/ASV_Spoof_2019_LA/ASVspoof2019_LA_eval/flac/LA_E_1267846.flac,15
/data/DATASETS/ASV_Spoof_2019_LA/ASVspoof2019_LA_eval/flac/LA_E_1269610.flac,15
/data/DATASETS/ASV_Spoof_2019_LA/ASVspoof2019_LA_eval/flac/LA_E_1270489.flac,15
/data/DATASETS/ASV_Spoof_2019_LA/ASVspoof2019_LA_eval/flac/LA_E_1275393.flac,15
/data/DATASETS/ASV_Spoof_2019_LA/ASVspoof2019_LA_eval/flac/LA_E_1276537.flac,15
/data/DATASETS/ASV_Spoof_2019_LA/ASVspoof2019_LA_eval/flac/LA_E_1279608.flac,15
/data/DATASETS/ASV_Spoof_2019_LA/ASVspoof2019_LA_eval/flac/LA_E_1280667.flac,15
/data/DATASETS/ASV_Spoof_2019_LA/ASVspoof2019_LA_eval/flac/LA_E_1281086.flac,15
/data/DATASETS/ASV_Spoof_2019_LA/ASVspoof2019_LA_eval/flac/LA_E_1281674.flac,15
/data/DATASETS/ASV_Spoof_2019_LA/ASVspoof2019_LA_eval/flac/LA_E_1284769.flac,15
/data/DATASETS/ASV_Spoof_2019_LA/ASVspoof2019_LA_eval/flac/LA_E_1284872.flac,15
/data/DATASETS/ASV_Spoof_2019_LA/ASVspoof2019_LA_eval/flac/LA_E_1285130.flac,15
/data/DATASETS/ASV_Spoof_2019_LA/ASVspoof2019_LA_eval/flac/LA_E_1285551.flac,15
/data/DATASETS/ASV_Spoof_2019_LA/ASVspoof2019_LA_eval/flac/LA_E_1287273.flac,15
/data/DATASETS/ASV_Spoof_2019_LA/ASVspoof2019_LA_eval/flac/LA_E_1288177.flac,15
/data/DATASETS/ASV_Spoof_2019_LA/ASVspoof2019_LA_eval/flac/LA_E_1288273.flac,15
/data/DATASETS/ASV_Spoof_2019_LA/ASVspoof2019_LA_eval/flac/LA_E_1289020.flac,15
/data/DATASETS/ASV_Spoof_2019_LA/ASVspoof2019_LA_eval/flac/LA_E_1289287.flac,15
/data/DATASETS/ASV_Spoof_2019_LA/ASVspoof2019_LA_eval/flac/LA_E_1294204.flac,15
/data/DATASETS/ASV_Spoof_2019_LA/ASVspoof2019_LA_eval/flac/LA_E_1297175.flac,15
/data/DATASETS/ASV_Spoof_2019_LA/ASVspoof2019_LA_eval/flac/LA_E_1297986.flac,15
/data/DATASETS/ASV_Spoof_2019_LA/ASVspoof2019_LA_eval/flac/LA_E_1298698.flac,15
/data/DATASETS/ASV_Spoof_2019_LA/ASVspoof2019_LA_eval/flac/LA_E_1304509.flac,15
/data/DATASETS/ASV_Spoof_2019_LA/ASVspoof2019_LA_eval/flac/LA_E_1305705.flac,15
/data/DATASETS/ASV_Spoof_2019_LA/ASVspoof2019_LA_eval/flac/LA_E_1307192.flac,15
/data/DATASETS/ASV_Spoof_2019_LA/ASVspoof2019_LA_eval/flac/LA_E_1310255.flac,15
/data/DATASETS/ASV_Spoof_2019_LA/ASVspoof2019_LA_eval/flac/LA_E_1310545.flac,15
/data/DATASETS/ASV_Spoof_2019_LA/ASVspoof2019_LA_eval/flac/LA_E_1312593.flac,15
/data/DATASETS/ASV_Spoof_2019_LA/ASVspoof2019_LA_eval/flac/LA_E_1313813.flac,15
/data/DATASETS/ASV_Spoof_2019_LA/ASVspoof2019_LA_eval/flac/LA_E_1319036.flac,15
/data/DATASETS/ASV_Spoof_2019_LA/ASVspoof2019_LA_eval/flac/LA_E_1320625.flac,15
/data/DATASETS/ASV_Spoof_2019_LA/ASVspoof2019_LA_eval/flac/LA_E_1321527.flac,15
/data/DATASETS/ASV_Spoof_2019_LA/ASVspoof2019_LA_eval/flac/LA_E_1324039.flac,15
/data/DATASETS/ASV_Spoof_2019_LA/ASVspoof2019_LA_eval/flac/LA_E_1325767.flac,15
/data/DATASETS/ASV_Spoof_2019_LA/ASVspoof2019_LA_eval/flac/LA_E_1327346.flac,15
/data/DATASETS/ASV_Spoof_2019_LA/ASVspoof2019_LA_eval/flac/LA_E_1327472.flac,15
/data/DATASETS/ASV_Spoof_2019_LA/ASVspoof2019_LA_eval/flac/LA_E_1327887.flac,15
/data/DATASETS/ASV_Spoof_2019_LA/ASVspoof2019_LA_eval/flac/LA_E_1330255.flac,15
/data/DATASETS/ASV_Spoof_2019_LA/ASVspoof2019_LA_eval/flac/LA_E_1330664.flac,15
/data/DATASETS/ASV_Spoof_2019_LA/ASVspoof2019_LA_eval/flac/LA_E_1331076.flac,15
/data/DATASETS/ASV_Spoof_2019_LA/ASVspoof2019_LA_eval/flac/LA_E_1332885.flac,15
/data/DATASETS/ASV_Spoof_2019_LA/ASVspoof2019_LA_eval/flac/LA_E_1334725.flac,15
/data/DATASETS/ASV_Spoof_2019_LA/ASVspoof2019_LA_eval/flac/LA_E_1342015.flac,15
/data/DATASETS/ASV_Spoof_2019_LA/ASVspoof2019_LA_eval/flac/LA_E_1345189.flac,15
/data/DATASETS/ASV_Spoof_2019_LA/ASVspoof2019_LA_eval/flac/LA_E_1346804.flac,15
/data/DATASETS/ASV_Spoof_2019_LA/ASVspoof2019_LA_eval/flac/LA_E_1349772.flac,15
/data/DATASETS/ASV_Spoof_2019_LA/ASVspoof2019_LA_eval/flac/LA_E_1349846.flac,15
/data/DATASETS/ASV_Spoof_2019_LA/ASVspoof2019_LA_eval/flac/LA_E_1349978.flac,15
/data/DATASETS/ASV_Spoof_2019_LA/ASVspoof2019_LA_eval/flac/LA_E_1354255.flac,15
/data/DATASETS/ASV_Spoof_2019_LA/ASVspoof2019_LA_eval/flac/LA_E_1354978.flac,15
/data/DATASETS/ASV_Spoof_2019_LA/ASVspoof2019_LA_eval/flac/LA_E_1357286.flac,15
/data/DATASETS/ASV_Spoof_2019_LA/ASVspoof2019_LA_eval/flac/LA_E_1360501.flac,15
/data/DATASETS/ASV_Spoof_2019_LA/ASVspoof2019_LA_eval/flac/LA_E_1368266.flac,15
/data/DATASETS/ASV_Spoof_2019_LA/ASVspoof2019_LA_eval/flac/LA_E_1369057.flac,15
/data/DATASETS/ASV_Spoof_2019_LA/ASVspoof2019_LA_eval/flac/LA_E_1369157.flac,15
/data/DATASETS/ASV_Spoof_2019_LA/ASVspoof2019_LA_eval/flac/LA_E_1371268.flac,15
/data/DATASETS/ASV_Spoof_2019_LA/ASVspoof2019_LA_eval/flac/LA_E_1372566.flac,15
/data/DATASETS/ASV_Spoof_2019_LA/ASVspoof2019_LA_eval/flac/LA_E_1373116.flac,15
/data/DATASETS/ASV_Spoof_2019_LA/ASVspoof2019_LA_eval/flac/LA_E_1374265.flac,15
/data/DATASETS/ASV_Spoof_2019_LA/ASVspoof2019_LA_eval/flac/LA_E_1380162.flac,15
/data/DATASETS/ASV_Spoof_2019_LA/ASVspoof2019_LA_eval/flac/LA_E_1381022.flac,15
/data/DATASETS/ASV_Spoof_2019_LA/ASVspoof2019_LA_eval/flac/LA_E_1382791.flac,15
/data/DATASETS/ASV_Spoof_2019_LA/ASVspoof2019_LA_eval/flac/LA_E_1384200.flac,15
/data/DATASETS/ASV_Spoof_2019_LA/ASVspoof2019_LA_eval/flac/LA_E_1385461.flac,15
/data/DATASETS/ASV_Spoof_2019_LA/ASVspoof2019_LA_eval/flac/LA_E_1388524.flac,15
/data/DATASETS/ASV_Spoof_2019_LA/ASVspoof2019_LA_eval/flac/LA_E_1389793.flac,15
/data/DATASETS/ASV_Spoof_2019_LA/ASVspoof2019_LA_eval/flac/LA_E_1392037.flac,15
/data/DATASETS/ASV_Spoof_2019_LA/ASVspoof2019_LA_eval/flac/LA_E_1392328.flac,15
/data/DATASETS/ASV_Spoof_2019_LA/ASVspoof2019_LA_eval/flac/LA_E_1393556.flac,15
/data/DATASETS/ASV_Spoof_2019_LA/ASVspoof2019_LA_eval/flac/LA_E_1397328.flac,15
/data/DATASETS/ASV_Spoof_2019_LA/ASVspoof2019_LA_eval/flac/LA_E_1397849.flac,15
/data/DATASETS/ASV_Spoof_2019_LA/ASVspoof2019_LA_eval/flac/LA_E_1398239.flac,15
/data/DATASETS/ASV_Spoof_2019_LA/ASVspoof2019_LA_eval/flac/LA_E_1398423.flac,15
/data/DATASETS/ASV_Spoof_2019_LA/ASVspoof2019_LA_eval/flac/LA_E_1399067.flac,15
/data/DATASETS/ASV_Spoof_2019_LA/ASVspoof2019_LA_eval/flac/LA_E_1403288.flac,15
/data/DATASETS/ASV_Spoof_2019_LA/ASVspoof2019_LA_eval/flac/LA_E_1407033.flac,15
/data/DATASETS/ASV_Spoof_2019_LA/ASVspoof2019_LA_eval/flac/LA_E_1407056.flac,15
/data/DATASETS/ASV_Spoof_2019_LA/ASVspoof2019_LA_eval/flac/LA_E_1410336.flac,15
/data/DATASETS/ASV_Spoof_2019_LA/ASVspoof2019_LA_eval/flac/LA_E_1412578.flac,15
/data/DATASETS/ASV_Spoof_2019_LA/ASVspoof2019_LA_eval/flac/LA_E_1412639.flac,15
/data/DATASETS/ASV_Spoof_2019_LA/ASVspoof2019_LA_eval/flac/LA_E_1413528.flac,15
/data/DATASETS/ASV_Spoof_2019_LA/ASVspoof2019_LA_eval/flac/LA_E_1413759.flac,15
/data/DATASETS/ASV_Spoof_2019_LA/ASVspoof2019_LA_eval/flac/LA_E_1413821.flac,15
/data/DATASETS/ASV_Spoof_2019_LA/ASVspoof2019_LA_eval/flac/LA_E_1415999.flac,15
/data/DATASETS/ASV_Spoof_2019_LA/ASVspoof2019_LA_eval/flac/LA_E_1418067.flac,15
/data/DATASETS/ASV_Spoof_2019_LA/ASVspoof2019_LA_eval/flac/LA_E_1419165.flac,15
/data/DATASETS/ASV_Spoof_2019_LA/ASVspoof2019_LA_eval/flac/LA_E_1421198.flac,15
/data/DATASETS/ASV_Spoof_2019_LA/ASVspoof2019_LA_eval/flac/LA_E_1421446.flac,15
/data/DATASETS/ASV_Spoof_2019_LA/ASVspoof2019_LA_eval/flac/LA_E_1424794.flac,15
/data/DATASETS/ASV_Spoof_2019_LA/ASVspoof2019_LA_eval/flac/LA_E_1425528.flac,15
/data/DATASETS/ASV_Spoof_2019_LA/ASVspoof2019_LA_eval/flac/LA_E_1425873.flac,15
/data/DATASETS/ASV_Spoof_2019_LA/ASVspoof2019_LA_eval/flac/LA_E_1429817.flac,15
/data/DATASETS/ASV_Spoof_2019_LA/ASVspoof2019_LA_eval/flac/LA_E_1432721.flac,15
/data/DATASETS/ASV_Spoof_2019_LA/ASVspoof2019_LA_eval/flac/LA_E_1442885.flac,15
/data/DATASETS/ASV_Spoof_2019_LA/ASVspoof2019_LA_eval/flac/LA_E_1444659.flac,15
/data/DATASETS/ASV_Spoof_2019_LA/ASVspoof2019_LA_eval/flac/LA_E_1446111.flac,15
/data/DATASETS/ASV_Spoof_2019_LA/ASVspoof2019_LA_eval/flac/LA_E_1447324.flac,15
/data/DATASETS/ASV_Spoof_2019_LA/ASVspoof2019_LA_eval/flac/LA_E_1448175.flac,15
/data/DATASETS/ASV_Spoof_2019_LA/ASVspoof2019_LA_eval/flac/LA_E_1448347.flac,15
/data/DATASETS/ASV_Spoof_2019_LA/ASVspoof2019_LA_eval/flac/LA_E_1449680.flac,15
/data/DATASETS/ASV_Spoof_2019_LA/ASVspoof2019_LA_eval/flac/LA_E_1450429.flac,15
/data/DATASETS/ASV_Spoof_2019_LA/ASVspoof2019_LA_eval/flac/LA_E_1453631.flac,15
/data/DATASETS/ASV_Spoof_2019_LA/ASVspoof2019_LA_eval/flac/LA_E_1458396.flac,15
/data/DATASETS/ASV_Spoof_2019_LA/ASVspoof2019_LA_eval/flac/LA_E_1459099.flac,15
/data/DATASETS/ASV_Spoof_2019_LA/ASVspoof2019_LA_eval/flac/LA_E_1459368.flac,15
/data/DATASETS/ASV_Spoof_2019_LA/ASVspoof2019_LA_eval/flac/LA_E_1463850.flac,15
/data/DATASETS/ASV_Spoof_2019_LA/ASVspoof2019_LA_eval/flac/LA_E_1464270.flac,15
/data/DATASETS/ASV_Spoof_2019_LA/ASVspoof2019_LA_eval/flac/LA_E_1465025.flac,15
/data/DATASETS/ASV_Spoof_2019_LA/ASVspoof2019_LA_eval/flac/LA_E_1467292.flac,15
/data/DATASETS/ASV_Spoof_2019_LA/ASVspoof2019_LA_eval/flac/LA_E_1467454.flac,15
/data/DATASETS/ASV_Spoof_2019_LA/ASVspoof2019_LA_eval/flac/LA_E_1470759.flac,15
/data/DATASETS/ASV_Spoof_2019_LA/ASVspoof2019_LA_eval/flac/LA_E_1474839.flac,15
/data/DATASETS/ASV_Spoof_2019_LA/ASVspoof2019_LA_eval/flac/LA_E_1475155.flac,15
/data/DATASETS/ASV_Spoof_2019_LA/ASVspoof2019_LA_eval/flac/LA_E_1477221.flac,15
/data/DATASETS/ASV_Spoof_2019_LA/ASVspoof2019_LA_eval/flac/LA_E_1477531.flac,15
/data/DATASETS/ASV_Spoof_2019_LA/ASVspoof2019_LA_eval/flac/LA_E_1479762.flac,15
/data/DATASETS/ASV_Spoof_2019_LA/ASVspoof2019_LA_eval/flac/LA_E_1480038.flac,15
/data/DATASETS/ASV_Spoof_2019_LA/ASVspoof2019_LA_eval/flac/LA_E_1482035.flac,15
/data/DATASETS/ASV_Spoof_2019_LA/ASVspoof2019_LA_eval/flac/LA_E_1487147.flac,15
/data/DATASETS/ASV_Spoof_2019_LA/ASVspoof2019_LA_eval/flac/LA_E_1491770.flac,15
/data/DATASETS/ASV_Spoof_2019_LA/ASVspoof2019_LA_eval/flac/LA_E_1493352.flac,15
/data/DATASETS/ASV_Spoof_2019_LA/ASVspoof2019_LA_eval/flac/LA_E_1494468.flac,15
/data/DATASETS/ASV_Spoof_2019_LA/ASVspoof2019_LA_eval/flac/LA_E_1494989.flac,15
/data/DATASETS/ASV_Spoof_2019_LA/ASVspoof2019_LA_eval/flac/LA_E_1498151.flac,15
/data/DATASETS/ASV_Spoof_2019_LA/ASVspoof2019_LA_eval/flac/LA_E_1499994.flac,15
/data/DATASETS/ASV_Spoof_2019_LA/ASVspoof2019_LA_eval/flac/LA_E_1502020.flac,15
/data/DATASETS/ASV_Spoof_2019_LA/ASVspoof2019_LA_eval/flac/LA_E_1504309.flac,15
/data/DATASETS/ASV_Spoof_2019_LA/ASVspoof2019_LA_eval/flac/LA_E_1504582.flac,15
/data/DATASETS/ASV_Spoof_2019_LA/ASVspoof2019_LA_eval/flac/LA_E_1505099.flac,15
/data/DATASETS/ASV_Spoof_2019_LA/ASVspoof2019_LA_eval/flac/LA_E_1506568.flac,15
/data/DATASETS/ASV_Spoof_2019_LA/ASVspoof2019_LA_eval/flac/LA_E_1507274.flac,15
/data/DATASETS/ASV_Spoof_2019_LA/ASVspoof2019_LA_eval/flac/LA_E_1510749.flac,15
/data/DATASETS/ASV_Spoof_2019_LA/ASVspoof2019_LA_eval/flac/LA_E_1511078.flac,15
/data/DATASETS/ASV_Spoof_2019_LA/ASVspoof2019_LA_eval/flac/LA_E_1511537.flac,15
/data/DATASETS/ASV_Spoof_2019_LA/ASVspoof2019_LA_eval/flac/LA_E_1511996.flac,15
/data/DATASETS/ASV_Spoof_2019_LA/ASVspoof2019_LA_eval/flac/LA_E_1514150.flac,15
/data/DATASETS/ASV_Spoof_2019_LA/ASVspoof2019_LA_eval/flac/LA_E_1516524.flac,15
/data/DATASETS/ASV_Spoof_2019_LA/ASVspoof2019_LA_eval/flac/LA_E_1516672.flac,15
/data/DATASETS/ASV_Spoof_2019_LA/ASVspoof2019_LA_eval/flac/LA_E_1517559.flac,15
/data/DATASETS/ASV_Spoof_2019_LA/ASVspoof2019_LA_eval/flac/LA_E_1519275.flac,15
/data/DATASETS/ASV_Spoof_2019_LA/ASVspoof2019_LA_eval/flac/LA_E_1520676.flac,15
/data/DATASETS/ASV_Spoof_2019_LA/ASVspoof2019_LA_eval/flac/LA_E_1525165.flac,15
/data/DATASETS/ASV_Spoof_2019_LA/ASVspoof2019_LA_eval/flac/LA_E_1525865.flac,15
/data/DATASETS/ASV_Spoof_2019_LA/ASVspoof2019_LA_eval/flac/LA_E_1527473.flac,15
/data/DATASETS/ASV_Spoof_2019_LA/ASVspoof2019_LA_eval/flac/LA_E_1527565.flac,15
/data/DATASETS/ASV_Spoof_2019_LA/ASVspoof2019_LA_eval/flac/LA_E_1527918.flac,15
/data/DATASETS/ASV_Spoof_2019_LA/ASVspoof2019_LA_eval/flac/LA_E_1528917.flac,15
/data/DATASETS/ASV_Spoof_2019_LA/ASVspoof2019_LA_eval/flac/LA_E_1530567.flac,15
/data/DATASETS/ASV_Spoof_2019_LA/ASVspoof2019_LA_eval/flac/LA_E_1531089.flac,15
/data/DATASETS/ASV_Spoof_2019_LA/ASVspoof2019_LA_eval/flac/LA_E_1532191.flac,15
/data/DATASETS/ASV_Spoof_2019_LA/ASVspoof2019_LA_eval/flac/LA_E_1534637.flac,15
/data/DATASETS/ASV_Spoof_2019_LA/ASVspoof2019_LA_eval/flac/LA_E_1535234.flac,15
/data/DATASETS/ASV_Spoof_2019_LA/ASVspoof2019_LA_eval/flac/LA_E_1537840.flac,15
/data/DATASETS/ASV_Spoof_2019_LA/ASVspoof2019_LA_eval/flac/LA_E_1538451.flac,15
/data/DATASETS/ASV_Spoof_2019_LA/ASVspoof2019_LA_eval/flac/LA_E_1542294.flac,15
/data/DATASETS/ASV_Spoof_2019_LA/ASVspoof2019_LA_eval/flac/LA_E_1545133.flac,15
/data/DATASETS/ASV_Spoof_2019_LA/ASVspoof2019_LA_eval/flac/LA_E_1546365.flac,15
/data/DATASETS/ASV_Spoof_2019_LA/ASVspoof2019_LA_eval/flac/LA_E_1549503.flac,15
/data/DATASETS/ASV_Spoof_2019_LA/ASVspoof2019_LA_eval/flac/LA_E_1550158.flac,15
/data/DATASETS/ASV_Spoof_2019_LA/ASVspoof2019_LA_eval/flac/LA_E_1551188.flac,15
/data/DATASETS/ASV_Spoof_2019_LA/ASVspoof2019_LA_eval/flac/LA_E_1551395.flac,15
/data/DATASETS/ASV_Spoof_2019_LA/ASVspoof2019_LA_eval/flac/LA_E_1554674.flac,15
/data/DATASETS/ASV_Spoof_2019_LA/ASVspoof2019_LA_eval/flac/LA_E_1555974.flac,15
/data/DATASETS/ASV_Spoof_2019_LA/ASVspoof2019_LA_eval/flac/LA_E_1560438.flac,15
/data/DATASETS/ASV_Spoof_2019_LA/ASVspoof2019_LA_eval/flac/LA_E_1562907.flac,15
/data/DATASETS/ASV_Spoof_2019_LA/ASVspoof2019_LA_eval/flac/LA_E_1563393.flac,15
/data/DATASETS/ASV_Spoof_2019_LA/ASVspoof2019_LA_eval/flac/LA_E_1564624.flac,15
/data/DATASETS/ASV_Spoof_2019_LA/ASVspoof2019_LA_eval/flac/LA_E_1572528.flac,15
/data/DATASETS/ASV_Spoof_2019_LA/ASVspoof2019_LA_eval/flac/LA_E_1572876.flac,15
/data/DATASETS/ASV_Spoof_2019_LA/ASVspoof2019_LA_eval/flac/LA_E_1574252.flac,15
/data/DATASETS/ASV_Spoof_2019_LA/ASVspoof2019_LA_eval/flac/LA_E_1575317.flac,15
/data/DATASETS/ASV_Spoof_2019_LA/ASVspoof2019_LA_eval/flac/LA_E_1577091.flac,15
/data/DATASETS/ASV_Spoof_2019_LA/ASVspoof2019_LA_eval/flac/LA_E_1577937.flac,15
/data/DATASETS/ASV_Spoof_2019_LA/ASVspoof2019_LA_eval/flac/LA_E_1578397.flac,15
/data/DATASETS/ASV_Spoof_2019_LA/ASVspoof2019_LA_eval/flac/LA_E_1579287.flac,15
/data/DATASETS/ASV_Spoof_2019_LA/ASVspoof2019_LA_eval/flac/LA_E_1582029.flac,15
/data/DATASETS/ASV_Spoof_2019_LA/ASVspoof2019_LA_eval/flac/LA_E_1585620.flac,15
/data/DATASETS/ASV_Spoof_2019_LA/ASVspoof2019_LA_eval/flac/LA_E_1586885.flac,15
/data/DATASETS/ASV_Spoof_2019_LA/ASVspoof2019_LA_eval/flac/LA_E_1587642.flac,15
/data/DATASETS/ASV_Spoof_2019_LA/ASVspoof2019_LA_eval/flac/LA_E_1589338.flac,15
/data/DATASETS/ASV_Spoof_2019_LA/ASVspoof2019_LA_eval/flac/LA_E_1592247.flac,15
/data/DATASETS/ASV_Spoof_2019_LA/ASVspoof2019_LA_eval/flac/LA_E_1593204.flac,15
/data/DATASETS/ASV_Spoof_2019_LA/ASVspoof2019_LA_eval/flac/LA_E_1595794.flac,15
/data/DATASETS/ASV_Spoof_2019_LA/ASVspoof2019_LA_eval/flac/LA_E_1598368.flac,15
/data/DATASETS/ASV_Spoof_2019_LA/ASVspoof2019_LA_eval/flac/LA_E_1600470.flac,15
/data/DATASETS/ASV_Spoof_2019_LA/ASVspoof2019_LA_eval/flac/LA_E_1601363.flac,15
/data/DATASETS/ASV_Spoof_2019_LA/ASVspoof2019_LA_eval/flac/LA_E_1602553.flac,15
/data/DATASETS/ASV_Spoof_2019_LA/ASVspoof2019_LA_eval/flac/LA_E_1602635.flac,15
/data/DATASETS/ASV_Spoof_2019_LA/ASVspoof2019_LA_eval/flac/LA_E_1602780.flac,15
/data/DATASETS/ASV_Spoof_2019_LA/ASVspoof2019_LA_eval/flac/LA_E_1603534.flac,15
/data/DATASETS/ASV_Spoof_2019_LA/ASVspoof2019_LA_eval/flac/LA_E_1604026.flac,15
/data/DATASETS/ASV_Spoof_2019_LA/ASVspoof2019_LA_eval/flac/LA_E_1605443.flac,15
/data/DATASETS/ASV_Spoof_2019_LA/ASVspoof2019_LA_eval/flac/LA_E_1615282.flac,15
/data/DATASETS/ASV_Spoof_2019_LA/ASVspoof2019_LA_eval/flac/LA_E_1618083.flac,15
/data/DATASETS/ASV_Spoof_2019_LA/ASVspoof2019_LA_eval/flac/LA_E_1621082.flac,15
/data/DATASETS/ASV_Spoof_2019_LA/ASVspoof2019_LA_eval/flac/LA_E_1622142.flac,15
/data/DATASETS/ASV_Spoof_2019_LA/ASVspoof2019_LA_eval/flac/LA_E_1626784.flac,15
/data/DATASETS/ASV_Spoof_2019_LA/ASVspoof2019_LA_eval/flac/LA_E_1627427.flac,15
/data/DATASETS/ASV_Spoof_2019_LA/ASVspoof2019_LA_eval/flac/LA_E_1630773.flac,15
/data/DATASETS/ASV_Spoof_2019_LA/ASVspoof2019_LA_eval/flac/LA_E_1636753.flac,15
/data/DATASETS/ASV_Spoof_2019_LA/ASVspoof2019_LA_eval/flac/LA_E_1637787.flac,15
/data/DATASETS/ASV_Spoof_2019_LA/ASVspoof2019_LA_eval/flac/LA_E_1639956.flac,15
/data/DATASETS/ASV_Spoof_2019_LA/ASVspoof2019_LA_eval/flac/LA_E_1641370.flac,15
/data/DATASETS/ASV_Spoof_2019_LA/ASVspoof2019_LA_eval/flac/LA_E_1642437.flac,15
/data/DATASETS/ASV_Spoof_2019_LA/ASVspoof2019_LA_eval/flac/LA_E_1642617.flac,15
/data/DATASETS/ASV_Spoof_2019_LA/ASVspoof2019_LA_eval/flac/LA_E_1643009.flac,15
/data/DATASETS/ASV_Spoof_2019_LA/ASVspoof2019_LA_eval/flac/LA_E_1644867.flac,15
/data/DATASETS/ASV_Spoof_2019_LA/ASVspoof2019_LA_eval/flac/LA_E_1644944.flac,15
/data/DATASETS/ASV_Spoof_2019_LA/ASVspoof2019_LA_eval/flac/LA_E_1647651.flac,15
/data/DATASETS/ASV_Spoof_2019_LA/ASVspoof2019_LA_eval/flac/LA_E_1648452.flac,15
/data/DATASETS/ASV_Spoof_2019_LA/ASVspoof2019_LA_eval/flac/LA_E_1650730.flac,15
/data/DATASETS/ASV_Spoof_2019_LA/ASVspoof2019_LA_eval/flac/LA_E_1650982.flac,15
/data/DATASETS/ASV_Spoof_2019_LA/ASVspoof2019_LA_eval/flac/LA_E_1655150.flac,15
/data/DATASETS/ASV_Spoof_2019_LA/ASVspoof2019_LA_eval/flac/LA_E_1655455.flac,15
/data/DATASETS/ASV_Spoof_2019_LA/ASVspoof2019_LA_eval/flac/LA_E_1657241.flac,15
/data/DATASETS/ASV_Spoof_2019_LA/ASVspoof2019_LA_eval/flac/LA_E_1658487.flac,15
/data/DATASETS/ASV_Spoof_2019_LA/ASVspoof2019_LA_eval/flac/LA_E_1661046.flac,15
/data/DATASETS/ASV_Spoof_2019_LA/ASVspoof2019_LA_eval/flac/LA_E_1661207.flac,15
/data/DATASETS/ASV_Spoof_2019_LA/ASVspoof2019_LA_eval/flac/LA_E_1663403.flac,15
/data/DATASETS/ASV_Spoof_2019_LA/ASVspoof2019_LA_eval/flac/LA_E_1663489.flac,15
/data/DATASETS/ASV_Spoof_2019_LA/ASVspoof2019_LA_eval/flac/LA_E_1669410.flac,15
/data/DATASETS/ASV_Spoof_2019_LA/ASVspoof2019_LA_eval/flac/LA_E_1671939.flac,15
/data/DATASETS/ASV_Spoof_2019_LA/ASVspoof2019_LA_eval/flac/LA_E_1672691.flac,15
/data/DATASETS/ASV_Spoof_2019_LA/ASVspoof2019_LA_eval/flac/LA_E_1674569.flac,15
/data/DATASETS/ASV_Spoof_2019_LA/ASVspoof2019_LA_eval/flac/LA_E_1675702.flac,15
/data/DATASETS/ASV_Spoof_2019_LA/ASVspoof2019_LA_eval/flac/LA_E_1676112.flac,15
/data/DATASETS/ASV_Spoof_2019_LA/ASVspoof2019_LA_eval/flac/LA_E_1676807.flac,15
/data/DATASETS/ASV_Spoof_2019_LA/ASVspoof2019_LA_eval/flac/LA_E_1678544.flac,15
/data/DATASETS/ASV_Spoof_2019_LA/ASVspoof2019_LA_eval/flac/LA_E_1679039.flac,15
/data/DATASETS/ASV_Spoof_2019_LA/ASVspoof2019_LA_eval/flac/LA_E_1683012.flac,15
/data/DATASETS/ASV_Spoof_2019_LA/ASVspoof2019_LA_eval/flac/LA_E_1685113.flac,15
/data/DATASETS/ASV_Spoof_2019_LA/ASVspoof2019_LA_eval/flac/LA_E_1691401.flac,15
/data/DATASETS/ASV_Spoof_2019_LA/ASVspoof2019_LA_eval/flac/LA_E_1693412.flac,15
/data/DATASETS/ASV_Spoof_2019_LA/ASVspoof2019_LA_eval/flac/LA_E_1694634.flac,15
/data/DATASETS/ASV_Spoof_2019_LA/ASVspoof2019_LA_eval/flac/LA_E_1696436.flac,15
/data/DATASETS/ASV_Spoof_2019_LA/ASVspoof2019_LA_eval/flac/LA_E_1697481.flac,15
/data/DATASETS/ASV_Spoof_2019_LA/ASVspoof2019_LA_eval/flac/LA_E_1698992.flac,15
/data/DATASETS/ASV_Spoof_2019_LA/ASVspoof2019_LA_eval/flac/LA_E_1699407.flac,15
/data/DATASETS/ASV_Spoof_2019_LA/ASVspoof2019_LA_eval/flac/LA_E_1701867.flac,15
/data/DATASETS/ASV_Spoof_2019_LA/ASVspoof2019_LA_eval/flac/LA_E_1702479.flac,15
/data/DATASETS/ASV_Spoof_2019_LA/ASVspoof2019_LA_eval/flac/LA_E_1707499.flac,15
/data/DATASETS/ASV_Spoof_2019_LA/ASVspoof2019_LA_eval/flac/LA_E_1710045.flac,15
/data/DATASETS/ASV_Spoof_2019_LA/ASVspoof2019_LA_eval/flac/LA_E_1713377.flac,15
/data/DATASETS/ASV_Spoof_2019_LA/ASVspoof2019_LA_eval/flac/LA_E_1715637.flac,15
/data/DATASETS/ASV_Spoof_2019_LA/ASVspoof2019_LA_eval/flac/LA_E_1719768.flac,15
/data/DATASETS/ASV_Spoof_2019_LA/ASVspoof2019_LA_eval/flac/LA_E_1720398.flac,15
/data/DATASETS/ASV_Spoof_2019_LA/ASVspoof2019_LA_eval/flac/LA_E_1720799.flac,15
/data/DATASETS/ASV_Spoof_2019_LA/ASVspoof2019_LA_eval/flac/LA_E_1722753.flac,15
/data/DATASETS/ASV_Spoof_2019_LA/ASVspoof2019_LA_eval/flac/LA_E_1723838.flac,15
/data/DATASETS/ASV_Spoof_2019_LA/ASVspoof2019_LA_eval/flac/LA_E_1728492.flac,15
/data/DATASETS/ASV_Spoof_2019_LA/ASVspoof2019_LA_eval/flac/LA_E_1728652.flac,15
/data/DATASETS/ASV_Spoof_2019_LA/ASVspoof2019_LA_eval/flac/LA_E_1728887.flac,15
/data/DATASETS/ASV_Spoof_2019_LA/ASVspoof2019_LA_eval/flac/LA_E_1729904.flac,15
/data/DATASETS/ASV_Spoof_2019_LA/ASVspoof2019_LA_eval/flac/LA_E_1731074.flac,15
/data/DATASETS/ASV_Spoof_2019_LA/ASVspoof2019_LA_eval/flac/LA_E_1732910.flac,15
/data/DATASETS/ASV_Spoof_2019_LA/ASVspoof2019_LA_eval/flac/LA_E_1733167.flac,15
/data/DATASETS/ASV_Spoof_2019_LA/ASVspoof2019_LA_eval/flac/LA_E_1738456.flac,15
/data/DATASETS/ASV_Spoof_2019_LA/ASVspoof2019_LA_eval/flac/LA_E_1739952.flac,15
/data/DATASETS/ASV_Spoof_2019_LA/ASVspoof2019_LA_eval/flac/LA_E_1745186.flac,15
/data/DATASETS/ASV_Spoof_2019_LA/ASVspoof2019_LA_eval/flac/LA_E_1746119.flac,15
/data/DATASETS/ASV_Spoof_2019_LA/ASVspoof2019_LA_eval/flac/LA_E_1749969.flac,15
/data/DATASETS/ASV_Spoof_2019_LA/ASVspoof2019_LA_eval/flac/LA_E_1750363.flac,15
/data/DATASETS/ASV_Spoof_2019_LA/ASVspoof2019_LA_eval/flac/LA_E_1754568.flac,15
/data/DATASETS/ASV_Spoof_2019_LA/ASVspoof2019_LA_eval/flac/LA_E_1756725.flac,15
/data/DATASETS/ASV_Spoof_2019_LA/ASVspoof2019_LA_eval/flac/LA_E_1757472.flac,15
/data/DATASETS/ASV_Spoof_2019_LA/ASVspoof2019_LA_eval/flac/LA_E_1759366.flac,15
/data/DATASETS/ASV_Spoof_2019_LA/ASVspoof2019_LA_eval/flac/LA_E_1759471.flac,15
/data/DATASETS/ASV_Spoof_2019_LA/ASVspoof2019_LA_eval/flac/LA_E_1759822.flac,15
/data/DATASETS/ASV_Spoof_2019_LA/ASVspoof2019_LA_eval/flac/LA_E_1761075.flac,15
/data/DATASETS/ASV_Spoof_2019_LA/ASVspoof2019_LA_eval/flac/LA_E_1775487.flac,15
/data/DATASETS/ASV_Spoof_2019_LA/ASVspoof2019_LA_eval/flac/LA_E_1776088.flac,15
/data/DATASETS/ASV_Spoof_2019_LA/ASVspoof2019_LA_eval/flac/LA_E_1776813.flac,15
/data/DATASETS/ASV_Spoof_2019_LA/ASVspoof2019_LA_eval/flac/LA_E_1777199.flac,15
/data/DATASETS/ASV_Spoof_2019_LA/ASVspoof2019_LA_eval/flac/LA_E_1777847.flac,15
/data/DATASETS/ASV_Spoof_2019_LA/ASVspoof2019_LA_eval/flac/LA_E_1778350.flac,15
/data/DATASETS/ASV_Spoof_2019_LA/ASVspoof2019_LA_eval/flac/LA_E_1779233.flac,15
/data/DATASETS/ASV_Spoof_2019_LA/ASVspoof2019_LA_eval/flac/LA_E_1781620.flac,15
/data/DATASETS/ASV_Spoof_2019_LA/ASVspoof2019_LA_eval/flac/LA_E_1781840.flac,15
/data/DATASETS/ASV_Spoof_2019_LA/ASVspoof2019_LA_eval/flac/LA_E_1793264.flac,15
/data/DATASETS/ASV_Spoof_2019_LA/ASVspoof2019_LA_eval/flac/LA_E_1794153.flac,15
/data/DATASETS/ASV_Spoof_2019_LA/ASVspoof2019_LA_eval/flac/LA_E_1795576.flac,15
/data/DATASETS/ASV_Spoof_2019_LA/ASVspoof2019_LA_eval/flac/LA_E_1795916.flac,15
/data/DATASETS/ASV_Spoof_2019_LA/ASVspoof2019_LA_eval/flac/LA_E_1810120.flac,15
/data/DATASETS/ASV_Spoof_2019_LA/ASVspoof2019_LA_eval/flac/LA_E_1810391.flac,15
/data/DATASETS/ASV_Spoof_2019_LA/ASVspoof2019_LA_eval/flac/LA_E_1816552.flac,15
/data/DATASETS/ASV_Spoof_2019_LA/ASVspoof2019_LA_eval/flac/LA_E_1817025.flac,15
/data/DATASETS/ASV_Spoof_2019_LA/ASVspoof2019_LA_eval/flac/LA_E_1817237.flac,15
/data/DATASETS/ASV_Spoof_2019_LA/ASVspoof2019_LA_eval/flac/LA_E_1817385.flac,15
/data/DATASETS/ASV_Spoof_2019_LA/ASVspoof2019_LA_eval/flac/LA_E_1817669.flac,15
/data/DATASETS/ASV_Spoof_2019_LA/ASVspoof2019_LA_eval/flac/LA_E_1818903.flac,15
/data/DATASETS/ASV_Spoof_2019_LA/ASVspoof2019_LA_eval/flac/LA_E_1822221.flac,15
/data/DATASETS/ASV_Spoof_2019_LA/ASVspoof2019_LA_eval/flac/LA_E_1822635.flac,15
/data/DATASETS/ASV_Spoof_2019_LA/ASVspoof2019_LA_eval/flac/LA_E_1822667.flac,15
/data/DATASETS/ASV_Spoof_2019_LA/ASVspoof2019_LA_eval/flac/LA_E_1823002.flac,15
/data/DATASETS/ASV_Spoof_2019_LA/ASVspoof2019_LA_eval/flac/LA_E_1823212.flac,15
/data/DATASETS/ASV_Spoof_2019_LA/ASVspoof2019_LA_eval/flac/LA_E_1828753.flac,15
/data/DATASETS/ASV_Spoof_2019_LA/ASVspoof2019_LA_eval/flac/LA_E_1829892.flac,15
/data/DATASETS/ASV_Spoof_2019_LA/ASVspoof2019_LA_eval/flac/LA_E_1831814.flac,15
/data/DATASETS/ASV_Spoof_2019_LA/ASVspoof2019_LA_eval/flac/LA_E_1832183.flac,15
/data/DATASETS/ASV_Spoof_2019_LA/ASVspoof2019_LA_eval/flac/LA_E_1833604.flac,15
/data/DATASETS/ASV_Spoof_2019_LA/ASVspoof2019_LA_eval/flac/LA_E_1834005.flac,15
/data/DATASETS/ASV_Spoof_2019_LA/ASVspoof2019_LA_eval/flac/LA_E_1834784.flac,15
/data/DATASETS/ASV_Spoof_2019_LA/ASVspoof2019_LA_eval/flac/LA_E_1837235.flac,15
/data/DATASETS/ASV_Spoof_2019_LA/ASVspoof2019_LA_eval/flac/LA_E_1839754.flac,15
/data/DATASETS/ASV_Spoof_2019_LA/ASVspoof2019_LA_eval/flac/LA_E_1839872.flac,15
/data/DATASETS/ASV_Spoof_2019_LA/ASVspoof2019_LA_eval/flac/LA_E_1840790.flac,15
/data/DATASETS/ASV_Spoof_2019_LA/ASVspoof2019_LA_eval/flac/LA_E_1843663.flac,15
/data/DATASETS/ASV_Spoof_2019_LA/ASVspoof2019_LA_eval/flac/LA_E_1845094.flac,15
/data/DATASETS/ASV_Spoof_2019_LA/ASVspoof2019_LA_eval/flac/LA_E_1848184.flac,15
/data/DATASETS/ASV_Spoof_2019_LA/ASVspoof2019_LA_eval/flac/LA_E_1850089.flac,15
/data/DATASETS/ASV_Spoof_2019_LA/ASVspoof2019_LA_eval/flac/LA_E_1852876.flac,15
/data/DATASETS/ASV_Spoof_2019_LA/ASVspoof2019_LA_eval/flac/LA_E_1853195.flac,15
/data/DATASETS/ASV_Spoof_2019_LA/ASVspoof2019_LA_eval/flac/LA_E_1853792.flac,15
/data/DATASETS/ASV_Spoof_2019_LA/ASVspoof2019_LA_eval/flac/LA_E_1853966.flac,15
/data/DATASETS/ASV_Spoof_2019_LA/ASVspoof2019_LA_eval/flac/LA_E_1855476.flac,15
/data/DATASETS/ASV_Spoof_2019_LA/ASVspoof2019_LA_eval/flac/LA_E_1856200.flac,15
/data/DATASETS/ASV_Spoof_2019_LA/ASVspoof2019_LA_eval/flac/LA_E_1857589.flac,15
/data/DATASETS/ASV_Spoof_2019_LA/ASVspoof2019_LA_eval/flac/LA_E_1858399.flac,15
/data/DATASETS/ASV_Spoof_2019_LA/ASVspoof2019_LA_eval/flac/LA_E_1859663.flac,15
/data/DATASETS/ASV_Spoof_2019_LA/ASVspoof2019_LA_eval/flac/LA_E_1859994.flac,15
/data/DATASETS/ASV_Spoof_2019_LA/ASVspoof2019_LA_eval/flac/LA_E_1861917.flac,15
/data/DATASETS/ASV_Spoof_2019_LA/ASVspoof2019_LA_eval/flac/LA_E_1863711.flac,15
/data/DATASETS/ASV_Spoof_2019_LA/ASVspoof2019_LA_eval/flac/LA_E_1865287.flac,15
/data/DATASETS/ASV_Spoof_2019_LA/ASVspoof2019_LA_eval/flac/LA_E_1867482.flac,15
/data/DATASETS/ASV_Spoof_2019_LA/ASVspoof2019_LA_eval/flac/LA_E_1873850.flac,15
/data/DATASETS/ASV_Spoof_2019_LA/ASVspoof2019_LA_eval/flac/LA_E_1874933.flac,15
/data/DATASETS/ASV_Spoof_2019_LA/ASVspoof2019_LA_eval/flac/LA_E_1875259.flac,15
/data/DATASETS/ASV_Spoof_2019_LA/ASVspoof2019_LA_eval/flac/LA_E_1875310.flac,15
/data/DATASETS/ASV_Spoof_2019_LA/ASVspoof2019_LA_eval/flac/LA_E_1877237.flac,15
/data/DATASETS/ASV_Spoof_2019_LA/ASVspoof2019_LA_eval/flac/LA_E_1879297.flac,15
/data/DATASETS/ASV_Spoof_2019_LA/ASVspoof2019_LA_eval/flac/LA_E_1879333.flac,15
/data/DATASETS/ASV_Spoof_2019_LA/ASVspoof2019_LA_eval/flac/LA_E_1880454.flac,15
/data/DATASETS/ASV_Spoof_2019_LA/ASVspoof2019_LA_eval/flac/LA_E_1884672.flac,15
/data/DATASETS/ASV_Spoof_2019_LA/ASVspoof2019_LA_eval/flac/LA_E_1885918.flac,15
/data/DATASETS/ASV_Spoof_2019_LA/ASVspoof2019_LA_eval/flac/LA_E_1890880.flac,15
/data/DATASETS/ASV_Spoof_2019_LA/ASVspoof2019_LA_eval/flac/LA_E_1891215.flac,15
/data/DATASETS/ASV_Spoof_2019_LA/ASVspoof2019_LA_eval/flac/LA_E_1892916.flac,15
/data/DATASETS/ASV_Spoof_2019_LA/ASVspoof2019_LA_eval/flac/LA_E_1894078.flac,15
/data/DATASETS/ASV_Spoof_2019_LA/ASVspoof2019_LA_eval/flac/LA_E_1894508.flac,15
/data/DATASETS/ASV_Spoof_2019_LA/ASVspoof2019_LA_eval/flac/LA_E_1898220.flac,15
/data/DATASETS/ASV_Spoof_2019_LA/ASVspoof2019_LA_eval/flac/LA_E_1899698.flac,15
/data/DATASETS/ASV_Spoof_2019_LA/ASVspoof2019_LA_eval/flac/LA_E_1899728.flac,15
/data/DATASETS/ASV_Spoof_2019_LA/ASVspoof2019_LA_eval/flac/LA_E_1901014.flac,15
/data/DATASETS/ASV_Spoof_2019_LA/ASVspoof2019_LA_eval/flac/LA_E_1902590.flac,15
/data/DATASETS/ASV_Spoof_2019_LA/ASVspoof2019_LA_eval/flac/LA_E_1904912.flac,15
/data/DATASETS/ASV_Spoof_2019_LA/ASVspoof2019_LA_eval/flac/LA_E_1905942.flac,15
/data/DATASETS/ASV_Spoof_2019_LA/ASVspoof2019_LA_eval/flac/LA_E_1908974.flac,15
/data/DATASETS/ASV_Spoof_2019_LA/ASVspoof2019_LA_eval/flac/LA_E_1910354.flac,15
/data/DATASETS/ASV_Spoof_2019_LA/ASVspoof2019_LA_eval/flac/LA_E_1910981.flac,15
/data/DATASETS/ASV_Spoof_2019_LA/ASVspoof2019_LA_eval/flac/LA_E_1914525.flac,15
/data/DATASETS/ASV_Spoof_2019_LA/ASVspoof2019_LA_eval/flac/LA_E_1915370.flac,15
/data/DATASETS/ASV_Spoof_2019_LA/ASVspoof2019_LA_eval/flac/LA_E_1915449.flac,15
/data/DATASETS/ASV_Spoof_2019_LA/ASVspoof2019_LA_eval/flac/LA_E_1915847.flac,15
/data/DATASETS/ASV_Spoof_2019_LA/ASVspoof2019_LA_eval/flac/LA_E_1916951.flac,15
/data/DATASETS/ASV_Spoof_2019_LA/ASVspoof2019_LA_eval/flac/LA_E_1917043.flac,15
/data/DATASETS/ASV_Spoof_2019_LA/ASVspoof2019_LA_eval/flac/LA_E_1917814.flac,15
/data/DATASETS/ASV_Spoof_2019_LA/ASVspoof2019_LA_eval/flac/LA_E_1920098.flac,15
/data/DATASETS/ASV_Spoof_2019_LA/ASVspoof2019_LA_eval/flac/LA_E_1921227.flac,15
/data/DATASETS/ASV_Spoof_2019_LA/ASVspoof2019_LA_eval/flac/LA_E_1925859.flac,15
/data/DATASETS/ASV_Spoof_2019_LA/ASVspoof2019_LA_eval/flac/LA_E_1926080.flac,15
/data/DATASETS/ASV_Spoof_2019_LA/ASVspoof2019_LA_eval/flac/LA_E_1927927.flac,15
/data/DATASETS/ASV_Spoof_2019_LA/ASVspoof2019_LA_eval/flac/LA_E_1929061.flac,15
/data/DATASETS/ASV_Spoof_2019_LA/ASVspoof2019_LA_eval/flac/LA_E_1929888.flac,15
/data/DATASETS/ASV_Spoof_2019_LA/ASVspoof2019_LA_eval/flac/LA_E_1932002.flac,15
/data/DATASETS/ASV_Spoof_2019_LA/ASVspoof2019_LA_eval/flac/LA_E_1933795.flac,15
/data/DATASETS/ASV_Spoof_2019_LA/ASVspoof2019_LA_eval/flac/LA_E_1934873.flac,15
/data/DATASETS/ASV_Spoof_2019_LA/ASVspoof2019_LA_eval/flac/LA_E_1936276.flac,15
/data/DATASETS/ASV_Spoof_2019_LA/ASVspoof2019_LA_eval/flac/LA_E_1937264.flac,15
/data/DATASETS/ASV_Spoof_2019_LA/ASVspoof2019_LA_eval/flac/LA_E_1937639.flac,15
/data/DATASETS/ASV_Spoof_2019_LA/ASVspoof2019_LA_eval/flac/LA_E_1938527.flac,15
/data/DATASETS/ASV_Spoof_2019_LA/ASVspoof2019_LA_eval/flac/LA_E_1941859.flac,15
/data/DATASETS/ASV_Spoof_2019_LA/ASVspoof2019_LA_eval/flac/LA_E_1947388.flac,15
/data/DATASETS/ASV_Spoof_2019_LA/ASVspoof2019_LA_eval/flac/LA_E_1948224.flac,15
/data/DATASETS/ASV_Spoof_2019_LA/ASVspoof2019_LA_eval/flac/LA_E_1948290.flac,15
/data/DATASETS/ASV_Spoof_2019_LA/ASVspoof2019_LA_eval/flac/LA_E_1948345.flac,15
/data/DATASETS/ASV_Spoof_2019_LA/ASVspoof2019_LA_eval/flac/LA_E_1951757.flac,15
/data/DATASETS/ASV_Spoof_2019_LA/ASVspoof2019_LA_eval/flac/LA_E_1952919.flac,15
/data/DATASETS/ASV_Spoof_2019_LA/ASVspoof2019_LA_eval/flac/LA_E_1953768.flac,15
/data/DATASETS/ASV_Spoof_2019_LA/ASVspoof2019_LA_eval/flac/LA_E_1955012.flac,15
/data/DATASETS/ASV_Spoof_2019_LA/ASVspoof2019_LA_eval/flac/LA_E_1961791.flac,15
/data/DATASETS/ASV_Spoof_2019_LA/ASVspoof2019_LA_eval/flac/LA_E_1962455.flac,15
/data/DATASETS/ASV_Spoof_2019_LA/ASVspoof2019_LA_eval/flac/LA_E_1963148.flac,15
/data/DATASETS/ASV_Spoof_2019_LA/ASVspoof2019_LA_eval/flac/LA_E_1964913.flac,15
/data/DATASETS/ASV_Spoof_2019_LA/ASVspoof2019_LA_eval/flac/LA_E_1971489.flac,15
/data/DATASETS/ASV_Spoof_2019_LA/ASVspoof2019_LA_eval/flac/LA_E_1971907.flac,15
/data/DATASETS/ASV_Spoof_2019_LA/ASVspoof2019_LA_eval/flac/LA_E_1976970.flac,15
/data/DATASETS/ASV_Spoof_2019_LA/ASVspoof2019_LA_eval/flac/LA_E_1977525.flac,15
/data/DATASETS/ASV_Spoof_2019_LA/ASVspoof2019_LA_eval/flac/LA_E_1982531.flac,15
/data/DATASETS/ASV_Spoof_2019_LA/ASVspoof2019_LA_eval/flac/LA_E_1982859.flac,15
/data/DATASETS/ASV_Spoof_2019_LA/ASVspoof2019_LA_eval/flac/LA_E_1984157.flac,15
/data/DATASETS/ASV_Spoof_2019_LA/ASVspoof2019_LA_eval/flac/LA_E_1986582.flac,15
/data/DATASETS/ASV_Spoof_2019_LA/ASVspoof2019_LA_eval/flac/LA_E_1986627.flac,15
/data/DATASETS/ASV_Spoof_2019_LA/ASVspoof2019_LA_eval/flac/LA_E_1988167.flac,15
/data/DATASETS/ASV_Spoof_2019_LA/ASVspoof2019_LA_eval/flac/LA_E_1990865.flac,15
/data/DATASETS/ASV_Spoof_2019_LA/ASVspoof2019_LA_eval/flac/LA_E_1991485.flac,15
/data/DATASETS/ASV_Spoof_2019_LA/ASVspoof2019_LA_eval/flac/LA_E_1992799.flac,15
/data/DATASETS/ASV_Spoof_2019_LA/ASVspoof2019_LA_eval/flac/LA_E_1993628.flac,15
/data/DATASETS/ASV_Spoof_2019_LA/ASVspoof2019_LA_eval/flac/LA_E_1997864.flac,15
/data/DATASETS/ASV_Spoof_2019_LA/ASVspoof2019_LA_eval/flac/LA_E_1999022.flac,15
/data/DATASETS/ASV_Spoof_2019_LA/ASVspoof2019_LA_eval/flac/LA_E_1999105.flac,15
/data/DATASETS/ASV_Spoof_2019_LA/ASVspoof2019_LA_eval/flac/LA_E_2001012.flac,15
/data/DATASETS/ASV_Spoof_2019_LA/ASVspoof2019_LA_eval/flac/LA_E_2006520.flac,15
/data/DATASETS/ASV_Spoof_2019_LA/ASVspoof2019_LA_eval/flac/LA_E_2006534.flac,15
/data/DATASETS/ASV_Spoof_2019_LA/ASVspoof2019_LA_eval/flac/LA_E_2010296.flac,15
/data/DATASETS/ASV_Spoof_2019_LA/ASVspoof2019_LA_eval/flac/LA_E_2011530.flac,15
/data/DATASETS/ASV_Spoof_2019_LA/ASVspoof2019_LA_eval/flac/LA_E_2017467.flac,15
/data/DATASETS/ASV_Spoof_2019_LA/ASVspoof2019_LA_eval/flac/LA_E_2017694.flac,15
/data/DATASETS/ASV_Spoof_2019_LA/ASVspoof2019_LA_eval/flac/LA_E_2018276.flac,15
/data/DATASETS/ASV_Spoof_2019_LA/ASVspoof2019_LA_eval/flac/LA_E_2018770.flac,15
/data/DATASETS/ASV_Spoof_2019_LA/ASVspoof2019_LA_eval/flac/LA_E_2020743.flac,15
/data/DATASETS/ASV_Spoof_2019_LA/ASVspoof2019_LA_eval/flac/LA_E_2020980.flac,15
/data/DATASETS/ASV_Spoof_2019_LA/ASVspoof2019_LA_eval/flac/LA_E_2021073.flac,15
/data/DATASETS/ASV_Spoof_2019_LA/ASVspoof2019_LA_eval/flac/LA_E_2030139.flac,15
/data/DATASETS/ASV_Spoof_2019_LA/ASVspoof2019_LA_eval/flac/LA_E_2030966.flac,15
/data/DATASETS/ASV_Spoof_2019_LA/ASVspoof2019_LA_eval/flac/LA_E_2031976.flac,15
/data/DATASETS/ASV_Spoof_2019_LA/ASVspoof2019_LA_eval/flac/LA_E_2034891.flac,15
/data/DATASETS/ASV_Spoof_2019_LA/ASVspoof2019_LA_eval/flac/LA_E_2036306.flac,15
/data/DATASETS/ASV_Spoof_2019_LA/ASVspoof2019_LA_eval/flac/LA_E_2038391.flac,15
/data/DATASETS/ASV_Spoof_2019_LA/ASVspoof2019_LA_eval/flac/LA_E_2041708.flac,15
/data/DATASETS/ASV_Spoof_2019_LA/ASVspoof2019_LA_eval/flac/LA_E_2045238.flac,15
/data/DATASETS/ASV_Spoof_2019_LA/ASVspoof2019_LA_eval/flac/LA_E_2046129.flac,15
/data/DATASETS/ASV_Spoof_2019_LA/ASVspoof2019_LA_eval/flac/LA_E_2047990.flac,15
/data/DATASETS/ASV_Spoof_2019_LA/ASVspoof2019_LA_eval/flac/LA_E_2048279.flac,15
/data/DATASETS/ASV_Spoof_2019_LA/ASVspoof2019_LA_eval/flac/LA_E_2048898.flac,15
/data/DATASETS/ASV_Spoof_2019_LA/ASVspoof2019_LA_eval/flac/LA_E_2049993.flac,15
/data/DATASETS/ASV_Spoof_2019_LA/ASVspoof2019_LA_eval/flac/LA_E_2050726.flac,15
/data/DATASETS/ASV_Spoof_2019_LA/ASVspoof2019_LA_eval/flac/LA_E_2052058.flac,15
/data/DATASETS/ASV_Spoof_2019_LA/ASVspoof2019_LA_eval/flac/LA_E_2052588.flac,15
/data/DATASETS/ASV_Spoof_2019_LA/ASVspoof2019_LA_eval/flac/LA_E_2054438.flac,15
/data/DATASETS/ASV_Spoof_2019_LA/ASVspoof2019_LA_eval/flac/LA_E_2060837.flac,15
/data/DATASETS/ASV_Spoof_2019_LA/ASVspoof2019_LA_eval/flac/LA_E_2060856.flac,15
/data/DATASETS/ASV_Spoof_2019_LA/ASVspoof2019_LA_eval/flac/LA_E_2062193.flac,15
/data/DATASETS/ASV_Spoof_2019_LA/ASVspoof2019_LA_eval/flac/LA_E_2070382.flac,15
/data/DATASETS/ASV_Spoof_2019_LA/ASVspoof2019_LA_eval/flac/LA_E_2071717.flac,15
/data/DATASETS/ASV_Spoof_2019_LA/ASVspoof2019_LA_eval/flac/LA_E_2072959.flac,15
/data/DATASETS/ASV_Spoof_2019_LA/ASVspoof2019_LA_eval/flac/LA_E_2074414.flac,15
/data/DATASETS/ASV_Spoof_2019_LA/ASVspoof2019_LA_eval/flac/LA_E_2075447.flac,15
/data/DATASETS/ASV_Spoof_2019_LA/ASVspoof2019_LA_eval/flac/LA_E_2078711.flac,15
/data/DATASETS/ASV_Spoof_2019_LA/ASVspoof2019_LA_eval/flac/LA_E_2079007.flac,15
/data/DATASETS/ASV_Spoof_2019_LA/ASVspoof2019_LA_eval/flac/LA_E_2079608.flac,15
/data/DATASETS/ASV_Spoof_2019_LA/ASVspoof2019_LA_eval/flac/LA_E_2080601.flac,15
/data/DATASETS/ASV_Spoof_2019_LA/ASVspoof2019_LA_eval/flac/LA_E_2080629.flac,15
/data/DATASETS/ASV_Spoof_2019_LA/ASVspoof2019_LA_eval/flac/LA_E_2082204.flac,15
/data/DATASETS/ASV_Spoof_2019_LA/ASVspoof2019_LA_eval/flac/LA_E_2083329.flac,15
/data/DATASETS/ASV_Spoof_2019_LA/ASVspoof2019_LA_eval/flac/LA_E_2085297.flac,15
/data/DATASETS/ASV_Spoof_2019_LA/ASVspoof2019_LA_eval/flac/LA_E_2085546.flac,15
/data/DATASETS/ASV_Spoof_2019_LA/ASVspoof2019_LA_eval/flac/LA_E_2086398.flac,15
/data/DATASETS/ASV_Spoof_2019_LA/ASVspoof2019_LA_eval/flac/LA_E_2086505.flac,15
/data/DATASETS/ASV_Spoof_2019_LA/ASVspoof2019_LA_eval/flac/LA_E_2088556.flac,15
/data/DATASETS/ASV_Spoof_2019_LA/ASVspoof2019_LA_eval/flac/LA_E_2089782.flac,15
/data/DATASETS/ASV_Spoof_2019_LA/ASVspoof2019_LA_eval/flac/LA_E_2090546.flac,15
/data/DATASETS/ASV_Spoof_2019_LA/ASVspoof2019_LA_eval/flac/LA_E_2091473.flac,15
/data/DATASETS/ASV_Spoof_2019_LA/ASVspoof2019_LA_eval/flac/LA_E_2095765.flac,15
/data/DATASETS/ASV_Spoof_2019_LA/ASVspoof2019_LA_eval/flac/LA_E_2096304.flac,15
/data/DATASETS/ASV_Spoof_2019_LA/ASVspoof2019_LA_eval/flac/LA_E_2098117.flac,15
/data/DATASETS/ASV_Spoof_2019_LA/ASVspoof2019_LA_eval/flac/LA_E_2100471.flac,15
/data/DATASETS/ASV_Spoof_2019_LA/ASVspoof2019_LA_eval/flac/LA_E_2103590.flac,15
/data/DATASETS/ASV_Spoof_2019_LA/ASVspoof2019_LA_eval/flac/LA_E_2105326.flac,15
/data/DATASETS/ASV_Spoof_2019_LA/ASVspoof2019_LA_eval/flac/LA_E_2106266.flac,15
/data/DATASETS/ASV_Spoof_2019_LA/ASVspoof2019_LA_eval/flac/LA_E_2107072.flac,15
/data/DATASETS/ASV_Spoof_2019_LA/ASVspoof2019_LA_eval/flac/LA_E_2108655.flac,15
/data/DATASETS/ASV_Spoof_2019_LA/ASVspoof2019_LA_eval/flac/LA_E_2110754.flac,15
/data/DATASETS/ASV_Spoof_2019_LA/ASVspoof2019_LA_eval/flac/LA_E_2111022.flac,15
/data/DATASETS/ASV_Spoof_2019_LA/ASVspoof2019_LA_eval/flac/LA_E_2111838.flac,15
/data/DATASETS/ASV_Spoof_2019_LA/ASVspoof2019_LA_eval/flac/LA_E_2113242.flac,15
/data/DATASETS/ASV_Spoof_2019_LA/ASVspoof2019_LA_eval/flac/LA_E_2116354.flac,15
/data/DATASETS/ASV_Spoof_2019_LA/ASVspoof2019_LA_eval/flac/LA_E_2116958.flac,15
/data/DATASETS/ASV_Spoof_2019_LA/ASVspoof2019_LA_eval/flac/LA_E_2122708.flac,15
/data/DATASETS/ASV_Spoof_2019_LA/ASVspoof2019_LA_eval/flac/LA_E_2123799.flac,15
/data/DATASETS/ASV_Spoof_2019_LA/ASVspoof2019_LA_eval/flac/LA_E_2123826.flac,15
/data/DATASETS/ASV_Spoof_2019_LA/ASVspoof2019_LA_eval/flac/LA_E_2126338.flac,15
/data/DATASETS/ASV_Spoof_2019_LA/ASVspoof2019_LA_eval/flac/LA_E_2128392.flac,15
/data/DATASETS/ASV_Spoof_2019_LA/ASVspoof2019_LA_eval/flac/LA_E_2131104.flac,15
/data/DATASETS/ASV_Spoof_2019_LA/ASVspoof2019_LA_eval/flac/LA_E_2132728.flac,15
/data/DATASETS/ASV_Spoof_2019_LA/ASVspoof2019_LA_eval/flac/LA_E_2133294.flac,15
/data/DATASETS/ASV_Spoof_2019_LA/ASVspoof2019_LA_eval/flac/LA_E_2135881.flac,15
/data/DATASETS/ASV_Spoof_2019_LA/ASVspoof2019_LA_eval/flac/LA_E_2137213.flac,15
/data/DATASETS/ASV_Spoof_2019_LA/ASVspoof2019_LA_eval/flac/LA_E_2137435.flac,15
/data/DATASETS/ASV_Spoof_2019_LA/ASVspoof2019_LA_eval/flac/LA_E_2138153.flac,15
/data/DATASETS/ASV_Spoof_2019_LA/ASVspoof2019_LA_eval/flac/LA_E_2139468.flac,15
/data/DATASETS/ASV_Spoof_2019_LA/ASVspoof2019_LA_eval/flac/LA_E_2139475.flac,15
/data/DATASETS/ASV_Spoof_2019_LA/ASVspoof2019_LA_eval/flac/LA_E_2140409.flac,15
/data/DATASETS/ASV_Spoof_2019_LA/ASVspoof2019_LA_eval/flac/LA_E_2140524.flac,15
/data/DATASETS/ASV_Spoof_2019_LA/ASVspoof2019_LA_eval/flac/LA_E_2140871.flac,15
/data/DATASETS/ASV_Spoof_2019_LA/ASVspoof2019_LA_eval/flac/LA_E_2144926.flac,15
/data/DATASETS/ASV_Spoof_2019_LA/ASVspoof2019_LA_eval/flac/LA_E_2145238.flac,15
/data/DATASETS/ASV_Spoof_2019_LA/ASVspoof2019_LA_eval/flac/LA_E_2145256.flac,15
/data/DATASETS/ASV_Spoof_2019_LA/ASVspoof2019_LA_eval/flac/LA_E_2145502.flac,15
/data/DATASETS/ASV_Spoof_2019_LA/ASVspoof2019_LA_eval/flac/LA_E_2145625.flac,15
/data/DATASETS/ASV_Spoof_2019_LA/ASVspoof2019_LA_eval/flac/LA_E_2148053.flac,15
/data/DATASETS/ASV_Spoof_2019_LA/ASVspoof2019_LA_eval/flac/LA_E_2148984.flac,15
/data/DATASETS/ASV_Spoof_2019_LA/ASVspoof2019_LA_eval/flac/LA_E_2152501.flac,15
/data/DATASETS/ASV_Spoof_2019_LA/ASVspoof2019_LA_eval/flac/LA_E_2156972.flac,15
/data/DATASETS/ASV_Spoof_2019_LA/ASVspoof2019_LA_eval/flac/LA_E_2158420.flac,15
/data/DATASETS/ASV_Spoof_2019_LA/ASVspoof2019_LA_eval/flac/LA_E_2162411.flac,15
/data/DATASETS/ASV_Spoof_2019_LA/ASVspoof2019_LA_eval/flac/LA_E_2165928.flac,15
/data/DATASETS/ASV_Spoof_2019_LA/ASVspoof2019_LA_eval/flac/LA_E_2169641.flac,15
/data/DATASETS/ASV_Spoof_2019_LA/ASVspoof2019_LA_eval/flac/LA_E_2169961.flac,15
/data/DATASETS/ASV_Spoof_2019_LA/ASVspoof2019_LA_eval/flac/LA_E_2171509.flac,15
/data/DATASETS/ASV_Spoof_2019_LA/ASVspoof2019_LA_eval/flac/LA_E_2173028.flac,15
/data/DATASETS/ASV_Spoof_2019_LA/ASVspoof2019_LA_eval/flac/LA_E_2173483.flac,15
/data/DATASETS/ASV_Spoof_2019_LA/ASVspoof2019_LA_eval/flac/LA_E_2174988.flac,15
/data/DATASETS/ASV_Spoof_2019_LA/ASVspoof2019_LA_eval/flac/LA_E_2175443.flac,15
/data/DATASETS/ASV_Spoof_2019_LA/ASVspoof2019_LA_eval/flac/LA_E_2181396.flac,15
/data/DATASETS/ASV_Spoof_2019_LA/ASVspoof2019_LA_eval/flac/LA_E_2182337.flac,15
/data/DATASETS/ASV_Spoof_2019_LA/ASVspoof2019_LA_eval/flac/LA_E_2182398.flac,15
/data/DATASETS/ASV_Spoof_2019_LA/ASVspoof2019_LA_eval/flac/LA_E_2185951.flac,15
/data/DATASETS/ASV_Spoof_2019_LA/ASVspoof2019_LA_eval/flac/LA_E_2189212.flac,15
/data/DATASETS/ASV_Spoof_2019_LA/ASVspoof2019_LA_eval/flac/LA_E_2189786.flac,15
/data/DATASETS/ASV_Spoof_2019_LA/ASVspoof2019_LA_eval/flac/LA_E_2190358.flac,15
/data/DATASETS/ASV_Spoof_2019_LA/ASVspoof2019_LA_eval/flac/LA_E_2193982.flac,15
/data/DATASETS/ASV_Spoof_2019_LA/ASVspoof2019_LA_eval/flac/LA_E_2200243.flac,15
/data/DATASETS/ASV_Spoof_2019_LA/ASVspoof2019_LA_eval/flac/LA_E_2207936.flac,15
/data/DATASETS/ASV_Spoof_2019_LA/ASVspoof2019_LA_eval/flac/LA_E_2208032.flac,15
/data/DATASETS/ASV_Spoof_2019_LA/ASVspoof2019_LA_eval/flac/LA_E_2210013.flac,15
/data/DATASETS/ASV_Spoof_2019_LA/ASVspoof2019_LA_eval/flac/LA_E_2211889.flac,15
/data/DATASETS/ASV_Spoof_2019_LA/ASVspoof2019_LA_eval/flac/LA_E_2215030.flac,15
/data/DATASETS/ASV_Spoof_2019_LA/ASVspoof2019_LA_eval/flac/LA_E_2215094.flac,15
/data/DATASETS/ASV_Spoof_2019_LA/ASVspoof2019_LA_eval/flac/LA_E_2215218.flac,15
/data/DATASETS/ASV_Spoof_2019_LA/ASVspoof2019_LA_eval/flac/LA_E_2221423.flac,15
/data/DATASETS/ASV_Spoof_2019_LA/ASVspoof2019_LA_eval/flac/LA_E_2222897.flac,15
/data/DATASETS/ASV_Spoof_2019_LA/ASVspoof2019_LA_eval/flac/LA_E_2223648.flac,15
/data/DATASETS/ASV_Spoof_2019_LA/ASVspoof2019_LA_eval/flac/LA_E_2226844.flac,15
/data/DATASETS/ASV_Spoof_2019_LA/ASVspoof2019_LA_eval/flac/LA_E_2228004.flac,15
/data/DATASETS/ASV_Spoof_2019_LA/ASVspoof2019_LA_eval/flac/LA_E_2230705.flac,15
/data/DATASETS/ASV_Spoof_2019_LA/ASVspoof2019_LA_eval/flac/LA_E_2231249.flac,15
/data/DATASETS/ASV_Spoof_2019_LA/ASVspoof2019_LA_eval/flac/LA_E_2234815.flac,15
/data/DATASETS/ASV_Spoof_2019_LA/ASVspoof2019_LA_eval/flac/LA_E_2238937.flac,15
/data/DATASETS/ASV_Spoof_2019_LA/ASVspoof2019_LA_eval/flac/LA_E_2240742.flac,15
/data/DATASETS/ASV_Spoof_2019_LA/ASVspoof2019_LA_eval/flac/LA_E_2241687.flac,15
/data/DATASETS/ASV_Spoof_2019_LA/ASVspoof2019_LA_eval/flac/LA_E_2242596.flac,15
/data/DATASETS/ASV_Spoof_2019_LA/ASVspoof2019_LA_eval/flac/LA_E_2243757.flac,15
/data/DATASETS/ASV_Spoof_2019_LA/ASVspoof2019_LA_eval/flac/LA_E_2248812.flac,15
/data/DATASETS/ASV_Spoof_2019_LA/ASVspoof2019_LA_eval/flac/LA_E_2248941.flac,15
/data/DATASETS/ASV_Spoof_2019_LA/ASVspoof2019_LA_eval/flac/LA_E_2250848.flac,15
/data/DATASETS/ASV_Spoof_2019_LA/ASVspoof2019_LA_eval/flac/LA_E_2252763.flac,15
/data/DATASETS/ASV_Spoof_2019_LA/ASVspoof2019_LA_eval/flac/LA_E_2253275.flac,15
/data/DATASETS/ASV_Spoof_2019_LA/ASVspoof2019_LA_eval/flac/LA_E_2254308.flac,15
/data/DATASETS/ASV_Spoof_2019_LA/ASVspoof2019_LA_eval/flac/LA_E_2255490.flac,15
/data/DATASETS/ASV_Spoof_2019_LA/ASVspoof2019_LA_eval/flac/LA_E_2258849.flac,15
/data/DATASETS/ASV_Spoof_2019_LA/ASVspoof2019_LA_eval/flac/LA_E_2259988.flac,15
/data/DATASETS/ASV_Spoof_2019_LA/ASVspoof2019_LA_eval/flac/LA_E_2260751.flac,15
/data/DATASETS/ASV_Spoof_2019_LA/ASVspoof2019_LA_eval/flac/LA_E_2262848.flac,15
/data/DATASETS/ASV_Spoof_2019_LA/ASVspoof2019_LA_eval/flac/LA_E_2264121.flac,15
/data/DATASETS/ASV_Spoof_2019_LA/ASVspoof2019_LA_eval/flac/LA_E_2271019.flac,15
/data/DATASETS/ASV_Spoof_2019_LA/ASVspoof2019_LA_eval/flac/LA_E_2277571.flac,15
/data/DATASETS/ASV_Spoof_2019_LA/ASVspoof2019_LA_eval/flac/LA_E_2283055.flac,15
/data/DATASETS/ASV_Spoof_2019_LA/ASVspoof2019_LA_eval/flac/LA_E_2283596.flac,15
/data/DATASETS/ASV_Spoof_2019_LA/ASVspoof2019_LA_eval/flac/LA_E_2289990.flac,15
/data/DATASETS/ASV_Spoof_2019_LA/ASVspoof2019_LA_eval/flac/LA_E_2293884.flac,15
/data/DATASETS/ASV_Spoof_2019_LA/ASVspoof2019_LA_eval/flac/LA_E_2298775.flac,15
/data/DATASETS/ASV_Spoof_2019_LA/ASVspoof2019_LA_eval/flac/LA_E_2299283.flac,15
/data/DATASETS/ASV_Spoof_2019_LA/ASVspoof2019_LA_eval/flac/LA_E_2299737.flac,15
/data/DATASETS/ASV_Spoof_2019_LA/ASVspoof2019_LA_eval/flac/LA_E_2299843.flac,15
/data/DATASETS/ASV_Spoof_2019_LA/ASVspoof2019_LA_eval/flac/LA_E_2302740.flac,15
/data/DATASETS/ASV_Spoof_2019_LA/ASVspoof2019_LA_eval/flac/LA_E_2302994.flac,15
/data/DATASETS/ASV_Spoof_2019_LA/ASVspoof2019_LA_eval/flac/LA_E_2302996.flac,15
/data/DATASETS/ASV_Spoof_2019_LA/ASVspoof2019_LA_eval/flac/LA_E_2305439.flac,15
/data/DATASETS/ASV_Spoof_2019_LA/ASVspoof2019_LA_eval/flac/LA_E_2305519.flac,15
/data/DATASETS/ASV_Spoof_2019_LA/ASVspoof2019_LA_eval/flac/LA_E_2306804.flac,15
/data/DATASETS/ASV_Spoof_2019_LA/ASVspoof2019_LA_eval/flac/LA_E_2307019.flac,15
/data/DATASETS/ASV_Spoof_2019_LA/ASVspoof2019_LA_eval/flac/LA_E_2308509.flac,15
/data/DATASETS/ASV_Spoof_2019_LA/ASVspoof2019_LA_eval/flac/LA_E_2311819.flac,15
/data/DATASETS/ASV_Spoof_2019_LA/ASVspoof2019_LA_eval/flac/LA_E_2312714.flac,15
/data/DATASETS/ASV_Spoof_2019_LA/ASVspoof2019_LA_eval/flac/LA_E_2313594.flac,15
/data/DATASETS/ASV_Spoof_2019_LA/ASVspoof2019_LA_eval/flac/LA_E_2318016.flac,15
/data/DATASETS/ASV_Spoof_2019_LA/ASVspoof2019_LA_eval/flac/LA_E_2320516.flac,15
/data/DATASETS/ASV_Spoof_2019_LA/ASVspoof2019_LA_eval/flac/LA_E_2323174.flac,15
/data/DATASETS/ASV_Spoof_2019_LA/ASVspoof2019_LA_eval/flac/LA_E_2324989.flac,15
/data/DATASETS/ASV_Spoof_2019_LA/ASVspoof2019_LA_eval/flac/LA_E_2325221.flac,15
/data/DATASETS/ASV_Spoof_2019_LA/ASVspoof2019_LA_eval/flac/LA_E_2325389.flac,15
/data/DATASETS/ASV_Spoof_2019_LA/ASVspoof2019_LA_eval/flac/LA_E_2325832.flac,15
/data/DATASETS/ASV_Spoof_2019_LA/ASVspoof2019_LA_eval/flac/LA_E_2328710.flac,15
/data/DATASETS/ASV_Spoof_2019_LA/ASVspoof2019_LA_eval/flac/LA_E_2332655.flac,15
/data/DATASETS/ASV_Spoof_2019_LA/ASVspoof2019_LA_eval/flac/LA_E_2332964.flac,15
/data/DATASETS/ASV_Spoof_2019_LA/ASVspoof2019_LA_eval/flac/LA_E_2334261.flac,15
/data/DATASETS/ASV_Spoof_2019_LA/ASVspoof2019_LA_eval/flac/LA_E_2341349.flac,15
/data/DATASETS/ASV_Spoof_2019_LA/ASVspoof2019_LA_eval/flac/LA_E_2342125.flac,15
/data/DATASETS/ASV_Spoof_2019_LA/ASVspoof2019_LA_eval/flac/LA_E_2343220.flac,15
/data/DATASETS/ASV_Spoof_2019_LA/ASVspoof2019_LA_eval/flac/LA_E_2343565.flac,15
/data/DATASETS/ASV_Spoof_2019_LA/ASVspoof2019_LA_eval/flac/LA_E_2343946.flac,15
/data/DATASETS/ASV_Spoof_2019_LA/ASVspoof2019_LA_eval/flac/LA_E_2347778.flac,15
/data/DATASETS/ASV_Spoof_2019_LA/ASVspoof2019_LA_eval/flac/LA_E_2348011.flac,15
/data/DATASETS/ASV_Spoof_2019_LA/ASVspoof2019_LA_eval/flac/LA_E_2349486.flac,15
/data/DATASETS/ASV_Spoof_2019_LA/ASVspoof2019_LA_eval/flac/LA_E_2350329.flac,15
/data/DATASETS/ASV_Spoof_2019_LA/ASVspoof2019_LA_eval/flac/LA_E_2351163.flac,15
/data/DATASETS/ASV_Spoof_2019_LA/ASVspoof2019_LA_eval/flac/LA_E_2351340.flac,15
/data/DATASETS/ASV_Spoof_2019_LA/ASVspoof2019_LA_eval/flac/LA_E_2351938.flac,15
/data/DATASETS/ASV_Spoof_2019_LA/ASVspoof2019_LA_eval/flac/LA_E_2353932.flac,15
/data/DATASETS/ASV_Spoof_2019_LA/ASVspoof2019_LA_eval/flac/LA_E_2354791.flac,15
/data/DATASETS/ASV_Spoof_2019_LA/ASVspoof2019_LA_eval/flac/LA_E_2360890.flac,15
/data/DATASETS/ASV_Spoof_2019_LA/ASVspoof2019_LA_eval/flac/LA_E_2363043.flac,15
/data/DATASETS/ASV_Spoof_2019_LA/ASVspoof2019_LA_eval/flac/LA_E_2365043.flac,15
/data/DATASETS/ASV_Spoof_2019_LA/ASVspoof2019_LA_eval/flac/LA_E_2365372.flac,15
/data/DATASETS/ASV_Spoof_2019_LA/ASVspoof2019_LA_eval/flac/LA_E_2368109.flac,15
/data/DATASETS/ASV_Spoof_2019_LA/ASVspoof2019_LA_eval/flac/LA_E_2368463.flac,15
/data/DATASETS/ASV_Spoof_2019_LA/ASVspoof2019_LA_eval/flac/LA_E_2368833.flac,15
/data/DATASETS/ASV_Spoof_2019_LA/ASVspoof2019_LA_eval/flac/LA_E_2377304.flac,15
/data/DATASETS/ASV_Spoof_2019_LA/ASVspoof2019_LA_eval/flac/LA_E_2377847.flac,15
/data/DATASETS/ASV_Spoof_2019_LA/ASVspoof2019_LA_eval/flac/LA_E_2378759.flac,15
/data/DATASETS/ASV_Spoof_2019_LA/ASVspoof2019_LA_eval/flac/LA_E_2378765.flac,15
/data/DATASETS/ASV_Spoof_2019_LA/ASVspoof2019_LA_eval/flac/LA_E_2383223.flac,15
/data/DATASETS/ASV_Spoof_2019_LA/ASVspoof2019_LA_eval/flac/LA_E_2389775.flac,15
/data/DATASETS/ASV_Spoof_2019_LA/ASVspoof2019_LA_eval/flac/LA_E_2390337.flac,15
/data/DATASETS/ASV_Spoof_2019_LA/ASVspoof2019_LA_eval/flac/LA_E_2390489.flac,15
/data/DATASETS/ASV_Spoof_2019_LA/ASVspoof2019_LA_eval/flac/LA_E_2392789.flac,15
/data/DATASETS/ASV_Spoof_2019_LA/ASVspoof2019_LA_eval/flac/LA_E_2396701.flac,15
/data/DATASETS/ASV_Spoof_2019_LA/ASVspoof2019_LA_eval/flac/LA_E_2402112.flac,15
/data/DATASETS/ASV_Spoof_2019_LA/ASVspoof2019_LA_eval/flac/LA_E_2403641.flac,15
/data/DATASETS/ASV_Spoof_2019_LA/ASVspoof2019_LA_eval/flac/LA_E_2406101.flac,15
/data/DATASETS/ASV_Spoof_2019_LA/ASVspoof2019_LA_eval/flac/LA_E_2409919.flac,15
/data/DATASETS/ASV_Spoof_2019_LA/ASVspoof2019_LA_eval/flac/LA_E_2410081.flac,15
/data/DATASETS/ASV_Spoof_2019_LA/ASVspoof2019_LA_eval/flac/LA_E_2411853.flac,15
/data/DATASETS/ASV_Spoof_2019_LA/ASVspoof2019_LA_eval/flac/LA_E_2412958.flac,15
/data/DATASETS/ASV_Spoof_2019_LA/ASVspoof2019_LA_eval/flac/LA_E_2414001.flac,15
/data/DATASETS/ASV_Spoof_2019_LA/ASVspoof2019_LA_eval/flac/LA_E_2414411.flac,15
/data/DATASETS/ASV_Spoof_2019_LA/ASVspoof2019_LA_eval/flac/LA_E_2415079.flac,15
/data/DATASETS/ASV_Spoof_2019_LA/ASVspoof2019_LA_eval/flac/LA_E_2415537.flac,15
/data/DATASETS/ASV_Spoof_2019_LA/ASVspoof2019_LA_eval/flac/LA_E_2422921.flac,15
/data/DATASETS/ASV_Spoof_2019_LA/ASVspoof2019_LA_eval/flac/LA_E_2425535.flac,15
/data/DATASETS/ASV_Spoof_2019_LA/ASVspoof2019_LA_eval/flac/LA_E_2430537.flac,15
/data/DATASETS/ASV_Spoof_2019_LA/ASVspoof2019_LA_eval/flac/LA_E_2431513.flac,15
/data/DATASETS/ASV_Spoof_2019_LA/ASVspoof2019_LA_eval/flac/LA_E_2432059.flac,15
/data/DATASETS/ASV_Spoof_2019_LA/ASVspoof2019_LA_eval/flac/LA_E_2432598.flac,15
/data/DATASETS/ASV_Spoof_2019_LA/ASVspoof2019_LA_eval/flac/LA_E_2433795.flac,15
/data/DATASETS/ASV_Spoof_2019_LA/ASVspoof2019_LA_eval/flac/LA_E_2434688.flac,15
/data/DATASETS/ASV_Spoof_2019_LA/ASVspoof2019_LA_eval/flac/LA_E_2436818.flac,15
/data/DATASETS/ASV_Spoof_2019_LA/ASVspoof2019_LA_eval/flac/LA_E_2436953.flac,15
/data/DATASETS/ASV_Spoof_2019_LA/ASVspoof2019_LA_eval/flac/LA_E_2437863.flac,15
/data/DATASETS/ASV_Spoof_2019_LA/ASVspoof2019_LA_eval/flac/LA_E_2438379.flac,15
/data/DATASETS/ASV_Spoof_2019_LA/ASVspoof2019_LA_eval/flac/LA_E_2439085.flac,15
/data/DATASETS/ASV_Spoof_2019_LA/ASVspoof2019_LA_eval/flac/LA_E_2442854.flac,15
/data/DATASETS/ASV_Spoof_2019_LA/ASVspoof2019_LA_eval/flac/LA_E_2443472.flac,15
/data/DATASETS/ASV_Spoof_2019_LA/ASVspoof2019_LA_eval/flac/LA_E_2444167.flac,15
/data/DATASETS/ASV_Spoof_2019_LA/ASVspoof2019_LA_eval/flac/LA_E_2445241.flac,15
/data/DATASETS/ASV_Spoof_2019_LA/ASVspoof2019_LA_eval/flac/LA_E_2447256.flac,15
/data/DATASETS/ASV_Spoof_2019_LA/ASVspoof2019_LA_eval/flac/LA_E_2448935.flac,15
/data/DATASETS/ASV_Spoof_2019_LA/ASVspoof2019_LA_eval/flac/LA_E_2449760.flac,15
/data/DATASETS/ASV_Spoof_2019_LA/ASVspoof2019_LA_eval/flac/LA_E_2450860.flac,15
/data/DATASETS/ASV_Spoof_2019_LA/ASVspoof2019_LA_eval/flac/LA_E_2452350.flac,15
/data/DATASETS/ASV_Spoof_2019_LA/ASVspoof2019_LA_eval/flac/LA_E_2453704.flac,15
/data/DATASETS/ASV_Spoof_2019_LA/ASVspoof2019_LA_eval/flac/LA_E_2455465.flac,15
/data/DATASETS/ASV_Spoof_2019_LA/ASVspoof2019_LA_eval/flac/LA_E_2458345.flac,15
/data/DATASETS/ASV_Spoof_2019_LA/ASVspoof2019_LA_eval/flac/LA_E_2459534.flac,15
/data/DATASETS/ASV_Spoof_2019_LA/ASVspoof2019_LA_eval/flac/LA_E_2462002.flac,15
/data/DATASETS/ASV_Spoof_2019_LA/ASVspoof2019_LA_eval/flac/LA_E_2467754.flac,15
/data/DATASETS/ASV_Spoof_2019_LA/ASVspoof2019_LA_eval/flac/LA_E_2469605.flac,15
/data/DATASETS/ASV_Spoof_2019_LA/ASVspoof2019_LA_eval/flac/LA_E_2470366.flac,15
/data/DATASETS/ASV_Spoof_2019_LA/ASVspoof2019_LA_eval/flac/LA_E_2471500.flac,15
/data/DATASETS/ASV_Spoof_2019_LA/ASVspoof2019_LA_eval/flac/LA_E_2474092.flac,15
/data/DATASETS/ASV_Spoof_2019_LA/ASVspoof2019_LA_eval/flac/LA_E_2477401.flac,15
/data/DATASETS/ASV_Spoof_2019_LA/ASVspoof2019_LA_eval/flac/LA_E_2477537.flac,15
/data/DATASETS/ASV_Spoof_2019_LA/ASVspoof2019_LA_eval/flac/LA_E_2483132.flac,15
/data/DATASETS/ASV_Spoof_2019_LA/ASVspoof2019_LA_eval/flac/LA_E_2483525.flac,15
/data/DATASETS/ASV_Spoof_2019_LA/ASVspoof2019_LA_eval/flac/LA_E_2485322.flac,15
/data/DATASETS/ASV_Spoof_2019_LA/ASVspoof2019_LA_eval/flac/LA_E_2486151.flac,15
/data/DATASETS/ASV_Spoof_2019_LA/ASVspoof2019_LA_eval/flac/LA_E_2488159.flac,15
/data/DATASETS/ASV_Spoof_2019_LA/ASVspoof2019_LA_eval/flac/LA_E_2490250.flac,15
/data/DATASETS/ASV_Spoof_2019_LA/ASVspoof2019_LA_eval/flac/LA_E_2491473.flac,15
/data/DATASETS/ASV_Spoof_2019_LA/ASVspoof2019_LA_eval/flac/LA_E_2496940.flac,15
/data/DATASETS/ASV_Spoof_2019_LA/ASVspoof2019_LA_eval/flac/LA_E_2501619.flac,15
/data/DATASETS/ASV_Spoof_2019_LA/ASVspoof2019_LA_eval/flac/LA_E_2501959.flac,15
/data/DATASETS/ASV_Spoof_2019_LA/ASVspoof2019_LA_eval/flac/LA_E_2502724.flac,15
/data/DATASETS/ASV_Spoof_2019_LA/ASVspoof2019_LA_eval/flac/LA_E_2504409.flac,15
/data/DATASETS/ASV_Spoof_2019_LA/ASVspoof2019_LA_eval/flac/LA_E_2508611.flac,15
/data/DATASETS/ASV_Spoof_2019_LA/ASVspoof2019_LA_eval/flac/LA_E_2510029.flac,15
/data/DATASETS/ASV_Spoof_2019_LA/ASVspoof2019_LA_eval/flac/LA_E_2510696.flac,15
/data/DATASETS/ASV_Spoof_2019_LA/ASVspoof2019_LA_eval/flac/LA_E_2511115.flac,15
/data/DATASETS/ASV_Spoof_2019_LA/ASVspoof2019_LA_eval/flac/LA_E_2512637.flac,15
/data/DATASETS/ASV_Spoof_2019_LA/ASVspoof2019_LA_eval/flac/LA_E_2514895.flac,15
/data/DATASETS/ASV_Spoof_2019_LA/ASVspoof2019_LA_eval/flac/LA_E_2515190.flac,15
/data/DATASETS/ASV_Spoof_2019_LA/ASVspoof2019_LA_eval/flac/LA_E_2519472.flac,15
/data/DATASETS/ASV_Spoof_2019_LA/ASVspoof2019_LA_eval/flac/LA_E_2520934.flac,15
/data/DATASETS/ASV_Spoof_2019_LA/ASVspoof2019_LA_eval/flac/LA_E_2521674.flac,15
/data/DATASETS/ASV_Spoof_2019_LA/ASVspoof2019_LA_eval/flac/LA_E_2523874.flac,15
/data/DATASETS/ASV_Spoof_2019_LA/ASVspoof2019_LA_eval/flac/LA_E_2523962.flac,15
/data/DATASETS/ASV_Spoof_2019_LA/ASVspoof2019_LA_eval/flac/LA_E_2524346.flac,15
/data/DATASETS/ASV_Spoof_2019_LA/ASVspoof2019_LA_eval/flac/LA_E_2531388.flac,15
/data/DATASETS/ASV_Spoof_2019_LA/ASVspoof2019_LA_eval/flac/LA_E_2531819.flac,15
/data/DATASETS/ASV_Spoof_2019_LA/ASVspoof2019_LA_eval/flac/LA_E_2533620.flac,15
/data/DATASETS/ASV_Spoof_2019_LA/ASVspoof2019_LA_eval/flac/LA_E_2534848.flac,15
/data/DATASETS/ASV_Spoof_2019_LA/ASVspoof2019_LA_eval/flac/LA_E_2535191.flac,15
/data/DATASETS/ASV_Spoof_2019_LA/ASVspoof2019_LA_eval/flac/LA_E_2536987.flac,15
/data/DATASETS/ASV_Spoof_2019_LA/ASVspoof2019_LA_eval/flac/LA_E_2538135.flac,15
/data/DATASETS/ASV_Spoof_2019_LA/ASVspoof2019_LA_eval/flac/LA_E_2540101.flac,15
/data/DATASETS/ASV_Spoof_2019_LA/ASVspoof2019_LA_eval/flac/LA_E_2540316.flac,15
/data/DATASETS/ASV_Spoof_2019_LA/ASVspoof2019_LA_eval/flac/LA_E_2542258.flac,15
/data/DATASETS/ASV_Spoof_2019_LA/ASVspoof2019_LA_eval/flac/LA_E_2546768.flac,15
/data/DATASETS/ASV_Spoof_2019_LA/ASVspoof2019_LA_eval/flac/LA_E_2549514.flac,15
/data/DATASETS/ASV_Spoof_2019_LA/ASVspoof2019_LA_eval/flac/LA_E_2550745.flac,15
/data/DATASETS/ASV_Spoof_2019_LA/ASVspoof2019_LA_eval/flac/LA_E_2552549.flac,15
/data/DATASETS/ASV_Spoof_2019_LA/ASVspoof2019_LA_eval/flac/LA_E_2554442.flac,15
/data/DATASETS/ASV_Spoof_2019_LA/ASVspoof2019_LA_eval/flac/LA_E_2557580.flac,15
/data/DATASETS/ASV_Spoof_2019_LA/ASVspoof2019_LA_eval/flac/LA_E_2561180.flac,15
/data/DATASETS/ASV_Spoof_2019_LA/ASVspoof2019_LA_eval/flac/LA_E_2561484.flac,15
/data/DATASETS/ASV_Spoof_2019_LA/ASVspoof2019_LA_eval/flac/LA_E_2562846.flac,15
/data/DATASETS/ASV_Spoof_2019_LA/ASVspoof2019_LA_eval/flac/LA_E_2565396.flac,15
/data/DATASETS/ASV_Spoof_2019_LA/ASVspoof2019_LA_eval/flac/LA_E_2565822.flac,15
/data/DATASETS/ASV_Spoof_2019_LA/ASVspoof2019_LA_eval/flac/LA_E_2566139.flac,15
/data/DATASETS/ASV_Spoof_2019_LA/ASVspoof2019_LA_eval/flac/LA_E_2566897.flac,15
/data/DATASETS/ASV_Spoof_2019_LA/ASVspoof2019_LA_eval/flac/LA_E_2566933.flac,15
/data/DATASETS/ASV_Spoof_2019_LA/ASVspoof2019_LA_eval/flac/LA_E_2567956.flac,15
/data/DATASETS/ASV_Spoof_2019_LA/ASVspoof2019_LA_eval/flac/LA_E_2570807.flac,15
/data/DATASETS/ASV_Spoof_2019_LA/ASVspoof2019_LA_eval/flac/LA_E_2573541.flac,15
/data/DATASETS/ASV_Spoof_2019_LA/ASVspoof2019_LA_eval/flac/LA_E_2574864.flac,15
/data/DATASETS/ASV_Spoof_2019_LA/ASVspoof2019_LA_eval/flac/LA_E_2579052.flac,15
/data/DATASETS/ASV_Spoof_2019_LA/ASVspoof2019_LA_eval/flac/LA_E_2579092.flac,15
/data/DATASETS/ASV_Spoof_2019_LA/ASVspoof2019_LA_eval/flac/LA_E_2581453.flac,15
/data/DATASETS/ASV_Spoof_2019_LA/ASVspoof2019_LA_eval/flac/LA_E_2581909.flac,15
/data/DATASETS/ASV_Spoof_2019_LA/ASVspoof2019_LA_eval/flac/LA_E_2584827.flac,15
/data/DATASETS/ASV_Spoof_2019_LA/ASVspoof2019_LA_eval/flac/LA_E_2585651.flac,15
/data/DATASETS/ASV_Spoof_2019_LA/ASVspoof2019_LA_eval/flac/LA_E_2585950.flac,15
/data/DATASETS/ASV_Spoof_2019_LA/ASVspoof2019_LA_eval/flac/LA_E_2588164.flac,15
/data/DATASETS/ASV_Spoof_2019_LA/ASVspoof2019_LA_eval/flac/LA_E_2588726.flac,15
/data/DATASETS/ASV_Spoof_2019_LA/ASVspoof2019_LA_eval/flac/LA_E_2589560.flac,15
/data/DATASETS/ASV_Spoof_2019_LA/ASVspoof2019_LA_eval/flac/LA_E_2591526.flac,15
/data/DATASETS/ASV_Spoof_2019_LA/ASVspoof2019_LA_eval/flac/LA_E_2595227.flac,15
/data/DATASETS/ASV_Spoof_2019_LA/ASVspoof2019_LA_eval/flac/LA_E_2596343.flac,15
/data/DATASETS/ASV_Spoof_2019_LA/ASVspoof2019_LA_eval/flac/LA_E_2596675.flac,15
/data/DATASETS/ASV_Spoof_2019_LA/ASVspoof2019_LA_eval/flac/LA_E_2596691.flac,15
/data/DATASETS/ASV_Spoof_2019_LA/ASVspoof2019_LA_eval/flac/LA_E_2597315.flac,15
/data/DATASETS/ASV_Spoof_2019_LA/ASVspoof2019_LA_eval/flac/LA_E_2599699.flac,15
/data/DATASETS/ASV_Spoof_2019_LA/ASVspoof2019_LA_eval/flac/LA_E_2600685.flac,15
/data/DATASETS/ASV_Spoof_2019_LA/ASVspoof2019_LA_eval/flac/LA_E_2601696.flac,15
/data/DATASETS/ASV_Spoof_2019_LA/ASVspoof2019_LA_eval/flac/LA_E_2602778.flac,15
/data/DATASETS/ASV_Spoof_2019_LA/ASVspoof2019_LA_eval/flac/LA_E_2602804.flac,15
/data/DATASETS/ASV_Spoof_2019_LA/ASVspoof2019_LA_eval/flac/LA_E_2606227.flac,15
/data/DATASETS/ASV_Spoof_2019_LA/ASVspoof2019_LA_eval/flac/LA_E_2606785.flac,15
/data/DATASETS/ASV_Spoof_2019_LA/ASVspoof2019_LA_eval/flac/LA_E_2608366.flac,15
/data/DATASETS/ASV_Spoof_2019_LA/ASVspoof2019_LA_eval/flac/LA_E_2608386.flac,15
/data/DATASETS/ASV_Spoof_2019_LA/ASVspoof2019_LA_eval/flac/LA_E_2610659.flac,15
/data/DATASETS/ASV_Spoof_2019_LA/ASVspoof2019_LA_eval/flac/LA_E_2613378.flac,15
/data/DATASETS/ASV_Spoof_2019_LA/ASVspoof2019_LA_eval/flac/LA_E_2613825.flac,15
/data/DATASETS/ASV_Spoof_2019_LA/ASVspoof2019_LA_eval/flac/LA_E_2617272.flac,15
/data/DATASETS/ASV_Spoof_2019_LA/ASVspoof2019_LA_eval/flac/LA_E_2617843.flac,15
/data/DATASETS/ASV_Spoof_2019_LA/ASVspoof2019_LA_eval/flac/LA_E_2619288.flac,15
/data/DATASETS/ASV_Spoof_2019_LA/ASVspoof2019_LA_eval/flac/LA_E_2620340.flac,15
/data/DATASETS/ASV_Spoof_2019_LA/ASVspoof2019_LA_eval/flac/LA_E_2620763.flac,15
/data/DATASETS/ASV_Spoof_2019_LA/ASVspoof2019_LA_eval/flac/LA_E_2623086.flac,15
/data/DATASETS/ASV_Spoof_2019_LA/ASVspoof2019_LA_eval/flac/LA_E_2624230.flac,15
/data/DATASETS/ASV_Spoof_2019_LA/ASVspoof2019_LA_eval/flac/LA_E_2625444.flac,15
/data/DATASETS/ASV_Spoof_2019_LA/ASVspoof2019_LA_eval/flac/LA_E_2628860.flac,15
/data/DATASETS/ASV_Spoof_2019_LA/ASVspoof2019_LA_eval/flac/LA_E_2629223.flac,15
/data/DATASETS/ASV_Spoof_2019_LA/ASVspoof2019_LA_eval/flac/LA_E_2630792.flac,15
/data/DATASETS/ASV_Spoof_2019_LA/ASVspoof2019_LA_eval/flac/LA_E_2630850.flac,15
/data/DATASETS/ASV_Spoof_2019_LA/ASVspoof2019_LA_eval/flac/LA_E_2631748.flac,15
/data/DATASETS/ASV_Spoof_2019_LA/ASVspoof2019_LA_eval/flac/LA_E_2634849.flac,15
/data/DATASETS/ASV_Spoof_2019_LA/ASVspoof2019_LA_eval/flac/LA_E_2637375.flac,15
/data/DATASETS/ASV_Spoof_2019_LA/ASVspoof2019_LA_eval/flac/LA_E_2638634.flac,15
/data/DATASETS/ASV_Spoof_2019_LA/ASVspoof2019_LA_eval/flac/LA_E_2640088.flac,15
/data/DATASETS/ASV_Spoof_2019_LA/ASVspoof2019_LA_eval/flac/LA_E_2641861.flac,15
/data/DATASETS/ASV_Spoof_2019_LA/ASVspoof2019_LA_eval/flac/LA_E_2642930.flac,15
/data/DATASETS/ASV_Spoof_2019_LA/ASVspoof2019_LA_eval/flac/LA_E_2643410.flac,15
/data/DATASETS/ASV_Spoof_2019_LA/ASVspoof2019_LA_eval/flac/LA_E_2645385.flac,15
/data/DATASETS/ASV_Spoof_2019_LA/ASVspoof2019_LA_eval/flac/LA_E_2646064.flac,15
/data/DATASETS/ASV_Spoof_2019_LA/ASVspoof2019_LA_eval/flac/LA_E_2648870.flac,15
/data/DATASETS/ASV_Spoof_2019_LA/ASVspoof2019_LA_eval/flac/LA_E_2650990.flac,15
/data/DATASETS/ASV_Spoof_2019_LA/ASVspoof2019_LA_eval/flac/LA_E_2653860.flac,15
/data/DATASETS/ASV_Spoof_2019_LA/ASVspoof2019_LA_eval/flac/LA_E_2654610.flac,15
/data/DATASETS/ASV_Spoof_2019_LA/ASVspoof2019_LA_eval/flac/LA_E_2657267.flac,15
/data/DATASETS/ASV_Spoof_2019_LA/ASVspoof2019_LA_eval/flac/LA_E_2657320.flac,15
/data/DATASETS/ASV_Spoof_2019_LA/ASVspoof2019_LA_eval/flac/LA_E_2658208.flac,15
/data/DATASETS/ASV_Spoof_2019_LA/ASVspoof2019_LA_eval/flac/LA_E_2660236.flac,15
/data/DATASETS/ASV_Spoof_2019_LA/ASVspoof2019_LA_eval/flac/LA_E_2663442.flac,15
/data/DATASETS/ASV_Spoof_2019_LA/ASVspoof2019_LA_eval/flac/LA_E_2664109.flac,15
/data/DATASETS/ASV_Spoof_2019_LA/ASVspoof2019_LA_eval/flac/LA_E_2667417.flac,15
/data/DATASETS/ASV_Spoof_2019_LA/ASVspoof2019_LA_eval/flac/LA_E_2668147.flac,15
/data/DATASETS/ASV_Spoof_2019_LA/ASVspoof2019_LA_eval/flac/LA_E_2669243.flac,15
/data/DATASETS/ASV_Spoof_2019_LA/ASVspoof2019_LA_eval/flac/LA_E_2673093.flac,15
/data/DATASETS/ASV_Spoof_2019_LA/ASVspoof2019_LA_eval/flac/LA_E_2673456.flac,15
/data/DATASETS/ASV_Spoof_2019_LA/ASVspoof2019_LA_eval/flac/LA_E_2675254.flac,15
/data/DATASETS/ASV_Spoof_2019_LA/ASVspoof2019_LA_eval/flac/LA_E_2676800.flac,15
/data/DATASETS/ASV_Spoof_2019_LA/ASVspoof2019_LA_eval/flac/LA_E_2678296.flac,15
/data/DATASETS/ASV_Spoof_2019_LA/ASVspoof2019_LA_eval/flac/LA_E_2678505.flac,15
/data/DATASETS/ASV_Spoof_2019_LA/ASVspoof2019_LA_eval/flac/LA_E_2678589.flac,15
/data/DATASETS/ASV_Spoof_2019_LA/ASVspoof2019_LA_eval/flac/LA_E_2679719.flac,15
/data/DATASETS/ASV_Spoof_2019_LA/ASVspoof2019_LA_eval/flac/LA_E_2679796.flac,15
/data/DATASETS/ASV_Spoof_2019_LA/ASVspoof2019_LA_eval/flac/LA_E_2681146.flac,15
/data/DATASETS/ASV_Spoof_2019_LA/ASVspoof2019_LA_eval/flac/LA_E_2682750.flac,15
/data/DATASETS/ASV_Spoof_2019_LA/ASVspoof2019_LA_eval/flac/LA_E_2684990.flac,15
/data/DATASETS/ASV_Spoof_2019_LA/ASVspoof2019_LA_eval/flac/LA_E_2686691.flac,15
/data/DATASETS/ASV_Spoof_2019_LA/ASVspoof2019_LA_eval/flac/LA_E_2689178.flac,15
/data/DATASETS/ASV_Spoof_2019_LA/ASVspoof2019_LA_eval/flac/LA_E_2692133.flac,15
/data/DATASETS/ASV_Spoof_2019_LA/ASVspoof2019_LA_eval/flac/LA_E_2692962.flac,15
/data/DATASETS/ASV_Spoof_2019_LA/ASVspoof2019_LA_eval/flac/LA_E_2693976.flac,15
/data/DATASETS/ASV_Spoof_2019_LA/ASVspoof2019_LA_eval/flac/LA_E_2694242.flac,15
/data/DATASETS/ASV_Spoof_2019_LA/ASVspoof2019_LA_eval/flac/LA_E_2694778.flac,15
/data/DATASETS/ASV_Spoof_2019_LA/ASVspoof2019_LA_eval/flac/LA_E_2694959.flac,15
/data/DATASETS/ASV_Spoof_2019_LA/ASVspoof2019_LA_eval/flac/LA_E_2697959.flac,15
/data/DATASETS/ASV_Spoof_2019_LA/ASVspoof2019_LA_eval/flac/LA_E_2700667.flac,15
/data/DATASETS/ASV_Spoof_2019_LA/ASVspoof2019_LA_eval/flac/LA_E_2701129.flac,15
/data/DATASETS/ASV_Spoof_2019_LA/ASVspoof2019_LA_eval/flac/LA_E_2704112.flac,15
/data/DATASETS/ASV_Spoof_2019_LA/ASVspoof2019_LA_eval/flac/LA_E_2709479.flac,15
/data/DATASETS/ASV_Spoof_2019_LA/ASVspoof2019_LA_eval/flac/LA_E_2712406.flac,15
/data/DATASETS/ASV_Spoof_2019_LA/ASVspoof2019_LA_eval/flac/LA_E_2712461.flac,15
/data/DATASETS/ASV_Spoof_2019_LA/ASVspoof2019_LA_eval/flac/LA_E_2715107.flac,15
/data/DATASETS/ASV_Spoof_2019_LA/ASVspoof2019_LA_eval/flac/LA_E_2716483.flac,15
/data/DATASETS/ASV_Spoof_2019_LA/ASVspoof2019_LA_eval/flac/LA_E_2716575.flac,15
/data/DATASETS/ASV_Spoof_2019_LA/ASVspoof2019_LA_eval/flac/LA_E_2717494.flac,15
/data/DATASETS/ASV_Spoof_2019_LA/ASVspoof2019_LA_eval/flac/LA_E_2719775.flac,15
/data/DATASETS/ASV_Spoof_2019_LA/ASVspoof2019_LA_eval/flac/LA_E_2724808.flac,15
/data/DATASETS/ASV_Spoof_2019_LA/ASVspoof2019_LA_eval/flac/LA_E_2725909.flac,15
/data/DATASETS/ASV_Spoof_2019_LA/ASVspoof2019_LA_eval/flac/LA_E_2726735.flac,15
/data/DATASETS/ASV_Spoof_2019_LA/ASVspoof2019_LA_eval/flac/LA_E_2728047.flac,15
/data/DATASETS/ASV_Spoof_2019_LA/ASVspoof2019_LA_eval/flac/LA_E_2728247.flac,15
/data/DATASETS/ASV_Spoof_2019_LA/ASVspoof2019_LA_eval/flac/LA_E_2731352.flac,15
/data/DATASETS/ASV_Spoof_2019_LA/ASVspoof2019_LA_eval/flac/LA_E_2732099.flac,15
/data/DATASETS/ASV_Spoof_2019_LA/ASVspoof2019_LA_eval/flac/LA_E_2732304.flac,15
/data/DATASETS/ASV_Spoof_2019_LA/ASVspoof2019_LA_eval/flac/LA_E_2735240.flac,15
/data/DATASETS/ASV_Spoof_2019_LA/ASVspoof2019_LA_eval/flac/LA_E_2735455.flac,15
/data/DATASETS/ASV_Spoof_2019_LA/ASVspoof2019_LA_eval/flac/LA_E_2737336.flac,15
/data/DATASETS/ASV_Spoof_2019_LA/ASVspoof2019_LA_eval/flac/LA_E_2737569.flac,15
/data/DATASETS/ASV_Spoof_2019_LA/ASVspoof2019_LA_eval/flac/LA_E_2740865.flac,15
/data/DATASETS/ASV_Spoof_2019_LA/ASVspoof2019_LA_eval/flac/LA_E_2741039.flac,15
/data/DATASETS/ASV_Spoof_2019_LA/ASVspoof2019_LA_eval/flac/LA_E_2744246.flac,15
/data/DATASETS/ASV_Spoof_2019_LA/ASVspoof2019_LA_eval/flac/LA_E_2746100.flac,15
/data/DATASETS/ASV_Spoof_2019_LA/ASVspoof2019_LA_eval/flac/LA_E_2747801.flac,15
/data/DATASETS/ASV_Spoof_2019_LA/ASVspoof2019_LA_eval/flac/LA_E_2751127.flac,15
/data/DATASETS/ASV_Spoof_2019_LA/ASVspoof2019_LA_eval/flac/LA_E_2754754.flac,15
/data/DATASETS/ASV_Spoof_2019_LA/ASVspoof2019_LA_eval/flac/LA_E_2756739.flac,15
/data/DATASETS/ASV_Spoof_2019_LA/ASVspoof2019_LA_eval/flac/LA_E_2758255.flac,15
/data/DATASETS/ASV_Spoof_2019_LA/ASVspoof2019_LA_eval/flac/LA_E_2758496.flac,15
/data/DATASETS/ASV_Spoof_2019_LA/ASVspoof2019_LA_eval/flac/LA_E_2758703.flac,15
/data/DATASETS/ASV_Spoof_2019_LA/ASVspoof2019_LA_eval/flac/LA_E_2760444.flac,15
/data/DATASETS/ASV_Spoof_2019_LA/ASVspoof2019_LA_eval/flac/LA_E_2761600.flac,15
/data/DATASETS/ASV_Spoof_2019_LA/ASVspoof2019_LA_eval/flac/LA_E_2765369.flac,15
/data/DATASETS/ASV_Spoof_2019_LA/ASVspoof2019_LA_eval/flac/LA_E_2773881.flac,15
/data/DATASETS/ASV_Spoof_2019_LA/ASVspoof2019_LA_eval/flac/LA_E_2774071.flac,15
/data/DATASETS/ASV_Spoof_2019_LA/ASVspoof2019_LA_eval/flac/LA_E_2774783.flac,15
/data/DATASETS/ASV_Spoof_2019_LA/ASVspoof2019_LA_eval/flac/LA_E_2775127.flac,15
/data/DATASETS/ASV_Spoof_2019_LA/ASVspoof2019_LA_eval/flac/LA_E_2779248.flac,15
/data/DATASETS/ASV_Spoof_2019_LA/ASVspoof2019_LA_eval/flac/LA_E_2779764.flac,15
/data/DATASETS/ASV_Spoof_2019_LA/ASVspoof2019_LA_eval/flac/LA_E_2780283.flac,15
/data/DATASETS/ASV_Spoof_2019_LA/ASVspoof2019_LA_eval/flac/LA_E_2780748.flac,15
/data/DATASETS/ASV_Spoof_2019_LA/ASVspoof2019_LA_eval/flac/LA_E_2783047.flac,15
/data/DATASETS/ASV_Spoof_2019_LA/ASVspoof2019_LA_eval/flac/LA_E_2786920.flac,15
/data/DATASETS/ASV_Spoof_2019_LA/ASVspoof2019_LA_eval/flac/LA_E_2788428.flac,15
/data/DATASETS/ASV_Spoof_2019_LA/ASVspoof2019_LA_eval/flac/LA_E_2788589.flac,15
/data/DATASETS/ASV_Spoof_2019_LA/ASVspoof2019_LA_eval/flac/LA_E_2791675.flac,15
/data/DATASETS/ASV_Spoof_2019_LA/ASVspoof2019_LA_eval/flac/LA_E_2793161.flac,15
/data/DATASETS/ASV_Spoof_2019_LA/ASVspoof2019_LA_eval/flac/LA_E_2795306.flac,15
/data/DATASETS/ASV_Spoof_2019_LA/ASVspoof2019_LA_eval/flac/LA_E_2796708.flac,15
/data/DATASETS/ASV_Spoof_2019_LA/ASVspoof2019_LA_eval/flac/LA_E_2800240.flac,15
/data/DATASETS/ASV_Spoof_2019_LA/ASVspoof2019_LA_eval/flac/LA_E_2800812.flac,15
/data/DATASETS/ASV_Spoof_2019_LA/ASVspoof2019_LA_eval/flac/LA_E_2804359.flac,15
/data/DATASETS/ASV_Spoof_2019_LA/ASVspoof2019_LA_eval/flac/LA_E_2804595.flac,15
/data/DATASETS/ASV_Spoof_2019_LA/ASVspoof2019_LA_eval/flac/LA_E_2805124.flac,15
/data/DATASETS/ASV_Spoof_2019_LA/ASVspoof2019_LA_eval/flac/LA_E_2805239.flac,15
/data/DATASETS/ASV_Spoof_2019_LA/ASVspoof2019_LA_eval/flac/LA_E_2806362.flac,15
/data/DATASETS/ASV_Spoof_2019_LA/ASVspoof2019_LA_eval/flac/LA_E_2815434.flac,15
/data/DATASETS/ASV_Spoof_2019_LA/ASVspoof2019_LA_eval/flac/LA_E_2816135.flac,15
/data/DATASETS/ASV_Spoof_2019_LA/ASVspoof2019_LA_eval/flac/LA_E_2818540.flac,15
/data/DATASETS/ASV_Spoof_2019_LA/ASVspoof2019_LA_eval/flac/LA_E_2820074.flac,15
/data/DATASETS/ASV_Spoof_2019_LA/ASVspoof2019_LA_eval/flac/LA_E_2821839.flac,15
/data/DATASETS/ASV_Spoof_2019_LA/ASVspoof2019_LA_eval/flac/LA_E_2823504.flac,15
/data/DATASETS/ASV_Spoof_2019_LA/ASVspoof2019_LA_eval/flac/LA_E_2824112.flac,15
/data/DATASETS/ASV_Spoof_2019_LA/ASVspoof2019_LA_eval/flac/LA_E_2825382.flac,15
/data/DATASETS/ASV_Spoof_2019_LA/ASVspoof2019_LA_eval/flac/LA_E_2825488.flac,15
/data/DATASETS/ASV_Spoof_2019_LA/ASVspoof2019_LA_eval/flac/LA_E_2833486.flac,15
/data/DATASETS/ASV_Spoof_2019_LA/ASVspoof2019_LA_eval/flac/LA_E_2838280.flac,15
/data/DATASETS/ASV_Spoof_2019_LA/ASVspoof2019_LA_eval/flac/LA_E_2843027.flac,15
/data/DATASETS/ASV_Spoof_2019_LA/ASVspoof2019_LA_eval/flac/LA_E_2843568.flac,15
/data/DATASETS/ASV_Spoof_2019_LA/ASVspoof2019_LA_eval/flac/LA_E_2845252.flac,15
/data/DATASETS/ASV_Spoof_2019_LA/ASVspoof2019_LA_eval/flac/LA_E_2851516.flac,15
/data/DATASETS/ASV_Spoof_2019_LA/ASVspoof2019_LA_eval/flac/LA_E_2852103.flac,15
/data/DATASETS/ASV_Spoof_2019_LA/ASVspoof2019_LA_eval/flac/LA_E_2852747.flac,15
/data/DATASETS/ASV_Spoof_2019_LA/ASVspoof2019_LA_eval/flac/LA_E_2853592.flac,15
/data/DATASETS/ASV_Spoof_2019_LA/ASVspoof2019_LA_eval/flac/LA_E_2854988.flac,15
/data/DATASETS/ASV_Spoof_2019_LA/ASVspoof2019_LA_eval/flac/LA_E_2857875.flac,15
/data/DATASETS/ASV_Spoof_2019_LA/ASVspoof2019_LA_eval/flac/LA_E_2858106.flac,15
/data/DATASETS/ASV_Spoof_2019_LA/ASVspoof2019_LA_eval/flac/LA_E_2859250.flac,15
/data/DATASETS/ASV_Spoof_2019_LA/ASVspoof2019_LA_eval/flac/LA_E_2860402.flac,15
/data/DATASETS/ASV_Spoof_2019_LA/ASVspoof2019_LA_eval/flac/LA_E_2860725.flac,15
/data/DATASETS/ASV_Spoof_2019_LA/ASVspoof2019_LA_eval/flac/LA_E_2863555.flac,15
/data/DATASETS/ASV_Spoof_2019_LA/ASVspoof2019_LA_eval/flac/LA_E_2867552.flac,15
/data/DATASETS/ASV_Spoof_2019_LA/ASVspoof2019_LA_eval/flac/LA_E_2868006.flac,15
/data/DATASETS/ASV_Spoof_2019_LA/ASVspoof2019_LA_eval/flac/LA_E_2868465.flac,15
/data/DATASETS/ASV_Spoof_2019_LA/ASVspoof2019_LA_eval/flac/LA_E_2871965.flac,15
/data/DATASETS/ASV_Spoof_2019_LA/ASVspoof2019_LA_eval/flac/LA_E_2872801.flac,15
/data/DATASETS/ASV_Spoof_2019_LA/ASVspoof2019_LA_eval/flac/LA_E_2873510.flac,15
/data/DATASETS/ASV_Spoof_2019_LA/ASVspoof2019_LA_eval/flac/LA_E_2874164.flac,15
/data/DATASETS/ASV_Spoof_2019_LA/ASVspoof2019_LA_eval/flac/LA_E_2875225.flac,15
/data/DATASETS/ASV_Spoof_2019_LA/ASVspoof2019_LA_eval/flac/LA_E_2876531.flac,15
/data/DATASETS/ASV_Spoof_2019_LA/ASVspoof2019_LA_eval/flac/LA_E_2876746.flac,15
/data/DATASETS/ASV_Spoof_2019_LA/ASVspoof2019_LA_eval/flac/LA_E_2878991.flac,15
/data/DATASETS/ASV_Spoof_2019_LA/ASVspoof2019_LA_eval/flac/LA_E_2879673.flac,15
/data/DATASETS/ASV_Spoof_2019_LA/ASVspoof2019_LA_eval/flac/LA_E_2882894.flac,15
/data/DATASETS/ASV_Spoof_2019_LA/ASVspoof2019_LA_eval/flac/LA_E_2885624.flac,15
/data/DATASETS/ASV_Spoof_2019_LA/ASVspoof2019_LA_eval/flac/LA_E_2890143.flac,15
/data/DATASETS/ASV_Spoof_2019_LA/ASVspoof2019_LA_eval/flac/LA_E_2890463.flac,15
/data/DATASETS/ASV_Spoof_2019_LA/ASVspoof2019_LA_eval/flac/LA_E_2891516.flac,15
/data/DATASETS/ASV_Spoof_2019_LA/ASVspoof2019_LA_eval/flac/LA_E_2893556.flac,15
/data/DATASETS/ASV_Spoof_2019_LA/ASVspoof2019_LA_eval/flac/LA_E_2893619.flac,15
/data/DATASETS/ASV_Spoof_2019_LA/ASVspoof2019_LA_eval/flac/LA_E_2897189.flac,15
/data/DATASETS/ASV_Spoof_2019_LA/ASVspoof2019_LA_eval/flac/LA_E_2902562.flac,15
/data/DATASETS/ASV_Spoof_2019_LA/ASVspoof2019_LA_eval/flac/LA_E_2903421.flac,15
/data/DATASETS/ASV_Spoof_2019_LA/ASVspoof2019_LA_eval/flac/LA_E_2910994.flac,15
/data/DATASETS/ASV_Spoof_2019_LA/ASVspoof2019_LA_eval/flac/LA_E_2911921.flac,15
/data/DATASETS/ASV_Spoof_2019_LA/ASVspoof2019_LA_eval/flac/LA_E_2913622.flac,15
/data/DATASETS/ASV_Spoof_2019_LA/ASVspoof2019_LA_eval/flac/LA_E_2915919.flac,15
/data/DATASETS/ASV_Spoof_2019_LA/ASVspoof2019_LA_eval/flac/LA_E_2916348.flac,15
/data/DATASETS/ASV_Spoof_2019_LA/ASVspoof2019_LA_eval/flac/LA_E_2917035.flac,15
/data/DATASETS/ASV_Spoof_2019_LA/ASVspoof2019_LA_eval/flac/LA_E_2921863.flac,15
/data/DATASETS/ASV_Spoof_2019_LA/ASVspoof2019_LA_eval/flac/LA_E_2923984.flac,15
/data/DATASETS/ASV_Spoof_2019_LA/ASVspoof2019_LA_eval/flac/LA_E_2925854.flac,15
/data/DATASETS/ASV_Spoof_2019_LA/ASVspoof2019_LA_eval/flac/LA_E_2927646.flac,15
/data/DATASETS/ASV_Spoof_2019_LA/ASVspoof2019_LA_eval/flac/LA_E_2930662.flac,15
/data/DATASETS/ASV_Spoof_2019_LA/ASVspoof2019_LA_eval/flac/LA_E_2931419.flac,15
/data/DATASETS/ASV_Spoof_2019_LA/ASVspoof2019_LA_eval/flac/LA_E_2932589.flac,15
/data/DATASETS/ASV_Spoof_2019_LA/ASVspoof2019_LA_eval/flac/LA_E_2934437.flac,15
/data/DATASETS/ASV_Spoof_2019_LA/ASVspoof2019_LA_eval/flac/LA_E_2935198.flac,15
/data/DATASETS/ASV_Spoof_2019_LA/ASVspoof2019_LA_eval/flac/LA_E_2936269.flac,15
/data/DATASETS/ASV_Spoof_2019_LA/ASVspoof2019_LA_eval/flac/LA_E_2937603.flac,15
/data/DATASETS/ASV_Spoof_2019_LA/ASVspoof2019_LA_eval/flac/LA_E_2941056.flac,15
/data/DATASETS/ASV_Spoof_2019_LA/ASVspoof2019_LA_eval/flac/LA_E_2941120.flac,15
/data/DATASETS/ASV_Spoof_2019_LA/ASVspoof2019_LA_eval/flac/LA_E_2941948.flac,15
/data/DATASETS/ASV_Spoof_2019_LA/ASVspoof2019_LA_eval/flac/LA_E_2942509.flac,15
/data/DATASETS/ASV_Spoof_2019_LA/ASVspoof2019_LA_eval/flac/LA_E_2944304.flac,15
/data/DATASETS/ASV_Spoof_2019_LA/ASVspoof2019_LA_eval/flac/LA_E_2944307.flac,15
/data/DATASETS/ASV_Spoof_2019_LA/ASVspoof2019_LA_eval/flac/LA_E_2944347.flac,15
/data/DATASETS/ASV_Spoof_2019_LA/ASVspoof2019_LA_eval/flac/LA_E_2944349.flac,15
/data/DATASETS/ASV_Spoof_2019_LA/ASVspoof2019_LA_eval/flac/LA_E_2944391.flac,15
/data/DATASETS/ASV_Spoof_2019_LA/ASVspoof2019_LA_eval/flac/LA_E_2949814.flac,15
/data/DATASETS/ASV_Spoof_2019_LA/ASVspoof2019_LA_eval/flac/LA_E_2958157.flac,15
/data/DATASETS/ASV_Spoof_2019_LA/ASVspoof2019_LA_eval/flac/LA_E_2958700.flac,15
/data/DATASETS/ASV_Spoof_2019_LA/ASVspoof2019_LA_eval/flac/LA_E_2961232.flac,15
/data/DATASETS/ASV_Spoof_2019_LA/ASVspoof2019_LA_eval/flac/LA_E_2961535.flac,15
/data/DATASETS/ASV_Spoof_2019_LA/ASVspoof2019_LA_eval/flac/LA_E_2963183.flac,15
/data/DATASETS/ASV_Spoof_2019_LA/ASVspoof2019_LA_eval/flac/LA_E_2965404.flac,15
/data/DATASETS/ASV_Spoof_2019_LA/ASVspoof2019_LA_eval/flac/LA_E_2966638.flac,15
/data/DATASETS/ASV_Spoof_2019_LA/ASVspoof2019_LA_eval/flac/LA_E_2967291.flac,15
/data/DATASETS/ASV_Spoof_2019_LA/ASVspoof2019_LA_eval/flac/LA_E_2969086.flac,15
/data/DATASETS/ASV_Spoof_2019_LA/ASVspoof2019_LA_eval/flac/LA_E_2979821.flac,15
/data/DATASETS/ASV_Spoof_2019_LA/ASVspoof2019_LA_eval/flac/LA_E_2985919.flac,15
/data/DATASETS/ASV_Spoof_2019_LA/ASVspoof2019_LA_eval/flac/LA_E_2986022.flac,15
/data/DATASETS/ASV_Spoof_2019_LA/ASVspoof2019_LA_eval/flac/LA_E_2987746.flac,15
/data/DATASETS/ASV_Spoof_2019_LA/ASVspoof2019_LA_eval/flac/LA_E_2988463.flac,15
/data/DATASETS/ASV_Spoof_2019_LA/ASVspoof2019_LA_eval/flac/LA_E_2988817.flac,15
/data/DATASETS/ASV_Spoof_2019_LA/ASVspoof2019_LA_eval/flac/LA_E_2991150.flac,15
/data/DATASETS/ASV_Spoof_2019_LA/ASVspoof2019_LA_eval/flac/LA_E_2995354.flac,15
/data/DATASETS/ASV_Spoof_2019_LA/ASVspoof2019_LA_eval/flac/LA_E_2996346.flac,15
/data/DATASETS/ASV_Spoof_2019_LA/ASVspoof2019_LA_eval/flac/LA_E_2998518.flac,15
/data/DATASETS/ASV_Spoof_2019_LA/ASVspoof2019_LA_eval/flac/LA_E_3000149.flac,15
/data/DATASETS/ASV_Spoof_2019_LA/ASVspoof2019_LA_eval/flac/LA_E_3008158.flac,15
/data/DATASETS/ASV_Spoof_2019_LA/ASVspoof2019_LA_eval/flac/LA_E_3012615.flac,15
/data/DATASETS/ASV_Spoof_2019_LA/ASVspoof2019_LA_eval/flac/LA_E_3012676.flac,15
/data/DATASETS/ASV_Spoof_2019_LA/ASVspoof2019_LA_eval/flac/LA_E_3015447.flac,15
/data/DATASETS/ASV_Spoof_2019_LA/ASVspoof2019_LA_eval/flac/LA_E_3015708.flac,15
/data/DATASETS/ASV_Spoof_2019_LA/ASVspoof2019_LA_eval/flac/LA_E_3015857.flac,15
/data/DATASETS/ASV_Spoof_2019_LA/ASVspoof2019_LA_eval/flac/LA_E_3016543.flac,15
/data/DATASETS/ASV_Spoof_2019_LA/ASVspoof2019_LA_eval/flac/LA_E_3016756.flac,15
/data/DATASETS/ASV_Spoof_2019_LA/ASVspoof2019_LA_eval/flac/LA_E_3019701.flac,15
/data/DATASETS/ASV_Spoof_2019_LA/ASVspoof2019_LA_eval/flac/LA_E_3023719.flac,15
/data/DATASETS/ASV_Spoof_2019_LA/ASVspoof2019_LA_eval/flac/LA_E_3024540.flac,15
/data/DATASETS/ASV_Spoof_2019_LA/ASVspoof2019_LA_eval/flac/LA_E_3026582.flac,15
/data/DATASETS/ASV_Spoof_2019_LA/ASVspoof2019_LA_eval/flac/LA_E_3026655.flac,15
/data/DATASETS/ASV_Spoof_2019_LA/ASVspoof2019_LA_eval/flac/LA_E_3028233.flac,15
/data/DATASETS/ASV_Spoof_2019_LA/ASVspoof2019_LA_eval/flac/LA_E_3029069.flac,15
/data/DATASETS/ASV_Spoof_2019_LA/ASVspoof2019_LA_eval/flac/LA_E_3029339.flac,15
/data/DATASETS/ASV_Spoof_2019_LA/ASVspoof2019_LA_eval/flac/LA_E_3031391.flac,15
/data/DATASETS/ASV_Spoof_2019_LA/ASVspoof2019_LA_eval/flac/LA_E_3031870.flac,15
/data/DATASETS/ASV_Spoof_2019_LA/ASVspoof2019_LA_eval/flac/LA_E_3032449.flac,15
/data/DATASETS/ASV_Spoof_2019_LA/ASVspoof2019_LA_eval/flac/LA_E_3033183.flac,15
/data/DATASETS/ASV_Spoof_2019_LA/ASVspoof2019_LA_eval/flac/LA_E_3037446.flac,15
/data/DATASETS/ASV_Spoof_2019_LA/ASVspoof2019_LA_eval/flac/LA_E_3038215.flac,15
/data/DATASETS/ASV_Spoof_2019_LA/ASVspoof2019_LA_eval/flac/LA_E_3038898.flac,15
/data/DATASETS/ASV_Spoof_2019_LA/ASVspoof2019_LA_eval/flac/LA_E_3039135.flac,15
/data/DATASETS/ASV_Spoof_2019_LA/ASVspoof2019_LA_eval/flac/LA_E_3039524.flac,15
/data/DATASETS/ASV_Spoof_2019_LA/ASVspoof2019_LA_eval/flac/LA_E_3040624.flac,15
/data/DATASETS/ASV_Spoof_2019_LA/ASVspoof2019_LA_eval/flac/LA_E_3043990.flac,15
/data/DATASETS/ASV_Spoof_2019_LA/ASVspoof2019_LA_eval/flac/LA_E_3044181.flac,15
/data/DATASETS/ASV_Spoof_2019_LA/ASVspoof2019_LA_eval/flac/LA_E_3047963.flac,15
/data/DATASETS/ASV_Spoof_2019_LA/ASVspoof2019_LA_eval/flac/LA_E_3049064.flac,15
/data/DATASETS/ASV_Spoof_2019_LA/ASVspoof2019_LA_eval/flac/LA_E_3056642.flac,15
/data/DATASETS/ASV_Spoof_2019_LA/ASVspoof2019_LA_eval/flac/LA_E_3057198.flac,15
/data/DATASETS/ASV_Spoof_2019_LA/ASVspoof2019_LA_eval/flac/LA_E_3061774.flac,15
/data/DATASETS/ASV_Spoof_2019_LA/ASVspoof2019_LA_eval/flac/LA_E_3061887.flac,15
/data/DATASETS/ASV_Spoof_2019_LA/ASVspoof2019_LA_eval/flac/LA_E_3062348.flac,15
/data/DATASETS/ASV_Spoof_2019_LA/ASVspoof2019_LA_eval/flac/LA_E_3063505.flac,15
/data/DATASETS/ASV_Spoof_2019_LA/ASVspoof2019_LA_eval/flac/LA_E_3064542.flac,15
/data/DATASETS/ASV_Spoof_2019_LA/ASVspoof2019_LA_eval/flac/LA_E_3064562.flac,15
/data/DATASETS/ASV_Spoof_2019_LA/ASVspoof2019_LA_eval/flac/LA_E_3065382.flac,15
/data/DATASETS/ASV_Spoof_2019_LA/ASVspoof2019_LA_eval/flac/LA_E_3069526.flac,15
/data/DATASETS/ASV_Spoof_2019_LA/ASVspoof2019_LA_eval/flac/LA_E_3069777.flac,15
/data/DATASETS/ASV_Spoof_2019_LA/ASVspoof2019_LA_eval/flac/LA_E_3073451.flac,15
/data/DATASETS/ASV_Spoof_2019_LA/ASVspoof2019_LA_eval/flac/LA_E_3073508.flac,15
/data/DATASETS/ASV_Spoof_2019_LA/ASVspoof2019_LA_eval/flac/LA_E_3077388.flac,15
/data/DATASETS/ASV_Spoof_2019_LA/ASVspoof2019_LA_eval/flac/LA_E_3086216.flac,15
/data/DATASETS/ASV_Spoof_2019_LA/ASVspoof2019_LA_eval/flac/LA_E_3087106.flac,15
/data/DATASETS/ASV_Spoof_2019_LA/ASVspoof2019_LA_eval/flac/LA_E_3093242.flac,15
/data/DATASETS/ASV_Spoof_2019_LA/ASVspoof2019_LA_eval/flac/LA_E_3093395.flac,15
/data/DATASETS/ASV_Spoof_2019_LA/ASVspoof2019_LA_eval/flac/LA_E_3099096.flac,15
/data/DATASETS/ASV_Spoof_2019_LA/ASVspoof2019_LA_eval/flac/LA_E_3101586.flac,15
/data/DATASETS/ASV_Spoof_2019_LA/ASVspoof2019_LA_eval/flac/LA_E_3102167.flac,15
/data/DATASETS/ASV_Spoof_2019_LA/ASVspoof2019_LA_eval/flac/LA_E_3107252.flac,15
/data/DATASETS/ASV_Spoof_2019_LA/ASVspoof2019_LA_eval/flac/LA_E_3107506.flac,15
/data/DATASETS/ASV_Spoof_2019_LA/ASVspoof2019_LA_eval/flac/LA_E_3112904.flac,15
/data/DATASETS/ASV_Spoof_2019_LA/ASVspoof2019_LA_eval/flac/LA_E_3113233.flac,15
/data/DATASETS/ASV_Spoof_2019_LA/ASVspoof2019_LA_eval/flac/LA_E_3114868.flac,15
/data/DATASETS/ASV_Spoof_2019_LA/ASVspoof2019_LA_eval/flac/LA_E_3115172.flac,15
/data/DATASETS/ASV_Spoof_2019_LA/ASVspoof2019_LA_eval/flac/LA_E_3115415.flac,15
/data/DATASETS/ASV_Spoof_2019_LA/ASVspoof2019_LA_eval/flac/LA_E_3115510.flac,15
/data/DATASETS/ASV_Spoof_2019_LA/ASVspoof2019_LA_eval/flac/LA_E_3116448.flac,15
/data/DATASETS/ASV_Spoof_2019_LA/ASVspoof2019_LA_eval/flac/LA_E_3118254.flac,15
/data/DATASETS/ASV_Spoof_2019_LA/ASVspoof2019_LA_eval/flac/LA_E_3118298.flac,15
/data/DATASETS/ASV_Spoof_2019_LA/ASVspoof2019_LA_eval/flac/LA_E_3119396.flac,15
/data/DATASETS/ASV_Spoof_2019_LA/ASVspoof2019_LA_eval/flac/LA_E_3119901.flac,15
/data/DATASETS/ASV_Spoof_2019_LA/ASVspoof2019_LA_eval/flac/LA_E_3123835.flac,15
/data/DATASETS/ASV_Spoof_2019_LA/ASVspoof2019_LA_eval/flac/LA_E_3124983.flac,15
/data/DATASETS/ASV_Spoof_2019_LA/ASVspoof2019_LA_eval/flac/LA_E_3127132.flac,15
/data/DATASETS/ASV_Spoof_2019_LA/ASVspoof2019_LA_eval/flac/LA_E_3130944.flac,15
/data/DATASETS/ASV_Spoof_2019_LA/ASVspoof2019_LA_eval/flac/LA_E_3131251.flac,15
/data/DATASETS/ASV_Spoof_2019_LA/ASVspoof2019_LA_eval/flac/LA_E_3133182.flac,15
/data/DATASETS/ASV_Spoof_2019_LA/ASVspoof2019_LA_eval/flac/LA_E_3140546.flac,15
/data/DATASETS/ASV_Spoof_2019_LA/ASVspoof2019_LA_eval/flac/LA_E_3141822.flac,15
/data/DATASETS/ASV_Spoof_2019_LA/ASVspoof2019_LA_eval/flac/LA_E_3146765.flac,15
/data/DATASETS/ASV_Spoof_2019_LA/ASVspoof2019_LA_eval/flac/LA_E_3147134.flac,15
/data/DATASETS/ASV_Spoof_2019_LA/ASVspoof2019_LA_eval/flac/LA_E_3149101.flac,15
/data/DATASETS/ASV_Spoof_2019_LA/ASVspoof2019_LA_eval/flac/LA_E_3152301.flac,15
/data/DATASETS/ASV_Spoof_2019_LA/ASVspoof2019_LA_eval/flac/LA_E_3152510.flac,15
/data/DATASETS/ASV_Spoof_2019_LA/ASVspoof2019_LA_eval/flac/LA_E_3154445.flac,15
/data/DATASETS/ASV_Spoof_2019_LA/ASVspoof2019_LA_eval/flac/LA_E_3158186.flac,15
/data/DATASETS/ASV_Spoof_2019_LA/ASVspoof2019_LA_eval/flac/LA_E_3159065.flac,15
/data/DATASETS/ASV_Spoof_2019_LA/ASVspoof2019_LA_eval/flac/LA_E_3164845.flac,15
/data/DATASETS/ASV_Spoof_2019_LA/ASVspoof2019_LA_eval/flac/LA_E_3165083.flac,15
/data/DATASETS/ASV_Spoof_2019_LA/ASVspoof2019_LA_eval/flac/LA_E_3168809.flac,15
/data/DATASETS/ASV_Spoof_2019_LA/ASVspoof2019_LA_eval/flac/LA_E_3170044.flac,15
/data/DATASETS/ASV_Spoof_2019_LA/ASVspoof2019_LA_eval/flac/LA_E_3170971.flac,15
/data/DATASETS/ASV_Spoof_2019_LA/ASVspoof2019_LA_eval/flac/LA_E_3171144.flac,15
/data/DATASETS/ASV_Spoof_2019_LA/ASVspoof2019_LA_eval/flac/LA_E_3175542.flac,15
/data/DATASETS/ASV_Spoof_2019_LA/ASVspoof2019_LA_eval/flac/LA_E_3180175.flac,15
/data/DATASETS/ASV_Spoof_2019_LA/ASVspoof2019_LA_eval/flac/LA_E_3181670.flac,15
/data/DATASETS/ASV_Spoof_2019_LA/ASVspoof2019_LA_eval/flac/LA_E_3182993.flac,15
/data/DATASETS/ASV_Spoof_2019_LA/ASVspoof2019_LA_eval/flac/LA_E_3184831.flac,15
/data/DATASETS/ASV_Spoof_2019_LA/ASVspoof2019_LA_eval/flac/LA_E_3186494.flac,15
/data/DATASETS/ASV_Spoof_2019_LA/ASVspoof2019_LA_eval/flac/LA_E_3191516.flac,15
/data/DATASETS/ASV_Spoof_2019_LA/ASVspoof2019_LA_eval/flac/LA_E_3191599.flac,15
/data/DATASETS/ASV_Spoof_2019_LA/ASVspoof2019_LA_eval/flac/LA_E_3193231.flac,15
/data/DATASETS/ASV_Spoof_2019_LA/ASVspoof2019_LA_eval/flac/LA_E_3193703.flac,15
/data/DATASETS/ASV_Spoof_2019_LA/ASVspoof2019_LA_eval/flac/LA_E_3194010.flac,15
/data/DATASETS/ASV_Spoof_2019_LA/ASVspoof2019_LA_eval/flac/LA_E_3197124.flac,15
/data/DATASETS/ASV_Spoof_2019_LA/ASVspoof2019_LA_eval/flac/LA_E_3197219.flac,15
/data/DATASETS/ASV_Spoof_2019_LA/ASVspoof2019_LA_eval/flac/LA_E_3197841.flac,15
/data/DATASETS/ASV_Spoof_2019_LA/ASVspoof2019_LA_eval/flac/LA_E_3198616.flac,15
/data/DATASETS/ASV_Spoof_2019_LA/ASVspoof2019_LA_eval/flac/LA_E_3199163.flac,15
/data/DATASETS/ASV_Spoof_2019_LA/ASVspoof2019_LA_eval/flac/LA_E_3200089.flac,15
/data/DATASETS/ASV_Spoof_2019_LA/ASVspoof2019_LA_eval/flac/LA_E_3200290.flac,15
/data/DATASETS/ASV_Spoof_2019_LA/ASVspoof2019_LA_eval/flac/LA_E_3200636.flac,15
/data/DATASETS/ASV_Spoof_2019_LA/ASVspoof2019_LA_eval/flac/LA_E_3203869.flac,15
/data/DATASETS/ASV_Spoof_2019_LA/ASVspoof2019_LA_eval/flac/LA_E_3204966.flac,15
/data/DATASETS/ASV_Spoof_2019_LA/ASVspoof2019_LA_eval/flac/LA_E_3205272.flac,15
/data/DATASETS/ASV_Spoof_2019_LA/ASVspoof2019_LA_eval/flac/LA_E_3205350.flac,15
/data/DATASETS/ASV_Spoof_2019_LA/ASVspoof2019_LA_eval/flac/LA_E_3205369.flac,15
/data/DATASETS/ASV_Spoof_2019_LA/ASVspoof2019_LA_eval/flac/LA_E_3207226.flac,15
/data/DATASETS/ASV_Spoof_2019_LA/ASVspoof2019_LA_eval/flac/LA_E_3208257.flac,15
/data/DATASETS/ASV_Spoof_2019_LA/ASVspoof2019_LA_eval/flac/LA_E_3209275.flac,15
/data/DATASETS/ASV_Spoof_2019_LA/ASVspoof2019_LA_eval/flac/LA_E_3210403.flac,15
/data/DATASETS/ASV_Spoof_2019_LA/ASVspoof2019_LA_eval/flac/LA_E_3214914.flac,15
/data/DATASETS/ASV_Spoof_2019_LA/ASVspoof2019_LA_eval/flac/LA_E_3215261.flac,15
/data/DATASETS/ASV_Spoof_2019_LA/ASVspoof2019_LA_eval/flac/LA_E_3216589.flac,15
/data/DATASETS/ASV_Spoof_2019_LA/ASVspoof2019_LA_eval/flac/LA_E_3216988.flac,15
/data/DATASETS/ASV_Spoof_2019_LA/ASVspoof2019_LA_eval/flac/LA_E_3217529.flac,15
/data/DATASETS/ASV_Spoof_2019_LA/ASVspoof2019_LA_eval/flac/LA_E_3220437.flac,15
/data/DATASETS/ASV_Spoof_2019_LA/ASVspoof2019_LA_eval/flac/LA_E_3221261.flac,15
/data/DATASETS/ASV_Spoof_2019_LA/ASVspoof2019_LA_eval/flac/LA_E_3221499.flac,15
/data/DATASETS/ASV_Spoof_2019_LA/ASVspoof2019_LA_eval/flac/LA_E_3221715.flac,15
/data/DATASETS/ASV_Spoof_2019_LA/ASVspoof2019_LA_eval/flac/LA_E_3222737.flac,15
/data/DATASETS/ASV_Spoof_2019_LA/ASVspoof2019_LA_eval/flac/LA_E_3222839.flac,15
/data/DATASETS/ASV_Spoof_2019_LA/ASVspoof2019_LA_eval/flac/LA_E_3223699.flac,15
/data/DATASETS/ASV_Spoof_2019_LA/ASVspoof2019_LA_eval/flac/LA_E_3225133.flac,15
/data/DATASETS/ASV_Spoof_2019_LA/ASVspoof2019_LA_eval/flac/LA_E_3226329.flac,15
/data/DATASETS/ASV_Spoof_2019_LA/ASVspoof2019_LA_eval/flac/LA_E_3227558.flac,15
/data/DATASETS/ASV_Spoof_2019_LA/ASVspoof2019_LA_eval/flac/LA_E_3227905.flac,15
/data/DATASETS/ASV_Spoof_2019_LA/ASVspoof2019_LA_eval/flac/LA_E_3229283.flac,15
/data/DATASETS/ASV_Spoof_2019_LA/ASVspoof2019_LA_eval/flac/LA_E_3234287.flac,15
/data/DATASETS/ASV_Spoof_2019_LA/ASVspoof2019_LA_eval/flac/LA_E_3240920.flac,15
/data/DATASETS/ASV_Spoof_2019_LA/ASVspoof2019_LA_eval/flac/LA_E_3241963.flac,15
/data/DATASETS/ASV_Spoof_2019_LA/ASVspoof2019_LA_eval/flac/LA_E_3242764.flac,15
/data/DATASETS/ASV_Spoof_2019_LA/ASVspoof2019_LA_eval/flac/LA_E_3242822.flac,15
/data/DATASETS/ASV_Spoof_2019_LA/ASVspoof2019_LA_eval/flac/LA_E_3246420.flac,15
/data/DATASETS/ASV_Spoof_2019_LA/ASVspoof2019_LA_eval/flac/LA_E_3247200.flac,15
/data/DATASETS/ASV_Spoof_2019_LA/ASVspoof2019_LA_eval/flac/LA_E_3249302.flac,15
/data/DATASETS/ASV_Spoof_2019_LA/ASVspoof2019_LA_eval/flac/LA_E_3253920.flac,15
/data/DATASETS/ASV_Spoof_2019_LA/ASVspoof2019_LA_eval/flac/LA_E_3254483.flac,15
/data/DATASETS/ASV_Spoof_2019_LA/ASVspoof2019_LA_eval/flac/LA_E_3254998.flac,15
/data/DATASETS/ASV_Spoof_2019_LA/ASVspoof2019_LA_eval/flac/LA_E_3257863.flac,15
/data/DATASETS/ASV_Spoof_2019_LA/ASVspoof2019_LA_eval/flac/LA_E_3258852.flac,15
/data/DATASETS/ASV_Spoof_2019_LA/ASVspoof2019_LA_eval/flac/LA_E_3259900.flac,15
/data/DATASETS/ASV_Spoof_2019_LA/ASVspoof2019_LA_eval/flac/LA_E_3260799.flac,15
/data/DATASETS/ASV_Spoof_2019_LA/ASVspoof2019_LA_eval/flac/LA_E_3264609.flac,15
/data/DATASETS/ASV_Spoof_2019_LA/ASVspoof2019_LA_eval/flac/LA_E_3268399.flac,15
/data/DATASETS/ASV_Spoof_2019_LA/ASVspoof2019_LA_eval/flac/LA_E_3272173.flac,15
/data/DATASETS/ASV_Spoof_2019_LA/ASVspoof2019_LA_eval/flac/LA_E_3273760.flac,15
/data/DATASETS/ASV_Spoof_2019_LA/ASVspoof2019_LA_eval/flac/LA_E_3274653.flac,15
/data/DATASETS/ASV_Spoof_2019_LA/ASVspoof2019_LA_eval/flac/LA_E_3274979.flac,15
/data/DATASETS/ASV_Spoof_2019_LA/ASVspoof2019_LA_eval/flac/LA_E_3276354.flac,15
/data/DATASETS/ASV_Spoof_2019_LA/ASVspoof2019_LA_eval/flac/LA_E_3276464.flac,15
/data/DATASETS/ASV_Spoof_2019_LA/ASVspoof2019_LA_eval/flac/LA_E_3279581.flac,15
/data/DATASETS/ASV_Spoof_2019_LA/ASVspoof2019_LA_eval/flac/LA_E_3281971.flac,15
/data/DATASETS/ASV_Spoof_2019_LA/ASVspoof2019_LA_eval/flac/LA_E_3282801.flac,15
/data/DATASETS/ASV_Spoof_2019_LA/ASVspoof2019_LA_eval/flac/LA_E_3286290.flac,15
/data/DATASETS/ASV_Spoof_2019_LA/ASVspoof2019_LA_eval/flac/LA_E_3286985.flac,15
/data/DATASETS/ASV_Spoof_2019_LA/ASVspoof2019_LA_eval/flac/LA_E_3287849.flac,15
/data/DATASETS/ASV_Spoof_2019_LA/ASVspoof2019_LA_eval/flac/LA_E_3288778.flac,15
/data/DATASETS/ASV_Spoof_2019_LA/ASVspoof2019_LA_eval/flac/LA_E_3291696.flac,15
/data/DATASETS/ASV_Spoof_2019_LA/ASVspoof2019_LA_eval/flac/LA_E_3291927.flac,15
/data/DATASETS/ASV_Spoof_2019_LA/ASVspoof2019_LA_eval/flac/LA_E_3292259.flac,15
/data/DATASETS/ASV_Spoof_2019_LA/ASVspoof2019_LA_eval/flac/LA_E_3294545.flac,15
/data/DATASETS/ASV_Spoof_2019_LA/ASVspoof2019_LA_eval/flac/LA_E_3296238.flac,15
/data/DATASETS/ASV_Spoof_2019_LA/ASVspoof2019_LA_eval/flac/LA_E_3296518.flac,15
/data/DATASETS/ASV_Spoof_2019_LA/ASVspoof2019_LA_eval/flac/LA_E_3297835.flac,15
/data/DATASETS/ASV_Spoof_2019_LA/ASVspoof2019_LA_eval/flac/LA_E_3299520.flac,15
/data/DATASETS/ASV_Spoof_2019_LA/ASVspoof2019_LA_eval/flac/LA_E_3301920.flac,15
/data/DATASETS/ASV_Spoof_2019_LA/ASVspoof2019_LA_eval/flac/LA_E_3303094.flac,15
/data/DATASETS/ASV_Spoof_2019_LA/ASVspoof2019_LA_eval/flac/LA_E_3305994.flac,15
/data/DATASETS/ASV_Spoof_2019_LA/ASVspoof2019_LA_eval/flac/LA_E_3307562.flac,15
/data/DATASETS/ASV_Spoof_2019_LA/ASVspoof2019_LA_eval/flac/LA_E_3309606.flac,15
/data/DATASETS/ASV_Spoof_2019_LA/ASVspoof2019_LA_eval/flac/LA_E_3312612.flac,15
/data/DATASETS/ASV_Spoof_2019_LA/ASVspoof2019_LA_eval/flac/LA_E_3316052.flac,15
/data/DATASETS/ASV_Spoof_2019_LA/ASVspoof2019_LA_eval/flac/LA_E_3322335.flac,15
/data/DATASETS/ASV_Spoof_2019_LA/ASVspoof2019_LA_eval/flac/LA_E_3323488.flac,15
/data/DATASETS/ASV_Spoof_2019_LA/ASVspoof2019_LA_eval/flac/LA_E_3326345.flac,15
/data/DATASETS/ASV_Spoof_2019_LA/ASVspoof2019_LA_eval/flac/LA_E_3326418.flac,15
/data/DATASETS/ASV_Spoof_2019_LA/ASVspoof2019_LA_eval/flac/LA_E_3326914.flac,15
/data/DATASETS/ASV_Spoof_2019_LA/ASVspoof2019_LA_eval/flac/LA_E_3328098.flac,15
/data/DATASETS/ASV_Spoof_2019_LA/ASVspoof2019_LA_eval/flac/LA_E_3335631.flac,15
/data/DATASETS/ASV_Spoof_2019_LA/ASVspoof2019_LA_eval/flac/LA_E_3339280.flac,15
/data/DATASETS/ASV_Spoof_2019_LA/ASVspoof2019_LA_eval/flac/LA_E_3346672.flac,15
/data/DATASETS/ASV_Spoof_2019_LA/ASVspoof2019_LA_eval/flac/LA_E_3348084.flac,15
/data/DATASETS/ASV_Spoof_2019_LA/ASVspoof2019_LA_eval/flac/LA_E_3348337.flac,15
/data/DATASETS/ASV_Spoof_2019_LA/ASVspoof2019_LA_eval/flac/LA_E_3348682.flac,15
/data/DATASETS/ASV_Spoof_2019_LA/ASVspoof2019_LA_eval/flac/LA_E_3349513.flac,15
/data/DATASETS/ASV_Spoof_2019_LA/ASVspoof2019_LA_eval/flac/LA_E_3351373.flac,15
/data/DATASETS/ASV_Spoof_2019_LA/ASVspoof2019_LA_eval/flac/LA_E_3351813.flac,15
/data/DATASETS/ASV_Spoof_2019_LA/ASVspoof2019_LA_eval/flac/LA_E_3353227.flac,15
/data/DATASETS/ASV_Spoof_2019_LA/ASVspoof2019_LA_eval/flac/LA_E_3354289.flac,15
/data/DATASETS/ASV_Spoof_2019_LA/ASVspoof2019_LA_eval/flac/LA_E_3359844.flac,15
/data/DATASETS/ASV_Spoof_2019_LA/ASVspoof2019_LA_eval/flac/LA_E_3361733.flac,15
/data/DATASETS/ASV_Spoof_2019_LA/ASVspoof2019_LA_eval/flac/LA_E_3363351.flac,15
/data/DATASETS/ASV_Spoof_2019_LA/ASVspoof2019_LA_eval/flac/LA_E_3363863.flac,15
/data/DATASETS/ASV_Spoof_2019_LA/ASVspoof2019_LA_eval/flac/LA_E_3365442.flac,15
/data/DATASETS/ASV_Spoof_2019_LA/ASVspoof2019_LA_eval/flac/LA_E_3366724.flac,15
/data/DATASETS/ASV_Spoof_2019_LA/ASVspoof2019_LA_eval/flac/LA_E_3367311.flac,15
/data/DATASETS/ASV_Spoof_2019_LA/ASVspoof2019_LA_eval/flac/LA_E_3369622.flac,15
/data/DATASETS/ASV_Spoof_2019_LA/ASVspoof2019_LA_eval/flac/LA_E_3369640.flac,15
/data/DATASETS/ASV_Spoof_2019_LA/ASVspoof2019_LA_eval/flac/LA_E_3371896.flac,15
/data/DATASETS/ASV_Spoof_2019_LA/ASVspoof2019_LA_eval/flac/LA_E_3373182.flac,15
/data/DATASETS/ASV_Spoof_2019_LA/ASVspoof2019_LA_eval/flac/LA_E_3374528.flac,15
/data/DATASETS/ASV_Spoof_2019_LA/ASVspoof2019_LA_eval/flac/LA_E_3374681.flac,15
/data/DATASETS/ASV_Spoof_2019_LA/ASVspoof2019_LA_eval/flac/LA_E_3376515.flac,15
/data/DATASETS/ASV_Spoof_2019_LA/ASVspoof2019_LA_eval/flac/LA_E_3378141.flac,15
/data/DATASETS/ASV_Spoof_2019_LA/ASVspoof2019_LA_eval/flac/LA_E_3379384.flac,15
/data/DATASETS/ASV_Spoof_2019_LA/ASVspoof2019_LA_eval/flac/LA_E_3382178.flac,15
/data/DATASETS/ASV_Spoof_2019_LA/ASVspoof2019_LA_eval/flac/LA_E_3384831.flac,15
/data/DATASETS/ASV_Spoof_2019_LA/ASVspoof2019_LA_eval/flac/LA_E_3385676.flac,15
/data/DATASETS/ASV_Spoof_2019_LA/ASVspoof2019_LA_eval/flac/LA_E_3387058.flac,15
/data/DATASETS/ASV_Spoof_2019_LA/ASVspoof2019_LA_eval/flac/LA_E_3388071.flac,15
/data/DATASETS/ASV_Spoof_2019_LA/ASVspoof2019_LA_eval/flac/LA_E_3388962.flac,15
/data/DATASETS/ASV_Spoof_2019_LA/ASVspoof2019_LA_eval/flac/LA_E_3391004.flac,15
/data/DATASETS/ASV_Spoof_2019_LA/ASVspoof2019_LA_eval/flac/LA_E_3395123.flac,15
/data/DATASETS/ASV_Spoof_2019_LA/ASVspoof2019_LA_eval/flac/LA_E_3397149.flac,15
/data/DATASETS/ASV_Spoof_2019_LA/ASVspoof2019_LA_eval/flac/LA_E_3399303.flac,15
/data/DATASETS/ASV_Spoof_2019_LA/ASVspoof2019_LA_eval/flac/LA_E_3400247.flac,15
/data/DATASETS/ASV_Spoof_2019_LA/ASVspoof2019_LA_eval/flac/LA_E_3400599.flac,15
/data/DATASETS/ASV_Spoof_2019_LA/ASVspoof2019_LA_eval/flac/LA_E_3408733.flac,15
/data/DATASETS/ASV_Spoof_2019_LA/ASVspoof2019_LA_eval/flac/LA_E_3409118.flac,15
/data/DATASETS/ASV_Spoof_2019_LA/ASVspoof2019_LA_eval/flac/LA_E_3409285.flac,15
/data/DATASETS/ASV_Spoof_2019_LA/ASVspoof2019_LA_eval/flac/LA_E_3411721.flac,15
/data/DATASETS/ASV_Spoof_2019_LA/ASVspoof2019_LA_eval/flac/LA_E_3411878.flac,15
/data/DATASETS/ASV_Spoof_2019_LA/ASVspoof2019_LA_eval/flac/LA_E_3412898.flac,15
/data/DATASETS/ASV_Spoof_2019_LA/ASVspoof2019_LA_eval/flac/LA_E_3413724.flac,15
/data/DATASETS/ASV_Spoof_2019_LA/ASVspoof2019_LA_eval/flac/LA_E_3413868.flac,15
/data/DATASETS/ASV_Spoof_2019_LA/ASVspoof2019_LA_eval/flac/LA_E_3415073.flac,15
/data/DATASETS/ASV_Spoof_2019_LA/ASVspoof2019_LA_eval/flac/LA_E_3415818.flac,15
/data/DATASETS/ASV_Spoof_2019_LA/ASVspoof2019_LA_eval/flac/LA_E_3418088.flac,15
/data/DATASETS/ASV_Spoof_2019_LA/ASVspoof2019_LA_eval/flac/LA_E_3420683.flac,15
/data/DATASETS/ASV_Spoof_2019_LA/ASVspoof2019_LA_eval/flac/LA_E_3423133.flac,15
/data/DATASETS/ASV_Spoof_2019_LA/ASVspoof2019_LA_eval/flac/LA_E_3423337.flac,15
/data/DATASETS/ASV_Spoof_2019_LA/ASVspoof2019_LA_eval/flac/LA_E_3423816.flac,15
/data/DATASETS/ASV_Spoof_2019_LA/ASVspoof2019_LA_eval/flac/LA_E_3425601.flac,15
/data/DATASETS/ASV_Spoof_2019_LA/ASVspoof2019_LA_eval/flac/LA_E_3426809.flac,15
/data/DATASETS/ASV_Spoof_2019_LA/ASVspoof2019_LA_eval/flac/LA_E_3427716.flac,15
/data/DATASETS/ASV_Spoof_2019_LA/ASVspoof2019_LA_eval/flac/LA_E_3427871.flac,15
/data/DATASETS/ASV_Spoof_2019_LA/ASVspoof2019_LA_eval/flac/LA_E_3427959.flac,15
/data/DATASETS/ASV_Spoof_2019_LA/ASVspoof2019_LA_eval/flac/LA_E_3429357.flac,15
/data/DATASETS/ASV_Spoof_2019_LA/ASVspoof2019_LA_eval/flac/LA_E_3432303.flac,15
/data/DATASETS/ASV_Spoof_2019_LA/ASVspoof2019_LA_eval/flac/LA_E_3435395.flac,15
/data/DATASETS/ASV_Spoof_2019_LA/ASVspoof2019_LA_eval/flac/LA_E_3436243.flac,15
/data/DATASETS/ASV_Spoof_2019_LA/ASVspoof2019_LA_eval/flac/LA_E_3439860.flac,15
/data/DATASETS/ASV_Spoof_2019_LA/ASVspoof2019_LA_eval/flac/LA_E_3440057.flac,15
/data/DATASETS/ASV_Spoof_2019_LA/ASVspoof2019_LA_eval/flac/LA_E_3444539.flac,15
/data/DATASETS/ASV_Spoof_2019_LA/ASVspoof2019_LA_eval/flac/LA_E_3446476.flac,15
/data/DATASETS/ASV_Spoof_2019_LA/ASVspoof2019_LA_eval/flac/LA_E_3448653.flac,15
/data/DATASETS/ASV_Spoof_2019_LA/ASVspoof2019_LA_eval/flac/LA_E_3450950.flac,15
/data/DATASETS/ASV_Spoof_2019_LA/ASVspoof2019_LA_eval/flac/LA_E_3453059.flac,15
/data/DATASETS/ASV_Spoof_2019_LA/ASVspoof2019_LA_eval/flac/LA_E_3453222.flac,15
/data/DATASETS/ASV_Spoof_2019_LA/ASVspoof2019_LA_eval/flac/LA_E_3453605.flac,15
/data/DATASETS/ASV_Spoof_2019_LA/ASVspoof2019_LA_eval/flac/LA_E_3454867.flac,15
/data/DATASETS/ASV_Spoof_2019_LA/ASVspoof2019_LA_eval/flac/LA_E_3457404.flac,15
/data/DATASETS/ASV_Spoof_2019_LA/ASVspoof2019_LA_eval/flac/LA_E_3458391.flac,15
/data/DATASETS/ASV_Spoof_2019_LA/ASVspoof2019_LA_eval/flac/LA_E_3459840.flac,15
/data/DATASETS/ASV_Spoof_2019_LA/ASVspoof2019_LA_eval/flac/LA_E_3462948.flac,15
/data/DATASETS/ASV_Spoof_2019_LA/ASVspoof2019_LA_eval/flac/LA_E_3463501.flac,15
/data/DATASETS/ASV_Spoof_2019_LA/ASVspoof2019_LA_eval/flac/LA_E_3466600.flac,15
/data/DATASETS/ASV_Spoof_2019_LA/ASVspoof2019_LA_eval/flac/LA_E_3467042.flac,15
/data/DATASETS/ASV_Spoof_2019_LA/ASVspoof2019_LA_eval/flac/LA_E_3468260.flac,15
/data/DATASETS/ASV_Spoof_2019_LA/ASVspoof2019_LA_eval/flac/LA_E_3469050.flac,15
/data/DATASETS/ASV_Spoof_2019_LA/ASVspoof2019_LA_eval/flac/LA_E_3470544.flac,15
/data/DATASETS/ASV_Spoof_2019_LA/ASVspoof2019_LA_eval/flac/LA_E_3472314.flac,15
/data/DATASETS/ASV_Spoof_2019_LA/ASVspoof2019_LA_eval/flac/LA_E_3474390.flac,15
/data/DATASETS/ASV_Spoof_2019_LA/ASVspoof2019_LA_eval/flac/LA_E_3475365.flac,15
/data/DATASETS/ASV_Spoof_2019_LA/ASVspoof2019_LA_eval/flac/LA_E_3476113.flac,15
/data/DATASETS/ASV_Spoof_2019_LA/ASVspoof2019_LA_eval/flac/LA_E_3477372.flac,15
/data/DATASETS/ASV_Spoof_2019_LA/ASVspoof2019_LA_eval/flac/LA_E_3478742.flac,15
/data/DATASETS/ASV_Spoof_2019_LA/ASVspoof2019_LA_eval/flac/LA_E_3490878.flac,15
/data/DATASETS/ASV_Spoof_2019_LA/ASVspoof2019_LA_eval/flac/LA_E_3495770.flac,15
/data/DATASETS/ASV_Spoof_2019_LA/ASVspoof2019_LA_eval/flac/LA_E_3496644.flac,15
/data/DATASETS/ASV_Spoof_2019_LA/ASVspoof2019_LA_eval/flac/LA_E_3496701.flac,15
/data/DATASETS/ASV_Spoof_2019_LA/ASVspoof2019_LA_eval/flac/LA_E_3498332.flac,15
/data/DATASETS/ASV_Spoof_2019_LA/ASVspoof2019_LA_eval/flac/LA_E_3499247.flac,15
/data/DATASETS/ASV_Spoof_2019_LA/ASVspoof2019_LA_eval/flac/LA_E_3500702.flac,15
/data/DATASETS/ASV_Spoof_2019_LA/ASVspoof2019_LA_eval/flac/LA_E_3502384.flac,15
/data/DATASETS/ASV_Spoof_2019_LA/ASVspoof2019_LA_eval/flac/LA_E_3502572.flac,15
/data/DATASETS/ASV_Spoof_2019_LA/ASVspoof2019_LA_eval/flac/LA_E_3505064.flac,15
/data/DATASETS/ASV_Spoof_2019_LA/ASVspoof2019_LA_eval/flac/LA_E_3507878.flac,15
/data/DATASETS/ASV_Spoof_2019_LA/ASVspoof2019_LA_eval/flac/LA_E_3509854.flac,15
/data/DATASETS/ASV_Spoof_2019_LA/ASVspoof2019_LA_eval/flac/LA_E_3511114.flac,15
/data/DATASETS/ASV_Spoof_2019_LA/ASVspoof2019_LA_eval/flac/LA_E_3511537.flac,15
/data/DATASETS/ASV_Spoof_2019_LA/ASVspoof2019_LA_eval/flac/LA_E_3514080.flac,15
/data/DATASETS/ASV_Spoof_2019_LA/ASVspoof2019_LA_eval/flac/LA_E_3514399.flac,15
/data/DATASETS/ASV_Spoof_2019_LA/ASVspoof2019_LA_eval/flac/LA_E_3517465.flac,15
/data/DATASETS/ASV_Spoof_2019_LA/ASVspoof2019_LA_eval/flac/LA_E_3518421.flac,15
/data/DATASETS/ASV_Spoof_2019_LA/ASVspoof2019_LA_eval/flac/LA_E_3518676.flac,15
/data/DATASETS/ASV_Spoof_2019_LA/ASVspoof2019_LA_eval/flac/LA_E_3519098.flac,15
/data/DATASETS/ASV_Spoof_2019_LA/ASVspoof2019_LA_eval/flac/LA_E_3520207.flac,15
/data/DATASETS/ASV_Spoof_2019_LA/ASVspoof2019_LA_eval/flac/LA_E_3523853.flac,15
/data/DATASETS/ASV_Spoof_2019_LA/ASVspoof2019_LA_eval/flac/LA_E_3525168.flac,15
/data/DATASETS/ASV_Spoof_2019_LA/ASVspoof2019_LA_eval/flac/LA_E_3530310.flac,15
/data/DATASETS/ASV_Spoof_2019_LA/ASVspoof2019_LA_eval/flac/LA_E_3533493.flac,15
/data/DATASETS/ASV_Spoof_2019_LA/ASVspoof2019_LA_eval/flac/LA_E_3533868.flac,15
/data/DATASETS/ASV_Spoof_2019_LA/ASVspoof2019_LA_eval/flac/LA_E_3533880.flac,15
/data/DATASETS/ASV_Spoof_2019_LA/ASVspoof2019_LA_eval/flac/LA_E_3535497.flac,15
/data/DATASETS/ASV_Spoof_2019_LA/ASVspoof2019_LA_eval/flac/LA_E_3539738.flac,15
/data/DATASETS/ASV_Spoof_2019_LA/ASVspoof2019_LA_eval/flac/LA_E_3543934.flac,15
/data/DATASETS/ASV_Spoof_2019_LA/ASVspoof2019_LA_eval/flac/LA_E_3544799.flac,15
/data/DATASETS/ASV_Spoof_2019_LA/ASVspoof2019_LA_eval/flac/LA_E_3546231.flac,15
/data/DATASETS/ASV_Spoof_2019_LA/ASVspoof2019_LA_eval/flac/LA_E_3548637.flac,15
/data/DATASETS/ASV_Spoof_2019_LA/ASVspoof2019_LA_eval/flac/LA_E_3548794.flac,15
/data/DATASETS/ASV_Spoof_2019_LA/ASVspoof2019_LA_eval/flac/LA_E_3549224.flac,15
/data/DATASETS/ASV_Spoof_2019_LA/ASVspoof2019_LA_eval/flac/LA_E_3549416.flac,15
/data/DATASETS/ASV_Spoof_2019_LA/ASVspoof2019_LA_eval/flac/LA_E_3551030.flac,15
/data/DATASETS/ASV_Spoof_2019_LA/ASVspoof2019_LA_eval/flac/LA_E_3553583.flac,15
/data/DATASETS/ASV_Spoof_2019_LA/ASVspoof2019_LA_eval/flac/LA_E_3555002.flac,15
/data/DATASETS/ASV_Spoof_2019_LA/ASVspoof2019_LA_eval/flac/LA_E_3555370.flac,15
/data/DATASETS/ASV_Spoof_2019_LA/ASVspoof2019_LA_eval/flac/LA_E_3556470.flac,15
/data/DATASETS/ASV_Spoof_2019_LA/ASVspoof2019_LA_eval/flac/LA_E_3559485.flac,15
/data/DATASETS/ASV_Spoof_2019_LA/ASVspoof2019_LA_eval/flac/LA_E_3562022.flac,15
/data/DATASETS/ASV_Spoof_2019_LA/ASVspoof2019_LA_eval/flac/LA_E_3563565.flac,15
/data/DATASETS/ASV_Spoof_2019_LA/ASVspoof2019_LA_eval/flac/LA_E_3564080.flac,15
/data/DATASETS/ASV_Spoof_2019_LA/ASVspoof2019_LA_eval/flac/LA_E_3566076.flac,15
/data/DATASETS/ASV_Spoof_2019_LA/ASVspoof2019_LA_eval/flac/LA_E_3570630.flac,15
/data/DATASETS/ASV_Spoof_2019_LA/ASVspoof2019_LA_eval/flac/LA_E_3570858.flac,15
/data/DATASETS/ASV_Spoof_2019_LA/ASVspoof2019_LA_eval/flac/LA_E_3572648.flac,15
/data/DATASETS/ASV_Spoof_2019_LA/ASVspoof2019_LA_eval/flac/LA_E_3572936.flac,15
/data/DATASETS/ASV_Spoof_2019_LA/ASVspoof2019_LA_eval/flac/LA_E_3573097.flac,15
/data/DATASETS/ASV_Spoof_2019_LA/ASVspoof2019_LA_eval/flac/LA_E_3573654.flac,15
/data/DATASETS/ASV_Spoof_2019_LA/ASVspoof2019_LA_eval/flac/LA_E_3573675.flac,15
/data/DATASETS/ASV_Spoof_2019_LA/ASVspoof2019_LA_eval/flac/LA_E_3575666.flac,15
/data/DATASETS/ASV_Spoof_2019_LA/ASVspoof2019_LA_eval/flac/LA_E_3577074.flac,15
/data/DATASETS/ASV_Spoof_2019_LA/ASVspoof2019_LA_eval/flac/LA_E_3584873.flac,15
/data/DATASETS/ASV_Spoof_2019_LA/ASVspoof2019_LA_eval/flac/LA_E_3586316.flac,15
/data/DATASETS/ASV_Spoof_2019_LA/ASVspoof2019_LA_eval/flac/LA_E_3586439.flac,15
/data/DATASETS/ASV_Spoof_2019_LA/ASVspoof2019_LA_eval/flac/LA_E_3587462.flac,15
/data/DATASETS/ASV_Spoof_2019_LA/ASVspoof2019_LA_eval/flac/LA_E_3588552.flac,15
/data/DATASETS/ASV_Spoof_2019_LA/ASVspoof2019_LA_eval/flac/LA_E_3588668.flac,15
/data/DATASETS/ASV_Spoof_2019_LA/ASVspoof2019_LA_eval/flac/LA_E_3590625.flac,15
/data/DATASETS/ASV_Spoof_2019_LA/ASVspoof2019_LA_eval/flac/LA_E_3591717.flac,15
/data/DATASETS/ASV_Spoof_2019_LA/ASVspoof2019_LA_eval/flac/LA_E_3592207.flac,15
/data/DATASETS/ASV_Spoof_2019_LA/ASVspoof2019_LA_eval/flac/LA_E_3592708.flac,15
/data/DATASETS/ASV_Spoof_2019_LA/ASVspoof2019_LA_eval/flac/LA_E_3593391.flac,15
/data/DATASETS/ASV_Spoof_2019_LA/ASVspoof2019_LA_eval/flac/LA_E_3594621.flac,15
/data/DATASETS/ASV_Spoof_2019_LA/ASVspoof2019_LA_eval/flac/LA_E_3597021.flac,15
/data/DATASETS/ASV_Spoof_2019_LA/ASVspoof2019_LA_eval/flac/LA_E_3597871.flac,15
/data/DATASETS/ASV_Spoof_2019_LA/ASVspoof2019_LA_eval/flac/LA_E_3601756.flac,15
/data/DATASETS/ASV_Spoof_2019_LA/ASVspoof2019_LA_eval/flac/LA_E_3601970.flac,15
/data/DATASETS/ASV_Spoof_2019_LA/ASVspoof2019_LA_eval/flac/LA_E_3602481.flac,15
/data/DATASETS/ASV_Spoof_2019_LA/ASVspoof2019_LA_eval/flac/LA_E_3606981.flac,15
/data/DATASETS/ASV_Spoof_2019_LA/ASVspoof2019_LA_eval/flac/LA_E_3609522.flac,15
/data/DATASETS/ASV_Spoof_2019_LA/ASVspoof2019_LA_eval/flac/LA_E_3611218.flac,15
/data/DATASETS/ASV_Spoof_2019_LA/ASVspoof2019_LA_eval/flac/LA_E_3611227.flac,15
/data/DATASETS/ASV_Spoof_2019_LA/ASVspoof2019_LA_eval/flac/LA_E_3611937.flac,15
/data/DATASETS/ASV_Spoof_2019_LA/ASVspoof2019_LA_eval/flac/LA_E_3613766.flac,15
/data/DATASETS/ASV_Spoof_2019_LA/ASVspoof2019_LA_eval/flac/LA_E_3614289.flac,15
/data/DATASETS/ASV_Spoof_2019_LA/ASVspoof2019_LA_eval/flac/LA_E_3617367.flac,15
/data/DATASETS/ASV_Spoof_2019_LA/ASVspoof2019_LA_eval/flac/LA_E_3619771.flac,15
/data/DATASETS/ASV_Spoof_2019_LA/ASVspoof2019_LA_eval/flac/LA_E_3622943.flac,15
/data/DATASETS/ASV_Spoof_2019_LA/ASVspoof2019_LA_eval/flac/LA_E_3623057.flac,15
/data/DATASETS/ASV_Spoof_2019_LA/ASVspoof2019_LA_eval/flac/LA_E_3624263.flac,15
/data/DATASETS/ASV_Spoof_2019_LA/ASVspoof2019_LA_eval/flac/LA_E_3625466.flac,15
/data/DATASETS/ASV_Spoof_2019_LA/ASVspoof2019_LA_eval/flac/LA_E_3626150.flac,15
/data/DATASETS/ASV_Spoof_2019_LA/ASVspoof2019_LA_eval/flac/LA_E_3626884.flac,15
/data/DATASETS/ASV_Spoof_2019_LA/ASVspoof2019_LA_eval/flac/LA_E_3626903.flac,15
/data/DATASETS/ASV_Spoof_2019_LA/ASVspoof2019_LA_eval/flac/LA_E_3627966.flac,15
/data/DATASETS/ASV_Spoof_2019_LA/ASVspoof2019_LA_eval/flac/LA_E_3629389.flac,15
/data/DATASETS/ASV_Spoof_2019_LA/ASVspoof2019_LA_eval/flac/LA_E_3629746.flac,15
/data/DATASETS/ASV_Spoof_2019_LA/ASVspoof2019_LA_eval/flac/LA_E_3631287.flac,15
/data/DATASETS/ASV_Spoof_2019_LA/ASVspoof2019_LA_eval/flac/LA_E_3636749.flac,15
/data/DATASETS/ASV_Spoof_2019_LA/ASVspoof2019_LA_eval/flac/LA_E_3637508.flac,15
/data/DATASETS/ASV_Spoof_2019_LA/ASVspoof2019_LA_eval/flac/LA_E_3639334.flac,15
/data/DATASETS/ASV_Spoof_2019_LA/ASVspoof2019_LA_eval/flac/LA_E_3641037.flac,15
/data/DATASETS/ASV_Spoof_2019_LA/ASVspoof2019_LA_eval/flac/LA_E_3641123.flac,15
/data/DATASETS/ASV_Spoof_2019_LA/ASVspoof2019_LA_eval/flac/LA_E_3642121.flac,15
/data/DATASETS/ASV_Spoof_2019_LA/ASVspoof2019_LA_eval/flac/LA_E_3642563.flac,15
/data/DATASETS/ASV_Spoof_2019_LA/ASVspoof2019_LA_eval/flac/LA_E_3646338.flac,15
/data/DATASETS/ASV_Spoof_2019_LA/ASVspoof2019_LA_eval/flac/LA_E_3650047.flac,15
/data/DATASETS/ASV_Spoof_2019_LA/ASVspoof2019_LA_eval/flac/LA_E_3650582.flac,15
/data/DATASETS/ASV_Spoof_2019_LA/ASVspoof2019_LA_eval/flac/LA_E_3651884.flac,15
/data/DATASETS/ASV_Spoof_2019_LA/ASVspoof2019_LA_eval/flac/LA_E_3657486.flac,15
/data/DATASETS/ASV_Spoof_2019_LA/ASVspoof2019_LA_eval/flac/LA_E_3660093.flac,15
/data/DATASETS/ASV_Spoof_2019_LA/ASVspoof2019_LA_eval/flac/LA_E_3662341.flac,15
/data/DATASETS/ASV_Spoof_2019_LA/ASVspoof2019_LA_eval/flac/LA_E_3667861.flac,15
/data/DATASETS/ASV_Spoof_2019_LA/ASVspoof2019_LA_eval/flac/LA_E_3668324.flac,15
/data/DATASETS/ASV_Spoof_2019_LA/ASVspoof2019_LA_eval/flac/LA_E_3668710.flac,15
/data/DATASETS/ASV_Spoof_2019_LA/ASVspoof2019_LA_eval/flac/LA_E_3669959.flac,15
/data/DATASETS/ASV_Spoof_2019_LA/ASVspoof2019_LA_eval/flac/LA_E_3672331.flac,15
/data/DATASETS/ASV_Spoof_2019_LA/ASVspoof2019_LA_eval/flac/LA_E_3674647.flac,15
/data/DATASETS/ASV_Spoof_2019_LA/ASVspoof2019_LA_eval/flac/LA_E_3681919.flac,15
/data/DATASETS/ASV_Spoof_2019_LA/ASVspoof2019_LA_eval/flac/LA_E_3685461.flac,15
/data/DATASETS/ASV_Spoof_2019_LA/ASVspoof2019_LA_eval/flac/LA_E_3686468.flac,15
/data/DATASETS/ASV_Spoof_2019_LA/ASVspoof2019_LA_eval/flac/LA_E_3686518.flac,15
/data/DATASETS/ASV_Spoof_2019_LA/ASVspoof2019_LA_eval/flac/LA_E_3687937.flac,15
/data/DATASETS/ASV_Spoof_2019_LA/ASVspoof2019_LA_eval/flac/LA_E_3689119.flac,15
/data/DATASETS/ASV_Spoof_2019_LA/ASVspoof2019_LA_eval/flac/LA_E_3689984.flac,15
/data/DATASETS/ASV_Spoof_2019_LA/ASVspoof2019_LA_eval/flac/LA_E_3691208.flac,15
/data/DATASETS/ASV_Spoof_2019_LA/ASVspoof2019_LA_eval/flac/LA_E_3691997.flac,15
/data/DATASETS/ASV_Spoof_2019_LA/ASVspoof2019_LA_eval/flac/LA_E_3697954.flac,15
/data/DATASETS/ASV_Spoof_2019_LA/ASVspoof2019_LA_eval/flac/LA_E_3699835.flac,15
/data/DATASETS/ASV_Spoof_2019_LA/ASVspoof2019_LA_eval/flac/LA_E_3699872.flac,15
/data/DATASETS/ASV_Spoof_2019_LA/ASVspoof2019_LA_eval/flac/LA_E_3700324.flac,15
/data/DATASETS/ASV_Spoof_2019_LA/ASVspoof2019_LA_eval/flac/LA_E_3701013.flac,15
/data/DATASETS/ASV_Spoof_2019_LA/ASVspoof2019_LA_eval/flac/LA_E_3701603.flac,15
/data/DATASETS/ASV_Spoof_2019_LA/ASVspoof2019_LA_eval/flac/LA_E_3702201.flac,15
/data/DATASETS/ASV_Spoof_2019_LA/ASVspoof2019_LA_eval/flac/LA_E_3704767.flac,15
/data/DATASETS/ASV_Spoof_2019_LA/ASVspoof2019_LA_eval/flac/LA_E_3705856.flac,15
/data/DATASETS/ASV_Spoof_2019_LA/ASVspoof2019_LA_eval/flac/LA_E_3709051.flac,15
/data/DATASETS/ASV_Spoof_2019_LA/ASVspoof2019_LA_eval/flac/LA_E_3711029.flac,15
/data/DATASETS/ASV_Spoof_2019_LA/ASVspoof2019_LA_eval/flac/LA_E_3711498.flac,15
/data/DATASETS/ASV_Spoof_2019_LA/ASVspoof2019_LA_eval/flac/LA_E_3715134.flac,15
/data/DATASETS/ASV_Spoof_2019_LA/ASVspoof2019_LA_eval/flac/LA_E_3718254.flac,15
/data/DATASETS/ASV_Spoof_2019_LA/ASVspoof2019_LA_eval/flac/LA_E_3718975.flac,15
/data/DATASETS/ASV_Spoof_2019_LA/ASVspoof2019_LA_eval/flac/LA_E_3722920.flac,15
/data/DATASETS/ASV_Spoof_2019_LA/ASVspoof2019_LA_eval/flac/LA_E_3727897.flac,15
/data/DATASETS/ASV_Spoof_2019_LA/ASVspoof2019_LA_eval/flac/LA_E_3728642.flac,15
/data/DATASETS/ASV_Spoof_2019_LA/ASVspoof2019_LA_eval/flac/LA_E_3730805.flac,15
/data/DATASETS/ASV_Spoof_2019_LA/ASVspoof2019_LA_eval/flac/LA_E_3731341.flac,15
/data/DATASETS/ASV_Spoof_2019_LA/ASVspoof2019_LA_eval/flac/LA_E_3732470.flac,15
/data/DATASETS/ASV_Spoof_2019_LA/ASVspoof2019_LA_eval/flac/LA_E_3733032.flac,15
/data/DATASETS/ASV_Spoof_2019_LA/ASVspoof2019_LA_eval/flac/LA_E_3734696.flac,15
/data/DATASETS/ASV_Spoof_2019_LA/ASVspoof2019_LA_eval/flac/LA_E_3739109.flac,15
/data/DATASETS/ASV_Spoof_2019_LA/ASVspoof2019_LA_eval/flac/LA_E_3740185.flac,15
/data/DATASETS/ASV_Spoof_2019_LA/ASVspoof2019_LA_eval/flac/LA_E_3741731.flac,15
/data/DATASETS/ASV_Spoof_2019_LA/ASVspoof2019_LA_eval/flac/LA_E_3741807.flac,15
/data/DATASETS/ASV_Spoof_2019_LA/ASVspoof2019_LA_eval/flac/LA_E_3743987.flac,15
/data/DATASETS/ASV_Spoof_2019_LA/ASVspoof2019_LA_eval/flac/LA_E_3745658.flac,15
/data/DATASETS/ASV_Spoof_2019_LA/ASVspoof2019_LA_eval/flac/LA_E_3748128.flac,15
/data/DATASETS/ASV_Spoof_2019_LA/ASVspoof2019_LA_eval/flac/LA_E_3750625.flac,15
/data/DATASETS/ASV_Spoof_2019_LA/ASVspoof2019_LA_eval/flac/LA_E_3756063.flac,15
/data/DATASETS/ASV_Spoof_2019_LA/ASVspoof2019_LA_eval/flac/LA_E_3767984.flac,15
/data/DATASETS/ASV_Spoof_2019_LA/ASVspoof2019_LA_eval/flac/LA_E_3768954.flac,15
/data/DATASETS/ASV_Spoof_2019_LA/ASVspoof2019_LA_eval/flac/LA_E_3770075.flac,15
/data/DATASETS/ASV_Spoof_2019_LA/ASVspoof2019_LA_eval/flac/LA_E_3771901.flac,15
/data/DATASETS/ASV_Spoof_2019_LA/ASVspoof2019_LA_eval/flac/LA_E_3777863.flac,15
/data/DATASETS/ASV_Spoof_2019_LA/ASVspoof2019_LA_eval/flac/LA_E_3779098.flac,15
/data/DATASETS/ASV_Spoof_2019_LA/ASVspoof2019_LA_eval/flac/LA_E_3780235.flac,15
/data/DATASETS/ASV_Spoof_2019_LA/ASVspoof2019_LA_eval/flac/LA_E_3781773.flac,15
/data/DATASETS/ASV_Spoof_2019_LA/ASVspoof2019_LA_eval/flac/LA_E_3781970.flac,15
/data/DATASETS/ASV_Spoof_2019_LA/ASVspoof2019_LA_eval/flac/LA_E_3783043.flac,15
/data/DATASETS/ASV_Spoof_2019_LA/ASVspoof2019_LA_eval/flac/LA_E_3783455.flac,15
/data/DATASETS/ASV_Spoof_2019_LA/ASVspoof2019_LA_eval/flac/LA_E_3783922.flac,15
/data/DATASETS/ASV_Spoof_2019_LA/ASVspoof2019_LA_eval/flac/LA_E_3784080.flac,15
/data/DATASETS/ASV_Spoof_2019_LA/ASVspoof2019_LA_eval/flac/LA_E_3791349.flac,15
/data/DATASETS/ASV_Spoof_2019_LA/ASVspoof2019_LA_eval/flac/LA_E_3795277.flac,15
/data/DATASETS/ASV_Spoof_2019_LA/ASVspoof2019_LA_eval/flac/LA_E_3795529.flac,15
/data/DATASETS/ASV_Spoof_2019_LA/ASVspoof2019_LA_eval/flac/LA_E_3795687.flac,15
/data/DATASETS/ASV_Spoof_2019_LA/ASVspoof2019_LA_eval/flac/LA_E_3796606.flac,15
/data/DATASETS/ASV_Spoof_2019_LA/ASVspoof2019_LA_eval/flac/LA_E_3796998.flac,15
/data/DATASETS/ASV_Spoof_2019_LA/ASVspoof2019_LA_eval/flac/LA_E_3799746.flac,15
/data/DATASETS/ASV_Spoof_2019_LA/ASVspoof2019_LA_eval/flac/LA_E_3801238.flac,15
/data/DATASETS/ASV_Spoof_2019_LA/ASVspoof2019_LA_eval/flac/LA_E_3803661.flac,15
/data/DATASETS/ASV_Spoof_2019_LA/ASVspoof2019_LA_eval/flac/LA_E_3803879.flac,15
/data/DATASETS/ASV_Spoof_2019_LA/ASVspoof2019_LA_eval/flac/LA_E_3806442.flac,15
/data/DATASETS/ASV_Spoof_2019_LA/ASVspoof2019_LA_eval/flac/LA_E_3807308.flac,15
/data/DATASETS/ASV_Spoof_2019_LA/ASVspoof2019_LA_eval/flac/LA_E_3809392.flac,15
/data/DATASETS/ASV_Spoof_2019_LA/ASVspoof2019_LA_eval/flac/LA_E_3813335.flac,15
/data/DATASETS/ASV_Spoof_2019_LA/ASVspoof2019_LA_eval/flac/LA_E_3814345.flac,15
/data/DATASETS/ASV_Spoof_2019_LA/ASVspoof2019_LA_eval/flac/LA_E_3817477.flac,15
/data/DATASETS/ASV_Spoof_2019_LA/ASVspoof2019_LA_eval/flac/LA_E_3818948.flac,15
/data/DATASETS/ASV_Spoof_2019_LA/ASVspoof2019_LA_eval/flac/LA_E_3819303.flac,15
/data/DATASETS/ASV_Spoof_2019_LA/ASVspoof2019_LA_eval/flac/LA_E_3819547.flac,15
/data/DATASETS/ASV_Spoof_2019_LA/ASVspoof2019_LA_eval/flac/LA_E_3822139.flac,15
/data/DATASETS/ASV_Spoof_2019_LA/ASVspoof2019_LA_eval/flac/LA_E_3822919.flac,15
/data/DATASETS/ASV_Spoof_2019_LA/ASVspoof2019_LA_eval/flac/LA_E_3823971.flac,15
/data/DATASETS/ASV_Spoof_2019_LA/ASVspoof2019_LA_eval/flac/LA_E_3825478.flac,15
/data/DATASETS/ASV_Spoof_2019_LA/ASVspoof2019_LA_eval/flac/LA_E_3826747.flac,15
/data/DATASETS/ASV_Spoof_2019_LA/ASVspoof2019_LA_eval/flac/LA_E_3831194.flac,15
/data/DATASETS/ASV_Spoof_2019_LA/ASVspoof2019_LA_eval/flac/LA_E_3831366.flac,15
/data/DATASETS/ASV_Spoof_2019_LA/ASVspoof2019_LA_eval/flac/LA_E_3832024.flac,15
/data/DATASETS/ASV_Spoof_2019_LA/ASVspoof2019_LA_eval/flac/LA_E_3833300.flac,15
/data/DATASETS/ASV_Spoof_2019_LA/ASVspoof2019_LA_eval/flac/LA_E_3833613.flac,15
/data/DATASETS/ASV_Spoof_2019_LA/ASVspoof2019_LA_eval/flac/LA_E_3833786.flac,15
/data/DATASETS/ASV_Spoof_2019_LA/ASVspoof2019_LA_eval/flac/LA_E_3834368.flac,15
/data/DATASETS/ASV_Spoof_2019_LA/ASVspoof2019_LA_eval/flac/LA_E_3835427.flac,15
/data/DATASETS/ASV_Spoof_2019_LA/ASVspoof2019_LA_eval/flac/LA_E_3838185.flac,15
/data/DATASETS/ASV_Spoof_2019_LA/ASVspoof2019_LA_eval/flac/LA_E_3839213.flac,15
/data/DATASETS/ASV_Spoof_2019_LA/ASVspoof2019_LA_eval/flac/LA_E_3839490.flac,15
/data/DATASETS/ASV_Spoof_2019_LA/ASVspoof2019_LA_eval/flac/LA_E_3840230.flac,15
/data/DATASETS/ASV_Spoof_2019_LA/ASVspoof2019_LA_eval/flac/LA_E_3841287.flac,15
/data/DATASETS/ASV_Spoof_2019_LA/ASVspoof2019_LA_eval/flac/LA_E_3845202.flac,15
/data/DATASETS/ASV_Spoof_2019_LA/ASVspoof2019_LA_eval/flac/LA_E_3849273.flac,15
/data/DATASETS/ASV_Spoof_2019_LA/ASVspoof2019_LA_eval/flac/LA_E_3852940.flac,15
/data/DATASETS/ASV_Spoof_2019_LA/ASVspoof2019_LA_eval/flac/LA_E_3857192.flac,15
/data/DATASETS/ASV_Spoof_2019_LA/ASVspoof2019_LA_eval/flac/LA_E_3860397.flac,15
/data/DATASETS/ASV_Spoof_2019_LA/ASVspoof2019_LA_eval/flac/LA_E_3860493.flac,15
/data/DATASETS/ASV_Spoof_2019_LA/ASVspoof2019_LA_eval/flac/LA_E_3861493.flac,15
/data/DATASETS/ASV_Spoof_2019_LA/ASVspoof2019_LA_eval/flac/LA_E_3862064.flac,15
/data/DATASETS/ASV_Spoof_2019_LA/ASVspoof2019_LA_eval/flac/LA_E_3863491.flac,15
/data/DATASETS/ASV_Spoof_2019_LA/ASVspoof2019_LA_eval/flac/LA_E_3866156.flac,15
/data/DATASETS/ASV_Spoof_2019_LA/ASVspoof2019_LA_eval/flac/LA_E_3871652.flac,15
/data/DATASETS/ASV_Spoof_2019_LA/ASVspoof2019_LA_eval/flac/LA_E_3872594.flac,15
/data/DATASETS/ASV_Spoof_2019_LA/ASVspoof2019_LA_eval/flac/LA_E_3874235.flac,15
/data/DATASETS/ASV_Spoof_2019_LA/ASVspoof2019_LA_eval/flac/LA_E_3875973.flac,15
/data/DATASETS/ASV_Spoof_2019_LA/ASVspoof2019_LA_eval/flac/LA_E_3881855.flac,15
/data/DATASETS/ASV_Spoof_2019_LA/ASVspoof2019_LA_eval/flac/LA_E_3884900.flac,15
/data/DATASETS/ASV_Spoof_2019_LA/ASVspoof2019_LA_eval/flac/LA_E_3887343.flac,15
/data/DATASETS/ASV_Spoof_2019_LA/ASVspoof2019_LA_eval/flac/LA_E_3887598.flac,15
/data/DATASETS/ASV_Spoof_2019_LA/ASVspoof2019_LA_eval/flac/LA_E_3890456.flac,15
/data/DATASETS/ASV_Spoof_2019_LA/ASVspoof2019_LA_eval/flac/LA_E_3890941.flac,15
/data/DATASETS/ASV_Spoof_2019_LA/ASVspoof2019_LA_eval/flac/LA_E_3891207.flac,15
/data/DATASETS/ASV_Spoof_2019_LA/ASVspoof2019_LA_eval/flac/LA_E_3891520.flac,15
/data/DATASETS/ASV_Spoof_2019_LA/ASVspoof2019_LA_eval/flac/LA_E_3891748.flac,15
/data/DATASETS/ASV_Spoof_2019_LA/ASVspoof2019_LA_eval/flac/LA_E_3892181.flac,15
/data/DATASETS/ASV_Spoof_2019_LA/ASVspoof2019_LA_eval/flac/LA_E_3896433.flac,15
/data/DATASETS/ASV_Spoof_2019_LA/ASVspoof2019_LA_eval/flac/LA_E_3903183.flac,15
/data/DATASETS/ASV_Spoof_2019_LA/ASVspoof2019_LA_eval/flac/LA_E_3903852.flac,15
/data/DATASETS/ASV_Spoof_2019_LA/ASVspoof2019_LA_eval/flac/LA_E_3906808.flac,15
/data/DATASETS/ASV_Spoof_2019_LA/ASVspoof2019_LA_eval/flac/LA_E_3912340.flac,15
/data/DATASETS/ASV_Spoof_2019_LA/ASVspoof2019_LA_eval/flac/LA_E_3915376.flac,15
/data/DATASETS/ASV_Spoof_2019_LA/ASVspoof2019_LA_eval/flac/LA_E_3915595.flac,15
/data/DATASETS/ASV_Spoof_2019_LA/ASVspoof2019_LA_eval/flac/LA_E_3917320.flac,15
/data/DATASETS/ASV_Spoof_2019_LA/ASVspoof2019_LA_eval/flac/LA_E_3918326.flac,15
/data/DATASETS/ASV_Spoof_2019_LA/ASVspoof2019_LA_eval/flac/LA_E_3919801.flac,15
/data/DATASETS/ASV_Spoof_2019_LA/ASVspoof2019_LA_eval/flac/LA_E_3924788.flac,15
/data/DATASETS/ASV_Spoof_2019_LA/ASVspoof2019_LA_eval/flac/LA_E_3926308.flac,15
/data/DATASETS/ASV_Spoof_2019_LA/ASVspoof2019_LA_eval/flac/LA_E_3929136.flac,15
/data/DATASETS/ASV_Spoof_2019_LA/ASVspoof2019_LA_eval/flac/LA_E_3929481.flac,15
/data/DATASETS/ASV_Spoof_2019_LA/ASVspoof2019_LA_eval/flac/LA_E_3931155.flac,15
/data/DATASETS/ASV_Spoof_2019_LA/ASVspoof2019_LA_eval/flac/LA_E_3931870.flac,15
/data/DATASETS/ASV_Spoof_2019_LA/ASVspoof2019_LA_eval/flac/LA_E_3932617.flac,15
/data/DATASETS/ASV_Spoof_2019_LA/ASVspoof2019_LA_eval/flac/LA_E_3932689.flac,15
/data/DATASETS/ASV_Spoof_2019_LA/ASVspoof2019_LA_eval/flac/LA_E_3933254.flac,15
/data/DATASETS/ASV_Spoof_2019_LA/ASVspoof2019_LA_eval/flac/LA_E_3935291.flac,15
/data/DATASETS/ASV_Spoof_2019_LA/ASVspoof2019_LA_eval/flac/LA_E_3937234.flac,15
/data/DATASETS/ASV_Spoof_2019_LA/ASVspoof2019_LA_eval/flac/LA_E_3939301.flac,15
/data/DATASETS/ASV_Spoof_2019_LA/ASVspoof2019_LA_eval/flac/LA_E_3940901.flac,15
/data/DATASETS/ASV_Spoof_2019_LA/ASVspoof2019_LA_eval/flac/LA_E_3944107.flac,15
/data/DATASETS/ASV_Spoof_2019_LA/ASVspoof2019_LA_eval/flac/LA_E_3946391.flac,15
/data/DATASETS/ASV_Spoof_2019_LA/ASVspoof2019_LA_eval/flac/LA_E_3949255.flac,15
/data/DATASETS/ASV_Spoof_2019_LA/ASVspoof2019_LA_eval/flac/LA_E_3951544.flac,15
/data/DATASETS/ASV_Spoof_2019_LA/ASVspoof2019_LA_eval/flac/LA_E_3953487.flac,15
/data/DATASETS/ASV_Spoof_2019_LA/ASVspoof2019_LA_eval/flac/LA_E_3953842.flac,15
/data/DATASETS/ASV_Spoof_2019_LA/ASVspoof2019_LA_eval/flac/LA_E_3956468.flac,15
/data/DATASETS/ASV_Spoof_2019_LA/ASVspoof2019_LA_eval/flac/LA_E_3959170.flac,15
/data/DATASETS/ASV_Spoof_2019_LA/ASVspoof2019_LA_eval/flac/LA_E_3961891.flac,15
/data/DATASETS/ASV_Spoof_2019_LA/ASVspoof2019_LA_eval/flac/LA_E_3962711.flac,15
/data/DATASETS/ASV_Spoof_2019_LA/ASVspoof2019_LA_eval/flac/LA_E_3963839.flac,15
/data/DATASETS/ASV_Spoof_2019_LA/ASVspoof2019_LA_eval/flac/LA_E_3965062.flac,15
/data/DATASETS/ASV_Spoof_2019_LA/ASVspoof2019_LA_eval/flac/LA_E_3965092.flac,15
/data/DATASETS/ASV_Spoof_2019_LA/ASVspoof2019_LA_eval/flac/LA_E_3965970.flac,15
/data/DATASETS/ASV_Spoof_2019_LA/ASVspoof2019_LA_eval/flac/LA_E_3968667.flac,15
/data/DATASETS/ASV_Spoof_2019_LA/ASVspoof2019_LA_eval/flac/LA_E_3971356.flac,15
/data/DATASETS/ASV_Spoof_2019_LA/ASVspoof2019_LA_eval/flac/LA_E_3972876.flac,15
/data/DATASETS/ASV_Spoof_2019_LA/ASVspoof2019_LA_eval/flac/LA_E_3976887.flac,15
/data/DATASETS/ASV_Spoof_2019_LA/ASVspoof2019_LA_eval/flac/LA_E_3976982.flac,15
/data/DATASETS/ASV_Spoof_2019_LA/ASVspoof2019_LA_eval/flac/LA_E_3977411.flac,15
/data/DATASETS/ASV_Spoof_2019_LA/ASVspoof2019_LA_eval/flac/LA_E_3977870.flac,15
/data/DATASETS/ASV_Spoof_2019_LA/ASVspoof2019_LA_eval/flac/LA_E_3978906.flac,15
/data/DATASETS/ASV_Spoof_2019_LA/ASVspoof2019_LA_eval/flac/LA_E_3980982.flac,15
/data/DATASETS/ASV_Spoof_2019_LA/ASVspoof2019_LA_eval/flac/LA_E_3981303.flac,15
/data/DATASETS/ASV_Spoof_2019_LA/ASVspoof2019_LA_eval/flac/LA_E_3982194.flac,15
/data/DATASETS/ASV_Spoof_2019_LA/ASVspoof2019_LA_eval/flac/LA_E_3982754.flac,15
/data/DATASETS/ASV_Spoof_2019_LA/ASVspoof2019_LA_eval/flac/LA_E_3982987.flac,15
/data/DATASETS/ASV_Spoof_2019_LA/ASVspoof2019_LA_eval/flac/LA_E_3984107.flac,15
/data/DATASETS/ASV_Spoof_2019_LA/ASVspoof2019_LA_eval/flac/LA_E_3985380.flac,15
/data/DATASETS/ASV_Spoof_2019_LA/ASVspoof2019_LA_eval/flac/LA_E_3986536.flac,15
/data/DATASETS/ASV_Spoof_2019_LA/ASVspoof2019_LA_eval/flac/LA_E_3987446.flac,15
/data/DATASETS/ASV_Spoof_2019_LA/ASVspoof2019_LA_eval/flac/LA_E_3987619.flac,15
/data/DATASETS/ASV_Spoof_2019_LA/ASVspoof2019_LA_eval/flac/LA_E_3988603.flac,15
/data/DATASETS/ASV_Spoof_2019_LA/ASVspoof2019_LA_eval/flac/LA_E_3990442.flac,15
/data/DATASETS/ASV_Spoof_2019_LA/ASVspoof2019_LA_eval/flac/LA_E_3993075.flac,15
/data/DATASETS/ASV_Spoof_2019_LA/ASVspoof2019_LA_eval/flac/LA_E_3995105.flac,15
/data/DATASETS/ASV_Spoof_2019_LA/ASVspoof2019_LA_eval/flac/LA_E_3997220.flac,15
/data/DATASETS/ASV_Spoof_2019_LA/ASVspoof2019_LA_eval/flac/LA_E_3997575.flac,15
/data/DATASETS/ASV_Spoof_2019_LA/ASVspoof2019_LA_eval/flac/LA_E_3997736.flac,15
/data/DATASETS/ASV_Spoof_2019_LA/ASVspoof2019_LA_eval/flac/LA_E_3999610.flac,15
/data/DATASETS/ASV_Spoof_2019_LA/ASVspoof2019_LA_eval/flac/LA_E_4000699.flac,15
/data/DATASETS/ASV_Spoof_2019_LA/ASVspoof2019_LA_eval/flac/LA_E_4001310.flac,15
/data/DATASETS/ASV_Spoof_2019_LA/ASVspoof2019_LA_eval/flac/LA_E_4002598.flac,15
/data/DATASETS/ASV_Spoof_2019_LA/ASVspoof2019_LA_eval/flac/LA_E_4005148.flac,15
/data/DATASETS/ASV_Spoof_2019_LA/ASVspoof2019_LA_eval/flac/LA_E_4010278.flac,15
/data/DATASETS/ASV_Spoof_2019_LA/ASVspoof2019_LA_eval/flac/LA_E_4017177.flac,15
/data/DATASETS/ASV_Spoof_2019_LA/ASVspoof2019_LA_eval/flac/LA_E_4023652.flac,15
/data/DATASETS/ASV_Spoof_2019_LA/ASVspoof2019_LA_eval/flac/LA_E_4024084.flac,15
/data/DATASETS/ASV_Spoof_2019_LA/ASVspoof2019_LA_eval/flac/LA_E_4024769.flac,15
/data/DATASETS/ASV_Spoof_2019_LA/ASVspoof2019_LA_eval/flac/LA_E_4025042.flac,15
/data/DATASETS/ASV_Spoof_2019_LA/ASVspoof2019_LA_eval/flac/LA_E_4031586.flac,15
/data/DATASETS/ASV_Spoof_2019_LA/ASVspoof2019_LA_eval/flac/LA_E_4031751.flac,15
/data/DATASETS/ASV_Spoof_2019_LA/ASVspoof2019_LA_eval/flac/LA_E_4032378.flac,15
/data/DATASETS/ASV_Spoof_2019_LA/ASVspoof2019_LA_eval/flac/LA_E_4032543.flac,15
/data/DATASETS/ASV_Spoof_2019_LA/ASVspoof2019_LA_eval/flac/LA_E_4032649.flac,15
/data/DATASETS/ASV_Spoof_2019_LA/ASVspoof2019_LA_eval/flac/LA_E_4033207.flac,15
/data/DATASETS/ASV_Spoof_2019_LA/ASVspoof2019_LA_eval/flac/LA_E_4039162.flac,15
/data/DATASETS/ASV_Spoof_2019_LA/ASVspoof2019_LA_eval/flac/LA_E_4040889.flac,15
/data/DATASETS/ASV_Spoof_2019_LA/ASVspoof2019_LA_eval/flac/LA_E_4043478.flac,15
/data/DATASETS/ASV_Spoof_2019_LA/ASVspoof2019_LA_eval/flac/LA_E_4043530.flac,15
/data/DATASETS/ASV_Spoof_2019_LA/ASVspoof2019_LA_eval/flac/LA_E_4048758.flac,15
/data/DATASETS/ASV_Spoof_2019_LA/ASVspoof2019_LA_eval/flac/LA_E_4051065.flac,15
/data/DATASETS/ASV_Spoof_2019_LA/ASVspoof2019_LA_eval/flac/LA_E_4051190.flac,15
/data/DATASETS/ASV_Spoof_2019_LA/ASVspoof2019_LA_eval/flac/LA_E_4058599.flac,15
/data/DATASETS/ASV_Spoof_2019_LA/ASVspoof2019_LA_eval/flac/LA_E_4059547.flac,15
/data/DATASETS/ASV_Spoof_2019_LA/ASVspoof2019_LA_eval/flac/LA_E_4063211.flac,15
/data/DATASETS/ASV_Spoof_2019_LA/ASVspoof2019_LA_eval/flac/LA_E_4064874.flac,15
/data/DATASETS/ASV_Spoof_2019_LA/ASVspoof2019_LA_eval/flac/LA_E_4068644.flac,15
/data/DATASETS/ASV_Spoof_2019_LA/ASVspoof2019_LA_eval/flac/LA_E_4069084.flac,15
/data/DATASETS/ASV_Spoof_2019_LA/ASVspoof2019_LA_eval/flac/LA_E_4070314.flac,15
/data/DATASETS/ASV_Spoof_2019_LA/ASVspoof2019_LA_eval/flac/LA_E_4072417.flac,15
/data/DATASETS/ASV_Spoof_2019_LA/ASVspoof2019_LA_eval/flac/LA_E_4075070.flac,15
/data/DATASETS/ASV_Spoof_2019_LA/ASVspoof2019_LA_eval/flac/LA_E_4075278.flac,15
/data/DATASETS/ASV_Spoof_2019_LA/ASVspoof2019_LA_eval/flac/LA_E_4075951.flac,15
/data/DATASETS/ASV_Spoof_2019_LA/ASVspoof2019_LA_eval/flac/LA_E_4076077.flac,15
/data/DATASETS/ASV_Spoof_2019_LA/ASVspoof2019_LA_eval/flac/LA_E_4077456.flac,15
/data/DATASETS/ASV_Spoof_2019_LA/ASVspoof2019_LA_eval/flac/LA_E_4080761.flac,15
/data/DATASETS/ASV_Spoof_2019_LA/ASVspoof2019_LA_eval/flac/LA_E_4082364.flac,15
/data/DATASETS/ASV_Spoof_2019_LA/ASVspoof2019_LA_eval/flac/LA_E_4082988.flac,15
/data/DATASETS/ASV_Spoof_2019_LA/ASVspoof2019_LA_eval/flac/LA_E_4083428.flac,15
/data/DATASETS/ASV_Spoof_2019_LA/ASVspoof2019_LA_eval/flac/LA_E_4085146.flac,15
/data/DATASETS/ASV_Spoof_2019_LA/ASVspoof2019_LA_eval/flac/LA_E_4088544.flac,15
/data/DATASETS/ASV_Spoof_2019_LA/ASVspoof2019_LA_eval/flac/LA_E_4090476.flac,15
/data/DATASETS/ASV_Spoof_2019_LA/ASVspoof2019_LA_eval/flac/LA_E_4101149.flac,15
/data/DATASETS/ASV_Spoof_2019_LA/ASVspoof2019_LA_eval/flac/LA_E_4103036.flac,15
/data/DATASETS/ASV_Spoof_2019_LA/ASVspoof2019_LA_eval/flac/LA_E_4104107.flac,15
/data/DATASETS/ASV_Spoof_2019_LA/ASVspoof2019_LA_eval/flac/LA_E_4104387.flac,15
/data/DATASETS/ASV_Spoof_2019_LA/ASVspoof2019_LA_eval/flac/LA_E_4107483.flac,15
/data/DATASETS/ASV_Spoof_2019_LA/ASVspoof2019_LA_eval/flac/LA_E_4108255.flac,15
/data/DATASETS/ASV_Spoof_2019_LA/ASVspoof2019_LA_eval/flac/LA_E_4108681.flac,15
/data/DATASETS/ASV_Spoof_2019_LA/ASVspoof2019_LA_eval/flac/LA_E_4108766.flac,15
/data/DATASETS/ASV_Spoof_2019_LA/ASVspoof2019_LA_eval/flac/LA_E_4109446.flac,15
/data/DATASETS/ASV_Spoof_2019_LA/ASVspoof2019_LA_eval/flac/LA_E_4110191.flac,15
/data/DATASETS/ASV_Spoof_2019_LA/ASVspoof2019_LA_eval/flac/LA_E_4110342.flac,15
/data/DATASETS/ASV_Spoof_2019_LA/ASVspoof2019_LA_eval/flac/LA_E_4122935.flac,15
/data/DATASETS/ASV_Spoof_2019_LA/ASVspoof2019_LA_eval/flac/LA_E_4126192.flac,15
/data/DATASETS/ASV_Spoof_2019_LA/ASVspoof2019_LA_eval/flac/LA_E_4127383.flac,15
/data/DATASETS/ASV_Spoof_2019_LA/ASVspoof2019_LA_eval/flac/LA_E_4137644.flac,15
/data/DATASETS/ASV_Spoof_2019_LA/ASVspoof2019_LA_eval/flac/LA_E_4139046.flac,15
/data/DATASETS/ASV_Spoof_2019_LA/ASVspoof2019_LA_eval/flac/LA_E_4139874.flac,15
/data/DATASETS/ASV_Spoof_2019_LA/ASVspoof2019_LA_eval/flac/LA_E_4140066.flac,15
/data/DATASETS/ASV_Spoof_2019_LA/ASVspoof2019_LA_eval/flac/LA_E_4140259.flac,15
/data/DATASETS/ASV_Spoof_2019_LA/ASVspoof2019_LA_eval/flac/LA_E_4141852.flac,15
/data/DATASETS/ASV_Spoof_2019_LA/ASVspoof2019_LA_eval/flac/LA_E_4144588.flac,15
/data/DATASETS/ASV_Spoof_2019_LA/ASVspoof2019_LA_eval/flac/LA_E_4146864.flac,15
/data/DATASETS/ASV_Spoof_2019_LA/ASVspoof2019_LA_eval/flac/LA_E_4147485.flac,15
/data/DATASETS/ASV_Spoof_2019_LA/ASVspoof2019_LA_eval/flac/LA_E_4149104.flac,15
/data/DATASETS/ASV_Spoof_2019_LA/ASVspoof2019_LA_eval/flac/LA_E_4150578.flac,15
/data/DATASETS/ASV_Spoof_2019_LA/ASVspoof2019_LA_eval/flac/LA_E_4150891.flac,15
/data/DATASETS/ASV_Spoof_2019_LA/ASVspoof2019_LA_eval/flac/LA_E_4151388.flac,15
/data/DATASETS/ASV_Spoof_2019_LA/ASVspoof2019_LA_eval/flac/LA_E_4159308.flac,15
/data/DATASETS/ASV_Spoof_2019_LA/ASVspoof2019_LA_eval/flac/LA_E_4160604.flac,15
/data/DATASETS/ASV_Spoof_2019_LA/ASVspoof2019_LA_eval/flac/LA_E_4160651.flac,15
/data/DATASETS/ASV_Spoof_2019_LA/ASVspoof2019_LA_eval/flac/LA_E_4161134.flac,15
/data/DATASETS/ASV_Spoof_2019_LA/ASVspoof2019_LA_eval/flac/LA_E_4162394.flac,15
/data/DATASETS/ASV_Spoof_2019_LA/ASVspoof2019_LA_eval/flac/LA_E_4163597.flac,15
/data/DATASETS/ASV_Spoof_2019_LA/ASVspoof2019_LA_eval/flac/LA_E_4164808.flac,15
/data/DATASETS/ASV_Spoof_2019_LA/ASVspoof2019_LA_eval/flac/LA_E_4165714.flac,15
/data/DATASETS/ASV_Spoof_2019_LA/ASVspoof2019_LA_eval/flac/LA_E_4169348.flac,15
/data/DATASETS/ASV_Spoof_2019_LA/ASVspoof2019_LA_eval/flac/LA_E_4173093.flac,15
/data/DATASETS/ASV_Spoof_2019_LA/ASVspoof2019_LA_eval/flac/LA_E_4175669.flac,15
/data/DATASETS/ASV_Spoof_2019_LA/ASVspoof2019_LA_eval/flac/LA_E_4176374.flac,15
/data/DATASETS/ASV_Spoof_2019_LA/ASVspoof2019_LA_eval/flac/LA_E_4177545.flac,15
/data/DATASETS/ASV_Spoof_2019_LA/ASVspoof2019_LA_eval/flac/LA_E_4179456.flac,15
/data/DATASETS/ASV_Spoof_2019_LA/ASVspoof2019_LA_eval/flac/LA_E_4180457.flac,15
/data/DATASETS/ASV_Spoof_2019_LA/ASVspoof2019_LA_eval/flac/LA_E_4185742.flac,15
/data/DATASETS/ASV_Spoof_2019_LA/ASVspoof2019_LA_eval/flac/LA_E_4187354.flac,15
/data/DATASETS/ASV_Spoof_2019_LA/ASVspoof2019_LA_eval/flac/LA_E_4187953.flac,15
/data/DATASETS/ASV_Spoof_2019_LA/ASVspoof2019_LA_eval/flac/LA_E_4189223.flac,15
/data/DATASETS/ASV_Spoof_2019_LA/ASVspoof2019_LA_eval/flac/LA_E_4191866.flac,15
/data/DATASETS/ASV_Spoof_2019_LA/ASVspoof2019_LA_eval/flac/LA_E_4192154.flac,15
/data/DATASETS/ASV_Spoof_2019_LA/ASVspoof2019_LA_eval/flac/LA_E_4193164.flac,15
/data/DATASETS/ASV_Spoof_2019_LA/ASVspoof2019_LA_eval/flac/LA_E_4193217.flac,15
/data/DATASETS/ASV_Spoof_2019_LA/ASVspoof2019_LA_eval/flac/LA_E_4193869.flac,15
/data/DATASETS/ASV_Spoof_2019_LA/ASVspoof2019_LA_eval/flac/LA_E_4194094.flac,15
/data/DATASETS/ASV_Spoof_2019_LA/ASVspoof2019_LA_eval/flac/LA_E_4194780.flac,15
/data/DATASETS/ASV_Spoof_2019_LA/ASVspoof2019_LA_eval/flac/LA_E_4195404.flac,15
/data/DATASETS/ASV_Spoof_2019_LA/ASVspoof2019_LA_eval/flac/LA_E_4203381.flac,15
/data/DATASETS/ASV_Spoof_2019_LA/ASVspoof2019_LA_eval/flac/LA_E_4203652.flac,15
/data/DATASETS/ASV_Spoof_2019_LA/ASVspoof2019_LA_eval/flac/LA_E_4203765.flac,15
/data/DATASETS/ASV_Spoof_2019_LA/ASVspoof2019_LA_eval/flac/LA_E_4204158.flac,15
/data/DATASETS/ASV_Spoof_2019_LA/ASVspoof2019_LA_eval/flac/LA_E_4207218.flac,15
/data/DATASETS/ASV_Spoof_2019_LA/ASVspoof2019_LA_eval/flac/LA_E_4208703.flac,15
/data/DATASETS/ASV_Spoof_2019_LA/ASVspoof2019_LA_eval/flac/LA_E_4209511.flac,15
/data/DATASETS/ASV_Spoof_2019_LA/ASVspoof2019_LA_eval/flac/LA_E_4210857.flac,15
/data/DATASETS/ASV_Spoof_2019_LA/ASVspoof2019_LA_eval/flac/LA_E_4212287.flac,15
/data/DATASETS/ASV_Spoof_2019_LA/ASVspoof2019_LA_eval/flac/LA_E_4213862.flac,15
/data/DATASETS/ASV_Spoof_2019_LA/ASVspoof2019_LA_eval/flac/LA_E_4214755.flac,15
/data/DATASETS/ASV_Spoof_2019_LA/ASVspoof2019_LA_eval/flac/LA_E_4216753.flac,15
/data/DATASETS/ASV_Spoof_2019_LA/ASVspoof2019_LA_eval/flac/LA_E_4217635.flac,15
/data/DATASETS/ASV_Spoof_2019_LA/ASVspoof2019_LA_eval/flac/LA_E_4221830.flac,15
/data/DATASETS/ASV_Spoof_2019_LA/ASVspoof2019_LA_eval/flac/LA_E_4222505.flac,15
/data/DATASETS/ASV_Spoof_2019_LA/ASVspoof2019_LA_eval/flac/LA_E_4228609.flac,15
/data/DATASETS/ASV_Spoof_2019_LA/ASVspoof2019_LA_eval/flac/LA_E_4230727.flac,15
/data/DATASETS/ASV_Spoof_2019_LA/ASVspoof2019_LA_eval/flac/LA_E_4238209.flac,15
/data/DATASETS/ASV_Spoof_2019_LA/ASVspoof2019_LA_eval/flac/LA_E_4240554.flac,15
/data/DATASETS/ASV_Spoof_2019_LA/ASVspoof2019_LA_eval/flac/LA_E_4244637.flac,15
/data/DATASETS/ASV_Spoof_2019_LA/ASVspoof2019_LA_eval/flac/LA_E_4246603.flac,15
/data/DATASETS/ASV_Spoof_2019_LA/ASVspoof2019_LA_eval/flac/LA_E_4248103.flac,15
/data/DATASETS/ASV_Spoof_2019_LA/ASVspoof2019_LA_eval/flac/LA_E_4249716.flac,15
/data/DATASETS/ASV_Spoof_2019_LA/ASVspoof2019_LA_eval/flac/LA_E_4250175.flac,15
/data/DATASETS/ASV_Spoof_2019_LA/ASVspoof2019_LA_eval/flac/LA_E_4250629.flac,15
/data/DATASETS/ASV_Spoof_2019_LA/ASVspoof2019_LA_eval/flac/LA_E_4251919.flac,15
/data/DATASETS/ASV_Spoof_2019_LA/ASVspoof2019_LA_eval/flac/LA_E_4256983.flac,15
/data/DATASETS/ASV_Spoof_2019_LA/ASVspoof2019_LA_eval/flac/LA_E_4259288.flac,15
/data/DATASETS/ASV_Spoof_2019_LA/ASVspoof2019_LA_eval/flac/LA_E_4260675.flac,15
/data/DATASETS/ASV_Spoof_2019_LA/ASVspoof2019_LA_eval/flac/LA_E_4261165.flac,15
/data/DATASETS/ASV_Spoof_2019_LA/ASVspoof2019_LA_eval/flac/LA_E_4262214.flac,15
/data/DATASETS/ASV_Spoof_2019_LA/ASVspoof2019_LA_eval/flac/LA_E_4266669.flac,15
/data/DATASETS/ASV_Spoof_2019_LA/ASVspoof2019_LA_eval/flac/LA_E_4266995.flac,15
/data/DATASETS/ASV_Spoof_2019_LA/ASVspoof2019_LA_eval/flac/LA_E_4267982.flac,15
/data/DATASETS/ASV_Spoof_2019_LA/ASVspoof2019_LA_eval/flac/LA_E_4269979.flac,15
/data/DATASETS/ASV_Spoof_2019_LA/ASVspoof2019_LA_eval/flac/LA_E_4270391.flac,15
/data/DATASETS/ASV_Spoof_2019_LA/ASVspoof2019_LA_eval/flac/LA_E_4271382.flac,15
/data/DATASETS/ASV_Spoof_2019_LA/ASVspoof2019_LA_eval/flac/LA_E_4273570.flac,15
/data/DATASETS/ASV_Spoof_2019_LA/ASVspoof2019_LA_eval/flac/LA_E_4273798.flac,15
/data/DATASETS/ASV_Spoof_2019_LA/ASVspoof2019_LA_eval/flac/LA_E_4274441.flac,15
/data/DATASETS/ASV_Spoof_2019_LA/ASVspoof2019_LA_eval/flac/LA_E_4279245.flac,15
/data/DATASETS/ASV_Spoof_2019_LA/ASVspoof2019_LA_eval/flac/LA_E_4283390.flac,15
/data/DATASETS/ASV_Spoof_2019_LA/ASVspoof2019_LA_eval/flac/LA_E_4284658.flac,15
/data/DATASETS/ASV_Spoof_2019_LA/ASVspoof2019_LA_eval/flac/LA_E_4291088.flac,15
/data/DATASETS/ASV_Spoof_2019_LA/ASVspoof2019_LA_eval/flac/LA_E_4295487.flac,15
/data/DATASETS/ASV_Spoof_2019_LA/ASVspoof2019_LA_eval/flac/LA_E_4298108.flac,15
/data/DATASETS/ASV_Spoof_2019_LA/ASVspoof2019_LA_eval/flac/LA_E_4300125.flac,15
/data/DATASETS/ASV_Spoof_2019_LA/ASVspoof2019_LA_eval/flac/LA_E_4301701.flac,15
/data/DATASETS/ASV_Spoof_2019_LA/ASVspoof2019_LA_eval/flac/LA_E_4302965.flac,15
/data/DATASETS/ASV_Spoof_2019_LA/ASVspoof2019_LA_eval/flac/LA_E_4304744.flac,15
/data/DATASETS/ASV_Spoof_2019_LA/ASVspoof2019_LA_eval/flac/LA_E_4307439.flac,15
/data/DATASETS/ASV_Spoof_2019_LA/ASVspoof2019_LA_eval/flac/LA_E_4307892.flac,15
/data/DATASETS/ASV_Spoof_2019_LA/ASVspoof2019_LA_eval/flac/LA_E_4313349.flac,15
/data/DATASETS/ASV_Spoof_2019_LA/ASVspoof2019_LA_eval/flac/LA_E_4314652.flac,15
/data/DATASETS/ASV_Spoof_2019_LA/ASVspoof2019_LA_eval/flac/LA_E_4315462.flac,15
/data/DATASETS/ASV_Spoof_2019_LA/ASVspoof2019_LA_eval/flac/LA_E_4317475.flac,15
/data/DATASETS/ASV_Spoof_2019_LA/ASVspoof2019_LA_eval/flac/LA_E_4320678.flac,15
/data/DATASETS/ASV_Spoof_2019_LA/ASVspoof2019_LA_eval/flac/LA_E_4321147.flac,15
/data/DATASETS/ASV_Spoof_2019_LA/ASVspoof2019_LA_eval/flac/LA_E_4322405.flac,15
/data/DATASETS/ASV_Spoof_2019_LA/ASVspoof2019_LA_eval/flac/LA_E_4323183.flac,15
/data/DATASETS/ASV_Spoof_2019_LA/ASVspoof2019_LA_eval/flac/LA_E_4325345.flac,15
/data/DATASETS/ASV_Spoof_2019_LA/ASVspoof2019_LA_eval/flac/LA_E_4326984.flac,15
/data/DATASETS/ASV_Spoof_2019_LA/ASVspoof2019_LA_eval/flac/LA_E_4327070.flac,15
/data/DATASETS/ASV_Spoof_2019_LA/ASVspoof2019_LA_eval/flac/LA_E_4327468.flac,15
/data/DATASETS/ASV_Spoof_2019_LA/ASVspoof2019_LA_eval/flac/LA_E_4327952.flac,15
/data/DATASETS/ASV_Spoof_2019_LA/ASVspoof2019_LA_eval/flac/LA_E_4328164.flac,15
/data/DATASETS/ASV_Spoof_2019_LA/ASVspoof2019_LA_eval/flac/LA_E_4328214.flac,15
/data/DATASETS/ASV_Spoof_2019_LA/ASVspoof2019_LA_eval/flac/LA_E_4331652.flac,15
/data/DATASETS/ASV_Spoof_2019_LA/ASVspoof2019_LA_eval/flac/LA_E_4332491.flac,15
/data/DATASETS/ASV_Spoof_2019_LA/ASVspoof2019_LA_eval/flac/LA_E_4333144.flac,15
/data/DATASETS/ASV_Spoof_2019_LA/ASVspoof2019_LA_eval/flac/LA_E_4333513.flac,15
/data/DATASETS/ASV_Spoof_2019_LA/ASVspoof2019_LA_eval/flac/LA_E_4334101.flac,15
/data/DATASETS/ASV_Spoof_2019_LA/ASVspoof2019_LA_eval/flac/LA_E_4335764.flac,15
/data/DATASETS/ASV_Spoof_2019_LA/ASVspoof2019_LA_eval/flac/LA_E_4336551.flac,15
/data/DATASETS/ASV_Spoof_2019_LA/ASVspoof2019_LA_eval/flac/LA_E_4351913.flac,15
/data/DATASETS/ASV_Spoof_2019_LA/ASVspoof2019_LA_eval/flac/LA_E_4354400.flac,15
/data/DATASETS/ASV_Spoof_2019_LA/ASVspoof2019_LA_eval/flac/LA_E_4354536.flac,15
/data/DATASETS/ASV_Spoof_2019_LA/ASVspoof2019_LA_eval/flac/LA_E_4355185.flac,15
/data/DATASETS/ASV_Spoof_2019_LA/ASVspoof2019_LA_eval/flac/LA_E_4358275.flac,15
/data/DATASETS/ASV_Spoof_2019_LA/ASVspoof2019_LA_eval/flac/LA_E_4358744.flac,15
/data/DATASETS/ASV_Spoof_2019_LA/ASVspoof2019_LA_eval/flac/LA_E_4363160.flac,15
/data/DATASETS/ASV_Spoof_2019_LA/ASVspoof2019_LA_eval/flac/LA_E_4365881.flac,15
/data/DATASETS/ASV_Spoof_2019_LA/ASVspoof2019_LA_eval/flac/LA_E_4366610.flac,15
/data/DATASETS/ASV_Spoof_2019_LA/ASVspoof2019_LA_eval/flac/LA_E_4366876.flac,15
/data/DATASETS/ASV_Spoof_2019_LA/ASVspoof2019_LA_eval/flac/LA_E_4368244.flac,15
/data/DATASETS/ASV_Spoof_2019_LA/ASVspoof2019_LA_eval/flac/LA_E_4369015.flac,15
/data/DATASETS/ASV_Spoof_2019_LA/ASVspoof2019_LA_eval/flac/LA_E_4370682.flac,15
/data/DATASETS/ASV_Spoof_2019_LA/ASVspoof2019_LA_eval/flac/LA_E_4371098.flac,15
/data/DATASETS/ASV_Spoof_2019_LA/ASVspoof2019_LA_eval/flac/LA_E_4372780.flac,15
/data/DATASETS/ASV_Spoof_2019_LA/ASVspoof2019_LA_eval/flac/LA_E_4373327.flac,15
/data/DATASETS/ASV_Spoof_2019_LA/ASVspoof2019_LA_eval/flac/LA_E_4374315.flac,15
/data/DATASETS/ASV_Spoof_2019_LA/ASVspoof2019_LA_eval/flac/LA_E_4376058.flac,15
/data/DATASETS/ASV_Spoof_2019_LA/ASVspoof2019_LA_eval/flac/LA_E_4377069.flac,15
/data/DATASETS/ASV_Spoof_2019_LA/ASVspoof2019_LA_eval/flac/LA_E_4377459.flac,15
/data/DATASETS/ASV_Spoof_2019_LA/ASVspoof2019_LA_eval/flac/LA_E_4378946.flac,15
/data/DATASETS/ASV_Spoof_2019_LA/ASVspoof2019_LA_eval/flac/LA_E_4381892.flac,15
/data/DATASETS/ASV_Spoof_2019_LA/ASVspoof2019_LA_eval/flac/LA_E_4382220.flac,15
/data/DATASETS/ASV_Spoof_2019_LA/ASVspoof2019_LA_eval/flac/LA_E_4383175.flac,15
/data/DATASETS/ASV_Spoof_2019_LA/ASVspoof2019_LA_eval/flac/LA_E_4383982.flac,15
/data/DATASETS/ASV_Spoof_2019_LA/ASVspoof2019_LA_eval/flac/LA_E_4384036.flac,15
/data/DATASETS/ASV_Spoof_2019_LA/ASVspoof2019_LA_eval/flac/LA_E_4385164.flac,15
/data/DATASETS/ASV_Spoof_2019_LA/ASVspoof2019_LA_eval/flac/LA_E_4390661.flac,15
/data/DATASETS/ASV_Spoof_2019_LA/ASVspoof2019_LA_eval/flac/LA_E_4391137.flac,15
/data/DATASETS/ASV_Spoof_2019_LA/ASVspoof2019_LA_eval/flac/LA_E_4392025.flac,15
/data/DATASETS/ASV_Spoof_2019_LA/ASVspoof2019_LA_eval/flac/LA_E_4392471.flac,15
/data/DATASETS/ASV_Spoof_2019_LA/ASVspoof2019_LA_eval/flac/LA_E_4393045.flac,15
/data/DATASETS/ASV_Spoof_2019_LA/ASVspoof2019_LA_eval/flac/LA_E_4393242.flac,15
/data/DATASETS/ASV_Spoof_2019_LA/ASVspoof2019_LA_eval/flac/LA_E_4396700.flac,15
/data/DATASETS/ASV_Spoof_2019_LA/ASVspoof2019_LA_eval/flac/LA_E_4398019.flac,15
/data/DATASETS/ASV_Spoof_2019_LA/ASVspoof2019_LA_eval/flac/LA_E_4400256.flac,15
/data/DATASETS/ASV_Spoof_2019_LA/ASVspoof2019_LA_eval/flac/LA_E_4402279.flac,15
/data/DATASETS/ASV_Spoof_2019_LA/ASVspoof2019_LA_eval/flac/LA_E_4402509.flac,15
/data/DATASETS/ASV_Spoof_2019_LA/ASVspoof2019_LA_eval/flac/LA_E_4406494.flac,15
/data/DATASETS/ASV_Spoof_2019_LA/ASVspoof2019_LA_eval/flac/LA_E_4407415.flac,15
/data/DATASETS/ASV_Spoof_2019_LA/ASVspoof2019_LA_eval/flac/LA_E_4409238.flac,15
/data/DATASETS/ASV_Spoof_2019_LA/ASVspoof2019_LA_eval/flac/LA_E_4410321.flac,15
/data/DATASETS/ASV_Spoof_2019_LA/ASVspoof2019_LA_eval/flac/LA_E_4411670.flac,15
/data/DATASETS/ASV_Spoof_2019_LA/ASVspoof2019_LA_eval/flac/LA_E_4411729.flac,15
/data/DATASETS/ASV_Spoof_2019_LA/ASVspoof2019_LA_eval/flac/LA_E_4413938.flac,15
/data/DATASETS/ASV_Spoof_2019_LA/ASVspoof2019_LA_eval/flac/LA_E_4414755.flac,15
/data/DATASETS/ASV_Spoof_2019_LA/ASVspoof2019_LA_eval/flac/LA_E_4415214.flac,15
/data/DATASETS/ASV_Spoof_2019_LA/ASVspoof2019_LA_eval/flac/LA_E_4416028.flac,15
/data/DATASETS/ASV_Spoof_2019_LA/ASVspoof2019_LA_eval/flac/LA_E_4417081.flac,15
/data/DATASETS/ASV_Spoof_2019_LA/ASVspoof2019_LA_eval/flac/LA_E_4417386.flac,15
/data/DATASETS/ASV_Spoof_2019_LA/ASVspoof2019_LA_eval/flac/LA_E_4418828.flac,15
/data/DATASETS/ASV_Spoof_2019_LA/ASVspoof2019_LA_eval/flac/LA_E_4419751.flac,15
/data/DATASETS/ASV_Spoof_2019_LA/ASVspoof2019_LA_eval/flac/LA_E_4421859.flac,15
/data/DATASETS/ASV_Spoof_2019_LA/ASVspoof2019_LA_eval/flac/LA_E_4422899.flac,15
/data/DATASETS/ASV_Spoof_2019_LA/ASVspoof2019_LA_eval/flac/LA_E_4423130.flac,15
/data/DATASETS/ASV_Spoof_2019_LA/ASVspoof2019_LA_eval/flac/LA_E_4424710.flac,15
/data/DATASETS/ASV_Spoof_2019_LA/ASVspoof2019_LA_eval/flac/LA_E_4427144.flac,15
/data/DATASETS/ASV_Spoof_2019_LA/ASVspoof2019_LA_eval/flac/LA_E_4427329.flac,15
/data/DATASETS/ASV_Spoof_2019_LA/ASVspoof2019_LA_eval/flac/LA_E_4427489.flac,15
/data/DATASETS/ASV_Spoof_2019_LA/ASVspoof2019_LA_eval/flac/LA_E_4430080.flac,15
/data/DATASETS/ASV_Spoof_2019_LA/ASVspoof2019_LA_eval/flac/LA_E_4430764.flac,15
/data/DATASETS/ASV_Spoof_2019_LA/ASVspoof2019_LA_eval/flac/LA_E_4431352.flac,15
/data/DATASETS/ASV_Spoof_2019_LA/ASVspoof2019_LA_eval/flac/LA_E_4432015.flac,15
/data/DATASETS/ASV_Spoof_2019_LA/ASVspoof2019_LA_eval/flac/LA_E_4432540.flac,15
/data/DATASETS/ASV_Spoof_2019_LA/ASVspoof2019_LA_eval/flac/LA_E_4432582.flac,15
/data/DATASETS/ASV_Spoof_2019_LA/ASVspoof2019_LA_eval/flac/LA_E_4432623.flac,15
/data/DATASETS/ASV_Spoof_2019_LA/ASVspoof2019_LA_eval/flac/LA_E_4432706.flac,15
/data/DATASETS/ASV_Spoof_2019_LA/ASVspoof2019_LA_eval/flac/LA_E_4433808.flac,15
/data/DATASETS/ASV_Spoof_2019_LA/ASVspoof2019_LA_eval/flac/LA_E_4434446.flac,15
/data/DATASETS/ASV_Spoof_2019_LA/ASVspoof2019_LA_eval/flac/LA_E_4435431.flac,15
/data/DATASETS/ASV_Spoof_2019_LA/ASVspoof2019_LA_eval/flac/LA_E_4436843.flac,15
/data/DATASETS/ASV_Spoof_2019_LA/ASVspoof2019_LA_eval/flac/LA_E_4440794.flac,15
/data/DATASETS/ASV_Spoof_2019_LA/ASVspoof2019_LA_eval/flac/LA_E_4441996.flac,15
/data/DATASETS/ASV_Spoof_2019_LA/ASVspoof2019_LA_eval/flac/LA_E_4443480.flac,15
/data/DATASETS/ASV_Spoof_2019_LA/ASVspoof2019_LA_eval/flac/LA_E_4443770.flac,15
/data/DATASETS/ASV_Spoof_2019_LA/ASVspoof2019_LA_eval/flac/LA_E_4444319.flac,15
/data/DATASETS/ASV_Spoof_2019_LA/ASVspoof2019_LA_eval/flac/LA_E_4444918.flac,15
/data/DATASETS/ASV_Spoof_2019_LA/ASVspoof2019_LA_eval/flac/LA_E_4447217.flac,15
/data/DATASETS/ASV_Spoof_2019_LA/ASVspoof2019_LA_eval/flac/LA_E_4448064.flac,15
/data/DATASETS/ASV_Spoof_2019_LA/ASVspoof2019_LA_eval/flac/LA_E_4448130.flac,15
/data/DATASETS/ASV_Spoof_2019_LA/ASVspoof2019_LA_eval/flac/LA_E_4448446.flac,15
/data/DATASETS/ASV_Spoof_2019_LA/ASVspoof2019_LA_eval/flac/LA_E_4452329.flac,15
/data/DATASETS/ASV_Spoof_2019_LA/ASVspoof2019_LA_eval/flac/LA_E_4453144.flac,15
/data/DATASETS/ASV_Spoof_2019_LA/ASVspoof2019_LA_eval/flac/LA_E_4457224.flac,15
/data/DATASETS/ASV_Spoof_2019_LA/ASVspoof2019_LA_eval/flac/LA_E_4458469.flac,15
/data/DATASETS/ASV_Spoof_2019_LA/ASVspoof2019_LA_eval/flac/LA_E_4461608.flac,15
/data/DATASETS/ASV_Spoof_2019_LA/ASVspoof2019_LA_eval/flac/LA_E_4463315.flac,15
/data/DATASETS/ASV_Spoof_2019_LA/ASVspoof2019_LA_eval/flac/LA_E_4463473.flac,15
/data/DATASETS/ASV_Spoof_2019_LA/ASVspoof2019_LA_eval/flac/LA_E_4465702.flac,15
/data/DATASETS/ASV_Spoof_2019_LA/ASVspoof2019_LA_eval/flac/LA_E_4466019.flac,15
/data/DATASETS/ASV_Spoof_2019_LA/ASVspoof2019_LA_eval/flac/LA_E_4468356.flac,15
/data/DATASETS/ASV_Spoof_2019_LA/ASVspoof2019_LA_eval/flac/LA_E_4468653.flac,15
/data/DATASETS/ASV_Spoof_2019_LA/ASVspoof2019_LA_eval/flac/LA_E_4469106.flac,15
/data/DATASETS/ASV_Spoof_2019_LA/ASVspoof2019_LA_eval/flac/LA_E_4470693.flac,15
/data/DATASETS/ASV_Spoof_2019_LA/ASVspoof2019_LA_eval/flac/LA_E_4473753.flac,15
/data/DATASETS/ASV_Spoof_2019_LA/ASVspoof2019_LA_eval/flac/LA_E_4474513.flac,15
/data/DATASETS/ASV_Spoof_2019_LA/ASVspoof2019_LA_eval/flac/LA_E_4475598.flac,15
/data/DATASETS/ASV_Spoof_2019_LA/ASVspoof2019_LA_eval/flac/LA_E_4475799.flac,15
/data/DATASETS/ASV_Spoof_2019_LA/ASVspoof2019_LA_eval/flac/LA_E_4477738.flac,15
/data/DATASETS/ASV_Spoof_2019_LA/ASVspoof2019_LA_eval/flac/LA_E_4480748.flac,15
/data/DATASETS/ASV_Spoof_2019_LA/ASVspoof2019_LA_eval/flac/LA_E_4482039.flac,15
/data/DATASETS/ASV_Spoof_2019_LA/ASVspoof2019_LA_eval/flac/LA_E_4486663.flac,15
/data/DATASETS/ASV_Spoof_2019_LA/ASVspoof2019_LA_eval/flac/LA_E_4490782.flac,15
/data/DATASETS/ASV_Spoof_2019_LA/ASVspoof2019_LA_eval/flac/LA_E_4493014.flac,15
/data/DATASETS/ASV_Spoof_2019_LA/ASVspoof2019_LA_eval/flac/LA_E_4495455.flac,15
/data/DATASETS/ASV_Spoof_2019_LA/ASVspoof2019_LA_eval/flac/LA_E_4495985.flac,15
/data/DATASETS/ASV_Spoof_2019_LA/ASVspoof2019_LA_eval/flac/LA_E_4496110.flac,15
/data/DATASETS/ASV_Spoof_2019_LA/ASVspoof2019_LA_eval/flac/LA_E_4498743.flac,15
/data/DATASETS/ASV_Spoof_2019_LA/ASVspoof2019_LA_eval/flac/LA_E_4501519.flac,15
/data/DATASETS/ASV_Spoof_2019_LA/ASVspoof2019_LA_eval/flac/LA_E_4502237.flac,15
/data/DATASETS/ASV_Spoof_2019_LA/ASVspoof2019_LA_eval/flac/LA_E_4502574.flac,15
/data/DATASETS/ASV_Spoof_2019_LA/ASVspoof2019_LA_eval/flac/LA_E_4504765.flac,15
/data/DATASETS/ASV_Spoof_2019_LA/ASVspoof2019_LA_eval/flac/LA_E_4505151.flac,15
/data/DATASETS/ASV_Spoof_2019_LA/ASVspoof2019_LA_eval/flac/LA_E_4506244.flac,15
/data/DATASETS/ASV_Spoof_2019_LA/ASVspoof2019_LA_eval/flac/LA_E_4508862.flac,15
/data/DATASETS/ASV_Spoof_2019_LA/ASVspoof2019_LA_eval/flac/LA_E_4514017.flac,15
/data/DATASETS/ASV_Spoof_2019_LA/ASVspoof2019_LA_eval/flac/LA_E_4515400.flac,15
/data/DATASETS/ASV_Spoof_2019_LA/ASVspoof2019_LA_eval/flac/LA_E_4520712.flac,15
/data/DATASETS/ASV_Spoof_2019_LA/ASVspoof2019_LA_eval/flac/LA_E_4526504.flac,15
/data/DATASETS/ASV_Spoof_2019_LA/ASVspoof2019_LA_eval/flac/LA_E_4527424.flac,15
/data/DATASETS/ASV_Spoof_2019_LA/ASVspoof2019_LA_eval/flac/LA_E_4527549.flac,15
/data/DATASETS/ASV_Spoof_2019_LA/ASVspoof2019_LA_eval/flac/LA_E_4528487.flac,15
/data/DATASETS/ASV_Spoof_2019_LA/ASVspoof2019_LA_eval/flac/LA_E_4529117.flac,15
/data/DATASETS/ASV_Spoof_2019_LA/ASVspoof2019_LA_eval/flac/LA_E_4530919.flac,15
/data/DATASETS/ASV_Spoof_2019_LA/ASVspoof2019_LA_eval/flac/LA_E_4532894.flac,15
/data/DATASETS/ASV_Spoof_2019_LA/ASVspoof2019_LA_eval/flac/LA_E_4533843.flac,15
/data/DATASETS/ASV_Spoof_2019_LA/ASVspoof2019_LA_eval/flac/LA_E_4536560.flac,15
/data/DATASETS/ASV_Spoof_2019_LA/ASVspoof2019_LA_eval/flac/LA_E_4538449.flac,15
/data/DATASETS/ASV_Spoof_2019_LA/ASVspoof2019_LA_eval/flac/LA_E_4539230.flac,15
/data/DATASETS/ASV_Spoof_2019_LA/ASVspoof2019_LA_eval/flac/LA_E_4540433.flac,15
/data/DATASETS/ASV_Spoof_2019_LA/ASVspoof2019_LA_eval/flac/LA_E_4540488.flac,15
/data/DATASETS/ASV_Spoof_2019_LA/ASVspoof2019_LA_eval/flac/LA_E_4542574.flac,15
/data/DATASETS/ASV_Spoof_2019_LA/ASVspoof2019_LA_eval/flac/LA_E_4543793.flac,15
/data/DATASETS/ASV_Spoof_2019_LA/ASVspoof2019_LA_eval/flac/LA_E_4544705.flac,15
/data/DATASETS/ASV_Spoof_2019_LA/ASVspoof2019_LA_eval/flac/LA_E_4546183.flac,15
/data/DATASETS/ASV_Spoof_2019_LA/ASVspoof2019_LA_eval/flac/LA_E_4552896.flac,15
/data/DATASETS/ASV_Spoof_2019_LA/ASVspoof2019_LA_eval/flac/LA_E_4554458.flac,15
/data/DATASETS/ASV_Spoof_2019_LA/ASVspoof2019_LA_eval/flac/LA_E_4555867.flac,15
/data/DATASETS/ASV_Spoof_2019_LA/ASVspoof2019_LA_eval/flac/LA_E_4556866.flac,15
/data/DATASETS/ASV_Spoof_2019_LA/ASVspoof2019_LA_eval/flac/LA_E_4558292.flac,15
/data/DATASETS/ASV_Spoof_2019_LA/ASVspoof2019_LA_eval/flac/LA_E_4560623.flac,15
/data/DATASETS/ASV_Spoof_2019_LA/ASVspoof2019_LA_eval/flac/LA_E_4562024.flac,15
/data/DATASETS/ASV_Spoof_2019_LA/ASVspoof2019_LA_eval/flac/LA_E_4564221.flac,15
/data/DATASETS/ASV_Spoof_2019_LA/ASVspoof2019_LA_eval/flac/LA_E_4565123.flac,15
/data/DATASETS/ASV_Spoof_2019_LA/ASVspoof2019_LA_eval/flac/LA_E_4565143.flac,15
/data/DATASETS/ASV_Spoof_2019_LA/ASVspoof2019_LA_eval/flac/LA_E_4565730.flac,15
/data/DATASETS/ASV_Spoof_2019_LA/ASVspoof2019_LA_eval/flac/LA_E_4567046.flac,15
/data/DATASETS/ASV_Spoof_2019_LA/ASVspoof2019_LA_eval/flac/LA_E_4573794.flac,15
/data/DATASETS/ASV_Spoof_2019_LA/ASVspoof2019_LA_eval/flac/LA_E_4575090.flac,15
/data/DATASETS/ASV_Spoof_2019_LA/ASVspoof2019_LA_eval/flac/LA_E_4576425.flac,15
/data/DATASETS/ASV_Spoof_2019_LA/ASVspoof2019_LA_eval/flac/LA_E_4579156.flac,15
/data/DATASETS/ASV_Spoof_2019_LA/ASVspoof2019_LA_eval/flac/LA_E_4579846.flac,15
/data/DATASETS/ASV_Spoof_2019_LA/ASVspoof2019_LA_eval/flac/LA_E_4580844.flac,15
/data/DATASETS/ASV_Spoof_2019_LA/ASVspoof2019_LA_eval/flac/LA_E_4582934.flac,15
/data/DATASETS/ASV_Spoof_2019_LA/ASVspoof2019_LA_eval/flac/LA_E_4583551.flac,15
/data/DATASETS/ASV_Spoof_2019_LA/ASVspoof2019_LA_eval/flac/LA_E_4584491.flac,15
/data/DATASETS/ASV_Spoof_2019_LA/ASVspoof2019_LA_eval/flac/LA_E_4588658.flac,15
/data/DATASETS/ASV_Spoof_2019_LA/ASVspoof2019_LA_eval/flac/LA_E_4588704.flac,15
/data/DATASETS/ASV_Spoof_2019_LA/ASVspoof2019_LA_eval/flac/LA_E_4592000.flac,15
/data/DATASETS/ASV_Spoof_2019_LA/ASVspoof2019_LA_eval/flac/LA_E_4592136.flac,15
/data/DATASETS/ASV_Spoof_2019_LA/ASVspoof2019_LA_eval/flac/LA_E_4593220.flac,15
/data/DATASETS/ASV_Spoof_2019_LA/ASVspoof2019_LA_eval/flac/LA_E_4594991.flac,15
/data/DATASETS/ASV_Spoof_2019_LA/ASVspoof2019_LA_eval/flac/LA_E_4595563.flac,15
/data/DATASETS/ASV_Spoof_2019_LA/ASVspoof2019_LA_eval/flac/LA_E_4596406.flac,15
/data/DATASETS/ASV_Spoof_2019_LA/ASVspoof2019_LA_eval/flac/LA_E_4597660.flac,15
/data/DATASETS/ASV_Spoof_2019_LA/ASVspoof2019_LA_eval/flac/LA_E_4599437.flac,15
/data/DATASETS/ASV_Spoof_2019_LA/ASVspoof2019_LA_eval/flac/LA_E_4602827.flac,15
/data/DATASETS/ASV_Spoof_2019_LA/ASVspoof2019_LA_eval/flac/LA_E_4609158.flac,15
/data/DATASETS/ASV_Spoof_2019_LA/ASVspoof2019_LA_eval/flac/LA_E_4609546.flac,15
/data/DATASETS/ASV_Spoof_2019_LA/ASVspoof2019_LA_eval/flac/LA_E_4610431.flac,15
/data/DATASETS/ASV_Spoof_2019_LA/ASVspoof2019_LA_eval/flac/LA_E_4612635.flac,15
/data/DATASETS/ASV_Spoof_2019_LA/ASVspoof2019_LA_eval/flac/LA_E_4612876.flac,15
/data/DATASETS/ASV_Spoof_2019_LA/ASVspoof2019_LA_eval/flac/LA_E_4616839.flac,15
/data/DATASETS/ASV_Spoof_2019_LA/ASVspoof2019_LA_eval/flac/LA_E_4616896.flac,15
/data/DATASETS/ASV_Spoof_2019_LA/ASVspoof2019_LA_eval/flac/LA_E_4617247.flac,15
/data/DATASETS/ASV_Spoof_2019_LA/ASVspoof2019_LA_eval/flac/LA_E_4617347.flac,15
/data/DATASETS/ASV_Spoof_2019_LA/ASVspoof2019_LA_eval/flac/LA_E_4618418.flac,15
/data/DATASETS/ASV_Spoof_2019_LA/ASVspoof2019_LA_eval/flac/LA_E_4619404.flac,15
/data/DATASETS/ASV_Spoof_2019_LA/ASVspoof2019_LA_eval/flac/LA_E_4621651.flac,15
/data/DATASETS/ASV_Spoof_2019_LA/ASVspoof2019_LA_eval/flac/LA_E_4622993.flac,15
/data/DATASETS/ASV_Spoof_2019_LA/ASVspoof2019_LA_eval/flac/LA_E_4623179.flac,15
/data/DATASETS/ASV_Spoof_2019_LA/ASVspoof2019_LA_eval/flac/LA_E_4623826.flac,15
/data/DATASETS/ASV_Spoof_2019_LA/ASVspoof2019_LA_eval/flac/LA_E_4627393.flac,15
/data/DATASETS/ASV_Spoof_2019_LA/ASVspoof2019_LA_eval/flac/LA_E_4632914.flac,15
/data/DATASETS/ASV_Spoof_2019_LA/ASVspoof2019_LA_eval/flac/LA_E_4633400.flac,15
/data/DATASETS/ASV_Spoof_2019_LA/ASVspoof2019_LA_eval/flac/LA_E_4633918.flac,15
/data/DATASETS/ASV_Spoof_2019_LA/ASVspoof2019_LA_eval/flac/LA_E_4634740.flac,15
/data/DATASETS/ASV_Spoof_2019_LA/ASVspoof2019_LA_eval/flac/LA_E_4635127.flac,15
/data/DATASETS/ASV_Spoof_2019_LA/ASVspoof2019_LA_eval/flac/LA_E_4635861.flac,15
/data/DATASETS/ASV_Spoof_2019_LA/ASVspoof2019_LA_eval/flac/LA_E_4638560.flac,15
/data/DATASETS/ASV_Spoof_2019_LA/ASVspoof2019_LA_eval/flac/LA_E_4641066.flac,15
/data/DATASETS/ASV_Spoof_2019_LA/ASVspoof2019_LA_eval/flac/LA_E_4642752.flac,15
/data/DATASETS/ASV_Spoof_2019_LA/ASVspoof2019_LA_eval/flac/LA_E_4645726.flac,15
/data/DATASETS/ASV_Spoof_2019_LA/ASVspoof2019_LA_eval/flac/LA_E_4646223.flac,15
/data/DATASETS/ASV_Spoof_2019_LA/ASVspoof2019_LA_eval/flac/LA_E_4646392.flac,15
/data/DATASETS/ASV_Spoof_2019_LA/ASVspoof2019_LA_eval/flac/LA_E_4649228.flac,15
/data/DATASETS/ASV_Spoof_2019_LA/ASVspoof2019_LA_eval/flac/LA_E_4649902.flac,15
/data/DATASETS/ASV_Spoof_2019_LA/ASVspoof2019_LA_eval/flac/LA_E_4650696.flac,15
/data/DATASETS/ASV_Spoof_2019_LA/ASVspoof2019_LA_eval/flac/LA_E_4650801.flac,15
/data/DATASETS/ASV_Spoof_2019_LA/ASVspoof2019_LA_eval/flac/LA_E_4651002.flac,15
/data/DATASETS/ASV_Spoof_2019_LA/ASVspoof2019_LA_eval/flac/LA_E_4651071.flac,15
/data/DATASETS/ASV_Spoof_2019_LA/ASVspoof2019_LA_eval/flac/LA_E_4651365.flac,15
/data/DATASETS/ASV_Spoof_2019_LA/ASVspoof2019_LA_eval/flac/LA_E_4652337.flac,15
/data/DATASETS/ASV_Spoof_2019_LA/ASVspoof2019_LA_eval/flac/LA_E_4653050.flac,15
/data/DATASETS/ASV_Spoof_2019_LA/ASVspoof2019_LA_eval/flac/LA_E_4654981.flac,15
/data/DATASETS/ASV_Spoof_2019_LA/ASVspoof2019_LA_eval/flac/LA_E_4655070.flac,15
/data/DATASETS/ASV_Spoof_2019_LA/ASVspoof2019_LA_eval/flac/LA_E_4655887.flac,15
/data/DATASETS/ASV_Spoof_2019_LA/ASVspoof2019_LA_eval/flac/LA_E_4658229.flac,15
/data/DATASETS/ASV_Spoof_2019_LA/ASVspoof2019_LA_eval/flac/LA_E_4665623.flac,15
/data/DATASETS/ASV_Spoof_2019_LA/ASVspoof2019_LA_eval/flac/LA_E_4675044.flac,15
/data/DATASETS/ASV_Spoof_2019_LA/ASVspoof2019_LA_eval/flac/LA_E_4675825.flac,15
/data/DATASETS/ASV_Spoof_2019_LA/ASVspoof2019_LA_eval/flac/LA_E_4676153.flac,15
/data/DATASETS/ASV_Spoof_2019_LA/ASVspoof2019_LA_eval/flac/LA_E_4677143.flac,15
/data/DATASETS/ASV_Spoof_2019_LA/ASVspoof2019_LA_eval/flac/LA_E_4681052.flac,15
/data/DATASETS/ASV_Spoof_2019_LA/ASVspoof2019_LA_eval/flac/LA_E_4683312.flac,15
/data/DATASETS/ASV_Spoof_2019_LA/ASVspoof2019_LA_eval/flac/LA_E_4686754.flac,15
/data/DATASETS/ASV_Spoof_2019_LA/ASVspoof2019_LA_eval/flac/LA_E_4687243.flac,15
/data/DATASETS/ASV_Spoof_2019_LA/ASVspoof2019_LA_eval/flac/LA_E_4689018.flac,15
/data/DATASETS/ASV_Spoof_2019_LA/ASVspoof2019_LA_eval/flac/LA_E_4692719.flac,15
/data/DATASETS/ASV_Spoof_2019_LA/ASVspoof2019_LA_eval/flac/LA_E_4693227.flac,15
/data/DATASETS/ASV_Spoof_2019_LA/ASVspoof2019_LA_eval/flac/LA_E_4694623.flac,15
/data/DATASETS/ASV_Spoof_2019_LA/ASVspoof2019_LA_eval/flac/LA_E_4695586.flac,15
/data/DATASETS/ASV_Spoof_2019_LA/ASVspoof2019_LA_eval/flac/LA_E_4700527.flac,15
/data/DATASETS/ASV_Spoof_2019_LA/ASVspoof2019_LA_eval/flac/LA_E_4702191.flac,15
/data/DATASETS/ASV_Spoof_2019_LA/ASVspoof2019_LA_eval/flac/LA_E_4703314.flac,15
/data/DATASETS/ASV_Spoof_2019_LA/ASVspoof2019_LA_eval/flac/LA_E_4705633.flac,15
/data/DATASETS/ASV_Spoof_2019_LA/ASVspoof2019_LA_eval/flac/LA_E_4706261.flac,15
/data/DATASETS/ASV_Spoof_2019_LA/ASVspoof2019_LA_eval/flac/LA_E_4707545.flac,15
/data/DATASETS/ASV_Spoof_2019_LA/ASVspoof2019_LA_eval/flac/LA_E_4709411.flac,15
/data/DATASETS/ASV_Spoof_2019_LA/ASVspoof2019_LA_eval/flac/LA_E_4713698.flac,15
/data/DATASETS/ASV_Spoof_2019_LA/ASVspoof2019_LA_eval/flac/LA_E_4716699.flac,15
/data/DATASETS/ASV_Spoof_2019_LA/ASVspoof2019_LA_eval/flac/LA_E_4719674.flac,15
/data/DATASETS/ASV_Spoof_2019_LA/ASVspoof2019_LA_eval/flac/LA_E_4720724.flac,15
/data/DATASETS/ASV_Spoof_2019_LA/ASVspoof2019_LA_eval/flac/LA_E_4721954.flac,15
/data/DATASETS/ASV_Spoof_2019_LA/ASVspoof2019_LA_eval/flac/LA_E_4722768.flac,15
/data/DATASETS/ASV_Spoof_2019_LA/ASVspoof2019_LA_eval/flac/LA_E_4724250.flac,15
/data/DATASETS/ASV_Spoof_2019_LA/ASVspoof2019_LA_eval/flac/LA_E_4725040.flac,15
/data/DATASETS/ASV_Spoof_2019_LA/ASVspoof2019_LA_eval/flac/LA_E_4728637.flac,15
/data/DATASETS/ASV_Spoof_2019_LA/ASVspoof2019_LA_eval/flac/LA_E_4729358.flac,15
/data/DATASETS/ASV_Spoof_2019_LA/ASVspoof2019_LA_eval/flac/LA_E_4734758.flac,15
/data/DATASETS/ASV_Spoof_2019_LA/ASVspoof2019_LA_eval/flac/LA_E_4737062.flac,15
/data/DATASETS/ASV_Spoof_2019_LA/ASVspoof2019_LA_eval/flac/LA_E_4737728.flac,15
/data/DATASETS/ASV_Spoof_2019_LA/ASVspoof2019_LA_eval/flac/LA_E_4738221.flac,15
/data/DATASETS/ASV_Spoof_2019_LA/ASVspoof2019_LA_eval/flac/LA_E_4739489.flac,15
/data/DATASETS/ASV_Spoof_2019_LA/ASVspoof2019_LA_eval/flac/LA_E_4740710.flac,15
/data/DATASETS/ASV_Spoof_2019_LA/ASVspoof2019_LA_eval/flac/LA_E_4740900.flac,15
/data/DATASETS/ASV_Spoof_2019_LA/ASVspoof2019_LA_eval/flac/LA_E_4741003.flac,15
/data/DATASETS/ASV_Spoof_2019_LA/ASVspoof2019_LA_eval/flac/LA_E_4746077.flac,15
/data/DATASETS/ASV_Spoof_2019_LA/ASVspoof2019_LA_eval/flac/LA_E_4746588.flac,15
/data/DATASETS/ASV_Spoof_2019_LA/ASVspoof2019_LA_eval/flac/LA_E_4751794.flac,15
/data/DATASETS/ASV_Spoof_2019_LA/ASVspoof2019_LA_eval/flac/LA_E_4752937.flac,15
/data/DATASETS/ASV_Spoof_2019_LA/ASVspoof2019_LA_eval/flac/LA_E_4753839.flac,15
/data/DATASETS/ASV_Spoof_2019_LA/ASVspoof2019_LA_eval/flac/LA_E_4754876.flac,15
/data/DATASETS/ASV_Spoof_2019_LA/ASVspoof2019_LA_eval/flac/LA_E_4755086.flac,15
/data/DATASETS/ASV_Spoof_2019_LA/ASVspoof2019_LA_eval/flac/LA_E_4756660.flac,15
/data/DATASETS/ASV_Spoof_2019_LA/ASVspoof2019_LA_eval/flac/LA_E_4756905.flac,15
/data/DATASETS/ASV_Spoof_2019_LA/ASVspoof2019_LA_eval/flac/LA_E_4759459.flac,15
/data/DATASETS/ASV_Spoof_2019_LA/ASVspoof2019_LA_eval/flac/LA_E_4763546.flac,15
/data/DATASETS/ASV_Spoof_2019_LA/ASVspoof2019_LA_eval/flac/LA_E_4764506.flac,15
/data/DATASETS/ASV_Spoof_2019_LA/ASVspoof2019_LA_eval/flac/LA_E_4764754.flac,15
/data/DATASETS/ASV_Spoof_2019_LA/ASVspoof2019_LA_eval/flac/LA_E_4769721.flac,15
/data/DATASETS/ASV_Spoof_2019_LA/ASVspoof2019_LA_eval/flac/LA_E_4770987.flac,15
/data/DATASETS/ASV_Spoof_2019_LA/ASVspoof2019_LA_eval/flac/LA_E_4772388.flac,15
/data/DATASETS/ASV_Spoof_2019_LA/ASVspoof2019_LA_eval/flac/LA_E_4773619.flac,15
/data/DATASETS/ASV_Spoof_2019_LA/ASVspoof2019_LA_eval/flac/LA_E_4773943.flac,15
/data/DATASETS/ASV_Spoof_2019_LA/ASVspoof2019_LA_eval/flac/LA_E_4774571.flac,15
/data/DATASETS/ASV_Spoof_2019_LA/ASVspoof2019_LA_eval/flac/LA_E_4776250.flac,15
/data/DATASETS/ASV_Spoof_2019_LA/ASVspoof2019_LA_eval/flac/LA_E_4776619.flac,15
/data/DATASETS/ASV_Spoof_2019_LA/ASVspoof2019_LA_eval/flac/LA_E_4777577.flac,15
/data/DATASETS/ASV_Spoof_2019_LA/ASVspoof2019_LA_eval/flac/LA_E_4779460.flac,15
/data/DATASETS/ASV_Spoof_2019_LA/ASVspoof2019_LA_eval/flac/LA_E_4779970.flac,15
/data/DATASETS/ASV_Spoof_2019_LA/ASVspoof2019_LA_eval/flac/LA_E_4780438.flac,15
/data/DATASETS/ASV_Spoof_2019_LA/ASVspoof2019_LA_eval/flac/LA_E_4782758.flac,15
/data/DATASETS/ASV_Spoof_2019_LA/ASVspoof2019_LA_eval/flac/LA_E_4783682.flac,15
/data/DATASETS/ASV_Spoof_2019_LA/ASVspoof2019_LA_eval/flac/LA_E_4784308.flac,15
/data/DATASETS/ASV_Spoof_2019_LA/ASVspoof2019_LA_eval/flac/LA_E_4789259.flac,15
/data/DATASETS/ASV_Spoof_2019_LA/ASVspoof2019_LA_eval/flac/LA_E_4791804.flac,15
/data/DATASETS/ASV_Spoof_2019_LA/ASVspoof2019_LA_eval/flac/LA_E_4796744.flac,15
/data/DATASETS/ASV_Spoof_2019_LA/ASVspoof2019_LA_eval/flac/LA_E_4798215.flac,15
/data/DATASETS/ASV_Spoof_2019_LA/ASVspoof2019_LA_eval/flac/LA_E_4800843.flac,15
/data/DATASETS/ASV_Spoof_2019_LA/ASVspoof2019_LA_eval/flac/LA_E_4801166.flac,15
/data/DATASETS/ASV_Spoof_2019_LA/ASVspoof2019_LA_eval/flac/LA_E_4802716.flac,15
/data/DATASETS/ASV_Spoof_2019_LA/ASVspoof2019_LA_eval/flac/LA_E_4803848.flac,15
/data/DATASETS/ASV_Spoof_2019_LA/ASVspoof2019_LA_eval/flac/LA_E_4806428.flac,15
/data/DATASETS/ASV_Spoof_2019_LA/ASVspoof2019_LA_eval/flac/LA_E_4808330.flac,15
/data/DATASETS/ASV_Spoof_2019_LA/ASVspoof2019_LA_eval/flac/LA_E_4814499.flac,15
/data/DATASETS/ASV_Spoof_2019_LA/ASVspoof2019_LA_eval/flac/LA_E_4815126.flac,15
/data/DATASETS/ASV_Spoof_2019_LA/ASVspoof2019_LA_eval/flac/LA_E_4817238.flac,15
/data/DATASETS/ASV_Spoof_2019_LA/ASVspoof2019_LA_eval/flac/LA_E_4819995.flac,15
/data/DATASETS/ASV_Spoof_2019_LA/ASVspoof2019_LA_eval/flac/LA_E_4820360.flac,15
/data/DATASETS/ASV_Spoof_2019_LA/ASVspoof2019_LA_eval/flac/LA_E_4821477.flac,15
/data/DATASETS/ASV_Spoof_2019_LA/ASVspoof2019_LA_eval/flac/LA_E_4822814.flac,15
/data/DATASETS/ASV_Spoof_2019_LA/ASVspoof2019_LA_eval/flac/LA_E_4824497.flac,15
/data/DATASETS/ASV_Spoof_2019_LA/ASVspoof2019_LA_eval/flac/LA_E_4825891.flac,15
/data/DATASETS/ASV_Spoof_2019_LA/ASVspoof2019_LA_eval/flac/LA_E_4826153.flac,15
/data/DATASETS/ASV_Spoof_2019_LA/ASVspoof2019_LA_eval/flac/LA_E_4830401.flac,15
/data/DATASETS/ASV_Spoof_2019_LA/ASVspoof2019_LA_eval/flac/LA_E_4837562.flac,15
/data/DATASETS/ASV_Spoof_2019_LA/ASVspoof2019_LA_eval/flac/LA_E_4839331.flac,15
/data/DATASETS/ASV_Spoof_2019_LA/ASVspoof2019_LA_eval/flac/LA_E_4840037.flac,15
/data/DATASETS/ASV_Spoof_2019_LA/ASVspoof2019_LA_eval/flac/LA_E_4841266.flac,15
/data/DATASETS/ASV_Spoof_2019_LA/ASVspoof2019_LA_eval/flac/LA_E_4842518.flac,15
/data/DATASETS/ASV_Spoof_2019_LA/ASVspoof2019_LA_eval/flac/LA_E_4844799.flac,15
/data/DATASETS/ASV_Spoof_2019_LA/ASVspoof2019_LA_eval/flac/LA_E_4844890.flac,15
/data/DATASETS/ASV_Spoof_2019_LA/ASVspoof2019_LA_eval/flac/LA_E_4848279.flac,15
/data/DATASETS/ASV_Spoof_2019_LA/ASVspoof2019_LA_eval/flac/LA_E_4849192.flac,15
/data/DATASETS/ASV_Spoof_2019_LA/ASVspoof2019_LA_eval/flac/LA_E_4852419.flac,15
/data/DATASETS/ASV_Spoof_2019_LA/ASVspoof2019_LA_eval/flac/LA_E_4852565.flac,15
/data/DATASETS/ASV_Spoof_2019_LA/ASVspoof2019_LA_eval/flac/LA_E_4853385.flac,15
/data/DATASETS/ASV_Spoof_2019_LA/ASVspoof2019_LA_eval/flac/LA_E_4855145.flac,15
/data/DATASETS/ASV_Spoof_2019_LA/ASVspoof2019_LA_eval/flac/LA_E_4855153.flac,15
/data/DATASETS/ASV_Spoof_2019_LA/ASVspoof2019_LA_eval/flac/LA_E_4855881.flac,15
/data/DATASETS/ASV_Spoof_2019_LA/ASVspoof2019_LA_eval/flac/LA_E_4856839.flac,15
/data/DATASETS/ASV_Spoof_2019_LA/ASVspoof2019_LA_eval/flac/LA_E_4857219.flac,15
/data/DATASETS/ASV_Spoof_2019_LA/ASVspoof2019_LA_eval/flac/LA_E_4862202.flac,15
/data/DATASETS/ASV_Spoof_2019_LA/ASVspoof2019_LA_eval/flac/LA_E_4862520.flac,15
/data/DATASETS/ASV_Spoof_2019_LA/ASVspoof2019_LA_eval/flac/LA_E_4863398.flac,15
/data/DATASETS/ASV_Spoof_2019_LA/ASVspoof2019_LA_eval/flac/LA_E_4864254.flac,15
/data/DATASETS/ASV_Spoof_2019_LA/ASVspoof2019_LA_eval/flac/LA_E_4864519.flac,15
/data/DATASETS/ASV_Spoof_2019_LA/ASVspoof2019_LA_eval/flac/LA_E_4865572.flac,15
/data/DATASETS/ASV_Spoof_2019_LA/ASVspoof2019_LA_eval/flac/LA_E_4866648.flac,15
/data/DATASETS/ASV_Spoof_2019_LA/ASVspoof2019_LA_eval/flac/LA_E_4866898.flac,15
/data/DATASETS/ASV_Spoof_2019_LA/ASVspoof2019_LA_eval/flac/LA_E_4867588.flac,15
/data/DATASETS/ASV_Spoof_2019_LA/ASVspoof2019_LA_eval/flac/LA_E_4870225.flac,15
/data/DATASETS/ASV_Spoof_2019_LA/ASVspoof2019_LA_eval/flac/LA_E_4871769.flac,15
/data/DATASETS/ASV_Spoof_2019_LA/ASVspoof2019_LA_eval/flac/LA_E_4874220.flac,15
/data/DATASETS/ASV_Spoof_2019_LA/ASVspoof2019_LA_eval/flac/LA_E_4875754.flac,15
/data/DATASETS/ASV_Spoof_2019_LA/ASVspoof2019_LA_eval/flac/LA_E_4876975.flac,15
/data/DATASETS/ASV_Spoof_2019_LA/ASVspoof2019_LA_eval/flac/LA_E_4880222.flac,15
/data/DATASETS/ASV_Spoof_2019_LA/ASVspoof2019_LA_eval/flac/LA_E_4881802.flac,15
/data/DATASETS/ASV_Spoof_2019_LA/ASVspoof2019_LA_eval/flac/LA_E_4882496.flac,15
/data/DATASETS/ASV_Spoof_2019_LA/ASVspoof2019_LA_eval/flac/LA_E_4886757.flac,15
/data/DATASETS/ASV_Spoof_2019_LA/ASVspoof2019_LA_eval/flac/LA_E_4887253.flac,15
/data/DATASETS/ASV_Spoof_2019_LA/ASVspoof2019_LA_eval/flac/LA_E_4890173.flac,15
/data/DATASETS/ASV_Spoof_2019_LA/ASVspoof2019_LA_eval/flac/LA_E_4890645.flac,15
/data/DATASETS/ASV_Spoof_2019_LA/ASVspoof2019_LA_eval/flac/LA_E_4892388.flac,15
/data/DATASETS/ASV_Spoof_2019_LA/ASVspoof2019_LA_eval/flac/LA_E_4896746.flac,15
/data/DATASETS/ASV_Spoof_2019_LA/ASVspoof2019_LA_eval/flac/LA_E_4897801.flac,15
/data/DATASETS/ASV_Spoof_2019_LA/ASVspoof2019_LA_eval/flac/LA_E_4898078.flac,15
/data/DATASETS/ASV_Spoof_2019_LA/ASVspoof2019_LA_eval/flac/LA_E_4903258.flac,15
/data/DATASETS/ASV_Spoof_2019_LA/ASVspoof2019_LA_eval/flac/LA_E_4903271.flac,15
/data/DATASETS/ASV_Spoof_2019_LA/ASVspoof2019_LA_eval/flac/LA_E_4906558.flac,15
/data/DATASETS/ASV_Spoof_2019_LA/ASVspoof2019_LA_eval/flac/LA_E_4907614.flac,15
/data/DATASETS/ASV_Spoof_2019_LA/ASVspoof2019_LA_eval/flac/LA_E_4915573.flac,15
/data/DATASETS/ASV_Spoof_2019_LA/ASVspoof2019_LA_eval/flac/LA_E_4915993.flac,15
/data/DATASETS/ASV_Spoof_2019_LA/ASVspoof2019_LA_eval/flac/LA_E_4916802.flac,15
/data/DATASETS/ASV_Spoof_2019_LA/ASVspoof2019_LA_eval/flac/LA_E_4918702.flac,15
/data/DATASETS/ASV_Spoof_2019_LA/ASVspoof2019_LA_eval/flac/LA_E_4918900.flac,15
/data/DATASETS/ASV_Spoof_2019_LA/ASVspoof2019_LA_eval/flac/LA_E_4923239.flac,15
/data/DATASETS/ASV_Spoof_2019_LA/ASVspoof2019_LA_eval/flac/LA_E_4923488.flac,15
/data/DATASETS/ASV_Spoof_2019_LA/ASVspoof2019_LA_eval/flac/LA_E_4925955.flac,15
/data/DATASETS/ASV_Spoof_2019_LA/ASVspoof2019_LA_eval/flac/LA_E_4925970.flac,15
/data/DATASETS/ASV_Spoof_2019_LA/ASVspoof2019_LA_eval/flac/LA_E_4927862.flac,15
/data/DATASETS/ASV_Spoof_2019_LA/ASVspoof2019_LA_eval/flac/LA_E_4930279.flac,15
/data/DATASETS/ASV_Spoof_2019_LA/ASVspoof2019_LA_eval/flac/LA_E_4931154.flac,15
/data/DATASETS/ASV_Spoof_2019_LA/ASVspoof2019_LA_eval/flac/LA_E_4933975.flac,15
/data/DATASETS/ASV_Spoof_2019_LA/ASVspoof2019_LA_eval/flac/LA_E_4936596.flac,15
/data/DATASETS/ASV_Spoof_2019_LA/ASVspoof2019_LA_eval/flac/LA_E_4939501.flac,15
/data/DATASETS/ASV_Spoof_2019_LA/ASVspoof2019_LA_eval/flac/LA_E_4944056.flac,15
/data/DATASETS/ASV_Spoof_2019_LA/ASVspoof2019_LA_eval/flac/LA_E_4944926.flac,15
/data/DATASETS/ASV_Spoof_2019_LA/ASVspoof2019_LA_eval/flac/LA_E_4946111.flac,15
/data/DATASETS/ASV_Spoof_2019_LA/ASVspoof2019_LA_eval/flac/LA_E_4947576.flac,15
/data/DATASETS/ASV_Spoof_2019_LA/ASVspoof2019_LA_eval/flac/LA_E_4949508.flac,15
/data/DATASETS/ASV_Spoof_2019_LA/ASVspoof2019_LA_eval/flac/LA_E_4950467.flac,15
/data/DATASETS/ASV_Spoof_2019_LA/ASVspoof2019_LA_eval/flac/LA_E_4955810.flac,15
/data/DATASETS/ASV_Spoof_2019_LA/ASVspoof2019_LA_eval/flac/LA_E_4960473.flac,15
/data/DATASETS/ASV_Spoof_2019_LA/ASVspoof2019_LA_eval/flac/LA_E_4961341.flac,15
/data/DATASETS/ASV_Spoof_2019_LA/ASVspoof2019_LA_eval/flac/LA_E_4961586.flac,15
/data/DATASETS/ASV_Spoof_2019_LA/ASVspoof2019_LA_eval/flac/LA_E_4962529.flac,15
/data/DATASETS/ASV_Spoof_2019_LA/ASVspoof2019_LA_eval/flac/LA_E_4962862.flac,15
/data/DATASETS/ASV_Spoof_2019_LA/ASVspoof2019_LA_eval/flac/LA_E_4962922.flac,15
/data/DATASETS/ASV_Spoof_2019_LA/ASVspoof2019_LA_eval/flac/LA_E_4964174.flac,15
/data/DATASETS/ASV_Spoof_2019_LA/ASVspoof2019_LA_eval/flac/LA_E_4964192.flac,15
/data/DATASETS/ASV_Spoof_2019_LA/ASVspoof2019_LA_eval/flac/LA_E_4966245.flac,15
/data/DATASETS/ASV_Spoof_2019_LA/ASVspoof2019_LA_eval/flac/LA_E_4969972.flac,15
/data/DATASETS/ASV_Spoof_2019_LA/ASVspoof2019_LA_eval/flac/LA_E_4973898.flac,15
/data/DATASETS/ASV_Spoof_2019_LA/ASVspoof2019_LA_eval/flac/LA_E_4977629.flac,15
/data/DATASETS/ASV_Spoof_2019_LA/ASVspoof2019_LA_eval/flac/LA_E_4978685.flac,15
/data/DATASETS/ASV_Spoof_2019_LA/ASVspoof2019_LA_eval/flac/LA_E_4984535.flac,15
/data/DATASETS/ASV_Spoof_2019_LA/ASVspoof2019_LA_eval/flac/LA_E_4985878.flac,15
/data/DATASETS/ASV_Spoof_2019_LA/ASVspoof2019_LA_eval/flac/LA_E_4990324.flac,15
/data/DATASETS/ASV_Spoof_2019_LA/ASVspoof2019_LA_eval/flac/LA_E_4990816.flac,15
/data/DATASETS/ASV_Spoof_2019_LA/ASVspoof2019_LA_eval/flac/LA_E_4990869.flac,15
/data/DATASETS/ASV_Spoof_2019_LA/ASVspoof2019_LA_eval/flac/LA_E_4993604.flac,15
/data/DATASETS/ASV_Spoof_2019_LA/ASVspoof2019_LA_eval/flac/LA_E_4994133.flac,15
/data/DATASETS/ASV_Spoof_2019_LA/ASVspoof2019_LA_eval/flac/LA_E_5002404.flac,15
/data/DATASETS/ASV_Spoof_2019_LA/ASVspoof2019_LA_eval/flac/LA_E_5002767.flac,15
/data/DATASETS/ASV_Spoof_2019_LA/ASVspoof2019_LA_eval/flac/LA_E_5005197.flac,15
/data/DATASETS/ASV_Spoof_2019_LA/ASVspoof2019_LA_eval/flac/LA_E_5005653.flac,15
/data/DATASETS/ASV_Spoof_2019_LA/ASVspoof2019_LA_eval/flac/LA_E_5005900.flac,15
/data/DATASETS/ASV_Spoof_2019_LA/ASVspoof2019_LA_eval/flac/LA_E_5005932.flac,15
/data/DATASETS/ASV_Spoof_2019_LA/ASVspoof2019_LA_eval/flac/LA_E_5005959.flac,15
/data/DATASETS/ASV_Spoof_2019_LA/ASVspoof2019_LA_eval/flac/LA_E_5006915.flac,15
/data/DATASETS/ASV_Spoof_2019_LA/ASVspoof2019_LA_eval/flac/LA_E_5007875.flac,15
/data/DATASETS/ASV_Spoof_2019_LA/ASVspoof2019_LA_eval/flac/LA_E_5008540.flac,15
/data/DATASETS/ASV_Spoof_2019_LA/ASVspoof2019_LA_eval/flac/LA_E_5009087.flac,15
/data/DATASETS/ASV_Spoof_2019_LA/ASVspoof2019_LA_eval/flac/LA_E_5013459.flac,15
/data/DATASETS/ASV_Spoof_2019_LA/ASVspoof2019_LA_eval/flac/LA_E_5014270.flac,15
/data/DATASETS/ASV_Spoof_2019_LA/ASVspoof2019_LA_eval/flac/LA_E_5016584.flac,15
/data/DATASETS/ASV_Spoof_2019_LA/ASVspoof2019_LA_eval/flac/LA_E_5017067.flac,15
/data/DATASETS/ASV_Spoof_2019_LA/ASVspoof2019_LA_eval/flac/LA_E_5022366.flac,15
/data/DATASETS/ASV_Spoof_2019_LA/ASVspoof2019_LA_eval/flac/LA_E_5022450.flac,15
/data/DATASETS/ASV_Spoof_2019_LA/ASVspoof2019_LA_eval/flac/LA_E_5024456.flac,15
/data/DATASETS/ASV_Spoof_2019_LA/ASVspoof2019_LA_eval/flac/LA_E_5026016.flac,15
/data/DATASETS/ASV_Spoof_2019_LA/ASVspoof2019_LA_eval/flac/LA_E_5026930.flac,15
/data/DATASETS/ASV_Spoof_2019_LA/ASVspoof2019_LA_eval/flac/LA_E_5026942.flac,15
/data/DATASETS/ASV_Spoof_2019_LA/ASVspoof2019_LA_eval/flac/LA_E_5028846.flac,15
/data/DATASETS/ASV_Spoof_2019_LA/ASVspoof2019_LA_eval/flac/LA_E_5035954.flac,15
/data/DATASETS/ASV_Spoof_2019_LA/ASVspoof2019_LA_eval/flac/LA_E_5038507.flac,15
/data/DATASETS/ASV_Spoof_2019_LA/ASVspoof2019_LA_eval/flac/LA_E_5040746.flac,15
/data/DATASETS/ASV_Spoof_2019_LA/ASVspoof2019_LA_eval/flac/LA_E_5041519.flac,15
/data/DATASETS/ASV_Spoof_2019_LA/ASVspoof2019_LA_eval/flac/LA_E_5041802.flac,15
/data/DATASETS/ASV_Spoof_2019_LA/ASVspoof2019_LA_eval/flac/LA_E_5042242.flac,15
/data/DATASETS/ASV_Spoof_2019_LA/ASVspoof2019_LA_eval/flac/LA_E_5043197.flac,15
/data/DATASETS/ASV_Spoof_2019_LA/ASVspoof2019_LA_eval/flac/LA_E_5044097.flac,15
/data/DATASETS/ASV_Spoof_2019_LA/ASVspoof2019_LA_eval/flac/LA_E_5044186.flac,15
/data/DATASETS/ASV_Spoof_2019_LA/ASVspoof2019_LA_eval/flac/LA_E_5045951.flac,15
/data/DATASETS/ASV_Spoof_2019_LA/ASVspoof2019_LA_eval/flac/LA_E_5047032.flac,15
/data/DATASETS/ASV_Spoof_2019_LA/ASVspoof2019_LA_eval/flac/LA_E_5047171.flac,15
/data/DATASETS/ASV_Spoof_2019_LA/ASVspoof2019_LA_eval/flac/LA_E_5050463.flac,15
/data/DATASETS/ASV_Spoof_2019_LA/ASVspoof2019_LA_eval/flac/LA_E_5051508.flac,15
/data/DATASETS/ASV_Spoof_2019_LA/ASVspoof2019_LA_eval/flac/LA_E_5053119.flac,15
/data/DATASETS/ASV_Spoof_2019_LA/ASVspoof2019_LA_eval/flac/LA_E_5053228.flac,15
/data/DATASETS/ASV_Spoof_2019_LA/ASVspoof2019_LA_eval/flac/LA_E_5054054.flac,15
/data/DATASETS/ASV_Spoof_2019_LA/ASVspoof2019_LA_eval/flac/LA_E_5058718.flac,15
/data/DATASETS/ASV_Spoof_2019_LA/ASVspoof2019_LA_eval/flac/LA_E_5063371.flac,15
/data/DATASETS/ASV_Spoof_2019_LA/ASVspoof2019_LA_eval/flac/LA_E_5064331.flac,15
/data/DATASETS/ASV_Spoof_2019_LA/ASVspoof2019_LA_eval/flac/LA_E_5070119.flac,15
/data/DATASETS/ASV_Spoof_2019_LA/ASVspoof2019_LA_eval/flac/LA_E_5071801.flac,15
/data/DATASETS/ASV_Spoof_2019_LA/ASVspoof2019_LA_eval/flac/LA_E_5072286.flac,15
/data/DATASETS/ASV_Spoof_2019_LA/ASVspoof2019_LA_eval/flac/LA_E_5075156.flac,15
/data/DATASETS/ASV_Spoof_2019_LA/ASVspoof2019_LA_eval/flac/LA_E_5078082.flac,15
/data/DATASETS/ASV_Spoof_2019_LA/ASVspoof2019_LA_eval/flac/LA_E_5079031.flac,15
/data/DATASETS/ASV_Spoof_2019_LA/ASVspoof2019_LA_eval/flac/LA_E_5080985.flac,15
/data/DATASETS/ASV_Spoof_2019_LA/ASVspoof2019_LA_eval/flac/LA_E_5084726.flac,15
/data/DATASETS/ASV_Spoof_2019_LA/ASVspoof2019_LA_eval/flac/LA_E_5086717.flac,15
/data/DATASETS/ASV_Spoof_2019_LA/ASVspoof2019_LA_eval/flac/LA_E_5091401.flac,15
/data/DATASETS/ASV_Spoof_2019_LA/ASVspoof2019_LA_eval/flac/LA_E_5091841.flac,15
/data/DATASETS/ASV_Spoof_2019_LA/ASVspoof2019_LA_eval/flac/LA_E_5091843.flac,15
/data/DATASETS/ASV_Spoof_2019_LA/ASVspoof2019_LA_eval/flac/LA_E_5093817.flac,15
/data/DATASETS/ASV_Spoof_2019_LA/ASVspoof2019_LA_eval/flac/LA_E_5094335.flac,15
/data/DATASETS/ASV_Spoof_2019_LA/ASVspoof2019_LA_eval/flac/LA_E_5094749.flac,15
/data/DATASETS/ASV_Spoof_2019_LA/ASVspoof2019_LA_eval/flac/LA_E_5095604.flac,15
/data/DATASETS/ASV_Spoof_2019_LA/ASVspoof2019_LA_eval/flac/LA_E_5098513.flac,15
/data/DATASETS/ASV_Spoof_2019_LA/ASVspoof2019_LA_eval/flac/LA_E_5104393.flac,15
/data/DATASETS/ASV_Spoof_2019_LA/ASVspoof2019_LA_eval/flac/LA_E_5105633.flac,15
/data/DATASETS/ASV_Spoof_2019_LA/ASVspoof2019_LA_eval/flac/LA_E_5110896.flac,15
/data/DATASETS/ASV_Spoof_2019_LA/ASVspoof2019_LA_eval/flac/LA_E_5112674.flac,15
/data/DATASETS/ASV_Spoof_2019_LA/ASVspoof2019_LA_eval/flac/LA_E_5115695.flac,15
/data/DATASETS/ASV_Spoof_2019_LA/ASVspoof2019_LA_eval/flac/LA_E_5117436.flac,15
/data/DATASETS/ASV_Spoof_2019_LA/ASVspoof2019_LA_eval/flac/LA_E_5117853.flac,15
/data/DATASETS/ASV_Spoof_2019_LA/ASVspoof2019_LA_eval/flac/LA_E_5118814.flac,15
/data/DATASETS/ASV_Spoof_2019_LA/ASVspoof2019_LA_eval/flac/LA_E_5119863.flac,15
/data/DATASETS/ASV_Spoof_2019_LA/ASVspoof2019_LA_eval/flac/LA_E_5122293.flac,15
/data/DATASETS/ASV_Spoof_2019_LA/ASVspoof2019_LA_eval/flac/LA_E_5124561.flac,15
/data/DATASETS/ASV_Spoof_2019_LA/ASVspoof2019_LA_eval/flac/LA_E_5126527.flac,15
/data/DATASETS/ASV_Spoof_2019_LA/ASVspoof2019_LA_eval/flac/LA_E_5127873.flac,15
/data/DATASETS/ASV_Spoof_2019_LA/ASVspoof2019_LA_eval/flac/LA_E_5136207.flac,15
/data/DATASETS/ASV_Spoof_2019_LA/ASVspoof2019_LA_eval/flac/LA_E_5139448.flac,15
/data/DATASETS/ASV_Spoof_2019_LA/ASVspoof2019_LA_eval/flac/LA_E_5141484.flac,15
/data/DATASETS/ASV_Spoof_2019_LA/ASVspoof2019_LA_eval/flac/LA_E_5141934.flac,15
/data/DATASETS/ASV_Spoof_2019_LA/ASVspoof2019_LA_eval/flac/LA_E_5142104.flac,15
/data/DATASETS/ASV_Spoof_2019_LA/ASVspoof2019_LA_eval/flac/LA_E_5142105.flac,15
/data/DATASETS/ASV_Spoof_2019_LA/ASVspoof2019_LA_eval/flac/LA_E_5144505.flac,15
/data/DATASETS/ASV_Spoof_2019_LA/ASVspoof2019_LA_eval/flac/LA_E_5145727.flac,15
/data/DATASETS/ASV_Spoof_2019_LA/ASVspoof2019_LA_eval/flac/LA_E_5146124.flac,15
/data/DATASETS/ASV_Spoof_2019_LA/ASVspoof2019_LA_eval/flac/LA_E_5152210.flac,15
/data/DATASETS/ASV_Spoof_2019_LA/ASVspoof2019_LA_eval/flac/LA_E_5154830.flac,15
/data/DATASETS/ASV_Spoof_2019_LA/ASVspoof2019_LA_eval/flac/LA_E_5156350.flac,15
/data/DATASETS/ASV_Spoof_2019_LA/ASVspoof2019_LA_eval/flac/LA_E_5157016.flac,15
/data/DATASETS/ASV_Spoof_2019_LA/ASVspoof2019_LA_eval/flac/LA_E_5159945.flac,15
/data/DATASETS/ASV_Spoof_2019_LA/ASVspoof2019_LA_eval/flac/LA_E_5161206.flac,15
/data/DATASETS/ASV_Spoof_2019_LA/ASVspoof2019_LA_eval/flac/LA_E_5161287.flac,15
/data/DATASETS/ASV_Spoof_2019_LA/ASVspoof2019_LA_eval/flac/LA_E_5162553.flac,15
/data/DATASETS/ASV_Spoof_2019_LA/ASVspoof2019_LA_eval/flac/LA_E_5162740.flac,15
/data/DATASETS/ASV_Spoof_2019_LA/ASVspoof2019_LA_eval/flac/LA_E_5162754.flac,15
/data/DATASETS/ASV_Spoof_2019_LA/ASVspoof2019_LA_eval/flac/LA_E_5166059.flac,15
/data/DATASETS/ASV_Spoof_2019_LA/ASVspoof2019_LA_eval/flac/LA_E_5166389.flac,15
/data/DATASETS/ASV_Spoof_2019_LA/ASVspoof2019_LA_eval/flac/LA_E_5170487.flac,15
/data/DATASETS/ASV_Spoof_2019_LA/ASVspoof2019_LA_eval/flac/LA_E_5170681.flac,15
/data/DATASETS/ASV_Spoof_2019_LA/ASVspoof2019_LA_eval/flac/LA_E_5170861.flac,15
/data/DATASETS/ASV_Spoof_2019_LA/ASVspoof2019_LA_eval/flac/LA_E_5171788.flac,15
/data/DATASETS/ASV_Spoof_2019_LA/ASVspoof2019_LA_eval/flac/LA_E_5173062.flac,15
/data/DATASETS/ASV_Spoof_2019_LA/ASVspoof2019_LA_eval/flac/LA_E_5175302.flac,15
/data/DATASETS/ASV_Spoof_2019_LA/ASVspoof2019_LA_eval/flac/LA_E_5178960.flac,15
/data/DATASETS/ASV_Spoof_2019_LA/ASVspoof2019_LA_eval/flac/LA_E_5178992.flac,15
/data/DATASETS/ASV_Spoof_2019_LA/ASVspoof2019_LA_eval/flac/LA_E_5179351.flac,15
/data/DATASETS/ASV_Spoof_2019_LA/ASVspoof2019_LA_eval/flac/LA_E_5186067.flac,15
/data/DATASETS/ASV_Spoof_2019_LA/ASVspoof2019_LA_eval/flac/LA_E_5187745.flac,15
/data/DATASETS/ASV_Spoof_2019_LA/ASVspoof2019_LA_eval/flac/LA_E_5190136.flac,15
/data/DATASETS/ASV_Spoof_2019_LA/ASVspoof2019_LA_eval/flac/LA_E_5190852.flac,15
/data/DATASETS/ASV_Spoof_2019_LA/ASVspoof2019_LA_eval/flac/LA_E_5194837.flac,15
/data/DATASETS/ASV_Spoof_2019_LA/ASVspoof2019_LA_eval/flac/LA_E_5195065.flac,15
/data/DATASETS/ASV_Spoof_2019_LA/ASVspoof2019_LA_eval/flac/LA_E_5198405.flac,15
/data/DATASETS/ASV_Spoof_2019_LA/ASVspoof2019_LA_eval/flac/LA_E_5199402.flac,15
/data/DATASETS/ASV_Spoof_2019_LA/ASVspoof2019_LA_eval/flac/LA_E_5200206.flac,15
/data/DATASETS/ASV_Spoof_2019_LA/ASVspoof2019_LA_eval/flac/LA_E_5201690.flac,15
/data/DATASETS/ASV_Spoof_2019_LA/ASVspoof2019_LA_eval/flac/LA_E_5210407.flac,15
/data/DATASETS/ASV_Spoof_2019_LA/ASVspoof2019_LA_eval/flac/LA_E_5215146.flac,15
/data/DATASETS/ASV_Spoof_2019_LA/ASVspoof2019_LA_eval/flac/LA_E_5216081.flac,15
/data/DATASETS/ASV_Spoof_2019_LA/ASVspoof2019_LA_eval/flac/LA_E_5218763.flac,15
/data/DATASETS/ASV_Spoof_2019_LA/ASVspoof2019_LA_eval/flac/LA_E_5227665.flac,15
/data/DATASETS/ASV_Spoof_2019_LA/ASVspoof2019_LA_eval/flac/LA_E_5228836.flac,15
/data/DATASETS/ASV_Spoof_2019_LA/ASVspoof2019_LA_eval/flac/LA_E_5230168.flac,15
/data/DATASETS/ASV_Spoof_2019_LA/ASVspoof2019_LA_eval/flac/LA_E_5231935.flac,15
/data/DATASETS/ASV_Spoof_2019_LA/ASVspoof2019_LA_eval/flac/LA_E_5233022.flac,15
/data/DATASETS/ASV_Spoof_2019_LA/ASVspoof2019_LA_eval/flac/LA_E_5233272.flac,15
/data/DATASETS/ASV_Spoof_2019_LA/ASVspoof2019_LA_eval/flac/LA_E_5235576.flac,15
/data/DATASETS/ASV_Spoof_2019_LA/ASVspoof2019_LA_eval/flac/LA_E_5235686.flac,15
/data/DATASETS/ASV_Spoof_2019_LA/ASVspoof2019_LA_eval/flac/LA_E_5236367.flac,15
/data/DATASETS/ASV_Spoof_2019_LA/ASVspoof2019_LA_eval/flac/LA_E_5237227.flac,15
/data/DATASETS/ASV_Spoof_2019_LA/ASVspoof2019_LA_eval/flac/LA_E_5238079.flac,15
/data/DATASETS/ASV_Spoof_2019_LA/ASVspoof2019_LA_eval/flac/LA_E_5238319.flac,15
/data/DATASETS/ASV_Spoof_2019_LA/ASVspoof2019_LA_eval/flac/LA_E_5238477.flac,15
/data/DATASETS/ASV_Spoof_2019_LA/ASVspoof2019_LA_eval/flac/LA_E_5239907.flac,15
/data/DATASETS/ASV_Spoof_2019_LA/ASVspoof2019_LA_eval/flac/LA_E_5240609.flac,15
/data/DATASETS/ASV_Spoof_2019_LA/ASVspoof2019_LA_eval/flac/LA_E_5241439.flac,15
/data/DATASETS/ASV_Spoof_2019_LA/ASVspoof2019_LA_eval/flac/LA_E_5245018.flac,15
/data/DATASETS/ASV_Spoof_2019_LA/ASVspoof2019_LA_eval/flac/LA_E_5246962.flac,15
/data/DATASETS/ASV_Spoof_2019_LA/ASVspoof2019_LA_eval/flac/LA_E_5254524.flac,15
/data/DATASETS/ASV_Spoof_2019_LA/ASVspoof2019_LA_eval/flac/LA_E_5255381.flac,15
/data/DATASETS/ASV_Spoof_2019_LA/ASVspoof2019_LA_eval/flac/LA_E_5256303.flac,15
/data/DATASETS/ASV_Spoof_2019_LA/ASVspoof2019_LA_eval/flac/LA_E_5256728.flac,15
/data/DATASETS/ASV_Spoof_2019_LA/ASVspoof2019_LA_eval/flac/LA_E_5260462.flac,15
/data/DATASETS/ASV_Spoof_2019_LA/ASVspoof2019_LA_eval/flac/LA_E_5262458.flac,15
/data/DATASETS/ASV_Spoof_2019_LA/ASVspoof2019_LA_eval/flac/LA_E_5262734.flac,15
/data/DATASETS/ASV_Spoof_2019_LA/ASVspoof2019_LA_eval/flac/LA_E_5266263.flac,15
/data/DATASETS/ASV_Spoof_2019_LA/ASVspoof2019_LA_eval/flac/LA_E_5267171.flac,15
/data/DATASETS/ASV_Spoof_2019_LA/ASVspoof2019_LA_eval/flac/LA_E_5272850.flac,15
/data/DATASETS/ASV_Spoof_2019_LA/ASVspoof2019_LA_eval/flac/LA_E_5275370.flac,15
/data/DATASETS/ASV_Spoof_2019_LA/ASVspoof2019_LA_eval/flac/LA_E_5275727.flac,15
/data/DATASETS/ASV_Spoof_2019_LA/ASVspoof2019_LA_eval/flac/LA_E_5277458.flac,15
/data/DATASETS/ASV_Spoof_2019_LA/ASVspoof2019_LA_eval/flac/LA_E_5278020.flac,15
/data/DATASETS/ASV_Spoof_2019_LA/ASVspoof2019_LA_eval/flac/LA_E_5279465.flac,15
/data/DATASETS/ASV_Spoof_2019_LA/ASVspoof2019_LA_eval/flac/LA_E_5282752.flac,15
/data/DATASETS/ASV_Spoof_2019_LA/ASVspoof2019_LA_eval/flac/LA_E_5282891.flac,15
/data/DATASETS/ASV_Spoof_2019_LA/ASVspoof2019_LA_eval/flac/LA_E_5284920.flac,15
/data/DATASETS/ASV_Spoof_2019_LA/ASVspoof2019_LA_eval/flac/LA_E_5288482.flac,15
/data/DATASETS/ASV_Spoof_2019_LA/ASVspoof2019_LA_eval/flac/LA_E_5292922.flac,15
/data/DATASETS/ASV_Spoof_2019_LA/ASVspoof2019_LA_eval/flac/LA_E_5293675.flac,15
/data/DATASETS/ASV_Spoof_2019_LA/ASVspoof2019_LA_eval/flac/LA_E_5294500.flac,15
/data/DATASETS/ASV_Spoof_2019_LA/ASVspoof2019_LA_eval/flac/LA_E_5294897.flac,15
/data/DATASETS/ASV_Spoof_2019_LA/ASVspoof2019_LA_eval/flac/LA_E_5298680.flac,15
/data/DATASETS/ASV_Spoof_2019_LA/ASVspoof2019_LA_eval/flac/LA_E_5299227.flac,15
/data/DATASETS/ASV_Spoof_2019_LA/ASVspoof2019_LA_eval/flac/LA_E_5299739.flac,15
/data/DATASETS/ASV_Spoof_2019_LA/ASVspoof2019_LA_eval/flac/LA_E_5300344.flac,15
/data/DATASETS/ASV_Spoof_2019_LA/ASVspoof2019_LA_eval/flac/LA_E_5303383.flac,15
/data/DATASETS/ASV_Spoof_2019_LA/ASVspoof2019_LA_eval/flac/LA_E_5308618.flac,15
/data/DATASETS/ASV_Spoof_2019_LA/ASVspoof2019_LA_eval/flac/LA_E_5309534.flac,15
/data/DATASETS/ASV_Spoof_2019_LA/ASVspoof2019_LA_eval/flac/LA_E_5309858.flac,15
/data/DATASETS/ASV_Spoof_2019_LA/ASVspoof2019_LA_eval/flac/LA_E_5310314.flac,15
/data/DATASETS/ASV_Spoof_2019_LA/ASVspoof2019_LA_eval/flac/LA_E_5314123.flac,15
/data/DATASETS/ASV_Spoof_2019_LA/ASVspoof2019_LA_eval/flac/LA_E_5314731.flac,15
/data/DATASETS/ASV_Spoof_2019_LA/ASVspoof2019_LA_eval/flac/LA_E_5316231.flac,15
/data/DATASETS/ASV_Spoof_2019_LA/ASVspoof2019_LA_eval/flac/LA_E_5317522.flac,15
/data/DATASETS/ASV_Spoof_2019_LA/ASVspoof2019_LA_eval/flac/LA_E_5324709.flac,15
/data/DATASETS/ASV_Spoof_2019_LA/ASVspoof2019_LA_eval/flac/LA_E_5327813.flac,15
/data/DATASETS/ASV_Spoof_2019_LA/ASVspoof2019_LA_eval/flac/LA_E_5331452.flac,15
/data/DATASETS/ASV_Spoof_2019_LA/ASVspoof2019_LA_eval/flac/LA_E_5335131.flac,15
/data/DATASETS/ASV_Spoof_2019_LA/ASVspoof2019_LA_eval/flac/LA_E_5341919.flac,15
/data/DATASETS/ASV_Spoof_2019_LA/ASVspoof2019_LA_eval/flac/LA_E_5344494.flac,15
/data/DATASETS/ASV_Spoof_2019_LA/ASVspoof2019_LA_eval/flac/LA_E_5344703.flac,15
/data/DATASETS/ASV_Spoof_2019_LA/ASVspoof2019_LA_eval/flac/LA_E_5346475.flac,15
/data/DATASETS/ASV_Spoof_2019_LA/ASVspoof2019_LA_eval/flac/LA_E_5353666.flac,15
/data/DATASETS/ASV_Spoof_2019_LA/ASVspoof2019_LA_eval/flac/LA_E_5354365.flac,15
/data/DATASETS/ASV_Spoof_2019_LA/ASVspoof2019_LA_eval/flac/LA_E_5357579.flac,15
/data/DATASETS/ASV_Spoof_2019_LA/ASVspoof2019_LA_eval/flac/LA_E_5358059.flac,15
/data/DATASETS/ASV_Spoof_2019_LA/ASVspoof2019_LA_eval/flac/LA_E_5358788.flac,15
/data/DATASETS/ASV_Spoof_2019_LA/ASVspoof2019_LA_eval/flac/LA_E_5359387.flac,15
/data/DATASETS/ASV_Spoof_2019_LA/ASVspoof2019_LA_eval/flac/LA_E_5360204.flac,15
/data/DATASETS/ASV_Spoof_2019_LA/ASVspoof2019_LA_eval/flac/LA_E_5360669.flac,15
/data/DATASETS/ASV_Spoof_2019_LA/ASVspoof2019_LA_eval/flac/LA_E_5361381.flac,15
/data/DATASETS/ASV_Spoof_2019_LA/ASVspoof2019_LA_eval/flac/LA_E_5363306.flac,15
/data/DATASETS/ASV_Spoof_2019_LA/ASVspoof2019_LA_eval/flac/LA_E_5363348.flac,15
/data/DATASETS/ASV_Spoof_2019_LA/ASVspoof2019_LA_eval/flac/LA_E_5371888.flac,15
/data/DATASETS/ASV_Spoof_2019_LA/ASVspoof2019_LA_eval/flac/LA_E_5374188.flac,15
/data/DATASETS/ASV_Spoof_2019_LA/ASVspoof2019_LA_eval/flac/LA_E_5375019.flac,15
/data/DATASETS/ASV_Spoof_2019_LA/ASVspoof2019_LA_eval/flac/LA_E_5375515.flac,15
/data/DATASETS/ASV_Spoof_2019_LA/ASVspoof2019_LA_eval/flac/LA_E_5375809.flac,15
/data/DATASETS/ASV_Spoof_2019_LA/ASVspoof2019_LA_eval/flac/LA_E_5380889.flac,15
/data/DATASETS/ASV_Spoof_2019_LA/ASVspoof2019_LA_eval/flac/LA_E_5382759.flac,15
/data/DATASETS/ASV_Spoof_2019_LA/ASVspoof2019_LA_eval/flac/LA_E_5384274.flac,15
/data/DATASETS/ASV_Spoof_2019_LA/ASVspoof2019_LA_eval/flac/LA_E_5387338.flac,15
/data/DATASETS/ASV_Spoof_2019_LA/ASVspoof2019_LA_eval/flac/LA_E_5400862.flac,15
/data/DATASETS/ASV_Spoof_2019_LA/ASVspoof2019_LA_eval/flac/LA_E_5400906.flac,15
/data/DATASETS/ASV_Spoof_2019_LA/ASVspoof2019_LA_eval/flac/LA_E_5401295.flac,15
/data/DATASETS/ASV_Spoof_2019_LA/ASVspoof2019_LA_eval/flac/LA_E_5401464.flac,15
/data/DATASETS/ASV_Spoof_2019_LA/ASVspoof2019_LA_eval/flac/LA_E_5402251.flac,15
/data/DATASETS/ASV_Spoof_2019_LA/ASVspoof2019_LA_eval/flac/LA_E_5405942.flac,15
/data/DATASETS/ASV_Spoof_2019_LA/ASVspoof2019_LA_eval/flac/LA_E_5406793.flac,15
/data/DATASETS/ASV_Spoof_2019_LA/ASVspoof2019_LA_eval/flac/LA_E_5411426.flac,15
/data/DATASETS/ASV_Spoof_2019_LA/ASVspoof2019_LA_eval/flac/LA_E_5411609.flac,15
/data/DATASETS/ASV_Spoof_2019_LA/ASVspoof2019_LA_eval/flac/LA_E_5413763.flac,15
/data/DATASETS/ASV_Spoof_2019_LA/ASVspoof2019_LA_eval/flac/LA_E_5416930.flac,15
/data/DATASETS/ASV_Spoof_2019_LA/ASVspoof2019_LA_eval/flac/LA_E_5416955.flac,15
/data/DATASETS/ASV_Spoof_2019_LA/ASVspoof2019_LA_eval/flac/LA_E_5417341.flac,15
/data/DATASETS/ASV_Spoof_2019_LA/ASVspoof2019_LA_eval/flac/LA_E_5419948.flac,15
/data/DATASETS/ASV_Spoof_2019_LA/ASVspoof2019_LA_eval/flac/LA_E_5420115.flac,15
/data/DATASETS/ASV_Spoof_2019_LA/ASVspoof2019_LA_eval/flac/LA_E_5422059.flac,15
/data/DATASETS/ASV_Spoof_2019_LA/ASVspoof2019_LA_eval/flac/LA_E_5424392.flac,15
/data/DATASETS/ASV_Spoof_2019_LA/ASVspoof2019_LA_eval/flac/LA_E_5424780.flac,15
/data/DATASETS/ASV_Spoof_2019_LA/ASVspoof2019_LA_eval/flac/LA_E_5424910.flac,15
/data/DATASETS/ASV_Spoof_2019_LA/ASVspoof2019_LA_eval/flac/LA_E_5425539.flac,15
/data/DATASETS/ASV_Spoof_2019_LA/ASVspoof2019_LA_eval/flac/LA_E_5428717.flac,15
/data/DATASETS/ASV_Spoof_2019_LA/ASVspoof2019_LA_eval/flac/LA_E_5435729.flac,15
/data/DATASETS/ASV_Spoof_2019_LA/ASVspoof2019_LA_eval/flac/LA_E_5436614.flac,15
/data/DATASETS/ASV_Spoof_2019_LA/ASVspoof2019_LA_eval/flac/LA_E_5436962.flac,15
/data/DATASETS/ASV_Spoof_2019_LA/ASVspoof2019_LA_eval/flac/LA_E_5438345.flac,15
/data/DATASETS/ASV_Spoof_2019_LA/ASVspoof2019_LA_eval/flac/LA_E_5438708.flac,15
/data/DATASETS/ASV_Spoof_2019_LA/ASVspoof2019_LA_eval/flac/LA_E_5440027.flac,15
/data/DATASETS/ASV_Spoof_2019_LA/ASVspoof2019_LA_eval/flac/LA_E_5440257.flac,15
/data/DATASETS/ASV_Spoof_2019_LA/ASVspoof2019_LA_eval/flac/LA_E_5442135.flac,15
/data/DATASETS/ASV_Spoof_2019_LA/ASVspoof2019_LA_eval/flac/LA_E_5448038.flac,15
/data/DATASETS/ASV_Spoof_2019_LA/ASVspoof2019_LA_eval/flac/LA_E_5453225.flac,15
/data/DATASETS/ASV_Spoof_2019_LA/ASVspoof2019_LA_eval/flac/LA_E_5454232.flac,15
/data/DATASETS/ASV_Spoof_2019_LA/ASVspoof2019_LA_eval/flac/LA_E_5455000.flac,15
/data/DATASETS/ASV_Spoof_2019_LA/ASVspoof2019_LA_eval/flac/LA_E_5455840.flac,15
/data/DATASETS/ASV_Spoof_2019_LA/ASVspoof2019_LA_eval/flac/LA_E_5458362.flac,15
/data/DATASETS/ASV_Spoof_2019_LA/ASVspoof2019_LA_eval/flac/LA_E_5460115.flac,15
/data/DATASETS/ASV_Spoof_2019_LA/ASVspoof2019_LA_eval/flac/LA_E_5460441.flac,15
/data/DATASETS/ASV_Spoof_2019_LA/ASVspoof2019_LA_eval/flac/LA_E_5461595.flac,15
/data/DATASETS/ASV_Spoof_2019_LA/ASVspoof2019_LA_eval/flac/LA_E_5464368.flac,15
/data/DATASETS/ASV_Spoof_2019_LA/ASVspoof2019_LA_eval/flac/LA_E_5466794.flac,15
/data/DATASETS/ASV_Spoof_2019_LA/ASVspoof2019_LA_eval/flac/LA_E_5468055.flac,15
/data/DATASETS/ASV_Spoof_2019_LA/ASVspoof2019_LA_eval/flac/LA_E_5468938.flac,15
/data/DATASETS/ASV_Spoof_2019_LA/ASVspoof2019_LA_eval/flac/LA_E_5470640.flac,15
/data/DATASETS/ASV_Spoof_2019_LA/ASVspoof2019_LA_eval/flac/LA_E_5470889.flac,15
/data/DATASETS/ASV_Spoof_2019_LA/ASVspoof2019_LA_eval/flac/LA_E_5472802.flac,15
/data/DATASETS/ASV_Spoof_2019_LA/ASVspoof2019_LA_eval/flac/LA_E_5475295.flac,15
/data/DATASETS/ASV_Spoof_2019_LA/ASVspoof2019_LA_eval/flac/LA_E_5481293.flac,15
/data/DATASETS/ASV_Spoof_2019_LA/ASVspoof2019_LA_eval/flac/LA_E_5482331.flac,15
/data/DATASETS/ASV_Spoof_2019_LA/ASVspoof2019_LA_eval/flac/LA_E_5484015.flac,15
/data/DATASETS/ASV_Spoof_2019_LA/ASVspoof2019_LA_eval/flac/LA_E_5487104.flac,15
/data/DATASETS/ASV_Spoof_2019_LA/ASVspoof2019_LA_eval/flac/LA_E_5487162.flac,15
/data/DATASETS/ASV_Spoof_2019_LA/ASVspoof2019_LA_eval/flac/LA_E_5488831.flac,15
/data/DATASETS/ASV_Spoof_2019_LA/ASVspoof2019_LA_eval/flac/LA_E_5490690.flac,15
/data/DATASETS/ASV_Spoof_2019_LA/ASVspoof2019_LA_eval/flac/LA_E_5492412.flac,15
/data/DATASETS/ASV_Spoof_2019_LA/ASVspoof2019_LA_eval/flac/LA_E_5494928.flac,15
/data/DATASETS/ASV_Spoof_2019_LA/ASVspoof2019_LA_eval/flac/LA_E_5495355.flac,15
/data/DATASETS/ASV_Spoof_2019_LA/ASVspoof2019_LA_eval/flac/LA_E_5498717.flac,15
/data/DATASETS/ASV_Spoof_2019_LA/ASVspoof2019_LA_eval/flac/LA_E_5501798.flac,15
/data/DATASETS/ASV_Spoof_2019_LA/ASVspoof2019_LA_eval/flac/LA_E_5505275.flac,15
/data/DATASETS/ASV_Spoof_2019_LA/ASVspoof2019_LA_eval/flac/LA_E_5505970.flac,15
/data/DATASETS/ASV_Spoof_2019_LA/ASVspoof2019_LA_eval/flac/LA_E_5507843.flac,15
/data/DATASETS/ASV_Spoof_2019_LA/ASVspoof2019_LA_eval/flac/LA_E_5508617.flac,15
/data/DATASETS/ASV_Spoof_2019_LA/ASVspoof2019_LA_eval/flac/LA_E_5509385.flac,15
/data/DATASETS/ASV_Spoof_2019_LA/ASVspoof2019_LA_eval/flac/LA_E_5510465.flac,15
/data/DATASETS/ASV_Spoof_2019_LA/ASVspoof2019_LA_eval/flac/LA_E_5516170.flac,15
/data/DATASETS/ASV_Spoof_2019_LA/ASVspoof2019_LA_eval/flac/LA_E_5516562.flac,15
/data/DATASETS/ASV_Spoof_2019_LA/ASVspoof2019_LA_eval/flac/LA_E_5521026.flac,15
/data/DATASETS/ASV_Spoof_2019_LA/ASVspoof2019_LA_eval/flac/LA_E_5522790.flac,15
/data/DATASETS/ASV_Spoof_2019_LA/ASVspoof2019_LA_eval/flac/LA_E_5522839.flac,15
/data/DATASETS/ASV_Spoof_2019_LA/ASVspoof2019_LA_eval/flac/LA_E_5523356.flac,15
/data/DATASETS/ASV_Spoof_2019_LA/ASVspoof2019_LA_eval/flac/LA_E_5525535.flac,15
/data/DATASETS/ASV_Spoof_2019_LA/ASVspoof2019_LA_eval/flac/LA_E_5527455.flac,15
/data/DATASETS/ASV_Spoof_2019_LA/ASVspoof2019_LA_eval/flac/LA_E_5530257.flac,15
/data/DATASETS/ASV_Spoof_2019_LA/ASVspoof2019_LA_eval/flac/LA_E_5531313.flac,15
/data/DATASETS/ASV_Spoof_2019_LA/ASVspoof2019_LA_eval/flac/LA_E_5534657.flac,15
/data/DATASETS/ASV_Spoof_2019_LA/ASVspoof2019_LA_eval/flac/LA_E_5535084.flac,15
/data/DATASETS/ASV_Spoof_2019_LA/ASVspoof2019_LA_eval/flac/LA_E_5535433.flac,15
/data/DATASETS/ASV_Spoof_2019_LA/ASVspoof2019_LA_eval/flac/LA_E_5540394.flac,15
/data/DATASETS/ASV_Spoof_2019_LA/ASVspoof2019_LA_eval/flac/LA_E_5540726.flac,15
/data/DATASETS/ASV_Spoof_2019_LA/ASVspoof2019_LA_eval/flac/LA_E_5542131.flac,15
/data/DATASETS/ASV_Spoof_2019_LA/ASVspoof2019_LA_eval/flac/LA_E_5542216.flac,15
/data/DATASETS/ASV_Spoof_2019_LA/ASVspoof2019_LA_eval/flac/LA_E_5544904.flac,15
/data/DATASETS/ASV_Spoof_2019_LA/ASVspoof2019_LA_eval/flac/LA_E_5544923.flac,15
/data/DATASETS/ASV_Spoof_2019_LA/ASVspoof2019_LA_eval/flac/LA_E_5545443.flac,15
/data/DATASETS/ASV_Spoof_2019_LA/ASVspoof2019_LA_eval/flac/LA_E_5545733.flac,15
/data/DATASETS/ASV_Spoof_2019_LA/ASVspoof2019_LA_eval/flac/LA_E_5546806.flac,15
/data/DATASETS/ASV_Spoof_2019_LA/ASVspoof2019_LA_eval/flac/LA_E_5549332.flac,15
/data/DATASETS/ASV_Spoof_2019_LA/ASVspoof2019_LA_eval/flac/LA_E_5552397.flac,15
/data/DATASETS/ASV_Spoof_2019_LA/ASVspoof2019_LA_eval/flac/LA_E_5553798.flac,15
/data/DATASETS/ASV_Spoof_2019_LA/ASVspoof2019_LA_eval/flac/LA_E_5556883.flac,15
/data/DATASETS/ASV_Spoof_2019_LA/ASVspoof2019_LA_eval/flac/LA_E_5558762.flac,15
/data/DATASETS/ASV_Spoof_2019_LA/ASVspoof2019_LA_eval/flac/LA_E_5558973.flac,15
/data/DATASETS/ASV_Spoof_2019_LA/ASVspoof2019_LA_eval/flac/LA_E_5559120.flac,15
/data/DATASETS/ASV_Spoof_2019_LA/ASVspoof2019_LA_eval/flac/LA_E_5561273.flac,15
/data/DATASETS/ASV_Spoof_2019_LA/ASVspoof2019_LA_eval/flac/LA_E_5563102.flac,15
/data/DATASETS/ASV_Spoof_2019_LA/ASVspoof2019_LA_eval/flac/LA_E_5567540.flac,15
/data/DATASETS/ASV_Spoof_2019_LA/ASVspoof2019_LA_eval/flac/LA_E_5569412.flac,15
/data/DATASETS/ASV_Spoof_2019_LA/ASVspoof2019_LA_eval/flac/LA_E_5572163.flac,15
/data/DATASETS/ASV_Spoof_2019_LA/ASVspoof2019_LA_eval/flac/LA_E_5574532.flac,15
/data/DATASETS/ASV_Spoof_2019_LA/ASVspoof2019_LA_eval/flac/LA_E_5574899.flac,15
/data/DATASETS/ASV_Spoof_2019_LA/ASVspoof2019_LA_eval/flac/LA_E_5578612.flac,15
/data/DATASETS/ASV_Spoof_2019_LA/ASVspoof2019_LA_eval/flac/LA_E_5584430.flac,15
/data/DATASETS/ASV_Spoof_2019_LA/ASVspoof2019_LA_eval/flac/LA_E_5585495.flac,15
/data/DATASETS/ASV_Spoof_2019_LA/ASVspoof2019_LA_eval/flac/LA_E_5586360.flac,15
/data/DATASETS/ASV_Spoof_2019_LA/ASVspoof2019_LA_eval/flac/LA_E_5586823.flac,15
/data/DATASETS/ASV_Spoof_2019_LA/ASVspoof2019_LA_eval/flac/LA_E_5587225.flac,15
/data/DATASETS/ASV_Spoof_2019_LA/ASVspoof2019_LA_eval/flac/LA_E_5587860.flac,15
/data/DATASETS/ASV_Spoof_2019_LA/ASVspoof2019_LA_eval/flac/LA_E_5588633.flac,15
/data/DATASETS/ASV_Spoof_2019_LA/ASVspoof2019_LA_eval/flac/LA_E_5588875.flac,15
/data/DATASETS/ASV_Spoof_2019_LA/ASVspoof2019_LA_eval/flac/LA_E_5588882.flac,15
/data/DATASETS/ASV_Spoof_2019_LA/ASVspoof2019_LA_eval/flac/LA_E_5588898.flac,15
/data/DATASETS/ASV_Spoof_2019_LA/ASVspoof2019_LA_eval/flac/LA_E_5590042.flac,15
/data/DATASETS/ASV_Spoof_2019_LA/ASVspoof2019_LA_eval/flac/LA_E_5591088.flac,15
/data/DATASETS/ASV_Spoof_2019_LA/ASVspoof2019_LA_eval/flac/LA_E_5591613.flac,15
/data/DATASETS/ASV_Spoof_2019_LA/ASVspoof2019_LA_eval/flac/LA_E_5593166.flac,15
/data/DATASETS/ASV_Spoof_2019_LA/ASVspoof2019_LA_eval/flac/LA_E_5593977.flac,15
/data/DATASETS/ASV_Spoof_2019_LA/ASVspoof2019_LA_eval/flac/LA_E_5594476.flac,15
/data/DATASETS/ASV_Spoof_2019_LA/ASVspoof2019_LA_eval/flac/LA_E_5597204.flac,15
/data/DATASETS/ASV_Spoof_2019_LA/ASVspoof2019_LA_eval/flac/LA_E_5598292.flac,15
/data/DATASETS/ASV_Spoof_2019_LA/ASVspoof2019_LA_eval/flac/LA_E_5600368.flac,15
/data/DATASETS/ASV_Spoof_2019_LA/ASVspoof2019_LA_eval/flac/LA_E_5603533.flac,15
/data/DATASETS/ASV_Spoof_2019_LA/ASVspoof2019_LA_eval/flac/LA_E_5603594.flac,15
/data/DATASETS/ASV_Spoof_2019_LA/ASVspoof2019_LA_eval/flac/LA_E_5606597.flac,15
/data/DATASETS/ASV_Spoof_2019_LA/ASVspoof2019_LA_eval/flac/LA_E_5607060.flac,15
/data/DATASETS/ASV_Spoof_2019_LA/ASVspoof2019_LA_eval/flac/LA_E_5608578.flac,15
/data/DATASETS/ASV_Spoof_2019_LA/ASVspoof2019_LA_eval/flac/LA_E_5609360.flac,15
/data/DATASETS/ASV_Spoof_2019_LA/ASVspoof2019_LA_eval/flac/LA_E_5610825.flac,15
/data/DATASETS/ASV_Spoof_2019_LA/ASVspoof2019_LA_eval/flac/LA_E_5612344.flac,15
/data/DATASETS/ASV_Spoof_2019_LA/ASVspoof2019_LA_eval/flac/LA_E_5612384.flac,15
/data/DATASETS/ASV_Spoof_2019_LA/ASVspoof2019_LA_eval/flac/LA_E_5612871.flac,15
/data/DATASETS/ASV_Spoof_2019_LA/ASVspoof2019_LA_eval/flac/LA_E_5612994.flac,15
/data/DATASETS/ASV_Spoof_2019_LA/ASVspoof2019_LA_eval/flac/LA_E_5613445.flac,15
/data/DATASETS/ASV_Spoof_2019_LA/ASVspoof2019_LA_eval/flac/LA_E_5614605.flac,15
/data/DATASETS/ASV_Spoof_2019_LA/ASVspoof2019_LA_eval/flac/LA_E_5615084.flac,15
/data/DATASETS/ASV_Spoof_2019_LA/ASVspoof2019_LA_eval/flac/LA_E_5615123.flac,15
/data/DATASETS/ASV_Spoof_2019_LA/ASVspoof2019_LA_eval/flac/LA_E_5615859.flac,15
/data/DATASETS/ASV_Spoof_2019_LA/ASVspoof2019_LA_eval/flac/LA_E_5619112.flac,15
/data/DATASETS/ASV_Spoof_2019_LA/ASVspoof2019_LA_eval/flac/LA_E_5620580.flac,15
/data/DATASETS/ASV_Spoof_2019_LA/ASVspoof2019_LA_eval/flac/LA_E_5622710.flac,15
/data/DATASETS/ASV_Spoof_2019_LA/ASVspoof2019_LA_eval/flac/LA_E_5624480.flac,15
/data/DATASETS/ASV_Spoof_2019_LA/ASVspoof2019_LA_eval/flac/LA_E_5626223.flac,15
/data/DATASETS/ASV_Spoof_2019_LA/ASVspoof2019_LA_eval/flac/LA_E_5627468.flac,15
/data/DATASETS/ASV_Spoof_2019_LA/ASVspoof2019_LA_eval/flac/LA_E_5628829.flac,15
/data/DATASETS/ASV_Spoof_2019_LA/ASVspoof2019_LA_eval/flac/LA_E_5629232.flac,15
/data/DATASETS/ASV_Spoof_2019_LA/ASVspoof2019_LA_eval/flac/LA_E_5630735.flac,15
/data/DATASETS/ASV_Spoof_2019_LA/ASVspoof2019_LA_eval/flac/LA_E_5632945.flac,15
/data/DATASETS/ASV_Spoof_2019_LA/ASVspoof2019_LA_eval/flac/LA_E_5633862.flac,15
/data/DATASETS/ASV_Spoof_2019_LA/ASVspoof2019_LA_eval/flac/LA_E_5634189.flac,15
/data/DATASETS/ASV_Spoof_2019_LA/ASVspoof2019_LA_eval/flac/LA_E_5637472.flac,15
/data/DATASETS/ASV_Spoof_2019_LA/ASVspoof2019_LA_eval/flac/LA_E_5637532.flac,15
/data/DATASETS/ASV_Spoof_2019_LA/ASVspoof2019_LA_eval/flac/LA_E_5637993.flac,15
/data/DATASETS/ASV_Spoof_2019_LA/ASVspoof2019_LA_eval/flac/LA_E_5639913.flac,15
/data/DATASETS/ASV_Spoof_2019_LA/ASVspoof2019_LA_eval/flac/LA_E_5642173.flac,15
/data/DATASETS/ASV_Spoof_2019_LA/ASVspoof2019_LA_eval/flac/LA_E_5644481.flac,15
/data/DATASETS/ASV_Spoof_2019_LA/ASVspoof2019_LA_eval/flac/LA_E_5649002.flac,15
/data/DATASETS/ASV_Spoof_2019_LA/ASVspoof2019_LA_eval/flac/LA_E_5649179.flac,15
/data/DATASETS/ASV_Spoof_2019_LA/ASVspoof2019_LA_eval/flac/LA_E_5649706.flac,15
/data/DATASETS/ASV_Spoof_2019_LA/ASVspoof2019_LA_eval/flac/LA_E_5650252.flac,15
/data/DATASETS/ASV_Spoof_2019_LA/ASVspoof2019_LA_eval/flac/LA_E_5651921.flac,15
/data/DATASETS/ASV_Spoof_2019_LA/ASVspoof2019_LA_eval/flac/LA_E_5652631.flac,15
/data/DATASETS/ASV_Spoof_2019_LA/ASVspoof2019_LA_eval/flac/LA_E_5658122.flac,15
/data/DATASETS/ASV_Spoof_2019_LA/ASVspoof2019_LA_eval/flac/LA_E_5658285.flac,15
/data/DATASETS/ASV_Spoof_2019_LA/ASVspoof2019_LA_eval/flac/LA_E_5663872.flac,15
/data/DATASETS/ASV_Spoof_2019_LA/ASVspoof2019_LA_eval/flac/LA_E_5664410.flac,15
/data/DATASETS/ASV_Spoof_2019_LA/ASVspoof2019_LA_eval/flac/LA_E_5668783.flac,15
/data/DATASETS/ASV_Spoof_2019_LA/ASVspoof2019_LA_eval/flac/LA_E_5676385.flac,15
/data/DATASETS/ASV_Spoof_2019_LA/ASVspoof2019_LA_eval/flac/LA_E_5678973.flac,15
/data/DATASETS/ASV_Spoof_2019_LA/ASVspoof2019_LA_eval/flac/LA_E_5679059.flac,15
/data/DATASETS/ASV_Spoof_2019_LA/ASVspoof2019_LA_eval/flac/LA_E_5680460.flac,15
/data/DATASETS/ASV_Spoof_2019_LA/ASVspoof2019_LA_eval/flac/LA_E_5681273.flac,15
/data/DATASETS/ASV_Spoof_2019_LA/ASVspoof2019_LA_eval/flac/LA_E_5681351.flac,15
/data/DATASETS/ASV_Spoof_2019_LA/ASVspoof2019_LA_eval/flac/LA_E_5685841.flac,15
/data/DATASETS/ASV_Spoof_2019_LA/ASVspoof2019_LA_eval/flac/LA_E_5686088.flac,15
/data/DATASETS/ASV_Spoof_2019_LA/ASVspoof2019_LA_eval/flac/LA_E_5686605.flac,15
/data/DATASETS/ASV_Spoof_2019_LA/ASVspoof2019_LA_eval/flac/LA_E_5687032.flac,15
/data/DATASETS/ASV_Spoof_2019_LA/ASVspoof2019_LA_eval/flac/LA_E_5689059.flac,15
/data/DATASETS/ASV_Spoof_2019_LA/ASVspoof2019_LA_eval/flac/LA_E_5690769.flac,15
/data/DATASETS/ASV_Spoof_2019_LA/ASVspoof2019_LA_eval/flac/LA_E_5690820.flac,15
/data/DATASETS/ASV_Spoof_2019_LA/ASVspoof2019_LA_eval/flac/LA_E_5691574.flac,15
/data/DATASETS/ASV_Spoof_2019_LA/ASVspoof2019_LA_eval/flac/LA_E_5691792.flac,15
/data/DATASETS/ASV_Spoof_2019_LA/ASVspoof2019_LA_eval/flac/LA_E_5694762.flac,15
/data/DATASETS/ASV_Spoof_2019_LA/ASVspoof2019_LA_eval/flac/LA_E_5696629.flac,15
/data/DATASETS/ASV_Spoof_2019_LA/ASVspoof2019_LA_eval/flac/LA_E_5698052.flac,15
/data/DATASETS/ASV_Spoof_2019_LA/ASVspoof2019_LA_eval/flac/LA_E_5698874.flac,15
/data/DATASETS/ASV_Spoof_2019_LA/ASVspoof2019_LA_eval/flac/LA_E_5701577.flac,15
/data/DATASETS/ASV_Spoof_2019_LA/ASVspoof2019_LA_eval/flac/LA_E_5704424.flac,15
/data/DATASETS/ASV_Spoof_2019_LA/ASVspoof2019_LA_eval/flac/LA_E_5706347.flac,15
/data/DATASETS/ASV_Spoof_2019_LA/ASVspoof2019_LA_eval/flac/LA_E_5707237.flac,15
/data/DATASETS/ASV_Spoof_2019_LA/ASVspoof2019_LA_eval/flac/LA_E_5708298.flac,15
/data/DATASETS/ASV_Spoof_2019_LA/ASVspoof2019_LA_eval/flac/LA_E_5708319.flac,15
/data/DATASETS/ASV_Spoof_2019_LA/ASVspoof2019_LA_eval/flac/LA_E_5713455.flac,15
/data/DATASETS/ASV_Spoof_2019_LA/ASVspoof2019_LA_eval/flac/LA_E_5713771.flac,15
/data/DATASETS/ASV_Spoof_2019_LA/ASVspoof2019_LA_eval/flac/LA_E_5713901.flac,15
/data/DATASETS/ASV_Spoof_2019_LA/ASVspoof2019_LA_eval/flac/LA_E_5714504.flac,15
/data/DATASETS/ASV_Spoof_2019_LA/ASVspoof2019_LA_eval/flac/LA_E_5719023.flac,15
/data/DATASETS/ASV_Spoof_2019_LA/ASVspoof2019_LA_eval/flac/LA_E_5720614.flac,15
/data/DATASETS/ASV_Spoof_2019_LA/ASVspoof2019_LA_eval/flac/LA_E_5721552.flac,15
/data/DATASETS/ASV_Spoof_2019_LA/ASVspoof2019_LA_eval/flac/LA_E_5723211.flac,15
/data/DATASETS/ASV_Spoof_2019_LA/ASVspoof2019_LA_eval/flac/LA_E_5723929.flac,15
/data/DATASETS/ASV_Spoof_2019_LA/ASVspoof2019_LA_eval/flac/LA_E_5725495.flac,15
/data/DATASETS/ASV_Spoof_2019_LA/ASVspoof2019_LA_eval/flac/LA_E_5725717.flac,15
/data/DATASETS/ASV_Spoof_2019_LA/ASVspoof2019_LA_eval/flac/LA_E_5726308.flac,15
/data/DATASETS/ASV_Spoof_2019_LA/ASVspoof2019_LA_eval/flac/LA_E_5727834.flac,15
/data/DATASETS/ASV_Spoof_2019_LA/ASVspoof2019_LA_eval/flac/LA_E_5730751.flac,15
/data/DATASETS/ASV_Spoof_2019_LA/ASVspoof2019_LA_eval/flac/LA_E_5730819.flac,15
/data/DATASETS/ASV_Spoof_2019_LA/ASVspoof2019_LA_eval/flac/LA_E_5733392.flac,15
/data/DATASETS/ASV_Spoof_2019_LA/ASVspoof2019_LA_eval/flac/LA_E_5736729.flac,15
/data/DATASETS/ASV_Spoof_2019_LA/ASVspoof2019_LA_eval/flac/LA_E_5739549.flac,15
/data/DATASETS/ASV_Spoof_2019_LA/ASVspoof2019_LA_eval/flac/LA_E_5740941.flac,15
/data/DATASETS/ASV_Spoof_2019_LA/ASVspoof2019_LA_eval/flac/LA_E_5742030.flac,15
/data/DATASETS/ASV_Spoof_2019_LA/ASVspoof2019_LA_eval/flac/LA_E_5743342.flac,15
/data/DATASETS/ASV_Spoof_2019_LA/ASVspoof2019_LA_eval/flac/LA_E_5745164.flac,15
/data/DATASETS/ASV_Spoof_2019_LA/ASVspoof2019_LA_eval/flac/LA_E_5747545.flac,15
/data/DATASETS/ASV_Spoof_2019_LA/ASVspoof2019_LA_eval/flac/LA_E_5747916.flac,15
/data/DATASETS/ASV_Spoof_2019_LA/ASVspoof2019_LA_eval/flac/LA_E_5753227.flac,15
/data/DATASETS/ASV_Spoof_2019_LA/ASVspoof2019_LA_eval/flac/LA_E_5753340.flac,15
/data/DATASETS/ASV_Spoof_2019_LA/ASVspoof2019_LA_eval/flac/LA_E_5755598.flac,15
/data/DATASETS/ASV_Spoof_2019_LA/ASVspoof2019_LA_eval/flac/LA_E_5758154.flac,15
/data/DATASETS/ASV_Spoof_2019_LA/ASVspoof2019_LA_eval/flac/LA_E_5761384.flac,15
/data/DATASETS/ASV_Spoof_2019_LA/ASVspoof2019_LA_eval/flac/LA_E_5764691.flac,15
/data/DATASETS/ASV_Spoof_2019_LA/ASVspoof2019_LA_eval/flac/LA_E_5767999.flac,15
/data/DATASETS/ASV_Spoof_2019_LA/ASVspoof2019_LA_eval/flac/LA_E_5770779.flac,15
/data/DATASETS/ASV_Spoof_2019_LA/ASVspoof2019_LA_eval/flac/LA_E_5773349.flac,15
/data/DATASETS/ASV_Spoof_2019_LA/ASVspoof2019_LA_eval/flac/LA_E_5775385.flac,15
/data/DATASETS/ASV_Spoof_2019_LA/ASVspoof2019_LA_eval/flac/LA_E_5776494.flac,15
/data/DATASETS/ASV_Spoof_2019_LA/ASVspoof2019_LA_eval/flac/LA_E_5779692.flac,15
/data/DATASETS/ASV_Spoof_2019_LA/ASVspoof2019_LA_eval/flac/LA_E_5781883.flac,15
/data/DATASETS/ASV_Spoof_2019_LA/ASVspoof2019_LA_eval/flac/LA_E_5781889.flac,15
/data/DATASETS/ASV_Spoof_2019_LA/ASVspoof2019_LA_eval/flac/LA_E_5782978.flac,15
/data/DATASETS/ASV_Spoof_2019_LA/ASVspoof2019_LA_eval/flac/LA_E_5786430.flac,15
/data/DATASETS/ASV_Spoof_2019_LA/ASVspoof2019_LA_eval/flac/LA_E_5787162.flac,15
/data/DATASETS/ASV_Spoof_2019_LA/ASVspoof2019_LA_eval/flac/LA_E_5789369.flac,15
/data/DATASETS/ASV_Spoof_2019_LA/ASVspoof2019_LA_eval/flac/LA_E_5790731.flac,15
/data/DATASETS/ASV_Spoof_2019_LA/ASVspoof2019_LA_eval/flac/LA_E_5792044.flac,15
/data/DATASETS/ASV_Spoof_2019_LA/ASVspoof2019_LA_eval/flac/LA_E_5794518.flac,15
/data/DATASETS/ASV_Spoof_2019_LA/ASVspoof2019_LA_eval/flac/LA_E_5797348.flac,15
/data/DATASETS/ASV_Spoof_2019_LA/ASVspoof2019_LA_eval/flac/LA_E_5797494.flac,15
/data/DATASETS/ASV_Spoof_2019_LA/ASVspoof2019_LA_eval/flac/LA_E_5799547.flac,15
/data/DATASETS/ASV_Spoof_2019_LA/ASVspoof2019_LA_eval/flac/LA_E_5800040.flac,15
/data/DATASETS/ASV_Spoof_2019_LA/ASVspoof2019_LA_eval/flac/LA_E_5802229.flac,15
/data/DATASETS/ASV_Spoof_2019_LA/ASVspoof2019_LA_eval/flac/LA_E_5804604.flac,15
/data/DATASETS/ASV_Spoof_2019_LA/ASVspoof2019_LA_eval/flac/LA_E_5804681.flac,15
/data/DATASETS/ASV_Spoof_2019_LA/ASVspoof2019_LA_eval/flac/LA_E_5805686.flac,15
/data/DATASETS/ASV_Spoof_2019_LA/ASVspoof2019_LA_eval/flac/LA_E_5806450.flac,15
/data/DATASETS/ASV_Spoof_2019_LA/ASVspoof2019_LA_eval/flac/LA_E_5808316.flac,15
/data/DATASETS/ASV_Spoof_2019_LA/ASVspoof2019_LA_eval/flac/LA_E_5808339.flac,15
/data/DATASETS/ASV_Spoof_2019_LA/ASVspoof2019_LA_eval/flac/LA_E_5812394.flac,15
/data/DATASETS/ASV_Spoof_2019_LA/ASVspoof2019_LA_eval/flac/LA_E_5813519.flac,15
/data/DATASETS/ASV_Spoof_2019_LA/ASVspoof2019_LA_eval/flac/LA_E_5813703.flac,15
/data/DATASETS/ASV_Spoof_2019_LA/ASVspoof2019_LA_eval/flac/LA_E_5814684.flac,15
/data/DATASETS/ASV_Spoof_2019_LA/ASVspoof2019_LA_eval/flac/LA_E_5818284.flac,15
/data/DATASETS/ASV_Spoof_2019_LA/ASVspoof2019_LA_eval/flac/LA_E_5819972.flac,15
/data/DATASETS/ASV_Spoof_2019_LA/ASVspoof2019_LA_eval/flac/LA_E_5819992.flac,15
/data/DATASETS/ASV_Spoof_2019_LA/ASVspoof2019_LA_eval/flac/LA_E_5821438.flac,15
/data/DATASETS/ASV_Spoof_2019_LA/ASVspoof2019_LA_eval/flac/LA_E_5822164.flac,15
/data/DATASETS/ASV_Spoof_2019_LA/ASVspoof2019_LA_eval/flac/LA_E_5822515.flac,15
/data/DATASETS/ASV_Spoof_2019_LA/ASVspoof2019_LA_eval/flac/LA_E_5828296.flac,15
/data/DATASETS/ASV_Spoof_2019_LA/ASVspoof2019_LA_eval/flac/LA_E_5829413.flac,15
/data/DATASETS/ASV_Spoof_2019_LA/ASVspoof2019_LA_eval/flac/LA_E_5830202.flac,15
/data/DATASETS/ASV_Spoof_2019_LA/ASVspoof2019_LA_eval/flac/LA_E_5835059.flac,15
/data/DATASETS/ASV_Spoof_2019_LA/ASVspoof2019_LA_eval/flac/LA_E_5835143.flac,15
/data/DATASETS/ASV_Spoof_2019_LA/ASVspoof2019_LA_eval/flac/LA_E_5835977.flac,15
/data/DATASETS/ASV_Spoof_2019_LA/ASVspoof2019_LA_eval/flac/LA_E_5836381.flac,15
/data/DATASETS/ASV_Spoof_2019_LA/ASVspoof2019_LA_eval/flac/LA_E_5837067.flac,15
/data/DATASETS/ASV_Spoof_2019_LA/ASVspoof2019_LA_eval/flac/LA_E_5839134.flac,15
/data/DATASETS/ASV_Spoof_2019_LA/ASVspoof2019_LA_eval/flac/LA_E_5840950.flac,15
/data/DATASETS/ASV_Spoof_2019_LA/ASVspoof2019_LA_eval/flac/LA_E_5841160.flac,15
/data/DATASETS/ASV_Spoof_2019_LA/ASVspoof2019_LA_eval/flac/LA_E_5843071.flac,15
/data/DATASETS/ASV_Spoof_2019_LA/ASVspoof2019_LA_eval/flac/LA_E_5843705.flac,15
/data/DATASETS/ASV_Spoof_2019_LA/ASVspoof2019_LA_eval/flac/LA_E_5849926.flac,15
/data/DATASETS/ASV_Spoof_2019_LA/ASVspoof2019_LA_eval/flac/LA_E_5850124.flac,15
/data/DATASETS/ASV_Spoof_2019_LA/ASVspoof2019_LA_eval/flac/LA_E_5854743.flac,15
/data/DATASETS/ASV_Spoof_2019_LA/ASVspoof2019_LA_eval/flac/LA_E_5857875.flac,15
/data/DATASETS/ASV_Spoof_2019_LA/ASVspoof2019_LA_eval/flac/LA_E_5859905.flac,15
/data/DATASETS/ASV_Spoof_2019_LA/ASVspoof2019_LA_eval/flac/LA_E_5868109.flac,15
/data/DATASETS/ASV_Spoof_2019_LA/ASVspoof2019_LA_eval/flac/LA_E_5869631.flac,15
/data/DATASETS/ASV_Spoof_2019_LA/ASVspoof2019_LA_eval/flac/LA_E_5870251.flac,15
/data/DATASETS/ASV_Spoof_2019_LA/ASVspoof2019_LA_eval/flac/LA_E_5870967.flac,15
/data/DATASETS/ASV_Spoof_2019_LA/ASVspoof2019_LA_eval/flac/LA_E_5879026.flac,15
/data/DATASETS/ASV_Spoof_2019_LA/ASVspoof2019_LA_eval/flac/LA_E_5883010.flac,15
/data/DATASETS/ASV_Spoof_2019_LA/ASVspoof2019_LA_eval/flac/LA_E_5884073.flac,15
/data/DATASETS/ASV_Spoof_2019_LA/ASVspoof2019_LA_eval/flac/LA_E_5884090.flac,15
/data/DATASETS/ASV_Spoof_2019_LA/ASVspoof2019_LA_eval/flac/LA_E_5885089.flac,15
/data/DATASETS/ASV_Spoof_2019_LA/ASVspoof2019_LA_eval/flac/LA_E_5889299.flac,15
/data/DATASETS/ASV_Spoof_2019_LA/ASVspoof2019_LA_eval/flac/LA_E_5890777.flac,15
/data/DATASETS/ASV_Spoof_2019_LA/ASVspoof2019_LA_eval/flac/LA_E_5891190.flac,15
/data/DATASETS/ASV_Spoof_2019_LA/ASVspoof2019_LA_eval/flac/LA_E_5892084.flac,15
/data/DATASETS/ASV_Spoof_2019_LA/ASVspoof2019_LA_eval/flac/LA_E_5897292.flac,15
/data/DATASETS/ASV_Spoof_2019_LA/ASVspoof2019_LA_eval/flac/LA_E_5899243.flac,15
/data/DATASETS/ASV_Spoof_2019_LA/ASVspoof2019_LA_eval/flac/LA_E_5899716.flac,15
/data/DATASETS/ASV_Spoof_2019_LA/ASVspoof2019_LA_eval/flac/LA_E_5900892.flac,15
/data/DATASETS/ASV_Spoof_2019_LA/ASVspoof2019_LA_eval/flac/LA_E_5901852.flac,15
/data/DATASETS/ASV_Spoof_2019_LA/ASVspoof2019_LA_eval/flac/LA_E_5905504.flac,15
/data/DATASETS/ASV_Spoof_2019_LA/ASVspoof2019_LA_eval/flac/LA_E_5905524.flac,15
/data/DATASETS/ASV_Spoof_2019_LA/ASVspoof2019_LA_eval/flac/LA_E_5906279.flac,15
/data/DATASETS/ASV_Spoof_2019_LA/ASVspoof2019_LA_eval/flac/LA_E_5907815.flac,15
/data/DATASETS/ASV_Spoof_2019_LA/ASVspoof2019_LA_eval/flac/LA_E_5909058.flac,15
/data/DATASETS/ASV_Spoof_2019_LA/ASVspoof2019_LA_eval/flac/LA_E_5909823.flac,15
/data/DATASETS/ASV_Spoof_2019_LA/ASVspoof2019_LA_eval/flac/LA_E_5911917.flac,15
/data/DATASETS/ASV_Spoof_2019_LA/ASVspoof2019_LA_eval/flac/LA_E_5913170.flac,15
/data/DATASETS/ASV_Spoof_2019_LA/ASVspoof2019_LA_eval/flac/LA_E_5913920.flac,15
/data/DATASETS/ASV_Spoof_2019_LA/ASVspoof2019_LA_eval/flac/LA_E_5915000.flac,15
/data/DATASETS/ASV_Spoof_2019_LA/ASVspoof2019_LA_eval/flac/LA_E_5916116.flac,15
/data/DATASETS/ASV_Spoof_2019_LA/ASVspoof2019_LA_eval/flac/LA_E_5918310.flac,15
/data/DATASETS/ASV_Spoof_2019_LA/ASVspoof2019_LA_eval/flac/LA_E_5919362.flac,15
/data/DATASETS/ASV_Spoof_2019_LA/ASVspoof2019_LA_eval/flac/LA_E_5919596.flac,15
/data/DATASETS/ASV_Spoof_2019_LA/ASVspoof2019_LA_eval/flac/LA_E_5921891.flac,15
/data/DATASETS/ASV_Spoof_2019_LA/ASVspoof2019_LA_eval/flac/LA_E_5925388.flac,15
/data/DATASETS/ASV_Spoof_2019_LA/ASVspoof2019_LA_eval/flac/LA_E_5925478.flac,15
/data/DATASETS/ASV_Spoof_2019_LA/ASVspoof2019_LA_eval/flac/LA_E_5927557.flac,15
/data/DATASETS/ASV_Spoof_2019_LA/ASVspoof2019_LA_eval/flac/LA_E_5932447.flac,15
/data/DATASETS/ASV_Spoof_2019_LA/ASVspoof2019_LA_eval/flac/LA_E_5932592.flac,15
/data/DATASETS/ASV_Spoof_2019_LA/ASVspoof2019_LA_eval/flac/LA_E_5932837.flac,15
/data/DATASETS/ASV_Spoof_2019_LA/ASVspoof2019_LA_eval/flac/LA_E_5933870.flac,15
/data/DATASETS/ASV_Spoof_2019_LA/ASVspoof2019_LA_eval/flac/LA_E_5941898.flac,15
/data/DATASETS/ASV_Spoof_2019_LA/ASVspoof2019_LA_eval/flac/LA_E_5945019.flac,15
/data/DATASETS/ASV_Spoof_2019_LA/ASVspoof2019_LA_eval/flac/LA_E_5951505.flac,15
/data/DATASETS/ASV_Spoof_2019_LA/ASVspoof2019_LA_eval/flac/LA_E_5953267.flac,15
/data/DATASETS/ASV_Spoof_2019_LA/ASVspoof2019_LA_eval/flac/LA_E_5956493.flac,15
/data/DATASETS/ASV_Spoof_2019_LA/ASVspoof2019_LA_eval/flac/LA_E_5956832.flac,15
/data/DATASETS/ASV_Spoof_2019_LA/ASVspoof2019_LA_eval/flac/LA_E_5959338.flac,15
/data/DATASETS/ASV_Spoof_2019_LA/ASVspoof2019_LA_eval/flac/LA_E_5960632.flac,15
/data/DATASETS/ASV_Spoof_2019_LA/ASVspoof2019_LA_eval/flac/LA_E_5963443.flac,15
/data/DATASETS/ASV_Spoof_2019_LA/ASVspoof2019_LA_eval/flac/LA_E_5963973.flac,15
/data/DATASETS/ASV_Spoof_2019_LA/ASVspoof2019_LA_eval/flac/LA_E_5964290.flac,15
/data/DATASETS/ASV_Spoof_2019_LA/ASVspoof2019_LA_eval/flac/LA_E_5966168.flac,15
/data/DATASETS/ASV_Spoof_2019_LA/ASVspoof2019_LA_eval/flac/LA_E_5969539.flac,15
/data/DATASETS/ASV_Spoof_2019_LA/ASVspoof2019_LA_eval/flac/LA_E_5972028.flac,15
/data/DATASETS/ASV_Spoof_2019_LA/ASVspoof2019_LA_eval/flac/LA_E_5973013.flac,15
/data/DATASETS/ASV_Spoof_2019_LA/ASVspoof2019_LA_eval/flac/LA_E_5973596.flac,15
/data/DATASETS/ASV_Spoof_2019_LA/ASVspoof2019_LA_eval/flac/LA_E_5979888.flac,15
/data/DATASETS/ASV_Spoof_2019_LA/ASVspoof2019_LA_eval/flac/LA_E_5981228.flac,15
/data/DATASETS/ASV_Spoof_2019_LA/ASVspoof2019_LA_eval/flac/LA_E_5981918.flac,15
/data/DATASETS/ASV_Spoof_2019_LA/ASVspoof2019_LA_eval/flac/LA_E_5983737.flac,15
/data/DATASETS/ASV_Spoof_2019_LA/ASVspoof2019_LA_eval/flac/LA_E_5984196.flac,15
/data/DATASETS/ASV_Spoof_2019_LA/ASVspoof2019_LA_eval/flac/LA_E_5985451.flac,15
/data/DATASETS/ASV_Spoof_2019_LA/ASVspoof2019_LA_eval/flac/LA_E_5987607.flac,15
/data/DATASETS/ASV_Spoof_2019_LA/ASVspoof2019_LA_eval/flac/LA_E_5989277.flac,15
/data/DATASETS/ASV_Spoof_2019_LA/ASVspoof2019_LA_eval/flac/LA_E_5991500.flac,15
/data/DATASETS/ASV_Spoof_2019_LA/ASVspoof2019_LA_eval/flac/LA_E_5995636.flac,15
/data/DATASETS/ASV_Spoof_2019_LA/ASVspoof2019_LA_eval/flac/LA_E_5996863.flac,15
/data/DATASETS/ASV_Spoof_2019_LA/ASVspoof2019_LA_eval/flac/LA_E_5998537.flac,15
/data/DATASETS/ASV_Spoof_2019_LA/ASVspoof2019_LA_eval/flac/LA_E_5998619.flac,15
/data/DATASETS/ASV_Spoof_2019_LA/ASVspoof2019_LA_eval/flac/LA_E_6000407.flac,15
/data/DATASETS/ASV_Spoof_2019_LA/ASVspoof2019_LA_eval/flac/LA_E_6008106.flac,15
/data/DATASETS/ASV_Spoof_2019_LA/ASVspoof2019_LA_eval/flac/LA_E_6012610.flac,15
/data/DATASETS/ASV_Spoof_2019_LA/ASVspoof2019_LA_eval/flac/LA_E_6013086.flac,15
/data/DATASETS/ASV_Spoof_2019_LA/ASVspoof2019_LA_eval/flac/LA_E_6015968.flac,15
/data/DATASETS/ASV_Spoof_2019_LA/ASVspoof2019_LA_eval/flac/LA_E_6016516.flac,15
/data/DATASETS/ASV_Spoof_2019_LA/ASVspoof2019_LA_eval/flac/LA_E_6016603.flac,15
/data/DATASETS/ASV_Spoof_2019_LA/ASVspoof2019_LA_eval/flac/LA_E_6018053.flac,15
/data/DATASETS/ASV_Spoof_2019_LA/ASVspoof2019_LA_eval/flac/LA_E_6019153.flac,15
/data/DATASETS/ASV_Spoof_2019_LA/ASVspoof2019_LA_eval/flac/LA_E_6019352.flac,15
/data/DATASETS/ASV_Spoof_2019_LA/ASVspoof2019_LA_eval/flac/LA_E_6022313.flac,15
/data/DATASETS/ASV_Spoof_2019_LA/ASVspoof2019_LA_eval/flac/LA_E_6025554.flac,15
/data/DATASETS/ASV_Spoof_2019_LA/ASVspoof2019_LA_eval/flac/LA_E_6026531.flac,15
/data/DATASETS/ASV_Spoof_2019_LA/ASVspoof2019_LA_eval/flac/LA_E_6028023.flac,15
/data/DATASETS/ASV_Spoof_2019_LA/ASVspoof2019_LA_eval/flac/LA_E_6028673.flac,15
/data/DATASETS/ASV_Spoof_2019_LA/ASVspoof2019_LA_eval/flac/LA_E_6031728.flac,15
/data/DATASETS/ASV_Spoof_2019_LA/ASVspoof2019_LA_eval/flac/LA_E_6032232.flac,15
/data/DATASETS/ASV_Spoof_2019_LA/ASVspoof2019_LA_eval/flac/LA_E_6032456.flac,15
/data/DATASETS/ASV_Spoof_2019_LA/ASVspoof2019_LA_eval/flac/LA_E_6036078.flac,15
/data/DATASETS/ASV_Spoof_2019_LA/ASVspoof2019_LA_eval/flac/LA_E_6037180.flac,15
/data/DATASETS/ASV_Spoof_2019_LA/ASVspoof2019_LA_eval/flac/LA_E_6038997.flac,15
/data/DATASETS/ASV_Spoof_2019_LA/ASVspoof2019_LA_eval/flac/LA_E_6043708.flac,15
/data/DATASETS/ASV_Spoof_2019_LA/ASVspoof2019_LA_eval/flac/LA_E_6049216.flac,15
/data/DATASETS/ASV_Spoof_2019_LA/ASVspoof2019_LA_eval/flac/LA_E_6049348.flac,15
/data/DATASETS/ASV_Spoof_2019_LA/ASVspoof2019_LA_eval/flac/LA_E_6051321.flac,15
/data/DATASETS/ASV_Spoof_2019_LA/ASVspoof2019_LA_eval/flac/LA_E_6051983.flac,15
/data/DATASETS/ASV_Spoof_2019_LA/ASVspoof2019_LA_eval/flac/LA_E_6051988.flac,15
/data/DATASETS/ASV_Spoof_2019_LA/ASVspoof2019_LA_eval/flac/LA_E_6053534.flac,15
/data/DATASETS/ASV_Spoof_2019_LA/ASVspoof2019_LA_eval/flac/LA_E_6055342.flac,15
/data/DATASETS/ASV_Spoof_2019_LA/ASVspoof2019_LA_eval/flac/LA_E_6060705.flac,15
/data/DATASETS/ASV_Spoof_2019_LA/ASVspoof2019_LA_eval/flac/LA_E_6066161.flac,15
/data/DATASETS/ASV_Spoof_2019_LA/ASVspoof2019_LA_eval/flac/LA_E_6066865.flac,15
/data/DATASETS/ASV_Spoof_2019_LA/ASVspoof2019_LA_eval/flac/LA_E_6067058.flac,15
/data/DATASETS/ASV_Spoof_2019_LA/ASVspoof2019_LA_eval/flac/LA_E_6067436.flac,15
/data/DATASETS/ASV_Spoof_2019_LA/ASVspoof2019_LA_eval/flac/LA_E_6067458.flac,15
/data/DATASETS/ASV_Spoof_2019_LA/ASVspoof2019_LA_eval/flac/LA_E_6068599.flac,15
/data/DATASETS/ASV_Spoof_2019_LA/ASVspoof2019_LA_eval/flac/LA_E_6069511.flac,15
/data/DATASETS/ASV_Spoof_2019_LA/ASVspoof2019_LA_eval/flac/LA_E_6069880.flac,15
/data/DATASETS/ASV_Spoof_2019_LA/ASVspoof2019_LA_eval/flac/LA_E_6070401.flac,15
/data/DATASETS/ASV_Spoof_2019_LA/ASVspoof2019_LA_eval/flac/LA_E_6070741.flac,15
/data/DATASETS/ASV_Spoof_2019_LA/ASVspoof2019_LA_eval/flac/LA_E_6078108.flac,15
/data/DATASETS/ASV_Spoof_2019_LA/ASVspoof2019_LA_eval/flac/LA_E_6078180.flac,15
/data/DATASETS/ASV_Spoof_2019_LA/ASVspoof2019_LA_eval/flac/LA_E_6080614.flac,15
/data/DATASETS/ASV_Spoof_2019_LA/ASVspoof2019_LA_eval/flac/LA_E_6080698.flac,15
/data/DATASETS/ASV_Spoof_2019_LA/ASVspoof2019_LA_eval/flac/LA_E_6082282.flac,15
/data/DATASETS/ASV_Spoof_2019_LA/ASVspoof2019_LA_eval/flac/LA_E_6083517.flac,15
/data/DATASETS/ASV_Spoof_2019_LA/ASVspoof2019_LA_eval/flac/LA_E_6083627.flac,15
/data/DATASETS/ASV_Spoof_2019_LA/ASVspoof2019_LA_eval/flac/LA_E_6086458.flac,15
/data/DATASETS/ASV_Spoof_2019_LA/ASVspoof2019_LA_eval/flac/LA_E_6088416.flac,15
/data/DATASETS/ASV_Spoof_2019_LA/ASVspoof2019_LA_eval/flac/LA_E_6088603.flac,15
/data/DATASETS/ASV_Spoof_2019_LA/ASVspoof2019_LA_eval/flac/LA_E_6089039.flac,15
/data/DATASETS/ASV_Spoof_2019_LA/ASVspoof2019_LA_eval/flac/LA_E_6092883.flac,15
/data/DATASETS/ASV_Spoof_2019_LA/ASVspoof2019_LA_eval/flac/LA_E_6097204.flac,15
/data/DATASETS/ASV_Spoof_2019_LA/ASVspoof2019_LA_eval/flac/LA_E_6099881.flac,15
/data/DATASETS/ASV_Spoof_2019_LA/ASVspoof2019_LA_eval/flac/LA_E_6100627.flac,15
/data/DATASETS/ASV_Spoof_2019_LA/ASVspoof2019_LA_eval/flac/LA_E_6105008.flac,15
/data/DATASETS/ASV_Spoof_2019_LA/ASVspoof2019_LA_eval/flac/LA_E_6106330.flac,15
/data/DATASETS/ASV_Spoof_2019_LA/ASVspoof2019_LA_eval/flac/LA_E_6106455.flac,15
/data/DATASETS/ASV_Spoof_2019_LA/ASVspoof2019_LA_eval/flac/LA_E_6108915.flac,15
/data/DATASETS/ASV_Spoof_2019_LA/ASVspoof2019_LA_eval/flac/LA_E_6108982.flac,15
/data/DATASETS/ASV_Spoof_2019_LA/ASVspoof2019_LA_eval/flac/LA_E_6110022.flac,15
/data/DATASETS/ASV_Spoof_2019_LA/ASVspoof2019_LA_eval/flac/LA_E_6110704.flac,15
/data/DATASETS/ASV_Spoof_2019_LA/ASVspoof2019_LA_eval/flac/LA_E_6113280.flac,15
/data/DATASETS/ASV_Spoof_2019_LA/ASVspoof2019_LA_eval/flac/LA_E_6114045.flac,15
/data/DATASETS/ASV_Spoof_2019_LA/ASVspoof2019_LA_eval/flac/LA_E_6114289.flac,15
/data/DATASETS/ASV_Spoof_2019_LA/ASVspoof2019_LA_eval/flac/LA_E_6114927.flac,15
/data/DATASETS/ASV_Spoof_2019_LA/ASVspoof2019_LA_eval/flac/LA_E_6115540.flac,15
/data/DATASETS/ASV_Spoof_2019_LA/ASVspoof2019_LA_eval/flac/LA_E_6116052.flac,15
/data/DATASETS/ASV_Spoof_2019_LA/ASVspoof2019_LA_eval/flac/LA_E_6121538.flac,15
/data/DATASETS/ASV_Spoof_2019_LA/ASVspoof2019_LA_eval/flac/LA_E_6126706.flac,15
/data/DATASETS/ASV_Spoof_2019_LA/ASVspoof2019_LA_eval/flac/LA_E_6126947.flac,15
/data/DATASETS/ASV_Spoof_2019_LA/ASVspoof2019_LA_eval/flac/LA_E_6127061.flac,15
/data/DATASETS/ASV_Spoof_2019_LA/ASVspoof2019_LA_eval/flac/LA_E_6127177.flac,15
/data/DATASETS/ASV_Spoof_2019_LA/ASVspoof2019_LA_eval/flac/LA_E_6129703.flac,15
/data/DATASETS/ASV_Spoof_2019_LA/ASVspoof2019_LA_eval/flac/LA_E_6129719.flac,15
/data/DATASETS/ASV_Spoof_2019_LA/ASVspoof2019_LA_eval/flac/LA_E_6129913.flac,15
/data/DATASETS/ASV_Spoof_2019_LA/ASVspoof2019_LA_eval/flac/LA_E_6131469.flac,15
/data/DATASETS/ASV_Spoof_2019_LA/ASVspoof2019_LA_eval/flac/LA_E_6132476.flac,15
/data/DATASETS/ASV_Spoof_2019_LA/ASVspoof2019_LA_eval/flac/LA_E_6133418.flac,15
/data/DATASETS/ASV_Spoof_2019_LA/ASVspoof2019_LA_eval/flac/LA_E_6134758.flac,15
/data/DATASETS/ASV_Spoof_2019_LA/ASVspoof2019_LA_eval/flac/LA_E_6136311.flac,15
/data/DATASETS/ASV_Spoof_2019_LA/ASVspoof2019_LA_eval/flac/LA_E_6139596.flac,15
/data/DATASETS/ASV_Spoof_2019_LA/ASVspoof2019_LA_eval/flac/LA_E_6141163.flac,15
/data/DATASETS/ASV_Spoof_2019_LA/ASVspoof2019_LA_eval/flac/LA_E_6143167.flac,15
/data/DATASETS/ASV_Spoof_2019_LA/ASVspoof2019_LA_eval/flac/LA_E_6143707.flac,15
/data/DATASETS/ASV_Spoof_2019_LA/ASVspoof2019_LA_eval/flac/LA_E_6146322.flac,15
/data/DATASETS/ASV_Spoof_2019_LA/ASVspoof2019_LA_eval/flac/LA_E_6153531.flac,15
/data/DATASETS/ASV_Spoof_2019_LA/ASVspoof2019_LA_eval/flac/LA_E_6153722.flac,15
/data/DATASETS/ASV_Spoof_2019_LA/ASVspoof2019_LA_eval/flac/LA_E_6155293.flac,15
/data/DATASETS/ASV_Spoof_2019_LA/ASVspoof2019_LA_eval/flac/LA_E_6157522.flac,15
/data/DATASETS/ASV_Spoof_2019_LA/ASVspoof2019_LA_eval/flac/LA_E_6160464.flac,15
/data/DATASETS/ASV_Spoof_2019_LA/ASVspoof2019_LA_eval/flac/LA_E_6164357.flac,15
/data/DATASETS/ASV_Spoof_2019_LA/ASVspoof2019_LA_eval/flac/LA_E_6164408.flac,15
/data/DATASETS/ASV_Spoof_2019_LA/ASVspoof2019_LA_eval/flac/LA_E_6166103.flac,15
/data/DATASETS/ASV_Spoof_2019_LA/ASVspoof2019_LA_eval/flac/LA_E_6174085.flac,15
/data/DATASETS/ASV_Spoof_2019_LA/ASVspoof2019_LA_eval/flac/LA_E_6174264.flac,15
/data/DATASETS/ASV_Spoof_2019_LA/ASVspoof2019_LA_eval/flac/LA_E_6177254.flac,15
/data/DATASETS/ASV_Spoof_2019_LA/ASVspoof2019_LA_eval/flac/LA_E_6177502.flac,15
/data/DATASETS/ASV_Spoof_2019_LA/ASVspoof2019_LA_eval/flac/LA_E_6179025.flac,15
/data/DATASETS/ASV_Spoof_2019_LA/ASVspoof2019_LA_eval/flac/LA_E_6181284.flac,15
/data/DATASETS/ASV_Spoof_2019_LA/ASVspoof2019_LA_eval/flac/LA_E_6186554.flac,15
/data/DATASETS/ASV_Spoof_2019_LA/ASVspoof2019_LA_eval/flac/LA_E_6186584.flac,15
/data/DATASETS/ASV_Spoof_2019_LA/ASVspoof2019_LA_eval/flac/LA_E_6189640.flac,15
/data/DATASETS/ASV_Spoof_2019_LA/ASVspoof2019_LA_eval/flac/LA_E_6190923.flac,15
/data/DATASETS/ASV_Spoof_2019_LA/ASVspoof2019_LA_eval/flac/LA_E_6191983.flac,15
/data/DATASETS/ASV_Spoof_2019_LA/ASVspoof2019_LA_eval/flac/LA_E_6195111.flac,15
/data/DATASETS/ASV_Spoof_2019_LA/ASVspoof2019_LA_eval/flac/LA_E_6199754.flac,15
/data/DATASETS/ASV_Spoof_2019_LA/ASVspoof2019_LA_eval/flac/LA_E_6201096.flac,15
/data/DATASETS/ASV_Spoof_2019_LA/ASVspoof2019_LA_eval/flac/LA_E_6202919.flac,15
/data/DATASETS/ASV_Spoof_2019_LA/ASVspoof2019_LA_eval/flac/LA_E_6203693.flac,15
/data/DATASETS/ASV_Spoof_2019_LA/ASVspoof2019_LA_eval/flac/LA_E_6204844.flac,15
/data/DATASETS/ASV_Spoof_2019_LA/ASVspoof2019_LA_eval/flac/LA_E_6205486.flac,15
/data/DATASETS/ASV_Spoof_2019_LA/ASVspoof2019_LA_eval/flac/LA_E_6206603.flac,15
/data/DATASETS/ASV_Spoof_2019_LA/ASVspoof2019_LA_eval/flac/LA_E_6210396.flac,15
/data/DATASETS/ASV_Spoof_2019_LA/ASVspoof2019_LA_eval/flac/LA_E_6212470.flac,15
/data/DATASETS/ASV_Spoof_2019_LA/ASVspoof2019_LA_eval/flac/LA_E_6214385.flac,15
/data/DATASETS/ASV_Spoof_2019_LA/ASVspoof2019_LA_eval/flac/LA_E_6216280.flac,15
/data/DATASETS/ASV_Spoof_2019_LA/ASVspoof2019_LA_eval/flac/LA_E_6217390.flac,15
/data/DATASETS/ASV_Spoof_2019_LA/ASVspoof2019_LA_eval/flac/LA_E_6219812.flac,15
/data/DATASETS/ASV_Spoof_2019_LA/ASVspoof2019_LA_eval/flac/LA_E_6220469.flac,15
/data/DATASETS/ASV_Spoof_2019_LA/ASVspoof2019_LA_eval/flac/LA_E_6223039.flac,15
/data/DATASETS/ASV_Spoof_2019_LA/ASVspoof2019_LA_eval/flac/LA_E_6224377.flac,15
/data/DATASETS/ASV_Spoof_2019_LA/ASVspoof2019_LA_eval/flac/LA_E_6226056.flac,15
/data/DATASETS/ASV_Spoof_2019_LA/ASVspoof2019_LA_eval/flac/LA_E_6226528.flac,15
/data/DATASETS/ASV_Spoof_2019_LA/ASVspoof2019_LA_eval/flac/LA_E_6227114.flac,15
/data/DATASETS/ASV_Spoof_2019_LA/ASVspoof2019_LA_eval/flac/LA_E_6227598.flac,15
/data/DATASETS/ASV_Spoof_2019_LA/ASVspoof2019_LA_eval/flac/LA_E_6235102.flac,15
/data/DATASETS/ASV_Spoof_2019_LA/ASVspoof2019_LA_eval/flac/LA_E_6239108.flac,15
/data/DATASETS/ASV_Spoof_2019_LA/ASVspoof2019_LA_eval/flac/LA_E_6240094.flac,15
/data/DATASETS/ASV_Spoof_2019_LA/ASVspoof2019_LA_eval/flac/LA_E_6240283.flac,15
/data/DATASETS/ASV_Spoof_2019_LA/ASVspoof2019_LA_eval/flac/LA_E_6241338.flac,15
/data/DATASETS/ASV_Spoof_2019_LA/ASVspoof2019_LA_eval/flac/LA_E_6243544.flac,15
/data/DATASETS/ASV_Spoof_2019_LA/ASVspoof2019_LA_eval/flac/LA_E_6243830.flac,15
/data/DATASETS/ASV_Spoof_2019_LA/ASVspoof2019_LA_eval/flac/LA_E_6244042.flac,15
/data/DATASETS/ASV_Spoof_2019_LA/ASVspoof2019_LA_eval/flac/LA_E_6245275.flac,15
/data/DATASETS/ASV_Spoof_2019_LA/ASVspoof2019_LA_eval/flac/LA_E_6248926.flac,15
/data/DATASETS/ASV_Spoof_2019_LA/ASVspoof2019_LA_eval/flac/LA_E_6249054.flac,15
/data/DATASETS/ASV_Spoof_2019_LA/ASVspoof2019_LA_eval/flac/LA_E_6250329.flac,15
/data/DATASETS/ASV_Spoof_2019_LA/ASVspoof2019_LA_eval/flac/LA_E_6251902.flac,15
/data/DATASETS/ASV_Spoof_2019_LA/ASVspoof2019_LA_eval/flac/LA_E_6254697.flac,15
/data/DATASETS/ASV_Spoof_2019_LA/ASVspoof2019_LA_eval/flac/LA_E_6256699.flac,15
/data/DATASETS/ASV_Spoof_2019_LA/ASVspoof2019_LA_eval/flac/LA_E_6258884.flac,15
/data/DATASETS/ASV_Spoof_2019_LA/ASVspoof2019_LA_eval/flac/LA_E_6263929.flac,15
/data/DATASETS/ASV_Spoof_2019_LA/ASVspoof2019_LA_eval/flac/LA_E_6265626.flac,15
/data/DATASETS/ASV_Spoof_2019_LA/ASVspoof2019_LA_eval/flac/LA_E_6269665.flac,15
/data/DATASETS/ASV_Spoof_2019_LA/ASVspoof2019_LA_eval/flac/LA_E_6270991.flac,15
/data/DATASETS/ASV_Spoof_2019_LA/ASVspoof2019_LA_eval/flac/LA_E_6272516.flac,15
/data/DATASETS/ASV_Spoof_2019_LA/ASVspoof2019_LA_eval/flac/LA_E_6272648.flac,15
/data/DATASETS/ASV_Spoof_2019_LA/ASVspoof2019_LA_eval/flac/LA_E_6274230.flac,15
/data/DATASETS/ASV_Spoof_2019_LA/ASVspoof2019_LA_eval/flac/LA_E_6276183.flac,15
/data/DATASETS/ASV_Spoof_2019_LA/ASVspoof2019_LA_eval/flac/LA_E_6281531.flac,15
/data/DATASETS/ASV_Spoof_2019_LA/ASVspoof2019_LA_eval/flac/LA_E_6287760.flac,15
/data/DATASETS/ASV_Spoof_2019_LA/ASVspoof2019_LA_eval/flac/LA_E_6291082.flac,15
/data/DATASETS/ASV_Spoof_2019_LA/ASVspoof2019_LA_eval/flac/LA_E_6291911.flac,15
/data/DATASETS/ASV_Spoof_2019_LA/ASVspoof2019_LA_eval/flac/LA_E_6297652.flac,15
/data/DATASETS/ASV_Spoof_2019_LA/ASVspoof2019_LA_eval/flac/LA_E_6298757.flac,15
/data/DATASETS/ASV_Spoof_2019_LA/ASVspoof2019_LA_eval/flac/LA_E_6298883.flac,15
/data/DATASETS/ASV_Spoof_2019_LA/ASVspoof2019_LA_eval/flac/LA_E_6302899.flac,15
/data/DATASETS/ASV_Spoof_2019_LA/ASVspoof2019_LA_eval/flac/LA_E_6305534.flac,15
/data/DATASETS/ASV_Spoof_2019_LA/ASVspoof2019_LA_eval/flac/LA_E_6311491.flac,15
/data/DATASETS/ASV_Spoof_2019_LA/ASVspoof2019_LA_eval/flac/LA_E_6313849.flac,15
/data/DATASETS/ASV_Spoof_2019_LA/ASVspoof2019_LA_eval/flac/LA_E_6313860.flac,15
/data/DATASETS/ASV_Spoof_2019_LA/ASVspoof2019_LA_eval/flac/LA_E_6317049.flac,15
/data/DATASETS/ASV_Spoof_2019_LA/ASVspoof2019_LA_eval/flac/LA_E_6317252.flac,15
/data/DATASETS/ASV_Spoof_2019_LA/ASVspoof2019_LA_eval/flac/LA_E_6317606.flac,15
/data/DATASETS/ASV_Spoof_2019_LA/ASVspoof2019_LA_eval/flac/LA_E_6327067.flac,15
/data/DATASETS/ASV_Spoof_2019_LA/ASVspoof2019_LA_eval/flac/LA_E_6331239.flac,15
/data/DATASETS/ASV_Spoof_2019_LA/ASVspoof2019_LA_eval/flac/LA_E_6334289.flac,15
/data/DATASETS/ASV_Spoof_2019_LA/ASVspoof2019_LA_eval/flac/LA_E_6334538.flac,15
/data/DATASETS/ASV_Spoof_2019_LA/ASVspoof2019_LA_eval/flac/LA_E_6336325.flac,15
/data/DATASETS/ASV_Spoof_2019_LA/ASVspoof2019_LA_eval/flac/LA_E_6336330.flac,15
/data/DATASETS/ASV_Spoof_2019_LA/ASVspoof2019_LA_eval/flac/LA_E_6339165.flac,15
/data/DATASETS/ASV_Spoof_2019_LA/ASVspoof2019_LA_eval/flac/LA_E_6339596.flac,15
/data/DATASETS/ASV_Spoof_2019_LA/ASVspoof2019_LA_eval/flac/LA_E_6342411.flac,15
/data/DATASETS/ASV_Spoof_2019_LA/ASVspoof2019_LA_eval/flac/LA_E_6342725.flac,15
/data/DATASETS/ASV_Spoof_2019_LA/ASVspoof2019_LA_eval/flac/LA_E_6345587.flac,15
/data/DATASETS/ASV_Spoof_2019_LA/ASVspoof2019_LA_eval/flac/LA_E_6347314.flac,15
/data/DATASETS/ASV_Spoof_2019_LA/ASVspoof2019_LA_eval/flac/LA_E_6348284.flac,15
/data/DATASETS/ASV_Spoof_2019_LA/ASVspoof2019_LA_eval/flac/LA_E_6352777.flac,15
/data/DATASETS/ASV_Spoof_2019_LA/ASVspoof2019_LA_eval/flac/LA_E_6353348.flac,15
/data/DATASETS/ASV_Spoof_2019_LA/ASVspoof2019_LA_eval/flac/LA_E_6355321.flac,15
/data/DATASETS/ASV_Spoof_2019_LA/ASVspoof2019_LA_eval/flac/LA_E_6355397.flac,15
/data/DATASETS/ASV_Spoof_2019_LA/ASVspoof2019_LA_eval/flac/LA_E_6357326.flac,15
/data/DATASETS/ASV_Spoof_2019_LA/ASVspoof2019_LA_eval/flac/LA_E_6357493.flac,15
/data/DATASETS/ASV_Spoof_2019_LA/ASVspoof2019_LA_eval/flac/LA_E_6358347.flac,15
/data/DATASETS/ASV_Spoof_2019_LA/ASVspoof2019_LA_eval/flac/LA_E_6360880.flac,15
/data/DATASETS/ASV_Spoof_2019_LA/ASVspoof2019_LA_eval/flac/LA_E_6362467.flac,15
/data/DATASETS/ASV_Spoof_2019_LA/ASVspoof2019_LA_eval/flac/LA_E_6363405.flac,15
/data/DATASETS/ASV_Spoof_2019_LA/ASVspoof2019_LA_eval/flac/LA_E_6363764.flac,15
/data/DATASETS/ASV_Spoof_2019_LA/ASVspoof2019_LA_eval/flac/LA_E_6364535.flac,15
/data/DATASETS/ASV_Spoof_2019_LA/ASVspoof2019_LA_eval/flac/LA_E_6367922.flac,15
/data/DATASETS/ASV_Spoof_2019_LA/ASVspoof2019_LA_eval/flac/LA_E_6371530.flac,15
/data/DATASETS/ASV_Spoof_2019_LA/ASVspoof2019_LA_eval/flac/LA_E_6374153.flac,15
/data/DATASETS/ASV_Spoof_2019_LA/ASVspoof2019_LA_eval/flac/LA_E_6374160.flac,15
/data/DATASETS/ASV_Spoof_2019_LA/ASVspoof2019_LA_eval/flac/LA_E_6374635.flac,15
/data/DATASETS/ASV_Spoof_2019_LA/ASVspoof2019_LA_eval/flac/LA_E_6376108.flac,15
/data/DATASETS/ASV_Spoof_2019_LA/ASVspoof2019_LA_eval/flac/LA_E_6376280.flac,15
/data/DATASETS/ASV_Spoof_2019_LA/ASVspoof2019_LA_eval/flac/LA_E_6377453.flac,15
/data/DATASETS/ASV_Spoof_2019_LA/ASVspoof2019_LA_eval/flac/LA_E_6379082.flac,15
/data/DATASETS/ASV_Spoof_2019_LA/ASVspoof2019_LA_eval/flac/LA_E_6380126.flac,15
/data/DATASETS/ASV_Spoof_2019_LA/ASVspoof2019_LA_eval/flac/LA_E_6380373.flac,15
/data/DATASETS/ASV_Spoof_2019_LA/ASVspoof2019_LA_eval/flac/LA_E_6381471.flac,15
/data/DATASETS/ASV_Spoof_2019_LA/ASVspoof2019_LA_eval/flac/LA_E_6381513.flac,15
/data/DATASETS/ASV_Spoof_2019_LA/ASVspoof2019_LA_eval/flac/LA_E_6382262.flac,15
/data/DATASETS/ASV_Spoof_2019_LA/ASVspoof2019_LA_eval/flac/LA_E_6394140.flac,15
/data/DATASETS/ASV_Spoof_2019_LA/ASVspoof2019_LA_eval/flac/LA_E_6395357.flac,15
/data/DATASETS/ASV_Spoof_2019_LA/ASVspoof2019_LA_eval/flac/LA_E_6397049.flac,15
/data/DATASETS/ASV_Spoof_2019_LA/ASVspoof2019_LA_eval/flac/LA_E_6397734.flac,15
/data/DATASETS/ASV_Spoof_2019_LA/ASVspoof2019_LA_eval/flac/LA_E_6398004.flac,15
/data/DATASETS/ASV_Spoof_2019_LA/ASVspoof2019_LA_eval/flac/LA_E_6398521.flac,15
/data/DATASETS/ASV_Spoof_2019_LA/ASVspoof2019_LA_eval/flac/LA_E_6400368.flac,15
/data/DATASETS/ASV_Spoof_2019_LA/ASVspoof2019_LA_eval/flac/LA_E_6406175.flac,15
/data/DATASETS/ASV_Spoof_2019_LA/ASVspoof2019_LA_eval/flac/LA_E_6411152.flac,15
/data/DATASETS/ASV_Spoof_2019_LA/ASVspoof2019_LA_eval/flac/LA_E_6412612.flac,15
/data/DATASETS/ASV_Spoof_2019_LA/ASVspoof2019_LA_eval/flac/LA_E_6413089.flac,15
/data/DATASETS/ASV_Spoof_2019_LA/ASVspoof2019_LA_eval/flac/LA_E_6414081.flac,15
/data/DATASETS/ASV_Spoof_2019_LA/ASVspoof2019_LA_eval/flac/LA_E_6416969.flac,15
/data/DATASETS/ASV_Spoof_2019_LA/ASVspoof2019_LA_eval/flac/LA_E_6417081.flac,15
/data/DATASETS/ASV_Spoof_2019_LA/ASVspoof2019_LA_eval/flac/LA_E_6421442.flac,15
/data/DATASETS/ASV_Spoof_2019_LA/ASVspoof2019_LA_eval/flac/LA_E_6421520.flac,15
/data/DATASETS/ASV_Spoof_2019_LA/ASVspoof2019_LA_eval/flac/LA_E_6421546.flac,15
/data/DATASETS/ASV_Spoof_2019_LA/ASVspoof2019_LA_eval/flac/LA_E_6423590.flac,15
/data/DATASETS/ASV_Spoof_2019_LA/ASVspoof2019_LA_eval/flac/LA_E_6426352.flac,15
/data/DATASETS/ASV_Spoof_2019_LA/ASVspoof2019_LA_eval/flac/LA_E_6427528.flac,15
/data/DATASETS/ASV_Spoof_2019_LA/ASVspoof2019_LA_eval/flac/LA_E_6428785.flac,15
/data/DATASETS/ASV_Spoof_2019_LA/ASVspoof2019_LA_eval/flac/LA_E_6433347.flac,15
/data/DATASETS/ASV_Spoof_2019_LA/ASVspoof2019_LA_eval/flac/LA_E_6434172.flac,15
/data/DATASETS/ASV_Spoof_2019_LA/ASVspoof2019_LA_eval/flac/LA_E_6434430.flac,15
/data/DATASETS/ASV_Spoof_2019_LA/ASVspoof2019_LA_eval/flac/LA_E_6435013.flac,15
/data/DATASETS/ASV_Spoof_2019_LA/ASVspoof2019_LA_eval/flac/LA_E_6441769.flac,15
/data/DATASETS/ASV_Spoof_2019_LA/ASVspoof2019_LA_eval/flac/LA_E_6443963.flac,15
/data/DATASETS/ASV_Spoof_2019_LA/ASVspoof2019_LA_eval/flac/LA_E_6448702.flac,15
/data/DATASETS/ASV_Spoof_2019_LA/ASVspoof2019_LA_eval/flac/LA_E_6449400.flac,15
/data/DATASETS/ASV_Spoof_2019_LA/ASVspoof2019_LA_eval/flac/LA_E_6449900.flac,15
/data/DATASETS/ASV_Spoof_2019_LA/ASVspoof2019_LA_eval/flac/LA_E_6450331.flac,15
/data/DATASETS/ASV_Spoof_2019_LA/ASVspoof2019_LA_eval/flac/LA_E_6452261.flac,15
/data/DATASETS/ASV_Spoof_2019_LA/ASVspoof2019_LA_eval/flac/LA_E_6452408.flac,15
/data/DATASETS/ASV_Spoof_2019_LA/ASVspoof2019_LA_eval/flac/LA_E_6452774.flac,15
/data/DATASETS/ASV_Spoof_2019_LA/ASVspoof2019_LA_eval/flac/LA_E_6456806.flac,15
/data/DATASETS/ASV_Spoof_2019_LA/ASVspoof2019_LA_eval/flac/LA_E_6461980.flac,15
/data/DATASETS/ASV_Spoof_2019_LA/ASVspoof2019_LA_eval/flac/LA_E_6462213.flac,15
/data/DATASETS/ASV_Spoof_2019_LA/ASVspoof2019_LA_eval/flac/LA_E_6465634.flac,15
/data/DATASETS/ASV_Spoof_2019_LA/ASVspoof2019_LA_eval/flac/LA_E_6467211.flac,15
/data/DATASETS/ASV_Spoof_2019_LA/ASVspoof2019_LA_eval/flac/LA_E_6468883.flac,15
/data/DATASETS/ASV_Spoof_2019_LA/ASVspoof2019_LA_eval/flac/LA_E_6469331.flac,15
/data/DATASETS/ASV_Spoof_2019_LA/ASVspoof2019_LA_eval/flac/LA_E_6469514.flac,15
/data/DATASETS/ASV_Spoof_2019_LA/ASVspoof2019_LA_eval/flac/LA_E_6470835.flac,15
/data/DATASETS/ASV_Spoof_2019_LA/ASVspoof2019_LA_eval/flac/LA_E_6471325.flac,15
/data/DATASETS/ASV_Spoof_2019_LA/ASVspoof2019_LA_eval/flac/LA_E_6473765.flac,15
/data/DATASETS/ASV_Spoof_2019_LA/ASVspoof2019_LA_eval/flac/LA_E_6477770.flac,15
/data/DATASETS/ASV_Spoof_2019_LA/ASVspoof2019_LA_eval/flac/LA_E_6478960.flac,15
/data/DATASETS/ASV_Spoof_2019_LA/ASVspoof2019_LA_eval/flac/LA_E_6481670.flac,15
/data/DATASETS/ASV_Spoof_2019_LA/ASVspoof2019_LA_eval/flac/LA_E_6483717.flac,15
/data/DATASETS/ASV_Spoof_2019_LA/ASVspoof2019_LA_eval/flac/LA_E_6483846.flac,15
/data/DATASETS/ASV_Spoof_2019_LA/ASVspoof2019_LA_eval/flac/LA_E_6493291.flac,15
/data/DATASETS/ASV_Spoof_2019_LA/ASVspoof2019_LA_eval/flac/LA_E_6494032.flac,15
/data/DATASETS/ASV_Spoof_2019_LA/ASVspoof2019_LA_eval/flac/LA_E_6494953.flac,15
/data/DATASETS/ASV_Spoof_2019_LA/ASVspoof2019_LA_eval/flac/LA_E_6495214.flac,15
/data/DATASETS/ASV_Spoof_2019_LA/ASVspoof2019_LA_eval/flac/LA_E_6496219.flac,15
/data/DATASETS/ASV_Spoof_2019_LA/ASVspoof2019_LA_eval/flac/LA_E_6500171.flac,15
/data/DATASETS/ASV_Spoof_2019_LA/ASVspoof2019_LA_eval/flac/LA_E_6508431.flac,15
/data/DATASETS/ASV_Spoof_2019_LA/ASVspoof2019_LA_eval/flac/LA_E_6508791.flac,15
/data/DATASETS/ASV_Spoof_2019_LA/ASVspoof2019_LA_eval/flac/LA_E_6516302.flac,15
/data/DATASETS/ASV_Spoof_2019_LA/ASVspoof2019_LA_eval/flac/LA_E_6522498.flac,15
/data/DATASETS/ASV_Spoof_2019_LA/ASVspoof2019_LA_eval/flac/LA_E_6523742.flac,15
/data/DATASETS/ASV_Spoof_2019_LA/ASVspoof2019_LA_eval/flac/LA_E_6524668.flac,15
/data/DATASETS/ASV_Spoof_2019_LA/ASVspoof2019_LA_eval/flac/LA_E_6526216.flac,15
/data/DATASETS/ASV_Spoof_2019_LA/ASVspoof2019_LA_eval/flac/LA_E_6530211.flac,15
/data/DATASETS/ASV_Spoof_2019_LA/ASVspoof2019_LA_eval/flac/LA_E_6530699.flac,15
/data/DATASETS/ASV_Spoof_2019_LA/ASVspoof2019_LA_eval/flac/LA_E_6533341.flac,15
/data/DATASETS/ASV_Spoof_2019_LA/ASVspoof2019_LA_eval/flac/LA_E_6536359.flac,15
/data/DATASETS/ASV_Spoof_2019_LA/ASVspoof2019_LA_eval/flac/LA_E_6536762.flac,15
/data/DATASETS/ASV_Spoof_2019_LA/ASVspoof2019_LA_eval/flac/LA_E_6543128.flac,15
/data/DATASETS/ASV_Spoof_2019_LA/ASVspoof2019_LA_eval/flac/LA_E_6543133.flac,15
/data/DATASETS/ASV_Spoof_2019_LA/ASVspoof2019_LA_eval/flac/LA_E_6543912.flac,15
/data/DATASETS/ASV_Spoof_2019_LA/ASVspoof2019_LA_eval/flac/LA_E_6544266.flac,15
/data/DATASETS/ASV_Spoof_2019_LA/ASVspoof2019_LA_eval/flac/LA_E_6545476.flac,15
/data/DATASETS/ASV_Spoof_2019_LA/ASVspoof2019_LA_eval/flac/LA_E_6546064.flac,15
/data/DATASETS/ASV_Spoof_2019_LA/ASVspoof2019_LA_eval/flac/LA_E_6548747.flac,15
/data/DATASETS/ASV_Spoof_2019_LA/ASVspoof2019_LA_eval/flac/LA_E_6550799.flac,15
/data/DATASETS/ASV_Spoof_2019_LA/ASVspoof2019_LA_eval/flac/LA_E_6550941.flac,15
/data/DATASETS/ASV_Spoof_2019_LA/ASVspoof2019_LA_eval/flac/LA_E_6553850.flac,15
/data/DATASETS/ASV_Spoof_2019_LA/ASVspoof2019_LA_eval/flac/LA_E_6557503.flac,15
/data/DATASETS/ASV_Spoof_2019_LA/ASVspoof2019_LA_eval/flac/LA_E_6558864.flac,15
/data/DATASETS/ASV_Spoof_2019_LA/ASVspoof2019_LA_eval/flac/LA_E_6564386.flac,15
/data/DATASETS/ASV_Spoof_2019_LA/ASVspoof2019_LA_eval/flac/LA_E_6565768.flac,15
/data/DATASETS/ASV_Spoof_2019_LA/ASVspoof2019_LA_eval/flac/LA_E_6566220.flac,15
/data/DATASETS/ASV_Spoof_2019_LA/ASVspoof2019_LA_eval/flac/LA_E_6567625.flac,15
/data/DATASETS/ASV_Spoof_2019_LA/ASVspoof2019_LA_eval/flac/LA_E_6570797.flac,15
/data/DATASETS/ASV_Spoof_2019_LA/ASVspoof2019_LA_eval/flac/LA_E_6572152.flac,15
/data/DATASETS/ASV_Spoof_2019_LA/ASVspoof2019_LA_eval/flac/LA_E_6573166.flac,15
/data/DATASETS/ASV_Spoof_2019_LA/ASVspoof2019_LA_eval/flac/LA_E_6573294.flac,15
/data/DATASETS/ASV_Spoof_2019_LA/ASVspoof2019_LA_eval/flac/LA_E_6577284.flac,15
/data/DATASETS/ASV_Spoof_2019_LA/ASVspoof2019_LA_eval/flac/LA_E_6579101.flac,15
/data/DATASETS/ASV_Spoof_2019_LA/ASVspoof2019_LA_eval/flac/LA_E_6579512.flac,15
/data/DATASETS/ASV_Spoof_2019_LA/ASVspoof2019_LA_eval/flac/LA_E_6580301.flac,15
/data/DATASETS/ASV_Spoof_2019_LA/ASVspoof2019_LA_eval/flac/LA_E_6580562.flac,15
/data/DATASETS/ASV_Spoof_2019_LA/ASVspoof2019_LA_eval/flac/LA_E_6587148.flac,15
/data/DATASETS/ASV_Spoof_2019_LA/ASVspoof2019_LA_eval/flac/LA_E_6589150.flac,15
/data/DATASETS/ASV_Spoof_2019_LA/ASVspoof2019_LA_eval/flac/LA_E_6589378.flac,15
/data/DATASETS/ASV_Spoof_2019_LA/ASVspoof2019_LA_eval/flac/LA_E_6590829.flac,15
/data/DATASETS/ASV_Spoof_2019_LA/ASVspoof2019_LA_eval/flac/LA_E_6591464.flac,15
/data/DATASETS/ASV_Spoof_2019_LA/ASVspoof2019_LA_eval/flac/LA_E_6592166.flac,15
/data/DATASETS/ASV_Spoof_2019_LA/ASVspoof2019_LA_eval/flac/LA_E_6592861.flac,15
/data/DATASETS/ASV_Spoof_2019_LA/ASVspoof2019_LA_eval/flac/LA_E_6594862.flac,15
/data/DATASETS/ASV_Spoof_2019_LA/ASVspoof2019_LA_eval/flac/LA_E_6595091.flac,15
/data/DATASETS/ASV_Spoof_2019_LA/ASVspoof2019_LA_eval/flac/LA_E_6597216.flac,15
/data/DATASETS/ASV_Spoof_2019_LA/ASVspoof2019_LA_eval/flac/LA_E_6597259.flac,15
/data/DATASETS/ASV_Spoof_2019_LA/ASVspoof2019_LA_eval/flac/LA_E_6598923.flac,15
/data/DATASETS/ASV_Spoof_2019_LA/ASVspoof2019_LA_eval/flac/LA_E_6604300.flac,15
/data/DATASETS/ASV_Spoof_2019_LA/ASVspoof2019_LA_eval/flac/LA_E_6604899.flac,15
/data/DATASETS/ASV_Spoof_2019_LA/ASVspoof2019_LA_eval/flac/LA_E_6605148.flac,15
/data/DATASETS/ASV_Spoof_2019_LA/ASVspoof2019_LA_eval/flac/LA_E_6612113.flac,15
/data/DATASETS/ASV_Spoof_2019_LA/ASVspoof2019_LA_eval/flac/LA_E_6612367.flac,15
/data/DATASETS/ASV_Spoof_2019_LA/ASVspoof2019_LA_eval/flac/LA_E_6613183.flac,15
/data/DATASETS/ASV_Spoof_2019_LA/ASVspoof2019_LA_eval/flac/LA_E_6613396.flac,15
/data/DATASETS/ASV_Spoof_2019_LA/ASVspoof2019_LA_eval/flac/LA_E_6614129.flac,15
/data/DATASETS/ASV_Spoof_2019_LA/ASVspoof2019_LA_eval/flac/LA_E_6615011.flac,15
/data/DATASETS/ASV_Spoof_2019_LA/ASVspoof2019_LA_eval/flac/LA_E_6618130.flac,15
/data/DATASETS/ASV_Spoof_2019_LA/ASVspoof2019_LA_eval/flac/LA_E_6621220.flac,15
/data/DATASETS/ASV_Spoof_2019_LA/ASVspoof2019_LA_eval/flac/LA_E_6621668.flac,15
/data/DATASETS/ASV_Spoof_2019_LA/ASVspoof2019_LA_eval/flac/LA_E_6623243.flac,15
/data/DATASETS/ASV_Spoof_2019_LA/ASVspoof2019_LA_eval/flac/LA_E_6623364.flac,15
/data/DATASETS/ASV_Spoof_2019_LA/ASVspoof2019_LA_eval/flac/LA_E_6625386.flac,15
/data/DATASETS/ASV_Spoof_2019_LA/ASVspoof2019_LA_eval/flac/LA_E_6626329.flac,15
/data/DATASETS/ASV_Spoof_2019_LA/ASVspoof2019_LA_eval/flac/LA_E_6628645.flac,15
/data/DATASETS/ASV_Spoof_2019_LA/ASVspoof2019_LA_eval/flac/LA_E_6634721.flac,15
/data/DATASETS/ASV_Spoof_2019_LA/ASVspoof2019_LA_eval/flac/LA_E_6635463.flac,15
/data/DATASETS/ASV_Spoof_2019_LA/ASVspoof2019_LA_eval/flac/LA_E_6636255.flac,15
/data/DATASETS/ASV_Spoof_2019_LA/ASVspoof2019_LA_eval/flac/LA_E_6636368.flac,15
/data/DATASETS/ASV_Spoof_2019_LA/ASVspoof2019_LA_eval/flac/LA_E_6637111.flac,15
/data/DATASETS/ASV_Spoof_2019_LA/ASVspoof2019_LA_eval/flac/LA_E_6637909.flac,15
/data/DATASETS/ASV_Spoof_2019_LA/ASVspoof2019_LA_eval/flac/LA_E_6638696.flac,15
/data/DATASETS/ASV_Spoof_2019_LA/ASVspoof2019_LA_eval/flac/LA_E_6641607.flac,15
/data/DATASETS/ASV_Spoof_2019_LA/ASVspoof2019_LA_eval/flac/LA_E_6644248.flac,15
/data/DATASETS/ASV_Spoof_2019_LA/ASVspoof2019_LA_eval/flac/LA_E_6646546.flac,15
/data/DATASETS/ASV_Spoof_2019_LA/ASVspoof2019_LA_eval/flac/LA_E_6651270.flac,15
/data/DATASETS/ASV_Spoof_2019_LA/ASVspoof2019_LA_eval/flac/LA_E_6654311.flac,15
/data/DATASETS/ASV_Spoof_2019_LA/ASVspoof2019_LA_eval/flac/LA_E_6656091.flac,15
/data/DATASETS/ASV_Spoof_2019_LA/ASVspoof2019_LA_eval/flac/LA_E_6656609.flac,15
/data/DATASETS/ASV_Spoof_2019_LA/ASVspoof2019_LA_eval/flac/LA_E_6661466.flac,15
/data/DATASETS/ASV_Spoof_2019_LA/ASVspoof2019_LA_eval/flac/LA_E_6661935.flac,15
/data/DATASETS/ASV_Spoof_2019_LA/ASVspoof2019_LA_eval/flac/LA_E_6662358.flac,15
/data/DATASETS/ASV_Spoof_2019_LA/ASVspoof2019_LA_eval/flac/LA_E_6664663.flac,15
/data/DATASETS/ASV_Spoof_2019_LA/ASVspoof2019_LA_eval/flac/LA_E_6668274.flac,15
/data/DATASETS/ASV_Spoof_2019_LA/ASVspoof2019_LA_eval/flac/LA_E_6668493.flac,15
/data/DATASETS/ASV_Spoof_2019_LA/ASVspoof2019_LA_eval/flac/LA_E_6668656.flac,15
/data/DATASETS/ASV_Spoof_2019_LA/ASVspoof2019_LA_eval/flac/LA_E_6670154.flac,15
/data/DATASETS/ASV_Spoof_2019_LA/ASVspoof2019_LA_eval/flac/LA_E_6670666.flac,15
/data/DATASETS/ASV_Spoof_2019_LA/ASVspoof2019_LA_eval/flac/LA_E_6670690.flac,15
/data/DATASETS/ASV_Spoof_2019_LA/ASVspoof2019_LA_eval/flac/LA_E_6670872.flac,15
/data/DATASETS/ASV_Spoof_2019_LA/ASVspoof2019_LA_eval/flac/LA_E_6670876.flac,15
/data/DATASETS/ASV_Spoof_2019_LA/ASVspoof2019_LA_eval/flac/LA_E_6671550.flac,15
/data/DATASETS/ASV_Spoof_2019_LA/ASVspoof2019_LA_eval/flac/LA_E_6671779.flac,15
/data/DATASETS/ASV_Spoof_2019_LA/ASVspoof2019_LA_eval/flac/LA_E_6671986.flac,15
/data/DATASETS/ASV_Spoof_2019_LA/ASVspoof2019_LA_eval/flac/LA_E_6677482.flac,15
/data/DATASETS/ASV_Spoof_2019_LA/ASVspoof2019_LA_eval/flac/LA_E_6677541.flac,15
/data/DATASETS/ASV_Spoof_2019_LA/ASVspoof2019_LA_eval/flac/LA_E_6677699.flac,15
/data/DATASETS/ASV_Spoof_2019_LA/ASVspoof2019_LA_eval/flac/LA_E_6685432.flac,15
/data/DATASETS/ASV_Spoof_2019_LA/ASVspoof2019_LA_eval/flac/LA_E_6685849.flac,15
/data/DATASETS/ASV_Spoof_2019_LA/ASVspoof2019_LA_eval/flac/LA_E_6687273.flac,15
/data/DATASETS/ASV_Spoof_2019_LA/ASVspoof2019_LA_eval/flac/LA_E_6689293.flac,15
/data/DATASETS/ASV_Spoof_2019_LA/ASVspoof2019_LA_eval/flac/LA_E_6690917.flac,15
/data/DATASETS/ASV_Spoof_2019_LA/ASVspoof2019_LA_eval/flac/LA_E_6692944.flac,15
/data/DATASETS/ASV_Spoof_2019_LA/ASVspoof2019_LA_eval/flac/LA_E_6693024.flac,15
/data/DATASETS/ASV_Spoof_2019_LA/ASVspoof2019_LA_eval/flac/LA_E_6693991.flac,15
/data/DATASETS/ASV_Spoof_2019_LA/ASVspoof2019_LA_eval/flac/LA_E_6694620.flac,15
/data/DATASETS/ASV_Spoof_2019_LA/ASVspoof2019_LA_eval/flac/LA_E_6695189.flac,15
/data/DATASETS/ASV_Spoof_2019_LA/ASVspoof2019_LA_eval/flac/LA_E_6702023.flac,15
/data/DATASETS/ASV_Spoof_2019_LA/ASVspoof2019_LA_eval/flac/LA_E_6702604.flac,15
/data/DATASETS/ASV_Spoof_2019_LA/ASVspoof2019_LA_eval/flac/LA_E_6703287.flac,15
/data/DATASETS/ASV_Spoof_2019_LA/ASVspoof2019_LA_eval/flac/LA_E_6703846.flac,15
/data/DATASETS/ASV_Spoof_2019_LA/ASVspoof2019_LA_eval/flac/LA_E_6705130.flac,15
/data/DATASETS/ASV_Spoof_2019_LA/ASVspoof2019_LA_eval/flac/LA_E_6706226.flac,15
/data/DATASETS/ASV_Spoof_2019_LA/ASVspoof2019_LA_eval/flac/LA_E_6706884.flac,15
/data/DATASETS/ASV_Spoof_2019_LA/ASVspoof2019_LA_eval/flac/LA_E_6707925.flac,15
/data/DATASETS/ASV_Spoof_2019_LA/ASVspoof2019_LA_eval/flac/LA_E_6708084.flac,15
/data/DATASETS/ASV_Spoof_2019_LA/ASVspoof2019_LA_eval/flac/LA_E_6709391.flac,15
/data/DATASETS/ASV_Spoof_2019_LA/ASVspoof2019_LA_eval/flac/LA_E_6714322.flac,15
/data/DATASETS/ASV_Spoof_2019_LA/ASVspoof2019_LA_eval/flac/LA_E_6714451.flac,15
/data/DATASETS/ASV_Spoof_2019_LA/ASVspoof2019_LA_eval/flac/LA_E_6720738.flac,15
/data/DATASETS/ASV_Spoof_2019_LA/ASVspoof2019_LA_eval/flac/LA_E_6721921.flac,15
/data/DATASETS/ASV_Spoof_2019_LA/ASVspoof2019_LA_eval/flac/LA_E_6722409.flac,15
/data/DATASETS/ASV_Spoof_2019_LA/ASVspoof2019_LA_eval/flac/LA_E_6723201.flac,15
/data/DATASETS/ASV_Spoof_2019_LA/ASVspoof2019_LA_eval/flac/LA_E_6725656.flac,15
/data/DATASETS/ASV_Spoof_2019_LA/ASVspoof2019_LA_eval/flac/LA_E_6729458.flac,15
/data/DATASETS/ASV_Spoof_2019_LA/ASVspoof2019_LA_eval/flac/LA_E_6736518.flac,15
/data/DATASETS/ASV_Spoof_2019_LA/ASVspoof2019_LA_eval/flac/LA_E_6737350.flac,15
/data/DATASETS/ASV_Spoof_2019_LA/ASVspoof2019_LA_eval/flac/LA_E_6737889.flac,15
/data/DATASETS/ASV_Spoof_2019_LA/ASVspoof2019_LA_eval/flac/LA_E_6739426.flac,15
/data/DATASETS/ASV_Spoof_2019_LA/ASVspoof2019_LA_eval/flac/LA_E_6740120.flac,15
/data/DATASETS/ASV_Spoof_2019_LA/ASVspoof2019_LA_eval/flac/LA_E_6740288.flac,15
/data/DATASETS/ASV_Spoof_2019_LA/ASVspoof2019_LA_eval/flac/LA_E_6741330.flac,15
/data/DATASETS/ASV_Spoof_2019_LA/ASVspoof2019_LA_eval/flac/LA_E_6744458.flac,15
/data/DATASETS/ASV_Spoof_2019_LA/ASVspoof2019_LA_eval/flac/LA_E_6748927.flac,15
/data/DATASETS/ASV_Spoof_2019_LA/ASVspoof2019_LA_eval/flac/LA_E_6750445.flac,15
/data/DATASETS/ASV_Spoof_2019_LA/ASVspoof2019_LA_eval/flac/LA_E_6755707.flac,15
/data/DATASETS/ASV_Spoof_2019_LA/ASVspoof2019_LA_eval/flac/LA_E_6755881.flac,15
/data/DATASETS/ASV_Spoof_2019_LA/ASVspoof2019_LA_eval/flac/LA_E_6757391.flac,15
/data/DATASETS/ASV_Spoof_2019_LA/ASVspoof2019_LA_eval/flac/LA_E_6758778.flac,15
/data/DATASETS/ASV_Spoof_2019_LA/ASVspoof2019_LA_eval/flac/LA_E_6759751.flac,15
/data/DATASETS/ASV_Spoof_2019_LA/ASVspoof2019_LA_eval/flac/LA_E_6761355.flac,15
/data/DATASETS/ASV_Spoof_2019_LA/ASVspoof2019_LA_eval/flac/LA_E_6761853.flac,15
/data/DATASETS/ASV_Spoof_2019_LA/ASVspoof2019_LA_eval/flac/LA_E_6762267.flac,15
/data/DATASETS/ASV_Spoof_2019_LA/ASVspoof2019_LA_eval/flac/LA_E_6764731.flac,15
/data/DATASETS/ASV_Spoof_2019_LA/ASVspoof2019_LA_eval/flac/LA_E_6764761.flac,15
/data/DATASETS/ASV_Spoof_2019_LA/ASVspoof2019_LA_eval/flac/LA_E_6765342.flac,15
/data/DATASETS/ASV_Spoof_2019_LA/ASVspoof2019_LA_eval/flac/LA_E_6766595.flac,15
/data/DATASETS/ASV_Spoof_2019_LA/ASVspoof2019_LA_eval/flac/LA_E_6770003.flac,15
/data/DATASETS/ASV_Spoof_2019_LA/ASVspoof2019_LA_eval/flac/LA_E_6771866.flac,15
/data/DATASETS/ASV_Spoof_2019_LA/ASVspoof2019_LA_eval/flac/LA_E_6774356.flac,15
/data/DATASETS/ASV_Spoof_2019_LA/ASVspoof2019_LA_eval/flac/LA_E_6775011.flac,15
/data/DATASETS/ASV_Spoof_2019_LA/ASVspoof2019_LA_eval/flac/LA_E_6778213.flac,15
/data/DATASETS/ASV_Spoof_2019_LA/ASVspoof2019_LA_eval/flac/LA_E_6779172.flac,15
/data/DATASETS/ASV_Spoof_2019_LA/ASVspoof2019_LA_eval/flac/LA_E_6780898.flac,15
/data/DATASETS/ASV_Spoof_2019_LA/ASVspoof2019_LA_eval/flac/LA_E_6781381.flac,15
/data/DATASETS/ASV_Spoof_2019_LA/ASVspoof2019_LA_eval/flac/LA_E_6781646.flac,15
/data/DATASETS/ASV_Spoof_2019_LA/ASVspoof2019_LA_eval/flac/LA_E_6781747.flac,15
/data/DATASETS/ASV_Spoof_2019_LA/ASVspoof2019_LA_eval/flac/LA_E_6789356.flac,15
/data/DATASETS/ASV_Spoof_2019_LA/ASVspoof2019_LA_eval/flac/LA_E_6792053.flac,15
/data/DATASETS/ASV_Spoof_2019_LA/ASVspoof2019_LA_eval/flac/LA_E_6792156.flac,15
/data/DATASETS/ASV_Spoof_2019_LA/ASVspoof2019_LA_eval/flac/LA_E_6794111.flac,15
/data/DATASETS/ASV_Spoof_2019_LA/ASVspoof2019_LA_eval/flac/LA_E_6795162.flac,15
/data/DATASETS/ASV_Spoof_2019_LA/ASVspoof2019_LA_eval/flac/LA_E_6795330.flac,15
/data/DATASETS/ASV_Spoof_2019_LA/ASVspoof2019_LA_eval/flac/LA_E_6799021.flac,15
/data/DATASETS/ASV_Spoof_2019_LA/ASVspoof2019_LA_eval/flac/LA_E_6800647.flac,15
/data/DATASETS/ASV_Spoof_2019_LA/ASVspoof2019_LA_eval/flac/LA_E_6802002.flac,15
/data/DATASETS/ASV_Spoof_2019_LA/ASVspoof2019_LA_eval/flac/LA_E_6802503.flac,15
/data/DATASETS/ASV_Spoof_2019_LA/ASVspoof2019_LA_eval/flac/LA_E_6803096.flac,15
/data/DATASETS/ASV_Spoof_2019_LA/ASVspoof2019_LA_eval/flac/LA_E_6805474.flac,15
/data/DATASETS/ASV_Spoof_2019_LA/ASVspoof2019_LA_eval/flac/LA_E_6806606.flac,15
/data/DATASETS/ASV_Spoof_2019_LA/ASVspoof2019_LA_eval/flac/LA_E_6806870.flac,15
/data/DATASETS/ASV_Spoof_2019_LA/ASVspoof2019_LA_eval/flac/LA_E_6812807.flac,15
/data/DATASETS/ASV_Spoof_2019_LA/ASVspoof2019_LA_eval/flac/LA_E_6815552.flac,15
/data/DATASETS/ASV_Spoof_2019_LA/ASVspoof2019_LA_eval/flac/LA_E_6816952.flac,15
/data/DATASETS/ASV_Spoof_2019_LA/ASVspoof2019_LA_eval/flac/LA_E_6819050.flac,15
/data/DATASETS/ASV_Spoof_2019_LA/ASVspoof2019_LA_eval/flac/LA_E_6820919.flac,15
/data/DATASETS/ASV_Spoof_2019_LA/ASVspoof2019_LA_eval/flac/LA_E_6826423.flac,15
/data/DATASETS/ASV_Spoof_2019_LA/ASVspoof2019_LA_eval/flac/LA_E_6826831.flac,15
/data/DATASETS/ASV_Spoof_2019_LA/ASVspoof2019_LA_eval/flac/LA_E_6827562.flac,15
/data/DATASETS/ASV_Spoof_2019_LA/ASVspoof2019_LA_eval/flac/LA_E_6828475.flac,15
/data/DATASETS/ASV_Spoof_2019_LA/ASVspoof2019_LA_eval/flac/LA_E_6831439.flac,15
/data/DATASETS/ASV_Spoof_2019_LA/ASVspoof2019_LA_eval/flac/LA_E_6832541.flac,15
/data/DATASETS/ASV_Spoof_2019_LA/ASVspoof2019_LA_eval/flac/LA_E_6834032.flac,15
/data/DATASETS/ASV_Spoof_2019_LA/ASVspoof2019_LA_eval/flac/LA_E_6834491.flac,15
/data/DATASETS/ASV_Spoof_2019_LA/ASVspoof2019_LA_eval/flac/LA_E_6835001.flac,15
/data/DATASETS/ASV_Spoof_2019_LA/ASVspoof2019_LA_eval/flac/LA_E_6835794.flac,15
/data/DATASETS/ASV_Spoof_2019_LA/ASVspoof2019_LA_eval/flac/LA_E_6836660.flac,15
/data/DATASETS/ASV_Spoof_2019_LA/ASVspoof2019_LA_eval/flac/LA_E_6838726.flac,15
/data/DATASETS/ASV_Spoof_2019_LA/ASVspoof2019_LA_eval/flac/LA_E_6839543.flac,15
/data/DATASETS/ASV_Spoof_2019_LA/ASVspoof2019_LA_eval/flac/LA_E_6841473.flac,15
/data/DATASETS/ASV_Spoof_2019_LA/ASVspoof2019_LA_eval/flac/LA_E_6843983.flac,15
/data/DATASETS/ASV_Spoof_2019_LA/ASVspoof2019_LA_eval/flac/LA_E_6846192.flac,15
/data/DATASETS/ASV_Spoof_2019_LA/ASVspoof2019_LA_eval/flac/LA_E_6847277.flac,15
/data/DATASETS/ASV_Spoof_2019_LA/ASVspoof2019_LA_eval/flac/LA_E_6851179.flac,15
/data/DATASETS/ASV_Spoof_2019_LA/ASVspoof2019_LA_eval/flac/LA_E_6852256.flac,15
/data/DATASETS/ASV_Spoof_2019_LA/ASVspoof2019_LA_eval/flac/LA_E_6858812.flac,15
/data/DATASETS/ASV_Spoof_2019_LA/ASVspoof2019_LA_eval/flac/LA_E_6860490.flac,15
/data/DATASETS/ASV_Spoof_2019_LA/ASVspoof2019_LA_eval/flac/LA_E_6861958.flac,15
/data/DATASETS/ASV_Spoof_2019_LA/ASVspoof2019_LA_eval/flac/LA_E_6866343.flac,15
/data/DATASETS/ASV_Spoof_2019_LA/ASVspoof2019_LA_eval/flac/LA_E_6868291.flac,15
/data/DATASETS/ASV_Spoof_2019_LA/ASVspoof2019_LA_eval/flac/LA_E_6868745.flac,15
/data/DATASETS/ASV_Spoof_2019_LA/ASVspoof2019_LA_eval/flac/LA_E_6873785.flac,15
/data/DATASETS/ASV_Spoof_2019_LA/ASVspoof2019_LA_eval/flac/LA_E_6874206.flac,15
/data/DATASETS/ASV_Spoof_2019_LA/ASVspoof2019_LA_eval/flac/LA_E_6875116.flac,15
/data/DATASETS/ASV_Spoof_2019_LA/ASVspoof2019_LA_eval/flac/LA_E_6875665.flac,15
/data/DATASETS/ASV_Spoof_2019_LA/ASVspoof2019_LA_eval/flac/LA_E_6877570.flac,15
/data/DATASETS/ASV_Spoof_2019_LA/ASVspoof2019_LA_eval/flac/LA_E_6879379.flac,15
/data/DATASETS/ASV_Spoof_2019_LA/ASVspoof2019_LA_eval/flac/LA_E_6881983.flac,15
/data/DATASETS/ASV_Spoof_2019_LA/ASVspoof2019_LA_eval/flac/LA_E_6882968.flac,15
/data/DATASETS/ASV_Spoof_2019_LA/ASVspoof2019_LA_eval/flac/LA_E_6884017.flac,15
/data/DATASETS/ASV_Spoof_2019_LA/ASVspoof2019_LA_eval/flac/LA_E_6886294.flac,15
/data/DATASETS/ASV_Spoof_2019_LA/ASVspoof2019_LA_eval/flac/LA_E_6887031.flac,15
/data/DATASETS/ASV_Spoof_2019_LA/ASVspoof2019_LA_eval/flac/LA_E_6888125.flac,15
/data/DATASETS/ASV_Spoof_2019_LA/ASVspoof2019_LA_eval/flac/LA_E_6889420.flac,15
/data/DATASETS/ASV_Spoof_2019_LA/ASVspoof2019_LA_eval/flac/LA_E_6897159.flac,15
/data/DATASETS/ASV_Spoof_2019_LA/ASVspoof2019_LA_eval/flac/LA_E_6897237.flac,15
/data/DATASETS/ASV_Spoof_2019_LA/ASVspoof2019_LA_eval/flac/LA_E_6898721.flac,15
/data/DATASETS/ASV_Spoof_2019_LA/ASVspoof2019_LA_eval/flac/LA_E_6901485.flac,15
/data/DATASETS/ASV_Spoof_2019_LA/ASVspoof2019_LA_eval/flac/LA_E_6902978.flac,15
/data/DATASETS/ASV_Spoof_2019_LA/ASVspoof2019_LA_eval/flac/LA_E_6903888.flac,15
/data/DATASETS/ASV_Spoof_2019_LA/ASVspoof2019_LA_eval/flac/LA_E_6906868.flac,15
/data/DATASETS/ASV_Spoof_2019_LA/ASVspoof2019_LA_eval/flac/LA_E_6909335.flac,15
/data/DATASETS/ASV_Spoof_2019_LA/ASVspoof2019_LA_eval/flac/LA_E_6911111.flac,15
/data/DATASETS/ASV_Spoof_2019_LA/ASVspoof2019_LA_eval/flac/LA_E_6912185.flac,15
/data/DATASETS/ASV_Spoof_2019_LA/ASVspoof2019_LA_eval/flac/LA_E_6917856.flac,15
/data/DATASETS/ASV_Spoof_2019_LA/ASVspoof2019_LA_eval/flac/LA_E_6921499.flac,15
/data/DATASETS/ASV_Spoof_2019_LA/ASVspoof2019_LA_eval/flac/LA_E_6925140.flac,15
/data/DATASETS/ASV_Spoof_2019_LA/ASVspoof2019_LA_eval/flac/LA_E_6927427.flac,15
/data/DATASETS/ASV_Spoof_2019_LA/ASVspoof2019_LA_eval/flac/LA_E_6927699.flac,15
/data/DATASETS/ASV_Spoof_2019_LA/ASVspoof2019_LA_eval/flac/LA_E_6932745.flac,15
/data/DATASETS/ASV_Spoof_2019_LA/ASVspoof2019_LA_eval/flac/LA_E_6936161.flac,15
/data/DATASETS/ASV_Spoof_2019_LA/ASVspoof2019_LA_eval/flac/LA_E_6936825.flac,15
/data/DATASETS/ASV_Spoof_2019_LA/ASVspoof2019_LA_eval/flac/LA_E_6937210.flac,15
/data/DATASETS/ASV_Spoof_2019_LA/ASVspoof2019_LA_eval/flac/LA_E_6937274.flac,15
/data/DATASETS/ASV_Spoof_2019_LA/ASVspoof2019_LA_eval/flac/LA_E_6939357.flac,15
/data/DATASETS/ASV_Spoof_2019_LA/ASVspoof2019_LA_eval/flac/LA_E_6942223.flac,15
/data/DATASETS/ASV_Spoof_2019_LA/ASVspoof2019_LA_eval/flac/LA_E_6942515.flac,15
/data/DATASETS/ASV_Spoof_2019_LA/ASVspoof2019_LA_eval/flac/LA_E_6946543.flac,15
/data/DATASETS/ASV_Spoof_2019_LA/ASVspoof2019_LA_eval/flac/LA_E_6947143.flac,15
/data/DATASETS/ASV_Spoof_2019_LA/ASVspoof2019_LA_eval/flac/LA_E_6951590.flac,15
/data/DATASETS/ASV_Spoof_2019_LA/ASVspoof2019_LA_eval/flac/LA_E_6954557.flac,15
/data/DATASETS/ASV_Spoof_2019_LA/ASVspoof2019_LA_eval/flac/LA_E_6955437.flac,15
/data/DATASETS/ASV_Spoof_2019_LA/ASVspoof2019_LA_eval/flac/LA_E_6955727.flac,15
/data/DATASETS/ASV_Spoof_2019_LA/ASVspoof2019_LA_eval/flac/LA_E_6957192.flac,15
/data/DATASETS/ASV_Spoof_2019_LA/ASVspoof2019_LA_eval/flac/LA_E_6957925.flac,15
/data/DATASETS/ASV_Spoof_2019_LA/ASVspoof2019_LA_eval/flac/LA_E_6958508.flac,15
/data/DATASETS/ASV_Spoof_2019_LA/ASVspoof2019_LA_eval/flac/LA_E_6961561.flac,15
/data/DATASETS/ASV_Spoof_2019_LA/ASVspoof2019_LA_eval/flac/LA_E_6968968.flac,15
/data/DATASETS/ASV_Spoof_2019_LA/ASVspoof2019_LA_eval/flac/LA_E_6971025.flac,15
/data/DATASETS/ASV_Spoof_2019_LA/ASVspoof2019_LA_eval/flac/LA_E_6974141.flac,15
/data/DATASETS/ASV_Spoof_2019_LA/ASVspoof2019_LA_eval/flac/LA_E_6975258.flac,15
/data/DATASETS/ASV_Spoof_2019_LA/ASVspoof2019_LA_eval/flac/LA_E_6978482.flac,15
/data/DATASETS/ASV_Spoof_2019_LA/ASVspoof2019_LA_eval/flac/LA_E_6978819.flac,15
/data/DATASETS/ASV_Spoof_2019_LA/ASVspoof2019_LA_eval/flac/LA_E_6980455.flac,15
/data/DATASETS/ASV_Spoof_2019_LA/ASVspoof2019_LA_eval/flac/LA_E_6982685.flac,15
/data/DATASETS/ASV_Spoof_2019_LA/ASVspoof2019_LA_eval/flac/LA_E_6983836.flac,15
/data/DATASETS/ASV_Spoof_2019_LA/ASVspoof2019_LA_eval/flac/LA_E_6986164.flac,15
/data/DATASETS/ASV_Spoof_2019_LA/ASVspoof2019_LA_eval/flac/LA_E_6987210.flac,15
/data/DATASETS/ASV_Spoof_2019_LA/ASVspoof2019_LA_eval/flac/LA_E_6988201.flac,15
/data/DATASETS/ASV_Spoof_2019_LA/ASVspoof2019_LA_eval/flac/LA_E_6990993.flac,15
/data/DATASETS/ASV_Spoof_2019_LA/ASVspoof2019_LA_eval/flac/LA_E_6995056.flac,15
/data/DATASETS/ASV_Spoof_2019_LA/ASVspoof2019_LA_eval/flac/LA_E_6995585.flac,15
/data/DATASETS/ASV_Spoof_2019_LA/ASVspoof2019_LA_eval/flac/LA_E_6996143.flac,15
/data/DATASETS/ASV_Spoof_2019_LA/ASVspoof2019_LA_eval/flac/LA_E_6998282.flac,15
/data/DATASETS/ASV_Spoof_2019_LA/ASVspoof2019_LA_eval/flac/LA_E_7007710.flac,15
/data/DATASETS/ASV_Spoof_2019_LA/ASVspoof2019_LA_eval/flac/LA_E_7008048.flac,15
/data/DATASETS/ASV_Spoof_2019_LA/ASVspoof2019_LA_eval/flac/LA_E_7008274.flac,15
/data/DATASETS/ASV_Spoof_2019_LA/ASVspoof2019_LA_eval/flac/LA_E_7008766.flac,15
/data/DATASETS/ASV_Spoof_2019_LA/ASVspoof2019_LA_eval/flac/LA_E_7012538.flac,15
/data/DATASETS/ASV_Spoof_2019_LA/ASVspoof2019_LA_eval/flac/LA_E_7013950.flac,15
/data/DATASETS/ASV_Spoof_2019_LA/ASVspoof2019_LA_eval/flac/LA_E_7022360.flac,15
/data/DATASETS/ASV_Spoof_2019_LA/ASVspoof2019_LA_eval/flac/LA_E_7023347.flac,15
/data/DATASETS/ASV_Spoof_2019_LA/ASVspoof2019_LA_eval/flac/LA_E_7025190.flac,15
/data/DATASETS/ASV_Spoof_2019_LA/ASVspoof2019_LA_eval/flac/LA_E_7025846.flac,15
/data/DATASETS/ASV_Spoof_2019_LA/ASVspoof2019_LA_eval/flac/LA_E_7029096.flac,15
/data/DATASETS/ASV_Spoof_2019_LA/ASVspoof2019_LA_eval/flac/LA_E_7032392.flac,15
/data/DATASETS/ASV_Spoof_2019_LA/ASVspoof2019_LA_eval/flac/LA_E_7032416.flac,15
/data/DATASETS/ASV_Spoof_2019_LA/ASVspoof2019_LA_eval/flac/LA_E_7032728.flac,15
/data/DATASETS/ASV_Spoof_2019_LA/ASVspoof2019_LA_eval/flac/LA_E_7038432.flac,15
/data/DATASETS/ASV_Spoof_2019_LA/ASVspoof2019_LA_eval/flac/LA_E_7041811.flac,15
/data/DATASETS/ASV_Spoof_2019_LA/ASVspoof2019_LA_eval/flac/LA_E_7043417.flac,15
/data/DATASETS/ASV_Spoof_2019_LA/ASVspoof2019_LA_eval/flac/LA_E_7043986.flac,15
/data/DATASETS/ASV_Spoof_2019_LA/ASVspoof2019_LA_eval/flac/LA_E_7046953.flac,15
/data/DATASETS/ASV_Spoof_2019_LA/ASVspoof2019_LA_eval/flac/LA_E_7048954.flac,15
/data/DATASETS/ASV_Spoof_2019_LA/ASVspoof2019_LA_eval/flac/LA_E_7049586.flac,15
/data/DATASETS/ASV_Spoof_2019_LA/ASVspoof2019_LA_eval/flac/LA_E_7052853.flac,15
/data/DATASETS/ASV_Spoof_2019_LA/ASVspoof2019_LA_eval/flac/LA_E_7054074.flac,15
/data/DATASETS/ASV_Spoof_2019_LA/ASVspoof2019_LA_eval/flac/LA_E_7055670.flac,15
/data/DATASETS/ASV_Spoof_2019_LA/ASVspoof2019_LA_eval/flac/LA_E_7058997.flac,15
/data/DATASETS/ASV_Spoof_2019_LA/ASVspoof2019_LA_eval/flac/LA_E_7059182.flac,15
/data/DATASETS/ASV_Spoof_2019_LA/ASVspoof2019_LA_eval/flac/LA_E_7059658.flac,15
/data/DATASETS/ASV_Spoof_2019_LA/ASVspoof2019_LA_eval/flac/LA_E_7063405.flac,15
/data/DATASETS/ASV_Spoof_2019_LA/ASVspoof2019_LA_eval/flac/LA_E_7063488.flac,15
/data/DATASETS/ASV_Spoof_2019_LA/ASVspoof2019_LA_eval/flac/LA_E_7063788.flac,15
/data/DATASETS/ASV_Spoof_2019_LA/ASVspoof2019_LA_eval/flac/LA_E_7071666.flac,15
/data/DATASETS/ASV_Spoof_2019_LA/ASVspoof2019_LA_eval/flac/LA_E_7073225.flac,15
/data/DATASETS/ASV_Spoof_2019_LA/ASVspoof2019_LA_eval/flac/LA_E_7074052.flac,15
/data/DATASETS/ASV_Spoof_2019_LA/ASVspoof2019_LA_eval/flac/LA_E_7074804.flac,15
/data/DATASETS/ASV_Spoof_2019_LA/ASVspoof2019_LA_eval/flac/LA_E_7078845.flac,15
/data/DATASETS/ASV_Spoof_2019_LA/ASVspoof2019_LA_eval/flac/LA_E_7083858.flac,15
/data/DATASETS/ASV_Spoof_2019_LA/ASVspoof2019_LA_eval/flac/LA_E_7086115.flac,15
/data/DATASETS/ASV_Spoof_2019_LA/ASVspoof2019_LA_eval/flac/LA_E_7090523.flac,15
/data/DATASETS/ASV_Spoof_2019_LA/ASVspoof2019_LA_eval/flac/LA_E_7091634.flac,15
/data/DATASETS/ASV_Spoof_2019_LA/ASVspoof2019_LA_eval/flac/LA_E_7091836.flac,15
/data/DATASETS/ASV_Spoof_2019_LA/ASVspoof2019_LA_eval/flac/LA_E_7092121.flac,15
/data/DATASETS/ASV_Spoof_2019_LA/ASVspoof2019_LA_eval/flac/LA_E_7093790.flac,15
/data/DATASETS/ASV_Spoof_2019_LA/ASVspoof2019_LA_eval/flac/LA_E_7097928.flac,15
/data/DATASETS/ASV_Spoof_2019_LA/ASVspoof2019_LA_eval/flac/LA_E_7100326.flac,15
/data/DATASETS/ASV_Spoof_2019_LA/ASVspoof2019_LA_eval/flac/LA_E_7100405.flac,15
/data/DATASETS/ASV_Spoof_2019_LA/ASVspoof2019_LA_eval/flac/LA_E_7104195.flac,15
/data/DATASETS/ASV_Spoof_2019_LA/ASVspoof2019_LA_eval/flac/LA_E_7109274.flac,15
/data/DATASETS/ASV_Spoof_2019_LA/ASVspoof2019_LA_eval/flac/LA_E_7111675.flac,15
/data/DATASETS/ASV_Spoof_2019_LA/ASVspoof2019_LA_eval/flac/LA_E_7114019.flac,15
/data/DATASETS/ASV_Spoof_2019_LA/ASVspoof2019_LA_eval/flac/LA_E_7114312.flac,15
/data/DATASETS/ASV_Spoof_2019_LA/ASVspoof2019_LA_eval/flac/LA_E_7118330.flac,15
/data/DATASETS/ASV_Spoof_2019_LA/ASVspoof2019_LA_eval/flac/LA_E_7118955.flac,15
/data/DATASETS/ASV_Spoof_2019_LA/ASVspoof2019_LA_eval/flac/LA_E_7119347.flac,15
/data/DATASETS/ASV_Spoof_2019_LA/ASVspoof2019_LA_eval/flac/LA_E_7124916.flac,15
/data/DATASETS/ASV_Spoof_2019_LA/ASVspoof2019_LA_eval/flac/LA_E_7128517.flac,15
/data/DATASETS/ASV_Spoof_2019_LA/ASVspoof2019_LA_eval/flac/LA_E_7129712.flac,15
/data/DATASETS/ASV_Spoof_2019_LA/ASVspoof2019_LA_eval/flac/LA_E_7131768.flac,15
/data/DATASETS/ASV_Spoof_2019_LA/ASVspoof2019_LA_eval/flac/LA_E_7132313.flac,15
/data/DATASETS/ASV_Spoof_2019_LA/ASVspoof2019_LA_eval/flac/LA_E_7136483.flac,15
/data/DATASETS/ASV_Spoof_2019_LA/ASVspoof2019_LA_eval/flac/LA_E_7143368.flac,15
/data/DATASETS/ASV_Spoof_2019_LA/ASVspoof2019_LA_eval/flac/LA_E_7144162.flac,15
/data/DATASETS/ASV_Spoof_2019_LA/ASVspoof2019_LA_eval/flac/LA_E_7144203.flac,15
/data/DATASETS/ASV_Spoof_2019_LA/ASVspoof2019_LA_eval/flac/LA_E_7145443.flac,15
/data/DATASETS/ASV_Spoof_2019_LA/ASVspoof2019_LA_eval/flac/LA_E_7145603.flac,15
/data/DATASETS/ASV_Spoof_2019_LA/ASVspoof2019_LA_eval/flac/LA_E_7146401.flac,15
/data/DATASETS/ASV_Spoof_2019_LA/ASVspoof2019_LA_eval/flac/LA_E_7147401.flac,15
/data/DATASETS/ASV_Spoof_2019_LA/ASVspoof2019_LA_eval/flac/LA_E_7148363.flac,15
/data/DATASETS/ASV_Spoof_2019_LA/ASVspoof2019_LA_eval/flac/LA_E_7148717.flac,15
/data/DATASETS/ASV_Spoof_2019_LA/ASVspoof2019_LA_eval/flac/LA_E_7150017.flac,15
/data/DATASETS/ASV_Spoof_2019_LA/ASVspoof2019_LA_eval/flac/LA_E_7151686.flac,15
/data/DATASETS/ASV_Spoof_2019_LA/ASVspoof2019_LA_eval/flac/LA_E_7152210.flac,15
/data/DATASETS/ASV_Spoof_2019_LA/ASVspoof2019_LA_eval/flac/LA_E_7152383.flac,15
/data/DATASETS/ASV_Spoof_2019_LA/ASVspoof2019_LA_eval/flac/LA_E_7152630.flac,15
/data/DATASETS/ASV_Spoof_2019_LA/ASVspoof2019_LA_eval/flac/LA_E_7155515.flac,15
/data/DATASETS/ASV_Spoof_2019_LA/ASVspoof2019_LA_eval/flac/LA_E_7158573.flac,15
/data/DATASETS/ASV_Spoof_2019_LA/ASVspoof2019_LA_eval/flac/LA_E_7158693.flac,15
/data/DATASETS/ASV_Spoof_2019_LA/ASVspoof2019_LA_eval/flac/LA_E_7160319.flac,15
/data/DATASETS/ASV_Spoof_2019_LA/ASVspoof2019_LA_eval/flac/LA_E_7161352.flac,15
/data/DATASETS/ASV_Spoof_2019_LA/ASVspoof2019_LA_eval/flac/LA_E_7163875.flac,15
/data/DATASETS/ASV_Spoof_2019_LA/ASVspoof2019_LA_eval/flac/LA_E_7166575.flac,15
/data/DATASETS/ASV_Spoof_2019_LA/ASVspoof2019_LA_eval/flac/LA_E_7168172.flac,15
/data/DATASETS/ASV_Spoof_2019_LA/ASVspoof2019_LA_eval/flac/LA_E_7168356.flac,15
/data/DATASETS/ASV_Spoof_2019_LA/ASVspoof2019_LA_eval/flac/LA_E_7172617.flac,15
/data/DATASETS/ASV_Spoof_2019_LA/ASVspoof2019_LA_eval/flac/LA_E_7174142.flac,15
/data/DATASETS/ASV_Spoof_2019_LA/ASVspoof2019_LA_eval/flac/LA_E_7175266.flac,15
/data/DATASETS/ASV_Spoof_2019_LA/ASVspoof2019_LA_eval/flac/LA_E_7177721.flac,15
/data/DATASETS/ASV_Spoof_2019_LA/ASVspoof2019_LA_eval/flac/LA_E_7181713.flac,15
/data/DATASETS/ASV_Spoof_2019_LA/ASVspoof2019_LA_eval/flac/LA_E_7181791.flac,15
/data/DATASETS/ASV_Spoof_2019_LA/ASVspoof2019_LA_eval/flac/LA_E_7183481.flac,15
/data/DATASETS/ASV_Spoof_2019_LA/ASVspoof2019_LA_eval/flac/LA_E_7185712.flac,15
/data/DATASETS/ASV_Spoof_2019_LA/ASVspoof2019_LA_eval/flac/LA_E_7187436.flac,15
/data/DATASETS/ASV_Spoof_2019_LA/ASVspoof2019_LA_eval/flac/LA_E_7189169.flac,15
/data/DATASETS/ASV_Spoof_2019_LA/ASVspoof2019_LA_eval/flac/LA_E_7190234.flac,15
/data/DATASETS/ASV_Spoof_2019_LA/ASVspoof2019_LA_eval/flac/LA_E_7193573.flac,15
/data/DATASETS/ASV_Spoof_2019_LA/ASVspoof2019_LA_eval/flac/LA_E_7196220.flac,15
/data/DATASETS/ASV_Spoof_2019_LA/ASVspoof2019_LA_eval/flac/LA_E_7197365.flac,15
/data/DATASETS/ASV_Spoof_2019_LA/ASVspoof2019_LA_eval/flac/LA_E_7201202.flac,15
/data/DATASETS/ASV_Spoof_2019_LA/ASVspoof2019_LA_eval/flac/LA_E_7201658.flac,15
/data/DATASETS/ASV_Spoof_2019_LA/ASVspoof2019_LA_eval/flac/LA_E_7206300.flac,15
/data/DATASETS/ASV_Spoof_2019_LA/ASVspoof2019_LA_eval/flac/LA_E_7206635.flac,15
/data/DATASETS/ASV_Spoof_2019_LA/ASVspoof2019_LA_eval/flac/LA_E_7207234.flac,15
/data/DATASETS/ASV_Spoof_2019_LA/ASVspoof2019_LA_eval/flac/LA_E_7210570.flac,15
/data/DATASETS/ASV_Spoof_2019_LA/ASVspoof2019_LA_eval/flac/LA_E_7212333.flac,15
/data/DATASETS/ASV_Spoof_2019_LA/ASVspoof2019_LA_eval/flac/LA_E_7214078.flac,15
/data/DATASETS/ASV_Spoof_2019_LA/ASVspoof2019_LA_eval/flac/LA_E_7214198.flac,15
/data/DATASETS/ASV_Spoof_2019_LA/ASVspoof2019_LA_eval/flac/LA_E_7217554.flac,15
/data/DATASETS/ASV_Spoof_2019_LA/ASVspoof2019_LA_eval/flac/LA_E_7217744.flac,15
/data/DATASETS/ASV_Spoof_2019_LA/ASVspoof2019_LA_eval/flac/LA_E_7218776.flac,15
/data/DATASETS/ASV_Spoof_2019_LA/ASVspoof2019_LA_eval/flac/LA_E_7220396.flac,15
/data/DATASETS/ASV_Spoof_2019_LA/ASVspoof2019_LA_eval/flac/LA_E_7220726.flac,15
/data/DATASETS/ASV_Spoof_2019_LA/ASVspoof2019_LA_eval/flac/LA_E_7222362.flac,15
/data/DATASETS/ASV_Spoof_2019_LA/ASVspoof2019_LA_eval/flac/LA_E_7224713.flac,15
/data/DATASETS/ASV_Spoof_2019_LA/ASVspoof2019_LA_eval/flac/LA_E_7224865.flac,15
/data/DATASETS/ASV_Spoof_2019_LA/ASVspoof2019_LA_eval/flac/LA_E_7227737.flac,15
/data/DATASETS/ASV_Spoof_2019_LA/ASVspoof2019_LA_eval/flac/LA_E_7227870.flac,15
/data/DATASETS/ASV_Spoof_2019_LA/ASVspoof2019_LA_eval/flac/LA_E_7229029.flac,15
/data/DATASETS/ASV_Spoof_2019_LA/ASVspoof2019_LA_eval/flac/LA_E_7229134.flac,15
/data/DATASETS/ASV_Spoof_2019_LA/ASVspoof2019_LA_eval/flac/LA_E_7231916.flac,15
/data/DATASETS/ASV_Spoof_2019_LA/ASVspoof2019_LA_eval/flac/LA_E_7232361.flac,15
/data/DATASETS/ASV_Spoof_2019_LA/ASVspoof2019_LA_eval/flac/LA_E_7233783.flac,15
/data/DATASETS/ASV_Spoof_2019_LA/ASVspoof2019_LA_eval/flac/LA_E_7235732.flac,15
/data/DATASETS/ASV_Spoof_2019_LA/ASVspoof2019_LA_eval/flac/LA_E_7238731.flac,15
/data/DATASETS/ASV_Spoof_2019_LA/ASVspoof2019_LA_eval/flac/LA_E_7238766.flac,15
/data/DATASETS/ASV_Spoof_2019_LA/ASVspoof2019_LA_eval/flac/LA_E_7239663.flac,15
/data/DATASETS/ASV_Spoof_2019_LA/ASVspoof2019_LA_eval/flac/LA_E_7241643.flac,15
/data/DATASETS/ASV_Spoof_2019_LA/ASVspoof2019_LA_eval/flac/LA_E_7242421.flac,15
/data/DATASETS/ASV_Spoof_2019_LA/ASVspoof2019_LA_eval/flac/LA_E_7244872.flac,15
/data/DATASETS/ASV_Spoof_2019_LA/ASVspoof2019_LA_eval/flac/LA_E_7245411.flac,15
/data/DATASETS/ASV_Spoof_2019_LA/ASVspoof2019_LA_eval/flac/LA_E_7245627.flac,15
/data/DATASETS/ASV_Spoof_2019_LA/ASVspoof2019_LA_eval/flac/LA_E_7246361.flac,15
/data/DATASETS/ASV_Spoof_2019_LA/ASVspoof2019_LA_eval/flac/LA_E_7250524.flac,15
/data/DATASETS/ASV_Spoof_2019_LA/ASVspoof2019_LA_eval/flac/LA_E_7251444.flac,15
/data/DATASETS/ASV_Spoof_2019_LA/ASVspoof2019_LA_eval/flac/LA_E_7253392.flac,15
/data/DATASETS/ASV_Spoof_2019_LA/ASVspoof2019_LA_eval/flac/LA_E_7253412.flac,15
/data/DATASETS/ASV_Spoof_2019_LA/ASVspoof2019_LA_eval/flac/LA_E_7253462.flac,15
/data/DATASETS/ASV_Spoof_2019_LA/ASVspoof2019_LA_eval/flac/LA_E_7254618.flac,15
/data/DATASETS/ASV_Spoof_2019_LA/ASVspoof2019_LA_eval/flac/LA_E_7256428.flac,15
/data/DATASETS/ASV_Spoof_2019_LA/ASVspoof2019_LA_eval/flac/LA_E_7256664.flac,15
/data/DATASETS/ASV_Spoof_2019_LA/ASVspoof2019_LA_eval/flac/LA_E_7262267.flac,15
/data/DATASETS/ASV_Spoof_2019_LA/ASVspoof2019_LA_eval/flac/LA_E_7264759.flac,15
/data/DATASETS/ASV_Spoof_2019_LA/ASVspoof2019_LA_eval/flac/LA_E_7267367.flac,15
/data/DATASETS/ASV_Spoof_2019_LA/ASVspoof2019_LA_eval/flac/LA_E_7272635.flac,15
/data/DATASETS/ASV_Spoof_2019_LA/ASVspoof2019_LA_eval/flac/LA_E_7273178.flac,15
/data/DATASETS/ASV_Spoof_2019_LA/ASVspoof2019_LA_eval/flac/LA_E_7275007.flac,15
/data/DATASETS/ASV_Spoof_2019_LA/ASVspoof2019_LA_eval/flac/LA_E_7275849.flac,15
/data/DATASETS/ASV_Spoof_2019_LA/ASVspoof2019_LA_eval/flac/LA_E_7276212.flac,15
/data/DATASETS/ASV_Spoof_2019_LA/ASVspoof2019_LA_eval/flac/LA_E_7277692.flac,15
/data/DATASETS/ASV_Spoof_2019_LA/ASVspoof2019_LA_eval/flac/LA_E_7277898.flac,15
/data/DATASETS/ASV_Spoof_2019_LA/ASVspoof2019_LA_eval/flac/LA_E_7281466.flac,15
/data/DATASETS/ASV_Spoof_2019_LA/ASVspoof2019_LA_eval/flac/LA_E_7282414.flac,15
/data/DATASETS/ASV_Spoof_2019_LA/ASVspoof2019_LA_eval/flac/LA_E_7282639.flac,15
/data/DATASETS/ASV_Spoof_2019_LA/ASVspoof2019_LA_eval/flac/LA_E_7283055.flac,15
/data/DATASETS/ASV_Spoof_2019_LA/ASVspoof2019_LA_eval/flac/LA_E_7283330.flac,15
/data/DATASETS/ASV_Spoof_2019_LA/ASVspoof2019_LA_eval/flac/LA_E_7284160.flac,15
/data/DATASETS/ASV_Spoof_2019_LA/ASVspoof2019_LA_eval/flac/LA_E_7286258.flac,15
/data/DATASETS/ASV_Spoof_2019_LA/ASVspoof2019_LA_eval/flac/LA_E_7286650.flac,15
/data/DATASETS/ASV_Spoof_2019_LA/ASVspoof2019_LA_eval/flac/LA_E_7287312.flac,15
/data/DATASETS/ASV_Spoof_2019_LA/ASVspoof2019_LA_eval/flac/LA_E_7287530.flac,15
/data/DATASETS/ASV_Spoof_2019_LA/ASVspoof2019_LA_eval/flac/LA_E_7290602.flac,15
/data/DATASETS/ASV_Spoof_2019_LA/ASVspoof2019_LA_eval/flac/LA_E_7290709.flac,15
/data/DATASETS/ASV_Spoof_2019_LA/ASVspoof2019_LA_eval/flac/LA_E_7293531.flac,15
/data/DATASETS/ASV_Spoof_2019_LA/ASVspoof2019_LA_eval/flac/LA_E_7293872.flac,15
/data/DATASETS/ASV_Spoof_2019_LA/ASVspoof2019_LA_eval/flac/LA_E_7298195.flac,15
/data/DATASETS/ASV_Spoof_2019_LA/ASVspoof2019_LA_eval/flac/LA_E_7298758.flac,15
/data/DATASETS/ASV_Spoof_2019_LA/ASVspoof2019_LA_eval/flac/LA_E_7301741.flac,15
/data/DATASETS/ASV_Spoof_2019_LA/ASVspoof2019_LA_eval/flac/LA_E_7304573.flac,15
/data/DATASETS/ASV_Spoof_2019_LA/ASVspoof2019_LA_eval/flac/LA_E_7305315.flac,15
/data/DATASETS/ASV_Spoof_2019_LA/ASVspoof2019_LA_eval/flac/LA_E_7305477.flac,15
/data/DATASETS/ASV_Spoof_2019_LA/ASVspoof2019_LA_eval/flac/LA_E_7306737.flac,15
/data/DATASETS/ASV_Spoof_2019_LA/ASVspoof2019_LA_eval/flac/LA_E_7310204.flac,15
/data/DATASETS/ASV_Spoof_2019_LA/ASVspoof2019_LA_eval/flac/LA_E_7312003.flac,15
/data/DATASETS/ASV_Spoof_2019_LA/ASVspoof2019_LA_eval/flac/LA_E_7312160.flac,15
/data/DATASETS/ASV_Spoof_2019_LA/ASVspoof2019_LA_eval/flac/LA_E_7320669.flac,15
/data/DATASETS/ASV_Spoof_2019_LA/ASVspoof2019_LA_eval/flac/LA_E_7320713.flac,15
/data/DATASETS/ASV_Spoof_2019_LA/ASVspoof2019_LA_eval/flac/LA_E_7323700.flac,15
/data/DATASETS/ASV_Spoof_2019_LA/ASVspoof2019_LA_eval/flac/LA_E_7324283.flac,15
/data/DATASETS/ASV_Spoof_2019_LA/ASVspoof2019_LA_eval/flac/LA_E_7333741.flac,15
/data/DATASETS/ASV_Spoof_2019_LA/ASVspoof2019_LA_eval/flac/LA_E_7334860.flac,15
/data/DATASETS/ASV_Spoof_2019_LA/ASVspoof2019_LA_eval/flac/LA_E_7335550.flac,15
/data/DATASETS/ASV_Spoof_2019_LA/ASVspoof2019_LA_eval/flac/LA_E_7340559.flac,15
/data/DATASETS/ASV_Spoof_2019_LA/ASVspoof2019_LA_eval/flac/LA_E_7340788.flac,15
/data/DATASETS/ASV_Spoof_2019_LA/ASVspoof2019_LA_eval/flac/LA_E_7341445.flac,15
/data/DATASETS/ASV_Spoof_2019_LA/ASVspoof2019_LA_eval/flac/LA_E_7342897.flac,15
/data/DATASETS/ASV_Spoof_2019_LA/ASVspoof2019_LA_eval/flac/LA_E_7347220.flac,15
/data/DATASETS/ASV_Spoof_2019_LA/ASVspoof2019_LA_eval/flac/LA_E_7347681.flac,15
/data/DATASETS/ASV_Spoof_2019_LA/ASVspoof2019_LA_eval/flac/LA_E_7347931.flac,15
/data/DATASETS/ASV_Spoof_2019_LA/ASVspoof2019_LA_eval/flac/LA_E_7348561.flac,15
/data/DATASETS/ASV_Spoof_2019_LA/ASVspoof2019_LA_eval/flac/LA_E_7348716.flac,15
/data/DATASETS/ASV_Spoof_2019_LA/ASVspoof2019_LA_eval/flac/LA_E_7356426.flac,15
/data/DATASETS/ASV_Spoof_2019_LA/ASVspoof2019_LA_eval/flac/LA_E_7356609.flac,15
/data/DATASETS/ASV_Spoof_2019_LA/ASVspoof2019_LA_eval/flac/LA_E_7356642.flac,15
/data/DATASETS/ASV_Spoof_2019_LA/ASVspoof2019_LA_eval/flac/LA_E_7359314.flac,15
/data/DATASETS/ASV_Spoof_2019_LA/ASVspoof2019_LA_eval/flac/LA_E_7359425.flac,15
/data/DATASETS/ASV_Spoof_2019_LA/ASVspoof2019_LA_eval/flac/LA_E_7364451.flac,15
/data/DATASETS/ASV_Spoof_2019_LA/ASVspoof2019_LA_eval/flac/LA_E_7365230.flac,15
/data/DATASETS/ASV_Spoof_2019_LA/ASVspoof2019_LA_eval/flac/LA_E_7372424.flac,15
/data/DATASETS/ASV_Spoof_2019_LA/ASVspoof2019_LA_eval/flac/LA_E_7373236.flac,15
/data/DATASETS/ASV_Spoof_2019_LA/ASVspoof2019_LA_eval/flac/LA_E_7373587.flac,15
/data/DATASETS/ASV_Spoof_2019_LA/ASVspoof2019_LA_eval/flac/LA_E_7373965.flac,15
/data/DATASETS/ASV_Spoof_2019_LA/ASVspoof2019_LA_eval/flac/LA_E_7374234.flac,15
/data/DATASETS/ASV_Spoof_2019_LA/ASVspoof2019_LA_eval/flac/LA_E_7375038.flac,15
/data/DATASETS/ASV_Spoof_2019_LA/ASVspoof2019_LA_eval/flac/LA_E_7376531.flac,15
/data/DATASETS/ASV_Spoof_2019_LA/ASVspoof2019_LA_eval/flac/LA_E_7378551.flac,15
/data/DATASETS/ASV_Spoof_2019_LA/ASVspoof2019_LA_eval/flac/LA_E_7378946.flac,15
/data/DATASETS/ASV_Spoof_2019_LA/ASVspoof2019_LA_eval/flac/LA_E_7380544.flac,15
/data/DATASETS/ASV_Spoof_2019_LA/ASVspoof2019_LA_eval/flac/LA_E_7382052.flac,15
/data/DATASETS/ASV_Spoof_2019_LA/ASVspoof2019_LA_eval/flac/LA_E_7382741.flac,15
/data/DATASETS/ASV_Spoof_2019_LA/ASVspoof2019_LA_eval/flac/LA_E_7383206.flac,15
/data/DATASETS/ASV_Spoof_2019_LA/ASVspoof2019_LA_eval/flac/LA_E_7383735.flac,15
/data/DATASETS/ASV_Spoof_2019_LA/ASVspoof2019_LA_eval/flac/LA_E_7384113.flac,15
/data/DATASETS/ASV_Spoof_2019_LA/ASVspoof2019_LA_eval/flac/LA_E_7385689.flac,15
/data/DATASETS/ASV_Spoof_2019_LA/ASVspoof2019_LA_eval/flac/LA_E_7388134.flac,15
/data/DATASETS/ASV_Spoof_2019_LA/ASVspoof2019_LA_eval/flac/LA_E_7393694.flac,15
/data/DATASETS/ASV_Spoof_2019_LA/ASVspoof2019_LA_eval/flac/LA_E_7394330.flac,15
/data/DATASETS/ASV_Spoof_2019_LA/ASVspoof2019_LA_eval/flac/LA_E_7394849.flac,15
/data/DATASETS/ASV_Spoof_2019_LA/ASVspoof2019_LA_eval/flac/LA_E_7395104.flac,15
/data/DATASETS/ASV_Spoof_2019_LA/ASVspoof2019_LA_eval/flac/LA_E_7395961.flac,15
/data/DATASETS/ASV_Spoof_2019_LA/ASVspoof2019_LA_eval/flac/LA_E_7398449.flac,15
/data/DATASETS/ASV_Spoof_2019_LA/ASVspoof2019_LA_eval/flac/LA_E_7402199.flac,15
/data/DATASETS/ASV_Spoof_2019_LA/ASVspoof2019_LA_eval/flac/LA_E_7406503.flac,15
/data/DATASETS/ASV_Spoof_2019_LA/ASVspoof2019_LA_eval/flac/LA_E_7407381.flac,15
/data/DATASETS/ASV_Spoof_2019_LA/ASVspoof2019_LA_eval/flac/LA_E_7411755.flac,15
/data/DATASETS/ASV_Spoof_2019_LA/ASVspoof2019_LA_eval/flac/LA_E_7413995.flac,15
/data/DATASETS/ASV_Spoof_2019_LA/ASVspoof2019_LA_eval/flac/LA_E_7415802.flac,15
/data/DATASETS/ASV_Spoof_2019_LA/ASVspoof2019_LA_eval/flac/LA_E_7416393.flac,15
/data/DATASETS/ASV_Spoof_2019_LA/ASVspoof2019_LA_eval/flac/LA_E_7420008.flac,15
/data/DATASETS/ASV_Spoof_2019_LA/ASVspoof2019_LA_eval/flac/LA_E_7423241.flac,15
/data/DATASETS/ASV_Spoof_2019_LA/ASVspoof2019_LA_eval/flac/LA_E_7425775.flac,15
/data/DATASETS/ASV_Spoof_2019_LA/ASVspoof2019_LA_eval/flac/LA_E_7428397.flac,15
/data/DATASETS/ASV_Spoof_2019_LA/ASVspoof2019_LA_eval/flac/LA_E_7432382.flac,15
/data/DATASETS/ASV_Spoof_2019_LA/ASVspoof2019_LA_eval/flac/LA_E_7432650.flac,15
/data/DATASETS/ASV_Spoof_2019_LA/ASVspoof2019_LA_eval/flac/LA_E_7434037.flac,15
/data/DATASETS/ASV_Spoof_2019_LA/ASVspoof2019_LA_eval/flac/LA_E_7434048.flac,15
/data/DATASETS/ASV_Spoof_2019_LA/ASVspoof2019_LA_eval/flac/LA_E_7435875.flac,15
/data/DATASETS/ASV_Spoof_2019_LA/ASVspoof2019_LA_eval/flac/LA_E_7436184.flac,15
/data/DATASETS/ASV_Spoof_2019_LA/ASVspoof2019_LA_eval/flac/LA_E_7437443.flac,15
/data/DATASETS/ASV_Spoof_2019_LA/ASVspoof2019_LA_eval/flac/LA_E_7438837.flac,15
/data/DATASETS/ASV_Spoof_2019_LA/ASVspoof2019_LA_eval/flac/LA_E_7444024.flac,15
/data/DATASETS/ASV_Spoof_2019_LA/ASVspoof2019_LA_eval/flac/LA_E_7444160.flac,15
/data/DATASETS/ASV_Spoof_2019_LA/ASVspoof2019_LA_eval/flac/LA_E_7444395.flac,15
/data/DATASETS/ASV_Spoof_2019_LA/ASVspoof2019_LA_eval/flac/LA_E_7447936.flac,15
/data/DATASETS/ASV_Spoof_2019_LA/ASVspoof2019_LA_eval/flac/LA_E_7448826.flac,15
/data/DATASETS/ASV_Spoof_2019_LA/ASVspoof2019_LA_eval/flac/LA_E_7450438.flac,15
/data/DATASETS/ASV_Spoof_2019_LA/ASVspoof2019_LA_eval/flac/LA_E_7450594.flac,15
/data/DATASETS/ASV_Spoof_2019_LA/ASVspoof2019_LA_eval/flac/LA_E_7455948.flac,15
/data/DATASETS/ASV_Spoof_2019_LA/ASVspoof2019_LA_eval/flac/LA_E_7459111.flac,15
/data/DATASETS/ASV_Spoof_2019_LA/ASVspoof2019_LA_eval/flac/LA_E_7462168.flac,15
/data/DATASETS/ASV_Spoof_2019_LA/ASVspoof2019_LA_eval/flac/LA_E_7464012.flac,15
/data/DATASETS/ASV_Spoof_2019_LA/ASVspoof2019_LA_eval/flac/LA_E_7465159.flac,15
/data/DATASETS/ASV_Spoof_2019_LA/ASVspoof2019_LA_eval/flac/LA_E_7465855.flac,15
/data/DATASETS/ASV_Spoof_2019_LA/ASVspoof2019_LA_eval/flac/LA_E_7465904.flac,15
/data/DATASETS/ASV_Spoof_2019_LA/ASVspoof2019_LA_eval/flac/LA_E_7466053.flac,15
/data/DATASETS/ASV_Spoof_2019_LA/ASVspoof2019_LA_eval/flac/LA_E_7466291.flac,15
/data/DATASETS/ASV_Spoof_2019_LA/ASVspoof2019_LA_eval/flac/LA_E_7466600.flac,15
/data/DATASETS/ASV_Spoof_2019_LA/ASVspoof2019_LA_eval/flac/LA_E_7468876.flac,15
/data/DATASETS/ASV_Spoof_2019_LA/ASVspoof2019_LA_eval/flac/LA_E_7469100.flac,15
/data/DATASETS/ASV_Spoof_2019_LA/ASVspoof2019_LA_eval/flac/LA_E_7469593.flac,15
/data/DATASETS/ASV_Spoof_2019_LA/ASVspoof2019_LA_eval/flac/LA_E_7480136.flac,15
/data/DATASETS/ASV_Spoof_2019_LA/ASVspoof2019_LA_eval/flac/LA_E_7480141.flac,15
/data/DATASETS/ASV_Spoof_2019_LA/ASVspoof2019_LA_eval/flac/LA_E_7483813.flac,15
/data/DATASETS/ASV_Spoof_2019_LA/ASVspoof2019_LA_eval/flac/LA_E_7488284.flac,15
/data/DATASETS/ASV_Spoof_2019_LA/ASVspoof2019_LA_eval/flac/LA_E_7488617.flac,15
/data/DATASETS/ASV_Spoof_2019_LA/ASVspoof2019_LA_eval/flac/LA_E_7489471.flac,15
/data/DATASETS/ASV_Spoof_2019_LA/ASVspoof2019_LA_eval/flac/LA_E_7491832.flac,15
/data/DATASETS/ASV_Spoof_2019_LA/ASVspoof2019_LA_eval/flac/LA_E_7493888.flac,15
/data/DATASETS/ASV_Spoof_2019_LA/ASVspoof2019_LA_eval/flac/LA_E_7494594.flac,15
/data/DATASETS/ASV_Spoof_2019_LA/ASVspoof2019_LA_eval/flac/LA_E_7495436.flac,15
/data/DATASETS/ASV_Spoof_2019_LA/ASVspoof2019_LA_eval/flac/LA_E_7496079.flac,15
/data/DATASETS/ASV_Spoof_2019_LA/ASVspoof2019_LA_eval/flac/LA_E_7496114.flac,15
/data/DATASETS/ASV_Spoof_2019_LA/ASVspoof2019_LA_eval/flac/LA_E_7496719.flac,15
/data/DATASETS/ASV_Spoof_2019_LA/ASVspoof2019_LA_eval/flac/LA_E_7504843.flac,15
/data/DATASETS/ASV_Spoof_2019_LA/ASVspoof2019_LA_eval/flac/LA_E_7506007.flac,15
/data/DATASETS/ASV_Spoof_2019_LA/ASVspoof2019_LA_eval/flac/LA_E_7507977.flac,15
/data/DATASETS/ASV_Spoof_2019_LA/ASVspoof2019_LA_eval/flac/LA_E_7508869.flac,15
/data/DATASETS/ASV_Spoof_2019_LA/ASVspoof2019_LA_eval/flac/LA_E_7509567.flac,15
/data/DATASETS/ASV_Spoof_2019_LA/ASVspoof2019_LA_eval/flac/LA_E_7511348.flac,15
/data/DATASETS/ASV_Spoof_2019_LA/ASVspoof2019_LA_eval/flac/LA_E_7516013.flac,15
/data/DATASETS/ASV_Spoof_2019_LA/ASVspoof2019_LA_eval/flac/LA_E_7518967.flac,15
/data/DATASETS/ASV_Spoof_2019_LA/ASVspoof2019_LA_eval/flac/LA_E_7518980.flac,15
/data/DATASETS/ASV_Spoof_2019_LA/ASVspoof2019_LA_eval/flac/LA_E_7520187.flac,15
/data/DATASETS/ASV_Spoof_2019_LA/ASVspoof2019_LA_eval/flac/LA_E_7522568.flac,15
/data/DATASETS/ASV_Spoof_2019_LA/ASVspoof2019_LA_eval/flac/LA_E_7522753.flac,15
/data/DATASETS/ASV_Spoof_2019_LA/ASVspoof2019_LA_eval/flac/LA_E_7523208.flac,15
/data/DATASETS/ASV_Spoof_2019_LA/ASVspoof2019_LA_eval/flac/LA_E_7524469.flac,15
/data/DATASETS/ASV_Spoof_2019_LA/ASVspoof2019_LA_eval/flac/LA_E_7524832.flac,15
/data/DATASETS/ASV_Spoof_2019_LA/ASVspoof2019_LA_eval/flac/LA_E_7526492.flac,15
/data/DATASETS/ASV_Spoof_2019_LA/ASVspoof2019_LA_eval/flac/LA_E_7526539.flac,15
/data/DATASETS/ASV_Spoof_2019_LA/ASVspoof2019_LA_eval/flac/LA_E_7527751.flac,15
/data/DATASETS/ASV_Spoof_2019_LA/ASVspoof2019_LA_eval/flac/LA_E_7531186.flac,15
/data/DATASETS/ASV_Spoof_2019_LA/ASVspoof2019_LA_eval/flac/LA_E_7535126.flac,15
/data/DATASETS/ASV_Spoof_2019_LA/ASVspoof2019_LA_eval/flac/LA_E_7535139.flac,15
/data/DATASETS/ASV_Spoof_2019_LA/ASVspoof2019_LA_eval/flac/LA_E_7538833.flac,15
/data/DATASETS/ASV_Spoof_2019_LA/ASVspoof2019_LA_eval/flac/LA_E_7541728.flac,15
/data/DATASETS/ASV_Spoof_2019_LA/ASVspoof2019_LA_eval/flac/LA_E_7542603.flac,15
/data/DATASETS/ASV_Spoof_2019_LA/ASVspoof2019_LA_eval/flac/LA_E_7543017.flac,15
/data/DATASETS/ASV_Spoof_2019_LA/ASVspoof2019_LA_eval/flac/LA_E_7543876.flac,15
/data/DATASETS/ASV_Spoof_2019_LA/ASVspoof2019_LA_eval/flac/LA_E_7544782.flac,15
/data/DATASETS/ASV_Spoof_2019_LA/ASVspoof2019_LA_eval/flac/LA_E_7546146.flac,15
/data/DATASETS/ASV_Spoof_2019_LA/ASVspoof2019_LA_eval/flac/LA_E_7546351.flac,15
/data/DATASETS/ASV_Spoof_2019_LA/ASVspoof2019_LA_eval/flac/LA_E_7547410.flac,15
/data/DATASETS/ASV_Spoof_2019_LA/ASVspoof2019_LA_eval/flac/LA_E_7547751.flac,15
/data/DATASETS/ASV_Spoof_2019_LA/ASVspoof2019_LA_eval/flac/LA_E_7548832.flac,15
/data/DATASETS/ASV_Spoof_2019_LA/ASVspoof2019_LA_eval/flac/LA_E_7550242.flac,15
/data/DATASETS/ASV_Spoof_2019_LA/ASVspoof2019_LA_eval/flac/LA_E_7551492.flac,15
/data/DATASETS/ASV_Spoof_2019_LA/ASVspoof2019_LA_eval/flac/LA_E_7552108.flac,15
/data/DATASETS/ASV_Spoof_2019_LA/ASVspoof2019_LA_eval/flac/LA_E_7552856.flac,15
/data/DATASETS/ASV_Spoof_2019_LA/ASVspoof2019_LA_eval/flac/LA_E_7557644.flac,15
/data/DATASETS/ASV_Spoof_2019_LA/ASVspoof2019_LA_eval/flac/LA_E_7557651.flac,15
/data/DATASETS/ASV_Spoof_2019_LA/ASVspoof2019_LA_eval/flac/LA_E_7559812.flac,15
/data/DATASETS/ASV_Spoof_2019_LA/ASVspoof2019_LA_eval/flac/LA_E_7560574.flac,15
/data/DATASETS/ASV_Spoof_2019_LA/ASVspoof2019_LA_eval/flac/LA_E_7561468.flac,15
/data/DATASETS/ASV_Spoof_2019_LA/ASVspoof2019_LA_eval/flac/LA_E_7564544.flac,15
/data/DATASETS/ASV_Spoof_2019_LA/ASVspoof2019_LA_eval/flac/LA_E_7573059.flac,15
/data/DATASETS/ASV_Spoof_2019_LA/ASVspoof2019_LA_eval/flac/LA_E_7575912.flac,15
/data/DATASETS/ASV_Spoof_2019_LA/ASVspoof2019_LA_eval/flac/LA_E_7581066.flac,15
/data/DATASETS/ASV_Spoof_2019_LA/ASVspoof2019_LA_eval/flac/LA_E_7581767.flac,15
/data/DATASETS/ASV_Spoof_2019_LA/ASVspoof2019_LA_eval/flac/LA_E_7582582.flac,15
/data/DATASETS/ASV_Spoof_2019_LA/ASVspoof2019_LA_eval/flac/LA_E_7585822.flac,15
/data/DATASETS/ASV_Spoof_2019_LA/ASVspoof2019_LA_eval/flac/LA_E_7586520.flac,15
/data/DATASETS/ASV_Spoof_2019_LA/ASVspoof2019_LA_eval/flac/LA_E_7587010.flac,15
/data/DATASETS/ASV_Spoof_2019_LA/ASVspoof2019_LA_eval/flac/LA_E_7590803.flac,15
/data/DATASETS/ASV_Spoof_2019_LA/ASVspoof2019_LA_eval/flac/LA_E_7597933.flac,15
/data/DATASETS/ASV_Spoof_2019_LA/ASVspoof2019_LA_eval/flac/LA_E_7598672.flac,15
/data/DATASETS/ASV_Spoof_2019_LA/ASVspoof2019_LA_eval/flac/LA_E_7600676.flac,15
/data/DATASETS/ASV_Spoof_2019_LA/ASVspoof2019_LA_eval/flac/LA_E_7602138.flac,15
/data/DATASETS/ASV_Spoof_2019_LA/ASVspoof2019_LA_eval/flac/LA_E_7603148.flac,15
/data/DATASETS/ASV_Spoof_2019_LA/ASVspoof2019_LA_eval/flac/LA_E_7607007.flac,15
/data/DATASETS/ASV_Spoof_2019_LA/ASVspoof2019_LA_eval/flac/LA_E_7607864.flac,15
/data/DATASETS/ASV_Spoof_2019_LA/ASVspoof2019_LA_eval/flac/LA_E_7608274.flac,15
/data/DATASETS/ASV_Spoof_2019_LA/ASVspoof2019_LA_eval/flac/LA_E_7608403.flac,15
/data/DATASETS/ASV_Spoof_2019_LA/ASVspoof2019_LA_eval/flac/LA_E_7609864.flac,15
/data/DATASETS/ASV_Spoof_2019_LA/ASVspoof2019_LA_eval/flac/LA_E_7612249.flac,15
/data/DATASETS/ASV_Spoof_2019_LA/ASVspoof2019_LA_eval/flac/LA_E_7612860.flac,15
/data/DATASETS/ASV_Spoof_2019_LA/ASVspoof2019_LA_eval/flac/LA_E_7614541.flac,15
/data/DATASETS/ASV_Spoof_2019_LA/ASVspoof2019_LA_eval/flac/LA_E_7615821.flac,15
/data/DATASETS/ASV_Spoof_2019_LA/ASVspoof2019_LA_eval/flac/LA_E_7617618.flac,15
/data/DATASETS/ASV_Spoof_2019_LA/ASVspoof2019_LA_eval/flac/LA_E_7619281.flac,15
/data/DATASETS/ASV_Spoof_2019_LA/ASVspoof2019_LA_eval/flac/LA_E_7620529.flac,15
/data/DATASETS/ASV_Spoof_2019_LA/ASVspoof2019_LA_eval/flac/LA_E_7621399.flac,15
/data/DATASETS/ASV_Spoof_2019_LA/ASVspoof2019_LA_eval/flac/LA_E_7621782.flac,15
/data/DATASETS/ASV_Spoof_2019_LA/ASVspoof2019_LA_eval/flac/LA_E_7625030.flac,15
/data/DATASETS/ASV_Spoof_2019_LA/ASVspoof2019_LA_eval/flac/LA_E_7629427.flac,15
/data/DATASETS/ASV_Spoof_2019_LA/ASVspoof2019_LA_eval/flac/LA_E_7630171.flac,15
/data/DATASETS/ASV_Spoof_2019_LA/ASVspoof2019_LA_eval/flac/LA_E_7633138.flac,15
/data/DATASETS/ASV_Spoof_2019_LA/ASVspoof2019_LA_eval/flac/LA_E_7642454.flac,15
/data/DATASETS/ASV_Spoof_2019_LA/ASVspoof2019_LA_eval/flac/LA_E_7642638.flac,15
/data/DATASETS/ASV_Spoof_2019_LA/ASVspoof2019_LA_eval/flac/LA_E_7643055.flac,15
/data/DATASETS/ASV_Spoof_2019_LA/ASVspoof2019_LA_eval/flac/LA_E_7649136.flac,15
/data/DATASETS/ASV_Spoof_2019_LA/ASVspoof2019_LA_eval/flac/LA_E_7650298.flac,15
/data/DATASETS/ASV_Spoof_2019_LA/ASVspoof2019_LA_eval/flac/LA_E_7651139.flac,15
/data/DATASETS/ASV_Spoof_2019_LA/ASVspoof2019_LA_eval/flac/LA_E_7655359.flac,15
/data/DATASETS/ASV_Spoof_2019_LA/ASVspoof2019_LA_eval/flac/LA_E_7660460.flac,15
/data/DATASETS/ASV_Spoof_2019_LA/ASVspoof2019_LA_eval/flac/LA_E_7660850.flac,15
/data/DATASETS/ASV_Spoof_2019_LA/ASVspoof2019_LA_eval/flac/LA_E_7663643.flac,15
/data/DATASETS/ASV_Spoof_2019_LA/ASVspoof2019_LA_eval/flac/LA_E_7664211.flac,15
/data/DATASETS/ASV_Spoof_2019_LA/ASVspoof2019_LA_eval/flac/LA_E_7665561.flac,15
/data/DATASETS/ASV_Spoof_2019_LA/ASVspoof2019_LA_eval/flac/LA_E_7666206.flac,15
/data/DATASETS/ASV_Spoof_2019_LA/ASVspoof2019_LA_eval/flac/LA_E_7666318.flac,15
/data/DATASETS/ASV_Spoof_2019_LA/ASVspoof2019_LA_eval/flac/LA_E_7671858.flac,15
/data/DATASETS/ASV_Spoof_2019_LA/ASVspoof2019_LA_eval/flac/LA_E_7672988.flac,15
/data/DATASETS/ASV_Spoof_2019_LA/ASVspoof2019_LA_eval/flac/LA_E_7674409.flac,15
/data/DATASETS/ASV_Spoof_2019_LA/ASVspoof2019_LA_eval/flac/LA_E_7674490.flac,15
/data/DATASETS/ASV_Spoof_2019_LA/ASVspoof2019_LA_eval/flac/LA_E_7676706.flac,15
/data/DATASETS/ASV_Spoof_2019_LA/ASVspoof2019_LA_eval/flac/LA_E_7677618.flac,15
/data/DATASETS/ASV_Spoof_2019_LA/ASVspoof2019_LA_eval/flac/LA_E_7679386.flac,15
/data/DATASETS/ASV_Spoof_2019_LA/ASVspoof2019_LA_eval/flac/LA_E_7680675.flac,15
/data/DATASETS/ASV_Spoof_2019_LA/ASVspoof2019_LA_eval/flac/LA_E_7683966.flac,15
/data/DATASETS/ASV_Spoof_2019_LA/ASVspoof2019_LA_eval/flac/LA_E_7686851.flac,15
/data/DATASETS/ASV_Spoof_2019_LA/ASVspoof2019_LA_eval/flac/LA_E_7687329.flac,15
/data/DATASETS/ASV_Spoof_2019_LA/ASVspoof2019_LA_eval/flac/LA_E_7687951.flac,15
/data/DATASETS/ASV_Spoof_2019_LA/ASVspoof2019_LA_eval/flac/LA_E_7689482.flac,15
/data/DATASETS/ASV_Spoof_2019_LA/ASVspoof2019_LA_eval/flac/LA_E_7689767.flac,15
/data/DATASETS/ASV_Spoof_2019_LA/ASVspoof2019_LA_eval/flac/LA_E_7691795.flac,15
/data/DATASETS/ASV_Spoof_2019_LA/ASVspoof2019_LA_eval/flac/LA_E_7692828.flac,15
/data/DATASETS/ASV_Spoof_2019_LA/ASVspoof2019_LA_eval/flac/LA_E_7692966.flac,15
/data/DATASETS/ASV_Spoof_2019_LA/ASVspoof2019_LA_eval/flac/LA_E_7696344.flac,15
/data/DATASETS/ASV_Spoof_2019_LA/ASVspoof2019_LA_eval/flac/LA_E_7697112.flac,15
/data/DATASETS/ASV_Spoof_2019_LA/ASVspoof2019_LA_eval/flac/LA_E_7697219.flac,15
/data/DATASETS/ASV_Spoof_2019_LA/ASVspoof2019_LA_eval/flac/LA_E_7698628.flac,15
/data/DATASETS/ASV_Spoof_2019_LA/ASVspoof2019_LA_eval/flac/LA_E_7699932.flac,15
/data/DATASETS/ASV_Spoof_2019_LA/ASVspoof2019_LA_eval/flac/LA_E_7702103.flac,15
/data/DATASETS/ASV_Spoof_2019_LA/ASVspoof2019_LA_eval/flac/LA_E_7703339.flac,15
/data/DATASETS/ASV_Spoof_2019_LA/ASVspoof2019_LA_eval/flac/LA_E_7704021.flac,15
/data/DATASETS/ASV_Spoof_2019_LA/ASVspoof2019_LA_eval/flac/LA_E_7708246.flac,15
/data/DATASETS/ASV_Spoof_2019_LA/ASVspoof2019_LA_eval/flac/LA_E_7711776.flac,15
/data/DATASETS/ASV_Spoof_2019_LA/ASVspoof2019_LA_eval/flac/LA_E_7711962.flac,15
/data/DATASETS/ASV_Spoof_2019_LA/ASVspoof2019_LA_eval/flac/LA_E_7712835.flac,15
/data/DATASETS/ASV_Spoof_2019_LA/ASVspoof2019_LA_eval/flac/LA_E_7713154.flac,15
/data/DATASETS/ASV_Spoof_2019_LA/ASVspoof2019_LA_eval/flac/LA_E_7715706.flac,15
/data/DATASETS/ASV_Spoof_2019_LA/ASVspoof2019_LA_eval/flac/LA_E_7715895.flac,15
/data/DATASETS/ASV_Spoof_2019_LA/ASVspoof2019_LA_eval/flac/LA_E_7717681.flac,15
/data/DATASETS/ASV_Spoof_2019_LA/ASVspoof2019_LA_eval/flac/LA_E_7724370.flac,15
/data/DATASETS/ASV_Spoof_2019_LA/ASVspoof2019_LA_eval/flac/LA_E_7725143.flac,15
/data/DATASETS/ASV_Spoof_2019_LA/ASVspoof2019_LA_eval/flac/LA_E_7726475.flac,15
/data/DATASETS/ASV_Spoof_2019_LA/ASVspoof2019_LA_eval/flac/LA_E_7726533.flac,15
/data/DATASETS/ASV_Spoof_2019_LA/ASVspoof2019_LA_eval/flac/LA_E_7727961.flac,15
/data/DATASETS/ASV_Spoof_2019_LA/ASVspoof2019_LA_eval/flac/LA_E_7730329.flac,15
/data/DATASETS/ASV_Spoof_2019_LA/ASVspoof2019_LA_eval/flac/LA_E_7732175.flac,15
/data/DATASETS/ASV_Spoof_2019_LA/ASVspoof2019_LA_eval/flac/LA_E_7733252.flac,15
/data/DATASETS/ASV_Spoof_2019_LA/ASVspoof2019_LA_eval/flac/LA_E_7734973.flac,15
/data/DATASETS/ASV_Spoof_2019_LA/ASVspoof2019_LA_eval/flac/LA_E_7735775.flac,15
/data/DATASETS/ASV_Spoof_2019_LA/ASVspoof2019_LA_eval/flac/LA_E_7739606.flac,15
/data/DATASETS/ASV_Spoof_2019_LA/ASVspoof2019_LA_eval/flac/LA_E_7740096.flac,15
/data/DATASETS/ASV_Spoof_2019_LA/ASVspoof2019_LA_eval/flac/LA_E_7740218.flac,15
/data/DATASETS/ASV_Spoof_2019_LA/ASVspoof2019_LA_eval/flac/LA_E_7741310.flac,15
/data/DATASETS/ASV_Spoof_2019_LA/ASVspoof2019_LA_eval/flac/LA_E_7742601.flac,15
/data/DATASETS/ASV_Spoof_2019_LA/ASVspoof2019_LA_eval/flac/LA_E_7743133.flac,15
/data/DATASETS/ASV_Spoof_2019_LA/ASVspoof2019_LA_eval/flac/LA_E_7743318.flac,15
/data/DATASETS/ASV_Spoof_2019_LA/ASVspoof2019_LA_eval/flac/LA_E_7744884.flac,15
/data/DATASETS/ASV_Spoof_2019_LA/ASVspoof2019_LA_eval/flac/LA_E_7745012.flac,15
/data/DATASETS/ASV_Spoof_2019_LA/ASVspoof2019_LA_eval/flac/LA_E_7745038.flac,15
/data/DATASETS/ASV_Spoof_2019_LA/ASVspoof2019_LA_eval/flac/LA_E_7746778.flac,15
/data/DATASETS/ASV_Spoof_2019_LA/ASVspoof2019_LA_eval/flac/LA_E_7747281.flac,15
/data/DATASETS/ASV_Spoof_2019_LA/ASVspoof2019_LA_eval/flac/LA_E_7749892.flac,15
/data/DATASETS/ASV_Spoof_2019_LA/ASVspoof2019_LA_eval/flac/LA_E_7751626.flac,15
/data/DATASETS/ASV_Spoof_2019_LA/ASVspoof2019_LA_eval/flac/LA_E_7752874.flac,15
/data/DATASETS/ASV_Spoof_2019_LA/ASVspoof2019_LA_eval/flac/LA_E_7754794.flac,15
/data/DATASETS/ASV_Spoof_2019_LA/ASVspoof2019_LA_eval/flac/LA_E_7755110.flac,15
/data/DATASETS/ASV_Spoof_2019_LA/ASVspoof2019_LA_eval/flac/LA_E_7757845.flac,15
/data/DATASETS/ASV_Spoof_2019_LA/ASVspoof2019_LA_eval/flac/LA_E_7758678.flac,15
/data/DATASETS/ASV_Spoof_2019_LA/ASVspoof2019_LA_eval/flac/LA_E_7759467.flac,15
/data/DATASETS/ASV_Spoof_2019_LA/ASVspoof2019_LA_eval/flac/LA_E_7759985.flac,15
/data/DATASETS/ASV_Spoof_2019_LA/ASVspoof2019_LA_eval/flac/LA_E_7761828.flac,15
/data/DATASETS/ASV_Spoof_2019_LA/ASVspoof2019_LA_eval/flac/LA_E_7763335.flac,15
/data/DATASETS/ASV_Spoof_2019_LA/ASVspoof2019_LA_eval/flac/LA_E_7764354.flac,15
/data/DATASETS/ASV_Spoof_2019_LA/ASVspoof2019_LA_eval/flac/LA_E_7769510.flac,15
/data/DATASETS/ASV_Spoof_2019_LA/ASVspoof2019_LA_eval/flac/LA_E_7774630.flac,15
/data/DATASETS/ASV_Spoof_2019_LA/ASVspoof2019_LA_eval/flac/LA_E_7775630.flac,15
/data/DATASETS/ASV_Spoof_2019_LA/ASVspoof2019_LA_eval/flac/LA_E_7776787.flac,15
/data/DATASETS/ASV_Spoof_2019_LA/ASVspoof2019_LA_eval/flac/LA_E_7780065.flac,15
/data/DATASETS/ASV_Spoof_2019_LA/ASVspoof2019_LA_eval/flac/LA_E_7784493.flac,15
/data/DATASETS/ASV_Spoof_2019_LA/ASVspoof2019_LA_eval/flac/LA_E_7787012.flac,15
/data/DATASETS/ASV_Spoof_2019_LA/ASVspoof2019_LA_eval/flac/LA_E_7789205.flac,15
/data/DATASETS/ASV_Spoof_2019_LA/ASVspoof2019_LA_eval/flac/LA_E_7789676.flac,15
/data/DATASETS/ASV_Spoof_2019_LA/ASVspoof2019_LA_eval/flac/LA_E_7794208.flac,15
/data/DATASETS/ASV_Spoof_2019_LA/ASVspoof2019_LA_eval/flac/LA_E_7795495.flac,15
/data/DATASETS/ASV_Spoof_2019_LA/ASVspoof2019_LA_eval/flac/LA_E_7796252.flac,15
/data/DATASETS/ASV_Spoof_2019_LA/ASVspoof2019_LA_eval/flac/LA_E_7796351.flac,15
/data/DATASETS/ASV_Spoof_2019_LA/ASVspoof2019_LA_eval/flac/LA_E_7796677.flac,15
/data/DATASETS/ASV_Spoof_2019_LA/ASVspoof2019_LA_eval/flac/LA_E_7799038.flac,15
/data/DATASETS/ASV_Spoof_2019_LA/ASVspoof2019_LA_eval/flac/LA_E_7800327.flac,15
/data/DATASETS/ASV_Spoof_2019_LA/ASVspoof2019_LA_eval/flac/LA_E_7800752.flac,15
/data/DATASETS/ASV_Spoof_2019_LA/ASVspoof2019_LA_eval/flac/LA_E_7803142.flac,15
/data/DATASETS/ASV_Spoof_2019_LA/ASVspoof2019_LA_eval/flac/LA_E_7803999.flac,15
/data/DATASETS/ASV_Spoof_2019_LA/ASVspoof2019_LA_eval/flac/LA_E_7806492.flac,15
/data/DATASETS/ASV_Spoof_2019_LA/ASVspoof2019_LA_eval/flac/LA_E_7808289.flac,15
/data/DATASETS/ASV_Spoof_2019_LA/ASVspoof2019_LA_eval/flac/LA_E_7811287.flac,15
/data/DATASETS/ASV_Spoof_2019_LA/ASVspoof2019_LA_eval/flac/LA_E_7811561.flac,15
/data/DATASETS/ASV_Spoof_2019_LA/ASVspoof2019_LA_eval/flac/LA_E_7813312.flac,15
/data/DATASETS/ASV_Spoof_2019_LA/ASVspoof2019_LA_eval/flac/LA_E_7817833.flac,15
/data/DATASETS/ASV_Spoof_2019_LA/ASVspoof2019_LA_eval/flac/LA_E_7818580.flac,15
/data/DATASETS/ASV_Spoof_2019_LA/ASVspoof2019_LA_eval/flac/LA_E_7820969.flac,15
/data/DATASETS/ASV_Spoof_2019_LA/ASVspoof2019_LA_eval/flac/LA_E_7823173.flac,15
/data/DATASETS/ASV_Spoof_2019_LA/ASVspoof2019_LA_eval/flac/LA_E_7825003.flac,15
/data/DATASETS/ASV_Spoof_2019_LA/ASVspoof2019_LA_eval/flac/LA_E_7826347.flac,15
/data/DATASETS/ASV_Spoof_2019_LA/ASVspoof2019_LA_eval/flac/LA_E_7833742.flac,15
/data/DATASETS/ASV_Spoof_2019_LA/ASVspoof2019_LA_eval/flac/LA_E_7834818.flac,15
/data/DATASETS/ASV_Spoof_2019_LA/ASVspoof2019_LA_eval/flac/LA_E_7835058.flac,15
/data/DATASETS/ASV_Spoof_2019_LA/ASVspoof2019_LA_eval/flac/LA_E_7835889.flac,15
/data/DATASETS/ASV_Spoof_2019_LA/ASVspoof2019_LA_eval/flac/LA_E_7836124.flac,15
/data/DATASETS/ASV_Spoof_2019_LA/ASVspoof2019_LA_eval/flac/LA_E_7837799.flac,15
/data/DATASETS/ASV_Spoof_2019_LA/ASVspoof2019_LA_eval/flac/LA_E_7838131.flac,15
/data/DATASETS/ASV_Spoof_2019_LA/ASVspoof2019_LA_eval/flac/LA_E_7843319.flac,15
/data/DATASETS/ASV_Spoof_2019_LA/ASVspoof2019_LA_eval/flac/LA_E_7843469.flac,15
/data/DATASETS/ASV_Spoof_2019_LA/ASVspoof2019_LA_eval/flac/LA_E_7846572.flac,15
/data/DATASETS/ASV_Spoof_2019_LA/ASVspoof2019_LA_eval/flac/LA_E_7848059.flac,15
/data/DATASETS/ASV_Spoof_2019_LA/ASVspoof2019_LA_eval/flac/LA_E_7848111.flac,15
/data/DATASETS/ASV_Spoof_2019_LA/ASVspoof2019_LA_eval/flac/LA_E_7848356.flac,15
/data/DATASETS/ASV_Spoof_2019_LA/ASVspoof2019_LA_eval/flac/LA_E_7849489.flac,15
/data/DATASETS/ASV_Spoof_2019_LA/ASVspoof2019_LA_eval/flac/LA_E_7850531.flac,15
/data/DATASETS/ASV_Spoof_2019_LA/ASVspoof2019_LA_eval/flac/LA_E_7851246.flac,15
/data/DATASETS/ASV_Spoof_2019_LA/ASVspoof2019_LA_eval/flac/LA_E_7853101.flac,15
/data/DATASETS/ASV_Spoof_2019_LA/ASVspoof2019_LA_eval/flac/LA_E_7855880.flac,15
/data/DATASETS/ASV_Spoof_2019_LA/ASVspoof2019_LA_eval/flac/LA_E_7856874.flac,15
/data/DATASETS/ASV_Spoof_2019_LA/ASVspoof2019_LA_eval/flac/LA_E_7857135.flac,15
/data/DATASETS/ASV_Spoof_2019_LA/ASVspoof2019_LA_eval/flac/LA_E_7857630.flac,15
/data/DATASETS/ASV_Spoof_2019_LA/ASVspoof2019_LA_eval/flac/LA_E_7858016.flac,15
/data/DATASETS/ASV_Spoof_2019_LA/ASVspoof2019_LA_eval/flac/LA_E_7858750.flac,15
/data/DATASETS/ASV_Spoof_2019_LA/ASVspoof2019_LA_eval/flac/LA_E_7858891.flac,15
/data/DATASETS/ASV_Spoof_2019_LA/ASVspoof2019_LA_eval/flac/LA_E_7864674.flac,15
/data/DATASETS/ASV_Spoof_2019_LA/ASVspoof2019_LA_eval/flac/LA_E_7873116.flac,15
/data/DATASETS/ASV_Spoof_2019_LA/ASVspoof2019_LA_eval/flac/LA_E_7874120.flac,15
/data/DATASETS/ASV_Spoof_2019_LA/ASVspoof2019_LA_eval/flac/LA_E_7876966.flac,15
/data/DATASETS/ASV_Spoof_2019_LA/ASVspoof2019_LA_eval/flac/LA_E_7877036.flac,15
/data/DATASETS/ASV_Spoof_2019_LA/ASVspoof2019_LA_eval/flac/LA_E_7878239.flac,15
/data/DATASETS/ASV_Spoof_2019_LA/ASVspoof2019_LA_eval/flac/LA_E_7883984.flac,15
/data/DATASETS/ASV_Spoof_2019_LA/ASVspoof2019_LA_eval/flac/LA_E_7886603.flac,15
/data/DATASETS/ASV_Spoof_2019_LA/ASVspoof2019_LA_eval/flac/LA_E_7888249.flac,15
/data/DATASETS/ASV_Spoof_2019_LA/ASVspoof2019_LA_eval/flac/LA_E_7889174.flac,15
/data/DATASETS/ASV_Spoof_2019_LA/ASVspoof2019_LA_eval/flac/LA_E_7889635.flac,15
/data/DATASETS/ASV_Spoof_2019_LA/ASVspoof2019_LA_eval/flac/LA_E_7890091.flac,15
/data/DATASETS/ASV_Spoof_2019_LA/ASVspoof2019_LA_eval/flac/LA_E_7890117.flac,15
/data/DATASETS/ASV_Spoof_2019_LA/ASVspoof2019_LA_eval/flac/LA_E_7891536.flac,15
/data/DATASETS/ASV_Spoof_2019_LA/ASVspoof2019_LA_eval/flac/LA_E_7895086.flac,15
/data/DATASETS/ASV_Spoof_2019_LA/ASVspoof2019_LA_eval/flac/LA_E_7898197.flac,15
/data/DATASETS/ASV_Spoof_2019_LA/ASVspoof2019_LA_eval/flac/LA_E_7899882.flac,15
/data/DATASETS/ASV_Spoof_2019_LA/ASVspoof2019_LA_eval/flac/LA_E_7903991.flac,15
/data/DATASETS/ASV_Spoof_2019_LA/ASVspoof2019_LA_eval/flac/LA_E_7904771.flac,15
/data/DATASETS/ASV_Spoof_2019_LA/ASVspoof2019_LA_eval/flac/LA_E_7905229.flac,15
/data/DATASETS/ASV_Spoof_2019_LA/ASVspoof2019_LA_eval/flac/LA_E_7906673.flac,15
/data/DATASETS/ASV_Spoof_2019_LA/ASVspoof2019_LA_eval/flac/LA_E_7907305.flac,15
/data/DATASETS/ASV_Spoof_2019_LA/ASVspoof2019_LA_eval/flac/LA_E_7911177.flac,15
/data/DATASETS/ASV_Spoof_2019_LA/ASVspoof2019_LA_eval/flac/LA_E_7911330.flac,15
/data/DATASETS/ASV_Spoof_2019_LA/ASVspoof2019_LA_eval/flac/LA_E_7913149.flac,15
/data/DATASETS/ASV_Spoof_2019_LA/ASVspoof2019_LA_eval/flac/LA_E_7915207.flac,15
/data/DATASETS/ASV_Spoof_2019_LA/ASVspoof2019_LA_eval/flac/LA_E_7918821.flac,15
/data/DATASETS/ASV_Spoof_2019_LA/ASVspoof2019_LA_eval/flac/LA_E_7919033.flac,15
/data/DATASETS/ASV_Spoof_2019_LA/ASVspoof2019_LA_eval/flac/LA_E_7920098.flac,15
/data/DATASETS/ASV_Spoof_2019_LA/ASVspoof2019_LA_eval/flac/LA_E_7920511.flac,15
/data/DATASETS/ASV_Spoof_2019_LA/ASVspoof2019_LA_eval/flac/LA_E_7920877.flac,15
/data/DATASETS/ASV_Spoof_2019_LA/ASVspoof2019_LA_eval/flac/LA_E_7922444.flac,15
/data/DATASETS/ASV_Spoof_2019_LA/ASVspoof2019_LA_eval/flac/LA_E_7925246.flac,15
/data/DATASETS/ASV_Spoof_2019_LA/ASVspoof2019_LA_eval/flac/LA_E_7925367.flac,15
/data/DATASETS/ASV_Spoof_2019_LA/ASVspoof2019_LA_eval/flac/LA_E_7926123.flac,15
/data/DATASETS/ASV_Spoof_2019_LA/ASVspoof2019_LA_eval/flac/LA_E_7927773.flac,15
/data/DATASETS/ASV_Spoof_2019_LA/ASVspoof2019_LA_eval/flac/LA_E_7929791.flac,15
/data/DATASETS/ASV_Spoof_2019_LA/ASVspoof2019_LA_eval/flac/LA_E_7929992.flac,15
/data/DATASETS/ASV_Spoof_2019_LA/ASVspoof2019_LA_eval/flac/LA_E_7930286.flac,15
/data/DATASETS/ASV_Spoof_2019_LA/ASVspoof2019_LA_eval/flac/LA_E_7930774.flac,15
/data/DATASETS/ASV_Spoof_2019_LA/ASVspoof2019_LA_eval/flac/LA_E_7931040.flac,15
/data/DATASETS/ASV_Spoof_2019_LA/ASVspoof2019_LA_eval/flac/LA_E_7931504.flac,15
/data/DATASETS/ASV_Spoof_2019_LA/ASVspoof2019_LA_eval/flac/LA_E_7934647.flac,15
/data/DATASETS/ASV_Spoof_2019_LA/ASVspoof2019_LA_eval/flac/LA_E_7938298.flac,15
/data/DATASETS/ASV_Spoof_2019_LA/ASVspoof2019_LA_eval/flac/LA_E_7941776.flac,15
/data/DATASETS/ASV_Spoof_2019_LA/ASVspoof2019_LA_eval/flac/LA_E_7946751.flac,15
/data/DATASETS/ASV_Spoof_2019_LA/ASVspoof2019_LA_eval/flac/LA_E_7947680.flac,15
/data/DATASETS/ASV_Spoof_2019_LA/ASVspoof2019_LA_eval/flac/LA_E_7952755.flac,15
/data/DATASETS/ASV_Spoof_2019_LA/ASVspoof2019_LA_eval/flac/LA_E_7957203.flac,15
/data/DATASETS/ASV_Spoof_2019_LA/ASVspoof2019_LA_eval/flac/LA_E_7957496.flac,15
/data/DATASETS/ASV_Spoof_2019_LA/ASVspoof2019_LA_eval/flac/LA_E_7958663.flac,15
/data/DATASETS/ASV_Spoof_2019_LA/ASVspoof2019_LA_eval/flac/LA_E_7960762.flac,15
/data/DATASETS/ASV_Spoof_2019_LA/ASVspoof2019_LA_eval/flac/LA_E_7961181.flac,15
/data/DATASETS/ASV_Spoof_2019_LA/ASVspoof2019_LA_eval/flac/LA_E_7964000.flac,15
/data/DATASETS/ASV_Spoof_2019_LA/ASVspoof2019_LA_eval/flac/LA_E_7966171.flac,15
/data/DATASETS/ASV_Spoof_2019_LA/ASVspoof2019_LA_eval/flac/LA_E_7968844.flac,15
/data/DATASETS/ASV_Spoof_2019_LA/ASVspoof2019_LA_eval/flac/LA_E_7969537.flac,15
/data/DATASETS/ASV_Spoof_2019_LA/ASVspoof2019_LA_eval/flac/LA_E_7972531.flac,15
/data/DATASETS/ASV_Spoof_2019_LA/ASVspoof2019_LA_eval/flac/LA_E_7974074.flac,15
/data/DATASETS/ASV_Spoof_2019_LA/ASVspoof2019_LA_eval/flac/LA_E_7974917.flac,15
/data/DATASETS/ASV_Spoof_2019_LA/ASVspoof2019_LA_eval/flac/LA_E_7976034.flac,15
/data/DATASETS/ASV_Spoof_2019_LA/ASVspoof2019_LA_eval/flac/LA_E_7976327.flac,15
/data/DATASETS/ASV_Spoof_2019_LA/ASVspoof2019_LA_eval/flac/LA_E_7977328.flac,15
/data/DATASETS/ASV_Spoof_2019_LA/ASVspoof2019_LA_eval/flac/LA_E_7982186.flac,15
/data/DATASETS/ASV_Spoof_2019_LA/ASVspoof2019_LA_eval/flac/LA_E_7982452.flac,15
/data/DATASETS/ASV_Spoof_2019_LA/ASVspoof2019_LA_eval/flac/LA_E_7984100.flac,15
/data/DATASETS/ASV_Spoof_2019_LA/ASVspoof2019_LA_eval/flac/LA_E_7985510.flac,15
/data/DATASETS/ASV_Spoof_2019_LA/ASVspoof2019_LA_eval/flac/LA_E_7987822.flac,15
/data/DATASETS/ASV_Spoof_2019_LA/ASVspoof2019_LA_eval/flac/LA_E_7990806.flac,15
/data/DATASETS/ASV_Spoof_2019_LA/ASVspoof2019_LA_eval/flac/LA_E_7991025.flac,15
/data/DATASETS/ASV_Spoof_2019_LA/ASVspoof2019_LA_eval/flac/LA_E_7992590.flac,15
/data/DATASETS/ASV_Spoof_2019_LA/ASVspoof2019_LA_eval/flac/LA_E_7994494.flac,15
/data/DATASETS/ASV_Spoof_2019_LA/ASVspoof2019_LA_eval/flac/LA_E_7995254.flac,15
/data/DATASETS/ASV_Spoof_2019_LA/ASVspoof2019_LA_eval/flac/LA_E_7998481.flac,15
/data/DATASETS/ASV_Spoof_2019_LA/ASVspoof2019_LA_eval/flac/LA_E_8000037.flac,15
/data/DATASETS/ASV_Spoof_2019_LA/ASVspoof2019_LA_eval/flac/LA_E_8000669.flac,15
/data/DATASETS/ASV_Spoof_2019_LA/ASVspoof2019_LA_eval/flac/LA_E_8003898.flac,15
/data/DATASETS/ASV_Spoof_2019_LA/ASVspoof2019_LA_eval/flac/LA_E_8004870.flac,15
/data/DATASETS/ASV_Spoof_2019_LA/ASVspoof2019_LA_eval/flac/LA_E_8005129.flac,15
/data/DATASETS/ASV_Spoof_2019_LA/ASVspoof2019_LA_eval/flac/LA_E_8005309.flac,15
/data/DATASETS/ASV_Spoof_2019_LA/ASVspoof2019_LA_eval/flac/LA_E_8006719.flac,15
/data/DATASETS/ASV_Spoof_2019_LA/ASVspoof2019_LA_eval/flac/LA_E_8009285.flac,15
/data/DATASETS/ASV_Spoof_2019_LA/ASVspoof2019_LA_eval/flac/LA_E_8012487.flac,15
/data/DATASETS/ASV_Spoof_2019_LA/ASVspoof2019_LA_eval/flac/LA_E_8013311.flac,15
/data/DATASETS/ASV_Spoof_2019_LA/ASVspoof2019_LA_eval/flac/LA_E_8016621.flac,15
/data/DATASETS/ASV_Spoof_2019_LA/ASVspoof2019_LA_eval/flac/LA_E_8017522.flac,15
/data/DATASETS/ASV_Spoof_2019_LA/ASVspoof2019_LA_eval/flac/LA_E_8018619.flac,15
/data/DATASETS/ASV_Spoof_2019_LA/ASVspoof2019_LA_eval/flac/LA_E_8021394.flac,15
/data/DATASETS/ASV_Spoof_2019_LA/ASVspoof2019_LA_eval/flac/LA_E_8026947.flac,15
/data/DATASETS/ASV_Spoof_2019_LA/ASVspoof2019_LA_eval/flac/LA_E_8028980.flac,15
/data/DATASETS/ASV_Spoof_2019_LA/ASVspoof2019_LA_eval/flac/LA_E_8031846.flac,15
/data/DATASETS/ASV_Spoof_2019_LA/ASVspoof2019_LA_eval/flac/LA_E_8033150.flac,15
/data/DATASETS/ASV_Spoof_2019_LA/ASVspoof2019_LA_eval/flac/LA_E_8036583.flac,15
/data/DATASETS/ASV_Spoof_2019_LA/ASVspoof2019_LA_eval/flac/LA_E_8038721.flac,15
/data/DATASETS/ASV_Spoof_2019_LA/ASVspoof2019_LA_eval/flac/LA_E_8043161.flac,15
/data/DATASETS/ASV_Spoof_2019_LA/ASVspoof2019_LA_eval/flac/LA_E_8045737.flac,15
/data/DATASETS/ASV_Spoof_2019_LA/ASVspoof2019_LA_eval/flac/LA_E_8045965.flac,15
/data/DATASETS/ASV_Spoof_2019_LA/ASVspoof2019_LA_eval/flac/LA_E_8048238.flac,15
/data/DATASETS/ASV_Spoof_2019_LA/ASVspoof2019_LA_eval/flac/LA_E_8054023.flac,15
/data/DATASETS/ASV_Spoof_2019_LA/ASVspoof2019_LA_eval/flac/LA_E_8054211.flac,15
/data/DATASETS/ASV_Spoof_2019_LA/ASVspoof2019_LA_eval/flac/LA_E_8062098.flac,15
/data/DATASETS/ASV_Spoof_2019_LA/ASVspoof2019_LA_eval/flac/LA_E_8062465.flac,15
/data/DATASETS/ASV_Spoof_2019_LA/ASVspoof2019_LA_eval/flac/LA_E_8063053.flac,15
/data/DATASETS/ASV_Spoof_2019_LA/ASVspoof2019_LA_eval/flac/LA_E_8065376.flac,15
/data/DATASETS/ASV_Spoof_2019_LA/ASVspoof2019_LA_eval/flac/LA_E_8068299.flac,15
/data/DATASETS/ASV_Spoof_2019_LA/ASVspoof2019_LA_eval/flac/LA_E_8069766.flac,15
/data/DATASETS/ASV_Spoof_2019_LA/ASVspoof2019_LA_eval/flac/LA_E_8070885.flac,15
/data/DATASETS/ASV_Spoof_2019_LA/ASVspoof2019_LA_eval/flac/LA_E_8073904.flac,15
/data/DATASETS/ASV_Spoof_2019_LA/ASVspoof2019_LA_eval/flac/LA_E_8075537.flac,15
/data/DATASETS/ASV_Spoof_2019_LA/ASVspoof2019_LA_eval/flac/LA_E_8076773.flac,15
/data/DATASETS/ASV_Spoof_2019_LA/ASVspoof2019_LA_eval/flac/LA_E_8082032.flac,15
/data/DATASETS/ASV_Spoof_2019_LA/ASVspoof2019_LA_eval/flac/LA_E_8085078.flac,15
/data/DATASETS/ASV_Spoof_2019_LA/ASVspoof2019_LA_eval/flac/LA_E_8085550.flac,15
/data/DATASETS/ASV_Spoof_2019_LA/ASVspoof2019_LA_eval/flac/LA_E_8089699.flac,15
/data/DATASETS/ASV_Spoof_2019_LA/ASVspoof2019_LA_eval/flac/LA_E_8093579.flac,15
/data/DATASETS/ASV_Spoof_2019_LA/ASVspoof2019_LA_eval/flac/LA_E_8094960.flac,15
/data/DATASETS/ASV_Spoof_2019_LA/ASVspoof2019_LA_eval/flac/LA_E_8100507.flac,15
/data/DATASETS/ASV_Spoof_2019_LA/ASVspoof2019_LA_eval/flac/LA_E_8100691.flac,15
/data/DATASETS/ASV_Spoof_2019_LA/ASVspoof2019_LA_eval/flac/LA_E_8102225.flac,15
/data/DATASETS/ASV_Spoof_2019_LA/ASVspoof2019_LA_eval/flac/LA_E_8103475.flac,15
/data/DATASETS/ASV_Spoof_2019_LA/ASVspoof2019_LA_eval/flac/LA_E_8104163.flac,15
/data/DATASETS/ASV_Spoof_2019_LA/ASVspoof2019_LA_eval/flac/LA_E_8105308.flac,15
/data/DATASETS/ASV_Spoof_2019_LA/ASVspoof2019_LA_eval/flac/LA_E_8106992.flac,15
/data/DATASETS/ASV_Spoof_2019_LA/ASVspoof2019_LA_eval/flac/LA_E_8107011.flac,15
/data/DATASETS/ASV_Spoof_2019_LA/ASVspoof2019_LA_eval/flac/LA_E_8108592.flac,15
/data/DATASETS/ASV_Spoof_2019_LA/ASVspoof2019_LA_eval/flac/LA_E_8108899.flac,15
/data/DATASETS/ASV_Spoof_2019_LA/ASVspoof2019_LA_eval/flac/LA_E_8109535.flac,15
/data/DATASETS/ASV_Spoof_2019_LA/ASVspoof2019_LA_eval/flac/LA_E_8111819.flac,15
/data/DATASETS/ASV_Spoof_2019_LA/ASVspoof2019_LA_eval/flac/LA_E_8114609.flac,15
/data/DATASETS/ASV_Spoof_2019_LA/ASVspoof2019_LA_eval/flac/LA_E_8115602.flac,15
/data/DATASETS/ASV_Spoof_2019_LA/ASVspoof2019_LA_eval/flac/LA_E_8117424.flac,15
/data/DATASETS/ASV_Spoof_2019_LA/ASVspoof2019_LA_eval/flac/LA_E_8121300.flac,15
/data/DATASETS/ASV_Spoof_2019_LA/ASVspoof2019_LA_eval/flac/LA_E_8121565.flac,15
/data/DATASETS/ASV_Spoof_2019_LA/ASVspoof2019_LA_eval/flac/LA_E_8126574.flac,15
/data/DATASETS/ASV_Spoof_2019_LA/ASVspoof2019_LA_eval/flac/LA_E_8129742.flac,15
/data/DATASETS/ASV_Spoof_2019_LA/ASVspoof2019_LA_eval/flac/LA_E_8132310.flac,15
/data/DATASETS/ASV_Spoof_2019_LA/ASVspoof2019_LA_eval/flac/LA_E_8133254.flac,15
/data/DATASETS/ASV_Spoof_2019_LA/ASVspoof2019_LA_eval/flac/LA_E_8138578.flac,15
/data/DATASETS/ASV_Spoof_2019_LA/ASVspoof2019_LA_eval/flac/LA_E_8139147.flac,15
/data/DATASETS/ASV_Spoof_2019_LA/ASVspoof2019_LA_eval/flac/LA_E_8140996.flac,15
/data/DATASETS/ASV_Spoof_2019_LA/ASVspoof2019_LA_eval/flac/LA_E_8142396.flac,15
/data/DATASETS/ASV_Spoof_2019_LA/ASVspoof2019_LA_eval/flac/LA_E_8143576.flac,15
/data/DATASETS/ASV_Spoof_2019_LA/ASVspoof2019_LA_eval/flac/LA_E_8143980.flac,15
/data/DATASETS/ASV_Spoof_2019_LA/ASVspoof2019_LA_eval/flac/LA_E_8145396.flac,15
/data/DATASETS/ASV_Spoof_2019_LA/ASVspoof2019_LA_eval/flac/LA_E_8145705.flac,15
/data/DATASETS/ASV_Spoof_2019_LA/ASVspoof2019_LA_eval/flac/LA_E_8146981.flac,15
/data/DATASETS/ASV_Spoof_2019_LA/ASVspoof2019_LA_eval/flac/LA_E_8147251.flac,15
/data/DATASETS/ASV_Spoof_2019_LA/ASVspoof2019_LA_eval/flac/LA_E_8147899.flac,15
/data/DATASETS/ASV_Spoof_2019_LA/ASVspoof2019_LA_eval/flac/LA_E_8148116.flac,15
/data/DATASETS/ASV_Spoof_2019_LA/ASVspoof2019_LA_eval/flac/LA_E_8150486.flac,15
/data/DATASETS/ASV_Spoof_2019_LA/ASVspoof2019_LA_eval/flac/LA_E_8151523.flac,15
/data/DATASETS/ASV_Spoof_2019_LA/ASVspoof2019_LA_eval/flac/LA_E_8155115.flac,15
/data/DATASETS/ASV_Spoof_2019_LA/ASVspoof2019_LA_eval/flac/LA_E_8155268.flac,15
/data/DATASETS/ASV_Spoof_2019_LA/ASVspoof2019_LA_eval/flac/LA_E_8155315.flac,15
/data/DATASETS/ASV_Spoof_2019_LA/ASVspoof2019_LA_eval/flac/LA_E_8158497.flac,15
/data/DATASETS/ASV_Spoof_2019_LA/ASVspoof2019_LA_eval/flac/LA_E_8159978.flac,15
/data/DATASETS/ASV_Spoof_2019_LA/ASVspoof2019_LA_eval/flac/LA_E_8160816.flac,15
/data/DATASETS/ASV_Spoof_2019_LA/ASVspoof2019_LA_eval/flac/LA_E_8162288.flac,15
/data/DATASETS/ASV_Spoof_2019_LA/ASVspoof2019_LA_eval/flac/LA_E_8165011.flac,15
/data/DATASETS/ASV_Spoof_2019_LA/ASVspoof2019_LA_eval/flac/LA_E_8165052.flac,15
/data/DATASETS/ASV_Spoof_2019_LA/ASVspoof2019_LA_eval/flac/LA_E_8173509.flac,15
/data/DATASETS/ASV_Spoof_2019_LA/ASVspoof2019_LA_eval/flac/LA_E_8174452.flac,15
/data/DATASETS/ASV_Spoof_2019_LA/ASVspoof2019_LA_eval/flac/LA_E_8174468.flac,15
/data/DATASETS/ASV_Spoof_2019_LA/ASVspoof2019_LA_eval/flac/LA_E_8175207.flac,15
/data/DATASETS/ASV_Spoof_2019_LA/ASVspoof2019_LA_eval/flac/LA_E_8175756.flac,15
/data/DATASETS/ASV_Spoof_2019_LA/ASVspoof2019_LA_eval/flac/LA_E_8176413.flac,15
/data/DATASETS/ASV_Spoof_2019_LA/ASVspoof2019_LA_eval/flac/LA_E_8177126.flac,15
/data/DATASETS/ASV_Spoof_2019_LA/ASVspoof2019_LA_eval/flac/LA_E_8177527.flac,15
/data/DATASETS/ASV_Spoof_2019_LA/ASVspoof2019_LA_eval/flac/LA_E_8178721.flac,15
/data/DATASETS/ASV_Spoof_2019_LA/ASVspoof2019_LA_eval/flac/LA_E_8178879.flac,15
/data/DATASETS/ASV_Spoof_2019_LA/ASVspoof2019_LA_eval/flac/LA_E_8180526.flac,15
/data/DATASETS/ASV_Spoof_2019_LA/ASVspoof2019_LA_eval/flac/LA_E_8180888.flac,15
/data/DATASETS/ASV_Spoof_2019_LA/ASVspoof2019_LA_eval/flac/LA_E_8185452.flac,15
/data/DATASETS/ASV_Spoof_2019_LA/ASVspoof2019_LA_eval/flac/LA_E_8187189.flac,15
/data/DATASETS/ASV_Spoof_2019_LA/ASVspoof2019_LA_eval/flac/LA_E_8188084.flac,15
/data/DATASETS/ASV_Spoof_2019_LA/ASVspoof2019_LA_eval/flac/LA_E_8192025.flac,15
/data/DATASETS/ASV_Spoof_2019_LA/ASVspoof2019_LA_eval/flac/LA_E_8192200.flac,15
/data/DATASETS/ASV_Spoof_2019_LA/ASVspoof2019_LA_eval/flac/LA_E_8193067.flac,15
/data/DATASETS/ASV_Spoof_2019_LA/ASVspoof2019_LA_eval/flac/LA_E_8193617.flac,15
/data/DATASETS/ASV_Spoof_2019_LA/ASVspoof2019_LA_eval/flac/LA_E_8198198.flac,15
/data/DATASETS/ASV_Spoof_2019_LA/ASVspoof2019_LA_eval/flac/LA_E_8198708.flac,15
/data/DATASETS/ASV_Spoof_2019_LA/ASVspoof2019_LA_eval/flac/LA_E_8200652.flac,15
/data/DATASETS/ASV_Spoof_2019_LA/ASVspoof2019_LA_eval/flac/LA_E_8202042.flac,15
/data/DATASETS/ASV_Spoof_2019_LA/ASVspoof2019_LA_eval/flac/LA_E_8202624.flac,15
/data/DATASETS/ASV_Spoof_2019_LA/ASVspoof2019_LA_eval/flac/LA_E_8202971.flac,15
/data/DATASETS/ASV_Spoof_2019_LA/ASVspoof2019_LA_eval/flac/LA_E_8205482.flac,15
/data/DATASETS/ASV_Spoof_2019_LA/ASVspoof2019_LA_eval/flac/LA_E_8206431.flac,15
/data/DATASETS/ASV_Spoof_2019_LA/ASVspoof2019_LA_eval/flac/LA_E_8208803.flac,15
/data/DATASETS/ASV_Spoof_2019_LA/ASVspoof2019_LA_eval/flac/LA_E_8211110.flac,15
/data/DATASETS/ASV_Spoof_2019_LA/ASVspoof2019_LA_eval/flac/LA_E_8213115.flac,15
/data/DATASETS/ASV_Spoof_2019_LA/ASVspoof2019_LA_eval/flac/LA_E_8213449.flac,15
/data/DATASETS/ASV_Spoof_2019_LA/ASVspoof2019_LA_eval/flac/LA_E_8215071.flac,15
/data/DATASETS/ASV_Spoof_2019_LA/ASVspoof2019_LA_eval/flac/LA_E_8215487.flac,15
/data/DATASETS/ASV_Spoof_2019_LA/ASVspoof2019_LA_eval/flac/LA_E_8215975.flac,15
/data/DATASETS/ASV_Spoof_2019_LA/ASVspoof2019_LA_eval/flac/LA_E_8217590.flac,15
/data/DATASETS/ASV_Spoof_2019_LA/ASVspoof2019_LA_eval/flac/LA_E_8218820.flac,15
/data/DATASETS/ASV_Spoof_2019_LA/ASVspoof2019_LA_eval/flac/LA_E_8219320.flac,15
/data/DATASETS/ASV_Spoof_2019_LA/ASVspoof2019_LA_eval/flac/LA_E_8227311.flac,15
/data/DATASETS/ASV_Spoof_2019_LA/ASVspoof2019_LA_eval/flac/LA_E_8227913.flac,15
/data/DATASETS/ASV_Spoof_2019_LA/ASVspoof2019_LA_eval/flac/LA_E_8229432.flac,15
/data/DATASETS/ASV_Spoof_2019_LA/ASVspoof2019_LA_eval/flac/LA_E_8229826.flac,15
/data/DATASETS/ASV_Spoof_2019_LA/ASVspoof2019_LA_eval/flac/LA_E_8230954.flac,15
/data/DATASETS/ASV_Spoof_2019_LA/ASVspoof2019_LA_eval/flac/LA_E_8233580.flac,15
/data/DATASETS/ASV_Spoof_2019_LA/ASVspoof2019_LA_eval/flac/LA_E_8236492.flac,15
/data/DATASETS/ASV_Spoof_2019_LA/ASVspoof2019_LA_eval/flac/LA_E_8236710.flac,15
/data/DATASETS/ASV_Spoof_2019_LA/ASVspoof2019_LA_eval/flac/LA_E_8239027.flac,15
/data/DATASETS/ASV_Spoof_2019_LA/ASVspoof2019_LA_eval/flac/LA_E_8241595.flac,15
/data/DATASETS/ASV_Spoof_2019_LA/ASVspoof2019_LA_eval/flac/LA_E_8247154.flac,15
/data/DATASETS/ASV_Spoof_2019_LA/ASVspoof2019_LA_eval/flac/LA_E_8247451.flac,15
/data/DATASETS/ASV_Spoof_2019_LA/ASVspoof2019_LA_eval/flac/LA_E_8247636.flac,15
/data/DATASETS/ASV_Spoof_2019_LA/ASVspoof2019_LA_eval/flac/LA_E_8251579.flac,15
/data/DATASETS/ASV_Spoof_2019_LA/ASVspoof2019_LA_eval/flac/LA_E_8252345.flac,15
/data/DATASETS/ASV_Spoof_2019_LA/ASVspoof2019_LA_eval/flac/LA_E_8252822.flac,15
/data/DATASETS/ASV_Spoof_2019_LA/ASVspoof2019_LA_eval/flac/LA_E_8255029.flac,15
/data/DATASETS/ASV_Spoof_2019_LA/ASVspoof2019_LA_eval/flac/LA_E_8261467.flac,15
/data/DATASETS/ASV_Spoof_2019_LA/ASVspoof2019_LA_eval/flac/LA_E_8262123.flac,15
/data/DATASETS/ASV_Spoof_2019_LA/ASVspoof2019_LA_eval/flac/LA_E_8264013.flac,15
/data/DATASETS/ASV_Spoof_2019_LA/ASVspoof2019_LA_eval/flac/LA_E_8267831.flac,15
/data/DATASETS/ASV_Spoof_2019_LA/ASVspoof2019_LA_eval/flac/LA_E_8269285.flac,15
/data/DATASETS/ASV_Spoof_2019_LA/ASVspoof2019_LA_eval/flac/LA_E_8272133.flac,15
/data/DATASETS/ASV_Spoof_2019_LA/ASVspoof2019_LA_eval/flac/LA_E_8272340.flac,15
/data/DATASETS/ASV_Spoof_2019_LA/ASVspoof2019_LA_eval/flac/LA_E_8272743.flac,15
/data/DATASETS/ASV_Spoof_2019_LA/ASVspoof2019_LA_eval/flac/LA_E_8274765.flac,15
/data/DATASETS/ASV_Spoof_2019_LA/ASVspoof2019_LA_eval/flac/LA_E_8277549.flac,15
/data/DATASETS/ASV_Spoof_2019_LA/ASVspoof2019_LA_eval/flac/LA_E_8277896.flac,15
/data/DATASETS/ASV_Spoof_2019_LA/ASVspoof2019_LA_eval/flac/LA_E_8279191.flac,15
/data/DATASETS/ASV_Spoof_2019_LA/ASVspoof2019_LA_eval/flac/LA_E_8297273.flac,15
/data/DATASETS/ASV_Spoof_2019_LA/ASVspoof2019_LA_eval/flac/LA_E_8297807.flac,15
/data/DATASETS/ASV_Spoof_2019_LA/ASVspoof2019_LA_eval/flac/LA_E_8298547.flac,15
/data/DATASETS/ASV_Spoof_2019_LA/ASVspoof2019_LA_eval/flac/LA_E_8299383.flac,15
/data/DATASETS/ASV_Spoof_2019_LA/ASVspoof2019_LA_eval/flac/LA_E_8300751.flac,15
/data/DATASETS/ASV_Spoof_2019_LA/ASVspoof2019_LA_eval/flac/LA_E_8303668.flac,15
/data/DATASETS/ASV_Spoof_2019_LA/ASVspoof2019_LA_eval/flac/LA_E_8306401.flac,15
/data/DATASETS/ASV_Spoof_2019_LA/ASVspoof2019_LA_eval/flac/LA_E_8310251.flac,15
/data/DATASETS/ASV_Spoof_2019_LA/ASVspoof2019_LA_eval/flac/LA_E_8313069.flac,15
/data/DATASETS/ASV_Spoof_2019_LA/ASVspoof2019_LA_eval/flac/LA_E_8313692.flac,15
/data/DATASETS/ASV_Spoof_2019_LA/ASVspoof2019_LA_eval/flac/LA_E_8314642.flac,15
/data/DATASETS/ASV_Spoof_2019_LA/ASVspoof2019_LA_eval/flac/LA_E_8316279.flac,15
/data/DATASETS/ASV_Spoof_2019_LA/ASVspoof2019_LA_eval/flac/LA_E_8317443.flac,15
/data/DATASETS/ASV_Spoof_2019_LA/ASVspoof2019_LA_eval/flac/LA_E_8318576.flac,15
/data/DATASETS/ASV_Spoof_2019_LA/ASVspoof2019_LA_eval/flac/LA_E_8318623.flac,15
/data/DATASETS/ASV_Spoof_2019_LA/ASVspoof2019_LA_eval/flac/LA_E_8318852.flac,15
/data/DATASETS/ASV_Spoof_2019_LA/ASVspoof2019_LA_eval/flac/LA_E_8319103.flac,15
/data/DATASETS/ASV_Spoof_2019_LA/ASVspoof2019_LA_eval/flac/LA_E_8325002.flac,15
/data/DATASETS/ASV_Spoof_2019_LA/ASVspoof2019_LA_eval/flac/LA_E_8326357.flac,15
/data/DATASETS/ASV_Spoof_2019_LA/ASVspoof2019_LA_eval/flac/LA_E_8327981.flac,15
/data/DATASETS/ASV_Spoof_2019_LA/ASVspoof2019_LA_eval/flac/LA_E_8330989.flac,15
/data/DATASETS/ASV_Spoof_2019_LA/ASVspoof2019_LA_eval/flac/LA_E_8332229.flac,15
/data/DATASETS/ASV_Spoof_2019_LA/ASVspoof2019_LA_eval/flac/LA_E_8334477.flac,15
/data/DATASETS/ASV_Spoof_2019_LA/ASVspoof2019_LA_eval/flac/LA_E_8338661.flac,15
/data/DATASETS/ASV_Spoof_2019_LA/ASVspoof2019_LA_eval/flac/LA_E_8338746.flac,15
/data/DATASETS/ASV_Spoof_2019_LA/ASVspoof2019_LA_eval/flac/LA_E_8339263.flac,15
/data/DATASETS/ASV_Spoof_2019_LA/ASVspoof2019_LA_eval/flac/LA_E_8342062.flac,15
/data/DATASETS/ASV_Spoof_2019_LA/ASVspoof2019_LA_eval/flac/LA_E_8342095.flac,15
/data/DATASETS/ASV_Spoof_2019_LA/ASVspoof2019_LA_eval/flac/LA_E_8342681.flac,15
/data/DATASETS/ASV_Spoof_2019_LA/ASVspoof2019_LA_eval/flac/LA_E_8344113.flac,15
/data/DATASETS/ASV_Spoof_2019_LA/ASVspoof2019_LA_eval/flac/LA_E_8344978.flac,15
/data/DATASETS/ASV_Spoof_2019_LA/ASVspoof2019_LA_eval/flac/LA_E_8345019.flac,15
/data/DATASETS/ASV_Spoof_2019_LA/ASVspoof2019_LA_eval/flac/LA_E_8353691.flac,15
/data/DATASETS/ASV_Spoof_2019_LA/ASVspoof2019_LA_eval/flac/LA_E_8358618.flac,15
/data/DATASETS/ASV_Spoof_2019_LA/ASVspoof2019_LA_eval/flac/LA_E_8360722.flac,15
/data/DATASETS/ASV_Spoof_2019_LA/ASVspoof2019_LA_eval/flac/LA_E_8367785.flac,15
/data/DATASETS/ASV_Spoof_2019_LA/ASVspoof2019_LA_eval/flac/LA_E_8370205.flac,15
/data/DATASETS/ASV_Spoof_2019_LA/ASVspoof2019_LA_eval/flac/LA_E_8370487.flac,15
/data/DATASETS/ASV_Spoof_2019_LA/ASVspoof2019_LA_eval/flac/LA_E_8371100.flac,15
/data/DATASETS/ASV_Spoof_2019_LA/ASVspoof2019_LA_eval/flac/LA_E_8373944.flac,15
/data/DATASETS/ASV_Spoof_2019_LA/ASVspoof2019_LA_eval/flac/LA_E_8374329.flac,15
/data/DATASETS/ASV_Spoof_2019_LA/ASVspoof2019_LA_eval/flac/LA_E_8375522.flac,15
/data/DATASETS/ASV_Spoof_2019_LA/ASVspoof2019_LA_eval/flac/LA_E_8375675.flac,15
/data/DATASETS/ASV_Spoof_2019_LA/ASVspoof2019_LA_eval/flac/LA_E_8385047.flac,15
/data/DATASETS/ASV_Spoof_2019_LA/ASVspoof2019_LA_eval/flac/LA_E_8385829.flac,15
/data/DATASETS/ASV_Spoof_2019_LA/ASVspoof2019_LA_eval/flac/LA_E_8388016.flac,15
/data/DATASETS/ASV_Spoof_2019_LA/ASVspoof2019_LA_eval/flac/LA_E_8388218.flac,15
/data/DATASETS/ASV_Spoof_2019_LA/ASVspoof2019_LA_eval/flac/LA_E_8391505.flac,15
/data/DATASETS/ASV_Spoof_2019_LA/ASVspoof2019_LA_eval/flac/LA_E_8392794.flac,15
/data/DATASETS/ASV_Spoof_2019_LA/ASVspoof2019_LA_eval/flac/LA_E_8394751.flac,15
/data/DATASETS/ASV_Spoof_2019_LA/ASVspoof2019_LA_eval/flac/LA_E_8394888.flac,15
/data/DATASETS/ASV_Spoof_2019_LA/ASVspoof2019_LA_eval/flac/LA_E_8395280.flac,15
/data/DATASETS/ASV_Spoof_2019_LA/ASVspoof2019_LA_eval/flac/LA_E_8396540.flac,15
/data/DATASETS/ASV_Spoof_2019_LA/ASVspoof2019_LA_eval/flac/LA_E_8397717.flac,15
/data/DATASETS/ASV_Spoof_2019_LA/ASVspoof2019_LA_eval/flac/LA_E_8398042.flac,15
/data/DATASETS/ASV_Spoof_2019_LA/ASVspoof2019_LA_eval/flac/LA_E_8406780.flac,15
/data/DATASETS/ASV_Spoof_2019_LA/ASVspoof2019_LA_eval/flac/LA_E_8410807.flac,15
/data/DATASETS/ASV_Spoof_2019_LA/ASVspoof2019_LA_eval/flac/LA_E_8411131.flac,15
/data/DATASETS/ASV_Spoof_2019_LA/ASVspoof2019_LA_eval/flac/LA_E_8419601.flac,15
/data/DATASETS/ASV_Spoof_2019_LA/ASVspoof2019_LA_eval/flac/LA_E_8420849.flac,15
/data/DATASETS/ASV_Spoof_2019_LA/ASVspoof2019_LA_eval/flac/LA_E_8422964.flac,15
/data/DATASETS/ASV_Spoof_2019_LA/ASVspoof2019_LA_eval/flac/LA_E_8424796.flac,15
/data/DATASETS/ASV_Spoof_2019_LA/ASVspoof2019_LA_eval/flac/LA_E_8426006.flac,15
/data/DATASETS/ASV_Spoof_2019_LA/ASVspoof2019_LA_eval/flac/LA_E_8427029.flac,15
/data/DATASETS/ASV_Spoof_2019_LA/ASVspoof2019_LA_eval/flac/LA_E_8429623.flac,15
/data/DATASETS/ASV_Spoof_2019_LA/ASVspoof2019_LA_eval/flac/LA_E_8435966.flac,15
/data/DATASETS/ASV_Spoof_2019_LA/ASVspoof2019_LA_eval/flac/LA_E_8436264.flac,15
/data/DATASETS/ASV_Spoof_2019_LA/ASVspoof2019_LA_eval/flac/LA_E_8436553.flac,15
/data/DATASETS/ASV_Spoof_2019_LA/ASVspoof2019_LA_eval/flac/LA_E_8437287.flac,15
/data/DATASETS/ASV_Spoof_2019_LA/ASVspoof2019_LA_eval/flac/LA_E_8438557.flac,15
/data/DATASETS/ASV_Spoof_2019_LA/ASVspoof2019_LA_eval/flac/LA_E_8439581.flac,15
/data/DATASETS/ASV_Spoof_2019_LA/ASVspoof2019_LA_eval/flac/LA_E_8441548.flac,15
/data/DATASETS/ASV_Spoof_2019_LA/ASVspoof2019_LA_eval/flac/LA_E_8448830.flac,15
/data/DATASETS/ASV_Spoof_2019_LA/ASVspoof2019_LA_eval/flac/LA_E_8452214.flac,15
/data/DATASETS/ASV_Spoof_2019_LA/ASVspoof2019_LA_eval/flac/LA_E_8452602.flac,15
/data/DATASETS/ASV_Spoof_2019_LA/ASVspoof2019_LA_eval/flac/LA_E_8453428.flac,15
/data/DATASETS/ASV_Spoof_2019_LA/ASVspoof2019_LA_eval/flac/LA_E_8454706.flac,15
/data/DATASETS/ASV_Spoof_2019_LA/ASVspoof2019_LA_eval/flac/LA_E_8455175.flac,15
/data/DATASETS/ASV_Spoof_2019_LA/ASVspoof2019_LA_eval/flac/LA_E_8459581.flac,15
/data/DATASETS/ASV_Spoof_2019_LA/ASVspoof2019_LA_eval/flac/LA_E_8471205.flac,15
/data/DATASETS/ASV_Spoof_2019_LA/ASVspoof2019_LA_eval/flac/LA_E_8471515.flac,15
/data/DATASETS/ASV_Spoof_2019_LA/ASVspoof2019_LA_eval/flac/LA_E_8473170.flac,15
/data/DATASETS/ASV_Spoof_2019_LA/ASVspoof2019_LA_eval/flac/LA_E_8474513.flac,15
/data/DATASETS/ASV_Spoof_2019_LA/ASVspoof2019_LA_eval/flac/LA_E_8477170.flac,15
/data/DATASETS/ASV_Spoof_2019_LA/ASVspoof2019_LA_eval/flac/LA_E_8479973.flac,15
/data/DATASETS/ASV_Spoof_2019_LA/ASVspoof2019_LA_eval/flac/LA_E_8484941.flac,15
/data/DATASETS/ASV_Spoof_2019_LA/ASVspoof2019_LA_eval/flac/LA_E_8488379.flac,15
/data/DATASETS/ASV_Spoof_2019_LA/ASVspoof2019_LA_eval/flac/LA_E_8489901.flac,15
/data/DATASETS/ASV_Spoof_2019_LA/ASVspoof2019_LA_eval/flac/LA_E_8490008.flac,15
/data/DATASETS/ASV_Spoof_2019_LA/ASVspoof2019_LA_eval/flac/LA_E_8496739.flac,15
/data/DATASETS/ASV_Spoof_2019_LA/ASVspoof2019_LA_eval/flac/LA_E_8497376.flac,15
/data/DATASETS/ASV_Spoof_2019_LA/ASVspoof2019_LA_eval/flac/LA_E_8499820.flac,15
/data/DATASETS/ASV_Spoof_2019_LA/ASVspoof2019_LA_eval/flac/LA_E_8501975.flac,15
/data/DATASETS/ASV_Spoof_2019_LA/ASVspoof2019_LA_eval/flac/LA_E_8504732.flac,15
/data/DATASETS/ASV_Spoof_2019_LA/ASVspoof2019_LA_eval/flac/LA_E_8505669.flac,15
/data/DATASETS/ASV_Spoof_2019_LA/ASVspoof2019_LA_eval/flac/LA_E_8505856.flac,15
/data/DATASETS/ASV_Spoof_2019_LA/ASVspoof2019_LA_eval/flac/LA_E_8506518.flac,15
/data/DATASETS/ASV_Spoof_2019_LA/ASVspoof2019_LA_eval/flac/LA_E_8506554.flac,15
/data/DATASETS/ASV_Spoof_2019_LA/ASVspoof2019_LA_eval/flac/LA_E_8506641.flac,15
/data/DATASETS/ASV_Spoof_2019_LA/ASVspoof2019_LA_eval/flac/LA_E_8507239.flac,15
/data/DATASETS/ASV_Spoof_2019_LA/ASVspoof2019_LA_eval/flac/LA_E_8508985.flac,15
/data/DATASETS/ASV_Spoof_2019_LA/ASVspoof2019_LA_eval/flac/LA_E_8514810.flac,15
/data/DATASETS/ASV_Spoof_2019_LA/ASVspoof2019_LA_eval/flac/LA_E_8516438.flac,15
/data/DATASETS/ASV_Spoof_2019_LA/ASVspoof2019_LA_eval/flac/LA_E_8524198.flac,15
/data/DATASETS/ASV_Spoof_2019_LA/ASVspoof2019_LA_eval/flac/LA_E_8526864.flac,15
/data/DATASETS/ASV_Spoof_2019_LA/ASVspoof2019_LA_eval/flac/LA_E_8526879.flac,15
/data/DATASETS/ASV_Spoof_2019_LA/ASVspoof2019_LA_eval/flac/LA_E_8530721.flac,15
/data/DATASETS/ASV_Spoof_2019_LA/ASVspoof2019_LA_eval/flac/LA_E_8531166.flac,15
/data/DATASETS/ASV_Spoof_2019_LA/ASVspoof2019_LA_eval/flac/LA_E_8531602.flac,15
/data/DATASETS/ASV_Spoof_2019_LA/ASVspoof2019_LA_eval/flac/LA_E_8532397.flac,15
/data/DATASETS/ASV_Spoof_2019_LA/ASVspoof2019_LA_eval/flac/LA_E_8536145.flac,15
/data/DATASETS/ASV_Spoof_2019_LA/ASVspoof2019_LA_eval/flac/LA_E_8538947.flac,15
/data/DATASETS/ASV_Spoof_2019_LA/ASVspoof2019_LA_eval/flac/LA_E_8540952.flac,15
/data/DATASETS/ASV_Spoof_2019_LA/ASVspoof2019_LA_eval/flac/LA_E_8541104.flac,15
/data/DATASETS/ASV_Spoof_2019_LA/ASVspoof2019_LA_eval/flac/LA_E_8545888.flac,15
/data/DATASETS/ASV_Spoof_2019_LA/ASVspoof2019_LA_eval/flac/LA_E_8547341.flac,15
/data/DATASETS/ASV_Spoof_2019_LA/ASVspoof2019_LA_eval/flac/LA_E_8548502.flac,15
/data/DATASETS/ASV_Spoof_2019_LA/ASVspoof2019_LA_eval/flac/LA_E_8554117.flac,15
/data/DATASETS/ASV_Spoof_2019_LA/ASVspoof2019_LA_eval/flac/LA_E_8556877.flac,15
/data/DATASETS/ASV_Spoof_2019_LA/ASVspoof2019_LA_eval/flac/LA_E_8558166.flac,15
/data/DATASETS/ASV_Spoof_2019_LA/ASVspoof2019_LA_eval/flac/LA_E_8559838.flac,15
/data/DATASETS/ASV_Spoof_2019_LA/ASVspoof2019_LA_eval/flac/LA_E_8561479.flac,15
/data/DATASETS/ASV_Spoof_2019_LA/ASVspoof2019_LA_eval/flac/LA_E_8562737.flac,15
/data/DATASETS/ASV_Spoof_2019_LA/ASVspoof2019_LA_eval/flac/LA_E_8563875.flac,15
/data/DATASETS/ASV_Spoof_2019_LA/ASVspoof2019_LA_eval/flac/LA_E_8567509.flac,15
/data/DATASETS/ASV_Spoof_2019_LA/ASVspoof2019_LA_eval/flac/LA_E_8567881.flac,15
/data/DATASETS/ASV_Spoof_2019_LA/ASVspoof2019_LA_eval/flac/LA_E_8569989.flac,15
/data/DATASETS/ASV_Spoof_2019_LA/ASVspoof2019_LA_eval/flac/LA_E_8570557.flac,15
/data/DATASETS/ASV_Spoof_2019_LA/ASVspoof2019_LA_eval/flac/LA_E_8575303.flac,15
/data/DATASETS/ASV_Spoof_2019_LA/ASVspoof2019_LA_eval/flac/LA_E_8576534.flac,15
/data/DATASETS/ASV_Spoof_2019_LA/ASVspoof2019_LA_eval/flac/LA_E_8577127.flac,15
/data/DATASETS/ASV_Spoof_2019_LA/ASVspoof2019_LA_eval/flac/LA_E_8579708.flac,15
/data/DATASETS/ASV_Spoof_2019_LA/ASVspoof2019_LA_eval/flac/LA_E_8579801.flac,15
/data/DATASETS/ASV_Spoof_2019_LA/ASVspoof2019_LA_eval/flac/LA_E_8580434.flac,15
/data/DATASETS/ASV_Spoof_2019_LA/ASVspoof2019_LA_eval/flac/LA_E_8580705.flac,15
/data/DATASETS/ASV_Spoof_2019_LA/ASVspoof2019_LA_eval/flac/LA_E_8584604.flac,15
/data/DATASETS/ASV_Spoof_2019_LA/ASVspoof2019_LA_eval/flac/LA_E_8587592.flac,15
/data/DATASETS/ASV_Spoof_2019_LA/ASVspoof2019_LA_eval/flac/LA_E_8589268.flac,15
/data/DATASETS/ASV_Spoof_2019_LA/ASVspoof2019_LA_eval/flac/LA_E_8591467.flac,15
/data/DATASETS/ASV_Spoof_2019_LA/ASVspoof2019_LA_eval/flac/LA_E_8591959.flac,15
/data/DATASETS/ASV_Spoof_2019_LA/ASVspoof2019_LA_eval/flac/LA_E_8592790.flac,15
/data/DATASETS/ASV_Spoof_2019_LA/ASVspoof2019_LA_eval/flac/LA_E_8593989.flac,15
/data/DATASETS/ASV_Spoof_2019_LA/ASVspoof2019_LA_eval/flac/LA_E_8607150.flac,15
/data/DATASETS/ASV_Spoof_2019_LA/ASVspoof2019_LA_eval/flac/LA_E_8607648.flac,15
/data/DATASETS/ASV_Spoof_2019_LA/ASVspoof2019_LA_eval/flac/LA_E_8607833.flac,15
/data/DATASETS/ASV_Spoof_2019_LA/ASVspoof2019_LA_eval/flac/LA_E_8608251.flac,15
/data/DATASETS/ASV_Spoof_2019_LA/ASVspoof2019_LA_eval/flac/LA_E_8609495.flac,15
/data/DATASETS/ASV_Spoof_2019_LA/ASVspoof2019_LA_eval/flac/LA_E_8610522.flac,15
/data/DATASETS/ASV_Spoof_2019_LA/ASVspoof2019_LA_eval/flac/LA_E_8610964.flac,15
/data/DATASETS/ASV_Spoof_2019_LA/ASVspoof2019_LA_eval/flac/LA_E_8611757.flac,15
/data/DATASETS/ASV_Spoof_2019_LA/ASVspoof2019_LA_eval/flac/LA_E_8614080.flac,15
/data/DATASETS/ASV_Spoof_2019_LA/ASVspoof2019_LA_eval/flac/LA_E_8616111.flac,15
/data/DATASETS/ASV_Spoof_2019_LA/ASVspoof2019_LA_eval/flac/LA_E_8619173.flac,15
/data/DATASETS/ASV_Spoof_2019_LA/ASVspoof2019_LA_eval/flac/LA_E_8620728.flac,15
/data/DATASETS/ASV_Spoof_2019_LA/ASVspoof2019_LA_eval/flac/LA_E_8621720.flac,15
/data/DATASETS/ASV_Spoof_2019_LA/ASVspoof2019_LA_eval/flac/LA_E_8622279.flac,15
/data/DATASETS/ASV_Spoof_2019_LA/ASVspoof2019_LA_eval/flac/LA_E_8626440.flac,15
/data/DATASETS/ASV_Spoof_2019_LA/ASVspoof2019_LA_eval/flac/LA_E_8626738.flac,15
/data/DATASETS/ASV_Spoof_2019_LA/ASVspoof2019_LA_eval/flac/LA_E_8630327.flac,15
/data/DATASETS/ASV_Spoof_2019_LA/ASVspoof2019_LA_eval/flac/LA_E_8632976.flac,15
/data/DATASETS/ASV_Spoof_2019_LA/ASVspoof2019_LA_eval/flac/LA_E_8633747.flac,15
/data/DATASETS/ASV_Spoof_2019_LA/ASVspoof2019_LA_eval/flac/LA_E_8640831.flac,15
/data/DATASETS/ASV_Spoof_2019_LA/ASVspoof2019_LA_eval/flac/LA_E_8641480.flac,15
/data/DATASETS/ASV_Spoof_2019_LA/ASVspoof2019_LA_eval/flac/LA_E_8643151.flac,15
/data/DATASETS/ASV_Spoof_2019_LA/ASVspoof2019_LA_eval/flac/LA_E_8643260.flac,15
/data/DATASETS/ASV_Spoof_2019_LA/ASVspoof2019_LA_eval/flac/LA_E_8644529.flac,15
/data/DATASETS/ASV_Spoof_2019_LA/ASVspoof2019_LA_eval/flac/LA_E_8645339.flac,15
/data/DATASETS/ASV_Spoof_2019_LA/ASVspoof2019_LA_eval/flac/LA_E_8648028.flac,15
/data/DATASETS/ASV_Spoof_2019_LA/ASVspoof2019_LA_eval/flac/LA_E_8654037.flac,15
/data/DATASETS/ASV_Spoof_2019_LA/ASVspoof2019_LA_eval/flac/LA_E_8654706.flac,15
/data/DATASETS/ASV_Spoof_2019_LA/ASVspoof2019_LA_eval/flac/LA_E_8654771.flac,15
/data/DATASETS/ASV_Spoof_2019_LA/ASVspoof2019_LA_eval/flac/LA_E_8655759.flac,15
/data/DATASETS/ASV_Spoof_2019_LA/ASVspoof2019_LA_eval/flac/LA_E_8656747.flac,15
/data/DATASETS/ASV_Spoof_2019_LA/ASVspoof2019_LA_eval/flac/LA_E_8657655.flac,15
/data/DATASETS/ASV_Spoof_2019_LA/ASVspoof2019_LA_eval/flac/LA_E_8657915.flac,15
/data/DATASETS/ASV_Spoof_2019_LA/ASVspoof2019_LA_eval/flac/LA_E_8658369.flac,15
/data/DATASETS/ASV_Spoof_2019_LA/ASVspoof2019_LA_eval/flac/LA_E_8659041.flac,15
/data/DATASETS/ASV_Spoof_2019_LA/ASVspoof2019_LA_eval/flac/LA_E_8660650.flac,15
/data/DATASETS/ASV_Spoof_2019_LA/ASVspoof2019_LA_eval/flac/LA_E_8661007.flac,15
/data/DATASETS/ASV_Spoof_2019_LA/ASVspoof2019_LA_eval/flac/LA_E_8662229.flac,15
/data/DATASETS/ASV_Spoof_2019_LA/ASVspoof2019_LA_eval/flac/LA_E_8662429.flac,15
/data/DATASETS/ASV_Spoof_2019_LA/ASVspoof2019_LA_eval/flac/LA_E_8664027.flac,15
/data/DATASETS/ASV_Spoof_2019_LA/ASVspoof2019_LA_eval/flac/LA_E_8665212.flac,15
/data/DATASETS/ASV_Spoof_2019_LA/ASVspoof2019_LA_eval/flac/LA_E_8669832.flac,15
/data/DATASETS/ASV_Spoof_2019_LA/ASVspoof2019_LA_eval/flac/LA_E_8671763.flac,15
/data/DATASETS/ASV_Spoof_2019_LA/ASVspoof2019_LA_eval/flac/LA_E_8673445.flac,15
/data/DATASETS/ASV_Spoof_2019_LA/ASVspoof2019_LA_eval/flac/LA_E_8676072.flac,15
/data/DATASETS/ASV_Spoof_2019_LA/ASVspoof2019_LA_eval/flac/LA_E_8678763.flac,15
/data/DATASETS/ASV_Spoof_2019_LA/ASVspoof2019_LA_eval/flac/LA_E_8679260.flac,15
/data/DATASETS/ASV_Spoof_2019_LA/ASVspoof2019_LA_eval/flac/LA_E_8679888.flac,15
/data/DATASETS/ASV_Spoof_2019_LA/ASVspoof2019_LA_eval/flac/LA_E_8680030.flac,15
/data/DATASETS/ASV_Spoof_2019_LA/ASVspoof2019_LA_eval/flac/LA_E_8682956.flac,15
/data/DATASETS/ASV_Spoof_2019_LA/ASVspoof2019_LA_eval/flac/LA_E_8685582.flac,15
/data/DATASETS/ASV_Spoof_2019_LA/ASVspoof2019_LA_eval/flac/LA_E_8687680.flac,15
/data/DATASETS/ASV_Spoof_2019_LA/ASVspoof2019_LA_eval/flac/LA_E_8687891.flac,15
/data/DATASETS/ASV_Spoof_2019_LA/ASVspoof2019_LA_eval/flac/LA_E_8688505.flac,15
/data/DATASETS/ASV_Spoof_2019_LA/ASVspoof2019_LA_eval/flac/LA_E_8691769.flac,15
/data/DATASETS/ASV_Spoof_2019_LA/ASVspoof2019_LA_eval/flac/LA_E_8696778.flac,15
/data/DATASETS/ASV_Spoof_2019_LA/ASVspoof2019_LA_eval/flac/LA_E_8696883.flac,15
/data/DATASETS/ASV_Spoof_2019_LA/ASVspoof2019_LA_eval/flac/LA_E_8697795.flac,15
/data/DATASETS/ASV_Spoof_2019_LA/ASVspoof2019_LA_eval/flac/LA_E_8699280.flac,15
/data/DATASETS/ASV_Spoof_2019_LA/ASVspoof2019_LA_eval/flac/LA_E_8700438.flac,15
/data/DATASETS/ASV_Spoof_2019_LA/ASVspoof2019_LA_eval/flac/LA_E_8702765.flac,15
/data/DATASETS/ASV_Spoof_2019_LA/ASVspoof2019_LA_eval/flac/LA_E_8705479.flac,15
/data/DATASETS/ASV_Spoof_2019_LA/ASVspoof2019_LA_eval/flac/LA_E_8705504.flac,15
/data/DATASETS/ASV_Spoof_2019_LA/ASVspoof2019_LA_eval/flac/LA_E_8706140.flac,15
/data/DATASETS/ASV_Spoof_2019_LA/ASVspoof2019_LA_eval/flac/LA_E_8707357.flac,15
/data/DATASETS/ASV_Spoof_2019_LA/ASVspoof2019_LA_eval/flac/LA_E_8708037.flac,15
/data/DATASETS/ASV_Spoof_2019_LA/ASVspoof2019_LA_eval/flac/LA_E_8708810.flac,15
/data/DATASETS/ASV_Spoof_2019_LA/ASVspoof2019_LA_eval/flac/LA_E_8709096.flac,15
/data/DATASETS/ASV_Spoof_2019_LA/ASVspoof2019_LA_eval/flac/LA_E_8709406.flac,15
/data/DATASETS/ASV_Spoof_2019_LA/ASVspoof2019_LA_eval/flac/LA_E_8710739.flac,15
/data/DATASETS/ASV_Spoof_2019_LA/ASVspoof2019_LA_eval/flac/LA_E_8712188.flac,15
/data/DATASETS/ASV_Spoof_2019_LA/ASVspoof2019_LA_eval/flac/LA_E_8713414.flac,15
/data/DATASETS/ASV_Spoof_2019_LA/ASVspoof2019_LA_eval/flac/LA_E_8713465.flac,15
/data/DATASETS/ASV_Spoof_2019_LA/ASVspoof2019_LA_eval/flac/LA_E_8713586.flac,15
/data/DATASETS/ASV_Spoof_2019_LA/ASVspoof2019_LA_eval/flac/LA_E_8716579.flac,15
/data/DATASETS/ASV_Spoof_2019_LA/ASVspoof2019_LA_eval/flac/LA_E_8718922.flac,15
/data/DATASETS/ASV_Spoof_2019_LA/ASVspoof2019_LA_eval/flac/LA_E_8719007.flac,15
/data/DATASETS/ASV_Spoof_2019_LA/ASVspoof2019_LA_eval/flac/LA_E_8719503.flac,15
/data/DATASETS/ASV_Spoof_2019_LA/ASVspoof2019_LA_eval/flac/LA_E_8720853.flac,15
/data/DATASETS/ASV_Spoof_2019_LA/ASVspoof2019_LA_eval/flac/LA_E_8721975.flac,15
/data/DATASETS/ASV_Spoof_2019_LA/ASVspoof2019_LA_eval/flac/LA_E_8723699.flac,15
/data/DATASETS/ASV_Spoof_2019_LA/ASVspoof2019_LA_eval/flac/LA_E_8725018.flac,15
/data/DATASETS/ASV_Spoof_2019_LA/ASVspoof2019_LA_eval/flac/LA_E_8726612.flac,15
/data/DATASETS/ASV_Spoof_2019_LA/ASVspoof2019_LA_eval/flac/LA_E_8730039.flac,15
/data/DATASETS/ASV_Spoof_2019_LA/ASVspoof2019_LA_eval/flac/LA_E_8731566.flac,15
/data/DATASETS/ASV_Spoof_2019_LA/ASVspoof2019_LA_eval/flac/LA_E_8732687.flac,15
/data/DATASETS/ASV_Spoof_2019_LA/ASVspoof2019_LA_eval/flac/LA_E_8732967.flac,15
/data/DATASETS/ASV_Spoof_2019_LA/ASVspoof2019_LA_eval/flac/LA_E_8733873.flac,15
/data/DATASETS/ASV_Spoof_2019_LA/ASVspoof2019_LA_eval/flac/LA_E_8736525.flac,15
/data/DATASETS/ASV_Spoof_2019_LA/ASVspoof2019_LA_eval/flac/LA_E_8740963.flac,15
/data/DATASETS/ASV_Spoof_2019_LA/ASVspoof2019_LA_eval/flac/LA_E_8741311.flac,15
/data/DATASETS/ASV_Spoof_2019_LA/ASVspoof2019_LA_eval/flac/LA_E_8741753.flac,15
/data/DATASETS/ASV_Spoof_2019_LA/ASVspoof2019_LA_eval/flac/LA_E_8742254.flac,15
/data/DATASETS/ASV_Spoof_2019_LA/ASVspoof2019_LA_eval/flac/LA_E_8742559.flac,15
/data/DATASETS/ASV_Spoof_2019_LA/ASVspoof2019_LA_eval/flac/LA_E_8743648.flac,15
/data/DATASETS/ASV_Spoof_2019_LA/ASVspoof2019_LA_eval/flac/LA_E_8743662.flac,15
/data/DATASETS/ASV_Spoof_2019_LA/ASVspoof2019_LA_eval/flac/LA_E_8744604.flac,15
/data/DATASETS/ASV_Spoof_2019_LA/ASVspoof2019_LA_eval/flac/LA_E_8747256.flac,15
/data/DATASETS/ASV_Spoof_2019_LA/ASVspoof2019_LA_eval/flac/LA_E_8762280.flac,15
/data/DATASETS/ASV_Spoof_2019_LA/ASVspoof2019_LA_eval/flac/LA_E_8763570.flac,15
/data/DATASETS/ASV_Spoof_2019_LA/ASVspoof2019_LA_eval/flac/LA_E_8764599.flac,15
/data/DATASETS/ASV_Spoof_2019_LA/ASVspoof2019_LA_eval/flac/LA_E_8765069.flac,15
/data/DATASETS/ASV_Spoof_2019_LA/ASVspoof2019_LA_eval/flac/LA_E_8767499.flac,15
/data/DATASETS/ASV_Spoof_2019_LA/ASVspoof2019_LA_eval/flac/LA_E_8769820.flac,15
/data/DATASETS/ASV_Spoof_2019_LA/ASVspoof2019_LA_eval/flac/LA_E_8770330.flac,15
/data/DATASETS/ASV_Spoof_2019_LA/ASVspoof2019_LA_eval/flac/LA_E_8771461.flac,15
/data/DATASETS/ASV_Spoof_2019_LA/ASVspoof2019_LA_eval/flac/LA_E_8774334.flac,15
/data/DATASETS/ASV_Spoof_2019_LA/ASVspoof2019_LA_eval/flac/LA_E_8776690.flac,15
/data/DATASETS/ASV_Spoof_2019_LA/ASVspoof2019_LA_eval/flac/LA_E_8778041.flac,15
/data/DATASETS/ASV_Spoof_2019_LA/ASVspoof2019_LA_eval/flac/LA_E_8782715.flac,15
/data/DATASETS/ASV_Spoof_2019_LA/ASVspoof2019_LA_eval/flac/LA_E_8782719.flac,15
/data/DATASETS/ASV_Spoof_2019_LA/ASVspoof2019_LA_eval/flac/LA_E_8786151.flac,15
/data/DATASETS/ASV_Spoof_2019_LA/ASVspoof2019_LA_eval/flac/LA_E_8787745.flac,15
/data/DATASETS/ASV_Spoof_2019_LA/ASVspoof2019_LA_eval/flac/LA_E_8790346.flac,15
/data/DATASETS/ASV_Spoof_2019_LA/ASVspoof2019_LA_eval/flac/LA_E_8794706.flac,15
/data/DATASETS/ASV_Spoof_2019_LA/ASVspoof2019_LA_eval/flac/LA_E_8796414.flac,15
/data/DATASETS/ASV_Spoof_2019_LA/ASVspoof2019_LA_eval/flac/LA_E_8797548.flac,15
/data/DATASETS/ASV_Spoof_2019_LA/ASVspoof2019_LA_eval/flac/LA_E_8801730.flac,15
/data/DATASETS/ASV_Spoof_2019_LA/ASVspoof2019_LA_eval/flac/LA_E_8802969.flac,15
/data/DATASETS/ASV_Spoof_2019_LA/ASVspoof2019_LA_eval/flac/LA_E_8810729.flac,15
/data/DATASETS/ASV_Spoof_2019_LA/ASVspoof2019_LA_eval/flac/LA_E_8816152.flac,15
/data/DATASETS/ASV_Spoof_2019_LA/ASVspoof2019_LA_eval/flac/LA_E_8821489.flac,15
/data/DATASETS/ASV_Spoof_2019_LA/ASVspoof2019_LA_eval/flac/LA_E_8821830.flac,15
/data/DATASETS/ASV_Spoof_2019_LA/ASVspoof2019_LA_eval/flac/LA_E_8825814.flac,15
/data/DATASETS/ASV_Spoof_2019_LA/ASVspoof2019_LA_eval/flac/LA_E_8826165.flac,15
/data/DATASETS/ASV_Spoof_2019_LA/ASVspoof2019_LA_eval/flac/LA_E_8828596.flac,15
/data/DATASETS/ASV_Spoof_2019_LA/ASVspoof2019_LA_eval/flac/LA_E_8833528.flac,15
/data/DATASETS/ASV_Spoof_2019_LA/ASVspoof2019_LA_eval/flac/LA_E_8834306.flac,15
/data/DATASETS/ASV_Spoof_2019_LA/ASVspoof2019_LA_eval/flac/LA_E_8835661.flac,15
/data/DATASETS/ASV_Spoof_2019_LA/ASVspoof2019_LA_eval/flac/LA_E_8839366.flac,15
/data/DATASETS/ASV_Spoof_2019_LA/ASVspoof2019_LA_eval/flac/LA_E_8841593.flac,15
/data/DATASETS/ASV_Spoof_2019_LA/ASVspoof2019_LA_eval/flac/LA_E_8844453.flac,15
/data/DATASETS/ASV_Spoof_2019_LA/ASVspoof2019_LA_eval/flac/LA_E_8844639.flac,15
/data/DATASETS/ASV_Spoof_2019_LA/ASVspoof2019_LA_eval/flac/LA_E_8844930.flac,15
/data/DATASETS/ASV_Spoof_2019_LA/ASVspoof2019_LA_eval/flac/LA_E_8846992.flac,15
/data/DATASETS/ASV_Spoof_2019_LA/ASVspoof2019_LA_eval/flac/LA_E_8847236.flac,15
/data/DATASETS/ASV_Spoof_2019_LA/ASVspoof2019_LA_eval/flac/LA_E_8849475.flac,15
/data/DATASETS/ASV_Spoof_2019_LA/ASVspoof2019_LA_eval/flac/LA_E_8853961.flac,15
/data/DATASETS/ASV_Spoof_2019_LA/ASVspoof2019_LA_eval/flac/LA_E_8854010.flac,15
/data/DATASETS/ASV_Spoof_2019_LA/ASVspoof2019_LA_eval/flac/LA_E_8856473.flac,15
/data/DATASETS/ASV_Spoof_2019_LA/ASVspoof2019_LA_eval/flac/LA_E_8857781.flac,15
/data/DATASETS/ASV_Spoof_2019_LA/ASVspoof2019_LA_eval/flac/LA_E_8861803.flac,15
/data/DATASETS/ASV_Spoof_2019_LA/ASVspoof2019_LA_eval/flac/LA_E_8861987.flac,15
/data/DATASETS/ASV_Spoof_2019_LA/ASVspoof2019_LA_eval/flac/LA_E_8866496.flac,15
/data/DATASETS/ASV_Spoof_2019_LA/ASVspoof2019_LA_eval/flac/LA_E_8867208.flac,15
/data/DATASETS/ASV_Spoof_2019_LA/ASVspoof2019_LA_eval/flac/LA_E_8867783.flac,15
/data/DATASETS/ASV_Spoof_2019_LA/ASVspoof2019_LA_eval/flac/LA_E_8868081.flac,15
/data/DATASETS/ASV_Spoof_2019_LA/ASVspoof2019_LA_eval/flac/LA_E_8869832.flac,15
/data/DATASETS/ASV_Spoof_2019_LA/ASVspoof2019_LA_eval/flac/LA_E_8869866.flac,15
/data/DATASETS/ASV_Spoof_2019_LA/ASVspoof2019_LA_eval/flac/LA_E_8870408.flac,15
/data/DATASETS/ASV_Spoof_2019_LA/ASVspoof2019_LA_eval/flac/LA_E_8870539.flac,15
/data/DATASETS/ASV_Spoof_2019_LA/ASVspoof2019_LA_eval/flac/LA_E_8873279.flac,15
/data/DATASETS/ASV_Spoof_2019_LA/ASVspoof2019_LA_eval/flac/LA_E_8875600.flac,15
/data/DATASETS/ASV_Spoof_2019_LA/ASVspoof2019_LA_eval/flac/LA_E_8876156.flac,15
/data/DATASETS/ASV_Spoof_2019_LA/ASVspoof2019_LA_eval/flac/LA_E_8877871.flac,15
/data/DATASETS/ASV_Spoof_2019_LA/ASVspoof2019_LA_eval/flac/LA_E_8879607.flac,15
/data/DATASETS/ASV_Spoof_2019_LA/ASVspoof2019_LA_eval/flac/LA_E_8881550.flac,15
/data/DATASETS/ASV_Spoof_2019_LA/ASVspoof2019_LA_eval/flac/LA_E_8886031.flac,15
/data/DATASETS/ASV_Spoof_2019_LA/ASVspoof2019_LA_eval/flac/LA_E_8887559.flac,15
/data/DATASETS/ASV_Spoof_2019_LA/ASVspoof2019_LA_eval/flac/LA_E_8887905.flac,15
/data/DATASETS/ASV_Spoof_2019_LA/ASVspoof2019_LA_eval/flac/LA_E_8895694.flac,15
/data/DATASETS/ASV_Spoof_2019_LA/ASVspoof2019_LA_eval/flac/LA_E_8895947.flac,15
/data/DATASETS/ASV_Spoof_2019_LA/ASVspoof2019_LA_eval/flac/LA_E_8897506.flac,15
/data/DATASETS/ASV_Spoof_2019_LA/ASVspoof2019_LA_eval/flac/LA_E_8899602.flac,15
/data/DATASETS/ASV_Spoof_2019_LA/ASVspoof2019_LA_eval/flac/LA_E_8900326.flac,15
/data/DATASETS/ASV_Spoof_2019_LA/ASVspoof2019_LA_eval/flac/LA_E_8900402.flac,15
/data/DATASETS/ASV_Spoof_2019_LA/ASVspoof2019_LA_eval/flac/LA_E_8903858.flac,15
/data/DATASETS/ASV_Spoof_2019_LA/ASVspoof2019_LA_eval/flac/LA_E_8903864.flac,15
/data/DATASETS/ASV_Spoof_2019_LA/ASVspoof2019_LA_eval/flac/LA_E_8904017.flac,15
/data/DATASETS/ASV_Spoof_2019_LA/ASVspoof2019_LA_eval/flac/LA_E_8904339.flac,15
/data/DATASETS/ASV_Spoof_2019_LA/ASVspoof2019_LA_eval/flac/LA_E_8905249.flac,15
/data/DATASETS/ASV_Spoof_2019_LA/ASVspoof2019_LA_eval/flac/LA_E_8906367.flac,15
/data/DATASETS/ASV_Spoof_2019_LA/ASVspoof2019_LA_eval/flac/LA_E_8914547.flac,15
/data/DATASETS/ASV_Spoof_2019_LA/ASVspoof2019_LA_eval/flac/LA_E_8915385.flac,15
/data/DATASETS/ASV_Spoof_2019_LA/ASVspoof2019_LA_eval/flac/LA_E_8916458.flac,15
/data/DATASETS/ASV_Spoof_2019_LA/ASVspoof2019_LA_eval/flac/LA_E_8916533.flac,15
/data/DATASETS/ASV_Spoof_2019_LA/ASVspoof2019_LA_eval/flac/LA_E_8920305.flac,15
/data/DATASETS/ASV_Spoof_2019_LA/ASVspoof2019_LA_eval/flac/LA_E_8924549.flac,15
/data/DATASETS/ASV_Spoof_2019_LA/ASVspoof2019_LA_eval/flac/LA_E_8925083.flac,15
/data/DATASETS/ASV_Spoof_2019_LA/ASVspoof2019_LA_eval/flac/LA_E_8925759.flac,15
/data/DATASETS/ASV_Spoof_2019_LA/ASVspoof2019_LA_eval/flac/LA_E_8926214.flac,15
/data/DATASETS/ASV_Spoof_2019_LA/ASVspoof2019_LA_eval/flac/LA_E_8927451.flac,15
/data/DATASETS/ASV_Spoof_2019_LA/ASVspoof2019_LA_eval/flac/LA_E_8927874.flac,15
/data/DATASETS/ASV_Spoof_2019_LA/ASVspoof2019_LA_eval/flac/LA_E_8927990.flac,15
/data/DATASETS/ASV_Spoof_2019_LA/ASVspoof2019_LA_eval/flac/LA_E_8930938.flac,15
/data/DATASETS/ASV_Spoof_2019_LA/ASVspoof2019_LA_eval/flac/LA_E_8931198.flac,15
/data/DATASETS/ASV_Spoof_2019_LA/ASVspoof2019_LA_eval/flac/LA_E_8934566.flac,15
/data/DATASETS/ASV_Spoof_2019_LA/ASVspoof2019_LA_eval/flac/LA_E_8934775.flac,15
/data/DATASETS/ASV_Spoof_2019_LA/ASVspoof2019_LA_eval/flac/LA_E_8936435.flac,15
/data/DATASETS/ASV_Spoof_2019_LA/ASVspoof2019_LA_eval/flac/LA_E_8936530.flac,15
/data/DATASETS/ASV_Spoof_2019_LA/ASVspoof2019_LA_eval/flac/LA_E_8937433.flac,15
/data/DATASETS/ASV_Spoof_2019_LA/ASVspoof2019_LA_eval/flac/LA_E_8938045.flac,15
/data/DATASETS/ASV_Spoof_2019_LA/ASVspoof2019_LA_eval/flac/LA_E_8938067.flac,15
/data/DATASETS/ASV_Spoof_2019_LA/ASVspoof2019_LA_eval/flac/LA_E_8940213.flac,15
/data/DATASETS/ASV_Spoof_2019_LA/ASVspoof2019_LA_eval/flac/LA_E_8940921.flac,15
/data/DATASETS/ASV_Spoof_2019_LA/ASVspoof2019_LA_eval/flac/LA_E_8943505.flac,15
/data/DATASETS/ASV_Spoof_2019_LA/ASVspoof2019_LA_eval/flac/LA_E_8944347.flac,15
/data/DATASETS/ASV_Spoof_2019_LA/ASVspoof2019_LA_eval/flac/LA_E_8947317.flac,15
/data/DATASETS/ASV_Spoof_2019_LA/ASVspoof2019_LA_eval/flac/LA_E_8949662.flac,15
/data/DATASETS/ASV_Spoof_2019_LA/ASVspoof2019_LA_eval/flac/LA_E_8950795.flac,15
/data/DATASETS/ASV_Spoof_2019_LA/ASVspoof2019_LA_eval/flac/LA_E_8951861.flac,15
/data/DATASETS/ASV_Spoof_2019_LA/ASVspoof2019_LA_eval/flac/LA_E_8955357.flac,15
/data/DATASETS/ASV_Spoof_2019_LA/ASVspoof2019_LA_eval/flac/LA_E_8956303.flac,15
/data/DATASETS/ASV_Spoof_2019_LA/ASVspoof2019_LA_eval/flac/LA_E_8956656.flac,15
/data/DATASETS/ASV_Spoof_2019_LA/ASVspoof2019_LA_eval/flac/LA_E_8956843.flac,15
/data/DATASETS/ASV_Spoof_2019_LA/ASVspoof2019_LA_eval/flac/LA_E_8957725.flac,15
/data/DATASETS/ASV_Spoof_2019_LA/ASVspoof2019_LA_eval/flac/LA_E_8958575.flac,15
/data/DATASETS/ASV_Spoof_2019_LA/ASVspoof2019_LA_eval/flac/LA_E_8959755.flac,15
/data/DATASETS/ASV_Spoof_2019_LA/ASVspoof2019_LA_eval/flac/LA_E_8962220.flac,15
/data/DATASETS/ASV_Spoof_2019_LA/ASVspoof2019_LA_eval/flac/LA_E_8966661.flac,15
/data/DATASETS/ASV_Spoof_2019_LA/ASVspoof2019_LA_eval/flac/LA_E_8967650.flac,15
/data/DATASETS/ASV_Spoof_2019_LA/ASVspoof2019_LA_eval/flac/LA_E_8970155.flac,15
/data/DATASETS/ASV_Spoof_2019_LA/ASVspoof2019_LA_eval/flac/LA_E_8970956.flac,15
/data/DATASETS/ASV_Spoof_2019_LA/ASVspoof2019_LA_eval/flac/LA_E_8972186.flac,15
/data/DATASETS/ASV_Spoof_2019_LA/ASVspoof2019_LA_eval/flac/LA_E_8972265.flac,15
/data/DATASETS/ASV_Spoof_2019_LA/ASVspoof2019_LA_eval/flac/LA_E_8972567.flac,15
/data/DATASETS/ASV_Spoof_2019_LA/ASVspoof2019_LA_eval/flac/LA_E_8976718.flac,15
/data/DATASETS/ASV_Spoof_2019_LA/ASVspoof2019_LA_eval/flac/LA_E_8977894.flac,15
/data/DATASETS/ASV_Spoof_2019_LA/ASVspoof2019_LA_eval/flac/LA_E_8978389.flac,15
/data/DATASETS/ASV_Spoof_2019_LA/ASVspoof2019_LA_eval/flac/LA_E_8982382.flac,15
/data/DATASETS/ASV_Spoof_2019_LA/ASVspoof2019_LA_eval/flac/LA_E_8983676.flac,15
/data/DATASETS/ASV_Spoof_2019_LA/ASVspoof2019_LA_eval/flac/LA_E_8986486.flac,15
/data/DATASETS/ASV_Spoof_2019_LA/ASVspoof2019_LA_eval/flac/LA_E_8989748.flac,15
/data/DATASETS/ASV_Spoof_2019_LA/ASVspoof2019_LA_eval/flac/LA_E_8991081.flac,15
/data/DATASETS/ASV_Spoof_2019_LA/ASVspoof2019_LA_eval/flac/LA_E_8991098.flac,15
/data/DATASETS/ASV_Spoof_2019_LA/ASVspoof2019_LA_eval/flac/LA_E_8991974.flac,15
/data/DATASETS/ASV_Spoof_2019_LA/ASVspoof2019_LA_eval/flac/LA_E_8995491.flac,15
/data/DATASETS/ASV_Spoof_2019_LA/ASVspoof2019_LA_eval/flac/LA_E_8995582.flac,15
/data/DATASETS/ASV_Spoof_2019_LA/ASVspoof2019_LA_eval/flac/LA_E_8996625.flac,15
/data/DATASETS/ASV_Spoof_2019_LA/ASVspoof2019_LA_eval/flac/LA_E_8998733.flac,15
/data/DATASETS/ASV_Spoof_2019_LA/ASVspoof2019_LA_eval/flac/LA_E_9000972.flac,15
/data/DATASETS/ASV_Spoof_2019_LA/ASVspoof2019_LA_eval/flac/LA_E_9002528.flac,15
/data/DATASETS/ASV_Spoof_2019_LA/ASVspoof2019_LA_eval/flac/LA_E_9005233.flac,15
/data/DATASETS/ASV_Spoof_2019_LA/ASVspoof2019_LA_eval/flac/LA_E_9005688.flac,15
/data/DATASETS/ASV_Spoof_2019_LA/ASVspoof2019_LA_eval/flac/LA_E_9006890.flac,15
/data/DATASETS/ASV_Spoof_2019_LA/ASVspoof2019_LA_eval/flac/LA_E_9009829.flac,15
/data/DATASETS/ASV_Spoof_2019_LA/ASVspoof2019_LA_eval/flac/LA_E_9010167.flac,15
/data/DATASETS/ASV_Spoof_2019_LA/ASVspoof2019_LA_eval/flac/LA_E_9015683.flac,15
/data/DATASETS/ASV_Spoof_2019_LA/ASVspoof2019_LA_eval/flac/LA_E_9017786.flac,15
/data/DATASETS/ASV_Spoof_2019_LA/ASVspoof2019_LA_eval/flac/LA_E_9019903.flac,15
/data/DATASETS/ASV_Spoof_2019_LA/ASVspoof2019_LA_eval/flac/LA_E_9020806.flac,15
/data/DATASETS/ASV_Spoof_2019_LA/ASVspoof2019_LA_eval/flac/LA_E_9021220.flac,15
/data/DATASETS/ASV_Spoof_2019_LA/ASVspoof2019_LA_eval/flac/LA_E_9021785.flac,15
/data/DATASETS/ASV_Spoof_2019_LA/ASVspoof2019_LA_eval/flac/LA_E_9024211.flac,15
/data/DATASETS/ASV_Spoof_2019_LA/ASVspoof2019_LA_eval/flac/LA_E_9025533.flac,15
/data/DATASETS/ASV_Spoof_2019_LA/ASVspoof2019_LA_eval/flac/LA_E_9027259.flac,15
/data/DATASETS/ASV_Spoof_2019_LA/ASVspoof2019_LA_eval/flac/LA_E_9028395.flac,15
/data/DATASETS/ASV_Spoof_2019_LA/ASVspoof2019_LA_eval/flac/LA_E_9028684.flac,15
/data/DATASETS/ASV_Spoof_2019_LA/ASVspoof2019_LA_eval/flac/LA_E_9030173.flac,15
/data/DATASETS/ASV_Spoof_2019_LA/ASVspoof2019_LA_eval/flac/LA_E_9030808.flac,15
/data/DATASETS/ASV_Spoof_2019_LA/ASVspoof2019_LA_eval/flac/LA_E_9032294.flac,15
/data/DATASETS/ASV_Spoof_2019_LA/ASVspoof2019_LA_eval/flac/LA_E_9034028.flac,15
/data/DATASETS/ASV_Spoof_2019_LA/ASVspoof2019_LA_eval/flac/LA_E_9037236.flac,15
/data/DATASETS/ASV_Spoof_2019_LA/ASVspoof2019_LA_eval/flac/LA_E_9037254.flac,15
/data/DATASETS/ASV_Spoof_2019_LA/ASVspoof2019_LA_eval/flac/LA_E_9037311.flac,15
/data/DATASETS/ASV_Spoof_2019_LA/ASVspoof2019_LA_eval/flac/LA_E_9038655.flac,15
/data/DATASETS/ASV_Spoof_2019_LA/ASVspoof2019_LA_eval/flac/LA_E_9040494.flac,15
/data/DATASETS/ASV_Spoof_2019_LA/ASVspoof2019_LA_eval/flac/LA_E_9042950.flac,15
/data/DATASETS/ASV_Spoof_2019_LA/ASVspoof2019_LA_eval/flac/LA_E_9044263.flac,15
/data/DATASETS/ASV_Spoof_2019_LA/ASVspoof2019_LA_eval/flac/LA_E_9044707.flac,15
/data/DATASETS/ASV_Spoof_2019_LA/ASVspoof2019_LA_eval/flac/LA_E_9046376.flac,15
/data/DATASETS/ASV_Spoof_2019_LA/ASVspoof2019_LA_eval/flac/LA_E_9050156.flac,15
/data/DATASETS/ASV_Spoof_2019_LA/ASVspoof2019_LA_eval/flac/LA_E_9050896.flac,15
/data/DATASETS/ASV_Spoof_2019_LA/ASVspoof2019_LA_eval/flac/LA_E_9051386.flac,15
/data/DATASETS/ASV_Spoof_2019_LA/ASVspoof2019_LA_eval/flac/LA_E_9052097.flac,15
/data/DATASETS/ASV_Spoof_2019_LA/ASVspoof2019_LA_eval/flac/LA_E_9052128.flac,15
/data/DATASETS/ASV_Spoof_2019_LA/ASVspoof2019_LA_eval/flac/LA_E_9057247.flac,15
/data/DATASETS/ASV_Spoof_2019_LA/ASVspoof2019_LA_eval/flac/LA_E_9057985.flac,15
/data/DATASETS/ASV_Spoof_2019_LA/ASVspoof2019_LA_eval/flac/LA_E_9061635.flac,15
/data/DATASETS/ASV_Spoof_2019_LA/ASVspoof2019_LA_eval/flac/LA_E_9063097.flac,15
/data/DATASETS/ASV_Spoof_2019_LA/ASVspoof2019_LA_eval/flac/LA_E_9066120.flac,15
/data/DATASETS/ASV_Spoof_2019_LA/ASVspoof2019_LA_eval/flac/LA_E_9072136.flac,15
/data/DATASETS/ASV_Spoof_2019_LA/ASVspoof2019_LA_eval/flac/LA_E_9072920.flac,15
/data/DATASETS/ASV_Spoof_2019_LA/ASVspoof2019_LA_eval/flac/LA_E_9074693.flac,15
/data/DATASETS/ASV_Spoof_2019_LA/ASVspoof2019_LA_eval/flac/LA_E_9079720.flac,15
/data/DATASETS/ASV_Spoof_2019_LA/ASVspoof2019_LA_eval/flac/LA_E_9079831.flac,15
/data/DATASETS/ASV_Spoof_2019_LA/ASVspoof2019_LA_eval/flac/LA_E_9079866.flac,15
/data/DATASETS/ASV_Spoof_2019_LA/ASVspoof2019_LA_eval/flac/LA_E_9080523.flac,15
/data/DATASETS/ASV_Spoof_2019_LA/ASVspoof2019_LA_eval/flac/LA_E_9082821.flac,15
/data/DATASETS/ASV_Spoof_2019_LA/ASVspoof2019_LA_eval/flac/LA_E_9084984.flac,15
/data/DATASETS/ASV_Spoof_2019_LA/ASVspoof2019_LA_eval/flac/LA_E_9085063.flac,15
/data/DATASETS/ASV_Spoof_2019_LA/ASVspoof2019_LA_eval/flac/LA_E_9085986.flac,15
/data/DATASETS/ASV_Spoof_2019_LA/ASVspoof2019_LA_eval/flac/LA_E_9087574.flac,15
/data/DATASETS/ASV_Spoof_2019_LA/ASVspoof2019_LA_eval/flac/LA_E_9092871.flac,15
/data/DATASETS/ASV_Spoof_2019_LA/ASVspoof2019_LA_eval/flac/LA_E_9096774.flac,15
/data/DATASETS/ASV_Spoof_2019_LA/ASVspoof2019_LA_eval/flac/LA_E_9098962.flac,15
/data/DATASETS/ASV_Spoof_2019_LA/ASVspoof2019_LA_eval/flac/LA_E_9099057.flac,15
/data/DATASETS/ASV_Spoof_2019_LA/ASVspoof2019_LA_eval/flac/LA_E_9099205.flac,15
/data/DATASETS/ASV_Spoof_2019_LA/ASVspoof2019_LA_eval/flac/LA_E_9099831.flac,15
/data/DATASETS/ASV_Spoof_2019_LA/ASVspoof2019_LA_eval/flac/LA_E_9102868.flac,15
/data/DATASETS/ASV_Spoof_2019_LA/ASVspoof2019_LA_eval/flac/LA_E_9103496.flac,15
/data/DATASETS/ASV_Spoof_2019_LA/ASVspoof2019_LA_eval/flac/LA_E_9103991.flac,15
/data/DATASETS/ASV_Spoof_2019_LA/ASVspoof2019_LA_eval/flac/LA_E_9108849.flac,15
/data/DATASETS/ASV_Spoof_2019_LA/ASVspoof2019_LA_eval/flac/LA_E_9108890.flac,15
/data/DATASETS/ASV_Spoof_2019_LA/ASVspoof2019_LA_eval/flac/LA_E_9108967.flac,15
/data/DATASETS/ASV_Spoof_2019_LA/ASVspoof2019_LA_eval/flac/LA_E_9112206.flac,15
/data/DATASETS/ASV_Spoof_2019_LA/ASVspoof2019_LA_eval/flac/LA_E_9114423.flac,15
/data/DATASETS/ASV_Spoof_2019_LA/ASVspoof2019_LA_eval/flac/LA_E_9116782.flac,15
/data/DATASETS/ASV_Spoof_2019_LA/ASVspoof2019_LA_eval/flac/LA_E_9117013.flac,15
/data/DATASETS/ASV_Spoof_2019_LA/ASVspoof2019_LA_eval/flac/LA_E_9117988.flac,15
/data/DATASETS/ASV_Spoof_2019_LA/ASVspoof2019_LA_eval/flac/LA_E_9119826.flac,15
/data/DATASETS/ASV_Spoof_2019_LA/ASVspoof2019_LA_eval/flac/LA_E_9119861.flac,15
/data/DATASETS/ASV_Spoof_2019_LA/ASVspoof2019_LA_eval/flac/LA_E_9123319.flac,15
/data/DATASETS/ASV_Spoof_2019_LA/ASVspoof2019_LA_eval/flac/LA_E_9123718.flac,15
/data/DATASETS/ASV_Spoof_2019_LA/ASVspoof2019_LA_eval/flac/LA_E_9123720.flac,15
/data/DATASETS/ASV_Spoof_2019_LA/ASVspoof2019_LA_eval/flac/LA_E_9125045.flac,15
/data/DATASETS/ASV_Spoof_2019_LA/ASVspoof2019_LA_eval/flac/LA_E_9126811.flac,15
/data/DATASETS/ASV_Spoof_2019_LA/ASVspoof2019_LA_eval/flac/LA_E_9127506.flac,15
/data/DATASETS/ASV_Spoof_2019_LA/ASVspoof2019_LA_eval/flac/LA_E_9135298.flac,15
/data/DATASETS/ASV_Spoof_2019_LA/ASVspoof2019_LA_eval/flac/LA_E_9138938.flac,15
/data/DATASETS/ASV_Spoof_2019_LA/ASVspoof2019_LA_eval/flac/LA_E_9140267.flac,15
/data/DATASETS/ASV_Spoof_2019_LA/ASVspoof2019_LA_eval/flac/LA_E_9140666.flac,15
/data/DATASETS/ASV_Spoof_2019_LA/ASVspoof2019_LA_eval/flac/LA_E_9142329.flac,15
/data/DATASETS/ASV_Spoof_2019_LA/ASVspoof2019_LA_eval/flac/LA_E_9142355.flac,15
/data/DATASETS/ASV_Spoof_2019_LA/ASVspoof2019_LA_eval/flac/LA_E_9147041.flac,15
/data/DATASETS/ASV_Spoof_2019_LA/ASVspoof2019_LA_eval/flac/LA_E_9148499.flac,15
/data/DATASETS/ASV_Spoof_2019_LA/ASVspoof2019_LA_eval/flac/LA_E_9152016.flac,15
/data/DATASETS/ASV_Spoof_2019_LA/ASVspoof2019_LA_eval/flac/LA_E_9154137.flac,15
/data/DATASETS/ASV_Spoof_2019_LA/ASVspoof2019_LA_eval/flac/LA_E_9156059.flac,15
/data/DATASETS/ASV_Spoof_2019_LA/ASVspoof2019_LA_eval/flac/LA_E_9158486.flac,15
/data/DATASETS/ASV_Spoof_2019_LA/ASVspoof2019_LA_eval/flac/LA_E_9160907.flac,15
/data/DATASETS/ASV_Spoof_2019_LA/ASVspoof2019_LA_eval/flac/LA_E_9162677.flac,15
/data/DATASETS/ASV_Spoof_2019_LA/ASVspoof2019_LA_eval/flac/LA_E_9168176.flac,15
/data/DATASETS/ASV_Spoof_2019_LA/ASVspoof2019_LA_eval/flac/LA_E_9168738.flac,15
/data/DATASETS/ASV_Spoof_2019_LA/ASVspoof2019_LA_eval/flac/LA_E_9168780.flac,15
/data/DATASETS/ASV_Spoof_2019_LA/ASVspoof2019_LA_eval/flac/LA_E_9172018.flac,15
/data/DATASETS/ASV_Spoof_2019_LA/ASVspoof2019_LA_eval/flac/LA_E_9175152.flac,15
/data/DATASETS/ASV_Spoof_2019_LA/ASVspoof2019_LA_eval/flac/LA_E_9175983.flac,15
/data/DATASETS/ASV_Spoof_2019_LA/ASVspoof2019_LA_eval/flac/LA_E_9178822.flac,15
/data/DATASETS/ASV_Spoof_2019_LA/ASVspoof2019_LA_eval/flac/LA_E_9180133.flac,15
/data/DATASETS/ASV_Spoof_2019_LA/ASVspoof2019_LA_eval/flac/LA_E_9185589.flac,15
/data/DATASETS/ASV_Spoof_2019_LA/ASVspoof2019_LA_eval/flac/LA_E_9186511.flac,15
/data/DATASETS/ASV_Spoof_2019_LA/ASVspoof2019_LA_eval/flac/LA_E_9187189.flac,15
/data/DATASETS/ASV_Spoof_2019_LA/ASVspoof2019_LA_eval/flac/LA_E_9193354.flac,15
/data/DATASETS/ASV_Spoof_2019_LA/ASVspoof2019_LA_eval/flac/LA_E_9193439.flac,15
/data/DATASETS/ASV_Spoof_2019_LA/ASVspoof2019_LA_eval/flac/LA_E_9196104.flac,15
/data/DATASETS/ASV_Spoof_2019_LA/ASVspoof2019_LA_eval/flac/LA_E_9198068.flac,15
/data/DATASETS/ASV_Spoof_2019_LA/ASVspoof2019_LA_eval/flac/LA_E_9198610.flac,15
/data/DATASETS/ASV_Spoof_2019_LA/ASVspoof2019_LA_eval/flac/LA_E_9199613.flac,15
/data/DATASETS/ASV_Spoof_2019_LA/ASVspoof2019_LA_eval/flac/LA_E_9204578.flac,15
/data/DATASETS/ASV_Spoof_2019_LA/ASVspoof2019_LA_eval/flac/LA_E_9204731.flac,15
/data/DATASETS/ASV_Spoof_2019_LA/ASVspoof2019_LA_eval/flac/LA_E_9207993.flac,15
/data/DATASETS/ASV_Spoof_2019_LA/ASVspoof2019_LA_eval/flac/LA_E_9208480.flac,15
/data/DATASETS/ASV_Spoof_2019_LA/ASVspoof2019_LA_eval/flac/LA_E_9211214.flac,15
/data/DATASETS/ASV_Spoof_2019_LA/ASVspoof2019_LA_eval/flac/LA_E_9212191.flac,15
/data/DATASETS/ASV_Spoof_2019_LA/ASVspoof2019_LA_eval/flac/LA_E_9212388.flac,15
/data/DATASETS/ASV_Spoof_2019_LA/ASVspoof2019_LA_eval/flac/LA_E_9215002.flac,15
/data/DATASETS/ASV_Spoof_2019_LA/ASVspoof2019_LA_eval/flac/LA_E_9215771.flac,15
/data/DATASETS/ASV_Spoof_2019_LA/ASVspoof2019_LA_eval/flac/LA_E_9217640.flac,15
/data/DATASETS/ASV_Spoof_2019_LA/ASVspoof2019_LA_eval/flac/LA_E_9217697.flac,15
/data/DATASETS/ASV_Spoof_2019_LA/ASVspoof2019_LA_eval/flac/LA_E_9217832.flac,15
/data/DATASETS/ASV_Spoof_2019_LA/ASVspoof2019_LA_eval/flac/LA_E_9220080.flac,15
/data/DATASETS/ASV_Spoof_2019_LA/ASVspoof2019_LA_eval/flac/LA_E_9220453.flac,15
/data/DATASETS/ASV_Spoof_2019_LA/ASVspoof2019_LA_eval/flac/LA_E_9222562.flac,15
/data/DATASETS/ASV_Spoof_2019_LA/ASVspoof2019_LA_eval/flac/LA_E_9224308.flac,15
/data/DATASETS/ASV_Spoof_2019_LA/ASVspoof2019_LA_eval/flac/LA_E_9225793.flac,15
/data/DATASETS/ASV_Spoof_2019_LA/ASVspoof2019_LA_eval/flac/LA_E_9225937.flac,15
/data/DATASETS/ASV_Spoof_2019_LA/ASVspoof2019_LA_eval/flac/LA_E_9226174.flac,15
/data/DATASETS/ASV_Spoof_2019_LA/ASVspoof2019_LA_eval/flac/LA_E_9226661.flac,15
/data/DATASETS/ASV_Spoof_2019_LA/ASVspoof2019_LA_eval/flac/LA_E_9226687.flac,15
/data/DATASETS/ASV_Spoof_2019_LA/ASVspoof2019_LA_eval/flac/LA_E_9227750.flac,15
/data/DATASETS/ASV_Spoof_2019_LA/ASVspoof2019_LA_eval/flac/LA_E_9228053.flac,15
/data/DATASETS/ASV_Spoof_2019_LA/ASVspoof2019_LA_eval/flac/LA_E_9230865.flac,15
/data/DATASETS/ASV_Spoof_2019_LA/ASVspoof2019_LA_eval/flac/LA_E_9231015.flac,15
/data/DATASETS/ASV_Spoof_2019_LA/ASVspoof2019_LA_eval/flac/LA_E_9233586.flac,15
/data/DATASETS/ASV_Spoof_2019_LA/ASVspoof2019_LA_eval/flac/LA_E_9234915.flac,15
/data/DATASETS/ASV_Spoof_2019_LA/ASVspoof2019_LA_eval/flac/LA_E_9236193.flac,15
/data/DATASETS/ASV_Spoof_2019_LA/ASVspoof2019_LA_eval/flac/LA_E_9237178.flac,15
/data/DATASETS/ASV_Spoof_2019_LA/ASVspoof2019_LA_eval/flac/LA_E_9238222.flac,15
/data/DATASETS/ASV_Spoof_2019_LA/ASVspoof2019_LA_eval/flac/LA_E_9240257.flac,15
/data/DATASETS/ASV_Spoof_2019_LA/ASVspoof2019_LA_eval/flac/LA_E_9244344.flac,15
/data/DATASETS/ASV_Spoof_2019_LA/ASVspoof2019_LA_eval/flac/LA_E_9244353.flac,15
/data/DATASETS/ASV_Spoof_2019_LA/ASVspoof2019_LA_eval/flac/LA_E_9244416.flac,15
/data/DATASETS/ASV_Spoof_2019_LA/ASVspoof2019_LA_eval/flac/LA_E_9246173.flac,15
/data/DATASETS/ASV_Spoof_2019_LA/ASVspoof2019_LA_eval/flac/LA_E_9247080.flac,15
/data/DATASETS/ASV_Spoof_2019_LA/ASVspoof2019_LA_eval/flac/LA_E_9249133.flac,15
/data/DATASETS/ASV_Spoof_2019_LA/ASVspoof2019_LA_eval/flac/LA_E_9250300.flac,15
/data/DATASETS/ASV_Spoof_2019_LA/ASVspoof2019_LA_eval/flac/LA_E_9251003.flac,15
/data/DATASETS/ASV_Spoof_2019_LA/ASVspoof2019_LA_eval/flac/LA_E_9251559.flac,15
/data/DATASETS/ASV_Spoof_2019_LA/ASVspoof2019_LA_eval/flac/LA_E_9255544.flac,15
/data/DATASETS/ASV_Spoof_2019_LA/ASVspoof2019_LA_eval/flac/LA_E_9255960.flac,15
/data/DATASETS/ASV_Spoof_2019_LA/ASVspoof2019_LA_eval/flac/LA_E_9257570.flac,15
/data/DATASETS/ASV_Spoof_2019_LA/ASVspoof2019_LA_eval/flac/LA_E_9258364.flac,15
/data/DATASETS/ASV_Spoof_2019_LA/ASVspoof2019_LA_eval/flac/LA_E_9263623.flac,15
/data/DATASETS/ASV_Spoof_2019_LA/ASVspoof2019_LA_eval/flac/LA_E_9264006.flac,15
/data/DATASETS/ASV_Spoof_2019_LA/ASVspoof2019_LA_eval/flac/LA_E_9264240.flac,15
/data/DATASETS/ASV_Spoof_2019_LA/ASVspoof2019_LA_eval/flac/LA_E_9265372.flac,15
/data/DATASETS/ASV_Spoof_2019_LA/ASVspoof2019_LA_eval/flac/LA_E_9266857.flac,15
/data/DATASETS/ASV_Spoof_2019_LA/ASVspoof2019_LA_eval/flac/LA_E_9267831.flac,15
/data/DATASETS/ASV_Spoof_2019_LA/ASVspoof2019_LA_eval/flac/LA_E_9268094.flac,15
/data/DATASETS/ASV_Spoof_2019_LA/ASVspoof2019_LA_eval/flac/LA_E_9269302.flac,15
/data/DATASETS/ASV_Spoof_2019_LA/ASVspoof2019_LA_eval/flac/LA_E_9269570.flac,15
/data/DATASETS/ASV_Spoof_2019_LA/ASVspoof2019_LA_eval/flac/LA_E_9269620.flac,15
/data/DATASETS/ASV_Spoof_2019_LA/ASVspoof2019_LA_eval/flac/LA_E_9269880.flac,15
/data/DATASETS/ASV_Spoof_2019_LA/ASVspoof2019_LA_eval/flac/LA_E_9270127.flac,15
/data/DATASETS/ASV_Spoof_2019_LA/ASVspoof2019_LA_eval/flac/LA_E_9271252.flac,15
/data/DATASETS/ASV_Spoof_2019_LA/ASVspoof2019_LA_eval/flac/LA_E_9271855.flac,15
/data/DATASETS/ASV_Spoof_2019_LA/ASVspoof2019_LA_eval/flac/LA_E_9273338.flac,15
/data/DATASETS/ASV_Spoof_2019_LA/ASVspoof2019_LA_eval/flac/LA_E_9273743.flac,15
/data/DATASETS/ASV_Spoof_2019_LA/ASVspoof2019_LA_eval/flac/LA_E_9274422.flac,15
/data/DATASETS/ASV_Spoof_2019_LA/ASVspoof2019_LA_eval/flac/LA_E_9275378.flac,15
/data/DATASETS/ASV_Spoof_2019_LA/ASVspoof2019_LA_eval/flac/LA_E_9275926.flac,15
/data/DATASETS/ASV_Spoof_2019_LA/ASVspoof2019_LA_eval/flac/LA_E_9277461.flac,15
/data/DATASETS/ASV_Spoof_2019_LA/ASVspoof2019_LA_eval/flac/LA_E_9278299.flac,15
/data/DATASETS/ASV_Spoof_2019_LA/ASVspoof2019_LA_eval/flac/LA_E_9279089.flac,15
/data/DATASETS/ASV_Spoof_2019_LA/ASVspoof2019_LA_eval/flac/LA_E_9279233.flac,15
/data/DATASETS/ASV_Spoof_2019_LA/ASVspoof2019_LA_eval/flac/LA_E_9282999.flac,15
/data/DATASETS/ASV_Spoof_2019_LA/ASVspoof2019_LA_eval/flac/LA_E_9283507.flac,15
/data/DATASETS/ASV_Spoof_2019_LA/ASVspoof2019_LA_eval/flac/LA_E_9288664.flac,15
/data/DATASETS/ASV_Spoof_2019_LA/ASVspoof2019_LA_eval/flac/LA_E_9291629.flac,15
/data/DATASETS/ASV_Spoof_2019_LA/ASVspoof2019_LA_eval/flac/LA_E_9291641.flac,15
/data/DATASETS/ASV_Spoof_2019_LA/ASVspoof2019_LA_eval/flac/LA_E_9292143.flac,15
/data/DATASETS/ASV_Spoof_2019_LA/ASVspoof2019_LA_eval/flac/LA_E_9295185.flac,15
/data/DATASETS/ASV_Spoof_2019_LA/ASVspoof2019_LA_eval/flac/LA_E_9298827.flac,15
/data/DATASETS/ASV_Spoof_2019_LA/ASVspoof2019_LA_eval/flac/LA_E_9300157.flac,15
/data/DATASETS/ASV_Spoof_2019_LA/ASVspoof2019_LA_eval/flac/LA_E_9301369.flac,15
/data/DATASETS/ASV_Spoof_2019_LA/ASVspoof2019_LA_eval/flac/LA_E_9302423.flac,15
/data/DATASETS/ASV_Spoof_2019_LA/ASVspoof2019_LA_eval/flac/LA_E_9302978.flac,15
/data/DATASETS/ASV_Spoof_2019_LA/ASVspoof2019_LA_eval/flac/LA_E_9304302.flac,15
/data/DATASETS/ASV_Spoof_2019_LA/ASVspoof2019_LA_eval/flac/LA_E_9307279.flac,15
/data/DATASETS/ASV_Spoof_2019_LA/ASVspoof2019_LA_eval/flac/LA_E_9307798.flac,15
/data/DATASETS/ASV_Spoof_2019_LA/ASVspoof2019_LA_eval/flac/LA_E_9309508.flac,15
/data/DATASETS/ASV_Spoof_2019_LA/ASVspoof2019_LA_eval/flac/LA_E_9311903.flac,15
/data/DATASETS/ASV_Spoof_2019_LA/ASVspoof2019_LA_eval/flac/LA_E_9312103.flac,15
/data/DATASETS/ASV_Spoof_2019_LA/ASVspoof2019_LA_eval/flac/LA_E_9312253.flac,15
/data/DATASETS/ASV_Spoof_2019_LA/ASVspoof2019_LA_eval/flac/LA_E_9317659.flac,15
/data/DATASETS/ASV_Spoof_2019_LA/ASVspoof2019_LA_eval/flac/LA_E_9326499.flac,15
/data/DATASETS/ASV_Spoof_2019_LA/ASVspoof2019_LA_eval/flac/LA_E_9327441.flac,15
/data/DATASETS/ASV_Spoof_2019_LA/ASVspoof2019_LA_eval/flac/LA_E_9328084.flac,15
/data/DATASETS/ASV_Spoof_2019_LA/ASVspoof2019_LA_eval/flac/LA_E_9336006.flac,15
/data/DATASETS/ASV_Spoof_2019_LA/ASVspoof2019_LA_eval/flac/LA_E_9336787.flac,15
/data/DATASETS/ASV_Spoof_2019_LA/ASVspoof2019_LA_eval/flac/LA_E_9336828.flac,15
/data/DATASETS/ASV_Spoof_2019_LA/ASVspoof2019_LA_eval/flac/LA_E_9338559.flac,15
/data/DATASETS/ASV_Spoof_2019_LA/ASVspoof2019_LA_eval/flac/LA_E_9339659.flac,15
/data/DATASETS/ASV_Spoof_2019_LA/ASVspoof2019_LA_eval/flac/LA_E_9340456.flac,15
/data/DATASETS/ASV_Spoof_2019_LA/ASVspoof2019_LA_eval/flac/LA_E_9348205.flac,15
/data/DATASETS/ASV_Spoof_2019_LA/ASVspoof2019_LA_eval/flac/LA_E_9350555.flac,15
/data/DATASETS/ASV_Spoof_2019_LA/ASVspoof2019_LA_eval/flac/LA_E_9355486.flac,15
/data/DATASETS/ASV_Spoof_2019_LA/ASVspoof2019_LA_eval/flac/LA_E_9357316.flac,15
/data/DATASETS/ASV_Spoof_2019_LA/ASVspoof2019_LA_eval/flac/LA_E_9357725.flac,15
/data/DATASETS/ASV_Spoof_2019_LA/ASVspoof2019_LA_eval/flac/LA_E_9360093.flac,15
/data/DATASETS/ASV_Spoof_2019_LA/ASVspoof2019_LA_eval/flac/LA_E_9360236.flac,15
/data/DATASETS/ASV_Spoof_2019_LA/ASVspoof2019_LA_eval/flac/LA_E_9361707.flac,15
/data/DATASETS/ASV_Spoof_2019_LA/ASVspoof2019_LA_eval/flac/LA_E_9368957.flac,15
/data/DATASETS/ASV_Spoof_2019_LA/ASVspoof2019_LA_eval/flac/LA_E_9369558.flac,15
/data/DATASETS/ASV_Spoof_2019_LA/ASVspoof2019_LA_eval/flac/LA_E_9371886.flac,15
/data/DATASETS/ASV_Spoof_2019_LA/ASVspoof2019_LA_eval/flac/LA_E_9372250.flac,15
/data/DATASETS/ASV_Spoof_2019_LA/ASVspoof2019_LA_eval/flac/LA_E_9373146.flac,15
/data/DATASETS/ASV_Spoof_2019_LA/ASVspoof2019_LA_eval/flac/LA_E_9374735.flac,15
/data/DATASETS/ASV_Spoof_2019_LA/ASVspoof2019_LA_eval/flac/LA_E_9375426.flac,15
/data/DATASETS/ASV_Spoof_2019_LA/ASVspoof2019_LA_eval/flac/LA_E_9375648.flac,15
/data/DATASETS/ASV_Spoof_2019_LA/ASVspoof2019_LA_eval/flac/LA_E_9376817.flac,15
/data/DATASETS/ASV_Spoof_2019_LA/ASVspoof2019_LA_eval/flac/LA_E_9378850.flac,15
/data/DATASETS/ASV_Spoof_2019_LA/ASVspoof2019_LA_eval/flac/LA_E_9379711.flac,15
/data/DATASETS/ASV_Spoof_2019_LA/ASVspoof2019_LA_eval/flac/LA_E_9381257.flac,15
/data/DATASETS/ASV_Spoof_2019_LA/ASVspoof2019_LA_eval/flac/LA_E_9382872.flac,15
/data/DATASETS/ASV_Spoof_2019_LA/ASVspoof2019_LA_eval/flac/LA_E_9383832.flac,15
/data/DATASETS/ASV_Spoof_2019_LA/ASVspoof2019_LA_eval/flac/LA_E_9383954.flac,15
/data/DATASETS/ASV_Spoof_2019_LA/ASVspoof2019_LA_eval/flac/LA_E_9385303.flac,15
/data/DATASETS/ASV_Spoof_2019_LA/ASVspoof2019_LA_eval/flac/LA_E_9387725.flac,15
/data/DATASETS/ASV_Spoof_2019_LA/ASVspoof2019_LA_eval/flac/LA_E_9392318.flac,15
/data/DATASETS/ASV_Spoof_2019_LA/ASVspoof2019_LA_eval/flac/LA_E_9394970.flac,15
/data/DATASETS/ASV_Spoof_2019_LA/ASVspoof2019_LA_eval/flac/LA_E_9395969.flac,15
/data/DATASETS/ASV_Spoof_2019_LA/ASVspoof2019_LA_eval/flac/LA_E_9396081.flac,15
/data/DATASETS/ASV_Spoof_2019_LA/ASVspoof2019_LA_eval/flac/LA_E_9398321.flac,15
/data/DATASETS/ASV_Spoof_2019_LA/ASVspoof2019_LA_eval/flac/LA_E_9400611.flac,15
/data/DATASETS/ASV_Spoof_2019_LA/ASVspoof2019_LA_eval/flac/LA_E_9402518.flac,15
/data/DATASETS/ASV_Spoof_2019_LA/ASVspoof2019_LA_eval/flac/LA_E_9403670.flac,15
/data/DATASETS/ASV_Spoof_2019_LA/ASVspoof2019_LA_eval/flac/LA_E_9405883.flac,15
/data/DATASETS/ASV_Spoof_2019_LA/ASVspoof2019_LA_eval/flac/LA_E_9406841.flac,15
/data/DATASETS/ASV_Spoof_2019_LA/ASVspoof2019_LA_eval/flac/LA_E_9408035.flac,15
/data/DATASETS/ASV_Spoof_2019_LA/ASVspoof2019_LA_eval/flac/LA_E_9408549.flac,15
/data/DATASETS/ASV_Spoof_2019_LA/ASVspoof2019_LA_eval/flac/LA_E_9410579.flac,15
/data/DATASETS/ASV_Spoof_2019_LA/ASVspoof2019_LA_eval/flac/LA_E_9412166.flac,15
/data/DATASETS/ASV_Spoof_2019_LA/ASVspoof2019_LA_eval/flac/LA_E_9412359.flac,15
/data/DATASETS/ASV_Spoof_2019_LA/ASVspoof2019_LA_eval/flac/LA_E_9412668.flac,15
/data/DATASETS/ASV_Spoof_2019_LA/ASVspoof2019_LA_eval/flac/LA_E_9413624.flac,15
/data/DATASETS/ASV_Spoof_2019_LA/ASVspoof2019_LA_eval/flac/LA_E_9415461.flac,15
/data/DATASETS/ASV_Spoof_2019_LA/ASVspoof2019_LA_eval/flac/LA_E_9416543.flac,15
/data/DATASETS/ASV_Spoof_2019_LA/ASVspoof2019_LA_eval/flac/LA_E_9416847.flac,15
/data/DATASETS/ASV_Spoof_2019_LA/ASVspoof2019_LA_eval/flac/LA_E_9419087.flac,15
/data/DATASETS/ASV_Spoof_2019_LA/ASVspoof2019_LA_eval/flac/LA_E_9419406.flac,15
/data/DATASETS/ASV_Spoof_2019_LA/ASVspoof2019_LA_eval/flac/LA_E_9420746.flac,15
/data/DATASETS/ASV_Spoof_2019_LA/ASVspoof2019_LA_eval/flac/LA_E_9421252.flac,15
/data/DATASETS/ASV_Spoof_2019_LA/ASVspoof2019_LA_eval/flac/LA_E_9423628.flac,15
/data/DATASETS/ASV_Spoof_2019_LA/ASVspoof2019_LA_eval/flac/LA_E_9425570.flac,15
/data/DATASETS/ASV_Spoof_2019_LA/ASVspoof2019_LA_eval/flac/LA_E_9425879.flac,15
/data/DATASETS/ASV_Spoof_2019_LA/ASVspoof2019_LA_eval/flac/LA_E_9426091.flac,15
/data/DATASETS/ASV_Spoof_2019_LA/ASVspoof2019_LA_eval/flac/LA_E_9428167.flac,15
/data/DATASETS/ASV_Spoof_2019_LA/ASVspoof2019_LA_eval/flac/LA_E_9429076.flac,15
/data/DATASETS/ASV_Spoof_2019_LA/ASVspoof2019_LA_eval/flac/LA_E_9430094.flac,15
/data/DATASETS/ASV_Spoof_2019_LA/ASVspoof2019_LA_eval/flac/LA_E_9433614.flac,15
/data/DATASETS/ASV_Spoof_2019_LA/ASVspoof2019_LA_eval/flac/LA_E_9436364.flac,15
/data/DATASETS/ASV_Spoof_2019_LA/ASVspoof2019_LA_eval/flac/LA_E_9438817.flac,15
/data/DATASETS/ASV_Spoof_2019_LA/ASVspoof2019_LA_eval/flac/LA_E_9439882.flac,15
/data/DATASETS/ASV_Spoof_2019_LA/ASVspoof2019_LA_eval/flac/LA_E_9440539.flac,15
/data/DATASETS/ASV_Spoof_2019_LA/ASVspoof2019_LA_eval/flac/LA_E_9441740.flac,15
/data/DATASETS/ASV_Spoof_2019_LA/ASVspoof2019_LA_eval/flac/LA_E_9444465.flac,15
/data/DATASETS/ASV_Spoof_2019_LA/ASVspoof2019_LA_eval/flac/LA_E_9444550.flac,15
/data/DATASETS/ASV_Spoof_2019_LA/ASVspoof2019_LA_eval/flac/LA_E_9448059.flac,15
/data/DATASETS/ASV_Spoof_2019_LA/ASVspoof2019_LA_eval/flac/LA_E_9453739.flac,15
/data/DATASETS/ASV_Spoof_2019_LA/ASVspoof2019_LA_eval/flac/LA_E_9454649.flac,15
/data/DATASETS/ASV_Spoof_2019_LA/ASVspoof2019_LA_eval/flac/LA_E_9457405.flac,15
/data/DATASETS/ASV_Spoof_2019_LA/ASVspoof2019_LA_eval/flac/LA_E_9457410.flac,15
/data/DATASETS/ASV_Spoof_2019_LA/ASVspoof2019_LA_eval/flac/LA_E_9459967.flac,15
/data/DATASETS/ASV_Spoof_2019_LA/ASVspoof2019_LA_eval/flac/LA_E_9464128.flac,15
/data/DATASETS/ASV_Spoof_2019_LA/ASVspoof2019_LA_eval/flac/LA_E_9464332.flac,15
/data/DATASETS/ASV_Spoof_2019_LA/ASVspoof2019_LA_eval/flac/LA_E_9466053.flac,15
/data/DATASETS/ASV_Spoof_2019_LA/ASVspoof2019_LA_eval/flac/LA_E_9468275.flac,15
/data/DATASETS/ASV_Spoof_2019_LA/ASVspoof2019_LA_eval/flac/LA_E_9468400.flac,15
/data/DATASETS/ASV_Spoof_2019_LA/ASVspoof2019_LA_eval/flac/LA_E_9469834.flac,15
/data/DATASETS/ASV_Spoof_2019_LA/ASVspoof2019_LA_eval/flac/LA_E_9471164.flac,15
/data/DATASETS/ASV_Spoof_2019_LA/ASVspoof2019_LA_eval/flac/LA_E_9474904.flac,15
/data/DATASETS/ASV_Spoof_2019_LA/ASVspoof2019_LA_eval/flac/LA_E_9475002.flac,15
/data/DATASETS/ASV_Spoof_2019_LA/ASVspoof2019_LA_eval/flac/LA_E_9477485.flac,15
/data/DATASETS/ASV_Spoof_2019_LA/ASVspoof2019_LA_eval/flac/LA_E_9479558.flac,15
/data/DATASETS/ASV_Spoof_2019_LA/ASVspoof2019_LA_eval/flac/LA_E_9480848.flac,15
/data/DATASETS/ASV_Spoof_2019_LA/ASVspoof2019_LA_eval/flac/LA_E_9485078.flac,15
/data/DATASETS/ASV_Spoof_2019_LA/ASVspoof2019_LA_eval/flac/LA_E_9485434.flac,15
/data/DATASETS/ASV_Spoof_2019_LA/ASVspoof2019_LA_eval/flac/LA_E_9485596.flac,15
/data/DATASETS/ASV_Spoof_2019_LA/ASVspoof2019_LA_eval/flac/LA_E_9485692.flac,15
/data/DATASETS/ASV_Spoof_2019_LA/ASVspoof2019_LA_eval/flac/LA_E_9489604.flac,15
/data/DATASETS/ASV_Spoof_2019_LA/ASVspoof2019_LA_eval/flac/LA_E_9490018.flac,15
/data/DATASETS/ASV_Spoof_2019_LA/ASVspoof2019_LA_eval/flac/LA_E_9494533.flac,15
/data/DATASETS/ASV_Spoof_2019_LA/ASVspoof2019_LA_eval/flac/LA_E_9496747.flac,15
/data/DATASETS/ASV_Spoof_2019_LA/ASVspoof2019_LA_eval/flac/LA_E_9497843.flac,15
/data/DATASETS/ASV_Spoof_2019_LA/ASVspoof2019_LA_eval/flac/LA_E_9503173.flac,15
/data/DATASETS/ASV_Spoof_2019_LA/ASVspoof2019_LA_eval/flac/LA_E_9504206.flac,15
/data/DATASETS/ASV_Spoof_2019_LA/ASVspoof2019_LA_eval/flac/LA_E_9506068.flac,15
/data/DATASETS/ASV_Spoof_2019_LA/ASVspoof2019_LA_eval/flac/LA_E_9506537.flac,15
/data/DATASETS/ASV_Spoof_2019_LA/ASVspoof2019_LA_eval/flac/LA_E_9510552.flac,15
/data/DATASETS/ASV_Spoof_2019_LA/ASVspoof2019_LA_eval/flac/LA_E_9512834.flac,15
/data/DATASETS/ASV_Spoof_2019_LA/ASVspoof2019_LA_eval/flac/LA_E_9512991.flac,15
/data/DATASETS/ASV_Spoof_2019_LA/ASVspoof2019_LA_eval/flac/LA_E_9514045.flac,15
/data/DATASETS/ASV_Spoof_2019_LA/ASVspoof2019_LA_eval/flac/LA_E_9519267.flac,15
/data/DATASETS/ASV_Spoof_2019_LA/ASVspoof2019_LA_eval/flac/LA_E_9519464.flac,15
/data/DATASETS/ASV_Spoof_2019_LA/ASVspoof2019_LA_eval/flac/LA_E_9522725.flac,15
/data/DATASETS/ASV_Spoof_2019_LA/ASVspoof2019_LA_eval/flac/LA_E_9525222.flac,15
/data/DATASETS/ASV_Spoof_2019_LA/ASVspoof2019_LA_eval/flac/LA_E_9528642.flac,15
/data/DATASETS/ASV_Spoof_2019_LA/ASVspoof2019_LA_eval/flac/LA_E_9529928.flac,15
/data/DATASETS/ASV_Spoof_2019_LA/ASVspoof2019_LA_eval/flac/LA_E_9532042.flac,15
/data/DATASETS/ASV_Spoof_2019_LA/ASVspoof2019_LA_eval/flac/LA_E_9534071.flac,15
/data/DATASETS/ASV_Spoof_2019_LA/ASVspoof2019_LA_eval/flac/LA_E_9536278.flac,15
/data/DATASETS/ASV_Spoof_2019_LA/ASVspoof2019_LA_eval/flac/LA_E_9538925.flac,15
/data/DATASETS/ASV_Spoof_2019_LA/ASVspoof2019_LA_eval/flac/LA_E_9539654.flac,15
/data/DATASETS/ASV_Spoof_2019_LA/ASVspoof2019_LA_eval/flac/LA_E_9541426.flac,15
/data/DATASETS/ASV_Spoof_2019_LA/ASVspoof2019_LA_eval/flac/LA_E_9543393.flac,15
/data/DATASETS/ASV_Spoof_2019_LA/ASVspoof2019_LA_eval/flac/LA_E_9547009.flac,15
/data/DATASETS/ASV_Spoof_2019_LA/ASVspoof2019_LA_eval/flac/LA_E_9549622.flac,15
/data/DATASETS/ASV_Spoof_2019_LA/ASVspoof2019_LA_eval/flac/LA_E_9550029.flac,15
/data/DATASETS/ASV_Spoof_2019_LA/ASVspoof2019_LA_eval/flac/LA_E_9550362.flac,15
/data/DATASETS/ASV_Spoof_2019_LA/ASVspoof2019_LA_eval/flac/LA_E_9551492.flac,15
/data/DATASETS/ASV_Spoof_2019_LA/ASVspoof2019_LA_eval/flac/LA_E_9552947.flac,15
/data/DATASETS/ASV_Spoof_2019_LA/ASVspoof2019_LA_eval/flac/LA_E_9553662.flac,15
/data/DATASETS/ASV_Spoof_2019_LA/ASVspoof2019_LA_eval/flac/LA_E_9553707.flac,15
/data/DATASETS/ASV_Spoof_2019_LA/ASVspoof2019_LA_eval/flac/LA_E_9556172.flac,15
/data/DATASETS/ASV_Spoof_2019_LA/ASVspoof2019_LA_eval/flac/LA_E_9556397.flac,15
/data/DATASETS/ASV_Spoof_2019_LA/ASVspoof2019_LA_eval/flac/LA_E_9557710.flac,15
/data/DATASETS/ASV_Spoof_2019_LA/ASVspoof2019_LA_eval/flac/LA_E_9558825.flac,15
/data/DATASETS/ASV_Spoof_2019_LA/ASVspoof2019_LA_eval/flac/LA_E_9558857.flac,15
/data/DATASETS/ASV_Spoof_2019_LA/ASVspoof2019_LA_eval/flac/LA_E_9559202.flac,15
/data/DATASETS/ASV_Spoof_2019_LA/ASVspoof2019_LA_eval/flac/LA_E_9563922.flac,15
/data/DATASETS/ASV_Spoof_2019_LA/ASVspoof2019_LA_eval/flac/LA_E_9566572.flac,15
/data/DATASETS/ASV_Spoof_2019_LA/ASVspoof2019_LA_eval/flac/LA_E_9566834.flac,15
/data/DATASETS/ASV_Spoof_2019_LA/ASVspoof2019_LA_eval/flac/LA_E_9567088.flac,15
/data/DATASETS/ASV_Spoof_2019_LA/ASVspoof2019_LA_eval/flac/LA_E_9570422.flac,15
/data/DATASETS/ASV_Spoof_2019_LA/ASVspoof2019_LA_eval/flac/LA_E_9573047.flac,15
/data/DATASETS/ASV_Spoof_2019_LA/ASVspoof2019_LA_eval/flac/LA_E_9574938.flac,15
/data/DATASETS/ASV_Spoof_2019_LA/ASVspoof2019_LA_eval/flac/LA_E_9575749.flac,15
/data/DATASETS/ASV_Spoof_2019_LA/ASVspoof2019_LA_eval/flac/LA_E_9576741.flac,15
/data/DATASETS/ASV_Spoof_2019_LA/ASVspoof2019_LA_eval/flac/LA_E_9577203.flac,15
/data/DATASETS/ASV_Spoof_2019_LA/ASVspoof2019_LA_eval/flac/LA_E_9578842.flac,15
/data/DATASETS/ASV_Spoof_2019_LA/ASVspoof2019_LA_eval/flac/LA_E_9579273.flac,15
/data/DATASETS/ASV_Spoof_2019_LA/ASVspoof2019_LA_eval/flac/LA_E_9586657.flac,15
/data/DATASETS/ASV_Spoof_2019_LA/ASVspoof2019_LA_eval/flac/LA_E_9587516.flac,15
/data/DATASETS/ASV_Spoof_2019_LA/ASVspoof2019_LA_eval/flac/LA_E_9590684.flac,15
/data/DATASETS/ASV_Spoof_2019_LA/ASVspoof2019_LA_eval/flac/LA_E_9591302.flac,15
/data/DATASETS/ASV_Spoof_2019_LA/ASVspoof2019_LA_eval/flac/LA_E_9599268.flac,15
/data/DATASETS/ASV_Spoof_2019_LA/ASVspoof2019_LA_eval/flac/LA_E_9600513.flac,15
/data/DATASETS/ASV_Spoof_2019_LA/ASVspoof2019_LA_eval/flac/LA_E_9600515.flac,15
/data/DATASETS/ASV_Spoof_2019_LA/ASVspoof2019_LA_eval/flac/LA_E_9605038.flac,15
/data/DATASETS/ASV_Spoof_2019_LA/ASVspoof2019_LA_eval/flac/LA_E_9605348.flac,15
/data/DATASETS/ASV_Spoof_2019_LA/ASVspoof2019_LA_eval/flac/LA_E_9605578.flac,15
/data/DATASETS/ASV_Spoof_2019_LA/ASVspoof2019_LA_eval/flac/LA_E_9606482.flac,15
/data/DATASETS/ASV_Spoof_2019_LA/ASVspoof2019_LA_eval/flac/LA_E_9607775.flac,15
/data/DATASETS/ASV_Spoof_2019_LA/ASVspoof2019_LA_eval/flac/LA_E_9608057.flac,15
/data/DATASETS/ASV_Spoof_2019_LA/ASVspoof2019_LA_eval/flac/LA_E_9611204.flac,15
/data/DATASETS/ASV_Spoof_2019_LA/ASVspoof2019_LA_eval/flac/LA_E_9612895.flac,15
/data/DATASETS/ASV_Spoof_2019_LA/ASVspoof2019_LA_eval/flac/LA_E_9614109.flac,15
/data/DATASETS/ASV_Spoof_2019_LA/ASVspoof2019_LA_eval/flac/LA_E_9620331.flac,15
/data/DATASETS/ASV_Spoof_2019_LA/ASVspoof2019_LA_eval/flac/LA_E_9624818.flac,15
/data/DATASETS/ASV_Spoof_2019_LA/ASVspoof2019_LA_eval/flac/LA_E_9625508.flac,15
/data/DATASETS/ASV_Spoof_2019_LA/ASVspoof2019_LA_eval/flac/LA_E_9628584.flac,15
/data/DATASETS/ASV_Spoof_2019_LA/ASVspoof2019_LA_eval/flac/LA_E_9638387.flac,15
/data/DATASETS/ASV_Spoof_2019_LA/ASVspoof2019_LA_eval/flac/LA_E_9638844.flac,15
/data/DATASETS/ASV_Spoof_2019_LA/ASVspoof2019_LA_eval/flac/LA_E_9641992.flac,15
/data/DATASETS/ASV_Spoof_2019_LA/ASVspoof2019_LA_eval/flac/LA_E_9642843.flac,15
/data/DATASETS/ASV_Spoof_2019_LA/ASVspoof2019_LA_eval/flac/LA_E_9643048.flac,15
/data/DATASETS/ASV_Spoof_2019_LA/ASVspoof2019_LA_eval/flac/LA_E_9644730.flac,15
/data/DATASETS/ASV_Spoof_2019_LA/ASVspoof2019_LA_eval/flac/LA_E_9644798.flac,15
/data/DATASETS/ASV_Spoof_2019_LA/ASVspoof2019_LA_eval/flac/LA_E_9650139.flac,15
/data/DATASETS/ASV_Spoof_2019_LA/ASVspoof2019_LA_eval/flac/LA_E_9652091.flac,15
/data/DATASETS/ASV_Spoof_2019_LA/ASVspoof2019_LA_eval/flac/LA_E_9652517.flac,15
/data/DATASETS/ASV_Spoof_2019_LA/ASVspoof2019_LA_eval/flac/LA_E_9657554.flac,15
/data/DATASETS/ASV_Spoof_2019_LA/ASVspoof2019_LA_eval/flac/LA_E_9660292.flac,15
/data/DATASETS/ASV_Spoof_2019_LA/ASVspoof2019_LA_eval/flac/LA_E_9661146.flac,15
/data/DATASETS/ASV_Spoof_2019_LA/ASVspoof2019_LA_eval/flac/LA_E_9661987.flac,15
/data/DATASETS/ASV_Spoof_2019_LA/ASVspoof2019_LA_eval/flac/LA_E_9669083.flac,15
/data/DATASETS/ASV_Spoof_2019_LA/ASVspoof2019_LA_eval/flac/LA_E_9670376.flac,15
/data/DATASETS/ASV_Spoof_2019_LA/ASVspoof2019_LA_eval/flac/LA_E_9670523.flac,15
/data/DATASETS/ASV_Spoof_2019_LA/ASVspoof2019_LA_eval/flac/LA_E_9671180.flac,15
/data/DATASETS/ASV_Spoof_2019_LA/ASVspoof2019_LA_eval/flac/LA_E_9671929.flac,15
/data/DATASETS/ASV_Spoof_2019_LA/ASVspoof2019_LA_eval/flac/LA_E_9672283.flac,15
/data/DATASETS/ASV_Spoof_2019_LA/ASVspoof2019_LA_eval/flac/LA_E_9673432.flac,15
/data/DATASETS/ASV_Spoof_2019_LA/ASVspoof2019_LA_eval/flac/LA_E_9676175.flac,15
/data/DATASETS/ASV_Spoof_2019_LA/ASVspoof2019_LA_eval/flac/LA_E_9676355.flac,15
/data/DATASETS/ASV_Spoof_2019_LA/ASVspoof2019_LA_eval/flac/LA_E_9677962.flac,15
/data/DATASETS/ASV_Spoof_2019_LA/ASVspoof2019_LA_eval/flac/LA_E_9680594.flac,15
/data/DATASETS/ASV_Spoof_2019_LA/ASVspoof2019_LA_eval/flac/LA_E_9681186.flac,15
/data/DATASETS/ASV_Spoof_2019_LA/ASVspoof2019_LA_eval/flac/LA_E_9683331.flac,15
/data/DATASETS/ASV_Spoof_2019_LA/ASVspoof2019_LA_eval/flac/LA_E_9691476.flac,15
/data/DATASETS/ASV_Spoof_2019_LA/ASVspoof2019_LA_eval/flac/LA_E_9691491.flac,15
/data/DATASETS/ASV_Spoof_2019_LA/ASVspoof2019_LA_eval/flac/LA_E_9691612.flac,15
/data/DATASETS/ASV_Spoof_2019_LA/ASVspoof2019_LA_eval/flac/LA_E_9693015.flac,15
/data/DATASETS/ASV_Spoof_2019_LA/ASVspoof2019_LA_eval/flac/LA_E_9694094.flac,15
/data/DATASETS/ASV_Spoof_2019_LA/ASVspoof2019_LA_eval/flac/LA_E_9694116.flac,15
/data/DATASETS/ASV_Spoof_2019_LA/ASVspoof2019_LA_eval/flac/LA_E_9696417.flac,15
/data/DATASETS/ASV_Spoof_2019_LA/ASVspoof2019_LA_eval/flac/LA_E_9697256.flac,15
/data/DATASETS/ASV_Spoof_2019_LA/ASVspoof2019_LA_eval/flac/LA_E_9698038.flac,15
/data/DATASETS/ASV_Spoof_2019_LA/ASVspoof2019_LA_eval/flac/LA_E_9698967.flac,15
/data/DATASETS/ASV_Spoof_2019_LA/ASVspoof2019_LA_eval/flac/LA_E_9700713.flac,15
/data/DATASETS/ASV_Spoof_2019_LA/ASVspoof2019_LA_eval/flac/LA_E_9702272.flac,15
/data/DATASETS/ASV_Spoof_2019_LA/ASVspoof2019_LA_eval/flac/LA_E_9707082.flac,15
/data/DATASETS/ASV_Spoof_2019_LA/ASVspoof2019_LA_eval/flac/LA_E_9707510.flac,15
/data/DATASETS/ASV_Spoof_2019_LA/ASVspoof2019_LA_eval/flac/LA_E_9710563.flac,15
/data/DATASETS/ASV_Spoof_2019_LA/ASVspoof2019_LA_eval/flac/LA_E_9710809.flac,15
/data/DATASETS/ASV_Spoof_2019_LA/ASVspoof2019_LA_eval/flac/LA_E_9711627.flac,15
/data/DATASETS/ASV_Spoof_2019_LA/ASVspoof2019_LA_eval/flac/LA_E_9713542.flac,15
/data/DATASETS/ASV_Spoof_2019_LA/ASVspoof2019_LA_eval/flac/LA_E_9714063.flac,15
/data/DATASETS/ASV_Spoof_2019_LA/ASVspoof2019_LA_eval/flac/LA_E_9714753.flac,15
/data/DATASETS/ASV_Spoof_2019_LA/ASVspoof2019_LA_eval/flac/LA_E_9720710.flac,15
/data/DATASETS/ASV_Spoof_2019_LA/ASVspoof2019_LA_eval/flac/LA_E_9721756.flac,15
/data/DATASETS/ASV_Spoof_2019_LA/ASVspoof2019_LA_eval/flac/LA_E_9723699.flac,15
/data/DATASETS/ASV_Spoof_2019_LA/ASVspoof2019_LA_eval/flac/LA_E_9725316.flac,15
/data/DATASETS/ASV_Spoof_2019_LA/ASVspoof2019_LA_eval/flac/LA_E_9725417.flac,15
/data/DATASETS/ASV_Spoof_2019_LA/ASVspoof2019_LA_eval/flac/LA_E_9727821.flac,15
/data/DATASETS/ASV_Spoof_2019_LA/ASVspoof2019_LA_eval/flac/LA_E_9734744.flac,15
/data/DATASETS/ASV_Spoof_2019_LA/ASVspoof2019_LA_eval/flac/LA_E_9739358.flac,15
/data/DATASETS/ASV_Spoof_2019_LA/ASVspoof2019_LA_eval/flac/LA_E_9740214.flac,15
/data/DATASETS/ASV_Spoof_2019_LA/ASVspoof2019_LA_eval/flac/LA_E_9742931.flac,15
/data/DATASETS/ASV_Spoof_2019_LA/ASVspoof2019_LA_eval/flac/LA_E_9746433.flac,15
/data/DATASETS/ASV_Spoof_2019_LA/ASVspoof2019_LA_eval/flac/LA_E_9746869.flac,15
/data/DATASETS/ASV_Spoof_2019_LA/ASVspoof2019_LA_eval/flac/LA_E_9748028.flac,15
/data/DATASETS/ASV_Spoof_2019_LA/ASVspoof2019_LA_eval/flac/LA_E_9748178.flac,15
/data/DATASETS/ASV_Spoof_2019_LA/ASVspoof2019_LA_eval/flac/LA_E_9749182.flac,15
/data/DATASETS/ASV_Spoof_2019_LA/ASVspoof2019_LA_eval/flac/LA_E_9750035.flac,15
/data/DATASETS/ASV_Spoof_2019_LA/ASVspoof2019_LA_eval/flac/LA_E_9752334.flac,15
/data/DATASETS/ASV_Spoof_2019_LA/ASVspoof2019_LA_eval/flac/LA_E_9753249.flac,15
/data/DATASETS/ASV_Spoof_2019_LA/ASVspoof2019_LA_eval/flac/LA_E_9753539.flac,15
/data/DATASETS/ASV_Spoof_2019_LA/ASVspoof2019_LA_eval/flac/LA_E_9754366.flac,15
/data/DATASETS/ASV_Spoof_2019_LA/ASVspoof2019_LA_eval/flac/LA_E_9756087.flac,15
/data/DATASETS/ASV_Spoof_2019_LA/ASVspoof2019_LA_eval/flac/LA_E_9756244.flac,15
/data/DATASETS/ASV_Spoof_2019_LA/ASVspoof2019_LA_eval/flac/LA_E_9758053.flac,15
/data/DATASETS/ASV_Spoof_2019_LA/ASVspoof2019_LA_eval/flac/LA_E_9759347.flac,15
/data/DATASETS/ASV_Spoof_2019_LA/ASVspoof2019_LA_eval/flac/LA_E_9761867.flac,15
/data/DATASETS/ASV_Spoof_2019_LA/ASVspoof2019_LA_eval/flac/LA_E_9763363.flac,15
/data/DATASETS/ASV_Spoof_2019_LA/ASVspoof2019_LA_eval/flac/LA_E_9763674.flac,15
/data/DATASETS/ASV_Spoof_2019_LA/ASVspoof2019_LA_eval/flac/LA_E_9764205.flac,15
/data/DATASETS/ASV_Spoof_2019_LA/ASVspoof2019_LA_eval/flac/LA_E_9765162.flac,15
/data/DATASETS/ASV_Spoof_2019_LA/ASVspoof2019_LA_eval/flac/LA_E_9765975.flac,15
/data/DATASETS/ASV_Spoof_2019_LA/ASVspoof2019_LA_eval/flac/LA_E_9766032.flac,15
/data/DATASETS/ASV_Spoof_2019_LA/ASVspoof2019_LA_eval/flac/LA_E_9767632.flac,15
/data/DATASETS/ASV_Spoof_2019_LA/ASVspoof2019_LA_eval/flac/LA_E_9770029.flac,15
/data/DATASETS/ASV_Spoof_2019_LA/ASVspoof2019_LA_eval/flac/LA_E_9770302.flac,15
/data/DATASETS/ASV_Spoof_2019_LA/ASVspoof2019_LA_eval/flac/LA_E_9770507.flac,15
/data/DATASETS/ASV_Spoof_2019_LA/ASVspoof2019_LA_eval/flac/LA_E_9771936.flac,15
/data/DATASETS/ASV_Spoof_2019_LA/ASVspoof2019_LA_eval/flac/LA_E_9773064.flac,15
/data/DATASETS/ASV_Spoof_2019_LA/ASVspoof2019_LA_eval/flac/LA_E_9774035.flac,15
/data/DATASETS/ASV_Spoof_2019_LA/ASVspoof2019_LA_eval/flac/LA_E_9774653.flac,15
/data/DATASETS/ASV_Spoof_2019_LA/ASVspoof2019_LA_eval/flac/LA_E_9775540.flac,15
/data/DATASETS/ASV_Spoof_2019_LA/ASVspoof2019_LA_eval/flac/LA_E_9778644.flac,15
/data/DATASETS/ASV_Spoof_2019_LA/ASVspoof2019_LA_eval/flac/LA_E_9780823.flac,15
/data/DATASETS/ASV_Spoof_2019_LA/ASVspoof2019_LA_eval/flac/LA_E_9781009.flac,15
/data/DATASETS/ASV_Spoof_2019_LA/ASVspoof2019_LA_eval/flac/LA_E_9782770.flac,15
/data/DATASETS/ASV_Spoof_2019_LA/ASVspoof2019_LA_eval/flac/LA_E_9784720.flac,15
/data/DATASETS/ASV_Spoof_2019_LA/ASVspoof2019_LA_eval/flac/LA_E_9785634.flac,15
/data/DATASETS/ASV_Spoof_2019_LA/ASVspoof2019_LA_eval/flac/LA_E_9785924.flac,15
/data/DATASETS/ASV_Spoof_2019_LA/ASVspoof2019_LA_eval/flac/LA_E_9786603.flac,15
/data/DATASETS/ASV_Spoof_2019_LA/ASVspoof2019_LA_eval/flac/LA_E_9787353.flac,15
/data/DATASETS/ASV_Spoof_2019_LA/ASVspoof2019_LA_eval/flac/LA_E_9787716.flac,15
/data/DATASETS/ASV_Spoof_2019_LA/ASVspoof2019_LA_eval/flac/LA_E_9790242.flac,15
/data/DATASETS/ASV_Spoof_2019_LA/ASVspoof2019_LA_eval/flac/LA_E_9790468.flac,15
/data/DATASETS/ASV_Spoof_2019_LA/ASVspoof2019_LA_eval/flac/LA_E_9791941.flac,15
/data/DATASETS/ASV_Spoof_2019_LA/ASVspoof2019_LA_eval/flac/LA_E_9793642.flac,15
/data/DATASETS/ASV_Spoof_2019_LA/ASVspoof2019_LA_eval/flac/LA_E_9794952.flac,15
/data/DATASETS/ASV_Spoof_2019_LA/ASVspoof2019_LA_eval/flac/LA_E_9797020.flac,15
/data/DATASETS/ASV_Spoof_2019_LA/ASVspoof2019_LA_eval/flac/LA_E_9799634.flac,15
/data/DATASETS/ASV_Spoof_2019_LA/ASVspoof2019_LA_eval/flac/LA_E_9801331.flac,15
/data/DATASETS/ASV_Spoof_2019_LA/ASVspoof2019_LA_eval/flac/LA_E_9801495.flac,15
/data/DATASETS/ASV_Spoof_2019_LA/ASVspoof2019_LA_eval/flac/LA_E_9801767.flac,15
/data/DATASETS/ASV_Spoof_2019_LA/ASVspoof2019_LA_eval/flac/LA_E_9801829.flac,15
/data/DATASETS/ASV_Spoof_2019_LA/ASVspoof2019_LA_eval/flac/LA_E_9803270.flac,15
/data/DATASETS/ASV_Spoof_2019_LA/ASVspoof2019_LA_eval/flac/LA_E_9804739.flac,15
/data/DATASETS/ASV_Spoof_2019_LA/ASVspoof2019_LA_eval/flac/LA_E_9805428.flac,15
/data/DATASETS/ASV_Spoof_2019_LA/ASVspoof2019_LA_eval/flac/LA_E_9814019.flac,15
/data/DATASETS/ASV_Spoof_2019_LA/ASVspoof2019_LA_eval/flac/LA_E_9816673.flac,15
/data/DATASETS/ASV_Spoof_2019_LA/ASVspoof2019_LA_eval/flac/LA_E_9818082.flac,15
/data/DATASETS/ASV_Spoof_2019_LA/ASVspoof2019_LA_eval/flac/LA_E_9818679.flac,15
/data/DATASETS/ASV_Spoof_2019_LA/ASVspoof2019_LA_eval/flac/LA_E_9819946.flac,15
/data/DATASETS/ASV_Spoof_2019_LA/ASVspoof2019_LA_eval/flac/LA_E_9821049.flac,15
/data/DATASETS/ASV_Spoof_2019_LA/ASVspoof2019_LA_eval/flac/LA_E_9824846.flac,15
/data/DATASETS/ASV_Spoof_2019_LA/ASVspoof2019_LA_eval/flac/LA_E_9824847.flac,15
/data/DATASETS/ASV_Spoof_2019_LA/ASVspoof2019_LA_eval/flac/LA_E_9825453.flac,15
/data/DATASETS/ASV_Spoof_2019_LA/ASVspoof2019_LA_eval/flac/LA_E_9829766.flac,15
/data/DATASETS/ASV_Spoof_2019_LA/ASVspoof2019_LA_eval/flac/LA_E_9830006.flac,15
/data/DATASETS/ASV_Spoof_2019_LA/ASVspoof2019_LA_eval/flac/LA_E_9831181.flac,15
/data/DATASETS/ASV_Spoof_2019_LA/ASVspoof2019_LA_eval/flac/LA_E_9832258.flac,15
/data/DATASETS/ASV_Spoof_2019_LA/ASVspoof2019_LA_eval/flac/LA_E_9833975.flac,15
/data/DATASETS/ASV_Spoof_2019_LA/ASVspoof2019_LA_eval/flac/LA_E_9834704.flac,15
/data/DATASETS/ASV_Spoof_2019_LA/ASVspoof2019_LA_eval/flac/LA_E_9837991.flac,15
/data/DATASETS/ASV_Spoof_2019_LA/ASVspoof2019_LA_eval/flac/LA_E_9840240.flac,15
/data/DATASETS/ASV_Spoof_2019_LA/ASVspoof2019_LA_eval/flac/LA_E_9841409.flac,15
/data/DATASETS/ASV_Spoof_2019_LA/ASVspoof2019_LA_eval/flac/LA_E_9841604.flac,15
/data/DATASETS/ASV_Spoof_2019_LA/ASVspoof2019_LA_eval/flac/LA_E_9845174.flac,15
/data/DATASETS/ASV_Spoof_2019_LA/ASVspoof2019_LA_eval/flac/LA_E_9847169.flac,15
/data/DATASETS/ASV_Spoof_2019_LA/ASVspoof2019_LA_eval/flac/LA_E_9850616.flac,15
/data/DATASETS/ASV_Spoof_2019_LA/ASVspoof2019_LA_eval/flac/LA_E_9852652.flac,15
/data/DATASETS/ASV_Spoof_2019_LA/ASVspoof2019_LA_eval/flac/LA_E_9854638.flac,15
/data/DATASETS/ASV_Spoof_2019_LA/ASVspoof2019_LA_eval/flac/LA_E_9856128.flac,15
/data/DATASETS/ASV_Spoof_2019_LA/ASVspoof2019_LA_eval/flac/LA_E_9856138.flac,15
/data/DATASETS/ASV_Spoof_2019_LA/ASVspoof2019_LA_eval/flac/LA_E_9857136.flac,15
/data/DATASETS/ASV_Spoof_2019_LA/ASVspoof2019_LA_eval/flac/LA_E_9864872.flac,15
/data/DATASETS/ASV_Spoof_2019_LA/ASVspoof2019_LA_eval/flac/LA_E_9872189.flac,15
/data/DATASETS/ASV_Spoof_2019_LA/ASVspoof2019_LA_eval/flac/LA_E_9872381.flac,15
/data/DATASETS/ASV_Spoof_2019_LA/ASVspoof2019_LA_eval/flac/LA_E_9873752.flac,15
/data/DATASETS/ASV_Spoof_2019_LA/ASVspoof2019_LA_eval/flac/LA_E_9876700.flac,15
/data/DATASETS/ASV_Spoof_2019_LA/ASVspoof2019_LA_eval/flac/LA_E_9877947.flac,15
/data/DATASETS/ASV_Spoof_2019_LA/ASVspoof2019_LA_eval/flac/LA_E_9880258.flac,15
/data/DATASETS/ASV_Spoof_2019_LA/ASVspoof2019_LA_eval/flac/LA_E_9883267.flac,15
/data/DATASETS/ASV_Spoof_2019_LA/ASVspoof2019_LA_eval/flac/LA_E_9889451.flac,15
/data/DATASETS/ASV_Spoof_2019_LA/ASVspoof2019_LA_eval/flac/LA_E_9889833.flac,15
/data/DATASETS/ASV_Spoof_2019_LA/ASVspoof2019_LA_eval/flac/LA_E_9892343.flac,15
/data/DATASETS/ASV_Spoof_2019_LA/ASVspoof2019_LA_eval/flac/LA_E_9892843.flac,15
/data/DATASETS/ASV_Spoof_2019_LA/ASVspoof2019_LA_eval/flac/LA_E_9893070.flac,15
/data/DATASETS/ASV_Spoof_2019_LA/ASVspoof2019_LA_eval/flac/LA_E_9895389.flac,15
/data/DATASETS/ASV_Spoof_2019_LA/ASVspoof2019_LA_eval/flac/LA_E_9896093.flac,15
/data/DATASETS/ASV_Spoof_2019_LA/ASVspoof2019_LA_eval/flac/LA_E_9897735.flac,15
/data/DATASETS/ASV_Spoof_2019_LA/ASVspoof2019_LA_eval/flac/LA_E_9898679.flac,15
/data/DATASETS/ASV_Spoof_2019_LA/ASVspoof2019_LA_eval/flac/LA_E_9906898.flac,15
/data/DATASETS/ASV_Spoof_2019_LA/ASVspoof2019_LA_eval/flac/LA_E_9908372.flac,15
/data/DATASETS/ASV_Spoof_2019_LA/ASVspoof2019_LA_eval/flac/LA_E_9908868.flac,15
/data/DATASETS/ASV_Spoof_2019_LA/ASVspoof2019_LA_eval/flac/LA_E_9910355.flac,15
/data/DATASETS/ASV_Spoof_2019_LA/ASVspoof2019_LA_eval/flac/LA_E_9916491.flac,15
/data/DATASETS/ASV_Spoof_2019_LA/ASVspoof2019_LA_eval/flac/LA_E_9916993.flac,15
/data/DATASETS/ASV_Spoof_2019_LA/ASVspoof2019_LA_eval/flac/LA_E_9918842.flac,15
/data/DATASETS/ASV_Spoof_2019_LA/ASVspoof2019_LA_eval/flac/LA_E_9922243.flac,15
/data/DATASETS/ASV_Spoof_2019_LA/ASVspoof2019_LA_eval/flac/LA_E_9922510.flac,15
/data/DATASETS/ASV_Spoof_2019_LA/ASVspoof2019_LA_eval/flac/LA_E_9922748.flac,15
/data/DATASETS/ASV_Spoof_2019_LA/ASVspoof2019_LA_eval/flac/LA_E_9924280.flac,15
/data/DATASETS/ASV_Spoof_2019_LA/ASVspoof2019_LA_eval/flac/LA_E_9926654.flac,15
/data/DATASETS/ASV_Spoof_2019_LA/ASVspoof2019_LA_eval/flac/LA_E_9927697.flac,15
/data/DATASETS/ASV_Spoof_2019_LA/ASVspoof2019_LA_eval/flac/LA_E_9928092.flac,15
/data/DATASETS/ASV_Spoof_2019_LA/ASVspoof2019_LA_eval/flac/LA_E_9929796.flac,15
/data/DATASETS/ASV_Spoof_2019_LA/ASVspoof2019_LA_eval/flac/LA_E_9931094.flac,15
/data/DATASETS/ASV_Spoof_2019_LA/ASVspoof2019_LA_eval/flac/LA_E_9933749.flac,15
/data/DATASETS/ASV_Spoof_2019_LA/ASVspoof2019_LA_eval/flac/LA_E_9937361.flac,15
/data/DATASETS/ASV_Spoof_2019_LA/ASVspoof2019_LA_eval/flac/LA_E_9938137.flac,15
/data/DATASETS/ASV_Spoof_2019_LA/ASVspoof2019_LA_eval/flac/LA_E_9939194.flac,15
/data/DATASETS/ASV_Spoof_2019_LA/ASVspoof2019_LA_eval/flac/LA_E_9940229.flac,15
/data/DATASETS/ASV_Spoof_2019_LA/ASVspoof2019_LA_eval/flac/LA_E_9941606.flac,15
/data/DATASETS/ASV_Spoof_2019_LA/ASVspoof2019_LA_eval/flac/LA_E_9944791.flac,15
/data/DATASETS/ASV_Spoof_2019_LA/ASVspoof2019_LA_eval/flac/LA_E_9945083.flac,15
/data/DATASETS/ASV_Spoof_2019_LA/ASVspoof2019_LA_eval/flac/LA_E_9945645.flac,15
/data/DATASETS/ASV_Spoof_2019_LA/ASVspoof2019_LA_eval/flac/LA_E_9947869.flac,15
/data/DATASETS/ASV_Spoof_2019_LA/ASVspoof2019_LA_eval/flac/LA_E_9947983.flac,15
/data/DATASETS/ASV_Spoof_2019_LA/ASVspoof2019_LA_eval/flac/LA_E_9948196.flac,15
/data/DATASETS/ASV_Spoof_2019_LA/ASVspoof2019_LA_eval/flac/LA_E_9948237.flac,15
/data/DATASETS/ASV_Spoof_2019_LA/ASVspoof2019_LA_eval/flac/LA_E_9950375.flac,15
/data/DATASETS/ASV_Spoof_2019_LA/ASVspoof2019_LA_eval/flac/LA_E_9950655.flac,15
/data/DATASETS/ASV_Spoof_2019_LA/ASVspoof2019_LA_eval/flac/LA_E_9951769.flac,15
/data/DATASETS/ASV_Spoof_2019_LA/ASVspoof2019_LA_eval/flac/LA_E_9952785.flac,15
/data/DATASETS/ASV_Spoof_2019_LA/ASVspoof2019_LA_eval/flac/LA_E_9954588.flac,15
/data/DATASETS/ASV_Spoof_2019_LA/ASVspoof2019_LA_eval/flac/LA_E_9964410.flac,15
/data/DATASETS/ASV_Spoof_2019_LA/ASVspoof2019_LA_eval/flac/LA_E_9967337.flac,15
/data/DATASETS/ASV_Spoof_2019_LA/ASVspoof2019_LA_eval/flac/LA_E_9968808.flac,15
/data/DATASETS/ASV_Spoof_2019_LA/ASVspoof2019_LA_eval/flac/LA_E_9970682.flac,15
/data/DATASETS/ASV_Spoof_2019_LA/ASVspoof2019_LA_eval/flac/LA_E_9971406.flac,15
/data/DATASETS/ASV_Spoof_2019_LA/ASVspoof2019_LA_eval/flac/LA_E_9972952.flac,15
/data/DATASETS/ASV_Spoof_2019_LA/ASVspoof2019_LA_eval/flac/LA_E_9974975.flac,15
/data/DATASETS/ASV_Spoof_2019_LA/ASVspoof2019_LA_eval/flac/LA_E_9976036.flac,15
/data/DATASETS/ASV_Spoof_2019_LA/ASVspoof2019_LA_eval/flac/LA_E_9980023.flac,15
/data/DATASETS/ASV_Spoof_2019_LA/ASVspoof2019_LA_eval/flac/LA_E_9981905.flac,15
/data/DATASETS/ASV_Spoof_2019_LA/ASVspoof2019_LA_eval/flac/LA_E_9985330.flac,15
/data/DATASETS/ASV_Spoof_2019_LA/ASVspoof2019_LA_eval/flac/LA_E_9985619.flac,15
/data/DATASETS/ASV_Spoof_2019_LA/ASVspoof2019_LA_eval/flac/LA_E_9986051.flac,15
/data/DATASETS/ASV_Spoof_2019_LA/ASVspoof2019_LA_eval/flac/LA_E_9986492.flac,15
/data/DATASETS/ASV_Spoof_2019_LA/ASVspoof2019_LA_eval/flac/LA_E_9987482.flac,15
/data/DATASETS/ASV_Spoof_2019_LA/ASVspoof2019_LA_eval/flac/LA_E_9987542.flac,15
/data/DATASETS/ASV_Spoof_2019_LA/ASVspoof2019_LA_eval/flac/LA_E_9989232.flac,15
/data/DATASETS/ASV_Spoof_2019_LA/ASVspoof2019_LA_eval/flac/LA_E_9989404.flac,15
/data/DATASETS/ASV_Spoof_2019_LA/ASVspoof2019_LA_eval/flac/LA_E_9994474.flac,15
/data/DATASETS/ASV_Spoof_2019_LA/ASVspoof2019_LA_eval/flac/LA_E_9995206.flac,15
