path,label
/data/DATASETS/ASV_Spoof_2019_LA/ASVspoof2019_LA_eval/flac/LA_E_1003846.flac,16
/data/DATASETS/ASV_Spoof_2019_LA/ASVspoof2019_LA_eval/flac/LA_E_1004546.flac,16
/data/DATASETS/ASV_Spoof_2019_LA/ASVspoof2019_LA_eval/flac/LA_E_1008606.flac,16
/data/DATASETS/ASV_Spoof_2019_LA/ASVspoof2019_LA_eval/flac/LA_E_1009324.flac,16
/data/DATASETS/ASV_Spoof_2019_LA/ASVspoof2019_LA_eval/flac/LA_E_1010357.flac,16
/data/DATASETS/ASV_Spoof_2019_LA/ASVspoof2019_LA_eval/flac/LA_E_1011677.flac,16
/data/DATASETS/ASV_Spoof_2019_LA/ASVspoof2019_LA_eval/flac/LA_E_1011803.flac,16
/data/DATASETS/ASV_Spoof_2019_LA/ASVspoof2019_LA_eval/flac/LA_E_1013369.flac,16
/data/DATASETS/ASV_Spoof_2019_LA/ASVspoof2019_LA_eval/flac/LA_E_1018400.flac,16
/data/DATASETS/ASV_Spoof_2019_LA/ASVspoof2019_LA_eval/flac/LA_E_1022180.flac,16
/data/DATASETS/ASV_Spoof_2019_LA/ASVspoof2019_LA_eval/flac/LA_E_1022202.flac,16
/data/DATASETS/ASV_Spoof_2019_LA/ASVspoof2019_LA_eval/flac/LA_E_1023715.flac,16
/data/DATASETS/ASV_Spoof_2019_LA/ASVspoof2019_LA_eval/flac/LA_E_1025419.flac,16
/data/DATASETS/ASV_Spoof_2019_LA/ASVspoof2019_LA_eval/flac/LA_E_1028173.flac,16
/data/DATASETS/ASV_Spoof_2019_LA/ASVspoof2019_LA_eval/flac/LA_E_1028501.flac,16
/data/DATASETS/ASV_Spoof_2019_LA/ASVspoof2019_LA_eval/flac/LA_E_1028811.flac,16
/data/DATASETS/ASV_Spoof_2019_LA/ASVspoof2019_LA_eval/flac/LA_E_1029245.flac,16
/data/DATASETS/ASV_Spoof_2019_LA/ASVspoof2019_LA_eval/flac/LA_E_1030243.flac,16
/data/DATASETS/ASV_Spoof_2019_LA/ASVspoof2019_LA_eval/flac/LA_E_1030253.flac,16
/data/DATASETS/ASV_Spoof_2019_LA/ASVspoof2019_LA_eval/flac/LA_E_1030568.flac,16
/data/DATASETS/ASV_Spoof_2019_LA/ASVspoof2019_LA_eval/flac/LA_E_1041818.flac,16
/data/DATASETS/ASV_Spoof_2019_LA/ASVspoof2019_LA_eval/flac/LA_E_1043091.flac,16
/data/DATASETS/ASV_Spoof_2019_LA/ASVspoof2019_LA_eval/flac/LA_E_1043829.flac,16
/data/DATASETS/ASV_Spoof_2019_LA/ASVspoof2019_LA_eval/flac/LA_E_1044331.flac,16
/data/DATASETS/ASV_Spoof_2019_LA/ASVspoof2019_LA_eval/flac/LA_E_1044740.flac,16
/data/DATASETS/ASV_Spoof_2019_LA/ASVspoof2019_LA_eval/flac/LA_E_1049141.flac,16
/data/DATASETS/ASV_Spoof_2019_LA/ASVspoof2019_LA_eval/flac/LA_E_1049808.flac,16
/data/DATASETS/ASV_Spoof_2019_LA/ASVspoof2019_LA_eval/flac/LA_E_1050779.flac,16
/data/DATASETS/ASV_Spoof_2019_LA/ASVspoof2019_LA_eval/flac/LA_E_1052257.flac,16
/data/DATASETS/ASV_Spoof_2019_LA/ASVspoof2019_LA_eval/flac/LA_E_1054501.flac,16
/data/DATASETS/ASV_Spoof_2019_LA/ASVspoof2019_LA_eval/flac/LA_E_1054934.flac,16
/data/DATASETS/ASV_Spoof_2019_LA/ASVspoof2019_LA_eval/flac/LA_E_1056060.flac,16
/data/DATASETS/ASV_Spoof_2019_LA/ASVspoof2019_LA_eval/flac/LA_E_1056214.flac,16
/data/DATASETS/ASV_Spoof_2019_LA/ASVspoof2019_LA_eval/flac/LA_E_1062800.flac,16
/data/DATASETS/ASV_Spoof_2019_LA/ASVspoof2019_LA_eval/flac/LA_E_1064525.flac,16
/data/DATASETS/ASV_Spoof_2019_LA/ASVspoof2019_LA_eval/flac/LA_E_1065521.flac,16
/data/DATASETS/ASV_Spoof_2019_LA/ASVspoof2019_LA_eval/flac/LA_E_1067147.flac,16
/data/DATASETS/ASV_Spoof_2019_LA/ASVspoof2019_LA_eval/flac/LA_E_1068272.flac,16
/data/DATASETS/ASV_Spoof_2019_LA/ASVspoof2019_LA_eval/flac/LA_E_1068790.flac,16
/data/DATASETS/ASV_Spoof_2019_LA/ASVspoof2019_LA_eval/flac/LA_E_1068813.flac,16
/data/DATASETS/ASV_Spoof_2019_LA/ASVspoof2019_LA_eval/flac/LA_E_1069211.flac,16
/data/DATASETS/ASV_Spoof_2019_LA/ASVspoof2019_LA_eval/flac/LA_E_1070406.flac,16
/data/DATASETS/ASV_Spoof_2019_LA/ASVspoof2019_LA_eval/flac/LA_E_1072832.flac,16
/data/DATASETS/ASV_Spoof_2019_LA/ASVspoof2019_LA_eval/flac/LA_E_1073455.flac,16
/data/DATASETS/ASV_Spoof_2019_LA/ASVspoof2019_LA_eval/flac/LA_E_1075457.flac,16
/data/DATASETS/ASV_Spoof_2019_LA/ASVspoof2019_LA_eval/flac/LA_E_1075596.flac,16
/data/DATASETS/ASV_Spoof_2019_LA/ASVspoof2019_LA_eval/flac/LA_E_1076063.flac,16
/data/DATASETS/ASV_Spoof_2019_LA/ASVspoof2019_LA_eval/flac/LA_E_1076391.flac,16
/data/DATASETS/ASV_Spoof_2019_LA/ASVspoof2019_LA_eval/flac/LA_E_1077114.flac,16
/data/DATASETS/ASV_Spoof_2019_LA/ASVspoof2019_LA_eval/flac/LA_E_1078996.flac,16
/data/DATASETS/ASV_Spoof_2019_LA/ASVspoof2019_LA_eval/flac/LA_E_1081992.flac,16
/data/DATASETS/ASV_Spoof_2019_LA/ASVspoof2019_LA_eval/flac/LA_E_1082676.flac,16
/data/DATASETS/ASV_Spoof_2019_LA/ASVspoof2019_LA_eval/flac/LA_E_1084786.flac,16
/data/DATASETS/ASV_Spoof_2019_LA/ASVspoof2019_LA_eval/flac/LA_E_1085264.flac,16
/data/DATASETS/ASV_Spoof_2019_LA/ASVspoof2019_LA_eval/flac/LA_E_1085979.flac,16
/data/DATASETS/ASV_Spoof_2019_LA/ASVspoof2019_LA_eval/flac/LA_E_1088539.flac,16
/data/DATASETS/ASV_Spoof_2019_LA/ASVspoof2019_LA_eval/flac/LA_E_1089140.flac,16
/data/DATASETS/ASV_Spoof_2019_LA/ASVspoof2019_LA_eval/flac/LA_E_1090690.flac,16
/data/DATASETS/ASV_Spoof_2019_LA/ASVspoof2019_LA_eval/flac/LA_E_1091928.flac,16
/data/DATASETS/ASV_Spoof_2019_LA/ASVspoof2019_LA_eval/flac/LA_E_1093506.flac,16
/data/DATASETS/ASV_Spoof_2019_LA/ASVspoof2019_LA_eval/flac/LA_E_1093816.flac,16
/data/DATASETS/ASV_Spoof_2019_LA/ASVspoof2019_LA_eval/flac/LA_E_1098595.flac,16
/data/DATASETS/ASV_Spoof_2019_LA/ASVspoof2019_LA_eval/flac/LA_E_1099431.flac,16
/data/DATASETS/ASV_Spoof_2019_LA/ASVspoof2019_LA_eval/flac/LA_E_1104691.flac,16
/data/DATASETS/ASV_Spoof_2019_LA/ASVspoof2019_LA_eval/flac/LA_E_1105543.flac,16
/data/DATASETS/ASV_Spoof_2019_LA/ASVspoof2019_LA_eval/flac/LA_E_1108630.flac,16
/data/DATASETS/ASV_Spoof_2019_LA/ASVspoof2019_LA_eval/flac/LA_E_1108731.flac,16
/data/DATASETS/ASV_Spoof_2019_LA/ASVspoof2019_LA_eval/flac/LA_E_1114269.flac,16
/data/DATASETS/ASV_Spoof_2019_LA/ASVspoof2019_LA_eval/flac/LA_E_1114681.flac,16
/data/DATASETS/ASV_Spoof_2019_LA/ASVspoof2019_LA_eval/flac/LA_E_1115303.flac,16
/data/DATASETS/ASV_Spoof_2019_LA/ASVspoof2019_LA_eval/flac/LA_E_1115474.flac,16
/data/DATASETS/ASV_Spoof_2019_LA/ASVspoof2019_LA_eval/flac/LA_E_1122455.flac,16
/data/DATASETS/ASV_Spoof_2019_LA/ASVspoof2019_LA_eval/flac/LA_E_1123700.flac,16
/data/DATASETS/ASV_Spoof_2019_LA/ASVspoof2019_LA_eval/flac/LA_E_1129086.flac,16
/data/DATASETS/ASV_Spoof_2019_LA/ASVspoof2019_LA_eval/flac/LA_E_1129541.flac,16
/data/DATASETS/ASV_Spoof_2019_LA/ASVspoof2019_LA_eval/flac/LA_E_1131271.flac,16
/data/DATASETS/ASV_Spoof_2019_LA/ASVspoof2019_LA_eval/flac/LA_E_1131446.flac,16
/data/DATASETS/ASV_Spoof_2019_LA/ASVspoof2019_LA_eval/flac/LA_E_1132880.flac,16
/data/DATASETS/ASV_Spoof_2019_LA/ASVspoof2019_LA_eval/flac/LA_E_1135303.flac,16
/data/DATASETS/ASV_Spoof_2019_LA/ASVspoof2019_LA_eval/flac/LA_E_1137309.flac,16
/data/DATASETS/ASV_Spoof_2019_LA/ASVspoof2019_LA_eval/flac/LA_E_1137506.flac,16
/data/DATASETS/ASV_Spoof_2019_LA/ASVspoof2019_LA_eval/flac/LA_E_1139657.flac,16
/data/DATASETS/ASV_Spoof_2019_LA/ASVspoof2019_LA_eval/flac/LA_E_1140221.flac,16
/data/DATASETS/ASV_Spoof_2019_LA/ASVspoof2019_LA_eval/flac/LA_E_1140370.flac,16
/data/DATASETS/ASV_Spoof_2019_LA/ASVspoof2019_LA_eval/flac/LA_E_1141909.flac,16
/data/DATASETS/ASV_Spoof_2019_LA/ASVspoof2019_LA_eval/flac/LA_E_1142221.flac,16
/data/DATASETS/ASV_Spoof_2019_LA/ASVspoof2019_LA_eval/flac/LA_E_1142282.flac,16
/data/DATASETS/ASV_Spoof_2019_LA/ASVspoof2019_LA_eval/flac/LA_E_1144663.flac,16
/data/DATASETS/ASV_Spoof_2019_LA/ASVspoof2019_LA_eval/flac/LA_E_1144983.flac,16
/data/DATASETS/ASV_Spoof_2019_LA/ASVspoof2019_LA_eval/flac/LA_E_1148102.flac,16
/data/DATASETS/ASV_Spoof_2019_LA/ASVspoof2019_LA_eval/flac/LA_E_1148631.flac,16
/data/DATASETS/ASV_Spoof_2019_LA/ASVspoof2019_LA_eval/flac/LA_E_1152760.flac,16
/data/DATASETS/ASV_Spoof_2019_LA/ASVspoof2019_LA_eval/flac/LA_E_1153726.flac,16
/data/DATASETS/ASV_Spoof_2019_LA/ASVspoof2019_LA_eval/flac/LA_E_1154445.flac,16
/data/DATASETS/ASV_Spoof_2019_LA/ASVspoof2019_LA_eval/flac/LA_E_1155345.flac,16
/data/DATASETS/ASV_Spoof_2019_LA/ASVspoof2019_LA_eval/flac/LA_E_1155677.flac,16
/data/DATASETS/ASV_Spoof_2019_LA/ASVspoof2019_LA_eval/flac/LA_E_1156753.flac,16
/data/DATASETS/ASV_Spoof_2019_LA/ASVspoof2019_LA_eval/flac/LA_E_1158554.flac,16
/data/DATASETS/ASV_Spoof_2019_LA/ASVspoof2019_LA_eval/flac/LA_E_1160550.flac,16
/data/DATASETS/ASV_Spoof_2019_LA/ASVspoof2019_LA_eval/flac/LA_E_1161251.flac,16
/data/DATASETS/ASV_Spoof_2019_LA/ASVspoof2019_LA_eval/flac/LA_E_1161266.flac,16
/data/DATASETS/ASV_Spoof_2019_LA/ASVspoof2019_LA_eval/flac/LA_E_1161627.flac,16
/data/DATASETS/ASV_Spoof_2019_LA/ASVspoof2019_LA_eval/flac/LA_E_1165041.flac,16
/data/DATASETS/ASV_Spoof_2019_LA/ASVspoof2019_LA_eval/flac/LA_E_1173808.flac,16
/data/DATASETS/ASV_Spoof_2019_LA/ASVspoof2019_LA_eval/flac/LA_E_1173984.flac,16
/data/DATASETS/ASV_Spoof_2019_LA/ASVspoof2019_LA_eval/flac/LA_E_1175114.flac,16
/data/DATASETS/ASV_Spoof_2019_LA/ASVspoof2019_LA_eval/flac/LA_E_1175439.flac,16
/data/DATASETS/ASV_Spoof_2019_LA/ASVspoof2019_LA_eval/flac/LA_E_1178821.flac,16
/data/DATASETS/ASV_Spoof_2019_LA/ASVspoof2019_LA_eval/flac/LA_E_1180008.flac,16
/data/DATASETS/ASV_Spoof_2019_LA/ASVspoof2019_LA_eval/flac/LA_E_1180623.flac,16
/data/DATASETS/ASV_Spoof_2019_LA/ASVspoof2019_LA_eval/flac/LA_E_1183887.flac,16
/data/DATASETS/ASV_Spoof_2019_LA/ASVspoof2019_LA_eval/flac/LA_E_1186684.flac,16
/data/DATASETS/ASV_Spoof_2019_LA/ASVspoof2019_LA_eval/flac/LA_E_1187666.flac,16
/data/DATASETS/ASV_Spoof_2019_LA/ASVspoof2019_LA_eval/flac/LA_E_1191973.flac,16
/data/DATASETS/ASV_Spoof_2019_LA/ASVspoof2019_LA_eval/flac/LA_E_1194839.flac,16
/data/DATASETS/ASV_Spoof_2019_LA/ASVspoof2019_LA_eval/flac/LA_E_1195981.flac,16
/data/DATASETS/ASV_Spoof_2019_LA/ASVspoof2019_LA_eval/flac/LA_E_1196140.flac,16
/data/DATASETS/ASV_Spoof_2019_LA/ASVspoof2019_LA_eval/flac/LA_E_1199367.flac,16
/data/DATASETS/ASV_Spoof_2019_LA/ASVspoof2019_LA_eval/flac/LA_E_1200008.flac,16
/data/DATASETS/ASV_Spoof_2019_LA/ASVspoof2019_LA_eval/flac/LA_E_1202528.flac,16
/data/DATASETS/ASV_Spoof_2019_LA/ASVspoof2019_LA_eval/flac/LA_E_1205031.flac,16
/data/DATASETS/ASV_Spoof_2019_LA/ASVspoof2019_LA_eval/flac/LA_E_1205380.flac,16
/data/DATASETS/ASV_Spoof_2019_LA/ASVspoof2019_LA_eval/flac/LA_E_1205428.flac,16
/data/DATASETS/ASV_Spoof_2019_LA/ASVspoof2019_LA_eval/flac/LA_E_1205809.flac,16
/data/DATASETS/ASV_Spoof_2019_LA/ASVspoof2019_LA_eval/flac/LA_E_1207892.flac,16
/data/DATASETS/ASV_Spoof_2019_LA/ASVspoof2019_LA_eval/flac/LA_E_1210569.flac,16
/data/DATASETS/ASV_Spoof_2019_LA/ASVspoof2019_LA_eval/flac/LA_E_1214552.flac,16
/data/DATASETS/ASV_Spoof_2019_LA/ASVspoof2019_LA_eval/flac/LA_E_1215013.flac,16
/data/DATASETS/ASV_Spoof_2019_LA/ASVspoof2019_LA_eval/flac/LA_E_1216195.flac,16
/data/DATASETS/ASV_Spoof_2019_LA/ASVspoof2019_LA_eval/flac/LA_E_1216962.flac,16
/data/DATASETS/ASV_Spoof_2019_LA/ASVspoof2019_LA_eval/flac/LA_E_1217078.flac,16
/data/DATASETS/ASV_Spoof_2019_LA/ASVspoof2019_LA_eval/flac/LA_E_1218148.flac,16
/data/DATASETS/ASV_Spoof_2019_LA/ASVspoof2019_LA_eval/flac/LA_E_1218506.flac,16
/data/DATASETS/ASV_Spoof_2019_LA/ASVspoof2019_LA_eval/flac/LA_E_1221584.flac,16
/data/DATASETS/ASV_Spoof_2019_LA/ASVspoof2019_LA_eval/flac/LA_E_1222412.flac,16
/data/DATASETS/ASV_Spoof_2019_LA/ASVspoof2019_LA_eval/flac/LA_E_1223279.flac,16
/data/DATASETS/ASV_Spoof_2019_LA/ASVspoof2019_LA_eval/flac/LA_E_1225857.flac,16
/data/DATASETS/ASV_Spoof_2019_LA/ASVspoof2019_LA_eval/flac/LA_E_1226087.flac,16
/data/DATASETS/ASV_Spoof_2019_LA/ASVspoof2019_LA_eval/flac/LA_E_1226294.flac,16
/data/DATASETS/ASV_Spoof_2019_LA/ASVspoof2019_LA_eval/flac/LA_E_1231663.flac,16
/data/DATASETS/ASV_Spoof_2019_LA/ASVspoof2019_LA_eval/flac/LA_E_1234929.flac,16
/data/DATASETS/ASV_Spoof_2019_LA/ASVspoof2019_LA_eval/flac/LA_E_1237820.flac,16
/data/DATASETS/ASV_Spoof_2019_LA/ASVspoof2019_LA_eval/flac/LA_E_1238673.flac,16
/data/DATASETS/ASV_Spoof_2019_LA/ASVspoof2019_LA_eval/flac/LA_E_1238743.flac,16
/data/DATASETS/ASV_Spoof_2019_LA/ASVspoof2019_LA_eval/flac/LA_E_1242643.flac,16
/data/DATASETS/ASV_Spoof_2019_LA/ASVspoof2019_LA_eval/flac/LA_E_1243284.flac,16
/data/DATASETS/ASV_Spoof_2019_LA/ASVspoof2019_LA_eval/flac/LA_E_1250756.flac,16
/data/DATASETS/ASV_Spoof_2019_LA/ASVspoof2019_LA_eval/flac/LA_E_1252120.flac,16
/data/DATASETS/ASV_Spoof_2019_LA/ASVspoof2019_LA_eval/flac/LA_E_1254973.flac,16
/data/DATASETS/ASV_Spoof_2019_LA/ASVspoof2019_LA_eval/flac/LA_E_1259188.flac,16
/data/DATASETS/ASV_Spoof_2019_LA/ASVspoof2019_LA_eval/flac/LA_E_1263003.flac,16
/data/DATASETS/ASV_Spoof_2019_LA/ASVspoof2019_LA_eval/flac/LA_E_1265545.flac,16
/data/DATASETS/ASV_Spoof_2019_LA/ASVspoof2019_LA_eval/flac/LA_E_1272208.flac,16
/data/DATASETS/ASV_Spoof_2019_LA/ASVspoof2019_LA_eval/flac/LA_E_1273676.flac,16
/data/DATASETS/ASV_Spoof_2019_LA/ASVspoof2019_LA_eval/flac/LA_E_1274259.flac,16
/data/DATASETS/ASV_Spoof_2019_LA/ASVspoof2019_LA_eval/flac/LA_E_1275834.flac,16
/data/DATASETS/ASV_Spoof_2019_LA/ASVspoof2019_LA_eval/flac/LA_E_1276529.flac,16
/data/DATASETS/ASV_Spoof_2019_LA/ASVspoof2019_LA_eval/flac/LA_E_1279855.flac,16
/data/DATASETS/ASV_Spoof_2019_LA/ASVspoof2019_LA_eval/flac/LA_E_1282014.flac,16
/data/DATASETS/ASV_Spoof_2019_LA/ASVspoof2019_LA_eval/flac/LA_E_1282437.flac,16
/data/DATASETS/ASV_Spoof_2019_LA/ASVspoof2019_LA_eval/flac/LA_E_1282922.flac,16
/data/DATASETS/ASV_Spoof_2019_LA/ASVspoof2019_LA_eval/flac/LA_E_1284575.flac,16
/data/DATASETS/ASV_Spoof_2019_LA/ASVspoof2019_LA_eval/flac/LA_E_1286465.flac,16
/data/DATASETS/ASV_Spoof_2019_LA/ASVspoof2019_LA_eval/flac/LA_E_1290006.flac,16
/data/DATASETS/ASV_Spoof_2019_LA/ASVspoof2019_LA_eval/flac/LA_E_1295080.flac,16
/data/DATASETS/ASV_Spoof_2019_LA/ASVspoof2019_LA_eval/flac/LA_E_1295211.flac,16
/data/DATASETS/ASV_Spoof_2019_LA/ASVspoof2019_LA_eval/flac/LA_E_1297202.flac,16
/data/DATASETS/ASV_Spoof_2019_LA/ASVspoof2019_LA_eval/flac/LA_E_1297974.flac,16
/data/DATASETS/ASV_Spoof_2019_LA/ASVspoof2019_LA_eval/flac/LA_E_1299089.flac,16
/data/DATASETS/ASV_Spoof_2019_LA/ASVspoof2019_LA_eval/flac/LA_E_1301279.flac,16
/data/DATASETS/ASV_Spoof_2019_LA/ASVspoof2019_LA_eval/flac/LA_E_1302951.flac,16
/data/DATASETS/ASV_Spoof_2019_LA/ASVspoof2019_LA_eval/flac/LA_E_1305604.flac,16
/data/DATASETS/ASV_Spoof_2019_LA/ASVspoof2019_LA_eval/flac/LA_E_1306780.flac,16
/data/DATASETS/ASV_Spoof_2019_LA/ASVspoof2019_LA_eval/flac/LA_E_1309266.flac,16
/data/DATASETS/ASV_Spoof_2019_LA/ASVspoof2019_LA_eval/flac/LA_E_1310178.flac,16
/data/DATASETS/ASV_Spoof_2019_LA/ASVspoof2019_LA_eval/flac/LA_E_1310599.flac,16
/data/DATASETS/ASV_Spoof_2019_LA/ASVspoof2019_LA_eval/flac/LA_E_1315822.flac,16
/data/DATASETS/ASV_Spoof_2019_LA/ASVspoof2019_LA_eval/flac/LA_E_1316739.flac,16
/data/DATASETS/ASV_Spoof_2019_LA/ASVspoof2019_LA_eval/flac/LA_E_1316831.flac,16
/data/DATASETS/ASV_Spoof_2019_LA/ASVspoof2019_LA_eval/flac/LA_E_1317626.flac,16
/data/DATASETS/ASV_Spoof_2019_LA/ASVspoof2019_LA_eval/flac/LA_E_1317732.flac,16
/data/DATASETS/ASV_Spoof_2019_LA/ASVspoof2019_LA_eval/flac/LA_E_1317866.flac,16
/data/DATASETS/ASV_Spoof_2019_LA/ASVspoof2019_LA_eval/flac/LA_E_1321693.flac,16
/data/DATASETS/ASV_Spoof_2019_LA/ASVspoof2019_LA_eval/flac/LA_E_1327427.flac,16
/data/DATASETS/ASV_Spoof_2019_LA/ASVspoof2019_LA_eval/flac/LA_E_1331784.flac,16
/data/DATASETS/ASV_Spoof_2019_LA/ASVspoof2019_LA_eval/flac/LA_E_1333310.flac,16
/data/DATASETS/ASV_Spoof_2019_LA/ASVspoof2019_LA_eval/flac/LA_E_1334852.flac,16
/data/DATASETS/ASV_Spoof_2019_LA/ASVspoof2019_LA_eval/flac/LA_E_1337011.flac,16
/data/DATASETS/ASV_Spoof_2019_LA/ASVspoof2019_LA_eval/flac/LA_E_1338002.flac,16
/data/DATASETS/ASV_Spoof_2019_LA/ASVspoof2019_LA_eval/flac/LA_E_1341713.flac,16
/data/DATASETS/ASV_Spoof_2019_LA/ASVspoof2019_LA_eval/flac/LA_E_1343508.flac,16
/data/DATASETS/ASV_Spoof_2019_LA/ASVspoof2019_LA_eval/flac/LA_E_1345816.flac,16
/data/DATASETS/ASV_Spoof_2019_LA/ASVspoof2019_LA_eval/flac/LA_E_1346125.flac,16
/data/DATASETS/ASV_Spoof_2019_LA/ASVspoof2019_LA_eval/flac/LA_E_1347054.flac,16
/data/DATASETS/ASV_Spoof_2019_LA/ASVspoof2019_LA_eval/flac/LA_E_1347621.flac,16
/data/DATASETS/ASV_Spoof_2019_LA/ASVspoof2019_LA_eval/flac/LA_E_1347720.flac,16
/data/DATASETS/ASV_Spoof_2019_LA/ASVspoof2019_LA_eval/flac/LA_E_1348408.flac,16
/data/DATASETS/ASV_Spoof_2019_LA/ASVspoof2019_LA_eval/flac/LA_E_1350538.flac,16
/data/DATASETS/ASV_Spoof_2019_LA/ASVspoof2019_LA_eval/flac/LA_E_1351007.flac,16
/data/DATASETS/ASV_Spoof_2019_LA/ASVspoof2019_LA_eval/flac/LA_E_1355047.flac,16
/data/DATASETS/ASV_Spoof_2019_LA/ASVspoof2019_LA_eval/flac/LA_E_1356883.flac,16
/data/DATASETS/ASV_Spoof_2019_LA/ASVspoof2019_LA_eval/flac/LA_E_1362746.flac,16
/data/DATASETS/ASV_Spoof_2019_LA/ASVspoof2019_LA_eval/flac/LA_E_1364739.flac,16
/data/DATASETS/ASV_Spoof_2019_LA/ASVspoof2019_LA_eval/flac/LA_E_1366481.flac,16
/data/DATASETS/ASV_Spoof_2019_LA/ASVspoof2019_LA_eval/flac/LA_E_1368846.flac,16
/data/DATASETS/ASV_Spoof_2019_LA/ASVspoof2019_LA_eval/flac/LA_E_1369449.flac,16
/data/DATASETS/ASV_Spoof_2019_LA/ASVspoof2019_LA_eval/flac/LA_E_1369793.flac,16
/data/DATASETS/ASV_Spoof_2019_LA/ASVspoof2019_LA_eval/flac/LA_E_1370502.flac,16
/data/DATASETS/ASV_Spoof_2019_LA/ASVspoof2019_LA_eval/flac/LA_E_1372620.flac,16
/data/DATASETS/ASV_Spoof_2019_LA/ASVspoof2019_LA_eval/flac/LA_E_1374991.flac,16
/data/DATASETS/ASV_Spoof_2019_LA/ASVspoof2019_LA_eval/flac/LA_E_1377579.flac,16
/data/DATASETS/ASV_Spoof_2019_LA/ASVspoof2019_LA_eval/flac/LA_E_1382385.flac,16
/data/DATASETS/ASV_Spoof_2019_LA/ASVspoof2019_LA_eval/flac/LA_E_1382576.flac,16
/data/DATASETS/ASV_Spoof_2019_LA/ASVspoof2019_LA_eval/flac/LA_E_1384263.flac,16
/data/DATASETS/ASV_Spoof_2019_LA/ASVspoof2019_LA_eval/flac/LA_E_1386848.flac,16
/data/DATASETS/ASV_Spoof_2019_LA/ASVspoof2019_LA_eval/flac/LA_E_1389356.flac,16
/data/DATASETS/ASV_Spoof_2019_LA/ASVspoof2019_LA_eval/flac/LA_E_1392020.flac,16
/data/DATASETS/ASV_Spoof_2019_LA/ASVspoof2019_LA_eval/flac/LA_E_1392317.flac,16
/data/DATASETS/ASV_Spoof_2019_LA/ASVspoof2019_LA_eval/flac/LA_E_1392978.flac,16
/data/DATASETS/ASV_Spoof_2019_LA/ASVspoof2019_LA_eval/flac/LA_E_1394080.flac,16
/data/DATASETS/ASV_Spoof_2019_LA/ASVspoof2019_LA_eval/flac/LA_E_1395921.flac,16
/data/DATASETS/ASV_Spoof_2019_LA/ASVspoof2019_LA_eval/flac/LA_E_1396739.flac,16
/data/DATASETS/ASV_Spoof_2019_LA/ASVspoof2019_LA_eval/flac/LA_E_1398070.flac,16
/data/DATASETS/ASV_Spoof_2019_LA/ASVspoof2019_LA_eval/flac/LA_E_1399893.flac,16
/data/DATASETS/ASV_Spoof_2019_LA/ASVspoof2019_LA_eval/flac/LA_E_1401144.flac,16
/data/DATASETS/ASV_Spoof_2019_LA/ASVspoof2019_LA_eval/flac/LA_E_1404329.flac,16
/data/DATASETS/ASV_Spoof_2019_LA/ASVspoof2019_LA_eval/flac/LA_E_1411362.flac,16
/data/DATASETS/ASV_Spoof_2019_LA/ASVspoof2019_LA_eval/flac/LA_E_1416720.flac,16
/data/DATASETS/ASV_Spoof_2019_LA/ASVspoof2019_LA_eval/flac/LA_E_1417389.flac,16
/data/DATASETS/ASV_Spoof_2019_LA/ASVspoof2019_LA_eval/flac/LA_E_1419560.flac,16
/data/DATASETS/ASV_Spoof_2019_LA/ASVspoof2019_LA_eval/flac/LA_E_1420122.flac,16
/data/DATASETS/ASV_Spoof_2019_LA/ASVspoof2019_LA_eval/flac/LA_E_1421645.flac,16
/data/DATASETS/ASV_Spoof_2019_LA/ASVspoof2019_LA_eval/flac/LA_E_1423438.flac,16
/data/DATASETS/ASV_Spoof_2019_LA/ASVspoof2019_LA_eval/flac/LA_E_1427726.flac,16
/data/DATASETS/ASV_Spoof_2019_LA/ASVspoof2019_LA_eval/flac/LA_E_1428406.flac,16
/data/DATASETS/ASV_Spoof_2019_LA/ASVspoof2019_LA_eval/flac/LA_E_1429049.flac,16
/data/DATASETS/ASV_Spoof_2019_LA/ASVspoof2019_LA_eval/flac/LA_E_1430453.flac,16
/data/DATASETS/ASV_Spoof_2019_LA/ASVspoof2019_LA_eval/flac/LA_E_1432183.flac,16
/data/DATASETS/ASV_Spoof_2019_LA/ASVspoof2019_LA_eval/flac/LA_E_1436530.flac,16
/data/DATASETS/ASV_Spoof_2019_LA/ASVspoof2019_LA_eval/flac/LA_E_1438053.flac,16
/data/DATASETS/ASV_Spoof_2019_LA/ASVspoof2019_LA_eval/flac/LA_E_1438590.flac,16
/data/DATASETS/ASV_Spoof_2019_LA/ASVspoof2019_LA_eval/flac/LA_E_1438878.flac,16
/data/DATASETS/ASV_Spoof_2019_LA/ASVspoof2019_LA_eval/flac/LA_E_1441328.flac,16
/data/DATASETS/ASV_Spoof_2019_LA/ASVspoof2019_LA_eval/flac/LA_E_1441732.flac,16
/data/DATASETS/ASV_Spoof_2019_LA/ASVspoof2019_LA_eval/flac/LA_E_1442914.flac,16
/data/DATASETS/ASV_Spoof_2019_LA/ASVspoof2019_LA_eval/flac/LA_E_1443554.flac,16
/data/DATASETS/ASV_Spoof_2019_LA/ASVspoof2019_LA_eval/flac/LA_E_1443920.flac,16
/data/DATASETS/ASV_Spoof_2019_LA/ASVspoof2019_LA_eval/flac/LA_E_1445605.flac,16
/data/DATASETS/ASV_Spoof_2019_LA/ASVspoof2019_LA_eval/flac/LA_E_1447258.flac,16
/data/DATASETS/ASV_Spoof_2019_LA/ASVspoof2019_LA_eval/flac/LA_E_1448018.flac,16
/data/DATASETS/ASV_Spoof_2019_LA/ASVspoof2019_LA_eval/flac/LA_E_1448561.flac,16
/data/DATASETS/ASV_Spoof_2019_LA/ASVspoof2019_LA_eval/flac/LA_E_1451196.flac,16
/data/DATASETS/ASV_Spoof_2019_LA/ASVspoof2019_LA_eval/flac/LA_E_1453699.flac,16
/data/DATASETS/ASV_Spoof_2019_LA/ASVspoof2019_LA_eval/flac/LA_E_1455731.flac,16
/data/DATASETS/ASV_Spoof_2019_LA/ASVspoof2019_LA_eval/flac/LA_E_1456972.flac,16
/data/DATASETS/ASV_Spoof_2019_LA/ASVspoof2019_LA_eval/flac/LA_E_1457909.flac,16
/data/DATASETS/ASV_Spoof_2019_LA/ASVspoof2019_LA_eval/flac/LA_E_1466525.flac,16
/data/DATASETS/ASV_Spoof_2019_LA/ASVspoof2019_LA_eval/flac/LA_E_1467299.flac,16
/data/DATASETS/ASV_Spoof_2019_LA/ASVspoof2019_LA_eval/flac/LA_E_1468485.flac,16
/data/DATASETS/ASV_Spoof_2019_LA/ASVspoof2019_LA_eval/flac/LA_E_1473062.flac,16
/data/DATASETS/ASV_Spoof_2019_LA/ASVspoof2019_LA_eval/flac/LA_E_1476365.flac,16
/data/DATASETS/ASV_Spoof_2019_LA/ASVspoof2019_LA_eval/flac/LA_E_1478197.flac,16
/data/DATASETS/ASV_Spoof_2019_LA/ASVspoof2019_LA_eval/flac/LA_E_1479486.flac,16
/data/DATASETS/ASV_Spoof_2019_LA/ASVspoof2019_LA_eval/flac/LA_E_1481803.flac,16
/data/DATASETS/ASV_Spoof_2019_LA/ASVspoof2019_LA_eval/flac/LA_E_1482444.flac,16
/data/DATASETS/ASV_Spoof_2019_LA/ASVspoof2019_LA_eval/flac/LA_E_1486372.flac,16
/data/DATASETS/ASV_Spoof_2019_LA/ASVspoof2019_LA_eval/flac/LA_E_1487884.flac,16
/data/DATASETS/ASV_Spoof_2019_LA/ASVspoof2019_LA_eval/flac/LA_E_1488639.flac,16
/data/DATASETS/ASV_Spoof_2019_LA/ASVspoof2019_LA_eval/flac/LA_E_1491162.flac,16
/data/DATASETS/ASV_Spoof_2019_LA/ASVspoof2019_LA_eval/flac/LA_E_1496099.flac,16
/data/DATASETS/ASV_Spoof_2019_LA/ASVspoof2019_LA_eval/flac/LA_E_1496188.flac,16
/data/DATASETS/ASV_Spoof_2019_LA/ASVspoof2019_LA_eval/flac/LA_E_1496516.flac,16
/data/DATASETS/ASV_Spoof_2019_LA/ASVspoof2019_LA_eval/flac/LA_E_1497204.flac,16
/data/DATASETS/ASV_Spoof_2019_LA/ASVspoof2019_LA_eval/flac/LA_E_1498424.flac,16
/data/DATASETS/ASV_Spoof_2019_LA/ASVspoof2019_LA_eval/flac/LA_E_1498564.flac,16
/data/DATASETS/ASV_Spoof_2019_LA/ASVspoof2019_LA_eval/flac/LA_E_1500393.flac,16
/data/DATASETS/ASV_Spoof_2019_LA/ASVspoof2019_LA_eval/flac/LA_E_1502222.flac,16
/data/DATASETS/ASV_Spoof_2019_LA/ASVspoof2019_LA_eval/flac/LA_E_1504307.flac,16
/data/DATASETS/ASV_Spoof_2019_LA/ASVspoof2019_LA_eval/flac/LA_E_1505719.flac,16
/data/DATASETS/ASV_Spoof_2019_LA/ASVspoof2019_LA_eval/flac/LA_E_1506005.flac,16
/data/DATASETS/ASV_Spoof_2019_LA/ASVspoof2019_LA_eval/flac/LA_E_1506734.flac,16
/data/DATASETS/ASV_Spoof_2019_LA/ASVspoof2019_LA_eval/flac/LA_E_1507660.flac,16
/data/DATASETS/ASV_Spoof_2019_LA/ASVspoof2019_LA_eval/flac/LA_E_1513560.flac,16
/data/DATASETS/ASV_Spoof_2019_LA/ASVspoof2019_LA_eval/flac/LA_E_1513879.flac,16
/data/DATASETS/ASV_Spoof_2019_LA/ASVspoof2019_LA_eval/flac/LA_E_1514111.flac,16
/data/DATASETS/ASV_Spoof_2019_LA/ASVspoof2019_LA_eval/flac/LA_E_1517133.flac,16
/data/DATASETS/ASV_Spoof_2019_LA/ASVspoof2019_LA_eval/flac/LA_E_1517193.flac,16
/data/DATASETS/ASV_Spoof_2019_LA/ASVspoof2019_LA_eval/flac/LA_E_1520324.flac,16
/data/DATASETS/ASV_Spoof_2019_LA/ASVspoof2019_LA_eval/flac/LA_E_1523600.flac,16
/data/DATASETS/ASV_Spoof_2019_LA/ASVspoof2019_LA_eval/flac/LA_E_1525783.flac,16
/data/DATASETS/ASV_Spoof_2019_LA/ASVspoof2019_LA_eval/flac/LA_E_1526506.flac,16
/data/DATASETS/ASV_Spoof_2019_LA/ASVspoof2019_LA_eval/flac/LA_E_1527709.flac,16
/data/DATASETS/ASV_Spoof_2019_LA/ASVspoof2019_LA_eval/flac/LA_E_1528383.flac,16
/data/DATASETS/ASV_Spoof_2019_LA/ASVspoof2019_LA_eval/flac/LA_E_1529104.flac,16
/data/DATASETS/ASV_Spoof_2019_LA/ASVspoof2019_LA_eval/flac/LA_E_1533893.flac,16
/data/DATASETS/ASV_Spoof_2019_LA/ASVspoof2019_LA_eval/flac/LA_E_1537449.flac,16
/data/DATASETS/ASV_Spoof_2019_LA/ASVspoof2019_LA_eval/flac/LA_E_1543090.flac,16
/data/DATASETS/ASV_Spoof_2019_LA/ASVspoof2019_LA_eval/flac/LA_E_1543432.flac,16
/data/DATASETS/ASV_Spoof_2019_LA/ASVspoof2019_LA_eval/flac/LA_E_1543499.flac,16
/data/DATASETS/ASV_Spoof_2019_LA/ASVspoof2019_LA_eval/flac/LA_E_1544312.flac,16
/data/DATASETS/ASV_Spoof_2019_LA/ASVspoof2019_LA_eval/flac/LA_E_1548091.flac,16
/data/DATASETS/ASV_Spoof_2019_LA/ASVspoof2019_LA_eval/flac/LA_E_1550136.flac,16
/data/DATASETS/ASV_Spoof_2019_LA/ASVspoof2019_LA_eval/flac/LA_E_1554142.flac,16
/data/DATASETS/ASV_Spoof_2019_LA/ASVspoof2019_LA_eval/flac/LA_E_1554432.flac,16
/data/DATASETS/ASV_Spoof_2019_LA/ASVspoof2019_LA_eval/flac/LA_E_1555711.flac,16
/data/DATASETS/ASV_Spoof_2019_LA/ASVspoof2019_LA_eval/flac/LA_E_1564178.flac,16
/data/DATASETS/ASV_Spoof_2019_LA/ASVspoof2019_LA_eval/flac/LA_E_1564192.flac,16
/data/DATASETS/ASV_Spoof_2019_LA/ASVspoof2019_LA_eval/flac/LA_E_1566212.flac,16
/data/DATASETS/ASV_Spoof_2019_LA/ASVspoof2019_LA_eval/flac/LA_E_1567040.flac,16
/data/DATASETS/ASV_Spoof_2019_LA/ASVspoof2019_LA_eval/flac/LA_E_1567995.flac,16
/data/DATASETS/ASV_Spoof_2019_LA/ASVspoof2019_LA_eval/flac/LA_E_1576214.flac,16
/data/DATASETS/ASV_Spoof_2019_LA/ASVspoof2019_LA_eval/flac/LA_E_1576989.flac,16
/data/DATASETS/ASV_Spoof_2019_LA/ASVspoof2019_LA_eval/flac/LA_E_1583469.flac,16
/data/DATASETS/ASV_Spoof_2019_LA/ASVspoof2019_LA_eval/flac/LA_E_1584478.flac,16
/data/DATASETS/ASV_Spoof_2019_LA/ASVspoof2019_LA_eval/flac/LA_E_1587458.flac,16
/data/DATASETS/ASV_Spoof_2019_LA/ASVspoof2019_LA_eval/flac/LA_E_1589895.flac,16
/data/DATASETS/ASV_Spoof_2019_LA/ASVspoof2019_LA_eval/flac/LA_E_1590226.flac,16
/data/DATASETS/ASV_Spoof_2019_LA/ASVspoof2019_LA_eval/flac/LA_E_1591650.flac,16
/data/DATASETS/ASV_Spoof_2019_LA/ASVspoof2019_LA_eval/flac/LA_E_1594223.flac,16
/data/DATASETS/ASV_Spoof_2019_LA/ASVspoof2019_LA_eval/flac/LA_E_1595458.flac,16
/data/DATASETS/ASV_Spoof_2019_LA/ASVspoof2019_LA_eval/flac/LA_E_1601266.flac,16
/data/DATASETS/ASV_Spoof_2019_LA/ASVspoof2019_LA_eval/flac/LA_E_1601664.flac,16
/data/DATASETS/ASV_Spoof_2019_LA/ASVspoof2019_LA_eval/flac/LA_E_1601874.flac,16
/data/DATASETS/ASV_Spoof_2019_LA/ASVspoof2019_LA_eval/flac/LA_E_1604328.flac,16
/data/DATASETS/ASV_Spoof_2019_LA/ASVspoof2019_LA_eval/flac/LA_E_1606897.flac,16
/data/DATASETS/ASV_Spoof_2019_LA/ASVspoof2019_LA_eval/flac/LA_E_1612106.flac,16
/data/DATASETS/ASV_Spoof_2019_LA/ASVspoof2019_LA_eval/flac/LA_E_1614672.flac,16
/data/DATASETS/ASV_Spoof_2019_LA/ASVspoof2019_LA_eval/flac/LA_E_1615679.flac,16
/data/DATASETS/ASV_Spoof_2019_LA/ASVspoof2019_LA_eval/flac/LA_E_1616219.flac,16
/data/DATASETS/ASV_Spoof_2019_LA/ASVspoof2019_LA_eval/flac/LA_E_1617107.flac,16
/data/DATASETS/ASV_Spoof_2019_LA/ASVspoof2019_LA_eval/flac/LA_E_1619246.flac,16
/data/DATASETS/ASV_Spoof_2019_LA/ASVspoof2019_LA_eval/flac/LA_E_1621266.flac,16
/data/DATASETS/ASV_Spoof_2019_LA/ASVspoof2019_LA_eval/flac/LA_E_1622782.flac,16
/data/DATASETS/ASV_Spoof_2019_LA/ASVspoof2019_LA_eval/flac/LA_E_1628605.flac,16
/data/DATASETS/ASV_Spoof_2019_LA/ASVspoof2019_LA_eval/flac/LA_E_1630017.flac,16
/data/DATASETS/ASV_Spoof_2019_LA/ASVspoof2019_LA_eval/flac/LA_E_1630155.flac,16
/data/DATASETS/ASV_Spoof_2019_LA/ASVspoof2019_LA_eval/flac/LA_E_1633390.flac,16
/data/DATASETS/ASV_Spoof_2019_LA/ASVspoof2019_LA_eval/flac/LA_E_1634144.flac,16
/data/DATASETS/ASV_Spoof_2019_LA/ASVspoof2019_LA_eval/flac/LA_E_1636611.flac,16
/data/DATASETS/ASV_Spoof_2019_LA/ASVspoof2019_LA_eval/flac/LA_E_1637982.flac,16
/data/DATASETS/ASV_Spoof_2019_LA/ASVspoof2019_LA_eval/flac/LA_E_1641603.flac,16
/data/DATASETS/ASV_Spoof_2019_LA/ASVspoof2019_LA_eval/flac/LA_E_1644539.flac,16
/data/DATASETS/ASV_Spoof_2019_LA/ASVspoof2019_LA_eval/flac/LA_E_1647012.flac,16
/data/DATASETS/ASV_Spoof_2019_LA/ASVspoof2019_LA_eval/flac/LA_E_1649400.flac,16
/data/DATASETS/ASV_Spoof_2019_LA/ASVspoof2019_LA_eval/flac/LA_E_1650828.flac,16
/data/DATASETS/ASV_Spoof_2019_LA/ASVspoof2019_LA_eval/flac/LA_E_1657869.flac,16
/data/DATASETS/ASV_Spoof_2019_LA/ASVspoof2019_LA_eval/flac/LA_E_1657953.flac,16
/data/DATASETS/ASV_Spoof_2019_LA/ASVspoof2019_LA_eval/flac/LA_E_1658407.flac,16
/data/DATASETS/ASV_Spoof_2019_LA/ASVspoof2019_LA_eval/flac/LA_E_1658931.flac,16
/data/DATASETS/ASV_Spoof_2019_LA/ASVspoof2019_LA_eval/flac/LA_E_1660900.flac,16
/data/DATASETS/ASV_Spoof_2019_LA/ASVspoof2019_LA_eval/flac/LA_E_1664004.flac,16
/data/DATASETS/ASV_Spoof_2019_LA/ASVspoof2019_LA_eval/flac/LA_E_1664874.flac,16
/data/DATASETS/ASV_Spoof_2019_LA/ASVspoof2019_LA_eval/flac/LA_E_1667660.flac,16
/data/DATASETS/ASV_Spoof_2019_LA/ASVspoof2019_LA_eval/flac/LA_E_1671993.flac,16
/data/DATASETS/ASV_Spoof_2019_LA/ASVspoof2019_LA_eval/flac/LA_E_1673131.flac,16
/data/DATASETS/ASV_Spoof_2019_LA/ASVspoof2019_LA_eval/flac/LA_E_1673939.flac,16
/data/DATASETS/ASV_Spoof_2019_LA/ASVspoof2019_LA_eval/flac/LA_E_1681194.flac,16
/data/DATASETS/ASV_Spoof_2019_LA/ASVspoof2019_LA_eval/flac/LA_E_1681413.flac,16
/data/DATASETS/ASV_Spoof_2019_LA/ASVspoof2019_LA_eval/flac/LA_E_1682741.flac,16
/data/DATASETS/ASV_Spoof_2019_LA/ASVspoof2019_LA_eval/flac/LA_E_1682845.flac,16
/data/DATASETS/ASV_Spoof_2019_LA/ASVspoof2019_LA_eval/flac/LA_E_1686471.flac,16
/data/DATASETS/ASV_Spoof_2019_LA/ASVspoof2019_LA_eval/flac/LA_E_1687699.flac,16
/data/DATASETS/ASV_Spoof_2019_LA/ASVspoof2019_LA_eval/flac/LA_E_1690361.flac,16
/data/DATASETS/ASV_Spoof_2019_LA/ASVspoof2019_LA_eval/flac/LA_E_1691732.flac,16
/data/DATASETS/ASV_Spoof_2019_LA/ASVspoof2019_LA_eval/flac/LA_E_1694964.flac,16
/data/DATASETS/ASV_Spoof_2019_LA/ASVspoof2019_LA_eval/flac/LA_E_1695299.flac,16
/data/DATASETS/ASV_Spoof_2019_LA/ASVspoof2019_LA_eval/flac/LA_E_1696181.flac,16
/data/DATASETS/ASV_Spoof_2019_LA/ASVspoof2019_LA_eval/flac/LA_E_1696819.flac,16
/data/DATASETS/ASV_Spoof_2019_LA/ASVspoof2019_LA_eval/flac/LA_E_1699344.flac,16
/data/DATASETS/ASV_Spoof_2019_LA/ASVspoof2019_LA_eval/flac/LA_E_1703457.flac,16
/data/DATASETS/ASV_Spoof_2019_LA/ASVspoof2019_LA_eval/flac/LA_E_1704234.flac,16
/data/DATASETS/ASV_Spoof_2019_LA/ASVspoof2019_LA_eval/flac/LA_E_1704754.flac,16
/data/DATASETS/ASV_Spoof_2019_LA/ASVspoof2019_LA_eval/flac/LA_E_1705812.flac,16
/data/DATASETS/ASV_Spoof_2019_LA/ASVspoof2019_LA_eval/flac/LA_E_1706472.flac,16
/data/DATASETS/ASV_Spoof_2019_LA/ASVspoof2019_LA_eval/flac/LA_E_1707897.flac,16
/data/DATASETS/ASV_Spoof_2019_LA/ASVspoof2019_LA_eval/flac/LA_E_1708488.flac,16
/data/DATASETS/ASV_Spoof_2019_LA/ASVspoof2019_LA_eval/flac/LA_E_1709735.flac,16
/data/DATASETS/ASV_Spoof_2019_LA/ASVspoof2019_LA_eval/flac/LA_E_1711947.flac,16
/data/DATASETS/ASV_Spoof_2019_LA/ASVspoof2019_LA_eval/flac/LA_E_1712434.flac,16
/data/DATASETS/ASV_Spoof_2019_LA/ASVspoof2019_LA_eval/flac/LA_E_1714318.flac,16
/data/DATASETS/ASV_Spoof_2019_LA/ASVspoof2019_LA_eval/flac/LA_E_1715781.flac,16
/data/DATASETS/ASV_Spoof_2019_LA/ASVspoof2019_LA_eval/flac/LA_E_1716271.flac,16
/data/DATASETS/ASV_Spoof_2019_LA/ASVspoof2019_LA_eval/flac/LA_E_1717404.flac,16
/data/DATASETS/ASV_Spoof_2019_LA/ASVspoof2019_LA_eval/flac/LA_E_1717824.flac,16
/data/DATASETS/ASV_Spoof_2019_LA/ASVspoof2019_LA_eval/flac/LA_E_1718391.flac,16
/data/DATASETS/ASV_Spoof_2019_LA/ASVspoof2019_LA_eval/flac/LA_E_1718920.flac,16
/data/DATASETS/ASV_Spoof_2019_LA/ASVspoof2019_LA_eval/flac/LA_E_1719130.flac,16
/data/DATASETS/ASV_Spoof_2019_LA/ASVspoof2019_LA_eval/flac/LA_E_1720225.flac,16
/data/DATASETS/ASV_Spoof_2019_LA/ASVspoof2019_LA_eval/flac/LA_E_1720255.flac,16
/data/DATASETS/ASV_Spoof_2019_LA/ASVspoof2019_LA_eval/flac/LA_E_1720752.flac,16
/data/DATASETS/ASV_Spoof_2019_LA/ASVspoof2019_LA_eval/flac/LA_E_1721467.flac,16
/data/DATASETS/ASV_Spoof_2019_LA/ASVspoof2019_LA_eval/flac/LA_E_1722156.flac,16
/data/DATASETS/ASV_Spoof_2019_LA/ASVspoof2019_LA_eval/flac/LA_E_1723430.flac,16
/data/DATASETS/ASV_Spoof_2019_LA/ASVspoof2019_LA_eval/flac/LA_E_1726232.flac,16
/data/DATASETS/ASV_Spoof_2019_LA/ASVspoof2019_LA_eval/flac/LA_E_1727508.flac,16
/data/DATASETS/ASV_Spoof_2019_LA/ASVspoof2019_LA_eval/flac/LA_E_1729589.flac,16
/data/DATASETS/ASV_Spoof_2019_LA/ASVspoof2019_LA_eval/flac/LA_E_1732567.flac,16
/data/DATASETS/ASV_Spoof_2019_LA/ASVspoof2019_LA_eval/flac/LA_E_1732961.flac,16
/data/DATASETS/ASV_Spoof_2019_LA/ASVspoof2019_LA_eval/flac/LA_E_1736398.flac,16
/data/DATASETS/ASV_Spoof_2019_LA/ASVspoof2019_LA_eval/flac/LA_E_1741866.flac,16
/data/DATASETS/ASV_Spoof_2019_LA/ASVspoof2019_LA_eval/flac/LA_E_1742316.flac,16
/data/DATASETS/ASV_Spoof_2019_LA/ASVspoof2019_LA_eval/flac/LA_E_1743587.flac,16
/data/DATASETS/ASV_Spoof_2019_LA/ASVspoof2019_LA_eval/flac/LA_E_1745767.flac,16
/data/DATASETS/ASV_Spoof_2019_LA/ASVspoof2019_LA_eval/flac/LA_E_1748735.flac,16
/data/DATASETS/ASV_Spoof_2019_LA/ASVspoof2019_LA_eval/flac/LA_E_1749418.flac,16
/data/DATASETS/ASV_Spoof_2019_LA/ASVspoof2019_LA_eval/flac/LA_E_1751841.flac,16
/data/DATASETS/ASV_Spoof_2019_LA/ASVspoof2019_LA_eval/flac/LA_E_1756170.flac,16
/data/DATASETS/ASV_Spoof_2019_LA/ASVspoof2019_LA_eval/flac/LA_E_1757214.flac,16
/data/DATASETS/ASV_Spoof_2019_LA/ASVspoof2019_LA_eval/flac/LA_E_1760162.flac,16
/data/DATASETS/ASV_Spoof_2019_LA/ASVspoof2019_LA_eval/flac/LA_E_1760274.flac,16
/data/DATASETS/ASV_Spoof_2019_LA/ASVspoof2019_LA_eval/flac/LA_E_1760738.flac,16
/data/DATASETS/ASV_Spoof_2019_LA/ASVspoof2019_LA_eval/flac/LA_E_1763948.flac,16
/data/DATASETS/ASV_Spoof_2019_LA/ASVspoof2019_LA_eval/flac/LA_E_1766488.flac,16
/data/DATASETS/ASV_Spoof_2019_LA/ASVspoof2019_LA_eval/flac/LA_E_1769041.flac,16
/data/DATASETS/ASV_Spoof_2019_LA/ASVspoof2019_LA_eval/flac/LA_E_1774695.flac,16
/data/DATASETS/ASV_Spoof_2019_LA/ASVspoof2019_LA_eval/flac/LA_E_1776701.flac,16
/data/DATASETS/ASV_Spoof_2019_LA/ASVspoof2019_LA_eval/flac/LA_E_1778077.flac,16
/data/DATASETS/ASV_Spoof_2019_LA/ASVspoof2019_LA_eval/flac/LA_E_1779284.flac,16
/data/DATASETS/ASV_Spoof_2019_LA/ASVspoof2019_LA_eval/flac/LA_E_1779360.flac,16
/data/DATASETS/ASV_Spoof_2019_LA/ASVspoof2019_LA_eval/flac/LA_E_1780899.flac,16
/data/DATASETS/ASV_Spoof_2019_LA/ASVspoof2019_LA_eval/flac/LA_E_1782836.flac,16
/data/DATASETS/ASV_Spoof_2019_LA/ASVspoof2019_LA_eval/flac/LA_E_1784321.flac,16
/data/DATASETS/ASV_Spoof_2019_LA/ASVspoof2019_LA_eval/flac/LA_E_1785408.flac,16
/data/DATASETS/ASV_Spoof_2019_LA/ASVspoof2019_LA_eval/flac/LA_E_1787295.flac,16
/data/DATASETS/ASV_Spoof_2019_LA/ASVspoof2019_LA_eval/flac/LA_E_1794103.flac,16
/data/DATASETS/ASV_Spoof_2019_LA/ASVspoof2019_LA_eval/flac/LA_E_1795710.flac,16
/data/DATASETS/ASV_Spoof_2019_LA/ASVspoof2019_LA_eval/flac/LA_E_1796176.flac,16
/data/DATASETS/ASV_Spoof_2019_LA/ASVspoof2019_LA_eval/flac/LA_E_1799599.flac,16
/data/DATASETS/ASV_Spoof_2019_LA/ASVspoof2019_LA_eval/flac/LA_E_1801782.flac,16
/data/DATASETS/ASV_Spoof_2019_LA/ASVspoof2019_LA_eval/flac/LA_E_1802566.flac,16
/data/DATASETS/ASV_Spoof_2019_LA/ASVspoof2019_LA_eval/flac/LA_E_1804983.flac,16
/data/DATASETS/ASV_Spoof_2019_LA/ASVspoof2019_LA_eval/flac/LA_E_1808853.flac,16
/data/DATASETS/ASV_Spoof_2019_LA/ASVspoof2019_LA_eval/flac/LA_E_1811418.flac,16
/data/DATASETS/ASV_Spoof_2019_LA/ASVspoof2019_LA_eval/flac/LA_E_1815973.flac,16
/data/DATASETS/ASV_Spoof_2019_LA/ASVspoof2019_LA_eval/flac/LA_E_1816458.flac,16
/data/DATASETS/ASV_Spoof_2019_LA/ASVspoof2019_LA_eval/flac/LA_E_1817433.flac,16
/data/DATASETS/ASV_Spoof_2019_LA/ASVspoof2019_LA_eval/flac/LA_E_1821668.flac,16
/data/DATASETS/ASV_Spoof_2019_LA/ASVspoof2019_LA_eval/flac/LA_E_1829036.flac,16
/data/DATASETS/ASV_Spoof_2019_LA/ASVspoof2019_LA_eval/flac/LA_E_1829340.flac,16
/data/DATASETS/ASV_Spoof_2019_LA/ASVspoof2019_LA_eval/flac/LA_E_1830531.flac,16
/data/DATASETS/ASV_Spoof_2019_LA/ASVspoof2019_LA_eval/flac/LA_E_1830766.flac,16
/data/DATASETS/ASV_Spoof_2019_LA/ASVspoof2019_LA_eval/flac/LA_E_1835054.flac,16
/data/DATASETS/ASV_Spoof_2019_LA/ASVspoof2019_LA_eval/flac/LA_E_1840005.flac,16
/data/DATASETS/ASV_Spoof_2019_LA/ASVspoof2019_LA_eval/flac/LA_E_1843915.flac,16
/data/DATASETS/ASV_Spoof_2019_LA/ASVspoof2019_LA_eval/flac/LA_E_1845011.flac,16
/data/DATASETS/ASV_Spoof_2019_LA/ASVspoof2019_LA_eval/flac/LA_E_1850525.flac,16
/data/DATASETS/ASV_Spoof_2019_LA/ASVspoof2019_LA_eval/flac/LA_E_1851476.flac,16
/data/DATASETS/ASV_Spoof_2019_LA/ASVspoof2019_LA_eval/flac/LA_E_1851761.flac,16
/data/DATASETS/ASV_Spoof_2019_LA/ASVspoof2019_LA_eval/flac/LA_E_1856029.flac,16
/data/DATASETS/ASV_Spoof_2019_LA/ASVspoof2019_LA_eval/flac/LA_E_1856671.flac,16
/data/DATASETS/ASV_Spoof_2019_LA/ASVspoof2019_LA_eval/flac/LA_E_1856991.flac,16
/data/DATASETS/ASV_Spoof_2019_LA/ASVspoof2019_LA_eval/flac/LA_E_1859179.flac,16
/data/DATASETS/ASV_Spoof_2019_LA/ASVspoof2019_LA_eval/flac/LA_E_1862908.flac,16
/data/DATASETS/ASV_Spoof_2019_LA/ASVspoof2019_LA_eval/flac/LA_E_1863159.flac,16
/data/DATASETS/ASV_Spoof_2019_LA/ASVspoof2019_LA_eval/flac/LA_E_1866956.flac,16
/data/DATASETS/ASV_Spoof_2019_LA/ASVspoof2019_LA_eval/flac/LA_E_1868333.flac,16
/data/DATASETS/ASV_Spoof_2019_LA/ASVspoof2019_LA_eval/flac/LA_E_1870353.flac,16
/data/DATASETS/ASV_Spoof_2019_LA/ASVspoof2019_LA_eval/flac/LA_E_1870980.flac,16
/data/DATASETS/ASV_Spoof_2019_LA/ASVspoof2019_LA_eval/flac/LA_E_1871366.flac,16
/data/DATASETS/ASV_Spoof_2019_LA/ASVspoof2019_LA_eval/flac/LA_E_1871634.flac,16
/data/DATASETS/ASV_Spoof_2019_LA/ASVspoof2019_LA_eval/flac/LA_E_1871649.flac,16
/data/DATASETS/ASV_Spoof_2019_LA/ASVspoof2019_LA_eval/flac/LA_E_1872804.flac,16
/data/DATASETS/ASV_Spoof_2019_LA/ASVspoof2019_LA_eval/flac/LA_E_1876172.flac,16
/data/DATASETS/ASV_Spoof_2019_LA/ASVspoof2019_LA_eval/flac/LA_E_1876255.flac,16
/data/DATASETS/ASV_Spoof_2019_LA/ASVspoof2019_LA_eval/flac/LA_E_1878973.flac,16
/data/DATASETS/ASV_Spoof_2019_LA/ASVspoof2019_LA_eval/flac/LA_E_1879400.flac,16
/data/DATASETS/ASV_Spoof_2019_LA/ASVspoof2019_LA_eval/flac/LA_E_1884674.flac,16
/data/DATASETS/ASV_Spoof_2019_LA/ASVspoof2019_LA_eval/flac/LA_E_1890798.flac,16
/data/DATASETS/ASV_Spoof_2019_LA/ASVspoof2019_LA_eval/flac/LA_E_1895108.flac,16
/data/DATASETS/ASV_Spoof_2019_LA/ASVspoof2019_LA_eval/flac/LA_E_1897863.flac,16
/data/DATASETS/ASV_Spoof_2019_LA/ASVspoof2019_LA_eval/flac/LA_E_1898683.flac,16
/data/DATASETS/ASV_Spoof_2019_LA/ASVspoof2019_LA_eval/flac/LA_E_1899338.flac,16
/data/DATASETS/ASV_Spoof_2019_LA/ASVspoof2019_LA_eval/flac/LA_E_1901116.flac,16
/data/DATASETS/ASV_Spoof_2019_LA/ASVspoof2019_LA_eval/flac/LA_E_1902361.flac,16
/data/DATASETS/ASV_Spoof_2019_LA/ASVspoof2019_LA_eval/flac/LA_E_1902788.flac,16
/data/DATASETS/ASV_Spoof_2019_LA/ASVspoof2019_LA_eval/flac/LA_E_1903260.flac,16
/data/DATASETS/ASV_Spoof_2019_LA/ASVspoof2019_LA_eval/flac/LA_E_1903271.flac,16
/data/DATASETS/ASV_Spoof_2019_LA/ASVspoof2019_LA_eval/flac/LA_E_1903854.flac,16
/data/DATASETS/ASV_Spoof_2019_LA/ASVspoof2019_LA_eval/flac/LA_E_1904801.flac,16
/data/DATASETS/ASV_Spoof_2019_LA/ASVspoof2019_LA_eval/flac/LA_E_1907944.flac,16
/data/DATASETS/ASV_Spoof_2019_LA/ASVspoof2019_LA_eval/flac/LA_E_1911381.flac,16
/data/DATASETS/ASV_Spoof_2019_LA/ASVspoof2019_LA_eval/flac/LA_E_1913526.flac,16
/data/DATASETS/ASV_Spoof_2019_LA/ASVspoof2019_LA_eval/flac/LA_E_1914483.flac,16
/data/DATASETS/ASV_Spoof_2019_LA/ASVspoof2019_LA_eval/flac/LA_E_1914751.flac,16
/data/DATASETS/ASV_Spoof_2019_LA/ASVspoof2019_LA_eval/flac/LA_E_1917583.flac,16
/data/DATASETS/ASV_Spoof_2019_LA/ASVspoof2019_LA_eval/flac/LA_E_1917749.flac,16
/data/DATASETS/ASV_Spoof_2019_LA/ASVspoof2019_LA_eval/flac/LA_E_1919052.flac,16
/data/DATASETS/ASV_Spoof_2019_LA/ASVspoof2019_LA_eval/flac/LA_E_1923277.flac,16
/data/DATASETS/ASV_Spoof_2019_LA/ASVspoof2019_LA_eval/flac/LA_E_1927408.flac,16
/data/DATASETS/ASV_Spoof_2019_LA/ASVspoof2019_LA_eval/flac/LA_E_1928793.flac,16
/data/DATASETS/ASV_Spoof_2019_LA/ASVspoof2019_LA_eval/flac/LA_E_1930081.flac,16
/data/DATASETS/ASV_Spoof_2019_LA/ASVspoof2019_LA_eval/flac/LA_E_1932337.flac,16
/data/DATASETS/ASV_Spoof_2019_LA/ASVspoof2019_LA_eval/flac/LA_E_1933168.flac,16
/data/DATASETS/ASV_Spoof_2019_LA/ASVspoof2019_LA_eval/flac/LA_E_1937402.flac,16
/data/DATASETS/ASV_Spoof_2019_LA/ASVspoof2019_LA_eval/flac/LA_E_1939096.flac,16
/data/DATASETS/ASV_Spoof_2019_LA/ASVspoof2019_LA_eval/flac/LA_E_1939447.flac,16
/data/DATASETS/ASV_Spoof_2019_LA/ASVspoof2019_LA_eval/flac/LA_E_1941382.flac,16
/data/DATASETS/ASV_Spoof_2019_LA/ASVspoof2019_LA_eval/flac/LA_E_1941751.flac,16
/data/DATASETS/ASV_Spoof_2019_LA/ASVspoof2019_LA_eval/flac/LA_E_1943008.flac,16
/data/DATASETS/ASV_Spoof_2019_LA/ASVspoof2019_LA_eval/flac/LA_E_1945120.flac,16
/data/DATASETS/ASV_Spoof_2019_LA/ASVspoof2019_LA_eval/flac/LA_E_1945563.flac,16
/data/DATASETS/ASV_Spoof_2019_LA/ASVspoof2019_LA_eval/flac/LA_E_1945839.flac,16
/data/DATASETS/ASV_Spoof_2019_LA/ASVspoof2019_LA_eval/flac/LA_E_1948103.flac,16
/data/DATASETS/ASV_Spoof_2019_LA/ASVspoof2019_LA_eval/flac/LA_E_1948707.flac,16
/data/DATASETS/ASV_Spoof_2019_LA/ASVspoof2019_LA_eval/flac/LA_E_1949671.flac,16
/data/DATASETS/ASV_Spoof_2019_LA/ASVspoof2019_LA_eval/flac/LA_E_1951584.flac,16
/data/DATASETS/ASV_Spoof_2019_LA/ASVspoof2019_LA_eval/flac/LA_E_1953659.flac,16
/data/DATASETS/ASV_Spoof_2019_LA/ASVspoof2019_LA_eval/flac/LA_E_1956347.flac,16
/data/DATASETS/ASV_Spoof_2019_LA/ASVspoof2019_LA_eval/flac/LA_E_1958043.flac,16
/data/DATASETS/ASV_Spoof_2019_LA/ASVspoof2019_LA_eval/flac/LA_E_1961443.flac,16
/data/DATASETS/ASV_Spoof_2019_LA/ASVspoof2019_LA_eval/flac/LA_E_1961468.flac,16
/data/DATASETS/ASV_Spoof_2019_LA/ASVspoof2019_LA_eval/flac/LA_E_1961491.flac,16
/data/DATASETS/ASV_Spoof_2019_LA/ASVspoof2019_LA_eval/flac/LA_E_1961607.flac,16
/data/DATASETS/ASV_Spoof_2019_LA/ASVspoof2019_LA_eval/flac/LA_E_1963565.flac,16
/data/DATASETS/ASV_Spoof_2019_LA/ASVspoof2019_LA_eval/flac/LA_E_1963700.flac,16
/data/DATASETS/ASV_Spoof_2019_LA/ASVspoof2019_LA_eval/flac/LA_E_1963978.flac,16
/data/DATASETS/ASV_Spoof_2019_LA/ASVspoof2019_LA_eval/flac/LA_E_1964236.flac,16
/data/DATASETS/ASV_Spoof_2019_LA/ASVspoof2019_LA_eval/flac/LA_E_1965076.flac,16
/data/DATASETS/ASV_Spoof_2019_LA/ASVspoof2019_LA_eval/flac/LA_E_1965734.flac,16
/data/DATASETS/ASV_Spoof_2019_LA/ASVspoof2019_LA_eval/flac/LA_E_1969883.flac,16
/data/DATASETS/ASV_Spoof_2019_LA/ASVspoof2019_LA_eval/flac/LA_E_1971174.flac,16
/data/DATASETS/ASV_Spoof_2019_LA/ASVspoof2019_LA_eval/flac/LA_E_1971190.flac,16
/data/DATASETS/ASV_Spoof_2019_LA/ASVspoof2019_LA_eval/flac/LA_E_1976131.flac,16
/data/DATASETS/ASV_Spoof_2019_LA/ASVspoof2019_LA_eval/flac/LA_E_1979264.flac,16
/data/DATASETS/ASV_Spoof_2019_LA/ASVspoof2019_LA_eval/flac/LA_E_1982915.flac,16
/data/DATASETS/ASV_Spoof_2019_LA/ASVspoof2019_LA_eval/flac/LA_E_1985687.flac,16
/data/DATASETS/ASV_Spoof_2019_LA/ASVspoof2019_LA_eval/flac/LA_E_1986007.flac,16
/data/DATASETS/ASV_Spoof_2019_LA/ASVspoof2019_LA_eval/flac/LA_E_1990670.flac,16
/data/DATASETS/ASV_Spoof_2019_LA/ASVspoof2019_LA_eval/flac/LA_E_1991959.flac,16
/data/DATASETS/ASV_Spoof_2019_LA/ASVspoof2019_LA_eval/flac/LA_E_1992330.flac,16
/data/DATASETS/ASV_Spoof_2019_LA/ASVspoof2019_LA_eval/flac/LA_E_1994289.flac,16
/data/DATASETS/ASV_Spoof_2019_LA/ASVspoof2019_LA_eval/flac/LA_E_1999461.flac,16
/data/DATASETS/ASV_Spoof_2019_LA/ASVspoof2019_LA_eval/flac/LA_E_1999542.flac,16
/data/DATASETS/ASV_Spoof_2019_LA/ASVspoof2019_LA_eval/flac/LA_E_2003624.flac,16
/data/DATASETS/ASV_Spoof_2019_LA/ASVspoof2019_LA_eval/flac/LA_E_2004735.flac,16
/data/DATASETS/ASV_Spoof_2019_LA/ASVspoof2019_LA_eval/flac/LA_E_2006137.flac,16
/data/DATASETS/ASV_Spoof_2019_LA/ASVspoof2019_LA_eval/flac/LA_E_2006297.flac,16
/data/DATASETS/ASV_Spoof_2019_LA/ASVspoof2019_LA_eval/flac/LA_E_2013449.flac,16
/data/DATASETS/ASV_Spoof_2019_LA/ASVspoof2019_LA_eval/flac/LA_E_2015868.flac,16
/data/DATASETS/ASV_Spoof_2019_LA/ASVspoof2019_LA_eval/flac/LA_E_2016640.flac,16
/data/DATASETS/ASV_Spoof_2019_LA/ASVspoof2019_LA_eval/flac/LA_E_2016653.flac,16
/data/DATASETS/ASV_Spoof_2019_LA/ASVspoof2019_LA_eval/flac/LA_E_2023139.flac,16
/data/DATASETS/ASV_Spoof_2019_LA/ASVspoof2019_LA_eval/flac/LA_E_2023690.flac,16
/data/DATASETS/ASV_Spoof_2019_LA/ASVspoof2019_LA_eval/flac/LA_E_2024998.flac,16
/data/DATASETS/ASV_Spoof_2019_LA/ASVspoof2019_LA_eval/flac/LA_E_2025390.flac,16
/data/DATASETS/ASV_Spoof_2019_LA/ASVspoof2019_LA_eval/flac/LA_E_2027126.flac,16
/data/DATASETS/ASV_Spoof_2019_LA/ASVspoof2019_LA_eval/flac/LA_E_2031542.flac,16
/data/DATASETS/ASV_Spoof_2019_LA/ASVspoof2019_LA_eval/flac/LA_E_2035605.flac,16
/data/DATASETS/ASV_Spoof_2019_LA/ASVspoof2019_LA_eval/flac/LA_E_2036150.flac,16
/data/DATASETS/ASV_Spoof_2019_LA/ASVspoof2019_LA_eval/flac/LA_E_2038332.flac,16
/data/DATASETS/ASV_Spoof_2019_LA/ASVspoof2019_LA_eval/flac/LA_E_2039465.flac,16
/data/DATASETS/ASV_Spoof_2019_LA/ASVspoof2019_LA_eval/flac/LA_E_2047318.flac,16
/data/DATASETS/ASV_Spoof_2019_LA/ASVspoof2019_LA_eval/flac/LA_E_2047379.flac,16
/data/DATASETS/ASV_Spoof_2019_LA/ASVspoof2019_LA_eval/flac/LA_E_2048964.flac,16
/data/DATASETS/ASV_Spoof_2019_LA/ASVspoof2019_LA_eval/flac/LA_E_2050117.flac,16
/data/DATASETS/ASV_Spoof_2019_LA/ASVspoof2019_LA_eval/flac/LA_E_2050709.flac,16
/data/DATASETS/ASV_Spoof_2019_LA/ASVspoof2019_LA_eval/flac/LA_E_2051548.flac,16
/data/DATASETS/ASV_Spoof_2019_LA/ASVspoof2019_LA_eval/flac/LA_E_2055590.flac,16
/data/DATASETS/ASV_Spoof_2019_LA/ASVspoof2019_LA_eval/flac/LA_E_2056143.flac,16
/data/DATASETS/ASV_Spoof_2019_LA/ASVspoof2019_LA_eval/flac/LA_E_2057603.flac,16
/data/DATASETS/ASV_Spoof_2019_LA/ASVspoof2019_LA_eval/flac/LA_E_2059483.flac,16
/data/DATASETS/ASV_Spoof_2019_LA/ASVspoof2019_LA_eval/flac/LA_E_2060716.flac,16
/data/DATASETS/ASV_Spoof_2019_LA/ASVspoof2019_LA_eval/flac/LA_E_2066483.flac,16
/data/DATASETS/ASV_Spoof_2019_LA/ASVspoof2019_LA_eval/flac/LA_E_2066772.flac,16
/data/DATASETS/ASV_Spoof_2019_LA/ASVspoof2019_LA_eval/flac/LA_E_2067399.flac,16
/data/DATASETS/ASV_Spoof_2019_LA/ASVspoof2019_LA_eval/flac/LA_E_2071071.flac,16
/data/DATASETS/ASV_Spoof_2019_LA/ASVspoof2019_LA_eval/flac/LA_E_2071784.flac,16
/data/DATASETS/ASV_Spoof_2019_LA/ASVspoof2019_LA_eval/flac/LA_E_2072895.flac,16
/data/DATASETS/ASV_Spoof_2019_LA/ASVspoof2019_LA_eval/flac/LA_E_2073126.flac,16
/data/DATASETS/ASV_Spoof_2019_LA/ASVspoof2019_LA_eval/flac/LA_E_2073853.flac,16
/data/DATASETS/ASV_Spoof_2019_LA/ASVspoof2019_LA_eval/flac/LA_E_2074005.flac,16
/data/DATASETS/ASV_Spoof_2019_LA/ASVspoof2019_LA_eval/flac/LA_E_2076846.flac,16
/data/DATASETS/ASV_Spoof_2019_LA/ASVspoof2019_LA_eval/flac/LA_E_2077107.flac,16
/data/DATASETS/ASV_Spoof_2019_LA/ASVspoof2019_LA_eval/flac/LA_E_2078691.flac,16
/data/DATASETS/ASV_Spoof_2019_LA/ASVspoof2019_LA_eval/flac/LA_E_2080123.flac,16
/data/DATASETS/ASV_Spoof_2019_LA/ASVspoof2019_LA_eval/flac/LA_E_2080798.flac,16
/data/DATASETS/ASV_Spoof_2019_LA/ASVspoof2019_LA_eval/flac/LA_E_2083514.flac,16
/data/DATASETS/ASV_Spoof_2019_LA/ASVspoof2019_LA_eval/flac/LA_E_2087423.flac,16
/data/DATASETS/ASV_Spoof_2019_LA/ASVspoof2019_LA_eval/flac/LA_E_2089296.flac,16
/data/DATASETS/ASV_Spoof_2019_LA/ASVspoof2019_LA_eval/flac/LA_E_2089984.flac,16
/data/DATASETS/ASV_Spoof_2019_LA/ASVspoof2019_LA_eval/flac/LA_E_2093168.flac,16
/data/DATASETS/ASV_Spoof_2019_LA/ASVspoof2019_LA_eval/flac/LA_E_2093790.flac,16
/data/DATASETS/ASV_Spoof_2019_LA/ASVspoof2019_LA_eval/flac/LA_E_2097079.flac,16
/data/DATASETS/ASV_Spoof_2019_LA/ASVspoof2019_LA_eval/flac/LA_E_2099345.flac,16
/data/DATASETS/ASV_Spoof_2019_LA/ASVspoof2019_LA_eval/flac/LA_E_2100062.flac,16
/data/DATASETS/ASV_Spoof_2019_LA/ASVspoof2019_LA_eval/flac/LA_E_2101519.flac,16
/data/DATASETS/ASV_Spoof_2019_LA/ASVspoof2019_LA_eval/flac/LA_E_2101911.flac,16
/data/DATASETS/ASV_Spoof_2019_LA/ASVspoof2019_LA_eval/flac/LA_E_2103794.flac,16
/data/DATASETS/ASV_Spoof_2019_LA/ASVspoof2019_LA_eval/flac/LA_E_2107012.flac,16
/data/DATASETS/ASV_Spoof_2019_LA/ASVspoof2019_LA_eval/flac/LA_E_2109204.flac,16
/data/DATASETS/ASV_Spoof_2019_LA/ASVspoof2019_LA_eval/flac/LA_E_2115059.flac,16
/data/DATASETS/ASV_Spoof_2019_LA/ASVspoof2019_LA_eval/flac/LA_E_2115120.flac,16
/data/DATASETS/ASV_Spoof_2019_LA/ASVspoof2019_LA_eval/flac/LA_E_2117904.flac,16
/data/DATASETS/ASV_Spoof_2019_LA/ASVspoof2019_LA_eval/flac/LA_E_2117974.flac,16
/data/DATASETS/ASV_Spoof_2019_LA/ASVspoof2019_LA_eval/flac/LA_E_2120163.flac,16
/data/DATASETS/ASV_Spoof_2019_LA/ASVspoof2019_LA_eval/flac/LA_E_2120295.flac,16
/data/DATASETS/ASV_Spoof_2019_LA/ASVspoof2019_LA_eval/flac/LA_E_2121125.flac,16
/data/DATASETS/ASV_Spoof_2019_LA/ASVspoof2019_LA_eval/flac/LA_E_2121170.flac,16
/data/DATASETS/ASV_Spoof_2019_LA/ASVspoof2019_LA_eval/flac/LA_E_2121332.flac,16
/data/DATASETS/ASV_Spoof_2019_LA/ASVspoof2019_LA_eval/flac/LA_E_2121530.flac,16
/data/DATASETS/ASV_Spoof_2019_LA/ASVspoof2019_LA_eval/flac/LA_E_2122178.flac,16
/data/DATASETS/ASV_Spoof_2019_LA/ASVspoof2019_LA_eval/flac/LA_E_2122674.flac,16
/data/DATASETS/ASV_Spoof_2019_LA/ASVspoof2019_LA_eval/flac/LA_E_2124382.flac,16
/data/DATASETS/ASV_Spoof_2019_LA/ASVspoof2019_LA_eval/flac/LA_E_2124784.flac,16
/data/DATASETS/ASV_Spoof_2019_LA/ASVspoof2019_LA_eval/flac/LA_E_2126140.flac,16
/data/DATASETS/ASV_Spoof_2019_LA/ASVspoof2019_LA_eval/flac/LA_E_2127562.flac,16
/data/DATASETS/ASV_Spoof_2019_LA/ASVspoof2019_LA_eval/flac/LA_E_2130322.flac,16
/data/DATASETS/ASV_Spoof_2019_LA/ASVspoof2019_LA_eval/flac/LA_E_2131162.flac,16
/data/DATASETS/ASV_Spoof_2019_LA/ASVspoof2019_LA_eval/flac/LA_E_2131578.flac,16
/data/DATASETS/ASV_Spoof_2019_LA/ASVspoof2019_LA_eval/flac/LA_E_2132036.flac,16
/data/DATASETS/ASV_Spoof_2019_LA/ASVspoof2019_LA_eval/flac/LA_E_2132461.flac,16
/data/DATASETS/ASV_Spoof_2019_LA/ASVspoof2019_LA_eval/flac/LA_E_2139071.flac,16
/data/DATASETS/ASV_Spoof_2019_LA/ASVspoof2019_LA_eval/flac/LA_E_2140083.flac,16
/data/DATASETS/ASV_Spoof_2019_LA/ASVspoof2019_LA_eval/flac/LA_E_2141045.flac,16
/data/DATASETS/ASV_Spoof_2019_LA/ASVspoof2019_LA_eval/flac/LA_E_2143727.flac,16
/data/DATASETS/ASV_Spoof_2019_LA/ASVspoof2019_LA_eval/flac/LA_E_2144263.flac,16
/data/DATASETS/ASV_Spoof_2019_LA/ASVspoof2019_LA_eval/flac/LA_E_2145009.flac,16
/data/DATASETS/ASV_Spoof_2019_LA/ASVspoof2019_LA_eval/flac/LA_E_2147499.flac,16
/data/DATASETS/ASV_Spoof_2019_LA/ASVspoof2019_LA_eval/flac/LA_E_2148930.flac,16
/data/DATASETS/ASV_Spoof_2019_LA/ASVspoof2019_LA_eval/flac/LA_E_2149662.flac,16
/data/DATASETS/ASV_Spoof_2019_LA/ASVspoof2019_LA_eval/flac/LA_E_2151018.flac,16
/data/DATASETS/ASV_Spoof_2019_LA/ASVspoof2019_LA_eval/flac/LA_E_2159899.flac,16
/data/DATASETS/ASV_Spoof_2019_LA/ASVspoof2019_LA_eval/flac/LA_E_2159948.flac,16
/data/DATASETS/ASV_Spoof_2019_LA/ASVspoof2019_LA_eval/flac/LA_E_2162056.flac,16
/data/DATASETS/ASV_Spoof_2019_LA/ASVspoof2019_LA_eval/flac/LA_E_2162726.flac,16
/data/DATASETS/ASV_Spoof_2019_LA/ASVspoof2019_LA_eval/flac/LA_E_2164728.flac,16
/data/DATASETS/ASV_Spoof_2019_LA/ASVspoof2019_LA_eval/flac/LA_E_2166410.flac,16
/data/DATASETS/ASV_Spoof_2019_LA/ASVspoof2019_LA_eval/flac/LA_E_2168903.flac,16
/data/DATASETS/ASV_Spoof_2019_LA/ASVspoof2019_LA_eval/flac/LA_E_2168975.flac,16
/data/DATASETS/ASV_Spoof_2019_LA/ASVspoof2019_LA_eval/flac/LA_E_2169603.flac,16
/data/DATASETS/ASV_Spoof_2019_LA/ASVspoof2019_LA_eval/flac/LA_E_2171661.flac,16
/data/DATASETS/ASV_Spoof_2019_LA/ASVspoof2019_LA_eval/flac/LA_E_2173279.flac,16
/data/DATASETS/ASV_Spoof_2019_LA/ASVspoof2019_LA_eval/flac/LA_E_2176097.flac,16
/data/DATASETS/ASV_Spoof_2019_LA/ASVspoof2019_LA_eval/flac/LA_E_2176528.flac,16
/data/DATASETS/ASV_Spoof_2019_LA/ASVspoof2019_LA_eval/flac/LA_E_2177670.flac,16
/data/DATASETS/ASV_Spoof_2019_LA/ASVspoof2019_LA_eval/flac/LA_E_2177751.flac,16
/data/DATASETS/ASV_Spoof_2019_LA/ASVspoof2019_LA_eval/flac/LA_E_2178031.flac,16
/data/DATASETS/ASV_Spoof_2019_LA/ASVspoof2019_LA_eval/flac/LA_E_2184672.flac,16
/data/DATASETS/ASV_Spoof_2019_LA/ASVspoof2019_LA_eval/flac/LA_E_2185735.flac,16
/data/DATASETS/ASV_Spoof_2019_LA/ASVspoof2019_LA_eval/flac/LA_E_2186601.flac,16
/data/DATASETS/ASV_Spoof_2019_LA/ASVspoof2019_LA_eval/flac/LA_E_2191753.flac,16
/data/DATASETS/ASV_Spoof_2019_LA/ASVspoof2019_LA_eval/flac/LA_E_2192799.flac,16
/data/DATASETS/ASV_Spoof_2019_LA/ASVspoof2019_LA_eval/flac/LA_E_2193487.flac,16
/data/DATASETS/ASV_Spoof_2019_LA/ASVspoof2019_LA_eval/flac/LA_E_2195425.flac,16
/data/DATASETS/ASV_Spoof_2019_LA/ASVspoof2019_LA_eval/flac/LA_E_2197299.flac,16
/data/DATASETS/ASV_Spoof_2019_LA/ASVspoof2019_LA_eval/flac/LA_E_2197611.flac,16
/data/DATASETS/ASV_Spoof_2019_LA/ASVspoof2019_LA_eval/flac/LA_E_2198085.flac,16
/data/DATASETS/ASV_Spoof_2019_LA/ASVspoof2019_LA_eval/flac/LA_E_2200804.flac,16
/data/DATASETS/ASV_Spoof_2019_LA/ASVspoof2019_LA_eval/flac/LA_E_2201206.flac,16
/data/DATASETS/ASV_Spoof_2019_LA/ASVspoof2019_LA_eval/flac/LA_E_2201836.flac,16
/data/DATASETS/ASV_Spoof_2019_LA/ASVspoof2019_LA_eval/flac/LA_E_2201841.flac,16
/data/DATASETS/ASV_Spoof_2019_LA/ASVspoof2019_LA_eval/flac/LA_E_2202905.flac,16
/data/DATASETS/ASV_Spoof_2019_LA/ASVspoof2019_LA_eval/flac/LA_E_2203673.flac,16
/data/DATASETS/ASV_Spoof_2019_LA/ASVspoof2019_LA_eval/flac/LA_E_2204323.flac,16
/data/DATASETS/ASV_Spoof_2019_LA/ASVspoof2019_LA_eval/flac/LA_E_2204660.flac,16
/data/DATASETS/ASV_Spoof_2019_LA/ASVspoof2019_LA_eval/flac/LA_E_2206984.flac,16
/data/DATASETS/ASV_Spoof_2019_LA/ASVspoof2019_LA_eval/flac/LA_E_2208241.flac,16
/data/DATASETS/ASV_Spoof_2019_LA/ASVspoof2019_LA_eval/flac/LA_E_2209666.flac,16
/data/DATASETS/ASV_Spoof_2019_LA/ASVspoof2019_LA_eval/flac/LA_E_2211447.flac,16
/data/DATASETS/ASV_Spoof_2019_LA/ASVspoof2019_LA_eval/flac/LA_E_2213170.flac,16
/data/DATASETS/ASV_Spoof_2019_LA/ASVspoof2019_LA_eval/flac/LA_E_2217776.flac,16
/data/DATASETS/ASV_Spoof_2019_LA/ASVspoof2019_LA_eval/flac/LA_E_2217840.flac,16
/data/DATASETS/ASV_Spoof_2019_LA/ASVspoof2019_LA_eval/flac/LA_E_2218640.flac,16
/data/DATASETS/ASV_Spoof_2019_LA/ASVspoof2019_LA_eval/flac/LA_E_2225990.flac,16
/data/DATASETS/ASV_Spoof_2019_LA/ASVspoof2019_LA_eval/flac/LA_E_2228268.flac,16
/data/DATASETS/ASV_Spoof_2019_LA/ASVspoof2019_LA_eval/flac/LA_E_2228283.flac,16
/data/DATASETS/ASV_Spoof_2019_LA/ASVspoof2019_LA_eval/flac/LA_E_2231054.flac,16
/data/DATASETS/ASV_Spoof_2019_LA/ASVspoof2019_LA_eval/flac/LA_E_2239242.flac,16
/data/DATASETS/ASV_Spoof_2019_LA/ASVspoof2019_LA_eval/flac/LA_E_2239807.flac,16
/data/DATASETS/ASV_Spoof_2019_LA/ASVspoof2019_LA_eval/flac/LA_E_2239821.flac,16
/data/DATASETS/ASV_Spoof_2019_LA/ASVspoof2019_LA_eval/flac/LA_E_2243216.flac,16
/data/DATASETS/ASV_Spoof_2019_LA/ASVspoof2019_LA_eval/flac/LA_E_2244228.flac,16
/data/DATASETS/ASV_Spoof_2019_LA/ASVspoof2019_LA_eval/flac/LA_E_2244266.flac,16
/data/DATASETS/ASV_Spoof_2019_LA/ASVspoof2019_LA_eval/flac/LA_E_2247728.flac,16
/data/DATASETS/ASV_Spoof_2019_LA/ASVspoof2019_LA_eval/flac/LA_E_2249666.flac,16
/data/DATASETS/ASV_Spoof_2019_LA/ASVspoof2019_LA_eval/flac/LA_E_2254353.flac,16
/data/DATASETS/ASV_Spoof_2019_LA/ASVspoof2019_LA_eval/flac/LA_E_2256788.flac,16
/data/DATASETS/ASV_Spoof_2019_LA/ASVspoof2019_LA_eval/flac/LA_E_2257192.flac,16
/data/DATASETS/ASV_Spoof_2019_LA/ASVspoof2019_LA_eval/flac/LA_E_2257497.flac,16
/data/DATASETS/ASV_Spoof_2019_LA/ASVspoof2019_LA_eval/flac/LA_E_2266772.flac,16
/data/DATASETS/ASV_Spoof_2019_LA/ASVspoof2019_LA_eval/flac/LA_E_2267464.flac,16
/data/DATASETS/ASV_Spoof_2019_LA/ASVspoof2019_LA_eval/flac/LA_E_2269229.flac,16
/data/DATASETS/ASV_Spoof_2019_LA/ASVspoof2019_LA_eval/flac/LA_E_2269372.flac,16
/data/DATASETS/ASV_Spoof_2019_LA/ASVspoof2019_LA_eval/flac/LA_E_2269980.flac,16
/data/DATASETS/ASV_Spoof_2019_LA/ASVspoof2019_LA_eval/flac/LA_E_2270538.flac,16
/data/DATASETS/ASV_Spoof_2019_LA/ASVspoof2019_LA_eval/flac/LA_E_2270848.flac,16
/data/DATASETS/ASV_Spoof_2019_LA/ASVspoof2019_LA_eval/flac/LA_E_2271152.flac,16
/data/DATASETS/ASV_Spoof_2019_LA/ASVspoof2019_LA_eval/flac/LA_E_2273065.flac,16
/data/DATASETS/ASV_Spoof_2019_LA/ASVspoof2019_LA_eval/flac/LA_E_2273248.flac,16
/data/DATASETS/ASV_Spoof_2019_LA/ASVspoof2019_LA_eval/flac/LA_E_2273981.flac,16
/data/DATASETS/ASV_Spoof_2019_LA/ASVspoof2019_LA_eval/flac/LA_E_2275713.flac,16
/data/DATASETS/ASV_Spoof_2019_LA/ASVspoof2019_LA_eval/flac/LA_E_2278309.flac,16
/data/DATASETS/ASV_Spoof_2019_LA/ASVspoof2019_LA_eval/flac/LA_E_2279090.flac,16
/data/DATASETS/ASV_Spoof_2019_LA/ASVspoof2019_LA_eval/flac/LA_E_2283319.flac,16
/data/DATASETS/ASV_Spoof_2019_LA/ASVspoof2019_LA_eval/flac/LA_E_2283337.flac,16
/data/DATASETS/ASV_Spoof_2019_LA/ASVspoof2019_LA_eval/flac/LA_E_2287772.flac,16
/data/DATASETS/ASV_Spoof_2019_LA/ASVspoof2019_LA_eval/flac/LA_E_2288102.flac,16
/data/DATASETS/ASV_Spoof_2019_LA/ASVspoof2019_LA_eval/flac/LA_E_2290851.flac,16
/data/DATASETS/ASV_Spoof_2019_LA/ASVspoof2019_LA_eval/flac/LA_E_2291718.flac,16
/data/DATASETS/ASV_Spoof_2019_LA/ASVspoof2019_LA_eval/flac/LA_E_2292798.flac,16
/data/DATASETS/ASV_Spoof_2019_LA/ASVspoof2019_LA_eval/flac/LA_E_2293385.flac,16
/data/DATASETS/ASV_Spoof_2019_LA/ASVspoof2019_LA_eval/flac/LA_E_2295738.flac,16
/data/DATASETS/ASV_Spoof_2019_LA/ASVspoof2019_LA_eval/flac/LA_E_2295867.flac,16
/data/DATASETS/ASV_Spoof_2019_LA/ASVspoof2019_LA_eval/flac/LA_E_2296861.flac,16
/data/DATASETS/ASV_Spoof_2019_LA/ASVspoof2019_LA_eval/flac/LA_E_2301907.flac,16
/data/DATASETS/ASV_Spoof_2019_LA/ASVspoof2019_LA_eval/flac/LA_E_2304885.flac,16
/data/DATASETS/ASV_Spoof_2019_LA/ASVspoof2019_LA_eval/flac/LA_E_2305154.flac,16
/data/DATASETS/ASV_Spoof_2019_LA/ASVspoof2019_LA_eval/flac/LA_E_2306550.flac,16
/data/DATASETS/ASV_Spoof_2019_LA/ASVspoof2019_LA_eval/flac/LA_E_2306645.flac,16
/data/DATASETS/ASV_Spoof_2019_LA/ASVspoof2019_LA_eval/flac/LA_E_2307759.flac,16
/data/DATASETS/ASV_Spoof_2019_LA/ASVspoof2019_LA_eval/flac/LA_E_2307957.flac,16
/data/DATASETS/ASV_Spoof_2019_LA/ASVspoof2019_LA_eval/flac/LA_E_2310027.flac,16
/data/DATASETS/ASV_Spoof_2019_LA/ASVspoof2019_LA_eval/flac/LA_E_2310829.flac,16
/data/DATASETS/ASV_Spoof_2019_LA/ASVspoof2019_LA_eval/flac/LA_E_2313708.flac,16
/data/DATASETS/ASV_Spoof_2019_LA/ASVspoof2019_LA_eval/flac/LA_E_2317853.flac,16
/data/DATASETS/ASV_Spoof_2019_LA/ASVspoof2019_LA_eval/flac/LA_E_2318510.flac,16
/data/DATASETS/ASV_Spoof_2019_LA/ASVspoof2019_LA_eval/flac/LA_E_2321652.flac,16
/data/DATASETS/ASV_Spoof_2019_LA/ASVspoof2019_LA_eval/flac/LA_E_2323020.flac,16
/data/DATASETS/ASV_Spoof_2019_LA/ASVspoof2019_LA_eval/flac/LA_E_2323910.flac,16
/data/DATASETS/ASV_Spoof_2019_LA/ASVspoof2019_LA_eval/flac/LA_E_2325525.flac,16
/data/DATASETS/ASV_Spoof_2019_LA/ASVspoof2019_LA_eval/flac/LA_E_2326654.flac,16
/data/DATASETS/ASV_Spoof_2019_LA/ASVspoof2019_LA_eval/flac/LA_E_2330735.flac,16
/data/DATASETS/ASV_Spoof_2019_LA/ASVspoof2019_LA_eval/flac/LA_E_2331519.flac,16
/data/DATASETS/ASV_Spoof_2019_LA/ASVspoof2019_LA_eval/flac/LA_E_2331670.flac,16
/data/DATASETS/ASV_Spoof_2019_LA/ASVspoof2019_LA_eval/flac/LA_E_2331698.flac,16
/data/DATASETS/ASV_Spoof_2019_LA/ASVspoof2019_LA_eval/flac/LA_E_2336068.flac,16
/data/DATASETS/ASV_Spoof_2019_LA/ASVspoof2019_LA_eval/flac/LA_E_2340230.flac,16
/data/DATASETS/ASV_Spoof_2019_LA/ASVspoof2019_LA_eval/flac/LA_E_2350830.flac,16
/data/DATASETS/ASV_Spoof_2019_LA/ASVspoof2019_LA_eval/flac/LA_E_2351352.flac,16
/data/DATASETS/ASV_Spoof_2019_LA/ASVspoof2019_LA_eval/flac/LA_E_2355666.flac,16
/data/DATASETS/ASV_Spoof_2019_LA/ASVspoof2019_LA_eval/flac/LA_E_2358554.flac,16
/data/DATASETS/ASV_Spoof_2019_LA/ASVspoof2019_LA_eval/flac/LA_E_2359159.flac,16
/data/DATASETS/ASV_Spoof_2019_LA/ASVspoof2019_LA_eval/flac/LA_E_2362603.flac,16
/data/DATASETS/ASV_Spoof_2019_LA/ASVspoof2019_LA_eval/flac/LA_E_2363357.flac,16
/data/DATASETS/ASV_Spoof_2019_LA/ASVspoof2019_LA_eval/flac/LA_E_2367884.flac,16
/data/DATASETS/ASV_Spoof_2019_LA/ASVspoof2019_LA_eval/flac/LA_E_2369350.flac,16
/data/DATASETS/ASV_Spoof_2019_LA/ASVspoof2019_LA_eval/flac/LA_E_2371033.flac,16
/data/DATASETS/ASV_Spoof_2019_LA/ASVspoof2019_LA_eval/flac/LA_E_2373416.flac,16
/data/DATASETS/ASV_Spoof_2019_LA/ASVspoof2019_LA_eval/flac/LA_E_2374678.flac,16
/data/DATASETS/ASV_Spoof_2019_LA/ASVspoof2019_LA_eval/flac/LA_E_2374822.flac,16
/data/DATASETS/ASV_Spoof_2019_LA/ASVspoof2019_LA_eval/flac/LA_E_2380418.flac,16
/data/DATASETS/ASV_Spoof_2019_LA/ASVspoof2019_LA_eval/flac/LA_E_2381038.flac,16
/data/DATASETS/ASV_Spoof_2019_LA/ASVspoof2019_LA_eval/flac/LA_E_2382950.flac,16
/data/DATASETS/ASV_Spoof_2019_LA/ASVspoof2019_LA_eval/flac/LA_E_2385178.flac,16
/data/DATASETS/ASV_Spoof_2019_LA/ASVspoof2019_LA_eval/flac/LA_E_2388030.flac,16
/data/DATASETS/ASV_Spoof_2019_LA/ASVspoof2019_LA_eval/flac/LA_E_2389633.flac,16
/data/DATASETS/ASV_Spoof_2019_LA/ASVspoof2019_LA_eval/flac/LA_E_2390354.flac,16
/data/DATASETS/ASV_Spoof_2019_LA/ASVspoof2019_LA_eval/flac/LA_E_2392088.flac,16
/data/DATASETS/ASV_Spoof_2019_LA/ASVspoof2019_LA_eval/flac/LA_E_2392635.flac,16
/data/DATASETS/ASV_Spoof_2019_LA/ASVspoof2019_LA_eval/flac/LA_E_2401117.flac,16
/data/DATASETS/ASV_Spoof_2019_LA/ASVspoof2019_LA_eval/flac/LA_E_2407249.flac,16
/data/DATASETS/ASV_Spoof_2019_LA/ASVspoof2019_LA_eval/flac/LA_E_2411171.flac,16
/data/DATASETS/ASV_Spoof_2019_LA/ASVspoof2019_LA_eval/flac/LA_E_2413816.flac,16
/data/DATASETS/ASV_Spoof_2019_LA/ASVspoof2019_LA_eval/flac/LA_E_2415340.flac,16
/data/DATASETS/ASV_Spoof_2019_LA/ASVspoof2019_LA_eval/flac/LA_E_2416264.flac,16
/data/DATASETS/ASV_Spoof_2019_LA/ASVspoof2019_LA_eval/flac/LA_E_2416837.flac,16
/data/DATASETS/ASV_Spoof_2019_LA/ASVspoof2019_LA_eval/flac/LA_E_2417421.flac,16
/data/DATASETS/ASV_Spoof_2019_LA/ASVspoof2019_LA_eval/flac/LA_E_2421248.flac,16
/data/DATASETS/ASV_Spoof_2019_LA/ASVspoof2019_LA_eval/flac/LA_E_2425376.flac,16
/data/DATASETS/ASV_Spoof_2019_LA/ASVspoof2019_LA_eval/flac/LA_E_2431532.flac,16
/data/DATASETS/ASV_Spoof_2019_LA/ASVspoof2019_LA_eval/flac/LA_E_2434756.flac,16
/data/DATASETS/ASV_Spoof_2019_LA/ASVspoof2019_LA_eval/flac/LA_E_2442053.flac,16
/data/DATASETS/ASV_Spoof_2019_LA/ASVspoof2019_LA_eval/flac/LA_E_2443194.flac,16
/data/DATASETS/ASV_Spoof_2019_LA/ASVspoof2019_LA_eval/flac/LA_E_2444162.flac,16
/data/DATASETS/ASV_Spoof_2019_LA/ASVspoof2019_LA_eval/flac/LA_E_2444304.flac,16
/data/DATASETS/ASV_Spoof_2019_LA/ASVspoof2019_LA_eval/flac/LA_E_2444674.flac,16
/data/DATASETS/ASV_Spoof_2019_LA/ASVspoof2019_LA_eval/flac/LA_E_2447955.flac,16
/data/DATASETS/ASV_Spoof_2019_LA/ASVspoof2019_LA_eval/flac/LA_E_2449383.flac,16
/data/DATASETS/ASV_Spoof_2019_LA/ASVspoof2019_LA_eval/flac/LA_E_2449690.flac,16
/data/DATASETS/ASV_Spoof_2019_LA/ASVspoof2019_LA_eval/flac/LA_E_2450827.flac,16
/data/DATASETS/ASV_Spoof_2019_LA/ASVspoof2019_LA_eval/flac/LA_E_2454569.flac,16
/data/DATASETS/ASV_Spoof_2019_LA/ASVspoof2019_LA_eval/flac/LA_E_2455821.flac,16
/data/DATASETS/ASV_Spoof_2019_LA/ASVspoof2019_LA_eval/flac/LA_E_2456282.flac,16
/data/DATASETS/ASV_Spoof_2019_LA/ASVspoof2019_LA_eval/flac/LA_E_2457088.flac,16
/data/DATASETS/ASV_Spoof_2019_LA/ASVspoof2019_LA_eval/flac/LA_E_2457465.flac,16
/data/DATASETS/ASV_Spoof_2019_LA/ASVspoof2019_LA_eval/flac/LA_E_2460639.flac,16
/data/DATASETS/ASV_Spoof_2019_LA/ASVspoof2019_LA_eval/flac/LA_E_2461188.flac,16
/data/DATASETS/ASV_Spoof_2019_LA/ASVspoof2019_LA_eval/flac/LA_E_2461528.flac,16
/data/DATASETS/ASV_Spoof_2019_LA/ASVspoof2019_LA_eval/flac/LA_E_2462049.flac,16
/data/DATASETS/ASV_Spoof_2019_LA/ASVspoof2019_LA_eval/flac/LA_E_2466369.flac,16
/data/DATASETS/ASV_Spoof_2019_LA/ASVspoof2019_LA_eval/flac/LA_E_2467225.flac,16
/data/DATASETS/ASV_Spoof_2019_LA/ASVspoof2019_LA_eval/flac/LA_E_2467421.flac,16
/data/DATASETS/ASV_Spoof_2019_LA/ASVspoof2019_LA_eval/flac/LA_E_2468202.flac,16
/data/DATASETS/ASV_Spoof_2019_LA/ASVspoof2019_LA_eval/flac/LA_E_2470221.flac,16
/data/DATASETS/ASV_Spoof_2019_LA/ASVspoof2019_LA_eval/flac/LA_E_2472784.flac,16
/data/DATASETS/ASV_Spoof_2019_LA/ASVspoof2019_LA_eval/flac/LA_E_2474997.flac,16
/data/DATASETS/ASV_Spoof_2019_LA/ASVspoof2019_LA_eval/flac/LA_E_2477044.flac,16
/data/DATASETS/ASV_Spoof_2019_LA/ASVspoof2019_LA_eval/flac/LA_E_2478829.flac,16
/data/DATASETS/ASV_Spoof_2019_LA/ASVspoof2019_LA_eval/flac/LA_E_2481613.flac,16
/data/DATASETS/ASV_Spoof_2019_LA/ASVspoof2019_LA_eval/flac/LA_E_2482669.flac,16
/data/DATASETS/ASV_Spoof_2019_LA/ASVspoof2019_LA_eval/flac/LA_E_2484018.flac,16
/data/DATASETS/ASV_Spoof_2019_LA/ASVspoof2019_LA_eval/flac/LA_E_2484416.flac,16
/data/DATASETS/ASV_Spoof_2019_LA/ASVspoof2019_LA_eval/flac/LA_E_2484449.flac,16
/data/DATASETS/ASV_Spoof_2019_LA/ASVspoof2019_LA_eval/flac/LA_E_2485527.flac,16
/data/DATASETS/ASV_Spoof_2019_LA/ASVspoof2019_LA_eval/flac/LA_E_2486197.flac,16
/data/DATASETS/ASV_Spoof_2019_LA/ASVspoof2019_LA_eval/flac/LA_E_2486501.flac,16
/data/DATASETS/ASV_Spoof_2019_LA/ASVspoof2019_LA_eval/flac/LA_E_2487097.flac,16
/data/DATASETS/ASV_Spoof_2019_LA/ASVspoof2019_LA_eval/flac/LA_E_2487935.flac,16
/data/DATASETS/ASV_Spoof_2019_LA/ASVspoof2019_LA_eval/flac/LA_E_2495913.flac,16
/data/DATASETS/ASV_Spoof_2019_LA/ASVspoof2019_LA_eval/flac/LA_E_2498668.flac,16
/data/DATASETS/ASV_Spoof_2019_LA/ASVspoof2019_LA_eval/flac/LA_E_2498688.flac,16
/data/DATASETS/ASV_Spoof_2019_LA/ASVspoof2019_LA_eval/flac/LA_E_2499475.flac,16
/data/DATASETS/ASV_Spoof_2019_LA/ASVspoof2019_LA_eval/flac/LA_E_2501901.flac,16
/data/DATASETS/ASV_Spoof_2019_LA/ASVspoof2019_LA_eval/flac/LA_E_2507479.flac,16
/data/DATASETS/ASV_Spoof_2019_LA/ASVspoof2019_LA_eval/flac/LA_E_2508482.flac,16
/data/DATASETS/ASV_Spoof_2019_LA/ASVspoof2019_LA_eval/flac/LA_E_2508754.flac,16
/data/DATASETS/ASV_Spoof_2019_LA/ASVspoof2019_LA_eval/flac/LA_E_2512751.flac,16
/data/DATASETS/ASV_Spoof_2019_LA/ASVspoof2019_LA_eval/flac/LA_E_2513115.flac,16
/data/DATASETS/ASV_Spoof_2019_LA/ASVspoof2019_LA_eval/flac/LA_E_2515288.flac,16
/data/DATASETS/ASV_Spoof_2019_LA/ASVspoof2019_LA_eval/flac/LA_E_2519155.flac,16
/data/DATASETS/ASV_Spoof_2019_LA/ASVspoof2019_LA_eval/flac/LA_E_2520148.flac,16
/data/DATASETS/ASV_Spoof_2019_LA/ASVspoof2019_LA_eval/flac/LA_E_2521241.flac,16
/data/DATASETS/ASV_Spoof_2019_LA/ASVspoof2019_LA_eval/flac/LA_E_2522854.flac,16
/data/DATASETS/ASV_Spoof_2019_LA/ASVspoof2019_LA_eval/flac/LA_E_2527857.flac,16
/data/DATASETS/ASV_Spoof_2019_LA/ASVspoof2019_LA_eval/flac/LA_E_2528186.flac,16
/data/DATASETS/ASV_Spoof_2019_LA/ASVspoof2019_LA_eval/flac/LA_E_2534542.flac,16
/data/DATASETS/ASV_Spoof_2019_LA/ASVspoof2019_LA_eval/flac/LA_E_2539561.flac,16
/data/DATASETS/ASV_Spoof_2019_LA/ASVspoof2019_LA_eval/flac/LA_E_2540156.flac,16
/data/DATASETS/ASV_Spoof_2019_LA/ASVspoof2019_LA_eval/flac/LA_E_2541706.flac,16
/data/DATASETS/ASV_Spoof_2019_LA/ASVspoof2019_LA_eval/flac/LA_E_2542068.flac,16
/data/DATASETS/ASV_Spoof_2019_LA/ASVspoof2019_LA_eval/flac/LA_E_2542649.flac,16
/data/DATASETS/ASV_Spoof_2019_LA/ASVspoof2019_LA_eval/flac/LA_E_2545067.flac,16
/data/DATASETS/ASV_Spoof_2019_LA/ASVspoof2019_LA_eval/flac/LA_E_2546608.flac,16
/data/DATASETS/ASV_Spoof_2019_LA/ASVspoof2019_LA_eval/flac/LA_E_2547769.flac,16
/data/DATASETS/ASV_Spoof_2019_LA/ASVspoof2019_LA_eval/flac/LA_E_2548347.flac,16
/data/DATASETS/ASV_Spoof_2019_LA/ASVspoof2019_LA_eval/flac/LA_E_2548512.flac,16
/data/DATASETS/ASV_Spoof_2019_LA/ASVspoof2019_LA_eval/flac/LA_E_2550167.flac,16
/data/DATASETS/ASV_Spoof_2019_LA/ASVspoof2019_LA_eval/flac/LA_E_2551740.flac,16
/data/DATASETS/ASV_Spoof_2019_LA/ASVspoof2019_LA_eval/flac/LA_E_2552601.flac,16
/data/DATASETS/ASV_Spoof_2019_LA/ASVspoof2019_LA_eval/flac/LA_E_2556491.flac,16
/data/DATASETS/ASV_Spoof_2019_LA/ASVspoof2019_LA_eval/flac/LA_E_2561483.flac,16
/data/DATASETS/ASV_Spoof_2019_LA/ASVspoof2019_LA_eval/flac/LA_E_2565023.flac,16
/data/DATASETS/ASV_Spoof_2019_LA/ASVspoof2019_LA_eval/flac/LA_E_2566278.flac,16
/data/DATASETS/ASV_Spoof_2019_LA/ASVspoof2019_LA_eval/flac/LA_E_2572193.flac,16
/data/DATASETS/ASV_Spoof_2019_LA/ASVspoof2019_LA_eval/flac/LA_E_2575018.flac,16
/data/DATASETS/ASV_Spoof_2019_LA/ASVspoof2019_LA_eval/flac/LA_E_2578283.flac,16
/data/DATASETS/ASV_Spoof_2019_LA/ASVspoof2019_LA_eval/flac/LA_E_2579541.flac,16
/data/DATASETS/ASV_Spoof_2019_LA/ASVspoof2019_LA_eval/flac/LA_E_2583100.flac,16
/data/DATASETS/ASV_Spoof_2019_LA/ASVspoof2019_LA_eval/flac/LA_E_2583155.flac,16
/data/DATASETS/ASV_Spoof_2019_LA/ASVspoof2019_LA_eval/flac/LA_E_2585789.flac,16
/data/DATASETS/ASV_Spoof_2019_LA/ASVspoof2019_LA_eval/flac/LA_E_2587282.flac,16
/data/DATASETS/ASV_Spoof_2019_LA/ASVspoof2019_LA_eval/flac/LA_E_2588151.flac,16
/data/DATASETS/ASV_Spoof_2019_LA/ASVspoof2019_LA_eval/flac/LA_E_2593639.flac,16
/data/DATASETS/ASV_Spoof_2019_LA/ASVspoof2019_LA_eval/flac/LA_E_2594402.flac,16
/data/DATASETS/ASV_Spoof_2019_LA/ASVspoof2019_LA_eval/flac/LA_E_2599444.flac,16
/data/DATASETS/ASV_Spoof_2019_LA/ASVspoof2019_LA_eval/flac/LA_E_2600159.flac,16
/data/DATASETS/ASV_Spoof_2019_LA/ASVspoof2019_LA_eval/flac/LA_E_2601971.flac,16
/data/DATASETS/ASV_Spoof_2019_LA/ASVspoof2019_LA_eval/flac/LA_E_2602047.flac,16
/data/DATASETS/ASV_Spoof_2019_LA/ASVspoof2019_LA_eval/flac/LA_E_2603733.flac,16
/data/DATASETS/ASV_Spoof_2019_LA/ASVspoof2019_LA_eval/flac/LA_E_2606317.flac,16
/data/DATASETS/ASV_Spoof_2019_LA/ASVspoof2019_LA_eval/flac/LA_E_2610055.flac,16
/data/DATASETS/ASV_Spoof_2019_LA/ASVspoof2019_LA_eval/flac/LA_E_2610777.flac,16
/data/DATASETS/ASV_Spoof_2019_LA/ASVspoof2019_LA_eval/flac/LA_E_2611313.flac,16
/data/DATASETS/ASV_Spoof_2019_LA/ASVspoof2019_LA_eval/flac/LA_E_2611821.flac,16
/data/DATASETS/ASV_Spoof_2019_LA/ASVspoof2019_LA_eval/flac/LA_E_2612609.flac,16
/data/DATASETS/ASV_Spoof_2019_LA/ASVspoof2019_LA_eval/flac/LA_E_2613434.flac,16
/data/DATASETS/ASV_Spoof_2019_LA/ASVspoof2019_LA_eval/flac/LA_E_2614388.flac,16
/data/DATASETS/ASV_Spoof_2019_LA/ASVspoof2019_LA_eval/flac/LA_E_2614985.flac,16
/data/DATASETS/ASV_Spoof_2019_LA/ASVspoof2019_LA_eval/flac/LA_E_2615683.flac,16
/data/DATASETS/ASV_Spoof_2019_LA/ASVspoof2019_LA_eval/flac/LA_E_2623209.flac,16
/data/DATASETS/ASV_Spoof_2019_LA/ASVspoof2019_LA_eval/flac/LA_E_2623897.flac,16
/data/DATASETS/ASV_Spoof_2019_LA/ASVspoof2019_LA_eval/flac/LA_E_2623972.flac,16
/data/DATASETS/ASV_Spoof_2019_LA/ASVspoof2019_LA_eval/flac/LA_E_2625288.flac,16
/data/DATASETS/ASV_Spoof_2019_LA/ASVspoof2019_LA_eval/flac/LA_E_2627577.flac,16
/data/DATASETS/ASV_Spoof_2019_LA/ASVspoof2019_LA_eval/flac/LA_E_2632078.flac,16
/data/DATASETS/ASV_Spoof_2019_LA/ASVspoof2019_LA_eval/flac/LA_E_2632459.flac,16
/data/DATASETS/ASV_Spoof_2019_LA/ASVspoof2019_LA_eval/flac/LA_E_2637358.flac,16
/data/DATASETS/ASV_Spoof_2019_LA/ASVspoof2019_LA_eval/flac/LA_E_2637898.flac,16
/data/DATASETS/ASV_Spoof_2019_LA/ASVspoof2019_LA_eval/flac/LA_E_2640886.flac,16
/data/DATASETS/ASV_Spoof_2019_LA/ASVspoof2019_LA_eval/flac/LA_E_2642326.flac,16
/data/DATASETS/ASV_Spoof_2019_LA/ASVspoof2019_LA_eval/flac/LA_E_2644523.flac,16
/data/DATASETS/ASV_Spoof_2019_LA/ASVspoof2019_LA_eval/flac/LA_E_2645904.flac,16
/data/DATASETS/ASV_Spoof_2019_LA/ASVspoof2019_LA_eval/flac/LA_E_2649462.flac,16
/data/DATASETS/ASV_Spoof_2019_LA/ASVspoof2019_LA_eval/flac/LA_E_2653022.flac,16
/data/DATASETS/ASV_Spoof_2019_LA/ASVspoof2019_LA_eval/flac/LA_E_2653342.flac,16
/data/DATASETS/ASV_Spoof_2019_LA/ASVspoof2019_LA_eval/flac/LA_E_2656887.flac,16
/data/DATASETS/ASV_Spoof_2019_LA/ASVspoof2019_LA_eval/flac/LA_E_2657020.flac,16
/data/DATASETS/ASV_Spoof_2019_LA/ASVspoof2019_LA_eval/flac/LA_E_2658105.flac,16
/data/DATASETS/ASV_Spoof_2019_LA/ASVspoof2019_LA_eval/flac/LA_E_2658400.flac,16
/data/DATASETS/ASV_Spoof_2019_LA/ASVspoof2019_LA_eval/flac/LA_E_2658563.flac,16
/data/DATASETS/ASV_Spoof_2019_LA/ASVspoof2019_LA_eval/flac/LA_E_2659824.flac,16
/data/DATASETS/ASV_Spoof_2019_LA/ASVspoof2019_LA_eval/flac/LA_E_2660080.flac,16
/data/DATASETS/ASV_Spoof_2019_LA/ASVspoof2019_LA_eval/flac/LA_E_2660532.flac,16
/data/DATASETS/ASV_Spoof_2019_LA/ASVspoof2019_LA_eval/flac/LA_E_2661663.flac,16
/data/DATASETS/ASV_Spoof_2019_LA/ASVspoof2019_LA_eval/flac/LA_E_2663468.flac,16
/data/DATASETS/ASV_Spoof_2019_LA/ASVspoof2019_LA_eval/flac/LA_E_2665746.flac,16
/data/DATASETS/ASV_Spoof_2019_LA/ASVspoof2019_LA_eval/flac/LA_E_2665787.flac,16
/data/DATASETS/ASV_Spoof_2019_LA/ASVspoof2019_LA_eval/flac/LA_E_2666252.flac,16
/data/DATASETS/ASV_Spoof_2019_LA/ASVspoof2019_LA_eval/flac/LA_E_2669427.flac,16
/data/DATASETS/ASV_Spoof_2019_LA/ASVspoof2019_LA_eval/flac/LA_E_2671619.flac,16
/data/DATASETS/ASV_Spoof_2019_LA/ASVspoof2019_LA_eval/flac/LA_E_2672047.flac,16
/data/DATASETS/ASV_Spoof_2019_LA/ASVspoof2019_LA_eval/flac/LA_E_2672429.flac,16
/data/DATASETS/ASV_Spoof_2019_LA/ASVspoof2019_LA_eval/flac/LA_E_2672504.flac,16
/data/DATASETS/ASV_Spoof_2019_LA/ASVspoof2019_LA_eval/flac/LA_E_2674458.flac,16
/data/DATASETS/ASV_Spoof_2019_LA/ASVspoof2019_LA_eval/flac/LA_E_2677923.flac,16
/data/DATASETS/ASV_Spoof_2019_LA/ASVspoof2019_LA_eval/flac/LA_E_2679121.flac,16
/data/DATASETS/ASV_Spoof_2019_LA/ASVspoof2019_LA_eval/flac/LA_E_2679695.flac,16
/data/DATASETS/ASV_Spoof_2019_LA/ASVspoof2019_LA_eval/flac/LA_E_2681059.flac,16
/data/DATASETS/ASV_Spoof_2019_LA/ASVspoof2019_LA_eval/flac/LA_E_2686597.flac,16
/data/DATASETS/ASV_Spoof_2019_LA/ASVspoof2019_LA_eval/flac/LA_E_2688527.flac,16
/data/DATASETS/ASV_Spoof_2019_LA/ASVspoof2019_LA_eval/flac/LA_E_2690355.flac,16
/data/DATASETS/ASV_Spoof_2019_LA/ASVspoof2019_LA_eval/flac/LA_E_2692320.flac,16
/data/DATASETS/ASV_Spoof_2019_LA/ASVspoof2019_LA_eval/flac/LA_E_2693765.flac,16
/data/DATASETS/ASV_Spoof_2019_LA/ASVspoof2019_LA_eval/flac/LA_E_2693782.flac,16
/data/DATASETS/ASV_Spoof_2019_LA/ASVspoof2019_LA_eval/flac/LA_E_2699563.flac,16
/data/DATASETS/ASV_Spoof_2019_LA/ASVspoof2019_LA_eval/flac/LA_E_2702707.flac,16
/data/DATASETS/ASV_Spoof_2019_LA/ASVspoof2019_LA_eval/flac/LA_E_2702965.flac,16
/data/DATASETS/ASV_Spoof_2019_LA/ASVspoof2019_LA_eval/flac/LA_E_2703539.flac,16
/data/DATASETS/ASV_Spoof_2019_LA/ASVspoof2019_LA_eval/flac/LA_E_2703626.flac,16
/data/DATASETS/ASV_Spoof_2019_LA/ASVspoof2019_LA_eval/flac/LA_E_2703777.flac,16
/data/DATASETS/ASV_Spoof_2019_LA/ASVspoof2019_LA_eval/flac/LA_E_2703953.flac,16
/data/DATASETS/ASV_Spoof_2019_LA/ASVspoof2019_LA_eval/flac/LA_E_2705578.flac,16
/data/DATASETS/ASV_Spoof_2019_LA/ASVspoof2019_LA_eval/flac/LA_E_2707610.flac,16
/data/DATASETS/ASV_Spoof_2019_LA/ASVspoof2019_LA_eval/flac/LA_E_2710726.flac,16
/data/DATASETS/ASV_Spoof_2019_LA/ASVspoof2019_LA_eval/flac/LA_E_2711298.flac,16
/data/DATASETS/ASV_Spoof_2019_LA/ASVspoof2019_LA_eval/flac/LA_E_2714799.flac,16
/data/DATASETS/ASV_Spoof_2019_LA/ASVspoof2019_LA_eval/flac/LA_E_2715205.flac,16
/data/DATASETS/ASV_Spoof_2019_LA/ASVspoof2019_LA_eval/flac/LA_E_2718565.flac,16
/data/DATASETS/ASV_Spoof_2019_LA/ASVspoof2019_LA_eval/flac/LA_E_2722536.flac,16
/data/DATASETS/ASV_Spoof_2019_LA/ASVspoof2019_LA_eval/flac/LA_E_2723377.flac,16
/data/DATASETS/ASV_Spoof_2019_LA/ASVspoof2019_LA_eval/flac/LA_E_2723639.flac,16
/data/DATASETS/ASV_Spoof_2019_LA/ASVspoof2019_LA_eval/flac/LA_E_2723641.flac,16
/data/DATASETS/ASV_Spoof_2019_LA/ASVspoof2019_LA_eval/flac/LA_E_2725485.flac,16
/data/DATASETS/ASV_Spoof_2019_LA/ASVspoof2019_LA_eval/flac/LA_E_2725970.flac,16
/data/DATASETS/ASV_Spoof_2019_LA/ASVspoof2019_LA_eval/flac/LA_E_2726228.flac,16
/data/DATASETS/ASV_Spoof_2019_LA/ASVspoof2019_LA_eval/flac/LA_E_2727497.flac,16
/data/DATASETS/ASV_Spoof_2019_LA/ASVspoof2019_LA_eval/flac/LA_E_2729259.flac,16
/data/DATASETS/ASV_Spoof_2019_LA/ASVspoof2019_LA_eval/flac/LA_E_2730009.flac,16
/data/DATASETS/ASV_Spoof_2019_LA/ASVspoof2019_LA_eval/flac/LA_E_2730696.flac,16
/data/DATASETS/ASV_Spoof_2019_LA/ASVspoof2019_LA_eval/flac/LA_E_2731086.flac,16
/data/DATASETS/ASV_Spoof_2019_LA/ASVspoof2019_LA_eval/flac/LA_E_2731299.flac,16
/data/DATASETS/ASV_Spoof_2019_LA/ASVspoof2019_LA_eval/flac/LA_E_2732976.flac,16
/data/DATASETS/ASV_Spoof_2019_LA/ASVspoof2019_LA_eval/flac/LA_E_2733571.flac,16
/data/DATASETS/ASV_Spoof_2019_LA/ASVspoof2019_LA_eval/flac/LA_E_2738069.flac,16
/data/DATASETS/ASV_Spoof_2019_LA/ASVspoof2019_LA_eval/flac/LA_E_2738707.flac,16
/data/DATASETS/ASV_Spoof_2019_LA/ASVspoof2019_LA_eval/flac/LA_E_2739387.flac,16
/data/DATASETS/ASV_Spoof_2019_LA/ASVspoof2019_LA_eval/flac/LA_E_2741740.flac,16
/data/DATASETS/ASV_Spoof_2019_LA/ASVspoof2019_LA_eval/flac/LA_E_2741885.flac,16
/data/DATASETS/ASV_Spoof_2019_LA/ASVspoof2019_LA_eval/flac/LA_E_2742611.flac,16
/data/DATASETS/ASV_Spoof_2019_LA/ASVspoof2019_LA_eval/flac/LA_E_2742907.flac,16
/data/DATASETS/ASV_Spoof_2019_LA/ASVspoof2019_LA_eval/flac/LA_E_2744197.flac,16
/data/DATASETS/ASV_Spoof_2019_LA/ASVspoof2019_LA_eval/flac/LA_E_2745193.flac,16
/data/DATASETS/ASV_Spoof_2019_LA/ASVspoof2019_LA_eval/flac/LA_E_2749828.flac,16
/data/DATASETS/ASV_Spoof_2019_LA/ASVspoof2019_LA_eval/flac/LA_E_2752222.flac,16
/data/DATASETS/ASV_Spoof_2019_LA/ASVspoof2019_LA_eval/flac/LA_E_2756633.flac,16
/data/DATASETS/ASV_Spoof_2019_LA/ASVspoof2019_LA_eval/flac/LA_E_2756985.flac,16
/data/DATASETS/ASV_Spoof_2019_LA/ASVspoof2019_LA_eval/flac/LA_E_2759613.flac,16
/data/DATASETS/ASV_Spoof_2019_LA/ASVspoof2019_LA_eval/flac/LA_E_2760137.flac,16
/data/DATASETS/ASV_Spoof_2019_LA/ASVspoof2019_LA_eval/flac/LA_E_2760138.flac,16
/data/DATASETS/ASV_Spoof_2019_LA/ASVspoof2019_LA_eval/flac/LA_E_2761463.flac,16
/data/DATASETS/ASV_Spoof_2019_LA/ASVspoof2019_LA_eval/flac/LA_E_2765237.flac,16
/data/DATASETS/ASV_Spoof_2019_LA/ASVspoof2019_LA_eval/flac/LA_E_2768208.flac,16
/data/DATASETS/ASV_Spoof_2019_LA/ASVspoof2019_LA_eval/flac/LA_E_2769369.flac,16
/data/DATASETS/ASV_Spoof_2019_LA/ASVspoof2019_LA_eval/flac/LA_E_2771462.flac,16
/data/DATASETS/ASV_Spoof_2019_LA/ASVspoof2019_LA_eval/flac/LA_E_2774800.flac,16
/data/DATASETS/ASV_Spoof_2019_LA/ASVspoof2019_LA_eval/flac/LA_E_2776428.flac,16
/data/DATASETS/ASV_Spoof_2019_LA/ASVspoof2019_LA_eval/flac/LA_E_2777102.flac,16
/data/DATASETS/ASV_Spoof_2019_LA/ASVspoof2019_LA_eval/flac/LA_E_2779152.flac,16
/data/DATASETS/ASV_Spoof_2019_LA/ASVspoof2019_LA_eval/flac/LA_E_2783212.flac,16
/data/DATASETS/ASV_Spoof_2019_LA/ASVspoof2019_LA_eval/flac/LA_E_2783787.flac,16
/data/DATASETS/ASV_Spoof_2019_LA/ASVspoof2019_LA_eval/flac/LA_E_2785108.flac,16
/data/DATASETS/ASV_Spoof_2019_LA/ASVspoof2019_LA_eval/flac/LA_E_2785861.flac,16
/data/DATASETS/ASV_Spoof_2019_LA/ASVspoof2019_LA_eval/flac/LA_E_2786490.flac,16
/data/DATASETS/ASV_Spoof_2019_LA/ASVspoof2019_LA_eval/flac/LA_E_2790036.flac,16
/data/DATASETS/ASV_Spoof_2019_LA/ASVspoof2019_LA_eval/flac/LA_E_2791661.flac,16
/data/DATASETS/ASV_Spoof_2019_LA/ASVspoof2019_LA_eval/flac/LA_E_2793924.flac,16
/data/DATASETS/ASV_Spoof_2019_LA/ASVspoof2019_LA_eval/flac/LA_E_2795182.flac,16
/data/DATASETS/ASV_Spoof_2019_LA/ASVspoof2019_LA_eval/flac/LA_E_2795735.flac,16
/data/DATASETS/ASV_Spoof_2019_LA/ASVspoof2019_LA_eval/flac/LA_E_2798156.flac,16
/data/DATASETS/ASV_Spoof_2019_LA/ASVspoof2019_LA_eval/flac/LA_E_2799797.flac,16
/data/DATASETS/ASV_Spoof_2019_LA/ASVspoof2019_LA_eval/flac/LA_E_2801197.flac,16
/data/DATASETS/ASV_Spoof_2019_LA/ASVspoof2019_LA_eval/flac/LA_E_2805552.flac,16
/data/DATASETS/ASV_Spoof_2019_LA/ASVspoof2019_LA_eval/flac/LA_E_2805605.flac,16
/data/DATASETS/ASV_Spoof_2019_LA/ASVspoof2019_LA_eval/flac/LA_E_2805757.flac,16
/data/DATASETS/ASV_Spoof_2019_LA/ASVspoof2019_LA_eval/flac/LA_E_2806924.flac,16
/data/DATASETS/ASV_Spoof_2019_LA/ASVspoof2019_LA_eval/flac/LA_E_2807139.flac,16
/data/DATASETS/ASV_Spoof_2019_LA/ASVspoof2019_LA_eval/flac/LA_E_2809006.flac,16
/data/DATASETS/ASV_Spoof_2019_LA/ASVspoof2019_LA_eval/flac/LA_E_2813755.flac,16
/data/DATASETS/ASV_Spoof_2019_LA/ASVspoof2019_LA_eval/flac/LA_E_2814687.flac,16
/data/DATASETS/ASV_Spoof_2019_LA/ASVspoof2019_LA_eval/flac/LA_E_2815017.flac,16
/data/DATASETS/ASV_Spoof_2019_LA/ASVspoof2019_LA_eval/flac/LA_E_2816152.flac,16
/data/DATASETS/ASV_Spoof_2019_LA/ASVspoof2019_LA_eval/flac/LA_E_2816433.flac,16
/data/DATASETS/ASV_Spoof_2019_LA/ASVspoof2019_LA_eval/flac/LA_E_2816558.flac,16
/data/DATASETS/ASV_Spoof_2019_LA/ASVspoof2019_LA_eval/flac/LA_E_2818179.flac,16
/data/DATASETS/ASV_Spoof_2019_LA/ASVspoof2019_LA_eval/flac/LA_E_2819305.flac,16
/data/DATASETS/ASV_Spoof_2019_LA/ASVspoof2019_LA_eval/flac/LA_E_2819831.flac,16
/data/DATASETS/ASV_Spoof_2019_LA/ASVspoof2019_LA_eval/flac/LA_E_2822555.flac,16
/data/DATASETS/ASV_Spoof_2019_LA/ASVspoof2019_LA_eval/flac/LA_E_2823166.flac,16
/data/DATASETS/ASV_Spoof_2019_LA/ASVspoof2019_LA_eval/flac/LA_E_2824615.flac,16
/data/DATASETS/ASV_Spoof_2019_LA/ASVspoof2019_LA_eval/flac/LA_E_2825099.flac,16
/data/DATASETS/ASV_Spoof_2019_LA/ASVspoof2019_LA_eval/flac/LA_E_2825562.flac,16
/data/DATASETS/ASV_Spoof_2019_LA/ASVspoof2019_LA_eval/flac/LA_E_2826723.flac,16
/data/DATASETS/ASV_Spoof_2019_LA/ASVspoof2019_LA_eval/flac/LA_E_2829730.flac,16
/data/DATASETS/ASV_Spoof_2019_LA/ASVspoof2019_LA_eval/flac/LA_E_2832665.flac,16
/data/DATASETS/ASV_Spoof_2019_LA/ASVspoof2019_LA_eval/flac/LA_E_2833634.flac,16
/data/DATASETS/ASV_Spoof_2019_LA/ASVspoof2019_LA_eval/flac/LA_E_2838205.flac,16
/data/DATASETS/ASV_Spoof_2019_LA/ASVspoof2019_LA_eval/flac/LA_E_2840487.flac,16
/data/DATASETS/ASV_Spoof_2019_LA/ASVspoof2019_LA_eval/flac/LA_E_2844280.flac,16
/data/DATASETS/ASV_Spoof_2019_LA/ASVspoof2019_LA_eval/flac/LA_E_2844836.flac,16
/data/DATASETS/ASV_Spoof_2019_LA/ASVspoof2019_LA_eval/flac/LA_E_2846137.flac,16
/data/DATASETS/ASV_Spoof_2019_LA/ASVspoof2019_LA_eval/flac/LA_E_2846954.flac,16
/data/DATASETS/ASV_Spoof_2019_LA/ASVspoof2019_LA_eval/flac/LA_E_2848203.flac,16
/data/DATASETS/ASV_Spoof_2019_LA/ASVspoof2019_LA_eval/flac/LA_E_2850912.flac,16
/data/DATASETS/ASV_Spoof_2019_LA/ASVspoof2019_LA_eval/flac/LA_E_2855273.flac,16
/data/DATASETS/ASV_Spoof_2019_LA/ASVspoof2019_LA_eval/flac/LA_E_2856882.flac,16
/data/DATASETS/ASV_Spoof_2019_LA/ASVspoof2019_LA_eval/flac/LA_E_2858432.flac,16
/data/DATASETS/ASV_Spoof_2019_LA/ASVspoof2019_LA_eval/flac/LA_E_2865545.flac,16
/data/DATASETS/ASV_Spoof_2019_LA/ASVspoof2019_LA_eval/flac/LA_E_2866230.flac,16
/data/DATASETS/ASV_Spoof_2019_LA/ASVspoof2019_LA_eval/flac/LA_E_2867097.flac,16
/data/DATASETS/ASV_Spoof_2019_LA/ASVspoof2019_LA_eval/flac/LA_E_2868389.flac,16
/data/DATASETS/ASV_Spoof_2019_LA/ASVspoof2019_LA_eval/flac/LA_E_2869894.flac,16
/data/DATASETS/ASV_Spoof_2019_LA/ASVspoof2019_LA_eval/flac/LA_E_2870802.flac,16
/data/DATASETS/ASV_Spoof_2019_LA/ASVspoof2019_LA_eval/flac/LA_E_2871427.flac,16
/data/DATASETS/ASV_Spoof_2019_LA/ASVspoof2019_LA_eval/flac/LA_E_2871920.flac,16
/data/DATASETS/ASV_Spoof_2019_LA/ASVspoof2019_LA_eval/flac/LA_E_2872397.flac,16
/data/DATASETS/ASV_Spoof_2019_LA/ASVspoof2019_LA_eval/flac/LA_E_2875746.flac,16
/data/DATASETS/ASV_Spoof_2019_LA/ASVspoof2019_LA_eval/flac/LA_E_2878724.flac,16
/data/DATASETS/ASV_Spoof_2019_LA/ASVspoof2019_LA_eval/flac/LA_E_2883530.flac,16
/data/DATASETS/ASV_Spoof_2019_LA/ASVspoof2019_LA_eval/flac/LA_E_2884529.flac,16
/data/DATASETS/ASV_Spoof_2019_LA/ASVspoof2019_LA_eval/flac/LA_E_2887430.flac,16
/data/DATASETS/ASV_Spoof_2019_LA/ASVspoof2019_LA_eval/flac/LA_E_2887607.flac,16
/data/DATASETS/ASV_Spoof_2019_LA/ASVspoof2019_LA_eval/flac/LA_E_2891340.flac,16
/data/DATASETS/ASV_Spoof_2019_LA/ASVspoof2019_LA_eval/flac/LA_E_2892096.flac,16
/data/DATASETS/ASV_Spoof_2019_LA/ASVspoof2019_LA_eval/flac/LA_E_2893586.flac,16
/data/DATASETS/ASV_Spoof_2019_LA/ASVspoof2019_LA_eval/flac/LA_E_2893640.flac,16
/data/DATASETS/ASV_Spoof_2019_LA/ASVspoof2019_LA_eval/flac/LA_E_2893940.flac,16
/data/DATASETS/ASV_Spoof_2019_LA/ASVspoof2019_LA_eval/flac/LA_E_2896418.flac,16
/data/DATASETS/ASV_Spoof_2019_LA/ASVspoof2019_LA_eval/flac/LA_E_2897513.flac,16
/data/DATASETS/ASV_Spoof_2019_LA/ASVspoof2019_LA_eval/flac/LA_E_2899927.flac,16
/data/DATASETS/ASV_Spoof_2019_LA/ASVspoof2019_LA_eval/flac/LA_E_2901432.flac,16
/data/DATASETS/ASV_Spoof_2019_LA/ASVspoof2019_LA_eval/flac/LA_E_2901891.flac,16
/data/DATASETS/ASV_Spoof_2019_LA/ASVspoof2019_LA_eval/flac/LA_E_2902677.flac,16
/data/DATASETS/ASV_Spoof_2019_LA/ASVspoof2019_LA_eval/flac/LA_E_2903313.flac,16
/data/DATASETS/ASV_Spoof_2019_LA/ASVspoof2019_LA_eval/flac/LA_E_2906472.flac,16
/data/DATASETS/ASV_Spoof_2019_LA/ASVspoof2019_LA_eval/flac/LA_E_2909723.flac,16
/data/DATASETS/ASV_Spoof_2019_LA/ASVspoof2019_LA_eval/flac/LA_E_2913972.flac,16
/data/DATASETS/ASV_Spoof_2019_LA/ASVspoof2019_LA_eval/flac/LA_E_2915370.flac,16
/data/DATASETS/ASV_Spoof_2019_LA/ASVspoof2019_LA_eval/flac/LA_E_2922932.flac,16
/data/DATASETS/ASV_Spoof_2019_LA/ASVspoof2019_LA_eval/flac/LA_E_2924326.flac,16
/data/DATASETS/ASV_Spoof_2019_LA/ASVspoof2019_LA_eval/flac/LA_E_2926286.flac,16
/data/DATASETS/ASV_Spoof_2019_LA/ASVspoof2019_LA_eval/flac/LA_E_2932092.flac,16
/data/DATASETS/ASV_Spoof_2019_LA/ASVspoof2019_LA_eval/flac/LA_E_2933568.flac,16
/data/DATASETS/ASV_Spoof_2019_LA/ASVspoof2019_LA_eval/flac/LA_E_2938679.flac,16
/data/DATASETS/ASV_Spoof_2019_LA/ASVspoof2019_LA_eval/flac/LA_E_2939780.flac,16
/data/DATASETS/ASV_Spoof_2019_LA/ASVspoof2019_LA_eval/flac/LA_E_2941870.flac,16
/data/DATASETS/ASV_Spoof_2019_LA/ASVspoof2019_LA_eval/flac/LA_E_2944332.flac,16
/data/DATASETS/ASV_Spoof_2019_LA/ASVspoof2019_LA_eval/flac/LA_E_2948936.flac,16
/data/DATASETS/ASV_Spoof_2019_LA/ASVspoof2019_LA_eval/flac/LA_E_2950606.flac,16
/data/DATASETS/ASV_Spoof_2019_LA/ASVspoof2019_LA_eval/flac/LA_E_2953550.flac,16
/data/DATASETS/ASV_Spoof_2019_LA/ASVspoof2019_LA_eval/flac/LA_E_2954769.flac,16
/data/DATASETS/ASV_Spoof_2019_LA/ASVspoof2019_LA_eval/flac/LA_E_2956943.flac,16
/data/DATASETS/ASV_Spoof_2019_LA/ASVspoof2019_LA_eval/flac/LA_E_2962426.flac,16
/data/DATASETS/ASV_Spoof_2019_LA/ASVspoof2019_LA_eval/flac/LA_E_2965333.flac,16
/data/DATASETS/ASV_Spoof_2019_LA/ASVspoof2019_LA_eval/flac/LA_E_2967658.flac,16
/data/DATASETS/ASV_Spoof_2019_LA/ASVspoof2019_LA_eval/flac/LA_E_2970907.flac,16
/data/DATASETS/ASV_Spoof_2019_LA/ASVspoof2019_LA_eval/flac/LA_E_2971471.flac,16
/data/DATASETS/ASV_Spoof_2019_LA/ASVspoof2019_LA_eval/flac/LA_E_2973733.flac,16
/data/DATASETS/ASV_Spoof_2019_LA/ASVspoof2019_LA_eval/flac/LA_E_2974831.flac,16
/data/DATASETS/ASV_Spoof_2019_LA/ASVspoof2019_LA_eval/flac/LA_E_2975935.flac,16
/data/DATASETS/ASV_Spoof_2019_LA/ASVspoof2019_LA_eval/flac/LA_E_2976431.flac,16
/data/DATASETS/ASV_Spoof_2019_LA/ASVspoof2019_LA_eval/flac/LA_E_2978161.flac,16
/data/DATASETS/ASV_Spoof_2019_LA/ASVspoof2019_LA_eval/flac/LA_E_2978585.flac,16
/data/DATASETS/ASV_Spoof_2019_LA/ASVspoof2019_LA_eval/flac/LA_E_2982126.flac,16
/data/DATASETS/ASV_Spoof_2019_LA/ASVspoof2019_LA_eval/flac/LA_E_2982414.flac,16
/data/DATASETS/ASV_Spoof_2019_LA/ASVspoof2019_LA_eval/flac/LA_E_2983252.flac,16
/data/DATASETS/ASV_Spoof_2019_LA/ASVspoof2019_LA_eval/flac/LA_E_2987558.flac,16
/data/DATASETS/ASV_Spoof_2019_LA/ASVspoof2019_LA_eval/flac/LA_E_2990029.flac,16
/data/DATASETS/ASV_Spoof_2019_LA/ASVspoof2019_LA_eval/flac/LA_E_2991587.flac,16
/data/DATASETS/ASV_Spoof_2019_LA/ASVspoof2019_LA_eval/flac/LA_E_2993576.flac,16
/data/DATASETS/ASV_Spoof_2019_LA/ASVspoof2019_LA_eval/flac/LA_E_2999041.flac,16
/data/DATASETS/ASV_Spoof_2019_LA/ASVspoof2019_LA_eval/flac/LA_E_3000139.flac,16
/data/DATASETS/ASV_Spoof_2019_LA/ASVspoof2019_LA_eval/flac/LA_E_3002619.flac,16
/data/DATASETS/ASV_Spoof_2019_LA/ASVspoof2019_LA_eval/flac/LA_E_3004015.flac,16
/data/DATASETS/ASV_Spoof_2019_LA/ASVspoof2019_LA_eval/flac/LA_E_3005611.flac,16
/data/DATASETS/ASV_Spoof_2019_LA/ASVspoof2019_LA_eval/flac/LA_E_3008053.flac,16
/data/DATASETS/ASV_Spoof_2019_LA/ASVspoof2019_LA_eval/flac/LA_E_3008073.flac,16
/data/DATASETS/ASV_Spoof_2019_LA/ASVspoof2019_LA_eval/flac/LA_E_3009669.flac,16
/data/DATASETS/ASV_Spoof_2019_LA/ASVspoof2019_LA_eval/flac/LA_E_3010903.flac,16
/data/DATASETS/ASV_Spoof_2019_LA/ASVspoof2019_LA_eval/flac/LA_E_3013265.flac,16
/data/DATASETS/ASV_Spoof_2019_LA/ASVspoof2019_LA_eval/flac/LA_E_3013528.flac,16
/data/DATASETS/ASV_Spoof_2019_LA/ASVspoof2019_LA_eval/flac/LA_E_3014315.flac,16
/data/DATASETS/ASV_Spoof_2019_LA/ASVspoof2019_LA_eval/flac/LA_E_3016510.flac,16
/data/DATASETS/ASV_Spoof_2019_LA/ASVspoof2019_LA_eval/flac/LA_E_3019733.flac,16
/data/DATASETS/ASV_Spoof_2019_LA/ASVspoof2019_LA_eval/flac/LA_E_3026265.flac,16
/data/DATASETS/ASV_Spoof_2019_LA/ASVspoof2019_LA_eval/flac/LA_E_3032545.flac,16
/data/DATASETS/ASV_Spoof_2019_LA/ASVspoof2019_LA_eval/flac/LA_E_3036982.flac,16
/data/DATASETS/ASV_Spoof_2019_LA/ASVspoof2019_LA_eval/flac/LA_E_3038910.flac,16
/data/DATASETS/ASV_Spoof_2019_LA/ASVspoof2019_LA_eval/flac/LA_E_3040907.flac,16
/data/DATASETS/ASV_Spoof_2019_LA/ASVspoof2019_LA_eval/flac/LA_E_3043730.flac,16
/data/DATASETS/ASV_Spoof_2019_LA/ASVspoof2019_LA_eval/flac/LA_E_3044004.flac,16
/data/DATASETS/ASV_Spoof_2019_LA/ASVspoof2019_LA_eval/flac/LA_E_3044124.flac,16
/data/DATASETS/ASV_Spoof_2019_LA/ASVspoof2019_LA_eval/flac/LA_E_3045934.flac,16
/data/DATASETS/ASV_Spoof_2019_LA/ASVspoof2019_LA_eval/flac/LA_E_3047676.flac,16
/data/DATASETS/ASV_Spoof_2019_LA/ASVspoof2019_LA_eval/flac/LA_E_3053431.flac,16
/data/DATASETS/ASV_Spoof_2019_LA/ASVspoof2019_LA_eval/flac/LA_E_3055988.flac,16
/data/DATASETS/ASV_Spoof_2019_LA/ASVspoof2019_LA_eval/flac/LA_E_3056081.flac,16
/data/DATASETS/ASV_Spoof_2019_LA/ASVspoof2019_LA_eval/flac/LA_E_3059434.flac,16
/data/DATASETS/ASV_Spoof_2019_LA/ASVspoof2019_LA_eval/flac/LA_E_3061511.flac,16
/data/DATASETS/ASV_Spoof_2019_LA/ASVspoof2019_LA_eval/flac/LA_E_3061845.flac,16
/data/DATASETS/ASV_Spoof_2019_LA/ASVspoof2019_LA_eval/flac/LA_E_3065156.flac,16
/data/DATASETS/ASV_Spoof_2019_LA/ASVspoof2019_LA_eval/flac/LA_E_3070725.flac,16
/data/DATASETS/ASV_Spoof_2019_LA/ASVspoof2019_LA_eval/flac/LA_E_3071644.flac,16
/data/DATASETS/ASV_Spoof_2019_LA/ASVspoof2019_LA_eval/flac/LA_E_3071807.flac,16
/data/DATASETS/ASV_Spoof_2019_LA/ASVspoof2019_LA_eval/flac/LA_E_3073237.flac,16
/data/DATASETS/ASV_Spoof_2019_LA/ASVspoof2019_LA_eval/flac/LA_E_3075598.flac,16
/data/DATASETS/ASV_Spoof_2019_LA/ASVspoof2019_LA_eval/flac/LA_E_3076457.flac,16
/data/DATASETS/ASV_Spoof_2019_LA/ASVspoof2019_LA_eval/flac/LA_E_3078980.flac,16
/data/DATASETS/ASV_Spoof_2019_LA/ASVspoof2019_LA_eval/flac/LA_E_3080776.flac,16
/data/DATASETS/ASV_Spoof_2019_LA/ASVspoof2019_LA_eval/flac/LA_E_3080813.flac,16
/data/DATASETS/ASV_Spoof_2019_LA/ASVspoof2019_LA_eval/flac/LA_E_3082851.flac,16
/data/DATASETS/ASV_Spoof_2019_LA/ASVspoof2019_LA_eval/flac/LA_E_3083134.flac,16
/data/DATASETS/ASV_Spoof_2019_LA/ASVspoof2019_LA_eval/flac/LA_E_3086964.flac,16
/data/DATASETS/ASV_Spoof_2019_LA/ASVspoof2019_LA_eval/flac/LA_E_3087680.flac,16
/data/DATASETS/ASV_Spoof_2019_LA/ASVspoof2019_LA_eval/flac/LA_E_3087809.flac,16
/data/DATASETS/ASV_Spoof_2019_LA/ASVspoof2019_LA_eval/flac/LA_E_3090893.flac,16
/data/DATASETS/ASV_Spoof_2019_LA/ASVspoof2019_LA_eval/flac/LA_E_3092056.flac,16
/data/DATASETS/ASV_Spoof_2019_LA/ASVspoof2019_LA_eval/flac/LA_E_3092703.flac,16
/data/DATASETS/ASV_Spoof_2019_LA/ASVspoof2019_LA_eval/flac/LA_E_3096486.flac,16
/data/DATASETS/ASV_Spoof_2019_LA/ASVspoof2019_LA_eval/flac/LA_E_3098591.flac,16
/data/DATASETS/ASV_Spoof_2019_LA/ASVspoof2019_LA_eval/flac/LA_E_3099929.flac,16
/data/DATASETS/ASV_Spoof_2019_LA/ASVspoof2019_LA_eval/flac/LA_E_3101350.flac,16
/data/DATASETS/ASV_Spoof_2019_LA/ASVspoof2019_LA_eval/flac/LA_E_3104052.flac,16
/data/DATASETS/ASV_Spoof_2019_LA/ASVspoof2019_LA_eval/flac/LA_E_3104600.flac,16
/data/DATASETS/ASV_Spoof_2019_LA/ASVspoof2019_LA_eval/flac/LA_E_3106977.flac,16
/data/DATASETS/ASV_Spoof_2019_LA/ASVspoof2019_LA_eval/flac/LA_E_3111623.flac,16
/data/DATASETS/ASV_Spoof_2019_LA/ASVspoof2019_LA_eval/flac/LA_E_3117577.flac,16
/data/DATASETS/ASV_Spoof_2019_LA/ASVspoof2019_LA_eval/flac/LA_E_3118347.flac,16
/data/DATASETS/ASV_Spoof_2019_LA/ASVspoof2019_LA_eval/flac/LA_E_3118482.flac,16
/data/DATASETS/ASV_Spoof_2019_LA/ASVspoof2019_LA_eval/flac/LA_E_3121544.flac,16
/data/DATASETS/ASV_Spoof_2019_LA/ASVspoof2019_LA_eval/flac/LA_E_3122714.flac,16
/data/DATASETS/ASV_Spoof_2019_LA/ASVspoof2019_LA_eval/flac/LA_E_3125786.flac,16
/data/DATASETS/ASV_Spoof_2019_LA/ASVspoof2019_LA_eval/flac/LA_E_3125838.flac,16
/data/DATASETS/ASV_Spoof_2019_LA/ASVspoof2019_LA_eval/flac/LA_E_3130267.flac,16
/data/DATASETS/ASV_Spoof_2019_LA/ASVspoof2019_LA_eval/flac/LA_E_3131186.flac,16
/data/DATASETS/ASV_Spoof_2019_LA/ASVspoof2019_LA_eval/flac/LA_E_3133587.flac,16
/data/DATASETS/ASV_Spoof_2019_LA/ASVspoof2019_LA_eval/flac/LA_E_3135366.flac,16
/data/DATASETS/ASV_Spoof_2019_LA/ASVspoof2019_LA_eval/flac/LA_E_3135443.flac,16
/data/DATASETS/ASV_Spoof_2019_LA/ASVspoof2019_LA_eval/flac/LA_E_3135507.flac,16
/data/DATASETS/ASV_Spoof_2019_LA/ASVspoof2019_LA_eval/flac/LA_E_3137523.flac,16
/data/DATASETS/ASV_Spoof_2019_LA/ASVspoof2019_LA_eval/flac/LA_E_3138494.flac,16
/data/DATASETS/ASV_Spoof_2019_LA/ASVspoof2019_LA_eval/flac/LA_E_3143189.flac,16
/data/DATASETS/ASV_Spoof_2019_LA/ASVspoof2019_LA_eval/flac/LA_E_3143537.flac,16
/data/DATASETS/ASV_Spoof_2019_LA/ASVspoof2019_LA_eval/flac/LA_E_3143630.flac,16
/data/DATASETS/ASV_Spoof_2019_LA/ASVspoof2019_LA_eval/flac/LA_E_3145662.flac,16
/data/DATASETS/ASV_Spoof_2019_LA/ASVspoof2019_LA_eval/flac/LA_E_3152810.flac,16
/data/DATASETS/ASV_Spoof_2019_LA/ASVspoof2019_LA_eval/flac/LA_E_3152838.flac,16
/data/DATASETS/ASV_Spoof_2019_LA/ASVspoof2019_LA_eval/flac/LA_E_3154660.flac,16
/data/DATASETS/ASV_Spoof_2019_LA/ASVspoof2019_LA_eval/flac/LA_E_3156153.flac,16
/data/DATASETS/ASV_Spoof_2019_LA/ASVspoof2019_LA_eval/flac/LA_E_3157197.flac,16
/data/DATASETS/ASV_Spoof_2019_LA/ASVspoof2019_LA_eval/flac/LA_E_3157677.flac,16
/data/DATASETS/ASV_Spoof_2019_LA/ASVspoof2019_LA_eval/flac/LA_E_3158404.flac,16
/data/DATASETS/ASV_Spoof_2019_LA/ASVspoof2019_LA_eval/flac/LA_E_3158492.flac,16
/data/DATASETS/ASV_Spoof_2019_LA/ASVspoof2019_LA_eval/flac/LA_E_3163471.flac,16
/data/DATASETS/ASV_Spoof_2019_LA/ASVspoof2019_LA_eval/flac/LA_E_3169320.flac,16
/data/DATASETS/ASV_Spoof_2019_LA/ASVspoof2019_LA_eval/flac/LA_E_3169614.flac,16
/data/DATASETS/ASV_Spoof_2019_LA/ASVspoof2019_LA_eval/flac/LA_E_3172373.flac,16
/data/DATASETS/ASV_Spoof_2019_LA/ASVspoof2019_LA_eval/flac/LA_E_3173879.flac,16
/data/DATASETS/ASV_Spoof_2019_LA/ASVspoof2019_LA_eval/flac/LA_E_3175109.flac,16
/data/DATASETS/ASV_Spoof_2019_LA/ASVspoof2019_LA_eval/flac/LA_E_3175278.flac,16
/data/DATASETS/ASV_Spoof_2019_LA/ASVspoof2019_LA_eval/flac/LA_E_3177069.flac,16
/data/DATASETS/ASV_Spoof_2019_LA/ASVspoof2019_LA_eval/flac/LA_E_3177152.flac,16
/data/DATASETS/ASV_Spoof_2019_LA/ASVspoof2019_LA_eval/flac/LA_E_3177415.flac,16
/data/DATASETS/ASV_Spoof_2019_LA/ASVspoof2019_LA_eval/flac/LA_E_3177751.flac,16
/data/DATASETS/ASV_Spoof_2019_LA/ASVspoof2019_LA_eval/flac/LA_E_3180196.flac,16
/data/DATASETS/ASV_Spoof_2019_LA/ASVspoof2019_LA_eval/flac/LA_E_3181992.flac,16
/data/DATASETS/ASV_Spoof_2019_LA/ASVspoof2019_LA_eval/flac/LA_E_3182151.flac,16
/data/DATASETS/ASV_Spoof_2019_LA/ASVspoof2019_LA_eval/flac/LA_E_3182297.flac,16
/data/DATASETS/ASV_Spoof_2019_LA/ASVspoof2019_LA_eval/flac/LA_E_3183124.flac,16
/data/DATASETS/ASV_Spoof_2019_LA/ASVspoof2019_LA_eval/flac/LA_E_3183278.flac,16
/data/DATASETS/ASV_Spoof_2019_LA/ASVspoof2019_LA_eval/flac/LA_E_3189904.flac,16
/data/DATASETS/ASV_Spoof_2019_LA/ASVspoof2019_LA_eval/flac/LA_E_3190390.flac,16
/data/DATASETS/ASV_Spoof_2019_LA/ASVspoof2019_LA_eval/flac/LA_E_3193117.flac,16
/data/DATASETS/ASV_Spoof_2019_LA/ASVspoof2019_LA_eval/flac/LA_E_3193384.flac,16
/data/DATASETS/ASV_Spoof_2019_LA/ASVspoof2019_LA_eval/flac/LA_E_3196350.flac,16
/data/DATASETS/ASV_Spoof_2019_LA/ASVspoof2019_LA_eval/flac/LA_E_3197398.flac,16
/data/DATASETS/ASV_Spoof_2019_LA/ASVspoof2019_LA_eval/flac/LA_E_3201053.flac,16
/data/DATASETS/ASV_Spoof_2019_LA/ASVspoof2019_LA_eval/flac/LA_E_3201068.flac,16
/data/DATASETS/ASV_Spoof_2019_LA/ASVspoof2019_LA_eval/flac/LA_E_3201158.flac,16
/data/DATASETS/ASV_Spoof_2019_LA/ASVspoof2019_LA_eval/flac/LA_E_3203396.flac,16
/data/DATASETS/ASV_Spoof_2019_LA/ASVspoof2019_LA_eval/flac/LA_E_3204208.flac,16
/data/DATASETS/ASV_Spoof_2019_LA/ASVspoof2019_LA_eval/flac/LA_E_3207210.flac,16
/data/DATASETS/ASV_Spoof_2019_LA/ASVspoof2019_LA_eval/flac/LA_E_3209589.flac,16
/data/DATASETS/ASV_Spoof_2019_LA/ASVspoof2019_LA_eval/flac/LA_E_3211475.flac,16
/data/DATASETS/ASV_Spoof_2019_LA/ASVspoof2019_LA_eval/flac/LA_E_3214701.flac,16
/data/DATASETS/ASV_Spoof_2019_LA/ASVspoof2019_LA_eval/flac/LA_E_3215825.flac,16
/data/DATASETS/ASV_Spoof_2019_LA/ASVspoof2019_LA_eval/flac/LA_E_3219211.flac,16
/data/DATASETS/ASV_Spoof_2019_LA/ASVspoof2019_LA_eval/flac/LA_E_3220575.flac,16
/data/DATASETS/ASV_Spoof_2019_LA/ASVspoof2019_LA_eval/flac/LA_E_3222483.flac,16
/data/DATASETS/ASV_Spoof_2019_LA/ASVspoof2019_LA_eval/flac/LA_E_3222734.flac,16
/data/DATASETS/ASV_Spoof_2019_LA/ASVspoof2019_LA_eval/flac/LA_E_3223344.flac,16
/data/DATASETS/ASV_Spoof_2019_LA/ASVspoof2019_LA_eval/flac/LA_E_3224209.flac,16
/data/DATASETS/ASV_Spoof_2019_LA/ASVspoof2019_LA_eval/flac/LA_E_3225646.flac,16
/data/DATASETS/ASV_Spoof_2019_LA/ASVspoof2019_LA_eval/flac/LA_E_3225923.flac,16
/data/DATASETS/ASV_Spoof_2019_LA/ASVspoof2019_LA_eval/flac/LA_E_3226264.flac,16
/data/DATASETS/ASV_Spoof_2019_LA/ASVspoof2019_LA_eval/flac/LA_E_3233819.flac,16
/data/DATASETS/ASV_Spoof_2019_LA/ASVspoof2019_LA_eval/flac/LA_E_3233936.flac,16
/data/DATASETS/ASV_Spoof_2019_LA/ASVspoof2019_LA_eval/flac/LA_E_3233998.flac,16
/data/DATASETS/ASV_Spoof_2019_LA/ASVspoof2019_LA_eval/flac/LA_E_3235060.flac,16
/data/DATASETS/ASV_Spoof_2019_LA/ASVspoof2019_LA_eval/flac/LA_E_3236450.flac,16
/data/DATASETS/ASV_Spoof_2019_LA/ASVspoof2019_LA_eval/flac/LA_E_3240490.flac,16
/data/DATASETS/ASV_Spoof_2019_LA/ASVspoof2019_LA_eval/flac/LA_E_3241883.flac,16
/data/DATASETS/ASV_Spoof_2019_LA/ASVspoof2019_LA_eval/flac/LA_E_3242146.flac,16
/data/DATASETS/ASV_Spoof_2019_LA/ASVspoof2019_LA_eval/flac/LA_E_3242274.flac,16
/data/DATASETS/ASV_Spoof_2019_LA/ASVspoof2019_LA_eval/flac/LA_E_3242308.flac,16
/data/DATASETS/ASV_Spoof_2019_LA/ASVspoof2019_LA_eval/flac/LA_E_3243918.flac,16
/data/DATASETS/ASV_Spoof_2019_LA/ASVspoof2019_LA_eval/flac/LA_E_3247641.flac,16
/data/DATASETS/ASV_Spoof_2019_LA/ASVspoof2019_LA_eval/flac/LA_E_3249103.flac,16
/data/DATASETS/ASV_Spoof_2019_LA/ASVspoof2019_LA_eval/flac/LA_E_3252407.flac,16
/data/DATASETS/ASV_Spoof_2019_LA/ASVspoof2019_LA_eval/flac/LA_E_3252530.flac,16
/data/DATASETS/ASV_Spoof_2019_LA/ASVspoof2019_LA_eval/flac/LA_E_3258142.flac,16
/data/DATASETS/ASV_Spoof_2019_LA/ASVspoof2019_LA_eval/flac/LA_E_3258389.flac,16
/data/DATASETS/ASV_Spoof_2019_LA/ASVspoof2019_LA_eval/flac/LA_E_3258935.flac,16
/data/DATASETS/ASV_Spoof_2019_LA/ASVspoof2019_LA_eval/flac/LA_E_3263968.flac,16
/data/DATASETS/ASV_Spoof_2019_LA/ASVspoof2019_LA_eval/flac/LA_E_3264129.flac,16
/data/DATASETS/ASV_Spoof_2019_LA/ASVspoof2019_LA_eval/flac/LA_E_3265563.flac,16
/data/DATASETS/ASV_Spoof_2019_LA/ASVspoof2019_LA_eval/flac/LA_E_3266161.flac,16
/data/DATASETS/ASV_Spoof_2019_LA/ASVspoof2019_LA_eval/flac/LA_E_3279666.flac,16
/data/DATASETS/ASV_Spoof_2019_LA/ASVspoof2019_LA_eval/flac/LA_E_3280186.flac,16
/data/DATASETS/ASV_Spoof_2019_LA/ASVspoof2019_LA_eval/flac/LA_E_3281870.flac,16
/data/DATASETS/ASV_Spoof_2019_LA/ASVspoof2019_LA_eval/flac/LA_E_3282339.flac,16
/data/DATASETS/ASV_Spoof_2019_LA/ASVspoof2019_LA_eval/flac/LA_E_3282377.flac,16
/data/DATASETS/ASV_Spoof_2019_LA/ASVspoof2019_LA_eval/flac/LA_E_3282543.flac,16
/data/DATASETS/ASV_Spoof_2019_LA/ASVspoof2019_LA_eval/flac/LA_E_3288108.flac,16
/data/DATASETS/ASV_Spoof_2019_LA/ASVspoof2019_LA_eval/flac/LA_E_3289636.flac,16
/data/DATASETS/ASV_Spoof_2019_LA/ASVspoof2019_LA_eval/flac/LA_E_3292866.flac,16
/data/DATASETS/ASV_Spoof_2019_LA/ASVspoof2019_LA_eval/flac/LA_E_3294158.flac,16
/data/DATASETS/ASV_Spoof_2019_LA/ASVspoof2019_LA_eval/flac/LA_E_3295389.flac,16
/data/DATASETS/ASV_Spoof_2019_LA/ASVspoof2019_LA_eval/flac/LA_E_3299849.flac,16
/data/DATASETS/ASV_Spoof_2019_LA/ASVspoof2019_LA_eval/flac/LA_E_3300382.flac,16
/data/DATASETS/ASV_Spoof_2019_LA/ASVspoof2019_LA_eval/flac/LA_E_3301934.flac,16
/data/DATASETS/ASV_Spoof_2019_LA/ASVspoof2019_LA_eval/flac/LA_E_3302572.flac,16
/data/DATASETS/ASV_Spoof_2019_LA/ASVspoof2019_LA_eval/flac/LA_E_3304406.flac,16
/data/DATASETS/ASV_Spoof_2019_LA/ASVspoof2019_LA_eval/flac/LA_E_3305008.flac,16
/data/DATASETS/ASV_Spoof_2019_LA/ASVspoof2019_LA_eval/flac/LA_E_3310807.flac,16
/data/DATASETS/ASV_Spoof_2019_LA/ASVspoof2019_LA_eval/flac/LA_E_3311139.flac,16
/data/DATASETS/ASV_Spoof_2019_LA/ASVspoof2019_LA_eval/flac/LA_E_3311567.flac,16
/data/DATASETS/ASV_Spoof_2019_LA/ASVspoof2019_LA_eval/flac/LA_E_3314390.flac,16
/data/DATASETS/ASV_Spoof_2019_LA/ASVspoof2019_LA_eval/flac/LA_E_3327485.flac,16
/data/DATASETS/ASV_Spoof_2019_LA/ASVspoof2019_LA_eval/flac/LA_E_3327863.flac,16
/data/DATASETS/ASV_Spoof_2019_LA/ASVspoof2019_LA_eval/flac/LA_E_3329918.flac,16
/data/DATASETS/ASV_Spoof_2019_LA/ASVspoof2019_LA_eval/flac/LA_E_3333876.flac,16
/data/DATASETS/ASV_Spoof_2019_LA/ASVspoof2019_LA_eval/flac/LA_E_3334050.flac,16
/data/DATASETS/ASV_Spoof_2019_LA/ASVspoof2019_LA_eval/flac/LA_E_3343636.flac,16
/data/DATASETS/ASV_Spoof_2019_LA/ASVspoof2019_LA_eval/flac/LA_E_3344061.flac,16
/data/DATASETS/ASV_Spoof_2019_LA/ASVspoof2019_LA_eval/flac/LA_E_3344458.flac,16
/data/DATASETS/ASV_Spoof_2019_LA/ASVspoof2019_LA_eval/flac/LA_E_3345305.flac,16
/data/DATASETS/ASV_Spoof_2019_LA/ASVspoof2019_LA_eval/flac/LA_E_3345393.flac,16
/data/DATASETS/ASV_Spoof_2019_LA/ASVspoof2019_LA_eval/flac/LA_E_3349141.flac,16
/data/DATASETS/ASV_Spoof_2019_LA/ASVspoof2019_LA_eval/flac/LA_E_3350189.flac,16
/data/DATASETS/ASV_Spoof_2019_LA/ASVspoof2019_LA_eval/flac/LA_E_3350456.flac,16
/data/DATASETS/ASV_Spoof_2019_LA/ASVspoof2019_LA_eval/flac/LA_E_3353933.flac,16
/data/DATASETS/ASV_Spoof_2019_LA/ASVspoof2019_LA_eval/flac/LA_E_3356880.flac,16
/data/DATASETS/ASV_Spoof_2019_LA/ASVspoof2019_LA_eval/flac/LA_E_3358621.flac,16
/data/DATASETS/ASV_Spoof_2019_LA/ASVspoof2019_LA_eval/flac/LA_E_3360622.flac,16
/data/DATASETS/ASV_Spoof_2019_LA/ASVspoof2019_LA_eval/flac/LA_E_3360805.flac,16
/data/DATASETS/ASV_Spoof_2019_LA/ASVspoof2019_LA_eval/flac/LA_E_3360981.flac,16
/data/DATASETS/ASV_Spoof_2019_LA/ASVspoof2019_LA_eval/flac/LA_E_3363189.flac,16
/data/DATASETS/ASV_Spoof_2019_LA/ASVspoof2019_LA_eval/flac/LA_E_3368262.flac,16
/data/DATASETS/ASV_Spoof_2019_LA/ASVspoof2019_LA_eval/flac/LA_E_3370988.flac,16
/data/DATASETS/ASV_Spoof_2019_LA/ASVspoof2019_LA_eval/flac/LA_E_3373759.flac,16
/data/DATASETS/ASV_Spoof_2019_LA/ASVspoof2019_LA_eval/flac/LA_E_3374044.flac,16
/data/DATASETS/ASV_Spoof_2019_LA/ASVspoof2019_LA_eval/flac/LA_E_3374286.flac,16
/data/DATASETS/ASV_Spoof_2019_LA/ASVspoof2019_LA_eval/flac/LA_E_3374864.flac,16
/data/DATASETS/ASV_Spoof_2019_LA/ASVspoof2019_LA_eval/flac/LA_E_3379086.flac,16
/data/DATASETS/ASV_Spoof_2019_LA/ASVspoof2019_LA_eval/flac/LA_E_3381658.flac,16
/data/DATASETS/ASV_Spoof_2019_LA/ASVspoof2019_LA_eval/flac/LA_E_3381907.flac,16
/data/DATASETS/ASV_Spoof_2019_LA/ASVspoof2019_LA_eval/flac/LA_E_3388748.flac,16
/data/DATASETS/ASV_Spoof_2019_LA/ASVspoof2019_LA_eval/flac/LA_E_3394031.flac,16
/data/DATASETS/ASV_Spoof_2019_LA/ASVspoof2019_LA_eval/flac/LA_E_3397817.flac,16
/data/DATASETS/ASV_Spoof_2019_LA/ASVspoof2019_LA_eval/flac/LA_E_3400664.flac,16
/data/DATASETS/ASV_Spoof_2019_LA/ASVspoof2019_LA_eval/flac/LA_E_3402157.flac,16
/data/DATASETS/ASV_Spoof_2019_LA/ASVspoof2019_LA_eval/flac/LA_E_3402308.flac,16
/data/DATASETS/ASV_Spoof_2019_LA/ASVspoof2019_LA_eval/flac/LA_E_3405083.flac,16
/data/DATASETS/ASV_Spoof_2019_LA/ASVspoof2019_LA_eval/flac/LA_E_3405556.flac,16
/data/DATASETS/ASV_Spoof_2019_LA/ASVspoof2019_LA_eval/flac/LA_E_3406800.flac,16
/data/DATASETS/ASV_Spoof_2019_LA/ASVspoof2019_LA_eval/flac/LA_E_3409135.flac,16
/data/DATASETS/ASV_Spoof_2019_LA/ASVspoof2019_LA_eval/flac/LA_E_3415706.flac,16
/data/DATASETS/ASV_Spoof_2019_LA/ASVspoof2019_LA_eval/flac/LA_E_3417397.flac,16
/data/DATASETS/ASV_Spoof_2019_LA/ASVspoof2019_LA_eval/flac/LA_E_3420908.flac,16
/data/DATASETS/ASV_Spoof_2019_LA/ASVspoof2019_LA_eval/flac/LA_E_3422297.flac,16
/data/DATASETS/ASV_Spoof_2019_LA/ASVspoof2019_LA_eval/flac/LA_E_3423947.flac,16
/data/DATASETS/ASV_Spoof_2019_LA/ASVspoof2019_LA_eval/flac/LA_E_3424730.flac,16
/data/DATASETS/ASV_Spoof_2019_LA/ASVspoof2019_LA_eval/flac/LA_E_3428510.flac,16
/data/DATASETS/ASV_Spoof_2019_LA/ASVspoof2019_LA_eval/flac/LA_E_3429135.flac,16
/data/DATASETS/ASV_Spoof_2019_LA/ASVspoof2019_LA_eval/flac/LA_E_3429987.flac,16
/data/DATASETS/ASV_Spoof_2019_LA/ASVspoof2019_LA_eval/flac/LA_E_3431545.flac,16
/data/DATASETS/ASV_Spoof_2019_LA/ASVspoof2019_LA_eval/flac/LA_E_3433859.flac,16
/data/DATASETS/ASV_Spoof_2019_LA/ASVspoof2019_LA_eval/flac/LA_E_3436529.flac,16
/data/DATASETS/ASV_Spoof_2019_LA/ASVspoof2019_LA_eval/flac/LA_E_3438125.flac,16
/data/DATASETS/ASV_Spoof_2019_LA/ASVspoof2019_LA_eval/flac/LA_E_3440412.flac,16
/data/DATASETS/ASV_Spoof_2019_LA/ASVspoof2019_LA_eval/flac/LA_E_3442891.flac,16
/data/DATASETS/ASV_Spoof_2019_LA/ASVspoof2019_LA_eval/flac/LA_E_3444076.flac,16
/data/DATASETS/ASV_Spoof_2019_LA/ASVspoof2019_LA_eval/flac/LA_E_3444942.flac,16
/data/DATASETS/ASV_Spoof_2019_LA/ASVspoof2019_LA_eval/flac/LA_E_3449794.flac,16
/data/DATASETS/ASV_Spoof_2019_LA/ASVspoof2019_LA_eval/flac/LA_E_3453110.flac,16
/data/DATASETS/ASV_Spoof_2019_LA/ASVspoof2019_LA_eval/flac/LA_E_3453148.flac,16
/data/DATASETS/ASV_Spoof_2019_LA/ASVspoof2019_LA_eval/flac/LA_E_3453822.flac,16
/data/DATASETS/ASV_Spoof_2019_LA/ASVspoof2019_LA_eval/flac/LA_E_3454076.flac,16
/data/DATASETS/ASV_Spoof_2019_LA/ASVspoof2019_LA_eval/flac/LA_E_3454558.flac,16
/data/DATASETS/ASV_Spoof_2019_LA/ASVspoof2019_LA_eval/flac/LA_E_3454792.flac,16
/data/DATASETS/ASV_Spoof_2019_LA/ASVspoof2019_LA_eval/flac/LA_E_3458456.flac,16
/data/DATASETS/ASV_Spoof_2019_LA/ASVspoof2019_LA_eval/flac/LA_E_3458478.flac,16
/data/DATASETS/ASV_Spoof_2019_LA/ASVspoof2019_LA_eval/flac/LA_E_3460491.flac,16
/data/DATASETS/ASV_Spoof_2019_LA/ASVspoof2019_LA_eval/flac/LA_E_3463079.flac,16
/data/DATASETS/ASV_Spoof_2019_LA/ASVspoof2019_LA_eval/flac/LA_E_3463863.flac,16
/data/DATASETS/ASV_Spoof_2019_LA/ASVspoof2019_LA_eval/flac/LA_E_3466361.flac,16
/data/DATASETS/ASV_Spoof_2019_LA/ASVspoof2019_LA_eval/flac/LA_E_3469419.flac,16
/data/DATASETS/ASV_Spoof_2019_LA/ASVspoof2019_LA_eval/flac/LA_E_3469460.flac,16
/data/DATASETS/ASV_Spoof_2019_LA/ASVspoof2019_LA_eval/flac/LA_E_3474236.flac,16
/data/DATASETS/ASV_Spoof_2019_LA/ASVspoof2019_LA_eval/flac/LA_E_3475111.flac,16
/data/DATASETS/ASV_Spoof_2019_LA/ASVspoof2019_LA_eval/flac/LA_E_3479038.flac,16
/data/DATASETS/ASV_Spoof_2019_LA/ASVspoof2019_LA_eval/flac/LA_E_3483036.flac,16
/data/DATASETS/ASV_Spoof_2019_LA/ASVspoof2019_LA_eval/flac/LA_E_3483187.flac,16
/data/DATASETS/ASV_Spoof_2019_LA/ASVspoof2019_LA_eval/flac/LA_E_3484726.flac,16
/data/DATASETS/ASV_Spoof_2019_LA/ASVspoof2019_LA_eval/flac/LA_E_3484998.flac,16
/data/DATASETS/ASV_Spoof_2019_LA/ASVspoof2019_LA_eval/flac/LA_E_3485094.flac,16
/data/DATASETS/ASV_Spoof_2019_LA/ASVspoof2019_LA_eval/flac/LA_E_3485223.flac,16
/data/DATASETS/ASV_Spoof_2019_LA/ASVspoof2019_LA_eval/flac/LA_E_3486249.flac,16
/data/DATASETS/ASV_Spoof_2019_LA/ASVspoof2019_LA_eval/flac/LA_E_3493441.flac,16
/data/DATASETS/ASV_Spoof_2019_LA/ASVspoof2019_LA_eval/flac/LA_E_3498353.flac,16
/data/DATASETS/ASV_Spoof_2019_LA/ASVspoof2019_LA_eval/flac/LA_E_3499225.flac,16
/data/DATASETS/ASV_Spoof_2019_LA/ASVspoof2019_LA_eval/flac/LA_E_3501508.flac,16
/data/DATASETS/ASV_Spoof_2019_LA/ASVspoof2019_LA_eval/flac/LA_E_3501690.flac,16
/data/DATASETS/ASV_Spoof_2019_LA/ASVspoof2019_LA_eval/flac/LA_E_3502724.flac,16
/data/DATASETS/ASV_Spoof_2019_LA/ASVspoof2019_LA_eval/flac/LA_E_3507583.flac,16
/data/DATASETS/ASV_Spoof_2019_LA/ASVspoof2019_LA_eval/flac/LA_E_3511938.flac,16
/data/DATASETS/ASV_Spoof_2019_LA/ASVspoof2019_LA_eval/flac/LA_E_3512301.flac,16
/data/DATASETS/ASV_Spoof_2019_LA/ASVspoof2019_LA_eval/flac/LA_E_3512718.flac,16
/data/DATASETS/ASV_Spoof_2019_LA/ASVspoof2019_LA_eval/flac/LA_E_3512848.flac,16
/data/DATASETS/ASV_Spoof_2019_LA/ASVspoof2019_LA_eval/flac/LA_E_3513207.flac,16
/data/DATASETS/ASV_Spoof_2019_LA/ASVspoof2019_LA_eval/flac/LA_E_3514415.flac,16
/data/DATASETS/ASV_Spoof_2019_LA/ASVspoof2019_LA_eval/flac/LA_E_3518585.flac,16
/data/DATASETS/ASV_Spoof_2019_LA/ASVspoof2019_LA_eval/flac/LA_E_3524991.flac,16
/data/DATASETS/ASV_Spoof_2019_LA/ASVspoof2019_LA_eval/flac/LA_E_3525976.flac,16
/data/DATASETS/ASV_Spoof_2019_LA/ASVspoof2019_LA_eval/flac/LA_E_3529845.flac,16
/data/DATASETS/ASV_Spoof_2019_LA/ASVspoof2019_LA_eval/flac/LA_E_3530535.flac,16
/data/DATASETS/ASV_Spoof_2019_LA/ASVspoof2019_LA_eval/flac/LA_E_3534888.flac,16
/data/DATASETS/ASV_Spoof_2019_LA/ASVspoof2019_LA_eval/flac/LA_E_3535302.flac,16
/data/DATASETS/ASV_Spoof_2019_LA/ASVspoof2019_LA_eval/flac/LA_E_3538749.flac,16
/data/DATASETS/ASV_Spoof_2019_LA/ASVspoof2019_LA_eval/flac/LA_E_3543209.flac,16
/data/DATASETS/ASV_Spoof_2019_LA/ASVspoof2019_LA_eval/flac/LA_E_3545875.flac,16
/data/DATASETS/ASV_Spoof_2019_LA/ASVspoof2019_LA_eval/flac/LA_E_3546101.flac,16
/data/DATASETS/ASV_Spoof_2019_LA/ASVspoof2019_LA_eval/flac/LA_E_3548696.flac,16
/data/DATASETS/ASV_Spoof_2019_LA/ASVspoof2019_LA_eval/flac/LA_E_3549370.flac,16
/data/DATASETS/ASV_Spoof_2019_LA/ASVspoof2019_LA_eval/flac/LA_E_3550818.flac,16
/data/DATASETS/ASV_Spoof_2019_LA/ASVspoof2019_LA_eval/flac/LA_E_3550853.flac,16
/data/DATASETS/ASV_Spoof_2019_LA/ASVspoof2019_LA_eval/flac/LA_E_3558164.flac,16
/data/DATASETS/ASV_Spoof_2019_LA/ASVspoof2019_LA_eval/flac/LA_E_3558429.flac,16
/data/DATASETS/ASV_Spoof_2019_LA/ASVspoof2019_LA_eval/flac/LA_E_3562027.flac,16
/data/DATASETS/ASV_Spoof_2019_LA/ASVspoof2019_LA_eval/flac/LA_E_3562557.flac,16
/data/DATASETS/ASV_Spoof_2019_LA/ASVspoof2019_LA_eval/flac/LA_E_3564946.flac,16
/data/DATASETS/ASV_Spoof_2019_LA/ASVspoof2019_LA_eval/flac/LA_E_3567031.flac,16
/data/DATASETS/ASV_Spoof_2019_LA/ASVspoof2019_LA_eval/flac/LA_E_3569085.flac,16
/data/DATASETS/ASV_Spoof_2019_LA/ASVspoof2019_LA_eval/flac/LA_E_3571634.flac,16
/data/DATASETS/ASV_Spoof_2019_LA/ASVspoof2019_LA_eval/flac/LA_E_3574156.flac,16
/data/DATASETS/ASV_Spoof_2019_LA/ASVspoof2019_LA_eval/flac/LA_E_3574258.flac,16
/data/DATASETS/ASV_Spoof_2019_LA/ASVspoof2019_LA_eval/flac/LA_E_3574381.flac,16
/data/DATASETS/ASV_Spoof_2019_LA/ASVspoof2019_LA_eval/flac/LA_E_3581504.flac,16
/data/DATASETS/ASV_Spoof_2019_LA/ASVspoof2019_LA_eval/flac/LA_E_3582151.flac,16
/data/DATASETS/ASV_Spoof_2019_LA/ASVspoof2019_LA_eval/flac/LA_E_3583418.flac,16
/data/DATASETS/ASV_Spoof_2019_LA/ASVspoof2019_LA_eval/flac/LA_E_3588992.flac,16
/data/DATASETS/ASV_Spoof_2019_LA/ASVspoof2019_LA_eval/flac/LA_E_3589357.flac,16
/data/DATASETS/ASV_Spoof_2019_LA/ASVspoof2019_LA_eval/flac/LA_E_3589691.flac,16
/data/DATASETS/ASV_Spoof_2019_LA/ASVspoof2019_LA_eval/flac/LA_E_3595374.flac,16
/data/DATASETS/ASV_Spoof_2019_LA/ASVspoof2019_LA_eval/flac/LA_E_3597787.flac,16
/data/DATASETS/ASV_Spoof_2019_LA/ASVspoof2019_LA_eval/flac/LA_E_3597912.flac,16
/data/DATASETS/ASV_Spoof_2019_LA/ASVspoof2019_LA_eval/flac/LA_E_3600195.flac,16
/data/DATASETS/ASV_Spoof_2019_LA/ASVspoof2019_LA_eval/flac/LA_E_3600597.flac,16
/data/DATASETS/ASV_Spoof_2019_LA/ASVspoof2019_LA_eval/flac/LA_E_3618042.flac,16
/data/DATASETS/ASV_Spoof_2019_LA/ASVspoof2019_LA_eval/flac/LA_E_3619519.flac,16
/data/DATASETS/ASV_Spoof_2019_LA/ASVspoof2019_LA_eval/flac/LA_E_3623412.flac,16
/data/DATASETS/ASV_Spoof_2019_LA/ASVspoof2019_LA_eval/flac/LA_E_3624584.flac,16
/data/DATASETS/ASV_Spoof_2019_LA/ASVspoof2019_LA_eval/flac/LA_E_3625361.flac,16
/data/DATASETS/ASV_Spoof_2019_LA/ASVspoof2019_LA_eval/flac/LA_E_3626424.flac,16
/data/DATASETS/ASV_Spoof_2019_LA/ASVspoof2019_LA_eval/flac/LA_E_3632888.flac,16
/data/DATASETS/ASV_Spoof_2019_LA/ASVspoof2019_LA_eval/flac/LA_E_3634817.flac,16
/data/DATASETS/ASV_Spoof_2019_LA/ASVspoof2019_LA_eval/flac/LA_E_3635739.flac,16
/data/DATASETS/ASV_Spoof_2019_LA/ASVspoof2019_LA_eval/flac/LA_E_3643830.flac,16
/data/DATASETS/ASV_Spoof_2019_LA/ASVspoof2019_LA_eval/flac/LA_E_3645615.flac,16
/data/DATASETS/ASV_Spoof_2019_LA/ASVspoof2019_LA_eval/flac/LA_E_3651926.flac,16
/data/DATASETS/ASV_Spoof_2019_LA/ASVspoof2019_LA_eval/flac/LA_E_3654415.flac,16
/data/DATASETS/ASV_Spoof_2019_LA/ASVspoof2019_LA_eval/flac/LA_E_3662712.flac,16
/data/DATASETS/ASV_Spoof_2019_LA/ASVspoof2019_LA_eval/flac/LA_E_3664986.flac,16
/data/DATASETS/ASV_Spoof_2019_LA/ASVspoof2019_LA_eval/flac/LA_E_3668701.flac,16
/data/DATASETS/ASV_Spoof_2019_LA/ASVspoof2019_LA_eval/flac/LA_E_3669007.flac,16
/data/DATASETS/ASV_Spoof_2019_LA/ASVspoof2019_LA_eval/flac/LA_E_3669215.flac,16
/data/DATASETS/ASV_Spoof_2019_LA/ASVspoof2019_LA_eval/flac/LA_E_3670707.flac,16
/data/DATASETS/ASV_Spoof_2019_LA/ASVspoof2019_LA_eval/flac/LA_E_3671134.flac,16
/data/DATASETS/ASV_Spoof_2019_LA/ASVspoof2019_LA_eval/flac/LA_E_3671895.flac,16
/data/DATASETS/ASV_Spoof_2019_LA/ASVspoof2019_LA_eval/flac/LA_E_3672346.flac,16
/data/DATASETS/ASV_Spoof_2019_LA/ASVspoof2019_LA_eval/flac/LA_E_3676025.flac,16
/data/DATASETS/ASV_Spoof_2019_LA/ASVspoof2019_LA_eval/flac/LA_E_3676087.flac,16
/data/DATASETS/ASV_Spoof_2019_LA/ASVspoof2019_LA_eval/flac/LA_E_3680990.flac,16
/data/DATASETS/ASV_Spoof_2019_LA/ASVspoof2019_LA_eval/flac/LA_E_3681356.flac,16
/data/DATASETS/ASV_Spoof_2019_LA/ASVspoof2019_LA_eval/flac/LA_E_3685965.flac,16
/data/DATASETS/ASV_Spoof_2019_LA/ASVspoof2019_LA_eval/flac/LA_E_3686126.flac,16
/data/DATASETS/ASV_Spoof_2019_LA/ASVspoof2019_LA_eval/flac/LA_E_3686993.flac,16
/data/DATASETS/ASV_Spoof_2019_LA/ASVspoof2019_LA_eval/flac/LA_E_3690876.flac,16
/data/DATASETS/ASV_Spoof_2019_LA/ASVspoof2019_LA_eval/flac/LA_E_3692082.flac,16
/data/DATASETS/ASV_Spoof_2019_LA/ASVspoof2019_LA_eval/flac/LA_E_3697062.flac,16
/data/DATASETS/ASV_Spoof_2019_LA/ASVspoof2019_LA_eval/flac/LA_E_3697977.flac,16
/data/DATASETS/ASV_Spoof_2019_LA/ASVspoof2019_LA_eval/flac/LA_E_3698824.flac,16
/data/DATASETS/ASV_Spoof_2019_LA/ASVspoof2019_LA_eval/flac/LA_E_3700148.flac,16
/data/DATASETS/ASV_Spoof_2019_LA/ASVspoof2019_LA_eval/flac/LA_E_3700215.flac,16
/data/DATASETS/ASV_Spoof_2019_LA/ASVspoof2019_LA_eval/flac/LA_E_3701577.flac,16
/data/DATASETS/ASV_Spoof_2019_LA/ASVspoof2019_LA_eval/flac/LA_E_3703219.flac,16
/data/DATASETS/ASV_Spoof_2019_LA/ASVspoof2019_LA_eval/flac/LA_E_3703783.flac,16
/data/DATASETS/ASV_Spoof_2019_LA/ASVspoof2019_LA_eval/flac/LA_E_3705351.flac,16
/data/DATASETS/ASV_Spoof_2019_LA/ASVspoof2019_LA_eval/flac/LA_E_3708334.flac,16
/data/DATASETS/ASV_Spoof_2019_LA/ASVspoof2019_LA_eval/flac/LA_E_3710059.flac,16
/data/DATASETS/ASV_Spoof_2019_LA/ASVspoof2019_LA_eval/flac/LA_E_3710554.flac,16
/data/DATASETS/ASV_Spoof_2019_LA/ASVspoof2019_LA_eval/flac/LA_E_3710757.flac,16
/data/DATASETS/ASV_Spoof_2019_LA/ASVspoof2019_LA_eval/flac/LA_E_3714234.flac,16
/data/DATASETS/ASV_Spoof_2019_LA/ASVspoof2019_LA_eval/flac/LA_E_3715181.flac,16
/data/DATASETS/ASV_Spoof_2019_LA/ASVspoof2019_LA_eval/flac/LA_E_3715502.flac,16
/data/DATASETS/ASV_Spoof_2019_LA/ASVspoof2019_LA_eval/flac/LA_E_3716830.flac,16
/data/DATASETS/ASV_Spoof_2019_LA/ASVspoof2019_LA_eval/flac/LA_E_3719143.flac,16
/data/DATASETS/ASV_Spoof_2019_LA/ASVspoof2019_LA_eval/flac/LA_E_3720796.flac,16
/data/DATASETS/ASV_Spoof_2019_LA/ASVspoof2019_LA_eval/flac/LA_E_3721894.flac,16
/data/DATASETS/ASV_Spoof_2019_LA/ASVspoof2019_LA_eval/flac/LA_E_3724343.flac,16
/data/DATASETS/ASV_Spoof_2019_LA/ASVspoof2019_LA_eval/flac/LA_E_3724542.flac,16
/data/DATASETS/ASV_Spoof_2019_LA/ASVspoof2019_LA_eval/flac/LA_E_3724877.flac,16
/data/DATASETS/ASV_Spoof_2019_LA/ASVspoof2019_LA_eval/flac/LA_E_3727633.flac,16
/data/DATASETS/ASV_Spoof_2019_LA/ASVspoof2019_LA_eval/flac/LA_E_3732096.flac,16
/data/DATASETS/ASV_Spoof_2019_LA/ASVspoof2019_LA_eval/flac/LA_E_3734858.flac,16
/data/DATASETS/ASV_Spoof_2019_LA/ASVspoof2019_LA_eval/flac/LA_E_3734909.flac,16
/data/DATASETS/ASV_Spoof_2019_LA/ASVspoof2019_LA_eval/flac/LA_E_3736127.flac,16
/data/DATASETS/ASV_Spoof_2019_LA/ASVspoof2019_LA_eval/flac/LA_E_3737511.flac,16
/data/DATASETS/ASV_Spoof_2019_LA/ASVspoof2019_LA_eval/flac/LA_E_3738306.flac,16
/data/DATASETS/ASV_Spoof_2019_LA/ASVspoof2019_LA_eval/flac/LA_E_3739910.flac,16
/data/DATASETS/ASV_Spoof_2019_LA/ASVspoof2019_LA_eval/flac/LA_E_3747937.flac,16
/data/DATASETS/ASV_Spoof_2019_LA/ASVspoof2019_LA_eval/flac/LA_E_3748600.flac,16
/data/DATASETS/ASV_Spoof_2019_LA/ASVspoof2019_LA_eval/flac/LA_E_3750607.flac,16
/data/DATASETS/ASV_Spoof_2019_LA/ASVspoof2019_LA_eval/flac/LA_E_3754601.flac,16
/data/DATASETS/ASV_Spoof_2019_LA/ASVspoof2019_LA_eval/flac/LA_E_3758881.flac,16
/data/DATASETS/ASV_Spoof_2019_LA/ASVspoof2019_LA_eval/flac/LA_E_3759981.flac,16
/data/DATASETS/ASV_Spoof_2019_LA/ASVspoof2019_LA_eval/flac/LA_E_3762083.flac,16
/data/DATASETS/ASV_Spoof_2019_LA/ASVspoof2019_LA_eval/flac/LA_E_3762673.flac,16
/data/DATASETS/ASV_Spoof_2019_LA/ASVspoof2019_LA_eval/flac/LA_E_3765615.flac,16
/data/DATASETS/ASV_Spoof_2019_LA/ASVspoof2019_LA_eval/flac/LA_E_3766443.flac,16
/data/DATASETS/ASV_Spoof_2019_LA/ASVspoof2019_LA_eval/flac/LA_E_3766902.flac,16
/data/DATASETS/ASV_Spoof_2019_LA/ASVspoof2019_LA_eval/flac/LA_E_3775309.flac,16
/data/DATASETS/ASV_Spoof_2019_LA/ASVspoof2019_LA_eval/flac/LA_E_3775805.flac,16
/data/DATASETS/ASV_Spoof_2019_LA/ASVspoof2019_LA_eval/flac/LA_E_3775828.flac,16
/data/DATASETS/ASV_Spoof_2019_LA/ASVspoof2019_LA_eval/flac/LA_E_3777766.flac,16
/data/DATASETS/ASV_Spoof_2019_LA/ASVspoof2019_LA_eval/flac/LA_E_3779481.flac,16
/data/DATASETS/ASV_Spoof_2019_LA/ASVspoof2019_LA_eval/flac/LA_E_3781223.flac,16
/data/DATASETS/ASV_Spoof_2019_LA/ASVspoof2019_LA_eval/flac/LA_E_3781643.flac,16
/data/DATASETS/ASV_Spoof_2019_LA/ASVspoof2019_LA_eval/flac/LA_E_3781977.flac,16
/data/DATASETS/ASV_Spoof_2019_LA/ASVspoof2019_LA_eval/flac/LA_E_3782077.flac,16
/data/DATASETS/ASV_Spoof_2019_LA/ASVspoof2019_LA_eval/flac/LA_E_3782410.flac,16
/data/DATASETS/ASV_Spoof_2019_LA/ASVspoof2019_LA_eval/flac/LA_E_3783392.flac,16
/data/DATASETS/ASV_Spoof_2019_LA/ASVspoof2019_LA_eval/flac/LA_E_3787269.flac,16
/data/DATASETS/ASV_Spoof_2019_LA/ASVspoof2019_LA_eval/flac/LA_E_3788796.flac,16
/data/DATASETS/ASV_Spoof_2019_LA/ASVspoof2019_LA_eval/flac/LA_E_3789906.flac,16
/data/DATASETS/ASV_Spoof_2019_LA/ASVspoof2019_LA_eval/flac/LA_E_3790874.flac,16
/data/DATASETS/ASV_Spoof_2019_LA/ASVspoof2019_LA_eval/flac/LA_E_3790896.flac,16
/data/DATASETS/ASV_Spoof_2019_LA/ASVspoof2019_LA_eval/flac/LA_E_3792407.flac,16
/data/DATASETS/ASV_Spoof_2019_LA/ASVspoof2019_LA_eval/flac/LA_E_3792529.flac,16
/data/DATASETS/ASV_Spoof_2019_LA/ASVspoof2019_LA_eval/flac/LA_E_3792685.flac,16
/data/DATASETS/ASV_Spoof_2019_LA/ASVspoof2019_LA_eval/flac/LA_E_3793491.flac,16
/data/DATASETS/ASV_Spoof_2019_LA/ASVspoof2019_LA_eval/flac/LA_E_3795142.flac,16
/data/DATASETS/ASV_Spoof_2019_LA/ASVspoof2019_LA_eval/flac/LA_E_3795411.flac,16
/data/DATASETS/ASV_Spoof_2019_LA/ASVspoof2019_LA_eval/flac/LA_E_3795537.flac,16
/data/DATASETS/ASV_Spoof_2019_LA/ASVspoof2019_LA_eval/flac/LA_E_3795765.flac,16
/data/DATASETS/ASV_Spoof_2019_LA/ASVspoof2019_LA_eval/flac/LA_E_3796020.flac,16
/data/DATASETS/ASV_Spoof_2019_LA/ASVspoof2019_LA_eval/flac/LA_E_3797287.flac,16
/data/DATASETS/ASV_Spoof_2019_LA/ASVspoof2019_LA_eval/flac/LA_E_3798060.flac,16
/data/DATASETS/ASV_Spoof_2019_LA/ASVspoof2019_LA_eval/flac/LA_E_3798795.flac,16
/data/DATASETS/ASV_Spoof_2019_LA/ASVspoof2019_LA_eval/flac/LA_E_3801955.flac,16
/data/DATASETS/ASV_Spoof_2019_LA/ASVspoof2019_LA_eval/flac/LA_E_3804470.flac,16
/data/DATASETS/ASV_Spoof_2019_LA/ASVspoof2019_LA_eval/flac/LA_E_3808007.flac,16
/data/DATASETS/ASV_Spoof_2019_LA/ASVspoof2019_LA_eval/flac/LA_E_3809279.flac,16
/data/DATASETS/ASV_Spoof_2019_LA/ASVspoof2019_LA_eval/flac/LA_E_3811699.flac,16
/data/DATASETS/ASV_Spoof_2019_LA/ASVspoof2019_LA_eval/flac/LA_E_3816568.flac,16
/data/DATASETS/ASV_Spoof_2019_LA/ASVspoof2019_LA_eval/flac/LA_E_3818979.flac,16
/data/DATASETS/ASV_Spoof_2019_LA/ASVspoof2019_LA_eval/flac/LA_E_3820809.flac,16
/data/DATASETS/ASV_Spoof_2019_LA/ASVspoof2019_LA_eval/flac/LA_E_3823846.flac,16
/data/DATASETS/ASV_Spoof_2019_LA/ASVspoof2019_LA_eval/flac/LA_E_3826781.flac,16
/data/DATASETS/ASV_Spoof_2019_LA/ASVspoof2019_LA_eval/flac/LA_E_3827153.flac,16
/data/DATASETS/ASV_Spoof_2019_LA/ASVspoof2019_LA_eval/flac/LA_E_3827877.flac,16
/data/DATASETS/ASV_Spoof_2019_LA/ASVspoof2019_LA_eval/flac/LA_E_3828616.flac,16
/data/DATASETS/ASV_Spoof_2019_LA/ASVspoof2019_LA_eval/flac/LA_E_3830423.flac,16
/data/DATASETS/ASV_Spoof_2019_LA/ASVspoof2019_LA_eval/flac/LA_E_3831199.flac,16
/data/DATASETS/ASV_Spoof_2019_LA/ASVspoof2019_LA_eval/flac/LA_E_3832197.flac,16
/data/DATASETS/ASV_Spoof_2019_LA/ASVspoof2019_LA_eval/flac/LA_E_3832305.flac,16
/data/DATASETS/ASV_Spoof_2019_LA/ASVspoof2019_LA_eval/flac/LA_E_3833654.flac,16
/data/DATASETS/ASV_Spoof_2019_LA/ASVspoof2019_LA_eval/flac/LA_E_3834151.flac,16
/data/DATASETS/ASV_Spoof_2019_LA/ASVspoof2019_LA_eval/flac/LA_E_3837213.flac,16
/data/DATASETS/ASV_Spoof_2019_LA/ASVspoof2019_LA_eval/flac/LA_E_3841871.flac,16
/data/DATASETS/ASV_Spoof_2019_LA/ASVspoof2019_LA_eval/flac/LA_E_3843087.flac,16
/data/DATASETS/ASV_Spoof_2019_LA/ASVspoof2019_LA_eval/flac/LA_E_3848426.flac,16
/data/DATASETS/ASV_Spoof_2019_LA/ASVspoof2019_LA_eval/flac/LA_E_3850124.flac,16
/data/DATASETS/ASV_Spoof_2019_LA/ASVspoof2019_LA_eval/flac/LA_E_3853065.flac,16
/data/DATASETS/ASV_Spoof_2019_LA/ASVspoof2019_LA_eval/flac/LA_E_3856222.flac,16
/data/DATASETS/ASV_Spoof_2019_LA/ASVspoof2019_LA_eval/flac/LA_E_3859120.flac,16
/data/DATASETS/ASV_Spoof_2019_LA/ASVspoof2019_LA_eval/flac/LA_E_3859688.flac,16
/data/DATASETS/ASV_Spoof_2019_LA/ASVspoof2019_LA_eval/flac/LA_E_3860767.flac,16
/data/DATASETS/ASV_Spoof_2019_LA/ASVspoof2019_LA_eval/flac/LA_E_3862567.flac,16
/data/DATASETS/ASV_Spoof_2019_LA/ASVspoof2019_LA_eval/flac/LA_E_3862896.flac,16
/data/DATASETS/ASV_Spoof_2019_LA/ASVspoof2019_LA_eval/flac/LA_E_3864127.flac,16
/data/DATASETS/ASV_Spoof_2019_LA/ASVspoof2019_LA_eval/flac/LA_E_3864470.flac,16
/data/DATASETS/ASV_Spoof_2019_LA/ASVspoof2019_LA_eval/flac/LA_E_3865943.flac,16
/data/DATASETS/ASV_Spoof_2019_LA/ASVspoof2019_LA_eval/flac/LA_E_3868995.flac,16
/data/DATASETS/ASV_Spoof_2019_LA/ASVspoof2019_LA_eval/flac/LA_E_3869388.flac,16
/data/DATASETS/ASV_Spoof_2019_LA/ASVspoof2019_LA_eval/flac/LA_E_3869585.flac,16
/data/DATASETS/ASV_Spoof_2019_LA/ASVspoof2019_LA_eval/flac/LA_E_3871110.flac,16
/data/DATASETS/ASV_Spoof_2019_LA/ASVspoof2019_LA_eval/flac/LA_E_3873509.flac,16
/data/DATASETS/ASV_Spoof_2019_LA/ASVspoof2019_LA_eval/flac/LA_E_3876702.flac,16
/data/DATASETS/ASV_Spoof_2019_LA/ASVspoof2019_LA_eval/flac/LA_E_3878487.flac,16
/data/DATASETS/ASV_Spoof_2019_LA/ASVspoof2019_LA_eval/flac/LA_E_3881677.flac,16
/data/DATASETS/ASV_Spoof_2019_LA/ASVspoof2019_LA_eval/flac/LA_E_3883280.flac,16
/data/DATASETS/ASV_Spoof_2019_LA/ASVspoof2019_LA_eval/flac/LA_E_3896887.flac,16
/data/DATASETS/ASV_Spoof_2019_LA/ASVspoof2019_LA_eval/flac/LA_E_3898894.flac,16
/data/DATASETS/ASV_Spoof_2019_LA/ASVspoof2019_LA_eval/flac/LA_E_3901465.flac,16
/data/DATASETS/ASV_Spoof_2019_LA/ASVspoof2019_LA_eval/flac/LA_E_3902609.flac,16
/data/DATASETS/ASV_Spoof_2019_LA/ASVspoof2019_LA_eval/flac/LA_E_3902626.flac,16
/data/DATASETS/ASV_Spoof_2019_LA/ASVspoof2019_LA_eval/flac/LA_E_3904362.flac,16
/data/DATASETS/ASV_Spoof_2019_LA/ASVspoof2019_LA_eval/flac/LA_E_3905629.flac,16
/data/DATASETS/ASV_Spoof_2019_LA/ASVspoof2019_LA_eval/flac/LA_E_3906973.flac,16
/data/DATASETS/ASV_Spoof_2019_LA/ASVspoof2019_LA_eval/flac/LA_E_3908445.flac,16
/data/DATASETS/ASV_Spoof_2019_LA/ASVspoof2019_LA_eval/flac/LA_E_3915861.flac,16
/data/DATASETS/ASV_Spoof_2019_LA/ASVspoof2019_LA_eval/flac/LA_E_3921597.flac,16
/data/DATASETS/ASV_Spoof_2019_LA/ASVspoof2019_LA_eval/flac/LA_E_3922638.flac,16
/data/DATASETS/ASV_Spoof_2019_LA/ASVspoof2019_LA_eval/flac/LA_E_3922670.flac,16
/data/DATASETS/ASV_Spoof_2019_LA/ASVspoof2019_LA_eval/flac/LA_E_3922683.flac,16
/data/DATASETS/ASV_Spoof_2019_LA/ASVspoof2019_LA_eval/flac/LA_E_3924273.flac,16
/data/DATASETS/ASV_Spoof_2019_LA/ASVspoof2019_LA_eval/flac/LA_E_3926327.flac,16
/data/DATASETS/ASV_Spoof_2019_LA/ASVspoof2019_LA_eval/flac/LA_E_3928375.flac,16
/data/DATASETS/ASV_Spoof_2019_LA/ASVspoof2019_LA_eval/flac/LA_E_3930600.flac,16
/data/DATASETS/ASV_Spoof_2019_LA/ASVspoof2019_LA_eval/flac/LA_E_3939687.flac,16
/data/DATASETS/ASV_Spoof_2019_LA/ASVspoof2019_LA_eval/flac/LA_E_3940799.flac,16
/data/DATASETS/ASV_Spoof_2019_LA/ASVspoof2019_LA_eval/flac/LA_E_3941438.flac,16
/data/DATASETS/ASV_Spoof_2019_LA/ASVspoof2019_LA_eval/flac/LA_E_3944025.flac,16
/data/DATASETS/ASV_Spoof_2019_LA/ASVspoof2019_LA_eval/flac/LA_E_3944379.flac,16
/data/DATASETS/ASV_Spoof_2019_LA/ASVspoof2019_LA_eval/flac/LA_E_3944917.flac,16
/data/DATASETS/ASV_Spoof_2019_LA/ASVspoof2019_LA_eval/flac/LA_E_3945375.flac,16
/data/DATASETS/ASV_Spoof_2019_LA/ASVspoof2019_LA_eval/flac/LA_E_3950601.flac,16
/data/DATASETS/ASV_Spoof_2019_LA/ASVspoof2019_LA_eval/flac/LA_E_3951200.flac,16
/data/DATASETS/ASV_Spoof_2019_LA/ASVspoof2019_LA_eval/flac/LA_E_3951580.flac,16
/data/DATASETS/ASV_Spoof_2019_LA/ASVspoof2019_LA_eval/flac/LA_E_3951745.flac,16
/data/DATASETS/ASV_Spoof_2019_LA/ASVspoof2019_LA_eval/flac/LA_E_3953382.flac,16
/data/DATASETS/ASV_Spoof_2019_LA/ASVspoof2019_LA_eval/flac/LA_E_3955684.flac,16
/data/DATASETS/ASV_Spoof_2019_LA/ASVspoof2019_LA_eval/flac/LA_E_3958834.flac,16
/data/DATASETS/ASV_Spoof_2019_LA/ASVspoof2019_LA_eval/flac/LA_E_3958868.flac,16
/data/DATASETS/ASV_Spoof_2019_LA/ASVspoof2019_LA_eval/flac/LA_E_3959679.flac,16
/data/DATASETS/ASV_Spoof_2019_LA/ASVspoof2019_LA_eval/flac/LA_E_3962997.flac,16
/data/DATASETS/ASV_Spoof_2019_LA/ASVspoof2019_LA_eval/flac/LA_E_3963794.flac,16
/data/DATASETS/ASV_Spoof_2019_LA/ASVspoof2019_LA_eval/flac/LA_E_3963871.flac,16
/data/DATASETS/ASV_Spoof_2019_LA/ASVspoof2019_LA_eval/flac/LA_E_3964231.flac,16
/data/DATASETS/ASV_Spoof_2019_LA/ASVspoof2019_LA_eval/flac/LA_E_3964419.flac,16
/data/DATASETS/ASV_Spoof_2019_LA/ASVspoof2019_LA_eval/flac/LA_E_3965519.flac,16
/data/DATASETS/ASV_Spoof_2019_LA/ASVspoof2019_LA_eval/flac/LA_E_3966084.flac,16
/data/DATASETS/ASV_Spoof_2019_LA/ASVspoof2019_LA_eval/flac/LA_E_3971742.flac,16
/data/DATASETS/ASV_Spoof_2019_LA/ASVspoof2019_LA_eval/flac/LA_E_3971951.flac,16
/data/DATASETS/ASV_Spoof_2019_LA/ASVspoof2019_LA_eval/flac/LA_E_3972168.flac,16
/data/DATASETS/ASV_Spoof_2019_LA/ASVspoof2019_LA_eval/flac/LA_E_3972207.flac,16
/data/DATASETS/ASV_Spoof_2019_LA/ASVspoof2019_LA_eval/flac/LA_E_3975323.flac,16
/data/DATASETS/ASV_Spoof_2019_LA/ASVspoof2019_LA_eval/flac/LA_E_3975520.flac,16
/data/DATASETS/ASV_Spoof_2019_LA/ASVspoof2019_LA_eval/flac/LA_E_3976424.flac,16
/data/DATASETS/ASV_Spoof_2019_LA/ASVspoof2019_LA_eval/flac/LA_E_3979701.flac,16
/data/DATASETS/ASV_Spoof_2019_LA/ASVspoof2019_LA_eval/flac/LA_E_3980921.flac,16
/data/DATASETS/ASV_Spoof_2019_LA/ASVspoof2019_LA_eval/flac/LA_E_3982962.flac,16
/data/DATASETS/ASV_Spoof_2019_LA/ASVspoof2019_LA_eval/flac/LA_E_3983385.flac,16
/data/DATASETS/ASV_Spoof_2019_LA/ASVspoof2019_LA_eval/flac/LA_E_3985332.flac,16
/data/DATASETS/ASV_Spoof_2019_LA/ASVspoof2019_LA_eval/flac/LA_E_3987438.flac,16
/data/DATASETS/ASV_Spoof_2019_LA/ASVspoof2019_LA_eval/flac/LA_E_3987892.flac,16
/data/DATASETS/ASV_Spoof_2019_LA/ASVspoof2019_LA_eval/flac/LA_E_3987919.flac,16
/data/DATASETS/ASV_Spoof_2019_LA/ASVspoof2019_LA_eval/flac/LA_E_3988811.flac,16
/data/DATASETS/ASV_Spoof_2019_LA/ASVspoof2019_LA_eval/flac/LA_E_3990095.flac,16
/data/DATASETS/ASV_Spoof_2019_LA/ASVspoof2019_LA_eval/flac/LA_E_3990917.flac,16
/data/DATASETS/ASV_Spoof_2019_LA/ASVspoof2019_LA_eval/flac/LA_E_3992200.flac,16
/data/DATASETS/ASV_Spoof_2019_LA/ASVspoof2019_LA_eval/flac/LA_E_3997859.flac,16
/data/DATASETS/ASV_Spoof_2019_LA/ASVspoof2019_LA_eval/flac/LA_E_3999725.flac,16
/data/DATASETS/ASV_Spoof_2019_LA/ASVspoof2019_LA_eval/flac/LA_E_3999873.flac,16
/data/DATASETS/ASV_Spoof_2019_LA/ASVspoof2019_LA_eval/flac/LA_E_4002289.flac,16
/data/DATASETS/ASV_Spoof_2019_LA/ASVspoof2019_LA_eval/flac/LA_E_4004122.flac,16
/data/DATASETS/ASV_Spoof_2019_LA/ASVspoof2019_LA_eval/flac/LA_E_4005200.flac,16
/data/DATASETS/ASV_Spoof_2019_LA/ASVspoof2019_LA_eval/flac/LA_E_4008510.flac,16
/data/DATASETS/ASV_Spoof_2019_LA/ASVspoof2019_LA_eval/flac/LA_E_4009479.flac,16
/data/DATASETS/ASV_Spoof_2019_LA/ASVspoof2019_LA_eval/flac/LA_E_4010573.flac,16
/data/DATASETS/ASV_Spoof_2019_LA/ASVspoof2019_LA_eval/flac/LA_E_4010673.flac,16
/data/DATASETS/ASV_Spoof_2019_LA/ASVspoof2019_LA_eval/flac/LA_E_4011990.flac,16
/data/DATASETS/ASV_Spoof_2019_LA/ASVspoof2019_LA_eval/flac/LA_E_4012555.flac,16
/data/DATASETS/ASV_Spoof_2019_LA/ASVspoof2019_LA_eval/flac/LA_E_4017621.flac,16
/data/DATASETS/ASV_Spoof_2019_LA/ASVspoof2019_LA_eval/flac/LA_E_4019542.flac,16
/data/DATASETS/ASV_Spoof_2019_LA/ASVspoof2019_LA_eval/flac/LA_E_4026107.flac,16
/data/DATASETS/ASV_Spoof_2019_LA/ASVspoof2019_LA_eval/flac/LA_E_4028703.flac,16
/data/DATASETS/ASV_Spoof_2019_LA/ASVspoof2019_LA_eval/flac/LA_E_4030642.flac,16
/data/DATASETS/ASV_Spoof_2019_LA/ASVspoof2019_LA_eval/flac/LA_E_4034458.flac,16
/data/DATASETS/ASV_Spoof_2019_LA/ASVspoof2019_LA_eval/flac/LA_E_4037767.flac,16
/data/DATASETS/ASV_Spoof_2019_LA/ASVspoof2019_LA_eval/flac/LA_E_4039981.flac,16
/data/DATASETS/ASV_Spoof_2019_LA/ASVspoof2019_LA_eval/flac/LA_E_4040540.flac,16
/data/DATASETS/ASV_Spoof_2019_LA/ASVspoof2019_LA_eval/flac/LA_E_4040615.flac,16
/data/DATASETS/ASV_Spoof_2019_LA/ASVspoof2019_LA_eval/flac/LA_E_4043021.flac,16
/data/DATASETS/ASV_Spoof_2019_LA/ASVspoof2019_LA_eval/flac/LA_E_4048832.flac,16
/data/DATASETS/ASV_Spoof_2019_LA/ASVspoof2019_LA_eval/flac/LA_E_4051494.flac,16
/data/DATASETS/ASV_Spoof_2019_LA/ASVspoof2019_LA_eval/flac/LA_E_4053002.flac,16
/data/DATASETS/ASV_Spoof_2019_LA/ASVspoof2019_LA_eval/flac/LA_E_4053882.flac,16
/data/DATASETS/ASV_Spoof_2019_LA/ASVspoof2019_LA_eval/flac/LA_E_4059636.flac,16
/data/DATASETS/ASV_Spoof_2019_LA/ASVspoof2019_LA_eval/flac/LA_E_4060256.flac,16
/data/DATASETS/ASV_Spoof_2019_LA/ASVspoof2019_LA_eval/flac/LA_E_4061730.flac,16
/data/DATASETS/ASV_Spoof_2019_LA/ASVspoof2019_LA_eval/flac/LA_E_4062857.flac,16
/data/DATASETS/ASV_Spoof_2019_LA/ASVspoof2019_LA_eval/flac/LA_E_4067969.flac,16
/data/DATASETS/ASV_Spoof_2019_LA/ASVspoof2019_LA_eval/flac/LA_E_4072099.flac,16
/data/DATASETS/ASV_Spoof_2019_LA/ASVspoof2019_LA_eval/flac/LA_E_4073314.flac,16
/data/DATASETS/ASV_Spoof_2019_LA/ASVspoof2019_LA_eval/flac/LA_E_4080566.flac,16
/data/DATASETS/ASV_Spoof_2019_LA/ASVspoof2019_LA_eval/flac/LA_E_4083883.flac,16
/data/DATASETS/ASV_Spoof_2019_LA/ASVspoof2019_LA_eval/flac/LA_E_4084604.flac,16
/data/DATASETS/ASV_Spoof_2019_LA/ASVspoof2019_LA_eval/flac/LA_E_4088839.flac,16
/data/DATASETS/ASV_Spoof_2019_LA/ASVspoof2019_LA_eval/flac/LA_E_4089700.flac,16
/data/DATASETS/ASV_Spoof_2019_LA/ASVspoof2019_LA_eval/flac/LA_E_4093617.flac,16
/data/DATASETS/ASV_Spoof_2019_LA/ASVspoof2019_LA_eval/flac/LA_E_4094621.flac,16
/data/DATASETS/ASV_Spoof_2019_LA/ASVspoof2019_LA_eval/flac/LA_E_4099124.flac,16
/data/DATASETS/ASV_Spoof_2019_LA/ASVspoof2019_LA_eval/flac/LA_E_4099773.flac,16
/data/DATASETS/ASV_Spoof_2019_LA/ASVspoof2019_LA_eval/flac/LA_E_4105225.flac,16
/data/DATASETS/ASV_Spoof_2019_LA/ASVspoof2019_LA_eval/flac/LA_E_4107721.flac,16
/data/DATASETS/ASV_Spoof_2019_LA/ASVspoof2019_LA_eval/flac/LA_E_4111436.flac,16
/data/DATASETS/ASV_Spoof_2019_LA/ASVspoof2019_LA_eval/flac/LA_E_4112816.flac,16
/data/DATASETS/ASV_Spoof_2019_LA/ASVspoof2019_LA_eval/flac/LA_E_4116066.flac,16
/data/DATASETS/ASV_Spoof_2019_LA/ASVspoof2019_LA_eval/flac/LA_E_4119107.flac,16
/data/DATASETS/ASV_Spoof_2019_LA/ASVspoof2019_LA_eval/flac/LA_E_4120647.flac,16
/data/DATASETS/ASV_Spoof_2019_LA/ASVspoof2019_LA_eval/flac/LA_E_4121177.flac,16
/data/DATASETS/ASV_Spoof_2019_LA/ASVspoof2019_LA_eval/flac/LA_E_4121804.flac,16
/data/DATASETS/ASV_Spoof_2019_LA/ASVspoof2019_LA_eval/flac/LA_E_4122125.flac,16
/data/DATASETS/ASV_Spoof_2019_LA/ASVspoof2019_LA_eval/flac/LA_E_4124823.flac,16
/data/DATASETS/ASV_Spoof_2019_LA/ASVspoof2019_LA_eval/flac/LA_E_4128939.flac,16
/data/DATASETS/ASV_Spoof_2019_LA/ASVspoof2019_LA_eval/flac/LA_E_4129619.flac,16
/data/DATASETS/ASV_Spoof_2019_LA/ASVspoof2019_LA_eval/flac/LA_E_4131048.flac,16
/data/DATASETS/ASV_Spoof_2019_LA/ASVspoof2019_LA_eval/flac/LA_E_4132518.flac,16
/data/DATASETS/ASV_Spoof_2019_LA/ASVspoof2019_LA_eval/flac/LA_E_4133544.flac,16
/data/DATASETS/ASV_Spoof_2019_LA/ASVspoof2019_LA_eval/flac/LA_E_4139066.flac,16
/data/DATASETS/ASV_Spoof_2019_LA/ASVspoof2019_LA_eval/flac/LA_E_4140446.flac,16
/data/DATASETS/ASV_Spoof_2019_LA/ASVspoof2019_LA_eval/flac/LA_E_4141870.flac,16
/data/DATASETS/ASV_Spoof_2019_LA/ASVspoof2019_LA_eval/flac/LA_E_4143317.flac,16
/data/DATASETS/ASV_Spoof_2019_LA/ASVspoof2019_LA_eval/flac/LA_E_4144045.flac,16
/data/DATASETS/ASV_Spoof_2019_LA/ASVspoof2019_LA_eval/flac/LA_E_4148661.flac,16
/data/DATASETS/ASV_Spoof_2019_LA/ASVspoof2019_LA_eval/flac/LA_E_4150419.flac,16
/data/DATASETS/ASV_Spoof_2019_LA/ASVspoof2019_LA_eval/flac/LA_E_4150779.flac,16
/data/DATASETS/ASV_Spoof_2019_LA/ASVspoof2019_LA_eval/flac/LA_E_4152337.flac,16
/data/DATASETS/ASV_Spoof_2019_LA/ASVspoof2019_LA_eval/flac/LA_E_4153640.flac,16
/data/DATASETS/ASV_Spoof_2019_LA/ASVspoof2019_LA_eval/flac/LA_E_4157724.flac,16
/data/DATASETS/ASV_Spoof_2019_LA/ASVspoof2019_LA_eval/flac/LA_E_4159446.flac,16
/data/DATASETS/ASV_Spoof_2019_LA/ASVspoof2019_LA_eval/flac/LA_E_4159777.flac,16
/data/DATASETS/ASV_Spoof_2019_LA/ASVspoof2019_LA_eval/flac/LA_E_4162943.flac,16
/data/DATASETS/ASV_Spoof_2019_LA/ASVspoof2019_LA_eval/flac/LA_E_4163479.flac,16
/data/DATASETS/ASV_Spoof_2019_LA/ASVspoof2019_LA_eval/flac/LA_E_4163974.flac,16
/data/DATASETS/ASV_Spoof_2019_LA/ASVspoof2019_LA_eval/flac/LA_E_4164043.flac,16
/data/DATASETS/ASV_Spoof_2019_LA/ASVspoof2019_LA_eval/flac/LA_E_4164957.flac,16
/data/DATASETS/ASV_Spoof_2019_LA/ASVspoof2019_LA_eval/flac/LA_E_4172828.flac,16
/data/DATASETS/ASV_Spoof_2019_LA/ASVspoof2019_LA_eval/flac/LA_E_4173223.flac,16
/data/DATASETS/ASV_Spoof_2019_LA/ASVspoof2019_LA_eval/flac/LA_E_4174164.flac,16
/data/DATASETS/ASV_Spoof_2019_LA/ASVspoof2019_LA_eval/flac/LA_E_4174402.flac,16
/data/DATASETS/ASV_Spoof_2019_LA/ASVspoof2019_LA_eval/flac/LA_E_4175066.flac,16
/data/DATASETS/ASV_Spoof_2019_LA/ASVspoof2019_LA_eval/flac/LA_E_4176097.flac,16
/data/DATASETS/ASV_Spoof_2019_LA/ASVspoof2019_LA_eval/flac/LA_E_4180031.flac,16
/data/DATASETS/ASV_Spoof_2019_LA/ASVspoof2019_LA_eval/flac/LA_E_4181819.flac,16
/data/DATASETS/ASV_Spoof_2019_LA/ASVspoof2019_LA_eval/flac/LA_E_4184326.flac,16
/data/DATASETS/ASV_Spoof_2019_LA/ASVspoof2019_LA_eval/flac/LA_E_4189822.flac,16
/data/DATASETS/ASV_Spoof_2019_LA/ASVspoof2019_LA_eval/flac/LA_E_4190656.flac,16
/data/DATASETS/ASV_Spoof_2019_LA/ASVspoof2019_LA_eval/flac/LA_E_4190845.flac,16
/data/DATASETS/ASV_Spoof_2019_LA/ASVspoof2019_LA_eval/flac/LA_E_4192101.flac,16
/data/DATASETS/ASV_Spoof_2019_LA/ASVspoof2019_LA_eval/flac/LA_E_4192594.flac,16
/data/DATASETS/ASV_Spoof_2019_LA/ASVspoof2019_LA_eval/flac/LA_E_4194686.flac,16
/data/DATASETS/ASV_Spoof_2019_LA/ASVspoof2019_LA_eval/flac/LA_E_4197023.flac,16
/data/DATASETS/ASV_Spoof_2019_LA/ASVspoof2019_LA_eval/flac/LA_E_4198620.flac,16
/data/DATASETS/ASV_Spoof_2019_LA/ASVspoof2019_LA_eval/flac/LA_E_4200442.flac,16
/data/DATASETS/ASV_Spoof_2019_LA/ASVspoof2019_LA_eval/flac/LA_E_4205824.flac,16
/data/DATASETS/ASV_Spoof_2019_LA/ASVspoof2019_LA_eval/flac/LA_E_4206503.flac,16
/data/DATASETS/ASV_Spoof_2019_LA/ASVspoof2019_LA_eval/flac/LA_E_4214051.flac,16
/data/DATASETS/ASV_Spoof_2019_LA/ASVspoof2019_LA_eval/flac/LA_E_4215912.flac,16
/data/DATASETS/ASV_Spoof_2019_LA/ASVspoof2019_LA_eval/flac/LA_E_4217414.flac,16
/data/DATASETS/ASV_Spoof_2019_LA/ASVspoof2019_LA_eval/flac/LA_E_4218259.flac,16
/data/DATASETS/ASV_Spoof_2019_LA/ASVspoof2019_LA_eval/flac/LA_E_4218419.flac,16
/data/DATASETS/ASV_Spoof_2019_LA/ASVspoof2019_LA_eval/flac/LA_E_4219289.flac,16
/data/DATASETS/ASV_Spoof_2019_LA/ASVspoof2019_LA_eval/flac/LA_E_4220340.flac,16
/data/DATASETS/ASV_Spoof_2019_LA/ASVspoof2019_LA_eval/flac/LA_E_4220611.flac,16
/data/DATASETS/ASV_Spoof_2019_LA/ASVspoof2019_LA_eval/flac/LA_E_4221441.flac,16
/data/DATASETS/ASV_Spoof_2019_LA/ASVspoof2019_LA_eval/flac/LA_E_4221522.flac,16
/data/DATASETS/ASV_Spoof_2019_LA/ASVspoof2019_LA_eval/flac/LA_E_4223058.flac,16
/data/DATASETS/ASV_Spoof_2019_LA/ASVspoof2019_LA_eval/flac/LA_E_4224816.flac,16
/data/DATASETS/ASV_Spoof_2019_LA/ASVspoof2019_LA_eval/flac/LA_E_4228524.flac,16
/data/DATASETS/ASV_Spoof_2019_LA/ASVspoof2019_LA_eval/flac/LA_E_4228691.flac,16
/data/DATASETS/ASV_Spoof_2019_LA/ASVspoof2019_LA_eval/flac/LA_E_4228705.flac,16
/data/DATASETS/ASV_Spoof_2019_LA/ASVspoof2019_LA_eval/flac/LA_E_4230529.flac,16
/data/DATASETS/ASV_Spoof_2019_LA/ASVspoof2019_LA_eval/flac/LA_E_4234409.flac,16
/data/DATASETS/ASV_Spoof_2019_LA/ASVspoof2019_LA_eval/flac/LA_E_4236075.flac,16
/data/DATASETS/ASV_Spoof_2019_LA/ASVspoof2019_LA_eval/flac/LA_E_4238041.flac,16
/data/DATASETS/ASV_Spoof_2019_LA/ASVspoof2019_LA_eval/flac/LA_E_4240509.flac,16
/data/DATASETS/ASV_Spoof_2019_LA/ASVspoof2019_LA_eval/flac/LA_E_4241435.flac,16
/data/DATASETS/ASV_Spoof_2019_LA/ASVspoof2019_LA_eval/flac/LA_E_4243462.flac,16
/data/DATASETS/ASV_Spoof_2019_LA/ASVspoof2019_LA_eval/flac/LA_E_4245663.flac,16
/data/DATASETS/ASV_Spoof_2019_LA/ASVspoof2019_LA_eval/flac/LA_E_4251201.flac,16
/data/DATASETS/ASV_Spoof_2019_LA/ASVspoof2019_LA_eval/flac/LA_E_4252949.flac,16
/data/DATASETS/ASV_Spoof_2019_LA/ASVspoof2019_LA_eval/flac/LA_E_4253546.flac,16
/data/DATASETS/ASV_Spoof_2019_LA/ASVspoof2019_LA_eval/flac/LA_E_4255468.flac,16
/data/DATASETS/ASV_Spoof_2019_LA/ASVspoof2019_LA_eval/flac/LA_E_4255512.flac,16
/data/DATASETS/ASV_Spoof_2019_LA/ASVspoof2019_LA_eval/flac/LA_E_4257253.flac,16
/data/DATASETS/ASV_Spoof_2019_LA/ASVspoof2019_LA_eval/flac/LA_E_4260492.flac,16
/data/DATASETS/ASV_Spoof_2019_LA/ASVspoof2019_LA_eval/flac/LA_E_4260981.flac,16
/data/DATASETS/ASV_Spoof_2019_LA/ASVspoof2019_LA_eval/flac/LA_E_4262346.flac,16
/data/DATASETS/ASV_Spoof_2019_LA/ASVspoof2019_LA_eval/flac/LA_E_4264877.flac,16
/data/DATASETS/ASV_Spoof_2019_LA/ASVspoof2019_LA_eval/flac/LA_E_4271217.flac,16
/data/DATASETS/ASV_Spoof_2019_LA/ASVspoof2019_LA_eval/flac/LA_E_4271320.flac,16
/data/DATASETS/ASV_Spoof_2019_LA/ASVspoof2019_LA_eval/flac/LA_E_4272880.flac,16
/data/DATASETS/ASV_Spoof_2019_LA/ASVspoof2019_LA_eval/flac/LA_E_4275665.flac,16
/data/DATASETS/ASV_Spoof_2019_LA/ASVspoof2019_LA_eval/flac/LA_E_4279227.flac,16
/data/DATASETS/ASV_Spoof_2019_LA/ASVspoof2019_LA_eval/flac/LA_E_4281038.flac,16
/data/DATASETS/ASV_Spoof_2019_LA/ASVspoof2019_LA_eval/flac/LA_E_4282509.flac,16
/data/DATASETS/ASV_Spoof_2019_LA/ASVspoof2019_LA_eval/flac/LA_E_4285322.flac,16
/data/DATASETS/ASV_Spoof_2019_LA/ASVspoof2019_LA_eval/flac/LA_E_4288467.flac,16
/data/DATASETS/ASV_Spoof_2019_LA/ASVspoof2019_LA_eval/flac/LA_E_4289925.flac,16
/data/DATASETS/ASV_Spoof_2019_LA/ASVspoof2019_LA_eval/flac/LA_E_4292377.flac,16
/data/DATASETS/ASV_Spoof_2019_LA/ASVspoof2019_LA_eval/flac/LA_E_4295662.flac,16
/data/DATASETS/ASV_Spoof_2019_LA/ASVspoof2019_LA_eval/flac/LA_E_4296139.flac,16
/data/DATASETS/ASV_Spoof_2019_LA/ASVspoof2019_LA_eval/flac/LA_E_4296589.flac,16
/data/DATASETS/ASV_Spoof_2019_LA/ASVspoof2019_LA_eval/flac/LA_E_4297899.flac,16
/data/DATASETS/ASV_Spoof_2019_LA/ASVspoof2019_LA_eval/flac/LA_E_4299978.flac,16
/data/DATASETS/ASV_Spoof_2019_LA/ASVspoof2019_LA_eval/flac/LA_E_4301632.flac,16
/data/DATASETS/ASV_Spoof_2019_LA/ASVspoof2019_LA_eval/flac/LA_E_4305990.flac,16
/data/DATASETS/ASV_Spoof_2019_LA/ASVspoof2019_LA_eval/flac/LA_E_4310639.flac,16
/data/DATASETS/ASV_Spoof_2019_LA/ASVspoof2019_LA_eval/flac/LA_E_4311424.flac,16
/data/DATASETS/ASV_Spoof_2019_LA/ASVspoof2019_LA_eval/flac/LA_E_4311753.flac,16
/data/DATASETS/ASV_Spoof_2019_LA/ASVspoof2019_LA_eval/flac/LA_E_4316901.flac,16
/data/DATASETS/ASV_Spoof_2019_LA/ASVspoof2019_LA_eval/flac/LA_E_4317152.flac,16
/data/DATASETS/ASV_Spoof_2019_LA/ASVspoof2019_LA_eval/flac/LA_E_4319542.flac,16
/data/DATASETS/ASV_Spoof_2019_LA/ASVspoof2019_LA_eval/flac/LA_E_4320870.flac,16
/data/DATASETS/ASV_Spoof_2019_LA/ASVspoof2019_LA_eval/flac/LA_E_4326961.flac,16
/data/DATASETS/ASV_Spoof_2019_LA/ASVspoof2019_LA_eval/flac/LA_E_4329872.flac,16
/data/DATASETS/ASV_Spoof_2019_LA/ASVspoof2019_LA_eval/flac/LA_E_4330308.flac,16
/data/DATASETS/ASV_Spoof_2019_LA/ASVspoof2019_LA_eval/flac/LA_E_4332462.flac,16
/data/DATASETS/ASV_Spoof_2019_LA/ASVspoof2019_LA_eval/flac/LA_E_4332673.flac,16
/data/DATASETS/ASV_Spoof_2019_LA/ASVspoof2019_LA_eval/flac/LA_E_4340076.flac,16
/data/DATASETS/ASV_Spoof_2019_LA/ASVspoof2019_LA_eval/flac/LA_E_4342701.flac,16
/data/DATASETS/ASV_Spoof_2019_LA/ASVspoof2019_LA_eval/flac/LA_E_4343579.flac,16
/data/DATASETS/ASV_Spoof_2019_LA/ASVspoof2019_LA_eval/flac/LA_E_4344056.flac,16
/data/DATASETS/ASV_Spoof_2019_LA/ASVspoof2019_LA_eval/flac/LA_E_4346185.flac,16
/data/DATASETS/ASV_Spoof_2019_LA/ASVspoof2019_LA_eval/flac/LA_E_4346596.flac,16
/data/DATASETS/ASV_Spoof_2019_LA/ASVspoof2019_LA_eval/flac/LA_E_4354021.flac,16
/data/DATASETS/ASV_Spoof_2019_LA/ASVspoof2019_LA_eval/flac/LA_E_4356494.flac,16
/data/DATASETS/ASV_Spoof_2019_LA/ASVspoof2019_LA_eval/flac/LA_E_4357442.flac,16
/data/DATASETS/ASV_Spoof_2019_LA/ASVspoof2019_LA_eval/flac/LA_E_4359001.flac,16
/data/DATASETS/ASV_Spoof_2019_LA/ASVspoof2019_LA_eval/flac/LA_E_4360456.flac,16
/data/DATASETS/ASV_Spoof_2019_LA/ASVspoof2019_LA_eval/flac/LA_E_4363487.flac,16
/data/DATASETS/ASV_Spoof_2019_LA/ASVspoof2019_LA_eval/flac/LA_E_4364495.flac,16
/data/DATASETS/ASV_Spoof_2019_LA/ASVspoof2019_LA_eval/flac/LA_E_4364741.flac,16
/data/DATASETS/ASV_Spoof_2019_LA/ASVspoof2019_LA_eval/flac/LA_E_4369046.flac,16
/data/DATASETS/ASV_Spoof_2019_LA/ASVspoof2019_LA_eval/flac/LA_E_4370061.flac,16
/data/DATASETS/ASV_Spoof_2019_LA/ASVspoof2019_LA_eval/flac/LA_E_4371569.flac,16
/data/DATASETS/ASV_Spoof_2019_LA/ASVspoof2019_LA_eval/flac/LA_E_4374757.flac,16
/data/DATASETS/ASV_Spoof_2019_LA/ASVspoof2019_LA_eval/flac/LA_E_4376455.flac,16
/data/DATASETS/ASV_Spoof_2019_LA/ASVspoof2019_LA_eval/flac/LA_E_4377238.flac,16
/data/DATASETS/ASV_Spoof_2019_LA/ASVspoof2019_LA_eval/flac/LA_E_4381127.flac,16
/data/DATASETS/ASV_Spoof_2019_LA/ASVspoof2019_LA_eval/flac/LA_E_4381957.flac,16
/data/DATASETS/ASV_Spoof_2019_LA/ASVspoof2019_LA_eval/flac/LA_E_4384965.flac,16
/data/DATASETS/ASV_Spoof_2019_LA/ASVspoof2019_LA_eval/flac/LA_E_4386734.flac,16
/data/DATASETS/ASV_Spoof_2019_LA/ASVspoof2019_LA_eval/flac/LA_E_4387264.flac,16
/data/DATASETS/ASV_Spoof_2019_LA/ASVspoof2019_LA_eval/flac/LA_E_4388538.flac,16
/data/DATASETS/ASV_Spoof_2019_LA/ASVspoof2019_LA_eval/flac/LA_E_4390450.flac,16
/data/DATASETS/ASV_Spoof_2019_LA/ASVspoof2019_LA_eval/flac/LA_E_4390995.flac,16
/data/DATASETS/ASV_Spoof_2019_LA/ASVspoof2019_LA_eval/flac/LA_E_4391216.flac,16
/data/DATASETS/ASV_Spoof_2019_LA/ASVspoof2019_LA_eval/flac/LA_E_4391268.flac,16
/data/DATASETS/ASV_Spoof_2019_LA/ASVspoof2019_LA_eval/flac/LA_E_4392340.flac,16
/data/DATASETS/ASV_Spoof_2019_LA/ASVspoof2019_LA_eval/flac/LA_E_4393575.flac,16
/data/DATASETS/ASV_Spoof_2019_LA/ASVspoof2019_LA_eval/flac/LA_E_4394533.flac,16
/data/DATASETS/ASV_Spoof_2019_LA/ASVspoof2019_LA_eval/flac/LA_E_4395220.flac,16
/data/DATASETS/ASV_Spoof_2019_LA/ASVspoof2019_LA_eval/flac/LA_E_4399777.flac,16
/data/DATASETS/ASV_Spoof_2019_LA/ASVspoof2019_LA_eval/flac/LA_E_4402839.flac,16
/data/DATASETS/ASV_Spoof_2019_LA/ASVspoof2019_LA_eval/flac/LA_E_4408519.flac,16
/data/DATASETS/ASV_Spoof_2019_LA/ASVspoof2019_LA_eval/flac/LA_E_4412913.flac,16
/data/DATASETS/ASV_Spoof_2019_LA/ASVspoof2019_LA_eval/flac/LA_E_4417680.flac,16
/data/DATASETS/ASV_Spoof_2019_LA/ASVspoof2019_LA_eval/flac/LA_E_4423517.flac,16
/data/DATASETS/ASV_Spoof_2019_LA/ASVspoof2019_LA_eval/flac/LA_E_4425655.flac,16
/data/DATASETS/ASV_Spoof_2019_LA/ASVspoof2019_LA_eval/flac/LA_E_4427730.flac,16
/data/DATASETS/ASV_Spoof_2019_LA/ASVspoof2019_LA_eval/flac/LA_E_4432690.flac,16
/data/DATASETS/ASV_Spoof_2019_LA/ASVspoof2019_LA_eval/flac/LA_E_4432853.flac,16
/data/DATASETS/ASV_Spoof_2019_LA/ASVspoof2019_LA_eval/flac/LA_E_4434695.flac,16
/data/DATASETS/ASV_Spoof_2019_LA/ASVspoof2019_LA_eval/flac/LA_E_4434807.flac,16
/data/DATASETS/ASV_Spoof_2019_LA/ASVspoof2019_LA_eval/flac/LA_E_4435155.flac,16
/data/DATASETS/ASV_Spoof_2019_LA/ASVspoof2019_LA_eval/flac/LA_E_4436946.flac,16
/data/DATASETS/ASV_Spoof_2019_LA/ASVspoof2019_LA_eval/flac/LA_E_4437704.flac,16
/data/DATASETS/ASV_Spoof_2019_LA/ASVspoof2019_LA_eval/flac/LA_E_4438430.flac,16
/data/DATASETS/ASV_Spoof_2019_LA/ASVspoof2019_LA_eval/flac/LA_E_4439772.flac,16
/data/DATASETS/ASV_Spoof_2019_LA/ASVspoof2019_LA_eval/flac/LA_E_4440119.flac,16
/data/DATASETS/ASV_Spoof_2019_LA/ASVspoof2019_LA_eval/flac/LA_E_4442601.flac,16
/data/DATASETS/ASV_Spoof_2019_LA/ASVspoof2019_LA_eval/flac/LA_E_4443123.flac,16
/data/DATASETS/ASV_Spoof_2019_LA/ASVspoof2019_LA_eval/flac/LA_E_4443701.flac,16
/data/DATASETS/ASV_Spoof_2019_LA/ASVspoof2019_LA_eval/flac/LA_E_4446370.flac,16
/data/DATASETS/ASV_Spoof_2019_LA/ASVspoof2019_LA_eval/flac/LA_E_4446505.flac,16
/data/DATASETS/ASV_Spoof_2019_LA/ASVspoof2019_LA_eval/flac/LA_E_4449614.flac,16
/data/DATASETS/ASV_Spoof_2019_LA/ASVspoof2019_LA_eval/flac/LA_E_4449843.flac,16
/data/DATASETS/ASV_Spoof_2019_LA/ASVspoof2019_LA_eval/flac/LA_E_4451698.flac,16
/data/DATASETS/ASV_Spoof_2019_LA/ASVspoof2019_LA_eval/flac/LA_E_4452739.flac,16
/data/DATASETS/ASV_Spoof_2019_LA/ASVspoof2019_LA_eval/flac/LA_E_4453475.flac,16
/data/DATASETS/ASV_Spoof_2019_LA/ASVspoof2019_LA_eval/flac/LA_E_4458096.flac,16
/data/DATASETS/ASV_Spoof_2019_LA/ASVspoof2019_LA_eval/flac/LA_E_4458397.flac,16
/data/DATASETS/ASV_Spoof_2019_LA/ASVspoof2019_LA_eval/flac/LA_E_4458683.flac,16
/data/DATASETS/ASV_Spoof_2019_LA/ASVspoof2019_LA_eval/flac/LA_E_4459196.flac,16
/data/DATASETS/ASV_Spoof_2019_LA/ASVspoof2019_LA_eval/flac/LA_E_4459562.flac,16
/data/DATASETS/ASV_Spoof_2019_LA/ASVspoof2019_LA_eval/flac/LA_E_4462780.flac,16
/data/DATASETS/ASV_Spoof_2019_LA/ASVspoof2019_LA_eval/flac/LA_E_4466158.flac,16
/data/DATASETS/ASV_Spoof_2019_LA/ASVspoof2019_LA_eval/flac/LA_E_4466661.flac,16
/data/DATASETS/ASV_Spoof_2019_LA/ASVspoof2019_LA_eval/flac/LA_E_4466954.flac,16
/data/DATASETS/ASV_Spoof_2019_LA/ASVspoof2019_LA_eval/flac/LA_E_4470371.flac,16
/data/DATASETS/ASV_Spoof_2019_LA/ASVspoof2019_LA_eval/flac/LA_E_4473353.flac,16
/data/DATASETS/ASV_Spoof_2019_LA/ASVspoof2019_LA_eval/flac/LA_E_4474034.flac,16
/data/DATASETS/ASV_Spoof_2019_LA/ASVspoof2019_LA_eval/flac/LA_E_4474938.flac,16
/data/DATASETS/ASV_Spoof_2019_LA/ASVspoof2019_LA_eval/flac/LA_E_4477258.flac,16
/data/DATASETS/ASV_Spoof_2019_LA/ASVspoof2019_LA_eval/flac/LA_E_4479089.flac,16
/data/DATASETS/ASV_Spoof_2019_LA/ASVspoof2019_LA_eval/flac/LA_E_4479748.flac,16
/data/DATASETS/ASV_Spoof_2019_LA/ASVspoof2019_LA_eval/flac/LA_E_4480048.flac,16
/data/DATASETS/ASV_Spoof_2019_LA/ASVspoof2019_LA_eval/flac/LA_E_4482021.flac,16
/data/DATASETS/ASV_Spoof_2019_LA/ASVspoof2019_LA_eval/flac/LA_E_4489359.flac,16
/data/DATASETS/ASV_Spoof_2019_LA/ASVspoof2019_LA_eval/flac/LA_E_4489534.flac,16
/data/DATASETS/ASV_Spoof_2019_LA/ASVspoof2019_LA_eval/flac/LA_E_4492744.flac,16
/data/DATASETS/ASV_Spoof_2019_LA/ASVspoof2019_LA_eval/flac/LA_E_4494304.flac,16
/data/DATASETS/ASV_Spoof_2019_LA/ASVspoof2019_LA_eval/flac/LA_E_4494727.flac,16
/data/DATASETS/ASV_Spoof_2019_LA/ASVspoof2019_LA_eval/flac/LA_E_4494901.flac,16
/data/DATASETS/ASV_Spoof_2019_LA/ASVspoof2019_LA_eval/flac/LA_E_4495973.flac,16
/data/DATASETS/ASV_Spoof_2019_LA/ASVspoof2019_LA_eval/flac/LA_E_4497296.flac,16
/data/DATASETS/ASV_Spoof_2019_LA/ASVspoof2019_LA_eval/flac/LA_E_4497433.flac,16
/data/DATASETS/ASV_Spoof_2019_LA/ASVspoof2019_LA_eval/flac/LA_E_4499392.flac,16
/data/DATASETS/ASV_Spoof_2019_LA/ASVspoof2019_LA_eval/flac/LA_E_4502505.flac,16
/data/DATASETS/ASV_Spoof_2019_LA/ASVspoof2019_LA_eval/flac/LA_E_4510232.flac,16
/data/DATASETS/ASV_Spoof_2019_LA/ASVspoof2019_LA_eval/flac/LA_E_4511986.flac,16
/data/DATASETS/ASV_Spoof_2019_LA/ASVspoof2019_LA_eval/flac/LA_E_4512882.flac,16
/data/DATASETS/ASV_Spoof_2019_LA/ASVspoof2019_LA_eval/flac/LA_E_4515468.flac,16
/data/DATASETS/ASV_Spoof_2019_LA/ASVspoof2019_LA_eval/flac/LA_E_4518826.flac,16
/data/DATASETS/ASV_Spoof_2019_LA/ASVspoof2019_LA_eval/flac/LA_E_4519558.flac,16
/data/DATASETS/ASV_Spoof_2019_LA/ASVspoof2019_LA_eval/flac/LA_E_4520914.flac,16
/data/DATASETS/ASV_Spoof_2019_LA/ASVspoof2019_LA_eval/flac/LA_E_4522322.flac,16
/data/DATASETS/ASV_Spoof_2019_LA/ASVspoof2019_LA_eval/flac/LA_E_4529023.flac,16
/data/DATASETS/ASV_Spoof_2019_LA/ASVspoof2019_LA_eval/flac/LA_E_4531364.flac,16
/data/DATASETS/ASV_Spoof_2019_LA/ASVspoof2019_LA_eval/flac/LA_E_4531554.flac,16
/data/DATASETS/ASV_Spoof_2019_LA/ASVspoof2019_LA_eval/flac/LA_E_4533923.flac,16
/data/DATASETS/ASV_Spoof_2019_LA/ASVspoof2019_LA_eval/flac/LA_E_4538772.flac,16
/data/DATASETS/ASV_Spoof_2019_LA/ASVspoof2019_LA_eval/flac/LA_E_4539824.flac,16
/data/DATASETS/ASV_Spoof_2019_LA/ASVspoof2019_LA_eval/flac/LA_E_4544502.flac,16
/data/DATASETS/ASV_Spoof_2019_LA/ASVspoof2019_LA_eval/flac/LA_E_4545130.flac,16
/data/DATASETS/ASV_Spoof_2019_LA/ASVspoof2019_LA_eval/flac/LA_E_4547897.flac,16
/data/DATASETS/ASV_Spoof_2019_LA/ASVspoof2019_LA_eval/flac/LA_E_4550266.flac,16
/data/DATASETS/ASV_Spoof_2019_LA/ASVspoof2019_LA_eval/flac/LA_E_4550481.flac,16
/data/DATASETS/ASV_Spoof_2019_LA/ASVspoof2019_LA_eval/flac/LA_E_4550916.flac,16
/data/DATASETS/ASV_Spoof_2019_LA/ASVspoof2019_LA_eval/flac/LA_E_4552948.flac,16
/data/DATASETS/ASV_Spoof_2019_LA/ASVspoof2019_LA_eval/flac/LA_E_4556721.flac,16
/data/DATASETS/ASV_Spoof_2019_LA/ASVspoof2019_LA_eval/flac/LA_E_4557605.flac,16
/data/DATASETS/ASV_Spoof_2019_LA/ASVspoof2019_LA_eval/flac/LA_E_4557987.flac,16
/data/DATASETS/ASV_Spoof_2019_LA/ASVspoof2019_LA_eval/flac/LA_E_4567328.flac,16
/data/DATASETS/ASV_Spoof_2019_LA/ASVspoof2019_LA_eval/flac/LA_E_4568409.flac,16
/data/DATASETS/ASV_Spoof_2019_LA/ASVspoof2019_LA_eval/flac/LA_E_4568708.flac,16
/data/DATASETS/ASV_Spoof_2019_LA/ASVspoof2019_LA_eval/flac/LA_E_4581164.flac,16
/data/DATASETS/ASV_Spoof_2019_LA/ASVspoof2019_LA_eval/flac/LA_E_4584303.flac,16
/data/DATASETS/ASV_Spoof_2019_LA/ASVspoof2019_LA_eval/flac/LA_E_4587247.flac,16
/data/DATASETS/ASV_Spoof_2019_LA/ASVspoof2019_LA_eval/flac/LA_E_4588341.flac,16
/data/DATASETS/ASV_Spoof_2019_LA/ASVspoof2019_LA_eval/flac/LA_E_4593844.flac,16
/data/DATASETS/ASV_Spoof_2019_LA/ASVspoof2019_LA_eval/flac/LA_E_4595201.flac,16
/data/DATASETS/ASV_Spoof_2019_LA/ASVspoof2019_LA_eval/flac/LA_E_4599551.flac,16
/data/DATASETS/ASV_Spoof_2019_LA/ASVspoof2019_LA_eval/flac/LA_E_4599722.flac,16
/data/DATASETS/ASV_Spoof_2019_LA/ASVspoof2019_LA_eval/flac/LA_E_4601606.flac,16
/data/DATASETS/ASV_Spoof_2019_LA/ASVspoof2019_LA_eval/flac/LA_E_4602850.flac,16
/data/DATASETS/ASV_Spoof_2019_LA/ASVspoof2019_LA_eval/flac/LA_E_4603878.flac,16
/data/DATASETS/ASV_Spoof_2019_LA/ASVspoof2019_LA_eval/flac/LA_E_4604945.flac,16
/data/DATASETS/ASV_Spoof_2019_LA/ASVspoof2019_LA_eval/flac/LA_E_4610591.flac,16
/data/DATASETS/ASV_Spoof_2019_LA/ASVspoof2019_LA_eval/flac/LA_E_4610917.flac,16
/data/DATASETS/ASV_Spoof_2019_LA/ASVspoof2019_LA_eval/flac/LA_E_4612052.flac,16
/data/DATASETS/ASV_Spoof_2019_LA/ASVspoof2019_LA_eval/flac/LA_E_4616491.flac,16
/data/DATASETS/ASV_Spoof_2019_LA/ASVspoof2019_LA_eval/flac/LA_E_4616650.flac,16
/data/DATASETS/ASV_Spoof_2019_LA/ASVspoof2019_LA_eval/flac/LA_E_4619371.flac,16
/data/DATASETS/ASV_Spoof_2019_LA/ASVspoof2019_LA_eval/flac/LA_E_4625270.flac,16
/data/DATASETS/ASV_Spoof_2019_LA/ASVspoof2019_LA_eval/flac/LA_E_4625293.flac,16
/data/DATASETS/ASV_Spoof_2019_LA/ASVspoof2019_LA_eval/flac/LA_E_4632275.flac,16
/data/DATASETS/ASV_Spoof_2019_LA/ASVspoof2019_LA_eval/flac/LA_E_4636212.flac,16
/data/DATASETS/ASV_Spoof_2019_LA/ASVspoof2019_LA_eval/flac/LA_E_4640031.flac,16
/data/DATASETS/ASV_Spoof_2019_LA/ASVspoof2019_LA_eval/flac/LA_E_4646578.flac,16
/data/DATASETS/ASV_Spoof_2019_LA/ASVspoof2019_LA_eval/flac/LA_E_4646766.flac,16
/data/DATASETS/ASV_Spoof_2019_LA/ASVspoof2019_LA_eval/flac/LA_E_4648354.flac,16
/data/DATASETS/ASV_Spoof_2019_LA/ASVspoof2019_LA_eval/flac/LA_E_4648436.flac,16
/data/DATASETS/ASV_Spoof_2019_LA/ASVspoof2019_LA_eval/flac/LA_E_4648479.flac,16
/data/DATASETS/ASV_Spoof_2019_LA/ASVspoof2019_LA_eval/flac/LA_E_4651404.flac,16
/data/DATASETS/ASV_Spoof_2019_LA/ASVspoof2019_LA_eval/flac/LA_E_4651556.flac,16
/data/DATASETS/ASV_Spoof_2019_LA/ASVspoof2019_LA_eval/flac/LA_E_4653187.flac,16
/data/DATASETS/ASV_Spoof_2019_LA/ASVspoof2019_LA_eval/flac/LA_E_4655405.flac,16
/data/DATASETS/ASV_Spoof_2019_LA/ASVspoof2019_LA_eval/flac/LA_E_4655992.flac,16
/data/DATASETS/ASV_Spoof_2019_LA/ASVspoof2019_LA_eval/flac/LA_E_4656140.flac,16
/data/DATASETS/ASV_Spoof_2019_LA/ASVspoof2019_LA_eval/flac/LA_E_4658911.flac,16
/data/DATASETS/ASV_Spoof_2019_LA/ASVspoof2019_LA_eval/flac/LA_E_4664103.flac,16
/data/DATASETS/ASV_Spoof_2019_LA/ASVspoof2019_LA_eval/flac/LA_E_4665159.flac,16
/data/DATASETS/ASV_Spoof_2019_LA/ASVspoof2019_LA_eval/flac/LA_E_4666083.flac,16
/data/DATASETS/ASV_Spoof_2019_LA/ASVspoof2019_LA_eval/flac/LA_E_4669320.flac,16
/data/DATASETS/ASV_Spoof_2019_LA/ASVspoof2019_LA_eval/flac/LA_E_4672163.flac,16
/data/DATASETS/ASV_Spoof_2019_LA/ASVspoof2019_LA_eval/flac/LA_E_4672227.flac,16
/data/DATASETS/ASV_Spoof_2019_LA/ASVspoof2019_LA_eval/flac/LA_E_4674565.flac,16
/data/DATASETS/ASV_Spoof_2019_LA/ASVspoof2019_LA_eval/flac/LA_E_4678069.flac,16
/data/DATASETS/ASV_Spoof_2019_LA/ASVspoof2019_LA_eval/flac/LA_E_4678132.flac,16
/data/DATASETS/ASV_Spoof_2019_LA/ASVspoof2019_LA_eval/flac/LA_E_4678226.flac,16
/data/DATASETS/ASV_Spoof_2019_LA/ASVspoof2019_LA_eval/flac/LA_E_4679487.flac,16
/data/DATASETS/ASV_Spoof_2019_LA/ASVspoof2019_LA_eval/flac/LA_E_4680564.flac,16
/data/DATASETS/ASV_Spoof_2019_LA/ASVspoof2019_LA_eval/flac/LA_E_4680733.flac,16
/data/DATASETS/ASV_Spoof_2019_LA/ASVspoof2019_LA_eval/flac/LA_E_4685204.flac,16
/data/DATASETS/ASV_Spoof_2019_LA/ASVspoof2019_LA_eval/flac/LA_E_4690169.flac,16
/data/DATASETS/ASV_Spoof_2019_LA/ASVspoof2019_LA_eval/flac/LA_E_4698549.flac,16
/data/DATASETS/ASV_Spoof_2019_LA/ASVspoof2019_LA_eval/flac/LA_E_4701540.flac,16
/data/DATASETS/ASV_Spoof_2019_LA/ASVspoof2019_LA_eval/flac/LA_E_4701784.flac,16
/data/DATASETS/ASV_Spoof_2019_LA/ASVspoof2019_LA_eval/flac/LA_E_4702806.flac,16
/data/DATASETS/ASV_Spoof_2019_LA/ASVspoof2019_LA_eval/flac/LA_E_4703824.flac,16
/data/DATASETS/ASV_Spoof_2019_LA/ASVspoof2019_LA_eval/flac/LA_E_4705549.flac,16
/data/DATASETS/ASV_Spoof_2019_LA/ASVspoof2019_LA_eval/flac/LA_E_4705628.flac,16
/data/DATASETS/ASV_Spoof_2019_LA/ASVspoof2019_LA_eval/flac/LA_E_4710003.flac,16
/data/DATASETS/ASV_Spoof_2019_LA/ASVspoof2019_LA_eval/flac/LA_E_4711978.flac,16
/data/DATASETS/ASV_Spoof_2019_LA/ASVspoof2019_LA_eval/flac/LA_E_4712359.flac,16
/data/DATASETS/ASV_Spoof_2019_LA/ASVspoof2019_LA_eval/flac/LA_E_4714009.flac,16
/data/DATASETS/ASV_Spoof_2019_LA/ASVspoof2019_LA_eval/flac/LA_E_4714531.flac,16
/data/DATASETS/ASV_Spoof_2019_LA/ASVspoof2019_LA_eval/flac/LA_E_4716210.flac,16
/data/DATASETS/ASV_Spoof_2019_LA/ASVspoof2019_LA_eval/flac/LA_E_4717696.flac,16
/data/DATASETS/ASV_Spoof_2019_LA/ASVspoof2019_LA_eval/flac/LA_E_4719743.flac,16
/data/DATASETS/ASV_Spoof_2019_LA/ASVspoof2019_LA_eval/flac/LA_E_4720411.flac,16
/data/DATASETS/ASV_Spoof_2019_LA/ASVspoof2019_LA_eval/flac/LA_E_4721515.flac,16
/data/DATASETS/ASV_Spoof_2019_LA/ASVspoof2019_LA_eval/flac/LA_E_4722998.flac,16
/data/DATASETS/ASV_Spoof_2019_LA/ASVspoof2019_LA_eval/flac/LA_E_4730265.flac,16
/data/DATASETS/ASV_Spoof_2019_LA/ASVspoof2019_LA_eval/flac/LA_E_4730371.flac,16
/data/DATASETS/ASV_Spoof_2019_LA/ASVspoof2019_LA_eval/flac/LA_E_4730789.flac,16
/data/DATASETS/ASV_Spoof_2019_LA/ASVspoof2019_LA_eval/flac/LA_E_4739339.flac,16
/data/DATASETS/ASV_Spoof_2019_LA/ASVspoof2019_LA_eval/flac/LA_E_4743248.flac,16
/data/DATASETS/ASV_Spoof_2019_LA/ASVspoof2019_LA_eval/flac/LA_E_4746840.flac,16
/data/DATASETS/ASV_Spoof_2019_LA/ASVspoof2019_LA_eval/flac/LA_E_4747959.flac,16
/data/DATASETS/ASV_Spoof_2019_LA/ASVspoof2019_LA_eval/flac/LA_E_4749136.flac,16
/data/DATASETS/ASV_Spoof_2019_LA/ASVspoof2019_LA_eval/flac/LA_E_4749354.flac,16
/data/DATASETS/ASV_Spoof_2019_LA/ASVspoof2019_LA_eval/flac/LA_E_4750988.flac,16
/data/DATASETS/ASV_Spoof_2019_LA/ASVspoof2019_LA_eval/flac/LA_E_4751132.flac,16
/data/DATASETS/ASV_Spoof_2019_LA/ASVspoof2019_LA_eval/flac/LA_E_4751686.flac,16
/data/DATASETS/ASV_Spoof_2019_LA/ASVspoof2019_LA_eval/flac/LA_E_4753537.flac,16
/data/DATASETS/ASV_Spoof_2019_LA/ASVspoof2019_LA_eval/flac/LA_E_4754798.flac,16
/data/DATASETS/ASV_Spoof_2019_LA/ASVspoof2019_LA_eval/flac/LA_E_4757640.flac,16
/data/DATASETS/ASV_Spoof_2019_LA/ASVspoof2019_LA_eval/flac/LA_E_4759730.flac,16
/data/DATASETS/ASV_Spoof_2019_LA/ASVspoof2019_LA_eval/flac/LA_E_4761401.flac,16
/data/DATASETS/ASV_Spoof_2019_LA/ASVspoof2019_LA_eval/flac/LA_E_4762877.flac,16
/data/DATASETS/ASV_Spoof_2019_LA/ASVspoof2019_LA_eval/flac/LA_E_4764930.flac,16
/data/DATASETS/ASV_Spoof_2019_LA/ASVspoof2019_LA_eval/flac/LA_E_4766707.flac,16
/data/DATASETS/ASV_Spoof_2019_LA/ASVspoof2019_LA_eval/flac/LA_E_4767190.flac,16
/data/DATASETS/ASV_Spoof_2019_LA/ASVspoof2019_LA_eval/flac/LA_E_4767564.flac,16
/data/DATASETS/ASV_Spoof_2019_LA/ASVspoof2019_LA_eval/flac/LA_E_4769508.flac,16
/data/DATASETS/ASV_Spoof_2019_LA/ASVspoof2019_LA_eval/flac/LA_E_4771192.flac,16
/data/DATASETS/ASV_Spoof_2019_LA/ASVspoof2019_LA_eval/flac/LA_E_4775266.flac,16
/data/DATASETS/ASV_Spoof_2019_LA/ASVspoof2019_LA_eval/flac/LA_E_4782012.flac,16
/data/DATASETS/ASV_Spoof_2019_LA/ASVspoof2019_LA_eval/flac/LA_E_4783782.flac,16
/data/DATASETS/ASV_Spoof_2019_LA/ASVspoof2019_LA_eval/flac/LA_E_4784568.flac,16
/data/DATASETS/ASV_Spoof_2019_LA/ASVspoof2019_LA_eval/flac/LA_E_4785811.flac,16
/data/DATASETS/ASV_Spoof_2019_LA/ASVspoof2019_LA_eval/flac/LA_E_4786877.flac,16
/data/DATASETS/ASV_Spoof_2019_LA/ASVspoof2019_LA_eval/flac/LA_E_4790217.flac,16
/data/DATASETS/ASV_Spoof_2019_LA/ASVspoof2019_LA_eval/flac/LA_E_4790668.flac,16
/data/DATASETS/ASV_Spoof_2019_LA/ASVspoof2019_LA_eval/flac/LA_E_4791534.flac,16
/data/DATASETS/ASV_Spoof_2019_LA/ASVspoof2019_LA_eval/flac/LA_E_4793705.flac,16
/data/DATASETS/ASV_Spoof_2019_LA/ASVspoof2019_LA_eval/flac/LA_E_4800407.flac,16
/data/DATASETS/ASV_Spoof_2019_LA/ASVspoof2019_LA_eval/flac/LA_E_4802070.flac,16
/data/DATASETS/ASV_Spoof_2019_LA/ASVspoof2019_LA_eval/flac/LA_E_4803634.flac,16
/data/DATASETS/ASV_Spoof_2019_LA/ASVspoof2019_LA_eval/flac/LA_E_4803911.flac,16
/data/DATASETS/ASV_Spoof_2019_LA/ASVspoof2019_LA_eval/flac/LA_E_4807418.flac,16
/data/DATASETS/ASV_Spoof_2019_LA/ASVspoof2019_LA_eval/flac/LA_E_4809708.flac,16
/data/DATASETS/ASV_Spoof_2019_LA/ASVspoof2019_LA_eval/flac/LA_E_4811180.flac,16
/data/DATASETS/ASV_Spoof_2019_LA/ASVspoof2019_LA_eval/flac/LA_E_4816382.flac,16
/data/DATASETS/ASV_Spoof_2019_LA/ASVspoof2019_LA_eval/flac/LA_E_4816428.flac,16
/data/DATASETS/ASV_Spoof_2019_LA/ASVspoof2019_LA_eval/flac/LA_E_4816759.flac,16
/data/DATASETS/ASV_Spoof_2019_LA/ASVspoof2019_LA_eval/flac/LA_E_4817521.flac,16
/data/DATASETS/ASV_Spoof_2019_LA/ASVspoof2019_LA_eval/flac/LA_E_4818058.flac,16
/data/DATASETS/ASV_Spoof_2019_LA/ASVspoof2019_LA_eval/flac/LA_E_4818772.flac,16
/data/DATASETS/ASV_Spoof_2019_LA/ASVspoof2019_LA_eval/flac/LA_E_4818837.flac,16
/data/DATASETS/ASV_Spoof_2019_LA/ASVspoof2019_LA_eval/flac/LA_E_4821817.flac,16
/data/DATASETS/ASV_Spoof_2019_LA/ASVspoof2019_LA_eval/flac/LA_E_4822497.flac,16
/data/DATASETS/ASV_Spoof_2019_LA/ASVspoof2019_LA_eval/flac/LA_E_4825991.flac,16
/data/DATASETS/ASV_Spoof_2019_LA/ASVspoof2019_LA_eval/flac/LA_E_4829760.flac,16
/data/DATASETS/ASV_Spoof_2019_LA/ASVspoof2019_LA_eval/flac/LA_E_4831510.flac,16
/data/DATASETS/ASV_Spoof_2019_LA/ASVspoof2019_LA_eval/flac/LA_E_4834461.flac,16
/data/DATASETS/ASV_Spoof_2019_LA/ASVspoof2019_LA_eval/flac/LA_E_4834590.flac,16
/data/DATASETS/ASV_Spoof_2019_LA/ASVspoof2019_LA_eval/flac/LA_E_4834651.flac,16
/data/DATASETS/ASV_Spoof_2019_LA/ASVspoof2019_LA_eval/flac/LA_E_4837024.flac,16
/data/DATASETS/ASV_Spoof_2019_LA/ASVspoof2019_LA_eval/flac/LA_E_4837670.flac,16
/data/DATASETS/ASV_Spoof_2019_LA/ASVspoof2019_LA_eval/flac/LA_E_4838905.flac,16
/data/DATASETS/ASV_Spoof_2019_LA/ASVspoof2019_LA_eval/flac/LA_E_4839824.flac,16
/data/DATASETS/ASV_Spoof_2019_LA/ASVspoof2019_LA_eval/flac/LA_E_4841943.flac,16
/data/DATASETS/ASV_Spoof_2019_LA/ASVspoof2019_LA_eval/flac/LA_E_4843963.flac,16
/data/DATASETS/ASV_Spoof_2019_LA/ASVspoof2019_LA_eval/flac/LA_E_4844179.flac,16
/data/DATASETS/ASV_Spoof_2019_LA/ASVspoof2019_LA_eval/flac/LA_E_4844295.flac,16
/data/DATASETS/ASV_Spoof_2019_LA/ASVspoof2019_LA_eval/flac/LA_E_4844793.flac,16
/data/DATASETS/ASV_Spoof_2019_LA/ASVspoof2019_LA_eval/flac/LA_E_4845598.flac,16
/data/DATASETS/ASV_Spoof_2019_LA/ASVspoof2019_LA_eval/flac/LA_E_4846502.flac,16
/data/DATASETS/ASV_Spoof_2019_LA/ASVspoof2019_LA_eval/flac/LA_E_4846990.flac,16
/data/DATASETS/ASV_Spoof_2019_LA/ASVspoof2019_LA_eval/flac/LA_E_4847907.flac,16
/data/DATASETS/ASV_Spoof_2019_LA/ASVspoof2019_LA_eval/flac/LA_E_4848649.flac,16
/data/DATASETS/ASV_Spoof_2019_LA/ASVspoof2019_LA_eval/flac/LA_E_4850202.flac,16
/data/DATASETS/ASV_Spoof_2019_LA/ASVspoof2019_LA_eval/flac/LA_E_4850818.flac,16
/data/DATASETS/ASV_Spoof_2019_LA/ASVspoof2019_LA_eval/flac/LA_E_4854794.flac,16
/data/DATASETS/ASV_Spoof_2019_LA/ASVspoof2019_LA_eval/flac/LA_E_4855579.flac,16
/data/DATASETS/ASV_Spoof_2019_LA/ASVspoof2019_LA_eval/flac/LA_E_4856195.flac,16
/data/DATASETS/ASV_Spoof_2019_LA/ASVspoof2019_LA_eval/flac/LA_E_4858071.flac,16
/data/DATASETS/ASV_Spoof_2019_LA/ASVspoof2019_LA_eval/flac/LA_E_4858544.flac,16
/data/DATASETS/ASV_Spoof_2019_LA/ASVspoof2019_LA_eval/flac/LA_E_4864065.flac,16
/data/DATASETS/ASV_Spoof_2019_LA/ASVspoof2019_LA_eval/flac/LA_E_4864530.flac,16
/data/DATASETS/ASV_Spoof_2019_LA/ASVspoof2019_LA_eval/flac/LA_E_4864791.flac,16
/data/DATASETS/ASV_Spoof_2019_LA/ASVspoof2019_LA_eval/flac/LA_E_4866075.flac,16
/data/DATASETS/ASV_Spoof_2019_LA/ASVspoof2019_LA_eval/flac/LA_E_4867609.flac,16
/data/DATASETS/ASV_Spoof_2019_LA/ASVspoof2019_LA_eval/flac/LA_E_4871236.flac,16
/data/DATASETS/ASV_Spoof_2019_LA/ASVspoof2019_LA_eval/flac/LA_E_4871246.flac,16
/data/DATASETS/ASV_Spoof_2019_LA/ASVspoof2019_LA_eval/flac/LA_E_4872021.flac,16
/data/DATASETS/ASV_Spoof_2019_LA/ASVspoof2019_LA_eval/flac/LA_E_4872704.flac,16
/data/DATASETS/ASV_Spoof_2019_LA/ASVspoof2019_LA_eval/flac/LA_E_4874347.flac,16
/data/DATASETS/ASV_Spoof_2019_LA/ASVspoof2019_LA_eval/flac/LA_E_4877126.flac,16
/data/DATASETS/ASV_Spoof_2019_LA/ASVspoof2019_LA_eval/flac/LA_E_4877543.flac,16
/data/DATASETS/ASV_Spoof_2019_LA/ASVspoof2019_LA_eval/flac/LA_E_4883406.flac,16
/data/DATASETS/ASV_Spoof_2019_LA/ASVspoof2019_LA_eval/flac/LA_E_4884567.flac,16
/data/DATASETS/ASV_Spoof_2019_LA/ASVspoof2019_LA_eval/flac/LA_E_4888715.flac,16
/data/DATASETS/ASV_Spoof_2019_LA/ASVspoof2019_LA_eval/flac/LA_E_4890504.flac,16
/data/DATASETS/ASV_Spoof_2019_LA/ASVspoof2019_LA_eval/flac/LA_E_4890766.flac,16
/data/DATASETS/ASV_Spoof_2019_LA/ASVspoof2019_LA_eval/flac/LA_E_4891372.flac,16
/data/DATASETS/ASV_Spoof_2019_LA/ASVspoof2019_LA_eval/flac/LA_E_4893753.flac,16
/data/DATASETS/ASV_Spoof_2019_LA/ASVspoof2019_LA_eval/flac/LA_E_4893957.flac,16
/data/DATASETS/ASV_Spoof_2019_LA/ASVspoof2019_LA_eval/flac/LA_E_4895518.flac,16
/data/DATASETS/ASV_Spoof_2019_LA/ASVspoof2019_LA_eval/flac/LA_E_4896898.flac,16
/data/DATASETS/ASV_Spoof_2019_LA/ASVspoof2019_LA_eval/flac/LA_E_4898435.flac,16
/data/DATASETS/ASV_Spoof_2019_LA/ASVspoof2019_LA_eval/flac/LA_E_4898853.flac,16
/data/DATASETS/ASV_Spoof_2019_LA/ASVspoof2019_LA_eval/flac/LA_E_4899938.flac,16
/data/DATASETS/ASV_Spoof_2019_LA/ASVspoof2019_LA_eval/flac/LA_E_4901908.flac,16
/data/DATASETS/ASV_Spoof_2019_LA/ASVspoof2019_LA_eval/flac/LA_E_4902920.flac,16
/data/DATASETS/ASV_Spoof_2019_LA/ASVspoof2019_LA_eval/flac/LA_E_4905348.flac,16
/data/DATASETS/ASV_Spoof_2019_LA/ASVspoof2019_LA_eval/flac/LA_E_4908427.flac,16
/data/DATASETS/ASV_Spoof_2019_LA/ASVspoof2019_LA_eval/flac/LA_E_4909247.flac,16
/data/DATASETS/ASV_Spoof_2019_LA/ASVspoof2019_LA_eval/flac/LA_E_4913097.flac,16
/data/DATASETS/ASV_Spoof_2019_LA/ASVspoof2019_LA_eval/flac/LA_E_4914907.flac,16
/data/DATASETS/ASV_Spoof_2019_LA/ASVspoof2019_LA_eval/flac/LA_E_4916618.flac,16
/data/DATASETS/ASV_Spoof_2019_LA/ASVspoof2019_LA_eval/flac/LA_E_4916984.flac,16
/data/DATASETS/ASV_Spoof_2019_LA/ASVspoof2019_LA_eval/flac/LA_E_4917634.flac,16
/data/DATASETS/ASV_Spoof_2019_LA/ASVspoof2019_LA_eval/flac/LA_E_4919638.flac,16
/data/DATASETS/ASV_Spoof_2019_LA/ASVspoof2019_LA_eval/flac/LA_E_4921027.flac,16
/data/DATASETS/ASV_Spoof_2019_LA/ASVspoof2019_LA_eval/flac/LA_E_4923678.flac,16
/data/DATASETS/ASV_Spoof_2019_LA/ASVspoof2019_LA_eval/flac/LA_E_4925370.flac,16
/data/DATASETS/ASV_Spoof_2019_LA/ASVspoof2019_LA_eval/flac/LA_E_4925872.flac,16
/data/DATASETS/ASV_Spoof_2019_LA/ASVspoof2019_LA_eval/flac/LA_E_4926022.flac,16
/data/DATASETS/ASV_Spoof_2019_LA/ASVspoof2019_LA_eval/flac/LA_E_4931491.flac,16
/data/DATASETS/ASV_Spoof_2019_LA/ASVspoof2019_LA_eval/flac/LA_E_4931790.flac,16
/data/DATASETS/ASV_Spoof_2019_LA/ASVspoof2019_LA_eval/flac/LA_E_4942964.flac,16
/data/DATASETS/ASV_Spoof_2019_LA/ASVspoof2019_LA_eval/flac/LA_E_4945100.flac,16
/data/DATASETS/ASV_Spoof_2019_LA/ASVspoof2019_LA_eval/flac/LA_E_4947655.flac,16
/data/DATASETS/ASV_Spoof_2019_LA/ASVspoof2019_LA_eval/flac/LA_E_4947675.flac,16
/data/DATASETS/ASV_Spoof_2019_LA/ASVspoof2019_LA_eval/flac/LA_E_4948873.flac,16
/data/DATASETS/ASV_Spoof_2019_LA/ASVspoof2019_LA_eval/flac/LA_E_4952064.flac,16
/data/DATASETS/ASV_Spoof_2019_LA/ASVspoof2019_LA_eval/flac/LA_E_4952183.flac,16
/data/DATASETS/ASV_Spoof_2019_LA/ASVspoof2019_LA_eval/flac/LA_E_4953054.flac,16
/data/DATASETS/ASV_Spoof_2019_LA/ASVspoof2019_LA_eval/flac/LA_E_4953598.flac,16
/data/DATASETS/ASV_Spoof_2019_LA/ASVspoof2019_LA_eval/flac/LA_E_4953655.flac,16
/data/DATASETS/ASV_Spoof_2019_LA/ASVspoof2019_LA_eval/flac/LA_E_4953993.flac,16
/data/DATASETS/ASV_Spoof_2019_LA/ASVspoof2019_LA_eval/flac/LA_E_4958046.flac,16
/data/DATASETS/ASV_Spoof_2019_LA/ASVspoof2019_LA_eval/flac/LA_E_4958186.flac,16
/data/DATASETS/ASV_Spoof_2019_LA/ASVspoof2019_LA_eval/flac/LA_E_4959324.flac,16
/data/DATASETS/ASV_Spoof_2019_LA/ASVspoof2019_LA_eval/flac/LA_E_4959445.flac,16
/data/DATASETS/ASV_Spoof_2019_LA/ASVspoof2019_LA_eval/flac/LA_E_4959787.flac,16
/data/DATASETS/ASV_Spoof_2019_LA/ASVspoof2019_LA_eval/flac/LA_E_4965327.flac,16
/data/DATASETS/ASV_Spoof_2019_LA/ASVspoof2019_LA_eval/flac/LA_E_4967785.flac,16
/data/DATASETS/ASV_Spoof_2019_LA/ASVspoof2019_LA_eval/flac/LA_E_4969637.flac,16
/data/DATASETS/ASV_Spoof_2019_LA/ASVspoof2019_LA_eval/flac/LA_E_4971397.flac,16
/data/DATASETS/ASV_Spoof_2019_LA/ASVspoof2019_LA_eval/flac/LA_E_4972083.flac,16
/data/DATASETS/ASV_Spoof_2019_LA/ASVspoof2019_LA_eval/flac/LA_E_4974333.flac,16
/data/DATASETS/ASV_Spoof_2019_LA/ASVspoof2019_LA_eval/flac/LA_E_4976896.flac,16
/data/DATASETS/ASV_Spoof_2019_LA/ASVspoof2019_LA_eval/flac/LA_E_4981255.flac,16
/data/DATASETS/ASV_Spoof_2019_LA/ASVspoof2019_LA_eval/flac/LA_E_4982843.flac,16
/data/DATASETS/ASV_Spoof_2019_LA/ASVspoof2019_LA_eval/flac/LA_E_4985060.flac,16
/data/DATASETS/ASV_Spoof_2019_LA/ASVspoof2019_LA_eval/flac/LA_E_4986585.flac,16
/data/DATASETS/ASV_Spoof_2019_LA/ASVspoof2019_LA_eval/flac/LA_E_4989745.flac,16
/data/DATASETS/ASV_Spoof_2019_LA/ASVspoof2019_LA_eval/flac/LA_E_4997514.flac,16
/data/DATASETS/ASV_Spoof_2019_LA/ASVspoof2019_LA_eval/flac/LA_E_4997851.flac,16
/data/DATASETS/ASV_Spoof_2019_LA/ASVspoof2019_LA_eval/flac/LA_E_5002232.flac,16
/data/DATASETS/ASV_Spoof_2019_LA/ASVspoof2019_LA_eval/flac/LA_E_5003374.flac,16
/data/DATASETS/ASV_Spoof_2019_LA/ASVspoof2019_LA_eval/flac/LA_E_5004534.flac,16
/data/DATASETS/ASV_Spoof_2019_LA/ASVspoof2019_LA_eval/flac/LA_E_5005935.flac,16
/data/DATASETS/ASV_Spoof_2019_LA/ASVspoof2019_LA_eval/flac/LA_E_5008927.flac,16
/data/DATASETS/ASV_Spoof_2019_LA/ASVspoof2019_LA_eval/flac/LA_E_5009082.flac,16
/data/DATASETS/ASV_Spoof_2019_LA/ASVspoof2019_LA_eval/flac/LA_E_5009249.flac,16
/data/DATASETS/ASV_Spoof_2019_LA/ASVspoof2019_LA_eval/flac/LA_E_5009755.flac,16
/data/DATASETS/ASV_Spoof_2019_LA/ASVspoof2019_LA_eval/flac/LA_E_5010270.flac,16
/data/DATASETS/ASV_Spoof_2019_LA/ASVspoof2019_LA_eval/flac/LA_E_5017622.flac,16
/data/DATASETS/ASV_Spoof_2019_LA/ASVspoof2019_LA_eval/flac/LA_E_5019703.flac,16
/data/DATASETS/ASV_Spoof_2019_LA/ASVspoof2019_LA_eval/flac/LA_E_5022191.flac,16
/data/DATASETS/ASV_Spoof_2019_LA/ASVspoof2019_LA_eval/flac/LA_E_5022429.flac,16
/data/DATASETS/ASV_Spoof_2019_LA/ASVspoof2019_LA_eval/flac/LA_E_5025964.flac,16
/data/DATASETS/ASV_Spoof_2019_LA/ASVspoof2019_LA_eval/flac/LA_E_5026721.flac,16
/data/DATASETS/ASV_Spoof_2019_LA/ASVspoof2019_LA_eval/flac/LA_E_5026793.flac,16
/data/DATASETS/ASV_Spoof_2019_LA/ASVspoof2019_LA_eval/flac/LA_E_5028801.flac,16
/data/DATASETS/ASV_Spoof_2019_LA/ASVspoof2019_LA_eval/flac/LA_E_5028921.flac,16
/data/DATASETS/ASV_Spoof_2019_LA/ASVspoof2019_LA_eval/flac/LA_E_5033728.flac,16
/data/DATASETS/ASV_Spoof_2019_LA/ASVspoof2019_LA_eval/flac/LA_E_5035687.flac,16
/data/DATASETS/ASV_Spoof_2019_LA/ASVspoof2019_LA_eval/flac/LA_E_5038488.flac,16
/data/DATASETS/ASV_Spoof_2019_LA/ASVspoof2019_LA_eval/flac/LA_E_5038648.flac,16
/data/DATASETS/ASV_Spoof_2019_LA/ASVspoof2019_LA_eval/flac/LA_E_5041777.flac,16
/data/DATASETS/ASV_Spoof_2019_LA/ASVspoof2019_LA_eval/flac/LA_E_5042332.flac,16
/data/DATASETS/ASV_Spoof_2019_LA/ASVspoof2019_LA_eval/flac/LA_E_5042846.flac,16
/data/DATASETS/ASV_Spoof_2019_LA/ASVspoof2019_LA_eval/flac/LA_E_5045313.flac,16
/data/DATASETS/ASV_Spoof_2019_LA/ASVspoof2019_LA_eval/flac/LA_E_5051328.flac,16
/data/DATASETS/ASV_Spoof_2019_LA/ASVspoof2019_LA_eval/flac/LA_E_5053057.flac,16
/data/DATASETS/ASV_Spoof_2019_LA/ASVspoof2019_LA_eval/flac/LA_E_5054782.flac,16
/data/DATASETS/ASV_Spoof_2019_LA/ASVspoof2019_LA_eval/flac/LA_E_5054919.flac,16
/data/DATASETS/ASV_Spoof_2019_LA/ASVspoof2019_LA_eval/flac/LA_E_5056750.flac,16
/data/DATASETS/ASV_Spoof_2019_LA/ASVspoof2019_LA_eval/flac/LA_E_5057059.flac,16
/data/DATASETS/ASV_Spoof_2019_LA/ASVspoof2019_LA_eval/flac/LA_E_5059085.flac,16
/data/DATASETS/ASV_Spoof_2019_LA/ASVspoof2019_LA_eval/flac/LA_E_5060439.flac,16
/data/DATASETS/ASV_Spoof_2019_LA/ASVspoof2019_LA_eval/flac/LA_E_5063770.flac,16
/data/DATASETS/ASV_Spoof_2019_LA/ASVspoof2019_LA_eval/flac/LA_E_5069322.flac,16
/data/DATASETS/ASV_Spoof_2019_LA/ASVspoof2019_LA_eval/flac/LA_E_5070122.flac,16
/data/DATASETS/ASV_Spoof_2019_LA/ASVspoof2019_LA_eval/flac/LA_E_5071406.flac,16
/data/DATASETS/ASV_Spoof_2019_LA/ASVspoof2019_LA_eval/flac/LA_E_5071599.flac,16
/data/DATASETS/ASV_Spoof_2019_LA/ASVspoof2019_LA_eval/flac/LA_E_5075873.flac,16
/data/DATASETS/ASV_Spoof_2019_LA/ASVspoof2019_LA_eval/flac/LA_E_5077834.flac,16
/data/DATASETS/ASV_Spoof_2019_LA/ASVspoof2019_LA_eval/flac/LA_E_5079212.flac,16
/data/DATASETS/ASV_Spoof_2019_LA/ASVspoof2019_LA_eval/flac/LA_E_5080726.flac,16
/data/DATASETS/ASV_Spoof_2019_LA/ASVspoof2019_LA_eval/flac/LA_E_5082995.flac,16
/data/DATASETS/ASV_Spoof_2019_LA/ASVspoof2019_LA_eval/flac/LA_E_5083550.flac,16
/data/DATASETS/ASV_Spoof_2019_LA/ASVspoof2019_LA_eval/flac/LA_E_5087511.flac,16
/data/DATASETS/ASV_Spoof_2019_LA/ASVspoof2019_LA_eval/flac/LA_E_5088635.flac,16
/data/DATASETS/ASV_Spoof_2019_LA/ASVspoof2019_LA_eval/flac/LA_E_5089400.flac,16
/data/DATASETS/ASV_Spoof_2019_LA/ASVspoof2019_LA_eval/flac/LA_E_5089840.flac,16
/data/DATASETS/ASV_Spoof_2019_LA/ASVspoof2019_LA_eval/flac/LA_E_5091334.flac,16
/data/DATASETS/ASV_Spoof_2019_LA/ASVspoof2019_LA_eval/flac/LA_E_5091896.flac,16
/data/DATASETS/ASV_Spoof_2019_LA/ASVspoof2019_LA_eval/flac/LA_E_5092715.flac,16
/data/DATASETS/ASV_Spoof_2019_LA/ASVspoof2019_LA_eval/flac/LA_E_5092794.flac,16
/data/DATASETS/ASV_Spoof_2019_LA/ASVspoof2019_LA_eval/flac/LA_E_5096098.flac,16
/data/DATASETS/ASV_Spoof_2019_LA/ASVspoof2019_LA_eval/flac/LA_E_5096428.flac,16
/data/DATASETS/ASV_Spoof_2019_LA/ASVspoof2019_LA_eval/flac/LA_E_5097396.flac,16
/data/DATASETS/ASV_Spoof_2019_LA/ASVspoof2019_LA_eval/flac/LA_E_5100106.flac,16
/data/DATASETS/ASV_Spoof_2019_LA/ASVspoof2019_LA_eval/flac/LA_E_5100312.flac,16
/data/DATASETS/ASV_Spoof_2019_LA/ASVspoof2019_LA_eval/flac/LA_E_5107939.flac,16
/data/DATASETS/ASV_Spoof_2019_LA/ASVspoof2019_LA_eval/flac/LA_E_5112947.flac,16
/data/DATASETS/ASV_Spoof_2019_LA/ASVspoof2019_LA_eval/flac/LA_E_5112975.flac,16
/data/DATASETS/ASV_Spoof_2019_LA/ASVspoof2019_LA_eval/flac/LA_E_5121375.flac,16
/data/DATASETS/ASV_Spoof_2019_LA/ASVspoof2019_LA_eval/flac/LA_E_5123119.flac,16
/data/DATASETS/ASV_Spoof_2019_LA/ASVspoof2019_LA_eval/flac/LA_E_5125688.flac,16
/data/DATASETS/ASV_Spoof_2019_LA/ASVspoof2019_LA_eval/flac/LA_E_5125841.flac,16
/data/DATASETS/ASV_Spoof_2019_LA/ASVspoof2019_LA_eval/flac/LA_E_5127322.flac,16
/data/DATASETS/ASV_Spoof_2019_LA/ASVspoof2019_LA_eval/flac/LA_E_5128976.flac,16
/data/DATASETS/ASV_Spoof_2019_LA/ASVspoof2019_LA_eval/flac/LA_E_5129254.flac,16
/data/DATASETS/ASV_Spoof_2019_LA/ASVspoof2019_LA_eval/flac/LA_E_5130896.flac,16
/data/DATASETS/ASV_Spoof_2019_LA/ASVspoof2019_LA_eval/flac/LA_E_5131274.flac,16
/data/DATASETS/ASV_Spoof_2019_LA/ASVspoof2019_LA_eval/flac/LA_E_5131456.flac,16
/data/DATASETS/ASV_Spoof_2019_LA/ASVspoof2019_LA_eval/flac/LA_E_5131545.flac,16
/data/DATASETS/ASV_Spoof_2019_LA/ASVspoof2019_LA_eval/flac/LA_E_5131817.flac,16
/data/DATASETS/ASV_Spoof_2019_LA/ASVspoof2019_LA_eval/flac/LA_E_5132798.flac,16
/data/DATASETS/ASV_Spoof_2019_LA/ASVspoof2019_LA_eval/flac/LA_E_5133225.flac,16
/data/DATASETS/ASV_Spoof_2019_LA/ASVspoof2019_LA_eval/flac/LA_E_5135340.flac,16
/data/DATASETS/ASV_Spoof_2019_LA/ASVspoof2019_LA_eval/flac/LA_E_5136279.flac,16
/data/DATASETS/ASV_Spoof_2019_LA/ASVspoof2019_LA_eval/flac/LA_E_5138882.flac,16
/data/DATASETS/ASV_Spoof_2019_LA/ASVspoof2019_LA_eval/flac/LA_E_5139366.flac,16
/data/DATASETS/ASV_Spoof_2019_LA/ASVspoof2019_LA_eval/flac/LA_E_5139708.flac,16
/data/DATASETS/ASV_Spoof_2019_LA/ASVspoof2019_LA_eval/flac/LA_E_5140115.flac,16
/data/DATASETS/ASV_Spoof_2019_LA/ASVspoof2019_LA_eval/flac/LA_E_5144338.flac,16
/data/DATASETS/ASV_Spoof_2019_LA/ASVspoof2019_LA_eval/flac/LA_E_5146426.flac,16
/data/DATASETS/ASV_Spoof_2019_LA/ASVspoof2019_LA_eval/flac/LA_E_5146704.flac,16
/data/DATASETS/ASV_Spoof_2019_LA/ASVspoof2019_LA_eval/flac/LA_E_5148588.flac,16
/data/DATASETS/ASV_Spoof_2019_LA/ASVspoof2019_LA_eval/flac/LA_E_5148840.flac,16
/data/DATASETS/ASV_Spoof_2019_LA/ASVspoof2019_LA_eval/flac/LA_E_5150603.flac,16
/data/DATASETS/ASV_Spoof_2019_LA/ASVspoof2019_LA_eval/flac/LA_E_5153643.flac,16
/data/DATASETS/ASV_Spoof_2019_LA/ASVspoof2019_LA_eval/flac/LA_E_5154337.flac,16
/data/DATASETS/ASV_Spoof_2019_LA/ASVspoof2019_LA_eval/flac/LA_E_5156648.flac,16
/data/DATASETS/ASV_Spoof_2019_LA/ASVspoof2019_LA_eval/flac/LA_E_5162145.flac,16
/data/DATASETS/ASV_Spoof_2019_LA/ASVspoof2019_LA_eval/flac/LA_E_5162642.flac,16
/data/DATASETS/ASV_Spoof_2019_LA/ASVspoof2019_LA_eval/flac/LA_E_5162737.flac,16
/data/DATASETS/ASV_Spoof_2019_LA/ASVspoof2019_LA_eval/flac/LA_E_5163288.flac,16
/data/DATASETS/ASV_Spoof_2019_LA/ASVspoof2019_LA_eval/flac/LA_E_5164133.flac,16
/data/DATASETS/ASV_Spoof_2019_LA/ASVspoof2019_LA_eval/flac/LA_E_5164972.flac,16
/data/DATASETS/ASV_Spoof_2019_LA/ASVspoof2019_LA_eval/flac/LA_E_5166079.flac,16
/data/DATASETS/ASV_Spoof_2019_LA/ASVspoof2019_LA_eval/flac/LA_E_5166439.flac,16
/data/DATASETS/ASV_Spoof_2019_LA/ASVspoof2019_LA_eval/flac/LA_E_5168599.flac,16
/data/DATASETS/ASV_Spoof_2019_LA/ASVspoof2019_LA_eval/flac/LA_E_5169075.flac,16
/data/DATASETS/ASV_Spoof_2019_LA/ASVspoof2019_LA_eval/flac/LA_E_5172390.flac,16
/data/DATASETS/ASV_Spoof_2019_LA/ASVspoof2019_LA_eval/flac/LA_E_5173520.flac,16
/data/DATASETS/ASV_Spoof_2019_LA/ASVspoof2019_LA_eval/flac/LA_E_5174457.flac,16
/data/DATASETS/ASV_Spoof_2019_LA/ASVspoof2019_LA_eval/flac/LA_E_5177882.flac,16
/data/DATASETS/ASV_Spoof_2019_LA/ASVspoof2019_LA_eval/flac/LA_E_5178678.flac,16
/data/DATASETS/ASV_Spoof_2019_LA/ASVspoof2019_LA_eval/flac/LA_E_5181822.flac,16
/data/DATASETS/ASV_Spoof_2019_LA/ASVspoof2019_LA_eval/flac/LA_E_5181854.flac,16
/data/DATASETS/ASV_Spoof_2019_LA/ASVspoof2019_LA_eval/flac/LA_E_5183658.flac,16
/data/DATASETS/ASV_Spoof_2019_LA/ASVspoof2019_LA_eval/flac/LA_E_5186155.flac,16
/data/DATASETS/ASV_Spoof_2019_LA/ASVspoof2019_LA_eval/flac/LA_E_5187044.flac,16
/data/DATASETS/ASV_Spoof_2019_LA/ASVspoof2019_LA_eval/flac/LA_E_5189167.flac,16
/data/DATASETS/ASV_Spoof_2019_LA/ASVspoof2019_LA_eval/flac/LA_E_5189617.flac,16
/data/DATASETS/ASV_Spoof_2019_LA/ASVspoof2019_LA_eval/flac/LA_E_5190555.flac,16
/data/DATASETS/ASV_Spoof_2019_LA/ASVspoof2019_LA_eval/flac/LA_E_5190831.flac,16
/data/DATASETS/ASV_Spoof_2019_LA/ASVspoof2019_LA_eval/flac/LA_E_5191195.flac,16
/data/DATASETS/ASV_Spoof_2019_LA/ASVspoof2019_LA_eval/flac/LA_E_5193332.flac,16
/data/DATASETS/ASV_Spoof_2019_LA/ASVspoof2019_LA_eval/flac/LA_E_5195142.flac,16
/data/DATASETS/ASV_Spoof_2019_LA/ASVspoof2019_LA_eval/flac/LA_E_5196065.flac,16
/data/DATASETS/ASV_Spoof_2019_LA/ASVspoof2019_LA_eval/flac/LA_E_5203530.flac,16
/data/DATASETS/ASV_Spoof_2019_LA/ASVspoof2019_LA_eval/flac/LA_E_5205116.flac,16
/data/DATASETS/ASV_Spoof_2019_LA/ASVspoof2019_LA_eval/flac/LA_E_5207476.flac,16
/data/DATASETS/ASV_Spoof_2019_LA/ASVspoof2019_LA_eval/flac/LA_E_5209223.flac,16
/data/DATASETS/ASV_Spoof_2019_LA/ASVspoof2019_LA_eval/flac/LA_E_5210251.flac,16
/data/DATASETS/ASV_Spoof_2019_LA/ASVspoof2019_LA_eval/flac/LA_E_5210738.flac,16
/data/DATASETS/ASV_Spoof_2019_LA/ASVspoof2019_LA_eval/flac/LA_E_5212063.flac,16
/data/DATASETS/ASV_Spoof_2019_LA/ASVspoof2019_LA_eval/flac/LA_E_5213579.flac,16
/data/DATASETS/ASV_Spoof_2019_LA/ASVspoof2019_LA_eval/flac/LA_E_5216439.flac,16
/data/DATASETS/ASV_Spoof_2019_LA/ASVspoof2019_LA_eval/flac/LA_E_5216765.flac,16
/data/DATASETS/ASV_Spoof_2019_LA/ASVspoof2019_LA_eval/flac/LA_E_5216954.flac,16
/data/DATASETS/ASV_Spoof_2019_LA/ASVspoof2019_LA_eval/flac/LA_E_5218391.flac,16
/data/DATASETS/ASV_Spoof_2019_LA/ASVspoof2019_LA_eval/flac/LA_E_5218478.flac,16
/data/DATASETS/ASV_Spoof_2019_LA/ASVspoof2019_LA_eval/flac/LA_E_5219970.flac,16
/data/DATASETS/ASV_Spoof_2019_LA/ASVspoof2019_LA_eval/flac/LA_E_5224906.flac,16
/data/DATASETS/ASV_Spoof_2019_LA/ASVspoof2019_LA_eval/flac/LA_E_5227225.flac,16
/data/DATASETS/ASV_Spoof_2019_LA/ASVspoof2019_LA_eval/flac/LA_E_5228222.flac,16
/data/DATASETS/ASV_Spoof_2019_LA/ASVspoof2019_LA_eval/flac/LA_E_5230978.flac,16
/data/DATASETS/ASV_Spoof_2019_LA/ASVspoof2019_LA_eval/flac/LA_E_5233560.flac,16
/data/DATASETS/ASV_Spoof_2019_LA/ASVspoof2019_LA_eval/flac/LA_E_5247583.flac,16
/data/DATASETS/ASV_Spoof_2019_LA/ASVspoof2019_LA_eval/flac/LA_E_5252225.flac,16
/data/DATASETS/ASV_Spoof_2019_LA/ASVspoof2019_LA_eval/flac/LA_E_5253860.flac,16
/data/DATASETS/ASV_Spoof_2019_LA/ASVspoof2019_LA_eval/flac/LA_E_5254564.flac,16
/data/DATASETS/ASV_Spoof_2019_LA/ASVspoof2019_LA_eval/flac/LA_E_5262336.flac,16
/data/DATASETS/ASV_Spoof_2019_LA/ASVspoof2019_LA_eval/flac/LA_E_5262898.flac,16
/data/DATASETS/ASV_Spoof_2019_LA/ASVspoof2019_LA_eval/flac/LA_E_5267075.flac,16
/data/DATASETS/ASV_Spoof_2019_LA/ASVspoof2019_LA_eval/flac/LA_E_5267908.flac,16
/data/DATASETS/ASV_Spoof_2019_LA/ASVspoof2019_LA_eval/flac/LA_E_5267982.flac,16
/data/DATASETS/ASV_Spoof_2019_LA/ASVspoof2019_LA_eval/flac/LA_E_5268014.flac,16
/data/DATASETS/ASV_Spoof_2019_LA/ASVspoof2019_LA_eval/flac/LA_E_5271414.flac,16
/data/DATASETS/ASV_Spoof_2019_LA/ASVspoof2019_LA_eval/flac/LA_E_5272035.flac,16
/data/DATASETS/ASV_Spoof_2019_LA/ASVspoof2019_LA_eval/flac/LA_E_5272127.flac,16
/data/DATASETS/ASV_Spoof_2019_LA/ASVspoof2019_LA_eval/flac/LA_E_5278663.flac,16
/data/DATASETS/ASV_Spoof_2019_LA/ASVspoof2019_LA_eval/flac/LA_E_5279208.flac,16
/data/DATASETS/ASV_Spoof_2019_LA/ASVspoof2019_LA_eval/flac/LA_E_5280452.flac,16
/data/DATASETS/ASV_Spoof_2019_LA/ASVspoof2019_LA_eval/flac/LA_E_5282172.flac,16
/data/DATASETS/ASV_Spoof_2019_LA/ASVspoof2019_LA_eval/flac/LA_E_5285074.flac,16
/data/DATASETS/ASV_Spoof_2019_LA/ASVspoof2019_LA_eval/flac/LA_E_5285877.flac,16
/data/DATASETS/ASV_Spoof_2019_LA/ASVspoof2019_LA_eval/flac/LA_E_5286541.flac,16
/data/DATASETS/ASV_Spoof_2019_LA/ASVspoof2019_LA_eval/flac/LA_E_5286868.flac,16
/data/DATASETS/ASV_Spoof_2019_LA/ASVspoof2019_LA_eval/flac/LA_E_5288313.flac,16
/data/DATASETS/ASV_Spoof_2019_LA/ASVspoof2019_LA_eval/flac/LA_E_5288454.flac,16
/data/DATASETS/ASV_Spoof_2019_LA/ASVspoof2019_LA_eval/flac/LA_E_5288822.flac,16
/data/DATASETS/ASV_Spoof_2019_LA/ASVspoof2019_LA_eval/flac/LA_E_5289725.flac,16
/data/DATASETS/ASV_Spoof_2019_LA/ASVspoof2019_LA_eval/flac/LA_E_5290754.flac,16
/data/DATASETS/ASV_Spoof_2019_LA/ASVspoof2019_LA_eval/flac/LA_E_5291392.flac,16
/data/DATASETS/ASV_Spoof_2019_LA/ASVspoof2019_LA_eval/flac/LA_E_5295535.flac,16
/data/DATASETS/ASV_Spoof_2019_LA/ASVspoof2019_LA_eval/flac/LA_E_5296582.flac,16
/data/DATASETS/ASV_Spoof_2019_LA/ASVspoof2019_LA_eval/flac/LA_E_5298517.flac,16
/data/DATASETS/ASV_Spoof_2019_LA/ASVspoof2019_LA_eval/flac/LA_E_5304328.flac,16
/data/DATASETS/ASV_Spoof_2019_LA/ASVspoof2019_LA_eval/flac/LA_E_5304468.flac,16
/data/DATASETS/ASV_Spoof_2019_LA/ASVspoof2019_LA_eval/flac/LA_E_5305698.flac,16
/data/DATASETS/ASV_Spoof_2019_LA/ASVspoof2019_LA_eval/flac/LA_E_5306525.flac,16
/data/DATASETS/ASV_Spoof_2019_LA/ASVspoof2019_LA_eval/flac/LA_E_5306842.flac,16
/data/DATASETS/ASV_Spoof_2019_LA/ASVspoof2019_LA_eval/flac/LA_E_5306861.flac,16
/data/DATASETS/ASV_Spoof_2019_LA/ASVspoof2019_LA_eval/flac/LA_E_5307103.flac,16
/data/DATASETS/ASV_Spoof_2019_LA/ASVspoof2019_LA_eval/flac/LA_E_5308318.flac,16
/data/DATASETS/ASV_Spoof_2019_LA/ASVspoof2019_LA_eval/flac/LA_E_5308561.flac,16
/data/DATASETS/ASV_Spoof_2019_LA/ASVspoof2019_LA_eval/flac/LA_E_5310008.flac,16
/data/DATASETS/ASV_Spoof_2019_LA/ASVspoof2019_LA_eval/flac/LA_E_5312414.flac,16
/data/DATASETS/ASV_Spoof_2019_LA/ASVspoof2019_LA_eval/flac/LA_E_5313470.flac,16
/data/DATASETS/ASV_Spoof_2019_LA/ASVspoof2019_LA_eval/flac/LA_E_5314975.flac,16
/data/DATASETS/ASV_Spoof_2019_LA/ASVspoof2019_LA_eval/flac/LA_E_5317476.flac,16
/data/DATASETS/ASV_Spoof_2019_LA/ASVspoof2019_LA_eval/flac/LA_E_5317699.flac,16
/data/DATASETS/ASV_Spoof_2019_LA/ASVspoof2019_LA_eval/flac/LA_E_5319278.flac,16
/data/DATASETS/ASV_Spoof_2019_LA/ASVspoof2019_LA_eval/flac/LA_E_5319528.flac,16
/data/DATASETS/ASV_Spoof_2019_LA/ASVspoof2019_LA_eval/flac/LA_E_5322758.flac,16
/data/DATASETS/ASV_Spoof_2019_LA/ASVspoof2019_LA_eval/flac/LA_E_5324277.flac,16
/data/DATASETS/ASV_Spoof_2019_LA/ASVspoof2019_LA_eval/flac/LA_E_5332266.flac,16
/data/DATASETS/ASV_Spoof_2019_LA/ASVspoof2019_LA_eval/flac/LA_E_5332272.flac,16
/data/DATASETS/ASV_Spoof_2019_LA/ASVspoof2019_LA_eval/flac/LA_E_5334017.flac,16
/data/DATASETS/ASV_Spoof_2019_LA/ASVspoof2019_LA_eval/flac/LA_E_5335608.flac,16
/data/DATASETS/ASV_Spoof_2019_LA/ASVspoof2019_LA_eval/flac/LA_E_5341081.flac,16
/data/DATASETS/ASV_Spoof_2019_LA/ASVspoof2019_LA_eval/flac/LA_E_5341196.flac,16
/data/DATASETS/ASV_Spoof_2019_LA/ASVspoof2019_LA_eval/flac/LA_E_5350310.flac,16
/data/DATASETS/ASV_Spoof_2019_LA/ASVspoof2019_LA_eval/flac/LA_E_5350599.flac,16
/data/DATASETS/ASV_Spoof_2019_LA/ASVspoof2019_LA_eval/flac/LA_E_5353317.flac,16
/data/DATASETS/ASV_Spoof_2019_LA/ASVspoof2019_LA_eval/flac/LA_E_5354143.flac,16
/data/DATASETS/ASV_Spoof_2019_LA/ASVspoof2019_LA_eval/flac/LA_E_5354758.flac,16
/data/DATASETS/ASV_Spoof_2019_LA/ASVspoof2019_LA_eval/flac/LA_E_5355008.flac,16
/data/DATASETS/ASV_Spoof_2019_LA/ASVspoof2019_LA_eval/flac/LA_E_5357537.flac,16
/data/DATASETS/ASV_Spoof_2019_LA/ASVspoof2019_LA_eval/flac/LA_E_5357944.flac,16
/data/DATASETS/ASV_Spoof_2019_LA/ASVspoof2019_LA_eval/flac/LA_E_5361013.flac,16
/data/DATASETS/ASV_Spoof_2019_LA/ASVspoof2019_LA_eval/flac/LA_E_5361276.flac,16
/data/DATASETS/ASV_Spoof_2019_LA/ASVspoof2019_LA_eval/flac/LA_E_5361420.flac,16
/data/DATASETS/ASV_Spoof_2019_LA/ASVspoof2019_LA_eval/flac/LA_E_5367906.flac,16
/data/DATASETS/ASV_Spoof_2019_LA/ASVspoof2019_LA_eval/flac/LA_E_5370528.flac,16
/data/DATASETS/ASV_Spoof_2019_LA/ASVspoof2019_LA_eval/flac/LA_E_5372426.flac,16
/data/DATASETS/ASV_Spoof_2019_LA/ASVspoof2019_LA_eval/flac/LA_E_5372784.flac,16
/data/DATASETS/ASV_Spoof_2019_LA/ASVspoof2019_LA_eval/flac/LA_E_5375735.flac,16
/data/DATASETS/ASV_Spoof_2019_LA/ASVspoof2019_LA_eval/flac/LA_E_5379975.flac,16
/data/DATASETS/ASV_Spoof_2019_LA/ASVspoof2019_LA_eval/flac/LA_E_5380408.flac,16
/data/DATASETS/ASV_Spoof_2019_LA/ASVspoof2019_LA_eval/flac/LA_E_5380791.flac,16
/data/DATASETS/ASV_Spoof_2019_LA/ASVspoof2019_LA_eval/flac/LA_E_5381188.flac,16
/data/DATASETS/ASV_Spoof_2019_LA/ASVspoof2019_LA_eval/flac/LA_E_5390433.flac,16
/data/DATASETS/ASV_Spoof_2019_LA/ASVspoof2019_LA_eval/flac/LA_E_5392253.flac,16
/data/DATASETS/ASV_Spoof_2019_LA/ASVspoof2019_LA_eval/flac/LA_E_5393210.flac,16
/data/DATASETS/ASV_Spoof_2019_LA/ASVspoof2019_LA_eval/flac/LA_E_5393520.flac,16
/data/DATASETS/ASV_Spoof_2019_LA/ASVspoof2019_LA_eval/flac/LA_E_5394791.flac,16
/data/DATASETS/ASV_Spoof_2019_LA/ASVspoof2019_LA_eval/flac/LA_E_5394866.flac,16
/data/DATASETS/ASV_Spoof_2019_LA/ASVspoof2019_LA_eval/flac/LA_E_5398373.flac,16
/data/DATASETS/ASV_Spoof_2019_LA/ASVspoof2019_LA_eval/flac/LA_E_5399873.flac,16
/data/DATASETS/ASV_Spoof_2019_LA/ASVspoof2019_LA_eval/flac/LA_E_5400742.flac,16
/data/DATASETS/ASV_Spoof_2019_LA/ASVspoof2019_LA_eval/flac/LA_E_5404456.flac,16
/data/DATASETS/ASV_Spoof_2019_LA/ASVspoof2019_LA_eval/flac/LA_E_5405004.flac,16
/data/DATASETS/ASV_Spoof_2019_LA/ASVspoof2019_LA_eval/flac/LA_E_5405107.flac,16
/data/DATASETS/ASV_Spoof_2019_LA/ASVspoof2019_LA_eval/flac/LA_E_5405835.flac,16
/data/DATASETS/ASV_Spoof_2019_LA/ASVspoof2019_LA_eval/flac/LA_E_5406938.flac,16
/data/DATASETS/ASV_Spoof_2019_LA/ASVspoof2019_LA_eval/flac/LA_E_5409177.flac,16
/data/DATASETS/ASV_Spoof_2019_LA/ASVspoof2019_LA_eval/flac/LA_E_5411797.flac,16
/data/DATASETS/ASV_Spoof_2019_LA/ASVspoof2019_LA_eval/flac/LA_E_5414767.flac,16
/data/DATASETS/ASV_Spoof_2019_LA/ASVspoof2019_LA_eval/flac/LA_E_5416318.flac,16
/data/DATASETS/ASV_Spoof_2019_LA/ASVspoof2019_LA_eval/flac/LA_E_5417169.flac,16
/data/DATASETS/ASV_Spoof_2019_LA/ASVspoof2019_LA_eval/flac/LA_E_5418979.flac,16
/data/DATASETS/ASV_Spoof_2019_LA/ASVspoof2019_LA_eval/flac/LA_E_5419943.flac,16
/data/DATASETS/ASV_Spoof_2019_LA/ASVspoof2019_LA_eval/flac/LA_E_5421057.flac,16
/data/DATASETS/ASV_Spoof_2019_LA/ASVspoof2019_LA_eval/flac/LA_E_5422984.flac,16
/data/DATASETS/ASV_Spoof_2019_LA/ASVspoof2019_LA_eval/flac/LA_E_5423174.flac,16
/data/DATASETS/ASV_Spoof_2019_LA/ASVspoof2019_LA_eval/flac/LA_E_5424338.flac,16
/data/DATASETS/ASV_Spoof_2019_LA/ASVspoof2019_LA_eval/flac/LA_E_5424557.flac,16
/data/DATASETS/ASV_Spoof_2019_LA/ASVspoof2019_LA_eval/flac/LA_E_5426742.flac,16
/data/DATASETS/ASV_Spoof_2019_LA/ASVspoof2019_LA_eval/flac/LA_E_5429319.flac,16
/data/DATASETS/ASV_Spoof_2019_LA/ASVspoof2019_LA_eval/flac/LA_E_5440981.flac,16
/data/DATASETS/ASV_Spoof_2019_LA/ASVspoof2019_LA_eval/flac/LA_E_5443202.flac,16
/data/DATASETS/ASV_Spoof_2019_LA/ASVspoof2019_LA_eval/flac/LA_E_5444644.flac,16
/data/DATASETS/ASV_Spoof_2019_LA/ASVspoof2019_LA_eval/flac/LA_E_5445577.flac,16
/data/DATASETS/ASV_Spoof_2019_LA/ASVspoof2019_LA_eval/flac/LA_E_5446411.flac,16
/data/DATASETS/ASV_Spoof_2019_LA/ASVspoof2019_LA_eval/flac/LA_E_5446634.flac,16
/data/DATASETS/ASV_Spoof_2019_LA/ASVspoof2019_LA_eval/flac/LA_E_5449127.flac,16
/data/DATASETS/ASV_Spoof_2019_LA/ASVspoof2019_LA_eval/flac/LA_E_5453075.flac,16
/data/DATASETS/ASV_Spoof_2019_LA/ASVspoof2019_LA_eval/flac/LA_E_5457296.flac,16
/data/DATASETS/ASV_Spoof_2019_LA/ASVspoof2019_LA_eval/flac/LA_E_5459325.flac,16
/data/DATASETS/ASV_Spoof_2019_LA/ASVspoof2019_LA_eval/flac/LA_E_5459875.flac,16
/data/DATASETS/ASV_Spoof_2019_LA/ASVspoof2019_LA_eval/flac/LA_E_5460405.flac,16
/data/DATASETS/ASV_Spoof_2019_LA/ASVspoof2019_LA_eval/flac/LA_E_5460852.flac,16
/data/DATASETS/ASV_Spoof_2019_LA/ASVspoof2019_LA_eval/flac/LA_E_5462637.flac,16
/data/DATASETS/ASV_Spoof_2019_LA/ASVspoof2019_LA_eval/flac/LA_E_5463299.flac,16
/data/DATASETS/ASV_Spoof_2019_LA/ASVspoof2019_LA_eval/flac/LA_E_5467917.flac,16
/data/DATASETS/ASV_Spoof_2019_LA/ASVspoof2019_LA_eval/flac/LA_E_5470690.flac,16
/data/DATASETS/ASV_Spoof_2019_LA/ASVspoof2019_LA_eval/flac/LA_E_5472151.flac,16
/data/DATASETS/ASV_Spoof_2019_LA/ASVspoof2019_LA_eval/flac/LA_E_5473057.flac,16
/data/DATASETS/ASV_Spoof_2019_LA/ASVspoof2019_LA_eval/flac/LA_E_5475152.flac,16
/data/DATASETS/ASV_Spoof_2019_LA/ASVspoof2019_LA_eval/flac/LA_E_5477512.flac,16
/data/DATASETS/ASV_Spoof_2019_LA/ASVspoof2019_LA_eval/flac/LA_E_5480982.flac,16
/data/DATASETS/ASV_Spoof_2019_LA/ASVspoof2019_LA_eval/flac/LA_E_5481004.flac,16
/data/DATASETS/ASV_Spoof_2019_LA/ASVspoof2019_LA_eval/flac/LA_E_5484318.flac,16
/data/DATASETS/ASV_Spoof_2019_LA/ASVspoof2019_LA_eval/flac/LA_E_5486266.flac,16
/data/DATASETS/ASV_Spoof_2019_LA/ASVspoof2019_LA_eval/flac/LA_E_5488454.flac,16
/data/DATASETS/ASV_Spoof_2019_LA/ASVspoof2019_LA_eval/flac/LA_E_5493564.flac,16
/data/DATASETS/ASV_Spoof_2019_LA/ASVspoof2019_LA_eval/flac/LA_E_5494111.flac,16
/data/DATASETS/ASV_Spoof_2019_LA/ASVspoof2019_LA_eval/flac/LA_E_5496015.flac,16
/data/DATASETS/ASV_Spoof_2019_LA/ASVspoof2019_LA_eval/flac/LA_E_5497955.flac,16
/data/DATASETS/ASV_Spoof_2019_LA/ASVspoof2019_LA_eval/flac/LA_E_5498527.flac,16
/data/DATASETS/ASV_Spoof_2019_LA/ASVspoof2019_LA_eval/flac/LA_E_5498830.flac,16
/data/DATASETS/ASV_Spoof_2019_LA/ASVspoof2019_LA_eval/flac/LA_E_5500063.flac,16
/data/DATASETS/ASV_Spoof_2019_LA/ASVspoof2019_LA_eval/flac/LA_E_5501854.flac,16
/data/DATASETS/ASV_Spoof_2019_LA/ASVspoof2019_LA_eval/flac/LA_E_5502567.flac,16
/data/DATASETS/ASV_Spoof_2019_LA/ASVspoof2019_LA_eval/flac/LA_E_5504713.flac,16
/data/DATASETS/ASV_Spoof_2019_LA/ASVspoof2019_LA_eval/flac/LA_E_5507522.flac,16
/data/DATASETS/ASV_Spoof_2019_LA/ASVspoof2019_LA_eval/flac/LA_E_5508555.flac,16
/data/DATASETS/ASV_Spoof_2019_LA/ASVspoof2019_LA_eval/flac/LA_E_5508988.flac,16
/data/DATASETS/ASV_Spoof_2019_LA/ASVspoof2019_LA_eval/flac/LA_E_5510674.flac,16
/data/DATASETS/ASV_Spoof_2019_LA/ASVspoof2019_LA_eval/flac/LA_E_5512053.flac,16
/data/DATASETS/ASV_Spoof_2019_LA/ASVspoof2019_LA_eval/flac/LA_E_5512210.flac,16
/data/DATASETS/ASV_Spoof_2019_LA/ASVspoof2019_LA_eval/flac/LA_E_5514928.flac,16
/data/DATASETS/ASV_Spoof_2019_LA/ASVspoof2019_LA_eval/flac/LA_E_5516319.flac,16
/data/DATASETS/ASV_Spoof_2019_LA/ASVspoof2019_LA_eval/flac/LA_E_5519182.flac,16
/data/DATASETS/ASV_Spoof_2019_LA/ASVspoof2019_LA_eval/flac/LA_E_5521403.flac,16
/data/DATASETS/ASV_Spoof_2019_LA/ASVspoof2019_LA_eval/flac/LA_E_5521927.flac,16
/data/DATASETS/ASV_Spoof_2019_LA/ASVspoof2019_LA_eval/flac/LA_E_5522818.flac,16
/data/DATASETS/ASV_Spoof_2019_LA/ASVspoof2019_LA_eval/flac/LA_E_5522956.flac,16
/data/DATASETS/ASV_Spoof_2019_LA/ASVspoof2019_LA_eval/flac/LA_E_5523863.flac,16
/data/DATASETS/ASV_Spoof_2019_LA/ASVspoof2019_LA_eval/flac/LA_E_5524472.flac,16
/data/DATASETS/ASV_Spoof_2019_LA/ASVspoof2019_LA_eval/flac/LA_E_5527839.flac,16
/data/DATASETS/ASV_Spoof_2019_LA/ASVspoof2019_LA_eval/flac/LA_E_5530202.flac,16
/data/DATASETS/ASV_Spoof_2019_LA/ASVspoof2019_LA_eval/flac/LA_E_5530518.flac,16
/data/DATASETS/ASV_Spoof_2019_LA/ASVspoof2019_LA_eval/flac/LA_E_5530561.flac,16
/data/DATASETS/ASV_Spoof_2019_LA/ASVspoof2019_LA_eval/flac/LA_E_5535895.flac,16
/data/DATASETS/ASV_Spoof_2019_LA/ASVspoof2019_LA_eval/flac/LA_E_5537208.flac,16
/data/DATASETS/ASV_Spoof_2019_LA/ASVspoof2019_LA_eval/flac/LA_E_5538915.flac,16
/data/DATASETS/ASV_Spoof_2019_LA/ASVspoof2019_LA_eval/flac/LA_E_5539077.flac,16
/data/DATASETS/ASV_Spoof_2019_LA/ASVspoof2019_LA_eval/flac/LA_E_5541158.flac,16
/data/DATASETS/ASV_Spoof_2019_LA/ASVspoof2019_LA_eval/flac/LA_E_5542428.flac,16
/data/DATASETS/ASV_Spoof_2019_LA/ASVspoof2019_LA_eval/flac/LA_E_5542967.flac,16
/data/DATASETS/ASV_Spoof_2019_LA/ASVspoof2019_LA_eval/flac/LA_E_5545890.flac,16
/data/DATASETS/ASV_Spoof_2019_LA/ASVspoof2019_LA_eval/flac/LA_E_5548454.flac,16
/data/DATASETS/ASV_Spoof_2019_LA/ASVspoof2019_LA_eval/flac/LA_E_5552961.flac,16
/data/DATASETS/ASV_Spoof_2019_LA/ASVspoof2019_LA_eval/flac/LA_E_5555520.flac,16
/data/DATASETS/ASV_Spoof_2019_LA/ASVspoof2019_LA_eval/flac/LA_E_5555549.flac,16
/data/DATASETS/ASV_Spoof_2019_LA/ASVspoof2019_LA_eval/flac/LA_E_5561254.flac,16
/data/DATASETS/ASV_Spoof_2019_LA/ASVspoof2019_LA_eval/flac/LA_E_5562417.flac,16
/data/DATASETS/ASV_Spoof_2019_LA/ASVspoof2019_LA_eval/flac/LA_E_5564026.flac,16
/data/DATASETS/ASV_Spoof_2019_LA/ASVspoof2019_LA_eval/flac/LA_E_5564383.flac,16
/data/DATASETS/ASV_Spoof_2019_LA/ASVspoof2019_LA_eval/flac/LA_E_5565249.flac,16
/data/DATASETS/ASV_Spoof_2019_LA/ASVspoof2019_LA_eval/flac/LA_E_5566158.flac,16
/data/DATASETS/ASV_Spoof_2019_LA/ASVspoof2019_LA_eval/flac/LA_E_5567908.flac,16
/data/DATASETS/ASV_Spoof_2019_LA/ASVspoof2019_LA_eval/flac/LA_E_5570283.flac,16
/data/DATASETS/ASV_Spoof_2019_LA/ASVspoof2019_LA_eval/flac/LA_E_5570378.flac,16
/data/DATASETS/ASV_Spoof_2019_LA/ASVspoof2019_LA_eval/flac/LA_E_5576616.flac,16
/data/DATASETS/ASV_Spoof_2019_LA/ASVspoof2019_LA_eval/flac/LA_E_5577605.flac,16
/data/DATASETS/ASV_Spoof_2019_LA/ASVspoof2019_LA_eval/flac/LA_E_5579012.flac,16
/data/DATASETS/ASV_Spoof_2019_LA/ASVspoof2019_LA_eval/flac/LA_E_5579052.flac,16
/data/DATASETS/ASV_Spoof_2019_LA/ASVspoof2019_LA_eval/flac/LA_E_5580238.flac,16
/data/DATASETS/ASV_Spoof_2019_LA/ASVspoof2019_LA_eval/flac/LA_E_5581313.flac,16
/data/DATASETS/ASV_Spoof_2019_LA/ASVspoof2019_LA_eval/flac/LA_E_5581589.flac,16
/data/DATASETS/ASV_Spoof_2019_LA/ASVspoof2019_LA_eval/flac/LA_E_5581917.flac,16
/data/DATASETS/ASV_Spoof_2019_LA/ASVspoof2019_LA_eval/flac/LA_E_5584174.flac,16
/data/DATASETS/ASV_Spoof_2019_LA/ASVspoof2019_LA_eval/flac/LA_E_5586009.flac,16
/data/DATASETS/ASV_Spoof_2019_LA/ASVspoof2019_LA_eval/flac/LA_E_5586500.flac,16
/data/DATASETS/ASV_Spoof_2019_LA/ASVspoof2019_LA_eval/flac/LA_E_5588292.flac,16
/data/DATASETS/ASV_Spoof_2019_LA/ASVspoof2019_LA_eval/flac/LA_E_5588733.flac,16
/data/DATASETS/ASV_Spoof_2019_LA/ASVspoof2019_LA_eval/flac/LA_E_5589636.flac,16
/data/DATASETS/ASV_Spoof_2019_LA/ASVspoof2019_LA_eval/flac/LA_E_5590594.flac,16
/data/DATASETS/ASV_Spoof_2019_LA/ASVspoof2019_LA_eval/flac/LA_E_5592217.flac,16
/data/DATASETS/ASV_Spoof_2019_LA/ASVspoof2019_LA_eval/flac/LA_E_5593777.flac,16
/data/DATASETS/ASV_Spoof_2019_LA/ASVspoof2019_LA_eval/flac/LA_E_5598019.flac,16
/data/DATASETS/ASV_Spoof_2019_LA/ASVspoof2019_LA_eval/flac/LA_E_5602124.flac,16
/data/DATASETS/ASV_Spoof_2019_LA/ASVspoof2019_LA_eval/flac/LA_E_5607303.flac,16
/data/DATASETS/ASV_Spoof_2019_LA/ASVspoof2019_LA_eval/flac/LA_E_5607682.flac,16
/data/DATASETS/ASV_Spoof_2019_LA/ASVspoof2019_LA_eval/flac/LA_E_5607692.flac,16
/data/DATASETS/ASV_Spoof_2019_LA/ASVspoof2019_LA_eval/flac/LA_E_5608542.flac,16
/data/DATASETS/ASV_Spoof_2019_LA/ASVspoof2019_LA_eval/flac/LA_E_5610758.flac,16
/data/DATASETS/ASV_Spoof_2019_LA/ASVspoof2019_LA_eval/flac/LA_E_5612685.flac,16
/data/DATASETS/ASV_Spoof_2019_LA/ASVspoof2019_LA_eval/flac/LA_E_5614879.flac,16
/data/DATASETS/ASV_Spoof_2019_LA/ASVspoof2019_LA_eval/flac/LA_E_5616519.flac,16
/data/DATASETS/ASV_Spoof_2019_LA/ASVspoof2019_LA_eval/flac/LA_E_5619474.flac,16
/data/DATASETS/ASV_Spoof_2019_LA/ASVspoof2019_LA_eval/flac/LA_E_5619522.flac,16
/data/DATASETS/ASV_Spoof_2019_LA/ASVspoof2019_LA_eval/flac/LA_E_5620926.flac,16
/data/DATASETS/ASV_Spoof_2019_LA/ASVspoof2019_LA_eval/flac/LA_E_5621036.flac,16
/data/DATASETS/ASV_Spoof_2019_LA/ASVspoof2019_LA_eval/flac/LA_E_5622189.flac,16
/data/DATASETS/ASV_Spoof_2019_LA/ASVspoof2019_LA_eval/flac/LA_E_5624787.flac,16
/data/DATASETS/ASV_Spoof_2019_LA/ASVspoof2019_LA_eval/flac/LA_E_5625561.flac,16
/data/DATASETS/ASV_Spoof_2019_LA/ASVspoof2019_LA_eval/flac/LA_E_5629389.flac,16
/data/DATASETS/ASV_Spoof_2019_LA/ASVspoof2019_LA_eval/flac/LA_E_5630906.flac,16
/data/DATASETS/ASV_Spoof_2019_LA/ASVspoof2019_LA_eval/flac/LA_E_5633681.flac,16
/data/DATASETS/ASV_Spoof_2019_LA/ASVspoof2019_LA_eval/flac/LA_E_5636039.flac,16
/data/DATASETS/ASV_Spoof_2019_LA/ASVspoof2019_LA_eval/flac/LA_E_5636912.flac,16
/data/DATASETS/ASV_Spoof_2019_LA/ASVspoof2019_LA_eval/flac/LA_E_5643555.flac,16
/data/DATASETS/ASV_Spoof_2019_LA/ASVspoof2019_LA_eval/flac/LA_E_5643925.flac,16
/data/DATASETS/ASV_Spoof_2019_LA/ASVspoof2019_LA_eval/flac/LA_E_5644516.flac,16
/data/DATASETS/ASV_Spoof_2019_LA/ASVspoof2019_LA_eval/flac/LA_E_5646443.flac,16
/data/DATASETS/ASV_Spoof_2019_LA/ASVspoof2019_LA_eval/flac/LA_E_5647145.flac,16
/data/DATASETS/ASV_Spoof_2019_LA/ASVspoof2019_LA_eval/flac/LA_E_5647196.flac,16
/data/DATASETS/ASV_Spoof_2019_LA/ASVspoof2019_LA_eval/flac/LA_E_5648391.flac,16
/data/DATASETS/ASV_Spoof_2019_LA/ASVspoof2019_LA_eval/flac/LA_E_5648742.flac,16
/data/DATASETS/ASV_Spoof_2019_LA/ASVspoof2019_LA_eval/flac/LA_E_5648984.flac,16
/data/DATASETS/ASV_Spoof_2019_LA/ASVspoof2019_LA_eval/flac/LA_E_5652405.flac,16
/data/DATASETS/ASV_Spoof_2019_LA/ASVspoof2019_LA_eval/flac/LA_E_5653413.flac,16
/data/DATASETS/ASV_Spoof_2019_LA/ASVspoof2019_LA_eval/flac/LA_E_5653762.flac,16
/data/DATASETS/ASV_Spoof_2019_LA/ASVspoof2019_LA_eval/flac/LA_E_5654574.flac,16
/data/DATASETS/ASV_Spoof_2019_LA/ASVspoof2019_LA_eval/flac/LA_E_5655157.flac,16
/data/DATASETS/ASV_Spoof_2019_LA/ASVspoof2019_LA_eval/flac/LA_E_5657755.flac,16
/data/DATASETS/ASV_Spoof_2019_LA/ASVspoof2019_LA_eval/flac/LA_E_5660524.flac,16
/data/DATASETS/ASV_Spoof_2019_LA/ASVspoof2019_LA_eval/flac/LA_E_5661305.flac,16
/data/DATASETS/ASV_Spoof_2019_LA/ASVspoof2019_LA_eval/flac/LA_E_5663190.flac,16
/data/DATASETS/ASV_Spoof_2019_LA/ASVspoof2019_LA_eval/flac/LA_E_5672450.flac,16
/data/DATASETS/ASV_Spoof_2019_LA/ASVspoof2019_LA_eval/flac/LA_E_5674112.flac,16
/data/DATASETS/ASV_Spoof_2019_LA/ASVspoof2019_LA_eval/flac/LA_E_5678903.flac,16
/data/DATASETS/ASV_Spoof_2019_LA/ASVspoof2019_LA_eval/flac/LA_E_5679901.flac,16
/data/DATASETS/ASV_Spoof_2019_LA/ASVspoof2019_LA_eval/flac/LA_E_5680340.flac,16
/data/DATASETS/ASV_Spoof_2019_LA/ASVspoof2019_LA_eval/flac/LA_E_5683427.flac,16
/data/DATASETS/ASV_Spoof_2019_LA/ASVspoof2019_LA_eval/flac/LA_E_5687769.flac,16
/data/DATASETS/ASV_Spoof_2019_LA/ASVspoof2019_LA_eval/flac/LA_E_5689808.flac,16
/data/DATASETS/ASV_Spoof_2019_LA/ASVspoof2019_LA_eval/flac/LA_E_5690807.flac,16
/data/DATASETS/ASV_Spoof_2019_LA/ASVspoof2019_LA_eval/flac/LA_E_5692378.flac,16
/data/DATASETS/ASV_Spoof_2019_LA/ASVspoof2019_LA_eval/flac/LA_E_5692829.flac,16
/data/DATASETS/ASV_Spoof_2019_LA/ASVspoof2019_LA_eval/flac/LA_E_5695826.flac,16
/data/DATASETS/ASV_Spoof_2019_LA/ASVspoof2019_LA_eval/flac/LA_E_5695985.flac,16
/data/DATASETS/ASV_Spoof_2019_LA/ASVspoof2019_LA_eval/flac/LA_E_5699509.flac,16
/data/DATASETS/ASV_Spoof_2019_LA/ASVspoof2019_LA_eval/flac/LA_E_5702653.flac,16
/data/DATASETS/ASV_Spoof_2019_LA/ASVspoof2019_LA_eval/flac/LA_E_5707301.flac,16
/data/DATASETS/ASV_Spoof_2019_LA/ASVspoof2019_LA_eval/flac/LA_E_5707520.flac,16
/data/DATASETS/ASV_Spoof_2019_LA/ASVspoof2019_LA_eval/flac/LA_E_5711929.flac,16
/data/DATASETS/ASV_Spoof_2019_LA/ASVspoof2019_LA_eval/flac/LA_E_5716476.flac,16
/data/DATASETS/ASV_Spoof_2019_LA/ASVspoof2019_LA_eval/flac/LA_E_5716840.flac,16
/data/DATASETS/ASV_Spoof_2019_LA/ASVspoof2019_LA_eval/flac/LA_E_5718195.flac,16
/data/DATASETS/ASV_Spoof_2019_LA/ASVspoof2019_LA_eval/flac/LA_E_5720231.flac,16
/data/DATASETS/ASV_Spoof_2019_LA/ASVspoof2019_LA_eval/flac/LA_E_5720532.flac,16
/data/DATASETS/ASV_Spoof_2019_LA/ASVspoof2019_LA_eval/flac/LA_E_5721481.flac,16
/data/DATASETS/ASV_Spoof_2019_LA/ASVspoof2019_LA_eval/flac/LA_E_5722003.flac,16
/data/DATASETS/ASV_Spoof_2019_LA/ASVspoof2019_LA_eval/flac/LA_E_5724919.flac,16
/data/DATASETS/ASV_Spoof_2019_LA/ASVspoof2019_LA_eval/flac/LA_E_5726660.flac,16
/data/DATASETS/ASV_Spoof_2019_LA/ASVspoof2019_LA_eval/flac/LA_E_5727671.flac,16
/data/DATASETS/ASV_Spoof_2019_LA/ASVspoof2019_LA_eval/flac/LA_E_5728026.flac,16
/data/DATASETS/ASV_Spoof_2019_LA/ASVspoof2019_LA_eval/flac/LA_E_5732472.flac,16
/data/DATASETS/ASV_Spoof_2019_LA/ASVspoof2019_LA_eval/flac/LA_E_5736014.flac,16
/data/DATASETS/ASV_Spoof_2019_LA/ASVspoof2019_LA_eval/flac/LA_E_5736613.flac,16
/data/DATASETS/ASV_Spoof_2019_LA/ASVspoof2019_LA_eval/flac/LA_E_5737842.flac,16
/data/DATASETS/ASV_Spoof_2019_LA/ASVspoof2019_LA_eval/flac/LA_E_5738389.flac,16
/data/DATASETS/ASV_Spoof_2019_LA/ASVspoof2019_LA_eval/flac/LA_E_5739291.flac,16
/data/DATASETS/ASV_Spoof_2019_LA/ASVspoof2019_LA_eval/flac/LA_E_5739344.flac,16
/data/DATASETS/ASV_Spoof_2019_LA/ASVspoof2019_LA_eval/flac/LA_E_5739730.flac,16
/data/DATASETS/ASV_Spoof_2019_LA/ASVspoof2019_LA_eval/flac/LA_E_5740061.flac,16
/data/DATASETS/ASV_Spoof_2019_LA/ASVspoof2019_LA_eval/flac/LA_E_5740265.flac,16
/data/DATASETS/ASV_Spoof_2019_LA/ASVspoof2019_LA_eval/flac/LA_E_5742142.flac,16
/data/DATASETS/ASV_Spoof_2019_LA/ASVspoof2019_LA_eval/flac/LA_E_5743645.flac,16
/data/DATASETS/ASV_Spoof_2019_LA/ASVspoof2019_LA_eval/flac/LA_E_5746931.flac,16
/data/DATASETS/ASV_Spoof_2019_LA/ASVspoof2019_LA_eval/flac/LA_E_5747176.flac,16
/data/DATASETS/ASV_Spoof_2019_LA/ASVspoof2019_LA_eval/flac/LA_E_5747744.flac,16
/data/DATASETS/ASV_Spoof_2019_LA/ASVspoof2019_LA_eval/flac/LA_E_5749236.flac,16
/data/DATASETS/ASV_Spoof_2019_LA/ASVspoof2019_LA_eval/flac/LA_E_5749420.flac,16
/data/DATASETS/ASV_Spoof_2019_LA/ASVspoof2019_LA_eval/flac/LA_E_5750078.flac,16
/data/DATASETS/ASV_Spoof_2019_LA/ASVspoof2019_LA_eval/flac/LA_E_5752983.flac,16
/data/DATASETS/ASV_Spoof_2019_LA/ASVspoof2019_LA_eval/flac/LA_E_5752989.flac,16
/data/DATASETS/ASV_Spoof_2019_LA/ASVspoof2019_LA_eval/flac/LA_E_5753952.flac,16
/data/DATASETS/ASV_Spoof_2019_LA/ASVspoof2019_LA_eval/flac/LA_E_5754523.flac,16
/data/DATASETS/ASV_Spoof_2019_LA/ASVspoof2019_LA_eval/flac/LA_E_5754716.flac,16
/data/DATASETS/ASV_Spoof_2019_LA/ASVspoof2019_LA_eval/flac/LA_E_5755187.flac,16
/data/DATASETS/ASV_Spoof_2019_LA/ASVspoof2019_LA_eval/flac/LA_E_5755338.flac,16
/data/DATASETS/ASV_Spoof_2019_LA/ASVspoof2019_LA_eval/flac/LA_E_5757987.flac,16
/data/DATASETS/ASV_Spoof_2019_LA/ASVspoof2019_LA_eval/flac/LA_E_5759385.flac,16
/data/DATASETS/ASV_Spoof_2019_LA/ASVspoof2019_LA_eval/flac/LA_E_5759718.flac,16
/data/DATASETS/ASV_Spoof_2019_LA/ASVspoof2019_LA_eval/flac/LA_E_5761533.flac,16
/data/DATASETS/ASV_Spoof_2019_LA/ASVspoof2019_LA_eval/flac/LA_E_5761612.flac,16
/data/DATASETS/ASV_Spoof_2019_LA/ASVspoof2019_LA_eval/flac/LA_E_5767209.flac,16
/data/DATASETS/ASV_Spoof_2019_LA/ASVspoof2019_LA_eval/flac/LA_E_5768957.flac,16
/data/DATASETS/ASV_Spoof_2019_LA/ASVspoof2019_LA_eval/flac/LA_E_5772697.flac,16
/data/DATASETS/ASV_Spoof_2019_LA/ASVspoof2019_LA_eval/flac/LA_E_5774868.flac,16
/data/DATASETS/ASV_Spoof_2019_LA/ASVspoof2019_LA_eval/flac/LA_E_5778523.flac,16
/data/DATASETS/ASV_Spoof_2019_LA/ASVspoof2019_LA_eval/flac/LA_E_5780365.flac,16
/data/DATASETS/ASV_Spoof_2019_LA/ASVspoof2019_LA_eval/flac/LA_E_5780923.flac,16
/data/DATASETS/ASV_Spoof_2019_LA/ASVspoof2019_LA_eval/flac/LA_E_5782047.flac,16
/data/DATASETS/ASV_Spoof_2019_LA/ASVspoof2019_LA_eval/flac/LA_E_5782201.flac,16
/data/DATASETS/ASV_Spoof_2019_LA/ASVspoof2019_LA_eval/flac/LA_E_5784564.flac,16
/data/DATASETS/ASV_Spoof_2019_LA/ASVspoof2019_LA_eval/flac/LA_E_5784659.flac,16
/data/DATASETS/ASV_Spoof_2019_LA/ASVspoof2019_LA_eval/flac/LA_E_5788142.flac,16
/data/DATASETS/ASV_Spoof_2019_LA/ASVspoof2019_LA_eval/flac/LA_E_5788898.flac,16
/data/DATASETS/ASV_Spoof_2019_LA/ASVspoof2019_LA_eval/flac/LA_E_5792354.flac,16
/data/DATASETS/ASV_Spoof_2019_LA/ASVspoof2019_LA_eval/flac/LA_E_5792808.flac,16
/data/DATASETS/ASV_Spoof_2019_LA/ASVspoof2019_LA_eval/flac/LA_E_5795624.flac,16
/data/DATASETS/ASV_Spoof_2019_LA/ASVspoof2019_LA_eval/flac/LA_E_5795827.flac,16
/data/DATASETS/ASV_Spoof_2019_LA/ASVspoof2019_LA_eval/flac/LA_E_5796286.flac,16
/data/DATASETS/ASV_Spoof_2019_LA/ASVspoof2019_LA_eval/flac/LA_E_5797965.flac,16
/data/DATASETS/ASV_Spoof_2019_LA/ASVspoof2019_LA_eval/flac/LA_E_5798573.flac,16
/data/DATASETS/ASV_Spoof_2019_LA/ASVspoof2019_LA_eval/flac/LA_E_5800132.flac,16
/data/DATASETS/ASV_Spoof_2019_LA/ASVspoof2019_LA_eval/flac/LA_E_5802501.flac,16
/data/DATASETS/ASV_Spoof_2019_LA/ASVspoof2019_LA_eval/flac/LA_E_5802763.flac,16
/data/DATASETS/ASV_Spoof_2019_LA/ASVspoof2019_LA_eval/flac/LA_E_5806762.flac,16
/data/DATASETS/ASV_Spoof_2019_LA/ASVspoof2019_LA_eval/flac/LA_E_5809432.flac,16
/data/DATASETS/ASV_Spoof_2019_LA/ASVspoof2019_LA_eval/flac/LA_E_5810534.flac,16
/data/DATASETS/ASV_Spoof_2019_LA/ASVspoof2019_LA_eval/flac/LA_E_5812036.flac,16
/data/DATASETS/ASV_Spoof_2019_LA/ASVspoof2019_LA_eval/flac/LA_E_5814112.flac,16
/data/DATASETS/ASV_Spoof_2019_LA/ASVspoof2019_LA_eval/flac/LA_E_5814457.flac,16
/data/DATASETS/ASV_Spoof_2019_LA/ASVspoof2019_LA_eval/flac/LA_E_5814770.flac,16
/data/DATASETS/ASV_Spoof_2019_LA/ASVspoof2019_LA_eval/flac/LA_E_5817142.flac,16
/data/DATASETS/ASV_Spoof_2019_LA/ASVspoof2019_LA_eval/flac/LA_E_5817392.flac,16
/data/DATASETS/ASV_Spoof_2019_LA/ASVspoof2019_LA_eval/flac/LA_E_5818499.flac,16
/data/DATASETS/ASV_Spoof_2019_LA/ASVspoof2019_LA_eval/flac/LA_E_5819100.flac,16
/data/DATASETS/ASV_Spoof_2019_LA/ASVspoof2019_LA_eval/flac/LA_E_5820026.flac,16
/data/DATASETS/ASV_Spoof_2019_LA/ASVspoof2019_LA_eval/flac/LA_E_5820084.flac,16
/data/DATASETS/ASV_Spoof_2019_LA/ASVspoof2019_LA_eval/flac/LA_E_5820900.flac,16
/data/DATASETS/ASV_Spoof_2019_LA/ASVspoof2019_LA_eval/flac/LA_E_5822679.flac,16
/data/DATASETS/ASV_Spoof_2019_LA/ASVspoof2019_LA_eval/flac/LA_E_5824302.flac,16
/data/DATASETS/ASV_Spoof_2019_LA/ASVspoof2019_LA_eval/flac/LA_E_5826259.flac,16
/data/DATASETS/ASV_Spoof_2019_LA/ASVspoof2019_LA_eval/flac/LA_E_5826473.flac,16
/data/DATASETS/ASV_Spoof_2019_LA/ASVspoof2019_LA_eval/flac/LA_E_5827959.flac,16
/data/DATASETS/ASV_Spoof_2019_LA/ASVspoof2019_LA_eval/flac/LA_E_5830119.flac,16
/data/DATASETS/ASV_Spoof_2019_LA/ASVspoof2019_LA_eval/flac/LA_E_5830361.flac,16
/data/DATASETS/ASV_Spoof_2019_LA/ASVspoof2019_LA_eval/flac/LA_E_5831669.flac,16
/data/DATASETS/ASV_Spoof_2019_LA/ASVspoof2019_LA_eval/flac/LA_E_5832142.flac,16
/data/DATASETS/ASV_Spoof_2019_LA/ASVspoof2019_LA_eval/flac/LA_E_5838038.flac,16
/data/DATASETS/ASV_Spoof_2019_LA/ASVspoof2019_LA_eval/flac/LA_E_5838744.flac,16
/data/DATASETS/ASV_Spoof_2019_LA/ASVspoof2019_LA_eval/flac/LA_E_5843401.flac,16
/data/DATASETS/ASV_Spoof_2019_LA/ASVspoof2019_LA_eval/flac/LA_E_5844246.flac,16
/data/DATASETS/ASV_Spoof_2019_LA/ASVspoof2019_LA_eval/flac/LA_E_5844547.flac,16
/data/DATASETS/ASV_Spoof_2019_LA/ASVspoof2019_LA_eval/flac/LA_E_5845008.flac,16
/data/DATASETS/ASV_Spoof_2019_LA/ASVspoof2019_LA_eval/flac/LA_E_5846294.flac,16
/data/DATASETS/ASV_Spoof_2019_LA/ASVspoof2019_LA_eval/flac/LA_E_5847405.flac,16
/data/DATASETS/ASV_Spoof_2019_LA/ASVspoof2019_LA_eval/flac/LA_E_5848694.flac,16
/data/DATASETS/ASV_Spoof_2019_LA/ASVspoof2019_LA_eval/flac/LA_E_5850811.flac,16
/data/DATASETS/ASV_Spoof_2019_LA/ASVspoof2019_LA_eval/flac/LA_E_5855283.flac,16
/data/DATASETS/ASV_Spoof_2019_LA/ASVspoof2019_LA_eval/flac/LA_E_5856245.flac,16
/data/DATASETS/ASV_Spoof_2019_LA/ASVspoof2019_LA_eval/flac/LA_E_5856848.flac,16
/data/DATASETS/ASV_Spoof_2019_LA/ASVspoof2019_LA_eval/flac/LA_E_5859186.flac,16
/data/DATASETS/ASV_Spoof_2019_LA/ASVspoof2019_LA_eval/flac/LA_E_5863753.flac,16
/data/DATASETS/ASV_Spoof_2019_LA/ASVspoof2019_LA_eval/flac/LA_E_5864156.flac,16
/data/DATASETS/ASV_Spoof_2019_LA/ASVspoof2019_LA_eval/flac/LA_E_5864334.flac,16
/data/DATASETS/ASV_Spoof_2019_LA/ASVspoof2019_LA_eval/flac/LA_E_5865821.flac,16
/data/DATASETS/ASV_Spoof_2019_LA/ASVspoof2019_LA_eval/flac/LA_E_5868290.flac,16
/data/DATASETS/ASV_Spoof_2019_LA/ASVspoof2019_LA_eval/flac/LA_E_5869599.flac,16
/data/DATASETS/ASV_Spoof_2019_LA/ASVspoof2019_LA_eval/flac/LA_E_5869994.flac,16
/data/DATASETS/ASV_Spoof_2019_LA/ASVspoof2019_LA_eval/flac/LA_E_5870925.flac,16
/data/DATASETS/ASV_Spoof_2019_LA/ASVspoof2019_LA_eval/flac/LA_E_5875546.flac,16
/data/DATASETS/ASV_Spoof_2019_LA/ASVspoof2019_LA_eval/flac/LA_E_5877138.flac,16
/data/DATASETS/ASV_Spoof_2019_LA/ASVspoof2019_LA_eval/flac/LA_E_5878558.flac,16
/data/DATASETS/ASV_Spoof_2019_LA/ASVspoof2019_LA_eval/flac/LA_E_5878691.flac,16
/data/DATASETS/ASV_Spoof_2019_LA/ASVspoof2019_LA_eval/flac/LA_E_5879395.flac,16
/data/DATASETS/ASV_Spoof_2019_LA/ASVspoof2019_LA_eval/flac/LA_E_5880940.flac,16
/data/DATASETS/ASV_Spoof_2019_LA/ASVspoof2019_LA_eval/flac/LA_E_5881681.flac,16
/data/DATASETS/ASV_Spoof_2019_LA/ASVspoof2019_LA_eval/flac/LA_E_5884973.flac,16
/data/DATASETS/ASV_Spoof_2019_LA/ASVspoof2019_LA_eval/flac/LA_E_5885777.flac,16
/data/DATASETS/ASV_Spoof_2019_LA/ASVspoof2019_LA_eval/flac/LA_E_5887167.flac,16
/data/DATASETS/ASV_Spoof_2019_LA/ASVspoof2019_LA_eval/flac/LA_E_5888457.flac,16
/data/DATASETS/ASV_Spoof_2019_LA/ASVspoof2019_LA_eval/flac/LA_E_5890604.flac,16
/data/DATASETS/ASV_Spoof_2019_LA/ASVspoof2019_LA_eval/flac/LA_E_5891018.flac,16
/data/DATASETS/ASV_Spoof_2019_LA/ASVspoof2019_LA_eval/flac/LA_E_5891188.flac,16
/data/DATASETS/ASV_Spoof_2019_LA/ASVspoof2019_LA_eval/flac/LA_E_5895406.flac,16
/data/DATASETS/ASV_Spoof_2019_LA/ASVspoof2019_LA_eval/flac/LA_E_5895858.flac,16
/data/DATASETS/ASV_Spoof_2019_LA/ASVspoof2019_LA_eval/flac/LA_E_5896071.flac,16
/data/DATASETS/ASV_Spoof_2019_LA/ASVspoof2019_LA_eval/flac/LA_E_5897478.flac,16
/data/DATASETS/ASV_Spoof_2019_LA/ASVspoof2019_LA_eval/flac/LA_E_5899270.flac,16
/data/DATASETS/ASV_Spoof_2019_LA/ASVspoof2019_LA_eval/flac/LA_E_5901110.flac,16
/data/DATASETS/ASV_Spoof_2019_LA/ASVspoof2019_LA_eval/flac/LA_E_5901269.flac,16
/data/DATASETS/ASV_Spoof_2019_LA/ASVspoof2019_LA_eval/flac/LA_E_5902837.flac,16
/data/DATASETS/ASV_Spoof_2019_LA/ASVspoof2019_LA_eval/flac/LA_E_5903222.flac,16
/data/DATASETS/ASV_Spoof_2019_LA/ASVspoof2019_LA_eval/flac/LA_E_5903614.flac,16
/data/DATASETS/ASV_Spoof_2019_LA/ASVspoof2019_LA_eval/flac/LA_E_5905486.flac,16
/data/DATASETS/ASV_Spoof_2019_LA/ASVspoof2019_LA_eval/flac/LA_E_5914840.flac,16
/data/DATASETS/ASV_Spoof_2019_LA/ASVspoof2019_LA_eval/flac/LA_E_5915943.flac,16
/data/DATASETS/ASV_Spoof_2019_LA/ASVspoof2019_LA_eval/flac/LA_E_5918984.flac,16
/data/DATASETS/ASV_Spoof_2019_LA/ASVspoof2019_LA_eval/flac/LA_E_5921661.flac,16
/data/DATASETS/ASV_Spoof_2019_LA/ASVspoof2019_LA_eval/flac/LA_E_5926081.flac,16
/data/DATASETS/ASV_Spoof_2019_LA/ASVspoof2019_LA_eval/flac/LA_E_5926523.flac,16
/data/DATASETS/ASV_Spoof_2019_LA/ASVspoof2019_LA_eval/flac/LA_E_5926946.flac,16
/data/DATASETS/ASV_Spoof_2019_LA/ASVspoof2019_LA_eval/flac/LA_E_5926993.flac,16
/data/DATASETS/ASV_Spoof_2019_LA/ASVspoof2019_LA_eval/flac/LA_E_5927668.flac,16
/data/DATASETS/ASV_Spoof_2019_LA/ASVspoof2019_LA_eval/flac/LA_E_5928800.flac,16
/data/DATASETS/ASV_Spoof_2019_LA/ASVspoof2019_LA_eval/flac/LA_E_5939401.flac,16
/data/DATASETS/ASV_Spoof_2019_LA/ASVspoof2019_LA_eval/flac/LA_E_5940686.flac,16
/data/DATASETS/ASV_Spoof_2019_LA/ASVspoof2019_LA_eval/flac/LA_E_5942995.flac,16
/data/DATASETS/ASV_Spoof_2019_LA/ASVspoof2019_LA_eval/flac/LA_E_5943295.flac,16
/data/DATASETS/ASV_Spoof_2019_LA/ASVspoof2019_LA_eval/flac/LA_E_5945273.flac,16
/data/DATASETS/ASV_Spoof_2019_LA/ASVspoof2019_LA_eval/flac/LA_E_5945812.flac,16
/data/DATASETS/ASV_Spoof_2019_LA/ASVspoof2019_LA_eval/flac/LA_E_5946701.flac,16
/data/DATASETS/ASV_Spoof_2019_LA/ASVspoof2019_LA_eval/flac/LA_E_5947142.flac,16
/data/DATASETS/ASV_Spoof_2019_LA/ASVspoof2019_LA_eval/flac/LA_E_5948084.flac,16
/data/DATASETS/ASV_Spoof_2019_LA/ASVspoof2019_LA_eval/flac/LA_E_5948593.flac,16
/data/DATASETS/ASV_Spoof_2019_LA/ASVspoof2019_LA_eval/flac/LA_E_5953253.flac,16
/data/DATASETS/ASV_Spoof_2019_LA/ASVspoof2019_LA_eval/flac/LA_E_5955745.flac,16
/data/DATASETS/ASV_Spoof_2019_LA/ASVspoof2019_LA_eval/flac/LA_E_5956704.flac,16
/data/DATASETS/ASV_Spoof_2019_LA/ASVspoof2019_LA_eval/flac/LA_E_5958259.flac,16
/data/DATASETS/ASV_Spoof_2019_LA/ASVspoof2019_LA_eval/flac/LA_E_5959045.flac,16
/data/DATASETS/ASV_Spoof_2019_LA/ASVspoof2019_LA_eval/flac/LA_E_5960189.flac,16
/data/DATASETS/ASV_Spoof_2019_LA/ASVspoof2019_LA_eval/flac/LA_E_5965256.flac,16
/data/DATASETS/ASV_Spoof_2019_LA/ASVspoof2019_LA_eval/flac/LA_E_5967112.flac,16
/data/DATASETS/ASV_Spoof_2019_LA/ASVspoof2019_LA_eval/flac/LA_E_5969780.flac,16
/data/DATASETS/ASV_Spoof_2019_LA/ASVspoof2019_LA_eval/flac/LA_E_5973276.flac,16
/data/DATASETS/ASV_Spoof_2019_LA/ASVspoof2019_LA_eval/flac/LA_E_5973578.flac,16
/data/DATASETS/ASV_Spoof_2019_LA/ASVspoof2019_LA_eval/flac/LA_E_5974843.flac,16
/data/DATASETS/ASV_Spoof_2019_LA/ASVspoof2019_LA_eval/flac/LA_E_5977329.flac,16
/data/DATASETS/ASV_Spoof_2019_LA/ASVspoof2019_LA_eval/flac/LA_E_5977703.flac,16
/data/DATASETS/ASV_Spoof_2019_LA/ASVspoof2019_LA_eval/flac/LA_E_5980083.flac,16
/data/DATASETS/ASV_Spoof_2019_LA/ASVspoof2019_LA_eval/flac/LA_E_5980718.flac,16
/data/DATASETS/ASV_Spoof_2019_LA/ASVspoof2019_LA_eval/flac/LA_E_5981263.flac,16
/data/DATASETS/ASV_Spoof_2019_LA/ASVspoof2019_LA_eval/flac/LA_E_5983578.flac,16
/data/DATASETS/ASV_Spoof_2019_LA/ASVspoof2019_LA_eval/flac/LA_E_5983856.flac,16
/data/DATASETS/ASV_Spoof_2019_LA/ASVspoof2019_LA_eval/flac/LA_E_5984013.flac,16
/data/DATASETS/ASV_Spoof_2019_LA/ASVspoof2019_LA_eval/flac/LA_E_5985613.flac,16
/data/DATASETS/ASV_Spoof_2019_LA/ASVspoof2019_LA_eval/flac/LA_E_5992137.flac,16
/data/DATASETS/ASV_Spoof_2019_LA/ASVspoof2019_LA_eval/flac/LA_E_5996974.flac,16
/data/DATASETS/ASV_Spoof_2019_LA/ASVspoof2019_LA_eval/flac/LA_E_5998198.flac,16
/data/DATASETS/ASV_Spoof_2019_LA/ASVspoof2019_LA_eval/flac/LA_E_5999254.flac,16
/data/DATASETS/ASV_Spoof_2019_LA/ASVspoof2019_LA_eval/flac/LA_E_5999327.flac,16
/data/DATASETS/ASV_Spoof_2019_LA/ASVspoof2019_LA_eval/flac/LA_E_6000782.flac,16
/data/DATASETS/ASV_Spoof_2019_LA/ASVspoof2019_LA_eval/flac/LA_E_6005276.flac,16
/data/DATASETS/ASV_Spoof_2019_LA/ASVspoof2019_LA_eval/flac/LA_E_6006096.flac,16
/data/DATASETS/ASV_Spoof_2019_LA/ASVspoof2019_LA_eval/flac/LA_E_6006293.flac,16
/data/DATASETS/ASV_Spoof_2019_LA/ASVspoof2019_LA_eval/flac/LA_E_6008890.flac,16
/data/DATASETS/ASV_Spoof_2019_LA/ASVspoof2019_LA_eval/flac/LA_E_6009180.flac,16
/data/DATASETS/ASV_Spoof_2019_LA/ASVspoof2019_LA_eval/flac/LA_E_6009513.flac,16
/data/DATASETS/ASV_Spoof_2019_LA/ASVspoof2019_LA_eval/flac/LA_E_6009597.flac,16
/data/DATASETS/ASV_Spoof_2019_LA/ASVspoof2019_LA_eval/flac/LA_E_6010778.flac,16
/data/DATASETS/ASV_Spoof_2019_LA/ASVspoof2019_LA_eval/flac/LA_E_6013627.flac,16
/data/DATASETS/ASV_Spoof_2019_LA/ASVspoof2019_LA_eval/flac/LA_E_6013977.flac,16
/data/DATASETS/ASV_Spoof_2019_LA/ASVspoof2019_LA_eval/flac/LA_E_6015003.flac,16
/data/DATASETS/ASV_Spoof_2019_LA/ASVspoof2019_LA_eval/flac/LA_E_6018226.flac,16
/data/DATASETS/ASV_Spoof_2019_LA/ASVspoof2019_LA_eval/flac/LA_E_6020348.flac,16
/data/DATASETS/ASV_Spoof_2019_LA/ASVspoof2019_LA_eval/flac/LA_E_6020435.flac,16
/data/DATASETS/ASV_Spoof_2019_LA/ASVspoof2019_LA_eval/flac/LA_E_6021350.flac,16
/data/DATASETS/ASV_Spoof_2019_LA/ASVspoof2019_LA_eval/flac/LA_E_6021920.flac,16
/data/DATASETS/ASV_Spoof_2019_LA/ASVspoof2019_LA_eval/flac/LA_E_6022186.flac,16
/data/DATASETS/ASV_Spoof_2019_LA/ASVspoof2019_LA_eval/flac/LA_E_6023363.flac,16
/data/DATASETS/ASV_Spoof_2019_LA/ASVspoof2019_LA_eval/flac/LA_E_6024311.flac,16
/data/DATASETS/ASV_Spoof_2019_LA/ASVspoof2019_LA_eval/flac/LA_E_6030719.flac,16
/data/DATASETS/ASV_Spoof_2019_LA/ASVspoof2019_LA_eval/flac/LA_E_6031358.flac,16
/data/DATASETS/ASV_Spoof_2019_LA/ASVspoof2019_LA_eval/flac/LA_E_6033642.flac,16
/data/DATASETS/ASV_Spoof_2019_LA/ASVspoof2019_LA_eval/flac/LA_E_6037423.flac,16
/data/DATASETS/ASV_Spoof_2019_LA/ASVspoof2019_LA_eval/flac/LA_E_6038380.flac,16
/data/DATASETS/ASV_Spoof_2019_LA/ASVspoof2019_LA_eval/flac/LA_E_6039913.flac,16
/data/DATASETS/ASV_Spoof_2019_LA/ASVspoof2019_LA_eval/flac/LA_E_6040326.flac,16
/data/DATASETS/ASV_Spoof_2019_LA/ASVspoof2019_LA_eval/flac/LA_E_6040959.flac,16
/data/DATASETS/ASV_Spoof_2019_LA/ASVspoof2019_LA_eval/flac/LA_E_6041077.flac,16
/data/DATASETS/ASV_Spoof_2019_LA/ASVspoof2019_LA_eval/flac/LA_E_6042954.flac,16
/data/DATASETS/ASV_Spoof_2019_LA/ASVspoof2019_LA_eval/flac/LA_E_6043090.flac,16
/data/DATASETS/ASV_Spoof_2019_LA/ASVspoof2019_LA_eval/flac/LA_E_6044502.flac,16
/data/DATASETS/ASV_Spoof_2019_LA/ASVspoof2019_LA_eval/flac/LA_E_6045641.flac,16
/data/DATASETS/ASV_Spoof_2019_LA/ASVspoof2019_LA_eval/flac/LA_E_6051324.flac,16
/data/DATASETS/ASV_Spoof_2019_LA/ASVspoof2019_LA_eval/flac/LA_E_6053393.flac,16
/data/DATASETS/ASV_Spoof_2019_LA/ASVspoof2019_LA_eval/flac/LA_E_6058362.flac,16
/data/DATASETS/ASV_Spoof_2019_LA/ASVspoof2019_LA_eval/flac/LA_E_6059914.flac,16
/data/DATASETS/ASV_Spoof_2019_LA/ASVspoof2019_LA_eval/flac/LA_E_6061411.flac,16
/data/DATASETS/ASV_Spoof_2019_LA/ASVspoof2019_LA_eval/flac/LA_E_6065762.flac,16
/data/DATASETS/ASV_Spoof_2019_LA/ASVspoof2019_LA_eval/flac/LA_E_6070388.flac,16
/data/DATASETS/ASV_Spoof_2019_LA/ASVspoof2019_LA_eval/flac/LA_E_6071499.flac,16
/data/DATASETS/ASV_Spoof_2019_LA/ASVspoof2019_LA_eval/flac/LA_E_6073403.flac,16
/data/DATASETS/ASV_Spoof_2019_LA/ASVspoof2019_LA_eval/flac/LA_E_6073788.flac,16
/data/DATASETS/ASV_Spoof_2019_LA/ASVspoof2019_LA_eval/flac/LA_E_6075508.flac,16
/data/DATASETS/ASV_Spoof_2019_LA/ASVspoof2019_LA_eval/flac/LA_E_6075719.flac,16
/data/DATASETS/ASV_Spoof_2019_LA/ASVspoof2019_LA_eval/flac/LA_E_6078083.flac,16
/data/DATASETS/ASV_Spoof_2019_LA/ASVspoof2019_LA_eval/flac/LA_E_6081198.flac,16
/data/DATASETS/ASV_Spoof_2019_LA/ASVspoof2019_LA_eval/flac/LA_E_6081332.flac,16
/data/DATASETS/ASV_Spoof_2019_LA/ASVspoof2019_LA_eval/flac/LA_E_6083042.flac,16
/data/DATASETS/ASV_Spoof_2019_LA/ASVspoof2019_LA_eval/flac/LA_E_6083635.flac,16
/data/DATASETS/ASV_Spoof_2019_LA/ASVspoof2019_LA_eval/flac/LA_E_6084393.flac,16
/data/DATASETS/ASV_Spoof_2019_LA/ASVspoof2019_LA_eval/flac/LA_E_6085100.flac,16
/data/DATASETS/ASV_Spoof_2019_LA/ASVspoof2019_LA_eval/flac/LA_E_6085677.flac,16
/data/DATASETS/ASV_Spoof_2019_LA/ASVspoof2019_LA_eval/flac/LA_E_6087236.flac,16
/data/DATASETS/ASV_Spoof_2019_LA/ASVspoof2019_LA_eval/flac/LA_E_6088738.flac,16
/data/DATASETS/ASV_Spoof_2019_LA/ASVspoof2019_LA_eval/flac/LA_E_6090176.flac,16
/data/DATASETS/ASV_Spoof_2019_LA/ASVspoof2019_LA_eval/flac/LA_E_6092705.flac,16
/data/DATASETS/ASV_Spoof_2019_LA/ASVspoof2019_LA_eval/flac/LA_E_6093762.flac,16
/data/DATASETS/ASV_Spoof_2019_LA/ASVspoof2019_LA_eval/flac/LA_E_6094523.flac,16
/data/DATASETS/ASV_Spoof_2019_LA/ASVspoof2019_LA_eval/flac/LA_E_6094882.flac,16
/data/DATASETS/ASV_Spoof_2019_LA/ASVspoof2019_LA_eval/flac/LA_E_6096609.flac,16
/data/DATASETS/ASV_Spoof_2019_LA/ASVspoof2019_LA_eval/flac/LA_E_6097163.flac,16
/data/DATASETS/ASV_Spoof_2019_LA/ASVspoof2019_LA_eval/flac/LA_E_6098093.flac,16
/data/DATASETS/ASV_Spoof_2019_LA/ASVspoof2019_LA_eval/flac/LA_E_6100366.flac,16
/data/DATASETS/ASV_Spoof_2019_LA/ASVspoof2019_LA_eval/flac/LA_E_6103431.flac,16
/data/DATASETS/ASV_Spoof_2019_LA/ASVspoof2019_LA_eval/flac/LA_E_6104047.flac,16
/data/DATASETS/ASV_Spoof_2019_LA/ASVspoof2019_LA_eval/flac/LA_E_6107269.flac,16
/data/DATASETS/ASV_Spoof_2019_LA/ASVspoof2019_LA_eval/flac/LA_E_6109960.flac,16
/data/DATASETS/ASV_Spoof_2019_LA/ASVspoof2019_LA_eval/flac/LA_E_6111773.flac,16
/data/DATASETS/ASV_Spoof_2019_LA/ASVspoof2019_LA_eval/flac/LA_E_6112657.flac,16
/data/DATASETS/ASV_Spoof_2019_LA/ASVspoof2019_LA_eval/flac/LA_E_6120800.flac,16
/data/DATASETS/ASV_Spoof_2019_LA/ASVspoof2019_LA_eval/flac/LA_E_6123366.flac,16
/data/DATASETS/ASV_Spoof_2019_LA/ASVspoof2019_LA_eval/flac/LA_E_6126162.flac,16
/data/DATASETS/ASV_Spoof_2019_LA/ASVspoof2019_LA_eval/flac/LA_E_6130766.flac,16
/data/DATASETS/ASV_Spoof_2019_LA/ASVspoof2019_LA_eval/flac/LA_E_6133546.flac,16
/data/DATASETS/ASV_Spoof_2019_LA/ASVspoof2019_LA_eval/flac/LA_E_6134681.flac,16
/data/DATASETS/ASV_Spoof_2019_LA/ASVspoof2019_LA_eval/flac/LA_E_6134822.flac,16
/data/DATASETS/ASV_Spoof_2019_LA/ASVspoof2019_LA_eval/flac/LA_E_6139536.flac,16
/data/DATASETS/ASV_Spoof_2019_LA/ASVspoof2019_LA_eval/flac/LA_E_6141453.flac,16
/data/DATASETS/ASV_Spoof_2019_LA/ASVspoof2019_LA_eval/flac/LA_E_6142194.flac,16
/data/DATASETS/ASV_Spoof_2019_LA/ASVspoof2019_LA_eval/flac/LA_E_6142496.flac,16
/data/DATASETS/ASV_Spoof_2019_LA/ASVspoof2019_LA_eval/flac/LA_E_6142660.flac,16
/data/DATASETS/ASV_Spoof_2019_LA/ASVspoof2019_LA_eval/flac/LA_E_6148614.flac,16
/data/DATASETS/ASV_Spoof_2019_LA/ASVspoof2019_LA_eval/flac/LA_E_6156686.flac,16
/data/DATASETS/ASV_Spoof_2019_LA/ASVspoof2019_LA_eval/flac/LA_E_6156749.flac,16
/data/DATASETS/ASV_Spoof_2019_LA/ASVspoof2019_LA_eval/flac/LA_E_6157502.flac,16
/data/DATASETS/ASV_Spoof_2019_LA/ASVspoof2019_LA_eval/flac/LA_E_6161714.flac,16
/data/DATASETS/ASV_Spoof_2019_LA/ASVspoof2019_LA_eval/flac/LA_E_6162757.flac,16
/data/DATASETS/ASV_Spoof_2019_LA/ASVspoof2019_LA_eval/flac/LA_E_6165596.flac,16
/data/DATASETS/ASV_Spoof_2019_LA/ASVspoof2019_LA_eval/flac/LA_E_6167110.flac,16
/data/DATASETS/ASV_Spoof_2019_LA/ASVspoof2019_LA_eval/flac/LA_E_6169160.flac,16
/data/DATASETS/ASV_Spoof_2019_LA/ASVspoof2019_LA_eval/flac/LA_E_6170669.flac,16
/data/DATASETS/ASV_Spoof_2019_LA/ASVspoof2019_LA_eval/flac/LA_E_6172135.flac,16
/data/DATASETS/ASV_Spoof_2019_LA/ASVspoof2019_LA_eval/flac/LA_E_6176004.flac,16
/data/DATASETS/ASV_Spoof_2019_LA/ASVspoof2019_LA_eval/flac/LA_E_6177624.flac,16
/data/DATASETS/ASV_Spoof_2019_LA/ASVspoof2019_LA_eval/flac/LA_E_6180790.flac,16
/data/DATASETS/ASV_Spoof_2019_LA/ASVspoof2019_LA_eval/flac/LA_E_6183137.flac,16
/data/DATASETS/ASV_Spoof_2019_LA/ASVspoof2019_LA_eval/flac/LA_E_6184826.flac,16
/data/DATASETS/ASV_Spoof_2019_LA/ASVspoof2019_LA_eval/flac/LA_E_6185262.flac,16
/data/DATASETS/ASV_Spoof_2019_LA/ASVspoof2019_LA_eval/flac/LA_E_6186352.flac,16
/data/DATASETS/ASV_Spoof_2019_LA/ASVspoof2019_LA_eval/flac/LA_E_6186760.flac,16
/data/DATASETS/ASV_Spoof_2019_LA/ASVspoof2019_LA_eval/flac/LA_E_6187496.flac,16
/data/DATASETS/ASV_Spoof_2019_LA/ASVspoof2019_LA_eval/flac/LA_E_6189094.flac,16
/data/DATASETS/ASV_Spoof_2019_LA/ASVspoof2019_LA_eval/flac/LA_E_6189415.flac,16
/data/DATASETS/ASV_Spoof_2019_LA/ASVspoof2019_LA_eval/flac/LA_E_6193735.flac,16
/data/DATASETS/ASV_Spoof_2019_LA/ASVspoof2019_LA_eval/flac/LA_E_6195419.flac,16
/data/DATASETS/ASV_Spoof_2019_LA/ASVspoof2019_LA_eval/flac/LA_E_6197736.flac,16
/data/DATASETS/ASV_Spoof_2019_LA/ASVspoof2019_LA_eval/flac/LA_E_6208017.flac,16
/data/DATASETS/ASV_Spoof_2019_LA/ASVspoof2019_LA_eval/flac/LA_E_6208055.flac,16
/data/DATASETS/ASV_Spoof_2019_LA/ASVspoof2019_LA_eval/flac/LA_E_6208584.flac,16
/data/DATASETS/ASV_Spoof_2019_LA/ASVspoof2019_LA_eval/flac/LA_E_6208740.flac,16
/data/DATASETS/ASV_Spoof_2019_LA/ASVspoof2019_LA_eval/flac/LA_E_6208979.flac,16
/data/DATASETS/ASV_Spoof_2019_LA/ASVspoof2019_LA_eval/flac/LA_E_6210128.flac,16
/data/DATASETS/ASV_Spoof_2019_LA/ASVspoof2019_LA_eval/flac/LA_E_6213699.flac,16
/data/DATASETS/ASV_Spoof_2019_LA/ASVspoof2019_LA_eval/flac/LA_E_6217013.flac,16
/data/DATASETS/ASV_Spoof_2019_LA/ASVspoof2019_LA_eval/flac/LA_E_6218402.flac,16
/data/DATASETS/ASV_Spoof_2019_LA/ASVspoof2019_LA_eval/flac/LA_E_6219733.flac,16
/data/DATASETS/ASV_Spoof_2019_LA/ASVspoof2019_LA_eval/flac/LA_E_6224196.flac,16
/data/DATASETS/ASV_Spoof_2019_LA/ASVspoof2019_LA_eval/flac/LA_E_6227454.flac,16
/data/DATASETS/ASV_Spoof_2019_LA/ASVspoof2019_LA_eval/flac/LA_E_6227798.flac,16
/data/DATASETS/ASV_Spoof_2019_LA/ASVspoof2019_LA_eval/flac/LA_E_6227803.flac,16
/data/DATASETS/ASV_Spoof_2019_LA/ASVspoof2019_LA_eval/flac/LA_E_6228802.flac,16
/data/DATASETS/ASV_Spoof_2019_LA/ASVspoof2019_LA_eval/flac/LA_E_6229763.flac,16
/data/DATASETS/ASV_Spoof_2019_LA/ASVspoof2019_LA_eval/flac/LA_E_6229866.flac,16
/data/DATASETS/ASV_Spoof_2019_LA/ASVspoof2019_LA_eval/flac/LA_E_6230340.flac,16
/data/DATASETS/ASV_Spoof_2019_LA/ASVspoof2019_LA_eval/flac/LA_E_6231094.flac,16
/data/DATASETS/ASV_Spoof_2019_LA/ASVspoof2019_LA_eval/flac/LA_E_6232190.flac,16
/data/DATASETS/ASV_Spoof_2019_LA/ASVspoof2019_LA_eval/flac/LA_E_6233658.flac,16
/data/DATASETS/ASV_Spoof_2019_LA/ASVspoof2019_LA_eval/flac/LA_E_6240342.flac,16
/data/DATASETS/ASV_Spoof_2019_LA/ASVspoof2019_LA_eval/flac/LA_E_6242604.flac,16
/data/DATASETS/ASV_Spoof_2019_LA/ASVspoof2019_LA_eval/flac/LA_E_6246792.flac,16
/data/DATASETS/ASV_Spoof_2019_LA/ASVspoof2019_LA_eval/flac/LA_E_6247060.flac,16
/data/DATASETS/ASV_Spoof_2019_LA/ASVspoof2019_LA_eval/flac/LA_E_6247525.flac,16
/data/DATASETS/ASV_Spoof_2019_LA/ASVspoof2019_LA_eval/flac/LA_E_6247706.flac,16
/data/DATASETS/ASV_Spoof_2019_LA/ASVspoof2019_LA_eval/flac/LA_E_6249634.flac,16
/data/DATASETS/ASV_Spoof_2019_LA/ASVspoof2019_LA_eval/flac/LA_E_6250219.flac,16
/data/DATASETS/ASV_Spoof_2019_LA/ASVspoof2019_LA_eval/flac/LA_E_6250871.flac,16
/data/DATASETS/ASV_Spoof_2019_LA/ASVspoof2019_LA_eval/flac/LA_E_6253342.flac,16
/data/DATASETS/ASV_Spoof_2019_LA/ASVspoof2019_LA_eval/flac/LA_E_6254140.flac,16
/data/DATASETS/ASV_Spoof_2019_LA/ASVspoof2019_LA_eval/flac/LA_E_6258049.flac,16
/data/DATASETS/ASV_Spoof_2019_LA/ASVspoof2019_LA_eval/flac/LA_E_6261614.flac,16
/data/DATASETS/ASV_Spoof_2019_LA/ASVspoof2019_LA_eval/flac/LA_E_6262149.flac,16
/data/DATASETS/ASV_Spoof_2019_LA/ASVspoof2019_LA_eval/flac/LA_E_6262858.flac,16
/data/DATASETS/ASV_Spoof_2019_LA/ASVspoof2019_LA_eval/flac/LA_E_6265601.flac,16
/data/DATASETS/ASV_Spoof_2019_LA/ASVspoof2019_LA_eval/flac/LA_E_6267953.flac,16
/data/DATASETS/ASV_Spoof_2019_LA/ASVspoof2019_LA_eval/flac/LA_E_6269576.flac,16
/data/DATASETS/ASV_Spoof_2019_LA/ASVspoof2019_LA_eval/flac/LA_E_6270013.flac,16
/data/DATASETS/ASV_Spoof_2019_LA/ASVspoof2019_LA_eval/flac/LA_E_6271193.flac,16
/data/DATASETS/ASV_Spoof_2019_LA/ASVspoof2019_LA_eval/flac/LA_E_6274255.flac,16
/data/DATASETS/ASV_Spoof_2019_LA/ASVspoof2019_LA_eval/flac/LA_E_6276999.flac,16
/data/DATASETS/ASV_Spoof_2019_LA/ASVspoof2019_LA_eval/flac/LA_E_6283541.flac,16
/data/DATASETS/ASV_Spoof_2019_LA/ASVspoof2019_LA_eval/flac/LA_E_6285182.flac,16
/data/DATASETS/ASV_Spoof_2019_LA/ASVspoof2019_LA_eval/flac/LA_E_6290677.flac,16
/data/DATASETS/ASV_Spoof_2019_LA/ASVspoof2019_LA_eval/flac/LA_E_6291676.flac,16
/data/DATASETS/ASV_Spoof_2019_LA/ASVspoof2019_LA_eval/flac/LA_E_6293991.flac,16
/data/DATASETS/ASV_Spoof_2019_LA/ASVspoof2019_LA_eval/flac/LA_E_6294047.flac,16
/data/DATASETS/ASV_Spoof_2019_LA/ASVspoof2019_LA_eval/flac/LA_E_6294124.flac,16
/data/DATASETS/ASV_Spoof_2019_LA/ASVspoof2019_LA_eval/flac/LA_E_6295217.flac,16
/data/DATASETS/ASV_Spoof_2019_LA/ASVspoof2019_LA_eval/flac/LA_E_6296051.flac,16
/data/DATASETS/ASV_Spoof_2019_LA/ASVspoof2019_LA_eval/flac/LA_E_6296691.flac,16
/data/DATASETS/ASV_Spoof_2019_LA/ASVspoof2019_LA_eval/flac/LA_E_6298488.flac,16
/data/DATASETS/ASV_Spoof_2019_LA/ASVspoof2019_LA_eval/flac/LA_E_6298801.flac,16
/data/DATASETS/ASV_Spoof_2019_LA/ASVspoof2019_LA_eval/flac/LA_E_6299474.flac,16
/data/DATASETS/ASV_Spoof_2019_LA/ASVspoof2019_LA_eval/flac/LA_E_6301136.flac,16
/data/DATASETS/ASV_Spoof_2019_LA/ASVspoof2019_LA_eval/flac/LA_E_6302157.flac,16
/data/DATASETS/ASV_Spoof_2019_LA/ASVspoof2019_LA_eval/flac/LA_E_6302996.flac,16
/data/DATASETS/ASV_Spoof_2019_LA/ASVspoof2019_LA_eval/flac/LA_E_6304455.flac,16
/data/DATASETS/ASV_Spoof_2019_LA/ASVspoof2019_LA_eval/flac/LA_E_6305530.flac,16
/data/DATASETS/ASV_Spoof_2019_LA/ASVspoof2019_LA_eval/flac/LA_E_6309472.flac,16
/data/DATASETS/ASV_Spoof_2019_LA/ASVspoof2019_LA_eval/flac/LA_E_6310668.flac,16
/data/DATASETS/ASV_Spoof_2019_LA/ASVspoof2019_LA_eval/flac/LA_E_6312174.flac,16
/data/DATASETS/ASV_Spoof_2019_LA/ASVspoof2019_LA_eval/flac/LA_E_6315191.flac,16
/data/DATASETS/ASV_Spoof_2019_LA/ASVspoof2019_LA_eval/flac/LA_E_6315695.flac,16
/data/DATASETS/ASV_Spoof_2019_LA/ASVspoof2019_LA_eval/flac/LA_E_6316726.flac,16
/data/DATASETS/ASV_Spoof_2019_LA/ASVspoof2019_LA_eval/flac/LA_E_6318831.flac,16
/data/DATASETS/ASV_Spoof_2019_LA/ASVspoof2019_LA_eval/flac/LA_E_6320331.flac,16
/data/DATASETS/ASV_Spoof_2019_LA/ASVspoof2019_LA_eval/flac/LA_E_6321082.flac,16
/data/DATASETS/ASV_Spoof_2019_LA/ASVspoof2019_LA_eval/flac/LA_E_6322389.flac,16
/data/DATASETS/ASV_Spoof_2019_LA/ASVspoof2019_LA_eval/flac/LA_E_6323950.flac,16
/data/DATASETS/ASV_Spoof_2019_LA/ASVspoof2019_LA_eval/flac/LA_E_6324208.flac,16
/data/DATASETS/ASV_Spoof_2019_LA/ASVspoof2019_LA_eval/flac/LA_E_6324544.flac,16
/data/DATASETS/ASV_Spoof_2019_LA/ASVspoof2019_LA_eval/flac/LA_E_6327702.flac,16
/data/DATASETS/ASV_Spoof_2019_LA/ASVspoof2019_LA_eval/flac/LA_E_6327896.flac,16
/data/DATASETS/ASV_Spoof_2019_LA/ASVspoof2019_LA_eval/flac/LA_E_6330481.flac,16
/data/DATASETS/ASV_Spoof_2019_LA/ASVspoof2019_LA_eval/flac/LA_E_6331540.flac,16
/data/DATASETS/ASV_Spoof_2019_LA/ASVspoof2019_LA_eval/flac/LA_E_6332115.flac,16
/data/DATASETS/ASV_Spoof_2019_LA/ASVspoof2019_LA_eval/flac/LA_E_6333878.flac,16
/data/DATASETS/ASV_Spoof_2019_LA/ASVspoof2019_LA_eval/flac/LA_E_6338440.flac,16
/data/DATASETS/ASV_Spoof_2019_LA/ASVspoof2019_LA_eval/flac/LA_E_6338763.flac,16
/data/DATASETS/ASV_Spoof_2019_LA/ASVspoof2019_LA_eval/flac/LA_E_6339921.flac,16
/data/DATASETS/ASV_Spoof_2019_LA/ASVspoof2019_LA_eval/flac/LA_E_6340116.flac,16
/data/DATASETS/ASV_Spoof_2019_LA/ASVspoof2019_LA_eval/flac/LA_E_6341507.flac,16
/data/DATASETS/ASV_Spoof_2019_LA/ASVspoof2019_LA_eval/flac/LA_E_6342601.flac,16
/data/DATASETS/ASV_Spoof_2019_LA/ASVspoof2019_LA_eval/flac/LA_E_6342619.flac,16
/data/DATASETS/ASV_Spoof_2019_LA/ASVspoof2019_LA_eval/flac/LA_E_6342937.flac,16
/data/DATASETS/ASV_Spoof_2019_LA/ASVspoof2019_LA_eval/flac/LA_E_6343952.flac,16
/data/DATASETS/ASV_Spoof_2019_LA/ASVspoof2019_LA_eval/flac/LA_E_6345779.flac,16
/data/DATASETS/ASV_Spoof_2019_LA/ASVspoof2019_LA_eval/flac/LA_E_6346644.flac,16
/data/DATASETS/ASV_Spoof_2019_LA/ASVspoof2019_LA_eval/flac/LA_E_6347438.flac,16
/data/DATASETS/ASV_Spoof_2019_LA/ASVspoof2019_LA_eval/flac/LA_E_6349154.flac,16
/data/DATASETS/ASV_Spoof_2019_LA/ASVspoof2019_LA_eval/flac/LA_E_6350740.flac,16
/data/DATASETS/ASV_Spoof_2019_LA/ASVspoof2019_LA_eval/flac/LA_E_6354087.flac,16
/data/DATASETS/ASV_Spoof_2019_LA/ASVspoof2019_LA_eval/flac/LA_E_6357750.flac,16
/data/DATASETS/ASV_Spoof_2019_LA/ASVspoof2019_LA_eval/flac/LA_E_6358441.flac,16
/data/DATASETS/ASV_Spoof_2019_LA/ASVspoof2019_LA_eval/flac/LA_E_6361648.flac,16
/data/DATASETS/ASV_Spoof_2019_LA/ASVspoof2019_LA_eval/flac/LA_E_6362434.flac,16
/data/DATASETS/ASV_Spoof_2019_LA/ASVspoof2019_LA_eval/flac/LA_E_6363204.flac,16
/data/DATASETS/ASV_Spoof_2019_LA/ASVspoof2019_LA_eval/flac/LA_E_6366064.flac,16
/data/DATASETS/ASV_Spoof_2019_LA/ASVspoof2019_LA_eval/flac/LA_E_6369811.flac,16
/data/DATASETS/ASV_Spoof_2019_LA/ASVspoof2019_LA_eval/flac/LA_E_6370042.flac,16
/data/DATASETS/ASV_Spoof_2019_LA/ASVspoof2019_LA_eval/flac/LA_E_6370060.flac,16
/data/DATASETS/ASV_Spoof_2019_LA/ASVspoof2019_LA_eval/flac/LA_E_6371180.flac,16
/data/DATASETS/ASV_Spoof_2019_LA/ASVspoof2019_LA_eval/flac/LA_E_6371368.flac,16
/data/DATASETS/ASV_Spoof_2019_LA/ASVspoof2019_LA_eval/flac/LA_E_6371411.flac,16
/data/DATASETS/ASV_Spoof_2019_LA/ASVspoof2019_LA_eval/flac/LA_E_6372560.flac,16
/data/DATASETS/ASV_Spoof_2019_LA/ASVspoof2019_LA_eval/flac/LA_E_6377508.flac,16
/data/DATASETS/ASV_Spoof_2019_LA/ASVspoof2019_LA_eval/flac/LA_E_6378086.flac,16
/data/DATASETS/ASV_Spoof_2019_LA/ASVspoof2019_LA_eval/flac/LA_E_6381562.flac,16
/data/DATASETS/ASV_Spoof_2019_LA/ASVspoof2019_LA_eval/flac/LA_E_6384376.flac,16
/data/DATASETS/ASV_Spoof_2019_LA/ASVspoof2019_LA_eval/flac/LA_E_6386170.flac,16
/data/DATASETS/ASV_Spoof_2019_LA/ASVspoof2019_LA_eval/flac/LA_E_6387674.flac,16
/data/DATASETS/ASV_Spoof_2019_LA/ASVspoof2019_LA_eval/flac/LA_E_6390993.flac,16
/data/DATASETS/ASV_Spoof_2019_LA/ASVspoof2019_LA_eval/flac/LA_E_6392124.flac,16
/data/DATASETS/ASV_Spoof_2019_LA/ASVspoof2019_LA_eval/flac/LA_E_6392160.flac,16
/data/DATASETS/ASV_Spoof_2019_LA/ASVspoof2019_LA_eval/flac/LA_E_6392491.flac,16
/data/DATASETS/ASV_Spoof_2019_LA/ASVspoof2019_LA_eval/flac/LA_E_6394174.flac,16
/data/DATASETS/ASV_Spoof_2019_LA/ASVspoof2019_LA_eval/flac/LA_E_6395435.flac,16
/data/DATASETS/ASV_Spoof_2019_LA/ASVspoof2019_LA_eval/flac/LA_E_6396126.flac,16
/data/DATASETS/ASV_Spoof_2019_LA/ASVspoof2019_LA_eval/flac/LA_E_6397486.flac,16
/data/DATASETS/ASV_Spoof_2019_LA/ASVspoof2019_LA_eval/flac/LA_E_6399890.flac,16
/data/DATASETS/ASV_Spoof_2019_LA/ASVspoof2019_LA_eval/flac/LA_E_6401046.flac,16
/data/DATASETS/ASV_Spoof_2019_LA/ASVspoof2019_LA_eval/flac/LA_E_6403721.flac,16
/data/DATASETS/ASV_Spoof_2019_LA/ASVspoof2019_LA_eval/flac/LA_E_6403810.flac,16
/data/DATASETS/ASV_Spoof_2019_LA/ASVspoof2019_LA_eval/flac/LA_E_6404281.flac,16
/data/DATASETS/ASV_Spoof_2019_LA/ASVspoof2019_LA_eval/flac/LA_E_6405901.flac,16
/data/DATASETS/ASV_Spoof_2019_LA/ASVspoof2019_LA_eval/flac/LA_E_6406778.flac,16
/data/DATASETS/ASV_Spoof_2019_LA/ASVspoof2019_LA_eval/flac/LA_E_6406853.flac,16
/data/DATASETS/ASV_Spoof_2019_LA/ASVspoof2019_LA_eval/flac/LA_E_6408831.flac,16
/data/DATASETS/ASV_Spoof_2019_LA/ASVspoof2019_LA_eval/flac/LA_E_6411573.flac,16
/data/DATASETS/ASV_Spoof_2019_LA/ASVspoof2019_LA_eval/flac/LA_E_6414134.flac,16
/data/DATASETS/ASV_Spoof_2019_LA/ASVspoof2019_LA_eval/flac/LA_E_6418325.flac,16
/data/DATASETS/ASV_Spoof_2019_LA/ASVspoof2019_LA_eval/flac/LA_E_6419618.flac,16
/data/DATASETS/ASV_Spoof_2019_LA/ASVspoof2019_LA_eval/flac/LA_E_6432313.flac,16
/data/DATASETS/ASV_Spoof_2019_LA/ASVspoof2019_LA_eval/flac/LA_E_6436018.flac,16
/data/DATASETS/ASV_Spoof_2019_LA/ASVspoof2019_LA_eval/flac/LA_E_6436500.flac,16
/data/DATASETS/ASV_Spoof_2019_LA/ASVspoof2019_LA_eval/flac/LA_E_6440091.flac,16
/data/DATASETS/ASV_Spoof_2019_LA/ASVspoof2019_LA_eval/flac/LA_E_6444987.flac,16
/data/DATASETS/ASV_Spoof_2019_LA/ASVspoof2019_LA_eval/flac/LA_E_6445691.flac,16
/data/DATASETS/ASV_Spoof_2019_LA/ASVspoof2019_LA_eval/flac/LA_E_6449760.flac,16
/data/DATASETS/ASV_Spoof_2019_LA/ASVspoof2019_LA_eval/flac/LA_E_6450071.flac,16
/data/DATASETS/ASV_Spoof_2019_LA/ASVspoof2019_LA_eval/flac/LA_E_6452519.flac,16
/data/DATASETS/ASV_Spoof_2019_LA/ASVspoof2019_LA_eval/flac/LA_E_6453937.flac,16
/data/DATASETS/ASV_Spoof_2019_LA/ASVspoof2019_LA_eval/flac/LA_E_6455489.flac,16
/data/DATASETS/ASV_Spoof_2019_LA/ASVspoof2019_LA_eval/flac/LA_E_6455890.flac,16
/data/DATASETS/ASV_Spoof_2019_LA/ASVspoof2019_LA_eval/flac/LA_E_6455951.flac,16
/data/DATASETS/ASV_Spoof_2019_LA/ASVspoof2019_LA_eval/flac/LA_E_6457840.flac,16
/data/DATASETS/ASV_Spoof_2019_LA/ASVspoof2019_LA_eval/flac/LA_E_6458700.flac,16
/data/DATASETS/ASV_Spoof_2019_LA/ASVspoof2019_LA_eval/flac/LA_E_6458843.flac,16
/data/DATASETS/ASV_Spoof_2019_LA/ASVspoof2019_LA_eval/flac/LA_E_6462308.flac,16
/data/DATASETS/ASV_Spoof_2019_LA/ASVspoof2019_LA_eval/flac/LA_E_6466548.flac,16
/data/DATASETS/ASV_Spoof_2019_LA/ASVspoof2019_LA_eval/flac/LA_E_6471498.flac,16
/data/DATASETS/ASV_Spoof_2019_LA/ASVspoof2019_LA_eval/flac/LA_E_6475507.flac,16
/data/DATASETS/ASV_Spoof_2019_LA/ASVspoof2019_LA_eval/flac/LA_E_6477465.flac,16
/data/DATASETS/ASV_Spoof_2019_LA/ASVspoof2019_LA_eval/flac/LA_E_6478220.flac,16
/data/DATASETS/ASV_Spoof_2019_LA/ASVspoof2019_LA_eval/flac/LA_E_6481661.flac,16
/data/DATASETS/ASV_Spoof_2019_LA/ASVspoof2019_LA_eval/flac/LA_E_6482794.flac,16
/data/DATASETS/ASV_Spoof_2019_LA/ASVspoof2019_LA_eval/flac/LA_E_6482820.flac,16
/data/DATASETS/ASV_Spoof_2019_LA/ASVspoof2019_LA_eval/flac/LA_E_6483420.flac,16
/data/DATASETS/ASV_Spoof_2019_LA/ASVspoof2019_LA_eval/flac/LA_E_6484664.flac,16
/data/DATASETS/ASV_Spoof_2019_LA/ASVspoof2019_LA_eval/flac/LA_E_6487236.flac,16
/data/DATASETS/ASV_Spoof_2019_LA/ASVspoof2019_LA_eval/flac/LA_E_6487397.flac,16
/data/DATASETS/ASV_Spoof_2019_LA/ASVspoof2019_LA_eval/flac/LA_E_6489368.flac,16
/data/DATASETS/ASV_Spoof_2019_LA/ASVspoof2019_LA_eval/flac/LA_E_6490001.flac,16
/data/DATASETS/ASV_Spoof_2019_LA/ASVspoof2019_LA_eval/flac/LA_E_6490165.flac,16
/data/DATASETS/ASV_Spoof_2019_LA/ASVspoof2019_LA_eval/flac/LA_E_6491488.flac,16
/data/DATASETS/ASV_Spoof_2019_LA/ASVspoof2019_LA_eval/flac/LA_E_6500192.flac,16
/data/DATASETS/ASV_Spoof_2019_LA/ASVspoof2019_LA_eval/flac/LA_E_6502783.flac,16
/data/DATASETS/ASV_Spoof_2019_LA/ASVspoof2019_LA_eval/flac/LA_E_6503798.flac,16
/data/DATASETS/ASV_Spoof_2019_LA/ASVspoof2019_LA_eval/flac/LA_E_6503876.flac,16
/data/DATASETS/ASV_Spoof_2019_LA/ASVspoof2019_LA_eval/flac/LA_E_6504220.flac,16
/data/DATASETS/ASV_Spoof_2019_LA/ASVspoof2019_LA_eval/flac/LA_E_6504331.flac,16
/data/DATASETS/ASV_Spoof_2019_LA/ASVspoof2019_LA_eval/flac/LA_E_6505437.flac,16
/data/DATASETS/ASV_Spoof_2019_LA/ASVspoof2019_LA_eval/flac/LA_E_6506169.flac,16
/data/DATASETS/ASV_Spoof_2019_LA/ASVspoof2019_LA_eval/flac/LA_E_6509916.flac,16
/data/DATASETS/ASV_Spoof_2019_LA/ASVspoof2019_LA_eval/flac/LA_E_6510539.flac,16
/data/DATASETS/ASV_Spoof_2019_LA/ASVspoof2019_LA_eval/flac/LA_E_6513799.flac,16
/data/DATASETS/ASV_Spoof_2019_LA/ASVspoof2019_LA_eval/flac/LA_E_6517182.flac,16
/data/DATASETS/ASV_Spoof_2019_LA/ASVspoof2019_LA_eval/flac/LA_E_6524360.flac,16
/data/DATASETS/ASV_Spoof_2019_LA/ASVspoof2019_LA_eval/flac/LA_E_6525387.flac,16
/data/DATASETS/ASV_Spoof_2019_LA/ASVspoof2019_LA_eval/flac/LA_E_6525701.flac,16
/data/DATASETS/ASV_Spoof_2019_LA/ASVspoof2019_LA_eval/flac/LA_E_6527188.flac,16
/data/DATASETS/ASV_Spoof_2019_LA/ASVspoof2019_LA_eval/flac/LA_E_6529131.flac,16
/data/DATASETS/ASV_Spoof_2019_LA/ASVspoof2019_LA_eval/flac/LA_E_6529409.flac,16
/data/DATASETS/ASV_Spoof_2019_LA/ASVspoof2019_LA_eval/flac/LA_E_6530157.flac,16
/data/DATASETS/ASV_Spoof_2019_LA/ASVspoof2019_LA_eval/flac/LA_E_6535685.flac,16
/data/DATASETS/ASV_Spoof_2019_LA/ASVspoof2019_LA_eval/flac/LA_E_6537017.flac,16
/data/DATASETS/ASV_Spoof_2019_LA/ASVspoof2019_LA_eval/flac/LA_E_6538298.flac,16
/data/DATASETS/ASV_Spoof_2019_LA/ASVspoof2019_LA_eval/flac/LA_E_6541506.flac,16
/data/DATASETS/ASV_Spoof_2019_LA/ASVspoof2019_LA_eval/flac/LA_E_6542402.flac,16
/data/DATASETS/ASV_Spoof_2019_LA/ASVspoof2019_LA_eval/flac/LA_E_6542762.flac,16
/data/DATASETS/ASV_Spoof_2019_LA/ASVspoof2019_LA_eval/flac/LA_E_6545228.flac,16
/data/DATASETS/ASV_Spoof_2019_LA/ASVspoof2019_LA_eval/flac/LA_E_6547210.flac,16
/data/DATASETS/ASV_Spoof_2019_LA/ASVspoof2019_LA_eval/flac/LA_E_6553662.flac,16
/data/DATASETS/ASV_Spoof_2019_LA/ASVspoof2019_LA_eval/flac/LA_E_6555001.flac,16
/data/DATASETS/ASV_Spoof_2019_LA/ASVspoof2019_LA_eval/flac/LA_E_6555929.flac,16
/data/DATASETS/ASV_Spoof_2019_LA/ASVspoof2019_LA_eval/flac/LA_E_6556182.flac,16
/data/DATASETS/ASV_Spoof_2019_LA/ASVspoof2019_LA_eval/flac/LA_E_6557161.flac,16
/data/DATASETS/ASV_Spoof_2019_LA/ASVspoof2019_LA_eval/flac/LA_E_6558674.flac,16
/data/DATASETS/ASV_Spoof_2019_LA/ASVspoof2019_LA_eval/flac/LA_E_6559978.flac,16
/data/DATASETS/ASV_Spoof_2019_LA/ASVspoof2019_LA_eval/flac/LA_E_6560565.flac,16
/data/DATASETS/ASV_Spoof_2019_LA/ASVspoof2019_LA_eval/flac/LA_E_6561636.flac,16
/data/DATASETS/ASV_Spoof_2019_LA/ASVspoof2019_LA_eval/flac/LA_E_6562006.flac,16
/data/DATASETS/ASV_Spoof_2019_LA/ASVspoof2019_LA_eval/flac/LA_E_6563267.flac,16
/data/DATASETS/ASV_Spoof_2019_LA/ASVspoof2019_LA_eval/flac/LA_E_6565412.flac,16
/data/DATASETS/ASV_Spoof_2019_LA/ASVspoof2019_LA_eval/flac/LA_E_6567523.flac,16
/data/DATASETS/ASV_Spoof_2019_LA/ASVspoof2019_LA_eval/flac/LA_E_6569973.flac,16
/data/DATASETS/ASV_Spoof_2019_LA/ASVspoof2019_LA_eval/flac/LA_E_6570538.flac,16
/data/DATASETS/ASV_Spoof_2019_LA/ASVspoof2019_LA_eval/flac/LA_E_6570911.flac,16
/data/DATASETS/ASV_Spoof_2019_LA/ASVspoof2019_LA_eval/flac/LA_E_6570959.flac,16
/data/DATASETS/ASV_Spoof_2019_LA/ASVspoof2019_LA_eval/flac/LA_E_6571275.flac,16
/data/DATASETS/ASV_Spoof_2019_LA/ASVspoof2019_LA_eval/flac/LA_E_6572601.flac,16
/data/DATASETS/ASV_Spoof_2019_LA/ASVspoof2019_LA_eval/flac/LA_E_6574782.flac,16
/data/DATASETS/ASV_Spoof_2019_LA/ASVspoof2019_LA_eval/flac/LA_E_6580456.flac,16
/data/DATASETS/ASV_Spoof_2019_LA/ASVspoof2019_LA_eval/flac/LA_E_6581017.flac,16
/data/DATASETS/ASV_Spoof_2019_LA/ASVspoof2019_LA_eval/flac/LA_E_6582032.flac,16
/data/DATASETS/ASV_Spoof_2019_LA/ASVspoof2019_LA_eval/flac/LA_E_6582174.flac,16
/data/DATASETS/ASV_Spoof_2019_LA/ASVspoof2019_LA_eval/flac/LA_E_6582849.flac,16
/data/DATASETS/ASV_Spoof_2019_LA/ASVspoof2019_LA_eval/flac/LA_E_6583674.flac,16
/data/DATASETS/ASV_Spoof_2019_LA/ASVspoof2019_LA_eval/flac/LA_E_6585927.flac,16
/data/DATASETS/ASV_Spoof_2019_LA/ASVspoof2019_LA_eval/flac/LA_E_6586948.flac,16
/data/DATASETS/ASV_Spoof_2019_LA/ASVspoof2019_LA_eval/flac/LA_E_6587654.flac,16
/data/DATASETS/ASV_Spoof_2019_LA/ASVspoof2019_LA_eval/flac/LA_E_6588584.flac,16
/data/DATASETS/ASV_Spoof_2019_LA/ASVspoof2019_LA_eval/flac/LA_E_6590963.flac,16
/data/DATASETS/ASV_Spoof_2019_LA/ASVspoof2019_LA_eval/flac/LA_E_6592647.flac,16
/data/DATASETS/ASV_Spoof_2019_LA/ASVspoof2019_LA_eval/flac/LA_E_6592825.flac,16
/data/DATASETS/ASV_Spoof_2019_LA/ASVspoof2019_LA_eval/flac/LA_E_6593845.flac,16
/data/DATASETS/ASV_Spoof_2019_LA/ASVspoof2019_LA_eval/flac/LA_E_6594449.flac,16
/data/DATASETS/ASV_Spoof_2019_LA/ASVspoof2019_LA_eval/flac/LA_E_6595567.flac,16
/data/DATASETS/ASV_Spoof_2019_LA/ASVspoof2019_LA_eval/flac/LA_E_6597039.flac,16
/data/DATASETS/ASV_Spoof_2019_LA/ASVspoof2019_LA_eval/flac/LA_E_6598064.flac,16
/data/DATASETS/ASV_Spoof_2019_LA/ASVspoof2019_LA_eval/flac/LA_E_6601312.flac,16
/data/DATASETS/ASV_Spoof_2019_LA/ASVspoof2019_LA_eval/flac/LA_E_6602815.flac,16
/data/DATASETS/ASV_Spoof_2019_LA/ASVspoof2019_LA_eval/flac/LA_E_6608852.flac,16
/data/DATASETS/ASV_Spoof_2019_LA/ASVspoof2019_LA_eval/flac/LA_E_6613378.flac,16
/data/DATASETS/ASV_Spoof_2019_LA/ASVspoof2019_LA_eval/flac/LA_E_6616127.flac,16
/data/DATASETS/ASV_Spoof_2019_LA/ASVspoof2019_LA_eval/flac/LA_E_6618789.flac,16
/data/DATASETS/ASV_Spoof_2019_LA/ASVspoof2019_LA_eval/flac/LA_E_6618915.flac,16
/data/DATASETS/ASV_Spoof_2019_LA/ASVspoof2019_LA_eval/flac/LA_E_6620141.flac,16
/data/DATASETS/ASV_Spoof_2019_LA/ASVspoof2019_LA_eval/flac/LA_E_6621846.flac,16
/data/DATASETS/ASV_Spoof_2019_LA/ASVspoof2019_LA_eval/flac/LA_E_6622555.flac,16
/data/DATASETS/ASV_Spoof_2019_LA/ASVspoof2019_LA_eval/flac/LA_E_6622913.flac,16
/data/DATASETS/ASV_Spoof_2019_LA/ASVspoof2019_LA_eval/flac/LA_E_6625872.flac,16
/data/DATASETS/ASV_Spoof_2019_LA/ASVspoof2019_LA_eval/flac/LA_E_6626660.flac,16
/data/DATASETS/ASV_Spoof_2019_LA/ASVspoof2019_LA_eval/flac/LA_E_6627143.flac,16
/data/DATASETS/ASV_Spoof_2019_LA/ASVspoof2019_LA_eval/flac/LA_E_6628284.flac,16
/data/DATASETS/ASV_Spoof_2019_LA/ASVspoof2019_LA_eval/flac/LA_E_6629643.flac,16
/data/DATASETS/ASV_Spoof_2019_LA/ASVspoof2019_LA_eval/flac/LA_E_6629903.flac,16
/data/DATASETS/ASV_Spoof_2019_LA/ASVspoof2019_LA_eval/flac/LA_E_6631280.flac,16
/data/DATASETS/ASV_Spoof_2019_LA/ASVspoof2019_LA_eval/flac/LA_E_6631313.flac,16
/data/DATASETS/ASV_Spoof_2019_LA/ASVspoof2019_LA_eval/flac/LA_E_6631930.flac,16
/data/DATASETS/ASV_Spoof_2019_LA/ASVspoof2019_LA_eval/flac/LA_E_6636585.flac,16
/data/DATASETS/ASV_Spoof_2019_LA/ASVspoof2019_LA_eval/flac/LA_E_6638718.flac,16
/data/DATASETS/ASV_Spoof_2019_LA/ASVspoof2019_LA_eval/flac/LA_E_6641034.flac,16
/data/DATASETS/ASV_Spoof_2019_LA/ASVspoof2019_LA_eval/flac/LA_E_6648144.flac,16
/data/DATASETS/ASV_Spoof_2019_LA/ASVspoof2019_LA_eval/flac/LA_E_6650296.flac,16
/data/DATASETS/ASV_Spoof_2019_LA/ASVspoof2019_LA_eval/flac/LA_E_6655136.flac,16
/data/DATASETS/ASV_Spoof_2019_LA/ASVspoof2019_LA_eval/flac/LA_E_6659020.flac,16
/data/DATASETS/ASV_Spoof_2019_LA/ASVspoof2019_LA_eval/flac/LA_E_6661930.flac,16
/data/DATASETS/ASV_Spoof_2019_LA/ASVspoof2019_LA_eval/flac/LA_E_6664086.flac,16
/data/DATASETS/ASV_Spoof_2019_LA/ASVspoof2019_LA_eval/flac/LA_E_6666153.flac,16
/data/DATASETS/ASV_Spoof_2019_LA/ASVspoof2019_LA_eval/flac/LA_E_6668676.flac,16
/data/DATASETS/ASV_Spoof_2019_LA/ASVspoof2019_LA_eval/flac/LA_E_6670164.flac,16
/data/DATASETS/ASV_Spoof_2019_LA/ASVspoof2019_LA_eval/flac/LA_E_6671657.flac,16
/data/DATASETS/ASV_Spoof_2019_LA/ASVspoof2019_LA_eval/flac/LA_E_6671910.flac,16
/data/DATASETS/ASV_Spoof_2019_LA/ASVspoof2019_LA_eval/flac/LA_E_6674081.flac,16
/data/DATASETS/ASV_Spoof_2019_LA/ASVspoof2019_LA_eval/flac/LA_E_6678051.flac,16
/data/DATASETS/ASV_Spoof_2019_LA/ASVspoof2019_LA_eval/flac/LA_E_6679051.flac,16
/data/DATASETS/ASV_Spoof_2019_LA/ASVspoof2019_LA_eval/flac/LA_E_6684491.flac,16
/data/DATASETS/ASV_Spoof_2019_LA/ASVspoof2019_LA_eval/flac/LA_E_6685200.flac,16
/data/DATASETS/ASV_Spoof_2019_LA/ASVspoof2019_LA_eval/flac/LA_E_6687410.flac,16
/data/DATASETS/ASV_Spoof_2019_LA/ASVspoof2019_LA_eval/flac/LA_E_6687570.flac,16
/data/DATASETS/ASV_Spoof_2019_LA/ASVspoof2019_LA_eval/flac/LA_E_6688776.flac,16
/data/DATASETS/ASV_Spoof_2019_LA/ASVspoof2019_LA_eval/flac/LA_E_6689423.flac,16
/data/DATASETS/ASV_Spoof_2019_LA/ASVspoof2019_LA_eval/flac/LA_E_6695400.flac,16
/data/DATASETS/ASV_Spoof_2019_LA/ASVspoof2019_LA_eval/flac/LA_E_6697514.flac,16
/data/DATASETS/ASV_Spoof_2019_LA/ASVspoof2019_LA_eval/flac/LA_E_6697926.flac,16
/data/DATASETS/ASV_Spoof_2019_LA/ASVspoof2019_LA_eval/flac/LA_E_6698876.flac,16
/data/DATASETS/ASV_Spoof_2019_LA/ASVspoof2019_LA_eval/flac/LA_E_6700133.flac,16
/data/DATASETS/ASV_Spoof_2019_LA/ASVspoof2019_LA_eval/flac/LA_E_6701430.flac,16
/data/DATASETS/ASV_Spoof_2019_LA/ASVspoof2019_LA_eval/flac/LA_E_6705551.flac,16
/data/DATASETS/ASV_Spoof_2019_LA/ASVspoof2019_LA_eval/flac/LA_E_6709406.flac,16
/data/DATASETS/ASV_Spoof_2019_LA/ASVspoof2019_LA_eval/flac/LA_E_6709423.flac,16
/data/DATASETS/ASV_Spoof_2019_LA/ASVspoof2019_LA_eval/flac/LA_E_6710512.flac,16
/data/DATASETS/ASV_Spoof_2019_LA/ASVspoof2019_LA_eval/flac/LA_E_6710899.flac,16
/data/DATASETS/ASV_Spoof_2019_LA/ASVspoof2019_LA_eval/flac/LA_E_6712620.flac,16
/data/DATASETS/ASV_Spoof_2019_LA/ASVspoof2019_LA_eval/flac/LA_E_6712731.flac,16
/data/DATASETS/ASV_Spoof_2019_LA/ASVspoof2019_LA_eval/flac/LA_E_6713229.flac,16
/data/DATASETS/ASV_Spoof_2019_LA/ASVspoof2019_LA_eval/flac/LA_E_6716452.flac,16
/data/DATASETS/ASV_Spoof_2019_LA/ASVspoof2019_LA_eval/flac/LA_E_6717681.flac,16
/data/DATASETS/ASV_Spoof_2019_LA/ASVspoof2019_LA_eval/flac/LA_E_6721056.flac,16
/data/DATASETS/ASV_Spoof_2019_LA/ASVspoof2019_LA_eval/flac/LA_E_6727880.flac,16
/data/DATASETS/ASV_Spoof_2019_LA/ASVspoof2019_LA_eval/flac/LA_E_6732807.flac,16
/data/DATASETS/ASV_Spoof_2019_LA/ASVspoof2019_LA_eval/flac/LA_E_6733210.flac,16
/data/DATASETS/ASV_Spoof_2019_LA/ASVspoof2019_LA_eval/flac/LA_E_6737069.flac,16
/data/DATASETS/ASV_Spoof_2019_LA/ASVspoof2019_LA_eval/flac/LA_E_6739248.flac,16
/data/DATASETS/ASV_Spoof_2019_LA/ASVspoof2019_LA_eval/flac/LA_E_6740029.flac,16
/data/DATASETS/ASV_Spoof_2019_LA/ASVspoof2019_LA_eval/flac/LA_E_6740162.flac,16
/data/DATASETS/ASV_Spoof_2019_LA/ASVspoof2019_LA_eval/flac/LA_E_6742507.flac,16
/data/DATASETS/ASV_Spoof_2019_LA/ASVspoof2019_LA_eval/flac/LA_E_6747374.flac,16
/data/DATASETS/ASV_Spoof_2019_LA/ASVspoof2019_LA_eval/flac/LA_E_6750248.flac,16
/data/DATASETS/ASV_Spoof_2019_LA/ASVspoof2019_LA_eval/flac/LA_E_6750846.flac,16
/data/DATASETS/ASV_Spoof_2019_LA/ASVspoof2019_LA_eval/flac/LA_E_6752061.flac,16
/data/DATASETS/ASV_Spoof_2019_LA/ASVspoof2019_LA_eval/flac/LA_E_6753709.flac,16
/data/DATASETS/ASV_Spoof_2019_LA/ASVspoof2019_LA_eval/flac/LA_E_6753731.flac,16
/data/DATASETS/ASV_Spoof_2019_LA/ASVspoof2019_LA_eval/flac/LA_E_6754048.flac,16
/data/DATASETS/ASV_Spoof_2019_LA/ASVspoof2019_LA_eval/flac/LA_E_6754108.flac,16
/data/DATASETS/ASV_Spoof_2019_LA/ASVspoof2019_LA_eval/flac/LA_E_6756425.flac,16
/data/DATASETS/ASV_Spoof_2019_LA/ASVspoof2019_LA_eval/flac/LA_E_6757182.flac,16
/data/DATASETS/ASV_Spoof_2019_LA/ASVspoof2019_LA_eval/flac/LA_E_6758138.flac,16
/data/DATASETS/ASV_Spoof_2019_LA/ASVspoof2019_LA_eval/flac/LA_E_6759400.flac,16
/data/DATASETS/ASV_Spoof_2019_LA/ASVspoof2019_LA_eval/flac/LA_E_6759576.flac,16
/data/DATASETS/ASV_Spoof_2019_LA/ASVspoof2019_LA_eval/flac/LA_E_6763303.flac,16
/data/DATASETS/ASV_Spoof_2019_LA/ASVspoof2019_LA_eval/flac/LA_E_6766255.flac,16
/data/DATASETS/ASV_Spoof_2019_LA/ASVspoof2019_LA_eval/flac/LA_E_6767481.flac,16
/data/DATASETS/ASV_Spoof_2019_LA/ASVspoof2019_LA_eval/flac/LA_E_6767890.flac,16
/data/DATASETS/ASV_Spoof_2019_LA/ASVspoof2019_LA_eval/flac/LA_E_6769076.flac,16
/data/DATASETS/ASV_Spoof_2019_LA/ASVspoof2019_LA_eval/flac/LA_E_6769238.flac,16
/data/DATASETS/ASV_Spoof_2019_LA/ASVspoof2019_LA_eval/flac/LA_E_6772559.flac,16
/data/DATASETS/ASV_Spoof_2019_LA/ASVspoof2019_LA_eval/flac/LA_E_6772958.flac,16
/data/DATASETS/ASV_Spoof_2019_LA/ASVspoof2019_LA_eval/flac/LA_E_6774052.flac,16
/data/DATASETS/ASV_Spoof_2019_LA/ASVspoof2019_LA_eval/flac/LA_E_6778864.flac,16
/data/DATASETS/ASV_Spoof_2019_LA/ASVspoof2019_LA_eval/flac/LA_E_6779460.flac,16
/data/DATASETS/ASV_Spoof_2019_LA/ASVspoof2019_LA_eval/flac/LA_E_6780839.flac,16
/data/DATASETS/ASV_Spoof_2019_LA/ASVspoof2019_LA_eval/flac/LA_E_6781420.flac,16
/data/DATASETS/ASV_Spoof_2019_LA/ASVspoof2019_LA_eval/flac/LA_E_6788643.flac,16
/data/DATASETS/ASV_Spoof_2019_LA/ASVspoof2019_LA_eval/flac/LA_E_6788987.flac,16
/data/DATASETS/ASV_Spoof_2019_LA/ASVspoof2019_LA_eval/flac/LA_E_6791887.flac,16
/data/DATASETS/ASV_Spoof_2019_LA/ASVspoof2019_LA_eval/flac/LA_E_6792644.flac,16
/data/DATASETS/ASV_Spoof_2019_LA/ASVspoof2019_LA_eval/flac/LA_E_6792800.flac,16
/data/DATASETS/ASV_Spoof_2019_LA/ASVspoof2019_LA_eval/flac/LA_E_6793328.flac,16
/data/DATASETS/ASV_Spoof_2019_LA/ASVspoof2019_LA_eval/flac/LA_E_6794384.flac,16
/data/DATASETS/ASV_Spoof_2019_LA/ASVspoof2019_LA_eval/flac/LA_E_6795491.flac,16
/data/DATASETS/ASV_Spoof_2019_LA/ASVspoof2019_LA_eval/flac/LA_E_6796318.flac,16
/data/DATASETS/ASV_Spoof_2019_LA/ASVspoof2019_LA_eval/flac/LA_E_6796897.flac,16
/data/DATASETS/ASV_Spoof_2019_LA/ASVspoof2019_LA_eval/flac/LA_E_6796999.flac,16
/data/DATASETS/ASV_Spoof_2019_LA/ASVspoof2019_LA_eval/flac/LA_E_6797416.flac,16
/data/DATASETS/ASV_Spoof_2019_LA/ASVspoof2019_LA_eval/flac/LA_E_6798730.flac,16
/data/DATASETS/ASV_Spoof_2019_LA/ASVspoof2019_LA_eval/flac/LA_E_6800047.flac,16
/data/DATASETS/ASV_Spoof_2019_LA/ASVspoof2019_LA_eval/flac/LA_E_6801729.flac,16
/data/DATASETS/ASV_Spoof_2019_LA/ASVspoof2019_LA_eval/flac/LA_E_6803935.flac,16
/data/DATASETS/ASV_Spoof_2019_LA/ASVspoof2019_LA_eval/flac/LA_E_6807012.flac,16
/data/DATASETS/ASV_Spoof_2019_LA/ASVspoof2019_LA_eval/flac/LA_E_6809925.flac,16
/data/DATASETS/ASV_Spoof_2019_LA/ASVspoof2019_LA_eval/flac/LA_E_6810191.flac,16
/data/DATASETS/ASV_Spoof_2019_LA/ASVspoof2019_LA_eval/flac/LA_E_6811082.flac,16
/data/DATASETS/ASV_Spoof_2019_LA/ASVspoof2019_LA_eval/flac/LA_E_6813827.flac,16
/data/DATASETS/ASV_Spoof_2019_LA/ASVspoof2019_LA_eval/flac/LA_E_6815490.flac,16
/data/DATASETS/ASV_Spoof_2019_LA/ASVspoof2019_LA_eval/flac/LA_E_6817201.flac,16
/data/DATASETS/ASV_Spoof_2019_LA/ASVspoof2019_LA_eval/flac/LA_E_6818266.flac,16
/data/DATASETS/ASV_Spoof_2019_LA/ASVspoof2019_LA_eval/flac/LA_E_6820017.flac,16
/data/DATASETS/ASV_Spoof_2019_LA/ASVspoof2019_LA_eval/flac/LA_E_6822487.flac,16
/data/DATASETS/ASV_Spoof_2019_LA/ASVspoof2019_LA_eval/flac/LA_E_6823271.flac,16
/data/DATASETS/ASV_Spoof_2019_LA/ASVspoof2019_LA_eval/flac/LA_E_6823788.flac,16
/data/DATASETS/ASV_Spoof_2019_LA/ASVspoof2019_LA_eval/flac/LA_E_6825970.flac,16
/data/DATASETS/ASV_Spoof_2019_LA/ASVspoof2019_LA_eval/flac/LA_E_6828287.flac,16
/data/DATASETS/ASV_Spoof_2019_LA/ASVspoof2019_LA_eval/flac/LA_E_6828799.flac,16
/data/DATASETS/ASV_Spoof_2019_LA/ASVspoof2019_LA_eval/flac/LA_E_6831716.flac,16
/data/DATASETS/ASV_Spoof_2019_LA/ASVspoof2019_LA_eval/flac/LA_E_6835482.flac,16
/data/DATASETS/ASV_Spoof_2019_LA/ASVspoof2019_LA_eval/flac/LA_E_6837739.flac,16
/data/DATASETS/ASV_Spoof_2019_LA/ASVspoof2019_LA_eval/flac/LA_E_6839054.flac,16
/data/DATASETS/ASV_Spoof_2019_LA/ASVspoof2019_LA_eval/flac/LA_E_6839183.flac,16
/data/DATASETS/ASV_Spoof_2019_LA/ASVspoof2019_LA_eval/flac/LA_E_6841445.flac,16
/data/DATASETS/ASV_Spoof_2019_LA/ASVspoof2019_LA_eval/flac/LA_E_6841754.flac,16
/data/DATASETS/ASV_Spoof_2019_LA/ASVspoof2019_LA_eval/flac/LA_E_6842607.flac,16
/data/DATASETS/ASV_Spoof_2019_LA/ASVspoof2019_LA_eval/flac/LA_E_6844579.flac,16
/data/DATASETS/ASV_Spoof_2019_LA/ASVspoof2019_LA_eval/flac/LA_E_6845768.flac,16
/data/DATASETS/ASV_Spoof_2019_LA/ASVspoof2019_LA_eval/flac/LA_E_6850725.flac,16
/data/DATASETS/ASV_Spoof_2019_LA/ASVspoof2019_LA_eval/flac/LA_E_6852191.flac,16
/data/DATASETS/ASV_Spoof_2019_LA/ASVspoof2019_LA_eval/flac/LA_E_6852632.flac,16
/data/DATASETS/ASV_Spoof_2019_LA/ASVspoof2019_LA_eval/flac/LA_E_6853244.flac,16
/data/DATASETS/ASV_Spoof_2019_LA/ASVspoof2019_LA_eval/flac/LA_E_6858790.flac,16
/data/DATASETS/ASV_Spoof_2019_LA/ASVspoof2019_LA_eval/flac/LA_E_6860862.flac,16
/data/DATASETS/ASV_Spoof_2019_LA/ASVspoof2019_LA_eval/flac/LA_E_6861072.flac,16
/data/DATASETS/ASV_Spoof_2019_LA/ASVspoof2019_LA_eval/flac/LA_E_6861461.flac,16
/data/DATASETS/ASV_Spoof_2019_LA/ASVspoof2019_LA_eval/flac/LA_E_6864047.flac,16
/data/DATASETS/ASV_Spoof_2019_LA/ASVspoof2019_LA_eval/flac/LA_E_6865340.flac,16
/data/DATASETS/ASV_Spoof_2019_LA/ASVspoof2019_LA_eval/flac/LA_E_6865618.flac,16
/data/DATASETS/ASV_Spoof_2019_LA/ASVspoof2019_LA_eval/flac/LA_E_6866554.flac,16
/data/DATASETS/ASV_Spoof_2019_LA/ASVspoof2019_LA_eval/flac/LA_E_6866573.flac,16
/data/DATASETS/ASV_Spoof_2019_LA/ASVspoof2019_LA_eval/flac/LA_E_6868038.flac,16
/data/DATASETS/ASV_Spoof_2019_LA/ASVspoof2019_LA_eval/flac/LA_E_6868383.flac,16
/data/DATASETS/ASV_Spoof_2019_LA/ASVspoof2019_LA_eval/flac/LA_E_6868567.flac,16
/data/DATASETS/ASV_Spoof_2019_LA/ASVspoof2019_LA_eval/flac/LA_E_6872329.flac,16
/data/DATASETS/ASV_Spoof_2019_LA/ASVspoof2019_LA_eval/flac/LA_E_6873381.flac,16
/data/DATASETS/ASV_Spoof_2019_LA/ASVspoof2019_LA_eval/flac/LA_E_6874545.flac,16
/data/DATASETS/ASV_Spoof_2019_LA/ASVspoof2019_LA_eval/flac/LA_E_6874606.flac,16
/data/DATASETS/ASV_Spoof_2019_LA/ASVspoof2019_LA_eval/flac/LA_E_6874995.flac,16
/data/DATASETS/ASV_Spoof_2019_LA/ASVspoof2019_LA_eval/flac/LA_E_6876576.flac,16
/data/DATASETS/ASV_Spoof_2019_LA/ASVspoof2019_LA_eval/flac/LA_E_6878146.flac,16
/data/DATASETS/ASV_Spoof_2019_LA/ASVspoof2019_LA_eval/flac/LA_E_6882064.flac,16
/data/DATASETS/ASV_Spoof_2019_LA/ASVspoof2019_LA_eval/flac/LA_E_6884666.flac,16
/data/DATASETS/ASV_Spoof_2019_LA/ASVspoof2019_LA_eval/flac/LA_E_6885065.flac,16
/data/DATASETS/ASV_Spoof_2019_LA/ASVspoof2019_LA_eval/flac/LA_E_6885850.flac,16
/data/DATASETS/ASV_Spoof_2019_LA/ASVspoof2019_LA_eval/flac/LA_E_6886192.flac,16
/data/DATASETS/ASV_Spoof_2019_LA/ASVspoof2019_LA_eval/flac/LA_E_6886675.flac,16
/data/DATASETS/ASV_Spoof_2019_LA/ASVspoof2019_LA_eval/flac/LA_E_6889500.flac,16
/data/DATASETS/ASV_Spoof_2019_LA/ASVspoof2019_LA_eval/flac/LA_E_6890477.flac,16
/data/DATASETS/ASV_Spoof_2019_LA/ASVspoof2019_LA_eval/flac/LA_E_6891330.flac,16
/data/DATASETS/ASV_Spoof_2019_LA/ASVspoof2019_LA_eval/flac/LA_E_6892418.flac,16
/data/DATASETS/ASV_Spoof_2019_LA/ASVspoof2019_LA_eval/flac/LA_E_6894614.flac,16
/data/DATASETS/ASV_Spoof_2019_LA/ASVspoof2019_LA_eval/flac/LA_E_6895743.flac,16
/data/DATASETS/ASV_Spoof_2019_LA/ASVspoof2019_LA_eval/flac/LA_E_6896244.flac,16
/data/DATASETS/ASV_Spoof_2019_LA/ASVspoof2019_LA_eval/flac/LA_E_6896678.flac,16
/data/DATASETS/ASV_Spoof_2019_LA/ASVspoof2019_LA_eval/flac/LA_E_6897941.flac,16
/data/DATASETS/ASV_Spoof_2019_LA/ASVspoof2019_LA_eval/flac/LA_E_6898035.flac,16
/data/DATASETS/ASV_Spoof_2019_LA/ASVspoof2019_LA_eval/flac/LA_E_6899558.flac,16
/data/DATASETS/ASV_Spoof_2019_LA/ASVspoof2019_LA_eval/flac/LA_E_6903194.flac,16
/data/DATASETS/ASV_Spoof_2019_LA/ASVspoof2019_LA_eval/flac/LA_E_6906368.flac,16
/data/DATASETS/ASV_Spoof_2019_LA/ASVspoof2019_LA_eval/flac/LA_E_6907917.flac,16
/data/DATASETS/ASV_Spoof_2019_LA/ASVspoof2019_LA_eval/flac/LA_E_6907972.flac,16
/data/DATASETS/ASV_Spoof_2019_LA/ASVspoof2019_LA_eval/flac/LA_E_6908296.flac,16
/data/DATASETS/ASV_Spoof_2019_LA/ASVspoof2019_LA_eval/flac/LA_E_6909257.flac,16
/data/DATASETS/ASV_Spoof_2019_LA/ASVspoof2019_LA_eval/flac/LA_E_6911836.flac,16
/data/DATASETS/ASV_Spoof_2019_LA/ASVspoof2019_LA_eval/flac/LA_E_6913935.flac,16
/data/DATASETS/ASV_Spoof_2019_LA/ASVspoof2019_LA_eval/flac/LA_E_6914835.flac,16
/data/DATASETS/ASV_Spoof_2019_LA/ASVspoof2019_LA_eval/flac/LA_E_6915655.flac,16
/data/DATASETS/ASV_Spoof_2019_LA/ASVspoof2019_LA_eval/flac/LA_E_6918828.flac,16
/data/DATASETS/ASV_Spoof_2019_LA/ASVspoof2019_LA_eval/flac/LA_E_6923455.flac,16
/data/DATASETS/ASV_Spoof_2019_LA/ASVspoof2019_LA_eval/flac/LA_E_6925625.flac,16
/data/DATASETS/ASV_Spoof_2019_LA/ASVspoof2019_LA_eval/flac/LA_E_6930441.flac,16
/data/DATASETS/ASV_Spoof_2019_LA/ASVspoof2019_LA_eval/flac/LA_E_6931382.flac,16
/data/DATASETS/ASV_Spoof_2019_LA/ASVspoof2019_LA_eval/flac/LA_E_6932082.flac,16
/data/DATASETS/ASV_Spoof_2019_LA/ASVspoof2019_LA_eval/flac/LA_E_6932370.flac,16
/data/DATASETS/ASV_Spoof_2019_LA/ASVspoof2019_LA_eval/flac/LA_E_6932989.flac,16
/data/DATASETS/ASV_Spoof_2019_LA/ASVspoof2019_LA_eval/flac/LA_E_6934177.flac,16
/data/DATASETS/ASV_Spoof_2019_LA/ASVspoof2019_LA_eval/flac/LA_E_6934933.flac,16
/data/DATASETS/ASV_Spoof_2019_LA/ASVspoof2019_LA_eval/flac/LA_E_6935003.flac,16
/data/DATASETS/ASV_Spoof_2019_LA/ASVspoof2019_LA_eval/flac/LA_E_6936626.flac,16
/data/DATASETS/ASV_Spoof_2019_LA/ASVspoof2019_LA_eval/flac/LA_E_6938964.flac,16
/data/DATASETS/ASV_Spoof_2019_LA/ASVspoof2019_LA_eval/flac/LA_E_6941336.flac,16
/data/DATASETS/ASV_Spoof_2019_LA/ASVspoof2019_LA_eval/flac/LA_E_6941451.flac,16
/data/DATASETS/ASV_Spoof_2019_LA/ASVspoof2019_LA_eval/flac/LA_E_6944843.flac,16
/data/DATASETS/ASV_Spoof_2019_LA/ASVspoof2019_LA_eval/flac/LA_E_6949456.flac,16
/data/DATASETS/ASV_Spoof_2019_LA/ASVspoof2019_LA_eval/flac/LA_E_6949859.flac,16
/data/DATASETS/ASV_Spoof_2019_LA/ASVspoof2019_LA_eval/flac/LA_E_6950171.flac,16
/data/DATASETS/ASV_Spoof_2019_LA/ASVspoof2019_LA_eval/flac/LA_E_6951031.flac,16
/data/DATASETS/ASV_Spoof_2019_LA/ASVspoof2019_LA_eval/flac/LA_E_6951979.flac,16
/data/DATASETS/ASV_Spoof_2019_LA/ASVspoof2019_LA_eval/flac/LA_E_6954150.flac,16
/data/DATASETS/ASV_Spoof_2019_LA/ASVspoof2019_LA_eval/flac/LA_E_6956534.flac,16
/data/DATASETS/ASV_Spoof_2019_LA/ASVspoof2019_LA_eval/flac/LA_E_6962724.flac,16
/data/DATASETS/ASV_Spoof_2019_LA/ASVspoof2019_LA_eval/flac/LA_E_6963201.flac,16
/data/DATASETS/ASV_Spoof_2019_LA/ASVspoof2019_LA_eval/flac/LA_E_6963299.flac,16
/data/DATASETS/ASV_Spoof_2019_LA/ASVspoof2019_LA_eval/flac/LA_E_6964537.flac,16
/data/DATASETS/ASV_Spoof_2019_LA/ASVspoof2019_LA_eval/flac/LA_E_6965886.flac,16
/data/DATASETS/ASV_Spoof_2019_LA/ASVspoof2019_LA_eval/flac/LA_E_6971493.flac,16
/data/DATASETS/ASV_Spoof_2019_LA/ASVspoof2019_LA_eval/flac/LA_E_6974216.flac,16
/data/DATASETS/ASV_Spoof_2019_LA/ASVspoof2019_LA_eval/flac/LA_E_6977790.flac,16
/data/DATASETS/ASV_Spoof_2019_LA/ASVspoof2019_LA_eval/flac/LA_E_6978476.flac,16
/data/DATASETS/ASV_Spoof_2019_LA/ASVspoof2019_LA_eval/flac/LA_E_6979444.flac,16
/data/DATASETS/ASV_Spoof_2019_LA/ASVspoof2019_LA_eval/flac/LA_E_6980059.flac,16
/data/DATASETS/ASV_Spoof_2019_LA/ASVspoof2019_LA_eval/flac/LA_E_6980180.flac,16
/data/DATASETS/ASV_Spoof_2019_LA/ASVspoof2019_LA_eval/flac/LA_E_6981464.flac,16
/data/DATASETS/ASV_Spoof_2019_LA/ASVspoof2019_LA_eval/flac/LA_E_6981658.flac,16
/data/DATASETS/ASV_Spoof_2019_LA/ASVspoof2019_LA_eval/flac/LA_E_6983072.flac,16
/data/DATASETS/ASV_Spoof_2019_LA/ASVspoof2019_LA_eval/flac/LA_E_6984289.flac,16
/data/DATASETS/ASV_Spoof_2019_LA/ASVspoof2019_LA_eval/flac/LA_E_6990169.flac,16
/data/DATASETS/ASV_Spoof_2019_LA/ASVspoof2019_LA_eval/flac/LA_E_6990781.flac,16
/data/DATASETS/ASV_Spoof_2019_LA/ASVspoof2019_LA_eval/flac/LA_E_6991756.flac,16
/data/DATASETS/ASV_Spoof_2019_LA/ASVspoof2019_LA_eval/flac/LA_E_6992644.flac,16
/data/DATASETS/ASV_Spoof_2019_LA/ASVspoof2019_LA_eval/flac/LA_E_6993235.flac,16
/data/DATASETS/ASV_Spoof_2019_LA/ASVspoof2019_LA_eval/flac/LA_E_6996570.flac,16
/data/DATASETS/ASV_Spoof_2019_LA/ASVspoof2019_LA_eval/flac/LA_E_6997459.flac,16
/data/DATASETS/ASV_Spoof_2019_LA/ASVspoof2019_LA_eval/flac/LA_E_6999482.flac,16
/data/DATASETS/ASV_Spoof_2019_LA/ASVspoof2019_LA_eval/flac/LA_E_7007530.flac,16
/data/DATASETS/ASV_Spoof_2019_LA/ASVspoof2019_LA_eval/flac/LA_E_7010099.flac,16
/data/DATASETS/ASV_Spoof_2019_LA/ASVspoof2019_LA_eval/flac/LA_E_7010293.flac,16
/data/DATASETS/ASV_Spoof_2019_LA/ASVspoof2019_LA_eval/flac/LA_E_7012228.flac,16
/data/DATASETS/ASV_Spoof_2019_LA/ASVspoof2019_LA_eval/flac/LA_E_7012313.flac,16
/data/DATASETS/ASV_Spoof_2019_LA/ASVspoof2019_LA_eval/flac/LA_E_7013918.flac,16
/data/DATASETS/ASV_Spoof_2019_LA/ASVspoof2019_LA_eval/flac/LA_E_7016029.flac,16
/data/DATASETS/ASV_Spoof_2019_LA/ASVspoof2019_LA_eval/flac/LA_E_7018224.flac,16
/data/DATASETS/ASV_Spoof_2019_LA/ASVspoof2019_LA_eval/flac/LA_E_7019507.flac,16
/data/DATASETS/ASV_Spoof_2019_LA/ASVspoof2019_LA_eval/flac/LA_E_7021993.flac,16
/data/DATASETS/ASV_Spoof_2019_LA/ASVspoof2019_LA_eval/flac/LA_E_7022693.flac,16
/data/DATASETS/ASV_Spoof_2019_LA/ASVspoof2019_LA_eval/flac/LA_E_7023837.flac,16
/data/DATASETS/ASV_Spoof_2019_LA/ASVspoof2019_LA_eval/flac/LA_E_7025211.flac,16
/data/DATASETS/ASV_Spoof_2019_LA/ASVspoof2019_LA_eval/flac/LA_E_7026357.flac,16
/data/DATASETS/ASV_Spoof_2019_LA/ASVspoof2019_LA_eval/flac/LA_E_7027086.flac,16
/data/DATASETS/ASV_Spoof_2019_LA/ASVspoof2019_LA_eval/flac/LA_E_7027534.flac,16
/data/DATASETS/ASV_Spoof_2019_LA/ASVspoof2019_LA_eval/flac/LA_E_7029754.flac,16
/data/DATASETS/ASV_Spoof_2019_LA/ASVspoof2019_LA_eval/flac/LA_E_7030906.flac,16
/data/DATASETS/ASV_Spoof_2019_LA/ASVspoof2019_LA_eval/flac/LA_E_7031136.flac,16
/data/DATASETS/ASV_Spoof_2019_LA/ASVspoof2019_LA_eval/flac/LA_E_7034046.flac,16
/data/DATASETS/ASV_Spoof_2019_LA/ASVspoof2019_LA_eval/flac/LA_E_7034106.flac,16
/data/DATASETS/ASV_Spoof_2019_LA/ASVspoof2019_LA_eval/flac/LA_E_7038740.flac,16
/data/DATASETS/ASV_Spoof_2019_LA/ASVspoof2019_LA_eval/flac/LA_E_7038865.flac,16
/data/DATASETS/ASV_Spoof_2019_LA/ASVspoof2019_LA_eval/flac/LA_E_7038988.flac,16
/data/DATASETS/ASV_Spoof_2019_LA/ASVspoof2019_LA_eval/flac/LA_E_7042068.flac,16
/data/DATASETS/ASV_Spoof_2019_LA/ASVspoof2019_LA_eval/flac/LA_E_7042362.flac,16
/data/DATASETS/ASV_Spoof_2019_LA/ASVspoof2019_LA_eval/flac/LA_E_7043891.flac,16
/data/DATASETS/ASV_Spoof_2019_LA/ASVspoof2019_LA_eval/flac/LA_E_7046532.flac,16
/data/DATASETS/ASV_Spoof_2019_LA/ASVspoof2019_LA_eval/flac/LA_E_7046928.flac,16
/data/DATASETS/ASV_Spoof_2019_LA/ASVspoof2019_LA_eval/flac/LA_E_7047241.flac,16
/data/DATASETS/ASV_Spoof_2019_LA/ASVspoof2019_LA_eval/flac/LA_E_7047809.flac,16
/data/DATASETS/ASV_Spoof_2019_LA/ASVspoof2019_LA_eval/flac/LA_E_7051035.flac,16
/data/DATASETS/ASV_Spoof_2019_LA/ASVspoof2019_LA_eval/flac/LA_E_7054818.flac,16
/data/DATASETS/ASV_Spoof_2019_LA/ASVspoof2019_LA_eval/flac/LA_E_7055547.flac,16
/data/DATASETS/ASV_Spoof_2019_LA/ASVspoof2019_LA_eval/flac/LA_E_7055599.flac,16
/data/DATASETS/ASV_Spoof_2019_LA/ASVspoof2019_LA_eval/flac/LA_E_7055806.flac,16
/data/DATASETS/ASV_Spoof_2019_LA/ASVspoof2019_LA_eval/flac/LA_E_7056534.flac,16
/data/DATASETS/ASV_Spoof_2019_LA/ASVspoof2019_LA_eval/flac/LA_E_7056612.flac,16
/data/DATASETS/ASV_Spoof_2019_LA/ASVspoof2019_LA_eval/flac/LA_E_7057931.flac,16
/data/DATASETS/ASV_Spoof_2019_LA/ASVspoof2019_LA_eval/flac/LA_E_7058241.flac,16
/data/DATASETS/ASV_Spoof_2019_LA/ASVspoof2019_LA_eval/flac/LA_E_7058858.flac,16
/data/DATASETS/ASV_Spoof_2019_LA/ASVspoof2019_LA_eval/flac/LA_E_7059536.flac,16
/data/DATASETS/ASV_Spoof_2019_LA/ASVspoof2019_LA_eval/flac/LA_E_7059648.flac,16
/data/DATASETS/ASV_Spoof_2019_LA/ASVspoof2019_LA_eval/flac/LA_E_7062488.flac,16
/data/DATASETS/ASV_Spoof_2019_LA/ASVspoof2019_LA_eval/flac/LA_E_7063250.flac,16
/data/DATASETS/ASV_Spoof_2019_LA/ASVspoof2019_LA_eval/flac/LA_E_7064633.flac,16
/data/DATASETS/ASV_Spoof_2019_LA/ASVspoof2019_LA_eval/flac/LA_E_7065127.flac,16
/data/DATASETS/ASV_Spoof_2019_LA/ASVspoof2019_LA_eval/flac/LA_E_7066301.flac,16
/data/DATASETS/ASV_Spoof_2019_LA/ASVspoof2019_LA_eval/flac/LA_E_7071558.flac,16
/data/DATASETS/ASV_Spoof_2019_LA/ASVspoof2019_LA_eval/flac/LA_E_7073207.flac,16
/data/DATASETS/ASV_Spoof_2019_LA/ASVspoof2019_LA_eval/flac/LA_E_7073601.flac,16
/data/DATASETS/ASV_Spoof_2019_LA/ASVspoof2019_LA_eval/flac/LA_E_7074879.flac,16
/data/DATASETS/ASV_Spoof_2019_LA/ASVspoof2019_LA_eval/flac/LA_E_7077654.flac,16
/data/DATASETS/ASV_Spoof_2019_LA/ASVspoof2019_LA_eval/flac/LA_E_7080214.flac,16
/data/DATASETS/ASV_Spoof_2019_LA/ASVspoof2019_LA_eval/flac/LA_E_7082660.flac,16
/data/DATASETS/ASV_Spoof_2019_LA/ASVspoof2019_LA_eval/flac/LA_E_7085882.flac,16
/data/DATASETS/ASV_Spoof_2019_LA/ASVspoof2019_LA_eval/flac/LA_E_7088910.flac,16
/data/DATASETS/ASV_Spoof_2019_LA/ASVspoof2019_LA_eval/flac/LA_E_7090111.flac,16
/data/DATASETS/ASV_Spoof_2019_LA/ASVspoof2019_LA_eval/flac/LA_E_7090932.flac,16
/data/DATASETS/ASV_Spoof_2019_LA/ASVspoof2019_LA_eval/flac/LA_E_7093558.flac,16
/data/DATASETS/ASV_Spoof_2019_LA/ASVspoof2019_LA_eval/flac/LA_E_7095510.flac,16
/data/DATASETS/ASV_Spoof_2019_LA/ASVspoof2019_LA_eval/flac/LA_E_7096028.flac,16
/data/DATASETS/ASV_Spoof_2019_LA/ASVspoof2019_LA_eval/flac/LA_E_7096267.flac,16
/data/DATASETS/ASV_Spoof_2019_LA/ASVspoof2019_LA_eval/flac/LA_E_7096842.flac,16
/data/DATASETS/ASV_Spoof_2019_LA/ASVspoof2019_LA_eval/flac/LA_E_7097084.flac,16
/data/DATASETS/ASV_Spoof_2019_LA/ASVspoof2019_LA_eval/flac/LA_E_7098521.flac,16
/data/DATASETS/ASV_Spoof_2019_LA/ASVspoof2019_LA_eval/flac/LA_E_7100737.flac,16
/data/DATASETS/ASV_Spoof_2019_LA/ASVspoof2019_LA_eval/flac/LA_E_7102298.flac,16
/data/DATASETS/ASV_Spoof_2019_LA/ASVspoof2019_LA_eval/flac/LA_E_7107203.flac,16
/data/DATASETS/ASV_Spoof_2019_LA/ASVspoof2019_LA_eval/flac/LA_E_7107659.flac,16
/data/DATASETS/ASV_Spoof_2019_LA/ASVspoof2019_LA_eval/flac/LA_E_7108150.flac,16
/data/DATASETS/ASV_Spoof_2019_LA/ASVspoof2019_LA_eval/flac/LA_E_7109379.flac,16
/data/DATASETS/ASV_Spoof_2019_LA/ASVspoof2019_LA_eval/flac/LA_E_7109844.flac,16
/data/DATASETS/ASV_Spoof_2019_LA/ASVspoof2019_LA_eval/flac/LA_E_7111302.flac,16
/data/DATASETS/ASV_Spoof_2019_LA/ASVspoof2019_LA_eval/flac/LA_E_7111621.flac,16
/data/DATASETS/ASV_Spoof_2019_LA/ASVspoof2019_LA_eval/flac/LA_E_7112849.flac,16
/data/DATASETS/ASV_Spoof_2019_LA/ASVspoof2019_LA_eval/flac/LA_E_7113855.flac,16
/data/DATASETS/ASV_Spoof_2019_LA/ASVspoof2019_LA_eval/flac/LA_E_7114141.flac,16
/data/DATASETS/ASV_Spoof_2019_LA/ASVspoof2019_LA_eval/flac/LA_E_7115819.flac,16
/data/DATASETS/ASV_Spoof_2019_LA/ASVspoof2019_LA_eval/flac/LA_E_7119122.flac,16
/data/DATASETS/ASV_Spoof_2019_LA/ASVspoof2019_LA_eval/flac/LA_E_7121778.flac,16
/data/DATASETS/ASV_Spoof_2019_LA/ASVspoof2019_LA_eval/flac/LA_E_7122164.flac,16
/data/DATASETS/ASV_Spoof_2019_LA/ASVspoof2019_LA_eval/flac/LA_E_7123494.flac,16
/data/DATASETS/ASV_Spoof_2019_LA/ASVspoof2019_LA_eval/flac/LA_E_7131446.flac,16
/data/DATASETS/ASV_Spoof_2019_LA/ASVspoof2019_LA_eval/flac/LA_E_7133121.flac,16
/data/DATASETS/ASV_Spoof_2019_LA/ASVspoof2019_LA_eval/flac/LA_E_7135757.flac,16
/data/DATASETS/ASV_Spoof_2019_LA/ASVspoof2019_LA_eval/flac/LA_E_7135936.flac,16
/data/DATASETS/ASV_Spoof_2019_LA/ASVspoof2019_LA_eval/flac/LA_E_7137314.flac,16
/data/DATASETS/ASV_Spoof_2019_LA/ASVspoof2019_LA_eval/flac/LA_E_7137555.flac,16
/data/DATASETS/ASV_Spoof_2019_LA/ASVspoof2019_LA_eval/flac/LA_E_7139098.flac,16
/data/DATASETS/ASV_Spoof_2019_LA/ASVspoof2019_LA_eval/flac/LA_E_7140609.flac,16
/data/DATASETS/ASV_Spoof_2019_LA/ASVspoof2019_LA_eval/flac/LA_E_7141089.flac,16
/data/DATASETS/ASV_Spoof_2019_LA/ASVspoof2019_LA_eval/flac/LA_E_7141914.flac,16
/data/DATASETS/ASV_Spoof_2019_LA/ASVspoof2019_LA_eval/flac/LA_E_7142049.flac,16
/data/DATASETS/ASV_Spoof_2019_LA/ASVspoof2019_LA_eval/flac/LA_E_7144729.flac,16
/data/DATASETS/ASV_Spoof_2019_LA/ASVspoof2019_LA_eval/flac/LA_E_7145143.flac,16
/data/DATASETS/ASV_Spoof_2019_LA/ASVspoof2019_LA_eval/flac/LA_E_7145615.flac,16
/data/DATASETS/ASV_Spoof_2019_LA/ASVspoof2019_LA_eval/flac/LA_E_7146240.flac,16
/data/DATASETS/ASV_Spoof_2019_LA/ASVspoof2019_LA_eval/flac/LA_E_7148916.flac,16
/data/DATASETS/ASV_Spoof_2019_LA/ASVspoof2019_LA_eval/flac/LA_E_7150532.flac,16
/data/DATASETS/ASV_Spoof_2019_LA/ASVspoof2019_LA_eval/flac/LA_E_7150932.flac,16
/data/DATASETS/ASV_Spoof_2019_LA/ASVspoof2019_LA_eval/flac/LA_E_7152008.flac,16
/data/DATASETS/ASV_Spoof_2019_LA/ASVspoof2019_LA_eval/flac/LA_E_7153257.flac,16
/data/DATASETS/ASV_Spoof_2019_LA/ASVspoof2019_LA_eval/flac/LA_E_7155530.flac,16
/data/DATASETS/ASV_Spoof_2019_LA/ASVspoof2019_LA_eval/flac/LA_E_7156663.flac,16
/data/DATASETS/ASV_Spoof_2019_LA/ASVspoof2019_LA_eval/flac/LA_E_7157055.flac,16
/data/DATASETS/ASV_Spoof_2019_LA/ASVspoof2019_LA_eval/flac/LA_E_7157515.flac,16
/data/DATASETS/ASV_Spoof_2019_LA/ASVspoof2019_LA_eval/flac/LA_E_7161255.flac,16
/data/DATASETS/ASV_Spoof_2019_LA/ASVspoof2019_LA_eval/flac/LA_E_7162772.flac,16
/data/DATASETS/ASV_Spoof_2019_LA/ASVspoof2019_LA_eval/flac/LA_E_7162981.flac,16
/data/DATASETS/ASV_Spoof_2019_LA/ASVspoof2019_LA_eval/flac/LA_E_7165612.flac,16
/data/DATASETS/ASV_Spoof_2019_LA/ASVspoof2019_LA_eval/flac/LA_E_7166122.flac,16
/data/DATASETS/ASV_Spoof_2019_LA/ASVspoof2019_LA_eval/flac/LA_E_7167215.flac,16
/data/DATASETS/ASV_Spoof_2019_LA/ASVspoof2019_LA_eval/flac/LA_E_7167549.flac,16
/data/DATASETS/ASV_Spoof_2019_LA/ASVspoof2019_LA_eval/flac/LA_E_7168686.flac,16
/data/DATASETS/ASV_Spoof_2019_LA/ASVspoof2019_LA_eval/flac/LA_E_7170533.flac,16
/data/DATASETS/ASV_Spoof_2019_LA/ASVspoof2019_LA_eval/flac/LA_E_7172885.flac,16
/data/DATASETS/ASV_Spoof_2019_LA/ASVspoof2019_LA_eval/flac/LA_E_7173926.flac,16
/data/DATASETS/ASV_Spoof_2019_LA/ASVspoof2019_LA_eval/flac/LA_E_7176664.flac,16
/data/DATASETS/ASV_Spoof_2019_LA/ASVspoof2019_LA_eval/flac/LA_E_7176802.flac,16
/data/DATASETS/ASV_Spoof_2019_LA/ASVspoof2019_LA_eval/flac/LA_E_7180139.flac,16
/data/DATASETS/ASV_Spoof_2019_LA/ASVspoof2019_LA_eval/flac/LA_E_7182153.flac,16
/data/DATASETS/ASV_Spoof_2019_LA/ASVspoof2019_LA_eval/flac/LA_E_7184679.flac,16
/data/DATASETS/ASV_Spoof_2019_LA/ASVspoof2019_LA_eval/flac/LA_E_7184813.flac,16
/data/DATASETS/ASV_Spoof_2019_LA/ASVspoof2019_LA_eval/flac/LA_E_7186137.flac,16
/data/DATASETS/ASV_Spoof_2019_LA/ASVspoof2019_LA_eval/flac/LA_E_7187532.flac,16
/data/DATASETS/ASV_Spoof_2019_LA/ASVspoof2019_LA_eval/flac/LA_E_7188489.flac,16
/data/DATASETS/ASV_Spoof_2019_LA/ASVspoof2019_LA_eval/flac/LA_E_7191115.flac,16
/data/DATASETS/ASV_Spoof_2019_LA/ASVspoof2019_LA_eval/flac/LA_E_7191192.flac,16
/data/DATASETS/ASV_Spoof_2019_LA/ASVspoof2019_LA_eval/flac/LA_E_7193041.flac,16
/data/DATASETS/ASV_Spoof_2019_LA/ASVspoof2019_LA_eval/flac/LA_E_7194310.flac,16
/data/DATASETS/ASV_Spoof_2019_LA/ASVspoof2019_LA_eval/flac/LA_E_7194504.flac,16
/data/DATASETS/ASV_Spoof_2019_LA/ASVspoof2019_LA_eval/flac/LA_E_7195176.flac,16
/data/DATASETS/ASV_Spoof_2019_LA/ASVspoof2019_LA_eval/flac/LA_E_7199963.flac,16
/data/DATASETS/ASV_Spoof_2019_LA/ASVspoof2019_LA_eval/flac/LA_E_7201535.flac,16
/data/DATASETS/ASV_Spoof_2019_LA/ASVspoof2019_LA_eval/flac/LA_E_7202338.flac,16
/data/DATASETS/ASV_Spoof_2019_LA/ASVspoof2019_LA_eval/flac/LA_E_7204612.flac,16
/data/DATASETS/ASV_Spoof_2019_LA/ASVspoof2019_LA_eval/flac/LA_E_7208085.flac,16
/data/DATASETS/ASV_Spoof_2019_LA/ASVspoof2019_LA_eval/flac/LA_E_7213218.flac,16
/data/DATASETS/ASV_Spoof_2019_LA/ASVspoof2019_LA_eval/flac/LA_E_7216238.flac,16
/data/DATASETS/ASV_Spoof_2019_LA/ASVspoof2019_LA_eval/flac/LA_E_7216677.flac,16
/data/DATASETS/ASV_Spoof_2019_LA/ASVspoof2019_LA_eval/flac/LA_E_7218077.flac,16
/data/DATASETS/ASV_Spoof_2019_LA/ASVspoof2019_LA_eval/flac/LA_E_7218373.flac,16
/data/DATASETS/ASV_Spoof_2019_LA/ASVspoof2019_LA_eval/flac/LA_E_7220554.flac,16
/data/DATASETS/ASV_Spoof_2019_LA/ASVspoof2019_LA_eval/flac/LA_E_7224694.flac,16
/data/DATASETS/ASV_Spoof_2019_LA/ASVspoof2019_LA_eval/flac/LA_E_7225267.flac,16
/data/DATASETS/ASV_Spoof_2019_LA/ASVspoof2019_LA_eval/flac/LA_E_7225758.flac,16
/data/DATASETS/ASV_Spoof_2019_LA/ASVspoof2019_LA_eval/flac/LA_E_7227159.flac,16
/data/DATASETS/ASV_Spoof_2019_LA/ASVspoof2019_LA_eval/flac/LA_E_7230788.flac,16
/data/DATASETS/ASV_Spoof_2019_LA/ASVspoof2019_LA_eval/flac/LA_E_7232297.flac,16
/data/DATASETS/ASV_Spoof_2019_LA/ASVspoof2019_LA_eval/flac/LA_E_7232533.flac,16
/data/DATASETS/ASV_Spoof_2019_LA/ASVspoof2019_LA_eval/flac/LA_E_7237618.flac,16
/data/DATASETS/ASV_Spoof_2019_LA/ASVspoof2019_LA_eval/flac/LA_E_7242198.flac,16
/data/DATASETS/ASV_Spoof_2019_LA/ASVspoof2019_LA_eval/flac/LA_E_7245666.flac,16
/data/DATASETS/ASV_Spoof_2019_LA/ASVspoof2019_LA_eval/flac/LA_E_7246794.flac,16
/data/DATASETS/ASV_Spoof_2019_LA/ASVspoof2019_LA_eval/flac/LA_E_7247257.flac,16
/data/DATASETS/ASV_Spoof_2019_LA/ASVspoof2019_LA_eval/flac/LA_E_7249494.flac,16
/data/DATASETS/ASV_Spoof_2019_LA/ASVspoof2019_LA_eval/flac/LA_E_7254043.flac,16
/data/DATASETS/ASV_Spoof_2019_LA/ASVspoof2019_LA_eval/flac/LA_E_7255595.flac,16
/data/DATASETS/ASV_Spoof_2019_LA/ASVspoof2019_LA_eval/flac/LA_E_7258857.flac,16
/data/DATASETS/ASV_Spoof_2019_LA/ASVspoof2019_LA_eval/flac/LA_E_7259423.flac,16
/data/DATASETS/ASV_Spoof_2019_LA/ASVspoof2019_LA_eval/flac/LA_E_7262363.flac,16
/data/DATASETS/ASV_Spoof_2019_LA/ASVspoof2019_LA_eval/flac/LA_E_7264967.flac,16
/data/DATASETS/ASV_Spoof_2019_LA/ASVspoof2019_LA_eval/flac/LA_E_7265876.flac,16
/data/DATASETS/ASV_Spoof_2019_LA/ASVspoof2019_LA_eval/flac/LA_E_7266298.flac,16
/data/DATASETS/ASV_Spoof_2019_LA/ASVspoof2019_LA_eval/flac/LA_E_7267674.flac,16
/data/DATASETS/ASV_Spoof_2019_LA/ASVspoof2019_LA_eval/flac/LA_E_7271081.flac,16
/data/DATASETS/ASV_Spoof_2019_LA/ASVspoof2019_LA_eval/flac/LA_E_7273046.flac,16
/data/DATASETS/ASV_Spoof_2019_LA/ASVspoof2019_LA_eval/flac/LA_E_7273109.flac,16
/data/DATASETS/ASV_Spoof_2019_LA/ASVspoof2019_LA_eval/flac/LA_E_7277166.flac,16
/data/DATASETS/ASV_Spoof_2019_LA/ASVspoof2019_LA_eval/flac/LA_E_7278039.flac,16
/data/DATASETS/ASV_Spoof_2019_LA/ASVspoof2019_LA_eval/flac/LA_E_7281152.flac,16
/data/DATASETS/ASV_Spoof_2019_LA/ASVspoof2019_LA_eval/flac/LA_E_7283089.flac,16
/data/DATASETS/ASV_Spoof_2019_LA/ASVspoof2019_LA_eval/flac/LA_E_7283620.flac,16
/data/DATASETS/ASV_Spoof_2019_LA/ASVspoof2019_LA_eval/flac/LA_E_7286455.flac,16
/data/DATASETS/ASV_Spoof_2019_LA/ASVspoof2019_LA_eval/flac/LA_E_7287289.flac,16
/data/DATASETS/ASV_Spoof_2019_LA/ASVspoof2019_LA_eval/flac/LA_E_7289792.flac,16
/data/DATASETS/ASV_Spoof_2019_LA/ASVspoof2019_LA_eval/flac/LA_E_7291200.flac,16
/data/DATASETS/ASV_Spoof_2019_LA/ASVspoof2019_LA_eval/flac/LA_E_7293328.flac,16
/data/DATASETS/ASV_Spoof_2019_LA/ASVspoof2019_LA_eval/flac/LA_E_7294216.flac,16
/data/DATASETS/ASV_Spoof_2019_LA/ASVspoof2019_LA_eval/flac/LA_E_7294749.flac,16
/data/DATASETS/ASV_Spoof_2019_LA/ASVspoof2019_LA_eval/flac/LA_E_7294873.flac,16
/data/DATASETS/ASV_Spoof_2019_LA/ASVspoof2019_LA_eval/flac/LA_E_7294882.flac,16
/data/DATASETS/ASV_Spoof_2019_LA/ASVspoof2019_LA_eval/flac/LA_E_7295520.flac,16
/data/DATASETS/ASV_Spoof_2019_LA/ASVspoof2019_LA_eval/flac/LA_E_7295584.flac,16
/data/DATASETS/ASV_Spoof_2019_LA/ASVspoof2019_LA_eval/flac/LA_E_7298018.flac,16
/data/DATASETS/ASV_Spoof_2019_LA/ASVspoof2019_LA_eval/flac/LA_E_7298399.flac,16
/data/DATASETS/ASV_Spoof_2019_LA/ASVspoof2019_LA_eval/flac/LA_E_7300358.flac,16
/data/DATASETS/ASV_Spoof_2019_LA/ASVspoof2019_LA_eval/flac/LA_E_7304603.flac,16
/data/DATASETS/ASV_Spoof_2019_LA/ASVspoof2019_LA_eval/flac/LA_E_7305577.flac,16
/data/DATASETS/ASV_Spoof_2019_LA/ASVspoof2019_LA_eval/flac/LA_E_7307171.flac,16
/data/DATASETS/ASV_Spoof_2019_LA/ASVspoof2019_LA_eval/flac/LA_E_7307974.flac,16
/data/DATASETS/ASV_Spoof_2019_LA/ASVspoof2019_LA_eval/flac/LA_E_7309205.flac,16
/data/DATASETS/ASV_Spoof_2019_LA/ASVspoof2019_LA_eval/flac/LA_E_7309432.flac,16
/data/DATASETS/ASV_Spoof_2019_LA/ASVspoof2019_LA_eval/flac/LA_E_7310438.flac,16
/data/DATASETS/ASV_Spoof_2019_LA/ASVspoof2019_LA_eval/flac/LA_E_7311805.flac,16
/data/DATASETS/ASV_Spoof_2019_LA/ASVspoof2019_LA_eval/flac/LA_E_7312850.flac,16
/data/DATASETS/ASV_Spoof_2019_LA/ASVspoof2019_LA_eval/flac/LA_E_7312864.flac,16
/data/DATASETS/ASV_Spoof_2019_LA/ASVspoof2019_LA_eval/flac/LA_E_7313924.flac,16
/data/DATASETS/ASV_Spoof_2019_LA/ASVspoof2019_LA_eval/flac/LA_E_7316475.flac,16
/data/DATASETS/ASV_Spoof_2019_LA/ASVspoof2019_LA_eval/flac/LA_E_7317970.flac,16
/data/DATASETS/ASV_Spoof_2019_LA/ASVspoof2019_LA_eval/flac/LA_E_7319022.flac,16
/data/DATASETS/ASV_Spoof_2019_LA/ASVspoof2019_LA_eval/flac/LA_E_7319337.flac,16
/data/DATASETS/ASV_Spoof_2019_LA/ASVspoof2019_LA_eval/flac/LA_E_7319630.flac,16
/data/DATASETS/ASV_Spoof_2019_LA/ASVspoof2019_LA_eval/flac/LA_E_7321447.flac,16
/data/DATASETS/ASV_Spoof_2019_LA/ASVspoof2019_LA_eval/flac/LA_E_7322605.flac,16
/data/DATASETS/ASV_Spoof_2019_LA/ASVspoof2019_LA_eval/flac/LA_E_7328282.flac,16
/data/DATASETS/ASV_Spoof_2019_LA/ASVspoof2019_LA_eval/flac/LA_E_7330948.flac,16
/data/DATASETS/ASV_Spoof_2019_LA/ASVspoof2019_LA_eval/flac/LA_E_7330979.flac,16
/data/DATASETS/ASV_Spoof_2019_LA/ASVspoof2019_LA_eval/flac/LA_E_7331647.flac,16
/data/DATASETS/ASV_Spoof_2019_LA/ASVspoof2019_LA_eval/flac/LA_E_7332536.flac,16
/data/DATASETS/ASV_Spoof_2019_LA/ASVspoof2019_LA_eval/flac/LA_E_7333784.flac,16
/data/DATASETS/ASV_Spoof_2019_LA/ASVspoof2019_LA_eval/flac/LA_E_7336562.flac,16
/data/DATASETS/ASV_Spoof_2019_LA/ASVspoof2019_LA_eval/flac/LA_E_7338300.flac,16
/data/DATASETS/ASV_Spoof_2019_LA/ASVspoof2019_LA_eval/flac/LA_E_7341649.flac,16
/data/DATASETS/ASV_Spoof_2019_LA/ASVspoof2019_LA_eval/flac/LA_E_7342151.flac,16
/data/DATASETS/ASV_Spoof_2019_LA/ASVspoof2019_LA_eval/flac/LA_E_7342266.flac,16
/data/DATASETS/ASV_Spoof_2019_LA/ASVspoof2019_LA_eval/flac/LA_E_7345168.flac,16
/data/DATASETS/ASV_Spoof_2019_LA/ASVspoof2019_LA_eval/flac/LA_E_7347650.flac,16
/data/DATASETS/ASV_Spoof_2019_LA/ASVspoof2019_LA_eval/flac/LA_E_7347715.flac,16
/data/DATASETS/ASV_Spoof_2019_LA/ASVspoof2019_LA_eval/flac/LA_E_7348450.flac,16
/data/DATASETS/ASV_Spoof_2019_LA/ASVspoof2019_LA_eval/flac/LA_E_7349704.flac,16
/data/DATASETS/ASV_Spoof_2019_LA/ASVspoof2019_LA_eval/flac/LA_E_7353690.flac,16
/data/DATASETS/ASV_Spoof_2019_LA/ASVspoof2019_LA_eval/flac/LA_E_7354805.flac,16
/data/DATASETS/ASV_Spoof_2019_LA/ASVspoof2019_LA_eval/flac/LA_E_7357546.flac,16
/data/DATASETS/ASV_Spoof_2019_LA/ASVspoof2019_LA_eval/flac/LA_E_7359048.flac,16
/data/DATASETS/ASV_Spoof_2019_LA/ASVspoof2019_LA_eval/flac/LA_E_7361883.flac,16
/data/DATASETS/ASV_Spoof_2019_LA/ASVspoof2019_LA_eval/flac/LA_E_7362634.flac,16
/data/DATASETS/ASV_Spoof_2019_LA/ASVspoof2019_LA_eval/flac/LA_E_7364534.flac,16
/data/DATASETS/ASV_Spoof_2019_LA/ASVspoof2019_LA_eval/flac/LA_E_7364809.flac,16
/data/DATASETS/ASV_Spoof_2019_LA/ASVspoof2019_LA_eval/flac/LA_E_7364894.flac,16
/data/DATASETS/ASV_Spoof_2019_LA/ASVspoof2019_LA_eval/flac/LA_E_7366348.flac,16
/data/DATASETS/ASV_Spoof_2019_LA/ASVspoof2019_LA_eval/flac/LA_E_7366517.flac,16
/data/DATASETS/ASV_Spoof_2019_LA/ASVspoof2019_LA_eval/flac/LA_E_7366971.flac,16
/data/DATASETS/ASV_Spoof_2019_LA/ASVspoof2019_LA_eval/flac/LA_E_7368652.flac,16
/data/DATASETS/ASV_Spoof_2019_LA/ASVspoof2019_LA_eval/flac/LA_E_7371309.flac,16
/data/DATASETS/ASV_Spoof_2019_LA/ASVspoof2019_LA_eval/flac/LA_E_7371426.flac,16
/data/DATASETS/ASV_Spoof_2019_LA/ASVspoof2019_LA_eval/flac/LA_E_7372788.flac,16
/data/DATASETS/ASV_Spoof_2019_LA/ASVspoof2019_LA_eval/flac/LA_E_7373214.flac,16
/data/DATASETS/ASV_Spoof_2019_LA/ASVspoof2019_LA_eval/flac/LA_E_7375621.flac,16
/data/DATASETS/ASV_Spoof_2019_LA/ASVspoof2019_LA_eval/flac/LA_E_7379236.flac,16
/data/DATASETS/ASV_Spoof_2019_LA/ASVspoof2019_LA_eval/flac/LA_E_7381898.flac,16
/data/DATASETS/ASV_Spoof_2019_LA/ASVspoof2019_LA_eval/flac/LA_E_7384464.flac,16
/data/DATASETS/ASV_Spoof_2019_LA/ASVspoof2019_LA_eval/flac/LA_E_7386347.flac,16
/data/DATASETS/ASV_Spoof_2019_LA/ASVspoof2019_LA_eval/flac/LA_E_7390871.flac,16
/data/DATASETS/ASV_Spoof_2019_LA/ASVspoof2019_LA_eval/flac/LA_E_7393074.flac,16
/data/DATASETS/ASV_Spoof_2019_LA/ASVspoof2019_LA_eval/flac/LA_E_7394037.flac,16
/data/DATASETS/ASV_Spoof_2019_LA/ASVspoof2019_LA_eval/flac/LA_E_7394667.flac,16
/data/DATASETS/ASV_Spoof_2019_LA/ASVspoof2019_LA_eval/flac/LA_E_7396341.flac,16
/data/DATASETS/ASV_Spoof_2019_LA/ASVspoof2019_LA_eval/flac/LA_E_7397605.flac,16
/data/DATASETS/ASV_Spoof_2019_LA/ASVspoof2019_LA_eval/flac/LA_E_7400980.flac,16
/data/DATASETS/ASV_Spoof_2019_LA/ASVspoof2019_LA_eval/flac/LA_E_7403148.flac,16
/data/DATASETS/ASV_Spoof_2019_LA/ASVspoof2019_LA_eval/flac/LA_E_7406166.flac,16
/data/DATASETS/ASV_Spoof_2019_LA/ASVspoof2019_LA_eval/flac/LA_E_7408519.flac,16
/data/DATASETS/ASV_Spoof_2019_LA/ASVspoof2019_LA_eval/flac/LA_E_7409721.flac,16
/data/DATASETS/ASV_Spoof_2019_LA/ASVspoof2019_LA_eval/flac/LA_E_7412844.flac,16
/data/DATASETS/ASV_Spoof_2019_LA/ASVspoof2019_LA_eval/flac/LA_E_7413727.flac,16
/data/DATASETS/ASV_Spoof_2019_LA/ASVspoof2019_LA_eval/flac/LA_E_7414011.flac,16
/data/DATASETS/ASV_Spoof_2019_LA/ASVspoof2019_LA_eval/flac/LA_E_7418022.flac,16
/data/DATASETS/ASV_Spoof_2019_LA/ASVspoof2019_LA_eval/flac/LA_E_7418060.flac,16
/data/DATASETS/ASV_Spoof_2019_LA/ASVspoof2019_LA_eval/flac/LA_E_7425914.flac,16
/data/DATASETS/ASV_Spoof_2019_LA/ASVspoof2019_LA_eval/flac/LA_E_7427019.flac,16
/data/DATASETS/ASV_Spoof_2019_LA/ASVspoof2019_LA_eval/flac/LA_E_7429573.flac,16
/data/DATASETS/ASV_Spoof_2019_LA/ASVspoof2019_LA_eval/flac/LA_E_7436111.flac,16
/data/DATASETS/ASV_Spoof_2019_LA/ASVspoof2019_LA_eval/flac/LA_E_7436267.flac,16
/data/DATASETS/ASV_Spoof_2019_LA/ASVspoof2019_LA_eval/flac/LA_E_7438803.flac,16
/data/DATASETS/ASV_Spoof_2019_LA/ASVspoof2019_LA_eval/flac/LA_E_7441483.flac,16
/data/DATASETS/ASV_Spoof_2019_LA/ASVspoof2019_LA_eval/flac/LA_E_7442419.flac,16
/data/DATASETS/ASV_Spoof_2019_LA/ASVspoof2019_LA_eval/flac/LA_E_7443125.flac,16
/data/DATASETS/ASV_Spoof_2019_LA/ASVspoof2019_LA_eval/flac/LA_E_7445982.flac,16
/data/DATASETS/ASV_Spoof_2019_LA/ASVspoof2019_LA_eval/flac/LA_E_7448705.flac,16
/data/DATASETS/ASV_Spoof_2019_LA/ASVspoof2019_LA_eval/flac/LA_E_7452177.flac,16
/data/DATASETS/ASV_Spoof_2019_LA/ASVspoof2019_LA_eval/flac/LA_E_7452854.flac,16
/data/DATASETS/ASV_Spoof_2019_LA/ASVspoof2019_LA_eval/flac/LA_E_7453451.flac,16
/data/DATASETS/ASV_Spoof_2019_LA/ASVspoof2019_LA_eval/flac/LA_E_7456258.flac,16
/data/DATASETS/ASV_Spoof_2019_LA/ASVspoof2019_LA_eval/flac/LA_E_7457322.flac,16
/data/DATASETS/ASV_Spoof_2019_LA/ASVspoof2019_LA_eval/flac/LA_E_7460832.flac,16
/data/DATASETS/ASV_Spoof_2019_LA/ASVspoof2019_LA_eval/flac/LA_E_7464044.flac,16
/data/DATASETS/ASV_Spoof_2019_LA/ASVspoof2019_LA_eval/flac/LA_E_7465971.flac,16
/data/DATASETS/ASV_Spoof_2019_LA/ASVspoof2019_LA_eval/flac/LA_E_7467455.flac,16
/data/DATASETS/ASV_Spoof_2019_LA/ASVspoof2019_LA_eval/flac/LA_E_7468746.flac,16
/data/DATASETS/ASV_Spoof_2019_LA/ASVspoof2019_LA_eval/flac/LA_E_7468898.flac,16
/data/DATASETS/ASV_Spoof_2019_LA/ASVspoof2019_LA_eval/flac/LA_E_7469020.flac,16
/data/DATASETS/ASV_Spoof_2019_LA/ASVspoof2019_LA_eval/flac/LA_E_7470131.flac,16
/data/DATASETS/ASV_Spoof_2019_LA/ASVspoof2019_LA_eval/flac/LA_E_7471566.flac,16
/data/DATASETS/ASV_Spoof_2019_LA/ASVspoof2019_LA_eval/flac/LA_E_7474928.flac,16
/data/DATASETS/ASV_Spoof_2019_LA/ASVspoof2019_LA_eval/flac/LA_E_7476030.flac,16
/data/DATASETS/ASV_Spoof_2019_LA/ASVspoof2019_LA_eval/flac/LA_E_7476506.flac,16
/data/DATASETS/ASV_Spoof_2019_LA/ASVspoof2019_LA_eval/flac/LA_E_7479788.flac,16
/data/DATASETS/ASV_Spoof_2019_LA/ASVspoof2019_LA_eval/flac/LA_E_7480755.flac,16
/data/DATASETS/ASV_Spoof_2019_LA/ASVspoof2019_LA_eval/flac/LA_E_7483365.flac,16
/data/DATASETS/ASV_Spoof_2019_LA/ASVspoof2019_LA_eval/flac/LA_E_7484771.flac,16
/data/DATASETS/ASV_Spoof_2019_LA/ASVspoof2019_LA_eval/flac/LA_E_7485112.flac,16
/data/DATASETS/ASV_Spoof_2019_LA/ASVspoof2019_LA_eval/flac/LA_E_7488419.flac,16
/data/DATASETS/ASV_Spoof_2019_LA/ASVspoof2019_LA_eval/flac/LA_E_7488796.flac,16
/data/DATASETS/ASV_Spoof_2019_LA/ASVspoof2019_LA_eval/flac/LA_E_7491071.flac,16
/data/DATASETS/ASV_Spoof_2019_LA/ASVspoof2019_LA_eval/flac/LA_E_7491122.flac,16
/data/DATASETS/ASV_Spoof_2019_LA/ASVspoof2019_LA_eval/flac/LA_E_7491844.flac,16
/data/DATASETS/ASV_Spoof_2019_LA/ASVspoof2019_LA_eval/flac/LA_E_7492992.flac,16
/data/DATASETS/ASV_Spoof_2019_LA/ASVspoof2019_LA_eval/flac/LA_E_7493159.flac,16
/data/DATASETS/ASV_Spoof_2019_LA/ASVspoof2019_LA_eval/flac/LA_E_7497743.flac,16
/data/DATASETS/ASV_Spoof_2019_LA/ASVspoof2019_LA_eval/flac/LA_E_7500178.flac,16
/data/DATASETS/ASV_Spoof_2019_LA/ASVspoof2019_LA_eval/flac/LA_E_7501473.flac,16
/data/DATASETS/ASV_Spoof_2019_LA/ASVspoof2019_LA_eval/flac/LA_E_7503185.flac,16
/data/DATASETS/ASV_Spoof_2019_LA/ASVspoof2019_LA_eval/flac/LA_E_7503272.flac,16
/data/DATASETS/ASV_Spoof_2019_LA/ASVspoof2019_LA_eval/flac/LA_E_7504609.flac,16
/data/DATASETS/ASV_Spoof_2019_LA/ASVspoof2019_LA_eval/flac/LA_E_7505588.flac,16
/data/DATASETS/ASV_Spoof_2019_LA/ASVspoof2019_LA_eval/flac/LA_E_7507024.flac,16
/data/DATASETS/ASV_Spoof_2019_LA/ASVspoof2019_LA_eval/flac/LA_E_7510547.flac,16
/data/DATASETS/ASV_Spoof_2019_LA/ASVspoof2019_LA_eval/flac/LA_E_7511025.flac,16
/data/DATASETS/ASV_Spoof_2019_LA/ASVspoof2019_LA_eval/flac/LA_E_7517242.flac,16
/data/DATASETS/ASV_Spoof_2019_LA/ASVspoof2019_LA_eval/flac/LA_E_7518690.flac,16
/data/DATASETS/ASV_Spoof_2019_LA/ASVspoof2019_LA_eval/flac/LA_E_7520362.flac,16
/data/DATASETS/ASV_Spoof_2019_LA/ASVspoof2019_LA_eval/flac/LA_E_7522648.flac,16
/data/DATASETS/ASV_Spoof_2019_LA/ASVspoof2019_LA_eval/flac/LA_E_7523059.flac,16
/data/DATASETS/ASV_Spoof_2019_LA/ASVspoof2019_LA_eval/flac/LA_E_7523543.flac,16
/data/DATASETS/ASV_Spoof_2019_LA/ASVspoof2019_LA_eval/flac/LA_E_7528394.flac,16
/data/DATASETS/ASV_Spoof_2019_LA/ASVspoof2019_LA_eval/flac/LA_E_7528425.flac,16
/data/DATASETS/ASV_Spoof_2019_LA/ASVspoof2019_LA_eval/flac/LA_E_7530963.flac,16
/data/DATASETS/ASV_Spoof_2019_LA/ASVspoof2019_LA_eval/flac/LA_E_7531755.flac,16
/data/DATASETS/ASV_Spoof_2019_LA/ASVspoof2019_LA_eval/flac/LA_E_7533740.flac,16
/data/DATASETS/ASV_Spoof_2019_LA/ASVspoof2019_LA_eval/flac/LA_E_7536929.flac,16
/data/DATASETS/ASV_Spoof_2019_LA/ASVspoof2019_LA_eval/flac/LA_E_7537429.flac,16
/data/DATASETS/ASV_Spoof_2019_LA/ASVspoof2019_LA_eval/flac/LA_E_7539114.flac,16
/data/DATASETS/ASV_Spoof_2019_LA/ASVspoof2019_LA_eval/flac/LA_E_7540831.flac,16
/data/DATASETS/ASV_Spoof_2019_LA/ASVspoof2019_LA_eval/flac/LA_E_7541828.flac,16
/data/DATASETS/ASV_Spoof_2019_LA/ASVspoof2019_LA_eval/flac/LA_E_7544962.flac,16
/data/DATASETS/ASV_Spoof_2019_LA/ASVspoof2019_LA_eval/flac/LA_E_7547503.flac,16
/data/DATASETS/ASV_Spoof_2019_LA/ASVspoof2019_LA_eval/flac/LA_E_7549035.flac,16
/data/DATASETS/ASV_Spoof_2019_LA/ASVspoof2019_LA_eval/flac/LA_E_7553136.flac,16
/data/DATASETS/ASV_Spoof_2019_LA/ASVspoof2019_LA_eval/flac/LA_E_7553846.flac,16
/data/DATASETS/ASV_Spoof_2019_LA/ASVspoof2019_LA_eval/flac/LA_E_7555874.flac,16
/data/DATASETS/ASV_Spoof_2019_LA/ASVspoof2019_LA_eval/flac/LA_E_7555966.flac,16
/data/DATASETS/ASV_Spoof_2019_LA/ASVspoof2019_LA_eval/flac/LA_E_7558042.flac,16
/data/DATASETS/ASV_Spoof_2019_LA/ASVspoof2019_LA_eval/flac/LA_E_7559046.flac,16
/data/DATASETS/ASV_Spoof_2019_LA/ASVspoof2019_LA_eval/flac/LA_E_7559253.flac,16
/data/DATASETS/ASV_Spoof_2019_LA/ASVspoof2019_LA_eval/flac/LA_E_7561901.flac,16
/data/DATASETS/ASV_Spoof_2019_LA/ASVspoof2019_LA_eval/flac/LA_E_7563671.flac,16
/data/DATASETS/ASV_Spoof_2019_LA/ASVspoof2019_LA_eval/flac/LA_E_7564992.flac,16
/data/DATASETS/ASV_Spoof_2019_LA/ASVspoof2019_LA_eval/flac/LA_E_7565781.flac,16
/data/DATASETS/ASV_Spoof_2019_LA/ASVspoof2019_LA_eval/flac/LA_E_7566614.flac,16
/data/DATASETS/ASV_Spoof_2019_LA/ASVspoof2019_LA_eval/flac/LA_E_7568738.flac,16
/data/DATASETS/ASV_Spoof_2019_LA/ASVspoof2019_LA_eval/flac/LA_E_7570025.flac,16
/data/DATASETS/ASV_Spoof_2019_LA/ASVspoof2019_LA_eval/flac/LA_E_7572086.flac,16
/data/DATASETS/ASV_Spoof_2019_LA/ASVspoof2019_LA_eval/flac/LA_E_7576019.flac,16
/data/DATASETS/ASV_Spoof_2019_LA/ASVspoof2019_LA_eval/flac/LA_E_7577508.flac,16
/data/DATASETS/ASV_Spoof_2019_LA/ASVspoof2019_LA_eval/flac/LA_E_7578303.flac,16
/data/DATASETS/ASV_Spoof_2019_LA/ASVspoof2019_LA_eval/flac/LA_E_7578493.flac,16
/data/DATASETS/ASV_Spoof_2019_LA/ASVspoof2019_LA_eval/flac/LA_E_7579493.flac,16
/data/DATASETS/ASV_Spoof_2019_LA/ASVspoof2019_LA_eval/flac/LA_E_7582868.flac,16
/data/DATASETS/ASV_Spoof_2019_LA/ASVspoof2019_LA_eval/flac/LA_E_7585260.flac,16
/data/DATASETS/ASV_Spoof_2019_LA/ASVspoof2019_LA_eval/flac/LA_E_7585491.flac,16
/data/DATASETS/ASV_Spoof_2019_LA/ASVspoof2019_LA_eval/flac/LA_E_7591065.flac,16
/data/DATASETS/ASV_Spoof_2019_LA/ASVspoof2019_LA_eval/flac/LA_E_7591410.flac,16
/data/DATASETS/ASV_Spoof_2019_LA/ASVspoof2019_LA_eval/flac/LA_E_7591668.flac,16
/data/DATASETS/ASV_Spoof_2019_LA/ASVspoof2019_LA_eval/flac/LA_E_7593321.flac,16
/data/DATASETS/ASV_Spoof_2019_LA/ASVspoof2019_LA_eval/flac/LA_E_7595723.flac,16
/data/DATASETS/ASV_Spoof_2019_LA/ASVspoof2019_LA_eval/flac/LA_E_7597708.flac,16
/data/DATASETS/ASV_Spoof_2019_LA/ASVspoof2019_LA_eval/flac/LA_E_7600075.flac,16
/data/DATASETS/ASV_Spoof_2019_LA/ASVspoof2019_LA_eval/flac/LA_E_7604335.flac,16
/data/DATASETS/ASV_Spoof_2019_LA/ASVspoof2019_LA_eval/flac/LA_E_7604838.flac,16
/data/DATASETS/ASV_Spoof_2019_LA/ASVspoof2019_LA_eval/flac/LA_E_7605814.flac,16
/data/DATASETS/ASV_Spoof_2019_LA/ASVspoof2019_LA_eval/flac/LA_E_7606233.flac,16
/data/DATASETS/ASV_Spoof_2019_LA/ASVspoof2019_LA_eval/flac/LA_E_7606613.flac,16
/data/DATASETS/ASV_Spoof_2019_LA/ASVspoof2019_LA_eval/flac/LA_E_7608272.flac,16
/data/DATASETS/ASV_Spoof_2019_LA/ASVspoof2019_LA_eval/flac/LA_E_7609259.flac,16
/data/DATASETS/ASV_Spoof_2019_LA/ASVspoof2019_LA_eval/flac/LA_E_7609422.flac,16
/data/DATASETS/ASV_Spoof_2019_LA/ASVspoof2019_LA_eval/flac/LA_E_7610695.flac,16
/data/DATASETS/ASV_Spoof_2019_LA/ASVspoof2019_LA_eval/flac/LA_E_7610874.flac,16
/data/DATASETS/ASV_Spoof_2019_LA/ASVspoof2019_LA_eval/flac/LA_E_7613515.flac,16
/data/DATASETS/ASV_Spoof_2019_LA/ASVspoof2019_LA_eval/flac/LA_E_7615111.flac,16
/data/DATASETS/ASV_Spoof_2019_LA/ASVspoof2019_LA_eval/flac/LA_E_7616026.flac,16
/data/DATASETS/ASV_Spoof_2019_LA/ASVspoof2019_LA_eval/flac/LA_E_7616360.flac,16
/data/DATASETS/ASV_Spoof_2019_LA/ASVspoof2019_LA_eval/flac/LA_E_7616554.flac,16
/data/DATASETS/ASV_Spoof_2019_LA/ASVspoof2019_LA_eval/flac/LA_E_7617071.flac,16
/data/DATASETS/ASV_Spoof_2019_LA/ASVspoof2019_LA_eval/flac/LA_E_7618709.flac,16
/data/DATASETS/ASV_Spoof_2019_LA/ASVspoof2019_LA_eval/flac/LA_E_7622992.flac,16
/data/DATASETS/ASV_Spoof_2019_LA/ASVspoof2019_LA_eval/flac/LA_E_7625482.flac,16
/data/DATASETS/ASV_Spoof_2019_LA/ASVspoof2019_LA_eval/flac/LA_E_7629201.flac,16
/data/DATASETS/ASV_Spoof_2019_LA/ASVspoof2019_LA_eval/flac/LA_E_7629538.flac,16
/data/DATASETS/ASV_Spoof_2019_LA/ASVspoof2019_LA_eval/flac/LA_E_7629636.flac,16
/data/DATASETS/ASV_Spoof_2019_LA/ASVspoof2019_LA_eval/flac/LA_E_7629927.flac,16
/data/DATASETS/ASV_Spoof_2019_LA/ASVspoof2019_LA_eval/flac/LA_E_7638271.flac,16
/data/DATASETS/ASV_Spoof_2019_LA/ASVspoof2019_LA_eval/flac/LA_E_7638531.flac,16
/data/DATASETS/ASV_Spoof_2019_LA/ASVspoof2019_LA_eval/flac/LA_E_7639068.flac,16
/data/DATASETS/ASV_Spoof_2019_LA/ASVspoof2019_LA_eval/flac/LA_E_7641146.flac,16
/data/DATASETS/ASV_Spoof_2019_LA/ASVspoof2019_LA_eval/flac/LA_E_7641463.flac,16
/data/DATASETS/ASV_Spoof_2019_LA/ASVspoof2019_LA_eval/flac/LA_E_7644541.flac,16
/data/DATASETS/ASV_Spoof_2019_LA/ASVspoof2019_LA_eval/flac/LA_E_7647170.flac,16
/data/DATASETS/ASV_Spoof_2019_LA/ASVspoof2019_LA_eval/flac/LA_E_7649399.flac,16
/data/DATASETS/ASV_Spoof_2019_LA/ASVspoof2019_LA_eval/flac/LA_E_7650314.flac,16
/data/DATASETS/ASV_Spoof_2019_LA/ASVspoof2019_LA_eval/flac/LA_E_7650969.flac,16
/data/DATASETS/ASV_Spoof_2019_LA/ASVspoof2019_LA_eval/flac/LA_E_7655921.flac,16
/data/DATASETS/ASV_Spoof_2019_LA/ASVspoof2019_LA_eval/flac/LA_E_7656128.flac,16
/data/DATASETS/ASV_Spoof_2019_LA/ASVspoof2019_LA_eval/flac/LA_E_7657624.flac,16
/data/DATASETS/ASV_Spoof_2019_LA/ASVspoof2019_LA_eval/flac/LA_E_7658471.flac,16
/data/DATASETS/ASV_Spoof_2019_LA/ASVspoof2019_LA_eval/flac/LA_E_7658638.flac,16
/data/DATASETS/ASV_Spoof_2019_LA/ASVspoof2019_LA_eval/flac/LA_E_7661780.flac,16
/data/DATASETS/ASV_Spoof_2019_LA/ASVspoof2019_LA_eval/flac/LA_E_7663099.flac,16
/data/DATASETS/ASV_Spoof_2019_LA/ASVspoof2019_LA_eval/flac/LA_E_7664278.flac,16
/data/DATASETS/ASV_Spoof_2019_LA/ASVspoof2019_LA_eval/flac/LA_E_7664350.flac,16
/data/DATASETS/ASV_Spoof_2019_LA/ASVspoof2019_LA_eval/flac/LA_E_7664457.flac,16
/data/DATASETS/ASV_Spoof_2019_LA/ASVspoof2019_LA_eval/flac/LA_E_7665631.flac,16
/data/DATASETS/ASV_Spoof_2019_LA/ASVspoof2019_LA_eval/flac/LA_E_7666971.flac,16
/data/DATASETS/ASV_Spoof_2019_LA/ASVspoof2019_LA_eval/flac/LA_E_7671293.flac,16
/data/DATASETS/ASV_Spoof_2019_LA/ASVspoof2019_LA_eval/flac/LA_E_7671535.flac,16
/data/DATASETS/ASV_Spoof_2019_LA/ASVspoof2019_LA_eval/flac/LA_E_7671729.flac,16
/data/DATASETS/ASV_Spoof_2019_LA/ASVspoof2019_LA_eval/flac/LA_E_7672093.flac,16
/data/DATASETS/ASV_Spoof_2019_LA/ASVspoof2019_LA_eval/flac/LA_E_7676598.flac,16
/data/DATASETS/ASV_Spoof_2019_LA/ASVspoof2019_LA_eval/flac/LA_E_7679336.flac,16
/data/DATASETS/ASV_Spoof_2019_LA/ASVspoof2019_LA_eval/flac/LA_E_7682062.flac,16
/data/DATASETS/ASV_Spoof_2019_LA/ASVspoof2019_LA_eval/flac/LA_E_7683004.flac,16
/data/DATASETS/ASV_Spoof_2019_LA/ASVspoof2019_LA_eval/flac/LA_E_7683627.flac,16
/data/DATASETS/ASV_Spoof_2019_LA/ASVspoof2019_LA_eval/flac/LA_E_7684119.flac,16
/data/DATASETS/ASV_Spoof_2019_LA/ASVspoof2019_LA_eval/flac/LA_E_7689718.flac,16
/data/DATASETS/ASV_Spoof_2019_LA/ASVspoof2019_LA_eval/flac/LA_E_7690104.flac,16
/data/DATASETS/ASV_Spoof_2019_LA/ASVspoof2019_LA_eval/flac/LA_E_7690948.flac,16
/data/DATASETS/ASV_Spoof_2019_LA/ASVspoof2019_LA_eval/flac/LA_E_7696520.flac,16
/data/DATASETS/ASV_Spoof_2019_LA/ASVspoof2019_LA_eval/flac/LA_E_7697994.flac,16
/data/DATASETS/ASV_Spoof_2019_LA/ASVspoof2019_LA_eval/flac/LA_E_7699270.flac,16
/data/DATASETS/ASV_Spoof_2019_LA/ASVspoof2019_LA_eval/flac/LA_E_7703061.flac,16
/data/DATASETS/ASV_Spoof_2019_LA/ASVspoof2019_LA_eval/flac/LA_E_7703588.flac,16
/data/DATASETS/ASV_Spoof_2019_LA/ASVspoof2019_LA_eval/flac/LA_E_7704573.flac,16
/data/DATASETS/ASV_Spoof_2019_LA/ASVspoof2019_LA_eval/flac/LA_E_7709768.flac,16
/data/DATASETS/ASV_Spoof_2019_LA/ASVspoof2019_LA_eval/flac/LA_E_7710032.flac,16
/data/DATASETS/ASV_Spoof_2019_LA/ASVspoof2019_LA_eval/flac/LA_E_7710504.flac,16
/data/DATASETS/ASV_Spoof_2019_LA/ASVspoof2019_LA_eval/flac/LA_E_7710872.flac,16
/data/DATASETS/ASV_Spoof_2019_LA/ASVspoof2019_LA_eval/flac/LA_E_7710945.flac,16
/data/DATASETS/ASV_Spoof_2019_LA/ASVspoof2019_LA_eval/flac/LA_E_7711170.flac,16
/data/DATASETS/ASV_Spoof_2019_LA/ASVspoof2019_LA_eval/flac/LA_E_7716972.flac,16
/data/DATASETS/ASV_Spoof_2019_LA/ASVspoof2019_LA_eval/flac/LA_E_7717968.flac,16
/data/DATASETS/ASV_Spoof_2019_LA/ASVspoof2019_LA_eval/flac/LA_E_7719468.flac,16
/data/DATASETS/ASV_Spoof_2019_LA/ASVspoof2019_LA_eval/flac/LA_E_7720232.flac,16
/data/DATASETS/ASV_Spoof_2019_LA/ASVspoof2019_LA_eval/flac/LA_E_7720415.flac,16
/data/DATASETS/ASV_Spoof_2019_LA/ASVspoof2019_LA_eval/flac/LA_E_7720667.flac,16
/data/DATASETS/ASV_Spoof_2019_LA/ASVspoof2019_LA_eval/flac/LA_E_7721414.flac,16
/data/DATASETS/ASV_Spoof_2019_LA/ASVspoof2019_LA_eval/flac/LA_E_7721692.flac,16
/data/DATASETS/ASV_Spoof_2019_LA/ASVspoof2019_LA_eval/flac/LA_E_7723707.flac,16
/data/DATASETS/ASV_Spoof_2019_LA/ASVspoof2019_LA_eval/flac/LA_E_7726079.flac,16
/data/DATASETS/ASV_Spoof_2019_LA/ASVspoof2019_LA_eval/flac/LA_E_7727548.flac,16
/data/DATASETS/ASV_Spoof_2019_LA/ASVspoof2019_LA_eval/flac/LA_E_7730650.flac,16
/data/DATASETS/ASV_Spoof_2019_LA/ASVspoof2019_LA_eval/flac/LA_E_7731542.flac,16
/data/DATASETS/ASV_Spoof_2019_LA/ASVspoof2019_LA_eval/flac/LA_E_7752097.flac,16
/data/DATASETS/ASV_Spoof_2019_LA/ASVspoof2019_LA_eval/flac/LA_E_7755672.flac,16
/data/DATASETS/ASV_Spoof_2019_LA/ASVspoof2019_LA_eval/flac/LA_E_7757271.flac,16
/data/DATASETS/ASV_Spoof_2019_LA/ASVspoof2019_LA_eval/flac/LA_E_7757326.flac,16
/data/DATASETS/ASV_Spoof_2019_LA/ASVspoof2019_LA_eval/flac/LA_E_7761267.flac,16
/data/DATASETS/ASV_Spoof_2019_LA/ASVspoof2019_LA_eval/flac/LA_E_7764467.flac,16
/data/DATASETS/ASV_Spoof_2019_LA/ASVspoof2019_LA_eval/flac/LA_E_7766328.flac,16
/data/DATASETS/ASV_Spoof_2019_LA/ASVspoof2019_LA_eval/flac/LA_E_7766571.flac,16
/data/DATASETS/ASV_Spoof_2019_LA/ASVspoof2019_LA_eval/flac/LA_E_7767646.flac,16
/data/DATASETS/ASV_Spoof_2019_LA/ASVspoof2019_LA_eval/flac/LA_E_7771279.flac,16
/data/DATASETS/ASV_Spoof_2019_LA/ASVspoof2019_LA_eval/flac/LA_E_7771411.flac,16
/data/DATASETS/ASV_Spoof_2019_LA/ASVspoof2019_LA_eval/flac/LA_E_7775391.flac,16
/data/DATASETS/ASV_Spoof_2019_LA/ASVspoof2019_LA_eval/flac/LA_E_7775960.flac,16
/data/DATASETS/ASV_Spoof_2019_LA/ASVspoof2019_LA_eval/flac/LA_E_7777629.flac,16
/data/DATASETS/ASV_Spoof_2019_LA/ASVspoof2019_LA_eval/flac/LA_E_7779699.flac,16
/data/DATASETS/ASV_Spoof_2019_LA/ASVspoof2019_LA_eval/flac/LA_E_7779706.flac,16
/data/DATASETS/ASV_Spoof_2019_LA/ASVspoof2019_LA_eval/flac/LA_E_7780045.flac,16
/data/DATASETS/ASV_Spoof_2019_LA/ASVspoof2019_LA_eval/flac/LA_E_7781211.flac,16
/data/DATASETS/ASV_Spoof_2019_LA/ASVspoof2019_LA_eval/flac/LA_E_7782159.flac,16
/data/DATASETS/ASV_Spoof_2019_LA/ASVspoof2019_LA_eval/flac/LA_E_7783830.flac,16
/data/DATASETS/ASV_Spoof_2019_LA/ASVspoof2019_LA_eval/flac/LA_E_7785393.flac,16
/data/DATASETS/ASV_Spoof_2019_LA/ASVspoof2019_LA_eval/flac/LA_E_7787040.flac,16
/data/DATASETS/ASV_Spoof_2019_LA/ASVspoof2019_LA_eval/flac/LA_E_7787062.flac,16
/data/DATASETS/ASV_Spoof_2019_LA/ASVspoof2019_LA_eval/flac/LA_E_7787913.flac,16
/data/DATASETS/ASV_Spoof_2019_LA/ASVspoof2019_LA_eval/flac/LA_E_7788015.flac,16
/data/DATASETS/ASV_Spoof_2019_LA/ASVspoof2019_LA_eval/flac/LA_E_7788082.flac,16
/data/DATASETS/ASV_Spoof_2019_LA/ASVspoof2019_LA_eval/flac/LA_E_7790118.flac,16
/data/DATASETS/ASV_Spoof_2019_LA/ASVspoof2019_LA_eval/flac/LA_E_7793842.flac,16
/data/DATASETS/ASV_Spoof_2019_LA/ASVspoof2019_LA_eval/flac/LA_E_7793854.flac,16
/data/DATASETS/ASV_Spoof_2019_LA/ASVspoof2019_LA_eval/flac/LA_E_7795603.flac,16
/data/DATASETS/ASV_Spoof_2019_LA/ASVspoof2019_LA_eval/flac/LA_E_7797829.flac,16
/data/DATASETS/ASV_Spoof_2019_LA/ASVspoof2019_LA_eval/flac/LA_E_7799921.flac,16
/data/DATASETS/ASV_Spoof_2019_LA/ASVspoof2019_LA_eval/flac/LA_E_7800015.flac,16
/data/DATASETS/ASV_Spoof_2019_LA/ASVspoof2019_LA_eval/flac/LA_E_7800630.flac,16
/data/DATASETS/ASV_Spoof_2019_LA/ASVspoof2019_LA_eval/flac/LA_E_7803754.flac,16
/data/DATASETS/ASV_Spoof_2019_LA/ASVspoof2019_LA_eval/flac/LA_E_7807014.flac,16
/data/DATASETS/ASV_Spoof_2019_LA/ASVspoof2019_LA_eval/flac/LA_E_7808150.flac,16
/data/DATASETS/ASV_Spoof_2019_LA/ASVspoof2019_LA_eval/flac/LA_E_7808359.flac,16
/data/DATASETS/ASV_Spoof_2019_LA/ASVspoof2019_LA_eval/flac/LA_E_7808894.flac,16
/data/DATASETS/ASV_Spoof_2019_LA/ASVspoof2019_LA_eval/flac/LA_E_7810408.flac,16
/data/DATASETS/ASV_Spoof_2019_LA/ASVspoof2019_LA_eval/flac/LA_E_7813281.flac,16
/data/DATASETS/ASV_Spoof_2019_LA/ASVspoof2019_LA_eval/flac/LA_E_7813841.flac,16
/data/DATASETS/ASV_Spoof_2019_LA/ASVspoof2019_LA_eval/flac/LA_E_7821251.flac,16
/data/DATASETS/ASV_Spoof_2019_LA/ASVspoof2019_LA_eval/flac/LA_E_7825088.flac,16
/data/DATASETS/ASV_Spoof_2019_LA/ASVspoof2019_LA_eval/flac/LA_E_7827984.flac,16
/data/DATASETS/ASV_Spoof_2019_LA/ASVspoof2019_LA_eval/flac/LA_E_7828874.flac,16
/data/DATASETS/ASV_Spoof_2019_LA/ASVspoof2019_LA_eval/flac/LA_E_7831234.flac,16
/data/DATASETS/ASV_Spoof_2019_LA/ASVspoof2019_LA_eval/flac/LA_E_7834491.flac,16
/data/DATASETS/ASV_Spoof_2019_LA/ASVspoof2019_LA_eval/flac/LA_E_7834754.flac,16
/data/DATASETS/ASV_Spoof_2019_LA/ASVspoof2019_LA_eval/flac/LA_E_7835315.flac,16
/data/DATASETS/ASV_Spoof_2019_LA/ASVspoof2019_LA_eval/flac/LA_E_7836699.flac,16
/data/DATASETS/ASV_Spoof_2019_LA/ASVspoof2019_LA_eval/flac/LA_E_7838104.flac,16
/data/DATASETS/ASV_Spoof_2019_LA/ASVspoof2019_LA_eval/flac/LA_E_7842052.flac,16
/data/DATASETS/ASV_Spoof_2019_LA/ASVspoof2019_LA_eval/flac/LA_E_7842080.flac,16
/data/DATASETS/ASV_Spoof_2019_LA/ASVspoof2019_LA_eval/flac/LA_E_7842660.flac,16
/data/DATASETS/ASV_Spoof_2019_LA/ASVspoof2019_LA_eval/flac/LA_E_7843997.flac,16
/data/DATASETS/ASV_Spoof_2019_LA/ASVspoof2019_LA_eval/flac/LA_E_7844012.flac,16
/data/DATASETS/ASV_Spoof_2019_LA/ASVspoof2019_LA_eval/flac/LA_E_7844677.flac,16
/data/DATASETS/ASV_Spoof_2019_LA/ASVspoof2019_LA_eval/flac/LA_E_7845896.flac,16
/data/DATASETS/ASV_Spoof_2019_LA/ASVspoof2019_LA_eval/flac/LA_E_7846602.flac,16
/data/DATASETS/ASV_Spoof_2019_LA/ASVspoof2019_LA_eval/flac/LA_E_7848889.flac,16
/data/DATASETS/ASV_Spoof_2019_LA/ASVspoof2019_LA_eval/flac/LA_E_7849089.flac,16
/data/DATASETS/ASV_Spoof_2019_LA/ASVspoof2019_LA_eval/flac/LA_E_7852222.flac,16
/data/DATASETS/ASV_Spoof_2019_LA/ASVspoof2019_LA_eval/flac/LA_E_7852472.flac,16
/data/DATASETS/ASV_Spoof_2019_LA/ASVspoof2019_LA_eval/flac/LA_E_7853068.flac,16
/data/DATASETS/ASV_Spoof_2019_LA/ASVspoof2019_LA_eval/flac/LA_E_7853923.flac,16
/data/DATASETS/ASV_Spoof_2019_LA/ASVspoof2019_LA_eval/flac/LA_E_7854387.flac,16
/data/DATASETS/ASV_Spoof_2019_LA/ASVspoof2019_LA_eval/flac/LA_E_7854897.flac,16
/data/DATASETS/ASV_Spoof_2019_LA/ASVspoof2019_LA_eval/flac/LA_E_7862577.flac,16
/data/DATASETS/ASV_Spoof_2019_LA/ASVspoof2019_LA_eval/flac/LA_E_7863664.flac,16
/data/DATASETS/ASV_Spoof_2019_LA/ASVspoof2019_LA_eval/flac/LA_E_7866509.flac,16
/data/DATASETS/ASV_Spoof_2019_LA/ASVspoof2019_LA_eval/flac/LA_E_7866927.flac,16
/data/DATASETS/ASV_Spoof_2019_LA/ASVspoof2019_LA_eval/flac/LA_E_7867179.flac,16
/data/DATASETS/ASV_Spoof_2019_LA/ASVspoof2019_LA_eval/flac/LA_E_7868372.flac,16
/data/DATASETS/ASV_Spoof_2019_LA/ASVspoof2019_LA_eval/flac/LA_E_7869101.flac,16
/data/DATASETS/ASV_Spoof_2019_LA/ASVspoof2019_LA_eval/flac/LA_E_7869235.flac,16
/data/DATASETS/ASV_Spoof_2019_LA/ASVspoof2019_LA_eval/flac/LA_E_7871271.flac,16
/data/DATASETS/ASV_Spoof_2019_LA/ASVspoof2019_LA_eval/flac/LA_E_7871765.flac,16
/data/DATASETS/ASV_Spoof_2019_LA/ASVspoof2019_LA_eval/flac/LA_E_7874180.flac,16
/data/DATASETS/ASV_Spoof_2019_LA/ASVspoof2019_LA_eval/flac/LA_E_7875274.flac,16
/data/DATASETS/ASV_Spoof_2019_LA/ASVspoof2019_LA_eval/flac/LA_E_7878859.flac,16
/data/DATASETS/ASV_Spoof_2019_LA/ASVspoof2019_LA_eval/flac/LA_E_7879165.flac,16
/data/DATASETS/ASV_Spoof_2019_LA/ASVspoof2019_LA_eval/flac/LA_E_7880416.flac,16
/data/DATASETS/ASV_Spoof_2019_LA/ASVspoof2019_LA_eval/flac/LA_E_7881242.flac,16
/data/DATASETS/ASV_Spoof_2019_LA/ASVspoof2019_LA_eval/flac/LA_E_7881391.flac,16
/data/DATASETS/ASV_Spoof_2019_LA/ASVspoof2019_LA_eval/flac/LA_E_7885272.flac,16
/data/DATASETS/ASV_Spoof_2019_LA/ASVspoof2019_LA_eval/flac/LA_E_7885470.flac,16
/data/DATASETS/ASV_Spoof_2019_LA/ASVspoof2019_LA_eval/flac/LA_E_7885982.flac,16
/data/DATASETS/ASV_Spoof_2019_LA/ASVspoof2019_LA_eval/flac/LA_E_7886723.flac,16
/data/DATASETS/ASV_Spoof_2019_LA/ASVspoof2019_LA_eval/flac/LA_E_7888655.flac,16
/data/DATASETS/ASV_Spoof_2019_LA/ASVspoof2019_LA_eval/flac/LA_E_7890354.flac,16
/data/DATASETS/ASV_Spoof_2019_LA/ASVspoof2019_LA_eval/flac/LA_E_7893651.flac,16
/data/DATASETS/ASV_Spoof_2019_LA/ASVspoof2019_LA_eval/flac/LA_E_7894529.flac,16
/data/DATASETS/ASV_Spoof_2019_LA/ASVspoof2019_LA_eval/flac/LA_E_7898298.flac,16
/data/DATASETS/ASV_Spoof_2019_LA/ASVspoof2019_LA_eval/flac/LA_E_7899709.flac,16
/data/DATASETS/ASV_Spoof_2019_LA/ASVspoof2019_LA_eval/flac/LA_E_7906106.flac,16
/data/DATASETS/ASV_Spoof_2019_LA/ASVspoof2019_LA_eval/flac/LA_E_7907717.flac,16
/data/DATASETS/ASV_Spoof_2019_LA/ASVspoof2019_LA_eval/flac/LA_E_7908971.flac,16
/data/DATASETS/ASV_Spoof_2019_LA/ASVspoof2019_LA_eval/flac/LA_E_7913875.flac,16
/data/DATASETS/ASV_Spoof_2019_LA/ASVspoof2019_LA_eval/flac/LA_E_7914551.flac,16
/data/DATASETS/ASV_Spoof_2019_LA/ASVspoof2019_LA_eval/flac/LA_E_7914604.flac,16
/data/DATASETS/ASV_Spoof_2019_LA/ASVspoof2019_LA_eval/flac/LA_E_7916732.flac,16
/data/DATASETS/ASV_Spoof_2019_LA/ASVspoof2019_LA_eval/flac/LA_E_7917671.flac,16
/data/DATASETS/ASV_Spoof_2019_LA/ASVspoof2019_LA_eval/flac/LA_E_7923061.flac,16
/data/DATASETS/ASV_Spoof_2019_LA/ASVspoof2019_LA_eval/flac/LA_E_7923065.flac,16
/data/DATASETS/ASV_Spoof_2019_LA/ASVspoof2019_LA_eval/flac/LA_E_7925674.flac,16
/data/DATASETS/ASV_Spoof_2019_LA/ASVspoof2019_LA_eval/flac/LA_E_7926599.flac,16
/data/DATASETS/ASV_Spoof_2019_LA/ASVspoof2019_LA_eval/flac/LA_E_7926720.flac,16
/data/DATASETS/ASV_Spoof_2019_LA/ASVspoof2019_LA_eval/flac/LA_E_7926984.flac,16
/data/DATASETS/ASV_Spoof_2019_LA/ASVspoof2019_LA_eval/flac/LA_E_7927400.flac,16
/data/DATASETS/ASV_Spoof_2019_LA/ASVspoof2019_LA_eval/flac/LA_E_7928410.flac,16
/data/DATASETS/ASV_Spoof_2019_LA/ASVspoof2019_LA_eval/flac/LA_E_7929683.flac,16
/data/DATASETS/ASV_Spoof_2019_LA/ASVspoof2019_LA_eval/flac/LA_E_7933238.flac,16
/data/DATASETS/ASV_Spoof_2019_LA/ASVspoof2019_LA_eval/flac/LA_E_7934451.flac,16
/data/DATASETS/ASV_Spoof_2019_LA/ASVspoof2019_LA_eval/flac/LA_E_7934742.flac,16
/data/DATASETS/ASV_Spoof_2019_LA/ASVspoof2019_LA_eval/flac/LA_E_7936386.flac,16
/data/DATASETS/ASV_Spoof_2019_LA/ASVspoof2019_LA_eval/flac/LA_E_7945945.flac,16
/data/DATASETS/ASV_Spoof_2019_LA/ASVspoof2019_LA_eval/flac/LA_E_7947788.flac,16
/data/DATASETS/ASV_Spoof_2019_LA/ASVspoof2019_LA_eval/flac/LA_E_7950972.flac,16
/data/DATASETS/ASV_Spoof_2019_LA/ASVspoof2019_LA_eval/flac/LA_E_7950989.flac,16
/data/DATASETS/ASV_Spoof_2019_LA/ASVspoof2019_LA_eval/flac/LA_E_7951200.flac,16
/data/DATASETS/ASV_Spoof_2019_LA/ASVspoof2019_LA_eval/flac/LA_E_7956974.flac,16
/data/DATASETS/ASV_Spoof_2019_LA/ASVspoof2019_LA_eval/flac/LA_E_7962229.flac,16
/data/DATASETS/ASV_Spoof_2019_LA/ASVspoof2019_LA_eval/flac/LA_E_7964013.flac,16
/data/DATASETS/ASV_Spoof_2019_LA/ASVspoof2019_LA_eval/flac/LA_E_7964206.flac,16
/data/DATASETS/ASV_Spoof_2019_LA/ASVspoof2019_LA_eval/flac/LA_E_7965004.flac,16
/data/DATASETS/ASV_Spoof_2019_LA/ASVspoof2019_LA_eval/flac/LA_E_7965742.flac,16
/data/DATASETS/ASV_Spoof_2019_LA/ASVspoof2019_LA_eval/flac/LA_E_7967135.flac,16
/data/DATASETS/ASV_Spoof_2019_LA/ASVspoof2019_LA_eval/flac/LA_E_7967158.flac,16
/data/DATASETS/ASV_Spoof_2019_LA/ASVspoof2019_LA_eval/flac/LA_E_7968365.flac,16
/data/DATASETS/ASV_Spoof_2019_LA/ASVspoof2019_LA_eval/flac/LA_E_7968464.flac,16
/data/DATASETS/ASV_Spoof_2019_LA/ASVspoof2019_LA_eval/flac/LA_E_7969713.flac,16
/data/DATASETS/ASV_Spoof_2019_LA/ASVspoof2019_LA_eval/flac/LA_E_7970801.flac,16
/data/DATASETS/ASV_Spoof_2019_LA/ASVspoof2019_LA_eval/flac/LA_E_7971048.flac,16
/data/DATASETS/ASV_Spoof_2019_LA/ASVspoof2019_LA_eval/flac/LA_E_7972364.flac,16
/data/DATASETS/ASV_Spoof_2019_LA/ASVspoof2019_LA_eval/flac/LA_E_7972980.flac,16
/data/DATASETS/ASV_Spoof_2019_LA/ASVspoof2019_LA_eval/flac/LA_E_7973689.flac,16
/data/DATASETS/ASV_Spoof_2019_LA/ASVspoof2019_LA_eval/flac/LA_E_7974034.flac,16
/data/DATASETS/ASV_Spoof_2019_LA/ASVspoof2019_LA_eval/flac/LA_E_7979226.flac,16
/data/DATASETS/ASV_Spoof_2019_LA/ASVspoof2019_LA_eval/flac/LA_E_7986278.flac,16
/data/DATASETS/ASV_Spoof_2019_LA/ASVspoof2019_LA_eval/flac/LA_E_7987773.flac,16
/data/DATASETS/ASV_Spoof_2019_LA/ASVspoof2019_LA_eval/flac/LA_E_7988264.flac,16
/data/DATASETS/ASV_Spoof_2019_LA/ASVspoof2019_LA_eval/flac/LA_E_7990237.flac,16
/data/DATASETS/ASV_Spoof_2019_LA/ASVspoof2019_LA_eval/flac/LA_E_7993325.flac,16
/data/DATASETS/ASV_Spoof_2019_LA/ASVspoof2019_LA_eval/flac/LA_E_7994177.flac,16
/data/DATASETS/ASV_Spoof_2019_LA/ASVspoof2019_LA_eval/flac/LA_E_7994780.flac,16
/data/DATASETS/ASV_Spoof_2019_LA/ASVspoof2019_LA_eval/flac/LA_E_7995984.flac,16
/data/DATASETS/ASV_Spoof_2019_LA/ASVspoof2019_LA_eval/flac/LA_E_7996563.flac,16
/data/DATASETS/ASV_Spoof_2019_LA/ASVspoof2019_LA_eval/flac/LA_E_8001585.flac,16
/data/DATASETS/ASV_Spoof_2019_LA/ASVspoof2019_LA_eval/flac/LA_E_8006475.flac,16
/data/DATASETS/ASV_Spoof_2019_LA/ASVspoof2019_LA_eval/flac/LA_E_8010282.flac,16
/data/DATASETS/ASV_Spoof_2019_LA/ASVspoof2019_LA_eval/flac/LA_E_8015337.flac,16
/data/DATASETS/ASV_Spoof_2019_LA/ASVspoof2019_LA_eval/flac/LA_E_8017389.flac,16
/data/DATASETS/ASV_Spoof_2019_LA/ASVspoof2019_LA_eval/flac/LA_E_8018162.flac,16
/data/DATASETS/ASV_Spoof_2019_LA/ASVspoof2019_LA_eval/flac/LA_E_8022326.flac,16
/data/DATASETS/ASV_Spoof_2019_LA/ASVspoof2019_LA_eval/flac/LA_E_8024141.flac,16
/data/DATASETS/ASV_Spoof_2019_LA/ASVspoof2019_LA_eval/flac/LA_E_8024525.flac,16
/data/DATASETS/ASV_Spoof_2019_LA/ASVspoof2019_LA_eval/flac/LA_E_8025292.flac,16
/data/DATASETS/ASV_Spoof_2019_LA/ASVspoof2019_LA_eval/flac/LA_E_8025355.flac,16
/data/DATASETS/ASV_Spoof_2019_LA/ASVspoof2019_LA_eval/flac/LA_E_8027888.flac,16
/data/DATASETS/ASV_Spoof_2019_LA/ASVspoof2019_LA_eval/flac/LA_E_8028239.flac,16
/data/DATASETS/ASV_Spoof_2019_LA/ASVspoof2019_LA_eval/flac/LA_E_8030866.flac,16
/data/DATASETS/ASV_Spoof_2019_LA/ASVspoof2019_LA_eval/flac/LA_E_8033537.flac,16
/data/DATASETS/ASV_Spoof_2019_LA/ASVspoof2019_LA_eval/flac/LA_E_8034634.flac,16
/data/DATASETS/ASV_Spoof_2019_LA/ASVspoof2019_LA_eval/flac/LA_E_8035805.flac,16
/data/DATASETS/ASV_Spoof_2019_LA/ASVspoof2019_LA_eval/flac/LA_E_8038586.flac,16
/data/DATASETS/ASV_Spoof_2019_LA/ASVspoof2019_LA_eval/flac/LA_E_8039540.flac,16
/data/DATASETS/ASV_Spoof_2019_LA/ASVspoof2019_LA_eval/flac/LA_E_8040462.flac,16
/data/DATASETS/ASV_Spoof_2019_LA/ASVspoof2019_LA_eval/flac/LA_E_8042307.flac,16
/data/DATASETS/ASV_Spoof_2019_LA/ASVspoof2019_LA_eval/flac/LA_E_8043725.flac,16
/data/DATASETS/ASV_Spoof_2019_LA/ASVspoof2019_LA_eval/flac/LA_E_8045914.flac,16
/data/DATASETS/ASV_Spoof_2019_LA/ASVspoof2019_LA_eval/flac/LA_E_8047280.flac,16
/data/DATASETS/ASV_Spoof_2019_LA/ASVspoof2019_LA_eval/flac/LA_E_8049665.flac,16
/data/DATASETS/ASV_Spoof_2019_LA/ASVspoof2019_LA_eval/flac/LA_E_8053663.flac,16
/data/DATASETS/ASV_Spoof_2019_LA/ASVspoof2019_LA_eval/flac/LA_E_8054093.flac,16
/data/DATASETS/ASV_Spoof_2019_LA/ASVspoof2019_LA_eval/flac/LA_E_8058031.flac,16
/data/DATASETS/ASV_Spoof_2019_LA/ASVspoof2019_LA_eval/flac/LA_E_8059847.flac,16
/data/DATASETS/ASV_Spoof_2019_LA/ASVspoof2019_LA_eval/flac/LA_E_8062899.flac,16
/data/DATASETS/ASV_Spoof_2019_LA/ASVspoof2019_LA_eval/flac/LA_E_8062902.flac,16
/data/DATASETS/ASV_Spoof_2019_LA/ASVspoof2019_LA_eval/flac/LA_E_8071260.flac,16
/data/DATASETS/ASV_Spoof_2019_LA/ASVspoof2019_LA_eval/flac/LA_E_8071819.flac,16
/data/DATASETS/ASV_Spoof_2019_LA/ASVspoof2019_LA_eval/flac/LA_E_8073785.flac,16
/data/DATASETS/ASV_Spoof_2019_LA/ASVspoof2019_LA_eval/flac/LA_E_8074353.flac,16
/data/DATASETS/ASV_Spoof_2019_LA/ASVspoof2019_LA_eval/flac/LA_E_8074981.flac,16
/data/DATASETS/ASV_Spoof_2019_LA/ASVspoof2019_LA_eval/flac/LA_E_8075103.flac,16
/data/DATASETS/ASV_Spoof_2019_LA/ASVspoof2019_LA_eval/flac/LA_E_8076277.flac,16
/data/DATASETS/ASV_Spoof_2019_LA/ASVspoof2019_LA_eval/flac/LA_E_8077019.flac,16
/data/DATASETS/ASV_Spoof_2019_LA/ASVspoof2019_LA_eval/flac/LA_E_8077164.flac,16
/data/DATASETS/ASV_Spoof_2019_LA/ASVspoof2019_LA_eval/flac/LA_E_8077292.flac,16
/data/DATASETS/ASV_Spoof_2019_LA/ASVspoof2019_LA_eval/flac/LA_E_8078748.flac,16
/data/DATASETS/ASV_Spoof_2019_LA/ASVspoof2019_LA_eval/flac/LA_E_8078749.flac,16
/data/DATASETS/ASV_Spoof_2019_LA/ASVspoof2019_LA_eval/flac/LA_E_8080836.flac,16
/data/DATASETS/ASV_Spoof_2019_LA/ASVspoof2019_LA_eval/flac/LA_E_8083226.flac,16
/data/DATASETS/ASV_Spoof_2019_LA/ASVspoof2019_LA_eval/flac/LA_E_8086307.flac,16
/data/DATASETS/ASV_Spoof_2019_LA/ASVspoof2019_LA_eval/flac/LA_E_8088433.flac,16
/data/DATASETS/ASV_Spoof_2019_LA/ASVspoof2019_LA_eval/flac/LA_E_8091023.flac,16
/data/DATASETS/ASV_Spoof_2019_LA/ASVspoof2019_LA_eval/flac/LA_E_8092994.flac,16
/data/DATASETS/ASV_Spoof_2019_LA/ASVspoof2019_LA_eval/flac/LA_E_8096906.flac,16
/data/DATASETS/ASV_Spoof_2019_LA/ASVspoof2019_LA_eval/flac/LA_E_8098375.flac,16
/data/DATASETS/ASV_Spoof_2019_LA/ASVspoof2019_LA_eval/flac/LA_E_8105547.flac,16
/data/DATASETS/ASV_Spoof_2019_LA/ASVspoof2019_LA_eval/flac/LA_E_8111032.flac,16
/data/DATASETS/ASV_Spoof_2019_LA/ASVspoof2019_LA_eval/flac/LA_E_8111630.flac,16
/data/DATASETS/ASV_Spoof_2019_LA/ASVspoof2019_LA_eval/flac/LA_E_8113475.flac,16
/data/DATASETS/ASV_Spoof_2019_LA/ASVspoof2019_LA_eval/flac/LA_E_8114401.flac,16
/data/DATASETS/ASV_Spoof_2019_LA/ASVspoof2019_LA_eval/flac/LA_E_8114557.flac,16
/data/DATASETS/ASV_Spoof_2019_LA/ASVspoof2019_LA_eval/flac/LA_E_8116901.flac,16
/data/DATASETS/ASV_Spoof_2019_LA/ASVspoof2019_LA_eval/flac/LA_E_8122454.flac,16
/data/DATASETS/ASV_Spoof_2019_LA/ASVspoof2019_LA_eval/flac/LA_E_8123385.flac,16
/data/DATASETS/ASV_Spoof_2019_LA/ASVspoof2019_LA_eval/flac/LA_E_8125468.flac,16
/data/DATASETS/ASV_Spoof_2019_LA/ASVspoof2019_LA_eval/flac/LA_E_8127949.flac,16
/data/DATASETS/ASV_Spoof_2019_LA/ASVspoof2019_LA_eval/flac/LA_E_8131328.flac,16
/data/DATASETS/ASV_Spoof_2019_LA/ASVspoof2019_LA_eval/flac/LA_E_8134678.flac,16
/data/DATASETS/ASV_Spoof_2019_LA/ASVspoof2019_LA_eval/flac/LA_E_8136181.flac,16
/data/DATASETS/ASV_Spoof_2019_LA/ASVspoof2019_LA_eval/flac/LA_E_8138888.flac,16
/data/DATASETS/ASV_Spoof_2019_LA/ASVspoof2019_LA_eval/flac/LA_E_8142407.flac,16
/data/DATASETS/ASV_Spoof_2019_LA/ASVspoof2019_LA_eval/flac/LA_E_8143991.flac,16
/data/DATASETS/ASV_Spoof_2019_LA/ASVspoof2019_LA_eval/flac/LA_E_8151968.flac,16
/data/DATASETS/ASV_Spoof_2019_LA/ASVspoof2019_LA_eval/flac/LA_E_8153187.flac,16
/data/DATASETS/ASV_Spoof_2019_LA/ASVspoof2019_LA_eval/flac/LA_E_8154055.flac,16
/data/DATASETS/ASV_Spoof_2019_LA/ASVspoof2019_LA_eval/flac/LA_E_8154420.flac,16
/data/DATASETS/ASV_Spoof_2019_LA/ASVspoof2019_LA_eval/flac/LA_E_8154644.flac,16
/data/DATASETS/ASV_Spoof_2019_LA/ASVspoof2019_LA_eval/flac/LA_E_8155883.flac,16
/data/DATASETS/ASV_Spoof_2019_LA/ASVspoof2019_LA_eval/flac/LA_E_8157155.flac,16
/data/DATASETS/ASV_Spoof_2019_LA/ASVspoof2019_LA_eval/flac/LA_E_8164863.flac,16
/data/DATASETS/ASV_Spoof_2019_LA/ASVspoof2019_LA_eval/flac/LA_E_8165974.flac,16
/data/DATASETS/ASV_Spoof_2019_LA/ASVspoof2019_LA_eval/flac/LA_E_8166598.flac,16
/data/DATASETS/ASV_Spoof_2019_LA/ASVspoof2019_LA_eval/flac/LA_E_8167381.flac,16
/data/DATASETS/ASV_Spoof_2019_LA/ASVspoof2019_LA_eval/flac/LA_E_8168542.flac,16
/data/DATASETS/ASV_Spoof_2019_LA/ASVspoof2019_LA_eval/flac/LA_E_8168735.flac,16
/data/DATASETS/ASV_Spoof_2019_LA/ASVspoof2019_LA_eval/flac/LA_E_8175513.flac,16
/data/DATASETS/ASV_Spoof_2019_LA/ASVspoof2019_LA_eval/flac/LA_E_8176373.flac,16
/data/DATASETS/ASV_Spoof_2019_LA/ASVspoof2019_LA_eval/flac/LA_E_8176937.flac,16
/data/DATASETS/ASV_Spoof_2019_LA/ASVspoof2019_LA_eval/flac/LA_E_8178487.flac,16
/data/DATASETS/ASV_Spoof_2019_LA/ASVspoof2019_LA_eval/flac/LA_E_8180621.flac,16
/data/DATASETS/ASV_Spoof_2019_LA/ASVspoof2019_LA_eval/flac/LA_E_8182184.flac,16
/data/DATASETS/ASV_Spoof_2019_LA/ASVspoof2019_LA_eval/flac/LA_E_8182601.flac,16
/data/DATASETS/ASV_Spoof_2019_LA/ASVspoof2019_LA_eval/flac/LA_E_8185888.flac,16
/data/DATASETS/ASV_Spoof_2019_LA/ASVspoof2019_LA_eval/flac/LA_E_8185910.flac,16
/data/DATASETS/ASV_Spoof_2019_LA/ASVspoof2019_LA_eval/flac/LA_E_8188457.flac,16
/data/DATASETS/ASV_Spoof_2019_LA/ASVspoof2019_LA_eval/flac/LA_E_8188638.flac,16
/data/DATASETS/ASV_Spoof_2019_LA/ASVspoof2019_LA_eval/flac/LA_E_8190016.flac,16
/data/DATASETS/ASV_Spoof_2019_LA/ASVspoof2019_LA_eval/flac/LA_E_8194498.flac,16
/data/DATASETS/ASV_Spoof_2019_LA/ASVspoof2019_LA_eval/flac/LA_E_8195162.flac,16
/data/DATASETS/ASV_Spoof_2019_LA/ASVspoof2019_LA_eval/flac/LA_E_8196689.flac,16
/data/DATASETS/ASV_Spoof_2019_LA/ASVspoof2019_LA_eval/flac/LA_E_8201051.flac,16
/data/DATASETS/ASV_Spoof_2019_LA/ASVspoof2019_LA_eval/flac/LA_E_8205453.flac,16
/data/DATASETS/ASV_Spoof_2019_LA/ASVspoof2019_LA_eval/flac/LA_E_8205784.flac,16
/data/DATASETS/ASV_Spoof_2019_LA/ASVspoof2019_LA_eval/flac/LA_E_8206846.flac,16
/data/DATASETS/ASV_Spoof_2019_LA/ASVspoof2019_LA_eval/flac/LA_E_8210021.flac,16
/data/DATASETS/ASV_Spoof_2019_LA/ASVspoof2019_LA_eval/flac/LA_E_8210704.flac,16
/data/DATASETS/ASV_Spoof_2019_LA/ASVspoof2019_LA_eval/flac/LA_E_8211236.flac,16
/data/DATASETS/ASV_Spoof_2019_LA/ASVspoof2019_LA_eval/flac/LA_E_8212123.flac,16
/data/DATASETS/ASV_Spoof_2019_LA/ASVspoof2019_LA_eval/flac/LA_E_8214738.flac,16
/data/DATASETS/ASV_Spoof_2019_LA/ASVspoof2019_LA_eval/flac/LA_E_8223053.flac,16
/data/DATASETS/ASV_Spoof_2019_LA/ASVspoof2019_LA_eval/flac/LA_E_8224998.flac,16
/data/DATASETS/ASV_Spoof_2019_LA/ASVspoof2019_LA_eval/flac/LA_E_8225910.flac,16
/data/DATASETS/ASV_Spoof_2019_LA/ASVspoof2019_LA_eval/flac/LA_E_8226901.flac,16
/data/DATASETS/ASV_Spoof_2019_LA/ASVspoof2019_LA_eval/flac/LA_E_8228158.flac,16
/data/DATASETS/ASV_Spoof_2019_LA/ASVspoof2019_LA_eval/flac/LA_E_8228945.flac,16
/data/DATASETS/ASV_Spoof_2019_LA/ASVspoof2019_LA_eval/flac/LA_E_8229244.flac,16
/data/DATASETS/ASV_Spoof_2019_LA/ASVspoof2019_LA_eval/flac/LA_E_8231561.flac,16
/data/DATASETS/ASV_Spoof_2019_LA/ASVspoof2019_LA_eval/flac/LA_E_8231574.flac,16
/data/DATASETS/ASV_Spoof_2019_LA/ASVspoof2019_LA_eval/flac/LA_E_8231783.flac,16
/data/DATASETS/ASV_Spoof_2019_LA/ASVspoof2019_LA_eval/flac/LA_E_8232056.flac,16
/data/DATASETS/ASV_Spoof_2019_LA/ASVspoof2019_LA_eval/flac/LA_E_8232672.flac,16
/data/DATASETS/ASV_Spoof_2019_LA/ASVspoof2019_LA_eval/flac/LA_E_8233011.flac,16
/data/DATASETS/ASV_Spoof_2019_LA/ASVspoof2019_LA_eval/flac/LA_E_8234414.flac,16
/data/DATASETS/ASV_Spoof_2019_LA/ASVspoof2019_LA_eval/flac/LA_E_8236995.flac,16
/data/DATASETS/ASV_Spoof_2019_LA/ASVspoof2019_LA_eval/flac/LA_E_8237033.flac,16
/data/DATASETS/ASV_Spoof_2019_LA/ASVspoof2019_LA_eval/flac/LA_E_8237579.flac,16
/data/DATASETS/ASV_Spoof_2019_LA/ASVspoof2019_LA_eval/flac/LA_E_8238784.flac,16
/data/DATASETS/ASV_Spoof_2019_LA/ASVspoof2019_LA_eval/flac/LA_E_8239195.flac,16
/data/DATASETS/ASV_Spoof_2019_LA/ASVspoof2019_LA_eval/flac/LA_E_8239391.flac,16
/data/DATASETS/ASV_Spoof_2019_LA/ASVspoof2019_LA_eval/flac/LA_E_8240755.flac,16
/data/DATASETS/ASV_Spoof_2019_LA/ASVspoof2019_LA_eval/flac/LA_E_8241451.flac,16
/data/DATASETS/ASV_Spoof_2019_LA/ASVspoof2019_LA_eval/flac/LA_E_8241717.flac,16
/data/DATASETS/ASV_Spoof_2019_LA/ASVspoof2019_LA_eval/flac/LA_E_8242141.flac,16
/data/DATASETS/ASV_Spoof_2019_LA/ASVspoof2019_LA_eval/flac/LA_E_8243211.flac,16
/data/DATASETS/ASV_Spoof_2019_LA/ASVspoof2019_LA_eval/flac/LA_E_8245067.flac,16
/data/DATASETS/ASV_Spoof_2019_LA/ASVspoof2019_LA_eval/flac/LA_E_8247038.flac,16
/data/DATASETS/ASV_Spoof_2019_LA/ASVspoof2019_LA_eval/flac/LA_E_8251692.flac,16
/data/DATASETS/ASV_Spoof_2019_LA/ASVspoof2019_LA_eval/flac/LA_E_8253816.flac,16
/data/DATASETS/ASV_Spoof_2019_LA/ASVspoof2019_LA_eval/flac/LA_E_8255295.flac,16
/data/DATASETS/ASV_Spoof_2019_LA/ASVspoof2019_LA_eval/flac/LA_E_8255336.flac,16
/data/DATASETS/ASV_Spoof_2019_LA/ASVspoof2019_LA_eval/flac/LA_E_8256022.flac,16
/data/DATASETS/ASV_Spoof_2019_LA/ASVspoof2019_LA_eval/flac/LA_E_8258385.flac,16
/data/DATASETS/ASV_Spoof_2019_LA/ASVspoof2019_LA_eval/flac/LA_E_8258421.flac,16
/data/DATASETS/ASV_Spoof_2019_LA/ASVspoof2019_LA_eval/flac/LA_E_8260002.flac,16
/data/DATASETS/ASV_Spoof_2019_LA/ASVspoof2019_LA_eval/flac/LA_E_8260293.flac,16
/data/DATASETS/ASV_Spoof_2019_LA/ASVspoof2019_LA_eval/flac/LA_E_8264202.flac,16
/data/DATASETS/ASV_Spoof_2019_LA/ASVspoof2019_LA_eval/flac/LA_E_8264854.flac,16
/data/DATASETS/ASV_Spoof_2019_LA/ASVspoof2019_LA_eval/flac/LA_E_8266571.flac,16
/data/DATASETS/ASV_Spoof_2019_LA/ASVspoof2019_LA_eval/flac/LA_E_8268199.flac,16
/data/DATASETS/ASV_Spoof_2019_LA/ASVspoof2019_LA_eval/flac/LA_E_8268436.flac,16
/data/DATASETS/ASV_Spoof_2019_LA/ASVspoof2019_LA_eval/flac/LA_E_8271891.flac,16
/data/DATASETS/ASV_Spoof_2019_LA/ASVspoof2019_LA_eval/flac/LA_E_8272698.flac,16
/data/DATASETS/ASV_Spoof_2019_LA/ASVspoof2019_LA_eval/flac/LA_E_8273084.flac,16
/data/DATASETS/ASV_Spoof_2019_LA/ASVspoof2019_LA_eval/flac/LA_E_8275643.flac,16
/data/DATASETS/ASV_Spoof_2019_LA/ASVspoof2019_LA_eval/flac/LA_E_8275947.flac,16
/data/DATASETS/ASV_Spoof_2019_LA/ASVspoof2019_LA_eval/flac/LA_E_8276710.flac,16
/data/DATASETS/ASV_Spoof_2019_LA/ASVspoof2019_LA_eval/flac/LA_E_8277085.flac,16
/data/DATASETS/ASV_Spoof_2019_LA/ASVspoof2019_LA_eval/flac/LA_E_8277917.flac,16
/data/DATASETS/ASV_Spoof_2019_LA/ASVspoof2019_LA_eval/flac/LA_E_8279553.flac,16
/data/DATASETS/ASV_Spoof_2019_LA/ASVspoof2019_LA_eval/flac/LA_E_8280104.flac,16
/data/DATASETS/ASV_Spoof_2019_LA/ASVspoof2019_LA_eval/flac/LA_E_8280813.flac,16
/data/DATASETS/ASV_Spoof_2019_LA/ASVspoof2019_LA_eval/flac/LA_E_8285572.flac,16
/data/DATASETS/ASV_Spoof_2019_LA/ASVspoof2019_LA_eval/flac/LA_E_8287131.flac,16
/data/DATASETS/ASV_Spoof_2019_LA/ASVspoof2019_LA_eval/flac/LA_E_8287418.flac,16
/data/DATASETS/ASV_Spoof_2019_LA/ASVspoof2019_LA_eval/flac/LA_E_8287780.flac,16
/data/DATASETS/ASV_Spoof_2019_LA/ASVspoof2019_LA_eval/flac/LA_E_8291503.flac,16
/data/DATASETS/ASV_Spoof_2019_LA/ASVspoof2019_LA_eval/flac/LA_E_8293312.flac,16
/data/DATASETS/ASV_Spoof_2019_LA/ASVspoof2019_LA_eval/flac/LA_E_8296367.flac,16
/data/DATASETS/ASV_Spoof_2019_LA/ASVspoof2019_LA_eval/flac/LA_E_8297881.flac,16
/data/DATASETS/ASV_Spoof_2019_LA/ASVspoof2019_LA_eval/flac/LA_E_8298743.flac,16
/data/DATASETS/ASV_Spoof_2019_LA/ASVspoof2019_LA_eval/flac/LA_E_8299135.flac,16
/data/DATASETS/ASV_Spoof_2019_LA/ASVspoof2019_LA_eval/flac/LA_E_8303978.flac,16
/data/DATASETS/ASV_Spoof_2019_LA/ASVspoof2019_LA_eval/flac/LA_E_8307587.flac,16
/data/DATASETS/ASV_Spoof_2019_LA/ASVspoof2019_LA_eval/flac/LA_E_8310876.flac,16
/data/DATASETS/ASV_Spoof_2019_LA/ASVspoof2019_LA_eval/flac/LA_E_8313387.flac,16
/data/DATASETS/ASV_Spoof_2019_LA/ASVspoof2019_LA_eval/flac/LA_E_8314753.flac,16
/data/DATASETS/ASV_Spoof_2019_LA/ASVspoof2019_LA_eval/flac/LA_E_8320445.flac,16
/data/DATASETS/ASV_Spoof_2019_LA/ASVspoof2019_LA_eval/flac/LA_E_8323492.flac,16
/data/DATASETS/ASV_Spoof_2019_LA/ASVspoof2019_LA_eval/flac/LA_E_8324829.flac,16
/data/DATASETS/ASV_Spoof_2019_LA/ASVspoof2019_LA_eval/flac/LA_E_8326551.flac,16
/data/DATASETS/ASV_Spoof_2019_LA/ASVspoof2019_LA_eval/flac/LA_E_8328061.flac,16
/data/DATASETS/ASV_Spoof_2019_LA/ASVspoof2019_LA_eval/flac/LA_E_8331705.flac,16
/data/DATASETS/ASV_Spoof_2019_LA/ASVspoof2019_LA_eval/flac/LA_E_8336826.flac,16
/data/DATASETS/ASV_Spoof_2019_LA/ASVspoof2019_LA_eval/flac/LA_E_8337651.flac,16
/data/DATASETS/ASV_Spoof_2019_LA/ASVspoof2019_LA_eval/flac/LA_E_8339257.flac,16
/data/DATASETS/ASV_Spoof_2019_LA/ASVspoof2019_LA_eval/flac/LA_E_8339359.flac,16
/data/DATASETS/ASV_Spoof_2019_LA/ASVspoof2019_LA_eval/flac/LA_E_8342966.flac,16
/data/DATASETS/ASV_Spoof_2019_LA/ASVspoof2019_LA_eval/flac/LA_E_8343650.flac,16
/data/DATASETS/ASV_Spoof_2019_LA/ASVspoof2019_LA_eval/flac/LA_E_8345279.flac,16
/data/DATASETS/ASV_Spoof_2019_LA/ASVspoof2019_LA_eval/flac/LA_E_8346275.flac,16
/data/DATASETS/ASV_Spoof_2019_LA/ASVspoof2019_LA_eval/flac/LA_E_8346710.flac,16
/data/DATASETS/ASV_Spoof_2019_LA/ASVspoof2019_LA_eval/flac/LA_E_8349569.flac,16
/data/DATASETS/ASV_Spoof_2019_LA/ASVspoof2019_LA_eval/flac/LA_E_8351361.flac,16
/data/DATASETS/ASV_Spoof_2019_LA/ASVspoof2019_LA_eval/flac/LA_E_8351611.flac,16
/data/DATASETS/ASV_Spoof_2019_LA/ASVspoof2019_LA_eval/flac/LA_E_8354176.flac,16
/data/DATASETS/ASV_Spoof_2019_LA/ASVspoof2019_LA_eval/flac/LA_E_8354736.flac,16
/data/DATASETS/ASV_Spoof_2019_LA/ASVspoof2019_LA_eval/flac/LA_E_8355478.flac,16
/data/DATASETS/ASV_Spoof_2019_LA/ASVspoof2019_LA_eval/flac/LA_E_8359601.flac,16
/data/DATASETS/ASV_Spoof_2019_LA/ASVspoof2019_LA_eval/flac/LA_E_8362370.flac,16
/data/DATASETS/ASV_Spoof_2019_LA/ASVspoof2019_LA_eval/flac/LA_E_8363307.flac,16
/data/DATASETS/ASV_Spoof_2019_LA/ASVspoof2019_LA_eval/flac/LA_E_8365581.flac,16
/data/DATASETS/ASV_Spoof_2019_LA/ASVspoof2019_LA_eval/flac/LA_E_8368797.flac,16
/data/DATASETS/ASV_Spoof_2019_LA/ASVspoof2019_LA_eval/flac/LA_E_8370013.flac,16
/data/DATASETS/ASV_Spoof_2019_LA/ASVspoof2019_LA_eval/flac/LA_E_8370563.flac,16
/data/DATASETS/ASV_Spoof_2019_LA/ASVspoof2019_LA_eval/flac/LA_E_8372564.flac,16
/data/DATASETS/ASV_Spoof_2019_LA/ASVspoof2019_LA_eval/flac/LA_E_8373498.flac,16
/data/DATASETS/ASV_Spoof_2019_LA/ASVspoof2019_LA_eval/flac/LA_E_8374078.flac,16
/data/DATASETS/ASV_Spoof_2019_LA/ASVspoof2019_LA_eval/flac/LA_E_8375133.flac,16
/data/DATASETS/ASV_Spoof_2019_LA/ASVspoof2019_LA_eval/flac/LA_E_8376231.flac,16
/data/DATASETS/ASV_Spoof_2019_LA/ASVspoof2019_LA_eval/flac/LA_E_8376405.flac,16
/data/DATASETS/ASV_Spoof_2019_LA/ASVspoof2019_LA_eval/flac/LA_E_8376772.flac,16
/data/DATASETS/ASV_Spoof_2019_LA/ASVspoof2019_LA_eval/flac/LA_E_8376811.flac,16
/data/DATASETS/ASV_Spoof_2019_LA/ASVspoof2019_LA_eval/flac/LA_E_8378151.flac,16
/data/DATASETS/ASV_Spoof_2019_LA/ASVspoof2019_LA_eval/flac/LA_E_8378710.flac,16
/data/DATASETS/ASV_Spoof_2019_LA/ASVspoof2019_LA_eval/flac/LA_E_8378887.flac,16
/data/DATASETS/ASV_Spoof_2019_LA/ASVspoof2019_LA_eval/flac/LA_E_8380530.flac,16
/data/DATASETS/ASV_Spoof_2019_LA/ASVspoof2019_LA_eval/flac/LA_E_8381200.flac,16
/data/DATASETS/ASV_Spoof_2019_LA/ASVspoof2019_LA_eval/flac/LA_E_8383975.flac,16
/data/DATASETS/ASV_Spoof_2019_LA/ASVspoof2019_LA_eval/flac/LA_E_8385656.flac,16
/data/DATASETS/ASV_Spoof_2019_LA/ASVspoof2019_LA_eval/flac/LA_E_8387210.flac,16
/data/DATASETS/ASV_Spoof_2019_LA/ASVspoof2019_LA_eval/flac/LA_E_8389508.flac,16
/data/DATASETS/ASV_Spoof_2019_LA/ASVspoof2019_LA_eval/flac/LA_E_8391766.flac,16
/data/DATASETS/ASV_Spoof_2019_LA/ASVspoof2019_LA_eval/flac/LA_E_8391830.flac,16
/data/DATASETS/ASV_Spoof_2019_LA/ASVspoof2019_LA_eval/flac/LA_E_8394231.flac,16
/data/DATASETS/ASV_Spoof_2019_LA/ASVspoof2019_LA_eval/flac/LA_E_8394463.flac,16
/data/DATASETS/ASV_Spoof_2019_LA/ASVspoof2019_LA_eval/flac/LA_E_8394958.flac,16
/data/DATASETS/ASV_Spoof_2019_LA/ASVspoof2019_LA_eval/flac/LA_E_8395817.flac,16
/data/DATASETS/ASV_Spoof_2019_LA/ASVspoof2019_LA_eval/flac/LA_E_8401341.flac,16
/data/DATASETS/ASV_Spoof_2019_LA/ASVspoof2019_LA_eval/flac/LA_E_8402789.flac,16
/data/DATASETS/ASV_Spoof_2019_LA/ASVspoof2019_LA_eval/flac/LA_E_8403791.flac,16
/data/DATASETS/ASV_Spoof_2019_LA/ASVspoof2019_LA_eval/flac/LA_E_8404438.flac,16
/data/DATASETS/ASV_Spoof_2019_LA/ASVspoof2019_LA_eval/flac/LA_E_8405490.flac,16
/data/DATASETS/ASV_Spoof_2019_LA/ASVspoof2019_LA_eval/flac/LA_E_8409386.flac,16
/data/DATASETS/ASV_Spoof_2019_LA/ASVspoof2019_LA_eval/flac/LA_E_8410331.flac,16
/data/DATASETS/ASV_Spoof_2019_LA/ASVspoof2019_LA_eval/flac/LA_E_8416001.flac,16
/data/DATASETS/ASV_Spoof_2019_LA/ASVspoof2019_LA_eval/flac/LA_E_8417609.flac,16
/data/DATASETS/ASV_Spoof_2019_LA/ASVspoof2019_LA_eval/flac/LA_E_8418359.flac,16
/data/DATASETS/ASV_Spoof_2019_LA/ASVspoof2019_LA_eval/flac/LA_E_8420807.flac,16
/data/DATASETS/ASV_Spoof_2019_LA/ASVspoof2019_LA_eval/flac/LA_E_8425403.flac,16
/data/DATASETS/ASV_Spoof_2019_LA/ASVspoof2019_LA_eval/flac/LA_E_8427821.flac,16
/data/DATASETS/ASV_Spoof_2019_LA/ASVspoof2019_LA_eval/flac/LA_E_8429694.flac,16
/data/DATASETS/ASV_Spoof_2019_LA/ASVspoof2019_LA_eval/flac/LA_E_8435046.flac,16
/data/DATASETS/ASV_Spoof_2019_LA/ASVspoof2019_LA_eval/flac/LA_E_8438630.flac,16
/data/DATASETS/ASV_Spoof_2019_LA/ASVspoof2019_LA_eval/flac/LA_E_8438777.flac,16
/data/DATASETS/ASV_Spoof_2019_LA/ASVspoof2019_LA_eval/flac/LA_E_8439565.flac,16
/data/DATASETS/ASV_Spoof_2019_LA/ASVspoof2019_LA_eval/flac/LA_E_8439911.flac,16
/data/DATASETS/ASV_Spoof_2019_LA/ASVspoof2019_LA_eval/flac/LA_E_8440043.flac,16
/data/DATASETS/ASV_Spoof_2019_LA/ASVspoof2019_LA_eval/flac/LA_E_8440093.flac,16
/data/DATASETS/ASV_Spoof_2019_LA/ASVspoof2019_LA_eval/flac/LA_E_8442086.flac,16
/data/DATASETS/ASV_Spoof_2019_LA/ASVspoof2019_LA_eval/flac/LA_E_8442092.flac,16
/data/DATASETS/ASV_Spoof_2019_LA/ASVspoof2019_LA_eval/flac/LA_E_8444154.flac,16
/data/DATASETS/ASV_Spoof_2019_LA/ASVspoof2019_LA_eval/flac/LA_E_8445551.flac,16
/data/DATASETS/ASV_Spoof_2019_LA/ASVspoof2019_LA_eval/flac/LA_E_8447288.flac,16
/data/DATASETS/ASV_Spoof_2019_LA/ASVspoof2019_LA_eval/flac/LA_E_8448121.flac,16
/data/DATASETS/ASV_Spoof_2019_LA/ASVspoof2019_LA_eval/flac/LA_E_8449006.flac,16
/data/DATASETS/ASV_Spoof_2019_LA/ASVspoof2019_LA_eval/flac/LA_E_8449593.flac,16
/data/DATASETS/ASV_Spoof_2019_LA/ASVspoof2019_LA_eval/flac/LA_E_8452841.flac,16
/data/DATASETS/ASV_Spoof_2019_LA/ASVspoof2019_LA_eval/flac/LA_E_8454495.flac,16
/data/DATASETS/ASV_Spoof_2019_LA/ASVspoof2019_LA_eval/flac/LA_E_8457200.flac,16
/data/DATASETS/ASV_Spoof_2019_LA/ASVspoof2019_LA_eval/flac/LA_E_8457488.flac,16
/data/DATASETS/ASV_Spoof_2019_LA/ASVspoof2019_LA_eval/flac/LA_E_8459532.flac,16
/data/DATASETS/ASV_Spoof_2019_LA/ASVspoof2019_LA_eval/flac/LA_E_8460419.flac,16
/data/DATASETS/ASV_Spoof_2019_LA/ASVspoof2019_LA_eval/flac/LA_E_8463451.flac,16
/data/DATASETS/ASV_Spoof_2019_LA/ASVspoof2019_LA_eval/flac/LA_E_8464799.flac,16
/data/DATASETS/ASV_Spoof_2019_LA/ASVspoof2019_LA_eval/flac/LA_E_8467831.flac,16
/data/DATASETS/ASV_Spoof_2019_LA/ASVspoof2019_LA_eval/flac/LA_E_8469145.flac,16
/data/DATASETS/ASV_Spoof_2019_LA/ASVspoof2019_LA_eval/flac/LA_E_8472353.flac,16
/data/DATASETS/ASV_Spoof_2019_LA/ASVspoof2019_LA_eval/flac/LA_E_8478076.flac,16
/data/DATASETS/ASV_Spoof_2019_LA/ASVspoof2019_LA_eval/flac/LA_E_8478666.flac,16
/data/DATASETS/ASV_Spoof_2019_LA/ASVspoof2019_LA_eval/flac/LA_E_8480292.flac,16
/data/DATASETS/ASV_Spoof_2019_LA/ASVspoof2019_LA_eval/flac/LA_E_8480584.flac,16
/data/DATASETS/ASV_Spoof_2019_LA/ASVspoof2019_LA_eval/flac/LA_E_8482904.flac,16
/data/DATASETS/ASV_Spoof_2019_LA/ASVspoof2019_LA_eval/flac/LA_E_8486234.flac,16
/data/DATASETS/ASV_Spoof_2019_LA/ASVspoof2019_LA_eval/flac/LA_E_8486543.flac,16
/data/DATASETS/ASV_Spoof_2019_LA/ASVspoof2019_LA_eval/flac/LA_E_8487722.flac,16
/data/DATASETS/ASV_Spoof_2019_LA/ASVspoof2019_LA_eval/flac/LA_E_8487804.flac,16
/data/DATASETS/ASV_Spoof_2019_LA/ASVspoof2019_LA_eval/flac/LA_E_8488223.flac,16
/data/DATASETS/ASV_Spoof_2019_LA/ASVspoof2019_LA_eval/flac/LA_E_8488619.flac,16
/data/DATASETS/ASV_Spoof_2019_LA/ASVspoof2019_LA_eval/flac/LA_E_8490129.flac,16
/data/DATASETS/ASV_Spoof_2019_LA/ASVspoof2019_LA_eval/flac/LA_E_8490415.flac,16
/data/DATASETS/ASV_Spoof_2019_LA/ASVspoof2019_LA_eval/flac/LA_E_8491595.flac,16
/data/DATASETS/ASV_Spoof_2019_LA/ASVspoof2019_LA_eval/flac/LA_E_8493123.flac,16
/data/DATASETS/ASV_Spoof_2019_LA/ASVspoof2019_LA_eval/flac/LA_E_8493131.flac,16
/data/DATASETS/ASV_Spoof_2019_LA/ASVspoof2019_LA_eval/flac/LA_E_8493132.flac,16
/data/DATASETS/ASV_Spoof_2019_LA/ASVspoof2019_LA_eval/flac/LA_E_8494233.flac,16
/data/DATASETS/ASV_Spoof_2019_LA/ASVspoof2019_LA_eval/flac/LA_E_8495398.flac,16
/data/DATASETS/ASV_Spoof_2019_LA/ASVspoof2019_LA_eval/flac/LA_E_8500018.flac,16
/data/DATASETS/ASV_Spoof_2019_LA/ASVspoof2019_LA_eval/flac/LA_E_8500726.flac,16
/data/DATASETS/ASV_Spoof_2019_LA/ASVspoof2019_LA_eval/flac/LA_E_8500874.flac,16
/data/DATASETS/ASV_Spoof_2019_LA/ASVspoof2019_LA_eval/flac/LA_E_8507470.flac,16
/data/DATASETS/ASV_Spoof_2019_LA/ASVspoof2019_LA_eval/flac/LA_E_8522631.flac,16
/data/DATASETS/ASV_Spoof_2019_LA/ASVspoof2019_LA_eval/flac/LA_E_8523007.flac,16
/data/DATASETS/ASV_Spoof_2019_LA/ASVspoof2019_LA_eval/flac/LA_E_8525608.flac,16
/data/DATASETS/ASV_Spoof_2019_LA/ASVspoof2019_LA_eval/flac/LA_E_8529833.flac,16
/data/DATASETS/ASV_Spoof_2019_LA/ASVspoof2019_LA_eval/flac/LA_E_8531660.flac,16
/data/DATASETS/ASV_Spoof_2019_LA/ASVspoof2019_LA_eval/flac/LA_E_8533431.flac,16
/data/DATASETS/ASV_Spoof_2019_LA/ASVspoof2019_LA_eval/flac/LA_E_8533952.flac,16
/data/DATASETS/ASV_Spoof_2019_LA/ASVspoof2019_LA_eval/flac/LA_E_8537346.flac,16
/data/DATASETS/ASV_Spoof_2019_LA/ASVspoof2019_LA_eval/flac/LA_E_8540681.flac,16
/data/DATASETS/ASV_Spoof_2019_LA/ASVspoof2019_LA_eval/flac/LA_E_8540906.flac,16
/data/DATASETS/ASV_Spoof_2019_LA/ASVspoof2019_LA_eval/flac/LA_E_8546256.flac,16
/data/DATASETS/ASV_Spoof_2019_LA/ASVspoof2019_LA_eval/flac/LA_E_8547215.flac,16
/data/DATASETS/ASV_Spoof_2019_LA/ASVspoof2019_LA_eval/flac/LA_E_8548465.flac,16
/data/DATASETS/ASV_Spoof_2019_LA/ASVspoof2019_LA_eval/flac/LA_E_8553820.flac,16
/data/DATASETS/ASV_Spoof_2019_LA/ASVspoof2019_LA_eval/flac/LA_E_8554691.flac,16
/data/DATASETS/ASV_Spoof_2019_LA/ASVspoof2019_LA_eval/flac/LA_E_8556830.flac,16
/data/DATASETS/ASV_Spoof_2019_LA/ASVspoof2019_LA_eval/flac/LA_E_8558412.flac,16
/data/DATASETS/ASV_Spoof_2019_LA/ASVspoof2019_LA_eval/flac/LA_E_8560803.flac,16
/data/DATASETS/ASV_Spoof_2019_LA/ASVspoof2019_LA_eval/flac/LA_E_8562856.flac,16
/data/DATASETS/ASV_Spoof_2019_LA/ASVspoof2019_LA_eval/flac/LA_E_8563971.flac,16
/data/DATASETS/ASV_Spoof_2019_LA/ASVspoof2019_LA_eval/flac/LA_E_8564704.flac,16
/data/DATASETS/ASV_Spoof_2019_LA/ASVspoof2019_LA_eval/flac/LA_E_8565295.flac,16
/data/DATASETS/ASV_Spoof_2019_LA/ASVspoof2019_LA_eval/flac/LA_E_8567642.flac,16
/data/DATASETS/ASV_Spoof_2019_LA/ASVspoof2019_LA_eval/flac/LA_E_8571644.flac,16
/data/DATASETS/ASV_Spoof_2019_LA/ASVspoof2019_LA_eval/flac/LA_E_8571961.flac,16
/data/DATASETS/ASV_Spoof_2019_LA/ASVspoof2019_LA_eval/flac/LA_E_8572550.flac,16
/data/DATASETS/ASV_Spoof_2019_LA/ASVspoof2019_LA_eval/flac/LA_E_8575093.flac,16
/data/DATASETS/ASV_Spoof_2019_LA/ASVspoof2019_LA_eval/flac/LA_E_8575170.flac,16
/data/DATASETS/ASV_Spoof_2019_LA/ASVspoof2019_LA_eval/flac/LA_E_8575455.flac,16
/data/DATASETS/ASV_Spoof_2019_LA/ASVspoof2019_LA_eval/flac/LA_E_8575648.flac,16
/data/DATASETS/ASV_Spoof_2019_LA/ASVspoof2019_LA_eval/flac/LA_E_8576498.flac,16
/data/DATASETS/ASV_Spoof_2019_LA/ASVspoof2019_LA_eval/flac/LA_E_8576953.flac,16
/data/DATASETS/ASV_Spoof_2019_LA/ASVspoof2019_LA_eval/flac/LA_E_8578836.flac,16
/data/DATASETS/ASV_Spoof_2019_LA/ASVspoof2019_LA_eval/flac/LA_E_8580675.flac,16
/data/DATASETS/ASV_Spoof_2019_LA/ASVspoof2019_LA_eval/flac/LA_E_8581811.flac,16
/data/DATASETS/ASV_Spoof_2019_LA/ASVspoof2019_LA_eval/flac/LA_E_8582453.flac,16
/data/DATASETS/ASV_Spoof_2019_LA/ASVspoof2019_LA_eval/flac/LA_E_8584612.flac,16
/data/DATASETS/ASV_Spoof_2019_LA/ASVspoof2019_LA_eval/flac/LA_E_8589602.flac,16
/data/DATASETS/ASV_Spoof_2019_LA/ASVspoof2019_LA_eval/flac/LA_E_8590033.flac,16
/data/DATASETS/ASV_Spoof_2019_LA/ASVspoof2019_LA_eval/flac/LA_E_8590436.flac,16
/data/DATASETS/ASV_Spoof_2019_LA/ASVspoof2019_LA_eval/flac/LA_E_8591714.flac,16
/data/DATASETS/ASV_Spoof_2019_LA/ASVspoof2019_LA_eval/flac/LA_E_8594546.flac,16
/data/DATASETS/ASV_Spoof_2019_LA/ASVspoof2019_LA_eval/flac/LA_E_8596349.flac,16
/data/DATASETS/ASV_Spoof_2019_LA/ASVspoof2019_LA_eval/flac/LA_E_8600655.flac,16
/data/DATASETS/ASV_Spoof_2019_LA/ASVspoof2019_LA_eval/flac/LA_E_8601000.flac,16
/data/DATASETS/ASV_Spoof_2019_LA/ASVspoof2019_LA_eval/flac/LA_E_8601794.flac,16
/data/DATASETS/ASV_Spoof_2019_LA/ASVspoof2019_LA_eval/flac/LA_E_8602174.flac,16
/data/DATASETS/ASV_Spoof_2019_LA/ASVspoof2019_LA_eval/flac/LA_E_8603691.flac,16
/data/DATASETS/ASV_Spoof_2019_LA/ASVspoof2019_LA_eval/flac/LA_E_8605119.flac,16
/data/DATASETS/ASV_Spoof_2019_LA/ASVspoof2019_LA_eval/flac/LA_E_8607091.flac,16
/data/DATASETS/ASV_Spoof_2019_LA/ASVspoof2019_LA_eval/flac/LA_E_8607494.flac,16
/data/DATASETS/ASV_Spoof_2019_LA/ASVspoof2019_LA_eval/flac/LA_E_8610256.flac,16
/data/DATASETS/ASV_Spoof_2019_LA/ASVspoof2019_LA_eval/flac/LA_E_8611338.flac,16
/data/DATASETS/ASV_Spoof_2019_LA/ASVspoof2019_LA_eval/flac/LA_E_8614191.flac,16
/data/DATASETS/ASV_Spoof_2019_LA/ASVspoof2019_LA_eval/flac/LA_E_8614561.flac,16
/data/DATASETS/ASV_Spoof_2019_LA/ASVspoof2019_LA_eval/flac/LA_E_8615485.flac,16
/data/DATASETS/ASV_Spoof_2019_LA/ASVspoof2019_LA_eval/flac/LA_E_8618551.flac,16
/data/DATASETS/ASV_Spoof_2019_LA/ASVspoof2019_LA_eval/flac/LA_E_8618763.flac,16
/data/DATASETS/ASV_Spoof_2019_LA/ASVspoof2019_LA_eval/flac/LA_E_8621668.flac,16
/data/DATASETS/ASV_Spoof_2019_LA/ASVspoof2019_LA_eval/flac/LA_E_8623134.flac,16
/data/DATASETS/ASV_Spoof_2019_LA/ASVspoof2019_LA_eval/flac/LA_E_8633014.flac,16
/data/DATASETS/ASV_Spoof_2019_LA/ASVspoof2019_LA_eval/flac/LA_E_8635358.flac,16
/data/DATASETS/ASV_Spoof_2019_LA/ASVspoof2019_LA_eval/flac/LA_E_8636666.flac,16
/data/DATASETS/ASV_Spoof_2019_LA/ASVspoof2019_LA_eval/flac/LA_E_8638869.flac,16
/data/DATASETS/ASV_Spoof_2019_LA/ASVspoof2019_LA_eval/flac/LA_E_8642303.flac,16
/data/DATASETS/ASV_Spoof_2019_LA/ASVspoof2019_LA_eval/flac/LA_E_8644513.flac,16
/data/DATASETS/ASV_Spoof_2019_LA/ASVspoof2019_LA_eval/flac/LA_E_8647713.flac,16
/data/DATASETS/ASV_Spoof_2019_LA/ASVspoof2019_LA_eval/flac/LA_E_8649135.flac,16
/data/DATASETS/ASV_Spoof_2019_LA/ASVspoof2019_LA_eval/flac/LA_E_8649987.flac,16
/data/DATASETS/ASV_Spoof_2019_LA/ASVspoof2019_LA_eval/flac/LA_E_8659341.flac,16
/data/DATASETS/ASV_Spoof_2019_LA/ASVspoof2019_LA_eval/flac/LA_E_8660859.flac,16
/data/DATASETS/ASV_Spoof_2019_LA/ASVspoof2019_LA_eval/flac/LA_E_8661256.flac,16
/data/DATASETS/ASV_Spoof_2019_LA/ASVspoof2019_LA_eval/flac/LA_E_8662499.flac,16
/data/DATASETS/ASV_Spoof_2019_LA/ASVspoof2019_LA_eval/flac/LA_E_8663268.flac,16
/data/DATASETS/ASV_Spoof_2019_LA/ASVspoof2019_LA_eval/flac/LA_E_8664072.flac,16
/data/DATASETS/ASV_Spoof_2019_LA/ASVspoof2019_LA_eval/flac/LA_E_8664240.flac,16
/data/DATASETS/ASV_Spoof_2019_LA/ASVspoof2019_LA_eval/flac/LA_E_8664284.flac,16
/data/DATASETS/ASV_Spoof_2019_LA/ASVspoof2019_LA_eval/flac/LA_E_8667381.flac,16
/data/DATASETS/ASV_Spoof_2019_LA/ASVspoof2019_LA_eval/flac/LA_E_8667916.flac,16
/data/DATASETS/ASV_Spoof_2019_LA/ASVspoof2019_LA_eval/flac/LA_E_8668565.flac,16
/data/DATASETS/ASV_Spoof_2019_LA/ASVspoof2019_LA_eval/flac/LA_E_8668615.flac,16
/data/DATASETS/ASV_Spoof_2019_LA/ASVspoof2019_LA_eval/flac/LA_E_8672055.flac,16
/data/DATASETS/ASV_Spoof_2019_LA/ASVspoof2019_LA_eval/flac/LA_E_8672362.flac,16
/data/DATASETS/ASV_Spoof_2019_LA/ASVspoof2019_LA_eval/flac/LA_E_8673677.flac,16
/data/DATASETS/ASV_Spoof_2019_LA/ASVspoof2019_LA_eval/flac/LA_E_8684891.flac,16
/data/DATASETS/ASV_Spoof_2019_LA/ASVspoof2019_LA_eval/flac/LA_E_8686319.flac,16
/data/DATASETS/ASV_Spoof_2019_LA/ASVspoof2019_LA_eval/flac/LA_E_8686730.flac,16
/data/DATASETS/ASV_Spoof_2019_LA/ASVspoof2019_LA_eval/flac/LA_E_8689708.flac,16
/data/DATASETS/ASV_Spoof_2019_LA/ASVspoof2019_LA_eval/flac/LA_E_8691894.flac,16
/data/DATASETS/ASV_Spoof_2019_LA/ASVspoof2019_LA_eval/flac/LA_E_8693871.flac,16
/data/DATASETS/ASV_Spoof_2019_LA/ASVspoof2019_LA_eval/flac/LA_E_8694099.flac,16
/data/DATASETS/ASV_Spoof_2019_LA/ASVspoof2019_LA_eval/flac/LA_E_8694272.flac,16
/data/DATASETS/ASV_Spoof_2019_LA/ASVspoof2019_LA_eval/flac/LA_E_8701603.flac,16
/data/DATASETS/ASV_Spoof_2019_LA/ASVspoof2019_LA_eval/flac/LA_E_8704550.flac,16
/data/DATASETS/ASV_Spoof_2019_LA/ASVspoof2019_LA_eval/flac/LA_E_8706557.flac,16
/data/DATASETS/ASV_Spoof_2019_LA/ASVspoof2019_LA_eval/flac/LA_E_8707986.flac,16
/data/DATASETS/ASV_Spoof_2019_LA/ASVspoof2019_LA_eval/flac/LA_E_8710836.flac,16
/data/DATASETS/ASV_Spoof_2019_LA/ASVspoof2019_LA_eval/flac/LA_E_8717015.flac,16
/data/DATASETS/ASV_Spoof_2019_LA/ASVspoof2019_LA_eval/flac/LA_E_8718045.flac,16
/data/DATASETS/ASV_Spoof_2019_LA/ASVspoof2019_LA_eval/flac/LA_E_8718343.flac,16
/data/DATASETS/ASV_Spoof_2019_LA/ASVspoof2019_LA_eval/flac/LA_E_8720442.flac,16
/data/DATASETS/ASV_Spoof_2019_LA/ASVspoof2019_LA_eval/flac/LA_E_8720966.flac,16
/data/DATASETS/ASV_Spoof_2019_LA/ASVspoof2019_LA_eval/flac/LA_E_8721680.flac,16
/data/DATASETS/ASV_Spoof_2019_LA/ASVspoof2019_LA_eval/flac/LA_E_8724095.flac,16
/data/DATASETS/ASV_Spoof_2019_LA/ASVspoof2019_LA_eval/flac/LA_E_8729915.flac,16
/data/DATASETS/ASV_Spoof_2019_LA/ASVspoof2019_LA_eval/flac/LA_E_8731112.flac,16
/data/DATASETS/ASV_Spoof_2019_LA/ASVspoof2019_LA_eval/flac/LA_E_8733493.flac,16
/data/DATASETS/ASV_Spoof_2019_LA/ASVspoof2019_LA_eval/flac/LA_E_8733753.flac,16
/data/DATASETS/ASV_Spoof_2019_LA/ASVspoof2019_LA_eval/flac/LA_E_8735700.flac,16
/data/DATASETS/ASV_Spoof_2019_LA/ASVspoof2019_LA_eval/flac/LA_E_8737976.flac,16
/data/DATASETS/ASV_Spoof_2019_LA/ASVspoof2019_LA_eval/flac/LA_E_8739982.flac,16
/data/DATASETS/ASV_Spoof_2019_LA/ASVspoof2019_LA_eval/flac/LA_E_8740931.flac,16
/data/DATASETS/ASV_Spoof_2019_LA/ASVspoof2019_LA_eval/flac/LA_E_8742750.flac,16
/data/DATASETS/ASV_Spoof_2019_LA/ASVspoof2019_LA_eval/flac/LA_E_8742815.flac,16
/data/DATASETS/ASV_Spoof_2019_LA/ASVspoof2019_LA_eval/flac/LA_E_8747067.flac,16
/data/DATASETS/ASV_Spoof_2019_LA/ASVspoof2019_LA_eval/flac/LA_E_8749724.flac,16
/data/DATASETS/ASV_Spoof_2019_LA/ASVspoof2019_LA_eval/flac/LA_E_8750053.flac,16
/data/DATASETS/ASV_Spoof_2019_LA/ASVspoof2019_LA_eval/flac/LA_E_8750354.flac,16
/data/DATASETS/ASV_Spoof_2019_LA/ASVspoof2019_LA_eval/flac/LA_E_8755839.flac,16
/data/DATASETS/ASV_Spoof_2019_LA/ASVspoof2019_LA_eval/flac/LA_E_8758345.flac,16
/data/DATASETS/ASV_Spoof_2019_LA/ASVspoof2019_LA_eval/flac/LA_E_8760439.flac,16
/data/DATASETS/ASV_Spoof_2019_LA/ASVspoof2019_LA_eval/flac/LA_E_8763558.flac,16
/data/DATASETS/ASV_Spoof_2019_LA/ASVspoof2019_LA_eval/flac/LA_E_8767709.flac,16
/data/DATASETS/ASV_Spoof_2019_LA/ASVspoof2019_LA_eval/flac/LA_E_8768999.flac,16
/data/DATASETS/ASV_Spoof_2019_LA/ASVspoof2019_LA_eval/flac/LA_E_8771652.flac,16
/data/DATASETS/ASV_Spoof_2019_LA/ASVspoof2019_LA_eval/flac/LA_E_8773971.flac,16
/data/DATASETS/ASV_Spoof_2019_LA/ASVspoof2019_LA_eval/flac/LA_E_8775044.flac,16
/data/DATASETS/ASV_Spoof_2019_LA/ASVspoof2019_LA_eval/flac/LA_E_8782292.flac,16
/data/DATASETS/ASV_Spoof_2019_LA/ASVspoof2019_LA_eval/flac/LA_E_8782880.flac,16
/data/DATASETS/ASV_Spoof_2019_LA/ASVspoof2019_LA_eval/flac/LA_E_8783785.flac,16
/data/DATASETS/ASV_Spoof_2019_LA/ASVspoof2019_LA_eval/flac/LA_E_8785008.flac,16
/data/DATASETS/ASV_Spoof_2019_LA/ASVspoof2019_LA_eval/flac/LA_E_8786218.flac,16
/data/DATASETS/ASV_Spoof_2019_LA/ASVspoof2019_LA_eval/flac/LA_E_8787757.flac,16
/data/DATASETS/ASV_Spoof_2019_LA/ASVspoof2019_LA_eval/flac/LA_E_8787897.flac,16
/data/DATASETS/ASV_Spoof_2019_LA/ASVspoof2019_LA_eval/flac/LA_E_8788516.flac,16
/data/DATASETS/ASV_Spoof_2019_LA/ASVspoof2019_LA_eval/flac/LA_E_8789358.flac,16
/data/DATASETS/ASV_Spoof_2019_LA/ASVspoof2019_LA_eval/flac/LA_E_8792089.flac,16
/data/DATASETS/ASV_Spoof_2019_LA/ASVspoof2019_LA_eval/flac/LA_E_8796046.flac,16
/data/DATASETS/ASV_Spoof_2019_LA/ASVspoof2019_LA_eval/flac/LA_E_8796450.flac,16
/data/DATASETS/ASV_Spoof_2019_LA/ASVspoof2019_LA_eval/flac/LA_E_8797646.flac,16
/data/DATASETS/ASV_Spoof_2019_LA/ASVspoof2019_LA_eval/flac/LA_E_8798713.flac,16
/data/DATASETS/ASV_Spoof_2019_LA/ASVspoof2019_LA_eval/flac/LA_E_8803203.flac,16
/data/DATASETS/ASV_Spoof_2019_LA/ASVspoof2019_LA_eval/flac/LA_E_8807296.flac,16
/data/DATASETS/ASV_Spoof_2019_LA/ASVspoof2019_LA_eval/flac/LA_E_8810847.flac,16
/data/DATASETS/ASV_Spoof_2019_LA/ASVspoof2019_LA_eval/flac/LA_E_8811284.flac,16
/data/DATASETS/ASV_Spoof_2019_LA/ASVspoof2019_LA_eval/flac/LA_E_8814134.flac,16
/data/DATASETS/ASV_Spoof_2019_LA/ASVspoof2019_LA_eval/flac/LA_E_8817150.flac,16
/data/DATASETS/ASV_Spoof_2019_LA/ASVspoof2019_LA_eval/flac/LA_E_8818336.flac,16
/data/DATASETS/ASV_Spoof_2019_LA/ASVspoof2019_LA_eval/flac/LA_E_8819488.flac,16
/data/DATASETS/ASV_Spoof_2019_LA/ASVspoof2019_LA_eval/flac/LA_E_8820780.flac,16
/data/DATASETS/ASV_Spoof_2019_LA/ASVspoof2019_LA_eval/flac/LA_E_8820981.flac,16
/data/DATASETS/ASV_Spoof_2019_LA/ASVspoof2019_LA_eval/flac/LA_E_8822649.flac,16
/data/DATASETS/ASV_Spoof_2019_LA/ASVspoof2019_LA_eval/flac/LA_E_8823014.flac,16
/data/DATASETS/ASV_Spoof_2019_LA/ASVspoof2019_LA_eval/flac/LA_E_8823072.flac,16
/data/DATASETS/ASV_Spoof_2019_LA/ASVspoof2019_LA_eval/flac/LA_E_8823774.flac,16
/data/DATASETS/ASV_Spoof_2019_LA/ASVspoof2019_LA_eval/flac/LA_E_8823818.flac,16
/data/DATASETS/ASV_Spoof_2019_LA/ASVspoof2019_LA_eval/flac/LA_E_8824035.flac,16
/data/DATASETS/ASV_Spoof_2019_LA/ASVspoof2019_LA_eval/flac/LA_E_8826179.flac,16
/data/DATASETS/ASV_Spoof_2019_LA/ASVspoof2019_LA_eval/flac/LA_E_8826187.flac,16
/data/DATASETS/ASV_Spoof_2019_LA/ASVspoof2019_LA_eval/flac/LA_E_8826682.flac,16
/data/DATASETS/ASV_Spoof_2019_LA/ASVspoof2019_LA_eval/flac/LA_E_8828091.flac,16
/data/DATASETS/ASV_Spoof_2019_LA/ASVspoof2019_LA_eval/flac/LA_E_8829697.flac,16
/data/DATASETS/ASV_Spoof_2019_LA/ASVspoof2019_LA_eval/flac/LA_E_8830375.flac,16
/data/DATASETS/ASV_Spoof_2019_LA/ASVspoof2019_LA_eval/flac/LA_E_8830423.flac,16
/data/DATASETS/ASV_Spoof_2019_LA/ASVspoof2019_LA_eval/flac/LA_E_8834114.flac,16
/data/DATASETS/ASV_Spoof_2019_LA/ASVspoof2019_LA_eval/flac/LA_E_8836030.flac,16
/data/DATASETS/ASV_Spoof_2019_LA/ASVspoof2019_LA_eval/flac/LA_E_8836682.flac,16
/data/DATASETS/ASV_Spoof_2019_LA/ASVspoof2019_LA_eval/flac/LA_E_8837815.flac,16
/data/DATASETS/ASV_Spoof_2019_LA/ASVspoof2019_LA_eval/flac/LA_E_8841658.flac,16
/data/DATASETS/ASV_Spoof_2019_LA/ASVspoof2019_LA_eval/flac/LA_E_8842310.flac,16
/data/DATASETS/ASV_Spoof_2019_LA/ASVspoof2019_LA_eval/flac/LA_E_8845407.flac,16
/data/DATASETS/ASV_Spoof_2019_LA/ASVspoof2019_LA_eval/flac/LA_E_8847512.flac,16
/data/DATASETS/ASV_Spoof_2019_LA/ASVspoof2019_LA_eval/flac/LA_E_8853660.flac,16
/data/DATASETS/ASV_Spoof_2019_LA/ASVspoof2019_LA_eval/flac/LA_E_8854900.flac,16
/data/DATASETS/ASV_Spoof_2019_LA/ASVspoof2019_LA_eval/flac/LA_E_8856318.flac,16
/data/DATASETS/ASV_Spoof_2019_LA/ASVspoof2019_LA_eval/flac/LA_E_8856904.flac,16
/data/DATASETS/ASV_Spoof_2019_LA/ASVspoof2019_LA_eval/flac/LA_E_8858646.flac,16
/data/DATASETS/ASV_Spoof_2019_LA/ASVspoof2019_LA_eval/flac/LA_E_8860016.flac,16
/data/DATASETS/ASV_Spoof_2019_LA/ASVspoof2019_LA_eval/flac/LA_E_8861917.flac,16
/data/DATASETS/ASV_Spoof_2019_LA/ASVspoof2019_LA_eval/flac/LA_E_8863430.flac,16
/data/DATASETS/ASV_Spoof_2019_LA/ASVspoof2019_LA_eval/flac/LA_E_8864339.flac,16
/data/DATASETS/ASV_Spoof_2019_LA/ASVspoof2019_LA_eval/flac/LA_E_8865033.flac,16
/data/DATASETS/ASV_Spoof_2019_LA/ASVspoof2019_LA_eval/flac/LA_E_8867847.flac,16
/data/DATASETS/ASV_Spoof_2019_LA/ASVspoof2019_LA_eval/flac/LA_E_8869597.flac,16
/data/DATASETS/ASV_Spoof_2019_LA/ASVspoof2019_LA_eval/flac/LA_E_8869653.flac,16
/data/DATASETS/ASV_Spoof_2019_LA/ASVspoof2019_LA_eval/flac/LA_E_8873243.flac,16
/data/DATASETS/ASV_Spoof_2019_LA/ASVspoof2019_LA_eval/flac/LA_E_8874378.flac,16
/data/DATASETS/ASV_Spoof_2019_LA/ASVspoof2019_LA_eval/flac/LA_E_8874818.flac,16
/data/DATASETS/ASV_Spoof_2019_LA/ASVspoof2019_LA_eval/flac/LA_E_8875537.flac,16
/data/DATASETS/ASV_Spoof_2019_LA/ASVspoof2019_LA_eval/flac/LA_E_8876743.flac,16
/data/DATASETS/ASV_Spoof_2019_LA/ASVspoof2019_LA_eval/flac/LA_E_8877049.flac,16
/data/DATASETS/ASV_Spoof_2019_LA/ASVspoof2019_LA_eval/flac/LA_E_8882034.flac,16
/data/DATASETS/ASV_Spoof_2019_LA/ASVspoof2019_LA_eval/flac/LA_E_8884937.flac,16
/data/DATASETS/ASV_Spoof_2019_LA/ASVspoof2019_LA_eval/flac/LA_E_8887102.flac,16
/data/DATASETS/ASV_Spoof_2019_LA/ASVspoof2019_LA_eval/flac/LA_E_8892155.flac,16
/data/DATASETS/ASV_Spoof_2019_LA/ASVspoof2019_LA_eval/flac/LA_E_8892383.flac,16
/data/DATASETS/ASV_Spoof_2019_LA/ASVspoof2019_LA_eval/flac/LA_E_8893587.flac,16
/data/DATASETS/ASV_Spoof_2019_LA/ASVspoof2019_LA_eval/flac/LA_E_8896168.flac,16
/data/DATASETS/ASV_Spoof_2019_LA/ASVspoof2019_LA_eval/flac/LA_E_8898032.flac,16
/data/DATASETS/ASV_Spoof_2019_LA/ASVspoof2019_LA_eval/flac/LA_E_8898832.flac,16
/data/DATASETS/ASV_Spoof_2019_LA/ASVspoof2019_LA_eval/flac/LA_E_8900452.flac,16
/data/DATASETS/ASV_Spoof_2019_LA/ASVspoof2019_LA_eval/flac/LA_E_8903791.flac,16
/data/DATASETS/ASV_Spoof_2019_LA/ASVspoof2019_LA_eval/flac/LA_E_8904668.flac,16
/data/DATASETS/ASV_Spoof_2019_LA/ASVspoof2019_LA_eval/flac/LA_E_8906049.flac,16
/data/DATASETS/ASV_Spoof_2019_LA/ASVspoof2019_LA_eval/flac/LA_E_8907302.flac,16
/data/DATASETS/ASV_Spoof_2019_LA/ASVspoof2019_LA_eval/flac/LA_E_8907535.flac,16
/data/DATASETS/ASV_Spoof_2019_LA/ASVspoof2019_LA_eval/flac/LA_E_8908821.flac,16
/data/DATASETS/ASV_Spoof_2019_LA/ASVspoof2019_LA_eval/flac/LA_E_8910306.flac,16
/data/DATASETS/ASV_Spoof_2019_LA/ASVspoof2019_LA_eval/flac/LA_E_8910617.flac,16
/data/DATASETS/ASV_Spoof_2019_LA/ASVspoof2019_LA_eval/flac/LA_E_8912417.flac,16
/data/DATASETS/ASV_Spoof_2019_LA/ASVspoof2019_LA_eval/flac/LA_E_8912835.flac,16
/data/DATASETS/ASV_Spoof_2019_LA/ASVspoof2019_LA_eval/flac/LA_E_8913277.flac,16
/data/DATASETS/ASV_Spoof_2019_LA/ASVspoof2019_LA_eval/flac/LA_E_8913731.flac,16
/data/DATASETS/ASV_Spoof_2019_LA/ASVspoof2019_LA_eval/flac/LA_E_8914006.flac,16
/data/DATASETS/ASV_Spoof_2019_LA/ASVspoof2019_LA_eval/flac/LA_E_8914598.flac,16
/data/DATASETS/ASV_Spoof_2019_LA/ASVspoof2019_LA_eval/flac/LA_E_8915835.flac,16
/data/DATASETS/ASV_Spoof_2019_LA/ASVspoof2019_LA_eval/flac/LA_E_8921283.flac,16
/data/DATASETS/ASV_Spoof_2019_LA/ASVspoof2019_LA_eval/flac/LA_E_8921312.flac,16
/data/DATASETS/ASV_Spoof_2019_LA/ASVspoof2019_LA_eval/flac/LA_E_8921717.flac,16
/data/DATASETS/ASV_Spoof_2019_LA/ASVspoof2019_LA_eval/flac/LA_E_8922985.flac,16
/data/DATASETS/ASV_Spoof_2019_LA/ASVspoof2019_LA_eval/flac/LA_E_8923247.flac,16
/data/DATASETS/ASV_Spoof_2019_LA/ASVspoof2019_LA_eval/flac/LA_E_8923594.flac,16
/data/DATASETS/ASV_Spoof_2019_LA/ASVspoof2019_LA_eval/flac/LA_E_8924194.flac,16
/data/DATASETS/ASV_Spoof_2019_LA/ASVspoof2019_LA_eval/flac/LA_E_8928800.flac,16
/data/DATASETS/ASV_Spoof_2019_LA/ASVspoof2019_LA_eval/flac/LA_E_8929048.flac,16
/data/DATASETS/ASV_Spoof_2019_LA/ASVspoof2019_LA_eval/flac/LA_E_8931623.flac,16
/data/DATASETS/ASV_Spoof_2019_LA/ASVspoof2019_LA_eval/flac/LA_E_8932346.flac,16
/data/DATASETS/ASV_Spoof_2019_LA/ASVspoof2019_LA_eval/flac/LA_E_8933298.flac,16
/data/DATASETS/ASV_Spoof_2019_LA/ASVspoof2019_LA_eval/flac/LA_E_8936522.flac,16
/data/DATASETS/ASV_Spoof_2019_LA/ASVspoof2019_LA_eval/flac/LA_E_8937336.flac,16
/data/DATASETS/ASV_Spoof_2019_LA/ASVspoof2019_LA_eval/flac/LA_E_8937418.flac,16
/data/DATASETS/ASV_Spoof_2019_LA/ASVspoof2019_LA_eval/flac/LA_E_8937907.flac,16
/data/DATASETS/ASV_Spoof_2019_LA/ASVspoof2019_LA_eval/flac/LA_E_8939225.flac,16
/data/DATASETS/ASV_Spoof_2019_LA/ASVspoof2019_LA_eval/flac/LA_E_8943674.flac,16
/data/DATASETS/ASV_Spoof_2019_LA/ASVspoof2019_LA_eval/flac/LA_E_8947037.flac,16
/data/DATASETS/ASV_Spoof_2019_LA/ASVspoof2019_LA_eval/flac/LA_E_8950352.flac,16
/data/DATASETS/ASV_Spoof_2019_LA/ASVspoof2019_LA_eval/flac/LA_E_8957090.flac,16
/data/DATASETS/ASV_Spoof_2019_LA/ASVspoof2019_LA_eval/flac/LA_E_8957471.flac,16
/data/DATASETS/ASV_Spoof_2019_LA/ASVspoof2019_LA_eval/flac/LA_E_8958699.flac,16
/data/DATASETS/ASV_Spoof_2019_LA/ASVspoof2019_LA_eval/flac/LA_E_8958979.flac,16
/data/DATASETS/ASV_Spoof_2019_LA/ASVspoof2019_LA_eval/flac/LA_E_8962142.flac,16
/data/DATASETS/ASV_Spoof_2019_LA/ASVspoof2019_LA_eval/flac/LA_E_8964584.flac,16
/data/DATASETS/ASV_Spoof_2019_LA/ASVspoof2019_LA_eval/flac/LA_E_8965655.flac,16
/data/DATASETS/ASV_Spoof_2019_LA/ASVspoof2019_LA_eval/flac/LA_E_8967802.flac,16
/data/DATASETS/ASV_Spoof_2019_LA/ASVspoof2019_LA_eval/flac/LA_E_8967962.flac,16
/data/DATASETS/ASV_Spoof_2019_LA/ASVspoof2019_LA_eval/flac/LA_E_8968540.flac,16
/data/DATASETS/ASV_Spoof_2019_LA/ASVspoof2019_LA_eval/flac/LA_E_8969974.flac,16
/data/DATASETS/ASV_Spoof_2019_LA/ASVspoof2019_LA_eval/flac/LA_E_8973257.flac,16
/data/DATASETS/ASV_Spoof_2019_LA/ASVspoof2019_LA_eval/flac/LA_E_8974493.flac,16
/data/DATASETS/ASV_Spoof_2019_LA/ASVspoof2019_LA_eval/flac/LA_E_8974905.flac,16
/data/DATASETS/ASV_Spoof_2019_LA/ASVspoof2019_LA_eval/flac/LA_E_8978965.flac,16
/data/DATASETS/ASV_Spoof_2019_LA/ASVspoof2019_LA_eval/flac/LA_E_8979583.flac,16
/data/DATASETS/ASV_Spoof_2019_LA/ASVspoof2019_LA_eval/flac/LA_E_8984313.flac,16
/data/DATASETS/ASV_Spoof_2019_LA/ASVspoof2019_LA_eval/flac/LA_E_8988325.flac,16
/data/DATASETS/ASV_Spoof_2019_LA/ASVspoof2019_LA_eval/flac/LA_E_8989393.flac,16
/data/DATASETS/ASV_Spoof_2019_LA/ASVspoof2019_LA_eval/flac/LA_E_8992354.flac,16
/data/DATASETS/ASV_Spoof_2019_LA/ASVspoof2019_LA_eval/flac/LA_E_8992946.flac,16
/data/DATASETS/ASV_Spoof_2019_LA/ASVspoof2019_LA_eval/flac/LA_E_8996220.flac,16
/data/DATASETS/ASV_Spoof_2019_LA/ASVspoof2019_LA_eval/flac/LA_E_9000745.flac,16
/data/DATASETS/ASV_Spoof_2019_LA/ASVspoof2019_LA_eval/flac/LA_E_9001217.flac,16
/data/DATASETS/ASV_Spoof_2019_LA/ASVspoof2019_LA_eval/flac/LA_E_9003523.flac,16
/data/DATASETS/ASV_Spoof_2019_LA/ASVspoof2019_LA_eval/flac/LA_E_9004412.flac,16
/data/DATASETS/ASV_Spoof_2019_LA/ASVspoof2019_LA_eval/flac/LA_E_9004808.flac,16
/data/DATASETS/ASV_Spoof_2019_LA/ASVspoof2019_LA_eval/flac/LA_E_9005008.flac,16
/data/DATASETS/ASV_Spoof_2019_LA/ASVspoof2019_LA_eval/flac/LA_E_9013342.flac,16
/data/DATASETS/ASV_Spoof_2019_LA/ASVspoof2019_LA_eval/flac/LA_E_9013649.flac,16
/data/DATASETS/ASV_Spoof_2019_LA/ASVspoof2019_LA_eval/flac/LA_E_9015750.flac,16
/data/DATASETS/ASV_Spoof_2019_LA/ASVspoof2019_LA_eval/flac/LA_E_9017363.flac,16
/data/DATASETS/ASV_Spoof_2019_LA/ASVspoof2019_LA_eval/flac/LA_E_9018028.flac,16
/data/DATASETS/ASV_Spoof_2019_LA/ASVspoof2019_LA_eval/flac/LA_E_9019872.flac,16
/data/DATASETS/ASV_Spoof_2019_LA/ASVspoof2019_LA_eval/flac/LA_E_9022623.flac,16
/data/DATASETS/ASV_Spoof_2019_LA/ASVspoof2019_LA_eval/flac/LA_E_9025385.flac,16
/data/DATASETS/ASV_Spoof_2019_LA/ASVspoof2019_LA_eval/flac/LA_E_9025537.flac,16
/data/DATASETS/ASV_Spoof_2019_LA/ASVspoof2019_LA_eval/flac/LA_E_9026311.flac,16
/data/DATASETS/ASV_Spoof_2019_LA/ASVspoof2019_LA_eval/flac/LA_E_9027815.flac,16
/data/DATASETS/ASV_Spoof_2019_LA/ASVspoof2019_LA_eval/flac/LA_E_9028072.flac,16
/data/DATASETS/ASV_Spoof_2019_LA/ASVspoof2019_LA_eval/flac/LA_E_9028668.flac,16
/data/DATASETS/ASV_Spoof_2019_LA/ASVspoof2019_LA_eval/flac/LA_E_9030189.flac,16
/data/DATASETS/ASV_Spoof_2019_LA/ASVspoof2019_LA_eval/flac/LA_E_9032398.flac,16
/data/DATASETS/ASV_Spoof_2019_LA/ASVspoof2019_LA_eval/flac/LA_E_9032915.flac,16
/data/DATASETS/ASV_Spoof_2019_LA/ASVspoof2019_LA_eval/flac/LA_E_9033039.flac,16
/data/DATASETS/ASV_Spoof_2019_LA/ASVspoof2019_LA_eval/flac/LA_E_9035967.flac,16
/data/DATASETS/ASV_Spoof_2019_LA/ASVspoof2019_LA_eval/flac/LA_E_9036261.flac,16
/data/DATASETS/ASV_Spoof_2019_LA/ASVspoof2019_LA_eval/flac/LA_E_9036448.flac,16
/data/DATASETS/ASV_Spoof_2019_LA/ASVspoof2019_LA_eval/flac/LA_E_9038093.flac,16
/data/DATASETS/ASV_Spoof_2019_LA/ASVspoof2019_LA_eval/flac/LA_E_9038928.flac,16
/data/DATASETS/ASV_Spoof_2019_LA/ASVspoof2019_LA_eval/flac/LA_E_9041914.flac,16
/data/DATASETS/ASV_Spoof_2019_LA/ASVspoof2019_LA_eval/flac/LA_E_9043925.flac,16
/data/DATASETS/ASV_Spoof_2019_LA/ASVspoof2019_LA_eval/flac/LA_E_9043935.flac,16
/data/DATASETS/ASV_Spoof_2019_LA/ASVspoof2019_LA_eval/flac/LA_E_9045362.flac,16
/data/DATASETS/ASV_Spoof_2019_LA/ASVspoof2019_LA_eval/flac/LA_E_9048476.flac,16
/data/DATASETS/ASV_Spoof_2019_LA/ASVspoof2019_LA_eval/flac/LA_E_9050729.flac,16
/data/DATASETS/ASV_Spoof_2019_LA/ASVspoof2019_LA_eval/flac/LA_E_9052594.flac,16
/data/DATASETS/ASV_Spoof_2019_LA/ASVspoof2019_LA_eval/flac/LA_E_9053264.flac,16
/data/DATASETS/ASV_Spoof_2019_LA/ASVspoof2019_LA_eval/flac/LA_E_9055257.flac,16
/data/DATASETS/ASV_Spoof_2019_LA/ASVspoof2019_LA_eval/flac/LA_E_9055846.flac,16
/data/DATASETS/ASV_Spoof_2019_LA/ASVspoof2019_LA_eval/flac/LA_E_9056742.flac,16
/data/DATASETS/ASV_Spoof_2019_LA/ASVspoof2019_LA_eval/flac/LA_E_9058003.flac,16
/data/DATASETS/ASV_Spoof_2019_LA/ASVspoof2019_LA_eval/flac/LA_E_9065069.flac,16
/data/DATASETS/ASV_Spoof_2019_LA/ASVspoof2019_LA_eval/flac/LA_E_9066308.flac,16
/data/DATASETS/ASV_Spoof_2019_LA/ASVspoof2019_LA_eval/flac/LA_E_9067085.flac,16
/data/DATASETS/ASV_Spoof_2019_LA/ASVspoof2019_LA_eval/flac/LA_E_9067234.flac,16
/data/DATASETS/ASV_Spoof_2019_LA/ASVspoof2019_LA_eval/flac/LA_E_9067468.flac,16
/data/DATASETS/ASV_Spoof_2019_LA/ASVspoof2019_LA_eval/flac/LA_E_9070522.flac,16
/data/DATASETS/ASV_Spoof_2019_LA/ASVspoof2019_LA_eval/flac/LA_E_9071365.flac,16
/data/DATASETS/ASV_Spoof_2019_LA/ASVspoof2019_LA_eval/flac/LA_E_9072985.flac,16
/data/DATASETS/ASV_Spoof_2019_LA/ASVspoof2019_LA_eval/flac/LA_E_9073394.flac,16
/data/DATASETS/ASV_Spoof_2019_LA/ASVspoof2019_LA_eval/flac/LA_E_9074146.flac,16
/data/DATASETS/ASV_Spoof_2019_LA/ASVspoof2019_LA_eval/flac/LA_E_9074206.flac,16
/data/DATASETS/ASV_Spoof_2019_LA/ASVspoof2019_LA_eval/flac/LA_E_9075601.flac,16
/data/DATASETS/ASV_Spoof_2019_LA/ASVspoof2019_LA_eval/flac/LA_E_9076138.flac,16
/data/DATASETS/ASV_Spoof_2019_LA/ASVspoof2019_LA_eval/flac/LA_E_9077362.flac,16
/data/DATASETS/ASV_Spoof_2019_LA/ASVspoof2019_LA_eval/flac/LA_E_9078328.flac,16
/data/DATASETS/ASV_Spoof_2019_LA/ASVspoof2019_LA_eval/flac/LA_E_9079535.flac,16
/data/DATASETS/ASV_Spoof_2019_LA/ASVspoof2019_LA_eval/flac/LA_E_9081311.flac,16
/data/DATASETS/ASV_Spoof_2019_LA/ASVspoof2019_LA_eval/flac/LA_E_9082873.flac,16
/data/DATASETS/ASV_Spoof_2019_LA/ASVspoof2019_LA_eval/flac/LA_E_9084354.flac,16
/data/DATASETS/ASV_Spoof_2019_LA/ASVspoof2019_LA_eval/flac/LA_E_9085378.flac,16
/data/DATASETS/ASV_Spoof_2019_LA/ASVspoof2019_LA_eval/flac/LA_E_9087021.flac,16
/data/DATASETS/ASV_Spoof_2019_LA/ASVspoof2019_LA_eval/flac/LA_E_9087080.flac,16
/data/DATASETS/ASV_Spoof_2019_LA/ASVspoof2019_LA_eval/flac/LA_E_9087449.flac,16
/data/DATASETS/ASV_Spoof_2019_LA/ASVspoof2019_LA_eval/flac/LA_E_9087587.flac,16
/data/DATASETS/ASV_Spoof_2019_LA/ASVspoof2019_LA_eval/flac/LA_E_9089407.flac,16
/data/DATASETS/ASV_Spoof_2019_LA/ASVspoof2019_LA_eval/flac/LA_E_9089808.flac,16
/data/DATASETS/ASV_Spoof_2019_LA/ASVspoof2019_LA_eval/flac/LA_E_9090883.flac,16
/data/DATASETS/ASV_Spoof_2019_LA/ASVspoof2019_LA_eval/flac/LA_E_9092734.flac,16
/data/DATASETS/ASV_Spoof_2019_LA/ASVspoof2019_LA_eval/flac/LA_E_9093328.flac,16
/data/DATASETS/ASV_Spoof_2019_LA/ASVspoof2019_LA_eval/flac/LA_E_9096016.flac,16
/data/DATASETS/ASV_Spoof_2019_LA/ASVspoof2019_LA_eval/flac/LA_E_9097767.flac,16
/data/DATASETS/ASV_Spoof_2019_LA/ASVspoof2019_LA_eval/flac/LA_E_9098757.flac,16
/data/DATASETS/ASV_Spoof_2019_LA/ASVspoof2019_LA_eval/flac/LA_E_9100353.flac,16
/data/DATASETS/ASV_Spoof_2019_LA/ASVspoof2019_LA_eval/flac/LA_E_9105203.flac,16
/data/DATASETS/ASV_Spoof_2019_LA/ASVspoof2019_LA_eval/flac/LA_E_9106459.flac,16
/data/DATASETS/ASV_Spoof_2019_LA/ASVspoof2019_LA_eval/flac/LA_E_9106991.flac,16
/data/DATASETS/ASV_Spoof_2019_LA/ASVspoof2019_LA_eval/flac/LA_E_9111080.flac,16
/data/DATASETS/ASV_Spoof_2019_LA/ASVspoof2019_LA_eval/flac/LA_E_9111243.flac,16
/data/DATASETS/ASV_Spoof_2019_LA/ASVspoof2019_LA_eval/flac/LA_E_9111693.flac,16
/data/DATASETS/ASV_Spoof_2019_LA/ASVspoof2019_LA_eval/flac/LA_E_9114327.flac,16
/data/DATASETS/ASV_Spoof_2019_LA/ASVspoof2019_LA_eval/flac/LA_E_9115613.flac,16
/data/DATASETS/ASV_Spoof_2019_LA/ASVspoof2019_LA_eval/flac/LA_E_9115842.flac,16
/data/DATASETS/ASV_Spoof_2019_LA/ASVspoof2019_LA_eval/flac/LA_E_9117395.flac,16
/data/DATASETS/ASV_Spoof_2019_LA/ASVspoof2019_LA_eval/flac/LA_E_9123753.flac,16
/data/DATASETS/ASV_Spoof_2019_LA/ASVspoof2019_LA_eval/flac/LA_E_9123881.flac,16
/data/DATASETS/ASV_Spoof_2019_LA/ASVspoof2019_LA_eval/flac/LA_E_9126107.flac,16
/data/DATASETS/ASV_Spoof_2019_LA/ASVspoof2019_LA_eval/flac/LA_E_9128521.flac,16
/data/DATASETS/ASV_Spoof_2019_LA/ASVspoof2019_LA_eval/flac/LA_E_9128999.flac,16
/data/DATASETS/ASV_Spoof_2019_LA/ASVspoof2019_LA_eval/flac/LA_E_9131466.flac,16
/data/DATASETS/ASV_Spoof_2019_LA/ASVspoof2019_LA_eval/flac/LA_E_9132564.flac,16
/data/DATASETS/ASV_Spoof_2019_LA/ASVspoof2019_LA_eval/flac/LA_E_9132715.flac,16
/data/DATASETS/ASV_Spoof_2019_LA/ASVspoof2019_LA_eval/flac/LA_E_9132759.flac,16
/data/DATASETS/ASV_Spoof_2019_LA/ASVspoof2019_LA_eval/flac/LA_E_9133289.flac,16
/data/DATASETS/ASV_Spoof_2019_LA/ASVspoof2019_LA_eval/flac/LA_E_9134262.flac,16
/data/DATASETS/ASV_Spoof_2019_LA/ASVspoof2019_LA_eval/flac/LA_E_9135098.flac,16
/data/DATASETS/ASV_Spoof_2019_LA/ASVspoof2019_LA_eval/flac/LA_E_9135325.flac,16
/data/DATASETS/ASV_Spoof_2019_LA/ASVspoof2019_LA_eval/flac/LA_E_9136458.flac,16
/data/DATASETS/ASV_Spoof_2019_LA/ASVspoof2019_LA_eval/flac/LA_E_9137456.flac,16
/data/DATASETS/ASV_Spoof_2019_LA/ASVspoof2019_LA_eval/flac/LA_E_9138261.flac,16
/data/DATASETS/ASV_Spoof_2019_LA/ASVspoof2019_LA_eval/flac/LA_E_9138928.flac,16
/data/DATASETS/ASV_Spoof_2019_LA/ASVspoof2019_LA_eval/flac/LA_E_9141659.flac,16
/data/DATASETS/ASV_Spoof_2019_LA/ASVspoof2019_LA_eval/flac/LA_E_9141790.flac,16
/data/DATASETS/ASV_Spoof_2019_LA/ASVspoof2019_LA_eval/flac/LA_E_9148761.flac,16
/data/DATASETS/ASV_Spoof_2019_LA/ASVspoof2019_LA_eval/flac/LA_E_9150869.flac,16
/data/DATASETS/ASV_Spoof_2019_LA/ASVspoof2019_LA_eval/flac/LA_E_9152177.flac,16
/data/DATASETS/ASV_Spoof_2019_LA/ASVspoof2019_LA_eval/flac/LA_E_9152541.flac,16
/data/DATASETS/ASV_Spoof_2019_LA/ASVspoof2019_LA_eval/flac/LA_E_9153189.flac,16
/data/DATASETS/ASV_Spoof_2019_LA/ASVspoof2019_LA_eval/flac/LA_E_9153400.flac,16
/data/DATASETS/ASV_Spoof_2019_LA/ASVspoof2019_LA_eval/flac/LA_E_9155241.flac,16
/data/DATASETS/ASV_Spoof_2019_LA/ASVspoof2019_LA_eval/flac/LA_E_9156602.flac,16
/data/DATASETS/ASV_Spoof_2019_LA/ASVspoof2019_LA_eval/flac/LA_E_9158478.flac,16
/data/DATASETS/ASV_Spoof_2019_LA/ASVspoof2019_LA_eval/flac/LA_E_9161847.flac,16
/data/DATASETS/ASV_Spoof_2019_LA/ASVspoof2019_LA_eval/flac/LA_E_9162405.flac,16
/data/DATASETS/ASV_Spoof_2019_LA/ASVspoof2019_LA_eval/flac/LA_E_9164981.flac,16
/data/DATASETS/ASV_Spoof_2019_LA/ASVspoof2019_LA_eval/flac/LA_E_9169006.flac,16
/data/DATASETS/ASV_Spoof_2019_LA/ASVspoof2019_LA_eval/flac/LA_E_9172139.flac,16
/data/DATASETS/ASV_Spoof_2019_LA/ASVspoof2019_LA_eval/flac/LA_E_9173853.flac,16
/data/DATASETS/ASV_Spoof_2019_LA/ASVspoof2019_LA_eval/flac/LA_E_9177681.flac,16
/data/DATASETS/ASV_Spoof_2019_LA/ASVspoof2019_LA_eval/flac/LA_E_9178286.flac,16
/data/DATASETS/ASV_Spoof_2019_LA/ASVspoof2019_LA_eval/flac/LA_E_9178703.flac,16
/data/DATASETS/ASV_Spoof_2019_LA/ASVspoof2019_LA_eval/flac/LA_E_9178798.flac,16
/data/DATASETS/ASV_Spoof_2019_LA/ASVspoof2019_LA_eval/flac/LA_E_9178862.flac,16
/data/DATASETS/ASV_Spoof_2019_LA/ASVspoof2019_LA_eval/flac/LA_E_9179176.flac,16
/data/DATASETS/ASV_Spoof_2019_LA/ASVspoof2019_LA_eval/flac/LA_E_9180956.flac,16
/data/DATASETS/ASV_Spoof_2019_LA/ASVspoof2019_LA_eval/flac/LA_E_9185045.flac,16
/data/DATASETS/ASV_Spoof_2019_LA/ASVspoof2019_LA_eval/flac/LA_E_9188418.flac,16
/data/DATASETS/ASV_Spoof_2019_LA/ASVspoof2019_LA_eval/flac/LA_E_9190843.flac,16
/data/DATASETS/ASV_Spoof_2019_LA/ASVspoof2019_LA_eval/flac/LA_E_9192364.flac,16
/data/DATASETS/ASV_Spoof_2019_LA/ASVspoof2019_LA_eval/flac/LA_E_9192749.flac,16
/data/DATASETS/ASV_Spoof_2019_LA/ASVspoof2019_LA_eval/flac/LA_E_9196130.flac,16
/data/DATASETS/ASV_Spoof_2019_LA/ASVspoof2019_LA_eval/flac/LA_E_9198796.flac,16
/data/DATASETS/ASV_Spoof_2019_LA/ASVspoof2019_LA_eval/flac/LA_E_9199760.flac,16
/data/DATASETS/ASV_Spoof_2019_LA/ASVspoof2019_LA_eval/flac/LA_E_9202821.flac,16
/data/DATASETS/ASV_Spoof_2019_LA/ASVspoof2019_LA_eval/flac/LA_E_9203013.flac,16
/data/DATASETS/ASV_Spoof_2019_LA/ASVspoof2019_LA_eval/flac/LA_E_9204261.flac,16
/data/DATASETS/ASV_Spoof_2019_LA/ASVspoof2019_LA_eval/flac/LA_E_9205652.flac,16
/data/DATASETS/ASV_Spoof_2019_LA/ASVspoof2019_LA_eval/flac/LA_E_9206073.flac,16
/data/DATASETS/ASV_Spoof_2019_LA/ASVspoof2019_LA_eval/flac/LA_E_9207892.flac,16
/data/DATASETS/ASV_Spoof_2019_LA/ASVspoof2019_LA_eval/flac/LA_E_9210527.flac,16
/data/DATASETS/ASV_Spoof_2019_LA/ASVspoof2019_LA_eval/flac/LA_E_9218485.flac,16
/data/DATASETS/ASV_Spoof_2019_LA/ASVspoof2019_LA_eval/flac/LA_E_9218643.flac,16
/data/DATASETS/ASV_Spoof_2019_LA/ASVspoof2019_LA_eval/flac/LA_E_9218897.flac,16
/data/DATASETS/ASV_Spoof_2019_LA/ASVspoof2019_LA_eval/flac/LA_E_9219763.flac,16
/data/DATASETS/ASV_Spoof_2019_LA/ASVspoof2019_LA_eval/flac/LA_E_9223946.flac,16
/data/DATASETS/ASV_Spoof_2019_LA/ASVspoof2019_LA_eval/flac/LA_E_9225524.flac,16
/data/DATASETS/ASV_Spoof_2019_LA/ASVspoof2019_LA_eval/flac/LA_E_9226096.flac,16
/data/DATASETS/ASV_Spoof_2019_LA/ASVspoof2019_LA_eval/flac/LA_E_9233396.flac,16
/data/DATASETS/ASV_Spoof_2019_LA/ASVspoof2019_LA_eval/flac/LA_E_9239403.flac,16
/data/DATASETS/ASV_Spoof_2019_LA/ASVspoof2019_LA_eval/flac/LA_E_9239694.flac,16
/data/DATASETS/ASV_Spoof_2019_LA/ASVspoof2019_LA_eval/flac/LA_E_9240559.flac,16
/data/DATASETS/ASV_Spoof_2019_LA/ASVspoof2019_LA_eval/flac/LA_E_9241177.flac,16
/data/DATASETS/ASV_Spoof_2019_LA/ASVspoof2019_LA_eval/flac/LA_E_9241294.flac,16
/data/DATASETS/ASV_Spoof_2019_LA/ASVspoof2019_LA_eval/flac/LA_E_9244703.flac,16
/data/DATASETS/ASV_Spoof_2019_LA/ASVspoof2019_LA_eval/flac/LA_E_9245032.flac,16
/data/DATASETS/ASV_Spoof_2019_LA/ASVspoof2019_LA_eval/flac/LA_E_9245652.flac,16
/data/DATASETS/ASV_Spoof_2019_LA/ASVspoof2019_LA_eval/flac/LA_E_9248174.flac,16
/data/DATASETS/ASV_Spoof_2019_LA/ASVspoof2019_LA_eval/flac/LA_E_9250347.flac,16
/data/DATASETS/ASV_Spoof_2019_LA/ASVspoof2019_LA_eval/flac/LA_E_9252185.flac,16
/data/DATASETS/ASV_Spoof_2019_LA/ASVspoof2019_LA_eval/flac/LA_E_9254660.flac,16
/data/DATASETS/ASV_Spoof_2019_LA/ASVspoof2019_LA_eval/flac/LA_E_9257986.flac,16
/data/DATASETS/ASV_Spoof_2019_LA/ASVspoof2019_LA_eval/flac/LA_E_9261616.flac,16
/data/DATASETS/ASV_Spoof_2019_LA/ASVspoof2019_LA_eval/flac/LA_E_9264557.flac,16
/data/DATASETS/ASV_Spoof_2019_LA/ASVspoof2019_LA_eval/flac/LA_E_9264596.flac,16
/data/DATASETS/ASV_Spoof_2019_LA/ASVspoof2019_LA_eval/flac/LA_E_9265617.flac,16
/data/DATASETS/ASV_Spoof_2019_LA/ASVspoof2019_LA_eval/flac/LA_E_9267645.flac,16
/data/DATASETS/ASV_Spoof_2019_LA/ASVspoof2019_LA_eval/flac/LA_E_9269524.flac,16
/data/DATASETS/ASV_Spoof_2019_LA/ASVspoof2019_LA_eval/flac/LA_E_9272285.flac,16
/data/DATASETS/ASV_Spoof_2019_LA/ASVspoof2019_LA_eval/flac/LA_E_9274691.flac,16
/data/DATASETS/ASV_Spoof_2019_LA/ASVspoof2019_LA_eval/flac/LA_E_9275019.flac,16
/data/DATASETS/ASV_Spoof_2019_LA/ASVspoof2019_LA_eval/flac/LA_E_9276352.flac,16
/data/DATASETS/ASV_Spoof_2019_LA/ASVspoof2019_LA_eval/flac/LA_E_9279646.flac,16
/data/DATASETS/ASV_Spoof_2019_LA/ASVspoof2019_LA_eval/flac/LA_E_9281320.flac,16
/data/DATASETS/ASV_Spoof_2019_LA/ASVspoof2019_LA_eval/flac/LA_E_9281826.flac,16
/data/DATASETS/ASV_Spoof_2019_LA/ASVspoof2019_LA_eval/flac/LA_E_9282182.flac,16
/data/DATASETS/ASV_Spoof_2019_LA/ASVspoof2019_LA_eval/flac/LA_E_9284078.flac,16
/data/DATASETS/ASV_Spoof_2019_LA/ASVspoof2019_LA_eval/flac/LA_E_9286820.flac,16
/data/DATASETS/ASV_Spoof_2019_LA/ASVspoof2019_LA_eval/flac/LA_E_9287217.flac,16
/data/DATASETS/ASV_Spoof_2019_LA/ASVspoof2019_LA_eval/flac/LA_E_9287729.flac,16
/data/DATASETS/ASV_Spoof_2019_LA/ASVspoof2019_LA_eval/flac/LA_E_9287959.flac,16
/data/DATASETS/ASV_Spoof_2019_LA/ASVspoof2019_LA_eval/flac/LA_E_9291390.flac,16
/data/DATASETS/ASV_Spoof_2019_LA/ASVspoof2019_LA_eval/flac/LA_E_9292708.flac,16
/data/DATASETS/ASV_Spoof_2019_LA/ASVspoof2019_LA_eval/flac/LA_E_9293803.flac,16
/data/DATASETS/ASV_Spoof_2019_LA/ASVspoof2019_LA_eval/flac/LA_E_9294038.flac,16
/data/DATASETS/ASV_Spoof_2019_LA/ASVspoof2019_LA_eval/flac/LA_E_9295158.flac,16
/data/DATASETS/ASV_Spoof_2019_LA/ASVspoof2019_LA_eval/flac/LA_E_9299036.flac,16
/data/DATASETS/ASV_Spoof_2019_LA/ASVspoof2019_LA_eval/flac/LA_E_9300901.flac,16
/data/DATASETS/ASV_Spoof_2019_LA/ASVspoof2019_LA_eval/flac/LA_E_9308512.flac,16
/data/DATASETS/ASV_Spoof_2019_LA/ASVspoof2019_LA_eval/flac/LA_E_9310822.flac,16
/data/DATASETS/ASV_Spoof_2019_LA/ASVspoof2019_LA_eval/flac/LA_E_9315553.flac,16
/data/DATASETS/ASV_Spoof_2019_LA/ASVspoof2019_LA_eval/flac/LA_E_9315593.flac,16
/data/DATASETS/ASV_Spoof_2019_LA/ASVspoof2019_LA_eval/flac/LA_E_9315928.flac,16
/data/DATASETS/ASV_Spoof_2019_LA/ASVspoof2019_LA_eval/flac/LA_E_9318639.flac,16
/data/DATASETS/ASV_Spoof_2019_LA/ASVspoof2019_LA_eval/flac/LA_E_9319113.flac,16
/data/DATASETS/ASV_Spoof_2019_LA/ASVspoof2019_LA_eval/flac/LA_E_9319246.flac,16
/data/DATASETS/ASV_Spoof_2019_LA/ASVspoof2019_LA_eval/flac/LA_E_9319873.flac,16
/data/DATASETS/ASV_Spoof_2019_LA/ASVspoof2019_LA_eval/flac/LA_E_9319938.flac,16
/data/DATASETS/ASV_Spoof_2019_LA/ASVspoof2019_LA_eval/flac/LA_E_9320267.flac,16
/data/DATASETS/ASV_Spoof_2019_LA/ASVspoof2019_LA_eval/flac/LA_E_9325053.flac,16
/data/DATASETS/ASV_Spoof_2019_LA/ASVspoof2019_LA_eval/flac/LA_E_9325096.flac,16
/data/DATASETS/ASV_Spoof_2019_LA/ASVspoof2019_LA_eval/flac/LA_E_9325460.flac,16
/data/DATASETS/ASV_Spoof_2019_LA/ASVspoof2019_LA_eval/flac/LA_E_9326136.flac,16
/data/DATASETS/ASV_Spoof_2019_LA/ASVspoof2019_LA_eval/flac/LA_E_9326682.flac,16
/data/DATASETS/ASV_Spoof_2019_LA/ASVspoof2019_LA_eval/flac/LA_E_9330844.flac,16
/data/DATASETS/ASV_Spoof_2019_LA/ASVspoof2019_LA_eval/flac/LA_E_9332179.flac,16
/data/DATASETS/ASV_Spoof_2019_LA/ASVspoof2019_LA_eval/flac/LA_E_9336453.flac,16
/data/DATASETS/ASV_Spoof_2019_LA/ASVspoof2019_LA_eval/flac/LA_E_9343394.flac,16
/data/DATASETS/ASV_Spoof_2019_LA/ASVspoof2019_LA_eval/flac/LA_E_9346770.flac,16
/data/DATASETS/ASV_Spoof_2019_LA/ASVspoof2019_LA_eval/flac/LA_E_9347781.flac,16
/data/DATASETS/ASV_Spoof_2019_LA/ASVspoof2019_LA_eval/flac/LA_E_9351607.flac,16
/data/DATASETS/ASV_Spoof_2019_LA/ASVspoof2019_LA_eval/flac/LA_E_9351839.flac,16
/data/DATASETS/ASV_Spoof_2019_LA/ASVspoof2019_LA_eval/flac/LA_E_9352928.flac,16
/data/DATASETS/ASV_Spoof_2019_LA/ASVspoof2019_LA_eval/flac/LA_E_9356174.flac,16
/data/DATASETS/ASV_Spoof_2019_LA/ASVspoof2019_LA_eval/flac/LA_E_9357853.flac,16
/data/DATASETS/ASV_Spoof_2019_LA/ASVspoof2019_LA_eval/flac/LA_E_9358361.flac,16
/data/DATASETS/ASV_Spoof_2019_LA/ASVspoof2019_LA_eval/flac/LA_E_9359010.flac,16
/data/DATASETS/ASV_Spoof_2019_LA/ASVspoof2019_LA_eval/flac/LA_E_9360681.flac,16
/data/DATASETS/ASV_Spoof_2019_LA/ASVspoof2019_LA_eval/flac/LA_E_9361269.flac,16
/data/DATASETS/ASV_Spoof_2019_LA/ASVspoof2019_LA_eval/flac/LA_E_9361533.flac,16
/data/DATASETS/ASV_Spoof_2019_LA/ASVspoof2019_LA_eval/flac/LA_E_9361917.flac,16
/data/DATASETS/ASV_Spoof_2019_LA/ASVspoof2019_LA_eval/flac/LA_E_9367174.flac,16
/data/DATASETS/ASV_Spoof_2019_LA/ASVspoof2019_LA_eval/flac/LA_E_9370779.flac,16
/data/DATASETS/ASV_Spoof_2019_LA/ASVspoof2019_LA_eval/flac/LA_E_9375176.flac,16
/data/DATASETS/ASV_Spoof_2019_LA/ASVspoof2019_LA_eval/flac/LA_E_9375590.flac,16
/data/DATASETS/ASV_Spoof_2019_LA/ASVspoof2019_LA_eval/flac/LA_E_9389059.flac,16
/data/DATASETS/ASV_Spoof_2019_LA/ASVspoof2019_LA_eval/flac/LA_E_9390352.flac,16
/data/DATASETS/ASV_Spoof_2019_LA/ASVspoof2019_LA_eval/flac/LA_E_9393442.flac,16
/data/DATASETS/ASV_Spoof_2019_LA/ASVspoof2019_LA_eval/flac/LA_E_9394778.flac,16
/data/DATASETS/ASV_Spoof_2019_LA/ASVspoof2019_LA_eval/flac/LA_E_9395264.flac,16
/data/DATASETS/ASV_Spoof_2019_LA/ASVspoof2019_LA_eval/flac/LA_E_9396088.flac,16
/data/DATASETS/ASV_Spoof_2019_LA/ASVspoof2019_LA_eval/flac/LA_E_9399566.flac,16
/data/DATASETS/ASV_Spoof_2019_LA/ASVspoof2019_LA_eval/flac/LA_E_9399610.flac,16
/data/DATASETS/ASV_Spoof_2019_LA/ASVspoof2019_LA_eval/flac/LA_E_9402622.flac,16
/data/DATASETS/ASV_Spoof_2019_LA/ASVspoof2019_LA_eval/flac/LA_E_9402962.flac,16
/data/DATASETS/ASV_Spoof_2019_LA/ASVspoof2019_LA_eval/flac/LA_E_9403451.flac,16
/data/DATASETS/ASV_Spoof_2019_LA/ASVspoof2019_LA_eval/flac/LA_E_9406400.flac,16
/data/DATASETS/ASV_Spoof_2019_LA/ASVspoof2019_LA_eval/flac/LA_E_9406431.flac,16
/data/DATASETS/ASV_Spoof_2019_LA/ASVspoof2019_LA_eval/flac/LA_E_9407738.flac,16
/data/DATASETS/ASV_Spoof_2019_LA/ASVspoof2019_LA_eval/flac/LA_E_9411570.flac,16
/data/DATASETS/ASV_Spoof_2019_LA/ASVspoof2019_LA_eval/flac/LA_E_9413281.flac,16
/data/DATASETS/ASV_Spoof_2019_LA/ASVspoof2019_LA_eval/flac/LA_E_9413678.flac,16
/data/DATASETS/ASV_Spoof_2019_LA/ASVspoof2019_LA_eval/flac/LA_E_9414833.flac,16
/data/DATASETS/ASV_Spoof_2019_LA/ASVspoof2019_LA_eval/flac/LA_E_9416461.flac,16
/data/DATASETS/ASV_Spoof_2019_LA/ASVspoof2019_LA_eval/flac/LA_E_9417241.flac,16
/data/DATASETS/ASV_Spoof_2019_LA/ASVspoof2019_LA_eval/flac/LA_E_9417263.flac,16
/data/DATASETS/ASV_Spoof_2019_LA/ASVspoof2019_LA_eval/flac/LA_E_9417745.flac,16
/data/DATASETS/ASV_Spoof_2019_LA/ASVspoof2019_LA_eval/flac/LA_E_9420063.flac,16
/data/DATASETS/ASV_Spoof_2019_LA/ASVspoof2019_LA_eval/flac/LA_E_9422506.flac,16
/data/DATASETS/ASV_Spoof_2019_LA/ASVspoof2019_LA_eval/flac/LA_E_9429187.flac,16
/data/DATASETS/ASV_Spoof_2019_LA/ASVspoof2019_LA_eval/flac/LA_E_9434819.flac,16
/data/DATASETS/ASV_Spoof_2019_LA/ASVspoof2019_LA_eval/flac/LA_E_9435608.flac,16
/data/DATASETS/ASV_Spoof_2019_LA/ASVspoof2019_LA_eval/flac/LA_E_9435804.flac,16
/data/DATASETS/ASV_Spoof_2019_LA/ASVspoof2019_LA_eval/flac/LA_E_9435818.flac,16
/data/DATASETS/ASV_Spoof_2019_LA/ASVspoof2019_LA_eval/flac/LA_E_9439500.flac,16
/data/DATASETS/ASV_Spoof_2019_LA/ASVspoof2019_LA_eval/flac/LA_E_9443194.flac,16
/data/DATASETS/ASV_Spoof_2019_LA/ASVspoof2019_LA_eval/flac/LA_E_9443457.flac,16
/data/DATASETS/ASV_Spoof_2019_LA/ASVspoof2019_LA_eval/flac/LA_E_9445818.flac,16
/data/DATASETS/ASV_Spoof_2019_LA/ASVspoof2019_LA_eval/flac/LA_E_9447478.flac,16
/data/DATASETS/ASV_Spoof_2019_LA/ASVspoof2019_LA_eval/flac/LA_E_9447597.flac,16
/data/DATASETS/ASV_Spoof_2019_LA/ASVspoof2019_LA_eval/flac/LA_E_9448502.flac,16
/data/DATASETS/ASV_Spoof_2019_LA/ASVspoof2019_LA_eval/flac/LA_E_9452980.flac,16
/data/DATASETS/ASV_Spoof_2019_LA/ASVspoof2019_LA_eval/flac/LA_E_9453691.flac,16
/data/DATASETS/ASV_Spoof_2019_LA/ASVspoof2019_LA_eval/flac/LA_E_9455259.flac,16
/data/DATASETS/ASV_Spoof_2019_LA/ASVspoof2019_LA_eval/flac/LA_E_9456295.flac,16
/data/DATASETS/ASV_Spoof_2019_LA/ASVspoof2019_LA_eval/flac/LA_E_9457046.flac,16
/data/DATASETS/ASV_Spoof_2019_LA/ASVspoof2019_LA_eval/flac/LA_E_9457426.flac,16
/data/DATASETS/ASV_Spoof_2019_LA/ASVspoof2019_LA_eval/flac/LA_E_9459475.flac,16
/data/DATASETS/ASV_Spoof_2019_LA/ASVspoof2019_LA_eval/flac/LA_E_9459873.flac,16
/data/DATASETS/ASV_Spoof_2019_LA/ASVspoof2019_LA_eval/flac/LA_E_9463244.flac,16
/data/DATASETS/ASV_Spoof_2019_LA/ASVspoof2019_LA_eval/flac/LA_E_9463413.flac,16
/data/DATASETS/ASV_Spoof_2019_LA/ASVspoof2019_LA_eval/flac/LA_E_9463478.flac,16
/data/DATASETS/ASV_Spoof_2019_LA/ASVspoof2019_LA_eval/flac/LA_E_9464165.flac,16
/data/DATASETS/ASV_Spoof_2019_LA/ASVspoof2019_LA_eval/flac/LA_E_9465434.flac,16
/data/DATASETS/ASV_Spoof_2019_LA/ASVspoof2019_LA_eval/flac/LA_E_9466084.flac,16
/data/DATASETS/ASV_Spoof_2019_LA/ASVspoof2019_LA_eval/flac/LA_E_9470998.flac,16
/data/DATASETS/ASV_Spoof_2019_LA/ASVspoof2019_LA_eval/flac/LA_E_9477177.flac,16
/data/DATASETS/ASV_Spoof_2019_LA/ASVspoof2019_LA_eval/flac/LA_E_9477533.flac,16
/data/DATASETS/ASV_Spoof_2019_LA/ASVspoof2019_LA_eval/flac/LA_E_9478183.flac,16
/data/DATASETS/ASV_Spoof_2019_LA/ASVspoof2019_LA_eval/flac/LA_E_9478242.flac,16
/data/DATASETS/ASV_Spoof_2019_LA/ASVspoof2019_LA_eval/flac/LA_E_9480433.flac,16
/data/DATASETS/ASV_Spoof_2019_LA/ASVspoof2019_LA_eval/flac/LA_E_9481526.flac,16
/data/DATASETS/ASV_Spoof_2019_LA/ASVspoof2019_LA_eval/flac/LA_E_9482193.flac,16
/data/DATASETS/ASV_Spoof_2019_LA/ASVspoof2019_LA_eval/flac/LA_E_9483336.flac,16
/data/DATASETS/ASV_Spoof_2019_LA/ASVspoof2019_LA_eval/flac/LA_E_9483982.flac,16
/data/DATASETS/ASV_Spoof_2019_LA/ASVspoof2019_LA_eval/flac/LA_E_9485314.flac,16
/data/DATASETS/ASV_Spoof_2019_LA/ASVspoof2019_LA_eval/flac/LA_E_9485748.flac,16
/data/DATASETS/ASV_Spoof_2019_LA/ASVspoof2019_LA_eval/flac/LA_E_9491128.flac,16
/data/DATASETS/ASV_Spoof_2019_LA/ASVspoof2019_LA_eval/flac/LA_E_9492175.flac,16
/data/DATASETS/ASV_Spoof_2019_LA/ASVspoof2019_LA_eval/flac/LA_E_9493544.flac,16
/data/DATASETS/ASV_Spoof_2019_LA/ASVspoof2019_LA_eval/flac/LA_E_9496281.flac,16
/data/DATASETS/ASV_Spoof_2019_LA/ASVspoof2019_LA_eval/flac/LA_E_9496402.flac,16
/data/DATASETS/ASV_Spoof_2019_LA/ASVspoof2019_LA_eval/flac/LA_E_9499120.flac,16
/data/DATASETS/ASV_Spoof_2019_LA/ASVspoof2019_LA_eval/flac/LA_E_9501183.flac,16
/data/DATASETS/ASV_Spoof_2019_LA/ASVspoof2019_LA_eval/flac/LA_E_9503573.flac,16
/data/DATASETS/ASV_Spoof_2019_LA/ASVspoof2019_LA_eval/flac/LA_E_9504518.flac,16
/data/DATASETS/ASV_Spoof_2019_LA/ASVspoof2019_LA_eval/flac/LA_E_9504698.flac,16
/data/DATASETS/ASV_Spoof_2019_LA/ASVspoof2019_LA_eval/flac/LA_E_9506823.flac,16
/data/DATASETS/ASV_Spoof_2019_LA/ASVspoof2019_LA_eval/flac/LA_E_9507579.flac,16
/data/DATASETS/ASV_Spoof_2019_LA/ASVspoof2019_LA_eval/flac/LA_E_9507850.flac,16
/data/DATASETS/ASV_Spoof_2019_LA/ASVspoof2019_LA_eval/flac/LA_E_9509894.flac,16
/data/DATASETS/ASV_Spoof_2019_LA/ASVspoof2019_LA_eval/flac/LA_E_9511064.flac,16
/data/DATASETS/ASV_Spoof_2019_LA/ASVspoof2019_LA_eval/flac/LA_E_9511888.flac,16
/data/DATASETS/ASV_Spoof_2019_LA/ASVspoof2019_LA_eval/flac/LA_E_9513615.flac,16
/data/DATASETS/ASV_Spoof_2019_LA/ASVspoof2019_LA_eval/flac/LA_E_9514096.flac,16
/data/DATASETS/ASV_Spoof_2019_LA/ASVspoof2019_LA_eval/flac/LA_E_9516364.flac,16
/data/DATASETS/ASV_Spoof_2019_LA/ASVspoof2019_LA_eval/flac/LA_E_9517919.flac,16
/data/DATASETS/ASV_Spoof_2019_LA/ASVspoof2019_LA_eval/flac/LA_E_9520317.flac,16
/data/DATASETS/ASV_Spoof_2019_LA/ASVspoof2019_LA_eval/flac/LA_E_9521057.flac,16
/data/DATASETS/ASV_Spoof_2019_LA/ASVspoof2019_LA_eval/flac/LA_E_9521934.flac,16
/data/DATASETS/ASV_Spoof_2019_LA/ASVspoof2019_LA_eval/flac/LA_E_9523299.flac,16
/data/DATASETS/ASV_Spoof_2019_LA/ASVspoof2019_LA_eval/flac/LA_E_9525726.flac,16
/data/DATASETS/ASV_Spoof_2019_LA/ASVspoof2019_LA_eval/flac/LA_E_9535706.flac,16
/data/DATASETS/ASV_Spoof_2019_LA/ASVspoof2019_LA_eval/flac/LA_E_9536131.flac,16
/data/DATASETS/ASV_Spoof_2019_LA/ASVspoof2019_LA_eval/flac/LA_E_9537470.flac,16
/data/DATASETS/ASV_Spoof_2019_LA/ASVspoof2019_LA_eval/flac/LA_E_9538027.flac,16
/data/DATASETS/ASV_Spoof_2019_LA/ASVspoof2019_LA_eval/flac/LA_E_9539174.flac,16
/data/DATASETS/ASV_Spoof_2019_LA/ASVspoof2019_LA_eval/flac/LA_E_9539611.flac,16
/data/DATASETS/ASV_Spoof_2019_LA/ASVspoof2019_LA_eval/flac/LA_E_9542068.flac,16
/data/DATASETS/ASV_Spoof_2019_LA/ASVspoof2019_LA_eval/flac/LA_E_9542074.flac,16
/data/DATASETS/ASV_Spoof_2019_LA/ASVspoof2019_LA_eval/flac/LA_E_9545907.flac,16
/data/DATASETS/ASV_Spoof_2019_LA/ASVspoof2019_LA_eval/flac/LA_E_9545942.flac,16
/data/DATASETS/ASV_Spoof_2019_LA/ASVspoof2019_LA_eval/flac/LA_E_9546020.flac,16
/data/DATASETS/ASV_Spoof_2019_LA/ASVspoof2019_LA_eval/flac/LA_E_9546127.flac,16
/data/DATASETS/ASV_Spoof_2019_LA/ASVspoof2019_LA_eval/flac/LA_E_9549788.flac,16
/data/DATASETS/ASV_Spoof_2019_LA/ASVspoof2019_LA_eval/flac/LA_E_9549865.flac,16
/data/DATASETS/ASV_Spoof_2019_LA/ASVspoof2019_LA_eval/flac/LA_E_9551279.flac,16
/data/DATASETS/ASV_Spoof_2019_LA/ASVspoof2019_LA_eval/flac/LA_E_9552199.flac,16
/data/DATASETS/ASV_Spoof_2019_LA/ASVspoof2019_LA_eval/flac/LA_E_9552740.flac,16
/data/DATASETS/ASV_Spoof_2019_LA/ASVspoof2019_LA_eval/flac/LA_E_9554831.flac,16
/data/DATASETS/ASV_Spoof_2019_LA/ASVspoof2019_LA_eval/flac/LA_E_9555879.flac,16
/data/DATASETS/ASV_Spoof_2019_LA/ASVspoof2019_LA_eval/flac/LA_E_9556035.flac,16
/data/DATASETS/ASV_Spoof_2019_LA/ASVspoof2019_LA_eval/flac/LA_E_9558982.flac,16
/data/DATASETS/ASV_Spoof_2019_LA/ASVspoof2019_LA_eval/flac/LA_E_9559065.flac,16
/data/DATASETS/ASV_Spoof_2019_LA/ASVspoof2019_LA_eval/flac/LA_E_9562207.flac,16
/data/DATASETS/ASV_Spoof_2019_LA/ASVspoof2019_LA_eval/flac/LA_E_9564369.flac,16
/data/DATASETS/ASV_Spoof_2019_LA/ASVspoof2019_LA_eval/flac/LA_E_9564594.flac,16
/data/DATASETS/ASV_Spoof_2019_LA/ASVspoof2019_LA_eval/flac/LA_E_9565396.flac,16
/data/DATASETS/ASV_Spoof_2019_LA/ASVspoof2019_LA_eval/flac/LA_E_9566264.flac,16
/data/DATASETS/ASV_Spoof_2019_LA/ASVspoof2019_LA_eval/flac/LA_E_9568023.flac,16
/data/DATASETS/ASV_Spoof_2019_LA/ASVspoof2019_LA_eval/flac/LA_E_9568199.flac,16
/data/DATASETS/ASV_Spoof_2019_LA/ASVspoof2019_LA_eval/flac/LA_E_9573754.flac,16
/data/DATASETS/ASV_Spoof_2019_LA/ASVspoof2019_LA_eval/flac/LA_E_9576544.flac,16
/data/DATASETS/ASV_Spoof_2019_LA/ASVspoof2019_LA_eval/flac/LA_E_9576583.flac,16
/data/DATASETS/ASV_Spoof_2019_LA/ASVspoof2019_LA_eval/flac/LA_E_9577521.flac,16
/data/DATASETS/ASV_Spoof_2019_LA/ASVspoof2019_LA_eval/flac/LA_E_9578129.flac,16
/data/DATASETS/ASV_Spoof_2019_LA/ASVspoof2019_LA_eval/flac/LA_E_9581470.flac,16
/data/DATASETS/ASV_Spoof_2019_LA/ASVspoof2019_LA_eval/flac/LA_E_9582615.flac,16
/data/DATASETS/ASV_Spoof_2019_LA/ASVspoof2019_LA_eval/flac/LA_E_9583817.flac,16
/data/DATASETS/ASV_Spoof_2019_LA/ASVspoof2019_LA_eval/flac/LA_E_9584292.flac,16
/data/DATASETS/ASV_Spoof_2019_LA/ASVspoof2019_LA_eval/flac/LA_E_9584861.flac,16
/data/DATASETS/ASV_Spoof_2019_LA/ASVspoof2019_LA_eval/flac/LA_E_9586210.flac,16
/data/DATASETS/ASV_Spoof_2019_LA/ASVspoof2019_LA_eval/flac/LA_E_9589088.flac,16
/data/DATASETS/ASV_Spoof_2019_LA/ASVspoof2019_LA_eval/flac/LA_E_9591239.flac,16
/data/DATASETS/ASV_Spoof_2019_LA/ASVspoof2019_LA_eval/flac/LA_E_9591421.flac,16
/data/DATASETS/ASV_Spoof_2019_LA/ASVspoof2019_LA_eval/flac/LA_E_9592286.flac,16
/data/DATASETS/ASV_Spoof_2019_LA/ASVspoof2019_LA_eval/flac/LA_E_9596891.flac,16
/data/DATASETS/ASV_Spoof_2019_LA/ASVspoof2019_LA_eval/flac/LA_E_9597937.flac,16
/data/DATASETS/ASV_Spoof_2019_LA/ASVspoof2019_LA_eval/flac/LA_E_9601110.flac,16
/data/DATASETS/ASV_Spoof_2019_LA/ASVspoof2019_LA_eval/flac/LA_E_9605375.flac,16
/data/DATASETS/ASV_Spoof_2019_LA/ASVspoof2019_LA_eval/flac/LA_E_9607187.flac,16
/data/DATASETS/ASV_Spoof_2019_LA/ASVspoof2019_LA_eval/flac/LA_E_9610430.flac,16
/data/DATASETS/ASV_Spoof_2019_LA/ASVspoof2019_LA_eval/flac/LA_E_9612873.flac,16
/data/DATASETS/ASV_Spoof_2019_LA/ASVspoof2019_LA_eval/flac/LA_E_9620412.flac,16
/data/DATASETS/ASV_Spoof_2019_LA/ASVspoof2019_LA_eval/flac/LA_E_9621540.flac,16
/data/DATASETS/ASV_Spoof_2019_LA/ASVspoof2019_LA_eval/flac/LA_E_9621748.flac,16
/data/DATASETS/ASV_Spoof_2019_LA/ASVspoof2019_LA_eval/flac/LA_E_9621994.flac,16
/data/DATASETS/ASV_Spoof_2019_LA/ASVspoof2019_LA_eval/flac/LA_E_9623062.flac,16
/data/DATASETS/ASV_Spoof_2019_LA/ASVspoof2019_LA_eval/flac/LA_E_9627830.flac,16
/data/DATASETS/ASV_Spoof_2019_LA/ASVspoof2019_LA_eval/flac/LA_E_9628336.flac,16
/data/DATASETS/ASV_Spoof_2019_LA/ASVspoof2019_LA_eval/flac/LA_E_9632174.flac,16
/data/DATASETS/ASV_Spoof_2019_LA/ASVspoof2019_LA_eval/flac/LA_E_9634741.flac,16
/data/DATASETS/ASV_Spoof_2019_LA/ASVspoof2019_LA_eval/flac/LA_E_9635335.flac,16
/data/DATASETS/ASV_Spoof_2019_LA/ASVspoof2019_LA_eval/flac/LA_E_9635933.flac,16
/data/DATASETS/ASV_Spoof_2019_LA/ASVspoof2019_LA_eval/flac/LA_E_9636521.flac,16
/data/DATASETS/ASV_Spoof_2019_LA/ASVspoof2019_LA_eval/flac/LA_E_9637009.flac,16
/data/DATASETS/ASV_Spoof_2019_LA/ASVspoof2019_LA_eval/flac/LA_E_9638599.flac,16
/data/DATASETS/ASV_Spoof_2019_LA/ASVspoof2019_LA_eval/flac/LA_E_9640457.flac,16
/data/DATASETS/ASV_Spoof_2019_LA/ASVspoof2019_LA_eval/flac/LA_E_9643402.flac,16
/data/DATASETS/ASV_Spoof_2019_LA/ASVspoof2019_LA_eval/flac/LA_E_9644494.flac,16
/data/DATASETS/ASV_Spoof_2019_LA/ASVspoof2019_LA_eval/flac/LA_E_9645114.flac,16
/data/DATASETS/ASV_Spoof_2019_LA/ASVspoof2019_LA_eval/flac/LA_E_9645493.flac,16
/data/DATASETS/ASV_Spoof_2019_LA/ASVspoof2019_LA_eval/flac/LA_E_9647312.flac,16
/data/DATASETS/ASV_Spoof_2019_LA/ASVspoof2019_LA_eval/flac/LA_E_9648841.flac,16
/data/DATASETS/ASV_Spoof_2019_LA/ASVspoof2019_LA_eval/flac/LA_E_9649076.flac,16
/data/DATASETS/ASV_Spoof_2019_LA/ASVspoof2019_LA_eval/flac/LA_E_9649786.flac,16
/data/DATASETS/ASV_Spoof_2019_LA/ASVspoof2019_LA_eval/flac/LA_E_9650564.flac,16
/data/DATASETS/ASV_Spoof_2019_LA/ASVspoof2019_LA_eval/flac/LA_E_9654307.flac,16
/data/DATASETS/ASV_Spoof_2019_LA/ASVspoof2019_LA_eval/flac/LA_E_9655177.flac,16
/data/DATASETS/ASV_Spoof_2019_LA/ASVspoof2019_LA_eval/flac/LA_E_9655987.flac,16
/data/DATASETS/ASV_Spoof_2019_LA/ASVspoof2019_LA_eval/flac/LA_E_9660417.flac,16
/data/DATASETS/ASV_Spoof_2019_LA/ASVspoof2019_LA_eval/flac/LA_E_9661096.flac,16
/data/DATASETS/ASV_Spoof_2019_LA/ASVspoof2019_LA_eval/flac/LA_E_9666211.flac,16
/data/DATASETS/ASV_Spoof_2019_LA/ASVspoof2019_LA_eval/flac/LA_E_9666717.flac,16
/data/DATASETS/ASV_Spoof_2019_LA/ASVspoof2019_LA_eval/flac/LA_E_9667604.flac,16
/data/DATASETS/ASV_Spoof_2019_LA/ASVspoof2019_LA_eval/flac/LA_E_9667940.flac,16
/data/DATASETS/ASV_Spoof_2019_LA/ASVspoof2019_LA_eval/flac/LA_E_9670252.flac,16
/data/DATASETS/ASV_Spoof_2019_LA/ASVspoof2019_LA_eval/flac/LA_E_9672295.flac,16
/data/DATASETS/ASV_Spoof_2019_LA/ASVspoof2019_LA_eval/flac/LA_E_9672950.flac,16
/data/DATASETS/ASV_Spoof_2019_LA/ASVspoof2019_LA_eval/flac/LA_E_9672967.flac,16
/data/DATASETS/ASV_Spoof_2019_LA/ASVspoof2019_LA_eval/flac/LA_E_9674609.flac,16
/data/DATASETS/ASV_Spoof_2019_LA/ASVspoof2019_LA_eval/flac/LA_E_9678372.flac,16
/data/DATASETS/ASV_Spoof_2019_LA/ASVspoof2019_LA_eval/flac/LA_E_9679489.flac,16
/data/DATASETS/ASV_Spoof_2019_LA/ASVspoof2019_LA_eval/flac/LA_E_9679618.flac,16
/data/DATASETS/ASV_Spoof_2019_LA/ASVspoof2019_LA_eval/flac/LA_E_9683053.flac,16
/data/DATASETS/ASV_Spoof_2019_LA/ASVspoof2019_LA_eval/flac/LA_E_9686762.flac,16
/data/DATASETS/ASV_Spoof_2019_LA/ASVspoof2019_LA_eval/flac/LA_E_9687919.flac,16
/data/DATASETS/ASV_Spoof_2019_LA/ASVspoof2019_LA_eval/flac/LA_E_9688012.flac,16
/data/DATASETS/ASV_Spoof_2019_LA/ASVspoof2019_LA_eval/flac/LA_E_9688955.flac,16
/data/DATASETS/ASV_Spoof_2019_LA/ASVspoof2019_LA_eval/flac/LA_E_9690104.flac,16
/data/DATASETS/ASV_Spoof_2019_LA/ASVspoof2019_LA_eval/flac/LA_E_9691411.flac,16
/data/DATASETS/ASV_Spoof_2019_LA/ASVspoof2019_LA_eval/flac/LA_E_9693169.flac,16
/data/DATASETS/ASV_Spoof_2019_LA/ASVspoof2019_LA_eval/flac/LA_E_9693689.flac,16
/data/DATASETS/ASV_Spoof_2019_LA/ASVspoof2019_LA_eval/flac/LA_E_9694071.flac,16
/data/DATASETS/ASV_Spoof_2019_LA/ASVspoof2019_LA_eval/flac/LA_E_9696680.flac,16
/data/DATASETS/ASV_Spoof_2019_LA/ASVspoof2019_LA_eval/flac/LA_E_9696805.flac,16
/data/DATASETS/ASV_Spoof_2019_LA/ASVspoof2019_LA_eval/flac/LA_E_9699619.flac,16
/data/DATASETS/ASV_Spoof_2019_LA/ASVspoof2019_LA_eval/flac/LA_E_9702145.flac,16
/data/DATASETS/ASV_Spoof_2019_LA/ASVspoof2019_LA_eval/flac/LA_E_9703165.flac,16
/data/DATASETS/ASV_Spoof_2019_LA/ASVspoof2019_LA_eval/flac/LA_E_9703799.flac,16
/data/DATASETS/ASV_Spoof_2019_LA/ASVspoof2019_LA_eval/flac/LA_E_9706418.flac,16
/data/DATASETS/ASV_Spoof_2019_LA/ASVspoof2019_LA_eval/flac/LA_E_9707566.flac,16
/data/DATASETS/ASV_Spoof_2019_LA/ASVspoof2019_LA_eval/flac/LA_E_9708042.flac,16
/data/DATASETS/ASV_Spoof_2019_LA/ASVspoof2019_LA_eval/flac/LA_E_9709400.flac,16
/data/DATASETS/ASV_Spoof_2019_LA/ASVspoof2019_LA_eval/flac/LA_E_9709901.flac,16
/data/DATASETS/ASV_Spoof_2019_LA/ASVspoof2019_LA_eval/flac/LA_E_9712012.flac,16
/data/DATASETS/ASV_Spoof_2019_LA/ASVspoof2019_LA_eval/flac/LA_E_9713561.flac,16
/data/DATASETS/ASV_Spoof_2019_LA/ASVspoof2019_LA_eval/flac/LA_E_9713642.flac,16
/data/DATASETS/ASV_Spoof_2019_LA/ASVspoof2019_LA_eval/flac/LA_E_9714173.flac,16
/data/DATASETS/ASV_Spoof_2019_LA/ASVspoof2019_LA_eval/flac/LA_E_9716441.flac,16
/data/DATASETS/ASV_Spoof_2019_LA/ASVspoof2019_LA_eval/flac/LA_E_9720434.flac,16
/data/DATASETS/ASV_Spoof_2019_LA/ASVspoof2019_LA_eval/flac/LA_E_9725585.flac,16
/data/DATASETS/ASV_Spoof_2019_LA/ASVspoof2019_LA_eval/flac/LA_E_9725899.flac,16
/data/DATASETS/ASV_Spoof_2019_LA/ASVspoof2019_LA_eval/flac/LA_E_9727925.flac,16
/data/DATASETS/ASV_Spoof_2019_LA/ASVspoof2019_LA_eval/flac/LA_E_9737357.flac,16
/data/DATASETS/ASV_Spoof_2019_LA/ASVspoof2019_LA_eval/flac/LA_E_9740795.flac,16
/data/DATASETS/ASV_Spoof_2019_LA/ASVspoof2019_LA_eval/flac/LA_E_9744848.flac,16
/data/DATASETS/ASV_Spoof_2019_LA/ASVspoof2019_LA_eval/flac/LA_E_9744966.flac,16
/data/DATASETS/ASV_Spoof_2019_LA/ASVspoof2019_LA_eval/flac/LA_E_9746308.flac,16
/data/DATASETS/ASV_Spoof_2019_LA/ASVspoof2019_LA_eval/flac/LA_E_9749462.flac,16
/data/DATASETS/ASV_Spoof_2019_LA/ASVspoof2019_LA_eval/flac/LA_E_9751822.flac,16
/data/DATASETS/ASV_Spoof_2019_LA/ASVspoof2019_LA_eval/flac/LA_E_9753864.flac,16
/data/DATASETS/ASV_Spoof_2019_LA/ASVspoof2019_LA_eval/flac/LA_E_9755088.flac,16
/data/DATASETS/ASV_Spoof_2019_LA/ASVspoof2019_LA_eval/flac/LA_E_9756004.flac,16
/data/DATASETS/ASV_Spoof_2019_LA/ASVspoof2019_LA_eval/flac/LA_E_9756536.flac,16
/data/DATASETS/ASV_Spoof_2019_LA/ASVspoof2019_LA_eval/flac/LA_E_9756979.flac,16
/data/DATASETS/ASV_Spoof_2019_LA/ASVspoof2019_LA_eval/flac/LA_E_9757125.flac,16
/data/DATASETS/ASV_Spoof_2019_LA/ASVspoof2019_LA_eval/flac/LA_E_9760268.flac,16
/data/DATASETS/ASV_Spoof_2019_LA/ASVspoof2019_LA_eval/flac/LA_E_9760655.flac,16
/data/DATASETS/ASV_Spoof_2019_LA/ASVspoof2019_LA_eval/flac/LA_E_9763321.flac,16
/data/DATASETS/ASV_Spoof_2019_LA/ASVspoof2019_LA_eval/flac/LA_E_9763818.flac,16
/data/DATASETS/ASV_Spoof_2019_LA/ASVspoof2019_LA_eval/flac/LA_E_9764349.flac,16
/data/DATASETS/ASV_Spoof_2019_LA/ASVspoof2019_LA_eval/flac/LA_E_9766834.flac,16
/data/DATASETS/ASV_Spoof_2019_LA/ASVspoof2019_LA_eval/flac/LA_E_9771812.flac,16
/data/DATASETS/ASV_Spoof_2019_LA/ASVspoof2019_LA_eval/flac/LA_E_9777860.flac,16
/data/DATASETS/ASV_Spoof_2019_LA/ASVspoof2019_LA_eval/flac/LA_E_9778251.flac,16
/data/DATASETS/ASV_Spoof_2019_LA/ASVspoof2019_LA_eval/flac/LA_E_9779568.flac,16
/data/DATASETS/ASV_Spoof_2019_LA/ASVspoof2019_LA_eval/flac/LA_E_9780016.flac,16
/data/DATASETS/ASV_Spoof_2019_LA/ASVspoof2019_LA_eval/flac/LA_E_9781302.flac,16
/data/DATASETS/ASV_Spoof_2019_LA/ASVspoof2019_LA_eval/flac/LA_E_9783062.flac,16
/data/DATASETS/ASV_Spoof_2019_LA/ASVspoof2019_LA_eval/flac/LA_E_9785379.flac,16
/data/DATASETS/ASV_Spoof_2019_LA/ASVspoof2019_LA_eval/flac/LA_E_9787230.flac,16
/data/DATASETS/ASV_Spoof_2019_LA/ASVspoof2019_LA_eval/flac/LA_E_9789099.flac,16
/data/DATASETS/ASV_Spoof_2019_LA/ASVspoof2019_LA_eval/flac/LA_E_9791582.flac,16
/data/DATASETS/ASV_Spoof_2019_LA/ASVspoof2019_LA_eval/flac/LA_E_9792015.flac,16
/data/DATASETS/ASV_Spoof_2019_LA/ASVspoof2019_LA_eval/flac/LA_E_9792738.flac,16
/data/DATASETS/ASV_Spoof_2019_LA/ASVspoof2019_LA_eval/flac/LA_E_9793205.flac,16
/data/DATASETS/ASV_Spoof_2019_LA/ASVspoof2019_LA_eval/flac/LA_E_9794400.flac,16
/data/DATASETS/ASV_Spoof_2019_LA/ASVspoof2019_LA_eval/flac/LA_E_9795004.flac,16
/data/DATASETS/ASV_Spoof_2019_LA/ASVspoof2019_LA_eval/flac/LA_E_9799870.flac,16
/data/DATASETS/ASV_Spoof_2019_LA/ASVspoof2019_LA_eval/flac/LA_E_9801491.flac,16
/data/DATASETS/ASV_Spoof_2019_LA/ASVspoof2019_LA_eval/flac/LA_E_9802908.flac,16
/data/DATASETS/ASV_Spoof_2019_LA/ASVspoof2019_LA_eval/flac/LA_E_9811927.flac,16
/data/DATASETS/ASV_Spoof_2019_LA/ASVspoof2019_LA_eval/flac/LA_E_9814208.flac,16
/data/DATASETS/ASV_Spoof_2019_LA/ASVspoof2019_LA_eval/flac/LA_E_9816272.flac,16
/data/DATASETS/ASV_Spoof_2019_LA/ASVspoof2019_LA_eval/flac/LA_E_9816956.flac,16
/data/DATASETS/ASV_Spoof_2019_LA/ASVspoof2019_LA_eval/flac/LA_E_9817126.flac,16
/data/DATASETS/ASV_Spoof_2019_LA/ASVspoof2019_LA_eval/flac/LA_E_9818839.flac,16
/data/DATASETS/ASV_Spoof_2019_LA/ASVspoof2019_LA_eval/flac/LA_E_9820833.flac,16
/data/DATASETS/ASV_Spoof_2019_LA/ASVspoof2019_LA_eval/flac/LA_E_9821038.flac,16
/data/DATASETS/ASV_Spoof_2019_LA/ASVspoof2019_LA_eval/flac/LA_E_9828432.flac,16
/data/DATASETS/ASV_Spoof_2019_LA/ASVspoof2019_LA_eval/flac/LA_E_9828998.flac,16
/data/DATASETS/ASV_Spoof_2019_LA/ASVspoof2019_LA_eval/flac/LA_E_9829110.flac,16
/data/DATASETS/ASV_Spoof_2019_LA/ASVspoof2019_LA_eval/flac/LA_E_9830495.flac,16
/data/DATASETS/ASV_Spoof_2019_LA/ASVspoof2019_LA_eval/flac/LA_E_9830565.flac,16
/data/DATASETS/ASV_Spoof_2019_LA/ASVspoof2019_LA_eval/flac/LA_E_9833668.flac,16
/data/DATASETS/ASV_Spoof_2019_LA/ASVspoof2019_LA_eval/flac/LA_E_9834302.flac,16
/data/DATASETS/ASV_Spoof_2019_LA/ASVspoof2019_LA_eval/flac/LA_E_9837433.flac,16
/data/DATASETS/ASV_Spoof_2019_LA/ASVspoof2019_LA_eval/flac/LA_E_9839763.flac,16
/data/DATASETS/ASV_Spoof_2019_LA/ASVspoof2019_LA_eval/flac/LA_E_9851180.flac,16
/data/DATASETS/ASV_Spoof_2019_LA/ASVspoof2019_LA_eval/flac/LA_E_9853217.flac,16
/data/DATASETS/ASV_Spoof_2019_LA/ASVspoof2019_LA_eval/flac/LA_E_9854963.flac,16
/data/DATASETS/ASV_Spoof_2019_LA/ASVspoof2019_LA_eval/flac/LA_E_9855939.flac,16
/data/DATASETS/ASV_Spoof_2019_LA/ASVspoof2019_LA_eval/flac/LA_E_9856773.flac,16
/data/DATASETS/ASV_Spoof_2019_LA/ASVspoof2019_LA_eval/flac/LA_E_9857365.flac,16
/data/DATASETS/ASV_Spoof_2019_LA/ASVspoof2019_LA_eval/flac/LA_E_9860488.flac,16
/data/DATASETS/ASV_Spoof_2019_LA/ASVspoof2019_LA_eval/flac/LA_E_9861603.flac,16
/data/DATASETS/ASV_Spoof_2019_LA/ASVspoof2019_LA_eval/flac/LA_E_9862516.flac,16
/data/DATASETS/ASV_Spoof_2019_LA/ASVspoof2019_LA_eval/flac/LA_E_9862567.flac,16
/data/DATASETS/ASV_Spoof_2019_LA/ASVspoof2019_LA_eval/flac/LA_E_9862650.flac,16
/data/DATASETS/ASV_Spoof_2019_LA/ASVspoof2019_LA_eval/flac/LA_E_9865161.flac,16
/data/DATASETS/ASV_Spoof_2019_LA/ASVspoof2019_LA_eval/flac/LA_E_9866790.flac,16
/data/DATASETS/ASV_Spoof_2019_LA/ASVspoof2019_LA_eval/flac/LA_E_9867085.flac,16
/data/DATASETS/ASV_Spoof_2019_LA/ASVspoof2019_LA_eval/flac/LA_E_9870385.flac,16
/data/DATASETS/ASV_Spoof_2019_LA/ASVspoof2019_LA_eval/flac/LA_E_9872618.flac,16
/data/DATASETS/ASV_Spoof_2019_LA/ASVspoof2019_LA_eval/flac/LA_E_9876962.flac,16
/data/DATASETS/ASV_Spoof_2019_LA/ASVspoof2019_LA_eval/flac/LA_E_9878615.flac,16
/data/DATASETS/ASV_Spoof_2019_LA/ASVspoof2019_LA_eval/flac/LA_E_9879600.flac,16
/data/DATASETS/ASV_Spoof_2019_LA/ASVspoof2019_LA_eval/flac/LA_E_9882572.flac,16
/data/DATASETS/ASV_Spoof_2019_LA/ASVspoof2019_LA_eval/flac/LA_E_9883897.flac,16
/data/DATASETS/ASV_Spoof_2019_LA/ASVspoof2019_LA_eval/flac/LA_E_9884178.flac,16
/data/DATASETS/ASV_Spoof_2019_LA/ASVspoof2019_LA_eval/flac/LA_E_9884331.flac,16
/data/DATASETS/ASV_Spoof_2019_LA/ASVspoof2019_LA_eval/flac/LA_E_9886936.flac,16
/data/DATASETS/ASV_Spoof_2019_LA/ASVspoof2019_LA_eval/flac/LA_E_9890213.flac,16
/data/DATASETS/ASV_Spoof_2019_LA/ASVspoof2019_LA_eval/flac/LA_E_9890293.flac,16
/data/DATASETS/ASV_Spoof_2019_LA/ASVspoof2019_LA_eval/flac/LA_E_9893191.flac,16
/data/DATASETS/ASV_Spoof_2019_LA/ASVspoof2019_LA_eval/flac/LA_E_9897745.flac,16
/data/DATASETS/ASV_Spoof_2019_LA/ASVspoof2019_LA_eval/flac/LA_E_9898021.flac,16
/data/DATASETS/ASV_Spoof_2019_LA/ASVspoof2019_LA_eval/flac/LA_E_9899190.flac,16
/data/DATASETS/ASV_Spoof_2019_LA/ASVspoof2019_LA_eval/flac/LA_E_9900417.flac,16
/data/DATASETS/ASV_Spoof_2019_LA/ASVspoof2019_LA_eval/flac/LA_E_9904923.flac,16
/data/DATASETS/ASV_Spoof_2019_LA/ASVspoof2019_LA_eval/flac/LA_E_9905312.flac,16
/data/DATASETS/ASV_Spoof_2019_LA/ASVspoof2019_LA_eval/flac/LA_E_9908156.flac,16
/data/DATASETS/ASV_Spoof_2019_LA/ASVspoof2019_LA_eval/flac/LA_E_9913463.flac,16
/data/DATASETS/ASV_Spoof_2019_LA/ASVspoof2019_LA_eval/flac/LA_E_9913607.flac,16
/data/DATASETS/ASV_Spoof_2019_LA/ASVspoof2019_LA_eval/flac/LA_E_9918348.flac,16
/data/DATASETS/ASV_Spoof_2019_LA/ASVspoof2019_LA_eval/flac/LA_E_9918668.flac,16
/data/DATASETS/ASV_Spoof_2019_LA/ASVspoof2019_LA_eval/flac/LA_E_9925014.flac,16
/data/DATASETS/ASV_Spoof_2019_LA/ASVspoof2019_LA_eval/flac/LA_E_9925339.flac,16
/data/DATASETS/ASV_Spoof_2019_LA/ASVspoof2019_LA_eval/flac/LA_E_9927919.flac,16
/data/DATASETS/ASV_Spoof_2019_LA/ASVspoof2019_LA_eval/flac/LA_E_9931165.flac,16
/data/DATASETS/ASV_Spoof_2019_LA/ASVspoof2019_LA_eval/flac/LA_E_9937215.flac,16
/data/DATASETS/ASV_Spoof_2019_LA/ASVspoof2019_LA_eval/flac/LA_E_9937222.flac,16
/data/DATASETS/ASV_Spoof_2019_LA/ASVspoof2019_LA_eval/flac/LA_E_9939469.flac,16
/data/DATASETS/ASV_Spoof_2019_LA/ASVspoof2019_LA_eval/flac/LA_E_9939664.flac,16
/data/DATASETS/ASV_Spoof_2019_LA/ASVspoof2019_LA_eval/flac/LA_E_9942705.flac,16
/data/DATASETS/ASV_Spoof_2019_LA/ASVspoof2019_LA_eval/flac/LA_E_9943549.flac,16
/data/DATASETS/ASV_Spoof_2019_LA/ASVspoof2019_LA_eval/flac/LA_E_9944556.flac,16
/data/DATASETS/ASV_Spoof_2019_LA/ASVspoof2019_LA_eval/flac/LA_E_9945234.flac,16
/data/DATASETS/ASV_Spoof_2019_LA/ASVspoof2019_LA_eval/flac/LA_E_9954664.flac,16
/data/DATASETS/ASV_Spoof_2019_LA/ASVspoof2019_LA_eval/flac/LA_E_9956943.flac,16
/data/DATASETS/ASV_Spoof_2019_LA/ASVspoof2019_LA_eval/flac/LA_E_9957161.flac,16
/data/DATASETS/ASV_Spoof_2019_LA/ASVspoof2019_LA_eval/flac/LA_E_9958014.flac,16
/data/DATASETS/ASV_Spoof_2019_LA/ASVspoof2019_LA_eval/flac/LA_E_9958575.flac,16
/data/DATASETS/ASV_Spoof_2019_LA/ASVspoof2019_LA_eval/flac/LA_E_9960571.flac,16
/data/DATASETS/ASV_Spoof_2019_LA/ASVspoof2019_LA_eval/flac/LA_E_9962241.flac,16
/data/DATASETS/ASV_Spoof_2019_LA/ASVspoof2019_LA_eval/flac/LA_E_9964292.flac,16
/data/DATASETS/ASV_Spoof_2019_LA/ASVspoof2019_LA_eval/flac/LA_E_9965571.flac,16
/data/DATASETS/ASV_Spoof_2019_LA/ASVspoof2019_LA_eval/flac/LA_E_9967446.flac,16
/data/DATASETS/ASV_Spoof_2019_LA/ASVspoof2019_LA_eval/flac/LA_E_9967846.flac,16
/data/DATASETS/ASV_Spoof_2019_LA/ASVspoof2019_LA_eval/flac/LA_E_9969637.flac,16
/data/DATASETS/ASV_Spoof_2019_LA/ASVspoof2019_LA_eval/flac/LA_E_9969918.flac,16
/data/DATASETS/ASV_Spoof_2019_LA/ASVspoof2019_LA_eval/flac/LA_E_9970140.flac,16
/data/DATASETS/ASV_Spoof_2019_LA/ASVspoof2019_LA_eval/flac/LA_E_9970671.flac,16
/data/DATASETS/ASV_Spoof_2019_LA/ASVspoof2019_LA_eval/flac/LA_E_9972301.flac,16
/data/DATASETS/ASV_Spoof_2019_LA/ASVspoof2019_LA_eval/flac/LA_E_9978421.flac,16
/data/DATASETS/ASV_Spoof_2019_LA/ASVspoof2019_LA_eval/flac/LA_E_9978828.flac,16
/data/DATASETS/ASV_Spoof_2019_LA/ASVspoof2019_LA_eval/flac/LA_E_9979123.flac,16
/data/DATASETS/ASV_Spoof_2019_LA/ASVspoof2019_LA_eval/flac/LA_E_9980078.flac,16
/data/DATASETS/ASV_Spoof_2019_LA/ASVspoof2019_LA_eval/flac/LA_E_9980238.flac,16
/data/DATASETS/ASV_Spoof_2019_LA/ASVspoof2019_LA_eval/flac/LA_E_9980306.flac,16
/data/DATASETS/ASV_Spoof_2019_LA/ASVspoof2019_LA_eval/flac/LA_E_9980388.flac,16
/data/DATASETS/ASV_Spoof_2019_LA/ASVspoof2019_LA_eval/flac/LA_E_9980625.flac,16
/data/DATASETS/ASV_Spoof_2019_LA/ASVspoof2019_LA_eval/flac/LA_E_9983633.flac,16
/data/DATASETS/ASV_Spoof_2019_LA/ASVspoof2019_LA_eval/flac/LA_E_9986902.flac,16
/data/DATASETS/ASV_Spoof_2019_LA/ASVspoof2019_LA_eval/flac/LA_E_9986943.flac,16
/data/DATASETS/ASV_Spoof_2019_LA/ASVspoof2019_LA_eval/flac/LA_E_9991462.flac,16
/data/DATASETS/ASV_Spoof_2019_LA/ASVspoof2019_LA_eval/flac/LA_E_9994562.flac,16
/data/DATASETS/ASV_Spoof_2019_LA/ASVspoof2019_LA_eval/flac/LA_E_9995060.flac,16
/data/DATASETS/ASV_Spoof_2019_LA/ASVspoof2019_LA_eval/flac/LA_E_9997171.flac,16
/data/DATASETS/ASV_Spoof_2019_LA/ASVspoof2019_LA_eval/flac/LA_E_9999988.flac,16
