path,label
/data/DATASETS/LJSpeech-1.1/wavs/LJ038-0148.wav,0
/data/DATASETS/LJSpeech-1.1/wavs/LJ020-0103.wav,0
/data/DATASETS/LJSpeech-1.1/wavs/LJ032-0091.wav,0
/data/DATASETS/LJSpeech-1.1/wavs/LJ009-0103.wav,0
/data/DATASETS/LJSpeech-1.1/wavs/LJ046-0122.wav,0
/data/DATASETS/LJSpeech-1.1/wavs/LJ014-0254.wav,0
/data/DATASETS/LJSpeech-1.1/wavs/LJ048-0066.wav,0
/data/DATASETS/LJSpeech-1.1/wavs/LJ024-0116.wav,0
/data/DATASETS/LJSpeech-1.1/wavs/LJ030-0083.wav,0
/data/DATASETS/LJSpeech-1.1/wavs/LJ008-0022.wav,0
/data/DATASETS/LJSpeech-1.1/wavs/LJ047-0134.wav,0
/data/DATASETS/LJSpeech-1.1/wavs/LJ040-0129.wav,0
/data/DATASETS/LJSpeech-1.1/wavs/LJ037-0256.wav,0
/data/DATASETS/LJSpeech-1.1/wavs/LJ028-0165.wav,0
/data/DATASETS/LJSpeech-1.1/wavs/LJ034-0022.wav,0
/data/DATASETS/LJSpeech-1.1/wavs/LJ032-0128.wav,0
/data/DATASETS/LJSpeech-1.1/wavs/LJ043-0180.wav,0
/data/DATASETS/LJSpeech-1.1/wavs/LJ030-0098.wav,0
/data/DATASETS/LJSpeech-1.1/wavs/LJ003-0012.wav,0
/data/DATASETS/LJSpeech-1.1/wavs/LJ038-0067.wav,0
/data/DATASETS/LJSpeech-1.1/wavs/LJ049-0090.wav,0
/data/DATASETS/LJSpeech-1.1/wavs/LJ005-0296.wav,0
/data/DATASETS/LJSpeech-1.1/wavs/LJ027-0086.wav,0
/data/DATASETS/LJSpeech-1.1/wavs/LJ006-0040.wav,0
/data/DATASETS/LJSpeech-1.1/wavs/LJ036-0204.wav,0
/data/DATASETS/LJSpeech-1.1/wavs/LJ022-0088.wav,0
/data/DATASETS/LJSpeech-1.1/wavs/LJ032-0095.wav,0
/data/DATASETS/LJSpeech-1.1/wavs/LJ006-0181.wav,0
/data/DATASETS/LJSpeech-1.1/wavs/LJ043-0188.wav,0
/data/DATASETS/LJSpeech-1.1/wavs/LJ018-0094.wav,0
/data/DATASETS/LJSpeech-1.1/wavs/LJ044-0152.wav,0
/data/DATASETS/LJSpeech-1.1/wavs/LJ042-0016.wav,0
/data/DATASETS/LJSpeech-1.1/wavs/LJ033-0029.wav,0
/data/DATASETS/LJSpeech-1.1/wavs/LJ017-0195.wav,0
/data/DATASETS/LJSpeech-1.1/wavs/LJ007-0059.wav,0
/data/DATASETS/LJSpeech-1.1/wavs/LJ018-0112.wav,0
/data/DATASETS/LJSpeech-1.1/wavs/LJ038-0128.wav,0
/data/DATASETS/LJSpeech-1.1/wavs/LJ049-0151.wav,0
/data/DATASETS/LJSpeech-1.1/wavs/LJ010-0029.wav,0
/data/DATASETS/LJSpeech-1.1/wavs/LJ049-0128.wav,0
/data/DATASETS/LJSpeech-1.1/wavs/LJ028-0105.wav,0
/data/DATASETS/LJSpeech-1.1/wavs/LJ022-0168.wav,0
/data/DATASETS/LJSpeech-1.1/wavs/LJ003-0132.wav,0
/data/DATASETS/LJSpeech-1.1/wavs/LJ012-0052.wav,0
/data/DATASETS/LJSpeech-1.1/wavs/LJ019-0122.wav,0
/data/DATASETS/LJSpeech-1.1/wavs/LJ016-0003.wav,0
/data/DATASETS/LJSpeech-1.1/wavs/LJ032-0111.wav,0
/data/DATASETS/LJSpeech-1.1/wavs/LJ035-0074.wav,0
/data/DATASETS/LJSpeech-1.1/wavs/LJ036-0165.wav,0
/data/DATASETS/LJSpeech-1.1/wavs/LJ043-0083.wav,0
/data/DATASETS/LJSpeech-1.1/wavs/LJ029-0094.wav,0
/data/DATASETS/LJSpeech-1.1/wavs/LJ007-0190.wav,0
/data/DATASETS/LJSpeech-1.1/wavs/LJ018-0291.wav,0
/data/DATASETS/LJSpeech-1.1/wavs/LJ018-0251.wav,0
/data/DATASETS/LJSpeech-1.1/wavs/LJ050-0074.wav,0
/data/DATASETS/LJSpeech-1.1/wavs/LJ039-0032.wav,0
/data/DATASETS/LJSpeech-1.1/wavs/LJ010-0138.wav,0
/data/DATASETS/LJSpeech-1.1/wavs/LJ033-0066.wav,0
/data/DATASETS/LJSpeech-1.1/wavs/LJ029-0184.wav,0
/data/DATASETS/LJSpeech-1.1/wavs/LJ021-0139.wav,0
/data/DATASETS/LJSpeech-1.1/wavs/LJ005-0143.wav,0
/data/DATASETS/LJSpeech-1.1/wavs/LJ003-0231.wav,0
/data/DATASETS/LJSpeech-1.1/wavs/LJ018-0276.wav,0
/data/DATASETS/LJSpeech-1.1/wavs/LJ038-0263.wav,0
/data/DATASETS/LJSpeech-1.1/wavs/LJ003-0280.wav,0
/data/DATASETS/LJSpeech-1.1/wavs/LJ017-0231.wav,0
/data/DATASETS/LJSpeech-1.1/wavs/LJ044-0049.wav,0
/data/DATASETS/LJSpeech-1.1/wavs/LJ003-0136.wav,0
/data/DATASETS/LJSpeech-1.1/wavs/LJ048-0027.wav,0
/data/DATASETS/LJSpeech-1.1/wavs/LJ016-0117.wav,0
/data/DATASETS/LJSpeech-1.1/wavs/LJ042-0093.wav,0
/data/DATASETS/LJSpeech-1.1/wavs/LJ028-0250.wav,0
/data/DATASETS/LJSpeech-1.1/wavs/LJ047-0021.wav,0
/data/DATASETS/LJSpeech-1.1/wavs/LJ006-0006.wav,0
/data/DATASETS/LJSpeech-1.1/wavs/LJ009-0075.wav,0
/data/DATASETS/LJSpeech-1.1/wavs/LJ017-0173.wav,0
/data/DATASETS/LJSpeech-1.1/wavs/LJ006-0062.wav,0
/data/DATASETS/LJSpeech-1.1/wavs/LJ012-0139.wav,0
/data/DATASETS/LJSpeech-1.1/wavs/LJ005-0272.wav,0
/data/DATASETS/LJSpeech-1.1/wavs/LJ006-0244.wav,0
/data/DATASETS/LJSpeech-1.1/wavs/LJ050-0273.wav,0
/data/DATASETS/LJSpeech-1.1/wavs/LJ044-0145.wav,0
/data/DATASETS/LJSpeech-1.1/wavs/LJ028-0206.wav,0
/data/DATASETS/LJSpeech-1.1/wavs/LJ009-0206.wav,0
/data/DATASETS/LJSpeech-1.1/wavs/LJ008-0160.wav,0
/data/DATASETS/LJSpeech-1.1/wavs/LJ042-0209.wav,0
/data/DATASETS/LJSpeech-1.1/wavs/LJ019-0156.wav,0
/data/DATASETS/LJSpeech-1.1/wavs/LJ018-0252.wav,0
/data/DATASETS/LJSpeech-1.1/wavs/LJ037-0269.wav,0
/data/DATASETS/LJSpeech-1.1/wavs/LJ002-0028.wav,0
/data/DATASETS/LJSpeech-1.1/wavs/LJ040-0124.wav,0
/data/DATASETS/LJSpeech-1.1/wavs/LJ044-0162.wav,0
/data/DATASETS/LJSpeech-1.1/wavs/LJ041-0089.wav,0
/data/DATASETS/LJSpeech-1.1/wavs/LJ028-0314.wav,0
/data/DATASETS/LJSpeech-1.1/wavs/LJ002-0108.wav,0
/data/DATASETS/LJSpeech-1.1/wavs/LJ013-0151.wav,0
/data/DATASETS/LJSpeech-1.1/wavs/LJ001-0027.wav,0
/data/DATASETS/LJSpeech-1.1/wavs/LJ048-0233.wav,0
/data/DATASETS/LJSpeech-1.1/wavs/LJ030-0190.wav,0
/data/DATASETS/LJSpeech-1.1/wavs/LJ011-0049.wav,0
/data/DATASETS/LJSpeech-1.1/wavs/LJ030-0247.wav,0
/data/DATASETS/LJSpeech-1.1/wavs/LJ037-0130.wav,0
/data/DATASETS/LJSpeech-1.1/wavs/LJ022-0171.wav,0
/data/DATASETS/LJSpeech-1.1/wavs/LJ044-0114.wav,0
/data/DATASETS/LJSpeech-1.1/wavs/LJ015-0023.wav,0
/data/DATASETS/LJSpeech-1.1/wavs/LJ040-0230.wav,0
/data/DATASETS/LJSpeech-1.1/wavs/LJ017-0048.wav,0
/data/DATASETS/LJSpeech-1.1/wavs/LJ041-0142.wav,0
/data/DATASETS/LJSpeech-1.1/wavs/LJ012-0116.wav,0
/data/DATASETS/LJSpeech-1.1/wavs/LJ018-0120.wav,0
/data/DATASETS/LJSpeech-1.1/wavs/LJ021-0137.wav,0
/data/DATASETS/LJSpeech-1.1/wavs/LJ008-0212.wav,0
/data/DATASETS/LJSpeech-1.1/wavs/LJ016-0103.wav,0
/data/DATASETS/LJSpeech-1.1/wavs/LJ026-0070.wav,0
/data/DATASETS/LJSpeech-1.1/wavs/LJ019-0083.wav,0
/data/DATASETS/LJSpeech-1.1/wavs/LJ046-0002.wav,0
/data/DATASETS/LJSpeech-1.1/wavs/LJ010-0151.wav,0
/data/DATASETS/LJSpeech-1.1/wavs/LJ032-0055.wav,0
/data/DATASETS/LJSpeech-1.1/wavs/LJ019-0278.wav,0
/data/DATASETS/LJSpeech-1.1/wavs/LJ005-0088.wav,0
/data/DATASETS/LJSpeech-1.1/wavs/LJ036-0096.wav,0
/data/DATASETS/LJSpeech-1.1/wavs/LJ025-0162.wav,0
/data/DATASETS/LJSpeech-1.1/wavs/LJ049-0104.wav,0
/data/DATASETS/LJSpeech-1.1/wavs/LJ037-0071.wav,0
/data/DATASETS/LJSpeech-1.1/wavs/LJ050-0042.wav,0
/data/DATASETS/LJSpeech-1.1/wavs/LJ018-0272.wav,0
/data/DATASETS/LJSpeech-1.1/wavs/LJ013-0244.wav,0
/data/DATASETS/LJSpeech-1.1/wavs/LJ012-0164.wav,0
/data/DATASETS/LJSpeech-1.1/wavs/LJ034-0187.wav,0
/data/DATASETS/LJSpeech-1.1/wavs/LJ006-0028.wav,0
/data/DATASETS/LJSpeech-1.1/wavs/LJ003-0087.wav,0
/data/DATASETS/LJSpeech-1.1/wavs/LJ002-0234.wav,0
/data/DATASETS/LJSpeech-1.1/wavs/LJ045-0205.wav,0
/data/DATASETS/LJSpeech-1.1/wavs/LJ019-0300.wav,0
/data/DATASETS/LJSpeech-1.1/wavs/LJ046-0048.wav,0
/data/DATASETS/LJSpeech-1.1/wavs/LJ017-0011.wav,0
/data/DATASETS/LJSpeech-1.1/wavs/LJ011-0250.wav,0
/data/DATASETS/LJSpeech-1.1/wavs/LJ019-0388.wav,0
/data/DATASETS/LJSpeech-1.1/wavs/LJ025-0164.wav,0
/data/DATASETS/LJSpeech-1.1/wavs/LJ048-0033.wav,0
/data/DATASETS/LJSpeech-1.1/wavs/LJ006-0293.wav,0
/data/DATASETS/LJSpeech-1.1/wavs/LJ044-0087.wav,0
/data/DATASETS/LJSpeech-1.1/wavs/LJ038-0039.wav,0
/data/DATASETS/LJSpeech-1.1/wavs/LJ015-0289.wav,0
/data/DATASETS/LJSpeech-1.1/wavs/LJ024-0101.wav,0
/data/DATASETS/LJSpeech-1.1/wavs/LJ006-0060.wav,0
/data/DATASETS/LJSpeech-1.1/wavs/LJ035-0121.wav,0
/data/DATASETS/LJSpeech-1.1/wavs/LJ026-0138.wav,0
/data/DATASETS/LJSpeech-1.1/wavs/LJ013-0227.wav,0
/data/DATASETS/LJSpeech-1.1/wavs/LJ038-0109.wav,0
/data/DATASETS/LJSpeech-1.1/wavs/LJ010-0263.wav,0
/data/DATASETS/LJSpeech-1.1/wavs/LJ037-0014.wav,0
/data/DATASETS/LJSpeech-1.1/wavs/LJ015-0048.wav,0
/data/DATASETS/LJSpeech-1.1/wavs/LJ041-0178.wav,0
/data/DATASETS/LJSpeech-1.1/wavs/LJ011-0024.wav,0
/data/DATASETS/LJSpeech-1.1/wavs/LJ016-0274.wav,0
/data/DATASETS/LJSpeech-1.1/wavs/LJ016-0308.wav,0
/data/DATASETS/LJSpeech-1.1/wavs/LJ001-0147.wav,0
/data/DATASETS/LJSpeech-1.1/wavs/LJ037-0228.wav,0
/data/DATASETS/LJSpeech-1.1/wavs/LJ009-0137.wav,0
/data/DATASETS/LJSpeech-1.1/wavs/LJ016-0357.wav,0
/data/DATASETS/LJSpeech-1.1/wavs/LJ015-0105.wav,0
/data/DATASETS/LJSpeech-1.1/wavs/LJ003-0188.wav,0
/data/DATASETS/LJSpeech-1.1/wavs/LJ021-0168.wav,0
/data/DATASETS/LJSpeech-1.1/wavs/LJ002-0086.wav,0
/data/DATASETS/LJSpeech-1.1/wavs/LJ043-0145.wav,0
/data/DATASETS/LJSpeech-1.1/wavs/LJ037-0188.wav,0
/data/DATASETS/LJSpeech-1.1/wavs/LJ013-0247.wav,0
/data/DATASETS/LJSpeech-1.1/wavs/LJ006-0249.wav,0
/data/DATASETS/LJSpeech-1.1/wavs/LJ021-0138.wav,0
/data/DATASETS/LJSpeech-1.1/wavs/LJ040-0011.wav,0
/data/DATASETS/LJSpeech-1.1/wavs/LJ048-0191.wav,0
/data/DATASETS/LJSpeech-1.1/wavs/LJ012-0136.wav,0
/data/DATASETS/LJSpeech-1.1/wavs/LJ015-0217.wav,0
/data/DATASETS/LJSpeech-1.1/wavs/LJ004-0143.wav,0
/data/DATASETS/LJSpeech-1.1/wavs/LJ003-0015.wav,0
/data/DATASETS/LJSpeech-1.1/wavs/LJ043-0025.wav,0
/data/DATASETS/LJSpeech-1.1/wavs/LJ018-0042.wav,0
/data/DATASETS/LJSpeech-1.1/wavs/LJ037-0157.wav,0
/data/DATASETS/LJSpeech-1.1/wavs/LJ043-0038.wav,0
/data/DATASETS/LJSpeech-1.1/wavs/LJ042-0062.wav,0
/data/DATASETS/LJSpeech-1.1/wavs/LJ003-0192.wav,0
/data/DATASETS/LJSpeech-1.1/wavs/LJ027-0179.wav,0
/data/DATASETS/LJSpeech-1.1/wavs/LJ042-0114.wav,0
/data/DATASETS/LJSpeech-1.1/wavs/LJ032-0224.wav,0
/data/DATASETS/LJSpeech-1.1/wavs/LJ008-0223.wav,0
/data/DATASETS/LJSpeech-1.1/wavs/LJ038-0076.wav,0
/data/DATASETS/LJSpeech-1.1/wavs/LJ024-0035.wav,0
/data/DATASETS/LJSpeech-1.1/wavs/LJ016-0409.wav,0
/data/DATASETS/LJSpeech-1.1/wavs/LJ041-0121.wav,0
/data/DATASETS/LJSpeech-1.1/wavs/LJ003-0003.wav,0
/data/DATASETS/LJSpeech-1.1/wavs/LJ038-0166.wav,0
/data/DATASETS/LJSpeech-1.1/wavs/LJ001-0169.wav,0
/data/DATASETS/LJSpeech-1.1/wavs/LJ037-0169.wav,0
/data/DATASETS/LJSpeech-1.1/wavs/LJ008-0076.wav,0
/data/DATASETS/LJSpeech-1.1/wavs/LJ015-0268.wav,0
/data/DATASETS/LJSpeech-1.1/wavs/LJ017-0202.wav,0
/data/DATASETS/LJSpeech-1.1/wavs/LJ019-0094.wav,0
/data/DATASETS/LJSpeech-1.1/wavs/LJ046-0106.wav,0
/data/DATASETS/LJSpeech-1.1/wavs/LJ045-0191.wav,0
/data/DATASETS/LJSpeech-1.1/wavs/LJ035-0105.wav,0
/data/DATASETS/LJSpeech-1.1/wavs/LJ033-0139.wav,0
/data/DATASETS/LJSpeech-1.1/wavs/LJ004-0118.wav,0
/data/DATASETS/LJSpeech-1.1/wavs/LJ026-0069.wav,0
/data/DATASETS/LJSpeech-1.1/wavs/LJ047-0170.wav,0
/data/DATASETS/LJSpeech-1.1/wavs/LJ038-0233.wav,0
/data/DATASETS/LJSpeech-1.1/wavs/LJ009-0161.wav,0
/data/DATASETS/LJSpeech-1.1/wavs/LJ005-0241.wav,0
/data/DATASETS/LJSpeech-1.1/wavs/LJ046-0101.wav,0
/data/DATASETS/LJSpeech-1.1/wavs/LJ018-0273.wav,0
/data/DATASETS/LJSpeech-1.1/wavs/LJ044-0147.wav,0
/data/DATASETS/LJSpeech-1.1/wavs/LJ032-0043.wav,0
/data/DATASETS/LJSpeech-1.1/wavs/LJ015-0290.wav,0
/data/DATASETS/LJSpeech-1.1/wavs/LJ027-0135.wav,0
/data/DATASETS/LJSpeech-1.1/wavs/LJ048-0269.wav,0
/data/DATASETS/LJSpeech-1.1/wavs/LJ028-0466.wav,0
/data/DATASETS/LJSpeech-1.1/wavs/LJ009-0268.wav,0
/data/DATASETS/LJSpeech-1.1/wavs/LJ039-0035.wav,0
/data/DATASETS/LJSpeech-1.1/wavs/LJ001-0181.wav,0
/data/DATASETS/LJSpeech-1.1/wavs/LJ037-0015.wav,0
/data/DATASETS/LJSpeech-1.1/wavs/LJ018-0345.wav,0
/data/DATASETS/LJSpeech-1.1/wavs/LJ007-0218.wav,0
/data/DATASETS/LJSpeech-1.1/wavs/LJ041-0024.wav,0
/data/DATASETS/LJSpeech-1.1/wavs/LJ015-0252.wav,0
/data/DATASETS/LJSpeech-1.1/wavs/LJ016-0281.wav,0
/data/DATASETS/LJSpeech-1.1/wavs/LJ016-0382.wav,0
/data/DATASETS/LJSpeech-1.1/wavs/LJ028-0189.wav,0
/data/DATASETS/LJSpeech-1.1/wavs/LJ015-0072.wav,0
/data/DATASETS/LJSpeech-1.1/wavs/LJ018-0260.wav,0
/data/DATASETS/LJSpeech-1.1/wavs/LJ030-0255.wav,0
/data/DATASETS/LJSpeech-1.1/wavs/LJ045-0178.wav,0
/data/DATASETS/LJSpeech-1.1/wavs/LJ048-0029.wav,0
/data/DATASETS/LJSpeech-1.1/wavs/LJ003-0045.wav,0
/data/DATASETS/LJSpeech-1.1/wavs/LJ026-0116.wav,0
/data/DATASETS/LJSpeech-1.1/wavs/LJ050-0176.wav,0
/data/DATASETS/LJSpeech-1.1/wavs/LJ015-0063.wav,0
/data/DATASETS/LJSpeech-1.1/wavs/LJ045-0185.wav,0
/data/DATASETS/LJSpeech-1.1/wavs/LJ043-0129.wav,0
/data/DATASETS/LJSpeech-1.1/wavs/LJ049-0021.wav,0
/data/DATASETS/LJSpeech-1.1/wavs/LJ015-0181.wav,0
/data/DATASETS/LJSpeech-1.1/wavs/LJ050-0191.wav,0
/data/DATASETS/LJSpeech-1.1/wavs/LJ016-0137.wav,0
/data/DATASETS/LJSpeech-1.1/wavs/LJ045-0029.wav,0
/data/DATASETS/LJSpeech-1.1/wavs/LJ048-0258.wav,0
/data/DATASETS/LJSpeech-1.1/wavs/LJ013-0042.wav,0
/data/DATASETS/LJSpeech-1.1/wavs/LJ005-0246.wav,0
/data/DATASETS/LJSpeech-1.1/wavs/LJ009-0276.wav,0
/data/DATASETS/LJSpeech-1.1/wavs/LJ005-0126.wav,0
/data/DATASETS/LJSpeech-1.1/wavs/LJ001-0049.wav,0
/data/DATASETS/LJSpeech-1.1/wavs/LJ008-0291.wav,0
/data/DATASETS/LJSpeech-1.1/wavs/LJ019-0282.wav,0
/data/DATASETS/LJSpeech-1.1/wavs/LJ002-0089.wav,0
/data/DATASETS/LJSpeech-1.1/wavs/LJ019-0246.wav,0
/data/DATASETS/LJSpeech-1.1/wavs/LJ047-0216.wav,0
/data/DATASETS/LJSpeech-1.1/wavs/LJ033-0042.wav,0
/data/DATASETS/LJSpeech-1.1/wavs/LJ010-0244.wav,0
/data/DATASETS/LJSpeech-1.1/wavs/LJ013-0179.wav,0
/data/DATASETS/LJSpeech-1.1/wavs/LJ010-0208.wav,0
/data/DATASETS/LJSpeech-1.1/wavs/LJ043-0100.wav,0
/data/DATASETS/LJSpeech-1.1/wavs/LJ009-0220.wav,0
/data/DATASETS/LJSpeech-1.1/wavs/LJ050-0032.wav,0
/data/DATASETS/LJSpeech-1.1/wavs/LJ016-0060.wav,0
/data/DATASETS/LJSpeech-1.1/wavs/LJ010-0274.wav,0
/data/DATASETS/LJSpeech-1.1/wavs/LJ029-0010.wav,0
/data/DATASETS/LJSpeech-1.1/wavs/LJ049-0108.wav,0
/data/DATASETS/LJSpeech-1.1/wavs/LJ018-0369.wav,0
/data/DATASETS/LJSpeech-1.1/wavs/LJ021-0202.wav,0
/data/DATASETS/LJSpeech-1.1/wavs/LJ006-0076.wav,0
/data/DATASETS/LJSpeech-1.1/wavs/LJ017-0237.wav,0
/data/DATASETS/LJSpeech-1.1/wavs/LJ048-0289.wav,0
/data/DATASETS/LJSpeech-1.1/wavs/LJ035-0193.wav,0
/data/DATASETS/LJSpeech-1.1/wavs/LJ003-0024.wav,0
/data/DATASETS/LJSpeech-1.1/wavs/LJ044-0233.wav,0
/data/DATASETS/LJSpeech-1.1/wavs/LJ024-0059.wav,0
/data/DATASETS/LJSpeech-1.1/wavs/LJ008-0289.wav,0
/data/DATASETS/LJSpeech-1.1/wavs/LJ011-0161.wav,0
/data/DATASETS/LJSpeech-1.1/wavs/LJ022-0136.wav,0
/data/DATASETS/LJSpeech-1.1/wavs/LJ016-0175.wav,0
/data/DATASETS/LJSpeech-1.1/wavs/LJ042-0077.wav,0
/data/DATASETS/LJSpeech-1.1/wavs/LJ036-0128.wav,0
/data/DATASETS/LJSpeech-1.1/wavs/LJ035-0196.wav,0
/data/DATASETS/LJSpeech-1.1/wavs/LJ004-0142.wav,0
/data/DATASETS/LJSpeech-1.1/wavs/LJ040-0032.wav,0
/data/DATASETS/LJSpeech-1.1/wavs/LJ015-0245.wav,0
/data/DATASETS/LJSpeech-1.1/wavs/LJ031-0039.wav,0
/data/DATASETS/LJSpeech-1.1/wavs/LJ044-0236.wav,0
/data/DATASETS/LJSpeech-1.1/wavs/LJ003-0297.wav,0
/data/DATASETS/LJSpeech-1.1/wavs/LJ016-0027.wav,0
/data/DATASETS/LJSpeech-1.1/wavs/LJ003-0078.wav,0
/data/DATASETS/LJSpeech-1.1/wavs/LJ035-0157.wav,0
/data/DATASETS/LJSpeech-1.1/wavs/LJ050-0212.wav,0
/data/DATASETS/LJSpeech-1.1/wavs/LJ038-0282.wav,0
/data/DATASETS/LJSpeech-1.1/wavs/LJ008-0014.wav,0
/data/DATASETS/LJSpeech-1.1/wavs/LJ018-0363.wav,0
/data/DATASETS/LJSpeech-1.1/wavs/LJ025-0106.wav,0
/data/DATASETS/LJSpeech-1.1/wavs/LJ049-0078.wav,0
/data/DATASETS/LJSpeech-1.1/wavs/LJ031-0084.wav,0
/data/DATASETS/LJSpeech-1.1/wavs/LJ032-0265.wav,0
/data/DATASETS/LJSpeech-1.1/wavs/LJ026-0031.wav,0
/data/DATASETS/LJSpeech-1.1/wavs/LJ022-0118.wav,0
/data/DATASETS/LJSpeech-1.1/wavs/LJ018-0396.wav,0
/data/DATASETS/LJSpeech-1.1/wavs/LJ011-0056.wav,0
/data/DATASETS/LJSpeech-1.1/wavs/LJ035-0123.wav,0
/data/DATASETS/LJSpeech-1.1/wavs/LJ009-0077.wav,0
/data/DATASETS/LJSpeech-1.1/wavs/LJ002-0333.wav,0
/data/DATASETS/LJSpeech-1.1/wavs/LJ021-0103.wav,0
/data/DATASETS/LJSpeech-1.1/wavs/LJ016-0018.wav,0
/data/DATASETS/LJSpeech-1.1/wavs/LJ033-0207.wav,0
/data/DATASETS/LJSpeech-1.1/wavs/LJ010-0193.wav,0
/data/DATASETS/LJSpeech-1.1/wavs/LJ029-0147.wav,0
/data/DATASETS/LJSpeech-1.1/wavs/LJ044-0235.wav,0
/data/DATASETS/LJSpeech-1.1/wavs/LJ013-0071.wav,0
/data/DATASETS/LJSpeech-1.1/wavs/LJ024-0031.wav,0
/data/DATASETS/LJSpeech-1.1/wavs/LJ030-0112.wav,0
/data/DATASETS/LJSpeech-1.1/wavs/LJ009-0210.wav,0
/data/DATASETS/LJSpeech-1.1/wavs/LJ002-0140.wav,0
/data/DATASETS/LJSpeech-1.1/wavs/LJ011-0266.wav,0
/data/DATASETS/LJSpeech-1.1/wavs/LJ009-0099.wav,0
/data/DATASETS/LJSpeech-1.1/wavs/LJ033-0177.wav,0
/data/DATASETS/LJSpeech-1.1/wavs/LJ046-0036.wav,0
/data/DATASETS/LJSpeech-1.1/wavs/LJ006-0168.wav,0
/data/DATASETS/LJSpeech-1.1/wavs/LJ038-0187.wav,0
/data/DATASETS/LJSpeech-1.1/wavs/LJ008-0083.wav,0
/data/DATASETS/LJSpeech-1.1/wavs/LJ038-0269.wav,0
/data/DATASETS/LJSpeech-1.1/wavs/LJ001-0002.wav,0
/data/DATASETS/LJSpeech-1.1/wavs/LJ012-0057.wav,0
/data/DATASETS/LJSpeech-1.1/wavs/LJ042-0066.wav,0
/data/DATASETS/LJSpeech-1.1/wavs/LJ019-0130.wav,0
/data/DATASETS/LJSpeech-1.1/wavs/LJ037-0243.wav,0
/data/DATASETS/LJSpeech-1.1/wavs/LJ012-0176.wav,0
/data/DATASETS/LJSpeech-1.1/wavs/LJ008-0317.wav,0
/data/DATASETS/LJSpeech-1.1/wavs/LJ040-0054.wav,0
/data/DATASETS/LJSpeech-1.1/wavs/LJ008-0214.wav,0
/data/DATASETS/LJSpeech-1.1/wavs/LJ049-0067.wav,0
/data/DATASETS/LJSpeech-1.1/wavs/LJ041-0168.wav,0
/data/DATASETS/LJSpeech-1.1/wavs/LJ045-0186.wav,0
/data/DATASETS/LJSpeech-1.1/wavs/LJ037-0186.wav,0
/data/DATASETS/LJSpeech-1.1/wavs/LJ037-0215.wav,0
/data/DATASETS/LJSpeech-1.1/wavs/LJ016-0197.wav,0
/data/DATASETS/LJSpeech-1.1/wavs/LJ046-0043.wav,0
/data/DATASETS/LJSpeech-1.1/wavs/LJ050-0001.wav,0
/data/DATASETS/LJSpeech-1.1/wavs/LJ039-0200.wav,0
/data/DATASETS/LJSpeech-1.1/wavs/LJ038-0210.wav,0
/data/DATASETS/LJSpeech-1.1/wavs/LJ004-0126.wav,0
/data/DATASETS/LJSpeech-1.1/wavs/LJ015-0066.wav,0
/data/DATASETS/LJSpeech-1.1/wavs/LJ029-0113.wav,0
/data/DATASETS/LJSpeech-1.1/wavs/LJ003-0198.wav,0
/data/DATASETS/LJSpeech-1.1/wavs/LJ039-0039.wav,0
/data/DATASETS/LJSpeech-1.1/wavs/LJ006-0183.wav,0
/data/DATASETS/LJSpeech-1.1/wavs/LJ028-0060.wav,0
/data/DATASETS/LJSpeech-1.1/wavs/LJ043-0110.wav,0
/data/DATASETS/LJSpeech-1.1/wavs/LJ009-0299.wav,0
/data/DATASETS/LJSpeech-1.1/wavs/LJ049-0101.wav,0
/data/DATASETS/LJSpeech-1.1/wavs/LJ039-0145.wav,0
/data/DATASETS/LJSpeech-1.1/wavs/LJ015-0139.wav,0
/data/DATASETS/LJSpeech-1.1/wavs/LJ047-0232.wav,0
/data/DATASETS/LJSpeech-1.1/wavs/LJ031-0127.wav,0
/data/DATASETS/LJSpeech-1.1/wavs/LJ019-0125.wav,0
/data/DATASETS/LJSpeech-1.1/wavs/LJ050-0196.wav,0
/data/DATASETS/LJSpeech-1.1/wavs/LJ019-0307.wav,0
/data/DATASETS/LJSpeech-1.1/wavs/LJ028-0514.wav,0
/data/DATASETS/LJSpeech-1.1/wavs/LJ022-0081.wav,0
/data/DATASETS/LJSpeech-1.1/wavs/LJ026-0063.wav,0
/data/DATASETS/LJSpeech-1.1/wavs/LJ031-0231.wav,0
/data/DATASETS/LJSpeech-1.1/wavs/LJ002-0035.wav,0
/data/DATASETS/LJSpeech-1.1/wavs/LJ026-0041.wav,0
/data/DATASETS/LJSpeech-1.1/wavs/LJ028-0191.wav,0
/data/DATASETS/LJSpeech-1.1/wavs/LJ016-0079.wav,0
/data/DATASETS/LJSpeech-1.1/wavs/LJ049-0072.wav,0
/data/DATASETS/LJSpeech-1.1/wavs/LJ007-0030.wav,0
/data/DATASETS/LJSpeech-1.1/wavs/LJ018-0116.wav,0
/data/DATASETS/LJSpeech-1.1/wavs/LJ004-0193.wav,0
/data/DATASETS/LJSpeech-1.1/wavs/LJ012-0267.wav,0
/data/DATASETS/LJSpeech-1.1/wavs/LJ044-0044.wav,0
/data/DATASETS/LJSpeech-1.1/wavs/LJ016-0397.wav,0
/data/DATASETS/LJSpeech-1.1/wavs/LJ006-0290.wav,0
/data/DATASETS/LJSpeech-1.1/wavs/LJ046-0028.wav,0
/data/DATASETS/LJSpeech-1.1/wavs/LJ036-0203.wav,0
/data/DATASETS/LJSpeech-1.1/wavs/LJ019-0369.wav,0
/data/DATASETS/LJSpeech-1.1/wavs/LJ019-0078.wav,0
/data/DATASETS/LJSpeech-1.1/wavs/LJ047-0061.wav,0
/data/DATASETS/LJSpeech-1.1/wavs/LJ014-0249.wav,0
/data/DATASETS/LJSpeech-1.1/wavs/LJ046-0015.wav,0
/data/DATASETS/LJSpeech-1.1/wavs/LJ037-0224.wav,0
/data/DATASETS/LJSpeech-1.1/wavs/LJ034-0178.wav,0
/data/DATASETS/LJSpeech-1.1/wavs/LJ046-0004.wav,0
/data/DATASETS/LJSpeech-1.1/wavs/LJ012-0178.wav,0
/data/DATASETS/LJSpeech-1.1/wavs/LJ016-0323.wav,0
/data/DATASETS/LJSpeech-1.1/wavs/LJ049-0135.wav,0
/data/DATASETS/LJSpeech-1.1/wavs/LJ049-0006.wav,0
/data/DATASETS/LJSpeech-1.1/wavs/LJ005-0020.wav,0
/data/DATASETS/LJSpeech-1.1/wavs/LJ015-0133.wav,0
/data/DATASETS/LJSpeech-1.1/wavs/LJ050-0277.wav,0
/data/DATASETS/LJSpeech-1.1/wavs/LJ008-0093.wav,0
/data/DATASETS/LJSpeech-1.1/wavs/LJ003-0327.wav,0
/data/DATASETS/LJSpeech-1.1/wavs/LJ042-0208.wav,0
/data/DATASETS/LJSpeech-1.1/wavs/LJ029-0071.wav,0
/data/DATASETS/LJSpeech-1.1/wavs/LJ037-0253.wav,0
/data/DATASETS/LJSpeech-1.1/wavs/LJ027-0001.wav,0
/data/DATASETS/LJSpeech-1.1/wavs/LJ007-0032.wav,0
/data/DATASETS/LJSpeech-1.1/wavs/LJ042-0118.wav,0
/data/DATASETS/LJSpeech-1.1/wavs/LJ044-0093.wav,0
/data/DATASETS/LJSpeech-1.1/wavs/LJ047-0056.wav,0
/data/DATASETS/LJSpeech-1.1/wavs/LJ013-0134.wav,0
/data/DATASETS/LJSpeech-1.1/wavs/LJ049-0120.wav,0
/data/DATASETS/LJSpeech-1.1/wavs/LJ048-0285.wav,0
/data/DATASETS/LJSpeech-1.1/wavs/LJ016-0181.wav,0
/data/DATASETS/LJSpeech-1.1/wavs/LJ013-0183.wav,0
/data/DATASETS/LJSpeech-1.1/wavs/LJ029-0170.wav,0
/data/DATASETS/LJSpeech-1.1/wavs/LJ009-0058.wav,0
/data/DATASETS/LJSpeech-1.1/wavs/LJ004-0170.wav,0
/data/DATASETS/LJSpeech-1.1/wavs/LJ002-0076.wav,0
/data/DATASETS/LJSpeech-1.1/wavs/LJ038-0006.wav,0
/data/DATASETS/LJSpeech-1.1/wavs/LJ013-0142.wav,0
/data/DATASETS/LJSpeech-1.1/wavs/LJ002-0336.wav,0
/data/DATASETS/LJSpeech-1.1/wavs/LJ012-0117.wav,0
/data/DATASETS/LJSpeech-1.1/wavs/LJ048-0182.wav,0
/data/DATASETS/LJSpeech-1.1/wavs/LJ046-0003.wav,0
/data/DATASETS/LJSpeech-1.1/wavs/LJ002-0193.wav,0
/data/DATASETS/LJSpeech-1.1/wavs/LJ042-0160.wav,0
/data/DATASETS/LJSpeech-1.1/wavs/LJ045-0083.wav,0
/data/DATASETS/LJSpeech-1.1/wavs/LJ008-0072.wav,0
/data/DATASETS/LJSpeech-1.1/wavs/LJ018-0017.wav,0
/data/DATASETS/LJSpeech-1.1/wavs/LJ018-0171.wav,0
/data/DATASETS/LJSpeech-1.1/wavs/LJ015-0149.wav,0
/data/DATASETS/LJSpeech-1.1/wavs/LJ032-0034.wav,0
/data/DATASETS/LJSpeech-1.1/wavs/LJ050-0096.wav,0
/data/DATASETS/LJSpeech-1.1/wavs/LJ027-0038.wav,0
/data/DATASETS/LJSpeech-1.1/wavs/LJ002-0331.wav,0
/data/DATASETS/LJSpeech-1.1/wavs/LJ007-0197.wav,0
/data/DATASETS/LJSpeech-1.1/wavs/LJ040-0210.wav,0
/data/DATASETS/LJSpeech-1.1/wavs/LJ046-0188.wav,0
/data/DATASETS/LJSpeech-1.1/wavs/LJ039-0196.wav,0
/data/DATASETS/LJSpeech-1.1/wavs/LJ003-0271.wav,0
/data/DATASETS/LJSpeech-1.1/wavs/LJ013-0045.wav,0
/data/DATASETS/LJSpeech-1.1/wavs/LJ011-0016.wav,0
/data/DATASETS/LJSpeech-1.1/wavs/LJ008-0138.wav,0
/data/DATASETS/LJSpeech-1.1/wavs/LJ003-0025.wav,0
/data/DATASETS/LJSpeech-1.1/wavs/LJ044-0104.wav,0
/data/DATASETS/LJSpeech-1.1/wavs/LJ037-0114.wav,0
/data/DATASETS/LJSpeech-1.1/wavs/LJ033-0096.wav,0
/data/DATASETS/LJSpeech-1.1/wavs/LJ031-0034.wav,0
/data/DATASETS/LJSpeech-1.1/wavs/LJ001-0120.wav,0
/data/DATASETS/LJSpeech-1.1/wavs/LJ030-0197.wav,0
/data/DATASETS/LJSpeech-1.1/wavs/LJ008-0005.wav,0
/data/DATASETS/LJSpeech-1.1/wavs/LJ004-0247.wav,0
/data/DATASETS/LJSpeech-1.1/wavs/LJ032-0271.wav,0
/data/DATASETS/LJSpeech-1.1/wavs/LJ022-0068.wav,0
/data/DATASETS/LJSpeech-1.1/wavs/LJ029-0027.wav,0
/data/DATASETS/LJSpeech-1.1/wavs/LJ034-0099.wav,0
/data/DATASETS/LJSpeech-1.1/wavs/LJ016-0054.wav,0
/data/DATASETS/LJSpeech-1.1/wavs/LJ018-0347.wav,0
/data/DATASETS/LJSpeech-1.1/wavs/LJ040-0169.wav,0
/data/DATASETS/LJSpeech-1.1/wavs/LJ028-0235.wav,0
/data/DATASETS/LJSpeech-1.1/wavs/LJ043-0071.wav,0
/data/DATASETS/LJSpeech-1.1/wavs/LJ033-0078.wav,0
/data/DATASETS/LJSpeech-1.1/wavs/LJ044-0118.wav,0
/data/DATASETS/LJSpeech-1.1/wavs/LJ027-0130.wav,0
/data/DATASETS/LJSpeech-1.1/wavs/LJ008-0077.wav,0
/data/DATASETS/LJSpeech-1.1/wavs/LJ024-0087.wav,0
/data/DATASETS/LJSpeech-1.1/wavs/LJ028-0281.wav,0
/data/DATASETS/LJSpeech-1.1/wavs/LJ025-0151.wav,0
/data/DATASETS/LJSpeech-1.1/wavs/LJ013-0061.wav,0
/data/DATASETS/LJSpeech-1.1/wavs/LJ030-0145.wav,0
/data/DATASETS/LJSpeech-1.1/wavs/LJ036-0029.wav,0
/data/DATASETS/LJSpeech-1.1/wavs/LJ046-0075.wav,0
/data/DATASETS/LJSpeech-1.1/wavs/LJ011-0195.wav,0
/data/DATASETS/LJSpeech-1.1/wavs/LJ040-0101.wav,0
/data/DATASETS/LJSpeech-1.1/wavs/LJ029-0197.wav,0
/data/DATASETS/LJSpeech-1.1/wavs/LJ026-0083.wav,0
/data/DATASETS/LJSpeech-1.1/wavs/LJ016-0116.wav,0
/data/DATASETS/LJSpeech-1.1/wavs/LJ021-0195.wav,0
/data/DATASETS/LJSpeech-1.1/wavs/LJ028-0188.wav,0
/data/DATASETS/LJSpeech-1.1/wavs/LJ014-0282.wav,0
/data/DATASETS/LJSpeech-1.1/wavs/LJ026-0159.wav,0
/data/DATASETS/LJSpeech-1.1/wavs/LJ029-0039.wav,0
/data/DATASETS/LJSpeech-1.1/wavs/LJ049-0197.wav,0
/data/DATASETS/LJSpeech-1.1/wavs/LJ004-0101.wav,0
/data/DATASETS/LJSpeech-1.1/wavs/LJ031-0042.wav,0
/data/DATASETS/LJSpeech-1.1/wavs/LJ027-0164.wav,0
/data/DATASETS/LJSpeech-1.1/wavs/LJ003-0346.wav,0
/data/DATASETS/LJSpeech-1.1/wavs/LJ045-0206.wav,0
/data/DATASETS/LJSpeech-1.1/wavs/LJ026-0142.wav,0
/data/DATASETS/LJSpeech-1.1/wavs/LJ016-0208.wav,0
/data/DATASETS/LJSpeech-1.1/wavs/LJ001-0086.wav,0
/data/DATASETS/LJSpeech-1.1/wavs/LJ004-0093.wav,0
/data/DATASETS/LJSpeech-1.1/wavs/LJ012-0247.wav,0
/data/DATASETS/LJSpeech-1.1/wavs/LJ007-0122.wav,0
/data/DATASETS/LJSpeech-1.1/wavs/LJ009-0188.wav,0
/data/DATASETS/LJSpeech-1.1/wavs/LJ017-0123.wav,0
/data/DATASETS/LJSpeech-1.1/wavs/LJ037-0047.wav,0
/data/DATASETS/LJSpeech-1.1/wavs/LJ044-0117.wav,0
/data/DATASETS/LJSpeech-1.1/wavs/LJ040-0119.wav,0
/data/DATASETS/LJSpeech-1.1/wavs/LJ001-0171.wav,0
/data/DATASETS/LJSpeech-1.1/wavs/LJ017-0004.wav,0
/data/DATASETS/LJSpeech-1.1/wavs/LJ019-0263.wav,0
/data/DATASETS/LJSpeech-1.1/wavs/LJ046-0214.wav,0
/data/DATASETS/LJSpeech-1.1/wavs/LJ028-0035.wav,0
/data/DATASETS/LJSpeech-1.1/wavs/LJ016-0347.wav,0
/data/DATASETS/LJSpeech-1.1/wavs/LJ031-0214.wav,0
/data/DATASETS/LJSpeech-1.1/wavs/LJ028-0150.wav,0
/data/DATASETS/LJSpeech-1.1/wavs/LJ009-0212.wav,0
/data/DATASETS/LJSpeech-1.1/wavs/LJ017-0244.wav,0
/data/DATASETS/LJSpeech-1.1/wavs/LJ010-0004.wav,0
/data/DATASETS/LJSpeech-1.1/wavs/LJ016-0138.wav,0
/data/DATASETS/LJSpeech-1.1/wavs/LJ031-0032.wav,0
/data/DATASETS/LJSpeech-1.1/wavs/LJ049-0076.wav,0
/data/DATASETS/LJSpeech-1.1/wavs/LJ011-0106.wav,0
/data/DATASETS/LJSpeech-1.1/wavs/LJ031-0092.wav,0
/data/DATASETS/LJSpeech-1.1/wavs/LJ007-0070.wav,0
/data/DATASETS/LJSpeech-1.1/wavs/LJ010-0250.wav,0
/data/DATASETS/LJSpeech-1.1/wavs/LJ012-0038.wav,0
/data/DATASETS/LJSpeech-1.1/wavs/LJ011-0131.wav,0
/data/DATASETS/LJSpeech-1.1/wavs/LJ009-0155.wav,0
/data/DATASETS/LJSpeech-1.1/wavs/LJ046-0093.wav,0
/data/DATASETS/LJSpeech-1.1/wavs/LJ023-0117.wav,0
/data/DATASETS/LJSpeech-1.1/wavs/LJ038-0221.wav,0
/data/DATASETS/LJSpeech-1.1/wavs/LJ033-0049.wav,0
/data/DATASETS/LJSpeech-1.1/wavs/LJ048-0035.wav,0
/data/DATASETS/LJSpeech-1.1/wavs/LJ008-0023.wav,0
/data/DATASETS/LJSpeech-1.1/wavs/LJ028-0275.wav,0
/data/DATASETS/LJSpeech-1.1/wavs/LJ010-0223.wav,0
/data/DATASETS/LJSpeech-1.1/wavs/LJ002-0238.wav,0
/data/DATASETS/LJSpeech-1.1/wavs/LJ030-0025.wav,0
/data/DATASETS/LJSpeech-1.1/wavs/LJ006-0119.wav,0
/data/DATASETS/LJSpeech-1.1/wavs/LJ011-0029.wav,0
/data/DATASETS/LJSpeech-1.1/wavs/LJ012-0179.wav,0
/data/DATASETS/LJSpeech-1.1/wavs/LJ018-0383.wav,0
/data/DATASETS/LJSpeech-1.1/wavs/LJ023-0048.wav,0
/data/DATASETS/LJSpeech-1.1/wavs/LJ046-0007.wav,0
/data/DATASETS/LJSpeech-1.1/wavs/LJ035-0122.wav,0
/data/DATASETS/LJSpeech-1.1/wavs/LJ019-0002.wav,0
/data/DATASETS/LJSpeech-1.1/wavs/LJ037-0060.wav,0
/data/DATASETS/LJSpeech-1.1/wavs/LJ008-0117.wav,0
/data/DATASETS/LJSpeech-1.1/wavs/LJ026-0082.wav,0
/data/DATASETS/LJSpeech-1.1/wavs/LJ028-0412.wav,0
/data/DATASETS/LJSpeech-1.1/wavs/LJ014-0011.wav,0
/data/DATASETS/LJSpeech-1.1/wavs/LJ028-0269.wav,0
/data/DATASETS/LJSpeech-1.1/wavs/LJ031-0027.wav,0
/data/DATASETS/LJSpeech-1.1/wavs/LJ016-0076.wav,0
/data/DATASETS/LJSpeech-1.1/wavs/LJ028-0267.wav,0
/data/DATASETS/LJSpeech-1.1/wavs/LJ032-0257.wav,0
/data/DATASETS/LJSpeech-1.1/wavs/LJ008-0241.wav,0
/data/DATASETS/LJSpeech-1.1/wavs/LJ047-0107.wav,0
/data/DATASETS/LJSpeech-1.1/wavs/LJ047-0132.wav,0
/data/DATASETS/LJSpeech-1.1/wavs/LJ010-0215.wav,0
/data/DATASETS/LJSpeech-1.1/wavs/LJ014-0041.wav,0
/data/DATASETS/LJSpeech-1.1/wavs/LJ030-0041.wav,0
/data/DATASETS/LJSpeech-1.1/wavs/LJ024-0047.wav,0
/data/DATASETS/LJSpeech-1.1/wavs/LJ044-0082.wav,0
/data/DATASETS/LJSpeech-1.1/wavs/LJ005-0162.wav,0
/data/DATASETS/LJSpeech-1.1/wavs/LJ041-0170.wav,0
/data/DATASETS/LJSpeech-1.1/wavs/LJ033-0109.wav,0
/data/DATASETS/LJSpeech-1.1/wavs/LJ011-0046.wav,0
/data/DATASETS/LJSpeech-1.1/wavs/LJ024-0022.wav,0
/data/DATASETS/LJSpeech-1.1/wavs/LJ042-0155.wav,0
/data/DATASETS/LJSpeech-1.1/wavs/LJ026-0135.wav,0
/data/DATASETS/LJSpeech-1.1/wavs/LJ028-0144.wav,0
/data/DATASETS/LJSpeech-1.1/wavs/LJ021-0057.wav,0
/data/DATASETS/LJSpeech-1.1/wavs/LJ025-0114.wav,0
/data/DATASETS/LJSpeech-1.1/wavs/LJ046-0034.wav,0
/data/DATASETS/LJSpeech-1.1/wavs/LJ023-0084.wav,0
/data/DATASETS/LJSpeech-1.1/wavs/LJ006-0154.wav,0
/data/DATASETS/LJSpeech-1.1/wavs/LJ042-0110.wav,0
/data/DATASETS/LJSpeech-1.1/wavs/LJ026-0098.wav,0
/data/DATASETS/LJSpeech-1.1/wavs/LJ033-0092.wav,0
/data/DATASETS/LJSpeech-1.1/wavs/LJ040-0076.wav,0
/data/DATASETS/LJSpeech-1.1/wavs/LJ026-0133.wav,0
/data/DATASETS/LJSpeech-1.1/wavs/LJ008-0263.wav,0
/data/DATASETS/LJSpeech-1.1/wavs/LJ025-0078.wav,0
/data/DATASETS/LJSpeech-1.1/wavs/LJ022-0146.wav,0
/data/DATASETS/LJSpeech-1.1/wavs/LJ009-0019.wav,0
/data/DATASETS/LJSpeech-1.1/wavs/LJ007-0003.wav,0
/data/DATASETS/LJSpeech-1.1/wavs/LJ004-0246.wav,0
/data/DATASETS/LJSpeech-1.1/wavs/LJ002-0225.wav,0
/data/DATASETS/LJSpeech-1.1/wavs/LJ036-0044.wav,0
/data/DATASETS/LJSpeech-1.1/wavs/LJ048-0077.wav,0
/data/DATASETS/LJSpeech-1.1/wavs/LJ005-0097.wav,0
/data/DATASETS/LJSpeech-1.1/wavs/LJ019-0358.wav,0
/data/DATASETS/LJSpeech-1.1/wavs/LJ048-0251.wav,0
/data/DATASETS/LJSpeech-1.1/wavs/LJ033-0134.wav,0
/data/DATASETS/LJSpeech-1.1/wavs/LJ016-0221.wav,0
/data/DATASETS/LJSpeech-1.1/wavs/LJ015-0090.wav,0
/data/DATASETS/LJSpeech-1.1/wavs/LJ042-0181.wav,0
/data/DATASETS/LJSpeech-1.1/wavs/LJ016-0272.wav,0
/data/DATASETS/LJSpeech-1.1/wavs/LJ012-0073.wav,0
/data/DATASETS/LJSpeech-1.1/wavs/LJ012-0218.wav,0
/data/DATASETS/LJSpeech-1.1/wavs/LJ019-0053.wav,0
/data/DATASETS/LJSpeech-1.1/wavs/LJ012-0053.wav,0
/data/DATASETS/LJSpeech-1.1/wavs/LJ042-0163.wav,0
/data/DATASETS/LJSpeech-1.1/wavs/LJ013-0086.wav,0
/data/DATASETS/LJSpeech-1.1/wavs/LJ034-0084.wav,0
/data/DATASETS/LJSpeech-1.1/wavs/LJ049-0154.wav,0
/data/DATASETS/LJSpeech-1.1/wavs/LJ046-0175.wav,0
/data/DATASETS/LJSpeech-1.1/wavs/LJ040-0089.wav,0
/data/DATASETS/LJSpeech-1.1/wavs/LJ017-0149.wav,0
/data/DATASETS/LJSpeech-1.1/wavs/LJ002-0120.wav,0
/data/DATASETS/LJSpeech-1.1/wavs/LJ014-0161.wav,0
/data/DATASETS/LJSpeech-1.1/wavs/LJ001-0104.wav,0
/data/DATASETS/LJSpeech-1.1/wavs/LJ012-0209.wav,0
/data/DATASETS/LJSpeech-1.1/wavs/LJ019-0382.wav,0
/data/DATASETS/LJSpeech-1.1/wavs/LJ005-0025.wav,0
/data/DATASETS/LJSpeech-1.1/wavs/LJ023-0083.wav,0
/data/DATASETS/LJSpeech-1.1/wavs/LJ008-0165.wav,0
/data/DATASETS/LJSpeech-1.1/wavs/LJ003-0300.wav,0
/data/DATASETS/LJSpeech-1.1/wavs/LJ030-0216.wav,0
/data/DATASETS/LJSpeech-1.1/wavs/LJ038-0101.wav,0
/data/DATASETS/LJSpeech-1.1/wavs/LJ004-0160.wav,0
/data/DATASETS/LJSpeech-1.1/wavs/LJ046-0081.wav,0
/data/DATASETS/LJSpeech-1.1/wavs/LJ016-0434.wav,0
/data/DATASETS/LJSpeech-1.1/wavs/LJ033-0064.wav,0
/data/DATASETS/LJSpeech-1.1/wavs/LJ015-0154.wav,0
/data/DATASETS/LJSpeech-1.1/wavs/LJ018-0179.wav,0
/data/DATASETS/LJSpeech-1.1/wavs/LJ030-0185.wav,0
/data/DATASETS/LJSpeech-1.1/wavs/LJ033-0163.wav,0
/data/DATASETS/LJSpeech-1.1/wavs/LJ022-0026.wav,0
/data/DATASETS/LJSpeech-1.1/wavs/LJ037-0209.wav,0
/data/DATASETS/LJSpeech-1.1/wavs/LJ038-0182.wav,0
/data/DATASETS/LJSpeech-1.1/wavs/LJ040-0110.wav,0
/data/DATASETS/LJSpeech-1.1/wavs/LJ011-0293.wav,0
/data/DATASETS/LJSpeech-1.1/wavs/LJ028-0504.wav,0
/data/DATASETS/LJSpeech-1.1/wavs/LJ005-0151.wav,0
/data/DATASETS/LJSpeech-1.1/wavs/LJ016-0080.wav,0
/data/DATASETS/LJSpeech-1.1/wavs/LJ018-0284.wav,0
/data/DATASETS/LJSpeech-1.1/wavs/LJ022-0031.wav,0
/data/DATASETS/LJSpeech-1.1/wavs/LJ042-0041.wav,0
/data/DATASETS/LJSpeech-1.1/wavs/LJ043-0182.wav,0
/data/DATASETS/LJSpeech-1.1/wavs/LJ043-0175.wav,0
/data/DATASETS/LJSpeech-1.1/wavs/LJ018-0049.wav,0
/data/DATASETS/LJSpeech-1.1/wavs/LJ003-0056.wav,0
/data/DATASETS/LJSpeech-1.1/wavs/LJ023-0139.wav,0
/data/DATASETS/LJSpeech-1.1/wavs/LJ029-0174.wav,0
/data/DATASETS/LJSpeech-1.1/wavs/LJ011-0283.wav,0
/data/DATASETS/LJSpeech-1.1/wavs/LJ007-0191.wav,0
/data/DATASETS/LJSpeech-1.1/wavs/LJ041-0056.wav,0
/data/DATASETS/LJSpeech-1.1/wavs/LJ046-0251.wav,0
/data/DATASETS/LJSpeech-1.1/wavs/LJ038-0304.wav,0
/data/DATASETS/LJSpeech-1.1/wavs/LJ031-0060.wav,0
/data/DATASETS/LJSpeech-1.1/wavs/LJ003-0278.wav,0
/data/DATASETS/LJSpeech-1.1/wavs/LJ006-0139.wav,0
/data/DATASETS/LJSpeech-1.1/wavs/LJ016-0410.wav,0
/data/DATASETS/LJSpeech-1.1/wavs/LJ008-0127.wav,0
/data/DATASETS/LJSpeech-1.1/wavs/LJ050-0131.wav,0
/data/DATASETS/LJSpeech-1.1/wavs/LJ036-0190.wav,0
/data/DATASETS/LJSpeech-1.1/wavs/LJ040-0074.wav,0
/data/DATASETS/LJSpeech-1.1/wavs/LJ034-0163.wav,0
/data/DATASETS/LJSpeech-1.1/wavs/LJ042-0132.wav,0
/data/DATASETS/LJSpeech-1.1/wavs/LJ022-0052.wav,0
/data/DATASETS/LJSpeech-1.1/wavs/LJ013-0193.wav,0
/data/DATASETS/LJSpeech-1.1/wavs/LJ017-0253.wav,0
/data/DATASETS/LJSpeech-1.1/wavs/LJ043-0081.wav,0
/data/DATASETS/LJSpeech-1.1/wavs/LJ025-0141.wav,0
/data/DATASETS/LJSpeech-1.1/wavs/LJ038-0174.wav,0
/data/DATASETS/LJSpeech-1.1/wavs/LJ039-0211.wav,0
/data/DATASETS/LJSpeech-1.1/wavs/LJ036-0077.wav,0
/data/DATASETS/LJSpeech-1.1/wavs/LJ016-0254.wav,0
/data/DATASETS/LJSpeech-1.1/wavs/LJ006-0262.wav,0
/data/DATASETS/LJSpeech-1.1/wavs/LJ035-0206.wav,0
/data/DATASETS/LJSpeech-1.1/wavs/LJ038-0125.wav,0
/data/DATASETS/LJSpeech-1.1/wavs/LJ010-0041.wav,0
/data/DATASETS/LJSpeech-1.1/wavs/LJ032-0235.wav,0
/data/DATASETS/LJSpeech-1.1/wavs/LJ028-0497.wav,0
/data/DATASETS/LJSpeech-1.1/wavs/LJ014-0208.wav,0
/data/DATASETS/LJSpeech-1.1/wavs/LJ047-0236.wav,0
/data/DATASETS/LJSpeech-1.1/wavs/LJ015-0127.wav,0
/data/DATASETS/LJSpeech-1.1/wavs/LJ032-0156.wav,0
/data/DATASETS/LJSpeech-1.1/wavs/LJ011-0236.wav,0
/data/DATASETS/LJSpeech-1.1/wavs/LJ037-0058.wav,0
/data/DATASETS/LJSpeech-1.1/wavs/LJ014-0108.wav,0
/data/DATASETS/LJSpeech-1.1/wavs/LJ005-0152.wav,0
/data/DATASETS/LJSpeech-1.1/wavs/LJ043-0070.wav,0
/data/DATASETS/LJSpeech-1.1/wavs/LJ037-0023.wav,0
/data/DATASETS/LJSpeech-1.1/wavs/LJ046-0056.wav,0
/data/DATASETS/LJSpeech-1.1/wavs/LJ018-0245.wav,0
/data/DATASETS/LJSpeech-1.1/wavs/LJ028-0444.wav,0
/data/DATASETS/LJSpeech-1.1/wavs/LJ002-0220.wav,0
/data/DATASETS/LJSpeech-1.1/wavs/LJ019-0112.wav,0
/data/DATASETS/LJSpeech-1.1/wavs/LJ038-0157.wav,0
/data/DATASETS/LJSpeech-1.1/wavs/LJ038-0261.wav,0
/data/DATASETS/LJSpeech-1.1/wavs/LJ003-0283.wav,0
/data/DATASETS/LJSpeech-1.1/wavs/LJ044-0038.wav,0
/data/DATASETS/LJSpeech-1.1/wavs/LJ005-0258.wav,0
/data/DATASETS/LJSpeech-1.1/wavs/LJ024-0050.wav,0
/data/DATASETS/LJSpeech-1.1/wavs/LJ050-0124.wav,0
/data/DATASETS/LJSpeech-1.1/wavs/LJ014-0071.wav,0
/data/DATASETS/LJSpeech-1.1/wavs/LJ027-0092.wav,0
/data/DATASETS/LJSpeech-1.1/wavs/LJ020-0024.wav,0
/data/DATASETS/LJSpeech-1.1/wavs/LJ008-0050.wav,0
/data/DATASETS/LJSpeech-1.1/wavs/LJ025-0026.wav,0
/data/DATASETS/LJSpeech-1.1/wavs/LJ019-0101.wav,0
/data/DATASETS/LJSpeech-1.1/wavs/LJ003-0259.wav,0
/data/DATASETS/LJSpeech-1.1/wavs/LJ035-0145.wav,0
/data/DATASETS/LJSpeech-1.1/wavs/LJ039-0131.wav,0
/data/DATASETS/LJSpeech-1.1/wavs/LJ032-0147.wav,0
/data/DATASETS/LJSpeech-1.1/wavs/LJ012-0105.wav,0
/data/DATASETS/LJSpeech-1.1/wavs/LJ034-0096.wav,0
/data/DATASETS/LJSpeech-1.1/wavs/LJ016-0287.wav,0
/data/DATASETS/LJSpeech-1.1/wavs/LJ041-0063.wav,0
/data/DATASETS/LJSpeech-1.1/wavs/LJ011-0267.wav,0
/data/DATASETS/LJSpeech-1.1/wavs/LJ042-0054.wav,0
/data/DATASETS/LJSpeech-1.1/wavs/LJ037-0236.wav,0
/data/DATASETS/LJSpeech-1.1/wavs/LJ013-0125.wav,0
/data/DATASETS/LJSpeech-1.1/wavs/LJ018-0149.wav,0
/data/DATASETS/LJSpeech-1.1/wavs/LJ014-0198.wav,0
/data/DATASETS/LJSpeech-1.1/wavs/LJ014-0241.wav,0
/data/DATASETS/LJSpeech-1.1/wavs/LJ001-0133.wav,0
/data/DATASETS/LJSpeech-1.1/wavs/LJ006-0055.wav,0
/data/DATASETS/LJSpeech-1.1/wavs/LJ015-0145.wav,0
/data/DATASETS/LJSpeech-1.1/wavs/LJ042-0242.wav,0
/data/DATASETS/LJSpeech-1.1/wavs/LJ040-0038.wav,0
/data/DATASETS/LJSpeech-1.1/wavs/LJ048-0088.wav,0
/data/DATASETS/LJSpeech-1.1/wavs/LJ027-0013.wav,0
/data/DATASETS/LJSpeech-1.1/wavs/LJ005-0298.wav,0
/data/DATASETS/LJSpeech-1.1/wavs/LJ002-0071.wav,0
/data/DATASETS/LJSpeech-1.1/wavs/LJ044-0056.wav,0
/data/DATASETS/LJSpeech-1.1/wavs/LJ012-0157.wav,0
/data/DATASETS/LJSpeech-1.1/wavs/LJ016-0253.wav,0
/data/DATASETS/LJSpeech-1.1/wavs/LJ015-0035.wav,0
/data/DATASETS/LJSpeech-1.1/wavs/LJ004-0090.wav,0
/data/DATASETS/LJSpeech-1.1/wavs/LJ014-0036.wav,0
/data/DATASETS/LJSpeech-1.1/wavs/LJ003-0171.wav,0
/data/DATASETS/LJSpeech-1.1/wavs/LJ029-0069.wav,0
/data/DATASETS/LJSpeech-1.1/wavs/LJ006-0236.wav,0
/data/DATASETS/LJSpeech-1.1/wavs/LJ044-0055.wav,0
/data/DATASETS/LJSpeech-1.1/wavs/LJ033-0098.wav,0
/data/DATASETS/LJSpeech-1.1/wavs/LJ032-0251.wav,0
/data/DATASETS/LJSpeech-1.1/wavs/LJ016-0401.wav,0
/data/DATASETS/LJSpeech-1.1/wavs/LJ012-0013.wav,0
/data/DATASETS/LJSpeech-1.1/wavs/LJ019-0227.wav,0
/data/DATASETS/LJSpeech-1.1/wavs/LJ047-0100.wav,0
/data/DATASETS/LJSpeech-1.1/wavs/LJ029-0135.wav,0
/data/DATASETS/LJSpeech-1.1/wavs/LJ015-0280.wav,0
/data/DATASETS/LJSpeech-1.1/wavs/LJ008-0235.wav,0
/data/DATASETS/LJSpeech-1.1/wavs/LJ029-0129.wav,0
/data/DATASETS/LJSpeech-1.1/wavs/LJ040-0107.wav,0
/data/DATASETS/LJSpeech-1.1/wavs/LJ032-0113.wav,0
/data/DATASETS/LJSpeech-1.1/wavs/LJ035-0184.wav,0
/data/DATASETS/LJSpeech-1.1/wavs/LJ025-0145.wav,0
/data/DATASETS/LJSpeech-1.1/wavs/LJ007-0176.wav,0
/data/DATASETS/LJSpeech-1.1/wavs/LJ032-0218.wav,0
/data/DATASETS/LJSpeech-1.1/wavs/LJ028-0295.wav,0
/data/DATASETS/LJSpeech-1.1/wavs/LJ037-0018.wav,0
/data/DATASETS/LJSpeech-1.1/wavs/LJ029-0149.wav,0
/data/DATASETS/LJSpeech-1.1/wavs/LJ006-0303.wav,0
/data/DATASETS/LJSpeech-1.1/wavs/LJ019-0234.wav,0
/data/DATASETS/LJSpeech-1.1/wavs/LJ030-0109.wav,0
/data/DATASETS/LJSpeech-1.1/wavs/LJ028-0073.wav,0
/data/DATASETS/LJSpeech-1.1/wavs/LJ040-0091.wav,0
/data/DATASETS/LJSpeech-1.1/wavs/LJ036-0129.wav,0
/data/DATASETS/LJSpeech-1.1/wavs/LJ019-0179.wav,0
/data/DATASETS/LJSpeech-1.1/wavs/LJ040-0035.wav,0
/data/DATASETS/LJSpeech-1.1/wavs/LJ005-0043.wav,0
/data/DATASETS/LJSpeech-1.1/wavs/LJ015-0012.wav,0
/data/DATASETS/LJSpeech-1.1/wavs/LJ006-0126.wav,0
/data/DATASETS/LJSpeech-1.1/wavs/LJ036-0004.wav,0
/data/DATASETS/LJSpeech-1.1/wavs/LJ025-0138.wav,0
/data/DATASETS/LJSpeech-1.1/wavs/LJ002-0162.wav,0
/data/DATASETS/LJSpeech-1.1/wavs/LJ041-0176.wav,0
/data/DATASETS/LJSpeech-1.1/wavs/LJ030-0203.wav,0
/data/DATASETS/LJSpeech-1.1/wavs/LJ025-0050.wav,0
/data/DATASETS/LJSpeech-1.1/wavs/LJ035-0156.wav,0
/data/DATASETS/LJSpeech-1.1/wavs/LJ038-0095.wav,0
/data/DATASETS/LJSpeech-1.1/wavs/LJ040-0200.wav,0
/data/DATASETS/LJSpeech-1.1/wavs/LJ036-0213.wav,0
/data/DATASETS/LJSpeech-1.1/wavs/LJ039-0134.wav,0
/data/DATASETS/LJSpeech-1.1/wavs/LJ005-0172.wav,0
/data/DATASETS/LJSpeech-1.1/wavs/LJ016-0058.wav,0
/data/DATASETS/LJSpeech-1.1/wavs/LJ010-0091.wav,0
/data/DATASETS/LJSpeech-1.1/wavs/LJ021-0040.wav,0
/data/DATASETS/LJSpeech-1.1/wavs/LJ034-0029.wav,0
/data/DATASETS/LJSpeech-1.1/wavs/LJ032-0250.wav,0
/data/DATASETS/LJSpeech-1.1/wavs/LJ017-0113.wav,0
/data/DATASETS/LJSpeech-1.1/wavs/LJ038-0177.wav,0
/data/DATASETS/LJSpeech-1.1/wavs/LJ015-0109.wav,0
/data/DATASETS/LJSpeech-1.1/wavs/LJ008-0113.wav,0
/data/DATASETS/LJSpeech-1.1/wavs/LJ015-0091.wav,0
/data/DATASETS/LJSpeech-1.1/wavs/LJ008-0284.wav,0
/data/DATASETS/LJSpeech-1.1/wavs/LJ002-0185.wav,0
/data/DATASETS/LJSpeech-1.1/wavs/LJ048-0201.wav,0
/data/DATASETS/LJSpeech-1.1/wavs/LJ017-0277.wav,0
/data/DATASETS/LJSpeech-1.1/wavs/LJ007-0154.wav,0
/data/DATASETS/LJSpeech-1.1/wavs/LJ020-0008.wav,0
/data/DATASETS/LJSpeech-1.1/wavs/LJ050-0048.wav,0
/data/DATASETS/LJSpeech-1.1/wavs/LJ009-0293.wav,0
/data/DATASETS/LJSpeech-1.1/wavs/LJ006-0108.wav,0
/data/DATASETS/LJSpeech-1.1/wavs/LJ027-0065.wav,0
/data/DATASETS/LJSpeech-1.1/wavs/LJ023-0056.wav,0
/data/DATASETS/LJSpeech-1.1/wavs/LJ047-0101.wav,0
/data/DATASETS/LJSpeech-1.1/wavs/LJ018-0249.wav,0
/data/DATASETS/LJSpeech-1.1/wavs/LJ028-0023.wav,0
/data/DATASETS/LJSpeech-1.1/wavs/LJ033-0002.wav,0
/data/DATASETS/LJSpeech-1.1/wavs/LJ043-0119.wav,0
/data/DATASETS/LJSpeech-1.1/wavs/LJ016-0022.wav,0
/data/DATASETS/LJSpeech-1.1/wavs/LJ022-0011.wav,0
/data/DATASETS/LJSpeech-1.1/wavs/LJ029-0166.wav,0
/data/DATASETS/LJSpeech-1.1/wavs/LJ039-0014.wav,0
/data/DATASETS/LJSpeech-1.1/wavs/LJ028-0461.wav,0
/data/DATASETS/LJSpeech-1.1/wavs/LJ039-0127.wav,0
/data/DATASETS/LJSpeech-1.1/wavs/LJ015-0282.wav,0
/data/DATASETS/LJSpeech-1.1/wavs/LJ017-0092.wav,0
/data/DATASETS/LJSpeech-1.1/wavs/LJ044-0084.wav,0
/data/DATASETS/LJSpeech-1.1/wavs/LJ017-0022.wav,0
/data/DATASETS/LJSpeech-1.1/wavs/LJ049-0139.wav,0
/data/DATASETS/LJSpeech-1.1/wavs/LJ019-0097.wav,0
/data/DATASETS/LJSpeech-1.1/wavs/LJ028-0494.wav,0
/data/DATASETS/LJSpeech-1.1/wavs/LJ042-0089.wav,0
/data/DATASETS/LJSpeech-1.1/wavs/LJ010-0069.wav,0
/data/DATASETS/LJSpeech-1.1/wavs/LJ007-0072.wav,0
/data/DATASETS/LJSpeech-1.1/wavs/LJ003-0063.wav,0
/data/DATASETS/LJSpeech-1.1/wavs/LJ002-0037.wav,0
/data/DATASETS/LJSpeech-1.1/wavs/LJ007-0219.wav,0
/data/DATASETS/LJSpeech-1.1/wavs/LJ008-0184.wav,0
/data/DATASETS/LJSpeech-1.1/wavs/LJ016-0370.wav,0
/data/DATASETS/LJSpeech-1.1/wavs/LJ013-0162.wav,0
/data/DATASETS/LJSpeech-1.1/wavs/LJ012-0273.wav,0
/data/DATASETS/LJSpeech-1.1/wavs/LJ008-0124.wav,0
/data/DATASETS/LJSpeech-1.1/wavs/LJ037-0217.wav,0
/data/DATASETS/LJSpeech-1.1/wavs/LJ050-0248.wav,0
/data/DATASETS/LJSpeech-1.1/wavs/LJ049-0083.wav,0
/data/DATASETS/LJSpeech-1.1/wavs/LJ030-0155.wav,0
/data/DATASETS/LJSpeech-1.1/wavs/LJ028-0477.wav,0
/data/DATASETS/LJSpeech-1.1/wavs/LJ023-0120.wav,0
/data/DATASETS/LJSpeech-1.1/wavs/LJ017-0209.wav,0
/data/DATASETS/LJSpeech-1.1/wavs/LJ012-0030.wav,0
/data/DATASETS/LJSpeech-1.1/wavs/LJ040-0136.wav,0
/data/DATASETS/LJSpeech-1.1/wavs/LJ030-0129.wav,0
/data/DATASETS/LJSpeech-1.1/wavs/LJ016-0301.wav,0
/data/DATASETS/LJSpeech-1.1/wavs/LJ015-0308.wav,0
/data/DATASETS/LJSpeech-1.1/wavs/LJ028-0140.wav,0
/data/DATASETS/LJSpeech-1.1/wavs/LJ046-0078.wav,0
/data/DATASETS/LJSpeech-1.1/wavs/LJ002-0050.wav,0
/data/DATASETS/LJSpeech-1.1/wavs/LJ024-0045.wav,0
/data/DATASETS/LJSpeech-1.1/wavs/LJ036-0042.wav,0
/data/DATASETS/LJSpeech-1.1/wavs/LJ012-0130.wav,0
/data/DATASETS/LJSpeech-1.1/wavs/LJ037-0178.wav,0
/data/DATASETS/LJSpeech-1.1/wavs/LJ009-0017.wav,0
/data/DATASETS/LJSpeech-1.1/wavs/LJ018-0133.wav,0
/data/DATASETS/LJSpeech-1.1/wavs/LJ022-0187.wav,0
/data/DATASETS/LJSpeech-1.1/wavs/LJ028-0506.wav,0
/data/DATASETS/LJSpeech-1.1/wavs/LJ037-0098.wav,0
/data/DATASETS/LJSpeech-1.1/wavs/LJ014-0293.wav,0
/data/DATASETS/LJSpeech-1.1/wavs/LJ009-0142.wav,0
/data/DATASETS/LJSpeech-1.1/wavs/LJ019-0174.wav,0
/data/DATASETS/LJSpeech-1.1/wavs/LJ044-0032.wav,0
/data/DATASETS/LJSpeech-1.1/wavs/LJ038-0057.wav,0
/data/DATASETS/LJSpeech-1.1/wavs/LJ047-0112.wav,0
/data/DATASETS/LJSpeech-1.1/wavs/LJ041-0125.wav,0
/data/DATASETS/LJSpeech-1.1/wavs/LJ006-0031.wav,0
/data/DATASETS/LJSpeech-1.1/wavs/LJ027-0095.wav,0
/data/DATASETS/LJSpeech-1.1/wavs/LJ008-0038.wav,0
/data/DATASETS/LJSpeech-1.1/wavs/LJ028-0031.wav,0
/data/DATASETS/LJSpeech-1.1/wavs/LJ009-0112.wav,0
/data/DATASETS/LJSpeech-1.1/wavs/LJ049-0143.wav,0
/data/DATASETS/LJSpeech-1.1/wavs/LJ022-0159.wav,0
/data/DATASETS/LJSpeech-1.1/wavs/LJ011-0224.wav,0
/data/DATASETS/LJSpeech-1.1/wavs/LJ032-0253.wav,0
/data/DATASETS/LJSpeech-1.1/wavs/LJ001-0146.wav,0
/data/DATASETS/LJSpeech-1.1/wavs/LJ044-0207.wav,0
/data/DATASETS/LJSpeech-1.1/wavs/LJ008-0192.wav,0
/data/DATASETS/LJSpeech-1.1/wavs/LJ040-0218.wav,0
/data/DATASETS/LJSpeech-1.1/wavs/LJ013-0207.wav,0
/data/DATASETS/LJSpeech-1.1/wavs/LJ026-0010.wav,0
/data/DATASETS/LJSpeech-1.1/wavs/LJ021-0135.wav,0
/data/DATASETS/LJSpeech-1.1/wavs/LJ007-0066.wav,0
/data/DATASETS/LJSpeech-1.1/wavs/LJ025-0052.wav,0
/data/DATASETS/LJSpeech-1.1/wavs/LJ008-0216.wav,0
/data/DATASETS/LJSpeech-1.1/wavs/LJ002-0158.wav,0
/data/DATASETS/LJSpeech-1.1/wavs/LJ008-0044.wav,0
/data/DATASETS/LJSpeech-1.1/wavs/LJ042-0217.wav,0
/data/DATASETS/LJSpeech-1.1/wavs/LJ015-0311.wav,0
/data/DATASETS/LJSpeech-1.1/wavs/LJ020-0039.wav,0
/data/DATASETS/LJSpeech-1.1/wavs/LJ003-0128.wav,0
/data/DATASETS/LJSpeech-1.1/wavs/LJ016-0346.wav,0
/data/DATASETS/LJSpeech-1.1/wavs/LJ046-0129.wav,0
/data/DATASETS/LJSpeech-1.1/wavs/LJ033-0147.wav,0
/data/DATASETS/LJSpeech-1.1/wavs/LJ004-0076.wav,0
/data/DATASETS/LJSpeech-1.1/wavs/LJ048-0048.wav,0
/data/DATASETS/LJSpeech-1.1/wavs/LJ044-0229.wav,0
/data/DATASETS/LJSpeech-1.1/wavs/LJ042-0191.wav,0
/data/DATASETS/LJSpeech-1.1/wavs/LJ038-0103.wav,0
/data/DATASETS/LJSpeech-1.1/wavs/LJ025-0167.wav,0
/data/DATASETS/LJSpeech-1.1/wavs/LJ004-0038.wav,0
/data/DATASETS/LJSpeech-1.1/wavs/LJ012-0055.wav,0
/data/DATASETS/LJSpeech-1.1/wavs/LJ021-0143.wav,0
/data/DATASETS/LJSpeech-1.1/wavs/LJ030-0250.wav,0
/data/DATASETS/LJSpeech-1.1/wavs/LJ023-0128.wav,0
/data/DATASETS/LJSpeech-1.1/wavs/LJ050-0130.wav,0
/data/DATASETS/LJSpeech-1.1/wavs/LJ005-0247.wav,0
/data/DATASETS/LJSpeech-1.1/wavs/LJ043-0086.wav,0
/data/DATASETS/LJSpeech-1.1/wavs/LJ027-0069.wav,0
/data/DATASETS/LJSpeech-1.1/wavs/LJ003-0037.wav,0
/data/DATASETS/LJSpeech-1.1/wavs/LJ019-0163.wav,0
/data/DATASETS/LJSpeech-1.1/wavs/LJ011-0214.wav,0
/data/DATASETS/LJSpeech-1.1/wavs/LJ043-0024.wav,0
/data/DATASETS/LJSpeech-1.1/wavs/LJ048-0265.wav,0
/data/DATASETS/LJSpeech-1.1/wavs/LJ039-0223.wav,0
/data/DATASETS/LJSpeech-1.1/wavs/LJ033-0201.wav,0
/data/DATASETS/LJSpeech-1.1/wavs/LJ018-0052.wav,0
/data/DATASETS/LJSpeech-1.1/wavs/LJ038-0129.wav,0
/data/DATASETS/LJSpeech-1.1/wavs/LJ009-0026.wav,0
/data/DATASETS/LJSpeech-1.1/wavs/LJ045-0134.wav,0
/data/DATASETS/LJSpeech-1.1/wavs/LJ017-0245.wav,0
/data/DATASETS/LJSpeech-1.1/wavs/LJ031-0129.wav,0
/data/DATASETS/LJSpeech-1.1/wavs/LJ016-0275.wav,0
/data/DATASETS/LJSpeech-1.1/wavs/LJ012-0170.wav,0
/data/DATASETS/LJSpeech-1.1/wavs/LJ034-0170.wav,0
/data/DATASETS/LJSpeech-1.1/wavs/LJ007-0100.wav,0
/data/DATASETS/LJSpeech-1.1/wavs/LJ020-0031.wav,0
/data/DATASETS/LJSpeech-1.1/wavs/LJ005-0100.wav,0
/data/DATASETS/LJSpeech-1.1/wavs/LJ016-0307.wav,0
/data/DATASETS/LJSpeech-1.1/wavs/LJ008-0066.wav,0
/data/DATASETS/LJSpeech-1.1/wavs/LJ015-0076.wav,0
/data/DATASETS/LJSpeech-1.1/wavs/LJ042-0172.wav,0
/data/DATASETS/LJSpeech-1.1/wavs/LJ012-0094.wav,0
/data/DATASETS/LJSpeech-1.1/wavs/LJ026-0102.wav,0
/data/DATASETS/LJSpeech-1.1/wavs/LJ038-0030.wav,0
/data/DATASETS/LJSpeech-1.1/wavs/LJ036-0192.wav,0
/data/DATASETS/LJSpeech-1.1/wavs/LJ008-0063.wav,0
/data/DATASETS/LJSpeech-1.1/wavs/LJ040-0022.wav,0
/data/DATASETS/LJSpeech-1.1/wavs/LJ022-0129.wav,0
/data/DATASETS/LJSpeech-1.1/wavs/LJ013-0040.wav,0
/data/DATASETS/LJSpeech-1.1/wavs/LJ006-0196.wav,0
/data/DATASETS/LJSpeech-1.1/wavs/LJ039-0214.wav,0
/data/DATASETS/LJSpeech-1.1/wavs/LJ029-0017.wav,0
/data/DATASETS/LJSpeech-1.1/wavs/LJ002-0252.wav,0
/data/DATASETS/LJSpeech-1.1/wavs/LJ050-0145.wav,0
/data/DATASETS/LJSpeech-1.1/wavs/LJ047-0185.wav,0
/data/DATASETS/LJSpeech-1.1/wavs/LJ028-0338.wav,0
/data/DATASETS/LJSpeech-1.1/wavs/LJ044-0157.wav,0
/data/DATASETS/LJSpeech-1.1/wavs/LJ006-0138.wav,0
/data/DATASETS/LJSpeech-1.1/wavs/LJ027-0075.wav,0
/data/DATASETS/LJSpeech-1.1/wavs/LJ019-0253.wav,0
/data/DATASETS/LJSpeech-1.1/wavs/LJ024-0129.wav,0
/data/DATASETS/LJSpeech-1.1/wavs/LJ038-0150.wav,0
/data/DATASETS/LJSpeech-1.1/wavs/LJ019-0287.wav,0
/data/DATASETS/LJSpeech-1.1/wavs/LJ041-0191.wav,0
/data/DATASETS/LJSpeech-1.1/wavs/LJ040-0217.wav,0
/data/DATASETS/LJSpeech-1.1/wavs/LJ003-0098.wav,0
/data/DATASETS/LJSpeech-1.1/wavs/LJ005-0013.wav,0
/data/DATASETS/LJSpeech-1.1/wavs/LJ009-0081.wav,0
/data/DATASETS/LJSpeech-1.1/wavs/LJ050-0094.wav,0
/data/DATASETS/LJSpeech-1.1/wavs/LJ034-0138.wav,0
/data/DATASETS/LJSpeech-1.1/wavs/LJ024-0100.wav,0
/data/DATASETS/LJSpeech-1.1/wavs/LJ037-0002.wav,0
/data/DATASETS/LJSpeech-1.1/wavs/LJ032-0082.wav,0
/data/DATASETS/LJSpeech-1.1/wavs/LJ026-0126.wav,0
/data/DATASETS/LJSpeech-1.1/wavs/LJ002-0181.wav,0
/data/DATASETS/LJSpeech-1.1/wavs/LJ038-0070.wav,0
/data/DATASETS/LJSpeech-1.1/wavs/LJ038-0231.wav,0
/data/DATASETS/LJSpeech-1.1/wavs/LJ030-0090.wav,0
/data/DATASETS/LJSpeech-1.1/wavs/LJ014-0177.wav,0
/data/DATASETS/LJSpeech-1.1/wavs/LJ032-0152.wav,0
/data/DATASETS/LJSpeech-1.1/wavs/LJ002-0081.wav,0
/data/DATASETS/LJSpeech-1.1/wavs/LJ047-0074.wav,0
/data/DATASETS/LJSpeech-1.1/wavs/LJ026-0101.wav,0
/data/DATASETS/LJSpeech-1.1/wavs/LJ028-0244.wav,0
/data/DATASETS/LJSpeech-1.1/wavs/LJ010-0177.wav,0
/data/DATASETS/LJSpeech-1.1/wavs/LJ014-0103.wav,0
/data/DATASETS/LJSpeech-1.1/wavs/LJ003-0127.wav,0
/data/DATASETS/LJSpeech-1.1/wavs/LJ024-0068.wav,0
/data/DATASETS/LJSpeech-1.1/wavs/LJ042-0180.wav,0
/data/DATASETS/LJSpeech-1.1/wavs/LJ016-0251.wav,0
/data/DATASETS/LJSpeech-1.1/wavs/LJ014-0084.wav,0
/data/DATASETS/LJSpeech-1.1/wavs/LJ009-0054.wav,0
/data/DATASETS/LJSpeech-1.1/wavs/LJ015-0157.wav,0
/data/DATASETS/LJSpeech-1.1/wavs/LJ033-0018.wav,0
/data/DATASETS/LJSpeech-1.1/wavs/LJ040-0215.wav,0
/data/DATASETS/LJSpeech-1.1/wavs/LJ033-0081.wav,0
/data/DATASETS/LJSpeech-1.1/wavs/LJ019-0264.wav,0
/data/DATASETS/LJSpeech-1.1/wavs/LJ028-0252.wav,0
/data/DATASETS/LJSpeech-1.1/wavs/LJ047-0120.wav,0
/data/DATASETS/LJSpeech-1.1/wavs/LJ003-0115.wav,0
/data/DATASETS/LJSpeech-1.1/wavs/LJ030-0213.wav,0
/data/DATASETS/LJSpeech-1.1/wavs/LJ043-0062.wav,0
/data/DATASETS/LJSpeech-1.1/wavs/LJ030-0199.wav,0
/data/DATASETS/LJSpeech-1.1/wavs/LJ025-0175.wav,0
/data/DATASETS/LJSpeech-1.1/wavs/LJ042-0024.wav,0
/data/DATASETS/LJSpeech-1.1/wavs/LJ004-0011.wav,0
/data/DATASETS/LJSpeech-1.1/wavs/LJ003-0125.wav,0
/data/DATASETS/LJSpeech-1.1/wavs/LJ033-0180.wav,0
/data/DATASETS/LJSpeech-1.1/wavs/LJ038-0126.wav,0
/data/DATASETS/LJSpeech-1.1/wavs/LJ028-0007.wav,0
/data/DATASETS/LJSpeech-1.1/wavs/LJ015-0192.wav,0
/data/DATASETS/LJSpeech-1.1/wavs/LJ035-0149.wav,0
/data/DATASETS/LJSpeech-1.1/wavs/LJ048-0207.wav,0
/data/DATASETS/LJSpeech-1.1/wavs/LJ007-0038.wav,0
/data/DATASETS/LJSpeech-1.1/wavs/LJ018-0016.wav,0
/data/DATASETS/LJSpeech-1.1/wavs/LJ038-0061.wav,0
/data/DATASETS/LJSpeech-1.1/wavs/LJ048-0238.wav,0
/data/DATASETS/LJSpeech-1.1/wavs/LJ027-0083.wav,0
/data/DATASETS/LJSpeech-1.1/wavs/LJ032-0159.wav,0
/data/DATASETS/LJSpeech-1.1/wavs/LJ031-0203.wav,0
/data/DATASETS/LJSpeech-1.1/wavs/LJ050-0005.wav,0
/data/DATASETS/LJSpeech-1.1/wavs/LJ036-0080.wav,0
/data/DATASETS/LJSpeech-1.1/wavs/LJ001-0157.wav,0
/data/DATASETS/LJSpeech-1.1/wavs/LJ032-0249.wav,0
/data/DATASETS/LJSpeech-1.1/wavs/LJ042-0071.wav,0
/data/DATASETS/LJSpeech-1.1/wavs/LJ019-0165.wav,0
/data/DATASETS/LJSpeech-1.1/wavs/LJ016-0277.wav,0
/data/DATASETS/LJSpeech-1.1/wavs/LJ027-0004.wav,0
/data/DATASETS/LJSpeech-1.1/wavs/LJ038-0042.wav,0
/data/DATASETS/LJSpeech-1.1/wavs/LJ030-0037.wav,0
/data/DATASETS/LJSpeech-1.1/wavs/LJ047-0144.wav,0
/data/DATASETS/LJSpeech-1.1/wavs/LJ042-0247.wav,0
/data/DATASETS/LJSpeech-1.1/wavs/LJ049-0061.wav,0
/data/DATASETS/LJSpeech-1.1/wavs/LJ039-0004.wav,0
/data/DATASETS/LJSpeech-1.1/wavs/LJ029-0150.wav,0
/data/DATASETS/LJSpeech-1.1/wavs/LJ026-0146.wav,0
/data/DATASETS/LJSpeech-1.1/wavs/LJ028-0149.wav,0
/data/DATASETS/LJSpeech-1.1/wavs/LJ027-0018.wav,0
/data/DATASETS/LJSpeech-1.1/wavs/LJ035-0030.wav,0
/data/DATASETS/LJSpeech-1.1/wavs/LJ023-0026.wav,0
/data/DATASETS/LJSpeech-1.1/wavs/LJ006-0024.wav,0
/data/DATASETS/LJSpeech-1.1/wavs/LJ017-0256.wav,0
/data/DATASETS/LJSpeech-1.1/wavs/LJ015-0166.wav,0
/data/DATASETS/LJSpeech-1.1/wavs/LJ005-0202.wav,0
/data/DATASETS/LJSpeech-1.1/wavs/LJ030-0027.wav,0
/data/DATASETS/LJSpeech-1.1/wavs/LJ048-0085.wav,0
/data/DATASETS/LJSpeech-1.1/wavs/LJ016-0171.wav,0
/data/DATASETS/LJSpeech-1.1/wavs/LJ010-0074.wav,0
/data/DATASETS/LJSpeech-1.1/wavs/LJ010-0280.wav,0
/data/DATASETS/LJSpeech-1.1/wavs/LJ024-0108.wav,0
/data/DATASETS/LJSpeech-1.1/wavs/LJ049-0161.wav,0
/data/DATASETS/LJSpeech-1.1/wavs/LJ005-0147.wav,0
/data/DATASETS/LJSpeech-1.1/wavs/LJ012-0063.wav,0
/data/DATASETS/LJSpeech-1.1/wavs/LJ015-0115.wav,0
/data/DATASETS/LJSpeech-1.1/wavs/LJ017-0225.wav,0
/data/DATASETS/LJSpeech-1.1/wavs/LJ002-0275.wav,0
/data/DATASETS/LJSpeech-1.1/wavs/LJ031-0227.wav,0
/data/DATASETS/LJSpeech-1.1/wavs/LJ033-0186.wav,0
/data/DATASETS/LJSpeech-1.1/wavs/LJ049-0155.wav,0
/data/DATASETS/LJSpeech-1.1/wavs/LJ041-0177.wav,0
/data/DATASETS/LJSpeech-1.1/wavs/LJ029-0083.wav,0
/data/DATASETS/LJSpeech-1.1/wavs/LJ007-0031.wav,0
/data/DATASETS/LJSpeech-1.1/wavs/LJ016-0078.wav,0
/data/DATASETS/LJSpeech-1.1/wavs/LJ010-0031.wav,0
/data/DATASETS/LJSpeech-1.1/wavs/LJ050-0184.wav,0
/data/DATASETS/LJSpeech-1.1/wavs/LJ038-0092.wav,0
/data/DATASETS/LJSpeech-1.1/wavs/LJ037-0072.wav,0
/data/DATASETS/LJSpeech-1.1/wavs/LJ018-0348.wav,0
/data/DATASETS/LJSpeech-1.1/wavs/LJ034-0046.wav,0
/data/DATASETS/LJSpeech-1.1/wavs/LJ034-0108.wav,0
/data/DATASETS/LJSpeech-1.1/wavs/LJ015-0032.wav,0
/data/DATASETS/LJSpeech-1.1/wavs/LJ043-0168.wav,0
/data/DATASETS/LJSpeech-1.1/wavs/LJ019-0250.wav,0
/data/DATASETS/LJSpeech-1.1/wavs/LJ029-0096.wav,0
/data/DATASETS/LJSpeech-1.1/wavs/LJ045-0016.wav,0
/data/DATASETS/LJSpeech-1.1/wavs/LJ050-0114.wav,0
/data/DATASETS/LJSpeech-1.1/wavs/LJ011-0076.wav,0
/data/DATASETS/LJSpeech-1.1/wavs/LJ003-0161.wav,0
/data/DATASETS/LJSpeech-1.1/wavs/LJ016-0131.wav,0
/data/DATASETS/LJSpeech-1.1/wavs/LJ026-0009.wav,0
/data/DATASETS/LJSpeech-1.1/wavs/LJ004-0130.wav,0
/data/DATASETS/LJSpeech-1.1/wavs/LJ049-0052.wav,0
/data/DATASETS/LJSpeech-1.1/wavs/LJ001-0071.wav,0
/data/DATASETS/LJSpeech-1.1/wavs/LJ018-0254.wav,0
/data/DATASETS/LJSpeech-1.1/wavs/LJ017-0054.wav,0
/data/DATASETS/LJSpeech-1.1/wavs/LJ028-0220.wav,0
/data/DATASETS/LJSpeech-1.1/wavs/LJ044-0200.wav,0
/data/DATASETS/LJSpeech-1.1/wavs/LJ014-0223.wav,0
/data/DATASETS/LJSpeech-1.1/wavs/LJ013-0177.wav,0
/data/DATASETS/LJSpeech-1.1/wavs/LJ018-0330.wav,0
/data/DATASETS/LJSpeech-1.1/wavs/LJ042-0141.wav,0
/data/DATASETS/LJSpeech-1.1/wavs/LJ004-0249.wav,0
/data/DATASETS/LJSpeech-1.1/wavs/LJ016-0128.wav,0
/data/DATASETS/LJSpeech-1.1/wavs/LJ033-0043.wav,0
/data/DATASETS/LJSpeech-1.1/wavs/LJ002-0268.wav,0
/data/DATASETS/LJSpeech-1.1/wavs/LJ049-0183.wav,0
/data/DATASETS/LJSpeech-1.1/wavs/LJ021-0076.wav,0
/data/DATASETS/LJSpeech-1.1/wavs/LJ003-0219.wav,0
/data/DATASETS/LJSpeech-1.1/wavs/LJ031-0038.wav,0
/data/DATASETS/LJSpeech-1.1/wavs/LJ038-0290.wav,0
/data/DATASETS/LJSpeech-1.1/wavs/LJ043-0082.wav,0
/data/DATASETS/LJSpeech-1.1/wavs/LJ017-0090.wav,0
/data/DATASETS/LJSpeech-1.1/wavs/LJ017-0101.wav,0
/data/DATASETS/LJSpeech-1.1/wavs/LJ030-0008.wav,0
/data/DATASETS/LJSpeech-1.1/wavs/LJ017-0141.wav,0
/data/DATASETS/LJSpeech-1.1/wavs/LJ012-0192.wav,0
/data/DATASETS/LJSpeech-1.1/wavs/LJ015-0064.wav,0
/data/DATASETS/LJSpeech-1.1/wavs/LJ016-0356.wav,0
/data/DATASETS/LJSpeech-1.1/wavs/LJ020-0042.wav,0
/data/DATASETS/LJSpeech-1.1/wavs/LJ041-0067.wav,0
/data/DATASETS/LJSpeech-1.1/wavs/LJ023-0131.wav,0
/data/DATASETS/LJSpeech-1.1/wavs/LJ045-0179.wav,0
/data/DATASETS/LJSpeech-1.1/wavs/LJ009-0039.wav,0
/data/DATASETS/LJSpeech-1.1/wavs/LJ006-0085.wav,0
/data/DATASETS/LJSpeech-1.1/wavs/LJ029-0210.wav,0
/data/DATASETS/LJSpeech-1.1/wavs/LJ030-0095.wav,0
/data/DATASETS/LJSpeech-1.1/wavs/LJ042-0226.wav,0
/data/DATASETS/LJSpeech-1.1/wavs/LJ050-0034.wav,0
/data/DATASETS/LJSpeech-1.1/wavs/LJ015-0185.wav,0
/data/DATASETS/LJSpeech-1.1/wavs/LJ022-0154.wav,0
/data/DATASETS/LJSpeech-1.1/wavs/LJ045-0135.wav,0
/data/DATASETS/LJSpeech-1.1/wavs/LJ003-0187.wav,0
/data/DATASETS/LJSpeech-1.1/wavs/LJ050-0214.wav,0
/data/DATASETS/LJSpeech-1.1/wavs/LJ003-0202.wav,0
/data/DATASETS/LJSpeech-1.1/wavs/LJ028-0020.wav,0
/data/DATASETS/LJSpeech-1.1/wavs/LJ003-0009.wav,0
/data/DATASETS/LJSpeech-1.1/wavs/LJ020-0055.wav,0
/data/DATASETS/LJSpeech-1.1/wavs/LJ040-0028.wav,0
/data/DATASETS/LJSpeech-1.1/wavs/LJ020-0041.wav,0
/data/DATASETS/LJSpeech-1.1/wavs/LJ035-0058.wav,0
/data/DATASETS/LJSpeech-1.1/wavs/LJ015-0082.wav,0
/data/DATASETS/LJSpeech-1.1/wavs/LJ004-0137.wav,0
/data/DATASETS/LJSpeech-1.1/wavs/LJ007-0021.wav,0
/data/DATASETS/LJSpeech-1.1/wavs/LJ048-0248.wav,0
/data/DATASETS/LJSpeech-1.1/wavs/LJ019-0247.wav,0
/data/DATASETS/LJSpeech-1.1/wavs/LJ045-0013.wav,0
/data/DATASETS/LJSpeech-1.1/wavs/LJ019-0343.wav,0
/data/DATASETS/LJSpeech-1.1/wavs/LJ035-0154.wav,0
/data/DATASETS/LJSpeech-1.1/wavs/LJ040-0207.wav,0
/data/DATASETS/LJSpeech-1.1/wavs/LJ017-0091.wav,0
/data/DATASETS/LJSpeech-1.1/wavs/LJ048-0131.wav,0
/data/DATASETS/LJSpeech-1.1/wavs/LJ001-0113.wav,0
/data/DATASETS/LJSpeech-1.1/wavs/LJ020-0078.wav,0
/data/DATASETS/LJSpeech-1.1/wavs/LJ031-0013.wav,0
/data/DATASETS/LJSpeech-1.1/wavs/LJ031-0087.wav,0
/data/DATASETS/LJSpeech-1.1/wavs/LJ003-0147.wav,0
/data/DATASETS/LJSpeech-1.1/wavs/LJ004-0166.wav,0
/data/DATASETS/LJSpeech-1.1/wavs/LJ011-0247.wav,0
/data/DATASETS/LJSpeech-1.1/wavs/LJ013-0014.wav,0
/data/DATASETS/LJSpeech-1.1/wavs/LJ029-0040.wav,0
/data/DATASETS/LJSpeech-1.1/wavs/LJ019-0389.wav,0
/data/DATASETS/LJSpeech-1.1/wavs/LJ014-0339.wav,0
/data/DATASETS/LJSpeech-1.1/wavs/LJ010-0100.wav,0
/data/DATASETS/LJSpeech-1.1/wavs/LJ011-0005.wav,0
/data/DATASETS/LJSpeech-1.1/wavs/LJ005-0283.wav,0
/data/DATASETS/LJSpeech-1.1/wavs/LJ008-0224.wav,0
/data/DATASETS/LJSpeech-1.1/wavs/LJ018-0128.wav,0
/data/DATASETS/LJSpeech-1.1/wavs/LJ042-0157.wav,0
/data/DATASETS/LJSpeech-1.1/wavs/LJ022-0151.wav,0
/data/DATASETS/LJSpeech-1.1/wavs/LJ031-0089.wav,0
/data/DATASETS/LJSpeech-1.1/wavs/LJ024-0042.wav,0
/data/DATASETS/LJSpeech-1.1/wavs/LJ031-0187.wav,0
/data/DATASETS/LJSpeech-1.1/wavs/LJ044-0141.wav,0
/data/DATASETS/LJSpeech-1.1/wavs/LJ039-0087.wav,0
/data/DATASETS/LJSpeech-1.1/wavs/LJ008-0047.wav,0
/data/DATASETS/LJSpeech-1.1/wavs/LJ016-0161.wav,0
/data/DATASETS/LJSpeech-1.1/wavs/LJ034-0150.wav,0
/data/DATASETS/LJSpeech-1.1/wavs/LJ006-0291.wav,0
/data/DATASETS/LJSpeech-1.1/wavs/LJ034-0039.wav,0
/data/DATASETS/LJSpeech-1.1/wavs/LJ034-0082.wav,0
/data/DATASETS/LJSpeech-1.1/wavs/LJ039-0009.wav,0
/data/DATASETS/LJSpeech-1.1/wavs/LJ047-0077.wav,0
/data/DATASETS/LJSpeech-1.1/wavs/LJ047-0233.wav,0
/data/DATASETS/LJSpeech-1.1/wavs/LJ011-0185.wav,0
/data/DATASETS/LJSpeech-1.1/wavs/LJ011-0134.wav,0
/data/DATASETS/LJSpeech-1.1/wavs/LJ048-0111.wav,0
/data/DATASETS/LJSpeech-1.1/wavs/LJ017-0201.wav,0
/data/DATASETS/LJSpeech-1.1/wavs/LJ030-0137.wav,0
/data/DATASETS/LJSpeech-1.1/wavs/LJ006-0034.wav,0
/data/DATASETS/LJSpeech-1.1/wavs/LJ043-0049.wav,0
/data/DATASETS/LJSpeech-1.1/wavs/LJ023-0132.wav,0
/data/DATASETS/LJSpeech-1.1/wavs/LJ021-0190.wav,0
/data/DATASETS/LJSpeech-1.1/wavs/LJ023-0113.wav,0
/data/DATASETS/LJSpeech-1.1/wavs/LJ034-0080.wav,0
/data/DATASETS/LJSpeech-1.1/wavs/LJ016-0049.wav,0
/data/DATASETS/LJSpeech-1.1/wavs/LJ004-0222.wav,0
/data/DATASETS/LJSpeech-1.1/wavs/LJ023-0028.wav,0
/data/DATASETS/LJSpeech-1.1/wavs/LJ018-0178.wav,0
/data/DATASETS/LJSpeech-1.1/wavs/LJ013-0044.wav,0
/data/DATASETS/LJSpeech-1.1/wavs/LJ038-0154.wav,0
/data/DATASETS/LJSpeech-1.1/wavs/LJ007-0194.wav,0
/data/DATASETS/LJSpeech-1.1/wavs/LJ032-0017.wav,0
/data/DATASETS/LJSpeech-1.1/wavs/LJ004-0244.wav,0
/data/DATASETS/LJSpeech-1.1/wavs/LJ002-0032.wav,0
/data/DATASETS/LJSpeech-1.1/wavs/LJ017-0058.wav,0
/data/DATASETS/LJSpeech-1.1/wavs/LJ028-0309.wav,0
/data/DATASETS/LJSpeech-1.1/wavs/LJ049-0112.wav,0
/data/DATASETS/LJSpeech-1.1/wavs/LJ046-0155.wav,0
/data/DATASETS/LJSpeech-1.1/wavs/LJ045-0036.wav,0
/data/DATASETS/LJSpeech-1.1/wavs/LJ045-0142.wav,0
/data/DATASETS/LJSpeech-1.1/wavs/LJ014-0260.wav,0
/data/DATASETS/LJSpeech-1.1/wavs/LJ028-0064.wav,0
/data/DATASETS/LJSpeech-1.1/wavs/LJ012-0151.wav,0
/data/DATASETS/LJSpeech-1.1/wavs/LJ040-0125.wav,0
/data/DATASETS/LJSpeech-1.1/wavs/LJ033-0184.wav,0
/data/DATASETS/LJSpeech-1.1/wavs/LJ007-0167.wav,0
/data/DATASETS/LJSpeech-1.1/wavs/LJ013-0206.wav,0
/data/DATASETS/LJSpeech-1.1/wavs/LJ048-0118.wav,0
/data/DATASETS/LJSpeech-1.1/wavs/LJ025-0057.wav,0
/data/DATASETS/LJSpeech-1.1/wavs/LJ007-0188.wav,0
/data/DATASETS/LJSpeech-1.1/wavs/LJ035-0032.wav,0
/data/DATASETS/LJSpeech-1.1/wavs/LJ017-0106.wav,0
/data/DATASETS/LJSpeech-1.1/wavs/LJ028-0039.wav,0
/data/DATASETS/LJSpeech-1.1/wavs/LJ033-0161.wav,0
/data/DATASETS/LJSpeech-1.1/wavs/LJ004-0234.wav,0
/data/DATASETS/LJSpeech-1.1/wavs/LJ050-0020.wav,0
/data/DATASETS/LJSpeech-1.1/wavs/LJ048-0194.wav,0
/data/DATASETS/LJSpeech-1.1/wavs/LJ001-0073.wav,0
/data/DATASETS/LJSpeech-1.1/wavs/LJ020-0035.wav,0
/data/DATASETS/LJSpeech-1.1/wavs/LJ016-0115.wav,0
/data/DATASETS/LJSpeech-1.1/wavs/LJ028-0227.wav,0
/data/DATASETS/LJSpeech-1.1/wavs/LJ036-0210.wav,0
/data/DATASETS/LJSpeech-1.1/wavs/LJ005-0266.wav,0
/data/DATASETS/LJSpeech-1.1/wavs/LJ035-0171.wav,0
/data/DATASETS/LJSpeech-1.1/wavs/LJ049-0089.wav,0
/data/DATASETS/LJSpeech-1.1/wavs/LJ048-0279.wav,0
/data/DATASETS/LJSpeech-1.1/wavs/LJ048-0156.wav,0
/data/DATASETS/LJSpeech-1.1/wavs/LJ024-0012.wav,0
/data/DATASETS/LJSpeech-1.1/wavs/LJ031-0047.wav,0
/data/DATASETS/LJSpeech-1.1/wavs/LJ047-0148.wav,0
/data/DATASETS/LJSpeech-1.1/wavs/LJ016-0388.wav,0
/data/DATASETS/LJSpeech-1.1/wavs/LJ016-0349.wav,0
/data/DATASETS/LJSpeech-1.1/wavs/LJ028-0028.wav,0
/data/DATASETS/LJSpeech-1.1/wavs/LJ038-0262.wav,0
/data/DATASETS/LJSpeech-1.1/wavs/LJ021-0090.wav,0
/data/DATASETS/LJSpeech-1.1/wavs/LJ041-0078.wav,0
/data/DATASETS/LJSpeech-1.1/wavs/LJ032-0065.wav,0
/data/DATASETS/LJSpeech-1.1/wavs/LJ043-0176.wav,0
/data/DATASETS/LJSpeech-1.1/wavs/LJ012-0060.wav,0
/data/DATASETS/LJSpeech-1.1/wavs/LJ014-0238.wav,0
/data/DATASETS/LJSpeech-1.1/wavs/LJ028-0082.wav,0
/data/DATASETS/LJSpeech-1.1/wavs/LJ028-0145.wav,0
/data/DATASETS/LJSpeech-1.1/wavs/LJ042-0068.wav,0
/data/DATASETS/LJSpeech-1.1/wavs/LJ024-0103.wav,0
/data/DATASETS/LJSpeech-1.1/wavs/LJ047-0009.wav,0
/data/DATASETS/LJSpeech-1.1/wavs/LJ004-0071.wav,0
/data/DATASETS/LJSpeech-1.1/wavs/LJ040-0133.wav,0
/data/DATASETS/LJSpeech-1.1/wavs/LJ032-0016.wav,0
/data/DATASETS/LJSpeech-1.1/wavs/LJ048-0202.wav,0
/data/DATASETS/LJSpeech-1.1/wavs/LJ012-0061.wav,0
/data/DATASETS/LJSpeech-1.1/wavs/LJ028-0317.wav,0
/data/DATASETS/LJSpeech-1.1/wavs/LJ022-0033.wav,0
/data/DATASETS/LJSpeech-1.1/wavs/LJ050-0236.wav,0
/data/DATASETS/LJSpeech-1.1/wavs/LJ036-0178.wav,0
/data/DATASETS/LJSpeech-1.1/wavs/LJ003-0237.wav,0
/data/DATASETS/LJSpeech-1.1/wavs/LJ016-0101.wav,0
/data/DATASETS/LJSpeech-1.1/wavs/LJ019-0013.wav,0
/data/DATASETS/LJSpeech-1.1/wavs/LJ005-0255.wav,0
/data/DATASETS/LJSpeech-1.1/wavs/LJ017-0192.wav,0
/data/DATASETS/LJSpeech-1.1/wavs/LJ049-0228.wav,0
/data/DATASETS/LJSpeech-1.1/wavs/LJ015-0297.wav,0
/data/DATASETS/LJSpeech-1.1/wavs/LJ047-0246.wav,0
/data/DATASETS/LJSpeech-1.1/wavs/LJ036-0030.wav,0
/data/DATASETS/LJSpeech-1.1/wavs/LJ003-0225.wav,0
/data/DATASETS/LJSpeech-1.1/wavs/LJ043-0016.wav,0
/data/DATASETS/LJSpeech-1.1/wavs/LJ017-0180.wav,0
/data/DATASETS/LJSpeech-1.1/wavs/LJ016-0316.wav,0
/data/DATASETS/LJSpeech-1.1/wavs/LJ032-0170.wav,0
/data/DATASETS/LJSpeech-1.1/wavs/LJ034-0095.wav,0
/data/DATASETS/LJSpeech-1.1/wavs/LJ012-0032.wav,0
/data/DATASETS/LJSpeech-1.1/wavs/LJ014-0154.wav,0
/data/DATASETS/LJSpeech-1.1/wavs/LJ041-0033.wav,0
/data/DATASETS/LJSpeech-1.1/wavs/LJ045-0240.wav,0
/data/DATASETS/LJSpeech-1.1/wavs/LJ046-0157.wav,0
/data/DATASETS/LJSpeech-1.1/wavs/LJ005-0215.wav,0
/data/DATASETS/LJSpeech-1.1/wavs/LJ040-0173.wav,0
/data/DATASETS/LJSpeech-1.1/wavs/LJ003-0311.wav,0
/data/DATASETS/LJSpeech-1.1/wavs/LJ016-0421.wav,0
/data/DATASETS/LJSpeech-1.1/wavs/LJ029-0086.wav,0
/data/DATASETS/LJSpeech-1.1/wavs/LJ038-0199.wav,0
/data/DATASETS/LJSpeech-1.1/wavs/LJ002-0307.wav,0
/data/DATASETS/LJSpeech-1.1/wavs/LJ041-0072.wav,0
/data/DATASETS/LJSpeech-1.1/wavs/LJ004-0172.wav,0
/data/DATASETS/LJSpeech-1.1/wavs/LJ039-0177.wav,0
/data/DATASETS/LJSpeech-1.1/wavs/LJ017-0259.wav,0
/data/DATASETS/LJSpeech-1.1/wavs/LJ015-0191.wav,0
/data/DATASETS/LJSpeech-1.1/wavs/LJ046-0120.wav,0
/data/DATASETS/LJSpeech-1.1/wavs/LJ017-0140.wav,0
/data/DATASETS/LJSpeech-1.1/wavs/LJ011-0135.wav,0
/data/DATASETS/LJSpeech-1.1/wavs/LJ013-0123.wav,0
/data/DATASETS/LJSpeech-1.1/wavs/LJ010-0175.wav,0
/data/DATASETS/LJSpeech-1.1/wavs/LJ009-0217.wav,0
/data/DATASETS/LJSpeech-1.1/wavs/LJ001-0185.wav,0
/data/DATASETS/LJSpeech-1.1/wavs/LJ010-0211.wav,0
/data/DATASETS/LJSpeech-1.1/wavs/LJ036-0107.wav,0
/data/DATASETS/LJSpeech-1.1/wavs/LJ040-0075.wav,0
/data/DATASETS/LJSpeech-1.1/wavs/LJ045-0232.wav,0
/data/DATASETS/LJSpeech-1.1/wavs/LJ032-0079.wav,0
/data/DATASETS/LJSpeech-1.1/wavs/LJ048-0152.wav,0
/data/DATASETS/LJSpeech-1.1/wavs/LJ036-0071.wav,0
/data/DATASETS/LJSpeech-1.1/wavs/LJ009-0205.wav,0
/data/DATASETS/LJSpeech-1.1/wavs/LJ014-0083.wav,0
/data/DATASETS/LJSpeech-1.1/wavs/LJ005-0203.wav,0
/data/DATASETS/LJSpeech-1.1/wavs/LJ007-0043.wav,0
/data/DATASETS/LJSpeech-1.1/wavs/LJ019-0157.wav,0
/data/DATASETS/LJSpeech-1.1/wavs/LJ003-0113.wav,0
/data/DATASETS/LJSpeech-1.1/wavs/LJ006-0193.wav,0
/data/DATASETS/LJSpeech-1.1/wavs/LJ032-0130.wav,0
/data/DATASETS/LJSpeech-1.1/wavs/LJ040-0100.wav,0
/data/DATASETS/LJSpeech-1.1/wavs/LJ030-0193.wav,0
/data/DATASETS/LJSpeech-1.1/wavs/LJ009-0238.wav,0
/data/DATASETS/LJSpeech-1.1/wavs/LJ013-0028.wav,0
/data/DATASETS/LJSpeech-1.1/wavs/LJ047-0106.wav,0
/data/DATASETS/LJSpeech-1.1/wavs/LJ009-0274.wav,0
/data/DATASETS/LJSpeech-1.1/wavs/LJ011-0220.wav,0
/data/DATASETS/LJSpeech-1.1/wavs/LJ006-0285.wav,0
/data/DATASETS/LJSpeech-1.1/wavs/LJ026-0089.wav,0
/data/DATASETS/LJSpeech-1.1/wavs/LJ044-0138.wav,0
/data/DATASETS/LJSpeech-1.1/wavs/LJ041-0122.wav,0
/data/DATASETS/LJSpeech-1.1/wavs/LJ028-0280.wav,0
/data/DATASETS/LJSpeech-1.1/wavs/LJ039-0076.wav,0
/data/DATASETS/LJSpeech-1.1/wavs/LJ044-0034.wav,0
/data/DATASETS/LJSpeech-1.1/wavs/LJ045-0151.wav,0
/data/DATASETS/LJSpeech-1.1/wavs/LJ024-0074.wav,0
/data/DATASETS/LJSpeech-1.1/wavs/LJ043-0153.wav,0
/data/DATASETS/LJSpeech-1.1/wavs/LJ022-0128.wav,0
/data/DATASETS/LJSpeech-1.1/wavs/LJ008-0296.wav,0
/data/DATASETS/LJSpeech-1.1/wavs/LJ015-0214.wav,0
/data/DATASETS/LJSpeech-1.1/wavs/LJ027-0139.wav,0
/data/DATASETS/LJSpeech-1.1/wavs/LJ001-0096.wav,0
/data/DATASETS/LJSpeech-1.1/wavs/LJ035-0183.wav,0
/data/DATASETS/LJSpeech-1.1/wavs/LJ042-0020.wav,0
/data/DATASETS/LJSpeech-1.1/wavs/LJ023-0044.wav,0
/data/DATASETS/LJSpeech-1.1/wavs/LJ044-0165.wav,0
/data/DATASETS/LJSpeech-1.1/wavs/LJ019-0010.wav,0
/data/DATASETS/LJSpeech-1.1/wavs/LJ008-0090.wav,0
/data/DATASETS/LJSpeech-1.1/wavs/LJ019-0059.wav,0
/data/DATASETS/LJSpeech-1.1/wavs/LJ006-0263.wav,0
/data/DATASETS/LJSpeech-1.1/wavs/LJ009-0273.wav,0
/data/DATASETS/LJSpeech-1.1/wavs/LJ014-0057.wav,0
/data/DATASETS/LJSpeech-1.1/wavs/LJ017-0278.wav,0
/data/DATASETS/LJSpeech-1.1/wavs/LJ046-0222.wav,0
/data/DATASETS/LJSpeech-1.1/wavs/LJ018-0114.wav,0
/data/DATASETS/LJSpeech-1.1/wavs/LJ045-0228.wav,0
/data/DATASETS/LJSpeech-1.1/wavs/LJ016-0120.wav,0
/data/DATASETS/LJSpeech-1.1/wavs/LJ015-0036.wav,0
/data/DATASETS/LJSpeech-1.1/wavs/LJ027-0162.wav,0
/data/DATASETS/LJSpeech-1.1/wavs/LJ026-0068.wav,0
/data/DATASETS/LJSpeech-1.1/wavs/LJ026-0007.wav,0
/data/DATASETS/LJSpeech-1.1/wavs/LJ028-0018.wav,0
/data/DATASETS/LJSpeech-1.1/wavs/LJ029-0003.wav,0
/data/DATASETS/LJSpeech-1.1/wavs/LJ016-0170.wav,0
/data/DATASETS/LJSpeech-1.1/wavs/LJ008-0158.wav,0
/data/DATASETS/LJSpeech-1.1/wavs/LJ045-0230.wav,0
/data/DATASETS/LJSpeech-1.1/wavs/LJ006-0248.wav,0
/data/DATASETS/LJSpeech-1.1/wavs/LJ021-0119.wav,0
/data/DATASETS/LJSpeech-1.1/wavs/LJ034-0086.wav,0
/data/DATASETS/LJSpeech-1.1/wavs/LJ011-0184.wav,0
/data/DATASETS/LJSpeech-1.1/wavs/LJ024-0115.wav,0
/data/DATASETS/LJSpeech-1.1/wavs/LJ020-0046.wav,0
/data/DATASETS/LJSpeech-1.1/wavs/LJ007-0116.wav,0
/data/DATASETS/LJSpeech-1.1/wavs/LJ016-0317.wav,0
/data/DATASETS/LJSpeech-1.1/wavs/LJ031-0138.wav,0
/data/DATASETS/LJSpeech-1.1/wavs/LJ048-0010.wav,0
/data/DATASETS/LJSpeech-1.1/wavs/LJ017-0226.wav,0
/data/DATASETS/LJSpeech-1.1/wavs/LJ030-0056.wav,0
/data/DATASETS/LJSpeech-1.1/wavs/LJ011-0078.wav,0
/data/DATASETS/LJSpeech-1.1/wavs/LJ011-0193.wav,0
/data/DATASETS/LJSpeech-1.1/wavs/LJ005-0076.wav,0
/data/DATASETS/LJSpeech-1.1/wavs/LJ041-0043.wav,0
/data/DATASETS/LJSpeech-1.1/wavs/LJ041-0099.wav,0
/data/DATASETS/LJSpeech-1.1/wavs/LJ005-0161.wav,0
/data/DATASETS/LJSpeech-1.1/wavs/LJ025-0165.wav,0
/data/DATASETS/LJSpeech-1.1/wavs/LJ010-0108.wav,0
/data/DATASETS/LJSpeech-1.1/wavs/LJ017-0031.wav,0
/data/DATASETS/LJSpeech-1.1/wavs/LJ002-0292.wav,0
/data/DATASETS/LJSpeech-1.1/wavs/LJ030-0224.wav,0
/data/DATASETS/LJSpeech-1.1/wavs/LJ005-0034.wav,0
/data/DATASETS/LJSpeech-1.1/wavs/LJ003-0333.wav,0
/data/DATASETS/LJSpeech-1.1/wavs/LJ033-0093.wav,0
/data/DATASETS/LJSpeech-1.1/wavs/LJ013-0182.wav,0
/data/DATASETS/LJSpeech-1.1/wavs/LJ044-0054.wav,0
/data/DATASETS/LJSpeech-1.1/wavs/LJ031-0036.wav,0
/data/DATASETS/LJSpeech-1.1/wavs/LJ006-0274.wav,0
/data/DATASETS/LJSpeech-1.1/wavs/LJ019-0267.wav,0
/data/DATASETS/LJSpeech-1.1/wavs/LJ022-0177.wav,0
/data/DATASETS/LJSpeech-1.1/wavs/LJ018-0167.wav,0
/data/DATASETS/LJSpeech-1.1/wavs/LJ041-0124.wav,0
/data/DATASETS/LJSpeech-1.1/wavs/LJ003-0246.wav,0
/data/DATASETS/LJSpeech-1.1/wavs/LJ008-0115.wav,0
/data/DATASETS/LJSpeech-1.1/wavs/LJ025-0136.wav,0
/data/DATASETS/LJSpeech-1.1/wavs/LJ040-0202.wav,0
/data/DATASETS/LJSpeech-1.1/wavs/LJ026-0078.wav,0
/data/DATASETS/LJSpeech-1.1/wavs/LJ018-0394.wav,0
/data/DATASETS/LJSpeech-1.1/wavs/LJ007-0034.wav,0
/data/DATASETS/LJSpeech-1.1/wavs/LJ043-0137.wav,0
/data/DATASETS/LJSpeech-1.1/wavs/LJ030-0020.wav,0
/data/DATASETS/LJSpeech-1.1/wavs/LJ028-0322.wav,0
/data/DATASETS/LJSpeech-1.1/wavs/LJ025-0074.wav,0
/data/DATASETS/LJSpeech-1.1/wavs/LJ048-0011.wav,0
/data/DATASETS/LJSpeech-1.1/wavs/LJ009-0005.wav,0
/data/DATASETS/LJSpeech-1.1/wavs/LJ048-0003.wav,0
/data/DATASETS/LJSpeech-1.1/wavs/LJ050-0057.wav,0
/data/DATASETS/LJSpeech-1.1/wavs/LJ013-0237.wav,0
/data/DATASETS/LJSpeech-1.1/wavs/LJ034-0136.wav,0
/data/DATASETS/LJSpeech-1.1/wavs/LJ037-0263.wav,0
/data/DATASETS/LJSpeech-1.1/wavs/LJ006-0026.wav,0
/data/DATASETS/LJSpeech-1.1/wavs/LJ012-0182.wav,0
/data/DATASETS/LJSpeech-1.1/wavs/LJ043-0063.wav,0
/data/DATASETS/LJSpeech-1.1/wavs/LJ022-0149.wav,0
/data/DATASETS/LJSpeech-1.1/wavs/LJ033-0153.wav,0
/data/DATASETS/LJSpeech-1.1/wavs/LJ035-0071.wav,0
/data/DATASETS/LJSpeech-1.1/wavs/LJ006-0123.wav,0
/data/DATASETS/LJSpeech-1.1/wavs/LJ044-0172.wav,0
/data/DATASETS/LJSpeech-1.1/wavs/LJ032-0200.wav,0
/data/DATASETS/LJSpeech-1.1/wavs/LJ049-0152.wav,0
/data/DATASETS/LJSpeech-1.1/wavs/LJ035-0019.wav,0
/data/DATASETS/LJSpeech-1.1/wavs/LJ016-0431.wav,0
/data/DATASETS/LJSpeech-1.1/wavs/LJ006-0233.wav,0
/data/DATASETS/LJSpeech-1.1/wavs/LJ028-0306.wav,0
/data/DATASETS/LJSpeech-1.1/wavs/LJ045-0223.wav,0
/data/DATASETS/LJSpeech-1.1/wavs/LJ005-0234.wav,0
/data/DATASETS/LJSpeech-1.1/wavs/LJ019-0132.wav,0
/data/DATASETS/LJSpeech-1.1/wavs/LJ005-0293.wav,0
/data/DATASETS/LJSpeech-1.1/wavs/LJ047-0247.wav,0
/data/DATASETS/LJSpeech-1.1/wavs/LJ009-0213.wav,0
/data/DATASETS/LJSpeech-1.1/wavs/LJ017-0032.wav,0
/data/DATASETS/LJSpeech-1.1/wavs/LJ037-0242.wav,0
/data/DATASETS/LJSpeech-1.1/wavs/LJ030-0012.wav,0
/data/DATASETS/LJSpeech-1.1/wavs/LJ010-0109.wav,0
/data/DATASETS/LJSpeech-1.1/wavs/LJ044-0041.wav,0
/data/DATASETS/LJSpeech-1.1/wavs/LJ009-0215.wav,0
/data/DATASETS/LJSpeech-1.1/wavs/LJ040-0216.wav,0
/data/DATASETS/LJSpeech-1.1/wavs/LJ023-0053.wav,0
/data/DATASETS/LJSpeech-1.1/wavs/LJ025-0035.wav,0
/data/DATASETS/LJSpeech-1.1/wavs/LJ050-0025.wav,0
/data/DATASETS/LJSpeech-1.1/wavs/LJ046-0058.wav,0
/data/DATASETS/LJSpeech-1.1/wavs/LJ018-0202.wav,0
/data/DATASETS/LJSpeech-1.1/wavs/LJ037-0075.wav,0
/data/DATASETS/LJSpeech-1.1/wavs/LJ037-0203.wav,0
/data/DATASETS/LJSpeech-1.1/wavs/LJ012-0024.wav,0
/data/DATASETS/LJSpeech-1.1/wavs/LJ040-0142.wav,0
/data/DATASETS/LJSpeech-1.1/wavs/LJ034-0144.wav,0
/data/DATASETS/LJSpeech-1.1/wavs/LJ004-0028.wav,0
/data/DATASETS/LJSpeech-1.1/wavs/LJ017-0039.wav,0
/data/DATASETS/LJSpeech-1.1/wavs/LJ050-0068.wav,0
/data/DATASETS/LJSpeech-1.1/wavs/LJ040-0161.wav,0
/data/DATASETS/LJSpeech-1.1/wavs/LJ028-0243.wav,0
/data/DATASETS/LJSpeech-1.1/wavs/LJ018-0389.wav,0
/data/DATASETS/LJSpeech-1.1/wavs/LJ024-0027.wav,0
/data/DATASETS/LJSpeech-1.1/wavs/LJ035-0109.wav,0
/data/DATASETS/LJSpeech-1.1/wavs/LJ028-0439.wav,0
/data/DATASETS/LJSpeech-1.1/wavs/LJ043-0089.wav,0
/data/DATASETS/LJSpeech-1.1/wavs/LJ008-0118.wav,0
/data/DATASETS/LJSpeech-1.1/wavs/LJ036-0138.wav,0
/data/DATASETS/LJSpeech-1.1/wavs/LJ008-0053.wav,0
/data/DATASETS/LJSpeech-1.1/wavs/LJ012-0091.wav,0
/data/DATASETS/LJSpeech-1.1/wavs/LJ016-0279.wav,0
/data/DATASETS/LJSpeech-1.1/wavs/LJ045-0052.wav,0
/data/DATASETS/LJSpeech-1.1/wavs/LJ015-0163.wav,0
/data/DATASETS/LJSpeech-1.1/wavs/LJ040-0143.wav,0
/data/DATASETS/LJSpeech-1.1/wavs/LJ033-0175.wav,0
/data/DATASETS/LJSpeech-1.1/wavs/LJ045-0037.wav,0
/data/DATASETS/LJSpeech-1.1/wavs/LJ019-0116.wav,0
/data/DATASETS/LJSpeech-1.1/wavs/LJ014-0214.wav,0
/data/DATASETS/LJSpeech-1.1/wavs/LJ010-0113.wav,0
/data/DATASETS/LJSpeech-1.1/wavs/LJ046-0220.wav,0
/data/DATASETS/LJSpeech-1.1/wavs/LJ014-0146.wav,0
/data/DATASETS/LJSpeech-1.1/wavs/LJ048-0102.wav,0
/data/DATASETS/LJSpeech-1.1/wavs/LJ048-0116.wav,0
/data/DATASETS/LJSpeech-1.1/wavs/LJ016-0009.wav,0
/data/DATASETS/LJSpeech-1.1/wavs/LJ010-0171.wav,0
/data/DATASETS/LJSpeech-1.1/wavs/LJ022-0060.wav,0
/data/DATASETS/LJSpeech-1.1/wavs/LJ022-0180.wav,0
/data/DATASETS/LJSpeech-1.1/wavs/LJ008-0086.wav,0
/data/DATASETS/LJSpeech-1.1/wavs/LJ046-0158.wav,0
/data/DATASETS/LJSpeech-1.1/wavs/LJ015-0158.wav,0
/data/DATASETS/LJSpeech-1.1/wavs/LJ015-0195.wav,0
/data/DATASETS/LJSpeech-1.1/wavs/LJ033-0169.wav,0
/data/DATASETS/LJSpeech-1.1/wavs/LJ027-0142.wav,0
/data/DATASETS/LJSpeech-1.1/wavs/LJ047-0001.wav,0
/data/DATASETS/LJSpeech-1.1/wavs/LJ009-0056.wav,0
/data/DATASETS/LJSpeech-1.1/wavs/LJ042-0045.wav,0
/data/DATASETS/LJSpeech-1.1/wavs/LJ003-0250.wav,0
/data/DATASETS/LJSpeech-1.1/wavs/LJ012-0241.wav,0
/data/DATASETS/LJSpeech-1.1/wavs/LJ019-0036.wav,0
/data/DATASETS/LJSpeech-1.1/wavs/LJ033-0197.wav,0
/data/DATASETS/LJSpeech-1.1/wavs/LJ011-0201.wav,0
/data/DATASETS/LJSpeech-1.1/wavs/LJ019-0397.wav,0
/data/DATASETS/LJSpeech-1.1/wavs/LJ035-0116.wav,0
/data/DATASETS/LJSpeech-1.1/wavs/LJ013-0188.wav,0
/data/DATASETS/LJSpeech-1.1/wavs/LJ045-0184.wav,0
/data/DATASETS/LJSpeech-1.1/wavs/LJ022-0045.wav,0
/data/DATASETS/LJSpeech-1.1/wavs/LJ042-0234.wav,0
/data/DATASETS/LJSpeech-1.1/wavs/LJ004-0214.wav,0
/data/DATASETS/LJSpeech-1.1/wavs/LJ026-0062.wav,0
/data/DATASETS/LJSpeech-1.1/wavs/LJ049-0024.wav,0
/data/DATASETS/LJSpeech-1.1/wavs/LJ002-0135.wav,0
/data/DATASETS/LJSpeech-1.1/wavs/LJ001-0055.wav,0
/data/DATASETS/LJSpeech-1.1/wavs/LJ011-0240.wav,0
/data/DATASETS/LJSpeech-1.1/wavs/LJ003-0252.wav,0
/data/DATASETS/LJSpeech-1.1/wavs/LJ009-0125.wav,0
/data/DATASETS/LJSpeech-1.1/wavs/LJ036-0185.wav,0
/data/DATASETS/LJSpeech-1.1/wavs/LJ047-0174.wav,0
/data/DATASETS/LJSpeech-1.1/wavs/LJ045-0229.wav,0
/data/DATASETS/LJSpeech-1.1/wavs/LJ048-0214.wav,0
/data/DATASETS/LJSpeech-1.1/wavs/LJ049-0103.wav,0
/data/DATASETS/LJSpeech-1.1/wavs/LJ004-0001.wav,0
/data/DATASETS/LJSpeech-1.1/wavs/LJ026-0040.wav,0
/data/DATASETS/LJSpeech-1.1/wavs/LJ005-0173.wav,0
/data/DATASETS/LJSpeech-1.1/wavs/LJ025-0009.wav,0
/data/DATASETS/LJSpeech-1.1/wavs/LJ046-0097.wav,0
/data/DATASETS/LJSpeech-1.1/wavs/LJ028-0283.wav,0
/data/DATASETS/LJSpeech-1.1/wavs/LJ019-0357.wav,0
/data/DATASETS/LJSpeech-1.1/wavs/LJ038-0043.wav,0
/data/DATASETS/LJSpeech-1.1/wavs/LJ012-0188.wav,0
/data/DATASETS/LJSpeech-1.1/wavs/LJ047-0184.wav,0
/data/DATASETS/LJSpeech-1.1/wavs/LJ018-0161.wav,0
/data/DATASETS/LJSpeech-1.1/wavs/LJ030-0209.wav,0
/data/DATASETS/LJSpeech-1.1/wavs/LJ029-0194.wav,0
/data/DATASETS/LJSpeech-1.1/wavs/LJ036-0145.wav,0
/data/DATASETS/LJSpeech-1.1/wavs/LJ018-0289.wav,0
/data/DATASETS/LJSpeech-1.1/wavs/LJ045-0069.wav,0
/data/DATASETS/LJSpeech-1.1/wavs/LJ038-0208.wav,0
/data/DATASETS/LJSpeech-1.1/wavs/LJ003-0149.wav,0
/data/DATASETS/LJSpeech-1.1/wavs/LJ049-0216.wav,0
/data/DATASETS/LJSpeech-1.1/wavs/LJ032-0247.wav,0
/data/DATASETS/LJSpeech-1.1/wavs/LJ029-0136.wav,0
/data/DATASETS/LJSpeech-1.1/wavs/LJ028-0017.wav,0
/data/DATASETS/LJSpeech-1.1/wavs/LJ007-0101.wav,0
/data/DATASETS/LJSpeech-1.1/wavs/LJ050-0033.wav,0
/data/DATASETS/LJSpeech-1.1/wavs/LJ006-0135.wav,0
/data/DATASETS/LJSpeech-1.1/wavs/LJ028-0510.wav,0
/data/DATASETS/LJSpeech-1.1/wavs/LJ033-0055.wav,0
/data/DATASETS/LJSpeech-1.1/wavs/LJ021-0037.wav,0
/data/DATASETS/LJSpeech-1.1/wavs/LJ018-0122.wav,0
/data/DATASETS/LJSpeech-1.1/wavs/LJ048-0227.wav,0
/data/DATASETS/LJSpeech-1.1/wavs/LJ041-0117.wav,0
/data/DATASETS/LJSpeech-1.1/wavs/LJ033-0103.wav,0
/data/DATASETS/LJSpeech-1.1/wavs/LJ013-0161.wav,0
/data/DATASETS/LJSpeech-1.1/wavs/LJ016-0246.wav,0
/data/DATASETS/LJSpeech-1.1/wavs/LJ016-0093.wav,0
/data/DATASETS/LJSpeech-1.1/wavs/LJ041-0081.wav,0
/data/DATASETS/LJSpeech-1.1/wavs/LJ025-0023.wav,0
/data/DATASETS/LJSpeech-1.1/wavs/LJ010-0152.wav,0
/data/DATASETS/LJSpeech-1.1/wavs/LJ009-0303.wav,0
/data/DATASETS/LJSpeech-1.1/wavs/LJ047-0043.wav,0
/data/DATASETS/LJSpeech-1.1/wavs/LJ026-0064.wav,0
/data/DATASETS/LJSpeech-1.1/wavs/LJ032-0270.wav,0
/data/DATASETS/LJSpeech-1.1/wavs/LJ014-0169.wav,0
/data/DATASETS/LJSpeech-1.1/wavs/LJ011-0174.wav,0
/data/DATASETS/LJSpeech-1.1/wavs/LJ018-0244.wav,0
/data/DATASETS/LJSpeech-1.1/wavs/LJ016-0334.wav,0
/data/DATASETS/LJSpeech-1.1/wavs/LJ028-0240.wav,0
/data/DATASETS/LJSpeech-1.1/wavs/LJ019-0187.wav,0
/data/DATASETS/LJSpeech-1.1/wavs/LJ041-0062.wav,0
/data/DATASETS/LJSpeech-1.1/wavs/LJ045-0095.wav,0
/data/DATASETS/LJSpeech-1.1/wavs/LJ009-0070.wav,0
/data/DATASETS/LJSpeech-1.1/wavs/LJ048-0223.wav,0
/data/DATASETS/LJSpeech-1.1/wavs/LJ017-0270.wav,0
/data/DATASETS/LJSpeech-1.1/wavs/LJ009-0258.wav,0
/data/DATASETS/LJSpeech-1.1/wavs/LJ024-0142.wav,0
/data/DATASETS/LJSpeech-1.1/wavs/LJ013-0067.wav,0
/data/DATASETS/LJSpeech-1.1/wavs/LJ042-0194.wav,0
/data/DATASETS/LJSpeech-1.1/wavs/LJ030-0023.wav,0
/data/DATASETS/LJSpeech-1.1/wavs/LJ036-0019.wav,0
/data/DATASETS/LJSpeech-1.1/wavs/LJ005-0129.wav,0
/data/DATASETS/LJSpeech-1.1/wavs/LJ048-0014.wav,0
/data/DATASETS/LJSpeech-1.1/wavs/LJ019-0007.wav,0
/data/DATASETS/LJSpeech-1.1/wavs/LJ028-0387.wav,0
/data/DATASETS/LJSpeech-1.1/wavs/LJ033-0015.wav,0
/data/DATASETS/LJSpeech-1.1/wavs/LJ003-0181.wav,0
/data/DATASETS/LJSpeech-1.1/wavs/LJ032-0102.wav,0
/data/DATASETS/LJSpeech-1.1/wavs/LJ007-0007.wav,0
/data/DATASETS/LJSpeech-1.1/wavs/LJ012-0204.wav,0
/data/DATASETS/LJSpeech-1.1/wavs/LJ014-0172.wav,0
/data/DATASETS/LJSpeech-1.1/wavs/LJ010-0285.wav,0
/data/DATASETS/LJSpeech-1.1/wavs/LJ011-0040.wav,0
/data/DATASETS/LJSpeech-1.1/wavs/LJ014-0246.wav,0
/data/DATASETS/LJSpeech-1.1/wavs/LJ022-0121.wav,0
/data/DATASETS/LJSpeech-1.1/wavs/LJ002-0219.wav,0
/data/DATASETS/LJSpeech-1.1/wavs/LJ045-0084.wav,0
/data/DATASETS/LJSpeech-1.1/wavs/LJ002-0063.wav,0
/data/DATASETS/LJSpeech-1.1/wavs/LJ034-0197.wav,0
/data/DATASETS/LJSpeech-1.1/wavs/LJ008-0101.wav,0
/data/DATASETS/LJSpeech-1.1/wavs/LJ043-0148.wav,0
/data/DATASETS/LJSpeech-1.1/wavs/LJ042-0050.wav,0
/data/DATASETS/LJSpeech-1.1/wavs/LJ013-0054.wav,0
/data/DATASETS/LJSpeech-1.1/wavs/LJ042-0112.wav,0
/data/DATASETS/LJSpeech-1.1/wavs/LJ009-0236.wav,0
/data/DATASETS/LJSpeech-1.1/wavs/LJ036-0023.wav,0
/data/DATASETS/LJSpeech-1.1/wavs/LJ044-0083.wav,0
/data/DATASETS/LJSpeech-1.1/wavs/LJ011-0092.wav,0
/data/DATASETS/LJSpeech-1.1/wavs/LJ038-0078.wav,0
/data/DATASETS/LJSpeech-1.1/wavs/LJ016-0371.wav,0
/data/DATASETS/LJSpeech-1.1/wavs/LJ028-0066.wav,0
/data/DATASETS/LJSpeech-1.1/wavs/LJ022-0022.wav,0
/data/DATASETS/LJSpeech-1.1/wavs/LJ019-0063.wav,0
/data/DATASETS/LJSpeech-1.1/wavs/LJ039-0063.wav,0
/data/DATASETS/LJSpeech-1.1/wavs/LJ019-0367.wav,0
/data/DATASETS/LJSpeech-1.1/wavs/LJ005-0178.wav,0
/data/DATASETS/LJSpeech-1.1/wavs/LJ021-0200.wav,0
/data/DATASETS/LJSpeech-1.1/wavs/LJ032-0057.wav,0
/data/DATASETS/LJSpeech-1.1/wavs/LJ008-0225.wav,0
/data/DATASETS/LJSpeech-1.1/wavs/LJ026-0075.wav,0
/data/DATASETS/LJSpeech-1.1/wavs/LJ025-0102.wav,0
/data/DATASETS/LJSpeech-1.1/wavs/LJ041-0140.wav,0
/data/DATASETS/LJSpeech-1.1/wavs/LJ028-0290.wav,0
/data/DATASETS/LJSpeech-1.1/wavs/LJ007-0061.wav,0
/data/DATASETS/LJSpeech-1.1/wavs/LJ010-0103.wav,0
/data/DATASETS/LJSpeech-1.1/wavs/LJ012-0292.wav,0
/data/DATASETS/LJSpeech-1.1/wavs/LJ045-0166.wav,0
/data/DATASETS/LJSpeech-1.1/wavs/LJ005-0276.wav,0
/data/DATASETS/LJSpeech-1.1/wavs/LJ006-0157.wav,0
/data/DATASETS/LJSpeech-1.1/wavs/LJ019-0040.wav,0
/data/DATASETS/LJSpeech-1.1/wavs/LJ044-0043.wav,0
/data/DATASETS/LJSpeech-1.1/wavs/LJ039-0115.wav,0
/data/DATASETS/LJSpeech-1.1/wavs/LJ025-0130.wav,0
/data/DATASETS/LJSpeech-1.1/wavs/LJ002-0080.wav,0
/data/DATASETS/LJSpeech-1.1/wavs/LJ025-0063.wav,0
/data/DATASETS/LJSpeech-1.1/wavs/LJ002-0223.wav,0
/data/DATASETS/LJSpeech-1.1/wavs/LJ037-0218.wav,0
/data/DATASETS/LJSpeech-1.1/wavs/LJ021-0028.wav,0
/data/DATASETS/LJSpeech-1.1/wavs/LJ011-0023.wav,0
/data/DATASETS/LJSpeech-1.1/wavs/LJ019-0294.wav,0
/data/DATASETS/LJSpeech-1.1/wavs/LJ032-0211.wav,0
/data/DATASETS/LJSpeech-1.1/wavs/LJ046-0008.wav,0
/data/DATASETS/LJSpeech-1.1/wavs/LJ027-0056.wav,0
/data/DATASETS/LJSpeech-1.1/wavs/LJ019-0211.wav,0
/data/DATASETS/LJSpeech-1.1/wavs/LJ032-0259.wav,0
/data/DATASETS/LJSpeech-1.1/wavs/LJ047-0178.wav,0
/data/DATASETS/LJSpeech-1.1/wavs/LJ012-0015.wav,0
/data/DATASETS/LJSpeech-1.1/wavs/LJ007-0162.wav,0
/data/DATASETS/LJSpeech-1.1/wavs/LJ050-0115.wav,0
/data/DATASETS/LJSpeech-1.1/wavs/LJ040-0148.wav,0
/data/DATASETS/LJSpeech-1.1/wavs/LJ014-0022.wav,0
/data/DATASETS/LJSpeech-1.1/wavs/LJ021-0124.wav,0
/data/DATASETS/LJSpeech-1.1/wavs/LJ009-0164.wav,0
/data/DATASETS/LJSpeech-1.1/wavs/LJ035-0114.wav,0
/data/DATASETS/LJSpeech-1.1/wavs/LJ035-0008.wav,0
/data/DATASETS/LJSpeech-1.1/wavs/LJ036-0024.wav,0
/data/DATASETS/LJSpeech-1.1/wavs/LJ016-0403.wav,0
/data/DATASETS/LJSpeech-1.1/wavs/LJ008-0070.wav,0
/data/DATASETS/LJSpeech-1.1/wavs/LJ006-0152.wav,0
/data/DATASETS/LJSpeech-1.1/wavs/LJ017-0047.wav,0
/data/DATASETS/LJSpeech-1.1/wavs/LJ046-0107.wav,0
/data/DATASETS/LJSpeech-1.1/wavs/LJ026-0054.wav,0
/data/DATASETS/LJSpeech-1.1/wavs/LJ030-0189.wav,0
/data/DATASETS/LJSpeech-1.1/wavs/LJ013-0076.wav,0
/data/DATASETS/LJSpeech-1.1/wavs/LJ011-0108.wav,0
/data/DATASETS/LJSpeech-1.1/wavs/LJ038-0048.wav,0
/data/DATASETS/LJSpeech-1.1/wavs/LJ047-0057.wav,0
/data/DATASETS/LJSpeech-1.1/wavs/LJ022-0196.wav,0
/data/DATASETS/LJSpeech-1.1/wavs/LJ047-0194.wav,0
/data/DATASETS/LJSpeech-1.1/wavs/LJ021-0019.wav,0
/data/DATASETS/LJSpeech-1.1/wavs/LJ050-0223.wav,0
/data/DATASETS/LJSpeech-1.1/wavs/LJ008-0004.wav,0
/data/DATASETS/LJSpeech-1.1/wavs/LJ050-0220.wav,0
/data/DATASETS/LJSpeech-1.1/wavs/LJ031-0181.wav,0
/data/DATASETS/LJSpeech-1.1/wavs/LJ036-0142.wav,0
/data/DATASETS/LJSpeech-1.1/wavs/LJ010-0016.wav,0
/data/DATASETS/LJSpeech-1.1/wavs/LJ045-0177.wav,0
/data/DATASETS/LJSpeech-1.1/wavs/LJ005-0287.wav,0
/data/DATASETS/LJSpeech-1.1/wavs/LJ034-0047.wav,0
/data/DATASETS/LJSpeech-1.1/wavs/LJ007-0210.wav,0
/data/DATASETS/LJSpeech-1.1/wavs/LJ034-0113.wav,0
/data/DATASETS/LJSpeech-1.1/wavs/LJ045-0121.wav,0
/data/DATASETS/LJSpeech-1.1/wavs/LJ039-0136.wav,0
/data/DATASETS/LJSpeech-1.1/wavs/LJ048-0094.wav,0
/data/DATASETS/LJSpeech-1.1/wavs/LJ006-0153.wav,0
/data/DATASETS/LJSpeech-1.1/wavs/LJ037-0032.wav,0
/data/DATASETS/LJSpeech-1.1/wavs/LJ040-0126.wav,0
/data/DATASETS/LJSpeech-1.1/wavs/LJ021-0118.wav,0
/data/DATASETS/LJSpeech-1.1/wavs/LJ027-0014.wav,0
/data/DATASETS/LJSpeech-1.1/wavs/LJ015-0190.wav,0
/data/DATASETS/LJSpeech-1.1/wavs/LJ007-0132.wav,0
/data/DATASETS/LJSpeech-1.1/wavs/LJ035-0082.wav,0
/data/DATASETS/LJSpeech-1.1/wavs/LJ033-0165.wav,0
/data/DATASETS/LJSpeech-1.1/wavs/LJ031-0083.wav,0
/data/DATASETS/LJSpeech-1.1/wavs/LJ014-0219.wav,0
/data/DATASETS/LJSpeech-1.1/wavs/LJ044-0094.wav,0
/data/DATASETS/LJSpeech-1.1/wavs/LJ010-0106.wav,0
/data/DATASETS/LJSpeech-1.1/wavs/LJ040-0157.wav,0
/data/DATASETS/LJSpeech-1.1/wavs/LJ004-0079.wav,0
/data/DATASETS/LJSpeech-1.1/wavs/LJ048-0096.wav,0
/data/DATASETS/LJSpeech-1.1/wavs/LJ015-0309.wav,0
/data/DATASETS/LJSpeech-1.1/wavs/LJ012-0172.wav,0
/data/DATASETS/LJSpeech-1.1/wavs/LJ050-0266.wav,0
/data/DATASETS/LJSpeech-1.1/wavs/LJ039-0229.wav,0
/data/DATASETS/LJSpeech-1.1/wavs/LJ003-0059.wav,0
/data/DATASETS/LJSpeech-1.1/wavs/LJ043-0041.wav,0
/data/DATASETS/LJSpeech-1.1/wavs/LJ041-0138.wav,0
/data/DATASETS/LJSpeech-1.1/wavs/LJ001-0018.wav,0
/data/DATASETS/LJSpeech-1.1/wavs/LJ021-0014.wav,0
/data/DATASETS/LJSpeech-1.1/wavs/LJ011-0019.wav,0
/data/DATASETS/LJSpeech-1.1/wavs/LJ034-0073.wav,0
/data/DATASETS/LJSpeech-1.1/wavs/LJ048-0246.wav,0
/data/DATASETS/LJSpeech-1.1/wavs/LJ017-0224.wav,0
/data/DATASETS/LJSpeech-1.1/wavs/LJ007-0144.wav,0
/data/DATASETS/LJSpeech-1.1/wavs/LJ024-0021.wav,0
/data/DATASETS/LJSpeech-1.1/wavs/LJ041-0186.wav,0
/data/DATASETS/LJSpeech-1.1/wavs/LJ008-0096.wav,0
/data/DATASETS/LJSpeech-1.1/wavs/LJ048-0203.wav,0
/data/DATASETS/LJSpeech-1.1/wavs/LJ021-0172.wav,0
/data/DATASETS/LJSpeech-1.1/wavs/LJ016-0092.wav,0
/data/DATASETS/LJSpeech-1.1/wavs/LJ013-0131.wav,0
/data/DATASETS/LJSpeech-1.1/wavs/LJ015-0233.wav,0
/data/DATASETS/LJSpeech-1.1/wavs/LJ025-0152.wav,0
/data/DATASETS/LJSpeech-1.1/wavs/LJ013-0163.wav,0
/data/DATASETS/LJSpeech-1.1/wavs/LJ031-0160.wav,0
/data/DATASETS/LJSpeech-1.1/wavs/LJ028-0014.wav,0
/data/DATASETS/LJSpeech-1.1/wavs/LJ010-0154.wav,0
/data/DATASETS/LJSpeech-1.1/wavs/LJ028-0072.wav,0
/data/DATASETS/LJSpeech-1.1/wavs/LJ007-0183.wav,0
/data/DATASETS/LJSpeech-1.1/wavs/LJ013-0119.wav,0
/data/DATASETS/LJSpeech-1.1/wavs/LJ032-0014.wav,0
/data/DATASETS/LJSpeech-1.1/wavs/LJ033-0012.wav,0
/data/DATASETS/LJSpeech-1.1/wavs/LJ024-0143.wav,0
/data/DATASETS/LJSpeech-1.1/wavs/LJ014-0086.wav,0
/data/DATASETS/LJSpeech-1.1/wavs/LJ042-0167.wav,0
/data/DATASETS/LJSpeech-1.1/wavs/LJ028-0313.wav,0
/data/DATASETS/LJSpeech-1.1/wavs/LJ015-0140.wav,0
/data/DATASETS/LJSpeech-1.1/wavs/LJ012-0278.wav,0
/data/DATASETS/LJSpeech-1.1/wavs/LJ027-0117.wav,0
/data/DATASETS/LJSpeech-1.1/wavs/LJ012-0119.wav,0
/data/DATASETS/LJSpeech-1.1/wavs/LJ003-0218.wav,0
/data/DATASETS/LJSpeech-1.1/wavs/LJ018-0142.wav,0
/data/DATASETS/LJSpeech-1.1/wavs/LJ009-0038.wav,0
/data/DATASETS/LJSpeech-1.1/wavs/LJ011-0124.wav,0
/data/DATASETS/LJSpeech-1.1/wavs/LJ017-0040.wav,0
/data/DATASETS/LJSpeech-1.1/wavs/LJ016-0303.wav,0
/data/DATASETS/LJSpeech-1.1/wavs/LJ014-0209.wav,0
/data/DATASETS/LJSpeech-1.1/wavs/LJ030-0239.wav,0
/data/DATASETS/LJSpeech-1.1/wavs/LJ038-0107.wav,0
/data/DATASETS/LJSpeech-1.1/wavs/LJ044-0136.wav,0
/data/DATASETS/LJSpeech-1.1/wavs/LJ035-0172.wav,0
/data/DATASETS/LJSpeech-1.1/wavs/LJ018-0067.wav,0
/data/DATASETS/LJSpeech-1.1/wavs/LJ043-0026.wav,0
/data/DATASETS/LJSpeech-1.1/wavs/LJ022-0162.wav,0
/data/DATASETS/LJSpeech-1.1/wavs/LJ045-0099.wav,0
/data/DATASETS/LJSpeech-1.1/wavs/LJ011-0167.wav,0
/data/DATASETS/LJSpeech-1.1/wavs/LJ013-0038.wav,0
/data/DATASETS/LJSpeech-1.1/wavs/LJ016-0359.wav,0
/data/DATASETS/LJSpeech-1.1/wavs/LJ010-0127.wav,0
/data/DATASETS/LJSpeech-1.1/wavs/LJ004-0167.wav,0
/data/DATASETS/LJSpeech-1.1/wavs/LJ041-0153.wav,0
/data/DATASETS/LJSpeech-1.1/wavs/LJ015-0182.wav,0
/data/DATASETS/LJSpeech-1.1/wavs/LJ012-0072.wav,0
/data/DATASETS/LJSpeech-1.1/wavs/LJ014-0055.wav,0
/data/DATASETS/LJSpeech-1.1/wavs/LJ010-0085.wav,0
/data/DATASETS/LJSpeech-1.1/wavs/LJ048-0284.wav,0
/data/DATASETS/LJSpeech-1.1/wavs/LJ027-0107.wav,0
/data/DATASETS/LJSpeech-1.1/wavs/LJ015-0153.wav,0
/data/DATASETS/LJSpeech-1.1/wavs/LJ018-0081.wav,0
/data/DATASETS/LJSpeech-1.1/wavs/LJ048-0062.wav,0
/data/DATASETS/LJSpeech-1.1/wavs/LJ048-0064.wav,0
/data/DATASETS/LJSpeech-1.1/wavs/LJ036-0010.wav,0
/data/DATASETS/LJSpeech-1.1/wavs/LJ009-0045.wav,0
/data/DATASETS/LJSpeech-1.1/wavs/LJ018-0298.wav,0
/data/DATASETS/LJSpeech-1.1/wavs/LJ016-0264.wav,0
/data/DATASETS/LJSpeech-1.1/wavs/LJ029-0213.wav,0
/data/DATASETS/LJSpeech-1.1/wavs/LJ032-0029.wav,0
/data/DATASETS/LJSpeech-1.1/wavs/LJ011-0138.wav,0
/data/DATASETS/LJSpeech-1.1/wavs/LJ018-0203.wav,0
/data/DATASETS/LJSpeech-1.1/wavs/LJ005-0130.wav,0
/data/DATASETS/LJSpeech-1.1/wavs/LJ015-0119.wav,0
/data/DATASETS/LJSpeech-1.1/wavs/LJ049-0192.wav,0
/data/DATASETS/LJSpeech-1.1/wavs/LJ028-0133.wav,0
/data/DATASETS/LJSpeech-1.1/wavs/LJ012-0121.wav,0
/data/DATASETS/LJSpeech-1.1/wavs/LJ023-0099.wav,0
/data/DATASETS/LJSpeech-1.1/wavs/LJ024-0032.wav,0
/data/DATASETS/LJSpeech-1.1/wavs/LJ042-0187.wav,0
/data/DATASETS/LJSpeech-1.1/wavs/LJ047-0245.wav,0
/data/DATASETS/LJSpeech-1.1/wavs/LJ044-0238.wav,0
/data/DATASETS/LJSpeech-1.1/wavs/LJ002-0136.wav,0
/data/DATASETS/LJSpeech-1.1/wavs/LJ002-0277.wav,0
/data/DATASETS/LJSpeech-1.1/wavs/LJ050-0228.wav,0
/data/DATASETS/LJSpeech-1.1/wavs/LJ003-0080.wav,0
/data/DATASETS/LJSpeech-1.1/wavs/LJ028-0258.wav,0
/data/DATASETS/LJSpeech-1.1/wavs/LJ044-0153.wav,0
/data/DATASETS/LJSpeech-1.1/wavs/LJ023-0090.wav,0
/data/DATASETS/LJSpeech-1.1/wavs/LJ032-0097.wav,0
/data/DATASETS/LJSpeech-1.1/wavs/LJ024-0057.wav,0
/data/DATASETS/LJSpeech-1.1/wavs/LJ028-0202.wav,0
/data/DATASETS/LJSpeech-1.1/wavs/LJ027-0173.wav,0
/data/DATASETS/LJSpeech-1.1/wavs/LJ028-0198.wav,0
/data/DATASETS/LJSpeech-1.1/wavs/LJ039-0248.wav,0
/data/DATASETS/LJSpeech-1.1/wavs/LJ049-0065.wav,0
/data/DATASETS/LJSpeech-1.1/wavs/LJ050-0052.wav,0
/data/DATASETS/LJSpeech-1.1/wavs/LJ050-0003.wav,0
/data/DATASETS/LJSpeech-1.1/wavs/LJ050-0072.wav,0
/data/DATASETS/LJSpeech-1.1/wavs/LJ003-0086.wav,0
/data/DATASETS/LJSpeech-1.1/wavs/LJ034-0117.wav,0
/data/DATASETS/LJSpeech-1.1/wavs/LJ045-0145.wav,0
/data/DATASETS/LJSpeech-1.1/wavs/LJ013-0046.wav,0
/data/DATASETS/LJSpeech-1.1/wavs/LJ006-0061.wav,0
/data/DATASETS/LJSpeech-1.1/wavs/LJ040-0095.wav,0
/data/DATASETS/LJSpeech-1.1/wavs/LJ035-0111.wav,0
/data/DATASETS/LJSpeech-1.1/wavs/LJ028-0132.wav,0
/data/DATASETS/LJSpeech-1.1/wavs/LJ044-0201.wav,0
/data/DATASETS/LJSpeech-1.1/wavs/LJ014-0098.wav,0
/data/DATASETS/LJSpeech-1.1/wavs/LJ035-0110.wav,0
/data/DATASETS/LJSpeech-1.1/wavs/LJ007-0195.wav,0
/data/DATASETS/LJSpeech-1.1/wavs/LJ025-0100.wav,0
/data/DATASETS/LJSpeech-1.1/wavs/LJ004-0059.wav,0
/data/DATASETS/LJSpeech-1.1/wavs/LJ040-0220.wav,0
/data/DATASETS/LJSpeech-1.1/wavs/LJ018-0043.wav,0
/data/DATASETS/LJSpeech-1.1/wavs/LJ018-0216.wav,0
/data/DATASETS/LJSpeech-1.1/wavs/LJ006-0143.wav,0
/data/DATASETS/LJSpeech-1.1/wavs/LJ036-0086.wav,0
/data/DATASETS/LJSpeech-1.1/wavs/LJ030-0108.wav,0
/data/DATASETS/LJSpeech-1.1/wavs/LJ030-0106.wav,0
/data/DATASETS/LJSpeech-1.1/wavs/LJ032-0241.wav,0
/data/DATASETS/LJSpeech-1.1/wavs/LJ030-0234.wav,0
/data/DATASETS/LJSpeech-1.1/wavs/LJ021-0188.wav,0
/data/DATASETS/LJSpeech-1.1/wavs/LJ033-0005.wav,0
/data/DATASETS/LJSpeech-1.1/wavs/LJ040-0019.wav,0
/data/DATASETS/LJSpeech-1.1/wavs/LJ028-0371.wav,0
/data/DATASETS/LJSpeech-1.1/wavs/LJ047-0028.wav,0
/data/DATASETS/LJSpeech-1.1/wavs/LJ004-0056.wav,0
/data/DATASETS/LJSpeech-1.1/wavs/LJ007-0171.wav,0
/data/DATASETS/LJSpeech-1.1/wavs/LJ022-0080.wav,0
/data/DATASETS/LJSpeech-1.1/wavs/LJ008-0198.wav,0
/data/DATASETS/LJSpeech-1.1/wavs/LJ021-0091.wav,0
/data/DATASETS/LJSpeech-1.1/wavs/LJ018-0282.wav,0
/data/DATASETS/LJSpeech-1.1/wavs/LJ032-0038.wav,0
/data/DATASETS/LJSpeech-1.1/wavs/LJ025-0073.wav,0
/data/DATASETS/LJSpeech-1.1/wavs/LJ005-0114.wav,0
/data/DATASETS/LJSpeech-1.1/wavs/LJ033-0072.wav,0
/data/DATASETS/LJSpeech-1.1/wavs/LJ019-0279.wav,0
/data/DATASETS/LJSpeech-1.1/wavs/LJ034-0118.wav,0
/data/DATASETS/LJSpeech-1.1/wavs/LJ037-0195.wav,0
/data/DATASETS/LJSpeech-1.1/wavs/LJ024-0026.wav,0
/data/DATASETS/LJSpeech-1.1/wavs/LJ025-0120.wav,0
/data/DATASETS/LJSpeech-1.1/wavs/LJ022-0147.wav,0
/data/DATASETS/LJSpeech-1.1/wavs/LJ009-0211.wav,0
/data/DATASETS/LJSpeech-1.1/wavs/LJ016-0392.wav,0
/data/DATASETS/LJSpeech-1.1/wavs/LJ002-0231.wav,0
/data/DATASETS/LJSpeech-1.1/wavs/LJ039-0121.wav,0
/data/DATASETS/LJSpeech-1.1/wavs/LJ006-0025.wav,0
/data/DATASETS/LJSpeech-1.1/wavs/LJ047-0213.wav,0
/data/DATASETS/LJSpeech-1.1/wavs/LJ014-0326.wav,0
/data/DATASETS/LJSpeech-1.1/wavs/LJ033-0154.wav,0
/data/DATASETS/LJSpeech-1.1/wavs/LJ039-0194.wav,0
/data/DATASETS/LJSpeech-1.1/wavs/LJ019-0004.wav,0
/data/DATASETS/LJSpeech-1.1/wavs/LJ017-0191.wav,0
/data/DATASETS/LJSpeech-1.1/wavs/LJ008-0222.wav,0
/data/DATASETS/LJSpeech-1.1/wavs/LJ042-0179.wav,0
/data/DATASETS/LJSpeech-1.1/wavs/LJ028-0505.wav,0
/data/DATASETS/LJSpeech-1.1/wavs/LJ011-0129.wav,0
/data/DATASETS/LJSpeech-1.1/wavs/LJ013-0110.wav,0
/data/DATASETS/LJSpeech-1.1/wavs/LJ008-0314.wav,0
/data/DATASETS/LJSpeech-1.1/wavs/LJ022-0058.wav,0
/data/DATASETS/LJSpeech-1.1/wavs/LJ028-0515.wav,0
/data/DATASETS/LJSpeech-1.1/wavs/LJ050-0203.wav,0
/data/DATASETS/LJSpeech-1.1/wavs/LJ042-0073.wav,0
/data/DATASETS/LJSpeech-1.1/wavs/LJ029-0084.wav,0
/data/DATASETS/LJSpeech-1.1/wavs/LJ011-0255.wav,0
/data/DATASETS/LJSpeech-1.1/wavs/LJ012-0042.wav,0
/data/DATASETS/LJSpeech-1.1/wavs/LJ007-0120.wav,0
/data/DATASETS/LJSpeech-1.1/wavs/LJ005-0207.wav,0
/data/DATASETS/LJSpeech-1.1/wavs/LJ001-0072.wav,0
/data/DATASETS/LJSpeech-1.1/wavs/LJ005-0191.wav,0
/data/DATASETS/LJSpeech-1.1/wavs/LJ029-0089.wav,0
/data/DATASETS/LJSpeech-1.1/wavs/LJ029-0016.wav,0
/data/DATASETS/LJSpeech-1.1/wavs/LJ036-0099.wav,0
/data/DATASETS/LJSpeech-1.1/wavs/LJ027-0141.wav,0
/data/DATASETS/LJSpeech-1.1/wavs/LJ022-0179.wav,0
/data/DATASETS/LJSpeech-1.1/wavs/LJ038-0172.wav,0
/data/DATASETS/LJSpeech-1.1/wavs/LJ038-0243.wav,0
/data/DATASETS/LJSpeech-1.1/wavs/LJ028-0359.wav,0
/data/DATASETS/LJSpeech-1.1/wavs/LJ026-0067.wav,0
/data/DATASETS/LJSpeech-1.1/wavs/LJ007-0035.wav,0
/data/DATASETS/LJSpeech-1.1/wavs/LJ029-0169.wav,0
/data/DATASETS/LJSpeech-1.1/wavs/LJ022-0173.wav,0
/data/DATASETS/LJSpeech-1.1/wavs/LJ029-0163.wav,0
/data/DATASETS/LJSpeech-1.1/wavs/LJ035-0143.wav,0
/data/DATASETS/LJSpeech-1.1/wavs/LJ042-0087.wav,0
/data/DATASETS/LJSpeech-1.1/wavs/LJ009-0225.wav,0
/data/DATASETS/LJSpeech-1.1/wavs/LJ011-0064.wav,0
/data/DATASETS/LJSpeech-1.1/wavs/LJ023-0133.wav,0
/data/DATASETS/LJSpeech-1.1/wavs/LJ016-0168.wav,0
/data/DATASETS/LJSpeech-1.1/wavs/LJ042-0248.wav,0
/data/DATASETS/LJSpeech-1.1/wavs/LJ003-0197.wav,0
/data/DATASETS/LJSpeech-1.1/wavs/LJ002-0313.wav,0
/data/DATASETS/LJSpeech-1.1/wavs/LJ026-0058.wav,0
/data/DATASETS/LJSpeech-1.1/wavs/LJ018-0019.wav,0
/data/DATASETS/LJSpeech-1.1/wavs/LJ015-0264.wav,0
/data/DATASETS/LJSpeech-1.1/wavs/LJ032-0246.wav,0
/data/DATASETS/LJSpeech-1.1/wavs/LJ020-0011.wav,0
/data/DATASETS/LJSpeech-1.1/wavs/LJ016-0339.wav,0
/data/DATASETS/LJSpeech-1.1/wavs/LJ038-0169.wav,0
/data/DATASETS/LJSpeech-1.1/wavs/LJ006-0281.wav,0
/data/DATASETS/LJSpeech-1.1/wavs/LJ044-0208.wav,0
/data/DATASETS/LJSpeech-1.1/wavs/LJ038-0180.wav,0
/data/DATASETS/LJSpeech-1.1/wavs/LJ016-0419.wav,0
/data/DATASETS/LJSpeech-1.1/wavs/LJ027-0036.wav,0
/data/DATASETS/LJSpeech-1.1/wavs/LJ048-0168.wav,0
/data/DATASETS/LJSpeech-1.1/wavs/LJ046-0190.wav,0
/data/DATASETS/LJSpeech-1.1/wavs/LJ033-0187.wav,0
/data/DATASETS/LJSpeech-1.1/wavs/LJ018-0151.wav,0
/data/DATASETS/LJSpeech-1.1/wavs/LJ002-0045.wav,0
/data/DATASETS/LJSpeech-1.1/wavs/LJ018-0154.wav,0
/data/DATASETS/LJSpeech-1.1/wavs/LJ047-0093.wav,0
/data/DATASETS/LJSpeech-1.1/wavs/LJ037-0223.wav,0
/data/DATASETS/LJSpeech-1.1/wavs/LJ044-0150.wav,0
/data/DATASETS/LJSpeech-1.1/wavs/LJ040-0049.wav,0
/data/DATASETS/LJSpeech-1.1/wavs/LJ012-0168.wav,0
/data/DATASETS/LJSpeech-1.1/wavs/LJ028-0509.wav,0
/data/DATASETS/LJSpeech-1.1/wavs/LJ046-0010.wav,0
/data/DATASETS/LJSpeech-1.1/wavs/LJ032-0041.wav,0
/data/DATASETS/LJSpeech-1.1/wavs/LJ019-0188.wav,0
/data/DATASETS/LJSpeech-1.1/wavs/LJ049-0080.wav,0
/data/DATASETS/LJSpeech-1.1/wavs/LJ028-0307.wav,0
/data/DATASETS/LJSpeech-1.1/wavs/LJ016-0062.wav,0
/data/DATASETS/LJSpeech-1.1/wavs/LJ003-0244.wav,0
/data/DATASETS/LJSpeech-1.1/wavs/LJ025-0131.wav,0
/data/DATASETS/LJSpeech-1.1/wavs/LJ010-0102.wav,0
/data/DATASETS/LJSpeech-1.1/wavs/LJ025-0123.wav,0
/data/DATASETS/LJSpeech-1.1/wavs/LJ050-0242.wav,0
/data/DATASETS/LJSpeech-1.1/wavs/LJ015-0186.wav,0
/data/DATASETS/LJSpeech-1.1/wavs/LJ013-0137.wav,0
/data/DATASETS/LJSpeech-1.1/wavs/LJ014-0076.wav,0
/data/DATASETS/LJSpeech-1.1/wavs/LJ030-0223.wav,0
/data/DATASETS/LJSpeech-1.1/wavs/LJ019-0314.wav,0
/data/DATASETS/LJSpeech-1.1/wavs/LJ022-0046.wav,0
/data/DATASETS/LJSpeech-1.1/wavs/LJ042-0113.wav,0
/data/DATASETS/LJSpeech-1.1/wavs/LJ038-0284.wav,0
/data/DATASETS/LJSpeech-1.1/wavs/LJ022-0143.wav,0
/data/DATASETS/LJSpeech-1.1/wavs/LJ028-0178.wav,0
/data/DATASETS/LJSpeech-1.1/wavs/LJ014-0047.wav,0
/data/DATASETS/LJSpeech-1.1/wavs/LJ008-0166.wav,0
/data/DATASETS/LJSpeech-1.1/wavs/LJ029-0001.wav,0
/data/DATASETS/LJSpeech-1.1/wavs/LJ004-0228.wav,0
/data/DATASETS/LJSpeech-1.1/wavs/LJ003-0173.wav,0
/data/DATASETS/LJSpeech-1.1/wavs/LJ009-0290.wav,0
/data/DATASETS/LJSpeech-1.1/wavs/LJ005-0123.wav,0
/data/DATASETS/LJSpeech-1.1/wavs/LJ041-0188.wav,0
/data/DATASETS/LJSpeech-1.1/wavs/LJ003-0186.wav,0
/data/DATASETS/LJSpeech-1.1/wavs/LJ038-0151.wav,0
/data/DATASETS/LJSpeech-1.1/wavs/LJ023-0082.wav,0
/data/DATASETS/LJSpeech-1.1/wavs/LJ043-0031.wav,0
/data/DATASETS/LJSpeech-1.1/wavs/LJ027-0010.wav,0
/data/DATASETS/LJSpeech-1.1/wavs/LJ009-0066.wav,0
/data/DATASETS/LJSpeech-1.1/wavs/LJ012-0016.wav,0
/data/DATASETS/LJSpeech-1.1/wavs/LJ042-0008.wav,0
/data/DATASETS/LJSpeech-1.1/wavs/LJ048-0259.wav,0
/data/DATASETS/LJSpeech-1.1/wavs/LJ043-0009.wav,0
/data/DATASETS/LJSpeech-1.1/wavs/LJ018-0364.wav,0
/data/DATASETS/LJSpeech-1.1/wavs/LJ020-0017.wav,0
/data/DATASETS/LJSpeech-1.1/wavs/LJ049-0227.wav,0
/data/DATASETS/LJSpeech-1.1/wavs/LJ014-0187.wav,0
/data/DATASETS/LJSpeech-1.1/wavs/LJ005-0183.wav,0
/data/DATASETS/LJSpeech-1.1/wavs/LJ009-0093.wav,0
/data/DATASETS/LJSpeech-1.1/wavs/LJ011-0272.wav,0
/data/DATASETS/LJSpeech-1.1/wavs/LJ003-0060.wav,0
/data/DATASETS/LJSpeech-1.1/wavs/LJ048-0061.wav,0
/data/DATASETS/LJSpeech-1.1/wavs/LJ048-0132.wav,0
/data/DATASETS/LJSpeech-1.1/wavs/LJ044-0151.wav,0
/data/DATASETS/LJSpeech-1.1/wavs/LJ025-0004.wav,0
/data/DATASETS/LJSpeech-1.1/wavs/LJ040-0130.wav,0
/data/DATASETS/LJSpeech-1.1/wavs/LJ042-0149.wav,0
/data/DATASETS/LJSpeech-1.1/wavs/LJ028-0282.wav,0
/data/DATASETS/LJSpeech-1.1/wavs/LJ030-0101.wav,0
/data/DATASETS/LJSpeech-1.1/wavs/LJ028-0175.wav,0
/data/DATASETS/LJSpeech-1.1/wavs/LJ006-0195.wav,0
/data/DATASETS/LJSpeech-1.1/wavs/LJ042-0100.wav,0
/data/DATASETS/LJSpeech-1.1/wavs/LJ035-0192.wav,0
/data/DATASETS/LJSpeech-1.1/wavs/LJ038-0167.wav,0
/data/DATASETS/LJSpeech-1.1/wavs/LJ019-0285.wav,0
/data/DATASETS/LJSpeech-1.1/wavs/LJ033-0052.wav,0
/data/DATASETS/LJSpeech-1.1/wavs/LJ019-0340.wav,0
/data/DATASETS/LJSpeech-1.1/wavs/LJ044-0202.wav,0
/data/DATASETS/LJSpeech-1.1/wavs/LJ048-0186.wav,0
/data/DATASETS/LJSpeech-1.1/wavs/LJ029-0173.wav,0
/data/DATASETS/LJSpeech-1.1/wavs/LJ019-0189.wav,0
/data/DATASETS/LJSpeech-1.1/wavs/LJ006-0204.wav,0
/data/DATASETS/LJSpeech-1.1/wavs/LJ042-0143.wav,0
/data/DATASETS/LJSpeech-1.1/wavs/LJ014-0150.wav,0
/data/DATASETS/LJSpeech-1.1/wavs/LJ015-0299.wav,0
/data/DATASETS/LJSpeech-1.1/wavs/LJ012-0079.wav,0
/data/DATASETS/LJSpeech-1.1/wavs/LJ020-0095.wav,0
/data/DATASETS/LJSpeech-1.1/wavs/LJ005-0090.wav,0
/data/DATASETS/LJSpeech-1.1/wavs/LJ047-0177.wav,0
/data/DATASETS/LJSpeech-1.1/wavs/LJ038-0220.wav,0
/data/DATASETS/LJSpeech-1.1/wavs/LJ019-0022.wav,0
/data/DATASETS/LJSpeech-1.1/wavs/LJ010-0214.wav,0
/data/DATASETS/LJSpeech-1.1/wavs/LJ018-0124.wav,0
/data/DATASETS/LJSpeech-1.1/wavs/LJ008-0201.wav,0
/data/DATASETS/LJSpeech-1.1/wavs/LJ047-0137.wav,0
/data/DATASETS/LJSpeech-1.1/wavs/LJ018-0182.wav,0
/data/DATASETS/LJSpeech-1.1/wavs/LJ044-0092.wav,0
/data/DATASETS/LJSpeech-1.1/wavs/LJ002-0098.wav,0
/data/DATASETS/LJSpeech-1.1/wavs/LJ006-0115.wav,0
/data/DATASETS/LJSpeech-1.1/wavs/LJ016-0278.wav,0
/data/DATASETS/LJSpeech-1.1/wavs/LJ031-0125.wav,0
/data/DATASETS/LJSpeech-1.1/wavs/LJ021-0059.wav,0
/data/DATASETS/LJSpeech-1.1/wavs/LJ043-0117.wav,0
/data/DATASETS/LJSpeech-1.1/wavs/LJ018-0355.wav,0
/data/DATASETS/LJSpeech-1.1/wavs/LJ039-0046.wav,0
/data/DATASETS/LJSpeech-1.1/wavs/LJ037-0258.wav,0
/data/DATASETS/LJSpeech-1.1/wavs/LJ040-0020.wav,0
/data/DATASETS/LJSpeech-1.1/wavs/LJ018-0352.wav,0
/data/DATASETS/LJSpeech-1.1/wavs/LJ016-0338.wav,0
/data/DATASETS/LJSpeech-1.1/wavs/LJ020-0007.wav,0
/data/DATASETS/LJSpeech-1.1/wavs/LJ017-0196.wav,0
/data/DATASETS/LJSpeech-1.1/wavs/LJ021-0133.wav,0
/data/DATASETS/LJSpeech-1.1/wavs/LJ014-0159.wav,0
/data/DATASETS/LJSpeech-1.1/wavs/LJ019-0082.wav,0
/data/DATASETS/LJSpeech-1.1/wavs/LJ043-0074.wav,0
/data/DATASETS/LJSpeech-1.1/wavs/LJ009-0197.wav,0
/data/DATASETS/LJSpeech-1.1/wavs/LJ023-0036.wav,0
/data/DATASETS/LJSpeech-1.1/wavs/LJ022-0197.wav,0
/data/DATASETS/LJSpeech-1.1/wavs/LJ043-0095.wav,0
/data/DATASETS/LJSpeech-1.1/wavs/LJ018-0265.wav,0
/data/DATASETS/LJSpeech-1.1/wavs/LJ021-0166.wav,0
/data/DATASETS/LJSpeech-1.1/wavs/LJ019-0121.wav,0
/data/DATASETS/LJSpeech-1.1/wavs/LJ004-0218.wav,0
/data/DATASETS/LJSpeech-1.1/wavs/LJ005-0144.wav,0
/data/DATASETS/LJSpeech-1.1/wavs/LJ037-0259.wav,0
/data/DATASETS/LJSpeech-1.1/wavs/LJ019-0368.wav,0
/data/DATASETS/LJSpeech-1.1/wavs/LJ019-0321.wav,0
/data/DATASETS/LJSpeech-1.1/wavs/LJ001-0033.wav,0
/data/DATASETS/LJSpeech-1.1/wavs/LJ023-0043.wav,0
/data/DATASETS/LJSpeech-1.1/wavs/LJ015-0259.wav,0
/data/DATASETS/LJSpeech-1.1/wavs/LJ014-0167.wav,0
/data/DATASETS/LJSpeech-1.1/wavs/LJ047-0018.wav,0
/data/DATASETS/LJSpeech-1.1/wavs/LJ043-0008.wav,0
/data/DATASETS/LJSpeech-1.1/wavs/LJ001-0053.wav,0
/data/DATASETS/LJSpeech-1.1/wavs/LJ049-0126.wav,0
/data/DATASETS/LJSpeech-1.1/wavs/LJ042-0213.wav,0
/data/DATASETS/LJSpeech-1.1/wavs/LJ047-0006.wav,0
/data/DATASETS/LJSpeech-1.1/wavs/LJ036-0051.wav,0
/data/DATASETS/LJSpeech-1.1/wavs/LJ049-0100.wav,0
/data/DATASETS/LJSpeech-1.1/wavs/LJ009-0298.wav,0
/data/DATASETS/LJSpeech-1.1/wavs/LJ016-0142.wav,0
/data/DATASETS/LJSpeech-1.1/wavs/LJ005-0225.wav,0
/data/DATASETS/LJSpeech-1.1/wavs/LJ038-0258.wav,0
/data/DATASETS/LJSpeech-1.1/wavs/LJ010-0238.wav,0
/data/DATASETS/LJSpeech-1.1/wavs/LJ029-0064.wav,0
/data/DATASETS/LJSpeech-1.1/wavs/LJ044-0057.wav,0
/data/DATASETS/LJSpeech-1.1/wavs/LJ050-0019.wav,0
/data/DATASETS/LJSpeech-1.1/wavs/LJ018-0084.wav,0
/data/DATASETS/LJSpeech-1.1/wavs/LJ029-0002.wav,0
/data/DATASETS/LJSpeech-1.1/wavs/LJ041-0037.wav,0
/data/DATASETS/LJSpeech-1.1/wavs/LJ002-0020.wav,0
/data/DATASETS/LJSpeech-1.1/wavs/LJ021-0144.wav,0
/data/DATASETS/LJSpeech-1.1/wavs/LJ010-0050.wav,0
/data/DATASETS/LJSpeech-1.1/wavs/LJ047-0187.wav,0
/data/DATASETS/LJSpeech-1.1/wavs/LJ049-0043.wav,0
/data/DATASETS/LJSpeech-1.1/wavs/LJ033-0167.wav,0
/data/DATASETS/LJSpeech-1.1/wavs/LJ005-0037.wav,0
/data/DATASETS/LJSpeech-1.1/wavs/LJ019-0269.wav,0
/data/DATASETS/LJSpeech-1.1/wavs/LJ008-0266.wav,0
/data/DATASETS/LJSpeech-1.1/wavs/LJ036-0162.wav,0
/data/DATASETS/LJSpeech-1.1/wavs/LJ048-0008.wav,0
/data/DATASETS/LJSpeech-1.1/wavs/LJ048-0283.wav,0
/data/DATASETS/LJSpeech-1.1/wavs/LJ033-0140.wav,0
/data/DATASETS/LJSpeech-1.1/wavs/LJ018-0111.wav,0
/data/DATASETS/LJSpeech-1.1/wavs/LJ025-0093.wav,0
/data/DATASETS/LJSpeech-1.1/wavs/LJ023-0005.wav,0
/data/DATASETS/LJSpeech-1.1/wavs/LJ028-0518.wav,0
/data/DATASETS/LJSpeech-1.1/wavs/LJ035-0072.wav,0
/data/DATASETS/LJSpeech-1.1/wavs/LJ047-0169.wav,0
/data/DATASETS/LJSpeech-1.1/wavs/LJ022-0132.wav,0
/data/DATASETS/LJSpeech-1.1/wavs/LJ025-0118.wav,0
/data/DATASETS/LJSpeech-1.1/wavs/LJ032-0084.wav,0
/data/DATASETS/LJSpeech-1.1/wavs/LJ034-0165.wav,0
/data/DATASETS/LJSpeech-1.1/wavs/LJ041-0052.wav,0
/data/DATASETS/LJSpeech-1.1/wavs/LJ004-0109.wav,0
/data/DATASETS/LJSpeech-1.1/wavs/LJ034-0055.wav,0
/data/DATASETS/LJSpeech-1.1/wavs/LJ017-0204.wav,0
/data/DATASETS/LJSpeech-1.1/wavs/LJ030-0180.wav,0
/data/DATASETS/LJSpeech-1.1/wavs/LJ041-0086.wav,0
/data/DATASETS/LJSpeech-1.1/wavs/LJ013-0152.wav,0
/data/DATASETS/LJSpeech-1.1/wavs/LJ043-0085.wav,0
/data/DATASETS/LJSpeech-1.1/wavs/LJ006-0116.wav,0
/data/DATASETS/LJSpeech-1.1/wavs/LJ037-0264.wav,0
/data/DATASETS/LJSpeech-1.1/wavs/LJ008-0294.wav,0
/data/DATASETS/LJSpeech-1.1/wavs/LJ016-0289.wav,0
/data/DATASETS/LJSpeech-1.1/wavs/LJ026-0097.wav,0
/data/DATASETS/LJSpeech-1.1/wavs/LJ014-0313.wav,0
/data/DATASETS/LJSpeech-1.1/wavs/LJ042-0091.wav,0
/data/DATASETS/LJSpeech-1.1/wavs/LJ047-0155.wav,0
/data/DATASETS/LJSpeech-1.1/wavs/LJ037-0113.wav,0
/data/DATASETS/LJSpeech-1.1/wavs/LJ005-0232.wav,0
/data/DATASETS/LJSpeech-1.1/wavs/LJ043-0166.wav,0
/data/DATASETS/LJSpeech-1.1/wavs/LJ007-0076.wav,0
/data/DATASETS/LJSpeech-1.1/wavs/LJ047-0079.wav,0
/data/DATASETS/LJSpeech-1.1/wavs/LJ005-0106.wav,0
/data/DATASETS/LJSpeech-1.1/wavs/LJ007-0161.wav,0
/data/DATASETS/LJSpeech-1.1/wavs/LJ009-0232.wav,0
/data/DATASETS/LJSpeech-1.1/wavs/LJ035-0025.wav,0
/data/DATASETS/LJSpeech-1.1/wavs/LJ011-0263.wav,0
/data/DATASETS/LJSpeech-1.1/wavs/LJ009-0053.wav,0
/data/DATASETS/LJSpeech-1.1/wavs/LJ008-0281.wav,0
/data/DATASETS/LJSpeech-1.1/wavs/LJ009-0170.wav,0
/data/DATASETS/LJSpeech-1.1/wavs/LJ001-0045.wav,0
/data/DATASETS/LJSpeech-1.1/wavs/LJ010-0239.wav,0
/data/DATASETS/LJSpeech-1.1/wavs/LJ019-0311.wav,0
/data/DATASETS/LJSpeech-1.1/wavs/LJ042-0106.wav,0
/data/DATASETS/LJSpeech-1.1/wavs/LJ036-0072.wav,0
/data/DATASETS/LJSpeech-1.1/wavs/LJ004-0063.wav,0
/data/DATASETS/LJSpeech-1.1/wavs/LJ015-0293.wav,0
/data/DATASETS/LJSpeech-1.1/wavs/LJ009-0025.wav,0
/data/DATASETS/LJSpeech-1.1/wavs/LJ016-0051.wav,0
/data/DATASETS/LJSpeech-1.1/wavs/LJ015-0052.wav,0
/data/DATASETS/LJSpeech-1.1/wavs/LJ026-0156.wav,0
/data/DATASETS/LJSpeech-1.1/wavs/LJ003-0179.wav,0
/data/DATASETS/LJSpeech-1.1/wavs/LJ038-0303.wav,0
/data/DATASETS/LJSpeech-1.1/wavs/LJ022-0170.wav,0
/data/DATASETS/LJSpeech-1.1/wavs/LJ039-0230.wav,0
/data/DATASETS/LJSpeech-1.1/wavs/LJ049-0057.wav,0
/data/DATASETS/LJSpeech-1.1/wavs/LJ019-0302.wav,0
/data/DATASETS/LJSpeech-1.1/wavs/LJ001-0084.wav,0
/data/DATASETS/LJSpeech-1.1/wavs/LJ011-0288.wav,0
/data/DATASETS/LJSpeech-1.1/wavs/LJ014-0323.wav,0
/data/DATASETS/LJSpeech-1.1/wavs/LJ007-0141.wav,0
/data/DATASETS/LJSpeech-1.1/wavs/LJ034-0141.wav,0
/data/DATASETS/LJSpeech-1.1/wavs/LJ048-0281.wav,0
/data/DATASETS/LJSpeech-1.1/wavs/LJ003-0277.wav,0
/data/DATASETS/LJSpeech-1.1/wavs/LJ009-0151.wav,0
/data/DATASETS/LJSpeech-1.1/wavs/LJ019-0231.wav,0
/data/DATASETS/LJSpeech-1.1/wavs/LJ036-0134.wav,0
/data/DATASETS/LJSpeech-1.1/wavs/LJ037-0120.wav,0
/data/DATASETS/LJSpeech-1.1/wavs/LJ002-0065.wav,0
/data/DATASETS/LJSpeech-1.1/wavs/LJ036-0032.wav,0
/data/DATASETS/LJSpeech-1.1/wavs/LJ008-0234.wav,0
/data/DATASETS/LJSpeech-1.1/wavs/LJ040-0109.wav,0
/data/DATASETS/LJSpeech-1.1/wavs/LJ039-0044.wav,0
/data/DATASETS/LJSpeech-1.1/wavs/LJ043-0019.wav,0
/data/DATASETS/LJSpeech-1.1/wavs/LJ002-0207.wav,0
/data/DATASETS/LJSpeech-1.1/wavs/LJ048-0081.wav,0
/data/DATASETS/LJSpeech-1.1/wavs/LJ048-0154.wav,0
/data/DATASETS/LJSpeech-1.1/wavs/LJ032-0088.wav,0
/data/DATASETS/LJSpeech-1.1/wavs/LJ031-0122.wav,0
/data/DATASETS/LJSpeech-1.1/wavs/LJ003-0275.wav,0
/data/DATASETS/LJSpeech-1.1/wavs/LJ050-0079.wav,0
/data/DATASETS/LJSpeech-1.1/wavs/LJ015-0129.wav,0
/data/DATASETS/LJSpeech-1.1/wavs/LJ023-0008.wav,0
/data/DATASETS/LJSpeech-1.1/wavs/LJ040-0008.wav,0
/data/DATASETS/LJSpeech-1.1/wavs/LJ011-0003.wav,0
/data/DATASETS/LJSpeech-1.1/wavs/LJ004-0073.wav,0
/data/DATASETS/LJSpeech-1.1/wavs/LJ002-0111.wav,0
/data/DATASETS/LJSpeech-1.1/wavs/LJ002-0119.wav,0
/data/DATASETS/LJSpeech-1.1/wavs/LJ005-0206.wav,0
/data/DATASETS/LJSpeech-1.1/wavs/LJ007-0157.wav,0
/data/DATASETS/LJSpeech-1.1/wavs/LJ003-0340.wav,0
/data/DATASETS/LJSpeech-1.1/wavs/LJ033-0105.wav,0
/data/DATASETS/LJSpeech-1.1/wavs/LJ001-0092.wav,0
/data/DATASETS/LJSpeech-1.1/wavs/LJ050-0155.wav,0
/data/DATASETS/LJSpeech-1.1/wavs/LJ040-0025.wav,0
/data/DATASETS/LJSpeech-1.1/wavs/LJ011-0034.wav,0
/data/DATASETS/LJSpeech-1.1/wavs/LJ016-0386.wav,0
/data/DATASETS/LJSpeech-1.1/wavs/LJ043-0010.wav,0
/data/DATASETS/LJSpeech-1.1/wavs/LJ047-0010.wav,0
/data/DATASETS/LJSpeech-1.1/wavs/LJ029-0085.wav,0
/data/DATASETS/LJSpeech-1.1/wavs/LJ021-0207.wav,0
/data/DATASETS/LJSpeech-1.1/wavs/LJ002-0280.wav,0
/data/DATASETS/LJSpeech-1.1/wavs/LJ022-0191.wav,0
/data/DATASETS/LJSpeech-1.1/wavs/LJ012-0274.wav,0
/data/DATASETS/LJSpeech-1.1/wavs/LJ037-0022.wav,0
/data/DATASETS/LJSpeech-1.1/wavs/LJ001-0177.wav,0
/data/DATASETS/LJSpeech-1.1/wavs/LJ046-0246.wav,0
/data/DATASETS/LJSpeech-1.1/wavs/LJ007-0222.wav,0
/data/DATASETS/LJSpeech-1.1/wavs/LJ036-0212.wav,0
/data/DATASETS/LJSpeech-1.1/wavs/LJ033-0148.wav,0
/data/DATASETS/LJSpeech-1.1/wavs/LJ036-0066.wav,0
/data/DATASETS/LJSpeech-1.1/wavs/LJ009-0087.wav,0
/data/DATASETS/LJSpeech-1.1/wavs/LJ041-0038.wav,0
/data/DATASETS/LJSpeech-1.1/wavs/LJ001-0006.wav,0
/data/DATASETS/LJSpeech-1.1/wavs/LJ002-0029.wav,0
/data/DATASETS/LJSpeech-1.1/wavs/LJ031-0168.wav,0
/data/DATASETS/LJSpeech-1.1/wavs/LJ010-0119.wav,0
/data/DATASETS/LJSpeech-1.1/wavs/LJ030-0121.wav,0
/data/DATASETS/LJSpeech-1.1/wavs/LJ028-0375.wav,0
/data/DATASETS/LJSpeech-1.1/wavs/LJ018-0240.wav,0
/data/DATASETS/LJSpeech-1.1/wavs/LJ044-0107.wav,0
/data/DATASETS/LJSpeech-1.1/wavs/LJ028-0200.wav,0
/data/DATASETS/LJSpeech-1.1/wavs/LJ016-0284.wav,0
/data/DATASETS/LJSpeech-1.1/wavs/LJ047-0193.wav,0
/data/DATASETS/LJSpeech-1.1/wavs/LJ014-0007.wav,0
/data/DATASETS/LJSpeech-1.1/wavs/LJ039-0065.wav,0
/data/DATASETS/LJSpeech-1.1/wavs/LJ047-0211.wav,0
/data/DATASETS/LJSpeech-1.1/wavs/LJ028-0190.wav,0
/data/DATASETS/LJSpeech-1.1/wavs/LJ005-0075.wav,0
/data/DATASETS/LJSpeech-1.1/wavs/LJ032-0066.wav,0
/data/DATASETS/LJSpeech-1.1/wavs/LJ034-0126.wav,0
/data/DATASETS/LJSpeech-1.1/wavs/LJ039-0204.wav,0
/data/DATASETS/LJSpeech-1.1/wavs/LJ037-0196.wav,0
/data/DATASETS/LJSpeech-1.1/wavs/LJ028-0234.wav,0
/data/DATASETS/LJSpeech-1.1/wavs/LJ019-0365.wav,0
/data/DATASETS/LJSpeech-1.1/wavs/LJ015-0292.wav,0
/data/DATASETS/LJSpeech-1.1/wavs/LJ034-0105.wav,0
/data/DATASETS/LJSpeech-1.1/wavs/LJ002-0164.wav,0
/data/DATASETS/LJSpeech-1.1/wavs/LJ013-0066.wav,0
/data/DATASETS/LJSpeech-1.1/wavs/LJ025-0065.wav,0
/data/DATASETS/LJSpeech-1.1/wavs/LJ050-0138.wav,0
/data/DATASETS/LJSpeech-1.1/wavs/LJ046-0254.wav,0
/data/DATASETS/LJSpeech-1.1/wavs/LJ009-0157.wav,0
/data/DATASETS/LJSpeech-1.1/wavs/LJ047-0044.wav,0
/data/DATASETS/LJSpeech-1.1/wavs/LJ032-0134.wav,0
/data/DATASETS/LJSpeech-1.1/wavs/LJ003-0104.wav,0
/data/DATASETS/LJSpeech-1.1/wavs/LJ028-0360.wav,0
/data/DATASETS/LJSpeech-1.1/wavs/LJ047-0122.wav,0
/data/DATASETS/LJSpeech-1.1/wavs/LJ010-0052.wav,0
/data/DATASETS/LJSpeech-1.1/wavs/LJ018-0021.wav,0
/data/DATASETS/LJSpeech-1.1/wavs/LJ046-0035.wav,0
/data/DATASETS/LJSpeech-1.1/wavs/LJ031-0066.wav,0
/data/DATASETS/LJSpeech-1.1/wavs/LJ048-0175.wav,0
/data/DATASETS/LJSpeech-1.1/wavs/LJ002-0118.wav,0
/data/DATASETS/LJSpeech-1.1/wavs/LJ027-0055.wav,0
/data/DATASETS/LJSpeech-1.1/wavs/LJ050-0063.wav,0
/data/DATASETS/LJSpeech-1.1/wavs/LJ012-0028.wav,0
/data/DATASETS/LJSpeech-1.1/wavs/LJ014-0149.wav,0
/data/DATASETS/LJSpeech-1.1/wavs/LJ011-0253.wav,0
/data/DATASETS/LJSpeech-1.1/wavs/LJ004-0159.wav,0
/data/DATASETS/LJSpeech-1.1/wavs/LJ018-0335.wav,0
/data/DATASETS/LJSpeech-1.1/wavs/LJ013-0197.wav,0
/data/DATASETS/LJSpeech-1.1/wavs/LJ032-0105.wav,0
/data/DATASETS/LJSpeech-1.1/wavs/LJ018-0283.wav,0
/data/DATASETS/LJSpeech-1.1/wavs/LJ005-0132.wav,0
/data/DATASETS/LJSpeech-1.1/wavs/LJ039-0147.wav,0
/data/DATASETS/LJSpeech-1.1/wavs/LJ034-0078.wav,0
/data/DATASETS/LJSpeech-1.1/wavs/LJ028-0286.wav,0
/data/DATASETS/LJSpeech-1.1/wavs/LJ023-0116.wav,0
/data/DATASETS/LJSpeech-1.1/wavs/LJ018-0013.wav,0
/data/DATASETS/LJSpeech-1.1/wavs/LJ035-0088.wav,0
/data/DATASETS/LJSpeech-1.1/wavs/LJ040-0229.wav,0
/data/DATASETS/LJSpeech-1.1/wavs/LJ021-0186.wav,0
/data/DATASETS/LJSpeech-1.1/wavs/LJ001-0114.wav,0
/data/DATASETS/LJSpeech-1.1/wavs/LJ049-0177.wav,0
/data/DATASETS/LJSpeech-1.1/wavs/LJ031-0006.wav,0
/data/DATASETS/LJSpeech-1.1/wavs/LJ010-0122.wav,0
/data/DATASETS/LJSpeech-1.1/wavs/LJ030-0206.wav,0
/data/DATASETS/LJSpeech-1.1/wavs/LJ007-0058.wav,0
/data/DATASETS/LJSpeech-1.1/wavs/LJ030-0131.wav,0
/data/DATASETS/LJSpeech-1.1/wavs/LJ004-0175.wav,0
/data/DATASETS/LJSpeech-1.1/wavs/LJ043-0043.wav,0
/data/DATASETS/LJSpeech-1.1/wavs/LJ038-0068.wav,0
/data/DATASETS/LJSpeech-1.1/wavs/LJ029-0056.wav,0
/data/DATASETS/LJSpeech-1.1/wavs/LJ013-0096.wav,0
/data/DATASETS/LJSpeech-1.1/wavs/LJ008-0307.wav,0
/data/DATASETS/LJSpeech-1.1/wavs/LJ024-0006.wav,0
/data/DATASETS/LJSpeech-1.1/wavs/LJ032-0116.wav,0
/data/DATASETS/LJSpeech-1.1/wavs/LJ011-0172.wav,0
/data/DATASETS/LJSpeech-1.1/wavs/LJ038-0287.wav,0
/data/DATASETS/LJSpeech-1.1/wavs/LJ014-0315.wav,0
/data/DATASETS/LJSpeech-1.1/wavs/LJ004-0210.wav,0
/data/DATASETS/LJSpeech-1.1/wavs/LJ030-0104.wav,0
/data/DATASETS/LJSpeech-1.1/wavs/LJ046-0252.wav,0
/data/DATASETS/LJSpeech-1.1/wavs/LJ050-0015.wav,0
/data/DATASETS/LJSpeech-1.1/wavs/LJ028-0249.wav,0
/data/DATASETS/LJSpeech-1.1/wavs/LJ038-0224.wav,0
/data/DATASETS/LJSpeech-1.1/wavs/LJ015-0278.wav,0
/data/DATASETS/LJSpeech-1.1/wavs/LJ028-0408.wav,0
/data/DATASETS/LJSpeech-1.1/wavs/LJ003-0207.wav,0
/data/DATASETS/LJSpeech-1.1/wavs/LJ048-0123.wav,0
/data/DATASETS/LJSpeech-1.1/wavs/LJ032-0228.wav,0
/data/DATASETS/LJSpeech-1.1/wavs/LJ041-0020.wav,0
/data/DATASETS/LJSpeech-1.1/wavs/LJ014-0002.wav,0
/data/DATASETS/LJSpeech-1.1/wavs/LJ006-0169.wav,0
/data/DATASETS/LJSpeech-1.1/wavs/LJ005-0210.wav,0
/data/DATASETS/LJSpeech-1.1/wavs/LJ010-0049.wav,0
/data/DATASETS/LJSpeech-1.1/wavs/LJ002-0142.wav,0
/data/DATASETS/LJSpeech-1.1/wavs/LJ029-0128.wav,0
/data/DATASETS/LJSpeech-1.1/wavs/LJ041-0068.wav,0
/data/DATASETS/LJSpeech-1.1/wavs/LJ018-0037.wav,0
/data/DATASETS/LJSpeech-1.1/wavs/LJ008-0308.wav,0
/data/DATASETS/LJSpeech-1.1/wavs/LJ019-0169.wav,0
/data/DATASETS/LJSpeech-1.1/wavs/LJ034-0151.wav,0
/data/DATASETS/LJSpeech-1.1/wavs/LJ006-0211.wav,0
/data/DATASETS/LJSpeech-1.1/wavs/LJ009-0131.wav,0
/data/DATASETS/LJSpeech-1.1/wavs/LJ006-0131.wav,0
/data/DATASETS/LJSpeech-1.1/wavs/LJ017-0100.wav,0
/data/DATASETS/LJSpeech-1.1/wavs/LJ028-0502.wav,0
/data/DATASETS/LJSpeech-1.1/wavs/LJ029-0146.wav,0
/data/DATASETS/LJSpeech-1.1/wavs/LJ048-0059.wav,0
/data/DATASETS/LJSpeech-1.1/wavs/LJ015-0296.wav,0
/data/DATASETS/LJSpeech-1.1/wavs/LJ026-0163.wav,0
/data/DATASETS/LJSpeech-1.1/wavs/LJ010-0261.wav,0
/data/DATASETS/LJSpeech-1.1/wavs/LJ005-0006.wav,0
/data/DATASETS/LJSpeech-1.1/wavs/LJ007-0027.wav,0
/data/DATASETS/LJSpeech-1.1/wavs/LJ050-0143.wav,0
/data/DATASETS/LJSpeech-1.1/wavs/LJ006-0185.wav,0
/data/DATASETS/LJSpeech-1.1/wavs/LJ043-0152.wav,0
/data/DATASETS/LJSpeech-1.1/wavs/LJ042-0026.wav,0
/data/DATASETS/LJSpeech-1.1/wavs/LJ050-0132.wav,0
/data/DATASETS/LJSpeech-1.1/wavs/LJ030-0099.wav,0
/data/DATASETS/LJSpeech-1.1/wavs/LJ021-0065.wav,0
/data/DATASETS/LJSpeech-1.1/wavs/LJ016-0113.wav,0
/data/DATASETS/LJSpeech-1.1/wavs/LJ042-0176.wav,0
/data/DATASETS/LJSpeech-1.1/wavs/LJ035-0147.wav,0
/data/DATASETS/LJSpeech-1.1/wavs/LJ003-0166.wav,0
/data/DATASETS/LJSpeech-1.1/wavs/LJ037-0019.wav,0
/data/DATASETS/LJSpeech-1.1/wavs/LJ032-0118.wav,0
/data/DATASETS/LJSpeech-1.1/wavs/LJ021-0175.wav,0
/data/DATASETS/LJSpeech-1.1/wavs/LJ027-0155.wav,0
/data/DATASETS/LJSpeech-1.1/wavs/LJ011-0268.wav,0
/data/DATASETS/LJSpeech-1.1/wavs/LJ002-0299.wav,0
/data/DATASETS/LJSpeech-1.1/wavs/LJ044-0045.wav,0
/data/DATASETS/LJSpeech-1.1/wavs/LJ020-0096.wav,0
/data/DATASETS/LJSpeech-1.1/wavs/LJ049-0199.wav,0
/data/DATASETS/LJSpeech-1.1/wavs/LJ035-0053.wav,0
/data/DATASETS/LJSpeech-1.1/wavs/LJ013-0130.wav,0
/data/DATASETS/LJSpeech-1.1/wavs/LJ046-0187.wav,0
/data/DATASETS/LJSpeech-1.1/wavs/LJ012-0163.wav,0
/data/DATASETS/LJSpeech-1.1/wavs/LJ009-0037.wav,0
/data/DATASETS/LJSpeech-1.1/wavs/LJ039-0163.wav,0
/data/DATASETS/LJSpeech-1.1/wavs/LJ014-0075.wav,0
/data/DATASETS/LJSpeech-1.1/wavs/LJ027-0178.wav,0
/data/DATASETS/LJSpeech-1.1/wavs/LJ036-0090.wav,0
/data/DATASETS/LJSpeech-1.1/wavs/LJ044-0160.wav,0
/data/DATASETS/LJSpeech-1.1/wavs/LJ047-0172.wav,0
/data/DATASETS/LJSpeech-1.1/wavs/LJ031-0147.wav,0
/data/DATASETS/LJSpeech-1.1/wavs/LJ033-0088.wav,0
/data/DATASETS/LJSpeech-1.1/wavs/LJ016-0247.wav,0
/data/DATASETS/LJSpeech-1.1/wavs/LJ044-0069.wav,0
/data/DATASETS/LJSpeech-1.1/wavs/LJ014-0152.wav,0
/data/DATASETS/LJSpeech-1.1/wavs/LJ004-0243.wav,0
/data/DATASETS/LJSpeech-1.1/wavs/LJ016-0428.wav,0
/data/DATASETS/LJSpeech-1.1/wavs/LJ019-0338.wav,0
/data/DATASETS/LJSpeech-1.1/wavs/LJ039-0042.wav,0
/data/DATASETS/LJSpeech-1.1/wavs/LJ050-0275.wav,0
/data/DATASETS/LJSpeech-1.1/wavs/LJ016-0165.wav,0
/data/DATASETS/LJSpeech-1.1/wavs/LJ026-0012.wav,0
/data/DATASETS/LJSpeech-1.1/wavs/LJ044-0090.wav,0
/data/DATASETS/LJSpeech-1.1/wavs/LJ049-0225.wav,0
/data/DATASETS/LJSpeech-1.1/wavs/LJ040-0147.wav,0
/data/DATASETS/LJSpeech-1.1/wavs/LJ001-0173.wav,0
/data/DATASETS/LJSpeech-1.1/wavs/LJ037-0124.wav,0
/data/DATASETS/LJSpeech-1.1/wavs/LJ049-0208.wav,0
/data/DATASETS/LJSpeech-1.1/wavs/LJ041-0019.wav,0
/data/DATASETS/LJSpeech-1.1/wavs/LJ030-0191.wav,0
/data/DATASETS/LJSpeech-1.1/wavs/LJ028-0054.wav,0
/data/DATASETS/LJSpeech-1.1/wavs/LJ037-0141.wav,0
/data/DATASETS/LJSpeech-1.1/wavs/LJ031-0105.wav,0
/data/DATASETS/LJSpeech-1.1/wavs/LJ050-0182.wav,0
/data/DATASETS/LJSpeech-1.1/wavs/LJ030-0100.wav,0
/data/DATASETS/LJSpeech-1.1/wavs/LJ044-0181.wav,0
/data/DATASETS/LJSpeech-1.1/wavs/LJ037-0139.wav,0
/data/DATASETS/LJSpeech-1.1/wavs/LJ024-0125.wav,0
/data/DATASETS/LJSpeech-1.1/wavs/LJ046-0242.wav,0
/data/DATASETS/LJSpeech-1.1/wavs/LJ003-0183.wav,0
/data/DATASETS/LJSpeech-1.1/wavs/LJ039-0118.wav,0
/data/DATASETS/LJSpeech-1.1/wavs/LJ046-0244.wav,0
/data/DATASETS/LJSpeech-1.1/wavs/LJ021-0002.wav,0
/data/DATASETS/LJSpeech-1.1/wavs/LJ018-0106.wav,0
/data/DATASETS/LJSpeech-1.1/wavs/LJ045-0082.wav,0
/data/DATASETS/LJSpeech-1.1/wavs/LJ004-0207.wav,0
/data/DATASETS/LJSpeech-1.1/wavs/LJ012-0258.wav,0
/data/DATASETS/LJSpeech-1.1/wavs/LJ007-0152.wav,0
/data/DATASETS/LJSpeech-1.1/wavs/LJ016-0097.wav,0
/data/DATASETS/LJSpeech-1.1/wavs/LJ048-0012.wav,0
/data/DATASETS/LJSpeech-1.1/wavs/LJ028-0276.wav,0
/data/DATASETS/LJSpeech-1.1/wavs/LJ032-0254.wav,0
/data/DATASETS/LJSpeech-1.1/wavs/LJ006-0202.wav,0
/data/DATASETS/LJSpeech-1.1/wavs/LJ040-0189.wav,0
/data/DATASETS/LJSpeech-1.1/wavs/LJ005-0214.wav,0
/data/DATASETS/LJSpeech-1.1/wavs/LJ039-0184.wav,0
/data/DATASETS/LJSpeech-1.1/wavs/LJ046-0180.wav,0
/data/DATASETS/LJSpeech-1.1/wavs/LJ032-0022.wav,0
/data/DATASETS/LJSpeech-1.1/wavs/LJ008-0125.wav,0
/data/DATASETS/LJSpeech-1.1/wavs/LJ050-0209.wav,0
/data/DATASETS/LJSpeech-1.1/wavs/LJ016-0435.wav,0
/data/DATASETS/LJSpeech-1.1/wavs/LJ001-0041.wav,0
/data/DATASETS/LJSpeech-1.1/wavs/LJ034-0074.wav,0
/data/DATASETS/LJSpeech-1.1/wavs/LJ023-0125.wav,0
/data/DATASETS/LJSpeech-1.1/wavs/LJ027-0153.wav,0
/data/DATASETS/LJSpeech-1.1/wavs/LJ007-0012.wav,0
/data/DATASETS/LJSpeech-1.1/wavs/LJ041-0013.wav,0
/data/DATASETS/LJSpeech-1.1/wavs/LJ002-0068.wav,0
/data/DATASETS/LJSpeech-1.1/wavs/LJ031-0146.wav,0
/data/DATASETS/LJSpeech-1.1/wavs/LJ035-0190.wav,0
/data/DATASETS/LJSpeech-1.1/wavs/LJ040-0007.wav,0
/data/DATASETS/LJSpeech-1.1/wavs/LJ019-0011.wav,0
/data/DATASETS/LJSpeech-1.1/wavs/LJ043-0047.wav,0
/data/DATASETS/LJSpeech-1.1/wavs/LJ037-0031.wav,0
/data/DATASETS/LJSpeech-1.1/wavs/LJ015-0241.wav,0
/data/DATASETS/LJSpeech-1.1/wavs/LJ016-0155.wav,0
/data/DATASETS/LJSpeech-1.1/wavs/LJ031-0098.wav,0
/data/DATASETS/LJSpeech-1.1/wavs/LJ028-0071.wav,0
/data/DATASETS/LJSpeech-1.1/wavs/LJ048-0215.wav,0
/data/DATASETS/LJSpeech-1.1/wavs/LJ003-0001.wav,0
/data/DATASETS/LJSpeech-1.1/wavs/LJ037-0266.wav,0
/data/DATASETS/LJSpeech-1.1/wavs/LJ044-0210.wav,0
/data/DATASETS/LJSpeech-1.1/wavs/LJ037-0198.wav,0
/data/DATASETS/LJSpeech-1.1/wavs/LJ048-0124.wav,0
/data/DATASETS/LJSpeech-1.1/wavs/LJ014-0066.wav,0
/data/DATASETS/LJSpeech-1.1/wavs/LJ008-0025.wav,0
/data/DATASETS/LJSpeech-1.1/wavs/LJ003-0335.wav,0
/data/DATASETS/LJSpeech-1.1/wavs/LJ033-0121.wav,0
/data/DATASETS/LJSpeech-1.1/wavs/LJ028-0001.wav,0
/data/DATASETS/LJSpeech-1.1/wavs/LJ013-0261.wav,0
/data/DATASETS/LJSpeech-1.1/wavs/LJ043-0053.wav,0
/data/DATASETS/LJSpeech-1.1/wavs/LJ040-0045.wav,0
/data/DATASETS/LJSpeech-1.1/wavs/LJ022-0127.wav,0
/data/DATASETS/LJSpeech-1.1/wavs/LJ044-0211.wav,0
/data/DATASETS/LJSpeech-1.1/wavs/LJ046-0108.wav,0
/data/DATASETS/LJSpeech-1.1/wavs/LJ016-0124.wav,0
/data/DATASETS/LJSpeech-1.1/wavs/LJ002-0061.wav,0
/data/DATASETS/LJSpeech-1.1/wavs/LJ040-0116.wav,0
/data/DATASETS/LJSpeech-1.1/wavs/LJ006-0229.wav,0
/data/DATASETS/LJSpeech-1.1/wavs/LJ035-0091.wav,0
/data/DATASETS/LJSpeech-1.1/wavs/LJ047-0249.wav,0
/data/DATASETS/LJSpeech-1.1/wavs/LJ010-0220.wav,0
/data/DATASETS/LJSpeech-1.1/wavs/LJ016-0205.wav,0
/data/DATASETS/LJSpeech-1.1/wavs/LJ012-0213.wav,0
/data/DATASETS/LJSpeech-1.1/wavs/LJ016-0160.wav,0
/data/DATASETS/LJSpeech-1.1/wavs/LJ005-0066.wav,0
/data/DATASETS/LJSpeech-1.1/wavs/LJ035-0010.wav,0
/data/DATASETS/LJSpeech-1.1/wavs/LJ010-0307.wav,0
/data/DATASETS/LJSpeech-1.1/wavs/LJ028-0229.wav,0
/data/DATASETS/LJSpeech-1.1/wavs/LJ027-0090.wav,0
/data/DATASETS/LJSpeech-1.1/wavs/LJ050-0233.wav,0
/data/DATASETS/LJSpeech-1.1/wavs/LJ019-0038.wav,0
/data/DATASETS/LJSpeech-1.1/wavs/LJ049-0198.wav,0
/data/DATASETS/LJSpeech-1.1/wavs/LJ028-0396.wav,0
/data/DATASETS/LJSpeech-1.1/wavs/LJ013-0223.wav,0
/data/DATASETS/LJSpeech-1.1/wavs/LJ040-0102.wav,0
/data/DATASETS/LJSpeech-1.1/wavs/LJ047-0199.wav,0
/data/DATASETS/LJSpeech-1.1/wavs/LJ015-0287.wav,0
/data/DATASETS/LJSpeech-1.1/wavs/LJ046-0154.wav,0
/data/DATASETS/LJSpeech-1.1/wavs/LJ024-0109.wav,0
/data/DATASETS/LJSpeech-1.1/wavs/LJ039-0116.wav,0
/data/DATASETS/LJSpeech-1.1/wavs/LJ015-0031.wav,0
/data/DATASETS/LJSpeech-1.1/wavs/LJ018-0324.wav,0
/data/DATASETS/LJSpeech-1.1/wavs/LJ045-0202.wav,0
/data/DATASETS/LJSpeech-1.1/wavs/LJ028-0043.wav,0
/data/DATASETS/LJSpeech-1.1/wavs/LJ015-0006.wav,0
/data/DATASETS/LJSpeech-1.1/wavs/LJ037-0093.wav,0
/data/DATASETS/LJSpeech-1.1/wavs/LJ016-0399.wav,0
/data/DATASETS/LJSpeech-1.1/wavs/LJ049-0124.wav,0
/data/DATASETS/LJSpeech-1.1/wavs/LJ048-0125.wav,0
/data/DATASETS/LJSpeech-1.1/wavs/LJ031-0079.wav,0
/data/DATASETS/LJSpeech-1.1/wavs/LJ044-0137.wav,0
/data/DATASETS/LJSpeech-1.1/wavs/LJ038-0245.wav,0
/data/DATASETS/LJSpeech-1.1/wavs/LJ044-0132.wav,0
/data/DATASETS/LJSpeech-1.1/wavs/LJ016-0395.wav,0
/data/DATASETS/LJSpeech-1.1/wavs/LJ029-0073.wav,0
/data/DATASETS/LJSpeech-1.1/wavs/LJ033-0208.wav,0
/data/DATASETS/LJSpeech-1.1/wavs/LJ016-0021.wav,0
/data/DATASETS/LJSpeech-1.1/wavs/LJ012-0001.wav,0
/data/DATASETS/LJSpeech-1.1/wavs/LJ027-0110.wav,0
/data/DATASETS/LJSpeech-1.1/wavs/LJ050-0193.wav,0
/data/DATASETS/LJSpeech-1.1/wavs/LJ010-0149.wav,0
/data/DATASETS/LJSpeech-1.1/wavs/LJ036-0131.wav,0
/data/DATASETS/LJSpeech-1.1/wavs/LJ016-0265.wav,0
/data/DATASETS/LJSpeech-1.1/wavs/LJ019-0060.wav,0
/data/DATASETS/LJSpeech-1.1/wavs/LJ034-0148.wav,0
/data/DATASETS/LJSpeech-1.1/wavs/LJ012-0014.wav,0
/data/DATASETS/LJSpeech-1.1/wavs/LJ049-0105.wav,0
/data/DATASETS/LJSpeech-1.1/wavs/LJ017-0242.wav,0
/data/DATASETS/LJSpeech-1.1/wavs/LJ039-0005.wav,0
/data/DATASETS/LJSpeech-1.1/wavs/LJ024-0076.wav,0
/data/DATASETS/LJSpeech-1.1/wavs/LJ012-0283.wav,0
/data/DATASETS/LJSpeech-1.1/wavs/LJ029-0131.wav,0
/data/DATASETS/LJSpeech-1.1/wavs/LJ023-0007.wav,0
/data/DATASETS/LJSpeech-1.1/wavs/LJ033-0003.wav,0
/data/DATASETS/LJSpeech-1.1/wavs/LJ048-0120.wav,0
/data/DATASETS/LJSpeech-1.1/wavs/LJ014-0325.wav,0
/data/DATASETS/LJSpeech-1.1/wavs/LJ043-0158.wav,0
/data/DATASETS/LJSpeech-1.1/wavs/LJ050-0087.wav,0
/data/DATASETS/LJSpeech-1.1/wavs/LJ008-0249.wav,0
/data/DATASETS/LJSpeech-1.1/wavs/LJ038-0288.wav,0
/data/DATASETS/LJSpeech-1.1/wavs/LJ025-0092.wav,0
/data/DATASETS/LJSpeech-1.1/wavs/LJ013-0030.wav,0
/data/DATASETS/LJSpeech-1.1/wavs/LJ031-0112.wav,0
/data/DATASETS/LJSpeech-1.1/wavs/LJ046-0013.wav,0
/data/DATASETS/LJSpeech-1.1/wavs/LJ010-0063.wav,0
/data/DATASETS/LJSpeech-1.1/wavs/LJ001-0106.wav,0
/data/DATASETS/LJSpeech-1.1/wavs/LJ033-0095.wav,0
/data/DATASETS/LJSpeech-1.1/wavs/LJ004-0208.wav,0
/data/DATASETS/LJSpeech-1.1/wavs/LJ018-0177.wav,0
/data/DATASETS/LJSpeech-1.1/wavs/LJ014-0288.wav,0
/data/DATASETS/LJSpeech-1.1/wavs/LJ032-0070.wav,0
/data/DATASETS/LJSpeech-1.1/wavs/LJ032-0132.wav,0
/data/DATASETS/LJSpeech-1.1/wavs/LJ042-0139.wav,0
/data/DATASETS/LJSpeech-1.1/wavs/LJ012-0206.wav,0
/data/DATASETS/LJSpeech-1.1/wavs/LJ032-0083.wav,0
/data/DATASETS/LJSpeech-1.1/wavs/LJ008-0279.wav,0
/data/DATASETS/LJSpeech-1.1/wavs/LJ016-0073.wav,0
/data/DATASETS/LJSpeech-1.1/wavs/LJ025-0031.wav,0
/data/DATASETS/LJSpeech-1.1/wavs/LJ011-0278.wav,0
/data/DATASETS/LJSpeech-1.1/wavs/LJ032-0008.wav,0
/data/DATASETS/LJSpeech-1.1/wavs/LJ050-0109.wav,0
/data/DATASETS/LJSpeech-1.1/wavs/LJ026-0039.wav,0
/data/DATASETS/LJSpeech-1.1/wavs/LJ050-0140.wav,0
/data/DATASETS/LJSpeech-1.1/wavs/LJ047-0027.wav,0
/data/DATASETS/LJSpeech-1.1/wavs/LJ006-0090.wav,0
/data/DATASETS/LJSpeech-1.1/wavs/LJ038-0063.wav,0
/data/DATASETS/LJSpeech-1.1/wavs/LJ044-0226.wav,0
/data/DATASETS/LJSpeech-1.1/wavs/LJ035-0009.wav,0
/data/DATASETS/LJSpeech-1.1/wavs/LJ032-0004.wav,0
/data/DATASETS/LJSpeech-1.1/wavs/LJ007-0106.wav,0
/data/DATASETS/LJSpeech-1.1/wavs/LJ031-0028.wav,0
/data/DATASETS/LJSpeech-1.1/wavs/LJ010-0268.wav,0
/data/DATASETS/LJSpeech-1.1/wavs/LJ018-0059.wav,0
/data/DATASETS/LJSpeech-1.1/wavs/LJ043-0077.wav,0
/data/DATASETS/LJSpeech-1.1/wavs/LJ036-0034.wav,0
/data/DATASETS/LJSpeech-1.1/wavs/LJ006-0245.wav,0
/data/DATASETS/LJSpeech-1.1/wavs/LJ038-0018.wav,0
/data/DATASETS/LJSpeech-1.1/wavs/LJ028-0068.wav,0
/data/DATASETS/LJSpeech-1.1/wavs/LJ020-0025.wav,0
/data/DATASETS/LJSpeech-1.1/wavs/LJ015-0104.wav,0
/data/DATASETS/LJSpeech-1.1/wavs/LJ005-0271.wav,0
/data/DATASETS/LJSpeech-1.1/wavs/LJ034-0097.wav,0
/data/DATASETS/LJSpeech-1.1/wavs/LJ019-0052.wav,0
/data/DATASETS/LJSpeech-1.1/wavs/LJ032-0236.wav,0
/data/DATASETS/LJSpeech-1.1/wavs/LJ028-0413.wav,0
/data/DATASETS/LJSpeech-1.1/wavs/LJ027-0071.wav,0
/data/DATASETS/LJSpeech-1.1/wavs/LJ029-0042.wav,0
/data/DATASETS/LJSpeech-1.1/wavs/LJ017-0076.wav,0
/data/DATASETS/LJSpeech-1.1/wavs/LJ008-0162.wav,0
/data/DATASETS/LJSpeech-1.1/wavs/LJ001-0167.wav,0
/data/DATASETS/LJSpeech-1.1/wavs/LJ011-0122.wav,0
/data/DATASETS/LJSpeech-1.1/wavs/LJ045-0014.wav,0
/data/DATASETS/LJSpeech-1.1/wavs/LJ032-0225.wav,0
/data/DATASETS/LJSpeech-1.1/wavs/LJ047-0051.wav,0
/data/DATASETS/LJSpeech-1.1/wavs/LJ048-0042.wav,0
/data/DATASETS/LJSpeech-1.1/wavs/LJ039-0066.wav,0
/data/DATASETS/LJSpeech-1.1/wavs/LJ044-0127.wav,0
/data/DATASETS/LJSpeech-1.1/wavs/LJ003-0337.wav,0
/data/DATASETS/LJSpeech-1.1/wavs/LJ043-0044.wav,0
/data/DATASETS/LJSpeech-1.1/wavs/LJ004-0144.wav,0
/data/DATASETS/LJSpeech-1.1/wavs/LJ015-0061.wav,0
/data/DATASETS/LJSpeech-1.1/wavs/LJ045-0030.wav,0
/data/DATASETS/LJSpeech-1.1/wavs/LJ014-0186.wav,0
/data/DATASETS/LJSpeech-1.1/wavs/LJ022-0181.wav,0
/data/DATASETS/LJSpeech-1.1/wavs/LJ029-0018.wav,0
/data/DATASETS/LJSpeech-1.1/wavs/LJ028-0417.wav,0
/data/DATASETS/LJSpeech-1.1/wavs/LJ021-0015.wav,0
/data/DATASETS/LJSpeech-1.1/wavs/LJ004-0107.wav,0
/data/DATASETS/LJSpeech-1.1/wavs/LJ043-0138.wav,0
/data/DATASETS/LJSpeech-1.1/wavs/LJ025-0030.wav,0
/data/DATASETS/LJSpeech-1.1/wavs/LJ014-0234.wav,0
/data/DATASETS/LJSpeech-1.1/wavs/LJ017-0053.wav,0
/data/DATASETS/LJSpeech-1.1/wavs/LJ035-0148.wav,0
/data/DATASETS/LJSpeech-1.1/wavs/LJ002-0254.wav,0
/data/DATASETS/LJSpeech-1.1/wavs/LJ012-0108.wav,0
/data/DATASETS/LJSpeech-1.1/wavs/LJ005-0046.wav,0
/data/DATASETS/LJSpeech-1.1/wavs/LJ018-0086.wav,0
/data/DATASETS/LJSpeech-1.1/wavs/LJ008-0204.wav,0
/data/DATASETS/LJSpeech-1.1/wavs/LJ033-0053.wav,0
/data/DATASETS/LJSpeech-1.1/wavs/LJ010-0262.wav,0
/data/DATASETS/LJSpeech-1.1/wavs/LJ026-0148.wav,0
/data/DATASETS/LJSpeech-1.1/wavs/LJ016-0248.wav,0
/data/DATASETS/LJSpeech-1.1/wavs/LJ029-0004.wav,0
/data/DATASETS/LJSpeech-1.1/wavs/LJ016-0443.wav,0
/data/DATASETS/LJSpeech-1.1/wavs/LJ045-0062.wav,0
/data/DATASETS/LJSpeech-1.1/wavs/LJ045-0217.wav,0
/data/DATASETS/LJSpeech-1.1/wavs/LJ038-0016.wav,0
/data/DATASETS/LJSpeech-1.1/wavs/LJ005-0098.wav,0
/data/DATASETS/LJSpeech-1.1/wavs/LJ047-0238.wav,0
/data/DATASETS/LJSpeech-1.1/wavs/LJ033-0067.wav,0
/data/DATASETS/LJSpeech-1.1/wavs/LJ048-0024.wav,0
/data/DATASETS/LJSpeech-1.1/wavs/LJ013-0195.wav,0
/data/DATASETS/LJSpeech-1.1/wavs/LJ015-0094.wav,0
/data/DATASETS/LJSpeech-1.1/wavs/LJ013-0121.wav,0
/data/DATASETS/LJSpeech-1.1/wavs/LJ030-0228.wav,0
/data/DATASETS/LJSpeech-1.1/wavs/LJ008-0012.wav,0
/data/DATASETS/LJSpeech-1.1/wavs/LJ027-0112.wav,0
/data/DATASETS/LJSpeech-1.1/wavs/LJ026-0029.wav,0
/data/DATASETS/LJSpeech-1.1/wavs/LJ038-0237.wav,0
/data/DATASETS/LJSpeech-1.1/wavs/LJ019-0150.wav,0
/data/DATASETS/LJSpeech-1.1/wavs/LJ011-0286.wav,0
/data/DATASETS/LJSpeech-1.1/wavs/LJ010-0246.wav,0
/data/DATASETS/LJSpeech-1.1/wavs/LJ038-0119.wav,0
/data/DATASETS/LJSpeech-1.1/wavs/LJ036-0055.wav,0
/data/DATASETS/LJSpeech-1.1/wavs/LJ018-0358.wav,0
/data/DATASETS/LJSpeech-1.1/wavs/LJ010-0101.wav,0
/data/DATASETS/LJSpeech-1.1/wavs/LJ019-0212.wav,0
/data/DATASETS/LJSpeech-1.1/wavs/LJ011-0008.wav,0
/data/DATASETS/LJSpeech-1.1/wavs/LJ016-0088.wav,0
/data/DATASETS/LJSpeech-1.1/wavs/LJ043-0146.wav,0
/data/DATASETS/LJSpeech-1.1/wavs/LJ009-0202.wav,0
/data/DATASETS/LJSpeech-1.1/wavs/LJ038-0212.wav,0
/data/DATASETS/LJSpeech-1.1/wavs/LJ017-0099.wav,0
/data/DATASETS/LJSpeech-1.1/wavs/LJ028-0366.wav,0
/data/DATASETS/LJSpeech-1.1/wavs/LJ031-0048.wav,0
/data/DATASETS/LJSpeech-1.1/wavs/LJ016-0225.wav,0
/data/DATASETS/LJSpeech-1.1/wavs/LJ011-0258.wav,0
/data/DATASETS/LJSpeech-1.1/wavs/LJ013-0099.wav,0
/data/DATASETS/LJSpeech-1.1/wavs/LJ026-0157.wav,0
/data/DATASETS/LJSpeech-1.1/wavs/LJ003-0131.wav,0
/data/DATASETS/LJSpeech-1.1/wavs/LJ033-0084.wav,0
/data/DATASETS/LJSpeech-1.1/wavs/LJ015-0188.wav,0
/data/DATASETS/LJSpeech-1.1/wavs/LJ035-0018.wav,0
/data/DATASETS/LJSpeech-1.1/wavs/LJ040-0196.wav,0
/data/DATASETS/LJSpeech-1.1/wavs/LJ004-0235.wav,0
/data/DATASETS/LJSpeech-1.1/wavs/LJ024-0119.wav,0
/data/DATASETS/LJSpeech-1.1/wavs/LJ044-0025.wav,0
/data/DATASETS/LJSpeech-1.1/wavs/LJ020-0047.wav,0
/data/DATASETS/LJSpeech-1.1/wavs/LJ043-0057.wav,0
/data/DATASETS/LJSpeech-1.1/wavs/LJ034-0006.wav,0
/data/DATASETS/LJSpeech-1.1/wavs/LJ020-0089.wav,0
/data/DATASETS/LJSpeech-1.1/wavs/LJ040-0222.wav,0
/data/DATASETS/LJSpeech-1.1/wavs/LJ006-0201.wav,0
/data/DATASETS/LJSpeech-1.1/wavs/LJ016-0295.wav,0
/data/DATASETS/LJSpeech-1.1/wavs/LJ011-0102.wav,0
/data/DATASETS/LJSpeech-1.1/wavs/LJ027-0161.wav,0
/data/DATASETS/LJSpeech-1.1/wavs/LJ021-0174.wav,0
/data/DATASETS/LJSpeech-1.1/wavs/LJ026-0162.wav,0
/data/DATASETS/LJSpeech-1.1/wavs/LJ026-0059.wav,0
/data/DATASETS/LJSpeech-1.1/wavs/LJ040-0193.wav,0
/data/DATASETS/LJSpeech-1.1/wavs/LJ019-0062.wav,0
/data/DATASETS/LJSpeech-1.1/wavs/LJ049-0189.wav,0
/data/DATASETS/LJSpeech-1.1/wavs/LJ022-0029.wav,0
/data/DATASETS/LJSpeech-1.1/wavs/LJ003-0263.wav,0
/data/DATASETS/LJSpeech-1.1/wavs/LJ041-0114.wav,0
/data/DATASETS/LJSpeech-1.1/wavs/LJ030-0181.wav,0
/data/DATASETS/LJSpeech-1.1/wavs/LJ036-0022.wav,0
/data/DATASETS/LJSpeech-1.1/wavs/LJ038-0010.wav,0
/data/DATASETS/LJSpeech-1.1/wavs/LJ032-0072.wav,0
/data/DATASETS/LJSpeech-1.1/wavs/LJ033-0120.wav,0
/data/DATASETS/LJSpeech-1.1/wavs/LJ047-0240.wav,0
/data/DATASETS/LJSpeech-1.1/wavs/LJ033-0211.wav,0
/data/DATASETS/LJSpeech-1.1/wavs/LJ010-0265.wav,0
/data/DATASETS/LJSpeech-1.1/wavs/LJ006-0010.wav,0
/data/DATASETS/LJSpeech-1.1/wavs/LJ012-0144.wav,0
/data/DATASETS/LJSpeech-1.1/wavs/LJ020-0097.wav,0
/data/DATASETS/LJSpeech-1.1/wavs/LJ033-0158.wav,0
/data/DATASETS/LJSpeech-1.1/wavs/LJ010-0046.wav,0
/data/DATASETS/LJSpeech-1.1/wavs/LJ028-0427.wav,0
/data/DATASETS/LJSpeech-1.1/wavs/LJ009-0007.wav,0
/data/DATASETS/LJSpeech-1.1/wavs/LJ028-0156.wav,0
/data/DATASETS/LJSpeech-1.1/wavs/LJ003-0043.wav,0
/data/DATASETS/LJSpeech-1.1/wavs/LJ037-0205.wav,0
/data/DATASETS/LJSpeech-1.1/wavs/LJ035-0090.wav,0
/data/DATASETS/LJSpeech-1.1/wavs/LJ017-0145.wav,0
/data/DATASETS/LJSpeech-1.1/wavs/LJ007-0184.wav,0
/data/DATASETS/LJSpeech-1.1/wavs/LJ028-0274.wav,0
/data/DATASETS/LJSpeech-1.1/wavs/LJ033-0069.wav,0
/data/DATASETS/LJSpeech-1.1/wavs/LJ049-0224.wav,0
/data/DATASETS/LJSpeech-1.1/wavs/LJ019-0099.wav,0
/data/DATASETS/LJSpeech-1.1/wavs/LJ013-0174.wav,0
/data/DATASETS/LJSpeech-1.1/wavs/LJ032-0201.wav,0
/data/DATASETS/LJSpeech-1.1/wavs/LJ044-0225.wav,0
/data/DATASETS/LJSpeech-1.1/wavs/LJ006-0255.wav,0
/data/DATASETS/LJSpeech-1.1/wavs/LJ049-0140.wav,0
/data/DATASETS/LJSpeech-1.1/wavs/LJ041-0175.wav,0
/data/DATASETS/LJSpeech-1.1/wavs/LJ047-0036.wav,0
/data/DATASETS/LJSpeech-1.1/wavs/LJ044-0166.wav,0
/data/DATASETS/LJSpeech-1.1/wavs/LJ009-0062.wav,0
/data/DATASETS/LJSpeech-1.1/wavs/LJ005-0223.wav,0
/data/DATASETS/LJSpeech-1.1/wavs/LJ019-0175.wav,0
/data/DATASETS/LJSpeech-1.1/wavs/LJ005-0044.wav,0
/data/DATASETS/LJSpeech-1.1/wavs/LJ039-0031.wav,0
/data/DATASETS/LJSpeech-1.1/wavs/LJ016-0169.wav,0
/data/DATASETS/LJSpeech-1.1/wavs/LJ008-0011.wav,0
/data/DATASETS/LJSpeech-1.1/wavs/LJ008-0269.wav,0
/data/DATASETS/LJSpeech-1.1/wavs/LJ041-0032.wav,0
/data/DATASETS/LJSpeech-1.1/wavs/LJ002-0069.wav,0
/data/DATASETS/LJSpeech-1.1/wavs/LJ009-0193.wav,0
/data/DATASETS/LJSpeech-1.1/wavs/LJ010-0093.wav,0
/data/DATASETS/LJSpeech-1.1/wavs/LJ034-0019.wav,0
/data/DATASETS/LJSpeech-1.1/wavs/LJ037-0122.wav,0
/data/DATASETS/LJSpeech-1.1/wavs/LJ028-0379.wav,0
/data/DATASETS/LJSpeech-1.1/wavs/LJ036-0199.wav,0
/data/DATASETS/LJSpeech-1.1/wavs/LJ048-0181.wav,0
/data/DATASETS/LJSpeech-1.1/wavs/LJ005-0041.wav,0
/data/DATASETS/LJSpeech-1.1/wavs/LJ009-0243.wav,0
/data/DATASETS/LJSpeech-1.1/wavs/LJ027-0022.wav,0
/data/DATASETS/LJSpeech-1.1/wavs/LJ011-0038.wav,0
/data/DATASETS/LJSpeech-1.1/wavs/LJ037-0194.wav,0
/data/DATASETS/LJSpeech-1.1/wavs/LJ011-0041.wav,0
/data/DATASETS/LJSpeech-1.1/wavs/LJ032-0015.wav,0
/data/DATASETS/LJSpeech-1.1/wavs/LJ003-0157.wav,0
/data/DATASETS/LJSpeech-1.1/wavs/LJ019-0114.wav,0
/data/DATASETS/LJSpeech-1.1/wavs/LJ035-0124.wav,0
/data/DATASETS/LJSpeech-1.1/wavs/LJ008-0036.wav,0
/data/DATASETS/LJSpeech-1.1/wavs/LJ032-0141.wav,0
/data/DATASETS/LJSpeech-1.1/wavs/LJ045-0234.wav,0
/data/DATASETS/LJSpeech-1.1/wavs/LJ003-0016.wav,0
/data/DATASETS/LJSpeech-1.1/wavs/LJ040-0139.wav,0
/data/DATASETS/LJSpeech-1.1/wavs/LJ038-0205.wav,0
/data/DATASETS/LJSpeech-1.1/wavs/LJ008-0052.wav,0
/data/DATASETS/LJSpeech-1.1/wavs/LJ048-0147.wav,0
/data/DATASETS/LJSpeech-1.1/wavs/LJ022-0048.wav,0
/data/DATASETS/LJSpeech-1.1/wavs/LJ045-0158.wav,0
/data/DATASETS/LJSpeech-1.1/wavs/LJ006-0250.wav,0
/data/DATASETS/LJSpeech-1.1/wavs/LJ036-0103.wav,0
/data/DATASETS/LJSpeech-1.1/wavs/LJ045-0010.wav,0
/data/DATASETS/LJSpeech-1.1/wavs/LJ019-0362.wav,0
/data/DATASETS/LJSpeech-1.1/wavs/LJ050-0167.wav,0
/data/DATASETS/LJSpeech-1.1/wavs/LJ044-0133.wav,0
/data/DATASETS/LJSpeech-1.1/wavs/LJ045-0242.wav,0
/data/DATASETS/LJSpeech-1.1/wavs/LJ012-0145.wav,0
/data/DATASETS/LJSpeech-1.1/wavs/LJ030-0136.wav,0
/data/DATASETS/LJSpeech-1.1/wavs/LJ017-0089.wav,0
/data/DATASETS/LJSpeech-1.1/wavs/LJ003-0074.wav,0
/data/DATASETS/LJSpeech-1.1/wavs/LJ003-0041.wav,0
/data/DATASETS/LJSpeech-1.1/wavs/LJ049-0179.wav,0
/data/DATASETS/LJSpeech-1.1/wavs/LJ049-0214.wav,0
/data/DATASETS/LJSpeech-1.1/wavs/LJ033-0133.wav,0
/data/DATASETS/LJSpeech-1.1/wavs/LJ031-0117.wav,0
/data/DATASETS/LJSpeech-1.1/wavs/LJ032-0109.wav,0
/data/DATASETS/LJSpeech-1.1/wavs/LJ045-0039.wav,0
/data/DATASETS/LJSpeech-1.1/wavs/LJ010-0010.wav,0
/data/DATASETS/LJSpeech-1.1/wavs/LJ021-0044.wav,0
/data/DATASETS/LJSpeech-1.1/wavs/LJ044-0012.wav,0
/data/DATASETS/LJSpeech-1.1/wavs/LJ016-0206.wav,0
/data/DATASETS/LJSpeech-1.1/wavs/LJ030-0246.wav,0
/data/DATASETS/LJSpeech-1.1/wavs/LJ048-0148.wav,0
/data/DATASETS/LJSpeech-1.1/wavs/LJ012-0238.wav,0
/data/DATASETS/LJSpeech-1.1/wavs/LJ014-0265.wav,0
/data/DATASETS/LJSpeech-1.1/wavs/LJ046-0150.wav,0
/data/DATASETS/LJSpeech-1.1/wavs/LJ005-0257.wav,0
/data/DATASETS/LJSpeech-1.1/wavs/LJ047-0070.wav,0
/data/DATASETS/LJSpeech-1.1/wavs/LJ033-0125.wav,0
/data/DATASETS/LJSpeech-1.1/wavs/LJ014-0184.wav,0
/data/DATASETS/LJSpeech-1.1/wavs/LJ044-0213.wav,0
/data/DATASETS/LJSpeech-1.1/wavs/LJ042-0199.wav,0
/data/DATASETS/LJSpeech-1.1/wavs/LJ031-0119.wav,0
/data/DATASETS/LJSpeech-1.1/wavs/LJ014-0061.wav,0
/data/DATASETS/LJSpeech-1.1/wavs/LJ025-0121.wav,0
/data/DATASETS/LJSpeech-1.1/wavs/LJ032-0255.wav,0
/data/DATASETS/LJSpeech-1.1/wavs/LJ039-0080.wav,0
/data/DATASETS/LJSpeech-1.1/wavs/LJ040-0088.wav,0
/data/DATASETS/LJSpeech-1.1/wavs/LJ003-0190.wav,0
/data/DATASETS/LJSpeech-1.1/wavs/LJ047-0207.wav,0
/data/DATASETS/LJSpeech-1.1/wavs/LJ018-0331.wav,0
/data/DATASETS/LJSpeech-1.1/wavs/LJ012-0234.wav,0
/data/DATASETS/LJSpeech-1.1/wavs/LJ033-0183.wav,0
/data/DATASETS/LJSpeech-1.1/wavs/LJ004-0066.wav,0
/data/DATASETS/LJSpeech-1.1/wavs/LJ024-0124.wav,0
/data/DATASETS/LJSpeech-1.1/wavs/LJ005-0177.wav,0
/data/DATASETS/LJSpeech-1.1/wavs/LJ037-0118.wav,0
/data/DATASETS/LJSpeech-1.1/wavs/LJ003-0200.wav,0
/data/DATASETS/LJSpeech-1.1/wavs/LJ050-0146.wav,0
/data/DATASETS/LJSpeech-1.1/wavs/LJ011-0012.wav,0
/data/DATASETS/LJSpeech-1.1/wavs/LJ041-0120.wav,0
/data/DATASETS/LJSpeech-1.1/wavs/LJ046-0238.wav,0
/data/DATASETS/LJSpeech-1.1/wavs/LJ043-0170.wav,0
/data/DATASETS/LJSpeech-1.1/wavs/LJ004-0219.wav,0
/data/DATASETS/LJSpeech-1.1/wavs/LJ036-0049.wav,0
/data/DATASETS/LJSpeech-1.1/wavs/LJ028-0010.wav,0
/data/DATASETS/LJSpeech-1.1/wavs/LJ009-0158.wav,0
/data/DATASETS/LJSpeech-1.1/wavs/LJ029-0048.wav,0
/data/DATASETS/LJSpeech-1.1/wavs/LJ018-0258.wav,0
/data/DATASETS/LJSpeech-1.1/wavs/LJ017-0093.wav,0
/data/DATASETS/LJSpeech-1.1/wavs/LJ039-0232.wav,0
/data/DATASETS/LJSpeech-1.1/wavs/LJ046-0021.wav,0
/data/DATASETS/LJSpeech-1.1/wavs/LJ046-0079.wav,0
/data/DATASETS/LJSpeech-1.1/wavs/LJ029-0081.wav,0
/data/DATASETS/LJSpeech-1.1/wavs/LJ013-0055.wav,0
/data/DATASETS/LJSpeech-1.1/wavs/LJ008-0154.wav,0
/data/DATASETS/LJSpeech-1.1/wavs/LJ022-0099.wav,0
/data/DATASETS/LJSpeech-1.1/wavs/LJ038-0190.wav,0
/data/DATASETS/LJSpeech-1.1/wavs/LJ022-0201.wav,0
/data/DATASETS/LJSpeech-1.1/wavs/LJ019-0202.wav,0
/data/DATASETS/LJSpeech-1.1/wavs/LJ011-0125.wav,0
/data/DATASETS/LJSpeech-1.1/wavs/LJ009-0101.wav,0
/data/DATASETS/LJSpeech-1.1/wavs/LJ001-0143.wav,0
/data/DATASETS/LJSpeech-1.1/wavs/LJ016-0327.wav,0
/data/DATASETS/LJSpeech-1.1/wavs/LJ030-0201.wav,0
/data/DATASETS/LJSpeech-1.1/wavs/LJ032-0239.wav,0
/data/DATASETS/LJSpeech-1.1/wavs/LJ047-0153.wav,0
/data/DATASETS/LJSpeech-1.1/wavs/LJ037-0176.wav,0
/data/DATASETS/LJSpeech-1.1/wavs/LJ006-0112.wav,0
/data/DATASETS/LJSpeech-1.1/wavs/LJ048-0282.wav,0
/data/DATASETS/LJSpeech-1.1/wavs/LJ030-0242.wav,0
/data/DATASETS/LJSpeech-1.1/wavs/LJ005-0236.wav,0
/data/DATASETS/LJSpeech-1.1/wavs/LJ008-0018.wav,0
/data/DATASETS/LJSpeech-1.1/wavs/LJ016-0335.wav,0
/data/DATASETS/LJSpeech-1.1/wavs/LJ029-0199.wav,0
/data/DATASETS/LJSpeech-1.1/wavs/LJ048-0084.wav,0
/data/DATASETS/LJSpeech-1.1/wavs/LJ017-0044.wav,0
/data/DATASETS/LJSpeech-1.1/wavs/LJ014-0012.wav,0
/data/DATASETS/LJSpeech-1.1/wavs/LJ049-0115.wav,0
/data/DATASETS/LJSpeech-1.1/wavs/LJ012-0285.wav,0
/data/DATASETS/LJSpeech-1.1/wavs/LJ004-0213.wav,0
/data/DATASETS/LJSpeech-1.1/wavs/LJ029-0114.wav,0
/data/DATASETS/LJSpeech-1.1/wavs/LJ021-0192.wav,0
/data/DATASETS/LJSpeech-1.1/wavs/LJ025-0015.wav,0
/data/DATASETS/LJSpeech-1.1/wavs/LJ048-0005.wav,0
/data/DATASETS/LJSpeech-1.1/wavs/LJ019-0345.wav,0
/data/DATASETS/LJSpeech-1.1/wavs/LJ007-0019.wav,0
/data/DATASETS/LJSpeech-1.1/wavs/LJ031-0144.wav,0
/data/DATASETS/LJSpeech-1.1/wavs/LJ042-0078.wav,0
/data/DATASETS/LJSpeech-1.1/wavs/LJ024-0131.wav,0
/data/DATASETS/LJSpeech-1.1/wavs/LJ014-0031.wav,0
/data/DATASETS/LJSpeech-1.1/wavs/LJ028-0388.wav,0
/data/DATASETS/LJSpeech-1.1/wavs/LJ022-0150.wav,0
/data/DATASETS/LJSpeech-1.1/wavs/LJ004-0127.wav,0
/data/DATASETS/LJSpeech-1.1/wavs/LJ050-0014.wav,0
/data/DATASETS/LJSpeech-1.1/wavs/LJ019-0155.wav,0
/data/DATASETS/LJSpeech-1.1/wavs/LJ045-0153.wav,0
/data/DATASETS/LJSpeech-1.1/wavs/LJ045-0233.wav,0
/data/DATASETS/LJSpeech-1.1/wavs/LJ050-0023.wav,0
/data/DATASETS/LJSpeech-1.1/wavs/LJ043-0183.wav,0
/data/DATASETS/LJSpeech-1.1/wavs/LJ022-0112.wav,0
/data/DATASETS/LJSpeech-1.1/wavs/LJ006-0003.wav,0
/data/DATASETS/LJSpeech-1.1/wavs/LJ008-0232.wav,0
/data/DATASETS/LJSpeech-1.1/wavs/LJ019-0396.wav,0
/data/DATASETS/LJSpeech-1.1/wavs/LJ014-0211.wav,0
/data/DATASETS/LJSpeech-1.1/wavs/LJ028-0121.wav,0
/data/DATASETS/LJSpeech-1.1/wavs/LJ036-0063.wav,0
/data/DATASETS/LJSpeech-1.1/wavs/LJ040-0221.wav,0
/data/DATASETS/LJSpeech-1.1/wavs/LJ050-0026.wav,0
/data/DATASETS/LJSpeech-1.1/wavs/LJ028-0053.wav,0
/data/DATASETS/LJSpeech-1.1/wavs/LJ011-0098.wav,0
/data/DATASETS/LJSpeech-1.1/wavs/LJ005-0005.wav,0
/data/DATASETS/LJSpeech-1.1/wavs/LJ039-0203.wav,0
/data/DATASETS/LJSpeech-1.1/wavs/LJ033-0056.wav,0
/data/DATASETS/LJSpeech-1.1/wavs/LJ009-0009.wav,0
/data/DATASETS/LJSpeech-1.1/wavs/LJ016-0023.wav,0
/data/DATASETS/LJSpeech-1.1/wavs/LJ003-0106.wav,0
/data/DATASETS/LJSpeech-1.1/wavs/LJ011-0146.wav,0
/data/DATASETS/LJSpeech-1.1/wavs/LJ002-0161.wav,0
/data/DATASETS/LJSpeech-1.1/wavs/LJ015-0312.wav,0
/data/DATASETS/LJSpeech-1.1/wavs/LJ035-0081.wav,0
/data/DATASETS/LJSpeech-1.1/wavs/LJ003-0212.wav,0
/data/DATASETS/LJSpeech-1.1/wavs/LJ022-0161.wav,0
/data/DATASETS/LJSpeech-1.1/wavs/LJ035-0170.wav,0
/data/DATASETS/LJSpeech-1.1/wavs/LJ005-0096.wav,0
/data/DATASETS/LJSpeech-1.1/wavs/LJ002-0097.wav,0
/data/DATASETS/LJSpeech-1.1/wavs/LJ030-0156.wav,0
/data/DATASETS/LJSpeech-1.1/wavs/LJ025-0025.wav,0
/data/DATASETS/LJSpeech-1.1/wavs/LJ032-0020.wav,0
/data/DATASETS/LJSpeech-1.1/wavs/LJ029-0188.wav,0
/data/DATASETS/LJSpeech-1.1/wavs/LJ025-0045.wav,0
/data/DATASETS/LJSpeech-1.1/wavs/LJ021-0167.wav,0
/data/DATASETS/LJSpeech-1.1/wavs/LJ042-0125.wav,0
/data/DATASETS/LJSpeech-1.1/wavs/LJ021-0158.wav,0
/data/DATASETS/LJSpeech-1.1/wavs/LJ015-0218.wav,0
/data/DATASETS/LJSpeech-1.1/wavs/LJ031-0099.wav,0
/data/DATASETS/LJSpeech-1.1/wavs/LJ012-0006.wav,0
/data/DATASETS/LJSpeech-1.1/wavs/LJ038-0026.wav,0
/data/DATASETS/LJSpeech-1.1/wavs/LJ026-0074.wav,0
/data/DATASETS/LJSpeech-1.1/wavs/LJ018-0374.wav,0
/data/DATASETS/LJSpeech-1.1/wavs/LJ009-0124.wav,0
/data/DATASETS/LJSpeech-1.1/wavs/LJ040-0006.wav,0
/data/DATASETS/LJSpeech-1.1/wavs/LJ013-0051.wav,0
/data/DATASETS/LJSpeech-1.1/wavs/LJ018-0312.wav,0
/data/DATASETS/LJSpeech-1.1/wavs/LJ015-0300.wav,0
/data/DATASETS/LJSpeech-1.1/wavs/LJ019-0085.wav,0
/data/DATASETS/LJSpeech-1.1/wavs/LJ020-0029.wav,0
/data/DATASETS/LJSpeech-1.1/wavs/LJ007-0181.wav,0
/data/DATASETS/LJSpeech-1.1/wavs/LJ016-0047.wav,0
/data/DATASETS/LJSpeech-1.1/wavs/LJ048-0007.wav,0
/data/DATASETS/LJSpeech-1.1/wavs/LJ035-0054.wav,0
/data/DATASETS/LJSpeech-1.1/wavs/LJ030-0094.wav,0
/data/DATASETS/LJSpeech-1.1/wavs/LJ016-0319.wav,0
/data/DATASETS/LJSpeech-1.1/wavs/LJ019-0236.wav,0
/data/DATASETS/LJSpeech-1.1/wavs/LJ031-0217.wav,0
/data/DATASETS/LJSpeech-1.1/wavs/LJ024-0136.wav,0
/data/DATASETS/LJSpeech-1.1/wavs/LJ031-0093.wav,0
/data/DATASETS/LJSpeech-1.1/wavs/LJ004-0119.wav,0
/data/DATASETS/LJSpeech-1.1/wavs/LJ025-0047.wav,0
/data/DATASETS/LJSpeech-1.1/wavs/LJ015-0307.wav,0
/data/DATASETS/LJSpeech-1.1/wavs/LJ001-0135.wav,0
/data/DATASETS/LJSpeech-1.1/wavs/LJ048-0200.wav,0
/data/DATASETS/LJSpeech-1.1/wavs/LJ006-0052.wav,0
/data/DATASETS/LJSpeech-1.1/wavs/LJ006-0235.wav,0
/data/DATASETS/LJSpeech-1.1/wavs/LJ050-0152.wav,0
/data/DATASETS/LJSpeech-1.1/wavs/LJ026-0108.wav,0
/data/DATASETS/LJSpeech-1.1/wavs/LJ014-0044.wav,0
/data/DATASETS/LJSpeech-1.1/wavs/LJ045-0246.wav,0
/data/DATASETS/LJSpeech-1.1/wavs/LJ010-0017.wav,0
/data/DATASETS/LJSpeech-1.1/wavs/LJ011-0176.wav,0
/data/DATASETS/LJSpeech-1.1/wavs/LJ018-0185.wav,0
/data/DATASETS/LJSpeech-1.1/wavs/LJ040-0223.wav,0
/data/DATASETS/LJSpeech-1.1/wavs/LJ003-0329.wav,0
/data/DATASETS/LJSpeech-1.1/wavs/LJ030-0243.wav,0
/data/DATASETS/LJSpeech-1.1/wavs/LJ036-0184.wav,0
/data/DATASETS/LJSpeech-1.1/wavs/LJ016-0203.wav,0
/data/DATASETS/LJSpeech-1.1/wavs/LJ044-0193.wav,0
/data/DATASETS/LJSpeech-1.1/wavs/LJ002-0310.wav,0
/data/DATASETS/LJSpeech-1.1/wavs/LJ011-0145.wav,0
/data/DATASETS/LJSpeech-1.1/wavs/LJ020-0087.wav,0
/data/DATASETS/LJSpeech-1.1/wavs/LJ028-0354.wav,0
/data/DATASETS/LJSpeech-1.1/wavs/LJ028-0184.wav,0
/data/DATASETS/LJSpeech-1.1/wavs/LJ030-0235.wav,0
/data/DATASETS/LJSpeech-1.1/wavs/LJ012-0237.wav,0
/data/DATASETS/LJSpeech-1.1/wavs/LJ007-0156.wav,0
/data/DATASETS/LJSpeech-1.1/wavs/LJ039-0129.wav,0
/data/DATASETS/LJSpeech-1.1/wavs/LJ005-0139.wav,0
/data/DATASETS/LJSpeech-1.1/wavs/LJ036-0187.wav,0
/data/DATASETS/LJSpeech-1.1/wavs/LJ039-0216.wav,0
/data/DATASETS/LJSpeech-1.1/wavs/LJ044-0148.wav,0
/data/DATASETS/LJSpeech-1.1/wavs/LJ049-0188.wav,0
/data/DATASETS/LJSpeech-1.1/wavs/LJ002-0074.wav,0
/data/DATASETS/LJSpeech-1.1/wavs/LJ011-0155.wav,0
/data/DATASETS/LJSpeech-1.1/wavs/LJ041-0030.wav,0
/data/DATASETS/LJSpeech-1.1/wavs/LJ012-0134.wav,0
/data/DATASETS/LJSpeech-1.1/wavs/LJ040-0211.wav,0
/data/DATASETS/LJSpeech-1.1/wavs/LJ008-0288.wav,0
/data/DATASETS/LJSpeech-1.1/wavs/LJ039-0091.wav,0
/data/DATASETS/LJSpeech-1.1/wavs/LJ038-0035.wav,0
/data/DATASETS/LJSpeech-1.1/wavs/LJ008-0134.wav,0
/data/DATASETS/LJSpeech-1.1/wavs/LJ008-0007.wav,0
/data/DATASETS/LJSpeech-1.1/wavs/LJ041-0003.wav,0
/data/DATASETS/LJSpeech-1.1/wavs/LJ003-0191.wav,0
/data/DATASETS/LJSpeech-1.1/wavs/LJ036-0154.wav,0
/data/DATASETS/LJSpeech-1.1/wavs/LJ040-0199.wav,0
/data/DATASETS/LJSpeech-1.1/wavs/LJ008-0261.wav,0
/data/DATASETS/LJSpeech-1.1/wavs/LJ042-0225.wav,0
/data/DATASETS/LJSpeech-1.1/wavs/LJ003-0210.wav,0
/data/DATASETS/LJSpeech-1.1/wavs/LJ047-0241.wav,0
/data/DATASETS/LJSpeech-1.1/wavs/LJ017-0280.wav,0
/data/DATASETS/LJSpeech-1.1/wavs/LJ031-0182.wav,0
/data/DATASETS/LJSpeech-1.1/wavs/LJ040-0048.wav,0
/data/DATASETS/LJSpeech-1.1/wavs/LJ035-0023.wav,0
/data/DATASETS/LJSpeech-1.1/wavs/LJ010-0075.wav,0
/data/DATASETS/LJSpeech-1.1/wavs/LJ049-0142.wav,0
/data/DATASETS/LJSpeech-1.1/wavs/LJ006-0051.wav,0
/data/DATASETS/LJSpeech-1.1/wavs/LJ001-0175.wav,0
/data/DATASETS/LJSpeech-1.1/wavs/LJ043-0091.wav,0
/data/DATASETS/LJSpeech-1.1/wavs/LJ006-0120.wav,0
/data/DATASETS/LJSpeech-1.1/wavs/LJ023-0115.wav,0
/data/DATASETS/LJSpeech-1.1/wavs/LJ027-0032.wav,0
/data/DATASETS/LJSpeech-1.1/wavs/LJ001-0044.wav,0
/data/DATASETS/LJSpeech-1.1/wavs/LJ031-0220.wav,0
/data/DATASETS/LJSpeech-1.1/wavs/LJ032-0223.wav,0
/data/DATASETS/LJSpeech-1.1/wavs/LJ017-0246.wav,0
/data/DATASETS/LJSpeech-1.1/wavs/LJ024-0018.wav,0
/data/DATASETS/LJSpeech-1.1/wavs/LJ016-0187.wav,0
/data/DATASETS/LJSpeech-1.1/wavs/LJ048-0069.wav,0
/data/DATASETS/LJSpeech-1.1/wavs/LJ037-0069.wav,0
/data/DATASETS/LJSpeech-1.1/wavs/LJ014-0204.wav,0
/data/DATASETS/LJSpeech-1.1/wavs/LJ004-0057.wav,0
/data/DATASETS/LJSpeech-1.1/wavs/LJ029-0023.wav,0
/data/DATASETS/LJSpeech-1.1/wavs/LJ048-0224.wav,0
/data/DATASETS/LJSpeech-1.1/wavs/LJ002-0309.wav,0
/data/DATASETS/LJSpeech-1.1/wavs/LJ037-0132.wav,0
/data/DATASETS/LJSpeech-1.1/wavs/LJ016-0072.wav,0
/data/DATASETS/LJSpeech-1.1/wavs/LJ023-0033.wav,0
/data/DATASETS/LJSpeech-1.1/wavs/LJ009-0105.wav,0
/data/DATASETS/LJSpeech-1.1/wavs/LJ028-0300.wav,0
/data/DATASETS/LJSpeech-1.1/wavs/LJ044-0220.wav,0
/data/DATASETS/LJSpeech-1.1/wavs/LJ015-0167.wav,0
/data/DATASETS/LJSpeech-1.1/wavs/LJ030-0144.wav,0
/data/DATASETS/LJSpeech-1.1/wavs/LJ002-0033.wav,0
/data/DATASETS/LJSpeech-1.1/wavs/LJ049-0015.wav,0
/data/DATASETS/LJSpeech-1.1/wavs/LJ015-0248.wav,0
/data/DATASETS/LJSpeech-1.1/wavs/LJ039-0117.wav,0
/data/DATASETS/LJSpeech-1.1/wavs/LJ028-0343.wav,0
/data/DATASETS/LJSpeech-1.1/wavs/LJ002-0105.wav,0
/data/DATASETS/LJSpeech-1.1/wavs/LJ023-0032.wav,0
/data/DATASETS/LJSpeech-1.1/wavs/LJ015-0018.wav,0
/data/DATASETS/LJSpeech-1.1/wavs/LJ009-0143.wav,0
/data/DATASETS/LJSpeech-1.1/wavs/LJ007-0111.wav,0
/data/DATASETS/LJSpeech-1.1/wavs/LJ006-0042.wav,0
/data/DATASETS/LJSpeech-1.1/wavs/LJ016-0351.wav,0
/data/DATASETS/LJSpeech-1.1/wavs/LJ014-0168.wav,0
/data/DATASETS/LJSpeech-1.1/wavs/LJ019-0027.wav,0
/data/DATASETS/LJSpeech-1.1/wavs/LJ016-0156.wav,0
/data/DATASETS/LJSpeech-1.1/wavs/LJ018-0174.wav,0
/data/DATASETS/LJSpeech-1.1/wavs/LJ004-0113.wav,0
/data/DATASETS/LJSpeech-1.1/wavs/LJ017-0114.wav,0
/data/DATASETS/LJSpeech-1.1/wavs/LJ025-0132.wav,0
/data/DATASETS/LJSpeech-1.1/wavs/LJ019-0056.wav,0
/data/DATASETS/LJSpeech-1.1/wavs/LJ031-0124.wav,0
/data/DATASETS/LJSpeech-1.1/wavs/LJ008-0135.wav,0
/data/DATASETS/LJSpeech-1.1/wavs/LJ011-0133.wav,0
/data/DATASETS/LJSpeech-1.1/wavs/LJ019-0232.wav,0
/data/DATASETS/LJSpeech-1.1/wavs/LJ046-0165.wav,0
/data/DATASETS/LJSpeech-1.1/wavs/LJ017-0208.wav,0
/data/DATASETS/LJSpeech-1.1/wavs/LJ044-0067.wav,0
/data/DATASETS/LJSpeech-1.1/wavs/LJ033-0089.wav,0
/data/DATASETS/LJSpeech-1.1/wavs/LJ046-0095.wav,0
/data/DATASETS/LJSpeech-1.1/wavs/LJ009-0292.wav,0
/data/DATASETS/LJSpeech-1.1/wavs/LJ028-0037.wav,0
/data/DATASETS/LJSpeech-1.1/wavs/LJ048-0266.wav,0
/data/DATASETS/LJSpeech-1.1/wavs/LJ002-0022.wav,0
/data/DATASETS/LJSpeech-1.1/wavs/LJ019-0255.wav,0
/data/DATASETS/LJSpeech-1.1/wavs/LJ010-0237.wav,0
/data/DATASETS/LJSpeech-1.1/wavs/LJ046-0082.wav,0
/data/DATASETS/LJSpeech-1.1/wavs/LJ022-0007.wav,0
/data/DATASETS/LJSpeech-1.1/wavs/LJ044-0174.wav,0
/data/DATASETS/LJSpeech-1.1/wavs/LJ048-0150.wav,0
/data/DATASETS/LJSpeech-1.1/wavs/LJ024-0130.wav,0
/data/DATASETS/LJSpeech-1.1/wavs/LJ022-0013.wav,0
/data/DATASETS/LJSpeech-1.1/wavs/LJ013-0228.wav,0
/data/DATASETS/LJSpeech-1.1/wavs/LJ006-0128.wav,0
/data/DATASETS/LJSpeech-1.1/wavs/LJ014-0190.wav,0
/data/DATASETS/LJSpeech-1.1/wavs/LJ029-0068.wav,0
/data/DATASETS/LJSpeech-1.1/wavs/LJ013-0186.wav,0
/data/DATASETS/LJSpeech-1.1/wavs/LJ033-0006.wav,0
/data/DATASETS/LJSpeech-1.1/wavs/LJ037-0085.wav,0
/data/DATASETS/LJSpeech-1.1/wavs/LJ009-0065.wav,0
/data/DATASETS/LJSpeech-1.1/wavs/LJ035-0187.wav,0
/data/DATASETS/LJSpeech-1.1/wavs/LJ036-0045.wav,0
/data/DATASETS/LJSpeech-1.1/wavs/LJ017-0263.wav,0
/data/DATASETS/LJSpeech-1.1/wavs/LJ017-0261.wav,0
/data/DATASETS/LJSpeech-1.1/wavs/LJ027-0151.wav,0
/data/DATASETS/LJSpeech-1.1/wavs/LJ002-0239.wav,0
/data/DATASETS/LJSpeech-1.1/wavs/LJ016-0377.wav,0
/data/DATASETS/LJSpeech-1.1/wavs/LJ042-0189.wav,0
/data/DATASETS/LJSpeech-1.1/wavs/LJ005-0224.wav,0
/data/DATASETS/LJSpeech-1.1/wavs/LJ010-0230.wav,0
/data/DATASETS/LJSpeech-1.1/wavs/LJ048-0184.wav,0
/data/DATASETS/LJSpeech-1.1/wavs/LJ041-0183.wav,0
/data/DATASETS/LJSpeech-1.1/wavs/LJ045-0180.wav,0
/data/DATASETS/LJSpeech-1.1/wavs/LJ021-0012.wav,0
/data/DATASETS/LJSpeech-1.1/wavs/LJ013-0116.wav,0
/data/DATASETS/LJSpeech-1.1/wavs/LJ030-0142.wav,0
/data/DATASETS/LJSpeech-1.1/wavs/LJ046-0194.wav,0
/data/DATASETS/LJSpeech-1.1/wavs/LJ046-0250.wav,0
/data/DATASETS/LJSpeech-1.1/wavs/LJ012-0162.wav,0
/data/DATASETS/LJSpeech-1.1/wavs/LJ003-0160.wav,0
/data/DATASETS/LJSpeech-1.1/wavs/LJ030-0001.wav,0
/data/DATASETS/LJSpeech-1.1/wavs/LJ021-0007.wav,0
/data/DATASETS/LJSpeech-1.1/wavs/LJ045-0244.wav,0
/data/DATASETS/LJSpeech-1.1/wavs/LJ013-0225.wav,0
/data/DATASETS/LJSpeech-1.1/wavs/LJ003-0299.wav,0
/data/DATASETS/LJSpeech-1.1/wavs/LJ031-0219.wav,0
/data/DATASETS/LJSpeech-1.1/wavs/LJ036-0027.wav,0
/data/DATASETS/LJSpeech-1.1/wavs/LJ014-0117.wav,0
/data/DATASETS/LJSpeech-1.1/wavs/LJ015-0041.wav,0
/data/DATASETS/LJSpeech-1.1/wavs/LJ014-0256.wav,0
/data/DATASETS/LJSpeech-1.1/wavs/LJ036-0214.wav,0
/data/DATASETS/LJSpeech-1.1/wavs/LJ009-0223.wav,0
/data/DATASETS/LJSpeech-1.1/wavs/LJ004-0212.wav,0
/data/DATASETS/LJSpeech-1.1/wavs/LJ024-0016.wav,0
/data/DATASETS/LJSpeech-1.1/wavs/LJ029-0006.wav,0
/data/DATASETS/LJSpeech-1.1/wavs/LJ001-0019.wav,0
/data/DATASETS/LJSpeech-1.1/wavs/LJ034-0191.wav,0
/data/DATASETS/LJSpeech-1.1/wavs/LJ050-0118.wav,0
/data/DATASETS/LJSpeech-1.1/wavs/LJ022-0053.wav,0
/data/DATASETS/LJSpeech-1.1/wavs/LJ028-0426.wav,0
/data/DATASETS/LJSpeech-1.1/wavs/LJ046-0210.wav,0
/data/DATASETS/LJSpeech-1.1/wavs/LJ028-0273.wav,0
/data/DATASETS/LJSpeech-1.1/wavs/LJ030-0088.wav,0
/data/DATASETS/LJSpeech-1.1/wavs/LJ019-0154.wav,0
/data/DATASETS/LJSpeech-1.1/wavs/LJ018-0166.wav,0
/data/DATASETS/LJSpeech-1.1/wavs/LJ003-0040.wav,0
/data/DATASETS/LJSpeech-1.1/wavs/LJ004-0190.wav,0
/data/DATASETS/LJSpeech-1.1/wavs/LJ018-0009.wav,0
/data/DATASETS/LJSpeech-1.1/wavs/LJ023-0059.wav,0
/data/DATASETS/LJSpeech-1.1/wavs/LJ037-0048.wav,0
/data/DATASETS/LJSpeech-1.1/wavs/LJ001-0026.wav,0
/data/DATASETS/LJSpeech-1.1/wavs/LJ040-0040.wav,0
/data/DATASETS/LJSpeech-1.1/wavs/LJ009-0187.wav,0
/data/DATASETS/LJSpeech-1.1/wavs/LJ042-0088.wav,0
/data/DATASETS/LJSpeech-1.1/wavs/LJ010-0056.wav,0
/data/DATASETS/LJSpeech-1.1/wavs/LJ026-0088.wav,0
/data/DATASETS/LJSpeech-1.1/wavs/LJ030-0017.wav,0
/data/DATASETS/LJSpeech-1.1/wavs/LJ027-0058.wav,0
/data/DATASETS/LJSpeech-1.1/wavs/LJ046-0042.wav,0
/data/DATASETS/LJSpeech-1.1/wavs/LJ025-0110.wav,0
/data/DATASETS/LJSpeech-1.1/wavs/LJ047-0003.wav,0
/data/DATASETS/LJSpeech-1.1/wavs/LJ034-0024.wav,0
/data/DATASETS/LJSpeech-1.1/wavs/LJ012-0097.wav,0
/data/DATASETS/LJSpeech-1.1/wavs/LJ006-0267.wav,0
/data/DATASETS/LJSpeech-1.1/wavs/LJ024-0118.wav,0
/data/DATASETS/LJSpeech-1.1/wavs/LJ047-0026.wav,0
/data/DATASETS/LJSpeech-1.1/wavs/LJ002-0317.wav,0
/data/DATASETS/LJSpeech-1.1/wavs/LJ026-0124.wav,0
/data/DATASETS/LJSpeech-1.1/wavs/LJ046-0001.wav,0
/data/DATASETS/LJSpeech-1.1/wavs/LJ024-0007.wav,0
/data/DATASETS/LJSpeech-1.1/wavs/LJ036-0109.wav,0
/data/DATASETS/LJSpeech-1.1/wavs/LJ046-0054.wav,0
/data/DATASETS/LJSpeech-1.1/wavs/LJ041-0074.wav,0
/data/DATASETS/LJSpeech-1.1/wavs/LJ020-0073.wav,0
/data/DATASETS/LJSpeech-1.1/wavs/LJ018-0145.wav,0
/data/DATASETS/LJSpeech-1.1/wavs/LJ035-0042.wav,0
/data/DATASETS/LJSpeech-1.1/wavs/LJ022-0131.wav,0
/data/DATASETS/LJSpeech-1.1/wavs/LJ020-0091.wav,0
/data/DATASETS/LJSpeech-1.1/wavs/LJ049-0213.wav,0
/data/DATASETS/LJSpeech-1.1/wavs/LJ022-0061.wav,0
/data/DATASETS/LJSpeech-1.1/wavs/LJ042-0004.wav,0
/data/DATASETS/LJSpeech-1.1/wavs/LJ005-0211.wav,0
/data/DATASETS/LJSpeech-1.1/wavs/LJ035-0146.wav,0
/data/DATASETS/LJSpeech-1.1/wavs/LJ019-0090.wav,0
/data/DATASETS/LJSpeech-1.1/wavs/LJ016-0373.wav,0
/data/DATASETS/LJSpeech-1.1/wavs/LJ039-0247.wav,0
/data/DATASETS/LJSpeech-1.1/wavs/LJ001-0136.wav,0
/data/DATASETS/LJSpeech-1.1/wavs/LJ018-0218.wav,0
/data/DATASETS/LJSpeech-1.1/wavs/LJ012-0147.wav,0
/data/DATASETS/LJSpeech-1.1/wavs/LJ033-0075.wav,0
/data/DATASETS/LJSpeech-1.1/wavs/LJ049-0081.wav,0
/data/DATASETS/LJSpeech-1.1/wavs/LJ049-0132.wav,0
/data/DATASETS/LJSpeech-1.1/wavs/LJ041-0044.wav,0
/data/DATASETS/LJSpeech-1.1/wavs/LJ027-0144.wav,0
/data/DATASETS/LJSpeech-1.1/wavs/LJ028-0008.wav,0
/data/DATASETS/LJSpeech-1.1/wavs/LJ012-0290.wav,0
/data/DATASETS/LJSpeech-1.1/wavs/LJ018-0230.wav,0
/data/DATASETS/LJSpeech-1.1/wavs/LJ043-0112.wav,0
/data/DATASETS/LJSpeech-1.1/wavs/LJ037-0152.wav,0
/data/DATASETS/LJSpeech-1.1/wavs/LJ003-0020.wav,0
/data/DATASETS/LJSpeech-1.1/wavs/LJ028-0152.wav,0
/data/DATASETS/LJSpeech-1.1/wavs/LJ037-0011.wav,0
/data/DATASETS/LJSpeech-1.1/wavs/LJ012-0035.wav,0
/data/DATASETS/LJSpeech-1.1/wavs/LJ046-0196.wav,0
/data/DATASETS/LJSpeech-1.1/wavs/LJ008-0015.wav,0
/data/DATASETS/LJSpeech-1.1/wavs/LJ021-0173.wav,0
/data/DATASETS/LJSpeech-1.1/wavs/LJ034-0153.wav,0
/data/DATASETS/LJSpeech-1.1/wavs/LJ002-0094.wav,0
/data/DATASETS/LJSpeech-1.1/wavs/LJ002-0322.wav,0
/data/DATASETS/LJSpeech-1.1/wavs/LJ010-0185.wav,0
/data/DATASETS/LJSpeech-1.1/wavs/LJ046-0193.wav,0
/data/DATASETS/LJSpeech-1.1/wavs/LJ008-0272.wav,0
/data/DATASETS/LJSpeech-1.1/wavs/LJ004-0150.wav,0
/data/DATASETS/LJSpeech-1.1/wavs/LJ017-0182.wav,0
/data/DATASETS/LJSpeech-1.1/wavs/LJ029-0051.wav,0
/data/DATASETS/LJSpeech-1.1/wavs/LJ001-0168.wav,0
/data/DATASETS/LJSpeech-1.1/wavs/LJ004-0044.wav,0
/data/DATASETS/LJSpeech-1.1/wavs/LJ044-0170.wav,0
/data/DATASETS/LJSpeech-1.1/wavs/LJ026-0106.wav,0
/data/DATASETS/LJSpeech-1.1/wavs/LJ039-0007.wav,0
/data/DATASETS/LJSpeech-1.1/wavs/LJ019-0290.wav,0
/data/DATASETS/LJSpeech-1.1/wavs/LJ050-0076.wav,0
/data/DATASETS/LJSpeech-1.1/wavs/LJ028-0146.wav,0
/data/DATASETS/LJSpeech-1.1/wavs/LJ003-0090.wav,0
/data/DATASETS/LJSpeech-1.1/wavs/LJ012-0289.wav,0
/data/DATASETS/LJSpeech-1.1/wavs/LJ002-0320.wav,0
/data/DATASETS/LJSpeech-1.1/wavs/LJ019-0074.wav,0
/data/DATASETS/LJSpeech-1.1/wavs/LJ035-0035.wav,0
/data/DATASETS/LJSpeech-1.1/wavs/LJ015-0183.wav,0
/data/DATASETS/LJSpeech-1.1/wavs/LJ004-0033.wav,0
/data/DATASETS/LJSpeech-1.1/wavs/LJ036-0089.wav,0
/data/DATASETS/LJSpeech-1.1/wavs/LJ050-0172.wav,0
/data/DATASETS/LJSpeech-1.1/wavs/LJ034-0127.wav,0
/data/DATASETS/LJSpeech-1.1/wavs/LJ036-0064.wav,0
/data/DATASETS/LJSpeech-1.1/wavs/LJ012-0133.wav,0
/data/DATASETS/LJSpeech-1.1/wavs/LJ040-0027.wav,0
/data/DATASETS/LJSpeech-1.1/wavs/LJ003-0017.wav,0
/data/DATASETS/LJSpeech-1.1/wavs/LJ008-0176.wav,0
/data/DATASETS/LJSpeech-1.1/wavs/LJ045-0248.wav,0
/data/DATASETS/LJSpeech-1.1/wavs/LJ032-0229.wav,0
/data/DATASETS/LJSpeech-1.1/wavs/LJ004-0024.wav,0
/data/DATASETS/LJSpeech-1.1/wavs/LJ046-0207.wav,0
/data/DATASETS/LJSpeech-1.1/wavs/LJ014-0262.wav,0
/data/DATASETS/LJSpeech-1.1/wavs/LJ017-0206.wav,0
/data/DATASETS/LJSpeech-1.1/wavs/LJ027-0111.wav,0
/data/DATASETS/LJSpeech-1.1/wavs/LJ018-0058.wav,0
/data/DATASETS/LJSpeech-1.1/wavs/LJ015-0162.wav,0
/data/DATASETS/LJSpeech-1.1/wavs/LJ016-0108.wav,0
/data/DATASETS/LJSpeech-1.1/wavs/LJ013-0139.wav,0
/data/DATASETS/LJSpeech-1.1/wavs/LJ013-0156.wav,0
/data/DATASETS/LJSpeech-1.1/wavs/LJ019-0254.wav,0
/data/DATASETS/LJSpeech-1.1/wavs/LJ028-0040.wav,0
/data/DATASETS/LJSpeech-1.1/wavs/LJ050-0221.wav,0
/data/DATASETS/LJSpeech-1.1/wavs/LJ002-0137.wav,0
/data/DATASETS/LJSpeech-1.1/wavs/LJ007-0164.wav,0
/data/DATASETS/LJSpeech-1.1/wavs/LJ016-0061.wav,0
/data/DATASETS/LJSpeech-1.1/wavs/LJ047-0097.wav,0
/data/DATASETS/LJSpeech-1.1/wavs/LJ032-0100.wav,0
/data/DATASETS/LJSpeech-1.1/wavs/LJ028-0108.wav,0
/data/DATASETS/LJSpeech-1.1/wavs/LJ014-0124.wav,0
/data/DATASETS/LJSpeech-1.1/wavs/LJ010-0081.wav,0
/data/DATASETS/LJSpeech-1.1/wavs/LJ028-0055.wav,0
/data/DATASETS/LJSpeech-1.1/wavs/LJ028-0102.wav,0
/data/DATASETS/LJSpeech-1.1/wavs/LJ004-0080.wav,0
/data/DATASETS/LJSpeech-1.1/wavs/LJ008-0172.wav,0
/data/DATASETS/LJSpeech-1.1/wavs/LJ035-0039.wav,0
/data/DATASETS/LJSpeech-1.1/wavs/LJ040-0096.wav,0
/data/DATASETS/LJSpeech-1.1/wavs/LJ002-0221.wav,0
/data/DATASETS/LJSpeech-1.1/wavs/LJ016-0350.wav,0
/data/DATASETS/LJSpeech-1.1/wavs/LJ028-0199.wav,0
/data/DATASETS/LJSpeech-1.1/wavs/LJ038-0219.wav,0
/data/DATASETS/LJSpeech-1.1/wavs/LJ044-0158.wav,0
/data/DATASETS/LJSpeech-1.1/wavs/LJ003-0013.wav,0
/data/DATASETS/LJSpeech-1.1/wavs/LJ022-0152.wav,0
/data/DATASETS/LJSpeech-1.1/wavs/LJ016-0140.wav,0
/data/DATASETS/LJSpeech-1.1/wavs/LJ015-0295.wav,0
/data/DATASETS/LJSpeech-1.1/wavs/LJ002-0123.wav,0
/data/DATASETS/LJSpeech-1.1/wavs/LJ014-0074.wav,0
/data/DATASETS/LJSpeech-1.1/wavs/LJ028-0489.wav,0
/data/DATASETS/LJSpeech-1.1/wavs/LJ017-0057.wav,0
/data/DATASETS/LJSpeech-1.1/wavs/LJ011-0001.wav,0
/data/DATASETS/LJSpeech-1.1/wavs/LJ037-0208.wav,0
/data/DATASETS/LJSpeech-1.1/wavs/LJ028-0185.wav,0
/data/DATASETS/LJSpeech-1.1/wavs/LJ014-0195.wav,0
/data/DATASETS/LJSpeech-1.1/wavs/LJ014-0091.wav,0
/data/DATASETS/LJSpeech-1.1/wavs/LJ044-0005.wav,0
/data/DATASETS/LJSpeech-1.1/wavs/LJ015-0143.wav,0
/data/DATASETS/LJSpeech-1.1/wavs/LJ040-0176.wav,0
/data/DATASETS/LJSpeech-1.1/wavs/LJ015-0256.wav,0
/data/DATASETS/LJSpeech-1.1/wavs/LJ002-0323.wav,0
/data/DATASETS/LJSpeech-1.1/wavs/LJ013-0267.wav,0
/data/DATASETS/LJSpeech-1.1/wavs/LJ035-0165.wav,0
/data/DATASETS/LJSpeech-1.1/wavs/LJ010-0248.wav,0
/data/DATASETS/LJSpeech-1.1/wavs/LJ018-0261.wav,0
/data/DATASETS/LJSpeech-1.1/wavs/LJ004-0112.wav,0
/data/DATASETS/LJSpeech-1.1/wavs/LJ033-0210.wav,0
/data/DATASETS/LJSpeech-1.1/wavs/LJ010-0076.wav,0
/data/DATASETS/LJSpeech-1.1/wavs/LJ036-0151.wav,0
/data/DATASETS/LJSpeech-1.1/wavs/LJ006-0232.wav,0
/data/DATASETS/LJSpeech-1.1/wavs/LJ028-0304.wav,0
/data/DATASETS/LJSpeech-1.1/wavs/LJ027-0136.wav,0
/data/DATASETS/LJSpeech-1.1/wavs/LJ024-0020.wav,0
/data/DATASETS/LJSpeech-1.1/wavs/LJ028-0063.wav,0
/data/DATASETS/LJSpeech-1.1/wavs/LJ029-0202.wav,0
/data/DATASETS/LJSpeech-1.1/wavs/LJ019-0067.wav,0
/data/DATASETS/LJSpeech-1.1/wavs/LJ005-0021.wav,0
/data/DATASETS/LJSpeech-1.1/wavs/LJ019-0149.wav,0
/data/DATASETS/LJSpeech-1.1/wavs/LJ038-0241.wav,0
/data/DATASETS/LJSpeech-1.1/wavs/LJ014-0010.wav,0
/data/DATASETS/LJSpeech-1.1/wavs/LJ016-0337.wav,0
/data/DATASETS/LJSpeech-1.1/wavs/LJ029-0070.wav,0
/data/DATASETS/LJSpeech-1.1/wavs/LJ016-0320.wav,0
/data/DATASETS/LJSpeech-1.1/wavs/LJ037-0040.wav,0
/data/DATASETS/LJSpeech-1.1/wavs/LJ048-0095.wav,0
/data/DATASETS/LJSpeech-1.1/wavs/LJ014-0329.wav,0
/data/DATASETS/LJSpeech-1.1/wavs/LJ039-0109.wav,0
/data/DATASETS/LJSpeech-1.1/wavs/LJ048-0126.wav,0
/data/DATASETS/LJSpeech-1.1/wavs/LJ016-0032.wav,0
/data/DATASETS/LJSpeech-1.1/wavs/LJ041-0180.wav,0
/data/DATASETS/LJSpeech-1.1/wavs/LJ013-0089.wav,0
/data/DATASETS/LJSpeech-1.1/wavs/LJ013-0159.wav,0
/data/DATASETS/LJSpeech-1.1/wavs/LJ037-0101.wav,0
/data/DATASETS/LJSpeech-1.1/wavs/LJ014-0258.wav,0
/data/DATASETS/LJSpeech-1.1/wavs/LJ001-0079.wav,0
/data/DATASETS/LJSpeech-1.1/wavs/LJ012-0143.wav,0
/data/DATASETS/LJSpeech-1.1/wavs/LJ029-0095.wav,0
/data/DATASETS/LJSpeech-1.1/wavs/LJ010-0158.wav,0
/data/DATASETS/LJSpeech-1.1/wavs/LJ028-0157.wav,0
/data/DATASETS/LJSpeech-1.1/wavs/LJ022-0084.wav,0
/data/DATASETS/LJSpeech-1.1/wavs/LJ024-0106.wav,0
/data/DATASETS/LJSpeech-1.1/wavs/LJ016-0199.wav,0
/data/DATASETS/LJSpeech-1.1/wavs/LJ019-0158.wav,0
/data/DATASETS/LJSpeech-1.1/wavs/LJ018-0224.wav,0
/data/DATASETS/LJSpeech-1.1/wavs/LJ034-0145.wav,0
/data/DATASETS/LJSpeech-1.1/wavs/LJ005-0164.wav,0
/data/DATASETS/LJSpeech-1.1/wavs/LJ033-0037.wav,0
/data/DATASETS/LJSpeech-1.1/wavs/LJ012-0137.wav,0
/data/DATASETS/LJSpeech-1.1/wavs/LJ017-0042.wav,0
/data/DATASETS/LJSpeech-1.1/wavs/LJ002-0116.wav,0
/data/DATASETS/LJSpeech-1.1/wavs/LJ016-0220.wav,0
/data/DATASETS/LJSpeech-1.1/wavs/LJ032-0266.wav,0
/data/DATASETS/LJSpeech-1.1/wavs/LJ001-0046.wav,0
/data/DATASETS/LJSpeech-1.1/wavs/LJ035-0158.wav,0
/data/DATASETS/LJSpeech-1.1/wavs/LJ028-0316.wav,0
/data/DATASETS/LJSpeech-1.1/wavs/LJ030-0130.wav,0
/data/DATASETS/LJSpeech-1.1/wavs/LJ015-0046.wav,0
/data/DATASETS/LJSpeech-1.1/wavs/LJ009-0128.wav,0
/data/DATASETS/LJSpeech-1.1/wavs/LJ017-0176.wav,0
/data/DATASETS/LJSpeech-1.1/wavs/LJ014-0309.wav,0
/data/DATASETS/LJSpeech-1.1/wavs/LJ045-0188.wav,0
/data/DATASETS/LJSpeech-1.1/wavs/LJ001-0059.wav,0
/data/DATASETS/LJSpeech-1.1/wavs/LJ047-0117.wav,0
/data/DATASETS/LJSpeech-1.1/wavs/LJ039-0130.wav,0
/data/DATASETS/LJSpeech-1.1/wavs/LJ003-0122.wav,0
/data/DATASETS/LJSpeech-1.1/wavs/LJ032-0013.wav,0
/data/DATASETS/LJSpeech-1.1/wavs/LJ038-0055.wav,0
/data/DATASETS/LJSpeech-1.1/wavs/LJ013-0189.wav,0
/data/DATASETS/LJSpeech-1.1/wavs/LJ014-0205.wav,0
/data/DATASETS/LJSpeech-1.1/wavs/LJ030-0013.wav,0
/data/DATASETS/LJSpeech-1.1/wavs/LJ026-0147.wav,0
/data/DATASETS/LJSpeech-1.1/wavs/LJ014-0197.wav,0
/data/DATASETS/LJSpeech-1.1/wavs/LJ041-0160.wav,0
/data/DATASETS/LJSpeech-1.1/wavs/LJ025-0088.wav,0
/data/DATASETS/LJSpeech-1.1/wavs/LJ017-0016.wav,0
/data/DATASETS/LJSpeech-1.1/wavs/LJ033-0077.wav,0
/data/DATASETS/LJSpeech-1.1/wavs/LJ010-0233.wav,0
/data/DATASETS/LJSpeech-1.1/wavs/LJ042-0204.wav,0
/data/DATASETS/LJSpeech-1.1/wavs/LJ027-0020.wav,0
/data/DATASETS/LJSpeech-1.1/wavs/LJ014-0092.wav,0
/data/DATASETS/LJSpeech-1.1/wavs/LJ015-0211.wav,0
/data/DATASETS/LJSpeech-1.1/wavs/LJ032-0076.wav,0
/data/DATASETS/LJSpeech-1.1/wavs/LJ017-0003.wav,0
/data/DATASETS/LJSpeech-1.1/wavs/LJ029-0011.wav,0
/data/DATASETS/LJSpeech-1.1/wavs/LJ003-0203.wav,0
/data/DATASETS/LJSpeech-1.1/wavs/LJ046-0143.wav,0
/data/DATASETS/LJSpeech-1.1/wavs/LJ019-0336.wav,0
/data/DATASETS/LJSpeech-1.1/wavs/LJ019-0088.wav,0
/data/DATASETS/LJSpeech-1.1/wavs/LJ027-0017.wav,0
/data/DATASETS/LJSpeech-1.1/wavs/LJ023-0140.wav,0
/data/DATASETS/LJSpeech-1.1/wavs/LJ046-0027.wav,0
/data/DATASETS/LJSpeech-1.1/wavs/LJ016-0166.wav,0
/data/DATASETS/LJSpeech-1.1/wavs/LJ032-0188.wav,0
/data/DATASETS/LJSpeech-1.1/wavs/LJ015-0047.wav,0
/data/DATASETS/LJSpeech-1.1/wavs/LJ046-0184.wav,0
/data/DATASETS/LJSpeech-1.1/wavs/LJ032-0174.wav,0
/data/DATASETS/LJSpeech-1.1/wavs/LJ011-0234.wav,0
/data/DATASETS/LJSpeech-1.1/wavs/LJ013-0057.wav,0
/data/DATASETS/LJSpeech-1.1/wavs/LJ044-0105.wav,0
/data/DATASETS/LJSpeech-1.1/wavs/LJ014-0015.wav,0
/data/DATASETS/LJSpeech-1.1/wavs/LJ045-0093.wav,0
/data/DATASETS/LJSpeech-1.1/wavs/LJ007-0020.wav,0
/data/DATASETS/LJSpeech-1.1/wavs/LJ033-0155.wav,0
/data/DATASETS/LJSpeech-1.1/wavs/LJ050-0102.wav,0
/data/DATASETS/LJSpeech-1.1/wavs/LJ018-0398.wav,0
/data/DATASETS/LJSpeech-1.1/wavs/LJ009-0090.wav,0
/data/DATASETS/LJSpeech-1.1/wavs/LJ035-0085.wav,0
/data/DATASETS/LJSpeech-1.1/wavs/LJ005-0028.wav,0
/data/DATASETS/LJSpeech-1.1/wavs/LJ034-0155.wav,0
/data/DATASETS/LJSpeech-1.1/wavs/LJ019-0017.wav,0
/data/DATASETS/LJSpeech-1.1/wavs/LJ041-0134.wav,0
/data/DATASETS/LJSpeech-1.1/wavs/LJ037-0180.wav,0
/data/DATASETS/LJSpeech-1.1/wavs/LJ016-0376.wav,0
/data/DATASETS/LJSpeech-1.1/wavs/LJ042-0195.wav,0
/data/DATASETS/LJSpeech-1.1/wavs/LJ032-0108.wav,0
/data/DATASETS/LJSpeech-1.1/wavs/LJ010-0111.wav,0
/data/DATASETS/LJSpeech-1.1/wavs/LJ046-0167.wav,0
/data/DATASETS/LJSpeech-1.1/wavs/LJ023-0104.wav,0
/data/DATASETS/LJSpeech-1.1/wavs/LJ004-0197.wav,0
/data/DATASETS/LJSpeech-1.1/wavs/LJ047-0202.wav,0
/data/DATASETS/LJSpeech-1.1/wavs/LJ019-0291.wav,0
/data/DATASETS/LJSpeech-1.1/wavs/LJ012-0155.wav,0
/data/DATASETS/LJSpeech-1.1/wavs/LJ047-0090.wav,0
/data/DATASETS/LJSpeech-1.1/wavs/LJ030-0157.wav,0
/data/DATASETS/LJSpeech-1.1/wavs/LJ042-0127.wav,0
/data/DATASETS/LJSpeech-1.1/wavs/LJ038-0291.wav,0
/data/DATASETS/LJSpeech-1.1/wavs/LJ007-0199.wav,0
/data/DATASETS/LJSpeech-1.1/wavs/LJ022-0174.wav,0
/data/DATASETS/LJSpeech-1.1/wavs/LJ028-0134.wav,0
/data/DATASETS/LJSpeech-1.1/wavs/LJ031-0195.wav,0
/data/DATASETS/LJSpeech-1.1/wavs/LJ038-0240.wav,0
/data/DATASETS/LJSpeech-1.1/wavs/LJ030-0172.wav,0
/data/DATASETS/LJSpeech-1.1/wavs/LJ019-0328.wav,0
/data/DATASETS/LJSpeech-1.1/wavs/LJ002-0312.wav,0
/data/DATASETS/LJSpeech-1.1/wavs/LJ012-0222.wav,0
/data/DATASETS/LJSpeech-1.1/wavs/LJ029-0125.wav,0
/data/DATASETS/LJSpeech-1.1/wavs/LJ045-0119.wav,0
/data/DATASETS/LJSpeech-1.1/wavs/LJ031-0096.wav,0
/data/DATASETS/LJSpeech-1.1/wavs/LJ002-0287.wav,0
/data/DATASETS/LJSpeech-1.1/wavs/LJ019-0073.wav,0
/data/DATASETS/LJSpeech-1.1/wavs/LJ013-0266.wav,0
/data/DATASETS/LJSpeech-1.1/wavs/LJ045-0114.wav,0
/data/DATASETS/LJSpeech-1.1/wavs/LJ008-0075.wav,0
/data/DATASETS/LJSpeech-1.1/wavs/LJ007-0074.wav,0
/data/DATASETS/LJSpeech-1.1/wavs/LJ025-0134.wav,0
/data/DATASETS/LJSpeech-1.1/wavs/LJ010-0051.wav,0
/data/DATASETS/LJSpeech-1.1/wavs/LJ038-0041.wav,0
/data/DATASETS/LJSpeech-1.1/wavs/LJ035-0177.wav,0
/data/DATASETS/LJSpeech-1.1/wavs/LJ038-0253.wav,0
/data/DATASETS/LJSpeech-1.1/wavs/LJ036-0084.wav,0
/data/DATASETS/LJSpeech-1.1/wavs/LJ034-0203.wav,0
/data/DATASETS/LJSpeech-1.1/wavs/LJ042-0107.wav,0
/data/DATASETS/LJSpeech-1.1/wavs/LJ030-0215.wav,0
/data/DATASETS/LJSpeech-1.1/wavs/LJ003-0295.wav,0
/data/DATASETS/LJSpeech-1.1/wavs/LJ015-0184.wav,0
/data/DATASETS/LJSpeech-1.1/wavs/LJ010-0205.wav,0
/data/DATASETS/LJSpeech-1.1/wavs/LJ014-0218.wav,0
/data/DATASETS/LJSpeech-1.1/wavs/LJ042-0231.wav,0
/data/DATASETS/LJSpeech-1.1/wavs/LJ027-0027.wav,0
/data/DATASETS/LJSpeech-1.1/wavs/LJ023-0108.wav,0
/data/DATASETS/LJSpeech-1.1/wavs/LJ040-0238.wav,0
/data/DATASETS/LJSpeech-1.1/wavs/LJ017-0060.wav,0
/data/DATASETS/LJSpeech-1.1/wavs/LJ009-0094.wav,0
/data/DATASETS/LJSpeech-1.1/wavs/LJ007-0168.wav,0
/data/DATASETS/LJSpeech-1.1/wavs/LJ018-0343.wav,0
/data/DATASETS/LJSpeech-1.1/wavs/LJ026-0111.wav,0
/data/DATASETS/LJSpeech-1.1/wavs/LJ034-0162.wav,0
/data/DATASETS/LJSpeech-1.1/wavs/LJ041-0058.wav,0
/data/DATASETS/LJSpeech-1.1/wavs/LJ009-0110.wav,0
/data/DATASETS/LJSpeech-1.1/wavs/LJ006-0101.wav,0
/data/DATASETS/LJSpeech-1.1/wavs/LJ025-0066.wav,0
/data/DATASETS/LJSpeech-1.1/wavs/LJ030-0038.wav,0
/data/DATASETS/LJSpeech-1.1/wavs/LJ014-0141.wav,0
/data/DATASETS/LJSpeech-1.1/wavs/LJ027-0073.wav,0
/data/DATASETS/LJSpeech-1.1/wavs/LJ003-0121.wav,0
/data/DATASETS/LJSpeech-1.1/wavs/LJ012-0132.wav,0
/data/DATASETS/LJSpeech-1.1/wavs/LJ038-0185.wav,0
/data/DATASETS/LJSpeech-1.1/wavs/LJ041-0127.wav,0
/data/DATASETS/LJSpeech-1.1/wavs/LJ002-0017.wav,0
/data/DATASETS/LJSpeech-1.1/wavs/LJ028-0472.wav,0
/data/DATASETS/LJSpeech-1.1/wavs/LJ044-0037.wav,0
/data/DATASETS/LJSpeech-1.1/wavs/LJ001-0069.wav,0
/data/DATASETS/LJSpeech-1.1/wavs/LJ018-0325.wav,0
/data/DATASETS/LJSpeech-1.1/wavs/LJ015-0069.wav,0
/data/DATASETS/LJSpeech-1.1/wavs/LJ007-0015.wav,0
/data/DATASETS/LJSpeech-1.1/wavs/LJ015-0250.wav,0
/data/DATASETS/LJSpeech-1.1/wavs/LJ036-0015.wav,0
/data/DATASETS/LJSpeech-1.1/wavs/LJ028-0487.wav,0
/data/DATASETS/LJSpeech-1.1/wavs/LJ007-0211.wav,0
/data/DATASETS/LJSpeech-1.1/wavs/LJ038-0024.wav,0
/data/DATASETS/LJSpeech-1.1/wavs/LJ039-0062.wav,0
/data/DATASETS/LJSpeech-1.1/wavs/LJ040-0160.wav,0
/data/DATASETS/LJSpeech-1.1/wavs/LJ009-0233.wav,0
/data/DATASETS/LJSpeech-1.1/wavs/LJ038-0155.wav,0
/data/DATASETS/LJSpeech-1.1/wavs/LJ006-0109.wav,0
/data/DATASETS/LJSpeech-1.1/wavs/LJ014-0162.wav,0
/data/DATASETS/LJSpeech-1.1/wavs/LJ011-0119.wav,0
/data/DATASETS/LJSpeech-1.1/wavs/LJ006-0260.wav,0
/data/DATASETS/LJSpeech-1.1/wavs/LJ008-0242.wav,0
/data/DATASETS/LJSpeech-1.1/wavs/LJ007-0092.wav,0
/data/DATASETS/LJSpeech-1.1/wavs/LJ043-0140.wav,0
/data/DATASETS/LJSpeech-1.1/wavs/LJ037-0135.wav,0
/data/DATASETS/LJSpeech-1.1/wavs/LJ039-0141.wav,0
/data/DATASETS/LJSpeech-1.1/wavs/LJ027-0023.wav,0
/data/DATASETS/LJSpeech-1.1/wavs/LJ012-0019.wav,0
/data/DATASETS/LJSpeech-1.1/wavs/LJ028-0225.wav,0
/data/DATASETS/LJSpeech-1.1/wavs/LJ018-0053.wav,0
/data/DATASETS/LJSpeech-1.1/wavs/LJ028-0158.wav,0
/data/DATASETS/LJSpeech-1.1/wavs/LJ017-0184.wav,0
/data/DATASETS/LJSpeech-1.1/wavs/LJ042-0206.wav,0
/data/DATASETS/LJSpeech-1.1/wavs/LJ008-0208.wav,0
/data/DATASETS/LJSpeech-1.1/wavs/LJ014-0072.wav,0
/data/DATASETS/LJSpeech-1.1/wavs/LJ017-0230.wav,0
/data/DATASETS/LJSpeech-1.1/wavs/LJ012-0068.wav,0
/data/DATASETS/LJSpeech-1.1/wavs/LJ028-0125.wav,0
/data/DATASETS/LJSpeech-1.1/wavs/LJ047-0141.wav,0
/data/DATASETS/LJSpeech-1.1/wavs/LJ034-0102.wav,0
/data/DATASETS/LJSpeech-1.1/wavs/LJ046-0055.wav,0
/data/DATASETS/LJSpeech-1.1/wavs/LJ020-0020.wav,0
/data/DATASETS/LJSpeech-1.1/wavs/LJ034-0132.wav,0
/data/DATASETS/LJSpeech-1.1/wavs/LJ035-0132.wav,0
/data/DATASETS/LJSpeech-1.1/wavs/LJ035-0073.wav,0
/data/DATASETS/LJSpeech-1.1/wavs/LJ037-0086.wav,0
/data/DATASETS/LJSpeech-1.1/wavs/LJ033-0030.wav,0
/data/DATASETS/LJSpeech-1.1/wavs/LJ040-0030.wav,0
/data/DATASETS/LJSpeech-1.1/wavs/LJ011-0207.wav,0
/data/DATASETS/LJSpeech-1.1/wavs/LJ012-0280.wav,0
/data/DATASETS/LJSpeech-1.1/wavs/LJ047-0086.wav,0
/data/DATASETS/LJSpeech-1.1/wavs/LJ032-0125.wav,0
/data/DATASETS/LJSpeech-1.1/wavs/LJ049-0172.wav,0
/data/DATASETS/LJSpeech-1.1/wavs/LJ023-0073.wav,0
/data/DATASETS/LJSpeech-1.1/wavs/LJ023-0137.wav,0
/data/DATASETS/LJSpeech-1.1/wavs/LJ048-0119.wav,0
/data/DATASETS/LJSpeech-1.1/wavs/LJ034-0079.wav,0
/data/DATASETS/LJSpeech-1.1/wavs/LJ045-0031.wav,0
/data/DATASETS/LJSpeech-1.1/wavs/LJ017-0028.wav,0
/data/DATASETS/LJSpeech-1.1/wavs/LJ015-0222.wav,0
/data/DATASETS/LJSpeech-1.1/wavs/LJ014-0252.wav,0
/data/DATASETS/LJSpeech-1.1/wavs/LJ007-0088.wav,0
/data/DATASETS/LJSpeech-1.1/wavs/LJ037-0221.wav,0
/data/DATASETS/LJSpeech-1.1/wavs/LJ005-0259.wav,0
/data/DATASETS/LJSpeech-1.1/wavs/LJ047-0015.wav,0
/data/DATASETS/LJSpeech-1.1/wavs/LJ028-0209.wav,0
/data/DATASETS/LJSpeech-1.1/wavs/LJ038-0238.wav,0
/data/DATASETS/LJSpeech-1.1/wavs/LJ040-0055.wav,0
/data/DATASETS/LJSpeech-1.1/wavs/LJ035-0064.wav,0
/data/DATASETS/LJSpeech-1.1/wavs/LJ014-0307.wav,0
/data/DATASETS/LJSpeech-1.1/wavs/LJ019-0295.wav,0
/data/DATASETS/LJSpeech-1.1/wavs/LJ016-0091.wav,0
/data/DATASETS/LJSpeech-1.1/wavs/LJ018-0088.wav,0
/data/DATASETS/LJSpeech-1.1/wavs/LJ046-0104.wav,0
/data/DATASETS/LJSpeech-1.1/wavs/LJ050-0010.wav,0
/data/DATASETS/LJSpeech-1.1/wavs/LJ007-0047.wav,0
/data/DATASETS/LJSpeech-1.1/wavs/LJ032-0032.wav,0
/data/DATASETS/LJSpeech-1.1/wavs/LJ050-0013.wav,0
/data/DATASETS/LJSpeech-1.1/wavs/LJ010-0155.wav,0
/data/DATASETS/LJSpeech-1.1/wavs/LJ029-0127.wav,0
/data/DATASETS/LJSpeech-1.1/wavs/LJ009-0024.wav,0
/data/DATASETS/LJSpeech-1.1/wavs/LJ032-0143.wav,0
/data/DATASETS/LJSpeech-1.1/wavs/LJ007-0213.wav,0
/data/DATASETS/LJSpeech-1.1/wavs/LJ036-0124.wav,0
/data/DATASETS/LJSpeech-1.1/wavs/LJ022-0116.wav,0
/data/DATASETS/LJSpeech-1.1/wavs/LJ004-0162.wav,0
/data/DATASETS/LJSpeech-1.1/wavs/LJ004-0148.wav,0
/data/DATASETS/LJSpeech-1.1/wavs/LJ027-0033.wav,0
/data/DATASETS/LJSpeech-1.1/wavs/LJ010-0078.wav,0
/data/DATASETS/LJSpeech-1.1/wavs/LJ047-0081.wav,0
/data/DATASETS/LJSpeech-1.1/wavs/LJ024-0040.wav,0
/data/DATASETS/LJSpeech-1.1/wavs/LJ028-0458.wav,0
/data/DATASETS/LJSpeech-1.1/wavs/LJ012-0149.wav,0
/data/DATASETS/LJSpeech-1.1/wavs/LJ046-0064.wav,0
/data/DATASETS/LJSpeech-1.1/wavs/LJ005-0078.wav,0
/data/DATASETS/LJSpeech-1.1/wavs/LJ037-0068.wav,0
/data/DATASETS/LJSpeech-1.1/wavs/LJ038-0153.wav,0
/data/DATASETS/LJSpeech-1.1/wavs/LJ018-0065.wav,0
/data/DATASETS/LJSpeech-1.1/wavs/LJ032-0155.wav,0
/data/DATASETS/LJSpeech-1.1/wavs/LJ002-0013.wav,0
/data/DATASETS/LJSpeech-1.1/wavs/LJ048-0195.wav,0
/data/DATASETS/LJSpeech-1.1/wavs/LJ034-0176.wav,0
/data/DATASETS/LJSpeech-1.1/wavs/LJ046-0031.wav,0
/data/DATASETS/LJSpeech-1.1/wavs/LJ043-0027.wav,0
/data/DATASETS/LJSpeech-1.1/wavs/LJ011-0139.wav,0
/data/DATASETS/LJSpeech-1.1/wavs/LJ004-0007.wav,0
/data/DATASETS/LJSpeech-1.1/wavs/LJ024-0110.wav,0
/data/DATASETS/LJSpeech-1.1/wavs/LJ005-0105.wav,0
/data/DATASETS/LJSpeech-1.1/wavs/LJ028-0172.wav,0
/data/DATASETS/LJSpeech-1.1/wavs/LJ003-0039.wav,0
/data/DATASETS/LJSpeech-1.1/wavs/LJ005-0254.wav,0
/data/DATASETS/LJSpeech-1.1/wavs/LJ008-0091.wav,0
/data/DATASETS/LJSpeech-1.1/wavs/LJ048-0052.wav,0
/data/DATASETS/LJSpeech-1.1/wavs/LJ018-0087.wav,0
/data/DATASETS/LJSpeech-1.1/wavs/LJ036-0060.wav,0
/data/DATASETS/LJSpeech-1.1/wavs/LJ042-0046.wav,0
/data/DATASETS/LJSpeech-1.1/wavs/LJ012-0100.wav,0
/data/DATASETS/LJSpeech-1.1/wavs/LJ029-0102.wav,0
/data/DATASETS/LJSpeech-1.1/wavs/LJ009-0198.wav,0
/data/DATASETS/LJSpeech-1.1/wavs/LJ037-0247.wav,0
/data/DATASETS/LJSpeech-1.1/wavs/LJ007-0200.wav,0
/data/DATASETS/LJSpeech-1.1/wavs/LJ008-0073.wav,0
/data/DATASETS/LJSpeech-1.1/wavs/LJ025-0143.wav,0
/data/DATASETS/LJSpeech-1.1/wavs/LJ037-0241.wav,0
/data/DATASETS/LJSpeech-1.1/wavs/LJ018-0231.wav,0
/data/DATASETS/LJSpeech-1.1/wavs/LJ047-0138.wav,0
/data/DATASETS/LJSpeech-1.1/wavs/LJ010-0028.wav,0
/data/DATASETS/LJSpeech-1.1/wavs/LJ028-0468.wav,0
/data/DATASETS/LJSpeech-1.1/wavs/LJ016-0159.wav,0
/data/DATASETS/LJSpeech-1.1/wavs/LJ035-0079.wav,0
/data/DATASETS/LJSpeech-1.1/wavs/LJ011-0160.wav,0
/data/DATASETS/LJSpeech-1.1/wavs/LJ030-0110.wav,0
/data/DATASETS/LJSpeech-1.1/wavs/LJ008-0082.wav,0
/data/DATASETS/LJSpeech-1.1/wavs/LJ016-0129.wav,0
/data/DATASETS/LJSpeech-1.1/wavs/LJ008-0159.wav,0
/data/DATASETS/LJSpeech-1.1/wavs/LJ005-0029.wav,0
/data/DATASETS/LJSpeech-1.1/wavs/LJ031-0132.wav,0
/data/DATASETS/LJSpeech-1.1/wavs/LJ018-0070.wav,0
/data/DATASETS/LJSpeech-1.1/wavs/LJ033-0050.wav,0
/data/DATASETS/LJSpeech-1.1/wavs/LJ030-0043.wav,0
/data/DATASETS/LJSpeech-1.1/wavs/LJ039-0242.wav,0
/data/DATASETS/LJSpeech-1.1/wavs/LJ010-0283.wav,0
/data/DATASETS/LJSpeech-1.1/wavs/LJ004-0157.wav,0
/data/DATASETS/LJSpeech-1.1/wavs/LJ001-0066.wav,0
/data/DATASETS/LJSpeech-1.1/wavs/LJ045-0081.wav,0
/data/DATASETS/LJSpeech-1.1/wavs/LJ007-0224.wav,0
/data/DATASETS/LJSpeech-1.1/wavs/LJ022-0178.wav,0
/data/DATASETS/LJSpeech-1.1/wavs/LJ033-0166.wav,0
/data/DATASETS/LJSpeech-1.1/wavs/LJ038-0106.wav,0
/data/DATASETS/LJSpeech-1.1/wavs/LJ030-0074.wav,0
/data/DATASETS/LJSpeech-1.1/wavs/LJ010-0124.wav,0
/data/DATASETS/LJSpeech-1.1/wavs/LJ033-0137.wav,0
/data/DATASETS/LJSpeech-1.1/wavs/LJ040-0204.wav,0
/data/DATASETS/LJSpeech-1.1/wavs/LJ004-0135.wav,0
/data/DATASETS/LJSpeech-1.1/wavs/LJ019-0218.wav,0
/data/DATASETS/LJSpeech-1.1/wavs/LJ018-0301.wav,0
/data/DATASETS/LJSpeech-1.1/wavs/LJ018-0208.wav,0
/data/DATASETS/LJSpeech-1.1/wavs/LJ029-0182.wav,0
/data/DATASETS/LJSpeech-1.1/wavs/LJ037-0028.wav,0
/data/DATASETS/LJSpeech-1.1/wavs/LJ022-0004.wav,0
/data/DATASETS/LJSpeech-1.1/wavs/LJ045-0156.wav,0
/data/DATASETS/LJSpeech-1.1/wavs/LJ018-0158.wav,0
/data/DATASETS/LJSpeech-1.1/wavs/LJ019-0248.wav,0
/data/DATASETS/LJSpeech-1.1/wavs/LJ010-0269.wav,0
/data/DATASETS/LJSpeech-1.1/wavs/LJ042-0210.wav,0
/data/DATASETS/LJSpeech-1.1/wavs/LJ014-0077.wav,0
/data/DATASETS/LJSpeech-1.1/wavs/LJ002-0311.wav,0
/data/DATASETS/LJSpeech-1.1/wavs/LJ050-0133.wav,0
/data/DATASETS/LJSpeech-1.1/wavs/LJ040-0224.wav,0
/data/DATASETS/LJSpeech-1.1/wavs/LJ006-0216.wav,0
/data/DATASETS/LJSpeech-1.1/wavs/LJ046-0025.wav,0
/data/DATASETS/LJSpeech-1.1/wavs/LJ009-0150.wav,0
/data/DATASETS/LJSpeech-1.1/wavs/LJ019-0075.wav,0
/data/DATASETS/LJSpeech-1.1/wavs/LJ003-0032.wav,0
/data/DATASETS/LJSpeech-1.1/wavs/LJ002-0199.wav,0
/data/DATASETS/LJSpeech-1.1/wavs/LJ043-0094.wav,0
/data/DATASETS/LJSpeech-1.1/wavs/LJ050-0178.wav,0
/data/DATASETS/LJSpeech-1.1/wavs/LJ017-0105.wav,0
/data/DATASETS/LJSpeech-1.1/wavs/LJ026-0160.wav,0
/data/DATASETS/LJSpeech-1.1/wavs/LJ014-0165.wav,0
/data/DATASETS/LJSpeech-1.1/wavs/LJ028-0117.wav,0
/data/DATASETS/LJSpeech-1.1/wavs/LJ003-0137.wav,0
/data/DATASETS/LJSpeech-1.1/wavs/LJ034-0009.wav,0
/data/DATASETS/LJSpeech-1.1/wavs/LJ006-0046.wav,0
/data/DATASETS/LJSpeech-1.1/wavs/LJ028-0478.wav,0
/data/DATASETS/LJSpeech-1.1/wavs/LJ045-0183.wav,0
/data/DATASETS/LJSpeech-1.1/wavs/LJ011-0202.wav,0
/data/DATASETS/LJSpeech-1.1/wavs/LJ014-0052.wav,0
/data/DATASETS/LJSpeech-1.1/wavs/LJ045-0043.wav,0
/data/DATASETS/LJSpeech-1.1/wavs/LJ010-0281.wav,0
/data/DATASETS/LJSpeech-1.1/wavs/LJ028-0026.wav,0
/data/DATASETS/LJSpeech-1.1/wavs/LJ039-0099.wav,0
/data/DATASETS/LJSpeech-1.1/wavs/LJ019-0043.wav,0
/data/DATASETS/LJSpeech-1.1/wavs/LJ040-0114.wav,0
/data/DATASETS/LJSpeech-1.1/wavs/LJ021-0108.wav,0
/data/DATASETS/LJSpeech-1.1/wavs/LJ024-0062.wav,0
/data/DATASETS/LJSpeech-1.1/wavs/LJ007-0005.wav,0
/data/DATASETS/LJSpeech-1.1/wavs/LJ016-0261.wav,0
/data/DATASETS/LJSpeech-1.1/wavs/LJ037-0220.wav,0
/data/DATASETS/LJSpeech-1.1/wavs/LJ012-0036.wav,0
/data/DATASETS/LJSpeech-1.1/wavs/LJ041-0069.wav,0
/data/DATASETS/LJSpeech-1.1/wavs/LJ030-0229.wav,0
/data/DATASETS/LJSpeech-1.1/wavs/LJ012-0093.wav,0
/data/DATASETS/LJSpeech-1.1/wavs/LJ009-0286.wav,0
/data/DATASETS/LJSpeech-1.1/wavs/LJ048-0109.wav,0
/data/DATASETS/LJSpeech-1.1/wavs/LJ046-0217.wav,0
/data/DATASETS/LJSpeech-1.1/wavs/LJ026-0100.wav,0
/data/DATASETS/LJSpeech-1.1/wavs/LJ004-0067.wav,0
/data/DATASETS/LJSpeech-1.1/wavs/LJ033-0179.wav,0
/data/DATASETS/LJSpeech-1.1/wavs/LJ032-0080.wav,0
/data/DATASETS/LJSpeech-1.1/wavs/LJ050-0095.wav,0
/data/DATASETS/LJSpeech-1.1/wavs/LJ037-0061.wav,0
/data/DATASETS/LJSpeech-1.1/wavs/LJ039-0001.wav,0
/data/DATASETS/LJSpeech-1.1/wavs/LJ035-0202.wav,0
/data/DATASETS/LJSpeech-1.1/wavs/LJ021-0160.wav,0
/data/DATASETS/LJSpeech-1.1/wavs/LJ043-0039.wav,0
/data/DATASETS/LJSpeech-1.1/wavs/LJ017-0232.wav,0
/data/DATASETS/LJSpeech-1.1/wavs/LJ024-0060.wav,0
/data/DATASETS/LJSpeech-1.1/wavs/LJ019-0293.wav,0
/data/DATASETS/LJSpeech-1.1/wavs/LJ031-0026.wav,0
/data/DATASETS/LJSpeech-1.1/wavs/LJ018-0046.wav,0
/data/DATASETS/LJSpeech-1.1/wavs/LJ004-0156.wav,0
/data/DATASETS/LJSpeech-1.1/wavs/LJ050-0041.wav,0
/data/DATASETS/LJSpeech-1.1/wavs/LJ043-0178.wav,0
/data/DATASETS/LJSpeech-1.1/wavs/LJ008-0065.wav,0
/data/DATASETS/LJSpeech-1.1/wavs/LJ004-0187.wav,0
/data/DATASETS/LJSpeech-1.1/wavs/LJ021-0071.wav,0
/data/DATASETS/LJSpeech-1.1/wavs/LJ038-0186.wav,0
/data/DATASETS/LJSpeech-1.1/wavs/LJ017-0266.wav,0
/data/DATASETS/LJSpeech-1.1/wavs/LJ028-0475.wav,0
/data/DATASETS/LJSpeech-1.1/wavs/LJ017-0082.wav,0
/data/DATASETS/LJSpeech-1.1/wavs/LJ018-0176.wav,0
/data/DATASETS/LJSpeech-1.1/wavs/LJ043-0046.wav,0
/data/DATASETS/LJSpeech-1.1/wavs/LJ046-0126.wav,0
/data/DATASETS/LJSpeech-1.1/wavs/LJ050-0044.wav,0
/data/DATASETS/LJSpeech-1.1/wavs/LJ020-0084.wav,0
/data/DATASETS/LJSpeech-1.1/wavs/LJ035-0144.wav,0
/data/DATASETS/LJSpeech-1.1/wavs/LJ006-0105.wav,0
/data/DATASETS/LJSpeech-1.1/wavs/LJ037-0043.wav,0
/data/DATASETS/LJSpeech-1.1/wavs/LJ028-0453.wav,0
/data/DATASETS/LJSpeech-1.1/wavs/LJ009-0104.wav,0
/data/DATASETS/LJSpeech-1.1/wavs/LJ049-0079.wav,0
/data/DATASETS/LJSpeech-1.1/wavs/LJ043-0162.wav,0
/data/DATASETS/LJSpeech-1.1/wavs/LJ004-0043.wav,0
/data/DATASETS/LJSpeech-1.1/wavs/LJ019-0201.wav,0
/data/DATASETS/LJSpeech-1.1/wavs/LJ042-0083.wav,0
/data/DATASETS/LJSpeech-1.1/wavs/LJ018-0380.wav,0
/data/DATASETS/LJSpeech-1.1/wavs/LJ018-0371.wav,0
/data/DATASETS/LJSpeech-1.1/wavs/LJ041-0085.wav,0
/data/DATASETS/LJSpeech-1.1/wavs/LJ008-0157.wav,0
/data/DATASETS/LJSpeech-1.1/wavs/LJ046-0159.wav,0
/data/DATASETS/LJSpeech-1.1/wavs/LJ026-0045.wav,0
/data/DATASETS/LJSpeech-1.1/wavs/LJ027-0133.wav,0
/data/DATASETS/LJSpeech-1.1/wavs/LJ010-0120.wav,0
/data/DATASETS/LJSpeech-1.1/wavs/LJ019-0226.wav,0
/data/DATASETS/LJSpeech-1.1/wavs/LJ013-0098.wav,0
/data/DATASETS/LJSpeech-1.1/wavs/LJ017-0077.wav,0
/data/DATASETS/LJSpeech-1.1/wavs/LJ005-0003.wav,0
/data/DATASETS/LJSpeech-1.1/wavs/LJ032-0219.wav,0
/data/DATASETS/LJSpeech-1.1/wavs/LJ040-0117.wav,0
/data/DATASETS/LJSpeech-1.1/wavs/LJ005-0145.wav,0
/data/DATASETS/LJSpeech-1.1/wavs/LJ004-0047.wav,0
/data/DATASETS/LJSpeech-1.1/wavs/LJ018-0169.wav,0
/data/DATASETS/LJSpeech-1.1/wavs/LJ015-0277.wav,0
/data/DATASETS/LJSpeech-1.1/wavs/LJ030-0082.wav,0
/data/DATASETS/LJSpeech-1.1/wavs/LJ006-0014.wav,0
/data/DATASETS/LJSpeech-1.1/wavs/LJ008-0016.wav,0
/data/DATASETS/LJSpeech-1.1/wavs/LJ040-0113.wav,0
/data/DATASETS/LJSpeech-1.1/wavs/LJ026-0066.wav,0
/data/DATASETS/LJSpeech-1.1/wavs/LJ050-0147.wav,0
/data/DATASETS/LJSpeech-1.1/wavs/LJ029-0062.wav,0
/data/DATASETS/LJSpeech-1.1/wavs/LJ028-0033.wav,0
/data/DATASETS/LJSpeech-1.1/wavs/LJ041-0105.wav,0
/data/DATASETS/LJSpeech-1.1/wavs/LJ024-0133.wav,0
/data/DATASETS/LJSpeech-1.1/wavs/LJ011-0077.wav,0
/data/DATASETS/LJSpeech-1.1/wavs/LJ043-0061.wav,0
/data/DATASETS/LJSpeech-1.1/wavs/LJ034-0072.wav,0
/data/DATASETS/LJSpeech-1.1/wavs/LJ036-0021.wav,0
/data/DATASETS/LJSpeech-1.1/wavs/LJ018-0078.wav,0
/data/DATASETS/LJSpeech-1.1/wavs/LJ006-0086.wav,0
/data/DATASETS/LJSpeech-1.1/wavs/LJ048-0257.wav,0
/data/DATASETS/LJSpeech-1.1/wavs/LJ030-0125.wav,0
/data/DATASETS/LJSpeech-1.1/wavs/LJ018-0264.wav,0
/data/DATASETS/LJSpeech-1.1/wavs/LJ048-0161.wav,0
/data/DATASETS/LJSpeech-1.1/wavs/LJ018-0270.wav,0
/data/DATASETS/LJSpeech-1.1/wavs/LJ012-0233.wav,0
/data/DATASETS/LJSpeech-1.1/wavs/LJ045-0214.wav,0
/data/DATASETS/LJSpeech-1.1/wavs/LJ018-0015.wav,0
/data/DATASETS/LJSpeech-1.1/wavs/LJ041-0053.wav,0
/data/DATASETS/LJSpeech-1.1/wavs/LJ047-0171.wav,0
/data/DATASETS/LJSpeech-1.1/wavs/LJ009-0272.wav,0
/data/DATASETS/LJSpeech-1.1/wavs/LJ045-0090.wav,0
/data/DATASETS/LJSpeech-1.1/wavs/LJ020-0002.wav,0
/data/DATASETS/LJSpeech-1.1/wavs/LJ042-0065.wav,0
/data/DATASETS/LJSpeech-1.1/wavs/LJ020-0004.wav,0
/data/DATASETS/LJSpeech-1.1/wavs/LJ034-0063.wav,0
/data/DATASETS/LJSpeech-1.1/wavs/LJ045-0028.wav,0
/data/DATASETS/LJSpeech-1.1/wavs/LJ011-0276.wav,0
/data/DATASETS/LJSpeech-1.1/wavs/LJ046-0226.wav,0
/data/DATASETS/LJSpeech-1.1/wavs/LJ002-0024.wav,0
/data/DATASETS/LJSpeech-1.1/wavs/LJ044-0176.wav,0
/data/DATASETS/LJSpeech-1.1/wavs/LJ041-0097.wav,0
/data/DATASETS/LJSpeech-1.1/wavs/LJ010-0129.wav,0
/data/DATASETS/LJSpeech-1.1/wavs/LJ014-0046.wav,0
/data/DATASETS/LJSpeech-1.1/wavs/LJ017-0158.wav,0
/data/DATASETS/LJSpeech-1.1/wavs/LJ045-0111.wav,0
/data/DATASETS/LJSpeech-1.1/wavs/LJ028-0335.wav,0
/data/DATASETS/LJSpeech-1.1/wavs/LJ015-0136.wav,0
/data/DATASETS/LJSpeech-1.1/wavs/LJ015-0306.wav,0
/data/DATASETS/LJSpeech-1.1/wavs/LJ038-0250.wav,0
/data/DATASETS/LJSpeech-1.1/wavs/LJ048-0250.wav,0
/data/DATASETS/LJSpeech-1.1/wavs/LJ050-0090.wav,0
/data/DATASETS/LJSpeech-1.1/wavs/LJ044-0099.wav,0
/data/DATASETS/LJSpeech-1.1/wavs/LJ037-0165.wav,0
/data/DATASETS/LJSpeech-1.1/wavs/LJ008-0231.wav,0
/data/DATASETS/LJSpeech-1.1/wavs/LJ020-0009.wav,0
/data/DATASETS/LJSpeech-1.1/wavs/LJ030-0049.wav,0
/data/DATASETS/LJSpeech-1.1/wavs/LJ017-0156.wav,0
/data/DATASETS/LJSpeech-1.1/wavs/LJ022-0085.wav,0
/data/DATASETS/LJSpeech-1.1/wavs/LJ010-0297.wav,0
/data/DATASETS/LJSpeech-1.1/wavs/LJ029-0167.wav,0
/data/DATASETS/LJSpeech-1.1/wavs/LJ033-0048.wav,0
/data/DATASETS/LJSpeech-1.1/wavs/LJ030-0133.wav,0
/data/DATASETS/LJSpeech-1.1/wavs/LJ037-0138.wav,0
/data/DATASETS/LJSpeech-1.1/wavs/LJ011-0082.wav,0
/data/DATASETS/LJSpeech-1.1/wavs/LJ035-0104.wav,0
/data/DATASETS/LJSpeech-1.1/wavs/LJ046-0115.wav,0
/data/DATASETS/LJSpeech-1.1/wavs/LJ015-0049.wav,0
/data/DATASETS/LJSpeech-1.1/wavs/LJ019-0064.wav,0
/data/DATASETS/LJSpeech-1.1/wavs/LJ043-0101.wav,0
/data/DATASETS/LJSpeech-1.1/wavs/LJ021-0185.wav,0
/data/DATASETS/LJSpeech-1.1/wavs/LJ045-0089.wav,0
/data/DATASETS/LJSpeech-1.1/wavs/LJ006-0224.wav,0
/data/DATASETS/LJSpeech-1.1/wavs/LJ002-0208.wav,0
/data/DATASETS/LJSpeech-1.1/wavs/LJ030-0139.wav,0
/data/DATASETS/LJSpeech-1.1/wavs/LJ023-0001.wav,0
/data/DATASETS/LJSpeech-1.1/wavs/LJ010-0087.wav,0
/data/DATASETS/LJSpeech-1.1/wavs/LJ006-0252.wav,0
/data/DATASETS/LJSpeech-1.1/wavs/LJ019-0093.wav,0
/data/DATASETS/LJSpeech-1.1/wavs/LJ014-0191.wav,0
/data/DATASETS/LJSpeech-1.1/wavs/LJ014-0115.wav,0
/data/DATASETS/LJSpeech-1.1/wavs/LJ042-0235.wav,0
/data/DATASETS/LJSpeech-1.1/wavs/LJ017-0240.wav,0
/data/DATASETS/LJSpeech-1.1/wavs/LJ045-0047.wav,0
/data/DATASETS/LJSpeech-1.1/wavs/LJ016-0158.wav,0
/data/DATASETS/LJSpeech-1.1/wavs/LJ014-0164.wav,0
/data/DATASETS/LJSpeech-1.1/wavs/LJ005-0253.wav,0
/data/DATASETS/LJSpeech-1.1/wavs/LJ028-0266.wav,0
/data/DATASETS/LJSpeech-1.1/wavs/LJ011-0251.wav,0
/data/DATASETS/LJSpeech-1.1/wavs/LJ031-0015.wav,0
/data/DATASETS/LJSpeech-1.1/wavs/LJ018-0304.wav,0
/data/DATASETS/LJSpeech-1.1/wavs/LJ037-0117.wav,0
/data/DATASETS/LJSpeech-1.1/wavs/LJ038-0082.wav,0
/data/DATASETS/LJSpeech-1.1/wavs/LJ049-0204.wav,0
/data/DATASETS/LJSpeech-1.1/wavs/LJ009-0183.wav,0
/data/DATASETS/LJSpeech-1.1/wavs/LJ019-0192.wav,0
/data/DATASETS/LJSpeech-1.1/wavs/LJ019-0131.wav,0
/data/DATASETS/LJSpeech-1.1/wavs/LJ030-0058.wav,0
/data/DATASETS/LJSpeech-1.1/wavs/LJ008-0088.wav,0
/data/DATASETS/LJSpeech-1.1/wavs/LJ013-0135.wav,0
/data/DATASETS/LJSpeech-1.1/wavs/LJ035-0185.wav,0
/data/DATASETS/LJSpeech-1.1/wavs/LJ011-0200.wav,0
/data/DATASETS/LJSpeech-1.1/wavs/LJ037-0037.wav,0
/data/DATASETS/LJSpeech-1.1/wavs/LJ019-0258.wav,0
/data/DATASETS/LJSpeech-1.1/wavs/LJ008-0150.wav,0
/data/DATASETS/LJSpeech-1.1/wavs/LJ015-0212.wav,0
/data/DATASETS/LJSpeech-1.1/wavs/LJ017-0129.wav,0
/data/DATASETS/LJSpeech-1.1/wavs/LJ004-0151.wav,0
/data/DATASETS/LJSpeech-1.1/wavs/LJ046-0227.wav,0
/data/DATASETS/LJSpeech-1.1/wavs/LJ023-0141.wav,0
/data/DATASETS/LJSpeech-1.1/wavs/LJ002-0218.wav,0
/data/DATASETS/LJSpeech-1.1/wavs/LJ045-0046.wav,0
/data/DATASETS/LJSpeech-1.1/wavs/LJ031-0025.wav,0
/data/DATASETS/LJSpeech-1.1/wavs/LJ038-0236.wav,0
/data/DATASETS/LJSpeech-1.1/wavs/LJ028-0320.wav,0
/data/DATASETS/LJSpeech-1.1/wavs/LJ021-0085.wav,0
/data/DATASETS/LJSpeech-1.1/wavs/LJ023-0016.wav,0
/data/DATASETS/LJSpeech-1.1/wavs/LJ021-0061.wav,0
/data/DATASETS/LJSpeech-1.1/wavs/LJ018-0001.wav,0
/data/DATASETS/LJSpeech-1.1/wavs/LJ009-0166.wav,0
/data/DATASETS/LJSpeech-1.1/wavs/LJ007-0160.wav,0
/data/DATASETS/LJSpeech-1.1/wavs/LJ019-0139.wav,0
/data/DATASETS/LJSpeech-1.1/wavs/LJ049-0017.wav,0
/data/DATASETS/LJSpeech-1.1/wavs/LJ014-0069.wav,0
/data/DATASETS/LJSpeech-1.1/wavs/LJ031-0064.wav,0
/data/DATASETS/LJSpeech-1.1/wavs/LJ045-0236.wav,0
/data/DATASETS/LJSpeech-1.1/wavs/LJ003-0227.wav,0
/data/DATASETS/LJSpeech-1.1/wavs/LJ042-0044.wav,0
/data/DATASETS/LJSpeech-1.1/wavs/LJ008-0311.wav,0
/data/DATASETS/LJSpeech-1.1/wavs/LJ008-0008.wav,0
/data/DATASETS/LJSpeech-1.1/wavs/LJ042-0162.wav,0
/data/DATASETS/LJSpeech-1.1/wavs/LJ009-0034.wav,0
/data/DATASETS/LJSpeech-1.1/wavs/LJ028-0109.wav,0
/data/DATASETS/LJSpeech-1.1/wavs/LJ036-0016.wav,0
/data/DATASETS/LJSpeech-1.1/wavs/LJ043-0132.wav,0
/data/DATASETS/LJSpeech-1.1/wavs/LJ014-0163.wav,0
/data/DATASETS/LJSpeech-1.1/wavs/LJ040-0080.wav,0
/data/DATASETS/LJSpeech-1.1/wavs/LJ043-0159.wav,0
/data/DATASETS/LJSpeech-1.1/wavs/LJ009-0119.wav,0
/data/DATASETS/LJSpeech-1.1/wavs/LJ028-0318.wav,0
/data/DATASETS/LJSpeech-1.1/wavs/LJ031-0073.wav,0
/data/DATASETS/LJSpeech-1.1/wavs/LJ025-0098.wav,0
/data/DATASETS/LJSpeech-1.1/wavs/LJ037-0249.wav,0
/data/DATASETS/LJSpeech-1.1/wavs/LJ010-0148.wav,0
/data/DATASETS/LJSpeech-1.1/wavs/LJ033-0112.wav,0
/data/DATASETS/LJSpeech-1.1/wavs/LJ030-0014.wav,0
/data/DATASETS/LJSpeech-1.1/wavs/LJ028-0214.wav,0
/data/DATASETS/LJSpeech-1.1/wavs/LJ018-0217.wav,0
/data/DATASETS/LJSpeech-1.1/wavs/LJ008-0274.wav,0
/data/DATASETS/LJSpeech-1.1/wavs/LJ035-0128.wav,0
/data/DATASETS/LJSpeech-1.1/wavs/LJ025-0037.wav,0
/data/DATASETS/LJSpeech-1.1/wavs/LJ042-0186.wav,0
/data/DATASETS/LJSpeech-1.1/wavs/LJ030-0182.wav,0
/data/DATASETS/LJSpeech-1.1/wavs/LJ033-0124.wav,0
/data/DATASETS/LJSpeech-1.1/wavs/LJ037-0168.wav,0
/data/DATASETS/LJSpeech-1.1/wavs/LJ004-0147.wav,0
/data/DATASETS/LJSpeech-1.1/wavs/LJ028-0163.wav,0
/data/DATASETS/LJSpeech-1.1/wavs/LJ034-0066.wav,0
/data/DATASETS/LJSpeech-1.1/wavs/LJ047-0198.wav,0
/data/DATASETS/LJSpeech-1.1/wavs/LJ028-0059.wav,0
/data/DATASETS/LJSpeech-1.1/wavs/LJ041-0111.wav,0
/data/DATASETS/LJSpeech-1.1/wavs/LJ037-0129.wav,0
/data/DATASETS/LJSpeech-1.1/wavs/LJ010-0140.wav,0
/data/DATASETS/LJSpeech-1.1/wavs/LJ044-0014.wav,0
/data/DATASETS/LJSpeech-1.1/wavs/LJ040-0065.wav,0
/data/DATASETS/LJSpeech-1.1/wavs/LJ023-0129.wav,0
/data/DATASETS/LJSpeech-1.1/wavs/LJ028-0454.wav,0
/data/DATASETS/LJSpeech-1.1/wavs/LJ003-0152.wav,0
/data/DATASETS/LJSpeech-1.1/wavs/LJ002-0014.wav,0
/data/DATASETS/LJSpeech-1.1/wavs/LJ043-0118.wav,0
/data/DATASETS/LJSpeech-1.1/wavs/LJ041-0144.wav,0
/data/DATASETS/LJSpeech-1.1/wavs/LJ019-0304.wav,0
/data/DATASETS/LJSpeech-1.1/wavs/LJ028-0104.wav,0
/data/DATASETS/LJSpeech-1.1/wavs/LJ010-0015.wav,0
/data/DATASETS/LJSpeech-1.1/wavs/LJ011-0060.wav,0
/data/DATASETS/LJSpeech-1.1/wavs/LJ018-0349.wav,0
/data/DATASETS/LJSpeech-1.1/wavs/LJ029-0151.wav,0
/data/DATASETS/LJSpeech-1.1/wavs/LJ044-0048.wav,0
/data/DATASETS/LJSpeech-1.1/wavs/LJ048-0030.wav,0
/data/DATASETS/LJSpeech-1.1/wavs/LJ042-0158.wav,0
/data/DATASETS/LJSpeech-1.1/wavs/LJ037-0161.wav,0
/data/DATASETS/LJSpeech-1.1/wavs/LJ018-0332.wav,0
/data/DATASETS/LJSpeech-1.1/wavs/LJ045-0103.wav,0
/data/DATASETS/LJSpeech-1.1/wavs/LJ002-0145.wav,0
/data/DATASETS/LJSpeech-1.1/wavs/LJ006-0238.wav,0
/data/DATASETS/LJSpeech-1.1/wavs/LJ010-0317.wav,0
/data/DATASETS/LJSpeech-1.1/wavs/LJ005-0070.wav,0
/data/DATASETS/LJSpeech-1.1/wavs/LJ047-0200.wav,0
/data/DATASETS/LJSpeech-1.1/wavs/LJ005-0036.wav,0
/data/DATASETS/LJSpeech-1.1/wavs/LJ026-0149.wav,0
/data/DATASETS/LJSpeech-1.1/wavs/LJ050-0183.wav,0
/data/DATASETS/LJSpeech-1.1/wavs/LJ016-0432.wav,0
/data/DATASETS/LJSpeech-1.1/wavs/LJ015-0215.wav,0
/data/DATASETS/LJSpeech-1.1/wavs/LJ038-0059.wav,0
/data/DATASETS/LJSpeech-1.1/wavs/LJ016-0194.wav,0
/data/DATASETS/LJSpeech-1.1/wavs/LJ029-0036.wav,0
/data/DATASETS/LJSpeech-1.1/wavs/LJ020-0063.wav,0
/data/DATASETS/LJSpeech-1.1/wavs/LJ005-0121.wav,0
/data/DATASETS/LJSpeech-1.1/wavs/LJ013-0004.wav,0
/data/DATASETS/LJSpeech-1.1/wavs/LJ029-0030.wav,0
/data/DATASETS/LJSpeech-1.1/wavs/LJ007-0227.wav,0
/data/DATASETS/LJSpeech-1.1/wavs/LJ005-0019.wav,0
/data/DATASETS/LJSpeech-1.1/wavs/LJ050-0142.wav,0
/data/DATASETS/LJSpeech-1.1/wavs/LJ043-0069.wav,0
/data/DATASETS/LJSpeech-1.1/wavs/LJ030-0160.wav,0
/data/DATASETS/LJSpeech-1.1/wavs/LJ040-0062.wav,0
/data/DATASETS/LJSpeech-1.1/wavs/LJ006-0175.wav,0
/data/DATASETS/LJSpeech-1.1/wavs/LJ033-0174.wav,0
/data/DATASETS/LJSpeech-1.1/wavs/LJ042-0175.wav,0
/data/DATASETS/LJSpeech-1.1/wavs/LJ017-0233.wav,0
/data/DATASETS/LJSpeech-1.1/wavs/LJ045-0048.wav,0
/data/DATASETS/LJSpeech-1.1/wavs/LJ001-0030.wav,0
/data/DATASETS/LJSpeech-1.1/wavs/LJ017-0194.wav,0
/data/DATASETS/LJSpeech-1.1/wavs/LJ038-0122.wav,0
/data/DATASETS/LJSpeech-1.1/wavs/LJ007-0223.wav,0
/data/DATASETS/LJSpeech-1.1/wavs/LJ002-0171.wav,0
/data/DATASETS/LJSpeech-1.1/wavs/LJ019-0186.wav,0
/data/DATASETS/LJSpeech-1.1/wavs/LJ037-0193.wav,0
/data/DATASETS/LJSpeech-1.1/wavs/LJ041-0100.wav,0
/data/DATASETS/LJSpeech-1.1/wavs/LJ002-0227.wav,0
/data/DATASETS/LJSpeech-1.1/wavs/LJ001-0137.wav,0
/data/DATASETS/LJSpeech-1.1/wavs/LJ006-0080.wav,0
/data/DATASETS/LJSpeech-1.1/wavs/LJ003-0175.wav,0
/data/DATASETS/LJSpeech-1.1/wavs/LJ037-0214.wav,0
/data/DATASETS/LJSpeech-1.1/wavs/LJ006-0001.wav,0
/data/DATASETS/LJSpeech-1.1/wavs/LJ015-0003.wav,0
/data/DATASETS/LJSpeech-1.1/wavs/LJ029-0035.wav,0
/data/DATASETS/LJSpeech-1.1/wavs/LJ036-0007.wav,0
/data/DATASETS/LJSpeech-1.1/wavs/LJ032-0081.wav,0
/data/DATASETS/LJSpeech-1.1/wavs/LJ001-0162.wav,0
/data/DATASETS/LJSpeech-1.1/wavs/LJ047-0041.wav,0
/data/DATASETS/LJSpeech-1.1/wavs/LJ031-0199.wav,0
/data/DATASETS/LJSpeech-1.1/wavs/LJ016-0043.wav,0
/data/DATASETS/LJSpeech-1.1/wavs/LJ010-0116.wav,0
/data/DATASETS/LJSpeech-1.1/wavs/LJ011-0170.wav,0
/data/DATASETS/LJSpeech-1.1/wavs/LJ010-0130.wav,0
/data/DATASETS/LJSpeech-1.1/wavs/LJ016-0237.wav,0
/data/DATASETS/LJSpeech-1.1/wavs/LJ028-0451.wav,0
/data/DATASETS/LJSpeech-1.1/wavs/LJ016-0235.wav,0
/data/DATASETS/LJSpeech-1.1/wavs/LJ028-0027.wav,0
/data/DATASETS/LJSpeech-1.1/wavs/LJ028-0429.wav,0
/data/DATASETS/LJSpeech-1.1/wavs/LJ048-0221.wav,0
/data/DATASETS/LJSpeech-1.1/wavs/LJ019-0143.wav,0
/data/DATASETS/LJSpeech-1.1/wavs/LJ003-0205.wav,0
/data/DATASETS/LJSpeech-1.1/wavs/LJ032-0158.wav,0
/data/DATASETS/LJSpeech-1.1/wavs/LJ045-0193.wav,0
/data/DATASETS/LJSpeech-1.1/wavs/LJ003-0034.wav,0
/data/DATASETS/LJSpeech-1.1/wavs/LJ003-0322.wav,0
/data/DATASETS/LJSpeech-1.1/wavs/LJ012-0075.wav,0
/data/DATASETS/LJSpeech-1.1/wavs/LJ035-0159.wav,0
/data/DATASETS/LJSpeech-1.1/wavs/LJ037-0094.wav,0
/data/DATASETS/LJSpeech-1.1/wavs/LJ031-0012.wav,0
/data/DATASETS/LJSpeech-1.1/wavs/LJ044-0047.wav,0
/data/DATASETS/LJSpeech-1.1/wavs/LJ006-0166.wav,0
/data/DATASETS/LJSpeech-1.1/wavs/LJ009-0226.wav,0
/data/DATASETS/LJSpeech-1.1/wavs/LJ014-0302.wav,0
/data/DATASETS/LJSpeech-1.1/wavs/LJ003-0349.wav,0
/data/DATASETS/LJSpeech-1.1/wavs/LJ007-0099.wav,0
/data/DATASETS/LJSpeech-1.1/wavs/LJ029-0156.wav,0
/data/DATASETS/LJSpeech-1.1/wavs/LJ038-0001.wav,0
/data/DATASETS/LJSpeech-1.1/wavs/LJ033-0054.wav,0
/data/DATASETS/LJSpeech-1.1/wavs/LJ034-0020.wav,0
/data/DATASETS/LJSpeech-1.1/wavs/LJ008-0318.wav,0
/data/DATASETS/LJSpeech-1.1/wavs/LJ033-0040.wav,0
/data/DATASETS/LJSpeech-1.1/wavs/LJ012-0219.wav,0
/data/DATASETS/LJSpeech-1.1/wavs/LJ037-0056.wav,0
/data/DATASETS/LJSpeech-1.1/wavs/LJ022-0139.wav,0
/data/DATASETS/LJSpeech-1.1/wavs/LJ003-0033.wav,0
/data/DATASETS/LJSpeech-1.1/wavs/LJ013-0016.wav,0
/data/DATASETS/LJSpeech-1.1/wavs/LJ013-0039.wav,0
/data/DATASETS/LJSpeech-1.1/wavs/LJ016-0231.wav,0
/data/DATASETS/LJSpeech-1.1/wavs/LJ014-0049.wav,0
/data/DATASETS/LJSpeech-1.1/wavs/LJ019-0044.wav,0
/data/DATASETS/LJSpeech-1.1/wavs/LJ030-0044.wav,0
/data/DATASETS/LJSpeech-1.1/wavs/LJ034-0164.wav,0
/data/DATASETS/LJSpeech-1.1/wavs/LJ001-0037.wav,0
/data/DATASETS/LJSpeech-1.1/wavs/LJ037-0206.wav,0
/data/DATASETS/LJSpeech-1.1/wavs/LJ046-0168.wav,0
/data/DATASETS/LJSpeech-1.1/wavs/LJ020-0081.wav,0
/data/DATASETS/LJSpeech-1.1/wavs/LJ042-0218.wav,0
/data/DATASETS/LJSpeech-1.1/wavs/LJ049-0088.wav,0
/data/DATASETS/LJSpeech-1.1/wavs/LJ019-0207.wav,0
/data/DATASETS/LJSpeech-1.1/wavs/LJ014-0025.wav,0
/data/DATASETS/LJSpeech-1.1/wavs/LJ016-0390.wav,0
/data/DATASETS/LJSpeech-1.1/wavs/LJ028-0263.wav,0
/data/DATASETS/LJSpeech-1.1/wavs/LJ034-0062.wav,0
/data/DATASETS/LJSpeech-1.1/wavs/LJ041-0049.wav,0
/data/DATASETS/LJSpeech-1.1/wavs/LJ023-0091.wav,0
/data/DATASETS/LJSpeech-1.1/wavs/LJ021-0043.wav,0
/data/DATASETS/LJSpeech-1.1/wavs/LJ017-0267.wav,0
/data/DATASETS/LJSpeech-1.1/wavs/LJ038-0274.wav,0
/data/DATASETS/LJSpeech-1.1/wavs/LJ046-0017.wav,0
/data/DATASETS/LJSpeech-1.1/wavs/LJ049-0226.wav,0
/data/DATASETS/LJSpeech-1.1/wavs/LJ002-0157.wav,0
/data/DATASETS/LJSpeech-1.1/wavs/LJ029-0087.wav,0
/data/DATASETS/LJSpeech-1.1/wavs/LJ019-0228.wav,0
/data/DATASETS/LJSpeech-1.1/wavs/LJ012-0131.wav,0
/data/DATASETS/LJSpeech-1.1/wavs/LJ027-0116.wav,0
/data/DATASETS/LJSpeech-1.1/wavs/LJ017-0251.wav,0
/data/DATASETS/LJSpeech-1.1/wavs/LJ014-0275.wav,0
/data/DATASETS/LJSpeech-1.1/wavs/LJ002-0281.wav,0
/data/DATASETS/LJSpeech-1.1/wavs/LJ030-0165.wav,0
/data/DATASETS/LJSpeech-1.1/wavs/LJ050-0174.wav,0
/data/DATASETS/LJSpeech-1.1/wavs/LJ020-0070.wav,0
/data/DATASETS/LJSpeech-1.1/wavs/LJ008-0300.wav,0
/data/DATASETS/LJSpeech-1.1/wavs/LJ028-0046.wav,0
/data/DATASETS/LJSpeech-1.1/wavs/LJ049-0171.wav,0
/data/DATASETS/LJSpeech-1.1/wavs/LJ028-0119.wav,0
/data/DATASETS/LJSpeech-1.1/wavs/LJ021-0115.wav,0
/data/DATASETS/LJSpeech-1.1/wavs/LJ013-0175.wav,0
/data/DATASETS/LJSpeech-1.1/wavs/LJ003-0105.wav,0
/data/DATASETS/LJSpeech-1.1/wavs/LJ010-0024.wav,0
/data/DATASETS/LJSpeech-1.1/wavs/LJ009-0030.wav,0
/data/DATASETS/LJSpeech-1.1/wavs/LJ015-0298.wav,0
/data/DATASETS/LJSpeech-1.1/wavs/LJ028-0310.wav,0
/data/DATASETS/LJSpeech-1.1/wavs/LJ017-0162.wav,0
/data/DATASETS/LJSpeech-1.1/wavs/LJ015-0116.wav,0
/data/DATASETS/LJSpeech-1.1/wavs/LJ018-0207.wav,0
/data/DATASETS/LJSpeech-1.1/wavs/LJ025-0060.wav,0
/data/DATASETS/LJSpeech-1.1/wavs/LJ010-0275.wav,0
/data/DATASETS/LJSpeech-1.1/wavs/LJ019-0176.wav,0
/data/DATASETS/LJSpeech-1.1/wavs/LJ009-0028.wav,0
/data/DATASETS/LJSpeech-1.1/wavs/LJ040-0037.wav,0
/data/DATASETS/LJSpeech-1.1/wavs/LJ010-0174.wav,0
/data/DATASETS/LJSpeech-1.1/wavs/LJ049-0087.wav,0
/data/DATASETS/LJSpeech-1.1/wavs/LJ035-0011.wav,0
/data/DATASETS/LJSpeech-1.1/wavs/LJ046-0241.wav,0
/data/DATASETS/LJSpeech-1.1/wavs/LJ016-0384.wav,0
/data/DATASETS/LJSpeech-1.1/wavs/LJ031-0183.wav,0
/data/DATASETS/LJSpeech-1.1/wavs/LJ014-0322.wav,0
/data/DATASETS/LJSpeech-1.1/wavs/LJ016-0297.wav,0
/data/DATASETS/LJSpeech-1.1/wavs/LJ036-0169.wav,0
/data/DATASETS/LJSpeech-1.1/wavs/LJ048-0045.wav,0
/data/DATASETS/LJSpeech-1.1/wavs/LJ049-0191.wav,0
/data/DATASETS/LJSpeech-1.1/wavs/LJ009-0242.wav,0
/data/DATASETS/LJSpeech-1.1/wavs/LJ034-0112.wav,0
/data/DATASETS/LJSpeech-1.1/wavs/LJ044-0232.wav,0
/data/DATASETS/LJSpeech-1.1/wavs/LJ039-0143.wav,0
/data/DATASETS/LJSpeech-1.1/wavs/LJ035-0078.wav,0
/data/DATASETS/LJSpeech-1.1/wavs/LJ010-0213.wav,0
/data/DATASETS/LJSpeech-1.1/wavs/LJ036-0195.wav,0
/data/DATASETS/LJSpeech-1.1/wavs/LJ008-0105.wav,0
/data/DATASETS/LJSpeech-1.1/wavs/LJ016-0383.wav,0
/data/DATASETS/LJSpeech-1.1/wavs/LJ028-0513.wav,0
/data/DATASETS/LJSpeech-1.1/wavs/LJ032-0210.wav,0
/data/DATASETS/LJSpeech-1.1/wavs/LJ012-0169.wav,0
/data/DATASETS/LJSpeech-1.1/wavs/LJ014-0243.wav,0
/data/DATASETS/LJSpeech-1.1/wavs/LJ050-0253.wav,0
/data/DATASETS/LJSpeech-1.1/wavs/LJ012-0103.wav,0
/data/DATASETS/LJSpeech-1.1/wavs/LJ003-0328.wav,0
/data/DATASETS/LJSpeech-1.1/wavs/LJ023-0012.wav,0
/data/DATASETS/LJSpeech-1.1/wavs/LJ021-0068.wav,0
/data/DATASETS/LJSpeech-1.1/wavs/LJ015-0045.wav,0
/data/DATASETS/LJSpeech-1.1/wavs/LJ019-0364.wav,0
/data/DATASETS/LJSpeech-1.1/wavs/LJ024-0121.wav,0
/data/DATASETS/LJSpeech-1.1/wavs/LJ037-0099.wav,0
/data/DATASETS/LJSpeech-1.1/wavs/LJ034-0182.wav,0
/data/DATASETS/LJSpeech-1.1/wavs/LJ009-0246.wav,0
/data/DATASETS/LJSpeech-1.1/wavs/LJ023-0041.wav,0
/data/DATASETS/LJSpeech-1.1/wavs/LJ040-0192.wav,0
/data/DATASETS/LJSpeech-1.1/wavs/LJ014-0328.wav,0
/data/DATASETS/LJSpeech-1.1/wavs/LJ038-0211.wav,0
/data/DATASETS/LJSpeech-1.1/wavs/LJ025-0095.wav,0
/data/DATASETS/LJSpeech-1.1/wavs/LJ030-0244.wav,0
/data/DATASETS/LJSpeech-1.1/wavs/LJ026-0131.wav,0
/data/DATASETS/LJSpeech-1.1/wavs/LJ022-0135.wav,0
/data/DATASETS/LJSpeech-1.1/wavs/LJ008-0253.wav,0
/data/DATASETS/LJSpeech-1.1/wavs/LJ010-0169.wav,0
/data/DATASETS/LJSpeech-1.1/wavs/LJ040-0240.wav,0
/data/DATASETS/LJSpeech-1.1/wavs/LJ030-0076.wav,0
/data/DATASETS/LJSpeech-1.1/wavs/LJ027-0122.wav,0
/data/DATASETS/LJSpeech-1.1/wavs/LJ036-0218.wav,0
/data/DATASETS/LJSpeech-1.1/wavs/LJ009-0029.wav,0
/data/DATASETS/LJSpeech-1.1/wavs/LJ025-0068.wav,0
/data/DATASETS/LJSpeech-1.1/wavs/LJ015-0257.wav,0
/data/DATASETS/LJSpeech-1.1/wavs/LJ029-0099.wav,0
/data/DATASETS/LJSpeech-1.1/wavs/LJ001-0029.wav,0
/data/DATASETS/LJSpeech-1.1/wavs/LJ018-0255.wav,0
/data/DATASETS/LJSpeech-1.1/wavs/LJ046-0071.wav,0
/data/DATASETS/LJSpeech-1.1/wavs/LJ036-0126.wav,0
/data/DATASETS/LJSpeech-1.1/wavs/LJ028-0239.wav,0
/data/DATASETS/LJSpeech-1.1/wavs/LJ037-0202.wav,0
/data/DATASETS/LJSpeech-1.1/wavs/LJ003-0289.wav,0
/data/DATASETS/LJSpeech-1.1/wavs/LJ002-0179.wav,0
/data/DATASETS/LJSpeech-1.1/wavs/LJ012-0229.wav,0
/data/DATASETS/LJSpeech-1.1/wavs/LJ034-0021.wav,0
/data/DATASETS/LJSpeech-1.1/wavs/LJ011-0128.wav,0
/data/DATASETS/LJSpeech-1.1/wavs/LJ034-0018.wav,0
/data/DATASETS/LJSpeech-1.1/wavs/LJ047-0035.wav,0
/data/DATASETS/LJSpeech-1.1/wavs/LJ039-0064.wav,0
/data/DATASETS/LJSpeech-1.1/wavs/LJ002-0064.wav,0
/data/DATASETS/LJSpeech-1.1/wavs/LJ047-0158.wav,0
/data/DATASETS/LJSpeech-1.1/wavs/LJ030-0065.wav,0
/data/DATASETS/LJSpeech-1.1/wavs/LJ007-0028.wav,0
/data/DATASETS/LJSpeech-1.1/wavs/LJ003-0065.wav,0
/data/DATASETS/LJSpeech-1.1/wavs/LJ011-0084.wav,0
/data/DATASETS/LJSpeech-1.1/wavs/LJ006-0298.wav,0
/data/DATASETS/LJSpeech-1.1/wavs/LJ038-0131.wav,0
/data/DATASETS/LJSpeech-1.1/wavs/LJ026-0042.wav,0
/data/DATASETS/LJSpeech-1.1/wavs/LJ010-0254.wav,0
/data/DATASETS/LJSpeech-1.1/wavs/LJ028-0373.wav,0
/data/DATASETS/LJSpeech-1.1/wavs/LJ013-0062.wav,0
/data/DATASETS/LJSpeech-1.1/wavs/LJ038-0127.wav,0
/data/DATASETS/LJSpeech-1.1/wavs/LJ002-0186.wav,0
/data/DATASETS/LJSpeech-1.1/wavs/LJ005-0050.wav,0
/data/DATASETS/LJSpeech-1.1/wavs/LJ023-0118.wav,0
/data/DATASETS/LJSpeech-1.1/wavs/LJ014-0250.wav,0
/data/DATASETS/LJSpeech-1.1/wavs/LJ045-0200.wav,0
/data/DATASETS/LJSpeech-1.1/wavs/LJ043-0121.wav,0
/data/DATASETS/LJSpeech-1.1/wavs/LJ001-0148.wav,0
/data/DATASETS/LJSpeech-1.1/wavs/LJ045-0218.wav,0
/data/DATASETS/LJSpeech-1.1/wavs/LJ049-0069.wav,0
/data/DATASETS/LJSpeech-1.1/wavs/LJ018-0259.wav,0
/data/DATASETS/LJSpeech-1.1/wavs/LJ050-0251.wav,0
/data/DATASETS/LJSpeech-1.1/wavs/LJ029-0179.wav,0
/data/DATASETS/LJSpeech-1.1/wavs/LJ023-0107.wav,0
/data/DATASETS/LJSpeech-1.1/wavs/LJ012-0197.wav,0
/data/DATASETS/LJSpeech-1.1/wavs/LJ019-0270.wav,0
/data/DATASETS/LJSpeech-1.1/wavs/LJ008-0041.wav,0
/data/DATASETS/LJSpeech-1.1/wavs/LJ003-0069.wav,0
