path,label
/data/DATASETS/CodecFake/train/F01_SSB01490413.wav,1
/data/DATASETS/CodecFake/train/F01_SSB00380325.wav,1
/data/DATASETS/CodecFake/train/F01_p314_253.wav,1
/data/DATASETS/CodecFake/train/F01_SSB10960393.wav,1
/data/DATASETS/CodecFake/train/F01_p251_047.wav,1
/data/DATASETS/CodecFake/train/F01_SSB17590020.wav,1
/data/DATASETS/CodecFake/train/F01_p262_005.wav,1
/data/DATASETS/CodecFake/train/F01_p236_277.wav,1
/data/DATASETS/CodecFake/train/F01_SSB13020480.wav,1
/data/DATASETS/CodecFake/train/F01_SSB09130157.wav,1
/data/DATASETS/CodecFake/train/F01_SSB03380328.wav,1
/data/DATASETS/CodecFake/train/F01_SSB13650478.wav,1
/data/DATASETS/CodecFake/train/F01_p311_040.wav,1
/data/DATASETS/CodecFake/train/F01_SSB07170152.wav,1
/data/DATASETS/CodecFake/train/F01_SSB00120069.wav,1
/data/DATASETS/CodecFake/train/F01_SSB00160384.wav,1
/data/DATASETS/CodecFake/train/F01_SSB07200418.wav,1
/data/DATASETS/CodecFake/train/F01_SSB09970298.wav,1
/data/DATASETS/CodecFake/train/F01_SSB07510086.wav,1
/data/DATASETS/CodecFake/train/F01_SSB11150379.wav,1
/data/DATASETS/CodecFake/train/F01_p265_081.wav,1
/data/DATASETS/CodecFake/train/F01_SSB06660343.wav,1
/data/DATASETS/CodecFake/train/F01_SSB03410021.wav,1
/data/DATASETS/CodecFake/train/F01_p229_097.wav,1
/data/DATASETS/CodecFake/train/F01_p298_371.wav,1
/data/DATASETS/CodecFake/train/F01_SSB03750477.wav,1
/data/DATASETS/CodecFake/train/F01_SSB09130194.wav,1
/data/DATASETS/CodecFake/train/F01_p311_248.wav,1
/data/DATASETS/CodecFake/train/F01_SSB03800071.wav,1
/data/DATASETS/CodecFake/train/F01_SSB15670419.wav,1
/data/DATASETS/CodecFake/train/F01_p316_422.wav,1
/data/DATASETS/CodecFake/train/F01_SSB07840070.wav,1
/data/DATASETS/CodecFake/train/F01_SSB18910379.wav,1
/data/DATASETS/CodecFake/train/F01_SSB10560227.wav,1
/data/DATASETS/CodecFake/train/F01_SSB05340071.wav,1
/data/DATASETS/CodecFake/train/F01_p261_128.wav,1
/data/DATASETS/CodecFake/train/F01_p313_006.wav,1
/data/DATASETS/CodecFake/train/F01_SSB14310374.wav,1
/data/DATASETS/CodecFake/train/F01_p299_377.wav,1
/data/DATASETS/CodecFake/train/F01_p257_283.wav,1
/data/DATASETS/CodecFake/train/F01_SSB01970086.wav,1
/data/DATASETS/CodecFake/train/F01_SSB13820343.wav,1
/data/DATASETS/CodecFake/train/F01_SSB09130256.wav,1
/data/DATASETS/CodecFake/train/F01_p231_163.wav,1
/data/DATASETS/CodecFake/train/F01_SSB05990211.wav,1
/data/DATASETS/CodecFake/train/F01_SSB06090206.wav,1
/data/DATASETS/CodecFake/train/F01_p239_260.wav,1
/data/DATASETS/CodecFake/train/F01_SSB13930362.wav,1
/data/DATASETS/CodecFake/train/F01_SSB07200291.wav,1
/data/DATASETS/CodecFake/train/F01_SSB03950272.wav,1
/data/DATASETS/CodecFake/train/F01_SSB07200181.wav,1
/data/DATASETS/CodecFake/train/F01_SSB13820212.wav,1
/data/DATASETS/CodecFake/train/F01_SSB12210088.wav,1
/data/DATASETS/CodecFake/train/F01_SSB12160134.wav,1
/data/DATASETS/CodecFake/train/F01_SSB02000187.wav,1
/data/DATASETS/CodecFake/train/F01_SSB07230183.wav,1
/data/DATASETS/CodecFake/train/F01_p231_140.wav,1
/data/DATASETS/CodecFake/train/F01_SSB07780413.wav,1
/data/DATASETS/CodecFake/train/F01_SSB19390420.wav,1
/data/DATASETS/CodecFake/train/F01_SSB06030189.wav,1
/data/DATASETS/CodecFake/train/F01_SSB10720214.wav,1
/data/DATASETS/CodecFake/train/F01_SSB10560344.wav,1
/data/DATASETS/CodecFake/train/F01_SSB03380405.wav,1
/data/DATASETS/CodecFake/train/F01_SSB02460425.wav,1
/data/DATASETS/CodecFake/train/F01_SSB14080261.wav,1
/data/DATASETS/CodecFake/train/F01_SSB08870288.wav,1
/data/DATASETS/CodecFake/train/F01_SSB18100100.wav,1
/data/DATASETS/CodecFake/train/F01_p232_125.wav,1
/data/DATASETS/CodecFake/train/F01_SSB07020250.wav,1
/data/DATASETS/CodecFake/train/F01_SSB09870474.wav,1
/data/DATASETS/CodecFake/train/F01_SSB09130447.wav,1
/data/DATASETS/CodecFake/train/F01_SSB11150225.wav,1
/data/DATASETS/CodecFake/train/F01_SSB03540051.wav,1
/data/DATASETS/CodecFake/train/F01_SSB11000416.wav,1
/data/DATASETS/CodecFake/train/F01_p295_031.wav,1
/data/DATASETS/CodecFake/train/F01_p326_114.wav,1
/data/DATASETS/CodecFake/train/F01_SSB18310437.wav,1
/data/DATASETS/CodecFake/train/F01_SSB16500368.wav,1
/data/DATASETS/CodecFake/train/F01_SSB01930339.wav,1
/data/DATASETS/CodecFake/train/F01_p245_130.wav,1
/data/DATASETS/CodecFake/train/F01_SSB07200253.wav,1
/data/DATASETS/CodecFake/train/F01_SSB09660509.wav,1
/data/DATASETS/CodecFake/train/F01_SSB00110148.wav,1
/data/DATASETS/CodecFake/train/F01_SSB19350144.wav,1
/data/DATASETS/CodecFake/train/F01_SSB19350364.wav,1
/data/DATASETS/CodecFake/train/F01_p239_339.wav,1
/data/DATASETS/CodecFake/train/F01_SSB00090448.wav,1
/data/DATASETS/CodecFake/train/F01_SSB02730365.wav,1
/data/DATASETS/CodecFake/train/F01_p285_094.wav,1
/data/DATASETS/CodecFake/train/F01_SSB10960166.wav,1
/data/DATASETS/CodecFake/train/F01_p250_236.wav,1
/data/DATASETS/CodecFake/train/F01_SSB07620233.wav,1
/data/DATASETS/CodecFake/train/F01_SSB19180417.wav,1
/data/DATASETS/CodecFake/train/F01_SSB13410215.wav,1
/data/DATASETS/CodecFake/train/F01_SSB08630207.wav,1
/data/DATASETS/CodecFake/train/F01_SSB12740426.wav,1
/data/DATASETS/CodecFake/train/F01_p265_112.wav,1
/data/DATASETS/CodecFake/train/F01_SSB15750267.wav,1
/data/DATASETS/CodecFake/train/F01_SSB18910067.wav,1
/data/DATASETS/CodecFake/train/F01_SSB09350379.wav,1
/data/DATASETS/CodecFake/train/F01_SSB02610265.wav,1
/data/DATASETS/CodecFake/train/F01_p234_088.wav,1
/data/DATASETS/CodecFake/train/F01_p351_311.wav,1
/data/DATASETS/CodecFake/train/F01_SSB10000447.wav,1
/data/DATASETS/CodecFake/train/F01_SSB18100328.wav,1
/data/DATASETS/CodecFake/train/F01_SSB06090150.wav,1
/data/DATASETS/CodecFake/train/F01_p231_062.wav,1
/data/DATASETS/CodecFake/train/F01_SSB04350359.wav,1
/data/DATASETS/CodecFake/train/F01_SSB07200383.wav,1
/data/DATASETS/CodecFake/train/F01_SSB11100089.wav,1
/data/DATASETS/CodecFake/train/F01_SSB03950100.wav,1
/data/DATASETS/CodecFake/train/F01_SSB01930178.wav,1
/data/DATASETS/CodecFake/train/F01_p257_108.wav,1
/data/DATASETS/CodecFake/train/F01_SSB10910221.wav,1
/data/DATASETS/CodecFake/train/F01_p280_088.wav,1
/data/DATASETS/CodecFake/train/F01_SSB07370435.wav,1
/data/DATASETS/CodecFake/train/F01_p341_323.wav,1
/data/DATASETS/CodecFake/train/F01_SSB04350354.wav,1
/data/DATASETS/CodecFake/train/F01_SSB00090455.wav,1
/data/DATASETS/CodecFake/train/F01_SSB15930289.wav,1
/data/DATASETS/CodecFake/train/F01_SSB07160426.wav,1
/data/DATASETS/CodecFake/train/F01_SSB07360447.wav,1
/data/DATASETS/CodecFake/train/F01_p257_297.wav,1
/data/DATASETS/CodecFake/train/F01_p334_329.wav,1
/data/DATASETS/CodecFake/train/F01_p264_422.wav,1
/data/DATASETS/CodecFake/train/F01_SSB03380335.wav,1
/data/DATASETS/CodecFake/train/F01_SSB07110501.wav,1
/data/DATASETS/CodecFake/train/F01_SSB03070009.wav,1
/data/DATASETS/CodecFake/train/F01_p244_162.wav,1
/data/DATASETS/CodecFake/train/F01_SSB05780041.wav,1
/data/DATASETS/CodecFake/train/F01_SSB07860123.wav,1
/data/DATASETS/CodecFake/train/F01_p231_418.wav,1
/data/DATASETS/CodecFake/train/F01_SSB11100446.wav,1
/data/DATASETS/CodecFake/train/F01_SSB05440276.wav,1
/data/DATASETS/CodecFake/train/F01_p231_325.wav,1
/data/DATASETS/CodecFake/train/F01_p280_184.wav,1
/data/DATASETS/CodecFake/train/F01_p323_073.wav,1
/data/DATASETS/CodecFake/train/F01_SSB15550128.wav,1
/data/DATASETS/CodecFake/train/F01_SSB07510001.wav,1
/data/DATASETS/CodecFake/train/F01_SSB12040494.wav,1
/data/DATASETS/CodecFake/train/F01_p243_120.wav,1
/data/DATASETS/CodecFake/train/F01_SSB07580075.wav,1
/data/DATASETS/CodecFake/train/F01_SSB09970397.wav,1
/data/DATASETS/CodecFake/train/F01_SSB07490298.wav,1
/data/DATASETS/CodecFake/train/F01_SSB13850200.wav,1
/data/DATASETS/CodecFake/train/F01_SSB11350047.wav,1
/data/DATASETS/CodecFake/train/F01_p249_070.wav,1
/data/DATASETS/CodecFake/train/F01_p300_302.wav,1
/data/DATASETS/CodecFake/train/F01_SSB03540387.wav,1
/data/DATASETS/CodecFake/train/F01_SSB09130168.wav,1
/data/DATASETS/CodecFake/train/F01_p251_024.wav,1
/data/DATASETS/CodecFake/train/F01_p263_077.wav,1
/data/DATASETS/CodecFake/train/F01_SSB02670304.wav,1
/data/DATASETS/CodecFake/train/F01_SSB06660395.wav,1
/data/DATASETS/CodecFake/train/F01_SSB04150285.wav,1
/data/DATASETS/CodecFake/train/F01_SSB11610228.wav,1
/data/DATASETS/CodecFake/train/F01_SSB05020225.wav,1
/data/DATASETS/CodecFake/train/F01_SSB13020404.wav,1
/data/DATASETS/CodecFake/train/F01_SSB06060269.wav,1
/data/DATASETS/CodecFake/train/F01_SSB06030157.wav,1
/data/DATASETS/CodecFake/train/F01_SSB09130146.wav,1
/data/DATASETS/CodecFake/train/F01_SSB07200472.wav,1
/data/DATASETS/CodecFake/train/F01_SSB06030048.wav,1
/data/DATASETS/CodecFake/train/F01_SSB06230106.wav,1
/data/DATASETS/CodecFake/train/F01_SSB02730056.wav,1
/data/DATASETS/CodecFake/train/F01_p236_319.wav,1
/data/DATASETS/CodecFake/train/F01_SSB16990090.wav,1
/data/DATASETS/CodecFake/train/F01_SSB11000390.wav,1
/data/DATASETS/CodecFake/train/F01_SSB10960144.wav,1
/data/DATASETS/CodecFake/train/F01_SSB11250144.wav,1
/data/DATASETS/CodecFake/train/F01_SSB04270323.wav,1
/data/DATASETS/CodecFake/train/F01_SSB13830136.wav,1
/data/DATASETS/CodecFake/train/F01_SSB18780108.wav,1
/data/DATASETS/CodecFake/train/F01_SSB04700085.wav,1
/data/DATASETS/CodecFake/train/F01_p364_050.wav,1
/data/DATASETS/CodecFake/train/F01_SSB11250413.wav,1
/data/DATASETS/CodecFake/train/F01_SSB10720470.wav,1
/data/DATASETS/CodecFake/train/F01_SSB15550102.wav,1
/data/DATASETS/CodecFake/train/F01_p341_075.wav,1
/data/DATASETS/CodecFake/train/F01_SSB00730040.wav,1
/data/DATASETS/CodecFake/train/F01_p334_104.wav,1
/data/DATASETS/CodecFake/train/F01_SSB07020073.wav,1
/data/DATASETS/CodecFake/train/F01_SSB05350183.wav,1
/data/DATASETS/CodecFake/train/F01_SSB14080051.wav,1
/data/DATASETS/CodecFake/train/F01_p257_413.wav,1
/data/DATASETS/CodecFake/train/F01_SSB18460336.wav,1
/data/DATASETS/CodecFake/train/F01_SSB03420302.wav,1
/data/DATASETS/CodecFake/train/F01_SSB06310279.wav,1
/data/DATASETS/CodecFake/train/F01_p243_087.wav,1
/data/DATASETS/CodecFake/train/F01_SSB00380013.wav,1
/data/DATASETS/CodecFake/train/F01_SSB05700036.wav,1
/data/DATASETS/CodecFake/train/F01_SSB07860220.wav,1
/data/DATASETS/CodecFake/train/F01_SSB11000277.wav,1
/data/DATASETS/CodecFake/train/F01_SSB08090410.wav,1
/data/DATASETS/CodecFake/train/F01_SSB07000308.wav,1
/data/DATASETS/CodecFake/train/F01_SSB00800187.wav,1
/data/DATASETS/CodecFake/train/F01_SSB15930137.wav,1
/data/DATASETS/CodecFake/train/F01_SSB07580010.wav,1
/data/DATASETS/CodecFake/train/F01_SSB01930444.wav,1
/data/DATASETS/CodecFake/train/F01_p279_175.wav,1
/data/DATASETS/CodecFake/train/F01_SSB07370097.wav,1
/data/DATASETS/CodecFake/train/F01_SSB01930438.wav,1
/data/DATASETS/CodecFake/train/F01_SSB03090242.wav,1
/data/DATASETS/CodecFake/train/F01_SSB04260311.wav,1
/data/DATASETS/CodecFake/train/F01_p274_465.wav,1
/data/DATASETS/CodecFake/train/F01_SSB13650296.wav,1
/data/DATASETS/CodecFake/train/F01_p226_082.wav,1
/data/DATASETS/CodecFake/train/F01_SSB02670489.wav,1
/data/DATASETS/CodecFake/train/F01_SSB03850353.wav,1
/data/DATASETS/CodecFake/train/F01_p317_102.wav,1
/data/DATASETS/CodecFake/train/F01_SSB07480307.wav,1
/data/DATASETS/CodecFake/train/F01_p253_291.wav,1
/data/DATASETS/CodecFake/train/F01_SSB03160095.wav,1
/data/DATASETS/CodecFake/train/F01_SSB04700020.wav,1
/data/DATASETS/CodecFake/train/F01_SSB08870386.wav,1
/data/DATASETS/CodecFake/train/F01_SSB02880281.wav,1
/data/DATASETS/CodecFake/train/F01_SSB05350036.wav,1
/data/DATASETS/CodecFake/train/F01_SSB17280459.wav,1
/data/DATASETS/CodecFake/train/F01_SSB07800064.wav,1
/data/DATASETS/CodecFake/train/F01_SSB05440142.wav,1
/data/DATASETS/CodecFake/train/F01_SSB05880033.wav,1
/data/DATASETS/CodecFake/train/F01_p270_030.wav,1
/data/DATASETS/CodecFake/train/F01_p284_036.wav,1
/data/DATASETS/CodecFake/train/F01_SSB09870169.wav,1
/data/DATASETS/CodecFake/train/F01_SSB12740128.wav,1
/data/DATASETS/CodecFake/train/F01_SSB05900311.wav,1
/data/DATASETS/CodecFake/train/F01_p259_430.wav,1
/data/DATASETS/CodecFake/train/F01_SSB02670307.wav,1
/data/DATASETS/CodecFake/train/F01_SSB07160398.wav,1
/data/DATASETS/CodecFake/train/F01_SSB00090021.wav,1
/data/DATASETS/CodecFake/train/F01_SSB18910144.wav,1
/data/DATASETS/CodecFake/train/F01_SSB17110147.wav,1
/data/DATASETS/CodecFake/train/F01_p252_121.wav,1
/data/DATASETS/CodecFake/train/F01_SSB04820406.wav,1
/data/DATASETS/CodecFake/train/F01_p236_029.wav,1
/data/DATASETS/CodecFake/train/F01_SSB07020449.wav,1
/data/DATASETS/CodecFake/train/F01_p246_104.wav,1
/data/DATASETS/CodecFake/train/F01_SSB01330086.wav,1
/data/DATASETS/CodecFake/train/F01_SSB09190225.wav,1
/data/DATASETS/CodecFake/train/F01_p306_177.wav,1
/data/DATASETS/CodecFake/train/F01_SSB06320082.wav,1
/data/DATASETS/CodecFake/train/F01_SSB04340258.wav,1
/data/DATASETS/CodecFake/train/F01_SSB17280055.wav,1
/data/DATASETS/CodecFake/train/F01_SSB13400219.wav,1
/data/DATASETS/CodecFake/train/F01_SSB18630439.wav,1
/data/DATASETS/CodecFake/train/F01_SSB05020275.wav,1
/data/DATASETS/CodecFake/train/F01_p311_219.wav,1
/data/DATASETS/CodecFake/train/F01_p364_064.wav,1
/data/DATASETS/CodecFake/train/F01_SSB03930418.wav,1
/data/DATASETS/CodecFake/train/F01_SSB03930315.wav,1
/data/DATASETS/CodecFake/train/F01_SSB14370311.wav,1
/data/DATASETS/CodecFake/train/F01_p314_042.wav,1
/data/DATASETS/CodecFake/train/F01_SSB06320197.wav,1
/data/DATASETS/CodecFake/train/F01_p262_182.wav,1
/data/DATASETS/CodecFake/train/F01_SSB12180279.wav,1
/data/DATASETS/CodecFake/train/F01_p316_401.wav,1
/data/DATASETS/CodecFake/train/F01_p294_368.wav,1
/data/DATASETS/CodecFake/train/F01_p287_332.wav,1
/data/DATASETS/CodecFake/train/F01_SSB09130211.wav,1
/data/DATASETS/CodecFake/train/F01_SSB11000383.wav,1
/data/DATASETS/CodecFake/train/F01_SSB09660080.wav,1
/data/DATASETS/CodecFake/train/F01_p274_398.wav,1
/data/DATASETS/CodecFake/train/F01_SSB06860052.wav,1
/data/DATASETS/CodecFake/train/F01_SSB00570320.wav,1
/data/DATASETS/CodecFake/train/F01_SSB13650303.wav,1
/data/DATASETS/CodecFake/train/F01_SSB05900301.wav,1
/data/DATASETS/CodecFake/train/F01_SSB05780148.wav,1
/data/DATASETS/CodecFake/train/F01_p343_048.wav,1
/data/DATASETS/CodecFake/train/F01_SSB12190350.wav,1
/data/DATASETS/CodecFake/train/F01_SSB08510425.wav,1
/data/DATASETS/CodecFake/train/F01_SSB04340045.wav,1
/data/DATASETS/CodecFake/train/F01_SSB07600394.wav,1
/data/DATASETS/CodecFake/train/F01_SSB08220249.wav,1
/data/DATASETS/CodecFake/train/F01_p362_357.wav,1
/data/DATASETS/CodecFake/train/F01_SSB06070175.wav,1
/data/DATASETS/CodecFake/train/F01_SSB16840120.wav,1
/data/DATASETS/CodecFake/train/F01_SSB00110214.wav,1
/data/DATASETS/CodecFake/train/F01_p284_072.wav,1
/data/DATASETS/CodecFake/train/F01_SSB03850072.wav,1
/data/DATASETS/CodecFake/train/F01_SSB05350366.wav,1
/data/DATASETS/CodecFake/train/F01_SSB06310442.wav,1
/data/DATASETS/CodecFake/train/F01_SSB00050022.wav,1
/data/DATASETS/CodecFake/train/F01_SSB12530200.wav,1
/data/DATASETS/CodecFake/train/F01_SSB10200096.wav,1
/data/DATASETS/CodecFake/train/F01_SSB10910352.wav,1
/data/DATASETS/CodecFake/train/F01_SSB07600445.wav,1
/data/DATASETS/CodecFake/train/F01_SSB11360124.wav,1
/data/DATASETS/CodecFake/train/F01_SSB18460320.wav,1
/data/DATASETS/CodecFake/train/F01_SSB02730291.wav,1
/data/DATASETS/CodecFake/train/F01_SSB02410339.wav,1
/data/DATASETS/CodecFake/train/F01_SSB11310392.wav,1
/data/DATASETS/CodecFake/train/F01_SSB19020109.wav,1
/data/DATASETS/CodecFake/train/F01_SSB18370037.wav,1
/data/DATASETS/CodecFake/train/F01_SSB18720139.wav,1
/data/DATASETS/CodecFake/train/F01_SSB13820102.wav,1
/data/DATASETS/CodecFake/train/F01_SSB13650152.wav,1
/data/DATASETS/CodecFake/train/F01_p264_004.wav,1
/data/DATASETS/CodecFake/train/F01_SSB07620456.wav,1
/data/DATASETS/CodecFake/train/F01_SSB05650491.wav,1
/data/DATASETS/CodecFake/train/F01_p247_286.wav,1
/data/DATASETS/CodecFake/train/F01_p330_104.wav,1
/data/DATASETS/CodecFake/train/F01_SSB11380231.wav,1
/data/DATASETS/CodecFake/train/F01_SSB05940048.wav,1
/data/DATASETS/CodecFake/train/F01_SSB01490434.wav,1
/data/DATASETS/CodecFake/train/F01_p267_118.wav,1
/data/DATASETS/CodecFake/train/F01_SSB01390252.wav,1
/data/DATASETS/CodecFake/train/F01_SSB19560367.wav,1
/data/DATASETS/CodecFake/train/F01_SSB11760186.wav,1
/data/DATASETS/CodecFake/train/F01_SSB17280164.wav,1
/data/DATASETS/CodecFake/train/F01_SSB03540062.wav,1
/data/DATASETS/CodecFake/train/F01_SSB05940273.wav,1
/data/DATASETS/CodecFake/train/F01_SSB06680506.wav,1
/data/DATASETS/CodecFake/train/F01_SSB18370069.wav,1
/data/DATASETS/CodecFake/train/F01_SSB07100013.wav,1
/data/DATASETS/CodecFake/train/F01_SSB07020188.wav,1
/data/DATASETS/CodecFake/train/F01_SSB01120202.wav,1
/data/DATASETS/CodecFake/train/F01_p282_029.wav,1
/data/DATASETS/CodecFake/train/F01_SSB03850165.wav,1
/data/DATASETS/CodecFake/train/F01_p247_069.wav,1
/data/DATASETS/CodecFake/train/F01_SSB01120406.wav,1
/data/DATASETS/CodecFake/train/F01_p314_024.wav,1
/data/DATASETS/CodecFake/train/F01_SSB07020147.wav,1
/data/DATASETS/CodecFake/train/F01_SSB05440255.wav,1
/data/DATASETS/CodecFake/train/F01_SSB10960466.wav,1
/data/DATASETS/CodecFake/train/F01_p278_255.wav,1
/data/DATASETS/CodecFake/train/F01_SSB03150100.wav,1
/data/DATASETS/CodecFake/train/F01_SSB05650212.wav,1
/data/DATASETS/CodecFake/train/F01_SSB02000469.wav,1
/data/DATASETS/CodecFake/train/F01_SSB07510243.wav,1
/data/DATASETS/CodecFake/train/F01_SSB03790243.wav,1
/data/DATASETS/CodecFake/train/F01_SSB02410109.wav,1
/data/DATASETS/CodecFake/train/F01_SSB03800109.wav,1
/data/DATASETS/CodecFake/train/F01_p261_062.wav,1
/data/DATASETS/CodecFake/train/F01_SSB15930191.wav,1
/data/DATASETS/CodecFake/train/F01_SSB10240061.wav,1
/data/DATASETS/CodecFake/train/F01_SSB05650239.wav,1
/data/DATASETS/CodecFake/train/F01_SSB11260291.wav,1
/data/DATASETS/CodecFake/train/F01_SSB07840430.wav,1
/data/DATASETS/CodecFake/train/F01_p298_334.wav,1
/data/DATASETS/CodecFake/train/F01_SSB07510477.wav,1
/data/DATASETS/CodecFake/train/F01_SSB07620231.wav,1
/data/DATASETS/CodecFake/train/F01_p334_402.wav,1
/data/DATASETS/CodecFake/train/F01_SSB19020127.wav,1
/data/DATASETS/CodecFake/train/F01_p236_400.wav,1
/data/DATASETS/CodecFake/train/F01_p313_058.wav,1
/data/DATASETS/CodecFake/train/F01_SSB16860446.wav,1
/data/DATASETS/CodecFake/train/F01_p335_072.wav,1
/data/DATASETS/CodecFake/train/F01_SSB04350334.wav,1
/data/DATASETS/CodecFake/train/F01_SSB01120414.wav,1
/data/DATASETS/CodecFake/train/F01_p376_294.wav,1
/data/DATASETS/CodecFake/train/F01_p317_143.wav,1
/data/DATASETS/CodecFake/train/F01_p266_252.wav,1
/data/DATASETS/CodecFake/train/F01_p294_031.wav,1
/data/DATASETS/CodecFake/train/F01_SSB07460357.wav,1
/data/DATASETS/CodecFake/train/F01_SSB14480178.wav,1
/data/DATASETS/CodecFake/train/F01_SSB03820301.wav,1
/data/DATASETS/CodecFake/train/F01_SSB18320321.wav,1
/data/DATASETS/CodecFake/train/F01_p268_124.wav,1
/data/DATASETS/CodecFake/train/F01_SSB03820450.wav,1
/data/DATASETS/CodecFake/train/F01_SSB15630184.wav,1
/data/DATASETS/CodecFake/train/F01_SSB16250502.wav,1
/data/DATASETS/CodecFake/train/F01_SSB13410340.wav,1
/data/DATASETS/CodecFake/train/F01_SSB06660253.wav,1
/data/DATASETS/CodecFake/train/F01_p294_145.wav,1
/data/DATASETS/CodecFake/train/F01_SSB06710338.wav,1
/data/DATASETS/CodecFake/train/F01_SSB03070112.wav,1
/data/DATASETS/CodecFake/train/F01_SSB07510143.wav,1
/data/DATASETS/CodecFake/train/F01_SSB10910430.wav,1
/data/DATASETS/CodecFake/train/F01_p326_140.wav,1
/data/DATASETS/CodecFake/train/F01_SSB04340286.wav,1
/data/DATASETS/CodecFake/train/F01_p360_351.wav,1
/data/DATASETS/CodecFake/train/F01_p285_142.wav,1
/data/DATASETS/CodecFake/train/F01_SSB07510260.wav,1
/data/DATASETS/CodecFake/train/F01_p347_317.wav,1
/data/DATASETS/CodecFake/train/F01_SSB02990053.wav,1
/data/DATASETS/CodecFake/train/F01_SSB02730271.wav,1
/data/DATASETS/CodecFake/train/F01_p236_274.wav,1
/data/DATASETS/CodecFake/train/F01_SSB07170427.wav,1
/data/DATASETS/CodecFake/train/F01_p315_214.wav,1
/data/DATASETS/CodecFake/train/F01_p362_295.wav,1
/data/DATASETS/CodecFake/train/F01_SSB07370482.wav,1
/data/DATASETS/CodecFake/train/F01_SSB05780070.wav,1
/data/DATASETS/CodecFake/train/F01_p287_215.wav,1
/data/DATASETS/CodecFake/train/F01_SSB02000408.wav,1
/data/DATASETS/CodecFake/train/F01_SSB08220277.wav,1
/data/DATASETS/CodecFake/train/F01_p251_173.wav,1
/data/DATASETS/CodecFake/train/F01_SSB03940051.wav,1
/data/DATASETS/CodecFake/train/F01_SSB04820463.wav,1
/data/DATASETS/CodecFake/train/F01_p287_112.wav,1
/data/DATASETS/CodecFake/train/F01_SSB10200246.wav,1
/data/DATASETS/CodecFake/train/F01_SSB06660424.wav,1
/data/DATASETS/CodecFake/train/F01_SSB06310164.wav,1
/data/DATASETS/CodecFake/train/F01_SSB05900212.wav,1
/data/DATASETS/CodecFake/train/F01_p284_205.wav,1
/data/DATASETS/CodecFake/train/F01_SSB09930058.wav,1
/data/DATASETS/CodecFake/train/F01_SSB01450298.wav,1
/data/DATASETS/CodecFake/train/F01_p329_016.wav,1
/data/DATASETS/CodecFake/train/F01_SSB01490252.wav,1
/data/DATASETS/CodecFake/train/F01_SSB15630297.wav,1
/data/DATASETS/CodecFake/train/F01_SSB06060112.wav,1
/data/DATASETS/CodecFake/train/F01_SSB11250409.wav,1
/data/DATASETS/CodecFake/train/F01_SSB07600382.wav,1
/data/DATASETS/CodecFake/train/F01_SSB07580158.wav,1
/data/DATASETS/CodecFake/train/F01_SSB13660153.wav,1
/data/DATASETS/CodecFake/train/F01_SSB00570227.wav,1
/data/DATASETS/CodecFake/train/F01_p345_259.wav,1
/data/DATASETS/CodecFake/train/F01_SSB18370139.wav,1
/data/DATASETS/CodecFake/train/F01_SSB08220350.wav,1
/data/DATASETS/CodecFake/train/F01_p248_085.wav,1
/data/DATASETS/CodecFake/train/F01_SSB07100420.wav,1
/data/DATASETS/CodecFake/train/F01_p364_090.wav,1
/data/DATASETS/CodecFake/train/F01_SSB19350142.wav,1
/data/DATASETS/CodecFake/train/F01_p292_224.wav,1
/data/DATASETS/CodecFake/train/F01_SSB07460287.wav,1
/data/DATASETS/CodecFake/train/F01_p258_113.wav,1
/data/DATASETS/CodecFake/train/F01_SSB12180020.wav,1
/data/DATASETS/CodecFake/train/F01_p245_247.wav,1
/data/DATASETS/CodecFake/train/F01_SSB03410275.wav,1
/data/DATASETS/CodecFake/train/F01_SSB17810242.wav,1
/data/DATASETS/CodecFake/train/F01_SSB07940079.wav,1
/data/DATASETS/CodecFake/train/F01_SSB03090278.wav,1
/data/DATASETS/CodecFake/train/F01_p273_206.wav,1
/data/DATASETS/CodecFake/train/F01_p264_073.wav,1
/data/DATASETS/CodecFake/train/F01_p299_162.wav,1
/data/DATASETS/CodecFake/train/F01_p273_013.wav,1
/data/DATASETS/CodecFake/train/F01_SSB03410259.wav,1
/data/DATASETS/CodecFake/train/F01_SSB07620249.wav,1
/data/DATASETS/CodecFake/train/F01_SSB12530481.wav,1
/data/DATASETS/CodecFake/train/F01_SSB03070367.wav,1
/data/DATASETS/CodecFake/train/F01_p287_323.wav,1
/data/DATASETS/CodecFake/train/F01_p273_051.wav,1
/data/DATASETS/CodecFake/train/F01_p308_222.wav,1
/data/DATASETS/CodecFake/train/F01_p295_009.wav,1
/data/DATASETS/CodecFake/train/F01_SSB01330022.wav,1
/data/DATASETS/CodecFake/train/F01_SSB11250322.wav,1
/data/DATASETS/CodecFake/train/F01_SSB13280488.wav,1
/data/DATASETS/CodecFake/train/F01_p306_120.wav,1
/data/DATASETS/CodecFake/train/F01_SSB03150260.wav,1
/data/DATASETS/CodecFake/train/F01_SSB10720440.wav,1
/data/DATASETS/CodecFake/train/F01_SSB09970303.wav,1
/data/DATASETS/CodecFake/train/F01_p351_037.wav,1
/data/DATASETS/CodecFake/train/F01_p275_427.wav,1
/data/DATASETS/CodecFake/train/F01_p240_195.wav,1
/data/DATASETS/CodecFake/train/F01_SSB07860454.wav,1
/data/DATASETS/CodecFake/train/F01_p360_315.wav,1
/data/DATASETS/CodecFake/train/F01_p240_204.wav,1
/data/DATASETS/CodecFake/train/F01_SSB04260296.wav,1
/data/DATASETS/CodecFake/train/F01_SSB03090407.wav,1
/data/DATASETS/CodecFake/train/F01_p347_202.wav,1
/data/DATASETS/CodecFake/train/F01_SSB05340139.wav,1
/data/DATASETS/CodecFake/train/F01_p267_404.wav,1
/data/DATASETS/CodecFake/train/F01_SSB09350167.wav,1
/data/DATASETS/CodecFake/train/F01_SSB19390108.wav,1
/data/DATASETS/CodecFake/train/F01_SSB04700480.wav,1
/data/DATASETS/CodecFake/train/F01_SSB19560103.wav,1
/data/DATASETS/CodecFake/train/F01_SSB06310285.wav,1
/data/DATASETS/CodecFake/train/F01_SSB00330160.wav,1
/data/DATASETS/CodecFake/train/F01_SSB00800114.wav,1
/data/DATASETS/CodecFake/train/F01_SSB03090325.wav,1
/data/DATASETS/CodecFake/train/F01_SSB03420025.wav,1
/data/DATASETS/CodecFake/train/F01_SSB03660202.wav,1
/data/DATASETS/CodecFake/train/F01_SSB18720375.wav,1
/data/DATASETS/CodecFake/train/F01_SSB07780297.wav,1
/data/DATASETS/CodecFake/train/F01_p236_117.wav,1
/data/DATASETS/CodecFake/train/F01_SSB09130102.wav,1
/data/DATASETS/CodecFake/train/F01_SSB03930271.wav,1
/data/DATASETS/CodecFake/train/F01_SSB10720320.wav,1
/data/DATASETS/CodecFake/train/F01_SSB19560166.wav,1
/data/DATASETS/CodecFake/train/F01_SSB15750482.wav,1
/data/DATASETS/CodecFake/train/F01_SSB05880080.wav,1
/data/DATASETS/CodecFake/train/F01_SSB07360184.wav,1
/data/DATASETS/CodecFake/train/F01_SSB19390021.wav,1
/data/DATASETS/CodecFake/train/F01_p336_123.wav,1
/data/DATASETS/CodecFake/train/F01_SSB07100452.wav,1
/data/DATASETS/CodecFake/train/F01_SSB05020084.wav,1
/data/DATASETS/CodecFake/train/F01_SSB19390282.wav,1
/data/DATASETS/CodecFake/train/F01_p269_154.wav,1
/data/DATASETS/CodecFake/train/F01_p340_268.wav,1
/data/DATASETS/CodecFake/train/F01_SSB12040401.wav,1
/data/DATASETS/CodecFake/train/F01_SSB17590155.wav,1
/data/DATASETS/CodecFake/train/F01_SSB19180421.wav,1
/data/DATASETS/CodecFake/train/F01_SSB07370463.wav,1
/data/DATASETS/CodecFake/train/F01_SSB05350023.wav,1
/data/DATASETS/CodecFake/train/F01_SSB16240084.wav,1
/data/DATASETS/CodecFake/train/F01_p255_195.wav,1
/data/DATASETS/CodecFake/train/F01_p233_153.wav,1
/data/DATASETS/CodecFake/train/F01_p343_066.wav,1
/data/DATASETS/CodecFake/train/F01_SSB07480481.wav,1
/data/DATASETS/CodecFake/train/F01_SSB01120459.wav,1
/data/DATASETS/CodecFake/train/F01_p272_096.wav,1
/data/DATASETS/CodecFake/train/F01_p230_407.wav,1
/data/DATASETS/CodecFake/train/F01_p312_326.wav,1
/data/DATASETS/CodecFake/train/F01_SSB00800460.wav,1
/data/DATASETS/CodecFake/train/F01_p279_201.wav,1
/data/DATASETS/CodecFake/train/F01_p347_391.wav,1
/data/DATASETS/CodecFake/train/F01_SSB03090146.wav,1
/data/DATASETS/CodecFake/train/F01_SSB07460436.wav,1
/data/DATASETS/CodecFake/train/F01_SSB09190471.wav,1
/data/DATASETS/CodecFake/train/F01_SSB03790274.wav,1
/data/DATASETS/CodecFake/train/F01_SSB12030326.wav,1
/data/DATASETS/CodecFake/train/F01_p267_111.wav,1
/data/DATASETS/CodecFake/train/F01_SSB00110012.wav,1
/data/DATASETS/CodecFake/train/F01_p274_142.wav,1
/data/DATASETS/CodecFake/train/F01_SSB03950071.wav,1
/data/DATASETS/CodecFake/train/F01_SSB10020077.wav,1
/data/DATASETS/CodecFake/train/F01_SSB06140094.wav,1
/data/DATASETS/CodecFake/train/F01_p285_034.wav,1
/data/DATASETS/CodecFake/train/F01_SSB15550055.wav,1
/data/DATASETS/CodecFake/train/F01_SSB06090104.wav,1
/data/DATASETS/CodecFake/train/F01_SSB07360213.wav,1
/data/DATASETS/CodecFake/train/F01_p285_120.wav,1
/data/DATASETS/CodecFake/train/F01_SSB18460029.wav,1
/data/DATASETS/CodecFake/train/F01_SSB07370203.wav,1
/data/DATASETS/CodecFake/train/F01_p227_030.wav,1
/data/DATASETS/CodecFake/train/F01_p234_235.wav,1
/data/DATASETS/CodecFake/train/F01_SSB08220024.wav,1
/data/DATASETS/CodecFake/train/F01_p258_041.wav,1
/data/DATASETS/CodecFake/train/F01_SSB16860034.wav,1
/data/DATASETS/CodecFake/train/F01_SSB17110321.wav,1
/data/DATASETS/CodecFake/train/F01_SSB07230286.wav,1
/data/DATASETS/CodecFake/train/F01_SSB06060357.wav,1
/data/DATASETS/CodecFake/train/F01_SSB16070145.wav,1
/data/DATASETS/CodecFake/train/F01_SSB07860306.wav,1
/data/DATASETS/CodecFake/train/F01_p292_382.wav,1
/data/DATASETS/CodecFake/train/F01_SSB07000282.wav,1
/data/DATASETS/CodecFake/train/F01_p253_337.wav,1
/data/DATASETS/CodecFake/train/F01_SSB01930059.wav,1
/data/DATASETS/CodecFake/train/F01_p360_010.wav,1
/data/DATASETS/CodecFake/train/F01_p280_064.wav,1
/data/DATASETS/CodecFake/train/F01_SSB09350319.wav,1
/data/DATASETS/CodecFake/train/F01_SSB03380041.wav,1
/data/DATASETS/CodecFake/train/F01_p230_086.wav,1
/data/DATASETS/CodecFake/train/F01_p231_284.wav,1
/data/DATASETS/CodecFake/train/F01_p333_265.wav,1
/data/DATASETS/CodecFake/train/F01_p343_390.wav,1
/data/DATASETS/CodecFake/train/F01_SSB11080168.wav,1
/data/DATASETS/CodecFake/train/F01_SSB02870197.wav,1
/data/DATASETS/CodecFake/train/F01_p281_121.wav,1
/data/DATASETS/CodecFake/train/F01_p252_378.wav,1
/data/DATASETS/CodecFake/train/F01_SSB02610204.wav,1
/data/DATASETS/CodecFake/train/F01_p247_385.wav,1
/data/DATASETS/CodecFake/train/F01_SSB00120205.wav,1
/data/DATASETS/CodecFake/train/F01_SSB07490162.wav,1
/data/DATASETS/CodecFake/train/F01_p226_060.wav,1
/data/DATASETS/CodecFake/train/F01_SSB10240394.wav,1
/data/DATASETS/CodecFake/train/F01_p279_117.wav,1
/data/DATASETS/CodecFake/train/F01_p340_294.wav,1
/data/DATASETS/CodecFake/train/F01_SSB09870507.wav,1
/data/DATASETS/CodecFake/train/F01_SSB07020029.wav,1
/data/DATASETS/CodecFake/train/F01_p255_079.wav,1
/data/DATASETS/CodecFake/train/F01_SSB02610380.wav,1
/data/DATASETS/CodecFake/train/F01_SSB07510114.wav,1
/data/DATASETS/CodecFake/train/F01_SSB07620185.wav,1
/data/DATASETS/CodecFake/train/F01_p361_261.wav,1
/data/DATASETS/CodecFake/train/F01_p232_212.wav,1
/data/DATASETS/CodecFake/train/F01_SSB07800293.wav,1
/data/DATASETS/CodecFake/train/F01_SSB10720132.wav,1
/data/DATASETS/CodecFake/train/F01_SSB07840069.wav,1
/data/DATASETS/CodecFake/train/F01_SSB06660016.wav,1
/data/DATASETS/CodecFake/train/F01_p236_394.wav,1
/data/DATASETS/CodecFake/train/F01_SSB13280475.wav,1
/data/DATASETS/CodecFake/train/F01_SSB06310065.wav,1
/data/DATASETS/CodecFake/train/F01_SSB15850311.wav,1
/data/DATASETS/CodecFake/train/F01_SSB10240228.wav,1
/data/DATASETS/CodecFake/train/F01_SSB01970096.wav,1
/data/DATASETS/CodecFake/train/F01_SSB18910135.wav,1
/data/DATASETS/CodecFake/train/F01_p374_234.wav,1
/data/DATASETS/CodecFake/train/F01_p335_002.wav,1
/data/DATASETS/CodecFake/train/F01_SSB03820286.wav,1
/data/DATASETS/CodecFake/train/F01_SSB09660091.wav,1
/data/DATASETS/CodecFake/train/F01_SSB18280054.wav,1
/data/DATASETS/CodecFake/train/F01_SSB07840373.wav,1
/data/DATASETS/CodecFake/train/F01_p248_329.wav,1
/data/DATASETS/CodecFake/train/F01_SSB05700402.wav,1
/data/DATASETS/CodecFake/train/F01_SSB11000181.wav,1
/data/DATASETS/CodecFake/train/F01_SSB04070471.wav,1
/data/DATASETS/CodecFake/train/F01_SSB03850234.wav,1
/data/DATASETS/CodecFake/train/F01_SSB03380325.wav,1
/data/DATASETS/CodecFake/train/F01_p282_140.wav,1
/data/DATASETS/CodecFake/train/F01_SSB14370409.wav,1
/data/DATASETS/CodecFake/train/F01_SSB10560404.wav,1
/data/DATASETS/CodecFake/train/F01_SSB05350153.wav,1
/data/DATASETS/CodecFake/train/F01_p343_271.wav,1
/data/DATASETS/CodecFake/train/F01_SSB15550084.wav,1
/data/DATASETS/CodecFake/train/F01_SSB05390238.wav,1
/data/DATASETS/CodecFake/train/F01_SSB16070127.wav,1
/data/DATASETS/CodecFake/train/F01_p238_395.wav,1
/data/DATASETS/CodecFake/train/F01_SSB04340030.wav,1
/data/DATASETS/CodecFake/train/F01_SSB05700018.wav,1
/data/DATASETS/CodecFake/train/F01_SSB07110406.wav,1
/data/DATASETS/CodecFake/train/F01_SSB02870352.wav,1
/data/DATASETS/CodecFake/train/F01_p316_195.wav,1
/data/DATASETS/CodecFake/train/F01_SSB10960184.wav,1
/data/DATASETS/CodecFake/train/F01_SSB03820055.wav,1
/data/DATASETS/CodecFake/train/F01_p329_025.wav,1
/data/DATASETS/CodecFake/train/F01_p267_043.wav,1
/data/DATASETS/CodecFake/train/F01_SSB05350220.wav,1
/data/DATASETS/CodecFake/train/F01_p259_461.wav,1
/data/DATASETS/CodecFake/train/F01_p315_006.wav,1
/data/DATASETS/CodecFake/train/F01_SSB06070437.wav,1
/data/DATASETS/CodecFake/train/F01_p376_090.wav,1
/data/DATASETS/CodecFake/train/F01_SSB07460493.wav,1
/data/DATASETS/CodecFake/train/F01_SSB07230188.wav,1
/data/DATASETS/CodecFake/train/F01_p269_209.wav,1
/data/DATASETS/CodecFake/train/F01_p278_029.wav,1
/data/DATASETS/CodecFake/train/F01_p248_164.wav,1
/data/DATASETS/CodecFake/train/F01_SSB18100086.wav,1
/data/DATASETS/CodecFake/train/F01_SSB10020154.wav,1
/data/DATASETS/CodecFake/train/F01_SSB17390378.wav,1
/data/DATASETS/CodecFake/train/F01_p261_383.wav,1
/data/DATASETS/CodecFake/train/F01_p340_281.wav,1
/data/DATASETS/CodecFake/train/F01_SSB13410328.wav,1
/data/DATASETS/CodecFake/train/F01_SSB02730454.wav,1
/data/DATASETS/CodecFake/train/F01_SSB11310268.wav,1
/data/DATASETS/CodecFake/train/F01_SSB05390040.wav,1
/data/DATASETS/CodecFake/train/F01_SSB06310003.wav,1
/data/DATASETS/CodecFake/train/F01_p336_402.wav,1
/data/DATASETS/CodecFake/train/F01_SSB06230302.wav,1
/data/DATASETS/CodecFake/train/F01_SSB19560279.wav,1
/data/DATASETS/CodecFake/train/F01_SSB04350173.wav,1
/data/DATASETS/CodecFake/train/F01_SSB09660055.wav,1
/data/DATASETS/CodecFake/train/F01_SSB12740263.wav,1
/data/DATASETS/CodecFake/train/F01_SSB09870007.wav,1
/data/DATASETS/CodecFake/train/F01_SSB02990211.wav,1
/data/DATASETS/CodecFake/train/F01_SSB16250027.wav,1
/data/DATASETS/CodecFake/train/F01_SSB00430055.wav,1
/data/DATASETS/CodecFake/train/F01_p267_018.wav,1
/data/DATASETS/CodecFake/train/F01_p285_114.wav,1
/data/DATASETS/CodecFake/train/F01_SSB07510355.wav,1
/data/DATASETS/CodecFake/train/F01_SSB00090445.wav,1
/data/DATASETS/CodecFake/train/F01_SSB08510339.wav,1
/data/DATASETS/CodecFake/train/F01_p278_096.wav,1
/data/DATASETS/CodecFake/train/F01_p284_075.wav,1
/data/DATASETS/CodecFake/train/F01_SSB02410255.wav,1
/data/DATASETS/CodecFake/train/F01_SSB05700052.wav,1
/data/DATASETS/CodecFake/train/F01_SSB07780356.wav,1
/data/DATASETS/CodecFake/train/F01_SSB03790313.wav,1
/data/DATASETS/CodecFake/train/F01_SSB06060457.wav,1
/data/DATASETS/CodecFake/train/F01_SSB13770103.wav,1
/data/DATASETS/CodecFake/train/F01_SSB06010092.wav,1
/data/DATASETS/CodecFake/train/F01_SSB01490070.wav,1
/data/DATASETS/CodecFake/train/F01_SSB02730258.wav,1
/data/DATASETS/CodecFake/train/F01_SSB09660490.wav,1
/data/DATASETS/CodecFake/train/F01_SSB13020325.wav,1
/data/DATASETS/CodecFake/train/F01_SSB12210365.wav,1
/data/DATASETS/CodecFake/train/F01_p317_276.wav,1
/data/DATASETS/CodecFake/train/F01_SSB07230012.wav,1
/data/DATASETS/CodecFake/train/F01_SSB19350099.wav,1
/data/DATASETS/CodecFake/train/F01_p229_188.wav,1
/data/DATASETS/CodecFake/train/F01_SSB12210153.wav,1
/data/DATASETS/CodecFake/train/F01_SSB11970289.wav,1
/data/DATASETS/CodecFake/train/F01_SSB13650133.wav,1
/data/DATASETS/CodecFake/train/F01_SSB04350380.wav,1
/data/DATASETS/CodecFake/train/F01_SSB08630478.wav,1
/data/DATASETS/CodecFake/train/F01_p253_331.wav,1
/data/DATASETS/CodecFake/train/F01_SSB00160376.wav,1
/data/DATASETS/CodecFake/train/F01_SSB06060277.wav,1
/data/DATASETS/CodecFake/train/F01_SSB16840438.wav,1
/data/DATASETS/CodecFake/train/F01_p339_340.wav,1
/data/DATASETS/CodecFake/train/F01_p307_116.wav,1
/data/DATASETS/CodecFake/train/F01_p298_330.wav,1
/data/DATASETS/CodecFake/train/F01_SSB09150370.wav,1
/data/DATASETS/CodecFake/train/F01_p351_382.wav,1
/data/DATASETS/CodecFake/train/F01_SSB12180304.wav,1
/data/DATASETS/CodecFake/train/F01_SSB01490080.wav,1
/data/DATASETS/CodecFake/train/F01_p351_420.wav,1
/data/DATASETS/CodecFake/train/F01_SSB18090162.wav,1
/data/DATASETS/CodecFake/train/F01_SSB06930039.wav,1
/data/DATASETS/CodecFake/train/F01_p336_174.wav,1
/data/DATASETS/CodecFake/train/F01_SSB06320339.wav,1
/data/DATASETS/CodecFake/train/F01_SSB04820169.wav,1
/data/DATASETS/CodecFake/train/F01_p239_223.wav,1
/data/DATASETS/CodecFake/train/F01_SSB08630050.wav,1
/data/DATASETS/CodecFake/train/F01_p254_014.wav,1
/data/DATASETS/CodecFake/train/F01_p304_053.wav,1
/data/DATASETS/CodecFake/train/F01_p294_142.wav,1
/data/DATASETS/CodecFake/train/F01_SSB07110183.wav,1
/data/DATASETS/CodecFake/train/F01_p293_255.wav,1
/data/DATASETS/CodecFake/train/F01_SSB06930298.wav,1
/data/DATASETS/CodecFake/train/F01_SSB08220064.wav,1
/data/DATASETS/CodecFake/train/F01_SSB11150424.wav,1
/data/DATASETS/CodecFake/train/F01_p351_233.wav,1
/data/DATASETS/CodecFake/train/F01_SSB12160110.wav,1
/data/DATASETS/CodecFake/train/F01_p312_289.wav,1
/data/DATASETS/CodecFake/train/F01_SSB03390489.wav,1
/data/DATASETS/CodecFake/train/F01_SSB04260052.wav,1
/data/DATASETS/CodecFake/train/F01_SSB13280204.wav,1
/data/DATASETS/CodecFake/train/F01_SSB08220221.wav,1
/data/DATASETS/CodecFake/train/F01_SSB01330257.wav,1
/data/DATASETS/CodecFake/train/F01_p288_142.wav,1
/data/DATASETS/CodecFake/train/F01_SSB00050168.wav,1
/data/DATASETS/CodecFake/train/F01_SSB18910004.wav,1
/data/DATASETS/CodecFake/train/F01_p259_136.wav,1
/data/DATASETS/CodecFake/train/F01_p234_018.wav,1
/data/DATASETS/CodecFake/train/F01_SSB10720157.wav,1
/data/DATASETS/CodecFake/train/F01_p238_065.wav,1
/data/DATASETS/CodecFake/train/F01_p326_151.wav,1
/data/DATASETS/CodecFake/train/F01_SSB00090398.wav,1
/data/DATASETS/CodecFake/train/F01_p275_205.wav,1
/data/DATASETS/CodecFake/train/F01_SSB13820121.wav,1
/data/DATASETS/CodecFake/train/F01_SSB03150450.wav,1
/data/DATASETS/CodecFake/train/F01_SSB11760184.wav,1
/data/DATASETS/CodecFake/train/F01_SSB15630042.wav,1
/data/DATASETS/CodecFake/train/F01_SSB03090167.wav,1
/data/DATASETS/CodecFake/train/F01_SSB15670139.wav,1
/data/DATASETS/CodecFake/train/F01_SSB00090480.wav,1
/data/DATASETS/CodecFake/train/F01_SSB11360079.wav,1
/data/DATASETS/CodecFake/train/F01_SSB06320325.wav,1
/data/DATASETS/CodecFake/train/F01_SSB07110289.wav,1
/data/DATASETS/CodecFake/train/F01_SSB13220334.wav,1
/data/DATASETS/CodecFake/train/F01_SSB05650157.wav,1
/data/DATASETS/CodecFake/train/F01_SSB18060361.wav,1
/data/DATASETS/CodecFake/train/F01_SSB08710304.wav,1
/data/DATASETS/CodecFake/train/F01_SSB03070107.wav,1
/data/DATASETS/CodecFake/train/F01_SSB00330389.wav,1
/data/DATASETS/CodecFake/train/F01_SSB07840436.wav,1
/data/DATASETS/CodecFake/train/F01_SSB11250332.wav,1
/data/DATASETS/CodecFake/train/F01_SSB01490039.wav,1
/data/DATASETS/CodecFake/train/F01_SSB07620237.wav,1
/data/DATASETS/CodecFake/train/F01_p318_105.wav,1
/data/DATASETS/CodecFake/train/F01_SSB07170135.wav,1
/data/DATASETS/CodecFake/train/F01_p313_309.wav,1
/data/DATASETS/CodecFake/train/F01_p285_362.wav,1
/data/DATASETS/CodecFake/train/F01_SSB09660065.wav,1
/data/DATASETS/CodecFake/train/F01_SSB15550302.wav,1
/data/DATASETS/CodecFake/train/F01_p292_274.wav,1
/data/DATASETS/CodecFake/train/F01_SSB01390423.wav,1
/data/DATASETS/CodecFake/train/F01_p335_233.wav,1
/data/DATASETS/CodecFake/train/F01_SSB18780448.wav,1
/data/DATASETS/CodecFake/train/F01_p270_332.wav,1
/data/DATASETS/CodecFake/train/F01_p305_280.wav,1
/data/DATASETS/CodecFake/train/F01_p313_417.wav,1
/data/DATASETS/CodecFake/train/F01_p274_069.wav,1
/data/DATASETS/CodecFake/train/F01_SSB07000441.wav,1
/data/DATASETS/CodecFake/train/F01_p255_122.wav,1
/data/DATASETS/CodecFake/train/F01_SSB02730205.wav,1
/data/DATASETS/CodecFake/train/F01_SSB18780223.wav,1
/data/DATASETS/CodecFake/train/F01_SSB12740223.wav,1
/data/DATASETS/CodecFake/train/F01_SSB05990376.wav,1
/data/DATASETS/CodecFake/train/F01_SSB10240362.wav,1
/data/DATASETS/CodecFake/train/F01_p263_220.wav,1
/data/DATASETS/CodecFake/train/F01_p318_370.wav,1
/data/DATASETS/CodecFake/train/F01_p238_150.wav,1
/data/DATASETS/CodecFake/train/F01_SSB02880334.wav,1
/data/DATASETS/CodecFake/train/F01_SSB06070210.wav,1
/data/DATASETS/CodecFake/train/F01_SSB05780275.wav,1
/data/DATASETS/CodecFake/train/F01_SSB05990054.wav,1
/data/DATASETS/CodecFake/train/F01_SSB03660415.wav,1
/data/DATASETS/CodecFake/train/F01_p333_370.wav,1
/data/DATASETS/CodecFake/train/F01_SSB10240253.wav,1
/data/DATASETS/CodecFake/train/F01_SSB08220447.wav,1
/data/DATASETS/CodecFake/train/F01_SSB00160333.wav,1
/data/DATASETS/CodecFake/train/F01_SSB03850197.wav,1
/data/DATASETS/CodecFake/train/F01_SSB07160249.wav,1
/data/DATASETS/CodecFake/train/F01_SSB02000261.wav,1
/data/DATASETS/CodecFake/train/F01_SSB15930098.wav,1
/data/DATASETS/CodecFake/train/F01_SSB17590382.wav,1
/data/DATASETS/CodecFake/train/F01_SSB06660459.wav,1
/data/DATASETS/CodecFake/train/F01_p279_018.wav,1
/data/DATASETS/CodecFake/train/F01_SSB17280170.wav,1
/data/DATASETS/CodecFake/train/F01_SSB15850292.wav,1
/data/DATASETS/CodecFake/train/F01_SSB19020062.wav,1
/data/DATASETS/CodecFake/train/F01_SSB01450343.wav,1
/data/DATASETS/CodecFake/train/F01_SSB05350428.wav,1
/data/DATASETS/CodecFake/train/F01_SSB18370206.wav,1
/data/DATASETS/CodecFake/train/F01_p225_109.wav,1
/data/DATASETS/CodecFake/train/F01_SSB10020220.wav,1
/data/DATASETS/CodecFake/train/F01_SSB08710386.wav,1
/data/DATASETS/CodecFake/train/F01_SSB13200467.wav,1
/data/DATASETS/CodecFake/train/F01_p335_093.wav,1
/data/DATASETS/CodecFake/train/F01_SSB01450374.wav,1
/data/DATASETS/CodecFake/train/F01_SSB01120040.wav,1
/data/DATASETS/CodecFake/train/F01_SSB03930394.wav,1
/data/DATASETS/CodecFake/train/F01_p312_009.wav,1
/data/DATASETS/CodecFake/train/F01_SSB16300354.wav,1
/data/DATASETS/CodecFake/train/F01_p294_403.wav,1
/data/DATASETS/CodecFake/train/F01_SSB07000303.wav,1
/data/DATASETS/CodecFake/train/F01_p268_312.wav,1
/data/DATASETS/CodecFake/train/F01_SSB03390438.wav,1
/data/DATASETS/CodecFake/train/F01_SSB16250159.wav,1
/data/DATASETS/CodecFake/train/F01_p299_280.wav,1
/data/DATASETS/CodecFake/train/F01_SSB10080414.wav,1
/data/DATASETS/CodecFake/train/F01_SSB06230234.wav,1
/data/DATASETS/CodecFake/train/F01_SSB10010042.wav,1
/data/DATASETS/CodecFake/train/F01_SSB09350302.wav,1
/data/DATASETS/CodecFake/train/F01_p251_183.wav,1
/data/DATASETS/CodecFake/train/F01_p316_099.wav,1
/data/DATASETS/CodecFake/train/F01_SSB05650101.wav,1
/data/DATASETS/CodecFake/train/F01_SSB09190239.wav,1
/data/DATASETS/CodecFake/train/F01_SSB03230445.wav,1
/data/DATASETS/CodecFake/train/F01_SSB15930184.wav,1
/data/DATASETS/CodecFake/train/F01_p329_065.wav,1
/data/DATASETS/CodecFake/train/F01_p299_296.wav,1
/data/DATASETS/CodecFake/train/F01_SSB08710148.wav,1
/data/DATASETS/CodecFake/train/F01_SSB01220084.wav,1
/data/DATASETS/CodecFake/train/F01_p341_051.wav,1
/data/DATASETS/CodecFake/train/F01_SSB07860117.wav,1
/data/DATASETS/CodecFake/train/F01_SSB13200352.wav,1
/data/DATASETS/CodecFake/train/F01_p268_252.wav,1
/data/DATASETS/CodecFake/train/F01_p238_197.wav,1
/data/DATASETS/CodecFake/train/F01_SSB01120480.wav,1
/data/DATASETS/CodecFake/train/F01_p287_297.wav,1
/data/DATASETS/CodecFake/train/F01_p310_140.wav,1
/data/DATASETS/CodecFake/train/F01_p229_126.wav,1
/data/DATASETS/CodecFake/train/F01_SSB11310254.wav,1
/data/DATASETS/CodecFake/train/F01_p262_084.wav,1
/data/DATASETS/CodecFake/train/F01_SSB03540445.wav,1
/data/DATASETS/CodecFake/train/F01_SSB07460188.wav,1
/data/DATASETS/CodecFake/train/F01_SSB03850311.wav,1
/data/DATASETS/CodecFake/train/F01_SSB03150359.wav,1
/data/DATASETS/CodecFake/train/F01_SSB07800246.wav,1
/data/DATASETS/CodecFake/train/F01_SSB11000140.wav,1
/data/DATASETS/CodecFake/train/F01_p234_239.wav,1
/data/DATASETS/CodecFake/train/F01_SSB03820279.wav,1
/data/DATASETS/CodecFake/train/F01_SSB12740399.wav,1
/data/DATASETS/CodecFake/train/F01_SSB18280344.wav,1
/data/DATASETS/CodecFake/train/F01_SSB18630343.wav,1
/data/DATASETS/CodecFake/train/F01_p277_275.wav,1
/data/DATASETS/CodecFake/train/F01_p318_213.wav,1
/data/DATASETS/CodecFake/train/F01_p232_249.wav,1
/data/DATASETS/CodecFake/train/F01_p293_080.wav,1
/data/DATASETS/CodecFake/train/F01_p297_183.wav,1
/data/DATASETS/CodecFake/train/F01_SSB00330408.wav,1
/data/DATASETS/CodecFake/train/F01_SSB13930314.wav,1
/data/DATASETS/CodecFake/train/F01_SSB16300486.wav,1
/data/DATASETS/CodecFake/train/F01_SSB03230200.wav,1
/data/DATASETS/CodecFake/train/F01_SSB03820428.wav,1
/data/DATASETS/CodecFake/train/F01_SSB18060491.wav,1
/data/DATASETS/CodecFake/train/F01_p335_413.wav,1
/data/DATASETS/CodecFake/train/F01_SSB11350434.wav,1
/data/DATASETS/CodecFake/train/F01_SSB07170470.wav,1
/data/DATASETS/CodecFake/train/F01_SSB06030131.wav,1
/data/DATASETS/CodecFake/train/F01_SSB05340282.wav,1
/data/DATASETS/CodecFake/train/F01_SSB10500135.wav,1
/data/DATASETS/CodecFake/train/F01_SSB00730091.wav,1
/data/DATASETS/CodecFake/train/F01_SSB18100447.wav,1
/data/DATASETS/CodecFake/train/F01_p311_051.wav,1
/data/DATASETS/CodecFake/train/F01_p308_396.wav,1
/data/DATASETS/CodecFake/train/F01_SSB05940050.wav,1
/data/DATASETS/CodecFake/train/F01_SSB00110304.wav,1
/data/DATASETS/CodecFake/train/F01_SSB03940356.wav,1
/data/DATASETS/CodecFake/train/F01_SSB10560066.wav,1
/data/DATASETS/CodecFake/train/F01_SSB12030112.wav,1
/data/DATASETS/CodecFake/train/F01_p251_215.wav,1
/data/DATASETS/CodecFake/train/F01_p261_287.wav,1
/data/DATASETS/CodecFake/train/F01_p265_191.wav,1
/data/DATASETS/CodecFake/train/F01_p261_011.wav,1
/data/DATASETS/CodecFake/train/F01_SSB18320415.wav,1
/data/DATASETS/CodecFake/train/F01_SSB07840444.wav,1
/data/DATASETS/CodecFake/train/F01_SSB00050282.wav,1
/data/DATASETS/CodecFake/train/F01_p244_178.wav,1
/data/DATASETS/CodecFake/train/F01_p259_022.wav,1
/data/DATASETS/CodecFake/train/F01_p266_100.wav,1
/data/DATASETS/CodecFake/train/F01_SSB00120417.wav,1
/data/DATASETS/CodecFake/train/F01_p301_391.wav,1
/data/DATASETS/CodecFake/train/F01_p231_307.wav,1
/data/DATASETS/CodecFake/train/F01_SSB07110324.wav,1
/data/DATASETS/CodecFake/train/F01_p253_345.wav,1
/data/DATASETS/CodecFake/train/F01_p270_273.wav,1
/data/DATASETS/CodecFake/train/F01_SSB06010388.wav,1
/data/DATASETS/CodecFake/train/F01_p252_334.wav,1
/data/DATASETS/CodecFake/train/F01_SSB12150233.wav,1
/data/DATASETS/CodecFake/train/F01_SSB06070325.wav,1
/data/DATASETS/CodecFake/train/F01_SSB02870264.wav,1
/data/DATASETS/CodecFake/train/F01_SSB10640169.wav,1
/data/DATASETS/CodecFake/train/F01_p232_009.wav,1
/data/DATASETS/CodecFake/train/F01_SSB02870369.wav,1
/data/DATASETS/CodecFake/train/F01_SSB07160153.wav,1
/data/DATASETS/CodecFake/train/F01_SSB15750495.wav,1
/data/DATASETS/CodecFake/train/F01_SSB00050186.wav,1
/data/DATASETS/CodecFake/train/F01_p318_367.wav,1
/data/DATASETS/CodecFake/train/F01_SSB14520471.wav,1
/data/DATASETS/CodecFake/train/F01_SSB04270411.wav,1
/data/DATASETS/CodecFake/train/F01_p288_364.wav,1
/data/DATASETS/CodecFake/train/F01_SSB07940078.wav,1
/data/DATASETS/CodecFake/train/F01_SSB06290140.wav,1
/data/DATASETS/CodecFake/train/F01_SSB06310039.wav,1
/data/DATASETS/CodecFake/train/F01_SSB12030052.wav,1
/data/DATASETS/CodecFake/train/F01_SSB02730313.wav,1
/data/DATASETS/CodecFake/train/F01_SSB04260313.wav,1
/data/DATASETS/CodecFake/train/F01_p311_057.wav,1
/data/DATASETS/CodecFake/train/F01_SSB06010292.wav,1
/data/DATASETS/CodecFake/train/F01_p274_224.wav,1
/data/DATASETS/CodecFake/train/F01_SSB03820099.wav,1
/data/DATASETS/CodecFake/train/F01_p255_053.wav,1
/data/DATASETS/CodecFake/train/F01_SSB00570380.wav,1
/data/DATASETS/CodecFake/train/F01_SSB07200083.wav,1
/data/DATASETS/CodecFake/train/F01_p245_320.wav,1
/data/DATASETS/CodecFake/train/F01_p228_183.wav,1
/data/DATASETS/CodecFake/train/F01_p253_239.wav,1
/data/DATASETS/CodecFake/train/F01_p297_219.wav,1
/data/DATASETS/CodecFake/train/F01_SSB05390322.wav,1
/data/DATASETS/CodecFake/train/F01_SSB05990257.wav,1
/data/DATASETS/CodecFake/train/F01_p237_137.wav,1
/data/DATASETS/CodecFake/train/F01_SSB03410347.wav,1
/data/DATASETS/CodecFake/train/F01_SSB00570264.wav,1
/data/DATASETS/CodecFake/train/F01_p280_273.wav,1
/data/DATASETS/CodecFake/train/F01_p314_069.wav,1
/data/DATASETS/CodecFake/train/F01_SSB15930347.wav,1
/data/DATASETS/CodecFake/train/F01_SSB19560044.wav,1
/data/DATASETS/CodecFake/train/F01_SSB01930050.wav,1
/data/DATASETS/CodecFake/train/F01_p271_027.wav,1
/data/DATASETS/CodecFake/train/F01_SSB00730394.wav,1
/data/DATASETS/CodecFake/train/F01_SSB04340257.wav,1
/data/DATASETS/CodecFake/train/F01_SSB12180190.wav,1
/data/DATASETS/CodecFake/train/F01_SSB13990007.wav,1
/data/DATASETS/CodecFake/train/F01_p310_278.wav,1
/data/DATASETS/CodecFake/train/F01_SSB18280041.wav,1
/data/DATASETS/CodecFake/train/F01_p300_361.wav,1
/data/DATASETS/CodecFake/train/F01_SSB00110167.wav,1
/data/DATASETS/CodecFake/train/F01_SSB07360177.wav,1
/data/DATASETS/CodecFake/train/F01_p306_119.wav,1
/data/DATASETS/CodecFake/train/F01_p301_179.wav,1
/data/DATASETS/CodecFake/train/F01_SSB00090198.wav,1
/data/DATASETS/CodecFake/train/F01_p307_400.wav,1
/data/DATASETS/CodecFake/train/F01_p313_287.wav,1
/data/DATASETS/CodecFake/train/F01_p269_128.wav,1
/data/DATASETS/CodecFake/train/F01_SSB06290353.wav,1
/data/DATASETS/CodecFake/train/F01_SSB15930469.wav,1
/data/DATASETS/CodecFake/train/F01_SSB02670222.wav,1
/data/DATASETS/CodecFake/train/F01_SSB05440081.wav,1
/data/DATASETS/CodecFake/train/F01_SSB07480190.wav,1
/data/DATASETS/CodecFake/train/F01_SSB01220224.wav,1
/data/DATASETS/CodecFake/train/F01_p257_361.wav,1
/data/DATASETS/CodecFake/train/F01_p318_421.wav,1
/data/DATASETS/CodecFake/train/F01_SSB05340100.wav,1
/data/DATASETS/CodecFake/train/F01_SSB07110229.wav,1
/data/DATASETS/CodecFake/train/F01_SSB06030499.wav,1
/data/DATASETS/CodecFake/train/F01_p276_342.wav,1
/data/DATASETS/CodecFake/train/F01_p339_245.wav,1
/data/DATASETS/CodecFake/train/F01_SSB13200211.wav,1
/data/DATASETS/CodecFake/train/F01_SSB02670020.wav,1
/data/DATASETS/CodecFake/train/F01_p271_030.wav,1
/data/DATASETS/CodecFake/train/F01_SSB09190288.wav,1
/data/DATASETS/CodecFake/train/F01_SSB18910129.wav,1
/data/DATASETS/CodecFake/train/F01_SSB12530004.wav,1
/data/DATASETS/CodecFake/train/F01_p263_165.wav,1
/data/DATASETS/CodecFake/train/F01_SSB11000483.wav,1
/data/DATASETS/CodecFake/train/F01_p317_199.wav,1
/data/DATASETS/CodecFake/train/F01_p238_144.wav,1
/data/DATASETS/CodecFake/train/F01_SSB06090476.wav,1
/data/DATASETS/CodecFake/train/F01_SSB03950452.wav,1
/data/DATASETS/CodecFake/train/F01_p334_216.wav,1
/data/DATASETS/CodecFake/train/F01_SSB19350138.wav,1
/data/DATASETS/CodecFake/train/F01_p267_199.wav,1
/data/DATASETS/CodecFake/train/F01_SSB07100365.wav,1
/data/DATASETS/CodecFake/train/F01_SSB13820385.wav,1
/data/DATASETS/CodecFake/train/F01_SSB00160065.wav,1
/data/DATASETS/CodecFake/train/F01_SSB06070176.wav,1
/data/DATASETS/CodecFake/train/F01_SSB05880358.wav,1
/data/DATASETS/CodecFake/train/F01_SSB04260124.wav,1
/data/DATASETS/CodecFake/train/F01_p241_321.wav,1
/data/DATASETS/CodecFake/train/F01_p252_231.wav,1
/data/DATASETS/CodecFake/train/F01_SSB17110007.wav,1
/data/DATASETS/CodecFake/train/F01_SSB10550472.wav,1
/data/DATASETS/CodecFake/train/F01_p272_402.wav,1
/data/DATASETS/CodecFake/train/F01_SSB00160008.wav,1
/data/DATASETS/CodecFake/train/F01_SSB18280244.wav,1
/data/DATASETS/CodecFake/train/F01_SSB03820144.wav,1
/data/DATASETS/CodecFake/train/F01_SSB16250420.wav,1
/data/DATASETS/CodecFake/train/F01_SSB03160319.wav,1
/data/DATASETS/CodecFake/train/F01_SSB15630487.wav,1
/data/DATASETS/CodecFake/train/F01_p298_173.wav,1
/data/DATASETS/CodecFake/train/F01_p273_379.wav,1
/data/DATASETS/CodecFake/train/F01_p273_214.wav,1
/data/DATASETS/CodecFake/train/F01_SSB16240091.wav,1
/data/DATASETS/CodecFake/train/F01_SSB15930375.wav,1
/data/DATASETS/CodecFake/train/F01_SSB04340476.wav,1
/data/DATASETS/CodecFake/train/F01_SSB07490021.wav,1
/data/DATASETS/CodecFake/train/F01_SSB03420452.wav,1
/data/DATASETS/CodecFake/train/F01_p260_324.wav,1
/data/DATASETS/CodecFake/train/F01_SSB17280117.wav,1
/data/DATASETS/CodecFake/train/F01_SSB07230107.wav,1
/data/DATASETS/CodecFake/train/F01_SSB07460088.wav,1
/data/DATASETS/CodecFake/train/F01_p285_032.wav,1
/data/DATASETS/CodecFake/train/F01_p297_054.wav,1
/data/DATASETS/CodecFake/train/F01_SSB09150090.wav,1
/data/DATASETS/CodecFake/train/F01_p262_238.wav,1
/data/DATASETS/CodecFake/train/F01_p326_342.wav,1
/data/DATASETS/CodecFake/train/F01_p307_063.wav,1
/data/DATASETS/CodecFake/train/F01_SSB13660240.wav,1
/data/DATASETS/CodecFake/train/F01_p292_378.wav,1
/data/DATASETS/CodecFake/train/F01_SSB16300137.wav,1
/data/DATASETS/CodecFake/train/F01_p243_368.wav,1
/data/DATASETS/CodecFake/train/F01_p236_266.wav,1
/data/DATASETS/CodecFake/train/F01_SSB13850439.wav,1
/data/DATASETS/CodecFake/train/F01_p283_292.wav,1
/data/DATASETS/CodecFake/train/F01_SSB10720422.wav,1
/data/DATASETS/CodecFake/train/F01_p258_058.wav,1
/data/DATASETS/CodecFake/train/F01_p298_062.wav,1
/data/DATASETS/CodecFake/train/F01_SSB17390044.wav,1
/data/DATASETS/CodecFake/train/F01_p251_221.wav,1
/data/DATASETS/CodecFake/train/F01_SSB18780259.wav,1
/data/DATASETS/CodecFake/train/F01_SSB13200091.wav,1
/data/DATASETS/CodecFake/train/F01_p301_089.wav,1
/data/DATASETS/CodecFake/train/F01_p286_412.wav,1
/data/DATASETS/CodecFake/train/F01_SSB11380215.wav,1
/data/DATASETS/CodecFake/train/F01_p285_156.wav,1
/data/DATASETS/CodecFake/train/F01_SSB10640207.wav,1
/data/DATASETS/CodecFake/train/F01_SSB02730167.wav,1
/data/DATASETS/CodecFake/train/F01_SSB15670401.wav,1
/data/DATASETS/CodecFake/train/F01_SSB15750113.wav,1
/data/DATASETS/CodecFake/train/F01_SSB00380147.wav,1
/data/DATASETS/CodecFake/train/F01_SSB06860388.wav,1
/data/DATASETS/CodecFake/train/F01_SSB13990310.wav,1
/data/DATASETS/CodecFake/train/F01_SSB10200046.wav,1
/data/DATASETS/CodecFake/train/F01_p360_183.wav,1
/data/DATASETS/CodecFake/train/F01_SSB07100363.wav,1
/data/DATASETS/CodecFake/train/F01_p225_027.wav,1
/data/DATASETS/CodecFake/train/F01_SSB00730370.wav,1
/data/DATASETS/CodecFake/train/F01_p362_077.wav,1
/data/DATASETS/CodecFake/train/F01_SSB07170032.wav,1
/data/DATASETS/CodecFake/train/F01_p279_375.wav,1
/data/DATASETS/CodecFake/train/F01_SSB15850402.wav,1
/data/DATASETS/CodecFake/train/F01_SSB05440305.wav,1
/data/DATASETS/CodecFake/train/F01_SSB07620250.wav,1
/data/DATASETS/CodecFake/train/F01_SSB16250373.wav,1
/data/DATASETS/CodecFake/train/F01_SSB16250048.wav,1
/data/DATASETS/CodecFake/train/F01_SSB18780182.wav,1
/data/DATASETS/CodecFake/train/F01_SSB13660011.wav,1
/data/DATASETS/CodecFake/train/F01_SSB08630466.wav,1
/data/DATASETS/CodecFake/train/F01_p300_351.wav,1
/data/DATASETS/CodecFake/train/F01_SSB07020446.wav,1
/data/DATASETS/CodecFake/train/F01_SSB12030005.wav,1
/data/DATASETS/CodecFake/train/F01_SSB12530435.wav,1
/data/DATASETS/CodecFake/train/F01_SSB12180003.wav,1
/data/DATASETS/CodecFake/train/F01_SSB06030075.wav,1
/data/DATASETS/CodecFake/train/F01_SSB10200461.wav,1
/data/DATASETS/CodecFake/train/F01_SSB04350301.wav,1
/data/DATASETS/CodecFake/train/F01_p351_211.wav,1
/data/DATASETS/CodecFake/train/F01_SSB06230422.wav,1
/data/DATASETS/CodecFake/train/F01_SSB15670116.wav,1
/data/DATASETS/CodecFake/train/F01_SSB08710466.wav,1
/data/DATASETS/CodecFake/train/F01_SSB06680463.wav,1
/data/DATASETS/CodecFake/train/F01_SSB18090134.wav,1
/data/DATASETS/CodecFake/train/F01_p232_184.wav,1
/data/DATASETS/CodecFake/train/F01_SSB06140154.wav,1
/data/DATASETS/CodecFake/train/F01_SSB08090305.wav,1
/data/DATASETS/CodecFake/train/F01_SSB18910331.wav,1
/data/DATASETS/CodecFake/train/F01_p243_078.wav,1
/data/DATASETS/CodecFake/train/F01_SSB03800356.wav,1
/data/DATASETS/CodecFake/train/F01_SSB10240205.wav,1
/data/DATASETS/CodecFake/train/F01_p330_085.wav,1
/data/DATASETS/CodecFake/train/F01_SSB07460203.wav,1
/data/DATASETS/CodecFake/train/F01_p313_152.wav,1
/data/DATASETS/CodecFake/train/F01_SSB07860155.wav,1
/data/DATASETS/CodecFake/train/F01_SSB04820326.wav,1
/data/DATASETS/CodecFake/train/F01_p307_266.wav,1
/data/DATASETS/CodecFake/train/F01_p285_240.wav,1
/data/DATASETS/CodecFake/train/F01_SSB04340318.wav,1
/data/DATASETS/CodecFake/train/F01_p275_394.wav,1
/data/DATASETS/CodecFake/train/F01_SSB18780166.wav,1
/data/DATASETS/CodecFake/train/F01_SSB01220290.wav,1
/data/DATASETS/CodecFake/train/F01_p345_119.wav,1
/data/DATASETS/CodecFake/train/F01_SSB08710214.wav,1
/data/DATASETS/CodecFake/train/F01_p238_324.wav,1
/data/DATASETS/CodecFake/train/F01_SSB10000475.wav,1
/data/DATASETS/CodecFake/train/F01_SSB18370152.wav,1
/data/DATASETS/CodecFake/train/F01_p310_047.wav,1
/data/DATASETS/CodecFake/train/F01_SSB04350396.wav,1
/data/DATASETS/CodecFake/train/F01_p299_391.wav,1
/data/DATASETS/CodecFake/train/F01_p374_226.wav,1
/data/DATASETS/CodecFake/train/F01_p310_125.wav,1
/data/DATASETS/CodecFake/train/F01_SSB06140090.wav,1
/data/DATASETS/CodecFake/train/F01_SSB07200262.wav,1
/data/DATASETS/CodecFake/train/F01_p278_273.wav,1
/data/DATASETS/CodecFake/train/F01_p265_061.wav,1
/data/DATASETS/CodecFake/train/F01_SSB10720023.wav,1
/data/DATASETS/CodecFake/train/F01_p345_128.wav,1
/data/DATASETS/CodecFake/train/F01_p285_058.wav,1
/data/DATASETS/CodecFake/train/F01_SSB19560189.wav,1
/data/DATASETS/CodecFake/train/F01_SSB07940152.wav,1
/data/DATASETS/CodecFake/train/F01_SSB06070143.wav,1
/data/DATASETS/CodecFake/train/F01_SSB11610147.wav,1
/data/DATASETS/CodecFake/train/F01_SSB06860120.wav,1
/data/DATASETS/CodecFake/train/F01_SSB03750494.wav,1
/data/DATASETS/CodecFake/train/F01_SSB13410037.wav,1
/data/DATASETS/CodecFake/train/F01_SSB18100403.wav,1
/data/DATASETS/CodecFake/train/F01_p341_102.wav,1
/data/DATASETS/CodecFake/train/F01_SSB09130432.wav,1
/data/DATASETS/CodecFake/train/F01_SSB09190192.wav,1
/data/DATASETS/CodecFake/train/F01_p347_397.wav,1
/data/DATASETS/CodecFake/train/F01_p345_120.wav,1
/data/DATASETS/CodecFake/train/F01_SSB00090424.wav,1
/data/DATASETS/CodecFake/train/F01_p263_362.wav,1
/data/DATASETS/CodecFake/train/F01_SSB05990093.wav,1
/data/DATASETS/CodecFake/train/F01_p343_201.wav,1
/data/DATASETS/CodecFake/train/F01_SSB09150305.wav,1
/data/DATASETS/CodecFake/train/F01_SSB05350359.wav,1
/data/DATASETS/CodecFake/train/F01_p265_244.wav,1
/data/DATASETS/CodecFake/train/F01_SSB03070443.wav,1
/data/DATASETS/CodecFake/train/F01_SSB04270267.wav,1
/data/DATASETS/CodecFake/train/F01_SSB02000008.wav,1
/data/DATASETS/CodecFake/train/F01_SSB09150400.wav,1
/data/DATASETS/CodecFake/train/F01_SSB17110332.wav,1
/data/DATASETS/CodecFake/train/F01_SSB05390396.wav,1
/data/DATASETS/CodecFake/train/F01_SSB08630048.wav,1
/data/DATASETS/CodecFake/train/F01_p284_202.wav,1
/data/DATASETS/CodecFake/train/F01_SSB09870259.wav,1
/data/DATASETS/CodecFake/train/F01_SSB10200128.wav,1
/data/DATASETS/CodecFake/train/F01_SSB11610335.wav,1
/data/DATASETS/CodecFake/train/F01_SSB12180231.wav,1
/data/DATASETS/CodecFake/train/F01_SSB03850205.wav,1
/data/DATASETS/CodecFake/train/F01_SSB12530322.wav,1
/data/DATASETS/CodecFake/train/F01_SSB18720142.wav,1
/data/DATASETS/CodecFake/train/F01_SSB02990085.wav,1
/data/DATASETS/CodecFake/train/F01_SSB08630163.wav,1
/data/DATASETS/CodecFake/train/F01_SSB00050213.wav,1
/data/DATASETS/CodecFake/train/F01_p266_039.wav,1
/data/DATASETS/CodecFake/train/F01_p251_023.wav,1
/data/DATASETS/CodecFake/train/F01_SSB05350395.wav,1
/data/DATASETS/CodecFake/train/F01_SSB05780342.wav,1
/data/DATASETS/CodecFake/train/F01_SSB11100149.wav,1
/data/DATASETS/CodecFake/train/F01_SSB07170186.wav,1
/data/DATASETS/CodecFake/train/F01_SSB13400339.wav,1
/data/DATASETS/CodecFake/train/F01_SSB00800333.wav,1
/data/DATASETS/CodecFake/train/F01_p297_131.wav,1
/data/DATASETS/CodecFake/train/F01_p330_263.wav,1
/data/DATASETS/CodecFake/train/F01_SSB06060216.wav,1
/data/DATASETS/CodecFake/train/F01_SSB03660468.wav,1
/data/DATASETS/CodecFake/train/F01_SSB06070240.wav,1
/data/DATASETS/CodecFake/train/F01_SSB16240283.wav,1
/data/DATASETS/CodecFake/train/F01_SSB12040350.wav,1
/data/DATASETS/CodecFake/train/F01_p376_183.wav,1
/data/DATASETS/CodecFake/train/F01_SSB02000177.wav,1
/data/DATASETS/CodecFake/train/F01_SSB13770482.wav,1
/data/DATASETS/CodecFake/train/F01_SSB00110407.wav,1
/data/DATASETS/CodecFake/train/F01_SSB06320189.wav,1
/data/DATASETS/CodecFake/train/F01_p260_194.wav,1
/data/DATASETS/CodecFake/train/F01_SSB11310503.wav,1
/data/DATASETS/CodecFake/train/F01_p229_252.wav,1
/data/DATASETS/CodecFake/train/F01_SSB02730182.wav,1
/data/DATASETS/CodecFake/train/F01_SSB07600097.wav,1
/data/DATASETS/CodecFake/train/F01_SSB12210243.wav,1
/data/DATASETS/CodecFake/train/F01_p310_086.wav,1
/data/DATASETS/CodecFake/train/F01_p374_159.wav,1
/data/DATASETS/CodecFake/train/F01_SSB00330218.wav,1
/data/DATASETS/CodecFake/train/F01_p238_151.wav,1
/data/DATASETS/CodecFake/train/F01_SSB03800505.wav,1
/data/DATASETS/CodecFake/train/F01_SSB03410005.wav,1
/data/DATASETS/CodecFake/train/F01_SSB05940487.wav,1
/data/DATASETS/CodecFake/train/F01_p345_072.wav,1
/data/DATASETS/CodecFake/train/F01_p239_196.wav,1
/data/DATASETS/CodecFake/train/F01_SSB03070264.wav,1
/data/DATASETS/CodecFake/train/F01_p273_205.wav,1
/data/DATASETS/CodecFake/train/F01_SSB06710435.wav,1
/data/DATASETS/CodecFake/train/F01_SSB03230109.wav,1
/data/DATASETS/CodecFake/train/F01_SSB03660215.wav,1
/data/DATASETS/CodecFake/train/F01_SSB13830354.wav,1
/data/DATASETS/CodecFake/train/F01_p287_069.wav,1
/data/DATASETS/CodecFake/train/F01_p270_122.wav,1
/data/DATASETS/CodecFake/train/F01_p330_168.wav,1
/data/DATASETS/CodecFake/train/F01_SSB04070386.wav,1
/data/DATASETS/CodecFake/train/F01_SSB09130465.wav,1
/data/DATASETS/CodecFake/train/F01_p301_104.wav,1
/data/DATASETS/CodecFake/train/F01_SSB10000055.wav,1
/data/DATASETS/CodecFake/train/F01_p364_265.wav,1
/data/DATASETS/CodecFake/train/F01_p237_193.wav,1
/data/DATASETS/CodecFake/train/F01_p335_104.wav,1
/data/DATASETS/CodecFake/train/F01_SSB09660367.wav,1
/data/DATASETS/CodecFake/train/F01_SSB16250116.wav,1
/data/DATASETS/CodecFake/train/F01_p293_141.wav,1
/data/DATASETS/CodecFake/train/F01_SSB03160485.wav,1
/data/DATASETS/CodecFake/train/F01_p335_134.wav,1
/data/DATASETS/CodecFake/train/F01_p360_016.wav,1
/data/DATASETS/CodecFake/train/F01_SSB18630053.wav,1
/data/DATASETS/CodecFake/train/F01_p294_194.wav,1
/data/DATASETS/CodecFake/train/F01_SSB02460455.wav,1
/data/DATASETS/CodecFake/train/F01_SSB13650389.wav,1
/data/DATASETS/CodecFake/train/F01_SSB08510286.wav,1
/data/DATASETS/CodecFake/train/F01_SSB01450453.wav,1
/data/DATASETS/CodecFake/train/F01_SSB15750334.wav,1
/data/DATASETS/CodecFake/train/F01_p326_328.wav,1
/data/DATASETS/CodecFake/train/F01_SSB04150067.wav,1
/data/DATASETS/CodecFake/train/F01_SSB00800341.wav,1
/data/DATASETS/CodecFake/train/F01_p285_140.wav,1
/data/DATASETS/CodecFake/train/F01_SSB03390297.wav,1
/data/DATASETS/CodecFake/train/F01_SSB02870008.wav,1
/data/DATASETS/CodecFake/train/F01_SSB06320216.wav,1
/data/DATASETS/CodecFake/train/F01_p237_214.wav,1
/data/DATASETS/CodecFake/train/F01_SSB08630109.wav,1
/data/DATASETS/CodecFake/train/F01_SSB06310161.wav,1
/data/DATASETS/CodecFake/train/F01_SSB02880202.wav,1
/data/DATASETS/CodecFake/train/F01_SSB00430343.wav,1
/data/DATASETS/CodecFake/train/F01_SSB03380196.wav,1
/data/DATASETS/CodecFake/train/F01_p271_021.wav,1
/data/DATASETS/CodecFake/train/F01_p341_003.wav,1
/data/DATASETS/CodecFake/train/F01_p228_108.wav,1
/data/DATASETS/CodecFake/train/F01_SSB16240114.wav,1
/data/DATASETS/CodecFake/train/F01_p308_045.wav,1
/data/DATASETS/CodecFake/train/F01_SSB07200387.wav,1
/data/DATASETS/CodecFake/train/F01_SSB10000270.wav,1
/data/DATASETS/CodecFake/train/F01_SSB09660357.wav,1
/data/DATASETS/CodecFake/train/F01_SSB07170511.wav,1
/data/DATASETS/CodecFake/train/F01_p360_299.wav,1
/data/DATASETS/CodecFake/train/F01_p279_307.wav,1
/data/DATASETS/CodecFake/train/F01_p228_042.wav,1
/data/DATASETS/CodecFake/train/F01_p294_083.wav,1
/data/DATASETS/CodecFake/train/F01_p276_046.wav,1
/data/DATASETS/CodecFake/train/F01_SSB05880203.wav,1
/data/DATASETS/CodecFake/train/F01_SSB00050127.wav,1
/data/DATASETS/CodecFake/train/F01_p227_254.wav,1
/data/DATASETS/CodecFake/train/F01_SSB03790040.wav,1
/data/DATASETS/CodecFake/train/F01_p300_076.wav,1
/data/DATASETS/CodecFake/train/F01_SSB07580375.wav,1
/data/DATASETS/CodecFake/train/F01_SSB19020408.wav,1
/data/DATASETS/CodecFake/train/F01_SSB09660403.wav,1
/data/DATASETS/CodecFake/train/F01_SSB07580399.wav,1
/data/DATASETS/CodecFake/train/F01_SSB00160316.wav,1
/data/DATASETS/CodecFake/train/F01_SSB02610005.wav,1
/data/DATASETS/CodecFake/train/F01_SSB00120012.wav,1
/data/DATASETS/CodecFake/train/F01_SSB05780241.wav,1
/data/DATASETS/CodecFake/train/F01_SSB10910103.wav,1
/data/DATASETS/CodecFake/train/F01_p265_023.wav,1
/data/DATASETS/CodecFake/train/F01_p300_358.wav,1
/data/DATASETS/CodecFake/train/F01_SSB10550203.wav,1
/data/DATASETS/CodecFake/train/F01_SSB11080303.wav,1
/data/DATASETS/CodecFake/train/F01_SSB03420451.wav,1
/data/DATASETS/CodecFake/train/F01_SSB05020337.wav,1
/data/DATASETS/CodecFake/train/F01_SSB00800295.wav,1
/data/DATASETS/CodecFake/train/F01_SSB02410298.wav,1
/data/DATASETS/CodecFake/train/F01_p304_183.wav,1
/data/DATASETS/CodecFake/train/F01_SSB11310123.wav,1
/data/DATASETS/CodecFake/train/F01_SSB17590146.wav,1
/data/DATASETS/CodecFake/train/F01_SSB12160123.wav,1
/data/DATASETS/CodecFake/train/F01_p294_111.wav,1
/data/DATASETS/CodecFake/train/F01_SSB18780110.wav,1
/data/DATASETS/CodecFake/train/F01_SSB07800191.wav,1
/data/DATASETS/CodecFake/train/F01_SSB18460065.wav,1
/data/DATASETS/CodecFake/train/F01_SSB01970069.wav,1
/data/DATASETS/CodecFake/train/F01_p233_008.wav,1
/data/DATASETS/CodecFake/train/F01_SSB17590202.wav,1
/data/DATASETS/CodecFake/train/F01_SSB16250246.wav,1
/data/DATASETS/CodecFake/train/F01_SSB13830141.wav,1
/data/DATASETS/CodecFake/train/F01_SSB07840100.wav,1
/data/DATASETS/CodecFake/train/F01_p258_140.wav,1
/data/DATASETS/CodecFake/train/F01_SSB00160037.wav,1
/data/DATASETS/CodecFake/train/F01_SSB16240017.wav,1
/data/DATASETS/CodecFake/train/F01_p251_279.wav,1
/data/DATASETS/CodecFake/train/F01_SSB06660287.wav,1
/data/DATASETS/CodecFake/train/F01_SSB04260081.wav,1
/data/DATASETS/CodecFake/train/F01_SSB12740247.wav,1
/data/DATASETS/CodecFake/train/F01_p300_146.wav,1
/data/DATASETS/CodecFake/train/F01_SSB10720512.wav,1
/data/DATASETS/CodecFake/train/F01_SSB11870064.wav,1
/data/DATASETS/CodecFake/train/F01_p261_122.wav,1
/data/DATASETS/CodecFake/train/F01_p245_112.wav,1
/data/DATASETS/CodecFake/train/F01_SSB00380079.wav,1
/data/DATASETS/CodecFake/train/F01_SSB10720232.wav,1
/data/DATASETS/CodecFake/train/F01_p329_158.wav,1
/data/DATASETS/CodecFake/train/F01_SSB08710106.wav,1
/data/DATASETS/CodecFake/train/F01_SSB07160118.wav,1
/data/DATASETS/CodecFake/train/F01_SSB03380124.wav,1
/data/DATASETS/CodecFake/train/F01_SSB14520036.wav,1
/data/DATASETS/CodecFake/train/F01_SSB18720277.wav,1
/data/DATASETS/CodecFake/train/F01_p255_137.wav,1
/data/DATASETS/CodecFake/train/F01_p376_120.wav,1
/data/DATASETS/CodecFake/train/F01_SSB07100342.wav,1
/data/DATASETS/CodecFake/train/F01_SSB13400085.wav,1
/data/DATASETS/CodecFake/train/F01_SSB04270433.wav,1
/data/DATASETS/CodecFake/train/F01_p347_280.wav,1
/data/DATASETS/CodecFake/train/F01_SSB03420267.wav,1
/data/DATASETS/CodecFake/train/F01_SSB18100172.wav,1
/data/DATASETS/CodecFake/train/F01_SSB10240071.wav,1
/data/DATASETS/CodecFake/train/F01_SSB05350244.wav,1
/data/DATASETS/CodecFake/train/F01_p241_315.wav,1
/data/DATASETS/CodecFake/train/F01_SSB10000225.wav,1
/data/DATASETS/CodecFake/train/F01_p316_196.wav,1
/data/DATASETS/CodecFake/train/F01_SSB19560442.wav,1
/data/DATASETS/CodecFake/train/F01_SSB05390305.wav,1
/data/DATASETS/CodecFake/train/F01_p258_011.wav,1
/data/DATASETS/CodecFake/train/F01_p330_027.wav,1
/data/DATASETS/CodecFake/train/F01_p307_138.wav,1
/data/DATASETS/CodecFake/train/F01_SSB06860176.wav,1
/data/DATASETS/CodecFake/train/F01_SSB01930490.wav,1
/data/DATASETS/CodecFake/train/F01_SSB07780222.wav,1
/data/DATASETS/CodecFake/train/F01_p241_061.wav,1
/data/DATASETS/CodecFake/train/F01_SSB01930210.wav,1
/data/DATASETS/CodecFake/train/F01_SSB12530239.wav,1
/data/DATASETS/CodecFake/train/F01_p303_191.wav,1
/data/DATASETS/CodecFake/train/F01_p307_041.wav,1
/data/DATASETS/CodecFake/train/F01_SSB03380085.wav,1
/data/DATASETS/CodecFake/train/F01_SSB03950303.wav,1
/data/DATASETS/CodecFake/train/F01_p280_030.wav,1
/data/DATASETS/CodecFake/train/F01_p230_392.wav,1
/data/DATASETS/CodecFake/train/F01_SSB04270002.wav,1
/data/DATASETS/CodecFake/train/F01_p280_285.wav,1
/data/DATASETS/CodecFake/train/F01_SSB12740181.wav,1
/data/DATASETS/CodecFake/train/F01_SSB03380098.wav,1
/data/DATASETS/CodecFake/train/F01_SSB02880370.wav,1
/data/DATASETS/CodecFake/train/F01_SSB07800273.wav,1
/data/DATASETS/CodecFake/train/F01_SSB07620132.wav,1
/data/DATASETS/CodecFake/train/F01_p277_020.wav,1
/data/DATASETS/CodecFake/train/F01_SSB18060064.wav,1
/data/DATASETS/CodecFake/train/F01_SSB18910247.wav,1
/data/DATASETS/CodecFake/train/F01_p275_214.wav,1
/data/DATASETS/CodecFake/train/F01_SSB18370378.wav,1
/data/DATASETS/CodecFake/train/F01_p284_422.wav,1
/data/DATASETS/CodecFake/train/F01_p336_266.wav,1
/data/DATASETS/CodecFake/train/F01_SSB06310183.wav,1
/data/DATASETS/CodecFake/train/F01_p274_211.wav,1
/data/DATASETS/CodecFake/train/F01_SSB16500427.wav,1
/data/DATASETS/CodecFake/train/F01_p283_113.wav,1
/data/DATASETS/CodecFake/train/F01_SSB05020263.wav,1
/data/DATASETS/CodecFake/train/F01_p237_268.wav,1
/data/DATASETS/CodecFake/train/F01_p361_322.wav,1
/data/DATASETS/CodecFake/train/F01_SSB15850082.wav,1
/data/DATASETS/CodecFake/train/F01_SSB08090233.wav,1
/data/DATASETS/CodecFake/train/F01_SSB02670112.wav,1
/data/DATASETS/CodecFake/train/F01_SSB07110441.wav,1
/data/DATASETS/CodecFake/train/F01_p274_350.wav,1
/data/DATASETS/CodecFake/train/F01_SSB13200251.wav,1
/data/DATASETS/CodecFake/train/F01_SSB13650030.wav,1
/data/DATASETS/CodecFake/train/F01_SSB06290174.wav,1
/data/DATASETS/CodecFake/train/F01_SSB10500286.wav,1
/data/DATASETS/CodecFake/train/F01_p286_260.wav,1
/data/DATASETS/CodecFake/train/F01_SSB07000329.wav,1
/data/DATASETS/CodecFake/train/F01_p329_225.wav,1
/data/DATASETS/CodecFake/train/F01_SSB18060329.wav,1
/data/DATASETS/CodecFake/train/F01_p265_201.wav,1
/data/DATASETS/CodecFake/train/F01_SSB11100439.wav,1
/data/DATASETS/CodecFake/train/F01_SSB10200030.wav,1
/data/DATASETS/CodecFake/train/F01_SSB01490243.wav,1
/data/DATASETS/CodecFake/train/F01_p270_447.wav,1
/data/DATASETS/CodecFake/train/F01_SSB06230064.wav,1
/data/DATASETS/CodecFake/train/F01_p225_197.wav,1
/data/DATASETS/CodecFake/train/F01_p299_012.wav,1
/data/DATASETS/CodecFake/train/F01_SSB07160363.wav,1
/data/DATASETS/CodecFake/train/F01_SSB00110312.wav,1
/data/DATASETS/CodecFake/train/F01_p228_230.wav,1
/data/DATASETS/CodecFake/train/F01_p230_064.wav,1
/data/DATASETS/CodecFake/train/F01_SSB03090098.wav,1
/data/DATASETS/CodecFake/train/F01_SSB05440126.wav,1
/data/DATASETS/CodecFake/train/F01_p330_272.wav,1
/data/DATASETS/CodecFake/train/F01_SSB11970342.wav,1
/data/DATASETS/CodecFake/train/F01_p315_229.wav,1
/data/DATASETS/CodecFake/train/F01_SSB02000172.wav,1
/data/DATASETS/CodecFake/train/F01_p262_355.wav,1
/data/DATASETS/CodecFake/train/F01_SSB13660199.wav,1
/data/DATASETS/CodecFake/train/F01_SSB07600060.wav,1
/data/DATASETS/CodecFake/train/F01_SSB05440133.wav,1
/data/DATASETS/CodecFake/train/F01_SSB13200150.wav,1
/data/DATASETS/CodecFake/train/F01_p231_422.wav,1
/data/DATASETS/CodecFake/train/F01_p280_280.wav,1
/data/DATASETS/CodecFake/train/F01_p231_200.wav,1
/data/DATASETS/CodecFake/train/F01_SSB00090185.wav,1
/data/DATASETS/CodecFake/train/F01_SSB02410029.wav,1
/data/DATASETS/CodecFake/train/F01_SSB04700414.wav,1
/data/DATASETS/CodecFake/train/F01_SSB03230422.wav,1
/data/DATASETS/CodecFake/train/F01_SSB07620021.wav,1
/data/DATASETS/CodecFake/train/F01_SSB12040184.wav,1
/data/DATASETS/CodecFake/train/F01_SSB16500109.wav,1
/data/DATASETS/CodecFake/train/F01_p260_301.wav,1
/data/DATASETS/CodecFake/train/F01_SSB11610222.wav,1
/data/DATASETS/CodecFake/train/F01_SSB17280238.wav,1
/data/DATASETS/CodecFake/train/F01_SSB09130061.wav,1
/data/DATASETS/CodecFake/train/F01_SSB07620381.wav,1
/data/DATASETS/CodecFake/train/F01_SSB00090029.wav,1
/data/DATASETS/CodecFake/train/F01_SSB05350184.wav,1
/data/DATASETS/CodecFake/train/F01_SSB05350118.wav,1
/data/DATASETS/CodecFake/train/F01_SSB15850283.wav,1
/data/DATASETS/CodecFake/train/F01_SSB07000252.wav,1
/data/DATASETS/CodecFake/train/F01_p241_033.wav,1
/data/DATASETS/CodecFake/train/F01_p283_061.wav,1
/data/DATASETS/CodecFake/train/F01_SSB10550337.wav,1
/data/DATASETS/CodecFake/train/F01_SSB02610462.wav,1
/data/DATASETS/CodecFake/train/F01_p312_335.wav,1
/data/DATASETS/CodecFake/train/F01_SSB18370178.wav,1
/data/DATASETS/CodecFake/train/F01_SSB02670137.wav,1
/data/DATASETS/CodecFake/train/F01_p233_337.wav,1
/data/DATASETS/CodecFake/train/F01_SSB16250319.wav,1
/data/DATASETS/CodecFake/train/F01_SSB14480381.wav,1
/data/DATASETS/CodecFake/train/F01_p271_393.wav,1
/data/DATASETS/CodecFake/train/F01_SSB11310057.wav,1
/data/DATASETS/CodecFake/train/F01_SSB11100227.wav,1
/data/DATASETS/CodecFake/train/F01_p299_065.wav,1
/data/DATASETS/CodecFake/train/F01_SSB03410103.wav,1
/data/DATASETS/CodecFake/train/F01_p232_207.wav,1
/data/DATASETS/CodecFake/train/F01_p294_387.wav,1
/data/DATASETS/CodecFake/train/F01_p255_008.wav,1
/data/DATASETS/CodecFake/train/F01_SSB12210476.wav,1
/data/DATASETS/CodecFake/train/F01_SSB14020235.wav,1
/data/DATASETS/CodecFake/train/F01_SSB07780314.wav,1
/data/DATASETS/CodecFake/train/F01_SSB00430179.wav,1
/data/DATASETS/CodecFake/train/F01_SSB00180262.wav,1
/data/DATASETS/CodecFake/train/F01_SSB12390101.wav,1
/data/DATASETS/CodecFake/train/F01_SSB03540029.wav,1
/data/DATASETS/CodecFake/train/F01_SSB16990185.wav,1
/data/DATASETS/CodecFake/train/F01_p306_212.wav,1
/data/DATASETS/CodecFake/train/F01_SSB10960022.wav,1
/data/DATASETS/CodecFake/train/F01_p264_288.wav,1
/data/DATASETS/CodecFake/train/F01_SSB05990349.wav,1
/data/DATASETS/CodecFake/train/F01_p311_180.wav,1
/data/DATASETS/CodecFake/train/F01_SSB00330083.wav,1
/data/DATASETS/CodecFake/train/F01_SSB02000296.wav,1
/data/DATASETS/CodecFake/train/F01_SSB06140489.wav,1
/data/DATASETS/CodecFake/train/F01_p278_296.wav,1
/data/DATASETS/CodecFake/train/F01_SSB19020344.wav,1
/data/DATASETS/CodecFake/train/F01_SSB15630427.wav,1
/data/DATASETS/CodecFake/train/F01_SSB04270280.wav,1
/data/DATASETS/CodecFake/train/F01_SSB00050072.wav,1
/data/DATASETS/CodecFake/train/F01_SSB02670208.wav,1
/data/DATASETS/CodecFake/train/F01_p231_291.wav,1
/data/DATASETS/CodecFake/train/F01_SSB05880133.wav,1
/data/DATASETS/CodecFake/train/F01_p233_255.wav,1
/data/DATASETS/CodecFake/train/F01_p252_404.wav,1
/data/DATASETS/CodecFake/train/F01_SSB00430286.wav,1
/data/DATASETS/CodecFake/train/F01_SSB00800205.wav,1
/data/DATASETS/CodecFake/train/F01_p333_086.wav,1
/data/DATASETS/CodecFake/train/F01_p336_351.wav,1
/data/DATASETS/CodecFake/train/F01_p281_294.wav,1
/data/DATASETS/CodecFake/train/F01_SSB03820042.wav,1
/data/DATASETS/CodecFake/train/F01_SSB10500492.wav,1
/data/DATASETS/CodecFake/train/F01_SSB11610336.wav,1
/data/DATASETS/CodecFake/train/F01_p238_420.wav,1
/data/DATASETS/CodecFake/train/F01_SSB08870094.wav,1
/data/DATASETS/CodecFake/train/F01_SSB03930374.wav,1
/data/DATASETS/CodecFake/train/F01_SSB04340465.wav,1
/data/DATASETS/CodecFake/train/F01_SSB07620481.wav,1
/data/DATASETS/CodecFake/train/F01_SSB03390137.wav,1
/data/DATASETS/CodecFake/train/F01_SSB06660043.wav,1
/data/DATASETS/CodecFake/train/F01_p295_261.wav,1
/data/DATASETS/CodecFake/train/F01_p336_071.wav,1
/data/DATASETS/CodecFake/train/F01_SSB09930005.wav,1
/data/DATASETS/CodecFake/train/F01_p298_278.wav,1
/data/DATASETS/CodecFake/train/F01_p265_294.wav,1
/data/DATASETS/CodecFake/train/F01_p244_197.wav,1
/data/DATASETS/CodecFake/train/F01_SSB00330241.wav,1
/data/DATASETS/CodecFake/train/F01_SSB15670180.wav,1
/data/DATASETS/CodecFake/train/F01_SSB13400191.wav,1
/data/DATASETS/CodecFake/train/F01_SSB09930373.wav,1
/data/DATASETS/CodecFake/train/F01_SSB00330127.wav,1
/data/DATASETS/CodecFake/train/F01_SSB03420352.wav,1
/data/DATASETS/CodecFake/train/F01_SSB03540512.wav,1
/data/DATASETS/CodecFake/train/F01_SSB16300400.wav,1
/data/DATASETS/CodecFake/train/F01_SSB09190153.wav,1
/data/DATASETS/CodecFake/train/F01_p234_121.wav,1
/data/DATASETS/CodecFake/train/F01_SSB18320403.wav,1
/data/DATASETS/CodecFake/train/F01_SSB05780504.wav,1
/data/DATASETS/CodecFake/train/F01_SSB15930029.wav,1
/data/DATASETS/CodecFake/train/F01_p313_038.wav,1
/data/DATASETS/CodecFake/train/F01_SSB08090404.wav,1
/data/DATASETS/CodecFake/train/F01_SSB18780077.wav,1
/data/DATASETS/CodecFake/train/F01_SSB03820458.wav,1
/data/DATASETS/CodecFake/train/F01_SSB07480061.wav,1
/data/DATASETS/CodecFake/train/F01_SSB05880095.wav,1
/data/DATASETS/CodecFake/train/F01_p248_054.wav,1
/data/DATASETS/CodecFake/train/F01_SSB06860375.wav,1
/data/DATASETS/CodecFake/train/F01_SSB10200231.wav,1
/data/DATASETS/CodecFake/train/F01_SSB10720150.wav,1
/data/DATASETS/CodecFake/train/F01_SSB07460386.wav,1
/data/DATASETS/CodecFake/train/F01_SSB06320208.wav,1
/data/DATASETS/CodecFake/train/F01_SSB06860306.wav,1
/data/DATASETS/CodecFake/train/F01_p268_122.wav,1
/data/DATASETS/CodecFake/train/F01_SSB05440261.wav,1
/data/DATASETS/CodecFake/train/F01_p273_003.wav,1
/data/DATASETS/CodecFake/train/F01_p266_285.wav,1
/data/DATASETS/CodecFake/train/F01_p269_006.wav,1
/data/DATASETS/CodecFake/train/F01_p326_052.wav,1
/data/DATASETS/CodecFake/train/F01_p250_282.wav,1
/data/DATASETS/CodecFake/train/F01_SSB04700417.wav,1
/data/DATASETS/CodecFake/train/F01_p258_055.wav,1
/data/DATASETS/CodecFake/train/F01_SSB05020233.wav,1
/data/DATASETS/CodecFake/train/F01_SSB11150202.wav,1
/data/DATASETS/CodecFake/train/F01_p275_140.wav,1
/data/DATASETS/CodecFake/train/F01_SSB02000081.wav,1
/data/DATASETS/CodecFake/train/F01_SSB18370003.wav,1
/data/DATASETS/CodecFake/train/F01_SSB07620214.wav,1
/data/DATASETS/CodecFake/train/F01_SSB16070180.wav,1
/data/DATASETS/CodecFake/train/F01_SSB18780403.wav,1
/data/DATASETS/CodecFake/train/F01_p301_385.wav,1
/data/DATASETS/CodecFake/train/F01_SSB04150231.wav,1
/data/DATASETS/CodecFake/train/F01_p233_195.wav,1
/data/DATASETS/CodecFake/train/F01_SSB13020048.wav,1
/data/DATASETS/CodecFake/train/F01_SSB08710155.wav,1
/data/DATASETS/CodecFake/train/F01_p246_199.wav,1
/data/DATASETS/CodecFake/train/F01_SSB01930008.wav,1
/data/DATASETS/CodecFake/train/F01_p249_319.wav,1
/data/DATASETS/CodecFake/train/F01_SSB08710145.wav,1
/data/DATASETS/CodecFake/train/F01_p336_278.wav,1
/data/DATASETS/CodecFake/train/F01_SSB03790052.wav,1
/data/DATASETS/CodecFake/train/F01_SSB01930112.wav,1
/data/DATASETS/CodecFake/train/F01_SSB02990232.wav,1
/data/DATASETS/CodecFake/train/F01_SSB14370125.wav,1
/data/DATASETS/CodecFake/train/F01_p241_286.wav,1
/data/DATASETS/CodecFake/train/F01_p273_198.wav,1
/data/DATASETS/CodecFake/train/F01_SSB00180021.wav,1
/data/DATASETS/CodecFake/train/F01_p308_332.wav,1
/data/DATASETS/CodecFake/train/F01_SSB09150342.wav,1
/data/DATASETS/CodecFake/train/F01_SSB03390248.wav,1
/data/DATASETS/CodecFake/train/F01_SSB06320316.wav,1
/data/DATASETS/CodecFake/train/F01_p374_290.wav,1
/data/DATASETS/CodecFake/train/F01_SSB01220015.wav,1
/data/DATASETS/CodecFake/train/F01_SSB13400469.wav,1
/data/DATASETS/CodecFake/train/F01_SSB08090317.wav,1
/data/DATASETS/CodecFake/train/F01_p323_008.wav,1
/data/DATASETS/CodecFake/train/F01_SSB11310177.wav,1
/data/DATASETS/CodecFake/train/F01_p229_050.wav,1
/data/DATASETS/CodecFake/train/F01_p225_067.wav,1
/data/DATASETS/CodecFake/train/F01_SSB02880174.wav,1
/data/DATASETS/CodecFake/train/F01_SSB10010332.wav,1
/data/DATASETS/CodecFake/train/F01_p284_394.wav,1
/data/DATASETS/CodecFake/train/F01_SSB03950040.wav,1
/data/DATASETS/CodecFake/train/F01_p234_201.wav,1
/data/DATASETS/CodecFake/train/F01_SSB07580012.wav,1
/data/DATASETS/CodecFake/train/F01_p292_206.wav,1
/data/DATASETS/CodecFake/train/F01_SSB00730278.wav,1
/data/DATASETS/CodecFake/train/F01_SSB00120314.wav,1
/data/DATASETS/CodecFake/train/F01_SSB06680139.wav,1
/data/DATASETS/CodecFake/train/F01_SSB00570114.wav,1
/data/DATASETS/CodecFake/train/F01_SSB10550293.wav,1
/data/DATASETS/CodecFake/train/F01_p364_260.wav,1
/data/DATASETS/CodecFake/train/F01_SSB12040341.wav,1
/data/DATASETS/CodecFake/train/F01_p229_287.wav,1
/data/DATASETS/CodecFake/train/F01_p281_034.wav,1
/data/DATASETS/CodecFake/train/F01_p269_102.wav,1
/data/DATASETS/CodecFake/train/F01_SSB04150065.wav,1
/data/DATASETS/CodecFake/train/F01_SSB07480488.wav,1
/data/DATASETS/CodecFake/train/F01_SSB06060156.wav,1
/data/DATASETS/CodecFake/train/F01_SSB07800248.wav,1
/data/DATASETS/CodecFake/train/F01_p254_020.wav,1
/data/DATASETS/CodecFake/train/F01_SSB06290210.wav,1
/data/DATASETS/CodecFake/train/F01_SSB10000260.wav,1
/data/DATASETS/CodecFake/train/F01_SSB06680292.wav,1
/data/DATASETS/CodecFake/train/F01_SSB06030465.wav,1
/data/DATASETS/CodecFake/train/F01_SSB00160067.wav,1
/data/DATASETS/CodecFake/train/F01_SSB13990081.wav,1
/data/DATASETS/CodecFake/train/F01_p277_431.wav,1
/data/DATASETS/CodecFake/train/F01_SSB06320286.wav,1
/data/DATASETS/CodecFake/train/F01_SSB06140506.wav,1
/data/DATASETS/CodecFake/train/F01_SSB13280351.wav,1
/data/DATASETS/CodecFake/train/F01_SSB05780378.wav,1
/data/DATASETS/CodecFake/train/F01_SSB03940420.wav,1
/data/DATASETS/CodecFake/train/F01_p323_069.wav,1
/data/DATASETS/CodecFake/train/F01_SSB01390357.wav,1
/data/DATASETS/CodecFake/train/F01_SSB10000009.wav,1
/data/DATASETS/CodecFake/train/F01_SSB07360313.wav,1
/data/DATASETS/CodecFake/train/F01_SSB16990163.wav,1
/data/DATASETS/CodecFake/train/F01_p343_364.wav,1
/data/DATASETS/CodecFake/train/F01_SSB16840329.wav,1
/data/DATASETS/CodecFake/train/F01_p286_065.wav,1
/data/DATASETS/CodecFake/train/F01_p239_209.wav,1
/data/DATASETS/CodecFake/train/F01_SSB01330061.wav,1
/data/DATASETS/CodecFake/train/F01_p228_172.wav,1
/data/DATASETS/CodecFake/train/F01_SSB01450293.wav,1
/data/DATASETS/CodecFake/train/F01_SSB01450165.wav,1
/data/DATASETS/CodecFake/train/F01_SSB06140084.wav,1
/data/DATASETS/CodecFake/train/F01_SSB06070326.wav,1
/data/DATASETS/CodecFake/train/F01_SSB06860458.wav,1
/data/DATASETS/CodecFake/train/F01_SSB03940276.wav,1
/data/DATASETS/CodecFake/train/F01_SSB05650378.wav,1
/data/DATASETS/CodecFake/train/F01_p329_264.wav,1
/data/DATASETS/CodecFake/train/F01_p251_161.wav,1
/data/DATASETS/CodecFake/train/F01_SSB02610311.wav,1
/data/DATASETS/CodecFake/train/F01_p252_308.wav,1
/data/DATASETS/CodecFake/train/F01_SSB10910184.wav,1
/data/DATASETS/CodecFake/train/F01_SSB12740370.wav,1
/data/DATASETS/CodecFake/train/F01_SSB00180363.wav,1
/data/DATASETS/CodecFake/train/F01_SSB17450142.wav,1
/data/DATASETS/CodecFake/train/F01_p343_123.wav,1
/data/DATASETS/CodecFake/train/F01_SSB03850412.wav,1
/data/DATASETS/CodecFake/train/F01_SSB14310227.wav,1
/data/DATASETS/CodecFake/train/F01_SSB03800302.wav,1
/data/DATASETS/CodecFake/train/F01_SSB15750074.wav,1
/data/DATASETS/CodecFake/train/F01_SSB19020041.wav,1
/data/DATASETS/CodecFake/train/F01_SSB11310306.wav,1
/data/DATASETS/CodecFake/train/F01_SSB17390481.wav,1
/data/DATASETS/CodecFake/train/F01_SSB02000113.wav,1
/data/DATASETS/CodecFake/train/F01_p240_242.wav,1
/data/DATASETS/CodecFake/train/F01_SSB02460420.wav,1
/data/DATASETS/CodecFake/train/F01_p229_128.wav,1
/data/DATASETS/CodecFake/train/F01_SSB06140314.wav,1
/data/DATASETS/CodecFake/train/F01_SSB07800245.wav,1
/data/DATASETS/CodecFake/train/F01_p268_061.wav,1
/data/DATASETS/CodecFake/train/F01_p230_007.wav,1
/data/DATASETS/CodecFake/train/F01_SSB02410251.wav,1
/data/DATASETS/CodecFake/train/F01_p317_128.wav,1
/data/DATASETS/CodecFake/train/F01_SSB18320156.wav,1
/data/DATASETS/CodecFake/train/F01_SSB05900225.wav,1
/data/DATASETS/CodecFake/train/F01_SSB18100143.wav,1
/data/DATASETS/CodecFake/train/F01_SSB11150164.wav,1
/data/DATASETS/CodecFake/train/F01_p263_155.wav,1
/data/DATASETS/CodecFake/train/F01_SSB02990342.wav,1
/data/DATASETS/CodecFake/train/F01_SSB05650373.wav,1
/data/DATASETS/CodecFake/train/F01_SSB06320092.wav,1
/data/DATASETS/CodecFake/train/F01_p297_001.wav,1
/data/DATASETS/CodecFake/train/F01_SSB15850266.wav,1
/data/DATASETS/CodecFake/train/F01_SSB01970144.wav,1
/data/DATASETS/CodecFake/train/F01_SSB13990258.wav,1
/data/DATASETS/CodecFake/train/F01_SSB06070063.wav,1
/data/DATASETS/CodecFake/train/F01_p313_095.wav,1
/data/DATASETS/CodecFake/train/F01_SSB16240506.wav,1
/data/DATASETS/CodecFake/train/F01_SSB14570248.wav,1
/data/DATASETS/CodecFake/train/F01_SSB08170014.wav,1
/data/DATASETS/CodecFake/train/F01_SSB07840341.wav,1
/data/DATASETS/CodecFake/train/F01_SSB04260394.wav,1
/data/DATASETS/CodecFake/train/F01_SSB18630454.wav,1
/data/DATASETS/CodecFake/train/F01_p266_367.wav,1
/data/DATASETS/CodecFake/train/F01_SSB03230082.wav,1
/data/DATASETS/CodecFake/train/F01_p305_135.wav,1
/data/DATASETS/CodecFake/train/F01_SSB10720068.wav,1
/data/DATASETS/CodecFake/train/F01_SSB10010189.wav,1
/data/DATASETS/CodecFake/train/F01_SSB11100239.wav,1
/data/DATASETS/CodecFake/train/F01_SSB14480331.wav,1
/data/DATASETS/CodecFake/train/F01_p271_265.wav,1
/data/DATASETS/CodecFake/train/F01_SSB00570020.wav,1
/data/DATASETS/CodecFake/train/F01_p334_155.wav,1
/data/DATASETS/CodecFake/train/F01_SSB15850223.wav,1
/data/DATASETS/CodecFake/train/F01_SSB06930456.wav,1
/data/DATASETS/CodecFake/train/F01_SSB10080264.wav,1
/data/DATASETS/CodecFake/train/F01_SSB09190034.wav,1
/data/DATASETS/CodecFake/train/F01_SSB10200297.wav,1
/data/DATASETS/CodecFake/train/F01_p271_333.wav,1
/data/DATASETS/CodecFake/train/F01_SSB03230189.wav,1
/data/DATASETS/CodecFake/train/F01_SSB01490155.wav,1
/data/DATASETS/CodecFake/train/F01_SSB16700122.wav,1
/data/DATASETS/CodecFake/train/F01_p238_059.wav,1
/data/DATASETS/CodecFake/train/F01_p266_278.wav,1
/data/DATASETS/CodecFake/train/F01_SSB05700482.wav,1
/data/DATASETS/CodecFake/train/F01_p229_105.wav,1
/data/DATASETS/CodecFake/train/F01_SSB16500272.wav,1
/data/DATASETS/CodecFake/train/F01_SSB00110332.wav,1
/data/DATASETS/CodecFake/train/F01_SSB08090451.wav,1
/data/DATASETS/CodecFake/train/F01_SSB04150109.wav,1
/data/DATASETS/CodecFake/train/F01_p278_011.wav,1
/data/DATASETS/CodecFake/train/F01_p351_396.wav,1
/data/DATASETS/CodecFake/train/F01_p316_039.wav,1
/data/DATASETS/CodecFake/train/F01_SSB17450474.wav,1
/data/DATASETS/CodecFake/train/F01_SSB07000442.wav,1
/data/DATASETS/CodecFake/train/F01_SSB06010322.wav,1
/data/DATASETS/CodecFake/train/F01_SSB16240164.wav,1
/data/DATASETS/CodecFake/train/F01_SSB01120242.wav,1
/data/DATASETS/CodecFake/train/F01_SSB02460162.wav,1
/data/DATASETS/CodecFake/train/F01_SSB02990010.wav,1
/data/DATASETS/CodecFake/train/F01_p323_305.wav,1
/data/DATASETS/CodecFake/train/F01_SSB06030249.wav,1
/data/DATASETS/CodecFake/train/F01_SSB03540269.wav,1
/data/DATASETS/CodecFake/train/F01_SSB02880316.wav,1
/data/DATASETS/CodecFake/train/F01_SSB14480150.wav,1
/data/DATASETS/CodecFake/train/F01_SSB05440206.wav,1
/data/DATASETS/CodecFake/train/F01_p232_095.wav,1
/data/DATASETS/CodecFake/train/F01_SSB01390268.wav,1
/data/DATASETS/CodecFake/train/F01_p241_093.wav,1
/data/DATASETS/CodecFake/train/F01_SSB05340502.wav,1
/data/DATASETS/CodecFake/train/F01_SSB09130003.wav,1
/data/DATASETS/CodecFake/train/F01_p264_351.wav,1
/data/DATASETS/CodecFake/train/F01_SSB07160034.wav,1
/data/DATASETS/CodecFake/train/F01_SSB15930250.wav,1
/data/DATASETS/CodecFake/train/F01_SSB10640139.wav,1
/data/DATASETS/CodecFake/train/F01_SSB17110121.wav,1
/data/DATASETS/CodecFake/train/F01_SSB06660372.wav,1
/data/DATASETS/CodecFake/train/F01_SSB01490093.wav,1
/data/DATASETS/CodecFake/train/F01_p285_308.wav,1
/data/DATASETS/CodecFake/train/F01_SSB11380146.wav,1
/data/DATASETS/CodecFake/train/F01_p243_375.wav,1
/data/DATASETS/CodecFake/train/F01_p253_384.wav,1
/data/DATASETS/CodecFake/train/F01_SSB11360276.wav,1
/data/DATASETS/CodecFake/train/F01_SSB12040203.wav,1
/data/DATASETS/CodecFake/train/F01_SSB07230022.wav,1
/data/DATASETS/CodecFake/train/F01_p317_330.wav,1
/data/DATASETS/CodecFake/train/F01_SSB00330061.wav,1
/data/DATASETS/CodecFake/train/F01_SSB16070215.wav,1
/data/DATASETS/CodecFake/train/F01_SSB03800073.wav,1
/data/DATASETS/CodecFake/train/F01_SSB11760133.wav,1
/data/DATASETS/CodecFake/train/F01_SSB06030014.wav,1
/data/DATASETS/CodecFake/train/F01_p293_241.wav,1
/data/DATASETS/CodecFake/train/F01_p281_211.wav,1
/data/DATASETS/CodecFake/train/F01_p233_017.wav,1
/data/DATASETS/CodecFake/train/F01_SSB02000387.wav,1
/data/DATASETS/CodecFake/train/F01_SSB10010198.wav,1
/data/DATASETS/CodecFake/train/F01_SSB10960499.wav,1
/data/DATASETS/CodecFake/train/F01_SSB10200223.wav,1
/data/DATASETS/CodecFake/train/F01_p229_053.wav,1
/data/DATASETS/CodecFake/train/F01_SSB18460171.wav,1
/data/DATASETS/CodecFake/train/F01_SSB05340157.wav,1
/data/DATASETS/CodecFake/train/F01_p270_363.wav,1
/data/DATASETS/CodecFake/train/F01_SSB10550025.wav,1
/data/DATASETS/CodecFake/train/F01_SSB01220415.wav,1
/data/DATASETS/CodecFake/train/F01_SSB05990392.wav,1
/data/DATASETS/CodecFake/train/F01_SSB00330161.wav,1
/data/DATASETS/CodecFake/train/F01_p318_383.wav,1
/data/DATASETS/CodecFake/train/F01_SSB06710318.wav,1
/data/DATASETS/CodecFake/train/F01_p360_027.wav,1
/data/DATASETS/CodecFake/train/F01_p311_071.wav,1
/data/DATASETS/CodecFake/train/F01_SSB06930286.wav,1
/data/DATASETS/CodecFake/train/F01_SSB09970234.wav,1
/data/DATASETS/CodecFake/train/F01_SSB09660283.wav,1
/data/DATASETS/CodecFake/train/F01_SSB03660307.wav,1
/data/DATASETS/CodecFake/train/F01_p234_348.wav,1
/data/DATASETS/CodecFake/train/F01_p268_037.wav,1
/data/DATASETS/CodecFake/train/F01_SSB01490048.wav,1
/data/DATASETS/CodecFake/train/F01_p292_062.wav,1
/data/DATASETS/CodecFake/train/F01_p226_322.wav,1
/data/DATASETS/CodecFake/train/F01_SSB06090149.wav,1
/data/DATASETS/CodecFake/train/F01_SSB07800104.wav,1
/data/DATASETS/CodecFake/train/F01_SSB05700141.wav,1
/data/DATASETS/CodecFake/train/F01_SSB07370332.wav,1
/data/DATASETS/CodecFake/train/F01_SSB05940361.wav,1
/data/DATASETS/CodecFake/train/F01_SSB04350490.wav,1
/data/DATASETS/CodecFake/train/F01_SSB00800398.wav,1
/data/DATASETS/CodecFake/train/F01_SSB03150092.wav,1
/data/DATASETS/CodecFake/train/F01_SSB07200465.wav,1
/data/DATASETS/CodecFake/train/F01_SSB05880166.wav,1
/data/DATASETS/CodecFake/train/F01_p294_235.wav,1
/data/DATASETS/CodecFake/train/F01_SSB13410461.wav,1
/data/DATASETS/CodecFake/train/F01_SSB06930429.wav,1
/data/DATASETS/CodecFake/train/F01_SSB05340218.wav,1
/data/DATASETS/CodecFake/train/F01_p256_312.wav,1
/data/DATASETS/CodecFake/train/F01_SSB06930284.wav,1
/data/DATASETS/CodecFake/train/F01_p250_305.wav,1
/data/DATASETS/CodecFake/train/F01_p237_003.wav,1
/data/DATASETS/CodecFake/train/F01_p265_260.wav,1
/data/DATASETS/CodecFake/train/F01_p326_319.wav,1
/data/DATASETS/CodecFake/train/F01_SSB01120421.wav,1
/data/DATASETS/CodecFake/train/F01_p272_304.wav,1
/data/DATASETS/CodecFake/train/F01_SSB11260371.wav,1
/data/DATASETS/CodecFake/train/F01_SSB03090395.wav,1
/data/DATASETS/CodecFake/train/F01_SSB06660437.wav,1
/data/DATASETS/CodecFake/train/F01_p280_140.wav,1
/data/DATASETS/CodecFake/train/F01_p285_284.wav,1
/data/DATASETS/CodecFake/train/F01_SSB13660434.wav,1
/data/DATASETS/CodecFake/train/F01_SSB10720437.wav,1
/data/DATASETS/CodecFake/train/F01_SSB01970390.wav,1
/data/DATASETS/CodecFake/train/F01_SSB00050219.wav,1
/data/DATASETS/CodecFake/train/F01_SSB03420282.wav,1
/data/DATASETS/CodecFake/train/F01_SSB00120177.wav,1
/data/DATASETS/CodecFake/train/F01_SSB11260017.wav,1
/data/DATASETS/CodecFake/train/F01_SSB10010010.wav,1
/data/DATASETS/CodecFake/train/F01_SSB19180064.wav,1
/data/DATASETS/CodecFake/train/F01_p253_104.wav,1
/data/DATASETS/CodecFake/train/F01_p243_032.wav,1
/data/DATASETS/CodecFake/train/F01_p233_203.wav,1
/data/DATASETS/CodecFake/train/F01_p226_261.wav,1
/data/DATASETS/CodecFake/train/F01_p248_336.wav,1
/data/DATASETS/CodecFake/train/F01_SSB07110068.wav,1
/data/DATASETS/CodecFake/train/F01_SSB05900330.wav,1
/data/DATASETS/CodecFake/train/F01_SSB04340056.wav,1
/data/DATASETS/CodecFake/train/F01_SSB10640198.wav,1
/data/DATASETS/CodecFake/train/F01_SSB04700238.wav,1
/data/DATASETS/CodecFake/train/F01_SSB07160340.wav,1
/data/DATASETS/CodecFake/train/F01_SSB18100504.wav,1
/data/DATASETS/CodecFake/train/F01_SSB06290341.wav,1
/data/DATASETS/CodecFake/train/F01_SSB14480232.wav,1
/data/DATASETS/CodecFake/train/F01_p323_391.wav,1
/data/DATASETS/CodecFake/train/F01_SSB11350348.wav,1
/data/DATASETS/CodecFake/train/F01_SSB10000103.wav,1
/data/DATASETS/CodecFake/train/F01_SSB16860460.wav,1
/data/DATASETS/CodecFake/train/F01_SSB05020340.wav,1
/data/DATASETS/CodecFake/train/F01_SSB17820233.wav,1
/data/DATASETS/CodecFake/train/F01_p340_352.wav,1
/data/DATASETS/CodecFake/train/F01_p334_126.wav,1
/data/DATASETS/CodecFake/train/F01_SSB14480466.wav,1
/data/DATASETS/CodecFake/train/F01_SSB12160093.wav,1
/data/DATASETS/CodecFake/train/F01_SSB10020061.wav,1
/data/DATASETS/CodecFake/train/F01_SSB06230260.wav,1
/data/DATASETS/CodecFake/train/F01_p232_391.wav,1
/data/DATASETS/CodecFake/train/F01_SSB10640062.wav,1
/data/DATASETS/CodecFake/train/F01_SSB04070432.wav,1
/data/DATASETS/CodecFake/train/F01_SSB00110345.wav,1
/data/DATASETS/CodecFake/train/F01_p285_121.wav,1
/data/DATASETS/CodecFake/train/F01_p305_082.wav,1
/data/DATASETS/CodecFake/train/F01_p312_313.wav,1
/data/DATASETS/CodecFake/train/F01_SSB07580096.wav,1
/data/DATASETS/CodecFake/train/F01_SSB07800029.wav,1
/data/DATASETS/CodecFake/train/F01_p225_282.wav,1
/data/DATASETS/CodecFake/train/F01_p295_193.wav,1
/data/DATASETS/CodecFake/train/F01_SSB05700043.wav,1
/data/DATASETS/CodecFake/train/F01_SSB07000388.wav,1
/data/DATASETS/CodecFake/train/F01_SSB11870428.wav,1
/data/DATASETS/CodecFake/train/F01_SSB00380252.wav,1
/data/DATASETS/CodecFake/train/F01_p238_045.wav,1
/data/DATASETS/CodecFake/train/F01_p316_394.wav,1
/data/DATASETS/CodecFake/train/F01_SSB07370333.wav,1
/data/DATASETS/CodecFake/train/F01_p316_410.wav,1
/data/DATASETS/CodecFake/train/F01_p282_297.wav,1
/data/DATASETS/CodecFake/train/F01_p225_090.wav,1
/data/DATASETS/CodecFake/train/F01_SSB08170183.wav,1
/data/DATASETS/CodecFake/train/F01_SSB14480101.wav,1
/data/DATASETS/CodecFake/train/F01_SSB07780058.wav,1
/data/DATASETS/CodecFake/train/F01_SSB01120039.wav,1
/data/DATASETS/CodecFake/train/F01_SSB07620449.wav,1
/data/DATASETS/CodecFake/train/F01_p258_032.wav,1
/data/DATASETS/CodecFake/train/F01_SSB03950106.wav,1
/data/DATASETS/CodecFake/train/F01_p316_008.wav,1
/data/DATASETS/CodecFake/train/F01_SSB11380341.wav,1
/data/DATASETS/CodecFake/train/F01_p229_052.wav,1
/data/DATASETS/CodecFake/train/F01_p277_021.wav,1
/data/DATASETS/CodecFake/train/F01_p245_030.wav,1
/data/DATASETS/CodecFake/train/F01_SSB02610083.wav,1
/data/DATASETS/CodecFake/train/F01_p283_206.wav,1
/data/DATASETS/CodecFake/train/F01_p343_168.wav,1
/data/DATASETS/CodecFake/train/F01_SSB06680352.wav,1
/data/DATASETS/CodecFake/train/F01_SSB09870476.wav,1
/data/DATASETS/CodecFake/train/F01_SSB07170383.wav,1
/data/DATASETS/CodecFake/train/F01_SSB03660405.wav,1
/data/DATASETS/CodecFake/train/F01_SSB04270472.wav,1
/data/DATASETS/CodecFake/train/F01_p250_233.wav,1
/data/DATASETS/CodecFake/train/F01_SSB19390230.wav,1
/data/DATASETS/CodecFake/train/F01_SSB11150003.wav,1
/data/DATASETS/CodecFake/train/F01_SSB12160424.wav,1
/data/DATASETS/CodecFake/train/F01_p301_034.wav,1
/data/DATASETS/CodecFake/train/F01_SSB00120159.wav,1
/data/DATASETS/CodecFake/train/F01_SSB01390114.wav,1
/data/DATASETS/CodecFake/train/F01_p343_013.wav,1
/data/DATASETS/CodecFake/train/F01_SSB05020098.wav,1
/data/DATASETS/CodecFake/train/F01_p265_256.wav,1
/data/DATASETS/CodecFake/train/F01_p252_008.wav,1
/data/DATASETS/CodecFake/train/F01_p315_242.wav,1
/data/DATASETS/CodecFake/train/F01_p351_012.wav,1
/data/DATASETS/CodecFake/train/F01_SSB03950426.wav,1
/data/DATASETS/CodecFake/train/F01_p330_113.wav,1
/data/DATASETS/CodecFake/train/F01_p238_236.wav,1
/data/DATASETS/CodecFake/train/F01_SSB00120201.wav,1
/data/DATASETS/CodecFake/train/F01_SSB12210433.wav,1
/data/DATASETS/CodecFake/train/F01_SSB16070378.wav,1
/data/DATASETS/CodecFake/train/F01_SSB10200139.wav,1
/data/DATASETS/CodecFake/train/F01_SSB18320302.wav,1
/data/DATASETS/CodecFake/train/F01_SSB01390309.wav,1
/data/DATASETS/CodecFake/train/F01_p305_212.wav,1
/data/DATASETS/CodecFake/train/F01_SSB04150269.wav,1
/data/DATASETS/CodecFake/train/F01_SSB02610434.wav,1
/data/DATASETS/CodecFake/train/F01_p351_404.wav,1
/data/DATASETS/CodecFake/train/F01_p285_124.wav,1
/data/DATASETS/CodecFake/train/F01_p295_389.wav,1
/data/DATASETS/CodecFake/train/F01_SSB09870389.wav,1
/data/DATASETS/CodecFake/train/F01_SSB15850140.wav,1
/data/DATASETS/CodecFake/train/F01_SSB07480352.wav,1
/data/DATASETS/CodecFake/train/F01_SSB03800503.wav,1
/data/DATASETS/CodecFake/train/F01_p286_097.wav,1
/data/DATASETS/CodecFake/train/F01_SSB10240275.wav,1
/data/DATASETS/CodecFake/train/F01_SSB00120255.wav,1
/data/DATASETS/CodecFake/train/F01_SSB03940129.wav,1
/data/DATASETS/CodecFake/train/F01_SSB07510160.wav,1
/data/DATASETS/CodecFake/train/F01_SSB19020176.wav,1
/data/DATASETS/CodecFake/train/F01_SSB01930390.wav,1
/data/DATASETS/CodecFake/train/F01_SSB07940331.wav,1
/data/DATASETS/CodecFake/train/F01_SSB05940025.wav,1
/data/DATASETS/CodecFake/train/F01_p361_210.wav,1
/data/DATASETS/CodecFake/train/F01_SSB18280292.wav,1
/data/DATASETS/CodecFake/train/F01_SSB07160176.wav,1
/data/DATASETS/CodecFake/train/F01_SSB18100362.wav,1
/data/DATASETS/CodecFake/train/F01_SSB06860256.wav,1
/data/DATASETS/CodecFake/train/F01_SSB07480026.wav,1
/data/DATASETS/CodecFake/train/F01_p246_330.wav,1
/data/DATASETS/CodecFake/train/F01_p265_040.wav,1
/data/DATASETS/CodecFake/train/F01_SSB01970028.wav,1
/data/DATASETS/CodecFake/train/F01_SSB00380255.wav,1
/data/DATASETS/CodecFake/train/F01_SSB07490231.wav,1
/data/DATASETS/CodecFake/train/F01_p253_238.wav,1
/data/DATASETS/CodecFake/train/F01_SSB06140059.wav,1
/data/DATASETS/CodecFake/train/F01_SSB05340185.wav,1
/data/DATASETS/CodecFake/train/F01_p252_312.wav,1
/data/DATASETS/CodecFake/train/F01_SSB07110409.wav,1
/data/DATASETS/CodecFake/train/F01_p263_189.wav,1
/data/DATASETS/CodecFake/train/F01_p264_169.wav,1
/data/DATASETS/CodecFake/train/F01_SSB13920170.wav,1
/data/DATASETS/CodecFake/train/F01_p251_165.wav,1
/data/DATASETS/CodecFake/train/F01_p286_214.wav,1
/data/DATASETS/CodecFake/train/F01_p326_278.wav,1
/data/DATASETS/CodecFake/train/F01_SSB03380134.wav,1
/data/DATASETS/CodecFake/train/F01_SSB05390045.wav,1
/data/DATASETS/CodecFake/train/F01_SSB18720219.wav,1
/data/DATASETS/CodecFake/train/F01_SSB06060479.wav,1
/data/DATASETS/CodecFake/train/F01_p262_374.wav,1
/data/DATASETS/CodecFake/train/F01_SSB07780045.wav,1
/data/DATASETS/CodecFake/train/F01_SSB11080289.wav,1
/data/DATASETS/CodecFake/train/F01_SSB00160165.wav,1
/data/DATASETS/CodecFake/train/F01_SSB13820272.wav,1
/data/DATASETS/CodecFake/train/F01_SSB19390467.wav,1
/data/DATASETS/CodecFake/train/F01_p278_057.wav,1
/data/DATASETS/CodecFake/train/F01_SSB17820070.wav,1
/data/DATASETS/CodecFake/train/F01_p262_151.wav,1
/data/DATASETS/CodecFake/train/F01_SSB11970256.wav,1
/data/DATASETS/CodecFake/train/F01_SSB05990287.wav,1
/data/DATASETS/CodecFake/train/F01_SSB07200290.wav,1
/data/DATASETS/CodecFake/train/F01_p313_001.wav,1
/data/DATASETS/CodecFake/train/F01_SSB07020020.wav,1
/data/DATASETS/CodecFake/train/F01_SSB04070363.wav,1
/data/DATASETS/CodecFake/train/F01_SSB00050268.wav,1
/data/DATASETS/CodecFake/train/F01_SSB04270135.wav,1
/data/DATASETS/CodecFake/train/F01_SSB13820259.wav,1
/data/DATASETS/CodecFake/train/F01_SSB00050078.wav,1
/data/DATASETS/CodecFake/train/F01_p245_016.wav,1
/data/DATASETS/CodecFake/train/F01_SSB16070320.wav,1
/data/DATASETS/CodecFake/train/F01_SSB16250011.wav,1
/data/DATASETS/CodecFake/train/F01_SSB07460075.wav,1
/data/DATASETS/CodecFake/train/F01_SSB06230189.wav,1
/data/DATASETS/CodecFake/train/F01_p303_188.wav,1
/data/DATASETS/CodecFake/train/F01_p274_232.wav,1
/data/DATASETS/CodecFake/train/F01_p277_075.wav,1
/data/DATASETS/CodecFake/train/F01_SSB12180022.wav,1
/data/DATASETS/CodecFake/train/F01_SSB10240400.wav,1
/data/DATASETS/CodecFake/train/F01_p248_184.wav,1
/data/DATASETS/CodecFake/train/F01_SSB07510283.wav,1
/data/DATASETS/CodecFake/train/F01_SSB04260463.wav,1
/data/DATASETS/CodecFake/train/F01_SSB05940062.wav,1
/data/DATASETS/CodecFake/train/F01_SSB07510409.wav,1
/data/DATASETS/CodecFake/train/F01_SSB07490139.wav,1
/data/DATASETS/CodecFake/train/F01_SSB19180455.wav,1
/data/DATASETS/CodecFake/train/F01_SSB09970343.wav,1
/data/DATASETS/CodecFake/train/F01_SSB00730053.wav,1
/data/DATASETS/CodecFake/train/F01_SSB14480243.wav,1
/data/DATASETS/CodecFake/train/F01_SSB00730187.wav,1
/data/DATASETS/CodecFake/train/F01_p317_165.wav,1
/data/DATASETS/CodecFake/train/F01_p316_184.wav,1
/data/DATASETS/CodecFake/train/F01_SSB10560463.wav,1
/data/DATASETS/CodecFake/train/F01_SSB16840339.wav,1
/data/DATASETS/CodecFake/train/F01_SSB16500227.wav,1
/data/DATASETS/CodecFake/train/F01_p282_136.wav,1
/data/DATASETS/CodecFake/train/F01_p274_101.wav,1
/data/DATASETS/CodecFake/train/F01_SSB11100217.wav,1
/data/DATASETS/CodecFake/train/F01_SSB05880115.wav,1
/data/DATASETS/CodecFake/train/F01_SSB03850428.wav,1
/data/DATASETS/CodecFake/train/F01_p230_225.wav,1
/data/DATASETS/CodecFake/train/F01_SSB16240498.wav,1
/data/DATASETS/CodecFake/train/F01_p264_216.wav,1
/data/DATASETS/CodecFake/train/F01_SSB01970470.wav,1
/data/DATASETS/CodecFake/train/F01_p254_153.wav,1
/data/DATASETS/CodecFake/train/F01_SSB02610445.wav,1
/data/DATASETS/CodecFake/train/F01_SSB05990198.wav,1
/data/DATASETS/CodecFake/train/F01_p254_217.wav,1
/data/DATASETS/CodecFake/train/F01_p345_241.wav,1
/data/DATASETS/CodecFake/train/F01_SSB04820315.wav,1
/data/DATASETS/CodecFake/train/F01_SSB04270368.wav,1
/data/DATASETS/CodecFake/train/F01_p259_234.wav,1
/data/DATASETS/CodecFake/train/F01_SSB06090091.wav,1
/data/DATASETS/CodecFake/train/F01_SSB01450271.wav,1
/data/DATASETS/CodecFake/train/F01_SSB06930130.wav,1
/data/DATASETS/CodecFake/train/F01_p265_077.wav,1
/data/DATASETS/CodecFake/train/F01_SSB07490022.wav,1
/data/DATASETS/CodecFake/train/F01_SSB12150425.wav,1
/data/DATASETS/CodecFake/train/F01_SSB03090309.wav,1
/data/DATASETS/CodecFake/train/F01_p232_087.wav,1
/data/DATASETS/CodecFake/train/F01_p306_309.wav,1
/data/DATASETS/CodecFake/train/F01_SSB07230091.wav,1
/data/DATASETS/CodecFake/train/F01_SSB16860062.wav,1
/data/DATASETS/CodecFake/train/F01_p267_369.wav,1
/data/DATASETS/CodecFake/train/F01_SSB03230186.wav,1
/data/DATASETS/CodecFake/train/F01_SSB16990311.wav,1
/data/DATASETS/CodecFake/train/F01_SSB01330068.wav,1
/data/DATASETS/CodecFake/train/F01_p234_289.wav,1
/data/DATASETS/CodecFake/train/F01_SSB00380003.wav,1
/data/DATASETS/CodecFake/train/F01_p262_359.wav,1
/data/DATASETS/CodecFake/train/F01_SSB06860383.wav,1
/data/DATASETS/CodecFake/train/F01_p374_248.wav,1
/data/DATASETS/CodecFake/train/F01_p272_252.wav,1
/data/DATASETS/CodecFake/train/F01_SSB01450117.wav,1
/data/DATASETS/CodecFake/train/F01_SSB15550442.wav,1
/data/DATASETS/CodecFake/train/F01_p228_355.wav,1
/data/DATASETS/CodecFake/train/F01_SSB10500234.wav,1
/data/DATASETS/CodecFake/train/F01_p229_245.wav,1
/data/DATASETS/CodecFake/train/F01_SSB09660407.wav,1
/data/DATASETS/CodecFake/train/F01_SSB07510057.wav,1
/data/DATASETS/CodecFake/train/F01_SSB06060374.wav,1
/data/DATASETS/CodecFake/train/F01_SSB07170123.wav,1
/data/DATASETS/CodecFake/train/F01_SSB02990373.wav,1
/data/DATASETS/CodecFake/train/F01_p347_339.wav,1
/data/DATASETS/CodecFake/train/F01_p247_037.wav,1
/data/DATASETS/CodecFake/train/F01_p258_013.wav,1
/data/DATASETS/CodecFake/train/F01_p252_227.wav,1
/data/DATASETS/CodecFake/train/F01_p268_289.wav,1
/data/DATASETS/CodecFake/train/F01_SSB10560291.wav,1
/data/DATASETS/CodecFake/train/F01_SSB10200471.wav,1
/data/DATASETS/CodecFake/train/F01_p316_093.wav,1
/data/DATASETS/CodecFake/train/F01_p302_140.wav,1
/data/DATASETS/CodecFake/train/F01_SSB06680075.wav,1
/data/DATASETS/CodecFake/train/F01_SSB13410051.wav,1
/data/DATASETS/CodecFake/train/F01_SSB01450455.wav,1
/data/DATASETS/CodecFake/train/F01_SSB00730014.wav,1
/data/DATASETS/CodecFake/train/F01_p347_304.wav,1
/data/DATASETS/CodecFake/train/F01_SSB07360031.wav,1
/data/DATASETS/CodecFake/train/F01_SSB03090110.wav,1
/data/DATASETS/CodecFake/train/F01_SSB13220356.wav,1
/data/DATASETS/CodecFake/train/F01_SSB03410309.wav,1
/data/DATASETS/CodecFake/train/F01_p280_271.wav,1
/data/DATASETS/CodecFake/train/F01_SSB11610196.wav,1
/data/DATASETS/CodecFake/train/F01_SSB07480183.wav,1
/data/DATASETS/CodecFake/train/F01_SSB06010318.wav,1
/data/DATASETS/CodecFake/train/F01_SSB02000262.wav,1
/data/DATASETS/CodecFake/train/F01_SSB00050456.wav,1
/data/DATASETS/CodecFake/train/F01_SSB11080175.wav,1
/data/DATASETS/CodecFake/train/F01_SSB05940230.wav,1
/data/DATASETS/CodecFake/train/F01_p300_367.wav,1
/data/DATASETS/CodecFake/train/F01_p254_280.wav,1
/data/DATASETS/CodecFake/train/F01_SSB07510440.wav,1
/data/DATASETS/CodecFake/train/F01_SSB04340273.wav,1
/data/DATASETS/CodecFake/train/F01_p312_324.wav,1
/data/DATASETS/CodecFake/train/F01_SSB02990453.wav,1
/data/DATASETS/CodecFake/train/F01_SSB07170356.wav,1
/data/DATASETS/CodecFake/train/F01_SSB06030172.wav,1
/data/DATASETS/CodecFake/train/F01_SSB03930194.wav,1
/data/DATASETS/CodecFake/train/F01_SSB03420032.wav,1
/data/DATASETS/CodecFake/train/F01_p278_329.wav,1
/data/DATASETS/CodecFake/train/F01_p282_258.wav,1
/data/DATASETS/CodecFake/train/F01_SSB04700294.wav,1
/data/DATASETS/CodecFake/train/F01_p317_051.wav,1
/data/DATASETS/CodecFake/train/F01_SSB03420186.wav,1
/data/DATASETS/CodecFake/train/F01_p317_193.wav,1
/data/DATASETS/CodecFake/train/F01_SSB09190213.wav,1
/data/DATASETS/CodecFake/train/F01_SSB06010167.wav,1
/data/DATASETS/CodecFake/train/F01_p236_057.wav,1
/data/DATASETS/CodecFake/train/F01_p310_152.wav,1
/data/DATASETS/CodecFake/train/F01_SSB01450197.wav,1
/data/DATASETS/CodecFake/train/F01_SSB06320348.wav,1
/data/DATASETS/CodecFake/train/F01_p308_082.wav,1
/data/DATASETS/CodecFake/train/F01_SSB07230278.wav,1
/data/DATASETS/CodecFake/train/F01_p287_025.wav,1
/data/DATASETS/CodecFake/train/F01_SSB01490126.wav,1
/data/DATASETS/CodecFake/train/F01_SSB05440040.wav,1
/data/DATASETS/CodecFake/train/F01_SSB11380387.wav,1
/data/DATASETS/CodecFake/train/F01_SSB08220300.wav,1
/data/DATASETS/CodecFake/train/F01_SSB07460023.wav,1
/data/DATASETS/CodecFake/train/F01_p248_147.wav,1
/data/DATASETS/CodecFake/train/F01_p335_375.wav,1
/data/DATASETS/CodecFake/train/F01_SSB09660213.wav,1
/data/DATASETS/CodecFake/train/F01_SSB11610415.wav,1
/data/DATASETS/CodecFake/train/F01_SSB18460464.wav,1
/data/DATASETS/CodecFake/train/F01_p295_192.wav,1
/data/DATASETS/CodecFake/train/F01_p313_004.wav,1
/data/DATASETS/CodecFake/train/F01_p260_021.wav,1
/data/DATASETS/CodecFake/train/F01_p307_001.wav,1
/data/DATASETS/CodecFake/train/F01_SSB14570155.wav,1
/data/DATASETS/CodecFake/train/F01_p263_268.wav,1
/data/DATASETS/CodecFake/train/F01_p335_259.wav,1
/data/DATASETS/CodecFake/train/F01_SSB02460155.wav,1
/data/DATASETS/CodecFake/train/F01_SSB13770480.wav,1
/data/DATASETS/CodecFake/train/F01_SSB03930097.wav,1
/data/DATASETS/CodecFake/train/F01_SSB03750266.wav,1
/data/DATASETS/CodecFake/train/F01_p283_466.wav,1
/data/DATASETS/CodecFake/train/F01_p297_217.wav,1
/data/DATASETS/CodecFake/train/F01_p231_334.wav,1
/data/DATASETS/CodecFake/train/F01_SSB03940224.wav,1
/data/DATASETS/CodecFake/train/F01_SSB07160302.wav,1
/data/DATASETS/CodecFake/train/F01_SSB05440116.wav,1
/data/DATASETS/CodecFake/train/F01_p330_209.wav,1
/data/DATASETS/CodecFake/train/F01_SSB17110106.wav,1
/data/DATASETS/CodecFake/train/F01_SSB18780018.wav,1
/data/DATASETS/CodecFake/train/F01_SSB15630101.wav,1
/data/DATASETS/CodecFake/train/F01_p277_062.wav,1
/data/DATASETS/CodecFake/train/F01_p256_123.wav,1
/data/DATASETS/CodecFake/train/F01_p339_308.wav,1
/data/DATASETS/CodecFake/train/F01_p271_338.wav,1
/data/DATASETS/CodecFake/train/F01_p317_269.wav,1
/data/DATASETS/CodecFake/train/F01_p326_208.wav,1
/data/DATASETS/CodecFake/train/F01_SSB08510183.wav,1
/data/DATASETS/CodecFake/train/F01_SSB11000297.wav,1
/data/DATASETS/CodecFake/train/F01_SSB08510402.wav,1
/data/DATASETS/CodecFake/train/F01_SSB02610210.wav,1
/data/DATASETS/CodecFake/train/F01_SSB01120441.wav,1
/data/DATASETS/CodecFake/train/F01_p249_174.wav,1
/data/DATASETS/CodecFake/train/F01_SSB05700254.wav,1
/data/DATASETS/CodecFake/train/F01_p232_271.wav,1
/data/DATASETS/CodecFake/train/F01_SSB18720072.wav,1
/data/DATASETS/CodecFake/train/F01_p243_085.wav,1
/data/DATASETS/CodecFake/train/F01_SSB11250476.wav,1
/data/DATASETS/CodecFake/train/F01_p256_209.wav,1
/data/DATASETS/CodecFake/train/F01_SSB19560434.wav,1
/data/DATASETS/CodecFake/train/F01_SSB13770349.wav,1
/data/DATASETS/CodecFake/train/F01_SSB01490036.wav,1
/data/DATASETS/CodecFake/train/F01_p260_191.wav,1
/data/DATASETS/CodecFake/train/F01_p257_296.wav,1
/data/DATASETS/CodecFake/train/F01_p347_278.wav,1
/data/DATASETS/CodecFake/train/F01_SSB00730199.wav,1
/data/DATASETS/CodecFake/train/F01_SSB07100086.wav,1
/data/DATASETS/CodecFake/train/F01_SSB15670449.wav,1
/data/DATASETS/CodecFake/train/F01_p341_387.wav,1
/data/DATASETS/CodecFake/train/F01_SSB00330472.wav,1
/data/DATASETS/CodecFake/train/F01_SSB07620441.wav,1
/data/DATASETS/CodecFake/train/F01_SSB07110069.wav,1
/data/DATASETS/CodecFake/train/F01_SSB03930243.wav,1
/data/DATASETS/CodecFake/train/F01_p345_206.wav,1
/data/DATASETS/CodecFake/train/F01_SSB09130002.wav,1
/data/DATASETS/CodecFake/train/F01_SSB00110362.wav,1
/data/DATASETS/CodecFake/train/F01_SSB16860442.wav,1
/data/DATASETS/CodecFake/train/F01_SSB19560386.wav,1
/data/DATASETS/CodecFake/train/F01_p318_010.wav,1
/data/DATASETS/CodecFake/train/F01_SSB04260408.wav,1
/data/DATASETS/CodecFake/train/F01_SSB05880076.wav,1
/data/DATASETS/CodecFake/train/F01_p345_039.wav,1
/data/DATASETS/CodecFake/train/F01_SSB03800321.wav,1
/data/DATASETS/CodecFake/train/F01_SSB07490215.wav,1
/data/DATASETS/CodecFake/train/F01_SSB03930324.wav,1
/data/DATASETS/CodecFake/train/F01_SSB04340274.wav,1
/data/DATASETS/CodecFake/train/F01_SSB07360256.wav,1
/data/DATASETS/CodecFake/train/F01_SSB07360142.wav,1
/data/DATASETS/CodecFake/train/F01_SSB12030173.wav,1
/data/DATASETS/CodecFake/train/F01_SSB12030389.wav,1
/data/DATASETS/CodecFake/train/F01_SSB05990164.wav,1
/data/DATASETS/CodecFake/train/F01_p266_311.wav,1
/data/DATASETS/CodecFake/train/F01_SSB17110128.wav,1
/data/DATASETS/CodecFake/train/F01_SSB07490384.wav,1
/data/DATASETS/CodecFake/train/F01_SSB07940175.wav,1
/data/DATASETS/CodecFake/train/F01_SSB04070278.wav,1
/data/DATASETS/CodecFake/train/F01_p285_324.wav,1
/data/DATASETS/CodecFake/train/F01_p303_089.wav,1
/data/DATASETS/CodecFake/train/F01_SSB10240167.wav,1
/data/DATASETS/CodecFake/train/F01_SSB00330481.wav,1
/data/DATASETS/CodecFake/train/F01_SSB13770313.wav,1
/data/DATASETS/CodecFake/train/F01_SSB07940397.wav,1
/data/DATASETS/CodecFake/train/F01_SSB15630466.wav,1
/data/DATASETS/CodecFake/train/F01_p293_094.wav,1
/data/DATASETS/CodecFake/train/F01_SSB10560201.wav,1
/data/DATASETS/CodecFake/train/F01_SSB01450016.wav,1
/data/DATASETS/CodecFake/train/F01_p268_143.wav,1
/data/DATASETS/CodecFake/train/F01_SSB16860300.wav,1
/data/DATASETS/CodecFake/train/F01_SSB16250102.wav,1
/data/DATASETS/CodecFake/train/F01_SSB09190065.wav,1
/data/DATASETS/CodecFake/train/F01_SSB07480091.wav,1
/data/DATASETS/CodecFake/train/F01_SSB05900135.wav,1
/data/DATASETS/CodecFake/train/F01_SSB07100193.wav,1
/data/DATASETS/CodecFake/train/F01_SSB07800005.wav,1
/data/DATASETS/CodecFake/train/F01_SSB10200245.wav,1
/data/DATASETS/CodecFake/train/F01_p243_322.wav,1
/data/DATASETS/CodecFake/train/F01_SSB06140389.wav,1
/data/DATASETS/CodecFake/train/F01_SSB19020085.wav,1
/data/DATASETS/CodecFake/train/F01_p300_187.wav,1
/data/DATASETS/CodecFake/train/F01_SSB03410476.wav,1
/data/DATASETS/CodecFake/train/F01_SSB03820409.wav,1
/data/DATASETS/CodecFake/train/F01_SSB04260163.wav,1
/data/DATASETS/CodecFake/train/F01_SSB07620220.wav,1
/data/DATASETS/CodecFake/train/F01_SSB03540430.wav,1
/data/DATASETS/CodecFake/train/F01_p299_021.wav,1
/data/DATASETS/CodecFake/train/F01_p234_356.wav,1
/data/DATASETS/CodecFake/train/F01_SSB13770043.wav,1
/data/DATASETS/CodecFake/train/F01_SSB02670365.wav,1
/data/DATASETS/CodecFake/train/F01_p287_213.wav,1
/data/DATASETS/CodecFake/train/F01_SSB06290256.wav,1
/data/DATASETS/CodecFake/train/F01_SSB05780264.wav,1
/data/DATASETS/CodecFake/train/F01_p248_163.wav,1
/data/DATASETS/CodecFake/train/F01_SSB00120063.wav,1
/data/DATASETS/CodecFake/train/F01_p234_323.wav,1
/data/DATASETS/CodecFake/train/F01_SSB00120266.wav,1
/data/DATASETS/CodecFake/train/F01_SSB18090078.wav,1
/data/DATASETS/CodecFake/train/F01_SSB03660472.wav,1
/data/DATASETS/CodecFake/train/F01_p236_455.wav,1
/data/DATASETS/CodecFake/train/F01_p244_133.wav,1
/data/DATASETS/CodecFake/train/F01_p256_174.wav,1
/data/DATASETS/CodecFake/train/F01_p281_236.wav,1
/data/DATASETS/CodecFake/train/F01_SSB07360057.wav,1
/data/DATASETS/CodecFake/train/F01_SSB06010294.wav,1
/data/DATASETS/CodecFake/train/F01_p311_416.wav,1
/data/DATASETS/CodecFake/train/F01_p240_060.wav,1
/data/DATASETS/CodecFake/train/F01_p299_275.wav,1
/data/DATASETS/CodecFake/train/F01_p274_008.wav,1
/data/DATASETS/CodecFake/train/F01_p376_156.wav,1
/data/DATASETS/CodecFake/train/F01_SSB03850075.wav,1
/data/DATASETS/CodecFake/train/F01_SSB12040335.wav,1
/data/DATASETS/CodecFake/train/F01_p286_001.wav,1
/data/DATASETS/CodecFake/train/F01_SSB07940048.wav,1
/data/DATASETS/CodecFake/train/F01_SSB03930193.wav,1
/data/DATASETS/CodecFake/train/F01_SSB03820214.wav,1
/data/DATASETS/CodecFake/train/F01_SSB11080417.wav,1
/data/DATASETS/CodecFake/train/F01_SSB18090094.wav,1
/data/DATASETS/CodecFake/train/F01_SSB11360244.wav,1
/data/DATASETS/CodecFake/train/F01_p262_318.wav,1
/data/DATASETS/CodecFake/train/F01_SSB06010079.wav,1
/data/DATASETS/CodecFake/train/F01_SSB10500142.wav,1
/data/DATASETS/CodecFake/train/F01_SSB00570443.wav,1
/data/DATASETS/CodecFake/train/F01_SSB06140260.wav,1
/data/DATASETS/CodecFake/train/F01_SSB07230216.wav,1
/data/DATASETS/CodecFake/train/F01_SSB11350162.wav,1
/data/DATASETS/CodecFake/train/F01_p266_283.wav,1
/data/DATASETS/CodecFake/train/F01_SSB15670047.wav,1
/data/DATASETS/CodecFake/train/F01_SSB09350158.wav,1
/data/DATASETS/CodecFake/train/F01_SSB02670233.wav,1
/data/DATASETS/CodecFake/train/F01_p272_107.wav,1
/data/DATASETS/CodecFake/train/F01_SSB04340428.wav,1
/data/DATASETS/CodecFake/train/F01_SSB02990002.wav,1
/data/DATASETS/CodecFake/train/F01_SSB01220053.wav,1
/data/DATASETS/CodecFake/train/F01_SSB07020154.wav,1
/data/DATASETS/CodecFake/train/F01_p238_145.wav,1
/data/DATASETS/CodecFake/train/F01_SSB04820480.wav,1
/data/DATASETS/CodecFake/train/F01_SSB11360026.wav,1
/data/DATASETS/CodecFake/train/F01_SSB06660325.wav,1
/data/DATASETS/CodecFake/train/F01_SSB18910102.wav,1
/data/DATASETS/CodecFake/train/F01_SSB05780197.wav,1
/data/DATASETS/CodecFake/train/F01_SSB00180283.wav,1
/data/DATASETS/CodecFake/train/F01_SSB16240476.wav,1
/data/DATASETS/CodecFake/train/F01_SSB07170012.wav,1
/data/DATASETS/CodecFake/train/F01_p261_354.wav,1
/data/DATASETS/CodecFake/train/F01_p271_211.wav,1
/data/DATASETS/CodecFake/train/F01_SSB11970001.wav,1
/data/DATASETS/CodecFake/train/F01_SSB07800335.wav,1
/data/DATASETS/CodecFake/train/F01_p257_196.wav,1
/data/DATASETS/CodecFake/train/F01_SSB05340350.wav,1
/data/DATASETS/CodecFake/train/F01_SSB04820415.wav,1
/data/DATASETS/CodecFake/train/F01_SSB01120123.wav,1
/data/DATASETS/CodecFake/train/F01_SSB14480214.wav,1
/data/DATASETS/CodecFake/train/F01_p238_269.wav,1
/data/DATASETS/CodecFake/train/F01_p278_349.wav,1
/data/DATASETS/CodecFake/train/F01_p249_159.wav,1
/data/DATASETS/CodecFake/train/F01_SSB13770418.wav,1
/data/DATASETS/CodecFake/train/F01_SSB09970122.wav,1
/data/DATASETS/CodecFake/train/F01_SSB11100396.wav,1
/data/DATASETS/CodecFake/train/F01_SSB19390067.wav,1
/data/DATASETS/CodecFake/train/F01_p308_119.wav,1
/data/DATASETS/CodecFake/train/F01_p288_301.wav,1
/data/DATASETS/CodecFake/train/F01_p305_366.wav,1
/data/DATASETS/CodecFake/train/F01_p343_174.wav,1
/data/DATASETS/CodecFake/train/F01_SSB17820198.wav,1
/data/DATASETS/CodecFake/train/F01_SSB09870493.wav,1
/data/DATASETS/CodecFake/train/F01_SSB03800508.wav,1
/data/DATASETS/CodecFake/train/F01_SSB12390179.wav,1
/data/DATASETS/CodecFake/train/F01_SSB11870130.wav,1
/data/DATASETS/CodecFake/train/F01_p362_178.wav,1
/data/DATASETS/CodecFake/train/F01_p236_348.wav,1
/data/DATASETS/CodecFake/train/F01_SSB07460276.wav,1
/data/DATASETS/CodecFake/train/F01_p233_066.wav,1
/data/DATASETS/CodecFake/train/F01_SSB02880408.wav,1
/data/DATASETS/CodecFake/train/F01_p326_324.wav,1
/data/DATASETS/CodecFake/train/F01_SSB13820046.wav,1
/data/DATASETS/CodecFake/train/F01_SSB07100020.wav,1
/data/DATASETS/CodecFake/train/F01_SSB18910279.wav,1
/data/DATASETS/CodecFake/train/F01_SSB00800422.wav,1
/data/DATASETS/CodecFake/train/F01_p238_342.wav,1
/data/DATASETS/CodecFake/train/F01_SSB13660325.wav,1
/data/DATASETS/CodecFake/train/F01_SSB03930132.wav,1
/data/DATASETS/CodecFake/train/F01_SSB08630148.wav,1
/data/DATASETS/CodecFake/train/F01_SSB05650216.wav,1
/data/DATASETS/CodecFake/train/F01_p313_369.wav,1
/data/DATASETS/CodecFake/train/F01_p231_295.wav,1
/data/DATASETS/CodecFake/train/F01_SSB03660016.wav,1
/data/DATASETS/CodecFake/train/F01_SSB10640129.wav,1
/data/DATASETS/CodecFake/train/F01_SSB11760161.wav,1
/data/DATASETS/CodecFake/train/F01_SSB04820233.wav,1
/data/DATASETS/CodecFake/train/F01_SSB01330175.wav,1
/data/DATASETS/CodecFake/train/F01_SSB03410300.wav,1
/data/DATASETS/CodecFake/train/F01_SSB07780190.wav,1
/data/DATASETS/CodecFake/train/F01_SSB13770315.wav,1
/data/DATASETS/CodecFake/train/F01_SSB03850060.wav,1
/data/DATASETS/CodecFake/train/F01_SSB03750202.wav,1
/data/DATASETS/CodecFake/train/F01_SSB00160453.wav,1
/data/DATASETS/CodecFake/train/F01_SSB06860239.wav,1
/data/DATASETS/CodecFake/train/F01_SSB02000227.wav,1
/data/DATASETS/CodecFake/train/F01_p313_135.wav,1
/data/DATASETS/CodecFake/train/F01_SSB07860472.wav,1
/data/DATASETS/CodecFake/train/F01_SSB02870029.wav,1
/data/DATASETS/CodecFake/train/F01_SSB02410370.wav,1
/data/DATASETS/CodecFake/train/F01_p298_109.wav,1
/data/DATASETS/CodecFake/train/F01_p237_349.wav,1
/data/DATASETS/CodecFake/train/F01_p280_334.wav,1
/data/DATASETS/CodecFake/train/F01_SSB00050410.wav,1
/data/DATASETS/CodecFake/train/F01_SSB11000215.wav,1
/data/DATASETS/CodecFake/train/F01_p233_283.wav,1
/data/DATASETS/CodecFake/train/F01_p280_393.wav,1
/data/DATASETS/CodecFake/train/F01_p258_154.wav,1
/data/DATASETS/CodecFake/train/F01_SSB18090245.wav,1
/data/DATASETS/CodecFake/train/F01_p280_034.wav,1
/data/DATASETS/CodecFake/train/F01_p273_034.wav,1
/data/DATASETS/CodecFake/train/F01_p236_377.wav,1
/data/DATASETS/CodecFake/train/F01_SSB04350315.wav,1
/data/DATASETS/CodecFake/train/F01_SSB11150064.wav,1
/data/DATASETS/CodecFake/train/F01_SSB03410413.wav,1
/data/DATASETS/CodecFake/train/F01_SSB09870351.wav,1
/data/DATASETS/CodecFake/train/F01_SSB07600012.wav,1
/data/DATASETS/CodecFake/train/F01_p269_286.wav,1
/data/DATASETS/CodecFake/train/F01_SSB19020254.wav,1
/data/DATASETS/CodecFake/train/F01_SSB15670347.wav,1
/data/DATASETS/CodecFake/train/F01_SSB03850141.wav,1
/data/DATASETS/CodecFake/train/F01_SSB11260360.wav,1
/data/DATASETS/CodecFake/train/F01_SSB02670397.wav,1
/data/DATASETS/CodecFake/train/F01_SSB09130244.wav,1
/data/DATASETS/CodecFake/train/F01_p318_400.wav,1
/data/DATASETS/CodecFake/train/F01_SSB07510331.wav,1
/data/DATASETS/CodecFake/train/F01_SSB07480149.wav,1
/data/DATASETS/CodecFake/train/F01_SSB06320334.wav,1
/data/DATASETS/CodecFake/train/F01_SSB05700407.wav,1
/data/DATASETS/CodecFake/train/F01_SSB04820163.wav,1
/data/DATASETS/CodecFake/train/F01_SSB12390243.wav,1
/data/DATASETS/CodecFake/train/F01_SSB19180038.wav,1
/data/DATASETS/CodecFake/train/F01_p294_166.wav,1
/data/DATASETS/CodecFake/train/F01_p314_210.wav,1
/data/DATASETS/CodecFake/train/F01_SSB06930033.wav,1
/data/DATASETS/CodecFake/train/F01_p243_342.wav,1
/data/DATASETS/CodecFake/train/F01_p312_032.wav,1
/data/DATASETS/CodecFake/train/F01_SSB02870252.wav,1
/data/DATASETS/CodecFake/train/F01_SSB09190348.wav,1
/data/DATASETS/CodecFake/train/F01_SSB06660310.wav,1
/data/DATASETS/CodecFake/train/F01_SSB10200268.wav,1
/data/DATASETS/CodecFake/train/F01_p361_388.wav,1
/data/DATASETS/CodecFake/train/F01_SSB07200339.wav,1
/data/DATASETS/CodecFake/train/F01_SSB18370396.wav,1
/data/DATASETS/CodecFake/train/F01_p262_179.wav,1
/data/DATASETS/CodecFake/train/F01_SSB00800070.wav,1
/data/DATASETS/CodecFake/train/F01_SSB06860348.wav,1
/data/DATASETS/CodecFake/train/F01_p278_050.wav,1
/data/DATASETS/CodecFake/train/F01_p361_370.wav,1
/data/DATASETS/CodecFake/train/F01_SSB15930212.wav,1
/data/DATASETS/CodecFake/train/F01_p285_224.wav,1
/data/DATASETS/CodecFake/train/F01_p228_018.wav,1
/data/DATASETS/CodecFake/train/F01_SSB11310462.wav,1
/data/DATASETS/CodecFake/train/F01_SSB10960448.wav,1
/data/DATASETS/CodecFake/train/F01_SSB01220383.wav,1
/data/DATASETS/CodecFake/train/F01_p300_091.wav,1
/data/DATASETS/CodecFake/train/F01_SSB02000304.wav,1
/data/DATASETS/CodecFake/train/F01_SSB01970099.wav,1
/data/DATASETS/CodecFake/train/F01_p314_234.wav,1
/data/DATASETS/CodecFake/train/F01_SSB06290350.wav,1
/data/DATASETS/CodecFake/train/F01_p335_047.wav,1
/data/DATASETS/CodecFake/train/F01_p257_278.wav,1
/data/DATASETS/CodecFake/train/F01_p277_084.wav,1
/data/DATASETS/CodecFake/train/F01_SSB03070412.wav,1
/data/DATASETS/CodecFake/train/F01_SSB16250126.wav,1
/data/DATASETS/CodecFake/train/F01_p238_174.wav,1
/data/DATASETS/CodecFake/train/F01_SSB05700448.wav,1
/data/DATASETS/CodecFake/train/F01_SSB03750380.wav,1
/data/DATASETS/CodecFake/train/F01_SSB00050192.wav,1
/data/DATASETS/CodecFake/train/F01_p267_335.wav,1
/data/DATASETS/CodecFake/train/F01_SSB05440329.wav,1
/data/DATASETS/CodecFake/train/F01_SSB00330156.wav,1
/data/DATASETS/CodecFake/train/F01_p345_340.wav,1
/data/DATASETS/CodecFake/train/F01_p317_050.wav,1
/data/DATASETS/CodecFake/train/F01_SSB06290441.wav,1
/data/DATASETS/CodecFake/train/F01_SSB02880449.wav,1
/data/DATASETS/CodecFake/train/F01_p308_399.wav,1
/data/DATASETS/CodecFake/train/F01_p271_298.wav,1
/data/DATASETS/CodecFake/train/F01_p361_352.wav,1
/data/DATASETS/CodecFake/train/F01_p270_428.wav,1
/data/DATASETS/CodecFake/train/F01_p286_382.wav,1
/data/DATASETS/CodecFake/train/F01_p343_122.wav,1
/data/DATASETS/CodecFake/train/F01_SSB01220309.wav,1
/data/DATASETS/CodecFake/train/F01_SSB06140412.wav,1
/data/DATASETS/CodecFake/train/F01_SSB06710393.wav,1
/data/DATASETS/CodecFake/train/F01_SSB11150078.wav,1
/data/DATASETS/CodecFake/train/F01_SSB05780097.wav,1
/data/DATASETS/CodecFake/train/F01_p311_266.wav,1
/data/DATASETS/CodecFake/train/F01_p374_122.wav,1
/data/DATASETS/CodecFake/train/F01_SSB07510116.wav,1
/data/DATASETS/CodecFake/train/F01_SSB03850298.wav,1
/data/DATASETS/CodecFake/train/F01_SSB05020388.wav,1
/data/DATASETS/CodecFake/train/F01_p316_036.wav,1
/data/DATASETS/CodecFake/train/F01_SSB03090456.wav,1
/data/DATASETS/CodecFake/train/F01_SSB04340199.wav,1
/data/DATASETS/CodecFake/train/F01_SSB09870015.wav,1
/data/DATASETS/CodecFake/train/F01_p351_253.wav,1
/data/DATASETS/CodecFake/train/F01_p228_129.wav,1
/data/DATASETS/CodecFake/train/F01_p360_070.wav,1
/data/DATASETS/CodecFake/train/F01_p252_322.wav,1
/data/DATASETS/CodecFake/train/F01_p244_112.wav,1
/data/DATASETS/CodecFake/train/F01_SSB03420483.wav,1
/data/DATASETS/CodecFake/train/F01_SSB05900268.wav,1
/data/DATASETS/CodecFake/train/F01_SSB16990124.wav,1
/data/DATASETS/CodecFake/train/F01_SSB06660157.wav,1
/data/DATASETS/CodecFake/train/F01_SSB06860128.wav,1
/data/DATASETS/CodecFake/train/F01_SSB18460234.wav,1
/data/DATASETS/CodecFake/train/F01_SSB18320253.wav,1
/data/DATASETS/CodecFake/train/F01_SSB03820313.wav,1
/data/DATASETS/CodecFake/train/F01_p249_155.wav,1
/data/DATASETS/CodecFake/train/F01_SSB05700397.wav,1
/data/DATASETS/CodecFake/train/F01_SSB19350430.wav,1
/data/DATASETS/CodecFake/train/F01_p308_208.wav,1
/data/DATASETS/CodecFake/train/F01_SSB02880420.wav,1
/data/DATASETS/CodecFake/train/F01_p277_234.wav,1
/data/DATASETS/CodecFake/train/F01_SSB13280079.wav,1
/data/DATASETS/CodecFake/train/F01_SSB03930261.wav,1
/data/DATASETS/CodecFake/train/F01_SSB06230251.wav,1
/data/DATASETS/CodecFake/train/F01_SSB01450175.wav,1
/data/DATASETS/CodecFake/train/F01_SSB06090217.wav,1
/data/DATASETS/CodecFake/train/F01_SSB17110236.wav,1
/data/DATASETS/CodecFake/train/F01_SSB18320183.wav,1
/data/DATASETS/CodecFake/train/F01_p246_085.wav,1
/data/DATASETS/CodecFake/train/F01_SSB11970060.wav,1
/data/DATASETS/CodecFake/train/F01_SSB18320458.wav,1
/data/DATASETS/CodecFake/train/F01_SSB19020281.wav,1
/data/DATASETS/CodecFake/train/F01_SSB18090241.wav,1
/data/DATASETS/CodecFake/train/F01_p248_100.wav,1
/data/DATASETS/CodecFake/train/F01_SSB03420313.wav,1
/data/DATASETS/CodecFake/train/F01_SSB05700253.wav,1
/data/DATASETS/CodecFake/train/F01_p313_331.wav,1
/data/DATASETS/CodecFake/train/F01_SSB13280444.wav,1
/data/DATASETS/CodecFake/train/F01_p361_312.wav,1
/data/DATASETS/CodecFake/train/F01_SSB01970399.wav,1
/data/DATASETS/CodecFake/train/F01_p302_316.wav,1
/data/DATASETS/CodecFake/train/F01_p248_310.wav,1
/data/DATASETS/CodecFake/train/F01_SSB05880460.wav,1
/data/DATASETS/CodecFake/train/F01_SSB13200115.wav,1
/data/DATASETS/CodecFake/train/F01_p273_178.wav,1
/data/DATASETS/CodecFake/train/F01_p347_156.wav,1
/data/DATASETS/CodecFake/train/F01_SSB05390085.wav,1
/data/DATASETS/CodecFake/train/F01_SSB01330035.wav,1
/data/DATASETS/CodecFake/train/F01_p272_128.wav,1
/data/DATASETS/CodecFake/train/F01_SSB12210205.wav,1
/data/DATASETS/CodecFake/train/F01_SSB06680354.wav,1
/data/DATASETS/CodecFake/train/F01_SSB03820101.wav,1
/data/DATASETS/CodecFake/train/F01_SSB00050442.wav,1
/data/DATASETS/CodecFake/train/F01_p239_189.wav,1
/data/DATASETS/CodecFake/train/F01_SSB07370200.wav,1
/data/DATASETS/CodecFake/train/F01_SSB00090384.wav,1
/data/DATASETS/CodecFake/train/F01_p248_137.wav,1
/data/DATASETS/CodecFake/train/F01_SSB17810462.wav,1
/data/DATASETS/CodecFake/train/F01_SSB04350231.wav,1
/data/DATASETS/CodecFake/train/F01_SSB07200127.wav,1
/data/DATASETS/CodecFake/train/F01_SSB03160195.wav,1
/data/DATASETS/CodecFake/train/F01_SSB08170368.wav,1
/data/DATASETS/CodecFake/train/F01_SSB03090163.wav,1
/data/DATASETS/CodecFake/train/F01_SSB02870048.wav,1
/data/DATASETS/CodecFake/train/F01_p250_431.wav,1
/data/DATASETS/CodecFake/train/F01_SSB02670042.wav,1
/data/DATASETS/CodecFake/train/F01_SSB09660135.wav,1
/data/DATASETS/CodecFake/train/F01_p270_058.wav,1
/data/DATASETS/CodecFake/train/F01_SSB11000218.wav,1
/data/DATASETS/CodecFake/train/F01_SSB11970223.wav,1
/data/DATASETS/CodecFake/train/F01_SSB05650362.wav,1
/data/DATASETS/CodecFake/train/F01_p303_076.wav,1
/data/DATASETS/CodecFake/train/F01_p268_198.wav,1
/data/DATASETS/CodecFake/train/F01_SSB04820351.wav,1
/data/DATASETS/CodecFake/train/F01_p310_392.wav,1
/data/DATASETS/CodecFake/train/F01_SSB16250167.wav,1
/data/DATASETS/CodecFake/train/F01_SSB06660203.wav,1
/data/DATASETS/CodecFake/train/F01_SSB10720151.wav,1
/data/DATASETS/CodecFake/train/F01_p339_048.wav,1
/data/DATASETS/CodecFake/train/F01_p270_403.wav,1
/data/DATASETS/CodecFake/train/F01_SSB04070099.wav,1
/data/DATASETS/CodecFake/train/F01_SSB15750450.wav,1
/data/DATASETS/CodecFake/train/F01_SSB07160167.wav,1
/data/DATASETS/CodecFake/train/F01_p243_006.wav,1
/data/DATASETS/CodecFake/train/F01_SSB07620341.wav,1
/data/DATASETS/CodecFake/train/F01_SSB06030364.wav,1
/data/DATASETS/CodecFake/train/F01_SSB07460146.wav,1
/data/DATASETS/CodecFake/train/F01_SSB02410419.wav,1
/data/DATASETS/CodecFake/train/F01_SSB03380014.wav,1
/data/DATASETS/CodecFake/train/F01_SSB16070022.wav,1
/data/DATASETS/CodecFake/train/F01_SSB05650406.wav,1
/data/DATASETS/CodecFake/train/F01_SSB16250323.wav,1
/data/DATASETS/CodecFake/train/F01_SSB04260076.wav,1
/data/DATASETS/CodecFake/train/F01_SSB16500208.wav,1
/data/DATASETS/CodecFake/train/F01_p258_329.wav,1
/data/DATASETS/CodecFake/train/F01_p232_248.wav,1
/data/DATASETS/CodecFake/train/F01_SSB18720470.wav,1
/data/DATASETS/CodecFake/train/F01_p361_075.wav,1
/data/DATASETS/CodecFake/train/F01_p284_166.wav,1
/data/DATASETS/CodecFake/train/F01_p278_371.wav,1
/data/DATASETS/CodecFake/train/F01_SSB03820376.wav,1
/data/DATASETS/CodecFake/train/F01_SSB09350023.wav,1
/data/DATASETS/CodecFake/train/F01_SSB00050305.wav,1
/data/DATASETS/CodecFake/train/F01_SSB17390179.wav,1
/data/DATASETS/CodecFake/train/F01_SSB07370276.wav,1
/data/DATASETS/CodecFake/train/F01_p298_351.wav,1
/data/DATASETS/CodecFake/train/F01_SSB03070186.wav,1
/data/DATASETS/CodecFake/train/F01_SSB06090424.wav,1
/data/DATASETS/CodecFake/train/F01_p241_371.wav,1
/data/DATASETS/CodecFake/train/F01_p351_194.wav,1
/data/DATASETS/CodecFake/train/F01_SSB09870185.wav,1
/data/DATASETS/CodecFake/train/F01_SSB05900125.wav,1
/data/DATASETS/CodecFake/train/F01_SSB03950320.wav,1
/data/DATASETS/CodecFake/train/F01_p294_269.wav,1
/data/DATASETS/CodecFake/train/F01_SSB00800151.wav,1
/data/DATASETS/CodecFake/train/F01_p312_374.wav,1
/data/DATASETS/CodecFake/train/F01_SSB04820179.wav,1
/data/DATASETS/CodecFake/train/F01_SSB07860052.wav,1
/data/DATASETS/CodecFake/train/F01_SSB02410043.wav,1
/data/DATASETS/CodecFake/train/F01_SSB00180336.wav,1
/data/DATASETS/CodecFake/train/F01_SSB03750382.wav,1
/data/DATASETS/CodecFake/train/F01_SSB16990355.wav,1
/data/DATASETS/CodecFake/train/F01_SSB03160508.wav,1
/data/DATASETS/CodecFake/train/F01_SSB10720113.wav,1
/data/DATASETS/CodecFake/train/F01_SSB02730244.wav,1
/data/DATASETS/CodecFake/train/F01_p326_386.wav,1
/data/DATASETS/CodecFake/train/F01_p236_392.wav,1
/data/DATASETS/CodecFake/train/F01_SSB03940069.wav,1
/data/DATASETS/CodecFake/train/F01_p314_334.wav,1
/data/DATASETS/CodecFake/train/F01_p310_284.wav,1
/data/DATASETS/CodecFake/train/F01_p282_131.wav,1
/data/DATASETS/CodecFake/train/F01_SSB11870396.wav,1
/data/DATASETS/CodecFake/train/F01_SSB14310300.wav,1
/data/DATASETS/CodecFake/train/F01_SSB04700379.wav,1
/data/DATASETS/CodecFake/train/F01_SSB00180060.wav,1
/data/DATASETS/CodecFake/train/F01_SSB02730354.wav,1
/data/DATASETS/CodecFake/train/F01_p258_076.wav,1
/data/DATASETS/CodecFake/train/F01_p247_114.wav,1
/data/DATASETS/CodecFake/train/F01_SSB02610437.wav,1
/data/DATASETS/CodecFake/train/F01_p250_154.wav,1
/data/DATASETS/CodecFake/train/F01_p303_006.wav,1
/data/DATASETS/CodecFake/train/F01_SSB16860126.wav,1
/data/DATASETS/CodecFake/train/F01_SSB05900363.wav,1
/data/DATASETS/CodecFake/train/F01_SSB08510258.wav,1
/data/DATASETS/CodecFake/train/F01_SSB13400298.wav,1
/data/DATASETS/CodecFake/train/F01_SSB03150282.wav,1
/data/DATASETS/CodecFake/train/F01_SSB01120373.wav,1
/data/DATASETS/CodecFake/train/F01_SSB12160162.wav,1
/data/DATASETS/CodecFake/train/F01_SSB11350123.wav,1
/data/DATASETS/CodecFake/train/F01_SSB07510012.wav,1
/data/DATASETS/CodecFake/train/F01_SSB08870395.wav,1
/data/DATASETS/CodecFake/train/F01_SSB09150138.wav,1
/data/DATASETS/CodecFake/train/F01_SSB16990292.wav,1
/data/DATASETS/CodecFake/train/F01_SSB11000433.wav,1
/data/DATASETS/CodecFake/train/F01_SSB06320280.wav,1
/data/DATASETS/CodecFake/train/F01_SSB11150157.wav,1
/data/DATASETS/CodecFake/train/F01_p246_178.wav,1
/data/DATASETS/CodecFake/train/F01_SSB11250284.wav,1
/data/DATASETS/CodecFake/train/F01_SSB11360246.wav,1
/data/DATASETS/CodecFake/train/F01_p229_349.wav,1
/data/DATASETS/CodecFake/train/F01_p247_239.wav,1
/data/DATASETS/CodecFake/train/F01_p285_323.wav,1
/data/DATASETS/CodecFake/train/F01_p240_130.wav,1
/data/DATASETS/CodecFake/train/F01_p254_281.wav,1
/data/DATASETS/CodecFake/train/F01_p266_314.wav,1
/data/DATASETS/CodecFake/train/F01_SSB13660261.wav,1
/data/DATASETS/CodecFake/train/F01_p351_142.wav,1
/data/DATASETS/CodecFake/train/F01_p306_011.wav,1
/data/DATASETS/CodecFake/train/F01_SSB03420465.wav,1
/data/DATASETS/CodecFake/train/F01_SSB04700203.wav,1
/data/DATASETS/CodecFake/train/F01_SSB11150276.wav,1
/data/DATASETS/CodecFake/train/F01_SSB16070131.wav,1
/data/DATASETS/CodecFake/train/F01_SSB07360480.wav,1
/data/DATASETS/CodecFake/train/F01_SSB00090219.wav,1
/data/DATASETS/CodecFake/train/F01_SSB01390210.wav,1
/data/DATASETS/CodecFake/train/F01_p246_281.wav,1
/data/DATASETS/CodecFake/train/F01_p267_341.wav,1
/data/DATASETS/CodecFake/train/F01_SSB05340231.wav,1
/data/DATASETS/CodecFake/train/F01_p312_166.wav,1
/data/DATASETS/CodecFake/train/F01_SSB07370321.wav,1
/data/DATASETS/CodecFake/train/F01_p323_377.wav,1
/data/DATASETS/CodecFake/train/F01_SSB07620472.wav,1
/data/DATASETS/CodecFake/train/F01_p279_089.wav,1
/data/DATASETS/CodecFake/train/F01_SSB09350482.wav,1
/data/DATASETS/CodecFake/train/F01_p262_317.wav,1
/data/DATASETS/CodecFake/train/F01_SSB18910206.wav,1
/data/DATASETS/CodecFake/train/F01_p232_352.wav,1
/data/DATASETS/CodecFake/train/F01_p252_242.wav,1
/data/DATASETS/CodecFake/train/F01_SSB11310200.wav,1
/data/DATASETS/CodecFake/train/F01_SSB13650097.wav,1
/data/DATASETS/CodecFake/train/F01_SSB02410160.wav,1
/data/DATASETS/CodecFake/train/F01_p288_318.wav,1
/data/DATASETS/CodecFake/train/F01_p234_019.wav,1
/data/DATASETS/CodecFake/train/F01_SSB04150070.wav,1
/data/DATASETS/CodecFake/train/F01_SSB15550314.wav,1
/data/DATASETS/CodecFake/train/F01_p233_199.wav,1
/data/DATASETS/CodecFake/train/F01_SSB00160343.wav,1
/data/DATASETS/CodecFake/train/F01_SSB02670421.wav,1
/data/DATASETS/CodecFake/train/F01_SSB07110171.wav,1
/data/DATASETS/CodecFake/train/F01_p362_412.wav,1
/data/DATASETS/CodecFake/train/F01_SSB11000453.wav,1
/data/DATASETS/CodecFake/train/F01_SSB07160096.wav,1
/data/DATASETS/CodecFake/train/F01_SSB19020328.wav,1
/data/DATASETS/CodecFake/train/F01_SSB02460261.wav,1
/data/DATASETS/CodecFake/train/F01_p351_166.wav,1
/data/DATASETS/CodecFake/train/F01_SSB17810488.wav,1
/data/DATASETS/CodecFake/train/F01_SSB09130007.wav,1
/data/DATASETS/CodecFake/train/F01_SSB07510102.wav,1
/data/DATASETS/CodecFake/train/F01_SSB07840185.wav,1
/data/DATASETS/CodecFake/train/F01_SSB06230188.wav,1
/data/DATASETS/CodecFake/train/F01_p288_249.wav,1
/data/DATASETS/CodecFake/train/F01_SSB14480011.wav,1
/data/DATASETS/CodecFake/train/F01_SSB00800243.wav,1
/data/DATASETS/CodecFake/train/F01_p294_077.wav,1
/data/DATASETS/CodecFake/train/F01_SSB02460380.wav,1
/data/DATASETS/CodecFake/train/F01_p343_372.wav,1
/data/DATASETS/CodecFake/train/F01_SSB03230388.wav,1
/data/DATASETS/CodecFake/train/F01_SSB07460355.wav,1
/data/DATASETS/CodecFake/train/F01_SSB04700037.wav,1
/data/DATASETS/CodecFake/train/F01_SSB12040436.wav,1
/data/DATASETS/CodecFake/train/F01_SSB04270217.wav,1
/data/DATASETS/CodecFake/train/F01_SSB08510262.wav,1
/data/DATASETS/CodecFake/train/F01_SSB18310121.wav,1
/data/DATASETS/CodecFake/train/F01_SSB06010096.wav,1
/data/DATASETS/CodecFake/train/F01_SSB18320313.wav,1
/data/DATASETS/CodecFake/train/F01_SSB03820061.wav,1
/data/DATASETS/CodecFake/train/F01_p241_343.wav,1
/data/DATASETS/CodecFake/train/F01_p245_177.wav,1
/data/DATASETS/CodecFake/train/F01_SSB07020379.wav,1
/data/DATASETS/CodecFake/train/F01_p310_084.wav,1
/data/DATASETS/CodecFake/train/F01_p351_134.wav,1
/data/DATASETS/CodecFake/train/F01_SSB00800068.wav,1
/data/DATASETS/CodecFake/train/F01_SSB12030258.wav,1
/data/DATASETS/CodecFake/train/F01_SSB03820438.wav,1
/data/DATASETS/CodecFake/train/F01_SSB02460242.wav,1
/data/DATASETS/CodecFake/train/F01_SSB05900303.wav,1
/data/DATASETS/CodecFake/train/F01_SSB07230292.wav,1
/data/DATASETS/CodecFake/train/F01_p326_254.wav,1
/data/DATASETS/CodecFake/train/F01_SSB18320121.wav,1
/data/DATASETS/CodecFake/train/F01_p299_140.wav,1
/data/DATASETS/CodecFake/train/F01_SSB13650278.wav,1
/data/DATASETS/CodecFake/train/F01_SSB09130048.wav,1
/data/DATASETS/CodecFake/train/F01_SSB05650195.wav,1
/data/DATASETS/CodecFake/train/F01_SSB07780203.wav,1
/data/DATASETS/CodecFake/train/F01_SSB05020398.wav,1
/data/DATASETS/CodecFake/train/F01_SSB18780383.wav,1
/data/DATASETS/CodecFake/train/F01_p364_040.wav,1
/data/DATASETS/CodecFake/train/F01_SSB07160115.wav,1
/data/DATASETS/CodecFake/train/F01_SSB16500098.wav,1
/data/DATASETS/CodecFake/train/F01_SSB06030262.wav,1
/data/DATASETS/CodecFake/train/F01_SSB19390159.wav,1
/data/DATASETS/CodecFake/train/F01_SSB19180066.wav,1
/data/DATASETS/CodecFake/train/F01_SSB10010376.wav,1
/data/DATASETS/CodecFake/train/F01_SSB04820229.wav,1
/data/DATASETS/CodecFake/train/F01_p307_044.wav,1
/data/DATASETS/CodecFake/train/F01_SSB09350045.wav,1
/data/DATASETS/CodecFake/train/F01_SSB02730164.wav,1
/data/DATASETS/CodecFake/train/F01_p300_326.wav,1
/data/DATASETS/CodecFake/train/F01_p226_330.wav,1
/data/DATASETS/CodecFake/train/F01_p274_175.wav,1
/data/DATASETS/CodecFake/train/F01_SSB07370283.wav,1
/data/DATASETS/CodecFake/train/F01_p333_076.wav,1
/data/DATASETS/CodecFake/train/F01_p258_040.wav,1
/data/DATASETS/CodecFake/train/F01_SSB18910403.wav,1
/data/DATASETS/CodecFake/train/F01_SSB01490361.wav,1
/data/DATASETS/CodecFake/train/F01_SSB17590272.wav,1
/data/DATASETS/CodecFake/train/F01_p234_079.wav,1
/data/DATASETS/CodecFake/train/F01_p285_135.wav,1
/data/DATASETS/CodecFake/train/F01_SSB02610035.wav,1
/data/DATASETS/CodecFake/train/F01_p316_247.wav,1
/data/DATASETS/CodecFake/train/F01_SSB07600396.wav,1
/data/DATASETS/CodecFake/train/F01_p286_207.wav,1
/data/DATASETS/CodecFake/train/F01_p281_035.wav,1
/data/DATASETS/CodecFake/train/F01_p314_399.wav,1
/data/DATASETS/CodecFake/train/F01_SSB10910178.wav,1
/data/DATASETS/CodecFake/train/F01_SSB02410379.wav,1
/data/DATASETS/CodecFake/train/F01_SSB09660510.wav,1
/data/DATASETS/CodecFake/train/F01_p270_271.wav,1
/data/DATASETS/CodecFake/train/F01_p299_371.wav,1
/data/DATASETS/CodecFake/train/F01_SSB05990231.wav,1
/data/DATASETS/CodecFake/train/F01_SSB06310321.wav,1
/data/DATASETS/CodecFake/train/F01_SSB01970264.wav,1
/data/DATASETS/CodecFake/train/F01_SSB10080211.wav,1
/data/DATASETS/CodecFake/train/F01_SSB05990355.wav,1
/data/DATASETS/CodecFake/train/F01_SSB09870095.wav,1
/data/DATASETS/CodecFake/train/F01_SSB03930281.wav,1
/data/DATASETS/CodecFake/train/F01_SSB02990330.wav,1
/data/DATASETS/CodecFake/train/F01_SSB07840021.wav,1
/data/DATASETS/CodecFake/train/F01_SSB04070181.wav,1
/data/DATASETS/CodecFake/train/F01_p237_011.wav,1
/data/DATASETS/CodecFake/train/F01_SSB02410106.wav,1
/data/DATASETS/CodecFake/train/F01_SSB07100012.wav,1
/data/DATASETS/CodecFake/train/F01_SSB00800179.wav,1
/data/DATASETS/CodecFake/train/F01_p300_197.wav,1
/data/DATASETS/CodecFake/train/F01_SSB09350085.wav,1
/data/DATASETS/CodecFake/train/F01_SSB00570261.wav,1
/data/DATASETS/CodecFake/train/F01_SSB07200154.wav,1
/data/DATASETS/CodecFake/train/F01_SSB00730312.wav,1
/data/DATASETS/CodecFake/train/F01_SSB00330128.wav,1
/data/DATASETS/CodecFake/train/F01_SSB05990131.wav,1
/data/DATASETS/CodecFake/train/F01_p345_013.wav,1
/data/DATASETS/CodecFake/train/F01_SSB09930417.wav,1
/data/DATASETS/CodecFake/train/F01_SSB18630467.wav,1
/data/DATASETS/CodecFake/train/F01_SSB01930430.wav,1
/data/DATASETS/CodecFake/train/F01_p228_264.wav,1
/data/DATASETS/CodecFake/train/F01_SSB06030483.wav,1
/data/DATASETS/CodecFake/train/F01_SSB06860467.wav,1
/data/DATASETS/CodecFake/train/F01_SSB12040060.wav,1
/data/DATASETS/CodecFake/train/F01_SSB02610321.wav,1
/data/DATASETS/CodecFake/train/F01_SSB19180055.wav,1
/data/DATASETS/CodecFake/train/F01_SSB08710395.wav,1
/data/DATASETS/CodecFake/train/F01_SSB06660485.wav,1
/data/DATASETS/CodecFake/train/F01_SSB17110455.wav,1
/data/DATASETS/CodecFake/train/F01_SSB02880429.wav,1
/data/DATASETS/CodecFake/train/F01_SSB18060014.wav,1
/data/DATASETS/CodecFake/train/F01_SSB03410148.wav,1
/data/DATASETS/CodecFake/train/F01_SSB05700076.wav,1
/data/DATASETS/CodecFake/train/F01_SSB00430451.wav,1
/data/DATASETS/CodecFake/train/F01_SSB18910448.wav,1
/data/DATASETS/CodecFake/train/F01_SSB01930077.wav,1
/data/DATASETS/CodecFake/train/F01_p264_071.wav,1
/data/DATASETS/CodecFake/train/F01_p341_339.wav,1
/data/DATASETS/CodecFake/train/F01_SSB05900150.wav,1
/data/DATASETS/CodecFake/train/F01_p280_400.wav,1
/data/DATASETS/CodecFake/train/F01_SSB00430308.wav,1
/data/DATASETS/CodecFake/train/F01_p238_249.wav,1
/data/DATASETS/CodecFake/train/F01_p334_368.wav,1
/data/DATASETS/CodecFake/train/F01_p314_146.wav,1
/data/DATASETS/CodecFake/train/F01_SSB15930471.wav,1
/data/DATASETS/CodecFake/train/F01_p250_413.wav,1
/data/DATASETS/CodecFake/train/F01_p226_058.wav,1
/data/DATASETS/CodecFake/train/F01_SSB15750424.wav,1
/data/DATASETS/CodecFake/train/F01_SSB11380135.wav,1
/data/DATASETS/CodecFake/train/F01_SSB19020172.wav,1
/data/DATASETS/CodecFake/train/F01_p249_146.wav,1
/data/DATASETS/CodecFake/train/F01_SSB13660428.wav,1
/data/DATASETS/CodecFake/train/F01_SSB16840384.wav,1
/data/DATASETS/CodecFake/train/F01_SSB00430046.wav,1
/data/DATASETS/CodecFake/train/F01_SSB07370027.wav,1
/data/DATASETS/CodecFake/train/F01_p313_046.wav,1
/data/DATASETS/CodecFake/train/F01_p307_315.wav,1
/data/DATASETS/CodecFake/train/F01_SSB19560265.wav,1
/data/DATASETS/CodecFake/train/F01_SSB18320045.wav,1
/data/DATASETS/CodecFake/train/F01_SSB02000332.wav,1
/data/DATASETS/CodecFake/train/F01_p318_397.wav,1
/data/DATASETS/CodecFake/train/F01_SSB03090132.wav,1
/data/DATASETS/CodecFake/train/F01_p335_337.wav,1
/data/DATASETS/CodecFake/train/F01_SSB06310063.wav,1
/data/DATASETS/CodecFake/train/F01_p306_092.wav,1
/data/DATASETS/CodecFake/train/F01_p232_203.wav,1
/data/DATASETS/CodecFake/train/F01_SSB09870067.wav,1
/data/DATASETS/CodecFake/train/F01_SSB00180052.wav,1
/data/DATASETS/CodecFake/train/F01_p277_418.wav,1
/data/DATASETS/CodecFake/train/F01_p247_227.wav,1
/data/DATASETS/CodecFake/train/F01_SSB07460303.wav,1
/data/DATASETS/CodecFake/train/F01_p302_123.wav,1
/data/DATASETS/CodecFake/train/F01_SSB19350213.wav,1
/data/DATASETS/CodecFake/train/F01_SSB19350060.wav,1
/data/DATASETS/CodecFake/train/F01_SSB07490321.wav,1
/data/DATASETS/CodecFake/train/F01_p345_054.wav,1
/data/DATASETS/CodecFake/train/F01_SSB11380323.wav,1
/data/DATASETS/CodecFake/train/F01_SSB06230120.wav,1
/data/DATASETS/CodecFake/train/F01_SSB18060370.wav,1
/data/DATASETS/CodecFake/train/F01_SSB03150368.wav,1
/data/DATASETS/CodecFake/train/F01_SSB11350340.wav,1
/data/DATASETS/CodecFake/train/F01_SSB03390213.wav,1
/data/DATASETS/CodecFake/train/F01_p333_098.wav,1
/data/DATASETS/CodecFake/train/F01_p292_421.wav,1
/data/DATASETS/CodecFake/train/F01_SSB03790332.wav,1
/data/DATASETS/CodecFake/train/F01_p233_185.wav,1
/data/DATASETS/CodecFake/train/F01_p292_123.wav,1
/data/DATASETS/CodecFake/train/F01_p280_208.wav,1
/data/DATASETS/CodecFake/train/F01_SSB06010195.wav,1
/data/DATASETS/CodecFake/train/F01_SSB07170277.wav,1
/data/DATASETS/CodecFake/train/F01_SSB18320106.wav,1
/data/DATASETS/CodecFake/train/F01_SSB19020111.wav,1
/data/DATASETS/CodecFake/train/F01_SSB03380051.wav,1
/data/DATASETS/CodecFake/train/F01_SSB04700056.wav,1
/data/DATASETS/CodecFake/train/F01_SSB16500193.wav,1
/data/DATASETS/CodecFake/train/F01_SSB16250494.wav,1
/data/DATASETS/CodecFake/train/F01_p252_235.wav,1
/data/DATASETS/CodecFake/train/F01_SSB14480022.wav,1
/data/DATASETS/CodecFake/train/F01_SSB01490163.wav,1
/data/DATASETS/CodecFake/train/F01_SSB00330495.wav,1
/data/DATASETS/CodecFake/train/F01_SSB13820460.wav,1
/data/DATASETS/CodecFake/train/F01_SSB08170202.wav,1
/data/DATASETS/CodecFake/train/F01_SSB07860103.wav,1
/data/DATASETS/CodecFake/train/F01_SSB02870062.wav,1
/data/DATASETS/CodecFake/train/F01_p340_291.wav,1
/data/DATASETS/CodecFake/train/F01_SSB07460412.wav,1
/data/DATASETS/CodecFake/train/F01_SSB06710416.wav,1
/data/DATASETS/CodecFake/train/F01_p308_329.wav,1
/data/DATASETS/CodecFake/train/F01_SSB17590022.wav,1
/data/DATASETS/CodecFake/train/F01_p360_267.wav,1
/data/DATASETS/CodecFake/train/F01_p304_045.wav,1
/data/DATASETS/CodecFake/train/F01_p298_328.wav,1
/data/DATASETS/CodecFake/train/F01_SSB05940103.wav,1
/data/DATASETS/CodecFake/train/F01_SSB13200375.wav,1
/data/DATASETS/CodecFake/train/F01_SSB02670117.wav,1
/data/DATASETS/CodecFake/train/F01_SSB11310498.wav,1
/data/DATASETS/CodecFake/train/F01_p374_276.wav,1
/data/DATASETS/CodecFake/train/F01_SSB03160205.wav,1
/data/DATASETS/CodecFake/train/F01_p234_047.wav,1
/data/DATASETS/CodecFake/train/F01_p326_031.wav,1
/data/DATASETS/CodecFake/train/F01_SSB09130151.wav,1
/data/DATASETS/CodecFake/train/F01_SSB04150300.wav,1
/data/DATASETS/CodecFake/train/F01_SSB03160120.wav,1
/data/DATASETS/CodecFake/train/F01_SSB18090116.wav,1
/data/DATASETS/CodecFake/train/F01_SSB06320267.wav,1
/data/DATASETS/CodecFake/train/F01_SSB14080350.wav,1
/data/DATASETS/CodecFake/train/F01_SSB11350204.wav,1
/data/DATASETS/CodecFake/train/F01_SSB14520057.wav,1
/data/DATASETS/CodecFake/train/F01_SSB07000337.wav,1
/data/DATASETS/CodecFake/train/F01_p329_401.wav,1
/data/DATASETS/CodecFake/train/F01_SSB10550051.wav,1
/data/DATASETS/CodecFake/train/F01_SSB09660297.wav,1
/data/DATASETS/CodecFake/train/F01_SSB00430020.wav,1
/data/DATASETS/CodecFake/train/F01_SSB07860380.wav,1
/data/DATASETS/CodecFake/train/F01_p347_086.wav,1
/data/DATASETS/CodecFake/train/F01_SSB16300501.wav,1
/data/DATASETS/CodecFake/train/F01_p304_206.wav,1
/data/DATASETS/CodecFake/train/F01_SSB02410014.wav,1
/data/DATASETS/CodecFake/train/F01_SSB03160062.wav,1
/data/DATASETS/CodecFake/train/F01_SSB10200070.wav,1
/data/DATASETS/CodecFake/train/F01_p236_404.wav,1
/data/DATASETS/CodecFake/train/F01_SSB10240049.wav,1
/data/DATASETS/CodecFake/train/F01_p263_184.wav,1
/data/DATASETS/CodecFake/train/F01_p257_158.wav,1
/data/DATASETS/CodecFake/train/F01_p225_352.wav,1
/data/DATASETS/CodecFake/train/F01_SSB02880117.wav,1
/data/DATASETS/CodecFake/train/F01_SSB16250025.wav,1
/data/DATASETS/CodecFake/train/F01_SSB07110046.wav,1
/data/DATASETS/CodecFake/train/F01_p244_274.wav,1
/data/DATASETS/CodecFake/train/F01_SSB07800476.wav,1
/data/DATASETS/CodecFake/train/F01_p225_196.wav,1
/data/DATASETS/CodecFake/train/F01_SSB05650124.wav,1
/data/DATASETS/CodecFake/train/F01_SSB13830269.wav,1
/data/DATASETS/CodecFake/train/F01_SSB12160220.wav,1
/data/DATASETS/CodecFake/train/F01_SSB16240165.wav,1
/data/DATASETS/CodecFake/train/F01_p261_094.wav,1
/data/DATASETS/CodecFake/train/F01_p254_066.wav,1
/data/DATASETS/CodecFake/train/F01_SSB04340219.wav,1
/data/DATASETS/CodecFake/train/F01_SSB18370220.wav,1
/data/DATASETS/CodecFake/train/F01_SSB05990332.wav,1
/data/DATASETS/CodecFake/train/F01_SSB05390044.wav,1
/data/DATASETS/CodecFake/train/F01_SSB00430235.wav,1
/data/DATASETS/CodecFake/train/F01_p301_305.wav,1
/data/DATASETS/CodecFake/train/F01_SSB08870320.wav,1
/data/DATASETS/CodecFake/train/F01_p302_070.wav,1
/data/DATASETS/CodecFake/train/F01_SSB03540448.wav,1
/data/DATASETS/CodecFake/train/F01_SSB10240039.wav,1
/data/DATASETS/CodecFake/train/F01_SSB07940010.wav,1
/data/DATASETS/CodecFake/train/F01_SSB00180252.wav,1
/data/DATASETS/CodecFake/train/F01_p239_368.wav,1
/data/DATASETS/CodecFake/train/F01_p255_185.wav,1
/data/DATASETS/CodecFake/train/F01_SSB16250292.wav,1
/data/DATASETS/CodecFake/train/F01_p294_301.wav,1
/data/DATASETS/CodecFake/train/F01_SSB08510253.wav,1
/data/DATASETS/CodecFake/train/F01_SSB15630249.wav,1
/data/DATASETS/CodecFake/train/F01_SSB06010255.wav,1
/data/DATASETS/CodecFake/train/F01_SSB10010218.wav,1
/data/DATASETS/CodecFake/train/F01_p282_175.wav,1
/data/DATASETS/CodecFake/train/F01_SSB12180425.wav,1
/data/DATASETS/CodecFake/train/F01_p294_095.wav,1
/data/DATASETS/CodecFake/train/F01_SSB09190454.wav,1
/data/DATASETS/CodecFake/train/F01_SSB00050162.wav,1
/data/DATASETS/CodecFake/train/F01_SSB12150236.wav,1
/data/DATASETS/CodecFake/train/F01_SSB08170074.wav,1
/data/DATASETS/CodecFake/train/F01_SSB06860078.wav,1
/data/DATASETS/CodecFake/train/F01_p293_097.wav,1
/data/DATASETS/CodecFake/train/F01_p236_212.wav,1
/data/DATASETS/CodecFake/train/F01_SSB00800011.wav,1
/data/DATASETS/CodecFake/train/F01_SSB06930461.wav,1
/data/DATASETS/CodecFake/train/F01_SSB07160012.wav,1
/data/DATASETS/CodecFake/train/F01_p269_167.wav,1
/data/DATASETS/CodecFake/train/F01_SSB01120155.wav,1
/data/DATASETS/CodecFake/train/F01_SSB13220014.wav,1
/data/DATASETS/CodecFake/train/F01_SSB10500312.wav,1
/data/DATASETS/CodecFake/train/F01_SSB15630307.wav,1
/data/DATASETS/CodecFake/train/F01_SSB00120462.wav,1
/data/DATASETS/CodecFake/train/F01_SSB11260444.wav,1
/data/DATASETS/CodecFake/train/F01_p231_405.wav,1
/data/DATASETS/CodecFake/train/F01_p254_091.wav,1
/data/DATASETS/CodecFake/train/F01_SSB03850454.wav,1
/data/DATASETS/CodecFake/train/F01_SSB18320043.wav,1
/data/DATASETS/CodecFake/train/F01_p246_308.wav,1
/data/DATASETS/CodecFake/train/F01_p376_245.wav,1
/data/DATASETS/CodecFake/train/F01_SSB09130192.wav,1
/data/DATASETS/CodecFake/train/F01_SSB05340452.wav,1
/data/DATASETS/CodecFake/train/F01_SSB05340318.wav,1
/data/DATASETS/CodecFake/train/F01_SSB09130467.wav,1
/data/DATASETS/CodecFake/train/F01_SSB07230462.wav,1
/data/DATASETS/CodecFake/train/F01_SSB18320233.wav,1
/data/DATASETS/CodecFake/train/F01_SSB11610444.wav,1
/data/DATASETS/CodecFake/train/F01_SSB04270172.wav,1
/data/DATASETS/CodecFake/train/F01_p247_007.wav,1
/data/DATASETS/CodecFake/train/F01_SSB05440119.wav,1
/data/DATASETS/CodecFake/train/F01_SSB03940018.wav,1
/data/DATASETS/CodecFake/train/F01_p312_249.wav,1
/data/DATASETS/CodecFake/train/F01_SSB11610089.wav,1
/data/DATASETS/CodecFake/train/F01_p288_132.wav,1
/data/DATASETS/CodecFake/train/F01_p345_051.wav,1
/data/DATASETS/CodecFake/train/F01_SSB03660220.wav,1
/data/DATASETS/CodecFake/train/F01_p243_225.wav,1
/data/DATASETS/CodecFake/train/F01_SSB06140017.wav,1
/data/DATASETS/CodecFake/train/F01_SSB06010086.wav,1
/data/DATASETS/CodecFake/train/F01_SSB00430161.wav,1
/data/DATASETS/CodecFake/train/F01_SSB13770074.wav,1
/data/DATASETS/CodecFake/train/F01_p297_270.wav,1
/data/DATASETS/CodecFake/train/F01_SSB16300411.wav,1
/data/DATASETS/CodecFake/train/F01_SSB10550140.wav,1
/data/DATASETS/CodecFake/train/F01_SSB10720461.wav,1
/data/DATASETS/CodecFake/train/F01_SSB13220104.wav,1
/data/DATASETS/CodecFake/train/F01_SSB06070070.wav,1
/data/DATASETS/CodecFake/train/F01_SSB07510259.wav,1
/data/DATASETS/CodecFake/train/F01_SSB03800385.wav,1
/data/DATASETS/CodecFake/train/F01_SSB00570294.wav,1
/data/DATASETS/CodecFake/train/F01_SSB05440209.wav,1
/data/DATASETS/CodecFake/train/F01_SSB07000476.wav,1
/data/DATASETS/CodecFake/train/F01_SSB19350356.wav,1
/data/DATASETS/CodecFake/train/F01_SSB03410139.wav,1
/data/DATASETS/CodecFake/train/F01_SSB07200258.wav,1
/data/DATASETS/CodecFake/train/F01_SSB09970030.wav,1
/data/DATASETS/CodecFake/train/F01_SSB18720092.wav,1
/data/DATASETS/CodecFake/train/F01_SSB12740006.wav,1
/data/DATASETS/CodecFake/train/F01_p284_146.wav,1
/data/DATASETS/CodecFake/train/F01_p255_276.wav,1
/data/DATASETS/CodecFake/train/F01_p376_049.wav,1
/data/DATASETS/CodecFake/train/F01_SSB16700154.wav,1
/data/DATASETS/CodecFake/train/F01_SSB03070103.wav,1
/data/DATASETS/CodecFake/train/F01_p374_293.wav,1
/data/DATASETS/CodecFake/train/F01_p252_018.wav,1
/data/DATASETS/CodecFake/train/F01_SSB01970437.wav,1
/data/DATASETS/CodecFake/train/F01_SSB16240505.wav,1
/data/DATASETS/CodecFake/train/F01_p288_238.wav,1
/data/DATASETS/CodecFake/train/F01_SSB09660045.wav,1
/data/DATASETS/CodecFake/train/F01_SSB00330130.wav,1
/data/DATASETS/CodecFake/train/F01_SSB03420294.wav,1
/data/DATASETS/CodecFake/train/F01_SSB10960352.wav,1
/data/DATASETS/CodecFake/train/F01_p229_278.wav,1
/data/DATASETS/CodecFake/train/F01_p227_116.wav,1
/data/DATASETS/CodecFake/train/F01_p231_228.wav,1
/data/DATASETS/CodecFake/train/F01_SSB06230038.wav,1
/data/DATASETS/CodecFake/train/F01_p318_380.wav,1
/data/DATASETS/CodecFake/train/F01_p311_396.wav,1
/data/DATASETS/CodecFake/train/F01_SSB01390487.wav,1
/data/DATASETS/CodecFake/train/F01_SSB03150122.wav,1
/data/DATASETS/CodecFake/train/F01_SSB11970250.wav,1
/data/DATASETS/CodecFake/train/F01_SSB07160228.wav,1
/data/DATASETS/CodecFake/train/F01_SSB09870262.wav,1
/data/DATASETS/CodecFake/train/F01_p286_079.wav,1
/data/DATASETS/CodecFake/train/F01_p278_250.wav,1
/data/DATASETS/CodecFake/train/F01_SSB07160081.wav,1
/data/DATASETS/CodecFake/train/F01_SSB08090039.wav,1
/data/DATASETS/CodecFake/train/F01_p267_209.wav,1
/data/DATASETS/CodecFake/train/F01_SSB04260165.wav,1
/data/DATASETS/CodecFake/train/F01_SSB17280247.wav,1
/data/DATASETS/CodecFake/train/F01_SSB18720226.wav,1
/data/DATASETS/CodecFake/train/F01_SSB02410469.wav,1
/data/DATASETS/CodecFake/train/F01_SSB06140206.wav,1
/data/DATASETS/CodecFake/train/F01_SSB18370192.wav,1
/data/DATASETS/CodecFake/train/F01_SSB07100498.wav,1
/data/DATASETS/CodecFake/train/F01_SSB01970154.wav,1
/data/DATASETS/CodecFake/train/F01_SSB07460113.wav,1
/data/DATASETS/CodecFake/train/F01_SSB18370405.wav,1
/data/DATASETS/CodecFake/train/F01_p307_007.wav,1
/data/DATASETS/CodecFake/train/F01_SSB06060451.wav,1
/data/DATASETS/CodecFake/train/F01_p351_193.wav,1
/data/DATASETS/CodecFake/train/F01_p287_267.wav,1
/data/DATASETS/CodecFake/train/F01_SSB00120272.wav,1
/data/DATASETS/CodecFake/train/F01_SSB03790371.wav,1
/data/DATASETS/CodecFake/train/F01_SSB10500231.wav,1
/data/DATASETS/CodecFake/train/F01_p251_197.wav,1
/data/DATASETS/CodecFake/train/F01_SSB08220170.wav,1
/data/DATASETS/CodecFake/train/F01_p339_410.wav,1
/data/DATASETS/CodecFake/train/F01_p301_345.wav,1
/data/DATASETS/CodecFake/train/F01_SSB07000126.wav,1
/data/DATASETS/CodecFake/train/F01_p273_256.wav,1
/data/DATASETS/CodecFake/train/F01_p347_230.wav,1
/data/DATASETS/CodecFake/train/F01_SSB00180092.wav,1
/data/DATASETS/CodecFake/train/F01_SSB01450352.wav,1
/data/DATASETS/CodecFake/train/F01_p268_160.wav,1
/data/DATASETS/CodecFake/train/F01_p326_268.wav,1
/data/DATASETS/CodecFake/train/F01_SSB01120088.wav,1
/data/DATASETS/CodecFake/train/F01_p347_416.wav,1
/data/DATASETS/CodecFake/train/F01_p361_070.wav,1
/data/DATASETS/CodecFake/train/F01_SSB19350343.wav,1
/data/DATASETS/CodecFake/train/F01_SSB05650091.wav,1
/data/DATASETS/CodecFake/train/F01_SSB06310337.wav,1
/data/DATASETS/CodecFake/train/F01_SSB05440315.wav,1
/data/DATASETS/CodecFake/train/F01_SSB01450321.wav,1
/data/DATASETS/CodecFake/train/F01_SSB16860171.wav,1
/data/DATASETS/CodecFake/train/F01_SSB11000429.wav,1
/data/DATASETS/CodecFake/train/F01_SSB18370239.wav,1
/data/DATASETS/CodecFake/train/F01_SSB03540258.wav,1
/data/DATASETS/CodecFake/train/F01_p264_183.wav,1
/data/DATASETS/CodecFake/train/F01_SSB07940194.wav,1
/data/DATASETS/CodecFake/train/F01_p313_231.wav,1
/data/DATASETS/CodecFake/train/F01_SSB14480287.wav,1
/data/DATASETS/CodecFake/train/F01_SSB10560024.wav,1
/data/DATASETS/CodecFake/train/F01_SSB11350064.wav,1
/data/DATASETS/CodecFake/train/F01_p226_328.wav,1
/data/DATASETS/CodecFake/train/F01_SSB10960165.wav,1
/data/DATASETS/CodecFake/train/F01_p239_014.wav,1
/data/DATASETS/CodecFake/train/F01_p250_430.wav,1
/data/DATASETS/CodecFake/train/F01_SSB03930498.wav,1
/data/DATASETS/CodecFake/train/F01_p267_316.wav,1
/data/DATASETS/CodecFake/train/F01_SSB06930414.wav,1
/data/DATASETS/CodecFake/train/F01_SSB19560082.wav,1
/data/DATASETS/CodecFake/train/F01_SSB07230399.wav,1
/data/DATASETS/CodecFake/train/F01_SSB03540228.wav,1
/data/DATASETS/CodecFake/train/F01_SSB10020014.wav,1
/data/DATASETS/CodecFake/train/F01_p339_423.wav,1
/data/DATASETS/CodecFake/train/F01_SSB12390436.wav,1
/data/DATASETS/CodecFake/train/F01_p259_181.wav,1
/data/DATASETS/CodecFake/train/F01_SSB03380337.wav,1
/data/DATASETS/CodecFake/train/F01_SSB07110434.wav,1
/data/DATASETS/CodecFake/train/F01_SSB03930474.wav,1
/data/DATASETS/CodecFake/train/F01_p250_310.wav,1
/data/DATASETS/CodecFake/train/F01_SSB16860382.wav,1
/data/DATASETS/CodecFake/train/F01_SSB01450381.wav,1
/data/DATASETS/CodecFake/train/F01_SSB06710145.wav,1
/data/DATASETS/CodecFake/train/F01_SSB10240057.wav,1
/data/DATASETS/CodecFake/train/F01_SSB07200178.wav,1
/data/DATASETS/CodecFake/train/F01_p302_166.wav,1
/data/DATASETS/CodecFake/train/F01_SSB19560350.wav,1
/data/DATASETS/CodecFake/train/F01_p255_125.wav,1
/data/DATASETS/CodecFake/train/F01_SSB02880041.wav,1
/data/DATASETS/CodecFake/train/F01_SSB02990413.wav,1
/data/DATASETS/CodecFake/train/F01_p286_185.wav,1
/data/DATASETS/CodecFake/train/F01_SSB09870142.wav,1
/data/DATASETS/CodecFake/train/F01_SSB07600464.wav,1
/data/DATASETS/CodecFake/train/F01_SSB16070073.wav,1
/data/DATASETS/CodecFake/train/F01_p257_258.wav,1
/data/DATASETS/CodecFake/train/F01_SSB03390117.wav,1
/data/DATASETS/CodecFake/train/F01_SSB12530415.wav,1
/data/DATASETS/CodecFake/train/F01_SSB01390486.wav,1
/data/DATASETS/CodecFake/train/F01_SSB04700276.wav,1
/data/DATASETS/CodecFake/train/F01_SSB01120310.wav,1
/data/DATASETS/CodecFake/train/F01_SSB11360096.wav,1
/data/DATASETS/CodecFake/train/F01_SSB10200436.wav,1
/data/DATASETS/CodecFake/train/F01_p247_100.wav,1
/data/DATASETS/CodecFake/train/F01_SSB00050253.wav,1
/data/DATASETS/CodecFake/train/F01_p341_019.wav,1
/data/DATASETS/CodecFake/train/F01_p271_135.wav,1
/data/DATASETS/CodecFake/train/F01_SSB07020423.wav,1
/data/DATASETS/CodecFake/train/F01_SSB09350466.wav,1
/data/DATASETS/CodecFake/train/F01_SSB05340108.wav,1
/data/DATASETS/CodecFake/train/F01_p295_064.wav,1
/data/DATASETS/CodecFake/train/F01_SSB12740083.wav,1
/data/DATASETS/CodecFake/train/F01_SSB09190217.wav,1
/data/DATASETS/CodecFake/train/F01_p347_259.wav,1
/data/DATASETS/CodecFake/train/F01_SSB00050035.wav,1
/data/DATASETS/CodecFake/train/F01_SSB18780022.wav,1
/data/DATASETS/CodecFake/train/F01_SSB19560349.wav,1
/data/DATASETS/CodecFake/train/F01_SSB18370447.wav,1
/data/DATASETS/CodecFake/train/F01_SSB06310014.wav,1
/data/DATASETS/CodecFake/train/F01_p304_013.wav,1
/data/DATASETS/CodecFake/train/F01_SSB07460114.wav,1
/data/DATASETS/CodecFake/train/F01_SSB06290451.wav,1
/data/DATASETS/CodecFake/train/F01_p305_120.wav,1
/data/DATASETS/CodecFake/train/F01_SSB14370016.wav,1
/data/DATASETS/CodecFake/train/F01_SSB03090194.wav,1
/data/DATASETS/CodecFake/train/F01_SSB00430037.wav,1
/data/DATASETS/CodecFake/train/F01_SSB08710379.wav,1
/data/DATASETS/CodecFake/train/F01_p311_307.wav,1
/data/DATASETS/CodecFake/train/F01_SSB14570268.wav,1
/data/DATASETS/CodecFake/train/F01_p273_334.wav,1
/data/DATASETS/CodecFake/train/F01_SSB00570194.wav,1
/data/DATASETS/CodecFake/train/F01_SSB02610045.wav,1
/data/DATASETS/CodecFake/train/F01_SSB02460039.wav,1
/data/DATASETS/CodecFake/train/F01_SSB06090417.wav,1
/data/DATASETS/CodecFake/train/F01_SSB02000468.wav,1
/data/DATASETS/CodecFake/train/F01_SSB18630192.wav,1
/data/DATASETS/CodecFake/train/F01_SSB07800115.wav,1
/data/DATASETS/CodecFake/train/F01_SSB00430111.wav,1
/data/DATASETS/CodecFake/train/F01_SSB04070094.wav,1
/data/DATASETS/CodecFake/train/F01_p374_102.wav,1
/data/DATASETS/CodecFake/train/F01_p232_211.wav,1
/data/DATASETS/CodecFake/train/F01_SSB07800255.wav,1
/data/DATASETS/CodecFake/train/F01_p273_159.wav,1
/data/DATASETS/CodecFake/train/F01_p376_217.wav,1
/data/DATASETS/CodecFake/train/F01_p310_332.wav,1
/data/DATASETS/CodecFake/train/F01_p297_213.wav,1
/data/DATASETS/CodecFake/train/F01_SSB00110040.wav,1
/data/DATASETS/CodecFake/train/F01_p241_011.wav,1
/data/DATASETS/CodecFake/train/F01_p281_387.wav,1
/data/DATASETS/CodecFake/train/F01_p345_122.wav,1
/data/DATASETS/CodecFake/train/F01_SSB10640468.wav,1
/data/DATASETS/CodecFake/train/F01_SSB07780478.wav,1
/data/DATASETS/CodecFake/train/F01_p313_182.wav,1
/data/DATASETS/CodecFake/train/F01_SSB13200024.wav,1
/data/DATASETS/CodecFake/train/F01_p294_106.wav,1
/data/DATASETS/CodecFake/train/F01_p302_029.wav,1
/data/DATASETS/CodecFake/train/F01_SSB15750090.wav,1
/data/DATASETS/CodecFake/train/F01_SSB06860480.wav,1
/data/DATASETS/CodecFake/train/F01_SSB01450379.wav,1
/data/DATASETS/CodecFake/train/F01_SSB10960232.wav,1
/data/DATASETS/CodecFake/train/F01_SSB03950037.wav,1
/data/DATASETS/CodecFake/train/F01_p282_177.wav,1
/data/DATASETS/CodecFake/train/F01_SSB05900312.wav,1
/data/DATASETS/CodecFake/train/F01_SSB12210170.wav,1
/data/DATASETS/CodecFake/train/F01_SSB00380282.wav,1
/data/DATASETS/CodecFake/train/F01_p239_137.wav,1
/data/DATASETS/CodecFake/train/F01_SSB12740321.wav,1
/data/DATASETS/CodecFake/train/F01_SSB16860322.wav,1
/data/DATASETS/CodecFake/train/F01_SSB03940407.wav,1
/data/DATASETS/CodecFake/train/F01_p318_314.wav,1
/data/DATASETS/CodecFake/train/F01_p336_233.wav,1
/data/DATASETS/CodecFake/train/F01_SSB19020234.wav,1
/data/DATASETS/CodecFake/train/F01_SSB10960421.wav,1
/data/DATASETS/CodecFake/train/F01_SSB00570276.wav,1
/data/DATASETS/CodecFake/train/F01_SSB13820066.wav,1
/data/DATASETS/CodecFake/train/F01_p263_335.wav,1
/data/DATASETS/CodecFake/train/F01_p227_032.wav,1
/data/DATASETS/CodecFake/train/F01_p250_066.wav,1
/data/DATASETS/CodecFake/train/F01_SSB00160076.wav,1
/data/DATASETS/CodecFake/train/F01_SSB16250417.wav,1
/data/DATASETS/CodecFake/train/F01_SSB15930424.wav,1
/data/DATASETS/CodecFake/train/F01_p228_174.wav,1
/data/DATASETS/CodecFake/train/F01_SSB07800113.wav,1
/data/DATASETS/CodecFake/train/F01_SSB00730291.wav,1
/data/DATASETS/CodecFake/train/F01_SSB14080379.wav,1
/data/DATASETS/CodecFake/train/F01_SSB07230377.wav,1
/data/DATASETS/CodecFake/train/F01_SSB10560005.wav,1
/data/DATASETS/CodecFake/train/F01_SSB05340123.wav,1
/data/DATASETS/CodecFake/train/F01_SSB11100346.wav,1
/data/DATASETS/CodecFake/train/F01_SSB02730311.wav,1
/data/DATASETS/CodecFake/train/F01_SSB01490233.wav,1
/data/DATASETS/CodecFake/train/F01_SSB15750295.wav,1
/data/DATASETS/CodecFake/train/F01_SSB19390227.wav,1
/data/DATASETS/CodecFake/train/F01_SSB00090026.wav,1
/data/DATASETS/CodecFake/train/F01_SSB07230333.wav,1
/data/DATASETS/CodecFake/train/F01_SSB05340230.wav,1
/data/DATASETS/CodecFake/train/F01_p318_280.wav,1
/data/DATASETS/CodecFake/train/F01_p311_249.wav,1
/data/DATASETS/CodecFake/train/F01_p262_314.wav,1
/data/DATASETS/CodecFake/train/F01_p340_367.wav,1
/data/DATASETS/CodecFake/train/F01_SSB03230251.wav,1
/data/DATASETS/CodecFake/train/F01_SSB17110301.wav,1
/data/DATASETS/CodecFake/train/F01_p333_356.wav,1
/data/DATASETS/CodecFake/train/F01_SSB11260155.wav,1
/data/DATASETS/CodecFake/train/F01_SSB06930209.wav,1
/data/DATASETS/CodecFake/train/F01_SSB06140071.wav,1
/data/DATASETS/CodecFake/train/F01_p362_262.wav,1
/data/DATASETS/CodecFake/train/F01_SSB11150086.wav,1
/data/DATASETS/CodecFake/train/F01_p233_319.wav,1
/data/DATASETS/CodecFake/train/F01_SSB03410341.wav,1
/data/DATASETS/CodecFake/train/F01_p341_171.wav,1
/data/DATASETS/CodecFake/train/F01_SSB07800197.wav,1
/data/DATASETS/CodecFake/train/F01_SSB13850125.wav,1
/data/DATASETS/CodecFake/train/F01_SSB13280212.wav,1
/data/DATASETS/CodecFake/train/F01_p269_066.wav,1
/data/DATASETS/CodecFake/train/F01_SSB07780362.wav,1
/data/DATASETS/CodecFake/train/F01_SSB03750117.wav,1
/data/DATASETS/CodecFake/train/F01_SSB03820351.wav,1
/data/DATASETS/CodecFake/train/F01_p339_108.wav,1
/data/DATASETS/CodecFake/train/F01_SSB19390377.wav,1
/data/DATASETS/CodecFake/train/F01_SSB00160204.wav,1
/data/DATASETS/CodecFake/train/F01_p265_104.wav,1
/data/DATASETS/CodecFake/train/F01_p271_217.wav,1
/data/DATASETS/CodecFake/train/F01_SSB04350262.wav,1
/data/DATASETS/CodecFake/train/F01_SSB02880287.wav,1
/data/DATASETS/CodecFake/train/F01_p318_322.wav,1
/data/DATASETS/CodecFake/train/F01_SSB03950238.wav,1
/data/DATASETS/CodecFake/train/F01_SSB03660117.wav,1
/data/DATASETS/CodecFake/train/F01_SSB06010327.wav,1
/data/DATASETS/CodecFake/train/F01_SSB07100290.wav,1
/data/DATASETS/CodecFake/train/F01_p247_332.wav,1
/data/DATASETS/CodecFake/train/F01_SSB17110330.wav,1
/data/DATASETS/CodecFake/train/F01_SSB03750452.wav,1
/data/DATASETS/CodecFake/train/F01_p274_233.wav,1
/data/DATASETS/CodecFake/train/F01_p263_299.wav,1
/data/DATASETS/CodecFake/train/F01_p341_205.wav,1
/data/DATASETS/CodecFake/train/F01_p237_112.wav,1
/data/DATASETS/CodecFake/train/F01_SSB16250311.wav,1
/data/DATASETS/CodecFake/train/F01_SSB15930399.wav,1
/data/DATASETS/CodecFake/train/F01_SSB17110195.wav,1
/data/DATASETS/CodecFake/train/F01_SSB01490321.wav,1
/data/DATASETS/CodecFake/train/F01_p225_104.wav,1
/data/DATASETS/CodecFake/train/F01_SSB06710403.wav,1
/data/DATASETS/CodecFake/train/F01_p292_332.wav,1
/data/DATASETS/CodecFake/train/F01_SSB02460223.wav,1
/data/DATASETS/CodecFake/train/F01_SSB15630222.wav,1
/data/DATASETS/CodecFake/train/F01_SSB00180036.wav,1
/data/DATASETS/CodecFake/train/F01_SSB04340437.wav,1
/data/DATASETS/CodecFake/train/F01_SSB01220103.wav,1
/data/DATASETS/CodecFake/train/F01_p256_091.wav,1
/data/DATASETS/CodecFake/train/F01_SSB11610360.wav,1
/data/DATASETS/CodecFake/train/F01_SSB03850307.wav,1
/data/DATASETS/CodecFake/train/F01_SSB10200293.wav,1
/data/DATASETS/CodecFake/train/F01_SSB03410299.wav,1
/data/DATASETS/CodecFake/train/F01_SSB11100462.wav,1
/data/DATASETS/CodecFake/train/F01_p266_055.wav,1
/data/DATASETS/CodecFake/train/F01_p284_213.wav,1
/data/DATASETS/CodecFake/train/F01_SSB04150147.wav,1
/data/DATASETS/CodecFake/train/F01_p341_185.wav,1
/data/DATASETS/CodecFake/train/F01_p244_227.wav,1
/data/DATASETS/CodecFake/train/F01_SSB16990058.wav,1
/data/DATASETS/CodecFake/train/F01_p239_207.wav,1
/data/DATASETS/CodecFake/train/F01_p347_053.wav,1
/data/DATASETS/CodecFake/train/F01_SSB17110412.wav,1
/data/DATASETS/CodecFake/train/F01_p308_367.wav,1
/data/DATASETS/CodecFake/train/F01_SSB03380059.wav,1
/data/DATASETS/CodecFake/train/F01_p340_278.wav,1
/data/DATASETS/CodecFake/train/F01_SSB17110198.wav,1
/data/DATASETS/CodecFake/train/F01_p326_146.wav,1
/data/DATASETS/CodecFake/train/F01_p314_299.wav,1
/data/DATASETS/CodecFake/train/F01_p287_357.wav,1
/data/DATASETS/CodecFake/train/F01_SSB03800474.wav,1
/data/DATASETS/CodecFake/train/F01_SSB11350127.wav,1
/data/DATASETS/CodecFake/train/F01_p299_143.wav,1
/data/DATASETS/CodecFake/train/F01_p246_189.wav,1
/data/DATASETS/CodecFake/train/F01_SSB10910438.wav,1
/data/DATASETS/CodecFake/train/F01_p247_116.wav,1
/data/DATASETS/CodecFake/train/F01_p256_305.wav,1
/data/DATASETS/CodecFake/train/F01_SSB18370364.wav,1
/data/DATASETS/CodecFake/train/F01_SSB18910335.wav,1
/data/DATASETS/CodecFake/train/F01_SSB00800159.wav,1
/data/DATASETS/CodecFake/train/F01_SSB04070412.wav,1
/data/DATASETS/CodecFake/train/F01_SSB13930231.wav,1
/data/DATASETS/CodecFake/train/F01_SSB07780379.wav,1
/data/DATASETS/CodecFake/train/F01_SSB06070474.wav,1
/data/DATASETS/CodecFake/train/F01_p286_031.wav,1
/data/DATASETS/CodecFake/train/F01_SSB07000039.wav,1
/data/DATASETS/CodecFake/train/F01_SSB05780476.wav,1
/data/DATASETS/CodecFake/train/F01_SSB07620223.wav,1
/data/DATASETS/CodecFake/train/F01_SSB15670054.wav,1
/data/DATASETS/CodecFake/train/F01_SSB13200126.wav,1
/data/DATASETS/CodecFake/train/F01_SSB09930489.wav,1
/data/DATASETS/CodecFake/train/F01_SSB03420317.wav,1
/data/DATASETS/CodecFake/train/F01_SSB10960278.wav,1
/data/DATASETS/CodecFake/train/F01_p283_342.wav,1
/data/DATASETS/CodecFake/train/F01_p251_186.wav,1
/data/DATASETS/CodecFake/train/F01_SSB15630260.wav,1
/data/DATASETS/CodecFake/train/F01_SSB15670013.wav,1
/data/DATASETS/CodecFake/train/F01_p240_193.wav,1
/data/DATASETS/CodecFake/train/F01_SSB09870202.wav,1
/data/DATASETS/CodecFake/train/F01_SSB18910511.wav,1
/data/DATASETS/CodecFake/train/F01_SSB03230204.wav,1
/data/DATASETS/CodecFake/train/F01_p228_205.wav,1
/data/DATASETS/CodecFake/train/F01_p240_125.wav,1
/data/DATASETS/CodecFake/train/F01_p316_252.wav,1
/data/DATASETS/CodecFake/train/F01_SSB06140149.wav,1
/data/DATASETS/CodecFake/train/F01_SSB06860488.wav,1
/data/DATASETS/CodecFake/train/F01_SSB11000461.wav,1
/data/DATASETS/CodecFake/train/F01_p280_104.wav,1
/data/DATASETS/CodecFake/train/F01_p264_302.wav,1
/data/DATASETS/CodecFake/train/F01_p295_415.wav,1
/data/DATASETS/CodecFake/train/F01_SSB00330266.wav,1
/data/DATASETS/CodecFake/train/F01_SSB05990336.wav,1
/data/DATASETS/CodecFake/train/F01_p238_012.wav,1
/data/DATASETS/CodecFake/train/F01_p275_280.wav,1
/data/DATASETS/CodecFake/train/F01_SSB15550141.wav,1
/data/DATASETS/CodecFake/train/F01_SSB15550011.wav,1
/data/DATASETS/CodecFake/train/F01_p284_399.wav,1
/data/DATASETS/CodecFake/train/F01_p279_313.wav,1
/data/DATASETS/CodecFake/train/F01_SSB00570243.wav,1
/data/DATASETS/CodecFake/train/F01_SSB08090277.wav,1
/data/DATASETS/CodecFake/train/F01_SSB04150292.wav,1
/data/DATASETS/CodecFake/train/F01_SSB06030493.wav,1
/data/DATASETS/CodecFake/train/F01_SSB10240073.wav,1
/data/DATASETS/CodecFake/train/F01_SSB01450419.wav,1
/data/DATASETS/CodecFake/train/F01_SSB04260164.wav,1
/data/DATASETS/CodecFake/train/F01_p283_404.wav,1
/data/DATASETS/CodecFake/train/F01_p339_133.wav,1
/data/DATASETS/CodecFake/train/F01_p298_181.wav,1
/data/DATASETS/CodecFake/train/F01_SSB05700044.wav,1
/data/DATASETS/CodecFake/train/F01_SSB07200224.wav,1
/data/DATASETS/CodecFake/train/F01_SSB00800411.wav,1
/data/DATASETS/CodecFake/train/F01_SSB06230434.wav,1
/data/DATASETS/CodecFake/train/F01_SSB19180461.wav,1
/data/DATASETS/CodecFake/train/F01_p286_014.wav,1
/data/DATASETS/CodecFake/train/F01_p292_232.wav,1
/data/DATASETS/CodecFake/train/F01_p306_052.wav,1
/data/DATASETS/CodecFake/train/F01_SSB07460135.wav,1
/data/DATASETS/CodecFake/train/F01_SSB11000232.wav,1
/data/DATASETS/CodecFake/train/F01_p335_017.wav,1
/data/DATASETS/CodecFake/train/F01_p293_060.wav,1
/data/DATASETS/CodecFake/train/F01_SSB07940212.wav,1
/data/DATASETS/CodecFake/train/F01_SSB13770354.wav,1
/data/DATASETS/CodecFake/train/F01_SSB00430115.wav,1
/data/DATASETS/CodecFake/train/F01_p275_135.wav,1
/data/DATASETS/CodecFake/train/F01_SSB15750371.wav,1
/data/DATASETS/CodecFake/train/F01_SSB05700370.wav,1
/data/DATASETS/CodecFake/train/F01_p311_059.wav,1
/data/DATASETS/CodecFake/train/F01_SSB00330075.wav,1
/data/DATASETS/CodecFake/train/F01_SSB03750142.wav,1
/data/DATASETS/CodecFake/train/F01_SSB00380186.wav,1
/data/DATASETS/CodecFake/train/F01_SSB07360485.wav,1
/data/DATASETS/CodecFake/train/F01_SSB07100214.wav,1
/data/DATASETS/CodecFake/train/F01_p241_259.wav,1
/data/DATASETS/CodecFake/train/F01_SSB03750440.wav,1
/data/DATASETS/CodecFake/train/F01_p270_279.wav,1
/data/DATASETS/CodecFake/train/F01_SSB05880010.wav,1
/data/DATASETS/CodecFake/train/F01_p236_312.wav,1
/data/DATASETS/CodecFake/train/F01_p267_171.wav,1
/data/DATASETS/CodecFake/train/F01_p361_073.wav,1
/data/DATASETS/CodecFake/train/F01_SSB06310195.wav,1
/data/DATASETS/CodecFake/train/F01_SSB00180057.wav,1
/data/DATASETS/CodecFake/train/F01_SSB00180144.wav,1
/data/DATASETS/CodecFake/train/F01_SSB00430171.wav,1
/data/DATASETS/CodecFake/train/F01_SSB10720413.wav,1
/data/DATASETS/CodecFake/train/F01_p329_086.wav,1
/data/DATASETS/CodecFake/train/F01_p227_267.wav,1
/data/DATASETS/CodecFake/train/F01_SSB07940461.wav,1
/data/DATASETS/CodecFake/train/F01_p345_231.wav,1
/data/DATASETS/CodecFake/train/F01_p240_343.wav,1
/data/DATASETS/CodecFake/train/F01_p247_477.wav,1
/data/DATASETS/CodecFake/train/F01_SSB07620162.wav,1
/data/DATASETS/CodecFake/train/F01_SSB10560333.wav,1
/data/DATASETS/CodecFake/train/F01_SSB18720001.wav,1
/data/DATASETS/CodecFake/train/F01_p277_051.wav,1
/data/DATASETS/CodecFake/train/F01_p277_210.wav,1
/data/DATASETS/CodecFake/train/F01_SSB01390195.wav,1
/data/DATASETS/CodecFake/train/F01_p268_012.wav,1
/data/DATASETS/CodecFake/train/F01_SSB07370467.wav,1
/data/DATASETS/CodecFake/train/F01_SSB06090301.wav,1
/data/DATASETS/CodecFake/train/F01_p253_388.wav,1
/data/DATASETS/CodecFake/train/F01_p277_389.wav,1
/data/DATASETS/CodecFake/train/F01_SSB15630271.wav,1
/data/DATASETS/CodecFake/train/F01_p259_330.wav,1
/data/DATASETS/CodecFake/train/F01_SSB01390389.wav,1
/data/DATASETS/CodecFake/train/F01_p297_031.wav,1
/data/DATASETS/CodecFake/train/F01_SSB02990306.wav,1
/data/DATASETS/CodecFake/train/F01_SSB13200155.wav,1
/data/DATASETS/CodecFake/train/F01_p256_178.wav,1
/data/DATASETS/CodecFake/train/F01_p376_106.wav,1
/data/DATASETS/CodecFake/train/F01_SSB16240475.wav,1
/data/DATASETS/CodecFake/train/F01_SSB07580163.wav,1
/data/DATASETS/CodecFake/train/F01_SSB05940271.wav,1
/data/DATASETS/CodecFake/train/F01_SSB10010341.wav,1
/data/DATASETS/CodecFake/train/F01_SSB11100070.wav,1
/data/DATASETS/CodecFake/train/F01_p301_247.wav,1
/data/DATASETS/CodecFake/train/F01_SSB10240388.wav,1
/data/DATASETS/CodecFake/train/F01_SSB04340029.wav,1
/data/DATASETS/CodecFake/train/F01_SSB13850411.wav,1
/data/DATASETS/CodecFake/train/F01_SSB09130320.wav,1
/data/DATASETS/CodecFake/train/F01_SSB12190402.wav,1
/data/DATASETS/CodecFake/train/F01_p283_446.wav,1
/data/DATASETS/CodecFake/train/F01_p339_174.wav,1
/data/DATASETS/CodecFake/train/F01_SSB07490285.wav,1
/data/DATASETS/CodecFake/train/F01_SSB18370254.wav,1
/data/DATASETS/CodecFake/train/F01_p343_116.wav,1
/data/DATASETS/CodecFake/train/F01_p274_242.wav,1
/data/DATASETS/CodecFake/train/F01_p262_150.wav,1
/data/DATASETS/CodecFake/train/F01_p271_053.wav,1
/data/DATASETS/CodecFake/train/F01_SSB18780124.wav,1
/data/DATASETS/CodecFake/train/F01_SSB13400030.wav,1
/data/DATASETS/CodecFake/train/F01_SSB09190403.wav,1
/data/DATASETS/CodecFake/train/F01_SSB10560362.wav,1
/data/DATASETS/CodecFake/train/F01_p376_176.wav,1
/data/DATASETS/CodecFake/train/F01_p329_371.wav,1
/data/DATASETS/CodecFake/train/F01_SSB15850471.wav,1
/data/DATASETS/CodecFake/train/F01_SSB03820346.wav,1
/data/DATASETS/CodecFake/train/F01_SSB13220010.wav,1
/data/DATASETS/CodecFake/train/F01_SSB00730383.wav,1
/data/DATASETS/CodecFake/train/F01_SSB02670118.wav,1
/data/DATASETS/CodecFake/train/F01_SSB03090033.wav,1
/data/DATASETS/CodecFake/train/F01_SSB10720221.wav,1
/data/DATASETS/CodecFake/train/F01_SSB17390077.wav,1
/data/DATASETS/CodecFake/train/F01_SSB06230186.wav,1
/data/DATASETS/CodecFake/train/F01_p236_481.wav,1
/data/DATASETS/CodecFake/train/F01_p311_355.wav,1
/data/DATASETS/CodecFake/train/F01_SSB17390013.wav,1
/data/DATASETS/CodecFake/train/F01_SSB13280026.wav,1
/data/DATASETS/CodecFake/train/F01_SSB18630233.wav,1
/data/DATASETS/CodecFake/train/F01_SSB07510154.wav,1
/data/DATASETS/CodecFake/train/F01_SSB13770015.wav,1
/data/DATASETS/CodecFake/train/F01_SSB07840294.wav,1
/data/DATASETS/CodecFake/train/F01_p300_192.wav,1
/data/DATASETS/CodecFake/train/F01_SSB18060017.wav,1
/data/DATASETS/CodecFake/train/F01_p277_293.wav,1
/data/DATASETS/CodecFake/train/F01_SSB07230161.wav,1
/data/DATASETS/CodecFake/train/F01_SSB07620322.wav,1
/data/DATASETS/CodecFake/train/F01_p286_114.wav,1
/data/DATASETS/CodecFake/train/F01_SSB07160088.wav,1
/data/DATASETS/CodecFake/train/F01_p252_364.wav,1
/data/DATASETS/CodecFake/train/F01_SSB02730038.wav,1
/data/DATASETS/CodecFake/train/F01_SSB06010449.wav,1
/data/DATASETS/CodecFake/train/F01_SSB09190297.wav,1
/data/DATASETS/CodecFake/train/F01_SSB07100141.wav,1
/data/DATASETS/CodecFake/train/F01_SSB12180043.wav,1
/data/DATASETS/CodecFake/train/F01_SSB05900049.wav,1
/data/DATASETS/CodecFake/train/F01_SSB17110352.wav,1
/data/DATASETS/CodecFake/train/F01_p303_329.wav,1
/data/DATASETS/CodecFake/train/F01_SSB03410424.wav,1
/data/DATASETS/CodecFake/train/F01_SSB09660225.wav,1
/data/DATASETS/CodecFake/train/F01_SSB03090123.wav,1
/data/DATASETS/CodecFake/train/F01_SSB07370126.wav,1
/data/DATASETS/CodecFake/train/F01_p287_086.wav,1
/data/DATASETS/CodecFake/train/F01_SSB02610312.wav,1
/data/DATASETS/CodecFake/train/F01_p297_059.wav,1
/data/DATASETS/CodecFake/train/F01_SSB12210137.wav,1
/data/DATASETS/CodecFake/train/F01_SSB15550231.wav,1
/data/DATASETS/CodecFake/train/F01_p256_307.wav,1
/data/DATASETS/CodecFake/train/F01_p236_286.wav,1
/data/DATASETS/CodecFake/train/F01_p340_138.wav,1
/data/DATASETS/CodecFake/train/F01_SSB10080364.wav,1
/data/DATASETS/CodecFake/train/F01_p248_091.wav,1
/data/DATASETS/CodecFake/train/F01_SSB03380288.wav,1
/data/DATASETS/CodecFake/train/F01_SSB18630113.wav,1
/data/DATASETS/CodecFake/train/F01_SSB06290123.wav,1
/data/DATASETS/CodecFake/train/F01_SSB14020179.wav,1
/data/DATASETS/CodecFake/train/F01_p335_317.wav,1
/data/DATASETS/CodecFake/train/F01_SSB03930361.wav,1
/data/DATASETS/CodecFake/train/F01_SSB10720275.wav,1
/data/DATASETS/CodecFake/train/F01_p305_407.wav,1
/data/DATASETS/CodecFake/train/F01_SSB06140027.wav,1
/data/DATASETS/CodecFake/train/F01_SSB00380294.wav,1
/data/DATASETS/CodecFake/train/F01_SSB12150479.wav,1
/data/DATASETS/CodecFake/train/F01_SSB05440097.wav,1
/data/DATASETS/CodecFake/train/F01_p363_313.wav,1
/data/DATASETS/CodecFake/train/F01_p305_015.wav,1
/data/DATASETS/CodecFake/train/F01_SSB07800169.wav,1
/data/DATASETS/CodecFake/train/F01_SSB19350279.wav,1
/data/DATASETS/CodecFake/train/F01_p274_295.wav,1
/data/DATASETS/CodecFake/train/F01_SSB00730300.wav,1
/data/DATASETS/CodecFake/train/F01_SSB03540078.wav,1
/data/DATASETS/CodecFake/train/F01_SSB02460414.wav,1
/data/DATASETS/CodecFake/train/F01_SSB12740069.wav,1
/data/DATASETS/CodecFake/train/F01_p293_122.wav,1
/data/DATASETS/CodecFake/train/F01_p277_403.wav,1
/data/DATASETS/CodecFake/train/F01_p264_455.wav,1
/data/DATASETS/CodecFake/train/F01_SSB07580199.wav,1
/data/DATASETS/CodecFake/train/F01_p239_078.wav,1
/data/DATASETS/CodecFake/train/F01_p362_115.wav,1
/data/DATASETS/CodecFake/train/F01_SSB18090213.wav,1
/data/DATASETS/CodecFake/train/F01_p334_138.wav,1
/data/DATASETS/CodecFake/train/F01_SSB07230267.wav,1
/data/DATASETS/CodecFake/train/F01_p241_161.wav,1
/data/DATASETS/CodecFake/train/F01_SSB11380096.wav,1
/data/DATASETS/CodecFake/train/F01_SSB05940484.wav,1
/data/DATASETS/CodecFake/train/F01_p295_263.wav,1
/data/DATASETS/CodecFake/train/F01_p246_324.wav,1
/data/DATASETS/CodecFake/train/F01_SSB03660271.wav,1
/data/DATASETS/CodecFake/train/F01_SSB06860023.wav,1
/data/DATASETS/CodecFake/train/F01_SSB16240332.wav,1
/data/DATASETS/CodecFake/train/F01_p340_092.wav,1
/data/DATASETS/CodecFake/train/F01_p301_002.wav,1
/data/DATASETS/CodecFake/train/F01_SSB03940423.wav,1
/data/DATASETS/CodecFake/train/F01_SSB19020365.wav,1
/data/DATASETS/CodecFake/train/F01_SSB18090167.wav,1
/data/DATASETS/CodecFake/train/F01_p228_117.wav,1
/data/DATASETS/CodecFake/train/F01_SSB03940505.wav,1
/data/DATASETS/CodecFake/train/F01_SSB01390474.wav,1
/data/DATASETS/CodecFake/train/F01_SSB07620446.wav,1
/data/DATASETS/CodecFake/train/F01_SSB03540125.wav,1
/data/DATASETS/CodecFake/train/F01_SSB04070034.wav,1
/data/DATASETS/CodecFake/train/F01_SSB03150242.wav,1
/data/DATASETS/CodecFake/train/F01_SSB09130201.wav,1
/data/DATASETS/CodecFake/train/F01_SSB19020036.wav,1
/data/DATASETS/CodecFake/train/F01_SSB14570392.wav,1
/data/DATASETS/CodecFake/train/F01_p284_088.wav,1
/data/DATASETS/CodecFake/train/F01_p245_204.wav,1
/data/DATASETS/CodecFake/train/F01_SSB19020002.wav,1
/data/DATASETS/CodecFake/train/F01_SSB05780172.wav,1
/data/DATASETS/CodecFake/train/F01_SSB07110218.wav,1
/data/DATASETS/CodecFake/train/F01_p304_233.wav,1
/data/DATASETS/CodecFake/train/F01_SSB06230264.wav,1
/data/DATASETS/CodecFake/train/F01_SSB01970239.wav,1
/data/DATASETS/CodecFake/train/F01_SSB06030356.wav,1
/data/DATASETS/CodecFake/train/F01_SSB00730350.wav,1
/data/DATASETS/CodecFake/train/F01_p249_154.wav,1
/data/DATASETS/CodecFake/train/F01_p307_288.wav,1
/data/DATASETS/CodecFake/train/F01_SSB03410134.wav,1
/data/DATASETS/CodecFake/train/F01_SSB06860379.wav,1
/data/DATASETS/CodecFake/train/F01_p288_170.wav,1
/data/DATASETS/CodecFake/train/F01_SSB07580032.wav,1
/data/DATASETS/CodecFake/train/F01_SSB05020159.wav,1
/data/DATASETS/CodecFake/train/F01_SSB06010484.wav,1
/data/DATASETS/CodecFake/train/F01_SSB00090294.wav,1
/data/DATASETS/CodecFake/train/F01_SSB07200235.wav,1
/data/DATASETS/CodecFake/train/F01_SSB07620483.wav,1
/data/DATASETS/CodecFake/train/F01_SSB16250473.wav,1
/data/DATASETS/CodecFake/train/F01_SSB16250094.wav,1
/data/DATASETS/CodecFake/train/F01_p302_245.wav,1
/data/DATASETS/CodecFake/train/F01_SSB17390401.wav,1
/data/DATASETS/CodecFake/train/F01_SSB03940388.wav,1
/data/DATASETS/CodecFake/train/F01_p316_399.wav,1
/data/DATASETS/CodecFake/train/F01_SSB04820119.wav,1
/data/DATASETS/CodecFake/train/F01_SSB02870067.wav,1
/data/DATASETS/CodecFake/train/F01_SSB04150026.wav,1
/data/DATASETS/CodecFake/train/F01_SSB06060116.wav,1
/data/DATASETS/CodecFake/train/F01_SSB06320229.wav,1
/data/DATASETS/CodecFake/train/F01_SSB07510303.wav,1
/data/DATASETS/CodecFake/train/F01_SSB13660255.wav,1
/data/DATASETS/CodecFake/train/F01_SSB18630191.wav,1
/data/DATASETS/CodecFake/train/F01_p300_231.wav,1
/data/DATASETS/CodecFake/train/F01_SSB11360257.wav,1
/data/DATASETS/CodecFake/train/F01_SSB12210027.wav,1
/data/DATASETS/CodecFake/train/F01_SSB03230171.wav,1
/data/DATASETS/CodecFake/train/F01_SSB08170009.wav,1
/data/DATASETS/CodecFake/train/F01_SSB09660447.wav,1
/data/DATASETS/CodecFake/train/F01_SSB19560109.wav,1
/data/DATASETS/CodecFake/train/F01_SSB06930327.wav,1
/data/DATASETS/CodecFake/train/F01_p360_074.wav,1
/data/DATASETS/CodecFake/train/F01_SSB05880371.wav,1
/data/DATASETS/CodecFake/train/F01_SSB06680188.wav,1
/data/DATASETS/CodecFake/train/F01_SSB11250469.wav,1
/data/DATASETS/CodecFake/train/F01_SSB16250255.wav,1
/data/DATASETS/CodecFake/train/F01_SSB05390501.wav,1
/data/DATASETS/CodecFake/train/F01_SSB16070105.wav,1
/data/DATASETS/CodecFake/train/F01_SSB03850431.wav,1
/data/DATASETS/CodecFake/train/F01_SSB16990318.wav,1
/data/DATASETS/CodecFake/train/F01_SSB07840493.wav,1
/data/DATASETS/CodecFake/train/F01_SSB06860118.wav,1
/data/DATASETS/CodecFake/train/F01_SSB07480290.wav,1
/data/DATASETS/CodecFake/train/F01_p336_144.wav,1
/data/DATASETS/CodecFake/train/F01_p243_105.wav,1
/data/DATASETS/CodecFake/train/F01_SSB16240353.wav,1
/data/DATASETS/CodecFake/train/F01_SSB07620407.wav,1
/data/DATASETS/CodecFake/train/F01_SSB01330283.wav,1
/data/DATASETS/CodecFake/train/F01_SSB11250088.wav,1
/data/DATASETS/CodecFake/train/F01_p298_209.wav,1
/data/DATASETS/CodecFake/train/F01_SSB19180179.wav,1
/data/DATASETS/CodecFake/train/F01_SSB12180131.wav,1
/data/DATASETS/CodecFake/train/F01_SSB07370342.wav,1
/data/DATASETS/CodecFake/train/F01_SSB07800062.wav,1
/data/DATASETS/CodecFake/train/F01_p293_135.wav,1
/data/DATASETS/CodecFake/train/F01_SSB07360139.wav,1
/data/DATASETS/CodecFake/train/F01_p257_137.wav,1
/data/DATASETS/CodecFake/train/F01_p345_181.wav,1
/data/DATASETS/CodecFake/train/F01_SSB03410241.wav,1
/data/DATASETS/CodecFake/train/F01_SSB18910143.wav,1
/data/DATASETS/CodecFake/train/F01_SSB13220395.wav,1
/data/DATASETS/CodecFake/train/F01_SSB03070451.wav,1
/data/DATASETS/CodecFake/train/F01_p361_398.wav,1
/data/DATASETS/CodecFake/train/F01_p283_289.wav,1
/data/DATASETS/CodecFake/train/F01_SSB07580362.wav,1
/data/DATASETS/CodecFake/train/F01_p277_336.wav,1
/data/DATASETS/CodecFake/train/F01_SSB00570475.wav,1
/data/DATASETS/CodecFake/train/F01_SSB13220440.wav,1
/data/DATASETS/CodecFake/train/F01_SSB13220209.wav,1
/data/DATASETS/CodecFake/train/F01_SSB08710449.wav,1
/data/DATASETS/CodecFake/train/F01_SSB04260197.wav,1
/data/DATASETS/CodecFake/train/F01_p269_003.wav,1
/data/DATASETS/CodecFake/train/F01_SSB01220210.wav,1
/data/DATASETS/CodecFake/train/F01_SSB03410187.wav,1
/data/DATASETS/CodecFake/train/F01_SSB16860342.wav,1
/data/DATASETS/CodecFake/train/F01_SSB15630363.wav,1
/data/DATASETS/CodecFake/train/F01_SSB16240280.wav,1
/data/DATASETS/CodecFake/train/F01_SSB06030468.wav,1
/data/DATASETS/CodecFake/train/F01_SSB06290146.wav,1
/data/DATASETS/CodecFake/train/F01_p257_287.wav,1
/data/DATASETS/CodecFake/train/F01_SSB03420211.wav,1
/data/DATASETS/CodecFake/train/F01_SSB03070316.wav,1
/data/DATASETS/CodecFake/train/F01_SSB05780112.wav,1
/data/DATASETS/CodecFake/train/F01_p243_049.wav,1
/data/DATASETS/CodecFake/train/F01_p299_154.wav,1
/data/DATASETS/CodecFake/train/F01_SSB01490405.wav,1
/data/DATASETS/CodecFake/train/F01_SSB16860343.wav,1
/data/DATASETS/CodecFake/train/F01_p249_245.wav,1
/data/DATASETS/CodecFake/train/F01_p257_181.wav,1
/data/DATASETS/CodecFake/train/F01_SSB04150459.wav,1
/data/DATASETS/CodecFake/train/F01_p313_177.wav,1
/data/DATASETS/CodecFake/train/F01_SSB11350366.wav,1
/data/DATASETS/CodecFake/train/F01_SSB04070116.wav,1
/data/DATASETS/CodecFake/train/F01_SSB06930269.wav,1
/data/DATASETS/CodecFake/train/F01_SSB02990190.wav,1
/data/DATASETS/CodecFake/train/F01_SSB11080011.wav,1
/data/DATASETS/CodecFake/train/F01_SSB13660474.wav,1
/data/DATASETS/CodecFake/train/F01_p314_293.wav,1
/data/DATASETS/CodecFake/train/F01_SSB14480211.wav,1
/data/DATASETS/CodecFake/train/F01_SSB10560421.wav,1
/data/DATASETS/CodecFake/train/F01_p259_251.wav,1
/data/DATASETS/CodecFake/train/F01_p237_212.wav,1
/data/DATASETS/CodecFake/train/F01_p231_390.wav,1
/data/DATASETS/CodecFake/train/F01_SSB13020134.wav,1
/data/DATASETS/CodecFake/train/F01_SSB13020159.wav,1
/data/DATASETS/CodecFake/train/F01_p298_333.wav,1
/data/DATASETS/CodecFake/train/F01_p292_397.wav,1
/data/DATASETS/CodecFake/train/F01_SSB12740324.wav,1
/data/DATASETS/CodecFake/train/F01_SSB12040111.wav,1
/data/DATASETS/CodecFake/train/F01_SSB05990457.wav,1
/data/DATASETS/CodecFake/train/F01_p225_147.wav,1
/data/DATASETS/CodecFake/train/F01_p288_242.wav,1
/data/DATASETS/CodecFake/train/F01_SSB00330006.wav,1
/data/DATASETS/CodecFake/train/F01_SSB03790437.wav,1
/data/DATASETS/CodecFake/train/F01_SSB19390260.wav,1
/data/DATASETS/CodecFake/train/F01_SSB07780510.wav,1
/data/DATASETS/CodecFake/train/F01_SSB17390340.wav,1
/data/DATASETS/CodecFake/train/F01_SSB06320079.wav,1
/data/DATASETS/CodecFake/train/F01_SSB03230442.wav,1
/data/DATASETS/CodecFake/train/F01_SSB07160022.wav,1
/data/DATASETS/CodecFake/train/F01_SSB01930265.wav,1
/data/DATASETS/CodecFake/train/F01_p307_202.wav,1
/data/DATASETS/CodecFake/train/F01_SSB03380271.wav,1
/data/DATASETS/CodecFake/train/F01_SSB04270071.wav,1
/data/DATASETS/CodecFake/train/F01_SSB06030437.wav,1
/data/DATASETS/CodecFake/train/F01_p280_385.wav,1
/data/DATASETS/CodecFake/train/F01_SSB06660268.wav,1
/data/DATASETS/CodecFake/train/F01_p318_041.wav,1
/data/DATASETS/CodecFake/train/F01_SSB07580111.wav,1
/data/DATASETS/CodecFake/train/F01_p269_202.wav,1
/data/DATASETS/CodecFake/train/F01_p265_098.wav,1
/data/DATASETS/CodecFake/train/F01_SSB08510141.wav,1
/data/DATASETS/CodecFake/train/F01_p266_151.wav,1
/data/DATASETS/CodecFake/train/F01_SSB07160068.wav,1
/data/DATASETS/CodecFake/train/F01_SSB07460241.wav,1
/data/DATASETS/CodecFake/train/F01_p330_350.wav,1
/data/DATASETS/CodecFake/train/F01_SSB00120395.wav,1
/data/DATASETS/CodecFake/train/F01_p245_341.wav,1
/data/DATASETS/CodecFake/train/F01_p230_234.wav,1
/data/DATASETS/CodecFake/train/F01_SSB05940058.wav,1
/data/DATASETS/CodecFake/train/F01_p232_375.wav,1
/data/DATASETS/CodecFake/train/F01_p311_326.wav,1
/data/DATASETS/CodecFake/train/F01_SSB09190019.wav,1
/data/DATASETS/CodecFake/train/F01_SSB03850170.wav,1
/data/DATASETS/CodecFake/train/F01_SSB00120292.wav,1
/data/DATASETS/CodecFake/train/F01_p239_340.wav,1
/data/DATASETS/CodecFake/train/F01_SSB12150452.wav,1
/data/DATASETS/CodecFake/train/F01_SSB13220396.wav,1
/data/DATASETS/CodecFake/train/F01_SSB11350105.wav,1
/data/DATASETS/CodecFake/train/F01_SSB00570148.wav,1
/data/DATASETS/CodecFake/train/F01_SSB09930454.wav,1
/data/DATASETS/CodecFake/train/F01_SSB04700168.wav,1
/data/DATASETS/CodecFake/train/F01_p249_182.wav,1
/data/DATASETS/CodecFake/train/F01_SSB09350359.wav,1
/data/DATASETS/CodecFake/train/F01_p293_165.wav,1
/data/DATASETS/CodecFake/train/F01_p323_074.wav,1
/data/DATASETS/CodecFake/train/F01_p284_210.wav,1
/data/DATASETS/CodecFake/train/F01_SSB05880284.wav,1
/data/DATASETS/CodecFake/train/F01_p312_086.wav,1
/data/DATASETS/CodecFake/train/F01_SSB06310412.wav,1
/data/DATASETS/CodecFake/train/F01_p262_015.wav,1
/data/DATASETS/CodecFake/train/F01_p316_152.wav,1
/data/DATASETS/CodecFake/train/F01_SSB10240201.wav,1
/data/DATASETS/CodecFake/train/F01_SSB14480439.wav,1
/data/DATASETS/CodecFake/train/F01_p345_222.wav,1
/data/DATASETS/CodecFake/train/F01_SSB07460495.wav,1
/data/DATASETS/CodecFake/train/F01_p265_043.wav,1
/data/DATASETS/CodecFake/train/F01_p258_297.wav,1
/data/DATASETS/CodecFake/train/F01_SSB13650328.wav,1
/data/DATASETS/CodecFake/train/F01_p335_269.wav,1
/data/DATASETS/CodecFake/train/F01_SSB00430344.wav,1
/data/DATASETS/CodecFake/train/F01_SSB03930339.wav,1
/data/DATASETS/CodecFake/train/F01_SSB15670046.wav,1
/data/DATASETS/CodecFake/train/F01_SSB10200323.wav,1
/data/DATASETS/CodecFake/train/F01_SSB07370121.wav,1
/data/DATASETS/CodecFake/train/F01_p231_070.wav,1
/data/DATASETS/CodecFake/train/F01_SSB04260175.wav,1
/data/DATASETS/CodecFake/train/F01_p276_463.wav,1
/data/DATASETS/CodecFake/train/F01_p241_253.wav,1
/data/DATASETS/CodecFake/train/F01_p313_172.wav,1
/data/DATASETS/CodecFake/train/F01_p335_264.wav,1
/data/DATASETS/CodecFake/train/F01_p284_006.wav,1
/data/DATASETS/CodecFake/train/F01_p274_296.wav,1
/data/DATASETS/CodecFake/train/F01_p329_350.wav,1
/data/DATASETS/CodecFake/train/F01_p250_132.wav,1
/data/DATASETS/CodecFake/train/F01_SSB13930007.wav,1
/data/DATASETS/CodecFake/train/F01_SSB10560164.wav,1
/data/DATASETS/CodecFake/train/F01_p351_398.wav,1
/data/DATASETS/CodecFake/train/F01_SSB05020343.wav,1
/data/DATASETS/CodecFake/train/F01_SSB06290267.wav,1
/data/DATASETS/CodecFake/train/F01_SSB18910432.wav,1
/data/DATASETS/CodecFake/train/F01_SSB00430127.wav,1
/data/DATASETS/CodecFake/train/F01_p269_014.wav,1
/data/DATASETS/CodecFake/train/F01_SSB13400124.wav,1
/data/DATASETS/CodecFake/train/F01_SSB16250220.wav,1
/data/DATASETS/CodecFake/train/F01_p297_145.wav,1
/data/DATASETS/CodecFake/train/F01_SSB12390213.wav,1
/data/DATASETS/CodecFake/train/F01_p251_119.wav,1
/data/DATASETS/CodecFake/train/F01_SSB07600131.wav,1
/data/DATASETS/CodecFake/train/F01_p305_337.wav,1
/data/DATASETS/CodecFake/train/F01_SSB04340443.wav,1
/data/DATASETS/CodecFake/train/F01_p323_136.wav,1
/data/DATASETS/CodecFake/train/F01_p228_239.wav,1
/data/DATASETS/CodecFake/train/F01_p229_135.wav,1
/data/DATASETS/CodecFake/train/F01_p234_218.wav,1
/data/DATASETS/CodecFake/train/F01_p310_250.wav,1
/data/DATASETS/CodecFake/train/F01_SSB07230007.wav,1
/data/DATASETS/CodecFake/train/F01_p265_338.wav,1
/data/DATASETS/CodecFake/train/F01_SSB00430008.wav,1
/data/DATASETS/CodecFake/train/F01_SSB03850049.wav,1
/data/DATASETS/CodecFake/train/F01_SSB03850098.wav,1
/data/DATASETS/CodecFake/train/F01_SSB13820077.wav,1
/data/DATASETS/CodecFake/train/F01_p330_090.wav,1
/data/DATASETS/CodecFake/train/F01_SSB09970444.wav,1
/data/DATASETS/CodecFake/train/F01_SSB12740045.wav,1
/data/DATASETS/CodecFake/train/F01_p276_098.wav,1
/data/DATASETS/CodecFake/train/F01_SSB14020486.wav,1
/data/DATASETS/CodecFake/train/F01_SSB05390031.wav,1
/data/DATASETS/CodecFake/train/F01_p299_124.wav,1
/data/DATASETS/CodecFake/train/F01_p303_280.wav,1
/data/DATASETS/CodecFake/train/F01_SSB12160267.wav,1
/data/DATASETS/CodecFake/train/F01_SSB03790031.wav,1
/data/DATASETS/CodecFake/train/F01_SSB01120031.wav,1
/data/DATASETS/CodecFake/train/F01_SSB17110022.wav,1
/data/DATASETS/CodecFake/train/F01_SSB19180497.wav,1
/data/DATASETS/CodecFake/train/F01_p318_323.wav,1
/data/DATASETS/CodecFake/train/F01_SSB03940005.wav,1
/data/DATASETS/CodecFake/train/F01_SSB01330066.wav,1
/data/DATASETS/CodecFake/train/F01_p262_122.wav,1
/data/DATASETS/CodecFake/train/F01_SSB19390422.wav,1
/data/DATASETS/CodecFake/train/F01_SSB06680372.wav,1
/data/DATASETS/CodecFake/train/F01_SSB00800326.wav,1
/data/DATASETS/CodecFake/train/F01_SSB04150022.wav,1
/data/DATASETS/CodecFake/train/F01_SSB08710234.wav,1
/data/DATASETS/CodecFake/train/F01_SSB05900296.wav,1
/data/DATASETS/CodecFake/train/F01_SSB04700437.wav,1
/data/DATASETS/CodecFake/train/F01_p232_193.wav,1
/data/DATASETS/CodecFake/train/F01_SSB00090281.wav,1
/data/DATASETS/CodecFake/train/F01_p351_280.wav,1
/data/DATASETS/CodecFake/train/F01_SSB04070193.wav,1
/data/DATASETS/CodecFake/train/F01_SSB07370134.wav,1
/data/DATASETS/CodecFake/train/F01_SSB17110259.wav,1
/data/DATASETS/CodecFake/train/F01_SSB05440178.wav,1
/data/DATASETS/CodecFake/train/F01_SSB16070193.wav,1
/data/DATASETS/CodecFake/train/F01_p254_249.wav,1
/data/DATASETS/CodecFake/train/F01_SSB13280137.wav,1
/data/DATASETS/CodecFake/train/F01_SSB07200295.wav,1
/data/DATASETS/CodecFake/train/F01_p251_367.wav,1
/data/DATASETS/CodecFake/train/F01_SSB06860047.wav,1
/data/DATASETS/CodecFake/train/F01_p292_101.wav,1
/data/DATASETS/CodecFake/train/F01_p339_134.wav,1
/data/DATASETS/CodecFake/train/F01_SSB10720446.wav,1
/data/DATASETS/CodecFake/train/F01_SSB15750084.wav,1
/data/DATASETS/CodecFake/train/F01_SSB04070183.wav,1
/data/DATASETS/CodecFake/train/F01_p341_135.wav,1
/data/DATASETS/CodecFake/train/F01_SSB10720391.wav,1
/data/DATASETS/CodecFake/train/F01_SSB03850084.wav,1
/data/DATASETS/CodecFake/train/F01_SSB02730352.wav,1
/data/DATASETS/CodecFake/train/F01_SSB05940167.wav,1
/data/DATASETS/CodecFake/train/F01_p311_297.wav,1
/data/DATASETS/CodecFake/train/F01_p248_132.wav,1
/data/DATASETS/CodecFake/train/F01_p361_204.wav,1
/data/DATASETS/CodecFake/train/F01_p260_006.wav,1
/data/DATASETS/CodecFake/train/F01_SSB19350395.wav,1
/data/DATASETS/CodecFake/train/F01_SSB07840088.wav,1
/data/DATASETS/CodecFake/train/F01_SSB18910437.wav,1
/data/DATASETS/CodecFake/train/F01_SSB01450063.wav,1
/data/DATASETS/CodecFake/train/F01_SSB05340064.wav,1
/data/DATASETS/CodecFake/train/F01_SSB11360311.wav,1
/data/DATASETS/CodecFake/train/F01_p295_154.wav,1
/data/DATASETS/CodecFake/train/F01_p341_161.wav,1
/data/DATASETS/CodecFake/train/F01_p308_147.wav,1
/data/DATASETS/CodecFake/train/F01_SSB05990227.wav,1
/data/DATASETS/CodecFake/train/F01_p261_328.wav,1
/data/DATASETS/CodecFake/train/F01_SSB18780428.wav,1
/data/DATASETS/CodecFake/train/F01_p364_067.wav,1
/data/DATASETS/CodecFake/train/F01_p231_098.wav,1
/data/DATASETS/CodecFake/train/F01_p248_084.wav,1
/data/DATASETS/CodecFake/train/F01_SSB10960097.wav,1
/data/DATASETS/CodecFake/train/F01_p351_358.wav,1
/data/DATASETS/CodecFake/train/F01_SSB09660444.wav,1
/data/DATASETS/CodecFake/train/F01_SSB07620078.wav,1
/data/DATASETS/CodecFake/train/F01_p326_375.wav,1
/data/DATASETS/CodecFake/train/F01_SSB10560297.wav,1
/data/DATASETS/CodecFake/train/F01_SSB03950443.wav,1
/data/DATASETS/CodecFake/train/F01_p336_289.wav,1
/data/DATASETS/CodecFake/train/F01_p305_355.wav,1
/data/DATASETS/CodecFake/train/F01_p275_222.wav,1
/data/DATASETS/CodecFake/train/F01_SSB17110182.wav,1
/data/DATASETS/CodecFake/train/F01_SSB03160056.wav,1
/data/DATASETS/CodecFake/train/F01_SSB11970126.wav,1
/data/DATASETS/CodecFake/train/F01_p318_346.wav,1
/data/DATASETS/CodecFake/train/F01_SSB14480075.wav,1
/data/DATASETS/CodecFake/train/F01_SSB01490038.wav,1
/data/DATASETS/CodecFake/train/F01_SSB11260440.wav,1
/data/DATASETS/CodecFake/train/F01_SSB07480121.wav,1
/data/DATASETS/CodecFake/train/F01_p245_357.wav,1
/data/DATASETS/CodecFake/train/F01_SSB04350376.wav,1
/data/DATASETS/CodecFake/train/F01_SSB02880286.wav,1
/data/DATASETS/CodecFake/train/F01_SSB00430327.wav,1
/data/DATASETS/CodecFake/train/F01_SSB00180270.wav,1
/data/DATASETS/CodecFake/train/F01_SSB16250336.wav,1
/data/DATASETS/CodecFake/train/F01_SSB10500276.wav,1
/data/DATASETS/CodecFake/train/F01_p287_351.wav,1
/data/DATASETS/CodecFake/train/F01_p278_210.wav,1
/data/DATASETS/CodecFake/train/F01_p273_220.wav,1
/data/DATASETS/CodecFake/train/F01_SSB16250052.wav,1
/data/DATASETS/CodecFake/train/F01_SSB10010383.wav,1
/data/DATASETS/CodecFake/train/F01_SSB06710456.wav,1
/data/DATASETS/CodecFake/train/F01_p340_241.wav,1
/data/DATASETS/CodecFake/train/F01_SSB15630254.wav,1
/data/DATASETS/CodecFake/train/F01_SSB10080155.wav,1
/data/DATASETS/CodecFake/train/F01_SSB15670284.wav,1
/data/DATASETS/CodecFake/train/F01_SSB14480118.wav,1
/data/DATASETS/CodecFake/train/F01_SSB10960121.wav,1
/data/DATASETS/CodecFake/train/F01_SSB02000329.wav,1
/data/DATASETS/CodecFake/train/F01_SSB05020142.wav,1
/data/DATASETS/CodecFake/train/F01_SSB15670384.wav,1
/data/DATASETS/CodecFake/train/F01_SSB02000128.wav,1
/data/DATASETS/CodecFake/train/F01_p268_401.wav,1
/data/DATASETS/CodecFake/train/F01_SSB16240024.wav,1
/data/DATASETS/CodecFake/train/F01_p313_247.wav,1
/data/DATASETS/CodecFake/train/F01_SSB13990358.wav,1
/data/DATASETS/CodecFake/train/F01_SSB07480096.wav,1
/data/DATASETS/CodecFake/train/F01_p292_243.wav,1
/data/DATASETS/CodecFake/train/F01_SSB08870369.wav,1
/data/DATASETS/CodecFake/train/F01_p255_049.wav,1
/data/DATASETS/CodecFake/train/F01_SSB12030297.wav,1
/data/DATASETS/CodecFake/train/F01_p225_337.wav,1
/data/DATASETS/CodecFake/train/F01_SSB10240249.wav,1
/data/DATASETS/CodecFake/train/F01_SSB07110405.wav,1
/data/DATASETS/CodecFake/train/F01_SSB05390161.wav,1
/data/DATASETS/CodecFake/train/F01_SSB19350331.wav,1
/data/DATASETS/CodecFake/train/F01_SSB10960336.wav,1
/data/DATASETS/CodecFake/train/F01_p301_410.wav,1
/data/DATASETS/CodecFake/train/F01_SSB06680137.wav,1
/data/DATASETS/CodecFake/train/F01_SSB06660362.wav,1
/data/DATASETS/CodecFake/train/F01_SSB06710481.wav,1
/data/DATASETS/CodecFake/train/F01_p227_304.wav,1
/data/DATASETS/CodecFake/train/F01_p312_064.wav,1
/data/DATASETS/CodecFake/train/F01_p314_011.wav,1
/data/DATASETS/CodecFake/train/F01_SSB03790390.wav,1
/data/DATASETS/CodecFake/train/F01_SSB00120323.wav,1
/data/DATASETS/CodecFake/train/F01_p312_274.wav,1
/data/DATASETS/CodecFake/train/F01_p341_357.wav,1
/data/DATASETS/CodecFake/train/F01_SSB13990463.wav,1
/data/DATASETS/CodecFake/train/F01_p262_111.wav,1
/data/DATASETS/CodecFake/train/F01_p245_161.wav,1
/data/DATASETS/CodecFake/train/F01_p267_327.wav,1
/data/DATASETS/CodecFake/train/F01_p306_262.wav,1
/data/DATASETS/CodecFake/train/F01_SSB03850055.wav,1
/data/DATASETS/CodecFake/train/F01_SSB04070225.wav,1
/data/DATASETS/CodecFake/train/F01_p311_357.wav,1
/data/DATASETS/CodecFake/train/F01_SSB07370196.wav,1
/data/DATASETS/CodecFake/train/F01_p230_147.wav,1
/data/DATASETS/CodecFake/train/F01_SSB10240122.wav,1
/data/DATASETS/CodecFake/train/F01_p283_018.wav,1
/data/DATASETS/CodecFake/train/F01_SSB03150006.wav,1
/data/DATASETS/CodecFake/train/F01_SSB15750012.wav,1
/data/DATASETS/CodecFake/train/F01_SSB09970238.wav,1
/data/DATASETS/CodecFake/train/F01_p280_209.wav,1
/data/DATASETS/CodecFake/train/F01_SSB07230182.wav,1
/data/DATASETS/CodecFake/train/F01_p280_061.wav,1
/data/DATASETS/CodecFake/train/F01_p250_400.wav,1
/data/DATASETS/CodecFake/train/F01_p277_034.wav,1
/data/DATASETS/CodecFake/train/F01_p246_086.wav,1
/data/DATASETS/CodecFake/train/F01_p323_147.wav,1
/data/DATASETS/CodecFake/train/F01_SSB04070113.wav,1
/data/DATASETS/CodecFake/train/F01_p276_036.wav,1
/data/DATASETS/CodecFake/train/F01_SSB18720378.wav,1
/data/DATASETS/CodecFake/train/F01_SSB08170346.wav,1
/data/DATASETS/CodecFake/train/F01_p316_106.wav,1
/data/DATASETS/CodecFake/train/F01_SSB11250336.wav,1
/data/DATASETS/CodecFake/train/F01_SSB06060139.wav,1
/data/DATASETS/CodecFake/train/F01_SSB06290122.wav,1
/data/DATASETS/CodecFake/train/F01_p233_231.wav,1
/data/DATASETS/CodecFake/train/F01_p243_324.wav,1
/data/DATASETS/CodecFake/train/F01_SSB03930328.wav,1
/data/DATASETS/CodecFake/train/F01_p334_187.wav,1
/data/DATASETS/CodecFake/train/F01_SSB00160286.wav,1
/data/DATASETS/CodecFake/train/F01_SSB05440381.wav,1
/data/DATASETS/CodecFake/train/F01_p258_216.wav,1
/data/DATASETS/CodecFake/train/F01_p248_081.wav,1
/data/DATASETS/CodecFake/train/F01_SSB00110098.wav,1
/data/DATASETS/CodecFake/train/F01_SSB13920090.wav,1
/data/DATASETS/CodecFake/train/F01_p250_316.wav,1
/data/DATASETS/CodecFake/train/F01_SSB08090180.wav,1
/data/DATASETS/CodecFake/train/F01_SSB14480474.wav,1
/data/DATASETS/CodecFake/train/F01_SSB00730140.wav,1
/data/DATASETS/CodecFake/train/F01_SSB18090469.wav,1
/data/DATASETS/CodecFake/train/F01_p254_069.wav,1
/data/DATASETS/CodecFake/train/F01_p230_402.wav,1
/data/DATASETS/CodecFake/train/F01_SSB03070210.wav,1
/data/DATASETS/CodecFake/train/F01_p271_399.wav,1
/data/DATASETS/CodecFake/train/F01_p245_336.wav,1
/data/DATASETS/CodecFake/train/F01_SSB08710001.wav,1
/data/DATASETS/CodecFake/train/F01_p263_380.wav,1
/data/DATASETS/CodecFake/train/F01_SSB08170371.wav,1
/data/DATASETS/CodecFake/train/F01_SSB11250353.wav,1
/data/DATASETS/CodecFake/train/F01_SSB16070334.wav,1
/data/DATASETS/CodecFake/train/F01_SSB07510006.wav,1
/data/DATASETS/CodecFake/train/F01_p374_056.wav,1
/data/DATASETS/CodecFake/train/F01_p259_207.wav,1
/data/DATASETS/CodecFake/train/F01_SSB15750314.wav,1
/data/DATASETS/CodecFake/train/F01_p362_365.wav,1
/data/DATASETS/CodecFake/train/F01_SSB02870296.wav,1
/data/DATASETS/CodecFake/train/F01_SSB05780318.wav,1
/data/DATASETS/CodecFake/train/F01_SSB07200345.wav,1
/data/DATASETS/CodecFake/train/F01_SSB07110319.wav,1
/data/DATASETS/CodecFake/train/F01_SSB06060349.wav,1
/data/DATASETS/CodecFake/train/F01_p360_230.wav,1
/data/DATASETS/CodecFake/train/F01_SSB13650164.wav,1
/data/DATASETS/CodecFake/train/F01_SSB15750156.wav,1
/data/DATASETS/CodecFake/train/F01_SSB05350247.wav,1
/data/DATASETS/CodecFake/train/F01_SSB11100463.wav,1
/data/DATASETS/CodecFake/train/F01_SSB11080384.wav,1
/data/DATASETS/CodecFake/train/F01_SSB03930073.wav,1
/data/DATASETS/CodecFake/train/F01_SSB19560356.wav,1
/data/DATASETS/CodecFake/train/F01_SSB03660316.wav,1
/data/DATASETS/CodecFake/train/F01_SSB01490064.wav,1
/data/DATASETS/CodecFake/train/F01_SSB03930501.wav,1
/data/DATASETS/CodecFake/train/F01_SSB08170303.wav,1
/data/DATASETS/CodecFake/train/F01_p261_294.wav,1
/data/DATASETS/CodecFake/train/F01_SSB10020166.wav,1
/data/DATASETS/CodecFake/train/F01_p374_074.wav,1
/data/DATASETS/CodecFake/train/F01_SSB00110274.wav,1
/data/DATASETS/CodecFake/train/F01_SSB06140245.wav,1
/data/DATASETS/CodecFake/train/F01_SSB08510163.wav,1
/data/DATASETS/CodecFake/train/F01_SSB00430059.wav,1
/data/DATASETS/CodecFake/train/F01_p297_422.wav,1
/data/DATASETS/CodecFake/train/F01_SSB09930358.wav,1
/data/DATASETS/CodecFake/train/F01_SSB10910441.wav,1
/data/DATASETS/CodecFake/train/F01_SSB02000384.wav,1
/data/DATASETS/CodecFake/train/F01_SSB18630001.wav,1
/data/DATASETS/CodecFake/train/F01_p228_047.wav,1
/data/DATASETS/CodecFake/train/F01_p227_285.wav,1
/data/DATASETS/CodecFake/train/F01_SSB02990032.wav,1
/data/DATASETS/CodecFake/train/F01_SSB06010400.wav,1
/data/DATASETS/CodecFake/train/F01_SSB15630445.wav,1
/data/DATASETS/CodecFake/train/F01_SSB04150464.wav,1
/data/DATASETS/CodecFake/train/F01_SSB15630276.wav,1
/data/DATASETS/CodecFake/train/F01_p234_314.wav,1
/data/DATASETS/CodecFake/train/F01_p248_338.wav,1
/data/DATASETS/CodecFake/train/F01_p262_161.wav,1
/data/DATASETS/CodecFake/train/F01_SSB00570017.wav,1
/data/DATASETS/CodecFake/train/F01_SSB00380098.wav,1
/data/DATASETS/CodecFake/train/F01_SSB05900388.wav,1
/data/DATASETS/CodecFake/train/F01_SSB00330465.wav,1
/data/DATASETS/CodecFake/train/F01_SSB02730132.wav,1
/data/DATASETS/CodecFake/train/F01_SSB01490294.wav,1
/data/DATASETS/CodecFake/train/F01_p250_144.wav,1
/data/DATASETS/CodecFake/train/F01_p250_045.wav,1
/data/DATASETS/CodecFake/train/F01_SSB05340296.wav,1
/data/DATASETS/CodecFake/train/F01_p281_409.wav,1
/data/DATASETS/CodecFake/train/F01_p272_171.wav,1
/data/DATASETS/CodecFake/train/F01_p258_177.wav,1
/data/DATASETS/CodecFake/train/F01_SSB03420003.wav,1
/data/DATASETS/CodecFake/train/F01_SSB03390066.wav,1
/data/DATASETS/CodecFake/train/F01_p336_038.wav,1
/data/DATASETS/CodecFake/train/F01_SSB15630305.wav,1
/data/DATASETS/CodecFake/train/F01_p230_240.wav,1
/data/DATASETS/CodecFake/train/F01_SSB07510220.wav,1
/data/DATASETS/CodecFake/train/F01_SSB03090221.wav,1
/data/DATASETS/CodecFake/train/F01_SSB02000115.wav,1
/data/DATASETS/CodecFake/train/F01_SSB10960321.wav,1
/data/DATASETS/CodecFake/train/F01_SSB03090378.wav,1
/data/DATASETS/CodecFake/train/F01_SSB07360416.wav,1
/data/DATASETS/CodecFake/train/F01_SSB06930473.wav,1
/data/DATASETS/CodecFake/train/F01_SSB04700081.wav,1
/data/DATASETS/CodecFake/train/F01_p301_379.wav,1
/data/DATASETS/CodecFake/train/F01_p262_295.wav,1
/data/DATASETS/CodecFake/train/F01_SSB04260245.wav,1
/data/DATASETS/CodecFake/train/F01_SSB09930221.wav,1
/data/DATASETS/CodecFake/train/F01_p254_368.wav,1
/data/DATASETS/CodecFake/train/F01_p234_045.wav,1
/data/DATASETS/CodecFake/train/F01_SSB03420156.wav,1
/data/DATASETS/CodecFake/train/F01_SSB17110019.wav,1
/data/DATASETS/CodecFake/train/F01_p311_333.wav,1
/data/DATASETS/CodecFake/train/F01_p343_051.wav,1
/data/DATASETS/CodecFake/train/F01_p317_095.wav,1
/data/DATASETS/CodecFake/train/F01_SSB11970261.wav,1
/data/DATASETS/CodecFake/train/F01_SSB01450206.wav,1
/data/DATASETS/CodecFake/train/F01_SSB07160379.wav,1
/data/DATASETS/CodecFake/train/F01_SSB03090046.wav,1
/data/DATASETS/CodecFake/train/F01_SSB07110132.wav,1
/data/DATASETS/CodecFake/train/F01_SSB04070143.wav,1
/data/DATASETS/CodecFake/train/F01_SSB16240317.wav,1
/data/DATASETS/CodecFake/train/F01_SSB07780283.wav,1
/data/DATASETS/CodecFake/train/F01_SSB16250135.wav,1
/data/DATASETS/CodecFake/train/F01_p299_028.wav,1
/data/DATASETS/CodecFake/train/F01_SSB02460470.wav,1
/data/DATASETS/CodecFake/train/F01_p285_061.wav,1
/data/DATASETS/CodecFake/train/F01_p253_095.wav,1
/data/DATASETS/CodecFake/train/F01_SSB07000158.wav,1
/data/DATASETS/CodecFake/train/F01_SSB11350282.wav,1
/data/DATASETS/CodecFake/train/F01_SSB07600192.wav,1
/data/DATASETS/CodecFake/train/F01_SSB15550363.wav,1
/data/DATASETS/CodecFake/train/F01_SSB11870343.wav,1
/data/DATASETS/CodecFake/train/F01_SSB15750018.wav,1
/data/DATASETS/CodecFake/train/F01_SSB05390043.wav,1
/data/DATASETS/CodecFake/train/F01_p318_287.wav,1
/data/DATASETS/CodecFake/train/F01_SSB13650285.wav,1
/data/DATASETS/CodecFake/train/F01_SSB18780254.wav,1
/data/DATASETS/CodecFake/train/F01_p305_168.wav,1
/data/DATASETS/CodecFake/train/F01_SSB07840144.wav,1
/data/DATASETS/CodecFake/train/F01_SSB11760245.wav,1
/data/DATASETS/CodecFake/train/F01_SSB03850164.wav,1
/data/DATASETS/CodecFake/train/F01_SSB03820453.wav,1
/data/DATASETS/CodecFake/train/F01_SSB03380462.wav,1
/data/DATASETS/CodecFake/train/F01_SSB05880263.wav,1
/data/DATASETS/CodecFake/train/F01_SSB06060243.wav,1
/data/DATASETS/CodecFake/train/F01_SSB00050187.wav,1
/data/DATASETS/CodecFake/train/F01_p261_371.wav,1
/data/DATASETS/CodecFake/train/F01_p263_465.wav,1
/data/DATASETS/CodecFake/train/F01_SSB06660320.wav,1
/data/DATASETS/CodecFake/train/F01_SSB07360124.wav,1
/data/DATASETS/CodecFake/train/F01_SSB09350241.wav,1
/data/DATASETS/CodecFake/train/F01_SSB05340090.wav,1
/data/DATASETS/CodecFake/train/F01_SSB07860008.wav,1
/data/DATASETS/CodecFake/train/F01_SSB07800061.wav,1
/data/DATASETS/CodecFake/train/F01_SSB03660458.wav,1
/data/DATASETS/CodecFake/train/F01_SSB09130033.wav,1
/data/DATASETS/CodecFake/train/F01_SSB17390010.wav,1
/data/DATASETS/CodecFake/train/F01_SSB03940506.wav,1
/data/DATASETS/CodecFake/train/F01_p336_178.wav,1
/data/DATASETS/CodecFake/train/F01_SSB01220197.wav,1
/data/DATASETS/CodecFake/train/F01_SSB19350155.wav,1
/data/DATASETS/CodecFake/train/F01_p305_034.wav,1
/data/DATASETS/CodecFake/train/F01_SSB11310493.wav,1
/data/DATASETS/CodecFake/train/F01_p256_025.wav,1
/data/DATASETS/CodecFake/train/F01_SSB19020302.wav,1
/data/DATASETS/CodecFake/train/F01_SSB07860233.wav,1
/data/DATASETS/CodecFake/train/F01_p259_066.wav,1
/data/DATASETS/CodecFake/train/F01_SSB05650229.wav,1
/data/DATASETS/CodecFake/train/F01_SSB00570379.wav,1
/data/DATASETS/CodecFake/train/F01_p343_081.wav,1
/data/DATASETS/CodecFake/train/F01_SSB06090142.wav,1
/data/DATASETS/CodecFake/train/F01_SSB10240442.wav,1
/data/DATASETS/CodecFake/train/F01_SSB05700012.wav,1
/data/DATASETS/CodecFake/train/F01_p364_301.wav,1
/data/DATASETS/CodecFake/train/F01_SSB12150078.wav,1
/data/DATASETS/CodecFake/train/F01_SSB12210201.wav,1
/data/DATASETS/CodecFake/train/F01_p364_157.wav,1
/data/DATASETS/CodecFake/train/F01_SSB03750223.wav,1
/data/DATASETS/CodecFake/train/F01_SSB19180402.wav,1
/data/DATASETS/CodecFake/train/F01_SSB16860315.wav,1
/data/DATASETS/CodecFake/train/F01_p228_272.wav,1
/data/DATASETS/CodecFake/train/F01_p277_353.wav,1
/data/DATASETS/CodecFake/train/F01_p281_229.wav,1
/data/DATASETS/CodecFake/train/F01_SSB04260140.wav,1
/data/DATASETS/CodecFake/train/F01_SSB03940226.wav,1
/data/DATASETS/CodecFake/train/F01_p276_431.wav,1
/data/DATASETS/CodecFake/train/F01_p243_170.wav,1
/data/DATASETS/CodecFake/train/F01_SSB11100409.wav,1
/data/DATASETS/CodecFake/train/F01_SSB02730487.wav,1
/data/DATASETS/CodecFake/train/F01_p364_012.wav,1
/data/DATASETS/CodecFake/train/F01_p231_401.wav,1
/data/DATASETS/CodecFake/train/F01_SSB13200201.wav,1
/data/DATASETS/CodecFake/train/F01_SSB09130268.wav,1
/data/DATASETS/CodecFake/train/F01_p313_405.wav,1
/data/DATASETS/CodecFake/train/F01_p299_034.wav,1
/data/DATASETS/CodecFake/train/F01_SSB13660455.wav,1
/data/DATASETS/CodecFake/train/F01_p301_257.wav,1
/data/DATASETS/CodecFake/train/F01_p231_076.wav,1
/data/DATASETS/CodecFake/train/F01_p228_006.wav,1
/data/DATASETS/CodecFake/train/F01_SSB12030277.wav,1
/data/DATASETS/CodecFake/train/F01_SSB18280008.wav,1
/data/DATASETS/CodecFake/train/F01_p268_369.wav,1
/data/DATASETS/CodecFake/train/F01_SSB17590143.wav,1
/data/DATASETS/CodecFake/train/F01_SSB10010326.wav,1
/data/DATASETS/CodecFake/train/F01_SSB13770206.wav,1
/data/DATASETS/CodecFake/train/F01_SSB02610401.wav,1
/data/DATASETS/CodecFake/train/F01_SSB00160427.wav,1
/data/DATASETS/CodecFake/train/F01_SSB10240082.wav,1
/data/DATASETS/CodecFake/train/F01_SSB03160066.wav,1
/data/DATASETS/CodecFake/train/F01_SSB05020149.wav,1
/data/DATASETS/CodecFake/train/F01_p315_056.wav,1
/data/DATASETS/CodecFake/train/F01_SSB03940099.wav,1
/data/DATASETS/CodecFake/train/F01_p281_265.wav,1
/data/DATASETS/CodecFake/train/F01_p248_216.wav,1
/data/DATASETS/CodecFake/train/F01_SSB14520251.wav,1
/data/DATASETS/CodecFake/train/F01_SSB12530406.wav,1
/data/DATASETS/CodecFake/train/F01_p241_133.wav,1
/data/DATASETS/CodecFake/train/F01_SSB04700347.wav,1
/data/DATASETS/CodecFake/train/F01_p266_400.wav,1
/data/DATASETS/CodecFake/train/F01_p306_229.wav,1
/data/DATASETS/CodecFake/train/F01_SSB11250238.wav,1
/data/DATASETS/CodecFake/train/F01_SSB04820159.wav,1
/data/DATASETS/CodecFake/train/F01_SSB03750262.wav,1
/data/DATASETS/CodecFake/train/F01_SSB05340390.wav,1
/data/DATASETS/CodecFake/train/F01_SSB03820460.wav,1
/data/DATASETS/CodecFake/train/F01_p254_259.wav,1
/data/DATASETS/CodecFake/train/F01_SSB05390380.wav,1
/data/DATASETS/CodecFake/train/F01_SSB05390331.wav,1
/data/DATASETS/CodecFake/train/F01_SSB13400194.wav,1
/data/DATASETS/CodecFake/train/F01_SSB13820055.wav,1
/data/DATASETS/CodecFake/train/F01_SSB06680426.wav,1
/data/DATASETS/CodecFake/train/F01_p310_065.wav,1
/data/DATASETS/CodecFake/train/F01_p287_368.wav,1
/data/DATASETS/CodecFake/train/F01_SSB07000001.wav,1
/data/DATASETS/CodecFake/train/F01_p253_394.wav,1
/data/DATASETS/CodecFake/train/F01_SSB18910374.wav,1
/data/DATASETS/CodecFake/train/F01_SSB13820477.wav,1
/data/DATASETS/CodecFake/train/F01_SSB08090293.wav,1
/data/DATASETS/CodecFake/train/F01_SSB09970293.wav,1
/data/DATASETS/CodecFake/train/F01_p326_037.wav,1
/data/DATASETS/CodecFake/train/F01_SSB00180476.wav,1
/data/DATASETS/CodecFake/train/F01_SSB19350323.wav,1
/data/DATASETS/CodecFake/train/F01_p292_367.wav,1
/data/DATASETS/CodecFake/train/F01_SSB03420255.wav,1
/data/DATASETS/CodecFake/train/F01_p315_196.wav,1
/data/DATASETS/CodecFake/train/F01_p278_015.wav,1
/data/DATASETS/CodecFake/train/F01_p249_317.wav,1
/data/DATASETS/CodecFake/train/F01_SSB03150057.wav,1
/data/DATASETS/CodecFake/train/F01_SSB17450218.wav,1
/data/DATASETS/CodecFake/train/F01_SSB03750476.wav,1
/data/DATASETS/CodecFake/train/F01_SSB11870341.wav,1
/data/DATASETS/CodecFake/train/F01_SSB08220439.wav,1
/data/DATASETS/CodecFake/train/F01_SSB17280339.wav,1
/data/DATASETS/CodecFake/train/F01_SSB03950431.wav,1
/data/DATASETS/CodecFake/train/F01_SSB05990092.wav,1
/data/DATASETS/CodecFake/train/F01_SSB17390123.wav,1
/data/DATASETS/CodecFake/train/F01_SSB04070458.wav,1
/data/DATASETS/CodecFake/train/F01_SSB06320090.wav,1
/data/DATASETS/CodecFake/train/F01_SSB04350177.wav,1
/data/DATASETS/CodecFake/train/F01_p335_138.wav,1
/data/DATASETS/CodecFake/train/F01_p250_275.wav,1
/data/DATASETS/CodecFake/train/F01_SSB06060106.wav,1
/data/DATASETS/CodecFake/train/F01_p227_122.wav,1
/data/DATASETS/CodecFake/train/F01_p311_395.wav,1
/data/DATASETS/CodecFake/train/F01_p340_377.wav,1
/data/DATASETS/CodecFake/train/F01_p281_333.wav,1
/data/DATASETS/CodecFake/train/F01_SSB03070189.wav,1
/data/DATASETS/CodecFake/train/F01_p336_025.wav,1
/data/DATASETS/CodecFake/train/F01_p295_355.wav,1
/data/DATASETS/CodecFake/train/F01_SSB16500255.wav,1
/data/DATASETS/CodecFake/train/F01_p264_390.wav,1
/data/DATASETS/CodecFake/train/F01_SSB13220379.wav,1
/data/DATASETS/CodecFake/train/F01_SSB05390189.wav,1
/data/DATASETS/CodecFake/train/F01_p240_003.wav,1
/data/DATASETS/CodecFake/train/F01_SSB13830295.wav,1
/data/DATASETS/CodecFake/train/F01_SSB15750368.wav,1
/data/DATASETS/CodecFake/train/F01_p257_234.wav,1
/data/DATASETS/CodecFake/train/F01_SSB17450080.wav,1
/data/DATASETS/CodecFake/train/F01_SSB00050269.wav,1
/data/DATASETS/CodecFake/train/F01_p292_301.wav,1
/data/DATASETS/CodecFake/train/F01_SSB03950042.wav,1
/data/DATASETS/CodecFake/train/F01_p259_298.wav,1
/data/DATASETS/CodecFake/train/F01_SSB03790083.wav,1
/data/DATASETS/CodecFake/train/F01_SSB02990185.wav,1
/data/DATASETS/CodecFake/train/F01_SSB06140229.wav,1
/data/DATASETS/CodecFake/train/F01_SSB14310224.wav,1
/data/DATASETS/CodecFake/train/F01_SSB12030472.wav,1
/data/DATASETS/CodecFake/train/F01_SSB00120080.wav,1
/data/DATASETS/CodecFake/train/F01_SSB16240419.wav,1
/data/DATASETS/CodecFake/train/F01_p363_382.wav,1
/data/DATASETS/CodecFake/train/F01_SSB11260239.wav,1
/data/DATASETS/CodecFake/train/F01_p248_086.wav,1
/data/DATASETS/CodecFake/train/F01_SSB19020307.wav,1
/data/DATASETS/CodecFake/train/F01_p299_303.wav,1
/data/DATASETS/CodecFake/train/F01_SSB15550285.wav,1
/data/DATASETS/CodecFake/train/F01_p308_116.wav,1
/data/DATASETS/CodecFake/train/F01_SSB10550355.wav,1
/data/DATASETS/CodecFake/train/F01_SSB03410092.wav,1
/data/DATASETS/CodecFake/train/F01_SSB12740227.wav,1
/data/DATASETS/CodecFake/train/F01_p310_345.wav,1
/data/DATASETS/CodecFake/train/F01_SSB10200331.wav,1
/data/DATASETS/CodecFake/train/F01_SSB06060131.wav,1
/data/DATASETS/CodecFake/train/F01_p266_328.wav,1
/data/DATASETS/CodecFake/train/F01_p347_041.wav,1
/data/DATASETS/CodecFake/train/F01_p272_073.wav,1
/data/DATASETS/CodecFake/train/F01_SSB17110407.wav,1
/data/DATASETS/CodecFake/train/F01_SSB16700332.wav,1
/data/DATASETS/CodecFake/train/F01_SSB07230120.wav,1
/data/DATASETS/CodecFake/train/F01_SSB10500055.wav,1
/data/DATASETS/CodecFake/train/F01_SSB07000254.wav,1
/data/DATASETS/CodecFake/train/F01_SSB01330111.wav,1
/data/DATASETS/CodecFake/train/F01_SSB09870344.wav,1
/data/DATASETS/CodecFake/train/F01_p249_255.wav,1
/data/DATASETS/CodecFake/train/F01_p286_162.wav,1
/data/DATASETS/CodecFake/train/F01_SSB04820109.wav,1
/data/DATASETS/CodecFake/train/F01_SSB07780070.wav,1
/data/DATASETS/CodecFake/train/F01_p287_012.wav,1
/data/DATASETS/CodecFake/train/F01_SSB06710334.wav,1
/data/DATASETS/CodecFake/train/F01_SSB06680197.wav,1
/data/DATASETS/CodecFake/train/F01_SSB13280294.wav,1
/data/DATASETS/CodecFake/train/F01_SSB04340479.wav,1
/data/DATASETS/CodecFake/train/F01_SSB01330203.wav,1
/data/DATASETS/CodecFake/train/F01_SSB09870087.wav,1
/data/DATASETS/CodecFake/train/F01_SSB18280034.wav,1
/data/DATASETS/CodecFake/train/F01_SSB15750140.wav,1
/data/DATASETS/CodecFake/train/F01_SSB07360310.wav,1
/data/DATASETS/CodecFake/train/F01_SSB11870093.wav,1
/data/DATASETS/CodecFake/train/F01_SSB03850450.wav,1
/data/DATASETS/CodecFake/train/F01_SSB10910408.wav,1
/data/DATASETS/CodecFake/train/F01_SSB00380451.wav,1
/data/DATASETS/CodecFake/train/F01_SSB16240338.wav,1
/data/DATASETS/CodecFake/train/F01_SSB06710163.wav,1
/data/DATASETS/CodecFake/train/F01_SSB15750033.wav,1
/data/DATASETS/CodecFake/train/F01_SSB03380015.wav,1
/data/DATASETS/CodecFake/train/F01_SSB06010452.wav,1
/data/DATASETS/CodecFake/train/F01_SSB07360268.wav,1
/data/DATASETS/CodecFake/train/F01_SSB02610001.wav,1
/data/DATASETS/CodecFake/train/F01_SSB13930430.wav,1
/data/DATASETS/CodecFake/train/F01_SSB06860484.wav,1
/data/DATASETS/CodecFake/train/F01_SSB00800020.wav,1
/data/DATASETS/CodecFake/train/F01_SSB14520386.wav,1
/data/DATASETS/CodecFake/train/F01_SSB19020093.wav,1
/data/DATASETS/CodecFake/train/F01_SSB06060334.wav,1
/data/DATASETS/CodecFake/train/F01_p364_075.wav,1
/data/DATASETS/CodecFake/train/F01_SSB11970430.wav,1
/data/DATASETS/CodecFake/train/F01_p310_025.wav,1
/data/DATASETS/CodecFake/train/F01_p341_219.wav,1
/data/DATASETS/CodecFake/train/F01_SSB05650186.wav,1
/data/DATASETS/CodecFake/train/F01_SSB03820160.wav,1
/data/DATASETS/CodecFake/train/F01_p302_308.wav,1
/data/DATASETS/CodecFake/train/F01_p261_253.wav,1
/data/DATASETS/CodecFake/train/F01_SSB07620363.wav,1
/data/DATASETS/CodecFake/train/F01_SSB03850246.wav,1
/data/DATASETS/CodecFake/train/F01_SSB01450130.wav,1
/data/DATASETS/CodecFake/train/F01_p257_042.wav,1
/data/DATASETS/CodecFake/train/F01_p341_253.wav,1
/data/DATASETS/CodecFake/train/F01_p261_074.wav,1
/data/DATASETS/CodecFake/train/F01_SSB12210171.wav,1
/data/DATASETS/CodecFake/train/F01_SSB02870351.wav,1
/data/DATASETS/CodecFake/train/F01_SSB14570454.wav,1
/data/DATASETS/CodecFake/train/F01_p281_318.wav,1
/data/DATASETS/CodecFake/train/F01_SSB03800147.wav,1
/data/DATASETS/CodecFake/train/F01_p239_399.wav,1
/data/DATASETS/CodecFake/train/F01_SSB13830434.wav,1
/data/DATASETS/CodecFake/train/F01_SSB07580082.wav,1
/data/DATASETS/CodecFake/train/F01_SSB00050311.wav,1
/data/DATASETS/CodecFake/train/F01_p336_303.wav,1
/data/DATASETS/CodecFake/train/F01_SSB00110179.wav,1
/data/DATASETS/CodecFake/train/F01_SSB02880124.wav,1
/data/DATASETS/CodecFake/train/F01_SSB12030171.wav,1
/data/DATASETS/CodecFake/train/F01_SSB15630378.wav,1
/data/DATASETS/CodecFake/train/F01_SSB07020008.wav,1
/data/DATASETS/CodecFake/train/F01_SSB06710325.wav,1
/data/DATASETS/CodecFake/train/F01_SSB05990326.wav,1
/data/DATASETS/CodecFake/train/F01_SSB09870219.wav,1
/data/DATASETS/CodecFake/train/F01_p311_228.wav,1
/data/DATASETS/CodecFake/train/F01_SSB07580031.wav,1
/data/DATASETS/CodecFake/train/F01_p305_298.wav,1
/data/DATASETS/CodecFake/train/F01_SSB13280442.wav,1
/data/DATASETS/CodecFake/train/F01_SSB05340054.wav,1
/data/DATASETS/CodecFake/train/F01_SSB11310367.wav,1
/data/DATASETS/CodecFake/train/F01_p251_084.wav,1
/data/DATASETS/CodecFake/train/F01_p236_297.wav,1
/data/DATASETS/CodecFake/train/F01_SSB02870235.wav,1
/data/DATASETS/CodecFake/train/F01_p238_211.wav,1
/data/DATASETS/CodecFake/train/F01_SSB09660013.wav,1
/data/DATASETS/CodecFake/train/F01_p347_387.wav,1
/data/DATASETS/CodecFake/train/F01_p229_062.wav,1
/data/DATASETS/CodecFake/train/F01_SSB07100002.wav,1
/data/DATASETS/CodecFake/train/F01_p285_388.wav,1
/data/DATASETS/CodecFake/train/F01_SSB00800486.wav,1
/data/DATASETS/CodecFake/train/F01_p308_172.wav,1
/data/DATASETS/CodecFake/train/F01_p248_281.wav,1
/data/DATASETS/CodecFake/train/F01_SSB04070179.wav,1
/data/DATASETS/CodecFake/train/F01_SSB03070194.wav,1
/data/DATASETS/CodecFake/train/F01_SSB01970143.wav,1
/data/DATASETS/CodecFake/train/F01_SSB14570383.wav,1
/data/DATASETS/CodecFake/train/F01_SSB02610038.wav,1
/data/DATASETS/CodecFake/train/F01_SSB00730287.wav,1
/data/DATASETS/CodecFake/train/F01_p276_333.wav,1
/data/DATASETS/CodecFake/train/F01_p232_295.wav,1
/data/DATASETS/CodecFake/train/F01_SSB02000116.wav,1
/data/DATASETS/CodecFake/train/F01_SSB06030388.wav,1
/data/DATASETS/CodecFake/train/F01_p280_090.wav,1
/data/DATASETS/CodecFake/train/F01_p263_408.wav,1
/data/DATASETS/CodecFake/train/F01_SSB01330334.wav,1
/data/DATASETS/CodecFake/train/F01_SSB07170185.wav,1
/data/DATASETS/CodecFake/train/F01_p246_066.wav,1
/data/DATASETS/CodecFake/train/F01_SSB06320417.wav,1
/data/DATASETS/CodecFake/train/F01_SSB18460039.wav,1
/data/DATASETS/CodecFake/train/F01_SSB05880400.wav,1
/data/DATASETS/CodecFake/train/F01_SSB07620193.wav,1
/data/DATASETS/CodecFake/train/F01_SSB13650341.wav,1
/data/DATASETS/CodecFake/train/F01_p287_141.wav,1
/data/DATASETS/CodecFake/train/F01_SSB01390301.wav,1
/data/DATASETS/CodecFake/train/F01_p239_152.wav,1
/data/DATASETS/CodecFake/train/F01_SSB07480316.wav,1
/data/DATASETS/CodecFake/train/F01_SSB16860366.wav,1
/data/DATASETS/CodecFake/train/F01_SSB18720362.wav,1
/data/DATASETS/CodecFake/train/F01_p270_143.wav,1
/data/DATASETS/CodecFake/train/F01_SSB02990120.wav,1
/data/DATASETS/CodecFake/train/F01_SSB14370396.wav,1
/data/DATASETS/CodecFake/train/F01_p312_308.wav,1
/data/DATASETS/CodecFake/train/F01_SSB00090207.wav,1
/data/DATASETS/CodecFake/train/F01_SSB12190469.wav,1
/data/DATASETS/CodecFake/train/F01_p363_032.wav,1
/data/DATASETS/CodecFake/train/F01_SSB06030272.wav,1
/data/DATASETS/CodecFake/train/F01_SSB03950156.wav,1
/data/DATASETS/CodecFake/train/F01_SSB00180086.wav,1
/data/DATASETS/CodecFake/train/F01_SSB06230489.wav,1
/data/DATASETS/CodecFake/train/F01_SSB03160364.wav,1
/data/DATASETS/CodecFake/train/F01_SSB13920208.wav,1
/data/DATASETS/CodecFake/train/F01_SSB06930059.wav,1
/data/DATASETS/CodecFake/train/F01_p277_099.wav,1
/data/DATASETS/CodecFake/train/F01_SSB05900504.wav,1
/data/DATASETS/CodecFake/train/F01_SSB10500011.wav,1
/data/DATASETS/CodecFake/train/F01_p233_313.wav,1
/data/DATASETS/CodecFake/train/F01_SSB15630334.wav,1
/data/DATASETS/CodecFake/train/F01_SSB10010401.wav,1
/data/DATASETS/CodecFake/train/F01_SSB03380273.wav,1
/data/DATASETS/CodecFake/train/F01_SSB18720289.wav,1
/data/DATASETS/CodecFake/train/F01_SSB02460400.wav,1
/data/DATASETS/CodecFake/train/F01_SSB06060098.wav,1
/data/DATASETS/CodecFake/train/F01_SSB03390222.wav,1
/data/DATASETS/CodecFake/train/F01_SSB05990306.wav,1
/data/DATASETS/CodecFake/train/F01_p260_243.wav,1
/data/DATASETS/CodecFake/train/F01_p340_348.wav,1
/data/DATASETS/CodecFake/train/F01_p363_082.wav,1
/data/DATASETS/CodecFake/train/F01_SSB12040177.wav,1
/data/DATASETS/CodecFake/train/F01_SSB08630182.wav,1
/data/DATASETS/CodecFake/train/F01_p261_338.wav,1
/data/DATASETS/CodecFake/train/F01_SSB17590262.wav,1
/data/DATASETS/CodecFake/train/F01_SSB05650503.wav,1
/data/DATASETS/CodecFake/train/F01_SSB00800442.wav,1
/data/DATASETS/CodecFake/train/F01_p336_063.wav,1
/data/DATASETS/CodecFake/train/F01_SSB06060257.wav,1
/data/DATASETS/CodecFake/train/F01_SSB12040385.wav,1
/data/DATASETS/CodecFake/train/F01_p264_377.wav,1
/data/DATASETS/CodecFake/train/F01_SSB04340198.wav,1
/data/DATASETS/CodecFake/train/F01_SSB13410374.wav,1
/data/DATASETS/CodecFake/train/F01_p269_359.wav,1
/data/DATASETS/CodecFake/train/F01_p277_433.wav,1
/data/DATASETS/CodecFake/train/F01_SSB12040299.wav,1
/data/DATASETS/CodecFake/train/F01_p295_158.wav,1
/data/DATASETS/CodecFake/train/F01_p262_138.wav,1
/data/DATASETS/CodecFake/train/F01_p266_320.wav,1
/data/DATASETS/CodecFake/train/F01_p260_190.wav,1
/data/DATASETS/CodecFake/train/F01_SSB03940281.wav,1
/data/DATASETS/CodecFake/train/F01_p345_186.wav,1
/data/DATASETS/CodecFake/train/F01_SSB05780186.wav,1
/data/DATASETS/CodecFake/train/F01_p241_042.wav,1
/data/DATASETS/CodecFake/train/F01_SSB03380234.wav,1
/data/DATASETS/CodecFake/train/F01_SSB00330304.wav,1
/data/DATASETS/CodecFake/train/F01_p251_283.wav,1
/data/DATASETS/CodecFake/train/F01_SSB07160349.wav,1
/data/DATASETS/CodecFake/train/F01_p248_073.wav,1
/data/DATASETS/CodecFake/train/F01_SSB08630005.wav,1
/data/DATASETS/CodecFake/train/F01_p295_134.wav,1
/data/DATASETS/CodecFake/train/F01_p277_154.wav,1
/data/DATASETS/CodecFake/train/F01_SSB05350111.wav,1
/data/DATASETS/CodecFake/train/F01_SSB03070101.wav,1
/data/DATASETS/CodecFake/train/F01_SSB03940250.wav,1
/data/DATASETS/CodecFake/train/F01_SSB11360237.wav,1
/data/DATASETS/CodecFake/train/F01_SSB09190062.wav,1
/data/DATASETS/CodecFake/train/F01_p243_387.wav,1
/data/DATASETS/CodecFake/train/F01_SSB01450138.wav,1
/data/DATASETS/CodecFake/train/F01_SSB09660291.wav,1
/data/DATASETS/CodecFake/train/F01_p308_336.wav,1
/data/DATASETS/CodecFake/train/F01_SSB03790044.wav,1
/data/DATASETS/CodecFake/train/F01_SSB07490064.wav,1
/data/DATASETS/CodecFake/train/F01_p251_120.wav,1
/data/DATASETS/CodecFake/train/F01_SSB13770428.wav,1
/data/DATASETS/CodecFake/train/F01_SSB13200202.wav,1
/data/DATASETS/CodecFake/train/F01_p304_164.wav,1
/data/DATASETS/CodecFake/train/F01_SSB19180074.wav,1
/data/DATASETS/CodecFake/train/F01_p285_132.wav,1
/data/DATASETS/CodecFake/train/F01_p237_057.wav,1
/data/DATASETS/CodecFake/train/F01_SSB07780487.wav,1
/data/DATASETS/CodecFake/train/F01_SSB05350188.wav,1
/data/DATASETS/CodecFake/train/F01_p259_367.wav,1
/data/DATASETS/CodecFake/train/F01_SSB02870180.wav,1
/data/DATASETS/CodecFake/train/F01_SSB07940286.wav,1
/data/DATASETS/CodecFake/train/F01_SSB05020065.wav,1
/data/DATASETS/CodecFake/train/F01_SSB00160033.wav,1
/data/DATASETS/CodecFake/train/F01_p232_397.wav,1
/data/DATASETS/CodecFake/train/F01_p266_219.wav,1
/data/DATASETS/CodecFake/train/F01_SSB04700173.wav,1
/data/DATASETS/CodecFake/train/F01_p263_373.wav,1
/data/DATASETS/CodecFake/train/F01_p258_127.wav,1
/data/DATASETS/CodecFake/train/F01_SSB14480354.wav,1
/data/DATASETS/CodecFake/train/F01_p261_246.wav,1
/data/DATASETS/CodecFake/train/F01_SSB15630356.wav,1
/data/DATASETS/CodecFake/train/F01_SSB03230238.wav,1
/data/DATASETS/CodecFake/train/F01_SSB17810273.wav,1
/data/DATASETS/CodecFake/train/F01_p298_038.wav,1
/data/DATASETS/CodecFake/train/F01_SSB03820004.wav,1
/data/DATASETS/CodecFake/train/F01_p329_293.wav,1
/data/DATASETS/CodecFake/train/F01_p287_174.wav,1
/data/DATASETS/CodecFake/train/F01_SSB12150416.wav,1
/data/DATASETS/CodecFake/train/F01_SSB05900137.wav,1
/data/DATASETS/CodecFake/train/F01_p292_338.wav,1
/data/DATASETS/CodecFake/train/F01_p250_416.wav,1
/data/DATASETS/CodecFake/train/F01_SSB07940381.wav,1
/data/DATASETS/CodecFake/train/F01_SSB10020236.wav,1
/data/DATASETS/CodecFake/train/F01_p241_359.wav,1
/data/DATASETS/CodecFake/train/F01_SSB00090486.wav,1
/data/DATASETS/CodecFake/train/F01_p243_300.wav,1
/data/DATASETS/CodecFake/train/F01_SSB05990476.wav,1
/data/DATASETS/CodecFake/train/F01_SSB07600112.wav,1
/data/DATASETS/CodecFake/train/F01_p347_217.wav,1
/data/DATASETS/CodecFake/train/F01_SSB16240206.wav,1
/data/DATASETS/CodecFake/train/F01_p253_004.wav,1
/data/DATASETS/CodecFake/train/F01_p273_327.wav,1
/data/DATASETS/CodecFake/train/F01_p295_361.wav,1
/data/DATASETS/CodecFake/train/F01_SSB07160084.wav,1
/data/DATASETS/CodecFake/train/F01_p360_364.wav,1
/data/DATASETS/CodecFake/train/F01_p257_072.wav,1
/data/DATASETS/CodecFake/train/F01_SSB03950375.wav,1
/data/DATASETS/CodecFake/train/F01_p229_059.wav,1
/data/DATASETS/CodecFake/train/F01_SSB14570396.wav,1
/data/DATASETS/CodecFake/train/F01_p307_259.wav,1
/data/DATASETS/CodecFake/train/F01_SSB00160380.wav,1
/data/DATASETS/CodecFake/train/F01_p267_385.wav,1
/data/DATASETS/CodecFake/train/F01_SSB06930467.wav,1
/data/DATASETS/CodecFake/train/F01_SSB07100371.wav,1
/data/DATASETS/CodecFake/train/F01_p339_096.wav,1
/data/DATASETS/CodecFake/train/F01_SSB05940391.wav,1
/data/DATASETS/CodecFake/train/F01_SSB09930276.wav,1
/data/DATASETS/CodecFake/train/F01_p229_098.wav,1
/data/DATASETS/CodecFake/train/F01_SSB03380221.wav,1
/data/DATASETS/CodecFake/train/F01_SSB09870104.wav,1
/data/DATASETS/CodecFake/train/F01_SSB13660182.wav,1
/data/DATASETS/CodecFake/train/F01_SSB03090281.wav,1
/data/DATASETS/CodecFake/train/F01_SSB11610017.wav,1
/data/DATASETS/CodecFake/train/F01_SSB19020314.wav,1
/data/DATASETS/CodecFake/train/F01_p246_013.wav,1
/data/DATASETS/CodecFake/train/F01_p245_157.wav,1
/data/DATASETS/CodecFake/train/F01_SSB16700421.wav,1
/data/DATASETS/CodecFake/train/F01_p276_303.wav,1
/data/DATASETS/CodecFake/train/F01_SSB10560294.wav,1
/data/DATASETS/CodecFake/train/F01_SSB13200431.wav,1
/data/DATASETS/CodecFake/train/F01_SSB05700302.wav,1
/data/DATASETS/CodecFake/train/F01_p376_252.wav,1
/data/DATASETS/CodecFake/train/F01_SSB07840009.wav,1
/data/DATASETS/CodecFake/train/F01_SSB03940076.wav,1
/data/DATASETS/CodecFake/train/F01_p265_022.wav,1
/data/DATASETS/CodecFake/train/F01_p281_402.wav,1
/data/DATASETS/CodecFake/train/F01_SSB15930305.wav,1
/data/DATASETS/CodecFake/train/F01_SSB01390409.wav,1
/data/DATASETS/CodecFake/train/F01_SSB07800301.wav,1
/data/DATASETS/CodecFake/train/F01_p238_106.wav,1
/data/DATASETS/CodecFake/train/F01_SSB15930220.wav,1
/data/DATASETS/CodecFake/train/F01_SSB12180227.wav,1
/data/DATASETS/CodecFake/train/F01_SSB07620300.wav,1
/data/DATASETS/CodecFake/train/F01_p249_116.wav,1
/data/DATASETS/CodecFake/train/F01_SSB07100254.wav,1
/data/DATASETS/CodecFake/train/F01_p307_078.wav,1
/data/DATASETS/CodecFake/train/F01_SSB07620413.wav,1
/data/DATASETS/CodecFake/train/F01_SSB04260240.wav,1
/data/DATASETS/CodecFake/train/F01_p315_273.wav,1
/data/DATASETS/CodecFake/train/F01_p278_022.wav,1
/data/DATASETS/CodecFake/train/F01_SSB13990143.wav,1
/data/DATASETS/CodecFake/train/F01_SSB09350099.wav,1
/data/DATASETS/CodecFake/train/F01_SSB03150094.wav,1
/data/DATASETS/CodecFake/train/F01_SSB19350086.wav,1
/data/DATASETS/CodecFake/train/F01_SSB05700432.wav,1
/data/DATASETS/CodecFake/train/F01_SSB03070505.wav,1
/data/DATASETS/CodecFake/train/F01_SSB12030461.wav,1
/data/DATASETS/CodecFake/train/F01_SSB14370328.wav,1
/data/DATASETS/CodecFake/train/F01_SSB10010463.wav,1
/data/DATASETS/CodecFake/train/F01_SSB14370352.wav,1
/data/DATASETS/CodecFake/train/F01_p279_390.wav,1
/data/DATASETS/CodecFake/train/F01_SSB03380025.wav,1
/data/DATASETS/CodecFake/train/F01_SSB15850236.wav,1
/data/DATASETS/CodecFake/train/F01_SSB02410375.wav,1
/data/DATASETS/CodecFake/train/F01_SSB01970192.wav,1
/data/DATASETS/CodecFake/train/F01_SSB10240280.wav,1
/data/DATASETS/CodecFake/train/F01_SSB06320134.wav,1
/data/DATASETS/CodecFake/train/F01_p278_321.wav,1
/data/DATASETS/CodecFake/train/F01_SSB07860368.wav,1
/data/DATASETS/CodecFake/train/F01_SSB03940484.wav,1
/data/DATASETS/CodecFake/train/F01_SSB01490277.wav,1
/data/DATASETS/CodecFake/train/F01_SSB16300359.wav,1
/data/DATASETS/CodecFake/train/F01_p270_125.wav,1
/data/DATASETS/CodecFake/train/F01_SSB05340194.wav,1
/data/DATASETS/CodecFake/train/F01_SSB11310116.wav,1
/data/DATASETS/CodecFake/train/F01_SSB04340239.wav,1
/data/DATASETS/CodecFake/train/F01_SSB00730038.wav,1
/data/DATASETS/CodecFake/train/F01_p260_178.wav,1
/data/DATASETS/CodecFake/train/F01_SSB08870087.wav,1
/data/DATASETS/CodecFake/train/F01_p318_144.wav,1
/data/DATASETS/CodecFake/train/F01_p269_364.wav,1
/data/DATASETS/CodecFake/train/F01_p240_004.wav,1
/data/DATASETS/CodecFake/train/F01_p288_348.wav,1
/data/DATASETS/CodecFake/train/F01_SSB13770263.wav,1
/data/DATASETS/CodecFake/train/F01_p281_237.wav,1
/data/DATASETS/CodecFake/train/F01_p261_164.wav,1
/data/DATASETS/CodecFake/train/F01_SSB06710239.wav,1
/data/DATASETS/CodecFake/train/F01_SSB02990044.wav,1
/data/DATASETS/CodecFake/train/F01_SSB08630091.wav,1
/data/DATASETS/CodecFake/train/F01_SSB03540404.wav,1
/data/DATASETS/CodecFake/train/F01_p339_017.wav,1
/data/DATASETS/CodecFake/train/F01_p316_017.wav,1
/data/DATASETS/CodecFake/train/F01_SSB06320199.wav,1
/data/DATASETS/CodecFake/train/F01_SSB10240389.wav,1
/data/DATASETS/CodecFake/train/F01_p284_303.wav,1
/data/DATASETS/CodecFake/train/F01_SSB00330016.wav,1
/data/DATASETS/CodecFake/train/F01_SSB07370063.wav,1
/data/DATASETS/CodecFake/train/F01_SSB07020103.wav,1
/data/DATASETS/CodecFake/train/F01_SSB14570133.wav,1
/data/DATASETS/CodecFake/train/F01_p281_291.wav,1
/data/DATASETS/CodecFake/train/F01_p288_349.wav,1
/data/DATASETS/CodecFake/train/F01_SSB09130104.wav,1
/data/DATASETS/CodecFake/train/F01_SSB07800483.wav,1
/data/DATASETS/CodecFake/train/F01_SSB03230292.wav,1
/data/DATASETS/CodecFake/train/F01_p276_272.wav,1
/data/DATASETS/CodecFake/train/F01_p305_132.wav,1
/data/DATASETS/CodecFake/train/F01_SSB07370039.wav,1
/data/DATASETS/CodecFake/train/F01_p339_343.wav,1
/data/DATASETS/CodecFake/train/F01_SSB16500235.wav,1
/data/DATASETS/CodecFake/train/F01_SSB03070322.wav,1
/data/DATASETS/CodecFake/train/F01_SSB09660149.wav,1
/data/DATASETS/CodecFake/train/F01_p275_097.wav,1
/data/DATASETS/CodecFake/train/F01_SSB09190290.wav,1
/data/DATASETS/CodecFake/train/F01_SSB03390362.wav,1
/data/DATASETS/CodecFake/train/F01_p288_310.wav,1
/data/DATASETS/CodecFake/train/F01_SSB00570244.wav,1
/data/DATASETS/CodecFake/train/F01_SSB11310284.wav,1
/data/DATASETS/CodecFake/train/F01_SSB00090036.wav,1
/data/DATASETS/CodecFake/train/F01_SSB06930403.wav,1
/data/DATASETS/CodecFake/train/F01_SSB14480215.wav,1
/data/DATASETS/CodecFake/train/F01_p302_149.wav,1
/data/DATASETS/CodecFake/train/F01_p303_043.wav,1
/data/DATASETS/CodecFake/train/F01_SSB02670502.wav,1
/data/DATASETS/CodecFake/train/F01_p251_207.wav,1
/data/DATASETS/CodecFake/train/F01_SSB08090377.wav,1
/data/DATASETS/CodecFake/train/F01_SSB16990016.wav,1
/data/DATASETS/CodecFake/train/F01_SSB05700380.wav,1
/data/DATASETS/CodecFake/train/F01_SSB00160474.wav,1
/data/DATASETS/CodecFake/train/F01_SSB02870218.wav,1
/data/DATASETS/CodecFake/train/F01_SSB11100176.wav,1
/data/DATASETS/CodecFake/train/F01_SSB09350037.wav,1
/data/DATASETS/CodecFake/train/F01_p266_248.wav,1
/data/DATASETS/CodecFake/train/F01_p247_056.wav,1
/data/DATASETS/CodecFake/train/F01_SSB18370021.wav,1
/data/DATASETS/CodecFake/train/F01_SSB12030104.wav,1
/data/DATASETS/CodecFake/train/F01_SSB09190216.wav,1
/data/DATASETS/CodecFake/train/F01_p251_152.wav,1
/data/DATASETS/CodecFake/train/F01_p292_401.wav,1
/data/DATASETS/CodecFake/train/F01_SSB10500248.wav,1
/data/DATASETS/CodecFake/train/F01_SSB10240161.wav,1
/data/DATASETS/CodecFake/train/F01_SSB10010311.wav,1
/data/DATASETS/CodecFake/train/F01_SSB11250393.wav,1
/data/DATASETS/CodecFake/train/F01_SSB00800034.wav,1
/data/DATASETS/CodecFake/train/F01_p270_452.wav,1
/data/DATASETS/CodecFake/train/F01_SSB07580213.wav,1
/data/DATASETS/CodecFake/train/F01_SSB02460077.wav,1
/data/DATASETS/CodecFake/train/F01_p285_006.wav,1
/data/DATASETS/CodecFake/train/F01_SSB00730112.wav,1
/data/DATASETS/CodecFake/train/F01_SSB05990255.wav,1
/data/DATASETS/CodecFake/train/F01_p254_109.wav,1
/data/DATASETS/CodecFake/train/F01_p265_350.wav,1
/data/DATASETS/CodecFake/train/F01_SSB18780334.wav,1
/data/DATASETS/CodecFake/train/F01_SSB09150091.wav,1
/data/DATASETS/CodecFake/train/F01_p302_067.wav,1
/data/DATASETS/CodecFake/train/F01_SSB07940392.wav,1
/data/DATASETS/CodecFake/train/F01_p295_162.wav,1
/data/DATASETS/CodecFake/train/F01_SSB11260225.wav,1
/data/DATASETS/CodecFake/train/F01_p274_050.wav,1
/data/DATASETS/CodecFake/train/F01_SSB09660109.wav,1
/data/DATASETS/CodecFake/train/F01_p251_064.wav,1
/data/DATASETS/CodecFake/train/F01_SSB06060209.wav,1
/data/DATASETS/CodecFake/train/F01_SSB07230117.wav,1
/data/DATASETS/CodecFake/train/F01_p273_111.wav,1
/data/DATASETS/CodecFake/train/F01_SSB06070328.wav,1
/data/DATASETS/CodecFake/train/F01_p303_025.wav,1
/data/DATASETS/CodecFake/train/F01_SSB04340299.wav,1
/data/DATASETS/CodecFake/train/F01_SSB07360331.wav,1
/data/DATASETS/CodecFake/train/F01_p292_092.wav,1
/data/DATASETS/CodecFake/train/F01_p264_265.wav,1
/data/DATASETS/CodecFake/train/F01_SSB07860073.wav,1
/data/DATASETS/CodecFake/train/F01_SSB06320123.wav,1
/data/DATASETS/CodecFake/train/F01_p269_203.wav,1
/data/DATASETS/CodecFake/train/F01_SSB04820194.wav,1
/data/DATASETS/CodecFake/train/F01_SSB16860158.wav,1
/data/DATASETS/CodecFake/train/F01_SSB03940011.wav,1
/data/DATASETS/CodecFake/train/F01_SSB13400231.wav,1
/data/DATASETS/CodecFake/train/F01_SSB03410063.wav,1
/data/DATASETS/CodecFake/train/F01_SSB06030240.wav,1
/data/DATASETS/CodecFake/train/F01_SSB03540092.wav,1
/data/DATASETS/CodecFake/train/F01_SSB06310381.wav,1
/data/DATASETS/CodecFake/train/F01_SSB06030018.wav,1
/data/DATASETS/CodecFake/train/F01_SSB19020092.wav,1
/data/DATASETS/CodecFake/train/F01_SSB16250407.wav,1
/data/DATASETS/CodecFake/train/F01_SSB07170501.wav,1
/data/DATASETS/CodecFake/train/F01_SSB10080439.wav,1
/data/DATASETS/CodecFake/train/F01_SSB01970448.wav,1
/data/DATASETS/CodecFake/train/F01_p362_265.wav,1
/data/DATASETS/CodecFake/train/F01_SSB11610097.wav,1
/data/DATASETS/CodecFake/train/F01_SSB03380054.wav,1
/data/DATASETS/CodecFake/train/F01_p294_025.wav,1
/data/DATASETS/CodecFake/train/F01_p363_232.wav,1
/data/DATASETS/CodecFake/train/F01_SSB03660222.wav,1
/data/DATASETS/CodecFake/train/F01_SSB03090266.wav,1
/data/DATASETS/CodecFake/train/F01_SSB05900503.wav,1
/data/DATASETS/CodecFake/train/F01_p298_059.wav,1
/data/DATASETS/CodecFake/train/F01_SSB09970300.wav,1
/data/DATASETS/CodecFake/train/F01_p315_328.wav,1
/data/DATASETS/CodecFake/train/F01_p292_137.wav,1
/data/DATASETS/CodecFake/train/F01_SSB04700116.wav,1
/data/DATASETS/CodecFake/train/F01_SSB08090138.wav,1
/data/DATASETS/CodecFake/train/F01_SSB19020466.wav,1
/data/DATASETS/CodecFake/train/F01_SSB02870245.wav,1
/data/DATASETS/CodecFake/train/F01_SSB06310229.wav,1
/data/DATASETS/CodecFake/train/F01_p336_040.wav,1
/data/DATASETS/CodecFake/train/F01_p247_256.wav,1
/data/DATASETS/CodecFake/train/F01_SSB13660384.wav,1
/data/DATASETS/CodecFake/train/F01_p259_453.wav,1
/data/DATASETS/CodecFake/train/F01_SSB13820320.wav,1
/data/DATASETS/CodecFake/train/F01_p333_093.wav,1
/data/DATASETS/CodecFake/train/F01_p268_057.wav,1
/data/DATASETS/CodecFake/train/F01_SSB11350313.wav,1
/data/DATASETS/CodecFake/train/F01_SSB02870021.wav,1
/data/DATASETS/CodecFake/train/F01_SSB11260161.wav,1
/data/DATASETS/CodecFake/train/F01_SSB04150403.wav,1
/data/DATASETS/CodecFake/train/F01_SSB07490441.wav,1
/data/DATASETS/CodecFake/train/F01_SSB01450290.wav,1
/data/DATASETS/CodecFake/train/F01_p244_008.wav,1
/data/DATASETS/CodecFake/train/F01_SSB06010040.wav,1
/data/DATASETS/CodecFake/train/F01_SSB15750347.wav,1
/data/DATASETS/CodecFake/train/F01_SSB16700207.wav,1
/data/DATASETS/CodecFake/train/F01_SSB06060068.wav,1
/data/DATASETS/CodecFake/train/F01_p284_414.wav,1
/data/DATASETS/CodecFake/train/F01_SSB01330320.wav,1
/data/DATASETS/CodecFake/train/F01_SSB07940104.wav,1
/data/DATASETS/CodecFake/train/F01_SSB00430211.wav,1
/data/DATASETS/CodecFake/train/F01_p260_348.wav,1
/data/DATASETS/CodecFake/train/F01_p310_256.wav,1
/data/DATASETS/CodecFake/train/F01_p248_370.wav,1
/data/DATASETS/CodecFake/train/F01_SSB13770129.wav,1
/data/DATASETS/CodecFake/train/F01_SSB02730122.wav,1
/data/DATASETS/CodecFake/train/F01_SSB05390392.wav,1
/data/DATASETS/CodecFake/train/F01_p273_394.wav,1
/data/DATASETS/CodecFake/train/F01_SSB00180316.wav,1
/data/DATASETS/CodecFake/train/F01_SSB06230035.wav,1
/data/DATASETS/CodecFake/train/F01_SSB01330137.wav,1
/data/DATASETS/CodecFake/train/F01_p259_480.wav,1
/data/DATASETS/CodecFake/train/F01_p268_247.wav,1
/data/DATASETS/CodecFake/train/F01_p360_206.wav,1
/data/DATASETS/CodecFake/train/F01_p305_008.wav,1
/data/DATASETS/CodecFake/train/F01_SSB13200052.wav,1
/data/DATASETS/CodecFake/train/F01_p315_109.wav,1
/data/DATASETS/CodecFake/train/F01_p339_321.wav,1
/data/DATASETS/CodecFake/train/F01_SSB15930119.wav,1
/data/DATASETS/CodecFake/train/F01_SSB18100214.wav,1
/data/DATASETS/CodecFake/train/F01_SSB05900109.wav,1
/data/DATASETS/CodecFake/train/F01_p347_149.wav,1
/data/DATASETS/CodecFake/train/F01_SSB07110168.wav,1
/data/DATASETS/CodecFake/train/F01_p231_258.wav,1
/data/DATASETS/CodecFake/train/F01_SSB11970353.wav,1
/data/DATASETS/CodecFake/train/F01_SSB09190313.wav,1
/data/DATASETS/CodecFake/train/F01_p295_040.wav,1
/data/DATASETS/CodecFake/train/F01_p237_066.wav,1
/data/DATASETS/CodecFake/train/F01_SSB10550192.wav,1
/data/DATASETS/CodecFake/train/F01_SSB17450326.wav,1
/data/DATASETS/CodecFake/train/F01_SSB02990095.wav,1
/data/DATASETS/CodecFake/train/F01_p227_198.wav,1
/data/DATASETS/CodecFake/train/F01_SSB15930496.wav,1
/data/DATASETS/CodecFake/train/F01_SSB06070417.wav,1
/data/DATASETS/CodecFake/train/F01_SSB02460008.wav,1
/data/DATASETS/CodecFake/train/F01_p229_391.wav,1
/data/DATASETS/CodecFake/train/F01_SSB18280020.wav,1
/data/DATASETS/CodecFake/train/F01_p343_070.wav,1
/data/DATASETS/CodecFake/train/F01_p330_405.wav,1
/data/DATASETS/CodecFake/train/F01_SSB04150267.wav,1
/data/DATASETS/CodecFake/train/F01_p226_193.wav,1
/data/DATASETS/CodecFake/train/F01_p271_312.wav,1
/data/DATASETS/CodecFake/train/F01_SSB03390064.wav,1
/data/DATASETS/CodecFake/train/F01_p238_003.wav,1
/data/DATASETS/CodecFake/train/F01_SSB06140186.wav,1
/data/DATASETS/CodecFake/train/F01_SSB15750243.wav,1
/data/DATASETS/CodecFake/train/F01_SSB02670462.wav,1
/data/DATASETS/CodecFake/train/F01_p247_058.wav,1
/data/DATASETS/CodecFake/train/F01_SSB19350317.wav,1
/data/DATASETS/CodecFake/train/F01_SSB05350155.wav,1
/data/DATASETS/CodecFake/train/F01_p271_048.wav,1
/data/DATASETS/CodecFake/train/F01_SSB11360176.wav,1
/data/DATASETS/CodecFake/train/F01_SSB11250462.wav,1
/data/DATASETS/CodecFake/train/F01_SSB04260277.wav,1
/data/DATASETS/CodecFake/train/F01_p274_029.wav,1
/data/DATASETS/CodecFake/train/F01_p233_043.wav,1
/data/DATASETS/CodecFake/train/F01_SSB01120318.wav,1
/data/DATASETS/CodecFake/train/F01_SSB07860041.wav,1
/data/DATASETS/CodecFake/train/F01_SSB05880152.wav,1
/data/DATASETS/CodecFake/train/F01_SSB01330239.wav,1
/data/DATASETS/CodecFake/train/F01_SSB00090479.wav,1
/data/DATASETS/CodecFake/train/F01_SSB15750115.wav,1
/data/DATASETS/CodecFake/train/F01_SSB01120479.wav,1
/data/DATASETS/CodecFake/train/F01_SSB03790507.wav,1
/data/DATASETS/CodecFake/train/F01_SSB17810032.wav,1
/data/DATASETS/CodecFake/train/F01_SSB04700442.wav,1
/data/DATASETS/CodecFake/train/F01_p286_220.wav,1
/data/DATASETS/CodecFake/train/F01_SSB13220177.wav,1
/data/DATASETS/CodecFake/train/F01_SSB03150353.wav,1
/data/DATASETS/CodecFake/train/F01_SSB03390184.wav,1
/data/DATASETS/CodecFake/train/F01_p307_037.wav,1
/data/DATASETS/CodecFake/train/F01_SSB10080044.wav,1
/data/DATASETS/CodecFake/train/F01_p326_082.wav,1
/data/DATASETS/CodecFake/train/F01_SSB07860314.wav,1
/data/DATASETS/CodecFake/train/F01_SSB05880356.wav,1
/data/DATASETS/CodecFake/train/F01_SSB01450337.wav,1
/data/DATASETS/CodecFake/train/F01_SSB13770167.wav,1
/data/DATASETS/CodecFake/train/F01_SSB06060399.wav,1
/data/DATASETS/CodecFake/train/F01_SSB07360281.wav,1
/data/DATASETS/CodecFake/train/F01_SSB05650228.wav,1
/data/DATASETS/CodecFake/train/F01_SSB12190407.wav,1
/data/DATASETS/CodecFake/train/F01_SSB02730398.wav,1
/data/DATASETS/CodecFake/train/F01_SSB04350505.wav,1
/data/DATASETS/CodecFake/train/F01_SSB17590201.wav,1
/data/DATASETS/CodecFake/train/F01_SSB07800266.wav,1
/data/DATASETS/CodecFake/train/F01_p244_113.wav,1
/data/DATASETS/CodecFake/train/F01_p326_019.wav,1
/data/DATASETS/CodecFake/train/F01_SSB00570152.wav,1
/data/DATASETS/CodecFake/train/F01_SSB13280103.wav,1
/data/DATASETS/CodecFake/train/F01_p257_428.wav,1
/data/DATASETS/CodecFake/train/F01_SSB01450009.wav,1
/data/DATASETS/CodecFake/train/F01_SSB11260212.wav,1
/data/DATASETS/CodecFake/train/F01_SSB05340263.wav,1
/data/DATASETS/CodecFake/train/F01_SSB06310424.wav,1
/data/DATASETS/CodecFake/train/F01_SSB13410174.wav,1
/data/DATASETS/CodecFake/train/F01_p292_020.wav,1
/data/DATASETS/CodecFake/train/F01_SSB18280222.wav,1
/data/DATASETS/CodecFake/train/F01_p336_310.wav,1
/data/DATASETS/CodecFake/train/F01_SSB12190465.wav,1
/data/DATASETS/CodecFake/train/F01_SSB05900421.wav,1
/data/DATASETS/CodecFake/train/F01_SSB06060258.wav,1
/data/DATASETS/CodecFake/train/F01_SSB10560193.wav,1
/data/DATASETS/CodecFake/train/F01_SSB14480175.wav,1
/data/DATASETS/CodecFake/train/F01_SSB04270112.wav,1
/data/DATASETS/CodecFake/train/F01_SSB05440221.wav,1
/data/DATASETS/CodecFake/train/F01_p310_055.wav,1
/data/DATASETS/CodecFake/train/F01_SSB05650144.wav,1
/data/DATASETS/CodecFake/train/F01_SSB07370202.wav,1
/data/DATASETS/CodecFake/train/F01_SSB18280226.wav,1
/data/DATASETS/CodecFake/train/F01_SSB15550203.wav,1
/data/DATASETS/CodecFake/train/F01_p263_063.wav,1
/data/DATASETS/CodecFake/train/F01_SSB03660342.wav,1
/data/DATASETS/CodecFake/train/F01_p236_358.wav,1
/data/DATASETS/CodecFake/train/F01_p226_010.wav,1
/data/DATASETS/CodecFake/train/F01_SSB08630171.wav,1
/data/DATASETS/CodecFake/train/F01_SSB03940215.wav,1
/data/DATASETS/CodecFake/train/F01_SSB06310449.wav,1
/data/DATASETS/CodecFake/train/F01_SSB06290243.wav,1
/data/DATASETS/CodecFake/train/F01_p316_405.wav,1
/data/DATASETS/CodecFake/train/F01_p226_041.wav,1
/data/DATASETS/CodecFake/train/F01_SSB17280510.wav,1
/data/DATASETS/CodecFake/train/F01_SSB07230224.wav,1
/data/DATASETS/CodecFake/train/F01_SSB05940135.wav,1
/data/DATASETS/CodecFake/train/F01_SSB07580200.wav,1
/data/DATASETS/CodecFake/train/F01_SSB02670345.wav,1
/data/DATASETS/CodecFake/train/F01_SSB01450191.wav,1
/data/DATASETS/CodecFake/train/F01_SSB10640420.wav,1
/data/DATASETS/CodecFake/train/F01_SSB10640015.wav,1
/data/DATASETS/CodecFake/train/F01_SSB18370183.wav,1
/data/DATASETS/CodecFake/train/F01_SSB19560326.wav,1
/data/DATASETS/CodecFake/train/F01_SSB18320409.wav,1
/data/DATASETS/CodecFake/train/F01_p311_108.wav,1
/data/DATASETS/CodecFake/train/F01_p252_195.wav,1
/data/DATASETS/CodecFake/train/F01_SSB19180318.wav,1
/data/DATASETS/CodecFake/train/F01_SSB06290474.wav,1
/data/DATASETS/CodecFake/train/F01_SSB09350266.wav,1
/data/DATASETS/CodecFake/train/F01_p306_079.wav,1
/data/DATASETS/CodecFake/train/F01_p341_031.wav,1
/data/DATASETS/CodecFake/train/F01_SSB18370103.wav,1
/data/DATASETS/CodecFake/train/F01_SSB00330496.wav,1
/data/DATASETS/CodecFake/train/F01_SSB03230173.wav,1
/data/DATASETS/CodecFake/train/F01_SSB18310332.wav,1
/data/DATASETS/CodecFake/train/F01_SSB13660464.wav,1
/data/DATASETS/CodecFake/train/F01_p364_288.wav,1
/data/DATASETS/CodecFake/train/F01_p255_239.wav,1
/data/DATASETS/CodecFake/train/F01_SSB05020474.wav,1
/data/DATASETS/CodecFake/train/F01_SSB06060202.wav,1
/data/DATASETS/CodecFake/train/F01_SSB07580181.wav,1
/data/DATASETS/CodecFake/train/F01_SSB15930422.wav,1
/data/DATASETS/CodecFake/train/F01_SSB07110471.wav,1
/data/DATASETS/CodecFake/train/F01_SSB17450401.wav,1
/data/DATASETS/CodecFake/train/F01_SSB19560309.wav,1
/data/DATASETS/CodecFake/train/F01_SSB13850456.wav,1
/data/DATASETS/CodecFake/train/F01_p233_204.wav,1
/data/DATASETS/CodecFake/train/F01_p230_395.wav,1
/data/DATASETS/CodecFake/train/F01_SSB18100464.wav,1
/data/DATASETS/CodecFake/train/F01_p269_029.wav,1
/data/DATASETS/CodecFake/train/F01_p248_107.wav,1
/data/DATASETS/CodecFake/train/F01_SSB00050087.wav,1
/data/DATASETS/CodecFake/train/F01_SSB10010248.wav,1
/data/DATASETS/CodecFake/train/F01_SSB09660171.wav,1
/data/DATASETS/CodecFake/train/F01_SSB13820030.wav,1
/data/DATASETS/CodecFake/train/F01_p274_261.wav,1
/data/DATASETS/CodecFake/train/F01_SSB07370406.wav,1
/data/DATASETS/CodecFake/train/F01_SSB16860328.wav,1
/data/DATASETS/CodecFake/train/F01_SSB05020448.wav,1
/data/DATASETS/CodecFake/train/F01_p293_203.wav,1
/data/DATASETS/CodecFake/train/F01_SSB06010285.wav,1
/data/DATASETS/CodecFake/train/F01_SSB06030222.wav,1
/data/DATASETS/CodecFake/train/F01_p275_289.wav,1
/data/DATASETS/CodecFake/train/F01_p261_374.wav,1
/data/DATASETS/CodecFake/train/F01_SSB14480375.wav,1
/data/DATASETS/CodecFake/train/F01_p226_131.wav,1
/data/DATASETS/CodecFake/train/F01_SSB11100474.wav,1
/data/DATASETS/CodecFake/train/F01_p254_214.wav,1
/data/DATASETS/CodecFake/train/F01_SSB15670455.wav,1
/data/DATASETS/CodecFake/train/F01_p245_105.wav,1
/data/DATASETS/CodecFake/train/F01_SSB06140215.wav,1
/data/DATASETS/CodecFake/train/F01_SSB03940365.wav,1
/data/DATASETS/CodecFake/train/F01_SSB09870167.wav,1
/data/DATASETS/CodecFake/train/F01_SSB13020160.wav,1
/data/DATASETS/CodecFake/train/F01_SSB10960183.wav,1
/data/DATASETS/CodecFake/train/F01_p295_228.wav,1
/data/DATASETS/CodecFake/train/F01_SSB07510100.wav,1
/data/DATASETS/CodecFake/train/F01_SSB05440247.wav,1
/data/DATASETS/CodecFake/train/F01_SSB06290484.wav,1
/data/DATASETS/CodecFake/train/F01_SSB03090058.wav,1
/data/DATASETS/CodecFake/train/F01_SSB14080227.wav,1
/data/DATASETS/CodecFake/train/F01_SSB06660365.wav,1
/data/DATASETS/CodecFake/train/F01_SSB07460028.wav,1
/data/DATASETS/CodecFake/train/F01_p334_230.wav,1
/data/DATASETS/CodecFake/train/F01_SSB04260354.wav,1
/data/DATASETS/CodecFake/train/F01_p247_158.wav,1
/data/DATASETS/CodecFake/train/F01_SSB16500321.wav,1
/data/DATASETS/CodecFake/train/F01_SSB07020258.wav,1
/data/DATASETS/CodecFake/train/F01_SSB06010063.wav,1
/data/DATASETS/CodecFake/train/F01_p258_252.wav,1
/data/DATASETS/CodecFake/train/F01_SSB05880186.wav,1
/data/DATASETS/CodecFake/train/F01_SSB02880313.wav,1
/data/DATASETS/CodecFake/train/F01_p232_018.wav,1
/data/DATASETS/CodecFake/train/F01_SSB07840150.wav,1
/data/DATASETS/CodecFake/train/F01_SSB00050023.wav,1
/data/DATASETS/CodecFake/train/F01_SSB12210411.wav,1
/data/DATASETS/CodecFake/train/F01_p326_117.wav,1
/data/DATASETS/CodecFake/train/F01_p376_134.wav,1
/data/DATASETS/CodecFake/train/F01_p263_159.wav,1
/data/DATASETS/CodecFake/train/F01_SSB08090459.wav,1
/data/DATASETS/CodecFake/train/F01_p250_218.wav,1
/data/DATASETS/CodecFake/train/F01_SSB06140069.wav,1
/data/DATASETS/CodecFake/train/F01_SSB04350013.wav,1
/data/DATASETS/CodecFake/train/F01_SSB03950256.wav,1
/data/DATASETS/CodecFake/train/F01_SSB18720372.wav,1
/data/DATASETS/CodecFake/train/F01_SSB04350086.wav,1
/data/DATASETS/CodecFake/train/F01_p233_048.wav,1
/data/DATASETS/CodecFake/train/F01_SSB11250347.wav,1
/data/DATASETS/CodecFake/train/F01_SSB12530048.wav,1
/data/DATASETS/CodecFake/train/F01_SSB16500124.wav,1
/data/DATASETS/CodecFake/train/F01_p340_088.wav,1
/data/DATASETS/CodecFake/train/F01_p306_064.wav,1
/data/DATASETS/CodecFake/train/F01_p304_232.wav,1
/data/DATASETS/CodecFake/train/F01_SSB13280398.wav,1
/data/DATASETS/CodecFake/train/F01_SSB02000438.wav,1
/data/DATASETS/CodecFake/train/F01_p285_187.wav,1
/data/DATASETS/CodecFake/train/F01_SSB07020321.wav,1
/data/DATASETS/CodecFake/train/F01_p292_067.wav,1
/data/DATASETS/CodecFake/train/F01_p245_312.wav,1
/data/DATASETS/CodecFake/train/F01_SSB03160469.wav,1
/data/DATASETS/CodecFake/train/F01_SSB07840331.wav,1
/data/DATASETS/CodecFake/train/F01_p252_258.wav,1
/data/DATASETS/CodecFake/train/F01_SSB11250034.wav,1
/data/DATASETS/CodecFake/train/F01_p237_312.wav,1
/data/DATASETS/CodecFake/train/F01_p239_001.wav,1
/data/DATASETS/CodecFake/train/F01_p231_436.wav,1
/data/DATASETS/CodecFake/train/F01_p228_197.wav,1
/data/DATASETS/CodecFake/train/F01_p345_178.wav,1
/data/DATASETS/CodecFake/train/F01_SSB05020087.wav,1
/data/DATASETS/CodecFake/train/F01_p261_445.wav,1
/data/DATASETS/CodecFake/train/F01_SSB07480466.wav,1
/data/DATASETS/CodecFake/train/F01_p280_138.wav,1
/data/DATASETS/CodecFake/train/F01_SSB03420017.wav,1
/data/DATASETS/CodecFake/train/F01_p246_246.wav,1
/data/DATASETS/CodecFake/train/F01_p281_450.wav,1
/data/DATASETS/CodecFake/train/F01_SSB09660092.wav,1
/data/DATASETS/CodecFake/train/F01_SSB05390332.wav,1
/data/DATASETS/CodecFake/train/F01_SSB05350074.wav,1
/data/DATASETS/CodecFake/train/F01_p243_249.wav,1
/data/DATASETS/CodecFake/train/F01_p273_374.wav,1
/data/DATASETS/CodecFake/train/F01_SSB06030239.wav,1
/data/DATASETS/CodecFake/train/F01_p280_143.wav,1
/data/DATASETS/CodecFake/train/F01_p237_282.wav,1
/data/DATASETS/CodecFake/train/F01_SSB06060006.wav,1
/data/DATASETS/CodecFake/train/F01_SSB03950338.wav,1
/data/DATASETS/CodecFake/train/F01_SSB05780414.wav,1
/data/DATASETS/CodecFake/train/F01_SSB10500048.wav,1
/data/DATASETS/CodecFake/train/F01_SSB08220239.wav,1
/data/DATASETS/CodecFake/train/F01_SSB04700024.wav,1
/data/DATASETS/CodecFake/train/F01_p323_356.wav,1
/data/DATASETS/CodecFake/train/F01_SSB06140367.wav,1
/data/DATASETS/CodecFake/train/F01_SSB03940102.wav,1
/data/DATASETS/CodecFake/train/F01_SSB10010169.wav,1
/data/DATASETS/CodecFake/train/F01_p270_013.wav,1
/data/DATASETS/CodecFake/train/F01_p341_212.wav,1
/data/DATASETS/CodecFake/train/F01_SSB08510132.wav,1
/data/DATASETS/CodecFake/train/F01_SSB02730107.wav,1
/data/DATASETS/CodecFake/train/F01_SSB06660033.wav,1
/data/DATASETS/CodecFake/train/F01_SSB05700008.wav,1
/data/DATASETS/CodecFake/train/F01_SSB08510041.wav,1
/data/DATASETS/CodecFake/train/F01_SSB18630250.wav,1
/data/DATASETS/CodecFake/train/F01_SSB16240022.wav,1
/data/DATASETS/CodecFake/train/F01_SSB19180013.wav,1
/data/DATASETS/CodecFake/train/F01_SSB04070051.wav,1
/data/DATASETS/CodecFake/train/F01_SSB11000426.wav,1
/data/DATASETS/CodecFake/train/F01_SSB05650036.wav,1
/data/DATASETS/CodecFake/train/F01_SSB07780405.wav,1
/data/DATASETS/CodecFake/train/F01_SSB02610388.wav,1
/data/DATASETS/CodecFake/train/F01_SSB12390117.wav,1
/data/DATASETS/CodecFake/train/F01_SSB13400081.wav,1
/data/DATASETS/CodecFake/train/F01_SSB18780036.wav,1
/data/DATASETS/CodecFake/train/F01_p364_233.wav,1
/data/DATASETS/CodecFake/train/F01_SSB07170100.wav,1
/data/DATASETS/CodecFake/train/F01_p243_331.wav,1
/data/DATASETS/CodecFake/train/F01_SSB07510324.wav,1
/data/DATASETS/CodecFake/train/F01_SSB16240119.wav,1
/data/DATASETS/CodecFake/train/F01_SSB02870047.wav,1
/data/DATASETS/CodecFake/train/F01_p295_301.wav,1
/data/DATASETS/CodecFake/train/F01_p343_171.wav,1
/data/DATASETS/CodecFake/train/F01_p312_395.wav,1
/data/DATASETS/CodecFake/train/F01_SSB18060225.wav,1
/data/DATASETS/CodecFake/train/F01_SSB19020162.wav,1
/data/DATASETS/CodecFake/train/F01_p341_364.wav,1
/data/DATASETS/CodecFake/train/F01_SSB07620284.wav,1
/data/DATASETS/CodecFake/train/F01_SSB19180034.wav,1
/data/DATASETS/CodecFake/train/F01_SSB06090469.wav,1
/data/DATASETS/CodecFake/train/F01_SSB03390159.wav,1
/data/DATASETS/CodecFake/train/F01_p339_195.wav,1
/data/DATASETS/CodecFake/train/F01_p264_105.wav,1
/data/DATASETS/CodecFake/train/F01_SSB12190387.wav,1
/data/DATASETS/CodecFake/train/F01_p297_405.wav,1
/data/DATASETS/CodecFake/train/F01_p333_190.wav,1
/data/DATASETS/CodecFake/train/F01_SSB19390308.wav,1
/data/DATASETS/CodecFake/train/F01_SSB02610031.wav,1
/data/DATASETS/CodecFake/train/F01_SSB13410358.wav,1
/data/DATASETS/CodecFake/train/F01_SSB19390301.wav,1
/data/DATASETS/CodecFake/train/F01_SSB04340095.wav,1
/data/DATASETS/CodecFake/train/F01_p299_204.wav,1
/data/DATASETS/CodecFake/train/F01_SSB02670207.wav,1
/data/DATASETS/CodecFake/train/F01_p273_229.wav,1
/data/DATASETS/CodecFake/train/F01_SSB06660028.wav,1
/data/DATASETS/CodecFake/train/F01_SSB09350373.wav,1
/data/DATASETS/CodecFake/train/F01_SSB07580223.wav,1
/data/DATASETS/CodecFake/train/F01_SSB01450221.wav,1
/data/DATASETS/CodecFake/train/F01_SSB13220399.wav,1
/data/DATASETS/CodecFake/train/F01_SSB18320144.wav,1
/data/DATASETS/CodecFake/train/F01_SSB07940293.wav,1
/data/DATASETS/CodecFake/train/F01_p260_120.wav,1
/data/DATASETS/CodecFake/train/F01_p275_035.wav,1
/data/DATASETS/CodecFake/train/F01_SSB10010362.wav,1
/data/DATASETS/CodecFake/train/F01_p295_037.wav,1
/data/DATASETS/CodecFake/train/F01_p362_343.wav,1
/data/DATASETS/CodecFake/train/F01_p251_123.wav,1
/data/DATASETS/CodecFake/train/F01_p275_159.wav,1
/data/DATASETS/CodecFake/train/F01_p305_313.wav,1
/data/DATASETS/CodecFake/train/F01_SSB19390160.wav,1
/data/DATASETS/CodecFake/train/F01_SSB13200194.wav,1
/data/DATASETS/CodecFake/train/F01_SSB16250448.wav,1
/data/DATASETS/CodecFake/train/F01_p345_244.wav,1
/data/DATASETS/CodecFake/train/F01_SSB05020185.wav,1
/data/DATASETS/CodecFake/train/F01_p254_361.wav,1
/data/DATASETS/CodecFake/train/F01_SSB11250387.wav,1
/data/DATASETS/CodecFake/train/F01_p234_352.wav,1
/data/DATASETS/CodecFake/train/F01_SSB16250067.wav,1
/data/DATASETS/CodecFake/train/F01_SSB11870066.wav,1
/data/DATASETS/CodecFake/train/F01_SSB15750229.wav,1
/data/DATASETS/CodecFake/train/F01_p326_170.wav,1
/data/DATASETS/CodecFake/train/F01_p340_094.wav,1
/data/DATASETS/CodecFake/train/F01_SSB18320122.wav,1
/data/DATASETS/CodecFake/train/F01_SSB11970508.wav,1
/data/DATASETS/CodecFake/train/F01_SSB01450472.wav,1
/data/DATASETS/CodecFake/train/F01_p233_249.wav,1
/data/DATASETS/CodecFake/train/F01_SSB18720105.wav,1
/data/DATASETS/CodecFake/train/F01_p294_411.wav,1
/data/DATASETS/CodecFake/train/F01_p288_086.wav,1
/data/DATASETS/CodecFake/train/F01_p283_370.wav,1
/data/DATASETS/CodecFake/train/F01_p314_315.wav,1
/data/DATASETS/CodecFake/train/F01_SSB05650071.wav,1
/data/DATASETS/CodecFake/train/F01_p226_227.wav,1
/data/DATASETS/CodecFake/train/F01_p261_300.wav,1
/data/DATASETS/CodecFake/train/F01_p245_285.wav,1
/data/DATASETS/CodecFake/train/F01_SSB02730323.wav,1
/data/DATASETS/CodecFake/train/F01_SSB03790447.wav,1
/data/DATASETS/CodecFake/train/F01_SSB03660092.wav,1
/data/DATASETS/CodecFake/train/F01_SSB07230005.wav,1
/data/DATASETS/CodecFake/train/F01_p362_078.wav,1
/data/DATASETS/CodecFake/train/F01_SSB01390498.wav,1
/data/DATASETS/CodecFake/train/F01_SSB01390055.wav,1
/data/DATASETS/CodecFake/train/F01_SSB07860350.wav,1
/data/DATASETS/CodecFake/train/F01_p267_355.wav,1
/data/DATASETS/CodecFake/train/F01_p248_194.wav,1
/data/DATASETS/CodecFake/train/F01_SSB06310448.wav,1
/data/DATASETS/CodecFake/train/F01_SSB13200140.wav,1
/data/DATASETS/CodecFake/train/F01_SSB05350027.wav,1
/data/DATASETS/CodecFake/train/F01_SSB19020398.wav,1
/data/DATASETS/CodecFake/train/F01_SSB12030020.wav,1
/data/DATASETS/CodecFake/train/F01_SSB12740220.wav,1
/data/DATASETS/CodecFake/train/F01_p250_440.wav,1
/data/DATASETS/CodecFake/train/F01_p275_242.wav,1
/data/DATASETS/CodecFake/train/F01_SSB12150324.wav,1
/data/DATASETS/CodecFake/train/F01_SSB16990249.wav,1
/data/DATASETS/CodecFake/train/F01_SSB03950137.wav,1
/data/DATASETS/CodecFake/train/F01_SSB18720273.wav,1
/data/DATASETS/CodecFake/train/F01_SSB15850427.wav,1
/data/DATASETS/CodecFake/train/F01_p267_102.wav,1
/data/DATASETS/CodecFake/train/F01_SSB12030443.wav,1
/data/DATASETS/CodecFake/train/F01_SSB00730195.wav,1
/data/DATASETS/CodecFake/train/F01_p258_191.wav,1
/data/DATASETS/CodecFake/train/F01_p360_284.wav,1
/data/DATASETS/CodecFake/train/F01_SSB06680349.wav,1
/data/DATASETS/CodecFake/train/F01_p251_328.wav,1
/data/DATASETS/CodecFake/train/F01_SSB06030328.wav,1
/data/DATASETS/CodecFake/train/F01_SSB07160057.wav,1
/data/DATASETS/CodecFake/train/F01_p303_062.wav,1
/data/DATASETS/CodecFake/train/F01_p299_257.wav,1
/data/DATASETS/CodecFake/train/F01_SSB01330152.wav,1
/data/DATASETS/CodecFake/train/F01_p231_136.wav,1
/data/DATASETS/CodecFake/train/F01_SSB12530189.wav,1
/data/DATASETS/CodecFake/train/F01_p233_159.wav,1
/data/DATASETS/CodecFake/train/F01_SSB00090372.wav,1
/data/DATASETS/CodecFake/train/F01_SSB07020066.wav,1
/data/DATASETS/CodecFake/train/F01_SSB05900232.wav,1
/data/DATASETS/CodecFake/train/F01_p247_360.wav,1
/data/DATASETS/CodecFake/train/F01_SSB07940159.wav,1
/data/DATASETS/CodecFake/train/F01_SSB16240015.wav,1
/data/DATASETS/CodecFake/train/F01_SSB10240303.wav,1
/data/DATASETS/CodecFake/train/F01_SSB02870010.wav,1
/data/DATASETS/CodecFake/train/F01_p247_370.wav,1
/data/DATASETS/CodecFake/train/F01_SSB15630187.wav,1
/data/DATASETS/CodecFake/train/F01_p257_422.wav,1
/data/DATASETS/CodecFake/train/F01_SSB07860468.wav,1
/data/DATASETS/CodecFake/train/F01_SSB06230502.wav,1
/data/DATASETS/CodecFake/train/F01_p240_113.wav,1
/data/DATASETS/CodecFake/train/F01_p360_020.wav,1
/data/DATASETS/CodecFake/train/F01_SSB13660079.wav,1
/data/DATASETS/CodecFake/train/F01_SSB11000424.wav,1
/data/DATASETS/CodecFake/train/F01_SSB16070183.wav,1
/data/DATASETS/CodecFake/train/F01_p270_016.wav,1
/data/DATASETS/CodecFake/train/F01_SSB03660258.wav,1
/data/DATASETS/CodecFake/train/F01_SSB12160240.wav,1
/data/DATASETS/CodecFake/train/F01_p277_104.wav,1
/data/DATASETS/CodecFake/train/F01_SSB16250303.wav,1
/data/DATASETS/CodecFake/train/F01_SSB04270160.wav,1
/data/DATASETS/CodecFake/train/F01_SSB06930451.wav,1
/data/DATASETS/CodecFake/train/F01_p286_292.wav,1
/data/DATASETS/CodecFake/train/F01_p237_001.wav,1
/data/DATASETS/CodecFake/train/F01_SSB07020337.wav,1
/data/DATASETS/CodecFake/train/F01_p232_396.wav,1
/data/DATASETS/CodecFake/train/F01_SSB07110213.wav,1
/data/DATASETS/CodecFake/train/F01_SSB14480343.wav,1
/data/DATASETS/CodecFake/train/F01_p248_152.wav,1
/data/DATASETS/CodecFake/train/F01_p330_321.wav,1
/data/DATASETS/CodecFake/train/F01_SSB03800266.wav,1
/data/DATASETS/CodecFake/train/F01_SSB04270482.wav,1
/data/DATASETS/CodecFake/train/F01_p239_271.wav,1
/data/DATASETS/CodecFake/train/F01_p281_379.wav,1
/data/DATASETS/CodecFake/train/F01_SSB09660159.wav,1
/data/DATASETS/CodecFake/train/F01_SSB03150009.wav,1
/data/DATASETS/CodecFake/train/F01_SSB12530429.wav,1
/data/DATASETS/CodecFake/train/F01_SSB05900313.wav,1
/data/DATASETS/CodecFake/train/F01_p311_077.wav,1
/data/DATASETS/CodecFake/train/F01_SSB03070138.wav,1
/data/DATASETS/CodecFake/train/F01_p303_289.wav,1
/data/DATASETS/CodecFake/train/F01_SSB01970428.wav,1
/data/DATASETS/CodecFake/train/F01_SSB06140272.wav,1
/data/DATASETS/CodecFake/train/F01_SSB19560381.wav,1
/data/DATASETS/CodecFake/train/F01_SSB04820099.wav,1
/data/DATASETS/CodecFake/train/F01_SSB15930003.wav,1
/data/DATASETS/CodecFake/train/F01_SSB01450280.wav,1
/data/DATASETS/CodecFake/train/F01_p273_355.wav,1
/data/DATASETS/CodecFake/train/F01_SSB04700146.wav,1
/data/DATASETS/CodecFake/train/F01_SSB03790227.wav,1
/data/DATASETS/CodecFake/train/F01_p318_327.wav,1
/data/DATASETS/CodecFake/train/F01_SSB07490230.wav,1
/data/DATASETS/CodecFake/train/F01_SSB03950451.wav,1
/data/DATASETS/CodecFake/train/F01_p315_207.wav,1
/data/DATASETS/CodecFake/train/F01_SSB03940015.wav,1
/data/DATASETS/CodecFake/train/F01_p236_419.wav,1
/data/DATASETS/CodecFake/train/F01_p285_216.wav,1
/data/DATASETS/CodecFake/train/F01_p292_036.wav,1
/data/DATASETS/CodecFake/train/F01_SSB13400066.wav,1
/data/DATASETS/CodecFake/train/F01_SSB05780105.wav,1
/data/DATASETS/CodecFake/train/F01_p288_105.wav,1
/data/DATASETS/CodecFake/train/F01_SSB14520143.wav,1
/data/DATASETS/CodecFake/train/F01_p249_207.wav,1
/data/DATASETS/CodecFake/train/F01_p248_058.wav,1
/data/DATASETS/CodecFake/train/F01_p274_040.wav,1
/data/DATASETS/CodecFake/train/F01_SSB07100182.wav,1
/data/DATASETS/CodecFake/train/F01_SSB00180285.wav,1
/data/DATASETS/CodecFake/train/F01_SSB07000477.wav,1
/data/DATASETS/CodecFake/train/F01_p287_283.wav,1
/data/DATASETS/CodecFake/train/F01_SSB02410456.wav,1
/data/DATASETS/CodecFake/train/F01_p253_253.wav,1
/data/DATASETS/CodecFake/train/F01_SSB09350444.wav,1
/data/DATASETS/CodecFake/train/F01_p281_138.wav,1
/data/DATASETS/CodecFake/train/F01_SSB15930240.wav,1
/data/DATASETS/CodecFake/train/F01_p292_153.wav,1
/data/DATASETS/CodecFake/train/F01_SSB11250234.wav,1
/data/DATASETS/CodecFake/train/F01_p345_100.wav,1
/data/DATASETS/CodecFake/train/F01_SSB03850126.wav,1
/data/DATASETS/CodecFake/train/F01_p323_406.wav,1
/data/DATASETS/CodecFake/train/F01_SSB04820280.wav,1
/data/DATASETS/CodecFake/train/F01_p239_030.wav,1
/data/DATASETS/CodecFake/train/F01_p305_261.wav,1
/data/DATASETS/CodecFake/train/F01_SSB06710469.wav,1
/data/DATASETS/CodecFake/train/F01_SSB14080330.wav,1
/data/DATASETS/CodecFake/train/F01_SSB15670252.wav,1
/data/DATASETS/CodecFake/train/F01_SSB16840117.wav,1
/data/DATASETS/CodecFake/train/F01_SSB17810221.wav,1
/data/DATASETS/CodecFake/train/F01_SSB02410098.wav,1
/data/DATASETS/CodecFake/train/F01_p323_006.wav,1
/data/DATASETS/CodecFake/train/F01_SSB00160091.wav,1
/data/DATASETS/CodecFake/train/F01_SSB19560042.wav,1
/data/DATASETS/CodecFake/train/F01_SSB10080178.wav,1
/data/DATASETS/CodecFake/train/F01_SSB18320353.wav,1
/data/DATASETS/CodecFake/train/F01_SSB07020355.wav,1
/data/DATASETS/CodecFake/train/F01_p305_255.wav,1
/data/DATASETS/CodecFake/train/F01_SSB05440034.wav,1
/data/DATASETS/CodecFake/train/F01_p339_164.wav,1
/data/DATASETS/CodecFake/train/F01_p329_078.wav,1
/data/DATASETS/CodecFake/train/F01_SSB03750198.wav,1
/data/DATASETS/CodecFake/train/F01_p241_171.wav,1
/data/DATASETS/CodecFake/train/F01_SSB07940278.wav,1
/data/DATASETS/CodecFake/train/F01_p280_026.wav,1
/data/DATASETS/CodecFake/train/F01_SSB00110088.wav,1
/data/DATASETS/CodecFake/train/F01_SSB18720303.wav,1
/data/DATASETS/CodecFake/train/F01_SSB19560388.wav,1
/data/DATASETS/CodecFake/train/F01_SSB19180110.wav,1
/data/DATASETS/CodecFake/train/F01_SSB09870464.wav,1
/data/DATASETS/CodecFake/train/F01_SSB01970238.wav,1
/data/DATASETS/CodecFake/train/F01_p246_264.wav,1
/data/DATASETS/CodecFake/train/F01_SSB11310264.wav,1
/data/DATASETS/CodecFake/train/F01_SSB07840288.wav,1
/data/DATASETS/CodecFake/train/F01_p273_015.wav,1
/data/DATASETS/CodecFake/train/F01_p231_450.wav,1
/data/DATASETS/CodecFake/train/F01_SSB11150253.wav,1
/data/DATASETS/CodecFake/train/F01_SSB14370056.wav,1
/data/DATASETS/CodecFake/train/F01_SSB18100011.wav,1
/data/DATASETS/CodecFake/train/F01_SSB00380021.wav,1
/data/DATASETS/CodecFake/train/F01_SSB07370471.wav,1
/data/DATASETS/CodecFake/train/F01_SSB01120102.wav,1
/data/DATASETS/CodecFake/train/F01_p268_179.wav,1
/data/DATASETS/CodecFake/train/F01_SSB07160117.wav,1
/data/DATASETS/CodecFake/train/F01_SSB06930166.wav,1
/data/DATASETS/CodecFake/train/F01_SSB06070292.wav,1
/data/DATASETS/CodecFake/train/F01_p246_049.wav,1
/data/DATASETS/CodecFake/train/F01_SSB07160413.wav,1
/data/DATASETS/CodecFake/train/F01_SSB04150266.wav,1
/data/DATASETS/CodecFake/train/F01_SSB03070383.wav,1
/data/DATASETS/CodecFake/train/F01_p272_201.wav,1
/data/DATASETS/CodecFake/train/F01_SSB02000451.wav,1
/data/DATASETS/CodecFake/train/F01_p313_289.wav,1
/data/DATASETS/CodecFake/train/F01_SSB05900370.wav,1
/data/DATASETS/CodecFake/train/F01_p271_129.wav,1
/data/DATASETS/CodecFake/train/F01_SSB04150102.wav,1
/data/DATASETS/CodecFake/train/F01_SSB03950145.wav,1
/data/DATASETS/CodecFake/train/F01_SSB05650400.wav,1
/data/DATASETS/CodecFake/train/F01_SSB13830106.wav,1
/data/DATASETS/CodecFake/train/F01_p297_032.wav,1
/data/DATASETS/CodecFake/train/F01_SSB07360452.wav,1
/data/DATASETS/CodecFake/train/F01_p339_001.wav,1
/data/DATASETS/CodecFake/train/F01_SSB16250467.wav,1
/data/DATASETS/CodecFake/train/F01_p262_282.wav,1
/data/DATASETS/CodecFake/train/F01_SSB06060300.wav,1
/data/DATASETS/CodecFake/train/F01_p301_201.wav,1
/data/DATASETS/CodecFake/train/F01_SSB19390318.wav,1
/data/DATASETS/CodecFake/train/F01_SSB01220298.wav,1
/data/DATASETS/CodecFake/train/F01_SSB02990051.wav,1
/data/DATASETS/CodecFake/train/F01_SSB03070501.wav,1
/data/DATASETS/CodecFake/train/F01_p288_153.wav,1
/data/DATASETS/CodecFake/train/F01_p364_192.wav,1
/data/DATASETS/CodecFake/train/F01_SSB07230331.wav,1
/data/DATASETS/CodecFake/train/F01_SSB00800237.wav,1
/data/DATASETS/CodecFake/train/F01_p272_388.wav,1
/data/DATASETS/CodecFake/train/F01_SSB00430372.wav,1
/data/DATASETS/CodecFake/train/F01_SSB06010498.wav,1
/data/DATASETS/CodecFake/train/F01_SSB07360210.wav,1
/data/DATASETS/CodecFake/train/F01_SSB11380088.wav,1
/data/DATASETS/CodecFake/train/F01_p284_236.wav,1
/data/DATASETS/CodecFake/train/F01_p376_155.wav,1
/data/DATASETS/CodecFake/train/F01_SSB01330273.wav,1
/data/DATASETS/CodecFake/train/F01_SSB04700223.wav,1
/data/DATASETS/CodecFake/train/F01_SSB14520081.wav,1
/data/DATASETS/CodecFake/train/F01_SSB19350108.wav,1
/data/DATASETS/CodecFake/train/F01_p227_055.wav,1
/data/DATASETS/CodecFake/train/F01_SSB09150141.wav,1
/data/DATASETS/CodecFake/train/F01_SSB00090090.wav,1
/data/DATASETS/CodecFake/train/F01_SSB05020062.wav,1
/data/DATASETS/CodecFake/train/F01_SSB18780211.wav,1
/data/DATASETS/CodecFake/train/F01_p249_197.wav,1
/data/DATASETS/CodecFake/train/F01_p238_256.wav,1
/data/DATASETS/CodecFake/train/F01_p316_300.wav,1
/data/DATASETS/CodecFake/train/F01_SSB12040278.wav,1
/data/DATASETS/CodecFake/train/F01_SSB06060174.wav,1
/data/DATASETS/CodecFake/train/F01_p266_183.wav,1
/data/DATASETS/CodecFake/train/F01_p254_054.wav,1
/data/DATASETS/CodecFake/train/F01_SSB10020336.wav,1
/data/DATASETS/CodecFake/train/F01_SSB07840113.wav,1
/data/DATASETS/CodecFake/train/F01_SSB00180159.wav,1
/data/DATASETS/CodecFake/train/F01_SSB05880173.wav,1
/data/DATASETS/CodecFake/train/F01_SSB10720236.wav,1
/data/DATASETS/CodecFake/train/F01_p374_414.wav,1
/data/DATASETS/CodecFake/train/F01_p237_150.wav,1
/data/DATASETS/CodecFake/train/F01_SSB05900502.wav,1
/data/DATASETS/CodecFake/train/F01_SSB17810172.wav,1
/data/DATASETS/CodecFake/train/F01_SSB06060481.wav,1
/data/DATASETS/CodecFake/train/F01_SSB10720010.wav,1
/data/DATASETS/CodecFake/train/F01_SSB07360018.wav,1
/data/DATASETS/CodecFake/train/F01_SSB12740162.wav,1
/data/DATASETS/CodecFake/train/F01_p270_203.wav,1
/data/DATASETS/CodecFake/train/F01_SSB04270254.wav,1
/data/DATASETS/CodecFake/train/F01_SSB05350289.wav,1
/data/DATASETS/CodecFake/train/F01_SSB00110388.wav,1
/data/DATASETS/CodecFake/train/F01_SSB03850196.wav,1
/data/DATASETS/CodecFake/train/F01_SSB19180122.wav,1
/data/DATASETS/CodecFake/train/F01_SSB07460484.wav,1
/data/DATASETS/CodecFake/train/F01_p362_019.wav,1
/data/DATASETS/CodecFake/train/F01_SSB10720414.wav,1
/data/DATASETS/CodecFake/train/F01_SSB03930096.wav,1
/data/DATASETS/CodecFake/train/F01_p314_186.wav,1
/data/DATASETS/CodecFake/train/F01_SSB12180164.wav,1
/data/DATASETS/CodecFake/train/F01_SSB13920388.wav,1
/data/DATASETS/CodecFake/train/F01_p294_307.wav,1
/data/DATASETS/CodecFake/train/F01_SSB18090202.wav,1
/data/DATASETS/CodecFake/train/F01_SSB08510066.wav,1
/data/DATASETS/CodecFake/train/F01_SSB06660356.wav,1
/data/DATASETS/CodecFake/train/F01_SSB18630084.wav,1
/data/DATASETS/CodecFake/train/F01_p259_342.wav,1
/data/DATASETS/CodecFake/train/F01_SSB08170232.wav,1
/data/DATASETS/CodecFake/train/F01_p240_154.wav,1
/data/DATASETS/CodecFake/train/F01_SSB18100462.wav,1
/data/DATASETS/CodecFake/train/F01_SSB03660303.wav,1
/data/DATASETS/CodecFake/train/F01_SSB15850028.wav,1
/data/DATASETS/CodecFake/train/F01_SSB03790509.wav,1
/data/DATASETS/CodecFake/train/F01_p318_150.wav,1
/data/DATASETS/CodecFake/train/F01_SSB18090398.wav,1
/data/DATASETS/CodecFake/train/F01_SSB15750005.wav,1
/data/DATASETS/CodecFake/train/F01_SSB03820239.wav,1
/data/DATASETS/CodecFake/train/F01_SSB06320360.wav,1
/data/DATASETS/CodecFake/train/F01_SSB03540236.wav,1
/data/DATASETS/CodecFake/train/F01_SSB07020034.wav,1
/data/DATASETS/CodecFake/train/F01_p293_171.wav,1
/data/DATASETS/CodecFake/train/F01_p333_173.wav,1
/data/DATASETS/CodecFake/train/F01_SSB05440167.wav,1
/data/DATASETS/CodecFake/train/F01_p251_071.wav,1
/data/DATASETS/CodecFake/train/F01_SSB14020487.wav,1
/data/DATASETS/CodecFake/train/F01_SSB07860296.wav,1
/data/DATASETS/CodecFake/train/F01_SSB05390069.wav,1
/data/DATASETS/CodecFake/train/F01_SSB03390090.wav,1
/data/DATASETS/CodecFake/train/F01_SSB14310055.wav,1
/data/DATASETS/CodecFake/train/F01_SSB18280457.wav,1
/data/DATASETS/CodecFake/train/F01_SSB12190279.wav,1
/data/DATASETS/CodecFake/train/F01_SSB16990411.wav,1
/data/DATASETS/CodecFake/train/F01_SSB10910057.wav,1
/data/DATASETS/CodecFake/train/F01_SSB03930478.wav,1
/data/DATASETS/CodecFake/train/F01_p229_195.wav,1
/data/DATASETS/CodecFake/train/F01_SSB06680369.wav,1
/data/DATASETS/CodecFake/train/F01_SSB05880250.wav,1
/data/DATASETS/CodecFake/train/F01_SSB06010478.wav,1
/data/DATASETS/CodecFake/train/F01_p283_230.wav,1
/data/DATASETS/CodecFake/train/F01_p301_270.wav,1
/data/DATASETS/CodecFake/train/F01_SSB15750343.wav,1
/data/DATASETS/CodecFake/train/F01_p250_389.wav,1
/data/DATASETS/CodecFake/train/F01_SSB00090081.wav,1
/data/DATASETS/CodecFake/train/F01_p232_068.wav,1
/data/DATASETS/CodecFake/train/F01_p292_233.wav,1
/data/DATASETS/CodecFake/train/F01_SSB09350475.wav,1
/data/DATASETS/CodecFake/train/F01_SSB07230130.wav,1
/data/DATASETS/CodecFake/train/F01_p269_374.wav,1
/data/DATASETS/CodecFake/train/F01_SSB16990390.wav,1
/data/DATASETS/CodecFake/train/F01_SSB00570154.wav,1
/data/DATASETS/CodecFake/train/F01_SSB04150080.wav,1
/data/DATASETS/CodecFake/train/F01_p341_354.wav,1
/data/DATASETS/CodecFake/train/F01_SSB07460466.wav,1
/data/DATASETS/CodecFake/train/F01_p245_327.wav,1
/data/DATASETS/CodecFake/train/F01_SSB19560389.wav,1
/data/DATASETS/CodecFake/train/F01_SSB13660287.wav,1
/data/DATASETS/CodecFake/train/F01_p361_033.wav,1
/data/DATASETS/CodecFake/train/F01_p343_001.wav,1
/data/DATASETS/CodecFake/train/F01_SSB07580260.wav,1
/data/DATASETS/CodecFake/train/F01_SSB11250171.wav,1
/data/DATASETS/CodecFake/train/F01_p316_254.wav,1
/data/DATASETS/CodecFake/train/F01_SSB03800049.wav,1
/data/DATASETS/CodecFake/train/F01_SSB11310370.wav,1
/data/DATASETS/CodecFake/train/F01_SSB15670263.wav,1
/data/DATASETS/CodecFake/train/F01_SSB07230463.wav,1
/data/DATASETS/CodecFake/train/F01_SSB05440238.wav,1
/data/DATASETS/CodecFake/train/F01_SSB07160317.wav,1
/data/DATASETS/CodecFake/train/F01_SSB10000259.wav,1
/data/DATASETS/CodecFake/train/F01_SSB08710021.wav,1
/data/DATASETS/CodecFake/train/F01_p247_430.wav,1
/data/DATASETS/CodecFake/train/F01_SSB12180380.wav,1
/data/DATASETS/CodecFake/train/F01_SSB12210084.wav,1
/data/DATASETS/CodecFake/train/F01_SSB04070401.wav,1
/data/DATASETS/CodecFake/train/F01_SSB07510351.wav,1
/data/DATASETS/CodecFake/train/F01_SSB16700203.wav,1
/data/DATASETS/CodecFake/train/F01_SSB11260304.wav,1
/data/DATASETS/CodecFake/train/F01_SSB11150183.wav,1
/data/DATASETS/CodecFake/train/F01_p326_176.wav,1
/data/DATASETS/CodecFake/train/F01_p233_138.wav,1
/data/DATASETS/CodecFake/train/F01_p307_188.wav,1
/data/DATASETS/CodecFake/train/F01_SSB11250203.wav,1
/data/DATASETS/CodecFake/train/F01_SSB16250056.wav,1
/data/DATASETS/CodecFake/train/F01_SSB03750458.wav,1
/data/DATASETS/CodecFake/train/F01_SSB16860194.wav,1
/data/DATASETS/CodecFake/train/F01_SSB02610285.wav,1
/data/DATASETS/CodecFake/train/F01_SSB05390282.wav,1
/data/DATASETS/CodecFake/train/F01_SSB07200324.wav,1
/data/DATASETS/CodecFake/train/F01_p314_310.wav,1
/data/DATASETS/CodecFake/train/F01_SSB03790496.wav,1
/data/DATASETS/CodecFake/train/F01_SSB11360009.wav,1
/data/DATASETS/CodecFake/train/F01_SSB03160316.wav,1
/data/DATASETS/CodecFake/train/F01_SSB16500345.wav,1
/data/DATASETS/CodecFake/train/F01_p247_329.wav,1
/data/DATASETS/CodecFake/train/F01_p340_236.wav,1
/data/DATASETS/CodecFake/train/F01_SSB00160085.wav,1
/data/DATASETS/CodecFake/train/F01_p278_051.wav,1
/data/DATASETS/CodecFake/train/F01_SSB05990354.wav,1
/data/DATASETS/CodecFake/train/F01_p272_156.wav,1
/data/DATASETS/CodecFake/train/F01_p330_145.wav,1
/data/DATASETS/CodecFake/train/F01_p275_124.wav,1
/data/DATASETS/CodecFake/train/F01_p250_451.wav,1
/data/DATASETS/CodecFake/train/F01_SSB07490256.wav,1
/data/DATASETS/CodecFake/train/F01_SSB10640164.wav,1
/data/DATASETS/CodecFake/train/F01_SSB06030202.wav,1
/data/DATASETS/CodecFake/train/F01_SSB06090350.wav,1
/data/DATASETS/CodecFake/train/F01_p272_259.wav,1
/data/DATASETS/CodecFake/train/F01_SSB16250060.wav,1
/data/DATASETS/CodecFake/train/F01_p272_289.wav,1
/data/DATASETS/CodecFake/train/F01_p261_017.wav,1
/data/DATASETS/CodecFake/train/F01_SSB10000187.wav,1
/data/DATASETS/CodecFake/train/F01_SSB10720264.wav,1
/data/DATASETS/CodecFake/train/F01_SSB03380227.wav,1
/data/DATASETS/CodecFake/train/F01_SSB13850173.wav,1
/data/DATASETS/CodecFake/train/F01_p308_064.wav,1
/data/DATASETS/CodecFake/train/F01_p251_228.wav,1
/data/DATASETS/CodecFake/train/F01_p228_001.wav,1
/data/DATASETS/CodecFake/train/F01_SSB06090192.wav,1
/data/DATASETS/CodecFake/train/F01_SSB00380347.wav,1
/data/DATASETS/CodecFake/train/F01_SSB02000236.wav,1
/data/DATASETS/CodecFake/train/F01_SSB13280038.wav,1
/data/DATASETS/CodecFake/train/F01_SSB08630394.wav,1
/data/DATASETS/CodecFake/train/F01_SSB17450213.wav,1
/data/DATASETS/CodecFake/train/F01_SSB00090352.wav,1
/data/DATASETS/CodecFake/train/F01_SSB07840105.wav,1
/data/DATASETS/CodecFake/train/F01_p304_322.wav,1
/data/DATASETS/CodecFake/train/F01_SSB14520047.wav,1
/data/DATASETS/CodecFake/train/F01_SSB13770157.wav,1
/data/DATASETS/CodecFake/train/F01_p311_170.wav,1
/data/DATASETS/CodecFake/train/F01_p276_339.wav,1
/data/DATASETS/CodecFake/train/F01_p279_234.wav,1
/data/DATASETS/CodecFake/train/F01_SSB03420266.wav,1
/data/DATASETS/CodecFake/train/F01_SSB06860164.wav,1
/data/DATASETS/CodecFake/train/F01_p230_012.wav,1
/data/DATASETS/CodecFake/train/F01_SSB05020175.wav,1
/data/DATASETS/CodecFake/train/F01_p317_108.wav,1
/data/DATASETS/CodecFake/train/F01_SSB03410051.wav,1
/data/DATASETS/CodecFake/train/F01_p335_121.wav,1
/data/DATASETS/CodecFake/train/F01_SSB03660367.wav,1
/data/DATASETS/CodecFake/train/F01_SSB17590270.wav,1
/data/DATASETS/CodecFake/train/F01_p233_304.wav,1
/data/DATASETS/CodecFake/train/F01_p228_024.wav,1
/data/DATASETS/CodecFake/train/F01_SSB01390035.wav,1
/data/DATASETS/CodecFake/train/F01_p313_358.wav,1
/data/DATASETS/CodecFake/train/F01_p273_066.wav,1
/data/DATASETS/CodecFake/train/F01_SSB06090090.wav,1
/data/DATASETS/CodecFake/train/F01_SSB18280316.wav,1
/data/DATASETS/CodecFake/train/F01_SSB01490087.wav,1
/data/DATASETS/CodecFake/train/F01_SSB04340195.wav,1
/data/DATASETS/CodecFake/train/F01_SSB05780494.wav,1
/data/DATASETS/CodecFake/train/F01_SSB17820030.wav,1
/data/DATASETS/CodecFake/train/F01_p303_197.wav,1
/data/DATASETS/CodecFake/train/F01_SSB04350071.wav,1
/data/DATASETS/CodecFake/train/F01_p241_053.wav,1
/data/DATASETS/CodecFake/train/F01_SSB05700359.wav,1
/data/DATASETS/CodecFake/train/F01_SSB02610050.wav,1
/data/DATASETS/CodecFake/train/F01_p295_245.wav,1
/data/DATASETS/CodecFake/train/F01_SSB06090339.wav,1
/data/DATASETS/CodecFake/train/F01_SSB07840241.wav,1
/data/DATASETS/CodecFake/train/F01_p335_057.wav,1
/data/DATASETS/CodecFake/train/F01_SSB10640356.wav,1
/data/DATASETS/CodecFake/train/F01_SSB07230360.wav,1
/data/DATASETS/CodecFake/train/F01_p341_047.wav,1
/data/DATASETS/CodecFake/train/F01_SSB13850243.wav,1
/data/DATASETS/CodecFake/train/F01_SSB03750034.wav,1
/data/DATASETS/CodecFake/train/F01_SSB07360342.wav,1
/data/DATASETS/CodecFake/train/F01_SSB08510065.wav,1
/data/DATASETS/CodecFake/train/F01_SSB06320350.wav,1
/data/DATASETS/CodecFake/train/F01_SSB06290136.wav,1
/data/DATASETS/CodecFake/train/F01_SSB18100006.wav,1
/data/DATASETS/CodecFake/train/F01_p280_145.wav,1
/data/DATASETS/CodecFake/train/F01_SSB06310394.wav,1
/data/DATASETS/CodecFake/train/F01_p339_376.wav,1
/data/DATASETS/CodecFake/train/F01_SSB02000234.wav,1
/data/DATASETS/CodecFake/train/F01_p244_312.wav,1
/data/DATASETS/CodecFake/train/F01_SSB00180485.wav,1
/data/DATASETS/CodecFake/train/F01_SSB17810360.wav,1
/data/DATASETS/CodecFake/train/F01_SSB01330101.wav,1
/data/DATASETS/CodecFake/train/F01_p340_371.wav,1
/data/DATASETS/CodecFake/train/F01_p233_238.wav,1
/data/DATASETS/CodecFake/train/F01_p351_237.wav,1
/data/DATASETS/CodecFake/train/F01_SSB07370419.wav,1
/data/DATASETS/CodecFake/train/F01_p317_419.wav,1
/data/DATASETS/CodecFake/train/F01_SSB03940012.wav,1
/data/DATASETS/CodecFake/train/F01_p260_160.wav,1
/data/DATASETS/CodecFake/train/F01_SSB08220184.wav,1
/data/DATASETS/CodecFake/train/F01_p269_212.wav,1
/data/DATASETS/CodecFake/train/F01_SSB09190023.wav,1
/data/DATASETS/CodecFake/train/F01_SSB05990029.wav,1
/data/DATASETS/CodecFake/train/F01_p288_068.wav,1
/data/DATASETS/CodecFake/train/F01_SSB05940485.wav,1
/data/DATASETS/CodecFake/train/F01_SSB13220506.wav,1
/data/DATASETS/CodecFake/train/F01_p306_037.wav,1
/data/DATASETS/CodecFake/train/F01_SSB05440297.wav,1
/data/DATASETS/CodecFake/train/F01_p298_307.wav,1
/data/DATASETS/CodecFake/train/F01_SSB19390036.wav,1
/data/DATASETS/CodecFake/train/F01_SSB08220172.wav,1
/data/DATASETS/CodecFake/train/F01_p234_039.wav,1
/data/DATASETS/CodecFake/train/F01_SSB06320113.wav,1
/data/DATASETS/CodecFake/train/F01_p292_347.wav,1
/data/DATASETS/CodecFake/train/F01_p251_217.wav,1
/data/DATASETS/CodecFake/train/F01_SSB07460273.wav,1
/data/DATASETS/CodecFake/train/F01_SSB02610375.wav,1
/data/DATASETS/CodecFake/train/F01_SSB02460319.wav,1
/data/DATASETS/CodecFake/train/F01_p261_151.wav,1
/data/DATASETS/CodecFake/train/F01_p282_350.wav,1
/data/DATASETS/CodecFake/train/F01_SSB14370027.wav,1
/data/DATASETS/CodecFake/train/F01_SSB04270380.wav,1
/data/DATASETS/CodecFake/train/F01_SSB16250090.wav,1
/data/DATASETS/CodecFake/train/F01_p311_140.wav,1
/data/DATASETS/CodecFake/train/F01_SSB03940314.wav,1
/data/DATASETS/CodecFake/train/F01_p339_159.wav,1
/data/DATASETS/CodecFake/train/F01_SSB05900185.wav,1
/data/DATASETS/CodecFake/train/F01_p281_381.wav,1
/data/DATASETS/CodecFake/train/F01_SSB18910362.wav,1
/data/DATASETS/CodecFake/train/F01_p250_234.wav,1
/data/DATASETS/CodecFake/train/F01_p233_154.wav,1
/data/DATASETS/CodecFake/train/F01_SSB02870432.wav,1
/data/DATASETS/CodecFake/train/F01_SSB02990116.wav,1
/data/DATASETS/CodecFake/train/F01_SSB16250427.wav,1
/data/DATASETS/CodecFake/train/F01_SSB03410402.wav,1
/data/DATASETS/CodecFake/train/F01_p304_410.wav,1
/data/DATASETS/CodecFake/train/F01_SSB11100465.wav,1
/data/DATASETS/CodecFake/train/F01_SSB07620198.wav,1
/data/DATASETS/CodecFake/train/F01_p333_263.wav,1
/data/DATASETS/CodecFake/train/F01_SSB01330016.wav,1
/data/DATASETS/CodecFake/train/F01_SSB06060465.wav,1
/data/DATASETS/CodecFake/train/F01_p269_327.wav,1
/data/DATASETS/CodecFake/train/F01_p361_141.wav,1
/data/DATASETS/CodecFake/train/F01_p265_291.wav,1
/data/DATASETS/CodecFake/train/F01_p269_243.wav,1
/data/DATASETS/CodecFake/train/F01_p245_252.wav,1
/data/DATASETS/CodecFake/train/F01_SSB03930012.wav,1
/data/DATASETS/CodecFake/train/F01_p330_142.wav,1
/data/DATASETS/CodecFake/train/F01_SSB03930225.wav,1
/data/DATASETS/CodecFake/train/F01_SSB00380478.wav,1
/data/DATASETS/CodecFake/train/F01_p351_407.wav,1
/data/DATASETS/CodecFake/train/F01_SSB02610438.wav,1
/data/DATASETS/CodecFake/train/F01_SSB00730299.wav,1
/data/DATASETS/CodecFake/train/F01_SSB06060395.wav,1
/data/DATASETS/CodecFake/train/F01_SSB16250213.wav,1
/data/DATASETS/CodecFake/train/F01_SSB00110029.wav,1
/data/DATASETS/CodecFake/train/F01_SSB17110047.wav,1
/data/DATASETS/CodecFake/train/F01_SSB02000335.wav,1
/data/DATASETS/CodecFake/train/F01_SSB11000422.wav,1
/data/DATASETS/CodecFake/train/F01_SSB06060368.wav,1
/data/DATASETS/CodecFake/train/F01_SSB08220046.wav,1
/data/DATASETS/CodecFake/train/F01_SSB19390433.wav,1
/data/DATASETS/CodecFake/train/F01_SSB07160282.wav,1
/data/DATASETS/CodecFake/train/F01_p361_264.wav,1
/data/DATASETS/CodecFake/train/F01_SSB06310309.wav,1
/data/DATASETS/CodecFake/train/F01_p277_005.wav,1
/data/DATASETS/CodecFake/train/F01_SSB14310446.wav,1
/data/DATASETS/CodecFake/train/F01_SSB01220248.wav,1
/data/DATASETS/CodecFake/train/F01_p236_284.wav,1
/data/DATASETS/CodecFake/train/F01_p281_293.wav,1
/data/DATASETS/CodecFake/train/F01_SSB05940168.wav,1
/data/DATASETS/CodecFake/train/F01_SSB06070306.wav,1
/data/DATASETS/CodecFake/train/F01_SSB06660259.wav,1
/data/DATASETS/CodecFake/train/F01_p363_198.wav,1
/data/DATASETS/CodecFake/train/F01_SSB15630100.wav,1
/data/DATASETS/CodecFake/train/F01_SSB11870043.wav,1
/data/DATASETS/CodecFake/train/F01_SSB06290054.wav,1
/data/DATASETS/CodecFake/train/F01_SSB13220437.wav,1
/data/DATASETS/CodecFake/train/F01_p286_386.wav,1
/data/DATASETS/CodecFake/train/F01_p280_399.wav,1
/data/DATASETS/CodecFake/train/F01_p284_050.wav,1
/data/DATASETS/CodecFake/train/F01_SSB07170109.wav,1
/data/DATASETS/CodecFake/train/F01_SSB11250286.wav,1
/data/DATASETS/CodecFake/train/F01_p292_024.wav,1
/data/DATASETS/CodecFake/train/F01_SSB10200374.wav,1
/data/DATASETS/CodecFake/train/F01_SSB09130373.wav,1
/data/DATASETS/CodecFake/train/F01_p374_195.wav,1
/data/DATASETS/CodecFake/train/F01_SSB00430334.wav,1
/data/DATASETS/CodecFake/train/F01_SSB06710419.wav,1
/data/DATASETS/CodecFake/train/F01_p326_084.wav,1
/data/DATASETS/CodecFake/train/F01_p286_025.wav,1
/data/DATASETS/CodecFake/train/F01_SSB03750215.wav,1
/data/DATASETS/CodecFake/train/F01_p313_351.wav,1
/data/DATASETS/CodecFake/train/F01_p277_308.wav,1
/data/DATASETS/CodecFake/train/F01_SSB04340058.wav,1
/data/DATASETS/CodecFake/train/F01_SSB03380225.wav,1
/data/DATASETS/CodecFake/train/F01_p307_369.wav,1
/data/DATASETS/CodecFake/train/F01_SSB13770342.wav,1
/data/DATASETS/CodecFake/train/F01_SSB15750427.wav,1
/data/DATASETS/CodecFake/train/F01_SSB07000107.wav,1
/data/DATASETS/CodecFake/train/F01_SSB06070042.wav,1
/data/DATASETS/CodecFake/train/F01_SSB12030170.wav,1
/data/DATASETS/CodecFake/train/F01_p264_116.wav,1
/data/DATASETS/CodecFake/train/F01_SSB06060445.wav,1
/data/DATASETS/CodecFake/train/F01_p263_097.wav,1
/data/DATASETS/CodecFake/train/F01_p250_488.wav,1
/data/DATASETS/CodecFake/train/F01_p253_028.wav,1
/data/DATASETS/CodecFake/train/F01_p341_150.wav,1
/data/DATASETS/CodecFake/train/F01_SSB07840417.wav,1
/data/DATASETS/CodecFake/train/F01_SSB09130008.wav,1
/data/DATASETS/CodecFake/train/F01_p271_035.wav,1
/data/DATASETS/CodecFake/train/F01_SSB07160476.wav,1
/data/DATASETS/CodecFake/train/F01_p262_382.wav,1
/data/DATASETS/CodecFake/train/F01_SSB00160264.wav,1
/data/DATASETS/CodecFake/train/F01_SSB07170103.wav,1
/data/DATASETS/CodecFake/train/F01_SSB01450326.wav,1
/data/DATASETS/CodecFake/train/F01_SSB11080125.wav,1
/data/DATASETS/CodecFake/train/F01_SSB06140322.wav,1
/data/DATASETS/CodecFake/train/F01_SSB12180329.wav,1
/data/DATASETS/CodecFake/train/F01_SSB06860481.wav,1
/data/DATASETS/CodecFake/train/F01_p269_385.wav,1
/data/DATASETS/CodecFake/train/F01_SSB06320179.wav,1
/data/DATASETS/CodecFake/train/F01_p376_269.wav,1
/data/DATASETS/CodecFake/train/F01_p287_054.wav,1
/data/DATASETS/CodecFake/train/F01_p243_140.wav,1
/data/DATASETS/CodecFake/train/F01_SSB00730244.wav,1
/data/DATASETS/CodecFake/train/F01_SSB19350133.wav,1
/data/DATASETS/CodecFake/train/F01_SSB03070038.wav,1
/data/DATASETS/CodecFake/train/F01_SSB16250318.wav,1
/data/DATASETS/CodecFake/train/F01_p246_190.wav,1
/data/DATASETS/CodecFake/train/F01_SSB15670113.wav,1
/data/DATASETS/CodecFake/train/F01_SSB05650439.wav,1
/data/DATASETS/CodecFake/train/F01_SSB04820287.wav,1
/data/DATASETS/CodecFake/train/F01_SSB09130039.wav,1
/data/DATASETS/CodecFake/train/F01_SSB14310431.wav,1
/data/DATASETS/CodecFake/train/F01_SSB16860147.wav,1
/data/DATASETS/CodecFake/train/F01_SSB04350080.wav,1
/data/DATASETS/CodecFake/train/F01_SSB05340167.wav,1
/data/DATASETS/CodecFake/train/F01_SSB06090016.wav,1
/data/DATASETS/CodecFake/train/F01_SSB06320022.wav,1
/data/DATASETS/CodecFake/train/F01_p323_114.wav,1
/data/DATASETS/CodecFake/train/F01_SSB12180269.wav,1
/data/DATASETS/CodecFake/train/F01_p233_235.wav,1
/data/DATASETS/CodecFake/train/F01_p264_148.wav,1
/data/DATASETS/CodecFake/train/F01_SSB11350365.wav,1
/data/DATASETS/CodecFake/train/F01_p262_348.wav,1
/data/DATASETS/CodecFake/train/F01_SSB18780302.wav,1
/data/DATASETS/CodecFake/train/F01_p363_098.wav,1
/data/DATASETS/CodecFake/train/F01_p294_010.wav,1
/data/DATASETS/CodecFake/train/F01_p259_043.wav,1
/data/DATASETS/CodecFake/train/F01_SSB04350326.wav,1
/data/DATASETS/CodecFake/train/F01_SSB10640052.wav,1
/data/DATASETS/CodecFake/train/F01_SSB05440287.wav,1
/data/DATASETS/CodecFake/train/F01_SSB12390008.wav,1
/data/DATASETS/CodecFake/train/F01_SSB11080211.wav,1
/data/DATASETS/CodecFake/train/F01_SSB09350129.wav,1
/data/DATASETS/CodecFake/train/F01_SSB06060459.wav,1
/data/DATASETS/CodecFake/train/F01_SSB11970476.wav,1
/data/DATASETS/CodecFake/train/F01_SSB11250311.wav,1
/data/DATASETS/CodecFake/train/F01_SSB00800458.wav,1
/data/DATASETS/CodecFake/train/F01_SSB09350114.wav,1
/data/DATASETS/CodecFake/train/F01_SSB11380357.wav,1
/data/DATASETS/CodecFake/train/F01_SSB06060290.wav,1
/data/DATASETS/CodecFake/train/F01_SSB10500277.wav,1
/data/DATASETS/CodecFake/train/F01_p333_321.wav,1
/data/DATASETS/CodecFake/train/F01_SSB04350105.wav,1
/data/DATASETS/CodecFake/train/F01_SSB07600441.wav,1
/data/DATASETS/CodecFake/train/F01_SSB18780371.wav,1
/data/DATASETS/CodecFake/train/F01_p351_251.wav,1
/data/DATASETS/CodecFake/train/F01_p253_161.wav,1
/data/DATASETS/CodecFake/train/F01_SSB06230179.wav,1
/data/DATASETS/CodecFake/train/F01_SSB06660248.wav,1
/data/DATASETS/CodecFake/train/F01_p345_218.wav,1
/data/DATASETS/CodecFake/train/F01_p237_042.wav,1
/data/DATASETS/CodecFake/train/F01_p262_190.wav,1
/data/DATASETS/CodecFake/train/F01_SSB01220087.wav,1
/data/DATASETS/CodecFake/train/F01_SSB00800168.wav,1
/data/DATASETS/CodecFake/train/F01_SSB06680178.wav,1
/data/DATASETS/CodecFake/train/F01_p246_164.wav,1
/data/DATASETS/CodecFake/train/F01_SSB19390442.wav,1
/data/DATASETS/CodecFake/train/F01_SSB00090422.wav,1
/data/DATASETS/CodecFake/train/F01_p259_302.wav,1
/data/DATASETS/CodecFake/train/F01_SSB03150011.wav,1
/data/DATASETS/CodecFake/train/F01_SSB11970103.wav,1
/data/DATASETS/CodecFake/train/F01_SSB06140044.wav,1
/data/DATASETS/CodecFake/train/F01_SSB13410081.wav,1
/data/DATASETS/CodecFake/train/F01_SSB06680121.wav,1
/data/DATASETS/CodecFake/train/F01_SSB16700333.wav,1
/data/DATASETS/CodecFake/train/F01_p280_205.wav,1
/data/DATASETS/CodecFake/train/F01_SSB00050195.wav,1
/data/DATASETS/CodecFake/train/F01_SSB07020005.wav,1
/data/DATASETS/CodecFake/train/F01_SSB17590325.wav,1
/data/DATASETS/CodecFake/train/F01_p292_049.wav,1
/data/DATASETS/CodecFake/train/F01_p252_033.wav,1
/data/DATASETS/CodecFake/train/F01_p258_178.wav,1
/data/DATASETS/CodecFake/train/F01_SSB12180136.wav,1
/data/DATASETS/CodecFake/train/F01_SSB10240340.wav,1
/data/DATASETS/CodecFake/train/F01_p335_125.wav,1
/data/DATASETS/CodecFake/train/F01_SSB13930192.wav,1
/data/DATASETS/CodecFake/train/F01_p225_193.wav,1
/data/DATASETS/CodecFake/train/F01_p275_028.wav,1
/data/DATASETS/CodecFake/train/F01_SSB03380253.wav,1
/data/DATASETS/CodecFake/train/F01_SSB07510146.wav,1
/data/DATASETS/CodecFake/train/F01_SSB03160400.wav,1
/data/DATASETS/CodecFake/train/F01_SSB11150337.wav,1
/data/DATASETS/CodecFake/train/F01_SSB04340335.wav,1
/data/DATASETS/CodecFake/train/F01_SSB07780277.wav,1
/data/DATASETS/CodecFake/train/F01_SSB15630382.wav,1
/data/DATASETS/CodecFake/train/F01_p246_030.wav,1
/data/DATASETS/CodecFake/train/F01_SSB07490117.wav,1
/data/DATASETS/CodecFake/train/F01_SSB02670067.wav,1
/data/DATASETS/CodecFake/train/F01_p264_462.wav,1
/data/DATASETS/CodecFake/train/F01_p360_096.wav,1
/data/DATASETS/CodecFake/train/F01_SSB13650393.wav,1
/data/DATASETS/CodecFake/train/F01_SSB07360444.wav,1
/data/DATASETS/CodecFake/train/F01_p254_190.wav,1
/data/DATASETS/CodecFake/train/F01_p281_264.wav,1
/data/DATASETS/CodecFake/train/F01_SSB11610187.wav,1
/data/DATASETS/CodecFake/train/F01_SSB11310023.wav,1
/data/DATASETS/CodecFake/train/F01_p279_338.wav,1
/data/DATASETS/CodecFake/train/F01_SSB14480265.wav,1
/data/DATASETS/CodecFake/train/F01_p278_383.wav,1
/data/DATASETS/CodecFake/train/F01_SSB17280347.wav,1
/data/DATASETS/CodecFake/train/F01_SSB12030094.wav,1
/data/DATASETS/CodecFake/train/F01_p269_010.wav,1
/data/DATASETS/CodecFake/train/F01_SSB13820256.wav,1
/data/DATASETS/CodecFake/train/F01_p286_363.wav,1
/data/DATASETS/CodecFake/train/F01_SSB02460201.wav,1
/data/DATASETS/CodecFake/train/F01_SSB03940278.wav,1
/data/DATASETS/CodecFake/train/F01_p343_267.wav,1
/data/DATASETS/CodecFake/train/F01_SSB00330200.wav,1
/data/DATASETS/CodecFake/train/F01_SSB00160016.wav,1
/data/DATASETS/CodecFake/train/F01_p234_167.wav,1
/data/DATASETS/CodecFake/train/F01_SSB15930205.wav,1
/data/DATASETS/CodecFake/train/F01_SSB18780311.wav,1
/data/DATASETS/CodecFake/train/F01_SSB19390255.wav,1
/data/DATASETS/CodecFake/train/F01_SSB10550483.wav,1
/data/DATASETS/CodecFake/train/F01_SSB12040210.wav,1
/data/DATASETS/CodecFake/train/F01_SSB03150347.wav,1
/data/DATASETS/CodecFake/train/F01_SSB11310353.wav,1
/data/DATASETS/CodecFake/train/F01_SSB11970180.wav,1
/data/DATASETS/CodecFake/train/F01_p310_012.wav,1
/data/DATASETS/CodecFake/train/F01_p257_315.wav,1
/data/DATASETS/CodecFake/train/F01_SSB18720233.wav,1
/data/DATASETS/CodecFake/train/F01_SSB05020462.wav,1
/data/DATASETS/CodecFake/train/F01_SSB02610495.wav,1
/data/DATASETS/CodecFake/train/F01_SSB05780222.wav,1
/data/DATASETS/CodecFake/train/F01_SSB19560316.wav,1
/data/DATASETS/CodecFake/train/F01_SSB09660015.wav,1
/data/DATASETS/CodecFake/train/F01_SSB07860042.wav,1
/data/DATASETS/CodecFake/train/F01_p275_193.wav,1
/data/DATASETS/CodecFake/train/F01_p245_222.wav,1
/data/DATASETS/CodecFake/train/F01_SSB04150003.wav,1
/data/DATASETS/CodecFake/train/F01_SSB07600167.wav,1
/data/DATASETS/CodecFake/train/F01_SSB05700441.wav,1
/data/DATASETS/CodecFake/train/F01_SSB05700476.wav,1
/data/DATASETS/CodecFake/train/F01_SSB03150060.wav,1
/data/DATASETS/CodecFake/train/F01_p312_393.wav,1
/data/DATASETS/CodecFake/train/F01_SSB06320195.wav,1
/data/DATASETS/CodecFake/train/F01_SSB03150266.wav,1
/data/DATASETS/CodecFake/train/F01_SSB07780439.wav,1
/data/DATASETS/CodecFake/train/F01_SSB19350057.wav,1
/data/DATASETS/CodecFake/train/F01_SSB10500041.wav,1
/data/DATASETS/CodecFake/train/F01_SSB13220299.wav,1
/data/DATASETS/CodecFake/train/F01_SSB07100430.wav,1
/data/DATASETS/CodecFake/train/F01_SSB00090482.wav,1
/data/DATASETS/CodecFake/train/F01_SSB05780360.wav,1
/data/DATASETS/CodecFake/train/F01_SSB10910002.wav,1
/data/DATASETS/CodecFake/train/F01_SSB03230241.wav,1
/data/DATASETS/CodecFake/train/F01_SSB11000088.wav,1
/data/DATASETS/CodecFake/train/F01_SSB00090058.wav,1
/data/DATASETS/CodecFake/train/F01_p231_185.wav,1
/data/DATASETS/CodecFake/train/F01_p264_451.wav,1
/data/DATASETS/CodecFake/train/F01_SSB00160306.wav,1
/data/DATASETS/CodecFake/train/F01_p276_111.wav,1
/data/DATASETS/CodecFake/train/F01_p241_240.wav,1
/data/DATASETS/CodecFake/train/F01_p334_359.wav,1
/data/DATASETS/CodecFake/train/F01_p253_310.wav,1
/data/DATASETS/CodecFake/train/F01_SSB10960129.wav,1
/data/DATASETS/CodecFake/train/F01_p254_111.wav,1
/data/DATASETS/CodecFake/train/F01_p243_296.wav,1
/data/DATASETS/CodecFake/train/F01_p339_370.wav,1
/data/DATASETS/CodecFake/train/F01_SSB16500382.wav,1
/data/DATASETS/CodecFake/train/F01_p303_256.wav,1
/data/DATASETS/CodecFake/train/F01_SSB01120029.wav,1
/data/DATASETS/CodecFake/train/F01_SSB07600064.wav,1
/data/DATASETS/CodecFake/train/F01_SSB10560255.wav,1
/data/DATASETS/CodecFake/train/F01_SSB07860394.wav,1
/data/DATASETS/CodecFake/train/F01_SSB16250442.wav,1
/data/DATASETS/CodecFake/train/F01_p250_210.wav,1
/data/DATASETS/CodecFake/train/F01_SSB15630235.wav,1
/data/DATASETS/CodecFake/train/F01_p360_224.wav,1
/data/DATASETS/CodecFake/train/F01_SSB13220371.wav,1
/data/DATASETS/CodecFake/train/F01_SSB04340451.wav,1
/data/DATASETS/CodecFake/train/F01_p230_166.wav,1
/data/DATASETS/CodecFake/train/F01_p238_262.wav,1
/data/DATASETS/CodecFake/train/F01_SSB01390450.wav,1
/data/DATASETS/CodecFake/train/F01_SSB08710350.wav,1
/data/DATASETS/CodecFake/train/F01_SSB00730081.wav,1
/data/DATASETS/CodecFake/train/F01_p255_341.wav,1
/data/DATASETS/CodecFake/train/F01_SSB07160116.wav,1
/data/DATASETS/CodecFake/train/F01_SSB07200197.wav,1
/data/DATASETS/CodecFake/train/F01_SSB09870264.wav,1
/data/DATASETS/CodecFake/train/F01_p259_376.wav,1
/data/DATASETS/CodecFake/train/F01_SSB04700206.wav,1
/data/DATASETS/CodecFake/train/F01_SSB16250415.wav,1
/data/DATASETS/CodecFake/train/F01_SSB15550105.wav,1
/data/DATASETS/CodecFake/train/F01_SSB04070438.wav,1
/data/DATASETS/CodecFake/train/F01_p245_206.wav,1
/data/DATASETS/CodecFake/train/F01_SSB00380201.wav,1
/data/DATASETS/CodecFake/train/F01_p374_093.wav,1
/data/DATASETS/CodecFake/train/F01_SSB03150128.wav,1
/data/DATASETS/CodecFake/train/F01_SSB03950469.wav,1
/data/DATASETS/CodecFake/train/F01_SSB12210408.wav,1
/data/DATASETS/CodecFake/train/F01_SSB04070408.wav,1
/data/DATASETS/CodecFake/train/F01_p293_253.wav,1
/data/DATASETS/CodecFake/train/F01_p277_162.wav,1
/data/DATASETS/CodecFake/train/F01_SSB10640239.wav,1
/data/DATASETS/CodecFake/train/F01_p252_310.wav,1
/data/DATASETS/CodecFake/train/F01_p280_346.wav,1
/data/DATASETS/CodecFake/train/F01_SSB03090154.wav,1
/data/DATASETS/CodecFake/train/F01_p228_003.wav,1
/data/DATASETS/CodecFake/train/F01_SSB10080028.wav,1
/data/DATASETS/CodecFake/train/F01_SSB05990122.wav,1
/data/DATASETS/CodecFake/train/F01_SSB14570391.wav,1
/data/DATASETS/CodecFake/train/F01_SSB09660332.wav,1
/data/DATASETS/CodecFake/train/F01_SSB08090037.wav,1
/data/DATASETS/CodecFake/train/F01_SSB10200183.wav,1
/data/DATASETS/CodecFake/train/F01_SSB07370402.wav,1
/data/DATASETS/CodecFake/train/F01_p334_400.wav,1
/data/DATASETS/CodecFake/train/F01_p285_346.wav,1
/data/DATASETS/CodecFake/train/F01_SSB16240468.wav,1
/data/DATASETS/CodecFake/train/F01_p264_168.wav,1
/data/DATASETS/CodecFake/train/F01_SSB11100329.wav,1
/data/DATASETS/CodecFake/train/F01_p232_126.wav,1
/data/DATASETS/CodecFake/train/F01_p316_141.wav,1
/data/DATASETS/CodecFake/train/F01_SSB10200017.wav,1
/data/DATASETS/CodecFake/train/F01_p263_386.wav,1
/data/DATASETS/CodecFake/train/F01_p241_066.wav,1
/data/DATASETS/CodecFake/train/F01_p363_306.wav,1
/data/DATASETS/CodecFake/train/F01_p360_126.wav,1
/data/DATASETS/CodecFake/train/F01_SSB10010269.wav,1
/data/DATASETS/CodecFake/train/F01_p284_341.wav,1
/data/DATASETS/CodecFake/train/F01_SSB05390178.wav,1
/data/DATASETS/CodecFake/train/F01_SSB19180073.wav,1
/data/DATASETS/CodecFake/train/F01_SSB04820408.wav,1
/data/DATASETS/CodecFake/train/F01_SSB10010251.wav,1
/data/DATASETS/CodecFake/train/F01_p256_286.wav,1
/data/DATASETS/CodecFake/train/F01_SSB16990439.wav,1
/data/DATASETS/CodecFake/train/F01_p345_194.wav,1
/data/DATASETS/CodecFake/train/F01_SSB10720441.wav,1
/data/DATASETS/CodecFake/train/F01_SSB07100489.wav,1
/data/DATASETS/CodecFake/train/F01_p255_150.wav,1
/data/DATASETS/CodecFake/train/F01_SSB13920088.wav,1
/data/DATASETS/CodecFake/train/F01_SSB07110318.wav,1
/data/DATASETS/CodecFake/train/F01_p283_152.wav,1
/data/DATASETS/CodecFake/train/F01_SSB11610133.wav,1
/data/DATASETS/CodecFake/train/F01_SSB14370419.wav,1
/data/DATASETS/CodecFake/train/F01_SSB03420152.wav,1
/data/DATASETS/CodecFake/train/F01_p252_292.wav,1
/data/DATASETS/CodecFake/train/F01_SSB07510398.wav,1
/data/DATASETS/CodecFake/train/F01_p278_247.wav,1
/data/DATASETS/CodecFake/train/F01_SSB02870454.wav,1
/data/DATASETS/CodecFake/train/F01_SSB12160382.wav,1
/data/DATASETS/CodecFake/train/F01_SSB18720211.wav,1
/data/DATASETS/CodecFake/train/F01_SSB03150059.wav,1
/data/DATASETS/CodecFake/train/F01_SSB13220361.wav,1
/data/DATASETS/CodecFake/train/F01_SSB12150371.wav,1
/data/DATASETS/CodecFake/train/F01_p255_325.wav,1
/data/DATASETS/CodecFake/train/F01_SSB07510139.wav,1
/data/DATASETS/CodecFake/train/F01_p362_075.wav,1
/data/DATASETS/CodecFake/train/F01_SSB03790150.wav,1
/data/DATASETS/CodecFake/train/F01_SSB09190041.wav,1
/data/DATASETS/CodecFake/train/F01_p268_359.wav,1
/data/DATASETS/CodecFake/train/F01_SSB07460200.wav,1
/data/DATASETS/CodecFake/train/F01_SSB16240500.wav,1
/data/DATASETS/CodecFake/train/F01_SSB09150295.wav,1
/data/DATASETS/CodecFake/train/F01_SSB05780279.wav,1
/data/DATASETS/CodecFake/train/F01_p225_312.wav,1
/data/DATASETS/CodecFake/train/F01_SSB10240265.wav,1
/data/DATASETS/CodecFake/train/F01_p237_317.wav,1
/data/DATASETS/CodecFake/train/F01_SSB07580432.wav,1
/data/DATASETS/CodecFake/train/F01_SSB08710384.wav,1
/data/DATASETS/CodecFake/train/F01_p351_313.wav,1
/data/DATASETS/CodecFake/train/F01_SSB03930432.wav,1
/data/DATASETS/CodecFake/train/F01_SSB05990136.wav,1
/data/DATASETS/CodecFake/train/F01_SSB02610286.wav,1
/data/DATASETS/CodecFake/train/F01_p311_092.wav,1
/data/DATASETS/CodecFake/train/F01_p277_383.wav,1
/data/DATASETS/CodecFake/train/F01_SSB15670371.wav,1
/data/DATASETS/CodecFake/train/F01_p239_360.wav,1
/data/DATASETS/CodecFake/train/F01_SSB13660309.wav,1
/data/DATASETS/CodecFake/train/F01_p363_144.wav,1
/data/DATASETS/CodecFake/train/F01_p261_027.wav,1
/data/DATASETS/CodecFake/train/F01_SSB02730090.wav,1
/data/DATASETS/CodecFake/train/F01_SSB02670081.wav,1
/data/DATASETS/CodecFake/train/F01_p286_107.wav,1
/data/DATASETS/CodecFake/train/F01_p336_392.wav,1
/data/DATASETS/CodecFake/train/F01_SSB18720148.wav,1
/data/DATASETS/CodecFake/train/F01_SSB17280134.wav,1
/data/DATASETS/CodecFake/train/F01_SSB18100013.wav,1
/data/DATASETS/CodecFake/train/F01_p284_063.wav,1
/data/DATASETS/CodecFake/train/F01_p310_194.wav,1
/data/DATASETS/CodecFake/train/F01_SSB08870234.wav,1
/data/DATASETS/CodecFake/train/F01_SSB03800352.wav,1
/data/DATASETS/CodecFake/train/F01_SSB06090038.wav,1
/data/DATASETS/CodecFake/train/F01_SSB02410173.wav,1
/data/DATASETS/CodecFake/train/F01_SSB18910228.wav,1
/data/DATASETS/CodecFake/train/F01_p253_269.wav,1
/data/DATASETS/CodecFake/train/F01_SSB04070069.wav,1
/data/DATASETS/CodecFake/train/F01_SSB03820172.wav,1
/data/DATASETS/CodecFake/train/F01_SSB16300104.wav,1
/data/DATASETS/CodecFake/train/F01_SSB06060355.wav,1
/data/DATASETS/CodecFake/train/F01_SSB03540432.wav,1
/data/DATASETS/CodecFake/train/F01_p288_181.wav,1
/data/DATASETS/CodecFake/train/F01_SSB10000258.wav,1
/data/DATASETS/CodecFake/train/F01_SSB15750172.wav,1
/data/DATASETS/CodecFake/train/F01_SSB01970078.wav,1
/data/DATASETS/CodecFake/train/F01_p330_080.wav,1
/data/DATASETS/CodecFake/train/F01_SSB17280198.wav,1
/data/DATASETS/CodecFake/train/F01_SSB10560289.wav,1
/data/DATASETS/CodecFake/train/F01_p262_109.wav,1
/data/DATASETS/CodecFake/train/F01_SSB18280285.wav,1
/data/DATASETS/CodecFake/train/F01_p239_493.wav,1
/data/DATASETS/CodecFake/train/F01_SSB05940131.wav,1
/data/DATASETS/CodecFake/train/F01_SSB15930427.wav,1
/data/DATASETS/CodecFake/train/F01_SSB06930212.wav,1
/data/DATASETS/CodecFake/train/F01_SSB12390278.wav,1
/data/DATASETS/CodecFake/train/F01_SSB05700325.wav,1
/data/DATASETS/CodecFake/train/F01_p313_334.wav,1
/data/DATASETS/CodecFake/train/F01_SSB16240417.wav,1
/data/DATASETS/CodecFake/train/F01_SSB17450021.wav,1
/data/DATASETS/CodecFake/train/F01_SSB10200357.wav,1
/data/DATASETS/CodecFake/train/F01_SSB05650390.wav,1
/data/DATASETS/CodecFake/train/F01_SSB02610097.wav,1
/data/DATASETS/CodecFake/train/F01_SSB16840081.wav,1
/data/DATASETS/CodecFake/train/F01_SSB07580311.wav,1
/data/DATASETS/CodecFake/train/F01_p299_145.wav,1
/data/DATASETS/CodecFake/train/F01_p257_067.wav,1
/data/DATASETS/CodecFake/train/F01_SSB18320423.wav,1
/data/DATASETS/CodecFake/train/F01_SSB03410502.wav,1
/data/DATASETS/CodecFake/train/F01_SSB07160205.wav,1
/data/DATASETS/CodecFake/train/F01_SSB11870112.wav,1
/data/DATASETS/CodecFake/train/F01_SSB10240421.wav,1
/data/DATASETS/CodecFake/train/F01_p241_234.wav,1
/data/DATASETS/CodecFake/train/F01_SSB01450445.wav,1
/data/DATASETS/CodecFake/train/F01_p329_415.wav,1
/data/DATASETS/CodecFake/train/F01_p263_454.wav,1
/data/DATASETS/CodecFake/train/F01_SSB13220029.wav,1
/data/DATASETS/CodecFake/train/F01_SSB03820454.wav,1
/data/DATASETS/CodecFake/train/F01_SSB16700099.wav,1
/data/DATASETS/CodecFake/train/F01_SSB08630459.wav,1
/data/DATASETS/CodecFake/train/F01_SSB07460299.wav,1
/data/DATASETS/CodecFake/train/F01_SSB02460404.wav,1
/data/DATASETS/CodecFake/train/F01_SSB07480016.wav,1
/data/DATASETS/CodecFake/train/F01_SSB05940154.wav,1
/data/DATASETS/CodecFake/train/F01_SSB07840008.wav,1
/data/DATASETS/CodecFake/train/F01_p240_370.wav,1
/data/DATASETS/CodecFake/train/F01_SSB04340094.wav,1
/data/DATASETS/CodecFake/train/F01_SSB09970138.wav,1
/data/DATASETS/CodecFake/train/F01_SSB16840243.wav,1
/data/DATASETS/CodecFake/train/F01_SSB07020334.wav,1
/data/DATASETS/CodecFake/train/F01_SSB06660408.wav,1
/data/DATASETS/CodecFake/train/F01_SSB13770213.wav,1
/data/DATASETS/CodecFake/train/F01_p231_353.wav,1
/data/DATASETS/CodecFake/train/F01_SSB05990438.wav,1
/data/DATASETS/CodecFake/train/F01_SSB04820095.wav,1
/data/DATASETS/CodecFake/train/F01_SSB05350287.wav,1
/data/DATASETS/CodecFake/train/F01_SSB18280312.wav,1
/data/DATASETS/CodecFake/train/F01_SSB02610152.wav,1
/data/DATASETS/CodecFake/train/F01_SSB12210089.wav,1
/data/DATASETS/CodecFake/train/F01_SSB02000401.wav,1
/data/DATASETS/CodecFake/train/F01_SSB16070299.wav,1
/data/DATASETS/CodecFake/train/F01_SSB03850420.wav,1
/data/DATASETS/CodecFake/train/F01_SSB07600296.wav,1
/data/DATASETS/CodecFake/train/F01_SSB07460422.wav,1
/data/DATASETS/CodecFake/train/F01_p268_320.wav,1
/data/DATASETS/CodecFake/train/F01_SSB09870424.wav,1
/data/DATASETS/CodecFake/train/F01_SSB06290276.wav,1
/data/DATASETS/CodecFake/train/F01_p312_320.wav,1
/data/DATASETS/CodecFake/train/F01_SSB08710316.wav,1
/data/DATASETS/CodecFake/train/F01_p283_314.wav,1
/data/DATASETS/CodecFake/train/F01_SSB03410450.wav,1
/data/DATASETS/CodecFake/train/F01_SSB11260379.wav,1
/data/DATASETS/CodecFake/train/F01_p360_004.wav,1
/data/DATASETS/CodecFake/train/F01_SSB03790398.wav,1
/data/DATASETS/CodecFake/train/F01_p254_352.wav,1
/data/DATASETS/CodecFake/train/F01_SSB09930452.wav,1
/data/DATASETS/CodecFake/train/F01_SSB10240015.wav,1
/data/DATASETS/CodecFake/train/F01_SSB02000216.wav,1
/data/DATASETS/CodecFake/train/F01_p246_203.wav,1
/data/DATASETS/CodecFake/train/F01_p248_362.wav,1
/data/DATASETS/CodecFake/train/F01_p283_098.wav,1
/data/DATASETS/CodecFake/train/F01_p316_102.wav,1
/data/DATASETS/CodecFake/train/F01_SSB19390357.wav,1
/data/DATASETS/CodecFake/train/F01_SSB19350329.wav,1
/data/DATASETS/CodecFake/train/F01_p307_022.wav,1
/data/DATASETS/CodecFake/train/F01_p225_305.wav,1
/data/DATASETS/CodecFake/train/F01_SSB02990102.wav,1
/data/DATASETS/CodecFake/train/F01_SSB11080204.wav,1
/data/DATASETS/CodecFake/train/F01_p305_252.wav,1
/data/DATASETS/CodecFake/train/F01_p306_173.wav,1
/data/DATASETS/CodecFake/train/F01_SSB10640014.wav,1
/data/DATASETS/CodecFake/train/F01_SSB14370450.wav,1
/data/DATASETS/CodecFake/train/F01_p305_381.wav,1
/data/DATASETS/CodecFake/train/F01_SSB03070269.wav,1
/data/DATASETS/CodecFake/train/F01_p326_321.wav,1
/data/DATASETS/CodecFake/train/F01_p295_121.wav,1
/data/DATASETS/CodecFake/train/F01_SSB07940046.wav,1
/data/DATASETS/CodecFake/train/F01_SSB06680338.wav,1
/data/DATASETS/CodecFake/train/F01_SSB11350161.wav,1
/data/DATASETS/CodecFake/train/F01_p281_365.wav,1
/data/DATASETS/CodecFake/train/F01_p251_339.wav,1
/data/DATASETS/CodecFake/train/F01_p335_347.wav,1
/data/DATASETS/CodecFake/train/F01_SSB02460210.wav,1
/data/DATASETS/CodecFake/train/F01_p300_138.wav,1
/data/DATASETS/CodecFake/train/F01_SSB05940193.wav,1
/data/DATASETS/CodecFake/train/F01_SSB00570461.wav,1
/data/DATASETS/CodecFake/train/F01_SSB15670204.wav,1
/data/DATASETS/CodecFake/train/F01_SSB07490467.wav,1
/data/DATASETS/CodecFake/train/F01_p287_415.wav,1
/data/DATASETS/CodecFake/train/F01_p374_277.wav,1
/data/DATASETS/CodecFake/train/F01_SSB07940045.wav,1
/data/DATASETS/CodecFake/train/F01_SSB00090041.wav,1
/data/DATASETS/CodecFake/train/F01_SSB07620095.wav,1
/data/DATASETS/CodecFake/train/F01_SSB12040508.wav,1
/data/DATASETS/CodecFake/train/F01_SSB04820263.wav,1
/data/DATASETS/CodecFake/train/F01_SSB06010223.wav,1
/data/DATASETS/CodecFake/train/F01_SSB07840344.wav,1
/data/DATASETS/CodecFake/train/F01_p326_389.wav,1
/data/DATASETS/CodecFake/train/F01_SSB02990479.wav,1
/data/DATASETS/CodecFake/train/F01_SSB16250400.wav,1
/data/DATASETS/CodecFake/train/F01_SSB03800353.wav,1
/data/DATASETS/CodecFake/train/F01_SSB07840398.wav,1
/data/DATASETS/CodecFake/train/F01_SSB05650114.wav,1
/data/DATASETS/CodecFake/train/F01_p306_344.wav,1
/data/DATASETS/CodecFake/train/F01_p232_192.wav,1
/data/DATASETS/CodecFake/train/F01_p250_478.wav,1
/data/DATASETS/CodecFake/train/F01_SSB06660266.wav,1
/data/DATASETS/CodecFake/train/F01_SSB13990474.wav,1
/data/DATASETS/CodecFake/train/F01_p302_079.wav,1
/data/DATASETS/CodecFake/train/F01_SSB19020205.wav,1
/data/DATASETS/CodecFake/train/F01_SSB14020041.wav,1
/data/DATASETS/CodecFake/train/F01_p239_228.wav,1
/data/DATASETS/CodecFake/train/F01_SSB03540253.wav,1
/data/DATASETS/CodecFake/train/F01_SSB00330097.wav,1
/data/DATASETS/CodecFake/train/F01_SSB00120065.wav,1
/data/DATASETS/CodecFake/train/F01_SSB06030365.wav,1
/data/DATASETS/CodecFake/train/F01_SSB06310177.wav,1
/data/DATASETS/CodecFake/train/F01_SSB03150442.wav,1
/data/DATASETS/CodecFake/train/F01_SSB00160102.wav,1
/data/DATASETS/CodecFake/train/F01_p249_054.wav,1
/data/DATASETS/CodecFake/train/F01_SSB19390118.wav,1
/data/DATASETS/CodecFake/train/F01_SSB13410243.wav,1
/data/DATASETS/CodecFake/train/F01_SSB13020424.wav,1
/data/DATASETS/CodecFake/train/F01_SSB06660209.wav,1
/data/DATASETS/CodecFake/train/F01_p299_298.wav,1
/data/DATASETS/CodecFake/train/F01_p280_112.wav,1
/data/DATASETS/CodecFake/train/F01_p265_225.wav,1
/data/DATASETS/CodecFake/train/F01_SSB18630488.wav,1
/data/DATASETS/CodecFake/train/F01_SSB13650135.wav,1
/data/DATASETS/CodecFake/train/F01_SSB07370037.wav,1
/data/DATASETS/CodecFake/train/F01_SSB05340206.wav,1
/data/DATASETS/CodecFake/train/F01_SSB00090274.wav,1
/data/DATASETS/CodecFake/train/F01_SSB07000224.wav,1
/data/DATASETS/CodecFake/train/F01_p364_098.wav,1
/data/DATASETS/CodecFake/train/F01_SSB07170125.wav,1
/data/DATASETS/CodecFake/train/F01_p330_002.wav,1
/data/DATASETS/CodecFake/train/F01_SSB02610412.wav,1
/data/DATASETS/CodecFake/train/F01_SSB03390009.wav,1
/data/DATASETS/CodecFake/train/F01_SSB11760238.wav,1
/data/DATASETS/CodecFake/train/F01_SSB18910297.wav,1
/data/DATASETS/CodecFake/train/F01_p256_064.wav,1
/data/DATASETS/CodecFake/train/F01_SSB12740093.wav,1
/data/DATASETS/CodecFake/train/F01_SSB08090473.wav,1
/data/DATASETS/CodecFake/train/F01_SSB13850077.wav,1
/data/DATASETS/CodecFake/train/F01_SSB03660245.wav,1
/data/DATASETS/CodecFake/train/F01_SSB18720204.wav,1
/data/DATASETS/CodecFake/train/F01_SSB11100464.wav,1
/data/DATASETS/CodecFake/train/F01_SSB19350442.wav,1
/data/DATASETS/CodecFake/train/F01_p305_032.wav,1
/data/DATASETS/CodecFake/train/F01_p310_412.wav,1
/data/DATASETS/CodecFake/train/F01_p268_024.wav,1
/data/DATASETS/CodecFake/train/F01_p275_113.wav,1
/data/DATASETS/CodecFake/train/F01_SSB06290085.wav,1
/data/DATASETS/CodecFake/train/F01_SSB06090374.wav,1
/data/DATASETS/CodecFake/train/F01_SSB10240014.wav,1
/data/DATASETS/CodecFake/train/F01_p254_128.wav,1
/data/DATASETS/CodecFake/train/F01_SSB03930230.wav,1
/data/DATASETS/CodecFake/train/F01_SSB07170287.wav,1
/data/DATASETS/CodecFake/train/F01_SSB11000333.wav,1
/data/DATASETS/CodecFake/train/F01_SSB06060378.wav,1
/data/DATASETS/CodecFake/train/F01_SSB12040260.wav,1
/data/DATASETS/CodecFake/train/F01_p262_041.wav,1
/data/DATASETS/CodecFake/train/F01_p241_111.wav,1
/data/DATASETS/CodecFake/train/F01_SSB03660146.wav,1
/data/DATASETS/CodecFake/train/F01_SSB19350013.wav,1
/data/DATASETS/CodecFake/train/F01_SSB03660073.wav,1
/data/DATASETS/CodecFake/train/F01_SSB07370030.wav,1
/data/DATASETS/CodecFake/train/F01_SSB02610361.wav,1
/data/DATASETS/CodecFake/train/F01_SSB19180208.wav,1
/data/DATASETS/CodecFake/train/F01_p301_157.wav,1
/data/DATASETS/CodecFake/train/F01_p298_313.wav,1
/data/DATASETS/CodecFake/train/F01_SSB07860027.wav,1
/data/DATASETS/CodecFake/train/F01_SSB09660483.wav,1
/data/DATASETS/CodecFake/train/F01_p336_346.wav,1
/data/DATASETS/CodecFake/train/F01_SSB06060329.wav,1
/data/DATASETS/CodecFake/train/F01_p280_388.wav,1
/data/DATASETS/CodecFake/train/F01_SSB10960239.wav,1
/data/DATASETS/CodecFake/train/F01_p300_360.wav,1
/data/DATASETS/CodecFake/train/F01_p267_242.wav,1
/data/DATASETS/CodecFake/train/F01_SSB06090001.wav,1
/data/DATASETS/CodecFake/train/F01_p267_415.wav,1
/data/DATASETS/CodecFake/train/F01_SSB03390226.wav,1
/data/DATASETS/CodecFake/train/F01_SSB18630440.wav,1
/data/DATASETS/CodecFake/train/F01_SSB07800033.wav,1
/data/DATASETS/CodecFake/train/F01_SSB18090392.wav,1
/data/DATASETS/CodecFake/train/F01_SSB00120289.wav,1
/data/DATASETS/CodecFake/train/F01_SSB03070076.wav,1
/data/DATASETS/CodecFake/train/F01_SSB19020431.wav,1
/data/DATASETS/CodecFake/train/F01_SSB13400438.wav,1
/data/DATASETS/CodecFake/train/F01_SSB03800122.wav,1
/data/DATASETS/CodecFake/train/F01_p270_229.wav,1
/data/DATASETS/CodecFake/train/F01_SSB05900403.wav,1
/data/DATASETS/CodecFake/train/F01_SSB15550039.wav,1
/data/DATASETS/CodecFake/train/F01_SSB12740295.wav,1
/data/DATASETS/CodecFake/train/F01_p311_224.wav,1
/data/DATASETS/CodecFake/train/F01_SSB00160308.wav,1
/data/DATASETS/CodecFake/train/F01_SSB15550049.wav,1
/data/DATASETS/CodecFake/train/F01_SSB19180120.wav,1
/data/DATASETS/CodecFake/train/F01_SSB11250257.wav,1
/data/DATASETS/CodecFake/train/F01_p270_281.wav,1
/data/DATASETS/CodecFake/train/F01_SSB06290396.wav,1
/data/DATASETS/CodecFake/train/F01_p284_054.wav,1
/data/DATASETS/CodecFake/train/F01_SSB13020116.wav,1
/data/DATASETS/CodecFake/train/F01_SSB11150482.wav,1
/data/DATASETS/CodecFake/train/F01_SSB19180213.wav,1
/data/DATASETS/CodecFake/train/F01_p303_276.wav,1
/data/DATASETS/CodecFake/train/F01_SSB07940328.wav,1
/data/DATASETS/CodecFake/train/F01_SSB06860145.wav,1
/data/DATASETS/CodecFake/train/F01_SSB15550240.wav,1
/data/DATASETS/CodecFake/train/F01_p247_453.wav,1
/data/DATASETS/CodecFake/train/F01_p363_164.wav,1
/data/DATASETS/CodecFake/train/F01_p238_288.wav,1
/data/DATASETS/CodecFake/train/F01_p231_061.wav,1
/data/DATASETS/CodecFake/train/F01_SSB03800164.wav,1
/data/DATASETS/CodecFake/train/F01_SSB00730185.wav,1
/data/DATASETS/CodecFake/train/F01_SSB00050353.wav,1
/data/DATASETS/CodecFake/train/F01_SSB06930341.wav,1
/data/DATASETS/CodecFake/train/F01_p343_316.wav,1
/data/DATASETS/CodecFake/train/F01_SSB07510403.wav,1
/data/DATASETS/CodecFake/train/F01_SSB13220226.wav,1
/data/DATASETS/CodecFake/train/F01_SSB11310502.wav,1
/data/DATASETS/CodecFake/train/F01_SSB00730326.wav,1
/data/DATASETS/CodecFake/train/F01_SSB14310384.wav,1
/data/DATASETS/CodecFake/train/F01_SSB14080448.wav,1
/data/DATASETS/CodecFake/train/F01_SSB01930103.wav,1
/data/DATASETS/CodecFake/train/F01_p279_329.wav,1
/data/DATASETS/CodecFake/train/F01_SSB19390275.wav,1
/data/DATASETS/CodecFake/train/F01_SSB02990460.wav,1
/data/DATASETS/CodecFake/train/F01_SSB03410501.wav,1
/data/DATASETS/CodecFake/train/F01_SSB08090169.wav,1
/data/DATASETS/CodecFake/train/F01_SSB18280181.wav,1
/data/DATASETS/CodecFake/train/F01_SSB16990142.wav,1
/data/DATASETS/CodecFake/train/F01_p225_166.wav,1
/data/DATASETS/CodecFake/train/F01_SSB00380110.wav,1
/data/DATASETS/CodecFake/train/F01_p323_260.wav,1
/data/DATASETS/CodecFake/train/F01_SSB05900278.wav,1
/data/DATASETS/CodecFake/train/F01_SSB06030146.wav,1
/data/DATASETS/CodecFake/train/F01_SSB07160178.wav,1
/data/DATASETS/CodecFake/train/F01_SSB00160127.wav,1
/data/DATASETS/CodecFake/train/F01_SSB11870165.wav,1
/data/DATASETS/CodecFake/train/F01_p307_241.wav,1
/data/DATASETS/CodecFake/train/F01_p313_139.wav,1
/data/DATASETS/CodecFake/train/F01_SSB13400296.wav,1
/data/DATASETS/CodecFake/train/F01_SSB08510190.wav,1
/data/DATASETS/CodecFake/train/F01_SSB08170223.wav,1
/data/DATASETS/CodecFake/train/F01_SSB06710346.wav,1
/data/DATASETS/CodecFake/train/F01_p282_098.wav,1
/data/DATASETS/CodecFake/train/F01_SSB07460163.wav,1
/data/DATASETS/CodecFake/train/F01_SSB18370320.wav,1
/data/DATASETS/CodecFake/train/F01_SSB13990234.wav,1
/data/DATASETS/CodecFake/train/F01_SSB07480147.wav,1
/data/DATASETS/CodecFake/train/F01_p232_036.wav,1
/data/DATASETS/CodecFake/train/F01_SSB13400376.wav,1
/data/DATASETS/CodecFake/train/F01_p273_127.wav,1
/data/DATASETS/CodecFake/train/F01_SSB07860230.wav,1
/data/DATASETS/CodecFake/train/F01_p316_291.wav,1
/data/DATASETS/CodecFake/train/F01_SSB17810237.wav,1
/data/DATASETS/CodecFake/train/F01_SSB03160455.wav,1
/data/DATASETS/CodecFake/train/F01_p243_269.wav,1
/data/DATASETS/CodecFake/train/F01_SSB07510231.wav,1
/data/DATASETS/CodecFake/train/F01_SSB03090038.wav,1
/data/DATASETS/CodecFake/train/F01_p362_046.wav,1
/data/DATASETS/CodecFake/train/F01_SSB02410442.wav,1
/data/DATASETS/CodecFake/train/F01_SSB10550340.wav,1
/data/DATASETS/CodecFake/train/F01_SSB16250328.wav,1
/data/DATASETS/CodecFake/train/F01_SSB00570245.wav,1
/data/DATASETS/CodecFake/train/F01_p279_386.wav,1
/data/DATASETS/CodecFake/train/F01_SSB15670359.wav,1
/data/DATASETS/CodecFake/train/F01_SSB03750299.wav,1
/data/DATASETS/CodecFake/train/F01_SSB11100069.wav,1
/data/DATASETS/CodecFake/train/F01_p279_404.wav,1
/data/DATASETS/CodecFake/train/F01_p237_289.wav,1
/data/DATASETS/CodecFake/train/F01_SSB19020429.wav,1
/data/DATASETS/CodecFake/train/F01_SSB10550286.wav,1
/data/DATASETS/CodecFake/train/F01_p283_006.wav,1
/data/DATASETS/CodecFake/train/F01_SSB04340457.wav,1
/data/DATASETS/CodecFake/train/F01_p297_044.wav,1
/data/DATASETS/CodecFake/train/F01_SSB07460268.wav,1
/data/DATASETS/CodecFake/train/F01_p240_219.wav,1
/data/DATASETS/CodecFake/train/F01_SSB05390414.wav,1
/data/DATASETS/CodecFake/train/F01_SSB07620383.wav,1
/data/DATASETS/CodecFake/train/F01_SSB12030294.wav,1
/data/DATASETS/CodecFake/train/F01_p303_195.wav,1
/data/DATASETS/CodecFake/train/F01_SSB07600133.wav,1
/data/DATASETS/CodecFake/train/F01_p277_141.wav,1
/data/DATASETS/CodecFake/train/F01_SSB01450073.wav,1
/data/DATASETS/CodecFake/train/F01_SSB17390463.wav,1
/data/DATASETS/CodecFake/train/F01_SSB11250043.wav,1
/data/DATASETS/CodecFake/train/F01_p259_346.wav,1
/data/DATASETS/CodecFake/train/F01_SSB07200131.wav,1
/data/DATASETS/CodecFake/train/F01_SSB06310268.wav,1
/data/DATASETS/CodecFake/train/F01_SSB13220337.wav,1
/data/DATASETS/CodecFake/train/F01_p323_090.wav,1
/data/DATASETS/CodecFake/train/F01_p314_123.wav,1
/data/DATASETS/CodecFake/train/F01_SSB09870484.wav,1
/data/DATASETS/CodecFake/train/F01_p272_382.wav,1
/data/DATASETS/CodecFake/train/F01_SSB18720351.wav,1
/data/DATASETS/CodecFake/train/F01_SSB04260144.wav,1
/data/DATASETS/CodecFake/train/F01_SSB04340310.wav,1
/data/DATASETS/CodecFake/train/F01_SSB06030215.wav,1
/data/DATASETS/CodecFake/train/F01_SSB08220139.wav,1
/data/DATASETS/CodecFake/train/F01_SSB06230452.wav,1
/data/DATASETS/CodecFake/train/F01_p279_332.wav,1
/data/DATASETS/CodecFake/train/F01_p252_342.wav,1
/data/DATASETS/CodecFake/train/F01_SSB09150296.wav,1
/data/DATASETS/CodecFake/train/F01_p360_411.wav,1
/data/DATASETS/CodecFake/train/F01_SSB00330052.wav,1
/data/DATASETS/CodecFake/train/F01_SSB00180040.wav,1
/data/DATASETS/CodecFake/train/F01_SSB06680205.wav,1
/data/DATASETS/CodecFake/train/F01_p323_200.wav,1
/data/DATASETS/CodecFake/train/F01_p279_162.wav,1
/data/DATASETS/CodecFake/train/F01_p313_060.wav,1
/data/DATASETS/CodecFake/train/F01_p306_087.wav,1
/data/DATASETS/CodecFake/train/F01_SSB06320044.wav,1
/data/DATASETS/CodecFake/train/F01_SSB01930379.wav,1
/data/DATASETS/CodecFake/train/F01_SSB03790309.wav,1
/data/DATASETS/CodecFake/train/F01_SSB07360356.wav,1
/data/DATASETS/CodecFake/train/F01_SSB07000142.wav,1
/data/DATASETS/CodecFake/train/F01_SSB03800094.wav,1
/data/DATASETS/CodecFake/train/F01_SSB11260220.wav,1
/data/DATASETS/CodecFake/train/F01_SSB03930158.wav,1
/data/DATASETS/CodecFake/train/F01_SSB05390153.wav,1
/data/DATASETS/CodecFake/train/F01_SSB15930385.wav,1
/data/DATASETS/CodecFake/train/F01_p307_097.wav,1
/data/DATASETS/CodecFake/train/F01_SSB01970278.wav,1
/data/DATASETS/CodecFake/train/F01_p305_186.wav,1
/data/DATASETS/CodecFake/train/F01_SSB11150134.wav,1
/data/DATASETS/CodecFake/train/F01_p255_297.wav,1
/data/DATASETS/CodecFake/train/F01_p265_174.wav,1
/data/DATASETS/CodecFake/train/F01_SSB01490437.wav,1
/data/DATASETS/CodecFake/train/F01_SSB11250321.wav,1
/data/DATASETS/CodecFake/train/F01_p330_014.wav,1
/data/DATASETS/CodecFake/train/F01_p260_356.wav,1
/data/DATASETS/CodecFake/train/F01_p303_186.wav,1
/data/DATASETS/CodecFake/train/F01_SSB18060474.wav,1
/data/DATASETS/CodecFake/train/F01_p271_191.wav,1
/data/DATASETS/CodecFake/train/F01_SSB02410369.wav,1
/data/DATASETS/CodecFake/train/F01_SSB15850020.wav,1
/data/DATASETS/CodecFake/train/F01_p264_231.wav,1
/data/DATASETS/CodecFake/train/F01_SSB00570420.wav,1
/data/DATASETS/CodecFake/train/F01_SSB01330272.wav,1
/data/DATASETS/CodecFake/train/F01_SSB07510330.wav,1
/data/DATASETS/CodecFake/train/F01_p274_125.wav,1
/data/DATASETS/CodecFake/train/F01_p264_077.wav,1
/data/DATASETS/CodecFake/train/F01_p250_444.wav,1
/data/DATASETS/CodecFake/train/F01_p270_459.wav,1
/data/DATASETS/CodecFake/train/F01_p302_165.wav,1
/data/DATASETS/CodecFake/train/F01_p283_323.wav,1
/data/DATASETS/CodecFake/train/F01_SSB00570195.wav,1
/data/DATASETS/CodecFake/train/F01_SSB13280170.wav,1
/data/DATASETS/CodecFake/train/F01_p307_082.wav,1
/data/DATASETS/CodecFake/train/F01_SSB18910388.wav,1
/data/DATASETS/CodecFake/train/F01_SSB04350174.wav,1
/data/DATASETS/CodecFake/train/F01_SSB05780492.wav,1
/data/DATASETS/CodecFake/train/F01_p347_265.wav,1
/data/DATASETS/CodecFake/train/F01_SSB16860356.wav,1
/data/DATASETS/CodecFake/train/F01_SSB17110429.wav,1
/data/DATASETS/CodecFake/train/F01_p305_049.wav,1
/data/DATASETS/CodecFake/train/F01_p266_300.wav,1
/data/DATASETS/CodecFake/train/F01_p262_149.wav,1
/data/DATASETS/CodecFake/train/F01_p231_265.wav,1
/data/DATASETS/CodecFake/train/F01_p233_107.wav,1
/data/DATASETS/CodecFake/train/F01_p363_374.wav,1
/data/DATASETS/CodecFake/train/F01_SSB12160354.wav,1
/data/DATASETS/CodecFake/train/F01_p335_217.wav,1
/data/DATASETS/CodecFake/train/F01_SSB13220348.wav,1
/data/DATASETS/CodecFake/train/F01_SSB09130221.wav,1
/data/DATASETS/CodecFake/train/F01_SSB11150186.wav,1
/data/DATASETS/CodecFake/train/F01_SSB00380126.wav,1
/data/DATASETS/CodecFake/train/F01_SSB06680126.wav,1
/data/DATASETS/CodecFake/train/F01_SSB10240419.wav,1
/data/DATASETS/CodecFake/train/F01_p298_152.wav,1
/data/DATASETS/CodecFake/train/F01_SSB06230400.wav,1
/data/DATASETS/CodecFake/train/F01_SSB06860026.wav,1
/data/DATASETS/CodecFake/train/F01_SSB10560450.wav,1
/data/DATASETS/CodecFake/train/F01_p278_267.wav,1
/data/DATASETS/CodecFake/train/F01_p304_227.wav,1
/data/DATASETS/CodecFake/train/F01_SSB07110480.wav,1
/data/DATASETS/CodecFake/train/F01_p301_325.wav,1
/data/DATASETS/CodecFake/train/F01_SSB02610230.wav,1
/data/DATASETS/CodecFake/train/F01_SSB07600156.wav,1
/data/DATASETS/CodecFake/train/F01_SSB12740156.wav,1
/data/DATASETS/CodecFake/train/F01_SSB03790427.wav,1
/data/DATASETS/CodecFake/train/F01_SSB07490170.wav,1
/data/DATASETS/CodecFake/train/F01_SSB19350309.wav,1
/data/DATASETS/CodecFake/train/F01_p376_037.wav,1
/data/DATASETS/CodecFake/train/F01_p362_037.wav,1
/data/DATASETS/CodecFake/train/F01_SSB14370042.wav,1
/data/DATASETS/CodecFake/train/F01_SSB05780260.wav,1
/data/DATASETS/CodecFake/train/F01_SSB05700143.wav,1
/data/DATASETS/CodecFake/train/F01_SSB07230436.wav,1
/data/DATASETS/CodecFake/train/F01_p236_447.wav,1
/data/DATASETS/CodecFake/train/F01_SSB04270457.wav,1
/data/DATASETS/CodecFake/train/F01_SSB17390210.wav,1
/data/DATASETS/CodecFake/train/F01_p263_404.wav,1
/data/DATASETS/CodecFake/train/F01_p258_117.wav,1
/data/DATASETS/CodecFake/train/F01_SSB02870416.wav,1
/data/DATASETS/CodecFake/train/F01_p308_091.wav,1
/data/DATASETS/CodecFake/train/F01_SSB13770068.wav,1
/data/DATASETS/CodecFake/train/F01_SSB04350077.wav,1
/data/DATASETS/CodecFake/train/F01_SSB02870228.wav,1
/data/DATASETS/CodecFake/train/F01_p257_060.wav,1
/data/DATASETS/CodecFake/train/F01_SSB03420388.wav,1
/data/DATASETS/CodecFake/train/F01_SSB03230341.wav,1
/data/DATASETS/CodecFake/train/F01_SSB06710383.wav,1
/data/DATASETS/CodecFake/train/F01_p307_378.wav,1
/data/DATASETS/CodecFake/train/F01_p297_328.wav,1
/data/DATASETS/CodecFake/train/F01_SSB10960440.wav,1
/data/DATASETS/CodecFake/train/F01_p362_132.wav,1
/data/DATASETS/CodecFake/train/F01_p257_221.wav,1
/data/DATASETS/CodecFake/train/F01_p258_392.wav,1
/data/DATASETS/CodecFake/train/F01_SSB12180402.wav,1
/data/DATASETS/CodecFake/train/F01_SSB04350250.wav,1
/data/DATASETS/CodecFake/train/F01_SSB07360180.wav,1
/data/DATASETS/CodecFake/train/F01_SSB00090138.wav,1
/data/DATASETS/CodecFake/train/F01_SSB07110219.wav,1
/data/DATASETS/CodecFake/train/F01_SSB03820412.wav,1
/data/DATASETS/CodecFake/train/F01_SSB18060227.wav,1
/data/DATASETS/CodecFake/train/F01_p236_442.wav,1
/data/DATASETS/CodecFake/train/F01_SSB09190388.wav,1
/data/DATASETS/CodecFake/train/F01_p247_215.wav,1
/data/DATASETS/CodecFake/train/F01_SSB04340359.wav,1
/data/DATASETS/CodecFake/train/F01_p262_050.wav,1
/data/DATASETS/CodecFake/train/F01_SSB11250423.wav,1
/data/DATASETS/CodecFake/train/F01_SSB07230409.wav,1
/data/DATASETS/CodecFake/train/F01_SSB09150388.wav,1
/data/DATASETS/CodecFake/train/F01_SSB00110027.wav,1
/data/DATASETS/CodecFake/train/F01_p281_312.wav,1
/data/DATASETS/CodecFake/train/F01_SSB05900148.wav,1
/data/DATASETS/CodecFake/train/F01_SSB10200359.wav,1
/data/DATASETS/CodecFake/train/F01_SSB00090073.wav,1
/data/DATASETS/CodecFake/train/F01_SSB11350119.wav,1
/data/DATASETS/CodecFake/train/F01_p262_053.wav,1
/data/DATASETS/CodecFake/train/F01_SSB15750006.wav,1
/data/DATASETS/CodecFake/train/F01_SSB06030179.wav,1
/data/DATASETS/CodecFake/train/F01_p323_235.wav,1
/data/DATASETS/CodecFake/train/F01_p323_287.wav,1
/data/DATASETS/CodecFake/train/F01_SSB05650283.wav,1
/data/DATASETS/CodecFake/train/F01_p246_201.wav,1
/data/DATASETS/CodecFake/train/F01_SSB16250349.wav,1
/data/DATASETS/CodecFake/train/F01_SSB18370300.wav,1
/data/DATASETS/CodecFake/train/F01_p266_084.wav,1
/data/DATASETS/CodecFake/train/F01_SSB05440438.wav,1
/data/DATASETS/CodecFake/train/F01_SSB16240149.wav,1
/data/DATASETS/CodecFake/train/F01_SSB16840277.wav,1
/data/DATASETS/CodecFake/train/F01_SSB03160461.wav,1
/data/DATASETS/CodecFake/train/F01_SSB10010467.wav,1
/data/DATASETS/CodecFake/train/F01_SSB06060103.wav,1
/data/DATASETS/CodecFake/train/F01_SSB13660469.wav,1
/data/DATASETS/CodecFake/train/F01_SSB00380015.wav,1
/data/DATASETS/CodecFake/train/F01_SSB06230194.wav,1
/data/DATASETS/CodecFake/train/F01_p260_171.wav,1
/data/DATASETS/CodecFake/train/F01_SSB07620318.wav,1
/data/DATASETS/CodecFake/train/F01_p323_239.wav,1
/data/DATASETS/CodecFake/train/F01_p360_330.wav,1
/data/DATASETS/CodecFake/train/F01_p351_125.wav,1
/data/DATASETS/CodecFake/train/F01_SSB13820247.wav,1
/data/DATASETS/CodecFake/train/F01_SSB06680492.wav,1
/data/DATASETS/CodecFake/train/F01_SSB04350119.wav,1
/data/DATASETS/CodecFake/train/F01_SSB11000255.wav,1
/data/DATASETS/CodecFake/train/F01_p364_104.wav,1
/data/DATASETS/CodecFake/train/F01_SSB01120409.wav,1
/data/DATASETS/CodecFake/train/F01_SSB12740475.wav,1
/data/DATASETS/CodecFake/train/F01_SSB03380485.wav,1
/data/DATASETS/CodecFake/train/F01_p313_299.wav,1
/data/DATASETS/CodecFake/train/F01_SSB00570273.wav,1
/data/DATASETS/CodecFake/train/F01_SSB11000394.wav,1
/data/DATASETS/CodecFake/train/F01_p264_101.wav,1
/data/DATASETS/CodecFake/train/F01_p340_065.wav,1
/data/DATASETS/CodecFake/train/F01_SSB07020080.wav,1
/data/DATASETS/CodecFake/train/F01_p230_180.wav,1
/data/DATASETS/CodecFake/train/F01_SSB10500061.wav,1
/data/DATASETS/CodecFake/train/F01_SSB03540317.wav,1
/data/DATASETS/CodecFake/train/F01_p339_084.wav,1
/data/DATASETS/CodecFake/train/F01_p307_294.wav,1
/data/DATASETS/CodecFake/train/F01_SSB07100385.wav,1
/data/DATASETS/CodecFake/train/F01_p270_209.wav,1
/data/DATASETS/CodecFake/train/F01_p238_033.wav,1
/data/DATASETS/CodecFake/train/F01_SSB09870062.wav,1
/data/DATASETS/CodecFake/train/F01_p233_307.wav,1
/data/DATASETS/CodecFake/train/F01_p306_202.wav,1
/data/DATASETS/CodecFake/train/F01_p241_229.wav,1
/data/DATASETS/CodecFake/train/F01_p334_386.wav,1
/data/DATASETS/CodecFake/train/F01_p305_268.wav,1
/data/DATASETS/CodecFake/train/F01_SSB02410146.wav,1
/data/DATASETS/CodecFake/train/F01_p231_313.wav,1
/data/DATASETS/CodecFake/train/F01_SSB12030477.wav,1
/data/DATASETS/CodecFake/train/F01_SSB13660190.wav,1
/data/DATASETS/CodecFake/train/F01_p294_084.wav,1
/data/DATASETS/CodecFake/train/F01_SSB05990172.wav,1
/data/DATASETS/CodecFake/train/F01_SSB05990301.wav,1
/data/DATASETS/CodecFake/train/F01_SSB11250028.wav,1
/data/DATASETS/CodecFake/train/F01_SSB03930454.wav,1
/data/DATASETS/CodecFake/train/F01_p225_287.wav,1
/data/DATASETS/CodecFake/train/F01_SSB15670311.wav,1
/data/DATASETS/CodecFake/train/F01_SSB16240195.wav,1
/data/DATASETS/CodecFake/train/F01_p288_405.wav,1
/data/DATASETS/CodecFake/train/F01_p292_333.wav,1
/data/DATASETS/CodecFake/train/F01_p306_304.wav,1
/data/DATASETS/CodecFake/train/F01_SSB16240207.wav,1
/data/DATASETS/CodecFake/train/F01_SSB06030013.wav,1
/data/DATASETS/CodecFake/train/F01_SSB05940162.wav,1
/data/DATASETS/CodecFake/train/F01_p362_337.wav,1
/data/DATASETS/CodecFake/train/F01_SSB16500455.wav,1
/data/DATASETS/CodecFake/train/F01_SSB01120282.wav,1
/data/DATASETS/CodecFake/train/F01_SSB11080080.wav,1
/data/DATASETS/CodecFake/train/F01_SSB13820289.wav,1
/data/DATASETS/CodecFake/train/F01_SSB02670484.wav,1
/data/DATASETS/CodecFake/train/F01_SSB12150287.wav,1
/data/DATASETS/CodecFake/train/F01_SSB09350317.wav,1
/data/DATASETS/CodecFake/train/F01_SSB06090156.wav,1
/data/DATASETS/CodecFake/train/F01_SSB18310430.wav,1
/data/DATASETS/CodecFake/train/F01_SSB03420229.wav,1
/data/DATASETS/CodecFake/train/F01_SSB07780351.wav,1
/data/DATASETS/CodecFake/train/F01_SSB11870512.wav,1
/data/DATASETS/CodecFake/train/F01_SSB07110053.wav,1
/data/DATASETS/CodecFake/train/F01_SSB17810319.wav,1
/data/DATASETS/CodecFake/train/F01_p256_015.wav,1
/data/DATASETS/CodecFake/train/F01_SSB07370507.wav,1
/data/DATASETS/CodecFake/train/F01_SSB15850435.wav,1
/data/DATASETS/CodecFake/train/F01_SSB00570233.wav,1
/data/DATASETS/CodecFake/train/F01_p267_184.wav,1
/data/DATASETS/CodecFake/train/F01_p267_190.wav,1
/data/DATASETS/CodecFake/train/F01_SSB12190152.wav,1
/data/DATASETS/CodecFake/train/F01_SSB06140440.wav,1
/data/DATASETS/CodecFake/train/F01_SSB09870496.wav,1
/data/DATASETS/CodecFake/train/F01_p274_322.wav,1
/data/DATASETS/CodecFake/train/F01_SSB12390274.wav,1
/data/DATASETS/CodecFake/train/F01_SSB17110246.wav,1
/data/DATASETS/CodecFake/train/F01_p273_073.wav,1
/data/DATASETS/CodecFake/train/F01_p228_175.wav,1
/data/DATASETS/CodecFake/train/F01_SSB07490419.wav,1
/data/DATASETS/CodecFake/train/F01_p316_352.wav,1
/data/DATASETS/CodecFake/train/F01_p263_182.wav,1
/data/DATASETS/CodecFake/train/F01_SSB04070410.wav,1
/data/DATASETS/CodecFake/train/F01_p260_096.wav,1
/data/DATASETS/CodecFake/train/F01_SSB09970352.wav,1
/data/DATASETS/CodecFake/train/F01_SSB09930052.wav,1
/data/DATASETS/CodecFake/train/F01_p374_007.wav,1
/data/DATASETS/CodecFake/train/F01_SSB07860142.wav,1
/data/DATASETS/CodecFake/train/F01_SSB15930491.wav,1
/data/DATASETS/CodecFake/train/F01_SSB01930127.wav,1
/data/DATASETS/CodecFake/train/F01_SSB16700024.wav,1
/data/DATASETS/CodecFake/train/F01_SSB09660051.wav,1
/data/DATASETS/CodecFake/train/F01_p294_379.wav,1
/data/DATASETS/CodecFake/train/F01_p283_067.wav,1
/data/DATASETS/CodecFake/train/F01_SSB15750230.wav,1
/data/DATASETS/CodecFake/train/F01_SSB05780212.wav,1
/data/DATASETS/CodecFake/train/F01_p272_079.wav,1
/data/DATASETS/CodecFake/train/F01_SSB00110336.wav,1
/data/DATASETS/CodecFake/train/F01_p264_465.wav,1
/data/DATASETS/CodecFake/train/F01_SSB01930482.wav,1
/data/DATASETS/CodecFake/train/F01_SSB06710448.wav,1
/data/DATASETS/CodecFake/train/F01_SSB13400172.wav,1
/data/DATASETS/CodecFake/train/F01_SSB06710297.wav,1
/data/DATASETS/CodecFake/train/F01_p279_363.wav,1
/data/DATASETS/CodecFake/train/F01_SSB16240147.wav,1
/data/DATASETS/CodecFake/train/F01_SSB06290142.wav,1
/data/DATASETS/CodecFake/train/F01_p347_412.wav,1
/data/DATASETS/CodecFake/train/F01_SSB05340376.wav,1
/data/DATASETS/CodecFake/train/F01_p323_167.wav,1
/data/DATASETS/CodecFake/train/F01_SSB04070030.wav,1
/data/DATASETS/CodecFake/train/F01_SSB07940178.wav,1
/data/DATASETS/CodecFake/train/F01_SSB15670093.wav,1
/data/DATASETS/CodecFake/train/F01_SSB09350026.wav,1
/data/DATASETS/CodecFake/train/F01_SSB13220135.wav,1
/data/DATASETS/CodecFake/train/F01_SSB18630417.wav,1
/data/DATASETS/CodecFake/train/F01_p278_187.wav,1
/data/DATASETS/CodecFake/train/F01_SSB06660099.wav,1
/data/DATASETS/CodecFake/train/F01_SSB06030191.wav,1
/data/DATASETS/CodecFake/train/F01_p310_190.wav,1
/data/DATASETS/CodecFake/train/F01_SSB06310365.wav,1
/data/DATASETS/CodecFake/train/F01_SSB07370431.wav,1
/data/DATASETS/CodecFake/train/F01_p257_368.wav,1
/data/DATASETS/CodecFake/train/F01_SSB05650388.wav,1
/data/DATASETS/CodecFake/train/F01_SSB03930223.wav,1
/data/DATASETS/CodecFake/train/F01_p236_275.wav,1
/data/DATASETS/CodecFake/train/F01_p232_252.wav,1
/data/DATASETS/CodecFake/train/F01_p292_027.wav,1
/data/DATASETS/CodecFake/train/F01_SSB10720219.wav,1
/data/DATASETS/CodecFake/train/F01_SSB07460345.wav,1
/data/DATASETS/CodecFake/train/F01_SSB03070175.wav,1
/data/DATASETS/CodecFake/train/F01_p340_093.wav,1
/data/DATASETS/CodecFake/train/F01_SSB01450088.wav,1
/data/DATASETS/CodecFake/train/F01_SSB07600155.wav,1
/data/DATASETS/CodecFake/train/F01_p287_382.wav,1
/data/DATASETS/CodecFake/train/F01_SSB06070219.wav,1
/data/DATASETS/CodecFake/train/F01_SSB06320303.wav,1
/data/DATASETS/CodecFake/train/F01_SSB06930142.wav,1
/data/DATASETS/CodecFake/train/F01_SSB03750178.wav,1
/data/DATASETS/CodecFake/train/F01_p280_387.wav,1
/data/DATASETS/CodecFake/train/F01_SSB06070442.wav,1
/data/DATASETS/CodecFake/train/F01_p298_379.wav,1
/data/DATASETS/CodecFake/train/F01_SSB07170201.wav,1
/data/DATASETS/CodecFake/train/F01_SSB13410218.wav,1
/data/DATASETS/CodecFake/train/F01_SSB06090422.wav,1
/data/DATASETS/CodecFake/train/F01_SSB18630196.wav,1
/data/DATASETS/CodecFake/train/F01_SSB05880017.wav,1
/data/DATASETS/CodecFake/train/F01_p230_327.wav,1
/data/DATASETS/CodecFake/train/F01_SSB06310361.wav,1
/data/DATASETS/CodecFake/train/F01_p308_168.wav,1
/data/DATASETS/CodecFake/train/F01_SSB14370303.wav,1
/data/DATASETS/CodecFake/train/F01_SSB03820179.wav,1
/data/DATASETS/CodecFake/train/F01_SSB18910249.wav,1
/data/DATASETS/CodecFake/train/F01_SSB03800135.wav,1
/data/DATASETS/CodecFake/train/F01_SSB13820406.wav,1
/data/DATASETS/CodecFake/train/F01_SSB11310361.wav,1
/data/DATASETS/CodecFake/train/F01_SSB11000338.wav,1
/data/DATASETS/CodecFake/train/F01_p244_187.wav,1
/data/DATASETS/CodecFake/train/F01_p273_188.wav,1
/data/DATASETS/CodecFake/train/F01_SSB03230074.wav,1
/data/DATASETS/CodecFake/train/F01_SSB10240271.wav,1
/data/DATASETS/CodecFake/train/F01_SSB01120450.wav,1
/data/DATASETS/CodecFake/train/F01_p363_258.wav,1
/data/DATASETS/CodecFake/train/F01_SSB02880464.wav,1
/data/DATASETS/CodecFake/train/F01_SSB03160397.wav,1
/data/DATASETS/CodecFake/train/F01_SSB04270236.wav,1
/data/DATASETS/CodecFake/train/F01_SSB03850415.wav,1
/data/DATASETS/CodecFake/train/F01_SSB19390050.wav,1
/data/DATASETS/CodecFake/train/F01_SSB11380156.wav,1
/data/DATASETS/CodecFake/train/F01_p301_010.wav,1
/data/DATASETS/CodecFake/train/F01_SSB03230245.wav,1
/data/DATASETS/CodecFake/train/F01_SSB10910429.wav,1
/data/DATASETS/CodecFake/train/F01_p295_387.wav,1
/data/DATASETS/CodecFake/train/F01_SSB07160108.wav,1
/data/DATASETS/CodecFake/train/F01_SSB13650170.wav,1
/data/DATASETS/CodecFake/train/F01_SSB15630444.wav,1
/data/DATASETS/CodecFake/train/F01_p287_104.wav,1
/data/DATASETS/CodecFake/train/F01_p269_384.wav,1
/data/DATASETS/CodecFake/train/F01_SSB11100198.wav,1
/data/DATASETS/CodecFake/train/F01_p304_134.wav,1
/data/DATASETS/CodecFake/train/F01_SSB10560116.wav,1
/data/DATASETS/CodecFake/train/F01_SSB03150275.wav,1
/data/DATASETS/CodecFake/train/F01_p275_324.wav,1
/data/DATASETS/CodecFake/train/F01_p261_255.wav,1
/data/DATASETS/CodecFake/train/F01_SSB00570036.wav,1
/data/DATASETS/CodecFake/train/F01_SSB06030186.wav,1
/data/DATASETS/CodecFake/train/F01_p301_311.wav,1
/data/DATASETS/CodecFake/train/F01_SSB09870061.wav,1
/data/DATASETS/CodecFake/train/F01_p273_330.wav,1
/data/DATASETS/CodecFake/train/F01_p300_299.wav,1
/data/DATASETS/CodecFake/train/F01_SSB13400014.wav,1
/data/DATASETS/CodecFake/train/F01_SSB00090310.wav,1
/data/DATASETS/CodecFake/train/F01_SSB16840430.wav,1
/data/DATASETS/CodecFake/train/F01_SSB10720498.wav,1
/data/DATASETS/CodecFake/train/F01_SSB19560030.wav,1
/data/DATASETS/CodecFake/train/F01_SSB03540103.wav,1
/data/DATASETS/CodecFake/train/F01_SSB02870217.wav,1
/data/DATASETS/CodecFake/train/F01_SSB07510430.wav,1
/data/DATASETS/CodecFake/train/F01_SSB18320222.wav,1
/data/DATASETS/CodecFake/train/F01_SSB18630099.wav,1
/data/DATASETS/CodecFake/train/F01_SSB03930341.wav,1
/data/DATASETS/CodecFake/train/F01_SSB07170440.wav,1
/data/DATASETS/CodecFake/train/F01_p302_143.wav,1
/data/DATASETS/CodecFake/train/F01_SSB06930283.wav,1
/data/DATASETS/CodecFake/train/F01_SSB18060057.wav,1
/data/DATASETS/CodecFake/train/F01_p298_259.wav,1
/data/DATASETS/CodecFake/train/F01_SSB08710084.wav,1
/data/DATASETS/CodecFake/train/F01_SSB04700339.wav,1
/data/DATASETS/CodecFake/train/F01_SSB00180130.wav,1
/data/DATASETS/CodecFake/train/F01_SSB07510307.wav,1
/data/DATASETS/CodecFake/train/F01_p336_237.wav,1
/data/DATASETS/CodecFake/train/F01_p305_387.wav,1
/data/DATASETS/CodecFake/train/F01_SSB04700122.wav,1
/data/DATASETS/CodecFake/train/F01_p250_428.wav,1
/data/DATASETS/CodecFake/train/F01_SSB14480393.wav,1
/data/DATASETS/CodecFake/train/F01_SSB07020198.wav,1
/data/DATASETS/CodecFake/train/F01_SSB16240040.wav,1
/data/DATASETS/CodecFake/train/F01_p313_312.wav,1
/data/DATASETS/CodecFake/train/F01_SSB09190468.wav,1
/data/DATASETS/CodecFake/train/F01_SSB10080213.wav,1
/data/DATASETS/CodecFake/train/F01_SSB18320138.wav,1
/data/DATASETS/CodecFake/train/F01_SSB01220164.wav,1
/data/DATASETS/CodecFake/train/F01_SSB03160391.wav,1
/data/DATASETS/CodecFake/train/F01_p271_157.wav,1
/data/DATASETS/CodecFake/train/F01_p340_326.wav,1
/data/DATASETS/CodecFake/train/F01_SSB01490071.wav,1
/data/DATASETS/CodecFake/train/F01_SSB00430263.wav,1
/data/DATASETS/CodecFake/train/F01_SSB13020265.wav,1
/data/DATASETS/CodecFake/train/F01_p262_001.wav,1
/data/DATASETS/CodecFake/train/F01_SSB13850089.wav,1
/data/DATASETS/CodecFake/train/F01_p374_339.wav,1
/data/DATASETS/CodecFake/train/F01_SSB11250403.wav,1
/data/DATASETS/CodecFake/train/F01_SSB19350363.wav,1
/data/DATASETS/CodecFake/train/F01_SSB06230171.wav,1
/data/DATASETS/CodecFake/train/F01_p257_188.wav,1
/data/DATASETS/CodecFake/train/F01_SSB05650371.wav,1
/data/DATASETS/CodecFake/train/F01_p241_021.wav,1
/data/DATASETS/CodecFake/train/F01_SSB00430099.wav,1
/data/DATASETS/CodecFake/train/F01_SSB12180182.wav,1
/data/DATASETS/CodecFake/train/F01_SSB10020349.wav,1
/data/DATASETS/CodecFake/train/F01_SSB06680344.wav,1
/data/DATASETS/CodecFake/train/F01_SSB09660350.wav,1
/data/DATASETS/CodecFake/train/F01_p333_124.wav,1
/data/DATASETS/CodecFake/train/F01_p263_072.wav,1
/data/DATASETS/CodecFake/train/F01_SSB03160395.wav,1
/data/DATASETS/CodecFake/train/F01_SSB05020293.wav,1
/data/DATASETS/CodecFake/train/F01_p253_297.wav,1
/data/DATASETS/CodecFake/train/F01_SSB15750367.wav,1
/data/DATASETS/CodecFake/train/F01_p264_063.wav,1
/data/DATASETS/CodecFake/train/F01_SSB17390131.wav,1
/data/DATASETS/CodecFake/train/F01_SSB07020184.wav,1
/data/DATASETS/CodecFake/train/F01_SSB03820024.wav,1
/data/DATASETS/CodecFake/train/F01_p271_285.wav,1
/data/DATASETS/CodecFake/train/F01_SSB18720302.wav,1
/data/DATASETS/CodecFake/train/F01_p336_326.wav,1
/data/DATASETS/CodecFake/train/F01_SSB19180228.wav,1
/data/DATASETS/CodecFake/train/F01_p292_227.wav,1
/data/DATASETS/CodecFake/train/F01_SSB01390386.wav,1
/data/DATASETS/CodecFake/train/F01_SSB10080313.wav,1
/data/DATASETS/CodecFake/train/F01_SSB04350481.wav,1
/data/DATASETS/CodecFake/train/F01_SSB03820131.wav,1
/data/DATASETS/CodecFake/train/F01_SSB08630462.wav,1
/data/DATASETS/CodecFake/train/F01_SSB18100217.wav,1
/data/DATASETS/CodecFake/train/F01_SSB06010260.wav,1
/data/DATASETS/CodecFake/train/F01_SSB07020352.wav,1
/data/DATASETS/CodecFake/train/F01_SSB06090259.wav,1
/data/DATASETS/CodecFake/train/F01_p248_209.wav,1
/data/DATASETS/CodecFake/train/F01_SSB09870177.wav,1
/data/DATASETS/CodecFake/train/F01_p255_042.wav,1
/data/DATASETS/CodecFake/train/F01_SSB05990056.wav,1
/data/DATASETS/CodecFake/train/F01_p345_151.wav,1
/data/DATASETS/CodecFake/train/F01_SSB03420134.wav,1
/data/DATASETS/CodecFake/train/F01_SSB07780402.wav,1
/data/DATASETS/CodecFake/train/F01_SSB15670178.wav,1
/data/DATASETS/CodecFake/train/F01_SSB00090115.wav,1
/data/DATASETS/CodecFake/train/F01_SSB00160199.wav,1
/data/DATASETS/CodecFake/train/F01_p234_295.wav,1
/data/DATASETS/CodecFake/train/F01_SSB11380232.wav,1
/data/DATASETS/CodecFake/train/F01_p270_377.wav,1
/data/DATASETS/CodecFake/train/F01_SSB07800118.wav,1
/data/DATASETS/CodecFake/train/F01_p329_152.wav,1
/data/DATASETS/CodecFake/train/F01_SSB18370414.wav,1
/data/DATASETS/CodecFake/train/F01_p241_235.wav,1
/data/DATASETS/CodecFake/train/F01_SSB09870309.wav,1
/data/DATASETS/CodecFake/train/F01_SSB11000294.wav,1
/data/DATASETS/CodecFake/train/F01_SSB06930268.wav,1
/data/DATASETS/CodecFake/train/F01_SSB07100159.wav,1
/data/DATASETS/CodecFake/train/F01_p316_285.wav,1
/data/DATASETS/CodecFake/train/F01_SSB07370476.wav,1
/data/DATASETS/CodecFake/train/F01_SSB17110049.wav,1
/data/DATASETS/CodecFake/train/F01_p374_177.wav,1
/data/DATASETS/CodecFake/train/F01_p229_140.wav,1
/data/DATASETS/CodecFake/train/F01_SSB07490503.wav,1
/data/DATASETS/CodecFake/train/F01_p228_048.wav,1
/data/DATASETS/CodecFake/train/F01_SSB11610059.wav,1
/data/DATASETS/CodecFake/train/F01_SSB10500427.wav,1
/data/DATASETS/CodecFake/train/F01_SSB06060332.wav,1
/data/DATASETS/CodecFake/train/F01_p288_201.wav,1
/data/DATASETS/CodecFake/train/F01_SSB07800337.wav,1
/data/DATASETS/CodecFake/train/F01_p341_077.wav,1
/data/DATASETS/CodecFake/train/F01_SSB02610046.wav,1
/data/DATASETS/CodecFake/train/F01_SSB02410226.wav,1
/data/DATASETS/CodecFake/train/F01_p279_297.wav,1
/data/DATASETS/CodecFake/train/F01_SSB10640456.wav,1
/data/DATASETS/CodecFake/train/F01_SSB03150325.wav,1
/data/DATASETS/CodecFake/train/F01_SSB10000176.wav,1
/data/DATASETS/CodecFake/train/F01_SSB11310266.wav,1
/data/DATASETS/CodecFake/train/F01_SSB03160149.wav,1
/data/DATASETS/CodecFake/train/F01_SSB02610319.wav,1
/data/DATASETS/CodecFake/train/F01_p316_089.wav,1
/data/DATASETS/CodecFake/train/F01_SSB03410284.wav,1
/data/DATASETS/CodecFake/train/F01_SSB18910034.wav,1
/data/DATASETS/CodecFake/train/F01_SSB10000364.wav,1
/data/DATASETS/CodecFake/train/F01_p340_081.wav,1
/data/DATASETS/CodecFake/train/F01_p323_415.wav,1
/data/DATASETS/CodecFake/train/F01_SSB01120279.wav,1
/data/DATASETS/CodecFake/train/F01_SSB09130023.wav,1
/data/DATASETS/CodecFake/train/F01_SSB15670470.wav,1
/data/DATASETS/CodecFake/train/F01_p263_248.wav,1
/data/DATASETS/CodecFake/train/F01_p297_176.wav,1
/data/DATASETS/CodecFake/train/F01_p304_337.wav,1
/data/DATASETS/CodecFake/train/F01_SSB07490346.wav,1
/data/DATASETS/CodecFake/train/F01_SSB11250170.wav,1
/data/DATASETS/CodecFake/train/F01_SSB00330469.wav,1
/data/DATASETS/CodecFake/train/F01_p260_256.wav,1
/data/DATASETS/CodecFake/train/F01_SSB02610065.wav,1
/data/DATASETS/CodecFake/train/F01_SSB07370207.wav,1
/data/DATASETS/CodecFake/train/F01_p263_003.wav,1
/data/DATASETS/CodecFake/train/F01_SSB02990391.wav,1
/data/DATASETS/CodecFake/train/F01_p364_264.wav,1
/data/DATASETS/CodecFake/train/F01_p244_230.wav,1
/data/DATASETS/CodecFake/train/F01_p312_408.wav,1
/data/DATASETS/CodecFake/train/F01_SSB06660042.wav,1
/data/DATASETS/CodecFake/train/F01_SSB02610403.wav,1
/data/DATASETS/CodecFake/train/F01_SSB07360012.wav,1
/data/DATASETS/CodecFake/train/F01_p256_071.wav,1
/data/DATASETS/CodecFake/train/F01_SSB02410103.wav,1
/data/DATASETS/CodecFake/train/F01_p280_359.wav,1
/data/DATASETS/CodecFake/train/F01_p285_334.wav,1
/data/DATASETS/CodecFake/train/F01_SSB11610426.wav,1
/data/DATASETS/CodecFake/train/F01_p297_368.wav,1
/data/DATASETS/CodecFake/train/F01_SSB11380191.wav,1
/data/DATASETS/CodecFake/train/F01_SSB07490307.wav,1
/data/DATASETS/CodecFake/train/F01_p297_315.wav,1
/data/DATASETS/CodecFake/train/F01_SSB19390441.wav,1
/data/DATASETS/CodecFake/train/F01_SSB16500238.wav,1
/data/DATASETS/CodecFake/train/F01_SSB03940390.wav,1
/data/DATASETS/CodecFake/train/F01_SSB13200347.wav,1
/data/DATASETS/CodecFake/train/F01_SSB06070055.wav,1
/data/DATASETS/CodecFake/train/F01_p236_015.wav,1
/data/DATASETS/CodecFake/train/F01_p247_441.wav,1
/data/DATASETS/CodecFake/train/F01_SSB10960411.wav,1
/data/DATASETS/CodecFake/train/F01_SSB06090170.wav,1
/data/DATASETS/CodecFake/train/F01_p316_307.wav,1
/data/DATASETS/CodecFake/train/F01_SSB05880427.wav,1
/data/DATASETS/CodecFake/train/F01_SSB15930019.wav,1
/data/DATASETS/CodecFake/train/F01_p284_346.wav,1
/data/DATASETS/CodecFake/train/F01_SSB00090353.wav,1
/data/DATASETS/CodecFake/train/F01_SSB10910372.wav,1
/data/DATASETS/CodecFake/train/F01_p272_146.wav,1
/data/DATASETS/CodecFake/train/F01_SSB07460179.wav,1
/data/DATASETS/CodecFake/train/F01_p343_108.wav,1
/data/DATASETS/CodecFake/train/F01_p262_069.wav,1
/data/DATASETS/CodecFake/train/F01_p248_099.wav,1
/data/DATASETS/CodecFake/train/F01_SSB03150017.wav,1
/data/DATASETS/CodecFake/train/F01_p264_074.wav,1
/data/DATASETS/CodecFake/train/F01_SSB00050058.wav,1
/data/DATASETS/CodecFake/train/F01_p315_359.wav,1
/data/DATASETS/CodecFake/train/F01_SSB03540376.wav,1
/data/DATASETS/CodecFake/train/F01_p231_435.wav,1
/data/DATASETS/CodecFake/train/F01_p230_390.wav,1
/data/DATASETS/CodecFake/train/F01_SSB12160005.wav,1
/data/DATASETS/CodecFake/train/F01_SSB07510174.wav,1
/data/DATASETS/CodecFake/train/F01_p316_103.wav,1
/data/DATASETS/CodecFake/train/F01_SSB05390056.wav,1
/data/DATASETS/CodecFake/train/F01_SSB06010001.wav,1
/data/DATASETS/CodecFake/train/F01_SSB04070498.wav,1
/data/DATASETS/CodecFake/train/F01_p257_431.wav,1
/data/DATASETS/CodecFake/train/F01_SSB16840041.wav,1
/data/DATASETS/CodecFake/train/F01_p361_290.wav,1
/data/DATASETS/CodecFake/train/F01_p326_227.wav,1
/data/DATASETS/CodecFake/train/F01_p278_242.wav,1
/data/DATASETS/CodecFake/train/F01_SSB10200375.wav,1
/data/DATASETS/CodecFake/train/F01_SSB15930314.wav,1
/data/DATASETS/CodecFake/train/F01_SSB03660431.wav,1
/data/DATASETS/CodecFake/train/F01_SSB18780107.wav,1
/data/DATASETS/CodecFake/train/F01_SSB02460393.wav,1
/data/DATASETS/CodecFake/train/F01_SSB18090136.wav,1
/data/DATASETS/CodecFake/train/F01_SSB03800424.wav,1
/data/DATASETS/CodecFake/train/F01_p299_365.wav,1
/data/DATASETS/CodecFake/train/F01_SSB16070170.wav,1
/data/DATASETS/CodecFake/train/F01_SSB16700422.wav,1
/data/DATASETS/CodecFake/train/F01_p314_192.wav,1
/data/DATASETS/CodecFake/train/F01_SSB04350172.wav,1
/data/DATASETS/CodecFake/train/F01_SSB07860309.wav,1
/data/DATASETS/CodecFake/train/F01_SSB03930235.wav,1
/data/DATASETS/CodecFake/train/F01_SSB07460086.wav,1
/data/DATASETS/CodecFake/train/F01_SSB07580283.wav,1
/data/DATASETS/CodecFake/train/F01_p314_047.wav,1
/data/DATASETS/CodecFake/train/F01_SSB18630031.wav,1
/data/DATASETS/CodecFake/train/F01_SSB09350220.wav,1
/data/DATASETS/CodecFake/train/F01_p249_268.wav,1
/data/DATASETS/CodecFake/train/F01_p361_423.wav,1
/data/DATASETS/CodecFake/train/F01_SSB07860032.wav,1
/data/DATASETS/CodecFake/train/F01_SSB04340151.wav,1
/data/DATASETS/CodecFake/train/F01_SSB03790330.wav,1
/data/DATASETS/CodecFake/train/F01_p374_285.wav,1
/data/DATASETS/CodecFake/train/F01_SSB06070281.wav,1
/data/DATASETS/CodecFake/train/F01_SSB05900440.wav,1
/data/DATASETS/CodecFake/train/F01_p273_115.wav,1
/data/DATASETS/CodecFake/train/F01_SSB03070288.wav,1
/data/DATASETS/CodecFake/train/F01_SSB03160251.wav,1
/data/DATASETS/CodecFake/train/F01_SSB08510326.wav,1
/data/DATASETS/CodecFake/train/F01_SSB06710330.wav,1
/data/DATASETS/CodecFake/train/F01_p334_412.wav,1
/data/DATASETS/CodecFake/train/F01_SSB06860462.wav,1
/data/DATASETS/CodecFake/train/F01_p298_178.wav,1
/data/DATASETS/CodecFake/train/F01_p306_176.wav,1
/data/DATASETS/CodecFake/train/F01_SSB03930014.wav,1
/data/DATASETS/CodecFake/train/F01_SSB18780044.wav,1
/data/DATASETS/CodecFake/train/F01_SSB10560007.wav,1
/data/DATASETS/CodecFake/train/F01_SSB17390412.wav,1
/data/DATASETS/CodecFake/train/F01_SSB05940219.wav,1
/data/DATASETS/CodecFake/train/F01_SSB04700229.wav,1
/data/DATASETS/CodecFake/train/F01_SSB12530013.wav,1
/data/DATASETS/CodecFake/train/F01_SSB05880387.wav,1
/data/DATASETS/CodecFake/train/F01_p250_033.wav,1
/data/DATASETS/CodecFake/train/F01_SSB17110129.wav,1
/data/DATASETS/CodecFake/train/F01_SSB11250265.wav,1
/data/DATASETS/CodecFake/train/F01_SSB07110371.wav,1
/data/DATASETS/CodecFake/train/F01_SSB09930167.wav,1
/data/DATASETS/CodecFake/train/F01_SSB19560400.wav,1
/data/DATASETS/CodecFake/train/F01_p300_207.wav,1
/data/DATASETS/CodecFake/train/F01_SSB10020100.wav,1
/data/DATASETS/CodecFake/train/F01_SSB06660235.wav,1
/data/DATASETS/CodecFake/train/F01_SSB11610475.wav,1
/data/DATASETS/CodecFake/train/F01_SSB03850334.wav,1
/data/DATASETS/CodecFake/train/F01_SSB02460065.wav,1
/data/DATASETS/CodecFake/train/F01_SSB03750194.wav,1
/data/DATASETS/CodecFake/train/F01_p283_269.wav,1
/data/DATASETS/CodecFake/train/F01_SSB07510381.wav,1
/data/DATASETS/CodecFake/train/F01_p230_368.wav,1
/data/DATASETS/CodecFake/train/F01_SSB07940477.wav,1
/data/DATASETS/CodecFake/train/F01_SSB06030485.wav,1
/data/DATASETS/CodecFake/train/F01_SSB13410010.wav,1
/data/DATASETS/CodecFake/train/F01_SSB17810008.wav,1
/data/DATASETS/CodecFake/train/F01_SSB01450155.wav,1
/data/DATASETS/CodecFake/train/F01_p234_270.wav,1
/data/DATASETS/CodecFake/train/F01_p236_354.wav,1
/data/DATASETS/CodecFake/train/F01_SSB11000167.wav,1
/data/DATASETS/CodecFake/train/F01_SSB17450136.wav,1
/data/DATASETS/CodecFake/train/F01_SSB06680056.wav,1
/data/DATASETS/CodecFake/train/F01_p295_373.wav,1
/data/DATASETS/CodecFake/train/F01_p294_024.wav,1
/data/DATASETS/CodecFake/train/F01_p288_056.wav,1
/data/DATASETS/CodecFake/train/F01_SSB07460120.wav,1
/data/DATASETS/CodecFake/train/F01_SSB12190477.wav,1
/data/DATASETS/CodecFake/train/F01_p227_118.wav,1
/data/DATASETS/CodecFake/train/F01_SSB10640459.wav,1
/data/DATASETS/CodecFake/train/F01_SSB01330376.wav,1
/data/DATASETS/CodecFake/train/F01_SSB05940342.wav,1
/data/DATASETS/CodecFake/train/F01_SSB03540157.wav,1
/data/DATASETS/CodecFake/train/F01_p262_042.wav,1
/data/DATASETS/CodecFake/train/F01_p240_377.wav,1
/data/DATASETS/CodecFake/train/F01_SSB19350471.wav,1
/data/DATASETS/CodecFake/train/F01_p374_027.wav,1
/data/DATASETS/CodecFake/train/F01_p280_056.wav,1
/data/DATASETS/CodecFake/train/F01_SSB10720380.wav,1
/data/DATASETS/CodecFake/train/F01_p249_052.wav,1
/data/DATASETS/CodecFake/train/F01_SSB05700433.wav,1
/data/DATASETS/CodecFake/train/F01_SSB18460362.wav,1
/data/DATASETS/CodecFake/train/F01_SSB04260198.wav,1
/data/DATASETS/CodecFake/train/F01_SSB18630274.wav,1
/data/DATASETS/CodecFake/train/F01_SSB16500347.wav,1
/data/DATASETS/CodecFake/train/F01_SSB13020174.wav,1
/data/DATASETS/CodecFake/train/F01_p336_029.wav,1
/data/DATASETS/CodecFake/train/F01_p234_171.wav,1
/data/DATASETS/CodecFake/train/F01_SSB04820125.wav,1
/data/DATASETS/CodecFake/train/F01_SSB01450452.wav,1
/data/DATASETS/CodecFake/train/F01_SSB04340050.wav,1
/data/DATASETS/CodecFake/train/F01_p339_104.wav,1
/data/DATASETS/CodecFake/train/F01_p310_316.wav,1
/data/DATASETS/CodecFake/train/F01_SSB15630033.wav,1
/data/DATASETS/CodecFake/train/F01_SSB13660253.wav,1
/data/DATASETS/CodecFake/train/F01_SSB07490417.wav,1
/data/DATASETS/CodecFake/train/F01_p238_198.wav,1
/data/DATASETS/CodecFake/train/F01_SSB05390264.wav,1
/data/DATASETS/CodecFake/train/F01_SSB06710341.wav,1
/data/DATASETS/CodecFake/train/F01_SSB00330305.wav,1
/data/DATASETS/CodecFake/train/F01_p261_360.wav,1
/data/DATASETS/CodecFake/train/F01_SSB07020502.wav,1
/data/DATASETS/CodecFake/train/F01_SSB13820367.wav,1
/data/DATASETS/CodecFake/train/F01_SSB02670007.wav,1
/data/DATASETS/CodecFake/train/F01_SSB18280140.wav,1
/data/DATASETS/CodecFake/train/F01_p260_162.wav,1
/data/DATASETS/CodecFake/train/F01_p298_131.wav,1
/data/DATASETS/CodecFake/train/F01_SSB14370143.wav,1
/data/DATASETS/CodecFake/train/F01_SSB05350455.wav,1
/data/DATASETS/CodecFake/train/F01_p227_218.wav,1
/data/DATASETS/CodecFake/train/F01_SSB01450164.wav,1
/data/DATASETS/CodecFake/train/F01_SSB10550377.wav,1
/data/DATASETS/CodecFake/train/F01_p252_218.wav,1
/data/DATASETS/CodecFake/train/F01_SSB07940460.wav,1
/data/DATASETS/CodecFake/train/F01_p240_275.wav,1
/data/DATASETS/CodecFake/train/F01_SSB03230111.wav,1
/data/DATASETS/CodecFake/train/F01_p287_310.wav,1
/data/DATASETS/CodecFake/train/F01_SSB03540486.wav,1
/data/DATASETS/CodecFake/train/F01_SSB00730275.wav,1
/data/DATASETS/CodecFake/train/F01_p279_341.wav,1
/data/DATASETS/CodecFake/train/F01_SSB02000303.wav,1
/data/DATASETS/CodecFake/train/F01_SSB16700098.wav,1
/data/DATASETS/CodecFake/train/F01_SSB11150093.wav,1
/data/DATASETS/CodecFake/train/F01_SSB04340302.wav,1
/data/DATASETS/CodecFake/train/F01_SSB03420207.wav,1
/data/DATASETS/CodecFake/train/F01_SSB04070306.wav,1
/data/DATASETS/CodecFake/train/F01_p229_265.wav,1
/data/DATASETS/CodecFake/train/F01_SSB10020318.wav,1
/data/DATASETS/CodecFake/train/F01_SSB07000354.wav,1
/data/DATASETS/CodecFake/train/F01_p300_260.wav,1
/data/DATASETS/CodecFake/train/F01_SSB07780240.wav,1
/data/DATASETS/CodecFake/train/F01_SSB14480197.wav,1
/data/DATASETS/CodecFake/train/F01_SSB03820083.wav,1
/data/DATASETS/CodecFake/train/F01_SSB02460359.wav,1
/data/DATASETS/CodecFake/train/F01_SSB01450032.wav,1
/data/DATASETS/CodecFake/train/F01_SSB07200266.wav,1
/data/DATASETS/CodecFake/train/F01_p311_287.wav,1
/data/DATASETS/CodecFake/train/F01_SSB07620364.wav,1
/data/DATASETS/CodecFake/train/F01_SSB03850394.wav,1
/data/DATASETS/CodecFake/train/F01_SSB07580346.wav,1
/data/DATASETS/CodecFake/train/F01_p263_388.wav,1
/data/DATASETS/CodecFake/train/F01_p376_257.wav,1
/data/DATASETS/CodecFake/train/F01_SSB03410153.wav,1
/data/DATASETS/CodecFake/train/F01_SSB05340049.wav,1
/data/DATASETS/CodecFake/train/F01_SSB07020163.wav,1
/data/DATASETS/CodecFake/train/F01_SSB18910285.wav,1
/data/DATASETS/CodecFake/train/F01_SSB04820257.wav,1
/data/DATASETS/CodecFake/train/F01_SSB05390485.wav,1
/data/DATASETS/CodecFake/train/F01_SSB19180016.wav,1
/data/DATASETS/CodecFake/train/F01_SSB10080093.wav,1
/data/DATASETS/CodecFake/train/F01_p316_134.wav,1
/data/DATASETS/CodecFake/train/F01_SSB18780392.wav,1
/data/DATASETS/CodecFake/train/F01_p347_181.wav,1
/data/DATASETS/CodecFake/train/F01_SSB15850124.wav,1
/data/DATASETS/CodecFake/train/F01_SSB19180435.wav,1
/data/DATASETS/CodecFake/train/F01_SSB11350194.wav,1
/data/DATASETS/CodecFake/train/F01_SSB02990188.wav,1
/data/DATASETS/CodecFake/train/F01_SSB10550021.wav,1
/data/DATASETS/CodecFake/train/F01_p273_080.wav,1
/data/DATASETS/CodecFake/train/F01_p292_404.wav,1
/data/DATASETS/CodecFake/train/F01_SSB06070094.wav,1
/data/DATASETS/CodecFake/train/F01_SSB13280407.wav,1
/data/DATASETS/CodecFake/train/F01_p274_156.wav,1
/data/DATASETS/CodecFake/train/F01_SSB06290380.wav,1
/data/DATASETS/CodecFake/train/F01_p278_104.wav,1
/data/DATASETS/CodecFake/train/F01_p255_209.wav,1
/data/DATASETS/CodecFake/train/F01_p232_116.wav,1
/data/DATASETS/CodecFake/train/F01_SSB13820432.wav,1
/data/DATASETS/CodecFake/train/F01_p336_060.wav,1
/data/DATASETS/CodecFake/train/F01_SSB11760054.wav,1
/data/DATASETS/CodecFake/train/F01_SSB09350411.wav,1
/data/DATASETS/CodecFake/train/F01_p241_362.wav,1
/data/DATASETS/CodecFake/train/F01_p228_290.wav,1
/data/DATASETS/CodecFake/train/F01_SSB11870280.wav,1
/data/DATASETS/CodecFake/train/F01_SSB05700474.wav,1
/data/DATASETS/CodecFake/train/F01_SSB17450426.wav,1
/data/DATASETS/CodecFake/train/F01_p238_408.wav,1
/data/DATASETS/CodecFake/train/F01_SSB17390391.wav,1
/data/DATASETS/CodecFake/train/F01_SSB11250228.wav,1
/data/DATASETS/CodecFake/train/F01_p264_366.wav,1
/data/DATASETS/CodecFake/train/F01_SSB09190245.wav,1
/data/DATASETS/CodecFake/train/F01_p311_020.wav,1
/data/DATASETS/CodecFake/train/F01_p234_006.wav,1
/data/DATASETS/CodecFake/train/F01_SSB16300434.wav,1
/data/DATASETS/CodecFake/train/F01_SSB04820255.wav,1
/data/DATASETS/CodecFake/train/F01_SSB00160253.wav,1
/data/DATASETS/CodecFake/train/F01_p263_170.wav,1
/data/DATASETS/CodecFake/train/F01_p314_103.wav,1
/data/DATASETS/CodecFake/train/F01_p347_173.wav,1
/data/DATASETS/CodecFake/train/F01_SSB03750432.wav,1
/data/DATASETS/CodecFake/train/F01_SSB07600499.wav,1
/data/DATASETS/CodecFake/train/F01_SSB12150070.wav,1
/data/DATASETS/CodecFake/train/F01_SSB00160409.wav,1
/data/DATASETS/CodecFake/train/F01_SSB19350128.wav,1
/data/DATASETS/CodecFake/train/F01_p248_170.wav,1
/data/DATASETS/CodecFake/train/F01_SSB10010081.wav,1
/data/DATASETS/CodecFake/train/F01_p268_138.wav,1
/data/DATASETS/CodecFake/train/F01_SSB02610371.wav,1
/data/DATASETS/CodecFake/train/F01_SSB15750281.wav,1
/data/DATASETS/CodecFake/train/F01_SSB05440333.wav,1
/data/DATASETS/CodecFake/train/F01_p376_074.wav,1
/data/DATASETS/CodecFake/train/F01_SSB08630481.wav,1
/data/DATASETS/CodecFake/train/F01_SSB11610308.wav,1
/data/DATASETS/CodecFake/train/F01_SSB03820091.wav,1
/data/DATASETS/CodecFake/train/F01_SSB02000430.wav,1
/data/DATASETS/CodecFake/train/F01_SSB05650415.wav,1
/data/DATASETS/CodecFake/train/F01_p301_389.wav,1
/data/DATASETS/CodecFake/train/F01_p279_292.wav,1
/data/DATASETS/CodecFake/train/F01_SSB08170118.wav,1
/data/DATASETS/CodecFake/train/F01_SSB07230274.wav,1
/data/DATASETS/CodecFake/train/F01_SSB18100176.wav,1
/data/DATASETS/CodecFake/train/F01_SSB13920200.wav,1
/data/DATASETS/CodecFake/train/F01_SSB18090228.wav,1
/data/DATASETS/CodecFake/train/F01_SSB07940478.wav,1
/data/DATASETS/CodecFake/train/F01_p280_207.wav,1
/data/DATASETS/CodecFake/train/F01_SSB07490338.wav,1
/data/DATASETS/CodecFake/train/F01_SSB00120156.wav,1
/data/DATASETS/CodecFake/train/F01_p360_290.wav,1
/data/DATASETS/CodecFake/train/F01_p263_023.wav,1
/data/DATASETS/CodecFake/train/F01_p277_306.wav,1
/data/DATASETS/CodecFake/train/F01_SSB16250403.wav,1
/data/DATASETS/CodecFake/train/F01_p330_156.wav,1
/data/DATASETS/CodecFake/train/F01_SSB18090006.wav,1
/data/DATASETS/CodecFake/train/F01_SSB06070160.wav,1
/data/DATASETS/CodecFake/train/F01_SSB03790009.wav,1
/data/DATASETS/CodecFake/train/F01_SSB06070486.wav,1
/data/DATASETS/CodecFake/train/F01_SSB06070093.wav,1
/data/DATASETS/CodecFake/train/F01_SSB13020425.wav,1
/data/DATASETS/CodecFake/train/F01_SSB06230019.wav,1
/data/DATASETS/CodecFake/train/F01_SSB00160448.wav,1
/data/DATASETS/CodecFake/train/F01_p293_220.wav,1
/data/DATASETS/CodecFake/train/F01_SSB07600037.wav,1
/data/DATASETS/CodecFake/train/F01_p299_316.wav,1
/data/DATASETS/CodecFake/train/F01_p316_243.wav,1
/data/DATASETS/CodecFake/train/F01_SSB00430352.wav,1
/data/DATASETS/CodecFake/train/F01_p310_165.wav,1
/data/DATASETS/CodecFake/train/F01_p287_216.wav,1
/data/DATASETS/CodecFake/train/F01_p262_289.wav,1
/data/DATASETS/CodecFake/train/F01_SSB07800477.wav,1
/data/DATASETS/CodecFake/train/F01_p238_251.wav,1
/data/DATASETS/CodecFake/train/F01_SSB18280123.wav,1
/data/DATASETS/CodecFake/train/F01_SSB03420091.wav,1
/data/DATASETS/CodecFake/train/F01_p236_323.wav,1
/data/DATASETS/CodecFake/train/F01_SSB07230449.wav,1
/data/DATASETS/CodecFake/train/F01_SSB05440214.wav,1
/data/DATASETS/CodecFake/train/F01_SSB16990240.wav,1
/data/DATASETS/CodecFake/train/F01_p273_400.wav,1
/data/DATASETS/CodecFake/train/F01_SSB03160247.wav,1
/data/DATASETS/CodecFake/train/F01_p265_074.wav,1
/data/DATASETS/CodecFake/train/F01_SSB00110250.wav,1
/data/DATASETS/CodecFake/train/F01_SSB02880246.wav,1
/data/DATASETS/CodecFake/train/F01_p288_275.wav,1
/data/DATASETS/CodecFake/train/F01_p334_078.wav,1
/data/DATASETS/CodecFake/train/F01_SSB06070151.wav,1
/data/DATASETS/CodecFake/train/F01_SSB17590309.wav,1
/data/DATASETS/CodecFake/train/F01_p256_246.wav,1
/data/DATASETS/CodecFake/train/F01_p255_226.wav,1
/data/DATASETS/CodecFake/train/F01_p248_323.wav,1
/data/DATASETS/CodecFake/train/F01_SSB11100480.wav,1
/data/DATASETS/CodecFake/train/F01_SSB13220168.wav,1
/data/DATASETS/CodecFake/train/F01_p259_152.wav,1
/data/DATASETS/CodecFake/train/F01_SSB06030455.wav,1
/data/DATASETS/CodecFake/train/F01_p234_133.wav,1
/data/DATASETS/CodecFake/train/F01_p312_097.wav,1
/data/DATASETS/CodecFake/train/F01_p288_355.wav,1
/data/DATASETS/CodecFake/train/F01_p236_094.wav,1
/data/DATASETS/CodecFake/train/F01_SSB02880359.wav,1
/data/DATASETS/CodecFake/train/F01_SSB06090054.wav,1
/data/DATASETS/CodecFake/train/F01_SSB15550065.wav,1
/data/DATASETS/CodecFake/train/F01_p280_169.wav,1
/data/DATASETS/CodecFake/train/F01_SSB03850120.wav,1
/data/DATASETS/CodecFake/train/F01_p283_090.wav,1
/data/DATASETS/CodecFake/train/F01_SSB11100393.wav,1
/data/DATASETS/CodecFake/train/F01_SSB07840059.wav,1
/data/DATASETS/CodecFake/train/F01_SSB01930325.wav,1
/data/DATASETS/CodecFake/train/F01_SSB06310469.wav,1
/data/DATASETS/CodecFake/train/F01_p230_372.wav,1
/data/DATASETS/CodecFake/train/F01_SSB02610170.wav,1
/data/DATASETS/CodecFake/train/F01_p360_153.wav,1
/data/DATASETS/CodecFake/train/F01_SSB07860057.wav,1
/data/DATASETS/CodecFake/train/F01_p250_126.wav,1
/data/DATASETS/CodecFake/train/F01_p243_086.wav,1
/data/DATASETS/CodecFake/train/F01_p361_220.wav,1
/data/DATASETS/CodecFake/train/F01_SSB03540095.wav,1
/data/DATASETS/CodecFake/train/F01_p311_125.wav,1
/data/DATASETS/CodecFake/train/F01_SSB03800233.wav,1
/data/DATASETS/CodecFake/train/F01_p257_121.wav,1
/data/DATASETS/CodecFake/train/F01_SSB19390381.wav,1
/data/DATASETS/CodecFake/train/F01_SSB03160064.wav,1
/data/DATASETS/CodecFake/train/F01_p274_150.wav,1
/data/DATASETS/CodecFake/train/F01_p310_273.wav,1
/data/DATASETS/CodecFake/train/F01_SSB08510064.wav,1
/data/DATASETS/CodecFake/train/F01_SSB01490433.wav,1
/data/DATASETS/CodecFake/train/F01_p301_192.wav,1
/data/DATASETS/CodecFake/train/F01_SSB10640243.wav,1
/data/DATASETS/CodecFake/train/F01_SSB13990199.wav,1
/data/DATASETS/CodecFake/train/F01_SSB07800470.wav,1
/data/DATASETS/CodecFake/train/F01_SSB03850199.wav,1
/data/DATASETS/CodecFake/train/F01_SSB01120357.wav,1
/data/DATASETS/CodecFake/train/F01_p307_002.wav,1
/data/DATASETS/CodecFake/train/F01_p274_316.wav,1
/data/DATASETS/CodecFake/train/F01_SSB02610444.wav,1
/data/DATASETS/CodecFake/train/F01_SSB03380499.wav,1
/data/DATASETS/CodecFake/train/F01_SSB01120075.wav,1
/data/DATASETS/CodecFake/train/F01_SSB07360010.wav,1
/data/DATASETS/CodecFake/train/F01_SSB16500178.wav,1
/data/DATASETS/CodecFake/train/F01_p230_298.wav,1
/data/DATASETS/CodecFake/train/F01_SSB19560003.wav,1
/data/DATASETS/CodecFake/train/F01_SSB04070216.wav,1
/data/DATASETS/CodecFake/train/F01_p266_237.wav,1
/data/DATASETS/CodecFake/train/F01_p261_392.wav,1
/data/DATASETS/CodecFake/train/F01_SSB07860003.wav,1
/data/DATASETS/CodecFake/train/F01_SSB19560344.wav,1
/data/DATASETS/CodecFake/train/F01_SSB03540370.wav,1
/data/DATASETS/CodecFake/train/F01_SSB07370197.wav,1
/data/DATASETS/CodecFake/train/F01_p329_231.wav,1
/data/DATASETS/CodecFake/train/F01_SSB15630013.wav,1
/data/DATASETS/CodecFake/train/F01_SSB07860260.wav,1
/data/DATASETS/CodecFake/train/F01_SSB06060181.wav,1
/data/DATASETS/CodecFake/train/F01_SSB14080191.wav,1
/data/DATASETS/CodecFake/train/F01_SSB11870263.wav,1
/data/DATASETS/CodecFake/train/F01_p267_011.wav,1
/data/DATASETS/CodecFake/train/F01_p262_391.wav,1
/data/DATASETS/CodecFake/train/F01_SSB12190100.wav,1
/data/DATASETS/CodecFake/train/F01_SSB02000244.wav,1
/data/DATASETS/CodecFake/train/F01_p281_340.wav,1
/data/DATASETS/CodecFake/train/F01_p266_339.wav,1
/data/DATASETS/CodecFake/train/F01_SSB02460131.wav,1
/data/DATASETS/CodecFake/train/F01_p250_163.wav,1
/data/DATASETS/CodecFake/train/F01_SSB09970326.wav,1
/data/DATASETS/CodecFake/train/F01_SSB05390340.wav,1
/data/DATASETS/CodecFake/train/F01_SSB05880357.wav,1
/data/DATASETS/CodecFake/train/F01_p278_058.wav,1
/data/DATASETS/CodecFake/train/F01_SSB03800382.wav,1
/data/DATASETS/CodecFake/train/F01_p283_233.wav,1
/data/DATASETS/CodecFake/train/F01_SSB13830348.wav,1
/data/DATASETS/CodecFake/train/F01_p317_357.wav,1
/data/DATASETS/CodecFake/train/F01_SSB00180379.wav,1
/data/DATASETS/CodecFake/train/F01_SSB11100043.wav,1
/data/DATASETS/CodecFake/train/F01_SSB11350049.wav,1
/data/DATASETS/CodecFake/train/F01_SSB07160312.wav,1
/data/DATASETS/CodecFake/train/F01_SSB07200228.wav,1
/data/DATASETS/CodecFake/train/F01_SSB05650064.wav,1
/data/DATASETS/CodecFake/train/F01_p259_178.wav,1
/data/DATASETS/CodecFake/train/F01_SSB00110436.wav,1
/data/DATASETS/CodecFake/train/F01_SSB05700374.wav,1
/data/DATASETS/CodecFake/train/F01_p361_228.wav,1
/data/DATASETS/CodecFake/train/F01_p302_021.wav,1
/data/DATASETS/CodecFake/train/F01_p275_404.wav,1
/data/DATASETS/CodecFake/train/F01_SSB03420051.wav,1
/data/DATASETS/CodecFake/train/F01_p234_161.wav,1
/data/DATASETS/CodecFake/train/F01_SSB05340461.wav,1
/data/DATASETS/CodecFake/train/F01_SSB11380490.wav,1
/data/DATASETS/CodecFake/train/F01_SSB07370054.wav,1
/data/DATASETS/CodecFake/train/F01_SSB17390470.wav,1
/data/DATASETS/CodecFake/train/F01_SSB16500015.wav,1
/data/DATASETS/CodecFake/train/F01_p311_011.wav,1
/data/DATASETS/CodecFake/train/F01_SSB04820206.wav,1
/data/DATASETS/CodecFake/train/F01_p232_354.wav,1
/data/DATASETS/CodecFake/train/F01_SSB06230037.wav,1
/data/DATASETS/CodecFake/train/F01_SSB07860149.wav,1
/data/DATASETS/CodecFake/train/F01_p302_002.wav,1
/data/DATASETS/CodecFake/train/F01_p281_073.wav,1
/data/DATASETS/CodecFake/train/F01_p284_022.wav,1
/data/DATASETS/CodecFake/train/F01_p258_197.wav,1
/data/DATASETS/CodecFake/train/F01_SSB12530404.wav,1
/data/DATASETS/CodecFake/train/F01_SSB14520447.wav,1
/data/DATASETS/CodecFake/train/F01_SSB18280311.wav,1
/data/DATASETS/CodecFake/train/F01_SSB02670411.wav,1
/data/DATASETS/CodecFake/train/F01_p251_293.wav,1
/data/DATASETS/CodecFake/train/F01_p270_010.wav,1
/data/DATASETS/CodecFake/train/F01_p310_301.wav,1
/data/DATASETS/CodecFake/train/F01_SSB07230264.wav,1
/data/DATASETS/CodecFake/train/F01_SSB01490078.wav,1
/data/DATASETS/CodecFake/train/F01_SSB03230436.wav,1
/data/DATASETS/CodecFake/train/F01_SSB03790205.wav,1
/data/DATASETS/CodecFake/train/F01_p374_320.wav,1
/data/DATASETS/CodecFake/train/F01_SSB08220238.wav,1
/data/DATASETS/CodecFake/train/F01_SSB10720473.wav,1
/data/DATASETS/CodecFake/train/F01_p277_309.wav,1
/data/DATASETS/CodecFake/train/F01_SSB03410015.wav,1
/data/DATASETS/CodecFake/train/F01_SSB05340176.wav,1
/data/DATASETS/CodecFake/train/F01_SSB15670459.wav,1
/data/DATASETS/CodecFake/train/F01_SSB05350115.wav,1
/data/DATASETS/CodecFake/train/F01_SSB11260395.wav,1
/data/DATASETS/CodecFake/train/F01_SSB10000053.wav,1
/data/DATASETS/CodecFake/train/F01_SSB04820104.wav,1
/data/DATASETS/CodecFake/train/F01_p310_414.wav,1
/data/DATASETS/CodecFake/train/F01_SSB07160065.wav,1
/data/DATASETS/CodecFake/train/F01_SSB14480298.wav,1
/data/DATASETS/CodecFake/train/F01_p227_342.wav,1
/data/DATASETS/CodecFake/train/F01_SSB03940252.wav,1
/data/DATASETS/CodecFake/train/F01_SSB07160332.wav,1
/data/DATASETS/CodecFake/train/F01_p274_372.wav,1
/data/DATASETS/CodecFake/train/F01_p335_208.wav,1
/data/DATASETS/CodecFake/train/F01_p252_309.wav,1
/data/DATASETS/CodecFake/train/F01_p257_142.wav,1
/data/DATASETS/CodecFake/train/F01_SSB06230166.wav,1
/data/DATASETS/CodecFake/train/F01_SSB16300153.wav,1
/data/DATASETS/CodecFake/train/F01_SSB07360097.wav,1
/data/DATASETS/CodecFake/train/F01_SSB15550347.wav,1
/data/DATASETS/CodecFake/train/F01_SSB09350265.wav,1
/data/DATASETS/CodecFake/train/F01_SSB03850255.wav,1
/data/DATASETS/CodecFake/train/F01_SSB11000011.wav,1
/data/DATASETS/CodecFake/train/F01_SSB05440248.wav,1
/data/DATASETS/CodecFake/train/F01_SSB05990071.wav,1
/data/DATASETS/CodecFake/train/F01_p329_289.wav,1
/data/DATASETS/CodecFake/train/F01_SSB18280200.wav,1
/data/DATASETS/CodecFake/train/F01_SSB05340237.wav,1
/data/DATASETS/CodecFake/train/F01_SSB08170174.wav,1
/data/DATASETS/CodecFake/train/F01_SSB13770303.wav,1
/data/DATASETS/CodecFake/train/F01_SSB14310267.wav,1
/data/DATASETS/CodecFake/train/F01_SSB10020130.wav,1
/data/DATASETS/CodecFake/train/F01_SSB00180222.wav,1
/data/DATASETS/CodecFake/train/F01_p343_381.wav,1
/data/DATASETS/CodecFake/train/F01_SSB07620486.wav,1
/data/DATASETS/CodecFake/train/F01_p318_132.wav,1
/data/DATASETS/CodecFake/train/F01_SSB03390391.wav,1
/data/DATASETS/CodecFake/train/F01_SSB10960305.wav,1
/data/DATASETS/CodecFake/train/F01_SSB00330506.wav,1
/data/DATASETS/CodecFake/train/F01_SSB06320458.wav,1
/data/DATASETS/CodecFake/train/F01_SSB08630293.wav,1
/data/DATASETS/CodecFake/train/F01_SSB12030316.wav,1
/data/DATASETS/CodecFake/train/F01_p374_179.wav,1
/data/DATASETS/CodecFake/train/F01_SSB14310036.wav,1
/data/DATASETS/CodecFake/train/F01_p270_397.wav,1
/data/DATASETS/CodecFake/train/F01_SSB06930106.wav,1
/data/DATASETS/CodecFake/train/F01_SSB11310072.wav,1
/data/DATASETS/CodecFake/train/F01_SSB01490223.wav,1
/data/DATASETS/CodecFake/train/F01_SSB13990015.wav,1
/data/DATASETS/CodecFake/train/F01_SSB03940066.wav,1
/data/DATASETS/CodecFake/train/F01_SSB00430252.wav,1
/data/DATASETS/CodecFake/train/F01_SSB17820321.wav,1
/data/DATASETS/CodecFake/train/F01_p343_324.wav,1
/data/DATASETS/CodecFake/train/F01_p308_401.wav,1
/data/DATASETS/CodecFake/train/F01_p333_144.wav,1
/data/DATASETS/CodecFake/train/F01_p283_071.wav,1
/data/DATASETS/CodecFake/train/F01_SSB03940053.wav,1
/data/DATASETS/CodecFake/train/F01_SSB04150293.wav,1
/data/DATASETS/CodecFake/train/F01_SSB04820424.wav,1
/data/DATASETS/CodecFake/train/F01_p345_281.wav,1
/data/DATASETS/CodecFake/train/F01_SSB12180224.wav,1
/data/DATASETS/CodecFake/train/F01_p228_216.wav,1
/data/DATASETS/CodecFake/train/F01_SSB00120456.wav,1
/data/DATASETS/CodecFake/train/F01_SSB18320098.wav,1
/data/DATASETS/CodecFake/train/F01_SSB01450364.wav,1
/data/DATASETS/CodecFake/train/F01_SSB15850433.wav,1
/data/DATASETS/CodecFake/train/F01_SSB07510289.wav,1
/data/DATASETS/CodecFake/train/F01_SSB10000367.wav,1
/data/DATASETS/CodecFake/train/F01_SSB05020154.wav,1
/data/DATASETS/CodecFake/train/F01_SSB05020431.wav,1
/data/DATASETS/CodecFake/train/F01_SSB01390171.wav,1
/data/DATASETS/CodecFake/train/F01_p243_261.wav,1
/data/DATASETS/CodecFake/train/F01_p281_386.wav,1
/data/DATASETS/CodecFake/train/F01_SSB16990094.wav,1
/data/DATASETS/CodecFake/train/F01_SSB05390140.wav,1
/data/DATASETS/CodecFake/train/F01_SSB07580267.wav,1
/data/DATASETS/CodecFake/train/F01_SSB00380419.wav,1
/data/DATASETS/CodecFake/train/F01_SSB18910356.wav,1
/data/DATASETS/CodecFake/train/F01_p255_036.wav,1
/data/DATASETS/CodecFake/train/F01_SSB09660158.wav,1
/data/DATASETS/CodecFake/train/F01_p269_284.wav,1
/data/DATASETS/CodecFake/train/F01_SSB12180168.wav,1
/data/DATASETS/CodecFake/train/F01_p277_035.wav,1
/data/DATASETS/CodecFake/train/F01_SSB15750203.wav,1
/data/DATASETS/CodecFake/train/F01_p339_232.wav,1
/data/DATASETS/CodecFake/train/F01_p262_088.wav,1
/data/DATASETS/CodecFake/train/F01_SSB01390341.wav,1
/data/DATASETS/CodecFake/train/F01_SSB16700313.wav,1
/data/DATASETS/CodecFake/train/F01_SSB03790276.wav,1
/data/DATASETS/CodecFake/train/F01_SSB02870273.wav,1
/data/DATASETS/CodecFake/train/F01_SSB00570302.wav,1
/data/DATASETS/CodecFake/train/F01_SSB17810162.wav,1
/data/DATASETS/CodecFake/train/F01_SSB07110447.wav,1
/data/DATASETS/CodecFake/train/F01_p363_334.wav,1
/data/DATASETS/CodecFake/train/F01_SSB08510398.wav,1
/data/DATASETS/CodecFake/train/F01_SSB07160186.wav,1
/data/DATASETS/CodecFake/train/F01_SSB12390408.wav,1
/data/DATASETS/CodecFake/train/F01_SSB07370074.wav,1
/data/DATASETS/CodecFake/train/F01_SSB05350019.wav,1
/data/DATASETS/CodecFake/train/F01_SSB18720335.wav,1
/data/DATASETS/CodecFake/train/F01_SSB05390376.wav,1
/data/DATASETS/CodecFake/train/F01_p292_410.wav,1
/data/DATASETS/CodecFake/train/F01_SSB03660051.wav,1
/data/DATASETS/CodecFake/train/F01_p240_268.wav,1
/data/DATASETS/CodecFake/train/F01_SSB10200489.wav,1
/data/DATASETS/CodecFake/train/F01_SSB07100338.wav,1
/data/DATASETS/CodecFake/train/F01_SSB09930228.wav,1
/data/DATASETS/CodecFake/train/F01_SSB03410090.wav,1
/data/DATASETS/CodecFake/train/F01_p277_258.wav,1
/data/DATASETS/CodecFake/train/F01_SSB04260415.wav,1
/data/DATASETS/CodecFake/train/F01_p253_066.wav,1
/data/DATASETS/CodecFake/train/F01_SSB10240038.wav,1
/data/DATASETS/CodecFake/train/F01_SSB16240004.wav,1
/data/DATASETS/CodecFake/train/F01_SSB13820491.wav,1
/data/DATASETS/CodecFake/train/F01_SSB12030355.wav,1
/data/DATASETS/CodecFake/train/F01_SSB12210143.wav,1
/data/DATASETS/CodecFake/train/F01_SSB03750123.wav,1
/data/DATASETS/CodecFake/train/F01_SSB06930360.wav,1
/data/DATASETS/CodecFake/train/F01_SSB05940296.wav,1
/data/DATASETS/CodecFake/train/F01_SSB03380287.wav,1
/data/DATASETS/CodecFake/train/F01_p256_003.wav,1
/data/DATASETS/CodecFake/train/F01_SSB11150252.wav,1
/data/DATASETS/CodecFake/train/F01_SSB17590465.wav,1
/data/DATASETS/CodecFake/train/F01_p283_034.wav,1
/data/DATASETS/CodecFake/train/F01_SSB05700115.wav,1
/data/DATASETS/CodecFake/train/F01_SSB04820055.wav,1
/data/DATASETS/CodecFake/train/F01_p284_374.wav,1
/data/DATASETS/CodecFake/train/F01_SSB06010044.wav,1
/data/DATASETS/CodecFake/train/F01_SSB06030234.wav,1
/data/DATASETS/CodecFake/train/F01_p280_231.wav,1
/data/DATASETS/CodecFake/train/F01_SSB09150059.wav,1
/data/DATASETS/CodecFake/train/F01_SSB18910010.wav,1
/data/DATASETS/CodecFake/train/F01_SSB03230267.wav,1
/data/DATASETS/CodecFake/train/F01_p250_006.wav,1
/data/DATASETS/CodecFake/train/F01_SSB07940329.wav,1
/data/DATASETS/CodecFake/train/F01_SSB12160122.wav,1
/data/DATASETS/CodecFake/train/F01_p275_050.wav,1
/data/DATASETS/CodecFake/train/F01_SSB18280378.wav,1
/data/DATASETS/CodecFake/train/F01_SSB15670245.wav,1
/data/DATASETS/CodecFake/train/F01_SSB03380074.wav,1
/data/DATASETS/CodecFake/train/F01_SSB04350398.wav,1
/data/DATASETS/CodecFake/train/F01_SSB15550236.wav,1
/data/DATASETS/CodecFake/train/F01_SSB09350345.wav,1
/data/DATASETS/CodecFake/train/F01_SSB01120157.wav,1
/data/DATASETS/CodecFake/train/F01_p318_015.wav,1
/data/DATASETS/CodecFake/train/F01_SSB19020451.wav,1
/data/DATASETS/CodecFake/train/F01_SSB07460360.wav,1
/data/DATASETS/CodecFake/train/F01_p272_024.wav,1
/data/DATASETS/CodecFake/train/F01_p255_312.wav,1
/data/DATASETS/CodecFake/train/F01_SSB03230419.wav,1
/data/DATASETS/CodecFake/train/F01_SSB07230231.wav,1
/data/DATASETS/CodecFake/train/F01_p245_084.wav,1
/data/DATASETS/CodecFake/train/F01_SSB12530329.wav,1
/data/DATASETS/CodecFake/train/F01_p345_228.wav,1
/data/DATASETS/CodecFake/train/F01_SSB13650102.wav,1
/data/DATASETS/CodecFake/train/F01_p231_139.wav,1
/data/DATASETS/CodecFake/train/F01_p329_302.wav,1
/data/DATASETS/CodecFake/train/F01_SSB01970335.wav,1
/data/DATASETS/CodecFake/train/F01_SSB06010202.wav,1
/data/DATASETS/CodecFake/train/F01_p229_233.wav,1
/data/DATASETS/CodecFake/train/F01_SSB06030477.wav,1
/data/DATASETS/CodecFake/train/F01_p295_217.wav,1
/data/DATASETS/CodecFake/train/F01_SSB00120190.wav,1
/data/DATASETS/CodecFake/train/F01_p347_287.wav,1
/data/DATASETS/CodecFake/train/F01_SSB18280230.wav,1
/data/DATASETS/CodecFake/train/F01_p238_196.wav,1
/data/DATASETS/CodecFake/train/F01_p243_297.wav,1
/data/DATASETS/CodecFake/train/F01_SSB06140453.wav,1
/data/DATASETS/CodecFake/train/F01_p316_115.wav,1
/data/DATASETS/CodecFake/train/F01_SSB07510469.wav,1
/data/DATASETS/CodecFake/train/F01_p248_333.wav,1
/data/DATASETS/CodecFake/train/F01_SSB00730239.wav,1
/data/DATASETS/CodecFake/train/F01_p264_185.wav,1
/data/DATASETS/CodecFake/train/F01_SSB03940156.wav,1
/data/DATASETS/CodecFake/train/F01_p299_027.wav,1
/data/DATASETS/CodecFake/train/F01_SSB07200025.wav,1
/data/DATASETS/CodecFake/train/F01_p232_054.wav,1
/data/DATASETS/CodecFake/train/F01_SSB12210218.wav,1
/data/DATASETS/CodecFake/train/F01_p244_011.wav,1
/data/DATASETS/CodecFake/train/F01_SSB05700025.wav,1
/data/DATASETS/CodecFake/train/F01_p305_181.wav,1
/data/DATASETS/CodecFake/train/F01_SSB07840090.wav,1
/data/DATASETS/CodecFake/train/F01_SSB03380199.wav,1
/data/DATASETS/CodecFake/train/F01_SSB03660503.wav,1
/data/DATASETS/CodecFake/train/F01_SSB15670231.wav,1
/data/DATASETS/CodecFake/train/F01_SSB12030153.wav,1
/data/DATASETS/CodecFake/train/F01_p256_074.wav,1
/data/DATASETS/CodecFake/train/F01_SSB16700239.wav,1
/data/DATASETS/CodecFake/train/F01_SSB07620147.wav,1
/data/DATASETS/CodecFake/train/F01_SSB07000196.wav,1
/data/DATASETS/CodecFake/train/F01_SSB03420287.wav,1
/data/DATASETS/CodecFake/train/F01_p292_099.wav,1
/data/DATASETS/CodecFake/train/F01_SSB04270427.wav,1
/data/DATASETS/CodecFake/train/F01_SSB03950148.wav,1
/data/DATASETS/CodecFake/train/F01_p317_093.wav,1
/data/DATASETS/CodecFake/train/F01_SSB16300184.wav,1
/data/DATASETS/CodecFake/train/F01_SSB03660250.wav,1
/data/DATASETS/CodecFake/train/F01_p311_056.wav,1
/data/DATASETS/CodecFake/train/F01_SSB19180330.wav,1
/data/DATASETS/CodecFake/train/F01_SSB00110452.wav,1
/data/DATASETS/CodecFake/train/F01_SSB14370242.wav,1
/data/DATASETS/CodecFake/train/F01_SSB19560239.wav,1
/data/DATASETS/CodecFake/train/F01_p251_282.wav,1
/data/DATASETS/CodecFake/train/F01_SSB07860304.wav,1
/data/DATASETS/CodecFake/train/F01_SSB09190118.wav,1
/data/DATASETS/CodecFake/train/F01_p261_009.wav,1
/data/DATASETS/CodecFake/train/F01_p311_187.wav,1
/data/DATASETS/CodecFake/train/F01_p294_037.wav,1
/data/DATASETS/CodecFake/train/F01_p269_244.wav,1
/data/DATASETS/CodecFake/train/F01_SSB03820257.wav,1
/data/DATASETS/CodecFake/train/F01_SSB00090104.wav,1
/data/DATASETS/CodecFake/train/F01_SSB11000304.wav,1
/data/DATASETS/CodecFake/train/F01_SSB10240363.wav,1
/data/DATASETS/CodecFake/train/F01_SSB01120350.wav,1
/data/DATASETS/CodecFake/train/F01_SSB03750055.wav,1
/data/DATASETS/CodecFake/train/F01_SSB15670327.wav,1
/data/DATASETS/CodecFake/train/F01_SSB15550345.wav,1
/data/DATASETS/CodecFake/train/F01_SSB07170392.wav,1
/data/DATASETS/CodecFake/train/F01_SSB00160136.wav,1
/data/DATASETS/CodecFake/train/F01_SSB04700222.wav,1
/data/DATASETS/CodecFake/train/F01_p339_258.wav,1
/data/DATASETS/CodecFake/train/F01_SSB04700420.wav,1
/data/DATASETS/CodecFake/train/F01_SSB18630097.wav,1
/data/DATASETS/CodecFake/train/F01_SSB16500085.wav,1
/data/DATASETS/CodecFake/train/F01_SSB06860177.wav,1
/data/DATASETS/CodecFake/train/F01_SSB16840247.wav,1
/data/DATASETS/CodecFake/train/F01_p255_051.wav,1
/data/DATASETS/CodecFake/train/F01_p230_186.wav,1
/data/DATASETS/CodecFake/train/F01_p284_386.wav,1
/data/DATASETS/CodecFake/train/F01_p360_354.wav,1
/data/DATASETS/CodecFake/train/F01_p360_245.wav,1
/data/DATASETS/CodecFake/train/F01_SSB06660311.wav,1
/data/DATASETS/CodecFake/train/F01_p233_007.wav,1
/data/DATASETS/CodecFake/train/F01_SSB07510282.wav,1
/data/DATASETS/CodecFake/train/F01_SSB08220203.wav,1
/data/DATASETS/CodecFake/train/F01_p233_039.wav,1
/data/DATASETS/CodecFake/train/F01_SSB13990013.wav,1
/data/DATASETS/CodecFake/train/F01_p275_203.wav,1
/data/DATASETS/CodecFake/train/F01_p339_320.wav,1
/data/DATASETS/CodecFake/train/F01_SSB07230477.wav,1
/data/DATASETS/CodecFake/train/F01_p300_363.wav,1
/data/DATASETS/CodecFake/train/F01_SSB07800411.wav,1
/data/DATASETS/CodecFake/train/F01_SSB11760313.wav,1
/data/DATASETS/CodecFake/train/F01_SSB07510041.wav,1
/data/DATASETS/CodecFake/train/F01_SSB06070490.wav,1
/data/DATASETS/CodecFake/train/F01_SSB03390257.wav,1
/data/DATASETS/CodecFake/train/F01_SSB07020161.wav,1
/data/DATASETS/CodecFake/train/F01_SSB10960281.wav,1
/data/DATASETS/CodecFake/train/F01_p363_080.wav,1
/data/DATASETS/CodecFake/train/F01_p272_238.wav,1
/data/DATASETS/CodecFake/train/F01_SSB05440060.wav,1
/data/DATASETS/CodecFake/train/F01_SSB03160440.wav,1
/data/DATASETS/CodecFake/train/F01_SSB07020037.wav,1
/data/DATASETS/CodecFake/train/F01_SSB09350247.wav,1
/data/DATASETS/CodecFake/train/F01_p262_330.wav,1
/data/DATASETS/CodecFake/train/F01_SSB12190419.wav,1
/data/DATASETS/CodecFake/train/F01_SSB06010273.wav,1
/data/DATASETS/CodecFake/train/F01_SSB18280272.wav,1
/data/DATASETS/CodecFake/train/F01_SSB06230107.wav,1
/data/DATASETS/CodecFake/train/F01_p311_164.wav,1
/data/DATASETS/CodecFake/train/F01_p256_176.wav,1
/data/DATASETS/CodecFake/train/F01_SSB10720176.wav,1
/data/DATASETS/CodecFake/train/F01_SSB11150208.wav,1
/data/DATASETS/CodecFake/train/F01_p240_102.wav,1
/data/DATASETS/CodecFake/train/F01_p270_423.wav,1
/data/DATASETS/CodecFake/train/F01_SSB05700086.wav,1
/data/DATASETS/CodecFake/train/F01_p229_343.wav,1
/data/DATASETS/CodecFake/train/F01_SSB14520356.wav,1
/data/DATASETS/CodecFake/train/F01_SSB16840227.wav,1
/data/DATASETS/CodecFake/train/F01_SSB15850369.wav,1
/data/DATASETS/CodecFake/train/F01_SSB07360247.wav,1
/data/DATASETS/CodecFake/train/F01_p316_105.wav,1
/data/DATASETS/CodecFake/train/F01_SSB06230225.wav,1
/data/DATASETS/CodecFake/train/F01_p318_264.wav,1
/data/DATASETS/CodecFake/train/F01_SSB04270127.wav,1
/data/DATASETS/CodecFake/train/F01_SSB17390109.wav,1
/data/DATASETS/CodecFake/train/F01_p238_346.wav,1
/data/DATASETS/CodecFake/train/F01_SSB07860097.wav,1
/data/DATASETS/CodecFake/train/F01_SSB01330311.wav,1
/data/DATASETS/CodecFake/train/F01_SSB04260335.wav,1
/data/DATASETS/CodecFake/train/F01_SSB09350091.wav,1
/data/DATASETS/CodecFake/train/F01_p262_068.wav,1
/data/DATASETS/CodecFake/train/F01_SSB06090026.wav,1
/data/DATASETS/CodecFake/train/F01_p311_028.wav,1
/data/DATASETS/CodecFake/train/F01_SSB07600485.wav,1
/data/DATASETS/CodecFake/train/F01_p360_113.wav,1
/data/DATASETS/CodecFake/train/F01_SSB08630425.wav,1
/data/DATASETS/CodecFake/train/F01_SSB04270192.wav,1
/data/DATASETS/CodecFake/train/F01_SSB00160021.wav,1
/data/DATASETS/CodecFake/train/F01_SSB15550295.wav,1
/data/DATASETS/CodecFake/train/F01_p275_351.wav,1
/data/DATASETS/CodecFake/train/F01_SSB00110233.wav,1
/data/DATASETS/CodecFake/train/F01_SSB18720422.wav,1
/data/DATASETS/CodecFake/train/F01_SSB15750098.wav,1
/data/DATASETS/CodecFake/train/F01_SSB07020093.wav,1
/data/DATASETS/CodecFake/train/F01_SSB03750294.wav,1
/data/DATASETS/CodecFake/train/F01_SSB05990094.wav,1
/data/DATASETS/CodecFake/train/F01_SSB01220252.wav,1
/data/DATASETS/CodecFake/train/F01_SSB12030304.wav,1
/data/DATASETS/CodecFake/train/F01_SSB06860507.wav,1
/data/DATASETS/CodecFake/train/F01_SSB03070045.wav,1
/data/DATASETS/CodecFake/train/F01_p237_172.wav,1
/data/DATASETS/CodecFake/train/F01_SSB13650183.wav,1
/data/DATASETS/CodecFake/train/F01_SSB05880378.wav,1
/data/DATASETS/CodecFake/train/F01_SSB03380224.wav,1
/data/DATASETS/CodecFake/train/F01_p293_354.wav,1
/data/DATASETS/CodecFake/train/F01_SSB07860099.wav,1
/data/DATASETS/CodecFake/train/F01_SSB16700317.wav,1
/data/DATASETS/CodecFake/train/F01_p248_218.wav,1
/data/DATASETS/CodecFake/train/F01_p362_158.wav,1
/data/DATASETS/CodecFake/train/F01_SSB11760424.wav,1
/data/DATASETS/CodecFake/train/F01_p282_188.wav,1
/data/DATASETS/CodecFake/train/F01_SSB12190198.wav,1
/data/DATASETS/CodecFake/train/F01_p233_182.wav,1
/data/DATASETS/CodecFake/train/F01_p361_051.wav,1
/data/DATASETS/CodecFake/train/F01_SSB10720104.wav,1
/data/DATASETS/CodecFake/train/F01_SSB06860315.wav,1
/data/DATASETS/CodecFake/train/F01_SSB00570290.wav,1
/data/DATASETS/CodecFake/train/F01_SSB14480475.wav,1
/data/DATASETS/CodecFake/train/F01_SSB08630216.wav,1
/data/DATASETS/CodecFake/train/F01_SSB04270103.wav,1
/data/DATASETS/CodecFake/train/F01_SSB17810118.wav,1
/data/DATASETS/CodecFake/train/F01_SSB00570287.wav,1
/data/DATASETS/CodecFake/train/F01_SSB05390144.wav,1
/data/DATASETS/CodecFake/train/F01_p241_209.wav,1
/data/DATASETS/CodecFake/train/F01_SSB06710414.wav,1
/data/DATASETS/CodecFake/train/F01_p231_432.wav,1
/data/DATASETS/CodecFake/train/F01_p265_182.wav,1
/data/DATASETS/CodecFake/train/F01_SSB11380205.wav,1
/data/DATASETS/CodecFake/train/F01_SSB03750044.wav,1
/data/DATASETS/CodecFake/train/F01_p257_254.wav,1
/data/DATASETS/CodecFake/train/F01_p250_332.wav,1
/data/DATASETS/CodecFake/train/F01_SSB11310439.wav,1
/data/DATASETS/CodecFake/train/F01_SSB10960230.wav,1
/data/DATASETS/CodecFake/train/F01_p232_210.wav,1
/data/DATASETS/CodecFake/train/F01_p268_324.wav,1
/data/DATASETS/CodecFake/train/F01_p276_319.wav,1
/data/DATASETS/CodecFake/train/F01_SSB07000075.wav,1
/data/DATASETS/CodecFake/train/F01_SSB15850191.wav,1
/data/DATASETS/CodecFake/train/F01_SSB03070036.wav,1
/data/DATASETS/CodecFake/train/F01_p277_214.wav,1
/data/DATASETS/CodecFake/train/F01_p330_053.wav,1
/data/DATASETS/CodecFake/train/F01_p234_173.wav,1
/data/DATASETS/CodecFake/train/F01_SSB07480431.wav,1
/data/DATASETS/CodecFake/train/F01_p254_064.wav,1
/data/DATASETS/CodecFake/train/F01_p272_186.wav,1
/data/DATASETS/CodecFake/train/F01_SSB13650099.wav,1
/data/DATASETS/CodecFake/train/F01_SSB07600470.wav,1
/data/DATASETS/CodecFake/train/F01_SSB00800109.wav,1
/data/DATASETS/CodecFake/train/F01_SSB04270416.wav,1
/data/DATASETS/CodecFake/train/F01_SSB13220373.wav,1
/data/DATASETS/CodecFake/train/F01_p247_330.wav,1
/data/DATASETS/CodecFake/train/F01_SSB07230322.wav,1
/data/DATASETS/CodecFake/train/F01_SSB03420475.wav,1
/data/DATASETS/CodecFake/train/F01_SSB15850130.wav,1
/data/DATASETS/CodecFake/train/F01_p255_320.wav,1
/data/DATASETS/CodecFake/train/F01_SSB11080467.wav,1
/data/DATASETS/CodecFake/train/F01_SSB00180297.wav,1
/data/DATASETS/CodecFake/train/F01_p247_081.wav,1
/data/DATASETS/CodecFake/train/F01_SSB07580089.wav,1
/data/DATASETS/CodecFake/train/F01_SSB06710500.wav,1
/data/DATASETS/CodecFake/train/F01_SSB01450201.wav,1
/data/DATASETS/CodecFake/train/F01_SSB04260443.wav,1
/data/DATASETS/CodecFake/train/F01_SSB03380062.wav,1
/data/DATASETS/CodecFake/train/F01_SSB15930299.wav,1
/data/DATASETS/CodecFake/train/F01_SSB07370131.wav,1
/data/DATASETS/CodecFake/train/F01_SSB06090376.wav,1
/data/DATASETS/CodecFake/train/F01_p305_210.wav,1
/data/DATASETS/CodecFake/train/F01_SSB03090119.wav,1
/data/DATASETS/CodecFake/train/F01_p299_234.wav,1
/data/DATASETS/CodecFake/train/F01_SSB18310258.wav,1
/data/DATASETS/CodecFake/train/F01_SSB13920315.wav,1
/data/DATASETS/CodecFake/train/F01_SSB03150136.wav,1
/data/DATASETS/CodecFake/train/F01_SSB06680451.wav,1
/data/DATASETS/CodecFake/train/F01_SSB09660451.wav,1
/data/DATASETS/CodecFake/train/F01_SSB08630178.wav,1
/data/DATASETS/CodecFake/train/F01_p248_150.wav,1
/data/DATASETS/CodecFake/train/F01_p301_382.wav,1
/data/DATASETS/CodecFake/train/F01_SSB03940284.wav,1
/data/DATASETS/CodecFake/train/F01_SSB03150350.wav,1
/data/DATASETS/CodecFake/train/F01_SSB18780042.wav,1
/data/DATASETS/CodecFake/train/F01_SSB13930469.wav,1
/data/DATASETS/CodecFake/train/F01_SSB02000353.wav,1
/data/DATASETS/CodecFake/train/F01_SSB07170469.wav,1
/data/DATASETS/CodecFake/train/F01_p286_015.wav,1
/data/DATASETS/CodecFake/train/F01_SSB10500047.wav,1
/data/DATASETS/CodecFake/train/F01_p302_269.wav,1
/data/DATASETS/CodecFake/train/F01_SSB01970109.wav,1
/data/DATASETS/CodecFake/train/F01_p287_249.wav,1
/data/DATASETS/CodecFake/train/F01_SSB09130295.wav,1
/data/DATASETS/CodecFake/train/F01_p364_008.wav,1
/data/DATASETS/CodecFake/train/F01_SSB06140316.wav,1
/data/DATASETS/CodecFake/train/F01_p238_278.wav,1
/data/DATASETS/CodecFake/train/F01_SSB03660254.wav,1
/data/DATASETS/CodecFake/train/F01_SSB03950435.wav,1
/data/DATASETS/CodecFake/train/F01_SSB05700023.wav,1
/data/DATASETS/CodecFake/train/F01_SSB01120016.wav,1
/data/DATASETS/CodecFake/train/F01_SSB03420081.wav,1
/data/DATASETS/CodecFake/train/F01_SSB03540313.wav,1
/data/DATASETS/CodecFake/train/F01_SSB03540309.wav,1
/data/DATASETS/CodecFake/train/F01_SSB10020291.wav,1
/data/DATASETS/CodecFake/train/F01_p299_299.wav,1
/data/DATASETS/CodecFake/train/F01_SSB07780461.wav,1
/data/DATASETS/CodecFake/train/F01_SSB01390470.wav,1
/data/DATASETS/CodecFake/train/F01_SSB00090452.wav,1
/data/DATASETS/CodecFake/train/F01_SSB07600244.wav,1
/data/DATASETS/CodecFake/train/F01_p303_339.wav,1
/data/DATASETS/CodecFake/train/F01_p300_114.wav,1
/data/DATASETS/CodecFake/train/F01_SSB10000314.wav,1
/data/DATASETS/CodecFake/train/F01_SSB05880452.wav,1
/data/DATASETS/CodecFake/train/F01_SSB05440243.wav,1
/data/DATASETS/CodecFake/train/F01_p313_122.wav,1
/data/DATASETS/CodecFake/train/F01_p254_261.wav,1
/data/DATASETS/CodecFake/train/F01_SSB01330221.wav,1
/data/DATASETS/CodecFake/train/F01_p283_277.wav,1
/data/DATASETS/CodecFake/train/F01_p287_018.wav,1
/data/DATASETS/CodecFake/train/F01_SSB02460103.wav,1
/data/DATASETS/CodecFake/train/F01_SSB14570266.wav,1
/data/DATASETS/CodecFake/train/F01_p360_049.wav,1
/data/DATASETS/CodecFake/train/F01_SSB03390281.wav,1
/data/DATASETS/CodecFake/train/F01_SSB01490439.wav,1
/data/DATASETS/CodecFake/train/F01_p233_004.wav,1
/data/DATASETS/CodecFake/train/F01_p247_146.wav,1
/data/DATASETS/CodecFake/train/F01_SSB18280199.wav,1
/data/DATASETS/CodecFake/train/F01_SSB02610308.wav,1
/data/DATASETS/CodecFake/train/F01_p234_144.wav,1
/data/DATASETS/CodecFake/train/F01_SSB02000150.wav,1
/data/DATASETS/CodecFake/train/F01_SSB05900373.wav,1
/data/DATASETS/CodecFake/train/F01_SSB02990338.wav,1
/data/DATASETS/CodecFake/train/F01_SSB18090465.wav,1
/data/DATASETS/CodecFake/train/F01_SSB11080114.wav,1
/data/DATASETS/CodecFake/train/F01_SSB06320307.wav,1
/data/DATASETS/CodecFake/train/F01_SSB01390019.wav,1
/data/DATASETS/CodecFake/train/F01_p362_196.wav,1
/data/DATASETS/CodecFake/train/F01_p287_242.wav,1
/data/DATASETS/CodecFake/train/F01_SSB01970388.wav,1
/data/DATASETS/CodecFake/train/F01_p258_300.wav,1
/data/DATASETS/CodecFake/train/F01_p310_365.wav,1
/data/DATASETS/CodecFake/train/F01_SSB13020435.wav,1
/data/DATASETS/CodecFake/train/F01_SSB04820068.wav,1
/data/DATASETS/CodecFake/train/F01_SSB18370368.wav,1
/data/DATASETS/CodecFake/train/F01_SSB13220186.wav,1
/data/DATASETS/CodecFake/train/F01_p284_358.wav,1
/data/DATASETS/CodecFake/train/F01_SSB05440069.wav,1
/data/DATASETS/CodecFake/train/F01_p334_165.wav,1
/data/DATASETS/CodecFake/train/F01_SSB13410415.wav,1
/data/DATASETS/CodecFake/train/F01_SSB16240033.wav,1
/data/DATASETS/CodecFake/train/F01_p272_232.wav,1
/data/DATASETS/CodecFake/train/F01_p300_060.wav,1
/data/DATASETS/CodecFake/train/F01_SSB07110172.wav,1
/data/DATASETS/CodecFake/train/F01_SSB18630486.wav,1
/data/DATASETS/CodecFake/train/F01_SSB13830124.wav,1
/data/DATASETS/CodecFake/train/F01_p341_224.wav,1
/data/DATASETS/CodecFake/train/F01_p265_107.wav,1
/data/DATASETS/CodecFake/train/F01_SSB04070463.wav,1
/data/DATASETS/CodecFake/train/F01_SSB15850070.wav,1
/data/DATASETS/CodecFake/train/F01_SSB05350047.wav,1
/data/DATASETS/CodecFake/train/F01_p260_056.wav,1
/data/DATASETS/CodecFake/train/F01_SSB10560163.wav,1
/data/DATASETS/CodecFake/train/F01_SSB05390471.wav,1
/data/DATASETS/CodecFake/train/F01_SSB04150233.wav,1
/data/DATASETS/CodecFake/train/F01_p333_369.wav,1
/data/DATASETS/CodecFake/train/F01_SSB01120051.wav,1
/data/DATASETS/CodecFake/train/F01_p269_287.wav,1
/data/DATASETS/CodecFake/train/F01_SSB11870162.wav,1
/data/DATASETS/CodecFake/train/F01_SSB01490120.wav,1
/data/DATASETS/CodecFake/train/F01_SSB07480146.wav,1
/data/DATASETS/CodecFake/train/F01_SSB03850250.wav,1
/data/DATASETS/CodecFake/train/F01_SSB13200456.wav,1
/data/DATASETS/CodecFake/train/F01_SSB03420119.wav,1
/data/DATASETS/CodecFake/train/F01_SSB07110095.wav,1
/data/DATASETS/CodecFake/train/F01_SSB00800060.wav,1
/data/DATASETS/CodecFake/train/F01_p254_184.wav,1
/data/DATASETS/CodecFake/train/F01_SSB10550215.wav,1
/data/DATASETS/CodecFake/train/F01_SSB05880215.wav,1
/data/DATASETS/CodecFake/train/F01_p230_078.wav,1
/data/DATASETS/CodecFake/train/F01_SSB10200266.wav,1
/data/DATASETS/CodecFake/train/F01_SSB07370208.wav,1
/data/DATASETS/CodecFake/train/F01_SSB02670066.wav,1
/data/DATASETS/CodecFake/train/F01_SSB02000155.wav,1
/data/DATASETS/CodecFake/train/F01_SSB10720499.wav,1
/data/DATASETS/CodecFake/train/F01_SSB00330150.wav,1
/data/DATASETS/CodecFake/train/F01_p249_092.wav,1
/data/DATASETS/CodecFake/train/F01_SSB18720271.wav,1
/data/DATASETS/CodecFake/train/F01_SSB11610288.wav,1
/data/DATASETS/CodecFake/train/F01_SSB08870079.wav,1
/data/DATASETS/CodecFake/train/F01_SSB00570047.wav,1
/data/DATASETS/CodecFake/train/F01_SSB06320387.wav,1
/data/DATASETS/CodecFake/train/F01_p250_216.wav,1
/data/DATASETS/CodecFake/train/F01_p316_414.wav,1
/data/DATASETS/CodecFake/train/F01_p340_108.wav,1
/data/DATASETS/CodecFake/train/F01_SSB18280120.wav,1
/data/DATASETS/CodecFake/train/F01_SSB04150360.wav,1
/data/DATASETS/CodecFake/train/F01_SSB11150283.wav,1
/data/DATASETS/CodecFake/train/F01_p261_082.wav,1
/data/DATASETS/CodecFake/train/F01_SSB18630060.wav,1
/data/DATASETS/CodecFake/train/F01_p300_204.wav,1
/data/DATASETS/CodecFake/train/F01_SSB06290405.wav,1
/data/DATASETS/CodecFake/train/F01_SSB03160229.wav,1
/data/DATASETS/CodecFake/train/F01_SSB13410371.wav,1
/data/DATASETS/CodecFake/train/F01_SSB18630235.wav,1
/data/DATASETS/CodecFake/train/F01_SSB04820295.wav,1
/data/DATASETS/CodecFake/train/F01_SSB13200395.wav,1
/data/DATASETS/CodecFake/train/F01_SSB02410003.wav,1
/data/DATASETS/CodecFake/train/F01_p246_180.wav,1
/data/DATASETS/CodecFake/train/F01_SSB11000392.wav,1
/data/DATASETS/CodecFake/train/F01_p231_456.wav,1
/data/DATASETS/CodecFake/train/F01_p311_195.wav,1
/data/DATASETS/CodecFake/train/F01_SSB07490452.wav,1
/data/DATASETS/CodecFake/train/F01_p232_072.wav,1
/data/DATASETS/CodecFake/train/F01_p374_120.wav,1
/data/DATASETS/CodecFake/train/F01_SSB02670094.wav,1
/data/DATASETS/CodecFake/train/F01_p268_167.wav,1
/data/DATASETS/CodecFake/train/F01_SSB06310403.wav,1
/data/DATASETS/CodecFake/train/F01_SSB11310107.wav,1
/data/DATASETS/CodecFake/train/F01_SSB00050285.wav,1
/data/DATASETS/CodecFake/train/F01_SSB12160389.wav,1
/data/DATASETS/CodecFake/train/F01_SSB07200004.wav,1
/data/DATASETS/CodecFake/train/F01_SSB11000087.wav,1
/data/DATASETS/CodecFake/train/F01_SSB16860064.wav,1
/data/DATASETS/CodecFake/train/F01_SSB09930209.wav,1
/data/DATASETS/CodecFake/train/F01_SSB17280480.wav,1
/data/DATASETS/CodecFake/train/F01_SSB00160407.wav,1
/data/DATASETS/CodecFake/train/F01_SSB06680306.wav,1
/data/DATASETS/CodecFake/train/F01_SSB06230276.wav,1
/data/DATASETS/CodecFake/train/F01_p299_042.wav,1
/data/DATASETS/CodecFake/train/F01_SSB07200023.wav,1
/data/DATASETS/CodecFake/train/F01_p247_120.wav,1
/data/DATASETS/CodecFake/train/F01_SSB07360186.wav,1
/data/DATASETS/CodecFake/train/F01_SSB07110007.wav,1
/data/DATASETS/CodecFake/train/F01_SSB07840284.wav,1
/data/DATASETS/CodecFake/train/F01_p317_026.wav,1
/data/DATASETS/CodecFake/train/F01_p299_024.wav,1
/data/DATASETS/CodecFake/train/F01_SSB03660109.wav,1
/data/DATASETS/CodecFake/train/F01_SSB07490456.wav,1
/data/DATASETS/CodecFake/train/F01_p273_398.wav,1
/data/DATASETS/CodecFake/train/F01_SSB04150304.wav,1
/data/DATASETS/CodecFake/train/F01_SSB07940360.wav,1
/data/DATASETS/CodecFake/train/F01_p260_334.wav,1
/data/DATASETS/CodecFake/train/F01_p278_343.wav,1
/data/DATASETS/CodecFake/train/F01_SSB06860353.wav,1
/data/DATASETS/CodecFake/train/F01_SSB10240245.wav,1
/data/DATASETS/CodecFake/train/F01_SSB16250037.wav,1
/data/DATASETS/CodecFake/train/F01_SSB12040139.wav,1
/data/DATASETS/CodecFake/train/F01_p259_354.wav,1
/data/DATASETS/CodecFake/train/F01_SSB18060052.wav,1
/data/DATASETS/CodecFake/train/F01_p255_046.wav,1
/data/DATASETS/CodecFake/train/F01_p266_027.wav,1
/data/DATASETS/CodecFake/train/F01_SSB01930100.wav,1
/data/DATASETS/CodecFake/train/F01_SSB18100042.wav,1
/data/DATASETS/CodecFake/train/F01_SSB04150099.wav,1
/data/DATASETS/CodecFake/train/F01_SSB02990497.wav,1
/data/DATASETS/CodecFake/train/F01_SSB00110472.wav,1
/data/DATASETS/CodecFake/train/F01_p317_205.wav,1
/data/DATASETS/CodecFake/train/F01_p263_171.wav,1
/data/DATASETS/CodecFake/train/F01_SSB15850296.wav,1
/data/DATASETS/CodecFake/train/F01_SSB18630378.wav,1
/data/DATASETS/CodecFake/train/F01_SSB05390473.wav,1
/data/DATASETS/CodecFake/train/F01_SSB12530005.wav,1
/data/DATASETS/CodecFake/train/F01_SSB02610208.wav,1
/data/DATASETS/CodecFake/train/F01_p308_307.wav,1
/data/DATASETS/CodecFake/train/F01_SSB11250379.wav,1
/data/DATASETS/CodecFake/train/F01_SSB03410026.wav,1
/data/DATASETS/CodecFake/train/F01_p333_347.wav,1
/data/DATASETS/CodecFake/train/F01_SSB11080040.wav,1
/data/DATASETS/CodecFake/train/F01_p279_161.wav,1
/data/DATASETS/CodecFake/train/F01_SSB15850149.wav,1
/data/DATASETS/CodecFake/train/F01_SSB04070394.wav,1
/data/DATASETS/CodecFake/train/F01_SSB16840200.wav,1
/data/DATASETS/CodecFake/train/F01_SSB13650178.wav,1
/data/DATASETS/CodecFake/train/F01_SSB05780356.wav,1
/data/DATASETS/CodecFake/train/F01_SSB07100062.wav,1
/data/DATASETS/CodecFake/train/F01_SSB18370412.wav,1
/data/DATASETS/CodecFake/train/F01_SSB00090483.wav,1
/data/DATASETS/CodecFake/train/F01_p330_258.wav,1
/data/DATASETS/CodecFake/train/F01_p243_346.wav,1
/data/DATASETS/CodecFake/train/F01_p343_237.wav,1
/data/DATASETS/CodecFake/train/F01_SSB07480424.wav,1
/data/DATASETS/CodecFake/train/F01_SSB06860246.wav,1
/data/DATASETS/CodecFake/train/F01_SSB03090353.wav,1
/data/DATASETS/CodecFake/train/F01_SSB02460061.wav,1
/data/DATASETS/CodecFake/train/F01_SSB11760405.wav,1
/data/DATASETS/CodecFake/train/F01_SSB11360138.wav,1
/data/DATASETS/CodecFake/train/F01_p250_336.wav,1
/data/DATASETS/CodecFake/train/F01_p330_318.wav,1
/data/DATASETS/CodecFake/train/F01_SSB15670144.wav,1
/data/DATASETS/CodecFake/train/F01_SSB04350181.wav,1
/data/DATASETS/CodecFake/train/F01_SSB07360365.wav,1
/data/DATASETS/CodecFake/train/F01_p351_091.wav,1
/data/DATASETS/CodecFake/train/F01_SSB05440015.wav,1
/data/DATASETS/CodecFake/train/F01_SSB11100325.wav,1
/data/DATASETS/CodecFake/train/F01_SSB06090253.wav,1
/data/DATASETS/CodecFake/train/F01_p252_344.wav,1
/data/DATASETS/CodecFake/train/F01_SSB05900361.wav,1
/data/DATASETS/CodecFake/train/F01_SSB08090171.wav,1
/data/DATASETS/CodecFake/train/F01_p270_153.wav,1
/data/DATASETS/CodecFake/train/F01_SSB07020292.wav,1
/data/DATASETS/CodecFake/train/F01_SSB03800210.wav,1
/data/DATASETS/CodecFake/train/F01_SSB15750204.wav,1
/data/DATASETS/CodecFake/train/F01_p280_225.wav,1
/data/DATASETS/CodecFake/train/F01_SSB03410386.wav,1
/data/DATASETS/CodecFake/train/F01_SSB05780416.wav,1
/data/DATASETS/CodecFake/train/F01_p306_095.wav,1
/data/DATASETS/CodecFake/train/F01_p311_172.wav,1
/data/DATASETS/CodecFake/train/F01_SSB02670180.wav,1
/data/DATASETS/CodecFake/train/F01_SSB15850063.wav,1
/data/DATASETS/CodecFake/train/F01_p311_089.wav,1
/data/DATASETS/CodecFake/train/F01_SSB11000111.wav,1
/data/DATASETS/CodecFake/train/F01_SSB07370361.wav,1
/data/DATASETS/CodecFake/train/F01_SSB18910068.wav,1
/data/DATASETS/CodecFake/train/F01_SSB07940173.wav,1
/data/DATASETS/CodecFake/train/F01_SSB03790098.wav,1
/data/DATASETS/CodecFake/train/F01_SSB13850258.wav,1
/data/DATASETS/CodecFake/train/F01_SSB00050340.wav,1
/data/DATASETS/CodecFake/train/F01_SSB03150439.wav,1
/data/DATASETS/CodecFake/train/F01_SSB01930029.wav,1
/data/DATASETS/CodecFake/train/F01_SSB07480174.wav,1
/data/DATASETS/CodecFake/train/F01_p260_327.wav,1
/data/DATASETS/CodecFake/train/F01_SSB16500059.wav,1
/data/DATASETS/CodecFake/train/F01_SSB03800391.wav,1
/data/DATASETS/CodecFake/train/F01_SSB13920417.wav,1
/data/DATASETS/CodecFake/train/F01_SSB09660416.wav,1
/data/DATASETS/CodecFake/train/F01_p283_267.wav,1
/data/DATASETS/CodecFake/train/F01_p243_255.wav,1
/data/DATASETS/CodecFake/train/F01_SSB04070190.wav,1
/data/DATASETS/CodecFake/train/F01_SSB04350162.wav,1
/data/DATASETS/CodecFake/train/F01_p312_109.wav,1
/data/DATASETS/CodecFake/train/F01_SSB02670245.wav,1
/data/DATASETS/CodecFake/train/F01_SSB04700190.wav,1
/data/DATASETS/CodecFake/train/F01_SSB07170027.wav,1
/data/DATASETS/CodecFake/train/F01_SSB07780208.wav,1
/data/DATASETS/CodecFake/train/F01_SSB03790231.wav,1
/data/DATASETS/CodecFake/train/F01_SSB06140319.wav,1
/data/DATASETS/CodecFake/train/F01_SSB00800496.wav,1
/data/DATASETS/CodecFake/train/F01_SSB09870186.wav,1
/data/DATASETS/CodecFake/train/F01_SSB04350324.wav,1
/data/DATASETS/CodecFake/train/F01_SSB00110119.wav,1
/data/DATASETS/CodecFake/train/F01_SSB01390325.wav,1
/data/DATASETS/CodecFake/train/F01_p283_349.wav,1
/data/DATASETS/CodecFake/train/F01_p281_242.wav,1
/data/DATASETS/CodecFake/train/F01_SSB10960426.wav,1
/data/DATASETS/CodecFake/train/F01_SSB06310062.wav,1
/data/DATASETS/CodecFake/train/F01_p246_177.wav,1
/data/DATASETS/CodecFake/train/F01_SSB07490026.wav,1
/data/DATASETS/CodecFake/train/F01_p318_328.wav,1
/data/DATASETS/CodecFake/train/F01_p315_212.wav,1
/data/DATASETS/CodecFake/train/F01_SSB03420233.wav,1
/data/DATASETS/CodecFake/train/F01_SSB06710082.wav,1
/data/DATASETS/CodecFake/train/F01_SSB18630293.wav,1
/data/DATASETS/CodecFake/train/F01_SSB13650014.wav,1
/data/DATASETS/CodecFake/train/F01_p297_385.wav,1
/data/DATASETS/CodecFake/train/F01_p262_181.wav,1
/data/DATASETS/CodecFake/train/F01_SSB00570423.wav,1
/data/DATASETS/CodecFake/train/F01_p243_197.wav,1
/data/DATASETS/CodecFake/train/F01_SSB11000282.wav,1
/data/DATASETS/CodecFake/train/F01_p230_174.wav,1
/data/DATASETS/CodecFake/train/F01_SSB03090115.wav,1
/data/DATASETS/CodecFake/train/F01_SSB18780507.wav,1
/data/DATASETS/CodecFake/train/F01_SSB06290208.wav,1
/data/DATASETS/CodecFake/train/F01_SSB05990167.wav,1
/data/DATASETS/CodecFake/train/F01_SSB06230375.wav,1
/data/DATASETS/CodecFake/train/F01_SSB16240402.wav,1
/data/DATASETS/CodecFake/train/F01_SSB17820286.wav,1
/data/DATASETS/CodecFake/train/F01_p255_039.wav,1
/data/DATASETS/CodecFake/train/F01_SSB00800122.wav,1
/data/DATASETS/CodecFake/train/F01_SSB01390236.wav,1
/data/DATASETS/CodecFake/train/F01_SSB08510144.wav,1
/data/DATASETS/CodecFake/train/F01_SSB18910453.wav,1
/data/DATASETS/CodecFake/train/F01_SSB05780139.wav,1
/data/DATASETS/CodecFake/train/F01_SSB08870442.wav,1
/data/DATASETS/CodecFake/train/F01_SSB18060114.wav,1
/data/DATASETS/CodecFake/train/F01_SSB05440412.wav,1
/data/DATASETS/CodecFake/train/F01_p299_386.wav,1
/data/DATASETS/CodecFake/train/F01_SSB08170394.wav,1
/data/DATASETS/CodecFake/train/F01_p245_076.wav,1
/data/DATASETS/CodecFake/train/F01_SSB04070050.wav,1
/data/DATASETS/CodecFake/train/F01_SSB02880191.wav,1
/data/DATASETS/CodecFake/train/F01_SSB11100008.wav,1
/data/DATASETS/CodecFake/train/F01_p259_287.wav,1
/data/DATASETS/CodecFake/train/F01_SSB10240092.wav,1
/data/DATASETS/CodecFake/train/F01_SSB06060238.wav,1
/data/DATASETS/CodecFake/train/F01_SSB04350044.wav,1
/data/DATASETS/CodecFake/train/F01_SSB06140446.wav,1
/data/DATASETS/CodecFake/train/F01_SSB10240439.wav,1
/data/DATASETS/CodecFake/train/F01_SSB07460320.wav,1
/data/DATASETS/CodecFake/train/F01_SSB10960199.wav,1
/data/DATASETS/CodecFake/train/F01_p268_168.wav,1
/data/DATASETS/CodecFake/train/F01_SSB09930059.wav,1
/data/DATASETS/CodecFake/train/F01_SSB03090324.wav,1
/data/DATASETS/CodecFake/train/F01_p295_170.wav,1
/data/DATASETS/CodecFake/train/F01_p314_048.wav,1
/data/DATASETS/CodecFake/train/F01_SSB12190036.wav,1
/data/DATASETS/CodecFake/train/F01_SSB05020364.wav,1
/data/DATASETS/CodecFake/train/F01_SSB05350412.wav,1
/data/DATASETS/CodecFake/train/F01_p250_197.wav,1
/data/DATASETS/CodecFake/train/F01_SSB04820230.wav,1
/data/DATASETS/CodecFake/train/F01_SSB17590132.wav,1
/data/DATASETS/CodecFake/train/F01_SSB07110073.wav,1
/data/DATASETS/CodecFake/train/F01_SSB16250002.wav,1
/data/DATASETS/CodecFake/train/F01_SSB16300002.wav,1
/data/DATASETS/CodecFake/train/F01_SSB18370141.wav,1
/data/DATASETS/CodecFake/train/F01_SSB06230174.wav,1
/data/DATASETS/CodecFake/train/F01_p274_201.wav,1
/data/DATASETS/CodecFake/train/F01_SSB13850190.wav,1
/data/DATASETS/CodecFake/train/F01_SSB16860080.wav,1
/data/DATASETS/CodecFake/train/F01_SSB12030033.wav,1
/data/DATASETS/CodecFake/train/F01_SSB08630042.wav,1
/data/DATASETS/CodecFake/train/F01_SSB05340445.wav,1
/data/DATASETS/CodecFake/train/F01_SSB09930024.wav,1
/data/DATASETS/CodecFake/train/F01_SSB13850055.wav,1
/data/DATASETS/CodecFake/train/F01_p376_179.wav,1
/data/DATASETS/CodecFake/train/F01_SSB11000420.wav,1
/data/DATASETS/CodecFake/train/F01_SSB06680105.wav,1
/data/DATASETS/CodecFake/train/F01_p228_322.wav,1
/data/DATASETS/CodecFake/train/F01_p285_339.wav,1
/data/DATASETS/CodecFake/train/F01_p277_030.wav,1
/data/DATASETS/CodecFake/train/F01_SSB02610504.wav,1
/data/DATASETS/CodecFake/train/F01_SSB13850112.wav,1
/data/DATASETS/CodecFake/train/F01_SSB04340261.wav,1
/data/DATASETS/CodecFake/train/F01_SSB18370455.wav,1
/data/DATASETS/CodecFake/train/F01_p312_125.wav,1
/data/DATASETS/CodecFake/train/F01_SSB14310082.wav,1
/data/DATASETS/CodecFake/train/F01_SSB11080335.wav,1
/data/DATASETS/CodecFake/train/F01_SSB03410186.wav,1
/data/DATASETS/CodecFake/train/F01_SSB05940024.wav,1
/data/DATASETS/CodecFake/train/F01_SSB07020116.wav,1
/data/DATASETS/CodecFake/train/F01_SSB06680431.wav,1
/data/DATASETS/CodecFake/train/F01_SSB13200340.wav,1
/data/DATASETS/CodecFake/train/F01_p227_044.wav,1
/data/DATASETS/CodecFake/train/F01_p271_047.wav,1
/data/DATASETS/CodecFake/train/F01_p257_288.wav,1
/data/DATASETS/CodecFake/train/F01_SSB07360159.wav,1
/data/DATASETS/CodecFake/train/F01_p231_434.wav,1
/data/DATASETS/CodecFake/train/F01_SSB18370278.wav,1
/data/DATASETS/CodecFake/train/F01_p226_056.wav,1
/data/DATASETS/CodecFake/train/F01_SSB18910307.wav,1
/data/DATASETS/CodecFake/train/F01_p280_314.wav,1
/data/DATASETS/CodecFake/train/F01_SSB00730254.wav,1
/data/DATASETS/CodecFake/train/F01_SSB03930256.wav,1
/data/DATASETS/CodecFake/train/F01_SSB00330073.wav,1
/data/DATASETS/CodecFake/train/F01_p286_464.wav,1
/data/DATASETS/CodecFake/train/F01_p270_243.wav,1
/data/DATASETS/CodecFake/train/F01_p283_256.wav,1
/data/DATASETS/CodecFake/train/F01_p259_115.wav,1
/data/DATASETS/CodecFake/train/F01_SSB01450075.wav,1
/data/DATASETS/CodecFake/train/F01_p257_133.wav,1
/data/DATASETS/CodecFake/train/F01_p295_119.wav,1
/data/DATASETS/CodecFake/train/F01_p273_282.wav,1
/data/DATASETS/CodecFake/train/F01_p262_142.wav,1
/data/DATASETS/CodecFake/train/F01_SSB02730250.wav,1
/data/DATASETS/CodecFake/train/F01_SSB18100351.wav,1
/data/DATASETS/CodecFake/train/F01_SSB07800322.wav,1
/data/DATASETS/CodecFake/train/F01_p305_047.wav,1
/data/DATASETS/CodecFake/train/F01_p278_166.wav,1
/data/DATASETS/CodecFake/train/F01_p317_079.wav,1
/data/DATASETS/CodecFake/train/F01_p239_452.wav,1
/data/DATASETS/CodecFake/train/F01_SSB02460144.wav,1
/data/DATASETS/CodecFake/train/F01_SSB00120126.wav,1
/data/DATASETS/CodecFake/train/F01_SSB03820154.wav,1
/data/DATASETS/CodecFake/train/F01_SSB06230039.wav,1
/data/DATASETS/CodecFake/train/F01_SSB00120009.wav,1
/data/DATASETS/CodecFake/train/F01_SSB13200203.wav,1
/data/DATASETS/CodecFake/train/F01_p278_018.wav,1
/data/DATASETS/CodecFake/train/F01_SSB06230429.wav,1
/data/DATASETS/CodecFake/train/F01_SSB18780287.wav,1
/data/DATASETS/CodecFake/train/F01_SSB13850278.wav,1
/data/DATASETS/CodecFake/train/F01_SSB12040196.wav,1
/data/DATASETS/CodecFake/train/F01_SSB18720387.wav,1
/data/DATASETS/CodecFake/train/F01_p285_051.wav,1
/data/DATASETS/CodecFake/train/F01_SSB03390401.wav,1
/data/DATASETS/CodecFake/train/F01_p246_061.wav,1
/data/DATASETS/CodecFake/train/F01_SSB02880430.wav,1
/data/DATASETS/CodecFake/train/F01_SSB01450149.wav,1
/data/DATASETS/CodecFake/train/F01_SSB10000119.wav,1
/data/DATASETS/CodecFake/train/F01_SSB06320272.wav,1
/data/DATASETS/CodecFake/train/F01_p307_324.wav,1
/data/DATASETS/CodecFake/train/F01_p287_075.wav,1
/data/DATASETS/CodecFake/train/F01_SSB06010424.wav,1
/data/DATASETS/CodecFake/train/F01_SSB07100285.wav,1
/data/DATASETS/CodecFake/train/F01_SSB06290157.wav,1
/data/DATASETS/CodecFake/train/F01_SSB11260294.wav,1
/data/DATASETS/CodecFake/train/F01_SSB18460335.wav,1
/data/DATASETS/CodecFake/train/F01_SSB10200150.wav,1
/data/DATASETS/CodecFake/train/F01_SSB03800158.wav,1
/data/DATASETS/CodecFake/train/F01_SSB03790053.wav,1
/data/DATASETS/CodecFake/train/F01_p312_092.wav,1
/data/DATASETS/CodecFake/train/F01_SSB07200412.wav,1
/data/DATASETS/CodecFake/train/F01_SSB02610509.wav,1
/data/DATASETS/CodecFake/train/F01_SSB06680115.wav,1
/data/DATASETS/CodecFake/train/F01_SSB13930465.wav,1
/data/DATASETS/CodecFake/train/F01_SSB15850056.wav,1
/data/DATASETS/CodecFake/train/F01_SSB03660139.wav,1
/data/DATASETS/CodecFake/train/F01_SSB10020261.wav,1
/data/DATASETS/CodecFake/train/F01_SSB12390282.wav,1
/data/DATASETS/CodecFake/train/F01_p260_329.wav,1
/data/DATASETS/CodecFake/train/F01_SSB01330041.wav,1
/data/DATASETS/CodecFake/train/F01_SSB10500498.wav,1
/data/DATASETS/CodecFake/train/F01_SSB01970320.wav,1
/data/DATASETS/CodecFake/train/F01_SSB07780263.wav,1
/data/DATASETS/CodecFake/train/F01_p273_385.wav,1
/data/DATASETS/CodecFake/train/F01_SSB07600268.wav,1
/data/DATASETS/CodecFake/train/F01_SSB07020248.wav,1
/data/DATASETS/CodecFake/train/F01_SSB03940089.wav,1
/data/DATASETS/CodecFake/train/F01_p269_075.wav,1
/data/DATASETS/CodecFake/train/F01_SSB07510205.wav,1
/data/DATASETS/CodecFake/train/F01_SSB10010389.wav,1
/data/DATASETS/CodecFake/train/F01_SSB03950194.wav,1
/data/DATASETS/CodecFake/train/F01_p280_378.wav,1
/data/DATASETS/CodecFake/train/F01_SSB07860263.wav,1
/data/DATASETS/CodecFake/train/F01_p231_160.wav,1
/data/DATASETS/CodecFake/train/F01_SSB13850458.wav,1
/data/DATASETS/CodecFake/train/F01_p323_213.wav,1
/data/DATASETS/CodecFake/train/F01_p247_407.wav,1
/data/DATASETS/CodecFake/train/F01_SSB12180174.wav,1
/data/DATASETS/CodecFake/train/F01_p256_036.wav,1
/data/DATASETS/CodecFake/train/F01_SSB06710071.wav,1
/data/DATASETS/CodecFake/train/F01_SSB13830368.wav,1
/data/DATASETS/CodecFake/train/F01_SSB06230076.wav,1
/data/DATASETS/CodecFake/train/F01_SSB15670348.wav,1
/data/DATASETS/CodecFake/train/F01_SSB03150310.wav,1
/data/DATASETS/CodecFake/train/F01_p295_133.wav,1
/data/DATASETS/CodecFake/train/F01_SSB06860099.wav,1
/data/DATASETS/CodecFake/train/F01_p343_162.wav,1
/data/DATASETS/CodecFake/train/F01_SSB06090386.wav,1
/data/DATASETS/CodecFake/train/F01_SSB03820294.wav,1
/data/DATASETS/CodecFake/train/F01_SSB07510273.wav,1
/data/DATASETS/CodecFake/train/F01_p333_364.wav,1
/data/DATASETS/CodecFake/train/F01_SSB12390172.wav,1
/data/DATASETS/CodecFake/train/F01_SSB07620253.wav,1
/data/DATASETS/CodecFake/train/F01_p243_044.wav,1
/data/DATASETS/CodecFake/train/F01_SSB10560337.wav,1
/data/DATASETS/CodecFake/train/F01_SSB03820326.wav,1
/data/DATASETS/CodecFake/train/F01_SSB04070298.wav,1
/data/DATASETS/CodecFake/train/F01_p294_362.wav,1
/data/DATASETS/CodecFake/train/F01_SSB03420379.wav,1
/data/DATASETS/CodecFake/train/F01_p270_450.wav,1
/data/DATASETS/CodecFake/train/F01_SSB06310410.wav,1
/data/DATASETS/CodecFake/train/F01_SSB04820124.wav,1
/data/DATASETS/CodecFake/train/F01_p302_260.wav,1
/data/DATASETS/CodecFake/train/F01_SSB04070146.wav,1
/data/DATASETS/CodecFake/train/F01_p285_214.wav,1
/data/DATASETS/CodecFake/train/F01_SSB13400348.wav,1
/data/DATASETS/CodecFake/train/F01_SSB06060338.wav,1
/data/DATASETS/CodecFake/train/F01_SSB02730326.wav,1
/data/DATASETS/CodecFake/train/F01_SSB18630396.wav,1
/data/DATASETS/CodecFake/train/F01_SSB09130275.wav,1
/data/DATASETS/CodecFake/train/F01_p310_204.wav,1
/data/DATASETS/CodecFake/train/F01_p305_286.wav,1
/data/DATASETS/CodecFake/train/F01_SSB01450417.wav,1
/data/DATASETS/CodecFake/train/F01_p239_282.wav,1
/data/DATASETS/CodecFake/train/F01_SSB09660170.wav,1
/data/DATASETS/CodecFake/train/F01_SSB11350384.wav,1
/data/DATASETS/CodecFake/train/F01_SSB07110354.wav,1
/data/DATASETS/CodecFake/train/F01_SSB14310348.wav,1
/data/DATASETS/CodecFake/train/F01_SSB15930362.wav,1
/data/DATASETS/CodecFake/train/F01_p310_386.wav,1
/data/DATASETS/CodecFake/train/F01_p269_013.wav,1
/data/DATASETS/CodecFake/train/F01_SSB07490383.wav,1
/data/DATASETS/CodecFake/train/F01_SSB16250144.wav,1
/data/DATASETS/CodecFake/train/F01_p268_259.wav,1
/data/DATASETS/CodecFake/train/F01_p234_100.wav,1
/data/DATASETS/CodecFake/train/F01_SSB06660161.wav,1
/data/DATASETS/CodecFake/train/F01_SSB07780299.wav,1
/data/DATASETS/CodecFake/train/F01_SSB18280110.wav,1
/data/DATASETS/CodecFake/train/F01_p258_162.wav,1
/data/DATASETS/CodecFake/train/F01_SSB16860111.wav,1
/data/DATASETS/CodecFake/train/F01_SSB19350237.wav,1
/data/DATASETS/CodecFake/train/F01_SSB10500252.wav,1
/data/DATASETS/CodecFake/train/F01_SSB09930355.wav,1
/data/DATASETS/CodecFake/train/F01_SSB06140096.wav,1
/data/DATASETS/CodecFake/train/F01_SSB02460365.wav,1
/data/DATASETS/CodecFake/train/F01_p257_280.wav,1
/data/DATASETS/CodecFake/train/F01_SSB11250002.wav,1
/data/DATASETS/CodecFake/train/F01_p292_128.wav,1
/data/DATASETS/CodecFake/train/F01_SSB18280357.wav,1
/data/DATASETS/CodecFake/train/F01_p270_022.wav,1
/data/DATASETS/CodecFake/train/F01_SSB04350069.wav,1
/data/DATASETS/CodecFake/train/F01_p249_041.wav,1
/data/DATASETS/CodecFake/train/F01_p315_087.wav,1
/data/DATASETS/CodecFake/train/F01_SSB17450271.wav,1
/data/DATASETS/CodecFake/train/F01_p263_185.wav,1
/data/DATASETS/CodecFake/train/F01_SSB07860077.wav,1
/data/DATASETS/CodecFake/train/F01_SSB06930302.wav,1
/data/DATASETS/CodecFake/train/F01_SSB07860187.wav,1
/data/DATASETS/CodecFake/train/F01_SSB03950260.wav,1
/data/DATASETS/CodecFake/train/F01_SSB03820248.wav,1
/data/DATASETS/CodecFake/train/F01_SSB09870428.wav,1
/data/DATASETS/CodecFake/train/F01_SSB06060364.wav,1
/data/DATASETS/CodecFake/train/F01_p310_401.wav,1
/data/DATASETS/CodecFake/train/F01_SSB11360183.wav,1
/data/DATASETS/CodecFake/train/F01_SSB00570448.wav,1
/data/DATASETS/CodecFake/train/F01_SSB10560092.wav,1
/data/DATASETS/CodecFake/train/F01_SSB01120246.wav,1
/data/DATASETS/CodecFake/train/F01_SSB06060389.wav,1
/data/DATASETS/CodecFake/train/F01_SSB12740307.wav,1
/data/DATASETS/CodecFake/train/F01_SSB02880450.wav,1
/data/DATASETS/CodecFake/train/F01_SSB07370057.wav,1
/data/DATASETS/CodecFake/train/F01_SSB08870062.wav,1
/data/DATASETS/CodecFake/train/F01_SSB10560315.wav,1
/data/DATASETS/CodecFake/train/F01_SSB12210021.wav,1
/data/DATASETS/CodecFake/train/F01_p275_291.wav,1
/data/DATASETS/CodecFake/train/F01_SSB04820008.wav,1
/data/DATASETS/CodecFake/train/F01_SSB11250181.wav,1
/data/DATASETS/CodecFake/train/F01_SSB02990427.wav,1
/data/DATASETS/CodecFake/train/F01_SSB19350114.wav,1
/data/DATASETS/CodecFake/train/F01_p314_180.wav,1
/data/DATASETS/CodecFake/train/F01_SSB19350171.wav,1
/data/DATASETS/CodecFake/train/F01_p280_059.wav,1
/data/DATASETS/CodecFake/train/F01_SSB11360102.wav,1
/data/DATASETS/CodecFake/train/F01_SSB12180135.wav,1
/data/DATASETS/CodecFake/train/F01_SSB05940120.wav,1
/data/DATASETS/CodecFake/train/F01_SSB08630177.wav,1
/data/DATASETS/CodecFake/train/F01_SSB15850440.wav,1
/data/DATASETS/CodecFake/train/F01_SSB15550112.wav,1
/data/DATASETS/CodecFake/train/F01_p340_212.wav,1
/data/DATASETS/CodecFake/train/F01_p360_358.wav,1
/data/DATASETS/CodecFake/train/F01_SSB04340331.wav,1
/data/DATASETS/CodecFake/train/F01_SSB13220205.wav,1
/data/DATASETS/CodecFake/train/F01_SSB04150247.wav,1
/data/DATASETS/CodecFake/train/F01_SSB05780354.wav,1
/data/DATASETS/CodecFake/train/F01_p274_287.wav,1
/data/DATASETS/CodecFake/train/F01_SSB07160114.wav,1
/data/DATASETS/CodecFake/train/F01_SSB18630018.wav,1
/data/DATASETS/CodecFake/train/F01_p229_330.wav,1
/data/DATASETS/CodecFake/train/F01_SSB13200461.wav,1
/data/DATASETS/CodecFake/train/F01_SSB14480443.wav,1
/data/DATASETS/CodecFake/train/F01_p318_169.wav,1
/data/DATASETS/CodecFake/train/F01_p277_126.wav,1
/data/DATASETS/CodecFake/train/F01_SSB03160015.wav,1
/data/DATASETS/CodecFake/train/F01_p262_390.wav,1
/data/DATASETS/CodecFake/train/F01_p288_148.wav,1
/data/DATASETS/CodecFake/train/F01_p273_299.wav,1
/data/DATASETS/CodecFake/train/F01_SSB07000132.wav,1
/data/DATASETS/CodecFake/train/F01_SSB11310472.wav,1
/data/DATASETS/CodecFake/train/F01_SSB10240285.wav,1
/data/DATASETS/CodecFake/train/F01_p262_065.wav,1
/data/DATASETS/CodecFake/train/F01_SSB03940477.wav,1
/data/DATASETS/CodecFake/train/F01_SSB11350353.wav,1
/data/DATASETS/CodecFake/train/F01_SSB13280235.wav,1
/data/DATASETS/CodecFake/train/F01_SSB05990035.wav,1
/data/DATASETS/CodecFake/train/F01_SSB07100440.wav,1
/data/DATASETS/CodecFake/train/F01_SSB18320420.wav,1
/data/DATASETS/CodecFake/train/F01_p283_443.wav,1
/data/DATASETS/CodecFake/train/F01_p374_314.wav,1
/data/DATASETS/CodecFake/train/F01_SSB00430097.wav,1
/data/DATASETS/CodecFake/train/F01_SSB04350443.wav,1
/data/DATASETS/CodecFake/train/F01_SSB01220444.wav,1
/data/DATASETS/CodecFake/train/F01_SSB06140332.wav,1
/data/DATASETS/CodecFake/train/F01_p339_078.wav,1
/data/DATASETS/CodecFake/train/F01_SSB08710191.wav,1
/data/DATASETS/CodecFake/train/F01_p237_025.wav,1
/data/DATASETS/CodecFake/train/F01_SSB08870377.wav,1
/data/DATASETS/CodecFake/train/F01_p333_331.wav,1
/data/DATASETS/CodecFake/train/F01_SSB01330330.wav,1
/data/DATASETS/CodecFake/train/F01_p257_057.wav,1
/data/DATASETS/CodecFake/train/F01_p239_407.wav,1
/data/DATASETS/CodecFake/train/F01_p258_238.wav,1
/data/DATASETS/CodecFake/train/F01_SSB15630112.wav,1
/data/DATASETS/CodecFake/train/F01_p258_190.wav,1
/data/DATASETS/CodecFake/train/F01_SSB10960110.wav,1
/data/DATASETS/CodecFake/train/F01_p248_176.wav,1
/data/DATASETS/CodecFake/train/F01_SSB01390183.wav,1
/data/DATASETS/CodecFake/train/F01_SSB05780082.wav,1
/data/DATASETS/CodecFake/train/F01_p281_253.wav,1
/data/DATASETS/CodecFake/train/F01_SSB10720197.wav,1
/data/DATASETS/CodecFake/train/F01_SSB10640109.wav,1
/data/DATASETS/CodecFake/train/F01_SSB06660445.wav,1
/data/DATASETS/CodecFake/train/F01_p233_256.wav,1
/data/DATASETS/CodecFake/train/F01_p333_148.wav,1
/data/DATASETS/CodecFake/train/F01_SSB16860253.wav,1
/data/DATASETS/CodecFake/train/F01_SSB11310153.wav,1
/data/DATASETS/CodecFake/train/F01_SSB08870227.wav,1
/data/DATASETS/CodecFake/train/F01_p283_169.wav,1
/data/DATASETS/CodecFake/train/F01_SSB04340218.wav,1
/data/DATASETS/CodecFake/train/F01_SSB12030437.wav,1
/data/DATASETS/CodecFake/train/F01_SSB03390243.wav,1
/data/DATASETS/CodecFake/train/F01_SSB14520091.wav,1
/data/DATASETS/CodecFake/train/F01_SSB06710348.wav,1
/data/DATASETS/CodecFake/train/F01_SSB07460440.wav,1
/data/DATASETS/CodecFake/train/F01_p299_137.wav,1
/data/DATASETS/CodecFake/train/F01_p285_003.wav,1
/data/DATASETS/CodecFake/train/F01_SSB15930037.wav,1
/data/DATASETS/CodecFake/train/F01_SSB19180215.wav,1
/data/DATASETS/CodecFake/train/F01_SSB05900029.wav,1
/data/DATASETS/CodecFake/train/F01_p364_024.wav,1
/data/DATASETS/CodecFake/train/F01_SSB07370160.wav,1
/data/DATASETS/CodecFake/train/F01_p361_078.wav,1
/data/DATASETS/CodecFake/train/F01_p267_084.wav,1
/data/DATASETS/CodecFake/train/F01_SSB03930106.wav,1
/data/DATASETS/CodecFake/train/F01_SSB07160245.wav,1
/data/DATASETS/CodecFake/train/F01_SSB03160453.wav,1
/data/DATASETS/CodecFake/train/F01_SSB00180142.wav,1
/data/DATASETS/CodecFake/train/F01_SSB10560507.wav,1
/data/DATASETS/CodecFake/train/F01_p230_102.wav,1
/data/DATASETS/CodecFake/train/F01_SSB04150040.wav,1
/data/DATASETS/CodecFake/train/F01_SSB07020394.wav,1
/data/DATASETS/CodecFake/train/F01_p268_345.wav,1
/data/DATASETS/CodecFake/train/F01_SSB11360167.wav,1
/data/DATASETS/CodecFake/train/F01_SSB02870182.wav,1
/data/DATASETS/CodecFake/train/F01_SSB03540345.wav,1
/data/DATASETS/CodecFake/train/F01_SSB04150375.wav,1
/data/DATASETS/CodecFake/train/F01_p361_378.wav,1
/data/DATASETS/CodecFake/train/F01_SSB07460157.wav,1
/data/DATASETS/CodecFake/train/F01_SSB03930122.wav,1
/data/DATASETS/CodecFake/train/F01_SSB09130405.wav,1
/data/DATASETS/CodecFake/train/F01_p292_185.wav,1
/data/DATASETS/CodecFake/train/F01_SSB01930061.wav,1
/data/DATASETS/CodecFake/train/F01_SSB17390332.wav,1
/data/DATASETS/CodecFake/train/F01_p307_141.wav,1
/data/DATASETS/CodecFake/train/F01_p301_262.wav,1
/data/DATASETS/CodecFake/train/F01_SSB07840367.wav,1
/data/DATASETS/CodecFake/train/F01_p287_076.wav,1
/data/DATASETS/CodecFake/train/F01_p261_218.wav,1
/data/DATASETS/CodecFake/train/F01_SSB11260287.wav,1
/data/DATASETS/CodecFake/train/F01_p288_304.wav,1
/data/DATASETS/CodecFake/train/F01_SSB13850455.wav,1
/data/DATASETS/CodecFake/train/F01_p273_323.wav,1
/data/DATASETS/CodecFake/train/F01_SSB04070185.wav,1
/data/DATASETS/CodecFake/train/F01_p303_005.wav,1
/data/DATASETS/CodecFake/train/F01_p299_168.wav,1
/data/DATASETS/CodecFake/train/F01_SSB15630350.wav,1
/data/DATASETS/CodecFake/train/F01_p261_020.wav,1
/data/DATASETS/CodecFake/train/F01_p336_260.wav,1
/data/DATASETS/CodecFake/train/F01_SSB16250085.wav,1
/data/DATASETS/CodecFake/train/F01_SSB13850409.wav,1
/data/DATASETS/CodecFake/train/F01_SSB16500094.wav,1
/data/DATASETS/CodecFake/train/F01_SSB09870402.wav,1
/data/DATASETS/CodecFake/train/F01_p226_050.wav,1
/data/DATASETS/CodecFake/train/F01_p229_216.wav,1
/data/DATASETS/CodecFake/train/F01_SSB17450130.wav,1
/data/DATASETS/CodecFake/train/F01_p341_022.wav,1
/data/DATASETS/CodecFake/train/F01_SSB07100335.wav,1
/data/DATASETS/CodecFake/train/F01_SSB04150263.wav,1
/data/DATASETS/CodecFake/train/F01_SSB09660326.wav,1
/data/DATASETS/CodecFake/train/F01_SSB11610480.wav,1
/data/DATASETS/CodecFake/train/F01_p256_028.wav,1
/data/DATASETS/CodecFake/train/F01_p282_197.wav,1
/data/DATASETS/CodecFake/train/F01_SSB05900315.wav,1
/data/DATASETS/CodecFake/train/F01_SSB03800112.wav,1
/data/DATASETS/CodecFake/train/F01_SSB16250261.wav,1
/data/DATASETS/CodecFake/train/F01_SSB18280033.wav,1
/data/DATASETS/CodecFake/train/F01_p271_328.wav,1
/data/DATASETS/CodecFake/train/F01_SSB05700157.wav,1
/data/DATASETS/CodecFake/train/F01_p334_177.wav,1
/data/DATASETS/CodecFake/train/F01_SSB07620469.wav,1
/data/DATASETS/CodecFake/train/F01_p241_195.wav,1
/data/DATASETS/CodecFake/train/F01_SSB03930317.wav,1
/data/DATASETS/CodecFake/train/F01_p292_308.wav,1
/data/DATASETS/CodecFake/train/F01_SSB03410208.wav,1
/data/DATASETS/CodecFake/train/F01_SSB06010183.wav,1
/data/DATASETS/CodecFake/train/F01_SSB13280280.wav,1
/data/DATASETS/CodecFake/train/F01_SSB04270257.wav,1
/data/DATASETS/CodecFake/train/F01_p267_113.wav,1
/data/DATASETS/CodecFake/train/F01_p318_246.wav,1
/data/DATASETS/CodecFake/train/F01_p281_159.wav,1
/data/DATASETS/CodecFake/train/F01_SSB00090193.wav,1
/data/DATASETS/CodecFake/train/F01_SSB15550274.wav,1
/data/DATASETS/CodecFake/train/F01_p339_263.wav,1
/data/DATASETS/CodecFake/train/F01_SSB13770099.wav,1
/data/DATASETS/CodecFake/train/F01_SSB06660349.wav,1
/data/DATASETS/CodecFake/train/F01_p316_188.wav,1
/data/DATASETS/CodecFake/train/F01_SSB18060243.wav,1
/data/DATASETS/CodecFake/train/F01_SSB12040310.wav,1
/data/DATASETS/CodecFake/train/F01_p264_215.wav,1
/data/DATASETS/CodecFake/train/F01_SSB13770179.wav,1
/data/DATASETS/CodecFake/train/F01_p304_281.wav,1
/data/DATASETS/CodecFake/train/F01_SSB16070020.wav,1
/data/DATASETS/CodecFake/train/F01_SSB05650506.wav,1
/data/DATASETS/CodecFake/train/F01_SSB00160373.wav,1
/data/DATASETS/CodecFake/train/F01_p234_284.wav,1
/data/DATASETS/CodecFake/train/F01_SSB19350146.wav,1
/data/DATASETS/CodecFake/train/F01_p247_029.wav,1
/data/DATASETS/CodecFake/train/F01_SSB13820417.wav,1
/data/DATASETS/CodecFake/train/F01_SSB16070218.wav,1
/data/DATASETS/CodecFake/train/F01_SSB08630074.wav,1
/data/DATASETS/CodecFake/train/F01_p256_236.wav,1
/data/DATASETS/CodecFake/train/F01_SSB11000066.wav,1
/data/DATASETS/CodecFake/train/F01_SSB17450183.wav,1
/data/DATASETS/CodecFake/train/F01_p248_230.wav,1
/data/DATASETS/CodecFake/train/F01_SSB04070233.wav,1
/data/DATASETS/CodecFake/train/F01_SSB06660291.wav,1
/data/DATASETS/CodecFake/train/F01_p285_272.wav,1
/data/DATASETS/CodecFake/train/F01_SSB00800080.wav,1
/data/DATASETS/CodecFake/train/F01_SSB02670295.wav,1
/data/DATASETS/CodecFake/train/F01_SSB03930107.wav,1
/data/DATASETS/CodecFake/train/F01_SSB09660503.wav,1
/data/DATASETS/CodecFake/train/F01_p276_172.wav,1
/data/DATASETS/CodecFake/train/F01_SSB06310264.wav,1
/data/DATASETS/CodecFake/train/F01_SSB03230380.wav,1
/data/DATASETS/CodecFake/train/F01_p281_270.wav,1
/data/DATASETS/CodecFake/train/F01_SSB02870337.wav,1
/data/DATASETS/CodecFake/train/F01_SSB12530445.wav,1
/data/DATASETS/CodecFake/train/F01_SSB07020222.wav,1
/data/DATASETS/CodecFake/train/F01_SSB08630325.wav,1
/data/DATASETS/CodecFake/train/F01_SSB07020115.wav,1
/data/DATASETS/CodecFake/train/F01_SSB07480153.wav,1
/data/DATASETS/CodecFake/train/F01_SSB07840381.wav,1
/data/DATASETS/CodecFake/train/F01_SSB18370117.wav,1
/data/DATASETS/CodecFake/train/F01_SSB13280371.wav,1
/data/DATASETS/CodecFake/train/F01_SSB00160408.wav,1
/data/DATASETS/CodecFake/train/F01_SSB03420172.wav,1
/data/DATASETS/CodecFake/train/F01_SSB03070185.wav,1
/data/DATASETS/CodecFake/train/F01_p305_405.wav,1
/data/DATASETS/CodecFake/train/F01_p323_199.wav,1
/data/DATASETS/CodecFake/train/F01_SSB17390283.wav,1
/data/DATASETS/CodecFake/train/F01_SSB02610190.wav,1
/data/DATASETS/CodecFake/train/F01_SSB07360306.wav,1
/data/DATASETS/CodecFake/train/F01_SSB00160263.wav,1
/data/DATASETS/CodecFake/train/F01_p301_022.wav,1
/data/DATASETS/CodecFake/train/F01_SSB03380006.wav,1
/data/DATASETS/CodecFake/train/F01_SSB08510312.wav,1
/data/DATASETS/CodecFake/train/F01_p265_037.wav,1
/data/DATASETS/CodecFake/train/F01_p333_371.wav,1
/data/DATASETS/CodecFake/train/F01_SSB13770297.wav,1
/data/DATASETS/CodecFake/train/F01_SSB10550167.wav,1
/data/DATASETS/CodecFake/train/F01_SSB18320063.wav,1
/data/DATASETS/CodecFake/train/F01_p283_157.wav,1
/data/DATASETS/CodecFake/train/F01_SSB05900350.wav,1
/data/DATASETS/CodecFake/train/F01_p252_024.wav,1
/data/DATASETS/CodecFake/train/F01_p304_423.wav,1
/data/DATASETS/CodecFake/train/F01_SSB11080039.wav,1
/data/DATASETS/CodecFake/train/F01_p361_091.wav,1
/data/DATASETS/CodecFake/train/F01_SSB16990463.wav,1
/data/DATASETS/CodecFake/train/F01_p259_157.wav,1
/data/DATASETS/CodecFake/train/F01_p228_134.wav,1
/data/DATASETS/CodecFake/train/F01_p303_166.wav,1
/data/DATASETS/CodecFake/train/F01_SSB07490165.wav,1
/data/DATASETS/CodecFake/train/F01_SSB02000363.wav,1
/data/DATASETS/CodecFake/train/F01_SSB18280303.wav,1
/data/DATASETS/CodecFake/train/F01_SSB11250012.wav,1
/data/DATASETS/CodecFake/train/F01_SSB09970213.wav,1
/data/DATASETS/CodecFake/train/F01_SSB09870449.wav,1
/data/DATASETS/CodecFake/train/F01_SSB01220001.wav,1
/data/DATASETS/CodecFake/train/F01_SSB07800277.wav,1
/data/DATASETS/CodecFake/train/F01_SSB03420224.wav,1
/data/DATASETS/CodecFake/train/F01_p312_416.wav,1
/data/DATASETS/CodecFake/train/F01_SSB09130185.wav,1
/data/DATASETS/CodecFake/train/F01_p277_307.wav,1
/data/DATASETS/CodecFake/train/F01_SSB17110328.wav,1
/data/DATASETS/CodecFake/train/F01_SSB12530315.wav,1
/data/DATASETS/CodecFake/train/F01_p374_394.wav,1
/data/DATASETS/CodecFake/train/F01_SSB04340364.wav,1
/data/DATASETS/CodecFake/train/F01_p263_321.wav,1
/data/DATASETS/CodecFake/train/F01_SSB05990250.wav,1
/data/DATASETS/CodecFake/train/F01_SSB15850137.wav,1
/data/DATASETS/CodecFake/train/F01_SSB10200161.wav,1
/data/DATASETS/CodecFake/train/F01_SSB05880308.wav,1
/data/DATASETS/CodecFake/train/F01_SSB18780088.wav,1
/data/DATASETS/CodecFake/train/F01_SSB04150428.wav,1
/data/DATASETS/CodecFake/train/F01_SSB05340458.wav,1
/data/DATASETS/CodecFake/train/F01_SSB16700064.wav,1
/data/DATASETS/CodecFake/train/F01_SSB18780477.wav,1
/data/DATASETS/CodecFake/train/F01_SSB03070399.wav,1
/data/DATASETS/CodecFake/train/F01_p303_184.wav,1
/data/DATASETS/CodecFake/train/F01_SSB10240211.wav,1
/data/DATASETS/CodecFake/train/F01_p245_237.wav,1
/data/DATASETS/CodecFake/train/F01_SSB14310167.wav,1
/data/DATASETS/CodecFake/train/F01_SSB03390150.wav,1
/data/DATASETS/CodecFake/train/F01_p264_141.wav,1
/data/DATASETS/CodecFake/train/F01_SSB16860148.wav,1
/data/DATASETS/CodecFake/train/F01_p297_338.wav,1
/data/DATASETS/CodecFake/train/F01_SSB04340375.wav,1
/data/DATASETS/CodecFake/train/F01_SSB10640439.wav,1
/data/DATASETS/CodecFake/train/F01_p312_154.wav,1
/data/DATASETS/CodecFake/train/F01_SSB03380437.wav,1
/data/DATASETS/CodecFake/train/F01_SSB18060194.wav,1
/data/DATASETS/CodecFake/train/F01_SSB05940051.wav,1
/data/DATASETS/CodecFake/train/F01_SSB17450146.wav,1
/data/DATASETS/CodecFake/train/F01_SSB07020459.wav,1
/data/DATASETS/CodecFake/train/F01_p305_060.wav,1
/data/DATASETS/CodecFake/train/F01_p247_303.wav,1
/data/DATASETS/CodecFake/train/F01_p317_267.wav,1
/data/DATASETS/CodecFake/train/F01_p288_234.wav,1
/data/DATASETS/CodecFake/train/F01_SSB05650185.wav,1
/data/DATASETS/CodecFake/train/F01_p316_303.wav,1
/data/DATASETS/CodecFake/train/F01_p279_402.wav,1
/data/DATASETS/CodecFake/train/F01_SSB06710310.wav,1
/data/DATASETS/CodecFake/train/F01_SSB13930133.wav,1
/data/DATASETS/CodecFake/train/F01_p276_095.wav,1
/data/DATASETS/CodecFake/train/F01_SSB07000296.wav,1
/data/DATASETS/CodecFake/train/F01_SSB18910080.wav,1
/data/DATASETS/CodecFake/train/F01_SSB01490363.wav,1
/data/DATASETS/CodecFake/train/F01_p255_068.wav,1
/data/DATASETS/CodecFake/train/F01_SSB16500256.wav,1
/data/DATASETS/CodecFake/train/F01_SSB10200195.wav,1
/data/DATASETS/CodecFake/train/F01_p341_345.wav,1
/data/DATASETS/CodecFake/train/F01_p298_065.wav,1
/data/DATASETS/CodecFake/train/F01_SSB10550112.wav,1
/data/DATASETS/CodecFake/train/F01_SSB10640233.wav,1
/data/DATASETS/CodecFake/train/F01_SSB14370041.wav,1
/data/DATASETS/CodecFake/train/F01_SSB00110130.wav,1
/data/DATASETS/CodecFake/train/F01_p302_291.wav,1
/data/DATASETS/CodecFake/train/F01_SSB07480349.wav,1
/data/DATASETS/CodecFake/train/F01_SSB07360182.wav,1
/data/DATASETS/CodecFake/train/F01_p239_063.wav,1
/data/DATASETS/CodecFake/train/F01_p282_246.wav,1
/data/DATASETS/CodecFake/train/F01_p268_184.wav,1
/data/DATASETS/CodecFake/train/F01_p238_018.wav,1
/data/DATASETS/CodecFake/train/F01_SSB03090397.wav,1
/data/DATASETS/CodecFake/train/F01_SSB03850225.wav,1
/data/DATASETS/CodecFake/train/F01_SSB03850123.wav,1
/data/DATASETS/CodecFake/train/F01_p303_348.wav,1
/data/DATASETS/CodecFake/train/F01_p268_371.wav,1
/data/DATASETS/CodecFake/train/F01_p252_068.wav,1
/data/DATASETS/CodecFake/train/F01_p261_306.wav,1
/data/DATASETS/CodecFake/train/F01_SSB01120003.wav,1
/data/DATASETS/CodecFake/train/F01_p270_139.wav,1
/data/DATASETS/CodecFake/train/F01_p260_068.wav,1
/data/DATASETS/CodecFake/train/F01_SSB11000491.wav,1
/data/DATASETS/CodecFake/train/F01_p275_116.wav,1
/data/DATASETS/CodecFake/train/F01_SSB10000050.wav,1
/data/DATASETS/CodecFake/train/F01_SSB18780127.wav,1
/data/DATASETS/CodecFake/train/F01_p237_063.wav,1
/data/DATASETS/CodecFake/train/F01_p257_302.wav,1
/data/DATASETS/CodecFake/train/F01_SSB12150449.wav,1
/data/DATASETS/CodecFake/train/F01_SSB04350093.wav,1
/data/DATASETS/CodecFake/train/F01_p272_245.wav,1
/data/DATASETS/CodecFake/train/F01_SSB06070202.wav,1
/data/DATASETS/CodecFake/train/F01_SSB13280042.wav,1
/data/DATASETS/CodecFake/train/F01_SSB01330121.wav,1
/data/DATASETS/CodecFake/train/F01_SSB01390149.wav,1
/data/DATASETS/CodecFake/train/F01_SSB10910486.wav,1
/data/DATASETS/CodecFake/train/F01_SSB05020136.wav,1
/data/DATASETS/CodecFake/train/F01_p276_102.wav,1
/data/DATASETS/CodecFake/train/F01_SSB19350027.wav,1
/data/DATASETS/CodecFake/train/F01_p347_285.wav,1
/data/DATASETS/CodecFake/train/F01_SSB12180086.wav,1
/data/DATASETS/CodecFake/train/F01_SSB03390128.wav,1
/data/DATASETS/CodecFake/train/F01_SSB07100060.wav,1
/data/DATASETS/CodecFake/train/F01_p343_393.wav,1
/data/DATASETS/CodecFake/train/F01_SSB13200192.wav,1
/data/DATASETS/CodecFake/train/F01_SSB18910056.wav,1
/data/DATASETS/CodecFake/train/F01_p231_346.wav,1
/data/DATASETS/CodecFake/train/F01_p267_288.wav,1
/data/DATASETS/CodecFake/train/F01_SSB00110412.wav,1
/data/DATASETS/CodecFake/train/F01_SSB03160480.wav,1
/data/DATASETS/CodecFake/train/F01_SSB12190157.wav,1
/data/DATASETS/CodecFake/train/F01_p239_458.wav,1
/data/DATASETS/CodecFake/train/F01_SSB07200082.wav,1
/data/DATASETS/CodecFake/train/F01_SSB15670195.wav,1
/data/DATASETS/CodecFake/train/F01_SSB05340147.wav,1
/data/DATASETS/CodecFake/train/F01_SSB11380451.wav,1
/data/DATASETS/CodecFake/train/F01_SSB07860058.wav,1
/data/DATASETS/CodecFake/train/F01_SSB09190152.wav,1
/data/DATASETS/CodecFake/train/F01_p376_203.wav,1
/data/DATASETS/CodecFake/train/F01_p285_053.wav,1
/data/DATASETS/CodecFake/train/F01_SSB10020335.wav,1
/data/DATASETS/CodecFake/train/F01_p274_032.wav,1
/data/DATASETS/CodecFake/train/F01_SSB12210474.wav,1
/data/DATASETS/CodecFake/train/F01_p232_344.wav,1
/data/DATASETS/CodecFake/train/F01_SSB15630502.wav,1
/data/DATASETS/CodecFake/train/F01_p276_118.wav,1
/data/DATASETS/CodecFake/train/F01_SSB17280418.wav,1
/data/DATASETS/CodecFake/train/F01_SSB05440148.wav,1
/data/DATASETS/CodecFake/train/F01_SSB12180254.wav,1
/data/DATASETS/CodecFake/train/F01_SSB11380471.wav,1
/data/DATASETS/CodecFake/train/F01_p343_347.wav,1
/data/DATASETS/CodecFake/train/F01_SSB13770417.wav,1
/data/DATASETS/CodecFake/train/F01_SSB07460399.wav,1
/data/DATASETS/CodecFake/train/F01_SSB19020288.wav,1
/data/DATASETS/CodecFake/train/F01_p323_097.wav,1
/data/DATASETS/CodecFake/train/F01_SSB03160476.wav,1
/data/DATASETS/CodecFake/train/F01_SSB06860263.wav,1
/data/DATASETS/CodecFake/train/F01_SSB18630050.wav,1
/data/DATASETS/CodecFake/train/F01_SSB06680269.wav,1
/data/DATASETS/CodecFake/train/F01_SSB16700288.wav,1
/data/DATASETS/CodecFake/train/F01_p246_113.wav,1
/data/DATASETS/CodecFake/train/F01_SSB00160336.wav,1
/data/DATASETS/CodecFake/train/F01_p271_201.wav,1
/data/DATASETS/CodecFake/train/F01_p239_388.wav,1
/data/DATASETS/CodecFake/train/F01_p278_077.wav,1
/data/DATASETS/CodecFake/train/F01_p307_367.wav,1
/data/DATASETS/CodecFake/train/F01_SSB07600003.wav,1
/data/DATASETS/CodecFake/train/F01_SSB10200067.wav,1
/data/DATASETS/CodecFake/train/F01_SSB02460399.wav,1
/data/DATASETS/CodecFake/train/F01_p244_031.wav,1
/data/DATASETS/CodecFake/train/F01_p253_326.wav,1
/data/DATASETS/CodecFake/train/F01_SSB14480033.wav,1
/data/DATASETS/CodecFake/train/F01_SSB07100031.wav,1
/data/DATASETS/CodecFake/train/F01_SSB03930403.wav,1
/data/DATASETS/CodecFake/train/F01_SSB16240456.wav,1
/data/DATASETS/CodecFake/train/F01_SSB03930285.wav,1
/data/DATASETS/CodecFake/train/F01_p329_323.wav,1
/data/DATASETS/CodecFake/train/F01_SSB11760237.wav,1
/data/DATASETS/CodecFake/train/F01_SSB00330406.wav,1
/data/DATASETS/CodecFake/train/F01_SSB09150044.wav,1
/data/DATASETS/CodecFake/train/F01_p233_329.wav,1
/data/DATASETS/CodecFake/train/F01_SSB07480103.wav,1
/data/DATASETS/CodecFake/train/F01_p301_151.wav,1
/data/DATASETS/CodecFake/train/F01_SSB19350257.wav,1
/data/DATASETS/CodecFake/train/F01_SSB15670474.wav,1
/data/DATASETS/CodecFake/train/F01_SSB07170419.wav,1
/data/DATASETS/CodecFake/train/F01_p259_210.wav,1
/data/DATASETS/CodecFake/train/F01_SSB18630095.wav,1
/data/DATASETS/CodecFake/train/F01_SSB04820203.wav,1
/data/DATASETS/CodecFake/train/F01_SSB11250202.wav,1
/data/DATASETS/CodecFake/train/F01_SSB06070192.wav,1
/data/DATASETS/CodecFake/train/F01_p295_348.wav,1
/data/DATASETS/CodecFake/train/F01_p275_269.wav,1
/data/DATASETS/CodecFake/train/F01_SSB05650417.wav,1
/data/DATASETS/CodecFake/train/F01_SSB14570229.wav,1
/data/DATASETS/CodecFake/train/F01_SSB14370137.wav,1
/data/DATASETS/CodecFake/train/F01_p233_284.wav,1
/data/DATASETS/CodecFake/train/F01_SSB06030349.wav,1
/data/DATASETS/CodecFake/train/F01_SSB01930030.wav,1
/data/DATASETS/CodecFake/train/F01_SSB11080324.wav,1
/data/DATASETS/CodecFake/train/F01_SSB07780011.wav,1
/data/DATASETS/CodecFake/train/F01_SSB07170091.wav,1
/data/DATASETS/CodecFake/train/F01_SSB14020392.wav,1
/data/DATASETS/CodecFake/train/F01_SSB03540209.wav,1
/data/DATASETS/CodecFake/train/F01_SSB08510311.wav,1
/data/DATASETS/CodecFake/train/F01_SSB18370116.wav,1
/data/DATASETS/CodecFake/train/F01_SSB10910116.wav,1
/data/DATASETS/CodecFake/train/F01_SSB07800006.wav,1
/data/DATASETS/CodecFake/train/F01_SSB06030381.wav,1
/data/DATASETS/CodecFake/train/F01_p226_341.wav,1
/data/DATASETS/CodecFake/train/F01_SSB18100066.wav,1
/data/DATASETS/CodecFake/train/F01_SSB07230189.wav,1
/data/DATASETS/CodecFake/train/F01_p293_309.wav,1
/data/DATASETS/CodecFake/train/F01_p278_235.wav,1
/data/DATASETS/CodecFake/train/F01_SSB10080398.wav,1
/data/DATASETS/CodecFake/train/F01_p276_092.wav,1
/data/DATASETS/CodecFake/train/F01_SSB04340148.wav,1
/data/DATASETS/CodecFake/train/F01_SSB19180054.wav,1
/data/DATASETS/CodecFake/train/F01_SSB11100026.wav,1
/data/DATASETS/CodecFake/train/F01_p351_225.wav,1
/data/DATASETS/CodecFake/train/F01_SSB11970453.wav,1
/data/DATASETS/CodecFake/train/F01_SSB08630486.wav,1
/data/DATASETS/CodecFake/train/F01_p307_120.wav,1
/data/DATASETS/CodecFake/train/F01_SSB00050475.wav,1
/data/DATASETS/CodecFake/train/F01_SSB05440327.wav,1
/data/DATASETS/CodecFake/train/F01_SSB07490184.wav,1
/data/DATASETS/CodecFake/train/F01_SSB06860374.wav,1
/data/DATASETS/CodecFake/train/F01_p301_280.wav,1
/data/DATASETS/CodecFake/train/F01_SSB03090093.wav,1
/data/DATASETS/CodecFake/train/F01_p255_271.wav,1
/data/DATASETS/CodecFake/train/F01_SSB14310008.wav,1
/data/DATASETS/CodecFake/train/F01_SSB02670461.wav,1
/data/DATASETS/CodecFake/train/F01_p351_283.wav,1
/data/DATASETS/CodecFake/train/F01_SSB02410234.wav,1
/data/DATASETS/CodecFake/train/F01_p310_097.wav,1
/data/DATASETS/CodecFake/train/F01_SSB02880130.wav,1
/data/DATASETS/CodecFake/train/F01_p229_114.wav,1
/data/DATASETS/CodecFake/train/F01_p339_093.wav,1
/data/DATASETS/CodecFake/train/F01_SSB00430044.wav,1
/data/DATASETS/CodecFake/train/F01_SSB07840111.wav,1
/data/DATASETS/CodecFake/train/F01_SSB08710445.wav,1
/data/DATASETS/CodecFake/train/F01_p363_034.wav,1
/data/DATASETS/CodecFake/train/F01_p274_459.wav,1
/data/DATASETS/CodecFake/train/F01_p248_004.wav,1
/data/DATASETS/CodecFake/train/F01_SSB06070296.wav,1
/data/DATASETS/CodecFake/train/F01_p226_111.wav,1
/data/DATASETS/CodecFake/train/F01_p292_288.wav,1
/data/DATASETS/CodecFake/train/F01_SSB07840124.wav,1
/data/DATASETS/CodecFake/train/F01_p295_273.wav,1
/data/DATASETS/CodecFake/train/F01_p287_391.wav,1
/data/DATASETS/CodecFake/train/F01_SSB16700193.wav,1
/data/DATASETS/CodecFake/train/F01_SSB01450227.wav,1
/data/DATASETS/CodecFake/train/F01_SSB11000146.wav,1
/data/DATASETS/CodecFake/train/F01_SSB07370220.wav,1
/data/DATASETS/CodecFake/train/F01_p258_355.wav,1
/data/DATASETS/CodecFake/train/F01_SSB07200081.wav,1
/data/DATASETS/CodecFake/train/F01_SSB07110498.wav,1
/data/DATASETS/CodecFake/train/F01_SSB01450291.wav,1
/data/DATASETS/CodecFake/train/F01_SSB06310444.wav,1
/data/DATASETS/CodecFake/train/F01_p307_192.wav,1
/data/DATASETS/CodecFake/train/F01_SSB18780304.wav,1
/data/DATASETS/CodecFake/train/F01_p314_381.wav,1
/data/DATASETS/CodecFake/train/F01_SSB12180429.wav,1
/data/DATASETS/CodecFake/train/F01_SSB07510219.wav,1
/data/DATASETS/CodecFake/train/F01_p266_072.wav,1
/data/DATASETS/CodecFake/train/F01_p226_281.wav,1
/data/DATASETS/CodecFake/train/F01_p245_210.wav,1
/data/DATASETS/CodecFake/train/F01_SSB19560106.wav,1
/data/DATASETS/CodecFake/train/F01_SSB11250320.wav,1
/data/DATASETS/CodecFake/train/F01_p286_053.wav,1
/data/DATASETS/CodecFake/train/F01_p230_322.wav,1
/data/DATASETS/CodecFake/train/F01_SSB13770175.wav,1
/data/DATASETS/CodecFake/train/F01_SSB16070124.wav,1
/data/DATASETS/CodecFake/train/F01_SSB18910289.wav,1
/data/DATASETS/CodecFake/train/F01_SSB18630101.wav,1
/data/DATASETS/CodecFake/train/F01_SSB14570081.wav,1
/data/DATASETS/CodecFake/train/F01_SSB19560100.wav,1
/data/DATASETS/CodecFake/train/F01_SSB04270098.wav,1
/data/DATASETS/CodecFake/train/F01_SSB10200366.wav,1
/data/DATASETS/CodecFake/train/F01_p232_389.wav,1
/data/DATASETS/CodecFake/train/F01_SSB16990293.wav,1
/data/DATASETS/CodecFake/train/F01_SSB11250329.wav,1
/data/DATASETS/CodecFake/train/F01_SSB03230461.wav,1
/data/DATASETS/CodecFake/train/F01_SSB04070131.wav,1
/data/DATASETS/CodecFake/train/F01_p249_323.wav,1
/data/DATASETS/CodecFake/train/F01_SSB06710098.wav,1
/data/DATASETS/CodecFake/train/F01_p265_183.wav,1
/data/DATASETS/CodecFake/train/F01_p259_349.wav,1
/data/DATASETS/CodecFake/train/F01_p269_009.wav,1
/data/DATASETS/CodecFake/train/F01_p237_328.wav,1
/data/DATASETS/CodecFake/train/F01_p281_061.wav,1
/data/DATASETS/CodecFake/train/F01_p247_399.wav,1
/data/DATASETS/CodecFake/train/F01_p261_440.wav,1
/data/DATASETS/CodecFake/train/F01_SSB10020412.wav,1
/data/DATASETS/CodecFake/train/F01_p251_325.wav,1
/data/DATASETS/CodecFake/train/F01_p363_230.wav,1
/data/DATASETS/CodecFake/train/F01_SSB16700323.wav,1
/data/DATASETS/CodecFake/train/F01_SSB02410305.wav,1
/data/DATASETS/CodecFake/train/F01_SSB05340427.wav,1
/data/DATASETS/CodecFake/train/F01_p243_343.wav,1
/data/DATASETS/CodecFake/train/F01_SSB03950004.wav,1
/data/DATASETS/CodecFake/train/F01_p251_181.wav,1
/data/DATASETS/CodecFake/train/F01_p247_247.wav,1
/data/DATASETS/CodecFake/train/F01_SSB02610090.wav,1
/data/DATASETS/CodecFake/train/F01_SSB00570424.wav,1
/data/DATASETS/CodecFake/train/F01_p304_082.wav,1
/data/DATASETS/CodecFake/train/F01_SSB03950352.wav,1
/data/DATASETS/CodecFake/train/F01_SSB07490226.wav,1
/data/DATASETS/CodecFake/train/F01_p247_424.wav,1
/data/DATASETS/CodecFake/train/F01_SSB05440279.wav,1
/data/DATASETS/CodecFake/train/F01_p313_416.wav,1
/data/DATASETS/CodecFake/train/F01_p286_461.wav,1
/data/DATASETS/CodecFake/train/F01_SSB06090058.wav,1
/data/DATASETS/CodecFake/train/F01_p310_340.wav,1
/data/DATASETS/CodecFake/train/F01_SSB07000208.wav,1
/data/DATASETS/CodecFake/train/F01_SSB03070475.wav,1
/data/DATASETS/CodecFake/train/F01_SSB07230385.wav,1
/data/DATASETS/CodecFake/train/F01_p230_202.wav,1
/data/DATASETS/CodecFake/train/F01_SSB04700253.wav,1
/data/DATASETS/CodecFake/train/F01_SSB03070348.wav,1
/data/DATASETS/CodecFake/train/F01_p233_134.wav,1
/data/DATASETS/CodecFake/train/F01_p254_144.wav,1
/data/DATASETS/CodecFake/train/F01_SSB15630321.wav,1
/data/DATASETS/CodecFake/train/F01_p256_049.wav,1
/data/DATASETS/CodecFake/train/F01_SSB11000057.wav,1
/data/DATASETS/CodecFake/train/F01_SSB06680172.wav,1
/data/DATASETS/CodecFake/train/F01_p299_382.wav,1
/data/DATASETS/CodecFake/train/F01_p318_333.wav,1
/data/DATASETS/CodecFake/train/F01_SSB18910358.wav,1
/data/DATASETS/CodecFake/train/F01_SSB06860405.wav,1
/data/DATASETS/CodecFake/train/F01_p239_316.wav,1
/data/DATASETS/CodecFake/train/F01_SSB11610179.wav,1
/data/DATASETS/CodecFake/train/F01_SSB01970206.wav,1
/data/DATASETS/CodecFake/train/F01_SSB03540433.wav,1
/data/DATASETS/CodecFake/train/F01_SSB06070495.wav,1
/data/DATASETS/CodecFake/train/F01_SSB00110338.wav,1
/data/DATASETS/CodecFake/train/F01_SSB12030162.wav,1
/data/DATASETS/CodecFake/train/F01_p311_330.wav,1
/data/DATASETS/CodecFake/train/F01_SSB09930327.wav,1
/data/DATASETS/CodecFake/train/F01_SSB19020357.wav,1
/data/DATASETS/CodecFake/train/F01_p269_168.wav,1
/data/DATASETS/CodecFake/train/F01_p230_374.wav,1
/data/DATASETS/CodecFake/train/F01_p226_031.wav,1
/data/DATASETS/CodecFake/train/F01_SSB19350118.wav,1
/data/DATASETS/CodecFake/train/F01_SSB05390440.wav,1
/data/DATASETS/CodecFake/train/F01_SSB07940263.wav,1
/data/DATASETS/CodecFake/train/F01_p300_356.wav,1
/data/DATASETS/CodecFake/train/F01_SSB06140195.wav,1
/data/DATASETS/CodecFake/train/F01_SSB10910223.wav,1
/data/DATASETS/CodecFake/train/F01_SSB18320301.wav,1
/data/DATASETS/CodecFake/train/F01_p226_347.wav,1
/data/DATASETS/CodecFake/train/F01_p339_112.wav,1
/data/DATASETS/CodecFake/train/F01_SSB04700158.wav,1
/data/DATASETS/CodecFake/train/F01_SSB13770244.wav,1
/data/DATASETS/CodecFake/train/F01_p361_169.wav,1
/data/DATASETS/CodecFake/train/F01_SSB14520180.wav,1
/data/DATASETS/CodecFake/train/F01_SSB16250334.wav,1
/data/DATASETS/CodecFake/train/F01_SSB09870303.wav,1
/data/DATASETS/CodecFake/train/F01_p256_201.wav,1
/data/DATASETS/CodecFake/train/F01_SSB03930248.wav,1
/data/DATASETS/CodecFake/train/F01_SSB16700385.wav,1
/data/DATASETS/CodecFake/train/F01_SSB03090430.wav,1
/data/DATASETS/CodecFake/train/F01_SSB10720431.wav,1
/data/DATASETS/CodecFake/train/F01_p268_163.wav,1
/data/DATASETS/CodecFake/train/F01_SSB12040431.wav,1
/data/DATASETS/CodecFake/train/F01_SSB07580447.wav,1
/data/DATASETS/CodecFake/train/F01_SSB03390285.wav,1
/data/DATASETS/CodecFake/train/F01_SSB02410108.wav,1
/data/DATASETS/CodecFake/train/F01_p268_046.wav,1
/data/DATASETS/CodecFake/train/F01_SSB13820448.wav,1
/data/DATASETS/CodecFake/train/F01_p340_389.wav,1
/data/DATASETS/CodecFake/train/F01_SSB06030438.wav,1
/data/DATASETS/CodecFake/train/F01_SSB07580465.wav,1
/data/DATASETS/CodecFake/train/F01_SSB00110164.wav,1
/data/DATASETS/CodecFake/train/F01_SSB06310483.wav,1
/data/DATASETS/CodecFake/train/F01_SSB02410222.wav,1
/data/DATASETS/CodecFake/train/F01_SSB16840420.wav,1
/data/DATASETS/CodecFake/train/F01_SSB13280057.wav,1
/data/DATASETS/CodecFake/train/F01_SSB12530260.wav,1
/data/DATASETS/CodecFake/train/F01_SSB11250082.wav,1
/data/DATASETS/CodecFake/train/F01_p374_222.wav,1
/data/DATASETS/CodecFake/train/F01_p292_022.wav,1
/data/DATASETS/CodecFake/train/F01_SSB05880035.wav,1
/data/DATASETS/CodecFake/train/F01_p259_292.wav,1
/data/DATASETS/CodecFake/train/F01_p286_291.wav,1
/data/DATASETS/CodecFake/train/F01_SSB03950231.wav,1
/data/DATASETS/CodecFake/train/F01_p260_012.wav,1
/data/DATASETS/CodecFake/train/F01_SSB03660309.wav,1
/data/DATASETS/CodecFake/train/F01_SSB06680413.wav,1
/data/DATASETS/CodecFake/train/F01_p284_122.wav,1
/data/DATASETS/CodecFake/train/F01_SSB02410435.wav,1
/data/DATASETS/CodecFake/train/F01_SSB17810346.wav,1
/data/DATASETS/CodecFake/train/F01_p239_323.wav,1
/data/DATASETS/CodecFake/train/F01_SSB09350326.wav,1
/data/DATASETS/CodecFake/train/F01_SSB03420337.wav,1
/data/DATASETS/CodecFake/train/F01_p306_221.wav,1
/data/DATASETS/CodecFake/train/F01_p254_315.wav,1
/data/DATASETS/CodecFake/train/F01_p330_383.wav,1
/data/DATASETS/CodecFake/train/F01_p239_199.wav,1
/data/DATASETS/CodecFake/train/F01_SSB05020105.wav,1
/data/DATASETS/CodecFake/train/F01_SSB06070152.wav,1
/data/DATASETS/CodecFake/train/F01_SSB08630218.wav,1
/data/DATASETS/CodecFake/train/F01_p340_053.wav,1
/data/DATASETS/CodecFake/train/F01_p305_190.wav,1
/data/DATASETS/CodecFake/train/F01_SSB10200052.wav,1
/data/DATASETS/CodecFake/train/F01_p330_412.wav,1
/data/DATASETS/CodecFake/train/F01_SSB03660262.wav,1
/data/DATASETS/CodecFake/train/F01_p227_161.wav,1
/data/DATASETS/CodecFake/train/F01_p362_222.wav,1
/data/DATASETS/CodecFake/train/F01_SSB19020285.wav,1
/data/DATASETS/CodecFake/train/F01_SSB02990148.wav,1
/data/DATASETS/CodecFake/train/F01_SSB00110365.wav,1
/data/DATASETS/CodecFake/train/F01_p295_175.wav,1
/data/DATASETS/CodecFake/train/F01_SSB13990136.wav,1
/data/DATASETS/CodecFake/train/F01_p275_183.wav,1
/data/DATASETS/CodecFake/train/F01_p335_283.wav,1
/data/DATASETS/CodecFake/train/F01_SSB17590495.wav,1
/data/DATASETS/CodecFake/train/F01_SSB06680335.wav,1
/data/DATASETS/CodecFake/train/F01_p228_343.wav,1
/data/DATASETS/CodecFake/train/F01_SSB10500255.wav,1
/data/DATASETS/CodecFake/train/F01_p266_419.wav,1
/data/DATASETS/CodecFake/train/F01_p275_399.wav,1
/data/DATASETS/CodecFake/train/F01_p255_359.wav,1
/data/DATASETS/CodecFake/train/F01_p251_162.wav,1
/data/DATASETS/CodecFake/train/F01_p270_443.wav,1
/data/DATASETS/CodecFake/train/F01_SSB16840349.wav,1
/data/DATASETS/CodecFake/train/F01_SSB06710087.wav,1
/data/DATASETS/CodecFake/train/F01_p292_172.wav,1
/data/DATASETS/CodecFake/train/F01_p333_005.wav,1
/data/DATASETS/CodecFake/train/F01_SSB03390344.wav,1
/data/DATASETS/CodecFake/train/F01_p313_388.wav,1
/data/DATASETS/CodecFake/train/F01_p363_031.wav,1
/data/DATASETS/CodecFake/train/F01_SSB11250113.wav,1
/data/DATASETS/CodecFake/train/F01_p305_179.wav,1
/data/DATASETS/CodecFake/train/F01_SSB15630021.wav,1
/data/DATASETS/CodecFake/train/F01_p301_277.wav,1
/data/DATASETS/CodecFake/train/F01_p340_172.wav,1
/data/DATASETS/CodecFake/train/F01_p340_059.wav,1
/data/DATASETS/CodecFake/train/F01_SSB05440270.wav,1
/data/DATASETS/CodecFake/train/F01_SSB03790273.wav,1
/data/DATASETS/CodecFake/train/F01_SSB09190413.wav,1
/data/DATASETS/CodecFake/train/F01_SSB10960403.wav,1
/data/DATASETS/CodecFake/train/F01_SSB05990320.wav,1
/data/DATASETS/CodecFake/train/F01_SSB13850177.wav,1
/data/DATASETS/CodecFake/train/F01_p239_359.wav,1
/data/DATASETS/CodecFake/train/F01_SSB18910398.wav,1
/data/DATASETS/CodecFake/train/F01_SSB00090202.wav,1
/data/DATASETS/CodecFake/train/F01_p345_077.wav,1
/data/DATASETS/CodecFake/train/F01_p364_158.wav,1
/data/DATASETS/CodecFake/train/F01_SSB05440463.wav,1
/data/DATASETS/CodecFake/train/F01_SSB10020099.wav,1
/data/DATASETS/CodecFake/train/F01_SSB07100269.wav,1
/data/DATASETS/CodecFake/train/F01_SSB07940418.wav,1
/data/DATASETS/CodecFake/train/F01_SSB03790482.wav,1
/data/DATASETS/CodecFake/train/F01_SSB12040169.wav,1
/data/DATASETS/CodecFake/train/F01_SSB06860320.wav,1
/data/DATASETS/CodecFake/train/F01_p323_208.wav,1
/data/DATASETS/CodecFake/train/F01_SSB07230114.wav,1
/data/DATASETS/CodecFake/train/F01_p351_075.wav,1
/data/DATASETS/CodecFake/train/F01_SSB06680130.wav,1
/data/DATASETS/CodecFake/train/F01_SSB07800110.wav,1
/data/DATASETS/CodecFake/train/F01_p238_322.wav,1
/data/DATASETS/CodecFake/train/F01_SSB05880245.wav,1
/data/DATASETS/CodecFake/train/F01_SSB07360275.wav,1
/data/DATASETS/CodecFake/train/F01_SSB05780349.wav,1
/data/DATASETS/CodecFake/train/F01_SSB03070143.wav,1
/data/DATASETS/CodecFake/train/F01_SSB10080304.wav,1
/data/DATASETS/CodecFake/train/F01_p316_070.wav,1
/data/DATASETS/CodecFake/train/F01_SSB18280012.wav,1
/data/DATASETS/CodecFake/train/F01_p362_129.wav,1
/data/DATASETS/CodecFake/train/F01_SSB11250137.wav,1
/data/DATASETS/CodecFake/train/F01_SSB07480137.wav,1
/data/DATASETS/CodecFake/train/F01_SSB03950481.wav,1
/data/DATASETS/CodecFake/train/F01_SSB14480351.wav,1
/data/DATASETS/CodecFake/train/F01_SSB00050216.wav,1
/data/DATASETS/CodecFake/train/F01_SSB15550299.wav,1
/data/DATASETS/CodecFake/train/F01_p231_294.wav,1
/data/DATASETS/CodecFake/train/F01_SSB00730085.wav,1
/data/DATASETS/CodecFake/train/F01_p236_457.wav,1
/data/DATASETS/CodecFake/train/F01_SSB07840201.wav,1
/data/DATASETS/CodecFake/train/F01_SSB03090454.wav,1
/data/DATASETS/CodecFake/train/F01_p361_396.wav,1
/data/DATASETS/CodecFake/train/F01_SSB18100365.wav,1
/data/DATASETS/CodecFake/train/F01_p271_273.wav,1
/data/DATASETS/CodecFake/train/F01_p253_376.wav,1
/data/DATASETS/CodecFake/train/F01_SSB06660134.wav,1
/data/DATASETS/CodecFake/train/F01_SSB13930472.wav,1
/data/DATASETS/CodecFake/train/F01_SSB13660006.wav,1
/data/DATASETS/CodecFake/train/F01_SSB05780291.wav,1
/data/DATASETS/CodecFake/train/F01_SSB07360500.wav,1
/data/DATASETS/CodecFake/train/F01_SSB00160346.wav,1
/data/DATASETS/CodecFake/train/F01_SSB06070267.wav,1
/data/DATASETS/CodecFake/train/F01_SSB11310176.wav,1
/data/DATASETS/CodecFake/train/F01_SSB01490131.wav,1
/data/DATASETS/CodecFake/train/F01_SSB03790104.wav,1
/data/DATASETS/CodecFake/train/F01_SSB15670255.wav,1
/data/DATASETS/CodecFake/train/F01_SSB11380409.wav,1
/data/DATASETS/CodecFake/train/F01_SSB07160175.wav,1
/data/DATASETS/CodecFake/train/F01_SSB02670182.wav,1
/data/DATASETS/CodecFake/train/F01_SSB07020117.wav,1
/data/DATASETS/CodecFake/train/F01_SSB05350210.wav,1
/data/DATASETS/CodecFake/train/F01_p333_284.wav,1
/data/DATASETS/CodecFake/train/F01_SSB08710378.wav,1
/data/DATASETS/CodecFake/train/F01_SSB04700248.wav,1
/data/DATASETS/CodecFake/train/F01_p362_072.wav,1
/data/DATASETS/CodecFake/train/F01_p301_302.wav,1
/data/DATASETS/CodecFake/train/F01_SSB00330104.wav,1
/data/DATASETS/CodecFake/train/F01_p284_142.wav,1
/data/DATASETS/CodecFake/train/F01_SSB03410031.wav,1
/data/DATASETS/CodecFake/train/F01_p255_158.wav,1
/data/DATASETS/CodecFake/train/F01_p361_130.wav,1
/data/DATASETS/CodecFake/train/F01_SSB07100318.wav,1
/data/DATASETS/CodecFake/train/F01_SSB05900408.wav,1
/data/DATASETS/CodecFake/train/F01_SSB10560456.wav,1
/data/DATASETS/CodecFake/train/F01_SSB17280308.wav,1
/data/DATASETS/CodecFake/train/F01_p294_214.wav,1
/data/DATASETS/CodecFake/train/F01_SSB11250341.wav,1
/data/DATASETS/CodecFake/train/F01_SSB13400441.wav,1
/data/DATASETS/CodecFake/train/F01_SSB01490143.wav,1
/data/DATASETS/CodecFake/train/F01_SSB01120495.wav,1
/data/DATASETS/CodecFake/train/F01_SSB03160361.wav,1
/data/DATASETS/CodecFake/train/F01_SSB10910337.wav,1
/data/DATASETS/CodecFake/train/F01_SSB05900075.wav,1
/data/DATASETS/CodecFake/train/F01_SSB13820008.wav,1
/data/DATASETS/CodecFake/train/F01_SSB17280464.wav,1
/data/DATASETS/CodecFake/train/F01_p273_415.wav,1
/data/DATASETS/CodecFake/train/F01_SSB03070049.wav,1
/data/DATASETS/CodecFake/train/F01_SSB07480195.wav,1
/data/DATASETS/CodecFake/train/F01_SSB07460219.wav,1
/data/DATASETS/CodecFake/train/F01_p241_328.wav,1
/data/DATASETS/CodecFake/train/F01_SSB03850139.wav,1
/data/DATASETS/CodecFake/train/F01_SSB10080092.wav,1
/data/DATASETS/CodecFake/train/F01_SSB02730480.wav,1
/data/DATASETS/CodecFake/train/F01_SSB07620358.wav,1
/data/DATASETS/CodecFake/train/F01_SSB01490457.wav,1
/data/DATASETS/CodecFake/train/F01_p340_123.wav,1
/data/DATASETS/CodecFake/train/F01_p293_350.wav,1
/data/DATASETS/CodecFake/train/F01_p270_381.wav,1
/data/DATASETS/CodecFake/train/F01_p295_118.wav,1
/data/DATASETS/CodecFake/train/F01_SSB01120428.wav,1
/data/DATASETS/CodecFake/train/F01_SSB16500043.wav,1
/data/DATASETS/CodecFake/train/F01_SSB12740110.wav,1
/data/DATASETS/CodecFake/train/F01_SSB02870283.wav,1
/data/DATASETS/CodecFake/train/F01_p335_237.wav,1
/data/DATASETS/CodecFake/train/F01_SSB00330022.wav,1
/data/DATASETS/CodecFake/train/F01_p306_133.wav,1
/data/DATASETS/CodecFake/train/F01_SSB07480007.wav,1
/data/DATASETS/CodecFake/train/F01_SSB10640193.wav,1
/data/DATASETS/CodecFake/train/F01_p251_100.wav,1
/data/DATASETS/CodecFake/train/F01_SSB00120082.wav,1
/data/DATASETS/CodecFake/train/F01_SSB06930112.wav,1
/data/DATASETS/CodecFake/train/F01_SSB12150108.wav,1
/data/DATASETS/CodecFake/train/F01_SSB05780298.wav,1
/data/DATASETS/CodecFake/train/F01_SSB16700432.wav,1
/data/DATASETS/CodecFake/train/F01_SSB05340148.wav,1
/data/DATASETS/CodecFake/train/F01_p280_123.wav,1
/data/DATASETS/CodecFake/train/F01_SSB06710029.wav,1
/data/DATASETS/CodecFake/train/F01_SSB17110145.wav,1
/data/DATASETS/CodecFake/train/F01_p351_340.wav,1
/data/DATASETS/CodecFake/train/F01_SSB10640329.wav,1
/data/DATASETS/CodecFake/train/F01_SSB00050130.wav,1
/data/DATASETS/CodecFake/train/F01_SSB09870196.wav,1
/data/DATASETS/CodecFake/train/F01_p269_248.wav,1
/data/DATASETS/CodecFake/train/F01_SSB01330227.wav,1
/data/DATASETS/CodecFake/train/F01_SSB00050085.wav,1
/data/DATASETS/CodecFake/train/F01_p336_036.wav,1
/data/DATASETS/CodecFake/train/F01_SSB03150317.wav,1
/data/DATASETS/CodecFake/train/F01_SSB13020021.wav,1
/data/DATASETS/CodecFake/train/F01_p280_044.wav,1
/data/DATASETS/CodecFake/train/F01_SSB16860350.wav,1
/data/DATASETS/CodecFake/train/F01_SSB03160156.wav,1
/data/DATASETS/CodecFake/train/F01_p288_111.wav,1
/data/DATASETS/CodecFake/train/F01_SSB13280101.wav,1
/data/DATASETS/CodecFake/train/F01_SSB07780121.wav,1
/data/DATASETS/CodecFake/train/F01_SSB13850377.wav,1
/data/DATASETS/CodecFake/train/F01_SSB06290003.wav,1
/data/DATASETS/CodecFake/train/F01_p278_297.wav,1
/data/DATASETS/CodecFake/train/F01_p306_245.wav,1
/data/DATASETS/CodecFake/train/F01_p340_210.wav,1
/data/DATASETS/CodecFake/train/F01_SSB13400244.wav,1
/data/DATASETS/CodecFake/train/F01_SSB03790221.wav,1
/data/DATASETS/CodecFake/train/F01_SSB12030136.wav,1
/data/DATASETS/CodecFake/train/F01_p361_333.wav,1
/data/DATASETS/CodecFake/train/F01_SSB10010264.wav,1
/data/DATASETS/CodecFake/train/F01_p263_005.wav,1
/data/DATASETS/CodecFake/train/F01_p226_155.wav,1
/data/DATASETS/CodecFake/train/F01_p265_044.wav,1
/data/DATASETS/CodecFake/train/F01_p228_045.wav,1
/data/DATASETS/CodecFake/train/F01_SSB06860014.wav,1
/data/DATASETS/CodecFake/train/F01_SSB06060072.wav,1
/data/DATASETS/CodecFake/train/F01_SSB01490377.wav,1
/data/DATASETS/CodecFake/train/F01_SSB02410047.wav,1
/data/DATASETS/CodecFake/train/F01_SSB06060302.wav,1
/data/DATASETS/CodecFake/train/F01_p299_258.wav,1
/data/DATASETS/CodecFake/train/F01_SSB15630357.wav,1
/data/DATASETS/CodecFake/train/F01_SSB06310304.wav,1
/data/DATASETS/CodecFake/train/F01_SSB00180318.wav,1
/data/DATASETS/CodecFake/train/F01_p307_282.wav,1
/data/DATASETS/CodecFake/train/F01_SSB07600277.wav,1
/data/DATASETS/CodecFake/train/F01_p363_194.wav,1
/data/DATASETS/CodecFake/train/F01_p312_116.wav,1
/data/DATASETS/CodecFake/train/F01_SSB07780243.wav,1
/data/DATASETS/CodecFake/train/F01_SSB07360371.wav,1
/data/DATASETS/CodecFake/train/F01_p300_126.wav,1
/data/DATASETS/CodecFake/train/F01_SSB18280319.wav,1
/data/DATASETS/CodecFake/train/F01_SSB06090029.wav,1
/data/DATASETS/CodecFake/train/F01_SSB07100479.wav,1
/data/DATASETS/CodecFake/train/F01_SSB07490127.wav,1
/data/DATASETS/CodecFake/train/F01_SSB06230279.wav,1
/data/DATASETS/CodecFake/train/F01_SSB01490316.wav,1
/data/DATASETS/CodecFake/train/F01_SSB10960153.wav,1
/data/DATASETS/CodecFake/train/F01_SSB10640131.wav,1
/data/DATASETS/CodecFake/train/F01_SSB09150204.wav,1
/data/DATASETS/CodecFake/train/F01_SSB04070101.wav,1
/data/DATASETS/CodecFake/train/F01_SSB00430168.wav,1
/data/DATASETS/CodecFake/train/F01_p254_383.wav,1
/data/DATASETS/CodecFake/train/F01_SSB07170258.wav,1
/data/DATASETS/CodecFake/train/F01_p301_269.wav,1
/data/DATASETS/CodecFake/train/F01_SSB06320327.wav,1
/data/DATASETS/CodecFake/train/F01_p248_345.wav,1
/data/DATASETS/CodecFake/train/F01_p264_396.wav,1
/data/DATASETS/CodecFake/train/F01_SSB18720361.wav,1
/data/DATASETS/CodecFake/train/F01_SSB05350114.wav,1
/data/DATASETS/CodecFake/train/F01_SSB01220243.wav,1
/data/DATASETS/CodecFake/train/F01_SSB05340225.wav,1
/data/DATASETS/CodecFake/train/F01_SSB17280235.wav,1
/data/DATASETS/CodecFake/train/F01_SSB06030355.wav,1
/data/DATASETS/CodecFake/train/F01_SSB16860164.wav,1
/data/DATASETS/CodecFake/train/F01_p272_280.wav,1
/data/DATASETS/CodecFake/train/F01_SSB01390208.wav,1
/data/DATASETS/CodecFake/train/F01_SSB00090201.wav,1
/data/DATASETS/CodecFake/train/F01_p251_148.wav,1
/data/DATASETS/CodecFake/train/F01_SSB02610291.wav,1
/data/DATASETS/CodecFake/train/F01_SSB11080349.wav,1
/data/DATASETS/CodecFake/train/F01_p362_257.wav,1
/data/DATASETS/CodecFake/train/F01_p255_295.wav,1
/data/DATASETS/CodecFake/train/F01_SSB10560299.wav,1
/data/DATASETS/CodecFake/train/F01_SSB18090416.wav,1
/data/DATASETS/CodecFake/train/F01_p287_264.wav,1
/data/DATASETS/CodecFake/train/F01_p239_266.wav,1
/data/DATASETS/CodecFake/train/F01_p279_073.wav,1
/data/DATASETS/CodecFake/train/F01_p305_209.wav,1
/data/DATASETS/CodecFake/train/F01_p293_190.wav,1
/data/DATASETS/CodecFake/train/F01_SSB09970316.wav,1
/data/DATASETS/CodecFake/train/F01_p304_226.wav,1
/data/DATASETS/CodecFake/train/F01_SSB13820224.wav,1
/data/DATASETS/CodecFake/train/F01_SSB16840126.wav,1
/data/DATASETS/CodecFake/train/F01_SSB13820493.wav,1
/data/DATASETS/CodecFake/train/F01_SSB07600230.wav,1
/data/DATASETS/CodecFake/train/F01_SSB12740248.wav,1
/data/DATASETS/CodecFake/train/F01_SSB01970401.wav,1
/data/DATASETS/CodecFake/train/F01_SSB07360317.wav,1
/data/DATASETS/CodecFake/train/F01_SSB05650140.wav,1
/data/DATASETS/CodecFake/train/F01_p227_307.wav,1
/data/DATASETS/CodecFake/train/F01_SSB18630118.wav,1
/data/DATASETS/CodecFake/train/F01_SSB13400364.wav,1
/data/DATASETS/CodecFake/train/F01_SSB01970402.wav,1
/data/DATASETS/CodecFake/train/F01_SSB04070049.wav,1
/data/DATASETS/CodecFake/train/F01_p323_126.wav,1
/data/DATASETS/CodecFake/train/F01_p285_081.wav,1
/data/DATASETS/CodecFake/train/F01_p273_217.wav,1
/data/DATASETS/CodecFake/train/F01_SSB07940377.wav,1
/data/DATASETS/CodecFake/train/F01_SSB02460005.wav,1
/data/DATASETS/CodecFake/train/F01_p250_038.wav,1
/data/DATASETS/CodecFake/train/F01_SSB01450369.wav,1
/data/DATASETS/CodecFake/train/F01_p376_032.wav,1
/data/DATASETS/CodecFake/train/F01_SSB06930353.wav,1
/data/DATASETS/CodecFake/train/F01_p254_122.wav,1
/data/DATASETS/CodecFake/train/F01_p255_106.wav,1
/data/DATASETS/CodecFake/train/F01_SSB03160507.wav,1
/data/DATASETS/CodecFake/train/F01_SSB06860282.wav,1
/data/DATASETS/CodecFake/train/F01_SSB07620128.wav,1
/data/DATASETS/CodecFake/train/F01_p249_059.wav,1
/data/DATASETS/CodecFake/train/F01_SSB10960252.wav,1
/data/DATASETS/CodecFake/train/F01_p361_039.wav,1
/data/DATASETS/CodecFake/train/F01_p360_131.wav,1
/data/DATASETS/CodecFake/train/F01_p236_462.wav,1
/data/DATASETS/CodecFake/train/F01_SSB09190469.wav,1
/data/DATASETS/CodecFake/train/F01_SSB07580038.wav,1
/data/DATASETS/CodecFake/train/F01_SSB07600104.wav,1
/data/DATASETS/CodecFake/train/F01_SSB09660250.wav,1
/data/DATASETS/CodecFake/train/F01_p232_241.wav,1
/data/DATASETS/CodecFake/train/F01_p255_266.wav,1
/data/DATASETS/CodecFake/train/F01_SSB19390043.wav,1
/data/DATASETS/CodecFake/train/F01_SSB05020452.wav,1
/data/DATASETS/CodecFake/train/F01_SSB07840043.wav,1
/data/DATASETS/CodecFake/train/F01_p304_175.wav,1
/data/DATASETS/CodecFake/train/F01_p317_072.wav,1
/data/DATASETS/CodecFake/train/F01_p264_110.wav,1
/data/DATASETS/CodecFake/train/F01_SSB05990101.wav,1
/data/DATASETS/CodecFake/train/F01_p292_221.wav,1
/data/DATASETS/CodecFake/train/F01_SSB00800084.wav,1
/data/DATASETS/CodecFake/train/F01_p312_337.wav,1
/data/DATASETS/CodecFake/train/F01_SSB18370224.wav,1
/data/DATASETS/CodecFake/train/F01_p339_292.wav,1
/data/DATASETS/CodecFake/train/F01_SSB15630298.wav,1
/data/DATASETS/CodecFake/train/F01_SSB00050337.wav,1
/data/DATASETS/CodecFake/train/F01_p276_099.wav,1
/data/DATASETS/CodecFake/train/F01_SSB07600298.wav,1
/data/DATASETS/CodecFake/train/F01_SSB03230050.wav,1
/data/DATASETS/CodecFake/train/F01_SSB16300379.wav,1
/data/DATASETS/CodecFake/train/F01_SSB00050265.wav,1
/data/DATASETS/CodecFake/train/F01_SSB15670065.wav,1
/data/DATASETS/CodecFake/train/F01_SSB13930119.wav,1
/data/DATASETS/CodecFake/train/F01_p245_218.wav,1
/data/DATASETS/CodecFake/train/F01_SSB19560456.wav,1
/data/DATASETS/CodecFake/train/F01_SSB07170249.wav,1
/data/DATASETS/CodecFake/train/F01_SSB19390053.wav,1
/data/DATASETS/CodecFake/train/F01_SSB06310034.wav,1
/data/DATASETS/CodecFake/train/F01_SSB06010088.wav,1
/data/DATASETS/CodecFake/train/F01_SSB03390395.wav,1
/data/DATASETS/CodecFake/train/F01_p231_132.wav,1
/data/DATASETS/CodecFake/train/F01_SSB07510230.wav,1
/data/DATASETS/CodecFake/train/F01_p316_284.wav,1
/data/DATASETS/CodecFake/train/F01_SSB06320117.wav,1
/data/DATASETS/CodecFake/train/F01_p317_017.wav,1
/data/DATASETS/CodecFake/train/F01_p247_105.wav,1
/data/DATASETS/CodecFake/train/F01_p351_158.wav,1
/data/DATASETS/CodecFake/train/F01_SSB06680489.wav,1
/data/DATASETS/CodecFake/train/F01_SSB15930313.wav,1
/data/DATASETS/CodecFake/train/F01_SSB03790270.wav,1
/data/DATASETS/CodecFake/train/F01_SSB02670078.wav,1
/data/DATASETS/CodecFake/train/F01_SSB03660330.wav,1
/data/DATASETS/CodecFake/train/F01_SSB08630379.wav,1
/data/DATASETS/CodecFake/train/F01_SSB05350168.wav,1
/data/DATASETS/CodecFake/train/F01_SSB09130105.wav,1
/data/DATASETS/CodecFake/train/F01_SSB05900008.wav,1
/data/DATASETS/CodecFake/train/F01_SSB05350140.wav,1
/data/DATASETS/CodecFake/train/F01_SSB03820015.wav,1
/data/DATASETS/CodecFake/train/F01_p238_388.wav,1
/data/DATASETS/CodecFake/train/F01_SSB02410402.wav,1
/data/DATASETS/CodecFake/train/F01_p335_142.wav,1
/data/DATASETS/CodecFake/train/F01_p299_357.wav,1
/data/DATASETS/CodecFake/train/F01_SSB10560503.wav,1
/data/DATASETS/CodecFake/train/F01_SSB03950374.wav,1
/data/DATASETS/CodecFake/train/F01_SSB03820402.wav,1
/data/DATASETS/CodecFake/train/F01_SSB19350460.wav,1
/data/DATASETS/CodecFake/train/F01_p335_039.wav,1
/data/DATASETS/CodecFake/train/F01_SSB01450408.wav,1
/data/DATASETS/CodecFake/train/F01_p252_130.wav,1
/data/DATASETS/CodecFake/train/F01_p329_032.wav,1
/data/DATASETS/CodecFake/train/F01_p269_011.wav,1
/data/DATASETS/CodecFake/train/F01_SSB05390412.wav,1
/data/DATASETS/CodecFake/train/F01_SSB13920098.wav,1
/data/DATASETS/CodecFake/train/F01_p248_219.wav,1
/data/DATASETS/CodecFake/train/F01_p230_304.wav,1
/data/DATASETS/CodecFake/train/F01_SSB08510429.wav,1
/data/DATASETS/CodecFake/train/F01_p262_352.wav,1
/data/DATASETS/CodecFake/train/F01_p244_092.wav,1
/data/DATASETS/CodecFake/train/F01_p374_170.wav,1
/data/DATASETS/CodecFake/train/F01_SSB15930169.wav,1
/data/DATASETS/CodecFake/train/F01_p251_254.wav,1
/data/DATASETS/CodecFake/train/F01_SSB17390222.wav,1
/data/DATASETS/CodecFake/train/F01_SSB10020217.wav,1
/data/DATASETS/CodecFake/train/F01_SSB07370389.wav,1
/data/DATASETS/CodecFake/train/F01_SSB07510443.wav,1
/data/DATASETS/CodecFake/train/F01_SSB15750222.wav,1
/data/DATASETS/CodecFake/train/F01_p254_380.wav,1
/data/DATASETS/CodecFake/train/F01_SSB09660101.wav,1
/data/DATASETS/CodecFake/train/F01_SSB00160014.wav,1
/data/DATASETS/CodecFake/train/F01_SSB06090012.wav,1
/data/DATASETS/CodecFake/train/F01_p299_190.wav,1
/data/DATASETS/CodecFake/train/F01_p364_200.wav,1
/data/DATASETS/CodecFake/train/F01_SSB08710322.wav,1
/data/DATASETS/CodecFake/train/F01_SSB12160251.wav,1
/data/DATASETS/CodecFake/train/F01_p276_211.wav,1
/data/DATASETS/CodecFake/train/F01_SSB06090089.wav,1
/data/DATASETS/CodecFake/train/F01_p293_214.wav,1
/data/DATASETS/CodecFake/train/F01_SSB09190385.wav,1
/data/DATASETS/CodecFake/train/F01_p275_217.wav,1
/data/DATASETS/CodecFake/train/F01_SSB05900092.wav,1
/data/DATASETS/CodecFake/train/F01_SSB16860302.wav,1
/data/DATASETS/CodecFake/train/F01_p244_005.wav,1
/data/DATASETS/CodecFake/train/F01_p264_270.wav,1
/data/DATASETS/CodecFake/train/F01_SSB04700077.wav,1
/data/DATASETS/CodecFake/train/F01_SSB07020358.wav,1
/data/DATASETS/CodecFake/train/F01_p374_068.wav,1
/data/DATASETS/CodecFake/train/F01_SSB12150363.wav,1
/data/DATASETS/CodecFake/train/F01_SSB00090255.wav,1
/data/DATASETS/CodecFake/train/F01_SSB01120020.wav,1
/data/DATASETS/CodecFake/train/F01_SSB13770385.wav,1
/data/DATASETS/CodecFake/train/F01_SSB13930166.wav,1
/data/DATASETS/CodecFake/train/F01_p225_221.wav,1
/data/DATASETS/CodecFake/train/F01_p363_181.wav,1
/data/DATASETS/CodecFake/train/F01_SSB08090306.wav,1
/data/DATASETS/CodecFake/train/F01_SSB07780480.wav,1
/data/DATASETS/CodecFake/train/F01_SSB02880294.wav,1
/data/DATASETS/CodecFake/train/F01_p297_121.wav,1
/data/DATASETS/CodecFake/train/F01_p360_050.wav,1
/data/DATASETS/CodecFake/train/F01_SSB00570330.wav,1
/data/DATASETS/CodecFake/train/F01_SSB05350134.wav,1
/data/DATASETS/CodecFake/train/F01_SSB13650405.wav,1
/data/DATASETS/CodecFake/train/F01_SSB06010502.wav,1
/data/DATASETS/CodecFake/train/F01_SSB11260236.wav,1
/data/DATASETS/CodecFake/train/F01_SSB07370324.wav,1
/data/DATASETS/CodecFake/train/F01_p323_001.wav,1
/data/DATASETS/CodecFake/train/F01_SSB01120165.wav,1
/data/DATASETS/CodecFake/train/F01_SSB02670492.wav,1
/data/DATASETS/CodecFake/train/F01_SSB00430188.wav,1
/data/DATASETS/CodecFake/train/F01_SSB16250130.wav,1
/data/DATASETS/CodecFake/train/F01_SSB18780387.wav,1
/data/DATASETS/CodecFake/train/F01_p268_094.wav,1
/data/DATASETS/CodecFake/train/F01_SSB04820076.wav,1
/data/DATASETS/CodecFake/train/F01_p260_115.wav,1
/data/DATASETS/CodecFake/train/F01_SSB00090286.wav,1
/data/DATASETS/CodecFake/train/F01_p298_102.wav,1
/data/DATASETS/CodecFake/train/F01_SSB07200160.wav,1
/data/DATASETS/CodecFake/train/F01_SSB01120370.wav,1
/data/DATASETS/CodecFake/train/F01_SSB15850072.wav,1
/data/DATASETS/CodecFake/train/F01_SSB09870437.wav,1
/data/DATASETS/CodecFake/train/F01_p247_403.wav,1
/data/DATASETS/CodecFake/train/F01_SSB01930111.wav,1
/data/DATASETS/CodecFake/train/F01_SSB03410475.wav,1
/data/DATASETS/CodecFake/train/F01_SSB07460080.wav,1
/data/DATASETS/CodecFake/train/F01_p310_038.wav,1
/data/DATASETS/CodecFake/train/F01_p316_157.wav,1
/data/DATASETS/CodecFake/train/F01_p247_232.wav,1
/data/DATASETS/CodecFake/train/F01_p257_107.wav,1
/data/DATASETS/CodecFake/train/F01_SSB07000240.wav,1
/data/DATASETS/CodecFake/train/F01_p315_241.wav,1
/data/DATASETS/CodecFake/train/F01_SSB07620164.wav,1
/data/DATASETS/CodecFake/train/F01_SSB12210311.wav,1
/data/DATASETS/CodecFake/train/F01_p374_168.wav,1
/data/DATASETS/CodecFake/train/F01_p253_051.wav,1
/data/DATASETS/CodecFake/train/F01_p248_168.wav,1
/data/DATASETS/CodecFake/train/F01_SSB06710009.wav,1
/data/DATASETS/CodecFake/train/F01_SSB15630353.wav,1
/data/DATASETS/CodecFake/train/F01_p306_043.wav,1
/data/DATASETS/CodecFake/train/F01_p260_349.wav,1
/data/DATASETS/CodecFake/train/F01_p244_226.wav,1
/data/DATASETS/CodecFake/train/F01_SSB13660198.wav,1
/data/DATASETS/CodecFake/train/F01_SSB13770083.wav,1
/data/DATASETS/CodecFake/train/F01_p245_268.wav,1
/data/DATASETS/CodecFake/train/F01_SSB16990226.wav,1
/data/DATASETS/CodecFake/train/F01_p317_344.wav,1
/data/DATASETS/CodecFake/train/F01_SSB06030104.wav,1
/data/DATASETS/CodecFake/train/F01_SSB07480333.wav,1
/data/DATASETS/CodecFake/train/F01_SSB09970388.wav,1
/data/DATASETS/CodecFake/train/F01_SSB05990168.wav,1
/data/DATASETS/CodecFake/train/F01_p361_096.wav,1
/data/DATASETS/CodecFake/train/F01_SSB01450159.wav,1
/data/DATASETS/CodecFake/train/F01_p259_387.wav,1
/data/DATASETS/CodecFake/train/F01_SSB19020361.wav,1
/data/DATASETS/CodecFake/train/F01_SSB01490149.wav,1
/data/DATASETS/CodecFake/train/F01_p287_322.wav,1
/data/DATASETS/CodecFake/train/F01_SSB07000444.wav,1
/data/DATASETS/CodecFake/train/F01_p306_286.wav,1
/data/DATASETS/CodecFake/train/F01_SSB06140377.wav,1
/data/DATASETS/CodecFake/train/F01_SSB06710462.wav,1
/data/DATASETS/CodecFake/train/F01_SSB07360158.wav,1
/data/DATASETS/CodecFake/train/F01_p277_447.wav,1
/data/DATASETS/CodecFake/train/F01_SSB06290385.wav,1
/data/DATASETS/CodecFake/train/F01_SSB06030351.wav,1
/data/DATASETS/CodecFake/train/F01_p345_371.wav,1
/data/DATASETS/CodecFake/train/F01_p308_298.wav,1
/data/DATASETS/CodecFake/train/F01_SSB11870221.wav,1
/data/DATASETS/CodecFake/train/F01_p228_335.wav,1
/data/DATASETS/CodecFake/train/F01_SSB05350370.wav,1
/data/DATASETS/CodecFake/train/F01_p252_391.wav,1
/data/DATASETS/CodecFake/train/F01_SSB18910251.wav,1
/data/DATASETS/CodecFake/train/F01_p239_016.wav,1
/data/DATASETS/CodecFake/train/F01_p255_048.wav,1
/data/DATASETS/CodecFake/train/F01_p301_015.wav,1
/data/DATASETS/CodecFake/train/F01_p228_083.wav,1
/data/DATASETS/CodecFake/train/F01_SSB01450058.wav,1
/data/DATASETS/CodecFake/train/F01_p268_288.wav,1
/data/DATASETS/CodecFake/train/F01_p297_247.wav,1
/data/DATASETS/CodecFake/train/F01_p363_303.wav,1
/data/DATASETS/CodecFake/train/F01_SSB13770262.wav,1
/data/DATASETS/CodecFake/train/F01_SSB00160110.wav,1
/data/DATASETS/CodecFake/train/F01_p277_435.wav,1
/data/DATASETS/CodecFake/train/F01_SSB03800048.wav,1
/data/DATASETS/CodecFake/train/F01_SSB07780100.wav,1
/data/DATASETS/CodecFake/train/F01_SSB12740363.wav,1
/data/DATASETS/CodecFake/train/F01_SSB01490445.wav,1
/data/DATASETS/CodecFake/train/F01_SSB12030007.wav,1
/data/DATASETS/CodecFake/train/F01_p276_392.wav,1
/data/DATASETS/CodecFake/train/F01_p231_112.wav,1
/data/DATASETS/CodecFake/train/F01_SSB07100200.wav,1
/data/DATASETS/CodecFake/train/F01_p225_143.wav,1
/data/DATASETS/CodecFake/train/F01_p231_219.wav,1
/data/DATASETS/CodecFake/train/F01_SSB04350310.wav,1
/data/DATASETS/CodecFake/train/F01_SSB00570207.wav,1
/data/DATASETS/CodecFake/train/F01_SSB11100121.wav,1
/data/DATASETS/CodecFake/train/F01_SSB18780333.wav,1
/data/DATASETS/CodecFake/train/F01_SSB03790145.wav,1
/data/DATASETS/CodecFake/train/F01_p314_163.wav,1
/data/DATASETS/CodecFake/train/F01_SSB07510229.wav,1
/data/DATASETS/CodecFake/train/F01_SSB16700002.wav,1
/data/DATASETS/CodecFake/train/F01_p303_278.wav,1
/data/DATASETS/CodecFake/train/F01_p248_296.wav,1
/data/DATASETS/CodecFake/train/F01_p243_209.wav,1
/data/DATASETS/CodecFake/train/F01_p339_032.wav,1
/data/DATASETS/CodecFake/train/F01_SSB19180217.wav,1
/data/DATASETS/CodecFake/train/F01_p250_448.wav,1
/data/DATASETS/CodecFake/train/F01_p279_330.wav,1
/data/DATASETS/CodecFake/train/F01_SSB19020045.wav,1
/data/DATASETS/CodecFake/train/F01_p341_028.wav,1
/data/DATASETS/CodecFake/train/F01_SSB07170132.wav,1
/data/DATASETS/CodecFake/train/F01_SSB07100066.wav,1
/data/DATASETS/CodecFake/train/F01_SSB05700445.wav,1
/data/DATASETS/CodecFake/train/F01_SSB12180244.wav,1
/data/DATASETS/CodecFake/train/F01_SSB08510203.wav,1
/data/DATASETS/CodecFake/train/F01_SSB12740259.wav,1
/data/DATASETS/CodecFake/train/F01_SSB07620232.wav,1
/data/DATASETS/CodecFake/train/F01_SSB17280081.wav,1
/data/DATASETS/CodecFake/train/F01_p283_030.wav,1
/data/DATASETS/CodecFake/train/F01_SSB00180350.wav,1
/data/DATASETS/CodecFake/train/F01_p258_115.wav,1
/data/DATASETS/CodecFake/train/F01_SSB03160278.wav,1
/data/DATASETS/CodecFake/train/F01_SSB11150453.wav,1
/data/DATASETS/CodecFake/train/F01_SSB12030081.wav,1
/data/DATASETS/CodecFake/train/F01_p311_349.wav,1
/data/DATASETS/CodecFake/train/F01_SSB04700246.wav,1
/data/DATASETS/CodecFake/train/F01_SSB07600074.wav,1
/data/DATASETS/CodecFake/train/F01_SSB15750254.wav,1
/data/DATASETS/CodecFake/train/F01_p238_416.wav,1
/data/DATASETS/CodecFake/train/F01_SSB19560451.wav,1
/data/DATASETS/CodecFake/train/F01_p335_228.wav,1
/data/DATASETS/CodecFake/train/F01_SSB01450055.wav,1
/data/DATASETS/CodecFake/train/F01_p308_349.wav,1
/data/DATASETS/CodecFake/train/F01_p293_078.wav,1
/data/DATASETS/CodecFake/train/F01_SSB04700328.wav,1
/data/DATASETS/CodecFake/train/F01_p264_402.wav,1
/data/DATASETS/CodecFake/train/F01_SSB02610060.wav,1
/data/DATASETS/CodecFake/train/F01_SSB01120054.wav,1
/data/DATASETS/CodecFake/train/F01_p258_093.wav,1
/data/DATASETS/CodecFake/train/F01_SSB00730137.wav,1
/data/DATASETS/CodecFake/train/F01_SSB18780163.wav,1
/data/DATASETS/CodecFake/train/F01_SSB05340484.wav,1
/data/DATASETS/CodecFake/train/F01_p347_033.wav,1
/data/DATASETS/CodecFake/train/F01_SSB07170188.wav,1
/data/DATASETS/CodecFake/train/F01_p341_206.wav,1
/data/DATASETS/CodecFake/train/F01_SSB05990350.wav,1
/data/DATASETS/CodecFake/train/F01_p345_287.wav,1
/data/DATASETS/CodecFake/train/F01_p241_064.wav,1
/data/DATASETS/CodecFake/train/F01_p311_418.wav,1
/data/DATASETS/CodecFake/train/F01_SSB02410249.wav,1
/data/DATASETS/CodecFake/train/F01_SSB17450199.wav,1
/data/DATASETS/CodecFake/train/F01_p317_041.wav,1
/data/DATASETS/CodecFake/train/F01_SSB13920292.wav,1
/data/DATASETS/CodecFake/train/F01_p266_422.wav,1
/data/DATASETS/CodecFake/train/F01_SSB16860331.wav,1
/data/DATASETS/CodecFake/train/F01_SSB18280115.wav,1
/data/DATASETS/CodecFake/train/F01_SSB06860398.wav,1
/data/DATASETS/CodecFake/train/F01_SSB16840018.wav,1
/data/DATASETS/CodecFake/train/F01_p345_163.wav,1
/data/DATASETS/CodecFake/train/F01_p257_385.wav,1
/data/DATASETS/CodecFake/train/F01_p313_363.wav,1
/data/DATASETS/CodecFake/train/F01_SSB03930259.wav,1
/data/DATASETS/CodecFake/train/F01_SSB03540349.wav,1
/data/DATASETS/CodecFake/train/F01_SSB09130278.wav,1
/data/DATASETS/CodecFake/train/F01_p247_288.wav,1
/data/DATASETS/CodecFake/train/F01_SSB03380073.wav,1
/data/DATASETS/CodecFake/train/F01_SSB00330411.wav,1
/data/DATASETS/CodecFake/train/F01_SSB19180072.wav,1
/data/DATASETS/CodecFake/train/F01_SSB08090497.wav,1
/data/DATASETS/CodecFake/train/F01_SSB00050304.wav,1
/data/DATASETS/CodecFake/train/F01_p276_263.wav,1
/data/DATASETS/CodecFake/train/F01_p314_204.wav,1
/data/DATASETS/CodecFake/train/F01_p308_097.wav,1
/data/DATASETS/CodecFake/train/F01_SSB18060381.wav,1
/data/DATASETS/CodecFake/train/F01_SSB06230154.wav,1
/data/DATASETS/CodecFake/train/F01_p287_148.wav,1
/data/DATASETS/CodecFake/train/F01_SSB19560089.wav,1
/data/DATASETS/CodecFake/train/F01_SSB15850235.wav,1
/data/DATASETS/CodecFake/train/F01_SSB13660088.wav,1
/data/DATASETS/CodecFake/train/F01_SSB00110083.wav,1
/data/DATASETS/CodecFake/train/F01_SSB07460178.wav,1
/data/DATASETS/CodecFake/train/F01_SSB14520301.wav,1
/data/DATASETS/CodecFake/train/F01_SSB02000019.wav,1
/data/DATASETS/CodecFake/train/F01_SSB02990215.wav,1
/data/DATASETS/CodecFake/train/F01_p362_047.wav,1
/data/DATASETS/CodecFake/train/F01_SSB05340393.wav,1
/data/DATASETS/CodecFake/train/F01_SSB11870210.wav,1
/data/DATASETS/CodecFake/train/F01_SSB01330246.wav,1
/data/DATASETS/CodecFake/train/F01_SSB03390215.wav,1
/data/DATASETS/CodecFake/train/F01_SSB17390449.wav,1
/data/DATASETS/CodecFake/train/F01_p313_372.wav,1
/data/DATASETS/CodecFake/train/F01_SSB07370114.wav,1
/data/DATASETS/CodecFake/train/F01_SSB14570344.wav,1
/data/DATASETS/CodecFake/train/F01_SSB06710315.wav,1
/data/DATASETS/CodecFake/train/F01_SSB07170380.wav,1
/data/DATASETS/CodecFake/train/F01_SSB18630173.wav,1
/data/DATASETS/CodecFake/train/F01_SSB03950433.wav,1
/data/DATASETS/CodecFake/train/F01_SSB03390466.wav,1
/data/DATASETS/CodecFake/train/F01_p360_203.wav,1
/data/DATASETS/CodecFake/train/F01_SSB01930389.wav,1
/data/DATASETS/CodecFake/train/F01_SSB07200273.wav,1
/data/DATASETS/CodecFake/train/F01_p311_352.wav,1
/data/DATASETS/CodecFake/train/F01_SSB06030416.wav,1
/data/DATASETS/CodecFake/train/F01_p278_034.wav,1
/data/DATASETS/CodecFake/train/F01_p302_048.wav,1
/data/DATASETS/CodecFake/train/F01_SSB17110475.wav,1
/data/DATASETS/CodecFake/train/F01_SSB15750392.wav,1
/data/DATASETS/CodecFake/train/F01_SSB07370191.wav,1
/data/DATASETS/CodecFake/train/F01_p263_094.wav,1
/data/DATASETS/CodecFake/train/F01_p293_040.wav,1
/data/DATASETS/CodecFake/train/F01_SSB07170226.wav,1
/data/DATASETS/CodecFake/train/F01_SSB16070418.wav,1
/data/DATASETS/CodecFake/train/F01_p264_045.wav,1
/data/DATASETS/CodecFake/train/F01_SSB00090463.wav,1
/data/DATASETS/CodecFake/train/F01_SSB10500095.wav,1
/data/DATASETS/CodecFake/train/F01_SSB18280037.wav,1
/data/DATASETS/CodecFake/train/F01_SSB08630241.wav,1
/data/DATASETS/CodecFake/train/F01_SSB19390225.wav,1
/data/DATASETS/CodecFake/train/F01_SSB07940206.wav,1
/data/DATASETS/CodecFake/train/F01_p230_132.wav,1
/data/DATASETS/CodecFake/train/F01_p294_098.wav,1
/data/DATASETS/CodecFake/train/F01_SSB06320394.wav,1
/data/DATASETS/CodecFake/train/F01_p276_101.wav,1
/data/DATASETS/CodecFake/train/F01_SSB11310248.wav,1
/data/DATASETS/CodecFake/train/F01_p234_325.wav,1
/data/DATASETS/CodecFake/train/F01_p250_460.wav,1
/data/DATASETS/CodecFake/train/F01_p284_311.wav,1
/data/DATASETS/CodecFake/train/F01_p280_239.wav,1
/data/DATASETS/CodecFake/train/F01_SSB06660210.wav,1
/data/DATASETS/CodecFake/train/F01_SSB00160049.wav,1
/data/DATASETS/CodecFake/train/F01_p268_370.wav,1
/data/DATASETS/CodecFake/train/F01_SSB00800322.wav,1
/data/DATASETS/CodecFake/train/F01_p306_302.wav,1
/data/DATASETS/CodecFake/train/F01_p340_072.wav,1
/data/DATASETS/CodecFake/train/F01_SSB04820209.wav,1
/data/DATASETS/CodecFake/train/F01_SSB07360081.wav,1
/data/DATASETS/CodecFake/train/F01_SSB14080105.wav,1
/data/DATASETS/CodecFake/train/F01_SSB03930023.wav,1
/data/DATASETS/CodecFake/train/F01_p314_300.wav,1
/data/DATASETS/CodecFake/train/F01_SSB11360053.wav,1
/data/DATASETS/CodecFake/train/F01_SSB12180060.wav,1
/data/DATASETS/CodecFake/train/F01_SSB00330382.wav,1
/data/DATASETS/CodecFake/train/F01_p251_063.wav,1
/data/DATASETS/CodecFake/train/F01_SSB11350021.wav,1
/data/DATASETS/CodecFake/train/F01_SSB03390020.wav,1
/data/DATASETS/CodecFake/train/F01_SSB05350100.wav,1
/data/DATASETS/CodecFake/train/F01_SSB03230195.wav,1
/data/DATASETS/CodecFake/train/F01_SSB02460145.wav,1
/data/DATASETS/CodecFake/train/F01_SSB11870260.wav,1
/data/DATASETS/CodecFake/train/F01_SSB07370241.wav,1
/data/DATASETS/CodecFake/train/F01_p282_209.wav,1
/data/DATASETS/CodecFake/train/F01_SSB18910055.wav,1
/data/DATASETS/CodecFake/train/F01_p315_327.wav,1
/data/DATASETS/CodecFake/train/F01_p280_384.wav,1
/data/DATASETS/CodecFake/train/F01_SSB00380284.wav,1
/data/DATASETS/CodecFake/train/F01_SSB02990420.wav,1
/data/DATASETS/CodecFake/train/F01_SSB00160082.wav,1
/data/DATASETS/CodecFake/train/F01_p286_012.wav,1
/data/DATASETS/CodecFake/train/F01_SSB10010043.wav,1
/data/DATASETS/CodecFake/train/F01_p318_070.wav,1
/data/DATASETS/CodecFake/train/F01_SSB03420131.wav,1
/data/DATASETS/CodecFake/train/F01_SSB02670033.wav,1
/data/DATASETS/CodecFake/train/F01_p240_241.wav,1
/data/DATASETS/CodecFake/train/F01_SSB08870103.wav,1
/data/DATASETS/CodecFake/train/F01_p340_288.wav,1
/data/DATASETS/CodecFake/train/F01_SSB13660074.wav,1
/data/DATASETS/CodecFake/train/F01_SSB11310103.wav,1
/data/DATASETS/CodecFake/train/F01_SSB15850031.wav,1
/data/DATASETS/CodecFake/train/F01_SSB00430412.wav,1
/data/DATASETS/CodecFake/train/F01_SSB17110089.wav,1
/data/DATASETS/CodecFake/train/F01_SSB07600084.wav,1
/data/DATASETS/CodecFake/train/F01_SSB05900426.wav,1
/data/DATASETS/CodecFake/train/F01_p268_220.wav,1
/data/DATASETS/CodecFake/train/F01_SSB13410186.wav,1
/data/DATASETS/CodecFake/train/F01_SSB03850074.wav,1
/data/DATASETS/CodecFake/train/F01_SSB05020035.wav,1
/data/DATASETS/CodecFake/train/F01_SSB04340061.wav,1
/data/DATASETS/CodecFake/train/F01_p279_174.wav,1
/data/DATASETS/CodecFake/train/F01_SSB01930354.wav,1
/data/DATASETS/CodecFake/train/F01_SSB05780352.wav,1
/data/DATASETS/CodecFake/train/F01_SSB03160410.wav,1
/data/DATASETS/CodecFake/train/F01_SSB06290389.wav,1
/data/DATASETS/CodecFake/train/F01_SSB15750291.wav,1
/data/DATASETS/CodecFake/train/F01_p286_095.wav,1
/data/DATASETS/CodecFake/train/F01_p264_415.wav,1
/data/DATASETS/CodecFake/train/F01_p245_359.wav,1
/data/DATASETS/CodecFake/train/F01_SSB00120086.wav,1
/data/DATASETS/CodecFake/train/F01_SSB13930455.wav,1
/data/DATASETS/CodecFake/train/F01_SSB00180459.wav,1
/data/DATASETS/CodecFake/train/F01_p260_246.wav,1
/data/DATASETS/CodecFake/train/F01_SSB16250382.wav,1
/data/DATASETS/CodecFake/train/F01_p256_132.wav,1
/data/DATASETS/CodecFake/train/F01_SSB13850274.wav,1
/data/DATASETS/CodecFake/train/F01_p343_339.wav,1
/data/DATASETS/CodecFake/train/F01_SSB04270114.wav,1
/data/DATASETS/CodecFake/train/F01_SSB07100507.wav,1
/data/DATASETS/CodecFake/train/F01_SSB16240224.wav,1
/data/DATASETS/CodecFake/train/F01_SSB12040466.wav,1
/data/DATASETS/CodecFake/train/F01_p273_186.wav,1
/data/DATASETS/CodecFake/train/F01_SSB12390247.wav,1
/data/DATASETS/CodecFake/train/F01_SSB00800039.wav,1
/data/DATASETS/CodecFake/train/F01_SSB03790267.wav,1
/data/DATASETS/CodecFake/train/F01_SSB03850111.wav,1
/data/DATASETS/CodecFake/train/F01_SSB07370018.wav,1
/data/DATASETS/CodecFake/train/F01_SSB10550373.wav,1
/data/DATASETS/CodecFake/train/F01_p305_106.wav,1
/data/DATASETS/CodecFake/train/F01_SSB02730451.wav,1
/data/DATASETS/CodecFake/train/F01_SSB05940176.wav,1
/data/DATASETS/CodecFake/train/F01_SSB03790172.wav,1
/data/DATASETS/CodecFake/train/F01_p279_370.wav,1
/data/DATASETS/CodecFake/train/F01_SSB19350053.wav,1
/data/DATASETS/CodecFake/train/F01_p241_129.wav,1
/data/DATASETS/CodecFake/train/F01_SSB02730023.wav,1
/data/DATASETS/CodecFake/train/F01_SSB07620422.wav,1
/data/DATASETS/CodecFake/train/F01_SSB05650207.wav,1
/data/DATASETS/CodecFake/train/F01_SSB03380442.wav,1
/data/DATASETS/CodecFake/train/F01_p261_309.wav,1
/data/DATASETS/CodecFake/train/F01_p286_378.wav,1
/data/DATASETS/CodecFake/train/F01_SSB02410396.wav,1
/data/DATASETS/CodecFake/train/F01_p244_057.wav,1
/data/DATASETS/CodecFake/train/F01_p240_206.wav,1
/data/DATASETS/CodecFake/train/F01_SSB07840404.wav,1
/data/DATASETS/CodecFake/train/F01_p333_231.wav,1
/data/DATASETS/CodecFake/train/F01_SSB07580007.wav,1
/data/DATASETS/CodecFake/train/F01_SSB06320035.wav,1
/data/DATASETS/CodecFake/train/F01_SSB03660341.wav,1
/data/DATASETS/CodecFake/train/F01_p229_163.wav,1
/data/DATASETS/CodecFake/train/F01_SSB19350047.wav,1
/data/DATASETS/CodecFake/train/F01_SSB03540121.wav,1
/data/DATASETS/CodecFake/train/F01_p318_371.wav,1
/data/DATASETS/CodecFake/train/F01_SSB00430321.wav,1
/data/DATASETS/CodecFake/train/F01_SSB00330379.wav,1
/data/DATASETS/CodecFake/train/F01_SSB09870390.wav,1
/data/DATASETS/CodecFake/train/F01_p345_275.wav,1
/data/DATASETS/CodecFake/train/F01_SSB16070469.wav,1
/data/DATASETS/CodecFake/train/F01_SSB07200130.wav,1
/data/DATASETS/CodecFake/train/F01_SSB07200151.wav,1
/data/DATASETS/CodecFake/train/F01_p279_387.wav,1
/data/DATASETS/CodecFake/train/F01_SSB05440300.wav,1
/data/DATASETS/CodecFake/train/F01_SSB11870495.wav,1
/data/DATASETS/CodecFake/train/F01_SSB06290037.wav,1
/data/DATASETS/CodecFake/train/F01_SSB13830159.wav,1
/data/DATASETS/CodecFake/train/F01_SSB13770372.wav,1
/data/DATASETS/CodecFake/train/F01_p279_291.wav,1
/data/DATASETS/CodecFake/train/F01_p276_244.wav,1
/data/DATASETS/CodecFake/train/F01_SSB09870141.wav,1
/data/DATASETS/CodecFake/train/F01_SSB11350211.wav,1
/data/DATASETS/CodecFake/train/F01_p362_269.wav,1
/data/DATASETS/CodecFake/train/F01_p257_193.wav,1
/data/DATASETS/CodecFake/train/F01_SSB12160272.wav,1
/data/DATASETS/CodecFake/train/F01_p236_387.wav,1
/data/DATASETS/CodecFake/train/F01_SSB18100490.wav,1
/data/DATASETS/CodecFake/train/F01_SSB03790503.wav,1
/data/DATASETS/CodecFake/train/F01_SSB18630077.wav,1
/data/DATASETS/CodecFake/train/F01_SSB10240342.wav,1
/data/DATASETS/CodecFake/train/F01_SSB13930195.wav,1
/data/DATASETS/CodecFake/train/F01_SSB07170297.wav,1
/data/DATASETS/CodecFake/train/F01_p236_006.wav,1
/data/DATASETS/CodecFake/train/F01_SSB16500413.wav,1
/data/DATASETS/CodecFake/train/F01_p343_218.wav,1
/data/DATASETS/CodecFake/train/F01_p333_179.wav,1
/data/DATASETS/CodecFake/train/F01_p334_351.wav,1
/data/DATASETS/CodecFake/train/F01_p311_314.wav,1
/data/DATASETS/CodecFake/train/F01_p252_125.wav,1
/data/DATASETS/CodecFake/train/F01_SSB16070048.wav,1
/data/DATASETS/CodecFake/train/F01_SSB00160467.wav,1
/data/DATASETS/CodecFake/train/F01_SSB12530373.wav,1
/data/DATASETS/CodecFake/train/F01_SSB07360253.wav,1
/data/DATASETS/CodecFake/train/F01_SSB02730357.wav,1
/data/DATASETS/CodecFake/train/F01_SSB05780107.wav,1
/data/DATASETS/CodecFake/train/F01_SSB09350221.wav,1
/data/DATASETS/CodecFake/train/F01_SSB12160435.wav,1
/data/DATASETS/CodecFake/train/F01_SSB05940353.wav,1
/data/DATASETS/CodecFake/train/F01_SSB01330132.wav,1
/data/DATASETS/CodecFake/train/F01_p308_403.wav,1
/data/DATASETS/CodecFake/train/F01_SSB07940003.wav,1
/data/DATASETS/CodecFake/train/F01_p250_150.wav,1
/data/DATASETS/CodecFake/train/F01_p226_141.wav,1
/data/DATASETS/CodecFake/train/F01_p278_066.wav,1
/data/DATASETS/CodecFake/train/F01_p244_283.wav,1
/data/DATASETS/CodecFake/train/F01_SSB12740382.wav,1
/data/DATASETS/CodecFake/train/F01_SSB05940008.wav,1
/data/DATASETS/CodecFake/train/F01_SSB03790435.wav,1
/data/DATASETS/CodecFake/train/F01_SSB03380219.wav,1
/data/DATASETS/CodecFake/train/F01_SSB18630304.wav,1
/data/DATASETS/CodecFake/train/F01_p311_327.wav,1
/data/DATASETS/CodecFake/train/F01_SSB01930481.wav,1
/data/DATASETS/CodecFake/train/F01_SSB02880175.wav,1
/data/DATASETS/CodecFake/train/F01_p232_286.wav,1
/data/DATASETS/CodecFake/train/F01_p361_019.wav,1
/data/DATASETS/CodecFake/train/F01_SSB06660461.wav,1
/data/DATASETS/CodecFake/train/F01_SSB16300106.wav,1
/data/DATASETS/CodecFake/train/F01_p301_275.wav,1
/data/DATASETS/CodecFake/train/F01_p295_360.wav,1
/data/DATASETS/CodecFake/train/F01_SSB17390175.wav,1
/data/DATASETS/CodecFake/train/F01_SSB01330409.wav,1
/data/DATASETS/CodecFake/train/F01_SSB08870057.wav,1
/data/DATASETS/CodecFake/train/F01_SSB00120183.wav,1
/data/DATASETS/CodecFake/train/F01_SSB03940217.wav,1
/data/DATASETS/CodecFake/train/F01_SSB13280268.wav,1
/data/DATASETS/CodecFake/train/F01_SSB03070304.wav,1
/data/DATASETS/CodecFake/train/F01_p316_231.wav,1
/data/DATASETS/CodecFake/train/F01_SSB01390311.wav,1
/data/DATASETS/CodecFake/train/F01_p266_308.wav,1
/data/DATASETS/CodecFake/train/F01_p234_024.wav,1
/data/DATASETS/CodecFake/train/F01_p269_040.wav,1
/data/DATASETS/CodecFake/train/F01_p258_369.wav,1
/data/DATASETS/CodecFake/train/F01_p295_022.wav,1
/data/DATASETS/CodecFake/train/F01_SSB00430093.wav,1
/data/DATASETS/CodecFake/train/F01_SSB11250484.wav,1
/data/DATASETS/CodecFake/train/F01_p299_370.wav,1
/data/DATASETS/CodecFake/train/F01_p294_057.wav,1
/data/DATASETS/CodecFake/train/F01_p270_156.wav,1
/data/DATASETS/CodecFake/train/F01_SSB04340360.wav,1
/data/DATASETS/CodecFake/train/F01_p281_269.wav,1
/data/DATASETS/CodecFake/train/F01_SSB17590200.wav,1
/data/DATASETS/CodecFake/train/F01_SSB11100150.wav,1
/data/DATASETS/CodecFake/train/F01_SSB02870346.wav,1
/data/DATASETS/CodecFake/train/F01_p258_046.wav,1
/data/DATASETS/CodecFake/train/F01_SSB19350319.wav,1
/data/DATASETS/CodecFake/train/F01_SSB06090263.wav,1
/data/DATASETS/CodecFake/train/F01_SSB06230096.wav,1
/data/DATASETS/CodecFake/train/F01_p333_313.wav,1
/data/DATASETS/CodecFake/train/F01_SSB13220089.wav,1
/data/DATASETS/CodecFake/train/F01_SSB17450140.wav,1
/data/DATASETS/CodecFake/train/F01_SSB02990500.wav,1
/data/DATASETS/CodecFake/train/F01_SSB16300383.wav,1
/data/DATASETS/CodecFake/train/F01_SSB05440043.wav,1
/data/DATASETS/CodecFake/train/F01_SSB03410237.wav,1
/data/DATASETS/CodecFake/train/F01_p270_086.wav,1
/data/DATASETS/CodecFake/train/F01_SSB10010016.wav,1
/data/DATASETS/CodecFake/train/F01_p374_003.wav,1
/data/DATASETS/CodecFake/train/F01_p286_409.wav,1
/data/DATASETS/CodecFake/train/F01_SSB05780507.wav,1
/data/DATASETS/CodecFake/train/F01_SSB18370275.wav,1
/data/DATASETS/CodecFake/train/F01_SSB02000040.wav,1
/data/DATASETS/CodecFake/train/F01_p284_014.wav,1
/data/DATASETS/CodecFake/train/F01_SSB01330324.wav,1
/data/DATASETS/CodecFake/train/F01_SSB02460050.wav,1
/data/DATASETS/CodecFake/train/F01_p232_360.wav,1
/data/DATASETS/CodecFake/train/F01_p240_055.wav,1
/data/DATASETS/CodecFake/train/F01_p330_095.wav,1
/data/DATASETS/CodecFake/train/F01_SSB09930278.wav,1
/data/DATASETS/CodecFake/train/F01_SSB04070124.wav,1
/data/DATASETS/CodecFake/train/F01_SSB06030443.wav,1
/data/DATASETS/CodecFake/train/F01_SSB18090087.wav,1
/data/DATASETS/CodecFake/train/F01_SSB06070344.wav,1
/data/DATASETS/CodecFake/train/F01_SSB07480331.wav,1
/data/DATASETS/CodecFake/train/F01_p258_192.wav,1
/data/DATASETS/CodecFake/train/F01_SSB12030098.wav,1
/data/DATASETS/CodecFake/train/F01_SSB03410401.wav,1
/data/DATASETS/CodecFake/train/F01_SSB07510287.wav,1
/data/DATASETS/CodecFake/train/F01_SSB03380447.wav,1
/data/DATASETS/CodecFake/train/F01_SSB00090513.wav,1
/data/DATASETS/CodecFake/train/F01_SSB03800296.wav,1
/data/DATASETS/CodecFake/train/F01_p334_309.wav,1
/data/DATASETS/CodecFake/train/F01_SSB13990475.wav,1
/data/DATASETS/CodecFake/train/F01_SSB04350126.wav,1
/data/DATASETS/CodecFake/train/F01_p258_003.wav,1
/data/DATASETS/CodecFake/train/F01_SSB15630403.wav,1
/data/DATASETS/CodecFake/train/F01_SSB04150243.wav,1
/data/DATASETS/CodecFake/train/F01_p254_365.wav,1
/data/DATASETS/CodecFake/train/F01_p308_046.wav,1
/data/DATASETS/CodecFake/train/F01_SSB02990369.wav,1
/data/DATASETS/CodecFake/train/F01_p333_351.wav,1
/data/DATASETS/CodecFake/train/F01_SSB06290104.wav,1
/data/DATASETS/CodecFake/train/F01_SSB16860047.wav,1
/data/DATASETS/CodecFake/train/F01_SSB15930044.wav,1
/data/DATASETS/CodecFake/train/F01_p286_310.wav,1
/data/DATASETS/CodecFake/train/F01_SSB05020216.wav,1
/data/DATASETS/CodecFake/train/F01_SSB07490416.wav,1
/data/DATASETS/CodecFake/train/F01_SSB07460338.wav,1
/data/DATASETS/CodecFake/train/F01_p326_090.wav,1
/data/DATASETS/CodecFake/train/F01_SSB03230083.wav,1
/data/DATASETS/CodecFake/train/F01_SSB05880125.wav,1
/data/DATASETS/CodecFake/train/F01_SSB12030255.wav,1
/data/DATASETS/CodecFake/train/F01_SSB14370219.wav,1
/data/DATASETS/CodecFake/train/F01_SSB02670390.wav,1
/data/DATASETS/CodecFake/train/F01_SSB06290010.wav,1
/data/DATASETS/CodecFake/train/F01_SSB02410438.wav,1
/data/DATASETS/CodecFake/train/F01_SSB05700415.wav,1
/data/DATASETS/CodecFake/train/F01_SSB09190052.wav,1
/data/DATASETS/CodecFake/train/F01_SSB18460158.wav,1
/data/DATASETS/CodecFake/train/F01_SSB12210154.wav,1
/data/DATASETS/CodecFake/train/F01_SSB10080150.wav,1
/data/DATASETS/CodecFake/train/F01_SSB06070449.wav,1
/data/DATASETS/CodecFake/train/F01_SSB15850240.wav,1
/data/DATASETS/CodecFake/train/F01_SSB03940048.wav,1
/data/DATASETS/CodecFake/train/F01_SSB11970429.wav,1
/data/DATASETS/CodecFake/train/F01_SSB02670291.wav,1
/data/DATASETS/CodecFake/train/F01_SSB07620067.wav,1
/data/DATASETS/CodecFake/train/F01_p278_393.wav,1
/data/DATASETS/CodecFake/train/F01_SSB01390414.wav,1
/data/DATASETS/CodecFake/train/F01_p334_043.wav,1
/data/DATASETS/CodecFake/train/F01_SSB02870309.wav,1
/data/DATASETS/CodecFake/train/F01_p231_189.wav,1
/data/DATASETS/CodecFake/train/F01_SSB05350294.wav,1
/data/DATASETS/CodecFake/train/F01_SSB15670112.wav,1
/data/DATASETS/CodecFake/train/F01_p282_236.wav,1
/data/DATASETS/CodecFake/train/F01_p361_254.wav,1
/data/DATASETS/CodecFake/train/F01_p343_357.wav,1
/data/DATASETS/CodecFake/train/F01_SSB04150441.wav,1
/data/DATASETS/CodecFake/train/F01_p312_243.wav,1
/data/DATASETS/CodecFake/train/F01_SSB16700104.wav,1
/data/DATASETS/CodecFake/train/F01_SSB00380162.wav,1
/data/DATASETS/CodecFake/train/F01_p282_362.wav,1
/data/DATASETS/CodecFake/train/F01_SSB07860095.wav,1
/data/DATASETS/CodecFake/train/F01_p283_319.wav,1
/data/DATASETS/CodecFake/train/F01_SSB17590291.wav,1
/data/DATASETS/CodecFake/train/F01_p232_058.wav,1
/data/DATASETS/CodecFake/train/F01_SSB08710361.wav,1
/data/DATASETS/CodecFake/train/F01_SSB00120040.wav,1
/data/DATASETS/CodecFake/train/F01_SSB03380198.wav,1
/data/DATASETS/CodecFake/train/F01_SSB17810045.wav,1
/data/DATASETS/CodecFake/train/F01_SSB13280341.wav,1
/data/DATASETS/CodecFake/train/F01_SSB03410182.wav,1
/data/DATASETS/CodecFake/train/F01_p376_043.wav,1
/data/DATASETS/CodecFake/train/F01_SSB10560188.wav,1
/data/DATASETS/CodecFake/train/F01_p287_204.wav,1
/data/DATASETS/CodecFake/train/F01_SSB10020208.wav,1
/data/DATASETS/CodecFake/train/F01_SSB02870185.wav,1
/data/DATASETS/CodecFake/train/F01_p234_058.wav,1
/data/DATASETS/CodecFake/train/F01_SSB02730337.wav,1
/data/DATASETS/CodecFake/train/F01_p241_268.wav,1
/data/DATASETS/CodecFake/train/F01_SSB07780500.wav,1
/data/DATASETS/CodecFake/train/F01_p261_028.wav,1
/data/DATASETS/CodecFake/train/F01_SSB18780192.wav,1
/data/DATASETS/CodecFake/train/F01_SSB17820005.wav,1
/data/DATASETS/CodecFake/train/F01_SSB07100047.wav,1
/data/DATASETS/CodecFake/train/F01_SSB02870409.wav,1
/data/DATASETS/CodecFake/train/F01_p374_349.wav,1
/data/DATASETS/CodecFake/train/F01_SSB14520241.wav,1
/data/DATASETS/CodecFake/train/F01_SSB11350303.wav,1
/data/DATASETS/CodecFake/train/F01_SSB10560140.wav,1
/data/DATASETS/CodecFake/train/F01_SSB10200490.wav,1
/data/DATASETS/CodecFake/train/F01_SSB13920303.wav,1
/data/DATASETS/CodecFake/train/F01_SSB03790114.wav,1
/data/DATASETS/CodecFake/train/F01_SSB09970090.wav,1
/data/DATASETS/CodecFake/train/F01_p315_265.wav,1
/data/DATASETS/CodecFake/train/F01_SSB10640140.wav,1
/data/DATASETS/CodecFake/train/F01_SSB18460094.wav,1
/data/DATASETS/CodecFake/train/F01_SSB08090212.wav,1
/data/DATASETS/CodecFake/train/F01_SSB03790162.wav,1
/data/DATASETS/CodecFake/train/F01_SSB11870172.wav,1
/data/DATASETS/CodecFake/train/F01_p277_164.wav,1
/data/DATASETS/CodecFake/train/F01_SSB04820224.wav,1
/data/DATASETS/CodecFake/train/F01_p253_148.wav,1
/data/DATASETS/CodecFake/train/F01_p284_140.wav,1
/data/DATASETS/CodecFake/train/F01_p249_048.wav,1
/data/DATASETS/CodecFake/train/F01_SSB13220330.wav,1
/data/DATASETS/CodecFake/train/F01_SSB12210387.wav,1
/data/DATASETS/CodecFake/train/F01_p236_129.wav,1
/data/DATASETS/CodecFake/train/F01_p345_142.wav,1
/data/DATASETS/CodecFake/train/F01_p251_210.wav,1
/data/DATASETS/CodecFake/train/F01_SSB07600483.wav,1
/data/DATASETS/CodecFake/train/F01_p251_097.wav,1
/data/DATASETS/CodecFake/train/F01_p264_068.wav,1
/data/DATASETS/CodecFake/train/F01_p351_113.wav,1
/data/DATASETS/CodecFake/train/F01_SSB06010323.wav,1
/data/DATASETS/CodecFake/train/F01_p284_287.wav,1
/data/DATASETS/CodecFake/train/F01_SSB13200463.wav,1
/data/DATASETS/CodecFake/train/F01_SSB13660263.wav,1
/data/DATASETS/CodecFake/train/F01_p248_238.wav,1
/data/DATASETS/CodecFake/train/F01_SSB12160142.wav,1
/data/DATASETS/CodecFake/train/F01_SSB11610399.wav,1
/data/DATASETS/CodecFake/train/F01_SSB10240016.wav,1
/data/DATASETS/CodecFake/train/F01_SSB06710162.wav,1
/data/DATASETS/CodecFake/train/F01_p285_221.wav,1
/data/DATASETS/CodecFake/train/F01_p300_092.wav,1
/data/DATASETS/CodecFake/train/F01_SSB13650325.wav,1
/data/DATASETS/CodecFake/train/F01_p255_306.wav,1
/data/DATASETS/CodecFake/train/F01_SSB03540012.wav,1
/data/DATASETS/CodecFake/train/F01_p334_421.wav,1
/data/DATASETS/CodecFake/train/F01_SSB06030486.wav,1
/data/DATASETS/CodecFake/train/F01_p308_085.wav,1
/data/DATASETS/CodecFake/train/F01_SSB07460051.wav,1
/data/DATASETS/CodecFake/train/F01_SSB06660247.wav,1
/data/DATASETS/CodecFake/train/F01_p229_352.wav,1
/data/DATASETS/CodecFake/train/F01_p376_159.wav,1
/data/DATASETS/CodecFake/train/F01_SSB01330080.wav,1
/data/DATASETS/CodecFake/train/F01_SSB03940038.wav,1
/data/DATASETS/CodecFake/train/F01_SSB07860291.wav,1
/data/DATASETS/CodecFake/train/F01_SSB18910413.wav,1
/data/DATASETS/CodecFake/train/F01_p245_290.wav,1
/data/DATASETS/CodecFake/train/F01_SSB14080212.wav,1
/data/DATASETS/CodecFake/train/F01_SSB13410183.wav,1
/data/DATASETS/CodecFake/train/F01_p287_241.wav,1
/data/DATASETS/CodecFake/train/F01_p329_190.wav,1
/data/DATASETS/CodecFake/train/F01_p285_235.wav,1
/data/DATASETS/CodecFake/train/F01_p317_126.wav,1
/data/DATASETS/CodecFake/train/F01_p264_091.wav,1
/data/DATASETS/CodecFake/train/F01_SSB00330286.wav,1
/data/DATASETS/CodecFake/train/F01_SSB12390289.wav,1
/data/DATASETS/CodecFake/train/F01_SSB19180281.wav,1
/data/DATASETS/CodecFake/train/F01_SSB18100457.wav,1
/data/DATASETS/CodecFake/train/F01_SSB02730394.wav,1
/data/DATASETS/CodecFake/train/F01_SSB06860254.wav,1
/data/DATASETS/CodecFake/train/F01_p261_035.wav,1
/data/DATASETS/CodecFake/train/F01_SSB00160208.wav,1
/data/DATASETS/CodecFake/train/F01_p361_268.wav,1
/data/DATASETS/CodecFake/train/F01_p361_280.wav,1
/data/DATASETS/CodecFake/train/F01_p262_098.wav,1
/data/DATASETS/CodecFake/train/F01_SSB16240444.wav,1
/data/DATASETS/CodecFake/train/F01_SSB03390062.wav,1
/data/DATASETS/CodecFake/train/F01_SSB01330096.wav,1
/data/DATASETS/CodecFake/train/F01_p251_051.wav,1
/data/DATASETS/CodecFake/train/F01_SSB03070486.wav,1
/data/DATASETS/CodecFake/train/F01_SSB06090044.wav,1
/data/DATASETS/CodecFake/train/F01_p227_270.wav,1
/data/DATASETS/CodecFake/train/F01_p248_144.wav,1
/data/DATASETS/CodecFake/train/F01_SSB07110203.wav,1
/data/DATASETS/CodecFake/train/F01_SSB07460006.wav,1
/data/DATASETS/CodecFake/train/F01_SSB07160208.wav,1
/data/DATASETS/CodecFake/train/F01_SSB15550120.wav,1
/data/DATASETS/CodecFake/train/F01_SSB10720338.wav,1
/data/DATASETS/CodecFake/train/F01_p317_028.wav,1
/data/DATASETS/CodecFake/train/F01_SSB07460106.wav,1
/data/DATASETS/CodecFake/train/F01_SSB10640400.wav,1
/data/DATASETS/CodecFake/train/F01_SSB01330393.wav,1
/data/DATASETS/CodecFake/train/F01_p255_326.wav,1
/data/DATASETS/CodecFake/train/F01_p239_213.wav,1
/data/DATASETS/CodecFake/train/F01_p271_067.wav,1
/data/DATASETS/CodecFake/train/F01_SSB07800407.wav,1
/data/DATASETS/CodecFake/train/F01_SSB03070456.wav,1
/data/DATASETS/CodecFake/train/F01_SSB16070253.wav,1
/data/DATASETS/CodecFake/train/F01_SSB03380424.wav,1
/data/DATASETS/CodecFake/train/F01_SSB02670277.wav,1
/data/DATASETS/CodecFake/train/F01_SSB11350392.wav,1
/data/DATASETS/CodecFake/train/F01_p250_371.wav,1
/data/DATASETS/CodecFake/train/F01_p345_050.wav,1
/data/DATASETS/CodecFake/train/F01_SSB07480067.wav,1
/data/DATASETS/CodecFake/train/F01_SSB11970110.wav,1
/data/DATASETS/CodecFake/train/F01_SSB03160241.wav,1
/data/DATASETS/CodecFake/train/F01_p268_050.wav,1
/data/DATASETS/CodecFake/train/F01_SSB06660444.wav,1
/data/DATASETS/CodecFake/train/F01_p323_323.wav,1
/data/DATASETS/CodecFake/train/F01_SSB12150174.wav,1
/data/DATASETS/CodecFake/train/F01_p330_271.wav,1
/data/DATASETS/CodecFake/train/F01_p361_171.wav,1
/data/DATASETS/CodecFake/train/F01_SSB10910202.wav,1
/data/DATASETS/CodecFake/train/F01_p257_092.wav,1
/data/DATASETS/CodecFake/train/F01_SSB19180420.wav,1
/data/DATASETS/CodecFake/train/F01_p306_218.wav,1
/data/DATASETS/CodecFake/train/F01_SSB13650368.wav,1
/data/DATASETS/CodecFake/train/F01_p343_148.wav,1
/data/DATASETS/CodecFake/train/F01_SSB04150474.wav,1
/data/DATASETS/CodecFake/train/F01_SSB07460218.wav,1
/data/DATASETS/CodecFake/train/F01_p245_306.wav,1
/data/DATASETS/CodecFake/train/F01_SSB07510301.wav,1
/data/DATASETS/CodecFake/train/F01_SSB06860479.wav,1
/data/DATASETS/CodecFake/train/F01_p374_037.wav,1
/data/DATASETS/CodecFake/train/F01_p231_154.wav,1
/data/DATASETS/CodecFake/train/F01_p336_349.wav,1
/data/DATASETS/CodecFake/train/F01_p265_318.wav,1
/data/DATASETS/CodecFake/train/F01_SSB11000242.wav,1
/data/DATASETS/CodecFake/train/F01_SSB09350062.wav,1
/data/DATASETS/CodecFake/train/F01_p330_385.wav,1
/data/DATASETS/CodecFake/train/F01_p298_042.wav,1
/data/DATASETS/CodecFake/train/F01_p303_172.wav,1
/data/DATASETS/CodecFake/train/F01_SSB04820122.wav,1
/data/DATASETS/CodecFake/train/F01_SSB07600331.wav,1
/data/DATASETS/CodecFake/train/F01_SSB01970395.wav,1
/data/DATASETS/CodecFake/train/F01_p261_346.wav,1
/data/DATASETS/CodecFake/train/F01_SSB08220339.wav,1
/data/DATASETS/CodecFake/train/F01_SSB08630351.wav,1
/data/DATASETS/CodecFake/train/F01_p277_439.wav,1
/data/DATASETS/CodecFake/train/F01_SSB03410417.wav,1
/data/DATASETS/CodecFake/train/F01_SSB03790408.wav,1
/data/DATASETS/CodecFake/train/F01_SSB08710011.wav,1
/data/DATASETS/CodecFake/train/F01_SSB07860056.wav,1
/data/DATASETS/CodecFake/train/F01_SSB05650421.wav,1
/data/DATASETS/CodecFake/train/F01_SSB01450152.wav,1
/data/DATASETS/CodecFake/train/F01_SSB01930006.wav,1
/data/DATASETS/CodecFake/train/F01_SSB19350451.wav,1
/data/DATASETS/CodecFake/train/F01_SSB06860214.wav,1
/data/DATASETS/CodecFake/train/F01_SSB05390427.wav,1
/data/DATASETS/CodecFake/train/F01_SSB18100234.wav,1
/data/DATASETS/CodecFake/train/F01_SSB09130200.wav,1
/data/DATASETS/CodecFake/train/F01_SSB00380130.wav,1
/data/DATASETS/CodecFake/train/F01_SSB05990147.wav,1
/data/DATASETS/CodecFake/train/F01_SSB03390191.wav,1
/data/DATASETS/CodecFake/train/F01_SSB00050225.wav,1
/data/DATASETS/CodecFake/train/F01_SSB12530448.wav,1
/data/DATASETS/CodecFake/train/F01_p360_304.wav,1
/data/DATASETS/CodecFake/train/F01_SSB09150211.wav,1
/data/DATASETS/CodecFake/train/F01_SSB13220501.wav,1
/data/DATASETS/CodecFake/train/F01_SSB11250208.wav,1
/data/DATASETS/CodecFake/train/F01_p297_228.wav,1
/data/DATASETS/CodecFake/train/F01_SSB05340002.wav,1
/data/DATASETS/CodecFake/train/F01_SSB18910473.wav,1
/data/DATASETS/CodecFake/train/F01_p298_072.wav,1
/data/DATASETS/CodecFake/train/F01_SSB03070084.wav,1
/data/DATASETS/CodecFake/train/F01_SSB12740164.wav,1
/data/DATASETS/CodecFake/train/F01_p278_314.wav,1
/data/DATASETS/CodecFake/train/F01_SSB13410427.wav,1
/data/DATASETS/CodecFake/train/F01_p247_169.wav,1
/data/DATASETS/CodecFake/train/F01_SSB03660499.wav,1
/data/DATASETS/CodecFake/train/F01_SSB18100054.wav,1
/data/DATASETS/CodecFake/train/F01_SSB12390261.wav,1
/data/DATASETS/CodecFake/train/F01_SSB06930391.wav,1
/data/DATASETS/CodecFake/train/F01_SSB04070404.wav,1
/data/DATASETS/CodecFake/train/F01_SSB02410154.wav,1
/data/DATASETS/CodecFake/train/F01_p267_044.wav,1
/data/DATASETS/CodecFake/train/F01_SSB01390060.wav,1
/data/DATASETS/CodecFake/train/F01_SSB19560067.wav,1
/data/DATASETS/CodecFake/train/F01_p317_121.wav,1
/data/DATASETS/CodecFake/train/F01_p308_071.wav,1
/data/DATASETS/CodecFake/train/F01_p340_003.wav,1
/data/DATASETS/CodecFake/train/F01_p304_216.wav,1
/data/DATASETS/CodecFake/train/F01_SSB05990085.wav,1
/data/DATASETS/CodecFake/train/F01_p303_138.wav,1
/data/DATASETS/CodecFake/train/F01_p271_128.wav,1
/data/DATASETS/CodecFake/train/F01_SSB05020044.wav,1
/data/DATASETS/CodecFake/train/F01_SSB07110207.wav,1
/data/DATASETS/CodecFake/train/F01_SSB11150145.wav,1
/data/DATASETS/CodecFake/train/F01_p305_417.wav,1
/data/DATASETS/CodecFake/train/F01_p252_098.wav,1
/data/DATASETS/CodecFake/train/F01_SSB05880217.wav,1
/data/DATASETS/CodecFake/train/F01_p263_169.wav,1
/data/DATASETS/CodecFake/train/F01_SSB14520405.wav,1
/data/DATASETS/CodecFake/train/F01_SSB18460261.wav,1
/data/DATASETS/CodecFake/train/F01_p329_319.wav,1
/data/DATASETS/CodecFake/train/F01_p305_095.wav,1
/data/DATASETS/CodecFake/train/F01_p259_297.wav,1
/data/DATASETS/CodecFake/train/F01_p266_142.wav,1
/data/DATASETS/CodecFake/train/F01_p317_179.wav,1
/data/DATASETS/CodecFake/train/F01_p231_301.wav,1
/data/DATASETS/CodecFake/train/F01_p234_025.wav,1
/data/DATASETS/CodecFake/train/F01_SSB06290193.wav,1
/data/DATASETS/CodecFake/train/F01_p250_407.wav,1
/data/DATASETS/CodecFake/train/F01_SSB03410463.wav,1
/data/DATASETS/CodecFake/train/F01_SSB07230484.wav,1
/data/DATASETS/CodecFake/train/F01_p284_403.wav,1
/data/DATASETS/CodecFake/train/F01_SSB10640018.wav,1
/data/DATASETS/CodecFake/train/F01_SSB18910045.wav,1
/data/DATASETS/CodecFake/train/F01_p303_265.wav,1
/data/DATASETS/CodecFake/train/F01_SSB05020269.wav,1
/data/DATASETS/CodecFake/train/F01_SSB00430511.wav,1
/data/DATASETS/CodecFake/train/F01_SSB04700032.wav,1
/data/DATASETS/CodecFake/train/F01_p323_341.wav,1
/data/DATASETS/CodecFake/train/F01_SSB02730113.wav,1
/data/DATASETS/CodecFake/train/F01_p310_376.wav,1
/data/DATASETS/CodecFake/train/F01_SSB03090234.wav,1
/data/DATASETS/CodecFake/train/F01_SSB17280213.wav,1
/data/DATASETS/CodecFake/train/F01_p374_098.wav,1
/data/DATASETS/CodecFake/train/F01_SSB06310176.wav,1
/data/DATASETS/CodecFake/train/F01_p261_084.wav,1
/data/DATASETS/CodecFake/train/F01_SSB02460335.wav,1
/data/DATASETS/CodecFake/train/F01_p276_426.wav,1
/data/DATASETS/CodecFake/train/F01_SSB06010377.wav,1
/data/DATASETS/CodecFake/train/F01_p330_338.wav,1
/data/DATASETS/CodecFake/train/F01_SSB02990258.wav,1
/data/DATASETS/CodecFake/train/F01_SSB00110025.wav,1
/data/DATASETS/CodecFake/train/F01_SSB15550454.wav,1
/data/DATASETS/CodecFake/train/F01_SSB11760358.wav,1
/data/DATASETS/CodecFake/train/F01_p272_112.wav,1
/data/DATASETS/CodecFake/train/F01_SSB01390169.wav,1
/data/DATASETS/CodecFake/train/F01_SSB03090232.wav,1
/data/DATASETS/CodecFake/train/F01_p251_231.wav,1
/data/DATASETS/CodecFake/train/F01_SSB16700053.wav,1
/data/DATASETS/CodecFake/train/F01_p340_220.wav,1
/data/DATASETS/CodecFake/train/F01_p273_142.wav,1
/data/DATASETS/CodecFake/train/F01_SSB11970359.wav,1
/data/DATASETS/CodecFake/train/F01_SSB10500238.wav,1
/data/DATASETS/CodecFake/train/F01_SSB09660384.wav,1
/data/DATASETS/CodecFake/train/F01_p292_034.wav,1
/data/DATASETS/CodecFake/train/F01_SSB19020396.wav,1
/data/DATASETS/CodecFake/train/F01_SSB00110471.wav,1
/data/DATASETS/CodecFake/train/F01_SSB07000371.wav,1
/data/DATASETS/CodecFake/train/F01_SSB05440187.wav,1
/data/DATASETS/CodecFake/train/F01_SSB03540116.wav,1
/data/DATASETS/CodecFake/train/F01_SSB08710283.wav,1
/data/DATASETS/CodecFake/train/F01_SSB11250246.wav,1
/data/DATASETS/CodecFake/train/F01_p293_211.wav,1
/data/DATASETS/CodecFake/train/F01_p243_212.wav,1
/data/DATASETS/CodecFake/train/F01_SSB03930330.wav,1
/data/DATASETS/CodecFake/train/F01_SSB00570435.wav,1
/data/DATASETS/CodecFake/train/F01_p264_272.wav,1
/data/DATASETS/CodecFake/train/F01_SSB05340288.wav,1
/data/DATASETS/CodecFake/train/F01_SSB00570325.wav,1
/data/DATASETS/CodecFake/train/F01_SSB12210173.wav,1
/data/DATASETS/CodecFake/train/F01_p247_367.wav,1
/data/DATASETS/CodecFake/train/F01_SSB11080261.wav,1
/data/DATASETS/CodecFake/train/F01_p311_417.wav,1
/data/DATASETS/CodecFake/train/F01_SSB06320049.wav,1
/data/DATASETS/CodecFake/train/F01_SSB06030279.wav,1
/data/DATASETS/CodecFake/train/F01_p312_291.wav,1
/data/DATASETS/CodecFake/train/F01_p262_294.wav,1
/data/DATASETS/CodecFake/train/F01_SSB13400003.wav,1
/data/DATASETS/CodecFake/train/F01_SSB09350305.wav,1
/data/DATASETS/CodecFake/train/F01_SSB09130443.wav,1
/data/DATASETS/CodecFake/train/F01_p326_021.wav,1
/data/DATASETS/CodecFake/train/F01_p228_193.wav,1
/data/DATASETS/CodecFake/train/F01_SSB07110067.wav,1
/data/DATASETS/CodecFake/train/F01_SSB07580249.wav,1
/data/DATASETS/CodecFake/train/F01_SSB04070301.wav,1
/data/DATASETS/CodecFake/train/F01_SSB00180108.wav,1
/data/DATASETS/CodecFake/train/F01_SSB00180016.wav,1
/data/DATASETS/CodecFake/train/F01_SSB05990411.wav,1
/data/DATASETS/CodecFake/train/F01_SSB18910088.wav,1
/data/DATASETS/CodecFake/train/F01_p298_167.wav,1
/data/DATASETS/CodecFake/train/F01_p293_357.wav,1
/data/DATASETS/CodecFake/train/F01_p225_133.wav,1
/data/DATASETS/CodecFake/train/F01_SSB11350084.wav,1
/data/DATASETS/CodecFake/train/F01_SSB07460216.wav,1
/data/DATASETS/CodecFake/train/F01_p227_208.wav,1
/data/DATASETS/CodecFake/train/F01_SSB07510082.wav,1
/data/DATASETS/CodecFake/train/F01_SSB02870012.wav,1
/data/DATASETS/CodecFake/train/F01_p360_110.wav,1
/data/DATASETS/CodecFake/train/F01_SSB13930116.wav,1
/data/DATASETS/CodecFake/train/F01_SSB10550424.wav,1
/data/DATASETS/CodecFake/train/F01_p276_465.wav,1
/data/DATASETS/CodecFake/train/F01_SSB14570291.wav,1
/data/DATASETS/CodecFake/train/F01_p275_225.wav,1
/data/DATASETS/CodecFake/train/F01_SSB10550127.wav,1
/data/DATASETS/CodecFake/train/F01_SSB00430400.wav,1
/data/DATASETS/CodecFake/train/F01_SSB07460395.wav,1
/data/DATASETS/CodecFake/train/F01_SSB10010420.wav,1
/data/DATASETS/CodecFake/train/F01_SSB19390406.wav,1
/data/DATASETS/CodecFake/train/F01_p374_042.wav,1
/data/DATASETS/CodecFake/train/F01_SSB06710041.wav,1
/data/DATASETS/CodecFake/train/F01_p248_223.wav,1
/data/DATASETS/CodecFake/train/F01_p272_412.wav,1
/data/DATASETS/CodecFake/train/F01_SSB03070116.wav,1
/data/DATASETS/CodecFake/train/F01_p267_361.wav,1
/data/DATASETS/CodecFake/train/F01_p297_257.wav,1
/data/DATASETS/CodecFake/train/F01_SSB10640373.wav,1
/data/DATASETS/CodecFake/train/F01_SSB16070100.wav,1
/data/DATASETS/CodecFake/train/F01_p286_381.wav,1
/data/DATASETS/CodecFake/train/F01_p363_111.wav,1
/data/DATASETS/CodecFake/train/F01_SSB14370397.wav,1
/data/DATASETS/CodecFake/train/F01_SSB08090253.wav,1
/data/DATASETS/CodecFake/train/F01_SSB12530408.wav,1
/data/DATASETS/CodecFake/train/F01_SSB11380354.wav,1
/data/DATASETS/CodecFake/train/F01_SSB09350186.wav,1
/data/DATASETS/CodecFake/train/F01_p343_341.wav,1
/data/DATASETS/CodecFake/train/F01_p277_050.wav,1
/data/DATASETS/CodecFake/train/F01_p243_280.wav,1
/data/DATASETS/CodecFake/train/F01_SSB19390439.wav,1
/data/DATASETS/CodecFake/train/F01_SSB10000410.wav,1
/data/DATASETS/CodecFake/train/F01_SSB03540131.wav,1
/data/DATASETS/CodecFake/train/F01_p251_313.wav,1
/data/DATASETS/CodecFake/train/F01_SSB08710280.wav,1
/data/DATASETS/CodecFake/train/F01_SSB18100075.wav,1
/data/DATASETS/CodecFake/train/F01_SSB07100349.wav,1
/data/DATASETS/CodecFake/train/F01_SSB03930334.wav,1
/data/DATASETS/CodecFake/train/F01_SSB18370208.wav,1
/data/DATASETS/CodecFake/train/F01_SSB04700019.wav,1
/data/DATASETS/CodecFake/train/F01_SSB10240214.wav,1
/data/DATASETS/CodecFake/train/F01_SSB01330411.wav,1
/data/DATASETS/CodecFake/train/F01_SSB12210237.wav,1
/data/DATASETS/CodecFake/train/F01_SSB09660415.wav,1
/data/DATASETS/CodecFake/train/F01_p292_414.wav,1
/data/DATASETS/CodecFake/train/F01_SSB05900104.wav,1
/data/DATASETS/CodecFake/train/F01_SSB03230429.wav,1
/data/DATASETS/CodecFake/train/F01_p230_163.wav,1
/data/DATASETS/CodecFake/train/F01_SSB08870407.wav,1
/data/DATASETS/CodecFake/train/F01_SSB03160423.wav,1
/data/DATASETS/CodecFake/train/F01_SSB15630103.wav,1
/data/DATASETS/CodecFake/train/F01_SSB09870355.wav,1
/data/DATASETS/CodecFake/train/F01_p244_410.wav,1
/data/DATASETS/CodecFake/train/F01_SSB09870126.wav,1
/data/DATASETS/CodecFake/train/F01_p311_146.wav,1
/data/DATASETS/CodecFake/train/F01_p269_208.wav,1
/data/DATASETS/CodecFake/train/F01_SSB10000031.wav,1
/data/DATASETS/CodecFake/train/F01_SSB09350239.wav,1
/data/DATASETS/CodecFake/train/F01_p310_039.wav,1
/data/DATASETS/CodecFake/train/F01_SSB01450121.wav,1
/data/DATASETS/CodecFake/train/F01_SSB19180079.wav,1
/data/DATASETS/CodecFake/train/F01_SSB00380016.wav,1
/data/DATASETS/CodecFake/train/F01_SSB01330453.wav,1
/data/DATASETS/CodecFake/train/F01_p239_186.wav,1
/data/DATASETS/CodecFake/train/F01_p244_367.wav,1
/data/DATASETS/CodecFake/train/F01_SSB11970401.wav,1
/data/DATASETS/CodecFake/train/F01_SSB07840498.wav,1
/data/DATASETS/CodecFake/train/F01_SSB19020178.wav,1
/data/DATASETS/CodecFake/train/F01_SSB00110123.wav,1
/data/DATASETS/CodecFake/train/F01_SSB19390025.wav,1
/data/DATASETS/CodecFake/train/F01_SSB16990114.wav,1
/data/DATASETS/CodecFake/train/F01_p336_182.wav,1
/data/DATASETS/CodecFake/train/F01_SSB13200359.wav,1
/data/DATASETS/CodecFake/train/F01_SSB05020151.wav,1
/data/DATASETS/CodecFake/train/F01_SSB05780013.wav,1
/data/DATASETS/CodecFake/train/F01_p262_100.wav,1
/data/DATASETS/CodecFake/train/F01_SSB07620069.wav,1
/data/DATASETS/CodecFake/train/F01_SSB14480260.wav,1
/data/DATASETS/CodecFake/train/F01_SSB09660118.wav,1
/data/DATASETS/CodecFake/train/F01_SSB02670082.wav,1
/data/DATASETS/CodecFake/train/F01_SSB18280206.wav,1
/data/DATASETS/CodecFake/train/F01_SSB15550223.wav,1
/data/DATASETS/CodecFake/train/F01_SSB18780375.wav,1
/data/DATASETS/CodecFake/train/F01_SSB01490017.wav,1
/data/DATASETS/CodecFake/train/F01_SSB03420225.wav,1
/data/DATASETS/CodecFake/train/F01_p267_363.wav,1
/data/DATASETS/CodecFake/train/F01_p233_273.wav,1
/data/DATASETS/CodecFake/train/F01_SSB06140200.wav,1
/data/DATASETS/CodecFake/train/F01_SSB10560220.wav,1
/data/DATASETS/CodecFake/train/F01_p248_067.wav,1
/data/DATASETS/CodecFake/train/F01_p264_459.wav,1
/data/DATASETS/CodecFake/train/F01_p248_262.wav,1
/data/DATASETS/CodecFake/train/F01_SSB10240198.wav,1
/data/DATASETS/CodecFake/train/F01_SSB02670092.wav,1
/data/DATASETS/CodecFake/train/F01_p274_062.wav,1
/data/DATASETS/CodecFake/train/F01_SSB07370055.wav,1
/data/DATASETS/CodecFake/train/F01_SSB01390139.wav,1
/data/DATASETS/CodecFake/train/F01_p301_370.wav,1
/data/DATASETS/CodecFake/train/F01_SSB03540066.wav,1
/data/DATASETS/CodecFake/train/F01_SSB03230177.wav,1
/data/DATASETS/CodecFake/train/F01_SSB16070254.wav,1
/data/DATASETS/CodecFake/train/F01_p243_203.wav,1
/data/DATASETS/CodecFake/train/F01_SSB07800042.wav,1
/data/DATASETS/CodecFake/train/F01_p240_235.wav,1
/data/DATASETS/CodecFake/train/F01_SSB03230128.wav,1
/data/DATASETS/CodecFake/train/F01_SSB15930233.wav,1
/data/DATASETS/CodecFake/train/F01_SSB07370184.wav,1
/data/DATASETS/CodecFake/train/F01_SSB02000295.wav,1
/data/DATASETS/CodecFake/train/F01_SSB15750058.wav,1
/data/DATASETS/CodecFake/train/F01_SSB06290446.wav,1
/data/DATASETS/CodecFake/train/F01_SSB02460031.wav,1
/data/DATASETS/CodecFake/train/F01_p301_211.wav,1
/data/DATASETS/CodecFake/train/F01_SSB08170122.wav,1
/data/DATASETS/CodecFake/train/F01_p274_094.wav,1
/data/DATASETS/CodecFake/train/F01_p239_025.wav,1
/data/DATASETS/CodecFake/train/F01_SSB12150095.wav,1
/data/DATASETS/CodecFake/train/F01_SSB00730082.wav,1
/data/DATASETS/CodecFake/train/F01_SSB11150106.wav,1
/data/DATASETS/CodecFake/train/F01_SSB10010372.wav,1
/data/DATASETS/CodecFake/train/F01_SSB11310363.wav,1
/data/DATASETS/CodecFake/train/F01_p313_297.wav,1
/data/DATASETS/CodecFake/train/F01_p251_175.wav,1
/data/DATASETS/CodecFake/train/F01_p276_317.wav,1
/data/DATASETS/CodecFake/train/F01_p362_098.wav,1
/data/DATASETS/CodecFake/train/F01_p250_160.wav,1
/data/DATASETS/CodecFake/train/F01_SSB04340158.wav,1
/data/DATASETS/CodecFake/train/F01_SSB15930273.wav,1
/data/DATASETS/CodecFake/train/F01_p351_081.wav,1
/data/DATASETS/CodecFake/train/F01_SSB00160170.wav,1
/data/DATASETS/CodecFake/train/F01_SSB14520351.wav,1
/data/DATASETS/CodecFake/train/F01_SSB11970369.wav,1
/data/DATASETS/CodecFake/train/F01_SSB04350072.wav,1
/data/DATASETS/CodecFake/train/F01_SSB07510135.wav,1
/data/DATASETS/CodecFake/train/F01_SSB18280136.wav,1
/data/DATASETS/CodecFake/train/F01_p269_049.wav,1
/data/DATASETS/CodecFake/train/F01_p314_383.wav,1
/data/DATASETS/CodecFake/train/F01_SSB18320179.wav,1
/data/DATASETS/CodecFake/train/F01_SSB02730026.wav,1
/data/DATASETS/CodecFake/train/F01_SSB02460482.wav,1
/data/DATASETS/CodecFake/train/F01_SSB07580474.wav,1
/data/DATASETS/CodecFake/train/F01_SSB13850387.wav,1
/data/DATASETS/CodecFake/train/F01_SSB02610127.wav,1
/data/DATASETS/CodecFake/train/F01_SSB00330361.wav,1
/data/DATASETS/CodecFake/train/F01_SSB10200147.wav,1
/data/DATASETS/CodecFake/train/F01_p329_236.wav,1
/data/DATASETS/CodecFake/train/F01_SSB10550176.wav,1
/data/DATASETS/CodecFake/train/F01_p294_012.wav,1
/data/DATASETS/CodecFake/train/F01_SSB06310301.wav,1
/data/DATASETS/CodecFake/train/F01_SSB04150465.wav,1
/data/DATASETS/CodecFake/train/F01_SSB11350383.wav,1
/data/DATASETS/CodecFake/train/F01_SSB06010073.wav,1
/data/DATASETS/CodecFake/train/F01_SSB06060150.wav,1
/data/DATASETS/CodecFake/train/F01_SSB13820061.wav,1
/data/DATASETS/CodecFake/train/F01_SSB11350272.wav,1
/data/DATASETS/CodecFake/train/F01_p237_299.wav,1
/data/DATASETS/CodecFake/train/F01_p347_081.wav,1
/data/DATASETS/CodecFake/train/F01_SSB18630209.wav,1
/data/DATASETS/CodecFake/train/F01_SSB00090139.wav,1
/data/DATASETS/CodecFake/train/F01_p262_016.wav,1
/data/DATASETS/CodecFake/train/F01_SSB00570395.wav,1
/data/DATASETS/CodecFake/train/F01_SSB00570427.wav,1
/data/DATASETS/CodecFake/train/F01_SSB15850120.wav,1
/data/DATASETS/CodecFake/train/F01_SSB11610306.wav,1
/data/DATASETS/CodecFake/train/F01_SSB16700295.wav,1
/data/DATASETS/CodecFake/train/F01_p231_038.wav,1
/data/DATASETS/CodecFake/train/F01_SSB12190229.wav,1
/data/DATASETS/CodecFake/train/F01_p340_063.wav,1
/data/DATASETS/CodecFake/train/F01_SSB10020231.wav,1
/data/DATASETS/CodecFake/train/F01_SSB09660046.wav,1
/data/DATASETS/CodecFake/train/F01_SSB06230118.wav,1
/data/DATASETS/CodecFake/train/F01_SSB16990375.wav,1
/data/DATASETS/CodecFake/train/F01_p264_078.wav,1
/data/DATASETS/CodecFake/train/F01_SSB01220274.wav,1
/data/DATASETS/CodecFake/train/F01_SSB15630012.wav,1
/data/DATASETS/CodecFake/train/F01_SSB01490158.wav,1
/data/DATASETS/CodecFake/train/F01_p275_083.wav,1
/data/DATASETS/CodecFake/train/F01_SSB11870010.wav,1
/data/DATASETS/CodecFake/train/F01_p278_064.wav,1
/data/DATASETS/CodecFake/train/F01_p252_037.wav,1
/data/DATASETS/CodecFake/train/F01_SSB02730027.wav,1
/data/DATASETS/CodecFake/train/F01_SSB06320128.wav,1
/data/DATASETS/CodecFake/train/F01_p362_036.wav,1
/data/DATASETS/CodecFake/train/F01_p275_286.wav,1
/data/DATASETS/CodecFake/train/F01_SSB15930271.wav,1
/data/DATASETS/CodecFake/train/F01_SSB13820161.wav,1
/data/DATASETS/CodecFake/train/F01_p299_050.wav,1
/data/DATASETS/CodecFake/train/F01_SSB00430445.wav,1
/data/DATASETS/CodecFake/train/F01_p263_449.wav,1
/data/DATASETS/CodecFake/train/F01_SSB18910188.wav,1
/data/DATASETS/CodecFake/train/F01_SSB02460101.wav,1
/data/DATASETS/CodecFake/train/F01_SSB10560483.wav,1
/data/DATASETS/CodecFake/train/F01_SSB05900214.wav,1
/data/DATASETS/CodecFake/train/F01_SSB17280228.wav,1
/data/DATASETS/CodecFake/train/F01_SSB14480246.wav,1
/data/DATASETS/CodecFake/train/F01_p283_279.wav,1
/data/DATASETS/CodecFake/train/F01_SSB16990442.wav,1
/data/DATASETS/CodecFake/train/F01_SSB01490350.wav,1
/data/DATASETS/CodecFake/train/F01_p264_092.wav,1
/data/DATASETS/CodecFake/train/F01_p341_335.wav,1
/data/DATASETS/CodecFake/train/F01_p311_063.wav,1
/data/DATASETS/CodecFake/train/F01_p232_041.wav,1
/data/DATASETS/CodecFake/train/F01_SSB06710018.wav,1
/data/DATASETS/CodecFake/train/F01_SSB13830296.wav,1
/data/DATASETS/CodecFake/train/F01_SSB16240213.wav,1
/data/DATASETS/CodecFake/train/F01_SSB07160170.wav,1
/data/DATASETS/CodecFake/train/F01_SSB05700440.wav,1
/data/DATASETS/CodecFake/train/F01_SSB06860050.wav,1
/data/DATASETS/CodecFake/train/F01_SSB09930497.wav,1
/data/DATASETS/CodecFake/train/F01_SSB06010231.wav,1
/data/DATASETS/CodecFake/train/F01_SSB18320203.wav,1
/data/DATASETS/CodecFake/train/F01_SSB11000344.wav,1
/data/DATASETS/CodecFake/train/F01_SSB11970055.wav,1
/data/DATASETS/CodecFake/train/F01_SSB05900032.wav,1
/data/DATASETS/CodecFake/train/F01_SSB10000241.wav,1
/data/DATASETS/CodecFake/train/F01_SSB15670357.wav,1
/data/DATASETS/CodecFake/train/F01_p232_152.wav,1
/data/DATASETS/CodecFake/train/F01_SSB18630168.wav,1
/data/DATASETS/CodecFake/train/F01_SSB03950170.wav,1
/data/DATASETS/CodecFake/train/F01_SSB03410113.wav,1
/data/DATASETS/CodecFake/train/F01_SSB11970386.wav,1
/data/DATASETS/CodecFake/train/F01_SSB00120084.wav,1
/data/DATASETS/CodecFake/train/F01_SSB05880386.wav,1
/data/DATASETS/CodecFake/train/F01_p351_104.wav,1
/data/DATASETS/CodecFake/train/F01_p310_214.wav,1
/data/DATASETS/CodecFake/train/F01_SSB03800236.wav,1
/data/DATASETS/CodecFake/train/F01_SSB03390113.wav,1
/data/DATASETS/CodecFake/train/F01_SSB11350122.wav,1
/data/DATASETS/CodecFake/train/F01_p323_150.wav,1
/data/DATASETS/CodecFake/train/F01_SSB03150170.wav,1
/data/DATASETS/CodecFake/train/F01_SSB06060367.wav,1
/data/DATASETS/CodecFake/train/F01_SSB05650259.wav,1
/data/DATASETS/CodecFake/train/F01_SSB16860108.wav,1
/data/DATASETS/CodecFake/train/F01_p364_160.wav,1
/data/DATASETS/CodecFake/train/F01_SSB18720216.wav,1
/data/DATASETS/CodecFake/train/F01_SSB07170510.wav,1
/data/DATASETS/CodecFake/train/F01_SSB00800177.wav,1
/data/DATASETS/CodecFake/train/F01_p285_376.wav,1
/data/DATASETS/CodecFake/train/F01_SSB13850120.wav,1
/data/DATASETS/CodecFake/train/F01_SSB13280021.wav,1
/data/DATASETS/CodecFake/train/F01_SSB05900069.wav,1
/data/DATASETS/CodecFake/train/F01_SSB16860402.wav,1
/data/DATASETS/CodecFake/train/F01_SSB06290393.wav,1
/data/DATASETS/CodecFake/train/F01_SSB03420314.wav,1
/data/DATASETS/CodecFake/train/F01_SSB02880417.wav,1
/data/DATASETS/CodecFake/train/F01_SSB06320224.wav,1
/data/DATASETS/CodecFake/train/F01_SSB06660292.wav,1
/data/DATASETS/CodecFake/train/F01_p234_038.wav,1
/data/DATASETS/CodecFake/train/F01_SSB08510363.wav,1
/data/DATASETS/CodecFake/train/F01_SSB03070238.wav,1
/data/DATASETS/CodecFake/train/F01_p307_321.wav,1
/data/DATASETS/CodecFake/train/F01_p288_174.wav,1
/data/DATASETS/CodecFake/train/F01_p304_136.wav,1
/data/DATASETS/CodecFake/train/F01_p273_361.wav,1
/data/DATASETS/CodecFake/train/F01_SSB13990062.wav,1
/data/DATASETS/CodecFake/train/F01_SSB06230218.wav,1
/data/DATASETS/CodecFake/train/F01_SSB04350265.wav,1
/data/DATASETS/CodecFake/train/F01_SSB03660269.wav,1
/data/DATASETS/CodecFake/train/F01_SSB19180111.wav,1
/data/DATASETS/CodecFake/train/F01_p231_461.wav,1
/data/DATASETS/CodecFake/train/F01_SSB01220126.wav,1
/data/DATASETS/CodecFake/train/F01_p343_023.wav,1
/data/DATASETS/CodecFake/train/F01_SSB18100409.wav,1
/data/DATASETS/CodecFake/train/F01_SSB02460235.wav,1
/data/DATASETS/CodecFake/train/F01_SSB08710340.wav,1
/data/DATASETS/CodecFake/train/F01_p238_112.wav,1
/data/DATASETS/CodecFake/train/F01_SSB00430425.wav,1
/data/DATASETS/CodecFake/train/F01_SSB18090348.wav,1
/data/DATASETS/CodecFake/train/F01_SSB18780512.wav,1
/data/DATASETS/CodecFake/train/F01_SSB06030080.wav,1
/data/DATASETS/CodecFake/train/F01_SSB00110268.wav,1
/data/DATASETS/CodecFake/train/F01_SSB18090387.wav,1
/data/DATASETS/CodecFake/train/F01_SSB13820199.wav,1
/data/DATASETS/CodecFake/train/F01_SSB04350331.wav,1
/data/DATASETS/CodecFake/train/F01_SSB05020417.wav,1
/data/DATASETS/CodecFake/train/F01_SSB03420158.wav,1
/data/DATASETS/CodecFake/train/F01_p278_318.wav,1
/data/DATASETS/CodecFake/train/F01_SSB03160376.wav,1
/data/DATASETS/CodecFake/train/F01_SSB02460084.wav,1
/data/DATASETS/CodecFake/train/F01_SSB13930397.wav,1
/data/DATASETS/CodecFake/train/F01_SSB07940166.wav,1
/data/DATASETS/CodecFake/train/F01_SSB07510465.wav,1
/data/DATASETS/CodecFake/train/F01_SSB16070402.wav,1
/data/DATASETS/CodecFake/train/F01_SSB07580266.wav,1
/data/DATASETS/CodecFake/train/F01_SSB06290063.wav,1
/data/DATASETS/CodecFake/train/F01_p339_065.wav,1
/data/DATASETS/CodecFake/train/F01_SSB03410419.wav,1
/data/DATASETS/CodecFake/train/F01_SSB07780388.wav,1
/data/DATASETS/CodecFake/train/F01_SSB03660169.wav,1
/data/DATASETS/CodecFake/train/F01_p292_202.wav,1
/data/DATASETS/CodecFake/train/F01_SSB05940439.wav,1
/data/DATASETS/CodecFake/train/F01_SSB08710439.wav,1
/data/DATASETS/CodecFake/train/F01_p226_037.wav,1
/data/DATASETS/CodecFake/train/F01_SSB06030130.wav,1
/data/DATASETS/CodecFake/train/F01_SSB13850420.wav,1
/data/DATASETS/CodecFake/train/F01_p269_107.wav,1
/data/DATASETS/CodecFake/train/F01_SSB06660385.wav,1
/data/DATASETS/CodecFake/train/F01_SSB05900012.wav,1
/data/DATASETS/CodecFake/train/F01_SSB05880313.wav,1
/data/DATASETS/CodecFake/train/F01_p270_342.wav,1
/data/DATASETS/CodecFake/train/F01_SSB12390140.wav,1
/data/DATASETS/CodecFake/train/F01_SSB11610144.wav,1
/data/DATASETS/CodecFake/train/F01_SSB07840457.wav,1
/data/DATASETS/CodecFake/train/F01_p274_443.wav,1
/data/DATASETS/CodecFake/train/F01_SSB03230154.wav,1
/data/DATASETS/CodecFake/train/F01_SSB07510064.wav,1
/data/DATASETS/CodecFake/train/F01_p228_173.wav,1
/data/DATASETS/CodecFake/train/F01_SSB03540291.wav,1
/data/DATASETS/CodecFake/train/F01_SSB02870343.wav,1
/data/DATASETS/CodecFake/train/F01_p329_154.wav,1
/data/DATASETS/CodecFake/train/F01_p298_034.wav,1
/data/DATASETS/CodecFake/train/F01_SSB07200035.wav,1
/data/DATASETS/CodecFake/train/F01_SSB10720323.wav,1
/data/DATASETS/CodecFake/train/F01_SSB07110303.wav,1
/data/DATASETS/CodecFake/train/F01_p276_029.wav,1
/data/DATASETS/CodecFake/train/F01_SSB10960320.wav,1
/data/DATASETS/CodecFake/train/F01_p252_369.wav,1
/data/DATASETS/CodecFake/train/F01_SSB07620450.wav,1
/data/DATASETS/CodecFake/train/F01_SSB11150048.wav,1
/data/DATASETS/CodecFake/train/F01_SSB14020065.wav,1
/data/DATASETS/CodecFake/train/F01_p249_027.wav,1
/data/DATASETS/CodecFake/train/F01_SSB00160159.wav,1
/data/DATASETS/CodecFake/train/F01_SSB15930176.wav,1
/data/DATASETS/CodecFake/train/F01_SSB00380339.wav,1
/data/DATASETS/CodecFake/train/F01_SSB18720106.wav,1
/data/DATASETS/CodecFake/train/F01_SSB00120169.wav,1
/data/DATASETS/CodecFake/train/F01_p247_165.wav,1
/data/DATASETS/CodecFake/train/F01_p301_373.wav,1
/data/DATASETS/CodecFake/train/F01_SSB06070283.wav,1
/data/DATASETS/CodecFake/train/F01_SSB06320388.wav,1
/data/DATASETS/CodecFake/train/F01_p335_245.wav,1
/data/DATASETS/CodecFake/train/F01_SSB09130372.wav,1
/data/DATASETS/CodecFake/train/F01_p314_411.wav,1
/data/DATASETS/CodecFake/train/F01_SSB19390379.wav,1
/data/DATASETS/CodecFake/train/F01_p304_191.wav,1
/data/DATASETS/CodecFake/train/F01_SSB00430362.wav,1
/data/DATASETS/CodecFake/train/F01_SSB11760061.wav,1
/data/DATASETS/CodecFake/train/F01_SSB07580268.wav,1
/data/DATASETS/CodecFake/train/F01_SSB17390284.wav,1
/data/DATASETS/CodecFake/train/F01_SSB00570018.wav,1
/data/DATASETS/CodecFake/train/F01_SSB03540355.wav,1
/data/DATASETS/CodecFake/train/F01_SSB06680400.wav,1
/data/DATASETS/CodecFake/train/F01_SSB07780494.wav,1
/data/DATASETS/CodecFake/train/F01_SSB09190268.wav,1
/data/DATASETS/CodecFake/train/F01_SSB05990323.wav,1
/data/DATASETS/CodecFake/train/F01_SSB07000474.wav,1
/data/DATASETS/CodecFake/train/F01_p283_153.wav,1
/data/DATASETS/CodecFake/train/F01_p330_125.wav,1
/data/DATASETS/CodecFake/train/F01_SSB15630007.wav,1
/data/DATASETS/CodecFake/train/F01_SSB04700298.wav,1
/data/DATASETS/CodecFake/train/F01_SSB15670417.wav,1
/data/DATASETS/CodecFake/train/F01_SSB00800294.wav,1
/data/DATASETS/CodecFake/train/F01_p260_295.wav,1
/data/DATASETS/CodecFake/train/F01_SSB05780418.wav,1
/data/DATASETS/CodecFake/train/F01_SSB01330328.wav,1
/data/DATASETS/CodecFake/train/F01_p226_329.wav,1
/data/DATASETS/CodecFake/train/F01_p301_407.wav,1
/data/DATASETS/CodecFake/train/F01_SSB03750250.wav,1
/data/DATASETS/CodecFake/train/F01_SSB19180504.wav,1
/data/DATASETS/CodecFake/train/F01_p225_110.wav,1
/data/DATASETS/CodecFake/train/F01_SSB07200395.wav,1
/data/DATASETS/CodecFake/train/F01_SSB16700003.wav,1
/data/DATASETS/CodecFake/train/F01_SSB18320401.wav,1
/data/DATASETS/CodecFake/train/F01_SSB03150402.wav,1
/data/DATASETS/CodecFake/train/F01_p271_188.wav,1
/data/DATASETS/CodecFake/train/F01_p295_347.wav,1
/data/DATASETS/CodecFake/train/F01_SSB06310270.wav,1
/data/DATASETS/CodecFake/train/F01_p283_166.wav,1
/data/DATASETS/CodecFake/train/F01_SSB10720273.wav,1
/data/DATASETS/CodecFake/train/F01_p335_034.wav,1
/data/DATASETS/CodecFake/train/F01_p287_210.wav,1
/data/DATASETS/CodecFake/train/F01_p263_378.wav,1
/data/DATASETS/CodecFake/train/F01_SSB06930080.wav,1
/data/DATASETS/CodecFake/train/F01_p340_411.wav,1
/data/DATASETS/CodecFake/train/F01_SSB03390026.wav,1
/data/DATASETS/CodecFake/train/F01_SSB07800291.wav,1
/data/DATASETS/CodecFake/train/F01_SSB01450309.wav,1
/data/DATASETS/CodecFake/train/F01_p310_185.wav,1
/data/DATASETS/CodecFake/train/F01_SSB06930401.wav,1
/data/DATASETS/CodecFake/train/F01_p259_431.wav,1
/data/DATASETS/CodecFake/train/F01_p270_421.wav,1
/data/DATASETS/CodecFake/train/F01_p335_060.wav,1
/data/DATASETS/CodecFake/train/F01_p276_179.wav,1
/data/DATASETS/CodecFake/train/F01_SSB12160317.wav,1
/data/DATASETS/CodecFake/train/F01_SSB07780345.wav,1
/data/DATASETS/CodecFake/train/F01_SSB03090199.wav,1
/data/DATASETS/CodecFake/train/F01_SSB18630150.wav,1
/data/DATASETS/CodecFake/train/F01_SSB06310297.wav,1
/data/DATASETS/CodecFake/train/F01_SSB15670018.wav,1
/data/DATASETS/CodecFake/train/F01_p292_214.wav,1
/data/DATASETS/CodecFake/train/F01_SSB08090097.wav,1
/data/DATASETS/CodecFake/train/F01_p347_215.wav,1
/data/DATASETS/CodecFake/train/F01_SSB10010186.wav,1
/data/DATASETS/CodecFake/train/F01_SSB02460112.wav,1
/data/DATASETS/CodecFake/train/F01_SSB01390510.wav,1
/data/DATASETS/CodecFake/train/F01_SSB13020303.wav,1
/data/DATASETS/CodecFake/train/F01_SSB14080473.wav,1
/data/DATASETS/CodecFake/train/F01_SSB17590216.wav,1
/data/DATASETS/CodecFake/train/F01_p300_342.wav,1
/data/DATASETS/CodecFake/train/F01_SSB06010328.wav,1
/data/DATASETS/CodecFake/train/F01_SSB17280400.wav,1
/data/DATASETS/CodecFake/train/F01_p229_010.wav,1
/data/DATASETS/CodecFake/train/F01_p232_176.wav,1
/data/DATASETS/CodecFake/train/F01_p285_252.wav,1
/data/DATASETS/CodecFake/train/F01_p280_306.wav,1
/data/DATASETS/CodecFake/train/F01_p294_410.wav,1
/data/DATASETS/CodecFake/train/F01_SSB06860182.wav,1
/data/DATASETS/CodecFake/train/F01_SSB00730251.wav,1
/data/DATASETS/CodecFake/train/F01_SSB00180457.wav,1
/data/DATASETS/CodecFake/train/F01_SSB00110258.wav,1
/data/DATASETS/CodecFake/train/F01_SSB11100038.wav,1
/data/DATASETS/CodecFake/train/F01_SSB02670101.wav,1
/data/DATASETS/CodecFake/train/F01_SSB00800147.wav,1
/data/DATASETS/CodecFake/train/F01_SSB03800156.wav,1
/data/DATASETS/CodecFake/train/F01_SSB04270464.wav,1
/data/DATASETS/CodecFake/train/F01_SSB06320166.wav,1
/data/DATASETS/CodecFake/train/F01_SSB07490167.wav,1
/data/DATASETS/CodecFake/train/F01_SSB16250317.wav,1
/data/DATASETS/CodecFake/train/F01_SSB03930166.wav,1
/data/DATASETS/CodecFake/train/F01_SSB18780411.wav,1
/data/DATASETS/CodecFake/train/F01_SSB01220449.wav,1
/data/DATASETS/CodecFake/train/F01_SSB07780031.wav,1
/data/DATASETS/CodecFake/train/F01_p340_357.wav,1
/data/DATASETS/CodecFake/train/F01_SSB09350060.wav,1
/data/DATASETS/CodecFake/train/F01_p270_164.wav,1
/data/DATASETS/CodecFake/train/F01_p262_184.wav,1
/data/DATASETS/CodecFake/train/F01_p307_250.wav,1
/data/DATASETS/CodecFake/train/F01_p376_066.wav,1
/data/DATASETS/CodecFake/train/F01_SSB06140393.wav,1
/data/DATASETS/CodecFake/train/F01_p275_211.wav,1
/data/DATASETS/CodecFake/train/F01_SSB11250386.wav,1
/data/DATASETS/CodecFake/train/F01_SSB01450061.wav,1
/data/DATASETS/CodecFake/train/F01_SSB06660208.wav,1
/data/DATASETS/CodecFake/train/F01_SSB16500246.wav,1
/data/DATASETS/CodecFake/train/F01_SSB15670404.wav,1
/data/DATASETS/CodecFake/train/F01_SSB06230483.wav,1
/data/DATASETS/CodecFake/train/F01_p232_139.wav,1
/data/DATASETS/CodecFake/train/F01_SSB04350372.wav,1
/data/DATASETS/CodecFake/train/F01_SSB06660412.wav,1
/data/DATASETS/CodecFake/train/F01_SSB12180211.wav,1
/data/DATASETS/CodecFake/train/F01_SSB13220116.wav,1
/data/DATASETS/CodecFake/train/F01_SSB12740348.wav,1
/data/DATASETS/CodecFake/train/F01_SSB13410470.wav,1
/data/DATASETS/CodecFake/train/F01_p286_144.wav,1
/data/DATASETS/CodecFake/train/F01_SSB00160418.wav,1
/data/DATASETS/CodecFake/train/F01_p305_269.wav,1
/data/DATASETS/CodecFake/train/F01_SSB10010229.wav,1
/data/DATASETS/CodecFake/train/F01_p316_077.wav,1
/data/DATASETS/CodecFake/train/F01_p248_248.wav,1
/data/DATASETS/CodecFake/train/F01_SSB13280020.wav,1
/data/DATASETS/CodecFake/train/F01_p280_303.wav,1
/data/DATASETS/CodecFake/train/F01_SSB06860359.wav,1
/data/DATASETS/CodecFake/train/F01_SSB06710428.wav,1
/data/DATASETS/CodecFake/train/F01_SSB15750178.wav,1
/data/DATASETS/CodecFake/train/F01_p301_232.wav,1
/data/DATASETS/CodecFake/train/F01_SSB18280416.wav,1
/data/DATASETS/CodecFake/train/F01_SSB06930396.wav,1
/data/DATASETS/CodecFake/train/F01_SSB05990302.wav,1
/data/DATASETS/CodecFake/train/F01_SSB00380297.wav,1
/data/DATASETS/CodecFake/train/F01_SSB03410278.wav,1
/data/DATASETS/CodecFake/train/F01_SSB15750145.wav,1
/data/DATASETS/CodecFake/train/F01_p295_249.wav,1
/data/DATASETS/CodecFake/train/F01_SSB18460474.wav,1
/data/DATASETS/CodecFake/train/F01_p308_134.wav,1
/data/DATASETS/CodecFake/train/F01_SSB18780486.wav,1
/data/DATASETS/CodecFake/train/F01_SSB06860422.wav,1
/data/DATASETS/CodecFake/train/F01_SSB16250270.wav,1
/data/DATASETS/CodecFake/train/F01_SSB11760286.wav,1
/data/DATASETS/CodecFake/train/F01_SSB04270334.wav,1
/data/DATASETS/CodecFake/train/F01_SSB01450480.wav,1
/data/DATASETS/CodecFake/train/F01_SSB07800343.wav,1
/data/DATASETS/CodecFake/train/F01_SSB03150311.wav,1
/data/DATASETS/CodecFake/train/F01_SSB14520002.wav,1
/data/DATASETS/CodecFake/train/F01_p260_099.wav,1
/data/DATASETS/CodecFake/train/F01_SSB00180125.wav,1
/data/DATASETS/CodecFake/train/F01_p258_100.wav,1
/data/DATASETS/CodecFake/train/F01_SSB03160315.wav,1
/data/DATASETS/CodecFake/train/F01_SSB06710378.wav,1
/data/DATASETS/CodecFake/train/F01_p374_046.wav,1
/data/DATASETS/CodecFake/train/F01_SSB11350359.wav,1
/data/DATASETS/CodecFake/train/F01_SSB03940297.wav,1
/data/DATASETS/CodecFake/train/F01_SSB13850454.wav,1
/data/DATASETS/CodecFake/train/F01_SSB11870383.wav,1
/data/DATASETS/CodecFake/train/F01_SSB07860432.wav,1
/data/DATASETS/CodecFake/train/F01_p259_082.wav,1
/data/DATASETS/CodecFake/train/F01_SSB13660279.wav,1
/data/DATASETS/CodecFake/train/F01_SSB05990459.wav,1
/data/DATASETS/CodecFake/train/F01_p238_297.wav,1
/data/DATASETS/CodecFake/train/F01_p361_176.wav,1
/data/DATASETS/CodecFake/train/F01_p311_269.wav,1
/data/DATASETS/CodecFake/train/F01_SSB18100177.wav,1
/data/DATASETS/CodecFake/train/F01_p374_048.wav,1
/data/DATASETS/CodecFake/train/F01_SSB03820445.wav,1
/data/DATASETS/CodecFake/train/F01_SSB16070232.wav,1
/data/DATASETS/CodecFake/train/F01_SSB03230032.wav,1
/data/DATASETS/CodecFake/train/F01_SSB10020299.wav,1
/data/DATASETS/CodecFake/train/F01_p272_028.wav,1
/data/DATASETS/CodecFake/train/F01_SSB07940391.wav,1
/data/DATASETS/CodecFake/train/F01_SSB06660458.wav,1
/data/DATASETS/CodecFake/train/F01_SSB03230424.wav,1
/data/DATASETS/CodecFake/train/F01_p237_028.wav,1
/data/DATASETS/CodecFake/train/F01_SSB11870069.wav,1
/data/DATASETS/CodecFake/train/F01_p335_166.wav,1
/data/DATASETS/CodecFake/train/F01_SSB06660342.wav,1
/data/DATASETS/CodecFake/train/F01_p271_072.wav,1
/data/DATASETS/CodecFake/train/F01_p272_011.wav,1
/data/DATASETS/CodecFake/train/F01_SSB10000168.wav,1
/data/DATASETS/CodecFake/train/F01_p364_091.wav,1
/data/DATASETS/CodecFake/train/F01_p239_091.wav,1
/data/DATASETS/CodecFake/train/F01_p283_303.wav,1
/data/DATASETS/CodecFake/train/F01_p284_277.wav,1
/data/DATASETS/CodecFake/train/F01_p293_272.wav,1
/data/DATASETS/CodecFake/train/F01_SSB18100088.wav,1
/data/DATASETS/CodecFake/train/F01_SSB18630229.wav,1
/data/DATASETS/CodecFake/train/F01_SSB13920204.wav,1
/data/DATASETS/CodecFake/train/F01_p361_305.wav,1
/data/DATASETS/CodecFake/train/F01_SSB00330151.wav,1
/data/DATASETS/CodecFake/train/F01_p311_082.wav,1
/data/DATASETS/CodecFake/train/F01_p266_345.wav,1
/data/DATASETS/CodecFake/train/F01_SSB02610129.wav,1
/data/DATASETS/CodecFake/train/F01_p326_194.wav,1
/data/DATASETS/CodecFake/train/F01_p228_263.wav,1
/data/DATASETS/CodecFake/train/F01_SSB03940131.wav,1
/data/DATASETS/CodecFake/train/F01_SSB18060241.wav,1
/data/DATASETS/CodecFake/train/F01_p227_205.wav,1
/data/DATASETS/CodecFake/train/F01_p313_207.wav,1
/data/DATASETS/CodecFake/train/F01_SSB06660486.wav,1
/data/DATASETS/CodecFake/train/F01_SSB18100035.wav,1
/data/DATASETS/CodecFake/train/F01_SSB03750482.wav,1
/data/DATASETS/CodecFake/train/F01_p374_385.wav,1
/data/DATASETS/CodecFake/train/F01_p273_107.wav,1
/data/DATASETS/CodecFake/train/F01_SSB06010006.wav,1
/data/DATASETS/CodecFake/train/F01_p329_010.wav,1
/data/DATASETS/CodecFake/train/F01_SSB02870255.wav,1
/data/DATASETS/CodecFake/train/F01_p362_372.wav,1
/data/DATASETS/CodecFake/train/F01_p316_395.wav,1
/data/DATASETS/CodecFake/train/F01_SSB00090299.wav,1
/data/DATASETS/CodecFake/train/F01_p308_086.wav,1
/data/DATASETS/CodecFake/train/F01_SSB03230427.wav,1
/data/DATASETS/CodecFake/train/F01_SSB06290330.wav,1
/data/DATASETS/CodecFake/train/F01_p308_297.wav,1
/data/DATASETS/CodecFake/train/F01_SSB09970220.wav,1
/data/DATASETS/CodecFake/train/F01_SSB01330170.wav,1
/data/DATASETS/CodecFake/train/F01_p333_210.wav,1
/data/DATASETS/CodecFake/train/F01_p362_227.wav,1
/data/DATASETS/CodecFake/train/F01_SSB00120296.wav,1
/data/DATASETS/CodecFake/train/F01_p314_215.wav,1
/data/DATASETS/CodecFake/train/F01_p299_405.wav,1
/data/DATASETS/CodecFake/train/F01_SSB16840218.wav,1
/data/DATASETS/CodecFake/train/F01_SSB01220435.wav,1
/data/DATASETS/CodecFake/train/F01_SSB04150296.wav,1
/data/DATASETS/CodecFake/train/F01_SSB07580072.wav,1
/data/DATASETS/CodecFake/train/F01_p305_155.wav,1
/data/DATASETS/CodecFake/train/F01_SSB18460184.wav,1
/data/DATASETS/CodecFake/train/F01_p297_146.wav,1
/data/DATASETS/CodecFake/train/F01_SSB09190100.wav,1
/data/DATASETS/CodecFake/train/F01_p251_352.wav,1
/data/DATASETS/CodecFake/train/F01_p307_070.wav,1
/data/DATASETS/CodecFake/train/F01_SSB01120146.wav,1
/data/DATASETS/CodecFake/train/F01_SSB18910455.wav,1
/data/DATASETS/CodecFake/train/F01_SSB02870017.wav,1
/data/DATASETS/CodecFake/train/F01_SSB07370156.wav,1
/data/DATASETS/CodecFake/train/F01_SSB07940459.wav,1
/data/DATASETS/CodecFake/train/F01_p232_333.wav,1
/data/DATASETS/CodecFake/train/F01_SSB07000467.wav,1
/data/DATASETS/CodecFake/train/F01_p246_258.wav,1
/data/DATASETS/CodecFake/train/F01_p288_224.wav,1
/data/DATASETS/CodecFake/train/F01_SSB07000389.wav,1
/data/DATASETS/CodecFake/train/F01_SSB10720262.wav,1
/data/DATASETS/CodecFake/train/F01_SSB03390164.wav,1
/data/DATASETS/CodecFake/train/F01_p335_007.wav,1
/data/DATASETS/CodecFake/train/F01_SSB09190287.wav,1
/data/DATASETS/CodecFake/train/F01_SSB04350197.wav,1
/data/DATASETS/CodecFake/train/F01_SSB07360443.wav,1
/data/DATASETS/CodecFake/train/F01_SSB02730413.wav,1
/data/DATASETS/CodecFake/train/F01_SSB02670371.wav,1
/data/DATASETS/CodecFake/train/F01_SSB07160174.wav,1
/data/DATASETS/CodecFake/train/F01_SSB06710477.wav,1
/data/DATASETS/CodecFake/train/F01_SSB07170136.wav,1
/data/DATASETS/CodecFake/train/F01_p263_287.wav,1
/data/DATASETS/CodecFake/train/F01_SSB05700170.wav,1
/data/DATASETS/CodecFake/train/F01_SSB07490074.wav,1
/data/DATASETS/CodecFake/train/F01_p323_232.wav,1
/data/DATASETS/CodecFake/train/F01_SSB03160088.wav,1
/data/DATASETS/CodecFake/train/F01_SSB07800139.wav,1
/data/DATASETS/CodecFake/train/F01_p283_211.wav,1
/data/DATASETS/CodecFake/train/F01_SSB03390170.wav,1
/data/DATASETS/CodecFake/train/F01_SSB07370423.wav,1
/data/DATASETS/CodecFake/train/F01_SSB13650476.wav,1
/data/DATASETS/CodecFake/train/F01_SSB00050207.wav,1
/data/DATASETS/CodecFake/train/F01_SSB05020463.wav,1
/data/DATASETS/CodecFake/train/F01_SSB10240312.wav,1
/data/DATASETS/CodecFake/train/F01_SSB10200060.wav,1
/data/DATASETS/CodecFake/train/F01_SSB18280448.wav,1
/data/DATASETS/CodecFake/train/F01_p266_289.wav,1
/data/DATASETS/CodecFake/train/F01_SSB07490177.wav,1
/data/DATASETS/CodecFake/train/F01_SSB05340022.wav,1
/data/DATASETS/CodecFake/train/F01_SSB02990146.wav,1
/data/DATASETS/CodecFake/train/F01_p339_222.wav,1
/data/DATASETS/CodecFake/train/F01_SSB10960451.wav,1
/data/DATASETS/CodecFake/train/F01_SSB07160122.wav,1
/data/DATASETS/CodecFake/train/F01_SSB01120076.wav,1
/data/DATASETS/CodecFake/train/F01_SSB03950016.wav,1
/data/DATASETS/CodecFake/train/F01_SSB09930402.wav,1
/data/DATASETS/CodecFake/train/F01_p246_094.wav,1
/data/DATASETS/CodecFake/train/F01_p341_093.wav,1
/data/DATASETS/CodecFake/train/F01_SSB06660417.wav,1
/data/DATASETS/CodecFake/train/F01_SSB18630137.wav,1
/data/DATASETS/CodecFake/train/F01_SSB07360404.wav,1
/data/DATASETS/CodecFake/train/F01_SSB12180180.wav,1
/data/DATASETS/CodecFake/train/F01_SSB15850305.wav,1
/data/DATASETS/CodecFake/train/F01_SSB01450235.wav,1
/data/DATASETS/CodecFake/train/F01_SSB10550279.wav,1
/data/DATASETS/CodecFake/train/F01_SSB03410403.wav,1
/data/DATASETS/CodecFake/train/F01_p292_156.wav,1
/data/DATASETS/CodecFake/train/F01_SSB12530295.wav,1
/data/DATASETS/CodecFake/train/F01_SSB12390214.wav,1
/data/DATASETS/CodecFake/train/F01_SSB15750309.wav,1
/data/DATASETS/CodecFake/train/F01_SSB05340224.wav,1
/data/DATASETS/CodecFake/train/F01_p345_041.wav,1
/data/DATASETS/CodecFake/train/F01_p295_369.wav,1
/data/DATASETS/CodecFake/train/F01_SSB11000192.wav,1
/data/DATASETS/CodecFake/train/F01_SSB06660274.wav,1
/data/DATASETS/CodecFake/train/F01_SSB07020017.wav,1
/data/DATASETS/CodecFake/train/F01_SSB01490324.wav,1
/data/DATASETS/CodecFake/train/F01_SSB06680007.wav,1
/data/DATASETS/CodecFake/train/F01_p261_363.wav,1
/data/DATASETS/CodecFake/train/F01_p362_172.wav,1
/data/DATASETS/CodecFake/train/F01_p376_133.wav,1
/data/DATASETS/CodecFake/train/F01_SSB11610453.wav,1
/data/DATASETS/CodecFake/train/F01_SSB02670470.wav,1
/data/DATASETS/CodecFake/train/F01_SSB16250446.wav,1
/data/DATASETS/CodecFake/train/F01_SSB03090201.wav,1
/data/DATASETS/CodecFake/train/F01_SSB07580214.wav,1
/data/DATASETS/CodecFake/train/F01_SSB03950027.wav,1
/data/DATASETS/CodecFake/train/F01_SSB11250356.wav,1
/data/DATASETS/CodecFake/train/F01_SSB04270239.wav,1
/data/DATASETS/CodecFake/train/F01_p374_105.wav,1
/data/DATASETS/CodecFake/train/F01_SSB00050083.wav,1
/data/DATASETS/CodecFake/train/F01_SSB11970379.wav,1
/data/DATASETS/CodecFake/train/F01_SSB03950403.wav,1
/data/DATASETS/CodecFake/train/F01_p343_181.wav,1
/data/DATASETS/CodecFake/train/F01_SSB16840300.wav,1
/data/DATASETS/CodecFake/train/F01_p231_105.wav,1
/data/DATASETS/CodecFake/train/F01_SSB11350214.wav,1
/data/DATASETS/CodecFake/train/F01_SSB19180379.wav,1
/data/DATASETS/CodecFake/train/F01_SSB06860509.wav,1
/data/DATASETS/CodecFake/train/F01_p307_347.wav,1
/data/DATASETS/CodecFake/train/F01_p301_130.wav,1
/data/DATASETS/CodecFake/train/F01_SSB00380304.wav,1
/data/DATASETS/CodecFake/train/F01_SSB11360312.wav,1
/data/DATASETS/CodecFake/train/F01_SSB07200314.wav,1
/data/DATASETS/CodecFake/train/F01_SSB07620060.wav,1
/data/DATASETS/CodecFake/train/F01_SSB07230466.wav,1
/data/DATASETS/CodecFake/train/F01_p284_221.wav,1
/data/DATASETS/CodecFake/train/F01_SSB07000177.wav,1
/data/DATASETS/CodecFake/train/F01_SSB05940337.wav,1
/data/DATASETS/CodecFake/train/F01_SSB19560320.wav,1
/data/DATASETS/CodecFake/train/F01_p313_262.wav,1
/data/DATASETS/CodecFake/train/F01_SSB06320109.wav,1
/data/DATASETS/CodecFake/train/F01_SSB03950174.wav,1
/data/DATASETS/CodecFake/train/F01_p233_292.wav,1
/data/DATASETS/CodecFake/train/F01_SSB01330402.wav,1
/data/DATASETS/CodecFake/train/F01_SSB03800227.wav,1
/data/DATASETS/CodecFake/train/F01_p274_130.wav,1
/data/DATASETS/CodecFake/train/F01_SSB15630185.wav,1
/data/DATASETS/CodecFake/train/F01_p249_298.wav,1
/data/DATASETS/CodecFake/train/F01_SSB15670121.wav,1
/data/DATASETS/CodecFake/train/F01_p247_338.wav,1
/data/DATASETS/CodecFake/train/F01_p253_025.wav,1
/data/DATASETS/CodecFake/train/F01_SSB02730114.wav,1
/data/DATASETS/CodecFake/train/F01_SSB00120148.wav,1
/data/DATASETS/CodecFake/train/F01_SSB05780117.wav,1
/data/DATASETS/CodecFake/train/F01_SSB09660305.wav,1
/data/DATASETS/CodecFake/train/F01_SSB03930466.wav,1
/data/DATASETS/CodecFake/train/F01_p243_265.wav,1
/data/DATASETS/CodecFake/train/F01_SSB10020187.wav,1
/data/DATASETS/CodecFake/train/F01_SSB18100252.wav,1
/data/DATASETS/CodecFake/train/F01_SSB19390452.wav,1
/data/DATASETS/CodecFake/train/F01_SSB02990434.wav,1
/data/DATASETS/CodecFake/train/F01_SSB03090141.wav,1
/data/DATASETS/CodecFake/train/F01_SSB05700067.wav,1
/data/DATASETS/CodecFake/train/F01_SSB01330367.wav,1
/data/DATASETS/CodecFake/train/F01_SSB03090156.wav,1
/data/DATASETS/CodecFake/train/F01_SSB02670399.wav,1
/data/DATASETS/CodecFake/train/F01_SSB13660318.wav,1
/data/DATASETS/CodecFake/train/F01_SSB07800150.wav,1
/data/DATASETS/CodecFake/train/F01_SSB05880479.wav,1
/data/DATASETS/CodecFake/train/F01_SSB18060378.wav,1
/data/DATASETS/CodecFake/train/F01_SSB06230371.wav,1
/data/DATASETS/CodecFake/train/F01_p266_424.wav,1
/data/DATASETS/CodecFake/train/F01_SSB13200290.wav,1
/data/DATASETS/CodecFake/train/F01_SSB06710068.wav,1
/data/DATASETS/CodecFake/train/F01_p269_031.wav,1
/data/DATASETS/CodecFake/train/F01_SSB16240048.wav,1
/data/DATASETS/CodecFake/train/F01_SSB19560375.wav,1
/data/DATASETS/CodecFake/train/F01_p306_285.wav,1
/data/DATASETS/CodecFake/train/F01_SSB11310080.wav,1
/data/DATASETS/CodecFake/train/F01_SSB08220015.wav,1
/data/DATASETS/CodecFake/train/F01_p287_030.wav,1
/data/DATASETS/CodecFake/train/F01_p233_083.wav,1
/data/DATASETS/CodecFake/train/F01_p314_141.wav,1
/data/DATASETS/CodecFake/train/F01_p362_239.wav,1
/data/DATASETS/CodecFake/train/F01_p248_149.wav,1
/data/DATASETS/CodecFake/train/F01_SSB13020292.wav,1
/data/DATASETS/CodecFake/train/F01_p286_265.wav,1
/data/DATASETS/CodecFake/train/F01_p298_189.wav,1
/data/DATASETS/CodecFake/train/F01_SSB10640291.wav,1
/data/DATASETS/CodecFake/train/F01_p250_360.wav,1
/data/DATASETS/CodecFake/train/F01_p313_112.wav,1
/data/DATASETS/CodecFake/train/F01_SSB02670479.wav,1
/data/DATASETS/CodecFake/train/F01_SSB00800260.wav,1
/data/DATASETS/CodecFake/train/F01_SSB10910335.wav,1
/data/DATASETS/CodecFake/train/F01_SSB09660254.wav,1
/data/DATASETS/CodecFake/train/F01_SSB09870407.wav,1
/data/DATASETS/CodecFake/train/F01_p268_110.wav,1
/data/DATASETS/CodecFake/train/F01_p253_141.wav,1
/data/DATASETS/CodecFake/train/F01_SSB06070134.wav,1
/data/DATASETS/CodecFake/train/F01_SSB05880475.wav,1
/data/DATASETS/CodecFake/train/F01_SSB03070306.wav,1
/data/DATASETS/CodecFake/train/F01_SSB13770441.wav,1
/data/DATASETS/CodecFake/train/F01_SSB06680144.wav,1
/data/DATASETS/CodecFake/train/F01_SSB10080340.wav,1
/data/DATASETS/CodecFake/train/F01_SSB03820363.wav,1
/data/DATASETS/CodecFake/train/F01_SSB05390110.wav,1
/data/DATASETS/CodecFake/train/F01_SSB05440470.wav,1
/data/DATASETS/CodecFake/train/F01_SSB11260163.wav,1
/data/DATASETS/CodecFake/train/F01_p249_172.wav,1
/data/DATASETS/CodecFake/train/F01_p227_293.wav,1
/data/DATASETS/CodecFake/train/F01_p308_108.wav,1
/data/DATASETS/CodecFake/train/F01_p261_387.wav,1
/data/DATASETS/CodecFake/train/F01_SSB01970156.wav,1
/data/DATASETS/CodecFake/train/F01_SSB07110330.wav,1
/data/DATASETS/CodecFake/train/F01_SSB16700431.wav,1
/data/DATASETS/CodecFake/train/F01_SSB02610253.wav,1
/data/DATASETS/CodecFake/train/F01_SSB05880376.wav,1
/data/DATASETS/CodecFake/train/F01_SSB18910380.wav,1
/data/DATASETS/CodecFake/train/F01_SSB11000169.wav,1
/data/DATASETS/CodecFake/train/F01_p259_361.wav,1
/data/DATASETS/CodecFake/train/F01_SSB10960160.wav,1
/data/DATASETS/CodecFake/train/F01_SSB19180235.wav,1
/data/DATASETS/CodecFake/train/F01_SSB03070309.wav,1
/data/DATASETS/CodecFake/train/F01_SSB05780394.wav,1
/data/DATASETS/CodecFake/train/F01_p227_150.wav,1
/data/DATASETS/CodecFake/train/F01_SSB07800346.wav,1
/data/DATASETS/CodecFake/train/F01_p261_034.wav,1
/data/DATASETS/CodecFake/train/F01_p256_035.wav,1
/data/DATASETS/CodecFake/train/F01_SSB01490054.wav,1
/data/DATASETS/CodecFake/train/F01_SSB07200054.wav,1
/data/DATASETS/CodecFake/train/F01_p347_178.wav,1
/data/DATASETS/CodecFake/train/F01_p330_384.wav,1
/data/DATASETS/CodecFake/train/F01_SSB00050482.wav,1
/data/DATASETS/CodecFake/train/F01_p340_277.wav,1
/data/DATASETS/CodecFake/train/F01_p305_349.wav,1
/data/DATASETS/CodecFake/train/F01_SSB03150215.wav,1
/data/DATASETS/CodecFake/train/F01_SSB11250200.wav,1
/data/DATASETS/CodecFake/train/F01_SSB15930487.wav,1
/data/DATASETS/CodecFake/train/F01_SSB07100418.wav,1
/data/DATASETS/CodecFake/train/F01_p274_463.wav,1
/data/DATASETS/CodecFake/train/F01_p336_315.wav,1
/data/DATASETS/CodecFake/train/F01_SSB02670350.wav,1
/data/DATASETS/CodecFake/train/F01_SSB00160266.wav,1
/data/DATASETS/CodecFake/train/F01_SSB07480341.wav,1
/data/DATASETS/CodecFake/train/F01_SSB01220124.wav,1
/data/DATASETS/CodecFake/train/F01_SSB01120317.wav,1
/data/DATASETS/CodecFake/train/F01_SSB02410319.wav,1
/data/DATASETS/CodecFake/train/F01_p280_178.wav,1
/data/DATASETS/CodecFake/train/F01_p281_374.wav,1
/data/DATASETS/CodecFake/train/F01_SSB00380290.wav,1
/data/DATASETS/CodecFake/train/F01_p252_203.wav,1
/data/DATASETS/CodecFake/train/F01_SSB06710122.wav,1
/data/DATASETS/CodecFake/train/F01_SSB02870350.wav,1
/data/DATASETS/CodecFake/train/F01_p301_341.wav,1
/data/DATASETS/CodecFake/train/F01_p231_440.wav,1
/data/DATASETS/CodecFake/train/F01_SSB16500077.wav,1
/data/DATASETS/CodecFake/train/F01_SSB13650254.wav,1
/data/DATASETS/CodecFake/train/F01_p257_318.wav,1
/data/DATASETS/CodecFake/train/F01_p303_125.wav,1
/data/DATASETS/CodecFake/train/F01_SSB03090034.wav,1
/data/DATASETS/CodecFake/train/F01_SSB05780485.wav,1
/data/DATASETS/CodecFake/train/F01_SSB11310014.wav,1
/data/DATASETS/CodecFake/train/F01_SSB11150014.wav,1
/data/DATASETS/CodecFake/train/F01_p333_114.wav,1
/data/DATASETS/CodecFake/train/F01_p294_393.wav,1
/data/DATASETS/CodecFake/train/F01_SSB07020003.wav,1
/data/DATASETS/CodecFake/train/F01_SSB11870032.wav,1
/data/DATASETS/CodecFake/train/F01_SSB10200351.wav,1
/data/DATASETS/CodecFake/train/F01_SSB06070133.wav,1
/data/DATASETS/CodecFake/train/F01_SSB11100136.wav,1
/data/DATASETS/CodecFake/train/F01_SSB05440157.wav,1
/data/DATASETS/CodecFake/train/F01_SSB05940259.wav,1
/data/DATASETS/CodecFake/train/F01_SSB07490323.wav,1
/data/DATASETS/CodecFake/train/F01_SSB07200334.wav,1
/data/DATASETS/CodecFake/train/F01_SSB10020033.wav,1
/data/DATASETS/CodecFake/train/F01_p334_298.wav,1
/data/DATASETS/CodecFake/train/F01_SSB07020166.wav,1
/data/DATASETS/CodecFake/train/F01_SSB06030229.wav,1
/data/DATASETS/CodecFake/train/F01_SSB18370067.wav,1
/data/DATASETS/CodecFake/train/F01_p326_009.wav,1
/data/DATASETS/CodecFake/train/F01_SSB09660410.wav,1
/data/DATASETS/CodecFake/train/F01_p255_116.wav,1
/data/DATASETS/CodecFake/train/F01_p248_195.wav,1
/data/DATASETS/CodecFake/train/F01_SSB19390154.wav,1
/data/DATASETS/CodecFake/train/F01_p305_174.wav,1
/data/DATASETS/CodecFake/train/F01_SSB12180002.wav,1
/data/DATASETS/CodecFake/train/F01_SSB03070137.wav,1
/data/DATASETS/CodecFake/train/F01_SSB09350286.wav,1
/data/DATASETS/CodecFake/train/F01_SSB11260184.wav,1
/data/DATASETS/CodecFake/train/F01_SSB03820314.wav,1
/data/DATASETS/CodecFake/train/F01_SSB16300095.wav,1
/data/DATASETS/CodecFake/train/F01_SSB07480243.wav,1
/data/DATASETS/CodecFake/train/F01_SSB06010059.wav,1
/data/DATASETS/CodecFake/train/F01_SSB04350482.wav,1
/data/DATASETS/CodecFake/train/F01_SSB16250315.wav,1
/data/DATASETS/CodecFake/train/F01_SSB03940448.wav,1
/data/DATASETS/CodecFake/train/F01_p262_014.wav,1
/data/DATASETS/CodecFake/train/F01_SSB07360389.wav,1
/data/DATASETS/CodecFake/train/F01_p263_464.wav,1
/data/DATASETS/CodecFake/train/F01_p257_261.wav,1
/data/DATASETS/CodecFake/train/F01_p307_225.wav,1
/data/DATASETS/CodecFake/train/F01_SSB12190213.wav,1
/data/DATASETS/CodecFake/train/F01_p294_213.wav,1
/data/DATASETS/CodecFake/train/F01_SSB19180265.wav,1
/data/DATASETS/CodecFake/train/F01_p301_012.wav,1
/data/DATASETS/CodecFake/train/F01_SSB12530306.wav,1
/data/DATASETS/CodecFake/train/F01_SSB10720199.wav,1
/data/DATASETS/CodecFake/train/F01_SSB10020337.wav,1
/data/DATASETS/CodecFake/train/F01_p265_153.wav,1
/data/DATASETS/CodecFake/train/F01_SSB13280480.wav,1
/data/DATASETS/CodecFake/train/F01_SSB04350351.wav,1
/data/DATASETS/CodecFake/train/F01_SSB02460409.wav,1
/data/DATASETS/CodecFake/train/F01_SSB18780264.wav,1
/data/DATASETS/CodecFake/train/F01_SSB07160314.wav,1
/data/DATASETS/CodecFake/train/F01_SSB00090214.wav,1
/data/DATASETS/CodecFake/train/F01_SSB01930129.wav,1
