path,label
/data/DATASETS/ASV_Spoof_2019_LA/ASVspoof2019_LA_train/flac/LA_T_9580780.flac,6
/data/DATASETS/ASV_Spoof_2019_LA/ASVspoof2019_LA_train/flac/LA_T_6992622.flac,6
/data/DATASETS/ASV_Spoof_2019_LA/ASVspoof2019_LA_dev/flac/LA_D_6632250.flac,6
/data/DATASETS/ASV_Spoof_2019_LA/ASVspoof2019_LA_dev/flac/LA_D_9489838.flac,6
/data/DATASETS/ASV_Spoof_2019_LA/ASVspoof2019_LA_dev/flac/LA_D_5716315.flac,6
/data/DATASETS/ASV_Spoof_2019_LA/ASVspoof2019_LA_train/flac/LA_T_5052044.flac,6
/data/DATASETS/ASV_Spoof_2019_LA/ASVspoof2019_LA_dev/flac/LA_D_4208217.flac,6
/data/DATASETS/ASV_Spoof_2019_LA/ASVspoof2019_LA_train/flac/LA_T_1076834.flac,6
/data/DATASETS/ASV_Spoof_2019_LA/ASVspoof2019_LA_dev/flac/LA_D_8985398.flac,6
/data/DATASETS/ASV_Spoof_2019_LA/ASVspoof2019_LA_train/flac/LA_T_6783309.flac,6
/data/DATASETS/ASV_Spoof_2019_LA/ASVspoof2019_LA_train/flac/LA_T_8781199.flac,6
/data/DATASETS/ASV_Spoof_2019_LA/ASVspoof2019_LA_train/flac/LA_T_6914856.flac,6
/data/DATASETS/ASV_Spoof_2019_LA/ASVspoof2019_LA_train/flac/LA_T_3915858.flac,6
/data/DATASETS/ASV_Spoof_2019_LA/ASVspoof2019_LA_dev/flac/LA_D_6987730.flac,6
/data/DATASETS/ASV_Spoof_2019_LA/ASVspoof2019_LA_dev/flac/LA_D_8146146.flac,6
/data/DATASETS/ASV_Spoof_2019_LA/ASVspoof2019_LA_dev/flac/LA_D_5625259.flac,6
/data/DATASETS/ASV_Spoof_2019_LA/ASVspoof2019_LA_dev/flac/LA_D_3316424.flac,6
/data/DATASETS/ASV_Spoof_2019_LA/ASVspoof2019_LA_train/flac/LA_T_7103061.flac,6
/data/DATASETS/ASV_Spoof_2019_LA/ASVspoof2019_LA_dev/flac/LA_D_5526352.flac,6
/data/DATASETS/ASV_Spoof_2019_LA/ASVspoof2019_LA_dev/flac/LA_D_7694738.flac,6
/data/DATASETS/ASV_Spoof_2019_LA/ASVspoof2019_LA_train/flac/LA_T_2181452.flac,6
/data/DATASETS/ASV_Spoof_2019_LA/ASVspoof2019_LA_dev/flac/LA_D_8820030.flac,6
/data/DATASETS/ASV_Spoof_2019_LA/ASVspoof2019_LA_train/flac/LA_T_6715221.flac,6
/data/DATASETS/ASV_Spoof_2019_LA/ASVspoof2019_LA_dev/flac/LA_D_3206802.flac,6
/data/DATASETS/ASV_Spoof_2019_LA/ASVspoof2019_LA_train/flac/LA_T_4991778.flac,6
/data/DATASETS/ASV_Spoof_2019_LA/ASVspoof2019_LA_train/flac/LA_T_8356063.flac,6
/data/DATASETS/ASV_Spoof_2019_LA/ASVspoof2019_LA_dev/flac/LA_D_7312913.flac,6
/data/DATASETS/ASV_Spoof_2019_LA/ASVspoof2019_LA_dev/flac/LA_D_5364323.flac,6
/data/DATASETS/ASV_Spoof_2019_LA/ASVspoof2019_LA_dev/flac/LA_D_5886913.flac,6
/data/DATASETS/ASV_Spoof_2019_LA/ASVspoof2019_LA_dev/flac/LA_D_1425046.flac,6
/data/DATASETS/ASV_Spoof_2019_LA/ASVspoof2019_LA_train/flac/LA_T_5188206.flac,6
/data/DATASETS/ASV_Spoof_2019_LA/ASVspoof2019_LA_train/flac/LA_T_7567338.flac,6
/data/DATASETS/ASV_Spoof_2019_LA/ASVspoof2019_LA_dev/flac/LA_D_3487934.flac,6
/data/DATASETS/ASV_Spoof_2019_LA/ASVspoof2019_LA_train/flac/LA_T_7584341.flac,6
/data/DATASETS/ASV_Spoof_2019_LA/ASVspoof2019_LA_dev/flac/LA_D_4057176.flac,6
/data/DATASETS/ASV_Spoof_2019_LA/ASVspoof2019_LA_train/flac/LA_T_6935673.flac,6
/data/DATASETS/ASV_Spoof_2019_LA/ASVspoof2019_LA_train/flac/LA_T_8431278.flac,6
/data/DATASETS/ASV_Spoof_2019_LA/ASVspoof2019_LA_train/flac/LA_T_7336874.flac,6
/data/DATASETS/ASV_Spoof_2019_LA/ASVspoof2019_LA_dev/flac/LA_D_7243431.flac,6
/data/DATASETS/ASV_Spoof_2019_LA/ASVspoof2019_LA_train/flac/LA_T_4658595.flac,6
/data/DATASETS/ASV_Spoof_2019_LA/ASVspoof2019_LA_train/flac/LA_T_1370540.flac,6
/data/DATASETS/ASV_Spoof_2019_LA/ASVspoof2019_LA_dev/flac/LA_D_4978752.flac,6
/data/DATASETS/ASV_Spoof_2019_LA/ASVspoof2019_LA_train/flac/LA_T_6104293.flac,6
/data/DATASETS/ASV_Spoof_2019_LA/ASVspoof2019_LA_train/flac/LA_T_2830481.flac,6
/data/DATASETS/ASV_Spoof_2019_LA/ASVspoof2019_LA_train/flac/LA_T_8979628.flac,6
/data/DATASETS/ASV_Spoof_2019_LA/ASVspoof2019_LA_dev/flac/LA_D_8199067.flac,6
/data/DATASETS/ASV_Spoof_2019_LA/ASVspoof2019_LA_dev/flac/LA_D_2856635.flac,6
/data/DATASETS/ASV_Spoof_2019_LA/ASVspoof2019_LA_train/flac/LA_T_4303697.flac,6
/data/DATASETS/ASV_Spoof_2019_LA/ASVspoof2019_LA_train/flac/LA_T_7715472.flac,6
/data/DATASETS/ASV_Spoof_2019_LA/ASVspoof2019_LA_dev/flac/LA_D_6911825.flac,6
/data/DATASETS/ASV_Spoof_2019_LA/ASVspoof2019_LA_train/flac/LA_T_4790121.flac,6
/data/DATASETS/ASV_Spoof_2019_LA/ASVspoof2019_LA_dev/flac/LA_D_2905137.flac,6
/data/DATASETS/ASV_Spoof_2019_LA/ASVspoof2019_LA_dev/flac/LA_D_4735699.flac,6
/data/DATASETS/ASV_Spoof_2019_LA/ASVspoof2019_LA_train/flac/LA_T_1184273.flac,6
/data/DATASETS/ASV_Spoof_2019_LA/ASVspoof2019_LA_dev/flac/LA_D_7723272.flac,6
/data/DATASETS/ASV_Spoof_2019_LA/ASVspoof2019_LA_dev/flac/LA_D_4320528.flac,6
/data/DATASETS/ASV_Spoof_2019_LA/ASVspoof2019_LA_train/flac/LA_T_2619960.flac,6
/data/DATASETS/ASV_Spoof_2019_LA/ASVspoof2019_LA_dev/flac/LA_D_7029392.flac,6
/data/DATASETS/ASV_Spoof_2019_LA/ASVspoof2019_LA_train/flac/LA_T_2233713.flac,6
/data/DATASETS/ASV_Spoof_2019_LA/ASVspoof2019_LA_train/flac/LA_T_1644774.flac,6
/data/DATASETS/ASV_Spoof_2019_LA/ASVspoof2019_LA_train/flac/LA_T_3166620.flac,6
/data/DATASETS/ASV_Spoof_2019_LA/ASVspoof2019_LA_train/flac/LA_T_9878231.flac,6
/data/DATASETS/ASV_Spoof_2019_LA/ASVspoof2019_LA_dev/flac/LA_D_3117379.flac,6
/data/DATASETS/ASV_Spoof_2019_LA/ASVspoof2019_LA_dev/flac/LA_D_7408406.flac,6
/data/DATASETS/ASV_Spoof_2019_LA/ASVspoof2019_LA_train/flac/LA_T_8523947.flac,6
/data/DATASETS/ASV_Spoof_2019_LA/ASVspoof2019_LA_train/flac/LA_T_6966144.flac,6
/data/DATASETS/ASV_Spoof_2019_LA/ASVspoof2019_LA_dev/flac/LA_D_5064189.flac,6
/data/DATASETS/ASV_Spoof_2019_LA/ASVspoof2019_LA_dev/flac/LA_D_3431821.flac,6
/data/DATASETS/ASV_Spoof_2019_LA/ASVspoof2019_LA_train/flac/LA_T_3643183.flac,6
/data/DATASETS/ASV_Spoof_2019_LA/ASVspoof2019_LA_train/flac/LA_T_7808497.flac,6
/data/DATASETS/ASV_Spoof_2019_LA/ASVspoof2019_LA_dev/flac/LA_D_5888089.flac,6
/data/DATASETS/ASV_Spoof_2019_LA/ASVspoof2019_LA_train/flac/LA_T_9474438.flac,6
/data/DATASETS/ASV_Spoof_2019_LA/ASVspoof2019_LA_train/flac/LA_T_8457448.flac,6
/data/DATASETS/ASV_Spoof_2019_LA/ASVspoof2019_LA_train/flac/LA_T_8969779.flac,6
/data/DATASETS/ASV_Spoof_2019_LA/ASVspoof2019_LA_train/flac/LA_T_6752632.flac,6
/data/DATASETS/ASV_Spoof_2019_LA/ASVspoof2019_LA_train/flac/LA_T_7410112.flac,6
/data/DATASETS/ASV_Spoof_2019_LA/ASVspoof2019_LA_train/flac/LA_T_3926901.flac,6
/data/DATASETS/ASV_Spoof_2019_LA/ASVspoof2019_LA_dev/flac/LA_D_1143330.flac,6
/data/DATASETS/ASV_Spoof_2019_LA/ASVspoof2019_LA_train/flac/LA_T_6664444.flac,6
/data/DATASETS/ASV_Spoof_2019_LA/ASVspoof2019_LA_dev/flac/LA_D_6167969.flac,6
/data/DATASETS/ASV_Spoof_2019_LA/ASVspoof2019_LA_train/flac/LA_T_4597070.flac,6
/data/DATASETS/ASV_Spoof_2019_LA/ASVspoof2019_LA_dev/flac/LA_D_7506195.flac,6
/data/DATASETS/ASV_Spoof_2019_LA/ASVspoof2019_LA_dev/flac/LA_D_3113904.flac,6
/data/DATASETS/ASV_Spoof_2019_LA/ASVspoof2019_LA_train/flac/LA_T_7809766.flac,6
/data/DATASETS/ASV_Spoof_2019_LA/ASVspoof2019_LA_train/flac/LA_T_7833242.flac,6
/data/DATASETS/ASV_Spoof_2019_LA/ASVspoof2019_LA_dev/flac/LA_D_8258450.flac,6
/data/DATASETS/ASV_Spoof_2019_LA/ASVspoof2019_LA_train/flac/LA_T_2070135.flac,6
/data/DATASETS/ASV_Spoof_2019_LA/ASVspoof2019_LA_dev/flac/LA_D_7853908.flac,6
/data/DATASETS/ASV_Spoof_2019_LA/ASVspoof2019_LA_train/flac/LA_T_3871304.flac,6
/data/DATASETS/ASV_Spoof_2019_LA/ASVspoof2019_LA_train/flac/LA_T_4743881.flac,6
/data/DATASETS/ASV_Spoof_2019_LA/ASVspoof2019_LA_dev/flac/LA_D_8600719.flac,6
/data/DATASETS/ASV_Spoof_2019_LA/ASVspoof2019_LA_train/flac/LA_T_1174772.flac,6
/data/DATASETS/ASV_Spoof_2019_LA/ASVspoof2019_LA_train/flac/LA_T_6258382.flac,6
/data/DATASETS/ASV_Spoof_2019_LA/ASVspoof2019_LA_train/flac/LA_T_1966513.flac,6
/data/DATASETS/ASV_Spoof_2019_LA/ASVspoof2019_LA_dev/flac/LA_D_8578970.flac,6
/data/DATASETS/ASV_Spoof_2019_LA/ASVspoof2019_LA_dev/flac/LA_D_6528108.flac,6
/data/DATASETS/ASV_Spoof_2019_LA/ASVspoof2019_LA_dev/flac/LA_D_9911508.flac,6
/data/DATASETS/ASV_Spoof_2019_LA/ASVspoof2019_LA_dev/flac/LA_D_8170099.flac,6
/data/DATASETS/ASV_Spoof_2019_LA/ASVspoof2019_LA_dev/flac/LA_D_3761182.flac,6
/data/DATASETS/ASV_Spoof_2019_LA/ASVspoof2019_LA_train/flac/LA_T_5753625.flac,6
/data/DATASETS/ASV_Spoof_2019_LA/ASVspoof2019_LA_train/flac/LA_T_5108086.flac,6
/data/DATASETS/ASV_Spoof_2019_LA/ASVspoof2019_LA_train/flac/LA_T_8839871.flac,6
/data/DATASETS/ASV_Spoof_2019_LA/ASVspoof2019_LA_train/flac/LA_T_7053546.flac,6
/data/DATASETS/ASV_Spoof_2019_LA/ASVspoof2019_LA_dev/flac/LA_D_9672169.flac,6
/data/DATASETS/ASV_Spoof_2019_LA/ASVspoof2019_LA_dev/flac/LA_D_5164039.flac,6
/data/DATASETS/ASV_Spoof_2019_LA/ASVspoof2019_LA_train/flac/LA_T_3828494.flac,6
/data/DATASETS/ASV_Spoof_2019_LA/ASVspoof2019_LA_train/flac/LA_T_4380971.flac,6
/data/DATASETS/ASV_Spoof_2019_LA/ASVspoof2019_LA_train/flac/LA_T_3736307.flac,6
/data/DATASETS/ASV_Spoof_2019_LA/ASVspoof2019_LA_dev/flac/LA_D_6208335.flac,6
/data/DATASETS/ASV_Spoof_2019_LA/ASVspoof2019_LA_train/flac/LA_T_3104365.flac,6
/data/DATASETS/ASV_Spoof_2019_LA/ASVspoof2019_LA_train/flac/LA_T_6620992.flac,6
/data/DATASETS/ASV_Spoof_2019_LA/ASVspoof2019_LA_dev/flac/LA_D_1649887.flac,6
/data/DATASETS/ASV_Spoof_2019_LA/ASVspoof2019_LA_train/flac/LA_T_9686653.flac,6
/data/DATASETS/ASV_Spoof_2019_LA/ASVspoof2019_LA_dev/flac/LA_D_3850425.flac,6
/data/DATASETS/ASV_Spoof_2019_LA/ASVspoof2019_LA_dev/flac/LA_D_1588708.flac,6
/data/DATASETS/ASV_Spoof_2019_LA/ASVspoof2019_LA_train/flac/LA_T_1795340.flac,6
/data/DATASETS/ASV_Spoof_2019_LA/ASVspoof2019_LA_train/flac/LA_T_3036094.flac,6
/data/DATASETS/ASV_Spoof_2019_LA/ASVspoof2019_LA_train/flac/LA_T_9010182.flac,6
/data/DATASETS/ASV_Spoof_2019_LA/ASVspoof2019_LA_dev/flac/LA_D_1646097.flac,6
/data/DATASETS/ASV_Spoof_2019_LA/ASVspoof2019_LA_dev/flac/LA_D_4601604.flac,6
/data/DATASETS/ASV_Spoof_2019_LA/ASVspoof2019_LA_train/flac/LA_T_7282901.flac,6
/data/DATASETS/ASV_Spoof_2019_LA/ASVspoof2019_LA_dev/flac/LA_D_2195251.flac,6
/data/DATASETS/ASV_Spoof_2019_LA/ASVspoof2019_LA_train/flac/LA_T_8075557.flac,6
/data/DATASETS/ASV_Spoof_2019_LA/ASVspoof2019_LA_dev/flac/LA_D_7886473.flac,6
/data/DATASETS/ASV_Spoof_2019_LA/ASVspoof2019_LA_dev/flac/LA_D_2039768.flac,6
/data/DATASETS/ASV_Spoof_2019_LA/ASVspoof2019_LA_dev/flac/LA_D_2030042.flac,6
/data/DATASETS/ASV_Spoof_2019_LA/ASVspoof2019_LA_train/flac/LA_T_2624058.flac,6
/data/DATASETS/ASV_Spoof_2019_LA/ASVspoof2019_LA_dev/flac/LA_D_7622887.flac,6
/data/DATASETS/ASV_Spoof_2019_LA/ASVspoof2019_LA_train/flac/LA_T_5145304.flac,6
/data/DATASETS/ASV_Spoof_2019_LA/ASVspoof2019_LA_train/flac/LA_T_3188262.flac,6
/data/DATASETS/ASV_Spoof_2019_LA/ASVspoof2019_LA_dev/flac/LA_D_9952661.flac,6
/data/DATASETS/ASV_Spoof_2019_LA/ASVspoof2019_LA_train/flac/LA_T_9712136.flac,6
/data/DATASETS/ASV_Spoof_2019_LA/ASVspoof2019_LA_train/flac/LA_T_2598909.flac,6
/data/DATASETS/ASV_Spoof_2019_LA/ASVspoof2019_LA_dev/flac/LA_D_9980325.flac,6
/data/DATASETS/ASV_Spoof_2019_LA/ASVspoof2019_LA_dev/flac/LA_D_9340077.flac,6
/data/DATASETS/ASV_Spoof_2019_LA/ASVspoof2019_LA_train/flac/LA_T_4589259.flac,6
/data/DATASETS/ASV_Spoof_2019_LA/ASVspoof2019_LA_train/flac/LA_T_4154798.flac,6
/data/DATASETS/ASV_Spoof_2019_LA/ASVspoof2019_LA_dev/flac/LA_D_5220475.flac,6
/data/DATASETS/ASV_Spoof_2019_LA/ASVspoof2019_LA_dev/flac/LA_D_7857663.flac,6
/data/DATASETS/ASV_Spoof_2019_LA/ASVspoof2019_LA_dev/flac/LA_D_1515269.flac,6
/data/DATASETS/ASV_Spoof_2019_LA/ASVspoof2019_LA_dev/flac/LA_D_8972387.flac,6
/data/DATASETS/ASV_Spoof_2019_LA/ASVspoof2019_LA_train/flac/LA_T_6241112.flac,6
/data/DATASETS/ASV_Spoof_2019_LA/ASVspoof2019_LA_dev/flac/LA_D_1923715.flac,6
/data/DATASETS/ASV_Spoof_2019_LA/ASVspoof2019_LA_train/flac/LA_T_6491231.flac,6
/data/DATASETS/ASV_Spoof_2019_LA/ASVspoof2019_LA_train/flac/LA_T_1107670.flac,6
/data/DATASETS/ASV_Spoof_2019_LA/ASVspoof2019_LA_train/flac/LA_T_9315417.flac,6
/data/DATASETS/ASV_Spoof_2019_LA/ASVspoof2019_LA_dev/flac/LA_D_1316973.flac,6
/data/DATASETS/ASV_Spoof_2019_LA/ASVspoof2019_LA_train/flac/LA_T_6888023.flac,6
/data/DATASETS/ASV_Spoof_2019_LA/ASVspoof2019_LA_train/flac/LA_T_6575418.flac,6
/data/DATASETS/ASV_Spoof_2019_LA/ASVspoof2019_LA_dev/flac/LA_D_9188796.flac,6
/data/DATASETS/ASV_Spoof_2019_LA/ASVspoof2019_LA_dev/flac/LA_D_5383156.flac,6
/data/DATASETS/ASV_Spoof_2019_LA/ASVspoof2019_LA_dev/flac/LA_D_7823248.flac,6
/data/DATASETS/ASV_Spoof_2019_LA/ASVspoof2019_LA_dev/flac/LA_D_1146509.flac,6
/data/DATASETS/ASV_Spoof_2019_LA/ASVspoof2019_LA_dev/flac/LA_D_3051300.flac,6
/data/DATASETS/ASV_Spoof_2019_LA/ASVspoof2019_LA_train/flac/LA_T_8243493.flac,6
/data/DATASETS/ASV_Spoof_2019_LA/ASVspoof2019_LA_train/flac/LA_T_9389051.flac,6
/data/DATASETS/ASV_Spoof_2019_LA/ASVspoof2019_LA_train/flac/LA_T_3624229.flac,6
/data/DATASETS/ASV_Spoof_2019_LA/ASVspoof2019_LA_dev/flac/LA_D_6519917.flac,6
/data/DATASETS/ASV_Spoof_2019_LA/ASVspoof2019_LA_dev/flac/LA_D_9459944.flac,6
/data/DATASETS/ASV_Spoof_2019_LA/ASVspoof2019_LA_dev/flac/LA_D_9524872.flac,6
/data/DATASETS/ASV_Spoof_2019_LA/ASVspoof2019_LA_dev/flac/LA_D_1094159.flac,6
/data/DATASETS/ASV_Spoof_2019_LA/ASVspoof2019_LA_train/flac/LA_T_5738791.flac,6
/data/DATASETS/ASV_Spoof_2019_LA/ASVspoof2019_LA_train/flac/LA_T_2957148.flac,6
/data/DATASETS/ASV_Spoof_2019_LA/ASVspoof2019_LA_dev/flac/LA_D_3041827.flac,6
/data/DATASETS/ASV_Spoof_2019_LA/ASVspoof2019_LA_dev/flac/LA_D_3356921.flac,6
/data/DATASETS/ASV_Spoof_2019_LA/ASVspoof2019_LA_train/flac/LA_T_3323654.flac,6
/data/DATASETS/ASV_Spoof_2019_LA/ASVspoof2019_LA_train/flac/LA_T_2249630.flac,6
/data/DATASETS/ASV_Spoof_2019_LA/ASVspoof2019_LA_train/flac/LA_T_2422517.flac,6
/data/DATASETS/ASV_Spoof_2019_LA/ASVspoof2019_LA_train/flac/LA_T_4408471.flac,6
/data/DATASETS/ASV_Spoof_2019_LA/ASVspoof2019_LA_dev/flac/LA_D_5193544.flac,6
/data/DATASETS/ASV_Spoof_2019_LA/ASVspoof2019_LA_train/flac/LA_T_8806834.flac,6
/data/DATASETS/ASV_Spoof_2019_LA/ASVspoof2019_LA_train/flac/LA_T_6487652.flac,6
/data/DATASETS/ASV_Spoof_2019_LA/ASVspoof2019_LA_dev/flac/LA_D_2356169.flac,6
/data/DATASETS/ASV_Spoof_2019_LA/ASVspoof2019_LA_dev/flac/LA_D_3495106.flac,6
/data/DATASETS/ASV_Spoof_2019_LA/ASVspoof2019_LA_dev/flac/LA_D_5093282.flac,6
/data/DATASETS/ASV_Spoof_2019_LA/ASVspoof2019_LA_dev/flac/LA_D_2008880.flac,6
/data/DATASETS/ASV_Spoof_2019_LA/ASVspoof2019_LA_train/flac/LA_T_6178361.flac,6
/data/DATASETS/ASV_Spoof_2019_LA/ASVspoof2019_LA_dev/flac/LA_D_2638042.flac,6
/data/DATASETS/ASV_Spoof_2019_LA/ASVspoof2019_LA_train/flac/LA_T_1610695.flac,6
/data/DATASETS/ASV_Spoof_2019_LA/ASVspoof2019_LA_train/flac/LA_T_3612701.flac,6
/data/DATASETS/ASV_Spoof_2019_LA/ASVspoof2019_LA_train/flac/LA_T_6480387.flac,6
/data/DATASETS/ASV_Spoof_2019_LA/ASVspoof2019_LA_dev/flac/LA_D_8618689.flac,6
/data/DATASETS/ASV_Spoof_2019_LA/ASVspoof2019_LA_train/flac/LA_T_3045142.flac,6
/data/DATASETS/ASV_Spoof_2019_LA/ASVspoof2019_LA_dev/flac/LA_D_1988141.flac,6
/data/DATASETS/ASV_Spoof_2019_LA/ASVspoof2019_LA_train/flac/LA_T_3771957.flac,6
/data/DATASETS/ASV_Spoof_2019_LA/ASVspoof2019_LA_train/flac/LA_T_3469591.flac,6
/data/DATASETS/ASV_Spoof_2019_LA/ASVspoof2019_LA_dev/flac/LA_D_5768079.flac,6
/data/DATASETS/ASV_Spoof_2019_LA/ASVspoof2019_LA_train/flac/LA_T_9074895.flac,6
/data/DATASETS/ASV_Spoof_2019_LA/ASVspoof2019_LA_train/flac/LA_T_1214608.flac,6
/data/DATASETS/ASV_Spoof_2019_LA/ASVspoof2019_LA_dev/flac/LA_D_5131724.flac,6
/data/DATASETS/ASV_Spoof_2019_LA/ASVspoof2019_LA_dev/flac/LA_D_6145108.flac,6
/data/DATASETS/ASV_Spoof_2019_LA/ASVspoof2019_LA_train/flac/LA_T_3642918.flac,6
/data/DATASETS/ASV_Spoof_2019_LA/ASVspoof2019_LA_train/flac/LA_T_7406545.flac,6
/data/DATASETS/ASV_Spoof_2019_LA/ASVspoof2019_LA_dev/flac/LA_D_1804384.flac,6
/data/DATASETS/ASV_Spoof_2019_LA/ASVspoof2019_LA_train/flac/LA_T_5866008.flac,6
/data/DATASETS/ASV_Spoof_2019_LA/ASVspoof2019_LA_train/flac/LA_T_4829048.flac,6
/data/DATASETS/ASV_Spoof_2019_LA/ASVspoof2019_LA_dev/flac/LA_D_9731820.flac,6
/data/DATASETS/ASV_Spoof_2019_LA/ASVspoof2019_LA_train/flac/LA_T_7417453.flac,6
/data/DATASETS/ASV_Spoof_2019_LA/ASVspoof2019_LA_train/flac/LA_T_4605301.flac,6
/data/DATASETS/ASV_Spoof_2019_LA/ASVspoof2019_LA_dev/flac/LA_D_1338548.flac,6
/data/DATASETS/ASV_Spoof_2019_LA/ASVspoof2019_LA_train/flac/LA_T_7222489.flac,6
/data/DATASETS/ASV_Spoof_2019_LA/ASVspoof2019_LA_train/flac/LA_T_1071128.flac,6
/data/DATASETS/ASV_Spoof_2019_LA/ASVspoof2019_LA_train/flac/LA_T_4083512.flac,6
/data/DATASETS/ASV_Spoof_2019_LA/ASVspoof2019_LA_train/flac/LA_T_9815111.flac,6
/data/DATASETS/ASV_Spoof_2019_LA/ASVspoof2019_LA_dev/flac/LA_D_5304257.flac,6
/data/DATASETS/ASV_Spoof_2019_LA/ASVspoof2019_LA_train/flac/LA_T_5831547.flac,6
/data/DATASETS/ASV_Spoof_2019_LA/ASVspoof2019_LA_dev/flac/LA_D_1605100.flac,6
/data/DATASETS/ASV_Spoof_2019_LA/ASVspoof2019_LA_dev/flac/LA_D_5779022.flac,6
/data/DATASETS/ASV_Spoof_2019_LA/ASVspoof2019_LA_dev/flac/LA_D_6599782.flac,6
/data/DATASETS/ASV_Spoof_2019_LA/ASVspoof2019_LA_train/flac/LA_T_1540022.flac,6
/data/DATASETS/ASV_Spoof_2019_LA/ASVspoof2019_LA_dev/flac/LA_D_4202564.flac,6
/data/DATASETS/ASV_Spoof_2019_LA/ASVspoof2019_LA_train/flac/LA_T_3837019.flac,6
/data/DATASETS/ASV_Spoof_2019_LA/ASVspoof2019_LA_dev/flac/LA_D_2396773.flac,6
/data/DATASETS/ASV_Spoof_2019_LA/ASVspoof2019_LA_dev/flac/LA_D_6520437.flac,6
/data/DATASETS/ASV_Spoof_2019_LA/ASVspoof2019_LA_dev/flac/LA_D_6100016.flac,6
/data/DATASETS/ASV_Spoof_2019_LA/ASVspoof2019_LA_train/flac/LA_T_7307803.flac,6
/data/DATASETS/ASV_Spoof_2019_LA/ASVspoof2019_LA_train/flac/LA_T_9022705.flac,6
/data/DATASETS/ASV_Spoof_2019_LA/ASVspoof2019_LA_dev/flac/LA_D_8882131.flac,6
/data/DATASETS/ASV_Spoof_2019_LA/ASVspoof2019_LA_dev/flac/LA_D_1963102.flac,6
/data/DATASETS/ASV_Spoof_2019_LA/ASVspoof2019_LA_dev/flac/LA_D_1952275.flac,6
/data/DATASETS/ASV_Spoof_2019_LA/ASVspoof2019_LA_dev/flac/LA_D_7825070.flac,6
/data/DATASETS/ASV_Spoof_2019_LA/ASVspoof2019_LA_dev/flac/LA_D_8046653.flac,6
/data/DATASETS/ASV_Spoof_2019_LA/ASVspoof2019_LA_train/flac/LA_T_3784226.flac,6
/data/DATASETS/ASV_Spoof_2019_LA/ASVspoof2019_LA_train/flac/LA_T_5024317.flac,6
/data/DATASETS/ASV_Spoof_2019_LA/ASVspoof2019_LA_train/flac/LA_T_2342853.flac,6
/data/DATASETS/ASV_Spoof_2019_LA/ASVspoof2019_LA_dev/flac/LA_D_5995743.flac,6
/data/DATASETS/ASV_Spoof_2019_LA/ASVspoof2019_LA_train/flac/LA_T_5686185.flac,6
/data/DATASETS/ASV_Spoof_2019_LA/ASVspoof2019_LA_dev/flac/LA_D_6019558.flac,6
/data/DATASETS/ASV_Spoof_2019_LA/ASVspoof2019_LA_train/flac/LA_T_5886782.flac,6
/data/DATASETS/ASV_Spoof_2019_LA/ASVspoof2019_LA_dev/flac/LA_D_4730111.flac,6
/data/DATASETS/ASV_Spoof_2019_LA/ASVspoof2019_LA_dev/flac/LA_D_5184992.flac,6
/data/DATASETS/ASV_Spoof_2019_LA/ASVspoof2019_LA_dev/flac/LA_D_1169857.flac,6
/data/DATASETS/ASV_Spoof_2019_LA/ASVspoof2019_LA_dev/flac/LA_D_5405376.flac,6
/data/DATASETS/ASV_Spoof_2019_LA/ASVspoof2019_LA_train/flac/LA_T_5914505.flac,6
/data/DATASETS/ASV_Spoof_2019_LA/ASVspoof2019_LA_train/flac/LA_T_3444074.flac,6
/data/DATASETS/ASV_Spoof_2019_LA/ASVspoof2019_LA_train/flac/LA_T_8051261.flac,6
/data/DATASETS/ASV_Spoof_2019_LA/ASVspoof2019_LA_dev/flac/LA_D_3045712.flac,6
/data/DATASETS/ASV_Spoof_2019_LA/ASVspoof2019_LA_train/flac/LA_T_4040987.flac,6
/data/DATASETS/ASV_Spoof_2019_LA/ASVspoof2019_LA_dev/flac/LA_D_3901055.flac,6
/data/DATASETS/ASV_Spoof_2019_LA/ASVspoof2019_LA_train/flac/LA_T_5645746.flac,6
/data/DATASETS/ASV_Spoof_2019_LA/ASVspoof2019_LA_dev/flac/LA_D_4259319.flac,6
/data/DATASETS/ASV_Spoof_2019_LA/ASVspoof2019_LA_dev/flac/LA_D_1170726.flac,6
/data/DATASETS/ASV_Spoof_2019_LA/ASVspoof2019_LA_train/flac/LA_T_5640656.flac,6
/data/DATASETS/ASV_Spoof_2019_LA/ASVspoof2019_LA_train/flac/LA_T_7476744.flac,6
/data/DATASETS/ASV_Spoof_2019_LA/ASVspoof2019_LA_train/flac/LA_T_2791083.flac,6
/data/DATASETS/ASV_Spoof_2019_LA/ASVspoof2019_LA_train/flac/LA_T_1905880.flac,6
/data/DATASETS/ASV_Spoof_2019_LA/ASVspoof2019_LA_dev/flac/LA_D_7661426.flac,6
/data/DATASETS/ASV_Spoof_2019_LA/ASVspoof2019_LA_train/flac/LA_T_6888173.flac,6
/data/DATASETS/ASV_Spoof_2019_LA/ASVspoof2019_LA_train/flac/LA_T_9932391.flac,6
/data/DATASETS/ASV_Spoof_2019_LA/ASVspoof2019_LA_dev/flac/LA_D_9148946.flac,6
/data/DATASETS/ASV_Spoof_2019_LA/ASVspoof2019_LA_dev/flac/LA_D_6905617.flac,6
/data/DATASETS/ASV_Spoof_2019_LA/ASVspoof2019_LA_dev/flac/LA_D_7372276.flac,6
/data/DATASETS/ASV_Spoof_2019_LA/ASVspoof2019_LA_dev/flac/LA_D_6449816.flac,6
/data/DATASETS/ASV_Spoof_2019_LA/ASVspoof2019_LA_dev/flac/LA_D_5282926.flac,6
/data/DATASETS/ASV_Spoof_2019_LA/ASVspoof2019_LA_train/flac/LA_T_3352483.flac,6
/data/DATASETS/ASV_Spoof_2019_LA/ASVspoof2019_LA_dev/flac/LA_D_4931376.flac,6
/data/DATASETS/ASV_Spoof_2019_LA/ASVspoof2019_LA_dev/flac/LA_D_1640811.flac,6
/data/DATASETS/ASV_Spoof_2019_LA/ASVspoof2019_LA_dev/flac/LA_D_2779400.flac,6
/data/DATASETS/ASV_Spoof_2019_LA/ASVspoof2019_LA_train/flac/LA_T_5090526.flac,6
/data/DATASETS/ASV_Spoof_2019_LA/ASVspoof2019_LA_dev/flac/LA_D_5543089.flac,6
/data/DATASETS/ASV_Spoof_2019_LA/ASVspoof2019_LA_dev/flac/LA_D_7863446.flac,6
/data/DATASETS/ASV_Spoof_2019_LA/ASVspoof2019_LA_train/flac/LA_T_7033463.flac,6
/data/DATASETS/ASV_Spoof_2019_LA/ASVspoof2019_LA_dev/flac/LA_D_7342694.flac,6
/data/DATASETS/ASV_Spoof_2019_LA/ASVspoof2019_LA_train/flac/LA_T_3957028.flac,6
/data/DATASETS/ASV_Spoof_2019_LA/ASVspoof2019_LA_dev/flac/LA_D_6086453.flac,6
/data/DATASETS/ASV_Spoof_2019_LA/ASVspoof2019_LA_dev/flac/LA_D_2602121.flac,6
/data/DATASETS/ASV_Spoof_2019_LA/ASVspoof2019_LA_dev/flac/LA_D_8066346.flac,6
/data/DATASETS/ASV_Spoof_2019_LA/ASVspoof2019_LA_dev/flac/LA_D_2381980.flac,6
/data/DATASETS/ASV_Spoof_2019_LA/ASVspoof2019_LA_dev/flac/LA_D_3705070.flac,6
/data/DATASETS/ASV_Spoof_2019_LA/ASVspoof2019_LA_train/flac/LA_T_8057562.flac,6
/data/DATASETS/ASV_Spoof_2019_LA/ASVspoof2019_LA_dev/flac/LA_D_4068527.flac,6
/data/DATASETS/ASV_Spoof_2019_LA/ASVspoof2019_LA_dev/flac/LA_D_9400014.flac,6
/data/DATASETS/ASV_Spoof_2019_LA/ASVspoof2019_LA_dev/flac/LA_D_6462722.flac,6
/data/DATASETS/ASV_Spoof_2019_LA/ASVspoof2019_LA_dev/flac/LA_D_1736244.flac,6
/data/DATASETS/ASV_Spoof_2019_LA/ASVspoof2019_LA_train/flac/LA_T_2217730.flac,6
/data/DATASETS/ASV_Spoof_2019_LA/ASVspoof2019_LA_train/flac/LA_T_7330278.flac,6
/data/DATASETS/ASV_Spoof_2019_LA/ASVspoof2019_LA_train/flac/LA_T_1982403.flac,6
/data/DATASETS/ASV_Spoof_2019_LA/ASVspoof2019_LA_dev/flac/LA_D_6597750.flac,6
/data/DATASETS/ASV_Spoof_2019_LA/ASVspoof2019_LA_train/flac/LA_T_5943514.flac,6
/data/DATASETS/ASV_Spoof_2019_LA/ASVspoof2019_LA_train/flac/LA_T_8444374.flac,6
/data/DATASETS/ASV_Spoof_2019_LA/ASVspoof2019_LA_train/flac/LA_T_6119921.flac,6
/data/DATASETS/ASV_Spoof_2019_LA/ASVspoof2019_LA_dev/flac/LA_D_9779729.flac,6
/data/DATASETS/ASV_Spoof_2019_LA/ASVspoof2019_LA_dev/flac/LA_D_9053095.flac,6
/data/DATASETS/ASV_Spoof_2019_LA/ASVspoof2019_LA_dev/flac/LA_D_4952066.flac,6
/data/DATASETS/ASV_Spoof_2019_LA/ASVspoof2019_LA_dev/flac/LA_D_7484913.flac,6
/data/DATASETS/ASV_Spoof_2019_LA/ASVspoof2019_LA_dev/flac/LA_D_1326827.flac,6
/data/DATASETS/ASV_Spoof_2019_LA/ASVspoof2019_LA_train/flac/LA_T_1926605.flac,6
/data/DATASETS/ASV_Spoof_2019_LA/ASVspoof2019_LA_train/flac/LA_T_8857465.flac,6
/data/DATASETS/ASV_Spoof_2019_LA/ASVspoof2019_LA_dev/flac/LA_D_7193069.flac,6
/data/DATASETS/ASV_Spoof_2019_LA/ASVspoof2019_LA_train/flac/LA_T_2020782.flac,6
/data/DATASETS/ASV_Spoof_2019_LA/ASVspoof2019_LA_dev/flac/LA_D_3582380.flac,6
/data/DATASETS/ASV_Spoof_2019_LA/ASVspoof2019_LA_train/flac/LA_T_4385763.flac,6
/data/DATASETS/ASV_Spoof_2019_LA/ASVspoof2019_LA_train/flac/LA_T_3116696.flac,6
/data/DATASETS/ASV_Spoof_2019_LA/ASVspoof2019_LA_dev/flac/LA_D_9317123.flac,6
/data/DATASETS/ASV_Spoof_2019_LA/ASVspoof2019_LA_train/flac/LA_T_1531506.flac,6
/data/DATASETS/ASV_Spoof_2019_LA/ASVspoof2019_LA_train/flac/LA_T_6677057.flac,6
/data/DATASETS/ASV_Spoof_2019_LA/ASVspoof2019_LA_dev/flac/LA_D_2534146.flac,6
/data/DATASETS/ASV_Spoof_2019_LA/ASVspoof2019_LA_train/flac/LA_T_6414132.flac,6
/data/DATASETS/ASV_Spoof_2019_LA/ASVspoof2019_LA_dev/flac/LA_D_7828401.flac,6
/data/DATASETS/ASV_Spoof_2019_LA/ASVspoof2019_LA_dev/flac/LA_D_2076833.flac,6
/data/DATASETS/ASV_Spoof_2019_LA/ASVspoof2019_LA_dev/flac/LA_D_1046823.flac,6
/data/DATASETS/ASV_Spoof_2019_LA/ASVspoof2019_LA_dev/flac/LA_D_1398743.flac,6
/data/DATASETS/ASV_Spoof_2019_LA/ASVspoof2019_LA_train/flac/LA_T_6987131.flac,6
/data/DATASETS/ASV_Spoof_2019_LA/ASVspoof2019_LA_dev/flac/LA_D_9681106.flac,6
/data/DATASETS/ASV_Spoof_2019_LA/ASVspoof2019_LA_dev/flac/LA_D_7346067.flac,6
/data/DATASETS/ASV_Spoof_2019_LA/ASVspoof2019_LA_dev/flac/LA_D_5031248.flac,6
/data/DATASETS/ASV_Spoof_2019_LA/ASVspoof2019_LA_dev/flac/LA_D_1261801.flac,6
/data/DATASETS/ASV_Spoof_2019_LA/ASVspoof2019_LA_dev/flac/LA_D_4721356.flac,6
/data/DATASETS/ASV_Spoof_2019_LA/ASVspoof2019_LA_dev/flac/LA_D_9931163.flac,6
/data/DATASETS/ASV_Spoof_2019_LA/ASVspoof2019_LA_train/flac/LA_T_4825502.flac,6
/data/DATASETS/ASV_Spoof_2019_LA/ASVspoof2019_LA_dev/flac/LA_D_4595256.flac,6
/data/DATASETS/ASV_Spoof_2019_LA/ASVspoof2019_LA_dev/flac/LA_D_2858116.flac,6
/data/DATASETS/ASV_Spoof_2019_LA/ASVspoof2019_LA_dev/flac/LA_D_4554509.flac,6
/data/DATASETS/ASV_Spoof_2019_LA/ASVspoof2019_LA_dev/flac/LA_D_3448390.flac,6
/data/DATASETS/ASV_Spoof_2019_LA/ASVspoof2019_LA_dev/flac/LA_D_1857093.flac,6
/data/DATASETS/ASV_Spoof_2019_LA/ASVspoof2019_LA_train/flac/LA_T_7053169.flac,6
/data/DATASETS/ASV_Spoof_2019_LA/ASVspoof2019_LA_train/flac/LA_T_8356707.flac,6
/data/DATASETS/ASV_Spoof_2019_LA/ASVspoof2019_LA_train/flac/LA_T_5478559.flac,6
/data/DATASETS/ASV_Spoof_2019_LA/ASVspoof2019_LA_dev/flac/LA_D_3456522.flac,6
/data/DATASETS/ASV_Spoof_2019_LA/ASVspoof2019_LA_dev/flac/LA_D_6634413.flac,6
/data/DATASETS/ASV_Spoof_2019_LA/ASVspoof2019_LA_train/flac/LA_T_7977355.flac,6
/data/DATASETS/ASV_Spoof_2019_LA/ASVspoof2019_LA_train/flac/LA_T_7623796.flac,6
/data/DATASETS/ASV_Spoof_2019_LA/ASVspoof2019_LA_dev/flac/LA_D_7839758.flac,6
/data/DATASETS/ASV_Spoof_2019_LA/ASVspoof2019_LA_train/flac/LA_T_4643685.flac,6
/data/DATASETS/ASV_Spoof_2019_LA/ASVspoof2019_LA_dev/flac/LA_D_8006920.flac,6
/data/DATASETS/ASV_Spoof_2019_LA/ASVspoof2019_LA_dev/flac/LA_D_4540622.flac,6
/data/DATASETS/ASV_Spoof_2019_LA/ASVspoof2019_LA_dev/flac/LA_D_7795831.flac,6
/data/DATASETS/ASV_Spoof_2019_LA/ASVspoof2019_LA_train/flac/LA_T_4905371.flac,6
/data/DATASETS/ASV_Spoof_2019_LA/ASVspoof2019_LA_train/flac/LA_T_8059710.flac,6
/data/DATASETS/ASV_Spoof_2019_LA/ASVspoof2019_LA_train/flac/LA_T_4782992.flac,6
/data/DATASETS/ASV_Spoof_2019_LA/ASVspoof2019_LA_train/flac/LA_T_7388652.flac,6
/data/DATASETS/ASV_Spoof_2019_LA/ASVspoof2019_LA_dev/flac/LA_D_2311080.flac,6
/data/DATASETS/ASV_Spoof_2019_LA/ASVspoof2019_LA_train/flac/LA_T_7614168.flac,6
/data/DATASETS/ASV_Spoof_2019_LA/ASVspoof2019_LA_dev/flac/LA_D_9676788.flac,6
/data/DATASETS/ASV_Spoof_2019_LA/ASVspoof2019_LA_dev/flac/LA_D_8798927.flac,6
/data/DATASETS/ASV_Spoof_2019_LA/ASVspoof2019_LA_train/flac/LA_T_1620985.flac,6
/data/DATASETS/ASV_Spoof_2019_LA/ASVspoof2019_LA_train/flac/LA_T_8274240.flac,6
/data/DATASETS/ASV_Spoof_2019_LA/ASVspoof2019_LA_train/flac/LA_T_3879104.flac,6
/data/DATASETS/ASV_Spoof_2019_LA/ASVspoof2019_LA_dev/flac/LA_D_1362199.flac,6
/data/DATASETS/ASV_Spoof_2019_LA/ASVspoof2019_LA_dev/flac/LA_D_3144478.flac,6
/data/DATASETS/ASV_Spoof_2019_LA/ASVspoof2019_LA_train/flac/LA_T_5884232.flac,6
/data/DATASETS/ASV_Spoof_2019_LA/ASVspoof2019_LA_dev/flac/LA_D_2474451.flac,6
/data/DATASETS/ASV_Spoof_2019_LA/ASVspoof2019_LA_dev/flac/LA_D_5110554.flac,6
/data/DATASETS/ASV_Spoof_2019_LA/ASVspoof2019_LA_train/flac/LA_T_5954172.flac,6
/data/DATASETS/ASV_Spoof_2019_LA/ASVspoof2019_LA_dev/flac/LA_D_7337689.flac,6
/data/DATASETS/ASV_Spoof_2019_LA/ASVspoof2019_LA_train/flac/LA_T_7652349.flac,6
/data/DATASETS/ASV_Spoof_2019_LA/ASVspoof2019_LA_train/flac/LA_T_2903704.flac,6
/data/DATASETS/ASV_Spoof_2019_LA/ASVspoof2019_LA_train/flac/LA_T_3638725.flac,6
/data/DATASETS/ASV_Spoof_2019_LA/ASVspoof2019_LA_dev/flac/LA_D_8976318.flac,6
/data/DATASETS/ASV_Spoof_2019_LA/ASVspoof2019_LA_dev/flac/LA_D_6447251.flac,6
/data/DATASETS/ASV_Spoof_2019_LA/ASVspoof2019_LA_dev/flac/LA_D_1370857.flac,6
/data/DATASETS/ASV_Spoof_2019_LA/ASVspoof2019_LA_dev/flac/LA_D_3435616.flac,6
/data/DATASETS/ASV_Spoof_2019_LA/ASVspoof2019_LA_train/flac/LA_T_7975984.flac,6
/data/DATASETS/ASV_Spoof_2019_LA/ASVspoof2019_LA_train/flac/LA_T_8311147.flac,6
/data/DATASETS/ASV_Spoof_2019_LA/ASVspoof2019_LA_dev/flac/LA_D_1060987.flac,6
/data/DATASETS/ASV_Spoof_2019_LA/ASVspoof2019_LA_train/flac/LA_T_9384922.flac,6
/data/DATASETS/ASV_Spoof_2019_LA/ASVspoof2019_LA_dev/flac/LA_D_3608379.flac,6
/data/DATASETS/ASV_Spoof_2019_LA/ASVspoof2019_LA_train/flac/LA_T_2325812.flac,6
/data/DATASETS/ASV_Spoof_2019_LA/ASVspoof2019_LA_dev/flac/LA_D_7451316.flac,6
/data/DATASETS/ASV_Spoof_2019_LA/ASVspoof2019_LA_train/flac/LA_T_1755187.flac,6
/data/DATASETS/ASV_Spoof_2019_LA/ASVspoof2019_LA_train/flac/LA_T_3546489.flac,6
/data/DATASETS/ASV_Spoof_2019_LA/ASVspoof2019_LA_train/flac/LA_T_6372249.flac,6
/data/DATASETS/ASV_Spoof_2019_LA/ASVspoof2019_LA_train/flac/LA_T_3263633.flac,6
/data/DATASETS/ASV_Spoof_2019_LA/ASVspoof2019_LA_dev/flac/LA_D_1096990.flac,6
/data/DATASETS/ASV_Spoof_2019_LA/ASVspoof2019_LA_dev/flac/LA_D_6486980.flac,6
/data/DATASETS/ASV_Spoof_2019_LA/ASVspoof2019_LA_dev/flac/LA_D_5308766.flac,6
/data/DATASETS/ASV_Spoof_2019_LA/ASVspoof2019_LA_dev/flac/LA_D_1893134.flac,6
/data/DATASETS/ASV_Spoof_2019_LA/ASVspoof2019_LA_train/flac/LA_T_3981468.flac,6
/data/DATASETS/ASV_Spoof_2019_LA/ASVspoof2019_LA_train/flac/LA_T_3588087.flac,6
/data/DATASETS/ASV_Spoof_2019_LA/ASVspoof2019_LA_train/flac/LA_T_7945456.flac,6
/data/DATASETS/ASV_Spoof_2019_LA/ASVspoof2019_LA_dev/flac/LA_D_8172758.flac,6
/data/DATASETS/ASV_Spoof_2019_LA/ASVspoof2019_LA_dev/flac/LA_D_1202021.flac,6
/data/DATASETS/ASV_Spoof_2019_LA/ASVspoof2019_LA_dev/flac/LA_D_7253817.flac,6
/data/DATASETS/ASV_Spoof_2019_LA/ASVspoof2019_LA_train/flac/LA_T_2432348.flac,6
/data/DATASETS/ASV_Spoof_2019_LA/ASVspoof2019_LA_dev/flac/LA_D_6422391.flac,6
/data/DATASETS/ASV_Spoof_2019_LA/ASVspoof2019_LA_dev/flac/LA_D_3993363.flac,6
/data/DATASETS/ASV_Spoof_2019_LA/ASVspoof2019_LA_train/flac/LA_T_9253484.flac,6
/data/DATASETS/ASV_Spoof_2019_LA/ASVspoof2019_LA_dev/flac/LA_D_2227994.flac,6
/data/DATASETS/ASV_Spoof_2019_LA/ASVspoof2019_LA_dev/flac/LA_D_3521896.flac,6
/data/DATASETS/ASV_Spoof_2019_LA/ASVspoof2019_LA_train/flac/LA_T_2687846.flac,6
/data/DATASETS/ASV_Spoof_2019_LA/ASVspoof2019_LA_train/flac/LA_T_1758504.flac,6
/data/DATASETS/ASV_Spoof_2019_LA/ASVspoof2019_LA_dev/flac/LA_D_2087494.flac,6
/data/DATASETS/ASV_Spoof_2019_LA/ASVspoof2019_LA_train/flac/LA_T_6678859.flac,6
/data/DATASETS/ASV_Spoof_2019_LA/ASVspoof2019_LA_train/flac/LA_T_2574940.flac,6
/data/DATASETS/ASV_Spoof_2019_LA/ASVspoof2019_LA_dev/flac/LA_D_3774569.flac,6
/data/DATASETS/ASV_Spoof_2019_LA/ASVspoof2019_LA_dev/flac/LA_D_8060762.flac,6
/data/DATASETS/ASV_Spoof_2019_LA/ASVspoof2019_LA_train/flac/LA_T_3584516.flac,6
/data/DATASETS/ASV_Spoof_2019_LA/ASVspoof2019_LA_dev/flac/LA_D_8878329.flac,6
/data/DATASETS/ASV_Spoof_2019_LA/ASVspoof2019_LA_dev/flac/LA_D_4223757.flac,6
/data/DATASETS/ASV_Spoof_2019_LA/ASVspoof2019_LA_dev/flac/LA_D_8309973.flac,6
/data/DATASETS/ASV_Spoof_2019_LA/ASVspoof2019_LA_dev/flac/LA_D_7297893.flac,6
/data/DATASETS/ASV_Spoof_2019_LA/ASVspoof2019_LA_dev/flac/LA_D_7756173.flac,6
/data/DATASETS/ASV_Spoof_2019_LA/ASVspoof2019_LA_train/flac/LA_T_2753249.flac,6
/data/DATASETS/ASV_Spoof_2019_LA/ASVspoof2019_LA_train/flac/LA_T_8641781.flac,6
/data/DATASETS/ASV_Spoof_2019_LA/ASVspoof2019_LA_train/flac/LA_T_7941691.flac,6
/data/DATASETS/ASV_Spoof_2019_LA/ASVspoof2019_LA_dev/flac/LA_D_2162534.flac,6
/data/DATASETS/ASV_Spoof_2019_LA/ASVspoof2019_LA_dev/flac/LA_D_7396958.flac,6
/data/DATASETS/ASV_Spoof_2019_LA/ASVspoof2019_LA_train/flac/LA_T_8584584.flac,6
/data/DATASETS/ASV_Spoof_2019_LA/ASVspoof2019_LA_train/flac/LA_T_4245140.flac,6
/data/DATASETS/ASV_Spoof_2019_LA/ASVspoof2019_LA_train/flac/LA_T_5807714.flac,6
/data/DATASETS/ASV_Spoof_2019_LA/ASVspoof2019_LA_dev/flac/LA_D_1325941.flac,6
/data/DATASETS/ASV_Spoof_2019_LA/ASVspoof2019_LA_dev/flac/LA_D_7236583.flac,6
/data/DATASETS/ASV_Spoof_2019_LA/ASVspoof2019_LA_train/flac/LA_T_2567772.flac,6
/data/DATASETS/ASV_Spoof_2019_LA/ASVspoof2019_LA_train/flac/LA_T_7392753.flac,6
/data/DATASETS/ASV_Spoof_2019_LA/ASVspoof2019_LA_train/flac/LA_T_8815745.flac,6
/data/DATASETS/ASV_Spoof_2019_LA/ASVspoof2019_LA_train/flac/LA_T_9665650.flac,6
/data/DATASETS/ASV_Spoof_2019_LA/ASVspoof2019_LA_train/flac/LA_T_3449001.flac,6
/data/DATASETS/ASV_Spoof_2019_LA/ASVspoof2019_LA_train/flac/LA_T_8321106.flac,6
/data/DATASETS/ASV_Spoof_2019_LA/ASVspoof2019_LA_train/flac/LA_T_5261295.flac,6
/data/DATASETS/ASV_Spoof_2019_LA/ASVspoof2019_LA_dev/flac/LA_D_9972110.flac,6
/data/DATASETS/ASV_Spoof_2019_LA/ASVspoof2019_LA_train/flac/LA_T_3859003.flac,6
/data/DATASETS/ASV_Spoof_2019_LA/ASVspoof2019_LA_train/flac/LA_T_7412444.flac,6
/data/DATASETS/ASV_Spoof_2019_LA/ASVspoof2019_LA_dev/flac/LA_D_6887218.flac,6
/data/DATASETS/ASV_Spoof_2019_LA/ASVspoof2019_LA_dev/flac/LA_D_9605797.flac,6
/data/DATASETS/ASV_Spoof_2019_LA/ASVspoof2019_LA_dev/flac/LA_D_3693157.flac,6
/data/DATASETS/ASV_Spoof_2019_LA/ASVspoof2019_LA_dev/flac/LA_D_8464147.flac,6
/data/DATASETS/ASV_Spoof_2019_LA/ASVspoof2019_LA_dev/flac/LA_D_8077978.flac,6
/data/DATASETS/ASV_Spoof_2019_LA/ASVspoof2019_LA_dev/flac/LA_D_2973933.flac,6
/data/DATASETS/ASV_Spoof_2019_LA/ASVspoof2019_LA_train/flac/LA_T_9682451.flac,6
/data/DATASETS/ASV_Spoof_2019_LA/ASVspoof2019_LA_train/flac/LA_T_3796868.flac,6
/data/DATASETS/ASV_Spoof_2019_LA/ASVspoof2019_LA_train/flac/LA_T_1729928.flac,6
/data/DATASETS/ASV_Spoof_2019_LA/ASVspoof2019_LA_dev/flac/LA_D_8870758.flac,6
/data/DATASETS/ASV_Spoof_2019_LA/ASVspoof2019_LA_train/flac/LA_T_3370864.flac,6
/data/DATASETS/ASV_Spoof_2019_LA/ASVspoof2019_LA_dev/flac/LA_D_8260557.flac,6
/data/DATASETS/ASV_Spoof_2019_LA/ASVspoof2019_LA_train/flac/LA_T_4550162.flac,6
/data/DATASETS/ASV_Spoof_2019_LA/ASVspoof2019_LA_train/flac/LA_T_6296191.flac,6
/data/DATASETS/ASV_Spoof_2019_LA/ASVspoof2019_LA_train/flac/LA_T_2140149.flac,6
/data/DATASETS/ASV_Spoof_2019_LA/ASVspoof2019_LA_dev/flac/LA_D_8473995.flac,6
/data/DATASETS/ASV_Spoof_2019_LA/ASVspoof2019_LA_train/flac/LA_T_5706600.flac,6
/data/DATASETS/ASV_Spoof_2019_LA/ASVspoof2019_LA_dev/flac/LA_D_3144655.flac,6
/data/DATASETS/ASV_Spoof_2019_LA/ASVspoof2019_LA_dev/flac/LA_D_1291769.flac,6
/data/DATASETS/ASV_Spoof_2019_LA/ASVspoof2019_LA_dev/flac/LA_D_7064323.flac,6
/data/DATASETS/ASV_Spoof_2019_LA/ASVspoof2019_LA_dev/flac/LA_D_1621509.flac,6
/data/DATASETS/ASV_Spoof_2019_LA/ASVspoof2019_LA_train/flac/LA_T_5370494.flac,6
/data/DATASETS/ASV_Spoof_2019_LA/ASVspoof2019_LA_dev/flac/LA_D_3402886.flac,6
/data/DATASETS/ASV_Spoof_2019_LA/ASVspoof2019_LA_train/flac/LA_T_7096635.flac,6
/data/DATASETS/ASV_Spoof_2019_LA/ASVspoof2019_LA_train/flac/LA_T_8507969.flac,6
/data/DATASETS/ASV_Spoof_2019_LA/ASVspoof2019_LA_train/flac/LA_T_5679254.flac,6
/data/DATASETS/ASV_Spoof_2019_LA/ASVspoof2019_LA_dev/flac/LA_D_3181890.flac,6
/data/DATASETS/ASV_Spoof_2019_LA/ASVspoof2019_LA_train/flac/LA_T_5420289.flac,6
/data/DATASETS/ASV_Spoof_2019_LA/ASVspoof2019_LA_dev/flac/LA_D_4606355.flac,6
/data/DATASETS/ASV_Spoof_2019_LA/ASVspoof2019_LA_train/flac/LA_T_1836745.flac,6
/data/DATASETS/ASV_Spoof_2019_LA/ASVspoof2019_LA_dev/flac/LA_D_6404209.flac,6
/data/DATASETS/ASV_Spoof_2019_LA/ASVspoof2019_LA_train/flac/LA_T_8526430.flac,6
/data/DATASETS/ASV_Spoof_2019_LA/ASVspoof2019_LA_dev/flac/LA_D_2367543.flac,6
/data/DATASETS/ASV_Spoof_2019_LA/ASVspoof2019_LA_dev/flac/LA_D_6893250.flac,6
/data/DATASETS/ASV_Spoof_2019_LA/ASVspoof2019_LA_dev/flac/LA_D_9467977.flac,6
/data/DATASETS/ASV_Spoof_2019_LA/ASVspoof2019_LA_train/flac/LA_T_9096078.flac,6
/data/DATASETS/ASV_Spoof_2019_LA/ASVspoof2019_LA_train/flac/LA_T_2002097.flac,6
/data/DATASETS/ASV_Spoof_2019_LA/ASVspoof2019_LA_dev/flac/LA_D_3468801.flac,6
/data/DATASETS/ASV_Spoof_2019_LA/ASVspoof2019_LA_dev/flac/LA_D_6175034.flac,6
/data/DATASETS/ASV_Spoof_2019_LA/ASVspoof2019_LA_train/flac/LA_T_6502103.flac,6
/data/DATASETS/ASV_Spoof_2019_LA/ASVspoof2019_LA_dev/flac/LA_D_5269652.flac,6
/data/DATASETS/ASV_Spoof_2019_LA/ASVspoof2019_LA_dev/flac/LA_D_5289575.flac,6
/data/DATASETS/ASV_Spoof_2019_LA/ASVspoof2019_LA_dev/flac/LA_D_9032929.flac,6
/data/DATASETS/ASV_Spoof_2019_LA/ASVspoof2019_LA_dev/flac/LA_D_9023965.flac,6
/data/DATASETS/ASV_Spoof_2019_LA/ASVspoof2019_LA_dev/flac/LA_D_4302088.flac,6
/data/DATASETS/ASV_Spoof_2019_LA/ASVspoof2019_LA_train/flac/LA_T_7387104.flac,6
/data/DATASETS/ASV_Spoof_2019_LA/ASVspoof2019_LA_train/flac/LA_T_5263273.flac,6
/data/DATASETS/ASV_Spoof_2019_LA/ASVspoof2019_LA_dev/flac/LA_D_6502735.flac,6
/data/DATASETS/ASV_Spoof_2019_LA/ASVspoof2019_LA_train/flac/LA_T_8566793.flac,6
/data/DATASETS/ASV_Spoof_2019_LA/ASVspoof2019_LA_train/flac/LA_T_5744501.flac,6
/data/DATASETS/ASV_Spoof_2019_LA/ASVspoof2019_LA_dev/flac/LA_D_1234985.flac,6
/data/DATASETS/ASV_Spoof_2019_LA/ASVspoof2019_LA_dev/flac/LA_D_4692458.flac,6
/data/DATASETS/ASV_Spoof_2019_LA/ASVspoof2019_LA_train/flac/LA_T_4124610.flac,6
/data/DATASETS/ASV_Spoof_2019_LA/ASVspoof2019_LA_dev/flac/LA_D_2705731.flac,6
/data/DATASETS/ASV_Spoof_2019_LA/ASVspoof2019_LA_train/flac/LA_T_2940836.flac,6
/data/DATASETS/ASV_Spoof_2019_LA/ASVspoof2019_LA_dev/flac/LA_D_2648488.flac,6
/data/DATASETS/ASV_Spoof_2019_LA/ASVspoof2019_LA_train/flac/LA_T_6634472.flac,6
/data/DATASETS/ASV_Spoof_2019_LA/ASVspoof2019_LA_dev/flac/LA_D_9101643.flac,6
/data/DATASETS/ASV_Spoof_2019_LA/ASVspoof2019_LA_dev/flac/LA_D_2740410.flac,6
/data/DATASETS/ASV_Spoof_2019_LA/ASVspoof2019_LA_dev/flac/LA_D_3863951.flac,6
/data/DATASETS/ASV_Spoof_2019_LA/ASVspoof2019_LA_train/flac/LA_T_8882893.flac,6
/data/DATASETS/ASV_Spoof_2019_LA/ASVspoof2019_LA_dev/flac/LA_D_3115750.flac,6
/data/DATASETS/ASV_Spoof_2019_LA/ASVspoof2019_LA_train/flac/LA_T_2215571.flac,6
/data/DATASETS/ASV_Spoof_2019_LA/ASVspoof2019_LA_dev/flac/LA_D_4832275.flac,6
/data/DATASETS/ASV_Spoof_2019_LA/ASVspoof2019_LA_dev/flac/LA_D_6675072.flac,6
/data/DATASETS/ASV_Spoof_2019_LA/ASVspoof2019_LA_train/flac/LA_T_3289868.flac,6
/data/DATASETS/ASV_Spoof_2019_LA/ASVspoof2019_LA_train/flac/LA_T_9328670.flac,6
/data/DATASETS/ASV_Spoof_2019_LA/ASVspoof2019_LA_train/flac/LA_T_5320596.flac,6
/data/DATASETS/ASV_Spoof_2019_LA/ASVspoof2019_LA_dev/flac/LA_D_4225742.flac,6
/data/DATASETS/ASV_Spoof_2019_LA/ASVspoof2019_LA_train/flac/LA_T_7626810.flac,6
/data/DATASETS/ASV_Spoof_2019_LA/ASVspoof2019_LA_train/flac/LA_T_7140331.flac,6
/data/DATASETS/ASV_Spoof_2019_LA/ASVspoof2019_LA_train/flac/LA_T_6009317.flac,6
/data/DATASETS/ASV_Spoof_2019_LA/ASVspoof2019_LA_train/flac/LA_T_8175768.flac,6
/data/DATASETS/ASV_Spoof_2019_LA/ASVspoof2019_LA_dev/flac/LA_D_1552205.flac,6
/data/DATASETS/ASV_Spoof_2019_LA/ASVspoof2019_LA_dev/flac/LA_D_7884286.flac,6
/data/DATASETS/ASV_Spoof_2019_LA/ASVspoof2019_LA_dev/flac/LA_D_8311267.flac,6
/data/DATASETS/ASV_Spoof_2019_LA/ASVspoof2019_LA_train/flac/LA_T_7174944.flac,6
/data/DATASETS/ASV_Spoof_2019_LA/ASVspoof2019_LA_train/flac/LA_T_3272836.flac,6
/data/DATASETS/ASV_Spoof_2019_LA/ASVspoof2019_LA_dev/flac/LA_D_8091393.flac,6
/data/DATASETS/ASV_Spoof_2019_LA/ASVspoof2019_LA_train/flac/LA_T_1525007.flac,6
/data/DATASETS/ASV_Spoof_2019_LA/ASVspoof2019_LA_dev/flac/LA_D_9957382.flac,6
/data/DATASETS/ASV_Spoof_2019_LA/ASVspoof2019_LA_dev/flac/LA_D_4019879.flac,6
/data/DATASETS/ASV_Spoof_2019_LA/ASVspoof2019_LA_dev/flac/LA_D_7081066.flac,6
/data/DATASETS/ASV_Spoof_2019_LA/ASVspoof2019_LA_train/flac/LA_T_2852111.flac,6
/data/DATASETS/ASV_Spoof_2019_LA/ASVspoof2019_LA_train/flac/LA_T_7583187.flac,6
/data/DATASETS/ASV_Spoof_2019_LA/ASVspoof2019_LA_train/flac/LA_T_3882270.flac,6
/data/DATASETS/ASV_Spoof_2019_LA/ASVspoof2019_LA_train/flac/LA_T_8293304.flac,6
/data/DATASETS/ASV_Spoof_2019_LA/ASVspoof2019_LA_train/flac/LA_T_7303508.flac,6
/data/DATASETS/ASV_Spoof_2019_LA/ASVspoof2019_LA_dev/flac/LA_D_6410108.flac,6
/data/DATASETS/ASV_Spoof_2019_LA/ASVspoof2019_LA_dev/flac/LA_D_1982609.flac,6
/data/DATASETS/ASV_Spoof_2019_LA/ASVspoof2019_LA_train/flac/LA_T_1730681.flac,6
/data/DATASETS/ASV_Spoof_2019_LA/ASVspoof2019_LA_dev/flac/LA_D_6814056.flac,6
/data/DATASETS/ASV_Spoof_2019_LA/ASVspoof2019_LA_train/flac/LA_T_4851500.flac,6
/data/DATASETS/ASV_Spoof_2019_LA/ASVspoof2019_LA_train/flac/LA_T_6444700.flac,6
/data/DATASETS/ASV_Spoof_2019_LA/ASVspoof2019_LA_dev/flac/LA_D_4492232.flac,6
/data/DATASETS/ASV_Spoof_2019_LA/ASVspoof2019_LA_train/flac/LA_T_1909369.flac,6
/data/DATASETS/ASV_Spoof_2019_LA/ASVspoof2019_LA_train/flac/LA_T_7680224.flac,6
/data/DATASETS/ASV_Spoof_2019_LA/ASVspoof2019_LA_dev/flac/LA_D_6300161.flac,6
/data/DATASETS/ASV_Spoof_2019_LA/ASVspoof2019_LA_dev/flac/LA_D_7906750.flac,6
/data/DATASETS/ASV_Spoof_2019_LA/ASVspoof2019_LA_train/flac/LA_T_9418741.flac,6
/data/DATASETS/ASV_Spoof_2019_LA/ASVspoof2019_LA_dev/flac/LA_D_8379637.flac,6
/data/DATASETS/ASV_Spoof_2019_LA/ASVspoof2019_LA_dev/flac/LA_D_9329658.flac,6
/data/DATASETS/ASV_Spoof_2019_LA/ASVspoof2019_LA_train/flac/LA_T_3901504.flac,6
/data/DATASETS/ASV_Spoof_2019_LA/ASVspoof2019_LA_train/flac/LA_T_3770267.flac,6
/data/DATASETS/ASV_Spoof_2019_LA/ASVspoof2019_LA_dev/flac/LA_D_1860732.flac,6
/data/DATASETS/ASV_Spoof_2019_LA/ASVspoof2019_LA_dev/flac/LA_D_1182427.flac,6
/data/DATASETS/ASV_Spoof_2019_LA/ASVspoof2019_LA_dev/flac/LA_D_3957229.flac,6
/data/DATASETS/ASV_Spoof_2019_LA/ASVspoof2019_LA_dev/flac/LA_D_2736449.flac,6
/data/DATASETS/ASV_Spoof_2019_LA/ASVspoof2019_LA_train/flac/LA_T_7567233.flac,6
/data/DATASETS/ASV_Spoof_2019_LA/ASVspoof2019_LA_dev/flac/LA_D_3773329.flac,6
/data/DATASETS/ASV_Spoof_2019_LA/ASVspoof2019_LA_dev/flac/LA_D_4359484.flac,6
/data/DATASETS/ASV_Spoof_2019_LA/ASVspoof2019_LA_train/flac/LA_T_6198692.flac,6
/data/DATASETS/ASV_Spoof_2019_LA/ASVspoof2019_LA_dev/flac/LA_D_9041455.flac,6
/data/DATASETS/ASV_Spoof_2019_LA/ASVspoof2019_LA_train/flac/LA_T_9444299.flac,6
/data/DATASETS/ASV_Spoof_2019_LA/ASVspoof2019_LA_train/flac/LA_T_9085120.flac,6
/data/DATASETS/ASV_Spoof_2019_LA/ASVspoof2019_LA_train/flac/LA_T_4540403.flac,6
/data/DATASETS/ASV_Spoof_2019_LA/ASVspoof2019_LA_dev/flac/LA_D_7762520.flac,6
/data/DATASETS/ASV_Spoof_2019_LA/ASVspoof2019_LA_train/flac/LA_T_3357699.flac,6
/data/DATASETS/ASV_Spoof_2019_LA/ASVspoof2019_LA_dev/flac/LA_D_8791539.flac,6
/data/DATASETS/ASV_Spoof_2019_LA/ASVspoof2019_LA_train/flac/LA_T_2561360.flac,6
/data/DATASETS/ASV_Spoof_2019_LA/ASVspoof2019_LA_train/flac/LA_T_6565876.flac,6
/data/DATASETS/ASV_Spoof_2019_LA/ASVspoof2019_LA_train/flac/LA_T_2826716.flac,6
/data/DATASETS/ASV_Spoof_2019_LA/ASVspoof2019_LA_dev/flac/LA_D_9278101.flac,6
/data/DATASETS/ASV_Spoof_2019_LA/ASVspoof2019_LA_train/flac/LA_T_1987370.flac,6
/data/DATASETS/ASV_Spoof_2019_LA/ASVspoof2019_LA_dev/flac/LA_D_9659279.flac,6
/data/DATASETS/ASV_Spoof_2019_LA/ASVspoof2019_LA_train/flac/LA_T_1620045.flac,6
/data/DATASETS/ASV_Spoof_2019_LA/ASVspoof2019_LA_train/flac/LA_T_1654688.flac,6
/data/DATASETS/ASV_Spoof_2019_LA/ASVspoof2019_LA_dev/flac/LA_D_2920486.flac,6
/data/DATASETS/ASV_Spoof_2019_LA/ASVspoof2019_LA_dev/flac/LA_D_2158501.flac,6
/data/DATASETS/ASV_Spoof_2019_LA/ASVspoof2019_LA_dev/flac/LA_D_5403183.flac,6
/data/DATASETS/ASV_Spoof_2019_LA/ASVspoof2019_LA_dev/flac/LA_D_6107434.flac,6
/data/DATASETS/ASV_Spoof_2019_LA/ASVspoof2019_LA_dev/flac/LA_D_4176473.flac,6
/data/DATASETS/ASV_Spoof_2019_LA/ASVspoof2019_LA_dev/flac/LA_D_9278642.flac,6
/data/DATASETS/ASV_Spoof_2019_LA/ASVspoof2019_LA_dev/flac/LA_D_3197776.flac,6
/data/DATASETS/ASV_Spoof_2019_LA/ASVspoof2019_LA_dev/flac/LA_D_1230496.flac,6
/data/DATASETS/ASV_Spoof_2019_LA/ASVspoof2019_LA_train/flac/LA_T_9860662.flac,6
/data/DATASETS/ASV_Spoof_2019_LA/ASVspoof2019_LA_dev/flac/LA_D_4402259.flac,6
/data/DATASETS/ASV_Spoof_2019_LA/ASVspoof2019_LA_dev/flac/LA_D_5878173.flac,6
/data/DATASETS/ASV_Spoof_2019_LA/ASVspoof2019_LA_dev/flac/LA_D_8481565.flac,6
/data/DATASETS/ASV_Spoof_2019_LA/ASVspoof2019_LA_train/flac/LA_T_7506574.flac,6
/data/DATASETS/ASV_Spoof_2019_LA/ASVspoof2019_LA_train/flac/LA_T_3632473.flac,6
/data/DATASETS/ASV_Spoof_2019_LA/ASVspoof2019_LA_train/flac/LA_T_2972617.flac,6
/data/DATASETS/ASV_Spoof_2019_LA/ASVspoof2019_LA_train/flac/LA_T_8854785.flac,6
/data/DATASETS/ASV_Spoof_2019_LA/ASVspoof2019_LA_dev/flac/LA_D_9023318.flac,6
/data/DATASETS/ASV_Spoof_2019_LA/ASVspoof2019_LA_train/flac/LA_T_2915385.flac,6
/data/DATASETS/ASV_Spoof_2019_LA/ASVspoof2019_LA_dev/flac/LA_D_8431305.flac,6
/data/DATASETS/ASV_Spoof_2019_LA/ASVspoof2019_LA_dev/flac/LA_D_8139224.flac,6
/data/DATASETS/ASV_Spoof_2019_LA/ASVspoof2019_LA_train/flac/LA_T_3462455.flac,6
/data/DATASETS/ASV_Spoof_2019_LA/ASVspoof2019_LA_train/flac/LA_T_5951648.flac,6
/data/DATASETS/ASV_Spoof_2019_LA/ASVspoof2019_LA_dev/flac/LA_D_8213363.flac,6
/data/DATASETS/ASV_Spoof_2019_LA/ASVspoof2019_LA_dev/flac/LA_D_2174187.flac,6
/data/DATASETS/ASV_Spoof_2019_LA/ASVspoof2019_LA_dev/flac/LA_D_9514185.flac,6
/data/DATASETS/ASV_Spoof_2019_LA/ASVspoof2019_LA_dev/flac/LA_D_9872925.flac,6
/data/DATASETS/ASV_Spoof_2019_LA/ASVspoof2019_LA_dev/flac/LA_D_8682752.flac,6
/data/DATASETS/ASV_Spoof_2019_LA/ASVspoof2019_LA_train/flac/LA_T_2136665.flac,6
/data/DATASETS/ASV_Spoof_2019_LA/ASVspoof2019_LA_dev/flac/LA_D_3780481.flac,6
/data/DATASETS/ASV_Spoof_2019_LA/ASVspoof2019_LA_train/flac/LA_T_5913621.flac,6
/data/DATASETS/ASV_Spoof_2019_LA/ASVspoof2019_LA_dev/flac/LA_D_1932009.flac,6
/data/DATASETS/ASV_Spoof_2019_LA/ASVspoof2019_LA_dev/flac/LA_D_9344459.flac,6
/data/DATASETS/ASV_Spoof_2019_LA/ASVspoof2019_LA_dev/flac/LA_D_7169976.flac,6
/data/DATASETS/ASV_Spoof_2019_LA/ASVspoof2019_LA_dev/flac/LA_D_1353213.flac,6
/data/DATASETS/ASV_Spoof_2019_LA/ASVspoof2019_LA_train/flac/LA_T_9690529.flac,6
/data/DATASETS/ASV_Spoof_2019_LA/ASVspoof2019_LA_dev/flac/LA_D_6834540.flac,6
/data/DATASETS/ASV_Spoof_2019_LA/ASVspoof2019_LA_train/flac/LA_T_6843616.flac,6
/data/DATASETS/ASV_Spoof_2019_LA/ASVspoof2019_LA_train/flac/LA_T_8078728.flac,6
/data/DATASETS/ASV_Spoof_2019_LA/ASVspoof2019_LA_train/flac/LA_T_4162629.flac,6
/data/DATASETS/ASV_Spoof_2019_LA/ASVspoof2019_LA_dev/flac/LA_D_5287819.flac,6
/data/DATASETS/ASV_Spoof_2019_LA/ASVspoof2019_LA_dev/flac/LA_D_9909170.flac,6
/data/DATASETS/ASV_Spoof_2019_LA/ASVspoof2019_LA_dev/flac/LA_D_2709521.flac,6
/data/DATASETS/ASV_Spoof_2019_LA/ASVspoof2019_LA_train/flac/LA_T_5005371.flac,6
/data/DATASETS/ASV_Spoof_2019_LA/ASVspoof2019_LA_train/flac/LA_T_3703217.flac,6
/data/DATASETS/ASV_Spoof_2019_LA/ASVspoof2019_LA_dev/flac/LA_D_7333937.flac,6
/data/DATASETS/ASV_Spoof_2019_LA/ASVspoof2019_LA_dev/flac/LA_D_2272161.flac,6
/data/DATASETS/ASV_Spoof_2019_LA/ASVspoof2019_LA_train/flac/LA_T_7265457.flac,6
/data/DATASETS/ASV_Spoof_2019_LA/ASVspoof2019_LA_train/flac/LA_T_3501311.flac,6
/data/DATASETS/ASV_Spoof_2019_LA/ASVspoof2019_LA_dev/flac/LA_D_1872484.flac,6
/data/DATASETS/ASV_Spoof_2019_LA/ASVspoof2019_LA_dev/flac/LA_D_3432362.flac,6
/data/DATASETS/ASV_Spoof_2019_LA/ASVspoof2019_LA_train/flac/LA_T_8901673.flac,6
/data/DATASETS/ASV_Spoof_2019_LA/ASVspoof2019_LA_dev/flac/LA_D_1735779.flac,6
/data/DATASETS/ASV_Spoof_2019_LA/ASVspoof2019_LA_dev/flac/LA_D_9698452.flac,6
/data/DATASETS/ASV_Spoof_2019_LA/ASVspoof2019_LA_dev/flac/LA_D_6861442.flac,6
/data/DATASETS/ASV_Spoof_2019_LA/ASVspoof2019_LA_train/flac/LA_T_1618529.flac,6
/data/DATASETS/ASV_Spoof_2019_LA/ASVspoof2019_LA_train/flac/LA_T_4331983.flac,6
/data/DATASETS/ASV_Spoof_2019_LA/ASVspoof2019_LA_train/flac/LA_T_9970357.flac,6
/data/DATASETS/ASV_Spoof_2019_LA/ASVspoof2019_LA_train/flac/LA_T_5469976.flac,6
/data/DATASETS/ASV_Spoof_2019_LA/ASVspoof2019_LA_dev/flac/LA_D_3432568.flac,6
/data/DATASETS/ASV_Spoof_2019_LA/ASVspoof2019_LA_train/flac/LA_T_7236882.flac,6
/data/DATASETS/ASV_Spoof_2019_LA/ASVspoof2019_LA_dev/flac/LA_D_8283819.flac,6
/data/DATASETS/ASV_Spoof_2019_LA/ASVspoof2019_LA_dev/flac/LA_D_4452994.flac,6
/data/DATASETS/ASV_Spoof_2019_LA/ASVspoof2019_LA_dev/flac/LA_D_5450646.flac,6
/data/DATASETS/ASV_Spoof_2019_LA/ASVspoof2019_LA_train/flac/LA_T_8944004.flac,6
/data/DATASETS/ASV_Spoof_2019_LA/ASVspoof2019_LA_dev/flac/LA_D_1163350.flac,6
/data/DATASETS/ASV_Spoof_2019_LA/ASVspoof2019_LA_dev/flac/LA_D_3533916.flac,6
/data/DATASETS/ASV_Spoof_2019_LA/ASVspoof2019_LA_dev/flac/LA_D_9577103.flac,6
/data/DATASETS/ASV_Spoof_2019_LA/ASVspoof2019_LA_train/flac/LA_T_5204101.flac,6
/data/DATASETS/ASV_Spoof_2019_LA/ASVspoof2019_LA_train/flac/LA_T_7744549.flac,6
/data/DATASETS/ASV_Spoof_2019_LA/ASVspoof2019_LA_dev/flac/LA_D_8651444.flac,6
/data/DATASETS/ASV_Spoof_2019_LA/ASVspoof2019_LA_dev/flac/LA_D_7704814.flac,6
/data/DATASETS/ASV_Spoof_2019_LA/ASVspoof2019_LA_train/flac/LA_T_8367117.flac,6
/data/DATASETS/ASV_Spoof_2019_LA/ASVspoof2019_LA_dev/flac/LA_D_3776775.flac,6
/data/DATASETS/ASV_Spoof_2019_LA/ASVspoof2019_LA_train/flac/LA_T_4547987.flac,6
/data/DATASETS/ASV_Spoof_2019_LA/ASVspoof2019_LA_train/flac/LA_T_5004897.flac,6
/data/DATASETS/ASV_Spoof_2019_LA/ASVspoof2019_LA_train/flac/LA_T_3381321.flac,6
/data/DATASETS/ASV_Spoof_2019_LA/ASVspoof2019_LA_train/flac/LA_T_2462715.flac,6
/data/DATASETS/ASV_Spoof_2019_LA/ASVspoof2019_LA_dev/flac/LA_D_2398137.flac,6
/data/DATASETS/ASV_Spoof_2019_LA/ASVspoof2019_LA_dev/flac/LA_D_8029967.flac,6
/data/DATASETS/ASV_Spoof_2019_LA/ASVspoof2019_LA_train/flac/LA_T_1645335.flac,6
/data/DATASETS/ASV_Spoof_2019_LA/ASVspoof2019_LA_train/flac/LA_T_7767242.flac,6
/data/DATASETS/ASV_Spoof_2019_LA/ASVspoof2019_LA_dev/flac/LA_D_9377948.flac,6
/data/DATASETS/ASV_Spoof_2019_LA/ASVspoof2019_LA_train/flac/LA_T_1446049.flac,6
/data/DATASETS/ASV_Spoof_2019_LA/ASVspoof2019_LA_train/flac/LA_T_3357680.flac,6
/data/DATASETS/ASV_Spoof_2019_LA/ASVspoof2019_LA_train/flac/LA_T_6148475.flac,6
/data/DATASETS/ASV_Spoof_2019_LA/ASVspoof2019_LA_train/flac/LA_T_1562058.flac,6
/data/DATASETS/ASV_Spoof_2019_LA/ASVspoof2019_LA_train/flac/LA_T_6904396.flac,6
/data/DATASETS/ASV_Spoof_2019_LA/ASVspoof2019_LA_dev/flac/LA_D_1321499.flac,6
/data/DATASETS/ASV_Spoof_2019_LA/ASVspoof2019_LA_train/flac/LA_T_6173018.flac,6
/data/DATASETS/ASV_Spoof_2019_LA/ASVspoof2019_LA_dev/flac/LA_D_6756915.flac,6
/data/DATASETS/ASV_Spoof_2019_LA/ASVspoof2019_LA_dev/flac/LA_D_5613820.flac,6
/data/DATASETS/ASV_Spoof_2019_LA/ASVspoof2019_LA_dev/flac/LA_D_9080415.flac,6
/data/DATASETS/ASV_Spoof_2019_LA/ASVspoof2019_LA_train/flac/LA_T_3529678.flac,6
/data/DATASETS/ASV_Spoof_2019_LA/ASVspoof2019_LA_dev/flac/LA_D_6264639.flac,6
/data/DATASETS/ASV_Spoof_2019_LA/ASVspoof2019_LA_train/flac/LA_T_9489159.flac,6
/data/DATASETS/ASV_Spoof_2019_LA/ASVspoof2019_LA_train/flac/LA_T_8367167.flac,6
/data/DATASETS/ASV_Spoof_2019_LA/ASVspoof2019_LA_dev/flac/LA_D_3891032.flac,6
/data/DATASETS/ASV_Spoof_2019_LA/ASVspoof2019_LA_dev/flac/LA_D_9594921.flac,6
/data/DATASETS/ASV_Spoof_2019_LA/ASVspoof2019_LA_train/flac/LA_T_9557215.flac,6
/data/DATASETS/ASV_Spoof_2019_LA/ASVspoof2019_LA_dev/flac/LA_D_3605088.flac,6
/data/DATASETS/ASV_Spoof_2019_LA/ASVspoof2019_LA_dev/flac/LA_D_8434552.flac,6
/data/DATASETS/ASV_Spoof_2019_LA/ASVspoof2019_LA_train/flac/LA_T_2451453.flac,6
/data/DATASETS/ASV_Spoof_2019_LA/ASVspoof2019_LA_dev/flac/LA_D_2565992.flac,6
/data/DATASETS/ASV_Spoof_2019_LA/ASVspoof2019_LA_train/flac/LA_T_7040128.flac,6
/data/DATASETS/ASV_Spoof_2019_LA/ASVspoof2019_LA_train/flac/LA_T_3307160.flac,6
/data/DATASETS/ASV_Spoof_2019_LA/ASVspoof2019_LA_dev/flac/LA_D_1497236.flac,6
/data/DATASETS/ASV_Spoof_2019_LA/ASVspoof2019_LA_dev/flac/LA_D_8675909.flac,6
/data/DATASETS/ASV_Spoof_2019_LA/ASVspoof2019_LA_train/flac/LA_T_2407321.flac,6
/data/DATASETS/ASV_Spoof_2019_LA/ASVspoof2019_LA_dev/flac/LA_D_6420222.flac,6
/data/DATASETS/ASV_Spoof_2019_LA/ASVspoof2019_LA_dev/flac/LA_D_4864229.flac,6
/data/DATASETS/ASV_Spoof_2019_LA/ASVspoof2019_LA_train/flac/LA_T_1492361.flac,6
/data/DATASETS/ASV_Spoof_2019_LA/ASVspoof2019_LA_dev/flac/LA_D_1526999.flac,6
/data/DATASETS/ASV_Spoof_2019_LA/ASVspoof2019_LA_train/flac/LA_T_8827865.flac,6
/data/DATASETS/ASV_Spoof_2019_LA/ASVspoof2019_LA_dev/flac/LA_D_3734390.flac,6
/data/DATASETS/ASV_Spoof_2019_LA/ASVspoof2019_LA_dev/flac/LA_D_1800519.flac,6
/data/DATASETS/ASV_Spoof_2019_LA/ASVspoof2019_LA_dev/flac/LA_D_2833236.flac,6
/data/DATASETS/ASV_Spoof_2019_LA/ASVspoof2019_LA_dev/flac/LA_D_1907831.flac,6
/data/DATASETS/ASV_Spoof_2019_LA/ASVspoof2019_LA_train/flac/LA_T_5368954.flac,6
/data/DATASETS/ASV_Spoof_2019_LA/ASVspoof2019_LA_dev/flac/LA_D_9619214.flac,6
/data/DATASETS/ASV_Spoof_2019_LA/ASVspoof2019_LA_train/flac/LA_T_3508258.flac,6
/data/DATASETS/ASV_Spoof_2019_LA/ASVspoof2019_LA_dev/flac/LA_D_9478291.flac,6
/data/DATASETS/ASV_Spoof_2019_LA/ASVspoof2019_LA_train/flac/LA_T_8845359.flac,6
/data/DATASETS/ASV_Spoof_2019_LA/ASVspoof2019_LA_train/flac/LA_T_4728051.flac,6
/data/DATASETS/ASV_Spoof_2019_LA/ASVspoof2019_LA_dev/flac/LA_D_1344270.flac,6
/data/DATASETS/ASV_Spoof_2019_LA/ASVspoof2019_LA_dev/flac/LA_D_6124016.flac,6
/data/DATASETS/ASV_Spoof_2019_LA/ASVspoof2019_LA_dev/flac/LA_D_5434776.flac,6
/data/DATASETS/ASV_Spoof_2019_LA/ASVspoof2019_LA_train/flac/LA_T_9959165.flac,6
/data/DATASETS/ASV_Spoof_2019_LA/ASVspoof2019_LA_train/flac/LA_T_5522733.flac,6
/data/DATASETS/ASV_Spoof_2019_LA/ASVspoof2019_LA_dev/flac/LA_D_5147678.flac,6
/data/DATASETS/ASV_Spoof_2019_LA/ASVspoof2019_LA_train/flac/LA_T_3102501.flac,6
/data/DATASETS/ASV_Spoof_2019_LA/ASVspoof2019_LA_train/flac/LA_T_3852802.flac,6
/data/DATASETS/ASV_Spoof_2019_LA/ASVspoof2019_LA_train/flac/LA_T_6164724.flac,6
/data/DATASETS/ASV_Spoof_2019_LA/ASVspoof2019_LA_dev/flac/LA_D_2472102.flac,6
/data/DATASETS/ASV_Spoof_2019_LA/ASVspoof2019_LA_train/flac/LA_T_7659063.flac,6
/data/DATASETS/ASV_Spoof_2019_LA/ASVspoof2019_LA_dev/flac/LA_D_9670462.flac,6
/data/DATASETS/ASV_Spoof_2019_LA/ASVspoof2019_LA_dev/flac/LA_D_3711375.flac,6
/data/DATASETS/ASV_Spoof_2019_LA/ASVspoof2019_LA_dev/flac/LA_D_8971637.flac,6
/data/DATASETS/ASV_Spoof_2019_LA/ASVspoof2019_LA_train/flac/LA_T_1652353.flac,6
/data/DATASETS/ASV_Spoof_2019_LA/ASVspoof2019_LA_train/flac/LA_T_4134947.flac,6
/data/DATASETS/ASV_Spoof_2019_LA/ASVspoof2019_LA_train/flac/LA_T_6280861.flac,6
/data/DATASETS/ASV_Spoof_2019_LA/ASVspoof2019_LA_train/flac/LA_T_4232316.flac,6
/data/DATASETS/ASV_Spoof_2019_LA/ASVspoof2019_LA_train/flac/LA_T_1672733.flac,6
/data/DATASETS/ASV_Spoof_2019_LA/ASVspoof2019_LA_dev/flac/LA_D_8758498.flac,6
/data/DATASETS/ASV_Spoof_2019_LA/ASVspoof2019_LA_dev/flac/LA_D_7542817.flac,6
/data/DATASETS/ASV_Spoof_2019_LA/ASVspoof2019_LA_dev/flac/LA_D_2839806.flac,6
/data/DATASETS/ASV_Spoof_2019_LA/ASVspoof2019_LA_train/flac/LA_T_8863048.flac,6
/data/DATASETS/ASV_Spoof_2019_LA/ASVspoof2019_LA_dev/flac/LA_D_1395431.flac,6
/data/DATASETS/ASV_Spoof_2019_LA/ASVspoof2019_LA_dev/flac/LA_D_9123838.flac,6
/data/DATASETS/ASV_Spoof_2019_LA/ASVspoof2019_LA_dev/flac/LA_D_2005281.flac,6
/data/DATASETS/ASV_Spoof_2019_LA/ASVspoof2019_LA_train/flac/LA_T_7634025.flac,6
/data/DATASETS/ASV_Spoof_2019_LA/ASVspoof2019_LA_dev/flac/LA_D_7097361.flac,6
/data/DATASETS/ASV_Spoof_2019_LA/ASVspoof2019_LA_train/flac/LA_T_9815807.flac,6
/data/DATASETS/ASV_Spoof_2019_LA/ASVspoof2019_LA_train/flac/LA_T_8082588.flac,6
/data/DATASETS/ASV_Spoof_2019_LA/ASVspoof2019_LA_train/flac/LA_T_6738569.flac,6
/data/DATASETS/ASV_Spoof_2019_LA/ASVspoof2019_LA_train/flac/LA_T_5837665.flac,6
/data/DATASETS/ASV_Spoof_2019_LA/ASVspoof2019_LA_train/flac/LA_T_1127197.flac,6
/data/DATASETS/ASV_Spoof_2019_LA/ASVspoof2019_LA_train/flac/LA_T_7747296.flac,6
/data/DATASETS/ASV_Spoof_2019_LA/ASVspoof2019_LA_dev/flac/LA_D_9142942.flac,6
/data/DATASETS/ASV_Spoof_2019_LA/ASVspoof2019_LA_train/flac/LA_T_7801663.flac,6
/data/DATASETS/ASV_Spoof_2019_LA/ASVspoof2019_LA_dev/flac/LA_D_7225053.flac,6
/data/DATASETS/ASV_Spoof_2019_LA/ASVspoof2019_LA_dev/flac/LA_D_9523992.flac,6
/data/DATASETS/ASV_Spoof_2019_LA/ASVspoof2019_LA_dev/flac/LA_D_1703081.flac,6
/data/DATASETS/ASV_Spoof_2019_LA/ASVspoof2019_LA_dev/flac/LA_D_6036790.flac,6
/data/DATASETS/ASV_Spoof_2019_LA/ASVspoof2019_LA_train/flac/LA_T_6293763.flac,6
/data/DATASETS/ASV_Spoof_2019_LA/ASVspoof2019_LA_train/flac/LA_T_9566200.flac,6
/data/DATASETS/ASV_Spoof_2019_LA/ASVspoof2019_LA_train/flac/LA_T_6091816.flac,6
/data/DATASETS/ASV_Spoof_2019_LA/ASVspoof2019_LA_dev/flac/LA_D_9363151.flac,6
/data/DATASETS/ASV_Spoof_2019_LA/ASVspoof2019_LA_train/flac/LA_T_5533077.flac,6
/data/DATASETS/ASV_Spoof_2019_LA/ASVspoof2019_LA_dev/flac/LA_D_2623262.flac,6
/data/DATASETS/ASV_Spoof_2019_LA/ASVspoof2019_LA_train/flac/LA_T_3230250.flac,6
/data/DATASETS/ASV_Spoof_2019_LA/ASVspoof2019_LA_train/flac/LA_T_1253691.flac,6
/data/DATASETS/ASV_Spoof_2019_LA/ASVspoof2019_LA_dev/flac/LA_D_7139747.flac,6
/data/DATASETS/ASV_Spoof_2019_LA/ASVspoof2019_LA_dev/flac/LA_D_2596003.flac,6
/data/DATASETS/ASV_Spoof_2019_LA/ASVspoof2019_LA_dev/flac/LA_D_4019834.flac,6
/data/DATASETS/ASV_Spoof_2019_LA/ASVspoof2019_LA_train/flac/LA_T_9291980.flac,6
/data/DATASETS/ASV_Spoof_2019_LA/ASVspoof2019_LA_dev/flac/LA_D_7297227.flac,6
/data/DATASETS/ASV_Spoof_2019_LA/ASVspoof2019_LA_dev/flac/LA_D_3305924.flac,6
/data/DATASETS/ASV_Spoof_2019_LA/ASVspoof2019_LA_dev/flac/LA_D_3430677.flac,6
/data/DATASETS/ASV_Spoof_2019_LA/ASVspoof2019_LA_train/flac/LA_T_1822923.flac,6
/data/DATASETS/ASV_Spoof_2019_LA/ASVspoof2019_LA_dev/flac/LA_D_6115657.flac,6
/data/DATASETS/ASV_Spoof_2019_LA/ASVspoof2019_LA_dev/flac/LA_D_4555408.flac,6
/data/DATASETS/ASV_Spoof_2019_LA/ASVspoof2019_LA_dev/flac/LA_D_3794623.flac,6
/data/DATASETS/ASV_Spoof_2019_LA/ASVspoof2019_LA_dev/flac/LA_D_9642537.flac,6
/data/DATASETS/ASV_Spoof_2019_LA/ASVspoof2019_LA_train/flac/LA_T_5738001.flac,6
/data/DATASETS/ASV_Spoof_2019_LA/ASVspoof2019_LA_dev/flac/LA_D_2587582.flac,6
/data/DATASETS/ASV_Spoof_2019_LA/ASVspoof2019_LA_train/flac/LA_T_8298971.flac,6
/data/DATASETS/ASV_Spoof_2019_LA/ASVspoof2019_LA_dev/flac/LA_D_3602579.flac,6
/data/DATASETS/ASV_Spoof_2019_LA/ASVspoof2019_LA_dev/flac/LA_D_7316873.flac,6
/data/DATASETS/ASV_Spoof_2019_LA/ASVspoof2019_LA_dev/flac/LA_D_8103199.flac,6
/data/DATASETS/ASV_Spoof_2019_LA/ASVspoof2019_LA_dev/flac/LA_D_3460862.flac,6
/data/DATASETS/ASV_Spoof_2019_LA/ASVspoof2019_LA_train/flac/LA_T_1410503.flac,6
/data/DATASETS/ASV_Spoof_2019_LA/ASVspoof2019_LA_train/flac/LA_T_6957555.flac,6
/data/DATASETS/ASV_Spoof_2019_LA/ASVspoof2019_LA_train/flac/LA_T_7515714.flac,6
/data/DATASETS/ASV_Spoof_2019_LA/ASVspoof2019_LA_train/flac/LA_T_4089439.flac,6
/data/DATASETS/ASV_Spoof_2019_LA/ASVspoof2019_LA_train/flac/LA_T_1229885.flac,6
/data/DATASETS/ASV_Spoof_2019_LA/ASVspoof2019_LA_train/flac/LA_T_8285103.flac,6
/data/DATASETS/ASV_Spoof_2019_LA/ASVspoof2019_LA_train/flac/LA_T_9819737.flac,6
/data/DATASETS/ASV_Spoof_2019_LA/ASVspoof2019_LA_train/flac/LA_T_7320724.flac,6
/data/DATASETS/ASV_Spoof_2019_LA/ASVspoof2019_LA_dev/flac/LA_D_1768591.flac,6
/data/DATASETS/ASV_Spoof_2019_LA/ASVspoof2019_LA_dev/flac/LA_D_3534602.flac,6
/data/DATASETS/ASV_Spoof_2019_LA/ASVspoof2019_LA_dev/flac/LA_D_8359008.flac,6
/data/DATASETS/ASV_Spoof_2019_LA/ASVspoof2019_LA_train/flac/LA_T_8744323.flac,6
/data/DATASETS/ASV_Spoof_2019_LA/ASVspoof2019_LA_train/flac/LA_T_1541983.flac,6
/data/DATASETS/ASV_Spoof_2019_LA/ASVspoof2019_LA_train/flac/LA_T_6967723.flac,6
/data/DATASETS/ASV_Spoof_2019_LA/ASVspoof2019_LA_dev/flac/LA_D_2142744.flac,6
/data/DATASETS/ASV_Spoof_2019_LA/ASVspoof2019_LA_train/flac/LA_T_5742107.flac,6
/data/DATASETS/ASV_Spoof_2019_LA/ASVspoof2019_LA_train/flac/LA_T_8744556.flac,6
/data/DATASETS/ASV_Spoof_2019_LA/ASVspoof2019_LA_train/flac/LA_T_2548842.flac,6
/data/DATASETS/ASV_Spoof_2019_LA/ASVspoof2019_LA_dev/flac/LA_D_7014953.flac,6
/data/DATASETS/ASV_Spoof_2019_LA/ASVspoof2019_LA_dev/flac/LA_D_4811609.flac,6
/data/DATASETS/ASV_Spoof_2019_LA/ASVspoof2019_LA_train/flac/LA_T_1647761.flac,6
/data/DATASETS/ASV_Spoof_2019_LA/ASVspoof2019_LA_train/flac/LA_T_7264665.flac,6
/data/DATASETS/ASV_Spoof_2019_LA/ASVspoof2019_LA_train/flac/LA_T_9882233.flac,6
/data/DATASETS/ASV_Spoof_2019_LA/ASVspoof2019_LA_train/flac/LA_T_6250535.flac,6
/data/DATASETS/ASV_Spoof_2019_LA/ASVspoof2019_LA_train/flac/LA_T_6339242.flac,6
/data/DATASETS/ASV_Spoof_2019_LA/ASVspoof2019_LA_train/flac/LA_T_1349610.flac,6
/data/DATASETS/ASV_Spoof_2019_LA/ASVspoof2019_LA_dev/flac/LA_D_7431648.flac,6
/data/DATASETS/ASV_Spoof_2019_LA/ASVspoof2019_LA_dev/flac/LA_D_4617063.flac,6
/data/DATASETS/ASV_Spoof_2019_LA/ASVspoof2019_LA_train/flac/LA_T_4476721.flac,6
/data/DATASETS/ASV_Spoof_2019_LA/ASVspoof2019_LA_dev/flac/LA_D_9980576.flac,6
/data/DATASETS/ASV_Spoof_2019_LA/ASVspoof2019_LA_train/flac/LA_T_9806914.flac,6
/data/DATASETS/ASV_Spoof_2019_LA/ASVspoof2019_LA_train/flac/LA_T_8913378.flac,6
/data/DATASETS/ASV_Spoof_2019_LA/ASVspoof2019_LA_train/flac/LA_T_1152870.flac,6
/data/DATASETS/ASV_Spoof_2019_LA/ASVspoof2019_LA_train/flac/LA_T_1375459.flac,6
/data/DATASETS/ASV_Spoof_2019_LA/ASVspoof2019_LA_train/flac/LA_T_5415413.flac,6
/data/DATASETS/ASV_Spoof_2019_LA/ASVspoof2019_LA_dev/flac/LA_D_4435608.flac,6
/data/DATASETS/ASV_Spoof_2019_LA/ASVspoof2019_LA_dev/flac/LA_D_6149770.flac,6
/data/DATASETS/ASV_Spoof_2019_LA/ASVspoof2019_LA_train/flac/LA_T_7822940.flac,6
/data/DATASETS/ASV_Spoof_2019_LA/ASVspoof2019_LA_train/flac/LA_T_1317367.flac,6
/data/DATASETS/ASV_Spoof_2019_LA/ASVspoof2019_LA_dev/flac/LA_D_1244860.flac,6
/data/DATASETS/ASV_Spoof_2019_LA/ASVspoof2019_LA_train/flac/LA_T_7789727.flac,6
/data/DATASETS/ASV_Spoof_2019_LA/ASVspoof2019_LA_dev/flac/LA_D_3754292.flac,6
/data/DATASETS/ASV_Spoof_2019_LA/ASVspoof2019_LA_train/flac/LA_T_4472370.flac,6
/data/DATASETS/ASV_Spoof_2019_LA/ASVspoof2019_LA_dev/flac/LA_D_9101014.flac,6
/data/DATASETS/ASV_Spoof_2019_LA/ASVspoof2019_LA_dev/flac/LA_D_8450378.flac,6
/data/DATASETS/ASV_Spoof_2019_LA/ASVspoof2019_LA_dev/flac/LA_D_8597595.flac,6
/data/DATASETS/ASV_Spoof_2019_LA/ASVspoof2019_LA_dev/flac/LA_D_1585709.flac,6
/data/DATASETS/ASV_Spoof_2019_LA/ASVspoof2019_LA_train/flac/LA_T_1449848.flac,6
/data/DATASETS/ASV_Spoof_2019_LA/ASVspoof2019_LA_train/flac/LA_T_2881097.flac,6
/data/DATASETS/ASV_Spoof_2019_LA/ASVspoof2019_LA_dev/flac/LA_D_6770113.flac,6
/data/DATASETS/ASV_Spoof_2019_LA/ASVspoof2019_LA_train/flac/LA_T_3502034.flac,6
/data/DATASETS/ASV_Spoof_2019_LA/ASVspoof2019_LA_dev/flac/LA_D_6921099.flac,6
/data/DATASETS/ASV_Spoof_2019_LA/ASVspoof2019_LA_dev/flac/LA_D_7096783.flac,6
/data/DATASETS/ASV_Spoof_2019_LA/ASVspoof2019_LA_train/flac/LA_T_2190972.flac,6
/data/DATASETS/ASV_Spoof_2019_LA/ASVspoof2019_LA_train/flac/LA_T_8451884.flac,6
/data/DATASETS/ASV_Spoof_2019_LA/ASVspoof2019_LA_dev/flac/LA_D_8562559.flac,6
/data/DATASETS/ASV_Spoof_2019_LA/ASVspoof2019_LA_train/flac/LA_T_9243531.flac,6
/data/DATASETS/ASV_Spoof_2019_LA/ASVspoof2019_LA_train/flac/LA_T_5758696.flac,6
/data/DATASETS/ASV_Spoof_2019_LA/ASVspoof2019_LA_dev/flac/LA_D_4666650.flac,6
/data/DATASETS/ASV_Spoof_2019_LA/ASVspoof2019_LA_dev/flac/LA_D_2873307.flac,6
/data/DATASETS/ASV_Spoof_2019_LA/ASVspoof2019_LA_train/flac/LA_T_7008075.flac,6
/data/DATASETS/ASV_Spoof_2019_LA/ASVspoof2019_LA_train/flac/LA_T_2363042.flac,6
/data/DATASETS/ASV_Spoof_2019_LA/ASVspoof2019_LA_train/flac/LA_T_1399792.flac,6
/data/DATASETS/ASV_Spoof_2019_LA/ASVspoof2019_LA_dev/flac/LA_D_3504984.flac,6
/data/DATASETS/ASV_Spoof_2019_LA/ASVspoof2019_LA_dev/flac/LA_D_4089949.flac,6
/data/DATASETS/ASV_Spoof_2019_LA/ASVspoof2019_LA_dev/flac/LA_D_3296082.flac,6
/data/DATASETS/ASV_Spoof_2019_LA/ASVspoof2019_LA_dev/flac/LA_D_6656541.flac,6
/data/DATASETS/ASV_Spoof_2019_LA/ASVspoof2019_LA_dev/flac/LA_D_7815011.flac,6
/data/DATASETS/ASV_Spoof_2019_LA/ASVspoof2019_LA_train/flac/LA_T_7241491.flac,6
/data/DATASETS/ASV_Spoof_2019_LA/ASVspoof2019_LA_train/flac/LA_T_4036889.flac,6
/data/DATASETS/ASV_Spoof_2019_LA/ASVspoof2019_LA_train/flac/LA_T_5487815.flac,6
/data/DATASETS/ASV_Spoof_2019_LA/ASVspoof2019_LA_dev/flac/LA_D_1990270.flac,6
/data/DATASETS/ASV_Spoof_2019_LA/ASVspoof2019_LA_dev/flac/LA_D_2919334.flac,6
/data/DATASETS/ASV_Spoof_2019_LA/ASVspoof2019_LA_train/flac/LA_T_9606177.flac,6
/data/DATASETS/ASV_Spoof_2019_LA/ASVspoof2019_LA_train/flac/LA_T_2916277.flac,6
/data/DATASETS/ASV_Spoof_2019_LA/ASVspoof2019_LA_train/flac/LA_T_8171523.flac,6
/data/DATASETS/ASV_Spoof_2019_LA/ASVspoof2019_LA_train/flac/LA_T_4450164.flac,6
/data/DATASETS/ASV_Spoof_2019_LA/ASVspoof2019_LA_train/flac/LA_T_7298248.flac,6
/data/DATASETS/ASV_Spoof_2019_LA/ASVspoof2019_LA_dev/flac/LA_D_4899370.flac,6
/data/DATASETS/ASV_Spoof_2019_LA/ASVspoof2019_LA_dev/flac/LA_D_6965307.flac,6
/data/DATASETS/ASV_Spoof_2019_LA/ASVspoof2019_LA_train/flac/LA_T_7142045.flac,6
/data/DATASETS/ASV_Spoof_2019_LA/ASVspoof2019_LA_dev/flac/LA_D_5471947.flac,6
/data/DATASETS/ASV_Spoof_2019_LA/ASVspoof2019_LA_dev/flac/LA_D_3282057.flac,6
/data/DATASETS/ASV_Spoof_2019_LA/ASVspoof2019_LA_train/flac/LA_T_4532319.flac,6
/data/DATASETS/ASV_Spoof_2019_LA/ASVspoof2019_LA_dev/flac/LA_D_6565562.flac,6
/data/DATASETS/ASV_Spoof_2019_LA/ASVspoof2019_LA_dev/flac/LA_D_9379842.flac,6
/data/DATASETS/ASV_Spoof_2019_LA/ASVspoof2019_LA_dev/flac/LA_D_9654253.flac,6
/data/DATASETS/ASV_Spoof_2019_LA/ASVspoof2019_LA_train/flac/LA_T_8287600.flac,6
/data/DATASETS/ASV_Spoof_2019_LA/ASVspoof2019_LA_train/flac/LA_T_4841614.flac,6
/data/DATASETS/ASV_Spoof_2019_LA/ASVspoof2019_LA_dev/flac/LA_D_3166047.flac,6
/data/DATASETS/ASV_Spoof_2019_LA/ASVspoof2019_LA_dev/flac/LA_D_6054809.flac,6
/data/DATASETS/ASV_Spoof_2019_LA/ASVspoof2019_LA_dev/flac/LA_D_9517790.flac,6
/data/DATASETS/ASV_Spoof_2019_LA/ASVspoof2019_LA_train/flac/LA_T_6585750.flac,6
/data/DATASETS/ASV_Spoof_2019_LA/ASVspoof2019_LA_train/flac/LA_T_9222561.flac,6
/data/DATASETS/ASV_Spoof_2019_LA/ASVspoof2019_LA_dev/flac/LA_D_7187563.flac,6
/data/DATASETS/ASV_Spoof_2019_LA/ASVspoof2019_LA_dev/flac/LA_D_7855716.flac,6
/data/DATASETS/ASV_Spoof_2019_LA/ASVspoof2019_LA_dev/flac/LA_D_1691598.flac,6
/data/DATASETS/ASV_Spoof_2019_LA/ASVspoof2019_LA_train/flac/LA_T_6566870.flac,6
/data/DATASETS/ASV_Spoof_2019_LA/ASVspoof2019_LA_train/flac/LA_T_7588414.flac,6
/data/DATASETS/ASV_Spoof_2019_LA/ASVspoof2019_LA_train/flac/LA_T_8883534.flac,6
/data/DATASETS/ASV_Spoof_2019_LA/ASVspoof2019_LA_train/flac/LA_T_4659265.flac,6
/data/DATASETS/ASV_Spoof_2019_LA/ASVspoof2019_LA_train/flac/LA_T_6022496.flac,6
/data/DATASETS/ASV_Spoof_2019_LA/ASVspoof2019_LA_dev/flac/LA_D_9385995.flac,6
/data/DATASETS/ASV_Spoof_2019_LA/ASVspoof2019_LA_train/flac/LA_T_8452562.flac,6
/data/DATASETS/ASV_Spoof_2019_LA/ASVspoof2019_LA_train/flac/LA_T_3720117.flac,6
/data/DATASETS/ASV_Spoof_2019_LA/ASVspoof2019_LA_train/flac/LA_T_2859289.flac,6
/data/DATASETS/ASV_Spoof_2019_LA/ASVspoof2019_LA_train/flac/LA_T_8478850.flac,6
/data/DATASETS/ASV_Spoof_2019_LA/ASVspoof2019_LA_train/flac/LA_T_7338817.flac,6
/data/DATASETS/ASV_Spoof_2019_LA/ASVspoof2019_LA_train/flac/LA_T_7353909.flac,6
/data/DATASETS/ASV_Spoof_2019_LA/ASVspoof2019_LA_train/flac/LA_T_1416691.flac,6
/data/DATASETS/ASV_Spoof_2019_LA/ASVspoof2019_LA_train/flac/LA_T_9866106.flac,6
/data/DATASETS/ASV_Spoof_2019_LA/ASVspoof2019_LA_train/flac/LA_T_2120698.flac,6
/data/DATASETS/ASV_Spoof_2019_LA/ASVspoof2019_LA_dev/flac/LA_D_9182085.flac,6
/data/DATASETS/ASV_Spoof_2019_LA/ASVspoof2019_LA_dev/flac/LA_D_6375943.flac,6
/data/DATASETS/ASV_Spoof_2019_LA/ASVspoof2019_LA_dev/flac/LA_D_9119177.flac,6
/data/DATASETS/ASV_Spoof_2019_LA/ASVspoof2019_LA_train/flac/LA_T_9990241.flac,6
/data/DATASETS/ASV_Spoof_2019_LA/ASVspoof2019_LA_train/flac/LA_T_3330146.flac,6
/data/DATASETS/ASV_Spoof_2019_LA/ASVspoof2019_LA_train/flac/LA_T_2479331.flac,6
/data/DATASETS/ASV_Spoof_2019_LA/ASVspoof2019_LA_dev/flac/LA_D_6517273.flac,6
/data/DATASETS/ASV_Spoof_2019_LA/ASVspoof2019_LA_dev/flac/LA_D_4918498.flac,6
/data/DATASETS/ASV_Spoof_2019_LA/ASVspoof2019_LA_dev/flac/LA_D_4113356.flac,6
/data/DATASETS/ASV_Spoof_2019_LA/ASVspoof2019_LA_train/flac/LA_T_7856858.flac,6
/data/DATASETS/ASV_Spoof_2019_LA/ASVspoof2019_LA_dev/flac/LA_D_6551713.flac,6
/data/DATASETS/ASV_Spoof_2019_LA/ASVspoof2019_LA_dev/flac/LA_D_4570189.flac,6
/data/DATASETS/ASV_Spoof_2019_LA/ASVspoof2019_LA_dev/flac/LA_D_3832995.flac,6
/data/DATASETS/ASV_Spoof_2019_LA/ASVspoof2019_LA_train/flac/LA_T_9417963.flac,6
/data/DATASETS/ASV_Spoof_2019_LA/ASVspoof2019_LA_dev/flac/LA_D_5911892.flac,6
/data/DATASETS/ASV_Spoof_2019_LA/ASVspoof2019_LA_train/flac/LA_T_4178996.flac,6
/data/DATASETS/ASV_Spoof_2019_LA/ASVspoof2019_LA_dev/flac/LA_D_3884812.flac,6
/data/DATASETS/ASV_Spoof_2019_LA/ASVspoof2019_LA_train/flac/LA_T_9000810.flac,6
/data/DATASETS/ASV_Spoof_2019_LA/ASVspoof2019_LA_train/flac/LA_T_8078533.flac,6
/data/DATASETS/ASV_Spoof_2019_LA/ASVspoof2019_LA_train/flac/LA_T_2818282.flac,6
/data/DATASETS/ASV_Spoof_2019_LA/ASVspoof2019_LA_dev/flac/LA_D_4648402.flac,6
/data/DATASETS/ASV_Spoof_2019_LA/ASVspoof2019_LA_train/flac/LA_T_1547617.flac,6
/data/DATASETS/ASV_Spoof_2019_LA/ASVspoof2019_LA_dev/flac/LA_D_7231397.flac,6
/data/DATASETS/ASV_Spoof_2019_LA/ASVspoof2019_LA_train/flac/LA_T_2355627.flac,6
/data/DATASETS/ASV_Spoof_2019_LA/ASVspoof2019_LA_dev/flac/LA_D_6412420.flac,6
/data/DATASETS/ASV_Spoof_2019_LA/ASVspoof2019_LA_dev/flac/LA_D_8524573.flac,6
/data/DATASETS/ASV_Spoof_2019_LA/ASVspoof2019_LA_train/flac/LA_T_7151361.flac,6
/data/DATASETS/ASV_Spoof_2019_LA/ASVspoof2019_LA_train/flac/LA_T_4868595.flac,6
/data/DATASETS/ASV_Spoof_2019_LA/ASVspoof2019_LA_train/flac/LA_T_8250400.flac,6
/data/DATASETS/ASV_Spoof_2019_LA/ASVspoof2019_LA_dev/flac/LA_D_5454068.flac,6
/data/DATASETS/ASV_Spoof_2019_LA/ASVspoof2019_LA_train/flac/LA_T_9182678.flac,6
/data/DATASETS/ASV_Spoof_2019_LA/ASVspoof2019_LA_train/flac/LA_T_7963933.flac,6
/data/DATASETS/ASV_Spoof_2019_LA/ASVspoof2019_LA_dev/flac/LA_D_6179252.flac,6
/data/DATASETS/ASV_Spoof_2019_LA/ASVspoof2019_LA_train/flac/LA_T_1114442.flac,6
/data/DATASETS/ASV_Spoof_2019_LA/ASVspoof2019_LA_train/flac/LA_T_8425643.flac,6
/data/DATASETS/ASV_Spoof_2019_LA/ASVspoof2019_LA_dev/flac/LA_D_7358733.flac,6
/data/DATASETS/ASV_Spoof_2019_LA/ASVspoof2019_LA_train/flac/LA_T_8140201.flac,6
/data/DATASETS/ASV_Spoof_2019_LA/ASVspoof2019_LA_dev/flac/LA_D_3610609.flac,6
/data/DATASETS/ASV_Spoof_2019_LA/ASVspoof2019_LA_train/flac/LA_T_4660788.flac,6
/data/DATASETS/ASV_Spoof_2019_LA/ASVspoof2019_LA_train/flac/LA_T_1469661.flac,6
/data/DATASETS/ASV_Spoof_2019_LA/ASVspoof2019_LA_dev/flac/LA_D_8564217.flac,6
/data/DATASETS/ASV_Spoof_2019_LA/ASVspoof2019_LA_dev/flac/LA_D_5727128.flac,6
/data/DATASETS/ASV_Spoof_2019_LA/ASVspoof2019_LA_dev/flac/LA_D_4933527.flac,6
/data/DATASETS/ASV_Spoof_2019_LA/ASVspoof2019_LA_train/flac/LA_T_5641470.flac,6
/data/DATASETS/ASV_Spoof_2019_LA/ASVspoof2019_LA_train/flac/LA_T_6656815.flac,6
/data/DATASETS/ASV_Spoof_2019_LA/ASVspoof2019_LA_train/flac/LA_T_7805433.flac,6
/data/DATASETS/ASV_Spoof_2019_LA/ASVspoof2019_LA_dev/flac/LA_D_6518104.flac,6
/data/DATASETS/ASV_Spoof_2019_LA/ASVspoof2019_LA_dev/flac/LA_D_1481725.flac,6
/data/DATASETS/ASV_Spoof_2019_LA/ASVspoof2019_LA_train/flac/LA_T_4072105.flac,6
/data/DATASETS/ASV_Spoof_2019_LA/ASVspoof2019_LA_train/flac/LA_T_9374817.flac,6
/data/DATASETS/ASV_Spoof_2019_LA/ASVspoof2019_LA_dev/flac/LA_D_3372750.flac,6
/data/DATASETS/ASV_Spoof_2019_LA/ASVspoof2019_LA_dev/flac/LA_D_5416130.flac,6
/data/DATASETS/ASV_Spoof_2019_LA/ASVspoof2019_LA_dev/flac/LA_D_9230787.flac,6
/data/DATASETS/ASV_Spoof_2019_LA/ASVspoof2019_LA_dev/flac/LA_D_5325527.flac,6
/data/DATASETS/ASV_Spoof_2019_LA/ASVspoof2019_LA_train/flac/LA_T_9103780.flac,6
/data/DATASETS/ASV_Spoof_2019_LA/ASVspoof2019_LA_dev/flac/LA_D_9314827.flac,6
/data/DATASETS/ASV_Spoof_2019_LA/ASVspoof2019_LA_dev/flac/LA_D_8594091.flac,6
/data/DATASETS/ASV_Spoof_2019_LA/ASVspoof2019_LA_dev/flac/LA_D_5697969.flac,6
/data/DATASETS/ASV_Spoof_2019_LA/ASVspoof2019_LA_dev/flac/LA_D_3591007.flac,6
/data/DATASETS/ASV_Spoof_2019_LA/ASVspoof2019_LA_dev/flac/LA_D_9201924.flac,6
/data/DATASETS/ASV_Spoof_2019_LA/ASVspoof2019_LA_train/flac/LA_T_8034883.flac,6
/data/DATASETS/ASV_Spoof_2019_LA/ASVspoof2019_LA_dev/flac/LA_D_1381783.flac,6
/data/DATASETS/ASV_Spoof_2019_LA/ASVspoof2019_LA_train/flac/LA_T_9766863.flac,6
/data/DATASETS/ASV_Spoof_2019_LA/ASVspoof2019_LA_dev/flac/LA_D_2031889.flac,6
/data/DATASETS/ASV_Spoof_2019_LA/ASVspoof2019_LA_train/flac/LA_T_6669921.flac,6
/data/DATASETS/ASV_Spoof_2019_LA/ASVspoof2019_LA_dev/flac/LA_D_7317184.flac,6
/data/DATASETS/ASV_Spoof_2019_LA/ASVspoof2019_LA_dev/flac/LA_D_7234016.flac,6
/data/DATASETS/ASV_Spoof_2019_LA/ASVspoof2019_LA_train/flac/LA_T_7488848.flac,6
/data/DATASETS/ASV_Spoof_2019_LA/ASVspoof2019_LA_dev/flac/LA_D_7712332.flac,6
/data/DATASETS/ASV_Spoof_2019_LA/ASVspoof2019_LA_dev/flac/LA_D_3565600.flac,6
/data/DATASETS/ASV_Spoof_2019_LA/ASVspoof2019_LA_dev/flac/LA_D_2831994.flac,6
/data/DATASETS/ASV_Spoof_2019_LA/ASVspoof2019_LA_dev/flac/LA_D_6530873.flac,6
/data/DATASETS/ASV_Spoof_2019_LA/ASVspoof2019_LA_train/flac/LA_T_3826066.flac,6
/data/DATASETS/ASV_Spoof_2019_LA/ASVspoof2019_LA_train/flac/LA_T_2336327.flac,6
/data/DATASETS/ASV_Spoof_2019_LA/ASVspoof2019_LA_train/flac/LA_T_5807938.flac,6
/data/DATASETS/ASV_Spoof_2019_LA/ASVspoof2019_LA_train/flac/LA_T_6171769.flac,6
/data/DATASETS/ASV_Spoof_2019_LA/ASVspoof2019_LA_train/flac/LA_T_3137558.flac,6
/data/DATASETS/ASV_Spoof_2019_LA/ASVspoof2019_LA_train/flac/LA_T_8107600.flac,6
/data/DATASETS/ASV_Spoof_2019_LA/ASVspoof2019_LA_dev/flac/LA_D_9201990.flac,6
/data/DATASETS/ASV_Spoof_2019_LA/ASVspoof2019_LA_train/flac/LA_T_4405674.flac,6
/data/DATASETS/ASV_Spoof_2019_LA/ASVspoof2019_LA_dev/flac/LA_D_9664872.flac,6
/data/DATASETS/ASV_Spoof_2019_LA/ASVspoof2019_LA_dev/flac/LA_D_9810987.flac,6
/data/DATASETS/ASV_Spoof_2019_LA/ASVspoof2019_LA_train/flac/LA_T_7816596.flac,6
/data/DATASETS/ASV_Spoof_2019_LA/ASVspoof2019_LA_dev/flac/LA_D_8801530.flac,6
/data/DATASETS/ASV_Spoof_2019_LA/ASVspoof2019_LA_dev/flac/LA_D_1013553.flac,6
/data/DATASETS/ASV_Spoof_2019_LA/ASVspoof2019_LA_dev/flac/LA_D_4564696.flac,6
/data/DATASETS/ASV_Spoof_2019_LA/ASVspoof2019_LA_train/flac/LA_T_3775999.flac,6
/data/DATASETS/ASV_Spoof_2019_LA/ASVspoof2019_LA_dev/flac/LA_D_2065981.flac,6
/data/DATASETS/ASV_Spoof_2019_LA/ASVspoof2019_LA_train/flac/LA_T_8650964.flac,6
/data/DATASETS/ASV_Spoof_2019_LA/ASVspoof2019_LA_train/flac/LA_T_5009777.flac,6
/data/DATASETS/ASV_Spoof_2019_LA/ASVspoof2019_LA_dev/flac/LA_D_4532971.flac,6
/data/DATASETS/ASV_Spoof_2019_LA/ASVspoof2019_LA_train/flac/LA_T_9626382.flac,6
/data/DATASETS/ASV_Spoof_2019_LA/ASVspoof2019_LA_dev/flac/LA_D_5685998.flac,6
/data/DATASETS/ASV_Spoof_2019_LA/ASVspoof2019_LA_dev/flac/LA_D_4756172.flac,6
/data/DATASETS/ASV_Spoof_2019_LA/ASVspoof2019_LA_train/flac/LA_T_2854359.flac,6
/data/DATASETS/ASV_Spoof_2019_LA/ASVspoof2019_LA_dev/flac/LA_D_9471872.flac,6
/data/DATASETS/ASV_Spoof_2019_LA/ASVspoof2019_LA_dev/flac/LA_D_6113648.flac,6
/data/DATASETS/ASV_Spoof_2019_LA/ASVspoof2019_LA_train/flac/LA_T_8625119.flac,6
/data/DATASETS/ASV_Spoof_2019_LA/ASVspoof2019_LA_dev/flac/LA_D_6286932.flac,6
/data/DATASETS/ASV_Spoof_2019_LA/ASVspoof2019_LA_train/flac/LA_T_7662280.flac,6
/data/DATASETS/ASV_Spoof_2019_LA/ASVspoof2019_LA_train/flac/LA_T_9705369.flac,6
/data/DATASETS/ASV_Spoof_2019_LA/ASVspoof2019_LA_train/flac/LA_T_6563228.flac,6
/data/DATASETS/ASV_Spoof_2019_LA/ASVspoof2019_LA_train/flac/LA_T_6989167.flac,6
/data/DATASETS/ASV_Spoof_2019_LA/ASVspoof2019_LA_dev/flac/LA_D_7526656.flac,6
/data/DATASETS/ASV_Spoof_2019_LA/ASVspoof2019_LA_train/flac/LA_T_9360312.flac,6
/data/DATASETS/ASV_Spoof_2019_LA/ASVspoof2019_LA_dev/flac/LA_D_1877141.flac,6
/data/DATASETS/ASV_Spoof_2019_LA/ASVspoof2019_LA_dev/flac/LA_D_9390591.flac,6
/data/DATASETS/ASV_Spoof_2019_LA/ASVspoof2019_LA_dev/flac/LA_D_3273302.flac,6
/data/DATASETS/ASV_Spoof_2019_LA/ASVspoof2019_LA_dev/flac/LA_D_3050382.flac,6
/data/DATASETS/ASV_Spoof_2019_LA/ASVspoof2019_LA_train/flac/LA_T_1888805.flac,6
/data/DATASETS/ASV_Spoof_2019_LA/ASVspoof2019_LA_dev/flac/LA_D_4116325.flac,6
/data/DATASETS/ASV_Spoof_2019_LA/ASVspoof2019_LA_train/flac/LA_T_1216579.flac,6
/data/DATASETS/ASV_Spoof_2019_LA/ASVspoof2019_LA_train/flac/LA_T_2137676.flac,6
/data/DATASETS/ASV_Spoof_2019_LA/ASVspoof2019_LA_dev/flac/LA_D_4542962.flac,6
/data/DATASETS/ASV_Spoof_2019_LA/ASVspoof2019_LA_dev/flac/LA_D_6525457.flac,6
/data/DATASETS/ASV_Spoof_2019_LA/ASVspoof2019_LA_train/flac/LA_T_6982482.flac,6
/data/DATASETS/ASV_Spoof_2019_LA/ASVspoof2019_LA_dev/flac/LA_D_5525407.flac,6
/data/DATASETS/ASV_Spoof_2019_LA/ASVspoof2019_LA_dev/flac/LA_D_9644301.flac,6
/data/DATASETS/ASV_Spoof_2019_LA/ASVspoof2019_LA_dev/flac/LA_D_5847132.flac,6
/data/DATASETS/ASV_Spoof_2019_LA/ASVspoof2019_LA_train/flac/LA_T_5160331.flac,6
/data/DATASETS/ASV_Spoof_2019_LA/ASVspoof2019_LA_dev/flac/LA_D_4951679.flac,6
/data/DATASETS/ASV_Spoof_2019_LA/ASVspoof2019_LA_train/flac/LA_T_4680437.flac,6
/data/DATASETS/ASV_Spoof_2019_LA/ASVspoof2019_LA_dev/flac/LA_D_7199038.flac,6
/data/DATASETS/ASV_Spoof_2019_LA/ASVspoof2019_LA_train/flac/LA_T_2729692.flac,6
/data/DATASETS/ASV_Spoof_2019_LA/ASVspoof2019_LA_train/flac/LA_T_2483718.flac,6
/data/DATASETS/ASV_Spoof_2019_LA/ASVspoof2019_LA_train/flac/LA_T_5272490.flac,6
/data/DATASETS/ASV_Spoof_2019_LA/ASVspoof2019_LA_train/flac/LA_T_4914312.flac,6
/data/DATASETS/ASV_Spoof_2019_LA/ASVspoof2019_LA_train/flac/LA_T_2425472.flac,6
/data/DATASETS/ASV_Spoof_2019_LA/ASVspoof2019_LA_train/flac/LA_T_4551441.flac,6
/data/DATASETS/ASV_Spoof_2019_LA/ASVspoof2019_LA_train/flac/LA_T_3637126.flac,6
/data/DATASETS/ASV_Spoof_2019_LA/ASVspoof2019_LA_train/flac/LA_T_4523272.flac,6
/data/DATASETS/ASV_Spoof_2019_LA/ASVspoof2019_LA_train/flac/LA_T_1312448.flac,6
/data/DATASETS/ASV_Spoof_2019_LA/ASVspoof2019_LA_dev/flac/LA_D_5004267.flac,6
/data/DATASETS/ASV_Spoof_2019_LA/ASVspoof2019_LA_train/flac/LA_T_4505325.flac,6
/data/DATASETS/ASV_Spoof_2019_LA/ASVspoof2019_LA_train/flac/LA_T_4050156.flac,6
/data/DATASETS/ASV_Spoof_2019_LA/ASVspoof2019_LA_train/flac/LA_T_3668054.flac,6
/data/DATASETS/ASV_Spoof_2019_LA/ASVspoof2019_LA_dev/flac/LA_D_1404673.flac,6
/data/DATASETS/ASV_Spoof_2019_LA/ASVspoof2019_LA_dev/flac/LA_D_9987623.flac,6
/data/DATASETS/ASV_Spoof_2019_LA/ASVspoof2019_LA_train/flac/LA_T_4190244.flac,6
/data/DATASETS/ASV_Spoof_2019_LA/ASVspoof2019_LA_train/flac/LA_T_9296345.flac,6
/data/DATASETS/ASV_Spoof_2019_LA/ASVspoof2019_LA_dev/flac/LA_D_9934410.flac,6
/data/DATASETS/ASV_Spoof_2019_LA/ASVspoof2019_LA_dev/flac/LA_D_5013283.flac,6
/data/DATASETS/ASV_Spoof_2019_LA/ASVspoof2019_LA_dev/flac/LA_D_5755154.flac,6
/data/DATASETS/ASV_Spoof_2019_LA/ASVspoof2019_LA_dev/flac/LA_D_8712827.flac,6
/data/DATASETS/ASV_Spoof_2019_LA/ASVspoof2019_LA_dev/flac/LA_D_7722898.flac,6
/data/DATASETS/ASV_Spoof_2019_LA/ASVspoof2019_LA_train/flac/LA_T_4175337.flac,6
/data/DATASETS/ASV_Spoof_2019_LA/ASVspoof2019_LA_train/flac/LA_T_4279662.flac,6
/data/DATASETS/ASV_Spoof_2019_LA/ASVspoof2019_LA_train/flac/LA_T_3476616.flac,6
/data/DATASETS/ASV_Spoof_2019_LA/ASVspoof2019_LA_dev/flac/LA_D_4283190.flac,6
/data/DATASETS/ASV_Spoof_2019_LA/ASVspoof2019_LA_train/flac/LA_T_6294190.flac,6
/data/DATASETS/ASV_Spoof_2019_LA/ASVspoof2019_LA_train/flac/LA_T_8895378.flac,6
/data/DATASETS/ASV_Spoof_2019_LA/ASVspoof2019_LA_train/flac/LA_T_4895261.flac,6
/data/DATASETS/ASV_Spoof_2019_LA/ASVspoof2019_LA_dev/flac/LA_D_1726757.flac,6
/data/DATASETS/ASV_Spoof_2019_LA/ASVspoof2019_LA_dev/flac/LA_D_4468213.flac,6
/data/DATASETS/ASV_Spoof_2019_LA/ASVspoof2019_LA_train/flac/LA_T_7467667.flac,6
/data/DATASETS/ASV_Spoof_2019_LA/ASVspoof2019_LA_train/flac/LA_T_8559064.flac,6
/data/DATASETS/ASV_Spoof_2019_LA/ASVspoof2019_LA_train/flac/LA_T_4130244.flac,6
/data/DATASETS/ASV_Spoof_2019_LA/ASVspoof2019_LA_dev/flac/LA_D_4646382.flac,6
/data/DATASETS/ASV_Spoof_2019_LA/ASVspoof2019_LA_train/flac/LA_T_2112428.flac,6
/data/DATASETS/ASV_Spoof_2019_LA/ASVspoof2019_LA_train/flac/LA_T_8877389.flac,6
/data/DATASETS/ASV_Spoof_2019_LA/ASVspoof2019_LA_train/flac/LA_T_5939448.flac,6
/data/DATASETS/ASV_Spoof_2019_LA/ASVspoof2019_LA_dev/flac/LA_D_9645639.flac,6
/data/DATASETS/ASV_Spoof_2019_LA/ASVspoof2019_LA_train/flac/LA_T_3410399.flac,6
/data/DATASETS/ASV_Spoof_2019_LA/ASVspoof2019_LA_dev/flac/LA_D_9876246.flac,6
/data/DATASETS/ASV_Spoof_2019_LA/ASVspoof2019_LA_dev/flac/LA_D_3257829.flac,6
/data/DATASETS/ASV_Spoof_2019_LA/ASVspoof2019_LA_dev/flac/LA_D_1672173.flac,6
/data/DATASETS/ASV_Spoof_2019_LA/ASVspoof2019_LA_dev/flac/LA_D_9847163.flac,6
/data/DATASETS/ASV_Spoof_2019_LA/ASVspoof2019_LA_train/flac/LA_T_4596799.flac,6
/data/DATASETS/ASV_Spoof_2019_LA/ASVspoof2019_LA_dev/flac/LA_D_9889279.flac,6
/data/DATASETS/ASV_Spoof_2019_LA/ASVspoof2019_LA_dev/flac/LA_D_5604871.flac,6
/data/DATASETS/ASV_Spoof_2019_LA/ASVspoof2019_LA_dev/flac/LA_D_1561911.flac,6
/data/DATASETS/ASV_Spoof_2019_LA/ASVspoof2019_LA_train/flac/LA_T_5648524.flac,6
/data/DATASETS/ASV_Spoof_2019_LA/ASVspoof2019_LA_dev/flac/LA_D_8988861.flac,6
/data/DATASETS/ASV_Spoof_2019_LA/ASVspoof2019_LA_train/flac/LA_T_5442480.flac,6
/data/DATASETS/ASV_Spoof_2019_LA/ASVspoof2019_LA_dev/flac/LA_D_8511318.flac,6
/data/DATASETS/ASV_Spoof_2019_LA/ASVspoof2019_LA_train/flac/LA_T_8916433.flac,6
/data/DATASETS/ASV_Spoof_2019_LA/ASVspoof2019_LA_dev/flac/LA_D_8772841.flac,6
/data/DATASETS/ASV_Spoof_2019_LA/ASVspoof2019_LA_train/flac/LA_T_8335383.flac,6
/data/DATASETS/ASV_Spoof_2019_LA/ASVspoof2019_LA_dev/flac/LA_D_4929765.flac,6
/data/DATASETS/ASV_Spoof_2019_LA/ASVspoof2019_LA_train/flac/LA_T_2243187.flac,6
/data/DATASETS/ASV_Spoof_2019_LA/ASVspoof2019_LA_dev/flac/LA_D_3369365.flac,6
/data/DATASETS/ASV_Spoof_2019_LA/ASVspoof2019_LA_dev/flac/LA_D_8825208.flac,6
/data/DATASETS/ASV_Spoof_2019_LA/ASVspoof2019_LA_dev/flac/LA_D_6858597.flac,6
/data/DATASETS/ASV_Spoof_2019_LA/ASVspoof2019_LA_dev/flac/LA_D_8362390.flac,6
/data/DATASETS/ASV_Spoof_2019_LA/ASVspoof2019_LA_train/flac/LA_T_7716192.flac,6
/data/DATASETS/ASV_Spoof_2019_LA/ASVspoof2019_LA_dev/flac/LA_D_8561006.flac,6
/data/DATASETS/ASV_Spoof_2019_LA/ASVspoof2019_LA_train/flac/LA_T_1564648.flac,6
/data/DATASETS/ASV_Spoof_2019_LA/ASVspoof2019_LA_dev/flac/LA_D_9804171.flac,6
/data/DATASETS/ASV_Spoof_2019_LA/ASVspoof2019_LA_train/flac/LA_T_6104355.flac,6
/data/DATASETS/ASV_Spoof_2019_LA/ASVspoof2019_LA_train/flac/LA_T_7000892.flac,6
/data/DATASETS/ASV_Spoof_2019_LA/ASVspoof2019_LA_train/flac/LA_T_2922788.flac,6
/data/DATASETS/ASV_Spoof_2019_LA/ASVspoof2019_LA_train/flac/LA_T_4344913.flac,6
/data/DATASETS/ASV_Spoof_2019_LA/ASVspoof2019_LA_dev/flac/LA_D_1686618.flac,6
/data/DATASETS/ASV_Spoof_2019_LA/ASVspoof2019_LA_dev/flac/LA_D_7756409.flac,6
/data/DATASETS/ASV_Spoof_2019_LA/ASVspoof2019_LA_train/flac/LA_T_4528153.flac,6
/data/DATASETS/ASV_Spoof_2019_LA/ASVspoof2019_LA_train/flac/LA_T_7863760.flac,6
/data/DATASETS/ASV_Spoof_2019_LA/ASVspoof2019_LA_dev/flac/LA_D_2383252.flac,6
/data/DATASETS/ASV_Spoof_2019_LA/ASVspoof2019_LA_dev/flac/LA_D_6885418.flac,6
/data/DATASETS/ASV_Spoof_2019_LA/ASVspoof2019_LA_dev/flac/LA_D_8865823.flac,6
/data/DATASETS/ASV_Spoof_2019_LA/ASVspoof2019_LA_train/flac/LA_T_2291031.flac,6
/data/DATASETS/ASV_Spoof_2019_LA/ASVspoof2019_LA_train/flac/LA_T_4656333.flac,6
/data/DATASETS/ASV_Spoof_2019_LA/ASVspoof2019_LA_dev/flac/LA_D_1330876.flac,6
/data/DATASETS/ASV_Spoof_2019_LA/ASVspoof2019_LA_dev/flac/LA_D_9051053.flac,6
/data/DATASETS/ASV_Spoof_2019_LA/ASVspoof2019_LA_train/flac/LA_T_4172772.flac,6
/data/DATASETS/ASV_Spoof_2019_LA/ASVspoof2019_LA_train/flac/LA_T_2292592.flac,6
/data/DATASETS/ASV_Spoof_2019_LA/ASVspoof2019_LA_train/flac/LA_T_1807829.flac,6
/data/DATASETS/ASV_Spoof_2019_LA/ASVspoof2019_LA_dev/flac/LA_D_7319011.flac,6
/data/DATASETS/ASV_Spoof_2019_LA/ASVspoof2019_LA_dev/flac/LA_D_6157568.flac,6
/data/DATASETS/ASV_Spoof_2019_LA/ASVspoof2019_LA_dev/flac/LA_D_6060308.flac,6
/data/DATASETS/ASV_Spoof_2019_LA/ASVspoof2019_LA_dev/flac/LA_D_7281481.flac,6
/data/DATASETS/ASV_Spoof_2019_LA/ASVspoof2019_LA_dev/flac/LA_D_7931400.flac,6
/data/DATASETS/ASV_Spoof_2019_LA/ASVspoof2019_LA_train/flac/LA_T_2142852.flac,6
/data/DATASETS/ASV_Spoof_2019_LA/ASVspoof2019_LA_dev/flac/LA_D_4631627.flac,6
/data/DATASETS/ASV_Spoof_2019_LA/ASVspoof2019_LA_train/flac/LA_T_7944862.flac,6
/data/DATASETS/ASV_Spoof_2019_LA/ASVspoof2019_LA_dev/flac/LA_D_6306347.flac,6
/data/DATASETS/ASV_Spoof_2019_LA/ASVspoof2019_LA_dev/flac/LA_D_2604413.flac,6
/data/DATASETS/ASV_Spoof_2019_LA/ASVspoof2019_LA_train/flac/LA_T_2348706.flac,6
/data/DATASETS/ASV_Spoof_2019_LA/ASVspoof2019_LA_train/flac/LA_T_7934188.flac,6
/data/DATASETS/ASV_Spoof_2019_LA/ASVspoof2019_LA_train/flac/LA_T_5585591.flac,6
/data/DATASETS/ASV_Spoof_2019_LA/ASVspoof2019_LA_train/flac/LA_T_5231980.flac,6
/data/DATASETS/ASV_Spoof_2019_LA/ASVspoof2019_LA_train/flac/LA_T_8997851.flac,6
/data/DATASETS/ASV_Spoof_2019_LA/ASVspoof2019_LA_dev/flac/LA_D_4239904.flac,6
/data/DATASETS/ASV_Spoof_2019_LA/ASVspoof2019_LA_train/flac/LA_T_3702058.flac,6
/data/DATASETS/ASV_Spoof_2019_LA/ASVspoof2019_LA_train/flac/LA_T_1343325.flac,6
/data/DATASETS/ASV_Spoof_2019_LA/ASVspoof2019_LA_train/flac/LA_T_5943648.flac,6
/data/DATASETS/ASV_Spoof_2019_LA/ASVspoof2019_LA_train/flac/LA_T_2463845.flac,6
/data/DATASETS/ASV_Spoof_2019_LA/ASVspoof2019_LA_dev/flac/LA_D_4381840.flac,6
/data/DATASETS/ASV_Spoof_2019_LA/ASVspoof2019_LA_dev/flac/LA_D_4859889.flac,6
/data/DATASETS/ASV_Spoof_2019_LA/ASVspoof2019_LA_dev/flac/LA_D_5844214.flac,6
/data/DATASETS/ASV_Spoof_2019_LA/ASVspoof2019_LA_dev/flac/LA_D_3104504.flac,6
/data/DATASETS/ASV_Spoof_2019_LA/ASVspoof2019_LA_dev/flac/LA_D_2085012.flac,6
/data/DATASETS/ASV_Spoof_2019_LA/ASVspoof2019_LA_dev/flac/LA_D_9344368.flac,6
/data/DATASETS/ASV_Spoof_2019_LA/ASVspoof2019_LA_train/flac/LA_T_9334453.flac,6
/data/DATASETS/ASV_Spoof_2019_LA/ASVspoof2019_LA_dev/flac/LA_D_3964644.flac,6
/data/DATASETS/ASV_Spoof_2019_LA/ASVspoof2019_LA_train/flac/LA_T_3522092.flac,6
/data/DATASETS/ASV_Spoof_2019_LA/ASVspoof2019_LA_train/flac/LA_T_1946706.flac,6
/data/DATASETS/ASV_Spoof_2019_LA/ASVspoof2019_LA_dev/flac/LA_D_3774026.flac,6
/data/DATASETS/ASV_Spoof_2019_LA/ASVspoof2019_LA_dev/flac/LA_D_6992546.flac,6
/data/DATASETS/ASV_Spoof_2019_LA/ASVspoof2019_LA_train/flac/LA_T_9076178.flac,6
/data/DATASETS/ASV_Spoof_2019_LA/ASVspoof2019_LA_train/flac/LA_T_1057046.flac,6
/data/DATASETS/ASV_Spoof_2019_LA/ASVspoof2019_LA_train/flac/LA_T_3096348.flac,6
/data/DATASETS/ASV_Spoof_2019_LA/ASVspoof2019_LA_dev/flac/LA_D_5934552.flac,6
/data/DATASETS/ASV_Spoof_2019_LA/ASVspoof2019_LA_train/flac/LA_T_7107753.flac,6
/data/DATASETS/ASV_Spoof_2019_LA/ASVspoof2019_LA_train/flac/LA_T_1221373.flac,6
/data/DATASETS/ASV_Spoof_2019_LA/ASVspoof2019_LA_train/flac/LA_T_1748910.flac,6
/data/DATASETS/ASV_Spoof_2019_LA/ASVspoof2019_LA_train/flac/LA_T_2535882.flac,6
/data/DATASETS/ASV_Spoof_2019_LA/ASVspoof2019_LA_dev/flac/LA_D_6807474.flac,6
/data/DATASETS/ASV_Spoof_2019_LA/ASVspoof2019_LA_train/flac/LA_T_3040459.flac,6
/data/DATASETS/ASV_Spoof_2019_LA/ASVspoof2019_LA_dev/flac/LA_D_2468278.flac,6
/data/DATASETS/ASV_Spoof_2019_LA/ASVspoof2019_LA_train/flac/LA_T_4299599.flac,6
/data/DATASETS/ASV_Spoof_2019_LA/ASVspoof2019_LA_train/flac/LA_T_3737284.flac,6
/data/DATASETS/ASV_Spoof_2019_LA/ASVspoof2019_LA_train/flac/LA_T_7660756.flac,6
/data/DATASETS/ASV_Spoof_2019_LA/ASVspoof2019_LA_dev/flac/LA_D_7428181.flac,6
/data/DATASETS/ASV_Spoof_2019_LA/ASVspoof2019_LA_train/flac/LA_T_8681550.flac,6
/data/DATASETS/ASV_Spoof_2019_LA/ASVspoof2019_LA_dev/flac/LA_D_5178398.flac,6
/data/DATASETS/ASV_Spoof_2019_LA/ASVspoof2019_LA_dev/flac/LA_D_7354898.flac,6
/data/DATASETS/ASV_Spoof_2019_LA/ASVspoof2019_LA_train/flac/LA_T_6512132.flac,6
/data/DATASETS/ASV_Spoof_2019_LA/ASVspoof2019_LA_train/flac/LA_T_6457753.flac,6
/data/DATASETS/ASV_Spoof_2019_LA/ASVspoof2019_LA_dev/flac/LA_D_3118975.flac,6
/data/DATASETS/ASV_Spoof_2019_LA/ASVspoof2019_LA_train/flac/LA_T_5619171.flac,6
/data/DATASETS/ASV_Spoof_2019_LA/ASVspoof2019_LA_train/flac/LA_T_9233171.flac,6
/data/DATASETS/ASV_Spoof_2019_LA/ASVspoof2019_LA_train/flac/LA_T_9135758.flac,6
/data/DATASETS/ASV_Spoof_2019_LA/ASVspoof2019_LA_dev/flac/LA_D_6005525.flac,6
/data/DATASETS/ASV_Spoof_2019_LA/ASVspoof2019_LA_train/flac/LA_T_9477262.flac,6
/data/DATASETS/ASV_Spoof_2019_LA/ASVspoof2019_LA_train/flac/LA_T_1646337.flac,6
/data/DATASETS/ASV_Spoof_2019_LA/ASVspoof2019_LA_train/flac/LA_T_8369586.flac,6
/data/DATASETS/ASV_Spoof_2019_LA/ASVspoof2019_LA_train/flac/LA_T_8366402.flac,6
/data/DATASETS/ASV_Spoof_2019_LA/ASVspoof2019_LA_dev/flac/LA_D_1012227.flac,6
/data/DATASETS/ASV_Spoof_2019_LA/ASVspoof2019_LA_train/flac/LA_T_5939622.flac,6
/data/DATASETS/ASV_Spoof_2019_LA/ASVspoof2019_LA_dev/flac/LA_D_4722011.flac,6
/data/DATASETS/ASV_Spoof_2019_LA/ASVspoof2019_LA_train/flac/LA_T_9879408.flac,6
/data/DATASETS/ASV_Spoof_2019_LA/ASVspoof2019_LA_dev/flac/LA_D_8424084.flac,6
/data/DATASETS/ASV_Spoof_2019_LA/ASVspoof2019_LA_dev/flac/LA_D_8944425.flac,6
/data/DATASETS/ASV_Spoof_2019_LA/ASVspoof2019_LA_train/flac/LA_T_8027950.flac,6
/data/DATASETS/ASV_Spoof_2019_LA/ASVspoof2019_LA_dev/flac/LA_D_1358996.flac,6
/data/DATASETS/ASV_Spoof_2019_LA/ASVspoof2019_LA_dev/flac/LA_D_1557794.flac,6
/data/DATASETS/ASV_Spoof_2019_LA/ASVspoof2019_LA_dev/flac/LA_D_8346311.flac,6
/data/DATASETS/ASV_Spoof_2019_LA/ASVspoof2019_LA_dev/flac/LA_D_1795010.flac,6
/data/DATASETS/ASV_Spoof_2019_LA/ASVspoof2019_LA_train/flac/LA_T_7466972.flac,6
/data/DATASETS/ASV_Spoof_2019_LA/ASVspoof2019_LA_dev/flac/LA_D_9775299.flac,6
/data/DATASETS/ASV_Spoof_2019_LA/ASVspoof2019_LA_train/flac/LA_T_2007963.flac,6
/data/DATASETS/ASV_Spoof_2019_LA/ASVspoof2019_LA_train/flac/LA_T_5068785.flac,6
/data/DATASETS/ASV_Spoof_2019_LA/ASVspoof2019_LA_dev/flac/LA_D_1081764.flac,6
/data/DATASETS/ASV_Spoof_2019_LA/ASVspoof2019_LA_train/flac/LA_T_1457922.flac,6
/data/DATASETS/ASV_Spoof_2019_LA/ASVspoof2019_LA_dev/flac/LA_D_7310490.flac,6
/data/DATASETS/ASV_Spoof_2019_LA/ASVspoof2019_LA_dev/flac/LA_D_2109006.flac,6
/data/DATASETS/ASV_Spoof_2019_LA/ASVspoof2019_LA_dev/flac/LA_D_4059408.flac,6
/data/DATASETS/ASV_Spoof_2019_LA/ASVspoof2019_LA_dev/flac/LA_D_4095002.flac,6
/data/DATASETS/ASV_Spoof_2019_LA/ASVspoof2019_LA_dev/flac/LA_D_7325649.flac,6
/data/DATASETS/ASV_Spoof_2019_LA/ASVspoof2019_LA_train/flac/LA_T_9841731.flac,6
/data/DATASETS/ASV_Spoof_2019_LA/ASVspoof2019_LA_dev/flac/LA_D_7031168.flac,6
/data/DATASETS/ASV_Spoof_2019_LA/ASVspoof2019_LA_train/flac/LA_T_6057098.flac,6
/data/DATASETS/ASV_Spoof_2019_LA/ASVspoof2019_LA_dev/flac/LA_D_7191939.flac,6
/data/DATASETS/ASV_Spoof_2019_LA/ASVspoof2019_LA_dev/flac/LA_D_7306537.flac,6
/data/DATASETS/ASV_Spoof_2019_LA/ASVspoof2019_LA_dev/flac/LA_D_8078840.flac,6
/data/DATASETS/ASV_Spoof_2019_LA/ASVspoof2019_LA_train/flac/LA_T_7722016.flac,6
/data/DATASETS/ASV_Spoof_2019_LA/ASVspoof2019_LA_train/flac/LA_T_7761055.flac,6
/data/DATASETS/ASV_Spoof_2019_LA/ASVspoof2019_LA_train/flac/LA_T_7001818.flac,6
/data/DATASETS/ASV_Spoof_2019_LA/ASVspoof2019_LA_dev/flac/LA_D_1562924.flac,6
/data/DATASETS/ASV_Spoof_2019_LA/ASVspoof2019_LA_train/flac/LA_T_1563690.flac,6
/data/DATASETS/ASV_Spoof_2019_LA/ASVspoof2019_LA_dev/flac/LA_D_6179348.flac,6
/data/DATASETS/ASV_Spoof_2019_LA/ASVspoof2019_LA_train/flac/LA_T_6073174.flac,6
/data/DATASETS/ASV_Spoof_2019_LA/ASVspoof2019_LA_train/flac/LA_T_6514299.flac,6
/data/DATASETS/ASV_Spoof_2019_LA/ASVspoof2019_LA_dev/flac/LA_D_8425128.flac,6
/data/DATASETS/ASV_Spoof_2019_LA/ASVspoof2019_LA_dev/flac/LA_D_4529749.flac,6
/data/DATASETS/ASV_Spoof_2019_LA/ASVspoof2019_LA_dev/flac/LA_D_5828342.flac,6
/data/DATASETS/ASV_Spoof_2019_LA/ASVspoof2019_LA_dev/flac/LA_D_9686807.flac,6
/data/DATASETS/ASV_Spoof_2019_LA/ASVspoof2019_LA_train/flac/LA_T_8218160.flac,6
/data/DATASETS/ASV_Spoof_2019_LA/ASVspoof2019_LA_dev/flac/LA_D_6214749.flac,6
/data/DATASETS/ASV_Spoof_2019_LA/ASVspoof2019_LA_dev/flac/LA_D_8688469.flac,6
/data/DATASETS/ASV_Spoof_2019_LA/ASVspoof2019_LA_dev/flac/LA_D_3242114.flac,6
/data/DATASETS/ASV_Spoof_2019_LA/ASVspoof2019_LA_dev/flac/LA_D_7978139.flac,6
/data/DATASETS/ASV_Spoof_2019_LA/ASVspoof2019_LA_train/flac/LA_T_5465120.flac,6
/data/DATASETS/ASV_Spoof_2019_LA/ASVspoof2019_LA_dev/flac/LA_D_6456051.flac,6
/data/DATASETS/ASV_Spoof_2019_LA/ASVspoof2019_LA_train/flac/LA_T_9990454.flac,6
/data/DATASETS/ASV_Spoof_2019_LA/ASVspoof2019_LA_train/flac/LA_T_7040519.flac,6
/data/DATASETS/ASV_Spoof_2019_LA/ASVspoof2019_LA_train/flac/LA_T_9011641.flac,6
/data/DATASETS/ASV_Spoof_2019_LA/ASVspoof2019_LA_train/flac/LA_T_8095615.flac,6
/data/DATASETS/ASV_Spoof_2019_LA/ASVspoof2019_LA_dev/flac/LA_D_7209731.flac,6
/data/DATASETS/ASV_Spoof_2019_LA/ASVspoof2019_LA_train/flac/LA_T_4187934.flac,6
/data/DATASETS/ASV_Spoof_2019_LA/ASVspoof2019_LA_train/flac/LA_T_6125467.flac,6
/data/DATASETS/ASV_Spoof_2019_LA/ASVspoof2019_LA_dev/flac/LA_D_3579076.flac,6
/data/DATASETS/ASV_Spoof_2019_LA/ASVspoof2019_LA_dev/flac/LA_D_5490947.flac,6
/data/DATASETS/ASV_Spoof_2019_LA/ASVspoof2019_LA_train/flac/LA_T_9933076.flac,6
/data/DATASETS/ASV_Spoof_2019_LA/ASVspoof2019_LA_dev/flac/LA_D_3195614.flac,6
/data/DATASETS/ASV_Spoof_2019_LA/ASVspoof2019_LA_train/flac/LA_T_5642639.flac,6
/data/DATASETS/ASV_Spoof_2019_LA/ASVspoof2019_LA_train/flac/LA_T_5545342.flac,6
/data/DATASETS/ASV_Spoof_2019_LA/ASVspoof2019_LA_dev/flac/LA_D_9768291.flac,6
/data/DATASETS/ASV_Spoof_2019_LA/ASVspoof2019_LA_dev/flac/LA_D_5841591.flac,6
/data/DATASETS/ASV_Spoof_2019_LA/ASVspoof2019_LA_dev/flac/LA_D_9116569.flac,6
/data/DATASETS/ASV_Spoof_2019_LA/ASVspoof2019_LA_dev/flac/LA_D_6777944.flac,6
/data/DATASETS/ASV_Spoof_2019_LA/ASVspoof2019_LA_train/flac/LA_T_5715817.flac,6
/data/DATASETS/ASV_Spoof_2019_LA/ASVspoof2019_LA_dev/flac/LA_D_1723287.flac,6
/data/DATASETS/ASV_Spoof_2019_LA/ASVspoof2019_LA_train/flac/LA_T_1299318.flac,6
/data/DATASETS/ASV_Spoof_2019_LA/ASVspoof2019_LA_train/flac/LA_T_2969358.flac,6
/data/DATASETS/ASV_Spoof_2019_LA/ASVspoof2019_LA_dev/flac/LA_D_8373522.flac,6
/data/DATASETS/ASV_Spoof_2019_LA/ASVspoof2019_LA_dev/flac/LA_D_1598405.flac,6
/data/DATASETS/ASV_Spoof_2019_LA/ASVspoof2019_LA_dev/flac/LA_D_5400630.flac,6
/data/DATASETS/ASV_Spoof_2019_LA/ASVspoof2019_LA_dev/flac/LA_D_4528435.flac,6
/data/DATASETS/ASV_Spoof_2019_LA/ASVspoof2019_LA_dev/flac/LA_D_4150517.flac,6
/data/DATASETS/ASV_Spoof_2019_LA/ASVspoof2019_LA_train/flac/LA_T_5639397.flac,6
/data/DATASETS/ASV_Spoof_2019_LA/ASVspoof2019_LA_train/flac/LA_T_1064797.flac,6
/data/DATASETS/ASV_Spoof_2019_LA/ASVspoof2019_LA_dev/flac/LA_D_1546363.flac,6
/data/DATASETS/ASV_Spoof_2019_LA/ASVspoof2019_LA_dev/flac/LA_D_5474545.flac,6
/data/DATASETS/ASV_Spoof_2019_LA/ASVspoof2019_LA_dev/flac/LA_D_5270228.flac,6
/data/DATASETS/ASV_Spoof_2019_LA/ASVspoof2019_LA_train/flac/LA_T_6535714.flac,6
/data/DATASETS/ASV_Spoof_2019_LA/ASVspoof2019_LA_train/flac/LA_T_3407067.flac,6
/data/DATASETS/ASV_Spoof_2019_LA/ASVspoof2019_LA_dev/flac/LA_D_8932992.flac,6
/data/DATASETS/ASV_Spoof_2019_LA/ASVspoof2019_LA_train/flac/LA_T_3998923.flac,6
/data/DATASETS/ASV_Spoof_2019_LA/ASVspoof2019_LA_dev/flac/LA_D_9596577.flac,6
/data/DATASETS/ASV_Spoof_2019_LA/ASVspoof2019_LA_dev/flac/LA_D_2741013.flac,6
/data/DATASETS/ASV_Spoof_2019_LA/ASVspoof2019_LA_dev/flac/LA_D_4320045.flac,6
/data/DATASETS/ASV_Spoof_2019_LA/ASVspoof2019_LA_dev/flac/LA_D_2435960.flac,6
/data/DATASETS/ASV_Spoof_2019_LA/ASVspoof2019_LA_dev/flac/LA_D_4176167.flac,6
/data/DATASETS/ASV_Spoof_2019_LA/ASVspoof2019_LA_train/flac/LA_T_1584880.flac,6
/data/DATASETS/ASV_Spoof_2019_LA/ASVspoof2019_LA_dev/flac/LA_D_3197490.flac,6
/data/DATASETS/ASV_Spoof_2019_LA/ASVspoof2019_LA_train/flac/LA_T_4095071.flac,6
/data/DATASETS/ASV_Spoof_2019_LA/ASVspoof2019_LA_train/flac/LA_T_3448271.flac,6
/data/DATASETS/ASV_Spoof_2019_LA/ASVspoof2019_LA_dev/flac/LA_D_6052360.flac,6
/data/DATASETS/ASV_Spoof_2019_LA/ASVspoof2019_LA_dev/flac/LA_D_4755303.flac,6
/data/DATASETS/ASV_Spoof_2019_LA/ASVspoof2019_LA_dev/flac/LA_D_9455587.flac,6
/data/DATASETS/ASV_Spoof_2019_LA/ASVspoof2019_LA_dev/flac/LA_D_7895951.flac,6
/data/DATASETS/ASV_Spoof_2019_LA/ASVspoof2019_LA_train/flac/LA_T_9456380.flac,6
/data/DATASETS/ASV_Spoof_2019_LA/ASVspoof2019_LA_train/flac/LA_T_4978465.flac,6
/data/DATASETS/ASV_Spoof_2019_LA/ASVspoof2019_LA_train/flac/LA_T_4927390.flac,6
/data/DATASETS/ASV_Spoof_2019_LA/ASVspoof2019_LA_train/flac/LA_T_3168661.flac,6
/data/DATASETS/ASV_Spoof_2019_LA/ASVspoof2019_LA_train/flac/LA_T_6870438.flac,6
/data/DATASETS/ASV_Spoof_2019_LA/ASVspoof2019_LA_train/flac/LA_T_1531456.flac,6
/data/DATASETS/ASV_Spoof_2019_LA/ASVspoof2019_LA_dev/flac/LA_D_9421514.flac,6
/data/DATASETS/ASV_Spoof_2019_LA/ASVspoof2019_LA_dev/flac/LA_D_1218439.flac,6
/data/DATASETS/ASV_Spoof_2019_LA/ASVspoof2019_LA_train/flac/LA_T_6518315.flac,6
/data/DATASETS/ASV_Spoof_2019_LA/ASVspoof2019_LA_dev/flac/LA_D_7110756.flac,6
/data/DATASETS/ASV_Spoof_2019_LA/ASVspoof2019_LA_dev/flac/LA_D_8367907.flac,6
/data/DATASETS/ASV_Spoof_2019_LA/ASVspoof2019_LA_train/flac/LA_T_6202983.flac,6
/data/DATASETS/ASV_Spoof_2019_LA/ASVspoof2019_LA_train/flac/LA_T_8520864.flac,6
/data/DATASETS/ASV_Spoof_2019_LA/ASVspoof2019_LA_train/flac/LA_T_6152543.flac,6
/data/DATASETS/ASV_Spoof_2019_LA/ASVspoof2019_LA_dev/flac/LA_D_4455802.flac,6
/data/DATASETS/ASV_Spoof_2019_LA/ASVspoof2019_LA_train/flac/LA_T_7696831.flac,6
/data/DATASETS/ASV_Spoof_2019_LA/ASVspoof2019_LA_dev/flac/LA_D_3663883.flac,6
/data/DATASETS/ASV_Spoof_2019_LA/ASVspoof2019_LA_dev/flac/LA_D_6684696.flac,6
/data/DATASETS/ASV_Spoof_2019_LA/ASVspoof2019_LA_train/flac/LA_T_3209368.flac,6
/data/DATASETS/ASV_Spoof_2019_LA/ASVspoof2019_LA_train/flac/LA_T_1067825.flac,6
/data/DATASETS/ASV_Spoof_2019_LA/ASVspoof2019_LA_train/flac/LA_T_5118111.flac,6
/data/DATASETS/ASV_Spoof_2019_LA/ASVspoof2019_LA_train/flac/LA_T_2213301.flac,6
/data/DATASETS/ASV_Spoof_2019_LA/ASVspoof2019_LA_train/flac/LA_T_5939365.flac,6
/data/DATASETS/ASV_Spoof_2019_LA/ASVspoof2019_LA_train/flac/LA_T_5560960.flac,6
/data/DATASETS/ASV_Spoof_2019_LA/ASVspoof2019_LA_train/flac/LA_T_3914663.flac,6
/data/DATASETS/ASV_Spoof_2019_LA/ASVspoof2019_LA_dev/flac/LA_D_3850321.flac,6
/data/DATASETS/ASV_Spoof_2019_LA/ASVspoof2019_LA_dev/flac/LA_D_3184034.flac,6
/data/DATASETS/ASV_Spoof_2019_LA/ASVspoof2019_LA_dev/flac/LA_D_7545322.flac,6
/data/DATASETS/ASV_Spoof_2019_LA/ASVspoof2019_LA_train/flac/LA_T_7800858.flac,6
/data/DATASETS/ASV_Spoof_2019_LA/ASVspoof2019_LA_train/flac/LA_T_1998626.flac,6
/data/DATASETS/ASV_Spoof_2019_LA/ASVspoof2019_LA_train/flac/LA_T_3379694.flac,6
/data/DATASETS/ASV_Spoof_2019_LA/ASVspoof2019_LA_train/flac/LA_T_8216504.flac,6
/data/DATASETS/ASV_Spoof_2019_LA/ASVspoof2019_LA_train/flac/LA_T_7528855.flac,6
/data/DATASETS/ASV_Spoof_2019_LA/ASVspoof2019_LA_train/flac/LA_T_8137250.flac,6
/data/DATASETS/ASV_Spoof_2019_LA/ASVspoof2019_LA_train/flac/LA_T_9914466.flac,6
/data/DATASETS/ASV_Spoof_2019_LA/ASVspoof2019_LA_dev/flac/LA_D_1291101.flac,6
/data/DATASETS/ASV_Spoof_2019_LA/ASVspoof2019_LA_dev/flac/LA_D_5491412.flac,6
/data/DATASETS/ASV_Spoof_2019_LA/ASVspoof2019_LA_train/flac/LA_T_2447290.flac,6
/data/DATASETS/ASV_Spoof_2019_LA/ASVspoof2019_LA_dev/flac/LA_D_9007860.flac,6
/data/DATASETS/ASV_Spoof_2019_LA/ASVspoof2019_LA_dev/flac/LA_D_6253161.flac,6
/data/DATASETS/ASV_Spoof_2019_LA/ASVspoof2019_LA_train/flac/LA_T_5018986.flac,6
/data/DATASETS/ASV_Spoof_2019_LA/ASVspoof2019_LA_train/flac/LA_T_2766717.flac,6
/data/DATASETS/ASV_Spoof_2019_LA/ASVspoof2019_LA_train/flac/LA_T_4595239.flac,6
/data/DATASETS/ASV_Spoof_2019_LA/ASVspoof2019_LA_dev/flac/LA_D_8817485.flac,6
/data/DATASETS/ASV_Spoof_2019_LA/ASVspoof2019_LA_dev/flac/LA_D_7177498.flac,6
/data/DATASETS/ASV_Spoof_2019_LA/ASVspoof2019_LA_train/flac/LA_T_8451962.flac,6
/data/DATASETS/ASV_Spoof_2019_LA/ASVspoof2019_LA_dev/flac/LA_D_3248074.flac,6
/data/DATASETS/ASV_Spoof_2019_LA/ASVspoof2019_LA_dev/flac/LA_D_7043780.flac,6
/data/DATASETS/ASV_Spoof_2019_LA/ASVspoof2019_LA_dev/flac/LA_D_3372760.flac,6
/data/DATASETS/ASV_Spoof_2019_LA/ASVspoof2019_LA_dev/flac/LA_D_5856971.flac,6
/data/DATASETS/ASV_Spoof_2019_LA/ASVspoof2019_LA_train/flac/LA_T_7362219.flac,6
/data/DATASETS/ASV_Spoof_2019_LA/ASVspoof2019_LA_dev/flac/LA_D_1260733.flac,6
/data/DATASETS/ASV_Spoof_2019_LA/ASVspoof2019_LA_dev/flac/LA_D_2575136.flac,6
/data/DATASETS/ASV_Spoof_2019_LA/ASVspoof2019_LA_dev/flac/LA_D_1085765.flac,6
/data/DATASETS/ASV_Spoof_2019_LA/ASVspoof2019_LA_dev/flac/LA_D_2873319.flac,6
/data/DATASETS/ASV_Spoof_2019_LA/ASVspoof2019_LA_train/flac/LA_T_7665257.flac,6
/data/DATASETS/ASV_Spoof_2019_LA/ASVspoof2019_LA_train/flac/LA_T_1299858.flac,6
/data/DATASETS/ASV_Spoof_2019_LA/ASVspoof2019_LA_dev/flac/LA_D_7526416.flac,6
/data/DATASETS/ASV_Spoof_2019_LA/ASVspoof2019_LA_dev/flac/LA_D_2427445.flac,6
/data/DATASETS/ASV_Spoof_2019_LA/ASVspoof2019_LA_dev/flac/LA_D_2042770.flac,6
/data/DATASETS/ASV_Spoof_2019_LA/ASVspoof2019_LA_train/flac/LA_T_3896254.flac,6
/data/DATASETS/ASV_Spoof_2019_LA/ASVspoof2019_LA_train/flac/LA_T_7093002.flac,6
/data/DATASETS/ASV_Spoof_2019_LA/ASVspoof2019_LA_train/flac/LA_T_1136677.flac,6
/data/DATASETS/ASV_Spoof_2019_LA/ASVspoof2019_LA_dev/flac/LA_D_2049455.flac,6
/data/DATASETS/ASV_Spoof_2019_LA/ASVspoof2019_LA_dev/flac/LA_D_9741299.flac,6
/data/DATASETS/ASV_Spoof_2019_LA/ASVspoof2019_LA_train/flac/LA_T_6544160.flac,6
/data/DATASETS/ASV_Spoof_2019_LA/ASVspoof2019_LA_dev/flac/LA_D_1715749.flac,6
/data/DATASETS/ASV_Spoof_2019_LA/ASVspoof2019_LA_dev/flac/LA_D_9562412.flac,6
/data/DATASETS/ASV_Spoof_2019_LA/ASVspoof2019_LA_train/flac/LA_T_7881170.flac,6
/data/DATASETS/ASV_Spoof_2019_LA/ASVspoof2019_LA_train/flac/LA_T_8860674.flac,6
/data/DATASETS/ASV_Spoof_2019_LA/ASVspoof2019_LA_dev/flac/LA_D_8693204.flac,6
/data/DATASETS/ASV_Spoof_2019_LA/ASVspoof2019_LA_dev/flac/LA_D_6168902.flac,6
/data/DATASETS/ASV_Spoof_2019_LA/ASVspoof2019_LA_dev/flac/LA_D_9283374.flac,6
/data/DATASETS/ASV_Spoof_2019_LA/ASVspoof2019_LA_dev/flac/LA_D_5613500.flac,6
/data/DATASETS/ASV_Spoof_2019_LA/ASVspoof2019_LA_train/flac/LA_T_5745760.flac,6
/data/DATASETS/ASV_Spoof_2019_LA/ASVspoof2019_LA_dev/flac/LA_D_5995130.flac,6
/data/DATASETS/ASV_Spoof_2019_LA/ASVspoof2019_LA_train/flac/LA_T_5021176.flac,6
/data/DATASETS/ASV_Spoof_2019_LA/ASVspoof2019_LA_dev/flac/LA_D_2187760.flac,6
/data/DATASETS/ASV_Spoof_2019_LA/ASVspoof2019_LA_dev/flac/LA_D_5057755.flac,6
/data/DATASETS/ASV_Spoof_2019_LA/ASVspoof2019_LA_train/flac/LA_T_3768607.flac,6
/data/DATASETS/ASV_Spoof_2019_LA/ASVspoof2019_LA_train/flac/LA_T_1176596.flac,6
/data/DATASETS/ASV_Spoof_2019_LA/ASVspoof2019_LA_dev/flac/LA_D_8956054.flac,6
/data/DATASETS/ASV_Spoof_2019_LA/ASVspoof2019_LA_train/flac/LA_T_1807387.flac,6
/data/DATASETS/ASV_Spoof_2019_LA/ASVspoof2019_LA_train/flac/LA_T_7832275.flac,6
/data/DATASETS/ASV_Spoof_2019_LA/ASVspoof2019_LA_train/flac/LA_T_3339889.flac,6
/data/DATASETS/ASV_Spoof_2019_LA/ASVspoof2019_LA_dev/flac/LA_D_9863698.flac,6
/data/DATASETS/ASV_Spoof_2019_LA/ASVspoof2019_LA_train/flac/LA_T_1841206.flac,6
/data/DATASETS/ASV_Spoof_2019_LA/ASVspoof2019_LA_train/flac/LA_T_6807727.flac,6
/data/DATASETS/ASV_Spoof_2019_LA/ASVspoof2019_LA_train/flac/LA_T_3674915.flac,6
/data/DATASETS/ASV_Spoof_2019_LA/ASVspoof2019_LA_dev/flac/LA_D_7334119.flac,6
/data/DATASETS/ASV_Spoof_2019_LA/ASVspoof2019_LA_dev/flac/LA_D_1336509.flac,6
/data/DATASETS/ASV_Spoof_2019_LA/ASVspoof2019_LA_dev/flac/LA_D_3063803.flac,6
/data/DATASETS/ASV_Spoof_2019_LA/ASVspoof2019_LA_dev/flac/LA_D_3889153.flac,6
/data/DATASETS/ASV_Spoof_2019_LA/ASVspoof2019_LA_train/flac/LA_T_9741140.flac,6
/data/DATASETS/ASV_Spoof_2019_LA/ASVspoof2019_LA_dev/flac/LA_D_5408466.flac,6
/data/DATASETS/ASV_Spoof_2019_LA/ASVspoof2019_LA_dev/flac/LA_D_3890999.flac,6
/data/DATASETS/ASV_Spoof_2019_LA/ASVspoof2019_LA_dev/flac/LA_D_2424417.flac,6
/data/DATASETS/ASV_Spoof_2019_LA/ASVspoof2019_LA_dev/flac/LA_D_6341603.flac,6
/data/DATASETS/ASV_Spoof_2019_LA/ASVspoof2019_LA_dev/flac/LA_D_2745677.flac,6
/data/DATASETS/ASV_Spoof_2019_LA/ASVspoof2019_LA_dev/flac/LA_D_2452864.flac,6
/data/DATASETS/ASV_Spoof_2019_LA/ASVspoof2019_LA_train/flac/LA_T_6921964.flac,6
/data/DATASETS/ASV_Spoof_2019_LA/ASVspoof2019_LA_train/flac/LA_T_5039972.flac,6
/data/DATASETS/ASV_Spoof_2019_LA/ASVspoof2019_LA_train/flac/LA_T_3541459.flac,6
/data/DATASETS/ASV_Spoof_2019_LA/ASVspoof2019_LA_train/flac/LA_T_1830070.flac,6
/data/DATASETS/ASV_Spoof_2019_LA/ASVspoof2019_LA_dev/flac/LA_D_1530620.flac,6
/data/DATASETS/ASV_Spoof_2019_LA/ASVspoof2019_LA_train/flac/LA_T_4153589.flac,6
/data/DATASETS/ASV_Spoof_2019_LA/ASVspoof2019_LA_train/flac/LA_T_7980558.flac,6
/data/DATASETS/ASV_Spoof_2019_LA/ASVspoof2019_LA_dev/flac/LA_D_4182578.flac,6
/data/DATASETS/ASV_Spoof_2019_LA/ASVspoof2019_LA_dev/flac/LA_D_8071214.flac,6
/data/DATASETS/ASV_Spoof_2019_LA/ASVspoof2019_LA_train/flac/LA_T_6556267.flac,6
/data/DATASETS/ASV_Spoof_2019_LA/ASVspoof2019_LA_train/flac/LA_T_3846998.flac,6
/data/DATASETS/ASV_Spoof_2019_LA/ASVspoof2019_LA_dev/flac/LA_D_2772831.flac,6
/data/DATASETS/ASV_Spoof_2019_LA/ASVspoof2019_LA_train/flac/LA_T_6414907.flac,6
/data/DATASETS/ASV_Spoof_2019_LA/ASVspoof2019_LA_dev/flac/LA_D_6112842.flac,6
/data/DATASETS/ASV_Spoof_2019_LA/ASVspoof2019_LA_train/flac/LA_T_4526316.flac,6
/data/DATASETS/ASV_Spoof_2019_LA/ASVspoof2019_LA_dev/flac/LA_D_5791947.flac,6
/data/DATASETS/ASV_Spoof_2019_LA/ASVspoof2019_LA_train/flac/LA_T_6482585.flac,6
/data/DATASETS/ASV_Spoof_2019_LA/ASVspoof2019_LA_train/flac/LA_T_1728344.flac,6
/data/DATASETS/ASV_Spoof_2019_LA/ASVspoof2019_LA_train/flac/LA_T_6807594.flac,6
/data/DATASETS/ASV_Spoof_2019_LA/ASVspoof2019_LA_dev/flac/LA_D_5947518.flac,6
/data/DATASETS/ASV_Spoof_2019_LA/ASVspoof2019_LA_dev/flac/LA_D_7828554.flac,6
/data/DATASETS/ASV_Spoof_2019_LA/ASVspoof2019_LA_dev/flac/LA_D_3977983.flac,6
/data/DATASETS/ASV_Spoof_2019_LA/ASVspoof2019_LA_train/flac/LA_T_6222285.flac,6
/data/DATASETS/ASV_Spoof_2019_LA/ASVspoof2019_LA_train/flac/LA_T_2413807.flac,6
/data/DATASETS/ASV_Spoof_2019_LA/ASVspoof2019_LA_train/flac/LA_T_7006824.flac,6
/data/DATASETS/ASV_Spoof_2019_LA/ASVspoof2019_LA_train/flac/LA_T_4669717.flac,6
/data/DATASETS/ASV_Spoof_2019_LA/ASVspoof2019_LA_train/flac/LA_T_4612737.flac,6
/data/DATASETS/ASV_Spoof_2019_LA/ASVspoof2019_LA_dev/flac/LA_D_2655621.flac,6
/data/DATASETS/ASV_Spoof_2019_LA/ASVspoof2019_LA_dev/flac/LA_D_2751547.flac,6
/data/DATASETS/ASV_Spoof_2019_LA/ASVspoof2019_LA_train/flac/LA_T_2772197.flac,6
/data/DATASETS/ASV_Spoof_2019_LA/ASVspoof2019_LA_dev/flac/LA_D_2963785.flac,6
/data/DATASETS/ASV_Spoof_2019_LA/ASVspoof2019_LA_train/flac/LA_T_1060877.flac,6
/data/DATASETS/ASV_Spoof_2019_LA/ASVspoof2019_LA_train/flac/LA_T_8989629.flac,6
/data/DATASETS/ASV_Spoof_2019_LA/ASVspoof2019_LA_train/flac/LA_T_1152016.flac,6
/data/DATASETS/ASV_Spoof_2019_LA/ASVspoof2019_LA_train/flac/LA_T_1739464.flac,6
/data/DATASETS/ASV_Spoof_2019_LA/ASVspoof2019_LA_train/flac/LA_T_5848163.flac,6
/data/DATASETS/ASV_Spoof_2019_LA/ASVspoof2019_LA_train/flac/LA_T_4560034.flac,6
/data/DATASETS/ASV_Spoof_2019_LA/ASVspoof2019_LA_train/flac/LA_T_2030594.flac,6
/data/DATASETS/ASV_Spoof_2019_LA/ASVspoof2019_LA_train/flac/LA_T_6612151.flac,6
/data/DATASETS/ASV_Spoof_2019_LA/ASVspoof2019_LA_train/flac/LA_T_2822122.flac,6
/data/DATASETS/ASV_Spoof_2019_LA/ASVspoof2019_LA_train/flac/LA_T_2535311.flac,6
/data/DATASETS/ASV_Spoof_2019_LA/ASVspoof2019_LA_train/flac/LA_T_4663411.flac,6
/data/DATASETS/ASV_Spoof_2019_LA/ASVspoof2019_LA_dev/flac/LA_D_6137322.flac,6
/data/DATASETS/ASV_Spoof_2019_LA/ASVspoof2019_LA_dev/flac/LA_D_6932984.flac,6
/data/DATASETS/ASV_Spoof_2019_LA/ASVspoof2019_LA_dev/flac/LA_D_4729032.flac,6
/data/DATASETS/ASV_Spoof_2019_LA/ASVspoof2019_LA_train/flac/LA_T_1989869.flac,6
/data/DATASETS/ASV_Spoof_2019_LA/ASVspoof2019_LA_train/flac/LA_T_6690126.flac,6
/data/DATASETS/ASV_Spoof_2019_LA/ASVspoof2019_LA_dev/flac/LA_D_6454321.flac,6
/data/DATASETS/ASV_Spoof_2019_LA/ASVspoof2019_LA_train/flac/LA_T_3708818.flac,6
/data/DATASETS/ASV_Spoof_2019_LA/ASVspoof2019_LA_train/flac/LA_T_6657623.flac,6
/data/DATASETS/ASV_Spoof_2019_LA/ASVspoof2019_LA_dev/flac/LA_D_6093649.flac,6
/data/DATASETS/ASV_Spoof_2019_LA/ASVspoof2019_LA_dev/flac/LA_D_3213920.flac,6
/data/DATASETS/ASV_Spoof_2019_LA/ASVspoof2019_LA_train/flac/LA_T_6558410.flac,6
/data/DATASETS/ASV_Spoof_2019_LA/ASVspoof2019_LA_dev/flac/LA_D_3740762.flac,6
/data/DATASETS/ASV_Spoof_2019_LA/ASVspoof2019_LA_train/flac/LA_T_8540779.flac,6
/data/DATASETS/ASV_Spoof_2019_LA/ASVspoof2019_LA_dev/flac/LA_D_5258807.flac,6
/data/DATASETS/ASV_Spoof_2019_LA/ASVspoof2019_LA_dev/flac/LA_D_9775314.flac,6
/data/DATASETS/ASV_Spoof_2019_LA/ASVspoof2019_LA_train/flac/LA_T_8148434.flac,6
/data/DATASETS/ASV_Spoof_2019_LA/ASVspoof2019_LA_dev/flac/LA_D_6152825.flac,6
/data/DATASETS/ASV_Spoof_2019_LA/ASVspoof2019_LA_dev/flac/LA_D_7574071.flac,6
/data/DATASETS/ASV_Spoof_2019_LA/ASVspoof2019_LA_dev/flac/LA_D_5514813.flac,6
/data/DATASETS/ASV_Spoof_2019_LA/ASVspoof2019_LA_train/flac/LA_T_2227042.flac,6
/data/DATASETS/ASV_Spoof_2019_LA/ASVspoof2019_LA_train/flac/LA_T_8239711.flac,6
/data/DATASETS/ASV_Spoof_2019_LA/ASVspoof2019_LA_train/flac/LA_T_8790237.flac,6
/data/DATASETS/ASV_Spoof_2019_LA/ASVspoof2019_LA_train/flac/LA_T_6624843.flac,6
/data/DATASETS/ASV_Spoof_2019_LA/ASVspoof2019_LA_dev/flac/LA_D_8553879.flac,6
/data/DATASETS/ASV_Spoof_2019_LA/ASVspoof2019_LA_dev/flac/LA_D_6756303.flac,6
/data/DATASETS/ASV_Spoof_2019_LA/ASVspoof2019_LA_dev/flac/LA_D_2143625.flac,6
/data/DATASETS/ASV_Spoof_2019_LA/ASVspoof2019_LA_dev/flac/LA_D_3209443.flac,6
/data/DATASETS/ASV_Spoof_2019_LA/ASVspoof2019_LA_dev/flac/LA_D_9321961.flac,6
/data/DATASETS/ASV_Spoof_2019_LA/ASVspoof2019_LA_dev/flac/LA_D_7623757.flac,6
/data/DATASETS/ASV_Spoof_2019_LA/ASVspoof2019_LA_train/flac/LA_T_6901802.flac,6
/data/DATASETS/ASV_Spoof_2019_LA/ASVspoof2019_LA_train/flac/LA_T_1886695.flac,6
/data/DATASETS/ASV_Spoof_2019_LA/ASVspoof2019_LA_dev/flac/LA_D_4035138.flac,6
/data/DATASETS/ASV_Spoof_2019_LA/ASVspoof2019_LA_dev/flac/LA_D_4891563.flac,6
/data/DATASETS/ASV_Spoof_2019_LA/ASVspoof2019_LA_train/flac/LA_T_4679998.flac,6
/data/DATASETS/ASV_Spoof_2019_LA/ASVspoof2019_LA_dev/flac/LA_D_4907676.flac,6
/data/DATASETS/ASV_Spoof_2019_LA/ASVspoof2019_LA_dev/flac/LA_D_1996500.flac,6
/data/DATASETS/ASV_Spoof_2019_LA/ASVspoof2019_LA_train/flac/LA_T_9731835.flac,6
/data/DATASETS/ASV_Spoof_2019_LA/ASVspoof2019_LA_dev/flac/LA_D_4337079.flac,6
/data/DATASETS/ASV_Spoof_2019_LA/ASVspoof2019_LA_train/flac/LA_T_8528859.flac,6
/data/DATASETS/ASV_Spoof_2019_LA/ASVspoof2019_LA_train/flac/LA_T_9669103.flac,6
/data/DATASETS/ASV_Spoof_2019_LA/ASVspoof2019_LA_dev/flac/LA_D_9203142.flac,6
/data/DATASETS/ASV_Spoof_2019_LA/ASVspoof2019_LA_train/flac/LA_T_3955613.flac,6
/data/DATASETS/ASV_Spoof_2019_LA/ASVspoof2019_LA_train/flac/LA_T_7517332.flac,6
/data/DATASETS/ASV_Spoof_2019_LA/ASVspoof2019_LA_dev/flac/LA_D_8257669.flac,6
/data/DATASETS/ASV_Spoof_2019_LA/ASVspoof2019_LA_dev/flac/LA_D_6243690.flac,6
/data/DATASETS/ASV_Spoof_2019_LA/ASVspoof2019_LA_dev/flac/LA_D_6674030.flac,6
/data/DATASETS/ASV_Spoof_2019_LA/ASVspoof2019_LA_train/flac/LA_T_2741383.flac,6
/data/DATASETS/ASV_Spoof_2019_LA/ASVspoof2019_LA_dev/flac/LA_D_6143159.flac,6
/data/DATASETS/ASV_Spoof_2019_LA/ASVspoof2019_LA_train/flac/LA_T_7848787.flac,6
/data/DATASETS/ASV_Spoof_2019_LA/ASVspoof2019_LA_train/flac/LA_T_4429047.flac,6
/data/DATASETS/ASV_Spoof_2019_LA/ASVspoof2019_LA_dev/flac/LA_D_7133043.flac,6
/data/DATASETS/ASV_Spoof_2019_LA/ASVspoof2019_LA_train/flac/LA_T_5520062.flac,6
/data/DATASETS/ASV_Spoof_2019_LA/ASVspoof2019_LA_dev/flac/LA_D_5239066.flac,6
/data/DATASETS/ASV_Spoof_2019_LA/ASVspoof2019_LA_train/flac/LA_T_6885281.flac,6
/data/DATASETS/ASV_Spoof_2019_LA/ASVspoof2019_LA_dev/flac/LA_D_4076028.flac,6
/data/DATASETS/ASV_Spoof_2019_LA/ASVspoof2019_LA_train/flac/LA_T_1189271.flac,6
/data/DATASETS/ASV_Spoof_2019_LA/ASVspoof2019_LA_train/flac/LA_T_8052314.flac,6
/data/DATASETS/ASV_Spoof_2019_LA/ASVspoof2019_LA_dev/flac/LA_D_2605389.flac,6
/data/DATASETS/ASV_Spoof_2019_LA/ASVspoof2019_LA_dev/flac/LA_D_2279448.flac,6
/data/DATASETS/ASV_Spoof_2019_LA/ASVspoof2019_LA_dev/flac/LA_D_7254687.flac,6
/data/DATASETS/ASV_Spoof_2019_LA/ASVspoof2019_LA_train/flac/LA_T_8259440.flac,6
/data/DATASETS/ASV_Spoof_2019_LA/ASVspoof2019_LA_dev/flac/LA_D_1183700.flac,6
/data/DATASETS/ASV_Spoof_2019_LA/ASVspoof2019_LA_dev/flac/LA_D_2849155.flac,6
/data/DATASETS/ASV_Spoof_2019_LA/ASVspoof2019_LA_dev/flac/LA_D_6716544.flac,6
/data/DATASETS/ASV_Spoof_2019_LA/ASVspoof2019_LA_dev/flac/LA_D_7347549.flac,6
/data/DATASETS/ASV_Spoof_2019_LA/ASVspoof2019_LA_train/flac/LA_T_6972566.flac,6
/data/DATASETS/ASV_Spoof_2019_LA/ASVspoof2019_LA_train/flac/LA_T_8040151.flac,6
/data/DATASETS/ASV_Spoof_2019_LA/ASVspoof2019_LA_train/flac/LA_T_2386893.flac,6
/data/DATASETS/ASV_Spoof_2019_LA/ASVspoof2019_LA_dev/flac/LA_D_9436033.flac,6
/data/DATASETS/ASV_Spoof_2019_LA/ASVspoof2019_LA_train/flac/LA_T_7781124.flac,6
/data/DATASETS/ASV_Spoof_2019_LA/ASVspoof2019_LA_train/flac/LA_T_6913405.flac,6
/data/DATASETS/ASV_Spoof_2019_LA/ASVspoof2019_LA_dev/flac/LA_D_1570710.flac,6
/data/DATASETS/ASV_Spoof_2019_LA/ASVspoof2019_LA_dev/flac/LA_D_6649982.flac,6
/data/DATASETS/ASV_Spoof_2019_LA/ASVspoof2019_LA_dev/flac/LA_D_2680473.flac,6
/data/DATASETS/ASV_Spoof_2019_LA/ASVspoof2019_LA_train/flac/LA_T_5646648.flac,6
/data/DATASETS/ASV_Spoof_2019_LA/ASVspoof2019_LA_dev/flac/LA_D_5918137.flac,6
/data/DATASETS/ASV_Spoof_2019_LA/ASVspoof2019_LA_dev/flac/LA_D_3331709.flac,6
/data/DATASETS/ASV_Spoof_2019_LA/ASVspoof2019_LA_dev/flac/LA_D_2553532.flac,6
/data/DATASETS/ASV_Spoof_2019_LA/ASVspoof2019_LA_dev/flac/LA_D_9475381.flac,6
/data/DATASETS/ASV_Spoof_2019_LA/ASVspoof2019_LA_dev/flac/LA_D_2576768.flac,6
/data/DATASETS/ASV_Spoof_2019_LA/ASVspoof2019_LA_dev/flac/LA_D_4585435.flac,6
/data/DATASETS/ASV_Spoof_2019_LA/ASVspoof2019_LA_dev/flac/LA_D_3423188.flac,6
/data/DATASETS/ASV_Spoof_2019_LA/ASVspoof2019_LA_dev/flac/LA_D_2065272.flac,6
/data/DATASETS/ASV_Spoof_2019_LA/ASVspoof2019_LA_train/flac/LA_T_2902832.flac,6
/data/DATASETS/ASV_Spoof_2019_LA/ASVspoof2019_LA_train/flac/LA_T_7683959.flac,6
/data/DATASETS/ASV_Spoof_2019_LA/ASVspoof2019_LA_dev/flac/LA_D_8241189.flac,6
/data/DATASETS/ASV_Spoof_2019_LA/ASVspoof2019_LA_train/flac/LA_T_2020002.flac,6
/data/DATASETS/ASV_Spoof_2019_LA/ASVspoof2019_LA_dev/flac/LA_D_4648541.flac,6
/data/DATASETS/ASV_Spoof_2019_LA/ASVspoof2019_LA_train/flac/LA_T_4260816.flac,6
/data/DATASETS/ASV_Spoof_2019_LA/ASVspoof2019_LA_train/flac/LA_T_3947124.flac,6
/data/DATASETS/ASV_Spoof_2019_LA/ASVspoof2019_LA_dev/flac/LA_D_5858787.flac,6
/data/DATASETS/ASV_Spoof_2019_LA/ASVspoof2019_LA_train/flac/LA_T_3553386.flac,6
/data/DATASETS/ASV_Spoof_2019_LA/ASVspoof2019_LA_dev/flac/LA_D_1348124.flac,6
/data/DATASETS/ASV_Spoof_2019_LA/ASVspoof2019_LA_dev/flac/LA_D_8950993.flac,6
/data/DATASETS/ASV_Spoof_2019_LA/ASVspoof2019_LA_train/flac/LA_T_3047386.flac,6
/data/DATASETS/ASV_Spoof_2019_LA/ASVspoof2019_LA_dev/flac/LA_D_8323372.flac,6
/data/DATASETS/ASV_Spoof_2019_LA/ASVspoof2019_LA_dev/flac/LA_D_1296597.flac,6
/data/DATASETS/ASV_Spoof_2019_LA/ASVspoof2019_LA_train/flac/LA_T_5174684.flac,6
/data/DATASETS/ASV_Spoof_2019_LA/ASVspoof2019_LA_dev/flac/LA_D_8530635.flac,6
/data/DATASETS/ASV_Spoof_2019_LA/ASVspoof2019_LA_train/flac/LA_T_4323668.flac,6
/data/DATASETS/ASV_Spoof_2019_LA/ASVspoof2019_LA_dev/flac/LA_D_3898925.flac,6
/data/DATASETS/ASV_Spoof_2019_LA/ASVspoof2019_LA_train/flac/LA_T_4211326.flac,6
/data/DATASETS/ASV_Spoof_2019_LA/ASVspoof2019_LA_dev/flac/LA_D_6407177.flac,6
/data/DATASETS/ASV_Spoof_2019_LA/ASVspoof2019_LA_train/flac/LA_T_3707068.flac,6
/data/DATASETS/ASV_Spoof_2019_LA/ASVspoof2019_LA_dev/flac/LA_D_4264153.flac,6
/data/DATASETS/ASV_Spoof_2019_LA/ASVspoof2019_LA_dev/flac/LA_D_2284177.flac,6
/data/DATASETS/ASV_Spoof_2019_LA/ASVspoof2019_LA_dev/flac/LA_D_4784347.flac,6
/data/DATASETS/ASV_Spoof_2019_LA/ASVspoof2019_LA_dev/flac/LA_D_7366011.flac,6
/data/DATASETS/ASV_Spoof_2019_LA/ASVspoof2019_LA_train/flac/LA_T_3073950.flac,6
/data/DATASETS/ASV_Spoof_2019_LA/ASVspoof2019_LA_train/flac/LA_T_3957395.flac,6
/data/DATASETS/ASV_Spoof_2019_LA/ASVspoof2019_LA_dev/flac/LA_D_8690110.flac,6
/data/DATASETS/ASV_Spoof_2019_LA/ASVspoof2019_LA_train/flac/LA_T_3394890.flac,6
/data/DATASETS/ASV_Spoof_2019_LA/ASVspoof2019_LA_dev/flac/LA_D_6598988.flac,6
/data/DATASETS/ASV_Spoof_2019_LA/ASVspoof2019_LA_train/flac/LA_T_6893999.flac,6
/data/DATASETS/ASV_Spoof_2019_LA/ASVspoof2019_LA_dev/flac/LA_D_1002626.flac,6
/data/DATASETS/ASV_Spoof_2019_LA/ASVspoof2019_LA_dev/flac/LA_D_1529378.flac,6
/data/DATASETS/ASV_Spoof_2019_LA/ASVspoof2019_LA_train/flac/LA_T_2943270.flac,6
/data/DATASETS/ASV_Spoof_2019_LA/ASVspoof2019_LA_train/flac/LA_T_4523556.flac,6
/data/DATASETS/ASV_Spoof_2019_LA/ASVspoof2019_LA_train/flac/LA_T_5732967.flac,6
/data/DATASETS/ASV_Spoof_2019_LA/ASVspoof2019_LA_dev/flac/LA_D_4309360.flac,6
/data/DATASETS/ASV_Spoof_2019_LA/ASVspoof2019_LA_dev/flac/LA_D_5452596.flac,6
/data/DATASETS/ASV_Spoof_2019_LA/ASVspoof2019_LA_train/flac/LA_T_8741286.flac,6
/data/DATASETS/ASV_Spoof_2019_LA/ASVspoof2019_LA_dev/flac/LA_D_2171727.flac,6
/data/DATASETS/ASV_Spoof_2019_LA/ASVspoof2019_LA_train/flac/LA_T_8445541.flac,6
/data/DATASETS/ASV_Spoof_2019_LA/ASVspoof2019_LA_dev/flac/LA_D_2835735.flac,6
/data/DATASETS/ASV_Spoof_2019_LA/ASVspoof2019_LA_dev/flac/LA_D_6683794.flac,6
/data/DATASETS/ASV_Spoof_2019_LA/ASVspoof2019_LA_dev/flac/LA_D_7838652.flac,6
/data/DATASETS/ASV_Spoof_2019_LA/ASVspoof2019_LA_train/flac/LA_T_8031896.flac,6
/data/DATASETS/ASV_Spoof_2019_LA/ASVspoof2019_LA_train/flac/LA_T_5107027.flac,6
/data/DATASETS/ASV_Spoof_2019_LA/ASVspoof2019_LA_train/flac/LA_T_6185635.flac,6
/data/DATASETS/ASV_Spoof_2019_LA/ASVspoof2019_LA_train/flac/LA_T_7071394.flac,6
/data/DATASETS/ASV_Spoof_2019_LA/ASVspoof2019_LA_train/flac/LA_T_9416752.flac,6
/data/DATASETS/ASV_Spoof_2019_LA/ASVspoof2019_LA_dev/flac/LA_D_5153538.flac,6
/data/DATASETS/ASV_Spoof_2019_LA/ASVspoof2019_LA_train/flac/LA_T_1202428.flac,6
/data/DATASETS/ASV_Spoof_2019_LA/ASVspoof2019_LA_dev/flac/LA_D_2529258.flac,6
/data/DATASETS/ASV_Spoof_2019_LA/ASVspoof2019_LA_train/flac/LA_T_2198931.flac,6
/data/DATASETS/ASV_Spoof_2019_LA/ASVspoof2019_LA_train/flac/LA_T_9662143.flac,6
/data/DATASETS/ASV_Spoof_2019_LA/ASVspoof2019_LA_train/flac/LA_T_4799015.flac,6
/data/DATASETS/ASV_Spoof_2019_LA/ASVspoof2019_LA_train/flac/LA_T_6859505.flac,6
/data/DATASETS/ASV_Spoof_2019_LA/ASVspoof2019_LA_train/flac/LA_T_7206893.flac,6
/data/DATASETS/ASV_Spoof_2019_LA/ASVspoof2019_LA_train/flac/LA_T_2738533.flac,6
/data/DATASETS/ASV_Spoof_2019_LA/ASVspoof2019_LA_dev/flac/LA_D_5367629.flac,6
/data/DATASETS/ASV_Spoof_2019_LA/ASVspoof2019_LA_train/flac/LA_T_2911754.flac,6
/data/DATASETS/ASV_Spoof_2019_LA/ASVspoof2019_LA_train/flac/LA_T_3405333.flac,6
/data/DATASETS/ASV_Spoof_2019_LA/ASVspoof2019_LA_train/flac/LA_T_4191648.flac,6
/data/DATASETS/ASV_Spoof_2019_LA/ASVspoof2019_LA_dev/flac/LA_D_9523759.flac,6
/data/DATASETS/ASV_Spoof_2019_LA/ASVspoof2019_LA_train/flac/LA_T_8494775.flac,6
/data/DATASETS/ASV_Spoof_2019_LA/ASVspoof2019_LA_dev/flac/LA_D_3020555.flac,6
/data/DATASETS/ASV_Spoof_2019_LA/ASVspoof2019_LA_dev/flac/LA_D_4458668.flac,6
/data/DATASETS/ASV_Spoof_2019_LA/ASVspoof2019_LA_dev/flac/LA_D_5058835.flac,6
/data/DATASETS/ASV_Spoof_2019_LA/ASVspoof2019_LA_dev/flac/LA_D_8028538.flac,6
/data/DATASETS/ASV_Spoof_2019_LA/ASVspoof2019_LA_dev/flac/LA_D_1794386.flac,6
/data/DATASETS/ASV_Spoof_2019_LA/ASVspoof2019_LA_train/flac/LA_T_3532839.flac,6
/data/DATASETS/ASV_Spoof_2019_LA/ASVspoof2019_LA_train/flac/LA_T_1132062.flac,6
/data/DATASETS/ASV_Spoof_2019_LA/ASVspoof2019_LA_dev/flac/LA_D_3089201.flac,6
/data/DATASETS/ASV_Spoof_2019_LA/ASVspoof2019_LA_dev/flac/LA_D_2081259.flac,6
/data/DATASETS/ASV_Spoof_2019_LA/ASVspoof2019_LA_dev/flac/LA_D_8840625.flac,6
/data/DATASETS/ASV_Spoof_2019_LA/ASVspoof2019_LA_dev/flac/LA_D_2690336.flac,6
/data/DATASETS/ASV_Spoof_2019_LA/ASVspoof2019_LA_train/flac/LA_T_2899737.flac,6
/data/DATASETS/ASV_Spoof_2019_LA/ASVspoof2019_LA_train/flac/LA_T_5994898.flac,6
/data/DATASETS/ASV_Spoof_2019_LA/ASVspoof2019_LA_train/flac/LA_T_4790840.flac,6
/data/DATASETS/ASV_Spoof_2019_LA/ASVspoof2019_LA_dev/flac/LA_D_7123401.flac,6
/data/DATASETS/ASV_Spoof_2019_LA/ASVspoof2019_LA_train/flac/LA_T_7040550.flac,6
/data/DATASETS/ASV_Spoof_2019_LA/ASVspoof2019_LA_dev/flac/LA_D_1914746.flac,6
/data/DATASETS/ASV_Spoof_2019_LA/ASVspoof2019_LA_dev/flac/LA_D_6181877.flac,6
/data/DATASETS/ASV_Spoof_2019_LA/ASVspoof2019_LA_dev/flac/LA_D_1539541.flac,6
/data/DATASETS/ASV_Spoof_2019_LA/ASVspoof2019_LA_dev/flac/LA_D_2120746.flac,6
/data/DATASETS/ASV_Spoof_2019_LA/ASVspoof2019_LA_train/flac/LA_T_4114959.flac,6
/data/DATASETS/ASV_Spoof_2019_LA/ASVspoof2019_LA_train/flac/LA_T_6739975.flac,6
/data/DATASETS/ASV_Spoof_2019_LA/ASVspoof2019_LA_dev/flac/LA_D_5352818.flac,6
/data/DATASETS/ASV_Spoof_2019_LA/ASVspoof2019_LA_train/flac/LA_T_3795219.flac,6
/data/DATASETS/ASV_Spoof_2019_LA/ASVspoof2019_LA_dev/flac/LA_D_4685861.flac,6
/data/DATASETS/ASV_Spoof_2019_LA/ASVspoof2019_LA_train/flac/LA_T_4135360.flac,6
/data/DATASETS/ASV_Spoof_2019_LA/ASVspoof2019_LA_train/flac/LA_T_6316929.flac,6
/data/DATASETS/ASV_Spoof_2019_LA/ASVspoof2019_LA_train/flac/LA_T_1497187.flac,6
/data/DATASETS/ASV_Spoof_2019_LA/ASVspoof2019_LA_dev/flac/LA_D_8030557.flac,6
/data/DATASETS/ASV_Spoof_2019_LA/ASVspoof2019_LA_dev/flac/LA_D_2275470.flac,6
/data/DATASETS/ASV_Spoof_2019_LA/ASVspoof2019_LA_train/flac/LA_T_2311360.flac,6
/data/DATASETS/ASV_Spoof_2019_LA/ASVspoof2019_LA_train/flac/LA_T_1834224.flac,6
/data/DATASETS/ASV_Spoof_2019_LA/ASVspoof2019_LA_train/flac/LA_T_8790521.flac,6
/data/DATASETS/ASV_Spoof_2019_LA/ASVspoof2019_LA_dev/flac/LA_D_5708525.flac,6
/data/DATASETS/ASV_Spoof_2019_LA/ASVspoof2019_LA_dev/flac/LA_D_8461642.flac,6
/data/DATASETS/ASV_Spoof_2019_LA/ASVspoof2019_LA_train/flac/LA_T_1635736.flac,6
/data/DATASETS/ASV_Spoof_2019_LA/ASVspoof2019_LA_dev/flac/LA_D_2948723.flac,6
/data/DATASETS/ASV_Spoof_2019_LA/ASVspoof2019_LA_dev/flac/LA_D_6672788.flac,6
/data/DATASETS/ASV_Spoof_2019_LA/ASVspoof2019_LA_train/flac/LA_T_6191504.flac,6
/data/DATASETS/ASV_Spoof_2019_LA/ASVspoof2019_LA_train/flac/LA_T_1205824.flac,6
/data/DATASETS/ASV_Spoof_2019_LA/ASVspoof2019_LA_dev/flac/LA_D_1733065.flac,6
/data/DATASETS/ASV_Spoof_2019_LA/ASVspoof2019_LA_dev/flac/LA_D_9433668.flac,6
/data/DATASETS/ASV_Spoof_2019_LA/ASVspoof2019_LA_train/flac/LA_T_6888159.flac,6
/data/DATASETS/ASV_Spoof_2019_LA/ASVspoof2019_LA_train/flac/LA_T_6927781.flac,6
/data/DATASETS/ASV_Spoof_2019_LA/ASVspoof2019_LA_dev/flac/LA_D_5012127.flac,6
/data/DATASETS/ASV_Spoof_2019_LA/ASVspoof2019_LA_dev/flac/LA_D_6905344.flac,6
/data/DATASETS/ASV_Spoof_2019_LA/ASVspoof2019_LA_train/flac/LA_T_3220265.flac,6
/data/DATASETS/ASV_Spoof_2019_LA/ASVspoof2019_LA_train/flac/LA_T_9460748.flac,6
/data/DATASETS/ASV_Spoof_2019_LA/ASVspoof2019_LA_dev/flac/LA_D_2069946.flac,6
/data/DATASETS/ASV_Spoof_2019_LA/ASVspoof2019_LA_train/flac/LA_T_7052304.flac,6
/data/DATASETS/ASV_Spoof_2019_LA/ASVspoof2019_LA_dev/flac/LA_D_1453864.flac,6
/data/DATASETS/ASV_Spoof_2019_LA/ASVspoof2019_LA_dev/flac/LA_D_6688724.flac,6
/data/DATASETS/ASV_Spoof_2019_LA/ASVspoof2019_LA_train/flac/LA_T_9520669.flac,6
/data/DATASETS/ASV_Spoof_2019_LA/ASVspoof2019_LA_dev/flac/LA_D_5762860.flac,6
/data/DATASETS/ASV_Spoof_2019_LA/ASVspoof2019_LA_dev/flac/LA_D_7733474.flac,6
/data/DATASETS/ASV_Spoof_2019_LA/ASVspoof2019_LA_dev/flac/LA_D_4290017.flac,6
/data/DATASETS/ASV_Spoof_2019_LA/ASVspoof2019_LA_train/flac/LA_T_8375632.flac,6
/data/DATASETS/ASV_Spoof_2019_LA/ASVspoof2019_LA_dev/flac/LA_D_7424653.flac,6
/data/DATASETS/ASV_Spoof_2019_LA/ASVspoof2019_LA_train/flac/LA_T_2504177.flac,6
/data/DATASETS/ASV_Spoof_2019_LA/ASVspoof2019_LA_train/flac/LA_T_5716822.flac,6
/data/DATASETS/ASV_Spoof_2019_LA/ASVspoof2019_LA_train/flac/LA_T_8627315.flac,6
/data/DATASETS/ASV_Spoof_2019_LA/ASVspoof2019_LA_train/flac/LA_T_3338409.flac,6
/data/DATASETS/ASV_Spoof_2019_LA/ASVspoof2019_LA_train/flac/LA_T_4641729.flac,6
/data/DATASETS/ASV_Spoof_2019_LA/ASVspoof2019_LA_train/flac/LA_T_6528117.flac,6
/data/DATASETS/ASV_Spoof_2019_LA/ASVspoof2019_LA_dev/flac/LA_D_5861399.flac,6
/data/DATASETS/ASV_Spoof_2019_LA/ASVspoof2019_LA_train/flac/LA_T_4230511.flac,6
/data/DATASETS/ASV_Spoof_2019_LA/ASVspoof2019_LA_dev/flac/LA_D_4205148.flac,6
/data/DATASETS/ASV_Spoof_2019_LA/ASVspoof2019_LA_train/flac/LA_T_9415503.flac,6
/data/DATASETS/ASV_Spoof_2019_LA/ASVspoof2019_LA_dev/flac/LA_D_6967013.flac,6
/data/DATASETS/ASV_Spoof_2019_LA/ASVspoof2019_LA_train/flac/LA_T_7598608.flac,6
/data/DATASETS/ASV_Spoof_2019_LA/ASVspoof2019_LA_dev/flac/LA_D_3176378.flac,6
/data/DATASETS/ASV_Spoof_2019_LA/ASVspoof2019_LA_train/flac/LA_T_8842583.flac,6
/data/DATASETS/ASV_Spoof_2019_LA/ASVspoof2019_LA_train/flac/LA_T_1488844.flac,6
/data/DATASETS/ASV_Spoof_2019_LA/ASVspoof2019_LA_dev/flac/LA_D_9767344.flac,6
/data/DATASETS/ASV_Spoof_2019_LA/ASVspoof2019_LA_train/flac/LA_T_3952988.flac,6
/data/DATASETS/ASV_Spoof_2019_LA/ASVspoof2019_LA_train/flac/LA_T_6340346.flac,6
/data/DATASETS/ASV_Spoof_2019_LA/ASVspoof2019_LA_train/flac/LA_T_5296903.flac,6
/data/DATASETS/ASV_Spoof_2019_LA/ASVspoof2019_LA_train/flac/LA_T_2268464.flac,6
/data/DATASETS/ASV_Spoof_2019_LA/ASVspoof2019_LA_train/flac/LA_T_5469666.flac,6
/data/DATASETS/ASV_Spoof_2019_LA/ASVspoof2019_LA_train/flac/LA_T_1984466.flac,6
/data/DATASETS/ASV_Spoof_2019_LA/ASVspoof2019_LA_train/flac/LA_T_6542898.flac,6
/data/DATASETS/ASV_Spoof_2019_LA/ASVspoof2019_LA_dev/flac/LA_D_6230649.flac,6
/data/DATASETS/ASV_Spoof_2019_LA/ASVspoof2019_LA_train/flac/LA_T_9834341.flac,6
/data/DATASETS/ASV_Spoof_2019_LA/ASVspoof2019_LA_dev/flac/LA_D_9422039.flac,6
/data/DATASETS/ASV_Spoof_2019_LA/ASVspoof2019_LA_train/flac/LA_T_2056710.flac,6
/data/DATASETS/ASV_Spoof_2019_LA/ASVspoof2019_LA_dev/flac/LA_D_9092875.flac,6
/data/DATASETS/ASV_Spoof_2019_LA/ASVspoof2019_LA_train/flac/LA_T_9651067.flac,6
/data/DATASETS/ASV_Spoof_2019_LA/ASVspoof2019_LA_train/flac/LA_T_6153452.flac,6
/data/DATASETS/ASV_Spoof_2019_LA/ASVspoof2019_LA_dev/flac/LA_D_4099596.flac,6
/data/DATASETS/ASV_Spoof_2019_LA/ASVspoof2019_LA_train/flac/LA_T_4787251.flac,6
/data/DATASETS/ASV_Spoof_2019_LA/ASVspoof2019_LA_dev/flac/LA_D_8937390.flac,6
/data/DATASETS/ASV_Spoof_2019_LA/ASVspoof2019_LA_dev/flac/LA_D_8058949.flac,6
/data/DATASETS/ASV_Spoof_2019_LA/ASVspoof2019_LA_train/flac/LA_T_6247812.flac,6
/data/DATASETS/ASV_Spoof_2019_LA/ASVspoof2019_LA_train/flac/LA_T_5226663.flac,6
/data/DATASETS/ASV_Spoof_2019_LA/ASVspoof2019_LA_train/flac/LA_T_3471825.flac,6
/data/DATASETS/ASV_Spoof_2019_LA/ASVspoof2019_LA_dev/flac/LA_D_7745248.flac,6
/data/DATASETS/ASV_Spoof_2019_LA/ASVspoof2019_LA_dev/flac/LA_D_6709571.flac,6
/data/DATASETS/ASV_Spoof_2019_LA/ASVspoof2019_LA_train/flac/LA_T_8285647.flac,6
/data/DATASETS/ASV_Spoof_2019_LA/ASVspoof2019_LA_dev/flac/LA_D_2902766.flac,6
/data/DATASETS/ASV_Spoof_2019_LA/ASVspoof2019_LA_dev/flac/LA_D_1461015.flac,6
/data/DATASETS/ASV_Spoof_2019_LA/ASVspoof2019_LA_dev/flac/LA_D_2309565.flac,6
/data/DATASETS/ASV_Spoof_2019_LA/ASVspoof2019_LA_dev/flac/LA_D_4702442.flac,6
/data/DATASETS/ASV_Spoof_2019_LA/ASVspoof2019_LA_train/flac/LA_T_3145630.flac,6
/data/DATASETS/ASV_Spoof_2019_LA/ASVspoof2019_LA_train/flac/LA_T_6977624.flac,6
/data/DATASETS/ASV_Spoof_2019_LA/ASVspoof2019_LA_train/flac/LA_T_4101103.flac,6
/data/DATASETS/ASV_Spoof_2019_LA/ASVspoof2019_LA_dev/flac/LA_D_4829975.flac,6
/data/DATASETS/ASV_Spoof_2019_LA/ASVspoof2019_LA_dev/flac/LA_D_7865903.flac,6
/data/DATASETS/ASV_Spoof_2019_LA/ASVspoof2019_LA_train/flac/LA_T_2998149.flac,6
/data/DATASETS/ASV_Spoof_2019_LA/ASVspoof2019_LA_dev/flac/LA_D_8159037.flac,6
/data/DATASETS/ASV_Spoof_2019_LA/ASVspoof2019_LA_dev/flac/LA_D_2655283.flac,6
/data/DATASETS/ASV_Spoof_2019_LA/ASVspoof2019_LA_train/flac/LA_T_7903685.flac,6
/data/DATASETS/ASV_Spoof_2019_LA/ASVspoof2019_LA_train/flac/LA_T_8586306.flac,6
/data/DATASETS/ASV_Spoof_2019_LA/ASVspoof2019_LA_dev/flac/LA_D_1619482.flac,6
/data/DATASETS/ASV_Spoof_2019_LA/ASVspoof2019_LA_dev/flac/LA_D_4939706.flac,6
/data/DATASETS/ASV_Spoof_2019_LA/ASVspoof2019_LA_train/flac/LA_T_1150653.flac,6
/data/DATASETS/ASV_Spoof_2019_LA/ASVspoof2019_LA_dev/flac/LA_D_7453863.flac,6
/data/DATASETS/ASV_Spoof_2019_LA/ASVspoof2019_LA_dev/flac/LA_D_5186388.flac,6
/data/DATASETS/ASV_Spoof_2019_LA/ASVspoof2019_LA_train/flac/LA_T_2315772.flac,6
/data/DATASETS/ASV_Spoof_2019_LA/ASVspoof2019_LA_train/flac/LA_T_4615393.flac,6
/data/DATASETS/ASV_Spoof_2019_LA/ASVspoof2019_LA_train/flac/LA_T_5392470.flac,6
/data/DATASETS/ASV_Spoof_2019_LA/ASVspoof2019_LA_train/flac/LA_T_3899066.flac,6
/data/DATASETS/ASV_Spoof_2019_LA/ASVspoof2019_LA_train/flac/LA_T_9568725.flac,6
/data/DATASETS/ASV_Spoof_2019_LA/ASVspoof2019_LA_dev/flac/LA_D_8672392.flac,6
/data/DATASETS/ASV_Spoof_2019_LA/ASVspoof2019_LA_dev/flac/LA_D_7224568.flac,6
/data/DATASETS/ASV_Spoof_2019_LA/ASVspoof2019_LA_train/flac/LA_T_2460023.flac,6
/data/DATASETS/ASV_Spoof_2019_LA/ASVspoof2019_LA_dev/flac/LA_D_6268296.flac,6
/data/DATASETS/ASV_Spoof_2019_LA/ASVspoof2019_LA_dev/flac/LA_D_9159130.flac,6
/data/DATASETS/ASV_Spoof_2019_LA/ASVspoof2019_LA_train/flac/LA_T_6614337.flac,6
/data/DATASETS/ASV_Spoof_2019_LA/ASVspoof2019_LA_dev/flac/LA_D_3115572.flac,6
/data/DATASETS/ASV_Spoof_2019_LA/ASVspoof2019_LA_dev/flac/LA_D_2697285.flac,6
/data/DATASETS/ASV_Spoof_2019_LA/ASVspoof2019_LA_dev/flac/LA_D_9992731.flac,6
/data/DATASETS/ASV_Spoof_2019_LA/ASVspoof2019_LA_train/flac/LA_T_7400429.flac,6
/data/DATASETS/ASV_Spoof_2019_LA/ASVspoof2019_LA_train/flac/LA_T_5229290.flac,6
/data/DATASETS/ASV_Spoof_2019_LA/ASVspoof2019_LA_dev/flac/LA_D_9955936.flac,6
/data/DATASETS/ASV_Spoof_2019_LA/ASVspoof2019_LA_train/flac/LA_T_5174723.flac,6
/data/DATASETS/ASV_Spoof_2019_LA/ASVspoof2019_LA_dev/flac/LA_D_8656739.flac,6
/data/DATASETS/ASV_Spoof_2019_LA/ASVspoof2019_LA_dev/flac/LA_D_1972495.flac,6
/data/DATASETS/ASV_Spoof_2019_LA/ASVspoof2019_LA_train/flac/LA_T_7799760.flac,6
/data/DATASETS/ASV_Spoof_2019_LA/ASVspoof2019_LA_dev/flac/LA_D_2020389.flac,6
/data/DATASETS/ASV_Spoof_2019_LA/ASVspoof2019_LA_dev/flac/LA_D_1897752.flac,6
/data/DATASETS/ASV_Spoof_2019_LA/ASVspoof2019_LA_train/flac/LA_T_1834951.flac,6
/data/DATASETS/ASV_Spoof_2019_LA/ASVspoof2019_LA_train/flac/LA_T_4806342.flac,6
/data/DATASETS/ASV_Spoof_2019_LA/ASVspoof2019_LA_dev/flac/LA_D_2351670.flac,6
/data/DATASETS/ASV_Spoof_2019_LA/ASVspoof2019_LA_train/flac/LA_T_2955098.flac,6
/data/DATASETS/ASV_Spoof_2019_LA/ASVspoof2019_LA_dev/flac/LA_D_4337797.flac,6
/data/DATASETS/ASV_Spoof_2019_LA/ASVspoof2019_LA_train/flac/LA_T_6377746.flac,6
/data/DATASETS/ASV_Spoof_2019_LA/ASVspoof2019_LA_train/flac/LA_T_4592090.flac,6
/data/DATASETS/ASV_Spoof_2019_LA/ASVspoof2019_LA_dev/flac/LA_D_2124586.flac,6
/data/DATASETS/ASV_Spoof_2019_LA/ASVspoof2019_LA_train/flac/LA_T_4693633.flac,6
/data/DATASETS/ASV_Spoof_2019_LA/ASVspoof2019_LA_dev/flac/LA_D_2567797.flac,6
/data/DATASETS/ASV_Spoof_2019_LA/ASVspoof2019_LA_train/flac/LA_T_4067971.flac,6
/data/DATASETS/ASV_Spoof_2019_LA/ASVspoof2019_LA_dev/flac/LA_D_7125605.flac,6
/data/DATASETS/ASV_Spoof_2019_LA/ASVspoof2019_LA_train/flac/LA_T_4577395.flac,6
/data/DATASETS/ASV_Spoof_2019_LA/ASVspoof2019_LA_dev/flac/LA_D_1526816.flac,6
/data/DATASETS/ASV_Spoof_2019_LA/ASVspoof2019_LA_dev/flac/LA_D_9949558.flac,6
/data/DATASETS/ASV_Spoof_2019_LA/ASVspoof2019_LA_train/flac/LA_T_5250203.flac,6
/data/DATASETS/ASV_Spoof_2019_LA/ASVspoof2019_LA_dev/flac/LA_D_3555723.flac,6
/data/DATASETS/ASV_Spoof_2019_LA/ASVspoof2019_LA_dev/flac/LA_D_4180262.flac,6
/data/DATASETS/ASV_Spoof_2019_LA/ASVspoof2019_LA_train/flac/LA_T_2254942.flac,6
/data/DATASETS/ASV_Spoof_2019_LA/ASVspoof2019_LA_train/flac/LA_T_4041503.flac,6
/data/DATASETS/ASV_Spoof_2019_LA/ASVspoof2019_LA_train/flac/LA_T_5213417.flac,6
/data/DATASETS/ASV_Spoof_2019_LA/ASVspoof2019_LA_train/flac/LA_T_4426688.flac,6
/data/DATASETS/ASV_Spoof_2019_LA/ASVspoof2019_LA_dev/flac/LA_D_3429746.flac,6
/data/DATASETS/ASV_Spoof_2019_LA/ASVspoof2019_LA_dev/flac/LA_D_3122333.flac,6
/data/DATASETS/ASV_Spoof_2019_LA/ASVspoof2019_LA_dev/flac/LA_D_1013810.flac,6
/data/DATASETS/ASV_Spoof_2019_LA/ASVspoof2019_LA_dev/flac/LA_D_5222618.flac,6
/data/DATASETS/ASV_Spoof_2019_LA/ASVspoof2019_LA_train/flac/LA_T_5346510.flac,6
/data/DATASETS/ASV_Spoof_2019_LA/ASVspoof2019_LA_dev/flac/LA_D_1091297.flac,6
/data/DATASETS/ASV_Spoof_2019_LA/ASVspoof2019_LA_train/flac/LA_T_5622745.flac,6
/data/DATASETS/ASV_Spoof_2019_LA/ASVspoof2019_LA_dev/flac/LA_D_8511990.flac,6
/data/DATASETS/ASV_Spoof_2019_LA/ASVspoof2019_LA_train/flac/LA_T_3157273.flac,6
/data/DATASETS/ASV_Spoof_2019_LA/ASVspoof2019_LA_train/flac/LA_T_6494414.flac,6
/data/DATASETS/ASV_Spoof_2019_LA/ASVspoof2019_LA_train/flac/LA_T_9324358.flac,6
/data/DATASETS/ASV_Spoof_2019_LA/ASVspoof2019_LA_train/flac/LA_T_3513614.flac,6
/data/DATASETS/ASV_Spoof_2019_LA/ASVspoof2019_LA_train/flac/LA_T_6055580.flac,6
/data/DATASETS/ASV_Spoof_2019_LA/ASVspoof2019_LA_train/flac/LA_T_7911361.flac,6
/data/DATASETS/ASV_Spoof_2019_LA/ASVspoof2019_LA_train/flac/LA_T_7045693.flac,6
/data/DATASETS/ASV_Spoof_2019_LA/ASVspoof2019_LA_train/flac/LA_T_9964303.flac,6
/data/DATASETS/ASV_Spoof_2019_LA/ASVspoof2019_LA_dev/flac/LA_D_1317526.flac,6
/data/DATASETS/ASV_Spoof_2019_LA/ASVspoof2019_LA_train/flac/LA_T_9219536.flac,6
/data/DATASETS/ASV_Spoof_2019_LA/ASVspoof2019_LA_dev/flac/LA_D_7007048.flac,6
/data/DATASETS/ASV_Spoof_2019_LA/ASVspoof2019_LA_dev/flac/LA_D_6178698.flac,6
/data/DATASETS/ASV_Spoof_2019_LA/ASVspoof2019_LA_dev/flac/LA_D_9691902.flac,6
/data/DATASETS/ASV_Spoof_2019_LA/ASVspoof2019_LA_train/flac/LA_T_2809197.flac,6
/data/DATASETS/ASV_Spoof_2019_LA/ASVspoof2019_LA_train/flac/LA_T_6306918.flac,6
/data/DATASETS/ASV_Spoof_2019_LA/ASVspoof2019_LA_dev/flac/LA_D_6330853.flac,6
/data/DATASETS/ASV_Spoof_2019_LA/ASVspoof2019_LA_dev/flac/LA_D_7905993.flac,6
/data/DATASETS/ASV_Spoof_2019_LA/ASVspoof2019_LA_train/flac/LA_T_3638490.flac,6
/data/DATASETS/ASV_Spoof_2019_LA/ASVspoof2019_LA_train/flac/LA_T_3401749.flac,6
/data/DATASETS/ASV_Spoof_2019_LA/ASVspoof2019_LA_dev/flac/LA_D_4347644.flac,6
/data/DATASETS/ASV_Spoof_2019_LA/ASVspoof2019_LA_train/flac/LA_T_8367571.flac,6
/data/DATASETS/ASV_Spoof_2019_LA/ASVspoof2019_LA_train/flac/LA_T_7570607.flac,6
/data/DATASETS/ASV_Spoof_2019_LA/ASVspoof2019_LA_train/flac/LA_T_2495511.flac,6
/data/DATASETS/ASV_Spoof_2019_LA/ASVspoof2019_LA_dev/flac/LA_D_7665313.flac,6
/data/DATASETS/ASV_Spoof_2019_LA/ASVspoof2019_LA_dev/flac/LA_D_1888505.flac,6
/data/DATASETS/ASV_Spoof_2019_LA/ASVspoof2019_LA_train/flac/LA_T_9552332.flac,6
/data/DATASETS/ASV_Spoof_2019_LA/ASVspoof2019_LA_train/flac/LA_T_3688470.flac,6
/data/DATASETS/ASV_Spoof_2019_LA/ASVspoof2019_LA_train/flac/LA_T_2628658.flac,6
/data/DATASETS/ASV_Spoof_2019_LA/ASVspoof2019_LA_dev/flac/LA_D_4153076.flac,6
/data/DATASETS/ASV_Spoof_2019_LA/ASVspoof2019_LA_train/flac/LA_T_4750404.flac,6
/data/DATASETS/ASV_Spoof_2019_LA/ASVspoof2019_LA_dev/flac/LA_D_6212794.flac,6
/data/DATASETS/ASV_Spoof_2019_LA/ASVspoof2019_LA_train/flac/LA_T_8541340.flac,6
/data/DATASETS/ASV_Spoof_2019_LA/ASVspoof2019_LA_dev/flac/LA_D_1564452.flac,6
/data/DATASETS/ASV_Spoof_2019_LA/ASVspoof2019_LA_train/flac/LA_T_4739691.flac,6
/data/DATASETS/ASV_Spoof_2019_LA/ASVspoof2019_LA_dev/flac/LA_D_8972358.flac,6
/data/DATASETS/ASV_Spoof_2019_LA/ASVspoof2019_LA_dev/flac/LA_D_2647059.flac,6
/data/DATASETS/ASV_Spoof_2019_LA/ASVspoof2019_LA_train/flac/LA_T_8347212.flac,6
/data/DATASETS/ASV_Spoof_2019_LA/ASVspoof2019_LA_train/flac/LA_T_4686108.flac,6
/data/DATASETS/ASV_Spoof_2019_LA/ASVspoof2019_LA_train/flac/LA_T_4237566.flac,6
/data/DATASETS/ASV_Spoof_2019_LA/ASVspoof2019_LA_train/flac/LA_T_5254626.flac,6
/data/DATASETS/ASV_Spoof_2019_LA/ASVspoof2019_LA_dev/flac/LA_D_7111174.flac,6
/data/DATASETS/ASV_Spoof_2019_LA/ASVspoof2019_LA_train/flac/LA_T_4667000.flac,6
/data/DATASETS/ASV_Spoof_2019_LA/ASVspoof2019_LA_train/flac/LA_T_1475793.flac,6
/data/DATASETS/ASV_Spoof_2019_LA/ASVspoof2019_LA_dev/flac/LA_D_6567387.flac,6
/data/DATASETS/ASV_Spoof_2019_LA/ASVspoof2019_LA_dev/flac/LA_D_5485350.flac,6
/data/DATASETS/ASV_Spoof_2019_LA/ASVspoof2019_LA_train/flac/LA_T_9982036.flac,6
/data/DATASETS/ASV_Spoof_2019_LA/ASVspoof2019_LA_train/flac/LA_T_6530543.flac,6
/data/DATASETS/ASV_Spoof_2019_LA/ASVspoof2019_LA_dev/flac/LA_D_7195216.flac,6
/data/DATASETS/ASV_Spoof_2019_LA/ASVspoof2019_LA_train/flac/LA_T_9307761.flac,6
/data/DATASETS/ASV_Spoof_2019_LA/ASVspoof2019_LA_train/flac/LA_T_6816701.flac,6
/data/DATASETS/ASV_Spoof_2019_LA/ASVspoof2019_LA_train/flac/LA_T_8479186.flac,6
/data/DATASETS/ASV_Spoof_2019_LA/ASVspoof2019_LA_dev/flac/LA_D_3794898.flac,6
/data/DATASETS/ASV_Spoof_2019_LA/ASVspoof2019_LA_dev/flac/LA_D_2059935.flac,6
/data/DATASETS/ASV_Spoof_2019_LA/ASVspoof2019_LA_train/flac/LA_T_3235709.flac,6
/data/DATASETS/ASV_Spoof_2019_LA/ASVspoof2019_LA_train/flac/LA_T_4045467.flac,6
/data/DATASETS/ASV_Spoof_2019_LA/ASVspoof2019_LA_train/flac/LA_T_2559457.flac,6
/data/DATASETS/ASV_Spoof_2019_LA/ASVspoof2019_LA_dev/flac/LA_D_9967133.flac,6
/data/DATASETS/ASV_Spoof_2019_LA/ASVspoof2019_LA_dev/flac/LA_D_7760383.flac,6
/data/DATASETS/ASV_Spoof_2019_LA/ASVspoof2019_LA_dev/flac/LA_D_6153919.flac,6
/data/DATASETS/ASV_Spoof_2019_LA/ASVspoof2019_LA_train/flac/LA_T_6199906.flac,6
/data/DATASETS/ASV_Spoof_2019_LA/ASVspoof2019_LA_train/flac/LA_T_4376617.flac,6
/data/DATASETS/ASV_Spoof_2019_LA/ASVspoof2019_LA_train/flac/LA_T_6479618.flac,6
/data/DATASETS/ASV_Spoof_2019_LA/ASVspoof2019_LA_train/flac/LA_T_9639923.flac,6
/data/DATASETS/ASV_Spoof_2019_LA/ASVspoof2019_LA_train/flac/LA_T_3544946.flac,6
/data/DATASETS/ASV_Spoof_2019_LA/ASVspoof2019_LA_train/flac/LA_T_9874258.flac,6
/data/DATASETS/ASV_Spoof_2019_LA/ASVspoof2019_LA_dev/flac/LA_D_2092891.flac,6
/data/DATASETS/ASV_Spoof_2019_LA/ASVspoof2019_LA_train/flac/LA_T_8333574.flac,6
/data/DATASETS/ASV_Spoof_2019_LA/ASVspoof2019_LA_train/flac/LA_T_1825168.flac,6
/data/DATASETS/ASV_Spoof_2019_LA/ASVspoof2019_LA_train/flac/LA_T_6808563.flac,6
/data/DATASETS/ASV_Spoof_2019_LA/ASVspoof2019_LA_train/flac/LA_T_7121484.flac,6
/data/DATASETS/ASV_Spoof_2019_LA/ASVspoof2019_LA_dev/flac/LA_D_4567317.flac,6
/data/DATASETS/ASV_Spoof_2019_LA/ASVspoof2019_LA_train/flac/LA_T_1524989.flac,6
/data/DATASETS/ASV_Spoof_2019_LA/ASVspoof2019_LA_train/flac/LA_T_5041786.flac,6
/data/DATASETS/ASV_Spoof_2019_LA/ASVspoof2019_LA_dev/flac/LA_D_5713417.flac,6
/data/DATASETS/ASV_Spoof_2019_LA/ASVspoof2019_LA_train/flac/LA_T_5025766.flac,6
/data/DATASETS/ASV_Spoof_2019_LA/ASVspoof2019_LA_train/flac/LA_T_3079420.flac,6
/data/DATASETS/ASV_Spoof_2019_LA/ASVspoof2019_LA_train/flac/LA_T_8570998.flac,6
/data/DATASETS/ASV_Spoof_2019_LA/ASVspoof2019_LA_train/flac/LA_T_2198329.flac,6
/data/DATASETS/ASV_Spoof_2019_LA/ASVspoof2019_LA_dev/flac/LA_D_7562673.flac,6
/data/DATASETS/ASV_Spoof_2019_LA/ASVspoof2019_LA_dev/flac/LA_D_3984908.flac,6
/data/DATASETS/ASV_Spoof_2019_LA/ASVspoof2019_LA_train/flac/LA_T_3719438.flac,6
/data/DATASETS/ASV_Spoof_2019_LA/ASVspoof2019_LA_train/flac/LA_T_3425474.flac,6
/data/DATASETS/ASV_Spoof_2019_LA/ASVspoof2019_LA_dev/flac/LA_D_2714506.flac,6
/data/DATASETS/ASV_Spoof_2019_LA/ASVspoof2019_LA_dev/flac/LA_D_6197832.flac,6
/data/DATASETS/ASV_Spoof_2019_LA/ASVspoof2019_LA_train/flac/LA_T_3056191.flac,6
/data/DATASETS/ASV_Spoof_2019_LA/ASVspoof2019_LA_dev/flac/LA_D_9743129.flac,6
/data/DATASETS/ASV_Spoof_2019_LA/ASVspoof2019_LA_train/flac/LA_T_4647513.flac,6
/data/DATASETS/ASV_Spoof_2019_LA/ASVspoof2019_LA_train/flac/LA_T_8764750.flac,6
/data/DATASETS/ASV_Spoof_2019_LA/ASVspoof2019_LA_train/flac/LA_T_4689629.flac,6
/data/DATASETS/ASV_Spoof_2019_LA/ASVspoof2019_LA_dev/flac/LA_D_9831804.flac,6
/data/DATASETS/ASV_Spoof_2019_LA/ASVspoof2019_LA_train/flac/LA_T_1457097.flac,6
/data/DATASETS/ASV_Spoof_2019_LA/ASVspoof2019_LA_dev/flac/LA_D_6904113.flac,6
/data/DATASETS/ASV_Spoof_2019_LA/ASVspoof2019_LA_dev/flac/LA_D_5818741.flac,6
/data/DATASETS/ASV_Spoof_2019_LA/ASVspoof2019_LA_train/flac/LA_T_2878655.flac,6
/data/DATASETS/ASV_Spoof_2019_LA/ASVspoof2019_LA_dev/flac/LA_D_9167700.flac,6
/data/DATASETS/ASV_Spoof_2019_LA/ASVspoof2019_LA_train/flac/LA_T_2156259.flac,6
/data/DATASETS/ASV_Spoof_2019_LA/ASVspoof2019_LA_dev/flac/LA_D_9499913.flac,6
/data/DATASETS/ASV_Spoof_2019_LA/ASVspoof2019_LA_train/flac/LA_T_8234871.flac,6
/data/DATASETS/ASV_Spoof_2019_LA/ASVspoof2019_LA_dev/flac/LA_D_5051791.flac,6
/data/DATASETS/ASV_Spoof_2019_LA/ASVspoof2019_LA_train/flac/LA_T_3431315.flac,6
/data/DATASETS/ASV_Spoof_2019_LA/ASVspoof2019_LA_train/flac/LA_T_5754252.flac,6
/data/DATASETS/ASV_Spoof_2019_LA/ASVspoof2019_LA_train/flac/LA_T_6894575.flac,6
/data/DATASETS/ASV_Spoof_2019_LA/ASVspoof2019_LA_dev/flac/LA_D_7970494.flac,6
/data/DATASETS/ASV_Spoof_2019_LA/ASVspoof2019_LA_dev/flac/LA_D_9926699.flac,6
/data/DATASETS/ASV_Spoof_2019_LA/ASVspoof2019_LA_dev/flac/LA_D_7764712.flac,6
/data/DATASETS/ASV_Spoof_2019_LA/ASVspoof2019_LA_train/flac/LA_T_5985298.flac,6
/data/DATASETS/ASV_Spoof_2019_LA/ASVspoof2019_LA_train/flac/LA_T_7145486.flac,6
/data/DATASETS/ASV_Spoof_2019_LA/ASVspoof2019_LA_dev/flac/LA_D_2836370.flac,6
/data/DATASETS/ASV_Spoof_2019_LA/ASVspoof2019_LA_train/flac/LA_T_9859706.flac,6
/data/DATASETS/ASV_Spoof_2019_LA/ASVspoof2019_LA_train/flac/LA_T_6811138.flac,6
/data/DATASETS/ASV_Spoof_2019_LA/ASVspoof2019_LA_train/flac/LA_T_4572540.flac,6
/data/DATASETS/ASV_Spoof_2019_LA/ASVspoof2019_LA_train/flac/LA_T_6649737.flac,6
/data/DATASETS/ASV_Spoof_2019_LA/ASVspoof2019_LA_train/flac/LA_T_3272181.flac,6
/data/DATASETS/ASV_Spoof_2019_LA/ASVspoof2019_LA_dev/flac/LA_D_8022000.flac,6
/data/DATASETS/ASV_Spoof_2019_LA/ASVspoof2019_LA_train/flac/LA_T_2164012.flac,6
/data/DATASETS/ASV_Spoof_2019_LA/ASVspoof2019_LA_train/flac/LA_T_4597884.flac,6
/data/DATASETS/ASV_Spoof_2019_LA/ASVspoof2019_LA_train/flac/LA_T_2347890.flac,6
/data/DATASETS/ASV_Spoof_2019_LA/ASVspoof2019_LA_train/flac/LA_T_4457664.flac,6
/data/DATASETS/ASV_Spoof_2019_LA/ASVspoof2019_LA_train/flac/LA_T_5060825.flac,6
/data/DATASETS/ASV_Spoof_2019_LA/ASVspoof2019_LA_dev/flac/LA_D_8249964.flac,6
/data/DATASETS/ASV_Spoof_2019_LA/ASVspoof2019_LA_train/flac/LA_T_8588493.flac,6
/data/DATASETS/ASV_Spoof_2019_LA/ASVspoof2019_LA_train/flac/LA_T_5285752.flac,6
/data/DATASETS/ASV_Spoof_2019_LA/ASVspoof2019_LA_dev/flac/LA_D_9948019.flac,6
/data/DATASETS/ASV_Spoof_2019_LA/ASVspoof2019_LA_train/flac/LA_T_8231122.flac,6
/data/DATASETS/ASV_Spoof_2019_LA/ASVspoof2019_LA_train/flac/LA_T_3734840.flac,6
/data/DATASETS/ASV_Spoof_2019_LA/ASVspoof2019_LA_train/flac/LA_T_1875326.flac,6
/data/DATASETS/ASV_Spoof_2019_LA/ASVspoof2019_LA_dev/flac/LA_D_3793172.flac,6
/data/DATASETS/ASV_Spoof_2019_LA/ASVspoof2019_LA_dev/flac/LA_D_7595396.flac,6
/data/DATASETS/ASV_Spoof_2019_LA/ASVspoof2019_LA_dev/flac/LA_D_1758405.flac,6
/data/DATASETS/ASV_Spoof_2019_LA/ASVspoof2019_LA_train/flac/LA_T_4277542.flac,6
/data/DATASETS/ASV_Spoof_2019_LA/ASVspoof2019_LA_dev/flac/LA_D_4933781.flac,6
/data/DATASETS/ASV_Spoof_2019_LA/ASVspoof2019_LA_train/flac/LA_T_9929535.flac,6
/data/DATASETS/ASV_Spoof_2019_LA/ASVspoof2019_LA_dev/flac/LA_D_3758904.flac,6
/data/DATASETS/ASV_Spoof_2019_LA/ASVspoof2019_LA_train/flac/LA_T_3044859.flac,6
/data/DATASETS/ASV_Spoof_2019_LA/ASVspoof2019_LA_dev/flac/LA_D_2498389.flac,6
/data/DATASETS/ASV_Spoof_2019_LA/ASVspoof2019_LA_dev/flac/LA_D_4230212.flac,6
/data/DATASETS/ASV_Spoof_2019_LA/ASVspoof2019_LA_dev/flac/LA_D_1364338.flac,6
/data/DATASETS/ASV_Spoof_2019_LA/ASVspoof2019_LA_train/flac/LA_T_4167933.flac,6
/data/DATASETS/ASV_Spoof_2019_LA/ASVspoof2019_LA_train/flac/LA_T_8340067.flac,6
/data/DATASETS/ASV_Spoof_2019_LA/ASVspoof2019_LA_train/flac/LA_T_9920658.flac,6
/data/DATASETS/ASV_Spoof_2019_LA/ASVspoof2019_LA_train/flac/LA_T_2204578.flac,6
/data/DATASETS/ASV_Spoof_2019_LA/ASVspoof2019_LA_train/flac/LA_T_8924066.flac,6
/data/DATASETS/ASV_Spoof_2019_LA/ASVspoof2019_LA_dev/flac/LA_D_6845165.flac,6
/data/DATASETS/ASV_Spoof_2019_LA/ASVspoof2019_LA_train/flac/LA_T_6327671.flac,6
/data/DATASETS/ASV_Spoof_2019_LA/ASVspoof2019_LA_train/flac/LA_T_9408539.flac,6
/data/DATASETS/ASV_Spoof_2019_LA/ASVspoof2019_LA_train/flac/LA_T_4383495.flac,6
/data/DATASETS/ASV_Spoof_2019_LA/ASVspoof2019_LA_train/flac/LA_T_7254901.flac,6
/data/DATASETS/ASV_Spoof_2019_LA/ASVspoof2019_LA_dev/flac/LA_D_8169401.flac,6
/data/DATASETS/ASV_Spoof_2019_LA/ASVspoof2019_LA_train/flac/LA_T_6817324.flac,6
/data/DATASETS/ASV_Spoof_2019_LA/ASVspoof2019_LA_dev/flac/LA_D_9953005.flac,6
/data/DATASETS/ASV_Spoof_2019_LA/ASVspoof2019_LA_dev/flac/LA_D_4489550.flac,6
/data/DATASETS/ASV_Spoof_2019_LA/ASVspoof2019_LA_train/flac/LA_T_1490331.flac,6
/data/DATASETS/ASV_Spoof_2019_LA/ASVspoof2019_LA_train/flac/LA_T_3447352.flac,6
/data/DATASETS/ASV_Spoof_2019_LA/ASVspoof2019_LA_dev/flac/LA_D_2590761.flac,6
/data/DATASETS/ASV_Spoof_2019_LA/ASVspoof2019_LA_dev/flac/LA_D_2156580.flac,6
/data/DATASETS/ASV_Spoof_2019_LA/ASVspoof2019_LA_train/flac/LA_T_9021375.flac,6
/data/DATASETS/ASV_Spoof_2019_LA/ASVspoof2019_LA_dev/flac/LA_D_9871071.flac,6
/data/DATASETS/ASV_Spoof_2019_LA/ASVspoof2019_LA_train/flac/LA_T_4222706.flac,6
/data/DATASETS/ASV_Spoof_2019_LA/ASVspoof2019_LA_dev/flac/LA_D_1845069.flac,6
/data/DATASETS/ASV_Spoof_2019_LA/ASVspoof2019_LA_dev/flac/LA_D_8065854.flac,6
/data/DATASETS/ASV_Spoof_2019_LA/ASVspoof2019_LA_train/flac/LA_T_2517686.flac,6
/data/DATASETS/ASV_Spoof_2019_LA/ASVspoof2019_LA_dev/flac/LA_D_6013939.flac,6
/data/DATASETS/ASV_Spoof_2019_LA/ASVspoof2019_LA_train/flac/LA_T_9434146.flac,6
/data/DATASETS/ASV_Spoof_2019_LA/ASVspoof2019_LA_train/flac/LA_T_5689686.flac,6
/data/DATASETS/ASV_Spoof_2019_LA/ASVspoof2019_LA_train/flac/LA_T_2521595.flac,6
/data/DATASETS/ASV_Spoof_2019_LA/ASVspoof2019_LA_train/flac/LA_T_9482182.flac,6
/data/DATASETS/ASV_Spoof_2019_LA/ASVspoof2019_LA_dev/flac/LA_D_8024926.flac,6
/data/DATASETS/ASV_Spoof_2019_LA/ASVspoof2019_LA_dev/flac/LA_D_8610307.flac,6
/data/DATASETS/ASV_Spoof_2019_LA/ASVspoof2019_LA_dev/flac/LA_D_6607113.flac,6
/data/DATASETS/ASV_Spoof_2019_LA/ASVspoof2019_LA_dev/flac/LA_D_5540322.flac,6
/data/DATASETS/ASV_Spoof_2019_LA/ASVspoof2019_LA_train/flac/LA_T_8002996.flac,6
/data/DATASETS/ASV_Spoof_2019_LA/ASVspoof2019_LA_train/flac/LA_T_8502821.flac,6
/data/DATASETS/ASV_Spoof_2019_LA/ASVspoof2019_LA_train/flac/LA_T_5036971.flac,6
/data/DATASETS/ASV_Spoof_2019_LA/ASVspoof2019_LA_dev/flac/LA_D_8505340.flac,6
/data/DATASETS/ASV_Spoof_2019_LA/ASVspoof2019_LA_train/flac/LA_T_1879938.flac,6
/data/DATASETS/ASV_Spoof_2019_LA/ASVspoof2019_LA_train/flac/LA_T_8018123.flac,6
/data/DATASETS/ASV_Spoof_2019_LA/ASVspoof2019_LA_dev/flac/LA_D_5197604.flac,6
/data/DATASETS/ASV_Spoof_2019_LA/ASVspoof2019_LA_dev/flac/LA_D_2886143.flac,6
/data/DATASETS/ASV_Spoof_2019_LA/ASVspoof2019_LA_dev/flac/LA_D_1212413.flac,6
/data/DATASETS/ASV_Spoof_2019_LA/ASVspoof2019_LA_dev/flac/LA_D_5427856.flac,6
/data/DATASETS/ASV_Spoof_2019_LA/ASVspoof2019_LA_train/flac/LA_T_5363485.flac,6
/data/DATASETS/ASV_Spoof_2019_LA/ASVspoof2019_LA_train/flac/LA_T_9134876.flac,6
/data/DATASETS/ASV_Spoof_2019_LA/ASVspoof2019_LA_dev/flac/LA_D_4039557.flac,6
/data/DATASETS/ASV_Spoof_2019_LA/ASVspoof2019_LA_train/flac/LA_T_7995941.flac,6
/data/DATASETS/ASV_Spoof_2019_LA/ASVspoof2019_LA_dev/flac/LA_D_6020580.flac,6
/data/DATASETS/ASV_Spoof_2019_LA/ASVspoof2019_LA_dev/flac/LA_D_4069031.flac,6
/data/DATASETS/ASV_Spoof_2019_LA/ASVspoof2019_LA_dev/flac/LA_D_9043896.flac,6
/data/DATASETS/ASV_Spoof_2019_LA/ASVspoof2019_LA_train/flac/LA_T_4289807.flac,6
/data/DATASETS/ASV_Spoof_2019_LA/ASVspoof2019_LA_train/flac/LA_T_3144147.flac,6
/data/DATASETS/ASV_Spoof_2019_LA/ASVspoof2019_LA_train/flac/LA_T_6656631.flac,6
/data/DATASETS/ASV_Spoof_2019_LA/ASVspoof2019_LA_dev/flac/LA_D_8892958.flac,6
/data/DATASETS/ASV_Spoof_2019_LA/ASVspoof2019_LA_train/flac/LA_T_3133729.flac,6
/data/DATASETS/ASV_Spoof_2019_LA/ASVspoof2019_LA_train/flac/LA_T_7381438.flac,6
/data/DATASETS/ASV_Spoof_2019_LA/ASVspoof2019_LA_train/flac/LA_T_9361130.flac,6
/data/DATASETS/ASV_Spoof_2019_LA/ASVspoof2019_LA_train/flac/LA_T_3905054.flac,6
/data/DATASETS/ASV_Spoof_2019_LA/ASVspoof2019_LA_train/flac/LA_T_5657016.flac,6
/data/DATASETS/ASV_Spoof_2019_LA/ASVspoof2019_LA_dev/flac/LA_D_5440591.flac,6
/data/DATASETS/ASV_Spoof_2019_LA/ASVspoof2019_LA_train/flac/LA_T_3177106.flac,6
/data/DATASETS/ASV_Spoof_2019_LA/ASVspoof2019_LA_dev/flac/LA_D_8815416.flac,6
/data/DATASETS/ASV_Spoof_2019_LA/ASVspoof2019_LA_dev/flac/LA_D_2669376.flac,6
/data/DATASETS/ASV_Spoof_2019_LA/ASVspoof2019_LA_dev/flac/LA_D_3477279.flac,6
/data/DATASETS/ASV_Spoof_2019_LA/ASVspoof2019_LA_train/flac/LA_T_1091414.flac,6
/data/DATASETS/ASV_Spoof_2019_LA/ASVspoof2019_LA_dev/flac/LA_D_4859174.flac,6
/data/DATASETS/ASV_Spoof_2019_LA/ASVspoof2019_LA_train/flac/LA_T_6979136.flac,6
/data/DATASETS/ASV_Spoof_2019_LA/ASVspoof2019_LA_train/flac/LA_T_2748499.flac,6
/data/DATASETS/ASV_Spoof_2019_LA/ASVspoof2019_LA_train/flac/LA_T_3746724.flac,6
/data/DATASETS/ASV_Spoof_2019_LA/ASVspoof2019_LA_dev/flac/LA_D_2897114.flac,6
/data/DATASETS/ASV_Spoof_2019_LA/ASVspoof2019_LA_train/flac/LA_T_3658320.flac,6
/data/DATASETS/ASV_Spoof_2019_LA/ASVspoof2019_LA_dev/flac/LA_D_8043612.flac,6
/data/DATASETS/ASV_Spoof_2019_LA/ASVspoof2019_LA_train/flac/LA_T_2974144.flac,6
/data/DATASETS/ASV_Spoof_2019_LA/ASVspoof2019_LA_train/flac/LA_T_5632743.flac,6
/data/DATASETS/ASV_Spoof_2019_LA/ASVspoof2019_LA_dev/flac/LA_D_3327838.flac,6
/data/DATASETS/ASV_Spoof_2019_LA/ASVspoof2019_LA_dev/flac/LA_D_6545950.flac,6
/data/DATASETS/ASV_Spoof_2019_LA/ASVspoof2019_LA_dev/flac/LA_D_1121126.flac,6
/data/DATASETS/ASV_Spoof_2019_LA/ASVspoof2019_LA_dev/flac/LA_D_3176688.flac,6
/data/DATASETS/ASV_Spoof_2019_LA/ASVspoof2019_LA_dev/flac/LA_D_8255145.flac,6
/data/DATASETS/ASV_Spoof_2019_LA/ASVspoof2019_LA_train/flac/LA_T_9097499.flac,6
/data/DATASETS/ASV_Spoof_2019_LA/ASVspoof2019_LA_dev/flac/LA_D_9528207.flac,6
/data/DATASETS/ASV_Spoof_2019_LA/ASVspoof2019_LA_train/flac/LA_T_2741225.flac,6
/data/DATASETS/ASV_Spoof_2019_LA/ASVspoof2019_LA_dev/flac/LA_D_7091071.flac,6
/data/DATASETS/ASV_Spoof_2019_LA/ASVspoof2019_LA_dev/flac/LA_D_9439087.flac,6
/data/DATASETS/ASV_Spoof_2019_LA/ASVspoof2019_LA_train/flac/LA_T_8253619.flac,6
/data/DATASETS/ASV_Spoof_2019_LA/ASVspoof2019_LA_train/flac/LA_T_7597863.flac,6
/data/DATASETS/ASV_Spoof_2019_LA/ASVspoof2019_LA_dev/flac/LA_D_4928075.flac,6
/data/DATASETS/ASV_Spoof_2019_LA/ASVspoof2019_LA_train/flac/LA_T_5671782.flac,6
/data/DATASETS/ASV_Spoof_2019_LA/ASVspoof2019_LA_train/flac/LA_T_8032588.flac,6
/data/DATASETS/ASV_Spoof_2019_LA/ASVspoof2019_LA_dev/flac/LA_D_5909078.flac,6
/data/DATASETS/ASV_Spoof_2019_LA/ASVspoof2019_LA_train/flac/LA_T_6764529.flac,6
/data/DATASETS/ASV_Spoof_2019_LA/ASVspoof2019_LA_dev/flac/LA_D_6210847.flac,6
/data/DATASETS/ASV_Spoof_2019_LA/ASVspoof2019_LA_dev/flac/LA_D_9503289.flac,6
/data/DATASETS/ASV_Spoof_2019_LA/ASVspoof2019_LA_train/flac/LA_T_3715687.flac,6
/data/DATASETS/ASV_Spoof_2019_LA/ASVspoof2019_LA_train/flac/LA_T_1129020.flac,6
/data/DATASETS/ASV_Spoof_2019_LA/ASVspoof2019_LA_dev/flac/LA_D_2850788.flac,6
/data/DATASETS/ASV_Spoof_2019_LA/ASVspoof2019_LA_train/flac/LA_T_3526016.flac,6
/data/DATASETS/ASV_Spoof_2019_LA/ASVspoof2019_LA_dev/flac/LA_D_8957959.flac,6
/data/DATASETS/ASV_Spoof_2019_LA/ASVspoof2019_LA_train/flac/LA_T_3813363.flac,6
/data/DATASETS/ASV_Spoof_2019_LA/ASVspoof2019_LA_dev/flac/LA_D_9694827.flac,6
/data/DATASETS/ASV_Spoof_2019_LA/ASVspoof2019_LA_dev/flac/LA_D_1237580.flac,6
/data/DATASETS/ASV_Spoof_2019_LA/ASVspoof2019_LA_train/flac/LA_T_8361423.flac,6
/data/DATASETS/ASV_Spoof_2019_LA/ASVspoof2019_LA_train/flac/LA_T_6441852.flac,6
/data/DATASETS/ASV_Spoof_2019_LA/ASVspoof2019_LA_train/flac/LA_T_6095323.flac,6
/data/DATASETS/ASV_Spoof_2019_LA/ASVspoof2019_LA_train/flac/LA_T_4589610.flac,6
/data/DATASETS/ASV_Spoof_2019_LA/ASVspoof2019_LA_train/flac/LA_T_5363951.flac,6
/data/DATASETS/ASV_Spoof_2019_LA/ASVspoof2019_LA_train/flac/LA_T_2341814.flac,6
/data/DATASETS/ASV_Spoof_2019_LA/ASVspoof2019_LA_train/flac/LA_T_3682623.flac,6
/data/DATASETS/ASV_Spoof_2019_LA/ASVspoof2019_LA_dev/flac/LA_D_1743004.flac,6
/data/DATASETS/ASV_Spoof_2019_LA/ASVspoof2019_LA_dev/flac/LA_D_6104615.flac,6
/data/DATASETS/ASV_Spoof_2019_LA/ASVspoof2019_LA_dev/flac/LA_D_8925536.flac,6
/data/DATASETS/ASV_Spoof_2019_LA/ASVspoof2019_LA_train/flac/LA_T_5820788.flac,6
/data/DATASETS/ASV_Spoof_2019_LA/ASVspoof2019_LA_train/flac/LA_T_6411676.flac,6
/data/DATASETS/ASV_Spoof_2019_LA/ASVspoof2019_LA_dev/flac/LA_D_9391009.flac,6
/data/DATASETS/ASV_Spoof_2019_LA/ASVspoof2019_LA_train/flac/LA_T_5006480.flac,6
/data/DATASETS/ASV_Spoof_2019_LA/ASVspoof2019_LA_train/flac/LA_T_6644418.flac,6
/data/DATASETS/ASV_Spoof_2019_LA/ASVspoof2019_LA_train/flac/LA_T_9394839.flac,6
/data/DATASETS/ASV_Spoof_2019_LA/ASVspoof2019_LA_dev/flac/LA_D_3373606.flac,6
/data/DATASETS/ASV_Spoof_2019_LA/ASVspoof2019_LA_dev/flac/LA_D_9812523.flac,6
/data/DATASETS/ASV_Spoof_2019_LA/ASVspoof2019_LA_dev/flac/LA_D_6522313.flac,6
/data/DATASETS/ASV_Spoof_2019_LA/ASVspoof2019_LA_train/flac/LA_T_2748681.flac,6
/data/DATASETS/ASV_Spoof_2019_LA/ASVspoof2019_LA_dev/flac/LA_D_7610801.flac,6
/data/DATASETS/ASV_Spoof_2019_LA/ASVspoof2019_LA_train/flac/LA_T_5186873.flac,6
/data/DATASETS/ASV_Spoof_2019_LA/ASVspoof2019_LA_train/flac/LA_T_1779190.flac,6
/data/DATASETS/ASV_Spoof_2019_LA/ASVspoof2019_LA_dev/flac/LA_D_9421383.flac,6
/data/DATASETS/ASV_Spoof_2019_LA/ASVspoof2019_LA_dev/flac/LA_D_1139754.flac,6
/data/DATASETS/ASV_Spoof_2019_LA/ASVspoof2019_LA_dev/flac/LA_D_3368117.flac,6
/data/DATASETS/ASV_Spoof_2019_LA/ASVspoof2019_LA_dev/flac/LA_D_2138603.flac,6
/data/DATASETS/ASV_Spoof_2019_LA/ASVspoof2019_LA_train/flac/LA_T_6723477.flac,6
/data/DATASETS/ASV_Spoof_2019_LA/ASVspoof2019_LA_train/flac/LA_T_9491057.flac,6
/data/DATASETS/ASV_Spoof_2019_LA/ASVspoof2019_LA_dev/flac/LA_D_2254222.flac,6
/data/DATASETS/ASV_Spoof_2019_LA/ASVspoof2019_LA_train/flac/LA_T_4917480.flac,6
/data/DATASETS/ASV_Spoof_2019_LA/ASVspoof2019_LA_dev/flac/LA_D_4246541.flac,6
/data/DATASETS/ASV_Spoof_2019_LA/ASVspoof2019_LA_dev/flac/LA_D_7741435.flac,6
/data/DATASETS/ASV_Spoof_2019_LA/ASVspoof2019_LA_dev/flac/LA_D_2354304.flac,6
/data/DATASETS/ASV_Spoof_2019_LA/ASVspoof2019_LA_train/flac/LA_T_1252180.flac,6
/data/DATASETS/ASV_Spoof_2019_LA/ASVspoof2019_LA_dev/flac/LA_D_2920298.flac,6
/data/DATASETS/ASV_Spoof_2019_LA/ASVspoof2019_LA_train/flac/LA_T_7875574.flac,6
/data/DATASETS/ASV_Spoof_2019_LA/ASVspoof2019_LA_dev/flac/LA_D_7765965.flac,6
/data/DATASETS/ASV_Spoof_2019_LA/ASVspoof2019_LA_train/flac/LA_T_4423726.flac,6
/data/DATASETS/ASV_Spoof_2019_LA/ASVspoof2019_LA_dev/flac/LA_D_8592787.flac,6
/data/DATASETS/ASV_Spoof_2019_LA/ASVspoof2019_LA_train/flac/LA_T_8054660.flac,6
/data/DATASETS/ASV_Spoof_2019_LA/ASVspoof2019_LA_train/flac/LA_T_6959902.flac,6
/data/DATASETS/ASV_Spoof_2019_LA/ASVspoof2019_LA_train/flac/LA_T_5847895.flac,6
/data/DATASETS/ASV_Spoof_2019_LA/ASVspoof2019_LA_train/flac/LA_T_4950960.flac,6
/data/DATASETS/ASV_Spoof_2019_LA/ASVspoof2019_LA_train/flac/LA_T_8226959.flac,6
/data/DATASETS/ASV_Spoof_2019_LA/ASVspoof2019_LA_train/flac/LA_T_5627457.flac,6
/data/DATASETS/ASV_Spoof_2019_LA/ASVspoof2019_LA_dev/flac/LA_D_5459095.flac,6
/data/DATASETS/ASV_Spoof_2019_LA/ASVspoof2019_LA_train/flac/LA_T_2125329.flac,6
/data/DATASETS/ASV_Spoof_2019_LA/ASVspoof2019_LA_train/flac/LA_T_4813384.flac,6
/data/DATASETS/ASV_Spoof_2019_LA/ASVspoof2019_LA_dev/flac/LA_D_2282941.flac,6
/data/DATASETS/ASV_Spoof_2019_LA/ASVspoof2019_LA_dev/flac/LA_D_8678708.flac,6
/data/DATASETS/ASV_Spoof_2019_LA/ASVspoof2019_LA_dev/flac/LA_D_3438168.flac,6
/data/DATASETS/ASV_Spoof_2019_LA/ASVspoof2019_LA_train/flac/LA_T_8545170.flac,6
/data/DATASETS/ASV_Spoof_2019_LA/ASVspoof2019_LA_dev/flac/LA_D_7900165.flac,6
/data/DATASETS/ASV_Spoof_2019_LA/ASVspoof2019_LA_train/flac/LA_T_9281495.flac,6
/data/DATASETS/ASV_Spoof_2019_LA/ASVspoof2019_LA_train/flac/LA_T_9094529.flac,6
/data/DATASETS/ASV_Spoof_2019_LA/ASVspoof2019_LA_train/flac/LA_T_7960625.flac,6
/data/DATASETS/ASV_Spoof_2019_LA/ASVspoof2019_LA_train/flac/LA_T_7214755.flac,6
/data/DATASETS/ASV_Spoof_2019_LA/ASVspoof2019_LA_dev/flac/LA_D_3251300.flac,6
/data/DATASETS/ASV_Spoof_2019_LA/ASVspoof2019_LA_dev/flac/LA_D_6154817.flac,6
/data/DATASETS/ASV_Spoof_2019_LA/ASVspoof2019_LA_train/flac/LA_T_3588194.flac,6
/data/DATASETS/ASV_Spoof_2019_LA/ASVspoof2019_LA_dev/flac/LA_D_7431998.flac,6
/data/DATASETS/ASV_Spoof_2019_LA/ASVspoof2019_LA_train/flac/LA_T_5503827.flac,6
/data/DATASETS/ASV_Spoof_2019_LA/ASVspoof2019_LA_train/flac/LA_T_4476052.flac,6
/data/DATASETS/ASV_Spoof_2019_LA/ASVspoof2019_LA_dev/flac/LA_D_1959983.flac,6
/data/DATASETS/ASV_Spoof_2019_LA/ASVspoof2019_LA_train/flac/LA_T_7622813.flac,6
/data/DATASETS/ASV_Spoof_2019_LA/ASVspoof2019_LA_dev/flac/LA_D_7944594.flac,6
/data/DATASETS/ASV_Spoof_2019_LA/ASVspoof2019_LA_dev/flac/LA_D_8700986.flac,6
/data/DATASETS/ASV_Spoof_2019_LA/ASVspoof2019_LA_train/flac/LA_T_2879514.flac,6
/data/DATASETS/ASV_Spoof_2019_LA/ASVspoof2019_LA_train/flac/LA_T_8057574.flac,6
/data/DATASETS/ASV_Spoof_2019_LA/ASVspoof2019_LA_train/flac/LA_T_8633334.flac,6
/data/DATASETS/ASV_Spoof_2019_LA/ASVspoof2019_LA_dev/flac/LA_D_4365682.flac,6
/data/DATASETS/ASV_Spoof_2019_LA/ASVspoof2019_LA_train/flac/LA_T_4241308.flac,6
/data/DATASETS/ASV_Spoof_2019_LA/ASVspoof2019_LA_train/flac/LA_T_8121107.flac,6
/data/DATASETS/ASV_Spoof_2019_LA/ASVspoof2019_LA_dev/flac/LA_D_7116605.flac,6
/data/DATASETS/ASV_Spoof_2019_LA/ASVspoof2019_LA_dev/flac/LA_D_6736558.flac,6
/data/DATASETS/ASV_Spoof_2019_LA/ASVspoof2019_LA_dev/flac/LA_D_4707978.flac,6
/data/DATASETS/ASV_Spoof_2019_LA/ASVspoof2019_LA_dev/flac/LA_D_9153269.flac,6
/data/DATASETS/ASV_Spoof_2019_LA/ASVspoof2019_LA_train/flac/LA_T_8443367.flac,6
/data/DATASETS/ASV_Spoof_2019_LA/ASVspoof2019_LA_train/flac/LA_T_2415385.flac,6
/data/DATASETS/ASV_Spoof_2019_LA/ASVspoof2019_LA_dev/flac/LA_D_1428381.flac,6
/data/DATASETS/ASV_Spoof_2019_LA/ASVspoof2019_LA_train/flac/LA_T_4700098.flac,6
/data/DATASETS/ASV_Spoof_2019_LA/ASVspoof2019_LA_dev/flac/LA_D_1728757.flac,6
/data/DATASETS/ASV_Spoof_2019_LA/ASVspoof2019_LA_dev/flac/LA_D_5263011.flac,6
/data/DATASETS/ASV_Spoof_2019_LA/ASVspoof2019_LA_dev/flac/LA_D_1566347.flac,6
/data/DATASETS/ASV_Spoof_2019_LA/ASVspoof2019_LA_train/flac/LA_T_7211346.flac,6
/data/DATASETS/ASV_Spoof_2019_LA/ASVspoof2019_LA_train/flac/LA_T_4156985.flac,6
/data/DATASETS/ASV_Spoof_2019_LA/ASVspoof2019_LA_train/flac/LA_T_3827338.flac,6
/data/DATASETS/ASV_Spoof_2019_LA/ASVspoof2019_LA_dev/flac/LA_D_5220521.flac,6
/data/DATASETS/ASV_Spoof_2019_LA/ASVspoof2019_LA_dev/flac/LA_D_7388723.flac,6
/data/DATASETS/ASV_Spoof_2019_LA/ASVspoof2019_LA_dev/flac/LA_D_3063506.flac,6
/data/DATASETS/ASV_Spoof_2019_LA/ASVspoof2019_LA_dev/flac/LA_D_3968324.flac,6
/data/DATASETS/ASV_Spoof_2019_LA/ASVspoof2019_LA_dev/flac/LA_D_8037537.flac,6
/data/DATASETS/ASV_Spoof_2019_LA/ASVspoof2019_LA_train/flac/LA_T_2130316.flac,6
/data/DATASETS/ASV_Spoof_2019_LA/ASVspoof2019_LA_dev/flac/LA_D_1233489.flac,6
/data/DATASETS/ASV_Spoof_2019_LA/ASVspoof2019_LA_dev/flac/LA_D_1671144.flac,6
/data/DATASETS/ASV_Spoof_2019_LA/ASVspoof2019_LA_train/flac/LA_T_9547226.flac,6
/data/DATASETS/ASV_Spoof_2019_LA/ASVspoof2019_LA_train/flac/LA_T_7847437.flac,6
/data/DATASETS/ASV_Spoof_2019_LA/ASVspoof2019_LA_train/flac/LA_T_4136535.flac,6
/data/DATASETS/ASV_Spoof_2019_LA/ASVspoof2019_LA_train/flac/LA_T_9874810.flac,6
/data/DATASETS/ASV_Spoof_2019_LA/ASVspoof2019_LA_train/flac/LA_T_6214397.flac,6
/data/DATASETS/ASV_Spoof_2019_LA/ASVspoof2019_LA_train/flac/LA_T_6084870.flac,6
/data/DATASETS/ASV_Spoof_2019_LA/ASVspoof2019_LA_train/flac/LA_T_4886527.flac,6
/data/DATASETS/ASV_Spoof_2019_LA/ASVspoof2019_LA_dev/flac/LA_D_5171645.flac,6
/data/DATASETS/ASV_Spoof_2019_LA/ASVspoof2019_LA_dev/flac/LA_D_9898895.flac,6
/data/DATASETS/ASV_Spoof_2019_LA/ASVspoof2019_LA_dev/flac/LA_D_3685984.flac,6
/data/DATASETS/ASV_Spoof_2019_LA/ASVspoof2019_LA_train/flac/LA_T_9166463.flac,6
/data/DATASETS/ASV_Spoof_2019_LA/ASVspoof2019_LA_train/flac/LA_T_7784353.flac,6
/data/DATASETS/ASV_Spoof_2019_LA/ASVspoof2019_LA_train/flac/LA_T_4704105.flac,6
/data/DATASETS/ASV_Spoof_2019_LA/ASVspoof2019_LA_dev/flac/LA_D_2534090.flac,6
/data/DATASETS/ASV_Spoof_2019_LA/ASVspoof2019_LA_train/flac/LA_T_5546879.flac,6
/data/DATASETS/ASV_Spoof_2019_LA/ASVspoof2019_LA_train/flac/LA_T_3477720.flac,6
/data/DATASETS/ASV_Spoof_2019_LA/ASVspoof2019_LA_train/flac/LA_T_4246480.flac,6
/data/DATASETS/ASV_Spoof_2019_LA/ASVspoof2019_LA_dev/flac/LA_D_4207896.flac,6
/data/DATASETS/ASV_Spoof_2019_LA/ASVspoof2019_LA_dev/flac/LA_D_5323011.flac,6
/data/DATASETS/ASV_Spoof_2019_LA/ASVspoof2019_LA_dev/flac/LA_D_9436350.flac,6
/data/DATASETS/ASV_Spoof_2019_LA/ASVspoof2019_LA_dev/flac/LA_D_1369901.flac,6
/data/DATASETS/ASV_Spoof_2019_LA/ASVspoof2019_LA_train/flac/LA_T_5309045.flac,6
/data/DATASETS/ASV_Spoof_2019_LA/ASVspoof2019_LA_train/flac/LA_T_2831329.flac,6
/data/DATASETS/ASV_Spoof_2019_LA/ASVspoof2019_LA_dev/flac/LA_D_5271365.flac,6
/data/DATASETS/ASV_Spoof_2019_LA/ASVspoof2019_LA_dev/flac/LA_D_1576850.flac,6
/data/DATASETS/ASV_Spoof_2019_LA/ASVspoof2019_LA_dev/flac/LA_D_5878717.flac,6
/data/DATASETS/ASV_Spoof_2019_LA/ASVspoof2019_LA_train/flac/LA_T_7694681.flac,6
/data/DATASETS/ASV_Spoof_2019_LA/ASVspoof2019_LA_dev/flac/LA_D_6577918.flac,6
/data/DATASETS/ASV_Spoof_2019_LA/ASVspoof2019_LA_train/flac/LA_T_6982758.flac,6
/data/DATASETS/ASV_Spoof_2019_LA/ASVspoof2019_LA_dev/flac/LA_D_1288544.flac,6
/data/DATASETS/ASV_Spoof_2019_LA/ASVspoof2019_LA_train/flac/LA_T_6900974.flac,6
/data/DATASETS/ASV_Spoof_2019_LA/ASVspoof2019_LA_train/flac/LA_T_9810479.flac,6
/data/DATASETS/ASV_Spoof_2019_LA/ASVspoof2019_LA_dev/flac/LA_D_2884464.flac,6
/data/DATASETS/ASV_Spoof_2019_LA/ASVspoof2019_LA_train/flac/LA_T_5624334.flac,6
/data/DATASETS/ASV_Spoof_2019_LA/ASVspoof2019_LA_dev/flac/LA_D_7621051.flac,6
/data/DATASETS/ASV_Spoof_2019_LA/ASVspoof2019_LA_train/flac/LA_T_3613504.flac,6
/data/DATASETS/ASV_Spoof_2019_LA/ASVspoof2019_LA_train/flac/LA_T_1138237.flac,6
/data/DATASETS/ASV_Spoof_2019_LA/ASVspoof2019_LA_train/flac/LA_T_7159538.flac,6
/data/DATASETS/ASV_Spoof_2019_LA/ASVspoof2019_LA_train/flac/LA_T_2802826.flac,6
/data/DATASETS/ASV_Spoof_2019_LA/ASVspoof2019_LA_train/flac/LA_T_9194073.flac,6
/data/DATASETS/ASV_Spoof_2019_LA/ASVspoof2019_LA_train/flac/LA_T_3215214.flac,6
/data/DATASETS/ASV_Spoof_2019_LA/ASVspoof2019_LA_dev/flac/LA_D_6330654.flac,6
/data/DATASETS/ASV_Spoof_2019_LA/ASVspoof2019_LA_train/flac/LA_T_2770139.flac,6
/data/DATASETS/ASV_Spoof_2019_LA/ASVspoof2019_LA_dev/flac/LA_D_8739986.flac,6
/data/DATASETS/ASV_Spoof_2019_LA/ASVspoof2019_LA_train/flac/LA_T_4602740.flac,6
/data/DATASETS/ASV_Spoof_2019_LA/ASVspoof2019_LA_dev/flac/LA_D_7346973.flac,6
/data/DATASETS/ASV_Spoof_2019_LA/ASVspoof2019_LA_train/flac/LA_T_9114012.flac,6
/data/DATASETS/ASV_Spoof_2019_LA/ASVspoof2019_LA_dev/flac/LA_D_9332219.flac,6
/data/DATASETS/ASV_Spoof_2019_LA/ASVspoof2019_LA_dev/flac/LA_D_1526424.flac,6
/data/DATASETS/ASV_Spoof_2019_LA/ASVspoof2019_LA_dev/flac/LA_D_3298289.flac,6
/data/DATASETS/ASV_Spoof_2019_LA/ASVspoof2019_LA_dev/flac/LA_D_6670740.flac,6
/data/DATASETS/ASV_Spoof_2019_LA/ASVspoof2019_LA_dev/flac/LA_D_8456544.flac,6
/data/DATASETS/ASV_Spoof_2019_LA/ASVspoof2019_LA_train/flac/LA_T_2437061.flac,6
/data/DATASETS/ASV_Spoof_2019_LA/ASVspoof2019_LA_train/flac/LA_T_5683381.flac,6
/data/DATASETS/ASV_Spoof_2019_LA/ASVspoof2019_LA_dev/flac/LA_D_3146067.flac,6
/data/DATASETS/ASV_Spoof_2019_LA/ASVspoof2019_LA_train/flac/LA_T_9155097.flac,6
/data/DATASETS/ASV_Spoof_2019_LA/ASVspoof2019_LA_train/flac/LA_T_6319269.flac,6
/data/DATASETS/ASV_Spoof_2019_LA/ASVspoof2019_LA_train/flac/LA_T_3777360.flac,6
/data/DATASETS/ASV_Spoof_2019_LA/ASVspoof2019_LA_dev/flac/LA_D_3895547.flac,6
/data/DATASETS/ASV_Spoof_2019_LA/ASVspoof2019_LA_dev/flac/LA_D_3383596.flac,6
/data/DATASETS/ASV_Spoof_2019_LA/ASVspoof2019_LA_dev/flac/LA_D_9778372.flac,6
/data/DATASETS/ASV_Spoof_2019_LA/ASVspoof2019_LA_train/flac/LA_T_9058481.flac,6
/data/DATASETS/ASV_Spoof_2019_LA/ASVspoof2019_LA_dev/flac/LA_D_7586380.flac,6
/data/DATASETS/ASV_Spoof_2019_LA/ASVspoof2019_LA_dev/flac/LA_D_2490088.flac,6
/data/DATASETS/ASV_Spoof_2019_LA/ASVspoof2019_LA_dev/flac/LA_D_4177267.flac,6
/data/DATASETS/ASV_Spoof_2019_LA/ASVspoof2019_LA_dev/flac/LA_D_6103118.flac,6
/data/DATASETS/ASV_Spoof_2019_LA/ASVspoof2019_LA_dev/flac/LA_D_8034469.flac,6
/data/DATASETS/ASV_Spoof_2019_LA/ASVspoof2019_LA_train/flac/LA_T_3147391.flac,6
/data/DATASETS/ASV_Spoof_2019_LA/ASVspoof2019_LA_train/flac/LA_T_6338874.flac,6
/data/DATASETS/ASV_Spoof_2019_LA/ASVspoof2019_LA_train/flac/LA_T_1672105.flac,6
/data/DATASETS/ASV_Spoof_2019_LA/ASVspoof2019_LA_train/flac/LA_T_7638129.flac,6
/data/DATASETS/ASV_Spoof_2019_LA/ASVspoof2019_LA_train/flac/LA_T_5217045.flac,6
/data/DATASETS/ASV_Spoof_2019_LA/ASVspoof2019_LA_train/flac/LA_T_1727265.flac,6
/data/DATASETS/ASV_Spoof_2019_LA/ASVspoof2019_LA_dev/flac/LA_D_8873162.flac,6
/data/DATASETS/ASV_Spoof_2019_LA/ASVspoof2019_LA_train/flac/LA_T_9592171.flac,6
/data/DATASETS/ASV_Spoof_2019_LA/ASVspoof2019_LA_dev/flac/LA_D_7692442.flac,6
/data/DATASETS/ASV_Spoof_2019_LA/ASVspoof2019_LA_dev/flac/LA_D_6772420.flac,6
/data/DATASETS/ASV_Spoof_2019_LA/ASVspoof2019_LA_dev/flac/LA_D_2327416.flac,6
/data/DATASETS/ASV_Spoof_2019_LA/ASVspoof2019_LA_train/flac/LA_T_7347075.flac,6
/data/DATASETS/ASV_Spoof_2019_LA/ASVspoof2019_LA_train/flac/LA_T_8769562.flac,6
/data/DATASETS/ASV_Spoof_2019_LA/ASVspoof2019_LA_train/flac/LA_T_1343193.flac,6
/data/DATASETS/ASV_Spoof_2019_LA/ASVspoof2019_LA_train/flac/LA_T_4622429.flac,6
/data/DATASETS/ASV_Spoof_2019_LA/ASVspoof2019_LA_dev/flac/LA_D_4200652.flac,6
/data/DATASETS/ASV_Spoof_2019_LA/ASVspoof2019_LA_train/flac/LA_T_8635480.flac,6
/data/DATASETS/ASV_Spoof_2019_LA/ASVspoof2019_LA_train/flac/LA_T_2132583.flac,6
/data/DATASETS/ASV_Spoof_2019_LA/ASVspoof2019_LA_train/flac/LA_T_8169995.flac,6
/data/DATASETS/ASV_Spoof_2019_LA/ASVspoof2019_LA_dev/flac/LA_D_4064982.flac,6
/data/DATASETS/ASV_Spoof_2019_LA/ASVspoof2019_LA_dev/flac/LA_D_3469008.flac,6
/data/DATASETS/ASV_Spoof_2019_LA/ASVspoof2019_LA_dev/flac/LA_D_3255179.flac,6
/data/DATASETS/ASV_Spoof_2019_LA/ASVspoof2019_LA_dev/flac/LA_D_5402192.flac,6
/data/DATASETS/ASV_Spoof_2019_LA/ASVspoof2019_LA_dev/flac/LA_D_9410329.flac,6
/data/DATASETS/ASV_Spoof_2019_LA/ASVspoof2019_LA_train/flac/LA_T_1740849.flac,6
/data/DATASETS/ASV_Spoof_2019_LA/ASVspoof2019_LA_train/flac/LA_T_6059092.flac,6
/data/DATASETS/ASV_Spoof_2019_LA/ASVspoof2019_LA_train/flac/LA_T_9665519.flac,6
/data/DATASETS/ASV_Spoof_2019_LA/ASVspoof2019_LA_dev/flac/LA_D_1126589.flac,6
/data/DATASETS/ASV_Spoof_2019_LA/ASVspoof2019_LA_train/flac/LA_T_4028860.flac,6
/data/DATASETS/ASV_Spoof_2019_LA/ASVspoof2019_LA_train/flac/LA_T_6782657.flac,6
/data/DATASETS/ASV_Spoof_2019_LA/ASVspoof2019_LA_dev/flac/LA_D_7677517.flac,6
/data/DATASETS/ASV_Spoof_2019_LA/ASVspoof2019_LA_dev/flac/LA_D_9347002.flac,6
/data/DATASETS/ASV_Spoof_2019_LA/ASVspoof2019_LA_train/flac/LA_T_4156827.flac,6
/data/DATASETS/ASV_Spoof_2019_LA/ASVspoof2019_LA_train/flac/LA_T_3745789.flac,6
/data/DATASETS/ASV_Spoof_2019_LA/ASVspoof2019_LA_dev/flac/LA_D_8282334.flac,6
/data/DATASETS/ASV_Spoof_2019_LA/ASVspoof2019_LA_dev/flac/LA_D_6768042.flac,6
/data/DATASETS/ASV_Spoof_2019_LA/ASVspoof2019_LA_train/flac/LA_T_7782559.flac,6
/data/DATASETS/ASV_Spoof_2019_LA/ASVspoof2019_LA_dev/flac/LA_D_2146476.flac,6
/data/DATASETS/ASV_Spoof_2019_LA/ASVspoof2019_LA_train/flac/LA_T_9042927.flac,6
/data/DATASETS/ASV_Spoof_2019_LA/ASVspoof2019_LA_train/flac/LA_T_3515768.flac,6
/data/DATASETS/ASV_Spoof_2019_LA/ASVspoof2019_LA_dev/flac/LA_D_1689302.flac,6
/data/DATASETS/ASV_Spoof_2019_LA/ASVspoof2019_LA_train/flac/LA_T_3415457.flac,6
/data/DATASETS/ASV_Spoof_2019_LA/ASVspoof2019_LA_train/flac/LA_T_1011022.flac,6
/data/DATASETS/ASV_Spoof_2019_LA/ASVspoof2019_LA_dev/flac/LA_D_6863890.flac,6
/data/DATASETS/ASV_Spoof_2019_LA/ASVspoof2019_LA_dev/flac/LA_D_8049091.flac,6
/data/DATASETS/ASV_Spoof_2019_LA/ASVspoof2019_LA_train/flac/LA_T_6402429.flac,6
/data/DATASETS/ASV_Spoof_2019_LA/ASVspoof2019_LA_dev/flac/LA_D_1602771.flac,6
/data/DATASETS/ASV_Spoof_2019_LA/ASVspoof2019_LA_train/flac/LA_T_2628788.flac,6
/data/DATASETS/ASV_Spoof_2019_LA/ASVspoof2019_LA_dev/flac/LA_D_8600478.flac,6
/data/DATASETS/ASV_Spoof_2019_LA/ASVspoof2019_LA_dev/flac/LA_D_9915639.flac,6
/data/DATASETS/ASV_Spoof_2019_LA/ASVspoof2019_LA_train/flac/LA_T_2376274.flac,6
/data/DATASETS/ASV_Spoof_2019_LA/ASVspoof2019_LA_dev/flac/LA_D_2771079.flac,6
/data/DATASETS/ASV_Spoof_2019_LA/ASVspoof2019_LA_train/flac/LA_T_8255254.flac,6
/data/DATASETS/ASV_Spoof_2019_LA/ASVspoof2019_LA_train/flac/LA_T_3766393.flac,6
/data/DATASETS/ASV_Spoof_2019_LA/ASVspoof2019_LA_train/flac/LA_T_4718995.flac,6
/data/DATASETS/ASV_Spoof_2019_LA/ASVspoof2019_LA_train/flac/LA_T_4401474.flac,6
/data/DATASETS/ASV_Spoof_2019_LA/ASVspoof2019_LA_train/flac/LA_T_3237300.flac,6
/data/DATASETS/ASV_Spoof_2019_LA/ASVspoof2019_LA_dev/flac/LA_D_9492963.flac,6
/data/DATASETS/ASV_Spoof_2019_LA/ASVspoof2019_LA_train/flac/LA_T_5656534.flac,6
/data/DATASETS/ASV_Spoof_2019_LA/ASVspoof2019_LA_train/flac/LA_T_4185379.flac,6
/data/DATASETS/ASV_Spoof_2019_LA/ASVspoof2019_LA_dev/flac/LA_D_9403264.flac,6
/data/DATASETS/ASV_Spoof_2019_LA/ASVspoof2019_LA_train/flac/LA_T_7305266.flac,6
/data/DATASETS/ASV_Spoof_2019_LA/ASVspoof2019_LA_train/flac/LA_T_3921503.flac,6
/data/DATASETS/ASV_Spoof_2019_LA/ASVspoof2019_LA_train/flac/LA_T_6880003.flac,6
/data/DATASETS/ASV_Spoof_2019_LA/ASVspoof2019_LA_dev/flac/LA_D_4193545.flac,6
/data/DATASETS/ASV_Spoof_2019_LA/ASVspoof2019_LA_train/flac/LA_T_7924650.flac,6
/data/DATASETS/ASV_Spoof_2019_LA/ASVspoof2019_LA_train/flac/LA_T_8781445.flac,6
/data/DATASETS/ASV_Spoof_2019_LA/ASVspoof2019_LA_train/flac/LA_T_2389354.flac,6
/data/DATASETS/ASV_Spoof_2019_LA/ASVspoof2019_LA_dev/flac/LA_D_4914250.flac,6
/data/DATASETS/ASV_Spoof_2019_LA/ASVspoof2019_LA_train/flac/LA_T_3161080.flac,6
/data/DATASETS/ASV_Spoof_2019_LA/ASVspoof2019_LA_dev/flac/LA_D_4445043.flac,6
/data/DATASETS/ASV_Spoof_2019_LA/ASVspoof2019_LA_train/flac/LA_T_7713069.flac,6
/data/DATASETS/ASV_Spoof_2019_LA/ASVspoof2019_LA_dev/flac/LA_D_9242976.flac,6
/data/DATASETS/ASV_Spoof_2019_LA/ASVspoof2019_LA_dev/flac/LA_D_2197541.flac,6
/data/DATASETS/ASV_Spoof_2019_LA/ASVspoof2019_LA_dev/flac/LA_D_6603638.flac,6
/data/DATASETS/ASV_Spoof_2019_LA/ASVspoof2019_LA_train/flac/LA_T_3691824.flac,6
/data/DATASETS/ASV_Spoof_2019_LA/ASVspoof2019_LA_dev/flac/LA_D_5743533.flac,6
/data/DATASETS/ASV_Spoof_2019_LA/ASVspoof2019_LA_train/flac/LA_T_8059922.flac,6
/data/DATASETS/ASV_Spoof_2019_LA/ASVspoof2019_LA_dev/flac/LA_D_9106136.flac,6
/data/DATASETS/ASV_Spoof_2019_LA/ASVspoof2019_LA_dev/flac/LA_D_1764899.flac,6
/data/DATASETS/ASV_Spoof_2019_LA/ASVspoof2019_LA_train/flac/LA_T_5055108.flac,6
/data/DATASETS/ASV_Spoof_2019_LA/ASVspoof2019_LA_train/flac/LA_T_2509876.flac,6
/data/DATASETS/ASV_Spoof_2019_LA/ASVspoof2019_LA_dev/flac/LA_D_6688749.flac,6
/data/DATASETS/ASV_Spoof_2019_LA/ASVspoof2019_LA_train/flac/LA_T_2540365.flac,6
/data/DATASETS/ASV_Spoof_2019_LA/ASVspoof2019_LA_train/flac/LA_T_3258161.flac,6
/data/DATASETS/ASV_Spoof_2019_LA/ASVspoof2019_LA_train/flac/LA_T_4106341.flac,6
/data/DATASETS/ASV_Spoof_2019_LA/ASVspoof2019_LA_train/flac/LA_T_8219941.flac,6
/data/DATASETS/ASV_Spoof_2019_LA/ASVspoof2019_LA_train/flac/LA_T_7850037.flac,6
/data/DATASETS/ASV_Spoof_2019_LA/ASVspoof2019_LA_train/flac/LA_T_9339793.flac,6
/data/DATASETS/ASV_Spoof_2019_LA/ASVspoof2019_LA_dev/flac/LA_D_3139923.flac,6
/data/DATASETS/ASV_Spoof_2019_LA/ASVspoof2019_LA_train/flac/LA_T_7357347.flac,6
/data/DATASETS/ASV_Spoof_2019_LA/ASVspoof2019_LA_dev/flac/LA_D_3257558.flac,6
/data/DATASETS/ASV_Spoof_2019_LA/ASVspoof2019_LA_train/flac/LA_T_7898397.flac,6
/data/DATASETS/ASV_Spoof_2019_LA/ASVspoof2019_LA_dev/flac/LA_D_3169991.flac,6
/data/DATASETS/ASV_Spoof_2019_LA/ASVspoof2019_LA_train/flac/LA_T_6692146.flac,6
/data/DATASETS/ASV_Spoof_2019_LA/ASVspoof2019_LA_train/flac/LA_T_5728310.flac,6
/data/DATASETS/ASV_Spoof_2019_LA/ASVspoof2019_LA_train/flac/LA_T_5945432.flac,6
/data/DATASETS/ASV_Spoof_2019_LA/ASVspoof2019_LA_dev/flac/LA_D_3319355.flac,6
/data/DATASETS/ASV_Spoof_2019_LA/ASVspoof2019_LA_dev/flac/LA_D_8752569.flac,6
/data/DATASETS/ASV_Spoof_2019_LA/ASVspoof2019_LA_dev/flac/LA_D_8708922.flac,6
/data/DATASETS/ASV_Spoof_2019_LA/ASVspoof2019_LA_train/flac/LA_T_6653021.flac,6
/data/DATASETS/ASV_Spoof_2019_LA/ASVspoof2019_LA_dev/flac/LA_D_7883328.flac,6
/data/DATASETS/ASV_Spoof_2019_LA/ASVspoof2019_LA_dev/flac/LA_D_3056332.flac,6
/data/DATASETS/ASV_Spoof_2019_LA/ASVspoof2019_LA_train/flac/LA_T_9237355.flac,6
/data/DATASETS/ASV_Spoof_2019_LA/ASVspoof2019_LA_dev/flac/LA_D_6693826.flac,6
/data/DATASETS/ASV_Spoof_2019_LA/ASVspoof2019_LA_dev/flac/LA_D_3139128.flac,6
/data/DATASETS/ASV_Spoof_2019_LA/ASVspoof2019_LA_dev/flac/LA_D_8296140.flac,6
/data/DATASETS/ASV_Spoof_2019_LA/ASVspoof2019_LA_dev/flac/LA_D_6621286.flac,6
/data/DATASETS/ASV_Spoof_2019_LA/ASVspoof2019_LA_dev/flac/LA_D_9140736.flac,6
/data/DATASETS/ASV_Spoof_2019_LA/ASVspoof2019_LA_dev/flac/LA_D_3615708.flac,6
/data/DATASETS/ASV_Spoof_2019_LA/ASVspoof2019_LA_dev/flac/LA_D_7082816.flac,6
/data/DATASETS/ASV_Spoof_2019_LA/ASVspoof2019_LA_train/flac/LA_T_9502107.flac,6
/data/DATASETS/ASV_Spoof_2019_LA/ASVspoof2019_LA_dev/flac/LA_D_2464153.flac,6
/data/DATASETS/ASV_Spoof_2019_LA/ASVspoof2019_LA_dev/flac/LA_D_2117812.flac,6
/data/DATASETS/ASV_Spoof_2019_LA/ASVspoof2019_LA_train/flac/LA_T_9314318.flac,6
/data/DATASETS/ASV_Spoof_2019_LA/ASVspoof2019_LA_dev/flac/LA_D_2427170.flac,6
/data/DATASETS/ASV_Spoof_2019_LA/ASVspoof2019_LA_train/flac/LA_T_7026135.flac,6
/data/DATASETS/ASV_Spoof_2019_LA/ASVspoof2019_LA_dev/flac/LA_D_3870171.flac,6
/data/DATASETS/ASV_Spoof_2019_LA/ASVspoof2019_LA_dev/flac/LA_D_3963497.flac,6
/data/DATASETS/ASV_Spoof_2019_LA/ASVspoof2019_LA_dev/flac/LA_D_8086419.flac,6
/data/DATASETS/ASV_Spoof_2019_LA/ASVspoof2019_LA_dev/flac/LA_D_6292935.flac,6
/data/DATASETS/ASV_Spoof_2019_LA/ASVspoof2019_LA_dev/flac/LA_D_3939673.flac,6
/data/DATASETS/ASV_Spoof_2019_LA/ASVspoof2019_LA_dev/flac/LA_D_9781850.flac,6
/data/DATASETS/ASV_Spoof_2019_LA/ASVspoof2019_LA_dev/flac/LA_D_3038261.flac,6
/data/DATASETS/ASV_Spoof_2019_LA/ASVspoof2019_LA_dev/flac/LA_D_7824395.flac,6
/data/DATASETS/ASV_Spoof_2019_LA/ASVspoof2019_LA_train/flac/LA_T_9047858.flac,6
/data/DATASETS/ASV_Spoof_2019_LA/ASVspoof2019_LA_dev/flac/LA_D_8904678.flac,6
/data/DATASETS/ASV_Spoof_2019_LA/ASVspoof2019_LA_dev/flac/LA_D_9951013.flac,6
/data/DATASETS/ASV_Spoof_2019_LA/ASVspoof2019_LA_train/flac/LA_T_8301596.flac,6
/data/DATASETS/ASV_Spoof_2019_LA/ASVspoof2019_LA_train/flac/LA_T_8016219.flac,6
/data/DATASETS/ASV_Spoof_2019_LA/ASVspoof2019_LA_dev/flac/LA_D_8094005.flac,6
/data/DATASETS/ASV_Spoof_2019_LA/ASVspoof2019_LA_train/flac/LA_T_9783312.flac,6
/data/DATASETS/ASV_Spoof_2019_LA/ASVspoof2019_LA_train/flac/LA_T_5365228.flac,6
/data/DATASETS/ASV_Spoof_2019_LA/ASVspoof2019_LA_dev/flac/LA_D_6823282.flac,6
/data/DATASETS/ASV_Spoof_2019_LA/ASVspoof2019_LA_dev/flac/LA_D_8717286.flac,6
/data/DATASETS/ASV_Spoof_2019_LA/ASVspoof2019_LA_dev/flac/LA_D_4164409.flac,6
/data/DATASETS/ASV_Spoof_2019_LA/ASVspoof2019_LA_dev/flac/LA_D_1777158.flac,6
/data/DATASETS/ASV_Spoof_2019_LA/ASVspoof2019_LA_dev/flac/LA_D_1655868.flac,6
/data/DATASETS/ASV_Spoof_2019_LA/ASVspoof2019_LA_train/flac/LA_T_1807119.flac,6
/data/DATASETS/ASV_Spoof_2019_LA/ASVspoof2019_LA_dev/flac/LA_D_6870125.flac,6
/data/DATASETS/ASV_Spoof_2019_LA/ASVspoof2019_LA_train/flac/LA_T_6052738.flac,6
/data/DATASETS/ASV_Spoof_2019_LA/ASVspoof2019_LA_train/flac/LA_T_2109897.flac,6
/data/DATASETS/ASV_Spoof_2019_LA/ASVspoof2019_LA_dev/flac/LA_D_1416022.flac,6
/data/DATASETS/ASV_Spoof_2019_LA/ASVspoof2019_LA_train/flac/LA_T_8799327.flac,6
/data/DATASETS/ASV_Spoof_2019_LA/ASVspoof2019_LA_dev/flac/LA_D_5023258.flac,6
/data/DATASETS/ASV_Spoof_2019_LA/ASVspoof2019_LA_train/flac/LA_T_7917052.flac,6
/data/DATASETS/ASV_Spoof_2019_LA/ASVspoof2019_LA_dev/flac/LA_D_2826776.flac,6
/data/DATASETS/ASV_Spoof_2019_LA/ASVspoof2019_LA_dev/flac/LA_D_5469841.flac,6
/data/DATASETS/ASV_Spoof_2019_LA/ASVspoof2019_LA_train/flac/LA_T_3392426.flac,6
/data/DATASETS/ASV_Spoof_2019_LA/ASVspoof2019_LA_dev/flac/LA_D_6315906.flac,6
/data/DATASETS/ASV_Spoof_2019_LA/ASVspoof2019_LA_train/flac/LA_T_7201948.flac,6
/data/DATASETS/ASV_Spoof_2019_LA/ASVspoof2019_LA_train/flac/LA_T_3872127.flac,6
/data/DATASETS/ASV_Spoof_2019_LA/ASVspoof2019_LA_dev/flac/LA_D_1064234.flac,6
/data/DATASETS/ASV_Spoof_2019_LA/ASVspoof2019_LA_train/flac/LA_T_2523810.flac,6
/data/DATASETS/ASV_Spoof_2019_LA/ASVspoof2019_LA_train/flac/LA_T_5191455.flac,6
/data/DATASETS/ASV_Spoof_2019_LA/ASVspoof2019_LA_train/flac/LA_T_6007569.flac,6
/data/DATASETS/ASV_Spoof_2019_LA/ASVspoof2019_LA_dev/flac/LA_D_6925836.flac,6
/data/DATASETS/ASV_Spoof_2019_LA/ASVspoof2019_LA_dev/flac/LA_D_8534733.flac,6
/data/DATASETS/ASV_Spoof_2019_LA/ASVspoof2019_LA_train/flac/LA_T_4666811.flac,6
/data/DATASETS/ASV_Spoof_2019_LA/ASVspoof2019_LA_train/flac/LA_T_8296028.flac,6
/data/DATASETS/ASV_Spoof_2019_LA/ASVspoof2019_LA_train/flac/LA_T_2661556.flac,6
/data/DATASETS/ASV_Spoof_2019_LA/ASVspoof2019_LA_dev/flac/LA_D_1999219.flac,6
/data/DATASETS/ASV_Spoof_2019_LA/ASVspoof2019_LA_dev/flac/LA_D_6577660.flac,6
/data/DATASETS/ASV_Spoof_2019_LA/ASVspoof2019_LA_dev/flac/LA_D_4840118.flac,6
/data/DATASETS/ASV_Spoof_2019_LA/ASVspoof2019_LA_train/flac/LA_T_5788214.flac,6
/data/DATASETS/ASV_Spoof_2019_LA/ASVspoof2019_LA_dev/flac/LA_D_1146557.flac,6
/data/DATASETS/ASV_Spoof_2019_LA/ASVspoof2019_LA_dev/flac/LA_D_3094249.flac,6
/data/DATASETS/ASV_Spoof_2019_LA/ASVspoof2019_LA_train/flac/LA_T_7797849.flac,6
/data/DATASETS/ASV_Spoof_2019_LA/ASVspoof2019_LA_dev/flac/LA_D_4643563.flac,6
/data/DATASETS/ASV_Spoof_2019_LA/ASVspoof2019_LA_dev/flac/LA_D_2609052.flac,6
/data/DATASETS/ASV_Spoof_2019_LA/ASVspoof2019_LA_dev/flac/LA_D_2143803.flac,6
/data/DATASETS/ASV_Spoof_2019_LA/ASVspoof2019_LA_dev/flac/LA_D_3570039.flac,6
/data/DATASETS/ASV_Spoof_2019_LA/ASVspoof2019_LA_dev/flac/LA_D_4272619.flac,6
/data/DATASETS/ASV_Spoof_2019_LA/ASVspoof2019_LA_dev/flac/LA_D_5009044.flac,6
/data/DATASETS/ASV_Spoof_2019_LA/ASVspoof2019_LA_dev/flac/LA_D_6513609.flac,6
/data/DATASETS/ASV_Spoof_2019_LA/ASVspoof2019_LA_dev/flac/LA_D_5977756.flac,6
/data/DATASETS/ASV_Spoof_2019_LA/ASVspoof2019_LA_train/flac/LA_T_5912984.flac,6
/data/DATASETS/ASV_Spoof_2019_LA/ASVspoof2019_LA_dev/flac/LA_D_7888867.flac,6
/data/DATASETS/ASV_Spoof_2019_LA/ASVspoof2019_LA_dev/flac/LA_D_3995855.flac,6
/data/DATASETS/ASV_Spoof_2019_LA/ASVspoof2019_LA_train/flac/LA_T_7596274.flac,6
/data/DATASETS/ASV_Spoof_2019_LA/ASVspoof2019_LA_dev/flac/LA_D_9277522.flac,6
/data/DATASETS/ASV_Spoof_2019_LA/ASVspoof2019_LA_train/flac/LA_T_7169706.flac,6
/data/DATASETS/ASV_Spoof_2019_LA/ASVspoof2019_LA_dev/flac/LA_D_8645167.flac,6
/data/DATASETS/ASV_Spoof_2019_LA/ASVspoof2019_LA_train/flac/LA_T_6328370.flac,6
/data/DATASETS/ASV_Spoof_2019_LA/ASVspoof2019_LA_train/flac/LA_T_7015060.flac,6
/data/DATASETS/ASV_Spoof_2019_LA/ASVspoof2019_LA_train/flac/LA_T_2957907.flac,6
/data/DATASETS/ASV_Spoof_2019_LA/ASVspoof2019_LA_dev/flac/LA_D_1185426.flac,6
/data/DATASETS/ASV_Spoof_2019_LA/ASVspoof2019_LA_dev/flac/LA_D_9129067.flac,6
/data/DATASETS/ASV_Spoof_2019_LA/ASVspoof2019_LA_dev/flac/LA_D_7109771.flac,6
/data/DATASETS/ASV_Spoof_2019_LA/ASVspoof2019_LA_dev/flac/LA_D_4335932.flac,6
/data/DATASETS/ASV_Spoof_2019_LA/ASVspoof2019_LA_dev/flac/LA_D_5427168.flac,6
/data/DATASETS/ASV_Spoof_2019_LA/ASVspoof2019_LA_train/flac/LA_T_8775539.flac,6
/data/DATASETS/ASV_Spoof_2019_LA/ASVspoof2019_LA_train/flac/LA_T_5706702.flac,6
/data/DATASETS/ASV_Spoof_2019_LA/ASVspoof2019_LA_train/flac/LA_T_1264773.flac,6
/data/DATASETS/ASV_Spoof_2019_LA/ASVspoof2019_LA_dev/flac/LA_D_3117454.flac,6
/data/DATASETS/ASV_Spoof_2019_LA/ASVspoof2019_LA_train/flac/LA_T_7790851.flac,6
/data/DATASETS/ASV_Spoof_2019_LA/ASVspoof2019_LA_dev/flac/LA_D_7517871.flac,6
/data/DATASETS/ASV_Spoof_2019_LA/ASVspoof2019_LA_train/flac/LA_T_3011437.flac,6
/data/DATASETS/ASV_Spoof_2019_LA/ASVspoof2019_LA_train/flac/LA_T_2920056.flac,6
/data/DATASETS/ASV_Spoof_2019_LA/ASVspoof2019_LA_train/flac/LA_T_7455170.flac,6
/data/DATASETS/ASV_Spoof_2019_LA/ASVspoof2019_LA_dev/flac/LA_D_7601022.flac,6
/data/DATASETS/ASV_Spoof_2019_LA/ASVspoof2019_LA_train/flac/LA_T_3822002.flac,6
/data/DATASETS/ASV_Spoof_2019_LA/ASVspoof2019_LA_dev/flac/LA_D_5404458.flac,6
/data/DATASETS/ASV_Spoof_2019_LA/ASVspoof2019_LA_train/flac/LA_T_5288433.flac,6
/data/DATASETS/ASV_Spoof_2019_LA/ASVspoof2019_LA_dev/flac/LA_D_5208743.flac,6
/data/DATASETS/ASV_Spoof_2019_LA/ASVspoof2019_LA_train/flac/LA_T_1787453.flac,6
/data/DATASETS/ASV_Spoof_2019_LA/ASVspoof2019_LA_train/flac/LA_T_3586515.flac,6
/data/DATASETS/ASV_Spoof_2019_LA/ASVspoof2019_LA_train/flac/LA_T_1420947.flac,6
/data/DATASETS/ASV_Spoof_2019_LA/ASVspoof2019_LA_dev/flac/LA_D_3982488.flac,6
/data/DATASETS/ASV_Spoof_2019_LA/ASVspoof2019_LA_dev/flac/LA_D_1656978.flac,6
/data/DATASETS/ASV_Spoof_2019_LA/ASVspoof2019_LA_dev/flac/LA_D_3410371.flac,6
/data/DATASETS/ASV_Spoof_2019_LA/ASVspoof2019_LA_train/flac/LA_T_4492461.flac,6
/data/DATASETS/ASV_Spoof_2019_LA/ASVspoof2019_LA_train/flac/LA_T_4710981.flac,6
/data/DATASETS/ASV_Spoof_2019_LA/ASVspoof2019_LA_dev/flac/LA_D_1859569.flac,6
/data/DATASETS/ASV_Spoof_2019_LA/ASVspoof2019_LA_dev/flac/LA_D_6950600.flac,6
/data/DATASETS/ASV_Spoof_2019_LA/ASVspoof2019_LA_dev/flac/LA_D_9571812.flac,6
/data/DATASETS/ASV_Spoof_2019_LA/ASVspoof2019_LA_train/flac/LA_T_8121646.flac,6
/data/DATASETS/ASV_Spoof_2019_LA/ASVspoof2019_LA_train/flac/LA_T_6507618.flac,6
/data/DATASETS/ASV_Spoof_2019_LA/ASVspoof2019_LA_train/flac/LA_T_9229305.flac,6
/data/DATASETS/ASV_Spoof_2019_LA/ASVspoof2019_LA_dev/flac/LA_D_2065855.flac,6
/data/DATASETS/ASV_Spoof_2019_LA/ASVspoof2019_LA_train/flac/LA_T_2301168.flac,6
/data/DATASETS/ASV_Spoof_2019_LA/ASVspoof2019_LA_train/flac/LA_T_9215136.flac,6
/data/DATASETS/ASV_Spoof_2019_LA/ASVspoof2019_LA_dev/flac/LA_D_1514781.flac,6
/data/DATASETS/ASV_Spoof_2019_LA/ASVspoof2019_LA_dev/flac/LA_D_1441701.flac,6
/data/DATASETS/ASV_Spoof_2019_LA/ASVspoof2019_LA_dev/flac/LA_D_7197317.flac,6
/data/DATASETS/ASV_Spoof_2019_LA/ASVspoof2019_LA_train/flac/LA_T_7213732.flac,6
/data/DATASETS/ASV_Spoof_2019_LA/ASVspoof2019_LA_train/flac/LA_T_5872666.flac,6
/data/DATASETS/ASV_Spoof_2019_LA/ASVspoof2019_LA_train/flac/LA_T_1628209.flac,6
/data/DATASETS/ASV_Spoof_2019_LA/ASVspoof2019_LA_dev/flac/LA_D_8265432.flac,6
/data/DATASETS/ASV_Spoof_2019_LA/ASVspoof2019_LA_train/flac/LA_T_3913492.flac,6
/data/DATASETS/ASV_Spoof_2019_LA/ASVspoof2019_LA_train/flac/LA_T_1351241.flac,6
/data/DATASETS/ASV_Spoof_2019_LA/ASVspoof2019_LA_dev/flac/LA_D_1357828.flac,6
/data/DATASETS/ASV_Spoof_2019_LA/ASVspoof2019_LA_dev/flac/LA_D_5622630.flac,6
/data/DATASETS/ASV_Spoof_2019_LA/ASVspoof2019_LA_train/flac/LA_T_7286825.flac,6
/data/DATASETS/ASV_Spoof_2019_LA/ASVspoof2019_LA_dev/flac/LA_D_1251939.flac,6
/data/DATASETS/ASV_Spoof_2019_LA/ASVspoof2019_LA_train/flac/LA_T_4785748.flac,6
/data/DATASETS/ASV_Spoof_2019_LA/ASVspoof2019_LA_dev/flac/LA_D_5241773.flac,6
/data/DATASETS/ASV_Spoof_2019_LA/ASVspoof2019_LA_train/flac/LA_T_6161587.flac,6
/data/DATASETS/ASV_Spoof_2019_LA/ASVspoof2019_LA_dev/flac/LA_D_6672143.flac,6
/data/DATASETS/ASV_Spoof_2019_LA/ASVspoof2019_LA_dev/flac/LA_D_7430660.flac,6
/data/DATASETS/ASV_Spoof_2019_LA/ASVspoof2019_LA_dev/flac/LA_D_4460052.flac,6
/data/DATASETS/ASV_Spoof_2019_LA/ASVspoof2019_LA_dev/flac/LA_D_1613936.flac,6
/data/DATASETS/ASV_Spoof_2019_LA/ASVspoof2019_LA_train/flac/LA_T_3840872.flac,6
/data/DATASETS/ASV_Spoof_2019_LA/ASVspoof2019_LA_train/flac/LA_T_1198277.flac,6
/data/DATASETS/ASV_Spoof_2019_LA/ASVspoof2019_LA_train/flac/LA_T_1511909.flac,6
/data/DATASETS/ASV_Spoof_2019_LA/ASVspoof2019_LA_train/flac/LA_T_3620096.flac,6
/data/DATASETS/ASV_Spoof_2019_LA/ASVspoof2019_LA_dev/flac/LA_D_2192158.flac,6
/data/DATASETS/ASV_Spoof_2019_LA/ASVspoof2019_LA_train/flac/LA_T_9455234.flac,6
/data/DATASETS/ASV_Spoof_2019_LA/ASVspoof2019_LA_dev/flac/LA_D_1371353.flac,6
/data/DATASETS/ASV_Spoof_2019_LA/ASVspoof2019_LA_train/flac/LA_T_2779543.flac,6
/data/DATASETS/ASV_Spoof_2019_LA/ASVspoof2019_LA_dev/flac/LA_D_7412514.flac,6
/data/DATASETS/ASV_Spoof_2019_LA/ASVspoof2019_LA_train/flac/LA_T_3052887.flac,6
/data/DATASETS/ASV_Spoof_2019_LA/ASVspoof2019_LA_dev/flac/LA_D_8597270.flac,6
/data/DATASETS/ASV_Spoof_2019_LA/ASVspoof2019_LA_dev/flac/LA_D_3158608.flac,6
/data/DATASETS/ASV_Spoof_2019_LA/ASVspoof2019_LA_dev/flac/LA_D_8615151.flac,6
/data/DATASETS/ASV_Spoof_2019_LA/ASVspoof2019_LA_dev/flac/LA_D_4025778.flac,6
/data/DATASETS/ASV_Spoof_2019_LA/ASVspoof2019_LA_dev/flac/LA_D_1767120.flac,6
/data/DATASETS/ASV_Spoof_2019_LA/ASVspoof2019_LA_train/flac/LA_T_2201871.flac,6
/data/DATASETS/ASV_Spoof_2019_LA/ASVspoof2019_LA_train/flac/LA_T_3224180.flac,6
/data/DATASETS/ASV_Spoof_2019_LA/ASVspoof2019_LA_train/flac/LA_T_4050005.flac,6
/data/DATASETS/ASV_Spoof_2019_LA/ASVspoof2019_LA_train/flac/LA_T_8197938.flac,6
/data/DATASETS/ASV_Spoof_2019_LA/ASVspoof2019_LA_train/flac/LA_T_8704908.flac,6
/data/DATASETS/ASV_Spoof_2019_LA/ASVspoof2019_LA_train/flac/LA_T_8428084.flac,6
/data/DATASETS/ASV_Spoof_2019_LA/ASVspoof2019_LA_train/flac/LA_T_2753231.flac,6
/data/DATASETS/ASV_Spoof_2019_LA/ASVspoof2019_LA_train/flac/LA_T_6903817.flac,6
/data/DATASETS/ASV_Spoof_2019_LA/ASVspoof2019_LA_dev/flac/LA_D_1515705.flac,6
/data/DATASETS/ASV_Spoof_2019_LA/ASVspoof2019_LA_train/flac/LA_T_5522943.flac,6
/data/DATASETS/ASV_Spoof_2019_LA/ASVspoof2019_LA_train/flac/LA_T_4017812.flac,6
/data/DATASETS/ASV_Spoof_2019_LA/ASVspoof2019_LA_train/flac/LA_T_3655446.flac,6
/data/DATASETS/ASV_Spoof_2019_LA/ASVspoof2019_LA_train/flac/LA_T_9535560.flac,6
/data/DATASETS/ASV_Spoof_2019_LA/ASVspoof2019_LA_train/flac/LA_T_3604410.flac,6
/data/DATASETS/ASV_Spoof_2019_LA/ASVspoof2019_LA_train/flac/LA_T_1876817.flac,6
/data/DATASETS/ASV_Spoof_2019_LA/ASVspoof2019_LA_train/flac/LA_T_6707083.flac,6
/data/DATASETS/ASV_Spoof_2019_LA/ASVspoof2019_LA_train/flac/LA_T_4034344.flac,6
/data/DATASETS/ASV_Spoof_2019_LA/ASVspoof2019_LA_train/flac/LA_T_8232743.flac,6
/data/DATASETS/ASV_Spoof_2019_LA/ASVspoof2019_LA_dev/flac/LA_D_2403062.flac,6
/data/DATASETS/ASV_Spoof_2019_LA/ASVspoof2019_LA_train/flac/LA_T_8497350.flac,6
/data/DATASETS/ASV_Spoof_2019_LA/ASVspoof2019_LA_train/flac/LA_T_6277756.flac,6
/data/DATASETS/ASV_Spoof_2019_LA/ASVspoof2019_LA_train/flac/LA_T_8421510.flac,6
/data/DATASETS/ASV_Spoof_2019_LA/ASVspoof2019_LA_train/flac/LA_T_5861516.flac,6
/data/DATASETS/ASV_Spoof_2019_LA/ASVspoof2019_LA_train/flac/LA_T_1320614.flac,6
/data/DATASETS/ASV_Spoof_2019_LA/ASVspoof2019_LA_train/flac/LA_T_9987731.flac,6
/data/DATASETS/ASV_Spoof_2019_LA/ASVspoof2019_LA_train/flac/LA_T_4347771.flac,6
/data/DATASETS/ASV_Spoof_2019_LA/ASVspoof2019_LA_dev/flac/LA_D_7454810.flac,6
/data/DATASETS/ASV_Spoof_2019_LA/ASVspoof2019_LA_dev/flac/LA_D_9559894.flac,6
/data/DATASETS/ASV_Spoof_2019_LA/ASVspoof2019_LA_train/flac/LA_T_1777429.flac,6
/data/DATASETS/ASV_Spoof_2019_LA/ASVspoof2019_LA_train/flac/LA_T_4007174.flac,6
/data/DATASETS/ASV_Spoof_2019_LA/ASVspoof2019_LA_dev/flac/LA_D_3699071.flac,6
/data/DATASETS/ASV_Spoof_2019_LA/ASVspoof2019_LA_train/flac/LA_T_4704254.flac,6
/data/DATASETS/ASV_Spoof_2019_LA/ASVspoof2019_LA_train/flac/LA_T_5695155.flac,6
/data/DATASETS/ASV_Spoof_2019_LA/ASVspoof2019_LA_dev/flac/LA_D_8172970.flac,6
/data/DATASETS/ASV_Spoof_2019_LA/ASVspoof2019_LA_dev/flac/LA_D_3551822.flac,6
/data/DATASETS/ASV_Spoof_2019_LA/ASVspoof2019_LA_dev/flac/LA_D_8564782.flac,6
/data/DATASETS/ASV_Spoof_2019_LA/ASVspoof2019_LA_dev/flac/LA_D_5602225.flac,6
/data/DATASETS/ASV_Spoof_2019_LA/ASVspoof2019_LA_dev/flac/LA_D_4018947.flac,6
/data/DATASETS/ASV_Spoof_2019_LA/ASVspoof2019_LA_train/flac/LA_T_2855189.flac,6
/data/DATASETS/ASV_Spoof_2019_LA/ASVspoof2019_LA_dev/flac/LA_D_2907481.flac,6
/data/DATASETS/ASV_Spoof_2019_LA/ASVspoof2019_LA_train/flac/LA_T_3547895.flac,6
/data/DATASETS/ASV_Spoof_2019_LA/ASVspoof2019_LA_dev/flac/LA_D_6721720.flac,6
/data/DATASETS/ASV_Spoof_2019_LA/ASVspoof2019_LA_dev/flac/LA_D_1649732.flac,6
/data/DATASETS/ASV_Spoof_2019_LA/ASVspoof2019_LA_dev/flac/LA_D_8684186.flac,6
/data/DATASETS/ASV_Spoof_2019_LA/ASVspoof2019_LA_train/flac/LA_T_1716558.flac,6
/data/DATASETS/ASV_Spoof_2019_LA/ASVspoof2019_LA_dev/flac/LA_D_4739962.flac,6
/data/DATASETS/ASV_Spoof_2019_LA/ASVspoof2019_LA_dev/flac/LA_D_4191752.flac,6
/data/DATASETS/ASV_Spoof_2019_LA/ASVspoof2019_LA_train/flac/LA_T_3643926.flac,6
/data/DATASETS/ASV_Spoof_2019_LA/ASVspoof2019_LA_dev/flac/LA_D_7533258.flac,6
/data/DATASETS/ASV_Spoof_2019_LA/ASVspoof2019_LA_dev/flac/LA_D_9629887.flac,6
/data/DATASETS/ASV_Spoof_2019_LA/ASVspoof2019_LA_dev/flac/LA_D_7483615.flac,6
/data/DATASETS/ASV_Spoof_2019_LA/ASVspoof2019_LA_dev/flac/LA_D_3417030.flac,6
/data/DATASETS/ASV_Spoof_2019_LA/ASVspoof2019_LA_dev/flac/LA_D_3446645.flac,6
/data/DATASETS/ASV_Spoof_2019_LA/ASVspoof2019_LA_train/flac/LA_T_7509385.flac,6
/data/DATASETS/ASV_Spoof_2019_LA/ASVspoof2019_LA_dev/flac/LA_D_9064825.flac,6
/data/DATASETS/ASV_Spoof_2019_LA/ASVspoof2019_LA_train/flac/LA_T_5571139.flac,6
/data/DATASETS/ASV_Spoof_2019_LA/ASVspoof2019_LA_train/flac/LA_T_5339761.flac,6
/data/DATASETS/ASV_Spoof_2019_LA/ASVspoof2019_LA_dev/flac/LA_D_3695889.flac,6
/data/DATASETS/ASV_Spoof_2019_LA/ASVspoof2019_LA_dev/flac/LA_D_7112267.flac,6
/data/DATASETS/ASV_Spoof_2019_LA/ASVspoof2019_LA_train/flac/LA_T_7724717.flac,6
/data/DATASETS/ASV_Spoof_2019_LA/ASVspoof2019_LA_dev/flac/LA_D_3965995.flac,6
/data/DATASETS/ASV_Spoof_2019_LA/ASVspoof2019_LA_dev/flac/LA_D_8736560.flac,6
/data/DATASETS/ASV_Spoof_2019_LA/ASVspoof2019_LA_dev/flac/LA_D_4123679.flac,6
/data/DATASETS/ASV_Spoof_2019_LA/ASVspoof2019_LA_dev/flac/LA_D_9351714.flac,6
/data/DATASETS/ASV_Spoof_2019_LA/ASVspoof2019_LA_train/flac/LA_T_4775956.flac,6
/data/DATASETS/ASV_Spoof_2019_LA/ASVspoof2019_LA_dev/flac/LA_D_6875940.flac,6
/data/DATASETS/ASV_Spoof_2019_LA/ASVspoof2019_LA_train/flac/LA_T_1597794.flac,6
/data/DATASETS/ASV_Spoof_2019_LA/ASVspoof2019_LA_dev/flac/LA_D_9535722.flac,6
/data/DATASETS/ASV_Spoof_2019_LA/ASVspoof2019_LA_dev/flac/LA_D_7717790.flac,6
/data/DATASETS/ASV_Spoof_2019_LA/ASVspoof2019_LA_dev/flac/LA_D_7679781.flac,6
/data/DATASETS/ASV_Spoof_2019_LA/ASVspoof2019_LA_train/flac/LA_T_7387135.flac,6
/data/DATASETS/ASV_Spoof_2019_LA/ASVspoof2019_LA_train/flac/LA_T_5702967.flac,6
/data/DATASETS/ASV_Spoof_2019_LA/ASVspoof2019_LA_dev/flac/LA_D_5298745.flac,6
/data/DATASETS/ASV_Spoof_2019_LA/ASVspoof2019_LA_train/flac/LA_T_9154880.flac,6
/data/DATASETS/ASV_Spoof_2019_LA/ASVspoof2019_LA_train/flac/LA_T_1215413.flac,6
/data/DATASETS/ASV_Spoof_2019_LA/ASVspoof2019_LA_dev/flac/LA_D_2388321.flac,6
/data/DATASETS/ASV_Spoof_2019_LA/ASVspoof2019_LA_train/flac/LA_T_9686055.flac,6
/data/DATASETS/ASV_Spoof_2019_LA/ASVspoof2019_LA_train/flac/LA_T_5239931.flac,6
/data/DATASETS/ASV_Spoof_2019_LA/ASVspoof2019_LA_train/flac/LA_T_3648704.flac,6
/data/DATASETS/ASV_Spoof_2019_LA/ASVspoof2019_LA_train/flac/LA_T_8760909.flac,6
/data/DATASETS/ASV_Spoof_2019_LA/ASVspoof2019_LA_dev/flac/LA_D_9926070.flac,6
/data/DATASETS/ASV_Spoof_2019_LA/ASVspoof2019_LA_dev/flac/LA_D_4767892.flac,6
/data/DATASETS/ASV_Spoof_2019_LA/ASVspoof2019_LA_train/flac/LA_T_1375886.flac,6
/data/DATASETS/ASV_Spoof_2019_LA/ASVspoof2019_LA_dev/flac/LA_D_3094177.flac,6
/data/DATASETS/ASV_Spoof_2019_LA/ASVspoof2019_LA_train/flac/LA_T_1683885.flac,6
/data/DATASETS/ASV_Spoof_2019_LA/ASVspoof2019_LA_train/flac/LA_T_3751884.flac,6
/data/DATASETS/ASV_Spoof_2019_LA/ASVspoof2019_LA_dev/flac/LA_D_4946274.flac,6
/data/DATASETS/ASV_Spoof_2019_LA/ASVspoof2019_LA_dev/flac/LA_D_2230489.flac,6
/data/DATASETS/ASV_Spoof_2019_LA/ASVspoof2019_LA_dev/flac/LA_D_3416456.flac,6
/data/DATASETS/ASV_Spoof_2019_LA/ASVspoof2019_LA_dev/flac/LA_D_1905366.flac,6
/data/DATASETS/ASV_Spoof_2019_LA/ASVspoof2019_LA_dev/flac/LA_D_8949695.flac,6
/data/DATASETS/ASV_Spoof_2019_LA/ASVspoof2019_LA_dev/flac/LA_D_3016130.flac,6
/data/DATASETS/ASV_Spoof_2019_LA/ASVspoof2019_LA_dev/flac/LA_D_7379829.flac,6
/data/DATASETS/ASV_Spoof_2019_LA/ASVspoof2019_LA_train/flac/LA_T_3252405.flac,6
/data/DATASETS/ASV_Spoof_2019_LA/ASVspoof2019_LA_dev/flac/LA_D_8867068.flac,6
/data/DATASETS/ASV_Spoof_2019_LA/ASVspoof2019_LA_dev/flac/LA_D_4755066.flac,6
/data/DATASETS/ASV_Spoof_2019_LA/ASVspoof2019_LA_dev/flac/LA_D_5743745.flac,6
/data/DATASETS/ASV_Spoof_2019_LA/ASVspoof2019_LA_train/flac/LA_T_6020600.flac,6
/data/DATASETS/ASV_Spoof_2019_LA/ASVspoof2019_LA_dev/flac/LA_D_7265184.flac,6
/data/DATASETS/ASV_Spoof_2019_LA/ASVspoof2019_LA_dev/flac/LA_D_6725362.flac,6
/data/DATASETS/ASV_Spoof_2019_LA/ASVspoof2019_LA_train/flac/LA_T_8372169.flac,6
/data/DATASETS/ASV_Spoof_2019_LA/ASVspoof2019_LA_dev/flac/LA_D_5089751.flac,6
/data/DATASETS/ASV_Spoof_2019_LA/ASVspoof2019_LA_dev/flac/LA_D_9733138.flac,6
/data/DATASETS/ASV_Spoof_2019_LA/ASVspoof2019_LA_dev/flac/LA_D_3947953.flac,6
/data/DATASETS/ASV_Spoof_2019_LA/ASVspoof2019_LA_train/flac/LA_T_4794915.flac,6
/data/DATASETS/ASV_Spoof_2019_LA/ASVspoof2019_LA_dev/flac/LA_D_8143136.flac,6
/data/DATASETS/ASV_Spoof_2019_LA/ASVspoof2019_LA_dev/flac/LA_D_3603256.flac,6
/data/DATASETS/ASV_Spoof_2019_LA/ASVspoof2019_LA_dev/flac/LA_D_1059142.flac,6
/data/DATASETS/ASV_Spoof_2019_LA/ASVspoof2019_LA_train/flac/LA_T_4115227.flac,6
/data/DATASETS/ASV_Spoof_2019_LA/ASVspoof2019_LA_dev/flac/LA_D_8959959.flac,6
/data/DATASETS/ASV_Spoof_2019_LA/ASVspoof2019_LA_dev/flac/LA_D_9022425.flac,6
/data/DATASETS/ASV_Spoof_2019_LA/ASVspoof2019_LA_train/flac/LA_T_3639469.flac,6
/data/DATASETS/ASV_Spoof_2019_LA/ASVspoof2019_LA_dev/flac/LA_D_8546378.flac,6
/data/DATASETS/ASV_Spoof_2019_LA/ASVspoof2019_LA_dev/flac/LA_D_6947158.flac,6
/data/DATASETS/ASV_Spoof_2019_LA/ASVspoof2019_LA_dev/flac/LA_D_8006888.flac,6
/data/DATASETS/ASV_Spoof_2019_LA/ASVspoof2019_LA_dev/flac/LA_D_8045695.flac,6
/data/DATASETS/ASV_Spoof_2019_LA/ASVspoof2019_LA_dev/flac/LA_D_7588214.flac,6
/data/DATASETS/ASV_Spoof_2019_LA/ASVspoof2019_LA_dev/flac/LA_D_5926484.flac,6
/data/DATASETS/ASV_Spoof_2019_LA/ASVspoof2019_LA_dev/flac/LA_D_2735004.flac,6
/data/DATASETS/ASV_Spoof_2019_LA/ASVspoof2019_LA_train/flac/LA_T_4917584.flac,6
/data/DATASETS/ASV_Spoof_2019_LA/ASVspoof2019_LA_dev/flac/LA_D_5930826.flac,6
/data/DATASETS/ASV_Spoof_2019_LA/ASVspoof2019_LA_train/flac/LA_T_6751029.flac,6
/data/DATASETS/ASV_Spoof_2019_LA/ASVspoof2019_LA_train/flac/LA_T_3659950.flac,6
/data/DATASETS/ASV_Spoof_2019_LA/ASVspoof2019_LA_dev/flac/LA_D_9382127.flac,6
/data/DATASETS/ASV_Spoof_2019_LA/ASVspoof2019_LA_train/flac/LA_T_1710175.flac,6
/data/DATASETS/ASV_Spoof_2019_LA/ASVspoof2019_LA_dev/flac/LA_D_2496402.flac,6
/data/DATASETS/ASV_Spoof_2019_LA/ASVspoof2019_LA_dev/flac/LA_D_3102640.flac,6
/data/DATASETS/ASV_Spoof_2019_LA/ASVspoof2019_LA_train/flac/LA_T_6886380.flac,6
/data/DATASETS/ASV_Spoof_2019_LA/ASVspoof2019_LA_train/flac/LA_T_7366665.flac,6
/data/DATASETS/ASV_Spoof_2019_LA/ASVspoof2019_LA_train/flac/LA_T_2233012.flac,6
/data/DATASETS/ASV_Spoof_2019_LA/ASVspoof2019_LA_train/flac/LA_T_8681838.flac,6
/data/DATASETS/ASV_Spoof_2019_LA/ASVspoof2019_LA_train/flac/LA_T_9355032.flac,6
/data/DATASETS/ASV_Spoof_2019_LA/ASVspoof2019_LA_dev/flac/LA_D_7225984.flac,6
/data/DATASETS/ASV_Spoof_2019_LA/ASVspoof2019_LA_train/flac/LA_T_1314937.flac,6
/data/DATASETS/ASV_Spoof_2019_LA/ASVspoof2019_LA_dev/flac/LA_D_4234473.flac,6
/data/DATASETS/ASV_Spoof_2019_LA/ASVspoof2019_LA_dev/flac/LA_D_3292380.flac,6
/data/DATASETS/ASV_Spoof_2019_LA/ASVspoof2019_LA_train/flac/LA_T_4962438.flac,6
/data/DATASETS/ASV_Spoof_2019_LA/ASVspoof2019_LA_dev/flac/LA_D_2418943.flac,6
/data/DATASETS/ASV_Spoof_2019_LA/ASVspoof2019_LA_dev/flac/LA_D_4668862.flac,6
/data/DATASETS/ASV_Spoof_2019_LA/ASVspoof2019_LA_dev/flac/LA_D_9993800.flac,6
/data/DATASETS/ASV_Spoof_2019_LA/ASVspoof2019_LA_train/flac/LA_T_3325295.flac,6
/data/DATASETS/ASV_Spoof_2019_LA/ASVspoof2019_LA_dev/flac/LA_D_3837829.flac,6
/data/DATASETS/ASV_Spoof_2019_LA/ASVspoof2019_LA_train/flac/LA_T_9945505.flac,6
/data/DATASETS/ASV_Spoof_2019_LA/ASVspoof2019_LA_dev/flac/LA_D_5448251.flac,6
/data/DATASETS/ASV_Spoof_2019_LA/ASVspoof2019_LA_train/flac/LA_T_6315290.flac,6
/data/DATASETS/ASV_Spoof_2019_LA/ASVspoof2019_LA_dev/flac/LA_D_9747201.flac,6
/data/DATASETS/ASV_Spoof_2019_LA/ASVspoof2019_LA_train/flac/LA_T_3144876.flac,6
/data/DATASETS/ASV_Spoof_2019_LA/ASVspoof2019_LA_dev/flac/LA_D_6847229.flac,6
/data/DATASETS/ASV_Spoof_2019_LA/ASVspoof2019_LA_train/flac/LA_T_7655750.flac,6
/data/DATASETS/ASV_Spoof_2019_LA/ASVspoof2019_LA_train/flac/LA_T_4051081.flac,6
/data/DATASETS/ASV_Spoof_2019_LA/ASVspoof2019_LA_train/flac/LA_T_7533966.flac,6
/data/DATASETS/ASV_Spoof_2019_LA/ASVspoof2019_LA_train/flac/LA_T_4272667.flac,6
/data/DATASETS/ASV_Spoof_2019_LA/ASVspoof2019_LA_train/flac/LA_T_1972323.flac,6
/data/DATASETS/ASV_Spoof_2019_LA/ASVspoof2019_LA_train/flac/LA_T_5848533.flac,6
/data/DATASETS/ASV_Spoof_2019_LA/ASVspoof2019_LA_dev/flac/LA_D_7622749.flac,6
/data/DATASETS/ASV_Spoof_2019_LA/ASVspoof2019_LA_train/flac/LA_T_5216193.flac,6
/data/DATASETS/ASV_Spoof_2019_LA/ASVspoof2019_LA_train/flac/LA_T_9884977.flac,6
/data/DATASETS/ASV_Spoof_2019_LA/ASVspoof2019_LA_train/flac/LA_T_8937733.flac,6
/data/DATASETS/ASV_Spoof_2019_LA/ASVspoof2019_LA_dev/flac/LA_D_7094965.flac,6
/data/DATASETS/ASV_Spoof_2019_LA/ASVspoof2019_LA_train/flac/LA_T_7302624.flac,6
/data/DATASETS/ASV_Spoof_2019_LA/ASVspoof2019_LA_train/flac/LA_T_3515581.flac,6
/data/DATASETS/ASV_Spoof_2019_LA/ASVspoof2019_LA_dev/flac/LA_D_5791316.flac,6
/data/DATASETS/ASV_Spoof_2019_LA/ASVspoof2019_LA_dev/flac/LA_D_1607262.flac,6
/data/DATASETS/ASV_Spoof_2019_LA/ASVspoof2019_LA_dev/flac/LA_D_4126982.flac,6
/data/DATASETS/ASV_Spoof_2019_LA/ASVspoof2019_LA_dev/flac/LA_D_4656540.flac,6
/data/DATASETS/ASV_Spoof_2019_LA/ASVspoof2019_LA_train/flac/LA_T_5228350.flac,6
/data/DATASETS/ASV_Spoof_2019_LA/ASVspoof2019_LA_train/flac/LA_T_7636819.flac,6
/data/DATASETS/ASV_Spoof_2019_LA/ASVspoof2019_LA_train/flac/LA_T_9187790.flac,6
/data/DATASETS/ASV_Spoof_2019_LA/ASVspoof2019_LA_dev/flac/LA_D_1782967.flac,6
/data/DATASETS/ASV_Spoof_2019_LA/ASVspoof2019_LA_dev/flac/LA_D_7375499.flac,6
/data/DATASETS/ASV_Spoof_2019_LA/ASVspoof2019_LA_train/flac/LA_T_7785582.flac,6
/data/DATASETS/ASV_Spoof_2019_LA/ASVspoof2019_LA_dev/flac/LA_D_4778408.flac,6
/data/DATASETS/ASV_Spoof_2019_LA/ASVspoof2019_LA_dev/flac/LA_D_9677312.flac,6
/data/DATASETS/ASV_Spoof_2019_LA/ASVspoof2019_LA_train/flac/LA_T_1855701.flac,6
/data/DATASETS/ASV_Spoof_2019_LA/ASVspoof2019_LA_dev/flac/LA_D_1811445.flac,6
/data/DATASETS/ASV_Spoof_2019_LA/ASVspoof2019_LA_dev/flac/LA_D_5073126.flac,6
/data/DATASETS/ASV_Spoof_2019_LA/ASVspoof2019_LA_train/flac/LA_T_8278096.flac,6
/data/DATASETS/ASV_Spoof_2019_LA/ASVspoof2019_LA_dev/flac/LA_D_6630625.flac,6
/data/DATASETS/ASV_Spoof_2019_LA/ASVspoof2019_LA_dev/flac/LA_D_1348026.flac,6
/data/DATASETS/ASV_Spoof_2019_LA/ASVspoof2019_LA_dev/flac/LA_D_4362724.flac,6
/data/DATASETS/ASV_Spoof_2019_LA/ASVspoof2019_LA_dev/flac/LA_D_6047115.flac,6
/data/DATASETS/ASV_Spoof_2019_LA/ASVspoof2019_LA_train/flac/LA_T_5061028.flac,6
/data/DATASETS/ASV_Spoof_2019_LA/ASVspoof2019_LA_dev/flac/LA_D_8592715.flac,6
/data/DATASETS/ASV_Spoof_2019_LA/ASVspoof2019_LA_dev/flac/LA_D_3928290.flac,6
/data/DATASETS/ASV_Spoof_2019_LA/ASVspoof2019_LA_dev/flac/LA_D_8293730.flac,6
/data/DATASETS/ASV_Spoof_2019_LA/ASVspoof2019_LA_train/flac/LA_T_2762553.flac,6
/data/DATASETS/ASV_Spoof_2019_LA/ASVspoof2019_LA_dev/flac/LA_D_3944543.flac,6
/data/DATASETS/ASV_Spoof_2019_LA/ASVspoof2019_LA_train/flac/LA_T_3526465.flac,6
/data/DATASETS/ASV_Spoof_2019_LA/ASVspoof2019_LA_dev/flac/LA_D_8510080.flac,6
/data/DATASETS/ASV_Spoof_2019_LA/ASVspoof2019_LA_dev/flac/LA_D_6535464.flac,6
/data/DATASETS/ASV_Spoof_2019_LA/ASVspoof2019_LA_train/flac/LA_T_2114883.flac,6
/data/DATASETS/ASV_Spoof_2019_LA/ASVspoof2019_LA_train/flac/LA_T_4120649.flac,6
/data/DATASETS/ASV_Spoof_2019_LA/ASVspoof2019_LA_dev/flac/LA_D_1783287.flac,6
/data/DATASETS/ASV_Spoof_2019_LA/ASVspoof2019_LA_dev/flac/LA_D_3260902.flac,6
/data/DATASETS/ASV_Spoof_2019_LA/ASVspoof2019_LA_dev/flac/LA_D_9064394.flac,6
/data/DATASETS/ASV_Spoof_2019_LA/ASVspoof2019_LA_train/flac/LA_T_8168035.flac,6
/data/DATASETS/ASV_Spoof_2019_LA/ASVspoof2019_LA_dev/flac/LA_D_2519499.flac,6
/data/DATASETS/ASV_Spoof_2019_LA/ASVspoof2019_LA_train/flac/LA_T_4560026.flac,6
/data/DATASETS/ASV_Spoof_2019_LA/ASVspoof2019_LA_train/flac/LA_T_4261334.flac,6
/data/DATASETS/ASV_Spoof_2019_LA/ASVspoof2019_LA_train/flac/LA_T_5705898.flac,6
/data/DATASETS/ASV_Spoof_2019_LA/ASVspoof2019_LA_dev/flac/LA_D_8099511.flac,6
/data/DATASETS/ASV_Spoof_2019_LA/ASVspoof2019_LA_dev/flac/LA_D_8138478.flac,6
/data/DATASETS/ASV_Spoof_2019_LA/ASVspoof2019_LA_dev/flac/LA_D_1512564.flac,6
/data/DATASETS/ASV_Spoof_2019_LA/ASVspoof2019_LA_dev/flac/LA_D_5718984.flac,6
/data/DATASETS/ASV_Spoof_2019_LA/ASVspoof2019_LA_train/flac/LA_T_1268084.flac,6
/data/DATASETS/ASV_Spoof_2019_LA/ASVspoof2019_LA_train/flac/LA_T_8375092.flac,6
/data/DATASETS/ASV_Spoof_2019_LA/ASVspoof2019_LA_dev/flac/LA_D_2931790.flac,6
/data/DATASETS/ASV_Spoof_2019_LA/ASVspoof2019_LA_train/flac/LA_T_8465867.flac,6
/data/DATASETS/ASV_Spoof_2019_LA/ASVspoof2019_LA_train/flac/LA_T_6877577.flac,6
/data/DATASETS/ASV_Spoof_2019_LA/ASVspoof2019_LA_train/flac/LA_T_6796768.flac,6
/data/DATASETS/ASV_Spoof_2019_LA/ASVspoof2019_LA_dev/flac/LA_D_4753322.flac,6
/data/DATASETS/ASV_Spoof_2019_LA/ASVspoof2019_LA_dev/flac/LA_D_3035741.flac,6
/data/DATASETS/ASV_Spoof_2019_LA/ASVspoof2019_LA_train/flac/LA_T_1980230.flac,6
/data/DATASETS/ASV_Spoof_2019_LA/ASVspoof2019_LA_dev/flac/LA_D_4335121.flac,6
/data/DATASETS/ASV_Spoof_2019_LA/ASVspoof2019_LA_train/flac/LA_T_5548403.flac,6
/data/DATASETS/ASV_Spoof_2019_LA/ASVspoof2019_LA_dev/flac/LA_D_8580443.flac,6
/data/DATASETS/ASV_Spoof_2019_LA/ASVspoof2019_LA_train/flac/LA_T_6739506.flac,6
/data/DATASETS/ASV_Spoof_2019_LA/ASVspoof2019_LA_train/flac/LA_T_5300943.flac,6
/data/DATASETS/ASV_Spoof_2019_LA/ASVspoof2019_LA_train/flac/LA_T_8818743.flac,6
/data/DATASETS/ASV_Spoof_2019_LA/ASVspoof2019_LA_train/flac/LA_T_9634710.flac,6
/data/DATASETS/ASV_Spoof_2019_LA/ASVspoof2019_LA_train/flac/LA_T_9273385.flac,6
/data/DATASETS/ASV_Spoof_2019_LA/ASVspoof2019_LA_train/flac/LA_T_7652535.flac,6
/data/DATASETS/ASV_Spoof_2019_LA/ASVspoof2019_LA_train/flac/LA_T_7679459.flac,6
/data/DATASETS/ASV_Spoof_2019_LA/ASVspoof2019_LA_train/flac/LA_T_8441578.flac,6
/data/DATASETS/ASV_Spoof_2019_LA/ASVspoof2019_LA_dev/flac/LA_D_1809032.flac,6
/data/DATASETS/ASV_Spoof_2019_LA/ASVspoof2019_LA_dev/flac/LA_D_2230194.flac,6
/data/DATASETS/ASV_Spoof_2019_LA/ASVspoof2019_LA_train/flac/LA_T_1251062.flac,6
/data/DATASETS/ASV_Spoof_2019_LA/ASVspoof2019_LA_train/flac/LA_T_4000643.flac,6
/data/DATASETS/ASV_Spoof_2019_LA/ASVspoof2019_LA_train/flac/LA_T_7955877.flac,6
/data/DATASETS/ASV_Spoof_2019_LA/ASVspoof2019_LA_dev/flac/LA_D_2498281.flac,6
/data/DATASETS/ASV_Spoof_2019_LA/ASVspoof2019_LA_train/flac/LA_T_1188511.flac,6
/data/DATASETS/ASV_Spoof_2019_LA/ASVspoof2019_LA_train/flac/LA_T_3634760.flac,6
/data/DATASETS/ASV_Spoof_2019_LA/ASVspoof2019_LA_train/flac/LA_T_3221098.flac,6
/data/DATASETS/ASV_Spoof_2019_LA/ASVspoof2019_LA_dev/flac/LA_D_2352367.flac,6
/data/DATASETS/ASV_Spoof_2019_LA/ASVspoof2019_LA_dev/flac/LA_D_4458136.flac,6
/data/DATASETS/ASV_Spoof_2019_LA/ASVspoof2019_LA_dev/flac/LA_D_4192008.flac,6
/data/DATASETS/ASV_Spoof_2019_LA/ASVspoof2019_LA_dev/flac/LA_D_5402243.flac,6
/data/DATASETS/ASV_Spoof_2019_LA/ASVspoof2019_LA_train/flac/LA_T_9117058.flac,6
/data/DATASETS/ASV_Spoof_2019_LA/ASVspoof2019_LA_dev/flac/LA_D_2287068.flac,6
/data/DATASETS/ASV_Spoof_2019_LA/ASVspoof2019_LA_dev/flac/LA_D_3318993.flac,6
/data/DATASETS/ASV_Spoof_2019_LA/ASVspoof2019_LA_train/flac/LA_T_1626908.flac,6
/data/DATASETS/ASV_Spoof_2019_LA/ASVspoof2019_LA_train/flac/LA_T_1467305.flac,6
/data/DATASETS/ASV_Spoof_2019_LA/ASVspoof2019_LA_train/flac/LA_T_5556324.flac,6
/data/DATASETS/ASV_Spoof_2019_LA/ASVspoof2019_LA_dev/flac/LA_D_4228094.flac,6
/data/DATASETS/ASV_Spoof_2019_LA/ASVspoof2019_LA_train/flac/LA_T_7507065.flac,6
/data/DATASETS/ASV_Spoof_2019_LA/ASVspoof2019_LA_train/flac/LA_T_7981057.flac,6
/data/DATASETS/ASV_Spoof_2019_LA/ASVspoof2019_LA_dev/flac/LA_D_2385027.flac,6
/data/DATASETS/ASV_Spoof_2019_LA/ASVspoof2019_LA_train/flac/LA_T_4155690.flac,6
/data/DATASETS/ASV_Spoof_2019_LA/ASVspoof2019_LA_dev/flac/LA_D_2487310.flac,6
/data/DATASETS/ASV_Spoof_2019_LA/ASVspoof2019_LA_dev/flac/LA_D_7369058.flac,6
/data/DATASETS/ASV_Spoof_2019_LA/ASVspoof2019_LA_dev/flac/LA_D_8193450.flac,6
/data/DATASETS/ASV_Spoof_2019_LA/ASVspoof2019_LA_train/flac/LA_T_2746059.flac,6
/data/DATASETS/ASV_Spoof_2019_LA/ASVspoof2019_LA_train/flac/LA_T_9736186.flac,6
/data/DATASETS/ASV_Spoof_2019_LA/ASVspoof2019_LA_dev/flac/LA_D_7655527.flac,6
/data/DATASETS/ASV_Spoof_2019_LA/ASVspoof2019_LA_train/flac/LA_T_4481342.flac,6
/data/DATASETS/ASV_Spoof_2019_LA/ASVspoof2019_LA_train/flac/LA_T_1053104.flac,6
/data/DATASETS/ASV_Spoof_2019_LA/ASVspoof2019_LA_dev/flac/LA_D_1785622.flac,6
/data/DATASETS/ASV_Spoof_2019_LA/ASVspoof2019_LA_dev/flac/LA_D_8779034.flac,6
/data/DATASETS/ASV_Spoof_2019_LA/ASVspoof2019_LA_dev/flac/LA_D_4332784.flac,6
/data/DATASETS/ASV_Spoof_2019_LA/ASVspoof2019_LA_train/flac/LA_T_4633608.flac,6
/data/DATASETS/ASV_Spoof_2019_LA/ASVspoof2019_LA_dev/flac/LA_D_3685201.flac,6
/data/DATASETS/ASV_Spoof_2019_LA/ASVspoof2019_LA_dev/flac/LA_D_6098836.flac,6
/data/DATASETS/ASV_Spoof_2019_LA/ASVspoof2019_LA_dev/flac/LA_D_4793229.flac,6
/data/DATASETS/ASV_Spoof_2019_LA/ASVspoof2019_LA_dev/flac/LA_D_6438379.flac,6
/data/DATASETS/ASV_Spoof_2019_LA/ASVspoof2019_LA_train/flac/LA_T_2241181.flac,6
/data/DATASETS/ASV_Spoof_2019_LA/ASVspoof2019_LA_train/flac/LA_T_2564457.flac,6
/data/DATASETS/ASV_Spoof_2019_LA/ASVspoof2019_LA_train/flac/LA_T_7952897.flac,6
/data/DATASETS/ASV_Spoof_2019_LA/ASVspoof2019_LA_dev/flac/LA_D_9205640.flac,6
/data/DATASETS/ASV_Spoof_2019_LA/ASVspoof2019_LA_dev/flac/LA_D_2659177.flac,6
/data/DATASETS/ASV_Spoof_2019_LA/ASVspoof2019_LA_dev/flac/LA_D_3469618.flac,6
/data/DATASETS/ASV_Spoof_2019_LA/ASVspoof2019_LA_train/flac/LA_T_8036462.flac,6
/data/DATASETS/ASV_Spoof_2019_LA/ASVspoof2019_LA_dev/flac/LA_D_1382969.flac,6
/data/DATASETS/ASV_Spoof_2019_LA/ASVspoof2019_LA_train/flac/LA_T_4455427.flac,6
/data/DATASETS/ASV_Spoof_2019_LA/ASVspoof2019_LA_train/flac/LA_T_5502171.flac,6
/data/DATASETS/ASV_Spoof_2019_LA/ASVspoof2019_LA_train/flac/LA_T_6887320.flac,6
/data/DATASETS/ASV_Spoof_2019_LA/ASVspoof2019_LA_dev/flac/LA_D_5269027.flac,6
/data/DATASETS/ASV_Spoof_2019_LA/ASVspoof2019_LA_dev/flac/LA_D_2195595.flac,6
/data/DATASETS/ASV_Spoof_2019_LA/ASVspoof2019_LA_train/flac/LA_T_5867894.flac,6
/data/DATASETS/ASV_Spoof_2019_LA/ASVspoof2019_LA_train/flac/LA_T_9548139.flac,6
/data/DATASETS/ASV_Spoof_2019_LA/ASVspoof2019_LA_dev/flac/LA_D_6808623.flac,6
/data/DATASETS/ASV_Spoof_2019_LA/ASVspoof2019_LA_train/flac/LA_T_1669702.flac,6
/data/DATASETS/ASV_Spoof_2019_LA/ASVspoof2019_LA_train/flac/LA_T_2782217.flac,6
/data/DATASETS/ASV_Spoof_2019_LA/ASVspoof2019_LA_train/flac/LA_T_1029007.flac,6
/data/DATASETS/ASV_Spoof_2019_LA/ASVspoof2019_LA_dev/flac/LA_D_4991936.flac,6
/data/DATASETS/ASV_Spoof_2019_LA/ASVspoof2019_LA_train/flac/LA_T_6395400.flac,6
/data/DATASETS/ASV_Spoof_2019_LA/ASVspoof2019_LA_dev/flac/LA_D_6127324.flac,6
/data/DATASETS/ASV_Spoof_2019_LA/ASVspoof2019_LA_dev/flac/LA_D_7830688.flac,6
/data/DATASETS/ASV_Spoof_2019_LA/ASVspoof2019_LA_train/flac/LA_T_9083071.flac,6
/data/DATASETS/ASV_Spoof_2019_LA/ASVspoof2019_LA_dev/flac/LA_D_3687327.flac,6
/data/DATASETS/ASV_Spoof_2019_LA/ASVspoof2019_LA_train/flac/LA_T_4247119.flac,6
/data/DATASETS/ASV_Spoof_2019_LA/ASVspoof2019_LA_dev/flac/LA_D_3533031.flac,6
/data/DATASETS/ASV_Spoof_2019_LA/ASVspoof2019_LA_dev/flac/LA_D_4433438.flac,6
/data/DATASETS/ASV_Spoof_2019_LA/ASVspoof2019_LA_dev/flac/LA_D_7297087.flac,6
/data/DATASETS/ASV_Spoof_2019_LA/ASVspoof2019_LA_dev/flac/LA_D_8841200.flac,6
/data/DATASETS/ASV_Spoof_2019_LA/ASVspoof2019_LA_dev/flac/LA_D_2529761.flac,6
/data/DATASETS/ASV_Spoof_2019_LA/ASVspoof2019_LA_train/flac/LA_T_1785048.flac,6
/data/DATASETS/ASV_Spoof_2019_LA/ASVspoof2019_LA_train/flac/LA_T_5754779.flac,6
/data/DATASETS/ASV_Spoof_2019_LA/ASVspoof2019_LA_train/flac/LA_T_7730106.flac,6
/data/DATASETS/ASV_Spoof_2019_LA/ASVspoof2019_LA_dev/flac/LA_D_3772573.flac,6
/data/DATASETS/ASV_Spoof_2019_LA/ASVspoof2019_LA_train/flac/LA_T_6581183.flac,6
/data/DATASETS/ASV_Spoof_2019_LA/ASVspoof2019_LA_train/flac/LA_T_4749791.flac,6
/data/DATASETS/ASV_Spoof_2019_LA/ASVspoof2019_LA_train/flac/LA_T_3199187.flac,6
/data/DATASETS/ASV_Spoof_2019_LA/ASVspoof2019_LA_dev/flac/LA_D_3700696.flac,6
/data/DATASETS/ASV_Spoof_2019_LA/ASVspoof2019_LA_train/flac/LA_T_6333356.flac,6
/data/DATASETS/ASV_Spoof_2019_LA/ASVspoof2019_LA_dev/flac/LA_D_3040991.flac,6
/data/DATASETS/ASV_Spoof_2019_LA/ASVspoof2019_LA_train/flac/LA_T_8557172.flac,6
/data/DATASETS/ASV_Spoof_2019_LA/ASVspoof2019_LA_train/flac/LA_T_8585187.flac,6
/data/DATASETS/ASV_Spoof_2019_LA/ASVspoof2019_LA_train/flac/LA_T_8994644.flac,6
/data/DATASETS/ASV_Spoof_2019_LA/ASVspoof2019_LA_dev/flac/LA_D_7692713.flac,6
/data/DATASETS/ASV_Spoof_2019_LA/ASVspoof2019_LA_train/flac/LA_T_1971946.flac,6
/data/DATASETS/ASV_Spoof_2019_LA/ASVspoof2019_LA_train/flac/LA_T_5377590.flac,6
/data/DATASETS/ASV_Spoof_2019_LA/ASVspoof2019_LA_dev/flac/LA_D_5253806.flac,6
/data/DATASETS/ASV_Spoof_2019_LA/ASVspoof2019_LA_dev/flac/LA_D_4519910.flac,6
/data/DATASETS/ASV_Spoof_2019_LA/ASVspoof2019_LA_dev/flac/LA_D_1047504.flac,6
/data/DATASETS/ASV_Spoof_2019_LA/ASVspoof2019_LA_train/flac/LA_T_9852126.flac,6
/data/DATASETS/ASV_Spoof_2019_LA/ASVspoof2019_LA_train/flac/LA_T_3979842.flac,6
/data/DATASETS/ASV_Spoof_2019_LA/ASVspoof2019_LA_train/flac/LA_T_8703036.flac,6
/data/DATASETS/ASV_Spoof_2019_LA/ASVspoof2019_LA_train/flac/LA_T_5936135.flac,6
/data/DATASETS/ASV_Spoof_2019_LA/ASVspoof2019_LA_dev/flac/LA_D_3542780.flac,6
/data/DATASETS/ASV_Spoof_2019_LA/ASVspoof2019_LA_train/flac/LA_T_9550569.flac,6
/data/DATASETS/ASV_Spoof_2019_LA/ASVspoof2019_LA_train/flac/LA_T_8874725.flac,6
/data/DATASETS/ASV_Spoof_2019_LA/ASVspoof2019_LA_dev/flac/LA_D_3249077.flac,6
/data/DATASETS/ASV_Spoof_2019_LA/ASVspoof2019_LA_train/flac/LA_T_1994274.flac,6
/data/DATASETS/ASV_Spoof_2019_LA/ASVspoof2019_LA_train/flac/LA_T_9604435.flac,6
/data/DATASETS/ASV_Spoof_2019_LA/ASVspoof2019_LA_train/flac/LA_T_7542186.flac,6
/data/DATASETS/ASV_Spoof_2019_LA/ASVspoof2019_LA_dev/flac/LA_D_5277230.flac,6
/data/DATASETS/ASV_Spoof_2019_LA/ASVspoof2019_LA_train/flac/LA_T_9265295.flac,6
/data/DATASETS/ASV_Spoof_2019_LA/ASVspoof2019_LA_dev/flac/LA_D_4249206.flac,6
/data/DATASETS/ASV_Spoof_2019_LA/ASVspoof2019_LA_dev/flac/LA_D_8447186.flac,6
/data/DATASETS/ASV_Spoof_2019_LA/ASVspoof2019_LA_train/flac/LA_T_9067473.flac,6
/data/DATASETS/ASV_Spoof_2019_LA/ASVspoof2019_LA_dev/flac/LA_D_3254201.flac,6
/data/DATASETS/ASV_Spoof_2019_LA/ASVspoof2019_LA_dev/flac/LA_D_8232967.flac,6
/data/DATASETS/ASV_Spoof_2019_LA/ASVspoof2019_LA_dev/flac/LA_D_1096800.flac,6
/data/DATASETS/ASV_Spoof_2019_LA/ASVspoof2019_LA_train/flac/LA_T_7661844.flac,6
/data/DATASETS/ASV_Spoof_2019_LA/ASVspoof2019_LA_train/flac/LA_T_1908915.flac,6
/data/DATASETS/ASV_Spoof_2019_LA/ASVspoof2019_LA_train/flac/LA_T_6595818.flac,6
/data/DATASETS/ASV_Spoof_2019_LA/ASVspoof2019_LA_train/flac/LA_T_3852468.flac,6
/data/DATASETS/ASV_Spoof_2019_LA/ASVspoof2019_LA_dev/flac/LA_D_9834959.flac,6
/data/DATASETS/ASV_Spoof_2019_LA/ASVspoof2019_LA_dev/flac/LA_D_9917167.flac,6
/data/DATASETS/ASV_Spoof_2019_LA/ASVspoof2019_LA_dev/flac/LA_D_1416117.flac,6
/data/DATASETS/ASV_Spoof_2019_LA/ASVspoof2019_LA_train/flac/LA_T_5006542.flac,6
/data/DATASETS/ASV_Spoof_2019_LA/ASVspoof2019_LA_dev/flac/LA_D_3975408.flac,6
/data/DATASETS/ASV_Spoof_2019_LA/ASVspoof2019_LA_dev/flac/LA_D_9393969.flac,6
/data/DATASETS/ASV_Spoof_2019_LA/ASVspoof2019_LA_train/flac/LA_T_5540682.flac,6
/data/DATASETS/ASV_Spoof_2019_LA/ASVspoof2019_LA_dev/flac/LA_D_3132921.flac,6
/data/DATASETS/ASV_Spoof_2019_LA/ASVspoof2019_LA_train/flac/LA_T_5593727.flac,6
/data/DATASETS/ASV_Spoof_2019_LA/ASVspoof2019_LA_dev/flac/LA_D_3139007.flac,6
/data/DATASETS/ASV_Spoof_2019_LA/ASVspoof2019_LA_train/flac/LA_T_7696311.flac,6
/data/DATASETS/ASV_Spoof_2019_LA/ASVspoof2019_LA_dev/flac/LA_D_5269078.flac,6
/data/DATASETS/ASV_Spoof_2019_LA/ASVspoof2019_LA_dev/flac/LA_D_1408116.flac,6
/data/DATASETS/ASV_Spoof_2019_LA/ASVspoof2019_LA_train/flac/LA_T_7628131.flac,6
/data/DATASETS/ASV_Spoof_2019_LA/ASVspoof2019_LA_train/flac/LA_T_6972268.flac,6
/data/DATASETS/ASV_Spoof_2019_LA/ASVspoof2019_LA_dev/flac/LA_D_8514719.flac,6
/data/DATASETS/ASV_Spoof_2019_LA/ASVspoof2019_LA_dev/flac/LA_D_2041511.flac,6
/data/DATASETS/ASV_Spoof_2019_LA/ASVspoof2019_LA_train/flac/LA_T_1388050.flac,6
/data/DATASETS/ASV_Spoof_2019_LA/ASVspoof2019_LA_train/flac/LA_T_7865315.flac,6
/data/DATASETS/ASV_Spoof_2019_LA/ASVspoof2019_LA_train/flac/LA_T_8401545.flac,6
/data/DATASETS/ASV_Spoof_2019_LA/ASVspoof2019_LA_train/flac/LA_T_4884280.flac,6
/data/DATASETS/ASV_Spoof_2019_LA/ASVspoof2019_LA_train/flac/LA_T_3136381.flac,6
/data/DATASETS/ASV_Spoof_2019_LA/ASVspoof2019_LA_dev/flac/LA_D_8244933.flac,6
/data/DATASETS/ASV_Spoof_2019_LA/ASVspoof2019_LA_dev/flac/LA_D_7227396.flac,6
/data/DATASETS/ASV_Spoof_2019_LA/ASVspoof2019_LA_dev/flac/LA_D_7040973.flac,6
/data/DATASETS/ASV_Spoof_2019_LA/ASVspoof2019_LA_train/flac/LA_T_6023616.flac,6
/data/DATASETS/ASV_Spoof_2019_LA/ASVspoof2019_LA_dev/flac/LA_D_8880593.flac,6
/data/DATASETS/ASV_Spoof_2019_LA/ASVspoof2019_LA_train/flac/LA_T_2219222.flac,6
/data/DATASETS/ASV_Spoof_2019_LA/ASVspoof2019_LA_train/flac/LA_T_4422100.flac,6
/data/DATASETS/ASV_Spoof_2019_LA/ASVspoof2019_LA_train/flac/LA_T_8430725.flac,6
/data/DATASETS/ASV_Spoof_2019_LA/ASVspoof2019_LA_train/flac/LA_T_6794967.flac,6
/data/DATASETS/ASV_Spoof_2019_LA/ASVspoof2019_LA_dev/flac/LA_D_4778443.flac,6
/data/DATASETS/ASV_Spoof_2019_LA/ASVspoof2019_LA_dev/flac/LA_D_3802962.flac,6
/data/DATASETS/ASV_Spoof_2019_LA/ASVspoof2019_LA_dev/flac/LA_D_2073874.flac,6
/data/DATASETS/ASV_Spoof_2019_LA/ASVspoof2019_LA_dev/flac/LA_D_3074358.flac,6
/data/DATASETS/ASV_Spoof_2019_LA/ASVspoof2019_LA_dev/flac/LA_D_2094937.flac,6
/data/DATASETS/ASV_Spoof_2019_LA/ASVspoof2019_LA_train/flac/LA_T_7918710.flac,6
/data/DATASETS/ASV_Spoof_2019_LA/ASVspoof2019_LA_dev/flac/LA_D_7483902.flac,6
/data/DATASETS/ASV_Spoof_2019_LA/ASVspoof2019_LA_train/flac/LA_T_1934739.flac,6
/data/DATASETS/ASV_Spoof_2019_LA/ASVspoof2019_LA_dev/flac/LA_D_2324725.flac,6
/data/DATASETS/ASV_Spoof_2019_LA/ASVspoof2019_LA_dev/flac/LA_D_8095777.flac,6
/data/DATASETS/ASV_Spoof_2019_LA/ASVspoof2019_LA_train/flac/LA_T_2551971.flac,6
/data/DATASETS/ASV_Spoof_2019_LA/ASVspoof2019_LA_train/flac/LA_T_9223759.flac,6
/data/DATASETS/ASV_Spoof_2019_LA/ASVspoof2019_LA_dev/flac/LA_D_3179309.flac,6
/data/DATASETS/ASV_Spoof_2019_LA/ASVspoof2019_LA_train/flac/LA_T_4223888.flac,6
/data/DATASETS/ASV_Spoof_2019_LA/ASVspoof2019_LA_train/flac/LA_T_1116187.flac,6
/data/DATASETS/ASV_Spoof_2019_LA/ASVspoof2019_LA_dev/flac/LA_D_2330181.flac,6
/data/DATASETS/ASV_Spoof_2019_LA/ASVspoof2019_LA_train/flac/LA_T_6247363.flac,6
/data/DATASETS/ASV_Spoof_2019_LA/ASVspoof2019_LA_train/flac/LA_T_3097549.flac,6
/data/DATASETS/ASV_Spoof_2019_LA/ASVspoof2019_LA_dev/flac/LA_D_9777735.flac,6
/data/DATASETS/ASV_Spoof_2019_LA/ASVspoof2019_LA_train/flac/LA_T_9999048.flac,6
/data/DATASETS/ASV_Spoof_2019_LA/ASVspoof2019_LA_dev/flac/LA_D_6134944.flac,6
/data/DATASETS/ASV_Spoof_2019_LA/ASVspoof2019_LA_dev/flac/LA_D_7961283.flac,6
/data/DATASETS/ASV_Spoof_2019_LA/ASVspoof2019_LA_train/flac/LA_T_5399106.flac,6
/data/DATASETS/ASV_Spoof_2019_LA/ASVspoof2019_LA_train/flac/LA_T_7088742.flac,6
/data/DATASETS/ASV_Spoof_2019_LA/ASVspoof2019_LA_dev/flac/LA_D_6902681.flac,6
/data/DATASETS/ASV_Spoof_2019_LA/ASVspoof2019_LA_train/flac/LA_T_9023352.flac,6
/data/DATASETS/ASV_Spoof_2019_LA/ASVspoof2019_LA_train/flac/LA_T_5233935.flac,6
/data/DATASETS/ASV_Spoof_2019_LA/ASVspoof2019_LA_dev/flac/LA_D_1591743.flac,6
/data/DATASETS/ASV_Spoof_2019_LA/ASVspoof2019_LA_dev/flac/LA_D_5269116.flac,6
/data/DATASETS/ASV_Spoof_2019_LA/ASVspoof2019_LA_dev/flac/LA_D_6946995.flac,6
/data/DATASETS/ASV_Spoof_2019_LA/ASVspoof2019_LA_dev/flac/LA_D_1326429.flac,6
/data/DATASETS/ASV_Spoof_2019_LA/ASVspoof2019_LA_train/flac/LA_T_1402316.flac,6
/data/DATASETS/ASV_Spoof_2019_LA/ASVspoof2019_LA_train/flac/LA_T_5794806.flac,6
/data/DATASETS/ASV_Spoof_2019_LA/ASVspoof2019_LA_dev/flac/LA_D_1517144.flac,6
/data/DATASETS/ASV_Spoof_2019_LA/ASVspoof2019_LA_train/flac/LA_T_5526145.flac,6
/data/DATASETS/ASV_Spoof_2019_LA/ASVspoof2019_LA_train/flac/LA_T_3701743.flac,6
/data/DATASETS/ASV_Spoof_2019_LA/ASVspoof2019_LA_train/flac/LA_T_3958984.flac,6
/data/DATASETS/ASV_Spoof_2019_LA/ASVspoof2019_LA_train/flac/LA_T_8767828.flac,6
/data/DATASETS/ASV_Spoof_2019_LA/ASVspoof2019_LA_dev/flac/LA_D_4599849.flac,6
/data/DATASETS/ASV_Spoof_2019_LA/ASVspoof2019_LA_dev/flac/LA_D_7233780.flac,6
/data/DATASETS/ASV_Spoof_2019_LA/ASVspoof2019_LA_dev/flac/LA_D_5899377.flac,6
/data/DATASETS/ASV_Spoof_2019_LA/ASVspoof2019_LA_train/flac/LA_T_1817074.flac,6
/data/DATASETS/ASV_Spoof_2019_LA/ASVspoof2019_LA_dev/flac/LA_D_7363059.flac,6
/data/DATASETS/ASV_Spoof_2019_LA/ASVspoof2019_LA_train/flac/LA_T_6571989.flac,6
/data/DATASETS/ASV_Spoof_2019_LA/ASVspoof2019_LA_dev/flac/LA_D_9712952.flac,6
/data/DATASETS/ASV_Spoof_2019_LA/ASVspoof2019_LA_train/flac/LA_T_5254527.flac,6
/data/DATASETS/ASV_Spoof_2019_LA/ASVspoof2019_LA_dev/flac/LA_D_4195813.flac,6
/data/DATASETS/ASV_Spoof_2019_LA/ASVspoof2019_LA_train/flac/LA_T_5109373.flac,6
/data/DATASETS/ASV_Spoof_2019_LA/ASVspoof2019_LA_train/flac/LA_T_9959102.flac,6
/data/DATASETS/ASV_Spoof_2019_LA/ASVspoof2019_LA_train/flac/LA_T_9418124.flac,6
/data/DATASETS/ASV_Spoof_2019_LA/ASVspoof2019_LA_train/flac/LA_T_3149994.flac,6
/data/DATASETS/ASV_Spoof_2019_LA/ASVspoof2019_LA_train/flac/LA_T_9513661.flac,6
/data/DATASETS/ASV_Spoof_2019_LA/ASVspoof2019_LA_dev/flac/LA_D_5623293.flac,6
/data/DATASETS/ASV_Spoof_2019_LA/ASVspoof2019_LA_train/flac/LA_T_6018467.flac,6
/data/DATASETS/ASV_Spoof_2019_LA/ASVspoof2019_LA_dev/flac/LA_D_4935046.flac,6
/data/DATASETS/ASV_Spoof_2019_LA/ASVspoof2019_LA_train/flac/LA_T_3653609.flac,6
/data/DATASETS/ASV_Spoof_2019_LA/ASVspoof2019_LA_dev/flac/LA_D_6887011.flac,6
/data/DATASETS/ASV_Spoof_2019_LA/ASVspoof2019_LA_dev/flac/LA_D_1036594.flac,6
/data/DATASETS/ASV_Spoof_2019_LA/ASVspoof2019_LA_dev/flac/LA_D_9577897.flac,6
/data/DATASETS/ASV_Spoof_2019_LA/ASVspoof2019_LA_dev/flac/LA_D_1771089.flac,6
/data/DATASETS/ASV_Spoof_2019_LA/ASVspoof2019_LA_dev/flac/LA_D_4782365.flac,6
/data/DATASETS/ASV_Spoof_2019_LA/ASVspoof2019_LA_train/flac/LA_T_4997075.flac,6
/data/DATASETS/ASV_Spoof_2019_LA/ASVspoof2019_LA_train/flac/LA_T_9287852.flac,6
/data/DATASETS/ASV_Spoof_2019_LA/ASVspoof2019_LA_dev/flac/LA_D_4254597.flac,6
/data/DATASETS/ASV_Spoof_2019_LA/ASVspoof2019_LA_dev/flac/LA_D_8248088.flac,6
/data/DATASETS/ASV_Spoof_2019_LA/ASVspoof2019_LA_train/flac/LA_T_8841326.flac,6
/data/DATASETS/ASV_Spoof_2019_LA/ASVspoof2019_LA_dev/flac/LA_D_6174114.flac,6
/data/DATASETS/ASV_Spoof_2019_LA/ASVspoof2019_LA_train/flac/LA_T_4911454.flac,6
/data/DATASETS/ASV_Spoof_2019_LA/ASVspoof2019_LA_dev/flac/LA_D_2808442.flac,6
/data/DATASETS/ASV_Spoof_2019_LA/ASVspoof2019_LA_train/flac/LA_T_3796700.flac,6
/data/DATASETS/ASV_Spoof_2019_LA/ASVspoof2019_LA_train/flac/LA_T_3812955.flac,6
/data/DATASETS/ASV_Spoof_2019_LA/ASVspoof2019_LA_train/flac/LA_T_4157075.flac,6
/data/DATASETS/ASV_Spoof_2019_LA/ASVspoof2019_LA_dev/flac/LA_D_5716688.flac,6
/data/DATASETS/ASV_Spoof_2019_LA/ASVspoof2019_LA_dev/flac/LA_D_7270172.flac,6
/data/DATASETS/ASV_Spoof_2019_LA/ASVspoof2019_LA_train/flac/LA_T_8221877.flac,6
/data/DATASETS/ASV_Spoof_2019_LA/ASVspoof2019_LA_dev/flac/LA_D_3542872.flac,6
/data/DATASETS/ASV_Spoof_2019_LA/ASVspoof2019_LA_train/flac/LA_T_4408459.flac,6
/data/DATASETS/ASV_Spoof_2019_LA/ASVspoof2019_LA_dev/flac/LA_D_4304225.flac,6
/data/DATASETS/ASV_Spoof_2019_LA/ASVspoof2019_LA_train/flac/LA_T_8852908.flac,6
/data/DATASETS/ASV_Spoof_2019_LA/ASVspoof2019_LA_dev/flac/LA_D_6816441.flac,6
/data/DATASETS/ASV_Spoof_2019_LA/ASVspoof2019_LA_train/flac/LA_T_5745599.flac,6
/data/DATASETS/ASV_Spoof_2019_LA/ASVspoof2019_LA_dev/flac/LA_D_1029617.flac,6
/data/DATASETS/ASV_Spoof_2019_LA/ASVspoof2019_LA_train/flac/LA_T_8719032.flac,6
/data/DATASETS/ASV_Spoof_2019_LA/ASVspoof2019_LA_dev/flac/LA_D_9071521.flac,6
/data/DATASETS/ASV_Spoof_2019_LA/ASVspoof2019_LA_dev/flac/LA_D_8357910.flac,6
/data/DATASETS/ASV_Spoof_2019_LA/ASVspoof2019_LA_train/flac/LA_T_3633380.flac,6
/data/DATASETS/ASV_Spoof_2019_LA/ASVspoof2019_LA_train/flac/LA_T_3932542.flac,6
/data/DATASETS/ASV_Spoof_2019_LA/ASVspoof2019_LA_train/flac/LA_T_8563135.flac,6
/data/DATASETS/ASV_Spoof_2019_LA/ASVspoof2019_LA_train/flac/LA_T_8198235.flac,6
/data/DATASETS/ASV_Spoof_2019_LA/ASVspoof2019_LA_train/flac/LA_T_3457501.flac,6
/data/DATASETS/ASV_Spoof_2019_LA/ASVspoof2019_LA_train/flac/LA_T_6141271.flac,6
/data/DATASETS/ASV_Spoof_2019_LA/ASVspoof2019_LA_dev/flac/LA_D_6920572.flac,6
/data/DATASETS/ASV_Spoof_2019_LA/ASVspoof2019_LA_train/flac/LA_T_2862249.flac,6
/data/DATASETS/ASV_Spoof_2019_LA/ASVspoof2019_LA_dev/flac/LA_D_8181617.flac,6
/data/DATASETS/ASV_Spoof_2019_LA/ASVspoof2019_LA_train/flac/LA_T_2434059.flac,6
/data/DATASETS/ASV_Spoof_2019_LA/ASVspoof2019_LA_dev/flac/LA_D_2539732.flac,6
/data/DATASETS/ASV_Spoof_2019_LA/ASVspoof2019_LA_train/flac/LA_T_5856596.flac,6
/data/DATASETS/ASV_Spoof_2019_LA/ASVspoof2019_LA_train/flac/LA_T_7954277.flac,6
/data/DATASETS/ASV_Spoof_2019_LA/ASVspoof2019_LA_dev/flac/LA_D_5769057.flac,6
/data/DATASETS/ASV_Spoof_2019_LA/ASVspoof2019_LA_train/flac/LA_T_3006136.flac,6
/data/DATASETS/ASV_Spoof_2019_LA/ASVspoof2019_LA_train/flac/LA_T_6717582.flac,6
/data/DATASETS/ASV_Spoof_2019_LA/ASVspoof2019_LA_dev/flac/LA_D_1862965.flac,6
/data/DATASETS/ASV_Spoof_2019_LA/ASVspoof2019_LA_train/flac/LA_T_3115789.flac,6
/data/DATASETS/ASV_Spoof_2019_LA/ASVspoof2019_LA_dev/flac/LA_D_9196257.flac,6
/data/DATASETS/ASV_Spoof_2019_LA/ASVspoof2019_LA_train/flac/LA_T_7017354.flac,6
/data/DATASETS/ASV_Spoof_2019_LA/ASVspoof2019_LA_dev/flac/LA_D_9688839.flac,6
/data/DATASETS/ASV_Spoof_2019_LA/ASVspoof2019_LA_dev/flac/LA_D_1281285.flac,6
/data/DATASETS/ASV_Spoof_2019_LA/ASVspoof2019_LA_train/flac/LA_T_3870339.flac,6
/data/DATASETS/ASV_Spoof_2019_LA/ASVspoof2019_LA_train/flac/LA_T_5776177.flac,6
/data/DATASETS/ASV_Spoof_2019_LA/ASVspoof2019_LA_dev/flac/LA_D_5154611.flac,6
/data/DATASETS/ASV_Spoof_2019_LA/ASVspoof2019_LA_dev/flac/LA_D_3975146.flac,6
/data/DATASETS/ASV_Spoof_2019_LA/ASVspoof2019_LA_dev/flac/LA_D_5734535.flac,6
/data/DATASETS/ASV_Spoof_2019_LA/ASVspoof2019_LA_dev/flac/LA_D_3548689.flac,6
/data/DATASETS/ASV_Spoof_2019_LA/ASVspoof2019_LA_train/flac/LA_T_6591438.flac,6
/data/DATASETS/ASV_Spoof_2019_LA/ASVspoof2019_LA_dev/flac/LA_D_1165413.flac,6
/data/DATASETS/ASV_Spoof_2019_LA/ASVspoof2019_LA_dev/flac/LA_D_6713264.flac,6
/data/DATASETS/ASV_Spoof_2019_LA/ASVspoof2019_LA_dev/flac/LA_D_2490231.flac,6
/data/DATASETS/ASV_Spoof_2019_LA/ASVspoof2019_LA_dev/flac/LA_D_7018339.flac,6
/data/DATASETS/ASV_Spoof_2019_LA/ASVspoof2019_LA_train/flac/LA_T_5353878.flac,6
/data/DATASETS/ASV_Spoof_2019_LA/ASVspoof2019_LA_train/flac/LA_T_9583020.flac,6
/data/DATASETS/ASV_Spoof_2019_LA/ASVspoof2019_LA_train/flac/LA_T_5601163.flac,6
/data/DATASETS/ASV_Spoof_2019_LA/ASVspoof2019_LA_train/flac/LA_T_5358144.flac,6
/data/DATASETS/ASV_Spoof_2019_LA/ASVspoof2019_LA_dev/flac/LA_D_9307448.flac,6
/data/DATASETS/ASV_Spoof_2019_LA/ASVspoof2019_LA_train/flac/LA_T_2120452.flac,6
/data/DATASETS/ASV_Spoof_2019_LA/ASVspoof2019_LA_dev/flac/LA_D_1882691.flac,6
/data/DATASETS/ASV_Spoof_2019_LA/ASVspoof2019_LA_dev/flac/LA_D_9730838.flac,6
/data/DATASETS/ASV_Spoof_2019_LA/ASVspoof2019_LA_train/flac/LA_T_3462907.flac,6
/data/DATASETS/ASV_Spoof_2019_LA/ASVspoof2019_LA_train/flac/LA_T_4097061.flac,6
/data/DATASETS/ASV_Spoof_2019_LA/ASVspoof2019_LA_dev/flac/LA_D_1415528.flac,6
/data/DATASETS/ASV_Spoof_2019_LA/ASVspoof2019_LA_dev/flac/LA_D_9027045.flac,6
/data/DATASETS/ASV_Spoof_2019_LA/ASVspoof2019_LA_train/flac/LA_T_1314680.flac,6
/data/DATASETS/ASV_Spoof_2019_LA/ASVspoof2019_LA_train/flac/LA_T_8826874.flac,6
/data/DATASETS/ASV_Spoof_2019_LA/ASVspoof2019_LA_dev/flac/LA_D_3627257.flac,6
/data/DATASETS/ASV_Spoof_2019_LA/ASVspoof2019_LA_train/flac/LA_T_6172516.flac,6
/data/DATASETS/ASV_Spoof_2019_LA/ASVspoof2019_LA_train/flac/LA_T_2285395.flac,6
/data/DATASETS/ASV_Spoof_2019_LA/ASVspoof2019_LA_train/flac/LA_T_8349321.flac,6
/data/DATASETS/ASV_Spoof_2019_LA/ASVspoof2019_LA_dev/flac/LA_D_2419825.flac,6
/data/DATASETS/ASV_Spoof_2019_LA/ASVspoof2019_LA_dev/flac/LA_D_7604548.flac,6
/data/DATASETS/ASV_Spoof_2019_LA/ASVspoof2019_LA_train/flac/LA_T_7275662.flac,6
/data/DATASETS/ASV_Spoof_2019_LA/ASVspoof2019_LA_train/flac/LA_T_2880914.flac,6
/data/DATASETS/ASV_Spoof_2019_LA/ASVspoof2019_LA_dev/flac/LA_D_9644491.flac,6
/data/DATASETS/ASV_Spoof_2019_LA/ASVspoof2019_LA_train/flac/LA_T_3717882.flac,6
/data/DATASETS/ASV_Spoof_2019_LA/ASVspoof2019_LA_dev/flac/LA_D_8676257.flac,6
/data/DATASETS/ASV_Spoof_2019_LA/ASVspoof2019_LA_dev/flac/LA_D_7804808.flac,6
/data/DATASETS/ASV_Spoof_2019_LA/ASVspoof2019_LA_train/flac/LA_T_8166103.flac,6
/data/DATASETS/ASV_Spoof_2019_LA/ASVspoof2019_LA_train/flac/LA_T_7058714.flac,6
/data/DATASETS/ASV_Spoof_2019_LA/ASVspoof2019_LA_train/flac/LA_T_7992865.flac,6
/data/DATASETS/ASV_Spoof_2019_LA/ASVspoof2019_LA_train/flac/LA_T_8973271.flac,6
/data/DATASETS/ASV_Spoof_2019_LA/ASVspoof2019_LA_dev/flac/LA_D_3945227.flac,6
/data/DATASETS/ASV_Spoof_2019_LA/ASVspoof2019_LA_dev/flac/LA_D_8254223.flac,6
/data/DATASETS/ASV_Spoof_2019_LA/ASVspoof2019_LA_dev/flac/LA_D_5643553.flac,6
/data/DATASETS/ASV_Spoof_2019_LA/ASVspoof2019_LA_dev/flac/LA_D_3277410.flac,6
/data/DATASETS/ASV_Spoof_2019_LA/ASVspoof2019_LA_dev/flac/LA_D_4473266.flac,6
/data/DATASETS/ASV_Spoof_2019_LA/ASVspoof2019_LA_train/flac/LA_T_9562818.flac,6
/data/DATASETS/ASV_Spoof_2019_LA/ASVspoof2019_LA_dev/flac/LA_D_9859179.flac,6
/data/DATASETS/ASV_Spoof_2019_LA/ASVspoof2019_LA_train/flac/LA_T_2349660.flac,6
/data/DATASETS/ASV_Spoof_2019_LA/ASVspoof2019_LA_train/flac/LA_T_3508076.flac,6
/data/DATASETS/ASV_Spoof_2019_LA/ASVspoof2019_LA_train/flac/LA_T_8899003.flac,6
/data/DATASETS/ASV_Spoof_2019_LA/ASVspoof2019_LA_dev/flac/LA_D_8719759.flac,6
/data/DATASETS/ASV_Spoof_2019_LA/ASVspoof2019_LA_train/flac/LA_T_3529954.flac,6
/data/DATASETS/ASV_Spoof_2019_LA/ASVspoof2019_LA_dev/flac/LA_D_1058175.flac,6
/data/DATASETS/ASV_Spoof_2019_LA/ASVspoof2019_LA_train/flac/LA_T_5883126.flac,6
/data/DATASETS/ASV_Spoof_2019_LA/ASVspoof2019_LA_dev/flac/LA_D_7348453.flac,6
/data/DATASETS/ASV_Spoof_2019_LA/ASVspoof2019_LA_dev/flac/LA_D_5073015.flac,6
/data/DATASETS/ASV_Spoof_2019_LA/ASVspoof2019_LA_train/flac/LA_T_7941544.flac,6
/data/DATASETS/ASV_Spoof_2019_LA/ASVspoof2019_LA_train/flac/LA_T_1710184.flac,6
/data/DATASETS/ASV_Spoof_2019_LA/ASVspoof2019_LA_dev/flac/LA_D_6160345.flac,6
/data/DATASETS/ASV_Spoof_2019_LA/ASVspoof2019_LA_train/flac/LA_T_5859443.flac,6
/data/DATASETS/ASV_Spoof_2019_LA/ASVspoof2019_LA_train/flac/LA_T_4621115.flac,6
/data/DATASETS/ASV_Spoof_2019_LA/ASVspoof2019_LA_train/flac/LA_T_5625564.flac,6
/data/DATASETS/ASV_Spoof_2019_LA/ASVspoof2019_LA_train/flac/LA_T_3402525.flac,6
/data/DATASETS/ASV_Spoof_2019_LA/ASVspoof2019_LA_dev/flac/LA_D_5708635.flac,6
/data/DATASETS/ASV_Spoof_2019_LA/ASVspoof2019_LA_dev/flac/LA_D_3244196.flac,6
/data/DATASETS/ASV_Spoof_2019_LA/ASVspoof2019_LA_dev/flac/LA_D_7938379.flac,6
/data/DATASETS/ASV_Spoof_2019_LA/ASVspoof2019_LA_train/flac/LA_T_8350987.flac,6
/data/DATASETS/ASV_Spoof_2019_LA/ASVspoof2019_LA_train/flac/LA_T_1841421.flac,6
/data/DATASETS/ASV_Spoof_2019_LA/ASVspoof2019_LA_train/flac/LA_T_9809772.flac,6
/data/DATASETS/ASV_Spoof_2019_LA/ASVspoof2019_LA_dev/flac/LA_D_5476884.flac,6
/data/DATASETS/ASV_Spoof_2019_LA/ASVspoof2019_LA_dev/flac/LA_D_1911374.flac,6
/data/DATASETS/ASV_Spoof_2019_LA/ASVspoof2019_LA_dev/flac/LA_D_9387976.flac,6
/data/DATASETS/ASV_Spoof_2019_LA/ASVspoof2019_LA_train/flac/LA_T_6714886.flac,6
/data/DATASETS/ASV_Spoof_2019_LA/ASVspoof2019_LA_dev/flac/LA_D_6138799.flac,6
/data/DATASETS/ASV_Spoof_2019_LA/ASVspoof2019_LA_train/flac/LA_T_1784183.flac,6
/data/DATASETS/ASV_Spoof_2019_LA/ASVspoof2019_LA_train/flac/LA_T_9795137.flac,6
/data/DATASETS/ASV_Spoof_2019_LA/ASVspoof2019_LA_dev/flac/LA_D_2663437.flac,6
/data/DATASETS/ASV_Spoof_2019_LA/ASVspoof2019_LA_train/flac/LA_T_5372283.flac,6
/data/DATASETS/ASV_Spoof_2019_LA/ASVspoof2019_LA_train/flac/LA_T_5694449.flac,6
/data/DATASETS/ASV_Spoof_2019_LA/ASVspoof2019_LA_train/flac/LA_T_4768228.flac,6
/data/DATASETS/ASV_Spoof_2019_LA/ASVspoof2019_LA_train/flac/LA_T_1053141.flac,6
/data/DATASETS/ASV_Spoof_2019_LA/ASVspoof2019_LA_dev/flac/LA_D_1473361.flac,6
/data/DATASETS/ASV_Spoof_2019_LA/ASVspoof2019_LA_dev/flac/LA_D_9737680.flac,6
/data/DATASETS/ASV_Spoof_2019_LA/ASVspoof2019_LA_train/flac/LA_T_3213547.flac,6
/data/DATASETS/ASV_Spoof_2019_LA/ASVspoof2019_LA_dev/flac/LA_D_4841813.flac,6
/data/DATASETS/ASV_Spoof_2019_LA/ASVspoof2019_LA_train/flac/LA_T_6563578.flac,6
/data/DATASETS/ASV_Spoof_2019_LA/ASVspoof2019_LA_train/flac/LA_T_5280745.flac,6
/data/DATASETS/ASV_Spoof_2019_LA/ASVspoof2019_LA_train/flac/LA_T_6179866.flac,6
/data/DATASETS/ASV_Spoof_2019_LA/ASVspoof2019_LA_dev/flac/LA_D_3347156.flac,6
/data/DATASETS/ASV_Spoof_2019_LA/ASVspoof2019_LA_train/flac/LA_T_3449550.flac,6
/data/DATASETS/ASV_Spoof_2019_LA/ASVspoof2019_LA_train/flac/LA_T_6785961.flac,6
/data/DATASETS/ASV_Spoof_2019_LA/ASVspoof2019_LA_train/flac/LA_T_8878917.flac,6
/data/DATASETS/ASV_Spoof_2019_LA/ASVspoof2019_LA_dev/flac/LA_D_4309049.flac,6
/data/DATASETS/ASV_Spoof_2019_LA/ASVspoof2019_LA_dev/flac/LA_D_5432198.flac,6
/data/DATASETS/ASV_Spoof_2019_LA/ASVspoof2019_LA_dev/flac/LA_D_8062342.flac,6
/data/DATASETS/ASV_Spoof_2019_LA/ASVspoof2019_LA_train/flac/LA_T_9122239.flac,6
/data/DATASETS/ASV_Spoof_2019_LA/ASVspoof2019_LA_train/flac/LA_T_1712857.flac,6
/data/DATASETS/ASV_Spoof_2019_LA/ASVspoof2019_LA_train/flac/LA_T_8816430.flac,6
/data/DATASETS/ASV_Spoof_2019_LA/ASVspoof2019_LA_train/flac/LA_T_3411067.flac,6
/data/DATASETS/ASV_Spoof_2019_LA/ASVspoof2019_LA_dev/flac/LA_D_8450719.flac,6
/data/DATASETS/ASV_Spoof_2019_LA/ASVspoof2019_LA_train/flac/LA_T_8281678.flac,6
/data/DATASETS/ASV_Spoof_2019_LA/ASVspoof2019_LA_train/flac/LA_T_3088495.flac,6
/data/DATASETS/ASV_Spoof_2019_LA/ASVspoof2019_LA_train/flac/LA_T_4296255.flac,6
/data/DATASETS/ASV_Spoof_2019_LA/ASVspoof2019_LA_dev/flac/LA_D_5581635.flac,6
/data/DATASETS/ASV_Spoof_2019_LA/ASVspoof2019_LA_train/flac/LA_T_7017105.flac,6
/data/DATASETS/ASV_Spoof_2019_LA/ASVspoof2019_LA_dev/flac/LA_D_4572843.flac,6
/data/DATASETS/ASV_Spoof_2019_LA/ASVspoof2019_LA_train/flac/LA_T_9381652.flac,6
/data/DATASETS/ASV_Spoof_2019_LA/ASVspoof2019_LA_dev/flac/LA_D_7635024.flac,6
/data/DATASETS/ASV_Spoof_2019_LA/ASVspoof2019_LA_train/flac/LA_T_9341387.flac,6
/data/DATASETS/ASV_Spoof_2019_LA/ASVspoof2019_LA_train/flac/LA_T_6224596.flac,6
/data/DATASETS/ASV_Spoof_2019_LA/ASVspoof2019_LA_dev/flac/LA_D_5331381.flac,6
/data/DATASETS/ASV_Spoof_2019_LA/ASVspoof2019_LA_train/flac/LA_T_6510500.flac,6
/data/DATASETS/ASV_Spoof_2019_LA/ASVspoof2019_LA_train/flac/LA_T_8567931.flac,6
/data/DATASETS/ASV_Spoof_2019_LA/ASVspoof2019_LA_train/flac/LA_T_5905116.flac,6
/data/DATASETS/ASV_Spoof_2019_LA/ASVspoof2019_LA_dev/flac/LA_D_8587705.flac,6
/data/DATASETS/ASV_Spoof_2019_LA/ASVspoof2019_LA_train/flac/LA_T_7600154.flac,6
/data/DATASETS/ASV_Spoof_2019_LA/ASVspoof2019_LA_dev/flac/LA_D_2215146.flac,6
/data/DATASETS/ASV_Spoof_2019_LA/ASVspoof2019_LA_train/flac/LA_T_4519471.flac,6
/data/DATASETS/ASV_Spoof_2019_LA/ASVspoof2019_LA_dev/flac/LA_D_9291930.flac,6
/data/DATASETS/ASV_Spoof_2019_LA/ASVspoof2019_LA_train/flac/LA_T_1098857.flac,6
/data/DATASETS/ASV_Spoof_2019_LA/ASVspoof2019_LA_train/flac/LA_T_4462193.flac,6
/data/DATASETS/ASV_Spoof_2019_LA/ASVspoof2019_LA_dev/flac/LA_D_6987015.flac,6
/data/DATASETS/ASV_Spoof_2019_LA/ASVspoof2019_LA_train/flac/LA_T_2942961.flac,6
/data/DATASETS/ASV_Spoof_2019_LA/ASVspoof2019_LA_dev/flac/LA_D_8557922.flac,6
/data/DATASETS/ASV_Spoof_2019_LA/ASVspoof2019_LA_train/flac/LA_T_8613392.flac,6
/data/DATASETS/ASV_Spoof_2019_LA/ASVspoof2019_LA_dev/flac/LA_D_7848022.flac,6
/data/DATASETS/ASV_Spoof_2019_LA/ASVspoof2019_LA_dev/flac/LA_D_7659228.flac,6
/data/DATASETS/ASV_Spoof_2019_LA/ASVspoof2019_LA_train/flac/LA_T_5161324.flac,6
/data/DATASETS/ASV_Spoof_2019_LA/ASVspoof2019_LA_dev/flac/LA_D_7386477.flac,6
/data/DATASETS/ASV_Spoof_2019_LA/ASVspoof2019_LA_train/flac/LA_T_4004057.flac,6
/data/DATASETS/ASV_Spoof_2019_LA/ASVspoof2019_LA_train/flac/LA_T_7849882.flac,6
/data/DATASETS/ASV_Spoof_2019_LA/ASVspoof2019_LA_train/flac/LA_T_1408434.flac,6
/data/DATASETS/ASV_Spoof_2019_LA/ASVspoof2019_LA_dev/flac/LA_D_3714587.flac,6
/data/DATASETS/ASV_Spoof_2019_LA/ASVspoof2019_LA_dev/flac/LA_D_1274154.flac,6
/data/DATASETS/ASV_Spoof_2019_LA/ASVspoof2019_LA_dev/flac/LA_D_7714845.flac,6
/data/DATASETS/ASV_Spoof_2019_LA/ASVspoof2019_LA_dev/flac/LA_D_7647218.flac,6
/data/DATASETS/ASV_Spoof_2019_LA/ASVspoof2019_LA_train/flac/LA_T_6701778.flac,6
/data/DATASETS/ASV_Spoof_2019_LA/ASVspoof2019_LA_dev/flac/LA_D_1301398.flac,6
/data/DATASETS/ASV_Spoof_2019_LA/ASVspoof2019_LA_train/flac/LA_T_3204535.flac,6
/data/DATASETS/ASV_Spoof_2019_LA/ASVspoof2019_LA_train/flac/LA_T_1656998.flac,6
/data/DATASETS/ASV_Spoof_2019_LA/ASVspoof2019_LA_train/flac/LA_T_3100059.flac,6
/data/DATASETS/ASV_Spoof_2019_LA/ASVspoof2019_LA_train/flac/LA_T_9830670.flac,6
/data/DATASETS/ASV_Spoof_2019_LA/ASVspoof2019_LA_dev/flac/LA_D_5091510.flac,6
/data/DATASETS/ASV_Spoof_2019_LA/ASVspoof2019_LA_train/flac/LA_T_6558181.flac,6
/data/DATASETS/ASV_Spoof_2019_LA/ASVspoof2019_LA_train/flac/LA_T_7041500.flac,6
/data/DATASETS/ASV_Spoof_2019_LA/ASVspoof2019_LA_dev/flac/LA_D_2479312.flac,6
/data/DATASETS/ASV_Spoof_2019_LA/ASVspoof2019_LA_dev/flac/LA_D_6023359.flac,6
/data/DATASETS/ASV_Spoof_2019_LA/ASVspoof2019_LA_train/flac/LA_T_5541473.flac,6
/data/DATASETS/ASV_Spoof_2019_LA/ASVspoof2019_LA_dev/flac/LA_D_8314425.flac,6
/data/DATASETS/ASV_Spoof_2019_LA/ASVspoof2019_LA_train/flac/LA_T_3703225.flac,6
/data/DATASETS/ASV_Spoof_2019_LA/ASVspoof2019_LA_dev/flac/LA_D_3705418.flac,6
/data/DATASETS/ASV_Spoof_2019_LA/ASVspoof2019_LA_train/flac/LA_T_9821430.flac,6
/data/DATASETS/ASV_Spoof_2019_LA/ASVspoof2019_LA_train/flac/LA_T_4711551.flac,6
/data/DATASETS/ASV_Spoof_2019_LA/ASVspoof2019_LA_train/flac/LA_T_5560661.flac,6
/data/DATASETS/ASV_Spoof_2019_LA/ASVspoof2019_LA_dev/flac/LA_D_2049727.flac,6
/data/DATASETS/ASV_Spoof_2019_LA/ASVspoof2019_LA_train/flac/LA_T_5264506.flac,6
/data/DATASETS/ASV_Spoof_2019_LA/ASVspoof2019_LA_dev/flac/LA_D_1483498.flac,6
/data/DATASETS/ASV_Spoof_2019_LA/ASVspoof2019_LA_train/flac/LA_T_4638084.flac,6
/data/DATASETS/ASV_Spoof_2019_LA/ASVspoof2019_LA_dev/flac/LA_D_9499149.flac,6
/data/DATASETS/ASV_Spoof_2019_LA/ASVspoof2019_LA_train/flac/LA_T_1599207.flac,6
/data/DATASETS/ASV_Spoof_2019_LA/ASVspoof2019_LA_train/flac/LA_T_7904016.flac,6
/data/DATASETS/ASV_Spoof_2019_LA/ASVspoof2019_LA_dev/flac/LA_D_6725694.flac,6
/data/DATASETS/ASV_Spoof_2019_LA/ASVspoof2019_LA_train/flac/LA_T_6440001.flac,6
/data/DATASETS/ASV_Spoof_2019_LA/ASVspoof2019_LA_train/flac/LA_T_7623882.flac,6
/data/DATASETS/ASV_Spoof_2019_LA/ASVspoof2019_LA_train/flac/LA_T_3981124.flac,6
/data/DATASETS/ASV_Spoof_2019_LA/ASVspoof2019_LA_train/flac/LA_T_4421182.flac,6
/data/DATASETS/ASV_Spoof_2019_LA/ASVspoof2019_LA_train/flac/LA_T_4743721.flac,6
/data/DATASETS/ASV_Spoof_2019_LA/ASVspoof2019_LA_dev/flac/LA_D_3268182.flac,6
/data/DATASETS/ASV_Spoof_2019_LA/ASVspoof2019_LA_dev/flac/LA_D_6291610.flac,6
/data/DATASETS/ASV_Spoof_2019_LA/ASVspoof2019_LA_dev/flac/LA_D_9266332.flac,6
/data/DATASETS/ASV_Spoof_2019_LA/ASVspoof2019_LA_train/flac/LA_T_6166680.flac,6
/data/DATASETS/ASV_Spoof_2019_LA/ASVspoof2019_LA_dev/flac/LA_D_1874538.flac,6
/data/DATASETS/ASV_Spoof_2019_LA/ASVspoof2019_LA_dev/flac/LA_D_3658839.flac,6
/data/DATASETS/ASV_Spoof_2019_LA/ASVspoof2019_LA_dev/flac/LA_D_8024787.flac,6
/data/DATASETS/ASV_Spoof_2019_LA/ASVspoof2019_LA_train/flac/LA_T_6316604.flac,6
/data/DATASETS/ASV_Spoof_2019_LA/ASVspoof2019_LA_train/flac/LA_T_3057423.flac,6
/data/DATASETS/ASV_Spoof_2019_LA/ASVspoof2019_LA_dev/flac/LA_D_6020080.flac,6
/data/DATASETS/ASV_Spoof_2019_LA/ASVspoof2019_LA_dev/flac/LA_D_9233697.flac,6
/data/DATASETS/ASV_Spoof_2019_LA/ASVspoof2019_LA_dev/flac/LA_D_6581514.flac,6
/data/DATASETS/ASV_Spoof_2019_LA/ASVspoof2019_LA_dev/flac/LA_D_8956199.flac,6
/data/DATASETS/ASV_Spoof_2019_LA/ASVspoof2019_LA_train/flac/LA_T_2566068.flac,6
/data/DATASETS/ASV_Spoof_2019_LA/ASVspoof2019_LA_train/flac/LA_T_4753999.flac,6
/data/DATASETS/ASV_Spoof_2019_LA/ASVspoof2019_LA_dev/flac/LA_D_8986637.flac,6
/data/DATASETS/ASV_Spoof_2019_LA/ASVspoof2019_LA_train/flac/LA_T_1924239.flac,6
/data/DATASETS/ASV_Spoof_2019_LA/ASVspoof2019_LA_dev/flac/LA_D_7414510.flac,6
/data/DATASETS/ASV_Spoof_2019_LA/ASVspoof2019_LA_dev/flac/LA_D_3284907.flac,6
/data/DATASETS/ASV_Spoof_2019_LA/ASVspoof2019_LA_dev/flac/LA_D_7735847.flac,6
/data/DATASETS/ASV_Spoof_2019_LA/ASVspoof2019_LA_dev/flac/LA_D_7400234.flac,6
/data/DATASETS/ASV_Spoof_2019_LA/ASVspoof2019_LA_dev/flac/LA_D_9428728.flac,6
/data/DATASETS/ASV_Spoof_2019_LA/ASVspoof2019_LA_train/flac/LA_T_6051602.flac,6
/data/DATASETS/ASV_Spoof_2019_LA/ASVspoof2019_LA_dev/flac/LA_D_2265384.flac,6
/data/DATASETS/ASV_Spoof_2019_LA/ASVspoof2019_LA_dev/flac/LA_D_5407124.flac,6
/data/DATASETS/ASV_Spoof_2019_LA/ASVspoof2019_LA_train/flac/LA_T_3363717.flac,6
/data/DATASETS/ASV_Spoof_2019_LA/ASVspoof2019_LA_train/flac/LA_T_3546321.flac,6
/data/DATASETS/ASV_Spoof_2019_LA/ASVspoof2019_LA_train/flac/LA_T_6747901.flac,6
/data/DATASETS/ASV_Spoof_2019_LA/ASVspoof2019_LA_train/flac/LA_T_7017614.flac,6
/data/DATASETS/ASV_Spoof_2019_LA/ASVspoof2019_LA_dev/flac/LA_D_4142832.flac,6
/data/DATASETS/ASV_Spoof_2019_LA/ASVspoof2019_LA_dev/flac/LA_D_3477968.flac,6
/data/DATASETS/ASV_Spoof_2019_LA/ASVspoof2019_LA_dev/flac/LA_D_3235954.flac,6
/data/DATASETS/ASV_Spoof_2019_LA/ASVspoof2019_LA_dev/flac/LA_D_9639156.flac,6
/data/DATASETS/ASV_Spoof_2019_LA/ASVspoof2019_LA_dev/flac/LA_D_1021287.flac,6
/data/DATASETS/ASV_Spoof_2019_LA/ASVspoof2019_LA_train/flac/LA_T_8771087.flac,6
/data/DATASETS/ASV_Spoof_2019_LA/ASVspoof2019_LA_dev/flac/LA_D_4850598.flac,6
/data/DATASETS/ASV_Spoof_2019_LA/ASVspoof2019_LA_dev/flac/LA_D_1135973.flac,6
/data/DATASETS/ASV_Spoof_2019_LA/ASVspoof2019_LA_dev/flac/LA_D_9183719.flac,6
/data/DATASETS/ASV_Spoof_2019_LA/ASVspoof2019_LA_dev/flac/LA_D_8317011.flac,6
/data/DATASETS/ASV_Spoof_2019_LA/ASVspoof2019_LA_train/flac/LA_T_7635573.flac,6
/data/DATASETS/ASV_Spoof_2019_LA/ASVspoof2019_LA_dev/flac/LA_D_1876117.flac,6
/data/DATASETS/ASV_Spoof_2019_LA/ASVspoof2019_LA_train/flac/LA_T_3774356.flac,6
/data/DATASETS/ASV_Spoof_2019_LA/ASVspoof2019_LA_train/flac/LA_T_4618629.flac,6
/data/DATASETS/ASV_Spoof_2019_LA/ASVspoof2019_LA_dev/flac/LA_D_1206907.flac,6
/data/DATASETS/ASV_Spoof_2019_LA/ASVspoof2019_LA_dev/flac/LA_D_2042650.flac,6
/data/DATASETS/ASV_Spoof_2019_LA/ASVspoof2019_LA_train/flac/LA_T_4461420.flac,6
/data/DATASETS/ASV_Spoof_2019_LA/ASVspoof2019_LA_train/flac/LA_T_5233390.flac,6
/data/DATASETS/ASV_Spoof_2019_LA/ASVspoof2019_LA_train/flac/LA_T_3547682.flac,6
/data/DATASETS/ASV_Spoof_2019_LA/ASVspoof2019_LA_dev/flac/LA_D_7207336.flac,6
/data/DATASETS/ASV_Spoof_2019_LA/ASVspoof2019_LA_train/flac/LA_T_4005808.flac,6
/data/DATASETS/ASV_Spoof_2019_LA/ASVspoof2019_LA_train/flac/LA_T_9961730.flac,6
/data/DATASETS/ASV_Spoof_2019_LA/ASVspoof2019_LA_train/flac/LA_T_4382452.flac,6
/data/DATASETS/ASV_Spoof_2019_LA/ASVspoof2019_LA_train/flac/LA_T_5612065.flac,6
/data/DATASETS/ASV_Spoof_2019_LA/ASVspoof2019_LA_train/flac/LA_T_7138050.flac,6
/data/DATASETS/ASV_Spoof_2019_LA/ASVspoof2019_LA_dev/flac/LA_D_1548711.flac,6
/data/DATASETS/ASV_Spoof_2019_LA/ASVspoof2019_LA_train/flac/LA_T_5817855.flac,6
/data/DATASETS/ASV_Spoof_2019_LA/ASVspoof2019_LA_dev/flac/LA_D_9838599.flac,6
/data/DATASETS/ASV_Spoof_2019_LA/ASVspoof2019_LA_train/flac/LA_T_3265725.flac,6
/data/DATASETS/ASV_Spoof_2019_LA/ASVspoof2019_LA_dev/flac/LA_D_9288317.flac,6
/data/DATASETS/ASV_Spoof_2019_LA/ASVspoof2019_LA_dev/flac/LA_D_7572859.flac,6
/data/DATASETS/ASV_Spoof_2019_LA/ASVspoof2019_LA_dev/flac/LA_D_4650858.flac,6
/data/DATASETS/ASV_Spoof_2019_LA/ASVspoof2019_LA_dev/flac/LA_D_5855173.flac,6
/data/DATASETS/ASV_Spoof_2019_LA/ASVspoof2019_LA_dev/flac/LA_D_9789524.flac,6
/data/DATASETS/ASV_Spoof_2019_LA/ASVspoof2019_LA_train/flac/LA_T_1402639.flac,6
/data/DATASETS/ASV_Spoof_2019_LA/ASVspoof2019_LA_train/flac/LA_T_2703036.flac,6
/data/DATASETS/ASV_Spoof_2019_LA/ASVspoof2019_LA_train/flac/LA_T_9087756.flac,6
/data/DATASETS/ASV_Spoof_2019_LA/ASVspoof2019_LA_dev/flac/LA_D_7674503.flac,6
/data/DATASETS/ASV_Spoof_2019_LA/ASVspoof2019_LA_dev/flac/LA_D_5901190.flac,6
/data/DATASETS/ASV_Spoof_2019_LA/ASVspoof2019_LA_train/flac/LA_T_8430226.flac,6
/data/DATASETS/ASV_Spoof_2019_LA/ASVspoof2019_LA_train/flac/LA_T_6018275.flac,6
/data/DATASETS/ASV_Spoof_2019_LA/ASVspoof2019_LA_dev/flac/LA_D_4284194.flac,6
/data/DATASETS/ASV_Spoof_2019_LA/ASVspoof2019_LA_train/flac/LA_T_4180409.flac,6
/data/DATASETS/ASV_Spoof_2019_LA/ASVspoof2019_LA_dev/flac/LA_D_5871485.flac,6
/data/DATASETS/ASV_Spoof_2019_LA/ASVspoof2019_LA_dev/flac/LA_D_9771827.flac,6
/data/DATASETS/ASV_Spoof_2019_LA/ASVspoof2019_LA_train/flac/LA_T_3130906.flac,6
/data/DATASETS/ASV_Spoof_2019_LA/ASVspoof2019_LA_dev/flac/LA_D_3838880.flac,6
/data/DATASETS/ASV_Spoof_2019_LA/ASVspoof2019_LA_train/flac/LA_T_9567605.flac,6
/data/DATASETS/ASV_Spoof_2019_LA/ASVspoof2019_LA_train/flac/LA_T_6447749.flac,6
/data/DATASETS/ASV_Spoof_2019_LA/ASVspoof2019_LA_dev/flac/LA_D_5835841.flac,6
/data/DATASETS/ASV_Spoof_2019_LA/ASVspoof2019_LA_train/flac/LA_T_2861160.flac,6
/data/DATASETS/ASV_Spoof_2019_LA/ASVspoof2019_LA_train/flac/LA_T_6445990.flac,6
/data/DATASETS/ASV_Spoof_2019_LA/ASVspoof2019_LA_train/flac/LA_T_3529341.flac,6
/data/DATASETS/ASV_Spoof_2019_LA/ASVspoof2019_LA_dev/flac/LA_D_5432594.flac,6
/data/DATASETS/ASV_Spoof_2019_LA/ASVspoof2019_LA_dev/flac/LA_D_4565934.flac,6
/data/DATASETS/ASV_Spoof_2019_LA/ASVspoof2019_LA_dev/flac/LA_D_7845355.flac,6
/data/DATASETS/ASV_Spoof_2019_LA/ASVspoof2019_LA_train/flac/LA_T_6005553.flac,6
/data/DATASETS/ASV_Spoof_2019_LA/ASVspoof2019_LA_train/flac/LA_T_7732050.flac,6
/data/DATASETS/ASV_Spoof_2019_LA/ASVspoof2019_LA_train/flac/LA_T_3794886.flac,6
/data/DATASETS/ASV_Spoof_2019_LA/ASVspoof2019_LA_dev/flac/LA_D_9481908.flac,6
/data/DATASETS/ASV_Spoof_2019_LA/ASVspoof2019_LA_train/flac/LA_T_2578586.flac,6
/data/DATASETS/ASV_Spoof_2019_LA/ASVspoof2019_LA_dev/flac/LA_D_7973047.flac,6
/data/DATASETS/ASV_Spoof_2019_LA/ASVspoof2019_LA_dev/flac/LA_D_6802172.flac,6
/data/DATASETS/ASV_Spoof_2019_LA/ASVspoof2019_LA_dev/flac/LA_D_1863901.flac,6
/data/DATASETS/ASV_Spoof_2019_LA/ASVspoof2019_LA_train/flac/LA_T_9072671.flac,6
/data/DATASETS/ASV_Spoof_2019_LA/ASVspoof2019_LA_train/flac/LA_T_8219519.flac,6
/data/DATASETS/ASV_Spoof_2019_LA/ASVspoof2019_LA_dev/flac/LA_D_8023557.flac,6
/data/DATASETS/ASV_Spoof_2019_LA/ASVspoof2019_LA_train/flac/LA_T_4954777.flac,6
/data/DATASETS/ASV_Spoof_2019_LA/ASVspoof2019_LA_train/flac/LA_T_7851488.flac,6
/data/DATASETS/ASV_Spoof_2019_LA/ASVspoof2019_LA_train/flac/LA_T_5039967.flac,6
/data/DATASETS/ASV_Spoof_2019_LA/ASVspoof2019_LA_train/flac/LA_T_3494227.flac,6
/data/DATASETS/ASV_Spoof_2019_LA/ASVspoof2019_LA_dev/flac/LA_D_5123844.flac,6
/data/DATASETS/ASV_Spoof_2019_LA/ASVspoof2019_LA_train/flac/LA_T_3987993.flac,6
/data/DATASETS/ASV_Spoof_2019_LA/ASVspoof2019_LA_train/flac/LA_T_9265464.flac,6
/data/DATASETS/ASV_Spoof_2019_LA/ASVspoof2019_LA_train/flac/LA_T_5557943.flac,6
/data/DATASETS/ASV_Spoof_2019_LA/ASVspoof2019_LA_dev/flac/LA_D_3821359.flac,6
/data/DATASETS/ASV_Spoof_2019_LA/ASVspoof2019_LA_dev/flac/LA_D_1872618.flac,6
/data/DATASETS/ASV_Spoof_2019_LA/ASVspoof2019_LA_train/flac/LA_T_1796847.flac,6
/data/DATASETS/ASV_Spoof_2019_LA/ASVspoof2019_LA_train/flac/LA_T_6970172.flac,6
/data/DATASETS/ASV_Spoof_2019_LA/ASVspoof2019_LA_train/flac/LA_T_5071444.flac,6
/data/DATASETS/ASV_Spoof_2019_LA/ASVspoof2019_LA_dev/flac/LA_D_4638718.flac,6
/data/DATASETS/ASV_Spoof_2019_LA/ASVspoof2019_LA_dev/flac/LA_D_9924204.flac,6
/data/DATASETS/ASV_Spoof_2019_LA/ASVspoof2019_LA_train/flac/LA_T_3344266.flac,6
/data/DATASETS/ASV_Spoof_2019_LA/ASVspoof2019_LA_train/flac/LA_T_8750695.flac,6
/data/DATASETS/ASV_Spoof_2019_LA/ASVspoof2019_LA_train/flac/LA_T_8559720.flac,6
/data/DATASETS/ASV_Spoof_2019_LA/ASVspoof2019_LA_dev/flac/LA_D_3307235.flac,6
/data/DATASETS/ASV_Spoof_2019_LA/ASVspoof2019_LA_dev/flac/LA_D_6791229.flac,6
/data/DATASETS/ASV_Spoof_2019_LA/ASVspoof2019_LA_train/flac/LA_T_1944794.flac,6
/data/DATASETS/ASV_Spoof_2019_LA/ASVspoof2019_LA_train/flac/LA_T_3498553.flac,6
/data/DATASETS/ASV_Spoof_2019_LA/ASVspoof2019_LA_dev/flac/LA_D_5830923.flac,6
/data/DATASETS/ASV_Spoof_2019_LA/ASVspoof2019_LA_train/flac/LA_T_3861578.flac,6
/data/DATASETS/ASV_Spoof_2019_LA/ASVspoof2019_LA_dev/flac/LA_D_1008834.flac,6
/data/DATASETS/ASV_Spoof_2019_LA/ASVspoof2019_LA_train/flac/LA_T_2236137.flac,6
/data/DATASETS/ASV_Spoof_2019_LA/ASVspoof2019_LA_train/flac/LA_T_1293425.flac,6
/data/DATASETS/ASV_Spoof_2019_LA/ASVspoof2019_LA_dev/flac/LA_D_1512865.flac,6
/data/DATASETS/ASV_Spoof_2019_LA/ASVspoof2019_LA_dev/flac/LA_D_9419753.flac,6
/data/DATASETS/ASV_Spoof_2019_LA/ASVspoof2019_LA_train/flac/LA_T_6499565.flac,6
/data/DATASETS/ASV_Spoof_2019_LA/ASVspoof2019_LA_train/flac/LA_T_5765848.flac,6
/data/DATASETS/ASV_Spoof_2019_LA/ASVspoof2019_LA_dev/flac/LA_D_2110877.flac,6
/data/DATASETS/ASV_Spoof_2019_LA/ASVspoof2019_LA_dev/flac/LA_D_8760189.flac,6
/data/DATASETS/ASV_Spoof_2019_LA/ASVspoof2019_LA_dev/flac/LA_D_6111513.flac,6
/data/DATASETS/ASV_Spoof_2019_LA/ASVspoof2019_LA_train/flac/LA_T_6941395.flac,6
/data/DATASETS/ASV_Spoof_2019_LA/ASVspoof2019_LA_dev/flac/LA_D_2696036.flac,6
/data/DATASETS/ASV_Spoof_2019_LA/ASVspoof2019_LA_dev/flac/LA_D_3445715.flac,6
/data/DATASETS/ASV_Spoof_2019_LA/ASVspoof2019_LA_train/flac/LA_T_2894240.flac,6
/data/DATASETS/ASV_Spoof_2019_LA/ASVspoof2019_LA_train/flac/LA_T_5210016.flac,6
/data/DATASETS/ASV_Spoof_2019_LA/ASVspoof2019_LA_train/flac/LA_T_1532254.flac,6
/data/DATASETS/ASV_Spoof_2019_LA/ASVspoof2019_LA_dev/flac/LA_D_2000093.flac,6
/data/DATASETS/ASV_Spoof_2019_LA/ASVspoof2019_LA_train/flac/LA_T_9865563.flac,6
/data/DATASETS/ASV_Spoof_2019_LA/ASVspoof2019_LA_train/flac/LA_T_7313972.flac,6
/data/DATASETS/ASV_Spoof_2019_LA/ASVspoof2019_LA_train/flac/LA_T_1538864.flac,6
/data/DATASETS/ASV_Spoof_2019_LA/ASVspoof2019_LA_train/flac/LA_T_5176820.flac,6
/data/DATASETS/ASV_Spoof_2019_LA/ASVspoof2019_LA_dev/flac/LA_D_4851555.flac,6
/data/DATASETS/ASV_Spoof_2019_LA/ASVspoof2019_LA_train/flac/LA_T_1054206.flac,6
/data/DATASETS/ASV_Spoof_2019_LA/ASVspoof2019_LA_train/flac/LA_T_9070455.flac,6
/data/DATASETS/ASV_Spoof_2019_LA/ASVspoof2019_LA_dev/flac/LA_D_9831523.flac,6
/data/DATASETS/ASV_Spoof_2019_LA/ASVspoof2019_LA_train/flac/LA_T_5293038.flac,6
/data/DATASETS/ASV_Spoof_2019_LA/ASVspoof2019_LA_train/flac/LA_T_6298737.flac,6
/data/DATASETS/ASV_Spoof_2019_LA/ASVspoof2019_LA_train/flac/LA_T_6599844.flac,6
/data/DATASETS/ASV_Spoof_2019_LA/ASVspoof2019_LA_dev/flac/LA_D_3611560.flac,6
/data/DATASETS/ASV_Spoof_2019_LA/ASVspoof2019_LA_dev/flac/LA_D_1471424.flac,6
/data/DATASETS/ASV_Spoof_2019_LA/ASVspoof2019_LA_train/flac/LA_T_5757508.flac,6
/data/DATASETS/ASV_Spoof_2019_LA/ASVspoof2019_LA_dev/flac/LA_D_3489009.flac,6
/data/DATASETS/ASV_Spoof_2019_LA/ASVspoof2019_LA_train/flac/LA_T_5196913.flac,6
/data/DATASETS/ASV_Spoof_2019_LA/ASVspoof2019_LA_train/flac/LA_T_7899968.flac,6
/data/DATASETS/ASV_Spoof_2019_LA/ASVspoof2019_LA_dev/flac/LA_D_8665250.flac,6
/data/DATASETS/ASV_Spoof_2019_LA/ASVspoof2019_LA_dev/flac/LA_D_8243334.flac,6
/data/DATASETS/ASV_Spoof_2019_LA/ASVspoof2019_LA_dev/flac/LA_D_8595981.flac,6
/data/DATASETS/ASV_Spoof_2019_LA/ASVspoof2019_LA_train/flac/LA_T_4984619.flac,6
/data/DATASETS/ASV_Spoof_2019_LA/ASVspoof2019_LA_train/flac/LA_T_4207547.flac,6
/data/DATASETS/ASV_Spoof_2019_LA/ASVspoof2019_LA_dev/flac/LA_D_2693758.flac,6
/data/DATASETS/ASV_Spoof_2019_LA/ASVspoof2019_LA_train/flac/LA_T_8358018.flac,6
/data/DATASETS/ASV_Spoof_2019_LA/ASVspoof2019_LA_train/flac/LA_T_8377458.flac,6
/data/DATASETS/ASV_Spoof_2019_LA/ASVspoof2019_LA_train/flac/LA_T_6456095.flac,6
/data/DATASETS/ASV_Spoof_2019_LA/ASVspoof2019_LA_dev/flac/LA_D_1653412.flac,6
/data/DATASETS/ASV_Spoof_2019_LA/ASVspoof2019_LA_dev/flac/LA_D_9528015.flac,6
/data/DATASETS/ASV_Spoof_2019_LA/ASVspoof2019_LA_dev/flac/LA_D_8132473.flac,6
/data/DATASETS/ASV_Spoof_2019_LA/ASVspoof2019_LA_train/flac/LA_T_2211121.flac,6
/data/DATASETS/ASV_Spoof_2019_LA/ASVspoof2019_LA_train/flac/LA_T_1190253.flac,6
/data/DATASETS/ASV_Spoof_2019_LA/ASVspoof2019_LA_dev/flac/LA_D_8765550.flac,6
/data/DATASETS/ASV_Spoof_2019_LA/ASVspoof2019_LA_dev/flac/LA_D_7218513.flac,6
/data/DATASETS/ASV_Spoof_2019_LA/ASVspoof2019_LA_dev/flac/LA_D_9648310.flac,6
/data/DATASETS/ASV_Spoof_2019_LA/ASVspoof2019_LA_dev/flac/LA_D_1476819.flac,6
/data/DATASETS/ASV_Spoof_2019_LA/ASVspoof2019_LA_dev/flac/LA_D_1141201.flac,6
/data/DATASETS/ASV_Spoof_2019_LA/ASVspoof2019_LA_dev/flac/LA_D_8687554.flac,6
/data/DATASETS/ASV_Spoof_2019_LA/ASVspoof2019_LA_train/flac/LA_T_6165170.flac,6
/data/DATASETS/ASV_Spoof_2019_LA/ASVspoof2019_LA_train/flac/LA_T_3241826.flac,6
/data/DATASETS/ASV_Spoof_2019_LA/ASVspoof2019_LA_train/flac/LA_T_3991084.flac,6
/data/DATASETS/ASV_Spoof_2019_LA/ASVspoof2019_LA_train/flac/LA_T_5057814.flac,6
/data/DATASETS/ASV_Spoof_2019_LA/ASVspoof2019_LA_train/flac/LA_T_3563225.flac,6
/data/DATASETS/ASV_Spoof_2019_LA/ASVspoof2019_LA_dev/flac/LA_D_8223029.flac,6
/data/DATASETS/ASV_Spoof_2019_LA/ASVspoof2019_LA_train/flac/LA_T_2479196.flac,6
/data/DATASETS/ASV_Spoof_2019_LA/ASVspoof2019_LA_train/flac/LA_T_7929259.flac,6
/data/DATASETS/ASV_Spoof_2019_LA/ASVspoof2019_LA_dev/flac/LA_D_9792691.flac,6
/data/DATASETS/ASV_Spoof_2019_LA/ASVspoof2019_LA_train/flac/LA_T_9570014.flac,6
/data/DATASETS/ASV_Spoof_2019_LA/ASVspoof2019_LA_dev/flac/LA_D_4348413.flac,6
/data/DATASETS/ASV_Spoof_2019_LA/ASVspoof2019_LA_dev/flac/LA_D_5558598.flac,6
/data/DATASETS/ASV_Spoof_2019_LA/ASVspoof2019_LA_dev/flac/LA_D_4155696.flac,6
/data/DATASETS/ASV_Spoof_2019_LA/ASVspoof2019_LA_train/flac/LA_T_4595183.flac,6
/data/DATASETS/ASV_Spoof_2019_LA/ASVspoof2019_LA_dev/flac/LA_D_5711351.flac,6
/data/DATASETS/ASV_Spoof_2019_LA/ASVspoof2019_LA_train/flac/LA_T_3113557.flac,6
/data/DATASETS/ASV_Spoof_2019_LA/ASVspoof2019_LA_dev/flac/LA_D_7693912.flac,6
/data/DATASETS/ASV_Spoof_2019_LA/ASVspoof2019_LA_dev/flac/LA_D_5290201.flac,6
/data/DATASETS/ASV_Spoof_2019_LA/ASVspoof2019_LA_dev/flac/LA_D_5413087.flac,6
/data/DATASETS/ASV_Spoof_2019_LA/ASVspoof2019_LA_train/flac/LA_T_2362522.flac,6
/data/DATASETS/ASV_Spoof_2019_LA/ASVspoof2019_LA_dev/flac/LA_D_2617260.flac,6
/data/DATASETS/ASV_Spoof_2019_LA/ASVspoof2019_LA_dev/flac/LA_D_6632470.flac,6
/data/DATASETS/ASV_Spoof_2019_LA/ASVspoof2019_LA_dev/flac/LA_D_2519581.flac,6
/data/DATASETS/ASV_Spoof_2019_LA/ASVspoof2019_LA_train/flac/LA_T_2317978.flac,6
/data/DATASETS/ASV_Spoof_2019_LA/ASVspoof2019_LA_train/flac/LA_T_5587807.flac,6
/data/DATASETS/ASV_Spoof_2019_LA/ASVspoof2019_LA_train/flac/LA_T_1388582.flac,6
/data/DATASETS/ASV_Spoof_2019_LA/ASVspoof2019_LA_train/flac/LA_T_7005100.flac,6
/data/DATASETS/ASV_Spoof_2019_LA/ASVspoof2019_LA_dev/flac/LA_D_6595340.flac,6
/data/DATASETS/ASV_Spoof_2019_LA/ASVspoof2019_LA_train/flac/LA_T_5444018.flac,6
/data/DATASETS/ASV_Spoof_2019_LA/ASVspoof2019_LA_dev/flac/LA_D_4035314.flac,6
/data/DATASETS/ASV_Spoof_2019_LA/ASVspoof2019_LA_dev/flac/LA_D_5334560.flac,6
/data/DATASETS/ASV_Spoof_2019_LA/ASVspoof2019_LA_dev/flac/LA_D_6270876.flac,6
/data/DATASETS/ASV_Spoof_2019_LA/ASVspoof2019_LA_train/flac/LA_T_6702634.flac,6
/data/DATASETS/ASV_Spoof_2019_LA/ASVspoof2019_LA_dev/flac/LA_D_9832311.flac,6
/data/DATASETS/ASV_Spoof_2019_LA/ASVspoof2019_LA_dev/flac/LA_D_5312245.flac,6
/data/DATASETS/ASV_Spoof_2019_LA/ASVspoof2019_LA_dev/flac/LA_D_7129774.flac,6
/data/DATASETS/ASV_Spoof_2019_LA/ASVspoof2019_LA_train/flac/LA_T_1023667.flac,6
/data/DATASETS/ASV_Spoof_2019_LA/ASVspoof2019_LA_train/flac/LA_T_5563640.flac,6
/data/DATASETS/ASV_Spoof_2019_LA/ASVspoof2019_LA_train/flac/LA_T_5267298.flac,6
/data/DATASETS/ASV_Spoof_2019_LA/ASVspoof2019_LA_train/flac/LA_T_9719374.flac,6
/data/DATASETS/ASV_Spoof_2019_LA/ASVspoof2019_LA_dev/flac/LA_D_3169490.flac,6
/data/DATASETS/ASV_Spoof_2019_LA/ASVspoof2019_LA_dev/flac/LA_D_9273749.flac,6
/data/DATASETS/ASV_Spoof_2019_LA/ASVspoof2019_LA_train/flac/LA_T_3768614.flac,6
/data/DATASETS/ASV_Spoof_2019_LA/ASVspoof2019_LA_dev/flac/LA_D_1977992.flac,6
/data/DATASETS/ASV_Spoof_2019_LA/ASVspoof2019_LA_dev/flac/LA_D_8635399.flac,6
/data/DATASETS/ASV_Spoof_2019_LA/ASVspoof2019_LA_dev/flac/LA_D_2558084.flac,6
/data/DATASETS/ASV_Spoof_2019_LA/ASVspoof2019_LA_train/flac/LA_T_9707146.flac,6
/data/DATASETS/ASV_Spoof_2019_LA/ASVspoof2019_LA_train/flac/LA_T_7391032.flac,6
/data/DATASETS/ASV_Spoof_2019_LA/ASVspoof2019_LA_train/flac/LA_T_7651410.flac,6
/data/DATASETS/ASV_Spoof_2019_LA/ASVspoof2019_LA_dev/flac/LA_D_4611388.flac,6
/data/DATASETS/ASV_Spoof_2019_LA/ASVspoof2019_LA_dev/flac/LA_D_9520709.flac,6
/data/DATASETS/ASV_Spoof_2019_LA/ASVspoof2019_LA_dev/flac/LA_D_5783639.flac,6
/data/DATASETS/ASV_Spoof_2019_LA/ASVspoof2019_LA_train/flac/LA_T_1224276.flac,6
/data/DATASETS/ASV_Spoof_2019_LA/ASVspoof2019_LA_dev/flac/LA_D_3060021.flac,6
/data/DATASETS/ASV_Spoof_2019_LA/ASVspoof2019_LA_train/flac/LA_T_9631043.flac,6
/data/DATASETS/ASV_Spoof_2019_LA/ASVspoof2019_LA_dev/flac/LA_D_7525244.flac,6
/data/DATASETS/ASV_Spoof_2019_LA/ASVspoof2019_LA_dev/flac/LA_D_5677611.flac,6
/data/DATASETS/ASV_Spoof_2019_LA/ASVspoof2019_LA_train/flac/LA_T_8802068.flac,6
/data/DATASETS/ASV_Spoof_2019_LA/ASVspoof2019_LA_dev/flac/LA_D_2445228.flac,6
/data/DATASETS/ASV_Spoof_2019_LA/ASVspoof2019_LA_train/flac/LA_T_3715520.flac,6
/data/DATASETS/ASV_Spoof_2019_LA/ASVspoof2019_LA_dev/flac/LA_D_1203409.flac,6
/data/DATASETS/ASV_Spoof_2019_LA/ASVspoof2019_LA_train/flac/LA_T_7769389.flac,6
/data/DATASETS/ASV_Spoof_2019_LA/ASVspoof2019_LA_train/flac/LA_T_9494832.flac,6
/data/DATASETS/ASV_Spoof_2019_LA/ASVspoof2019_LA_dev/flac/LA_D_9316058.flac,6
/data/DATASETS/ASV_Spoof_2019_LA/ASVspoof2019_LA_train/flac/LA_T_2181893.flac,6
/data/DATASETS/ASV_Spoof_2019_LA/ASVspoof2019_LA_train/flac/LA_T_9864718.flac,6
/data/DATASETS/ASV_Spoof_2019_LA/ASVspoof2019_LA_train/flac/LA_T_4516581.flac,6
/data/DATASETS/ASV_Spoof_2019_LA/ASVspoof2019_LA_dev/flac/LA_D_1675990.flac,6
/data/DATASETS/ASV_Spoof_2019_LA/ASVspoof2019_LA_train/flac/LA_T_1457787.flac,6
/data/DATASETS/ASV_Spoof_2019_LA/ASVspoof2019_LA_train/flac/LA_T_8612307.flac,6
/data/DATASETS/ASV_Spoof_2019_LA/ASVspoof2019_LA_dev/flac/LA_D_7168084.flac,6
/data/DATASETS/ASV_Spoof_2019_LA/ASVspoof2019_LA_train/flac/LA_T_9941132.flac,6
/data/DATASETS/ASV_Spoof_2019_LA/ASVspoof2019_LA_train/flac/LA_T_9996172.flac,6
/data/DATASETS/ASV_Spoof_2019_LA/ASVspoof2019_LA_dev/flac/LA_D_3682065.flac,6
/data/DATASETS/ASV_Spoof_2019_LA/ASVspoof2019_LA_train/flac/LA_T_9919202.flac,6
/data/DATASETS/ASV_Spoof_2019_LA/ASVspoof2019_LA_dev/flac/LA_D_2749594.flac,6
/data/DATASETS/ASV_Spoof_2019_LA/ASVspoof2019_LA_train/flac/LA_T_3861482.flac,6
/data/DATASETS/ASV_Spoof_2019_LA/ASVspoof2019_LA_dev/flac/LA_D_7953344.flac,6
/data/DATASETS/ASV_Spoof_2019_LA/ASVspoof2019_LA_train/flac/LA_T_2832760.flac,6
/data/DATASETS/ASV_Spoof_2019_LA/ASVspoof2019_LA_train/flac/LA_T_2091648.flac,6
/data/DATASETS/ASV_Spoof_2019_LA/ASVspoof2019_LA_train/flac/LA_T_9862795.flac,6
/data/DATASETS/ASV_Spoof_2019_LA/ASVspoof2019_LA_train/flac/LA_T_7048870.flac,6
/data/DATASETS/ASV_Spoof_2019_LA/ASVspoof2019_LA_dev/flac/LA_D_4209350.flac,6
/data/DATASETS/ASV_Spoof_2019_LA/ASVspoof2019_LA_train/flac/LA_T_2324526.flac,6
/data/DATASETS/ASV_Spoof_2019_LA/ASVspoof2019_LA_dev/flac/LA_D_1083406.flac,6
/data/DATASETS/ASV_Spoof_2019_LA/ASVspoof2019_LA_dev/flac/LA_D_9765329.flac,6
/data/DATASETS/ASV_Spoof_2019_LA/ASVspoof2019_LA_train/flac/LA_T_9298251.flac,6
/data/DATASETS/ASV_Spoof_2019_LA/ASVspoof2019_LA_dev/flac/LA_D_5029303.flac,6
/data/DATASETS/ASV_Spoof_2019_LA/ASVspoof2019_LA_train/flac/LA_T_6579295.flac,6
/data/DATASETS/ASV_Spoof_2019_LA/ASVspoof2019_LA_dev/flac/LA_D_1553952.flac,6
/data/DATASETS/ASV_Spoof_2019_LA/ASVspoof2019_LA_train/flac/LA_T_4025438.flac,6
/data/DATASETS/ASV_Spoof_2019_LA/ASVspoof2019_LA_dev/flac/LA_D_6713163.flac,6
/data/DATASETS/ASV_Spoof_2019_LA/ASVspoof2019_LA_dev/flac/LA_D_6442890.flac,6
/data/DATASETS/ASV_Spoof_2019_LA/ASVspoof2019_LA_train/flac/LA_T_6894683.flac,6
/data/DATASETS/ASV_Spoof_2019_LA/ASVspoof2019_LA_train/flac/LA_T_7624563.flac,6
/data/DATASETS/ASV_Spoof_2019_LA/ASVspoof2019_LA_dev/flac/LA_D_8158959.flac,6
/data/DATASETS/ASV_Spoof_2019_LA/ASVspoof2019_LA_train/flac/LA_T_8845701.flac,6
/data/DATASETS/ASV_Spoof_2019_LA/ASVspoof2019_LA_train/flac/LA_T_6432654.flac,6
/data/DATASETS/ASV_Spoof_2019_LA/ASVspoof2019_LA_train/flac/LA_T_9774859.flac,6
/data/DATASETS/ASV_Spoof_2019_LA/ASVspoof2019_LA_dev/flac/LA_D_4326894.flac,6
/data/DATASETS/ASV_Spoof_2019_LA/ASVspoof2019_LA_train/flac/LA_T_2426912.flac,6
/data/DATASETS/ASV_Spoof_2019_LA/ASVspoof2019_LA_train/flac/LA_T_3310294.flac,6
/data/DATASETS/ASV_Spoof_2019_LA/ASVspoof2019_LA_dev/flac/LA_D_8960945.flac,6
/data/DATASETS/ASV_Spoof_2019_LA/ASVspoof2019_LA_train/flac/LA_T_2976071.flac,6
/data/DATASETS/ASV_Spoof_2019_LA/ASVspoof2019_LA_dev/flac/LA_D_6141449.flac,6
/data/DATASETS/ASV_Spoof_2019_LA/ASVspoof2019_LA_train/flac/LA_T_6191333.flac,6
/data/DATASETS/ASV_Spoof_2019_LA/ASVspoof2019_LA_dev/flac/LA_D_1835169.flac,6
/data/DATASETS/ASV_Spoof_2019_LA/ASVspoof2019_LA_train/flac/LA_T_5361239.flac,6
/data/DATASETS/ASV_Spoof_2019_LA/ASVspoof2019_LA_dev/flac/LA_D_4571962.flac,6
/data/DATASETS/ASV_Spoof_2019_LA/ASVspoof2019_LA_train/flac/LA_T_3639692.flac,6
/data/DATASETS/ASV_Spoof_2019_LA/ASVspoof2019_LA_train/flac/LA_T_4380804.flac,6
/data/DATASETS/ASV_Spoof_2019_LA/ASVspoof2019_LA_dev/flac/LA_D_7513692.flac,6
/data/DATASETS/ASV_Spoof_2019_LA/ASVspoof2019_LA_train/flac/LA_T_3970594.flac,6
/data/DATASETS/ASV_Spoof_2019_LA/ASVspoof2019_LA_train/flac/LA_T_7623012.flac,6
/data/DATASETS/ASV_Spoof_2019_LA/ASVspoof2019_LA_dev/flac/LA_D_5285977.flac,6
/data/DATASETS/ASV_Spoof_2019_LA/ASVspoof2019_LA_train/flac/LA_T_7700480.flac,6
/data/DATASETS/ASV_Spoof_2019_LA/ASVspoof2019_LA_dev/flac/LA_D_7058822.flac,6
/data/DATASETS/ASV_Spoof_2019_LA/ASVspoof2019_LA_train/flac/LA_T_3732826.flac,6
/data/DATASETS/ASV_Spoof_2019_LA/ASVspoof2019_LA_dev/flac/LA_D_1246000.flac,6
/data/DATASETS/ASV_Spoof_2019_LA/ASVspoof2019_LA_train/flac/LA_T_1283425.flac,6
/data/DATASETS/ASV_Spoof_2019_LA/ASVspoof2019_LA_train/flac/LA_T_3299978.flac,6
/data/DATASETS/ASV_Spoof_2019_LA/ASVspoof2019_LA_dev/flac/LA_D_4796348.flac,6
/data/DATASETS/ASV_Spoof_2019_LA/ASVspoof2019_LA_train/flac/LA_T_4492095.flac,6
/data/DATASETS/ASV_Spoof_2019_LA/ASVspoof2019_LA_train/flac/LA_T_2547887.flac,6
/data/DATASETS/ASV_Spoof_2019_LA/ASVspoof2019_LA_train/flac/LA_T_5941390.flac,6
/data/DATASETS/ASV_Spoof_2019_LA/ASVspoof2019_LA_dev/flac/LA_D_9835323.flac,6
/data/DATASETS/ASV_Spoof_2019_LA/ASVspoof2019_LA_train/flac/LA_T_8470526.flac,6
/data/DATASETS/ASV_Spoof_2019_LA/ASVspoof2019_LA_train/flac/LA_T_3096622.flac,6
/data/DATASETS/ASV_Spoof_2019_LA/ASVspoof2019_LA_dev/flac/LA_D_7851106.flac,6
/data/DATASETS/ASV_Spoof_2019_LA/ASVspoof2019_LA_train/flac/LA_T_2652517.flac,6
/data/DATASETS/ASV_Spoof_2019_LA/ASVspoof2019_LA_dev/flac/LA_D_7728587.flac,6
/data/DATASETS/ASV_Spoof_2019_LA/ASVspoof2019_LA_dev/flac/LA_D_6913174.flac,6
/data/DATASETS/ASV_Spoof_2019_LA/ASVspoof2019_LA_dev/flac/LA_D_5104907.flac,6
/data/DATASETS/ASV_Spoof_2019_LA/ASVspoof2019_LA_dev/flac/LA_D_6087767.flac,6
/data/DATASETS/ASV_Spoof_2019_LA/ASVspoof2019_LA_dev/flac/LA_D_4627319.flac,6
/data/DATASETS/ASV_Spoof_2019_LA/ASVspoof2019_LA_train/flac/LA_T_5361430.flac,6
/data/DATASETS/ASV_Spoof_2019_LA/ASVspoof2019_LA_dev/flac/LA_D_4864665.flac,6
/data/DATASETS/ASV_Spoof_2019_LA/ASVspoof2019_LA_train/flac/LA_T_1663696.flac,6
/data/DATASETS/ASV_Spoof_2019_LA/ASVspoof2019_LA_dev/flac/LA_D_2874951.flac,6
/data/DATASETS/ASV_Spoof_2019_LA/ASVspoof2019_LA_train/flac/LA_T_8783241.flac,6
/data/DATASETS/ASV_Spoof_2019_LA/ASVspoof2019_LA_train/flac/LA_T_5599930.flac,6
/data/DATASETS/ASV_Spoof_2019_LA/ASVspoof2019_LA_dev/flac/LA_D_8067809.flac,6
/data/DATASETS/ASV_Spoof_2019_LA/ASVspoof2019_LA_train/flac/LA_T_2560994.flac,6
/data/DATASETS/ASV_Spoof_2019_LA/ASVspoof2019_LA_train/flac/LA_T_7678606.flac,6
/data/DATASETS/ASV_Spoof_2019_LA/ASVspoof2019_LA_dev/flac/LA_D_6062316.flac,6
/data/DATASETS/ASV_Spoof_2019_LA/ASVspoof2019_LA_train/flac/LA_T_3099144.flac,6
/data/DATASETS/ASV_Spoof_2019_LA/ASVspoof2019_LA_dev/flac/LA_D_5028708.flac,6
/data/DATASETS/ASV_Spoof_2019_LA/ASVspoof2019_LA_train/flac/LA_T_5598718.flac,6
/data/DATASETS/ASV_Spoof_2019_LA/ASVspoof2019_LA_train/flac/LA_T_8834717.flac,6
/data/DATASETS/ASV_Spoof_2019_LA/ASVspoof2019_LA_dev/flac/LA_D_6226933.flac,6
/data/DATASETS/ASV_Spoof_2019_LA/ASVspoof2019_LA_train/flac/LA_T_9167005.flac,6
/data/DATASETS/ASV_Spoof_2019_LA/ASVspoof2019_LA_dev/flac/LA_D_7872642.flac,6
/data/DATASETS/ASV_Spoof_2019_LA/ASVspoof2019_LA_train/flac/LA_T_2270118.flac,6
/data/DATASETS/ASV_Spoof_2019_LA/ASVspoof2019_LA_dev/flac/LA_D_5309639.flac,6
/data/DATASETS/ASV_Spoof_2019_LA/ASVspoof2019_LA_train/flac/LA_T_1412068.flac,6
/data/DATASETS/ASV_Spoof_2019_LA/ASVspoof2019_LA_train/flac/LA_T_6851353.flac,6
/data/DATASETS/ASV_Spoof_2019_LA/ASVspoof2019_LA_train/flac/LA_T_9018502.flac,6
/data/DATASETS/ASV_Spoof_2019_LA/ASVspoof2019_LA_train/flac/LA_T_9529068.flac,6
/data/DATASETS/ASV_Spoof_2019_LA/ASVspoof2019_LA_dev/flac/LA_D_6784152.flac,6
/data/DATASETS/ASV_Spoof_2019_LA/ASVspoof2019_LA_dev/flac/LA_D_2290771.flac,6
/data/DATASETS/ASV_Spoof_2019_LA/ASVspoof2019_LA_train/flac/LA_T_2766626.flac,6
/data/DATASETS/ASV_Spoof_2019_LA/ASVspoof2019_LA_dev/flac/LA_D_2794299.flac,6
/data/DATASETS/ASV_Spoof_2019_LA/ASVspoof2019_LA_dev/flac/LA_D_8893730.flac,6
/data/DATASETS/ASV_Spoof_2019_LA/ASVspoof2019_LA_dev/flac/LA_D_9011511.flac,6
/data/DATASETS/ASV_Spoof_2019_LA/ASVspoof2019_LA_train/flac/LA_T_8008593.flac,6
/data/DATASETS/ASV_Spoof_2019_LA/ASVspoof2019_LA_train/flac/LA_T_7372048.flac,6
/data/DATASETS/ASV_Spoof_2019_LA/ASVspoof2019_LA_dev/flac/LA_D_2825662.flac,6
/data/DATASETS/ASV_Spoof_2019_LA/ASVspoof2019_LA_train/flac/LA_T_1382581.flac,6
/data/DATASETS/ASV_Spoof_2019_LA/ASVspoof2019_LA_train/flac/LA_T_6881453.flac,6
/data/DATASETS/ASV_Spoof_2019_LA/ASVspoof2019_LA_train/flac/LA_T_7002752.flac,6
/data/DATASETS/ASV_Spoof_2019_LA/ASVspoof2019_LA_train/flac/LA_T_4417455.flac,6
/data/DATASETS/ASV_Spoof_2019_LA/ASVspoof2019_LA_dev/flac/LA_D_3750321.flac,6
/data/DATASETS/ASV_Spoof_2019_LA/ASVspoof2019_LA_dev/flac/LA_D_9705819.flac,6
/data/DATASETS/ASV_Spoof_2019_LA/ASVspoof2019_LA_dev/flac/LA_D_9442665.flac,6
/data/DATASETS/ASV_Spoof_2019_LA/ASVspoof2019_LA_dev/flac/LA_D_3223679.flac,6
/data/DATASETS/ASV_Spoof_2019_LA/ASVspoof2019_LA_dev/flac/LA_D_8359118.flac,6
/data/DATASETS/ASV_Spoof_2019_LA/ASVspoof2019_LA_train/flac/LA_T_9972105.flac,6
/data/DATASETS/ASV_Spoof_2019_LA/ASVspoof2019_LA_dev/flac/LA_D_2473895.flac,6
/data/DATASETS/ASV_Spoof_2019_LA/ASVspoof2019_LA_dev/flac/LA_D_2295521.flac,6
/data/DATASETS/ASV_Spoof_2019_LA/ASVspoof2019_LA_train/flac/LA_T_5441985.flac,6
/data/DATASETS/ASV_Spoof_2019_LA/ASVspoof2019_LA_train/flac/LA_T_1110572.flac,6
/data/DATASETS/ASV_Spoof_2019_LA/ASVspoof2019_LA_dev/flac/LA_D_7712944.flac,6
/data/DATASETS/ASV_Spoof_2019_LA/ASVspoof2019_LA_train/flac/LA_T_2265554.flac,6
/data/DATASETS/ASV_Spoof_2019_LA/ASVspoof2019_LA_dev/flac/LA_D_5734083.flac,6
/data/DATASETS/ASV_Spoof_2019_LA/ASVspoof2019_LA_dev/flac/LA_D_7949260.flac,6
/data/DATASETS/ASV_Spoof_2019_LA/ASVspoof2019_LA_train/flac/LA_T_8577208.flac,6
/data/DATASETS/ASV_Spoof_2019_LA/ASVspoof2019_LA_train/flac/LA_T_8817709.flac,6
/data/DATASETS/ASV_Spoof_2019_LA/ASVspoof2019_LA_train/flac/LA_T_7743868.flac,6
/data/DATASETS/ASV_Spoof_2019_LA/ASVspoof2019_LA_dev/flac/LA_D_4117970.flac,6
/data/DATASETS/ASV_Spoof_2019_LA/ASVspoof2019_LA_dev/flac/LA_D_2680010.flac,6
/data/DATASETS/ASV_Spoof_2019_LA/ASVspoof2019_LA_train/flac/LA_T_7070603.flac,6
/data/DATASETS/ASV_Spoof_2019_LA/ASVspoof2019_LA_dev/flac/LA_D_8933531.flac,6
/data/DATASETS/ASV_Spoof_2019_LA/ASVspoof2019_LA_dev/flac/LA_D_2224110.flac,6
/data/DATASETS/ASV_Spoof_2019_LA/ASVspoof2019_LA_dev/flac/LA_D_9678259.flac,6
/data/DATASETS/ASV_Spoof_2019_LA/ASVspoof2019_LA_train/flac/LA_T_6058140.flac,6
/data/DATASETS/ASV_Spoof_2019_LA/ASVspoof2019_LA_train/flac/LA_T_8916855.flac,6
/data/DATASETS/ASV_Spoof_2019_LA/ASVspoof2019_LA_train/flac/LA_T_9412766.flac,6
/data/DATASETS/ASV_Spoof_2019_LA/ASVspoof2019_LA_train/flac/LA_T_4467989.flac,6
/data/DATASETS/ASV_Spoof_2019_LA/ASVspoof2019_LA_train/flac/LA_T_3221904.flac,6
/data/DATASETS/ASV_Spoof_2019_LA/ASVspoof2019_LA_train/flac/LA_T_2309334.flac,6
/data/DATASETS/ASV_Spoof_2019_LA/ASVspoof2019_LA_train/flac/LA_T_2848953.flac,6
/data/DATASETS/ASV_Spoof_2019_LA/ASVspoof2019_LA_dev/flac/LA_D_2158419.flac,6
/data/DATASETS/ASV_Spoof_2019_LA/ASVspoof2019_LA_train/flac/LA_T_9587024.flac,6
/data/DATASETS/ASV_Spoof_2019_LA/ASVspoof2019_LA_train/flac/LA_T_1946682.flac,6
/data/DATASETS/ASV_Spoof_2019_LA/ASVspoof2019_LA_dev/flac/LA_D_9086287.flac,6
/data/DATASETS/ASV_Spoof_2019_LA/ASVspoof2019_LA_train/flac/LA_T_9823354.flac,6
/data/DATASETS/ASV_Spoof_2019_LA/ASVspoof2019_LA_train/flac/LA_T_8570339.flac,6
/data/DATASETS/ASV_Spoof_2019_LA/ASVspoof2019_LA_dev/flac/LA_D_7562446.flac,6
/data/DATASETS/ASV_Spoof_2019_LA/ASVspoof2019_LA_dev/flac/LA_D_3622353.flac,6
/data/DATASETS/ASV_Spoof_2019_LA/ASVspoof2019_LA_train/flac/LA_T_6557291.flac,6
/data/DATASETS/ASV_Spoof_2019_LA/ASVspoof2019_LA_dev/flac/LA_D_6698865.flac,6
/data/DATASETS/ASV_Spoof_2019_LA/ASVspoof2019_LA_dev/flac/LA_D_1652776.flac,6
/data/DATASETS/ASV_Spoof_2019_LA/ASVspoof2019_LA_dev/flac/LA_D_6442430.flac,6
/data/DATASETS/ASV_Spoof_2019_LA/ASVspoof2019_LA_dev/flac/LA_D_9492240.flac,6
/data/DATASETS/ASV_Spoof_2019_LA/ASVspoof2019_LA_dev/flac/LA_D_4484172.flac,6
/data/DATASETS/ASV_Spoof_2019_LA/ASVspoof2019_LA_train/flac/LA_T_2892865.flac,6
/data/DATASETS/ASV_Spoof_2019_LA/ASVspoof2019_LA_train/flac/LA_T_9683855.flac,6
/data/DATASETS/ASV_Spoof_2019_LA/ASVspoof2019_LA_dev/flac/LA_D_5297443.flac,6
/data/DATASETS/ASV_Spoof_2019_LA/ASVspoof2019_LA_dev/flac/LA_D_6715404.flac,6
/data/DATASETS/ASV_Spoof_2019_LA/ASVspoof2019_LA_train/flac/LA_T_3540067.flac,6
/data/DATASETS/ASV_Spoof_2019_LA/ASVspoof2019_LA_dev/flac/LA_D_6897891.flac,6
/data/DATASETS/ASV_Spoof_2019_LA/ASVspoof2019_LA_train/flac/LA_T_1679908.flac,6
/data/DATASETS/ASV_Spoof_2019_LA/ASVspoof2019_LA_train/flac/LA_T_2860210.flac,6
/data/DATASETS/ASV_Spoof_2019_LA/ASVspoof2019_LA_dev/flac/LA_D_7470067.flac,6
/data/DATASETS/ASV_Spoof_2019_LA/ASVspoof2019_LA_dev/flac/LA_D_8719361.flac,6
/data/DATASETS/ASV_Spoof_2019_LA/ASVspoof2019_LA_train/flac/LA_T_6355446.flac,6
/data/DATASETS/ASV_Spoof_2019_LA/ASVspoof2019_LA_train/flac/LA_T_2358123.flac,6
/data/DATASETS/ASV_Spoof_2019_LA/ASVspoof2019_LA_train/flac/LA_T_6275854.flac,6
/data/DATASETS/ASV_Spoof_2019_LA/ASVspoof2019_LA_train/flac/LA_T_7093519.flac,6
/data/DATASETS/ASV_Spoof_2019_LA/ASVspoof2019_LA_dev/flac/LA_D_3240744.flac,6
/data/DATASETS/ASV_Spoof_2019_LA/ASVspoof2019_LA_train/flac/LA_T_7736653.flac,6
/data/DATASETS/ASV_Spoof_2019_LA/ASVspoof2019_LA_train/flac/LA_T_8130468.flac,6
/data/DATASETS/ASV_Spoof_2019_LA/ASVspoof2019_LA_train/flac/LA_T_3286362.flac,6
/data/DATASETS/ASV_Spoof_2019_LA/ASVspoof2019_LA_dev/flac/LA_D_2073542.flac,6
/data/DATASETS/ASV_Spoof_2019_LA/ASVspoof2019_LA_train/flac/LA_T_2924923.flac,6
/data/DATASETS/ASV_Spoof_2019_LA/ASVspoof2019_LA_train/flac/LA_T_6586285.flac,6
/data/DATASETS/ASV_Spoof_2019_LA/ASVspoof2019_LA_train/flac/LA_T_2636406.flac,6
/data/DATASETS/ASV_Spoof_2019_LA/ASVspoof2019_LA_train/flac/LA_T_8575046.flac,6
/data/DATASETS/ASV_Spoof_2019_LA/ASVspoof2019_LA_train/flac/LA_T_8515154.flac,6
/data/DATASETS/ASV_Spoof_2019_LA/ASVspoof2019_LA_dev/flac/LA_D_8399662.flac,6
/data/DATASETS/ASV_Spoof_2019_LA/ASVspoof2019_LA_train/flac/LA_T_5806895.flac,6
/data/DATASETS/ASV_Spoof_2019_LA/ASVspoof2019_LA_train/flac/LA_T_4868611.flac,6
/data/DATASETS/ASV_Spoof_2019_LA/ASVspoof2019_LA_dev/flac/LA_D_8228654.flac,6
/data/DATASETS/ASV_Spoof_2019_LA/ASVspoof2019_LA_dev/flac/LA_D_3485765.flac,6
/data/DATASETS/ASV_Spoof_2019_LA/ASVspoof2019_LA_train/flac/LA_T_9087105.flac,6
/data/DATASETS/ASV_Spoof_2019_LA/ASVspoof2019_LA_dev/flac/LA_D_5401977.flac,6
/data/DATASETS/ASV_Spoof_2019_LA/ASVspoof2019_LA_train/flac/LA_T_9850386.flac,6
/data/DATASETS/ASV_Spoof_2019_LA/ASVspoof2019_LA_train/flac/LA_T_8652490.flac,6
/data/DATASETS/ASV_Spoof_2019_LA/ASVspoof2019_LA_train/flac/LA_T_2749986.flac,6
/data/DATASETS/ASV_Spoof_2019_LA/ASVspoof2019_LA_train/flac/LA_T_3320089.flac,6
/data/DATASETS/ASV_Spoof_2019_LA/ASVspoof2019_LA_dev/flac/LA_D_8445966.flac,6
/data/DATASETS/ASV_Spoof_2019_LA/ASVspoof2019_LA_dev/flac/LA_D_1530272.flac,6
/data/DATASETS/ASV_Spoof_2019_LA/ASVspoof2019_LA_train/flac/LA_T_9950826.flac,6
/data/DATASETS/ASV_Spoof_2019_LA/ASVspoof2019_LA_train/flac/LA_T_9092325.flac,6
/data/DATASETS/ASV_Spoof_2019_LA/ASVspoof2019_LA_train/flac/LA_T_3228379.flac,6
/data/DATASETS/ASV_Spoof_2019_LA/ASVspoof2019_LA_dev/flac/LA_D_2959609.flac,6
/data/DATASETS/ASV_Spoof_2019_LA/ASVspoof2019_LA_train/flac/LA_T_8132382.flac,6
/data/DATASETS/ASV_Spoof_2019_LA/ASVspoof2019_LA_dev/flac/LA_D_2793029.flac,6
/data/DATASETS/ASV_Spoof_2019_LA/ASVspoof2019_LA_dev/flac/LA_D_7312402.flac,6
/data/DATASETS/ASV_Spoof_2019_LA/ASVspoof2019_LA_train/flac/LA_T_3999324.flac,6
/data/DATASETS/ASV_Spoof_2019_LA/ASVspoof2019_LA_train/flac/LA_T_4600077.flac,6
/data/DATASETS/ASV_Spoof_2019_LA/ASVspoof2019_LA_dev/flac/LA_D_7755104.flac,6
/data/DATASETS/ASV_Spoof_2019_LA/ASVspoof2019_LA_train/flac/LA_T_8916785.flac,6
/data/DATASETS/ASV_Spoof_2019_LA/ASVspoof2019_LA_train/flac/LA_T_7818952.flac,6
/data/DATASETS/ASV_Spoof_2019_LA/ASVspoof2019_LA_train/flac/LA_T_2682943.flac,6
/data/DATASETS/ASV_Spoof_2019_LA/ASVspoof2019_LA_dev/flac/LA_D_5074932.flac,6
/data/DATASETS/ASV_Spoof_2019_LA/ASVspoof2019_LA_train/flac/LA_T_4868690.flac,6
/data/DATASETS/ASV_Spoof_2019_LA/ASVspoof2019_LA_dev/flac/LA_D_9973827.flac,6
/data/DATASETS/ASV_Spoof_2019_LA/ASVspoof2019_LA_dev/flac/LA_D_7300673.flac,6
/data/DATASETS/ASV_Spoof_2019_LA/ASVspoof2019_LA_dev/flac/LA_D_2625605.flac,6
/data/DATASETS/ASV_Spoof_2019_LA/ASVspoof2019_LA_train/flac/LA_T_6403351.flac,6
/data/DATASETS/ASV_Spoof_2019_LA/ASVspoof2019_LA_dev/flac/LA_D_7152094.flac,6
/data/DATASETS/ASV_Spoof_2019_LA/ASVspoof2019_LA_dev/flac/LA_D_7484636.flac,6
/data/DATASETS/ASV_Spoof_2019_LA/ASVspoof2019_LA_train/flac/LA_T_6491479.flac,6
/data/DATASETS/ASV_Spoof_2019_LA/ASVspoof2019_LA_dev/flac/LA_D_2786957.flac,6
/data/DATASETS/ASV_Spoof_2019_LA/ASVspoof2019_LA_train/flac/LA_T_9118808.flac,6
/data/DATASETS/ASV_Spoof_2019_LA/ASVspoof2019_LA_dev/flac/LA_D_7262507.flac,6
/data/DATASETS/ASV_Spoof_2019_LA/ASVspoof2019_LA_train/flac/LA_T_1859199.flac,6
/data/DATASETS/ASV_Spoof_2019_LA/ASVspoof2019_LA_dev/flac/LA_D_1604106.flac,6
/data/DATASETS/ASV_Spoof_2019_LA/ASVspoof2019_LA_train/flac/LA_T_4972729.flac,6
/data/DATASETS/ASV_Spoof_2019_LA/ASVspoof2019_LA_dev/flac/LA_D_6111501.flac,6
/data/DATASETS/ASV_Spoof_2019_LA/ASVspoof2019_LA_dev/flac/LA_D_1547454.flac,6
/data/DATASETS/ASV_Spoof_2019_LA/ASVspoof2019_LA_train/flac/LA_T_7745234.flac,6
/data/DATASETS/ASV_Spoof_2019_LA/ASVspoof2019_LA_train/flac/LA_T_2590124.flac,6
/data/DATASETS/ASV_Spoof_2019_LA/ASVspoof2019_LA_train/flac/LA_T_2995210.flac,6
/data/DATASETS/ASV_Spoof_2019_LA/ASVspoof2019_LA_dev/flac/LA_D_1590364.flac,6
/data/DATASETS/ASV_Spoof_2019_LA/ASVspoof2019_LA_train/flac/LA_T_6291222.flac,6
/data/DATASETS/ASV_Spoof_2019_LA/ASVspoof2019_LA_dev/flac/LA_D_2912682.flac,6
/data/DATASETS/ASV_Spoof_2019_LA/ASVspoof2019_LA_dev/flac/LA_D_3748728.flac,6
/data/DATASETS/ASV_Spoof_2019_LA/ASVspoof2019_LA_train/flac/LA_T_5463024.flac,6
/data/DATASETS/ASV_Spoof_2019_LA/ASVspoof2019_LA_dev/flac/LA_D_4575849.flac,6
/data/DATASETS/ASV_Spoof_2019_LA/ASVspoof2019_LA_train/flac/LA_T_9455741.flac,6
/data/DATASETS/ASV_Spoof_2019_LA/ASVspoof2019_LA_dev/flac/LA_D_1780000.flac,6
/data/DATASETS/ASV_Spoof_2019_LA/ASVspoof2019_LA_train/flac/LA_T_5049452.flac,6
/data/DATASETS/ASV_Spoof_2019_LA/ASVspoof2019_LA_dev/flac/LA_D_3128008.flac,6
/data/DATASETS/ASV_Spoof_2019_LA/ASVspoof2019_LA_dev/flac/LA_D_7820165.flac,6
/data/DATASETS/ASV_Spoof_2019_LA/ASVspoof2019_LA_dev/flac/LA_D_4769999.flac,6
/data/DATASETS/ASV_Spoof_2019_LA/ASVspoof2019_LA_dev/flac/LA_D_2077413.flac,6
/data/DATASETS/ASV_Spoof_2019_LA/ASVspoof2019_LA_train/flac/LA_T_5219430.flac,6
/data/DATASETS/ASV_Spoof_2019_LA/ASVspoof2019_LA_train/flac/LA_T_2775081.flac,6
/data/DATASETS/ASV_Spoof_2019_LA/ASVspoof2019_LA_train/flac/LA_T_6395176.flac,6
/data/DATASETS/ASV_Spoof_2019_LA/ASVspoof2019_LA_dev/flac/LA_D_7322062.flac,6
/data/DATASETS/ASV_Spoof_2019_LA/ASVspoof2019_LA_dev/flac/LA_D_8565229.flac,6
/data/DATASETS/ASV_Spoof_2019_LA/ASVspoof2019_LA_train/flac/LA_T_7856276.flac,6
/data/DATASETS/ASV_Spoof_2019_LA/ASVspoof2019_LA_dev/flac/LA_D_1699219.flac,6
/data/DATASETS/ASV_Spoof_2019_LA/ASVspoof2019_LA_train/flac/LA_T_6994123.flac,6
/data/DATASETS/ASV_Spoof_2019_LA/ASVspoof2019_LA_train/flac/LA_T_7036992.flac,6
/data/DATASETS/ASV_Spoof_2019_LA/ASVspoof2019_LA_train/flac/LA_T_2310587.flac,6
/data/DATASETS/ASV_Spoof_2019_LA/ASVspoof2019_LA_train/flac/LA_T_4685714.flac,6
/data/DATASETS/ASV_Spoof_2019_LA/ASVspoof2019_LA_train/flac/LA_T_6940850.flac,6
/data/DATASETS/ASV_Spoof_2019_LA/ASVspoof2019_LA_dev/flac/LA_D_9305482.flac,6
/data/DATASETS/ASV_Spoof_2019_LA/ASVspoof2019_LA_dev/flac/LA_D_2177457.flac,6
/data/DATASETS/ASV_Spoof_2019_LA/ASVspoof2019_LA_dev/flac/LA_D_8093748.flac,6
/data/DATASETS/ASV_Spoof_2019_LA/ASVspoof2019_LA_dev/flac/LA_D_1716650.flac,6
/data/DATASETS/ASV_Spoof_2019_LA/ASVspoof2019_LA_train/flac/LA_T_3950217.flac,6
/data/DATASETS/ASV_Spoof_2019_LA/ASVspoof2019_LA_train/flac/LA_T_8781092.flac,6
/data/DATASETS/ASV_Spoof_2019_LA/ASVspoof2019_LA_train/flac/LA_T_5786708.flac,6
/data/DATASETS/ASV_Spoof_2019_LA/ASVspoof2019_LA_train/flac/LA_T_5033158.flac,6
/data/DATASETS/ASV_Spoof_2019_LA/ASVspoof2019_LA_train/flac/LA_T_9345361.flac,6
/data/DATASETS/ASV_Spoof_2019_LA/ASVspoof2019_LA_dev/flac/LA_D_6151678.flac,6
/data/DATASETS/ASV_Spoof_2019_LA/ASVspoof2019_LA_train/flac/LA_T_1613476.flac,6
/data/DATASETS/ASV_Spoof_2019_LA/ASVspoof2019_LA_train/flac/LA_T_4840120.flac,6
/data/DATASETS/ASV_Spoof_2019_LA/ASVspoof2019_LA_dev/flac/LA_D_5792469.flac,6
/data/DATASETS/ASV_Spoof_2019_LA/ASVspoof2019_LA_train/flac/LA_T_9294450.flac,6
/data/DATASETS/ASV_Spoof_2019_LA/ASVspoof2019_LA_train/flac/LA_T_3566062.flac,6
/data/DATASETS/ASV_Spoof_2019_LA/ASVspoof2019_LA_train/flac/LA_T_4244019.flac,6
/data/DATASETS/ASV_Spoof_2019_LA/ASVspoof2019_LA_dev/flac/LA_D_3130678.flac,6
/data/DATASETS/ASV_Spoof_2019_LA/ASVspoof2019_LA_train/flac/LA_T_7788750.flac,6
/data/DATASETS/ASV_Spoof_2019_LA/ASVspoof2019_LA_dev/flac/LA_D_8237136.flac,6
/data/DATASETS/ASV_Spoof_2019_LA/ASVspoof2019_LA_dev/flac/LA_D_2177921.flac,6
/data/DATASETS/ASV_Spoof_2019_LA/ASVspoof2019_LA_dev/flac/LA_D_7705215.flac,6
/data/DATASETS/ASV_Spoof_2019_LA/ASVspoof2019_LA_dev/flac/LA_D_3641330.flac,6
/data/DATASETS/ASV_Spoof_2019_LA/ASVspoof2019_LA_dev/flac/LA_D_5748339.flac,6
/data/DATASETS/ASV_Spoof_2019_LA/ASVspoof2019_LA_dev/flac/LA_D_8052889.flac,6
/data/DATASETS/ASV_Spoof_2019_LA/ASVspoof2019_LA_dev/flac/LA_D_4200824.flac,6
/data/DATASETS/ASV_Spoof_2019_LA/ASVspoof2019_LA_train/flac/LA_T_8377138.flac,6
/data/DATASETS/ASV_Spoof_2019_LA/ASVspoof2019_LA_train/flac/LA_T_6468514.flac,6
/data/DATASETS/ASV_Spoof_2019_LA/ASVspoof2019_LA_dev/flac/LA_D_6165815.flac,6
/data/DATASETS/ASV_Spoof_2019_LA/ASVspoof2019_LA_dev/flac/LA_D_4575624.flac,6
/data/DATASETS/ASV_Spoof_2019_LA/ASVspoof2019_LA_train/flac/LA_T_3468422.flac,6
/data/DATASETS/ASV_Spoof_2019_LA/ASVspoof2019_LA_train/flac/LA_T_1024889.flac,6
/data/DATASETS/ASV_Spoof_2019_LA/ASVspoof2019_LA_dev/flac/LA_D_3120664.flac,6
/data/DATASETS/ASV_Spoof_2019_LA/ASVspoof2019_LA_train/flac/LA_T_8579363.flac,6
/data/DATASETS/ASV_Spoof_2019_LA/ASVspoof2019_LA_dev/flac/LA_D_7295722.flac,6
/data/DATASETS/ASV_Spoof_2019_LA/ASVspoof2019_LA_train/flac/LA_T_4646104.flac,6
/data/DATASETS/ASV_Spoof_2019_LA/ASVspoof2019_LA_dev/flac/LA_D_3687000.flac,6
/data/DATASETS/ASV_Spoof_2019_LA/ASVspoof2019_LA_train/flac/LA_T_7357527.flac,6
/data/DATASETS/ASV_Spoof_2019_LA/ASVspoof2019_LA_train/flac/LA_T_9599116.flac,6
/data/DATASETS/ASV_Spoof_2019_LA/ASVspoof2019_LA_dev/flac/LA_D_8480524.flac,6
/data/DATASETS/ASV_Spoof_2019_LA/ASVspoof2019_LA_dev/flac/LA_D_1233766.flac,6
/data/DATASETS/ASV_Spoof_2019_LA/ASVspoof2019_LA_dev/flac/LA_D_7410620.flac,6
/data/DATASETS/ASV_Spoof_2019_LA/ASVspoof2019_LA_train/flac/LA_T_4374722.flac,6
/data/DATASETS/ASV_Spoof_2019_LA/ASVspoof2019_LA_train/flac/LA_T_7552342.flac,6
/data/DATASETS/ASV_Spoof_2019_LA/ASVspoof2019_LA_dev/flac/LA_D_3659236.flac,6
/data/DATASETS/ASV_Spoof_2019_LA/ASVspoof2019_LA_dev/flac/LA_D_1401409.flac,6
/data/DATASETS/ASV_Spoof_2019_LA/ASVspoof2019_LA_train/flac/LA_T_7776752.flac,6
/data/DATASETS/ASV_Spoof_2019_LA/ASVspoof2019_LA_train/flac/LA_T_8098268.flac,6
/data/DATASETS/ASV_Spoof_2019_LA/ASVspoof2019_LA_dev/flac/LA_D_7554470.flac,6
/data/DATASETS/ASV_Spoof_2019_LA/ASVspoof2019_LA_train/flac/LA_T_6924350.flac,6
/data/DATASETS/ASV_Spoof_2019_LA/ASVspoof2019_LA_train/flac/LA_T_1619575.flac,6
/data/DATASETS/ASV_Spoof_2019_LA/ASVspoof2019_LA_train/flac/LA_T_6645638.flac,6
/data/DATASETS/ASV_Spoof_2019_LA/ASVspoof2019_LA_train/flac/LA_T_6695076.flac,6
/data/DATASETS/ASV_Spoof_2019_LA/ASVspoof2019_LA_dev/flac/LA_D_1124488.flac,6
/data/DATASETS/ASV_Spoof_2019_LA/ASVspoof2019_LA_dev/flac/LA_D_7410996.flac,6
/data/DATASETS/ASV_Spoof_2019_LA/ASVspoof2019_LA_dev/flac/LA_D_5004092.flac,6
/data/DATASETS/ASV_Spoof_2019_LA/ASVspoof2019_LA_train/flac/LA_T_5174487.flac,6
/data/DATASETS/ASV_Spoof_2019_LA/ASVspoof2019_LA_dev/flac/LA_D_4601616.flac,6
/data/DATASETS/ASV_Spoof_2019_LA/ASVspoof2019_LA_dev/flac/LA_D_1245164.flac,6
/data/DATASETS/ASV_Spoof_2019_LA/ASVspoof2019_LA_dev/flac/LA_D_3694269.flac,6
/data/DATASETS/ASV_Spoof_2019_LA/ASVspoof2019_LA_train/flac/LA_T_5410225.flac,6
/data/DATASETS/ASV_Spoof_2019_LA/ASVspoof2019_LA_dev/flac/LA_D_6132308.flac,6
/data/DATASETS/ASV_Spoof_2019_LA/ASVspoof2019_LA_train/flac/LA_T_6086196.flac,6
/data/DATASETS/ASV_Spoof_2019_LA/ASVspoof2019_LA_train/flac/LA_T_3291463.flac,6
/data/DATASETS/ASV_Spoof_2019_LA/ASVspoof2019_LA_train/flac/LA_T_5469813.flac,6
/data/DATASETS/ASV_Spoof_2019_LA/ASVspoof2019_LA_train/flac/LA_T_6378955.flac,6
/data/DATASETS/ASV_Spoof_2019_LA/ASVspoof2019_LA_dev/flac/LA_D_6935657.flac,6
/data/DATASETS/ASV_Spoof_2019_LA/ASVspoof2019_LA_dev/flac/LA_D_9475659.flac,6
/data/DATASETS/ASV_Spoof_2019_LA/ASVspoof2019_LA_dev/flac/LA_D_4281656.flac,6
/data/DATASETS/ASV_Spoof_2019_LA/ASVspoof2019_LA_dev/flac/LA_D_8753478.flac,6
/data/DATASETS/ASV_Spoof_2019_LA/ASVspoof2019_LA_dev/flac/LA_D_3605684.flac,6
/data/DATASETS/ASV_Spoof_2019_LA/ASVspoof2019_LA_train/flac/LA_T_4627973.flac,6
/data/DATASETS/ASV_Spoof_2019_LA/ASVspoof2019_LA_dev/flac/LA_D_3325936.flac,6
/data/DATASETS/ASV_Spoof_2019_LA/ASVspoof2019_LA_train/flac/LA_T_9360718.flac,6
/data/DATASETS/ASV_Spoof_2019_LA/ASVspoof2019_LA_train/flac/LA_T_7327404.flac,6
/data/DATASETS/ASV_Spoof_2019_LA/ASVspoof2019_LA_dev/flac/LA_D_8223293.flac,6
/data/DATASETS/ASV_Spoof_2019_LA/ASVspoof2019_LA_train/flac/LA_T_4690291.flac,6
/data/DATASETS/ASV_Spoof_2019_LA/ASVspoof2019_LA_dev/flac/LA_D_5070679.flac,6
/data/DATASETS/ASV_Spoof_2019_LA/ASVspoof2019_LA_train/flac/LA_T_1850257.flac,6
/data/DATASETS/ASV_Spoof_2019_LA/ASVspoof2019_LA_train/flac/LA_T_5037582.flac,6
/data/DATASETS/ASV_Spoof_2019_LA/ASVspoof2019_LA_train/flac/LA_T_6838056.flac,6
/data/DATASETS/ASV_Spoof_2019_LA/ASVspoof2019_LA_train/flac/LA_T_1469680.flac,6
/data/DATASETS/ASV_Spoof_2019_LA/ASVspoof2019_LA_train/flac/LA_T_5265969.flac,6
/data/DATASETS/ASV_Spoof_2019_LA/ASVspoof2019_LA_train/flac/LA_T_2512638.flac,6
/data/DATASETS/ASV_Spoof_2019_LA/ASVspoof2019_LA_dev/flac/LA_D_7288605.flac,6
/data/DATASETS/ASV_Spoof_2019_LA/ASVspoof2019_LA_train/flac/LA_T_7875995.flac,6
/data/DATASETS/ASV_Spoof_2019_LA/ASVspoof2019_LA_dev/flac/LA_D_5422570.flac,6
/data/DATASETS/ASV_Spoof_2019_LA/ASVspoof2019_LA_dev/flac/LA_D_1800659.flac,6
/data/DATASETS/ASV_Spoof_2019_LA/ASVspoof2019_LA_train/flac/LA_T_3589960.flac,6
/data/DATASETS/ASV_Spoof_2019_LA/ASVspoof2019_LA_dev/flac/LA_D_9076744.flac,6
/data/DATASETS/ASV_Spoof_2019_LA/ASVspoof2019_LA_train/flac/LA_T_1687775.flac,6
/data/DATASETS/ASV_Spoof_2019_LA/ASVspoof2019_LA_train/flac/LA_T_4562769.flac,6
/data/DATASETS/ASV_Spoof_2019_LA/ASVspoof2019_LA_train/flac/LA_T_9970719.flac,6
/data/DATASETS/ASV_Spoof_2019_LA/ASVspoof2019_LA_dev/flac/LA_D_7641847.flac,6
/data/DATASETS/ASV_Spoof_2019_LA/ASVspoof2019_LA_train/flac/LA_T_4276926.flac,6
/data/DATASETS/ASV_Spoof_2019_LA/ASVspoof2019_LA_dev/flac/LA_D_8172351.flac,6
/data/DATASETS/ASV_Spoof_2019_LA/ASVspoof2019_LA_train/flac/LA_T_5208654.flac,6
/data/DATASETS/ASV_Spoof_2019_LA/ASVspoof2019_LA_dev/flac/LA_D_8529083.flac,6
/data/DATASETS/ASV_Spoof_2019_LA/ASVspoof2019_LA_train/flac/LA_T_7703403.flac,6
/data/DATASETS/ASV_Spoof_2019_LA/ASVspoof2019_LA_train/flac/LA_T_5567000.flac,6
/data/DATASETS/ASV_Spoof_2019_LA/ASVspoof2019_LA_dev/flac/LA_D_2110221.flac,6
/data/DATASETS/ASV_Spoof_2019_LA/ASVspoof2019_LA_dev/flac/LA_D_5478028.flac,6
/data/DATASETS/ASV_Spoof_2019_LA/ASVspoof2019_LA_dev/flac/LA_D_4725466.flac,6
/data/DATASETS/ASV_Spoof_2019_LA/ASVspoof2019_LA_train/flac/LA_T_3050589.flac,6
/data/DATASETS/ASV_Spoof_2019_LA/ASVspoof2019_LA_dev/flac/LA_D_5303690.flac,6
/data/DATASETS/ASV_Spoof_2019_LA/ASVspoof2019_LA_dev/flac/LA_D_4801010.flac,6
/data/DATASETS/ASV_Spoof_2019_LA/ASVspoof2019_LA_train/flac/LA_T_3175661.flac,6
/data/DATASETS/ASV_Spoof_2019_LA/ASVspoof2019_LA_train/flac/LA_T_8380739.flac,6
/data/DATASETS/ASV_Spoof_2019_LA/ASVspoof2019_LA_train/flac/LA_T_7080017.flac,6
/data/DATASETS/ASV_Spoof_2019_LA/ASVspoof2019_LA_train/flac/LA_T_7165351.flac,6
/data/DATASETS/ASV_Spoof_2019_LA/ASVspoof2019_LA_dev/flac/LA_D_9722118.flac,6
/data/DATASETS/ASV_Spoof_2019_LA/ASVspoof2019_LA_dev/flac/LA_D_2451686.flac,6
/data/DATASETS/ASV_Spoof_2019_LA/ASVspoof2019_LA_train/flac/LA_T_7170784.flac,6
/data/DATASETS/ASV_Spoof_2019_LA/ASVspoof2019_LA_dev/flac/LA_D_1812777.flac,6
/data/DATASETS/ASV_Spoof_2019_LA/ASVspoof2019_LA_train/flac/LA_T_7436663.flac,6
/data/DATASETS/ASV_Spoof_2019_LA/ASVspoof2019_LA_train/flac/LA_T_7548288.flac,6
/data/DATASETS/ASV_Spoof_2019_LA/ASVspoof2019_LA_dev/flac/LA_D_4923393.flac,6
/data/DATASETS/ASV_Spoof_2019_LA/ASVspoof2019_LA_train/flac/LA_T_2335248.flac,6
/data/DATASETS/ASV_Spoof_2019_LA/ASVspoof2019_LA_dev/flac/LA_D_9553311.flac,6
/data/DATASETS/ASV_Spoof_2019_LA/ASVspoof2019_LA_train/flac/LA_T_5210872.flac,6
/data/DATASETS/ASV_Spoof_2019_LA/ASVspoof2019_LA_train/flac/LA_T_1801640.flac,6
/data/DATASETS/ASV_Spoof_2019_LA/ASVspoof2019_LA_dev/flac/LA_D_1020531.flac,6
/data/DATASETS/ASV_Spoof_2019_LA/ASVspoof2019_LA_dev/flac/LA_D_9986772.flac,6
/data/DATASETS/ASV_Spoof_2019_LA/ASVspoof2019_LA_dev/flac/LA_D_7730512.flac,6
/data/DATASETS/ASV_Spoof_2019_LA/ASVspoof2019_LA_train/flac/LA_T_5264465.flac,6
/data/DATASETS/ASV_Spoof_2019_LA/ASVspoof2019_LA_train/flac/LA_T_6131224.flac,6
/data/DATASETS/ASV_Spoof_2019_LA/ASVspoof2019_LA_train/flac/LA_T_3371518.flac,6
/data/DATASETS/ASV_Spoof_2019_LA/ASVspoof2019_LA_train/flac/LA_T_5432245.flac,6
/data/DATASETS/ASV_Spoof_2019_LA/ASVspoof2019_LA_train/flac/LA_T_8499915.flac,6
/data/DATASETS/ASV_Spoof_2019_LA/ASVspoof2019_LA_train/flac/LA_T_5433079.flac,6
/data/DATASETS/ASV_Spoof_2019_LA/ASVspoof2019_LA_train/flac/LA_T_3834596.flac,6
/data/DATASETS/ASV_Spoof_2019_LA/ASVspoof2019_LA_dev/flac/LA_D_7194141.flac,6
/data/DATASETS/ASV_Spoof_2019_LA/ASVspoof2019_LA_train/flac/LA_T_2977109.flac,6
/data/DATASETS/ASV_Spoof_2019_LA/ASVspoof2019_LA_dev/flac/LA_D_1671851.flac,6
/data/DATASETS/ASV_Spoof_2019_LA/ASVspoof2019_LA_dev/flac/LA_D_7834333.flac,6
/data/DATASETS/ASV_Spoof_2019_LA/ASVspoof2019_LA_dev/flac/LA_D_8229891.flac,6
/data/DATASETS/ASV_Spoof_2019_LA/ASVspoof2019_LA_dev/flac/LA_D_9792280.flac,6
/data/DATASETS/ASV_Spoof_2019_LA/ASVspoof2019_LA_train/flac/LA_T_7068223.flac,6
/data/DATASETS/ASV_Spoof_2019_LA/ASVspoof2019_LA_train/flac/LA_T_1420784.flac,6
/data/DATASETS/ASV_Spoof_2019_LA/ASVspoof2019_LA_dev/flac/LA_D_2169713.flac,6
/data/DATASETS/ASV_Spoof_2019_LA/ASVspoof2019_LA_train/flac/LA_T_6321418.flac,6
/data/DATASETS/ASV_Spoof_2019_LA/ASVspoof2019_LA_train/flac/LA_T_8051299.flac,6
/data/DATASETS/ASV_Spoof_2019_LA/ASVspoof2019_LA_dev/flac/LA_D_5356350.flac,6
/data/DATASETS/ASV_Spoof_2019_LA/ASVspoof2019_LA_train/flac/LA_T_3470776.flac,6
/data/DATASETS/ASV_Spoof_2019_LA/ASVspoof2019_LA_train/flac/LA_T_7375751.flac,6
/data/DATASETS/ASV_Spoof_2019_LA/ASVspoof2019_LA_train/flac/LA_T_5351345.flac,6
/data/DATASETS/ASV_Spoof_2019_LA/ASVspoof2019_LA_dev/flac/LA_D_3411696.flac,6
/data/DATASETS/ASV_Spoof_2019_LA/ASVspoof2019_LA_dev/flac/LA_D_5384475.flac,6
/data/DATASETS/ASV_Spoof_2019_LA/ASVspoof2019_LA_train/flac/LA_T_3205394.flac,6
/data/DATASETS/ASV_Spoof_2019_LA/ASVspoof2019_LA_dev/flac/LA_D_7591549.flac,6
/data/DATASETS/ASV_Spoof_2019_LA/ASVspoof2019_LA_train/flac/LA_T_7408089.flac,6
/data/DATASETS/ASV_Spoof_2019_LA/ASVspoof2019_LA_dev/flac/LA_D_9538448.flac,6
/data/DATASETS/ASV_Spoof_2019_LA/ASVspoof2019_LA_dev/flac/LA_D_1402046.flac,6
/data/DATASETS/ASV_Spoof_2019_LA/ASVspoof2019_LA_train/flac/LA_T_3456898.flac,6
/data/DATASETS/ASV_Spoof_2019_LA/ASVspoof2019_LA_train/flac/LA_T_6034470.flac,6
/data/DATASETS/ASV_Spoof_2019_LA/ASVspoof2019_LA_train/flac/LA_T_5999519.flac,6
/data/DATASETS/ASV_Spoof_2019_LA/ASVspoof2019_LA_train/flac/LA_T_8503056.flac,6
/data/DATASETS/ASV_Spoof_2019_LA/ASVspoof2019_LA_train/flac/LA_T_5132102.flac,6
/data/DATASETS/ASV_Spoof_2019_LA/ASVspoof2019_LA_train/flac/LA_T_6966678.flac,6
/data/DATASETS/ASV_Spoof_2019_LA/ASVspoof2019_LA_train/flac/LA_T_4846759.flac,6
/data/DATASETS/ASV_Spoof_2019_LA/ASVspoof2019_LA_dev/flac/LA_D_7701393.flac,6
/data/DATASETS/ASV_Spoof_2019_LA/ASVspoof2019_LA_train/flac/LA_T_4537416.flac,6
/data/DATASETS/ASV_Spoof_2019_LA/ASVspoof2019_LA_dev/flac/LA_D_4556349.flac,6
/data/DATASETS/ASV_Spoof_2019_LA/ASVspoof2019_LA_train/flac/LA_T_6910737.flac,6
/data/DATASETS/ASV_Spoof_2019_LA/ASVspoof2019_LA_train/flac/LA_T_2899278.flac,6
/data/DATASETS/ASV_Spoof_2019_LA/ASVspoof2019_LA_dev/flac/LA_D_4585593.flac,6
/data/DATASETS/ASV_Spoof_2019_LA/ASVspoof2019_LA_train/flac/LA_T_9138672.flac,6
/data/DATASETS/ASV_Spoof_2019_LA/ASVspoof2019_LA_dev/flac/LA_D_7823031.flac,6
/data/DATASETS/ASV_Spoof_2019_LA/ASVspoof2019_LA_train/flac/LA_T_3209262.flac,6
/data/DATASETS/ASV_Spoof_2019_LA/ASVspoof2019_LA_train/flac/LA_T_5583854.flac,6
/data/DATASETS/ASV_Spoof_2019_LA/ASVspoof2019_LA_train/flac/LA_T_9250724.flac,6
/data/DATASETS/ASV_Spoof_2019_LA/ASVspoof2019_LA_dev/flac/LA_D_2335395.flac,6
/data/DATASETS/ASV_Spoof_2019_LA/ASVspoof2019_LA_dev/flac/LA_D_2527247.flac,6
/data/DATASETS/ASV_Spoof_2019_LA/ASVspoof2019_LA_train/flac/LA_T_5837773.flac,6
/data/DATASETS/ASV_Spoof_2019_LA/ASVspoof2019_LA_train/flac/LA_T_5544291.flac,6
/data/DATASETS/ASV_Spoof_2019_LA/ASVspoof2019_LA_train/flac/LA_T_3296635.flac,6
/data/DATASETS/ASV_Spoof_2019_LA/ASVspoof2019_LA_dev/flac/LA_D_2831646.flac,6
/data/DATASETS/ASV_Spoof_2019_LA/ASVspoof2019_LA_train/flac/LA_T_6409882.flac,6
/data/DATASETS/ASV_Spoof_2019_LA/ASVspoof2019_LA_train/flac/LA_T_9100246.flac,6
/data/DATASETS/ASV_Spoof_2019_LA/ASVspoof2019_LA_train/flac/LA_T_4028533.flac,6
/data/DATASETS/ASV_Spoof_2019_LA/ASVspoof2019_LA_train/flac/LA_T_3352181.flac,6
/data/DATASETS/ASV_Spoof_2019_LA/ASVspoof2019_LA_train/flac/LA_T_5240034.flac,6
/data/DATASETS/ASV_Spoof_2019_LA/ASVspoof2019_LA_dev/flac/LA_D_3267906.flac,6
/data/DATASETS/ASV_Spoof_2019_LA/ASVspoof2019_LA_dev/flac/LA_D_7191599.flac,6
/data/DATASETS/ASV_Spoof_2019_LA/ASVspoof2019_LA_dev/flac/LA_D_3378402.flac,6
/data/DATASETS/ASV_Spoof_2019_LA/ASVspoof2019_LA_train/flac/LA_T_9843409.flac,6
/data/DATASETS/ASV_Spoof_2019_LA/ASVspoof2019_LA_train/flac/LA_T_8363461.flac,6
/data/DATASETS/ASV_Spoof_2019_LA/ASVspoof2019_LA_train/flac/LA_T_8346628.flac,6
/data/DATASETS/ASV_Spoof_2019_LA/ASVspoof2019_LA_train/flac/LA_T_6804877.flac,6
/data/DATASETS/ASV_Spoof_2019_LA/ASVspoof2019_LA_train/flac/LA_T_1239111.flac,6
/data/DATASETS/ASV_Spoof_2019_LA/ASVspoof2019_LA_dev/flac/LA_D_5081966.flac,6
/data/DATASETS/ASV_Spoof_2019_LA/ASVspoof2019_LA_train/flac/LA_T_5590963.flac,6
/data/DATASETS/ASV_Spoof_2019_LA/ASVspoof2019_LA_dev/flac/LA_D_8771091.flac,6
/data/DATASETS/ASV_Spoof_2019_LA/ASVspoof2019_LA_dev/flac/LA_D_1314828.flac,6
/data/DATASETS/ASV_Spoof_2019_LA/ASVspoof2019_LA_dev/flac/LA_D_1772325.flac,6
/data/DATASETS/ASV_Spoof_2019_LA/ASVspoof2019_LA_train/flac/LA_T_9924291.flac,6
/data/DATASETS/ASV_Spoof_2019_LA/ASVspoof2019_LA_train/flac/LA_T_5646271.flac,6
/data/DATASETS/ASV_Spoof_2019_LA/ASVspoof2019_LA_train/flac/LA_T_1952524.flac,6
/data/DATASETS/ASV_Spoof_2019_LA/ASVspoof2019_LA_dev/flac/LA_D_8833920.flac,6
/data/DATASETS/ASV_Spoof_2019_LA/ASVspoof2019_LA_train/flac/LA_T_4203522.flac,6
/data/DATASETS/ASV_Spoof_2019_LA/ASVspoof2019_LA_train/flac/LA_T_7358525.flac,6
/data/DATASETS/ASV_Spoof_2019_LA/ASVspoof2019_LA_dev/flac/LA_D_7171872.flac,6
/data/DATASETS/ASV_Spoof_2019_LA/ASVspoof2019_LA_train/flac/LA_T_3585622.flac,6
/data/DATASETS/ASV_Spoof_2019_LA/ASVspoof2019_LA_dev/flac/LA_D_6980515.flac,6
/data/DATASETS/ASV_Spoof_2019_LA/ASVspoof2019_LA_train/flac/LA_T_2889479.flac,6
/data/DATASETS/ASV_Spoof_2019_LA/ASVspoof2019_LA_train/flac/LA_T_8834650.flac,6
/data/DATASETS/ASV_Spoof_2019_LA/ASVspoof2019_LA_train/flac/LA_T_4332860.flac,6
/data/DATASETS/ASV_Spoof_2019_LA/ASVspoof2019_LA_dev/flac/LA_D_9567658.flac,6
/data/DATASETS/ASV_Spoof_2019_LA/ASVspoof2019_LA_dev/flac/LA_D_6468524.flac,6
/data/DATASETS/ASV_Spoof_2019_LA/ASVspoof2019_LA_train/flac/LA_T_5071368.flac,6
/data/DATASETS/ASV_Spoof_2019_LA/ASVspoof2019_LA_dev/flac/LA_D_1245325.flac,6
/data/DATASETS/ASV_Spoof_2019_LA/ASVspoof2019_LA_dev/flac/LA_D_5940134.flac,6
/data/DATASETS/ASV_Spoof_2019_LA/ASVspoof2019_LA_train/flac/LA_T_9594930.flac,6
/data/DATASETS/ASV_Spoof_2019_LA/ASVspoof2019_LA_train/flac/LA_T_3972807.flac,6
/data/DATASETS/ASV_Spoof_2019_LA/ASVspoof2019_LA_train/flac/LA_T_8483571.flac,6
/data/DATASETS/ASV_Spoof_2019_LA/ASVspoof2019_LA_train/flac/LA_T_1142427.flac,6
/data/DATASETS/ASV_Spoof_2019_LA/ASVspoof2019_LA_train/flac/LA_T_2169908.flac,6
/data/DATASETS/ASV_Spoof_2019_LA/ASVspoof2019_LA_dev/flac/LA_D_2256022.flac,6
/data/DATASETS/ASV_Spoof_2019_LA/ASVspoof2019_LA_train/flac/LA_T_1908349.flac,6
/data/DATASETS/ASV_Spoof_2019_LA/ASVspoof2019_LA_dev/flac/LA_D_3012054.flac,6
/data/DATASETS/ASV_Spoof_2019_LA/ASVspoof2019_LA_train/flac/LA_T_9745102.flac,6
/data/DATASETS/ASV_Spoof_2019_LA/ASVspoof2019_LA_train/flac/LA_T_7480691.flac,6
/data/DATASETS/ASV_Spoof_2019_LA/ASVspoof2019_LA_dev/flac/LA_D_8957963.flac,6
/data/DATASETS/ASV_Spoof_2019_LA/ASVspoof2019_LA_dev/flac/LA_D_7388625.flac,6
/data/DATASETS/ASV_Spoof_2019_LA/ASVspoof2019_LA_dev/flac/LA_D_4442511.flac,6
/data/DATASETS/ASV_Spoof_2019_LA/ASVspoof2019_LA_train/flac/LA_T_9771785.flac,6
/data/DATASETS/ASV_Spoof_2019_LA/ASVspoof2019_LA_dev/flac/LA_D_7038933.flac,6
/data/DATASETS/ASV_Spoof_2019_LA/ASVspoof2019_LA_train/flac/LA_T_3348441.flac,6
/data/DATASETS/ASV_Spoof_2019_LA/ASVspoof2019_LA_dev/flac/LA_D_6691155.flac,6
/data/DATASETS/ASV_Spoof_2019_LA/ASVspoof2019_LA_dev/flac/LA_D_6773995.flac,6
/data/DATASETS/ASV_Spoof_2019_LA/ASVspoof2019_LA_dev/flac/LA_D_7193682.flac,6
/data/DATASETS/ASV_Spoof_2019_LA/ASVspoof2019_LA_train/flac/LA_T_7696784.flac,6
/data/DATASETS/ASV_Spoof_2019_LA/ASVspoof2019_LA_dev/flac/LA_D_1044414.flac,6
/data/DATASETS/ASV_Spoof_2019_LA/ASVspoof2019_LA_dev/flac/LA_D_1270677.flac,6
/data/DATASETS/ASV_Spoof_2019_LA/ASVspoof2019_LA_train/flac/LA_T_7905301.flac,6
/data/DATASETS/ASV_Spoof_2019_LA/ASVspoof2019_LA_train/flac/LA_T_4132602.flac,6
/data/DATASETS/ASV_Spoof_2019_LA/ASVspoof2019_LA_train/flac/LA_T_4229328.flac,6
/data/DATASETS/ASV_Spoof_2019_LA/ASVspoof2019_LA_train/flac/LA_T_3669867.flac,6
/data/DATASETS/ASV_Spoof_2019_LA/ASVspoof2019_LA_train/flac/LA_T_1493479.flac,6
/data/DATASETS/ASV_Spoof_2019_LA/ASVspoof2019_LA_dev/flac/LA_D_7554141.flac,6
/data/DATASETS/ASV_Spoof_2019_LA/ASVspoof2019_LA_train/flac/LA_T_6491833.flac,6
/data/DATASETS/ASV_Spoof_2019_LA/ASVspoof2019_LA_train/flac/LA_T_8937595.flac,6
/data/DATASETS/ASV_Spoof_2019_LA/ASVspoof2019_LA_train/flac/LA_T_2020048.flac,6
/data/DATASETS/ASV_Spoof_2019_LA/ASVspoof2019_LA_train/flac/LA_T_3863374.flac,6
/data/DATASETS/ASV_Spoof_2019_LA/ASVspoof2019_LA_train/flac/LA_T_5588217.flac,6
/data/DATASETS/ASV_Spoof_2019_LA/ASVspoof2019_LA_train/flac/LA_T_7929359.flac,6
/data/DATASETS/ASV_Spoof_2019_LA/ASVspoof2019_LA_train/flac/LA_T_6534698.flac,6
/data/DATASETS/ASV_Spoof_2019_LA/ASVspoof2019_LA_train/flac/LA_T_5347401.flac,6
/data/DATASETS/ASV_Spoof_2019_LA/ASVspoof2019_LA_train/flac/LA_T_3359966.flac,6
/data/DATASETS/ASV_Spoof_2019_LA/ASVspoof2019_LA_train/flac/LA_T_6389845.flac,6
/data/DATASETS/ASV_Spoof_2019_LA/ASVspoof2019_LA_dev/flac/LA_D_3680282.flac,6
/data/DATASETS/ASV_Spoof_2019_LA/ASVspoof2019_LA_train/flac/LA_T_1149135.flac,6
/data/DATASETS/ASV_Spoof_2019_LA/ASVspoof2019_LA_dev/flac/LA_D_3449692.flac,6
/data/DATASETS/ASV_Spoof_2019_LA/ASVspoof2019_LA_train/flac/LA_T_8571166.flac,6
/data/DATASETS/ASV_Spoof_2019_LA/ASVspoof2019_LA_train/flac/LA_T_4991071.flac,6
/data/DATASETS/ASV_Spoof_2019_LA/ASVspoof2019_LA_train/flac/LA_T_5680784.flac,6
/data/DATASETS/ASV_Spoof_2019_LA/ASVspoof2019_LA_train/flac/LA_T_7540200.flac,6
/data/DATASETS/ASV_Spoof_2019_LA/ASVspoof2019_LA_train/flac/LA_T_2347803.flac,6
/data/DATASETS/ASV_Spoof_2019_LA/ASVspoof2019_LA_train/flac/LA_T_6686556.flac,6
/data/DATASETS/ASV_Spoof_2019_LA/ASVspoof2019_LA_train/flac/LA_T_7166837.flac,6
/data/DATASETS/ASV_Spoof_2019_LA/ASVspoof2019_LA_train/flac/LA_T_2485257.flac,6
/data/DATASETS/ASV_Spoof_2019_LA/ASVspoof2019_LA_train/flac/LA_T_1824541.flac,6
/data/DATASETS/ASV_Spoof_2019_LA/ASVspoof2019_LA_train/flac/LA_T_2690918.flac,6
/data/DATASETS/ASV_Spoof_2019_LA/ASVspoof2019_LA_dev/flac/LA_D_3218501.flac,6
/data/DATASETS/ASV_Spoof_2019_LA/ASVspoof2019_LA_dev/flac/LA_D_3303334.flac,6
/data/DATASETS/ASV_Spoof_2019_LA/ASVspoof2019_LA_dev/flac/LA_D_8969618.flac,6
/data/DATASETS/ASV_Spoof_2019_LA/ASVspoof2019_LA_train/flac/LA_T_1026130.flac,6
/data/DATASETS/ASV_Spoof_2019_LA/ASVspoof2019_LA_dev/flac/LA_D_7518190.flac,6
/data/DATASETS/ASV_Spoof_2019_LA/ASVspoof2019_LA_train/flac/LA_T_6974386.flac,6
/data/DATASETS/ASV_Spoof_2019_LA/ASVspoof2019_LA_train/flac/LA_T_4094314.flac,6
/data/DATASETS/ASV_Spoof_2019_LA/ASVspoof2019_LA_train/flac/LA_T_9139198.flac,6
/data/DATASETS/ASV_Spoof_2019_LA/ASVspoof2019_LA_dev/flac/LA_D_9500692.flac,6
/data/DATASETS/ASV_Spoof_2019_LA/ASVspoof2019_LA_dev/flac/LA_D_5466662.flac,6
/data/DATASETS/ASV_Spoof_2019_LA/ASVspoof2019_LA_dev/flac/LA_D_2602113.flac,6
/data/DATASETS/ASV_Spoof_2019_LA/ASVspoof2019_LA_dev/flac/LA_D_4901519.flac,6
/data/DATASETS/ASV_Spoof_2019_LA/ASVspoof2019_LA_dev/flac/LA_D_5844700.flac,6
/data/DATASETS/ASV_Spoof_2019_LA/ASVspoof2019_LA_train/flac/LA_T_6554613.flac,6
/data/DATASETS/ASV_Spoof_2019_LA/ASVspoof2019_LA_dev/flac/LA_D_2971908.flac,6
/data/DATASETS/ASV_Spoof_2019_LA/ASVspoof2019_LA_train/flac/LA_T_6809157.flac,6
/data/DATASETS/ASV_Spoof_2019_LA/ASVspoof2019_LA_dev/flac/LA_D_6821694.flac,6
/data/DATASETS/ASV_Spoof_2019_LA/ASVspoof2019_LA_dev/flac/LA_D_2575965.flac,6
/data/DATASETS/ASV_Spoof_2019_LA/ASVspoof2019_LA_dev/flac/LA_D_3164806.flac,6
/data/DATASETS/ASV_Spoof_2019_LA/ASVspoof2019_LA_train/flac/LA_T_2636328.flac,6
/data/DATASETS/ASV_Spoof_2019_LA/ASVspoof2019_LA_dev/flac/LA_D_2297266.flac,6
/data/DATASETS/ASV_Spoof_2019_LA/ASVspoof2019_LA_train/flac/LA_T_1797163.flac,6
/data/DATASETS/ASV_Spoof_2019_LA/ASVspoof2019_LA_dev/flac/LA_D_4862820.flac,6
/data/DATASETS/ASV_Spoof_2019_LA/ASVspoof2019_LA_train/flac/LA_T_9297221.flac,6
/data/DATASETS/ASV_Spoof_2019_LA/ASVspoof2019_LA_train/flac/LA_T_9279882.flac,6
/data/DATASETS/ASV_Spoof_2019_LA/ASVspoof2019_LA_dev/flac/LA_D_2431217.flac,6
/data/DATASETS/ASV_Spoof_2019_LA/ASVspoof2019_LA_train/flac/LA_T_3026867.flac,6
/data/DATASETS/ASV_Spoof_2019_LA/ASVspoof2019_LA_train/flac/LA_T_1793933.flac,6
/data/DATASETS/ASV_Spoof_2019_LA/ASVspoof2019_LA_dev/flac/LA_D_3597531.flac,6
/data/DATASETS/ASV_Spoof_2019_LA/ASVspoof2019_LA_dev/flac/LA_D_4827296.flac,6
/data/DATASETS/ASV_Spoof_2019_LA/ASVspoof2019_LA_dev/flac/LA_D_5929796.flac,6
/data/DATASETS/ASV_Spoof_2019_LA/ASVspoof2019_LA_train/flac/LA_T_7250552.flac,6
/data/DATASETS/ASV_Spoof_2019_LA/ASVspoof2019_LA_train/flac/LA_T_1878288.flac,6
/data/DATASETS/ASV_Spoof_2019_LA/ASVspoof2019_LA_dev/flac/LA_D_5673312.flac,6
/data/DATASETS/ASV_Spoof_2019_LA/ASVspoof2019_LA_dev/flac/LA_D_2459392.flac,6
/data/DATASETS/ASV_Spoof_2019_LA/ASVspoof2019_LA_train/flac/LA_T_3457892.flac,6
/data/DATASETS/ASV_Spoof_2019_LA/ASVspoof2019_LA_dev/flac/LA_D_4601171.flac,6
/data/DATASETS/ASV_Spoof_2019_LA/ASVspoof2019_LA_train/flac/LA_T_8595653.flac,6
/data/DATASETS/ASV_Spoof_2019_LA/ASVspoof2019_LA_train/flac/LA_T_2082415.flac,6
/data/DATASETS/ASV_Spoof_2019_LA/ASVspoof2019_LA_train/flac/LA_T_3500965.flac,6
/data/DATASETS/ASV_Spoof_2019_LA/ASVspoof2019_LA_train/flac/LA_T_2055480.flac,6
/data/DATASETS/ASV_Spoof_2019_LA/ASVspoof2019_LA_train/flac/LA_T_2010831.flac,6
/data/DATASETS/ASV_Spoof_2019_LA/ASVspoof2019_LA_train/flac/LA_T_1610370.flac,6
/data/DATASETS/ASV_Spoof_2019_LA/ASVspoof2019_LA_train/flac/LA_T_6268990.flac,6
/data/DATASETS/ASV_Spoof_2019_LA/ASVspoof2019_LA_dev/flac/LA_D_1903855.flac,6
/data/DATASETS/ASV_Spoof_2019_LA/ASVspoof2019_LA_train/flac/LA_T_6795061.flac,6
/data/DATASETS/ASV_Spoof_2019_LA/ASVspoof2019_LA_train/flac/LA_T_7271931.flac,6
/data/DATASETS/ASV_Spoof_2019_LA/ASVspoof2019_LA_dev/flac/LA_D_6751883.flac,6
/data/DATASETS/ASV_Spoof_2019_LA/ASVspoof2019_LA_train/flac/LA_T_8210298.flac,6
/data/DATASETS/ASV_Spoof_2019_LA/ASVspoof2019_LA_train/flac/LA_T_4321622.flac,6
/data/DATASETS/ASV_Spoof_2019_LA/ASVspoof2019_LA_train/flac/LA_T_4390174.flac,6
/data/DATASETS/ASV_Spoof_2019_LA/ASVspoof2019_LA_train/flac/LA_T_4179627.flac,6
/data/DATASETS/ASV_Spoof_2019_LA/ASVspoof2019_LA_train/flac/LA_T_2965964.flac,6
/data/DATASETS/ASV_Spoof_2019_LA/ASVspoof2019_LA_dev/flac/LA_D_3966802.flac,6
/data/DATASETS/ASV_Spoof_2019_LA/ASVspoof2019_LA_train/flac/LA_T_2867386.flac,6
/data/DATASETS/ASV_Spoof_2019_LA/ASVspoof2019_LA_train/flac/LA_T_8452533.flac,6
/data/DATASETS/ASV_Spoof_2019_LA/ASVspoof2019_LA_dev/flac/LA_D_8391684.flac,6
/data/DATASETS/ASV_Spoof_2019_LA/ASVspoof2019_LA_dev/flac/LA_D_3331432.flac,6
/data/DATASETS/ASV_Spoof_2019_LA/ASVspoof2019_LA_dev/flac/LA_D_5486513.flac,6
/data/DATASETS/ASV_Spoof_2019_LA/ASVspoof2019_LA_dev/flac/LA_D_9189588.flac,6
/data/DATASETS/ASV_Spoof_2019_LA/ASVspoof2019_LA_dev/flac/LA_D_3950755.flac,6
/data/DATASETS/ASV_Spoof_2019_LA/ASVspoof2019_LA_train/flac/LA_T_1066444.flac,6
/data/DATASETS/ASV_Spoof_2019_LA/ASVspoof2019_LA_train/flac/LA_T_6790280.flac,6
/data/DATASETS/ASV_Spoof_2019_LA/ASVspoof2019_LA_train/flac/LA_T_3454561.flac,6
/data/DATASETS/ASV_Spoof_2019_LA/ASVspoof2019_LA_train/flac/LA_T_3909077.flac,6
/data/DATASETS/ASV_Spoof_2019_LA/ASVspoof2019_LA_train/flac/LA_T_7001502.flac,6
/data/DATASETS/ASV_Spoof_2019_LA/ASVspoof2019_LA_dev/flac/LA_D_8599650.flac,6
/data/DATASETS/ASV_Spoof_2019_LA/ASVspoof2019_LA_dev/flac/LA_D_2231364.flac,6
/data/DATASETS/ASV_Spoof_2019_LA/ASVspoof2019_LA_train/flac/LA_T_5565747.flac,6
/data/DATASETS/ASV_Spoof_2019_LA/ASVspoof2019_LA_train/flac/LA_T_7354505.flac,6
/data/DATASETS/ASV_Spoof_2019_LA/ASVspoof2019_LA_train/flac/LA_T_9837812.flac,6
/data/DATASETS/ASV_Spoof_2019_LA/ASVspoof2019_LA_dev/flac/LA_D_4990269.flac,6
/data/DATASETS/ASV_Spoof_2019_LA/ASVspoof2019_LA_dev/flac/LA_D_6279642.flac,6
/data/DATASETS/ASV_Spoof_2019_LA/ASVspoof2019_LA_train/flac/LA_T_1037573.flac,6
/data/DATASETS/ASV_Spoof_2019_LA/ASVspoof2019_LA_dev/flac/LA_D_9958023.flac,6
/data/DATASETS/ASV_Spoof_2019_LA/ASVspoof2019_LA_dev/flac/LA_D_4331052.flac,6
/data/DATASETS/ASV_Spoof_2019_LA/ASVspoof2019_LA_dev/flac/LA_D_8637140.flac,6
/data/DATASETS/ASV_Spoof_2019_LA/ASVspoof2019_LA_train/flac/LA_T_5390483.flac,6
/data/DATASETS/ASV_Spoof_2019_LA/ASVspoof2019_LA_dev/flac/LA_D_6842546.flac,6
/data/DATASETS/ASV_Spoof_2019_LA/ASVspoof2019_LA_dev/flac/LA_D_7656709.flac,6
/data/DATASETS/ASV_Spoof_2019_LA/ASVspoof2019_LA_dev/flac/LA_D_9778376.flac,6
/data/DATASETS/ASV_Spoof_2019_LA/ASVspoof2019_LA_dev/flac/LA_D_4467077.flac,6
/data/DATASETS/ASV_Spoof_2019_LA/ASVspoof2019_LA_train/flac/LA_T_6030231.flac,6
/data/DATASETS/ASV_Spoof_2019_LA/ASVspoof2019_LA_dev/flac/LA_D_8740534.flac,6
/data/DATASETS/ASV_Spoof_2019_LA/ASVspoof2019_LA_dev/flac/LA_D_9549616.flac,6
/data/DATASETS/ASV_Spoof_2019_LA/ASVspoof2019_LA_dev/flac/LA_D_7016944.flac,6
/data/DATASETS/ASV_Spoof_2019_LA/ASVspoof2019_LA_dev/flac/LA_D_1358422.flac,6
/data/DATASETS/ASV_Spoof_2019_LA/ASVspoof2019_LA_dev/flac/LA_D_4942259.flac,6
/data/DATASETS/ASV_Spoof_2019_LA/ASVspoof2019_LA_train/flac/LA_T_2388839.flac,6
/data/DATASETS/ASV_Spoof_2019_LA/ASVspoof2019_LA_dev/flac/LA_D_5867269.flac,6
/data/DATASETS/ASV_Spoof_2019_LA/ASVspoof2019_LA_train/flac/LA_T_9862436.flac,6
/data/DATASETS/ASV_Spoof_2019_LA/ASVspoof2019_LA_dev/flac/LA_D_5010817.flac,6
/data/DATASETS/ASV_Spoof_2019_LA/ASVspoof2019_LA_train/flac/LA_T_5392889.flac,6
/data/DATASETS/ASV_Spoof_2019_LA/ASVspoof2019_LA_train/flac/LA_T_9115744.flac,6
/data/DATASETS/ASV_Spoof_2019_LA/ASVspoof2019_LA_train/flac/LA_T_3819369.flac,6
/data/DATASETS/ASV_Spoof_2019_LA/ASVspoof2019_LA_train/flac/LA_T_9902063.flac,6
/data/DATASETS/ASV_Spoof_2019_LA/ASVspoof2019_LA_train/flac/LA_T_8352388.flac,6
/data/DATASETS/ASV_Spoof_2019_LA/ASVspoof2019_LA_train/flac/LA_T_5970580.flac,6
/data/DATASETS/ASV_Spoof_2019_LA/ASVspoof2019_LA_train/flac/LA_T_6241147.flac,6
/data/DATASETS/ASV_Spoof_2019_LA/ASVspoof2019_LA_train/flac/LA_T_1728069.flac,6
/data/DATASETS/ASV_Spoof_2019_LA/ASVspoof2019_LA_dev/flac/LA_D_8563827.flac,6
/data/DATASETS/ASV_Spoof_2019_LA/ASVspoof2019_LA_dev/flac/LA_D_5394100.flac,6
/data/DATASETS/ASV_Spoof_2019_LA/ASVspoof2019_LA_dev/flac/LA_D_3144485.flac,6
/data/DATASETS/ASV_Spoof_2019_LA/ASVspoof2019_LA_dev/flac/LA_D_9635881.flac,6
/data/DATASETS/ASV_Spoof_2019_LA/ASVspoof2019_LA_train/flac/LA_T_9118858.flac,6
/data/DATASETS/ASV_Spoof_2019_LA/ASVspoof2019_LA_train/flac/LA_T_1624370.flac,6
/data/DATASETS/ASV_Spoof_2019_LA/ASVspoof2019_LA_train/flac/LA_T_3349877.flac,6
/data/DATASETS/ASV_Spoof_2019_LA/ASVspoof2019_LA_train/flac/LA_T_7715241.flac,6
/data/DATASETS/ASV_Spoof_2019_LA/ASVspoof2019_LA_train/flac/LA_T_1090563.flac,6
/data/DATASETS/ASV_Spoof_2019_LA/ASVspoof2019_LA_dev/flac/LA_D_3952047.flac,6
/data/DATASETS/ASV_Spoof_2019_LA/ASVspoof2019_LA_dev/flac/LA_D_7763354.flac,6
/data/DATASETS/ASV_Spoof_2019_LA/ASVspoof2019_LA_dev/flac/LA_D_7853660.flac,6
/data/DATASETS/ASV_Spoof_2019_LA/ASVspoof2019_LA_train/flac/LA_T_7787525.flac,6
/data/DATASETS/ASV_Spoof_2019_LA/ASVspoof2019_LA_dev/flac/LA_D_2540485.flac,6
/data/DATASETS/ASV_Spoof_2019_LA/ASVspoof2019_LA_dev/flac/LA_D_9099044.flac,6
/data/DATASETS/ASV_Spoof_2019_LA/ASVspoof2019_LA_train/flac/LA_T_7032978.flac,6
/data/DATASETS/ASV_Spoof_2019_LA/ASVspoof2019_LA_dev/flac/LA_D_9001681.flac,6
/data/DATASETS/ASV_Spoof_2019_LA/ASVspoof2019_LA_train/flac/LA_T_3073274.flac,6
/data/DATASETS/ASV_Spoof_2019_LA/ASVspoof2019_LA_dev/flac/LA_D_3722549.flac,6
/data/DATASETS/ASV_Spoof_2019_LA/ASVspoof2019_LA_dev/flac/LA_D_3349453.flac,6
/data/DATASETS/ASV_Spoof_2019_LA/ASVspoof2019_LA_dev/flac/LA_D_6499728.flac,6
/data/DATASETS/ASV_Spoof_2019_LA/ASVspoof2019_LA_dev/flac/LA_D_2923622.flac,6
/data/DATASETS/ASV_Spoof_2019_LA/ASVspoof2019_LA_dev/flac/LA_D_5612664.flac,6
/data/DATASETS/ASV_Spoof_2019_LA/ASVspoof2019_LA_train/flac/LA_T_5099117.flac,6
/data/DATASETS/ASV_Spoof_2019_LA/ASVspoof2019_LA_dev/flac/LA_D_7219959.flac,6
/data/DATASETS/ASV_Spoof_2019_LA/ASVspoof2019_LA_dev/flac/LA_D_3418140.flac,6
/data/DATASETS/ASV_Spoof_2019_LA/ASVspoof2019_LA_train/flac/LA_T_7766390.flac,6
/data/DATASETS/ASV_Spoof_2019_LA/ASVspoof2019_LA_train/flac/LA_T_7122952.flac,6
/data/DATASETS/ASV_Spoof_2019_LA/ASVspoof2019_LA_train/flac/LA_T_8508253.flac,6
/data/DATASETS/ASV_Spoof_2019_LA/ASVspoof2019_LA_dev/flac/LA_D_6233911.flac,6
/data/DATASETS/ASV_Spoof_2019_LA/ASVspoof2019_LA_dev/flac/LA_D_6906302.flac,6
/data/DATASETS/ASV_Spoof_2019_LA/ASVspoof2019_LA_train/flac/LA_T_5828704.flac,6
/data/DATASETS/ASV_Spoof_2019_LA/ASVspoof2019_LA_dev/flac/LA_D_8169547.flac,6
/data/DATASETS/ASV_Spoof_2019_LA/ASVspoof2019_LA_train/flac/LA_T_5067755.flac,6
/data/DATASETS/ASV_Spoof_2019_LA/ASVspoof2019_LA_train/flac/LA_T_6625610.flac,6
/data/DATASETS/ASV_Spoof_2019_LA/ASVspoof2019_LA_train/flac/LA_T_7920679.flac,6
/data/DATASETS/ASV_Spoof_2019_LA/ASVspoof2019_LA_dev/flac/LA_D_7120378.flac,6
/data/DATASETS/ASV_Spoof_2019_LA/ASVspoof2019_LA_train/flac/LA_T_3511602.flac,6
/data/DATASETS/ASV_Spoof_2019_LA/ASVspoof2019_LA_dev/flac/LA_D_2543157.flac,6
/data/DATASETS/ASV_Spoof_2019_LA/ASVspoof2019_LA_dev/flac/LA_D_1952062.flac,6
/data/DATASETS/ASV_Spoof_2019_LA/ASVspoof2019_LA_train/flac/LA_T_1300278.flac,6
/data/DATASETS/ASV_Spoof_2019_LA/ASVspoof2019_LA_train/flac/LA_T_2638171.flac,6
/data/DATASETS/ASV_Spoof_2019_LA/ASVspoof2019_LA_train/flac/LA_T_4251187.flac,6
/data/DATASETS/ASV_Spoof_2019_LA/ASVspoof2019_LA_train/flac/LA_T_5344328.flac,6
/data/DATASETS/ASV_Spoof_2019_LA/ASVspoof2019_LA_dev/flac/LA_D_2661288.flac,6
/data/DATASETS/ASV_Spoof_2019_LA/ASVspoof2019_LA_dev/flac/LA_D_8588291.flac,6
/data/DATASETS/ASV_Spoof_2019_LA/ASVspoof2019_LA_dev/flac/LA_D_1385978.flac,6
/data/DATASETS/ASV_Spoof_2019_LA/ASVspoof2019_LA_dev/flac/LA_D_4678507.flac,6
/data/DATASETS/ASV_Spoof_2019_LA/ASVspoof2019_LA_train/flac/LA_T_6161064.flac,6
/data/DATASETS/ASV_Spoof_2019_LA/ASVspoof2019_LA_train/flac/LA_T_7376986.flac,6
/data/DATASETS/ASV_Spoof_2019_LA/ASVspoof2019_LA_dev/flac/LA_D_4845159.flac,6
/data/DATASETS/ASV_Spoof_2019_LA/ASVspoof2019_LA_train/flac/LA_T_8310691.flac,6
/data/DATASETS/ASV_Spoof_2019_LA/ASVspoof2019_LA_dev/flac/LA_D_2160549.flac,6
/data/DATASETS/ASV_Spoof_2019_LA/ASVspoof2019_LA_train/flac/LA_T_1460207.flac,6
/data/DATASETS/ASV_Spoof_2019_LA/ASVspoof2019_LA_dev/flac/LA_D_7986122.flac,6
/data/DATASETS/ASV_Spoof_2019_LA/ASVspoof2019_LA_train/flac/LA_T_6797729.flac,6
/data/DATASETS/ASV_Spoof_2019_LA/ASVspoof2019_LA_train/flac/LA_T_6922067.flac,6
/data/DATASETS/ASV_Spoof_2019_LA/ASVspoof2019_LA_train/flac/LA_T_8841351.flac,6
/data/DATASETS/ASV_Spoof_2019_LA/ASVspoof2019_LA_train/flac/LA_T_5455299.flac,6
/data/DATASETS/ASV_Spoof_2019_LA/ASVspoof2019_LA_train/flac/LA_T_7010527.flac,6
/data/DATASETS/ASV_Spoof_2019_LA/ASVspoof2019_LA_dev/flac/LA_D_1032020.flac,6
/data/DATASETS/ASV_Spoof_2019_LA/ASVspoof2019_LA_dev/flac/LA_D_4659648.flac,6
/data/DATASETS/ASV_Spoof_2019_LA/ASVspoof2019_LA_train/flac/LA_T_5417053.flac,6
/data/DATASETS/ASV_Spoof_2019_LA/ASVspoof2019_LA_dev/flac/LA_D_1014431.flac,6
/data/DATASETS/ASV_Spoof_2019_LA/ASVspoof2019_LA_dev/flac/LA_D_7918457.flac,6
/data/DATASETS/ASV_Spoof_2019_LA/ASVspoof2019_LA_dev/flac/LA_D_1425279.flac,6
/data/DATASETS/ASV_Spoof_2019_LA/ASVspoof2019_LA_dev/flac/LA_D_9954765.flac,6
/data/DATASETS/ASV_Spoof_2019_LA/ASVspoof2019_LA_train/flac/LA_T_1968082.flac,6
/data/DATASETS/ASV_Spoof_2019_LA/ASVspoof2019_LA_train/flac/LA_T_6160177.flac,6
/data/DATASETS/ASV_Spoof_2019_LA/ASVspoof2019_LA_train/flac/LA_T_8359898.flac,6
/data/DATASETS/ASV_Spoof_2019_LA/ASVspoof2019_LA_dev/flac/LA_D_9934126.flac,6
/data/DATASETS/ASV_Spoof_2019_LA/ASVspoof2019_LA_train/flac/LA_T_7696184.flac,6
/data/DATASETS/ASV_Spoof_2019_LA/ASVspoof2019_LA_train/flac/LA_T_1145741.flac,6
/data/DATASETS/ASV_Spoof_2019_LA/ASVspoof2019_LA_dev/flac/LA_D_5671651.flac,6
/data/DATASETS/ASV_Spoof_2019_LA/ASVspoof2019_LA_train/flac/LA_T_8622519.flac,6
/data/DATASETS/ASV_Spoof_2019_LA/ASVspoof2019_LA_train/flac/LA_T_7861937.flac,6
/data/DATASETS/ASV_Spoof_2019_LA/ASVspoof2019_LA_dev/flac/LA_D_4122059.flac,6
/data/DATASETS/ASV_Spoof_2019_LA/ASVspoof2019_LA_dev/flac/LA_D_3090466.flac,6
/data/DATASETS/ASV_Spoof_2019_LA/ASVspoof2019_LA_train/flac/LA_T_2859555.flac,6
/data/DATASETS/ASV_Spoof_2019_LA/ASVspoof2019_LA_dev/flac/LA_D_6098242.flac,6
/data/DATASETS/ASV_Spoof_2019_LA/ASVspoof2019_LA_dev/flac/LA_D_4987070.flac,6
/data/DATASETS/ASV_Spoof_2019_LA/ASVspoof2019_LA_dev/flac/LA_D_9259569.flac,6
/data/DATASETS/ASV_Spoof_2019_LA/ASVspoof2019_LA_dev/flac/LA_D_7338005.flac,6
/data/DATASETS/ASV_Spoof_2019_LA/ASVspoof2019_LA_train/flac/LA_T_1792567.flac,6
/data/DATASETS/ASV_Spoof_2019_LA/ASVspoof2019_LA_dev/flac/LA_D_8937760.flac,6
/data/DATASETS/ASV_Spoof_2019_LA/ASVspoof2019_LA_train/flac/LA_T_7564556.flac,6
/data/DATASETS/ASV_Spoof_2019_LA/ASVspoof2019_LA_train/flac/LA_T_3904570.flac,6
/data/DATASETS/ASV_Spoof_2019_LA/ASVspoof2019_LA_train/flac/LA_T_7309038.flac,6
/data/DATASETS/ASV_Spoof_2019_LA/ASVspoof2019_LA_train/flac/LA_T_9308084.flac,6
/data/DATASETS/ASV_Spoof_2019_LA/ASVspoof2019_LA_train/flac/LA_T_1648019.flac,6
/data/DATASETS/ASV_Spoof_2019_LA/ASVspoof2019_LA_train/flac/LA_T_5735312.flac,6
/data/DATASETS/ASV_Spoof_2019_LA/ASVspoof2019_LA_dev/flac/LA_D_2421665.flac,6
/data/DATASETS/ASV_Spoof_2019_LA/ASVspoof2019_LA_train/flac/LA_T_5706682.flac,6
/data/DATASETS/ASV_Spoof_2019_LA/ASVspoof2019_LA_train/flac/LA_T_7056246.flac,6
/data/DATASETS/ASV_Spoof_2019_LA/ASVspoof2019_LA_train/flac/LA_T_8529509.flac,6
/data/DATASETS/ASV_Spoof_2019_LA/ASVspoof2019_LA_train/flac/LA_T_2123503.flac,6
/data/DATASETS/ASV_Spoof_2019_LA/ASVspoof2019_LA_dev/flac/LA_D_3835778.flac,6
/data/DATASETS/ASV_Spoof_2019_LA/ASVspoof2019_LA_dev/flac/LA_D_1297021.flac,6
/data/DATASETS/ASV_Spoof_2019_LA/ASVspoof2019_LA_dev/flac/LA_D_7765561.flac,6
/data/DATASETS/ASV_Spoof_2019_LA/ASVspoof2019_LA_dev/flac/LA_D_9797194.flac,6
/data/DATASETS/ASV_Spoof_2019_LA/ASVspoof2019_LA_dev/flac/LA_D_2550999.flac,6
/data/DATASETS/ASV_Spoof_2019_LA/ASVspoof2019_LA_dev/flac/LA_D_2185899.flac,6
/data/DATASETS/ASV_Spoof_2019_LA/ASVspoof2019_LA_dev/flac/LA_D_2402304.flac,6
/data/DATASETS/ASV_Spoof_2019_LA/ASVspoof2019_LA_train/flac/LA_T_6010560.flac,6
/data/DATASETS/ASV_Spoof_2019_LA/ASVspoof2019_LA_dev/flac/LA_D_8368027.flac,6
/data/DATASETS/ASV_Spoof_2019_LA/ASVspoof2019_LA_train/flac/LA_T_9876624.flac,6
/data/DATASETS/ASV_Spoof_2019_LA/ASVspoof2019_LA_train/flac/LA_T_3240535.flac,6
/data/DATASETS/ASV_Spoof_2019_LA/ASVspoof2019_LA_train/flac/LA_T_2226958.flac,6
/data/DATASETS/ASV_Spoof_2019_LA/ASVspoof2019_LA_train/flac/LA_T_7059475.flac,6
/data/DATASETS/ASV_Spoof_2019_LA/ASVspoof2019_LA_train/flac/LA_T_1779927.flac,6
/data/DATASETS/ASV_Spoof_2019_LA/ASVspoof2019_LA_train/flac/LA_T_2282510.flac,6
/data/DATASETS/ASV_Spoof_2019_LA/ASVspoof2019_LA_dev/flac/LA_D_4162885.flac,6
/data/DATASETS/ASV_Spoof_2019_LA/ASVspoof2019_LA_train/flac/LA_T_5475244.flac,6
/data/DATASETS/ASV_Spoof_2019_LA/ASVspoof2019_LA_train/flac/LA_T_3326365.flac,6
/data/DATASETS/ASV_Spoof_2019_LA/ASVspoof2019_LA_train/flac/LA_T_3527939.flac,6
/data/DATASETS/ASV_Spoof_2019_LA/ASVspoof2019_LA_train/flac/LA_T_3979823.flac,6
/data/DATASETS/ASV_Spoof_2019_LA/ASVspoof2019_LA_train/flac/LA_T_2191824.flac,6
/data/DATASETS/ASV_Spoof_2019_LA/ASVspoof2019_LA_dev/flac/LA_D_5178700.flac,6
/data/DATASETS/ASV_Spoof_2019_LA/ASVspoof2019_LA_dev/flac/LA_D_4626453.flac,6
/data/DATASETS/ASV_Spoof_2019_LA/ASVspoof2019_LA_train/flac/LA_T_3939359.flac,6
/data/DATASETS/ASV_Spoof_2019_LA/ASVspoof2019_LA_train/flac/LA_T_7459552.flac,6
/data/DATASETS/ASV_Spoof_2019_LA/ASVspoof2019_LA_dev/flac/LA_D_1551180.flac,6
/data/DATASETS/ASV_Spoof_2019_LA/ASVspoof2019_LA_dev/flac/LA_D_4703784.flac,6
/data/DATASETS/ASV_Spoof_2019_LA/ASVspoof2019_LA_train/flac/LA_T_1251151.flac,6
/data/DATASETS/ASV_Spoof_2019_LA/ASVspoof2019_LA_train/flac/LA_T_1825051.flac,6
/data/DATASETS/ASV_Spoof_2019_LA/ASVspoof2019_LA_train/flac/LA_T_2652346.flac,6
/data/DATASETS/ASV_Spoof_2019_LA/ASVspoof2019_LA_train/flac/LA_T_1578676.flac,6
/data/DATASETS/ASV_Spoof_2019_LA/ASVspoof2019_LA_dev/flac/LA_D_6238446.flac,6
/data/DATASETS/ASV_Spoof_2019_LA/ASVspoof2019_LA_dev/flac/LA_D_4825879.flac,6
/data/DATASETS/ASV_Spoof_2019_LA/ASVspoof2019_LA_dev/flac/LA_D_8091647.flac,6
/data/DATASETS/ASV_Spoof_2019_LA/ASVspoof2019_LA_train/flac/LA_T_4281022.flac,6
/data/DATASETS/ASV_Spoof_2019_LA/ASVspoof2019_LA_train/flac/LA_T_5490522.flac,6
/data/DATASETS/ASV_Spoof_2019_LA/ASVspoof2019_LA_train/flac/LA_T_5035247.flac,6
/data/DATASETS/ASV_Spoof_2019_LA/ASVspoof2019_LA_dev/flac/LA_D_7420382.flac,6
/data/DATASETS/ASV_Spoof_2019_LA/ASVspoof2019_LA_train/flac/LA_T_7412951.flac,6
/data/DATASETS/ASV_Spoof_2019_LA/ASVspoof2019_LA_train/flac/LA_T_6404216.flac,6
/data/DATASETS/ASV_Spoof_2019_LA/ASVspoof2019_LA_dev/flac/LA_D_9302376.flac,6
/data/DATASETS/ASV_Spoof_2019_LA/ASVspoof2019_LA_dev/flac/LA_D_5406274.flac,6
/data/DATASETS/ASV_Spoof_2019_LA/ASVspoof2019_LA_dev/flac/LA_D_8948179.flac,6
/data/DATASETS/ASV_Spoof_2019_LA/ASVspoof2019_LA_dev/flac/LA_D_7150944.flac,6
/data/DATASETS/ASV_Spoof_2019_LA/ASVspoof2019_LA_dev/flac/LA_D_2113565.flac,6
/data/DATASETS/ASV_Spoof_2019_LA/ASVspoof2019_LA_train/flac/LA_T_6795317.flac,6
/data/DATASETS/ASV_Spoof_2019_LA/ASVspoof2019_LA_dev/flac/LA_D_6327399.flac,6
/data/DATASETS/ASV_Spoof_2019_LA/ASVspoof2019_LA_dev/flac/LA_D_6619395.flac,6
/data/DATASETS/ASV_Spoof_2019_LA/ASVspoof2019_LA_train/flac/LA_T_2964944.flac,6
/data/DATASETS/ASV_Spoof_2019_LA/ASVspoof2019_LA_dev/flac/LA_D_2638194.flac,6
/data/DATASETS/ASV_Spoof_2019_LA/ASVspoof2019_LA_dev/flac/LA_D_2649880.flac,6
/data/DATASETS/ASV_Spoof_2019_LA/ASVspoof2019_LA_train/flac/LA_T_2404983.flac,6
/data/DATASETS/ASV_Spoof_2019_LA/ASVspoof2019_LA_train/flac/LA_T_9370024.flac,6
/data/DATASETS/ASV_Spoof_2019_LA/ASVspoof2019_LA_train/flac/LA_T_1336384.flac,6
/data/DATASETS/ASV_Spoof_2019_LA/ASVspoof2019_LA_dev/flac/LA_D_2134167.flac,6
/data/DATASETS/ASV_Spoof_2019_LA/ASVspoof2019_LA_dev/flac/LA_D_5670170.flac,6
/data/DATASETS/ASV_Spoof_2019_LA/ASVspoof2019_LA_dev/flac/LA_D_7411008.flac,6
/data/DATASETS/ASV_Spoof_2019_LA/ASVspoof2019_LA_train/flac/LA_T_1253376.flac,6
/data/DATASETS/ASV_Spoof_2019_LA/ASVspoof2019_LA_train/flac/LA_T_7669687.flac,6
/data/DATASETS/ASV_Spoof_2019_LA/ASVspoof2019_LA_dev/flac/LA_D_2332467.flac,6
/data/DATASETS/ASV_Spoof_2019_LA/ASVspoof2019_LA_dev/flac/LA_D_8911591.flac,6
/data/DATASETS/ASV_Spoof_2019_LA/ASVspoof2019_LA_dev/flac/LA_D_9645223.flac,6
/data/DATASETS/ASV_Spoof_2019_LA/ASVspoof2019_LA_dev/flac/LA_D_4505290.flac,6
/data/DATASETS/ASV_Spoof_2019_LA/ASVspoof2019_LA_train/flac/LA_T_6343463.flac,6
/data/DATASETS/ASV_Spoof_2019_LA/ASVspoof2019_LA_dev/flac/LA_D_7373652.flac,6
/data/DATASETS/ASV_Spoof_2019_LA/ASVspoof2019_LA_train/flac/LA_T_4708736.flac,6
/data/DATASETS/ASV_Spoof_2019_LA/ASVspoof2019_LA_dev/flac/LA_D_2836997.flac,6
/data/DATASETS/ASV_Spoof_2019_LA/ASVspoof2019_LA_train/flac/LA_T_6504867.flac,6
/data/DATASETS/ASV_Spoof_2019_LA/ASVspoof2019_LA_train/flac/LA_T_6522612.flac,6
/data/DATASETS/ASV_Spoof_2019_LA/ASVspoof2019_LA_train/flac/LA_T_2593029.flac,6
/data/DATASETS/ASV_Spoof_2019_LA/ASVspoof2019_LA_train/flac/LA_T_3786631.flac,6
/data/DATASETS/ASV_Spoof_2019_LA/ASVspoof2019_LA_dev/flac/LA_D_7972028.flac,6
/data/DATASETS/ASV_Spoof_2019_LA/ASVspoof2019_LA_dev/flac/LA_D_8897918.flac,6
/data/DATASETS/ASV_Spoof_2019_LA/ASVspoof2019_LA_train/flac/LA_T_7408282.flac,6
/data/DATASETS/ASV_Spoof_2019_LA/ASVspoof2019_LA_train/flac/LA_T_9640177.flac,6
/data/DATASETS/ASV_Spoof_2019_LA/ASVspoof2019_LA_dev/flac/LA_D_4836429.flac,6
/data/DATASETS/ASV_Spoof_2019_LA/ASVspoof2019_LA_dev/flac/LA_D_4693240.flac,6
/data/DATASETS/ASV_Spoof_2019_LA/ASVspoof2019_LA_dev/flac/LA_D_2777169.flac,6
/data/DATASETS/ASV_Spoof_2019_LA/ASVspoof2019_LA_train/flac/LA_T_4080191.flac,6
/data/DATASETS/ASV_Spoof_2019_LA/ASVspoof2019_LA_train/flac/LA_T_1584720.flac,6
/data/DATASETS/ASV_Spoof_2019_LA/ASVspoof2019_LA_train/flac/LA_T_7069376.flac,6
/data/DATASETS/ASV_Spoof_2019_LA/ASVspoof2019_LA_train/flac/LA_T_9832104.flac,6
/data/DATASETS/ASV_Spoof_2019_LA/ASVspoof2019_LA_dev/flac/LA_D_7084497.flac,6
/data/DATASETS/ASV_Spoof_2019_LA/ASVspoof2019_LA_train/flac/LA_T_7886484.flac,6
/data/DATASETS/ASV_Spoof_2019_LA/ASVspoof2019_LA_dev/flac/LA_D_6786099.flac,6
/data/DATASETS/ASV_Spoof_2019_LA/ASVspoof2019_LA_train/flac/LA_T_2222746.flac,6
/data/DATASETS/ASV_Spoof_2019_LA/ASVspoof2019_LA_train/flac/LA_T_5411496.flac,6
/data/DATASETS/ASV_Spoof_2019_LA/ASVspoof2019_LA_train/flac/LA_T_2968212.flac,6
/data/DATASETS/ASV_Spoof_2019_LA/ASVspoof2019_LA_train/flac/LA_T_9480372.flac,6
/data/DATASETS/ASV_Spoof_2019_LA/ASVspoof2019_LA_dev/flac/LA_D_9196271.flac,6
/data/DATASETS/ASV_Spoof_2019_LA/ASVspoof2019_LA_train/flac/LA_T_8854607.flac,6
/data/DATASETS/ASV_Spoof_2019_LA/ASVspoof2019_LA_dev/flac/LA_D_8712541.flac,6
/data/DATASETS/ASV_Spoof_2019_LA/ASVspoof2019_LA_train/flac/LA_T_4004125.flac,6
/data/DATASETS/ASV_Spoof_2019_LA/ASVspoof2019_LA_dev/flac/LA_D_6651726.flac,6
/data/DATASETS/ASV_Spoof_2019_LA/ASVspoof2019_LA_dev/flac/LA_D_3628945.flac,6
/data/DATASETS/ASV_Spoof_2019_LA/ASVspoof2019_LA_train/flac/LA_T_2424001.flac,6
/data/DATASETS/ASV_Spoof_2019_LA/ASVspoof2019_LA_train/flac/LA_T_7056225.flac,6
/data/DATASETS/ASV_Spoof_2019_LA/ASVspoof2019_LA_dev/flac/LA_D_2653429.flac,6
/data/DATASETS/ASV_Spoof_2019_LA/ASVspoof2019_LA_train/flac/LA_T_4439548.flac,6
/data/DATASETS/ASV_Spoof_2019_LA/ASVspoof2019_LA_train/flac/LA_T_8185768.flac,6
/data/DATASETS/ASV_Spoof_2019_LA/ASVspoof2019_LA_train/flac/LA_T_5176380.flac,6
/data/DATASETS/ASV_Spoof_2019_LA/ASVspoof2019_LA_dev/flac/LA_D_1953828.flac,6
/data/DATASETS/ASV_Spoof_2019_LA/ASVspoof2019_LA_dev/flac/LA_D_9198202.flac,6
/data/DATASETS/ASV_Spoof_2019_LA/ASVspoof2019_LA_dev/flac/LA_D_4951186.flac,6
/data/DATASETS/ASV_Spoof_2019_LA/ASVspoof2019_LA_train/flac/LA_T_6837574.flac,6
/data/DATASETS/ASV_Spoof_2019_LA/ASVspoof2019_LA_dev/flac/LA_D_4360635.flac,6
/data/DATASETS/ASV_Spoof_2019_LA/ASVspoof2019_LA_dev/flac/LA_D_4198062.flac,6
/data/DATASETS/ASV_Spoof_2019_LA/ASVspoof2019_LA_dev/flac/LA_D_3618771.flac,6
/data/DATASETS/ASV_Spoof_2019_LA/ASVspoof2019_LA_dev/flac/LA_D_6093640.flac,6
/data/DATASETS/ASV_Spoof_2019_LA/ASVspoof2019_LA_dev/flac/LA_D_6685036.flac,6
/data/DATASETS/ASV_Spoof_2019_LA/ASVspoof2019_LA_dev/flac/LA_D_1609660.flac,6
/data/DATASETS/ASV_Spoof_2019_LA/ASVspoof2019_LA_train/flac/LA_T_9527593.flac,6
/data/DATASETS/ASV_Spoof_2019_LA/ASVspoof2019_LA_train/flac/LA_T_4996800.flac,6
/data/DATASETS/ASV_Spoof_2019_LA/ASVspoof2019_LA_dev/flac/LA_D_4218588.flac,6
/data/DATASETS/ASV_Spoof_2019_LA/ASVspoof2019_LA_dev/flac/LA_D_2926373.flac,6
/data/DATASETS/ASV_Spoof_2019_LA/ASVspoof2019_LA_train/flac/LA_T_7002651.flac,6
/data/DATASETS/ASV_Spoof_2019_LA/ASVspoof2019_LA_dev/flac/LA_D_7851813.flac,6
/data/DATASETS/ASV_Spoof_2019_LA/ASVspoof2019_LA_dev/flac/LA_D_9605743.flac,6
/data/DATASETS/ASV_Spoof_2019_LA/ASVspoof2019_LA_train/flac/LA_T_2252701.flac,6
/data/DATASETS/ASV_Spoof_2019_LA/ASVspoof2019_LA_dev/flac/LA_D_6165893.flac,6
/data/DATASETS/ASV_Spoof_2019_LA/ASVspoof2019_LA_dev/flac/LA_D_6495668.flac,6
/data/DATASETS/ASV_Spoof_2019_LA/ASVspoof2019_LA_dev/flac/LA_D_1340170.flac,6
/data/DATASETS/ASV_Spoof_2019_LA/ASVspoof2019_LA_dev/flac/LA_D_9192418.flac,6
/data/DATASETS/ASV_Spoof_2019_LA/ASVspoof2019_LA_dev/flac/LA_D_3093534.flac,6
/data/DATASETS/ASV_Spoof_2019_LA/ASVspoof2019_LA_dev/flac/LA_D_5269583.flac,6
/data/DATASETS/ASV_Spoof_2019_LA/ASVspoof2019_LA_train/flac/LA_T_2358618.flac,6
/data/DATASETS/ASV_Spoof_2019_LA/ASVspoof2019_LA_dev/flac/LA_D_3008504.flac,6
/data/DATASETS/ASV_Spoof_2019_LA/ASVspoof2019_LA_dev/flac/LA_D_4562728.flac,6
/data/DATASETS/ASV_Spoof_2019_LA/ASVspoof2019_LA_dev/flac/LA_D_4445174.flac,6
/data/DATASETS/ASV_Spoof_2019_LA/ASVspoof2019_LA_dev/flac/LA_D_8669407.flac,6
/data/DATASETS/ASV_Spoof_2019_LA/ASVspoof2019_LA_train/flac/LA_T_7021231.flac,6
/data/DATASETS/ASV_Spoof_2019_LA/ASVspoof2019_LA_dev/flac/LA_D_1510431.flac,6
/data/DATASETS/ASV_Spoof_2019_LA/ASVspoof2019_LA_dev/flac/LA_D_1960976.flac,6
/data/DATASETS/ASV_Spoof_2019_LA/ASVspoof2019_LA_dev/flac/LA_D_3746495.flac,6
/data/DATASETS/ASV_Spoof_2019_LA/ASVspoof2019_LA_dev/flac/LA_D_2840968.flac,6
/data/DATASETS/ASV_Spoof_2019_LA/ASVspoof2019_LA_train/flac/LA_T_2042078.flac,6
/data/DATASETS/ASV_Spoof_2019_LA/ASVspoof2019_LA_train/flac/LA_T_6973548.flac,6
/data/DATASETS/ASV_Spoof_2019_LA/ASVspoof2019_LA_dev/flac/LA_D_1634721.flac,6
/data/DATASETS/ASV_Spoof_2019_LA/ASVspoof2019_LA_train/flac/LA_T_9958661.flac,6
/data/DATASETS/ASV_Spoof_2019_LA/ASVspoof2019_LA_train/flac/LA_T_6967180.flac,6
/data/DATASETS/ASV_Spoof_2019_LA/ASVspoof2019_LA_dev/flac/LA_D_2736798.flac,6
/data/DATASETS/ASV_Spoof_2019_LA/ASVspoof2019_LA_dev/flac/LA_D_1254187.flac,6
/data/DATASETS/ASV_Spoof_2019_LA/ASVspoof2019_LA_train/flac/LA_T_6942128.flac,6
/data/DATASETS/ASV_Spoof_2019_LA/ASVspoof2019_LA_train/flac/LA_T_5937726.flac,6
/data/DATASETS/ASV_Spoof_2019_LA/ASVspoof2019_LA_dev/flac/LA_D_8504035.flac,6
/data/DATASETS/ASV_Spoof_2019_LA/ASVspoof2019_LA_train/flac/LA_T_4093954.flac,6
/data/DATASETS/ASV_Spoof_2019_LA/ASVspoof2019_LA_dev/flac/LA_D_5714519.flac,6
/data/DATASETS/ASV_Spoof_2019_LA/ASVspoof2019_LA_train/flac/LA_T_4122056.flac,6
/data/DATASETS/ASV_Spoof_2019_LA/ASVspoof2019_LA_train/flac/LA_T_7287749.flac,6
/data/DATASETS/ASV_Spoof_2019_LA/ASVspoof2019_LA_train/flac/LA_T_9124610.flac,6
/data/DATASETS/ASV_Spoof_2019_LA/ASVspoof2019_LA_dev/flac/LA_D_2560049.flac,6
/data/DATASETS/ASV_Spoof_2019_LA/ASVspoof2019_LA_dev/flac/LA_D_8125961.flac,6
/data/DATASETS/ASV_Spoof_2019_LA/ASVspoof2019_LA_train/flac/LA_T_1064484.flac,6
/data/DATASETS/ASV_Spoof_2019_LA/ASVspoof2019_LA_train/flac/LA_T_8262186.flac,6
/data/DATASETS/ASV_Spoof_2019_LA/ASVspoof2019_LA_dev/flac/LA_D_5198588.flac,6
/data/DATASETS/ASV_Spoof_2019_LA/ASVspoof2019_LA_train/flac/LA_T_4956778.flac,6
/data/DATASETS/ASV_Spoof_2019_LA/ASVspoof2019_LA_dev/flac/LA_D_2498703.flac,6
/data/DATASETS/ASV_Spoof_2019_LA/ASVspoof2019_LA_dev/flac/LA_D_8894853.flac,6
/data/DATASETS/ASV_Spoof_2019_LA/ASVspoof2019_LA_dev/flac/LA_D_9790131.flac,6
/data/DATASETS/ASV_Spoof_2019_LA/ASVspoof2019_LA_train/flac/LA_T_4495587.flac,6
/data/DATASETS/ASV_Spoof_2019_LA/ASVspoof2019_LA_train/flac/LA_T_5497974.flac,6
/data/DATASETS/ASV_Spoof_2019_LA/ASVspoof2019_LA_dev/flac/LA_D_4708179.flac,6
/data/DATASETS/ASV_Spoof_2019_LA/ASVspoof2019_LA_dev/flac/LA_D_4134720.flac,6
/data/DATASETS/ASV_Spoof_2019_LA/ASVspoof2019_LA_dev/flac/LA_D_5645161.flac,6
/data/DATASETS/ASV_Spoof_2019_LA/ASVspoof2019_LA_dev/flac/LA_D_2600370.flac,6
/data/DATASETS/ASV_Spoof_2019_LA/ASVspoof2019_LA_train/flac/LA_T_1599783.flac,6
/data/DATASETS/ASV_Spoof_2019_LA/ASVspoof2019_LA_dev/flac/LA_D_5533562.flac,6
/data/DATASETS/ASV_Spoof_2019_LA/ASVspoof2019_LA_dev/flac/LA_D_2300597.flac,6
/data/DATASETS/ASV_Spoof_2019_LA/ASVspoof2019_LA_train/flac/LA_T_5937250.flac,6
/data/DATASETS/ASV_Spoof_2019_LA/ASVspoof2019_LA_dev/flac/LA_D_8464378.flac,6
/data/DATASETS/ASV_Spoof_2019_LA/ASVspoof2019_LA_dev/flac/LA_D_9445466.flac,6
/data/DATASETS/ASV_Spoof_2019_LA/ASVspoof2019_LA_train/flac/LA_T_6151783.flac,6
/data/DATASETS/ASV_Spoof_2019_LA/ASVspoof2019_LA_dev/flac/LA_D_1397130.flac,6
/data/DATASETS/ASV_Spoof_2019_LA/ASVspoof2019_LA_dev/flac/LA_D_5443853.flac,6
/data/DATASETS/ASV_Spoof_2019_LA/ASVspoof2019_LA_dev/flac/LA_D_6837429.flac,6
/data/DATASETS/ASV_Spoof_2019_LA/ASVspoof2019_LA_dev/flac/LA_D_5086481.flac,6
/data/DATASETS/ASV_Spoof_2019_LA/ASVspoof2019_LA_train/flac/LA_T_1876072.flac,6
/data/DATASETS/ASV_Spoof_2019_LA/ASVspoof2019_LA_dev/flac/LA_D_7584788.flac,6
/data/DATASETS/ASV_Spoof_2019_LA/ASVspoof2019_LA_dev/flac/LA_D_9416726.flac,6
/data/DATASETS/ASV_Spoof_2019_LA/ASVspoof2019_LA_dev/flac/LA_D_8323741.flac,6
/data/DATASETS/ASV_Spoof_2019_LA/ASVspoof2019_LA_train/flac/LA_T_1062461.flac,6
/data/DATASETS/ASV_Spoof_2019_LA/ASVspoof2019_LA_train/flac/LA_T_1095420.flac,6
/data/DATASETS/ASV_Spoof_2019_LA/ASVspoof2019_LA_train/flac/LA_T_5702010.flac,6
/data/DATASETS/ASV_Spoof_2019_LA/ASVspoof2019_LA_dev/flac/LA_D_7768185.flac,6
/data/DATASETS/ASV_Spoof_2019_LA/ASVspoof2019_LA_dev/flac/LA_D_1928274.flac,6
/data/DATASETS/ASV_Spoof_2019_LA/ASVspoof2019_LA_dev/flac/LA_D_2290106.flac,6
/data/DATASETS/ASV_Spoof_2019_LA/ASVspoof2019_LA_dev/flac/LA_D_2625129.flac,6
/data/DATASETS/ASV_Spoof_2019_LA/ASVspoof2019_LA_dev/flac/LA_D_2040940.flac,6
/data/DATASETS/ASV_Spoof_2019_LA/ASVspoof2019_LA_train/flac/LA_T_4013431.flac,6
/data/DATASETS/ASV_Spoof_2019_LA/ASVspoof2019_LA_dev/flac/LA_D_5231854.flac,6
/data/DATASETS/ASV_Spoof_2019_LA/ASVspoof2019_LA_dev/flac/LA_D_2707241.flac,6
/data/DATASETS/ASV_Spoof_2019_LA/ASVspoof2019_LA_dev/flac/LA_D_9767258.flac,6
/data/DATASETS/ASV_Spoof_2019_LA/ASVspoof2019_LA_dev/flac/LA_D_4014725.flac,6
/data/DATASETS/ASV_Spoof_2019_LA/ASVspoof2019_LA_train/flac/LA_T_9444693.flac,6
/data/DATASETS/ASV_Spoof_2019_LA/ASVspoof2019_LA_dev/flac/LA_D_2349609.flac,6
/data/DATASETS/ASV_Spoof_2019_LA/ASVspoof2019_LA_train/flac/LA_T_9493291.flac,6
/data/DATASETS/ASV_Spoof_2019_LA/ASVspoof2019_LA_train/flac/LA_T_4995276.flac,6
/data/DATASETS/ASV_Spoof_2019_LA/ASVspoof2019_LA_dev/flac/LA_D_1767206.flac,6
/data/DATASETS/ASV_Spoof_2019_LA/ASVspoof2019_LA_dev/flac/LA_D_1501230.flac,6
/data/DATASETS/ASV_Spoof_2019_LA/ASVspoof2019_LA_train/flac/LA_T_4882930.flac,6
/data/DATASETS/ASV_Spoof_2019_LA/ASVspoof2019_LA_train/flac/LA_T_5217297.flac,6
/data/DATASETS/ASV_Spoof_2019_LA/ASVspoof2019_LA_dev/flac/LA_D_4739739.flac,6
/data/DATASETS/ASV_Spoof_2019_LA/ASVspoof2019_LA_train/flac/LA_T_2209468.flac,6
/data/DATASETS/ASV_Spoof_2019_LA/ASVspoof2019_LA_train/flac/LA_T_4980163.flac,6
/data/DATASETS/ASV_Spoof_2019_LA/ASVspoof2019_LA_train/flac/LA_T_6606975.flac,6
/data/DATASETS/ASV_Spoof_2019_LA/ASVspoof2019_LA_dev/flac/LA_D_9594600.flac,6
/data/DATASETS/ASV_Spoof_2019_LA/ASVspoof2019_LA_dev/flac/LA_D_6840245.flac,6
/data/DATASETS/ASV_Spoof_2019_LA/ASVspoof2019_LA_dev/flac/LA_D_7052077.flac,6
/data/DATASETS/ASV_Spoof_2019_LA/ASVspoof2019_LA_dev/flac/LA_D_3525710.flac,6
/data/DATASETS/ASV_Spoof_2019_LA/ASVspoof2019_LA_dev/flac/LA_D_8608509.flac,6
/data/DATASETS/ASV_Spoof_2019_LA/ASVspoof2019_LA_dev/flac/LA_D_1657707.flac,6
/data/DATASETS/ASV_Spoof_2019_LA/ASVspoof2019_LA_train/flac/LA_T_2449288.flac,6
/data/DATASETS/ASV_Spoof_2019_LA/ASVspoof2019_LA_dev/flac/LA_D_1884089.flac,6
/data/DATASETS/ASV_Spoof_2019_LA/ASVspoof2019_LA_dev/flac/LA_D_7636473.flac,6
/data/DATASETS/ASV_Spoof_2019_LA/ASVspoof2019_LA_train/flac/LA_T_8013182.flac,6
/data/DATASETS/ASV_Spoof_2019_LA/ASVspoof2019_LA_train/flac/LA_T_1808001.flac,6
/data/DATASETS/ASV_Spoof_2019_LA/ASVspoof2019_LA_train/flac/LA_T_7353244.flac,6
/data/DATASETS/ASV_Spoof_2019_LA/ASVspoof2019_LA_dev/flac/LA_D_6718854.flac,6
/data/DATASETS/ASV_Spoof_2019_LA/ASVspoof2019_LA_dev/flac/LA_D_5549592.flac,6
/data/DATASETS/ASV_Spoof_2019_LA/ASVspoof2019_LA_train/flac/LA_T_8203024.flac,6
/data/DATASETS/ASV_Spoof_2019_LA/ASVspoof2019_LA_dev/flac/LA_D_4466315.flac,6
/data/DATASETS/ASV_Spoof_2019_LA/ASVspoof2019_LA_dev/flac/LA_D_5296528.flac,6
/data/DATASETS/ASV_Spoof_2019_LA/ASVspoof2019_LA_dev/flac/LA_D_3478947.flac,6
/data/DATASETS/ASV_Spoof_2019_LA/ASVspoof2019_LA_train/flac/LA_T_8128907.flac,6
/data/DATASETS/ASV_Spoof_2019_LA/ASVspoof2019_LA_dev/flac/LA_D_9036585.flac,6
/data/DATASETS/ASV_Spoof_2019_LA/ASVspoof2019_LA_dev/flac/LA_D_9753113.flac,6
/data/DATASETS/ASV_Spoof_2019_LA/ASVspoof2019_LA_dev/flac/LA_D_8003982.flac,6
/data/DATASETS/ASV_Spoof_2019_LA/ASVspoof2019_LA_train/flac/LA_T_7335517.flac,6
/data/DATASETS/ASV_Spoof_2019_LA/ASVspoof2019_LA_dev/flac/LA_D_5716129.flac,6
/data/DATASETS/ASV_Spoof_2019_LA/ASVspoof2019_LA_train/flac/LA_T_7761307.flac,6
/data/DATASETS/ASV_Spoof_2019_LA/ASVspoof2019_LA_dev/flac/LA_D_7647726.flac,6
/data/DATASETS/ASV_Spoof_2019_LA/ASVspoof2019_LA_dev/flac/LA_D_2483131.flac,6
/data/DATASETS/ASV_Spoof_2019_LA/ASVspoof2019_LA_train/flac/LA_T_4435736.flac,6
/data/DATASETS/ASV_Spoof_2019_LA/ASVspoof2019_LA_dev/flac/LA_D_9257861.flac,6
/data/DATASETS/ASV_Spoof_2019_LA/ASVspoof2019_LA_dev/flac/LA_D_1820438.flac,6
/data/DATASETS/ASV_Spoof_2019_LA/ASVspoof2019_LA_dev/flac/LA_D_2242907.flac,6
/data/DATASETS/ASV_Spoof_2019_LA/ASVspoof2019_LA_train/flac/LA_T_4041370.flac,6
/data/DATASETS/ASV_Spoof_2019_LA/ASVspoof2019_LA_train/flac/LA_T_5382276.flac,6
/data/DATASETS/ASV_Spoof_2019_LA/ASVspoof2019_LA_train/flac/LA_T_6272899.flac,6
/data/DATASETS/ASV_Spoof_2019_LA/ASVspoof2019_LA_train/flac/LA_T_4713729.flac,6
/data/DATASETS/ASV_Spoof_2019_LA/ASVspoof2019_LA_train/flac/LA_T_5005194.flac,6
/data/DATASETS/ASV_Spoof_2019_LA/ASVspoof2019_LA_train/flac/LA_T_8036434.flac,6
/data/DATASETS/ASV_Spoof_2019_LA/ASVspoof2019_LA_dev/flac/LA_D_3081777.flac,6
/data/DATASETS/ASV_Spoof_2019_LA/ASVspoof2019_LA_train/flac/LA_T_9647872.flac,6
/data/DATASETS/ASV_Spoof_2019_LA/ASVspoof2019_LA_train/flac/LA_T_5510836.flac,6
/data/DATASETS/ASV_Spoof_2019_LA/ASVspoof2019_LA_dev/flac/LA_D_5353056.flac,6
/data/DATASETS/ASV_Spoof_2019_LA/ASVspoof2019_LA_train/flac/LA_T_3667123.flac,6
/data/DATASETS/ASV_Spoof_2019_LA/ASVspoof2019_LA_dev/flac/LA_D_4708436.flac,6
/data/DATASETS/ASV_Spoof_2019_LA/ASVspoof2019_LA_dev/flac/LA_D_6948502.flac,6
/data/DATASETS/ASV_Spoof_2019_LA/ASVspoof2019_LA_train/flac/LA_T_1131555.flac,6
/data/DATASETS/ASV_Spoof_2019_LA/ASVspoof2019_LA_dev/flac/LA_D_6199321.flac,6
/data/DATASETS/ASV_Spoof_2019_LA/ASVspoof2019_LA_train/flac/LA_T_2999246.flac,6
/data/DATASETS/ASV_Spoof_2019_LA/ASVspoof2019_LA_train/flac/LA_T_9893966.flac,6
/data/DATASETS/ASV_Spoof_2019_LA/ASVspoof2019_LA_dev/flac/LA_D_7065014.flac,6
/data/DATASETS/ASV_Spoof_2019_LA/ASVspoof2019_LA_train/flac/LA_T_6449287.flac,6
/data/DATASETS/ASV_Spoof_2019_LA/ASVspoof2019_LA_dev/flac/LA_D_7289655.flac,6
/data/DATASETS/ASV_Spoof_2019_LA/ASVspoof2019_LA_dev/flac/LA_D_4895547.flac,6
/data/DATASETS/ASV_Spoof_2019_LA/ASVspoof2019_LA_train/flac/LA_T_8303282.flac,6
/data/DATASETS/ASV_Spoof_2019_LA/ASVspoof2019_LA_train/flac/LA_T_6507572.flac,6
/data/DATASETS/ASV_Spoof_2019_LA/ASVspoof2019_LA_train/flac/LA_T_6399927.flac,6
/data/DATASETS/ASV_Spoof_2019_LA/ASVspoof2019_LA_train/flac/LA_T_8451396.flac,6
/data/DATASETS/ASV_Spoof_2019_LA/ASVspoof2019_LA_dev/flac/LA_D_8612035.flac,6
/data/DATASETS/ASV_Spoof_2019_LA/ASVspoof2019_LA_train/flac/LA_T_1631159.flac,6
/data/DATASETS/ASV_Spoof_2019_LA/ASVspoof2019_LA_train/flac/LA_T_6584011.flac,6
/data/DATASETS/ASV_Spoof_2019_LA/ASVspoof2019_LA_dev/flac/LA_D_6927348.flac,6
/data/DATASETS/ASV_Spoof_2019_LA/ASVspoof2019_LA_dev/flac/LA_D_7357574.flac,6
/data/DATASETS/ASV_Spoof_2019_LA/ASVspoof2019_LA_dev/flac/LA_D_8151945.flac,6
/data/DATASETS/ASV_Spoof_2019_LA/ASVspoof2019_LA_dev/flac/LA_D_6264877.flac,6
/data/DATASETS/ASV_Spoof_2019_LA/ASVspoof2019_LA_train/flac/LA_T_3652176.flac,6
/data/DATASETS/ASV_Spoof_2019_LA/ASVspoof2019_LA_dev/flac/LA_D_4084629.flac,6
/data/DATASETS/ASV_Spoof_2019_LA/ASVspoof2019_LA_dev/flac/LA_D_5409509.flac,6
/data/DATASETS/ASV_Spoof_2019_LA/ASVspoof2019_LA_dev/flac/LA_D_2729373.flac,6
/data/DATASETS/ASV_Spoof_2019_LA/ASVspoof2019_LA_dev/flac/LA_D_1211866.flac,6
/data/DATASETS/ASV_Spoof_2019_LA/ASVspoof2019_LA_train/flac/LA_T_1480610.flac,6
/data/DATASETS/ASV_Spoof_2019_LA/ASVspoof2019_LA_train/flac/LA_T_6734483.flac,6
/data/DATASETS/ASV_Spoof_2019_LA/ASVspoof2019_LA_dev/flac/LA_D_6161483.flac,6
/data/DATASETS/ASV_Spoof_2019_LA/ASVspoof2019_LA_train/flac/LA_T_4406315.flac,6
/data/DATASETS/ASV_Spoof_2019_LA/ASVspoof2019_LA_train/flac/LA_T_4782283.flac,6
/data/DATASETS/ASV_Spoof_2019_LA/ASVspoof2019_LA_train/flac/LA_T_8743791.flac,6
/data/DATASETS/ASV_Spoof_2019_LA/ASVspoof2019_LA_train/flac/LA_T_2825832.flac,6
/data/DATASETS/ASV_Spoof_2019_LA/ASVspoof2019_LA_train/flac/LA_T_9708297.flac,6
/data/DATASETS/ASV_Spoof_2019_LA/ASVspoof2019_LA_train/flac/LA_T_4570150.flac,6
/data/DATASETS/ASV_Spoof_2019_LA/ASVspoof2019_LA_train/flac/LA_T_1749196.flac,6
/data/DATASETS/ASV_Spoof_2019_LA/ASVspoof2019_LA_dev/flac/LA_D_2431857.flac,6
/data/DATASETS/ASV_Spoof_2019_LA/ASVspoof2019_LA_train/flac/LA_T_9965999.flac,6
/data/DATASETS/ASV_Spoof_2019_LA/ASVspoof2019_LA_dev/flac/LA_D_5769309.flac,6
/data/DATASETS/ASV_Spoof_2019_LA/ASVspoof2019_LA_train/flac/LA_T_6899442.flac,6
/data/DATASETS/ASV_Spoof_2019_LA/ASVspoof2019_LA_train/flac/LA_T_5039658.flac,6
/data/DATASETS/ASV_Spoof_2019_LA/ASVspoof2019_LA_dev/flac/LA_D_9982535.flac,6
/data/DATASETS/ASV_Spoof_2019_LA/ASVspoof2019_LA_dev/flac/LA_D_3229923.flac,6
/data/DATASETS/ASV_Spoof_2019_LA/ASVspoof2019_LA_train/flac/LA_T_4790964.flac,6
/data/DATASETS/ASV_Spoof_2019_LA/ASVspoof2019_LA_dev/flac/LA_D_6210344.flac,6
/data/DATASETS/ASV_Spoof_2019_LA/ASVspoof2019_LA_dev/flac/LA_D_2899972.flac,6
/data/DATASETS/ASV_Spoof_2019_LA/ASVspoof2019_LA_dev/flac/LA_D_4893594.flac,6
/data/DATASETS/ASV_Spoof_2019_LA/ASVspoof2019_LA_dev/flac/LA_D_9718269.flac,6
/data/DATASETS/ASV_Spoof_2019_LA/ASVspoof2019_LA_train/flac/LA_T_2500585.flac,6
/data/DATASETS/ASV_Spoof_2019_LA/ASVspoof2019_LA_train/flac/LA_T_6617822.flac,6
/data/DATASETS/ASV_Spoof_2019_LA/ASVspoof2019_LA_train/flac/LA_T_1372981.flac,6
/data/DATASETS/ASV_Spoof_2019_LA/ASVspoof2019_LA_train/flac/LA_T_7817167.flac,6
/data/DATASETS/ASV_Spoof_2019_LA/ASVspoof2019_LA_train/flac/LA_T_5041582.flac,6
/data/DATASETS/ASV_Spoof_2019_LA/ASVspoof2019_LA_dev/flac/LA_D_7350559.flac,6
/data/DATASETS/ASV_Spoof_2019_LA/ASVspoof2019_LA_train/flac/LA_T_2552121.flac,6
/data/DATASETS/ASV_Spoof_2019_LA/ASVspoof2019_LA_train/flac/LA_T_8339669.flac,6
/data/DATASETS/ASV_Spoof_2019_LA/ASVspoof2019_LA_dev/flac/LA_D_2033572.flac,6
/data/DATASETS/ASV_Spoof_2019_LA/ASVspoof2019_LA_dev/flac/LA_D_4804886.flac,6
/data/DATASETS/ASV_Spoof_2019_LA/ASVspoof2019_LA_dev/flac/LA_D_5477295.flac,6
/data/DATASETS/ASV_Spoof_2019_LA/ASVspoof2019_LA_dev/flac/LA_D_1750812.flac,6
/data/DATASETS/ASV_Spoof_2019_LA/ASVspoof2019_LA_dev/flac/LA_D_9914468.flac,6
/data/DATASETS/ASV_Spoof_2019_LA/ASVspoof2019_LA_dev/flac/LA_D_2214214.flac,6
/data/DATASETS/ASV_Spoof_2019_LA/ASVspoof2019_LA_train/flac/LA_T_9508613.flac,6
/data/DATASETS/ASV_Spoof_2019_LA/ASVspoof2019_LA_dev/flac/LA_D_3720743.flac,6
/data/DATASETS/ASV_Spoof_2019_LA/ASVspoof2019_LA_train/flac/LA_T_6316539.flac,6
/data/DATASETS/ASV_Spoof_2019_LA/ASVspoof2019_LA_dev/flac/LA_D_1250618.flac,6
/data/DATASETS/ASV_Spoof_2019_LA/ASVspoof2019_LA_train/flac/LA_T_3410262.flac,6
/data/DATASETS/ASV_Spoof_2019_LA/ASVspoof2019_LA_dev/flac/LA_D_4063751.flac,6
/data/DATASETS/ASV_Spoof_2019_LA/ASVspoof2019_LA_dev/flac/LA_D_6692719.flac,6
/data/DATASETS/ASV_Spoof_2019_LA/ASVspoof2019_LA_dev/flac/LA_D_5638733.flac,6
/data/DATASETS/ASV_Spoof_2019_LA/ASVspoof2019_LA_train/flac/LA_T_8728304.flac,6
/data/DATASETS/ASV_Spoof_2019_LA/ASVspoof2019_LA_dev/flac/LA_D_2973882.flac,6
/data/DATASETS/ASV_Spoof_2019_LA/ASVspoof2019_LA_train/flac/LA_T_7967281.flac,6
/data/DATASETS/ASV_Spoof_2019_LA/ASVspoof2019_LA_train/flac/LA_T_3147215.flac,6
/data/DATASETS/ASV_Spoof_2019_LA/ASVspoof2019_LA_dev/flac/LA_D_3153050.flac,6
/data/DATASETS/ASV_Spoof_2019_LA/ASVspoof2019_LA_dev/flac/LA_D_3459378.flac,6
/data/DATASETS/ASV_Spoof_2019_LA/ASVspoof2019_LA_dev/flac/LA_D_5962786.flac,6
/data/DATASETS/ASV_Spoof_2019_LA/ASVspoof2019_LA_dev/flac/LA_D_5297638.flac,6
/data/DATASETS/ASV_Spoof_2019_LA/ASVspoof2019_LA_dev/flac/LA_D_4185000.flac,6
/data/DATASETS/ASV_Spoof_2019_LA/ASVspoof2019_LA_train/flac/LA_T_6667516.flac,6
/data/DATASETS/ASV_Spoof_2019_LA/ASVspoof2019_LA_dev/flac/LA_D_1322448.flac,6
/data/DATASETS/ASV_Spoof_2019_LA/ASVspoof2019_LA_train/flac/LA_T_3947793.flac,6
/data/DATASETS/ASV_Spoof_2019_LA/ASVspoof2019_LA_dev/flac/LA_D_3508879.flac,6
/data/DATASETS/ASV_Spoof_2019_LA/ASVspoof2019_LA_train/flac/LA_T_4585479.flac,6
/data/DATASETS/ASV_Spoof_2019_LA/ASVspoof2019_LA_train/flac/LA_T_8720172.flac,6
/data/DATASETS/ASV_Spoof_2019_LA/ASVspoof2019_LA_dev/flac/LA_D_8217946.flac,6
/data/DATASETS/ASV_Spoof_2019_LA/ASVspoof2019_LA_dev/flac/LA_D_6874404.flac,6
/data/DATASETS/ASV_Spoof_2019_LA/ASVspoof2019_LA_train/flac/LA_T_4007213.flac,6
/data/DATASETS/ASV_Spoof_2019_LA/ASVspoof2019_LA_train/flac/LA_T_7231255.flac,6
/data/DATASETS/ASV_Spoof_2019_LA/ASVspoof2019_LA_dev/flac/LA_D_3788427.flac,6
/data/DATASETS/ASV_Spoof_2019_LA/ASVspoof2019_LA_dev/flac/LA_D_5574945.flac,6
/data/DATASETS/ASV_Spoof_2019_LA/ASVspoof2019_LA_dev/flac/LA_D_2400629.flac,6
/data/DATASETS/ASV_Spoof_2019_LA/ASVspoof2019_LA_dev/flac/LA_D_2649278.flac,6
/data/DATASETS/ASV_Spoof_2019_LA/ASVspoof2019_LA_train/flac/LA_T_9040970.flac,6
/data/DATASETS/ASV_Spoof_2019_LA/ASVspoof2019_LA_dev/flac/LA_D_6271396.flac,6
/data/DATASETS/ASV_Spoof_2019_LA/ASVspoof2019_LA_train/flac/LA_T_7287182.flac,6
/data/DATASETS/ASV_Spoof_2019_LA/ASVspoof2019_LA_dev/flac/LA_D_5305086.flac,6
/data/DATASETS/ASV_Spoof_2019_LA/ASVspoof2019_LA_dev/flac/LA_D_6876959.flac,6
/data/DATASETS/ASV_Spoof_2019_LA/ASVspoof2019_LA_train/flac/LA_T_5822493.flac,6
/data/DATASETS/ASV_Spoof_2019_LA/ASVspoof2019_LA_dev/flac/LA_D_2265031.flac,6
/data/DATASETS/ASV_Spoof_2019_LA/ASVspoof2019_LA_train/flac/LA_T_7440362.flac,6
/data/DATASETS/ASV_Spoof_2019_LA/ASVspoof2019_LA_dev/flac/LA_D_6261206.flac,6
/data/DATASETS/ASV_Spoof_2019_LA/ASVspoof2019_LA_dev/flac/LA_D_8613692.flac,6
/data/DATASETS/ASV_Spoof_2019_LA/ASVspoof2019_LA_dev/flac/LA_D_5201039.flac,6
/data/DATASETS/ASV_Spoof_2019_LA/ASVspoof2019_LA_dev/flac/LA_D_4593541.flac,6
/data/DATASETS/ASV_Spoof_2019_LA/ASVspoof2019_LA_train/flac/LA_T_4103020.flac,6
/data/DATASETS/ASV_Spoof_2019_LA/ASVspoof2019_LA_dev/flac/LA_D_9021893.flac,6
/data/DATASETS/ASV_Spoof_2019_LA/ASVspoof2019_LA_dev/flac/LA_D_5070399.flac,6
/data/DATASETS/ASV_Spoof_2019_LA/ASVspoof2019_LA_train/flac/LA_T_8495510.flac,6
/data/DATASETS/ASV_Spoof_2019_LA/ASVspoof2019_LA_dev/flac/LA_D_3006285.flac,6
/data/DATASETS/ASV_Spoof_2019_LA/ASVspoof2019_LA_train/flac/LA_T_2925473.flac,6
/data/DATASETS/ASV_Spoof_2019_LA/ASVspoof2019_LA_dev/flac/LA_D_2084084.flac,6
/data/DATASETS/ASV_Spoof_2019_LA/ASVspoof2019_LA_train/flac/LA_T_3051735.flac,6
/data/DATASETS/ASV_Spoof_2019_LA/ASVspoof2019_LA_train/flac/LA_T_4989309.flac,6
/data/DATASETS/ASV_Spoof_2019_LA/ASVspoof2019_LA_dev/flac/LA_D_7420272.flac,6
/data/DATASETS/ASV_Spoof_2019_LA/ASVspoof2019_LA_train/flac/LA_T_6334499.flac,6
/data/DATASETS/ASV_Spoof_2019_LA/ASVspoof2019_LA_train/flac/LA_T_2711733.flac,6
/data/DATASETS/ASV_Spoof_2019_LA/ASVspoof2019_LA_dev/flac/LA_D_7015244.flac,6
/data/DATASETS/ASV_Spoof_2019_LA/ASVspoof2019_LA_train/flac/LA_T_4091103.flac,6
/data/DATASETS/ASV_Spoof_2019_LA/ASVspoof2019_LA_train/flac/LA_T_8389492.flac,6
/data/DATASETS/ASV_Spoof_2019_LA/ASVspoof2019_LA_dev/flac/LA_D_3422355.flac,6
/data/DATASETS/ASV_Spoof_2019_LA/ASVspoof2019_LA_dev/flac/LA_D_2549993.flac,6
/data/DATASETS/ASV_Spoof_2019_LA/ASVspoof2019_LA_dev/flac/LA_D_6055461.flac,6
/data/DATASETS/ASV_Spoof_2019_LA/ASVspoof2019_LA_train/flac/LA_T_9977541.flac,6
/data/DATASETS/ASV_Spoof_2019_LA/ASVspoof2019_LA_dev/flac/LA_D_7922711.flac,6
/data/DATASETS/ASV_Spoof_2019_LA/ASVspoof2019_LA_dev/flac/LA_D_3691538.flac,6
/data/DATASETS/ASV_Spoof_2019_LA/ASVspoof2019_LA_dev/flac/LA_D_2386712.flac,6
/data/DATASETS/ASV_Spoof_2019_LA/ASVspoof2019_LA_train/flac/LA_T_5586398.flac,6
/data/DATASETS/ASV_Spoof_2019_LA/ASVspoof2019_LA_dev/flac/LA_D_8896845.flac,6
/data/DATASETS/ASV_Spoof_2019_LA/ASVspoof2019_LA_train/flac/LA_T_1889029.flac,6
/data/DATASETS/ASV_Spoof_2019_LA/ASVspoof2019_LA_dev/flac/LA_D_8615709.flac,6
/data/DATASETS/ASV_Spoof_2019_LA/ASVspoof2019_LA_train/flac/LA_T_2684487.flac,6
/data/DATASETS/ASV_Spoof_2019_LA/ASVspoof2019_LA_train/flac/LA_T_3923350.flac,6
/data/DATASETS/ASV_Spoof_2019_LA/ASVspoof2019_LA_train/flac/LA_T_3381196.flac,6
/data/DATASETS/ASV_Spoof_2019_LA/ASVspoof2019_LA_dev/flac/LA_D_6544417.flac,6
/data/DATASETS/ASV_Spoof_2019_LA/ASVspoof2019_LA_dev/flac/LA_D_1058167.flac,6
/data/DATASETS/ASV_Spoof_2019_LA/ASVspoof2019_LA_dev/flac/LA_D_3771602.flac,6
/data/DATASETS/ASV_Spoof_2019_LA/ASVspoof2019_LA_dev/flac/LA_D_7440074.flac,6
/data/DATASETS/ASV_Spoof_2019_LA/ASVspoof2019_LA_dev/flac/LA_D_3983835.flac,6
/data/DATASETS/ASV_Spoof_2019_LA/ASVspoof2019_LA_train/flac/LA_T_4567160.flac,6
/data/DATASETS/ASV_Spoof_2019_LA/ASVspoof2019_LA_dev/flac/LA_D_2331209.flac,6
/data/DATASETS/ASV_Spoof_2019_LA/ASVspoof2019_LA_dev/flac/LA_D_2567965.flac,6
/data/DATASETS/ASV_Spoof_2019_LA/ASVspoof2019_LA_train/flac/LA_T_9858769.flac,6
/data/DATASETS/ASV_Spoof_2019_LA/ASVspoof2019_LA_dev/flac/LA_D_2380135.flac,6
/data/DATASETS/ASV_Spoof_2019_LA/ASVspoof2019_LA_dev/flac/LA_D_5220940.flac,6
/data/DATASETS/ASV_Spoof_2019_LA/ASVspoof2019_LA_dev/flac/LA_D_1416122.flac,6
/data/DATASETS/ASV_Spoof_2019_LA/ASVspoof2019_LA_dev/flac/LA_D_8538474.flac,6
/data/DATASETS/ASV_Spoof_2019_LA/ASVspoof2019_LA_dev/flac/LA_D_5387772.flac,6
/data/DATASETS/ASV_Spoof_2019_LA/ASVspoof2019_LA_train/flac/LA_T_2130881.flac,6
/data/DATASETS/ASV_Spoof_2019_LA/ASVspoof2019_LA_train/flac/LA_T_8596381.flac,6
/data/DATASETS/ASV_Spoof_2019_LA/ASVspoof2019_LA_dev/flac/LA_D_4810605.flac,6
/data/DATASETS/ASV_Spoof_2019_LA/ASVspoof2019_LA_dev/flac/LA_D_6108925.flac,6
/data/DATASETS/ASV_Spoof_2019_LA/ASVspoof2019_LA_dev/flac/LA_D_5168716.flac,6
/data/DATASETS/ASV_Spoof_2019_LA/ASVspoof2019_LA_train/flac/LA_T_7830766.flac,6
/data/DATASETS/ASV_Spoof_2019_LA/ASVspoof2019_LA_dev/flac/LA_D_8818567.flac,6
/data/DATASETS/ASV_Spoof_2019_LA/ASVspoof2019_LA_train/flac/LA_T_1748858.flac,6
/data/DATASETS/ASV_Spoof_2019_LA/ASVspoof2019_LA_train/flac/LA_T_1153987.flac,6
/data/DATASETS/ASV_Spoof_2019_LA/ASVspoof2019_LA_dev/flac/LA_D_1985162.flac,6
/data/DATASETS/ASV_Spoof_2019_LA/ASVspoof2019_LA_train/flac/LA_T_9577378.flac,6
/data/DATASETS/ASV_Spoof_2019_LA/ASVspoof2019_LA_dev/flac/LA_D_9331853.flac,6
/data/DATASETS/ASV_Spoof_2019_LA/ASVspoof2019_LA_train/flac/LA_T_3449287.flac,6
/data/DATASETS/ASV_Spoof_2019_LA/ASVspoof2019_LA_dev/flac/LA_D_2389247.flac,6
/data/DATASETS/ASV_Spoof_2019_LA/ASVspoof2019_LA_train/flac/LA_T_2971373.flac,6
/data/DATASETS/ASV_Spoof_2019_LA/ASVspoof2019_LA_dev/flac/LA_D_9725525.flac,6
/data/DATASETS/ASV_Spoof_2019_LA/ASVspoof2019_LA_train/flac/LA_T_8396588.flac,6
/data/DATASETS/ASV_Spoof_2019_LA/ASVspoof2019_LA_train/flac/LA_T_8192692.flac,6
/data/DATASETS/ASV_Spoof_2019_LA/ASVspoof2019_LA_train/flac/LA_T_5895580.flac,6
/data/DATASETS/ASV_Spoof_2019_LA/ASVspoof2019_LA_train/flac/LA_T_7770152.flac,6
/data/DATASETS/ASV_Spoof_2019_LA/ASVspoof2019_LA_train/flac/LA_T_3033364.flac,6
/data/DATASETS/ASV_Spoof_2019_LA/ASVspoof2019_LA_train/flac/LA_T_4341398.flac,6
/data/DATASETS/ASV_Spoof_2019_LA/ASVspoof2019_LA_train/flac/LA_T_8722909.flac,6
/data/DATASETS/ASV_Spoof_2019_LA/ASVspoof2019_LA_dev/flac/LA_D_8688676.flac,6
/data/DATASETS/ASV_Spoof_2019_LA/ASVspoof2019_LA_train/flac/LA_T_2038174.flac,6
/data/DATASETS/ASV_Spoof_2019_LA/ASVspoof2019_LA_train/flac/LA_T_5947008.flac,6
/data/DATASETS/ASV_Spoof_2019_LA/ASVspoof2019_LA_dev/flac/LA_D_9022440.flac,6
/data/DATASETS/ASV_Spoof_2019_LA/ASVspoof2019_LA_dev/flac/LA_D_2227552.flac,6
/data/DATASETS/ASV_Spoof_2019_LA/ASVspoof2019_LA_train/flac/LA_T_1806367.flac,6
/data/DATASETS/ASV_Spoof_2019_LA/ASVspoof2019_LA_dev/flac/LA_D_8261981.flac,6
/data/DATASETS/ASV_Spoof_2019_LA/ASVspoof2019_LA_dev/flac/LA_D_8966356.flac,6
/data/DATASETS/ASV_Spoof_2019_LA/ASVspoof2019_LA_dev/flac/LA_D_4197706.flac,6
/data/DATASETS/ASV_Spoof_2019_LA/ASVspoof2019_LA_train/flac/LA_T_5268876.flac,6
/data/DATASETS/ASV_Spoof_2019_LA/ASVspoof2019_LA_dev/flac/LA_D_2434538.flac,6
/data/DATASETS/ASV_Spoof_2019_LA/ASVspoof2019_LA_dev/flac/LA_D_5679192.flac,6
/data/DATASETS/ASV_Spoof_2019_LA/ASVspoof2019_LA_train/flac/LA_T_9153840.flac,6
/data/DATASETS/ASV_Spoof_2019_LA/ASVspoof2019_LA_dev/flac/LA_D_9154948.flac,6
/data/DATASETS/ASV_Spoof_2019_LA/ASVspoof2019_LA_train/flac/LA_T_1318191.flac,6
/data/DATASETS/ASV_Spoof_2019_LA/ASVspoof2019_LA_dev/flac/LA_D_3228741.flac,6
/data/DATASETS/ASV_Spoof_2019_LA/ASVspoof2019_LA_train/flac/LA_T_7471520.flac,6
/data/DATASETS/ASV_Spoof_2019_LA/ASVspoof2019_LA_dev/flac/LA_D_2330610.flac,6
/data/DATASETS/ASV_Spoof_2019_LA/ASVspoof2019_LA_dev/flac/LA_D_3951175.flac,6
/data/DATASETS/ASV_Spoof_2019_LA/ASVspoof2019_LA_train/flac/LA_T_4991128.flac,6
/data/DATASETS/ASV_Spoof_2019_LA/ASVspoof2019_LA_train/flac/LA_T_4399707.flac,6
/data/DATASETS/ASV_Spoof_2019_LA/ASVspoof2019_LA_dev/flac/LA_D_2490787.flac,6
/data/DATASETS/ASV_Spoof_2019_LA/ASVspoof2019_LA_dev/flac/LA_D_6465292.flac,6
/data/DATASETS/ASV_Spoof_2019_LA/ASVspoof2019_LA_train/flac/LA_T_8521513.flac,6
/data/DATASETS/ASV_Spoof_2019_LA/ASVspoof2019_LA_dev/flac/LA_D_5269911.flac,6
/data/DATASETS/ASV_Spoof_2019_LA/ASVspoof2019_LA_train/flac/LA_T_2689197.flac,6
/data/DATASETS/ASV_Spoof_2019_LA/ASVspoof2019_LA_train/flac/LA_T_3242142.flac,6
/data/DATASETS/ASV_Spoof_2019_LA/ASVspoof2019_LA_dev/flac/LA_D_2200669.flac,6
/data/DATASETS/ASV_Spoof_2019_LA/ASVspoof2019_LA_dev/flac/LA_D_7181486.flac,6
/data/DATASETS/ASV_Spoof_2019_LA/ASVspoof2019_LA_train/flac/LA_T_5904110.flac,6
/data/DATASETS/ASV_Spoof_2019_LA/ASVspoof2019_LA_train/flac/LA_T_3203870.flac,6
/data/DATASETS/ASV_Spoof_2019_LA/ASVspoof2019_LA_dev/flac/LA_D_2869838.flac,6
/data/DATASETS/ASV_Spoof_2019_LA/ASVspoof2019_LA_train/flac/LA_T_8306196.flac,6
/data/DATASETS/ASV_Spoof_2019_LA/ASVspoof2019_LA_dev/flac/LA_D_9275774.flac,6
/data/DATASETS/ASV_Spoof_2019_LA/ASVspoof2019_LA_train/flac/LA_T_2864616.flac,6
/data/DATASETS/ASV_Spoof_2019_LA/ASVspoof2019_LA_dev/flac/LA_D_7061416.flac,6
/data/DATASETS/ASV_Spoof_2019_LA/ASVspoof2019_LA_train/flac/LA_T_9506621.flac,6
/data/DATASETS/ASV_Spoof_2019_LA/ASVspoof2019_LA_dev/flac/LA_D_4777058.flac,6
/data/DATASETS/ASV_Spoof_2019_LA/ASVspoof2019_LA_train/flac/LA_T_4494659.flac,6
/data/DATASETS/ASV_Spoof_2019_LA/ASVspoof2019_LA_dev/flac/LA_D_6993130.flac,6
/data/DATASETS/ASV_Spoof_2019_LA/ASVspoof2019_LA_train/flac/LA_T_5350557.flac,6
/data/DATASETS/ASV_Spoof_2019_LA/ASVspoof2019_LA_dev/flac/LA_D_7833173.flac,6
/data/DATASETS/ASV_Spoof_2019_LA/ASVspoof2019_LA_train/flac/LA_T_6704890.flac,6
/data/DATASETS/ASV_Spoof_2019_LA/ASVspoof2019_LA_dev/flac/LA_D_4100618.flac,6
/data/DATASETS/ASV_Spoof_2019_LA/ASVspoof2019_LA_dev/flac/LA_D_3952593.flac,6
/data/DATASETS/ASV_Spoof_2019_LA/ASVspoof2019_LA_dev/flac/LA_D_7418166.flac,6
/data/DATASETS/ASV_Spoof_2019_LA/ASVspoof2019_LA_train/flac/LA_T_2040376.flac,6
/data/DATASETS/ASV_Spoof_2019_LA/ASVspoof2019_LA_dev/flac/LA_D_5004135.flac,6
/data/DATASETS/ASV_Spoof_2019_LA/ASVspoof2019_LA_dev/flac/LA_D_6186073.flac,6
/data/DATASETS/ASV_Spoof_2019_LA/ASVspoof2019_LA_dev/flac/LA_D_3911013.flac,6
/data/DATASETS/ASV_Spoof_2019_LA/ASVspoof2019_LA_dev/flac/LA_D_6290294.flac,6
/data/DATASETS/ASV_Spoof_2019_LA/ASVspoof2019_LA_dev/flac/LA_D_7230301.flac,6
/data/DATASETS/ASV_Spoof_2019_LA/ASVspoof2019_LA_dev/flac/LA_D_4808563.flac,6
/data/DATASETS/ASV_Spoof_2019_LA/ASVspoof2019_LA_dev/flac/LA_D_9335965.flac,6
/data/DATASETS/ASV_Spoof_2019_LA/ASVspoof2019_LA_dev/flac/LA_D_2396603.flac,6
/data/DATASETS/ASV_Spoof_2019_LA/ASVspoof2019_LA_dev/flac/LA_D_8583087.flac,6
/data/DATASETS/ASV_Spoof_2019_LA/ASVspoof2019_LA_train/flac/LA_T_5018353.flac,6
/data/DATASETS/ASV_Spoof_2019_LA/ASVspoof2019_LA_train/flac/LA_T_9209341.flac,6
/data/DATASETS/ASV_Spoof_2019_LA/ASVspoof2019_LA_dev/flac/LA_D_6710971.flac,6
/data/DATASETS/ASV_Spoof_2019_LA/ASVspoof2019_LA_dev/flac/LA_D_6379756.flac,6
/data/DATASETS/ASV_Spoof_2019_LA/ASVspoof2019_LA_train/flac/LA_T_4383629.flac,6
/data/DATASETS/ASV_Spoof_2019_LA/ASVspoof2019_LA_dev/flac/LA_D_7773540.flac,6
/data/DATASETS/ASV_Spoof_2019_LA/ASVspoof2019_LA_dev/flac/LA_D_9929372.flac,6
/data/DATASETS/ASV_Spoof_2019_LA/ASVspoof2019_LA_train/flac/LA_T_4567721.flac,6
/data/DATASETS/ASV_Spoof_2019_LA/ASVspoof2019_LA_train/flac/LA_T_5968742.flac,6
/data/DATASETS/ASV_Spoof_2019_LA/ASVspoof2019_LA_train/flac/LA_T_3240259.flac,6
/data/DATASETS/ASV_Spoof_2019_LA/ASVspoof2019_LA_dev/flac/LA_D_1364429.flac,6
/data/DATASETS/ASV_Spoof_2019_LA/ASVspoof2019_LA_dev/flac/LA_D_4954651.flac,6
/data/DATASETS/ASV_Spoof_2019_LA/ASVspoof2019_LA_dev/flac/LA_D_7422802.flac,6
/data/DATASETS/ASV_Spoof_2019_LA/ASVspoof2019_LA_dev/flac/LA_D_7615760.flac,6
/data/DATASETS/ASV_Spoof_2019_LA/ASVspoof2019_LA_dev/flac/LA_D_9977828.flac,6
/data/DATASETS/ASV_Spoof_2019_LA/ASVspoof2019_LA_dev/flac/LA_D_8717579.flac,6
/data/DATASETS/ASV_Spoof_2019_LA/ASVspoof2019_LA_dev/flac/LA_D_5498403.flac,6
/data/DATASETS/ASV_Spoof_2019_LA/ASVspoof2019_LA_train/flac/LA_T_8345240.flac,6
/data/DATASETS/ASV_Spoof_2019_LA/ASVspoof2019_LA_dev/flac/LA_D_3732635.flac,6
/data/DATASETS/ASV_Spoof_2019_LA/ASVspoof2019_LA_train/flac/LA_T_8074494.flac,6
/data/DATASETS/ASV_Spoof_2019_LA/ASVspoof2019_LA_train/flac/LA_T_8189307.flac,6
/data/DATASETS/ASV_Spoof_2019_LA/ASVspoof2019_LA_train/flac/LA_T_9190762.flac,6
/data/DATASETS/ASV_Spoof_2019_LA/ASVspoof2019_LA_train/flac/LA_T_8174443.flac,6
/data/DATASETS/ASV_Spoof_2019_LA/ASVspoof2019_LA_train/flac/LA_T_2139880.flac,6
/data/DATASETS/ASV_Spoof_2019_LA/ASVspoof2019_LA_train/flac/LA_T_9405297.flac,6
/data/DATASETS/ASV_Spoof_2019_LA/ASVspoof2019_LA_dev/flac/LA_D_9802479.flac,6
/data/DATASETS/ASV_Spoof_2019_LA/ASVspoof2019_LA_train/flac/LA_T_4682760.flac,6
/data/DATASETS/ASV_Spoof_2019_LA/ASVspoof2019_LA_dev/flac/LA_D_9161520.flac,6
/data/DATASETS/ASV_Spoof_2019_LA/ASVspoof2019_LA_train/flac/LA_T_2879764.flac,6
/data/DATASETS/ASV_Spoof_2019_LA/ASVspoof2019_LA_dev/flac/LA_D_6095298.flac,6
/data/DATASETS/ASV_Spoof_2019_LA/ASVspoof2019_LA_train/flac/LA_T_8994122.flac,6
/data/DATASETS/ASV_Spoof_2019_LA/ASVspoof2019_LA_train/flac/LA_T_4221600.flac,6
/data/DATASETS/ASV_Spoof_2019_LA/ASVspoof2019_LA_train/flac/LA_T_8464028.flac,6
/data/DATASETS/ASV_Spoof_2019_LA/ASVspoof2019_LA_train/flac/LA_T_8955640.flac,6
/data/DATASETS/ASV_Spoof_2019_LA/ASVspoof2019_LA_train/flac/LA_T_6086768.flac,6
/data/DATASETS/ASV_Spoof_2019_LA/ASVspoof2019_LA_dev/flac/LA_D_1695298.flac,6
/data/DATASETS/ASV_Spoof_2019_LA/ASVspoof2019_LA_train/flac/LA_T_3272409.flac,6
/data/DATASETS/ASV_Spoof_2019_LA/ASVspoof2019_LA_train/flac/LA_T_2327425.flac,6
/data/DATASETS/ASV_Spoof_2019_LA/ASVspoof2019_LA_dev/flac/LA_D_3445488.flac,6
/data/DATASETS/ASV_Spoof_2019_LA/ASVspoof2019_LA_dev/flac/LA_D_7784589.flac,6
/data/DATASETS/ASV_Spoof_2019_LA/ASVspoof2019_LA_train/flac/LA_T_9190352.flac,6
/data/DATASETS/ASV_Spoof_2019_LA/ASVspoof2019_LA_train/flac/LA_T_7999595.flac,6
/data/DATASETS/ASV_Spoof_2019_LA/ASVspoof2019_LA_dev/flac/LA_D_9301345.flac,6
/data/DATASETS/ASV_Spoof_2019_LA/ASVspoof2019_LA_train/flac/LA_T_7904751.flac,6
/data/DATASETS/ASV_Spoof_2019_LA/ASVspoof2019_LA_train/flac/LA_T_8795213.flac,6
/data/DATASETS/ASV_Spoof_2019_LA/ASVspoof2019_LA_dev/flac/LA_D_6230736.flac,6
/data/DATASETS/ASV_Spoof_2019_LA/ASVspoof2019_LA_train/flac/LA_T_6468314.flac,6
/data/DATASETS/ASV_Spoof_2019_LA/ASVspoof2019_LA_train/flac/LA_T_4616308.flac,6
/data/DATASETS/ASV_Spoof_2019_LA/ASVspoof2019_LA_dev/flac/LA_D_4438965.flac,6
/data/DATASETS/ASV_Spoof_2019_LA/ASVspoof2019_LA_dev/flac/LA_D_1375287.flac,6
/data/DATASETS/ASV_Spoof_2019_LA/ASVspoof2019_LA_dev/flac/LA_D_4412972.flac,6
/data/DATASETS/ASV_Spoof_2019_LA/ASVspoof2019_LA_dev/flac/LA_D_8130762.flac,6
/data/DATASETS/ASV_Spoof_2019_LA/ASVspoof2019_LA_dev/flac/LA_D_7149435.flac,6
/data/DATASETS/ASV_Spoof_2019_LA/ASVspoof2019_LA_train/flac/LA_T_7911427.flac,6
/data/DATASETS/ASV_Spoof_2019_LA/ASVspoof2019_LA_train/flac/LA_T_2302079.flac,6
/data/DATASETS/ASV_Spoof_2019_LA/ASVspoof2019_LA_train/flac/LA_T_7583235.flac,6
/data/DATASETS/ASV_Spoof_2019_LA/ASVspoof2019_LA_dev/flac/LA_D_4771512.flac,6
/data/DATASETS/ASV_Spoof_2019_LA/ASVspoof2019_LA_dev/flac/LA_D_8686775.flac,6
/data/DATASETS/ASV_Spoof_2019_LA/ASVspoof2019_LA_train/flac/LA_T_6759930.flac,6
/data/DATASETS/ASV_Spoof_2019_LA/ASVspoof2019_LA_dev/flac/LA_D_4162881.flac,6
/data/DATASETS/ASV_Spoof_2019_LA/ASVspoof2019_LA_train/flac/LA_T_6157285.flac,6
/data/DATASETS/ASV_Spoof_2019_LA/ASVspoof2019_LA_dev/flac/LA_D_5583855.flac,6
/data/DATASETS/ASV_Spoof_2019_LA/ASVspoof2019_LA_dev/flac/LA_D_4200741.flac,6
/data/DATASETS/ASV_Spoof_2019_LA/ASVspoof2019_LA_train/flac/LA_T_8318405.flac,6
/data/DATASETS/ASV_Spoof_2019_LA/ASVspoof2019_LA_train/flac/LA_T_8048641.flac,6
/data/DATASETS/ASV_Spoof_2019_LA/ASVspoof2019_LA_dev/flac/LA_D_5397434.flac,6
/data/DATASETS/ASV_Spoof_2019_LA/ASVspoof2019_LA_train/flac/LA_T_5186634.flac,6
/data/DATASETS/ASV_Spoof_2019_LA/ASVspoof2019_LA_train/flac/LA_T_9281931.flac,6
/data/DATASETS/ASV_Spoof_2019_LA/ASVspoof2019_LA_dev/flac/LA_D_7256773.flac,6
/data/DATASETS/ASV_Spoof_2019_LA/ASVspoof2019_LA_train/flac/LA_T_1940939.flac,6
/data/DATASETS/ASV_Spoof_2019_LA/ASVspoof2019_LA_train/flac/LA_T_7226834.flac,6
/data/DATASETS/ASV_Spoof_2019_LA/ASVspoof2019_LA_dev/flac/LA_D_7529474.flac,6
/data/DATASETS/ASV_Spoof_2019_LA/ASVspoof2019_LA_dev/flac/LA_D_5253057.flac,6
/data/DATASETS/ASV_Spoof_2019_LA/ASVspoof2019_LA_dev/flac/LA_D_3636645.flac,6
/data/DATASETS/ASV_Spoof_2019_LA/ASVspoof2019_LA_train/flac/LA_T_2669868.flac,6
/data/DATASETS/ASV_Spoof_2019_LA/ASVspoof2019_LA_train/flac/LA_T_1878847.flac,6
/data/DATASETS/ASV_Spoof_2019_LA/ASVspoof2019_LA_train/flac/LA_T_6828756.flac,6
/data/DATASETS/ASV_Spoof_2019_LA/ASVspoof2019_LA_train/flac/LA_T_8148875.flac,6
/data/DATASETS/ASV_Spoof_2019_LA/ASVspoof2019_LA_train/flac/LA_T_1191013.flac,6
/data/DATASETS/ASV_Spoof_2019_LA/ASVspoof2019_LA_train/flac/LA_T_4695577.flac,6
/data/DATASETS/ASV_Spoof_2019_LA/ASVspoof2019_LA_dev/flac/LA_D_7206772.flac,6
/data/DATASETS/ASV_Spoof_2019_LA/ASVspoof2019_LA_dev/flac/LA_D_9794955.flac,6
/data/DATASETS/ASV_Spoof_2019_LA/ASVspoof2019_LA_dev/flac/LA_D_3427328.flac,6
/data/DATASETS/ASV_Spoof_2019_LA/ASVspoof2019_LA_train/flac/LA_T_2799664.flac,6
/data/DATASETS/ASV_Spoof_2019_LA/ASVspoof2019_LA_dev/flac/LA_D_6734573.flac,6
/data/DATASETS/ASV_Spoof_2019_LA/ASVspoof2019_LA_train/flac/LA_T_9538990.flac,6
/data/DATASETS/ASV_Spoof_2019_LA/ASVspoof2019_LA_train/flac/LA_T_7523554.flac,6
/data/DATASETS/ASV_Spoof_2019_LA/ASVspoof2019_LA_train/flac/LA_T_7212076.flac,6
/data/DATASETS/ASV_Spoof_2019_LA/ASVspoof2019_LA_train/flac/LA_T_4121514.flac,6
/data/DATASETS/ASV_Spoof_2019_LA/ASVspoof2019_LA_dev/flac/LA_D_8584366.flac,6
/data/DATASETS/ASV_Spoof_2019_LA/ASVspoof2019_LA_dev/flac/LA_D_7616189.flac,6
/data/DATASETS/ASV_Spoof_2019_LA/ASVspoof2019_LA_dev/flac/LA_D_6161090.flac,6
/data/DATASETS/ASV_Spoof_2019_LA/ASVspoof2019_LA_train/flac/LA_T_2836641.flac,6
/data/DATASETS/ASV_Spoof_2019_LA/ASVspoof2019_LA_dev/flac/LA_D_1735626.flac,6
/data/DATASETS/ASV_Spoof_2019_LA/ASVspoof2019_LA_train/flac/LA_T_8757076.flac,6
/data/DATASETS/ASV_Spoof_2019_LA/ASVspoof2019_LA_dev/flac/LA_D_1792741.flac,6
/data/DATASETS/ASV_Spoof_2019_LA/ASVspoof2019_LA_train/flac/LA_T_5217414.flac,6
/data/DATASETS/ASV_Spoof_2019_LA/ASVspoof2019_LA_train/flac/LA_T_9871118.flac,6
/data/DATASETS/ASV_Spoof_2019_LA/ASVspoof2019_LA_train/flac/LA_T_2155869.flac,6
/data/DATASETS/ASV_Spoof_2019_LA/ASVspoof2019_LA_train/flac/LA_T_7728259.flac,6
/data/DATASETS/ASV_Spoof_2019_LA/ASVspoof2019_LA_train/flac/LA_T_3670113.flac,6
/data/DATASETS/ASV_Spoof_2019_LA/ASVspoof2019_LA_train/flac/LA_T_3370556.flac,6
/data/DATASETS/ASV_Spoof_2019_LA/ASVspoof2019_LA_train/flac/LA_T_3712096.flac,6
/data/DATASETS/ASV_Spoof_2019_LA/ASVspoof2019_LA_train/flac/LA_T_4867569.flac,6
/data/DATASETS/ASV_Spoof_2019_LA/ASVspoof2019_LA_dev/flac/LA_D_5132698.flac,6
/data/DATASETS/ASV_Spoof_2019_LA/ASVspoof2019_LA_train/flac/LA_T_3537468.flac,6
/data/DATASETS/ASV_Spoof_2019_LA/ASVspoof2019_LA_train/flac/LA_T_6416286.flac,6
/data/DATASETS/ASV_Spoof_2019_LA/ASVspoof2019_LA_dev/flac/LA_D_9518120.flac,6
/data/DATASETS/ASV_Spoof_2019_LA/ASVspoof2019_LA_dev/flac/LA_D_6283975.flac,6
/data/DATASETS/ASV_Spoof_2019_LA/ASVspoof2019_LA_dev/flac/LA_D_4974078.flac,6
/data/DATASETS/ASV_Spoof_2019_LA/ASVspoof2019_LA_dev/flac/LA_D_3461953.flac,6
/data/DATASETS/ASV_Spoof_2019_LA/ASVspoof2019_LA_train/flac/LA_T_6009493.flac,6
/data/DATASETS/ASV_Spoof_2019_LA/ASVspoof2019_LA_train/flac/LA_T_6667639.flac,6
/data/DATASETS/ASV_Spoof_2019_LA/ASVspoof2019_LA_dev/flac/LA_D_4623028.flac,6
/data/DATASETS/ASV_Spoof_2019_LA/ASVspoof2019_LA_dev/flac/LA_D_7174444.flac,6
/data/DATASETS/ASV_Spoof_2019_LA/ASVspoof2019_LA_dev/flac/LA_D_3945155.flac,6
/data/DATASETS/ASV_Spoof_2019_LA/ASVspoof2019_LA_dev/flac/LA_D_3321832.flac,6
/data/DATASETS/ASV_Spoof_2019_LA/ASVspoof2019_LA_train/flac/LA_T_9449409.flac,6
/data/DATASETS/ASV_Spoof_2019_LA/ASVspoof2019_LA_dev/flac/LA_D_2937524.flac,6
/data/DATASETS/ASV_Spoof_2019_LA/ASVspoof2019_LA_train/flac/LA_T_2772487.flac,6
/data/DATASETS/ASV_Spoof_2019_LA/ASVspoof2019_LA_train/flac/LA_T_1602347.flac,6
/data/DATASETS/ASV_Spoof_2019_LA/ASVspoof2019_LA_train/flac/LA_T_2521042.flac,6
/data/DATASETS/ASV_Spoof_2019_LA/ASVspoof2019_LA_dev/flac/LA_D_3260123.flac,6
/data/DATASETS/ASV_Spoof_2019_LA/ASVspoof2019_LA_train/flac/LA_T_4828980.flac,6
/data/DATASETS/ASV_Spoof_2019_LA/ASVspoof2019_LA_train/flac/LA_T_3651643.flac,6
/data/DATASETS/ASV_Spoof_2019_LA/ASVspoof2019_LA_train/flac/LA_T_2644191.flac,6
/data/DATASETS/ASV_Spoof_2019_LA/ASVspoof2019_LA_train/flac/LA_T_7464434.flac,6
/data/DATASETS/ASV_Spoof_2019_LA/ASVspoof2019_LA_dev/flac/LA_D_8941942.flac,6
/data/DATASETS/ASV_Spoof_2019_LA/ASVspoof2019_LA_dev/flac/LA_D_2923476.flac,6
/data/DATASETS/ASV_Spoof_2019_LA/ASVspoof2019_LA_dev/flac/LA_D_4672644.flac,6
/data/DATASETS/ASV_Spoof_2019_LA/ASVspoof2019_LA_dev/flac/LA_D_3159204.flac,6
/data/DATASETS/ASV_Spoof_2019_LA/ASVspoof2019_LA_dev/flac/LA_D_9295289.flac,6
/data/DATASETS/ASV_Spoof_2019_LA/ASVspoof2019_LA_dev/flac/LA_D_3095594.flac,6
/data/DATASETS/ASV_Spoof_2019_LA/ASVspoof2019_LA_train/flac/LA_T_4461906.flac,6
/data/DATASETS/ASV_Spoof_2019_LA/ASVspoof2019_LA_train/flac/LA_T_4688904.flac,6
/data/DATASETS/ASV_Spoof_2019_LA/ASVspoof2019_LA_dev/flac/LA_D_6904078.flac,6
/data/DATASETS/ASV_Spoof_2019_LA/ASVspoof2019_LA_dev/flac/LA_D_6226703.flac,6
/data/DATASETS/ASV_Spoof_2019_LA/ASVspoof2019_LA_dev/flac/LA_D_7765093.flac,6
/data/DATASETS/ASV_Spoof_2019_LA/ASVspoof2019_LA_dev/flac/LA_D_6582753.flac,6
/data/DATASETS/ASV_Spoof_2019_LA/ASVspoof2019_LA_dev/flac/LA_D_1649381.flac,6
/data/DATASETS/ASV_Spoof_2019_LA/ASVspoof2019_LA_dev/flac/LA_D_7442253.flac,6
/data/DATASETS/ASV_Spoof_2019_LA/ASVspoof2019_LA_dev/flac/LA_D_9382297.flac,6
/data/DATASETS/ASV_Spoof_2019_LA/ASVspoof2019_LA_train/flac/LA_T_1696251.flac,6
/data/DATASETS/ASV_Spoof_2019_LA/ASVspoof2019_LA_train/flac/LA_T_5300749.flac,6
/data/DATASETS/ASV_Spoof_2019_LA/ASVspoof2019_LA_dev/flac/LA_D_9520422.flac,6
/data/DATASETS/ASV_Spoof_2019_LA/ASVspoof2019_LA_dev/flac/LA_D_1412745.flac,6
/data/DATASETS/ASV_Spoof_2019_LA/ASVspoof2019_LA_dev/flac/LA_D_4523318.flac,6
/data/DATASETS/ASV_Spoof_2019_LA/ASVspoof2019_LA_dev/flac/LA_D_2566690.flac,6
/data/DATASETS/ASV_Spoof_2019_LA/ASVspoof2019_LA_train/flac/LA_T_5155527.flac,6
/data/DATASETS/ASV_Spoof_2019_LA/ASVspoof2019_LA_dev/flac/LA_D_9218810.flac,6
/data/DATASETS/ASV_Spoof_2019_LA/ASVspoof2019_LA_train/flac/LA_T_9151008.flac,6
/data/DATASETS/ASV_Spoof_2019_LA/ASVspoof2019_LA_dev/flac/LA_D_5444377.flac,6
/data/DATASETS/ASV_Spoof_2019_LA/ASVspoof2019_LA_train/flac/LA_T_7713397.flac,6
/data/DATASETS/ASV_Spoof_2019_LA/ASVspoof2019_LA_train/flac/LA_T_6825670.flac,6
/data/DATASETS/ASV_Spoof_2019_LA/ASVspoof2019_LA_train/flac/LA_T_5812238.flac,6
/data/DATASETS/ASV_Spoof_2019_LA/ASVspoof2019_LA_dev/flac/LA_D_4382110.flac,6
/data/DATASETS/ASV_Spoof_2019_LA/ASVspoof2019_LA_train/flac/LA_T_6517191.flac,6
/data/DATASETS/ASV_Spoof_2019_LA/ASVspoof2019_LA_dev/flac/LA_D_9058869.flac,6
/data/DATASETS/ASV_Spoof_2019_LA/ASVspoof2019_LA_dev/flac/LA_D_8167492.flac,6
/data/DATASETS/ASV_Spoof_2019_LA/ASVspoof2019_LA_dev/flac/LA_D_1084765.flac,6
/data/DATASETS/ASV_Spoof_2019_LA/ASVspoof2019_LA_train/flac/LA_T_2936749.flac,6
/data/DATASETS/ASV_Spoof_2019_LA/ASVspoof2019_LA_train/flac/LA_T_4154636.flac,6
/data/DATASETS/ASV_Spoof_2019_LA/ASVspoof2019_LA_train/flac/LA_T_7798887.flac,6
/data/DATASETS/ASV_Spoof_2019_LA/ASVspoof2019_LA_dev/flac/LA_D_2039988.flac,6
/data/DATASETS/ASV_Spoof_2019_LA/ASVspoof2019_LA_train/flac/LA_T_9784890.flac,6
/data/DATASETS/ASV_Spoof_2019_LA/ASVspoof2019_LA_train/flac/LA_T_8341178.flac,6
/data/DATASETS/ASV_Spoof_2019_LA/ASVspoof2019_LA_dev/flac/LA_D_2045409.flac,6
/data/DATASETS/ASV_Spoof_2019_LA/ASVspoof2019_LA_train/flac/LA_T_6462776.flac,6
/data/DATASETS/ASV_Spoof_2019_LA/ASVspoof2019_LA_dev/flac/LA_D_5908876.flac,6
/data/DATASETS/ASV_Spoof_2019_LA/ASVspoof2019_LA_dev/flac/LA_D_3113412.flac,6
/data/DATASETS/ASV_Spoof_2019_LA/ASVspoof2019_LA_dev/flac/LA_D_1332227.flac,6
/data/DATASETS/ASV_Spoof_2019_LA/ASVspoof2019_LA_train/flac/LA_T_8290003.flac,6
/data/DATASETS/ASV_Spoof_2019_LA/ASVspoof2019_LA_dev/flac/LA_D_9487713.flac,6
/data/DATASETS/ASV_Spoof_2019_LA/ASVspoof2019_LA_dev/flac/LA_D_7551004.flac,6
/data/DATASETS/ASV_Spoof_2019_LA/ASVspoof2019_LA_dev/flac/LA_D_9519831.flac,6
/data/DATASETS/ASV_Spoof_2019_LA/ASVspoof2019_LA_dev/flac/LA_D_4356277.flac,6
/data/DATASETS/ASV_Spoof_2019_LA/ASVspoof2019_LA_train/flac/LA_T_7439163.flac,6
/data/DATASETS/ASV_Spoof_2019_LA/ASVspoof2019_LA_train/flac/LA_T_6141590.flac,6
/data/DATASETS/ASV_Spoof_2019_LA/ASVspoof2019_LA_train/flac/LA_T_6107871.flac,6
/data/DATASETS/ASV_Spoof_2019_LA/ASVspoof2019_LA_train/flac/LA_T_7422672.flac,6
/data/DATASETS/ASV_Spoof_2019_LA/ASVspoof2019_LA_dev/flac/LA_D_6920274.flac,6
/data/DATASETS/ASV_Spoof_2019_LA/ASVspoof2019_LA_dev/flac/LA_D_3902334.flac,6
/data/DATASETS/ASV_Spoof_2019_LA/ASVspoof2019_LA_train/flac/LA_T_8667111.flac,6
/data/DATASETS/ASV_Spoof_2019_LA/ASVspoof2019_LA_train/flac/LA_T_2931681.flac,6
/data/DATASETS/ASV_Spoof_2019_LA/ASVspoof2019_LA_dev/flac/LA_D_8352186.flac,6
/data/DATASETS/ASV_Spoof_2019_LA/ASVspoof2019_LA_train/flac/LA_T_1673143.flac,6
/data/DATASETS/ASV_Spoof_2019_LA/ASVspoof2019_LA_dev/flac/LA_D_2736443.flac,6
/data/DATASETS/ASV_Spoof_2019_LA/ASVspoof2019_LA_dev/flac/LA_D_4024245.flac,6
/data/DATASETS/ASV_Spoof_2019_LA/ASVspoof2019_LA_dev/flac/LA_D_2966111.flac,6
/data/DATASETS/ASV_Spoof_2019_LA/ASVspoof2019_LA_dev/flac/LA_D_9749510.flac,6
/data/DATASETS/ASV_Spoof_2019_LA/ASVspoof2019_LA_train/flac/LA_T_5010886.flac,6
/data/DATASETS/ASV_Spoof_2019_LA/ASVspoof2019_LA_dev/flac/LA_D_6350241.flac,6
/data/DATASETS/ASV_Spoof_2019_LA/ASVspoof2019_LA_dev/flac/LA_D_7283586.flac,6
/data/DATASETS/ASV_Spoof_2019_LA/ASVspoof2019_LA_train/flac/LA_T_3190551.flac,6
/data/DATASETS/ASV_Spoof_2019_LA/ASVspoof2019_LA_dev/flac/LA_D_6852175.flac,6
/data/DATASETS/ASV_Spoof_2019_LA/ASVspoof2019_LA_dev/flac/LA_D_1693149.flac,6
/data/DATASETS/ASV_Spoof_2019_LA/ASVspoof2019_LA_dev/flac/LA_D_4377114.flac,6
/data/DATASETS/ASV_Spoof_2019_LA/ASVspoof2019_LA_train/flac/LA_T_8503444.flac,6
/data/DATASETS/ASV_Spoof_2019_LA/ASVspoof2019_LA_dev/flac/LA_D_2195628.flac,6
/data/DATASETS/ASV_Spoof_2019_LA/ASVspoof2019_LA_dev/flac/LA_D_8452415.flac,6
/data/DATASETS/ASV_Spoof_2019_LA/ASVspoof2019_LA_dev/flac/LA_D_9333593.flac,6
/data/DATASETS/ASV_Spoof_2019_LA/ASVspoof2019_LA_dev/flac/LA_D_9674435.flac,6
/data/DATASETS/ASV_Spoof_2019_LA/ASVspoof2019_LA_dev/flac/LA_D_2881171.flac,6
/data/DATASETS/ASV_Spoof_2019_LA/ASVspoof2019_LA_dev/flac/LA_D_6987996.flac,6
/data/DATASETS/ASV_Spoof_2019_LA/ASVspoof2019_LA_dev/flac/LA_D_7982832.flac,6
/data/DATASETS/ASV_Spoof_2019_LA/ASVspoof2019_LA_train/flac/LA_T_6356124.flac,6
/data/DATASETS/ASV_Spoof_2019_LA/ASVspoof2019_LA_train/flac/LA_T_1523551.flac,6
/data/DATASETS/ASV_Spoof_2019_LA/ASVspoof2019_LA_train/flac/LA_T_6036656.flac,6
/data/DATASETS/ASV_Spoof_2019_LA/ASVspoof2019_LA_dev/flac/LA_D_7542044.flac,6
/data/DATASETS/ASV_Spoof_2019_LA/ASVspoof2019_LA_dev/flac/LA_D_9457819.flac,6
/data/DATASETS/ASV_Spoof_2019_LA/ASVspoof2019_LA_dev/flac/LA_D_7551227.flac,6
/data/DATASETS/ASV_Spoof_2019_LA/ASVspoof2019_LA_train/flac/LA_T_4509075.flac,6
/data/DATASETS/ASV_Spoof_2019_LA/ASVspoof2019_LA_train/flac/LA_T_4786056.flac,6
/data/DATASETS/ASV_Spoof_2019_LA/ASVspoof2019_LA_dev/flac/LA_D_3219891.flac,6
/data/DATASETS/ASV_Spoof_2019_LA/ASVspoof2019_LA_dev/flac/LA_D_5801020.flac,6
/data/DATASETS/ASV_Spoof_2019_LA/ASVspoof2019_LA_dev/flac/LA_D_6993157.flac,6
/data/DATASETS/ASV_Spoof_2019_LA/ASVspoof2019_LA_train/flac/LA_T_4281725.flac,6
/data/DATASETS/ASV_Spoof_2019_LA/ASVspoof2019_LA_dev/flac/LA_D_5427296.flac,6
/data/DATASETS/ASV_Spoof_2019_LA/ASVspoof2019_LA_dev/flac/LA_D_7934602.flac,6
/data/DATASETS/ASV_Spoof_2019_LA/ASVspoof2019_LA_train/flac/LA_T_3573575.flac,6
/data/DATASETS/ASV_Spoof_2019_LA/ASVspoof2019_LA_train/flac/LA_T_2895790.flac,6
/data/DATASETS/ASV_Spoof_2019_LA/ASVspoof2019_LA_train/flac/LA_T_5886150.flac,6
/data/DATASETS/ASV_Spoof_2019_LA/ASVspoof2019_LA_train/flac/LA_T_7515665.flac,6
/data/DATASETS/ASV_Spoof_2019_LA/ASVspoof2019_LA_train/flac/LA_T_6377687.flac,6
/data/DATASETS/ASV_Spoof_2019_LA/ASVspoof2019_LA_train/flac/LA_T_3389485.flac,6
/data/DATASETS/ASV_Spoof_2019_LA/ASVspoof2019_LA_train/flac/LA_T_3042376.flac,6
/data/DATASETS/ASV_Spoof_2019_LA/ASVspoof2019_LA_dev/flac/LA_D_5776960.flac,6
/data/DATASETS/ASV_Spoof_2019_LA/ASVspoof2019_LA_dev/flac/LA_D_3827873.flac,6
/data/DATASETS/ASV_Spoof_2019_LA/ASVspoof2019_LA_dev/flac/LA_D_8285840.flac,6
/data/DATASETS/ASV_Spoof_2019_LA/ASVspoof2019_LA_train/flac/LA_T_7545248.flac,6
/data/DATASETS/ASV_Spoof_2019_LA/ASVspoof2019_LA_dev/flac/LA_D_8595493.flac,6
/data/DATASETS/ASV_Spoof_2019_LA/ASVspoof2019_LA_dev/flac/LA_D_8720226.flac,6
/data/DATASETS/ASV_Spoof_2019_LA/ASVspoof2019_LA_dev/flac/LA_D_3259137.flac,6
/data/DATASETS/ASV_Spoof_2019_LA/ASVspoof2019_LA_dev/flac/LA_D_7668086.flac,6
/data/DATASETS/ASV_Spoof_2019_LA/ASVspoof2019_LA_train/flac/LA_T_9402417.flac,6
/data/DATASETS/ASV_Spoof_2019_LA/ASVspoof2019_LA_dev/flac/LA_D_9928764.flac,6
/data/DATASETS/ASV_Spoof_2019_LA/ASVspoof2019_LA_train/flac/LA_T_5342438.flac,6
/data/DATASETS/ASV_Spoof_2019_LA/ASVspoof2019_LA_train/flac/LA_T_1901218.flac,6
/data/DATASETS/ASV_Spoof_2019_LA/ASVspoof2019_LA_dev/flac/LA_D_5174566.flac,6
/data/DATASETS/ASV_Spoof_2019_LA/ASVspoof2019_LA_train/flac/LA_T_4672943.flac,6
/data/DATASETS/ASV_Spoof_2019_LA/ASVspoof2019_LA_train/flac/LA_T_9522548.flac,6
/data/DATASETS/ASV_Spoof_2019_LA/ASVspoof2019_LA_train/flac/LA_T_9734975.flac,6
/data/DATASETS/ASV_Spoof_2019_LA/ASVspoof2019_LA_train/flac/LA_T_3340649.flac,6
/data/DATASETS/ASV_Spoof_2019_LA/ASVspoof2019_LA_dev/flac/LA_D_1073474.flac,6
/data/DATASETS/ASV_Spoof_2019_LA/ASVspoof2019_LA_train/flac/LA_T_3312498.flac,6
/data/DATASETS/ASV_Spoof_2019_LA/ASVspoof2019_LA_dev/flac/LA_D_8932331.flac,6
/data/DATASETS/ASV_Spoof_2019_LA/ASVspoof2019_LA_train/flac/LA_T_1232606.flac,6
/data/DATASETS/ASV_Spoof_2019_LA/ASVspoof2019_LA_train/flac/LA_T_4661041.flac,6
/data/DATASETS/ASV_Spoof_2019_LA/ASVspoof2019_LA_train/flac/LA_T_6004283.flac,6
/data/DATASETS/ASV_Spoof_2019_LA/ASVspoof2019_LA_dev/flac/LA_D_4251305.flac,6
/data/DATASETS/ASV_Spoof_2019_LA/ASVspoof2019_LA_train/flac/LA_T_6750424.flac,6
/data/DATASETS/ASV_Spoof_2019_LA/ASVspoof2019_LA_dev/flac/LA_D_1681067.flac,6
/data/DATASETS/ASV_Spoof_2019_LA/ASVspoof2019_LA_train/flac/LA_T_7293477.flac,6
/data/DATASETS/ASV_Spoof_2019_LA/ASVspoof2019_LA_dev/flac/LA_D_3244975.flac,6
/data/DATASETS/ASV_Spoof_2019_LA/ASVspoof2019_LA_train/flac/LA_T_6663865.flac,6
/data/DATASETS/ASV_Spoof_2019_LA/ASVspoof2019_LA_train/flac/LA_T_9619913.flac,6
/data/DATASETS/ASV_Spoof_2019_LA/ASVspoof2019_LA_train/flac/LA_T_1358658.flac,6
/data/DATASETS/ASV_Spoof_2019_LA/ASVspoof2019_LA_train/flac/LA_T_6448952.flac,6
/data/DATASETS/ASV_Spoof_2019_LA/ASVspoof2019_LA_train/flac/LA_T_7743020.flac,6
/data/DATASETS/ASV_Spoof_2019_LA/ASVspoof2019_LA_train/flac/LA_T_4216759.flac,6
/data/DATASETS/ASV_Spoof_2019_LA/ASVspoof2019_LA_dev/flac/LA_D_2196619.flac,6
/data/DATASETS/ASV_Spoof_2019_LA/ASVspoof2019_LA_dev/flac/LA_D_2052501.flac,6
/data/DATASETS/ASV_Spoof_2019_LA/ASVspoof2019_LA_train/flac/LA_T_8083448.flac,6
/data/DATASETS/ASV_Spoof_2019_LA/ASVspoof2019_LA_train/flac/LA_T_6772040.flac,6
/data/DATASETS/ASV_Spoof_2019_LA/ASVspoof2019_LA_dev/flac/LA_D_8594927.flac,6
/data/DATASETS/ASV_Spoof_2019_LA/ASVspoof2019_LA_train/flac/LA_T_7581521.flac,6
/data/DATASETS/ASV_Spoof_2019_LA/ASVspoof2019_LA_dev/flac/LA_D_8499637.flac,6
/data/DATASETS/ASV_Spoof_2019_LA/ASVspoof2019_LA_dev/flac/LA_D_5642400.flac,6
/data/DATASETS/ASV_Spoof_2019_LA/ASVspoof2019_LA_train/flac/LA_T_7715421.flac,6
/data/DATASETS/ASV_Spoof_2019_LA/ASVspoof2019_LA_dev/flac/LA_D_3530863.flac,6
/data/DATASETS/ASV_Spoof_2019_LA/ASVspoof2019_LA_train/flac/LA_T_5423110.flac,6
/data/DATASETS/ASV_Spoof_2019_LA/ASVspoof2019_LA_train/flac/LA_T_2800535.flac,6
/data/DATASETS/ASV_Spoof_2019_LA/ASVspoof2019_LA_dev/flac/LA_D_6218929.flac,6
/data/DATASETS/ASV_Spoof_2019_LA/ASVspoof2019_LA_dev/flac/LA_D_7294059.flac,6
/data/DATASETS/ASV_Spoof_2019_LA/ASVspoof2019_LA_dev/flac/LA_D_3725441.flac,6
/data/DATASETS/ASV_Spoof_2019_LA/ASVspoof2019_LA_train/flac/LA_T_8642542.flac,6
/data/DATASETS/ASV_Spoof_2019_LA/ASVspoof2019_LA_train/flac/LA_T_7423619.flac,6
/data/DATASETS/ASV_Spoof_2019_LA/ASVspoof2019_LA_dev/flac/LA_D_3114938.flac,6
/data/DATASETS/ASV_Spoof_2019_LA/ASVspoof2019_LA_train/flac/LA_T_2886755.flac,6
/data/DATASETS/ASV_Spoof_2019_LA/ASVspoof2019_LA_train/flac/LA_T_1596630.flac,6
/data/DATASETS/ASV_Spoof_2019_LA/ASVspoof2019_LA_train/flac/LA_T_7284131.flac,6
/data/DATASETS/ASV_Spoof_2019_LA/ASVspoof2019_LA_train/flac/LA_T_7076564.flac,6
/data/DATASETS/ASV_Spoof_2019_LA/ASVspoof2019_LA_train/flac/LA_T_6663175.flac,6
/data/DATASETS/ASV_Spoof_2019_LA/ASVspoof2019_LA_train/flac/LA_T_9972156.flac,6
/data/DATASETS/ASV_Spoof_2019_LA/ASVspoof2019_LA_train/flac/LA_T_1475460.flac,6
/data/DATASETS/ASV_Spoof_2019_LA/ASVspoof2019_LA_dev/flac/LA_D_4765748.flac,6
/data/DATASETS/ASV_Spoof_2019_LA/ASVspoof2019_LA_train/flac/LA_T_4780624.flac,6
/data/DATASETS/ASV_Spoof_2019_LA/ASVspoof2019_LA_train/flac/LA_T_1833157.flac,6
/data/DATASETS/ASV_Spoof_2019_LA/ASVspoof2019_LA_dev/flac/LA_D_9749096.flac,6
/data/DATASETS/ASV_Spoof_2019_LA/ASVspoof2019_LA_train/flac/LA_T_4897529.flac,6
/data/DATASETS/ASV_Spoof_2019_LA/ASVspoof2019_LA_train/flac/LA_T_5752363.flac,6
/data/DATASETS/ASV_Spoof_2019_LA/ASVspoof2019_LA_dev/flac/LA_D_4808965.flac,6
/data/DATASETS/ASV_Spoof_2019_LA/ASVspoof2019_LA_dev/flac/LA_D_7255793.flac,6
/data/DATASETS/ASV_Spoof_2019_LA/ASVspoof2019_LA_train/flac/LA_T_9238717.flac,6
/data/DATASETS/ASV_Spoof_2019_LA/ASVspoof2019_LA_dev/flac/LA_D_9318000.flac,6
/data/DATASETS/ASV_Spoof_2019_LA/ASVspoof2019_LA_train/flac/LA_T_4891386.flac,6
/data/DATASETS/ASV_Spoof_2019_LA/ASVspoof2019_LA_dev/flac/LA_D_4554903.flac,6
/data/DATASETS/ASV_Spoof_2019_LA/ASVspoof2019_LA_dev/flac/LA_D_4482250.flac,6
/data/DATASETS/ASV_Spoof_2019_LA/ASVspoof2019_LA_dev/flac/LA_D_1594784.flac,6
/data/DATASETS/ASV_Spoof_2019_LA/ASVspoof2019_LA_train/flac/LA_T_9054834.flac,6
/data/DATASETS/ASV_Spoof_2019_LA/ASVspoof2019_LA_dev/flac/LA_D_3339394.flac,6
/data/DATASETS/ASV_Spoof_2019_LA/ASVspoof2019_LA_dev/flac/LA_D_7831838.flac,6
/data/DATASETS/ASV_Spoof_2019_LA/ASVspoof2019_LA_train/flac/LA_T_8653346.flac,6
/data/DATASETS/ASV_Spoof_2019_LA/ASVspoof2019_LA_train/flac/LA_T_1334655.flac,6
/data/DATASETS/ASV_Spoof_2019_LA/ASVspoof2019_LA_dev/flac/LA_D_6516436.flac,6
/data/DATASETS/ASV_Spoof_2019_LA/ASVspoof2019_LA_dev/flac/LA_D_9143112.flac,6
/data/DATASETS/ASV_Spoof_2019_LA/ASVspoof2019_LA_dev/flac/LA_D_4181824.flac,6
/data/DATASETS/ASV_Spoof_2019_LA/ASVspoof2019_LA_train/flac/LA_T_1961646.flac,6
/data/DATASETS/ASV_Spoof_2019_LA/ASVspoof2019_LA_train/flac/LA_T_3263231.flac,6
/data/DATASETS/ASV_Spoof_2019_LA/ASVspoof2019_LA_train/flac/LA_T_9351062.flac,6
/data/DATASETS/ASV_Spoof_2019_LA/ASVspoof2019_LA_train/flac/LA_T_5333973.flac,6
/data/DATASETS/ASV_Spoof_2019_LA/ASVspoof2019_LA_dev/flac/LA_D_6459326.flac,6
/data/DATASETS/ASV_Spoof_2019_LA/ASVspoof2019_LA_train/flac/LA_T_2307693.flac,6
/data/DATASETS/ASV_Spoof_2019_LA/ASVspoof2019_LA_train/flac/LA_T_6752270.flac,6
/data/DATASETS/ASV_Spoof_2019_LA/ASVspoof2019_LA_dev/flac/LA_D_7138620.flac,6
/data/DATASETS/ASV_Spoof_2019_LA/ASVspoof2019_LA_train/flac/LA_T_1812468.flac,6
/data/DATASETS/ASV_Spoof_2019_LA/ASVspoof2019_LA_dev/flac/LA_D_6378781.flac,6
/data/DATASETS/ASV_Spoof_2019_LA/ASVspoof2019_LA_dev/flac/LA_D_6514670.flac,6
/data/DATASETS/ASV_Spoof_2019_LA/ASVspoof2019_LA_train/flac/LA_T_9529881.flac,6
/data/DATASETS/ASV_Spoof_2019_LA/ASVspoof2019_LA_train/flac/LA_T_2628034.flac,6
/data/DATASETS/ASV_Spoof_2019_LA/ASVspoof2019_LA_dev/flac/LA_D_7374784.flac,6
/data/DATASETS/ASV_Spoof_2019_LA/ASVspoof2019_LA_train/flac/LA_T_4675823.flac,6
/data/DATASETS/ASV_Spoof_2019_LA/ASVspoof2019_LA_dev/flac/LA_D_2158229.flac,6
/data/DATASETS/ASV_Spoof_2019_LA/ASVspoof2019_LA_dev/flac/LA_D_1533857.flac,6
/data/DATASETS/ASV_Spoof_2019_LA/ASVspoof2019_LA_train/flac/LA_T_8597736.flac,6
/data/DATASETS/ASV_Spoof_2019_LA/ASVspoof2019_LA_train/flac/LA_T_4167589.flac,6
/data/DATASETS/ASV_Spoof_2019_LA/ASVspoof2019_LA_dev/flac/LA_D_5786466.flac,6
/data/DATASETS/ASV_Spoof_2019_LA/ASVspoof2019_LA_train/flac/LA_T_8735408.flac,6
/data/DATASETS/ASV_Spoof_2019_LA/ASVspoof2019_LA_dev/flac/LA_D_8988479.flac,6
/data/DATASETS/ASV_Spoof_2019_LA/ASVspoof2019_LA_dev/flac/LA_D_3695500.flac,6
/data/DATASETS/ASV_Spoof_2019_LA/ASVspoof2019_LA_train/flac/LA_T_9330478.flac,6
/data/DATASETS/ASV_Spoof_2019_LA/ASVspoof2019_LA_train/flac/LA_T_1390747.flac,6
/data/DATASETS/ASV_Spoof_2019_LA/ASVspoof2019_LA_train/flac/LA_T_6356488.flac,6
/data/DATASETS/ASV_Spoof_2019_LA/ASVspoof2019_LA_train/flac/LA_T_3854268.flac,6
/data/DATASETS/ASV_Spoof_2019_LA/ASVspoof2019_LA_train/flac/LA_T_9506731.flac,6
/data/DATASETS/ASV_Spoof_2019_LA/ASVspoof2019_LA_train/flac/LA_T_9323198.flac,6
/data/DATASETS/ASV_Spoof_2019_LA/ASVspoof2019_LA_dev/flac/LA_D_5895172.flac,6
/data/DATASETS/ASV_Spoof_2019_LA/ASVspoof2019_LA_train/flac/LA_T_4839164.flac,6
/data/DATASETS/ASV_Spoof_2019_LA/ASVspoof2019_LA_dev/flac/LA_D_4752880.flac,6
/data/DATASETS/ASV_Spoof_2019_LA/ASVspoof2019_LA_dev/flac/LA_D_1590976.flac,6
/data/DATASETS/ASV_Spoof_2019_LA/ASVspoof2019_LA_dev/flac/LA_D_3440565.flac,6
/data/DATASETS/ASV_Spoof_2019_LA/ASVspoof2019_LA_dev/flac/LA_D_2762370.flac,6
/data/DATASETS/ASV_Spoof_2019_LA/ASVspoof2019_LA_dev/flac/LA_D_6720500.flac,6
/data/DATASETS/ASV_Spoof_2019_LA/ASVspoof2019_LA_train/flac/LA_T_4741940.flac,6
/data/DATASETS/ASV_Spoof_2019_LA/ASVspoof2019_LA_dev/flac/LA_D_8198483.flac,6
/data/DATASETS/ASV_Spoof_2019_LA/ASVspoof2019_LA_dev/flac/LA_D_1430367.flac,6
/data/DATASETS/ASV_Spoof_2019_LA/ASVspoof2019_LA_dev/flac/LA_D_7784895.flac,6
/data/DATASETS/ASV_Spoof_2019_LA/ASVspoof2019_LA_dev/flac/LA_D_2621924.flac,6
/data/DATASETS/ASV_Spoof_2019_LA/ASVspoof2019_LA_dev/flac/LA_D_7556257.flac,6
/data/DATASETS/ASV_Spoof_2019_LA/ASVspoof2019_LA_dev/flac/LA_D_4916654.flac,6
/data/DATASETS/ASV_Spoof_2019_LA/ASVspoof2019_LA_dev/flac/LA_D_2762669.flac,6
/data/DATASETS/ASV_Spoof_2019_LA/ASVspoof2019_LA_dev/flac/LA_D_9557083.flac,6
/data/DATASETS/ASV_Spoof_2019_LA/ASVspoof2019_LA_dev/flac/LA_D_8923577.flac,6
/data/DATASETS/ASV_Spoof_2019_LA/ASVspoof2019_LA_train/flac/LA_T_9392593.flac,6
/data/DATASETS/ASV_Spoof_2019_LA/ASVspoof2019_LA_dev/flac/LA_D_6128701.flac,6
/data/DATASETS/ASV_Spoof_2019_LA/ASVspoof2019_LA_dev/flac/LA_D_4918958.flac,6
/data/DATASETS/ASV_Spoof_2019_LA/ASVspoof2019_LA_train/flac/LA_T_9423132.flac,6
/data/DATASETS/ASV_Spoof_2019_LA/ASVspoof2019_LA_train/flac/LA_T_4896735.flac,6
/data/DATASETS/ASV_Spoof_2019_LA/ASVspoof2019_LA_train/flac/LA_T_9279314.flac,6
/data/DATASETS/ASV_Spoof_2019_LA/ASVspoof2019_LA_train/flac/LA_T_9779814.flac,6
/data/DATASETS/ASV_Spoof_2019_LA/ASVspoof2019_LA_dev/flac/LA_D_8785732.flac,6
/data/DATASETS/ASV_Spoof_2019_LA/ASVspoof2019_LA_dev/flac/LA_D_1114039.flac,6
/data/DATASETS/ASV_Spoof_2019_LA/ASVspoof2019_LA_train/flac/LA_T_1805470.flac,6
/data/DATASETS/ASV_Spoof_2019_LA/ASVspoof2019_LA_dev/flac/LA_D_1418965.flac,6
/data/DATASETS/ASV_Spoof_2019_LA/ASVspoof2019_LA_dev/flac/LA_D_1975986.flac,6
/data/DATASETS/ASV_Spoof_2019_LA/ASVspoof2019_LA_train/flac/LA_T_8359715.flac,6
/data/DATASETS/ASV_Spoof_2019_LA/ASVspoof2019_LA_train/flac/LA_T_4428689.flac,6
/data/DATASETS/ASV_Spoof_2019_LA/ASVspoof2019_LA_train/flac/LA_T_4783118.flac,6
/data/DATASETS/ASV_Spoof_2019_LA/ASVspoof2019_LA_dev/flac/LA_D_3816975.flac,6
/data/DATASETS/ASV_Spoof_2019_LA/ASVspoof2019_LA_train/flac/LA_T_2578514.flac,6
/data/DATASETS/ASV_Spoof_2019_LA/ASVspoof2019_LA_train/flac/LA_T_9429328.flac,6
/data/DATASETS/ASV_Spoof_2019_LA/ASVspoof2019_LA_train/flac/LA_T_3437696.flac,6
/data/DATASETS/ASV_Spoof_2019_LA/ASVspoof2019_LA_dev/flac/LA_D_3101356.flac,6
/data/DATASETS/ASV_Spoof_2019_LA/ASVspoof2019_LA_dev/flac/LA_D_7190406.flac,6
/data/DATASETS/ASV_Spoof_2019_LA/ASVspoof2019_LA_dev/flac/LA_D_2485529.flac,6
/data/DATASETS/ASV_Spoof_2019_LA/ASVspoof2019_LA_train/flac/LA_T_4040711.flac,6
/data/DATASETS/ASV_Spoof_2019_LA/ASVspoof2019_LA_train/flac/LA_T_6118163.flac,6
/data/DATASETS/ASV_Spoof_2019_LA/ASVspoof2019_LA_train/flac/LA_T_1581266.flac,6
/data/DATASETS/ASV_Spoof_2019_LA/ASVspoof2019_LA_dev/flac/LA_D_8467174.flac,6
/data/DATASETS/ASV_Spoof_2019_LA/ASVspoof2019_LA_train/flac/LA_T_4073149.flac,6
/data/DATASETS/ASV_Spoof_2019_LA/ASVspoof2019_LA_dev/flac/LA_D_9362528.flac,6
/data/DATASETS/ASV_Spoof_2019_LA/ASVspoof2019_LA_train/flac/LA_T_9958647.flac,6
/data/DATASETS/ASV_Spoof_2019_LA/ASVspoof2019_LA_train/flac/LA_T_2154306.flac,6
/data/DATASETS/ASV_Spoof_2019_LA/ASVspoof2019_LA_train/flac/LA_T_7936010.flac,6
/data/DATASETS/ASV_Spoof_2019_LA/ASVspoof2019_LA_dev/flac/LA_D_1219426.flac,6
/data/DATASETS/ASV_Spoof_2019_LA/ASVspoof2019_LA_train/flac/LA_T_1631879.flac,6
/data/DATASETS/ASV_Spoof_2019_LA/ASVspoof2019_LA_dev/flac/LA_D_7914339.flac,6
/data/DATASETS/ASV_Spoof_2019_LA/ASVspoof2019_LA_dev/flac/LA_D_2368097.flac,6
/data/DATASETS/ASV_Spoof_2019_LA/ASVspoof2019_LA_train/flac/LA_T_7088405.flac,6
/data/DATASETS/ASV_Spoof_2019_LA/ASVspoof2019_LA_dev/flac/LA_D_6884626.flac,6
/data/DATASETS/ASV_Spoof_2019_LA/ASVspoof2019_LA_train/flac/LA_T_6550787.flac,6
/data/DATASETS/ASV_Spoof_2019_LA/ASVspoof2019_LA_train/flac/LA_T_3077161.flac,6
/data/DATASETS/ASV_Spoof_2019_LA/ASVspoof2019_LA_train/flac/LA_T_6586485.flac,6
/data/DATASETS/ASV_Spoof_2019_LA/ASVspoof2019_LA_train/flac/LA_T_6638212.flac,6
/data/DATASETS/ASV_Spoof_2019_LA/ASVspoof2019_LA_dev/flac/LA_D_8061900.flac,6
/data/DATASETS/ASV_Spoof_2019_LA/ASVspoof2019_LA_dev/flac/LA_D_3838632.flac,6
/data/DATASETS/ASV_Spoof_2019_LA/ASVspoof2019_LA_dev/flac/LA_D_1649398.flac,6
/data/DATASETS/ASV_Spoof_2019_LA/ASVspoof2019_LA_train/flac/LA_T_3893989.flac,6
/data/DATASETS/ASV_Spoof_2019_LA/ASVspoof2019_LA_train/flac/LA_T_8517136.flac,6
/data/DATASETS/ASV_Spoof_2019_LA/ASVspoof2019_LA_train/flac/LA_T_6780912.flac,6
/data/DATASETS/ASV_Spoof_2019_LA/ASVspoof2019_LA_train/flac/LA_T_2031561.flac,6
/data/DATASETS/ASV_Spoof_2019_LA/ASVspoof2019_LA_train/flac/LA_T_2945432.flac,6
/data/DATASETS/ASV_Spoof_2019_LA/ASVspoof2019_LA_train/flac/LA_T_6238820.flac,6
/data/DATASETS/ASV_Spoof_2019_LA/ASVspoof2019_LA_dev/flac/LA_D_9896814.flac,6
/data/DATASETS/ASV_Spoof_2019_LA/ASVspoof2019_LA_train/flac/LA_T_9908840.flac,6
/data/DATASETS/ASV_Spoof_2019_LA/ASVspoof2019_LA_dev/flac/LA_D_4093608.flac,6
/data/DATASETS/ASV_Spoof_2019_LA/ASVspoof2019_LA_dev/flac/LA_D_8182963.flac,6
/data/DATASETS/ASV_Spoof_2019_LA/ASVspoof2019_LA_train/flac/LA_T_2144337.flac,6
/data/DATASETS/ASV_Spoof_2019_LA/ASVspoof2019_LA_train/flac/LA_T_3023032.flac,6
/data/DATASETS/ASV_Spoof_2019_LA/ASVspoof2019_LA_dev/flac/LA_D_4561795.flac,6
/data/DATASETS/ASV_Spoof_2019_LA/ASVspoof2019_LA_dev/flac/LA_D_2350816.flac,6
/data/DATASETS/ASV_Spoof_2019_LA/ASVspoof2019_LA_dev/flac/LA_D_1440249.flac,6
/data/DATASETS/ASV_Spoof_2019_LA/ASVspoof2019_LA_train/flac/LA_T_2813893.flac,6
/data/DATASETS/ASV_Spoof_2019_LA/ASVspoof2019_LA_dev/flac/LA_D_5445662.flac,6
/data/DATASETS/ASV_Spoof_2019_LA/ASVspoof2019_LA_dev/flac/LA_D_6184039.flac,6
/data/DATASETS/ASV_Spoof_2019_LA/ASVspoof2019_LA_dev/flac/LA_D_1307590.flac,6
/data/DATASETS/ASV_Spoof_2019_LA/ASVspoof2019_LA_dev/flac/LA_D_2562314.flac,6
/data/DATASETS/ASV_Spoof_2019_LA/ASVspoof2019_LA_train/flac/LA_T_9649375.flac,6
/data/DATASETS/ASV_Spoof_2019_LA/ASVspoof2019_LA_train/flac/LA_T_4801875.flac,6
/data/DATASETS/ASV_Spoof_2019_LA/ASVspoof2019_LA_dev/flac/LA_D_2489813.flac,6
/data/DATASETS/ASV_Spoof_2019_LA/ASVspoof2019_LA_dev/flac/LA_D_7819043.flac,6
/data/DATASETS/ASV_Spoof_2019_LA/ASVspoof2019_LA_train/flac/LA_T_7698512.flac,6
/data/DATASETS/ASV_Spoof_2019_LA/ASVspoof2019_LA_train/flac/LA_T_3480601.flac,6
/data/DATASETS/ASV_Spoof_2019_LA/ASVspoof2019_LA_dev/flac/LA_D_6455805.flac,6
/data/DATASETS/ASV_Spoof_2019_LA/ASVspoof2019_LA_train/flac/LA_T_8091305.flac,6
/data/DATASETS/ASV_Spoof_2019_LA/ASVspoof2019_LA_train/flac/LA_T_2261673.flac,6
/data/DATASETS/ASV_Spoof_2019_LA/ASVspoof2019_LA_dev/flac/LA_D_2514874.flac,6
/data/DATASETS/ASV_Spoof_2019_LA/ASVspoof2019_LA_train/flac/LA_T_1475528.flac,6
/data/DATASETS/ASV_Spoof_2019_LA/ASVspoof2019_LA_dev/flac/LA_D_8846056.flac,6
/data/DATASETS/ASV_Spoof_2019_LA/ASVspoof2019_LA_dev/flac/LA_D_9515921.flac,6
/data/DATASETS/ASV_Spoof_2019_LA/ASVspoof2019_LA_train/flac/LA_T_7947443.flac,6
/data/DATASETS/ASV_Spoof_2019_LA/ASVspoof2019_LA_dev/flac/LA_D_5838500.flac,6
/data/DATASETS/ASV_Spoof_2019_LA/ASVspoof2019_LA_train/flac/LA_T_6062104.flac,6
/data/DATASETS/ASV_Spoof_2019_LA/ASVspoof2019_LA_train/flac/LA_T_9490827.flac,6
/data/DATASETS/ASV_Spoof_2019_LA/ASVspoof2019_LA_train/flac/LA_T_5280138.flac,6
/data/DATASETS/ASV_Spoof_2019_LA/ASVspoof2019_LA_train/flac/LA_T_3497527.flac,6
/data/DATASETS/ASV_Spoof_2019_LA/ASVspoof2019_LA_dev/flac/LA_D_1507549.flac,6
/data/DATASETS/ASV_Spoof_2019_LA/ASVspoof2019_LA_train/flac/LA_T_6758106.flac,6
/data/DATASETS/ASV_Spoof_2019_LA/ASVspoof2019_LA_dev/flac/LA_D_1569257.flac,6
/data/DATASETS/ASV_Spoof_2019_LA/ASVspoof2019_LA_dev/flac/LA_D_5652073.flac,6
/data/DATASETS/ASV_Spoof_2019_LA/ASVspoof2019_LA_train/flac/LA_T_3357622.flac,6
/data/DATASETS/ASV_Spoof_2019_LA/ASVspoof2019_LA_dev/flac/LA_D_2482474.flac,6
/data/DATASETS/ASV_Spoof_2019_LA/ASVspoof2019_LA_train/flac/LA_T_9329177.flac,6
/data/DATASETS/ASV_Spoof_2019_LA/ASVspoof2019_LA_train/flac/LA_T_4961158.flac,6
/data/DATASETS/ASV_Spoof_2019_LA/ASVspoof2019_LA_dev/flac/LA_D_3194587.flac,6
/data/DATASETS/ASV_Spoof_2019_LA/ASVspoof2019_LA_dev/flac/LA_D_5974348.flac,6
/data/DATASETS/ASV_Spoof_2019_LA/ASVspoof2019_LA_dev/flac/LA_D_5726307.flac,6
/data/DATASETS/ASV_Spoof_2019_LA/ASVspoof2019_LA_train/flac/LA_T_7914299.flac,6
/data/DATASETS/ASV_Spoof_2019_LA/ASVspoof2019_LA_train/flac/LA_T_7503824.flac,6
/data/DATASETS/ASV_Spoof_2019_LA/ASVspoof2019_LA_dev/flac/LA_D_3446118.flac,6
/data/DATASETS/ASV_Spoof_2019_LA/ASVspoof2019_LA_train/flac/LA_T_2955287.flac,6
/data/DATASETS/ASV_Spoof_2019_LA/ASVspoof2019_LA_train/flac/LA_T_5339842.flac,6
/data/DATASETS/ASV_Spoof_2019_LA/ASVspoof2019_LA_dev/flac/LA_D_3913064.flac,6
/data/DATASETS/ASV_Spoof_2019_LA/ASVspoof2019_LA_dev/flac/LA_D_6345727.flac,6
/data/DATASETS/ASV_Spoof_2019_LA/ASVspoof2019_LA_dev/flac/LA_D_7480369.flac,6
/data/DATASETS/ASV_Spoof_2019_LA/ASVspoof2019_LA_train/flac/LA_T_8050537.flac,6
/data/DATASETS/ASV_Spoof_2019_LA/ASVspoof2019_LA_train/flac/LA_T_1461872.flac,6
/data/DATASETS/ASV_Spoof_2019_LA/ASVspoof2019_LA_dev/flac/LA_D_2885274.flac,6
/data/DATASETS/ASV_Spoof_2019_LA/ASVspoof2019_LA_dev/flac/LA_D_2529982.flac,6
/data/DATASETS/ASV_Spoof_2019_LA/ASVspoof2019_LA_dev/flac/LA_D_7299706.flac,6
/data/DATASETS/ASV_Spoof_2019_LA/ASVspoof2019_LA_train/flac/LA_T_9655269.flac,6
/data/DATASETS/ASV_Spoof_2019_LA/ASVspoof2019_LA_dev/flac/LA_D_1477090.flac,6
/data/DATASETS/ASV_Spoof_2019_LA/ASVspoof2019_LA_train/flac/LA_T_9781811.flac,6
/data/DATASETS/ASV_Spoof_2019_LA/ASVspoof2019_LA_train/flac/LA_T_4047145.flac,6
/data/DATASETS/ASV_Spoof_2019_LA/ASVspoof2019_LA_dev/flac/LA_D_3031057.flac,6
/data/DATASETS/ASV_Spoof_2019_LA/ASVspoof2019_LA_train/flac/LA_T_4466421.flac,6
/data/DATASETS/ASV_Spoof_2019_LA/ASVspoof2019_LA_dev/flac/LA_D_3378615.flac,6
/data/DATASETS/ASV_Spoof_2019_LA/ASVspoof2019_LA_dev/flac/LA_D_3102719.flac,6
/data/DATASETS/ASV_Spoof_2019_LA/ASVspoof2019_LA_dev/flac/LA_D_8004535.flac,6
/data/DATASETS/ASV_Spoof_2019_LA/ASVspoof2019_LA_train/flac/LA_T_7702479.flac,6
/data/DATASETS/ASV_Spoof_2019_LA/ASVspoof2019_LA_train/flac/LA_T_6979266.flac,6
/data/DATASETS/ASV_Spoof_2019_LA/ASVspoof2019_LA_train/flac/LA_T_4437196.flac,6
/data/DATASETS/ASV_Spoof_2019_LA/ASVspoof2019_LA_dev/flac/LA_D_2156469.flac,6
/data/DATASETS/ASV_Spoof_2019_LA/ASVspoof2019_LA_train/flac/LA_T_8817344.flac,6
/data/DATASETS/ASV_Spoof_2019_LA/ASVspoof2019_LA_train/flac/LA_T_6050095.flac,6
/data/DATASETS/ASV_Spoof_2019_LA/ASVspoof2019_LA_dev/flac/LA_D_5034046.flac,6
/data/DATASETS/ASV_Spoof_2019_LA/ASVspoof2019_LA_train/flac/LA_T_4029800.flac,6
/data/DATASETS/ASV_Spoof_2019_LA/ASVspoof2019_LA_dev/flac/LA_D_6424034.flac,6
/data/DATASETS/ASV_Spoof_2019_LA/ASVspoof2019_LA_dev/flac/LA_D_2864137.flac,6
/data/DATASETS/ASV_Spoof_2019_LA/ASVspoof2019_LA_dev/flac/LA_D_9061973.flac,6
/data/DATASETS/ASV_Spoof_2019_LA/ASVspoof2019_LA_train/flac/LA_T_1310172.flac,6
/data/DATASETS/ASV_Spoof_2019_LA/ASVspoof2019_LA_dev/flac/LA_D_8250644.flac,6
/data/DATASETS/ASV_Spoof_2019_LA/ASVspoof2019_LA_dev/flac/LA_D_3109792.flac,6
/data/DATASETS/ASV_Spoof_2019_LA/ASVspoof2019_LA_dev/flac/LA_D_3048934.flac,6
/data/DATASETS/ASV_Spoof_2019_LA/ASVspoof2019_LA_train/flac/LA_T_7199108.flac,6
/data/DATASETS/ASV_Spoof_2019_LA/ASVspoof2019_LA_dev/flac/LA_D_9436918.flac,6
/data/DATASETS/ASV_Spoof_2019_LA/ASVspoof2019_LA_dev/flac/LA_D_5868191.flac,6
/data/DATASETS/ASV_Spoof_2019_LA/ASVspoof2019_LA_train/flac/LA_T_4737836.flac,6
/data/DATASETS/ASV_Spoof_2019_LA/ASVspoof2019_LA_dev/flac/LA_D_2210828.flac,6
/data/DATASETS/ASV_Spoof_2019_LA/ASVspoof2019_LA_dev/flac/LA_D_6054110.flac,6
/data/DATASETS/ASV_Spoof_2019_LA/ASVspoof2019_LA_dev/flac/LA_D_9868503.flac,6
/data/DATASETS/ASV_Spoof_2019_LA/ASVspoof2019_LA_dev/flac/LA_D_1293149.flac,6
/data/DATASETS/ASV_Spoof_2019_LA/ASVspoof2019_LA_dev/flac/LA_D_5376558.flac,6
/data/DATASETS/ASV_Spoof_2019_LA/ASVspoof2019_LA_train/flac/LA_T_7337821.flac,6
/data/DATASETS/ASV_Spoof_2019_LA/ASVspoof2019_LA_dev/flac/LA_D_9355453.flac,6
/data/DATASETS/ASV_Spoof_2019_LA/ASVspoof2019_LA_train/flac/LA_T_4421833.flac,6
/data/DATASETS/ASV_Spoof_2019_LA/ASVspoof2019_LA_dev/flac/LA_D_8131208.flac,6
/data/DATASETS/ASV_Spoof_2019_LA/ASVspoof2019_LA_train/flac/LA_T_4291484.flac,6
/data/DATASETS/ASV_Spoof_2019_LA/ASVspoof2019_LA_train/flac/LA_T_4888310.flac,6
/data/DATASETS/ASV_Spoof_2019_LA/ASVspoof2019_LA_train/flac/LA_T_9502535.flac,6
/data/DATASETS/ASV_Spoof_2019_LA/ASVspoof2019_LA_dev/flac/LA_D_5109249.flac,6
/data/DATASETS/ASV_Spoof_2019_LA/ASVspoof2019_LA_dev/flac/LA_D_9444024.flac,6
/data/DATASETS/ASV_Spoof_2019_LA/ASVspoof2019_LA_train/flac/LA_T_7593812.flac,6
/data/DATASETS/ASV_Spoof_2019_LA/ASVspoof2019_LA_train/flac/LA_T_1568153.flac,6
/data/DATASETS/ASV_Spoof_2019_LA/ASVspoof2019_LA_dev/flac/LA_D_3390672.flac,6
/data/DATASETS/ASV_Spoof_2019_LA/ASVspoof2019_LA_dev/flac/LA_D_4979175.flac,6
/data/DATASETS/ASV_Spoof_2019_LA/ASVspoof2019_LA_dev/flac/LA_D_4723030.flac,6
/data/DATASETS/ASV_Spoof_2019_LA/ASVspoof2019_LA_train/flac/LA_T_8874034.flac,6
/data/DATASETS/ASV_Spoof_2019_LA/ASVspoof2019_LA_dev/flac/LA_D_3524921.flac,6
/data/DATASETS/ASV_Spoof_2019_LA/ASVspoof2019_LA_dev/flac/LA_D_5536552.flac,6
/data/DATASETS/ASV_Spoof_2019_LA/ASVspoof2019_LA_train/flac/LA_T_4102973.flac,6
/data/DATASETS/ASV_Spoof_2019_LA/ASVspoof2019_LA_dev/flac/LA_D_1875610.flac,6
/data/DATASETS/ASV_Spoof_2019_LA/ASVspoof2019_LA_train/flac/LA_T_3424074.flac,6
/data/DATASETS/ASV_Spoof_2019_LA/ASVspoof2019_LA_train/flac/LA_T_1271764.flac,6
/data/DATASETS/ASV_Spoof_2019_LA/ASVspoof2019_LA_train/flac/LA_T_3246077.flac,6
/data/DATASETS/ASV_Spoof_2019_LA/ASVspoof2019_LA_train/flac/LA_T_2754272.flac,6
/data/DATASETS/ASV_Spoof_2019_LA/ASVspoof2019_LA_train/flac/LA_T_1176618.flac,6
/data/DATASETS/ASV_Spoof_2019_LA/ASVspoof2019_LA_dev/flac/LA_D_9789557.flac,6
/data/DATASETS/ASV_Spoof_2019_LA/ASVspoof2019_LA_dev/flac/LA_D_8506451.flac,6
/data/DATASETS/ASV_Spoof_2019_LA/ASVspoof2019_LA_train/flac/LA_T_9717580.flac,6
/data/DATASETS/ASV_Spoof_2019_LA/ASVspoof2019_LA_dev/flac/LA_D_6464994.flac,6
/data/DATASETS/ASV_Spoof_2019_LA/ASVspoof2019_LA_train/flac/LA_T_5195419.flac,6
/data/DATASETS/ASV_Spoof_2019_LA/ASVspoof2019_LA_dev/flac/LA_D_7013578.flac,6
/data/DATASETS/ASV_Spoof_2019_LA/ASVspoof2019_LA_train/flac/LA_T_3850846.flac,6
/data/DATASETS/ASV_Spoof_2019_LA/ASVspoof2019_LA_dev/flac/LA_D_2503752.flac,6
/data/DATASETS/ASV_Spoof_2019_LA/ASVspoof2019_LA_train/flac/LA_T_9758941.flac,6
/data/DATASETS/ASV_Spoof_2019_LA/ASVspoof2019_LA_dev/flac/LA_D_3479464.flac,6
/data/DATASETS/ASV_Spoof_2019_LA/ASVspoof2019_LA_train/flac/LA_T_3163710.flac,6
/data/DATASETS/ASV_Spoof_2019_LA/ASVspoof2019_LA_dev/flac/LA_D_6931090.flac,6
/data/DATASETS/ASV_Spoof_2019_LA/ASVspoof2019_LA_dev/flac/LA_D_8955275.flac,6
/data/DATASETS/ASV_Spoof_2019_LA/ASVspoof2019_LA_dev/flac/LA_D_3242439.flac,6
/data/DATASETS/ASV_Spoof_2019_LA/ASVspoof2019_LA_dev/flac/LA_D_8848915.flac,6
/data/DATASETS/ASV_Spoof_2019_LA/ASVspoof2019_LA_dev/flac/LA_D_3417486.flac,6
/data/DATASETS/ASV_Spoof_2019_LA/ASVspoof2019_LA_train/flac/LA_T_1793754.flac,6
/data/DATASETS/ASV_Spoof_2019_LA/ASVspoof2019_LA_train/flac/LA_T_3678438.flac,6
/data/DATASETS/ASV_Spoof_2019_LA/ASVspoof2019_LA_train/flac/LA_T_5476107.flac,6
/data/DATASETS/ASV_Spoof_2019_LA/ASVspoof2019_LA_train/flac/LA_T_6458059.flac,6
/data/DATASETS/ASV_Spoof_2019_LA/ASVspoof2019_LA_dev/flac/LA_D_7470485.flac,6
/data/DATASETS/ASV_Spoof_2019_LA/ASVspoof2019_LA_train/flac/LA_T_5384279.flac,6
/data/DATASETS/ASV_Spoof_2019_LA/ASVspoof2019_LA_train/flac/LA_T_6309904.flac,6
/data/DATASETS/ASV_Spoof_2019_LA/ASVspoof2019_LA_train/flac/LA_T_3678659.flac,6
/data/DATASETS/ASV_Spoof_2019_LA/ASVspoof2019_LA_train/flac/LA_T_1666402.flac,6
/data/DATASETS/ASV_Spoof_2019_LA/ASVspoof2019_LA_train/flac/LA_T_7994386.flac,6
/data/DATASETS/ASV_Spoof_2019_LA/ASVspoof2019_LA_train/flac/LA_T_1664424.flac,6
/data/DATASETS/ASV_Spoof_2019_LA/ASVspoof2019_LA_dev/flac/LA_D_4418754.flac,6
/data/DATASETS/ASV_Spoof_2019_LA/ASVspoof2019_LA_dev/flac/LA_D_2149013.flac,6
/data/DATASETS/ASV_Spoof_2019_LA/ASVspoof2019_LA_dev/flac/LA_D_2768627.flac,6
/data/DATASETS/ASV_Spoof_2019_LA/ASVspoof2019_LA_train/flac/LA_T_1696015.flac,6
/data/DATASETS/ASV_Spoof_2019_LA/ASVspoof2019_LA_train/flac/LA_T_7721943.flac,6
/data/DATASETS/ASV_Spoof_2019_LA/ASVspoof2019_LA_train/flac/LA_T_1901362.flac,6
/data/DATASETS/ASV_Spoof_2019_LA/ASVspoof2019_LA_train/flac/LA_T_4286968.flac,6
/data/DATASETS/ASV_Spoof_2019_LA/ASVspoof2019_LA_train/flac/LA_T_5081243.flac,6
/data/DATASETS/ASV_Spoof_2019_LA/ASVspoof2019_LA_dev/flac/LA_D_7470679.flac,6
/data/DATASETS/ASV_Spoof_2019_LA/ASVspoof2019_LA_train/flac/LA_T_7907374.flac,6
/data/DATASETS/ASV_Spoof_2019_LA/ASVspoof2019_LA_dev/flac/LA_D_4514767.flac,6
/data/DATASETS/ASV_Spoof_2019_LA/ASVspoof2019_LA_train/flac/LA_T_1494819.flac,6
/data/DATASETS/ASV_Spoof_2019_LA/ASVspoof2019_LA_train/flac/LA_T_4070808.flac,6
/data/DATASETS/ASV_Spoof_2019_LA/ASVspoof2019_LA_train/flac/LA_T_7510961.flac,6
/data/DATASETS/ASV_Spoof_2019_LA/ASVspoof2019_LA_train/flac/LA_T_3235177.flac,6
/data/DATASETS/ASV_Spoof_2019_LA/ASVspoof2019_LA_dev/flac/LA_D_5817478.flac,6
/data/DATASETS/ASV_Spoof_2019_LA/ASVspoof2019_LA_dev/flac/LA_D_2290487.flac,6
/data/DATASETS/ASV_Spoof_2019_LA/ASVspoof2019_LA_dev/flac/LA_D_8631402.flac,6
/data/DATASETS/ASV_Spoof_2019_LA/ASVspoof2019_LA_train/flac/LA_T_3663439.flac,6
/data/DATASETS/ASV_Spoof_2019_LA/ASVspoof2019_LA_train/flac/LA_T_3845922.flac,6
/data/DATASETS/ASV_Spoof_2019_LA/ASVspoof2019_LA_dev/flac/LA_D_1580544.flac,6
/data/DATASETS/ASV_Spoof_2019_LA/ASVspoof2019_LA_dev/flac/LA_D_9542497.flac,6
/data/DATASETS/ASV_Spoof_2019_LA/ASVspoof2019_LA_dev/flac/LA_D_2500858.flac,6
/data/DATASETS/ASV_Spoof_2019_LA/ASVspoof2019_LA_dev/flac/LA_D_2598422.flac,6
/data/DATASETS/ASV_Spoof_2019_LA/ASVspoof2019_LA_dev/flac/LA_D_7421940.flac,6
/data/DATASETS/ASV_Spoof_2019_LA/ASVspoof2019_LA_train/flac/LA_T_3912334.flac,6
/data/DATASETS/ASV_Spoof_2019_LA/ASVspoof2019_LA_dev/flac/LA_D_3906822.flac,6
/data/DATASETS/ASV_Spoof_2019_LA/ASVspoof2019_LA_train/flac/LA_T_6079795.flac,6
/data/DATASETS/ASV_Spoof_2019_LA/ASVspoof2019_LA_dev/flac/LA_D_2621260.flac,6
/data/DATASETS/ASV_Spoof_2019_LA/ASVspoof2019_LA_dev/flac/LA_D_1251280.flac,6
/data/DATASETS/ASV_Spoof_2019_LA/ASVspoof2019_LA_dev/flac/LA_D_1253703.flac,6
/data/DATASETS/ASV_Spoof_2019_LA/ASVspoof2019_LA_dev/flac/LA_D_2437399.flac,6
/data/DATASETS/ASV_Spoof_2019_LA/ASVspoof2019_LA_dev/flac/LA_D_9688437.flac,6
/data/DATASETS/ASV_Spoof_2019_LA/ASVspoof2019_LA_train/flac/LA_T_8112182.flac,6
/data/DATASETS/ASV_Spoof_2019_LA/ASVspoof2019_LA_train/flac/LA_T_2850175.flac,6
/data/DATASETS/ASV_Spoof_2019_LA/ASVspoof2019_LA_train/flac/LA_T_7271712.flac,6
/data/DATASETS/ASV_Spoof_2019_LA/ASVspoof2019_LA_train/flac/LA_T_2808599.flac,6
/data/DATASETS/ASV_Spoof_2019_LA/ASVspoof2019_LA_dev/flac/LA_D_9653754.flac,6
/data/DATASETS/ASV_Spoof_2019_LA/ASVspoof2019_LA_dev/flac/LA_D_6443808.flac,6
/data/DATASETS/ASV_Spoof_2019_LA/ASVspoof2019_LA_dev/flac/LA_D_9930845.flac,6
/data/DATASETS/ASV_Spoof_2019_LA/ASVspoof2019_LA_train/flac/LA_T_2512862.flac,6
/data/DATASETS/ASV_Spoof_2019_LA/ASVspoof2019_LA_dev/flac/LA_D_3520036.flac,6
/data/DATASETS/ASV_Spoof_2019_LA/ASVspoof2019_LA_dev/flac/LA_D_9452677.flac,6
/data/DATASETS/ASV_Spoof_2019_LA/ASVspoof2019_LA_train/flac/LA_T_5881843.flac,6
/data/DATASETS/ASV_Spoof_2019_LA/ASVspoof2019_LA_dev/flac/LA_D_6271793.flac,6
/data/DATASETS/ASV_Spoof_2019_LA/ASVspoof2019_LA_dev/flac/LA_D_5723608.flac,6
/data/DATASETS/ASV_Spoof_2019_LA/ASVspoof2019_LA_train/flac/LA_T_4547119.flac,6
/data/DATASETS/ASV_Spoof_2019_LA/ASVspoof2019_LA_dev/flac/LA_D_4966032.flac,6
/data/DATASETS/ASV_Spoof_2019_LA/ASVspoof2019_LA_dev/flac/LA_D_3823574.flac,6
/data/DATASETS/ASV_Spoof_2019_LA/ASVspoof2019_LA_dev/flac/LA_D_3379127.flac,6
/data/DATASETS/ASV_Spoof_2019_LA/ASVspoof2019_LA_dev/flac/LA_D_7851594.flac,6
/data/DATASETS/ASV_Spoof_2019_LA/ASVspoof2019_LA_train/flac/LA_T_5410957.flac,6
/data/DATASETS/ASV_Spoof_2019_LA/ASVspoof2019_LA_dev/flac/LA_D_2240494.flac,6
/data/DATASETS/ASV_Spoof_2019_LA/ASVspoof2019_LA_dev/flac/LA_D_7702151.flac,6
/data/DATASETS/ASV_Spoof_2019_LA/ASVspoof2019_LA_dev/flac/LA_D_6100403.flac,6
/data/DATASETS/ASV_Spoof_2019_LA/ASVspoof2019_LA_train/flac/LA_T_5170962.flac,6
/data/DATASETS/ASV_Spoof_2019_LA/ASVspoof2019_LA_dev/flac/LA_D_2997639.flac,6
/data/DATASETS/ASV_Spoof_2019_LA/ASVspoof2019_LA_dev/flac/LA_D_2218447.flac,6
/data/DATASETS/ASV_Spoof_2019_LA/ASVspoof2019_LA_dev/flac/LA_D_7634677.flac,6
/data/DATASETS/ASV_Spoof_2019_LA/ASVspoof2019_LA_train/flac/LA_T_9722032.flac,6
/data/DATASETS/ASV_Spoof_2019_LA/ASVspoof2019_LA_train/flac/LA_T_2613474.flac,6
/data/DATASETS/ASV_Spoof_2019_LA/ASVspoof2019_LA_dev/flac/LA_D_5751999.flac,6
/data/DATASETS/ASV_Spoof_2019_LA/ASVspoof2019_LA_dev/flac/LA_D_1516713.flac,6
/data/DATASETS/ASV_Spoof_2019_LA/ASVspoof2019_LA_train/flac/LA_T_8298614.flac,6
/data/DATASETS/ASV_Spoof_2019_LA/ASVspoof2019_LA_train/flac/LA_T_1831632.flac,6
/data/DATASETS/ASV_Spoof_2019_LA/ASVspoof2019_LA_dev/flac/LA_D_2185134.flac,6
/data/DATASETS/ASV_Spoof_2019_LA/ASVspoof2019_LA_train/flac/LA_T_8098525.flac,6
/data/DATASETS/ASV_Spoof_2019_LA/ASVspoof2019_LA_dev/flac/LA_D_9402940.flac,6
/data/DATASETS/ASV_Spoof_2019_LA/ASVspoof2019_LA_train/flac/LA_T_8877533.flac,6
/data/DATASETS/ASV_Spoof_2019_LA/ASVspoof2019_LA_train/flac/LA_T_2333164.flac,6
/data/DATASETS/ASV_Spoof_2019_LA/ASVspoof2019_LA_train/flac/LA_T_2586132.flac,6
/data/DATASETS/ASV_Spoof_2019_LA/ASVspoof2019_LA_train/flac/LA_T_4907342.flac,6
/data/DATASETS/ASV_Spoof_2019_LA/ASVspoof2019_LA_train/flac/LA_T_7243891.flac,6
/data/DATASETS/ASV_Spoof_2019_LA/ASVspoof2019_LA_dev/flac/LA_D_5510072.flac,6
/data/DATASETS/ASV_Spoof_2019_LA/ASVspoof2019_LA_dev/flac/LA_D_8116303.flac,6
/data/DATASETS/ASV_Spoof_2019_LA/ASVspoof2019_LA_train/flac/LA_T_6686043.flac,6
/data/DATASETS/ASV_Spoof_2019_LA/ASVspoof2019_LA_train/flac/LA_T_2187509.flac,6
/data/DATASETS/ASV_Spoof_2019_LA/ASVspoof2019_LA_train/flac/LA_T_1981719.flac,6
/data/DATASETS/ASV_Spoof_2019_LA/ASVspoof2019_LA_train/flac/LA_T_1180374.flac,6
/data/DATASETS/ASV_Spoof_2019_LA/ASVspoof2019_LA_train/flac/LA_T_6520637.flac,6
/data/DATASETS/ASV_Spoof_2019_LA/ASVspoof2019_LA_dev/flac/LA_D_9752782.flac,6
/data/DATASETS/ASV_Spoof_2019_LA/ASVspoof2019_LA_dev/flac/LA_D_2490654.flac,6
/data/DATASETS/ASV_Spoof_2019_LA/ASVspoof2019_LA_dev/flac/LA_D_5749828.flac,6
/data/DATASETS/ASV_Spoof_2019_LA/ASVspoof2019_LA_train/flac/LA_T_8134174.flac,6
/data/DATASETS/ASV_Spoof_2019_LA/ASVspoof2019_LA_train/flac/LA_T_6092020.flac,6
/data/DATASETS/ASV_Spoof_2019_LA/ASVspoof2019_LA_train/flac/LA_T_2394631.flac,6
/data/DATASETS/ASV_Spoof_2019_LA/ASVspoof2019_LA_dev/flac/LA_D_7519610.flac,6
/data/DATASETS/ASV_Spoof_2019_LA/ASVspoof2019_LA_dev/flac/LA_D_4342639.flac,6
/data/DATASETS/ASV_Spoof_2019_LA/ASVspoof2019_LA_dev/flac/LA_D_6156761.flac,6
/data/DATASETS/ASV_Spoof_2019_LA/ASVspoof2019_LA_dev/flac/LA_D_7095518.flac,6
/data/DATASETS/ASV_Spoof_2019_LA/ASVspoof2019_LA_dev/flac/LA_D_4296081.flac,6
/data/DATASETS/ASV_Spoof_2019_LA/ASVspoof2019_LA_train/flac/LA_T_4477731.flac,6
/data/DATASETS/ASV_Spoof_2019_LA/ASVspoof2019_LA_dev/flac/LA_D_9789777.flac,6
/data/DATASETS/ASV_Spoof_2019_LA/ASVspoof2019_LA_dev/flac/LA_D_8505001.flac,6
/data/DATASETS/ASV_Spoof_2019_LA/ASVspoof2019_LA_dev/flac/LA_D_4837193.flac,6
/data/DATASETS/ASV_Spoof_2019_LA/ASVspoof2019_LA_train/flac/LA_T_4239750.flac,6
/data/DATASETS/ASV_Spoof_2019_LA/ASVspoof2019_LA_train/flac/LA_T_2210210.flac,6
/data/DATASETS/ASV_Spoof_2019_LA/ASVspoof2019_LA_dev/flac/LA_D_3865981.flac,6
/data/DATASETS/ASV_Spoof_2019_LA/ASVspoof2019_LA_train/flac/LA_T_8560215.flac,6
/data/DATASETS/ASV_Spoof_2019_LA/ASVspoof2019_LA_dev/flac/LA_D_4623174.flac,6
/data/DATASETS/ASV_Spoof_2019_LA/ASVspoof2019_LA_train/flac/LA_T_7701899.flac,6
/data/DATASETS/ASV_Spoof_2019_LA/ASVspoof2019_LA_dev/flac/LA_D_2591831.flac,6
/data/DATASETS/ASV_Spoof_2019_LA/ASVspoof2019_LA_train/flac/LA_T_9699345.flac,6
/data/DATASETS/ASV_Spoof_2019_LA/ASVspoof2019_LA_train/flac/LA_T_8691732.flac,6
/data/DATASETS/ASV_Spoof_2019_LA/ASVspoof2019_LA_dev/flac/LA_D_1882571.flac,6
/data/DATASETS/ASV_Spoof_2019_LA/ASVspoof2019_LA_dev/flac/LA_D_2488913.flac,6
/data/DATASETS/ASV_Spoof_2019_LA/ASVspoof2019_LA_dev/flac/LA_D_8619253.flac,6
/data/DATASETS/ASV_Spoof_2019_LA/ASVspoof2019_LA_train/flac/LA_T_6596301.flac,6
/data/DATASETS/ASV_Spoof_2019_LA/ASVspoof2019_LA_train/flac/LA_T_4753459.flac,6
/data/DATASETS/ASV_Spoof_2019_LA/ASVspoof2019_LA_dev/flac/LA_D_7388871.flac,6
/data/DATASETS/ASV_Spoof_2019_LA/ASVspoof2019_LA_dev/flac/LA_D_5362934.flac,6
/data/DATASETS/ASV_Spoof_2019_LA/ASVspoof2019_LA_dev/flac/LA_D_3409196.flac,6
/data/DATASETS/ASV_Spoof_2019_LA/ASVspoof2019_LA_dev/flac/LA_D_2074516.flac,6
/data/DATASETS/ASV_Spoof_2019_LA/ASVspoof2019_LA_train/flac/LA_T_4856862.flac,6
/data/DATASETS/ASV_Spoof_2019_LA/ASVspoof2019_LA_train/flac/LA_T_9198015.flac,6
/data/DATASETS/ASV_Spoof_2019_LA/ASVspoof2019_LA_train/flac/LA_T_5459153.flac,6
/data/DATASETS/ASV_Spoof_2019_LA/ASVspoof2019_LA_dev/flac/LA_D_5809176.flac,6
/data/DATASETS/ASV_Spoof_2019_LA/ASVspoof2019_LA_train/flac/LA_T_1314519.flac,6
/data/DATASETS/ASV_Spoof_2019_LA/ASVspoof2019_LA_train/flac/LA_T_3965629.flac,6
/data/DATASETS/ASV_Spoof_2019_LA/ASVspoof2019_LA_dev/flac/LA_D_5328894.flac,6
/data/DATASETS/ASV_Spoof_2019_LA/ASVspoof2019_LA_dev/flac/LA_D_7348364.flac,6
/data/DATASETS/ASV_Spoof_2019_LA/ASVspoof2019_LA_dev/flac/LA_D_6490506.flac,6
/data/DATASETS/ASV_Spoof_2019_LA/ASVspoof2019_LA_dev/flac/LA_D_4143632.flac,6
/data/DATASETS/ASV_Spoof_2019_LA/ASVspoof2019_LA_dev/flac/LA_D_4985835.flac,6
/data/DATASETS/ASV_Spoof_2019_LA/ASVspoof2019_LA_train/flac/LA_T_9333996.flac,6
/data/DATASETS/ASV_Spoof_2019_LA/ASVspoof2019_LA_train/flac/LA_T_4803167.flac,6
/data/DATASETS/ASV_Spoof_2019_LA/ASVspoof2019_LA_train/flac/LA_T_2050190.flac,6
/data/DATASETS/ASV_Spoof_2019_LA/ASVspoof2019_LA_train/flac/LA_T_6610883.flac,6
/data/DATASETS/ASV_Spoof_2019_LA/ASVspoof2019_LA_train/flac/LA_T_5252658.flac,6
/data/DATASETS/ASV_Spoof_2019_LA/ASVspoof2019_LA_dev/flac/LA_D_3639376.flac,6
/data/DATASETS/ASV_Spoof_2019_LA/ASVspoof2019_LA_train/flac/LA_T_5262470.flac,6
/data/DATASETS/ASV_Spoof_2019_LA/ASVspoof2019_LA_train/flac/LA_T_2279753.flac,6
/data/DATASETS/ASV_Spoof_2019_LA/ASVspoof2019_LA_train/flac/LA_T_3503316.flac,6
/data/DATASETS/ASV_Spoof_2019_LA/ASVspoof2019_LA_train/flac/LA_T_8063852.flac,6
/data/DATASETS/ASV_Spoof_2019_LA/ASVspoof2019_LA_dev/flac/LA_D_6247219.flac,6
/data/DATASETS/ASV_Spoof_2019_LA/ASVspoof2019_LA_train/flac/LA_T_3113811.flac,6
/data/DATASETS/ASV_Spoof_2019_LA/ASVspoof2019_LA_train/flac/LA_T_1199774.flac,6
/data/DATASETS/ASV_Spoof_2019_LA/ASVspoof2019_LA_dev/flac/LA_D_9635349.flac,6
/data/DATASETS/ASV_Spoof_2019_LA/ASVspoof2019_LA_train/flac/LA_T_2631707.flac,6
/data/DATASETS/ASV_Spoof_2019_LA/ASVspoof2019_LA_train/flac/LA_T_5889707.flac,6
/data/DATASETS/ASV_Spoof_2019_LA/ASVspoof2019_LA_train/flac/LA_T_5813352.flac,6
/data/DATASETS/ASV_Spoof_2019_LA/ASVspoof2019_LA_dev/flac/LA_D_9596234.flac,6
/data/DATASETS/ASV_Spoof_2019_LA/ASVspoof2019_LA_train/flac/LA_T_9460337.flac,6
/data/DATASETS/ASV_Spoof_2019_LA/ASVspoof2019_LA_train/flac/LA_T_2552223.flac,6
/data/DATASETS/ASV_Spoof_2019_LA/ASVspoof2019_LA_train/flac/LA_T_9672946.flac,6
/data/DATASETS/ASV_Spoof_2019_LA/ASVspoof2019_LA_train/flac/LA_T_7576572.flac,6
/data/DATASETS/ASV_Spoof_2019_LA/ASVspoof2019_LA_train/flac/LA_T_5265006.flac,6
/data/DATASETS/ASV_Spoof_2019_LA/ASVspoof2019_LA_dev/flac/LA_D_1075128.flac,6
/data/DATASETS/ASV_Spoof_2019_LA/ASVspoof2019_LA_dev/flac/LA_D_7744376.flac,6
/data/DATASETS/ASV_Spoof_2019_LA/ASVspoof2019_LA_train/flac/LA_T_8805612.flac,6
/data/DATASETS/ASV_Spoof_2019_LA/ASVspoof2019_LA_train/flac/LA_T_7647145.flac,6
/data/DATASETS/ASV_Spoof_2019_LA/ASVspoof2019_LA_train/flac/LA_T_8408729.flac,6
/data/DATASETS/ASV_Spoof_2019_LA/ASVspoof2019_LA_train/flac/LA_T_1798105.flac,6
/data/DATASETS/ASV_Spoof_2019_LA/ASVspoof2019_LA_dev/flac/LA_D_1166735.flac,6
/data/DATASETS/ASV_Spoof_2019_LA/ASVspoof2019_LA_dev/flac/LA_D_2559709.flac,6
/data/DATASETS/ASV_Spoof_2019_LA/ASVspoof2019_LA_dev/flac/LA_D_1097191.flac,6
/data/DATASETS/ASV_Spoof_2019_LA/ASVspoof2019_LA_train/flac/LA_T_2166108.flac,6
/data/DATASETS/ASV_Spoof_2019_LA/ASVspoof2019_LA_train/flac/LA_T_2969615.flac,6
/data/DATASETS/ASV_Spoof_2019_LA/ASVspoof2019_LA_train/flac/LA_T_6830305.flac,6
/data/DATASETS/ASV_Spoof_2019_LA/ASVspoof2019_LA_train/flac/LA_T_8343021.flac,6
/data/DATASETS/ASV_Spoof_2019_LA/ASVspoof2019_LA_dev/flac/LA_D_7769896.flac,6
/data/DATASETS/ASV_Spoof_2019_LA/ASVspoof2019_LA_dev/flac/LA_D_8764534.flac,6
/data/DATASETS/ASV_Spoof_2019_LA/ASVspoof2019_LA_train/flac/LA_T_9910870.flac,6
/data/DATASETS/ASV_Spoof_2019_LA/ASVspoof2019_LA_train/flac/LA_T_6354678.flac,6
/data/DATASETS/ASV_Spoof_2019_LA/ASVspoof2019_LA_train/flac/LA_T_4147654.flac,6
/data/DATASETS/ASV_Spoof_2019_LA/ASVspoof2019_LA_dev/flac/LA_D_8521403.flac,6
/data/DATASETS/ASV_Spoof_2019_LA/ASVspoof2019_LA_train/flac/LA_T_9416079.flac,6
/data/DATASETS/ASV_Spoof_2019_LA/ASVspoof2019_LA_dev/flac/LA_D_4193506.flac,6
/data/DATASETS/ASV_Spoof_2019_LA/ASVspoof2019_LA_train/flac/LA_T_9750381.flac,6
/data/DATASETS/ASV_Spoof_2019_LA/ASVspoof2019_LA_dev/flac/LA_D_7377187.flac,6
/data/DATASETS/ASV_Spoof_2019_LA/ASVspoof2019_LA_dev/flac/LA_D_8826258.flac,6
/data/DATASETS/ASV_Spoof_2019_LA/ASVspoof2019_LA_dev/flac/LA_D_5078216.flac,6
/data/DATASETS/ASV_Spoof_2019_LA/ASVspoof2019_LA_dev/flac/LA_D_8891088.flac,6
/data/DATASETS/ASV_Spoof_2019_LA/ASVspoof2019_LA_dev/flac/LA_D_9119095.flac,6
/data/DATASETS/ASV_Spoof_2019_LA/ASVspoof2019_LA_dev/flac/LA_D_5510361.flac,6
/data/DATASETS/ASV_Spoof_2019_LA/ASVspoof2019_LA_train/flac/LA_T_5448075.flac,6
/data/DATASETS/ASV_Spoof_2019_LA/ASVspoof2019_LA_train/flac/LA_T_4567574.flac,6
/data/DATASETS/ASV_Spoof_2019_LA/ASVspoof2019_LA_train/flac/LA_T_7964420.flac,6
/data/DATASETS/ASV_Spoof_2019_LA/ASVspoof2019_LA_dev/flac/LA_D_8375912.flac,6
/data/DATASETS/ASV_Spoof_2019_LA/ASVspoof2019_LA_dev/flac/LA_D_5393942.flac,6
/data/DATASETS/ASV_Spoof_2019_LA/ASVspoof2019_LA_train/flac/LA_T_7196493.flac,6
/data/DATASETS/ASV_Spoof_2019_LA/ASVspoof2019_LA_train/flac/LA_T_6115977.flac,6
/data/DATASETS/ASV_Spoof_2019_LA/ASVspoof2019_LA_train/flac/LA_T_8131777.flac,6
/data/DATASETS/ASV_Spoof_2019_LA/ASVspoof2019_LA_train/flac/LA_T_1100628.flac,6
/data/DATASETS/ASV_Spoof_2019_LA/ASVspoof2019_LA_train/flac/LA_T_6132697.flac,6
/data/DATASETS/ASV_Spoof_2019_LA/ASVspoof2019_LA_train/flac/LA_T_7466300.flac,6
/data/DATASETS/ASV_Spoof_2019_LA/ASVspoof2019_LA_dev/flac/LA_D_3106372.flac,6
/data/DATASETS/ASV_Spoof_2019_LA/ASVspoof2019_LA_dev/flac/LA_D_9733247.flac,6
/data/DATASETS/ASV_Spoof_2019_LA/ASVspoof2019_LA_train/flac/LA_T_2860136.flac,6
/data/DATASETS/ASV_Spoof_2019_LA/ASVspoof2019_LA_train/flac/LA_T_7814703.flac,6
/data/DATASETS/ASV_Spoof_2019_LA/ASVspoof2019_LA_train/flac/LA_T_1275125.flac,6
/data/DATASETS/ASV_Spoof_2019_LA/ASVspoof2019_LA_dev/flac/LA_D_9425296.flac,6
/data/DATASETS/ASV_Spoof_2019_LA/ASVspoof2019_LA_train/flac/LA_T_1072331.flac,6
/data/DATASETS/ASV_Spoof_2019_LA/ASVspoof2019_LA_train/flac/LA_T_6038190.flac,6
/data/DATASETS/ASV_Spoof_2019_LA/ASVspoof2019_LA_train/flac/LA_T_6542233.flac,6
/data/DATASETS/ASV_Spoof_2019_LA/ASVspoof2019_LA_dev/flac/LA_D_8683862.flac,6
/data/DATASETS/ASV_Spoof_2019_LA/ASVspoof2019_LA_train/flac/LA_T_1392727.flac,6
/data/DATASETS/ASV_Spoof_2019_LA/ASVspoof2019_LA_train/flac/LA_T_3946614.flac,6
/data/DATASETS/ASV_Spoof_2019_LA/ASVspoof2019_LA_dev/flac/LA_D_9594827.flac,6
/data/DATASETS/ASV_Spoof_2019_LA/ASVspoof2019_LA_train/flac/LA_T_5409495.flac,6
/data/DATASETS/ASV_Spoof_2019_LA/ASVspoof2019_LA_train/flac/LA_T_4861430.flac,6
/data/DATASETS/ASV_Spoof_2019_LA/ASVspoof2019_LA_dev/flac/LA_D_6093121.flac,6
/data/DATASETS/ASV_Spoof_2019_LA/ASVspoof2019_LA_train/flac/LA_T_7688229.flac,6
/data/DATASETS/ASV_Spoof_2019_LA/ASVspoof2019_LA_dev/flac/LA_D_2192025.flac,6
/data/DATASETS/ASV_Spoof_2019_LA/ASVspoof2019_LA_dev/flac/LA_D_3449920.flac,6
/data/DATASETS/ASV_Spoof_2019_LA/ASVspoof2019_LA_train/flac/LA_T_7035787.flac,6
/data/DATASETS/ASV_Spoof_2019_LA/ASVspoof2019_LA_dev/flac/LA_D_8350907.flac,6
/data/DATASETS/ASV_Spoof_2019_LA/ASVspoof2019_LA_dev/flac/LA_D_3232453.flac,6
/data/DATASETS/ASV_Spoof_2019_LA/ASVspoof2019_LA_train/flac/LA_T_7752278.flac,6
/data/DATASETS/ASV_Spoof_2019_LA/ASVspoof2019_LA_dev/flac/LA_D_8384378.flac,6
/data/DATASETS/ASV_Spoof_2019_LA/ASVspoof2019_LA_train/flac/LA_T_8154653.flac,6
/data/DATASETS/ASV_Spoof_2019_LA/ASVspoof2019_LA_train/flac/LA_T_7436171.flac,6
/data/DATASETS/ASV_Spoof_2019_LA/ASVspoof2019_LA_train/flac/LA_T_4359585.flac,6
/data/DATASETS/ASV_Spoof_2019_LA/ASVspoof2019_LA_dev/flac/LA_D_4469413.flac,6
/data/DATASETS/ASV_Spoof_2019_LA/ASVspoof2019_LA_dev/flac/LA_D_1062379.flac,6
/data/DATASETS/ASV_Spoof_2019_LA/ASVspoof2019_LA_dev/flac/LA_D_1541459.flac,6
/data/DATASETS/ASV_Spoof_2019_LA/ASVspoof2019_LA_dev/flac/LA_D_7193826.flac,6
/data/DATASETS/ASV_Spoof_2019_LA/ASVspoof2019_LA_dev/flac/LA_D_3418840.flac,6
/data/DATASETS/ASV_Spoof_2019_LA/ASVspoof2019_LA_dev/flac/LA_D_3485019.flac,6
/data/DATASETS/ASV_Spoof_2019_LA/ASVspoof2019_LA_dev/flac/LA_D_6089298.flac,6
/data/DATASETS/ASV_Spoof_2019_LA/ASVspoof2019_LA_train/flac/LA_T_9122144.flac,6
/data/DATASETS/ASV_Spoof_2019_LA/ASVspoof2019_LA_dev/flac/LA_D_7660511.flac,6
/data/DATASETS/ASV_Spoof_2019_LA/ASVspoof2019_LA_train/flac/LA_T_4157284.flac,6
/data/DATASETS/ASV_Spoof_2019_LA/ASVspoof2019_LA_train/flac/LA_T_7598647.flac,6
/data/DATASETS/ASV_Spoof_2019_LA/ASVspoof2019_LA_train/flac/LA_T_3666478.flac,6
/data/DATASETS/ASV_Spoof_2019_LA/ASVspoof2019_LA_train/flac/LA_T_9755947.flac,6
/data/DATASETS/ASV_Spoof_2019_LA/ASVspoof2019_LA_dev/flac/LA_D_1031436.flac,6
/data/DATASETS/ASV_Spoof_2019_LA/ASVspoof2019_LA_dev/flac/LA_D_1951999.flac,6
/data/DATASETS/ASV_Spoof_2019_LA/ASVspoof2019_LA_dev/flac/LA_D_4759804.flac,6
/data/DATASETS/ASV_Spoof_2019_LA/ASVspoof2019_LA_dev/flac/LA_D_6105261.flac,6
/data/DATASETS/ASV_Spoof_2019_LA/ASVspoof2019_LA_train/flac/LA_T_9131108.flac,6
/data/DATASETS/ASV_Spoof_2019_LA/ASVspoof2019_LA_dev/flac/LA_D_4593298.flac,6
/data/DATASETS/ASV_Spoof_2019_LA/ASVspoof2019_LA_train/flac/LA_T_6037984.flac,6
/data/DATASETS/ASV_Spoof_2019_LA/ASVspoof2019_LA_dev/flac/LA_D_4262014.flac,6
/data/DATASETS/ASV_Spoof_2019_LA/ASVspoof2019_LA_dev/flac/LA_D_5651896.flac,6
/data/DATASETS/ASV_Spoof_2019_LA/ASVspoof2019_LA_dev/flac/LA_D_3989469.flac,6
/data/DATASETS/ASV_Spoof_2019_LA/ASVspoof2019_LA_train/flac/LA_T_8053471.flac,6
/data/DATASETS/ASV_Spoof_2019_LA/ASVspoof2019_LA_train/flac/LA_T_4930945.flac,6
/data/DATASETS/ASV_Spoof_2019_LA/ASVspoof2019_LA_train/flac/LA_T_1829941.flac,6
/data/DATASETS/ASV_Spoof_2019_LA/ASVspoof2019_LA_dev/flac/LA_D_8066085.flac,6
/data/DATASETS/ASV_Spoof_2019_LA/ASVspoof2019_LA_dev/flac/LA_D_6484471.flac,6
/data/DATASETS/ASV_Spoof_2019_LA/ASVspoof2019_LA_train/flac/LA_T_5769708.flac,6
/data/DATASETS/ASV_Spoof_2019_LA/ASVspoof2019_LA_train/flac/LA_T_1866115.flac,6
/data/DATASETS/ASV_Spoof_2019_LA/ASVspoof2019_LA_dev/flac/LA_D_2103093.flac,6
/data/DATASETS/ASV_Spoof_2019_LA/ASVspoof2019_LA_train/flac/LA_T_4709513.flac,6
/data/DATASETS/ASV_Spoof_2019_LA/ASVspoof2019_LA_train/flac/LA_T_4067230.flac,6
/data/DATASETS/ASV_Spoof_2019_LA/ASVspoof2019_LA_train/flac/LA_T_7904267.flac,6
/data/DATASETS/ASV_Spoof_2019_LA/ASVspoof2019_LA_train/flac/LA_T_1228949.flac,6
/data/DATASETS/ASV_Spoof_2019_LA/ASVspoof2019_LA_dev/flac/LA_D_5393982.flac,6
/data/DATASETS/ASV_Spoof_2019_LA/ASVspoof2019_LA_dev/flac/LA_D_7086357.flac,6
/data/DATASETS/ASV_Spoof_2019_LA/ASVspoof2019_LA_dev/flac/LA_D_6383543.flac,6
/data/DATASETS/ASV_Spoof_2019_LA/ASVspoof2019_LA_dev/flac/LA_D_5004432.flac,6
/data/DATASETS/ASV_Spoof_2019_LA/ASVspoof2019_LA_train/flac/LA_T_1232289.flac,6
/data/DATASETS/ASV_Spoof_2019_LA/ASVspoof2019_LA_train/flac/LA_T_4567973.flac,6
/data/DATASETS/ASV_Spoof_2019_LA/ASVspoof2019_LA_dev/flac/LA_D_7820794.flac,6
/data/DATASETS/ASV_Spoof_2019_LA/ASVspoof2019_LA_dev/flac/LA_D_3960317.flac,6
/data/DATASETS/ASV_Spoof_2019_LA/ASVspoof2019_LA_dev/flac/LA_D_2836484.flac,6
/data/DATASETS/ASV_Spoof_2019_LA/ASVspoof2019_LA_dev/flac/LA_D_4315292.flac,6
/data/DATASETS/ASV_Spoof_2019_LA/ASVspoof2019_LA_dev/flac/LA_D_4657513.flac,6
/data/DATASETS/ASV_Spoof_2019_LA/ASVspoof2019_LA_train/flac/LA_T_8674587.flac,6
/data/DATASETS/ASV_Spoof_2019_LA/ASVspoof2019_LA_train/flac/LA_T_2365439.flac,6
/data/DATASETS/ASV_Spoof_2019_LA/ASVspoof2019_LA_dev/flac/LA_D_5621483.flac,6
/data/DATASETS/ASV_Spoof_2019_LA/ASVspoof2019_LA_dev/flac/LA_D_4969692.flac,6
/data/DATASETS/ASV_Spoof_2019_LA/ASVspoof2019_LA_train/flac/LA_T_5132955.flac,6
/data/DATASETS/ASV_Spoof_2019_LA/ASVspoof2019_LA_train/flac/LA_T_5549273.flac,6
/data/DATASETS/ASV_Spoof_2019_LA/ASVspoof2019_LA_train/flac/LA_T_8877125.flac,6
/data/DATASETS/ASV_Spoof_2019_LA/ASVspoof2019_LA_train/flac/LA_T_6269171.flac,6
/data/DATASETS/ASV_Spoof_2019_LA/ASVspoof2019_LA_dev/flac/LA_D_6119999.flac,6
/data/DATASETS/ASV_Spoof_2019_LA/ASVspoof2019_LA_train/flac/LA_T_2293083.flac,6
/data/DATASETS/ASV_Spoof_2019_LA/ASVspoof2019_LA_train/flac/LA_T_2918432.flac,6
/data/DATASETS/ASV_Spoof_2019_LA/ASVspoof2019_LA_dev/flac/LA_D_1917155.flac,6
/data/DATASETS/ASV_Spoof_2019_LA/ASVspoof2019_LA_dev/flac/LA_D_8177576.flac,6
/data/DATASETS/ASV_Spoof_2019_LA/ASVspoof2019_LA_dev/flac/LA_D_1146285.flac,6
/data/DATASETS/ASV_Spoof_2019_LA/ASVspoof2019_LA_dev/flac/LA_D_8899360.flac,6
/data/DATASETS/ASV_Spoof_2019_LA/ASVspoof2019_LA_train/flac/LA_T_6925552.flac,6
/data/DATASETS/ASV_Spoof_2019_LA/ASVspoof2019_LA_train/flac/LA_T_5322031.flac,6
/data/DATASETS/ASV_Spoof_2019_LA/ASVspoof2019_LA_dev/flac/LA_D_4421531.flac,6
/data/DATASETS/ASV_Spoof_2019_LA/ASVspoof2019_LA_dev/flac/LA_D_3890924.flac,6
/data/DATASETS/ASV_Spoof_2019_LA/ASVspoof2019_LA_train/flac/LA_T_1886890.flac,6
/data/DATASETS/ASV_Spoof_2019_LA/ASVspoof2019_LA_train/flac/LA_T_6834033.flac,6
/data/DATASETS/ASV_Spoof_2019_LA/ASVspoof2019_LA_dev/flac/LA_D_1196983.flac,6
/data/DATASETS/ASV_Spoof_2019_LA/ASVspoof2019_LA_dev/flac/LA_D_3294853.flac,6
/data/DATASETS/ASV_Spoof_2019_LA/ASVspoof2019_LA_train/flac/LA_T_8469330.flac,6
/data/DATASETS/ASV_Spoof_2019_LA/ASVspoof2019_LA_train/flac/LA_T_9698679.flac,6
/data/DATASETS/ASV_Spoof_2019_LA/ASVspoof2019_LA_dev/flac/LA_D_9007888.flac,6
/data/DATASETS/ASV_Spoof_2019_LA/ASVspoof2019_LA_dev/flac/LA_D_1902286.flac,6
/data/DATASETS/ASV_Spoof_2019_LA/ASVspoof2019_LA_train/flac/LA_T_4733244.flac,6
/data/DATASETS/ASV_Spoof_2019_LA/ASVspoof2019_LA_dev/flac/LA_D_9089163.flac,6
/data/DATASETS/ASV_Spoof_2019_LA/ASVspoof2019_LA_dev/flac/LA_D_1878944.flac,6
/data/DATASETS/ASV_Spoof_2019_LA/ASVspoof2019_LA_train/flac/LA_T_1449718.flac,6
/data/DATASETS/ASV_Spoof_2019_LA/ASVspoof2019_LA_train/flac/LA_T_3587040.flac,6
/data/DATASETS/ASV_Spoof_2019_LA/ASVspoof2019_LA_train/flac/LA_T_2857240.flac,6
/data/DATASETS/ASV_Spoof_2019_LA/ASVspoof2019_LA_train/flac/LA_T_2922310.flac,6
/data/DATASETS/ASV_Spoof_2019_LA/ASVspoof2019_LA_train/flac/LA_T_9238021.flac,6
/data/DATASETS/ASV_Spoof_2019_LA/ASVspoof2019_LA_train/flac/LA_T_2501427.flac,6
/data/DATASETS/ASV_Spoof_2019_LA/ASVspoof2019_LA_train/flac/LA_T_8324613.flac,6
/data/DATASETS/ASV_Spoof_2019_LA/ASVspoof2019_LA_dev/flac/LA_D_7188227.flac,6
/data/DATASETS/ASV_Spoof_2019_LA/ASVspoof2019_LA_train/flac/LA_T_6175292.flac,6
/data/DATASETS/ASV_Spoof_2019_LA/ASVspoof2019_LA_dev/flac/LA_D_8296034.flac,6
/data/DATASETS/ASV_Spoof_2019_LA/ASVspoof2019_LA_dev/flac/LA_D_7627669.flac,6
/data/DATASETS/ASV_Spoof_2019_LA/ASVspoof2019_LA_dev/flac/LA_D_1822549.flac,6
/data/DATASETS/ASV_Spoof_2019_LA/ASVspoof2019_LA_dev/flac/LA_D_1238377.flac,6
/data/DATASETS/ASV_Spoof_2019_LA/ASVspoof2019_LA_dev/flac/LA_D_1687307.flac,6
/data/DATASETS/ASV_Spoof_2019_LA/ASVspoof2019_LA_dev/flac/LA_D_7903297.flac,6
/data/DATASETS/ASV_Spoof_2019_LA/ASVspoof2019_LA_train/flac/LA_T_5153670.flac,6
/data/DATASETS/ASV_Spoof_2019_LA/ASVspoof2019_LA_dev/flac/LA_D_4735638.flac,6
/data/DATASETS/ASV_Spoof_2019_LA/ASVspoof2019_LA_dev/flac/LA_D_7833764.flac,6
/data/DATASETS/ASV_Spoof_2019_LA/ASVspoof2019_LA_dev/flac/LA_D_6574286.flac,6
/data/DATASETS/ASV_Spoof_2019_LA/ASVspoof2019_LA_train/flac/LA_T_4871514.flac,6
/data/DATASETS/ASV_Spoof_2019_LA/ASVspoof2019_LA_dev/flac/LA_D_5599035.flac,6
/data/DATASETS/ASV_Spoof_2019_LA/ASVspoof2019_LA_train/flac/LA_T_9528156.flac,6
/data/DATASETS/ASV_Spoof_2019_LA/ASVspoof2019_LA_train/flac/LA_T_8079945.flac,6
/data/DATASETS/ASV_Spoof_2019_LA/ASVspoof2019_LA_train/flac/LA_T_4069817.flac,6
/data/DATASETS/ASV_Spoof_2019_LA/ASVspoof2019_LA_dev/flac/LA_D_9410296.flac,6
/data/DATASETS/ASV_Spoof_2019_LA/ASVspoof2019_LA_dev/flac/LA_D_6604414.flac,6
/data/DATASETS/ASV_Spoof_2019_LA/ASVspoof2019_LA_train/flac/LA_T_8108318.flac,6
/data/DATASETS/ASV_Spoof_2019_LA/ASVspoof2019_LA_train/flac/LA_T_6599053.flac,6
/data/DATASETS/ASV_Spoof_2019_LA/ASVspoof2019_LA_train/flac/LA_T_4546061.flac,6
/data/DATASETS/ASV_Spoof_2019_LA/ASVspoof2019_LA_train/flac/LA_T_2988764.flac,6
/data/DATASETS/ASV_Spoof_2019_LA/ASVspoof2019_LA_train/flac/LA_T_3050021.flac,6
/data/DATASETS/ASV_Spoof_2019_LA/ASVspoof2019_LA_train/flac/LA_T_3883399.flac,6
/data/DATASETS/ASV_Spoof_2019_LA/ASVspoof2019_LA_dev/flac/LA_D_5263250.flac,6
/data/DATASETS/ASV_Spoof_2019_LA/ASVspoof2019_LA_dev/flac/LA_D_2374547.flac,6
/data/DATASETS/ASV_Spoof_2019_LA/ASVspoof2019_LA_dev/flac/LA_D_4673712.flac,6
/data/DATASETS/ASV_Spoof_2019_LA/ASVspoof2019_LA_train/flac/LA_T_7917209.flac,6
/data/DATASETS/ASV_Spoof_2019_LA/ASVspoof2019_LA_dev/flac/LA_D_3506531.flac,6
/data/DATASETS/ASV_Spoof_2019_LA/ASVspoof2019_LA_dev/flac/LA_D_3141001.flac,6
/data/DATASETS/ASV_Spoof_2019_LA/ASVspoof2019_LA_train/flac/LA_T_2458418.flac,6
/data/DATASETS/ASV_Spoof_2019_LA/ASVspoof2019_LA_dev/flac/LA_D_1110612.flac,6
/data/DATASETS/ASV_Spoof_2019_LA/ASVspoof2019_LA_train/flac/LA_T_8708011.flac,6
/data/DATASETS/ASV_Spoof_2019_LA/ASVspoof2019_LA_train/flac/LA_T_1864954.flac,6
/data/DATASETS/ASV_Spoof_2019_LA/ASVspoof2019_LA_dev/flac/LA_D_2065024.flac,6
/data/DATASETS/ASV_Spoof_2019_LA/ASVspoof2019_LA_dev/flac/LA_D_3645170.flac,6
/data/DATASETS/ASV_Spoof_2019_LA/ASVspoof2019_LA_dev/flac/LA_D_4539356.flac,6
/data/DATASETS/ASV_Spoof_2019_LA/ASVspoof2019_LA_dev/flac/LA_D_8788522.flac,6
/data/DATASETS/ASV_Spoof_2019_LA/ASVspoof2019_LA_dev/flac/LA_D_6348489.flac,6
/data/DATASETS/ASV_Spoof_2019_LA/ASVspoof2019_LA_dev/flac/LA_D_7473728.flac,6
/data/DATASETS/ASV_Spoof_2019_LA/ASVspoof2019_LA_dev/flac/LA_D_1192014.flac,6
/data/DATASETS/ASV_Spoof_2019_LA/ASVspoof2019_LA_train/flac/LA_T_8586614.flac,6
/data/DATASETS/ASV_Spoof_2019_LA/ASVspoof2019_LA_dev/flac/LA_D_1546492.flac,6
/data/DATASETS/ASV_Spoof_2019_LA/ASVspoof2019_LA_train/flac/LA_T_9665310.flac,6
/data/DATASETS/ASV_Spoof_2019_LA/ASVspoof2019_LA_train/flac/LA_T_2129145.flac,6
/data/DATASETS/ASV_Spoof_2019_LA/ASVspoof2019_LA_train/flac/LA_T_5232818.flac,6
/data/DATASETS/ASV_Spoof_2019_LA/ASVspoof2019_LA_dev/flac/LA_D_6202337.flac,6
/data/DATASETS/ASV_Spoof_2019_LA/ASVspoof2019_LA_train/flac/LA_T_1290565.flac,6
/data/DATASETS/ASV_Spoof_2019_LA/ASVspoof2019_LA_dev/flac/LA_D_3851125.flac,6
/data/DATASETS/ASV_Spoof_2019_LA/ASVspoof2019_LA_dev/flac/LA_D_4547683.flac,6
/data/DATASETS/ASV_Spoof_2019_LA/ASVspoof2019_LA_dev/flac/LA_D_4892634.flac,6
/data/DATASETS/ASV_Spoof_2019_LA/ASVspoof2019_LA_dev/flac/LA_D_8201742.flac,6
/data/DATASETS/ASV_Spoof_2019_LA/ASVspoof2019_LA_dev/flac/LA_D_9476497.flac,6
/data/DATASETS/ASV_Spoof_2019_LA/ASVspoof2019_LA_dev/flac/LA_D_5935235.flac,6
/data/DATASETS/ASV_Spoof_2019_LA/ASVspoof2019_LA_dev/flac/LA_D_5770424.flac,6
/data/DATASETS/ASV_Spoof_2019_LA/ASVspoof2019_LA_dev/flac/LA_D_5301649.flac,6
/data/DATASETS/ASV_Spoof_2019_LA/ASVspoof2019_LA_train/flac/LA_T_4242414.flac,6
/data/DATASETS/ASV_Spoof_2019_LA/ASVspoof2019_LA_train/flac/LA_T_8851776.flac,6
/data/DATASETS/ASV_Spoof_2019_LA/ASVspoof2019_LA_dev/flac/LA_D_4039282.flac,6
/data/DATASETS/ASV_Spoof_2019_LA/ASVspoof2019_LA_dev/flac/LA_D_6055160.flac,6
/data/DATASETS/ASV_Spoof_2019_LA/ASVspoof2019_LA_train/flac/LA_T_2260034.flac,6
/data/DATASETS/ASV_Spoof_2019_LA/ASVspoof2019_LA_dev/flac/LA_D_1007975.flac,6
/data/DATASETS/ASV_Spoof_2019_LA/ASVspoof2019_LA_dev/flac/LA_D_5986701.flac,6
/data/DATASETS/ASV_Spoof_2019_LA/ASVspoof2019_LA_dev/flac/LA_D_8209765.flac,6
/data/DATASETS/ASV_Spoof_2019_LA/ASVspoof2019_LA_dev/flac/LA_D_3091849.flac,6
/data/DATASETS/ASV_Spoof_2019_LA/ASVspoof2019_LA_dev/flac/LA_D_1561860.flac,6
/data/DATASETS/ASV_Spoof_2019_LA/ASVspoof2019_LA_train/flac/LA_T_2579486.flac,6
/data/DATASETS/ASV_Spoof_2019_LA/ASVspoof2019_LA_dev/flac/LA_D_1789917.flac,6
/data/DATASETS/ASV_Spoof_2019_LA/ASVspoof2019_LA_dev/flac/LA_D_1846110.flac,6
/data/DATASETS/ASV_Spoof_2019_LA/ASVspoof2019_LA_dev/flac/LA_D_3413908.flac,6
/data/DATASETS/ASV_Spoof_2019_LA/ASVspoof2019_LA_train/flac/LA_T_2271739.flac,6
/data/DATASETS/ASV_Spoof_2019_LA/ASVspoof2019_LA_train/flac/LA_T_1854610.flac,6
/data/DATASETS/ASV_Spoof_2019_LA/ASVspoof2019_LA_dev/flac/LA_D_8674116.flac,6
/data/DATASETS/ASV_Spoof_2019_LA/ASVspoof2019_LA_dev/flac/LA_D_5225466.flac,6
/data/DATASETS/ASV_Spoof_2019_LA/ASVspoof2019_LA_dev/flac/LA_D_6739854.flac,6
/data/DATASETS/ASV_Spoof_2019_LA/ASVspoof2019_LA_dev/flac/LA_D_3835319.flac,6
/data/DATASETS/ASV_Spoof_2019_LA/ASVspoof2019_LA_train/flac/LA_T_1705157.flac,6
/data/DATASETS/ASV_Spoof_2019_LA/ASVspoof2019_LA_train/flac/LA_T_6646374.flac,6
/data/DATASETS/ASV_Spoof_2019_LA/ASVspoof2019_LA_train/flac/LA_T_4802661.flac,6
/data/DATASETS/ASV_Spoof_2019_LA/ASVspoof2019_LA_dev/flac/LA_D_8481884.flac,6
/data/DATASETS/ASV_Spoof_2019_LA/ASVspoof2019_LA_train/flac/LA_T_4953789.flac,6
/data/DATASETS/ASV_Spoof_2019_LA/ASVspoof2019_LA_train/flac/LA_T_6985062.flac,6
/data/DATASETS/ASV_Spoof_2019_LA/ASVspoof2019_LA_train/flac/LA_T_7567953.flac,6
/data/DATASETS/ASV_Spoof_2019_LA/ASVspoof2019_LA_train/flac/LA_T_1061562.flac,6
/data/DATASETS/ASV_Spoof_2019_LA/ASVspoof2019_LA_dev/flac/LA_D_5237899.flac,6
/data/DATASETS/ASV_Spoof_2019_LA/ASVspoof2019_LA_train/flac/LA_T_3269191.flac,6
/data/DATASETS/ASV_Spoof_2019_LA/ASVspoof2019_LA_train/flac/LA_T_3203475.flac,6
/data/DATASETS/ASV_Spoof_2019_LA/ASVspoof2019_LA_train/flac/LA_T_8774924.flac,6
/data/DATASETS/ASV_Spoof_2019_LA/ASVspoof2019_LA_train/flac/LA_T_4480170.flac,6
/data/DATASETS/ASV_Spoof_2019_LA/ASVspoof2019_LA_dev/flac/LA_D_5382385.flac,6
/data/DATASETS/ASV_Spoof_2019_LA/ASVspoof2019_LA_train/flac/LA_T_1308924.flac,6
/data/DATASETS/ASV_Spoof_2019_LA/ASVspoof2019_LA_train/flac/LA_T_6135511.flac,6
/data/DATASETS/ASV_Spoof_2019_LA/ASVspoof2019_LA_dev/flac/LA_D_1725101.flac,6
/data/DATASETS/ASV_Spoof_2019_LA/ASVspoof2019_LA_train/flac/LA_T_4822681.flac,6
/data/DATASETS/ASV_Spoof_2019_LA/ASVspoof2019_LA_dev/flac/LA_D_7065500.flac,6
/data/DATASETS/ASV_Spoof_2019_LA/ASVspoof2019_LA_train/flac/LA_T_7387399.flac,6
/data/DATASETS/ASV_Spoof_2019_LA/ASVspoof2019_LA_dev/flac/LA_D_3689168.flac,6
/data/DATASETS/ASV_Spoof_2019_LA/ASVspoof2019_LA_train/flac/LA_T_1069045.flac,6
/data/DATASETS/ASV_Spoof_2019_LA/ASVspoof2019_LA_dev/flac/LA_D_9872046.flac,6
/data/DATASETS/ASV_Spoof_2019_LA/ASVspoof2019_LA_dev/flac/LA_D_3359111.flac,6
/data/DATASETS/ASV_Spoof_2019_LA/ASVspoof2019_LA_dev/flac/LA_D_9566347.flac,6
/data/DATASETS/ASV_Spoof_2019_LA/ASVspoof2019_LA_dev/flac/LA_D_7804582.flac,6
/data/DATASETS/ASV_Spoof_2019_LA/ASVspoof2019_LA_train/flac/LA_T_7702298.flac,6
/data/DATASETS/ASV_Spoof_2019_LA/ASVspoof2019_LA_dev/flac/LA_D_9232895.flac,6
/data/DATASETS/ASV_Spoof_2019_LA/ASVspoof2019_LA_train/flac/LA_T_7466024.flac,6
/data/DATASETS/ASV_Spoof_2019_LA/ASVspoof2019_LA_dev/flac/LA_D_5813973.flac,6
/data/DATASETS/ASV_Spoof_2019_LA/ASVspoof2019_LA_dev/flac/LA_D_8324721.flac,6
/data/DATASETS/ASV_Spoof_2019_LA/ASVspoof2019_LA_dev/flac/LA_D_6800302.flac,6
/data/DATASETS/ASV_Spoof_2019_LA/ASVspoof2019_LA_train/flac/LA_T_6559140.flac,6
/data/DATASETS/ASV_Spoof_2019_LA/ASVspoof2019_LA_train/flac/LA_T_5663225.flac,6
/data/DATASETS/ASV_Spoof_2019_LA/ASVspoof2019_LA_train/flac/LA_T_7899073.flac,6
/data/DATASETS/ASV_Spoof_2019_LA/ASVspoof2019_LA_dev/flac/LA_D_4747773.flac,6
/data/DATASETS/ASV_Spoof_2019_LA/ASVspoof2019_LA_train/flac/LA_T_3204573.flac,6
/data/DATASETS/ASV_Spoof_2019_LA/ASVspoof2019_LA_train/flac/LA_T_1699591.flac,6
/data/DATASETS/ASV_Spoof_2019_LA/ASVspoof2019_LA_train/flac/LA_T_1383068.flac,6
/data/DATASETS/ASV_Spoof_2019_LA/ASVspoof2019_LA_train/flac/LA_T_9452373.flac,6
/data/DATASETS/ASV_Spoof_2019_LA/ASVspoof2019_LA_train/flac/LA_T_7798947.flac,6
/data/DATASETS/ASV_Spoof_2019_LA/ASVspoof2019_LA_train/flac/LA_T_5032611.flac,6
/data/DATASETS/ASV_Spoof_2019_LA/ASVspoof2019_LA_dev/flac/LA_D_5847801.flac,6
/data/DATASETS/ASV_Spoof_2019_LA/ASVspoof2019_LA_dev/flac/LA_D_3760422.flac,6
/data/DATASETS/ASV_Spoof_2019_LA/ASVspoof2019_LA_dev/flac/LA_D_2897075.flac,6
/data/DATASETS/ASV_Spoof_2019_LA/ASVspoof2019_LA_train/flac/LA_T_9405524.flac,6
/data/DATASETS/ASV_Spoof_2019_LA/ASVspoof2019_LA_dev/flac/LA_D_8434598.flac,6
/data/DATASETS/ASV_Spoof_2019_LA/ASVspoof2019_LA_dev/flac/LA_D_8067555.flac,6
/data/DATASETS/ASV_Spoof_2019_LA/ASVspoof2019_LA_train/flac/LA_T_5035337.flac,6
/data/DATASETS/ASV_Spoof_2019_LA/ASVspoof2019_LA_dev/flac/LA_D_6716819.flac,6
/data/DATASETS/ASV_Spoof_2019_LA/ASVspoof2019_LA_train/flac/LA_T_7401973.flac,6
/data/DATASETS/ASV_Spoof_2019_LA/ASVspoof2019_LA_dev/flac/LA_D_8149486.flac,6
/data/DATASETS/ASV_Spoof_2019_LA/ASVspoof2019_LA_dev/flac/LA_D_9197542.flac,6
/data/DATASETS/ASV_Spoof_2019_LA/ASVspoof2019_LA_dev/flac/LA_D_5201713.flac,6
/data/DATASETS/ASV_Spoof_2019_LA/ASVspoof2019_LA_dev/flac/LA_D_1450181.flac,6
/data/DATASETS/ASV_Spoof_2019_LA/ASVspoof2019_LA_train/flac/LA_T_8981088.flac,6
/data/DATASETS/ASV_Spoof_2019_LA/ASVspoof2019_LA_train/flac/LA_T_7214471.flac,6
/data/DATASETS/ASV_Spoof_2019_LA/ASVspoof2019_LA_dev/flac/LA_D_3701247.flac,6
/data/DATASETS/ASV_Spoof_2019_LA/ASVspoof2019_LA_dev/flac/LA_D_1753843.flac,6
/data/DATASETS/ASV_Spoof_2019_LA/ASVspoof2019_LA_train/flac/LA_T_5162440.flac,6
/data/DATASETS/ASV_Spoof_2019_LA/ASVspoof2019_LA_train/flac/LA_T_8307024.flac,6
/data/DATASETS/ASV_Spoof_2019_LA/ASVspoof2019_LA_dev/flac/LA_D_2017198.flac,6
/data/DATASETS/ASV_Spoof_2019_LA/ASVspoof2019_LA_train/flac/LA_T_7612380.flac,6
/data/DATASETS/ASV_Spoof_2019_LA/ASVspoof2019_LA_train/flac/LA_T_3595564.flac,6
/data/DATASETS/ASV_Spoof_2019_LA/ASVspoof2019_LA_train/flac/LA_T_9640504.flac,6
/data/DATASETS/ASV_Spoof_2019_LA/ASVspoof2019_LA_train/flac/LA_T_7198810.flac,6
/data/DATASETS/ASV_Spoof_2019_LA/ASVspoof2019_LA_dev/flac/LA_D_7535853.flac,6
/data/DATASETS/ASV_Spoof_2019_LA/ASVspoof2019_LA_train/flac/LA_T_5350276.flac,6
/data/DATASETS/ASV_Spoof_2019_LA/ASVspoof2019_LA_train/flac/LA_T_7420442.flac,6
/data/DATASETS/ASV_Spoof_2019_LA/ASVspoof2019_LA_dev/flac/LA_D_3509024.flac,6
/data/DATASETS/ASV_Spoof_2019_LA/ASVspoof2019_LA_dev/flac/LA_D_9258278.flac,6
/data/DATASETS/ASV_Spoof_2019_LA/ASVspoof2019_LA_dev/flac/LA_D_6151616.flac,6
/data/DATASETS/ASV_Spoof_2019_LA/ASVspoof2019_LA_train/flac/LA_T_9404784.flac,6
/data/DATASETS/ASV_Spoof_2019_LA/ASVspoof2019_LA_dev/flac/LA_D_4208598.flac,6
/data/DATASETS/ASV_Spoof_2019_LA/ASVspoof2019_LA_train/flac/LA_T_3384125.flac,6
/data/DATASETS/ASV_Spoof_2019_LA/ASVspoof2019_LA_dev/flac/LA_D_5208175.flac,6
/data/DATASETS/ASV_Spoof_2019_LA/ASVspoof2019_LA_dev/flac/LA_D_4559678.flac,6
/data/DATASETS/ASV_Spoof_2019_LA/ASVspoof2019_LA_dev/flac/LA_D_3421161.flac,6
/data/DATASETS/ASV_Spoof_2019_LA/ASVspoof2019_LA_train/flac/LA_T_1051843.flac,6
/data/DATASETS/ASV_Spoof_2019_LA/ASVspoof2019_LA_train/flac/LA_T_4268513.flac,6
/data/DATASETS/ASV_Spoof_2019_LA/ASVspoof2019_LA_dev/flac/LA_D_2553522.flac,6
/data/DATASETS/ASV_Spoof_2019_LA/ASVspoof2019_LA_dev/flac/LA_D_2772837.flac,6
/data/DATASETS/ASV_Spoof_2019_LA/ASVspoof2019_LA_dev/flac/LA_D_1549509.flac,6
/data/DATASETS/ASV_Spoof_2019_LA/ASVspoof2019_LA_dev/flac/LA_D_2243488.flac,6
/data/DATASETS/ASV_Spoof_2019_LA/ASVspoof2019_LA_dev/flac/LA_D_5275248.flac,6
/data/DATASETS/ASV_Spoof_2019_LA/ASVspoof2019_LA_dev/flac/LA_D_4338667.flac,6
/data/DATASETS/ASV_Spoof_2019_LA/ASVspoof2019_LA_train/flac/LA_T_9873839.flac,6
/data/DATASETS/ASV_Spoof_2019_LA/ASVspoof2019_LA_dev/flac/LA_D_8420931.flac,6
/data/DATASETS/ASV_Spoof_2019_LA/ASVspoof2019_LA_train/flac/LA_T_4541983.flac,6
/data/DATASETS/ASV_Spoof_2019_LA/ASVspoof2019_LA_train/flac/LA_T_6727945.flac,6
/data/DATASETS/ASV_Spoof_2019_LA/ASVspoof2019_LA_dev/flac/LA_D_5117623.flac,6
/data/DATASETS/ASV_Spoof_2019_LA/ASVspoof2019_LA_dev/flac/LA_D_8112034.flac,6
/data/DATASETS/ASV_Spoof_2019_LA/ASVspoof2019_LA_train/flac/LA_T_6469530.flac,6
/data/DATASETS/ASV_Spoof_2019_LA/ASVspoof2019_LA_dev/flac/LA_D_6359915.flac,6
/data/DATASETS/ASV_Spoof_2019_LA/ASVspoof2019_LA_train/flac/LA_T_5396600.flac,6
/data/DATASETS/ASV_Spoof_2019_LA/ASVspoof2019_LA_train/flac/LA_T_3931967.flac,6
/data/DATASETS/ASV_Spoof_2019_LA/ASVspoof2019_LA_dev/flac/LA_D_3946657.flac,6
/data/DATASETS/ASV_Spoof_2019_LA/ASVspoof2019_LA_train/flac/LA_T_1192227.flac,6
/data/DATASETS/ASV_Spoof_2019_LA/ASVspoof2019_LA_dev/flac/LA_D_6316138.flac,6
/data/DATASETS/ASV_Spoof_2019_LA/ASVspoof2019_LA_dev/flac/LA_D_5040821.flac,6
/data/DATASETS/ASV_Spoof_2019_LA/ASVspoof2019_LA_train/flac/LA_T_1016062.flac,6
/data/DATASETS/ASV_Spoof_2019_LA/ASVspoof2019_LA_train/flac/LA_T_3847509.flac,6
/data/DATASETS/ASV_Spoof_2019_LA/ASVspoof2019_LA_train/flac/LA_T_2888116.flac,6
/data/DATASETS/ASV_Spoof_2019_LA/ASVspoof2019_LA_dev/flac/LA_D_3660282.flac,6
/data/DATASETS/ASV_Spoof_2019_LA/ASVspoof2019_LA_dev/flac/LA_D_5473097.flac,6
/data/DATASETS/ASV_Spoof_2019_LA/ASVspoof2019_LA_dev/flac/LA_D_3508839.flac,6
/data/DATASETS/ASV_Spoof_2019_LA/ASVspoof2019_LA_train/flac/LA_T_1789425.flac,6
/data/DATASETS/ASV_Spoof_2019_LA/ASVspoof2019_LA_dev/flac/LA_D_4222049.flac,6
/data/DATASETS/ASV_Spoof_2019_LA/ASVspoof2019_LA_dev/flac/LA_D_4282710.flac,6
/data/DATASETS/ASV_Spoof_2019_LA/ASVspoof2019_LA_dev/flac/LA_D_5576853.flac,6
/data/DATASETS/ASV_Spoof_2019_LA/ASVspoof2019_LA_dev/flac/LA_D_4815372.flac,6
/data/DATASETS/ASV_Spoof_2019_LA/ASVspoof2019_LA_train/flac/LA_T_2291341.flac,6
/data/DATASETS/ASV_Spoof_2019_LA/ASVspoof2019_LA_train/flac/LA_T_8733540.flac,6
/data/DATASETS/ASV_Spoof_2019_LA/ASVspoof2019_LA_dev/flac/LA_D_5617123.flac,6
/data/DATASETS/ASV_Spoof_2019_LA/ASVspoof2019_LA_train/flac/LA_T_9007520.flac,6
/data/DATASETS/ASV_Spoof_2019_LA/ASVspoof2019_LA_dev/flac/LA_D_5814356.flac,6
/data/DATASETS/ASV_Spoof_2019_LA/ASVspoof2019_LA_train/flac/LA_T_7011213.flac,6
/data/DATASETS/ASV_Spoof_2019_LA/ASVspoof2019_LA_train/flac/LA_T_8331072.flac,6
/data/DATASETS/ASV_Spoof_2019_LA/ASVspoof2019_LA_dev/flac/LA_D_6438636.flac,6
/data/DATASETS/ASV_Spoof_2019_LA/ASVspoof2019_LA_dev/flac/LA_D_4324353.flac,6
/data/DATASETS/ASV_Spoof_2019_LA/ASVspoof2019_LA_dev/flac/LA_D_7040526.flac,6
/data/DATASETS/ASV_Spoof_2019_LA/ASVspoof2019_LA_train/flac/LA_T_4858534.flac,6
/data/DATASETS/ASV_Spoof_2019_LA/ASVspoof2019_LA_dev/flac/LA_D_4071164.flac,6
/data/DATASETS/ASV_Spoof_2019_LA/ASVspoof2019_LA_train/flac/LA_T_4591019.flac,6
/data/DATASETS/ASV_Spoof_2019_LA/ASVspoof2019_LA_train/flac/LA_T_1734205.flac,6
/data/DATASETS/ASV_Spoof_2019_LA/ASVspoof2019_LA_dev/flac/LA_D_8478346.flac,6
/data/DATASETS/ASV_Spoof_2019_LA/ASVspoof2019_LA_dev/flac/LA_D_9801886.flac,6
/data/DATASETS/ASV_Spoof_2019_LA/ASVspoof2019_LA_train/flac/LA_T_1028533.flac,6
/data/DATASETS/ASV_Spoof_2019_LA/ASVspoof2019_LA_train/flac/LA_T_1938160.flac,6
/data/DATASETS/ASV_Spoof_2019_LA/ASVspoof2019_LA_train/flac/LA_T_6682948.flac,6
/data/DATASETS/ASV_Spoof_2019_LA/ASVspoof2019_LA_dev/flac/LA_D_9839655.flac,6
/data/DATASETS/ASV_Spoof_2019_LA/ASVspoof2019_LA_dev/flac/LA_D_3526562.flac,6
/data/DATASETS/ASV_Spoof_2019_LA/ASVspoof2019_LA_dev/flac/LA_D_5590089.flac,6
/data/DATASETS/ASV_Spoof_2019_LA/ASVspoof2019_LA_train/flac/LA_T_8465747.flac,6
/data/DATASETS/ASV_Spoof_2019_LA/ASVspoof2019_LA_train/flac/LA_T_7695454.flac,6
/data/DATASETS/ASV_Spoof_2019_LA/ASVspoof2019_LA_train/flac/LA_T_2323946.flac,6
/data/DATASETS/ASV_Spoof_2019_LA/ASVspoof2019_LA_dev/flac/LA_D_1004774.flac,6
/data/DATASETS/ASV_Spoof_2019_LA/ASVspoof2019_LA_train/flac/LA_T_1081824.flac,6
/data/DATASETS/ASV_Spoof_2019_LA/ASVspoof2019_LA_dev/flac/LA_D_6678773.flac,6
/data/DATASETS/ASV_Spoof_2019_LA/ASVspoof2019_LA_dev/flac/LA_D_6212632.flac,6
/data/DATASETS/ASV_Spoof_2019_LA/ASVspoof2019_LA_dev/flac/LA_D_6206158.flac,6
/data/DATASETS/ASV_Spoof_2019_LA/ASVspoof2019_LA_dev/flac/LA_D_4902826.flac,6
/data/DATASETS/ASV_Spoof_2019_LA/ASVspoof2019_LA_dev/flac/LA_D_9982743.flac,6
/data/DATASETS/ASV_Spoof_2019_LA/ASVspoof2019_LA_dev/flac/LA_D_9780174.flac,6
/data/DATASETS/ASV_Spoof_2019_LA/ASVspoof2019_LA_dev/flac/LA_D_2148710.flac,6
/data/DATASETS/ASV_Spoof_2019_LA/ASVspoof2019_LA_train/flac/LA_T_1687721.flac,6
/data/DATASETS/ASV_Spoof_2019_LA/ASVspoof2019_LA_train/flac/LA_T_5246404.flac,6
/data/DATASETS/ASV_Spoof_2019_LA/ASVspoof2019_LA_dev/flac/LA_D_9133837.flac,6
/data/DATASETS/ASV_Spoof_2019_LA/ASVspoof2019_LA_train/flac/LA_T_1480445.flac,6
/data/DATASETS/ASV_Spoof_2019_LA/ASVspoof2019_LA_train/flac/LA_T_5872189.flac,6
/data/DATASETS/ASV_Spoof_2019_LA/ASVspoof2019_LA_dev/flac/LA_D_9606946.flac,6
/data/DATASETS/ASV_Spoof_2019_LA/ASVspoof2019_LA_dev/flac/LA_D_8693666.flac,6
/data/DATASETS/ASV_Spoof_2019_LA/ASVspoof2019_LA_dev/flac/LA_D_2633677.flac,6
/data/DATASETS/ASV_Spoof_2019_LA/ASVspoof2019_LA_train/flac/LA_T_2853321.flac,6
/data/DATASETS/ASV_Spoof_2019_LA/ASVspoof2019_LA_train/flac/LA_T_3027379.flac,6
/data/DATASETS/ASV_Spoof_2019_LA/ASVspoof2019_LA_dev/flac/LA_D_9845403.flac,6
/data/DATASETS/ASV_Spoof_2019_LA/ASVspoof2019_LA_dev/flac/LA_D_9202951.flac,6
/data/DATASETS/ASV_Spoof_2019_LA/ASVspoof2019_LA_dev/flac/LA_D_9566187.flac,6
/data/DATASETS/ASV_Spoof_2019_LA/ASVspoof2019_LA_train/flac/LA_T_6267567.flac,6
/data/DATASETS/ASV_Spoof_2019_LA/ASVspoof2019_LA_dev/flac/LA_D_5354133.flac,6
/data/DATASETS/ASV_Spoof_2019_LA/ASVspoof2019_LA_dev/flac/LA_D_9131527.flac,6
/data/DATASETS/ASV_Spoof_2019_LA/ASVspoof2019_LA_dev/flac/LA_D_2384989.flac,6
/data/DATASETS/ASV_Spoof_2019_LA/ASVspoof2019_LA_dev/flac/LA_D_9502317.flac,6
/data/DATASETS/ASV_Spoof_2019_LA/ASVspoof2019_LA_train/flac/LA_T_2175343.flac,6
/data/DATASETS/ASV_Spoof_2019_LA/ASVspoof2019_LA_dev/flac/LA_D_4488788.flac,6
/data/DATASETS/ASV_Spoof_2019_LA/ASVspoof2019_LA_dev/flac/LA_D_7824709.flac,6
/data/DATASETS/ASV_Spoof_2019_LA/ASVspoof2019_LA_dev/flac/LA_D_9967770.flac,6
/data/DATASETS/ASV_Spoof_2019_LA/ASVspoof2019_LA_dev/flac/LA_D_9051705.flac,6
/data/DATASETS/ASV_Spoof_2019_LA/ASVspoof2019_LA_train/flac/LA_T_9459571.flac,6
/data/DATASETS/ASV_Spoof_2019_LA/ASVspoof2019_LA_train/flac/LA_T_1015917.flac,6
/data/DATASETS/ASV_Spoof_2019_LA/ASVspoof2019_LA_train/flac/LA_T_2649016.flac,6
/data/DATASETS/ASV_Spoof_2019_LA/ASVspoof2019_LA_train/flac/LA_T_9247903.flac,6
/data/DATASETS/ASV_Spoof_2019_LA/ASVspoof2019_LA_dev/flac/LA_D_5151079.flac,6
/data/DATASETS/ASV_Spoof_2019_LA/ASVspoof2019_LA_dev/flac/LA_D_2991252.flac,6
/data/DATASETS/ASV_Spoof_2019_LA/ASVspoof2019_LA_dev/flac/LA_D_8692213.flac,6
/data/DATASETS/ASV_Spoof_2019_LA/ASVspoof2019_LA_train/flac/LA_T_2782131.flac,6
/data/DATASETS/ASV_Spoof_2019_LA/ASVspoof2019_LA_train/flac/LA_T_4093065.flac,6
/data/DATASETS/ASV_Spoof_2019_LA/ASVspoof2019_LA_dev/flac/LA_D_7223335.flac,6
/data/DATASETS/ASV_Spoof_2019_LA/ASVspoof2019_LA_train/flac/LA_T_6149116.flac,6
/data/DATASETS/ASV_Spoof_2019_LA/ASVspoof2019_LA_dev/flac/LA_D_5377943.flac,6
/data/DATASETS/ASV_Spoof_2019_LA/ASVspoof2019_LA_dev/flac/LA_D_6332364.flac,6
/data/DATASETS/ASV_Spoof_2019_LA/ASVspoof2019_LA_dev/flac/LA_D_3205771.flac,6
/data/DATASETS/ASV_Spoof_2019_LA/ASVspoof2019_LA_dev/flac/LA_D_9529719.flac,6
/data/DATASETS/ASV_Spoof_2019_LA/ASVspoof2019_LA_train/flac/LA_T_3673027.flac,6
/data/DATASETS/ASV_Spoof_2019_LA/ASVspoof2019_LA_train/flac/LA_T_9342202.flac,6
/data/DATASETS/ASV_Spoof_2019_LA/ASVspoof2019_LA_train/flac/LA_T_9053771.flac,6
/data/DATASETS/ASV_Spoof_2019_LA/ASVspoof2019_LA_dev/flac/LA_D_3386727.flac,6
/data/DATASETS/ASV_Spoof_2019_LA/ASVspoof2019_LA_dev/flac/LA_D_6743274.flac,6
/data/DATASETS/ASV_Spoof_2019_LA/ASVspoof2019_LA_dev/flac/LA_D_1100577.flac,6
/data/DATASETS/ASV_Spoof_2019_LA/ASVspoof2019_LA_train/flac/LA_T_8949026.flac,6
/data/DATASETS/ASV_Spoof_2019_LA/ASVspoof2019_LA_dev/flac/LA_D_9761792.flac,6
/data/DATASETS/ASV_Spoof_2019_LA/ASVspoof2019_LA_train/flac/LA_T_2354103.flac,6
/data/DATASETS/ASV_Spoof_2019_LA/ASVspoof2019_LA_train/flac/LA_T_7661001.flac,6
/data/DATASETS/ASV_Spoof_2019_LA/ASVspoof2019_LA_dev/flac/LA_D_8181526.flac,6
/data/DATASETS/ASV_Spoof_2019_LA/ASVspoof2019_LA_train/flac/LA_T_7871267.flac,6
/data/DATASETS/ASV_Spoof_2019_LA/ASVspoof2019_LA_train/flac/LA_T_8080885.flac,6
/data/DATASETS/ASV_Spoof_2019_LA/ASVspoof2019_LA_train/flac/LA_T_4847662.flac,6
/data/DATASETS/ASV_Spoof_2019_LA/ASVspoof2019_LA_dev/flac/LA_D_5760810.flac,6
/data/DATASETS/ASV_Spoof_2019_LA/ASVspoof2019_LA_train/flac/LA_T_9509346.flac,6
/data/DATASETS/ASV_Spoof_2019_LA/ASVspoof2019_LA_dev/flac/LA_D_5534887.flac,6
/data/DATASETS/ASV_Spoof_2019_LA/ASVspoof2019_LA_train/flac/LA_T_8582621.flac,6
/data/DATASETS/ASV_Spoof_2019_LA/ASVspoof2019_LA_train/flac/LA_T_3744903.flac,6
/data/DATASETS/ASV_Spoof_2019_LA/ASVspoof2019_LA_dev/flac/LA_D_3140807.flac,6
/data/DATASETS/ASV_Spoof_2019_LA/ASVspoof2019_LA_train/flac/LA_T_5848229.flac,6
/data/DATASETS/ASV_Spoof_2019_LA/ASVspoof2019_LA_train/flac/LA_T_4408791.flac,6
/data/DATASETS/ASV_Spoof_2019_LA/ASVspoof2019_LA_dev/flac/LA_D_4969991.flac,6
/data/DATASETS/ASV_Spoof_2019_LA/ASVspoof2019_LA_train/flac/LA_T_6660368.flac,6
/data/DATASETS/ASV_Spoof_2019_LA/ASVspoof2019_LA_dev/flac/LA_D_3553005.flac,6
/data/DATASETS/ASV_Spoof_2019_LA/ASVspoof2019_LA_dev/flac/LA_D_4991294.flac,6
/data/DATASETS/ASV_Spoof_2019_LA/ASVspoof2019_LA_train/flac/LA_T_3763553.flac,6
/data/DATASETS/ASV_Spoof_2019_LA/ASVspoof2019_LA_dev/flac/LA_D_3682613.flac,6
/data/DATASETS/ASV_Spoof_2019_LA/ASVspoof2019_LA_dev/flac/LA_D_2879814.flac,6
/data/DATASETS/ASV_Spoof_2019_LA/ASVspoof2019_LA_dev/flac/LA_D_6332465.flac,6
/data/DATASETS/ASV_Spoof_2019_LA/ASVspoof2019_LA_dev/flac/LA_D_6434205.flac,6
/data/DATASETS/ASV_Spoof_2019_LA/ASVspoof2019_LA_dev/flac/LA_D_1381092.flac,6
/data/DATASETS/ASV_Spoof_2019_LA/ASVspoof2019_LA_train/flac/LA_T_9954385.flac,6
/data/DATASETS/ASV_Spoof_2019_LA/ASVspoof2019_LA_dev/flac/LA_D_3342069.flac,6
/data/DATASETS/ASV_Spoof_2019_LA/ASVspoof2019_LA_dev/flac/LA_D_4353332.flac,6
/data/DATASETS/ASV_Spoof_2019_LA/ASVspoof2019_LA_train/flac/LA_T_1750721.flac,6
/data/DATASETS/ASV_Spoof_2019_LA/ASVspoof2019_LA_dev/flac/LA_D_8492918.flac,6
/data/DATASETS/ASV_Spoof_2019_LA/ASVspoof2019_LA_train/flac/LA_T_8664950.flac,6
/data/DATASETS/ASV_Spoof_2019_LA/ASVspoof2019_LA_train/flac/LA_T_4211293.flac,6
/data/DATASETS/ASV_Spoof_2019_LA/ASVspoof2019_LA_train/flac/LA_T_1815147.flac,6
/data/DATASETS/ASV_Spoof_2019_LA/ASVspoof2019_LA_dev/flac/LA_D_2720435.flac,6
/data/DATASETS/ASV_Spoof_2019_LA/ASVspoof2019_LA_dev/flac/LA_D_8528202.flac,6
/data/DATASETS/ASV_Spoof_2019_LA/ASVspoof2019_LA_train/flac/LA_T_2369027.flac,6
/data/DATASETS/ASV_Spoof_2019_LA/ASVspoof2019_LA_dev/flac/LA_D_6359607.flac,6
/data/DATASETS/ASV_Spoof_2019_LA/ASVspoof2019_LA_dev/flac/LA_D_2094262.flac,6
/data/DATASETS/ASV_Spoof_2019_LA/ASVspoof2019_LA_train/flac/LA_T_3384657.flac,6
/data/DATASETS/ASV_Spoof_2019_LA/ASVspoof2019_LA_train/flac/LA_T_2525771.flac,6
/data/DATASETS/ASV_Spoof_2019_LA/ASVspoof2019_LA_train/flac/LA_T_9582904.flac,6
/data/DATASETS/ASV_Spoof_2019_LA/ASVspoof2019_LA_dev/flac/LA_D_9601777.flac,6
/data/DATASETS/ASV_Spoof_2019_LA/ASVspoof2019_LA_train/flac/LA_T_7806045.flac,6
/data/DATASETS/ASV_Spoof_2019_LA/ASVspoof2019_LA_train/flac/LA_T_8356287.flac,6
/data/DATASETS/ASV_Spoof_2019_LA/ASVspoof2019_LA_dev/flac/LA_D_6900371.flac,6
/data/DATASETS/ASV_Spoof_2019_LA/ASVspoof2019_LA_dev/flac/LA_D_1608716.flac,6
/data/DATASETS/ASV_Spoof_2019_LA/ASVspoof2019_LA_dev/flac/LA_D_2692895.flac,6
/data/DATASETS/ASV_Spoof_2019_LA/ASVspoof2019_LA_train/flac/LA_T_7101254.flac,6
/data/DATASETS/ASV_Spoof_2019_LA/ASVspoof2019_LA_train/flac/LA_T_8446324.flac,6
/data/DATASETS/ASV_Spoof_2019_LA/ASVspoof2019_LA_dev/flac/LA_D_2413811.flac,6
/data/DATASETS/ASV_Spoof_2019_LA/ASVspoof2019_LA_dev/flac/LA_D_9686921.flac,6
/data/DATASETS/ASV_Spoof_2019_LA/ASVspoof2019_LA_train/flac/LA_T_2311893.flac,6
/data/DATASETS/ASV_Spoof_2019_LA/ASVspoof2019_LA_train/flac/LA_T_4809185.flac,6
/data/DATASETS/ASV_Spoof_2019_LA/ASVspoof2019_LA_dev/flac/LA_D_3587041.flac,6
/data/DATASETS/ASV_Spoof_2019_LA/ASVspoof2019_LA_dev/flac/LA_D_7647228.flac,6
/data/DATASETS/ASV_Spoof_2019_LA/ASVspoof2019_LA_train/flac/LA_T_6828008.flac,6
/data/DATASETS/ASV_Spoof_2019_LA/ASVspoof2019_LA_dev/flac/LA_D_2028260.flac,6
/data/DATASETS/ASV_Spoof_2019_LA/ASVspoof2019_LA_dev/flac/LA_D_6268368.flac,6
/data/DATASETS/ASV_Spoof_2019_LA/ASVspoof2019_LA_dev/flac/LA_D_3540005.flac,6
/data/DATASETS/ASV_Spoof_2019_LA/ASVspoof2019_LA_dev/flac/LA_D_6798093.flac,6
/data/DATASETS/ASV_Spoof_2019_LA/ASVspoof2019_LA_train/flac/LA_T_9001631.flac,6
/data/DATASETS/ASV_Spoof_2019_LA/ASVspoof2019_LA_dev/flac/LA_D_1943070.flac,6
/data/DATASETS/ASV_Spoof_2019_LA/ASVspoof2019_LA_train/flac/LA_T_3804528.flac,6
/data/DATASETS/ASV_Spoof_2019_LA/ASVspoof2019_LA_dev/flac/LA_D_5580217.flac,6
/data/DATASETS/ASV_Spoof_2019_LA/ASVspoof2019_LA_train/flac/LA_T_3479948.flac,6
/data/DATASETS/ASV_Spoof_2019_LA/ASVspoof2019_LA_train/flac/LA_T_4912498.flac,6
/data/DATASETS/ASV_Spoof_2019_LA/ASVspoof2019_LA_train/flac/LA_T_9859918.flac,6
/data/DATASETS/ASV_Spoof_2019_LA/ASVspoof2019_LA_dev/flac/LA_D_5303682.flac,6
/data/DATASETS/ASV_Spoof_2019_LA/ASVspoof2019_LA_dev/flac/LA_D_4947786.flac,6
/data/DATASETS/ASV_Spoof_2019_LA/ASVspoof2019_LA_train/flac/LA_T_2231142.flac,6
/data/DATASETS/ASV_Spoof_2019_LA/ASVspoof2019_LA_dev/flac/LA_D_6539622.flac,6
/data/DATASETS/ASV_Spoof_2019_LA/ASVspoof2019_LA_train/flac/LA_T_5773365.flac,6
/data/DATASETS/ASV_Spoof_2019_LA/ASVspoof2019_LA_dev/flac/LA_D_7681644.flac,6
/data/DATASETS/ASV_Spoof_2019_LA/ASVspoof2019_LA_dev/flac/LA_D_8843993.flac,6
/data/DATASETS/ASV_Spoof_2019_LA/ASVspoof2019_LA_dev/flac/LA_D_3062267.flac,6
/data/DATASETS/ASV_Spoof_2019_LA/ASVspoof2019_LA_dev/flac/LA_D_4689159.flac,6
/data/DATASETS/ASV_Spoof_2019_LA/ASVspoof2019_LA_train/flac/LA_T_7406221.flac,6
/data/DATASETS/ASV_Spoof_2019_LA/ASVspoof2019_LA_dev/flac/LA_D_7151864.flac,6
/data/DATASETS/ASV_Spoof_2019_LA/ASVspoof2019_LA_train/flac/LA_T_4178817.flac,6
/data/DATASETS/ASV_Spoof_2019_LA/ASVspoof2019_LA_dev/flac/LA_D_7253261.flac,6
/data/DATASETS/ASV_Spoof_2019_LA/ASVspoof2019_LA_train/flac/LA_T_2185190.flac,6
/data/DATASETS/ASV_Spoof_2019_LA/ASVspoof2019_LA_dev/flac/LA_D_6138469.flac,6
/data/DATASETS/ASV_Spoof_2019_LA/ASVspoof2019_LA_train/flac/LA_T_5478706.flac,6
/data/DATASETS/ASV_Spoof_2019_LA/ASVspoof2019_LA_train/flac/LA_T_4332309.flac,6
/data/DATASETS/ASV_Spoof_2019_LA/ASVspoof2019_LA_dev/flac/LA_D_6569528.flac,6
/data/DATASETS/ASV_Spoof_2019_LA/ASVspoof2019_LA_dev/flac/LA_D_2104324.flac,6
/data/DATASETS/ASV_Spoof_2019_LA/ASVspoof2019_LA_dev/flac/LA_D_4042181.flac,6
/data/DATASETS/ASV_Spoof_2019_LA/ASVspoof2019_LA_train/flac/LA_T_4229938.flac,6
/data/DATASETS/ASV_Spoof_2019_LA/ASVspoof2019_LA_dev/flac/LA_D_3577241.flac,6
/data/DATASETS/ASV_Spoof_2019_LA/ASVspoof2019_LA_train/flac/LA_T_7402798.flac,6
/data/DATASETS/ASV_Spoof_2019_LA/ASVspoof2019_LA_train/flac/LA_T_5879155.flac,6
/data/DATASETS/ASV_Spoof_2019_LA/ASVspoof2019_LA_train/flac/LA_T_2459546.flac,6
/data/DATASETS/ASV_Spoof_2019_LA/ASVspoof2019_LA_dev/flac/LA_D_7966865.flac,6
/data/DATASETS/ASV_Spoof_2019_LA/ASVspoof2019_LA_dev/flac/LA_D_8711965.flac,6
/data/DATASETS/ASV_Spoof_2019_LA/ASVspoof2019_LA_dev/flac/LA_D_7985250.flac,6
/data/DATASETS/ASV_Spoof_2019_LA/ASVspoof2019_LA_train/flac/LA_T_2431917.flac,6
/data/DATASETS/ASV_Spoof_2019_LA/ASVspoof2019_LA_train/flac/LA_T_1296653.flac,6
/data/DATASETS/ASV_Spoof_2019_LA/ASVspoof2019_LA_train/flac/LA_T_8157666.flac,6
/data/DATASETS/ASV_Spoof_2019_LA/ASVspoof2019_LA_train/flac/LA_T_2827086.flac,6
/data/DATASETS/ASV_Spoof_2019_LA/ASVspoof2019_LA_train/flac/LA_T_6585364.flac,6
/data/DATASETS/ASV_Spoof_2019_LA/ASVspoof2019_LA_train/flac/LA_T_4879540.flac,6
/data/DATASETS/ASV_Spoof_2019_LA/ASVspoof2019_LA_dev/flac/LA_D_5699731.flac,6
/data/DATASETS/ASV_Spoof_2019_LA/ASVspoof2019_LA_dev/flac/LA_D_3116504.flac,6
/data/DATASETS/ASV_Spoof_2019_LA/ASVspoof2019_LA_dev/flac/LA_D_7770558.flac,6
/data/DATASETS/ASV_Spoof_2019_LA/ASVspoof2019_LA_dev/flac/LA_D_6018250.flac,6
/data/DATASETS/ASV_Spoof_2019_LA/ASVspoof2019_LA_train/flac/LA_T_5339388.flac,6
/data/DATASETS/ASV_Spoof_2019_LA/ASVspoof2019_LA_train/flac/LA_T_7418411.flac,6
/data/DATASETS/ASV_Spoof_2019_LA/ASVspoof2019_LA_train/flac/LA_T_3643756.flac,6
/data/DATASETS/ASV_Spoof_2019_LA/ASVspoof2019_LA_dev/flac/LA_D_1391969.flac,6
/data/DATASETS/ASV_Spoof_2019_LA/ASVspoof2019_LA_train/flac/LA_T_6653415.flac,6
/data/DATASETS/ASV_Spoof_2019_LA/ASVspoof2019_LA_train/flac/LA_T_7458557.flac,6
/data/DATASETS/ASV_Spoof_2019_LA/ASVspoof2019_LA_train/flac/LA_T_3301825.flac,6
/data/DATASETS/ASV_Spoof_2019_LA/ASVspoof2019_LA_train/flac/LA_T_2496189.flac,6
/data/DATASETS/ASV_Spoof_2019_LA/ASVspoof2019_LA_dev/flac/LA_D_6062114.flac,6
/data/DATASETS/ASV_Spoof_2019_LA/ASVspoof2019_LA_train/flac/LA_T_3704769.flac,6
/data/DATASETS/ASV_Spoof_2019_LA/ASVspoof2019_LA_train/flac/LA_T_9784207.flac,6
/data/DATASETS/ASV_Spoof_2019_LA/ASVspoof2019_LA_dev/flac/LA_D_6648074.flac,6
/data/DATASETS/ASV_Spoof_2019_LA/ASVspoof2019_LA_dev/flac/LA_D_9495054.flac,6
/data/DATASETS/ASV_Spoof_2019_LA/ASVspoof2019_LA_train/flac/LA_T_6407044.flac,6
/data/DATASETS/ASV_Spoof_2019_LA/ASVspoof2019_LA_dev/flac/LA_D_2460870.flac,6
/data/DATASETS/ASV_Spoof_2019_LA/ASVspoof2019_LA_train/flac/LA_T_4642426.flac,6
/data/DATASETS/ASV_Spoof_2019_LA/ASVspoof2019_LA_train/flac/LA_T_9880401.flac,6
/data/DATASETS/ASV_Spoof_2019_LA/ASVspoof2019_LA_train/flac/LA_T_5641455.flac,6
/data/DATASETS/ASV_Spoof_2019_LA/ASVspoof2019_LA_train/flac/LA_T_2803437.flac,6
/data/DATASETS/ASV_Spoof_2019_LA/ASVspoof2019_LA_dev/flac/LA_D_5519522.flac,6
/data/DATASETS/ASV_Spoof_2019_LA/ASVspoof2019_LA_dev/flac/LA_D_6687114.flac,6
/data/DATASETS/ASV_Spoof_2019_LA/ASVspoof2019_LA_train/flac/LA_T_5530076.flac,6
/data/DATASETS/ASV_Spoof_2019_LA/ASVspoof2019_LA_dev/flac/LA_D_8128338.flac,6
/data/DATASETS/ASV_Spoof_2019_LA/ASVspoof2019_LA_train/flac/LA_T_9337751.flac,6
/data/DATASETS/ASV_Spoof_2019_LA/ASVspoof2019_LA_dev/flac/LA_D_8582209.flac,6
/data/DATASETS/ASV_Spoof_2019_LA/ASVspoof2019_LA_train/flac/LA_T_4710605.flac,6
/data/DATASETS/ASV_Spoof_2019_LA/ASVspoof2019_LA_dev/flac/LA_D_2368084.flac,6
/data/DATASETS/ASV_Spoof_2019_LA/ASVspoof2019_LA_dev/flac/LA_D_3433833.flac,6
/data/DATASETS/ASV_Spoof_2019_LA/ASVspoof2019_LA_dev/flac/LA_D_9502607.flac,6
/data/DATASETS/ASV_Spoof_2019_LA/ASVspoof2019_LA_train/flac/LA_T_4939879.flac,6
/data/DATASETS/ASV_Spoof_2019_LA/ASVspoof2019_LA_dev/flac/LA_D_9016742.flac,6
/data/DATASETS/ASV_Spoof_2019_LA/ASVspoof2019_LA_dev/flac/LA_D_7376418.flac,6
/data/DATASETS/ASV_Spoof_2019_LA/ASVspoof2019_LA_dev/flac/LA_D_7360247.flac,6
/data/DATASETS/ASV_Spoof_2019_LA/ASVspoof2019_LA_train/flac/LA_T_9469709.flac,6
/data/DATASETS/ASV_Spoof_2019_LA/ASVspoof2019_LA_dev/flac/LA_D_5106376.flac,6
/data/DATASETS/ASV_Spoof_2019_LA/ASVspoof2019_LA_train/flac/LA_T_6910450.flac,6
/data/DATASETS/ASV_Spoof_2019_LA/ASVspoof2019_LA_train/flac/LA_T_5450659.flac,6
/data/DATASETS/ASV_Spoof_2019_LA/ASVspoof2019_LA_dev/flac/LA_D_7479337.flac,6
/data/DATASETS/ASV_Spoof_2019_LA/ASVspoof2019_LA_dev/flac/LA_D_9308388.flac,6
/data/DATASETS/ASV_Spoof_2019_LA/ASVspoof2019_LA_dev/flac/LA_D_7933136.flac,6
/data/DATASETS/ASV_Spoof_2019_LA/ASVspoof2019_LA_train/flac/LA_T_3357736.flac,6
/data/DATASETS/ASV_Spoof_2019_LA/ASVspoof2019_LA_dev/flac/LA_D_6301940.flac,6
/data/DATASETS/ASV_Spoof_2019_LA/ASVspoof2019_LA_train/flac/LA_T_8113437.flac,6
/data/DATASETS/ASV_Spoof_2019_LA/ASVspoof2019_LA_dev/flac/LA_D_3817954.flac,6
/data/DATASETS/ASV_Spoof_2019_LA/ASVspoof2019_LA_train/flac/LA_T_9939780.flac,6
/data/DATASETS/ASV_Spoof_2019_LA/ASVspoof2019_LA_train/flac/LA_T_7191018.flac,6
/data/DATASETS/ASV_Spoof_2019_LA/ASVspoof2019_LA_train/flac/LA_T_1178793.flac,6
/data/DATASETS/ASV_Spoof_2019_LA/ASVspoof2019_LA_dev/flac/LA_D_2853662.flac,6
/data/DATASETS/ASV_Spoof_2019_LA/ASVspoof2019_LA_train/flac/LA_T_6183805.flac,6
/data/DATASETS/ASV_Spoof_2019_LA/ASVspoof2019_LA_dev/flac/LA_D_9173096.flac,6
/data/DATASETS/ASV_Spoof_2019_LA/ASVspoof2019_LA_dev/flac/LA_D_2908532.flac,6
/data/DATASETS/ASV_Spoof_2019_LA/ASVspoof2019_LA_dev/flac/LA_D_8720385.flac,6
/data/DATASETS/ASV_Spoof_2019_LA/ASVspoof2019_LA_train/flac/LA_T_7855058.flac,6
/data/DATASETS/ASV_Spoof_2019_LA/ASVspoof2019_LA_dev/flac/LA_D_6224605.flac,6
/data/DATASETS/ASV_Spoof_2019_LA/ASVspoof2019_LA_train/flac/LA_T_8848957.flac,6
/data/DATASETS/ASV_Spoof_2019_LA/ASVspoof2019_LA_train/flac/LA_T_4799095.flac,6
/data/DATASETS/ASV_Spoof_2019_LA/ASVspoof2019_LA_dev/flac/LA_D_7474865.flac,6
/data/DATASETS/ASV_Spoof_2019_LA/ASVspoof2019_LA_train/flac/LA_T_3551131.flac,6
/data/DATASETS/ASV_Spoof_2019_LA/ASVspoof2019_LA_train/flac/LA_T_7292691.flac,6
/data/DATASETS/ASV_Spoof_2019_LA/ASVspoof2019_LA_train/flac/LA_T_5015809.flac,6
/data/DATASETS/ASV_Spoof_2019_LA/ASVspoof2019_LA_train/flac/LA_T_1564775.flac,6
/data/DATASETS/ASV_Spoof_2019_LA/ASVspoof2019_LA_train/flac/LA_T_7546381.flac,6
/data/DATASETS/ASV_Spoof_2019_LA/ASVspoof2019_LA_dev/flac/LA_D_1716656.flac,6
/data/DATASETS/ASV_Spoof_2019_LA/ASVspoof2019_LA_dev/flac/LA_D_2510886.flac,6
/data/DATASETS/ASV_Spoof_2019_LA/ASVspoof2019_LA_dev/flac/LA_D_3740651.flac,6
/data/DATASETS/ASV_Spoof_2019_LA/ASVspoof2019_LA_dev/flac/LA_D_4552417.flac,6
/data/DATASETS/ASV_Spoof_2019_LA/ASVspoof2019_LA_dev/flac/LA_D_8217709.flac,6
/data/DATASETS/ASV_Spoof_2019_LA/ASVspoof2019_LA_dev/flac/LA_D_9461387.flac,6
/data/DATASETS/ASV_Spoof_2019_LA/ASVspoof2019_LA_dev/flac/LA_D_5406612.flac,6
/data/DATASETS/ASV_Spoof_2019_LA/ASVspoof2019_LA_dev/flac/LA_D_9346841.flac,6
/data/DATASETS/ASV_Spoof_2019_LA/ASVspoof2019_LA_dev/flac/LA_D_7271267.flac,6
/data/DATASETS/ASV_Spoof_2019_LA/ASVspoof2019_LA_train/flac/LA_T_7105053.flac,6
/data/DATASETS/ASV_Spoof_2019_LA/ASVspoof2019_LA_train/flac/LA_T_6080941.flac,6
/data/DATASETS/ASV_Spoof_2019_LA/ASVspoof2019_LA_train/flac/LA_T_1603547.flac,6
/data/DATASETS/ASV_Spoof_2019_LA/ASVspoof2019_LA_dev/flac/LA_D_7609585.flac,6
/data/DATASETS/ASV_Spoof_2019_LA/ASVspoof2019_LA_train/flac/LA_T_5090995.flac,6
/data/DATASETS/ASV_Spoof_2019_LA/ASVspoof2019_LA_dev/flac/LA_D_5092940.flac,6
/data/DATASETS/ASV_Spoof_2019_LA/ASVspoof2019_LA_train/flac/LA_T_8659550.flac,6
/data/DATASETS/ASV_Spoof_2019_LA/ASVspoof2019_LA_dev/flac/LA_D_2293625.flac,6
/data/DATASETS/ASV_Spoof_2019_LA/ASVspoof2019_LA_train/flac/LA_T_4900009.flac,6
/data/DATASETS/ASV_Spoof_2019_LA/ASVspoof2019_LA_dev/flac/LA_D_8045813.flac,6
/data/DATASETS/ASV_Spoof_2019_LA/ASVspoof2019_LA_train/flac/LA_T_2871588.flac,6
/data/DATASETS/ASV_Spoof_2019_LA/ASVspoof2019_LA_train/flac/LA_T_1656069.flac,6
/data/DATASETS/ASV_Spoof_2019_LA/ASVspoof2019_LA_train/flac/LA_T_1069506.flac,6
/data/DATASETS/ASV_Spoof_2019_LA/ASVspoof2019_LA_dev/flac/LA_D_6348972.flac,6
/data/DATASETS/ASV_Spoof_2019_LA/ASVspoof2019_LA_dev/flac/LA_D_4424329.flac,6
/data/DATASETS/ASV_Spoof_2019_LA/ASVspoof2019_LA_dev/flac/LA_D_5136094.flac,6
/data/DATASETS/ASV_Spoof_2019_LA/ASVspoof2019_LA_train/flac/LA_T_1310140.flac,6
/data/DATASETS/ASV_Spoof_2019_LA/ASVspoof2019_LA_train/flac/LA_T_8155825.flac,6
/data/DATASETS/ASV_Spoof_2019_LA/ASVspoof2019_LA_dev/flac/LA_D_2507417.flac,6
/data/DATASETS/ASV_Spoof_2019_LA/ASVspoof2019_LA_train/flac/LA_T_1637660.flac,6
/data/DATASETS/ASV_Spoof_2019_LA/ASVspoof2019_LA_train/flac/LA_T_7141358.flac,6
/data/DATASETS/ASV_Spoof_2019_LA/ASVspoof2019_LA_dev/flac/LA_D_2688863.flac,6
/data/DATASETS/ASV_Spoof_2019_LA/ASVspoof2019_LA_dev/flac/LA_D_7849760.flac,6
/data/DATASETS/ASV_Spoof_2019_LA/ASVspoof2019_LA_dev/flac/LA_D_5893732.flac,6
/data/DATASETS/ASV_Spoof_2019_LA/ASVspoof2019_LA_dev/flac/LA_D_1560491.flac,6
/data/DATASETS/ASV_Spoof_2019_LA/ASVspoof2019_LA_train/flac/LA_T_7796953.flac,6
/data/DATASETS/ASV_Spoof_2019_LA/ASVspoof2019_LA_dev/flac/LA_D_5732025.flac,6
/data/DATASETS/ASV_Spoof_2019_LA/ASVspoof2019_LA_train/flac/LA_T_6660840.flac,6
/data/DATASETS/ASV_Spoof_2019_LA/ASVspoof2019_LA_dev/flac/LA_D_4823498.flac,6
/data/DATASETS/ASV_Spoof_2019_LA/ASVspoof2019_LA_dev/flac/LA_D_5406305.flac,6
/data/DATASETS/ASV_Spoof_2019_LA/ASVspoof2019_LA_train/flac/LA_T_5822016.flac,6
/data/DATASETS/ASV_Spoof_2019_LA/ASVspoof2019_LA_dev/flac/LA_D_8676372.flac,6
/data/DATASETS/ASV_Spoof_2019_LA/ASVspoof2019_LA_dev/flac/LA_D_3537955.flac,6
/data/DATASETS/ASV_Spoof_2019_LA/ASVspoof2019_LA_train/flac/LA_T_6651063.flac,6
/data/DATASETS/ASV_Spoof_2019_LA/ASVspoof2019_LA_dev/flac/LA_D_4390516.flac,6
/data/DATASETS/ASV_Spoof_2019_LA/ASVspoof2019_LA_dev/flac/LA_D_8635185.flac,6
/data/DATASETS/ASV_Spoof_2019_LA/ASVspoof2019_LA_train/flac/LA_T_6500414.flac,6
/data/DATASETS/ASV_Spoof_2019_LA/ASVspoof2019_LA_dev/flac/LA_D_8925211.flac,6
/data/DATASETS/ASV_Spoof_2019_LA/ASVspoof2019_LA_dev/flac/LA_D_7186648.flac,6
/data/DATASETS/ASV_Spoof_2019_LA/ASVspoof2019_LA_train/flac/LA_T_9167783.flac,6
/data/DATASETS/ASV_Spoof_2019_LA/ASVspoof2019_LA_dev/flac/LA_D_9481030.flac,6
/data/DATASETS/ASV_Spoof_2019_LA/ASVspoof2019_LA_train/flac/LA_T_1951326.flac,6
/data/DATASETS/ASV_Spoof_2019_LA/ASVspoof2019_LA_dev/flac/LA_D_1319002.flac,6
/data/DATASETS/ASV_Spoof_2019_LA/ASVspoof2019_LA_train/flac/LA_T_3687215.flac,6
/data/DATASETS/ASV_Spoof_2019_LA/ASVspoof2019_LA_dev/flac/LA_D_8256307.flac,6
/data/DATASETS/ASV_Spoof_2019_LA/ASVspoof2019_LA_dev/flac/LA_D_8579416.flac,6
/data/DATASETS/ASV_Spoof_2019_LA/ASVspoof2019_LA_dev/flac/LA_D_1090716.flac,6
/data/DATASETS/ASV_Spoof_2019_LA/ASVspoof2019_LA_dev/flac/LA_D_6771345.flac,6
/data/DATASETS/ASV_Spoof_2019_LA/ASVspoof2019_LA_train/flac/LA_T_1848099.flac,6
/data/DATASETS/ASV_Spoof_2019_LA/ASVspoof2019_LA_train/flac/LA_T_2100472.flac,6
/data/DATASETS/ASV_Spoof_2019_LA/ASVspoof2019_LA_dev/flac/LA_D_7614264.flac,6
/data/DATASETS/ASV_Spoof_2019_LA/ASVspoof2019_LA_train/flac/LA_T_2133585.flac,6
/data/DATASETS/ASV_Spoof_2019_LA/ASVspoof2019_LA_train/flac/LA_T_3905598.flac,6
/data/DATASETS/ASV_Spoof_2019_LA/ASVspoof2019_LA_dev/flac/LA_D_3898295.flac,6
/data/DATASETS/ASV_Spoof_2019_LA/ASVspoof2019_LA_train/flac/LA_T_4590957.flac,6
/data/DATASETS/ASV_Spoof_2019_LA/ASVspoof2019_LA_train/flac/LA_T_9828215.flac,6
/data/DATASETS/ASV_Spoof_2019_LA/ASVspoof2019_LA_train/flac/LA_T_3836129.flac,6
/data/DATASETS/ASV_Spoof_2019_LA/ASVspoof2019_LA_train/flac/LA_T_9309916.flac,6
/data/DATASETS/ASV_Spoof_2019_LA/ASVspoof2019_LA_train/flac/LA_T_2152627.flac,6
/data/DATASETS/ASV_Spoof_2019_LA/ASVspoof2019_LA_train/flac/LA_T_1743658.flac,6
/data/DATASETS/ASV_Spoof_2019_LA/ASVspoof2019_LA_dev/flac/LA_D_6570467.flac,6
/data/DATASETS/ASV_Spoof_2019_LA/ASVspoof2019_LA_dev/flac/LA_D_2982066.flac,6
/data/DATASETS/ASV_Spoof_2019_LA/ASVspoof2019_LA_dev/flac/LA_D_2850234.flac,6
/data/DATASETS/ASV_Spoof_2019_LA/ASVspoof2019_LA_dev/flac/LA_D_5005973.flac,6
/data/DATASETS/ASV_Spoof_2019_LA/ASVspoof2019_LA_dev/flac/LA_D_6995410.flac,6
/data/DATASETS/ASV_Spoof_2019_LA/ASVspoof2019_LA_dev/flac/LA_D_8489881.flac,6
/data/DATASETS/ASV_Spoof_2019_LA/ASVspoof2019_LA_dev/flac/LA_D_8796692.flac,6
/data/DATASETS/ASV_Spoof_2019_LA/ASVspoof2019_LA_train/flac/LA_T_2742511.flac,6
/data/DATASETS/ASV_Spoof_2019_LA/ASVspoof2019_LA_dev/flac/LA_D_1756267.flac,6
/data/DATASETS/ASV_Spoof_2019_LA/ASVspoof2019_LA_dev/flac/LA_D_6573123.flac,6
/data/DATASETS/ASV_Spoof_2019_LA/ASVspoof2019_LA_train/flac/LA_T_4600654.flac,6
/data/DATASETS/ASV_Spoof_2019_LA/ASVspoof2019_LA_dev/flac/LA_D_9706008.flac,6
/data/DATASETS/ASV_Spoof_2019_LA/ASVspoof2019_LA_train/flac/LA_T_6435856.flac,6
/data/DATASETS/ASV_Spoof_2019_LA/ASVspoof2019_LA_train/flac/LA_T_7197429.flac,6
/data/DATASETS/ASV_Spoof_2019_LA/ASVspoof2019_LA_dev/flac/LA_D_1343964.flac,6
/data/DATASETS/ASV_Spoof_2019_LA/ASVspoof2019_LA_dev/flac/LA_D_8336129.flac,6
/data/DATASETS/ASV_Spoof_2019_LA/ASVspoof2019_LA_train/flac/LA_T_6011071.flac,6
/data/DATASETS/ASV_Spoof_2019_LA/ASVspoof2019_LA_train/flac/LA_T_8892784.flac,6
/data/DATASETS/ASV_Spoof_2019_LA/ASVspoof2019_LA_train/flac/LA_T_1658596.flac,6
/data/DATASETS/ASV_Spoof_2019_LA/ASVspoof2019_LA_train/flac/LA_T_7048763.flac,6
/data/DATASETS/ASV_Spoof_2019_LA/ASVspoof2019_LA_train/flac/LA_T_2942952.flac,6
/data/DATASETS/ASV_Spoof_2019_LA/ASVspoof2019_LA_train/flac/LA_T_9536794.flac,6
/data/DATASETS/ASV_Spoof_2019_LA/ASVspoof2019_LA_train/flac/LA_T_7648487.flac,6
/data/DATASETS/ASV_Spoof_2019_LA/ASVspoof2019_LA_train/flac/LA_T_3240135.flac,6
/data/DATASETS/ASV_Spoof_2019_LA/ASVspoof2019_LA_dev/flac/LA_D_7358592.flac,6
/data/DATASETS/ASV_Spoof_2019_LA/ASVspoof2019_LA_train/flac/LA_T_4273552.flac,6
/data/DATASETS/ASV_Spoof_2019_LA/ASVspoof2019_LA_dev/flac/LA_D_5878266.flac,6
/data/DATASETS/ASV_Spoof_2019_LA/ASVspoof2019_LA_train/flac/LA_T_7709894.flac,6
/data/DATASETS/ASV_Spoof_2019_LA/ASVspoof2019_LA_dev/flac/LA_D_9581321.flac,6
/data/DATASETS/ASV_Spoof_2019_LA/ASVspoof2019_LA_dev/flac/LA_D_5159936.flac,6
/data/DATASETS/ASV_Spoof_2019_LA/ASVspoof2019_LA_dev/flac/LA_D_5299238.flac,6
/data/DATASETS/ASV_Spoof_2019_LA/ASVspoof2019_LA_train/flac/LA_T_1214022.flac,6
/data/DATASETS/ASV_Spoof_2019_LA/ASVspoof2019_LA_train/flac/LA_T_1723334.flac,6
/data/DATASETS/ASV_Spoof_2019_LA/ASVspoof2019_LA_train/flac/LA_T_6318372.flac,6
/data/DATASETS/ASV_Spoof_2019_LA/ASVspoof2019_LA_dev/flac/LA_D_4167033.flac,6
/data/DATASETS/ASV_Spoof_2019_LA/ASVspoof2019_LA_dev/flac/LA_D_4797826.flac,6
/data/DATASETS/ASV_Spoof_2019_LA/ASVspoof2019_LA_train/flac/LA_T_9076734.flac,6
/data/DATASETS/ASV_Spoof_2019_LA/ASVspoof2019_LA_dev/flac/LA_D_9321322.flac,6
/data/DATASETS/ASV_Spoof_2019_LA/ASVspoof2019_LA_dev/flac/LA_D_1485983.flac,6
/data/DATASETS/ASV_Spoof_2019_LA/ASVspoof2019_LA_dev/flac/LA_D_1634247.flac,6
/data/DATASETS/ASV_Spoof_2019_LA/ASVspoof2019_LA_dev/flac/LA_D_3326531.flac,6
/data/DATASETS/ASV_Spoof_2019_LA/ASVspoof2019_LA_train/flac/LA_T_1233401.flac,6
/data/DATASETS/ASV_Spoof_2019_LA/ASVspoof2019_LA_dev/flac/LA_D_3597947.flac,6
/data/DATASETS/ASV_Spoof_2019_LA/ASVspoof2019_LA_dev/flac/LA_D_3606925.flac,6
/data/DATASETS/ASV_Spoof_2019_LA/ASVspoof2019_LA_dev/flac/LA_D_6384625.flac,6
/data/DATASETS/ASV_Spoof_2019_LA/ASVspoof2019_LA_dev/flac/LA_D_6904176.flac,6
/data/DATASETS/ASV_Spoof_2019_LA/ASVspoof2019_LA_train/flac/LA_T_6471949.flac,6
/data/DATASETS/ASV_Spoof_2019_LA/ASVspoof2019_LA_dev/flac/LA_D_4103062.flac,6
/data/DATASETS/ASV_Spoof_2019_LA/ASVspoof2019_LA_dev/flac/LA_D_5219734.flac,6
/data/DATASETS/ASV_Spoof_2019_LA/ASVspoof2019_LA_dev/flac/LA_D_5957995.flac,6
/data/DATASETS/ASV_Spoof_2019_LA/ASVspoof2019_LA_train/flac/LA_T_3356816.flac,6
/data/DATASETS/ASV_Spoof_2019_LA/ASVspoof2019_LA_train/flac/LA_T_8993012.flac,6
/data/DATASETS/ASV_Spoof_2019_LA/ASVspoof2019_LA_dev/flac/LA_D_3808030.flac,6
/data/DATASETS/ASV_Spoof_2019_LA/ASVspoof2019_LA_train/flac/LA_T_4655803.flac,6
/data/DATASETS/ASV_Spoof_2019_LA/ASVspoof2019_LA_dev/flac/LA_D_7908285.flac,6
/data/DATASETS/ASV_Spoof_2019_LA/ASVspoof2019_LA_dev/flac/LA_D_1338441.flac,6
/data/DATASETS/ASV_Spoof_2019_LA/ASVspoof2019_LA_train/flac/LA_T_8061039.flac,6
/data/DATASETS/ASV_Spoof_2019_LA/ASVspoof2019_LA_train/flac/LA_T_4858165.flac,6
/data/DATASETS/ASV_Spoof_2019_LA/ASVspoof2019_LA_train/flac/LA_T_7119459.flac,6
/data/DATASETS/ASV_Spoof_2019_LA/ASVspoof2019_LA_dev/flac/LA_D_6977063.flac,6
/data/DATASETS/ASV_Spoof_2019_LA/ASVspoof2019_LA_dev/flac/LA_D_1337359.flac,6
/data/DATASETS/ASV_Spoof_2019_LA/ASVspoof2019_LA_dev/flac/LA_D_1381076.flac,6
/data/DATASETS/ASV_Spoof_2019_LA/ASVspoof2019_LA_dev/flac/LA_D_2970964.flac,6
/data/DATASETS/ASV_Spoof_2019_LA/ASVspoof2019_LA_train/flac/LA_T_8009291.flac,6
/data/DATASETS/ASV_Spoof_2019_LA/ASVspoof2019_LA_train/flac/LA_T_4131139.flac,6
/data/DATASETS/ASV_Spoof_2019_LA/ASVspoof2019_LA_dev/flac/LA_D_1458324.flac,6
/data/DATASETS/ASV_Spoof_2019_LA/ASVspoof2019_LA_train/flac/LA_T_5625647.flac,6
/data/DATASETS/ASV_Spoof_2019_LA/ASVspoof2019_LA_train/flac/LA_T_4257180.flac,6
/data/DATASETS/ASV_Spoof_2019_LA/ASVspoof2019_LA_train/flac/LA_T_2262927.flac,6
/data/DATASETS/ASV_Spoof_2019_LA/ASVspoof2019_LA_train/flac/LA_T_9161422.flac,6
/data/DATASETS/ASV_Spoof_2019_LA/ASVspoof2019_LA_dev/flac/LA_D_8440388.flac,6
/data/DATASETS/ASV_Spoof_2019_LA/ASVspoof2019_LA_dev/flac/LA_D_2692844.flac,6
/data/DATASETS/ASV_Spoof_2019_LA/ASVspoof2019_LA_train/flac/LA_T_9034612.flac,6
/data/DATASETS/ASV_Spoof_2019_LA/ASVspoof2019_LA_train/flac/LA_T_6707110.flac,6
/data/DATASETS/ASV_Spoof_2019_LA/ASVspoof2019_LA_dev/flac/LA_D_1248114.flac,6
/data/DATASETS/ASV_Spoof_2019_LA/ASVspoof2019_LA_dev/flac/LA_D_4457611.flac,6
/data/DATASETS/ASV_Spoof_2019_LA/ASVspoof2019_LA_train/flac/LA_T_8485379.flac,6
/data/DATASETS/ASV_Spoof_2019_LA/ASVspoof2019_LA_dev/flac/LA_D_1397703.flac,6
/data/DATASETS/ASV_Spoof_2019_LA/ASVspoof2019_LA_train/flac/LA_T_8653535.flac,6
/data/DATASETS/ASV_Spoof_2019_LA/ASVspoof2019_LA_dev/flac/LA_D_8630262.flac,6
/data/DATASETS/ASV_Spoof_2019_LA/ASVspoof2019_LA_train/flac/LA_T_8151036.flac,6
/data/DATASETS/ASV_Spoof_2019_LA/ASVspoof2019_LA_dev/flac/LA_D_4302740.flac,6
/data/DATASETS/ASV_Spoof_2019_LA/ASVspoof2019_LA_train/flac/LA_T_5803085.flac,6
/data/DATASETS/ASV_Spoof_2019_LA/ASVspoof2019_LA_train/flac/LA_T_1912829.flac,6
/data/DATASETS/ASV_Spoof_2019_LA/ASVspoof2019_LA_dev/flac/LA_D_5844395.flac,6
/data/DATASETS/ASV_Spoof_2019_LA/ASVspoof2019_LA_dev/flac/LA_D_9059452.flac,6
/data/DATASETS/ASV_Spoof_2019_LA/ASVspoof2019_LA_train/flac/LA_T_8406170.flac,6
/data/DATASETS/ASV_Spoof_2019_LA/ASVspoof2019_LA_train/flac/LA_T_9377784.flac,6
/data/DATASETS/ASV_Spoof_2019_LA/ASVspoof2019_LA_dev/flac/LA_D_9310262.flac,6
/data/DATASETS/ASV_Spoof_2019_LA/ASVspoof2019_LA_dev/flac/LA_D_5737035.flac,6
/data/DATASETS/ASV_Spoof_2019_LA/ASVspoof2019_LA_train/flac/LA_T_3864722.flac,6
/data/DATASETS/ASV_Spoof_2019_LA/ASVspoof2019_LA_train/flac/LA_T_4386211.flac,6
/data/DATASETS/ASV_Spoof_2019_LA/ASVspoof2019_LA_train/flac/LA_T_3458660.flac,6
/data/DATASETS/ASV_Spoof_2019_LA/ASVspoof2019_LA_dev/flac/LA_D_1115105.flac,6
/data/DATASETS/ASV_Spoof_2019_LA/ASVspoof2019_LA_dev/flac/LA_D_6573674.flac,6
/data/DATASETS/ASV_Spoof_2019_LA/ASVspoof2019_LA_dev/flac/LA_D_9836992.flac,6
/data/DATASETS/ASV_Spoof_2019_LA/ASVspoof2019_LA_train/flac/LA_T_3359404.flac,6
/data/DATASETS/ASV_Spoof_2019_LA/ASVspoof2019_LA_dev/flac/LA_D_7691716.flac,6
/data/DATASETS/ASV_Spoof_2019_LA/ASVspoof2019_LA_train/flac/LA_T_9498202.flac,6
/data/DATASETS/ASV_Spoof_2019_LA/ASVspoof2019_LA_dev/flac/LA_D_5420932.flac,6
/data/DATASETS/ASV_Spoof_2019_LA/ASVspoof2019_LA_train/flac/LA_T_9299533.flac,6
/data/DATASETS/ASV_Spoof_2019_LA/ASVspoof2019_LA_train/flac/LA_T_6049225.flac,6
/data/DATASETS/ASV_Spoof_2019_LA/ASVspoof2019_LA_dev/flac/LA_D_9596658.flac,6
/data/DATASETS/ASV_Spoof_2019_LA/ASVspoof2019_LA_dev/flac/LA_D_1772551.flac,6
/data/DATASETS/ASV_Spoof_2019_LA/ASVspoof2019_LA_dev/flac/LA_D_7625011.flac,6
/data/DATASETS/ASV_Spoof_2019_LA/ASVspoof2019_LA_dev/flac/LA_D_6168767.flac,6
/data/DATASETS/ASV_Spoof_2019_LA/ASVspoof2019_LA_dev/flac/LA_D_6940412.flac,6
/data/DATASETS/ASV_Spoof_2019_LA/ASVspoof2019_LA_dev/flac/LA_D_6197060.flac,6
/data/DATASETS/ASV_Spoof_2019_LA/ASVspoof2019_LA_train/flac/LA_T_6002614.flac,6
/data/DATASETS/ASV_Spoof_2019_LA/ASVspoof2019_LA_dev/flac/LA_D_9483379.flac,6
/data/DATASETS/ASV_Spoof_2019_LA/ASVspoof2019_LA_dev/flac/LA_D_1361600.flac,6
/data/DATASETS/ASV_Spoof_2019_LA/ASVspoof2019_LA_dev/flac/LA_D_1830846.flac,6
/data/DATASETS/ASV_Spoof_2019_LA/ASVspoof2019_LA_dev/flac/LA_D_9584769.flac,6
/data/DATASETS/ASV_Spoof_2019_LA/ASVspoof2019_LA_train/flac/LA_T_2671922.flac,6
/data/DATASETS/ASV_Spoof_2019_LA/ASVspoof2019_LA_dev/flac/LA_D_6202287.flac,6
/data/DATASETS/ASV_Spoof_2019_LA/ASVspoof2019_LA_train/flac/LA_T_7646199.flac,6
/data/DATASETS/ASV_Spoof_2019_LA/ASVspoof2019_LA_dev/flac/LA_D_3776327.flac,6
/data/DATASETS/ASV_Spoof_2019_LA/ASVspoof2019_LA_train/flac/LA_T_9906733.flac,6
/data/DATASETS/ASV_Spoof_2019_LA/ASVspoof2019_LA_dev/flac/LA_D_4076931.flac,6
/data/DATASETS/ASV_Spoof_2019_LA/ASVspoof2019_LA_train/flac/LA_T_8251805.flac,6
/data/DATASETS/ASV_Spoof_2019_LA/ASVspoof2019_LA_train/flac/LA_T_9086961.flac,6
/data/DATASETS/ASV_Spoof_2019_LA/ASVspoof2019_LA_train/flac/LA_T_2139782.flac,6
/data/DATASETS/ASV_Spoof_2019_LA/ASVspoof2019_LA_dev/flac/LA_D_4777273.flac,6
/data/DATASETS/ASV_Spoof_2019_LA/ASVspoof2019_LA_train/flac/LA_T_4560086.flac,6
/data/DATASETS/ASV_Spoof_2019_LA/ASVspoof2019_LA_train/flac/LA_T_2401003.flac,6
/data/DATASETS/ASV_Spoof_2019_LA/ASVspoof2019_LA_dev/flac/LA_D_6934750.flac,6
/data/DATASETS/ASV_Spoof_2019_LA/ASVspoof2019_LA_train/flac/LA_T_7123195.flac,6
/data/DATASETS/ASV_Spoof_2019_LA/ASVspoof2019_LA_train/flac/LA_T_4314646.flac,6
/data/DATASETS/ASV_Spoof_2019_LA/ASVspoof2019_LA_dev/flac/LA_D_2957019.flac,6
/data/DATASETS/ASV_Spoof_2019_LA/ASVspoof2019_LA_dev/flac/LA_D_4919685.flac,6
/data/DATASETS/ASV_Spoof_2019_LA/ASVspoof2019_LA_train/flac/LA_T_5011909.flac,6
/data/DATASETS/ASV_Spoof_2019_LA/ASVspoof2019_LA_dev/flac/LA_D_6912762.flac,6
/data/DATASETS/ASV_Spoof_2019_LA/ASVspoof2019_LA_train/flac/LA_T_6132689.flac,6
/data/DATASETS/ASV_Spoof_2019_LA/ASVspoof2019_LA_dev/flac/LA_D_2544697.flac,6
/data/DATASETS/ASV_Spoof_2019_LA/ASVspoof2019_LA_dev/flac/LA_D_1444623.flac,6
/data/DATASETS/ASV_Spoof_2019_LA/ASVspoof2019_LA_dev/flac/LA_D_4036156.flac,6
/data/DATASETS/ASV_Spoof_2019_LA/ASVspoof2019_LA_train/flac/LA_T_5860381.flac,6
/data/DATASETS/ASV_Spoof_2019_LA/ASVspoof2019_LA_train/flac/LA_T_4460359.flac,6
/data/DATASETS/ASV_Spoof_2019_LA/ASVspoof2019_LA_train/flac/LA_T_6452034.flac,6
/data/DATASETS/ASV_Spoof_2019_LA/ASVspoof2019_LA_train/flac/LA_T_7090127.flac,6
/data/DATASETS/ASV_Spoof_2019_LA/ASVspoof2019_LA_train/flac/LA_T_4928287.flac,6
/data/DATASETS/ASV_Spoof_2019_LA/ASVspoof2019_LA_dev/flac/LA_D_5300406.flac,6
/data/DATASETS/ASV_Spoof_2019_LA/ASVspoof2019_LA_train/flac/LA_T_4592044.flac,6
/data/DATASETS/ASV_Spoof_2019_LA/ASVspoof2019_LA_train/flac/LA_T_9711181.flac,6
/data/DATASETS/ASV_Spoof_2019_LA/ASVspoof2019_LA_dev/flac/LA_D_9815112.flac,6
/data/DATASETS/ASV_Spoof_2019_LA/ASVspoof2019_LA_train/flac/LA_T_5706114.flac,6
/data/DATASETS/ASV_Spoof_2019_LA/ASVspoof2019_LA_train/flac/LA_T_3193778.flac,6
/data/DATASETS/ASV_Spoof_2019_LA/ASVspoof2019_LA_dev/flac/LA_D_8090443.flac,6
/data/DATASETS/ASV_Spoof_2019_LA/ASVspoof2019_LA_train/flac/LA_T_9915654.flac,6
/data/DATASETS/ASV_Spoof_2019_LA/ASVspoof2019_LA_train/flac/LA_T_7312037.flac,6
/data/DATASETS/ASV_Spoof_2019_LA/ASVspoof2019_LA_train/flac/LA_T_8204589.flac,6
/data/DATASETS/ASV_Spoof_2019_LA/ASVspoof2019_LA_dev/flac/LA_D_4338324.flac,6
/data/DATASETS/ASV_Spoof_2019_LA/ASVspoof2019_LA_train/flac/LA_T_5975002.flac,6
/data/DATASETS/ASV_Spoof_2019_LA/ASVspoof2019_LA_dev/flac/LA_D_3808275.flac,6
/data/DATASETS/ASV_Spoof_2019_LA/ASVspoof2019_LA_dev/flac/LA_D_4232929.flac,6
/data/DATASETS/ASV_Spoof_2019_LA/ASVspoof2019_LA_dev/flac/LA_D_7109251.flac,6
/data/DATASETS/ASV_Spoof_2019_LA/ASVspoof2019_LA_dev/flac/LA_D_7939015.flac,6
/data/DATASETS/ASV_Spoof_2019_LA/ASVspoof2019_LA_dev/flac/LA_D_3877903.flac,6
/data/DATASETS/ASV_Spoof_2019_LA/ASVspoof2019_LA_train/flac/LA_T_4706789.flac,6
/data/DATASETS/ASV_Spoof_2019_LA/ASVspoof2019_LA_dev/flac/LA_D_2853745.flac,6
/data/DATASETS/ASV_Spoof_2019_LA/ASVspoof2019_LA_dev/flac/LA_D_9077999.flac,6
/data/DATASETS/ASV_Spoof_2019_LA/ASVspoof2019_LA_train/flac/LA_T_2473117.flac,6
/data/DATASETS/ASV_Spoof_2019_LA/ASVspoof2019_LA_train/flac/LA_T_8883143.flac,6
/data/DATASETS/ASV_Spoof_2019_LA/ASVspoof2019_LA_dev/flac/LA_D_9048413.flac,6
/data/DATASETS/ASV_Spoof_2019_LA/ASVspoof2019_LA_dev/flac/LA_D_9643872.flac,6
/data/DATASETS/ASV_Spoof_2019_LA/ASVspoof2019_LA_train/flac/LA_T_3563845.flac,6
/data/DATASETS/ASV_Spoof_2019_LA/ASVspoof2019_LA_dev/flac/LA_D_3925642.flac,6
/data/DATASETS/ASV_Spoof_2019_LA/ASVspoof2019_LA_train/flac/LA_T_1824839.flac,6
/data/DATASETS/ASV_Spoof_2019_LA/ASVspoof2019_LA_train/flac/LA_T_9070103.flac,6
/data/DATASETS/ASV_Spoof_2019_LA/ASVspoof2019_LA_train/flac/LA_T_9847801.flac,6
/data/DATASETS/ASV_Spoof_2019_LA/ASVspoof2019_LA_train/flac/LA_T_5434431.flac,6
/data/DATASETS/ASV_Spoof_2019_LA/ASVspoof2019_LA_dev/flac/LA_D_6551392.flac,6
/data/DATASETS/ASV_Spoof_2019_LA/ASVspoof2019_LA_dev/flac/LA_D_7359378.flac,6
/data/DATASETS/ASV_Spoof_2019_LA/ASVspoof2019_LA_dev/flac/LA_D_7574221.flac,6
/data/DATASETS/ASV_Spoof_2019_LA/ASVspoof2019_LA_train/flac/LA_T_7177796.flac,6
/data/DATASETS/ASV_Spoof_2019_LA/ASVspoof2019_LA_train/flac/LA_T_8604800.flac,6
/data/DATASETS/ASV_Spoof_2019_LA/ASVspoof2019_LA_train/flac/LA_T_3807141.flac,6
/data/DATASETS/ASV_Spoof_2019_LA/ASVspoof2019_LA_train/flac/LA_T_2681527.flac,6
/data/DATASETS/ASV_Spoof_2019_LA/ASVspoof2019_LA_train/flac/LA_T_1340219.flac,6
/data/DATASETS/ASV_Spoof_2019_LA/ASVspoof2019_LA_train/flac/LA_T_7761381.flac,6
/data/DATASETS/ASV_Spoof_2019_LA/ASVspoof2019_LA_train/flac/LA_T_6073651.flac,6
/data/DATASETS/ASV_Spoof_2019_LA/ASVspoof2019_LA_dev/flac/LA_D_2955212.flac,6
/data/DATASETS/ASV_Spoof_2019_LA/ASVspoof2019_LA_dev/flac/LA_D_4036070.flac,6
/data/DATASETS/ASV_Spoof_2019_LA/ASVspoof2019_LA_train/flac/LA_T_1373588.flac,6
/data/DATASETS/ASV_Spoof_2019_LA/ASVspoof2019_LA_train/flac/LA_T_7144028.flac,6
/data/DATASETS/ASV_Spoof_2019_LA/ASVspoof2019_LA_train/flac/LA_T_6125972.flac,6
/data/DATASETS/ASV_Spoof_2019_LA/ASVspoof2019_LA_dev/flac/LA_D_5043373.flac,6
/data/DATASETS/ASV_Spoof_2019_LA/ASVspoof2019_LA_dev/flac/LA_D_1374599.flac,6
/data/DATASETS/ASV_Spoof_2019_LA/ASVspoof2019_LA_train/flac/LA_T_8208250.flac,6
/data/DATASETS/ASV_Spoof_2019_LA/ASVspoof2019_LA_dev/flac/LA_D_8757329.flac,6
/data/DATASETS/ASV_Spoof_2019_LA/ASVspoof2019_LA_dev/flac/LA_D_3349461.flac,6
/data/DATASETS/ASV_Spoof_2019_LA/ASVspoof2019_LA_train/flac/LA_T_1482400.flac,6
/data/DATASETS/ASV_Spoof_2019_LA/ASVspoof2019_LA_train/flac/LA_T_6264626.flac,6
/data/DATASETS/ASV_Spoof_2019_LA/ASVspoof2019_LA_dev/flac/LA_D_6162330.flac,6
/data/DATASETS/ASV_Spoof_2019_LA/ASVspoof2019_LA_train/flac/LA_T_8562463.flac,6
/data/DATASETS/ASV_Spoof_2019_LA/ASVspoof2019_LA_train/flac/LA_T_2625026.flac,6
/data/DATASETS/ASV_Spoof_2019_LA/ASVspoof2019_LA_dev/flac/LA_D_2706144.flac,6
/data/DATASETS/ASV_Spoof_2019_LA/ASVspoof2019_LA_dev/flac/LA_D_7034755.flac,6
/data/DATASETS/ASV_Spoof_2019_LA/ASVspoof2019_LA_train/flac/LA_T_2522824.flac,6
/data/DATASETS/ASV_Spoof_2019_LA/ASVspoof2019_LA_dev/flac/LA_D_8794428.flac,6
/data/DATASETS/ASV_Spoof_2019_LA/ASVspoof2019_LA_train/flac/LA_T_5217720.flac,6
/data/DATASETS/ASV_Spoof_2019_LA/ASVspoof2019_LA_dev/flac/LA_D_8659693.flac,6
/data/DATASETS/ASV_Spoof_2019_LA/ASVspoof2019_LA_train/flac/LA_T_3972801.flac,6
/data/DATASETS/ASV_Spoof_2019_LA/ASVspoof2019_LA_dev/flac/LA_D_2279197.flac,6
/data/DATASETS/ASV_Spoof_2019_LA/ASVspoof2019_LA_dev/flac/LA_D_1592604.flac,6
/data/DATASETS/ASV_Spoof_2019_LA/ASVspoof2019_LA_dev/flac/LA_D_1594826.flac,6
/data/DATASETS/ASV_Spoof_2019_LA/ASVspoof2019_LA_train/flac/LA_T_3309337.flac,6
/data/DATASETS/ASV_Spoof_2019_LA/ASVspoof2019_LA_train/flac/LA_T_3241152.flac,6
/data/DATASETS/ASV_Spoof_2019_LA/ASVspoof2019_LA_dev/flac/LA_D_9749726.flac,6
/data/DATASETS/ASV_Spoof_2019_LA/ASVspoof2019_LA_dev/flac/LA_D_5163761.flac,6
/data/DATASETS/ASV_Spoof_2019_LA/ASVspoof2019_LA_dev/flac/LA_D_5887076.flac,6
/data/DATASETS/ASV_Spoof_2019_LA/ASVspoof2019_LA_dev/flac/LA_D_2395699.flac,6
/data/DATASETS/ASV_Spoof_2019_LA/ASVspoof2019_LA_train/flac/LA_T_9846468.flac,6
/data/DATASETS/ASV_Spoof_2019_LA/ASVspoof2019_LA_train/flac/LA_T_7929015.flac,6
/data/DATASETS/ASV_Spoof_2019_LA/ASVspoof2019_LA_train/flac/LA_T_1587253.flac,6
/data/DATASETS/ASV_Spoof_2019_LA/ASVspoof2019_LA_train/flac/LA_T_6871485.flac,6
/data/DATASETS/ASV_Spoof_2019_LA/ASVspoof2019_LA_dev/flac/LA_D_9593338.flac,6
/data/DATASETS/ASV_Spoof_2019_LA/ASVspoof2019_LA_dev/flac/LA_D_9196640.flac,6
/data/DATASETS/ASV_Spoof_2019_LA/ASVspoof2019_LA_train/flac/LA_T_6511402.flac,6
/data/DATASETS/ASV_Spoof_2019_LA/ASVspoof2019_LA_train/flac/LA_T_1531904.flac,6
/data/DATASETS/ASV_Spoof_2019_LA/ASVspoof2019_LA_dev/flac/LA_D_5197250.flac,6
/data/DATASETS/ASV_Spoof_2019_LA/ASVspoof2019_LA_dev/flac/LA_D_7278509.flac,6
/data/DATASETS/ASV_Spoof_2019_LA/ASVspoof2019_LA_dev/flac/LA_D_9505564.flac,6
/data/DATASETS/ASV_Spoof_2019_LA/ASVspoof2019_LA_dev/flac/LA_D_4435311.flac,6
/data/DATASETS/ASV_Spoof_2019_LA/ASVspoof2019_LA_train/flac/LA_T_2247681.flac,6
/data/DATASETS/ASV_Spoof_2019_LA/ASVspoof2019_LA_train/flac/LA_T_3407357.flac,6
/data/DATASETS/ASV_Spoof_2019_LA/ASVspoof2019_LA_dev/flac/LA_D_3324414.flac,6
/data/DATASETS/ASV_Spoof_2019_LA/ASVspoof2019_LA_train/flac/LA_T_8347772.flac,6
/data/DATASETS/ASV_Spoof_2019_LA/ASVspoof2019_LA_dev/flac/LA_D_5854712.flac,6
/data/DATASETS/ASV_Spoof_2019_LA/ASVspoof2019_LA_train/flac/LA_T_2163520.flac,6
/data/DATASETS/ASV_Spoof_2019_LA/ASVspoof2019_LA_dev/flac/LA_D_2876241.flac,6
/data/DATASETS/ASV_Spoof_2019_LA/ASVspoof2019_LA_dev/flac/LA_D_1350639.flac,6
/data/DATASETS/ASV_Spoof_2019_LA/ASVspoof2019_LA_dev/flac/LA_D_1094379.flac,6
/data/DATASETS/ASV_Spoof_2019_LA/ASVspoof2019_LA_train/flac/LA_T_6132566.flac,6
/data/DATASETS/ASV_Spoof_2019_LA/ASVspoof2019_LA_dev/flac/LA_D_9462148.flac,6
/data/DATASETS/ASV_Spoof_2019_LA/ASVspoof2019_LA_train/flac/LA_T_9006085.flac,6
/data/DATASETS/ASV_Spoof_2019_LA/ASVspoof2019_LA_train/flac/LA_T_5551116.flac,6
/data/DATASETS/ASV_Spoof_2019_LA/ASVspoof2019_LA_dev/flac/LA_D_6652666.flac,6
/data/DATASETS/ASV_Spoof_2019_LA/ASVspoof2019_LA_dev/flac/LA_D_9160362.flac,6
/data/DATASETS/ASV_Spoof_2019_LA/ASVspoof2019_LA_train/flac/LA_T_9984948.flac,6
/data/DATASETS/ASV_Spoof_2019_LA/ASVspoof2019_LA_train/flac/LA_T_1323814.flac,6
/data/DATASETS/ASV_Spoof_2019_LA/ASVspoof2019_LA_dev/flac/LA_D_5891347.flac,6
/data/DATASETS/ASV_Spoof_2019_LA/ASVspoof2019_LA_train/flac/LA_T_8502122.flac,6
/data/DATASETS/ASV_Spoof_2019_LA/ASVspoof2019_LA_train/flac/LA_T_7417770.flac,6
/data/DATASETS/ASV_Spoof_2019_LA/ASVspoof2019_LA_train/flac/LA_T_1619557.flac,6
/data/DATASETS/ASV_Spoof_2019_LA/ASVspoof2019_LA_dev/flac/LA_D_2123475.flac,6
/data/DATASETS/ASV_Spoof_2019_LA/ASVspoof2019_LA_train/flac/LA_T_5382174.flac,6
/data/DATASETS/ASV_Spoof_2019_LA/ASVspoof2019_LA_dev/flac/LA_D_5495669.flac,6
/data/DATASETS/ASV_Spoof_2019_LA/ASVspoof2019_LA_train/flac/LA_T_6648769.flac,6
/data/DATASETS/ASV_Spoof_2019_LA/ASVspoof2019_LA_dev/flac/LA_D_5448101.flac,6
/data/DATASETS/ASV_Spoof_2019_LA/ASVspoof2019_LA_train/flac/LA_T_7221245.flac,6
/data/DATASETS/ASV_Spoof_2019_LA/ASVspoof2019_LA_dev/flac/LA_D_5213207.flac,6
/data/DATASETS/ASV_Spoof_2019_LA/ASVspoof2019_LA_train/flac/LA_T_6483639.flac,6
/data/DATASETS/ASV_Spoof_2019_LA/ASVspoof2019_LA_dev/flac/LA_D_9755038.flac,6
/data/DATASETS/ASV_Spoof_2019_LA/ASVspoof2019_LA_dev/flac/LA_D_5777775.flac,6
/data/DATASETS/ASV_Spoof_2019_LA/ASVspoof2019_LA_train/flac/LA_T_1813113.flac,6
/data/DATASETS/ASV_Spoof_2019_LA/ASVspoof2019_LA_train/flac/LA_T_1027268.flac,6
/data/DATASETS/ASV_Spoof_2019_LA/ASVspoof2019_LA_train/flac/LA_T_7409426.flac,6
/data/DATASETS/ASV_Spoof_2019_LA/ASVspoof2019_LA_dev/flac/LA_D_3447750.flac,6
/data/DATASETS/ASV_Spoof_2019_LA/ASVspoof2019_LA_train/flac/LA_T_9071191.flac,6
/data/DATASETS/ASV_Spoof_2019_LA/ASVspoof2019_LA_train/flac/LA_T_4942618.flac,6
/data/DATASETS/ASV_Spoof_2019_LA/ASVspoof2019_LA_train/flac/LA_T_3165230.flac,6
/data/DATASETS/ASV_Spoof_2019_LA/ASVspoof2019_LA_train/flac/LA_T_3797712.flac,6
/data/DATASETS/ASV_Spoof_2019_LA/ASVspoof2019_LA_train/flac/LA_T_1599625.flac,6
/data/DATASETS/ASV_Spoof_2019_LA/ASVspoof2019_LA_train/flac/LA_T_3467896.flac,6
/data/DATASETS/ASV_Spoof_2019_LA/ASVspoof2019_LA_train/flac/LA_T_4675979.flac,6
/data/DATASETS/ASV_Spoof_2019_LA/ASVspoof2019_LA_dev/flac/LA_D_8938870.flac,6
/data/DATASETS/ASV_Spoof_2019_LA/ASVspoof2019_LA_train/flac/LA_T_8430214.flac,6
/data/DATASETS/ASV_Spoof_2019_LA/ASVspoof2019_LA_train/flac/LA_T_1244987.flac,6
/data/DATASETS/ASV_Spoof_2019_LA/ASVspoof2019_LA_dev/flac/LA_D_7798527.flac,6
/data/DATASETS/ASV_Spoof_2019_LA/ASVspoof2019_LA_dev/flac/LA_D_5379360.flac,6
/data/DATASETS/ASV_Spoof_2019_LA/ASVspoof2019_LA_train/flac/LA_T_4248488.flac,6
/data/DATASETS/ASV_Spoof_2019_LA/ASVspoof2019_LA_dev/flac/LA_D_7796473.flac,6
/data/DATASETS/ASV_Spoof_2019_LA/ASVspoof2019_LA_dev/flac/LA_D_5395822.flac,6
/data/DATASETS/ASV_Spoof_2019_LA/ASVspoof2019_LA_dev/flac/LA_D_2113562.flac,6
/data/DATASETS/ASV_Spoof_2019_LA/ASVspoof2019_LA_train/flac/LA_T_5455914.flac,6
/data/DATASETS/ASV_Spoof_2019_LA/ASVspoof2019_LA_dev/flac/LA_D_2307932.flac,6
/data/DATASETS/ASV_Spoof_2019_LA/ASVspoof2019_LA_dev/flac/LA_D_8742351.flac,6
/data/DATASETS/ASV_Spoof_2019_LA/ASVspoof2019_LA_train/flac/LA_T_9070193.flac,6
/data/DATASETS/ASV_Spoof_2019_LA/ASVspoof2019_LA_dev/flac/LA_D_8871155.flac,6
/data/DATASETS/ASV_Spoof_2019_LA/ASVspoof2019_LA_dev/flac/LA_D_4878409.flac,6
/data/DATASETS/ASV_Spoof_2019_LA/ASVspoof2019_LA_train/flac/LA_T_6186370.flac,6
/data/DATASETS/ASV_Spoof_2019_LA/ASVspoof2019_LA_train/flac/LA_T_1530529.flac,6
/data/DATASETS/ASV_Spoof_2019_LA/ASVspoof2019_LA_dev/flac/LA_D_4411229.flac,6
/data/DATASETS/ASV_Spoof_2019_LA/ASVspoof2019_LA_train/flac/LA_T_7686281.flac,6
/data/DATASETS/ASV_Spoof_2019_LA/ASVspoof2019_LA_train/flac/LA_T_9675726.flac,6
/data/DATASETS/ASV_Spoof_2019_LA/ASVspoof2019_LA_train/flac/LA_T_8866935.flac,6
/data/DATASETS/ASV_Spoof_2019_LA/ASVspoof2019_LA_train/flac/LA_T_9686511.flac,6
/data/DATASETS/ASV_Spoof_2019_LA/ASVspoof2019_LA_train/flac/LA_T_2620415.flac,6
/data/DATASETS/ASV_Spoof_2019_LA/ASVspoof2019_LA_dev/flac/LA_D_7182086.flac,6
