path,label
/data/DATASETS/ASV_Spoof_2019_LA/ASVspoof2019_LA_eval/flac/LA_E_1000791.flac,11
/data/DATASETS/ASV_Spoof_2019_LA/ASVspoof2019_LA_eval/flac/LA_E_1001227.flac,11
/data/DATASETS/ASV_Spoof_2019_LA/ASVspoof2019_LA_eval/flac/LA_E_1005177.flac,11
/data/DATASETS/ASV_Spoof_2019_LA/ASVspoof2019_LA_eval/flac/LA_E_1005565.flac,11
/data/DATASETS/ASV_Spoof_2019_LA/ASVspoof2019_LA_eval/flac/LA_E_1009236.flac,11
/data/DATASETS/ASV_Spoof_2019_LA/ASVspoof2019_LA_eval/flac/LA_E_1009429.flac,11
/data/DATASETS/ASV_Spoof_2019_LA/ASVspoof2019_LA_eval/flac/LA_E_1009694.flac,11
/data/DATASETS/ASV_Spoof_2019_LA/ASVspoof2019_LA_eval/flac/LA_E_1009886.flac,11
/data/DATASETS/ASV_Spoof_2019_LA/ASVspoof2019_LA_eval/flac/LA_E_1013757.flac,11
/data/DATASETS/ASV_Spoof_2019_LA/ASVspoof2019_LA_eval/flac/LA_E_1014715.flac,11
/data/DATASETS/ASV_Spoof_2019_LA/ASVspoof2019_LA_eval/flac/LA_E_1015427.flac,11
/data/DATASETS/ASV_Spoof_2019_LA/ASVspoof2019_LA_eval/flac/LA_E_1015820.flac,11
/data/DATASETS/ASV_Spoof_2019_LA/ASVspoof2019_LA_eval/flac/LA_E_1016826.flac,11
/data/DATASETS/ASV_Spoof_2019_LA/ASVspoof2019_LA_eval/flac/LA_E_1018246.flac,11
/data/DATASETS/ASV_Spoof_2019_LA/ASVspoof2019_LA_eval/flac/LA_E_1019903.flac,11
/data/DATASETS/ASV_Spoof_2019_LA/ASVspoof2019_LA_eval/flac/LA_E_1020177.flac,11
/data/DATASETS/ASV_Spoof_2019_LA/ASVspoof2019_LA_eval/flac/LA_E_1021626.flac,11
/data/DATASETS/ASV_Spoof_2019_LA/ASVspoof2019_LA_eval/flac/LA_E_1024929.flac,11
/data/DATASETS/ASV_Spoof_2019_LA/ASVspoof2019_LA_eval/flac/LA_E_1027985.flac,11
/data/DATASETS/ASV_Spoof_2019_LA/ASVspoof2019_LA_eval/flac/LA_E_1030540.flac,11
/data/DATASETS/ASV_Spoof_2019_LA/ASVspoof2019_LA_eval/flac/LA_E_1031038.flac,11
/data/DATASETS/ASV_Spoof_2019_LA/ASVspoof2019_LA_eval/flac/LA_E_1031941.flac,11
/data/DATASETS/ASV_Spoof_2019_LA/ASVspoof2019_LA_eval/flac/LA_E_1034414.flac,11
/data/DATASETS/ASV_Spoof_2019_LA/ASVspoof2019_LA_eval/flac/LA_E_1038220.flac,11
/data/DATASETS/ASV_Spoof_2019_LA/ASVspoof2019_LA_eval/flac/LA_E_1038782.flac,11
/data/DATASETS/ASV_Spoof_2019_LA/ASVspoof2019_LA_eval/flac/LA_E_1044793.flac,11
/data/DATASETS/ASV_Spoof_2019_LA/ASVspoof2019_LA_eval/flac/LA_E_1047397.flac,11
/data/DATASETS/ASV_Spoof_2019_LA/ASVspoof2019_LA_eval/flac/LA_E_1047414.flac,11
/data/DATASETS/ASV_Spoof_2019_LA/ASVspoof2019_LA_eval/flac/LA_E_1047426.flac,11
/data/DATASETS/ASV_Spoof_2019_LA/ASVspoof2019_LA_eval/flac/LA_E_1048571.flac,11
/data/DATASETS/ASV_Spoof_2019_LA/ASVspoof2019_LA_eval/flac/LA_E_1048766.flac,11
/data/DATASETS/ASV_Spoof_2019_LA/ASVspoof2019_LA_eval/flac/LA_E_1050514.flac,11
/data/DATASETS/ASV_Spoof_2019_LA/ASVspoof2019_LA_eval/flac/LA_E_1050580.flac,11
/data/DATASETS/ASV_Spoof_2019_LA/ASVspoof2019_LA_eval/flac/LA_E_1052115.flac,11
/data/DATASETS/ASV_Spoof_2019_LA/ASVspoof2019_LA_eval/flac/LA_E_1052171.flac,11
/data/DATASETS/ASV_Spoof_2019_LA/ASVspoof2019_LA_eval/flac/LA_E_1052892.flac,11
/data/DATASETS/ASV_Spoof_2019_LA/ASVspoof2019_LA_eval/flac/LA_E_1053042.flac,11
/data/DATASETS/ASV_Spoof_2019_LA/ASVspoof2019_LA_eval/flac/LA_E_1053152.flac,11
/data/DATASETS/ASV_Spoof_2019_LA/ASVspoof2019_LA_eval/flac/LA_E_1056531.flac,11
/data/DATASETS/ASV_Spoof_2019_LA/ASVspoof2019_LA_eval/flac/LA_E_1056646.flac,11
/data/DATASETS/ASV_Spoof_2019_LA/ASVspoof2019_LA_eval/flac/LA_E_1057817.flac,11
/data/DATASETS/ASV_Spoof_2019_LA/ASVspoof2019_LA_eval/flac/LA_E_1060895.flac,11
/data/DATASETS/ASV_Spoof_2019_LA/ASVspoof2019_LA_eval/flac/LA_E_1069304.flac,11
/data/DATASETS/ASV_Spoof_2019_LA/ASVspoof2019_LA_eval/flac/LA_E_1069930.flac,11
/data/DATASETS/ASV_Spoof_2019_LA/ASVspoof2019_LA_eval/flac/LA_E_1072722.flac,11
/data/DATASETS/ASV_Spoof_2019_LA/ASVspoof2019_LA_eval/flac/LA_E_1073502.flac,11
/data/DATASETS/ASV_Spoof_2019_LA/ASVspoof2019_LA_eval/flac/LA_E_1073787.flac,11
/data/DATASETS/ASV_Spoof_2019_LA/ASVspoof2019_LA_eval/flac/LA_E_1074147.flac,11
/data/DATASETS/ASV_Spoof_2019_LA/ASVspoof2019_LA_eval/flac/LA_E_1074686.flac,11
/data/DATASETS/ASV_Spoof_2019_LA/ASVspoof2019_LA_eval/flac/LA_E_1075239.flac,11
/data/DATASETS/ASV_Spoof_2019_LA/ASVspoof2019_LA_eval/flac/LA_E_1079089.flac,11
/data/DATASETS/ASV_Spoof_2019_LA/ASVspoof2019_LA_eval/flac/LA_E_1080408.flac,11
/data/DATASETS/ASV_Spoof_2019_LA/ASVspoof2019_LA_eval/flac/LA_E_1082089.flac,11
/data/DATASETS/ASV_Spoof_2019_LA/ASVspoof2019_LA_eval/flac/LA_E_1083022.flac,11
/data/DATASETS/ASV_Spoof_2019_LA/ASVspoof2019_LA_eval/flac/LA_E_1087830.flac,11
/data/DATASETS/ASV_Spoof_2019_LA/ASVspoof2019_LA_eval/flac/LA_E_1088504.flac,11
/data/DATASETS/ASV_Spoof_2019_LA/ASVspoof2019_LA_eval/flac/LA_E_1091037.flac,11
/data/DATASETS/ASV_Spoof_2019_LA/ASVspoof2019_LA_eval/flac/LA_E_1093615.flac,11
/data/DATASETS/ASV_Spoof_2019_LA/ASVspoof2019_LA_eval/flac/LA_E_1096285.flac,11
/data/DATASETS/ASV_Spoof_2019_LA/ASVspoof2019_LA_eval/flac/LA_E_1099667.flac,11
/data/DATASETS/ASV_Spoof_2019_LA/ASVspoof2019_LA_eval/flac/LA_E_1102540.flac,11
/data/DATASETS/ASV_Spoof_2019_LA/ASVspoof2019_LA_eval/flac/LA_E_1103940.flac,11
/data/DATASETS/ASV_Spoof_2019_LA/ASVspoof2019_LA_eval/flac/LA_E_1105669.flac,11
/data/DATASETS/ASV_Spoof_2019_LA/ASVspoof2019_LA_eval/flac/LA_E_1108553.flac,11
/data/DATASETS/ASV_Spoof_2019_LA/ASVspoof2019_LA_eval/flac/LA_E_1111007.flac,11
/data/DATASETS/ASV_Spoof_2019_LA/ASVspoof2019_LA_eval/flac/LA_E_1112202.flac,11
/data/DATASETS/ASV_Spoof_2019_LA/ASVspoof2019_LA_eval/flac/LA_E_1112339.flac,11
/data/DATASETS/ASV_Spoof_2019_LA/ASVspoof2019_LA_eval/flac/LA_E_1116500.flac,11
/data/DATASETS/ASV_Spoof_2019_LA/ASVspoof2019_LA_eval/flac/LA_E_1116902.flac,11
/data/DATASETS/ASV_Spoof_2019_LA/ASVspoof2019_LA_eval/flac/LA_E_1118847.flac,11
/data/DATASETS/ASV_Spoof_2019_LA/ASVspoof2019_LA_eval/flac/LA_E_1120104.flac,11
/data/DATASETS/ASV_Spoof_2019_LA/ASVspoof2019_LA_eval/flac/LA_E_1120477.flac,11
/data/DATASETS/ASV_Spoof_2019_LA/ASVspoof2019_LA_eval/flac/LA_E_1120670.flac,11
/data/DATASETS/ASV_Spoof_2019_LA/ASVspoof2019_LA_eval/flac/LA_E_1122506.flac,11
/data/DATASETS/ASV_Spoof_2019_LA/ASVspoof2019_LA_eval/flac/LA_E_1122876.flac,11
/data/DATASETS/ASV_Spoof_2019_LA/ASVspoof2019_LA_eval/flac/LA_E_1123759.flac,11
/data/DATASETS/ASV_Spoof_2019_LA/ASVspoof2019_LA_eval/flac/LA_E_1127928.flac,11
/data/DATASETS/ASV_Spoof_2019_LA/ASVspoof2019_LA_eval/flac/LA_E_1131984.flac,11
/data/DATASETS/ASV_Spoof_2019_LA/ASVspoof2019_LA_eval/flac/LA_E_1133570.flac,11
/data/DATASETS/ASV_Spoof_2019_LA/ASVspoof2019_LA_eval/flac/LA_E_1135860.flac,11
/data/DATASETS/ASV_Spoof_2019_LA/ASVspoof2019_LA_eval/flac/LA_E_1136241.flac,11
/data/DATASETS/ASV_Spoof_2019_LA/ASVspoof2019_LA_eval/flac/LA_E_1141166.flac,11
/data/DATASETS/ASV_Spoof_2019_LA/ASVspoof2019_LA_eval/flac/LA_E_1141204.flac,11
/data/DATASETS/ASV_Spoof_2019_LA/ASVspoof2019_LA_eval/flac/LA_E_1149159.flac,11
/data/DATASETS/ASV_Spoof_2019_LA/ASVspoof2019_LA_eval/flac/LA_E_1150105.flac,11
/data/DATASETS/ASV_Spoof_2019_LA/ASVspoof2019_LA_eval/flac/LA_E_1152227.flac,11
/data/DATASETS/ASV_Spoof_2019_LA/ASVspoof2019_LA_eval/flac/LA_E_1152326.flac,11
/data/DATASETS/ASV_Spoof_2019_LA/ASVspoof2019_LA_eval/flac/LA_E_1155167.flac,11
/data/DATASETS/ASV_Spoof_2019_LA/ASVspoof2019_LA_eval/flac/LA_E_1157722.flac,11
/data/DATASETS/ASV_Spoof_2019_LA/ASVspoof2019_LA_eval/flac/LA_E_1159030.flac,11
/data/DATASETS/ASV_Spoof_2019_LA/ASVspoof2019_LA_eval/flac/LA_E_1159671.flac,11
/data/DATASETS/ASV_Spoof_2019_LA/ASVspoof2019_LA_eval/flac/LA_E_1160695.flac,11
/data/DATASETS/ASV_Spoof_2019_LA/ASVspoof2019_LA_eval/flac/LA_E_1161199.flac,11
/data/DATASETS/ASV_Spoof_2019_LA/ASVspoof2019_LA_eval/flac/LA_E_1161920.flac,11
/data/DATASETS/ASV_Spoof_2019_LA/ASVspoof2019_LA_eval/flac/LA_E_1162514.flac,11
/data/DATASETS/ASV_Spoof_2019_LA/ASVspoof2019_LA_eval/flac/LA_E_1170998.flac,11
/data/DATASETS/ASV_Spoof_2019_LA/ASVspoof2019_LA_eval/flac/LA_E_1171552.flac,11
/data/DATASETS/ASV_Spoof_2019_LA/ASVspoof2019_LA_eval/flac/LA_E_1172364.flac,11
/data/DATASETS/ASV_Spoof_2019_LA/ASVspoof2019_LA_eval/flac/LA_E_1172749.flac,11
/data/DATASETS/ASV_Spoof_2019_LA/ASVspoof2019_LA_eval/flac/LA_E_1173363.flac,11
/data/DATASETS/ASV_Spoof_2019_LA/ASVspoof2019_LA_eval/flac/LA_E_1174279.flac,11
/data/DATASETS/ASV_Spoof_2019_LA/ASVspoof2019_LA_eval/flac/LA_E_1177082.flac,11
/data/DATASETS/ASV_Spoof_2019_LA/ASVspoof2019_LA_eval/flac/LA_E_1177543.flac,11
/data/DATASETS/ASV_Spoof_2019_LA/ASVspoof2019_LA_eval/flac/LA_E_1179172.flac,11
/data/DATASETS/ASV_Spoof_2019_LA/ASVspoof2019_LA_eval/flac/LA_E_1179598.flac,11
/data/DATASETS/ASV_Spoof_2019_LA/ASVspoof2019_LA_eval/flac/LA_E_1180083.flac,11
/data/DATASETS/ASV_Spoof_2019_LA/ASVspoof2019_LA_eval/flac/LA_E_1180510.flac,11
/data/DATASETS/ASV_Spoof_2019_LA/ASVspoof2019_LA_eval/flac/LA_E_1183833.flac,11
/data/DATASETS/ASV_Spoof_2019_LA/ASVspoof2019_LA_eval/flac/LA_E_1183934.flac,11
/data/DATASETS/ASV_Spoof_2019_LA/ASVspoof2019_LA_eval/flac/LA_E_1187557.flac,11
/data/DATASETS/ASV_Spoof_2019_LA/ASVspoof2019_LA_eval/flac/LA_E_1189987.flac,11
/data/DATASETS/ASV_Spoof_2019_LA/ASVspoof2019_LA_eval/flac/LA_E_1190778.flac,11
/data/DATASETS/ASV_Spoof_2019_LA/ASVspoof2019_LA_eval/flac/LA_E_1194807.flac,11
/data/DATASETS/ASV_Spoof_2019_LA/ASVspoof2019_LA_eval/flac/LA_E_1194843.flac,11
/data/DATASETS/ASV_Spoof_2019_LA/ASVspoof2019_LA_eval/flac/LA_E_1196101.flac,11
/data/DATASETS/ASV_Spoof_2019_LA/ASVspoof2019_LA_eval/flac/LA_E_1197154.flac,11
/data/DATASETS/ASV_Spoof_2019_LA/ASVspoof2019_LA_eval/flac/LA_E_1197206.flac,11
/data/DATASETS/ASV_Spoof_2019_LA/ASVspoof2019_LA_eval/flac/LA_E_1198891.flac,11
/data/DATASETS/ASV_Spoof_2019_LA/ASVspoof2019_LA_eval/flac/LA_E_1200423.flac,11
/data/DATASETS/ASV_Spoof_2019_LA/ASVspoof2019_LA_eval/flac/LA_E_1201712.flac,11
/data/DATASETS/ASV_Spoof_2019_LA/ASVspoof2019_LA_eval/flac/LA_E_1202262.flac,11
/data/DATASETS/ASV_Spoof_2019_LA/ASVspoof2019_LA_eval/flac/LA_E_1203813.flac,11
/data/DATASETS/ASV_Spoof_2019_LA/ASVspoof2019_LA_eval/flac/LA_E_1204557.flac,11
/data/DATASETS/ASV_Spoof_2019_LA/ASVspoof2019_LA_eval/flac/LA_E_1205588.flac,11
/data/DATASETS/ASV_Spoof_2019_LA/ASVspoof2019_LA_eval/flac/LA_E_1206497.flac,11
/data/DATASETS/ASV_Spoof_2019_LA/ASVspoof2019_LA_eval/flac/LA_E_1207415.flac,11
/data/DATASETS/ASV_Spoof_2019_LA/ASVspoof2019_LA_eval/flac/LA_E_1214383.flac,11
/data/DATASETS/ASV_Spoof_2019_LA/ASVspoof2019_LA_eval/flac/LA_E_1214738.flac,11
/data/DATASETS/ASV_Spoof_2019_LA/ASVspoof2019_LA_eval/flac/LA_E_1215354.flac,11
/data/DATASETS/ASV_Spoof_2019_LA/ASVspoof2019_LA_eval/flac/LA_E_1216283.flac,11
/data/DATASETS/ASV_Spoof_2019_LA/ASVspoof2019_LA_eval/flac/LA_E_1216534.flac,11
/data/DATASETS/ASV_Spoof_2019_LA/ASVspoof2019_LA_eval/flac/LA_E_1217911.flac,11
/data/DATASETS/ASV_Spoof_2019_LA/ASVspoof2019_LA_eval/flac/LA_E_1225203.flac,11
/data/DATASETS/ASV_Spoof_2019_LA/ASVspoof2019_LA_eval/flac/LA_E_1225943.flac,11
/data/DATASETS/ASV_Spoof_2019_LA/ASVspoof2019_LA_eval/flac/LA_E_1228272.flac,11
/data/DATASETS/ASV_Spoof_2019_LA/ASVspoof2019_LA_eval/flac/LA_E_1230515.flac,11
/data/DATASETS/ASV_Spoof_2019_LA/ASVspoof2019_LA_eval/flac/LA_E_1231658.flac,11
/data/DATASETS/ASV_Spoof_2019_LA/ASVspoof2019_LA_eval/flac/LA_E_1235005.flac,11
/data/DATASETS/ASV_Spoof_2019_LA/ASVspoof2019_LA_eval/flac/LA_E_1235532.flac,11
/data/DATASETS/ASV_Spoof_2019_LA/ASVspoof2019_LA_eval/flac/LA_E_1236158.flac,11
/data/DATASETS/ASV_Spoof_2019_LA/ASVspoof2019_LA_eval/flac/LA_E_1237415.flac,11
/data/DATASETS/ASV_Spoof_2019_LA/ASVspoof2019_LA_eval/flac/LA_E_1237898.flac,11
/data/DATASETS/ASV_Spoof_2019_LA/ASVspoof2019_LA_eval/flac/LA_E_1238306.flac,11
/data/DATASETS/ASV_Spoof_2019_LA/ASVspoof2019_LA_eval/flac/LA_E_1241406.flac,11
/data/DATASETS/ASV_Spoof_2019_LA/ASVspoof2019_LA_eval/flac/LA_E_1242729.flac,11
/data/DATASETS/ASV_Spoof_2019_LA/ASVspoof2019_LA_eval/flac/LA_E_1247656.flac,11
/data/DATASETS/ASV_Spoof_2019_LA/ASVspoof2019_LA_eval/flac/LA_E_1248416.flac,11
/data/DATASETS/ASV_Spoof_2019_LA/ASVspoof2019_LA_eval/flac/LA_E_1248618.flac,11
/data/DATASETS/ASV_Spoof_2019_LA/ASVspoof2019_LA_eval/flac/LA_E_1249901.flac,11
/data/DATASETS/ASV_Spoof_2019_LA/ASVspoof2019_LA_eval/flac/LA_E_1251597.flac,11
/data/DATASETS/ASV_Spoof_2019_LA/ASVspoof2019_LA_eval/flac/LA_E_1253838.flac,11
/data/DATASETS/ASV_Spoof_2019_LA/ASVspoof2019_LA_eval/flac/LA_E_1255192.flac,11
/data/DATASETS/ASV_Spoof_2019_LA/ASVspoof2019_LA_eval/flac/LA_E_1255202.flac,11
/data/DATASETS/ASV_Spoof_2019_LA/ASVspoof2019_LA_eval/flac/LA_E_1255269.flac,11
/data/DATASETS/ASV_Spoof_2019_LA/ASVspoof2019_LA_eval/flac/LA_E_1255435.flac,11
/data/DATASETS/ASV_Spoof_2019_LA/ASVspoof2019_LA_eval/flac/LA_E_1258556.flac,11
/data/DATASETS/ASV_Spoof_2019_LA/ASVspoof2019_LA_eval/flac/LA_E_1259345.flac,11
/data/DATASETS/ASV_Spoof_2019_LA/ASVspoof2019_LA_eval/flac/LA_E_1265785.flac,11
/data/DATASETS/ASV_Spoof_2019_LA/ASVspoof2019_LA_eval/flac/LA_E_1266533.flac,11
/data/DATASETS/ASV_Spoof_2019_LA/ASVspoof2019_LA_eval/flac/LA_E_1266884.flac,11
/data/DATASETS/ASV_Spoof_2019_LA/ASVspoof2019_LA_eval/flac/LA_E_1268387.flac,11
/data/DATASETS/ASV_Spoof_2019_LA/ASVspoof2019_LA_eval/flac/LA_E_1270108.flac,11
/data/DATASETS/ASV_Spoof_2019_LA/ASVspoof2019_LA_eval/flac/LA_E_1272785.flac,11
/data/DATASETS/ASV_Spoof_2019_LA/ASVspoof2019_LA_eval/flac/LA_E_1273737.flac,11
/data/DATASETS/ASV_Spoof_2019_LA/ASVspoof2019_LA_eval/flac/LA_E_1278664.flac,11
/data/DATASETS/ASV_Spoof_2019_LA/ASVspoof2019_LA_eval/flac/LA_E_1280426.flac,11
/data/DATASETS/ASV_Spoof_2019_LA/ASVspoof2019_LA_eval/flac/LA_E_1283287.flac,11
/data/DATASETS/ASV_Spoof_2019_LA/ASVspoof2019_LA_eval/flac/LA_E_1284443.flac,11
/data/DATASETS/ASV_Spoof_2019_LA/ASVspoof2019_LA_eval/flac/LA_E_1290297.flac,11
/data/DATASETS/ASV_Spoof_2019_LA/ASVspoof2019_LA_eval/flac/LA_E_1295667.flac,11
/data/DATASETS/ASV_Spoof_2019_LA/ASVspoof2019_LA_eval/flac/LA_E_1299052.flac,11
/data/DATASETS/ASV_Spoof_2019_LA/ASVspoof2019_LA_eval/flac/LA_E_1300725.flac,11
/data/DATASETS/ASV_Spoof_2019_LA/ASVspoof2019_LA_eval/flac/LA_E_1304968.flac,11
/data/DATASETS/ASV_Spoof_2019_LA/ASVspoof2019_LA_eval/flac/LA_E_1306012.flac,11
/data/DATASETS/ASV_Spoof_2019_LA/ASVspoof2019_LA_eval/flac/LA_E_1309592.flac,11
/data/DATASETS/ASV_Spoof_2019_LA/ASVspoof2019_LA_eval/flac/LA_E_1311878.flac,11
/data/DATASETS/ASV_Spoof_2019_LA/ASVspoof2019_LA_eval/flac/LA_E_1313729.flac,11
/data/DATASETS/ASV_Spoof_2019_LA/ASVspoof2019_LA_eval/flac/LA_E_1315268.flac,11
/data/DATASETS/ASV_Spoof_2019_LA/ASVspoof2019_LA_eval/flac/LA_E_1319184.flac,11
/data/DATASETS/ASV_Spoof_2019_LA/ASVspoof2019_LA_eval/flac/LA_E_1319300.flac,11
/data/DATASETS/ASV_Spoof_2019_LA/ASVspoof2019_LA_eval/flac/LA_E_1320433.flac,11
/data/DATASETS/ASV_Spoof_2019_LA/ASVspoof2019_LA_eval/flac/LA_E_1321278.flac,11
/data/DATASETS/ASV_Spoof_2019_LA/ASVspoof2019_LA_eval/flac/LA_E_1322730.flac,11
/data/DATASETS/ASV_Spoof_2019_LA/ASVspoof2019_LA_eval/flac/LA_E_1324026.flac,11
/data/DATASETS/ASV_Spoof_2019_LA/ASVspoof2019_LA_eval/flac/LA_E_1325650.flac,11
/data/DATASETS/ASV_Spoof_2019_LA/ASVspoof2019_LA_eval/flac/LA_E_1326285.flac,11
/data/DATASETS/ASV_Spoof_2019_LA/ASVspoof2019_LA_eval/flac/LA_E_1327632.flac,11
/data/DATASETS/ASV_Spoof_2019_LA/ASVspoof2019_LA_eval/flac/LA_E_1327821.flac,11
/data/DATASETS/ASV_Spoof_2019_LA/ASVspoof2019_LA_eval/flac/LA_E_1328680.flac,11
/data/DATASETS/ASV_Spoof_2019_LA/ASVspoof2019_LA_eval/flac/LA_E_1330272.flac,11
/data/DATASETS/ASV_Spoof_2019_LA/ASVspoof2019_LA_eval/flac/LA_E_1331362.flac,11
/data/DATASETS/ASV_Spoof_2019_LA/ASVspoof2019_LA_eval/flac/LA_E_1331647.flac,11
/data/DATASETS/ASV_Spoof_2019_LA/ASVspoof2019_LA_eval/flac/LA_E_1338043.flac,11
/data/DATASETS/ASV_Spoof_2019_LA/ASVspoof2019_LA_eval/flac/LA_E_1339277.flac,11
/data/DATASETS/ASV_Spoof_2019_LA/ASVspoof2019_LA_eval/flac/LA_E_1342631.flac,11
/data/DATASETS/ASV_Spoof_2019_LA/ASVspoof2019_LA_eval/flac/LA_E_1343036.flac,11
/data/DATASETS/ASV_Spoof_2019_LA/ASVspoof2019_LA_eval/flac/LA_E_1343426.flac,11
/data/DATASETS/ASV_Spoof_2019_LA/ASVspoof2019_LA_eval/flac/LA_E_1345372.flac,11
/data/DATASETS/ASV_Spoof_2019_LA/ASVspoof2019_LA_eval/flac/LA_E_1350175.flac,11
/data/DATASETS/ASV_Spoof_2019_LA/ASVspoof2019_LA_eval/flac/LA_E_1353575.flac,11
/data/DATASETS/ASV_Spoof_2019_LA/ASVspoof2019_LA_eval/flac/LA_E_1353832.flac,11
/data/DATASETS/ASV_Spoof_2019_LA/ASVspoof2019_LA_eval/flac/LA_E_1354057.flac,11
/data/DATASETS/ASV_Spoof_2019_LA/ASVspoof2019_LA_eval/flac/LA_E_1356990.flac,11
/data/DATASETS/ASV_Spoof_2019_LA/ASVspoof2019_LA_eval/flac/LA_E_1357657.flac,11
/data/DATASETS/ASV_Spoof_2019_LA/ASVspoof2019_LA_eval/flac/LA_E_1358515.flac,11
/data/DATASETS/ASV_Spoof_2019_LA/ASVspoof2019_LA_eval/flac/LA_E_1359573.flac,11
/data/DATASETS/ASV_Spoof_2019_LA/ASVspoof2019_LA_eval/flac/LA_E_1361749.flac,11
/data/DATASETS/ASV_Spoof_2019_LA/ASVspoof2019_LA_eval/flac/LA_E_1362497.flac,11
/data/DATASETS/ASV_Spoof_2019_LA/ASVspoof2019_LA_eval/flac/LA_E_1362951.flac,11
/data/DATASETS/ASV_Spoof_2019_LA/ASVspoof2019_LA_eval/flac/LA_E_1363799.flac,11
/data/DATASETS/ASV_Spoof_2019_LA/ASVspoof2019_LA_eval/flac/LA_E_1370260.flac,11
/data/DATASETS/ASV_Spoof_2019_LA/ASVspoof2019_LA_eval/flac/LA_E_1370932.flac,11
/data/DATASETS/ASV_Spoof_2019_LA/ASVspoof2019_LA_eval/flac/LA_E_1371640.flac,11
/data/DATASETS/ASV_Spoof_2019_LA/ASVspoof2019_LA_eval/flac/LA_E_1371984.flac,11
/data/DATASETS/ASV_Spoof_2019_LA/ASVspoof2019_LA_eval/flac/LA_E_1373473.flac,11
/data/DATASETS/ASV_Spoof_2019_LA/ASVspoof2019_LA_eval/flac/LA_E_1375238.flac,11
/data/DATASETS/ASV_Spoof_2019_LA/ASVspoof2019_LA_eval/flac/LA_E_1375923.flac,11
/data/DATASETS/ASV_Spoof_2019_LA/ASVspoof2019_LA_eval/flac/LA_E_1376283.flac,11
/data/DATASETS/ASV_Spoof_2019_LA/ASVspoof2019_LA_eval/flac/LA_E_1380201.flac,11
/data/DATASETS/ASV_Spoof_2019_LA/ASVspoof2019_LA_eval/flac/LA_E_1380367.flac,11
/data/DATASETS/ASV_Spoof_2019_LA/ASVspoof2019_LA_eval/flac/LA_E_1383192.flac,11
/data/DATASETS/ASV_Spoof_2019_LA/ASVspoof2019_LA_eval/flac/LA_E_1383592.flac,11
/data/DATASETS/ASV_Spoof_2019_LA/ASVspoof2019_LA_eval/flac/LA_E_1387439.flac,11
/data/DATASETS/ASV_Spoof_2019_LA/ASVspoof2019_LA_eval/flac/LA_E_1388052.flac,11
/data/DATASETS/ASV_Spoof_2019_LA/ASVspoof2019_LA_eval/flac/LA_E_1390279.flac,11
/data/DATASETS/ASV_Spoof_2019_LA/ASVspoof2019_LA_eval/flac/LA_E_1394367.flac,11
/data/DATASETS/ASV_Spoof_2019_LA/ASVspoof2019_LA_eval/flac/LA_E_1396310.flac,11
/data/DATASETS/ASV_Spoof_2019_LA/ASVspoof2019_LA_eval/flac/LA_E_1397379.flac,11
/data/DATASETS/ASV_Spoof_2019_LA/ASVspoof2019_LA_eval/flac/LA_E_1399261.flac,11
/data/DATASETS/ASV_Spoof_2019_LA/ASVspoof2019_LA_eval/flac/LA_E_1400301.flac,11
/data/DATASETS/ASV_Spoof_2019_LA/ASVspoof2019_LA_eval/flac/LA_E_1400373.flac,11
/data/DATASETS/ASV_Spoof_2019_LA/ASVspoof2019_LA_eval/flac/LA_E_1401772.flac,11
/data/DATASETS/ASV_Spoof_2019_LA/ASVspoof2019_LA_eval/flac/LA_E_1402939.flac,11
/data/DATASETS/ASV_Spoof_2019_LA/ASVspoof2019_LA_eval/flac/LA_E_1405264.flac,11
/data/DATASETS/ASV_Spoof_2019_LA/ASVspoof2019_LA_eval/flac/LA_E_1405591.flac,11
/data/DATASETS/ASV_Spoof_2019_LA/ASVspoof2019_LA_eval/flac/LA_E_1407058.flac,11
/data/DATASETS/ASV_Spoof_2019_LA/ASVspoof2019_LA_eval/flac/LA_E_1407130.flac,11
/data/DATASETS/ASV_Spoof_2019_LA/ASVspoof2019_LA_eval/flac/LA_E_1411175.flac,11
/data/DATASETS/ASV_Spoof_2019_LA/ASVspoof2019_LA_eval/flac/LA_E_1411581.flac,11
/data/DATASETS/ASV_Spoof_2019_LA/ASVspoof2019_LA_eval/flac/LA_E_1411837.flac,11
/data/DATASETS/ASV_Spoof_2019_LA/ASVspoof2019_LA_eval/flac/LA_E_1414707.flac,11
/data/DATASETS/ASV_Spoof_2019_LA/ASVspoof2019_LA_eval/flac/LA_E_1418719.flac,11
/data/DATASETS/ASV_Spoof_2019_LA/ASVspoof2019_LA_eval/flac/LA_E_1419283.flac,11
/data/DATASETS/ASV_Spoof_2019_LA/ASVspoof2019_LA_eval/flac/LA_E_1419723.flac,11
/data/DATASETS/ASV_Spoof_2019_LA/ASVspoof2019_LA_eval/flac/LA_E_1422655.flac,11
/data/DATASETS/ASV_Spoof_2019_LA/ASVspoof2019_LA_eval/flac/LA_E_1429950.flac,11
/data/DATASETS/ASV_Spoof_2019_LA/ASVspoof2019_LA_eval/flac/LA_E_1431755.flac,11
/data/DATASETS/ASV_Spoof_2019_LA/ASVspoof2019_LA_eval/flac/LA_E_1433127.flac,11
/data/DATASETS/ASV_Spoof_2019_LA/ASVspoof2019_LA_eval/flac/LA_E_1434185.flac,11
/data/DATASETS/ASV_Spoof_2019_LA/ASVspoof2019_LA_eval/flac/LA_E_1434744.flac,11
/data/DATASETS/ASV_Spoof_2019_LA/ASVspoof2019_LA_eval/flac/LA_E_1440556.flac,11
/data/DATASETS/ASV_Spoof_2019_LA/ASVspoof2019_LA_eval/flac/LA_E_1445081.flac,11
/data/DATASETS/ASV_Spoof_2019_LA/ASVspoof2019_LA_eval/flac/LA_E_1446073.flac,11
/data/DATASETS/ASV_Spoof_2019_LA/ASVspoof2019_LA_eval/flac/LA_E_1449318.flac,11
/data/DATASETS/ASV_Spoof_2019_LA/ASVspoof2019_LA_eval/flac/LA_E_1449708.flac,11
/data/DATASETS/ASV_Spoof_2019_LA/ASVspoof2019_LA_eval/flac/LA_E_1449976.flac,11
/data/DATASETS/ASV_Spoof_2019_LA/ASVspoof2019_LA_eval/flac/LA_E_1450599.flac,11
/data/DATASETS/ASV_Spoof_2019_LA/ASVspoof2019_LA_eval/flac/LA_E_1453010.flac,11
/data/DATASETS/ASV_Spoof_2019_LA/ASVspoof2019_LA_eval/flac/LA_E_1454172.flac,11
/data/DATASETS/ASV_Spoof_2019_LA/ASVspoof2019_LA_eval/flac/LA_E_1454906.flac,11
/data/DATASETS/ASV_Spoof_2019_LA/ASVspoof2019_LA_eval/flac/LA_E_1460951.flac,11
/data/DATASETS/ASV_Spoof_2019_LA/ASVspoof2019_LA_eval/flac/LA_E_1464312.flac,11
/data/DATASETS/ASV_Spoof_2019_LA/ASVspoof2019_LA_eval/flac/LA_E_1464800.flac,11
/data/DATASETS/ASV_Spoof_2019_LA/ASVspoof2019_LA_eval/flac/LA_E_1470383.flac,11
/data/DATASETS/ASV_Spoof_2019_LA/ASVspoof2019_LA_eval/flac/LA_E_1473020.flac,11
/data/DATASETS/ASV_Spoof_2019_LA/ASVspoof2019_LA_eval/flac/LA_E_1473332.flac,11
/data/DATASETS/ASV_Spoof_2019_LA/ASVspoof2019_LA_eval/flac/LA_E_1474553.flac,11
/data/DATASETS/ASV_Spoof_2019_LA/ASVspoof2019_LA_eval/flac/LA_E_1477670.flac,11
/data/DATASETS/ASV_Spoof_2019_LA/ASVspoof2019_LA_eval/flac/LA_E_1479551.flac,11
/data/DATASETS/ASV_Spoof_2019_LA/ASVspoof2019_LA_eval/flac/LA_E_1480921.flac,11
/data/DATASETS/ASV_Spoof_2019_LA/ASVspoof2019_LA_eval/flac/LA_E_1484797.flac,11
/data/DATASETS/ASV_Spoof_2019_LA/ASVspoof2019_LA_eval/flac/LA_E_1486254.flac,11
/data/DATASETS/ASV_Spoof_2019_LA/ASVspoof2019_LA_eval/flac/LA_E_1486381.flac,11
/data/DATASETS/ASV_Spoof_2019_LA/ASVspoof2019_LA_eval/flac/LA_E_1486855.flac,11
/data/DATASETS/ASV_Spoof_2019_LA/ASVspoof2019_LA_eval/flac/LA_E_1487393.flac,11
/data/DATASETS/ASV_Spoof_2019_LA/ASVspoof2019_LA_eval/flac/LA_E_1489794.flac,11
/data/DATASETS/ASV_Spoof_2019_LA/ASVspoof2019_LA_eval/flac/LA_E_1490408.flac,11
/data/DATASETS/ASV_Spoof_2019_LA/ASVspoof2019_LA_eval/flac/LA_E_1490752.flac,11
/data/DATASETS/ASV_Spoof_2019_LA/ASVspoof2019_LA_eval/flac/LA_E_1491396.flac,11
/data/DATASETS/ASV_Spoof_2019_LA/ASVspoof2019_LA_eval/flac/LA_E_1492874.flac,11
/data/DATASETS/ASV_Spoof_2019_LA/ASVspoof2019_LA_eval/flac/LA_E_1495493.flac,11
/data/DATASETS/ASV_Spoof_2019_LA/ASVspoof2019_LA_eval/flac/LA_E_1496030.flac,11
/data/DATASETS/ASV_Spoof_2019_LA/ASVspoof2019_LA_eval/flac/LA_E_1497050.flac,11
/data/DATASETS/ASV_Spoof_2019_LA/ASVspoof2019_LA_eval/flac/LA_E_1497201.flac,11
/data/DATASETS/ASV_Spoof_2019_LA/ASVspoof2019_LA_eval/flac/LA_E_1498653.flac,11
/data/DATASETS/ASV_Spoof_2019_LA/ASVspoof2019_LA_eval/flac/LA_E_1499588.flac,11
/data/DATASETS/ASV_Spoof_2019_LA/ASVspoof2019_LA_eval/flac/LA_E_1500402.flac,11
/data/DATASETS/ASV_Spoof_2019_LA/ASVspoof2019_LA_eval/flac/LA_E_1502514.flac,11
/data/DATASETS/ASV_Spoof_2019_LA/ASVspoof2019_LA_eval/flac/LA_E_1505602.flac,11
/data/DATASETS/ASV_Spoof_2019_LA/ASVspoof2019_LA_eval/flac/LA_E_1515124.flac,11
/data/DATASETS/ASV_Spoof_2019_LA/ASVspoof2019_LA_eval/flac/LA_E_1517615.flac,11
/data/DATASETS/ASV_Spoof_2019_LA/ASVspoof2019_LA_eval/flac/LA_E_1520098.flac,11
/data/DATASETS/ASV_Spoof_2019_LA/ASVspoof2019_LA_eval/flac/LA_E_1521998.flac,11
/data/DATASETS/ASV_Spoof_2019_LA/ASVspoof2019_LA_eval/flac/LA_E_1524433.flac,11
/data/DATASETS/ASV_Spoof_2019_LA/ASVspoof2019_LA_eval/flac/LA_E_1526800.flac,11
/data/DATASETS/ASV_Spoof_2019_LA/ASVspoof2019_LA_eval/flac/LA_E_1529007.flac,11
/data/DATASETS/ASV_Spoof_2019_LA/ASVspoof2019_LA_eval/flac/LA_E_1529183.flac,11
/data/DATASETS/ASV_Spoof_2019_LA/ASVspoof2019_LA_eval/flac/LA_E_1530335.flac,11
/data/DATASETS/ASV_Spoof_2019_LA/ASVspoof2019_LA_eval/flac/LA_E_1535014.flac,11
/data/DATASETS/ASV_Spoof_2019_LA/ASVspoof2019_LA_eval/flac/LA_E_1537599.flac,11
/data/DATASETS/ASV_Spoof_2019_LA/ASVspoof2019_LA_eval/flac/LA_E_1543282.flac,11
/data/DATASETS/ASV_Spoof_2019_LA/ASVspoof2019_LA_eval/flac/LA_E_1543911.flac,11
/data/DATASETS/ASV_Spoof_2019_LA/ASVspoof2019_LA_eval/flac/LA_E_1544235.flac,11
/data/DATASETS/ASV_Spoof_2019_LA/ASVspoof2019_LA_eval/flac/LA_E_1547089.flac,11
/data/DATASETS/ASV_Spoof_2019_LA/ASVspoof2019_LA_eval/flac/LA_E_1548155.flac,11
/data/DATASETS/ASV_Spoof_2019_LA/ASVspoof2019_LA_eval/flac/LA_E_1548614.flac,11
/data/DATASETS/ASV_Spoof_2019_LA/ASVspoof2019_LA_eval/flac/LA_E_1549327.flac,11
/data/DATASETS/ASV_Spoof_2019_LA/ASVspoof2019_LA_eval/flac/LA_E_1549947.flac,11
/data/DATASETS/ASV_Spoof_2019_LA/ASVspoof2019_LA_eval/flac/LA_E_1550405.flac,11
/data/DATASETS/ASV_Spoof_2019_LA/ASVspoof2019_LA_eval/flac/LA_E_1550457.flac,11
/data/DATASETS/ASV_Spoof_2019_LA/ASVspoof2019_LA_eval/flac/LA_E_1554540.flac,11
/data/DATASETS/ASV_Spoof_2019_LA/ASVspoof2019_LA_eval/flac/LA_E_1556129.flac,11
/data/DATASETS/ASV_Spoof_2019_LA/ASVspoof2019_LA_eval/flac/LA_E_1558395.flac,11
/data/DATASETS/ASV_Spoof_2019_LA/ASVspoof2019_LA_eval/flac/LA_E_1558771.flac,11
/data/DATASETS/ASV_Spoof_2019_LA/ASVspoof2019_LA_eval/flac/LA_E_1559989.flac,11
/data/DATASETS/ASV_Spoof_2019_LA/ASVspoof2019_LA_eval/flac/LA_E_1563196.flac,11
/data/DATASETS/ASV_Spoof_2019_LA/ASVspoof2019_LA_eval/flac/LA_E_1563396.flac,11
/data/DATASETS/ASV_Spoof_2019_LA/ASVspoof2019_LA_eval/flac/LA_E_1563408.flac,11
/data/DATASETS/ASV_Spoof_2019_LA/ASVspoof2019_LA_eval/flac/LA_E_1564083.flac,11
/data/DATASETS/ASV_Spoof_2019_LA/ASVspoof2019_LA_eval/flac/LA_E_1564185.flac,11
/data/DATASETS/ASV_Spoof_2019_LA/ASVspoof2019_LA_eval/flac/LA_E_1565287.flac,11
/data/DATASETS/ASV_Spoof_2019_LA/ASVspoof2019_LA_eval/flac/LA_E_1565392.flac,11
/data/DATASETS/ASV_Spoof_2019_LA/ASVspoof2019_LA_eval/flac/LA_E_1566683.flac,11
/data/DATASETS/ASV_Spoof_2019_LA/ASVspoof2019_LA_eval/flac/LA_E_1568842.flac,11
/data/DATASETS/ASV_Spoof_2019_LA/ASVspoof2019_LA_eval/flac/LA_E_1570190.flac,11
/data/DATASETS/ASV_Spoof_2019_LA/ASVspoof2019_LA_eval/flac/LA_E_1570588.flac,11
/data/DATASETS/ASV_Spoof_2019_LA/ASVspoof2019_LA_eval/flac/LA_E_1570616.flac,11
/data/DATASETS/ASV_Spoof_2019_LA/ASVspoof2019_LA_eval/flac/LA_E_1571066.flac,11
/data/DATASETS/ASV_Spoof_2019_LA/ASVspoof2019_LA_eval/flac/LA_E_1571454.flac,11
/data/DATASETS/ASV_Spoof_2019_LA/ASVspoof2019_LA_eval/flac/LA_E_1571962.flac,11
/data/DATASETS/ASV_Spoof_2019_LA/ASVspoof2019_LA_eval/flac/LA_E_1573322.flac,11
/data/DATASETS/ASV_Spoof_2019_LA/ASVspoof2019_LA_eval/flac/LA_E_1574568.flac,11
/data/DATASETS/ASV_Spoof_2019_LA/ASVspoof2019_LA_eval/flac/LA_E_1574755.flac,11
/data/DATASETS/ASV_Spoof_2019_LA/ASVspoof2019_LA_eval/flac/LA_E_1578803.flac,11
/data/DATASETS/ASV_Spoof_2019_LA/ASVspoof2019_LA_eval/flac/LA_E_1582448.flac,11
/data/DATASETS/ASV_Spoof_2019_LA/ASVspoof2019_LA_eval/flac/LA_E_1588288.flac,11
/data/DATASETS/ASV_Spoof_2019_LA/ASVspoof2019_LA_eval/flac/LA_E_1589136.flac,11
/data/DATASETS/ASV_Spoof_2019_LA/ASVspoof2019_LA_eval/flac/LA_E_1592255.flac,11
/data/DATASETS/ASV_Spoof_2019_LA/ASVspoof2019_LA_eval/flac/LA_E_1592418.flac,11
/data/DATASETS/ASV_Spoof_2019_LA/ASVspoof2019_LA_eval/flac/LA_E_1593695.flac,11
/data/DATASETS/ASV_Spoof_2019_LA/ASVspoof2019_LA_eval/flac/LA_E_1598921.flac,11
/data/DATASETS/ASV_Spoof_2019_LA/ASVspoof2019_LA_eval/flac/LA_E_1601014.flac,11
/data/DATASETS/ASV_Spoof_2019_LA/ASVspoof2019_LA_eval/flac/LA_E_1603958.flac,11
/data/DATASETS/ASV_Spoof_2019_LA/ASVspoof2019_LA_eval/flac/LA_E_1604594.flac,11
/data/DATASETS/ASV_Spoof_2019_LA/ASVspoof2019_LA_eval/flac/LA_E_1604813.flac,11
/data/DATASETS/ASV_Spoof_2019_LA/ASVspoof2019_LA_eval/flac/LA_E_1606867.flac,11
/data/DATASETS/ASV_Spoof_2019_LA/ASVspoof2019_LA_eval/flac/LA_E_1607361.flac,11
/data/DATASETS/ASV_Spoof_2019_LA/ASVspoof2019_LA_eval/flac/LA_E_1609728.flac,11
/data/DATASETS/ASV_Spoof_2019_LA/ASVspoof2019_LA_eval/flac/LA_E_1610724.flac,11
/data/DATASETS/ASV_Spoof_2019_LA/ASVspoof2019_LA_eval/flac/LA_E_1612180.flac,11
/data/DATASETS/ASV_Spoof_2019_LA/ASVspoof2019_LA_eval/flac/LA_E_1618450.flac,11
/data/DATASETS/ASV_Spoof_2019_LA/ASVspoof2019_LA_eval/flac/LA_E_1618701.flac,11
/data/DATASETS/ASV_Spoof_2019_LA/ASVspoof2019_LA_eval/flac/LA_E_1618914.flac,11
/data/DATASETS/ASV_Spoof_2019_LA/ASVspoof2019_LA_eval/flac/LA_E_1620649.flac,11
/data/DATASETS/ASV_Spoof_2019_LA/ASVspoof2019_LA_eval/flac/LA_E_1625656.flac,11
/data/DATASETS/ASV_Spoof_2019_LA/ASVspoof2019_LA_eval/flac/LA_E_1631250.flac,11
/data/DATASETS/ASV_Spoof_2019_LA/ASVspoof2019_LA_eval/flac/LA_E_1631584.flac,11
/data/DATASETS/ASV_Spoof_2019_LA/ASVspoof2019_LA_eval/flac/LA_E_1636259.flac,11
/data/DATASETS/ASV_Spoof_2019_LA/ASVspoof2019_LA_eval/flac/LA_E_1636612.flac,11
/data/DATASETS/ASV_Spoof_2019_LA/ASVspoof2019_LA_eval/flac/LA_E_1638294.flac,11
/data/DATASETS/ASV_Spoof_2019_LA/ASVspoof2019_LA_eval/flac/LA_E_1639133.flac,11
/data/DATASETS/ASV_Spoof_2019_LA/ASVspoof2019_LA_eval/flac/LA_E_1640241.flac,11
/data/DATASETS/ASV_Spoof_2019_LA/ASVspoof2019_LA_eval/flac/LA_E_1641756.flac,11
/data/DATASETS/ASV_Spoof_2019_LA/ASVspoof2019_LA_eval/flac/LA_E_1642974.flac,11
/data/DATASETS/ASV_Spoof_2019_LA/ASVspoof2019_LA_eval/flac/LA_E_1643267.flac,11
/data/DATASETS/ASV_Spoof_2019_LA/ASVspoof2019_LA_eval/flac/LA_E_1644449.flac,11
/data/DATASETS/ASV_Spoof_2019_LA/ASVspoof2019_LA_eval/flac/LA_E_1644462.flac,11
/data/DATASETS/ASV_Spoof_2019_LA/ASVspoof2019_LA_eval/flac/LA_E_1645769.flac,11
/data/DATASETS/ASV_Spoof_2019_LA/ASVspoof2019_LA_eval/flac/LA_E_1645969.flac,11
/data/DATASETS/ASV_Spoof_2019_LA/ASVspoof2019_LA_eval/flac/LA_E_1651006.flac,11
/data/DATASETS/ASV_Spoof_2019_LA/ASVspoof2019_LA_eval/flac/LA_E_1654666.flac,11
/data/DATASETS/ASV_Spoof_2019_LA/ASVspoof2019_LA_eval/flac/LA_E_1655904.flac,11
/data/DATASETS/ASV_Spoof_2019_LA/ASVspoof2019_LA_eval/flac/LA_E_1656034.flac,11
/data/DATASETS/ASV_Spoof_2019_LA/ASVspoof2019_LA_eval/flac/LA_E_1658511.flac,11
/data/DATASETS/ASV_Spoof_2019_LA/ASVspoof2019_LA_eval/flac/LA_E_1658897.flac,11
/data/DATASETS/ASV_Spoof_2019_LA/ASVspoof2019_LA_eval/flac/LA_E_1659792.flac,11
/data/DATASETS/ASV_Spoof_2019_LA/ASVspoof2019_LA_eval/flac/LA_E_1665134.flac,11
/data/DATASETS/ASV_Spoof_2019_LA/ASVspoof2019_LA_eval/flac/LA_E_1665462.flac,11
/data/DATASETS/ASV_Spoof_2019_LA/ASVspoof2019_LA_eval/flac/LA_E_1665500.flac,11
/data/DATASETS/ASV_Spoof_2019_LA/ASVspoof2019_LA_eval/flac/LA_E_1666088.flac,11
/data/DATASETS/ASV_Spoof_2019_LA/ASVspoof2019_LA_eval/flac/LA_E_1671370.flac,11
/data/DATASETS/ASV_Spoof_2019_LA/ASVspoof2019_LA_eval/flac/LA_E_1672376.flac,11
/data/DATASETS/ASV_Spoof_2019_LA/ASVspoof2019_LA_eval/flac/LA_E_1674948.flac,11
/data/DATASETS/ASV_Spoof_2019_LA/ASVspoof2019_LA_eval/flac/LA_E_1678310.flac,11
/data/DATASETS/ASV_Spoof_2019_LA/ASVspoof2019_LA_eval/flac/LA_E_1682364.flac,11
/data/DATASETS/ASV_Spoof_2019_LA/ASVspoof2019_LA_eval/flac/LA_E_1683254.flac,11
/data/DATASETS/ASV_Spoof_2019_LA/ASVspoof2019_LA_eval/flac/LA_E_1686348.flac,11
/data/DATASETS/ASV_Spoof_2019_LA/ASVspoof2019_LA_eval/flac/LA_E_1687863.flac,11
/data/DATASETS/ASV_Spoof_2019_LA/ASVspoof2019_LA_eval/flac/LA_E_1688421.flac,11
/data/DATASETS/ASV_Spoof_2019_LA/ASVspoof2019_LA_eval/flac/LA_E_1695901.flac,11
/data/DATASETS/ASV_Spoof_2019_LA/ASVspoof2019_LA_eval/flac/LA_E_1697361.flac,11
/data/DATASETS/ASV_Spoof_2019_LA/ASVspoof2019_LA_eval/flac/LA_E_1697740.flac,11
/data/DATASETS/ASV_Spoof_2019_LA/ASVspoof2019_LA_eval/flac/LA_E_1697979.flac,11
/data/DATASETS/ASV_Spoof_2019_LA/ASVspoof2019_LA_eval/flac/LA_E_1703592.flac,11
/data/DATASETS/ASV_Spoof_2019_LA/ASVspoof2019_LA_eval/flac/LA_E_1704215.flac,11
/data/DATASETS/ASV_Spoof_2019_LA/ASVspoof2019_LA_eval/flac/LA_E_1704546.flac,11
/data/DATASETS/ASV_Spoof_2019_LA/ASVspoof2019_LA_eval/flac/LA_E_1705747.flac,11
/data/DATASETS/ASV_Spoof_2019_LA/ASVspoof2019_LA_eval/flac/LA_E_1706185.flac,11
/data/DATASETS/ASV_Spoof_2019_LA/ASVspoof2019_LA_eval/flac/LA_E_1707194.flac,11
/data/DATASETS/ASV_Spoof_2019_LA/ASVspoof2019_LA_eval/flac/LA_E_1710006.flac,11
/data/DATASETS/ASV_Spoof_2019_LA/ASVspoof2019_LA_eval/flac/LA_E_1711128.flac,11
/data/DATASETS/ASV_Spoof_2019_LA/ASVspoof2019_LA_eval/flac/LA_E_1711659.flac,11
/data/DATASETS/ASV_Spoof_2019_LA/ASVspoof2019_LA_eval/flac/LA_E_1712721.flac,11
/data/DATASETS/ASV_Spoof_2019_LA/ASVspoof2019_LA_eval/flac/LA_E_1712931.flac,11
/data/DATASETS/ASV_Spoof_2019_LA/ASVspoof2019_LA_eval/flac/LA_E_1714598.flac,11
/data/DATASETS/ASV_Spoof_2019_LA/ASVspoof2019_LA_eval/flac/LA_E_1718013.flac,11
/data/DATASETS/ASV_Spoof_2019_LA/ASVspoof2019_LA_eval/flac/LA_E_1721083.flac,11
/data/DATASETS/ASV_Spoof_2019_LA/ASVspoof2019_LA_eval/flac/LA_E_1722017.flac,11
/data/DATASETS/ASV_Spoof_2019_LA/ASVspoof2019_LA_eval/flac/LA_E_1730542.flac,11
/data/DATASETS/ASV_Spoof_2019_LA/ASVspoof2019_LA_eval/flac/LA_E_1730951.flac,11
/data/DATASETS/ASV_Spoof_2019_LA/ASVspoof2019_LA_eval/flac/LA_E_1731730.flac,11
/data/DATASETS/ASV_Spoof_2019_LA/ASVspoof2019_LA_eval/flac/LA_E_1735984.flac,11
/data/DATASETS/ASV_Spoof_2019_LA/ASVspoof2019_LA_eval/flac/LA_E_1744539.flac,11
/data/DATASETS/ASV_Spoof_2019_LA/ASVspoof2019_LA_eval/flac/LA_E_1745309.flac,11
/data/DATASETS/ASV_Spoof_2019_LA/ASVspoof2019_LA_eval/flac/LA_E_1749241.flac,11
/data/DATASETS/ASV_Spoof_2019_LA/ASVspoof2019_LA_eval/flac/LA_E_1752056.flac,11
/data/DATASETS/ASV_Spoof_2019_LA/ASVspoof2019_LA_eval/flac/LA_E_1754822.flac,11
/data/DATASETS/ASV_Spoof_2019_LA/ASVspoof2019_LA_eval/flac/LA_E_1755639.flac,11
/data/DATASETS/ASV_Spoof_2019_LA/ASVspoof2019_LA_eval/flac/LA_E_1759910.flac,11
/data/DATASETS/ASV_Spoof_2019_LA/ASVspoof2019_LA_eval/flac/LA_E_1761626.flac,11
/data/DATASETS/ASV_Spoof_2019_LA/ASVspoof2019_LA_eval/flac/LA_E_1765365.flac,11
/data/DATASETS/ASV_Spoof_2019_LA/ASVspoof2019_LA_eval/flac/LA_E_1766265.flac,11
/data/DATASETS/ASV_Spoof_2019_LA/ASVspoof2019_LA_eval/flac/LA_E_1768596.flac,11
/data/DATASETS/ASV_Spoof_2019_LA/ASVspoof2019_LA_eval/flac/LA_E_1770314.flac,11
/data/DATASETS/ASV_Spoof_2019_LA/ASVspoof2019_LA_eval/flac/LA_E_1773415.flac,11
/data/DATASETS/ASV_Spoof_2019_LA/ASVspoof2019_LA_eval/flac/LA_E_1777338.flac,11
/data/DATASETS/ASV_Spoof_2019_LA/ASVspoof2019_LA_eval/flac/LA_E_1778515.flac,11
/data/DATASETS/ASV_Spoof_2019_LA/ASVspoof2019_LA_eval/flac/LA_E_1779709.flac,11
/data/DATASETS/ASV_Spoof_2019_LA/ASVspoof2019_LA_eval/flac/LA_E_1781134.flac,11
/data/DATASETS/ASV_Spoof_2019_LA/ASVspoof2019_LA_eval/flac/LA_E_1785058.flac,11
/data/DATASETS/ASV_Spoof_2019_LA/ASVspoof2019_LA_eval/flac/LA_E_1786098.flac,11
/data/DATASETS/ASV_Spoof_2019_LA/ASVspoof2019_LA_eval/flac/LA_E_1786513.flac,11
/data/DATASETS/ASV_Spoof_2019_LA/ASVspoof2019_LA_eval/flac/LA_E_1786638.flac,11
/data/DATASETS/ASV_Spoof_2019_LA/ASVspoof2019_LA_eval/flac/LA_E_1788653.flac,11
/data/DATASETS/ASV_Spoof_2019_LA/ASVspoof2019_LA_eval/flac/LA_E_1790048.flac,11
/data/DATASETS/ASV_Spoof_2019_LA/ASVspoof2019_LA_eval/flac/LA_E_1791968.flac,11
/data/DATASETS/ASV_Spoof_2019_LA/ASVspoof2019_LA_eval/flac/LA_E_1794171.flac,11
/data/DATASETS/ASV_Spoof_2019_LA/ASVspoof2019_LA_eval/flac/LA_E_1798300.flac,11
/data/DATASETS/ASV_Spoof_2019_LA/ASVspoof2019_LA_eval/flac/LA_E_1798625.flac,11
/data/DATASETS/ASV_Spoof_2019_LA/ASVspoof2019_LA_eval/flac/LA_E_1802431.flac,11
/data/DATASETS/ASV_Spoof_2019_LA/ASVspoof2019_LA_eval/flac/LA_E_1802853.flac,11
/data/DATASETS/ASV_Spoof_2019_LA/ASVspoof2019_LA_eval/flac/LA_E_1805808.flac,11
/data/DATASETS/ASV_Spoof_2019_LA/ASVspoof2019_LA_eval/flac/LA_E_1807780.flac,11
/data/DATASETS/ASV_Spoof_2019_LA/ASVspoof2019_LA_eval/flac/LA_E_1809034.flac,11
/data/DATASETS/ASV_Spoof_2019_LA/ASVspoof2019_LA_eval/flac/LA_E_1809570.flac,11
/data/DATASETS/ASV_Spoof_2019_LA/ASVspoof2019_LA_eval/flac/LA_E_1812667.flac,11
/data/DATASETS/ASV_Spoof_2019_LA/ASVspoof2019_LA_eval/flac/LA_E_1813851.flac,11
/data/DATASETS/ASV_Spoof_2019_LA/ASVspoof2019_LA_eval/flac/LA_E_1814090.flac,11
/data/DATASETS/ASV_Spoof_2019_LA/ASVspoof2019_LA_eval/flac/LA_E_1814098.flac,11
/data/DATASETS/ASV_Spoof_2019_LA/ASVspoof2019_LA_eval/flac/LA_E_1821645.flac,11
/data/DATASETS/ASV_Spoof_2019_LA/ASVspoof2019_LA_eval/flac/LA_E_1823416.flac,11
/data/DATASETS/ASV_Spoof_2019_LA/ASVspoof2019_LA_eval/flac/LA_E_1827996.flac,11
/data/DATASETS/ASV_Spoof_2019_LA/ASVspoof2019_LA_eval/flac/LA_E_1828275.flac,11
/data/DATASETS/ASV_Spoof_2019_LA/ASVspoof2019_LA_eval/flac/LA_E_1829352.flac,11
/data/DATASETS/ASV_Spoof_2019_LA/ASVspoof2019_LA_eval/flac/LA_E_1830401.flac,11
/data/DATASETS/ASV_Spoof_2019_LA/ASVspoof2019_LA_eval/flac/LA_E_1832340.flac,11
/data/DATASETS/ASV_Spoof_2019_LA/ASVspoof2019_LA_eval/flac/LA_E_1832715.flac,11
/data/DATASETS/ASV_Spoof_2019_LA/ASVspoof2019_LA_eval/flac/LA_E_1833905.flac,11
/data/DATASETS/ASV_Spoof_2019_LA/ASVspoof2019_LA_eval/flac/LA_E_1834075.flac,11
/data/DATASETS/ASV_Spoof_2019_LA/ASVspoof2019_LA_eval/flac/LA_E_1839598.flac,11
/data/DATASETS/ASV_Spoof_2019_LA/ASVspoof2019_LA_eval/flac/LA_E_1839869.flac,11
/data/DATASETS/ASV_Spoof_2019_LA/ASVspoof2019_LA_eval/flac/LA_E_1840748.flac,11
/data/DATASETS/ASV_Spoof_2019_LA/ASVspoof2019_LA_eval/flac/LA_E_1841915.flac,11
/data/DATASETS/ASV_Spoof_2019_LA/ASVspoof2019_LA_eval/flac/LA_E_1841935.flac,11
/data/DATASETS/ASV_Spoof_2019_LA/ASVspoof2019_LA_eval/flac/LA_E_1842866.flac,11
/data/DATASETS/ASV_Spoof_2019_LA/ASVspoof2019_LA_eval/flac/LA_E_1843458.flac,11
/data/DATASETS/ASV_Spoof_2019_LA/ASVspoof2019_LA_eval/flac/LA_E_1844477.flac,11
/data/DATASETS/ASV_Spoof_2019_LA/ASVspoof2019_LA_eval/flac/LA_E_1845157.flac,11
/data/DATASETS/ASV_Spoof_2019_LA/ASVspoof2019_LA_eval/flac/LA_E_1846814.flac,11
/data/DATASETS/ASV_Spoof_2019_LA/ASVspoof2019_LA_eval/flac/LA_E_1847025.flac,11
/data/DATASETS/ASV_Spoof_2019_LA/ASVspoof2019_LA_eval/flac/LA_E_1848420.flac,11
/data/DATASETS/ASV_Spoof_2019_LA/ASVspoof2019_LA_eval/flac/LA_E_1849436.flac,11
/data/DATASETS/ASV_Spoof_2019_LA/ASVspoof2019_LA_eval/flac/LA_E_1849845.flac,11
/data/DATASETS/ASV_Spoof_2019_LA/ASVspoof2019_LA_eval/flac/LA_E_1860971.flac,11
/data/DATASETS/ASV_Spoof_2019_LA/ASVspoof2019_LA_eval/flac/LA_E_1862728.flac,11
/data/DATASETS/ASV_Spoof_2019_LA/ASVspoof2019_LA_eval/flac/LA_E_1865580.flac,11
/data/DATASETS/ASV_Spoof_2019_LA/ASVspoof2019_LA_eval/flac/LA_E_1865954.flac,11
/data/DATASETS/ASV_Spoof_2019_LA/ASVspoof2019_LA_eval/flac/LA_E_1866562.flac,11
/data/DATASETS/ASV_Spoof_2019_LA/ASVspoof2019_LA_eval/flac/LA_E_1866760.flac,11
/data/DATASETS/ASV_Spoof_2019_LA/ASVspoof2019_LA_eval/flac/LA_E_1866861.flac,11
/data/DATASETS/ASV_Spoof_2019_LA/ASVspoof2019_LA_eval/flac/LA_E_1867130.flac,11
/data/DATASETS/ASV_Spoof_2019_LA/ASVspoof2019_LA_eval/flac/LA_E_1867582.flac,11
/data/DATASETS/ASV_Spoof_2019_LA/ASVspoof2019_LA_eval/flac/LA_E_1871684.flac,11
/data/DATASETS/ASV_Spoof_2019_LA/ASVspoof2019_LA_eval/flac/LA_E_1873564.flac,11
/data/DATASETS/ASV_Spoof_2019_LA/ASVspoof2019_LA_eval/flac/LA_E_1876478.flac,11
/data/DATASETS/ASV_Spoof_2019_LA/ASVspoof2019_LA_eval/flac/LA_E_1881245.flac,11
/data/DATASETS/ASV_Spoof_2019_LA/ASVspoof2019_LA_eval/flac/LA_E_1885259.flac,11
/data/DATASETS/ASV_Spoof_2019_LA/ASVspoof2019_LA_eval/flac/LA_E_1887698.flac,11
/data/DATASETS/ASV_Spoof_2019_LA/ASVspoof2019_LA_eval/flac/LA_E_1892199.flac,11
/data/DATASETS/ASV_Spoof_2019_LA/ASVspoof2019_LA_eval/flac/LA_E_1893300.flac,11
/data/DATASETS/ASV_Spoof_2019_LA/ASVspoof2019_LA_eval/flac/LA_E_1897021.flac,11
/data/DATASETS/ASV_Spoof_2019_LA/ASVspoof2019_LA_eval/flac/LA_E_1900055.flac,11
/data/DATASETS/ASV_Spoof_2019_LA/ASVspoof2019_LA_eval/flac/LA_E_1900613.flac,11
/data/DATASETS/ASV_Spoof_2019_LA/ASVspoof2019_LA_eval/flac/LA_E_1906552.flac,11
/data/DATASETS/ASV_Spoof_2019_LA/ASVspoof2019_LA_eval/flac/LA_E_1907125.flac,11
/data/DATASETS/ASV_Spoof_2019_LA/ASVspoof2019_LA_eval/flac/LA_E_1907849.flac,11
/data/DATASETS/ASV_Spoof_2019_LA/ASVspoof2019_LA_eval/flac/LA_E_1908324.flac,11
/data/DATASETS/ASV_Spoof_2019_LA/ASVspoof2019_LA_eval/flac/LA_E_1908409.flac,11
/data/DATASETS/ASV_Spoof_2019_LA/ASVspoof2019_LA_eval/flac/LA_E_1909134.flac,11
/data/DATASETS/ASV_Spoof_2019_LA/ASVspoof2019_LA_eval/flac/LA_E_1911665.flac,11
/data/DATASETS/ASV_Spoof_2019_LA/ASVspoof2019_LA_eval/flac/LA_E_1911994.flac,11
/data/DATASETS/ASV_Spoof_2019_LA/ASVspoof2019_LA_eval/flac/LA_E_1912765.flac,11
/data/DATASETS/ASV_Spoof_2019_LA/ASVspoof2019_LA_eval/flac/LA_E_1916552.flac,11
/data/DATASETS/ASV_Spoof_2019_LA/ASVspoof2019_LA_eval/flac/LA_E_1918415.flac,11
/data/DATASETS/ASV_Spoof_2019_LA/ASVspoof2019_LA_eval/flac/LA_E_1921685.flac,11
/data/DATASETS/ASV_Spoof_2019_LA/ASVspoof2019_LA_eval/flac/LA_E_1921985.flac,11
/data/DATASETS/ASV_Spoof_2019_LA/ASVspoof2019_LA_eval/flac/LA_E_1922252.flac,11
/data/DATASETS/ASV_Spoof_2019_LA/ASVspoof2019_LA_eval/flac/LA_E_1923351.flac,11
/data/DATASETS/ASV_Spoof_2019_LA/ASVspoof2019_LA_eval/flac/LA_E_1924525.flac,11
/data/DATASETS/ASV_Spoof_2019_LA/ASVspoof2019_LA_eval/flac/LA_E_1924548.flac,11
/data/DATASETS/ASV_Spoof_2019_LA/ASVspoof2019_LA_eval/flac/LA_E_1925274.flac,11
/data/DATASETS/ASV_Spoof_2019_LA/ASVspoof2019_LA_eval/flac/LA_E_1926714.flac,11
/data/DATASETS/ASV_Spoof_2019_LA/ASVspoof2019_LA_eval/flac/LA_E_1931424.flac,11
/data/DATASETS/ASV_Spoof_2019_LA/ASVspoof2019_LA_eval/flac/LA_E_1932458.flac,11
/data/DATASETS/ASV_Spoof_2019_LA/ASVspoof2019_LA_eval/flac/LA_E_1932513.flac,11
/data/DATASETS/ASV_Spoof_2019_LA/ASVspoof2019_LA_eval/flac/LA_E_1935734.flac,11
/data/DATASETS/ASV_Spoof_2019_LA/ASVspoof2019_LA_eval/flac/LA_E_1936055.flac,11
/data/DATASETS/ASV_Spoof_2019_LA/ASVspoof2019_LA_eval/flac/LA_E_1936582.flac,11
/data/DATASETS/ASV_Spoof_2019_LA/ASVspoof2019_LA_eval/flac/LA_E_1937796.flac,11
/data/DATASETS/ASV_Spoof_2019_LA/ASVspoof2019_LA_eval/flac/LA_E_1939014.flac,11
/data/DATASETS/ASV_Spoof_2019_LA/ASVspoof2019_LA_eval/flac/LA_E_1940766.flac,11
/data/DATASETS/ASV_Spoof_2019_LA/ASVspoof2019_LA_eval/flac/LA_E_1943755.flac,11
/data/DATASETS/ASV_Spoof_2019_LA/ASVspoof2019_LA_eval/flac/LA_E_1944466.flac,11
/data/DATASETS/ASV_Spoof_2019_LA/ASVspoof2019_LA_eval/flac/LA_E_1946108.flac,11
/data/DATASETS/ASV_Spoof_2019_LA/ASVspoof2019_LA_eval/flac/LA_E_1947165.flac,11
/data/DATASETS/ASV_Spoof_2019_LA/ASVspoof2019_LA_eval/flac/LA_E_1949642.flac,11
/data/DATASETS/ASV_Spoof_2019_LA/ASVspoof2019_LA_eval/flac/LA_E_1954892.flac,11
/data/DATASETS/ASV_Spoof_2019_LA/ASVspoof2019_LA_eval/flac/LA_E_1955013.flac,11
/data/DATASETS/ASV_Spoof_2019_LA/ASVspoof2019_LA_eval/flac/LA_E_1956405.flac,11
/data/DATASETS/ASV_Spoof_2019_LA/ASVspoof2019_LA_eval/flac/LA_E_1958153.flac,11
/data/DATASETS/ASV_Spoof_2019_LA/ASVspoof2019_LA_eval/flac/LA_E_1959637.flac,11
/data/DATASETS/ASV_Spoof_2019_LA/ASVspoof2019_LA_eval/flac/LA_E_1960540.flac,11
/data/DATASETS/ASV_Spoof_2019_LA/ASVspoof2019_LA_eval/flac/LA_E_1960702.flac,11
/data/DATASETS/ASV_Spoof_2019_LA/ASVspoof2019_LA_eval/flac/LA_E_1960810.flac,11
/data/DATASETS/ASV_Spoof_2019_LA/ASVspoof2019_LA_eval/flac/LA_E_1965533.flac,11
/data/DATASETS/ASV_Spoof_2019_LA/ASVspoof2019_LA_eval/flac/LA_E_1965840.flac,11
/data/DATASETS/ASV_Spoof_2019_LA/ASVspoof2019_LA_eval/flac/LA_E_1966836.flac,11
/data/DATASETS/ASV_Spoof_2019_LA/ASVspoof2019_LA_eval/flac/LA_E_1967220.flac,11
/data/DATASETS/ASV_Spoof_2019_LA/ASVspoof2019_LA_eval/flac/LA_E_1968381.flac,11
/data/DATASETS/ASV_Spoof_2019_LA/ASVspoof2019_LA_eval/flac/LA_E_1968813.flac,11
/data/DATASETS/ASV_Spoof_2019_LA/ASVspoof2019_LA_eval/flac/LA_E_1970710.flac,11
/data/DATASETS/ASV_Spoof_2019_LA/ASVspoof2019_LA_eval/flac/LA_E_1975620.flac,11
/data/DATASETS/ASV_Spoof_2019_LA/ASVspoof2019_LA_eval/flac/LA_E_1977258.flac,11
/data/DATASETS/ASV_Spoof_2019_LA/ASVspoof2019_LA_eval/flac/LA_E_1978102.flac,11
/data/DATASETS/ASV_Spoof_2019_LA/ASVspoof2019_LA_eval/flac/LA_E_1980461.flac,11
/data/DATASETS/ASV_Spoof_2019_LA/ASVspoof2019_LA_eval/flac/LA_E_1984964.flac,11
/data/DATASETS/ASV_Spoof_2019_LA/ASVspoof2019_LA_eval/flac/LA_E_1985650.flac,11
/data/DATASETS/ASV_Spoof_2019_LA/ASVspoof2019_LA_eval/flac/LA_E_1988228.flac,11
/data/DATASETS/ASV_Spoof_2019_LA/ASVspoof2019_LA_eval/flac/LA_E_1989386.flac,11
/data/DATASETS/ASV_Spoof_2019_LA/ASVspoof2019_LA_eval/flac/LA_E_1990260.flac,11
/data/DATASETS/ASV_Spoof_2019_LA/ASVspoof2019_LA_eval/flac/LA_E_1991209.flac,11
/data/DATASETS/ASV_Spoof_2019_LA/ASVspoof2019_LA_eval/flac/LA_E_1991568.flac,11
/data/DATASETS/ASV_Spoof_2019_LA/ASVspoof2019_LA_eval/flac/LA_E_1993625.flac,11
/data/DATASETS/ASV_Spoof_2019_LA/ASVspoof2019_LA_eval/flac/LA_E_1996247.flac,11
/data/DATASETS/ASV_Spoof_2019_LA/ASVspoof2019_LA_eval/flac/LA_E_2000638.flac,11
/data/DATASETS/ASV_Spoof_2019_LA/ASVspoof2019_LA_eval/flac/LA_E_2002703.flac,11
/data/DATASETS/ASV_Spoof_2019_LA/ASVspoof2019_LA_eval/flac/LA_E_2012960.flac,11
/data/DATASETS/ASV_Spoof_2019_LA/ASVspoof2019_LA_eval/flac/LA_E_2015116.flac,11
/data/DATASETS/ASV_Spoof_2019_LA/ASVspoof2019_LA_eval/flac/LA_E_2015892.flac,11
/data/DATASETS/ASV_Spoof_2019_LA/ASVspoof2019_LA_eval/flac/LA_E_2017597.flac,11
/data/DATASETS/ASV_Spoof_2019_LA/ASVspoof2019_LA_eval/flac/LA_E_2017864.flac,11
/data/DATASETS/ASV_Spoof_2019_LA/ASVspoof2019_LA_eval/flac/LA_E_2019170.flac,11
/data/DATASETS/ASV_Spoof_2019_LA/ASVspoof2019_LA_eval/flac/LA_E_2020818.flac,11
/data/DATASETS/ASV_Spoof_2019_LA/ASVspoof2019_LA_eval/flac/LA_E_2022810.flac,11
/data/DATASETS/ASV_Spoof_2019_LA/ASVspoof2019_LA_eval/flac/LA_E_2025179.flac,11
/data/DATASETS/ASV_Spoof_2019_LA/ASVspoof2019_LA_eval/flac/LA_E_2026181.flac,11
/data/DATASETS/ASV_Spoof_2019_LA/ASVspoof2019_LA_eval/flac/LA_E_2027695.flac,11
/data/DATASETS/ASV_Spoof_2019_LA/ASVspoof2019_LA_eval/flac/LA_E_2028079.flac,11
/data/DATASETS/ASV_Spoof_2019_LA/ASVspoof2019_LA_eval/flac/LA_E_2028545.flac,11
/data/DATASETS/ASV_Spoof_2019_LA/ASVspoof2019_LA_eval/flac/LA_E_2028599.flac,11
/data/DATASETS/ASV_Spoof_2019_LA/ASVspoof2019_LA_eval/flac/LA_E_2028861.flac,11
/data/DATASETS/ASV_Spoof_2019_LA/ASVspoof2019_LA_eval/flac/LA_E_2030677.flac,11
/data/DATASETS/ASV_Spoof_2019_LA/ASVspoof2019_LA_eval/flac/LA_E_2034574.flac,11
/data/DATASETS/ASV_Spoof_2019_LA/ASVspoof2019_LA_eval/flac/LA_E_2034905.flac,11
/data/DATASETS/ASV_Spoof_2019_LA/ASVspoof2019_LA_eval/flac/LA_E_2036370.flac,11
/data/DATASETS/ASV_Spoof_2019_LA/ASVspoof2019_LA_eval/flac/LA_E_2037556.flac,11
/data/DATASETS/ASV_Spoof_2019_LA/ASVspoof2019_LA_eval/flac/LA_E_2039353.flac,11
/data/DATASETS/ASV_Spoof_2019_LA/ASVspoof2019_LA_eval/flac/LA_E_2040550.flac,11
/data/DATASETS/ASV_Spoof_2019_LA/ASVspoof2019_LA_eval/flac/LA_E_2041244.flac,11
/data/DATASETS/ASV_Spoof_2019_LA/ASVspoof2019_LA_eval/flac/LA_E_2042543.flac,11
/data/DATASETS/ASV_Spoof_2019_LA/ASVspoof2019_LA_eval/flac/LA_E_2042728.flac,11
/data/DATASETS/ASV_Spoof_2019_LA/ASVspoof2019_LA_eval/flac/LA_E_2044569.flac,11
/data/DATASETS/ASV_Spoof_2019_LA/ASVspoof2019_LA_eval/flac/LA_E_2048072.flac,11
/data/DATASETS/ASV_Spoof_2019_LA/ASVspoof2019_LA_eval/flac/LA_E_2050515.flac,11
/data/DATASETS/ASV_Spoof_2019_LA/ASVspoof2019_LA_eval/flac/LA_E_2052038.flac,11
/data/DATASETS/ASV_Spoof_2019_LA/ASVspoof2019_LA_eval/flac/LA_E_2052470.flac,11
/data/DATASETS/ASV_Spoof_2019_LA/ASVspoof2019_LA_eval/flac/LA_E_2052517.flac,11
/data/DATASETS/ASV_Spoof_2019_LA/ASVspoof2019_LA_eval/flac/LA_E_2053601.flac,11
/data/DATASETS/ASV_Spoof_2019_LA/ASVspoof2019_LA_eval/flac/LA_E_2054765.flac,11
/data/DATASETS/ASV_Spoof_2019_LA/ASVspoof2019_LA_eval/flac/LA_E_2057438.flac,11
/data/DATASETS/ASV_Spoof_2019_LA/ASVspoof2019_LA_eval/flac/LA_E_2059444.flac,11
/data/DATASETS/ASV_Spoof_2019_LA/ASVspoof2019_LA_eval/flac/LA_E_2062942.flac,11
/data/DATASETS/ASV_Spoof_2019_LA/ASVspoof2019_LA_eval/flac/LA_E_2065161.flac,11
/data/DATASETS/ASV_Spoof_2019_LA/ASVspoof2019_LA_eval/flac/LA_E_2070984.flac,11
/data/DATASETS/ASV_Spoof_2019_LA/ASVspoof2019_LA_eval/flac/LA_E_2072994.flac,11
/data/DATASETS/ASV_Spoof_2019_LA/ASVspoof2019_LA_eval/flac/LA_E_2073158.flac,11
/data/DATASETS/ASV_Spoof_2019_LA/ASVspoof2019_LA_eval/flac/LA_E_2077682.flac,11
/data/DATASETS/ASV_Spoof_2019_LA/ASVspoof2019_LA_eval/flac/LA_E_2077935.flac,11
/data/DATASETS/ASV_Spoof_2019_LA/ASVspoof2019_LA_eval/flac/LA_E_2078084.flac,11
/data/DATASETS/ASV_Spoof_2019_LA/ASVspoof2019_LA_eval/flac/LA_E_2078640.flac,11
/data/DATASETS/ASV_Spoof_2019_LA/ASVspoof2019_LA_eval/flac/LA_E_2079946.flac,11
/data/DATASETS/ASV_Spoof_2019_LA/ASVspoof2019_LA_eval/flac/LA_E_2082282.flac,11
/data/DATASETS/ASV_Spoof_2019_LA/ASVspoof2019_LA_eval/flac/LA_E_2084121.flac,11
/data/DATASETS/ASV_Spoof_2019_LA/ASVspoof2019_LA_eval/flac/LA_E_2085916.flac,11
/data/DATASETS/ASV_Spoof_2019_LA/ASVspoof2019_LA_eval/flac/LA_E_2086811.flac,11
/data/DATASETS/ASV_Spoof_2019_LA/ASVspoof2019_LA_eval/flac/LA_E_2088141.flac,11
/data/DATASETS/ASV_Spoof_2019_LA/ASVspoof2019_LA_eval/flac/LA_E_2089577.flac,11
/data/DATASETS/ASV_Spoof_2019_LA/ASVspoof2019_LA_eval/flac/LA_E_2090856.flac,11
/data/DATASETS/ASV_Spoof_2019_LA/ASVspoof2019_LA_eval/flac/LA_E_2090862.flac,11
/data/DATASETS/ASV_Spoof_2019_LA/ASVspoof2019_LA_eval/flac/LA_E_2091873.flac,11
/data/DATASETS/ASV_Spoof_2019_LA/ASVspoof2019_LA_eval/flac/LA_E_2099791.flac,11
/data/DATASETS/ASV_Spoof_2019_LA/ASVspoof2019_LA_eval/flac/LA_E_2100560.flac,11
/data/DATASETS/ASV_Spoof_2019_LA/ASVspoof2019_LA_eval/flac/LA_E_2106094.flac,11
/data/DATASETS/ASV_Spoof_2019_LA/ASVspoof2019_LA_eval/flac/LA_E_2106999.flac,11
/data/DATASETS/ASV_Spoof_2019_LA/ASVspoof2019_LA_eval/flac/LA_E_2112435.flac,11
/data/DATASETS/ASV_Spoof_2019_LA/ASVspoof2019_LA_eval/flac/LA_E_2113190.flac,11
/data/DATASETS/ASV_Spoof_2019_LA/ASVspoof2019_LA_eval/flac/LA_E_2117725.flac,11
/data/DATASETS/ASV_Spoof_2019_LA/ASVspoof2019_LA_eval/flac/LA_E_2118444.flac,11
/data/DATASETS/ASV_Spoof_2019_LA/ASVspoof2019_LA_eval/flac/LA_E_2119485.flac,11
/data/DATASETS/ASV_Spoof_2019_LA/ASVspoof2019_LA_eval/flac/LA_E_2119714.flac,11
/data/DATASETS/ASV_Spoof_2019_LA/ASVspoof2019_LA_eval/flac/LA_E_2120378.flac,11
/data/DATASETS/ASV_Spoof_2019_LA/ASVspoof2019_LA_eval/flac/LA_E_2120955.flac,11
/data/DATASETS/ASV_Spoof_2019_LA/ASVspoof2019_LA_eval/flac/LA_E_2124344.flac,11
/data/DATASETS/ASV_Spoof_2019_LA/ASVspoof2019_LA_eval/flac/LA_E_2125900.flac,11
/data/DATASETS/ASV_Spoof_2019_LA/ASVspoof2019_LA_eval/flac/LA_E_2127589.flac,11
/data/DATASETS/ASV_Spoof_2019_LA/ASVspoof2019_LA_eval/flac/LA_E_2129979.flac,11
/data/DATASETS/ASV_Spoof_2019_LA/ASVspoof2019_LA_eval/flac/LA_E_2132369.flac,11
/data/DATASETS/ASV_Spoof_2019_LA/ASVspoof2019_LA_eval/flac/LA_E_2133404.flac,11
/data/DATASETS/ASV_Spoof_2019_LA/ASVspoof2019_LA_eval/flac/LA_E_2137584.flac,11
/data/DATASETS/ASV_Spoof_2019_LA/ASVspoof2019_LA_eval/flac/LA_E_2139412.flac,11
/data/DATASETS/ASV_Spoof_2019_LA/ASVspoof2019_LA_eval/flac/LA_E_2140262.flac,11
/data/DATASETS/ASV_Spoof_2019_LA/ASVspoof2019_LA_eval/flac/LA_E_2141716.flac,11
/data/DATASETS/ASV_Spoof_2019_LA/ASVspoof2019_LA_eval/flac/LA_E_2143305.flac,11
/data/DATASETS/ASV_Spoof_2019_LA/ASVspoof2019_LA_eval/flac/LA_E_2146349.flac,11
/data/DATASETS/ASV_Spoof_2019_LA/ASVspoof2019_LA_eval/flac/LA_E_2149848.flac,11
/data/DATASETS/ASV_Spoof_2019_LA/ASVspoof2019_LA_eval/flac/LA_E_2150000.flac,11
/data/DATASETS/ASV_Spoof_2019_LA/ASVspoof2019_LA_eval/flac/LA_E_2152756.flac,11
/data/DATASETS/ASV_Spoof_2019_LA/ASVspoof2019_LA_eval/flac/LA_E_2155296.flac,11
/data/DATASETS/ASV_Spoof_2019_LA/ASVspoof2019_LA_eval/flac/LA_E_2158247.flac,11
/data/DATASETS/ASV_Spoof_2019_LA/ASVspoof2019_LA_eval/flac/LA_E_2165838.flac,11
/data/DATASETS/ASV_Spoof_2019_LA/ASVspoof2019_LA_eval/flac/LA_E_2166425.flac,11
/data/DATASETS/ASV_Spoof_2019_LA/ASVspoof2019_LA_eval/flac/LA_E_2169237.flac,11
/data/DATASETS/ASV_Spoof_2019_LA/ASVspoof2019_LA_eval/flac/LA_E_2170068.flac,11
/data/DATASETS/ASV_Spoof_2019_LA/ASVspoof2019_LA_eval/flac/LA_E_2173811.flac,11
/data/DATASETS/ASV_Spoof_2019_LA/ASVspoof2019_LA_eval/flac/LA_E_2179925.flac,11
/data/DATASETS/ASV_Spoof_2019_LA/ASVspoof2019_LA_eval/flac/LA_E_2184754.flac,11
/data/DATASETS/ASV_Spoof_2019_LA/ASVspoof2019_LA_eval/flac/LA_E_2185982.flac,11
/data/DATASETS/ASV_Spoof_2019_LA/ASVspoof2019_LA_eval/flac/LA_E_2186665.flac,11
/data/DATASETS/ASV_Spoof_2019_LA/ASVspoof2019_LA_eval/flac/LA_E_2188229.flac,11
/data/DATASETS/ASV_Spoof_2019_LA/ASVspoof2019_LA_eval/flac/LA_E_2190282.flac,11
/data/DATASETS/ASV_Spoof_2019_LA/ASVspoof2019_LA_eval/flac/LA_E_2190947.flac,11
/data/DATASETS/ASV_Spoof_2019_LA/ASVspoof2019_LA_eval/flac/LA_E_2193572.flac,11
/data/DATASETS/ASV_Spoof_2019_LA/ASVspoof2019_LA_eval/flac/LA_E_2196634.flac,11
/data/DATASETS/ASV_Spoof_2019_LA/ASVspoof2019_LA_eval/flac/LA_E_2197816.flac,11
/data/DATASETS/ASV_Spoof_2019_LA/ASVspoof2019_LA_eval/flac/LA_E_2197900.flac,11
/data/DATASETS/ASV_Spoof_2019_LA/ASVspoof2019_LA_eval/flac/LA_E_2198138.flac,11
/data/DATASETS/ASV_Spoof_2019_LA/ASVspoof2019_LA_eval/flac/LA_E_2198157.flac,11
/data/DATASETS/ASV_Spoof_2019_LA/ASVspoof2019_LA_eval/flac/LA_E_2203511.flac,11
/data/DATASETS/ASV_Spoof_2019_LA/ASVspoof2019_LA_eval/flac/LA_E_2204018.flac,11
/data/DATASETS/ASV_Spoof_2019_LA/ASVspoof2019_LA_eval/flac/LA_E_2208482.flac,11
/data/DATASETS/ASV_Spoof_2019_LA/ASVspoof2019_LA_eval/flac/LA_E_2210115.flac,11
/data/DATASETS/ASV_Spoof_2019_LA/ASVspoof2019_LA_eval/flac/LA_E_2212305.flac,11
/data/DATASETS/ASV_Spoof_2019_LA/ASVspoof2019_LA_eval/flac/LA_E_2213613.flac,11
/data/DATASETS/ASV_Spoof_2019_LA/ASVspoof2019_LA_eval/flac/LA_E_2214704.flac,11
/data/DATASETS/ASV_Spoof_2019_LA/ASVspoof2019_LA_eval/flac/LA_E_2218370.flac,11
/data/DATASETS/ASV_Spoof_2019_LA/ASVspoof2019_LA_eval/flac/LA_E_2218552.flac,11
/data/DATASETS/ASV_Spoof_2019_LA/ASVspoof2019_LA_eval/flac/LA_E_2220077.flac,11
/data/DATASETS/ASV_Spoof_2019_LA/ASVspoof2019_LA_eval/flac/LA_E_2220193.flac,11
/data/DATASETS/ASV_Spoof_2019_LA/ASVspoof2019_LA_eval/flac/LA_E_2220846.flac,11
/data/DATASETS/ASV_Spoof_2019_LA/ASVspoof2019_LA_eval/flac/LA_E_2221766.flac,11
/data/DATASETS/ASV_Spoof_2019_LA/ASVspoof2019_LA_eval/flac/LA_E_2224231.flac,11
/data/DATASETS/ASV_Spoof_2019_LA/ASVspoof2019_LA_eval/flac/LA_E_2230649.flac,11
/data/DATASETS/ASV_Spoof_2019_LA/ASVspoof2019_LA_eval/flac/LA_E_2231308.flac,11
/data/DATASETS/ASV_Spoof_2019_LA/ASVspoof2019_LA_eval/flac/LA_E_2232614.flac,11
/data/DATASETS/ASV_Spoof_2019_LA/ASVspoof2019_LA_eval/flac/LA_E_2232681.flac,11
/data/DATASETS/ASV_Spoof_2019_LA/ASVspoof2019_LA_eval/flac/LA_E_2234698.flac,11
/data/DATASETS/ASV_Spoof_2019_LA/ASVspoof2019_LA_eval/flac/LA_E_2236101.flac,11
/data/DATASETS/ASV_Spoof_2019_LA/ASVspoof2019_LA_eval/flac/LA_E_2236276.flac,11
/data/DATASETS/ASV_Spoof_2019_LA/ASVspoof2019_LA_eval/flac/LA_E_2237408.flac,11
/data/DATASETS/ASV_Spoof_2019_LA/ASVspoof2019_LA_eval/flac/LA_E_2238657.flac,11
/data/DATASETS/ASV_Spoof_2019_LA/ASVspoof2019_LA_eval/flac/LA_E_2240820.flac,11
/data/DATASETS/ASV_Spoof_2019_LA/ASVspoof2019_LA_eval/flac/LA_E_2243444.flac,11
/data/DATASETS/ASV_Spoof_2019_LA/ASVspoof2019_LA_eval/flac/LA_E_2244144.flac,11
/data/DATASETS/ASV_Spoof_2019_LA/ASVspoof2019_LA_eval/flac/LA_E_2246242.flac,11
/data/DATASETS/ASV_Spoof_2019_LA/ASVspoof2019_LA_eval/flac/LA_E_2248932.flac,11
/data/DATASETS/ASV_Spoof_2019_LA/ASVspoof2019_LA_eval/flac/LA_E_2252611.flac,11
/data/DATASETS/ASV_Spoof_2019_LA/ASVspoof2019_LA_eval/flac/LA_E_2254443.flac,11
/data/DATASETS/ASV_Spoof_2019_LA/ASVspoof2019_LA_eval/flac/LA_E_2256196.flac,11
/data/DATASETS/ASV_Spoof_2019_LA/ASVspoof2019_LA_eval/flac/LA_E_2259120.flac,11
/data/DATASETS/ASV_Spoof_2019_LA/ASVspoof2019_LA_eval/flac/LA_E_2259629.flac,11
/data/DATASETS/ASV_Spoof_2019_LA/ASVspoof2019_LA_eval/flac/LA_E_2263697.flac,11
/data/DATASETS/ASV_Spoof_2019_LA/ASVspoof2019_LA_eval/flac/LA_E_2263968.flac,11
/data/DATASETS/ASV_Spoof_2019_LA/ASVspoof2019_LA_eval/flac/LA_E_2264664.flac,11
/data/DATASETS/ASV_Spoof_2019_LA/ASVspoof2019_LA_eval/flac/LA_E_2266853.flac,11
/data/DATASETS/ASV_Spoof_2019_LA/ASVspoof2019_LA_eval/flac/LA_E_2268166.flac,11
/data/DATASETS/ASV_Spoof_2019_LA/ASVspoof2019_LA_eval/flac/LA_E_2268417.flac,11
/data/DATASETS/ASV_Spoof_2019_LA/ASVspoof2019_LA_eval/flac/LA_E_2268548.flac,11
/data/DATASETS/ASV_Spoof_2019_LA/ASVspoof2019_LA_eval/flac/LA_E_2268768.flac,11
/data/DATASETS/ASV_Spoof_2019_LA/ASVspoof2019_LA_eval/flac/LA_E_2269615.flac,11
/data/DATASETS/ASV_Spoof_2019_LA/ASVspoof2019_LA_eval/flac/LA_E_2270919.flac,11
/data/DATASETS/ASV_Spoof_2019_LA/ASVspoof2019_LA_eval/flac/LA_E_2274480.flac,11
/data/DATASETS/ASV_Spoof_2019_LA/ASVspoof2019_LA_eval/flac/LA_E_2277094.flac,11
/data/DATASETS/ASV_Spoof_2019_LA/ASVspoof2019_LA_eval/flac/LA_E_2278532.flac,11
/data/DATASETS/ASV_Spoof_2019_LA/ASVspoof2019_LA_eval/flac/LA_E_2279091.flac,11
/data/DATASETS/ASV_Spoof_2019_LA/ASVspoof2019_LA_eval/flac/LA_E_2279261.flac,11
/data/DATASETS/ASV_Spoof_2019_LA/ASVspoof2019_LA_eval/flac/LA_E_2281942.flac,11
/data/DATASETS/ASV_Spoof_2019_LA/ASVspoof2019_LA_eval/flac/LA_E_2282287.flac,11
/data/DATASETS/ASV_Spoof_2019_LA/ASVspoof2019_LA_eval/flac/LA_E_2282515.flac,11
/data/DATASETS/ASV_Spoof_2019_LA/ASVspoof2019_LA_eval/flac/LA_E_2283771.flac,11
/data/DATASETS/ASV_Spoof_2019_LA/ASVspoof2019_LA_eval/flac/LA_E_2284386.flac,11
/data/DATASETS/ASV_Spoof_2019_LA/ASVspoof2019_LA_eval/flac/LA_E_2285119.flac,11
/data/DATASETS/ASV_Spoof_2019_LA/ASVspoof2019_LA_eval/flac/LA_E_2287398.flac,11
/data/DATASETS/ASV_Spoof_2019_LA/ASVspoof2019_LA_eval/flac/LA_E_2287903.flac,11
/data/DATASETS/ASV_Spoof_2019_LA/ASVspoof2019_LA_eval/flac/LA_E_2290155.flac,11
/data/DATASETS/ASV_Spoof_2019_LA/ASVspoof2019_LA_eval/flac/LA_E_2291316.flac,11
/data/DATASETS/ASV_Spoof_2019_LA/ASVspoof2019_LA_eval/flac/LA_E_2293469.flac,11
/data/DATASETS/ASV_Spoof_2019_LA/ASVspoof2019_LA_eval/flac/LA_E_2293653.flac,11
/data/DATASETS/ASV_Spoof_2019_LA/ASVspoof2019_LA_eval/flac/LA_E_2294468.flac,11
/data/DATASETS/ASV_Spoof_2019_LA/ASVspoof2019_LA_eval/flac/LA_E_2294794.flac,11
/data/DATASETS/ASV_Spoof_2019_LA/ASVspoof2019_LA_eval/flac/LA_E_2295063.flac,11
/data/DATASETS/ASV_Spoof_2019_LA/ASVspoof2019_LA_eval/flac/LA_E_2300681.flac,11
/data/DATASETS/ASV_Spoof_2019_LA/ASVspoof2019_LA_eval/flac/LA_E_2302170.flac,11
/data/DATASETS/ASV_Spoof_2019_LA/ASVspoof2019_LA_eval/flac/LA_E_2304660.flac,11
/data/DATASETS/ASV_Spoof_2019_LA/ASVspoof2019_LA_eval/flac/LA_E_2307750.flac,11
/data/DATASETS/ASV_Spoof_2019_LA/ASVspoof2019_LA_eval/flac/LA_E_2309994.flac,11
/data/DATASETS/ASV_Spoof_2019_LA/ASVspoof2019_LA_eval/flac/LA_E_2310119.flac,11
/data/DATASETS/ASV_Spoof_2019_LA/ASVspoof2019_LA_eval/flac/LA_E_2310237.flac,11
/data/DATASETS/ASV_Spoof_2019_LA/ASVspoof2019_LA_eval/flac/LA_E_2311380.flac,11
/data/DATASETS/ASV_Spoof_2019_LA/ASVspoof2019_LA_eval/flac/LA_E_2311537.flac,11
/data/DATASETS/ASV_Spoof_2019_LA/ASVspoof2019_LA_eval/flac/LA_E_2311690.flac,11
/data/DATASETS/ASV_Spoof_2019_LA/ASVspoof2019_LA_eval/flac/LA_E_2314604.flac,11
/data/DATASETS/ASV_Spoof_2019_LA/ASVspoof2019_LA_eval/flac/LA_E_2316902.flac,11
/data/DATASETS/ASV_Spoof_2019_LA/ASVspoof2019_LA_eval/flac/LA_E_2317635.flac,11
/data/DATASETS/ASV_Spoof_2019_LA/ASVspoof2019_LA_eval/flac/LA_E_2318863.flac,11
/data/DATASETS/ASV_Spoof_2019_LA/ASVspoof2019_LA_eval/flac/LA_E_2320065.flac,11
/data/DATASETS/ASV_Spoof_2019_LA/ASVspoof2019_LA_eval/flac/LA_E_2321372.flac,11
/data/DATASETS/ASV_Spoof_2019_LA/ASVspoof2019_LA_eval/flac/LA_E_2321386.flac,11
/data/DATASETS/ASV_Spoof_2019_LA/ASVspoof2019_LA_eval/flac/LA_E_2322268.flac,11
/data/DATASETS/ASV_Spoof_2019_LA/ASVspoof2019_LA_eval/flac/LA_E_2329534.flac,11
/data/DATASETS/ASV_Spoof_2019_LA/ASVspoof2019_LA_eval/flac/LA_E_2330372.flac,11
/data/DATASETS/ASV_Spoof_2019_LA/ASVspoof2019_LA_eval/flac/LA_E_2334202.flac,11
/data/DATASETS/ASV_Spoof_2019_LA/ASVspoof2019_LA_eval/flac/LA_E_2334745.flac,11
/data/DATASETS/ASV_Spoof_2019_LA/ASVspoof2019_LA_eval/flac/LA_E_2334861.flac,11
/data/DATASETS/ASV_Spoof_2019_LA/ASVspoof2019_LA_eval/flac/LA_E_2335851.flac,11
/data/DATASETS/ASV_Spoof_2019_LA/ASVspoof2019_LA_eval/flac/LA_E_2337068.flac,11
/data/DATASETS/ASV_Spoof_2019_LA/ASVspoof2019_LA_eval/flac/LA_E_2338170.flac,11
/data/DATASETS/ASV_Spoof_2019_LA/ASVspoof2019_LA_eval/flac/LA_E_2339872.flac,11
/data/DATASETS/ASV_Spoof_2019_LA/ASVspoof2019_LA_eval/flac/LA_E_2340283.flac,11
/data/DATASETS/ASV_Spoof_2019_LA/ASVspoof2019_LA_eval/flac/LA_E_2341110.flac,11
/data/DATASETS/ASV_Spoof_2019_LA/ASVspoof2019_LA_eval/flac/LA_E_2341203.flac,11
/data/DATASETS/ASV_Spoof_2019_LA/ASVspoof2019_LA_eval/flac/LA_E_2341722.flac,11
/data/DATASETS/ASV_Spoof_2019_LA/ASVspoof2019_LA_eval/flac/LA_E_2342046.flac,11
/data/DATASETS/ASV_Spoof_2019_LA/ASVspoof2019_LA_eval/flac/LA_E_2342346.flac,11
/data/DATASETS/ASV_Spoof_2019_LA/ASVspoof2019_LA_eval/flac/LA_E_2343295.flac,11
/data/DATASETS/ASV_Spoof_2019_LA/ASVspoof2019_LA_eval/flac/LA_E_2344590.flac,11
/data/DATASETS/ASV_Spoof_2019_LA/ASVspoof2019_LA_eval/flac/LA_E_2344872.flac,11
/data/DATASETS/ASV_Spoof_2019_LA/ASVspoof2019_LA_eval/flac/LA_E_2346896.flac,11
/data/DATASETS/ASV_Spoof_2019_LA/ASVspoof2019_LA_eval/flac/LA_E_2348232.flac,11
/data/DATASETS/ASV_Spoof_2019_LA/ASVspoof2019_LA_eval/flac/LA_E_2350914.flac,11
/data/DATASETS/ASV_Spoof_2019_LA/ASVspoof2019_LA_eval/flac/LA_E_2352460.flac,11
/data/DATASETS/ASV_Spoof_2019_LA/ASVspoof2019_LA_eval/flac/LA_E_2355752.flac,11
/data/DATASETS/ASV_Spoof_2019_LA/ASVspoof2019_LA_eval/flac/LA_E_2359620.flac,11
/data/DATASETS/ASV_Spoof_2019_LA/ASVspoof2019_LA_eval/flac/LA_E_2364471.flac,11
/data/DATASETS/ASV_Spoof_2019_LA/ASVspoof2019_LA_eval/flac/LA_E_2364655.flac,11
/data/DATASETS/ASV_Spoof_2019_LA/ASVspoof2019_LA_eval/flac/LA_E_2365034.flac,11
/data/DATASETS/ASV_Spoof_2019_LA/ASVspoof2019_LA_eval/flac/LA_E_2365527.flac,11
/data/DATASETS/ASV_Spoof_2019_LA/ASVspoof2019_LA_eval/flac/LA_E_2366197.flac,11
/data/DATASETS/ASV_Spoof_2019_LA/ASVspoof2019_LA_eval/flac/LA_E_2367733.flac,11
/data/DATASETS/ASV_Spoof_2019_LA/ASVspoof2019_LA_eval/flac/LA_E_2368134.flac,11
/data/DATASETS/ASV_Spoof_2019_LA/ASVspoof2019_LA_eval/flac/LA_E_2368357.flac,11
/data/DATASETS/ASV_Spoof_2019_LA/ASVspoof2019_LA_eval/flac/LA_E_2375922.flac,11
/data/DATASETS/ASV_Spoof_2019_LA/ASVspoof2019_LA_eval/flac/LA_E_2382435.flac,11
/data/DATASETS/ASV_Spoof_2019_LA/ASVspoof2019_LA_eval/flac/LA_E_2382536.flac,11
/data/DATASETS/ASV_Spoof_2019_LA/ASVspoof2019_LA_eval/flac/LA_E_2385560.flac,11
/data/DATASETS/ASV_Spoof_2019_LA/ASVspoof2019_LA_eval/flac/LA_E_2388210.flac,11
/data/DATASETS/ASV_Spoof_2019_LA/ASVspoof2019_LA_eval/flac/LA_E_2389978.flac,11
/data/DATASETS/ASV_Spoof_2019_LA/ASVspoof2019_LA_eval/flac/LA_E_2390916.flac,11
/data/DATASETS/ASV_Spoof_2019_LA/ASVspoof2019_LA_eval/flac/LA_E_2394177.flac,11
/data/DATASETS/ASV_Spoof_2019_LA/ASVspoof2019_LA_eval/flac/LA_E_2404577.flac,11
/data/DATASETS/ASV_Spoof_2019_LA/ASVspoof2019_LA_eval/flac/LA_E_2409445.flac,11
/data/DATASETS/ASV_Spoof_2019_LA/ASVspoof2019_LA_eval/flac/LA_E_2412476.flac,11
/data/DATASETS/ASV_Spoof_2019_LA/ASVspoof2019_LA_eval/flac/LA_E_2413927.flac,11
/data/DATASETS/ASV_Spoof_2019_LA/ASVspoof2019_LA_eval/flac/LA_E_2417161.flac,11
/data/DATASETS/ASV_Spoof_2019_LA/ASVspoof2019_LA_eval/flac/LA_E_2417277.flac,11
/data/DATASETS/ASV_Spoof_2019_LA/ASVspoof2019_LA_eval/flac/LA_E_2419796.flac,11
/data/DATASETS/ASV_Spoof_2019_LA/ASVspoof2019_LA_eval/flac/LA_E_2421680.flac,11
/data/DATASETS/ASV_Spoof_2019_LA/ASVspoof2019_LA_eval/flac/LA_E_2421785.flac,11
/data/DATASETS/ASV_Spoof_2019_LA/ASVspoof2019_LA_eval/flac/LA_E_2423208.flac,11
/data/DATASETS/ASV_Spoof_2019_LA/ASVspoof2019_LA_eval/flac/LA_E_2428905.flac,11
/data/DATASETS/ASV_Spoof_2019_LA/ASVspoof2019_LA_eval/flac/LA_E_2431488.flac,11
/data/DATASETS/ASV_Spoof_2019_LA/ASVspoof2019_LA_eval/flac/LA_E_2431877.flac,11
/data/DATASETS/ASV_Spoof_2019_LA/ASVspoof2019_LA_eval/flac/LA_E_2434057.flac,11
/data/DATASETS/ASV_Spoof_2019_LA/ASVspoof2019_LA_eval/flac/LA_E_2435984.flac,11
/data/DATASETS/ASV_Spoof_2019_LA/ASVspoof2019_LA_eval/flac/LA_E_2440349.flac,11
/data/DATASETS/ASV_Spoof_2019_LA/ASVspoof2019_LA_eval/flac/LA_E_2442353.flac,11
/data/DATASETS/ASV_Spoof_2019_LA/ASVspoof2019_LA_eval/flac/LA_E_2444335.flac,11
/data/DATASETS/ASV_Spoof_2019_LA/ASVspoof2019_LA_eval/flac/LA_E_2444586.flac,11
/data/DATASETS/ASV_Spoof_2019_LA/ASVspoof2019_LA_eval/flac/LA_E_2444993.flac,11
/data/DATASETS/ASV_Spoof_2019_LA/ASVspoof2019_LA_eval/flac/LA_E_2446307.flac,11
/data/DATASETS/ASV_Spoof_2019_LA/ASVspoof2019_LA_eval/flac/LA_E_2446918.flac,11
/data/DATASETS/ASV_Spoof_2019_LA/ASVspoof2019_LA_eval/flac/LA_E_2447162.flac,11
/data/DATASETS/ASV_Spoof_2019_LA/ASVspoof2019_LA_eval/flac/LA_E_2454113.flac,11
/data/DATASETS/ASV_Spoof_2019_LA/ASVspoof2019_LA_eval/flac/LA_E_2454306.flac,11
/data/DATASETS/ASV_Spoof_2019_LA/ASVspoof2019_LA_eval/flac/LA_E_2459849.flac,11
/data/DATASETS/ASV_Spoof_2019_LA/ASVspoof2019_LA_eval/flac/LA_E_2460052.flac,11
/data/DATASETS/ASV_Spoof_2019_LA/ASVspoof2019_LA_eval/flac/LA_E_2465234.flac,11
/data/DATASETS/ASV_Spoof_2019_LA/ASVspoof2019_LA_eval/flac/LA_E_2466242.flac,11
/data/DATASETS/ASV_Spoof_2019_LA/ASVspoof2019_LA_eval/flac/LA_E_2472485.flac,11
/data/DATASETS/ASV_Spoof_2019_LA/ASVspoof2019_LA_eval/flac/LA_E_2474214.flac,11
/data/DATASETS/ASV_Spoof_2019_LA/ASVspoof2019_LA_eval/flac/LA_E_2475746.flac,11
/data/DATASETS/ASV_Spoof_2019_LA/ASVspoof2019_LA_eval/flac/LA_E_2476587.flac,11
/data/DATASETS/ASV_Spoof_2019_LA/ASVspoof2019_LA_eval/flac/LA_E_2479682.flac,11
/data/DATASETS/ASV_Spoof_2019_LA/ASVspoof2019_LA_eval/flac/LA_E_2481497.flac,11
/data/DATASETS/ASV_Spoof_2019_LA/ASVspoof2019_LA_eval/flac/LA_E_2481791.flac,11
/data/DATASETS/ASV_Spoof_2019_LA/ASVspoof2019_LA_eval/flac/LA_E_2482109.flac,11
/data/DATASETS/ASV_Spoof_2019_LA/ASVspoof2019_LA_eval/flac/LA_E_2487288.flac,11
/data/DATASETS/ASV_Spoof_2019_LA/ASVspoof2019_LA_eval/flac/LA_E_2498658.flac,11
/data/DATASETS/ASV_Spoof_2019_LA/ASVspoof2019_LA_eval/flac/LA_E_2499097.flac,11
/data/DATASETS/ASV_Spoof_2019_LA/ASVspoof2019_LA_eval/flac/LA_E_2499452.flac,11
/data/DATASETS/ASV_Spoof_2019_LA/ASVspoof2019_LA_eval/flac/LA_E_2502212.flac,11
/data/DATASETS/ASV_Spoof_2019_LA/ASVspoof2019_LA_eval/flac/LA_E_2504672.flac,11
/data/DATASETS/ASV_Spoof_2019_LA/ASVspoof2019_LA_eval/flac/LA_E_2506848.flac,11
/data/DATASETS/ASV_Spoof_2019_LA/ASVspoof2019_LA_eval/flac/LA_E_2509790.flac,11
/data/DATASETS/ASV_Spoof_2019_LA/ASVspoof2019_LA_eval/flac/LA_E_2513455.flac,11
/data/DATASETS/ASV_Spoof_2019_LA/ASVspoof2019_LA_eval/flac/LA_E_2513755.flac,11
/data/DATASETS/ASV_Spoof_2019_LA/ASVspoof2019_LA_eval/flac/LA_E_2518212.flac,11
/data/DATASETS/ASV_Spoof_2019_LA/ASVspoof2019_LA_eval/flac/LA_E_2518931.flac,11
/data/DATASETS/ASV_Spoof_2019_LA/ASVspoof2019_LA_eval/flac/LA_E_2519354.flac,11
/data/DATASETS/ASV_Spoof_2019_LA/ASVspoof2019_LA_eval/flac/LA_E_2519833.flac,11
/data/DATASETS/ASV_Spoof_2019_LA/ASVspoof2019_LA_eval/flac/LA_E_2521712.flac,11
/data/DATASETS/ASV_Spoof_2019_LA/ASVspoof2019_LA_eval/flac/LA_E_2524456.flac,11
/data/DATASETS/ASV_Spoof_2019_LA/ASVspoof2019_LA_eval/flac/LA_E_2526009.flac,11
/data/DATASETS/ASV_Spoof_2019_LA/ASVspoof2019_LA_eval/flac/LA_E_2526335.flac,11
/data/DATASETS/ASV_Spoof_2019_LA/ASVspoof2019_LA_eval/flac/LA_E_2526648.flac,11
/data/DATASETS/ASV_Spoof_2019_LA/ASVspoof2019_LA_eval/flac/LA_E_2530168.flac,11
/data/DATASETS/ASV_Spoof_2019_LA/ASVspoof2019_LA_eval/flac/LA_E_2530721.flac,11
/data/DATASETS/ASV_Spoof_2019_LA/ASVspoof2019_LA_eval/flac/LA_E_2532152.flac,11
/data/DATASETS/ASV_Spoof_2019_LA/ASVspoof2019_LA_eval/flac/LA_E_2534333.flac,11
/data/DATASETS/ASV_Spoof_2019_LA/ASVspoof2019_LA_eval/flac/LA_E_2535925.flac,11
/data/DATASETS/ASV_Spoof_2019_LA/ASVspoof2019_LA_eval/flac/LA_E_2538735.flac,11
/data/DATASETS/ASV_Spoof_2019_LA/ASVspoof2019_LA_eval/flac/LA_E_2539651.flac,11
/data/DATASETS/ASV_Spoof_2019_LA/ASVspoof2019_LA_eval/flac/LA_E_2540552.flac,11
/data/DATASETS/ASV_Spoof_2019_LA/ASVspoof2019_LA_eval/flac/LA_E_2540561.flac,11
/data/DATASETS/ASV_Spoof_2019_LA/ASVspoof2019_LA_eval/flac/LA_E_2542720.flac,11
/data/DATASETS/ASV_Spoof_2019_LA/ASVspoof2019_LA_eval/flac/LA_E_2544502.flac,11
/data/DATASETS/ASV_Spoof_2019_LA/ASVspoof2019_LA_eval/flac/LA_E_2544706.flac,11
/data/DATASETS/ASV_Spoof_2019_LA/ASVspoof2019_LA_eval/flac/LA_E_2546687.flac,11
/data/DATASETS/ASV_Spoof_2019_LA/ASVspoof2019_LA_eval/flac/LA_E_2547790.flac,11
/data/DATASETS/ASV_Spoof_2019_LA/ASVspoof2019_LA_eval/flac/LA_E_2548498.flac,11
/data/DATASETS/ASV_Spoof_2019_LA/ASVspoof2019_LA_eval/flac/LA_E_2549043.flac,11
/data/DATASETS/ASV_Spoof_2019_LA/ASVspoof2019_LA_eval/flac/LA_E_2551612.flac,11
/data/DATASETS/ASV_Spoof_2019_LA/ASVspoof2019_LA_eval/flac/LA_E_2552924.flac,11
/data/DATASETS/ASV_Spoof_2019_LA/ASVspoof2019_LA_eval/flac/LA_E_2553603.flac,11
/data/DATASETS/ASV_Spoof_2019_LA/ASVspoof2019_LA_eval/flac/LA_E_2554762.flac,11
/data/DATASETS/ASV_Spoof_2019_LA/ASVspoof2019_LA_eval/flac/LA_E_2556663.flac,11
/data/DATASETS/ASV_Spoof_2019_LA/ASVspoof2019_LA_eval/flac/LA_E_2557147.flac,11
/data/DATASETS/ASV_Spoof_2019_LA/ASVspoof2019_LA_eval/flac/LA_E_2557554.flac,11
/data/DATASETS/ASV_Spoof_2019_LA/ASVspoof2019_LA_eval/flac/LA_E_2559830.flac,11
/data/DATASETS/ASV_Spoof_2019_LA/ASVspoof2019_LA_eval/flac/LA_E_2560692.flac,11
/data/DATASETS/ASV_Spoof_2019_LA/ASVspoof2019_LA_eval/flac/LA_E_2560833.flac,11
/data/DATASETS/ASV_Spoof_2019_LA/ASVspoof2019_LA_eval/flac/LA_E_2561230.flac,11
/data/DATASETS/ASV_Spoof_2019_LA/ASVspoof2019_LA_eval/flac/LA_E_2565402.flac,11
/data/DATASETS/ASV_Spoof_2019_LA/ASVspoof2019_LA_eval/flac/LA_E_2566519.flac,11
/data/DATASETS/ASV_Spoof_2019_LA/ASVspoof2019_LA_eval/flac/LA_E_2567651.flac,11
/data/DATASETS/ASV_Spoof_2019_LA/ASVspoof2019_LA_eval/flac/LA_E_2568257.flac,11
/data/DATASETS/ASV_Spoof_2019_LA/ASVspoof2019_LA_eval/flac/LA_E_2568987.flac,11
/data/DATASETS/ASV_Spoof_2019_LA/ASVspoof2019_LA_eval/flac/LA_E_2569165.flac,11
/data/DATASETS/ASV_Spoof_2019_LA/ASVspoof2019_LA_eval/flac/LA_E_2569547.flac,11
/data/DATASETS/ASV_Spoof_2019_LA/ASVspoof2019_LA_eval/flac/LA_E_2569893.flac,11
/data/DATASETS/ASV_Spoof_2019_LA/ASVspoof2019_LA_eval/flac/LA_E_2572124.flac,11
/data/DATASETS/ASV_Spoof_2019_LA/ASVspoof2019_LA_eval/flac/LA_E_2573457.flac,11
/data/DATASETS/ASV_Spoof_2019_LA/ASVspoof2019_LA_eval/flac/LA_E_2575300.flac,11
/data/DATASETS/ASV_Spoof_2019_LA/ASVspoof2019_LA_eval/flac/LA_E_2576299.flac,11
/data/DATASETS/ASV_Spoof_2019_LA/ASVspoof2019_LA_eval/flac/LA_E_2577160.flac,11
/data/DATASETS/ASV_Spoof_2019_LA/ASVspoof2019_LA_eval/flac/LA_E_2581291.flac,11
/data/DATASETS/ASV_Spoof_2019_LA/ASVspoof2019_LA_eval/flac/LA_E_2581343.flac,11
/data/DATASETS/ASV_Spoof_2019_LA/ASVspoof2019_LA_eval/flac/LA_E_2581628.flac,11
/data/DATASETS/ASV_Spoof_2019_LA/ASVspoof2019_LA_eval/flac/LA_E_2581797.flac,11
/data/DATASETS/ASV_Spoof_2019_LA/ASVspoof2019_LA_eval/flac/LA_E_2582800.flac,11
/data/DATASETS/ASV_Spoof_2019_LA/ASVspoof2019_LA_eval/flac/LA_E_2583118.flac,11
/data/DATASETS/ASV_Spoof_2019_LA/ASVspoof2019_LA_eval/flac/LA_E_2584573.flac,11
/data/DATASETS/ASV_Spoof_2019_LA/ASVspoof2019_LA_eval/flac/LA_E_2584625.flac,11
/data/DATASETS/ASV_Spoof_2019_LA/ASVspoof2019_LA_eval/flac/LA_E_2587668.flac,11
/data/DATASETS/ASV_Spoof_2019_LA/ASVspoof2019_LA_eval/flac/LA_E_2590536.flac,11
/data/DATASETS/ASV_Spoof_2019_LA/ASVspoof2019_LA_eval/flac/LA_E_2591545.flac,11
/data/DATASETS/ASV_Spoof_2019_LA/ASVspoof2019_LA_eval/flac/LA_E_2592387.flac,11
/data/DATASETS/ASV_Spoof_2019_LA/ASVspoof2019_LA_eval/flac/LA_E_2595198.flac,11
/data/DATASETS/ASV_Spoof_2019_LA/ASVspoof2019_LA_eval/flac/LA_E_2599265.flac,11
/data/DATASETS/ASV_Spoof_2019_LA/ASVspoof2019_LA_eval/flac/LA_E_2600820.flac,11
/data/DATASETS/ASV_Spoof_2019_LA/ASVspoof2019_LA_eval/flac/LA_E_2603610.flac,11
/data/DATASETS/ASV_Spoof_2019_LA/ASVspoof2019_LA_eval/flac/LA_E_2603753.flac,11
/data/DATASETS/ASV_Spoof_2019_LA/ASVspoof2019_LA_eval/flac/LA_E_2606955.flac,11
/data/DATASETS/ASV_Spoof_2019_LA/ASVspoof2019_LA_eval/flac/LA_E_2608310.flac,11
/data/DATASETS/ASV_Spoof_2019_LA/ASVspoof2019_LA_eval/flac/LA_E_2611056.flac,11
/data/DATASETS/ASV_Spoof_2019_LA/ASVspoof2019_LA_eval/flac/LA_E_2612214.flac,11
/data/DATASETS/ASV_Spoof_2019_LA/ASVspoof2019_LA_eval/flac/LA_E_2612795.flac,11
/data/DATASETS/ASV_Spoof_2019_LA/ASVspoof2019_LA_eval/flac/LA_E_2620642.flac,11
/data/DATASETS/ASV_Spoof_2019_LA/ASVspoof2019_LA_eval/flac/LA_E_2624758.flac,11
/data/DATASETS/ASV_Spoof_2019_LA/ASVspoof2019_LA_eval/flac/LA_E_2626220.flac,11
/data/DATASETS/ASV_Spoof_2019_LA/ASVspoof2019_LA_eval/flac/LA_E_2626334.flac,11
/data/DATASETS/ASV_Spoof_2019_LA/ASVspoof2019_LA_eval/flac/LA_E_2634702.flac,11
/data/DATASETS/ASV_Spoof_2019_LA/ASVspoof2019_LA_eval/flac/LA_E_2635165.flac,11
/data/DATASETS/ASV_Spoof_2019_LA/ASVspoof2019_LA_eval/flac/LA_E_2643898.flac,11
/data/DATASETS/ASV_Spoof_2019_LA/ASVspoof2019_LA_eval/flac/LA_E_2646441.flac,11
/data/DATASETS/ASV_Spoof_2019_LA/ASVspoof2019_LA_eval/flac/LA_E_2651818.flac,11
/data/DATASETS/ASV_Spoof_2019_LA/ASVspoof2019_LA_eval/flac/LA_E_2652576.flac,11
/data/DATASETS/ASV_Spoof_2019_LA/ASVspoof2019_LA_eval/flac/LA_E_2653448.flac,11
/data/DATASETS/ASV_Spoof_2019_LA/ASVspoof2019_LA_eval/flac/LA_E_2654072.flac,11
/data/DATASETS/ASV_Spoof_2019_LA/ASVspoof2019_LA_eval/flac/LA_E_2655432.flac,11
/data/DATASETS/ASV_Spoof_2019_LA/ASVspoof2019_LA_eval/flac/LA_E_2658595.flac,11
/data/DATASETS/ASV_Spoof_2019_LA/ASVspoof2019_LA_eval/flac/LA_E_2661837.flac,11
/data/DATASETS/ASV_Spoof_2019_LA/ASVspoof2019_LA_eval/flac/LA_E_2667785.flac,11
/data/DATASETS/ASV_Spoof_2019_LA/ASVspoof2019_LA_eval/flac/LA_E_2667900.flac,11
/data/DATASETS/ASV_Spoof_2019_LA/ASVspoof2019_LA_eval/flac/LA_E_2668123.flac,11
/data/DATASETS/ASV_Spoof_2019_LA/ASVspoof2019_LA_eval/flac/LA_E_2668352.flac,11
/data/DATASETS/ASV_Spoof_2019_LA/ASVspoof2019_LA_eval/flac/LA_E_2674323.flac,11
/data/DATASETS/ASV_Spoof_2019_LA/ASVspoof2019_LA_eval/flac/LA_E_2678270.flac,11
/data/DATASETS/ASV_Spoof_2019_LA/ASVspoof2019_LA_eval/flac/LA_E_2680638.flac,11
/data/DATASETS/ASV_Spoof_2019_LA/ASVspoof2019_LA_eval/flac/LA_E_2682094.flac,11
/data/DATASETS/ASV_Spoof_2019_LA/ASVspoof2019_LA_eval/flac/LA_E_2685930.flac,11
/data/DATASETS/ASV_Spoof_2019_LA/ASVspoof2019_LA_eval/flac/LA_E_2686645.flac,11
/data/DATASETS/ASV_Spoof_2019_LA/ASVspoof2019_LA_eval/flac/LA_E_2688086.flac,11
/data/DATASETS/ASV_Spoof_2019_LA/ASVspoof2019_LA_eval/flac/LA_E_2692299.flac,11
/data/DATASETS/ASV_Spoof_2019_LA/ASVspoof2019_LA_eval/flac/LA_E_2692585.flac,11
/data/DATASETS/ASV_Spoof_2019_LA/ASVspoof2019_LA_eval/flac/LA_E_2693407.flac,11
/data/DATASETS/ASV_Spoof_2019_LA/ASVspoof2019_LA_eval/flac/LA_E_2693905.flac,11
/data/DATASETS/ASV_Spoof_2019_LA/ASVspoof2019_LA_eval/flac/LA_E_2694450.flac,11
/data/DATASETS/ASV_Spoof_2019_LA/ASVspoof2019_LA_eval/flac/LA_E_2696168.flac,11
/data/DATASETS/ASV_Spoof_2019_LA/ASVspoof2019_LA_eval/flac/LA_E_2698072.flac,11
/data/DATASETS/ASV_Spoof_2019_LA/ASVspoof2019_LA_eval/flac/LA_E_2701162.flac,11
/data/DATASETS/ASV_Spoof_2019_LA/ASVspoof2019_LA_eval/flac/LA_E_2701987.flac,11
/data/DATASETS/ASV_Spoof_2019_LA/ASVspoof2019_LA_eval/flac/LA_E_2707975.flac,11
/data/DATASETS/ASV_Spoof_2019_LA/ASVspoof2019_LA_eval/flac/LA_E_2708995.flac,11
/data/DATASETS/ASV_Spoof_2019_LA/ASVspoof2019_LA_eval/flac/LA_E_2710989.flac,11
/data/DATASETS/ASV_Spoof_2019_LA/ASVspoof2019_LA_eval/flac/LA_E_2711156.flac,11
/data/DATASETS/ASV_Spoof_2019_LA/ASVspoof2019_LA_eval/flac/LA_E_2718142.flac,11
/data/DATASETS/ASV_Spoof_2019_LA/ASVspoof2019_LA_eval/flac/LA_E_2718768.flac,11
/data/DATASETS/ASV_Spoof_2019_LA/ASVspoof2019_LA_eval/flac/LA_E_2719097.flac,11
/data/DATASETS/ASV_Spoof_2019_LA/ASVspoof2019_LA_eval/flac/LA_E_2722091.flac,11
/data/DATASETS/ASV_Spoof_2019_LA/ASVspoof2019_LA_eval/flac/LA_E_2723413.flac,11
/data/DATASETS/ASV_Spoof_2019_LA/ASVspoof2019_LA_eval/flac/LA_E_2725082.flac,11
/data/DATASETS/ASV_Spoof_2019_LA/ASVspoof2019_LA_eval/flac/LA_E_2725981.flac,11
/data/DATASETS/ASV_Spoof_2019_LA/ASVspoof2019_LA_eval/flac/LA_E_2726894.flac,11
/data/DATASETS/ASV_Spoof_2019_LA/ASVspoof2019_LA_eval/flac/LA_E_2727707.flac,11
/data/DATASETS/ASV_Spoof_2019_LA/ASVspoof2019_LA_eval/flac/LA_E_2728718.flac,11
/data/DATASETS/ASV_Spoof_2019_LA/ASVspoof2019_LA_eval/flac/LA_E_2732148.flac,11
/data/DATASETS/ASV_Spoof_2019_LA/ASVspoof2019_LA_eval/flac/LA_E_2732194.flac,11
/data/DATASETS/ASV_Spoof_2019_LA/ASVspoof2019_LA_eval/flac/LA_E_2732371.flac,11
/data/DATASETS/ASV_Spoof_2019_LA/ASVspoof2019_LA_eval/flac/LA_E_2738142.flac,11
/data/DATASETS/ASV_Spoof_2019_LA/ASVspoof2019_LA_eval/flac/LA_E_2738206.flac,11
/data/DATASETS/ASV_Spoof_2019_LA/ASVspoof2019_LA_eval/flac/LA_E_2738638.flac,11
/data/DATASETS/ASV_Spoof_2019_LA/ASVspoof2019_LA_eval/flac/LA_E_2739292.flac,11
/data/DATASETS/ASV_Spoof_2019_LA/ASVspoof2019_LA_eval/flac/LA_E_2741503.flac,11
/data/DATASETS/ASV_Spoof_2019_LA/ASVspoof2019_LA_eval/flac/LA_E_2746144.flac,11
/data/DATASETS/ASV_Spoof_2019_LA/ASVspoof2019_LA_eval/flac/LA_E_2746212.flac,11
/data/DATASETS/ASV_Spoof_2019_LA/ASVspoof2019_LA_eval/flac/LA_E_2747120.flac,11
/data/DATASETS/ASV_Spoof_2019_LA/ASVspoof2019_LA_eval/flac/LA_E_2749088.flac,11
/data/DATASETS/ASV_Spoof_2019_LA/ASVspoof2019_LA_eval/flac/LA_E_2751518.flac,11
/data/DATASETS/ASV_Spoof_2019_LA/ASVspoof2019_LA_eval/flac/LA_E_2752868.flac,11
/data/DATASETS/ASV_Spoof_2019_LA/ASVspoof2019_LA_eval/flac/LA_E_2755986.flac,11
/data/DATASETS/ASV_Spoof_2019_LA/ASVspoof2019_LA_eval/flac/LA_E_2759278.flac,11
/data/DATASETS/ASV_Spoof_2019_LA/ASVspoof2019_LA_eval/flac/LA_E_2760998.flac,11
/data/DATASETS/ASV_Spoof_2019_LA/ASVspoof2019_LA_eval/flac/LA_E_2761359.flac,11
/data/DATASETS/ASV_Spoof_2019_LA/ASVspoof2019_LA_eval/flac/LA_E_2764730.flac,11
/data/DATASETS/ASV_Spoof_2019_LA/ASVspoof2019_LA_eval/flac/LA_E_2765866.flac,11
/data/DATASETS/ASV_Spoof_2019_LA/ASVspoof2019_LA_eval/flac/LA_E_2769409.flac,11
/data/DATASETS/ASV_Spoof_2019_LA/ASVspoof2019_LA_eval/flac/LA_E_2771633.flac,11
/data/DATASETS/ASV_Spoof_2019_LA/ASVspoof2019_LA_eval/flac/LA_E_2773164.flac,11
/data/DATASETS/ASV_Spoof_2019_LA/ASVspoof2019_LA_eval/flac/LA_E_2774082.flac,11
/data/DATASETS/ASV_Spoof_2019_LA/ASVspoof2019_LA_eval/flac/LA_E_2775122.flac,11
/data/DATASETS/ASV_Spoof_2019_LA/ASVspoof2019_LA_eval/flac/LA_E_2776688.flac,11
/data/DATASETS/ASV_Spoof_2019_LA/ASVspoof2019_LA_eval/flac/LA_E_2779137.flac,11
/data/DATASETS/ASV_Spoof_2019_LA/ASVspoof2019_LA_eval/flac/LA_E_2779226.flac,11
/data/DATASETS/ASV_Spoof_2019_LA/ASVspoof2019_LA_eval/flac/LA_E_2780723.flac,11
/data/DATASETS/ASV_Spoof_2019_LA/ASVspoof2019_LA_eval/flac/LA_E_2782892.flac,11
/data/DATASETS/ASV_Spoof_2019_LA/ASVspoof2019_LA_eval/flac/LA_E_2785809.flac,11
/data/DATASETS/ASV_Spoof_2019_LA/ASVspoof2019_LA_eval/flac/LA_E_2787898.flac,11
/data/DATASETS/ASV_Spoof_2019_LA/ASVspoof2019_LA_eval/flac/LA_E_2789672.flac,11
/data/DATASETS/ASV_Spoof_2019_LA/ASVspoof2019_LA_eval/flac/LA_E_2789979.flac,11
/data/DATASETS/ASV_Spoof_2019_LA/ASVspoof2019_LA_eval/flac/LA_E_2792268.flac,11
/data/DATASETS/ASV_Spoof_2019_LA/ASVspoof2019_LA_eval/flac/LA_E_2793458.flac,11
/data/DATASETS/ASV_Spoof_2019_LA/ASVspoof2019_LA_eval/flac/LA_E_2793701.flac,11
/data/DATASETS/ASV_Spoof_2019_LA/ASVspoof2019_LA_eval/flac/LA_E_2795497.flac,11
/data/DATASETS/ASV_Spoof_2019_LA/ASVspoof2019_LA_eval/flac/LA_E_2798340.flac,11
/data/DATASETS/ASV_Spoof_2019_LA/ASVspoof2019_LA_eval/flac/LA_E_2801468.flac,11
/data/DATASETS/ASV_Spoof_2019_LA/ASVspoof2019_LA_eval/flac/LA_E_2802232.flac,11
/data/DATASETS/ASV_Spoof_2019_LA/ASVspoof2019_LA_eval/flac/LA_E_2804205.flac,11
/data/DATASETS/ASV_Spoof_2019_LA/ASVspoof2019_LA_eval/flac/LA_E_2804409.flac,11
/data/DATASETS/ASV_Spoof_2019_LA/ASVspoof2019_LA_eval/flac/LA_E_2806527.flac,11
/data/DATASETS/ASV_Spoof_2019_LA/ASVspoof2019_LA_eval/flac/LA_E_2807439.flac,11
/data/DATASETS/ASV_Spoof_2019_LA/ASVspoof2019_LA_eval/flac/LA_E_2808360.flac,11
/data/DATASETS/ASV_Spoof_2019_LA/ASVspoof2019_LA_eval/flac/LA_E_2810800.flac,11
/data/DATASETS/ASV_Spoof_2019_LA/ASVspoof2019_LA_eval/flac/LA_E_2811796.flac,11
/data/DATASETS/ASV_Spoof_2019_LA/ASVspoof2019_LA_eval/flac/LA_E_2814333.flac,11
/data/DATASETS/ASV_Spoof_2019_LA/ASVspoof2019_LA_eval/flac/LA_E_2814774.flac,11
/data/DATASETS/ASV_Spoof_2019_LA/ASVspoof2019_LA_eval/flac/LA_E_2815582.flac,11
/data/DATASETS/ASV_Spoof_2019_LA/ASVspoof2019_LA_eval/flac/LA_E_2818151.flac,11
/data/DATASETS/ASV_Spoof_2019_LA/ASVspoof2019_LA_eval/flac/LA_E_2818375.flac,11
/data/DATASETS/ASV_Spoof_2019_LA/ASVspoof2019_LA_eval/flac/LA_E_2818383.flac,11
/data/DATASETS/ASV_Spoof_2019_LA/ASVspoof2019_LA_eval/flac/LA_E_2822450.flac,11
/data/DATASETS/ASV_Spoof_2019_LA/ASVspoof2019_LA_eval/flac/LA_E_2823685.flac,11
/data/DATASETS/ASV_Spoof_2019_LA/ASVspoof2019_LA_eval/flac/LA_E_2825645.flac,11
/data/DATASETS/ASV_Spoof_2019_LA/ASVspoof2019_LA_eval/flac/LA_E_2829858.flac,11
/data/DATASETS/ASV_Spoof_2019_LA/ASVspoof2019_LA_eval/flac/LA_E_2833366.flac,11
/data/DATASETS/ASV_Spoof_2019_LA/ASVspoof2019_LA_eval/flac/LA_E_2834354.flac,11
/data/DATASETS/ASV_Spoof_2019_LA/ASVspoof2019_LA_eval/flac/LA_E_2834620.flac,11
/data/DATASETS/ASV_Spoof_2019_LA/ASVspoof2019_LA_eval/flac/LA_E_2834763.flac,11
/data/DATASETS/ASV_Spoof_2019_LA/ASVspoof2019_LA_eval/flac/LA_E_2835711.flac,11
/data/DATASETS/ASV_Spoof_2019_LA/ASVspoof2019_LA_eval/flac/LA_E_2838611.flac,11
/data/DATASETS/ASV_Spoof_2019_LA/ASVspoof2019_LA_eval/flac/LA_E_2839312.flac,11
/data/DATASETS/ASV_Spoof_2019_LA/ASVspoof2019_LA_eval/flac/LA_E_2841420.flac,11
/data/DATASETS/ASV_Spoof_2019_LA/ASVspoof2019_LA_eval/flac/LA_E_2841818.flac,11
/data/DATASETS/ASV_Spoof_2019_LA/ASVspoof2019_LA_eval/flac/LA_E_2849810.flac,11
/data/DATASETS/ASV_Spoof_2019_LA/ASVspoof2019_LA_eval/flac/LA_E_2853157.flac,11
/data/DATASETS/ASV_Spoof_2019_LA/ASVspoof2019_LA_eval/flac/LA_E_2854471.flac,11
/data/DATASETS/ASV_Spoof_2019_LA/ASVspoof2019_LA_eval/flac/LA_E_2856239.flac,11
/data/DATASETS/ASV_Spoof_2019_LA/ASVspoof2019_LA_eval/flac/LA_E_2858384.flac,11
/data/DATASETS/ASV_Spoof_2019_LA/ASVspoof2019_LA_eval/flac/LA_E_2860035.flac,11
/data/DATASETS/ASV_Spoof_2019_LA/ASVspoof2019_LA_eval/flac/LA_E_2861336.flac,11
/data/DATASETS/ASV_Spoof_2019_LA/ASVspoof2019_LA_eval/flac/LA_E_2863201.flac,11
/data/DATASETS/ASV_Spoof_2019_LA/ASVspoof2019_LA_eval/flac/LA_E_2867207.flac,11
/data/DATASETS/ASV_Spoof_2019_LA/ASVspoof2019_LA_eval/flac/LA_E_2868168.flac,11
/data/DATASETS/ASV_Spoof_2019_LA/ASVspoof2019_LA_eval/flac/LA_E_2869621.flac,11
/data/DATASETS/ASV_Spoof_2019_LA/ASVspoof2019_LA_eval/flac/LA_E_2871089.flac,11
/data/DATASETS/ASV_Spoof_2019_LA/ASVspoof2019_LA_eval/flac/LA_E_2871941.flac,11
/data/DATASETS/ASV_Spoof_2019_LA/ASVspoof2019_LA_eval/flac/LA_E_2871958.flac,11
/data/DATASETS/ASV_Spoof_2019_LA/ASVspoof2019_LA_eval/flac/LA_E_2873120.flac,11
/data/DATASETS/ASV_Spoof_2019_LA/ASVspoof2019_LA_eval/flac/LA_E_2875281.flac,11
/data/DATASETS/ASV_Spoof_2019_LA/ASVspoof2019_LA_eval/flac/LA_E_2880133.flac,11
/data/DATASETS/ASV_Spoof_2019_LA/ASVspoof2019_LA_eval/flac/LA_E_2880143.flac,11
/data/DATASETS/ASV_Spoof_2019_LA/ASVspoof2019_LA_eval/flac/LA_E_2880744.flac,11
/data/DATASETS/ASV_Spoof_2019_LA/ASVspoof2019_LA_eval/flac/LA_E_2880791.flac,11
/data/DATASETS/ASV_Spoof_2019_LA/ASVspoof2019_LA_eval/flac/LA_E_2880901.flac,11
/data/DATASETS/ASV_Spoof_2019_LA/ASVspoof2019_LA_eval/flac/LA_E_2884934.flac,11
/data/DATASETS/ASV_Spoof_2019_LA/ASVspoof2019_LA_eval/flac/LA_E_2885836.flac,11
/data/DATASETS/ASV_Spoof_2019_LA/ASVspoof2019_LA_eval/flac/LA_E_2886681.flac,11
/data/DATASETS/ASV_Spoof_2019_LA/ASVspoof2019_LA_eval/flac/LA_E_2887909.flac,11
/data/DATASETS/ASV_Spoof_2019_LA/ASVspoof2019_LA_eval/flac/LA_E_2888211.flac,11
/data/DATASETS/ASV_Spoof_2019_LA/ASVspoof2019_LA_eval/flac/LA_E_2890067.flac,11
/data/DATASETS/ASV_Spoof_2019_LA/ASVspoof2019_LA_eval/flac/LA_E_2891698.flac,11
/data/DATASETS/ASV_Spoof_2019_LA/ASVspoof2019_LA_eval/flac/LA_E_2892695.flac,11
/data/DATASETS/ASV_Spoof_2019_LA/ASVspoof2019_LA_eval/flac/LA_E_2895745.flac,11
/data/DATASETS/ASV_Spoof_2019_LA/ASVspoof2019_LA_eval/flac/LA_E_2896765.flac,11
/data/DATASETS/ASV_Spoof_2019_LA/ASVspoof2019_LA_eval/flac/LA_E_2900247.flac,11
/data/DATASETS/ASV_Spoof_2019_LA/ASVspoof2019_LA_eval/flac/LA_E_2902164.flac,11
/data/DATASETS/ASV_Spoof_2019_LA/ASVspoof2019_LA_eval/flac/LA_E_2902240.flac,11
/data/DATASETS/ASV_Spoof_2019_LA/ASVspoof2019_LA_eval/flac/LA_E_2904128.flac,11
/data/DATASETS/ASV_Spoof_2019_LA/ASVspoof2019_LA_eval/flac/LA_E_2908618.flac,11
/data/DATASETS/ASV_Spoof_2019_LA/ASVspoof2019_LA_eval/flac/LA_E_2908694.flac,11
/data/DATASETS/ASV_Spoof_2019_LA/ASVspoof2019_LA_eval/flac/LA_E_2913139.flac,11
/data/DATASETS/ASV_Spoof_2019_LA/ASVspoof2019_LA_eval/flac/LA_E_2913754.flac,11
/data/DATASETS/ASV_Spoof_2019_LA/ASVspoof2019_LA_eval/flac/LA_E_2918711.flac,11
/data/DATASETS/ASV_Spoof_2019_LA/ASVspoof2019_LA_eval/flac/LA_E_2920155.flac,11
/data/DATASETS/ASV_Spoof_2019_LA/ASVspoof2019_LA_eval/flac/LA_E_2922262.flac,11
/data/DATASETS/ASV_Spoof_2019_LA/ASVspoof2019_LA_eval/flac/LA_E_2923797.flac,11
/data/DATASETS/ASV_Spoof_2019_LA/ASVspoof2019_LA_eval/flac/LA_E_2928733.flac,11
/data/DATASETS/ASV_Spoof_2019_LA/ASVspoof2019_LA_eval/flac/LA_E_2929977.flac,11
/data/DATASETS/ASV_Spoof_2019_LA/ASVspoof2019_LA_eval/flac/LA_E_2930057.flac,11
/data/DATASETS/ASV_Spoof_2019_LA/ASVspoof2019_LA_eval/flac/LA_E_2930094.flac,11
/data/DATASETS/ASV_Spoof_2019_LA/ASVspoof2019_LA_eval/flac/LA_E_2932205.flac,11
/data/DATASETS/ASV_Spoof_2019_LA/ASVspoof2019_LA_eval/flac/LA_E_2933627.flac,11
/data/DATASETS/ASV_Spoof_2019_LA/ASVspoof2019_LA_eval/flac/LA_E_2933812.flac,11
/data/DATASETS/ASV_Spoof_2019_LA/ASVspoof2019_LA_eval/flac/LA_E_2939618.flac,11
/data/DATASETS/ASV_Spoof_2019_LA/ASVspoof2019_LA_eval/flac/LA_E_2940521.flac,11
/data/DATASETS/ASV_Spoof_2019_LA/ASVspoof2019_LA_eval/flac/LA_E_2940693.flac,11
/data/DATASETS/ASV_Spoof_2019_LA/ASVspoof2019_LA_eval/flac/LA_E_2941003.flac,11
/data/DATASETS/ASV_Spoof_2019_LA/ASVspoof2019_LA_eval/flac/LA_E_2941351.flac,11
/data/DATASETS/ASV_Spoof_2019_LA/ASVspoof2019_LA_eval/flac/LA_E_2943925.flac,11
/data/DATASETS/ASV_Spoof_2019_LA/ASVspoof2019_LA_eval/flac/LA_E_2944451.flac,11
/data/DATASETS/ASV_Spoof_2019_LA/ASVspoof2019_LA_eval/flac/LA_E_2945762.flac,11
/data/DATASETS/ASV_Spoof_2019_LA/ASVspoof2019_LA_eval/flac/LA_E_2947240.flac,11
/data/DATASETS/ASV_Spoof_2019_LA/ASVspoof2019_LA_eval/flac/LA_E_2951279.flac,11
/data/DATASETS/ASV_Spoof_2019_LA/ASVspoof2019_LA_eval/flac/LA_E_2952829.flac,11
/data/DATASETS/ASV_Spoof_2019_LA/ASVspoof2019_LA_eval/flac/LA_E_2953713.flac,11
/data/DATASETS/ASV_Spoof_2019_LA/ASVspoof2019_LA_eval/flac/LA_E_2954966.flac,11
/data/DATASETS/ASV_Spoof_2019_LA/ASVspoof2019_LA_eval/flac/LA_E_2954997.flac,11
/data/DATASETS/ASV_Spoof_2019_LA/ASVspoof2019_LA_eval/flac/LA_E_2955687.flac,11
/data/DATASETS/ASV_Spoof_2019_LA/ASVspoof2019_LA_eval/flac/LA_E_2956162.flac,11
/data/DATASETS/ASV_Spoof_2019_LA/ASVspoof2019_LA_eval/flac/LA_E_2956400.flac,11
/data/DATASETS/ASV_Spoof_2019_LA/ASVspoof2019_LA_eval/flac/LA_E_2956879.flac,11
/data/DATASETS/ASV_Spoof_2019_LA/ASVspoof2019_LA_eval/flac/LA_E_2957995.flac,11
/data/DATASETS/ASV_Spoof_2019_LA/ASVspoof2019_LA_eval/flac/LA_E_2969867.flac,11
/data/DATASETS/ASV_Spoof_2019_LA/ASVspoof2019_LA_eval/flac/LA_E_2971365.flac,11
/data/DATASETS/ASV_Spoof_2019_LA/ASVspoof2019_LA_eval/flac/LA_E_2972342.flac,11
/data/DATASETS/ASV_Spoof_2019_LA/ASVspoof2019_LA_eval/flac/LA_E_2973828.flac,11
/data/DATASETS/ASV_Spoof_2019_LA/ASVspoof2019_LA_eval/flac/LA_E_2975276.flac,11
/data/DATASETS/ASV_Spoof_2019_LA/ASVspoof2019_LA_eval/flac/LA_E_2977611.flac,11
/data/DATASETS/ASV_Spoof_2019_LA/ASVspoof2019_LA_eval/flac/LA_E_2986488.flac,11
/data/DATASETS/ASV_Spoof_2019_LA/ASVspoof2019_LA_eval/flac/LA_E_2990219.flac,11
/data/DATASETS/ASV_Spoof_2019_LA/ASVspoof2019_LA_eval/flac/LA_E_2993017.flac,11
/data/DATASETS/ASV_Spoof_2019_LA/ASVspoof2019_LA_eval/flac/LA_E_2996427.flac,11
/data/DATASETS/ASV_Spoof_2019_LA/ASVspoof2019_LA_eval/flac/LA_E_2996526.flac,11
/data/DATASETS/ASV_Spoof_2019_LA/ASVspoof2019_LA_eval/flac/LA_E_2997832.flac,11
/data/DATASETS/ASV_Spoof_2019_LA/ASVspoof2019_LA_eval/flac/LA_E_3001841.flac,11
/data/DATASETS/ASV_Spoof_2019_LA/ASVspoof2019_LA_eval/flac/LA_E_3005297.flac,11
/data/DATASETS/ASV_Spoof_2019_LA/ASVspoof2019_LA_eval/flac/LA_E_3006090.flac,11
/data/DATASETS/ASV_Spoof_2019_LA/ASVspoof2019_LA_eval/flac/LA_E_3006138.flac,11
/data/DATASETS/ASV_Spoof_2019_LA/ASVspoof2019_LA_eval/flac/LA_E_3006955.flac,11
/data/DATASETS/ASV_Spoof_2019_LA/ASVspoof2019_LA_eval/flac/LA_E_3007897.flac,11
/data/DATASETS/ASV_Spoof_2019_LA/ASVspoof2019_LA_eval/flac/LA_E_3009713.flac,11
/data/DATASETS/ASV_Spoof_2019_LA/ASVspoof2019_LA_eval/flac/LA_E_3010251.flac,11
/data/DATASETS/ASV_Spoof_2019_LA/ASVspoof2019_LA_eval/flac/LA_E_3013969.flac,11
/data/DATASETS/ASV_Spoof_2019_LA/ASVspoof2019_LA_eval/flac/LA_E_3015085.flac,11
/data/DATASETS/ASV_Spoof_2019_LA/ASVspoof2019_LA_eval/flac/LA_E_3015511.flac,11
/data/DATASETS/ASV_Spoof_2019_LA/ASVspoof2019_LA_eval/flac/LA_E_3017295.flac,11
/data/DATASETS/ASV_Spoof_2019_LA/ASVspoof2019_LA_eval/flac/LA_E_3017313.flac,11
/data/DATASETS/ASV_Spoof_2019_LA/ASVspoof2019_LA_eval/flac/LA_E_3021132.flac,11
/data/DATASETS/ASV_Spoof_2019_LA/ASVspoof2019_LA_eval/flac/LA_E_3025374.flac,11
/data/DATASETS/ASV_Spoof_2019_LA/ASVspoof2019_LA_eval/flac/LA_E_3026896.flac,11
/data/DATASETS/ASV_Spoof_2019_LA/ASVspoof2019_LA_eval/flac/LA_E_3026903.flac,11
/data/DATASETS/ASV_Spoof_2019_LA/ASVspoof2019_LA_eval/flac/LA_E_3033420.flac,11
/data/DATASETS/ASV_Spoof_2019_LA/ASVspoof2019_LA_eval/flac/LA_E_3035145.flac,11
/data/DATASETS/ASV_Spoof_2019_LA/ASVspoof2019_LA_eval/flac/LA_E_3035398.flac,11
/data/DATASETS/ASV_Spoof_2019_LA/ASVspoof2019_LA_eval/flac/LA_E_3035768.flac,11
/data/DATASETS/ASV_Spoof_2019_LA/ASVspoof2019_LA_eval/flac/LA_E_3036809.flac,11
/data/DATASETS/ASV_Spoof_2019_LA/ASVspoof2019_LA_eval/flac/LA_E_3037674.flac,11
/data/DATASETS/ASV_Spoof_2019_LA/ASVspoof2019_LA_eval/flac/LA_E_3038689.flac,11
/data/DATASETS/ASV_Spoof_2019_LA/ASVspoof2019_LA_eval/flac/LA_E_3040792.flac,11
/data/DATASETS/ASV_Spoof_2019_LA/ASVspoof2019_LA_eval/flac/LA_E_3043187.flac,11
/data/DATASETS/ASV_Spoof_2019_LA/ASVspoof2019_LA_eval/flac/LA_E_3050578.flac,11
/data/DATASETS/ASV_Spoof_2019_LA/ASVspoof2019_LA_eval/flac/LA_E_3050822.flac,11
/data/DATASETS/ASV_Spoof_2019_LA/ASVspoof2019_LA_eval/flac/LA_E_3054125.flac,11
/data/DATASETS/ASV_Spoof_2019_LA/ASVspoof2019_LA_eval/flac/LA_E_3057162.flac,11
/data/DATASETS/ASV_Spoof_2019_LA/ASVspoof2019_LA_eval/flac/LA_E_3058258.flac,11
/data/DATASETS/ASV_Spoof_2019_LA/ASVspoof2019_LA_eval/flac/LA_E_3058349.flac,11
/data/DATASETS/ASV_Spoof_2019_LA/ASVspoof2019_LA_eval/flac/LA_E_3058449.flac,11
/data/DATASETS/ASV_Spoof_2019_LA/ASVspoof2019_LA_eval/flac/LA_E_3059129.flac,11
/data/DATASETS/ASV_Spoof_2019_LA/ASVspoof2019_LA_eval/flac/LA_E_3061359.flac,11
/data/DATASETS/ASV_Spoof_2019_LA/ASVspoof2019_LA_eval/flac/LA_E_3065188.flac,11
/data/DATASETS/ASV_Spoof_2019_LA/ASVspoof2019_LA_eval/flac/LA_E_3066071.flac,11
/data/DATASETS/ASV_Spoof_2019_LA/ASVspoof2019_LA_eval/flac/LA_E_3067445.flac,11
/data/DATASETS/ASV_Spoof_2019_LA/ASVspoof2019_LA_eval/flac/LA_E_3068532.flac,11
/data/DATASETS/ASV_Spoof_2019_LA/ASVspoof2019_LA_eval/flac/LA_E_3078317.flac,11
/data/DATASETS/ASV_Spoof_2019_LA/ASVspoof2019_LA_eval/flac/LA_E_3079815.flac,11
/data/DATASETS/ASV_Spoof_2019_LA/ASVspoof2019_LA_eval/flac/LA_E_3081070.flac,11
/data/DATASETS/ASV_Spoof_2019_LA/ASVspoof2019_LA_eval/flac/LA_E_3081555.flac,11
/data/DATASETS/ASV_Spoof_2019_LA/ASVspoof2019_LA_eval/flac/LA_E_3083014.flac,11
/data/DATASETS/ASV_Spoof_2019_LA/ASVspoof2019_LA_eval/flac/LA_E_3083391.flac,11
/data/DATASETS/ASV_Spoof_2019_LA/ASVspoof2019_LA_eval/flac/LA_E_3090382.flac,11
/data/DATASETS/ASV_Spoof_2019_LA/ASVspoof2019_LA_eval/flac/LA_E_3090627.flac,11
/data/DATASETS/ASV_Spoof_2019_LA/ASVspoof2019_LA_eval/flac/LA_E_3093154.flac,11
/data/DATASETS/ASV_Spoof_2019_LA/ASVspoof2019_LA_eval/flac/LA_E_3098225.flac,11
/data/DATASETS/ASV_Spoof_2019_LA/ASVspoof2019_LA_eval/flac/LA_E_3099807.flac,11
/data/DATASETS/ASV_Spoof_2019_LA/ASVspoof2019_LA_eval/flac/LA_E_3099920.flac,11
/data/DATASETS/ASV_Spoof_2019_LA/ASVspoof2019_LA_eval/flac/LA_E_3100090.flac,11
/data/DATASETS/ASV_Spoof_2019_LA/ASVspoof2019_LA_eval/flac/LA_E_3100689.flac,11
/data/DATASETS/ASV_Spoof_2019_LA/ASVspoof2019_LA_eval/flac/LA_E_3102914.flac,11
/data/DATASETS/ASV_Spoof_2019_LA/ASVspoof2019_LA_eval/flac/LA_E_3104421.flac,11
/data/DATASETS/ASV_Spoof_2019_LA/ASVspoof2019_LA_eval/flac/LA_E_3104906.flac,11
/data/DATASETS/ASV_Spoof_2019_LA/ASVspoof2019_LA_eval/flac/LA_E_3105599.flac,11
/data/DATASETS/ASV_Spoof_2019_LA/ASVspoof2019_LA_eval/flac/LA_E_3108452.flac,11
/data/DATASETS/ASV_Spoof_2019_LA/ASVspoof2019_LA_eval/flac/LA_E_3116274.flac,11
/data/DATASETS/ASV_Spoof_2019_LA/ASVspoof2019_LA_eval/flac/LA_E_3119107.flac,11
/data/DATASETS/ASV_Spoof_2019_LA/ASVspoof2019_LA_eval/flac/LA_E_3121852.flac,11
/data/DATASETS/ASV_Spoof_2019_LA/ASVspoof2019_LA_eval/flac/LA_E_3124660.flac,11
/data/DATASETS/ASV_Spoof_2019_LA/ASVspoof2019_LA_eval/flac/LA_E_3126569.flac,11
/data/DATASETS/ASV_Spoof_2019_LA/ASVspoof2019_LA_eval/flac/LA_E_3126625.flac,11
/data/DATASETS/ASV_Spoof_2019_LA/ASVspoof2019_LA_eval/flac/LA_E_3127561.flac,11
/data/DATASETS/ASV_Spoof_2019_LA/ASVspoof2019_LA_eval/flac/LA_E_3131257.flac,11
/data/DATASETS/ASV_Spoof_2019_LA/ASVspoof2019_LA_eval/flac/LA_E_3136660.flac,11
/data/DATASETS/ASV_Spoof_2019_LA/ASVspoof2019_LA_eval/flac/LA_E_3137668.flac,11
/data/DATASETS/ASV_Spoof_2019_LA/ASVspoof2019_LA_eval/flac/LA_E_3139282.flac,11
/data/DATASETS/ASV_Spoof_2019_LA/ASVspoof2019_LA_eval/flac/LA_E_3140689.flac,11
/data/DATASETS/ASV_Spoof_2019_LA/ASVspoof2019_LA_eval/flac/LA_E_3143540.flac,11
/data/DATASETS/ASV_Spoof_2019_LA/ASVspoof2019_LA_eval/flac/LA_E_3143996.flac,11
/data/DATASETS/ASV_Spoof_2019_LA/ASVspoof2019_LA_eval/flac/LA_E_3144492.flac,11
/data/DATASETS/ASV_Spoof_2019_LA/ASVspoof2019_LA_eval/flac/LA_E_3146024.flac,11
/data/DATASETS/ASV_Spoof_2019_LA/ASVspoof2019_LA_eval/flac/LA_E_3147625.flac,11
/data/DATASETS/ASV_Spoof_2019_LA/ASVspoof2019_LA_eval/flac/LA_E_3149469.flac,11
/data/DATASETS/ASV_Spoof_2019_LA/ASVspoof2019_LA_eval/flac/LA_E_3164790.flac,11
/data/DATASETS/ASV_Spoof_2019_LA/ASVspoof2019_LA_eval/flac/LA_E_3165574.flac,11
/data/DATASETS/ASV_Spoof_2019_LA/ASVspoof2019_LA_eval/flac/LA_E_3176839.flac,11
/data/DATASETS/ASV_Spoof_2019_LA/ASVspoof2019_LA_eval/flac/LA_E_3177163.flac,11
/data/DATASETS/ASV_Spoof_2019_LA/ASVspoof2019_LA_eval/flac/LA_E_3182207.flac,11
/data/DATASETS/ASV_Spoof_2019_LA/ASVspoof2019_LA_eval/flac/LA_E_3182629.flac,11
/data/DATASETS/ASV_Spoof_2019_LA/ASVspoof2019_LA_eval/flac/LA_E_3182930.flac,11
/data/DATASETS/ASV_Spoof_2019_LA/ASVspoof2019_LA_eval/flac/LA_E_3184059.flac,11
/data/DATASETS/ASV_Spoof_2019_LA/ASVspoof2019_LA_eval/flac/LA_E_3184157.flac,11
/data/DATASETS/ASV_Spoof_2019_LA/ASVspoof2019_LA_eval/flac/LA_E_3184785.flac,11
/data/DATASETS/ASV_Spoof_2019_LA/ASVspoof2019_LA_eval/flac/LA_E_3185563.flac,11
/data/DATASETS/ASV_Spoof_2019_LA/ASVspoof2019_LA_eval/flac/LA_E_3185713.flac,11
/data/DATASETS/ASV_Spoof_2019_LA/ASVspoof2019_LA_eval/flac/LA_E_3186592.flac,11
/data/DATASETS/ASV_Spoof_2019_LA/ASVspoof2019_LA_eval/flac/LA_E_3187674.flac,11
/data/DATASETS/ASV_Spoof_2019_LA/ASVspoof2019_LA_eval/flac/LA_E_3192137.flac,11
/data/DATASETS/ASV_Spoof_2019_LA/ASVspoof2019_LA_eval/flac/LA_E_3193993.flac,11
/data/DATASETS/ASV_Spoof_2019_LA/ASVspoof2019_LA_eval/flac/LA_E_3194080.flac,11
/data/DATASETS/ASV_Spoof_2019_LA/ASVspoof2019_LA_eval/flac/LA_E_3194507.flac,11
/data/DATASETS/ASV_Spoof_2019_LA/ASVspoof2019_LA_eval/flac/LA_E_3196788.flac,11
/data/DATASETS/ASV_Spoof_2019_LA/ASVspoof2019_LA_eval/flac/LA_E_3201639.flac,11
/data/DATASETS/ASV_Spoof_2019_LA/ASVspoof2019_LA_eval/flac/LA_E_3203713.flac,11
/data/DATASETS/ASV_Spoof_2019_LA/ASVspoof2019_LA_eval/flac/LA_E_3207361.flac,11
/data/DATASETS/ASV_Spoof_2019_LA/ASVspoof2019_LA_eval/flac/LA_E_3208223.flac,11
/data/DATASETS/ASV_Spoof_2019_LA/ASVspoof2019_LA_eval/flac/LA_E_3208946.flac,11
/data/DATASETS/ASV_Spoof_2019_LA/ASVspoof2019_LA_eval/flac/LA_E_3209078.flac,11
/data/DATASETS/ASV_Spoof_2019_LA/ASVspoof2019_LA_eval/flac/LA_E_3210032.flac,11
/data/DATASETS/ASV_Spoof_2019_LA/ASVspoof2019_LA_eval/flac/LA_E_3211059.flac,11
/data/DATASETS/ASV_Spoof_2019_LA/ASVspoof2019_LA_eval/flac/LA_E_3211207.flac,11
/data/DATASETS/ASV_Spoof_2019_LA/ASVspoof2019_LA_eval/flac/LA_E_3211717.flac,11
/data/DATASETS/ASV_Spoof_2019_LA/ASVspoof2019_LA_eval/flac/LA_E_3214320.flac,11
/data/DATASETS/ASV_Spoof_2019_LA/ASVspoof2019_LA_eval/flac/LA_E_3214417.flac,11
/data/DATASETS/ASV_Spoof_2019_LA/ASVspoof2019_LA_eval/flac/LA_E_3217822.flac,11
/data/DATASETS/ASV_Spoof_2019_LA/ASVspoof2019_LA_eval/flac/LA_E_3221082.flac,11
/data/DATASETS/ASV_Spoof_2019_LA/ASVspoof2019_LA_eval/flac/LA_E_3222873.flac,11
/data/DATASETS/ASV_Spoof_2019_LA/ASVspoof2019_LA_eval/flac/LA_E_3223163.flac,11
/data/DATASETS/ASV_Spoof_2019_LA/ASVspoof2019_LA_eval/flac/LA_E_3223582.flac,11
/data/DATASETS/ASV_Spoof_2019_LA/ASVspoof2019_LA_eval/flac/LA_E_3223820.flac,11
/data/DATASETS/ASV_Spoof_2019_LA/ASVspoof2019_LA_eval/flac/LA_E_3230224.flac,11
/data/DATASETS/ASV_Spoof_2019_LA/ASVspoof2019_LA_eval/flac/LA_E_3230398.flac,11
/data/DATASETS/ASV_Spoof_2019_LA/ASVspoof2019_LA_eval/flac/LA_E_3230861.flac,11
/data/DATASETS/ASV_Spoof_2019_LA/ASVspoof2019_LA_eval/flac/LA_E_3231228.flac,11
/data/DATASETS/ASV_Spoof_2019_LA/ASVspoof2019_LA_eval/flac/LA_E_3236505.flac,11
/data/DATASETS/ASV_Spoof_2019_LA/ASVspoof2019_LA_eval/flac/LA_E_3237722.flac,11
/data/DATASETS/ASV_Spoof_2019_LA/ASVspoof2019_LA_eval/flac/LA_E_3237772.flac,11
/data/DATASETS/ASV_Spoof_2019_LA/ASVspoof2019_LA_eval/flac/LA_E_3239828.flac,11
/data/DATASETS/ASV_Spoof_2019_LA/ASVspoof2019_LA_eval/flac/LA_E_3239962.flac,11
/data/DATASETS/ASV_Spoof_2019_LA/ASVspoof2019_LA_eval/flac/LA_E_3243821.flac,11
/data/DATASETS/ASV_Spoof_2019_LA/ASVspoof2019_LA_eval/flac/LA_E_3246633.flac,11
/data/DATASETS/ASV_Spoof_2019_LA/ASVspoof2019_LA_eval/flac/LA_E_3248559.flac,11
/data/DATASETS/ASV_Spoof_2019_LA/ASVspoof2019_LA_eval/flac/LA_E_3248981.flac,11
/data/DATASETS/ASV_Spoof_2019_LA/ASVspoof2019_LA_eval/flac/LA_E_3249579.flac,11
/data/DATASETS/ASV_Spoof_2019_LA/ASVspoof2019_LA_eval/flac/LA_E_3254312.flac,11
/data/DATASETS/ASV_Spoof_2019_LA/ASVspoof2019_LA_eval/flac/LA_E_3256512.flac,11
/data/DATASETS/ASV_Spoof_2019_LA/ASVspoof2019_LA_eval/flac/LA_E_3261821.flac,11
/data/DATASETS/ASV_Spoof_2019_LA/ASVspoof2019_LA_eval/flac/LA_E_3263161.flac,11
/data/DATASETS/ASV_Spoof_2019_LA/ASVspoof2019_LA_eval/flac/LA_E_3266745.flac,11
/data/DATASETS/ASV_Spoof_2019_LA/ASVspoof2019_LA_eval/flac/LA_E_3268103.flac,11
/data/DATASETS/ASV_Spoof_2019_LA/ASVspoof2019_LA_eval/flac/LA_E_3268198.flac,11
/data/DATASETS/ASV_Spoof_2019_LA/ASVspoof2019_LA_eval/flac/LA_E_3268886.flac,11
/data/DATASETS/ASV_Spoof_2019_LA/ASVspoof2019_LA_eval/flac/LA_E_3270302.flac,11
/data/DATASETS/ASV_Spoof_2019_LA/ASVspoof2019_LA_eval/flac/LA_E_3272985.flac,11
/data/DATASETS/ASV_Spoof_2019_LA/ASVspoof2019_LA_eval/flac/LA_E_3274232.flac,11
/data/DATASETS/ASV_Spoof_2019_LA/ASVspoof2019_LA_eval/flac/LA_E_3276073.flac,11
/data/DATASETS/ASV_Spoof_2019_LA/ASVspoof2019_LA_eval/flac/LA_E_3278860.flac,11
/data/DATASETS/ASV_Spoof_2019_LA/ASVspoof2019_LA_eval/flac/LA_E_3279384.flac,11
/data/DATASETS/ASV_Spoof_2019_LA/ASVspoof2019_LA_eval/flac/LA_E_3280312.flac,11
/data/DATASETS/ASV_Spoof_2019_LA/ASVspoof2019_LA_eval/flac/LA_E_3284214.flac,11
/data/DATASETS/ASV_Spoof_2019_LA/ASVspoof2019_LA_eval/flac/LA_E_3284979.flac,11
/data/DATASETS/ASV_Spoof_2019_LA/ASVspoof2019_LA_eval/flac/LA_E_3285279.flac,11
/data/DATASETS/ASV_Spoof_2019_LA/ASVspoof2019_LA_eval/flac/LA_E_3286170.flac,11
/data/DATASETS/ASV_Spoof_2019_LA/ASVspoof2019_LA_eval/flac/LA_E_3286345.flac,11
/data/DATASETS/ASV_Spoof_2019_LA/ASVspoof2019_LA_eval/flac/LA_E_3292784.flac,11
/data/DATASETS/ASV_Spoof_2019_LA/ASVspoof2019_LA_eval/flac/LA_E_3293902.flac,11
/data/DATASETS/ASV_Spoof_2019_LA/ASVspoof2019_LA_eval/flac/LA_E_3294278.flac,11
/data/DATASETS/ASV_Spoof_2019_LA/ASVspoof2019_LA_eval/flac/LA_E_3299287.flac,11
/data/DATASETS/ASV_Spoof_2019_LA/ASVspoof2019_LA_eval/flac/LA_E_3301348.flac,11
/data/DATASETS/ASV_Spoof_2019_LA/ASVspoof2019_LA_eval/flac/LA_E_3303261.flac,11
/data/DATASETS/ASV_Spoof_2019_LA/ASVspoof2019_LA_eval/flac/LA_E_3304700.flac,11
/data/DATASETS/ASV_Spoof_2019_LA/ASVspoof2019_LA_eval/flac/LA_E_3306765.flac,11
/data/DATASETS/ASV_Spoof_2019_LA/ASVspoof2019_LA_eval/flac/LA_E_3307914.flac,11
/data/DATASETS/ASV_Spoof_2019_LA/ASVspoof2019_LA_eval/flac/LA_E_3313904.flac,11
/data/DATASETS/ASV_Spoof_2019_LA/ASVspoof2019_LA_eval/flac/LA_E_3315717.flac,11
/data/DATASETS/ASV_Spoof_2019_LA/ASVspoof2019_LA_eval/flac/LA_E_3316085.flac,11
/data/DATASETS/ASV_Spoof_2019_LA/ASVspoof2019_LA_eval/flac/LA_E_3316740.flac,11
/data/DATASETS/ASV_Spoof_2019_LA/ASVspoof2019_LA_eval/flac/LA_E_3320828.flac,11
/data/DATASETS/ASV_Spoof_2019_LA/ASVspoof2019_LA_eval/flac/LA_E_3320883.flac,11
/data/DATASETS/ASV_Spoof_2019_LA/ASVspoof2019_LA_eval/flac/LA_E_3324293.flac,11
/data/DATASETS/ASV_Spoof_2019_LA/ASVspoof2019_LA_eval/flac/LA_E_3326110.flac,11
/data/DATASETS/ASV_Spoof_2019_LA/ASVspoof2019_LA_eval/flac/LA_E_3326865.flac,11
/data/DATASETS/ASV_Spoof_2019_LA/ASVspoof2019_LA_eval/flac/LA_E_3330543.flac,11
/data/DATASETS/ASV_Spoof_2019_LA/ASVspoof2019_LA_eval/flac/LA_E_3331400.flac,11
/data/DATASETS/ASV_Spoof_2019_LA/ASVspoof2019_LA_eval/flac/LA_E_3334168.flac,11
/data/DATASETS/ASV_Spoof_2019_LA/ASVspoof2019_LA_eval/flac/LA_E_3334409.flac,11
/data/DATASETS/ASV_Spoof_2019_LA/ASVspoof2019_LA_eval/flac/LA_E_3335410.flac,11
/data/DATASETS/ASV_Spoof_2019_LA/ASVspoof2019_LA_eval/flac/LA_E_3335795.flac,11
/data/DATASETS/ASV_Spoof_2019_LA/ASVspoof2019_LA_eval/flac/LA_E_3336719.flac,11
/data/DATASETS/ASV_Spoof_2019_LA/ASVspoof2019_LA_eval/flac/LA_E_3337779.flac,11
/data/DATASETS/ASV_Spoof_2019_LA/ASVspoof2019_LA_eval/flac/LA_E_3339447.flac,11
/data/DATASETS/ASV_Spoof_2019_LA/ASVspoof2019_LA_eval/flac/LA_E_3339989.flac,11
/data/DATASETS/ASV_Spoof_2019_LA/ASVspoof2019_LA_eval/flac/LA_E_3343666.flac,11
/data/DATASETS/ASV_Spoof_2019_LA/ASVspoof2019_LA_eval/flac/LA_E_3344838.flac,11
/data/DATASETS/ASV_Spoof_2019_LA/ASVspoof2019_LA_eval/flac/LA_E_3347011.flac,11
/data/DATASETS/ASV_Spoof_2019_LA/ASVspoof2019_LA_eval/flac/LA_E_3347286.flac,11
/data/DATASETS/ASV_Spoof_2019_LA/ASVspoof2019_LA_eval/flac/LA_E_3348314.flac,11
/data/DATASETS/ASV_Spoof_2019_LA/ASVspoof2019_LA_eval/flac/LA_E_3349036.flac,11
/data/DATASETS/ASV_Spoof_2019_LA/ASVspoof2019_LA_eval/flac/LA_E_3349373.flac,11
/data/DATASETS/ASV_Spoof_2019_LA/ASVspoof2019_LA_eval/flac/LA_E_3352048.flac,11
/data/DATASETS/ASV_Spoof_2019_LA/ASVspoof2019_LA_eval/flac/LA_E_3352942.flac,11
/data/DATASETS/ASV_Spoof_2019_LA/ASVspoof2019_LA_eval/flac/LA_E_3354507.flac,11
/data/DATASETS/ASV_Spoof_2019_LA/ASVspoof2019_LA_eval/flac/LA_E_3355321.flac,11
/data/DATASETS/ASV_Spoof_2019_LA/ASVspoof2019_LA_eval/flac/LA_E_3356387.flac,11
/data/DATASETS/ASV_Spoof_2019_LA/ASVspoof2019_LA_eval/flac/LA_E_3363628.flac,11
/data/DATASETS/ASV_Spoof_2019_LA/ASVspoof2019_LA_eval/flac/LA_E_3366713.flac,11
/data/DATASETS/ASV_Spoof_2019_LA/ASVspoof2019_LA_eval/flac/LA_E_3372858.flac,11
/data/DATASETS/ASV_Spoof_2019_LA/ASVspoof2019_LA_eval/flac/LA_E_3376297.flac,11
/data/DATASETS/ASV_Spoof_2019_LA/ASVspoof2019_LA_eval/flac/LA_E_3376441.flac,11
/data/DATASETS/ASV_Spoof_2019_LA/ASVspoof2019_LA_eval/flac/LA_E_3376563.flac,11
/data/DATASETS/ASV_Spoof_2019_LA/ASVspoof2019_LA_eval/flac/LA_E_3380734.flac,11
/data/DATASETS/ASV_Spoof_2019_LA/ASVspoof2019_LA_eval/flac/LA_E_3380741.flac,11
/data/DATASETS/ASV_Spoof_2019_LA/ASVspoof2019_LA_eval/flac/LA_E_3385032.flac,11
/data/DATASETS/ASV_Spoof_2019_LA/ASVspoof2019_LA_eval/flac/LA_E_3386111.flac,11
/data/DATASETS/ASV_Spoof_2019_LA/ASVspoof2019_LA_eval/flac/LA_E_3386915.flac,11
/data/DATASETS/ASV_Spoof_2019_LA/ASVspoof2019_LA_eval/flac/LA_E_3388507.flac,11
/data/DATASETS/ASV_Spoof_2019_LA/ASVspoof2019_LA_eval/flac/LA_E_3389281.flac,11
/data/DATASETS/ASV_Spoof_2019_LA/ASVspoof2019_LA_eval/flac/LA_E_3393018.flac,11
/data/DATASETS/ASV_Spoof_2019_LA/ASVspoof2019_LA_eval/flac/LA_E_3394197.flac,11
/data/DATASETS/ASV_Spoof_2019_LA/ASVspoof2019_LA_eval/flac/LA_E_3404981.flac,11
/data/DATASETS/ASV_Spoof_2019_LA/ASVspoof2019_LA_eval/flac/LA_E_3405436.flac,11
/data/DATASETS/ASV_Spoof_2019_LA/ASVspoof2019_LA_eval/flac/LA_E_3406002.flac,11
/data/DATASETS/ASV_Spoof_2019_LA/ASVspoof2019_LA_eval/flac/LA_E_3409597.flac,11
/data/DATASETS/ASV_Spoof_2019_LA/ASVspoof2019_LA_eval/flac/LA_E_3409836.flac,11
/data/DATASETS/ASV_Spoof_2019_LA/ASVspoof2019_LA_eval/flac/LA_E_3410062.flac,11
/data/DATASETS/ASV_Spoof_2019_LA/ASVspoof2019_LA_eval/flac/LA_E_3411244.flac,11
/data/DATASETS/ASV_Spoof_2019_LA/ASVspoof2019_LA_eval/flac/LA_E_3413181.flac,11
/data/DATASETS/ASV_Spoof_2019_LA/ASVspoof2019_LA_eval/flac/LA_E_3416290.flac,11
/data/DATASETS/ASV_Spoof_2019_LA/ASVspoof2019_LA_eval/flac/LA_E_3417113.flac,11
/data/DATASETS/ASV_Spoof_2019_LA/ASVspoof2019_LA_eval/flac/LA_E_3418174.flac,11
/data/DATASETS/ASV_Spoof_2019_LA/ASVspoof2019_LA_eval/flac/LA_E_3421362.flac,11
/data/DATASETS/ASV_Spoof_2019_LA/ASVspoof2019_LA_eval/flac/LA_E_3421508.flac,11
/data/DATASETS/ASV_Spoof_2019_LA/ASVspoof2019_LA_eval/flac/LA_E_3423402.flac,11
/data/DATASETS/ASV_Spoof_2019_LA/ASVspoof2019_LA_eval/flac/LA_E_3425371.flac,11
/data/DATASETS/ASV_Spoof_2019_LA/ASVspoof2019_LA_eval/flac/LA_E_3426087.flac,11
/data/DATASETS/ASV_Spoof_2019_LA/ASVspoof2019_LA_eval/flac/LA_E_3426122.flac,11
/data/DATASETS/ASV_Spoof_2019_LA/ASVspoof2019_LA_eval/flac/LA_E_3426605.flac,11
/data/DATASETS/ASV_Spoof_2019_LA/ASVspoof2019_LA_eval/flac/LA_E_3426931.flac,11
/data/DATASETS/ASV_Spoof_2019_LA/ASVspoof2019_LA_eval/flac/LA_E_3428569.flac,11
/data/DATASETS/ASV_Spoof_2019_LA/ASVspoof2019_LA_eval/flac/LA_E_3432767.flac,11
/data/DATASETS/ASV_Spoof_2019_LA/ASVspoof2019_LA_eval/flac/LA_E_3436293.flac,11
/data/DATASETS/ASV_Spoof_2019_LA/ASVspoof2019_LA_eval/flac/LA_E_3436964.flac,11
/data/DATASETS/ASV_Spoof_2019_LA/ASVspoof2019_LA_eval/flac/LA_E_3439753.flac,11
/data/DATASETS/ASV_Spoof_2019_LA/ASVspoof2019_LA_eval/flac/LA_E_3440049.flac,11
/data/DATASETS/ASV_Spoof_2019_LA/ASVspoof2019_LA_eval/flac/LA_E_3440715.flac,11
/data/DATASETS/ASV_Spoof_2019_LA/ASVspoof2019_LA_eval/flac/LA_E_3444673.flac,11
/data/DATASETS/ASV_Spoof_2019_LA/ASVspoof2019_LA_eval/flac/LA_E_3446164.flac,11
/data/DATASETS/ASV_Spoof_2019_LA/ASVspoof2019_LA_eval/flac/LA_E_3446251.flac,11
/data/DATASETS/ASV_Spoof_2019_LA/ASVspoof2019_LA_eval/flac/LA_E_3447130.flac,11
/data/DATASETS/ASV_Spoof_2019_LA/ASVspoof2019_LA_eval/flac/LA_E_3451203.flac,11
/data/DATASETS/ASV_Spoof_2019_LA/ASVspoof2019_LA_eval/flac/LA_E_3451604.flac,11
/data/DATASETS/ASV_Spoof_2019_LA/ASVspoof2019_LA_eval/flac/LA_E_3456978.flac,11
/data/DATASETS/ASV_Spoof_2019_LA/ASVspoof2019_LA_eval/flac/LA_E_3458976.flac,11
/data/DATASETS/ASV_Spoof_2019_LA/ASVspoof2019_LA_eval/flac/LA_E_3459628.flac,11
/data/DATASETS/ASV_Spoof_2019_LA/ASVspoof2019_LA_eval/flac/LA_E_3460555.flac,11
/data/DATASETS/ASV_Spoof_2019_LA/ASVspoof2019_LA_eval/flac/LA_E_3460897.flac,11
/data/DATASETS/ASV_Spoof_2019_LA/ASVspoof2019_LA_eval/flac/LA_E_3461828.flac,11
/data/DATASETS/ASV_Spoof_2019_LA/ASVspoof2019_LA_eval/flac/LA_E_3461936.flac,11
/data/DATASETS/ASV_Spoof_2019_LA/ASVspoof2019_LA_eval/flac/LA_E_3462089.flac,11
/data/DATASETS/ASV_Spoof_2019_LA/ASVspoof2019_LA_eval/flac/LA_E_3464763.flac,11
/data/DATASETS/ASV_Spoof_2019_LA/ASVspoof2019_LA_eval/flac/LA_E_3467985.flac,11
/data/DATASETS/ASV_Spoof_2019_LA/ASVspoof2019_LA_eval/flac/LA_E_3468082.flac,11
/data/DATASETS/ASV_Spoof_2019_LA/ASVspoof2019_LA_eval/flac/LA_E_3471670.flac,11
/data/DATASETS/ASV_Spoof_2019_LA/ASVspoof2019_LA_eval/flac/LA_E_3473041.flac,11
/data/DATASETS/ASV_Spoof_2019_LA/ASVspoof2019_LA_eval/flac/LA_E_3474685.flac,11
/data/DATASETS/ASV_Spoof_2019_LA/ASVspoof2019_LA_eval/flac/LA_E_3475563.flac,11
/data/DATASETS/ASV_Spoof_2019_LA/ASVspoof2019_LA_eval/flac/LA_E_3479751.flac,11
/data/DATASETS/ASV_Spoof_2019_LA/ASVspoof2019_LA_eval/flac/LA_E_3480030.flac,11
/data/DATASETS/ASV_Spoof_2019_LA/ASVspoof2019_LA_eval/flac/LA_E_3481707.flac,11
/data/DATASETS/ASV_Spoof_2019_LA/ASVspoof2019_LA_eval/flac/LA_E_3483845.flac,11
/data/DATASETS/ASV_Spoof_2019_LA/ASVspoof2019_LA_eval/flac/LA_E_3484412.flac,11
/data/DATASETS/ASV_Spoof_2019_LA/ASVspoof2019_LA_eval/flac/LA_E_3488512.flac,11
/data/DATASETS/ASV_Spoof_2019_LA/ASVspoof2019_LA_eval/flac/LA_E_3489769.flac,11
/data/DATASETS/ASV_Spoof_2019_LA/ASVspoof2019_LA_eval/flac/LA_E_3494053.flac,11
/data/DATASETS/ASV_Spoof_2019_LA/ASVspoof2019_LA_eval/flac/LA_E_3497588.flac,11
/data/DATASETS/ASV_Spoof_2019_LA/ASVspoof2019_LA_eval/flac/LA_E_3498414.flac,11
/data/DATASETS/ASV_Spoof_2019_LA/ASVspoof2019_LA_eval/flac/LA_E_3500206.flac,11
/data/DATASETS/ASV_Spoof_2019_LA/ASVspoof2019_LA_eval/flac/LA_E_3502740.flac,11
/data/DATASETS/ASV_Spoof_2019_LA/ASVspoof2019_LA_eval/flac/LA_E_3511182.flac,11
/data/DATASETS/ASV_Spoof_2019_LA/ASVspoof2019_LA_eval/flac/LA_E_3516490.flac,11
/data/DATASETS/ASV_Spoof_2019_LA/ASVspoof2019_LA_eval/flac/LA_E_3520437.flac,11
/data/DATASETS/ASV_Spoof_2019_LA/ASVspoof2019_LA_eval/flac/LA_E_3520601.flac,11
/data/DATASETS/ASV_Spoof_2019_LA/ASVspoof2019_LA_eval/flac/LA_E_3523711.flac,11
/data/DATASETS/ASV_Spoof_2019_LA/ASVspoof2019_LA_eval/flac/LA_E_3527956.flac,11
/data/DATASETS/ASV_Spoof_2019_LA/ASVspoof2019_LA_eval/flac/LA_E_3528870.flac,11
/data/DATASETS/ASV_Spoof_2019_LA/ASVspoof2019_LA_eval/flac/LA_E_3531825.flac,11
/data/DATASETS/ASV_Spoof_2019_LA/ASVspoof2019_LA_eval/flac/LA_E_3532154.flac,11
/data/DATASETS/ASV_Spoof_2019_LA/ASVspoof2019_LA_eval/flac/LA_E_3533553.flac,11
/data/DATASETS/ASV_Spoof_2019_LA/ASVspoof2019_LA_eval/flac/LA_E_3535083.flac,11
/data/DATASETS/ASV_Spoof_2019_LA/ASVspoof2019_LA_eval/flac/LA_E_3541044.flac,11
/data/DATASETS/ASV_Spoof_2019_LA/ASVspoof2019_LA_eval/flac/LA_E_3542555.flac,11
/data/DATASETS/ASV_Spoof_2019_LA/ASVspoof2019_LA_eval/flac/LA_E_3544771.flac,11
/data/DATASETS/ASV_Spoof_2019_LA/ASVspoof2019_LA_eval/flac/LA_E_3549090.flac,11
/data/DATASETS/ASV_Spoof_2019_LA/ASVspoof2019_LA_eval/flac/LA_E_3550089.flac,11
/data/DATASETS/ASV_Spoof_2019_LA/ASVspoof2019_LA_eval/flac/LA_E_3550241.flac,11
/data/DATASETS/ASV_Spoof_2019_LA/ASVspoof2019_LA_eval/flac/LA_E_3556092.flac,11
/data/DATASETS/ASV_Spoof_2019_LA/ASVspoof2019_LA_eval/flac/LA_E_3556165.flac,11
/data/DATASETS/ASV_Spoof_2019_LA/ASVspoof2019_LA_eval/flac/LA_E_3556822.flac,11
/data/DATASETS/ASV_Spoof_2019_LA/ASVspoof2019_LA_eval/flac/LA_E_3561986.flac,11
/data/DATASETS/ASV_Spoof_2019_LA/ASVspoof2019_LA_eval/flac/LA_E_3562082.flac,11
/data/DATASETS/ASV_Spoof_2019_LA/ASVspoof2019_LA_eval/flac/LA_E_3564264.flac,11
/data/DATASETS/ASV_Spoof_2019_LA/ASVspoof2019_LA_eval/flac/LA_E_3565009.flac,11
/data/DATASETS/ASV_Spoof_2019_LA/ASVspoof2019_LA_eval/flac/LA_E_3566355.flac,11
/data/DATASETS/ASV_Spoof_2019_LA/ASVspoof2019_LA_eval/flac/LA_E_3566792.flac,11
/data/DATASETS/ASV_Spoof_2019_LA/ASVspoof2019_LA_eval/flac/LA_E_3570328.flac,11
/data/DATASETS/ASV_Spoof_2019_LA/ASVspoof2019_LA_eval/flac/LA_E_3571198.flac,11
/data/DATASETS/ASV_Spoof_2019_LA/ASVspoof2019_LA_eval/flac/LA_E_3571743.flac,11
/data/DATASETS/ASV_Spoof_2019_LA/ASVspoof2019_LA_eval/flac/LA_E_3575912.flac,11
/data/DATASETS/ASV_Spoof_2019_LA/ASVspoof2019_LA_eval/flac/LA_E_3576794.flac,11
/data/DATASETS/ASV_Spoof_2019_LA/ASVspoof2019_LA_eval/flac/LA_E_3576992.flac,11
/data/DATASETS/ASV_Spoof_2019_LA/ASVspoof2019_LA_eval/flac/LA_E_3578551.flac,11
/data/DATASETS/ASV_Spoof_2019_LA/ASVspoof2019_LA_eval/flac/LA_E_3579156.flac,11
/data/DATASETS/ASV_Spoof_2019_LA/ASVspoof2019_LA_eval/flac/LA_E_3580669.flac,11
/data/DATASETS/ASV_Spoof_2019_LA/ASVspoof2019_LA_eval/flac/LA_E_3580695.flac,11
/data/DATASETS/ASV_Spoof_2019_LA/ASVspoof2019_LA_eval/flac/LA_E_3581786.flac,11
/data/DATASETS/ASV_Spoof_2019_LA/ASVspoof2019_LA_eval/flac/LA_E_3585365.flac,11
/data/DATASETS/ASV_Spoof_2019_LA/ASVspoof2019_LA_eval/flac/LA_E_3587994.flac,11
/data/DATASETS/ASV_Spoof_2019_LA/ASVspoof2019_LA_eval/flac/LA_E_3589416.flac,11
/data/DATASETS/ASV_Spoof_2019_LA/ASVspoof2019_LA_eval/flac/LA_E_3589469.flac,11
/data/DATASETS/ASV_Spoof_2019_LA/ASVspoof2019_LA_eval/flac/LA_E_3590197.flac,11
/data/DATASETS/ASV_Spoof_2019_LA/ASVspoof2019_LA_eval/flac/LA_E_3591215.flac,11
/data/DATASETS/ASV_Spoof_2019_LA/ASVspoof2019_LA_eval/flac/LA_E_3592263.flac,11
/data/DATASETS/ASV_Spoof_2019_LA/ASVspoof2019_LA_eval/flac/LA_E_3592408.flac,11
/data/DATASETS/ASV_Spoof_2019_LA/ASVspoof2019_LA_eval/flac/LA_E_3593020.flac,11
/data/DATASETS/ASV_Spoof_2019_LA/ASVspoof2019_LA_eval/flac/LA_E_3594138.flac,11
/data/DATASETS/ASV_Spoof_2019_LA/ASVspoof2019_LA_eval/flac/LA_E_3599201.flac,11
/data/DATASETS/ASV_Spoof_2019_LA/ASVspoof2019_LA_eval/flac/LA_E_3599653.flac,11
/data/DATASETS/ASV_Spoof_2019_LA/ASVspoof2019_LA_eval/flac/LA_E_3603529.flac,11
/data/DATASETS/ASV_Spoof_2019_LA/ASVspoof2019_LA_eval/flac/LA_E_3603686.flac,11
/data/DATASETS/ASV_Spoof_2019_LA/ASVspoof2019_LA_eval/flac/LA_E_3604987.flac,11
/data/DATASETS/ASV_Spoof_2019_LA/ASVspoof2019_LA_eval/flac/LA_E_3605424.flac,11
/data/DATASETS/ASV_Spoof_2019_LA/ASVspoof2019_LA_eval/flac/LA_E_3605979.flac,11
/data/DATASETS/ASV_Spoof_2019_LA/ASVspoof2019_LA_eval/flac/LA_E_3607304.flac,11
/data/DATASETS/ASV_Spoof_2019_LA/ASVspoof2019_LA_eval/flac/LA_E_3607789.flac,11
/data/DATASETS/ASV_Spoof_2019_LA/ASVspoof2019_LA_eval/flac/LA_E_3609517.flac,11
/data/DATASETS/ASV_Spoof_2019_LA/ASVspoof2019_LA_eval/flac/LA_E_3609931.flac,11
/data/DATASETS/ASV_Spoof_2019_LA/ASVspoof2019_LA_eval/flac/LA_E_3614483.flac,11
/data/DATASETS/ASV_Spoof_2019_LA/ASVspoof2019_LA_eval/flac/LA_E_3614520.flac,11
/data/DATASETS/ASV_Spoof_2019_LA/ASVspoof2019_LA_eval/flac/LA_E_3619299.flac,11
/data/DATASETS/ASV_Spoof_2019_LA/ASVspoof2019_LA_eval/flac/LA_E_3620435.flac,11
/data/DATASETS/ASV_Spoof_2019_LA/ASVspoof2019_LA_eval/flac/LA_E_3623714.flac,11
/data/DATASETS/ASV_Spoof_2019_LA/ASVspoof2019_LA_eval/flac/LA_E_3629828.flac,11
/data/DATASETS/ASV_Spoof_2019_LA/ASVspoof2019_LA_eval/flac/LA_E_3630714.flac,11
/data/DATASETS/ASV_Spoof_2019_LA/ASVspoof2019_LA_eval/flac/LA_E_3632860.flac,11
/data/DATASETS/ASV_Spoof_2019_LA/ASVspoof2019_LA_eval/flac/LA_E_3633167.flac,11
/data/DATASETS/ASV_Spoof_2019_LA/ASVspoof2019_LA_eval/flac/LA_E_3635585.flac,11
/data/DATASETS/ASV_Spoof_2019_LA/ASVspoof2019_LA_eval/flac/LA_E_3637316.flac,11
/data/DATASETS/ASV_Spoof_2019_LA/ASVspoof2019_LA_eval/flac/LA_E_3638032.flac,11
/data/DATASETS/ASV_Spoof_2019_LA/ASVspoof2019_LA_eval/flac/LA_E_3638757.flac,11
/data/DATASETS/ASV_Spoof_2019_LA/ASVspoof2019_LA_eval/flac/LA_E_3640067.flac,11
/data/DATASETS/ASV_Spoof_2019_LA/ASVspoof2019_LA_eval/flac/LA_E_3646790.flac,11
/data/DATASETS/ASV_Spoof_2019_LA/ASVspoof2019_LA_eval/flac/LA_E_3647308.flac,11
/data/DATASETS/ASV_Spoof_2019_LA/ASVspoof2019_LA_eval/flac/LA_E_3648218.flac,11
/data/DATASETS/ASV_Spoof_2019_LA/ASVspoof2019_LA_eval/flac/LA_E_3649591.flac,11
/data/DATASETS/ASV_Spoof_2019_LA/ASVspoof2019_LA_eval/flac/LA_E_3649893.flac,11
/data/DATASETS/ASV_Spoof_2019_LA/ASVspoof2019_LA_eval/flac/LA_E_3651718.flac,11
/data/DATASETS/ASV_Spoof_2019_LA/ASVspoof2019_LA_eval/flac/LA_E_3653693.flac,11
/data/DATASETS/ASV_Spoof_2019_LA/ASVspoof2019_LA_eval/flac/LA_E_3655101.flac,11
/data/DATASETS/ASV_Spoof_2019_LA/ASVspoof2019_LA_eval/flac/LA_E_3656408.flac,11
/data/DATASETS/ASV_Spoof_2019_LA/ASVspoof2019_LA_eval/flac/LA_E_3657540.flac,11
/data/DATASETS/ASV_Spoof_2019_LA/ASVspoof2019_LA_eval/flac/LA_E_3659860.flac,11
/data/DATASETS/ASV_Spoof_2019_LA/ASVspoof2019_LA_eval/flac/LA_E_3660248.flac,11
/data/DATASETS/ASV_Spoof_2019_LA/ASVspoof2019_LA_eval/flac/LA_E_3662988.flac,11
/data/DATASETS/ASV_Spoof_2019_LA/ASVspoof2019_LA_eval/flac/LA_E_3663441.flac,11
/data/DATASETS/ASV_Spoof_2019_LA/ASVspoof2019_LA_eval/flac/LA_E_3665332.flac,11
/data/DATASETS/ASV_Spoof_2019_LA/ASVspoof2019_LA_eval/flac/LA_E_3665350.flac,11
/data/DATASETS/ASV_Spoof_2019_LA/ASVspoof2019_LA_eval/flac/LA_E_3668763.flac,11
/data/DATASETS/ASV_Spoof_2019_LA/ASVspoof2019_LA_eval/flac/LA_E_3670047.flac,11
/data/DATASETS/ASV_Spoof_2019_LA/ASVspoof2019_LA_eval/flac/LA_E_3673247.flac,11
/data/DATASETS/ASV_Spoof_2019_LA/ASVspoof2019_LA_eval/flac/LA_E_3674086.flac,11
/data/DATASETS/ASV_Spoof_2019_LA/ASVspoof2019_LA_eval/flac/LA_E_3674134.flac,11
/data/DATASETS/ASV_Spoof_2019_LA/ASVspoof2019_LA_eval/flac/LA_E_3674860.flac,11
/data/DATASETS/ASV_Spoof_2019_LA/ASVspoof2019_LA_eval/flac/LA_E_3678030.flac,11
/data/DATASETS/ASV_Spoof_2019_LA/ASVspoof2019_LA_eval/flac/LA_E_3678206.flac,11
/data/DATASETS/ASV_Spoof_2019_LA/ASVspoof2019_LA_eval/flac/LA_E_3680301.flac,11
/data/DATASETS/ASV_Spoof_2019_LA/ASVspoof2019_LA_eval/flac/LA_E_3680533.flac,11
/data/DATASETS/ASV_Spoof_2019_LA/ASVspoof2019_LA_eval/flac/LA_E_3681726.flac,11
/data/DATASETS/ASV_Spoof_2019_LA/ASVspoof2019_LA_eval/flac/LA_E_3685621.flac,11
/data/DATASETS/ASV_Spoof_2019_LA/ASVspoof2019_LA_eval/flac/LA_E_3687111.flac,11
/data/DATASETS/ASV_Spoof_2019_LA/ASVspoof2019_LA_eval/flac/LA_E_3687381.flac,11
/data/DATASETS/ASV_Spoof_2019_LA/ASVspoof2019_LA_eval/flac/LA_E_3689526.flac,11
/data/DATASETS/ASV_Spoof_2019_LA/ASVspoof2019_LA_eval/flac/LA_E_3690588.flac,11
/data/DATASETS/ASV_Spoof_2019_LA/ASVspoof2019_LA_eval/flac/LA_E_3691381.flac,11
/data/DATASETS/ASV_Spoof_2019_LA/ASVspoof2019_LA_eval/flac/LA_E_3691439.flac,11
/data/DATASETS/ASV_Spoof_2019_LA/ASVspoof2019_LA_eval/flac/LA_E_3694225.flac,11
/data/DATASETS/ASV_Spoof_2019_LA/ASVspoof2019_LA_eval/flac/LA_E_3698225.flac,11
/data/DATASETS/ASV_Spoof_2019_LA/ASVspoof2019_LA_eval/flac/LA_E_3699591.flac,11
/data/DATASETS/ASV_Spoof_2019_LA/ASVspoof2019_LA_eval/flac/LA_E_3699696.flac,11
/data/DATASETS/ASV_Spoof_2019_LA/ASVspoof2019_LA_eval/flac/LA_E_3703820.flac,11
/data/DATASETS/ASV_Spoof_2019_LA/ASVspoof2019_LA_eval/flac/LA_E_3704851.flac,11
/data/DATASETS/ASV_Spoof_2019_LA/ASVspoof2019_LA_eval/flac/LA_E_3704934.flac,11
/data/DATASETS/ASV_Spoof_2019_LA/ASVspoof2019_LA_eval/flac/LA_E_3706147.flac,11
/data/DATASETS/ASV_Spoof_2019_LA/ASVspoof2019_LA_eval/flac/LA_E_3707684.flac,11
/data/DATASETS/ASV_Spoof_2019_LA/ASVspoof2019_LA_eval/flac/LA_E_3710478.flac,11
/data/DATASETS/ASV_Spoof_2019_LA/ASVspoof2019_LA_eval/flac/LA_E_3711084.flac,11
/data/DATASETS/ASV_Spoof_2019_LA/ASVspoof2019_LA_eval/flac/LA_E_3711738.flac,11
/data/DATASETS/ASV_Spoof_2019_LA/ASVspoof2019_LA_eval/flac/LA_E_3711928.flac,11
/data/DATASETS/ASV_Spoof_2019_LA/ASVspoof2019_LA_eval/flac/LA_E_3715487.flac,11
/data/DATASETS/ASV_Spoof_2019_LA/ASVspoof2019_LA_eval/flac/LA_E_3716037.flac,11
/data/DATASETS/ASV_Spoof_2019_LA/ASVspoof2019_LA_eval/flac/LA_E_3718657.flac,11
/data/DATASETS/ASV_Spoof_2019_LA/ASVspoof2019_LA_eval/flac/LA_E_3720114.flac,11
/data/DATASETS/ASV_Spoof_2019_LA/ASVspoof2019_LA_eval/flac/LA_E_3720682.flac,11
/data/DATASETS/ASV_Spoof_2019_LA/ASVspoof2019_LA_eval/flac/LA_E_3721027.flac,11
/data/DATASETS/ASV_Spoof_2019_LA/ASVspoof2019_LA_eval/flac/LA_E_3727699.flac,11
/data/DATASETS/ASV_Spoof_2019_LA/ASVspoof2019_LA_eval/flac/LA_E_3728904.flac,11
/data/DATASETS/ASV_Spoof_2019_LA/ASVspoof2019_LA_eval/flac/LA_E_3729428.flac,11
/data/DATASETS/ASV_Spoof_2019_LA/ASVspoof2019_LA_eval/flac/LA_E_3734674.flac,11
/data/DATASETS/ASV_Spoof_2019_LA/ASVspoof2019_LA_eval/flac/LA_E_3735565.flac,11
/data/DATASETS/ASV_Spoof_2019_LA/ASVspoof2019_LA_eval/flac/LA_E_3735713.flac,11
/data/DATASETS/ASV_Spoof_2019_LA/ASVspoof2019_LA_eval/flac/LA_E_3737188.flac,11
/data/DATASETS/ASV_Spoof_2019_LA/ASVspoof2019_LA_eval/flac/LA_E_3745634.flac,11
/data/DATASETS/ASV_Spoof_2019_LA/ASVspoof2019_LA_eval/flac/LA_E_3748200.flac,11
/data/DATASETS/ASV_Spoof_2019_LA/ASVspoof2019_LA_eval/flac/LA_E_3751267.flac,11
/data/DATASETS/ASV_Spoof_2019_LA/ASVspoof2019_LA_eval/flac/LA_E_3752507.flac,11
/data/DATASETS/ASV_Spoof_2019_LA/ASVspoof2019_LA_eval/flac/LA_E_3756061.flac,11
/data/DATASETS/ASV_Spoof_2019_LA/ASVspoof2019_LA_eval/flac/LA_E_3756529.flac,11
/data/DATASETS/ASV_Spoof_2019_LA/ASVspoof2019_LA_eval/flac/LA_E_3759084.flac,11
/data/DATASETS/ASV_Spoof_2019_LA/ASVspoof2019_LA_eval/flac/LA_E_3759769.flac,11
/data/DATASETS/ASV_Spoof_2019_LA/ASVspoof2019_LA_eval/flac/LA_E_3761129.flac,11
/data/DATASETS/ASV_Spoof_2019_LA/ASVspoof2019_LA_eval/flac/LA_E_3766007.flac,11
/data/DATASETS/ASV_Spoof_2019_LA/ASVspoof2019_LA_eval/flac/LA_E_3766433.flac,11
/data/DATASETS/ASV_Spoof_2019_LA/ASVspoof2019_LA_eval/flac/LA_E_3766963.flac,11
/data/DATASETS/ASV_Spoof_2019_LA/ASVspoof2019_LA_eval/flac/LA_E_3767919.flac,11
/data/DATASETS/ASV_Spoof_2019_LA/ASVspoof2019_LA_eval/flac/LA_E_3769695.flac,11
/data/DATASETS/ASV_Spoof_2019_LA/ASVspoof2019_LA_eval/flac/LA_E_3769796.flac,11
/data/DATASETS/ASV_Spoof_2019_LA/ASVspoof2019_LA_eval/flac/LA_E_3770189.flac,11
/data/DATASETS/ASV_Spoof_2019_LA/ASVspoof2019_LA_eval/flac/LA_E_3771443.flac,11
/data/DATASETS/ASV_Spoof_2019_LA/ASVspoof2019_LA_eval/flac/LA_E_3773559.flac,11
/data/DATASETS/ASV_Spoof_2019_LA/ASVspoof2019_LA_eval/flac/LA_E_3774196.flac,11
/data/DATASETS/ASV_Spoof_2019_LA/ASVspoof2019_LA_eval/flac/LA_E_3779174.flac,11
/data/DATASETS/ASV_Spoof_2019_LA/ASVspoof2019_LA_eval/flac/LA_E_3780955.flac,11
/data/DATASETS/ASV_Spoof_2019_LA/ASVspoof2019_LA_eval/flac/LA_E_3782872.flac,11
/data/DATASETS/ASV_Spoof_2019_LA/ASVspoof2019_LA_eval/flac/LA_E_3785019.flac,11
/data/DATASETS/ASV_Spoof_2019_LA/ASVspoof2019_LA_eval/flac/LA_E_3785316.flac,11
/data/DATASETS/ASV_Spoof_2019_LA/ASVspoof2019_LA_eval/flac/LA_E_3788897.flac,11
/data/DATASETS/ASV_Spoof_2019_LA/ASVspoof2019_LA_eval/flac/LA_E_3789984.flac,11
/data/DATASETS/ASV_Spoof_2019_LA/ASVspoof2019_LA_eval/flac/LA_E_3792738.flac,11
/data/DATASETS/ASV_Spoof_2019_LA/ASVspoof2019_LA_eval/flac/LA_E_3793556.flac,11
/data/DATASETS/ASV_Spoof_2019_LA/ASVspoof2019_LA_eval/flac/LA_E_3794458.flac,11
/data/DATASETS/ASV_Spoof_2019_LA/ASVspoof2019_LA_eval/flac/LA_E_3794478.flac,11
/data/DATASETS/ASV_Spoof_2019_LA/ASVspoof2019_LA_eval/flac/LA_E_3797623.flac,11
/data/DATASETS/ASV_Spoof_2019_LA/ASVspoof2019_LA_eval/flac/LA_E_3798027.flac,11
/data/DATASETS/ASV_Spoof_2019_LA/ASVspoof2019_LA_eval/flac/LA_E_3799313.flac,11
/data/DATASETS/ASV_Spoof_2019_LA/ASVspoof2019_LA_eval/flac/LA_E_3801101.flac,11
/data/DATASETS/ASV_Spoof_2019_LA/ASVspoof2019_LA_eval/flac/LA_E_3801425.flac,11
/data/DATASETS/ASV_Spoof_2019_LA/ASVspoof2019_LA_eval/flac/LA_E_3801561.flac,11
/data/DATASETS/ASV_Spoof_2019_LA/ASVspoof2019_LA_eval/flac/LA_E_3802146.flac,11
/data/DATASETS/ASV_Spoof_2019_LA/ASVspoof2019_LA_eval/flac/LA_E_3802666.flac,11
/data/DATASETS/ASV_Spoof_2019_LA/ASVspoof2019_LA_eval/flac/LA_E_3803878.flac,11
/data/DATASETS/ASV_Spoof_2019_LA/ASVspoof2019_LA_eval/flac/LA_E_3806916.flac,11
/data/DATASETS/ASV_Spoof_2019_LA/ASVspoof2019_LA_eval/flac/LA_E_3809129.flac,11
/data/DATASETS/ASV_Spoof_2019_LA/ASVspoof2019_LA_eval/flac/LA_E_3811217.flac,11
/data/DATASETS/ASV_Spoof_2019_LA/ASVspoof2019_LA_eval/flac/LA_E_3814033.flac,11
/data/DATASETS/ASV_Spoof_2019_LA/ASVspoof2019_LA_eval/flac/LA_E_3814121.flac,11
/data/DATASETS/ASV_Spoof_2019_LA/ASVspoof2019_LA_eval/flac/LA_E_3816841.flac,11
/data/DATASETS/ASV_Spoof_2019_LA/ASVspoof2019_LA_eval/flac/LA_E_3820628.flac,11
/data/DATASETS/ASV_Spoof_2019_LA/ASVspoof2019_LA_eval/flac/LA_E_3821427.flac,11
/data/DATASETS/ASV_Spoof_2019_LA/ASVspoof2019_LA_eval/flac/LA_E_3821588.flac,11
/data/DATASETS/ASV_Spoof_2019_LA/ASVspoof2019_LA_eval/flac/LA_E_3825298.flac,11
/data/DATASETS/ASV_Spoof_2019_LA/ASVspoof2019_LA_eval/flac/LA_E_3826515.flac,11
/data/DATASETS/ASV_Spoof_2019_LA/ASVspoof2019_LA_eval/flac/LA_E_3827295.flac,11
/data/DATASETS/ASV_Spoof_2019_LA/ASVspoof2019_LA_eval/flac/LA_E_3828012.flac,11
/data/DATASETS/ASV_Spoof_2019_LA/ASVspoof2019_LA_eval/flac/LA_E_3828374.flac,11
/data/DATASETS/ASV_Spoof_2019_LA/ASVspoof2019_LA_eval/flac/LA_E_3831844.flac,11
/data/DATASETS/ASV_Spoof_2019_LA/ASVspoof2019_LA_eval/flac/LA_E_3833129.flac,11
/data/DATASETS/ASV_Spoof_2019_LA/ASVspoof2019_LA_eval/flac/LA_E_3835788.flac,11
/data/DATASETS/ASV_Spoof_2019_LA/ASVspoof2019_LA_eval/flac/LA_E_3837441.flac,11
/data/DATASETS/ASV_Spoof_2019_LA/ASVspoof2019_LA_eval/flac/LA_E_3837952.flac,11
/data/DATASETS/ASV_Spoof_2019_LA/ASVspoof2019_LA_eval/flac/LA_E_3839226.flac,11
/data/DATASETS/ASV_Spoof_2019_LA/ASVspoof2019_LA_eval/flac/LA_E_3840037.flac,11
/data/DATASETS/ASV_Spoof_2019_LA/ASVspoof2019_LA_eval/flac/LA_E_3841078.flac,11
/data/DATASETS/ASV_Spoof_2019_LA/ASVspoof2019_LA_eval/flac/LA_E_3845124.flac,11
/data/DATASETS/ASV_Spoof_2019_LA/ASVspoof2019_LA_eval/flac/LA_E_3846233.flac,11
/data/DATASETS/ASV_Spoof_2019_LA/ASVspoof2019_LA_eval/flac/LA_E_3847106.flac,11
/data/DATASETS/ASV_Spoof_2019_LA/ASVspoof2019_LA_eval/flac/LA_E_3850573.flac,11
/data/DATASETS/ASV_Spoof_2019_LA/ASVspoof2019_LA_eval/flac/LA_E_3851760.flac,11
/data/DATASETS/ASV_Spoof_2019_LA/ASVspoof2019_LA_eval/flac/LA_E_3852677.flac,11
/data/DATASETS/ASV_Spoof_2019_LA/ASVspoof2019_LA_eval/flac/LA_E_3856377.flac,11
/data/DATASETS/ASV_Spoof_2019_LA/ASVspoof2019_LA_eval/flac/LA_E_3858441.flac,11
/data/DATASETS/ASV_Spoof_2019_LA/ASVspoof2019_LA_eval/flac/LA_E_3862990.flac,11
/data/DATASETS/ASV_Spoof_2019_LA/ASVspoof2019_LA_eval/flac/LA_E_3863017.flac,11
/data/DATASETS/ASV_Spoof_2019_LA/ASVspoof2019_LA_eval/flac/LA_E_3866952.flac,11
/data/DATASETS/ASV_Spoof_2019_LA/ASVspoof2019_LA_eval/flac/LA_E_3869530.flac,11
/data/DATASETS/ASV_Spoof_2019_LA/ASVspoof2019_LA_eval/flac/LA_E_3871555.flac,11
/data/DATASETS/ASV_Spoof_2019_LA/ASVspoof2019_LA_eval/flac/LA_E_3872063.flac,11
/data/DATASETS/ASV_Spoof_2019_LA/ASVspoof2019_LA_eval/flac/LA_E_3872870.flac,11
/data/DATASETS/ASV_Spoof_2019_LA/ASVspoof2019_LA_eval/flac/LA_E_3874530.flac,11
/data/DATASETS/ASV_Spoof_2019_LA/ASVspoof2019_LA_eval/flac/LA_E_3876965.flac,11
/data/DATASETS/ASV_Spoof_2019_LA/ASVspoof2019_LA_eval/flac/LA_E_3880080.flac,11
/data/DATASETS/ASV_Spoof_2019_LA/ASVspoof2019_LA_eval/flac/LA_E_3880218.flac,11
/data/DATASETS/ASV_Spoof_2019_LA/ASVspoof2019_LA_eval/flac/LA_E_3881251.flac,11
/data/DATASETS/ASV_Spoof_2019_LA/ASVspoof2019_LA_eval/flac/LA_E_3881673.flac,11
/data/DATASETS/ASV_Spoof_2019_LA/ASVspoof2019_LA_eval/flac/LA_E_3882965.flac,11
/data/DATASETS/ASV_Spoof_2019_LA/ASVspoof2019_LA_eval/flac/LA_E_3885115.flac,11
/data/DATASETS/ASV_Spoof_2019_LA/ASVspoof2019_LA_eval/flac/LA_E_3885936.flac,11
/data/DATASETS/ASV_Spoof_2019_LA/ASVspoof2019_LA_eval/flac/LA_E_3887819.flac,11
/data/DATASETS/ASV_Spoof_2019_LA/ASVspoof2019_LA_eval/flac/LA_E_3888055.flac,11
/data/DATASETS/ASV_Spoof_2019_LA/ASVspoof2019_LA_eval/flac/LA_E_3890109.flac,11
/data/DATASETS/ASV_Spoof_2019_LA/ASVspoof2019_LA_eval/flac/LA_E_3896153.flac,11
/data/DATASETS/ASV_Spoof_2019_LA/ASVspoof2019_LA_eval/flac/LA_E_3896776.flac,11
/data/DATASETS/ASV_Spoof_2019_LA/ASVspoof2019_LA_eval/flac/LA_E_3898284.flac,11
/data/DATASETS/ASV_Spoof_2019_LA/ASVspoof2019_LA_eval/flac/LA_E_3905591.flac,11
/data/DATASETS/ASV_Spoof_2019_LA/ASVspoof2019_LA_eval/flac/LA_E_3908072.flac,11
/data/DATASETS/ASV_Spoof_2019_LA/ASVspoof2019_LA_eval/flac/LA_E_3908945.flac,11
/data/DATASETS/ASV_Spoof_2019_LA/ASVspoof2019_LA_eval/flac/LA_E_3914737.flac,11
/data/DATASETS/ASV_Spoof_2019_LA/ASVspoof2019_LA_eval/flac/LA_E_3916055.flac,11
/data/DATASETS/ASV_Spoof_2019_LA/ASVspoof2019_LA_eval/flac/LA_E_3916094.flac,11
/data/DATASETS/ASV_Spoof_2019_LA/ASVspoof2019_LA_eval/flac/LA_E_3918736.flac,11
/data/DATASETS/ASV_Spoof_2019_LA/ASVspoof2019_LA_eval/flac/LA_E_3919251.flac,11
/data/DATASETS/ASV_Spoof_2019_LA/ASVspoof2019_LA_eval/flac/LA_E_3921322.flac,11
/data/DATASETS/ASV_Spoof_2019_LA/ASVspoof2019_LA_eval/flac/LA_E_3925744.flac,11
/data/DATASETS/ASV_Spoof_2019_LA/ASVspoof2019_LA_eval/flac/LA_E_3926503.flac,11
/data/DATASETS/ASV_Spoof_2019_LA/ASVspoof2019_LA_eval/flac/LA_E_3929343.flac,11
/data/DATASETS/ASV_Spoof_2019_LA/ASVspoof2019_LA_eval/flac/LA_E_3931280.flac,11
/data/DATASETS/ASV_Spoof_2019_LA/ASVspoof2019_LA_eval/flac/LA_E_3933379.flac,11
/data/DATASETS/ASV_Spoof_2019_LA/ASVspoof2019_LA_eval/flac/LA_E_3934959.flac,11
/data/DATASETS/ASV_Spoof_2019_LA/ASVspoof2019_LA_eval/flac/LA_E_3940070.flac,11
/data/DATASETS/ASV_Spoof_2019_LA/ASVspoof2019_LA_eval/flac/LA_E_3940629.flac,11
/data/DATASETS/ASV_Spoof_2019_LA/ASVspoof2019_LA_eval/flac/LA_E_3940907.flac,11
/data/DATASETS/ASV_Spoof_2019_LA/ASVspoof2019_LA_eval/flac/LA_E_3942123.flac,11
/data/DATASETS/ASV_Spoof_2019_LA/ASVspoof2019_LA_eval/flac/LA_E_3942306.flac,11
/data/DATASETS/ASV_Spoof_2019_LA/ASVspoof2019_LA_eval/flac/LA_E_3943370.flac,11
/data/DATASETS/ASV_Spoof_2019_LA/ASVspoof2019_LA_eval/flac/LA_E_3945699.flac,11
/data/DATASETS/ASV_Spoof_2019_LA/ASVspoof2019_LA_eval/flac/LA_E_3945718.flac,11
/data/DATASETS/ASV_Spoof_2019_LA/ASVspoof2019_LA_eval/flac/LA_E_3946300.flac,11
/data/DATASETS/ASV_Spoof_2019_LA/ASVspoof2019_LA_eval/flac/LA_E_3947654.flac,11
/data/DATASETS/ASV_Spoof_2019_LA/ASVspoof2019_LA_eval/flac/LA_E_3947690.flac,11
/data/DATASETS/ASV_Spoof_2019_LA/ASVspoof2019_LA_eval/flac/LA_E_3948539.flac,11
/data/DATASETS/ASV_Spoof_2019_LA/ASVspoof2019_LA_eval/flac/LA_E_3949182.flac,11
/data/DATASETS/ASV_Spoof_2019_LA/ASVspoof2019_LA_eval/flac/LA_E_3953064.flac,11
/data/DATASETS/ASV_Spoof_2019_LA/ASVspoof2019_LA_eval/flac/LA_E_3954520.flac,11
/data/DATASETS/ASV_Spoof_2019_LA/ASVspoof2019_LA_eval/flac/LA_E_3957263.flac,11
/data/DATASETS/ASV_Spoof_2019_LA/ASVspoof2019_LA_eval/flac/LA_E_3957407.flac,11
/data/DATASETS/ASV_Spoof_2019_LA/ASVspoof2019_LA_eval/flac/LA_E_3957430.flac,11
/data/DATASETS/ASV_Spoof_2019_LA/ASVspoof2019_LA_eval/flac/LA_E_3957927.flac,11
/data/DATASETS/ASV_Spoof_2019_LA/ASVspoof2019_LA_eval/flac/LA_E_3960451.flac,11
/data/DATASETS/ASV_Spoof_2019_LA/ASVspoof2019_LA_eval/flac/LA_E_3964367.flac,11
/data/DATASETS/ASV_Spoof_2019_LA/ASVspoof2019_LA_eval/flac/LA_E_3965596.flac,11
/data/DATASETS/ASV_Spoof_2019_LA/ASVspoof2019_LA_eval/flac/LA_E_3968080.flac,11
/data/DATASETS/ASV_Spoof_2019_LA/ASVspoof2019_LA_eval/flac/LA_E_3972359.flac,11
/data/DATASETS/ASV_Spoof_2019_LA/ASVspoof2019_LA_eval/flac/LA_E_3974092.flac,11
/data/DATASETS/ASV_Spoof_2019_LA/ASVspoof2019_LA_eval/flac/LA_E_3974899.flac,11
/data/DATASETS/ASV_Spoof_2019_LA/ASVspoof2019_LA_eval/flac/LA_E_3977019.flac,11
/data/DATASETS/ASV_Spoof_2019_LA/ASVspoof2019_LA_eval/flac/LA_E_3977036.flac,11
/data/DATASETS/ASV_Spoof_2019_LA/ASVspoof2019_LA_eval/flac/LA_E_3977388.flac,11
/data/DATASETS/ASV_Spoof_2019_LA/ASVspoof2019_LA_eval/flac/LA_E_3979192.flac,11
/data/DATASETS/ASV_Spoof_2019_LA/ASVspoof2019_LA_eval/flac/LA_E_3979889.flac,11
/data/DATASETS/ASV_Spoof_2019_LA/ASVspoof2019_LA_eval/flac/LA_E_3984289.flac,11
/data/DATASETS/ASV_Spoof_2019_LA/ASVspoof2019_LA_eval/flac/LA_E_3984766.flac,11
/data/DATASETS/ASV_Spoof_2019_LA/ASVspoof2019_LA_eval/flac/LA_E_3986509.flac,11
/data/DATASETS/ASV_Spoof_2019_LA/ASVspoof2019_LA_eval/flac/LA_E_3990069.flac,11
/data/DATASETS/ASV_Spoof_2019_LA/ASVspoof2019_LA_eval/flac/LA_E_3991958.flac,11
/data/DATASETS/ASV_Spoof_2019_LA/ASVspoof2019_LA_eval/flac/LA_E_3993295.flac,11
/data/DATASETS/ASV_Spoof_2019_LA/ASVspoof2019_LA_eval/flac/LA_E_3993918.flac,11
/data/DATASETS/ASV_Spoof_2019_LA/ASVspoof2019_LA_eval/flac/LA_E_3996568.flac,11
/data/DATASETS/ASV_Spoof_2019_LA/ASVspoof2019_LA_eval/flac/LA_E_3999419.flac,11
/data/DATASETS/ASV_Spoof_2019_LA/ASVspoof2019_LA_eval/flac/LA_E_4002222.flac,11
/data/DATASETS/ASV_Spoof_2019_LA/ASVspoof2019_LA_eval/flac/LA_E_4004296.flac,11
/data/DATASETS/ASV_Spoof_2019_LA/ASVspoof2019_LA_eval/flac/LA_E_4006749.flac,11
/data/DATASETS/ASV_Spoof_2019_LA/ASVspoof2019_LA_eval/flac/LA_E_4007937.flac,11
/data/DATASETS/ASV_Spoof_2019_LA/ASVspoof2019_LA_eval/flac/LA_E_4008750.flac,11
/data/DATASETS/ASV_Spoof_2019_LA/ASVspoof2019_LA_eval/flac/LA_E_4010650.flac,11
/data/DATASETS/ASV_Spoof_2019_LA/ASVspoof2019_LA_eval/flac/LA_E_4010743.flac,11
/data/DATASETS/ASV_Spoof_2019_LA/ASVspoof2019_LA_eval/flac/LA_E_4010966.flac,11
/data/DATASETS/ASV_Spoof_2019_LA/ASVspoof2019_LA_eval/flac/LA_E_4011687.flac,11
/data/DATASETS/ASV_Spoof_2019_LA/ASVspoof2019_LA_eval/flac/LA_E_4011916.flac,11
/data/DATASETS/ASV_Spoof_2019_LA/ASVspoof2019_LA_eval/flac/LA_E_4021279.flac,11
/data/DATASETS/ASV_Spoof_2019_LA/ASVspoof2019_LA_eval/flac/LA_E_4021725.flac,11
/data/DATASETS/ASV_Spoof_2019_LA/ASVspoof2019_LA_eval/flac/LA_E_4024463.flac,11
/data/DATASETS/ASV_Spoof_2019_LA/ASVspoof2019_LA_eval/flac/LA_E_4024712.flac,11
/data/DATASETS/ASV_Spoof_2019_LA/ASVspoof2019_LA_eval/flac/LA_E_4027920.flac,11
/data/DATASETS/ASV_Spoof_2019_LA/ASVspoof2019_LA_eval/flac/LA_E_4027982.flac,11
/data/DATASETS/ASV_Spoof_2019_LA/ASVspoof2019_LA_eval/flac/LA_E_4032040.flac,11
/data/DATASETS/ASV_Spoof_2019_LA/ASVspoof2019_LA_eval/flac/LA_E_4036664.flac,11
/data/DATASETS/ASV_Spoof_2019_LA/ASVspoof2019_LA_eval/flac/LA_E_4037730.flac,11
/data/DATASETS/ASV_Spoof_2019_LA/ASVspoof2019_LA_eval/flac/LA_E_4041564.flac,11
/data/DATASETS/ASV_Spoof_2019_LA/ASVspoof2019_LA_eval/flac/LA_E_4041918.flac,11
/data/DATASETS/ASV_Spoof_2019_LA/ASVspoof2019_LA_eval/flac/LA_E_4042947.flac,11
/data/DATASETS/ASV_Spoof_2019_LA/ASVspoof2019_LA_eval/flac/LA_E_4046605.flac,11
/data/DATASETS/ASV_Spoof_2019_LA/ASVspoof2019_LA_eval/flac/LA_E_4046701.flac,11
/data/DATASETS/ASV_Spoof_2019_LA/ASVspoof2019_LA_eval/flac/LA_E_4052955.flac,11
/data/DATASETS/ASV_Spoof_2019_LA/ASVspoof2019_LA_eval/flac/LA_E_4056707.flac,11
/data/DATASETS/ASV_Spoof_2019_LA/ASVspoof2019_LA_eval/flac/LA_E_4061181.flac,11
/data/DATASETS/ASV_Spoof_2019_LA/ASVspoof2019_LA_eval/flac/LA_E_4062844.flac,11
/data/DATASETS/ASV_Spoof_2019_LA/ASVspoof2019_LA_eval/flac/LA_E_4063254.flac,11
/data/DATASETS/ASV_Spoof_2019_LA/ASVspoof2019_LA_eval/flac/LA_E_4064584.flac,11
/data/DATASETS/ASV_Spoof_2019_LA/ASVspoof2019_LA_eval/flac/LA_E_4065507.flac,11
/data/DATASETS/ASV_Spoof_2019_LA/ASVspoof2019_LA_eval/flac/LA_E_4068721.flac,11
/data/DATASETS/ASV_Spoof_2019_LA/ASVspoof2019_LA_eval/flac/LA_E_4069314.flac,11
/data/DATASETS/ASV_Spoof_2019_LA/ASVspoof2019_LA_eval/flac/LA_E_4073112.flac,11
/data/DATASETS/ASV_Spoof_2019_LA/ASVspoof2019_LA_eval/flac/LA_E_4075156.flac,11
/data/DATASETS/ASV_Spoof_2019_LA/ASVspoof2019_LA_eval/flac/LA_E_4075554.flac,11
/data/DATASETS/ASV_Spoof_2019_LA/ASVspoof2019_LA_eval/flac/LA_E_4077377.flac,11
/data/DATASETS/ASV_Spoof_2019_LA/ASVspoof2019_LA_eval/flac/LA_E_4077410.flac,11
/data/DATASETS/ASV_Spoof_2019_LA/ASVspoof2019_LA_eval/flac/LA_E_4079957.flac,11
/data/DATASETS/ASV_Spoof_2019_LA/ASVspoof2019_LA_eval/flac/LA_E_4080447.flac,11
/data/DATASETS/ASV_Spoof_2019_LA/ASVspoof2019_LA_eval/flac/LA_E_4080704.flac,11
/data/DATASETS/ASV_Spoof_2019_LA/ASVspoof2019_LA_eval/flac/LA_E_4084362.flac,11
/data/DATASETS/ASV_Spoof_2019_LA/ASVspoof2019_LA_eval/flac/LA_E_4085339.flac,11
/data/DATASETS/ASV_Spoof_2019_LA/ASVspoof2019_LA_eval/flac/LA_E_4086401.flac,11
/data/DATASETS/ASV_Spoof_2019_LA/ASVspoof2019_LA_eval/flac/LA_E_4089541.flac,11
/data/DATASETS/ASV_Spoof_2019_LA/ASVspoof2019_LA_eval/flac/LA_E_4092947.flac,11
/data/DATASETS/ASV_Spoof_2019_LA/ASVspoof2019_LA_eval/flac/LA_E_4095384.flac,11
/data/DATASETS/ASV_Spoof_2019_LA/ASVspoof2019_LA_eval/flac/LA_E_4095388.flac,11
/data/DATASETS/ASV_Spoof_2019_LA/ASVspoof2019_LA_eval/flac/LA_E_4099921.flac,11
/data/DATASETS/ASV_Spoof_2019_LA/ASVspoof2019_LA_eval/flac/LA_E_4101148.flac,11
/data/DATASETS/ASV_Spoof_2019_LA/ASVspoof2019_LA_eval/flac/LA_E_4102959.flac,11
/data/DATASETS/ASV_Spoof_2019_LA/ASVspoof2019_LA_eval/flac/LA_E_4103806.flac,11
/data/DATASETS/ASV_Spoof_2019_LA/ASVspoof2019_LA_eval/flac/LA_E_4104605.flac,11
/data/DATASETS/ASV_Spoof_2019_LA/ASVspoof2019_LA_eval/flac/LA_E_4106133.flac,11
/data/DATASETS/ASV_Spoof_2019_LA/ASVspoof2019_LA_eval/flac/LA_E_4106697.flac,11
/data/DATASETS/ASV_Spoof_2019_LA/ASVspoof2019_LA_eval/flac/LA_E_4111347.flac,11
/data/DATASETS/ASV_Spoof_2019_LA/ASVspoof2019_LA_eval/flac/LA_E_4111718.flac,11
/data/DATASETS/ASV_Spoof_2019_LA/ASVspoof2019_LA_eval/flac/LA_E_4117967.flac,11
/data/DATASETS/ASV_Spoof_2019_LA/ASVspoof2019_LA_eval/flac/LA_E_4120637.flac,11
/data/DATASETS/ASV_Spoof_2019_LA/ASVspoof2019_LA_eval/flac/LA_E_4121303.flac,11
/data/DATASETS/ASV_Spoof_2019_LA/ASVspoof2019_LA_eval/flac/LA_E_4121318.flac,11
/data/DATASETS/ASV_Spoof_2019_LA/ASVspoof2019_LA_eval/flac/LA_E_4121494.flac,11
/data/DATASETS/ASV_Spoof_2019_LA/ASVspoof2019_LA_eval/flac/LA_E_4121650.flac,11
/data/DATASETS/ASV_Spoof_2019_LA/ASVspoof2019_LA_eval/flac/LA_E_4127302.flac,11
/data/DATASETS/ASV_Spoof_2019_LA/ASVspoof2019_LA_eval/flac/LA_E_4127397.flac,11
/data/DATASETS/ASV_Spoof_2019_LA/ASVspoof2019_LA_eval/flac/LA_E_4130680.flac,11
/data/DATASETS/ASV_Spoof_2019_LA/ASVspoof2019_LA_eval/flac/LA_E_4132477.flac,11
/data/DATASETS/ASV_Spoof_2019_LA/ASVspoof2019_LA_eval/flac/LA_E_4133769.flac,11
/data/DATASETS/ASV_Spoof_2019_LA/ASVspoof2019_LA_eval/flac/LA_E_4134501.flac,11
/data/DATASETS/ASV_Spoof_2019_LA/ASVspoof2019_LA_eval/flac/LA_E_4135450.flac,11
/data/DATASETS/ASV_Spoof_2019_LA/ASVspoof2019_LA_eval/flac/LA_E_4137616.flac,11
/data/DATASETS/ASV_Spoof_2019_LA/ASVspoof2019_LA_eval/flac/LA_E_4137743.flac,11
/data/DATASETS/ASV_Spoof_2019_LA/ASVspoof2019_LA_eval/flac/LA_E_4137913.flac,11
/data/DATASETS/ASV_Spoof_2019_LA/ASVspoof2019_LA_eval/flac/LA_E_4138689.flac,11
/data/DATASETS/ASV_Spoof_2019_LA/ASVspoof2019_LA_eval/flac/LA_E_4144308.flac,11
/data/DATASETS/ASV_Spoof_2019_LA/ASVspoof2019_LA_eval/flac/LA_E_4144929.flac,11
/data/DATASETS/ASV_Spoof_2019_LA/ASVspoof2019_LA_eval/flac/LA_E_4145418.flac,11
/data/DATASETS/ASV_Spoof_2019_LA/ASVspoof2019_LA_eval/flac/LA_E_4145898.flac,11
/data/DATASETS/ASV_Spoof_2019_LA/ASVspoof2019_LA_eval/flac/LA_E_4148541.flac,11
/data/DATASETS/ASV_Spoof_2019_LA/ASVspoof2019_LA_eval/flac/LA_E_4149963.flac,11
/data/DATASETS/ASV_Spoof_2019_LA/ASVspoof2019_LA_eval/flac/LA_E_4158979.flac,11
/data/DATASETS/ASV_Spoof_2019_LA/ASVspoof2019_LA_eval/flac/LA_E_4160226.flac,11
/data/DATASETS/ASV_Spoof_2019_LA/ASVspoof2019_LA_eval/flac/LA_E_4161744.flac,11
/data/DATASETS/ASV_Spoof_2019_LA/ASVspoof2019_LA_eval/flac/LA_E_4164842.flac,11
/data/DATASETS/ASV_Spoof_2019_LA/ASVspoof2019_LA_eval/flac/LA_E_4165521.flac,11
/data/DATASETS/ASV_Spoof_2019_LA/ASVspoof2019_LA_eval/flac/LA_E_4166104.flac,11
/data/DATASETS/ASV_Spoof_2019_LA/ASVspoof2019_LA_eval/flac/LA_E_4166478.flac,11
/data/DATASETS/ASV_Spoof_2019_LA/ASVspoof2019_LA_eval/flac/LA_E_4168538.flac,11
/data/DATASETS/ASV_Spoof_2019_LA/ASVspoof2019_LA_eval/flac/LA_E_4174884.flac,11
/data/DATASETS/ASV_Spoof_2019_LA/ASVspoof2019_LA_eval/flac/LA_E_4187768.flac,11
/data/DATASETS/ASV_Spoof_2019_LA/ASVspoof2019_LA_eval/flac/LA_E_4188629.flac,11
/data/DATASETS/ASV_Spoof_2019_LA/ASVspoof2019_LA_eval/flac/LA_E_4189776.flac,11
/data/DATASETS/ASV_Spoof_2019_LA/ASVspoof2019_LA_eval/flac/LA_E_4190140.flac,11
/data/DATASETS/ASV_Spoof_2019_LA/ASVspoof2019_LA_eval/flac/LA_E_4194078.flac,11
/data/DATASETS/ASV_Spoof_2019_LA/ASVspoof2019_LA_eval/flac/LA_E_4195453.flac,11
/data/DATASETS/ASV_Spoof_2019_LA/ASVspoof2019_LA_eval/flac/LA_E_4199075.flac,11
/data/DATASETS/ASV_Spoof_2019_LA/ASVspoof2019_LA_eval/flac/LA_E_4199301.flac,11
/data/DATASETS/ASV_Spoof_2019_LA/ASVspoof2019_LA_eval/flac/LA_E_4217504.flac,11
/data/DATASETS/ASV_Spoof_2019_LA/ASVspoof2019_LA_eval/flac/LA_E_4218849.flac,11
/data/DATASETS/ASV_Spoof_2019_LA/ASVspoof2019_LA_eval/flac/LA_E_4219123.flac,11
/data/DATASETS/ASV_Spoof_2019_LA/ASVspoof2019_LA_eval/flac/LA_E_4220988.flac,11
/data/DATASETS/ASV_Spoof_2019_LA/ASVspoof2019_LA_eval/flac/LA_E_4227808.flac,11
/data/DATASETS/ASV_Spoof_2019_LA/ASVspoof2019_LA_eval/flac/LA_E_4228754.flac,11
/data/DATASETS/ASV_Spoof_2019_LA/ASVspoof2019_LA_eval/flac/LA_E_4228943.flac,11
/data/DATASETS/ASV_Spoof_2019_LA/ASVspoof2019_LA_eval/flac/LA_E_4231721.flac,11
/data/DATASETS/ASV_Spoof_2019_LA/ASVspoof2019_LA_eval/flac/LA_E_4233982.flac,11
/data/DATASETS/ASV_Spoof_2019_LA/ASVspoof2019_LA_eval/flac/LA_E_4234269.flac,11
/data/DATASETS/ASV_Spoof_2019_LA/ASVspoof2019_LA_eval/flac/LA_E_4236436.flac,11
/data/DATASETS/ASV_Spoof_2019_LA/ASVspoof2019_LA_eval/flac/LA_E_4238567.flac,11
/data/DATASETS/ASV_Spoof_2019_LA/ASVspoof2019_LA_eval/flac/LA_E_4238662.flac,11
/data/DATASETS/ASV_Spoof_2019_LA/ASVspoof2019_LA_eval/flac/LA_E_4239198.flac,11
/data/DATASETS/ASV_Spoof_2019_LA/ASVspoof2019_LA_eval/flac/LA_E_4241139.flac,11
/data/DATASETS/ASV_Spoof_2019_LA/ASVspoof2019_LA_eval/flac/LA_E_4253015.flac,11
/data/DATASETS/ASV_Spoof_2019_LA/ASVspoof2019_LA_eval/flac/LA_E_4256220.flac,11
/data/DATASETS/ASV_Spoof_2019_LA/ASVspoof2019_LA_eval/flac/LA_E_4258786.flac,11
/data/DATASETS/ASV_Spoof_2019_LA/ASVspoof2019_LA_eval/flac/LA_E_4260399.flac,11
/data/DATASETS/ASV_Spoof_2019_LA/ASVspoof2019_LA_eval/flac/LA_E_4261523.flac,11
/data/DATASETS/ASV_Spoof_2019_LA/ASVspoof2019_LA_eval/flac/LA_E_4263076.flac,11
/data/DATASETS/ASV_Spoof_2019_LA/ASVspoof2019_LA_eval/flac/LA_E_4264022.flac,11
/data/DATASETS/ASV_Spoof_2019_LA/ASVspoof2019_LA_eval/flac/LA_E_4266361.flac,11
/data/DATASETS/ASV_Spoof_2019_LA/ASVspoof2019_LA_eval/flac/LA_E_4268921.flac,11
/data/DATASETS/ASV_Spoof_2019_LA/ASVspoof2019_LA_eval/flac/LA_E_4269754.flac,11
/data/DATASETS/ASV_Spoof_2019_LA/ASVspoof2019_LA_eval/flac/LA_E_4272094.flac,11
/data/DATASETS/ASV_Spoof_2019_LA/ASVspoof2019_LA_eval/flac/LA_E_4274944.flac,11
/data/DATASETS/ASV_Spoof_2019_LA/ASVspoof2019_LA_eval/flac/LA_E_4278048.flac,11
/data/DATASETS/ASV_Spoof_2019_LA/ASVspoof2019_LA_eval/flac/LA_E_4281346.flac,11
/data/DATASETS/ASV_Spoof_2019_LA/ASVspoof2019_LA_eval/flac/LA_E_4282721.flac,11
/data/DATASETS/ASV_Spoof_2019_LA/ASVspoof2019_LA_eval/flac/LA_E_4288904.flac,11
/data/DATASETS/ASV_Spoof_2019_LA/ASVspoof2019_LA_eval/flac/LA_E_4290579.flac,11
/data/DATASETS/ASV_Spoof_2019_LA/ASVspoof2019_LA_eval/flac/LA_E_4292442.flac,11
/data/DATASETS/ASV_Spoof_2019_LA/ASVspoof2019_LA_eval/flac/LA_E_4295355.flac,11
/data/DATASETS/ASV_Spoof_2019_LA/ASVspoof2019_LA_eval/flac/LA_E_4296721.flac,11
/data/DATASETS/ASV_Spoof_2019_LA/ASVspoof2019_LA_eval/flac/LA_E_4303642.flac,11
/data/DATASETS/ASV_Spoof_2019_LA/ASVspoof2019_LA_eval/flac/LA_E_4304164.flac,11
/data/DATASETS/ASV_Spoof_2019_LA/ASVspoof2019_LA_eval/flac/LA_E_4305976.flac,11
/data/DATASETS/ASV_Spoof_2019_LA/ASVspoof2019_LA_eval/flac/LA_E_4306439.flac,11
/data/DATASETS/ASV_Spoof_2019_LA/ASVspoof2019_LA_eval/flac/LA_E_4317321.flac,11
/data/DATASETS/ASV_Spoof_2019_LA/ASVspoof2019_LA_eval/flac/LA_E_4322653.flac,11
/data/DATASETS/ASV_Spoof_2019_LA/ASVspoof2019_LA_eval/flac/LA_E_4325694.flac,11
/data/DATASETS/ASV_Spoof_2019_LA/ASVspoof2019_LA_eval/flac/LA_E_4326729.flac,11
/data/DATASETS/ASV_Spoof_2019_LA/ASVspoof2019_LA_eval/flac/LA_E_4327843.flac,11
/data/DATASETS/ASV_Spoof_2019_LA/ASVspoof2019_LA_eval/flac/LA_E_4328533.flac,11
/data/DATASETS/ASV_Spoof_2019_LA/ASVspoof2019_LA_eval/flac/LA_E_4329924.flac,11
/data/DATASETS/ASV_Spoof_2019_LA/ASVspoof2019_LA_eval/flac/LA_E_4336426.flac,11
/data/DATASETS/ASV_Spoof_2019_LA/ASVspoof2019_LA_eval/flac/LA_E_4342514.flac,11
/data/DATASETS/ASV_Spoof_2019_LA/ASVspoof2019_LA_eval/flac/LA_E_4344118.flac,11
/data/DATASETS/ASV_Spoof_2019_LA/ASVspoof2019_LA_eval/flac/LA_E_4345908.flac,11
/data/DATASETS/ASV_Spoof_2019_LA/ASVspoof2019_LA_eval/flac/LA_E_4346307.flac,11
/data/DATASETS/ASV_Spoof_2019_LA/ASVspoof2019_LA_eval/flac/LA_E_4347159.flac,11
/data/DATASETS/ASV_Spoof_2019_LA/ASVspoof2019_LA_eval/flac/LA_E_4348946.flac,11
/data/DATASETS/ASV_Spoof_2019_LA/ASVspoof2019_LA_eval/flac/LA_E_4349972.flac,11
/data/DATASETS/ASV_Spoof_2019_LA/ASVspoof2019_LA_eval/flac/LA_E_4352343.flac,11
/data/DATASETS/ASV_Spoof_2019_LA/ASVspoof2019_LA_eval/flac/LA_E_4353397.flac,11
/data/DATASETS/ASV_Spoof_2019_LA/ASVspoof2019_LA_eval/flac/LA_E_4353465.flac,11
/data/DATASETS/ASV_Spoof_2019_LA/ASVspoof2019_LA_eval/flac/LA_E_4357302.flac,11
/data/DATASETS/ASV_Spoof_2019_LA/ASVspoof2019_LA_eval/flac/LA_E_4360268.flac,11
/data/DATASETS/ASV_Spoof_2019_LA/ASVspoof2019_LA_eval/flac/LA_E_4360464.flac,11
/data/DATASETS/ASV_Spoof_2019_LA/ASVspoof2019_LA_eval/flac/LA_E_4360551.flac,11
/data/DATASETS/ASV_Spoof_2019_LA/ASVspoof2019_LA_eval/flac/LA_E_4363046.flac,11
/data/DATASETS/ASV_Spoof_2019_LA/ASVspoof2019_LA_eval/flac/LA_E_4364121.flac,11
/data/DATASETS/ASV_Spoof_2019_LA/ASVspoof2019_LA_eval/flac/LA_E_4365074.flac,11
/data/DATASETS/ASV_Spoof_2019_LA/ASVspoof2019_LA_eval/flac/LA_E_4367746.flac,11
/data/DATASETS/ASV_Spoof_2019_LA/ASVspoof2019_LA_eval/flac/LA_E_4368983.flac,11
/data/DATASETS/ASV_Spoof_2019_LA/ASVspoof2019_LA_eval/flac/LA_E_4369303.flac,11
/data/DATASETS/ASV_Spoof_2019_LA/ASVspoof2019_LA_eval/flac/LA_E_4370372.flac,11
/data/DATASETS/ASV_Spoof_2019_LA/ASVspoof2019_LA_eval/flac/LA_E_4372002.flac,11
/data/DATASETS/ASV_Spoof_2019_LA/ASVspoof2019_LA_eval/flac/LA_E_4372466.flac,11
/data/DATASETS/ASV_Spoof_2019_LA/ASVspoof2019_LA_eval/flac/LA_E_4372954.flac,11
/data/DATASETS/ASV_Spoof_2019_LA/ASVspoof2019_LA_eval/flac/LA_E_4374096.flac,11
/data/DATASETS/ASV_Spoof_2019_LA/ASVspoof2019_LA_eval/flac/LA_E_4380276.flac,11
/data/DATASETS/ASV_Spoof_2019_LA/ASVspoof2019_LA_eval/flac/LA_E_4380701.flac,11
/data/DATASETS/ASV_Spoof_2019_LA/ASVspoof2019_LA_eval/flac/LA_E_4381854.flac,11
/data/DATASETS/ASV_Spoof_2019_LA/ASVspoof2019_LA_eval/flac/LA_E_4384214.flac,11
/data/DATASETS/ASV_Spoof_2019_LA/ASVspoof2019_LA_eval/flac/LA_E_4386628.flac,11
/data/DATASETS/ASV_Spoof_2019_LA/ASVspoof2019_LA_eval/flac/LA_E_4389833.flac,11
/data/DATASETS/ASV_Spoof_2019_LA/ASVspoof2019_LA_eval/flac/LA_E_4391632.flac,11
/data/DATASETS/ASV_Spoof_2019_LA/ASVspoof2019_LA_eval/flac/LA_E_4392291.flac,11
/data/DATASETS/ASV_Spoof_2019_LA/ASVspoof2019_LA_eval/flac/LA_E_4392424.flac,11
/data/DATASETS/ASV_Spoof_2019_LA/ASVspoof2019_LA_eval/flac/LA_E_4393566.flac,11
/data/DATASETS/ASV_Spoof_2019_LA/ASVspoof2019_LA_eval/flac/LA_E_4394489.flac,11
/data/DATASETS/ASV_Spoof_2019_LA/ASVspoof2019_LA_eval/flac/LA_E_4400203.flac,11
/data/DATASETS/ASV_Spoof_2019_LA/ASVspoof2019_LA_eval/flac/LA_E_4400231.flac,11
/data/DATASETS/ASV_Spoof_2019_LA/ASVspoof2019_LA_eval/flac/LA_E_4401292.flac,11
/data/DATASETS/ASV_Spoof_2019_LA/ASVspoof2019_LA_eval/flac/LA_E_4402107.flac,11
/data/DATASETS/ASV_Spoof_2019_LA/ASVspoof2019_LA_eval/flac/LA_E_4403980.flac,11
/data/DATASETS/ASV_Spoof_2019_LA/ASVspoof2019_LA_eval/flac/LA_E_4404123.flac,11
/data/DATASETS/ASV_Spoof_2019_LA/ASVspoof2019_LA_eval/flac/LA_E_4404774.flac,11
/data/DATASETS/ASV_Spoof_2019_LA/ASVspoof2019_LA_eval/flac/LA_E_4405007.flac,11
/data/DATASETS/ASV_Spoof_2019_LA/ASVspoof2019_LA_eval/flac/LA_E_4407516.flac,11
/data/DATASETS/ASV_Spoof_2019_LA/ASVspoof2019_LA_eval/flac/LA_E_4407625.flac,11
/data/DATASETS/ASV_Spoof_2019_LA/ASVspoof2019_LA_eval/flac/LA_E_4408220.flac,11
/data/DATASETS/ASV_Spoof_2019_LA/ASVspoof2019_LA_eval/flac/LA_E_4409434.flac,11
/data/DATASETS/ASV_Spoof_2019_LA/ASVspoof2019_LA_eval/flac/LA_E_4409826.flac,11
/data/DATASETS/ASV_Spoof_2019_LA/ASVspoof2019_LA_eval/flac/LA_E_4410383.flac,11
/data/DATASETS/ASV_Spoof_2019_LA/ASVspoof2019_LA_eval/flac/LA_E_4413359.flac,11
/data/DATASETS/ASV_Spoof_2019_LA/ASVspoof2019_LA_eval/flac/LA_E_4413494.flac,11
/data/DATASETS/ASV_Spoof_2019_LA/ASVspoof2019_LA_eval/flac/LA_E_4418396.flac,11
/data/DATASETS/ASV_Spoof_2019_LA/ASVspoof2019_LA_eval/flac/LA_E_4419388.flac,11
/data/DATASETS/ASV_Spoof_2019_LA/ASVspoof2019_LA_eval/flac/LA_E_4419706.flac,11
/data/DATASETS/ASV_Spoof_2019_LA/ASVspoof2019_LA_eval/flac/LA_E_4419846.flac,11
/data/DATASETS/ASV_Spoof_2019_LA/ASVspoof2019_LA_eval/flac/LA_E_4423667.flac,11
/data/DATASETS/ASV_Spoof_2019_LA/ASVspoof2019_LA_eval/flac/LA_E_4425317.flac,11
/data/DATASETS/ASV_Spoof_2019_LA/ASVspoof2019_LA_eval/flac/LA_E_4430610.flac,11
/data/DATASETS/ASV_Spoof_2019_LA/ASVspoof2019_LA_eval/flac/LA_E_4430892.flac,11
/data/DATASETS/ASV_Spoof_2019_LA/ASVspoof2019_LA_eval/flac/LA_E_4433387.flac,11
/data/DATASETS/ASV_Spoof_2019_LA/ASVspoof2019_LA_eval/flac/LA_E_4434679.flac,11
/data/DATASETS/ASV_Spoof_2019_LA/ASVspoof2019_LA_eval/flac/LA_E_4437118.flac,11
/data/DATASETS/ASV_Spoof_2019_LA/ASVspoof2019_LA_eval/flac/LA_E_4438489.flac,11
/data/DATASETS/ASV_Spoof_2019_LA/ASVspoof2019_LA_eval/flac/LA_E_4439027.flac,11
/data/DATASETS/ASV_Spoof_2019_LA/ASVspoof2019_LA_eval/flac/LA_E_4441111.flac,11
/data/DATASETS/ASV_Spoof_2019_LA/ASVspoof2019_LA_eval/flac/LA_E_4446758.flac,11
/data/DATASETS/ASV_Spoof_2019_LA/ASVspoof2019_LA_eval/flac/LA_E_4451366.flac,11
/data/DATASETS/ASV_Spoof_2019_LA/ASVspoof2019_LA_eval/flac/LA_E_4451906.flac,11
/data/DATASETS/ASV_Spoof_2019_LA/ASVspoof2019_LA_eval/flac/LA_E_4452716.flac,11
/data/DATASETS/ASV_Spoof_2019_LA/ASVspoof2019_LA_eval/flac/LA_E_4453125.flac,11
/data/DATASETS/ASV_Spoof_2019_LA/ASVspoof2019_LA_eval/flac/LA_E_4453860.flac,11
/data/DATASETS/ASV_Spoof_2019_LA/ASVspoof2019_LA_eval/flac/LA_E_4457758.flac,11
/data/DATASETS/ASV_Spoof_2019_LA/ASVspoof2019_LA_eval/flac/LA_E_4458765.flac,11
/data/DATASETS/ASV_Spoof_2019_LA/ASVspoof2019_LA_eval/flac/LA_E_4459734.flac,11
/data/DATASETS/ASV_Spoof_2019_LA/ASVspoof2019_LA_eval/flac/LA_E_4460576.flac,11
/data/DATASETS/ASV_Spoof_2019_LA/ASVspoof2019_LA_eval/flac/LA_E_4462641.flac,11
/data/DATASETS/ASV_Spoof_2019_LA/ASVspoof2019_LA_eval/flac/LA_E_4464454.flac,11
/data/DATASETS/ASV_Spoof_2019_LA/ASVspoof2019_LA_eval/flac/LA_E_4467350.flac,11
/data/DATASETS/ASV_Spoof_2019_LA/ASVspoof2019_LA_eval/flac/LA_E_4468188.flac,11
/data/DATASETS/ASV_Spoof_2019_LA/ASVspoof2019_LA_eval/flac/LA_E_4468221.flac,11
/data/DATASETS/ASV_Spoof_2019_LA/ASVspoof2019_LA_eval/flac/LA_E_4468538.flac,11
/data/DATASETS/ASV_Spoof_2019_LA/ASVspoof2019_LA_eval/flac/LA_E_4471342.flac,11
/data/DATASETS/ASV_Spoof_2019_LA/ASVspoof2019_LA_eval/flac/LA_E_4471412.flac,11
/data/DATASETS/ASV_Spoof_2019_LA/ASVspoof2019_LA_eval/flac/LA_E_4472486.flac,11
/data/DATASETS/ASV_Spoof_2019_LA/ASVspoof2019_LA_eval/flac/LA_E_4474708.flac,11
/data/DATASETS/ASV_Spoof_2019_LA/ASVspoof2019_LA_eval/flac/LA_E_4475518.flac,11
/data/DATASETS/ASV_Spoof_2019_LA/ASVspoof2019_LA_eval/flac/LA_E_4477686.flac,11
/data/DATASETS/ASV_Spoof_2019_LA/ASVspoof2019_LA_eval/flac/LA_E_4481692.flac,11
/data/DATASETS/ASV_Spoof_2019_LA/ASVspoof2019_LA_eval/flac/LA_E_4482383.flac,11
/data/DATASETS/ASV_Spoof_2019_LA/ASVspoof2019_LA_eval/flac/LA_E_4482861.flac,11
/data/DATASETS/ASV_Spoof_2019_LA/ASVspoof2019_LA_eval/flac/LA_E_4483440.flac,11
/data/DATASETS/ASV_Spoof_2019_LA/ASVspoof2019_LA_eval/flac/LA_E_4483922.flac,11
/data/DATASETS/ASV_Spoof_2019_LA/ASVspoof2019_LA_eval/flac/LA_E_4485186.flac,11
/data/DATASETS/ASV_Spoof_2019_LA/ASVspoof2019_LA_eval/flac/LA_E_4487756.flac,11
/data/DATASETS/ASV_Spoof_2019_LA/ASVspoof2019_LA_eval/flac/LA_E_4488283.flac,11
/data/DATASETS/ASV_Spoof_2019_LA/ASVspoof2019_LA_eval/flac/LA_E_4489124.flac,11
/data/DATASETS/ASV_Spoof_2019_LA/ASVspoof2019_LA_eval/flac/LA_E_4489983.flac,11
/data/DATASETS/ASV_Spoof_2019_LA/ASVspoof2019_LA_eval/flac/LA_E_4490440.flac,11
/data/DATASETS/ASV_Spoof_2019_LA/ASVspoof2019_LA_eval/flac/LA_E_4491537.flac,11
/data/DATASETS/ASV_Spoof_2019_LA/ASVspoof2019_LA_eval/flac/LA_E_4493423.flac,11
/data/DATASETS/ASV_Spoof_2019_LA/ASVspoof2019_LA_eval/flac/LA_E_4498210.flac,11
/data/DATASETS/ASV_Spoof_2019_LA/ASVspoof2019_LA_eval/flac/LA_E_4498659.flac,11
/data/DATASETS/ASV_Spoof_2019_LA/ASVspoof2019_LA_eval/flac/LA_E_4500291.flac,11
/data/DATASETS/ASV_Spoof_2019_LA/ASVspoof2019_LA_eval/flac/LA_E_4503273.flac,11
/data/DATASETS/ASV_Spoof_2019_LA/ASVspoof2019_LA_eval/flac/LA_E_4504561.flac,11
/data/DATASETS/ASV_Spoof_2019_LA/ASVspoof2019_LA_eval/flac/LA_E_4504894.flac,11
/data/DATASETS/ASV_Spoof_2019_LA/ASVspoof2019_LA_eval/flac/LA_E_4509828.flac,11
/data/DATASETS/ASV_Spoof_2019_LA/ASVspoof2019_LA_eval/flac/LA_E_4512495.flac,11
/data/DATASETS/ASV_Spoof_2019_LA/ASVspoof2019_LA_eval/flac/LA_E_4514431.flac,11
/data/DATASETS/ASV_Spoof_2019_LA/ASVspoof2019_LA_eval/flac/LA_E_4517277.flac,11
/data/DATASETS/ASV_Spoof_2019_LA/ASVspoof2019_LA_eval/flac/LA_E_4517737.flac,11
/data/DATASETS/ASV_Spoof_2019_LA/ASVspoof2019_LA_eval/flac/LA_E_4519253.flac,11
/data/DATASETS/ASV_Spoof_2019_LA/ASVspoof2019_LA_eval/flac/LA_E_4522968.flac,11
/data/DATASETS/ASV_Spoof_2019_LA/ASVspoof2019_LA_eval/flac/LA_E_4527056.flac,11
/data/DATASETS/ASV_Spoof_2019_LA/ASVspoof2019_LA_eval/flac/LA_E_4528771.flac,11
/data/DATASETS/ASV_Spoof_2019_LA/ASVspoof2019_LA_eval/flac/LA_E_4529695.flac,11
/data/DATASETS/ASV_Spoof_2019_LA/ASVspoof2019_LA_eval/flac/LA_E_4531914.flac,11
/data/DATASETS/ASV_Spoof_2019_LA/ASVspoof2019_LA_eval/flac/LA_E_4532105.flac,11
/data/DATASETS/ASV_Spoof_2019_LA/ASVspoof2019_LA_eval/flac/LA_E_4533849.flac,11
/data/DATASETS/ASV_Spoof_2019_LA/ASVspoof2019_LA_eval/flac/LA_E_4533936.flac,11
/data/DATASETS/ASV_Spoof_2019_LA/ASVspoof2019_LA_eval/flac/LA_E_4534669.flac,11
/data/DATASETS/ASV_Spoof_2019_LA/ASVspoof2019_LA_eval/flac/LA_E_4535183.flac,11
/data/DATASETS/ASV_Spoof_2019_LA/ASVspoof2019_LA_eval/flac/LA_E_4538019.flac,11
/data/DATASETS/ASV_Spoof_2019_LA/ASVspoof2019_LA_eval/flac/LA_E_4539519.flac,11
/data/DATASETS/ASV_Spoof_2019_LA/ASVspoof2019_LA_eval/flac/LA_E_4541479.flac,11
/data/DATASETS/ASV_Spoof_2019_LA/ASVspoof2019_LA_eval/flac/LA_E_4544004.flac,11
/data/DATASETS/ASV_Spoof_2019_LA/ASVspoof2019_LA_eval/flac/LA_E_4547816.flac,11
/data/DATASETS/ASV_Spoof_2019_LA/ASVspoof2019_LA_eval/flac/LA_E_4549497.flac,11
/data/DATASETS/ASV_Spoof_2019_LA/ASVspoof2019_LA_eval/flac/LA_E_4553742.flac,11
/data/DATASETS/ASV_Spoof_2019_LA/ASVspoof2019_LA_eval/flac/LA_E_4561135.flac,11
/data/DATASETS/ASV_Spoof_2019_LA/ASVspoof2019_LA_eval/flac/LA_E_4565612.flac,11
/data/DATASETS/ASV_Spoof_2019_LA/ASVspoof2019_LA_eval/flac/LA_E_4568461.flac,11
/data/DATASETS/ASV_Spoof_2019_LA/ASVspoof2019_LA_eval/flac/LA_E_4576217.flac,11
/data/DATASETS/ASV_Spoof_2019_LA/ASVspoof2019_LA_eval/flac/LA_E_4576921.flac,11
/data/DATASETS/ASV_Spoof_2019_LA/ASVspoof2019_LA_eval/flac/LA_E_4577498.flac,11
/data/DATASETS/ASV_Spoof_2019_LA/ASVspoof2019_LA_eval/flac/LA_E_4581482.flac,11
/data/DATASETS/ASV_Spoof_2019_LA/ASVspoof2019_LA_eval/flac/LA_E_4582034.flac,11
/data/DATASETS/ASV_Spoof_2019_LA/ASVspoof2019_LA_eval/flac/LA_E_4582754.flac,11
/data/DATASETS/ASV_Spoof_2019_LA/ASVspoof2019_LA_eval/flac/LA_E_4588835.flac,11
/data/DATASETS/ASV_Spoof_2019_LA/ASVspoof2019_LA_eval/flac/LA_E_4588903.flac,11
/data/DATASETS/ASV_Spoof_2019_LA/ASVspoof2019_LA_eval/flac/LA_E_4593004.flac,11
/data/DATASETS/ASV_Spoof_2019_LA/ASVspoof2019_LA_eval/flac/LA_E_4594525.flac,11
/data/DATASETS/ASV_Spoof_2019_LA/ASVspoof2019_LA_eval/flac/LA_E_4599712.flac,11
/data/DATASETS/ASV_Spoof_2019_LA/ASVspoof2019_LA_eval/flac/LA_E_4601390.flac,11
/data/DATASETS/ASV_Spoof_2019_LA/ASVspoof2019_LA_eval/flac/LA_E_4604470.flac,11
/data/DATASETS/ASV_Spoof_2019_LA/ASVspoof2019_LA_eval/flac/LA_E_4605580.flac,11
/data/DATASETS/ASV_Spoof_2019_LA/ASVspoof2019_LA_eval/flac/LA_E_4609607.flac,11
/data/DATASETS/ASV_Spoof_2019_LA/ASVspoof2019_LA_eval/flac/LA_E_4609779.flac,11
/data/DATASETS/ASV_Spoof_2019_LA/ASVspoof2019_LA_eval/flac/LA_E_4614199.flac,11
/data/DATASETS/ASV_Spoof_2019_LA/ASVspoof2019_LA_eval/flac/LA_E_4617454.flac,11
/data/DATASETS/ASV_Spoof_2019_LA/ASVspoof2019_LA_eval/flac/LA_E_4619738.flac,11
/data/DATASETS/ASV_Spoof_2019_LA/ASVspoof2019_LA_eval/flac/LA_E_4620000.flac,11
/data/DATASETS/ASV_Spoof_2019_LA/ASVspoof2019_LA_eval/flac/LA_E_4621994.flac,11
/data/DATASETS/ASV_Spoof_2019_LA/ASVspoof2019_LA_eval/flac/LA_E_4625715.flac,11
/data/DATASETS/ASV_Spoof_2019_LA/ASVspoof2019_LA_eval/flac/LA_E_4628555.flac,11
/data/DATASETS/ASV_Spoof_2019_LA/ASVspoof2019_LA_eval/flac/LA_E_4628959.flac,11
/data/DATASETS/ASV_Spoof_2019_LA/ASVspoof2019_LA_eval/flac/LA_E_4628976.flac,11
/data/DATASETS/ASV_Spoof_2019_LA/ASVspoof2019_LA_eval/flac/LA_E_4630216.flac,11
/data/DATASETS/ASV_Spoof_2019_LA/ASVspoof2019_LA_eval/flac/LA_E_4632448.flac,11
/data/DATASETS/ASV_Spoof_2019_LA/ASVspoof2019_LA_eval/flac/LA_E_4633724.flac,11
/data/DATASETS/ASV_Spoof_2019_LA/ASVspoof2019_LA_eval/flac/LA_E_4633900.flac,11
/data/DATASETS/ASV_Spoof_2019_LA/ASVspoof2019_LA_eval/flac/LA_E_4634363.flac,11
/data/DATASETS/ASV_Spoof_2019_LA/ASVspoof2019_LA_eval/flac/LA_E_4634767.flac,11
/data/DATASETS/ASV_Spoof_2019_LA/ASVspoof2019_LA_eval/flac/LA_E_4635463.flac,11
/data/DATASETS/ASV_Spoof_2019_LA/ASVspoof2019_LA_eval/flac/LA_E_4636978.flac,11
/data/DATASETS/ASV_Spoof_2019_LA/ASVspoof2019_LA_eval/flac/LA_E_4639319.flac,11
/data/DATASETS/ASV_Spoof_2019_LA/ASVspoof2019_LA_eval/flac/LA_E_4643654.flac,11
/data/DATASETS/ASV_Spoof_2019_LA/ASVspoof2019_LA_eval/flac/LA_E_4645942.flac,11
/data/DATASETS/ASV_Spoof_2019_LA/ASVspoof2019_LA_eval/flac/LA_E_4648778.flac,11
/data/DATASETS/ASV_Spoof_2019_LA/ASVspoof2019_LA_eval/flac/LA_E_4650125.flac,11
/data/DATASETS/ASV_Spoof_2019_LA/ASVspoof2019_LA_eval/flac/LA_E_4652262.flac,11
/data/DATASETS/ASV_Spoof_2019_LA/ASVspoof2019_LA_eval/flac/LA_E_4658220.flac,11
/data/DATASETS/ASV_Spoof_2019_LA/ASVspoof2019_LA_eval/flac/LA_E_4661683.flac,11
/data/DATASETS/ASV_Spoof_2019_LA/ASVspoof2019_LA_eval/flac/LA_E_4661720.flac,11
/data/DATASETS/ASV_Spoof_2019_LA/ASVspoof2019_LA_eval/flac/LA_E_4664085.flac,11
/data/DATASETS/ASV_Spoof_2019_LA/ASVspoof2019_LA_eval/flac/LA_E_4668524.flac,11
/data/DATASETS/ASV_Spoof_2019_LA/ASVspoof2019_LA_eval/flac/LA_E_4670670.flac,11
/data/DATASETS/ASV_Spoof_2019_LA/ASVspoof2019_LA_eval/flac/LA_E_4675094.flac,11
/data/DATASETS/ASV_Spoof_2019_LA/ASVspoof2019_LA_eval/flac/LA_E_4677027.flac,11
/data/DATASETS/ASV_Spoof_2019_LA/ASVspoof2019_LA_eval/flac/LA_E_4678037.flac,11
/data/DATASETS/ASV_Spoof_2019_LA/ASVspoof2019_LA_eval/flac/LA_E_4678735.flac,11
/data/DATASETS/ASV_Spoof_2019_LA/ASVspoof2019_LA_eval/flac/LA_E_4680615.flac,11
/data/DATASETS/ASV_Spoof_2019_LA/ASVspoof2019_LA_eval/flac/LA_E_4682862.flac,11
/data/DATASETS/ASV_Spoof_2019_LA/ASVspoof2019_LA_eval/flac/LA_E_4684137.flac,11
/data/DATASETS/ASV_Spoof_2019_LA/ASVspoof2019_LA_eval/flac/LA_E_4686681.flac,11
/data/DATASETS/ASV_Spoof_2019_LA/ASVspoof2019_LA_eval/flac/LA_E_4688647.flac,11
/data/DATASETS/ASV_Spoof_2019_LA/ASVspoof2019_LA_eval/flac/LA_E_4691966.flac,11
/data/DATASETS/ASV_Spoof_2019_LA/ASVspoof2019_LA_eval/flac/LA_E_4692282.flac,11
/data/DATASETS/ASV_Spoof_2019_LA/ASVspoof2019_LA_eval/flac/LA_E_4695950.flac,11
/data/DATASETS/ASV_Spoof_2019_LA/ASVspoof2019_LA_eval/flac/LA_E_4697735.flac,11
/data/DATASETS/ASV_Spoof_2019_LA/ASVspoof2019_LA_eval/flac/LA_E_4698656.flac,11
/data/DATASETS/ASV_Spoof_2019_LA/ASVspoof2019_LA_eval/flac/LA_E_4700918.flac,11
/data/DATASETS/ASV_Spoof_2019_LA/ASVspoof2019_LA_eval/flac/LA_E_4703549.flac,11
/data/DATASETS/ASV_Spoof_2019_LA/ASVspoof2019_LA_eval/flac/LA_E_4704115.flac,11
/data/DATASETS/ASV_Spoof_2019_LA/ASVspoof2019_LA_eval/flac/LA_E_4705234.flac,11
/data/DATASETS/ASV_Spoof_2019_LA/ASVspoof2019_LA_eval/flac/LA_E_4711079.flac,11
/data/DATASETS/ASV_Spoof_2019_LA/ASVspoof2019_LA_eval/flac/LA_E_4714059.flac,11
/data/DATASETS/ASV_Spoof_2019_LA/ASVspoof2019_LA_eval/flac/LA_E_4715045.flac,11
/data/DATASETS/ASV_Spoof_2019_LA/ASVspoof2019_LA_eval/flac/LA_E_4720442.flac,11
/data/DATASETS/ASV_Spoof_2019_LA/ASVspoof2019_LA_eval/flac/LA_E_4724542.flac,11
/data/DATASETS/ASV_Spoof_2019_LA/ASVspoof2019_LA_eval/flac/LA_E_4734041.flac,11
/data/DATASETS/ASV_Spoof_2019_LA/ASVspoof2019_LA_eval/flac/LA_E_4735236.flac,11
/data/DATASETS/ASV_Spoof_2019_LA/ASVspoof2019_LA_eval/flac/LA_E_4735772.flac,11
/data/DATASETS/ASV_Spoof_2019_LA/ASVspoof2019_LA_eval/flac/LA_E_4737176.flac,11
/data/DATASETS/ASV_Spoof_2019_LA/ASVspoof2019_LA_eval/flac/LA_E_4737609.flac,11
/data/DATASETS/ASV_Spoof_2019_LA/ASVspoof2019_LA_eval/flac/LA_E_4739579.flac,11
/data/DATASETS/ASV_Spoof_2019_LA/ASVspoof2019_LA_eval/flac/LA_E_4741993.flac,11
/data/DATASETS/ASV_Spoof_2019_LA/ASVspoof2019_LA_eval/flac/LA_E_4744961.flac,11
/data/DATASETS/ASV_Spoof_2019_LA/ASVspoof2019_LA_eval/flac/LA_E_4747396.flac,11
/data/DATASETS/ASV_Spoof_2019_LA/ASVspoof2019_LA_eval/flac/LA_E_4749328.flac,11
/data/DATASETS/ASV_Spoof_2019_LA/ASVspoof2019_LA_eval/flac/LA_E_4749623.flac,11
/data/DATASETS/ASV_Spoof_2019_LA/ASVspoof2019_LA_eval/flac/LA_E_4749659.flac,11
/data/DATASETS/ASV_Spoof_2019_LA/ASVspoof2019_LA_eval/flac/LA_E_4749752.flac,11
/data/DATASETS/ASV_Spoof_2019_LA/ASVspoof2019_LA_eval/flac/LA_E_4751835.flac,11
/data/DATASETS/ASV_Spoof_2019_LA/ASVspoof2019_LA_eval/flac/LA_E_4759241.flac,11
/data/DATASETS/ASV_Spoof_2019_LA/ASVspoof2019_LA_eval/flac/LA_E_4759931.flac,11
/data/DATASETS/ASV_Spoof_2019_LA/ASVspoof2019_LA_eval/flac/LA_E_4765278.flac,11
/data/DATASETS/ASV_Spoof_2019_LA/ASVspoof2019_LA_eval/flac/LA_E_4767226.flac,11
/data/DATASETS/ASV_Spoof_2019_LA/ASVspoof2019_LA_eval/flac/LA_E_4771808.flac,11
/data/DATASETS/ASV_Spoof_2019_LA/ASVspoof2019_LA_eval/flac/LA_E_4773209.flac,11
/data/DATASETS/ASV_Spoof_2019_LA/ASVspoof2019_LA_eval/flac/LA_E_4775935.flac,11
/data/DATASETS/ASV_Spoof_2019_LA/ASVspoof2019_LA_eval/flac/LA_E_4777436.flac,11
/data/DATASETS/ASV_Spoof_2019_LA/ASVspoof2019_LA_eval/flac/LA_E_4778441.flac,11
/data/DATASETS/ASV_Spoof_2019_LA/ASVspoof2019_LA_eval/flac/LA_E_4780643.flac,11
/data/DATASETS/ASV_Spoof_2019_LA/ASVspoof2019_LA_eval/flac/LA_E_4781344.flac,11
/data/DATASETS/ASV_Spoof_2019_LA/ASVspoof2019_LA_eval/flac/LA_E_4782945.flac,11
/data/DATASETS/ASV_Spoof_2019_LA/ASVspoof2019_LA_eval/flac/LA_E_4785017.flac,11
/data/DATASETS/ASV_Spoof_2019_LA/ASVspoof2019_LA_eval/flac/LA_E_4785630.flac,11
/data/DATASETS/ASV_Spoof_2019_LA/ASVspoof2019_LA_eval/flac/LA_E_4786865.flac,11
/data/DATASETS/ASV_Spoof_2019_LA/ASVspoof2019_LA_eval/flac/LA_E_4790939.flac,11
/data/DATASETS/ASV_Spoof_2019_LA/ASVspoof2019_LA_eval/flac/LA_E_4791153.flac,11
/data/DATASETS/ASV_Spoof_2019_LA/ASVspoof2019_LA_eval/flac/LA_E_4792025.flac,11
/data/DATASETS/ASV_Spoof_2019_LA/ASVspoof2019_LA_eval/flac/LA_E_4794529.flac,11
/data/DATASETS/ASV_Spoof_2019_LA/ASVspoof2019_LA_eval/flac/LA_E_4797366.flac,11
/data/DATASETS/ASV_Spoof_2019_LA/ASVspoof2019_LA_eval/flac/LA_E_4797980.flac,11
/data/DATASETS/ASV_Spoof_2019_LA/ASVspoof2019_LA_eval/flac/LA_E_4798713.flac,11
/data/DATASETS/ASV_Spoof_2019_LA/ASVspoof2019_LA_eval/flac/LA_E_4800735.flac,11
/data/DATASETS/ASV_Spoof_2019_LA/ASVspoof2019_LA_eval/flac/LA_E_4800947.flac,11
/data/DATASETS/ASV_Spoof_2019_LA/ASVspoof2019_LA_eval/flac/LA_E_4801709.flac,11
/data/DATASETS/ASV_Spoof_2019_LA/ASVspoof2019_LA_eval/flac/LA_E_4801740.flac,11
/data/DATASETS/ASV_Spoof_2019_LA/ASVspoof2019_LA_eval/flac/LA_E_4810073.flac,11
/data/DATASETS/ASV_Spoof_2019_LA/ASVspoof2019_LA_eval/flac/LA_E_4810813.flac,11
/data/DATASETS/ASV_Spoof_2019_LA/ASVspoof2019_LA_eval/flac/LA_E_4811794.flac,11
/data/DATASETS/ASV_Spoof_2019_LA/ASVspoof2019_LA_eval/flac/LA_E_4812682.flac,11
/data/DATASETS/ASV_Spoof_2019_LA/ASVspoof2019_LA_eval/flac/LA_E_4812770.flac,11
/data/DATASETS/ASV_Spoof_2019_LA/ASVspoof2019_LA_eval/flac/LA_E_4815528.flac,11
/data/DATASETS/ASV_Spoof_2019_LA/ASVspoof2019_LA_eval/flac/LA_E_4817038.flac,11
/data/DATASETS/ASV_Spoof_2019_LA/ASVspoof2019_LA_eval/flac/LA_E_4821336.flac,11
/data/DATASETS/ASV_Spoof_2019_LA/ASVspoof2019_LA_eval/flac/LA_E_4822826.flac,11
/data/DATASETS/ASV_Spoof_2019_LA/ASVspoof2019_LA_eval/flac/LA_E_4827726.flac,11
/data/DATASETS/ASV_Spoof_2019_LA/ASVspoof2019_LA_eval/flac/LA_E_4828788.flac,11
/data/DATASETS/ASV_Spoof_2019_LA/ASVspoof2019_LA_eval/flac/LA_E_4828970.flac,11
/data/DATASETS/ASV_Spoof_2019_LA/ASVspoof2019_LA_eval/flac/LA_E_4829377.flac,11
/data/DATASETS/ASV_Spoof_2019_LA/ASVspoof2019_LA_eval/flac/LA_E_4829693.flac,11
/data/DATASETS/ASV_Spoof_2019_LA/ASVspoof2019_LA_eval/flac/LA_E_4833369.flac,11
/data/DATASETS/ASV_Spoof_2019_LA/ASVspoof2019_LA_eval/flac/LA_E_4840608.flac,11
/data/DATASETS/ASV_Spoof_2019_LA/ASVspoof2019_LA_eval/flac/LA_E_4842825.flac,11
/data/DATASETS/ASV_Spoof_2019_LA/ASVspoof2019_LA_eval/flac/LA_E_4845994.flac,11
/data/DATASETS/ASV_Spoof_2019_LA/ASVspoof2019_LA_eval/flac/LA_E_4854221.flac,11
/data/DATASETS/ASV_Spoof_2019_LA/ASVspoof2019_LA_eval/flac/LA_E_4854442.flac,11
/data/DATASETS/ASV_Spoof_2019_LA/ASVspoof2019_LA_eval/flac/LA_E_4856155.flac,11
/data/DATASETS/ASV_Spoof_2019_LA/ASVspoof2019_LA_eval/flac/LA_E_4856423.flac,11
/data/DATASETS/ASV_Spoof_2019_LA/ASVspoof2019_LA_eval/flac/LA_E_4860059.flac,11
/data/DATASETS/ASV_Spoof_2019_LA/ASVspoof2019_LA_eval/flac/LA_E_4860473.flac,11
/data/DATASETS/ASV_Spoof_2019_LA/ASVspoof2019_LA_eval/flac/LA_E_4863156.flac,11
/data/DATASETS/ASV_Spoof_2019_LA/ASVspoof2019_LA_eval/flac/LA_E_4864474.flac,11
/data/DATASETS/ASV_Spoof_2019_LA/ASVspoof2019_LA_eval/flac/LA_E_4864655.flac,11
/data/DATASETS/ASV_Spoof_2019_LA/ASVspoof2019_LA_eval/flac/LA_E_4867814.flac,11
/data/DATASETS/ASV_Spoof_2019_LA/ASVspoof2019_LA_eval/flac/LA_E_4870093.flac,11
/data/DATASETS/ASV_Spoof_2019_LA/ASVspoof2019_LA_eval/flac/LA_E_4870641.flac,11
/data/DATASETS/ASV_Spoof_2019_LA/ASVspoof2019_LA_eval/flac/LA_E_4871807.flac,11
/data/DATASETS/ASV_Spoof_2019_LA/ASVspoof2019_LA_eval/flac/LA_E_4873342.flac,11
/data/DATASETS/ASV_Spoof_2019_LA/ASVspoof2019_LA_eval/flac/LA_E_4874578.flac,11
/data/DATASETS/ASV_Spoof_2019_LA/ASVspoof2019_LA_eval/flac/LA_E_4876095.flac,11
/data/DATASETS/ASV_Spoof_2019_LA/ASVspoof2019_LA_eval/flac/LA_E_4876191.flac,11
/data/DATASETS/ASV_Spoof_2019_LA/ASVspoof2019_LA_eval/flac/LA_E_4878903.flac,11
/data/DATASETS/ASV_Spoof_2019_LA/ASVspoof2019_LA_eval/flac/LA_E_4879443.flac,11
/data/DATASETS/ASV_Spoof_2019_LA/ASVspoof2019_LA_eval/flac/LA_E_4881421.flac,11
/data/DATASETS/ASV_Spoof_2019_LA/ASVspoof2019_LA_eval/flac/LA_E_4885482.flac,11
/data/DATASETS/ASV_Spoof_2019_LA/ASVspoof2019_LA_eval/flac/LA_E_4889240.flac,11
/data/DATASETS/ASV_Spoof_2019_LA/ASVspoof2019_LA_eval/flac/LA_E_4890087.flac,11
/data/DATASETS/ASV_Spoof_2019_LA/ASVspoof2019_LA_eval/flac/LA_E_4890116.flac,11
/data/DATASETS/ASV_Spoof_2019_LA/ASVspoof2019_LA_eval/flac/LA_E_4893186.flac,11
/data/DATASETS/ASV_Spoof_2019_LA/ASVspoof2019_LA_eval/flac/LA_E_4896439.flac,11
/data/DATASETS/ASV_Spoof_2019_LA/ASVspoof2019_LA_eval/flac/LA_E_4898856.flac,11
/data/DATASETS/ASV_Spoof_2019_LA/ASVspoof2019_LA_eval/flac/LA_E_4901418.flac,11
/data/DATASETS/ASV_Spoof_2019_LA/ASVspoof2019_LA_eval/flac/LA_E_4902434.flac,11
/data/DATASETS/ASV_Spoof_2019_LA/ASVspoof2019_LA_eval/flac/LA_E_4914596.flac,11
/data/DATASETS/ASV_Spoof_2019_LA/ASVspoof2019_LA_eval/flac/LA_E_4918232.flac,11
/data/DATASETS/ASV_Spoof_2019_LA/ASVspoof2019_LA_eval/flac/LA_E_4920861.flac,11
/data/DATASETS/ASV_Spoof_2019_LA/ASVspoof2019_LA_eval/flac/LA_E_4924775.flac,11
/data/DATASETS/ASV_Spoof_2019_LA/ASVspoof2019_LA_eval/flac/LA_E_4925310.flac,11
/data/DATASETS/ASV_Spoof_2019_LA/ASVspoof2019_LA_eval/flac/LA_E_4926045.flac,11
/data/DATASETS/ASV_Spoof_2019_LA/ASVspoof2019_LA_eval/flac/LA_E_4926896.flac,11
/data/DATASETS/ASV_Spoof_2019_LA/ASVspoof2019_LA_eval/flac/LA_E_4929394.flac,11
/data/DATASETS/ASV_Spoof_2019_LA/ASVspoof2019_LA_eval/flac/LA_E_4930246.flac,11
/data/DATASETS/ASV_Spoof_2019_LA/ASVspoof2019_LA_eval/flac/LA_E_4930845.flac,11
/data/DATASETS/ASV_Spoof_2019_LA/ASVspoof2019_LA_eval/flac/LA_E_4931182.flac,11
/data/DATASETS/ASV_Spoof_2019_LA/ASVspoof2019_LA_eval/flac/LA_E_4934687.flac,11
/data/DATASETS/ASV_Spoof_2019_LA/ASVspoof2019_LA_eval/flac/LA_E_4936378.flac,11
/data/DATASETS/ASV_Spoof_2019_LA/ASVspoof2019_LA_eval/flac/LA_E_4938737.flac,11
/data/DATASETS/ASV_Spoof_2019_LA/ASVspoof2019_LA_eval/flac/LA_E_4938806.flac,11
/data/DATASETS/ASV_Spoof_2019_LA/ASVspoof2019_LA_eval/flac/LA_E_4939131.flac,11
/data/DATASETS/ASV_Spoof_2019_LA/ASVspoof2019_LA_eval/flac/LA_E_4940744.flac,11
/data/DATASETS/ASV_Spoof_2019_LA/ASVspoof2019_LA_eval/flac/LA_E_4944187.flac,11
/data/DATASETS/ASV_Spoof_2019_LA/ASVspoof2019_LA_eval/flac/LA_E_4944344.flac,11
/data/DATASETS/ASV_Spoof_2019_LA/ASVspoof2019_LA_eval/flac/LA_E_4944426.flac,11
/data/DATASETS/ASV_Spoof_2019_LA/ASVspoof2019_LA_eval/flac/LA_E_4946995.flac,11
/data/DATASETS/ASV_Spoof_2019_LA/ASVspoof2019_LA_eval/flac/LA_E_4947555.flac,11
/data/DATASETS/ASV_Spoof_2019_LA/ASVspoof2019_LA_eval/flac/LA_E_4948508.flac,11
/data/DATASETS/ASV_Spoof_2019_LA/ASVspoof2019_LA_eval/flac/LA_E_4949698.flac,11
/data/DATASETS/ASV_Spoof_2019_LA/ASVspoof2019_LA_eval/flac/LA_E_4949933.flac,11
/data/DATASETS/ASV_Spoof_2019_LA/ASVspoof2019_LA_eval/flac/LA_E_4950631.flac,11
/data/DATASETS/ASV_Spoof_2019_LA/ASVspoof2019_LA_eval/flac/LA_E_4951454.flac,11
/data/DATASETS/ASV_Spoof_2019_LA/ASVspoof2019_LA_eval/flac/LA_E_4952823.flac,11
/data/DATASETS/ASV_Spoof_2019_LA/ASVspoof2019_LA_eval/flac/LA_E_4953594.flac,11
/data/DATASETS/ASV_Spoof_2019_LA/ASVspoof2019_LA_eval/flac/LA_E_4953928.flac,11
/data/DATASETS/ASV_Spoof_2019_LA/ASVspoof2019_LA_eval/flac/LA_E_4954456.flac,11
/data/DATASETS/ASV_Spoof_2019_LA/ASVspoof2019_LA_eval/flac/LA_E_4955455.flac,11
/data/DATASETS/ASV_Spoof_2019_LA/ASVspoof2019_LA_eval/flac/LA_E_4956851.flac,11
/data/DATASETS/ASV_Spoof_2019_LA/ASVspoof2019_LA_eval/flac/LA_E_4957636.flac,11
/data/DATASETS/ASV_Spoof_2019_LA/ASVspoof2019_LA_eval/flac/LA_E_4959553.flac,11
/data/DATASETS/ASV_Spoof_2019_LA/ASVspoof2019_LA_eval/flac/LA_E_4961010.flac,11
/data/DATASETS/ASV_Spoof_2019_LA/ASVspoof2019_LA_eval/flac/LA_E_4962372.flac,11
/data/DATASETS/ASV_Spoof_2019_LA/ASVspoof2019_LA_eval/flac/LA_E_4966277.flac,11
/data/DATASETS/ASV_Spoof_2019_LA/ASVspoof2019_LA_eval/flac/LA_E_4966422.flac,11
/data/DATASETS/ASV_Spoof_2019_LA/ASVspoof2019_LA_eval/flac/LA_E_4967628.flac,11
/data/DATASETS/ASV_Spoof_2019_LA/ASVspoof2019_LA_eval/flac/LA_E_4969293.flac,11
/data/DATASETS/ASV_Spoof_2019_LA/ASVspoof2019_LA_eval/flac/LA_E_4972172.flac,11
/data/DATASETS/ASV_Spoof_2019_LA/ASVspoof2019_LA_eval/flac/LA_E_4975971.flac,11
/data/DATASETS/ASV_Spoof_2019_LA/ASVspoof2019_LA_eval/flac/LA_E_4976556.flac,11
/data/DATASETS/ASV_Spoof_2019_LA/ASVspoof2019_LA_eval/flac/LA_E_4976720.flac,11
/data/DATASETS/ASV_Spoof_2019_LA/ASVspoof2019_LA_eval/flac/LA_E_4977276.flac,11
/data/DATASETS/ASV_Spoof_2019_LA/ASVspoof2019_LA_eval/flac/LA_E_4980987.flac,11
/data/DATASETS/ASV_Spoof_2019_LA/ASVspoof2019_LA_eval/flac/LA_E_4981205.flac,11
/data/DATASETS/ASV_Spoof_2019_LA/ASVspoof2019_LA_eval/flac/LA_E_4981727.flac,11
/data/DATASETS/ASV_Spoof_2019_LA/ASVspoof2019_LA_eval/flac/LA_E_4982139.flac,11
/data/DATASETS/ASV_Spoof_2019_LA/ASVspoof2019_LA_eval/flac/LA_E_4986209.flac,11
/data/DATASETS/ASV_Spoof_2019_LA/ASVspoof2019_LA_eval/flac/LA_E_4986561.flac,11
/data/DATASETS/ASV_Spoof_2019_LA/ASVspoof2019_LA_eval/flac/LA_E_4987266.flac,11
/data/DATASETS/ASV_Spoof_2019_LA/ASVspoof2019_LA_eval/flac/LA_E_4991735.flac,11
/data/DATASETS/ASV_Spoof_2019_LA/ASVspoof2019_LA_eval/flac/LA_E_5000986.flac,11
/data/DATASETS/ASV_Spoof_2019_LA/ASVspoof2019_LA_eval/flac/LA_E_5003915.flac,11
/data/DATASETS/ASV_Spoof_2019_LA/ASVspoof2019_LA_eval/flac/LA_E_5006599.flac,11
/data/DATASETS/ASV_Spoof_2019_LA/ASVspoof2019_LA_eval/flac/LA_E_5008082.flac,11
/data/DATASETS/ASV_Spoof_2019_LA/ASVspoof2019_LA_eval/flac/LA_E_5008566.flac,11
/data/DATASETS/ASV_Spoof_2019_LA/ASVspoof2019_LA_eval/flac/LA_E_5009854.flac,11
/data/DATASETS/ASV_Spoof_2019_LA/ASVspoof2019_LA_eval/flac/LA_E_5009927.flac,11
/data/DATASETS/ASV_Spoof_2019_LA/ASVspoof2019_LA_eval/flac/LA_E_5010401.flac,11
/data/DATASETS/ASV_Spoof_2019_LA/ASVspoof2019_LA_eval/flac/LA_E_5012260.flac,11
/data/DATASETS/ASV_Spoof_2019_LA/ASVspoof2019_LA_eval/flac/LA_E_5012851.flac,11
/data/DATASETS/ASV_Spoof_2019_LA/ASVspoof2019_LA_eval/flac/LA_E_5014308.flac,11
/data/DATASETS/ASV_Spoof_2019_LA/ASVspoof2019_LA_eval/flac/LA_E_5015838.flac,11
/data/DATASETS/ASV_Spoof_2019_LA/ASVspoof2019_LA_eval/flac/LA_E_5016696.flac,11
/data/DATASETS/ASV_Spoof_2019_LA/ASVspoof2019_LA_eval/flac/LA_E_5021743.flac,11
/data/DATASETS/ASV_Spoof_2019_LA/ASVspoof2019_LA_eval/flac/LA_E_5022399.flac,11
/data/DATASETS/ASV_Spoof_2019_LA/ASVspoof2019_LA_eval/flac/LA_E_5025576.flac,11
/data/DATASETS/ASV_Spoof_2019_LA/ASVspoof2019_LA_eval/flac/LA_E_5025784.flac,11
/data/DATASETS/ASV_Spoof_2019_LA/ASVspoof2019_LA_eval/flac/LA_E_5026432.flac,11
/data/DATASETS/ASV_Spoof_2019_LA/ASVspoof2019_LA_eval/flac/LA_E_5028236.flac,11
/data/DATASETS/ASV_Spoof_2019_LA/ASVspoof2019_LA_eval/flac/LA_E_5029586.flac,11
/data/DATASETS/ASV_Spoof_2019_LA/ASVspoof2019_LA_eval/flac/LA_E_5031605.flac,11
/data/DATASETS/ASV_Spoof_2019_LA/ASVspoof2019_LA_eval/flac/LA_E_5034315.flac,11
/data/DATASETS/ASV_Spoof_2019_LA/ASVspoof2019_LA_eval/flac/LA_E_5040741.flac,11
/data/DATASETS/ASV_Spoof_2019_LA/ASVspoof2019_LA_eval/flac/LA_E_5041301.flac,11
/data/DATASETS/ASV_Spoof_2019_LA/ASVspoof2019_LA_eval/flac/LA_E_5042750.flac,11
/data/DATASETS/ASV_Spoof_2019_LA/ASVspoof2019_LA_eval/flac/LA_E_5045188.flac,11
/data/DATASETS/ASV_Spoof_2019_LA/ASVspoof2019_LA_eval/flac/LA_E_5045535.flac,11
/data/DATASETS/ASV_Spoof_2019_LA/ASVspoof2019_LA_eval/flac/LA_E_5046270.flac,11
/data/DATASETS/ASV_Spoof_2019_LA/ASVspoof2019_LA_eval/flac/LA_E_5047421.flac,11
/data/DATASETS/ASV_Spoof_2019_LA/ASVspoof2019_LA_eval/flac/LA_E_5049437.flac,11
/data/DATASETS/ASV_Spoof_2019_LA/ASVspoof2019_LA_eval/flac/LA_E_5049684.flac,11
/data/DATASETS/ASV_Spoof_2019_LA/ASVspoof2019_LA_eval/flac/LA_E_5050182.flac,11
/data/DATASETS/ASV_Spoof_2019_LA/ASVspoof2019_LA_eval/flac/LA_E_5050839.flac,11
/data/DATASETS/ASV_Spoof_2019_LA/ASVspoof2019_LA_eval/flac/LA_E_5050900.flac,11
/data/DATASETS/ASV_Spoof_2019_LA/ASVspoof2019_LA_eval/flac/LA_E_5053822.flac,11
/data/DATASETS/ASV_Spoof_2019_LA/ASVspoof2019_LA_eval/flac/LA_E_5055114.flac,11
/data/DATASETS/ASV_Spoof_2019_LA/ASVspoof2019_LA_eval/flac/LA_E_5055821.flac,11
/data/DATASETS/ASV_Spoof_2019_LA/ASVspoof2019_LA_eval/flac/LA_E_5056367.flac,11
/data/DATASETS/ASV_Spoof_2019_LA/ASVspoof2019_LA_eval/flac/LA_E_5057667.flac,11
/data/DATASETS/ASV_Spoof_2019_LA/ASVspoof2019_LA_eval/flac/LA_E_5058683.flac,11
/data/DATASETS/ASV_Spoof_2019_LA/ASVspoof2019_LA_eval/flac/LA_E_5059279.flac,11
/data/DATASETS/ASV_Spoof_2019_LA/ASVspoof2019_LA_eval/flac/LA_E_5059368.flac,11
/data/DATASETS/ASV_Spoof_2019_LA/ASVspoof2019_LA_eval/flac/LA_E_5061810.flac,11
/data/DATASETS/ASV_Spoof_2019_LA/ASVspoof2019_LA_eval/flac/LA_E_5063798.flac,11
/data/DATASETS/ASV_Spoof_2019_LA/ASVspoof2019_LA_eval/flac/LA_E_5064012.flac,11
/data/DATASETS/ASV_Spoof_2019_LA/ASVspoof2019_LA_eval/flac/LA_E_5066446.flac,11
/data/DATASETS/ASV_Spoof_2019_LA/ASVspoof2019_LA_eval/flac/LA_E_5067812.flac,11
/data/DATASETS/ASV_Spoof_2019_LA/ASVspoof2019_LA_eval/flac/LA_E_5070030.flac,11
/data/DATASETS/ASV_Spoof_2019_LA/ASVspoof2019_LA_eval/flac/LA_E_5074822.flac,11
/data/DATASETS/ASV_Spoof_2019_LA/ASVspoof2019_LA_eval/flac/LA_E_5076791.flac,11
/data/DATASETS/ASV_Spoof_2019_LA/ASVspoof2019_LA_eval/flac/LA_E_5077455.flac,11
/data/DATASETS/ASV_Spoof_2019_LA/ASVspoof2019_LA_eval/flac/LA_E_5079291.flac,11
/data/DATASETS/ASV_Spoof_2019_LA/ASVspoof2019_LA_eval/flac/LA_E_5081220.flac,11
/data/DATASETS/ASV_Spoof_2019_LA/ASVspoof2019_LA_eval/flac/LA_E_5082914.flac,11
/data/DATASETS/ASV_Spoof_2019_LA/ASVspoof2019_LA_eval/flac/LA_E_5087139.flac,11
/data/DATASETS/ASV_Spoof_2019_LA/ASVspoof2019_LA_eval/flac/LA_E_5088322.flac,11
/data/DATASETS/ASV_Spoof_2019_LA/ASVspoof2019_LA_eval/flac/LA_E_5090439.flac,11
/data/DATASETS/ASV_Spoof_2019_LA/ASVspoof2019_LA_eval/flac/LA_E_5092930.flac,11
/data/DATASETS/ASV_Spoof_2019_LA/ASVspoof2019_LA_eval/flac/LA_E_5094420.flac,11
/data/DATASETS/ASV_Spoof_2019_LA/ASVspoof2019_LA_eval/flac/LA_E_5094809.flac,11
/data/DATASETS/ASV_Spoof_2019_LA/ASVspoof2019_LA_eval/flac/LA_E_5097052.flac,11
/data/DATASETS/ASV_Spoof_2019_LA/ASVspoof2019_LA_eval/flac/LA_E_5101880.flac,11
/data/DATASETS/ASV_Spoof_2019_LA/ASVspoof2019_LA_eval/flac/LA_E_5103806.flac,11
/data/DATASETS/ASV_Spoof_2019_LA/ASVspoof2019_LA_eval/flac/LA_E_5110041.flac,11
/data/DATASETS/ASV_Spoof_2019_LA/ASVspoof2019_LA_eval/flac/LA_E_5111440.flac,11
/data/DATASETS/ASV_Spoof_2019_LA/ASVspoof2019_LA_eval/flac/LA_E_5115982.flac,11
/data/DATASETS/ASV_Spoof_2019_LA/ASVspoof2019_LA_eval/flac/LA_E_5117664.flac,11
/data/DATASETS/ASV_Spoof_2019_LA/ASVspoof2019_LA_eval/flac/LA_E_5118014.flac,11
/data/DATASETS/ASV_Spoof_2019_LA/ASVspoof2019_LA_eval/flac/LA_E_5118108.flac,11
/data/DATASETS/ASV_Spoof_2019_LA/ASVspoof2019_LA_eval/flac/LA_E_5119482.flac,11
/data/DATASETS/ASV_Spoof_2019_LA/ASVspoof2019_LA_eval/flac/LA_E_5122122.flac,11
/data/DATASETS/ASV_Spoof_2019_LA/ASVspoof2019_LA_eval/flac/LA_E_5123438.flac,11
/data/DATASETS/ASV_Spoof_2019_LA/ASVspoof2019_LA_eval/flac/LA_E_5124092.flac,11
/data/DATASETS/ASV_Spoof_2019_LA/ASVspoof2019_LA_eval/flac/LA_E_5125221.flac,11
/data/DATASETS/ASV_Spoof_2019_LA/ASVspoof2019_LA_eval/flac/LA_E_5125977.flac,11
/data/DATASETS/ASV_Spoof_2019_LA/ASVspoof2019_LA_eval/flac/LA_E_5127538.flac,11
/data/DATASETS/ASV_Spoof_2019_LA/ASVspoof2019_LA_eval/flac/LA_E_5129145.flac,11
/data/DATASETS/ASV_Spoof_2019_LA/ASVspoof2019_LA_eval/flac/LA_E_5129550.flac,11
/data/DATASETS/ASV_Spoof_2019_LA/ASVspoof2019_LA_eval/flac/LA_E_5130852.flac,11
/data/DATASETS/ASV_Spoof_2019_LA/ASVspoof2019_LA_eval/flac/LA_E_5133679.flac,11
/data/DATASETS/ASV_Spoof_2019_LA/ASVspoof2019_LA_eval/flac/LA_E_5134496.flac,11
/data/DATASETS/ASV_Spoof_2019_LA/ASVspoof2019_LA_eval/flac/LA_E_5145130.flac,11
/data/DATASETS/ASV_Spoof_2019_LA/ASVspoof2019_LA_eval/flac/LA_E_5145296.flac,11
/data/DATASETS/ASV_Spoof_2019_LA/ASVspoof2019_LA_eval/flac/LA_E_5145986.flac,11
/data/DATASETS/ASV_Spoof_2019_LA/ASVspoof2019_LA_eval/flac/LA_E_5147550.flac,11
/data/DATASETS/ASV_Spoof_2019_LA/ASVspoof2019_LA_eval/flac/LA_E_5149710.flac,11
/data/DATASETS/ASV_Spoof_2019_LA/ASVspoof2019_LA_eval/flac/LA_E_5150037.flac,11
/data/DATASETS/ASV_Spoof_2019_LA/ASVspoof2019_LA_eval/flac/LA_E_5152284.flac,11
/data/DATASETS/ASV_Spoof_2019_LA/ASVspoof2019_LA_eval/flac/LA_E_5153132.flac,11
/data/DATASETS/ASV_Spoof_2019_LA/ASVspoof2019_LA_eval/flac/LA_E_5154569.flac,11
/data/DATASETS/ASV_Spoof_2019_LA/ASVspoof2019_LA_eval/flac/LA_E_5154728.flac,11
/data/DATASETS/ASV_Spoof_2019_LA/ASVspoof2019_LA_eval/flac/LA_E_5154774.flac,11
/data/DATASETS/ASV_Spoof_2019_LA/ASVspoof2019_LA_eval/flac/LA_E_5158467.flac,11
/data/DATASETS/ASV_Spoof_2019_LA/ASVspoof2019_LA_eval/flac/LA_E_5161336.flac,11
/data/DATASETS/ASV_Spoof_2019_LA/ASVspoof2019_LA_eval/flac/LA_E_5161892.flac,11
/data/DATASETS/ASV_Spoof_2019_LA/ASVspoof2019_LA_eval/flac/LA_E_5163594.flac,11
/data/DATASETS/ASV_Spoof_2019_LA/ASVspoof2019_LA_eval/flac/LA_E_5164999.flac,11
/data/DATASETS/ASV_Spoof_2019_LA/ASVspoof2019_LA_eval/flac/LA_E_5166169.flac,11
/data/DATASETS/ASV_Spoof_2019_LA/ASVspoof2019_LA_eval/flac/LA_E_5172518.flac,11
/data/DATASETS/ASV_Spoof_2019_LA/ASVspoof2019_LA_eval/flac/LA_E_5173861.flac,11
/data/DATASETS/ASV_Spoof_2019_LA/ASVspoof2019_LA_eval/flac/LA_E_5175268.flac,11
/data/DATASETS/ASV_Spoof_2019_LA/ASVspoof2019_LA_eval/flac/LA_E_5175396.flac,11
/data/DATASETS/ASV_Spoof_2019_LA/ASVspoof2019_LA_eval/flac/LA_E_5175696.flac,11
/data/DATASETS/ASV_Spoof_2019_LA/ASVspoof2019_LA_eval/flac/LA_E_5180318.flac,11
/data/DATASETS/ASV_Spoof_2019_LA/ASVspoof2019_LA_eval/flac/LA_E_5180370.flac,11
/data/DATASETS/ASV_Spoof_2019_LA/ASVspoof2019_LA_eval/flac/LA_E_5180413.flac,11
/data/DATASETS/ASV_Spoof_2019_LA/ASVspoof2019_LA_eval/flac/LA_E_5183078.flac,11
/data/DATASETS/ASV_Spoof_2019_LA/ASVspoof2019_LA_eval/flac/LA_E_5183313.flac,11
/data/DATASETS/ASV_Spoof_2019_LA/ASVspoof2019_LA_eval/flac/LA_E_5183468.flac,11
/data/DATASETS/ASV_Spoof_2019_LA/ASVspoof2019_LA_eval/flac/LA_E_5186115.flac,11
/data/DATASETS/ASV_Spoof_2019_LA/ASVspoof2019_LA_eval/flac/LA_E_5186250.flac,11
/data/DATASETS/ASV_Spoof_2019_LA/ASVspoof2019_LA_eval/flac/LA_E_5186563.flac,11
/data/DATASETS/ASV_Spoof_2019_LA/ASVspoof2019_LA_eval/flac/LA_E_5186954.flac,11
/data/DATASETS/ASV_Spoof_2019_LA/ASVspoof2019_LA_eval/flac/LA_E_5189623.flac,11
/data/DATASETS/ASV_Spoof_2019_LA/ASVspoof2019_LA_eval/flac/LA_E_5193644.flac,11
/data/DATASETS/ASV_Spoof_2019_LA/ASVspoof2019_LA_eval/flac/LA_E_5193991.flac,11
/data/DATASETS/ASV_Spoof_2019_LA/ASVspoof2019_LA_eval/flac/LA_E_5196629.flac,11
/data/DATASETS/ASV_Spoof_2019_LA/ASVspoof2019_LA_eval/flac/LA_E_5199818.flac,11
/data/DATASETS/ASV_Spoof_2019_LA/ASVspoof2019_LA_eval/flac/LA_E_5200752.flac,11
/data/DATASETS/ASV_Spoof_2019_LA/ASVspoof2019_LA_eval/flac/LA_E_5204146.flac,11
/data/DATASETS/ASV_Spoof_2019_LA/ASVspoof2019_LA_eval/flac/LA_E_5205086.flac,11
/data/DATASETS/ASV_Spoof_2019_LA/ASVspoof2019_LA_eval/flac/LA_E_5208484.flac,11
/data/DATASETS/ASV_Spoof_2019_LA/ASVspoof2019_LA_eval/flac/LA_E_5210371.flac,11
/data/DATASETS/ASV_Spoof_2019_LA/ASVspoof2019_LA_eval/flac/LA_E_5210420.flac,11
/data/DATASETS/ASV_Spoof_2019_LA/ASVspoof2019_LA_eval/flac/LA_E_5210457.flac,11
/data/DATASETS/ASV_Spoof_2019_LA/ASVspoof2019_LA_eval/flac/LA_E_5215986.flac,11
/data/DATASETS/ASV_Spoof_2019_LA/ASVspoof2019_LA_eval/flac/LA_E_5217725.flac,11
/data/DATASETS/ASV_Spoof_2019_LA/ASVspoof2019_LA_eval/flac/LA_E_5220848.flac,11
/data/DATASETS/ASV_Spoof_2019_LA/ASVspoof2019_LA_eval/flac/LA_E_5222227.flac,11
/data/DATASETS/ASV_Spoof_2019_LA/ASVspoof2019_LA_eval/flac/LA_E_5223641.flac,11
/data/DATASETS/ASV_Spoof_2019_LA/ASVspoof2019_LA_eval/flac/LA_E_5226695.flac,11
/data/DATASETS/ASV_Spoof_2019_LA/ASVspoof2019_LA_eval/flac/LA_E_5233498.flac,11
/data/DATASETS/ASV_Spoof_2019_LA/ASVspoof2019_LA_eval/flac/LA_E_5234955.flac,11
/data/DATASETS/ASV_Spoof_2019_LA/ASVspoof2019_LA_eval/flac/LA_E_5241937.flac,11
/data/DATASETS/ASV_Spoof_2019_LA/ASVspoof2019_LA_eval/flac/LA_E_5242838.flac,11
/data/DATASETS/ASV_Spoof_2019_LA/ASVspoof2019_LA_eval/flac/LA_E_5247026.flac,11
/data/DATASETS/ASV_Spoof_2019_LA/ASVspoof2019_LA_eval/flac/LA_E_5249775.flac,11
/data/DATASETS/ASV_Spoof_2019_LA/ASVspoof2019_LA_eval/flac/LA_E_5249950.flac,11
/data/DATASETS/ASV_Spoof_2019_LA/ASVspoof2019_LA_eval/flac/LA_E_5251369.flac,11
/data/DATASETS/ASV_Spoof_2019_LA/ASVspoof2019_LA_eval/flac/LA_E_5253024.flac,11
/data/DATASETS/ASV_Spoof_2019_LA/ASVspoof2019_LA_eval/flac/LA_E_5253376.flac,11
/data/DATASETS/ASV_Spoof_2019_LA/ASVspoof2019_LA_eval/flac/LA_E_5258523.flac,11
/data/DATASETS/ASV_Spoof_2019_LA/ASVspoof2019_LA_eval/flac/LA_E_5260182.flac,11
/data/DATASETS/ASV_Spoof_2019_LA/ASVspoof2019_LA_eval/flac/LA_E_5263201.flac,11
/data/DATASETS/ASV_Spoof_2019_LA/ASVspoof2019_LA_eval/flac/LA_E_5263726.flac,11
/data/DATASETS/ASV_Spoof_2019_LA/ASVspoof2019_LA_eval/flac/LA_E_5267223.flac,11
/data/DATASETS/ASV_Spoof_2019_LA/ASVspoof2019_LA_eval/flac/LA_E_5269277.flac,11
/data/DATASETS/ASV_Spoof_2019_LA/ASVspoof2019_LA_eval/flac/LA_E_5269378.flac,11
/data/DATASETS/ASV_Spoof_2019_LA/ASVspoof2019_LA_eval/flac/LA_E_5274120.flac,11
/data/DATASETS/ASV_Spoof_2019_LA/ASVspoof2019_LA_eval/flac/LA_E_5274965.flac,11
/data/DATASETS/ASV_Spoof_2019_LA/ASVspoof2019_LA_eval/flac/LA_E_5276446.flac,11
/data/DATASETS/ASV_Spoof_2019_LA/ASVspoof2019_LA_eval/flac/LA_E_5276634.flac,11
/data/DATASETS/ASV_Spoof_2019_LA/ASVspoof2019_LA_eval/flac/LA_E_5276693.flac,11
/data/DATASETS/ASV_Spoof_2019_LA/ASVspoof2019_LA_eval/flac/LA_E_5276945.flac,11
/data/DATASETS/ASV_Spoof_2019_LA/ASVspoof2019_LA_eval/flac/LA_E_5278211.flac,11
/data/DATASETS/ASV_Spoof_2019_LA/ASVspoof2019_LA_eval/flac/LA_E_5279836.flac,11
/data/DATASETS/ASV_Spoof_2019_LA/ASVspoof2019_LA_eval/flac/LA_E_5282087.flac,11
/data/DATASETS/ASV_Spoof_2019_LA/ASVspoof2019_LA_eval/flac/LA_E_5284193.flac,11
/data/DATASETS/ASV_Spoof_2019_LA/ASVspoof2019_LA_eval/flac/LA_E_5284582.flac,11
/data/DATASETS/ASV_Spoof_2019_LA/ASVspoof2019_LA_eval/flac/LA_E_5285199.flac,11
/data/DATASETS/ASV_Spoof_2019_LA/ASVspoof2019_LA_eval/flac/LA_E_5286862.flac,11
/data/DATASETS/ASV_Spoof_2019_LA/ASVspoof2019_LA_eval/flac/LA_E_5288159.flac,11
/data/DATASETS/ASV_Spoof_2019_LA/ASVspoof2019_LA_eval/flac/LA_E_5292562.flac,11
/data/DATASETS/ASV_Spoof_2019_LA/ASVspoof2019_LA_eval/flac/LA_E_5293087.flac,11
/data/DATASETS/ASV_Spoof_2019_LA/ASVspoof2019_LA_eval/flac/LA_E_5295914.flac,11
/data/DATASETS/ASV_Spoof_2019_LA/ASVspoof2019_LA_eval/flac/LA_E_5296598.flac,11
/data/DATASETS/ASV_Spoof_2019_LA/ASVspoof2019_LA_eval/flac/LA_E_5297597.flac,11
/data/DATASETS/ASV_Spoof_2019_LA/ASVspoof2019_LA_eval/flac/LA_E_5299332.flac,11
/data/DATASETS/ASV_Spoof_2019_LA/ASVspoof2019_LA_eval/flac/LA_E_5302568.flac,11
/data/DATASETS/ASV_Spoof_2019_LA/ASVspoof2019_LA_eval/flac/LA_E_5302645.flac,11
/data/DATASETS/ASV_Spoof_2019_LA/ASVspoof2019_LA_eval/flac/LA_E_5302716.flac,11
/data/DATASETS/ASV_Spoof_2019_LA/ASVspoof2019_LA_eval/flac/LA_E_5303514.flac,11
/data/DATASETS/ASV_Spoof_2019_LA/ASVspoof2019_LA_eval/flac/LA_E_5307079.flac,11
/data/DATASETS/ASV_Spoof_2019_LA/ASVspoof2019_LA_eval/flac/LA_E_5308828.flac,11
/data/DATASETS/ASV_Spoof_2019_LA/ASVspoof2019_LA_eval/flac/LA_E_5311993.flac,11
/data/DATASETS/ASV_Spoof_2019_LA/ASVspoof2019_LA_eval/flac/LA_E_5312784.flac,11
/data/DATASETS/ASV_Spoof_2019_LA/ASVspoof2019_LA_eval/flac/LA_E_5313190.flac,11
/data/DATASETS/ASV_Spoof_2019_LA/ASVspoof2019_LA_eval/flac/LA_E_5314938.flac,11
/data/DATASETS/ASV_Spoof_2019_LA/ASVspoof2019_LA_eval/flac/LA_E_5317182.flac,11
/data/DATASETS/ASV_Spoof_2019_LA/ASVspoof2019_LA_eval/flac/LA_E_5317928.flac,11
/data/DATASETS/ASV_Spoof_2019_LA/ASVspoof2019_LA_eval/flac/LA_E_5320891.flac,11
/data/DATASETS/ASV_Spoof_2019_LA/ASVspoof2019_LA_eval/flac/LA_E_5322741.flac,11
/data/DATASETS/ASV_Spoof_2019_LA/ASVspoof2019_LA_eval/flac/LA_E_5326092.flac,11
/data/DATASETS/ASV_Spoof_2019_LA/ASVspoof2019_LA_eval/flac/LA_E_5326497.flac,11
/data/DATASETS/ASV_Spoof_2019_LA/ASVspoof2019_LA_eval/flac/LA_E_5329253.flac,11
/data/DATASETS/ASV_Spoof_2019_LA/ASVspoof2019_LA_eval/flac/LA_E_5329272.flac,11
/data/DATASETS/ASV_Spoof_2019_LA/ASVspoof2019_LA_eval/flac/LA_E_5333954.flac,11
/data/DATASETS/ASV_Spoof_2019_LA/ASVspoof2019_LA_eval/flac/LA_E_5337903.flac,11
/data/DATASETS/ASV_Spoof_2019_LA/ASVspoof2019_LA_eval/flac/LA_E_5339498.flac,11
/data/DATASETS/ASV_Spoof_2019_LA/ASVspoof2019_LA_eval/flac/LA_E_5340134.flac,11
/data/DATASETS/ASV_Spoof_2019_LA/ASVspoof2019_LA_eval/flac/LA_E_5343021.flac,11
/data/DATASETS/ASV_Spoof_2019_LA/ASVspoof2019_LA_eval/flac/LA_E_5344211.flac,11
/data/DATASETS/ASV_Spoof_2019_LA/ASVspoof2019_LA_eval/flac/LA_E_5348286.flac,11
/data/DATASETS/ASV_Spoof_2019_LA/ASVspoof2019_LA_eval/flac/LA_E_5349507.flac,11
/data/DATASETS/ASV_Spoof_2019_LA/ASVspoof2019_LA_eval/flac/LA_E_5353718.flac,11
/data/DATASETS/ASV_Spoof_2019_LA/ASVspoof2019_LA_eval/flac/LA_E_5353813.flac,11
/data/DATASETS/ASV_Spoof_2019_LA/ASVspoof2019_LA_eval/flac/LA_E_5353967.flac,11
/data/DATASETS/ASV_Spoof_2019_LA/ASVspoof2019_LA_eval/flac/LA_E_5354858.flac,11
/data/DATASETS/ASV_Spoof_2019_LA/ASVspoof2019_LA_eval/flac/LA_E_5356638.flac,11
/data/DATASETS/ASV_Spoof_2019_LA/ASVspoof2019_LA_eval/flac/LA_E_5357334.flac,11
/data/DATASETS/ASV_Spoof_2019_LA/ASVspoof2019_LA_eval/flac/LA_E_5360561.flac,11
/data/DATASETS/ASV_Spoof_2019_LA/ASVspoof2019_LA_eval/flac/LA_E_5363767.flac,11
/data/DATASETS/ASV_Spoof_2019_LA/ASVspoof2019_LA_eval/flac/LA_E_5371423.flac,11
/data/DATASETS/ASV_Spoof_2019_LA/ASVspoof2019_LA_eval/flac/LA_E_5376313.flac,11
/data/DATASETS/ASV_Spoof_2019_LA/ASVspoof2019_LA_eval/flac/LA_E_5378225.flac,11
/data/DATASETS/ASV_Spoof_2019_LA/ASVspoof2019_LA_eval/flac/LA_E_5380076.flac,11
/data/DATASETS/ASV_Spoof_2019_LA/ASVspoof2019_LA_eval/flac/LA_E_5380077.flac,11
/data/DATASETS/ASV_Spoof_2019_LA/ASVspoof2019_LA_eval/flac/LA_E_5381596.flac,11
/data/DATASETS/ASV_Spoof_2019_LA/ASVspoof2019_LA_eval/flac/LA_E_5382785.flac,11
/data/DATASETS/ASV_Spoof_2019_LA/ASVspoof2019_LA_eval/flac/LA_E_5383224.flac,11
/data/DATASETS/ASV_Spoof_2019_LA/ASVspoof2019_LA_eval/flac/LA_E_5383935.flac,11
/data/DATASETS/ASV_Spoof_2019_LA/ASVspoof2019_LA_eval/flac/LA_E_5388663.flac,11
/data/DATASETS/ASV_Spoof_2019_LA/ASVspoof2019_LA_eval/flac/LA_E_5390520.flac,11
/data/DATASETS/ASV_Spoof_2019_LA/ASVspoof2019_LA_eval/flac/LA_E_5391169.flac,11
/data/DATASETS/ASV_Spoof_2019_LA/ASVspoof2019_LA_eval/flac/LA_E_5392207.flac,11
/data/DATASETS/ASV_Spoof_2019_LA/ASVspoof2019_LA_eval/flac/LA_E_5392778.flac,11
/data/DATASETS/ASV_Spoof_2019_LA/ASVspoof2019_LA_eval/flac/LA_E_5394705.flac,11
/data/DATASETS/ASV_Spoof_2019_LA/ASVspoof2019_LA_eval/flac/LA_E_5397691.flac,11
/data/DATASETS/ASV_Spoof_2019_LA/ASVspoof2019_LA_eval/flac/LA_E_5398202.flac,11
/data/DATASETS/ASV_Spoof_2019_LA/ASVspoof2019_LA_eval/flac/LA_E_5399082.flac,11
/data/DATASETS/ASV_Spoof_2019_LA/ASVspoof2019_LA_eval/flac/LA_E_5399209.flac,11
/data/DATASETS/ASV_Spoof_2019_LA/ASVspoof2019_LA_eval/flac/LA_E_5399575.flac,11
/data/DATASETS/ASV_Spoof_2019_LA/ASVspoof2019_LA_eval/flac/LA_E_5401009.flac,11
/data/DATASETS/ASV_Spoof_2019_LA/ASVspoof2019_LA_eval/flac/LA_E_5401241.flac,11
/data/DATASETS/ASV_Spoof_2019_LA/ASVspoof2019_LA_eval/flac/LA_E_5404066.flac,11
/data/DATASETS/ASV_Spoof_2019_LA/ASVspoof2019_LA_eval/flac/LA_E_5404168.flac,11
/data/DATASETS/ASV_Spoof_2019_LA/ASVspoof2019_LA_eval/flac/LA_E_5408189.flac,11
/data/DATASETS/ASV_Spoof_2019_LA/ASVspoof2019_LA_eval/flac/LA_E_5410535.flac,11
/data/DATASETS/ASV_Spoof_2019_LA/ASVspoof2019_LA_eval/flac/LA_E_5412721.flac,11
/data/DATASETS/ASV_Spoof_2019_LA/ASVspoof2019_LA_eval/flac/LA_E_5417823.flac,11
/data/DATASETS/ASV_Spoof_2019_LA/ASVspoof2019_LA_eval/flac/LA_E_5418696.flac,11
/data/DATASETS/ASV_Spoof_2019_LA/ASVspoof2019_LA_eval/flac/LA_E_5419332.flac,11
/data/DATASETS/ASV_Spoof_2019_LA/ASVspoof2019_LA_eval/flac/LA_E_5420776.flac,11
/data/DATASETS/ASV_Spoof_2019_LA/ASVspoof2019_LA_eval/flac/LA_E_5421495.flac,11
/data/DATASETS/ASV_Spoof_2019_LA/ASVspoof2019_LA_eval/flac/LA_E_5422058.flac,11
/data/DATASETS/ASV_Spoof_2019_LA/ASVspoof2019_LA_eval/flac/LA_E_5422312.flac,11
/data/DATASETS/ASV_Spoof_2019_LA/ASVspoof2019_LA_eval/flac/LA_E_5426016.flac,11
/data/DATASETS/ASV_Spoof_2019_LA/ASVspoof2019_LA_eval/flac/LA_E_5427519.flac,11
/data/DATASETS/ASV_Spoof_2019_LA/ASVspoof2019_LA_eval/flac/LA_E_5427594.flac,11
/data/DATASETS/ASV_Spoof_2019_LA/ASVspoof2019_LA_eval/flac/LA_E_5429827.flac,11
/data/DATASETS/ASV_Spoof_2019_LA/ASVspoof2019_LA_eval/flac/LA_E_5431022.flac,11
/data/DATASETS/ASV_Spoof_2019_LA/ASVspoof2019_LA_eval/flac/LA_E_5432803.flac,11
/data/DATASETS/ASV_Spoof_2019_LA/ASVspoof2019_LA_eval/flac/LA_E_5438542.flac,11
/data/DATASETS/ASV_Spoof_2019_LA/ASVspoof2019_LA_eval/flac/LA_E_5438767.flac,11
/data/DATASETS/ASV_Spoof_2019_LA/ASVspoof2019_LA_eval/flac/LA_E_5439062.flac,11
/data/DATASETS/ASV_Spoof_2019_LA/ASVspoof2019_LA_eval/flac/LA_E_5441965.flac,11
/data/DATASETS/ASV_Spoof_2019_LA/ASVspoof2019_LA_eval/flac/LA_E_5442401.flac,11
/data/DATASETS/ASV_Spoof_2019_LA/ASVspoof2019_LA_eval/flac/LA_E_5444249.flac,11
/data/DATASETS/ASV_Spoof_2019_LA/ASVspoof2019_LA_eval/flac/LA_E_5445191.flac,11
/data/DATASETS/ASV_Spoof_2019_LA/ASVspoof2019_LA_eval/flac/LA_E_5447768.flac,11
/data/DATASETS/ASV_Spoof_2019_LA/ASVspoof2019_LA_eval/flac/LA_E_5449518.flac,11
/data/DATASETS/ASV_Spoof_2019_LA/ASVspoof2019_LA_eval/flac/LA_E_5454309.flac,11
/data/DATASETS/ASV_Spoof_2019_LA/ASVspoof2019_LA_eval/flac/LA_E_5462334.flac,11
/data/DATASETS/ASV_Spoof_2019_LA/ASVspoof2019_LA_eval/flac/LA_E_5464046.flac,11
/data/DATASETS/ASV_Spoof_2019_LA/ASVspoof2019_LA_eval/flac/LA_E_5470996.flac,11
/data/DATASETS/ASV_Spoof_2019_LA/ASVspoof2019_LA_eval/flac/LA_E_5471622.flac,11
/data/DATASETS/ASV_Spoof_2019_LA/ASVspoof2019_LA_eval/flac/LA_E_5472118.flac,11
/data/DATASETS/ASV_Spoof_2019_LA/ASVspoof2019_LA_eval/flac/LA_E_5474159.flac,11
/data/DATASETS/ASV_Spoof_2019_LA/ASVspoof2019_LA_eval/flac/LA_E_5474245.flac,11
/data/DATASETS/ASV_Spoof_2019_LA/ASVspoof2019_LA_eval/flac/LA_E_5477912.flac,11
/data/DATASETS/ASV_Spoof_2019_LA/ASVspoof2019_LA_eval/flac/LA_E_5478572.flac,11
/data/DATASETS/ASV_Spoof_2019_LA/ASVspoof2019_LA_eval/flac/LA_E_5482311.flac,11
/data/DATASETS/ASV_Spoof_2019_LA/ASVspoof2019_LA_eval/flac/LA_E_5485843.flac,11
/data/DATASETS/ASV_Spoof_2019_LA/ASVspoof2019_LA_eval/flac/LA_E_5486124.flac,11
/data/DATASETS/ASV_Spoof_2019_LA/ASVspoof2019_LA_eval/flac/LA_E_5490322.flac,11
/data/DATASETS/ASV_Spoof_2019_LA/ASVspoof2019_LA_eval/flac/LA_E_5490398.flac,11
/data/DATASETS/ASV_Spoof_2019_LA/ASVspoof2019_LA_eval/flac/LA_E_5490614.flac,11
/data/DATASETS/ASV_Spoof_2019_LA/ASVspoof2019_LA_eval/flac/LA_E_5491233.flac,11
/data/DATASETS/ASV_Spoof_2019_LA/ASVspoof2019_LA_eval/flac/LA_E_5493710.flac,11
/data/DATASETS/ASV_Spoof_2019_LA/ASVspoof2019_LA_eval/flac/LA_E_5494531.flac,11
/data/DATASETS/ASV_Spoof_2019_LA/ASVspoof2019_LA_eval/flac/LA_E_5495126.flac,11
/data/DATASETS/ASV_Spoof_2019_LA/ASVspoof2019_LA_eval/flac/LA_E_5498838.flac,11
/data/DATASETS/ASV_Spoof_2019_LA/ASVspoof2019_LA_eval/flac/LA_E_5499216.flac,11
/data/DATASETS/ASV_Spoof_2019_LA/ASVspoof2019_LA_eval/flac/LA_E_5500162.flac,11
/data/DATASETS/ASV_Spoof_2019_LA/ASVspoof2019_LA_eval/flac/LA_E_5500573.flac,11
/data/DATASETS/ASV_Spoof_2019_LA/ASVspoof2019_LA_eval/flac/LA_E_5507705.flac,11
/data/DATASETS/ASV_Spoof_2019_LA/ASVspoof2019_LA_eval/flac/LA_E_5510910.flac,11
/data/DATASETS/ASV_Spoof_2019_LA/ASVspoof2019_LA_eval/flac/LA_E_5514700.flac,11
/data/DATASETS/ASV_Spoof_2019_LA/ASVspoof2019_LA_eval/flac/LA_E_5515651.flac,11
/data/DATASETS/ASV_Spoof_2019_LA/ASVspoof2019_LA_eval/flac/LA_E_5517245.flac,11
/data/DATASETS/ASV_Spoof_2019_LA/ASVspoof2019_LA_eval/flac/LA_E_5518829.flac,11
/data/DATASETS/ASV_Spoof_2019_LA/ASVspoof2019_LA_eval/flac/LA_E_5519301.flac,11
/data/DATASETS/ASV_Spoof_2019_LA/ASVspoof2019_LA_eval/flac/LA_E_5521137.flac,11
/data/DATASETS/ASV_Spoof_2019_LA/ASVspoof2019_LA_eval/flac/LA_E_5525765.flac,11
/data/DATASETS/ASV_Spoof_2019_LA/ASVspoof2019_LA_eval/flac/LA_E_5525964.flac,11
/data/DATASETS/ASV_Spoof_2019_LA/ASVspoof2019_LA_eval/flac/LA_E_5527337.flac,11
/data/DATASETS/ASV_Spoof_2019_LA/ASVspoof2019_LA_eval/flac/LA_E_5531787.flac,11
/data/DATASETS/ASV_Spoof_2019_LA/ASVspoof2019_LA_eval/flac/LA_E_5536176.flac,11
/data/DATASETS/ASV_Spoof_2019_LA/ASVspoof2019_LA_eval/flac/LA_E_5538041.flac,11
/data/DATASETS/ASV_Spoof_2019_LA/ASVspoof2019_LA_eval/flac/LA_E_5540585.flac,11
/data/DATASETS/ASV_Spoof_2019_LA/ASVspoof2019_LA_eval/flac/LA_E_5541598.flac,11
/data/DATASETS/ASV_Spoof_2019_LA/ASVspoof2019_LA_eval/flac/LA_E_5543122.flac,11
/data/DATASETS/ASV_Spoof_2019_LA/ASVspoof2019_LA_eval/flac/LA_E_5543592.flac,11
/data/DATASETS/ASV_Spoof_2019_LA/ASVspoof2019_LA_eval/flac/LA_E_5545159.flac,11
/data/DATASETS/ASV_Spoof_2019_LA/ASVspoof2019_LA_eval/flac/LA_E_5546529.flac,11
/data/DATASETS/ASV_Spoof_2019_LA/ASVspoof2019_LA_eval/flac/LA_E_5547128.flac,11
/data/DATASETS/ASV_Spoof_2019_LA/ASVspoof2019_LA_eval/flac/LA_E_5550226.flac,11
/data/DATASETS/ASV_Spoof_2019_LA/ASVspoof2019_LA_eval/flac/LA_E_5552905.flac,11
/data/DATASETS/ASV_Spoof_2019_LA/ASVspoof2019_LA_eval/flac/LA_E_5553378.flac,11
/data/DATASETS/ASV_Spoof_2019_LA/ASVspoof2019_LA_eval/flac/LA_E_5558439.flac,11
/data/DATASETS/ASV_Spoof_2019_LA/ASVspoof2019_LA_eval/flac/LA_E_5561592.flac,11
/data/DATASETS/ASV_Spoof_2019_LA/ASVspoof2019_LA_eval/flac/LA_E_5562287.flac,11
/data/DATASETS/ASV_Spoof_2019_LA/ASVspoof2019_LA_eval/flac/LA_E_5562359.flac,11
/data/DATASETS/ASV_Spoof_2019_LA/ASVspoof2019_LA_eval/flac/LA_E_5564312.flac,11
/data/DATASETS/ASV_Spoof_2019_LA/ASVspoof2019_LA_eval/flac/LA_E_5565094.flac,11
/data/DATASETS/ASV_Spoof_2019_LA/ASVspoof2019_LA_eval/flac/LA_E_5565863.flac,11
/data/DATASETS/ASV_Spoof_2019_LA/ASVspoof2019_LA_eval/flac/LA_E_5567037.flac,11
/data/DATASETS/ASV_Spoof_2019_LA/ASVspoof2019_LA_eval/flac/LA_E_5568228.flac,11
/data/DATASETS/ASV_Spoof_2019_LA/ASVspoof2019_LA_eval/flac/LA_E_5569239.flac,11
/data/DATASETS/ASV_Spoof_2019_LA/ASVspoof2019_LA_eval/flac/LA_E_5569336.flac,11
/data/DATASETS/ASV_Spoof_2019_LA/ASVspoof2019_LA_eval/flac/LA_E_5569910.flac,11
/data/DATASETS/ASV_Spoof_2019_LA/ASVspoof2019_LA_eval/flac/LA_E_5570284.flac,11
/data/DATASETS/ASV_Spoof_2019_LA/ASVspoof2019_LA_eval/flac/LA_E_5570962.flac,11
/data/DATASETS/ASV_Spoof_2019_LA/ASVspoof2019_LA_eval/flac/LA_E_5573423.flac,11
/data/DATASETS/ASV_Spoof_2019_LA/ASVspoof2019_LA_eval/flac/LA_E_5573719.flac,11
/data/DATASETS/ASV_Spoof_2019_LA/ASVspoof2019_LA_eval/flac/LA_E_5577225.flac,11
/data/DATASETS/ASV_Spoof_2019_LA/ASVspoof2019_LA_eval/flac/LA_E_5579057.flac,11
/data/DATASETS/ASV_Spoof_2019_LA/ASVspoof2019_LA_eval/flac/LA_E_5582679.flac,11
/data/DATASETS/ASV_Spoof_2019_LA/ASVspoof2019_LA_eval/flac/LA_E_5582744.flac,11
/data/DATASETS/ASV_Spoof_2019_LA/ASVspoof2019_LA_eval/flac/LA_E_5583105.flac,11
/data/DATASETS/ASV_Spoof_2019_LA/ASVspoof2019_LA_eval/flac/LA_E_5584914.flac,11
/data/DATASETS/ASV_Spoof_2019_LA/ASVspoof2019_LA_eval/flac/LA_E_5586369.flac,11
/data/DATASETS/ASV_Spoof_2019_LA/ASVspoof2019_LA_eval/flac/LA_E_5586639.flac,11
/data/DATASETS/ASV_Spoof_2019_LA/ASVspoof2019_LA_eval/flac/LA_E_5589359.flac,11
/data/DATASETS/ASV_Spoof_2019_LA/ASVspoof2019_LA_eval/flac/LA_E_5592355.flac,11
/data/DATASETS/ASV_Spoof_2019_LA/ASVspoof2019_LA_eval/flac/LA_E_5594956.flac,11
/data/DATASETS/ASV_Spoof_2019_LA/ASVspoof2019_LA_eval/flac/LA_E_5595849.flac,11
/data/DATASETS/ASV_Spoof_2019_LA/ASVspoof2019_LA_eval/flac/LA_E_5596003.flac,11
/data/DATASETS/ASV_Spoof_2019_LA/ASVspoof2019_LA_eval/flac/LA_E_5596411.flac,11
/data/DATASETS/ASV_Spoof_2019_LA/ASVspoof2019_LA_eval/flac/LA_E_5598216.flac,11
/data/DATASETS/ASV_Spoof_2019_LA/ASVspoof2019_LA_eval/flac/LA_E_5598585.flac,11
/data/DATASETS/ASV_Spoof_2019_LA/ASVspoof2019_LA_eval/flac/LA_E_5603273.flac,11
/data/DATASETS/ASV_Spoof_2019_LA/ASVspoof2019_LA_eval/flac/LA_E_5604575.flac,11
/data/DATASETS/ASV_Spoof_2019_LA/ASVspoof2019_LA_eval/flac/LA_E_5606996.flac,11
/data/DATASETS/ASV_Spoof_2019_LA/ASVspoof2019_LA_eval/flac/LA_E_5609056.flac,11
/data/DATASETS/ASV_Spoof_2019_LA/ASVspoof2019_LA_eval/flac/LA_E_5612125.flac,11
/data/DATASETS/ASV_Spoof_2019_LA/ASVspoof2019_LA_eval/flac/LA_E_5614478.flac,11
/data/DATASETS/ASV_Spoof_2019_LA/ASVspoof2019_LA_eval/flac/LA_E_5617981.flac,11
/data/DATASETS/ASV_Spoof_2019_LA/ASVspoof2019_LA_eval/flac/LA_E_5618630.flac,11
/data/DATASETS/ASV_Spoof_2019_LA/ASVspoof2019_LA_eval/flac/LA_E_5619125.flac,11
/data/DATASETS/ASV_Spoof_2019_LA/ASVspoof2019_LA_eval/flac/LA_E_5620569.flac,11
/data/DATASETS/ASV_Spoof_2019_LA/ASVspoof2019_LA_eval/flac/LA_E_5622725.flac,11
/data/DATASETS/ASV_Spoof_2019_LA/ASVspoof2019_LA_eval/flac/LA_E_5623833.flac,11
/data/DATASETS/ASV_Spoof_2019_LA/ASVspoof2019_LA_eval/flac/LA_E_5624233.flac,11
/data/DATASETS/ASV_Spoof_2019_LA/ASVspoof2019_LA_eval/flac/LA_E_5625047.flac,11
/data/DATASETS/ASV_Spoof_2019_LA/ASVspoof2019_LA_eval/flac/LA_E_5626395.flac,11
/data/DATASETS/ASV_Spoof_2019_LA/ASVspoof2019_LA_eval/flac/LA_E_5626667.flac,11
/data/DATASETS/ASV_Spoof_2019_LA/ASVspoof2019_LA_eval/flac/LA_E_5626928.flac,11
/data/DATASETS/ASV_Spoof_2019_LA/ASVspoof2019_LA_eval/flac/LA_E_5627031.flac,11
/data/DATASETS/ASV_Spoof_2019_LA/ASVspoof2019_LA_eval/flac/LA_E_5629934.flac,11
/data/DATASETS/ASV_Spoof_2019_LA/ASVspoof2019_LA_eval/flac/LA_E_5630237.flac,11
/data/DATASETS/ASV_Spoof_2019_LA/ASVspoof2019_LA_eval/flac/LA_E_5630345.flac,11
/data/DATASETS/ASV_Spoof_2019_LA/ASVspoof2019_LA_eval/flac/LA_E_5632820.flac,11
/data/DATASETS/ASV_Spoof_2019_LA/ASVspoof2019_LA_eval/flac/LA_E_5633887.flac,11
/data/DATASETS/ASV_Spoof_2019_LA/ASVspoof2019_LA_eval/flac/LA_E_5637668.flac,11
/data/DATASETS/ASV_Spoof_2019_LA/ASVspoof2019_LA_eval/flac/LA_E_5637935.flac,11
/data/DATASETS/ASV_Spoof_2019_LA/ASVspoof2019_LA_eval/flac/LA_E_5639486.flac,11
/data/DATASETS/ASV_Spoof_2019_LA/ASVspoof2019_LA_eval/flac/LA_E_5640567.flac,11
/data/DATASETS/ASV_Spoof_2019_LA/ASVspoof2019_LA_eval/flac/LA_E_5643939.flac,11
/data/DATASETS/ASV_Spoof_2019_LA/ASVspoof2019_LA_eval/flac/LA_E_5643956.flac,11
/data/DATASETS/ASV_Spoof_2019_LA/ASVspoof2019_LA_eval/flac/LA_E_5645390.flac,11
/data/DATASETS/ASV_Spoof_2019_LA/ASVspoof2019_LA_eval/flac/LA_E_5649347.flac,11
/data/DATASETS/ASV_Spoof_2019_LA/ASVspoof2019_LA_eval/flac/LA_E_5649760.flac,11
/data/DATASETS/ASV_Spoof_2019_LA/ASVspoof2019_LA_eval/flac/LA_E_5651167.flac,11
/data/DATASETS/ASV_Spoof_2019_LA/ASVspoof2019_LA_eval/flac/LA_E_5651300.flac,11
/data/DATASETS/ASV_Spoof_2019_LA/ASVspoof2019_LA_eval/flac/LA_E_5656853.flac,11
/data/DATASETS/ASV_Spoof_2019_LA/ASVspoof2019_LA_eval/flac/LA_E_5659318.flac,11
/data/DATASETS/ASV_Spoof_2019_LA/ASVspoof2019_LA_eval/flac/LA_E_5666676.flac,11
/data/DATASETS/ASV_Spoof_2019_LA/ASVspoof2019_LA_eval/flac/LA_E_5668434.flac,11
/data/DATASETS/ASV_Spoof_2019_LA/ASVspoof2019_LA_eval/flac/LA_E_5668962.flac,11
/data/DATASETS/ASV_Spoof_2019_LA/ASVspoof2019_LA_eval/flac/LA_E_5670247.flac,11
/data/DATASETS/ASV_Spoof_2019_LA/ASVspoof2019_LA_eval/flac/LA_E_5670686.flac,11
/data/DATASETS/ASV_Spoof_2019_LA/ASVspoof2019_LA_eval/flac/LA_E_5674028.flac,11
/data/DATASETS/ASV_Spoof_2019_LA/ASVspoof2019_LA_eval/flac/LA_E_5674675.flac,11
/data/DATASETS/ASV_Spoof_2019_LA/ASVspoof2019_LA_eval/flac/LA_E_5674891.flac,11
/data/DATASETS/ASV_Spoof_2019_LA/ASVspoof2019_LA_eval/flac/LA_E_5675809.flac,11
/data/DATASETS/ASV_Spoof_2019_LA/ASVspoof2019_LA_eval/flac/LA_E_5685625.flac,11
/data/DATASETS/ASV_Spoof_2019_LA/ASVspoof2019_LA_eval/flac/LA_E_5686513.flac,11
/data/DATASETS/ASV_Spoof_2019_LA/ASVspoof2019_LA_eval/flac/LA_E_5688871.flac,11
/data/DATASETS/ASV_Spoof_2019_LA/ASVspoof2019_LA_eval/flac/LA_E_5689284.flac,11
/data/DATASETS/ASV_Spoof_2019_LA/ASVspoof2019_LA_eval/flac/LA_E_5693878.flac,11
/data/DATASETS/ASV_Spoof_2019_LA/ASVspoof2019_LA_eval/flac/LA_E_5697344.flac,11
/data/DATASETS/ASV_Spoof_2019_LA/ASVspoof2019_LA_eval/flac/LA_E_5700986.flac,11
/data/DATASETS/ASV_Spoof_2019_LA/ASVspoof2019_LA_eval/flac/LA_E_5701459.flac,11
/data/DATASETS/ASV_Spoof_2019_LA/ASVspoof2019_LA_eval/flac/LA_E_5702965.flac,11
/data/DATASETS/ASV_Spoof_2019_LA/ASVspoof2019_LA_eval/flac/LA_E_5704903.flac,11
/data/DATASETS/ASV_Spoof_2019_LA/ASVspoof2019_LA_eval/flac/LA_E_5705954.flac,11
/data/DATASETS/ASV_Spoof_2019_LA/ASVspoof2019_LA_eval/flac/LA_E_5714033.flac,11
/data/DATASETS/ASV_Spoof_2019_LA/ASVspoof2019_LA_eval/flac/LA_E_5719450.flac,11
/data/DATASETS/ASV_Spoof_2019_LA/ASVspoof2019_LA_eval/flac/LA_E_5721984.flac,11
/data/DATASETS/ASV_Spoof_2019_LA/ASVspoof2019_LA_eval/flac/LA_E_5723850.flac,11
/data/DATASETS/ASV_Spoof_2019_LA/ASVspoof2019_LA_eval/flac/LA_E_5725746.flac,11
/data/DATASETS/ASV_Spoof_2019_LA/ASVspoof2019_LA_eval/flac/LA_E_5732459.flac,11
/data/DATASETS/ASV_Spoof_2019_LA/ASVspoof2019_LA_eval/flac/LA_E_5734243.flac,11
/data/DATASETS/ASV_Spoof_2019_LA/ASVspoof2019_LA_eval/flac/LA_E_5736033.flac,11
/data/DATASETS/ASV_Spoof_2019_LA/ASVspoof2019_LA_eval/flac/LA_E_5736212.flac,11
/data/DATASETS/ASV_Spoof_2019_LA/ASVspoof2019_LA_eval/flac/LA_E_5741425.flac,11
/data/DATASETS/ASV_Spoof_2019_LA/ASVspoof2019_LA_eval/flac/LA_E_5742918.flac,11
/data/DATASETS/ASV_Spoof_2019_LA/ASVspoof2019_LA_eval/flac/LA_E_5748656.flac,11
/data/DATASETS/ASV_Spoof_2019_LA/ASVspoof2019_LA_eval/flac/LA_E_5753439.flac,11
/data/DATASETS/ASV_Spoof_2019_LA/ASVspoof2019_LA_eval/flac/LA_E_5754040.flac,11
/data/DATASETS/ASV_Spoof_2019_LA/ASVspoof2019_LA_eval/flac/LA_E_5754719.flac,11
/data/DATASETS/ASV_Spoof_2019_LA/ASVspoof2019_LA_eval/flac/LA_E_5757481.flac,11
/data/DATASETS/ASV_Spoof_2019_LA/ASVspoof2019_LA_eval/flac/LA_E_5760342.flac,11
/data/DATASETS/ASV_Spoof_2019_LA/ASVspoof2019_LA_eval/flac/LA_E_5765359.flac,11
/data/DATASETS/ASV_Spoof_2019_LA/ASVspoof2019_LA_eval/flac/LA_E_5766430.flac,11
/data/DATASETS/ASV_Spoof_2019_LA/ASVspoof2019_LA_eval/flac/LA_E_5769617.flac,11
/data/DATASETS/ASV_Spoof_2019_LA/ASVspoof2019_LA_eval/flac/LA_E_5769824.flac,11
/data/DATASETS/ASV_Spoof_2019_LA/ASVspoof2019_LA_eval/flac/LA_E_5770614.flac,11
/data/DATASETS/ASV_Spoof_2019_LA/ASVspoof2019_LA_eval/flac/LA_E_5773516.flac,11
/data/DATASETS/ASV_Spoof_2019_LA/ASVspoof2019_LA_eval/flac/LA_E_5775448.flac,11
/data/DATASETS/ASV_Spoof_2019_LA/ASVspoof2019_LA_eval/flac/LA_E_5776715.flac,11
/data/DATASETS/ASV_Spoof_2019_LA/ASVspoof2019_LA_eval/flac/LA_E_5780562.flac,11
/data/DATASETS/ASV_Spoof_2019_LA/ASVspoof2019_LA_eval/flac/LA_E_5783880.flac,11
/data/DATASETS/ASV_Spoof_2019_LA/ASVspoof2019_LA_eval/flac/LA_E_5784183.flac,11
/data/DATASETS/ASV_Spoof_2019_LA/ASVspoof2019_LA_eval/flac/LA_E_5784924.flac,11
/data/DATASETS/ASV_Spoof_2019_LA/ASVspoof2019_LA_eval/flac/LA_E_5786699.flac,11
/data/DATASETS/ASV_Spoof_2019_LA/ASVspoof2019_LA_eval/flac/LA_E_5788883.flac,11
/data/DATASETS/ASV_Spoof_2019_LA/ASVspoof2019_LA_eval/flac/LA_E_5797205.flac,11
/data/DATASETS/ASV_Spoof_2019_LA/ASVspoof2019_LA_eval/flac/LA_E_5797217.flac,11
/data/DATASETS/ASV_Spoof_2019_LA/ASVspoof2019_LA_eval/flac/LA_E_5798113.flac,11
/data/DATASETS/ASV_Spoof_2019_LA/ASVspoof2019_LA_eval/flac/LA_E_5800067.flac,11
/data/DATASETS/ASV_Spoof_2019_LA/ASVspoof2019_LA_eval/flac/LA_E_5803648.flac,11
/data/DATASETS/ASV_Spoof_2019_LA/ASVspoof2019_LA_eval/flac/LA_E_5803827.flac,11
/data/DATASETS/ASV_Spoof_2019_LA/ASVspoof2019_LA_eval/flac/LA_E_5804305.flac,11
/data/DATASETS/ASV_Spoof_2019_LA/ASVspoof2019_LA_eval/flac/LA_E_5806372.flac,11
/data/DATASETS/ASV_Spoof_2019_LA/ASVspoof2019_LA_eval/flac/LA_E_5807744.flac,11
/data/DATASETS/ASV_Spoof_2019_LA/ASVspoof2019_LA_eval/flac/LA_E_5809194.flac,11
/data/DATASETS/ASV_Spoof_2019_LA/ASVspoof2019_LA_eval/flac/LA_E_5810775.flac,11
/data/DATASETS/ASV_Spoof_2019_LA/ASVspoof2019_LA_eval/flac/LA_E_5811794.flac,11
/data/DATASETS/ASV_Spoof_2019_LA/ASVspoof2019_LA_eval/flac/LA_E_5813590.flac,11
/data/DATASETS/ASV_Spoof_2019_LA/ASVspoof2019_LA_eval/flac/LA_E_5813683.flac,11
/data/DATASETS/ASV_Spoof_2019_LA/ASVspoof2019_LA_eval/flac/LA_E_5815163.flac,11
/data/DATASETS/ASV_Spoof_2019_LA/ASVspoof2019_LA_eval/flac/LA_E_5815816.flac,11
/data/DATASETS/ASV_Spoof_2019_LA/ASVspoof2019_LA_eval/flac/LA_E_5817015.flac,11
/data/DATASETS/ASV_Spoof_2019_LA/ASVspoof2019_LA_eval/flac/LA_E_5817262.flac,11
/data/DATASETS/ASV_Spoof_2019_LA/ASVspoof2019_LA_eval/flac/LA_E_5823023.flac,11
/data/DATASETS/ASV_Spoof_2019_LA/ASVspoof2019_LA_eval/flac/LA_E_5824874.flac,11
/data/DATASETS/ASV_Spoof_2019_LA/ASVspoof2019_LA_eval/flac/LA_E_5825271.flac,11
/data/DATASETS/ASV_Spoof_2019_LA/ASVspoof2019_LA_eval/flac/LA_E_5827166.flac,11
/data/DATASETS/ASV_Spoof_2019_LA/ASVspoof2019_LA_eval/flac/LA_E_5833676.flac,11
/data/DATASETS/ASV_Spoof_2019_LA/ASVspoof2019_LA_eval/flac/LA_E_5836064.flac,11
/data/DATASETS/ASV_Spoof_2019_LA/ASVspoof2019_LA_eval/flac/LA_E_5837696.flac,11
/data/DATASETS/ASV_Spoof_2019_LA/ASVspoof2019_LA_eval/flac/LA_E_5839250.flac,11
/data/DATASETS/ASV_Spoof_2019_LA/ASVspoof2019_LA_eval/flac/LA_E_5842433.flac,11
/data/DATASETS/ASV_Spoof_2019_LA/ASVspoof2019_LA_eval/flac/LA_E_5842732.flac,11
/data/DATASETS/ASV_Spoof_2019_LA/ASVspoof2019_LA_eval/flac/LA_E_5844689.flac,11
/data/DATASETS/ASV_Spoof_2019_LA/ASVspoof2019_LA_eval/flac/LA_E_5845209.flac,11
/data/DATASETS/ASV_Spoof_2019_LA/ASVspoof2019_LA_eval/flac/LA_E_5845774.flac,11
/data/DATASETS/ASV_Spoof_2019_LA/ASVspoof2019_LA_eval/flac/LA_E_5847051.flac,11
/data/DATASETS/ASV_Spoof_2019_LA/ASVspoof2019_LA_eval/flac/LA_E_5849241.flac,11
/data/DATASETS/ASV_Spoof_2019_LA/ASVspoof2019_LA_eval/flac/LA_E_5853458.flac,11
/data/DATASETS/ASV_Spoof_2019_LA/ASVspoof2019_LA_eval/flac/LA_E_5855339.flac,11
/data/DATASETS/ASV_Spoof_2019_LA/ASVspoof2019_LA_eval/flac/LA_E_5855737.flac,11
/data/DATASETS/ASV_Spoof_2019_LA/ASVspoof2019_LA_eval/flac/LA_E_5858031.flac,11
/data/DATASETS/ASV_Spoof_2019_LA/ASVspoof2019_LA_eval/flac/LA_E_5861014.flac,11
/data/DATASETS/ASV_Spoof_2019_LA/ASVspoof2019_LA_eval/flac/LA_E_5864249.flac,11
/data/DATASETS/ASV_Spoof_2019_LA/ASVspoof2019_LA_eval/flac/LA_E_5865259.flac,11
/data/DATASETS/ASV_Spoof_2019_LA/ASVspoof2019_LA_eval/flac/LA_E_5866334.flac,11
/data/DATASETS/ASV_Spoof_2019_LA/ASVspoof2019_LA_eval/flac/LA_E_5866471.flac,11
/data/DATASETS/ASV_Spoof_2019_LA/ASVspoof2019_LA_eval/flac/LA_E_5867871.flac,11
/data/DATASETS/ASV_Spoof_2019_LA/ASVspoof2019_LA_eval/flac/LA_E_5869079.flac,11
/data/DATASETS/ASV_Spoof_2019_LA/ASVspoof2019_LA_eval/flac/LA_E_5871165.flac,11
/data/DATASETS/ASV_Spoof_2019_LA/ASVspoof2019_LA_eval/flac/LA_E_5873387.flac,11
/data/DATASETS/ASV_Spoof_2019_LA/ASVspoof2019_LA_eval/flac/LA_E_5874031.flac,11
/data/DATASETS/ASV_Spoof_2019_LA/ASVspoof2019_LA_eval/flac/LA_E_5877590.flac,11
/data/DATASETS/ASV_Spoof_2019_LA/ASVspoof2019_LA_eval/flac/LA_E_5884674.flac,11
/data/DATASETS/ASV_Spoof_2019_LA/ASVspoof2019_LA_eval/flac/LA_E_5888245.flac,11
/data/DATASETS/ASV_Spoof_2019_LA/ASVspoof2019_LA_eval/flac/LA_E_5890619.flac,11
/data/DATASETS/ASV_Spoof_2019_LA/ASVspoof2019_LA_eval/flac/LA_E_5895641.flac,11
/data/DATASETS/ASV_Spoof_2019_LA/ASVspoof2019_LA_eval/flac/LA_E_5895917.flac,11
/data/DATASETS/ASV_Spoof_2019_LA/ASVspoof2019_LA_eval/flac/LA_E_5896313.flac,11
/data/DATASETS/ASV_Spoof_2019_LA/ASVspoof2019_LA_eval/flac/LA_E_5896870.flac,11
/data/DATASETS/ASV_Spoof_2019_LA/ASVspoof2019_LA_eval/flac/LA_E_5897607.flac,11
/data/DATASETS/ASV_Spoof_2019_LA/ASVspoof2019_LA_eval/flac/LA_E_5899524.flac,11
/data/DATASETS/ASV_Spoof_2019_LA/ASVspoof2019_LA_eval/flac/LA_E_5900601.flac,11
/data/DATASETS/ASV_Spoof_2019_LA/ASVspoof2019_LA_eval/flac/LA_E_5901848.flac,11
/data/DATASETS/ASV_Spoof_2019_LA/ASVspoof2019_LA_eval/flac/LA_E_5903654.flac,11
/data/DATASETS/ASV_Spoof_2019_LA/ASVspoof2019_LA_eval/flac/LA_E_5904717.flac,11
/data/DATASETS/ASV_Spoof_2019_LA/ASVspoof2019_LA_eval/flac/LA_E_5906129.flac,11
/data/DATASETS/ASV_Spoof_2019_LA/ASVspoof2019_LA_eval/flac/LA_E_5907172.flac,11
/data/DATASETS/ASV_Spoof_2019_LA/ASVspoof2019_LA_eval/flac/LA_E_5907681.flac,11
/data/DATASETS/ASV_Spoof_2019_LA/ASVspoof2019_LA_eval/flac/LA_E_5909810.flac,11
/data/DATASETS/ASV_Spoof_2019_LA/ASVspoof2019_LA_eval/flac/LA_E_5909839.flac,11
/data/DATASETS/ASV_Spoof_2019_LA/ASVspoof2019_LA_eval/flac/LA_E_5913802.flac,11
/data/DATASETS/ASV_Spoof_2019_LA/ASVspoof2019_LA_eval/flac/LA_E_5915319.flac,11
/data/DATASETS/ASV_Spoof_2019_LA/ASVspoof2019_LA_eval/flac/LA_E_5918723.flac,11
/data/DATASETS/ASV_Spoof_2019_LA/ASVspoof2019_LA_eval/flac/LA_E_5921916.flac,11
/data/DATASETS/ASV_Spoof_2019_LA/ASVspoof2019_LA_eval/flac/LA_E_5923854.flac,11
/data/DATASETS/ASV_Spoof_2019_LA/ASVspoof2019_LA_eval/flac/LA_E_5924781.flac,11
/data/DATASETS/ASV_Spoof_2019_LA/ASVspoof2019_LA_eval/flac/LA_E_5926519.flac,11
/data/DATASETS/ASV_Spoof_2019_LA/ASVspoof2019_LA_eval/flac/LA_E_5930502.flac,11
/data/DATASETS/ASV_Spoof_2019_LA/ASVspoof2019_LA_eval/flac/LA_E_5936498.flac,11
/data/DATASETS/ASV_Spoof_2019_LA/ASVspoof2019_LA_eval/flac/LA_E_5936563.flac,11
/data/DATASETS/ASV_Spoof_2019_LA/ASVspoof2019_LA_eval/flac/LA_E_5936674.flac,11
/data/DATASETS/ASV_Spoof_2019_LA/ASVspoof2019_LA_eval/flac/LA_E_5937233.flac,11
/data/DATASETS/ASV_Spoof_2019_LA/ASVspoof2019_LA_eval/flac/LA_E_5937514.flac,11
/data/DATASETS/ASV_Spoof_2019_LA/ASVspoof2019_LA_eval/flac/LA_E_5938393.flac,11
/data/DATASETS/ASV_Spoof_2019_LA/ASVspoof2019_LA_eval/flac/LA_E_5941276.flac,11
/data/DATASETS/ASV_Spoof_2019_LA/ASVspoof2019_LA_eval/flac/LA_E_5942204.flac,11
/data/DATASETS/ASV_Spoof_2019_LA/ASVspoof2019_LA_eval/flac/LA_E_5942270.flac,11
/data/DATASETS/ASV_Spoof_2019_LA/ASVspoof2019_LA_eval/flac/LA_E_5942840.flac,11
/data/DATASETS/ASV_Spoof_2019_LA/ASVspoof2019_LA_eval/flac/LA_E_5942963.flac,11
/data/DATASETS/ASV_Spoof_2019_LA/ASVspoof2019_LA_eval/flac/LA_E_5944094.flac,11
/data/DATASETS/ASV_Spoof_2019_LA/ASVspoof2019_LA_eval/flac/LA_E_5944191.flac,11
/data/DATASETS/ASV_Spoof_2019_LA/ASVspoof2019_LA_eval/flac/LA_E_5945979.flac,11
/data/DATASETS/ASV_Spoof_2019_LA/ASVspoof2019_LA_eval/flac/LA_E_5957281.flac,11
/data/DATASETS/ASV_Spoof_2019_LA/ASVspoof2019_LA_eval/flac/LA_E_5958803.flac,11
/data/DATASETS/ASV_Spoof_2019_LA/ASVspoof2019_LA_eval/flac/LA_E_5959564.flac,11
/data/DATASETS/ASV_Spoof_2019_LA/ASVspoof2019_LA_eval/flac/LA_E_5962657.flac,11
/data/DATASETS/ASV_Spoof_2019_LA/ASVspoof2019_LA_eval/flac/LA_E_5963458.flac,11
/data/DATASETS/ASV_Spoof_2019_LA/ASVspoof2019_LA_eval/flac/LA_E_5966367.flac,11
/data/DATASETS/ASV_Spoof_2019_LA/ASVspoof2019_LA_eval/flac/LA_E_5968427.flac,11
/data/DATASETS/ASV_Spoof_2019_LA/ASVspoof2019_LA_eval/flac/LA_E_5968780.flac,11
/data/DATASETS/ASV_Spoof_2019_LA/ASVspoof2019_LA_eval/flac/LA_E_5972743.flac,11
/data/DATASETS/ASV_Spoof_2019_LA/ASVspoof2019_LA_eval/flac/LA_E_5974264.flac,11
/data/DATASETS/ASV_Spoof_2019_LA/ASVspoof2019_LA_eval/flac/LA_E_5977385.flac,11
/data/DATASETS/ASV_Spoof_2019_LA/ASVspoof2019_LA_eval/flac/LA_E_5977785.flac,11
/data/DATASETS/ASV_Spoof_2019_LA/ASVspoof2019_LA_eval/flac/LA_E_5978261.flac,11
/data/DATASETS/ASV_Spoof_2019_LA/ASVspoof2019_LA_eval/flac/LA_E_5978282.flac,11
/data/DATASETS/ASV_Spoof_2019_LA/ASVspoof2019_LA_eval/flac/LA_E_5980798.flac,11
/data/DATASETS/ASV_Spoof_2019_LA/ASVspoof2019_LA_eval/flac/LA_E_5981568.flac,11
/data/DATASETS/ASV_Spoof_2019_LA/ASVspoof2019_LA_eval/flac/LA_E_5982604.flac,11
/data/DATASETS/ASV_Spoof_2019_LA/ASVspoof2019_LA_eval/flac/LA_E_5983099.flac,11
/data/DATASETS/ASV_Spoof_2019_LA/ASVspoof2019_LA_eval/flac/LA_E_5986394.flac,11
/data/DATASETS/ASV_Spoof_2019_LA/ASVspoof2019_LA_eval/flac/LA_E_5989575.flac,11
/data/DATASETS/ASV_Spoof_2019_LA/ASVspoof2019_LA_eval/flac/LA_E_5989981.flac,11
/data/DATASETS/ASV_Spoof_2019_LA/ASVspoof2019_LA_eval/flac/LA_E_5991989.flac,11
/data/DATASETS/ASV_Spoof_2019_LA/ASVspoof2019_LA_eval/flac/LA_E_5993473.flac,11
/data/DATASETS/ASV_Spoof_2019_LA/ASVspoof2019_LA_eval/flac/LA_E_5994549.flac,11
/data/DATASETS/ASV_Spoof_2019_LA/ASVspoof2019_LA_eval/flac/LA_E_5995728.flac,11
/data/DATASETS/ASV_Spoof_2019_LA/ASVspoof2019_LA_eval/flac/LA_E_6000927.flac,11
/data/DATASETS/ASV_Spoof_2019_LA/ASVspoof2019_LA_eval/flac/LA_E_6000961.flac,11
/data/DATASETS/ASV_Spoof_2019_LA/ASVspoof2019_LA_eval/flac/LA_E_6002748.flac,11
/data/DATASETS/ASV_Spoof_2019_LA/ASVspoof2019_LA_eval/flac/LA_E_6003946.flac,11
/data/DATASETS/ASV_Spoof_2019_LA/ASVspoof2019_LA_eval/flac/LA_E_6007008.flac,11
/data/DATASETS/ASV_Spoof_2019_LA/ASVspoof2019_LA_eval/flac/LA_E_6007317.flac,11
/data/DATASETS/ASV_Spoof_2019_LA/ASVspoof2019_LA_eval/flac/LA_E_6007877.flac,11
/data/DATASETS/ASV_Spoof_2019_LA/ASVspoof2019_LA_eval/flac/LA_E_6009302.flac,11
/data/DATASETS/ASV_Spoof_2019_LA/ASVspoof2019_LA_eval/flac/LA_E_6009756.flac,11
/data/DATASETS/ASV_Spoof_2019_LA/ASVspoof2019_LA_eval/flac/LA_E_6011911.flac,11
/data/DATASETS/ASV_Spoof_2019_LA/ASVspoof2019_LA_eval/flac/LA_E_6015085.flac,11
/data/DATASETS/ASV_Spoof_2019_LA/ASVspoof2019_LA_eval/flac/LA_E_6015515.flac,11
/data/DATASETS/ASV_Spoof_2019_LA/ASVspoof2019_LA_eval/flac/LA_E_6016772.flac,11
/data/DATASETS/ASV_Spoof_2019_LA/ASVspoof2019_LA_eval/flac/LA_E_6017572.flac,11
/data/DATASETS/ASV_Spoof_2019_LA/ASVspoof2019_LA_eval/flac/LA_E_6023470.flac,11
/data/DATASETS/ASV_Spoof_2019_LA/ASVspoof2019_LA_eval/flac/LA_E_6027849.flac,11
/data/DATASETS/ASV_Spoof_2019_LA/ASVspoof2019_LA_eval/flac/LA_E_6030122.flac,11
/data/DATASETS/ASV_Spoof_2019_LA/ASVspoof2019_LA_eval/flac/LA_E_6030426.flac,11
/data/DATASETS/ASV_Spoof_2019_LA/ASVspoof2019_LA_eval/flac/LA_E_6031700.flac,11
/data/DATASETS/ASV_Spoof_2019_LA/ASVspoof2019_LA_eval/flac/LA_E_6032118.flac,11
/data/DATASETS/ASV_Spoof_2019_LA/ASVspoof2019_LA_eval/flac/LA_E_6032190.flac,11
/data/DATASETS/ASV_Spoof_2019_LA/ASVspoof2019_LA_eval/flac/LA_E_6034148.flac,11
/data/DATASETS/ASV_Spoof_2019_LA/ASVspoof2019_LA_eval/flac/LA_E_6036697.flac,11
/data/DATASETS/ASV_Spoof_2019_LA/ASVspoof2019_LA_eval/flac/LA_E_6036704.flac,11
/data/DATASETS/ASV_Spoof_2019_LA/ASVspoof2019_LA_eval/flac/LA_E_6038229.flac,11
/data/DATASETS/ASV_Spoof_2019_LA/ASVspoof2019_LA_eval/flac/LA_E_6040157.flac,11
/data/DATASETS/ASV_Spoof_2019_LA/ASVspoof2019_LA_eval/flac/LA_E_6042011.flac,11
/data/DATASETS/ASV_Spoof_2019_LA/ASVspoof2019_LA_eval/flac/LA_E_6042049.flac,11
/data/DATASETS/ASV_Spoof_2019_LA/ASVspoof2019_LA_eval/flac/LA_E_6044017.flac,11
/data/DATASETS/ASV_Spoof_2019_LA/ASVspoof2019_LA_eval/flac/LA_E_6044135.flac,11
/data/DATASETS/ASV_Spoof_2019_LA/ASVspoof2019_LA_eval/flac/LA_E_6045861.flac,11
/data/DATASETS/ASV_Spoof_2019_LA/ASVspoof2019_LA_eval/flac/LA_E_6045900.flac,11
/data/DATASETS/ASV_Spoof_2019_LA/ASVspoof2019_LA_eval/flac/LA_E_6048820.flac,11
/data/DATASETS/ASV_Spoof_2019_LA/ASVspoof2019_LA_eval/flac/LA_E_6049858.flac,11
/data/DATASETS/ASV_Spoof_2019_LA/ASVspoof2019_LA_eval/flac/LA_E_6052782.flac,11
/data/DATASETS/ASV_Spoof_2019_LA/ASVspoof2019_LA_eval/flac/LA_E_6054716.flac,11
/data/DATASETS/ASV_Spoof_2019_LA/ASVspoof2019_LA_eval/flac/LA_E_6056198.flac,11
/data/DATASETS/ASV_Spoof_2019_LA/ASVspoof2019_LA_eval/flac/LA_E_6058686.flac,11
/data/DATASETS/ASV_Spoof_2019_LA/ASVspoof2019_LA_eval/flac/LA_E_6061771.flac,11
/data/DATASETS/ASV_Spoof_2019_LA/ASVspoof2019_LA_eval/flac/LA_E_6063896.flac,11
/data/DATASETS/ASV_Spoof_2019_LA/ASVspoof2019_LA_eval/flac/LA_E_6064102.flac,11
/data/DATASETS/ASV_Spoof_2019_LA/ASVspoof2019_LA_eval/flac/LA_E_6068343.flac,11
/data/DATASETS/ASV_Spoof_2019_LA/ASVspoof2019_LA_eval/flac/LA_E_6070737.flac,11
/data/DATASETS/ASV_Spoof_2019_LA/ASVspoof2019_LA_eval/flac/LA_E_6075138.flac,11
/data/DATASETS/ASV_Spoof_2019_LA/ASVspoof2019_LA_eval/flac/LA_E_6075399.flac,11
/data/DATASETS/ASV_Spoof_2019_LA/ASVspoof2019_LA_eval/flac/LA_E_6075826.flac,11
/data/DATASETS/ASV_Spoof_2019_LA/ASVspoof2019_LA_eval/flac/LA_E_6076593.flac,11
/data/DATASETS/ASV_Spoof_2019_LA/ASVspoof2019_LA_eval/flac/LA_E_6076958.flac,11
/data/DATASETS/ASV_Spoof_2019_LA/ASVspoof2019_LA_eval/flac/LA_E_6079393.flac,11
/data/DATASETS/ASV_Spoof_2019_LA/ASVspoof2019_LA_eval/flac/LA_E_6079615.flac,11
/data/DATASETS/ASV_Spoof_2019_LA/ASVspoof2019_LA_eval/flac/LA_E_6079998.flac,11
/data/DATASETS/ASV_Spoof_2019_LA/ASVspoof2019_LA_eval/flac/LA_E_6080674.flac,11
/data/DATASETS/ASV_Spoof_2019_LA/ASVspoof2019_LA_eval/flac/LA_E_6082788.flac,11
/data/DATASETS/ASV_Spoof_2019_LA/ASVspoof2019_LA_eval/flac/LA_E_6082971.flac,11
/data/DATASETS/ASV_Spoof_2019_LA/ASVspoof2019_LA_eval/flac/LA_E_6083498.flac,11
/data/DATASETS/ASV_Spoof_2019_LA/ASVspoof2019_LA_eval/flac/LA_E_6084140.flac,11
/data/DATASETS/ASV_Spoof_2019_LA/ASVspoof2019_LA_eval/flac/LA_E_6086293.flac,11
/data/DATASETS/ASV_Spoof_2019_LA/ASVspoof2019_LA_eval/flac/LA_E_6088127.flac,11
/data/DATASETS/ASV_Spoof_2019_LA/ASVspoof2019_LA_eval/flac/LA_E_6088839.flac,11
/data/DATASETS/ASV_Spoof_2019_LA/ASVspoof2019_LA_eval/flac/LA_E_6089138.flac,11
/data/DATASETS/ASV_Spoof_2019_LA/ASVspoof2019_LA_eval/flac/LA_E_6096116.flac,11
/data/DATASETS/ASV_Spoof_2019_LA/ASVspoof2019_LA_eval/flac/LA_E_6098204.flac,11
/data/DATASETS/ASV_Spoof_2019_LA/ASVspoof2019_LA_eval/flac/LA_E_6099300.flac,11
/data/DATASETS/ASV_Spoof_2019_LA/ASVspoof2019_LA_eval/flac/LA_E_6102217.flac,11
/data/DATASETS/ASV_Spoof_2019_LA/ASVspoof2019_LA_eval/flac/LA_E_6104367.flac,11
/data/DATASETS/ASV_Spoof_2019_LA/ASVspoof2019_LA_eval/flac/LA_E_6105660.flac,11
/data/DATASETS/ASV_Spoof_2019_LA/ASVspoof2019_LA_eval/flac/LA_E_6109593.flac,11
/data/DATASETS/ASV_Spoof_2019_LA/ASVspoof2019_LA_eval/flac/LA_E_6110712.flac,11
/data/DATASETS/ASV_Spoof_2019_LA/ASVspoof2019_LA_eval/flac/LA_E_6112065.flac,11
/data/DATASETS/ASV_Spoof_2019_LA/ASVspoof2019_LA_eval/flac/LA_E_6112067.flac,11
/data/DATASETS/ASV_Spoof_2019_LA/ASVspoof2019_LA_eval/flac/LA_E_6116207.flac,11
/data/DATASETS/ASV_Spoof_2019_LA/ASVspoof2019_LA_eval/flac/LA_E_6121357.flac,11
/data/DATASETS/ASV_Spoof_2019_LA/ASVspoof2019_LA_eval/flac/LA_E_6122159.flac,11
/data/DATASETS/ASV_Spoof_2019_LA/ASVspoof2019_LA_eval/flac/LA_E_6123945.flac,11
/data/DATASETS/ASV_Spoof_2019_LA/ASVspoof2019_LA_eval/flac/LA_E_6125334.flac,11
/data/DATASETS/ASV_Spoof_2019_LA/ASVspoof2019_LA_eval/flac/LA_E_6126106.flac,11
/data/DATASETS/ASV_Spoof_2019_LA/ASVspoof2019_LA_eval/flac/LA_E_6127525.flac,11
/data/DATASETS/ASV_Spoof_2019_LA/ASVspoof2019_LA_eval/flac/LA_E_6127528.flac,11
/data/DATASETS/ASV_Spoof_2019_LA/ASVspoof2019_LA_eval/flac/LA_E_6128784.flac,11
/data/DATASETS/ASV_Spoof_2019_LA/ASVspoof2019_LA_eval/flac/LA_E_6128932.flac,11
/data/DATASETS/ASV_Spoof_2019_LA/ASVspoof2019_LA_eval/flac/LA_E_6130004.flac,11
/data/DATASETS/ASV_Spoof_2019_LA/ASVspoof2019_LA_eval/flac/LA_E_6130485.flac,11
/data/DATASETS/ASV_Spoof_2019_LA/ASVspoof2019_LA_eval/flac/LA_E_6130842.flac,11
/data/DATASETS/ASV_Spoof_2019_LA/ASVspoof2019_LA_eval/flac/LA_E_6135072.flac,11
/data/DATASETS/ASV_Spoof_2019_LA/ASVspoof2019_LA_eval/flac/LA_E_6135491.flac,11
/data/DATASETS/ASV_Spoof_2019_LA/ASVspoof2019_LA_eval/flac/LA_E_6136466.flac,11
/data/DATASETS/ASV_Spoof_2019_LA/ASVspoof2019_LA_eval/flac/LA_E_6142686.flac,11
/data/DATASETS/ASV_Spoof_2019_LA/ASVspoof2019_LA_eval/flac/LA_E_6144850.flac,11
/data/DATASETS/ASV_Spoof_2019_LA/ASVspoof2019_LA_eval/flac/LA_E_6145732.flac,11
/data/DATASETS/ASV_Spoof_2019_LA/ASVspoof2019_LA_eval/flac/LA_E_6146528.flac,11
/data/DATASETS/ASV_Spoof_2019_LA/ASVspoof2019_LA_eval/flac/LA_E_6147245.flac,11
/data/DATASETS/ASV_Spoof_2019_LA/ASVspoof2019_LA_eval/flac/LA_E_6147608.flac,11
/data/DATASETS/ASV_Spoof_2019_LA/ASVspoof2019_LA_eval/flac/LA_E_6148318.flac,11
/data/DATASETS/ASV_Spoof_2019_LA/ASVspoof2019_LA_eval/flac/LA_E_6148866.flac,11
/data/DATASETS/ASV_Spoof_2019_LA/ASVspoof2019_LA_eval/flac/LA_E_6152423.flac,11
/data/DATASETS/ASV_Spoof_2019_LA/ASVspoof2019_LA_eval/flac/LA_E_6152770.flac,11
/data/DATASETS/ASV_Spoof_2019_LA/ASVspoof2019_LA_eval/flac/LA_E_6158797.flac,11
/data/DATASETS/ASV_Spoof_2019_LA/ASVspoof2019_LA_eval/flac/LA_E_6163292.flac,11
/data/DATASETS/ASV_Spoof_2019_LA/ASVspoof2019_LA_eval/flac/LA_E_6164478.flac,11
/data/DATASETS/ASV_Spoof_2019_LA/ASVspoof2019_LA_eval/flac/LA_E_6164629.flac,11
/data/DATASETS/ASV_Spoof_2019_LA/ASVspoof2019_LA_eval/flac/LA_E_6166922.flac,11
/data/DATASETS/ASV_Spoof_2019_LA/ASVspoof2019_LA_eval/flac/LA_E_6167820.flac,11
/data/DATASETS/ASV_Spoof_2019_LA/ASVspoof2019_LA_eval/flac/LA_E_6168660.flac,11
/data/DATASETS/ASV_Spoof_2019_LA/ASVspoof2019_LA_eval/flac/LA_E_6169022.flac,11
/data/DATASETS/ASV_Spoof_2019_LA/ASVspoof2019_LA_eval/flac/LA_E_6169168.flac,11
/data/DATASETS/ASV_Spoof_2019_LA/ASVspoof2019_LA_eval/flac/LA_E_6170322.flac,11
/data/DATASETS/ASV_Spoof_2019_LA/ASVspoof2019_LA_eval/flac/LA_E_6171477.flac,11
/data/DATASETS/ASV_Spoof_2019_LA/ASVspoof2019_LA_eval/flac/LA_E_6171495.flac,11
/data/DATASETS/ASV_Spoof_2019_LA/ASVspoof2019_LA_eval/flac/LA_E_6171987.flac,11
/data/DATASETS/ASV_Spoof_2019_LA/ASVspoof2019_LA_eval/flac/LA_E_6179726.flac,11
/data/DATASETS/ASV_Spoof_2019_LA/ASVspoof2019_LA_eval/flac/LA_E_6182002.flac,11
/data/DATASETS/ASV_Spoof_2019_LA/ASVspoof2019_LA_eval/flac/LA_E_6182292.flac,11
/data/DATASETS/ASV_Spoof_2019_LA/ASVspoof2019_LA_eval/flac/LA_E_6185450.flac,11
/data/DATASETS/ASV_Spoof_2019_LA/ASVspoof2019_LA_eval/flac/LA_E_6185533.flac,11
/data/DATASETS/ASV_Spoof_2019_LA/ASVspoof2019_LA_eval/flac/LA_E_6185695.flac,11
/data/DATASETS/ASV_Spoof_2019_LA/ASVspoof2019_LA_eval/flac/LA_E_6188221.flac,11
/data/DATASETS/ASV_Spoof_2019_LA/ASVspoof2019_LA_eval/flac/LA_E_6192575.flac,11
/data/DATASETS/ASV_Spoof_2019_LA/ASVspoof2019_LA_eval/flac/LA_E_6193397.flac,11
/data/DATASETS/ASV_Spoof_2019_LA/ASVspoof2019_LA_eval/flac/LA_E_6193457.flac,11
/data/DATASETS/ASV_Spoof_2019_LA/ASVspoof2019_LA_eval/flac/LA_E_6194993.flac,11
/data/DATASETS/ASV_Spoof_2019_LA/ASVspoof2019_LA_eval/flac/LA_E_6206056.flac,11
/data/DATASETS/ASV_Spoof_2019_LA/ASVspoof2019_LA_eval/flac/LA_E_6206465.flac,11
/data/DATASETS/ASV_Spoof_2019_LA/ASVspoof2019_LA_eval/flac/LA_E_6207697.flac,11
/data/DATASETS/ASV_Spoof_2019_LA/ASVspoof2019_LA_eval/flac/LA_E_6211611.flac,11
/data/DATASETS/ASV_Spoof_2019_LA/ASVspoof2019_LA_eval/flac/LA_E_6212486.flac,11
/data/DATASETS/ASV_Spoof_2019_LA/ASVspoof2019_LA_eval/flac/LA_E_6214690.flac,11
/data/DATASETS/ASV_Spoof_2019_LA/ASVspoof2019_LA_eval/flac/LA_E_6214914.flac,11
/data/DATASETS/ASV_Spoof_2019_LA/ASVspoof2019_LA_eval/flac/LA_E_6216272.flac,11
/data/DATASETS/ASV_Spoof_2019_LA/ASVspoof2019_LA_eval/flac/LA_E_6219044.flac,11
/data/DATASETS/ASV_Spoof_2019_LA/ASVspoof2019_LA_eval/flac/LA_E_6224826.flac,11
/data/DATASETS/ASV_Spoof_2019_LA/ASVspoof2019_LA_eval/flac/LA_E_6225381.flac,11
/data/DATASETS/ASV_Spoof_2019_LA/ASVspoof2019_LA_eval/flac/LA_E_6225636.flac,11
/data/DATASETS/ASV_Spoof_2019_LA/ASVspoof2019_LA_eval/flac/LA_E_6226802.flac,11
/data/DATASETS/ASV_Spoof_2019_LA/ASVspoof2019_LA_eval/flac/LA_E_6229275.flac,11
/data/DATASETS/ASV_Spoof_2019_LA/ASVspoof2019_LA_eval/flac/LA_E_6231389.flac,11
/data/DATASETS/ASV_Spoof_2019_LA/ASVspoof2019_LA_eval/flac/LA_E_6233317.flac,11
/data/DATASETS/ASV_Spoof_2019_LA/ASVspoof2019_LA_eval/flac/LA_E_6234873.flac,11
/data/DATASETS/ASV_Spoof_2019_LA/ASVspoof2019_LA_eval/flac/LA_E_6236790.flac,11
/data/DATASETS/ASV_Spoof_2019_LA/ASVspoof2019_LA_eval/flac/LA_E_6237618.flac,11
/data/DATASETS/ASV_Spoof_2019_LA/ASVspoof2019_LA_eval/flac/LA_E_6238997.flac,11
/data/DATASETS/ASV_Spoof_2019_LA/ASVspoof2019_LA_eval/flac/LA_E_6239487.flac,11
/data/DATASETS/ASV_Spoof_2019_LA/ASVspoof2019_LA_eval/flac/LA_E_6242298.flac,11
/data/DATASETS/ASV_Spoof_2019_LA/ASVspoof2019_LA_eval/flac/LA_E_6246923.flac,11
/data/DATASETS/ASV_Spoof_2019_LA/ASVspoof2019_LA_eval/flac/LA_E_6248530.flac,11
/data/DATASETS/ASV_Spoof_2019_LA/ASVspoof2019_LA_eval/flac/LA_E_6248638.flac,11
/data/DATASETS/ASV_Spoof_2019_LA/ASVspoof2019_LA_eval/flac/LA_E_6249344.flac,11
/data/DATASETS/ASV_Spoof_2019_LA/ASVspoof2019_LA_eval/flac/LA_E_6252520.flac,11
/data/DATASETS/ASV_Spoof_2019_LA/ASVspoof2019_LA_eval/flac/LA_E_6253041.flac,11
/data/DATASETS/ASV_Spoof_2019_LA/ASVspoof2019_LA_eval/flac/LA_E_6255410.flac,11
/data/DATASETS/ASV_Spoof_2019_LA/ASVspoof2019_LA_eval/flac/LA_E_6260084.flac,11
/data/DATASETS/ASV_Spoof_2019_LA/ASVspoof2019_LA_eval/flac/LA_E_6260599.flac,11
/data/DATASETS/ASV_Spoof_2019_LA/ASVspoof2019_LA_eval/flac/LA_E_6260727.flac,11
/data/DATASETS/ASV_Spoof_2019_LA/ASVspoof2019_LA_eval/flac/LA_E_6262854.flac,11
/data/DATASETS/ASV_Spoof_2019_LA/ASVspoof2019_LA_eval/flac/LA_E_6264021.flac,11
/data/DATASETS/ASV_Spoof_2019_LA/ASVspoof2019_LA_eval/flac/LA_E_6264180.flac,11
/data/DATASETS/ASV_Spoof_2019_LA/ASVspoof2019_LA_eval/flac/LA_E_6267035.flac,11
/data/DATASETS/ASV_Spoof_2019_LA/ASVspoof2019_LA_eval/flac/LA_E_6267696.flac,11
/data/DATASETS/ASV_Spoof_2019_LA/ASVspoof2019_LA_eval/flac/LA_E_6268239.flac,11
/data/DATASETS/ASV_Spoof_2019_LA/ASVspoof2019_LA_eval/flac/LA_E_6268570.flac,11
/data/DATASETS/ASV_Spoof_2019_LA/ASVspoof2019_LA_eval/flac/LA_E_6268717.flac,11
/data/DATASETS/ASV_Spoof_2019_LA/ASVspoof2019_LA_eval/flac/LA_E_6269498.flac,11
/data/DATASETS/ASV_Spoof_2019_LA/ASVspoof2019_LA_eval/flac/LA_E_6271930.flac,11
/data/DATASETS/ASV_Spoof_2019_LA/ASVspoof2019_LA_eval/flac/LA_E_6272266.flac,11
/data/DATASETS/ASV_Spoof_2019_LA/ASVspoof2019_LA_eval/flac/LA_E_6272307.flac,11
/data/DATASETS/ASV_Spoof_2019_LA/ASVspoof2019_LA_eval/flac/LA_E_6274174.flac,11
/data/DATASETS/ASV_Spoof_2019_LA/ASVspoof2019_LA_eval/flac/LA_E_6276172.flac,11
/data/DATASETS/ASV_Spoof_2019_LA/ASVspoof2019_LA_eval/flac/LA_E_6279597.flac,11
/data/DATASETS/ASV_Spoof_2019_LA/ASVspoof2019_LA_eval/flac/LA_E_6280180.flac,11
/data/DATASETS/ASV_Spoof_2019_LA/ASVspoof2019_LA_eval/flac/LA_E_6280289.flac,11
/data/DATASETS/ASV_Spoof_2019_LA/ASVspoof2019_LA_eval/flac/LA_E_6280429.flac,11
/data/DATASETS/ASV_Spoof_2019_LA/ASVspoof2019_LA_eval/flac/LA_E_6282667.flac,11
/data/DATASETS/ASV_Spoof_2019_LA/ASVspoof2019_LA_eval/flac/LA_E_6283495.flac,11
/data/DATASETS/ASV_Spoof_2019_LA/ASVspoof2019_LA_eval/flac/LA_E_6284664.flac,11
/data/DATASETS/ASV_Spoof_2019_LA/ASVspoof2019_LA_eval/flac/LA_E_6286300.flac,11
/data/DATASETS/ASV_Spoof_2019_LA/ASVspoof2019_LA_eval/flac/LA_E_6286509.flac,11
/data/DATASETS/ASV_Spoof_2019_LA/ASVspoof2019_LA_eval/flac/LA_E_6289045.flac,11
/data/DATASETS/ASV_Spoof_2019_LA/ASVspoof2019_LA_eval/flac/LA_E_6296021.flac,11
/data/DATASETS/ASV_Spoof_2019_LA/ASVspoof2019_LA_eval/flac/LA_E_6300278.flac,11
/data/DATASETS/ASV_Spoof_2019_LA/ASVspoof2019_LA_eval/flac/LA_E_6300618.flac,11
/data/DATASETS/ASV_Spoof_2019_LA/ASVspoof2019_LA_eval/flac/LA_E_6301559.flac,11
/data/DATASETS/ASV_Spoof_2019_LA/ASVspoof2019_LA_eval/flac/LA_E_6302919.flac,11
/data/DATASETS/ASV_Spoof_2019_LA/ASVspoof2019_LA_eval/flac/LA_E_6304279.flac,11
/data/DATASETS/ASV_Spoof_2019_LA/ASVspoof2019_LA_eval/flac/LA_E_6304556.flac,11
/data/DATASETS/ASV_Spoof_2019_LA/ASVspoof2019_LA_eval/flac/LA_E_6307954.flac,11
/data/DATASETS/ASV_Spoof_2019_LA/ASVspoof2019_LA_eval/flac/LA_E_6308103.flac,11
/data/DATASETS/ASV_Spoof_2019_LA/ASVspoof2019_LA_eval/flac/LA_E_6308128.flac,11
/data/DATASETS/ASV_Spoof_2019_LA/ASVspoof2019_LA_eval/flac/LA_E_6314939.flac,11
/data/DATASETS/ASV_Spoof_2019_LA/ASVspoof2019_LA_eval/flac/LA_E_6317878.flac,11
/data/DATASETS/ASV_Spoof_2019_LA/ASVspoof2019_LA_eval/flac/LA_E_6319840.flac,11
/data/DATASETS/ASV_Spoof_2019_LA/ASVspoof2019_LA_eval/flac/LA_E_6320842.flac,11
/data/DATASETS/ASV_Spoof_2019_LA/ASVspoof2019_LA_eval/flac/LA_E_6322238.flac,11
/data/DATASETS/ASV_Spoof_2019_LA/ASVspoof2019_LA_eval/flac/LA_E_6322911.flac,11
/data/DATASETS/ASV_Spoof_2019_LA/ASVspoof2019_LA_eval/flac/LA_E_6323790.flac,11
/data/DATASETS/ASV_Spoof_2019_LA/ASVspoof2019_LA_eval/flac/LA_E_6325136.flac,11
/data/DATASETS/ASV_Spoof_2019_LA/ASVspoof2019_LA_eval/flac/LA_E_6327415.flac,11
/data/DATASETS/ASV_Spoof_2019_LA/ASVspoof2019_LA_eval/flac/LA_E_6330000.flac,11
/data/DATASETS/ASV_Spoof_2019_LA/ASVspoof2019_LA_eval/flac/LA_E_6330384.flac,11
/data/DATASETS/ASV_Spoof_2019_LA/ASVspoof2019_LA_eval/flac/LA_E_6332029.flac,11
/data/DATASETS/ASV_Spoof_2019_LA/ASVspoof2019_LA_eval/flac/LA_E_6335894.flac,11
/data/DATASETS/ASV_Spoof_2019_LA/ASVspoof2019_LA_eval/flac/LA_E_6339534.flac,11
/data/DATASETS/ASV_Spoof_2019_LA/ASVspoof2019_LA_eval/flac/LA_E_6340011.flac,11
/data/DATASETS/ASV_Spoof_2019_LA/ASVspoof2019_LA_eval/flac/LA_E_6341189.flac,11
/data/DATASETS/ASV_Spoof_2019_LA/ASVspoof2019_LA_eval/flac/LA_E_6342319.flac,11
/data/DATASETS/ASV_Spoof_2019_LA/ASVspoof2019_LA_eval/flac/LA_E_6345957.flac,11
/data/DATASETS/ASV_Spoof_2019_LA/ASVspoof2019_LA_eval/flac/LA_E_6346401.flac,11
/data/DATASETS/ASV_Spoof_2019_LA/ASVspoof2019_LA_eval/flac/LA_E_6347739.flac,11
/data/DATASETS/ASV_Spoof_2019_LA/ASVspoof2019_LA_eval/flac/LA_E_6348558.flac,11
/data/DATASETS/ASV_Spoof_2019_LA/ASVspoof2019_LA_eval/flac/LA_E_6348794.flac,11
/data/DATASETS/ASV_Spoof_2019_LA/ASVspoof2019_LA_eval/flac/LA_E_6349043.flac,11
/data/DATASETS/ASV_Spoof_2019_LA/ASVspoof2019_LA_eval/flac/LA_E_6352674.flac,11
/data/DATASETS/ASV_Spoof_2019_LA/ASVspoof2019_LA_eval/flac/LA_E_6354296.flac,11
/data/DATASETS/ASV_Spoof_2019_LA/ASVspoof2019_LA_eval/flac/LA_E_6354731.flac,11
/data/DATASETS/ASV_Spoof_2019_LA/ASVspoof2019_LA_eval/flac/LA_E_6355765.flac,11
/data/DATASETS/ASV_Spoof_2019_LA/ASVspoof2019_LA_eval/flac/LA_E_6355841.flac,11
/data/DATASETS/ASV_Spoof_2019_LA/ASVspoof2019_LA_eval/flac/LA_E_6356058.flac,11
/data/DATASETS/ASV_Spoof_2019_LA/ASVspoof2019_LA_eval/flac/LA_E_6357333.flac,11
/data/DATASETS/ASV_Spoof_2019_LA/ASVspoof2019_LA_eval/flac/LA_E_6357715.flac,11
/data/DATASETS/ASV_Spoof_2019_LA/ASVspoof2019_LA_eval/flac/LA_E_6360133.flac,11
/data/DATASETS/ASV_Spoof_2019_LA/ASVspoof2019_LA_eval/flac/LA_E_6360321.flac,11
/data/DATASETS/ASV_Spoof_2019_LA/ASVspoof2019_LA_eval/flac/LA_E_6361913.flac,11
/data/DATASETS/ASV_Spoof_2019_LA/ASVspoof2019_LA_eval/flac/LA_E_6363174.flac,11
/data/DATASETS/ASV_Spoof_2019_LA/ASVspoof2019_LA_eval/flac/LA_E_6363787.flac,11
/data/DATASETS/ASV_Spoof_2019_LA/ASVspoof2019_LA_eval/flac/LA_E_6365515.flac,11
/data/DATASETS/ASV_Spoof_2019_LA/ASVspoof2019_LA_eval/flac/LA_E_6366765.flac,11
/data/DATASETS/ASV_Spoof_2019_LA/ASVspoof2019_LA_eval/flac/LA_E_6372732.flac,11
/data/DATASETS/ASV_Spoof_2019_LA/ASVspoof2019_LA_eval/flac/LA_E_6372884.flac,11
/data/DATASETS/ASV_Spoof_2019_LA/ASVspoof2019_LA_eval/flac/LA_E_6374280.flac,11
/data/DATASETS/ASV_Spoof_2019_LA/ASVspoof2019_LA_eval/flac/LA_E_6375815.flac,11
/data/DATASETS/ASV_Spoof_2019_LA/ASVspoof2019_LA_eval/flac/LA_E_6379068.flac,11
/data/DATASETS/ASV_Spoof_2019_LA/ASVspoof2019_LA_eval/flac/LA_E_6379744.flac,11
/data/DATASETS/ASV_Spoof_2019_LA/ASVspoof2019_LA_eval/flac/LA_E_6380167.flac,11
/data/DATASETS/ASV_Spoof_2019_LA/ASVspoof2019_LA_eval/flac/LA_E_6380983.flac,11
/data/DATASETS/ASV_Spoof_2019_LA/ASVspoof2019_LA_eval/flac/LA_E_6383731.flac,11
/data/DATASETS/ASV_Spoof_2019_LA/ASVspoof2019_LA_eval/flac/LA_E_6388973.flac,11
/data/DATASETS/ASV_Spoof_2019_LA/ASVspoof2019_LA_eval/flac/LA_E_6392515.flac,11
/data/DATASETS/ASV_Spoof_2019_LA/ASVspoof2019_LA_eval/flac/LA_E_6392684.flac,11
/data/DATASETS/ASV_Spoof_2019_LA/ASVspoof2019_LA_eval/flac/LA_E_6395672.flac,11
/data/DATASETS/ASV_Spoof_2019_LA/ASVspoof2019_LA_eval/flac/LA_E_6396077.flac,11
/data/DATASETS/ASV_Spoof_2019_LA/ASVspoof2019_LA_eval/flac/LA_E_6398100.flac,11
/data/DATASETS/ASV_Spoof_2019_LA/ASVspoof2019_LA_eval/flac/LA_E_6398856.flac,11
/data/DATASETS/ASV_Spoof_2019_LA/ASVspoof2019_LA_eval/flac/LA_E_6399779.flac,11
/data/DATASETS/ASV_Spoof_2019_LA/ASVspoof2019_LA_eval/flac/LA_E_6400593.flac,11
/data/DATASETS/ASV_Spoof_2019_LA/ASVspoof2019_LA_eval/flac/LA_E_6406214.flac,11
/data/DATASETS/ASV_Spoof_2019_LA/ASVspoof2019_LA_eval/flac/LA_E_6407404.flac,11
/data/DATASETS/ASV_Spoof_2019_LA/ASVspoof2019_LA_eval/flac/LA_E_6407490.flac,11
/data/DATASETS/ASV_Spoof_2019_LA/ASVspoof2019_LA_eval/flac/LA_E_6407698.flac,11
/data/DATASETS/ASV_Spoof_2019_LA/ASVspoof2019_LA_eval/flac/LA_E_6409700.flac,11
/data/DATASETS/ASV_Spoof_2019_LA/ASVspoof2019_LA_eval/flac/LA_E_6414262.flac,11
/data/DATASETS/ASV_Spoof_2019_LA/ASVspoof2019_LA_eval/flac/LA_E_6414741.flac,11
/data/DATASETS/ASV_Spoof_2019_LA/ASVspoof2019_LA_eval/flac/LA_E_6418123.flac,11
/data/DATASETS/ASV_Spoof_2019_LA/ASVspoof2019_LA_eval/flac/LA_E_6419664.flac,11
/data/DATASETS/ASV_Spoof_2019_LA/ASVspoof2019_LA_eval/flac/LA_E_6420877.flac,11
/data/DATASETS/ASV_Spoof_2019_LA/ASVspoof2019_LA_eval/flac/LA_E_6421289.flac,11
/data/DATASETS/ASV_Spoof_2019_LA/ASVspoof2019_LA_eval/flac/LA_E_6422789.flac,11
/data/DATASETS/ASV_Spoof_2019_LA/ASVspoof2019_LA_eval/flac/LA_E_6423753.flac,11
/data/DATASETS/ASV_Spoof_2019_LA/ASVspoof2019_LA_eval/flac/LA_E_6424917.flac,11
/data/DATASETS/ASV_Spoof_2019_LA/ASVspoof2019_LA_eval/flac/LA_E_6426457.flac,11
/data/DATASETS/ASV_Spoof_2019_LA/ASVspoof2019_LA_eval/flac/LA_E_6426889.flac,11
/data/DATASETS/ASV_Spoof_2019_LA/ASVspoof2019_LA_eval/flac/LA_E_6429038.flac,11
/data/DATASETS/ASV_Spoof_2019_LA/ASVspoof2019_LA_eval/flac/LA_E_6429455.flac,11
/data/DATASETS/ASV_Spoof_2019_LA/ASVspoof2019_LA_eval/flac/LA_E_6438218.flac,11
/data/DATASETS/ASV_Spoof_2019_LA/ASVspoof2019_LA_eval/flac/LA_E_6439267.flac,11
/data/DATASETS/ASV_Spoof_2019_LA/ASVspoof2019_LA_eval/flac/LA_E_6443919.flac,11
/data/DATASETS/ASV_Spoof_2019_LA/ASVspoof2019_LA_eval/flac/LA_E_6444624.flac,11
/data/DATASETS/ASV_Spoof_2019_LA/ASVspoof2019_LA_eval/flac/LA_E_6445572.flac,11
/data/DATASETS/ASV_Spoof_2019_LA/ASVspoof2019_LA_eval/flac/LA_E_6446813.flac,11
/data/DATASETS/ASV_Spoof_2019_LA/ASVspoof2019_LA_eval/flac/LA_E_6449468.flac,11
/data/DATASETS/ASV_Spoof_2019_LA/ASVspoof2019_LA_eval/flac/LA_E_6449540.flac,11
/data/DATASETS/ASV_Spoof_2019_LA/ASVspoof2019_LA_eval/flac/LA_E_6453175.flac,11
/data/DATASETS/ASV_Spoof_2019_LA/ASVspoof2019_LA_eval/flac/LA_E_6453499.flac,11
/data/DATASETS/ASV_Spoof_2019_LA/ASVspoof2019_LA_eval/flac/LA_E_6453697.flac,11
/data/DATASETS/ASV_Spoof_2019_LA/ASVspoof2019_LA_eval/flac/LA_E_6454431.flac,11
/data/DATASETS/ASV_Spoof_2019_LA/ASVspoof2019_LA_eval/flac/LA_E_6455339.flac,11
/data/DATASETS/ASV_Spoof_2019_LA/ASVspoof2019_LA_eval/flac/LA_E_6459859.flac,11
/data/DATASETS/ASV_Spoof_2019_LA/ASVspoof2019_LA_eval/flac/LA_E_6461969.flac,11
/data/DATASETS/ASV_Spoof_2019_LA/ASVspoof2019_LA_eval/flac/LA_E_6462173.flac,11
/data/DATASETS/ASV_Spoof_2019_LA/ASVspoof2019_LA_eval/flac/LA_E_6462838.flac,11
/data/DATASETS/ASV_Spoof_2019_LA/ASVspoof2019_LA_eval/flac/LA_E_6463868.flac,11
/data/DATASETS/ASV_Spoof_2019_LA/ASVspoof2019_LA_eval/flac/LA_E_6465647.flac,11
/data/DATASETS/ASV_Spoof_2019_LA/ASVspoof2019_LA_eval/flac/LA_E_6468688.flac,11
/data/DATASETS/ASV_Spoof_2019_LA/ASVspoof2019_LA_eval/flac/LA_E_6469066.flac,11
/data/DATASETS/ASV_Spoof_2019_LA/ASVspoof2019_LA_eval/flac/LA_E_6474437.flac,11
/data/DATASETS/ASV_Spoof_2019_LA/ASVspoof2019_LA_eval/flac/LA_E_6474722.flac,11
/data/DATASETS/ASV_Spoof_2019_LA/ASVspoof2019_LA_eval/flac/LA_E_6476911.flac,11
/data/DATASETS/ASV_Spoof_2019_LA/ASVspoof2019_LA_eval/flac/LA_E_6477730.flac,11
/data/DATASETS/ASV_Spoof_2019_LA/ASVspoof2019_LA_eval/flac/LA_E_6477949.flac,11
/data/DATASETS/ASV_Spoof_2019_LA/ASVspoof2019_LA_eval/flac/LA_E_6481345.flac,11
/data/DATASETS/ASV_Spoof_2019_LA/ASVspoof2019_LA_eval/flac/LA_E_6482038.flac,11
/data/DATASETS/ASV_Spoof_2019_LA/ASVspoof2019_LA_eval/flac/LA_E_6483096.flac,11
/data/DATASETS/ASV_Spoof_2019_LA/ASVspoof2019_LA_eval/flac/LA_E_6485360.flac,11
/data/DATASETS/ASV_Spoof_2019_LA/ASVspoof2019_LA_eval/flac/LA_E_6485520.flac,11
/data/DATASETS/ASV_Spoof_2019_LA/ASVspoof2019_LA_eval/flac/LA_E_6489075.flac,11
/data/DATASETS/ASV_Spoof_2019_LA/ASVspoof2019_LA_eval/flac/LA_E_6489260.flac,11
/data/DATASETS/ASV_Spoof_2019_LA/ASVspoof2019_LA_eval/flac/LA_E_6490018.flac,11
/data/DATASETS/ASV_Spoof_2019_LA/ASVspoof2019_LA_eval/flac/LA_E_6490344.flac,11
/data/DATASETS/ASV_Spoof_2019_LA/ASVspoof2019_LA_eval/flac/LA_E_6491607.flac,11
/data/DATASETS/ASV_Spoof_2019_LA/ASVspoof2019_LA_eval/flac/LA_E_6491848.flac,11
/data/DATASETS/ASV_Spoof_2019_LA/ASVspoof2019_LA_eval/flac/LA_E_6493950.flac,11
/data/DATASETS/ASV_Spoof_2019_LA/ASVspoof2019_LA_eval/flac/LA_E_6494344.flac,11
/data/DATASETS/ASV_Spoof_2019_LA/ASVspoof2019_LA_eval/flac/LA_E_6496672.flac,11
/data/DATASETS/ASV_Spoof_2019_LA/ASVspoof2019_LA_eval/flac/LA_E_6500328.flac,11
/data/DATASETS/ASV_Spoof_2019_LA/ASVspoof2019_LA_eval/flac/LA_E_6501390.flac,11
/data/DATASETS/ASV_Spoof_2019_LA/ASVspoof2019_LA_eval/flac/LA_E_6501702.flac,11
/data/DATASETS/ASV_Spoof_2019_LA/ASVspoof2019_LA_eval/flac/LA_E_6506086.flac,11
/data/DATASETS/ASV_Spoof_2019_LA/ASVspoof2019_LA_eval/flac/LA_E_6508782.flac,11
/data/DATASETS/ASV_Spoof_2019_LA/ASVspoof2019_LA_eval/flac/LA_E_6509306.flac,11
/data/DATASETS/ASV_Spoof_2019_LA/ASVspoof2019_LA_eval/flac/LA_E_6519082.flac,11
/data/DATASETS/ASV_Spoof_2019_LA/ASVspoof2019_LA_eval/flac/LA_E_6524970.flac,11
/data/DATASETS/ASV_Spoof_2019_LA/ASVspoof2019_LA_eval/flac/LA_E_6526271.flac,11
/data/DATASETS/ASV_Spoof_2019_LA/ASVspoof2019_LA_eval/flac/LA_E_6527086.flac,11
/data/DATASETS/ASV_Spoof_2019_LA/ASVspoof2019_LA_eval/flac/LA_E_6528876.flac,11
/data/DATASETS/ASV_Spoof_2019_LA/ASVspoof2019_LA_eval/flac/LA_E_6530013.flac,11
/data/DATASETS/ASV_Spoof_2019_LA/ASVspoof2019_LA_eval/flac/LA_E_6531018.flac,11
/data/DATASETS/ASV_Spoof_2019_LA/ASVspoof2019_LA_eval/flac/LA_E_6535150.flac,11
/data/DATASETS/ASV_Spoof_2019_LA/ASVspoof2019_LA_eval/flac/LA_E_6537882.flac,11
/data/DATASETS/ASV_Spoof_2019_LA/ASVspoof2019_LA_eval/flac/LA_E_6541865.flac,11
/data/DATASETS/ASV_Spoof_2019_LA/ASVspoof2019_LA_eval/flac/LA_E_6542370.flac,11
/data/DATASETS/ASV_Spoof_2019_LA/ASVspoof2019_LA_eval/flac/LA_E_6542580.flac,11
/data/DATASETS/ASV_Spoof_2019_LA/ASVspoof2019_LA_eval/flac/LA_E_6542803.flac,11
/data/DATASETS/ASV_Spoof_2019_LA/ASVspoof2019_LA_eval/flac/LA_E_6545324.flac,11
/data/DATASETS/ASV_Spoof_2019_LA/ASVspoof2019_LA_eval/flac/LA_E_6546330.flac,11
/data/DATASETS/ASV_Spoof_2019_LA/ASVspoof2019_LA_eval/flac/LA_E_6546923.flac,11
/data/DATASETS/ASV_Spoof_2019_LA/ASVspoof2019_LA_eval/flac/LA_E_6547232.flac,11
/data/DATASETS/ASV_Spoof_2019_LA/ASVspoof2019_LA_eval/flac/LA_E_6549576.flac,11
/data/DATASETS/ASV_Spoof_2019_LA/ASVspoof2019_LA_eval/flac/LA_E_6549733.flac,11
/data/DATASETS/ASV_Spoof_2019_LA/ASVspoof2019_LA_eval/flac/LA_E_6555223.flac,11
/data/DATASETS/ASV_Spoof_2019_LA/ASVspoof2019_LA_eval/flac/LA_E_6556446.flac,11
/data/DATASETS/ASV_Spoof_2019_LA/ASVspoof2019_LA_eval/flac/LA_E_6557271.flac,11
/data/DATASETS/ASV_Spoof_2019_LA/ASVspoof2019_LA_eval/flac/LA_E_6560520.flac,11
/data/DATASETS/ASV_Spoof_2019_LA/ASVspoof2019_LA_eval/flac/LA_E_6566912.flac,11
/data/DATASETS/ASV_Spoof_2019_LA/ASVspoof2019_LA_eval/flac/LA_E_6567056.flac,11
/data/DATASETS/ASV_Spoof_2019_LA/ASVspoof2019_LA_eval/flac/LA_E_6567645.flac,11
/data/DATASETS/ASV_Spoof_2019_LA/ASVspoof2019_LA_eval/flac/LA_E_6570475.flac,11
/data/DATASETS/ASV_Spoof_2019_LA/ASVspoof2019_LA_eval/flac/LA_E_6571419.flac,11
/data/DATASETS/ASV_Spoof_2019_LA/ASVspoof2019_LA_eval/flac/LA_E_6571444.flac,11
/data/DATASETS/ASV_Spoof_2019_LA/ASVspoof2019_LA_eval/flac/LA_E_6576242.flac,11
/data/DATASETS/ASV_Spoof_2019_LA/ASVspoof2019_LA_eval/flac/LA_E_6577084.flac,11
/data/DATASETS/ASV_Spoof_2019_LA/ASVspoof2019_LA_eval/flac/LA_E_6577164.flac,11
/data/DATASETS/ASV_Spoof_2019_LA/ASVspoof2019_LA_eval/flac/LA_E_6578808.flac,11
/data/DATASETS/ASV_Spoof_2019_LA/ASVspoof2019_LA_eval/flac/LA_E_6579001.flac,11
/data/DATASETS/ASV_Spoof_2019_LA/ASVspoof2019_LA_eval/flac/LA_E_6579173.flac,11
/data/DATASETS/ASV_Spoof_2019_LA/ASVspoof2019_LA_eval/flac/LA_E_6580226.flac,11
/data/DATASETS/ASV_Spoof_2019_LA/ASVspoof2019_LA_eval/flac/LA_E_6582683.flac,11
/data/DATASETS/ASV_Spoof_2019_LA/ASVspoof2019_LA_eval/flac/LA_E_6583088.flac,11
/data/DATASETS/ASV_Spoof_2019_LA/ASVspoof2019_LA_eval/flac/LA_E_6583176.flac,11
/data/DATASETS/ASV_Spoof_2019_LA/ASVspoof2019_LA_eval/flac/LA_E_6583958.flac,11
/data/DATASETS/ASV_Spoof_2019_LA/ASVspoof2019_LA_eval/flac/LA_E_6585884.flac,11
/data/DATASETS/ASV_Spoof_2019_LA/ASVspoof2019_LA_eval/flac/LA_E_6588045.flac,11
/data/DATASETS/ASV_Spoof_2019_LA/ASVspoof2019_LA_eval/flac/LA_E_6592740.flac,11
/data/DATASETS/ASV_Spoof_2019_LA/ASVspoof2019_LA_eval/flac/LA_E_6593974.flac,11
/data/DATASETS/ASV_Spoof_2019_LA/ASVspoof2019_LA_eval/flac/LA_E_6594742.flac,11
/data/DATASETS/ASV_Spoof_2019_LA/ASVspoof2019_LA_eval/flac/LA_E_6597646.flac,11
/data/DATASETS/ASV_Spoof_2019_LA/ASVspoof2019_LA_eval/flac/LA_E_6598284.flac,11
/data/DATASETS/ASV_Spoof_2019_LA/ASVspoof2019_LA_eval/flac/LA_E_6607875.flac,11
/data/DATASETS/ASV_Spoof_2019_LA/ASVspoof2019_LA_eval/flac/LA_E_6608336.flac,11
/data/DATASETS/ASV_Spoof_2019_LA/ASVspoof2019_LA_eval/flac/LA_E_6610070.flac,11
/data/DATASETS/ASV_Spoof_2019_LA/ASVspoof2019_LA_eval/flac/LA_E_6611250.flac,11
/data/DATASETS/ASV_Spoof_2019_LA/ASVspoof2019_LA_eval/flac/LA_E_6612537.flac,11
/data/DATASETS/ASV_Spoof_2019_LA/ASVspoof2019_LA_eval/flac/LA_E_6613096.flac,11
/data/DATASETS/ASV_Spoof_2019_LA/ASVspoof2019_LA_eval/flac/LA_E_6613930.flac,11
/data/DATASETS/ASV_Spoof_2019_LA/ASVspoof2019_LA_eval/flac/LA_E_6615437.flac,11
/data/DATASETS/ASV_Spoof_2019_LA/ASVspoof2019_LA_eval/flac/LA_E_6615486.flac,11
/data/DATASETS/ASV_Spoof_2019_LA/ASVspoof2019_LA_eval/flac/LA_E_6617677.flac,11
/data/DATASETS/ASV_Spoof_2019_LA/ASVspoof2019_LA_eval/flac/LA_E_6626449.flac,11
/data/DATASETS/ASV_Spoof_2019_LA/ASVspoof2019_LA_eval/flac/LA_E_6626535.flac,11
/data/DATASETS/ASV_Spoof_2019_LA/ASVspoof2019_LA_eval/flac/LA_E_6628477.flac,11
/data/DATASETS/ASV_Spoof_2019_LA/ASVspoof2019_LA_eval/flac/LA_E_6629066.flac,11
/data/DATASETS/ASV_Spoof_2019_LA/ASVspoof2019_LA_eval/flac/LA_E_6631365.flac,11
/data/DATASETS/ASV_Spoof_2019_LA/ASVspoof2019_LA_eval/flac/LA_E_6634709.flac,11
/data/DATASETS/ASV_Spoof_2019_LA/ASVspoof2019_LA_eval/flac/LA_E_6635138.flac,11
/data/DATASETS/ASV_Spoof_2019_LA/ASVspoof2019_LA_eval/flac/LA_E_6636964.flac,11
/data/DATASETS/ASV_Spoof_2019_LA/ASVspoof2019_LA_eval/flac/LA_E_6638040.flac,11
/data/DATASETS/ASV_Spoof_2019_LA/ASVspoof2019_LA_eval/flac/LA_E_6639831.flac,11
/data/DATASETS/ASV_Spoof_2019_LA/ASVspoof2019_LA_eval/flac/LA_E_6643446.flac,11
/data/DATASETS/ASV_Spoof_2019_LA/ASVspoof2019_LA_eval/flac/LA_E_6644604.flac,11
/data/DATASETS/ASV_Spoof_2019_LA/ASVspoof2019_LA_eval/flac/LA_E_6645681.flac,11
/data/DATASETS/ASV_Spoof_2019_LA/ASVspoof2019_LA_eval/flac/LA_E_6646073.flac,11
/data/DATASETS/ASV_Spoof_2019_LA/ASVspoof2019_LA_eval/flac/LA_E_6647308.flac,11
/data/DATASETS/ASV_Spoof_2019_LA/ASVspoof2019_LA_eval/flac/LA_E_6649036.flac,11
/data/DATASETS/ASV_Spoof_2019_LA/ASVspoof2019_LA_eval/flac/LA_E_6653300.flac,11
/data/DATASETS/ASV_Spoof_2019_LA/ASVspoof2019_LA_eval/flac/LA_E_6655869.flac,11
/data/DATASETS/ASV_Spoof_2019_LA/ASVspoof2019_LA_eval/flac/LA_E_6656598.flac,11
/data/DATASETS/ASV_Spoof_2019_LA/ASVspoof2019_LA_eval/flac/LA_E_6657515.flac,11
/data/DATASETS/ASV_Spoof_2019_LA/ASVspoof2019_LA_eval/flac/LA_E_6662441.flac,11
/data/DATASETS/ASV_Spoof_2019_LA/ASVspoof2019_LA_eval/flac/LA_E_6662575.flac,11
/data/DATASETS/ASV_Spoof_2019_LA/ASVspoof2019_LA_eval/flac/LA_E_6663117.flac,11
/data/DATASETS/ASV_Spoof_2019_LA/ASVspoof2019_LA_eval/flac/LA_E_6666001.flac,11
/data/DATASETS/ASV_Spoof_2019_LA/ASVspoof2019_LA_eval/flac/LA_E_6666342.flac,11
/data/DATASETS/ASV_Spoof_2019_LA/ASVspoof2019_LA_eval/flac/LA_E_6666875.flac,11
/data/DATASETS/ASV_Spoof_2019_LA/ASVspoof2019_LA_eval/flac/LA_E_6669637.flac,11
/data/DATASETS/ASV_Spoof_2019_LA/ASVspoof2019_LA_eval/flac/LA_E_6670546.flac,11
/data/DATASETS/ASV_Spoof_2019_LA/ASVspoof2019_LA_eval/flac/LA_E_6672645.flac,11
/data/DATASETS/ASV_Spoof_2019_LA/ASVspoof2019_LA_eval/flac/LA_E_6672926.flac,11
/data/DATASETS/ASV_Spoof_2019_LA/ASVspoof2019_LA_eval/flac/LA_E_6675395.flac,11
/data/DATASETS/ASV_Spoof_2019_LA/ASVspoof2019_LA_eval/flac/LA_E_6678373.flac,11
/data/DATASETS/ASV_Spoof_2019_LA/ASVspoof2019_LA_eval/flac/LA_E_6680182.flac,11
/data/DATASETS/ASV_Spoof_2019_LA/ASVspoof2019_LA_eval/flac/LA_E_6680357.flac,11
/data/DATASETS/ASV_Spoof_2019_LA/ASVspoof2019_LA_eval/flac/LA_E_6682202.flac,11
/data/DATASETS/ASV_Spoof_2019_LA/ASVspoof2019_LA_eval/flac/LA_E_6682261.flac,11
/data/DATASETS/ASV_Spoof_2019_LA/ASVspoof2019_LA_eval/flac/LA_E_6682338.flac,11
/data/DATASETS/ASV_Spoof_2019_LA/ASVspoof2019_LA_eval/flac/LA_E_6682344.flac,11
/data/DATASETS/ASV_Spoof_2019_LA/ASVspoof2019_LA_eval/flac/LA_E_6685343.flac,11
/data/DATASETS/ASV_Spoof_2019_LA/ASVspoof2019_LA_eval/flac/LA_E_6689417.flac,11
/data/DATASETS/ASV_Spoof_2019_LA/ASVspoof2019_LA_eval/flac/LA_E_6690247.flac,11
/data/DATASETS/ASV_Spoof_2019_LA/ASVspoof2019_LA_eval/flac/LA_E_6691052.flac,11
/data/DATASETS/ASV_Spoof_2019_LA/ASVspoof2019_LA_eval/flac/LA_E_6694026.flac,11
/data/DATASETS/ASV_Spoof_2019_LA/ASVspoof2019_LA_eval/flac/LA_E_6700178.flac,11
/data/DATASETS/ASV_Spoof_2019_LA/ASVspoof2019_LA_eval/flac/LA_E_6706278.flac,11
/data/DATASETS/ASV_Spoof_2019_LA/ASVspoof2019_LA_eval/flac/LA_E_6707364.flac,11
/data/DATASETS/ASV_Spoof_2019_LA/ASVspoof2019_LA_eval/flac/LA_E_6707957.flac,11
/data/DATASETS/ASV_Spoof_2019_LA/ASVspoof2019_LA_eval/flac/LA_E_6710092.flac,11
/data/DATASETS/ASV_Spoof_2019_LA/ASVspoof2019_LA_eval/flac/LA_E_6714303.flac,11
/data/DATASETS/ASV_Spoof_2019_LA/ASVspoof2019_LA_eval/flac/LA_E_6715422.flac,11
/data/DATASETS/ASV_Spoof_2019_LA/ASVspoof2019_LA_eval/flac/LA_E_6718135.flac,11
/data/DATASETS/ASV_Spoof_2019_LA/ASVspoof2019_LA_eval/flac/LA_E_6718629.flac,11
/data/DATASETS/ASV_Spoof_2019_LA/ASVspoof2019_LA_eval/flac/LA_E_6718833.flac,11
/data/DATASETS/ASV_Spoof_2019_LA/ASVspoof2019_LA_eval/flac/LA_E_6718885.flac,11
/data/DATASETS/ASV_Spoof_2019_LA/ASVspoof2019_LA_eval/flac/LA_E_6719830.flac,11
/data/DATASETS/ASV_Spoof_2019_LA/ASVspoof2019_LA_eval/flac/LA_E_6720147.flac,11
/data/DATASETS/ASV_Spoof_2019_LA/ASVspoof2019_LA_eval/flac/LA_E_6721526.flac,11
/data/DATASETS/ASV_Spoof_2019_LA/ASVspoof2019_LA_eval/flac/LA_E_6721583.flac,11
/data/DATASETS/ASV_Spoof_2019_LA/ASVspoof2019_LA_eval/flac/LA_E_6721638.flac,11
/data/DATASETS/ASV_Spoof_2019_LA/ASVspoof2019_LA_eval/flac/LA_E_6723305.flac,11
/data/DATASETS/ASV_Spoof_2019_LA/ASVspoof2019_LA_eval/flac/LA_E_6724241.flac,11
/data/DATASETS/ASV_Spoof_2019_LA/ASVspoof2019_LA_eval/flac/LA_E_6724736.flac,11
/data/DATASETS/ASV_Spoof_2019_LA/ASVspoof2019_LA_eval/flac/LA_E_6726238.flac,11
/data/DATASETS/ASV_Spoof_2019_LA/ASVspoof2019_LA_eval/flac/LA_E_6727329.flac,11
/data/DATASETS/ASV_Spoof_2019_LA/ASVspoof2019_LA_eval/flac/LA_E_6733197.flac,11
/data/DATASETS/ASV_Spoof_2019_LA/ASVspoof2019_LA_eval/flac/LA_E_6734147.flac,11
/data/DATASETS/ASV_Spoof_2019_LA/ASVspoof2019_LA_eval/flac/LA_E_6734966.flac,11
/data/DATASETS/ASV_Spoof_2019_LA/ASVspoof2019_LA_eval/flac/LA_E_6735586.flac,11
/data/DATASETS/ASV_Spoof_2019_LA/ASVspoof2019_LA_eval/flac/LA_E_6736587.flac,11
/data/DATASETS/ASV_Spoof_2019_LA/ASVspoof2019_LA_eval/flac/LA_E_6739529.flac,11
/data/DATASETS/ASV_Spoof_2019_LA/ASVspoof2019_LA_eval/flac/LA_E_6740532.flac,11
/data/DATASETS/ASV_Spoof_2019_LA/ASVspoof2019_LA_eval/flac/LA_E_6743319.flac,11
/data/DATASETS/ASV_Spoof_2019_LA/ASVspoof2019_LA_eval/flac/LA_E_6744649.flac,11
/data/DATASETS/ASV_Spoof_2019_LA/ASVspoof2019_LA_eval/flac/LA_E_6747587.flac,11
/data/DATASETS/ASV_Spoof_2019_LA/ASVspoof2019_LA_eval/flac/LA_E_6748913.flac,11
/data/DATASETS/ASV_Spoof_2019_LA/ASVspoof2019_LA_eval/flac/LA_E_6757623.flac,11
/data/DATASETS/ASV_Spoof_2019_LA/ASVspoof2019_LA_eval/flac/LA_E_6763061.flac,11
/data/DATASETS/ASV_Spoof_2019_LA/ASVspoof2019_LA_eval/flac/LA_E_6763345.flac,11
/data/DATASETS/ASV_Spoof_2019_LA/ASVspoof2019_LA_eval/flac/LA_E_6764005.flac,11
/data/DATASETS/ASV_Spoof_2019_LA/ASVspoof2019_LA_eval/flac/LA_E_6765019.flac,11
/data/DATASETS/ASV_Spoof_2019_LA/ASVspoof2019_LA_eval/flac/LA_E_6766972.flac,11
/data/DATASETS/ASV_Spoof_2019_LA/ASVspoof2019_LA_eval/flac/LA_E_6770361.flac,11
/data/DATASETS/ASV_Spoof_2019_LA/ASVspoof2019_LA_eval/flac/LA_E_6771434.flac,11
/data/DATASETS/ASV_Spoof_2019_LA/ASVspoof2019_LA_eval/flac/LA_E_6773137.flac,11
/data/DATASETS/ASV_Spoof_2019_LA/ASVspoof2019_LA_eval/flac/LA_E_6774590.flac,11
/data/DATASETS/ASV_Spoof_2019_LA/ASVspoof2019_LA_eval/flac/LA_E_6780683.flac,11
/data/DATASETS/ASV_Spoof_2019_LA/ASVspoof2019_LA_eval/flac/LA_E_6782361.flac,11
/data/DATASETS/ASV_Spoof_2019_LA/ASVspoof2019_LA_eval/flac/LA_E_6782590.flac,11
/data/DATASETS/ASV_Spoof_2019_LA/ASVspoof2019_LA_eval/flac/LA_E_6783018.flac,11
/data/DATASETS/ASV_Spoof_2019_LA/ASVspoof2019_LA_eval/flac/LA_E_6783728.flac,11
/data/DATASETS/ASV_Spoof_2019_LA/ASVspoof2019_LA_eval/flac/LA_E_6786055.flac,11
/data/DATASETS/ASV_Spoof_2019_LA/ASVspoof2019_LA_eval/flac/LA_E_6786474.flac,11
/data/DATASETS/ASV_Spoof_2019_LA/ASVspoof2019_LA_eval/flac/LA_E_6786652.flac,11
/data/DATASETS/ASV_Spoof_2019_LA/ASVspoof2019_LA_eval/flac/LA_E_6786808.flac,11
/data/DATASETS/ASV_Spoof_2019_LA/ASVspoof2019_LA_eval/flac/LA_E_6786905.flac,11
/data/DATASETS/ASV_Spoof_2019_LA/ASVspoof2019_LA_eval/flac/LA_E_6787669.flac,11
/data/DATASETS/ASV_Spoof_2019_LA/ASVspoof2019_LA_eval/flac/LA_E_6797675.flac,11
/data/DATASETS/ASV_Spoof_2019_LA/ASVspoof2019_LA_eval/flac/LA_E_6797797.flac,11
/data/DATASETS/ASV_Spoof_2019_LA/ASVspoof2019_LA_eval/flac/LA_E_6798209.flac,11
/data/DATASETS/ASV_Spoof_2019_LA/ASVspoof2019_LA_eval/flac/LA_E_6798236.flac,11
/data/DATASETS/ASV_Spoof_2019_LA/ASVspoof2019_LA_eval/flac/LA_E_6798375.flac,11
/data/DATASETS/ASV_Spoof_2019_LA/ASVspoof2019_LA_eval/flac/LA_E_6799117.flac,11
/data/DATASETS/ASV_Spoof_2019_LA/ASVspoof2019_LA_eval/flac/LA_E_6807293.flac,11
/data/DATASETS/ASV_Spoof_2019_LA/ASVspoof2019_LA_eval/flac/LA_E_6807724.flac,11
/data/DATASETS/ASV_Spoof_2019_LA/ASVspoof2019_LA_eval/flac/LA_E_6808570.flac,11
/data/DATASETS/ASV_Spoof_2019_LA/ASVspoof2019_LA_eval/flac/LA_E_6808626.flac,11
/data/DATASETS/ASV_Spoof_2019_LA/ASVspoof2019_LA_eval/flac/LA_E_6808678.flac,11
/data/DATASETS/ASV_Spoof_2019_LA/ASVspoof2019_LA_eval/flac/LA_E_6809147.flac,11
/data/DATASETS/ASV_Spoof_2019_LA/ASVspoof2019_LA_eval/flac/LA_E_6809994.flac,11
/data/DATASETS/ASV_Spoof_2019_LA/ASVspoof2019_LA_eval/flac/LA_E_6810983.flac,11
/data/DATASETS/ASV_Spoof_2019_LA/ASVspoof2019_LA_eval/flac/LA_E_6811579.flac,11
/data/DATASETS/ASV_Spoof_2019_LA/ASVspoof2019_LA_eval/flac/LA_E_6811902.flac,11
/data/DATASETS/ASV_Spoof_2019_LA/ASVspoof2019_LA_eval/flac/LA_E_6812818.flac,11
/data/DATASETS/ASV_Spoof_2019_LA/ASVspoof2019_LA_eval/flac/LA_E_6812929.flac,11
/data/DATASETS/ASV_Spoof_2019_LA/ASVspoof2019_LA_eval/flac/LA_E_6815461.flac,11
/data/DATASETS/ASV_Spoof_2019_LA/ASVspoof2019_LA_eval/flac/LA_E_6821240.flac,11
/data/DATASETS/ASV_Spoof_2019_LA/ASVspoof2019_LA_eval/flac/LA_E_6822688.flac,11
/data/DATASETS/ASV_Spoof_2019_LA/ASVspoof2019_LA_eval/flac/LA_E_6824282.flac,11
/data/DATASETS/ASV_Spoof_2019_LA/ASVspoof2019_LA_eval/flac/LA_E_6826819.flac,11
/data/DATASETS/ASV_Spoof_2019_LA/ASVspoof2019_LA_eval/flac/LA_E_6827481.flac,11
/data/DATASETS/ASV_Spoof_2019_LA/ASVspoof2019_LA_eval/flac/LA_E_6833243.flac,11
/data/DATASETS/ASV_Spoof_2019_LA/ASVspoof2019_LA_eval/flac/LA_E_6840669.flac,11
/data/DATASETS/ASV_Spoof_2019_LA/ASVspoof2019_LA_eval/flac/LA_E_6840829.flac,11
/data/DATASETS/ASV_Spoof_2019_LA/ASVspoof2019_LA_eval/flac/LA_E_6841956.flac,11
/data/DATASETS/ASV_Spoof_2019_LA/ASVspoof2019_LA_eval/flac/LA_E_6842224.flac,11
/data/DATASETS/ASV_Spoof_2019_LA/ASVspoof2019_LA_eval/flac/LA_E_6844059.flac,11
/data/DATASETS/ASV_Spoof_2019_LA/ASVspoof2019_LA_eval/flac/LA_E_6847028.flac,11
/data/DATASETS/ASV_Spoof_2019_LA/ASVspoof2019_LA_eval/flac/LA_E_6847874.flac,11
/data/DATASETS/ASV_Spoof_2019_LA/ASVspoof2019_LA_eval/flac/LA_E_6848919.flac,11
/data/DATASETS/ASV_Spoof_2019_LA/ASVspoof2019_LA_eval/flac/LA_E_6849462.flac,11
/data/DATASETS/ASV_Spoof_2019_LA/ASVspoof2019_LA_eval/flac/LA_E_6852611.flac,11
/data/DATASETS/ASV_Spoof_2019_LA/ASVspoof2019_LA_eval/flac/LA_E_6853552.flac,11
/data/DATASETS/ASV_Spoof_2019_LA/ASVspoof2019_LA_eval/flac/LA_E_6861287.flac,11
/data/DATASETS/ASV_Spoof_2019_LA/ASVspoof2019_LA_eval/flac/LA_E_6865320.flac,11
/data/DATASETS/ASV_Spoof_2019_LA/ASVspoof2019_LA_eval/flac/LA_E_6867406.flac,11
/data/DATASETS/ASV_Spoof_2019_LA/ASVspoof2019_LA_eval/flac/LA_E_6867603.flac,11
/data/DATASETS/ASV_Spoof_2019_LA/ASVspoof2019_LA_eval/flac/LA_E_6868986.flac,11
/data/DATASETS/ASV_Spoof_2019_LA/ASVspoof2019_LA_eval/flac/LA_E_6871007.flac,11
/data/DATASETS/ASV_Spoof_2019_LA/ASVspoof2019_LA_eval/flac/LA_E_6878460.flac,11
/data/DATASETS/ASV_Spoof_2019_LA/ASVspoof2019_LA_eval/flac/LA_E_6879754.flac,11
/data/DATASETS/ASV_Spoof_2019_LA/ASVspoof2019_LA_eval/flac/LA_E_6880024.flac,11
/data/DATASETS/ASV_Spoof_2019_LA/ASVspoof2019_LA_eval/flac/LA_E_6882803.flac,11
/data/DATASETS/ASV_Spoof_2019_LA/ASVspoof2019_LA_eval/flac/LA_E_6887626.flac,11
/data/DATASETS/ASV_Spoof_2019_LA/ASVspoof2019_LA_eval/flac/LA_E_6889135.flac,11
/data/DATASETS/ASV_Spoof_2019_LA/ASVspoof2019_LA_eval/flac/LA_E_6889957.flac,11
/data/DATASETS/ASV_Spoof_2019_LA/ASVspoof2019_LA_eval/flac/LA_E_6890191.flac,11
/data/DATASETS/ASV_Spoof_2019_LA/ASVspoof2019_LA_eval/flac/LA_E_6890212.flac,11
/data/DATASETS/ASV_Spoof_2019_LA/ASVspoof2019_LA_eval/flac/LA_E_6890699.flac,11
/data/DATASETS/ASV_Spoof_2019_LA/ASVspoof2019_LA_eval/flac/LA_E_6893388.flac,11
/data/DATASETS/ASV_Spoof_2019_LA/ASVspoof2019_LA_eval/flac/LA_E_6893969.flac,11
/data/DATASETS/ASV_Spoof_2019_LA/ASVspoof2019_LA_eval/flac/LA_E_6900044.flac,11
/data/DATASETS/ASV_Spoof_2019_LA/ASVspoof2019_LA_eval/flac/LA_E_6901228.flac,11
/data/DATASETS/ASV_Spoof_2019_LA/ASVspoof2019_LA_eval/flac/LA_E_6902525.flac,11
/data/DATASETS/ASV_Spoof_2019_LA/ASVspoof2019_LA_eval/flac/LA_E_6906007.flac,11
/data/DATASETS/ASV_Spoof_2019_LA/ASVspoof2019_LA_eval/flac/LA_E_6910166.flac,11
/data/DATASETS/ASV_Spoof_2019_LA/ASVspoof2019_LA_eval/flac/LA_E_6911740.flac,11
/data/DATASETS/ASV_Spoof_2019_LA/ASVspoof2019_LA_eval/flac/LA_E_6916375.flac,11
/data/DATASETS/ASV_Spoof_2019_LA/ASVspoof2019_LA_eval/flac/LA_E_6918202.flac,11
/data/DATASETS/ASV_Spoof_2019_LA/ASVspoof2019_LA_eval/flac/LA_E_6919801.flac,11
/data/DATASETS/ASV_Spoof_2019_LA/ASVspoof2019_LA_eval/flac/LA_E_6927255.flac,11
/data/DATASETS/ASV_Spoof_2019_LA/ASVspoof2019_LA_eval/flac/LA_E_6927350.flac,11
/data/DATASETS/ASV_Spoof_2019_LA/ASVspoof2019_LA_eval/flac/LA_E_6928826.flac,11
/data/DATASETS/ASV_Spoof_2019_LA/ASVspoof2019_LA_eval/flac/LA_E_6929728.flac,11
/data/DATASETS/ASV_Spoof_2019_LA/ASVspoof2019_LA_eval/flac/LA_E_6930674.flac,11
/data/DATASETS/ASV_Spoof_2019_LA/ASVspoof2019_LA_eval/flac/LA_E_6931946.flac,11
/data/DATASETS/ASV_Spoof_2019_LA/ASVspoof2019_LA_eval/flac/LA_E_6932861.flac,11
/data/DATASETS/ASV_Spoof_2019_LA/ASVspoof2019_LA_eval/flac/LA_E_6934024.flac,11
/data/DATASETS/ASV_Spoof_2019_LA/ASVspoof2019_LA_eval/flac/LA_E_6935470.flac,11
/data/DATASETS/ASV_Spoof_2019_LA/ASVspoof2019_LA_eval/flac/LA_E_6937298.flac,11
/data/DATASETS/ASV_Spoof_2019_LA/ASVspoof2019_LA_eval/flac/LA_E_6937543.flac,11
/data/DATASETS/ASV_Spoof_2019_LA/ASVspoof2019_LA_eval/flac/LA_E_6938039.flac,11
/data/DATASETS/ASV_Spoof_2019_LA/ASVspoof2019_LA_eval/flac/LA_E_6939003.flac,11
/data/DATASETS/ASV_Spoof_2019_LA/ASVspoof2019_LA_eval/flac/LA_E_6940274.flac,11
/data/DATASETS/ASV_Spoof_2019_LA/ASVspoof2019_LA_eval/flac/LA_E_6941963.flac,11
/data/DATASETS/ASV_Spoof_2019_LA/ASVspoof2019_LA_eval/flac/LA_E_6943323.flac,11
/data/DATASETS/ASV_Spoof_2019_LA/ASVspoof2019_LA_eval/flac/LA_E_6943970.flac,11
/data/DATASETS/ASV_Spoof_2019_LA/ASVspoof2019_LA_eval/flac/LA_E_6946637.flac,11
/data/DATASETS/ASV_Spoof_2019_LA/ASVspoof2019_LA_eval/flac/LA_E_6950539.flac,11
/data/DATASETS/ASV_Spoof_2019_LA/ASVspoof2019_LA_eval/flac/LA_E_6952086.flac,11
/data/DATASETS/ASV_Spoof_2019_LA/ASVspoof2019_LA_eval/flac/LA_E_6957389.flac,11
/data/DATASETS/ASV_Spoof_2019_LA/ASVspoof2019_LA_eval/flac/LA_E_6962912.flac,11
/data/DATASETS/ASV_Spoof_2019_LA/ASVspoof2019_LA_eval/flac/LA_E_6963227.flac,11
/data/DATASETS/ASV_Spoof_2019_LA/ASVspoof2019_LA_eval/flac/LA_E_6965278.flac,11
/data/DATASETS/ASV_Spoof_2019_LA/ASVspoof2019_LA_eval/flac/LA_E_6970953.flac,11
/data/DATASETS/ASV_Spoof_2019_LA/ASVspoof2019_LA_eval/flac/LA_E_6971313.flac,11
/data/DATASETS/ASV_Spoof_2019_LA/ASVspoof2019_LA_eval/flac/LA_E_6974022.flac,11
/data/DATASETS/ASV_Spoof_2019_LA/ASVspoof2019_LA_eval/flac/LA_E_6979198.flac,11
/data/DATASETS/ASV_Spoof_2019_LA/ASVspoof2019_LA_eval/flac/LA_E_6979346.flac,11
/data/DATASETS/ASV_Spoof_2019_LA/ASVspoof2019_LA_eval/flac/LA_E_6979906.flac,11
/data/DATASETS/ASV_Spoof_2019_LA/ASVspoof2019_LA_eval/flac/LA_E_6980839.flac,11
/data/DATASETS/ASV_Spoof_2019_LA/ASVspoof2019_LA_eval/flac/LA_E_6980926.flac,11
/data/DATASETS/ASV_Spoof_2019_LA/ASVspoof2019_LA_eval/flac/LA_E_6982929.flac,11
/data/DATASETS/ASV_Spoof_2019_LA/ASVspoof2019_LA_eval/flac/LA_E_6989687.flac,11
/data/DATASETS/ASV_Spoof_2019_LA/ASVspoof2019_LA_eval/flac/LA_E_7003805.flac,11
/data/DATASETS/ASV_Spoof_2019_LA/ASVspoof2019_LA_eval/flac/LA_E_7011553.flac,11
/data/DATASETS/ASV_Spoof_2019_LA/ASVspoof2019_LA_eval/flac/LA_E_7014163.flac,11
/data/DATASETS/ASV_Spoof_2019_LA/ASVspoof2019_LA_eval/flac/LA_E_7014825.flac,11
/data/DATASETS/ASV_Spoof_2019_LA/ASVspoof2019_LA_eval/flac/LA_E_7017808.flac,11
/data/DATASETS/ASV_Spoof_2019_LA/ASVspoof2019_LA_eval/flac/LA_E_7019583.flac,11
/data/DATASETS/ASV_Spoof_2019_LA/ASVspoof2019_LA_eval/flac/LA_E_7021103.flac,11
/data/DATASETS/ASV_Spoof_2019_LA/ASVspoof2019_LA_eval/flac/LA_E_7022607.flac,11
/data/DATASETS/ASV_Spoof_2019_LA/ASVspoof2019_LA_eval/flac/LA_E_7023373.flac,11
/data/DATASETS/ASV_Spoof_2019_LA/ASVspoof2019_LA_eval/flac/LA_E_7024829.flac,11
/data/DATASETS/ASV_Spoof_2019_LA/ASVspoof2019_LA_eval/flac/LA_E_7024875.flac,11
/data/DATASETS/ASV_Spoof_2019_LA/ASVspoof2019_LA_eval/flac/LA_E_7024979.flac,11
/data/DATASETS/ASV_Spoof_2019_LA/ASVspoof2019_LA_eval/flac/LA_E_7025510.flac,11
/data/DATASETS/ASV_Spoof_2019_LA/ASVspoof2019_LA_eval/flac/LA_E_7025626.flac,11
/data/DATASETS/ASV_Spoof_2019_LA/ASVspoof2019_LA_eval/flac/LA_E_7026378.flac,11
/data/DATASETS/ASV_Spoof_2019_LA/ASVspoof2019_LA_eval/flac/LA_E_7027292.flac,11
/data/DATASETS/ASV_Spoof_2019_LA/ASVspoof2019_LA_eval/flac/LA_E_7028990.flac,11
/data/DATASETS/ASV_Spoof_2019_LA/ASVspoof2019_LA_eval/flac/LA_E_7029282.flac,11
/data/DATASETS/ASV_Spoof_2019_LA/ASVspoof2019_LA_eval/flac/LA_E_7030254.flac,11
/data/DATASETS/ASV_Spoof_2019_LA/ASVspoof2019_LA_eval/flac/LA_E_7030986.flac,11
/data/DATASETS/ASV_Spoof_2019_LA/ASVspoof2019_LA_eval/flac/LA_E_7031202.flac,11
/data/DATASETS/ASV_Spoof_2019_LA/ASVspoof2019_LA_eval/flac/LA_E_7031217.flac,11
/data/DATASETS/ASV_Spoof_2019_LA/ASVspoof2019_LA_eval/flac/LA_E_7031300.flac,11
/data/DATASETS/ASV_Spoof_2019_LA/ASVspoof2019_LA_eval/flac/LA_E_7047555.flac,11
/data/DATASETS/ASV_Spoof_2019_LA/ASVspoof2019_LA_eval/flac/LA_E_7048385.flac,11
/data/DATASETS/ASV_Spoof_2019_LA/ASVspoof2019_LA_eval/flac/LA_E_7048446.flac,11
/data/DATASETS/ASV_Spoof_2019_LA/ASVspoof2019_LA_eval/flac/LA_E_7048610.flac,11
/data/DATASETS/ASV_Spoof_2019_LA/ASVspoof2019_LA_eval/flac/LA_E_7049097.flac,11
/data/DATASETS/ASV_Spoof_2019_LA/ASVspoof2019_LA_eval/flac/LA_E_7050024.flac,11
/data/DATASETS/ASV_Spoof_2019_LA/ASVspoof2019_LA_eval/flac/LA_E_7052935.flac,11
/data/DATASETS/ASV_Spoof_2019_LA/ASVspoof2019_LA_eval/flac/LA_E_7054839.flac,11
/data/DATASETS/ASV_Spoof_2019_LA/ASVspoof2019_LA_eval/flac/LA_E_7060695.flac,11
/data/DATASETS/ASV_Spoof_2019_LA/ASVspoof2019_LA_eval/flac/LA_E_7065547.flac,11
/data/DATASETS/ASV_Spoof_2019_LA/ASVspoof2019_LA_eval/flac/LA_E_7069718.flac,11
/data/DATASETS/ASV_Spoof_2019_LA/ASVspoof2019_LA_eval/flac/LA_E_7070676.flac,11
/data/DATASETS/ASV_Spoof_2019_LA/ASVspoof2019_LA_eval/flac/LA_E_7071802.flac,11
/data/DATASETS/ASV_Spoof_2019_LA/ASVspoof2019_LA_eval/flac/LA_E_7071825.flac,11
/data/DATASETS/ASV_Spoof_2019_LA/ASVspoof2019_LA_eval/flac/LA_E_7072565.flac,11
/data/DATASETS/ASV_Spoof_2019_LA/ASVspoof2019_LA_eval/flac/LA_E_7074155.flac,11
/data/DATASETS/ASV_Spoof_2019_LA/ASVspoof2019_LA_eval/flac/LA_E_7080274.flac,11
/data/DATASETS/ASV_Spoof_2019_LA/ASVspoof2019_LA_eval/flac/LA_E_7080960.flac,11
/data/DATASETS/ASV_Spoof_2019_LA/ASVspoof2019_LA_eval/flac/LA_E_7087605.flac,11
/data/DATASETS/ASV_Spoof_2019_LA/ASVspoof2019_LA_eval/flac/LA_E_7087790.flac,11
/data/DATASETS/ASV_Spoof_2019_LA/ASVspoof2019_LA_eval/flac/LA_E_7090653.flac,11
/data/DATASETS/ASV_Spoof_2019_LA/ASVspoof2019_LA_eval/flac/LA_E_7092548.flac,11
/data/DATASETS/ASV_Spoof_2019_LA/ASVspoof2019_LA_eval/flac/LA_E_7093969.flac,11
/data/DATASETS/ASV_Spoof_2019_LA/ASVspoof2019_LA_eval/flac/LA_E_7099680.flac,11
/data/DATASETS/ASV_Spoof_2019_LA/ASVspoof2019_LA_eval/flac/LA_E_7100596.flac,11
/data/DATASETS/ASV_Spoof_2019_LA/ASVspoof2019_LA_eval/flac/LA_E_7101586.flac,11
/data/DATASETS/ASV_Spoof_2019_LA/ASVspoof2019_LA_eval/flac/LA_E_7101951.flac,11
/data/DATASETS/ASV_Spoof_2019_LA/ASVspoof2019_LA_eval/flac/LA_E_7103493.flac,11
/data/DATASETS/ASV_Spoof_2019_LA/ASVspoof2019_LA_eval/flac/LA_E_7105724.flac,11
/data/DATASETS/ASV_Spoof_2019_LA/ASVspoof2019_LA_eval/flac/LA_E_7106859.flac,11
/data/DATASETS/ASV_Spoof_2019_LA/ASVspoof2019_LA_eval/flac/LA_E_7107606.flac,11
/data/DATASETS/ASV_Spoof_2019_LA/ASVspoof2019_LA_eval/flac/LA_E_7108816.flac,11
/data/DATASETS/ASV_Spoof_2019_LA/ASVspoof2019_LA_eval/flac/LA_E_7108835.flac,11
/data/DATASETS/ASV_Spoof_2019_LA/ASVspoof2019_LA_eval/flac/LA_E_7108890.flac,11
/data/DATASETS/ASV_Spoof_2019_LA/ASVspoof2019_LA_eval/flac/LA_E_7109202.flac,11
/data/DATASETS/ASV_Spoof_2019_LA/ASVspoof2019_LA_eval/flac/LA_E_7112358.flac,11
/data/DATASETS/ASV_Spoof_2019_LA/ASVspoof2019_LA_eval/flac/LA_E_7112539.flac,11
/data/DATASETS/ASV_Spoof_2019_LA/ASVspoof2019_LA_eval/flac/LA_E_7112846.flac,11
/data/DATASETS/ASV_Spoof_2019_LA/ASVspoof2019_LA_eval/flac/LA_E_7114841.flac,11
/data/DATASETS/ASV_Spoof_2019_LA/ASVspoof2019_LA_eval/flac/LA_E_7117978.flac,11
/data/DATASETS/ASV_Spoof_2019_LA/ASVspoof2019_LA_eval/flac/LA_E_7123455.flac,11
/data/DATASETS/ASV_Spoof_2019_LA/ASVspoof2019_LA_eval/flac/LA_E_7125872.flac,11
/data/DATASETS/ASV_Spoof_2019_LA/ASVspoof2019_LA_eval/flac/LA_E_7129546.flac,11
/data/DATASETS/ASV_Spoof_2019_LA/ASVspoof2019_LA_eval/flac/LA_E_7131759.flac,11
/data/DATASETS/ASV_Spoof_2019_LA/ASVspoof2019_LA_eval/flac/LA_E_7133429.flac,11
/data/DATASETS/ASV_Spoof_2019_LA/ASVspoof2019_LA_eval/flac/LA_E_7135769.flac,11
/data/DATASETS/ASV_Spoof_2019_LA/ASVspoof2019_LA_eval/flac/LA_E_7136796.flac,11
/data/DATASETS/ASV_Spoof_2019_LA/ASVspoof2019_LA_eval/flac/LA_E_7136853.flac,11
/data/DATASETS/ASV_Spoof_2019_LA/ASVspoof2019_LA_eval/flac/LA_E_7140212.flac,11
/data/DATASETS/ASV_Spoof_2019_LA/ASVspoof2019_LA_eval/flac/LA_E_7143541.flac,11
/data/DATASETS/ASV_Spoof_2019_LA/ASVspoof2019_LA_eval/flac/LA_E_7149287.flac,11
/data/DATASETS/ASV_Spoof_2019_LA/ASVspoof2019_LA_eval/flac/LA_E_7149662.flac,11
/data/DATASETS/ASV_Spoof_2019_LA/ASVspoof2019_LA_eval/flac/LA_E_7152680.flac,11
/data/DATASETS/ASV_Spoof_2019_LA/ASVspoof2019_LA_eval/flac/LA_E_7153166.flac,11
/data/DATASETS/ASV_Spoof_2019_LA/ASVspoof2019_LA_eval/flac/LA_E_7155882.flac,11
/data/DATASETS/ASV_Spoof_2019_LA/ASVspoof2019_LA_eval/flac/LA_E_7156164.flac,11
/data/DATASETS/ASV_Spoof_2019_LA/ASVspoof2019_LA_eval/flac/LA_E_7157152.flac,11
/data/DATASETS/ASV_Spoof_2019_LA/ASVspoof2019_LA_eval/flac/LA_E_7160013.flac,11
/data/DATASETS/ASV_Spoof_2019_LA/ASVspoof2019_LA_eval/flac/LA_E_7160027.flac,11
/data/DATASETS/ASV_Spoof_2019_LA/ASVspoof2019_LA_eval/flac/LA_E_7160195.flac,11
/data/DATASETS/ASV_Spoof_2019_LA/ASVspoof2019_LA_eval/flac/LA_E_7160923.flac,11
/data/DATASETS/ASV_Spoof_2019_LA/ASVspoof2019_LA_eval/flac/LA_E_7161176.flac,11
/data/DATASETS/ASV_Spoof_2019_LA/ASVspoof2019_LA_eval/flac/LA_E_7161610.flac,11
/data/DATASETS/ASV_Spoof_2019_LA/ASVspoof2019_LA_eval/flac/LA_E_7164006.flac,11
/data/DATASETS/ASV_Spoof_2019_LA/ASVspoof2019_LA_eval/flac/LA_E_7164872.flac,11
/data/DATASETS/ASV_Spoof_2019_LA/ASVspoof2019_LA_eval/flac/LA_E_7165184.flac,11
/data/DATASETS/ASV_Spoof_2019_LA/ASVspoof2019_LA_eval/flac/LA_E_7169620.flac,11
/data/DATASETS/ASV_Spoof_2019_LA/ASVspoof2019_LA_eval/flac/LA_E_7172833.flac,11
/data/DATASETS/ASV_Spoof_2019_LA/ASVspoof2019_LA_eval/flac/LA_E_7175884.flac,11
/data/DATASETS/ASV_Spoof_2019_LA/ASVspoof2019_LA_eval/flac/LA_E_7175917.flac,11
/data/DATASETS/ASV_Spoof_2019_LA/ASVspoof2019_LA_eval/flac/LA_E_7176180.flac,11
/data/DATASETS/ASV_Spoof_2019_LA/ASVspoof2019_LA_eval/flac/LA_E_7177493.flac,11
/data/DATASETS/ASV_Spoof_2019_LA/ASVspoof2019_LA_eval/flac/LA_E_7182367.flac,11
/data/DATASETS/ASV_Spoof_2019_LA/ASVspoof2019_LA_eval/flac/LA_E_7182591.flac,11
/data/DATASETS/ASV_Spoof_2019_LA/ASVspoof2019_LA_eval/flac/LA_E_7183059.flac,11
/data/DATASETS/ASV_Spoof_2019_LA/ASVspoof2019_LA_eval/flac/LA_E_7184049.flac,11
/data/DATASETS/ASV_Spoof_2019_LA/ASVspoof2019_LA_eval/flac/LA_E_7184616.flac,11
/data/DATASETS/ASV_Spoof_2019_LA/ASVspoof2019_LA_eval/flac/LA_E_7185491.flac,11
/data/DATASETS/ASV_Spoof_2019_LA/ASVspoof2019_LA_eval/flac/LA_E_7186580.flac,11
/data/DATASETS/ASV_Spoof_2019_LA/ASVspoof2019_LA_eval/flac/LA_E_7186997.flac,11
/data/DATASETS/ASV_Spoof_2019_LA/ASVspoof2019_LA_eval/flac/LA_E_7189340.flac,11
/data/DATASETS/ASV_Spoof_2019_LA/ASVspoof2019_LA_eval/flac/LA_E_7189787.flac,11
/data/DATASETS/ASV_Spoof_2019_LA/ASVspoof2019_LA_eval/flac/LA_E_7190797.flac,11
/data/DATASETS/ASV_Spoof_2019_LA/ASVspoof2019_LA_eval/flac/LA_E_7192576.flac,11
/data/DATASETS/ASV_Spoof_2019_LA/ASVspoof2019_LA_eval/flac/LA_E_7193609.flac,11
/data/DATASETS/ASV_Spoof_2019_LA/ASVspoof2019_LA_eval/flac/LA_E_7194926.flac,11
/data/DATASETS/ASV_Spoof_2019_LA/ASVspoof2019_LA_eval/flac/LA_E_7200270.flac,11
/data/DATASETS/ASV_Spoof_2019_LA/ASVspoof2019_LA_eval/flac/LA_E_7201183.flac,11
/data/DATASETS/ASV_Spoof_2019_LA/ASVspoof2019_LA_eval/flac/LA_E_7201880.flac,11
/data/DATASETS/ASV_Spoof_2019_LA/ASVspoof2019_LA_eval/flac/LA_E_7206436.flac,11
/data/DATASETS/ASV_Spoof_2019_LA/ASVspoof2019_LA_eval/flac/LA_E_7206661.flac,11
/data/DATASETS/ASV_Spoof_2019_LA/ASVspoof2019_LA_eval/flac/LA_E_7206967.flac,11
/data/DATASETS/ASV_Spoof_2019_LA/ASVspoof2019_LA_eval/flac/LA_E_7208046.flac,11
/data/DATASETS/ASV_Spoof_2019_LA/ASVspoof2019_LA_eval/flac/LA_E_7210821.flac,11
/data/DATASETS/ASV_Spoof_2019_LA/ASVspoof2019_LA_eval/flac/LA_E_7212138.flac,11
/data/DATASETS/ASV_Spoof_2019_LA/ASVspoof2019_LA_eval/flac/LA_E_7213723.flac,11
/data/DATASETS/ASV_Spoof_2019_LA/ASVspoof2019_LA_eval/flac/LA_E_7214590.flac,11
/data/DATASETS/ASV_Spoof_2019_LA/ASVspoof2019_LA_eval/flac/LA_E_7216182.flac,11
/data/DATASETS/ASV_Spoof_2019_LA/ASVspoof2019_LA_eval/flac/LA_E_7216959.flac,11
/data/DATASETS/ASV_Spoof_2019_LA/ASVspoof2019_LA_eval/flac/LA_E_7218188.flac,11
/data/DATASETS/ASV_Spoof_2019_LA/ASVspoof2019_LA_eval/flac/LA_E_7220001.flac,11
/data/DATASETS/ASV_Spoof_2019_LA/ASVspoof2019_LA_eval/flac/LA_E_7220866.flac,11
/data/DATASETS/ASV_Spoof_2019_LA/ASVspoof2019_LA_eval/flac/LA_E_7225252.flac,11
/data/DATASETS/ASV_Spoof_2019_LA/ASVspoof2019_LA_eval/flac/LA_E_7226992.flac,11
/data/DATASETS/ASV_Spoof_2019_LA/ASVspoof2019_LA_eval/flac/LA_E_7227422.flac,11
/data/DATASETS/ASV_Spoof_2019_LA/ASVspoof2019_LA_eval/flac/LA_E_7230082.flac,11
/data/DATASETS/ASV_Spoof_2019_LA/ASVspoof2019_LA_eval/flac/LA_E_7230824.flac,11
/data/DATASETS/ASV_Spoof_2019_LA/ASVspoof2019_LA_eval/flac/LA_E_7232421.flac,11
/data/DATASETS/ASV_Spoof_2019_LA/ASVspoof2019_LA_eval/flac/LA_E_7233824.flac,11
/data/DATASETS/ASV_Spoof_2019_LA/ASVspoof2019_LA_eval/flac/LA_E_7237832.flac,11
/data/DATASETS/ASV_Spoof_2019_LA/ASVspoof2019_LA_eval/flac/LA_E_7237949.flac,11
/data/DATASETS/ASV_Spoof_2019_LA/ASVspoof2019_LA_eval/flac/LA_E_7238682.flac,11
/data/DATASETS/ASV_Spoof_2019_LA/ASVspoof2019_LA_eval/flac/LA_E_7238870.flac,11
/data/DATASETS/ASV_Spoof_2019_LA/ASVspoof2019_LA_eval/flac/LA_E_7239566.flac,11
/data/DATASETS/ASV_Spoof_2019_LA/ASVspoof2019_LA_eval/flac/LA_E_7242637.flac,11
/data/DATASETS/ASV_Spoof_2019_LA/ASVspoof2019_LA_eval/flac/LA_E_7242657.flac,11
/data/DATASETS/ASV_Spoof_2019_LA/ASVspoof2019_LA_eval/flac/LA_E_7242938.flac,11
/data/DATASETS/ASV_Spoof_2019_LA/ASVspoof2019_LA_eval/flac/LA_E_7243479.flac,11
/data/DATASETS/ASV_Spoof_2019_LA/ASVspoof2019_LA_eval/flac/LA_E_7243567.flac,11
/data/DATASETS/ASV_Spoof_2019_LA/ASVspoof2019_LA_eval/flac/LA_E_7244673.flac,11
/data/DATASETS/ASV_Spoof_2019_LA/ASVspoof2019_LA_eval/flac/LA_E_7246797.flac,11
/data/DATASETS/ASV_Spoof_2019_LA/ASVspoof2019_LA_eval/flac/LA_E_7247519.flac,11
/data/DATASETS/ASV_Spoof_2019_LA/ASVspoof2019_LA_eval/flac/LA_E_7250499.flac,11
/data/DATASETS/ASV_Spoof_2019_LA/ASVspoof2019_LA_eval/flac/LA_E_7253723.flac,11
/data/DATASETS/ASV_Spoof_2019_LA/ASVspoof2019_LA_eval/flac/LA_E_7254149.flac,11
/data/DATASETS/ASV_Spoof_2019_LA/ASVspoof2019_LA_eval/flac/LA_E_7256811.flac,11
/data/DATASETS/ASV_Spoof_2019_LA/ASVspoof2019_LA_eval/flac/LA_E_7257253.flac,11
/data/DATASETS/ASV_Spoof_2019_LA/ASVspoof2019_LA_eval/flac/LA_E_7258966.flac,11
/data/DATASETS/ASV_Spoof_2019_LA/ASVspoof2019_LA_eval/flac/LA_E_7260943.flac,11
/data/DATASETS/ASV_Spoof_2019_LA/ASVspoof2019_LA_eval/flac/LA_E_7261498.flac,11
/data/DATASETS/ASV_Spoof_2019_LA/ASVspoof2019_LA_eval/flac/LA_E_7263134.flac,11
/data/DATASETS/ASV_Spoof_2019_LA/ASVspoof2019_LA_eval/flac/LA_E_7263283.flac,11
/data/DATASETS/ASV_Spoof_2019_LA/ASVspoof2019_LA_eval/flac/LA_E_7263685.flac,11
/data/DATASETS/ASV_Spoof_2019_LA/ASVspoof2019_LA_eval/flac/LA_E_7265697.flac,11
/data/DATASETS/ASV_Spoof_2019_LA/ASVspoof2019_LA_eval/flac/LA_E_7266937.flac,11
/data/DATASETS/ASV_Spoof_2019_LA/ASVspoof2019_LA_eval/flac/LA_E_7272591.flac,11
/data/DATASETS/ASV_Spoof_2019_LA/ASVspoof2019_LA_eval/flac/LA_E_7276835.flac,11
/data/DATASETS/ASV_Spoof_2019_LA/ASVspoof2019_LA_eval/flac/LA_E_7281730.flac,11
/data/DATASETS/ASV_Spoof_2019_LA/ASVspoof2019_LA_eval/flac/LA_E_7282205.flac,11
/data/DATASETS/ASV_Spoof_2019_LA/ASVspoof2019_LA_eval/flac/LA_E_7282781.flac,11
/data/DATASETS/ASV_Spoof_2019_LA/ASVspoof2019_LA_eval/flac/LA_E_7282812.flac,11
/data/DATASETS/ASV_Spoof_2019_LA/ASVspoof2019_LA_eval/flac/LA_E_7283279.flac,11
/data/DATASETS/ASV_Spoof_2019_LA/ASVspoof2019_LA_eval/flac/LA_E_7284504.flac,11
/data/DATASETS/ASV_Spoof_2019_LA/ASVspoof2019_LA_eval/flac/LA_E_7285341.flac,11
/data/DATASETS/ASV_Spoof_2019_LA/ASVspoof2019_LA_eval/flac/LA_E_7285845.flac,11
/data/DATASETS/ASV_Spoof_2019_LA/ASVspoof2019_LA_eval/flac/LA_E_7286346.flac,11
/data/DATASETS/ASV_Spoof_2019_LA/ASVspoof2019_LA_eval/flac/LA_E_7288494.flac,11
/data/DATASETS/ASV_Spoof_2019_LA/ASVspoof2019_LA_eval/flac/LA_E_7290290.flac,11
/data/DATASETS/ASV_Spoof_2019_LA/ASVspoof2019_LA_eval/flac/LA_E_7291285.flac,11
/data/DATASETS/ASV_Spoof_2019_LA/ASVspoof2019_LA_eval/flac/LA_E_7292568.flac,11
/data/DATASETS/ASV_Spoof_2019_LA/ASVspoof2019_LA_eval/flac/LA_E_7294068.flac,11
/data/DATASETS/ASV_Spoof_2019_LA/ASVspoof2019_LA_eval/flac/LA_E_7294698.flac,11
/data/DATASETS/ASV_Spoof_2019_LA/ASVspoof2019_LA_eval/flac/LA_E_7295095.flac,11
/data/DATASETS/ASV_Spoof_2019_LA/ASVspoof2019_LA_eval/flac/LA_E_7298811.flac,11
/data/DATASETS/ASV_Spoof_2019_LA/ASVspoof2019_LA_eval/flac/LA_E_7299155.flac,11
/data/DATASETS/ASV_Spoof_2019_LA/ASVspoof2019_LA_eval/flac/LA_E_7300263.flac,11
/data/DATASETS/ASV_Spoof_2019_LA/ASVspoof2019_LA_eval/flac/LA_E_7303650.flac,11
/data/DATASETS/ASV_Spoof_2019_LA/ASVspoof2019_LA_eval/flac/LA_E_7305496.flac,11
/data/DATASETS/ASV_Spoof_2019_LA/ASVspoof2019_LA_eval/flac/LA_E_7310197.flac,11
/data/DATASETS/ASV_Spoof_2019_LA/ASVspoof2019_LA_eval/flac/LA_E_7311041.flac,11
/data/DATASETS/ASV_Spoof_2019_LA/ASVspoof2019_LA_eval/flac/LA_E_7311063.flac,11
/data/DATASETS/ASV_Spoof_2019_LA/ASVspoof2019_LA_eval/flac/LA_E_7311186.flac,11
/data/DATASETS/ASV_Spoof_2019_LA/ASVspoof2019_LA_eval/flac/LA_E_7311386.flac,11
/data/DATASETS/ASV_Spoof_2019_LA/ASVspoof2019_LA_eval/flac/LA_E_7314778.flac,11
/data/DATASETS/ASV_Spoof_2019_LA/ASVspoof2019_LA_eval/flac/LA_E_7314993.flac,11
/data/DATASETS/ASV_Spoof_2019_LA/ASVspoof2019_LA_eval/flac/LA_E_7317188.flac,11
/data/DATASETS/ASV_Spoof_2019_LA/ASVspoof2019_LA_eval/flac/LA_E_7319910.flac,11
/data/DATASETS/ASV_Spoof_2019_LA/ASVspoof2019_LA_eval/flac/LA_E_7320215.flac,11
/data/DATASETS/ASV_Spoof_2019_LA/ASVspoof2019_LA_eval/flac/LA_E_7321192.flac,11
/data/DATASETS/ASV_Spoof_2019_LA/ASVspoof2019_LA_eval/flac/LA_E_7321198.flac,11
/data/DATASETS/ASV_Spoof_2019_LA/ASVspoof2019_LA_eval/flac/LA_E_7322114.flac,11
/data/DATASETS/ASV_Spoof_2019_LA/ASVspoof2019_LA_eval/flac/LA_E_7324866.flac,11
/data/DATASETS/ASV_Spoof_2019_LA/ASVspoof2019_LA_eval/flac/LA_E_7327644.flac,11
/data/DATASETS/ASV_Spoof_2019_LA/ASVspoof2019_LA_eval/flac/LA_E_7329050.flac,11
/data/DATASETS/ASV_Spoof_2019_LA/ASVspoof2019_LA_eval/flac/LA_E_7331996.flac,11
/data/DATASETS/ASV_Spoof_2019_LA/ASVspoof2019_LA_eval/flac/LA_E_7339606.flac,11
/data/DATASETS/ASV_Spoof_2019_LA/ASVspoof2019_LA_eval/flac/LA_E_7342433.flac,11
/data/DATASETS/ASV_Spoof_2019_LA/ASVspoof2019_LA_eval/flac/LA_E_7345326.flac,11
/data/DATASETS/ASV_Spoof_2019_LA/ASVspoof2019_LA_eval/flac/LA_E_7347160.flac,11
/data/DATASETS/ASV_Spoof_2019_LA/ASVspoof2019_LA_eval/flac/LA_E_7348169.flac,11
/data/DATASETS/ASV_Spoof_2019_LA/ASVspoof2019_LA_eval/flac/LA_E_7349274.flac,11
/data/DATASETS/ASV_Spoof_2019_LA/ASVspoof2019_LA_eval/flac/LA_E_7349922.flac,11
/data/DATASETS/ASV_Spoof_2019_LA/ASVspoof2019_LA_eval/flac/LA_E_7354253.flac,11
/data/DATASETS/ASV_Spoof_2019_LA/ASVspoof2019_LA_eval/flac/LA_E_7354476.flac,11
/data/DATASETS/ASV_Spoof_2019_LA/ASVspoof2019_LA_eval/flac/LA_E_7354972.flac,11
/data/DATASETS/ASV_Spoof_2019_LA/ASVspoof2019_LA_eval/flac/LA_E_7357129.flac,11
/data/DATASETS/ASV_Spoof_2019_LA/ASVspoof2019_LA_eval/flac/LA_E_7359612.flac,11
/data/DATASETS/ASV_Spoof_2019_LA/ASVspoof2019_LA_eval/flac/LA_E_7359921.flac,11
/data/DATASETS/ASV_Spoof_2019_LA/ASVspoof2019_LA_eval/flac/LA_E_7363538.flac,11
/data/DATASETS/ASV_Spoof_2019_LA/ASVspoof2019_LA_eval/flac/LA_E_7367028.flac,11
/data/DATASETS/ASV_Spoof_2019_LA/ASVspoof2019_LA_eval/flac/LA_E_7369277.flac,11
/data/DATASETS/ASV_Spoof_2019_LA/ASVspoof2019_LA_eval/flac/LA_E_7376126.flac,11
/data/DATASETS/ASV_Spoof_2019_LA/ASVspoof2019_LA_eval/flac/LA_E_7377518.flac,11
/data/DATASETS/ASV_Spoof_2019_LA/ASVspoof2019_LA_eval/flac/LA_E_7377873.flac,11
/data/DATASETS/ASV_Spoof_2019_LA/ASVspoof2019_LA_eval/flac/LA_E_7378842.flac,11
/data/DATASETS/ASV_Spoof_2019_LA/ASVspoof2019_LA_eval/flac/LA_E_7379108.flac,11
/data/DATASETS/ASV_Spoof_2019_LA/ASVspoof2019_LA_eval/flac/LA_E_7380527.flac,11
/data/DATASETS/ASV_Spoof_2019_LA/ASVspoof2019_LA_eval/flac/LA_E_7385461.flac,11
/data/DATASETS/ASV_Spoof_2019_LA/ASVspoof2019_LA_eval/flac/LA_E_7386040.flac,11
/data/DATASETS/ASV_Spoof_2019_LA/ASVspoof2019_LA_eval/flac/LA_E_7386841.flac,11
/data/DATASETS/ASV_Spoof_2019_LA/ASVspoof2019_LA_eval/flac/LA_E_7394196.flac,11
/data/DATASETS/ASV_Spoof_2019_LA/ASVspoof2019_LA_eval/flac/LA_E_7396189.flac,11
/data/DATASETS/ASV_Spoof_2019_LA/ASVspoof2019_LA_eval/flac/LA_E_7401144.flac,11
/data/DATASETS/ASV_Spoof_2019_LA/ASVspoof2019_LA_eval/flac/LA_E_7401256.flac,11
/data/DATASETS/ASV_Spoof_2019_LA/ASVspoof2019_LA_eval/flac/LA_E_7406120.flac,11
/data/DATASETS/ASV_Spoof_2019_LA/ASVspoof2019_LA_eval/flac/LA_E_7410031.flac,11
/data/DATASETS/ASV_Spoof_2019_LA/ASVspoof2019_LA_eval/flac/LA_E_7410272.flac,11
/data/DATASETS/ASV_Spoof_2019_LA/ASVspoof2019_LA_eval/flac/LA_E_7410348.flac,11
/data/DATASETS/ASV_Spoof_2019_LA/ASVspoof2019_LA_eval/flac/LA_E_7411205.flac,11
/data/DATASETS/ASV_Spoof_2019_LA/ASVspoof2019_LA_eval/flac/LA_E_7411226.flac,11
/data/DATASETS/ASV_Spoof_2019_LA/ASVspoof2019_LA_eval/flac/LA_E_7412196.flac,11
/data/DATASETS/ASV_Spoof_2019_LA/ASVspoof2019_LA_eval/flac/LA_E_7415044.flac,11
/data/DATASETS/ASV_Spoof_2019_LA/ASVspoof2019_LA_eval/flac/LA_E_7416042.flac,11
/data/DATASETS/ASV_Spoof_2019_LA/ASVspoof2019_LA_eval/flac/LA_E_7416235.flac,11
/data/DATASETS/ASV_Spoof_2019_LA/ASVspoof2019_LA_eval/flac/LA_E_7416604.flac,11
/data/DATASETS/ASV_Spoof_2019_LA/ASVspoof2019_LA_eval/flac/LA_E_7417382.flac,11
/data/DATASETS/ASV_Spoof_2019_LA/ASVspoof2019_LA_eval/flac/LA_E_7418407.flac,11
/data/DATASETS/ASV_Spoof_2019_LA/ASVspoof2019_LA_eval/flac/LA_E_7420746.flac,11
/data/DATASETS/ASV_Spoof_2019_LA/ASVspoof2019_LA_eval/flac/LA_E_7421989.flac,11
/data/DATASETS/ASV_Spoof_2019_LA/ASVspoof2019_LA_eval/flac/LA_E_7422842.flac,11
/data/DATASETS/ASV_Spoof_2019_LA/ASVspoof2019_LA_eval/flac/LA_E_7423566.flac,11
/data/DATASETS/ASV_Spoof_2019_LA/ASVspoof2019_LA_eval/flac/LA_E_7424359.flac,11
/data/DATASETS/ASV_Spoof_2019_LA/ASVspoof2019_LA_eval/flac/LA_E_7424615.flac,11
/data/DATASETS/ASV_Spoof_2019_LA/ASVspoof2019_LA_eval/flac/LA_E_7428554.flac,11
/data/DATASETS/ASV_Spoof_2019_LA/ASVspoof2019_LA_eval/flac/LA_E_7429227.flac,11
/data/DATASETS/ASV_Spoof_2019_LA/ASVspoof2019_LA_eval/flac/LA_E_7430486.flac,11
/data/DATASETS/ASV_Spoof_2019_LA/ASVspoof2019_LA_eval/flac/LA_E_7432463.flac,11
/data/DATASETS/ASV_Spoof_2019_LA/ASVspoof2019_LA_eval/flac/LA_E_7434011.flac,11
/data/DATASETS/ASV_Spoof_2019_LA/ASVspoof2019_LA_eval/flac/LA_E_7434574.flac,11
/data/DATASETS/ASV_Spoof_2019_LA/ASVspoof2019_LA_eval/flac/LA_E_7435917.flac,11
/data/DATASETS/ASV_Spoof_2019_LA/ASVspoof2019_LA_eval/flac/LA_E_7442294.flac,11
/data/DATASETS/ASV_Spoof_2019_LA/ASVspoof2019_LA_eval/flac/LA_E_7442950.flac,11
/data/DATASETS/ASV_Spoof_2019_LA/ASVspoof2019_LA_eval/flac/LA_E_7443216.flac,11
/data/DATASETS/ASV_Spoof_2019_LA/ASVspoof2019_LA_eval/flac/LA_E_7444434.flac,11
/data/DATASETS/ASV_Spoof_2019_LA/ASVspoof2019_LA_eval/flac/LA_E_7447250.flac,11
/data/DATASETS/ASV_Spoof_2019_LA/ASVspoof2019_LA_eval/flac/LA_E_7449294.flac,11
/data/DATASETS/ASV_Spoof_2019_LA/ASVspoof2019_LA_eval/flac/LA_E_7449707.flac,11
/data/DATASETS/ASV_Spoof_2019_LA/ASVspoof2019_LA_eval/flac/LA_E_7451360.flac,11
/data/DATASETS/ASV_Spoof_2019_LA/ASVspoof2019_LA_eval/flac/LA_E_7452994.flac,11
/data/DATASETS/ASV_Spoof_2019_LA/ASVspoof2019_LA_eval/flac/LA_E_7459086.flac,11
/data/DATASETS/ASV_Spoof_2019_LA/ASVspoof2019_LA_eval/flac/LA_E_7463046.flac,11
/data/DATASETS/ASV_Spoof_2019_LA/ASVspoof2019_LA_eval/flac/LA_E_7465503.flac,11
/data/DATASETS/ASV_Spoof_2019_LA/ASVspoof2019_LA_eval/flac/LA_E_7465686.flac,11
/data/DATASETS/ASV_Spoof_2019_LA/ASVspoof2019_LA_eval/flac/LA_E_7466888.flac,11
/data/DATASETS/ASV_Spoof_2019_LA/ASVspoof2019_LA_eval/flac/LA_E_7470423.flac,11
/data/DATASETS/ASV_Spoof_2019_LA/ASVspoof2019_LA_eval/flac/LA_E_7470949.flac,11
/data/DATASETS/ASV_Spoof_2019_LA/ASVspoof2019_LA_eval/flac/LA_E_7472545.flac,11
/data/DATASETS/ASV_Spoof_2019_LA/ASVspoof2019_LA_eval/flac/LA_E_7472700.flac,11
/data/DATASETS/ASV_Spoof_2019_LA/ASVspoof2019_LA_eval/flac/LA_E_7473635.flac,11
/data/DATASETS/ASV_Spoof_2019_LA/ASVspoof2019_LA_eval/flac/LA_E_7481022.flac,11
/data/DATASETS/ASV_Spoof_2019_LA/ASVspoof2019_LA_eval/flac/LA_E_7482040.flac,11
/data/DATASETS/ASV_Spoof_2019_LA/ASVspoof2019_LA_eval/flac/LA_E_7482404.flac,11
/data/DATASETS/ASV_Spoof_2019_LA/ASVspoof2019_LA_eval/flac/LA_E_7483145.flac,11
/data/DATASETS/ASV_Spoof_2019_LA/ASVspoof2019_LA_eval/flac/LA_E_7483203.flac,11
/data/DATASETS/ASV_Spoof_2019_LA/ASVspoof2019_LA_eval/flac/LA_E_7485156.flac,11
/data/DATASETS/ASV_Spoof_2019_LA/ASVspoof2019_LA_eval/flac/LA_E_7486075.flac,11
/data/DATASETS/ASV_Spoof_2019_LA/ASVspoof2019_LA_eval/flac/LA_E_7486692.flac,11
/data/DATASETS/ASV_Spoof_2019_LA/ASVspoof2019_LA_eval/flac/LA_E_7488192.flac,11
/data/DATASETS/ASV_Spoof_2019_LA/ASVspoof2019_LA_eval/flac/LA_E_7490545.flac,11
/data/DATASETS/ASV_Spoof_2019_LA/ASVspoof2019_LA_eval/flac/LA_E_7490636.flac,11
/data/DATASETS/ASV_Spoof_2019_LA/ASVspoof2019_LA_eval/flac/LA_E_7493462.flac,11
/data/DATASETS/ASV_Spoof_2019_LA/ASVspoof2019_LA_eval/flac/LA_E_7494387.flac,11
/data/DATASETS/ASV_Spoof_2019_LA/ASVspoof2019_LA_eval/flac/LA_E_7495087.flac,11
/data/DATASETS/ASV_Spoof_2019_LA/ASVspoof2019_LA_eval/flac/LA_E_7497032.flac,11
/data/DATASETS/ASV_Spoof_2019_LA/ASVspoof2019_LA_eval/flac/LA_E_7499235.flac,11
/data/DATASETS/ASV_Spoof_2019_LA/ASVspoof2019_LA_eval/flac/LA_E_7500200.flac,11
/data/DATASETS/ASV_Spoof_2019_LA/ASVspoof2019_LA_eval/flac/LA_E_7505979.flac,11
/data/DATASETS/ASV_Spoof_2019_LA/ASVspoof2019_LA_eval/flac/LA_E_7506886.flac,11
/data/DATASETS/ASV_Spoof_2019_LA/ASVspoof2019_LA_eval/flac/LA_E_7507201.flac,11
/data/DATASETS/ASV_Spoof_2019_LA/ASVspoof2019_LA_eval/flac/LA_E_7512109.flac,11
/data/DATASETS/ASV_Spoof_2019_LA/ASVspoof2019_LA_eval/flac/LA_E_7514854.flac,11
/data/DATASETS/ASV_Spoof_2019_LA/ASVspoof2019_LA_eval/flac/LA_E_7514950.flac,11
/data/DATASETS/ASV_Spoof_2019_LA/ASVspoof2019_LA_eval/flac/LA_E_7515637.flac,11
/data/DATASETS/ASV_Spoof_2019_LA/ASVspoof2019_LA_eval/flac/LA_E_7516805.flac,11
/data/DATASETS/ASV_Spoof_2019_LA/ASVspoof2019_LA_eval/flac/LA_E_7517009.flac,11
/data/DATASETS/ASV_Spoof_2019_LA/ASVspoof2019_LA_eval/flac/LA_E_7519647.flac,11
/data/DATASETS/ASV_Spoof_2019_LA/ASVspoof2019_LA_eval/flac/LA_E_7523047.flac,11
/data/DATASETS/ASV_Spoof_2019_LA/ASVspoof2019_LA_eval/flac/LA_E_7523616.flac,11
/data/DATASETS/ASV_Spoof_2019_LA/ASVspoof2019_LA_eval/flac/LA_E_7526356.flac,11
/data/DATASETS/ASV_Spoof_2019_LA/ASVspoof2019_LA_eval/flac/LA_E_7527756.flac,11
/data/DATASETS/ASV_Spoof_2019_LA/ASVspoof2019_LA_eval/flac/LA_E_7529100.flac,11
/data/DATASETS/ASV_Spoof_2019_LA/ASVspoof2019_LA_eval/flac/LA_E_7529490.flac,11
/data/DATASETS/ASV_Spoof_2019_LA/ASVspoof2019_LA_eval/flac/LA_E_7531399.flac,11
/data/DATASETS/ASV_Spoof_2019_LA/ASVspoof2019_LA_eval/flac/LA_E_7533838.flac,11
/data/DATASETS/ASV_Spoof_2019_LA/ASVspoof2019_LA_eval/flac/LA_E_7535005.flac,11
/data/DATASETS/ASV_Spoof_2019_LA/ASVspoof2019_LA_eval/flac/LA_E_7535972.flac,11
/data/DATASETS/ASV_Spoof_2019_LA/ASVspoof2019_LA_eval/flac/LA_E_7537750.flac,11
/data/DATASETS/ASV_Spoof_2019_LA/ASVspoof2019_LA_eval/flac/LA_E_7540228.flac,11
/data/DATASETS/ASV_Spoof_2019_LA/ASVspoof2019_LA_eval/flac/LA_E_7540904.flac,11
/data/DATASETS/ASV_Spoof_2019_LA/ASVspoof2019_LA_eval/flac/LA_E_7541157.flac,11
/data/DATASETS/ASV_Spoof_2019_LA/ASVspoof2019_LA_eval/flac/LA_E_7541596.flac,11
/data/DATASETS/ASV_Spoof_2019_LA/ASVspoof2019_LA_eval/flac/LA_E_7543902.flac,11
/data/DATASETS/ASV_Spoof_2019_LA/ASVspoof2019_LA_eval/flac/LA_E_7548673.flac,11
/data/DATASETS/ASV_Spoof_2019_LA/ASVspoof2019_LA_eval/flac/LA_E_7549274.flac,11
/data/DATASETS/ASV_Spoof_2019_LA/ASVspoof2019_LA_eval/flac/LA_E_7551742.flac,11
/data/DATASETS/ASV_Spoof_2019_LA/ASVspoof2019_LA_eval/flac/LA_E_7553575.flac,11
/data/DATASETS/ASV_Spoof_2019_LA/ASVspoof2019_LA_eval/flac/LA_E_7554366.flac,11
/data/DATASETS/ASV_Spoof_2019_LA/ASVspoof2019_LA_eval/flac/LA_E_7554486.flac,11
/data/DATASETS/ASV_Spoof_2019_LA/ASVspoof2019_LA_eval/flac/LA_E_7554821.flac,11
/data/DATASETS/ASV_Spoof_2019_LA/ASVspoof2019_LA_eval/flac/LA_E_7557743.flac,11
/data/DATASETS/ASV_Spoof_2019_LA/ASVspoof2019_LA_eval/flac/LA_E_7562508.flac,11
/data/DATASETS/ASV_Spoof_2019_LA/ASVspoof2019_LA_eval/flac/LA_E_7562775.flac,11
/data/DATASETS/ASV_Spoof_2019_LA/ASVspoof2019_LA_eval/flac/LA_E_7564170.flac,11
/data/DATASETS/ASV_Spoof_2019_LA/ASVspoof2019_LA_eval/flac/LA_E_7565295.flac,11
/data/DATASETS/ASV_Spoof_2019_LA/ASVspoof2019_LA_eval/flac/LA_E_7565549.flac,11
/data/DATASETS/ASV_Spoof_2019_LA/ASVspoof2019_LA_eval/flac/LA_E_7569253.flac,11
/data/DATASETS/ASV_Spoof_2019_LA/ASVspoof2019_LA_eval/flac/LA_E_7569471.flac,11
/data/DATASETS/ASV_Spoof_2019_LA/ASVspoof2019_LA_eval/flac/LA_E_7569809.flac,11
/data/DATASETS/ASV_Spoof_2019_LA/ASVspoof2019_LA_eval/flac/LA_E_7569916.flac,11
/data/DATASETS/ASV_Spoof_2019_LA/ASVspoof2019_LA_eval/flac/LA_E_7570293.flac,11
/data/DATASETS/ASV_Spoof_2019_LA/ASVspoof2019_LA_eval/flac/LA_E_7570577.flac,11
/data/DATASETS/ASV_Spoof_2019_LA/ASVspoof2019_LA_eval/flac/LA_E_7571115.flac,11
/data/DATASETS/ASV_Spoof_2019_LA/ASVspoof2019_LA_eval/flac/LA_E_7574029.flac,11
/data/DATASETS/ASV_Spoof_2019_LA/ASVspoof2019_LA_eval/flac/LA_E_7578023.flac,11
/data/DATASETS/ASV_Spoof_2019_LA/ASVspoof2019_LA_eval/flac/LA_E_7578314.flac,11
/data/DATASETS/ASV_Spoof_2019_LA/ASVspoof2019_LA_eval/flac/LA_E_7580342.flac,11
/data/DATASETS/ASV_Spoof_2019_LA/ASVspoof2019_LA_eval/flac/LA_E_7580622.flac,11
/data/DATASETS/ASV_Spoof_2019_LA/ASVspoof2019_LA_eval/flac/LA_E_7582544.flac,11
/data/DATASETS/ASV_Spoof_2019_LA/ASVspoof2019_LA_eval/flac/LA_E_7583469.flac,11
/data/DATASETS/ASV_Spoof_2019_LA/ASVspoof2019_LA_eval/flac/LA_E_7586306.flac,11
/data/DATASETS/ASV_Spoof_2019_LA/ASVspoof2019_LA_eval/flac/LA_E_7590028.flac,11
/data/DATASETS/ASV_Spoof_2019_LA/ASVspoof2019_LA_eval/flac/LA_E_7590702.flac,11
/data/DATASETS/ASV_Spoof_2019_LA/ASVspoof2019_LA_eval/flac/LA_E_7592731.flac,11
/data/DATASETS/ASV_Spoof_2019_LA/ASVspoof2019_LA_eval/flac/LA_E_7592843.flac,11
/data/DATASETS/ASV_Spoof_2019_LA/ASVspoof2019_LA_eval/flac/LA_E_7596013.flac,11
/data/DATASETS/ASV_Spoof_2019_LA/ASVspoof2019_LA_eval/flac/LA_E_7598073.flac,11
/data/DATASETS/ASV_Spoof_2019_LA/ASVspoof2019_LA_eval/flac/LA_E_7601275.flac,11
/data/DATASETS/ASV_Spoof_2019_LA/ASVspoof2019_LA_eval/flac/LA_E_7606494.flac,11
/data/DATASETS/ASV_Spoof_2019_LA/ASVspoof2019_LA_eval/flac/LA_E_7607565.flac,11
/data/DATASETS/ASV_Spoof_2019_LA/ASVspoof2019_LA_eval/flac/LA_E_7609619.flac,11
/data/DATASETS/ASV_Spoof_2019_LA/ASVspoof2019_LA_eval/flac/LA_E_7610427.flac,11
/data/DATASETS/ASV_Spoof_2019_LA/ASVspoof2019_LA_eval/flac/LA_E_7611503.flac,11
/data/DATASETS/ASV_Spoof_2019_LA/ASVspoof2019_LA_eval/flac/LA_E_7611723.flac,11
/data/DATASETS/ASV_Spoof_2019_LA/ASVspoof2019_LA_eval/flac/LA_E_7613007.flac,11
/data/DATASETS/ASV_Spoof_2019_LA/ASVspoof2019_LA_eval/flac/LA_E_7613966.flac,11
/data/DATASETS/ASV_Spoof_2019_LA/ASVspoof2019_LA_eval/flac/LA_E_7617828.flac,11
/data/DATASETS/ASV_Spoof_2019_LA/ASVspoof2019_LA_eval/flac/LA_E_7625497.flac,11
/data/DATASETS/ASV_Spoof_2019_LA/ASVspoof2019_LA_eval/flac/LA_E_7625609.flac,11
/data/DATASETS/ASV_Spoof_2019_LA/ASVspoof2019_LA_eval/flac/LA_E_7628437.flac,11
/data/DATASETS/ASV_Spoof_2019_LA/ASVspoof2019_LA_eval/flac/LA_E_7630429.flac,11
/data/DATASETS/ASV_Spoof_2019_LA/ASVspoof2019_LA_eval/flac/LA_E_7639886.flac,11
/data/DATASETS/ASV_Spoof_2019_LA/ASVspoof2019_LA_eval/flac/LA_E_7640552.flac,11
/data/DATASETS/ASV_Spoof_2019_LA/ASVspoof2019_LA_eval/flac/LA_E_7641471.flac,11
/data/DATASETS/ASV_Spoof_2019_LA/ASVspoof2019_LA_eval/flac/LA_E_7642882.flac,11
/data/DATASETS/ASV_Spoof_2019_LA/ASVspoof2019_LA_eval/flac/LA_E_7645896.flac,11
/data/DATASETS/ASV_Spoof_2019_LA/ASVspoof2019_LA_eval/flac/LA_E_7646628.flac,11
/data/DATASETS/ASV_Spoof_2019_LA/ASVspoof2019_LA_eval/flac/LA_E_7647121.flac,11
/data/DATASETS/ASV_Spoof_2019_LA/ASVspoof2019_LA_eval/flac/LA_E_7649456.flac,11
/data/DATASETS/ASV_Spoof_2019_LA/ASVspoof2019_LA_eval/flac/LA_E_7651437.flac,11
/data/DATASETS/ASV_Spoof_2019_LA/ASVspoof2019_LA_eval/flac/LA_E_7660609.flac,11
/data/DATASETS/ASV_Spoof_2019_LA/ASVspoof2019_LA_eval/flac/LA_E_7660631.flac,11
/data/DATASETS/ASV_Spoof_2019_LA/ASVspoof2019_LA_eval/flac/LA_E_7660662.flac,11
/data/DATASETS/ASV_Spoof_2019_LA/ASVspoof2019_LA_eval/flac/LA_E_7661690.flac,11
/data/DATASETS/ASV_Spoof_2019_LA/ASVspoof2019_LA_eval/flac/LA_E_7661842.flac,11
/data/DATASETS/ASV_Spoof_2019_LA/ASVspoof2019_LA_eval/flac/LA_E_7662615.flac,11
/data/DATASETS/ASV_Spoof_2019_LA/ASVspoof2019_LA_eval/flac/LA_E_7662755.flac,11
/data/DATASETS/ASV_Spoof_2019_LA/ASVspoof2019_LA_eval/flac/LA_E_7665794.flac,11
/data/DATASETS/ASV_Spoof_2019_LA/ASVspoof2019_LA_eval/flac/LA_E_7665880.flac,11
/data/DATASETS/ASV_Spoof_2019_LA/ASVspoof2019_LA_eval/flac/LA_E_7666269.flac,11
/data/DATASETS/ASV_Spoof_2019_LA/ASVspoof2019_LA_eval/flac/LA_E_7666922.flac,11
/data/DATASETS/ASV_Spoof_2019_LA/ASVspoof2019_LA_eval/flac/LA_E_7667309.flac,11
/data/DATASETS/ASV_Spoof_2019_LA/ASVspoof2019_LA_eval/flac/LA_E_7667353.flac,11
/data/DATASETS/ASV_Spoof_2019_LA/ASVspoof2019_LA_eval/flac/LA_E_7667725.flac,11
/data/DATASETS/ASV_Spoof_2019_LA/ASVspoof2019_LA_eval/flac/LA_E_7669297.flac,11
/data/DATASETS/ASV_Spoof_2019_LA/ASVspoof2019_LA_eval/flac/LA_E_7676779.flac,11
/data/DATASETS/ASV_Spoof_2019_LA/ASVspoof2019_LA_eval/flac/LA_E_7678886.flac,11
/data/DATASETS/ASV_Spoof_2019_LA/ASVspoof2019_LA_eval/flac/LA_E_7680482.flac,11
/data/DATASETS/ASV_Spoof_2019_LA/ASVspoof2019_LA_eval/flac/LA_E_7681996.flac,11
/data/DATASETS/ASV_Spoof_2019_LA/ASVspoof2019_LA_eval/flac/LA_E_7684024.flac,11
/data/DATASETS/ASV_Spoof_2019_LA/ASVspoof2019_LA_eval/flac/LA_E_7684940.flac,11
/data/DATASETS/ASV_Spoof_2019_LA/ASVspoof2019_LA_eval/flac/LA_E_7686747.flac,11
/data/DATASETS/ASV_Spoof_2019_LA/ASVspoof2019_LA_eval/flac/LA_E_7691791.flac,11
/data/DATASETS/ASV_Spoof_2019_LA/ASVspoof2019_LA_eval/flac/LA_E_7694654.flac,11
/data/DATASETS/ASV_Spoof_2019_LA/ASVspoof2019_LA_eval/flac/LA_E_7697216.flac,11
/data/DATASETS/ASV_Spoof_2019_LA/ASVspoof2019_LA_eval/flac/LA_E_7697711.flac,11
/data/DATASETS/ASV_Spoof_2019_LA/ASVspoof2019_LA_eval/flac/LA_E_7697817.flac,11
/data/DATASETS/ASV_Spoof_2019_LA/ASVspoof2019_LA_eval/flac/LA_E_7701668.flac,11
/data/DATASETS/ASV_Spoof_2019_LA/ASVspoof2019_LA_eval/flac/LA_E_7704762.flac,11
/data/DATASETS/ASV_Spoof_2019_LA/ASVspoof2019_LA_eval/flac/LA_E_7705904.flac,11
/data/DATASETS/ASV_Spoof_2019_LA/ASVspoof2019_LA_eval/flac/LA_E_7707012.flac,11
/data/DATASETS/ASV_Spoof_2019_LA/ASVspoof2019_LA_eval/flac/LA_E_7710915.flac,11
/data/DATASETS/ASV_Spoof_2019_LA/ASVspoof2019_LA_eval/flac/LA_E_7712216.flac,11
/data/DATASETS/ASV_Spoof_2019_LA/ASVspoof2019_LA_eval/flac/LA_E_7713257.flac,11
/data/DATASETS/ASV_Spoof_2019_LA/ASVspoof2019_LA_eval/flac/LA_E_7714133.flac,11
/data/DATASETS/ASV_Spoof_2019_LA/ASVspoof2019_LA_eval/flac/LA_E_7715436.flac,11
/data/DATASETS/ASV_Spoof_2019_LA/ASVspoof2019_LA_eval/flac/LA_E_7715548.flac,11
/data/DATASETS/ASV_Spoof_2019_LA/ASVspoof2019_LA_eval/flac/LA_E_7716944.flac,11
/data/DATASETS/ASV_Spoof_2019_LA/ASVspoof2019_LA_eval/flac/LA_E_7718744.flac,11
/data/DATASETS/ASV_Spoof_2019_LA/ASVspoof2019_LA_eval/flac/LA_E_7720571.flac,11
/data/DATASETS/ASV_Spoof_2019_LA/ASVspoof2019_LA_eval/flac/LA_E_7725476.flac,11
/data/DATASETS/ASV_Spoof_2019_LA/ASVspoof2019_LA_eval/flac/LA_E_7728756.flac,11
/data/DATASETS/ASV_Spoof_2019_LA/ASVspoof2019_LA_eval/flac/LA_E_7736862.flac,11
/data/DATASETS/ASV_Spoof_2019_LA/ASVspoof2019_LA_eval/flac/LA_E_7737973.flac,11
/data/DATASETS/ASV_Spoof_2019_LA/ASVspoof2019_LA_eval/flac/LA_E_7740719.flac,11
/data/DATASETS/ASV_Spoof_2019_LA/ASVspoof2019_LA_eval/flac/LA_E_7742538.flac,11
/data/DATASETS/ASV_Spoof_2019_LA/ASVspoof2019_LA_eval/flac/LA_E_7743642.flac,11
/data/DATASETS/ASV_Spoof_2019_LA/ASVspoof2019_LA_eval/flac/LA_E_7745420.flac,11
/data/DATASETS/ASV_Spoof_2019_LA/ASVspoof2019_LA_eval/flac/LA_E_7746665.flac,11
/data/DATASETS/ASV_Spoof_2019_LA/ASVspoof2019_LA_eval/flac/LA_E_7748399.flac,11
/data/DATASETS/ASV_Spoof_2019_LA/ASVspoof2019_LA_eval/flac/LA_E_7750719.flac,11
/data/DATASETS/ASV_Spoof_2019_LA/ASVspoof2019_LA_eval/flac/LA_E_7750965.flac,11
/data/DATASETS/ASV_Spoof_2019_LA/ASVspoof2019_LA_eval/flac/LA_E_7753593.flac,11
/data/DATASETS/ASV_Spoof_2019_LA/ASVspoof2019_LA_eval/flac/LA_E_7753991.flac,11
/data/DATASETS/ASV_Spoof_2019_LA/ASVspoof2019_LA_eval/flac/LA_E_7754685.flac,11
/data/DATASETS/ASV_Spoof_2019_LA/ASVspoof2019_LA_eval/flac/LA_E_7755839.flac,11
/data/DATASETS/ASV_Spoof_2019_LA/ASVspoof2019_LA_eval/flac/LA_E_7763374.flac,11
/data/DATASETS/ASV_Spoof_2019_LA/ASVspoof2019_LA_eval/flac/LA_E_7764267.flac,11
/data/DATASETS/ASV_Spoof_2019_LA/ASVspoof2019_LA_eval/flac/LA_E_7765164.flac,11
/data/DATASETS/ASV_Spoof_2019_LA/ASVspoof2019_LA_eval/flac/LA_E_7767004.flac,11
/data/DATASETS/ASV_Spoof_2019_LA/ASVspoof2019_LA_eval/flac/LA_E_7767530.flac,11
/data/DATASETS/ASV_Spoof_2019_LA/ASVspoof2019_LA_eval/flac/LA_E_7767800.flac,11
/data/DATASETS/ASV_Spoof_2019_LA/ASVspoof2019_LA_eval/flac/LA_E_7767943.flac,11
/data/DATASETS/ASV_Spoof_2019_LA/ASVspoof2019_LA_eval/flac/LA_E_7773767.flac,11
/data/DATASETS/ASV_Spoof_2019_LA/ASVspoof2019_LA_eval/flac/LA_E_7776624.flac,11
/data/DATASETS/ASV_Spoof_2019_LA/ASVspoof2019_LA_eval/flac/LA_E_7777312.flac,11
/data/DATASETS/ASV_Spoof_2019_LA/ASVspoof2019_LA_eval/flac/LA_E_7778862.flac,11
/data/DATASETS/ASV_Spoof_2019_LA/ASVspoof2019_LA_eval/flac/LA_E_7779346.flac,11
/data/DATASETS/ASV_Spoof_2019_LA/ASVspoof2019_LA_eval/flac/LA_E_7780155.flac,11
/data/DATASETS/ASV_Spoof_2019_LA/ASVspoof2019_LA_eval/flac/LA_E_7787876.flac,11
/data/DATASETS/ASV_Spoof_2019_LA/ASVspoof2019_LA_eval/flac/LA_E_7790473.flac,11
/data/DATASETS/ASV_Spoof_2019_LA/ASVspoof2019_LA_eval/flac/LA_E_7797306.flac,11
/data/DATASETS/ASV_Spoof_2019_LA/ASVspoof2019_LA_eval/flac/LA_E_7799393.flac,11
/data/DATASETS/ASV_Spoof_2019_LA/ASVspoof2019_LA_eval/flac/LA_E_7804513.flac,11
/data/DATASETS/ASV_Spoof_2019_LA/ASVspoof2019_LA_eval/flac/LA_E_7806179.flac,11
/data/DATASETS/ASV_Spoof_2019_LA/ASVspoof2019_LA_eval/flac/LA_E_7811395.flac,11
/data/DATASETS/ASV_Spoof_2019_LA/ASVspoof2019_LA_eval/flac/LA_E_7812239.flac,11
/data/DATASETS/ASV_Spoof_2019_LA/ASVspoof2019_LA_eval/flac/LA_E_7812706.flac,11
/data/DATASETS/ASV_Spoof_2019_LA/ASVspoof2019_LA_eval/flac/LA_E_7813568.flac,11
/data/DATASETS/ASV_Spoof_2019_LA/ASVspoof2019_LA_eval/flac/LA_E_7813919.flac,11
/data/DATASETS/ASV_Spoof_2019_LA/ASVspoof2019_LA_eval/flac/LA_E_7815494.flac,11
/data/DATASETS/ASV_Spoof_2019_LA/ASVspoof2019_LA_eval/flac/LA_E_7815576.flac,11
/data/DATASETS/ASV_Spoof_2019_LA/ASVspoof2019_LA_eval/flac/LA_E_7817673.flac,11
/data/DATASETS/ASV_Spoof_2019_LA/ASVspoof2019_LA_eval/flac/LA_E_7818398.flac,11
/data/DATASETS/ASV_Spoof_2019_LA/ASVspoof2019_LA_eval/flac/LA_E_7818891.flac,11
/data/DATASETS/ASV_Spoof_2019_LA/ASVspoof2019_LA_eval/flac/LA_E_7821800.flac,11
/data/DATASETS/ASV_Spoof_2019_LA/ASVspoof2019_LA_eval/flac/LA_E_7824202.flac,11
/data/DATASETS/ASV_Spoof_2019_LA/ASVspoof2019_LA_eval/flac/LA_E_7827864.flac,11
/data/DATASETS/ASV_Spoof_2019_LA/ASVspoof2019_LA_eval/flac/LA_E_7831372.flac,11
/data/DATASETS/ASV_Spoof_2019_LA/ASVspoof2019_LA_eval/flac/LA_E_7832248.flac,11
/data/DATASETS/ASV_Spoof_2019_LA/ASVspoof2019_LA_eval/flac/LA_E_7833156.flac,11
/data/DATASETS/ASV_Spoof_2019_LA/ASVspoof2019_LA_eval/flac/LA_E_7833866.flac,11
/data/DATASETS/ASV_Spoof_2019_LA/ASVspoof2019_LA_eval/flac/LA_E_7834650.flac,11
/data/DATASETS/ASV_Spoof_2019_LA/ASVspoof2019_LA_eval/flac/LA_E_7836725.flac,11
/data/DATASETS/ASV_Spoof_2019_LA/ASVspoof2019_LA_eval/flac/LA_E_7839552.flac,11
/data/DATASETS/ASV_Spoof_2019_LA/ASVspoof2019_LA_eval/flac/LA_E_7839923.flac,11
/data/DATASETS/ASV_Spoof_2019_LA/ASVspoof2019_LA_eval/flac/LA_E_7839945.flac,11
/data/DATASETS/ASV_Spoof_2019_LA/ASVspoof2019_LA_eval/flac/LA_E_7841482.flac,11
/data/DATASETS/ASV_Spoof_2019_LA/ASVspoof2019_LA_eval/flac/LA_E_7841941.flac,11
/data/DATASETS/ASV_Spoof_2019_LA/ASVspoof2019_LA_eval/flac/LA_E_7843619.flac,11
/data/DATASETS/ASV_Spoof_2019_LA/ASVspoof2019_LA_eval/flac/LA_E_7845399.flac,11
/data/DATASETS/ASV_Spoof_2019_LA/ASVspoof2019_LA_eval/flac/LA_E_7847610.flac,11
/data/DATASETS/ASV_Spoof_2019_LA/ASVspoof2019_LA_eval/flac/LA_E_7849990.flac,11
/data/DATASETS/ASV_Spoof_2019_LA/ASVspoof2019_LA_eval/flac/LA_E_7853168.flac,11
/data/DATASETS/ASV_Spoof_2019_LA/ASVspoof2019_LA_eval/flac/LA_E_7853237.flac,11
/data/DATASETS/ASV_Spoof_2019_LA/ASVspoof2019_LA_eval/flac/LA_E_7854310.flac,11
/data/DATASETS/ASV_Spoof_2019_LA/ASVspoof2019_LA_eval/flac/LA_E_7855216.flac,11
/data/DATASETS/ASV_Spoof_2019_LA/ASVspoof2019_LA_eval/flac/LA_E_7855495.flac,11
/data/DATASETS/ASV_Spoof_2019_LA/ASVspoof2019_LA_eval/flac/LA_E_7855640.flac,11
/data/DATASETS/ASV_Spoof_2019_LA/ASVspoof2019_LA_eval/flac/LA_E_7856407.flac,11
/data/DATASETS/ASV_Spoof_2019_LA/ASVspoof2019_LA_eval/flac/LA_E_7858989.flac,11
/data/DATASETS/ASV_Spoof_2019_LA/ASVspoof2019_LA_eval/flac/LA_E_7861343.flac,11
/data/DATASETS/ASV_Spoof_2019_LA/ASVspoof2019_LA_eval/flac/LA_E_7862077.flac,11
/data/DATASETS/ASV_Spoof_2019_LA/ASVspoof2019_LA_eval/flac/LA_E_7862239.flac,11
/data/DATASETS/ASV_Spoof_2019_LA/ASVspoof2019_LA_eval/flac/LA_E_7869442.flac,11
/data/DATASETS/ASV_Spoof_2019_LA/ASVspoof2019_LA_eval/flac/LA_E_7871028.flac,11
/data/DATASETS/ASV_Spoof_2019_LA/ASVspoof2019_LA_eval/flac/LA_E_7871262.flac,11
/data/DATASETS/ASV_Spoof_2019_LA/ASVspoof2019_LA_eval/flac/LA_E_7875546.flac,11
/data/DATASETS/ASV_Spoof_2019_LA/ASVspoof2019_LA_eval/flac/LA_E_7879987.flac,11
/data/DATASETS/ASV_Spoof_2019_LA/ASVspoof2019_LA_eval/flac/LA_E_7880943.flac,11
/data/DATASETS/ASV_Spoof_2019_LA/ASVspoof2019_LA_eval/flac/LA_E_7883061.flac,11
/data/DATASETS/ASV_Spoof_2019_LA/ASVspoof2019_LA_eval/flac/LA_E_7883369.flac,11
/data/DATASETS/ASV_Spoof_2019_LA/ASVspoof2019_LA_eval/flac/LA_E_7886259.flac,11
/data/DATASETS/ASV_Spoof_2019_LA/ASVspoof2019_LA_eval/flac/LA_E_7886695.flac,11
/data/DATASETS/ASV_Spoof_2019_LA/ASVspoof2019_LA_eval/flac/LA_E_7886783.flac,11
/data/DATASETS/ASV_Spoof_2019_LA/ASVspoof2019_LA_eval/flac/LA_E_7887220.flac,11
/data/DATASETS/ASV_Spoof_2019_LA/ASVspoof2019_LA_eval/flac/LA_E_7890341.flac,11
/data/DATASETS/ASV_Spoof_2019_LA/ASVspoof2019_LA_eval/flac/LA_E_7891011.flac,11
/data/DATASETS/ASV_Spoof_2019_LA/ASVspoof2019_LA_eval/flac/LA_E_7897238.flac,11
/data/DATASETS/ASV_Spoof_2019_LA/ASVspoof2019_LA_eval/flac/LA_E_7899279.flac,11
/data/DATASETS/ASV_Spoof_2019_LA/ASVspoof2019_LA_eval/flac/LA_E_7900526.flac,11
/data/DATASETS/ASV_Spoof_2019_LA/ASVspoof2019_LA_eval/flac/LA_E_7905890.flac,11
/data/DATASETS/ASV_Spoof_2019_LA/ASVspoof2019_LA_eval/flac/LA_E_7906641.flac,11
/data/DATASETS/ASV_Spoof_2019_LA/ASVspoof2019_LA_eval/flac/LA_E_7906946.flac,11
/data/DATASETS/ASV_Spoof_2019_LA/ASVspoof2019_LA_eval/flac/LA_E_7910404.flac,11
/data/DATASETS/ASV_Spoof_2019_LA/ASVspoof2019_LA_eval/flac/LA_E_7912955.flac,11
/data/DATASETS/ASV_Spoof_2019_LA/ASVspoof2019_LA_eval/flac/LA_E_7913837.flac,11
/data/DATASETS/ASV_Spoof_2019_LA/ASVspoof2019_LA_eval/flac/LA_E_7916246.flac,11
/data/DATASETS/ASV_Spoof_2019_LA/ASVspoof2019_LA_eval/flac/LA_E_7917799.flac,11
/data/DATASETS/ASV_Spoof_2019_LA/ASVspoof2019_LA_eval/flac/LA_E_7923339.flac,11
/data/DATASETS/ASV_Spoof_2019_LA/ASVspoof2019_LA_eval/flac/LA_E_7924279.flac,11
/data/DATASETS/ASV_Spoof_2019_LA/ASVspoof2019_LA_eval/flac/LA_E_7925288.flac,11
/data/DATASETS/ASV_Spoof_2019_LA/ASVspoof2019_LA_eval/flac/LA_E_7926105.flac,11
/data/DATASETS/ASV_Spoof_2019_LA/ASVspoof2019_LA_eval/flac/LA_E_7931244.flac,11
/data/DATASETS/ASV_Spoof_2019_LA/ASVspoof2019_LA_eval/flac/LA_E_7932808.flac,11
/data/DATASETS/ASV_Spoof_2019_LA/ASVspoof2019_LA_eval/flac/LA_E_7935311.flac,11
/data/DATASETS/ASV_Spoof_2019_LA/ASVspoof2019_LA_eval/flac/LA_E_7935688.flac,11
/data/DATASETS/ASV_Spoof_2019_LA/ASVspoof2019_LA_eval/flac/LA_E_7936074.flac,11
/data/DATASETS/ASV_Spoof_2019_LA/ASVspoof2019_LA_eval/flac/LA_E_7936303.flac,11
/data/DATASETS/ASV_Spoof_2019_LA/ASVspoof2019_LA_eval/flac/LA_E_7938820.flac,11
/data/DATASETS/ASV_Spoof_2019_LA/ASVspoof2019_LA_eval/flac/LA_E_7943208.flac,11
/data/DATASETS/ASV_Spoof_2019_LA/ASVspoof2019_LA_eval/flac/LA_E_7943772.flac,11
/data/DATASETS/ASV_Spoof_2019_LA/ASVspoof2019_LA_eval/flac/LA_E_7949755.flac,11
/data/DATASETS/ASV_Spoof_2019_LA/ASVspoof2019_LA_eval/flac/LA_E_7949967.flac,11
/data/DATASETS/ASV_Spoof_2019_LA/ASVspoof2019_LA_eval/flac/LA_E_7950901.flac,11
/data/DATASETS/ASV_Spoof_2019_LA/ASVspoof2019_LA_eval/flac/LA_E_7951274.flac,11
/data/DATASETS/ASV_Spoof_2019_LA/ASVspoof2019_LA_eval/flac/LA_E_7953207.flac,11
/data/DATASETS/ASV_Spoof_2019_LA/ASVspoof2019_LA_eval/flac/LA_E_7954793.flac,11
/data/DATASETS/ASV_Spoof_2019_LA/ASVspoof2019_LA_eval/flac/LA_E_7956272.flac,11
/data/DATASETS/ASV_Spoof_2019_LA/ASVspoof2019_LA_eval/flac/LA_E_7957666.flac,11
/data/DATASETS/ASV_Spoof_2019_LA/ASVspoof2019_LA_eval/flac/LA_E_7957702.flac,11
/data/DATASETS/ASV_Spoof_2019_LA/ASVspoof2019_LA_eval/flac/LA_E_7957992.flac,11
/data/DATASETS/ASV_Spoof_2019_LA/ASVspoof2019_LA_eval/flac/LA_E_7959996.flac,11
/data/DATASETS/ASV_Spoof_2019_LA/ASVspoof2019_LA_eval/flac/LA_E_7965266.flac,11
/data/DATASETS/ASV_Spoof_2019_LA/ASVspoof2019_LA_eval/flac/LA_E_7968148.flac,11
/data/DATASETS/ASV_Spoof_2019_LA/ASVspoof2019_LA_eval/flac/LA_E_7970161.flac,11
/data/DATASETS/ASV_Spoof_2019_LA/ASVspoof2019_LA_eval/flac/LA_E_7971542.flac,11
/data/DATASETS/ASV_Spoof_2019_LA/ASVspoof2019_LA_eval/flac/LA_E_7971553.flac,11
/data/DATASETS/ASV_Spoof_2019_LA/ASVspoof2019_LA_eval/flac/LA_E_7972586.flac,11
/data/DATASETS/ASV_Spoof_2019_LA/ASVspoof2019_LA_eval/flac/LA_E_7974081.flac,11
/data/DATASETS/ASV_Spoof_2019_LA/ASVspoof2019_LA_eval/flac/LA_E_7975180.flac,11
/data/DATASETS/ASV_Spoof_2019_LA/ASVspoof2019_LA_eval/flac/LA_E_7975703.flac,11
/data/DATASETS/ASV_Spoof_2019_LA/ASVspoof2019_LA_eval/flac/LA_E_7976014.flac,11
/data/DATASETS/ASV_Spoof_2019_LA/ASVspoof2019_LA_eval/flac/LA_E_7982026.flac,11
/data/DATASETS/ASV_Spoof_2019_LA/ASVspoof2019_LA_eval/flac/LA_E_7982332.flac,11
/data/DATASETS/ASV_Spoof_2019_LA/ASVspoof2019_LA_eval/flac/LA_E_7982339.flac,11
/data/DATASETS/ASV_Spoof_2019_LA/ASVspoof2019_LA_eval/flac/LA_E_7983465.flac,11
/data/DATASETS/ASV_Spoof_2019_LA/ASVspoof2019_LA_eval/flac/LA_E_7984944.flac,11
/data/DATASETS/ASV_Spoof_2019_LA/ASVspoof2019_LA_eval/flac/LA_E_7985989.flac,11
/data/DATASETS/ASV_Spoof_2019_LA/ASVspoof2019_LA_eval/flac/LA_E_7986409.flac,11
/data/DATASETS/ASV_Spoof_2019_LA/ASVspoof2019_LA_eval/flac/LA_E_7986456.flac,11
/data/DATASETS/ASV_Spoof_2019_LA/ASVspoof2019_LA_eval/flac/LA_E_7987981.flac,11
/data/DATASETS/ASV_Spoof_2019_LA/ASVspoof2019_LA_eval/flac/LA_E_7989705.flac,11
/data/DATASETS/ASV_Spoof_2019_LA/ASVspoof2019_LA_eval/flac/LA_E_7991247.flac,11
/data/DATASETS/ASV_Spoof_2019_LA/ASVspoof2019_LA_eval/flac/LA_E_7991656.flac,11
/data/DATASETS/ASV_Spoof_2019_LA/ASVspoof2019_LA_eval/flac/LA_E_7995212.flac,11
/data/DATASETS/ASV_Spoof_2019_LA/ASVspoof2019_LA_eval/flac/LA_E_7997360.flac,11
/data/DATASETS/ASV_Spoof_2019_LA/ASVspoof2019_LA_eval/flac/LA_E_7998715.flac,11
/data/DATASETS/ASV_Spoof_2019_LA/ASVspoof2019_LA_eval/flac/LA_E_8002757.flac,11
/data/DATASETS/ASV_Spoof_2019_LA/ASVspoof2019_LA_eval/flac/LA_E_8004902.flac,11
/data/DATASETS/ASV_Spoof_2019_LA/ASVspoof2019_LA_eval/flac/LA_E_8006298.flac,11
/data/DATASETS/ASV_Spoof_2019_LA/ASVspoof2019_LA_eval/flac/LA_E_8010250.flac,11
/data/DATASETS/ASV_Spoof_2019_LA/ASVspoof2019_LA_eval/flac/LA_E_8010724.flac,11
/data/DATASETS/ASV_Spoof_2019_LA/ASVspoof2019_LA_eval/flac/LA_E_8011148.flac,11
/data/DATASETS/ASV_Spoof_2019_LA/ASVspoof2019_LA_eval/flac/LA_E_8013181.flac,11
/data/DATASETS/ASV_Spoof_2019_LA/ASVspoof2019_LA_eval/flac/LA_E_8014679.flac,11
/data/DATASETS/ASV_Spoof_2019_LA/ASVspoof2019_LA_eval/flac/LA_E_8014823.flac,11
/data/DATASETS/ASV_Spoof_2019_LA/ASVspoof2019_LA_eval/flac/LA_E_8015917.flac,11
/data/DATASETS/ASV_Spoof_2019_LA/ASVspoof2019_LA_eval/flac/LA_E_8018835.flac,11
/data/DATASETS/ASV_Spoof_2019_LA/ASVspoof2019_LA_eval/flac/LA_E_8019183.flac,11
/data/DATASETS/ASV_Spoof_2019_LA/ASVspoof2019_LA_eval/flac/LA_E_8022940.flac,11
/data/DATASETS/ASV_Spoof_2019_LA/ASVspoof2019_LA_eval/flac/LA_E_8023122.flac,11
/data/DATASETS/ASV_Spoof_2019_LA/ASVspoof2019_LA_eval/flac/LA_E_8025450.flac,11
/data/DATASETS/ASV_Spoof_2019_LA/ASVspoof2019_LA_eval/flac/LA_E_8026167.flac,11
/data/DATASETS/ASV_Spoof_2019_LA/ASVspoof2019_LA_eval/flac/LA_E_8031111.flac,11
/data/DATASETS/ASV_Spoof_2019_LA/ASVspoof2019_LA_eval/flac/LA_E_8033051.flac,11
/data/DATASETS/ASV_Spoof_2019_LA/ASVspoof2019_LA_eval/flac/LA_E_8035181.flac,11
/data/DATASETS/ASV_Spoof_2019_LA/ASVspoof2019_LA_eval/flac/LA_E_8035769.flac,11
/data/DATASETS/ASV_Spoof_2019_LA/ASVspoof2019_LA_eval/flac/LA_E_8035828.flac,11
/data/DATASETS/ASV_Spoof_2019_LA/ASVspoof2019_LA_eval/flac/LA_E_8037761.flac,11
/data/DATASETS/ASV_Spoof_2019_LA/ASVspoof2019_LA_eval/flac/LA_E_8037774.flac,11
/data/DATASETS/ASV_Spoof_2019_LA/ASVspoof2019_LA_eval/flac/LA_E_8037958.flac,11
/data/DATASETS/ASV_Spoof_2019_LA/ASVspoof2019_LA_eval/flac/LA_E_8038664.flac,11
/data/DATASETS/ASV_Spoof_2019_LA/ASVspoof2019_LA_eval/flac/LA_E_8041965.flac,11
/data/DATASETS/ASV_Spoof_2019_LA/ASVspoof2019_LA_eval/flac/LA_E_8042163.flac,11
/data/DATASETS/ASV_Spoof_2019_LA/ASVspoof2019_LA_eval/flac/LA_E_8046628.flac,11
/data/DATASETS/ASV_Spoof_2019_LA/ASVspoof2019_LA_eval/flac/LA_E_8047849.flac,11
/data/DATASETS/ASV_Spoof_2019_LA/ASVspoof2019_LA_eval/flac/LA_E_8048217.flac,11
/data/DATASETS/ASV_Spoof_2019_LA/ASVspoof2019_LA_eval/flac/LA_E_8048885.flac,11
/data/DATASETS/ASV_Spoof_2019_LA/ASVspoof2019_LA_eval/flac/LA_E_8049760.flac,11
/data/DATASETS/ASV_Spoof_2019_LA/ASVspoof2019_LA_eval/flac/LA_E_8051046.flac,11
/data/DATASETS/ASV_Spoof_2019_LA/ASVspoof2019_LA_eval/flac/LA_E_8053760.flac,11
/data/DATASETS/ASV_Spoof_2019_LA/ASVspoof2019_LA_eval/flac/LA_E_8054468.flac,11
/data/DATASETS/ASV_Spoof_2019_LA/ASVspoof2019_LA_eval/flac/LA_E_8054880.flac,11
/data/DATASETS/ASV_Spoof_2019_LA/ASVspoof2019_LA_eval/flac/LA_E_8056915.flac,11
/data/DATASETS/ASV_Spoof_2019_LA/ASVspoof2019_LA_eval/flac/LA_E_8062708.flac,11
/data/DATASETS/ASV_Spoof_2019_LA/ASVspoof2019_LA_eval/flac/LA_E_8067412.flac,11
/data/DATASETS/ASV_Spoof_2019_LA/ASVspoof2019_LA_eval/flac/LA_E_8070237.flac,11
/data/DATASETS/ASV_Spoof_2019_LA/ASVspoof2019_LA_eval/flac/LA_E_8072815.flac,11
/data/DATASETS/ASV_Spoof_2019_LA/ASVspoof2019_LA_eval/flac/LA_E_8074168.flac,11
/data/DATASETS/ASV_Spoof_2019_LA/ASVspoof2019_LA_eval/flac/LA_E_8074681.flac,11
/data/DATASETS/ASV_Spoof_2019_LA/ASVspoof2019_LA_eval/flac/LA_E_8076347.flac,11
/data/DATASETS/ASV_Spoof_2019_LA/ASVspoof2019_LA_eval/flac/LA_E_8076706.flac,11
/data/DATASETS/ASV_Spoof_2019_LA/ASVspoof2019_LA_eval/flac/LA_E_8076823.flac,11
/data/DATASETS/ASV_Spoof_2019_LA/ASVspoof2019_LA_eval/flac/LA_E_8077575.flac,11
/data/DATASETS/ASV_Spoof_2019_LA/ASVspoof2019_LA_eval/flac/LA_E_8081142.flac,11
/data/DATASETS/ASV_Spoof_2019_LA/ASVspoof2019_LA_eval/flac/LA_E_8081158.flac,11
/data/DATASETS/ASV_Spoof_2019_LA/ASVspoof2019_LA_eval/flac/LA_E_8081889.flac,11
/data/DATASETS/ASV_Spoof_2019_LA/ASVspoof2019_LA_eval/flac/LA_E_8082336.flac,11
/data/DATASETS/ASV_Spoof_2019_LA/ASVspoof2019_LA_eval/flac/LA_E_8084851.flac,11
/data/DATASETS/ASV_Spoof_2019_LA/ASVspoof2019_LA_eval/flac/LA_E_8087372.flac,11
/data/DATASETS/ASV_Spoof_2019_LA/ASVspoof2019_LA_eval/flac/LA_E_8090804.flac,11
/data/DATASETS/ASV_Spoof_2019_LA/ASVspoof2019_LA_eval/flac/LA_E_8091568.flac,11
/data/DATASETS/ASV_Spoof_2019_LA/ASVspoof2019_LA_eval/flac/LA_E_8093422.flac,11
/data/DATASETS/ASV_Spoof_2019_LA/ASVspoof2019_LA_eval/flac/LA_E_8093553.flac,11
/data/DATASETS/ASV_Spoof_2019_LA/ASVspoof2019_LA_eval/flac/LA_E_8094854.flac,11
/data/DATASETS/ASV_Spoof_2019_LA/ASVspoof2019_LA_eval/flac/LA_E_8094995.flac,11
/data/DATASETS/ASV_Spoof_2019_LA/ASVspoof2019_LA_eval/flac/LA_E_8097007.flac,11
/data/DATASETS/ASV_Spoof_2019_LA/ASVspoof2019_LA_eval/flac/LA_E_8097026.flac,11
/data/DATASETS/ASV_Spoof_2019_LA/ASVspoof2019_LA_eval/flac/LA_E_8097274.flac,11
/data/DATASETS/ASV_Spoof_2019_LA/ASVspoof2019_LA_eval/flac/LA_E_8099066.flac,11
/data/DATASETS/ASV_Spoof_2019_LA/ASVspoof2019_LA_eval/flac/LA_E_8099674.flac,11
/data/DATASETS/ASV_Spoof_2019_LA/ASVspoof2019_LA_eval/flac/LA_E_8100202.flac,11
/data/DATASETS/ASV_Spoof_2019_LA/ASVspoof2019_LA_eval/flac/LA_E_8102129.flac,11
/data/DATASETS/ASV_Spoof_2019_LA/ASVspoof2019_LA_eval/flac/LA_E_8102473.flac,11
/data/DATASETS/ASV_Spoof_2019_LA/ASVspoof2019_LA_eval/flac/LA_E_8103072.flac,11
/data/DATASETS/ASV_Spoof_2019_LA/ASVspoof2019_LA_eval/flac/LA_E_8103311.flac,11
/data/DATASETS/ASV_Spoof_2019_LA/ASVspoof2019_LA_eval/flac/LA_E_8107413.flac,11
/data/DATASETS/ASV_Spoof_2019_LA/ASVspoof2019_LA_eval/flac/LA_E_8109449.flac,11
/data/DATASETS/ASV_Spoof_2019_LA/ASVspoof2019_LA_eval/flac/LA_E_8113539.flac,11
/data/DATASETS/ASV_Spoof_2019_LA/ASVspoof2019_LA_eval/flac/LA_E_8113685.flac,11
/data/DATASETS/ASV_Spoof_2019_LA/ASVspoof2019_LA_eval/flac/LA_E_8114739.flac,11
/data/DATASETS/ASV_Spoof_2019_LA/ASVspoof2019_LA_eval/flac/LA_E_8116931.flac,11
/data/DATASETS/ASV_Spoof_2019_LA/ASVspoof2019_LA_eval/flac/LA_E_8118128.flac,11
/data/DATASETS/ASV_Spoof_2019_LA/ASVspoof2019_LA_eval/flac/LA_E_8121933.flac,11
/data/DATASETS/ASV_Spoof_2019_LA/ASVspoof2019_LA_eval/flac/LA_E_8123580.flac,11
/data/DATASETS/ASV_Spoof_2019_LA/ASVspoof2019_LA_eval/flac/LA_E_8124879.flac,11
/data/DATASETS/ASV_Spoof_2019_LA/ASVspoof2019_LA_eval/flac/LA_E_8125672.flac,11
/data/DATASETS/ASV_Spoof_2019_LA/ASVspoof2019_LA_eval/flac/LA_E_8126041.flac,11
/data/DATASETS/ASV_Spoof_2019_LA/ASVspoof2019_LA_eval/flac/LA_E_8126192.flac,11
/data/DATASETS/ASV_Spoof_2019_LA/ASVspoof2019_LA_eval/flac/LA_E_8127496.flac,11
/data/DATASETS/ASV_Spoof_2019_LA/ASVspoof2019_LA_eval/flac/LA_E_8128163.flac,11
/data/DATASETS/ASV_Spoof_2019_LA/ASVspoof2019_LA_eval/flac/LA_E_8131366.flac,11
/data/DATASETS/ASV_Spoof_2019_LA/ASVspoof2019_LA_eval/flac/LA_E_8132460.flac,11
/data/DATASETS/ASV_Spoof_2019_LA/ASVspoof2019_LA_eval/flac/LA_E_8135378.flac,11
/data/DATASETS/ASV_Spoof_2019_LA/ASVspoof2019_LA_eval/flac/LA_E_8135561.flac,11
/data/DATASETS/ASV_Spoof_2019_LA/ASVspoof2019_LA_eval/flac/LA_E_8139451.flac,11
/data/DATASETS/ASV_Spoof_2019_LA/ASVspoof2019_LA_eval/flac/LA_E_8143240.flac,11
/data/DATASETS/ASV_Spoof_2019_LA/ASVspoof2019_LA_eval/flac/LA_E_8144365.flac,11
/data/DATASETS/ASV_Spoof_2019_LA/ASVspoof2019_LA_eval/flac/LA_E_8145687.flac,11
/data/DATASETS/ASV_Spoof_2019_LA/ASVspoof2019_LA_eval/flac/LA_E_8146057.flac,11
/data/DATASETS/ASV_Spoof_2019_LA/ASVspoof2019_LA_eval/flac/LA_E_8155195.flac,11
/data/DATASETS/ASV_Spoof_2019_LA/ASVspoof2019_LA_eval/flac/LA_E_8161132.flac,11
/data/DATASETS/ASV_Spoof_2019_LA/ASVspoof2019_LA_eval/flac/LA_E_8163591.flac,11
/data/DATASETS/ASV_Spoof_2019_LA/ASVspoof2019_LA_eval/flac/LA_E_8165691.flac,11
/data/DATASETS/ASV_Spoof_2019_LA/ASVspoof2019_LA_eval/flac/LA_E_8165918.flac,11
/data/DATASETS/ASV_Spoof_2019_LA/ASVspoof2019_LA_eval/flac/LA_E_8166308.flac,11
/data/DATASETS/ASV_Spoof_2019_LA/ASVspoof2019_LA_eval/flac/LA_E_8169535.flac,11
/data/DATASETS/ASV_Spoof_2019_LA/ASVspoof2019_LA_eval/flac/LA_E_8172142.flac,11
/data/DATASETS/ASV_Spoof_2019_LA/ASVspoof2019_LA_eval/flac/LA_E_8173402.flac,11
/data/DATASETS/ASV_Spoof_2019_LA/ASVspoof2019_LA_eval/flac/LA_E_8175368.flac,11
/data/DATASETS/ASV_Spoof_2019_LA/ASVspoof2019_LA_eval/flac/LA_E_8178871.flac,11
/data/DATASETS/ASV_Spoof_2019_LA/ASVspoof2019_LA_eval/flac/LA_E_8181415.flac,11
/data/DATASETS/ASV_Spoof_2019_LA/ASVspoof2019_LA_eval/flac/LA_E_8182588.flac,11
/data/DATASETS/ASV_Spoof_2019_LA/ASVspoof2019_LA_eval/flac/LA_E_8182850.flac,11
/data/DATASETS/ASV_Spoof_2019_LA/ASVspoof2019_LA_eval/flac/LA_E_8182899.flac,11
/data/DATASETS/ASV_Spoof_2019_LA/ASVspoof2019_LA_eval/flac/LA_E_8183954.flac,11
/data/DATASETS/ASV_Spoof_2019_LA/ASVspoof2019_LA_eval/flac/LA_E_8184943.flac,11
/data/DATASETS/ASV_Spoof_2019_LA/ASVspoof2019_LA_eval/flac/LA_E_8187573.flac,11
/data/DATASETS/ASV_Spoof_2019_LA/ASVspoof2019_LA_eval/flac/LA_E_8191329.flac,11
/data/DATASETS/ASV_Spoof_2019_LA/ASVspoof2019_LA_eval/flac/LA_E_8197602.flac,11
/data/DATASETS/ASV_Spoof_2019_LA/ASVspoof2019_LA_eval/flac/LA_E_8201115.flac,11
/data/DATASETS/ASV_Spoof_2019_LA/ASVspoof2019_LA_eval/flac/LA_E_8202697.flac,11
/data/DATASETS/ASV_Spoof_2019_LA/ASVspoof2019_LA_eval/flac/LA_E_8204320.flac,11
/data/DATASETS/ASV_Spoof_2019_LA/ASVspoof2019_LA_eval/flac/LA_E_8204720.flac,11
/data/DATASETS/ASV_Spoof_2019_LA/ASVspoof2019_LA_eval/flac/LA_E_8205176.flac,11
/data/DATASETS/ASV_Spoof_2019_LA/ASVspoof2019_LA_eval/flac/LA_E_8206313.flac,11
/data/DATASETS/ASV_Spoof_2019_LA/ASVspoof2019_LA_eval/flac/LA_E_8208342.flac,11
/data/DATASETS/ASV_Spoof_2019_LA/ASVspoof2019_LA_eval/flac/LA_E_8208733.flac,11
/data/DATASETS/ASV_Spoof_2019_LA/ASVspoof2019_LA_eval/flac/LA_E_8210577.flac,11
/data/DATASETS/ASV_Spoof_2019_LA/ASVspoof2019_LA_eval/flac/LA_E_8213499.flac,11
/data/DATASETS/ASV_Spoof_2019_LA/ASVspoof2019_LA_eval/flac/LA_E_8213591.flac,11
/data/DATASETS/ASV_Spoof_2019_LA/ASVspoof2019_LA_eval/flac/LA_E_8216492.flac,11
/data/DATASETS/ASV_Spoof_2019_LA/ASVspoof2019_LA_eval/flac/LA_E_8220852.flac,11
/data/DATASETS/ASV_Spoof_2019_LA/ASVspoof2019_LA_eval/flac/LA_E_8223767.flac,11
/data/DATASETS/ASV_Spoof_2019_LA/ASVspoof2019_LA_eval/flac/LA_E_8225807.flac,11
/data/DATASETS/ASV_Spoof_2019_LA/ASVspoof2019_LA_eval/flac/LA_E_8226122.flac,11
/data/DATASETS/ASV_Spoof_2019_LA/ASVspoof2019_LA_eval/flac/LA_E_8226815.flac,11
/data/DATASETS/ASV_Spoof_2019_LA/ASVspoof2019_LA_eval/flac/LA_E_8229490.flac,11
/data/DATASETS/ASV_Spoof_2019_LA/ASVspoof2019_LA_eval/flac/LA_E_8230462.flac,11
/data/DATASETS/ASV_Spoof_2019_LA/ASVspoof2019_LA_eval/flac/LA_E_8231409.flac,11
/data/DATASETS/ASV_Spoof_2019_LA/ASVspoof2019_LA_eval/flac/LA_E_8232030.flac,11
/data/DATASETS/ASV_Spoof_2019_LA/ASVspoof2019_LA_eval/flac/LA_E_8232130.flac,11
/data/DATASETS/ASV_Spoof_2019_LA/ASVspoof2019_LA_eval/flac/LA_E_8236816.flac,11
/data/DATASETS/ASV_Spoof_2019_LA/ASVspoof2019_LA_eval/flac/LA_E_8239518.flac,11
/data/DATASETS/ASV_Spoof_2019_LA/ASVspoof2019_LA_eval/flac/LA_E_8239728.flac,11
/data/DATASETS/ASV_Spoof_2019_LA/ASVspoof2019_LA_eval/flac/LA_E_8243028.flac,11
/data/DATASETS/ASV_Spoof_2019_LA/ASVspoof2019_LA_eval/flac/LA_E_8243359.flac,11
/data/DATASETS/ASV_Spoof_2019_LA/ASVspoof2019_LA_eval/flac/LA_E_8244994.flac,11
/data/DATASETS/ASV_Spoof_2019_LA/ASVspoof2019_LA_eval/flac/LA_E_8246008.flac,11
/data/DATASETS/ASV_Spoof_2019_LA/ASVspoof2019_LA_eval/flac/LA_E_8248566.flac,11
/data/DATASETS/ASV_Spoof_2019_LA/ASVspoof2019_LA_eval/flac/LA_E_8249931.flac,11
/data/DATASETS/ASV_Spoof_2019_LA/ASVspoof2019_LA_eval/flac/LA_E_8250717.flac,11
/data/DATASETS/ASV_Spoof_2019_LA/ASVspoof2019_LA_eval/flac/LA_E_8251521.flac,11
/data/DATASETS/ASV_Spoof_2019_LA/ASVspoof2019_LA_eval/flac/LA_E_8254261.flac,11
/data/DATASETS/ASV_Spoof_2019_LA/ASVspoof2019_LA_eval/flac/LA_E_8255037.flac,11
/data/DATASETS/ASV_Spoof_2019_LA/ASVspoof2019_LA_eval/flac/LA_E_8255836.flac,11
/data/DATASETS/ASV_Spoof_2019_LA/ASVspoof2019_LA_eval/flac/LA_E_8256203.flac,11
/data/DATASETS/ASV_Spoof_2019_LA/ASVspoof2019_LA_eval/flac/LA_E_8262613.flac,11
/data/DATASETS/ASV_Spoof_2019_LA/ASVspoof2019_LA_eval/flac/LA_E_8263780.flac,11
/data/DATASETS/ASV_Spoof_2019_LA/ASVspoof2019_LA_eval/flac/LA_E_8264147.flac,11
/data/DATASETS/ASV_Spoof_2019_LA/ASVspoof2019_LA_eval/flac/LA_E_8265198.flac,11
/data/DATASETS/ASV_Spoof_2019_LA/ASVspoof2019_LA_eval/flac/LA_E_8266929.flac,11
/data/DATASETS/ASV_Spoof_2019_LA/ASVspoof2019_LA_eval/flac/LA_E_8267570.flac,11
/data/DATASETS/ASV_Spoof_2019_LA/ASVspoof2019_LA_eval/flac/LA_E_8268032.flac,11
/data/DATASETS/ASV_Spoof_2019_LA/ASVspoof2019_LA_eval/flac/LA_E_8269983.flac,11
/data/DATASETS/ASV_Spoof_2019_LA/ASVspoof2019_LA_eval/flac/LA_E_8271268.flac,11
/data/DATASETS/ASV_Spoof_2019_LA/ASVspoof2019_LA_eval/flac/LA_E_8272893.flac,11
/data/DATASETS/ASV_Spoof_2019_LA/ASVspoof2019_LA_eval/flac/LA_E_8277209.flac,11
/data/DATASETS/ASV_Spoof_2019_LA/ASVspoof2019_LA_eval/flac/LA_E_8278321.flac,11
/data/DATASETS/ASV_Spoof_2019_LA/ASVspoof2019_LA_eval/flac/LA_E_8279099.flac,11
/data/DATASETS/ASV_Spoof_2019_LA/ASVspoof2019_LA_eval/flac/LA_E_8279567.flac,11
/data/DATASETS/ASV_Spoof_2019_LA/ASVspoof2019_LA_eval/flac/LA_E_8280273.flac,11
/data/DATASETS/ASV_Spoof_2019_LA/ASVspoof2019_LA_eval/flac/LA_E_8281669.flac,11
/data/DATASETS/ASV_Spoof_2019_LA/ASVspoof2019_LA_eval/flac/LA_E_8281791.flac,11
/data/DATASETS/ASV_Spoof_2019_LA/ASVspoof2019_LA_eval/flac/LA_E_8282122.flac,11
/data/DATASETS/ASV_Spoof_2019_LA/ASVspoof2019_LA_eval/flac/LA_E_8284254.flac,11
/data/DATASETS/ASV_Spoof_2019_LA/ASVspoof2019_LA_eval/flac/LA_E_8285634.flac,11
/data/DATASETS/ASV_Spoof_2019_LA/ASVspoof2019_LA_eval/flac/LA_E_8285997.flac,11
/data/DATASETS/ASV_Spoof_2019_LA/ASVspoof2019_LA_eval/flac/LA_E_8287729.flac,11
/data/DATASETS/ASV_Spoof_2019_LA/ASVspoof2019_LA_eval/flac/LA_E_8289960.flac,11
/data/DATASETS/ASV_Spoof_2019_LA/ASVspoof2019_LA_eval/flac/LA_E_8290527.flac,11
/data/DATASETS/ASV_Spoof_2019_LA/ASVspoof2019_LA_eval/flac/LA_E_8291976.flac,11
/data/DATASETS/ASV_Spoof_2019_LA/ASVspoof2019_LA_eval/flac/LA_E_8292597.flac,11
/data/DATASETS/ASV_Spoof_2019_LA/ASVspoof2019_LA_eval/flac/LA_E_8293512.flac,11
/data/DATASETS/ASV_Spoof_2019_LA/ASVspoof2019_LA_eval/flac/LA_E_8297793.flac,11
/data/DATASETS/ASV_Spoof_2019_LA/ASVspoof2019_LA_eval/flac/LA_E_8300331.flac,11
/data/DATASETS/ASV_Spoof_2019_LA/ASVspoof2019_LA_eval/flac/LA_E_8300467.flac,11
/data/DATASETS/ASV_Spoof_2019_LA/ASVspoof2019_LA_eval/flac/LA_E_8302093.flac,11
/data/DATASETS/ASV_Spoof_2019_LA/ASVspoof2019_LA_eval/flac/LA_E_8306513.flac,11
/data/DATASETS/ASV_Spoof_2019_LA/ASVspoof2019_LA_eval/flac/LA_E_8306969.flac,11
/data/DATASETS/ASV_Spoof_2019_LA/ASVspoof2019_LA_eval/flac/LA_E_8307887.flac,11
/data/DATASETS/ASV_Spoof_2019_LA/ASVspoof2019_LA_eval/flac/LA_E_8309372.flac,11
/data/DATASETS/ASV_Spoof_2019_LA/ASVspoof2019_LA_eval/flac/LA_E_8309495.flac,11
/data/DATASETS/ASV_Spoof_2019_LA/ASVspoof2019_LA_eval/flac/LA_E_8310367.flac,11
/data/DATASETS/ASV_Spoof_2019_LA/ASVspoof2019_LA_eval/flac/LA_E_8312490.flac,11
/data/DATASETS/ASV_Spoof_2019_LA/ASVspoof2019_LA_eval/flac/LA_E_8316618.flac,11
/data/DATASETS/ASV_Spoof_2019_LA/ASVspoof2019_LA_eval/flac/LA_E_8318589.flac,11
/data/DATASETS/ASV_Spoof_2019_LA/ASVspoof2019_LA_eval/flac/LA_E_8318655.flac,11
/data/DATASETS/ASV_Spoof_2019_LA/ASVspoof2019_LA_eval/flac/LA_E_8319375.flac,11
/data/DATASETS/ASV_Spoof_2019_LA/ASVspoof2019_LA_eval/flac/LA_E_8320167.flac,11
/data/DATASETS/ASV_Spoof_2019_LA/ASVspoof2019_LA_eval/flac/LA_E_8322584.flac,11
/data/DATASETS/ASV_Spoof_2019_LA/ASVspoof2019_LA_eval/flac/LA_E_8326269.flac,11
/data/DATASETS/ASV_Spoof_2019_LA/ASVspoof2019_LA_eval/flac/LA_E_8326493.flac,11
/data/DATASETS/ASV_Spoof_2019_LA/ASVspoof2019_LA_eval/flac/LA_E_8331443.flac,11
/data/DATASETS/ASV_Spoof_2019_LA/ASVspoof2019_LA_eval/flac/LA_E_8331956.flac,11
/data/DATASETS/ASV_Spoof_2019_LA/ASVspoof2019_LA_eval/flac/LA_E_8332203.flac,11
/data/DATASETS/ASV_Spoof_2019_LA/ASVspoof2019_LA_eval/flac/LA_E_8333207.flac,11
/data/DATASETS/ASV_Spoof_2019_LA/ASVspoof2019_LA_eval/flac/LA_E_8335769.flac,11
/data/DATASETS/ASV_Spoof_2019_LA/ASVspoof2019_LA_eval/flac/LA_E_8335815.flac,11
/data/DATASETS/ASV_Spoof_2019_LA/ASVspoof2019_LA_eval/flac/LA_E_8336530.flac,11
/data/DATASETS/ASV_Spoof_2019_LA/ASVspoof2019_LA_eval/flac/LA_E_8336666.flac,11
/data/DATASETS/ASV_Spoof_2019_LA/ASVspoof2019_LA_eval/flac/LA_E_8338696.flac,11
/data/DATASETS/ASV_Spoof_2019_LA/ASVspoof2019_LA_eval/flac/LA_E_8340413.flac,11
/data/DATASETS/ASV_Spoof_2019_LA/ASVspoof2019_LA_eval/flac/LA_E_8340757.flac,11
/data/DATASETS/ASV_Spoof_2019_LA/ASVspoof2019_LA_eval/flac/LA_E_8345958.flac,11
/data/DATASETS/ASV_Spoof_2019_LA/ASVspoof2019_LA_eval/flac/LA_E_8347989.flac,11
/data/DATASETS/ASV_Spoof_2019_LA/ASVspoof2019_LA_eval/flac/LA_E_8348769.flac,11
/data/DATASETS/ASV_Spoof_2019_LA/ASVspoof2019_LA_eval/flac/LA_E_8349434.flac,11
/data/DATASETS/ASV_Spoof_2019_LA/ASVspoof2019_LA_eval/flac/LA_E_8354053.flac,11
/data/DATASETS/ASV_Spoof_2019_LA/ASVspoof2019_LA_eval/flac/LA_E_8356631.flac,11
/data/DATASETS/ASV_Spoof_2019_LA/ASVspoof2019_LA_eval/flac/LA_E_8357560.flac,11
/data/DATASETS/ASV_Spoof_2019_LA/ASVspoof2019_LA_eval/flac/LA_E_8359568.flac,11
/data/DATASETS/ASV_Spoof_2019_LA/ASVspoof2019_LA_eval/flac/LA_E_8364290.flac,11
/data/DATASETS/ASV_Spoof_2019_LA/ASVspoof2019_LA_eval/flac/LA_E_8364817.flac,11
/data/DATASETS/ASV_Spoof_2019_LA/ASVspoof2019_LA_eval/flac/LA_E_8369458.flac,11
/data/DATASETS/ASV_Spoof_2019_LA/ASVspoof2019_LA_eval/flac/LA_E_8369821.flac,11
/data/DATASETS/ASV_Spoof_2019_LA/ASVspoof2019_LA_eval/flac/LA_E_8371290.flac,11
/data/DATASETS/ASV_Spoof_2019_LA/ASVspoof2019_LA_eval/flac/LA_E_8372367.flac,11
/data/DATASETS/ASV_Spoof_2019_LA/ASVspoof2019_LA_eval/flac/LA_E_8373950.flac,11
/data/DATASETS/ASV_Spoof_2019_LA/ASVspoof2019_LA_eval/flac/LA_E_8377066.flac,11
/data/DATASETS/ASV_Spoof_2019_LA/ASVspoof2019_LA_eval/flac/LA_E_8379496.flac,11
/data/DATASETS/ASV_Spoof_2019_LA/ASVspoof2019_LA_eval/flac/LA_E_8386889.flac,11
/data/DATASETS/ASV_Spoof_2019_LA/ASVspoof2019_LA_eval/flac/LA_E_8389795.flac,11
/data/DATASETS/ASV_Spoof_2019_LA/ASVspoof2019_LA_eval/flac/LA_E_8392996.flac,11
/data/DATASETS/ASV_Spoof_2019_LA/ASVspoof2019_LA_eval/flac/LA_E_8393005.flac,11
/data/DATASETS/ASV_Spoof_2019_LA/ASVspoof2019_LA_eval/flac/LA_E_8393090.flac,11
/data/DATASETS/ASV_Spoof_2019_LA/ASVspoof2019_LA_eval/flac/LA_E_8393138.flac,11
/data/DATASETS/ASV_Spoof_2019_LA/ASVspoof2019_LA_eval/flac/LA_E_8395975.flac,11
/data/DATASETS/ASV_Spoof_2019_LA/ASVspoof2019_LA_eval/flac/LA_E_8402148.flac,11
/data/DATASETS/ASV_Spoof_2019_LA/ASVspoof2019_LA_eval/flac/LA_E_8402922.flac,11
/data/DATASETS/ASV_Spoof_2019_LA/ASVspoof2019_LA_eval/flac/LA_E_8402989.flac,11
/data/DATASETS/ASV_Spoof_2019_LA/ASVspoof2019_LA_eval/flac/LA_E_8404841.flac,11
/data/DATASETS/ASV_Spoof_2019_LA/ASVspoof2019_LA_eval/flac/LA_E_8405043.flac,11
/data/DATASETS/ASV_Spoof_2019_LA/ASVspoof2019_LA_eval/flac/LA_E_8406362.flac,11
/data/DATASETS/ASV_Spoof_2019_LA/ASVspoof2019_LA_eval/flac/LA_E_8409753.flac,11
/data/DATASETS/ASV_Spoof_2019_LA/ASVspoof2019_LA_eval/flac/LA_E_8409841.flac,11
/data/DATASETS/ASV_Spoof_2019_LA/ASVspoof2019_LA_eval/flac/LA_E_8411160.flac,11
/data/DATASETS/ASV_Spoof_2019_LA/ASVspoof2019_LA_eval/flac/LA_E_8411376.flac,11
/data/DATASETS/ASV_Spoof_2019_LA/ASVspoof2019_LA_eval/flac/LA_E_8412287.flac,11
/data/DATASETS/ASV_Spoof_2019_LA/ASVspoof2019_LA_eval/flac/LA_E_8415420.flac,11
/data/DATASETS/ASV_Spoof_2019_LA/ASVspoof2019_LA_eval/flac/LA_E_8417217.flac,11
/data/DATASETS/ASV_Spoof_2019_LA/ASVspoof2019_LA_eval/flac/LA_E_8419064.flac,11
/data/DATASETS/ASV_Spoof_2019_LA/ASVspoof2019_LA_eval/flac/LA_E_8421723.flac,11
/data/DATASETS/ASV_Spoof_2019_LA/ASVspoof2019_LA_eval/flac/LA_E_8423738.flac,11
/data/DATASETS/ASV_Spoof_2019_LA/ASVspoof2019_LA_eval/flac/LA_E_8424299.flac,11
/data/DATASETS/ASV_Spoof_2019_LA/ASVspoof2019_LA_eval/flac/LA_E_8427476.flac,11
/data/DATASETS/ASV_Spoof_2019_LA/ASVspoof2019_LA_eval/flac/LA_E_8429092.flac,11
/data/DATASETS/ASV_Spoof_2019_LA/ASVspoof2019_LA_eval/flac/LA_E_8437395.flac,11
/data/DATASETS/ASV_Spoof_2019_LA/ASVspoof2019_LA_eval/flac/LA_E_8438607.flac,11
/data/DATASETS/ASV_Spoof_2019_LA/ASVspoof2019_LA_eval/flac/LA_E_8439599.flac,11
/data/DATASETS/ASV_Spoof_2019_LA/ASVspoof2019_LA_eval/flac/LA_E_8443516.flac,11
/data/DATASETS/ASV_Spoof_2019_LA/ASVspoof2019_LA_eval/flac/LA_E_8445410.flac,11
/data/DATASETS/ASV_Spoof_2019_LA/ASVspoof2019_LA_eval/flac/LA_E_8446709.flac,11
/data/DATASETS/ASV_Spoof_2019_LA/ASVspoof2019_LA_eval/flac/LA_E_8447108.flac,11
/data/DATASETS/ASV_Spoof_2019_LA/ASVspoof2019_LA_eval/flac/LA_E_8447454.flac,11
/data/DATASETS/ASV_Spoof_2019_LA/ASVspoof2019_LA_eval/flac/LA_E_8448127.flac,11
/data/DATASETS/ASV_Spoof_2019_LA/ASVspoof2019_LA_eval/flac/LA_E_8450317.flac,11
/data/DATASETS/ASV_Spoof_2019_LA/ASVspoof2019_LA_eval/flac/LA_E_8453317.flac,11
/data/DATASETS/ASV_Spoof_2019_LA/ASVspoof2019_LA_eval/flac/LA_E_8453533.flac,11
/data/DATASETS/ASV_Spoof_2019_LA/ASVspoof2019_LA_eval/flac/LA_E_8457985.flac,11
/data/DATASETS/ASV_Spoof_2019_LA/ASVspoof2019_LA_eval/flac/LA_E_8460631.flac,11
/data/DATASETS/ASV_Spoof_2019_LA/ASVspoof2019_LA_eval/flac/LA_E_8461109.flac,11
/data/DATASETS/ASV_Spoof_2019_LA/ASVspoof2019_LA_eval/flac/LA_E_8463208.flac,11
/data/DATASETS/ASV_Spoof_2019_LA/ASVspoof2019_LA_eval/flac/LA_E_8464350.flac,11
/data/DATASETS/ASV_Spoof_2019_LA/ASVspoof2019_LA_eval/flac/LA_E_8464728.flac,11
/data/DATASETS/ASV_Spoof_2019_LA/ASVspoof2019_LA_eval/flac/LA_E_8465172.flac,11
/data/DATASETS/ASV_Spoof_2019_LA/ASVspoof2019_LA_eval/flac/LA_E_8466641.flac,11
/data/DATASETS/ASV_Spoof_2019_LA/ASVspoof2019_LA_eval/flac/LA_E_8469034.flac,11
/data/DATASETS/ASV_Spoof_2019_LA/ASVspoof2019_LA_eval/flac/LA_E_8469260.flac,11
/data/DATASETS/ASV_Spoof_2019_LA/ASVspoof2019_LA_eval/flac/LA_E_8469633.flac,11
/data/DATASETS/ASV_Spoof_2019_LA/ASVspoof2019_LA_eval/flac/LA_E_8472726.flac,11
/data/DATASETS/ASV_Spoof_2019_LA/ASVspoof2019_LA_eval/flac/LA_E_8473647.flac,11
/data/DATASETS/ASV_Spoof_2019_LA/ASVspoof2019_LA_eval/flac/LA_E_8475043.flac,11
/data/DATASETS/ASV_Spoof_2019_LA/ASVspoof2019_LA_eval/flac/LA_E_8476751.flac,11
/data/DATASETS/ASV_Spoof_2019_LA/ASVspoof2019_LA_eval/flac/LA_E_8480259.flac,11
/data/DATASETS/ASV_Spoof_2019_LA/ASVspoof2019_LA_eval/flac/LA_E_8481706.flac,11
/data/DATASETS/ASV_Spoof_2019_LA/ASVspoof2019_LA_eval/flac/LA_E_8486767.flac,11
/data/DATASETS/ASV_Spoof_2019_LA/ASVspoof2019_LA_eval/flac/LA_E_8490055.flac,11
/data/DATASETS/ASV_Spoof_2019_LA/ASVspoof2019_LA_eval/flac/LA_E_8500130.flac,11
/data/DATASETS/ASV_Spoof_2019_LA/ASVspoof2019_LA_eval/flac/LA_E_8501249.flac,11
/data/DATASETS/ASV_Spoof_2019_LA/ASVspoof2019_LA_eval/flac/LA_E_8501795.flac,11
/data/DATASETS/ASV_Spoof_2019_LA/ASVspoof2019_LA_eval/flac/LA_E_8502490.flac,11
/data/DATASETS/ASV_Spoof_2019_LA/ASVspoof2019_LA_eval/flac/LA_E_8503346.flac,11
/data/DATASETS/ASV_Spoof_2019_LA/ASVspoof2019_LA_eval/flac/LA_E_8504302.flac,11
/data/DATASETS/ASV_Spoof_2019_LA/ASVspoof2019_LA_eval/flac/LA_E_8504989.flac,11
/data/DATASETS/ASV_Spoof_2019_LA/ASVspoof2019_LA_eval/flac/LA_E_8506687.flac,11
/data/DATASETS/ASV_Spoof_2019_LA/ASVspoof2019_LA_eval/flac/LA_E_8506943.flac,11
/data/DATASETS/ASV_Spoof_2019_LA/ASVspoof2019_LA_eval/flac/LA_E_8509520.flac,11
/data/DATASETS/ASV_Spoof_2019_LA/ASVspoof2019_LA_eval/flac/LA_E_8513518.flac,11
/data/DATASETS/ASV_Spoof_2019_LA/ASVspoof2019_LA_eval/flac/LA_E_8516126.flac,11
/data/DATASETS/ASV_Spoof_2019_LA/ASVspoof2019_LA_eval/flac/LA_E_8517030.flac,11
/data/DATASETS/ASV_Spoof_2019_LA/ASVspoof2019_LA_eval/flac/LA_E_8521970.flac,11
/data/DATASETS/ASV_Spoof_2019_LA/ASVspoof2019_LA_eval/flac/LA_E_8522660.flac,11
/data/DATASETS/ASV_Spoof_2019_LA/ASVspoof2019_LA_eval/flac/LA_E_8523641.flac,11
/data/DATASETS/ASV_Spoof_2019_LA/ASVspoof2019_LA_eval/flac/LA_E_8525743.flac,11
/data/DATASETS/ASV_Spoof_2019_LA/ASVspoof2019_LA_eval/flac/LA_E_8533041.flac,11
/data/DATASETS/ASV_Spoof_2019_LA/ASVspoof2019_LA_eval/flac/LA_E_8533155.flac,11
/data/DATASETS/ASV_Spoof_2019_LA/ASVspoof2019_LA_eval/flac/LA_E_8534721.flac,11
/data/DATASETS/ASV_Spoof_2019_LA/ASVspoof2019_LA_eval/flac/LA_E_8534824.flac,11
/data/DATASETS/ASV_Spoof_2019_LA/ASVspoof2019_LA_eval/flac/LA_E_8543136.flac,11
/data/DATASETS/ASV_Spoof_2019_LA/ASVspoof2019_LA_eval/flac/LA_E_8545192.flac,11
/data/DATASETS/ASV_Spoof_2019_LA/ASVspoof2019_LA_eval/flac/LA_E_8547229.flac,11
/data/DATASETS/ASV_Spoof_2019_LA/ASVspoof2019_LA_eval/flac/LA_E_8550589.flac,11
/data/DATASETS/ASV_Spoof_2019_LA/ASVspoof2019_LA_eval/flac/LA_E_8550773.flac,11
/data/DATASETS/ASV_Spoof_2019_LA/ASVspoof2019_LA_eval/flac/LA_E_8554010.flac,11
/data/DATASETS/ASV_Spoof_2019_LA/ASVspoof2019_LA_eval/flac/LA_E_8557549.flac,11
/data/DATASETS/ASV_Spoof_2019_LA/ASVspoof2019_LA_eval/flac/LA_E_8559372.flac,11
/data/DATASETS/ASV_Spoof_2019_LA/ASVspoof2019_LA_eval/flac/LA_E_8559809.flac,11
/data/DATASETS/ASV_Spoof_2019_LA/ASVspoof2019_LA_eval/flac/LA_E_8567649.flac,11
/data/DATASETS/ASV_Spoof_2019_LA/ASVspoof2019_LA_eval/flac/LA_E_8568727.flac,11
/data/DATASETS/ASV_Spoof_2019_LA/ASVspoof2019_LA_eval/flac/LA_E_8570308.flac,11
/data/DATASETS/ASV_Spoof_2019_LA/ASVspoof2019_LA_eval/flac/LA_E_8575265.flac,11
/data/DATASETS/ASV_Spoof_2019_LA/ASVspoof2019_LA_eval/flac/LA_E_8576017.flac,11
/data/DATASETS/ASV_Spoof_2019_LA/ASVspoof2019_LA_eval/flac/LA_E_8576082.flac,11
/data/DATASETS/ASV_Spoof_2019_LA/ASVspoof2019_LA_eval/flac/LA_E_8579079.flac,11
/data/DATASETS/ASV_Spoof_2019_LA/ASVspoof2019_LA_eval/flac/LA_E_8579081.flac,11
/data/DATASETS/ASV_Spoof_2019_LA/ASVspoof2019_LA_eval/flac/LA_E_8581819.flac,11
/data/DATASETS/ASV_Spoof_2019_LA/ASVspoof2019_LA_eval/flac/LA_E_8582339.flac,11
/data/DATASETS/ASV_Spoof_2019_LA/ASVspoof2019_LA_eval/flac/LA_E_8588666.flac,11
/data/DATASETS/ASV_Spoof_2019_LA/ASVspoof2019_LA_eval/flac/LA_E_8589139.flac,11
/data/DATASETS/ASV_Spoof_2019_LA/ASVspoof2019_LA_eval/flac/LA_E_8596660.flac,11
/data/DATASETS/ASV_Spoof_2019_LA/ASVspoof2019_LA_eval/flac/LA_E_8596713.flac,11
/data/DATASETS/ASV_Spoof_2019_LA/ASVspoof2019_LA_eval/flac/LA_E_8597068.flac,11
/data/DATASETS/ASV_Spoof_2019_LA/ASVspoof2019_LA_eval/flac/LA_E_8597587.flac,11
/data/DATASETS/ASV_Spoof_2019_LA/ASVspoof2019_LA_eval/flac/LA_E_8600046.flac,11
/data/DATASETS/ASV_Spoof_2019_LA/ASVspoof2019_LA_eval/flac/LA_E_8600480.flac,11
/data/DATASETS/ASV_Spoof_2019_LA/ASVspoof2019_LA_eval/flac/LA_E_8600517.flac,11
/data/DATASETS/ASV_Spoof_2019_LA/ASVspoof2019_LA_eval/flac/LA_E_8602852.flac,11
/data/DATASETS/ASV_Spoof_2019_LA/ASVspoof2019_LA_eval/flac/LA_E_8604636.flac,11
/data/DATASETS/ASV_Spoof_2019_LA/ASVspoof2019_LA_eval/flac/LA_E_8605850.flac,11
/data/DATASETS/ASV_Spoof_2019_LA/ASVspoof2019_LA_eval/flac/LA_E_8609077.flac,11
/data/DATASETS/ASV_Spoof_2019_LA/ASVspoof2019_LA_eval/flac/LA_E_8611289.flac,11
/data/DATASETS/ASV_Spoof_2019_LA/ASVspoof2019_LA_eval/flac/LA_E_8612626.flac,11
/data/DATASETS/ASV_Spoof_2019_LA/ASVspoof2019_LA_eval/flac/LA_E_8612992.flac,11
/data/DATASETS/ASV_Spoof_2019_LA/ASVspoof2019_LA_eval/flac/LA_E_8613625.flac,11
/data/DATASETS/ASV_Spoof_2019_LA/ASVspoof2019_LA_eval/flac/LA_E_8614578.flac,11
/data/DATASETS/ASV_Spoof_2019_LA/ASVspoof2019_LA_eval/flac/LA_E_8616512.flac,11
/data/DATASETS/ASV_Spoof_2019_LA/ASVspoof2019_LA_eval/flac/LA_E_8618528.flac,11
/data/DATASETS/ASV_Spoof_2019_LA/ASVspoof2019_LA_eval/flac/LA_E_8620851.flac,11
/data/DATASETS/ASV_Spoof_2019_LA/ASVspoof2019_LA_eval/flac/LA_E_8622693.flac,11
/data/DATASETS/ASV_Spoof_2019_LA/ASVspoof2019_LA_eval/flac/LA_E_8623344.flac,11
/data/DATASETS/ASV_Spoof_2019_LA/ASVspoof2019_LA_eval/flac/LA_E_8624225.flac,11
/data/DATASETS/ASV_Spoof_2019_LA/ASVspoof2019_LA_eval/flac/LA_E_8628078.flac,11
/data/DATASETS/ASV_Spoof_2019_LA/ASVspoof2019_LA_eval/flac/LA_E_8629604.flac,11
/data/DATASETS/ASV_Spoof_2019_LA/ASVspoof2019_LA_eval/flac/LA_E_8633987.flac,11
/data/DATASETS/ASV_Spoof_2019_LA/ASVspoof2019_LA_eval/flac/LA_E_8634472.flac,11
/data/DATASETS/ASV_Spoof_2019_LA/ASVspoof2019_LA_eval/flac/LA_E_8635154.flac,11
/data/DATASETS/ASV_Spoof_2019_LA/ASVspoof2019_LA_eval/flac/LA_E_8636245.flac,11
/data/DATASETS/ASV_Spoof_2019_LA/ASVspoof2019_LA_eval/flac/LA_E_8637783.flac,11
/data/DATASETS/ASV_Spoof_2019_LA/ASVspoof2019_LA_eval/flac/LA_E_8638974.flac,11
/data/DATASETS/ASV_Spoof_2019_LA/ASVspoof2019_LA_eval/flac/LA_E_8639644.flac,11
/data/DATASETS/ASV_Spoof_2019_LA/ASVspoof2019_LA_eval/flac/LA_E_8640118.flac,11
/data/DATASETS/ASV_Spoof_2019_LA/ASVspoof2019_LA_eval/flac/LA_E_8640778.flac,11
/data/DATASETS/ASV_Spoof_2019_LA/ASVspoof2019_LA_eval/flac/LA_E_8643865.flac,11
/data/DATASETS/ASV_Spoof_2019_LA/ASVspoof2019_LA_eval/flac/LA_E_8650808.flac,11
/data/DATASETS/ASV_Spoof_2019_LA/ASVspoof2019_LA_eval/flac/LA_E_8652550.flac,11
/data/DATASETS/ASV_Spoof_2019_LA/ASVspoof2019_LA_eval/flac/LA_E_8653391.flac,11
/data/DATASETS/ASV_Spoof_2019_LA/ASVspoof2019_LA_eval/flac/LA_E_8654069.flac,11
/data/DATASETS/ASV_Spoof_2019_LA/ASVspoof2019_LA_eval/flac/LA_E_8657380.flac,11
/data/DATASETS/ASV_Spoof_2019_LA/ASVspoof2019_LA_eval/flac/LA_E_8657636.flac,11
/data/DATASETS/ASV_Spoof_2019_LA/ASVspoof2019_LA_eval/flac/LA_E_8658159.flac,11
/data/DATASETS/ASV_Spoof_2019_LA/ASVspoof2019_LA_eval/flac/LA_E_8662832.flac,11
/data/DATASETS/ASV_Spoof_2019_LA/ASVspoof2019_LA_eval/flac/LA_E_8663716.flac,11
/data/DATASETS/ASV_Spoof_2019_LA/ASVspoof2019_LA_eval/flac/LA_E_8665317.flac,11
/data/DATASETS/ASV_Spoof_2019_LA/ASVspoof2019_LA_eval/flac/LA_E_8669357.flac,11
/data/DATASETS/ASV_Spoof_2019_LA/ASVspoof2019_LA_eval/flac/LA_E_8671688.flac,11
/data/DATASETS/ASV_Spoof_2019_LA/ASVspoof2019_LA_eval/flac/LA_E_8673065.flac,11
/data/DATASETS/ASV_Spoof_2019_LA/ASVspoof2019_LA_eval/flac/LA_E_8673335.flac,11
/data/DATASETS/ASV_Spoof_2019_LA/ASVspoof2019_LA_eval/flac/LA_E_8673885.flac,11
/data/DATASETS/ASV_Spoof_2019_LA/ASVspoof2019_LA_eval/flac/LA_E_8675787.flac,11
/data/DATASETS/ASV_Spoof_2019_LA/ASVspoof2019_LA_eval/flac/LA_E_8676807.flac,11
/data/DATASETS/ASV_Spoof_2019_LA/ASVspoof2019_LA_eval/flac/LA_E_8678282.flac,11
/data/DATASETS/ASV_Spoof_2019_LA/ASVspoof2019_LA_eval/flac/LA_E_8682855.flac,11
/data/DATASETS/ASV_Spoof_2019_LA/ASVspoof2019_LA_eval/flac/LA_E_8684088.flac,11
/data/DATASETS/ASV_Spoof_2019_LA/ASVspoof2019_LA_eval/flac/LA_E_8686272.flac,11
/data/DATASETS/ASV_Spoof_2019_LA/ASVspoof2019_LA_eval/flac/LA_E_8687862.flac,11
/data/DATASETS/ASV_Spoof_2019_LA/ASVspoof2019_LA_eval/flac/LA_E_8690520.flac,11
/data/DATASETS/ASV_Spoof_2019_LA/ASVspoof2019_LA_eval/flac/LA_E_8692637.flac,11
/data/DATASETS/ASV_Spoof_2019_LA/ASVspoof2019_LA_eval/flac/LA_E_8693775.flac,11
/data/DATASETS/ASV_Spoof_2019_LA/ASVspoof2019_LA_eval/flac/LA_E_8700691.flac,11
/data/DATASETS/ASV_Spoof_2019_LA/ASVspoof2019_LA_eval/flac/LA_E_8703096.flac,11
/data/DATASETS/ASV_Spoof_2019_LA/ASVspoof2019_LA_eval/flac/LA_E_8703993.flac,11
/data/DATASETS/ASV_Spoof_2019_LA/ASVspoof2019_LA_eval/flac/LA_E_8705118.flac,11
/data/DATASETS/ASV_Spoof_2019_LA/ASVspoof2019_LA_eval/flac/LA_E_8707597.flac,11
/data/DATASETS/ASV_Spoof_2019_LA/ASVspoof2019_LA_eval/flac/LA_E_8710170.flac,11
/data/DATASETS/ASV_Spoof_2019_LA/ASVspoof2019_LA_eval/flac/LA_E_8711370.flac,11
/data/DATASETS/ASV_Spoof_2019_LA/ASVspoof2019_LA_eval/flac/LA_E_8713009.flac,11
/data/DATASETS/ASV_Spoof_2019_LA/ASVspoof2019_LA_eval/flac/LA_E_8720501.flac,11
/data/DATASETS/ASV_Spoof_2019_LA/ASVspoof2019_LA_eval/flac/LA_E_8722303.flac,11
/data/DATASETS/ASV_Spoof_2019_LA/ASVspoof2019_LA_eval/flac/LA_E_8723591.flac,11
/data/DATASETS/ASV_Spoof_2019_LA/ASVspoof2019_LA_eval/flac/LA_E_8726924.flac,11
/data/DATASETS/ASV_Spoof_2019_LA/ASVspoof2019_LA_eval/flac/LA_E_8734236.flac,11
/data/DATASETS/ASV_Spoof_2019_LA/ASVspoof2019_LA_eval/flac/LA_E_8734370.flac,11
/data/DATASETS/ASV_Spoof_2019_LA/ASVspoof2019_LA_eval/flac/LA_E_8735934.flac,11
/data/DATASETS/ASV_Spoof_2019_LA/ASVspoof2019_LA_eval/flac/LA_E_8738661.flac,11
/data/DATASETS/ASV_Spoof_2019_LA/ASVspoof2019_LA_eval/flac/LA_E_8740168.flac,11
/data/DATASETS/ASV_Spoof_2019_LA/ASVspoof2019_LA_eval/flac/LA_E_8740998.flac,11
/data/DATASETS/ASV_Spoof_2019_LA/ASVspoof2019_LA_eval/flac/LA_E_8741275.flac,11
/data/DATASETS/ASV_Spoof_2019_LA/ASVspoof2019_LA_eval/flac/LA_E_8742040.flac,11
/data/DATASETS/ASV_Spoof_2019_LA/ASVspoof2019_LA_eval/flac/LA_E_8742757.flac,11
/data/DATASETS/ASV_Spoof_2019_LA/ASVspoof2019_LA_eval/flac/LA_E_8743195.flac,11
/data/DATASETS/ASV_Spoof_2019_LA/ASVspoof2019_LA_eval/flac/LA_E_8744971.flac,11
/data/DATASETS/ASV_Spoof_2019_LA/ASVspoof2019_LA_eval/flac/LA_E_8745230.flac,11
/data/DATASETS/ASV_Spoof_2019_LA/ASVspoof2019_LA_eval/flac/LA_E_8745321.flac,11
/data/DATASETS/ASV_Spoof_2019_LA/ASVspoof2019_LA_eval/flac/LA_E_8747235.flac,11
/data/DATASETS/ASV_Spoof_2019_LA/ASVspoof2019_LA_eval/flac/LA_E_8748321.flac,11
/data/DATASETS/ASV_Spoof_2019_LA/ASVspoof2019_LA_eval/flac/LA_E_8748658.flac,11
/data/DATASETS/ASV_Spoof_2019_LA/ASVspoof2019_LA_eval/flac/LA_E_8751714.flac,11
/data/DATASETS/ASV_Spoof_2019_LA/ASVspoof2019_LA_eval/flac/LA_E_8757493.flac,11
/data/DATASETS/ASV_Spoof_2019_LA/ASVspoof2019_LA_eval/flac/LA_E_8758360.flac,11
/data/DATASETS/ASV_Spoof_2019_LA/ASVspoof2019_LA_eval/flac/LA_E_8758886.flac,11
/data/DATASETS/ASV_Spoof_2019_LA/ASVspoof2019_LA_eval/flac/LA_E_8759065.flac,11
/data/DATASETS/ASV_Spoof_2019_LA/ASVspoof2019_LA_eval/flac/LA_E_8760987.flac,11
/data/DATASETS/ASV_Spoof_2019_LA/ASVspoof2019_LA_eval/flac/LA_E_8763620.flac,11
/data/DATASETS/ASV_Spoof_2019_LA/ASVspoof2019_LA_eval/flac/LA_E_8763778.flac,11
/data/DATASETS/ASV_Spoof_2019_LA/ASVspoof2019_LA_eval/flac/LA_E_8764201.flac,11
/data/DATASETS/ASV_Spoof_2019_LA/ASVspoof2019_LA_eval/flac/LA_E_8764497.flac,11
/data/DATASETS/ASV_Spoof_2019_LA/ASVspoof2019_LA_eval/flac/LA_E_8764574.flac,11
/data/DATASETS/ASV_Spoof_2019_LA/ASVspoof2019_LA_eval/flac/LA_E_8764862.flac,11
/data/DATASETS/ASV_Spoof_2019_LA/ASVspoof2019_LA_eval/flac/LA_E_8769405.flac,11
/data/DATASETS/ASV_Spoof_2019_LA/ASVspoof2019_LA_eval/flac/LA_E_8770170.flac,11
/data/DATASETS/ASV_Spoof_2019_LA/ASVspoof2019_LA_eval/flac/LA_E_8772024.flac,11
/data/DATASETS/ASV_Spoof_2019_LA/ASVspoof2019_LA_eval/flac/LA_E_8773823.flac,11
/data/DATASETS/ASV_Spoof_2019_LA/ASVspoof2019_LA_eval/flac/LA_E_8775168.flac,11
/data/DATASETS/ASV_Spoof_2019_LA/ASVspoof2019_LA_eval/flac/LA_E_8775384.flac,11
/data/DATASETS/ASV_Spoof_2019_LA/ASVspoof2019_LA_eval/flac/LA_E_8776213.flac,11
/data/DATASETS/ASV_Spoof_2019_LA/ASVspoof2019_LA_eval/flac/LA_E_8777926.flac,11
/data/DATASETS/ASV_Spoof_2019_LA/ASVspoof2019_LA_eval/flac/LA_E_8778067.flac,11
/data/DATASETS/ASV_Spoof_2019_LA/ASVspoof2019_LA_eval/flac/LA_E_8779496.flac,11
/data/DATASETS/ASV_Spoof_2019_LA/ASVspoof2019_LA_eval/flac/LA_E_8780921.flac,11
/data/DATASETS/ASV_Spoof_2019_LA/ASVspoof2019_LA_eval/flac/LA_E_8785605.flac,11
/data/DATASETS/ASV_Spoof_2019_LA/ASVspoof2019_LA_eval/flac/LA_E_8787106.flac,11
/data/DATASETS/ASV_Spoof_2019_LA/ASVspoof2019_LA_eval/flac/LA_E_8788946.flac,11
/data/DATASETS/ASV_Spoof_2019_LA/ASVspoof2019_LA_eval/flac/LA_E_8800376.flac,11
/data/DATASETS/ASV_Spoof_2019_LA/ASVspoof2019_LA_eval/flac/LA_E_8801239.flac,11
/data/DATASETS/ASV_Spoof_2019_LA/ASVspoof2019_LA_eval/flac/LA_E_8802309.flac,11
/data/DATASETS/ASV_Spoof_2019_LA/ASVspoof2019_LA_eval/flac/LA_E_8804824.flac,11
/data/DATASETS/ASV_Spoof_2019_LA/ASVspoof2019_LA_eval/flac/LA_E_8807631.flac,11
/data/DATASETS/ASV_Spoof_2019_LA/ASVspoof2019_LA_eval/flac/LA_E_8809056.flac,11
/data/DATASETS/ASV_Spoof_2019_LA/ASVspoof2019_LA_eval/flac/LA_E_8810543.flac,11
/data/DATASETS/ASV_Spoof_2019_LA/ASVspoof2019_LA_eval/flac/LA_E_8811763.flac,11
/data/DATASETS/ASV_Spoof_2019_LA/ASVspoof2019_LA_eval/flac/LA_E_8816099.flac,11
/data/DATASETS/ASV_Spoof_2019_LA/ASVspoof2019_LA_eval/flac/LA_E_8816717.flac,11
/data/DATASETS/ASV_Spoof_2019_LA/ASVspoof2019_LA_eval/flac/LA_E_8817350.flac,11
/data/DATASETS/ASV_Spoof_2019_LA/ASVspoof2019_LA_eval/flac/LA_E_8818423.flac,11
/data/DATASETS/ASV_Spoof_2019_LA/ASVspoof2019_LA_eval/flac/LA_E_8821978.flac,11
/data/DATASETS/ASV_Spoof_2019_LA/ASVspoof2019_LA_eval/flac/LA_E_8822188.flac,11
/data/DATASETS/ASV_Spoof_2019_LA/ASVspoof2019_LA_eval/flac/LA_E_8822978.flac,11
/data/DATASETS/ASV_Spoof_2019_LA/ASVspoof2019_LA_eval/flac/LA_E_8825224.flac,11
/data/DATASETS/ASV_Spoof_2019_LA/ASVspoof2019_LA_eval/flac/LA_E_8825450.flac,11
/data/DATASETS/ASV_Spoof_2019_LA/ASVspoof2019_LA_eval/flac/LA_E_8830930.flac,11
/data/DATASETS/ASV_Spoof_2019_LA/ASVspoof2019_LA_eval/flac/LA_E_8831209.flac,11
/data/DATASETS/ASV_Spoof_2019_LA/ASVspoof2019_LA_eval/flac/LA_E_8831392.flac,11
/data/DATASETS/ASV_Spoof_2019_LA/ASVspoof2019_LA_eval/flac/LA_E_8835334.flac,11
/data/DATASETS/ASV_Spoof_2019_LA/ASVspoof2019_LA_eval/flac/LA_E_8835527.flac,11
/data/DATASETS/ASV_Spoof_2019_LA/ASVspoof2019_LA_eval/flac/LA_E_8842796.flac,11
/data/DATASETS/ASV_Spoof_2019_LA/ASVspoof2019_LA_eval/flac/LA_E_8842998.flac,11
/data/DATASETS/ASV_Spoof_2019_LA/ASVspoof2019_LA_eval/flac/LA_E_8843025.flac,11
/data/DATASETS/ASV_Spoof_2019_LA/ASVspoof2019_LA_eval/flac/LA_E_8845776.flac,11
/data/DATASETS/ASV_Spoof_2019_LA/ASVspoof2019_LA_eval/flac/LA_E_8846737.flac,11
/data/DATASETS/ASV_Spoof_2019_LA/ASVspoof2019_LA_eval/flac/LA_E_8852075.flac,11
/data/DATASETS/ASV_Spoof_2019_LA/ASVspoof2019_LA_eval/flac/LA_E_8852955.flac,11
/data/DATASETS/ASV_Spoof_2019_LA/ASVspoof2019_LA_eval/flac/LA_E_8854597.flac,11
/data/DATASETS/ASV_Spoof_2019_LA/ASVspoof2019_LA_eval/flac/LA_E_8856957.flac,11
/data/DATASETS/ASV_Spoof_2019_LA/ASVspoof2019_LA_eval/flac/LA_E_8858202.flac,11
/data/DATASETS/ASV_Spoof_2019_LA/ASVspoof2019_LA_eval/flac/LA_E_8858790.flac,11
/data/DATASETS/ASV_Spoof_2019_LA/ASVspoof2019_LA_eval/flac/LA_E_8862631.flac,11
/data/DATASETS/ASV_Spoof_2019_LA/ASVspoof2019_LA_eval/flac/LA_E_8863857.flac,11
/data/DATASETS/ASV_Spoof_2019_LA/ASVspoof2019_LA_eval/flac/LA_E_8864060.flac,11
/data/DATASETS/ASV_Spoof_2019_LA/ASVspoof2019_LA_eval/flac/LA_E_8864124.flac,11
/data/DATASETS/ASV_Spoof_2019_LA/ASVspoof2019_LA_eval/flac/LA_E_8866123.flac,11
/data/DATASETS/ASV_Spoof_2019_LA/ASVspoof2019_LA_eval/flac/LA_E_8866717.flac,11
/data/DATASETS/ASV_Spoof_2019_LA/ASVspoof2019_LA_eval/flac/LA_E_8871577.flac,11
/data/DATASETS/ASV_Spoof_2019_LA/ASVspoof2019_LA_eval/flac/LA_E_8873231.flac,11
/data/DATASETS/ASV_Spoof_2019_LA/ASVspoof2019_LA_eval/flac/LA_E_8873952.flac,11
/data/DATASETS/ASV_Spoof_2019_LA/ASVspoof2019_LA_eval/flac/LA_E_8881339.flac,11
/data/DATASETS/ASV_Spoof_2019_LA/ASVspoof2019_LA_eval/flac/LA_E_8881360.flac,11
/data/DATASETS/ASV_Spoof_2019_LA/ASVspoof2019_LA_eval/flac/LA_E_8882863.flac,11
/data/DATASETS/ASV_Spoof_2019_LA/ASVspoof2019_LA_eval/flac/LA_E_8883721.flac,11
/data/DATASETS/ASV_Spoof_2019_LA/ASVspoof2019_LA_eval/flac/LA_E_8884298.flac,11
/data/DATASETS/ASV_Spoof_2019_LA/ASVspoof2019_LA_eval/flac/LA_E_8886551.flac,11
/data/DATASETS/ASV_Spoof_2019_LA/ASVspoof2019_LA_eval/flac/LA_E_8887529.flac,11
/data/DATASETS/ASV_Spoof_2019_LA/ASVspoof2019_LA_eval/flac/LA_E_8888149.flac,11
/data/DATASETS/ASV_Spoof_2019_LA/ASVspoof2019_LA_eval/flac/LA_E_8890185.flac,11
/data/DATASETS/ASV_Spoof_2019_LA/ASVspoof2019_LA_eval/flac/LA_E_8892125.flac,11
/data/DATASETS/ASV_Spoof_2019_LA/ASVspoof2019_LA_eval/flac/LA_E_8895283.flac,11
/data/DATASETS/ASV_Spoof_2019_LA/ASVspoof2019_LA_eval/flac/LA_E_8897901.flac,11
/data/DATASETS/ASV_Spoof_2019_LA/ASVspoof2019_LA_eval/flac/LA_E_8899663.flac,11
/data/DATASETS/ASV_Spoof_2019_LA/ASVspoof2019_LA_eval/flac/LA_E_8900952.flac,11
/data/DATASETS/ASV_Spoof_2019_LA/ASVspoof2019_LA_eval/flac/LA_E_8901715.flac,11
/data/DATASETS/ASV_Spoof_2019_LA/ASVspoof2019_LA_eval/flac/LA_E_8902863.flac,11
/data/DATASETS/ASV_Spoof_2019_LA/ASVspoof2019_LA_eval/flac/LA_E_8905044.flac,11
/data/DATASETS/ASV_Spoof_2019_LA/ASVspoof2019_LA_eval/flac/LA_E_8905232.flac,11
/data/DATASETS/ASV_Spoof_2019_LA/ASVspoof2019_LA_eval/flac/LA_E_8906806.flac,11
/data/DATASETS/ASV_Spoof_2019_LA/ASVspoof2019_LA_eval/flac/LA_E_8914355.flac,11
/data/DATASETS/ASV_Spoof_2019_LA/ASVspoof2019_LA_eval/flac/LA_E_8916320.flac,11
/data/DATASETS/ASV_Spoof_2019_LA/ASVspoof2019_LA_eval/flac/LA_E_8916473.flac,11
/data/DATASETS/ASV_Spoof_2019_LA/ASVspoof2019_LA_eval/flac/LA_E_8917718.flac,11
/data/DATASETS/ASV_Spoof_2019_LA/ASVspoof2019_LA_eval/flac/LA_E_8919464.flac,11
/data/DATASETS/ASV_Spoof_2019_LA/ASVspoof2019_LA_eval/flac/LA_E_8919513.flac,11
/data/DATASETS/ASV_Spoof_2019_LA/ASVspoof2019_LA_eval/flac/LA_E_8920783.flac,11
/data/DATASETS/ASV_Spoof_2019_LA/ASVspoof2019_LA_eval/flac/LA_E_8921333.flac,11
/data/DATASETS/ASV_Spoof_2019_LA/ASVspoof2019_LA_eval/flac/LA_E_8923451.flac,11
/data/DATASETS/ASV_Spoof_2019_LA/ASVspoof2019_LA_eval/flac/LA_E_8925243.flac,11
/data/DATASETS/ASV_Spoof_2019_LA/ASVspoof2019_LA_eval/flac/LA_E_8926262.flac,11
/data/DATASETS/ASV_Spoof_2019_LA/ASVspoof2019_LA_eval/flac/LA_E_8926894.flac,11
/data/DATASETS/ASV_Spoof_2019_LA/ASVspoof2019_LA_eval/flac/LA_E_8926932.flac,11
/data/DATASETS/ASV_Spoof_2019_LA/ASVspoof2019_LA_eval/flac/LA_E_8927216.flac,11
/data/DATASETS/ASV_Spoof_2019_LA/ASVspoof2019_LA_eval/flac/LA_E_8928094.flac,11
/data/DATASETS/ASV_Spoof_2019_LA/ASVspoof2019_LA_eval/flac/LA_E_8928771.flac,11
/data/DATASETS/ASV_Spoof_2019_LA/ASVspoof2019_LA_eval/flac/LA_E_8930600.flac,11
/data/DATASETS/ASV_Spoof_2019_LA/ASVspoof2019_LA_eval/flac/LA_E_8931265.flac,11
/data/DATASETS/ASV_Spoof_2019_LA/ASVspoof2019_LA_eval/flac/LA_E_8932581.flac,11
/data/DATASETS/ASV_Spoof_2019_LA/ASVspoof2019_LA_eval/flac/LA_E_8937483.flac,11
/data/DATASETS/ASV_Spoof_2019_LA/ASVspoof2019_LA_eval/flac/LA_E_8938513.flac,11
/data/DATASETS/ASV_Spoof_2019_LA/ASVspoof2019_LA_eval/flac/LA_E_8939043.flac,11
/data/DATASETS/ASV_Spoof_2019_LA/ASVspoof2019_LA_eval/flac/LA_E_8946256.flac,11
/data/DATASETS/ASV_Spoof_2019_LA/ASVspoof2019_LA_eval/flac/LA_E_8946700.flac,11
/data/DATASETS/ASV_Spoof_2019_LA/ASVspoof2019_LA_eval/flac/LA_E_8952347.flac,11
/data/DATASETS/ASV_Spoof_2019_LA/ASVspoof2019_LA_eval/flac/LA_E_8954147.flac,11
/data/DATASETS/ASV_Spoof_2019_LA/ASVspoof2019_LA_eval/flac/LA_E_8954276.flac,11
/data/DATASETS/ASV_Spoof_2019_LA/ASVspoof2019_LA_eval/flac/LA_E_8957950.flac,11
/data/DATASETS/ASV_Spoof_2019_LA/ASVspoof2019_LA_eval/flac/LA_E_8958056.flac,11
/data/DATASETS/ASV_Spoof_2019_LA/ASVspoof2019_LA_eval/flac/LA_E_8958080.flac,11
/data/DATASETS/ASV_Spoof_2019_LA/ASVspoof2019_LA_eval/flac/LA_E_8959588.flac,11
/data/DATASETS/ASV_Spoof_2019_LA/ASVspoof2019_LA_eval/flac/LA_E_8959668.flac,11
/data/DATASETS/ASV_Spoof_2019_LA/ASVspoof2019_LA_eval/flac/LA_E_8959807.flac,11
/data/DATASETS/ASV_Spoof_2019_LA/ASVspoof2019_LA_eval/flac/LA_E_8961296.flac,11
/data/DATASETS/ASV_Spoof_2019_LA/ASVspoof2019_LA_eval/flac/LA_E_8962661.flac,11
/data/DATASETS/ASV_Spoof_2019_LA/ASVspoof2019_LA_eval/flac/LA_E_8965782.flac,11
/data/DATASETS/ASV_Spoof_2019_LA/ASVspoof2019_LA_eval/flac/LA_E_8968369.flac,11
/data/DATASETS/ASV_Spoof_2019_LA/ASVspoof2019_LA_eval/flac/LA_E_8969571.flac,11
/data/DATASETS/ASV_Spoof_2019_LA/ASVspoof2019_LA_eval/flac/LA_E_8970947.flac,11
/data/DATASETS/ASV_Spoof_2019_LA/ASVspoof2019_LA_eval/flac/LA_E_8977454.flac,11
/data/DATASETS/ASV_Spoof_2019_LA/ASVspoof2019_LA_eval/flac/LA_E_8977471.flac,11
/data/DATASETS/ASV_Spoof_2019_LA/ASVspoof2019_LA_eval/flac/LA_E_8981377.flac,11
/data/DATASETS/ASV_Spoof_2019_LA/ASVspoof2019_LA_eval/flac/LA_E_8983754.flac,11
/data/DATASETS/ASV_Spoof_2019_LA/ASVspoof2019_LA_eval/flac/LA_E_8985539.flac,11
/data/DATASETS/ASV_Spoof_2019_LA/ASVspoof2019_LA_eval/flac/LA_E_8986275.flac,11
/data/DATASETS/ASV_Spoof_2019_LA/ASVspoof2019_LA_eval/flac/LA_E_8987760.flac,11
/data/DATASETS/ASV_Spoof_2019_LA/ASVspoof2019_LA_eval/flac/LA_E_8988233.flac,11
/data/DATASETS/ASV_Spoof_2019_LA/ASVspoof2019_LA_eval/flac/LA_E_8988451.flac,11
/data/DATASETS/ASV_Spoof_2019_LA/ASVspoof2019_LA_eval/flac/LA_E_8990426.flac,11
/data/DATASETS/ASV_Spoof_2019_LA/ASVspoof2019_LA_eval/flac/LA_E_8990720.flac,11
/data/DATASETS/ASV_Spoof_2019_LA/ASVspoof2019_LA_eval/flac/LA_E_8992107.flac,11
/data/DATASETS/ASV_Spoof_2019_LA/ASVspoof2019_LA_eval/flac/LA_E_8992463.flac,11
/data/DATASETS/ASV_Spoof_2019_LA/ASVspoof2019_LA_eval/flac/LA_E_8992933.flac,11
/data/DATASETS/ASV_Spoof_2019_LA/ASVspoof2019_LA_eval/flac/LA_E_8993346.flac,11
/data/DATASETS/ASV_Spoof_2019_LA/ASVspoof2019_LA_eval/flac/LA_E_8995957.flac,11
/data/DATASETS/ASV_Spoof_2019_LA/ASVspoof2019_LA_eval/flac/LA_E_8996240.flac,11
/data/DATASETS/ASV_Spoof_2019_LA/ASVspoof2019_LA_eval/flac/LA_E_8998492.flac,11
/data/DATASETS/ASV_Spoof_2019_LA/ASVspoof2019_LA_eval/flac/LA_E_9000621.flac,11
/data/DATASETS/ASV_Spoof_2019_LA/ASVspoof2019_LA_eval/flac/LA_E_9000811.flac,11
/data/DATASETS/ASV_Spoof_2019_LA/ASVspoof2019_LA_eval/flac/LA_E_9001141.flac,11
/data/DATASETS/ASV_Spoof_2019_LA/ASVspoof2019_LA_eval/flac/LA_E_9002576.flac,11
/data/DATASETS/ASV_Spoof_2019_LA/ASVspoof2019_LA_eval/flac/LA_E_9003748.flac,11
/data/DATASETS/ASV_Spoof_2019_LA/ASVspoof2019_LA_eval/flac/LA_E_9006092.flac,11
/data/DATASETS/ASV_Spoof_2019_LA/ASVspoof2019_LA_eval/flac/LA_E_9006109.flac,11
/data/DATASETS/ASV_Spoof_2019_LA/ASVspoof2019_LA_eval/flac/LA_E_9009104.flac,11
/data/DATASETS/ASV_Spoof_2019_LA/ASVspoof2019_LA_eval/flac/LA_E_9011123.flac,11
/data/DATASETS/ASV_Spoof_2019_LA/ASVspoof2019_LA_eval/flac/LA_E_9011787.flac,11
/data/DATASETS/ASV_Spoof_2019_LA/ASVspoof2019_LA_eval/flac/LA_E_9013175.flac,11
/data/DATASETS/ASV_Spoof_2019_LA/ASVspoof2019_LA_eval/flac/LA_E_9016505.flac,11
/data/DATASETS/ASV_Spoof_2019_LA/ASVspoof2019_LA_eval/flac/LA_E_9018331.flac,11
/data/DATASETS/ASV_Spoof_2019_LA/ASVspoof2019_LA_eval/flac/LA_E_9019718.flac,11
/data/DATASETS/ASV_Spoof_2019_LA/ASVspoof2019_LA_eval/flac/LA_E_9020110.flac,11
/data/DATASETS/ASV_Spoof_2019_LA/ASVspoof2019_LA_eval/flac/LA_E_9022318.flac,11
/data/DATASETS/ASV_Spoof_2019_LA/ASVspoof2019_LA_eval/flac/LA_E_9022467.flac,11
/data/DATASETS/ASV_Spoof_2019_LA/ASVspoof2019_LA_eval/flac/LA_E_9022850.flac,11
/data/DATASETS/ASV_Spoof_2019_LA/ASVspoof2019_LA_eval/flac/LA_E_9023086.flac,11
/data/DATASETS/ASV_Spoof_2019_LA/ASVspoof2019_LA_eval/flac/LA_E_9023686.flac,11
/data/DATASETS/ASV_Spoof_2019_LA/ASVspoof2019_LA_eval/flac/LA_E_9023832.flac,11
/data/DATASETS/ASV_Spoof_2019_LA/ASVspoof2019_LA_eval/flac/LA_E_9025260.flac,11
/data/DATASETS/ASV_Spoof_2019_LA/ASVspoof2019_LA_eval/flac/LA_E_9029763.flac,11
/data/DATASETS/ASV_Spoof_2019_LA/ASVspoof2019_LA_eval/flac/LA_E_9030634.flac,11
/data/DATASETS/ASV_Spoof_2019_LA/ASVspoof2019_LA_eval/flac/LA_E_9031652.flac,11
/data/DATASETS/ASV_Spoof_2019_LA/ASVspoof2019_LA_eval/flac/LA_E_9031912.flac,11
/data/DATASETS/ASV_Spoof_2019_LA/ASVspoof2019_LA_eval/flac/LA_E_9034343.flac,11
/data/DATASETS/ASV_Spoof_2019_LA/ASVspoof2019_LA_eval/flac/LA_E_9035512.flac,11
/data/DATASETS/ASV_Spoof_2019_LA/ASVspoof2019_LA_eval/flac/LA_E_9036092.flac,11
/data/DATASETS/ASV_Spoof_2019_LA/ASVspoof2019_LA_eval/flac/LA_E_9037900.flac,11
/data/DATASETS/ASV_Spoof_2019_LA/ASVspoof2019_LA_eval/flac/LA_E_9038355.flac,11
/data/DATASETS/ASV_Spoof_2019_LA/ASVspoof2019_LA_eval/flac/LA_E_9038536.flac,11
/data/DATASETS/ASV_Spoof_2019_LA/ASVspoof2019_LA_eval/flac/LA_E_9040489.flac,11
/data/DATASETS/ASV_Spoof_2019_LA/ASVspoof2019_LA_eval/flac/LA_E_9042830.flac,11
/data/DATASETS/ASV_Spoof_2019_LA/ASVspoof2019_LA_eval/flac/LA_E_9043484.flac,11
/data/DATASETS/ASV_Spoof_2019_LA/ASVspoof2019_LA_eval/flac/LA_E_9044222.flac,11
/data/DATASETS/ASV_Spoof_2019_LA/ASVspoof2019_LA_eval/flac/LA_E_9047976.flac,11
/data/DATASETS/ASV_Spoof_2019_LA/ASVspoof2019_LA_eval/flac/LA_E_9048750.flac,11
/data/DATASETS/ASV_Spoof_2019_LA/ASVspoof2019_LA_eval/flac/LA_E_9051697.flac,11
/data/DATASETS/ASV_Spoof_2019_LA/ASVspoof2019_LA_eval/flac/LA_E_9052510.flac,11
/data/DATASETS/ASV_Spoof_2019_LA/ASVspoof2019_LA_eval/flac/LA_E_9054673.flac,11
/data/DATASETS/ASV_Spoof_2019_LA/ASVspoof2019_LA_eval/flac/LA_E_9056763.flac,11
/data/DATASETS/ASV_Spoof_2019_LA/ASVspoof2019_LA_eval/flac/LA_E_9059024.flac,11
/data/DATASETS/ASV_Spoof_2019_LA/ASVspoof2019_LA_eval/flac/LA_E_9059981.flac,11
/data/DATASETS/ASV_Spoof_2019_LA/ASVspoof2019_LA_eval/flac/LA_E_9060101.flac,11
/data/DATASETS/ASV_Spoof_2019_LA/ASVspoof2019_LA_eval/flac/LA_E_9061647.flac,11
/data/DATASETS/ASV_Spoof_2019_LA/ASVspoof2019_LA_eval/flac/LA_E_9061699.flac,11
/data/DATASETS/ASV_Spoof_2019_LA/ASVspoof2019_LA_eval/flac/LA_E_9064152.flac,11
/data/DATASETS/ASV_Spoof_2019_LA/ASVspoof2019_LA_eval/flac/LA_E_9065669.flac,11
/data/DATASETS/ASV_Spoof_2019_LA/ASVspoof2019_LA_eval/flac/LA_E_9067794.flac,11
/data/DATASETS/ASV_Spoof_2019_LA/ASVspoof2019_LA_eval/flac/LA_E_9072496.flac,11
/data/DATASETS/ASV_Spoof_2019_LA/ASVspoof2019_LA_eval/flac/LA_E_9074575.flac,11
/data/DATASETS/ASV_Spoof_2019_LA/ASVspoof2019_LA_eval/flac/LA_E_9074840.flac,11
/data/DATASETS/ASV_Spoof_2019_LA/ASVspoof2019_LA_eval/flac/LA_E_9076919.flac,11
/data/DATASETS/ASV_Spoof_2019_LA/ASVspoof2019_LA_eval/flac/LA_E_9083015.flac,11
/data/DATASETS/ASV_Spoof_2019_LA/ASVspoof2019_LA_eval/flac/LA_E_9083877.flac,11
/data/DATASETS/ASV_Spoof_2019_LA/ASVspoof2019_LA_eval/flac/LA_E_9084149.flac,11
/data/DATASETS/ASV_Spoof_2019_LA/ASVspoof2019_LA_eval/flac/LA_E_9086747.flac,11
/data/DATASETS/ASV_Spoof_2019_LA/ASVspoof2019_LA_eval/flac/LA_E_9088851.flac,11
/data/DATASETS/ASV_Spoof_2019_LA/ASVspoof2019_LA_eval/flac/LA_E_9089169.flac,11
/data/DATASETS/ASV_Spoof_2019_LA/ASVspoof2019_LA_eval/flac/LA_E_9089386.flac,11
/data/DATASETS/ASV_Spoof_2019_LA/ASVspoof2019_LA_eval/flac/LA_E_9090215.flac,11
/data/DATASETS/ASV_Spoof_2019_LA/ASVspoof2019_LA_eval/flac/LA_E_9090642.flac,11
/data/DATASETS/ASV_Spoof_2019_LA/ASVspoof2019_LA_eval/flac/LA_E_9090831.flac,11
/data/DATASETS/ASV_Spoof_2019_LA/ASVspoof2019_LA_eval/flac/LA_E_9092053.flac,11
/data/DATASETS/ASV_Spoof_2019_LA/ASVspoof2019_LA_eval/flac/LA_E_9093786.flac,11
/data/DATASETS/ASV_Spoof_2019_LA/ASVspoof2019_LA_eval/flac/LA_E_9094706.flac,11
/data/DATASETS/ASV_Spoof_2019_LA/ASVspoof2019_LA_eval/flac/LA_E_9094929.flac,11
/data/DATASETS/ASV_Spoof_2019_LA/ASVspoof2019_LA_eval/flac/LA_E_9094942.flac,11
/data/DATASETS/ASV_Spoof_2019_LA/ASVspoof2019_LA_eval/flac/LA_E_9095130.flac,11
/data/DATASETS/ASV_Spoof_2019_LA/ASVspoof2019_LA_eval/flac/LA_E_9096846.flac,11
/data/DATASETS/ASV_Spoof_2019_LA/ASVspoof2019_LA_eval/flac/LA_E_9097069.flac,11
/data/DATASETS/ASV_Spoof_2019_LA/ASVspoof2019_LA_eval/flac/LA_E_9097466.flac,11
/data/DATASETS/ASV_Spoof_2019_LA/ASVspoof2019_LA_eval/flac/LA_E_9097666.flac,11
/data/DATASETS/ASV_Spoof_2019_LA/ASVspoof2019_LA_eval/flac/LA_E_9097746.flac,11
/data/DATASETS/ASV_Spoof_2019_LA/ASVspoof2019_LA_eval/flac/LA_E_9099332.flac,11
/data/DATASETS/ASV_Spoof_2019_LA/ASVspoof2019_LA_eval/flac/LA_E_9099822.flac,11
/data/DATASETS/ASV_Spoof_2019_LA/ASVspoof2019_LA_eval/flac/LA_E_9102815.flac,11
/data/DATASETS/ASV_Spoof_2019_LA/ASVspoof2019_LA_eval/flac/LA_E_9104986.flac,11
/data/DATASETS/ASV_Spoof_2019_LA/ASVspoof2019_LA_eval/flac/LA_E_9108174.flac,11
/data/DATASETS/ASV_Spoof_2019_LA/ASVspoof2019_LA_eval/flac/LA_E_9110595.flac,11
/data/DATASETS/ASV_Spoof_2019_LA/ASVspoof2019_LA_eval/flac/LA_E_9115913.flac,11
/data/DATASETS/ASV_Spoof_2019_LA/ASVspoof2019_LA_eval/flac/LA_E_9117641.flac,11
/data/DATASETS/ASV_Spoof_2019_LA/ASVspoof2019_LA_eval/flac/LA_E_9118901.flac,11
/data/DATASETS/ASV_Spoof_2019_LA/ASVspoof2019_LA_eval/flac/LA_E_9119503.flac,11
/data/DATASETS/ASV_Spoof_2019_LA/ASVspoof2019_LA_eval/flac/LA_E_9120489.flac,11
/data/DATASETS/ASV_Spoof_2019_LA/ASVspoof2019_LA_eval/flac/LA_E_9120679.flac,11
/data/DATASETS/ASV_Spoof_2019_LA/ASVspoof2019_LA_eval/flac/LA_E_9121540.flac,11
/data/DATASETS/ASV_Spoof_2019_LA/ASVspoof2019_LA_eval/flac/LA_E_9123947.flac,11
/data/DATASETS/ASV_Spoof_2019_LA/ASVspoof2019_LA_eval/flac/LA_E_9129088.flac,11
/data/DATASETS/ASV_Spoof_2019_LA/ASVspoof2019_LA_eval/flac/LA_E_9129210.flac,11
/data/DATASETS/ASV_Spoof_2019_LA/ASVspoof2019_LA_eval/flac/LA_E_9129515.flac,11
/data/DATASETS/ASV_Spoof_2019_LA/ASVspoof2019_LA_eval/flac/LA_E_9131776.flac,11
/data/DATASETS/ASV_Spoof_2019_LA/ASVspoof2019_LA_eval/flac/LA_E_9132772.flac,11
/data/DATASETS/ASV_Spoof_2019_LA/ASVspoof2019_LA_eval/flac/LA_E_9133801.flac,11
/data/DATASETS/ASV_Spoof_2019_LA/ASVspoof2019_LA_eval/flac/LA_E_9134722.flac,11
/data/DATASETS/ASV_Spoof_2019_LA/ASVspoof2019_LA_eval/flac/LA_E_9138626.flac,11
/data/DATASETS/ASV_Spoof_2019_LA/ASVspoof2019_LA_eval/flac/LA_E_9144375.flac,11
/data/DATASETS/ASV_Spoof_2019_LA/ASVspoof2019_LA_eval/flac/LA_E_9145765.flac,11
/data/DATASETS/ASV_Spoof_2019_LA/ASVspoof2019_LA_eval/flac/LA_E_9147007.flac,11
/data/DATASETS/ASV_Spoof_2019_LA/ASVspoof2019_LA_eval/flac/LA_E_9149150.flac,11
/data/DATASETS/ASV_Spoof_2019_LA/ASVspoof2019_LA_eval/flac/LA_E_9150155.flac,11
/data/DATASETS/ASV_Spoof_2019_LA/ASVspoof2019_LA_eval/flac/LA_E_9154770.flac,11
/data/DATASETS/ASV_Spoof_2019_LA/ASVspoof2019_LA_eval/flac/LA_E_9154799.flac,11
/data/DATASETS/ASV_Spoof_2019_LA/ASVspoof2019_LA_eval/flac/LA_E_9155975.flac,11
/data/DATASETS/ASV_Spoof_2019_LA/ASVspoof2019_LA_eval/flac/LA_E_9157639.flac,11
/data/DATASETS/ASV_Spoof_2019_LA/ASVspoof2019_LA_eval/flac/LA_E_9159289.flac,11
/data/DATASETS/ASV_Spoof_2019_LA/ASVspoof2019_LA_eval/flac/LA_E_9159551.flac,11
/data/DATASETS/ASV_Spoof_2019_LA/ASVspoof2019_LA_eval/flac/LA_E_9166326.flac,11
/data/DATASETS/ASV_Spoof_2019_LA/ASVspoof2019_LA_eval/flac/LA_E_9167177.flac,11
/data/DATASETS/ASV_Spoof_2019_LA/ASVspoof2019_LA_eval/flac/LA_E_9169016.flac,11
/data/DATASETS/ASV_Spoof_2019_LA/ASVspoof2019_LA_eval/flac/LA_E_9169022.flac,11
/data/DATASETS/ASV_Spoof_2019_LA/ASVspoof2019_LA_eval/flac/LA_E_9169228.flac,11
/data/DATASETS/ASV_Spoof_2019_LA/ASVspoof2019_LA_eval/flac/LA_E_9169395.flac,11
/data/DATASETS/ASV_Spoof_2019_LA/ASVspoof2019_LA_eval/flac/LA_E_9169644.flac,11
/data/DATASETS/ASV_Spoof_2019_LA/ASVspoof2019_LA_eval/flac/LA_E_9174704.flac,11
/data/DATASETS/ASV_Spoof_2019_LA/ASVspoof2019_LA_eval/flac/LA_E_9175208.flac,11
/data/DATASETS/ASV_Spoof_2019_LA/ASVspoof2019_LA_eval/flac/LA_E_9181211.flac,11
/data/DATASETS/ASV_Spoof_2019_LA/ASVspoof2019_LA_eval/flac/LA_E_9184768.flac,11
/data/DATASETS/ASV_Spoof_2019_LA/ASVspoof2019_LA_eval/flac/LA_E_9190333.flac,11
/data/DATASETS/ASV_Spoof_2019_LA/ASVspoof2019_LA_eval/flac/LA_E_9196818.flac,11
/data/DATASETS/ASV_Spoof_2019_LA/ASVspoof2019_LA_eval/flac/LA_E_9198027.flac,11
/data/DATASETS/ASV_Spoof_2019_LA/ASVspoof2019_LA_eval/flac/LA_E_9198298.flac,11
/data/DATASETS/ASV_Spoof_2019_LA/ASVspoof2019_LA_eval/flac/LA_E_9199108.flac,11
/data/DATASETS/ASV_Spoof_2019_LA/ASVspoof2019_LA_eval/flac/LA_E_9199481.flac,11
/data/DATASETS/ASV_Spoof_2019_LA/ASVspoof2019_LA_eval/flac/LA_E_9200165.flac,11
/data/DATASETS/ASV_Spoof_2019_LA/ASVspoof2019_LA_eval/flac/LA_E_9201563.flac,11
/data/DATASETS/ASV_Spoof_2019_LA/ASVspoof2019_LA_eval/flac/LA_E_9202380.flac,11
/data/DATASETS/ASV_Spoof_2019_LA/ASVspoof2019_LA_eval/flac/LA_E_9202945.flac,11
/data/DATASETS/ASV_Spoof_2019_LA/ASVspoof2019_LA_eval/flac/LA_E_9204004.flac,11
/data/DATASETS/ASV_Spoof_2019_LA/ASVspoof2019_LA_eval/flac/LA_E_9205434.flac,11
/data/DATASETS/ASV_Spoof_2019_LA/ASVspoof2019_LA_eval/flac/LA_E_9206530.flac,11
/data/DATASETS/ASV_Spoof_2019_LA/ASVspoof2019_LA_eval/flac/LA_E_9207104.flac,11
/data/DATASETS/ASV_Spoof_2019_LA/ASVspoof2019_LA_eval/flac/LA_E_9207612.flac,11
/data/DATASETS/ASV_Spoof_2019_LA/ASVspoof2019_LA_eval/flac/LA_E_9210978.flac,11
/data/DATASETS/ASV_Spoof_2019_LA/ASVspoof2019_LA_eval/flac/LA_E_9216954.flac,11
/data/DATASETS/ASV_Spoof_2019_LA/ASVspoof2019_LA_eval/flac/LA_E_9218588.flac,11
/data/DATASETS/ASV_Spoof_2019_LA/ASVspoof2019_LA_eval/flac/LA_E_9221798.flac,11
/data/DATASETS/ASV_Spoof_2019_LA/ASVspoof2019_LA_eval/flac/LA_E_9223167.flac,11
/data/DATASETS/ASV_Spoof_2019_LA/ASVspoof2019_LA_eval/flac/LA_E_9223583.flac,11
/data/DATASETS/ASV_Spoof_2019_LA/ASVspoof2019_LA_eval/flac/LA_E_9227322.flac,11
/data/DATASETS/ASV_Spoof_2019_LA/ASVspoof2019_LA_eval/flac/LA_E_9228699.flac,11
/data/DATASETS/ASV_Spoof_2019_LA/ASVspoof2019_LA_eval/flac/LA_E_9228992.flac,11
/data/DATASETS/ASV_Spoof_2019_LA/ASVspoof2019_LA_eval/flac/LA_E_9232004.flac,11
/data/DATASETS/ASV_Spoof_2019_LA/ASVspoof2019_LA_eval/flac/LA_E_9233616.flac,11
/data/DATASETS/ASV_Spoof_2019_LA/ASVspoof2019_LA_eval/flac/LA_E_9235052.flac,11
/data/DATASETS/ASV_Spoof_2019_LA/ASVspoof2019_LA_eval/flac/LA_E_9235942.flac,11
/data/DATASETS/ASV_Spoof_2019_LA/ASVspoof2019_LA_eval/flac/LA_E_9236598.flac,11
/data/DATASETS/ASV_Spoof_2019_LA/ASVspoof2019_LA_eval/flac/LA_E_9238216.flac,11
/data/DATASETS/ASV_Spoof_2019_LA/ASVspoof2019_LA_eval/flac/LA_E_9243013.flac,11
/data/DATASETS/ASV_Spoof_2019_LA/ASVspoof2019_LA_eval/flac/LA_E_9248075.flac,11
/data/DATASETS/ASV_Spoof_2019_LA/ASVspoof2019_LA_eval/flac/LA_E_9248423.flac,11
/data/DATASETS/ASV_Spoof_2019_LA/ASVspoof2019_LA_eval/flac/LA_E_9248657.flac,11
/data/DATASETS/ASV_Spoof_2019_LA/ASVspoof2019_LA_eval/flac/LA_E_9248660.flac,11
/data/DATASETS/ASV_Spoof_2019_LA/ASVspoof2019_LA_eval/flac/LA_E_9251112.flac,11
/data/DATASETS/ASV_Spoof_2019_LA/ASVspoof2019_LA_eval/flac/LA_E_9251287.flac,11
/data/DATASETS/ASV_Spoof_2019_LA/ASVspoof2019_LA_eval/flac/LA_E_9251773.flac,11
/data/DATASETS/ASV_Spoof_2019_LA/ASVspoof2019_LA_eval/flac/LA_E_9251958.flac,11
/data/DATASETS/ASV_Spoof_2019_LA/ASVspoof2019_LA_eval/flac/LA_E_9252080.flac,11
/data/DATASETS/ASV_Spoof_2019_LA/ASVspoof2019_LA_eval/flac/LA_E_9253407.flac,11
/data/DATASETS/ASV_Spoof_2019_LA/ASVspoof2019_LA_eval/flac/LA_E_9253642.flac,11
/data/DATASETS/ASV_Spoof_2019_LA/ASVspoof2019_LA_eval/flac/LA_E_9253769.flac,11
/data/DATASETS/ASV_Spoof_2019_LA/ASVspoof2019_LA_eval/flac/LA_E_9254689.flac,11
/data/DATASETS/ASV_Spoof_2019_LA/ASVspoof2019_LA_eval/flac/LA_E_9256377.flac,11
/data/DATASETS/ASV_Spoof_2019_LA/ASVspoof2019_LA_eval/flac/LA_E_9258313.flac,11
/data/DATASETS/ASV_Spoof_2019_LA/ASVspoof2019_LA_eval/flac/LA_E_9259382.flac,11
/data/DATASETS/ASV_Spoof_2019_LA/ASVspoof2019_LA_eval/flac/LA_E_9260911.flac,11
/data/DATASETS/ASV_Spoof_2019_LA/ASVspoof2019_LA_eval/flac/LA_E_9264220.flac,11
/data/DATASETS/ASV_Spoof_2019_LA/ASVspoof2019_LA_eval/flac/LA_E_9264398.flac,11
/data/DATASETS/ASV_Spoof_2019_LA/ASVspoof2019_LA_eval/flac/LA_E_9265373.flac,11
/data/DATASETS/ASV_Spoof_2019_LA/ASVspoof2019_LA_eval/flac/LA_E_9269159.flac,11
/data/DATASETS/ASV_Spoof_2019_LA/ASVspoof2019_LA_eval/flac/LA_E_9271901.flac,11
/data/DATASETS/ASV_Spoof_2019_LA/ASVspoof2019_LA_eval/flac/LA_E_9272295.flac,11
/data/DATASETS/ASV_Spoof_2019_LA/ASVspoof2019_LA_eval/flac/LA_E_9272571.flac,11
/data/DATASETS/ASV_Spoof_2019_LA/ASVspoof2019_LA_eval/flac/LA_E_9275967.flac,11
/data/DATASETS/ASV_Spoof_2019_LA/ASVspoof2019_LA_eval/flac/LA_E_9276847.flac,11
/data/DATASETS/ASV_Spoof_2019_LA/ASVspoof2019_LA_eval/flac/LA_E_9278518.flac,11
/data/DATASETS/ASV_Spoof_2019_LA/ASVspoof2019_LA_eval/flac/LA_E_9279527.flac,11
/data/DATASETS/ASV_Spoof_2019_LA/ASVspoof2019_LA_eval/flac/LA_E_9279611.flac,11
/data/DATASETS/ASV_Spoof_2019_LA/ASVspoof2019_LA_eval/flac/LA_E_9280895.flac,11
/data/DATASETS/ASV_Spoof_2019_LA/ASVspoof2019_LA_eval/flac/LA_E_9280910.flac,11
/data/DATASETS/ASV_Spoof_2019_LA/ASVspoof2019_LA_eval/flac/LA_E_9281217.flac,11
/data/DATASETS/ASV_Spoof_2019_LA/ASVspoof2019_LA_eval/flac/LA_E_9281731.flac,11
/data/DATASETS/ASV_Spoof_2019_LA/ASVspoof2019_LA_eval/flac/LA_E_9281860.flac,11
/data/DATASETS/ASV_Spoof_2019_LA/ASVspoof2019_LA_eval/flac/LA_E_9285232.flac,11
/data/DATASETS/ASV_Spoof_2019_LA/ASVspoof2019_LA_eval/flac/LA_E_9285429.flac,11
/data/DATASETS/ASV_Spoof_2019_LA/ASVspoof2019_LA_eval/flac/LA_E_9288046.flac,11
/data/DATASETS/ASV_Spoof_2019_LA/ASVspoof2019_LA_eval/flac/LA_E_9288756.flac,11
/data/DATASETS/ASV_Spoof_2019_LA/ASVspoof2019_LA_eval/flac/LA_E_9295709.flac,11
/data/DATASETS/ASV_Spoof_2019_LA/ASVspoof2019_LA_eval/flac/LA_E_9295754.flac,11
/data/DATASETS/ASV_Spoof_2019_LA/ASVspoof2019_LA_eval/flac/LA_E_9297083.flac,11
/data/DATASETS/ASV_Spoof_2019_LA/ASVspoof2019_LA_eval/flac/LA_E_9298677.flac,11
/data/DATASETS/ASV_Spoof_2019_LA/ASVspoof2019_LA_eval/flac/LA_E_9300266.flac,11
/data/DATASETS/ASV_Spoof_2019_LA/ASVspoof2019_LA_eval/flac/LA_E_9300686.flac,11
/data/DATASETS/ASV_Spoof_2019_LA/ASVspoof2019_LA_eval/flac/LA_E_9301809.flac,11
/data/DATASETS/ASV_Spoof_2019_LA/ASVspoof2019_LA_eval/flac/LA_E_9301954.flac,11
/data/DATASETS/ASV_Spoof_2019_LA/ASVspoof2019_LA_eval/flac/LA_E_9304950.flac,11
/data/DATASETS/ASV_Spoof_2019_LA/ASVspoof2019_LA_eval/flac/LA_E_9305651.flac,11
/data/DATASETS/ASV_Spoof_2019_LA/ASVspoof2019_LA_eval/flac/LA_E_9306047.flac,11
/data/DATASETS/ASV_Spoof_2019_LA/ASVspoof2019_LA_eval/flac/LA_E_9308464.flac,11
/data/DATASETS/ASV_Spoof_2019_LA/ASVspoof2019_LA_eval/flac/LA_E_9315488.flac,11
/data/DATASETS/ASV_Spoof_2019_LA/ASVspoof2019_LA_eval/flac/LA_E_9315918.flac,11
/data/DATASETS/ASV_Spoof_2019_LA/ASVspoof2019_LA_eval/flac/LA_E_9316218.flac,11
/data/DATASETS/ASV_Spoof_2019_LA/ASVspoof2019_LA_eval/flac/LA_E_9318798.flac,11
/data/DATASETS/ASV_Spoof_2019_LA/ASVspoof2019_LA_eval/flac/LA_E_9321431.flac,11
/data/DATASETS/ASV_Spoof_2019_LA/ASVspoof2019_LA_eval/flac/LA_E_9321899.flac,11
/data/DATASETS/ASV_Spoof_2019_LA/ASVspoof2019_LA_eval/flac/LA_E_9322757.flac,11
/data/DATASETS/ASV_Spoof_2019_LA/ASVspoof2019_LA_eval/flac/LA_E_9324488.flac,11
/data/DATASETS/ASV_Spoof_2019_LA/ASVspoof2019_LA_eval/flac/LA_E_9326054.flac,11
/data/DATASETS/ASV_Spoof_2019_LA/ASVspoof2019_LA_eval/flac/LA_E_9326775.flac,11
/data/DATASETS/ASV_Spoof_2019_LA/ASVspoof2019_LA_eval/flac/LA_E_9326905.flac,11
/data/DATASETS/ASV_Spoof_2019_LA/ASVspoof2019_LA_eval/flac/LA_E_9328922.flac,11
/data/DATASETS/ASV_Spoof_2019_LA/ASVspoof2019_LA_eval/flac/LA_E_9331822.flac,11
/data/DATASETS/ASV_Spoof_2019_LA/ASVspoof2019_LA_eval/flac/LA_E_9333140.flac,11
/data/DATASETS/ASV_Spoof_2019_LA/ASVspoof2019_LA_eval/flac/LA_E_9334213.flac,11
/data/DATASETS/ASV_Spoof_2019_LA/ASVspoof2019_LA_eval/flac/LA_E_9334436.flac,11
/data/DATASETS/ASV_Spoof_2019_LA/ASVspoof2019_LA_eval/flac/LA_E_9335646.flac,11
/data/DATASETS/ASV_Spoof_2019_LA/ASVspoof2019_LA_eval/flac/LA_E_9336014.flac,11
/data/DATASETS/ASV_Spoof_2019_LA/ASVspoof2019_LA_eval/flac/LA_E_9336027.flac,11
/data/DATASETS/ASV_Spoof_2019_LA/ASVspoof2019_LA_eval/flac/LA_E_9336595.flac,11
/data/DATASETS/ASV_Spoof_2019_LA/ASVspoof2019_LA_eval/flac/LA_E_9340286.flac,11
/data/DATASETS/ASV_Spoof_2019_LA/ASVspoof2019_LA_eval/flac/LA_E_9342092.flac,11
/data/DATASETS/ASV_Spoof_2019_LA/ASVspoof2019_LA_eval/flac/LA_E_9344667.flac,11
/data/DATASETS/ASV_Spoof_2019_LA/ASVspoof2019_LA_eval/flac/LA_E_9344947.flac,11
/data/DATASETS/ASV_Spoof_2019_LA/ASVspoof2019_LA_eval/flac/LA_E_9345428.flac,11
/data/DATASETS/ASV_Spoof_2019_LA/ASVspoof2019_LA_eval/flac/LA_E_9346013.flac,11
/data/DATASETS/ASV_Spoof_2019_LA/ASVspoof2019_LA_eval/flac/LA_E_9346498.flac,11
/data/DATASETS/ASV_Spoof_2019_LA/ASVspoof2019_LA_eval/flac/LA_E_9346662.flac,11
/data/DATASETS/ASV_Spoof_2019_LA/ASVspoof2019_LA_eval/flac/LA_E_9354672.flac,11
/data/DATASETS/ASV_Spoof_2019_LA/ASVspoof2019_LA_eval/flac/LA_E_9354930.flac,11
/data/DATASETS/ASV_Spoof_2019_LA/ASVspoof2019_LA_eval/flac/LA_E_9356058.flac,11
/data/DATASETS/ASV_Spoof_2019_LA/ASVspoof2019_LA_eval/flac/LA_E_9356605.flac,11
/data/DATASETS/ASV_Spoof_2019_LA/ASVspoof2019_LA_eval/flac/LA_E_9357764.flac,11
/data/DATASETS/ASV_Spoof_2019_LA/ASVspoof2019_LA_eval/flac/LA_E_9358003.flac,11
/data/DATASETS/ASV_Spoof_2019_LA/ASVspoof2019_LA_eval/flac/LA_E_9359291.flac,11
/data/DATASETS/ASV_Spoof_2019_LA/ASVspoof2019_LA_eval/flac/LA_E_9361877.flac,11
/data/DATASETS/ASV_Spoof_2019_LA/ASVspoof2019_LA_eval/flac/LA_E_9363672.flac,11
/data/DATASETS/ASV_Spoof_2019_LA/ASVspoof2019_LA_eval/flac/LA_E_9364797.flac,11
/data/DATASETS/ASV_Spoof_2019_LA/ASVspoof2019_LA_eval/flac/LA_E_9366094.flac,11
/data/DATASETS/ASV_Spoof_2019_LA/ASVspoof2019_LA_eval/flac/LA_E_9366269.flac,11
/data/DATASETS/ASV_Spoof_2019_LA/ASVspoof2019_LA_eval/flac/LA_E_9366797.flac,11
/data/DATASETS/ASV_Spoof_2019_LA/ASVspoof2019_LA_eval/flac/LA_E_9368343.flac,11
/data/DATASETS/ASV_Spoof_2019_LA/ASVspoof2019_LA_eval/flac/LA_E_9368571.flac,11
/data/DATASETS/ASV_Spoof_2019_LA/ASVspoof2019_LA_eval/flac/LA_E_9369098.flac,11
/data/DATASETS/ASV_Spoof_2019_LA/ASVspoof2019_LA_eval/flac/LA_E_9371440.flac,11
/data/DATASETS/ASV_Spoof_2019_LA/ASVspoof2019_LA_eval/flac/LA_E_9371805.flac,11
/data/DATASETS/ASV_Spoof_2019_LA/ASVspoof2019_LA_eval/flac/LA_E_9372073.flac,11
/data/DATASETS/ASV_Spoof_2019_LA/ASVspoof2019_LA_eval/flac/LA_E_9372611.flac,11
/data/DATASETS/ASV_Spoof_2019_LA/ASVspoof2019_LA_eval/flac/LA_E_9372882.flac,11
/data/DATASETS/ASV_Spoof_2019_LA/ASVspoof2019_LA_eval/flac/LA_E_9374890.flac,11
/data/DATASETS/ASV_Spoof_2019_LA/ASVspoof2019_LA_eval/flac/LA_E_9380045.flac,11
/data/DATASETS/ASV_Spoof_2019_LA/ASVspoof2019_LA_eval/flac/LA_E_9382770.flac,11
/data/DATASETS/ASV_Spoof_2019_LA/ASVspoof2019_LA_eval/flac/LA_E_9387228.flac,11
/data/DATASETS/ASV_Spoof_2019_LA/ASVspoof2019_LA_eval/flac/LA_E_9389307.flac,11
/data/DATASETS/ASV_Spoof_2019_LA/ASVspoof2019_LA_eval/flac/LA_E_9393357.flac,11
/data/DATASETS/ASV_Spoof_2019_LA/ASVspoof2019_LA_eval/flac/LA_E_9393780.flac,11
/data/DATASETS/ASV_Spoof_2019_LA/ASVspoof2019_LA_eval/flac/LA_E_9394951.flac,11
/data/DATASETS/ASV_Spoof_2019_LA/ASVspoof2019_LA_eval/flac/LA_E_9395016.flac,11
/data/DATASETS/ASV_Spoof_2019_LA/ASVspoof2019_LA_eval/flac/LA_E_9395500.flac,11
/data/DATASETS/ASV_Spoof_2019_LA/ASVspoof2019_LA_eval/flac/LA_E_9397636.flac,11
/data/DATASETS/ASV_Spoof_2019_LA/ASVspoof2019_LA_eval/flac/LA_E_9401464.flac,11
/data/DATASETS/ASV_Spoof_2019_LA/ASVspoof2019_LA_eval/flac/LA_E_9401752.flac,11
/data/DATASETS/ASV_Spoof_2019_LA/ASVspoof2019_LA_eval/flac/LA_E_9402807.flac,11
/data/DATASETS/ASV_Spoof_2019_LA/ASVspoof2019_LA_eval/flac/LA_E_9407759.flac,11
/data/DATASETS/ASV_Spoof_2019_LA/ASVspoof2019_LA_eval/flac/LA_E_9410474.flac,11
/data/DATASETS/ASV_Spoof_2019_LA/ASVspoof2019_LA_eval/flac/LA_E_9411047.flac,11
/data/DATASETS/ASV_Spoof_2019_LA/ASVspoof2019_LA_eval/flac/LA_E_9413782.flac,11
/data/DATASETS/ASV_Spoof_2019_LA/ASVspoof2019_LA_eval/flac/LA_E_9414956.flac,11
/data/DATASETS/ASV_Spoof_2019_LA/ASVspoof2019_LA_eval/flac/LA_E_9425344.flac,11
/data/DATASETS/ASV_Spoof_2019_LA/ASVspoof2019_LA_eval/flac/LA_E_9425388.flac,11
/data/DATASETS/ASV_Spoof_2019_LA/ASVspoof2019_LA_eval/flac/LA_E_9427311.flac,11
/data/DATASETS/ASV_Spoof_2019_LA/ASVspoof2019_LA_eval/flac/LA_E_9428954.flac,11
/data/DATASETS/ASV_Spoof_2019_LA/ASVspoof2019_LA_eval/flac/LA_E_9434610.flac,11
/data/DATASETS/ASV_Spoof_2019_LA/ASVspoof2019_LA_eval/flac/LA_E_9435079.flac,11
/data/DATASETS/ASV_Spoof_2019_LA/ASVspoof2019_LA_eval/flac/LA_E_9435376.flac,11
/data/DATASETS/ASV_Spoof_2019_LA/ASVspoof2019_LA_eval/flac/LA_E_9435684.flac,11
/data/DATASETS/ASV_Spoof_2019_LA/ASVspoof2019_LA_eval/flac/LA_E_9437871.flac,11
/data/DATASETS/ASV_Spoof_2019_LA/ASVspoof2019_LA_eval/flac/LA_E_9441332.flac,11
/data/DATASETS/ASV_Spoof_2019_LA/ASVspoof2019_LA_eval/flac/LA_E_9444025.flac,11
/data/DATASETS/ASV_Spoof_2019_LA/ASVspoof2019_LA_eval/flac/LA_E_9446422.flac,11
/data/DATASETS/ASV_Spoof_2019_LA/ASVspoof2019_LA_eval/flac/LA_E_9446967.flac,11
/data/DATASETS/ASV_Spoof_2019_LA/ASVspoof2019_LA_eval/flac/LA_E_9449052.flac,11
/data/DATASETS/ASV_Spoof_2019_LA/ASVspoof2019_LA_eval/flac/LA_E_9449090.flac,11
/data/DATASETS/ASV_Spoof_2019_LA/ASVspoof2019_LA_eval/flac/LA_E_9449171.flac,11
/data/DATASETS/ASV_Spoof_2019_LA/ASVspoof2019_LA_eval/flac/LA_E_9449422.flac,11
/data/DATASETS/ASV_Spoof_2019_LA/ASVspoof2019_LA_eval/flac/LA_E_9452672.flac,11
/data/DATASETS/ASV_Spoof_2019_LA/ASVspoof2019_LA_eval/flac/LA_E_9452703.flac,11
/data/DATASETS/ASV_Spoof_2019_LA/ASVspoof2019_LA_eval/flac/LA_E_9453887.flac,11
/data/DATASETS/ASV_Spoof_2019_LA/ASVspoof2019_LA_eval/flac/LA_E_9455236.flac,11
/data/DATASETS/ASV_Spoof_2019_LA/ASVspoof2019_LA_eval/flac/LA_E_9456599.flac,11
/data/DATASETS/ASV_Spoof_2019_LA/ASVspoof2019_LA_eval/flac/LA_E_9458587.flac,11
/data/DATASETS/ASV_Spoof_2019_LA/ASVspoof2019_LA_eval/flac/LA_E_9460479.flac,11
/data/DATASETS/ASV_Spoof_2019_LA/ASVspoof2019_LA_eval/flac/LA_E_9463431.flac,11
/data/DATASETS/ASV_Spoof_2019_LA/ASVspoof2019_LA_eval/flac/LA_E_9467505.flac,11
/data/DATASETS/ASV_Spoof_2019_LA/ASVspoof2019_LA_eval/flac/LA_E_9467674.flac,11
/data/DATASETS/ASV_Spoof_2019_LA/ASVspoof2019_LA_eval/flac/LA_E_9469455.flac,11
/data/DATASETS/ASV_Spoof_2019_LA/ASVspoof2019_LA_eval/flac/LA_E_9475174.flac,11
/data/DATASETS/ASV_Spoof_2019_LA/ASVspoof2019_LA_eval/flac/LA_E_9476090.flac,11
/data/DATASETS/ASV_Spoof_2019_LA/ASVspoof2019_LA_eval/flac/LA_E_9476112.flac,11
/data/DATASETS/ASV_Spoof_2019_LA/ASVspoof2019_LA_eval/flac/LA_E_9478516.flac,11
/data/DATASETS/ASV_Spoof_2019_LA/ASVspoof2019_LA_eval/flac/LA_E_9480628.flac,11
/data/DATASETS/ASV_Spoof_2019_LA/ASVspoof2019_LA_eval/flac/LA_E_9480991.flac,11
/data/DATASETS/ASV_Spoof_2019_LA/ASVspoof2019_LA_eval/flac/LA_E_9481698.flac,11
/data/DATASETS/ASV_Spoof_2019_LA/ASVspoof2019_LA_eval/flac/LA_E_9483720.flac,11
/data/DATASETS/ASV_Spoof_2019_LA/ASVspoof2019_LA_eval/flac/LA_E_9483946.flac,11
/data/DATASETS/ASV_Spoof_2019_LA/ASVspoof2019_LA_eval/flac/LA_E_9485847.flac,11
/data/DATASETS/ASV_Spoof_2019_LA/ASVspoof2019_LA_eval/flac/LA_E_9485931.flac,11
/data/DATASETS/ASV_Spoof_2019_LA/ASVspoof2019_LA_eval/flac/LA_E_9489426.flac,11
/data/DATASETS/ASV_Spoof_2019_LA/ASVspoof2019_LA_eval/flac/LA_E_9491760.flac,11
/data/DATASETS/ASV_Spoof_2019_LA/ASVspoof2019_LA_eval/flac/LA_E_9493012.flac,11
/data/DATASETS/ASV_Spoof_2019_LA/ASVspoof2019_LA_eval/flac/LA_E_9494793.flac,11
/data/DATASETS/ASV_Spoof_2019_LA/ASVspoof2019_LA_eval/flac/LA_E_9495591.flac,11
/data/DATASETS/ASV_Spoof_2019_LA/ASVspoof2019_LA_eval/flac/LA_E_9495857.flac,11
/data/DATASETS/ASV_Spoof_2019_LA/ASVspoof2019_LA_eval/flac/LA_E_9497664.flac,11
/data/DATASETS/ASV_Spoof_2019_LA/ASVspoof2019_LA_eval/flac/LA_E_9497931.flac,11
/data/DATASETS/ASV_Spoof_2019_LA/ASVspoof2019_LA_eval/flac/LA_E_9506603.flac,11
/data/DATASETS/ASV_Spoof_2019_LA/ASVspoof2019_LA_eval/flac/LA_E_9508349.flac,11
/data/DATASETS/ASV_Spoof_2019_LA/ASVspoof2019_LA_eval/flac/LA_E_9509368.flac,11
/data/DATASETS/ASV_Spoof_2019_LA/ASVspoof2019_LA_eval/flac/LA_E_9510240.flac,11
/data/DATASETS/ASV_Spoof_2019_LA/ASVspoof2019_LA_eval/flac/LA_E_9510567.flac,11
/data/DATASETS/ASV_Spoof_2019_LA/ASVspoof2019_LA_eval/flac/LA_E_9512438.flac,11
/data/DATASETS/ASV_Spoof_2019_LA/ASVspoof2019_LA_eval/flac/LA_E_9515198.flac,11
/data/DATASETS/ASV_Spoof_2019_LA/ASVspoof2019_LA_eval/flac/LA_E_9516651.flac,11
/data/DATASETS/ASV_Spoof_2019_LA/ASVspoof2019_LA_eval/flac/LA_E_9519984.flac,11
/data/DATASETS/ASV_Spoof_2019_LA/ASVspoof2019_LA_eval/flac/LA_E_9520818.flac,11
/data/DATASETS/ASV_Spoof_2019_LA/ASVspoof2019_LA_eval/flac/LA_E_9523006.flac,11
/data/DATASETS/ASV_Spoof_2019_LA/ASVspoof2019_LA_eval/flac/LA_E_9526013.flac,11
/data/DATASETS/ASV_Spoof_2019_LA/ASVspoof2019_LA_eval/flac/LA_E_9529252.flac,11
/data/DATASETS/ASV_Spoof_2019_LA/ASVspoof2019_LA_eval/flac/LA_E_9529454.flac,11
/data/DATASETS/ASV_Spoof_2019_LA/ASVspoof2019_LA_eval/flac/LA_E_9530356.flac,11
/data/DATASETS/ASV_Spoof_2019_LA/ASVspoof2019_LA_eval/flac/LA_E_9532956.flac,11
/data/DATASETS/ASV_Spoof_2019_LA/ASVspoof2019_LA_eval/flac/LA_E_9533793.flac,11
/data/DATASETS/ASV_Spoof_2019_LA/ASVspoof2019_LA_eval/flac/LA_E_9533857.flac,11
/data/DATASETS/ASV_Spoof_2019_LA/ASVspoof2019_LA_eval/flac/LA_E_9537487.flac,11
/data/DATASETS/ASV_Spoof_2019_LA/ASVspoof2019_LA_eval/flac/LA_E_9538350.flac,11
/data/DATASETS/ASV_Spoof_2019_LA/ASVspoof2019_LA_eval/flac/LA_E_9538479.flac,11
/data/DATASETS/ASV_Spoof_2019_LA/ASVspoof2019_LA_eval/flac/LA_E_9538737.flac,11
/data/DATASETS/ASV_Spoof_2019_LA/ASVspoof2019_LA_eval/flac/LA_E_9539212.flac,11
/data/DATASETS/ASV_Spoof_2019_LA/ASVspoof2019_LA_eval/flac/LA_E_9539752.flac,11
/data/DATASETS/ASV_Spoof_2019_LA/ASVspoof2019_LA_eval/flac/LA_E_9540541.flac,11
/data/DATASETS/ASV_Spoof_2019_LA/ASVspoof2019_LA_eval/flac/LA_E_9540651.flac,11
/data/DATASETS/ASV_Spoof_2019_LA/ASVspoof2019_LA_eval/flac/LA_E_9543970.flac,11
/data/DATASETS/ASV_Spoof_2019_LA/ASVspoof2019_LA_eval/flac/LA_E_9545428.flac,11
/data/DATASETS/ASV_Spoof_2019_LA/ASVspoof2019_LA_eval/flac/LA_E_9545429.flac,11
/data/DATASETS/ASV_Spoof_2019_LA/ASVspoof2019_LA_eval/flac/LA_E_9545452.flac,11
/data/DATASETS/ASV_Spoof_2019_LA/ASVspoof2019_LA_eval/flac/LA_E_9545521.flac,11
/data/DATASETS/ASV_Spoof_2019_LA/ASVspoof2019_LA_eval/flac/LA_E_9546016.flac,11
/data/DATASETS/ASV_Spoof_2019_LA/ASVspoof2019_LA_eval/flac/LA_E_9548592.flac,11
/data/DATASETS/ASV_Spoof_2019_LA/ASVspoof2019_LA_eval/flac/LA_E_9556330.flac,11
/data/DATASETS/ASV_Spoof_2019_LA/ASVspoof2019_LA_eval/flac/LA_E_9557718.flac,11
/data/DATASETS/ASV_Spoof_2019_LA/ASVspoof2019_LA_eval/flac/LA_E_9560066.flac,11
/data/DATASETS/ASV_Spoof_2019_LA/ASVspoof2019_LA_eval/flac/LA_E_9561862.flac,11
/data/DATASETS/ASV_Spoof_2019_LA/ASVspoof2019_LA_eval/flac/LA_E_9564135.flac,11
/data/DATASETS/ASV_Spoof_2019_LA/ASVspoof2019_LA_eval/flac/LA_E_9564407.flac,11
/data/DATASETS/ASV_Spoof_2019_LA/ASVspoof2019_LA_eval/flac/LA_E_9566896.flac,11
/data/DATASETS/ASV_Spoof_2019_LA/ASVspoof2019_LA_eval/flac/LA_E_9569127.flac,11
/data/DATASETS/ASV_Spoof_2019_LA/ASVspoof2019_LA_eval/flac/LA_E_9570426.flac,11
/data/DATASETS/ASV_Spoof_2019_LA/ASVspoof2019_LA_eval/flac/LA_E_9570952.flac,11
/data/DATASETS/ASV_Spoof_2019_LA/ASVspoof2019_LA_eval/flac/LA_E_9571068.flac,11
/data/DATASETS/ASV_Spoof_2019_LA/ASVspoof2019_LA_eval/flac/LA_E_9572435.flac,11
/data/DATASETS/ASV_Spoof_2019_LA/ASVspoof2019_LA_eval/flac/LA_E_9575608.flac,11
/data/DATASETS/ASV_Spoof_2019_LA/ASVspoof2019_LA_eval/flac/LA_E_9576124.flac,11
/data/DATASETS/ASV_Spoof_2019_LA/ASVspoof2019_LA_eval/flac/LA_E_9578330.flac,11
/data/DATASETS/ASV_Spoof_2019_LA/ASVspoof2019_LA_eval/flac/LA_E_9578602.flac,11
/data/DATASETS/ASV_Spoof_2019_LA/ASVspoof2019_LA_eval/flac/LA_E_9580184.flac,11
/data/DATASETS/ASV_Spoof_2019_LA/ASVspoof2019_LA_eval/flac/LA_E_9580710.flac,11
/data/DATASETS/ASV_Spoof_2019_LA/ASVspoof2019_LA_eval/flac/LA_E_9582889.flac,11
/data/DATASETS/ASV_Spoof_2019_LA/ASVspoof2019_LA_eval/flac/LA_E_9582899.flac,11
/data/DATASETS/ASV_Spoof_2019_LA/ASVspoof2019_LA_eval/flac/LA_E_9587048.flac,11
/data/DATASETS/ASV_Spoof_2019_LA/ASVspoof2019_LA_eval/flac/LA_E_9587648.flac,11
/data/DATASETS/ASV_Spoof_2019_LA/ASVspoof2019_LA_eval/flac/LA_E_9587883.flac,11
/data/DATASETS/ASV_Spoof_2019_LA/ASVspoof2019_LA_eval/flac/LA_E_9588253.flac,11
/data/DATASETS/ASV_Spoof_2019_LA/ASVspoof2019_LA_eval/flac/LA_E_9588641.flac,11
/data/DATASETS/ASV_Spoof_2019_LA/ASVspoof2019_LA_eval/flac/LA_E_9591689.flac,11
/data/DATASETS/ASV_Spoof_2019_LA/ASVspoof2019_LA_eval/flac/LA_E_9594404.flac,11
/data/DATASETS/ASV_Spoof_2019_LA/ASVspoof2019_LA_eval/flac/LA_E_9594563.flac,11
/data/DATASETS/ASV_Spoof_2019_LA/ASVspoof2019_LA_eval/flac/LA_E_9596834.flac,11
/data/DATASETS/ASV_Spoof_2019_LA/ASVspoof2019_LA_eval/flac/LA_E_9599671.flac,11
/data/DATASETS/ASV_Spoof_2019_LA/ASVspoof2019_LA_eval/flac/LA_E_9602373.flac,11
/data/DATASETS/ASV_Spoof_2019_LA/ASVspoof2019_LA_eval/flac/LA_E_9602900.flac,11
/data/DATASETS/ASV_Spoof_2019_LA/ASVspoof2019_LA_eval/flac/LA_E_9604693.flac,11
/data/DATASETS/ASV_Spoof_2019_LA/ASVspoof2019_LA_eval/flac/LA_E_9606738.flac,11
/data/DATASETS/ASV_Spoof_2019_LA/ASVspoof2019_LA_eval/flac/LA_E_9608685.flac,11
/data/DATASETS/ASV_Spoof_2019_LA/ASVspoof2019_LA_eval/flac/LA_E_9613610.flac,11
/data/DATASETS/ASV_Spoof_2019_LA/ASVspoof2019_LA_eval/flac/LA_E_9614938.flac,11
/data/DATASETS/ASV_Spoof_2019_LA/ASVspoof2019_LA_eval/flac/LA_E_9616765.flac,11
/data/DATASETS/ASV_Spoof_2019_LA/ASVspoof2019_LA_eval/flac/LA_E_9617374.flac,11
/data/DATASETS/ASV_Spoof_2019_LA/ASVspoof2019_LA_eval/flac/LA_E_9622407.flac,11
/data/DATASETS/ASV_Spoof_2019_LA/ASVspoof2019_LA_eval/flac/LA_E_9622507.flac,11
/data/DATASETS/ASV_Spoof_2019_LA/ASVspoof2019_LA_eval/flac/LA_E_9624633.flac,11
/data/DATASETS/ASV_Spoof_2019_LA/ASVspoof2019_LA_eval/flac/LA_E_9624654.flac,11
/data/DATASETS/ASV_Spoof_2019_LA/ASVspoof2019_LA_eval/flac/LA_E_9625107.flac,11
/data/DATASETS/ASV_Spoof_2019_LA/ASVspoof2019_LA_eval/flac/LA_E_9625253.flac,11
/data/DATASETS/ASV_Spoof_2019_LA/ASVspoof2019_LA_eval/flac/LA_E_9626974.flac,11
/data/DATASETS/ASV_Spoof_2019_LA/ASVspoof2019_LA_eval/flac/LA_E_9627426.flac,11
/data/DATASETS/ASV_Spoof_2019_LA/ASVspoof2019_LA_eval/flac/LA_E_9630686.flac,11
/data/DATASETS/ASV_Spoof_2019_LA/ASVspoof2019_LA_eval/flac/LA_E_9631170.flac,11
/data/DATASETS/ASV_Spoof_2019_LA/ASVspoof2019_LA_eval/flac/LA_E_9631461.flac,11
/data/DATASETS/ASV_Spoof_2019_LA/ASVspoof2019_LA_eval/flac/LA_E_9634853.flac,11
/data/DATASETS/ASV_Spoof_2019_LA/ASVspoof2019_LA_eval/flac/LA_E_9636410.flac,11
/data/DATASETS/ASV_Spoof_2019_LA/ASVspoof2019_LA_eval/flac/LA_E_9637107.flac,11
/data/DATASETS/ASV_Spoof_2019_LA/ASVspoof2019_LA_eval/flac/LA_E_9639133.flac,11
/data/DATASETS/ASV_Spoof_2019_LA/ASVspoof2019_LA_eval/flac/LA_E_9640006.flac,11
/data/DATASETS/ASV_Spoof_2019_LA/ASVspoof2019_LA_eval/flac/LA_E_9646851.flac,11
/data/DATASETS/ASV_Spoof_2019_LA/ASVspoof2019_LA_eval/flac/LA_E_9647314.flac,11
/data/DATASETS/ASV_Spoof_2019_LA/ASVspoof2019_LA_eval/flac/LA_E_9648520.flac,11
/data/DATASETS/ASV_Spoof_2019_LA/ASVspoof2019_LA_eval/flac/LA_E_9653155.flac,11
/data/DATASETS/ASV_Spoof_2019_LA/ASVspoof2019_LA_eval/flac/LA_E_9654296.flac,11
/data/DATASETS/ASV_Spoof_2019_LA/ASVspoof2019_LA_eval/flac/LA_E_9657684.flac,11
/data/DATASETS/ASV_Spoof_2019_LA/ASVspoof2019_LA_eval/flac/LA_E_9657816.flac,11
/data/DATASETS/ASV_Spoof_2019_LA/ASVspoof2019_LA_eval/flac/LA_E_9663286.flac,11
/data/DATASETS/ASV_Spoof_2019_LA/ASVspoof2019_LA_eval/flac/LA_E_9664908.flac,11
/data/DATASETS/ASV_Spoof_2019_LA/ASVspoof2019_LA_eval/flac/LA_E_9665421.flac,11
/data/DATASETS/ASV_Spoof_2019_LA/ASVspoof2019_LA_eval/flac/LA_E_9668822.flac,11
/data/DATASETS/ASV_Spoof_2019_LA/ASVspoof2019_LA_eval/flac/LA_E_9669110.flac,11
/data/DATASETS/ASV_Spoof_2019_LA/ASVspoof2019_LA_eval/flac/LA_E_9670886.flac,11
/data/DATASETS/ASV_Spoof_2019_LA/ASVspoof2019_LA_eval/flac/LA_E_9673261.flac,11
/data/DATASETS/ASV_Spoof_2019_LA/ASVspoof2019_LA_eval/flac/LA_E_9674047.flac,11
/data/DATASETS/ASV_Spoof_2019_LA/ASVspoof2019_LA_eval/flac/LA_E_9674308.flac,11
/data/DATASETS/ASV_Spoof_2019_LA/ASVspoof2019_LA_eval/flac/LA_E_9674452.flac,11
/data/DATASETS/ASV_Spoof_2019_LA/ASVspoof2019_LA_eval/flac/LA_E_9675867.flac,11
/data/DATASETS/ASV_Spoof_2019_LA/ASVspoof2019_LA_eval/flac/LA_E_9677875.flac,11
/data/DATASETS/ASV_Spoof_2019_LA/ASVspoof2019_LA_eval/flac/LA_E_9677967.flac,11
/data/DATASETS/ASV_Spoof_2019_LA/ASVspoof2019_LA_eval/flac/LA_E_9678625.flac,11
/data/DATASETS/ASV_Spoof_2019_LA/ASVspoof2019_LA_eval/flac/LA_E_9684673.flac,11
/data/DATASETS/ASV_Spoof_2019_LA/ASVspoof2019_LA_eval/flac/LA_E_9688494.flac,11
/data/DATASETS/ASV_Spoof_2019_LA/ASVspoof2019_LA_eval/flac/LA_E_9692093.flac,11
/data/DATASETS/ASV_Spoof_2019_LA/ASVspoof2019_LA_eval/flac/LA_E_9693336.flac,11
/data/DATASETS/ASV_Spoof_2019_LA/ASVspoof2019_LA_eval/flac/LA_E_9695024.flac,11
/data/DATASETS/ASV_Spoof_2019_LA/ASVspoof2019_LA_eval/flac/LA_E_9702526.flac,11
/data/DATASETS/ASV_Spoof_2019_LA/ASVspoof2019_LA_eval/flac/LA_E_9702847.flac,11
/data/DATASETS/ASV_Spoof_2019_LA/ASVspoof2019_LA_eval/flac/LA_E_9704960.flac,11
/data/DATASETS/ASV_Spoof_2019_LA/ASVspoof2019_LA_eval/flac/LA_E_9705954.flac,11
/data/DATASETS/ASV_Spoof_2019_LA/ASVspoof2019_LA_eval/flac/LA_E_9706910.flac,11
/data/DATASETS/ASV_Spoof_2019_LA/ASVspoof2019_LA_eval/flac/LA_E_9707207.flac,11
/data/DATASETS/ASV_Spoof_2019_LA/ASVspoof2019_LA_eval/flac/LA_E_9709170.flac,11
/data/DATASETS/ASV_Spoof_2019_LA/ASVspoof2019_LA_eval/flac/LA_E_9709518.flac,11
/data/DATASETS/ASV_Spoof_2019_LA/ASVspoof2019_LA_eval/flac/LA_E_9711929.flac,11
/data/DATASETS/ASV_Spoof_2019_LA/ASVspoof2019_LA_eval/flac/LA_E_9714417.flac,11
/data/DATASETS/ASV_Spoof_2019_LA/ASVspoof2019_LA_eval/flac/LA_E_9714511.flac,11
/data/DATASETS/ASV_Spoof_2019_LA/ASVspoof2019_LA_eval/flac/LA_E_9714640.flac,11
/data/DATASETS/ASV_Spoof_2019_LA/ASVspoof2019_LA_eval/flac/LA_E_9716115.flac,11
/data/DATASETS/ASV_Spoof_2019_LA/ASVspoof2019_LA_eval/flac/LA_E_9717210.flac,11
/data/DATASETS/ASV_Spoof_2019_LA/ASVspoof2019_LA_eval/flac/LA_E_9718447.flac,11
/data/DATASETS/ASV_Spoof_2019_LA/ASVspoof2019_LA_eval/flac/LA_E_9721180.flac,11
/data/DATASETS/ASV_Spoof_2019_LA/ASVspoof2019_LA_eval/flac/LA_E_9726516.flac,11
/data/DATASETS/ASV_Spoof_2019_LA/ASVspoof2019_LA_eval/flac/LA_E_9730452.flac,11
/data/DATASETS/ASV_Spoof_2019_LA/ASVspoof2019_LA_eval/flac/LA_E_9731795.flac,11
/data/DATASETS/ASV_Spoof_2019_LA/ASVspoof2019_LA_eval/flac/LA_E_9731857.flac,11
/data/DATASETS/ASV_Spoof_2019_LA/ASVspoof2019_LA_eval/flac/LA_E_9733086.flac,11
/data/DATASETS/ASV_Spoof_2019_LA/ASVspoof2019_LA_eval/flac/LA_E_9734045.flac,11
/data/DATASETS/ASV_Spoof_2019_LA/ASVspoof2019_LA_eval/flac/LA_E_9735947.flac,11
/data/DATASETS/ASV_Spoof_2019_LA/ASVspoof2019_LA_eval/flac/LA_E_9736028.flac,11
/data/DATASETS/ASV_Spoof_2019_LA/ASVspoof2019_LA_eval/flac/LA_E_9736705.flac,11
/data/DATASETS/ASV_Spoof_2019_LA/ASVspoof2019_LA_eval/flac/LA_E_9738610.flac,11
/data/DATASETS/ASV_Spoof_2019_LA/ASVspoof2019_LA_eval/flac/LA_E_9740556.flac,11
/data/DATASETS/ASV_Spoof_2019_LA/ASVspoof2019_LA_eval/flac/LA_E_9743538.flac,11
/data/DATASETS/ASV_Spoof_2019_LA/ASVspoof2019_LA_eval/flac/LA_E_9746396.flac,11
/data/DATASETS/ASV_Spoof_2019_LA/ASVspoof2019_LA_eval/flac/LA_E_9747245.flac,11
/data/DATASETS/ASV_Spoof_2019_LA/ASVspoof2019_LA_eval/flac/LA_E_9749164.flac,11
/data/DATASETS/ASV_Spoof_2019_LA/ASVspoof2019_LA_eval/flac/LA_E_9752339.flac,11
/data/DATASETS/ASV_Spoof_2019_LA/ASVspoof2019_LA_eval/flac/LA_E_9752426.flac,11
/data/DATASETS/ASV_Spoof_2019_LA/ASVspoof2019_LA_eval/flac/LA_E_9756712.flac,11
/data/DATASETS/ASV_Spoof_2019_LA/ASVspoof2019_LA_eval/flac/LA_E_9757732.flac,11
/data/DATASETS/ASV_Spoof_2019_LA/ASVspoof2019_LA_eval/flac/LA_E_9760435.flac,11
/data/DATASETS/ASV_Spoof_2019_LA/ASVspoof2019_LA_eval/flac/LA_E_9762888.flac,11
/data/DATASETS/ASV_Spoof_2019_LA/ASVspoof2019_LA_eval/flac/LA_E_9763316.flac,11
/data/DATASETS/ASV_Spoof_2019_LA/ASVspoof2019_LA_eval/flac/LA_E_9766966.flac,11
/data/DATASETS/ASV_Spoof_2019_LA/ASVspoof2019_LA_eval/flac/LA_E_9767315.flac,11
/data/DATASETS/ASV_Spoof_2019_LA/ASVspoof2019_LA_eval/flac/LA_E_9769442.flac,11
/data/DATASETS/ASV_Spoof_2019_LA/ASVspoof2019_LA_eval/flac/LA_E_9772236.flac,11
/data/DATASETS/ASV_Spoof_2019_LA/ASVspoof2019_LA_eval/flac/LA_E_9774784.flac,11
/data/DATASETS/ASV_Spoof_2019_LA/ASVspoof2019_LA_eval/flac/LA_E_9777276.flac,11
/data/DATASETS/ASV_Spoof_2019_LA/ASVspoof2019_LA_eval/flac/LA_E_9778610.flac,11
/data/DATASETS/ASV_Spoof_2019_LA/ASVspoof2019_LA_eval/flac/LA_E_9780441.flac,11
/data/DATASETS/ASV_Spoof_2019_LA/ASVspoof2019_LA_eval/flac/LA_E_9781077.flac,11
/data/DATASETS/ASV_Spoof_2019_LA/ASVspoof2019_LA_eval/flac/LA_E_9781565.flac,11
/data/DATASETS/ASV_Spoof_2019_LA/ASVspoof2019_LA_eval/flac/LA_E_9782328.flac,11
/data/DATASETS/ASV_Spoof_2019_LA/ASVspoof2019_LA_eval/flac/LA_E_9784663.flac,11
/data/DATASETS/ASV_Spoof_2019_LA/ASVspoof2019_LA_eval/flac/LA_E_9788218.flac,11
/data/DATASETS/ASV_Spoof_2019_LA/ASVspoof2019_LA_eval/flac/LA_E_9788831.flac,11
/data/DATASETS/ASV_Spoof_2019_LA/ASVspoof2019_LA_eval/flac/LA_E_9790990.flac,11
/data/DATASETS/ASV_Spoof_2019_LA/ASVspoof2019_LA_eval/flac/LA_E_9792352.flac,11
/data/DATASETS/ASV_Spoof_2019_LA/ASVspoof2019_LA_eval/flac/LA_E_9794013.flac,11
/data/DATASETS/ASV_Spoof_2019_LA/ASVspoof2019_LA_eval/flac/LA_E_9794744.flac,11
/data/DATASETS/ASV_Spoof_2019_LA/ASVspoof2019_LA_eval/flac/LA_E_9800091.flac,11
/data/DATASETS/ASV_Spoof_2019_LA/ASVspoof2019_LA_eval/flac/LA_E_9808021.flac,11
/data/DATASETS/ASV_Spoof_2019_LA/ASVspoof2019_LA_eval/flac/LA_E_9809584.flac,11
/data/DATASETS/ASV_Spoof_2019_LA/ASVspoof2019_LA_eval/flac/LA_E_9809586.flac,11
/data/DATASETS/ASV_Spoof_2019_LA/ASVspoof2019_LA_eval/flac/LA_E_9816102.flac,11
/data/DATASETS/ASV_Spoof_2019_LA/ASVspoof2019_LA_eval/flac/LA_E_9818033.flac,11
/data/DATASETS/ASV_Spoof_2019_LA/ASVspoof2019_LA_eval/flac/LA_E_9818605.flac,11
/data/DATASETS/ASV_Spoof_2019_LA/ASVspoof2019_LA_eval/flac/LA_E_9824654.flac,11
/data/DATASETS/ASV_Spoof_2019_LA/ASVspoof2019_LA_eval/flac/LA_E_9824708.flac,11
/data/DATASETS/ASV_Spoof_2019_LA/ASVspoof2019_LA_eval/flac/LA_E_9825745.flac,11
/data/DATASETS/ASV_Spoof_2019_LA/ASVspoof2019_LA_eval/flac/LA_E_9826175.flac,11
/data/DATASETS/ASV_Spoof_2019_LA/ASVspoof2019_LA_eval/flac/LA_E_9827015.flac,11
/data/DATASETS/ASV_Spoof_2019_LA/ASVspoof2019_LA_eval/flac/LA_E_9828856.flac,11
/data/DATASETS/ASV_Spoof_2019_LA/ASVspoof2019_LA_eval/flac/LA_E_9829373.flac,11
/data/DATASETS/ASV_Spoof_2019_LA/ASVspoof2019_LA_eval/flac/LA_E_9836946.flac,11
/data/DATASETS/ASV_Spoof_2019_LA/ASVspoof2019_LA_eval/flac/LA_E_9836989.flac,11
/data/DATASETS/ASV_Spoof_2019_LA/ASVspoof2019_LA_eval/flac/LA_E_9840570.flac,11
/data/DATASETS/ASV_Spoof_2019_LA/ASVspoof2019_LA_eval/flac/LA_E_9842378.flac,11
/data/DATASETS/ASV_Spoof_2019_LA/ASVspoof2019_LA_eval/flac/LA_E_9842402.flac,11
/data/DATASETS/ASV_Spoof_2019_LA/ASVspoof2019_LA_eval/flac/LA_E_9842782.flac,11
/data/DATASETS/ASV_Spoof_2019_LA/ASVspoof2019_LA_eval/flac/LA_E_9847863.flac,11
/data/DATASETS/ASV_Spoof_2019_LA/ASVspoof2019_LA_eval/flac/LA_E_9848264.flac,11
/data/DATASETS/ASV_Spoof_2019_LA/ASVspoof2019_LA_eval/flac/LA_E_9848895.flac,11
/data/DATASETS/ASV_Spoof_2019_LA/ASVspoof2019_LA_eval/flac/LA_E_9851908.flac,11
/data/DATASETS/ASV_Spoof_2019_LA/ASVspoof2019_LA_eval/flac/LA_E_9852920.flac,11
/data/DATASETS/ASV_Spoof_2019_LA/ASVspoof2019_LA_eval/flac/LA_E_9855591.flac,11
/data/DATASETS/ASV_Spoof_2019_LA/ASVspoof2019_LA_eval/flac/LA_E_9855997.flac,11
/data/DATASETS/ASV_Spoof_2019_LA/ASVspoof2019_LA_eval/flac/LA_E_9857882.flac,11
/data/DATASETS/ASV_Spoof_2019_LA/ASVspoof2019_LA_eval/flac/LA_E_9860338.flac,11
/data/DATASETS/ASV_Spoof_2019_LA/ASVspoof2019_LA_eval/flac/LA_E_9862485.flac,11
/data/DATASETS/ASV_Spoof_2019_LA/ASVspoof2019_LA_eval/flac/LA_E_9863775.flac,11
/data/DATASETS/ASV_Spoof_2019_LA/ASVspoof2019_LA_eval/flac/LA_E_9865601.flac,11
/data/DATASETS/ASV_Spoof_2019_LA/ASVspoof2019_LA_eval/flac/LA_E_9867084.flac,11
/data/DATASETS/ASV_Spoof_2019_LA/ASVspoof2019_LA_eval/flac/LA_E_9867694.flac,11
/data/DATASETS/ASV_Spoof_2019_LA/ASVspoof2019_LA_eval/flac/LA_E_9868068.flac,11
/data/DATASETS/ASV_Spoof_2019_LA/ASVspoof2019_LA_eval/flac/LA_E_9869808.flac,11
/data/DATASETS/ASV_Spoof_2019_LA/ASVspoof2019_LA_eval/flac/LA_E_9872522.flac,11
/data/DATASETS/ASV_Spoof_2019_LA/ASVspoof2019_LA_eval/flac/LA_E_9875003.flac,11
/data/DATASETS/ASV_Spoof_2019_LA/ASVspoof2019_LA_eval/flac/LA_E_9875023.flac,11
/data/DATASETS/ASV_Spoof_2019_LA/ASVspoof2019_LA_eval/flac/LA_E_9876262.flac,11
/data/DATASETS/ASV_Spoof_2019_LA/ASVspoof2019_LA_eval/flac/LA_E_9876896.flac,11
/data/DATASETS/ASV_Spoof_2019_LA/ASVspoof2019_LA_eval/flac/LA_E_9877701.flac,11
/data/DATASETS/ASV_Spoof_2019_LA/ASVspoof2019_LA_eval/flac/LA_E_9879331.flac,11
/data/DATASETS/ASV_Spoof_2019_LA/ASVspoof2019_LA_eval/flac/LA_E_9879711.flac,11
/data/DATASETS/ASV_Spoof_2019_LA/ASVspoof2019_LA_eval/flac/LA_E_9879893.flac,11
/data/DATASETS/ASV_Spoof_2019_LA/ASVspoof2019_LA_eval/flac/LA_E_9880045.flac,11
/data/DATASETS/ASV_Spoof_2019_LA/ASVspoof2019_LA_eval/flac/LA_E_9880241.flac,11
/data/DATASETS/ASV_Spoof_2019_LA/ASVspoof2019_LA_eval/flac/LA_E_9882129.flac,11
/data/DATASETS/ASV_Spoof_2019_LA/ASVspoof2019_LA_eval/flac/LA_E_9882257.flac,11
/data/DATASETS/ASV_Spoof_2019_LA/ASVspoof2019_LA_eval/flac/LA_E_9883712.flac,11
/data/DATASETS/ASV_Spoof_2019_LA/ASVspoof2019_LA_eval/flac/LA_E_9884402.flac,11
/data/DATASETS/ASV_Spoof_2019_LA/ASVspoof2019_LA_eval/flac/LA_E_9885221.flac,11
/data/DATASETS/ASV_Spoof_2019_LA/ASVspoof2019_LA_eval/flac/LA_E_9885327.flac,11
/data/DATASETS/ASV_Spoof_2019_LA/ASVspoof2019_LA_eval/flac/LA_E_9887347.flac,11
/data/DATASETS/ASV_Spoof_2019_LA/ASVspoof2019_LA_eval/flac/LA_E_9889002.flac,11
/data/DATASETS/ASV_Spoof_2019_LA/ASVspoof2019_LA_eval/flac/LA_E_9890189.flac,11
/data/DATASETS/ASV_Spoof_2019_LA/ASVspoof2019_LA_eval/flac/LA_E_9890491.flac,11
/data/DATASETS/ASV_Spoof_2019_LA/ASVspoof2019_LA_eval/flac/LA_E_9891833.flac,11
/data/DATASETS/ASV_Spoof_2019_LA/ASVspoof2019_LA_eval/flac/LA_E_9893590.flac,11
/data/DATASETS/ASV_Spoof_2019_LA/ASVspoof2019_LA_eval/flac/LA_E_9893915.flac,11
/data/DATASETS/ASV_Spoof_2019_LA/ASVspoof2019_LA_eval/flac/LA_E_9896210.flac,11
/data/DATASETS/ASV_Spoof_2019_LA/ASVspoof2019_LA_eval/flac/LA_E_9899331.flac,11
/data/DATASETS/ASV_Spoof_2019_LA/ASVspoof2019_LA_eval/flac/LA_E_9900024.flac,11
/data/DATASETS/ASV_Spoof_2019_LA/ASVspoof2019_LA_eval/flac/LA_E_9904611.flac,11
/data/DATASETS/ASV_Spoof_2019_LA/ASVspoof2019_LA_eval/flac/LA_E_9913043.flac,11
/data/DATASETS/ASV_Spoof_2019_LA/ASVspoof2019_LA_eval/flac/LA_E_9915658.flac,11
/data/DATASETS/ASV_Spoof_2019_LA/ASVspoof2019_LA_eval/flac/LA_E_9917220.flac,11
/data/DATASETS/ASV_Spoof_2019_LA/ASVspoof2019_LA_eval/flac/LA_E_9918004.flac,11
/data/DATASETS/ASV_Spoof_2019_LA/ASVspoof2019_LA_eval/flac/LA_E_9921618.flac,11
/data/DATASETS/ASV_Spoof_2019_LA/ASVspoof2019_LA_eval/flac/LA_E_9922326.flac,11
/data/DATASETS/ASV_Spoof_2019_LA/ASVspoof2019_LA_eval/flac/LA_E_9923053.flac,11
/data/DATASETS/ASV_Spoof_2019_LA/ASVspoof2019_LA_eval/flac/LA_E_9924314.flac,11
/data/DATASETS/ASV_Spoof_2019_LA/ASVspoof2019_LA_eval/flac/LA_E_9926470.flac,11
/data/DATASETS/ASV_Spoof_2019_LA/ASVspoof2019_LA_eval/flac/LA_E_9927880.flac,11
/data/DATASETS/ASV_Spoof_2019_LA/ASVspoof2019_LA_eval/flac/LA_E_9929967.flac,11
/data/DATASETS/ASV_Spoof_2019_LA/ASVspoof2019_LA_eval/flac/LA_E_9930734.flac,11
/data/DATASETS/ASV_Spoof_2019_LA/ASVspoof2019_LA_eval/flac/LA_E_9936415.flac,11
/data/DATASETS/ASV_Spoof_2019_LA/ASVspoof2019_LA_eval/flac/LA_E_9936791.flac,11
/data/DATASETS/ASV_Spoof_2019_LA/ASVspoof2019_LA_eval/flac/LA_E_9936973.flac,11
/data/DATASETS/ASV_Spoof_2019_LA/ASVspoof2019_LA_eval/flac/LA_E_9944052.flac,11
/data/DATASETS/ASV_Spoof_2019_LA/ASVspoof2019_LA_eval/flac/LA_E_9946608.flac,11
/data/DATASETS/ASV_Spoof_2019_LA/ASVspoof2019_LA_eval/flac/LA_E_9948171.flac,11
/data/DATASETS/ASV_Spoof_2019_LA/ASVspoof2019_LA_eval/flac/LA_E_9951096.flac,11
/data/DATASETS/ASV_Spoof_2019_LA/ASVspoof2019_LA_eval/flac/LA_E_9951536.flac,11
/data/DATASETS/ASV_Spoof_2019_LA/ASVspoof2019_LA_eval/flac/LA_E_9951941.flac,11
/data/DATASETS/ASV_Spoof_2019_LA/ASVspoof2019_LA_eval/flac/LA_E_9954039.flac,11
/data/DATASETS/ASV_Spoof_2019_LA/ASVspoof2019_LA_eval/flac/LA_E_9954343.flac,11
/data/DATASETS/ASV_Spoof_2019_LA/ASVspoof2019_LA_eval/flac/LA_E_9956332.flac,11
/data/DATASETS/ASV_Spoof_2019_LA/ASVspoof2019_LA_eval/flac/LA_E_9959554.flac,11
/data/DATASETS/ASV_Spoof_2019_LA/ASVspoof2019_LA_eval/flac/LA_E_9960430.flac,11
/data/DATASETS/ASV_Spoof_2019_LA/ASVspoof2019_LA_eval/flac/LA_E_9962476.flac,11
/data/DATASETS/ASV_Spoof_2019_LA/ASVspoof2019_LA_eval/flac/LA_E_9962552.flac,11
/data/DATASETS/ASV_Spoof_2019_LA/ASVspoof2019_LA_eval/flac/LA_E_9966013.flac,11
/data/DATASETS/ASV_Spoof_2019_LA/ASVspoof2019_LA_eval/flac/LA_E_9972487.flac,11
/data/DATASETS/ASV_Spoof_2019_LA/ASVspoof2019_LA_eval/flac/LA_E_9975450.flac,11
/data/DATASETS/ASV_Spoof_2019_LA/ASVspoof2019_LA_eval/flac/LA_E_9979969.flac,11
/data/DATASETS/ASV_Spoof_2019_LA/ASVspoof2019_LA_eval/flac/LA_E_9982570.flac,11
/data/DATASETS/ASV_Spoof_2019_LA/ASVspoof2019_LA_eval/flac/LA_E_9984352.flac,11
/data/DATASETS/ASV_Spoof_2019_LA/ASVspoof2019_LA_eval/flac/LA_E_9984628.flac,11
/data/DATASETS/ASV_Spoof_2019_LA/ASVspoof2019_LA_eval/flac/LA_E_9985572.flac,11
/data/DATASETS/ASV_Spoof_2019_LA/ASVspoof2019_LA_eval/flac/LA_E_9986118.flac,11
/data/DATASETS/ASV_Spoof_2019_LA/ASVspoof2019_LA_eval/flac/LA_E_9986776.flac,11
/data/DATASETS/ASV_Spoof_2019_LA/ASVspoof2019_LA_eval/flac/LA_E_9988920.flac,11
/data/DATASETS/ASV_Spoof_2019_LA/ASVspoof2019_LA_eval/flac/LA_E_9992258.flac,11
/data/DATASETS/ASV_Spoof_2019_LA/ASVspoof2019_LA_eval/flac/LA_E_9994700.flac,11
/data/DATASETS/ASV_Spoof_2019_LA/ASVspoof2019_LA_eval/flac/LA_E_9996113.flac,11
/data/DATASETS/ASV_Spoof_2019_LA/ASVspoof2019_LA_eval/flac/LA_E_9996724.flac,11
/data/DATASETS/ASV_Spoof_2019_LA/ASVspoof2019_LA_eval/flac/LA_E_9998825.flac,11
/data/DATASETS/ASV_Spoof_2019_LA/ASVspoof2019_LA_eval/flac/LA_E_9998856.flac,11
/data/DATASETS/ASV_Spoof_2019_LA/ASVspoof2019_LA_eval/flac/LA_E_9998952.flac,11
